uniprot,protein_variant,am_pathogenicity,am_class,gene,resnum
Q96D53,M1A,0.2371,benign,ADCK4,1.0
Q96D53,M1C,0.2583,benign,ADCK4,1.0
Q96D53,M1D,0.5723,pathogenic,ADCK4,1.0
Q96D53,M1E,0.3455,ambiguous,ADCK4,1.0
Q96D53,M1F,0.1652,benign,ADCK4,1.0
Q96D53,M1G,0.2873,benign,ADCK4,1.0
Q96D53,M1H,0.3759,ambiguous,ADCK4,1.0
Q96D53,M1I,0.302,benign,ADCK4,1.0
Q96D53,M1K,0.2642,benign,ADCK4,1.0
Q96D53,M1L,0.11,benign,ADCK4,1.0
Q96D53,M1N,0.3888,ambiguous,ADCK4,1.0
Q96D53,M1P,0.2648,benign,ADCK4,1.0
Q96D53,M1Q,0.1552,benign,ADCK4,1.0
Q96D53,M1R,0.1808,benign,ADCK4,1.0
Q96D53,M1S,0.2439,benign,ADCK4,1.0
Q96D53,M1T,0.2525,benign,ADCK4,1.0
Q96D53,M1V,0.1064,benign,ADCK4,1.0
Q96D53,M1W,0.2398,benign,ADCK4,1.0
Q96D53,M1Y,0.3836,ambiguous,ADCK4,1.0
Q96D53,W2A,0.091,benign,ADCK4,2.0
Q96D53,W2C,0.2555,benign,ADCK4,2.0
Q96D53,W2D,0.2378,benign,ADCK4,2.0
Q96D53,W2E,0.2346,benign,ADCK4,2.0
Q96D53,W2F,0.0778,benign,ADCK4,2.0
Q96D53,W2G,0.0727,benign,ADCK4,2.0
Q96D53,W2H,0.3249,benign,ADCK4,2.0
Q96D53,W2I,0.16,benign,ADCK4,2.0
Q96D53,W2K,0.3486,ambiguous,ADCK4,2.0
Q96D53,W2L,0.0918,benign,ADCK4,2.0
Q96D53,W2M,0.2243,benign,ADCK4,2.0
Q96D53,W2N,0.2573,benign,ADCK4,2.0
Q96D53,W2P,0.2538,benign,ADCK4,2.0
Q96D53,W2Q,0.3432,ambiguous,ADCK4,2.0
Q96D53,W2R,0.3251,benign,ADCK4,2.0
Q96D53,W2S,0.1247,benign,ADCK4,2.0
Q96D53,W2T,0.1175,benign,ADCK4,2.0
Q96D53,W2V,0.1416,benign,ADCK4,2.0
Q96D53,W2Y,0.1994,benign,ADCK4,2.0
Q96D53,L3A,0.1154,benign,ADCK4,3.0
Q96D53,L3C,0.2423,benign,ADCK4,3.0
Q96D53,L3D,0.2679,benign,ADCK4,3.0
Q96D53,L3E,0.0953,benign,ADCK4,3.0
Q96D53,L3F,0.1066,benign,ADCK4,3.0
Q96D53,L3G,0.1223,benign,ADCK4,3.0
Q96D53,L3H,0.1585,benign,ADCK4,3.0
Q96D53,L3I,0.1192,benign,ADCK4,3.0
Q96D53,L3K,0.0913,benign,ADCK4,3.0
Q96D53,L3M,0.1085,benign,ADCK4,3.0
Q96D53,L3N,0.1878,benign,ADCK4,3.0
Q96D53,L3P,0.1219,benign,ADCK4,3.0
Q96D53,L3Q,0.0687,benign,ADCK4,3.0
Q96D53,L3R,0.0685,benign,ADCK4,3.0
Q96D53,L3S,0.1568,benign,ADCK4,3.0
Q96D53,L3T,0.1391,benign,ADCK4,3.0
Q96D53,L3V,0.0982,benign,ADCK4,3.0
Q96D53,L3W,0.0907,benign,ADCK4,3.0
Q96D53,L3Y,0.238,benign,ADCK4,3.0
Q96D53,K4A,0.0856,benign,ADCK4,4.0
Q96D53,K4C,0.3172,benign,ADCK4,4.0
Q96D53,K4D,0.1356,benign,ADCK4,4.0
Q96D53,K4E,0.0463,benign,ADCK4,4.0
Q96D53,K4F,0.3748,ambiguous,ADCK4,4.0
Q96D53,K4G,0.099,benign,ADCK4,4.0
Q96D53,K4H,0.1292,benign,ADCK4,4.0
Q96D53,K4I,0.234,benign,ADCK4,4.0
Q96D53,K4L,0.1621,benign,ADCK4,4.0
Q96D53,K4M,0.1986,benign,ADCK4,4.0
Q96D53,K4N,0.1635,benign,ADCK4,4.0
Q96D53,K4P,0.1179,benign,ADCK4,4.0
Q96D53,K4Q,0.0639,benign,ADCK4,4.0
Q96D53,K4R,0.0614,benign,ADCK4,4.0
Q96D53,K4S,0.1287,benign,ADCK4,4.0
Q96D53,K4T,0.0851,benign,ADCK4,4.0
Q96D53,K4V,0.171,benign,ADCK4,4.0
Q96D53,K4W,0.3956,ambiguous,ADCK4,4.0
Q96D53,K4Y,0.2975,benign,ADCK4,4.0
Q96D53,V5A,0.0655,benign,ADCK4,5.0
Q96D53,V5C,0.3986,ambiguous,ADCK4,5.0
Q96D53,V5D,0.1301,benign,ADCK4,5.0
Q96D53,V5E,0.1057,benign,ADCK4,5.0
Q96D53,V5F,0.0936,benign,ADCK4,5.0
Q96D53,V5G,0.0631,benign,ADCK4,5.0
Q96D53,V5H,0.2774,benign,ADCK4,5.0
Q96D53,V5I,0.0997,benign,ADCK4,5.0
Q96D53,V5K,0.1663,benign,ADCK4,5.0
Q96D53,V5L,0.1121,benign,ADCK4,5.0
Q96D53,V5M,0.1343,benign,ADCK4,5.0
Q96D53,V5N,0.1771,benign,ADCK4,5.0
Q96D53,V5P,0.1396,benign,ADCK4,5.0
Q96D53,V5Q,0.171,benign,ADCK4,5.0
Q96D53,V5R,0.1188,benign,ADCK4,5.0
Q96D53,V5S,0.1046,benign,ADCK4,5.0
Q96D53,V5T,0.102,benign,ADCK4,5.0
Q96D53,V5W,0.2529,benign,ADCK4,5.0
Q96D53,V5Y,0.2745,benign,ADCK4,5.0
Q96D53,G6A,0.0757,benign,ADCK4,6.0
Q96D53,G6C,0.1309,benign,ADCK4,6.0
Q96D53,G6D,0.1274,benign,ADCK4,6.0
Q96D53,G6E,0.1033,benign,ADCK4,6.0
Q96D53,G6F,0.2388,benign,ADCK4,6.0
Q96D53,G6H,0.2326,benign,ADCK4,6.0
Q96D53,G6I,0.1637,benign,ADCK4,6.0
Q96D53,G6K,0.2318,benign,ADCK4,6.0
Q96D53,G6L,0.1848,benign,ADCK4,6.0
Q96D53,G6M,0.2666,benign,ADCK4,6.0
Q96D53,G6N,0.2313,benign,ADCK4,6.0
Q96D53,G6P,0.2442,benign,ADCK4,6.0
Q96D53,G6Q,0.1898,benign,ADCK4,6.0
Q96D53,G6R,0.1477,benign,ADCK4,6.0
Q96D53,G6S,0.1061,benign,ADCK4,6.0
Q96D53,G6T,0.1069,benign,ADCK4,6.0
Q96D53,G6V,0.1093,benign,ADCK4,6.0
Q96D53,G6W,0.1356,benign,ADCK4,6.0
Q96D53,G6Y,0.2324,benign,ADCK4,6.0
Q96D53,G7A,0.0724,benign,ADCK4,7.0
Q96D53,G7C,0.0992,benign,ADCK4,7.0
Q96D53,G7D,0.087,benign,ADCK4,7.0
Q96D53,G7E,0.0916,benign,ADCK4,7.0
Q96D53,G7F,0.1626,benign,ADCK4,7.0
Q96D53,G7H,0.1493,benign,ADCK4,7.0
Q96D53,G7I,0.1267,benign,ADCK4,7.0
Q96D53,G7K,0.1792,benign,ADCK4,7.0
Q96D53,G7L,0.1344,benign,ADCK4,7.0
Q96D53,G7M,0.2005,benign,ADCK4,7.0
Q96D53,G7N,0.1445,benign,ADCK4,7.0
Q96D53,G7P,0.2012,benign,ADCK4,7.0
Q96D53,G7Q,0.1464,benign,ADCK4,7.0
Q96D53,G7R,0.1222,benign,ADCK4,7.0
Q96D53,G7S,0.0868,benign,ADCK4,7.0
Q96D53,G7T,0.0939,benign,ADCK4,7.0
Q96D53,G7V,0.0886,benign,ADCK4,7.0
Q96D53,G7W,0.1105,benign,ADCK4,7.0
Q96D53,G7Y,0.1411,benign,ADCK4,7.0
Q96D53,L8A,0.0865,benign,ADCK4,8.0
Q96D53,L8C,0.1627,benign,ADCK4,8.0
Q96D53,L8D,0.2076,benign,ADCK4,8.0
Q96D53,L8E,0.1346,benign,ADCK4,8.0
Q96D53,L8F,0.0628,benign,ADCK4,8.0
Q96D53,L8G,0.1167,benign,ADCK4,8.0
Q96D53,L8H,0.1143,benign,ADCK4,8.0
Q96D53,L8I,0.0776,benign,ADCK4,8.0
Q96D53,L8K,0.1243,benign,ADCK4,8.0
Q96D53,L8M,0.091,benign,ADCK4,8.0
Q96D53,L8N,0.1572,benign,ADCK4,8.0
Q96D53,L8P,0.0904,benign,ADCK4,8.0
Q96D53,L8Q,0.0866,benign,ADCK4,8.0
Q96D53,L8R,0.0743,benign,ADCK4,8.0
Q96D53,L8S,0.1016,benign,ADCK4,8.0
Q96D53,L8T,0.1058,benign,ADCK4,8.0
Q96D53,L8V,0.0718,benign,ADCK4,8.0
Q96D53,L8W,0.0732,benign,ADCK4,8.0
Q96D53,L8Y,0.1449,benign,ADCK4,8.0
Q96D53,L9A,0.1024,benign,ADCK4,9.0
Q96D53,L9C,0.1838,benign,ADCK4,9.0
Q96D53,L9D,0.2921,benign,ADCK4,9.0
Q96D53,L9E,0.1411,benign,ADCK4,9.0
Q96D53,L9F,0.0691,benign,ADCK4,9.0
Q96D53,L9G,0.1259,benign,ADCK4,9.0
Q96D53,L9H,0.1318,benign,ADCK4,9.0
Q96D53,L9I,0.1013,benign,ADCK4,9.0
Q96D53,L9K,0.1379,benign,ADCK4,9.0
Q96D53,L9M,0.1215,benign,ADCK4,9.0
Q96D53,L9N,0.2401,benign,ADCK4,9.0
Q96D53,L9P,0.0782,benign,ADCK4,9.0
Q96D53,L9Q,0.0809,benign,ADCK4,9.0
Q96D53,L9R,0.0695,benign,ADCK4,9.0
Q96D53,L9S,0.1233,benign,ADCK4,9.0
Q96D53,L9T,0.1402,benign,ADCK4,9.0
Q96D53,L9V,0.0873,benign,ADCK4,9.0
Q96D53,L9W,0.0658,benign,ADCK4,9.0
Q96D53,L9Y,0.1849,benign,ADCK4,9.0
Q96D53,R10A,0.1018,benign,ADCK4,10.0
Q96D53,R10C,0.1444,benign,ADCK4,10.0
Q96D53,R10D,0.2046,benign,ADCK4,10.0
Q96D53,R10E,0.1229,benign,ADCK4,10.0
Q96D53,R10F,0.2151,benign,ADCK4,10.0
Q96D53,R10G,0.0654,benign,ADCK4,10.0
Q96D53,R10H,0.113,benign,ADCK4,10.0
Q96D53,R10I,0.1664,benign,ADCK4,10.0
Q96D53,R10K,0.1063,benign,ADCK4,10.0
Q96D53,R10L,0.0998,benign,ADCK4,10.0
Q96D53,R10M,0.2032,benign,ADCK4,10.0
Q96D53,R10N,0.2555,benign,ADCK4,10.0
Q96D53,R10P,0.0901,benign,ADCK4,10.0
Q96D53,R10Q,0.091,benign,ADCK4,10.0
Q96D53,R10S,0.1574,benign,ADCK4,10.0
Q96D53,R10T,0.1158,benign,ADCK4,10.0
Q96D53,R10V,0.1603,benign,ADCK4,10.0
Q96D53,R10W,0.1046,benign,ADCK4,10.0
Q96D53,R10Y,0.2125,benign,ADCK4,10.0
Q96D53,G11A,0.0826,benign,ADCK4,11.0
Q96D53,G11C,0.1218,benign,ADCK4,11.0
Q96D53,G11D,0.0889,benign,ADCK4,11.0
Q96D53,G11E,0.0826,benign,ADCK4,11.0
Q96D53,G11F,0.2151,benign,ADCK4,11.0
Q96D53,G11H,0.1588,benign,ADCK4,11.0
Q96D53,G11I,0.1524,benign,ADCK4,11.0
Q96D53,G11K,0.1517,benign,ADCK4,11.0
Q96D53,G11L,0.1698,benign,ADCK4,11.0
Q96D53,G11M,0.2233,benign,ADCK4,11.0
Q96D53,G11N,0.153,benign,ADCK4,11.0
Q96D53,G11P,0.226,benign,ADCK4,11.0
Q96D53,G11Q,0.1331,benign,ADCK4,11.0
Q96D53,G11R,0.11,benign,ADCK4,11.0
Q96D53,G11S,0.1011,benign,ADCK4,11.0
Q96D53,G11T,0.1058,benign,ADCK4,11.0
Q96D53,G11V,0.0984,benign,ADCK4,11.0
Q96D53,G11W,0.1285,benign,ADCK4,11.0
Q96D53,G11Y,0.1591,benign,ADCK4,11.0
Q96D53,T12A,0.0581,benign,ADCK4,12.0
Q96D53,T12C,0.1577,benign,ADCK4,12.0
Q96D53,T12D,0.1361,benign,ADCK4,12.0
Q96D53,T12E,0.1156,benign,ADCK4,12.0
Q96D53,T12F,0.1111,benign,ADCK4,12.0
Q96D53,T12G,0.0805,benign,ADCK4,12.0
Q96D53,T12H,0.1123,benign,ADCK4,12.0
Q96D53,T12I,0.1027,benign,ADCK4,12.0
Q96D53,T12K,0.1032,benign,ADCK4,12.0
Q96D53,T12L,0.0889,benign,ADCK4,12.0
Q96D53,T12M,0.0989,benign,ADCK4,12.0
Q96D53,T12N,0.0944,benign,ADCK4,12.0
Q96D53,T12P,0.0639,benign,ADCK4,12.0
Q96D53,T12Q,0.1016,benign,ADCK4,12.0
Q96D53,T12R,0.0682,benign,ADCK4,12.0
Q96D53,T12S,0.0766,benign,ADCK4,12.0
Q96D53,T12V,0.0965,benign,ADCK4,12.0
Q96D53,T12W,0.1554,benign,ADCK4,12.0
Q96D53,T12Y,0.1313,benign,ADCK4,12.0
Q96D53,G13A,0.068,benign,ADCK4,13.0
Q96D53,G13C,0.0914,benign,ADCK4,13.0
Q96D53,G13D,0.085,benign,ADCK4,13.0
Q96D53,G13E,0.0797,benign,ADCK4,13.0
Q96D53,G13F,0.1582,benign,ADCK4,13.0
Q96D53,G13H,0.1212,benign,ADCK4,13.0
Q96D53,G13I,0.122,benign,ADCK4,13.0
Q96D53,G13K,0.1228,benign,ADCK4,13.0
Q96D53,G13L,0.1263,benign,ADCK4,13.0
Q96D53,G13M,0.1869,benign,ADCK4,13.0
Q96D53,G13N,0.138,benign,ADCK4,13.0
Q96D53,G13P,0.1438,benign,ADCK4,13.0
Q96D53,G13Q,0.1019,benign,ADCK4,13.0
Q96D53,G13R,0.0759,benign,ADCK4,13.0
Q96D53,G13S,0.0868,benign,ADCK4,13.0
Q96D53,G13T,0.0869,benign,ADCK4,13.0
Q96D53,G13V,0.0874,benign,ADCK4,13.0
Q96D53,G13W,0.0913,benign,ADCK4,13.0
Q96D53,G13Y,0.1372,benign,ADCK4,13.0
Q96D53,G14A,0.0839,benign,ADCK4,14.0
Q96D53,G14C,0.103,benign,ADCK4,14.0
Q96D53,G14D,0.0937,benign,ADCK4,14.0
Q96D53,G14E,0.0836,benign,ADCK4,14.0
Q96D53,G14F,0.1764,benign,ADCK4,14.0
Q96D53,G14H,0.1398,benign,ADCK4,14.0
Q96D53,G14I,0.1358,benign,ADCK4,14.0
Q96D53,G14K,0.1492,benign,ADCK4,14.0
Q96D53,G14L,0.1392,benign,ADCK4,14.0
Q96D53,G14M,0.2142,benign,ADCK4,14.0
Q96D53,G14N,0.16,benign,ADCK4,14.0
Q96D53,G14P,0.2067,benign,ADCK4,14.0
Q96D53,G14Q,0.1162,benign,ADCK4,14.0
Q96D53,G14R,0.0935,benign,ADCK4,14.0
Q96D53,G14S,0.0889,benign,ADCK4,14.0
Q96D53,G14T,0.1014,benign,ADCK4,14.0
Q96D53,G14V,0.0931,benign,ADCK4,14.0
Q96D53,G14W,0.1019,benign,ADCK4,14.0
Q96D53,G14Y,0.1501,benign,ADCK4,14.0
Q96D53,Q15A,0.0767,benign,ADCK4,15.0
Q96D53,Q15C,0.1929,benign,ADCK4,15.0
Q96D53,Q15D,0.1276,benign,ADCK4,15.0
Q96D53,Q15E,0.0801,benign,ADCK4,15.0
Q96D53,Q15F,0.1972,benign,ADCK4,15.0
Q96D53,Q15G,0.083,benign,ADCK4,15.0
Q96D53,Q15H,0.0881,benign,ADCK4,15.0
Q96D53,Q15I,0.1537,benign,ADCK4,15.0
Q96D53,Q15K,0.09,benign,ADCK4,15.0
Q96D53,Q15L,0.0801,benign,ADCK4,15.0
Q96D53,Q15M,0.193,benign,ADCK4,15.0
Q96D53,Q15N,0.1349,benign,ADCK4,15.0
Q96D53,Q15P,0.0551,benign,ADCK4,15.0
Q96D53,Q15R,0.0601,benign,ADCK4,15.0
Q96D53,Q15S,0.0811,benign,ADCK4,15.0
Q96D53,Q15T,0.0938,benign,ADCK4,15.0
Q96D53,Q15V,0.1116,benign,ADCK4,15.0
Q96D53,Q15W,0.1335,benign,ADCK4,15.0
Q96D53,Q15Y,0.1616,benign,ADCK4,15.0
Q96D53,L16A,0.0573,benign,ADCK4,16.0
Q96D53,L16C,0.1577,benign,ADCK4,16.0
Q96D53,L16D,0.1576,benign,ADCK4,16.0
Q96D53,L16E,0.0915,benign,ADCK4,16.0
Q96D53,L16F,0.0766,benign,ADCK4,16.0
Q96D53,L16G,0.0865,benign,ADCK4,16.0
Q96D53,L16H,0.087,benign,ADCK4,16.0
Q96D53,L16I,0.0856,benign,ADCK4,16.0
Q96D53,L16K,0.0887,benign,ADCK4,16.0
Q96D53,L16M,0.0881,benign,ADCK4,16.0
Q96D53,L16N,0.1413,benign,ADCK4,16.0
Q96D53,L16P,0.0515,benign,ADCK4,16.0
Q96D53,L16Q,0.0588,benign,ADCK4,16.0
Q96D53,L16R,0.0515,benign,ADCK4,16.0
Q96D53,L16S,0.087,benign,ADCK4,16.0
Q96D53,L16T,0.0714,benign,ADCK4,16.0
Q96D53,L16V,0.0667,benign,ADCK4,16.0
Q96D53,L16W,0.0581,benign,ADCK4,16.0
Q96D53,L16Y,0.1413,benign,ADCK4,16.0
Q96D53,G17A,0.0915,benign,ADCK4,17.0
Q96D53,G17C,0.1154,benign,ADCK4,17.0
Q96D53,G17D,0.115,benign,ADCK4,17.0
Q96D53,G17E,0.0983,benign,ADCK4,17.0
Q96D53,G17F,0.2306,benign,ADCK4,17.0
Q96D53,G17H,0.1636,benign,ADCK4,17.0
Q96D53,G17I,0.1714,benign,ADCK4,17.0
Q96D53,G17K,0.2012,benign,ADCK4,17.0
Q96D53,G17L,0.1573,benign,ADCK4,17.0
Q96D53,G17M,0.2895,benign,ADCK4,17.0
Q96D53,G17N,0.2173,benign,ADCK4,17.0
Q96D53,G17P,0.1926,benign,ADCK4,17.0
Q96D53,G17Q,0.1406,benign,ADCK4,17.0
Q96D53,G17R,0.115,benign,ADCK4,17.0
Q96D53,G17S,0.1039,benign,ADCK4,17.0
Q96D53,G17T,0.1264,benign,ADCK4,17.0
Q96D53,G17V,0.1135,benign,ADCK4,17.0
Q96D53,G17W,0.1163,benign,ADCK4,17.0
Q96D53,G17Y,0.187,benign,ADCK4,17.0
Q96D53,Q18A,0.0831,benign,ADCK4,18.0
Q96D53,Q18C,0.1839,benign,ADCK4,18.0
Q96D53,Q18D,0.1274,benign,ADCK4,18.0
Q96D53,Q18E,0.0703,benign,ADCK4,18.0
Q96D53,Q18F,0.2322,benign,ADCK4,18.0
Q96D53,Q18G,0.0706,benign,ADCK4,18.0
Q96D53,Q18H,0.0944,benign,ADCK4,18.0
Q96D53,Q18I,0.1876,benign,ADCK4,18.0
Q96D53,Q18K,0.0796,benign,ADCK4,18.0
Q96D53,Q18L,0.0842,benign,ADCK4,18.0
Q96D53,Q18M,0.1916,benign,ADCK4,18.0
Q96D53,Q18N,0.1411,benign,ADCK4,18.0
Q96D53,Q18P,0.0547,benign,ADCK4,18.0
Q96D53,Q18R,0.0557,benign,ADCK4,18.0
Q96D53,Q18S,0.0948,benign,ADCK4,18.0
Q96D53,Q18T,0.0968,benign,ADCK4,18.0
Q96D53,Q18V,0.1261,benign,ADCK4,18.0
Q96D53,Q18W,0.1113,benign,ADCK4,18.0
Q96D53,Q18Y,0.1649,benign,ADCK4,18.0
Q96D53,T19A,0.0549,benign,ADCK4,19.0
Q96D53,T19C,0.2093,benign,ADCK4,19.0
Q96D53,T19D,0.1361,benign,ADCK4,19.0
Q96D53,T19E,0.1118,benign,ADCK4,19.0
Q96D53,T19F,0.132,benign,ADCK4,19.0
Q96D53,T19G,0.0908,benign,ADCK4,19.0
Q96D53,T19H,0.1177,benign,ADCK4,19.0
Q96D53,T19I,0.1043,benign,ADCK4,19.0
Q96D53,T19K,0.0985,benign,ADCK4,19.0
Q96D53,T19L,0.0885,benign,ADCK4,19.0
Q96D53,T19M,0.087,benign,ADCK4,19.0
Q96D53,T19N,0.0945,benign,ADCK4,19.0
Q96D53,T19P,0.0598,benign,ADCK4,19.0
Q96D53,T19Q,0.11,benign,ADCK4,19.0
Q96D53,T19R,0.0747,benign,ADCK4,19.0
Q96D53,T19S,0.082,benign,ADCK4,19.0
Q96D53,T19V,0.0853,benign,ADCK4,19.0
Q96D53,T19W,0.195,benign,ADCK4,19.0
Q96D53,T19Y,0.1423,benign,ADCK4,19.0
Q96D53,V20A,0.0553,benign,ADCK4,20.0
Q96D53,V20C,0.2798,benign,ADCK4,20.0
Q96D53,V20D,0.1116,benign,ADCK4,20.0
Q96D53,V20E,0.0935,benign,ADCK4,20.0
Q96D53,V20F,0.0841,benign,ADCK4,20.0
Q96D53,V20G,0.0559,benign,ADCK4,20.0
Q96D53,V20H,0.1798,benign,ADCK4,20.0
Q96D53,V20I,0.0888,benign,ADCK4,20.0
Q96D53,V20K,0.1201,benign,ADCK4,20.0
Q96D53,V20L,0.0877,benign,ADCK4,20.0
Q96D53,V20M,0.1039,benign,ADCK4,20.0
Q96D53,V20N,0.1456,benign,ADCK4,20.0
Q96D53,V20P,0.0903,benign,ADCK4,20.0
Q96D53,V20Q,0.1108,benign,ADCK4,20.0
Q96D53,V20R,0.0716,benign,ADCK4,20.0
Q96D53,V20S,0.0863,benign,ADCK4,20.0
Q96D53,V20T,0.0883,benign,ADCK4,20.0
Q96D53,V20W,0.197,benign,ADCK4,20.0
Q96D53,V20Y,0.2205,benign,ADCK4,20.0
Q96D53,G21A,0.0784,benign,ADCK4,21.0
Q96D53,G21C,0.1102,benign,ADCK4,21.0
Q96D53,G21D,0.1053,benign,ADCK4,21.0
Q96D53,G21E,0.1066,benign,ADCK4,21.0
Q96D53,G21F,0.1989,benign,ADCK4,21.0
Q96D53,G21H,0.1482,benign,ADCK4,21.0
Q96D53,G21I,0.1365,benign,ADCK4,21.0
Q96D53,G21K,0.1994,benign,ADCK4,21.0
Q96D53,G21L,0.1421,benign,ADCK4,21.0
Q96D53,G21M,0.2524,benign,ADCK4,21.0
Q96D53,G21N,0.1894,benign,ADCK4,21.0
Q96D53,G21P,0.1719,benign,ADCK4,21.0
Q96D53,G21Q,0.1427,benign,ADCK4,21.0
Q96D53,G21R,0.1035,benign,ADCK4,21.0
Q96D53,G21S,0.0944,benign,ADCK4,21.0
Q96D53,G21T,0.104,benign,ADCK4,21.0
Q96D53,G21V,0.0943,benign,ADCK4,21.0
Q96D53,G21W,0.1123,benign,ADCK4,21.0
Q96D53,G21Y,0.1658,benign,ADCK4,21.0
Q96D53,W22A,0.0738,benign,ADCK4,22.0
Q96D53,W22C,0.1483,benign,ADCK4,22.0
Q96D53,W22D,0.1629,benign,ADCK4,22.0
Q96D53,W22E,0.1263,benign,ADCK4,22.0
Q96D53,W22F,0.0737,benign,ADCK4,22.0
Q96D53,W22G,0.0577,benign,ADCK4,22.0
Q96D53,W22H,0.1242,benign,ADCK4,22.0
Q96D53,W22I,0.0876,benign,ADCK4,22.0
Q96D53,W22K,0.1433,benign,ADCK4,22.0
Q96D53,W22L,0.0579,benign,ADCK4,22.0
Q96D53,W22M,0.1242,benign,ADCK4,22.0
Q96D53,W22N,0.1737,benign,ADCK4,22.0
Q96D53,W22P,0.1229,benign,ADCK4,22.0
Q96D53,W22Q,0.1162,benign,ADCK4,22.0
Q96D53,W22R,0.0933,benign,ADCK4,22.0
Q96D53,W22S,0.0803,benign,ADCK4,22.0
Q96D53,W22T,0.0886,benign,ADCK4,22.0
Q96D53,W22V,0.0715,benign,ADCK4,22.0
Q96D53,W22Y,0.1421,benign,ADCK4,22.0
Q96D53,P23A,0.0671,benign,ADCK4,23.0
Q96D53,P23C,0.1666,benign,ADCK4,23.0
Q96D53,P23D,0.1608,benign,ADCK4,23.0
Q96D53,P23E,0.1327,benign,ADCK4,23.0
Q96D53,P23F,0.1587,benign,ADCK4,23.0
Q96D53,P23G,0.0997,benign,ADCK4,23.0
Q96D53,P23H,0.0826,benign,ADCK4,23.0
Q96D53,P23I,0.15,benign,ADCK4,23.0
Q96D53,P23K,0.1482,benign,ADCK4,23.0
Q96D53,P23L,0.0827,benign,ADCK4,23.0
Q96D53,P23M,0.2125,benign,ADCK4,23.0
Q96D53,P23N,0.16,benign,ADCK4,23.0
Q96D53,P23Q,0.0849,benign,ADCK4,23.0
Q96D53,P23R,0.0674,benign,ADCK4,23.0
Q96D53,P23S,0.0782,benign,ADCK4,23.0
Q96D53,P23T,0.0855,benign,ADCK4,23.0
Q96D53,P23V,0.1131,benign,ADCK4,23.0
Q96D53,P23W,0.156,benign,ADCK4,23.0
Q96D53,P23Y,0.1545,benign,ADCK4,23.0
Q96D53,C24A,0.0845,benign,ADCK4,24.0
Q96D53,C24D,0.1343,benign,ADCK4,24.0
Q96D53,C24E,0.1647,benign,ADCK4,24.0
Q96D53,C24F,0.0836,benign,ADCK4,24.0
Q96D53,C24G,0.0507,benign,ADCK4,24.0
Q96D53,C24H,0.1236,benign,ADCK4,24.0
Q96D53,C24I,0.1994,benign,ADCK4,24.0
Q96D53,C24K,0.1949,benign,ADCK4,24.0
Q96D53,C24L,0.1333,benign,ADCK4,24.0
Q96D53,C24M,0.2818,benign,ADCK4,24.0
Q96D53,C24N,0.168,benign,ADCK4,24.0
Q96D53,C24P,0.1029,benign,ADCK4,24.0
Q96D53,C24Q,0.1319,benign,ADCK4,24.0
Q96D53,C24R,0.0744,benign,ADCK4,24.0
Q96D53,C24S,0.0914,benign,ADCK4,24.0
Q96D53,C24T,0.1458,benign,ADCK4,24.0
Q96D53,C24V,0.1453,benign,ADCK4,24.0
Q96D53,C24W,0.1015,benign,ADCK4,24.0
Q96D53,C24Y,0.1034,benign,ADCK4,24.0
Q96D53,G25A,0.0752,benign,ADCK4,25.0
Q96D53,G25C,0.1088,benign,ADCK4,25.0
Q96D53,G25D,0.1048,benign,ADCK4,25.0
Q96D53,G25E,0.099,benign,ADCK4,25.0
Q96D53,G25F,0.2068,benign,ADCK4,25.0
Q96D53,G25H,0.144,benign,ADCK4,25.0
Q96D53,G25I,0.161,benign,ADCK4,25.0
Q96D53,G25K,0.1746,benign,ADCK4,25.0
Q96D53,G25L,0.147,benign,ADCK4,25.0
Q96D53,G25M,0.2433,benign,ADCK4,25.0
Q96D53,G25N,0.1988,benign,ADCK4,25.0
Q96D53,G25P,0.1761,benign,ADCK4,25.0
Q96D53,G25Q,0.1366,benign,ADCK4,25.0
Q96D53,G25R,0.0929,benign,ADCK4,25.0
Q96D53,G25S,0.0918,benign,ADCK4,25.0
Q96D53,G25T,0.1025,benign,ADCK4,25.0
Q96D53,G25V,0.0999,benign,ADCK4,25.0
Q96D53,G25W,0.114,benign,ADCK4,25.0
Q96D53,G25Y,0.1699,benign,ADCK4,25.0
Q96D53,A26C,0.1805,benign,ADCK4,26.0
Q96D53,A26D,0.0988,benign,ADCK4,26.0
Q96D53,A26E,0.1097,benign,ADCK4,26.0
Q96D53,A26F,0.1125,benign,ADCK4,26.0
Q96D53,A26G,0.0688,benign,ADCK4,26.0
Q96D53,A26H,0.1496,benign,ADCK4,26.0
Q96D53,A26I,0.1291,benign,ADCK4,26.0
Q96D53,A26K,0.1666,benign,ADCK4,26.0
Q96D53,A26L,0.0877,benign,ADCK4,26.0
Q96D53,A26M,0.146,benign,ADCK4,26.0
Q96D53,A26N,0.1371,benign,ADCK4,26.0
Q96D53,A26P,0.0668,benign,ADCK4,26.0
Q96D53,A26Q,0.1358,benign,ADCK4,26.0
Q96D53,A26R,0.1068,benign,ADCK4,26.0
Q96D53,A26S,0.0781,benign,ADCK4,26.0
Q96D53,A26T,0.0758,benign,ADCK4,26.0
Q96D53,A26V,0.0807,benign,ADCK4,26.0
Q96D53,A26W,0.191,benign,ADCK4,26.0
Q96D53,A26Y,0.1509,benign,ADCK4,26.0
Q96D53,L27A,0.0588,benign,ADCK4,27.0
Q96D53,L27C,0.1686,benign,ADCK4,27.0
Q96D53,L27D,0.1842,benign,ADCK4,27.0
Q96D53,L27E,0.1006,benign,ADCK4,27.0
Q96D53,L27F,0.0691,benign,ADCK4,27.0
Q96D53,L27G,0.0918,benign,ADCK4,27.0
Q96D53,L27H,0.0986,benign,ADCK4,27.0
Q96D53,L27I,0.0963,benign,ADCK4,27.0
Q96D53,L27K,0.1075,benign,ADCK4,27.0
Q96D53,L27M,0.1,benign,ADCK4,27.0
Q96D53,L27N,0.1664,benign,ADCK4,27.0
Q96D53,L27P,0.0473,benign,ADCK4,27.0
Q96D53,L27Q,0.0653,benign,ADCK4,27.0
Q96D53,L27R,0.0547,benign,ADCK4,27.0
Q96D53,L27S,0.0799,benign,ADCK4,27.0
Q96D53,L27T,0.0809,benign,ADCK4,27.0
Q96D53,L27V,0.072,benign,ADCK4,27.0
Q96D53,L27W,0.0597,benign,ADCK4,27.0
Q96D53,L27Y,0.1628,benign,ADCK4,27.0
Q96D53,G28A,0.0857,benign,ADCK4,28.0
Q96D53,G28C,0.1102,benign,ADCK4,28.0
Q96D53,G28D,0.106,benign,ADCK4,28.0
Q96D53,G28E,0.0912,benign,ADCK4,28.0
Q96D53,G28F,0.191,benign,ADCK4,28.0
Q96D53,G28H,0.149,benign,ADCK4,28.0
Q96D53,G28I,0.1381,benign,ADCK4,28.0
Q96D53,G28K,0.1815,benign,ADCK4,28.0
Q96D53,G28L,0.1401,benign,ADCK4,28.0
Q96D53,G28M,0.2345,benign,ADCK4,28.0
Q96D53,G28N,0.2037,benign,ADCK4,28.0
Q96D53,G28P,0.1814,benign,ADCK4,28.0
Q96D53,G28Q,0.1396,benign,ADCK4,28.0
Q96D53,G28R,0.1111,benign,ADCK4,28.0
Q96D53,G28S,0.1038,benign,ADCK4,28.0
Q96D53,G28T,0.1119,benign,ADCK4,28.0
Q96D53,G28V,0.0932,benign,ADCK4,28.0
Q96D53,G28W,0.1112,benign,ADCK4,28.0
Q96D53,G28Y,0.1569,benign,ADCK4,28.0
Q96D53,P29A,0.0593,benign,ADCK4,29.0
Q96D53,P29C,0.1684,benign,ADCK4,29.0
Q96D53,P29D,0.1533,benign,ADCK4,29.0
Q96D53,P29E,0.1124,benign,ADCK4,29.0
Q96D53,P29F,0.1599,benign,ADCK4,29.0
Q96D53,P29G,0.0947,benign,ADCK4,29.0
Q96D53,P29H,0.0873,benign,ADCK4,29.0
Q96D53,P29I,0.1589,benign,ADCK4,29.0
Q96D53,P29K,0.1219,benign,ADCK4,29.0
Q96D53,P29L,0.0832,benign,ADCK4,29.0
Q96D53,P29M,0.1803,benign,ADCK4,29.0
Q96D53,P29N,0.1681,benign,ADCK4,29.0
Q96D53,P29Q,0.0796,benign,ADCK4,29.0
Q96D53,P29R,0.0622,benign,ADCK4,29.0
Q96D53,P29S,0.0788,benign,ADCK4,29.0
Q96D53,P29T,0.0742,benign,ADCK4,29.0
Q96D53,P29V,0.1098,benign,ADCK4,29.0
Q96D53,P29W,0.1498,benign,ADCK4,29.0
Q96D53,P29Y,0.1685,benign,ADCK4,29.0
Q96D53,G30A,0.0761,benign,ADCK4,30.0
Q96D53,G30C,0.1028,benign,ADCK4,30.0
Q96D53,G30D,0.0949,benign,ADCK4,30.0
Q96D53,G30E,0.0826,benign,ADCK4,30.0
Q96D53,G30F,0.1772,benign,ADCK4,30.0
Q96D53,G30H,0.1315,benign,ADCK4,30.0
Q96D53,G30I,0.1286,benign,ADCK4,30.0
Q96D53,G30K,0.1319,benign,ADCK4,30.0
Q96D53,G30L,0.1292,benign,ADCK4,30.0
Q96D53,G30M,0.208,benign,ADCK4,30.0
Q96D53,G30N,0.1742,benign,ADCK4,30.0
Q96D53,G30P,0.1781,benign,ADCK4,30.0
Q96D53,G30Q,0.1134,benign,ADCK4,30.0
Q96D53,G30R,0.0838,benign,ADCK4,30.0
Q96D53,G30S,0.0952,benign,ADCK4,30.0
Q96D53,G30T,0.1019,benign,ADCK4,30.0
Q96D53,G30V,0.0866,benign,ADCK4,30.0
Q96D53,G30W,0.1069,benign,ADCK4,30.0
Q96D53,G30Y,0.1487,benign,ADCK4,30.0
Q96D53,P31A,0.0627,benign,ADCK4,31.0
Q96D53,P31C,0.1492,benign,ADCK4,31.0
Q96D53,P31D,0.1406,benign,ADCK4,31.0
Q96D53,P31E,0.1092,benign,ADCK4,31.0
Q96D53,P31F,0.1454,benign,ADCK4,31.0
Q96D53,P31G,0.0966,benign,ADCK4,31.0
Q96D53,P31H,0.0798,benign,ADCK4,31.0
Q96D53,P31I,0.1319,benign,ADCK4,31.0
Q96D53,P31K,0.1206,benign,ADCK4,31.0
Q96D53,P31L,0.0775,benign,ADCK4,31.0
Q96D53,P31M,0.1724,benign,ADCK4,31.0
Q96D53,P31N,0.1498,benign,ADCK4,31.0
Q96D53,P31Q,0.0749,benign,ADCK4,31.0
Q96D53,P31R,0.0603,benign,ADCK4,31.0
Q96D53,P31S,0.0734,benign,ADCK4,31.0
Q96D53,P31T,0.0749,benign,ADCK4,31.0
Q96D53,P31V,0.102,benign,ADCK4,31.0
Q96D53,P31W,0.139,benign,ADCK4,31.0
Q96D53,P31Y,0.1503,benign,ADCK4,31.0
Q96D53,H32A,0.0896,benign,ADCK4,32.0
Q96D53,H32C,0.0794,benign,ADCK4,32.0
Q96D53,H32D,0.0966,benign,ADCK4,32.0
Q96D53,H32E,0.1202,benign,ADCK4,32.0
Q96D53,H32F,0.1405,benign,ADCK4,32.0
Q96D53,H32G,0.0831,benign,ADCK4,32.0
Q96D53,H32I,0.1751,benign,ADCK4,32.0
Q96D53,H32K,0.1277,benign,ADCK4,32.0
Q96D53,H32L,0.0758,benign,ADCK4,32.0
Q96D53,H32M,0.2623,benign,ADCK4,32.0
Q96D53,H32N,0.0957,benign,ADCK4,32.0
Q96D53,H32P,0.0542,benign,ADCK4,32.0
Q96D53,H32Q,0.0858,benign,ADCK4,32.0
Q96D53,H32R,0.0586,benign,ADCK4,32.0
Q96D53,H32S,0.0846,benign,ADCK4,32.0
Q96D53,H32T,0.1256,benign,ADCK4,32.0
Q96D53,H32V,0.1241,benign,ADCK4,32.0
Q96D53,H32W,0.1145,benign,ADCK4,32.0
Q96D53,H32Y,0.072,benign,ADCK4,32.0
Q96D53,R33A,0.1027,benign,ADCK4,33.0
Q96D53,R33C,0.0838,benign,ADCK4,33.0
Q96D53,R33D,0.1563,benign,ADCK4,33.0
Q96D53,R33E,0.1372,benign,ADCK4,33.0
Q96D53,R33F,0.1422,benign,ADCK4,33.0
Q96D53,R33G,0.0581,benign,ADCK4,33.0
Q96D53,R33H,0.0766,benign,ADCK4,33.0
Q96D53,R33I,0.1141,benign,ADCK4,33.0
Q96D53,R33K,0.1287,benign,ADCK4,33.0
Q96D53,R33L,0.0805,benign,ADCK4,33.0
Q96D53,R33M,0.1784,benign,ADCK4,33.0
Q96D53,R33N,0.1907,benign,ADCK4,33.0
Q96D53,R33P,0.0873,benign,ADCK4,33.0
Q96D53,R33Q,0.0805,benign,ADCK4,33.0
Q96D53,R33S,0.1133,benign,ADCK4,33.0
Q96D53,R33T,0.1041,benign,ADCK4,33.0
Q96D53,R33V,0.1202,benign,ADCK4,33.0
Q96D53,R33W,0.061,benign,ADCK4,33.0
Q96D53,R33Y,0.1237,benign,ADCK4,33.0
Q96D53,W34A,0.1081,benign,ADCK4,34.0
Q96D53,W34C,0.2399,benign,ADCK4,34.0
Q96D53,W34D,0.2027,benign,ADCK4,34.0
Q96D53,W34E,0.179,benign,ADCK4,34.0
Q96D53,W34F,0.1411,benign,ADCK4,34.0
Q96D53,W34G,0.0711,benign,ADCK4,34.0
Q96D53,W34H,0.22,benign,ADCK4,34.0
Q96D53,W34I,0.2093,benign,ADCK4,34.0
Q96D53,W34K,0.2352,benign,ADCK4,34.0
Q96D53,W34L,0.1189,benign,ADCK4,34.0
Q96D53,W34M,0.2633,benign,ADCK4,34.0
Q96D53,W34N,0.2634,benign,ADCK4,34.0
Q96D53,W34P,0.1768,benign,ADCK4,34.0
Q96D53,W34Q,0.2056,benign,ADCK4,34.0
Q96D53,W34R,0.1622,benign,ADCK4,34.0
Q96D53,W34S,0.1145,benign,ADCK4,34.0
Q96D53,W34T,0.1353,benign,ADCK4,34.0
Q96D53,W34V,0.1503,benign,ADCK4,34.0
Q96D53,W34Y,0.212,benign,ADCK4,34.0
Q96D53,G35A,0.0945,benign,ADCK4,35.0
Q96D53,G35C,0.1119,benign,ADCK4,35.0
Q96D53,G35D,0.1025,benign,ADCK4,35.0
Q96D53,G35E,0.0897,benign,ADCK4,35.0
Q96D53,G35F,0.1807,benign,ADCK4,35.0
Q96D53,G35H,0.1468,benign,ADCK4,35.0
Q96D53,G35I,0.1273,benign,ADCK4,35.0
Q96D53,G35K,0.1631,benign,ADCK4,35.0
Q96D53,G35L,0.14,benign,ADCK4,35.0
Q96D53,G35M,0.2085,benign,ADCK4,35.0
Q96D53,G35N,0.1715,benign,ADCK4,35.0
Q96D53,G35P,0.195,benign,ADCK4,35.0
Q96D53,G35Q,0.1337,benign,ADCK4,35.0
Q96D53,G35R,0.113,benign,ADCK4,35.0
Q96D53,G35S,0.1004,benign,ADCK4,35.0
Q96D53,G35T,0.1173,benign,ADCK4,35.0
Q96D53,G35V,0.0928,benign,ADCK4,35.0
Q96D53,G35W,0.1034,benign,ADCK4,35.0
Q96D53,G35Y,0.1411,benign,ADCK4,35.0
Q96D53,P36A,0.0646,benign,ADCK4,36.0
Q96D53,P36C,0.1471,benign,ADCK4,36.0
Q96D53,P36D,0.148,benign,ADCK4,36.0
Q96D53,P36E,0.1337,benign,ADCK4,36.0
Q96D53,P36F,0.1385,benign,ADCK4,36.0
Q96D53,P36G,0.1049,benign,ADCK4,36.0
Q96D53,P36H,0.0829,benign,ADCK4,36.0
Q96D53,P36I,0.133,benign,ADCK4,36.0
Q96D53,P36K,0.1418,benign,ADCK4,36.0
Q96D53,P36L,0.0791,benign,ADCK4,36.0
Q96D53,P36M,0.1848,benign,ADCK4,36.0
Q96D53,P36N,0.1529,benign,ADCK4,36.0
Q96D53,P36Q,0.0894,benign,ADCK4,36.0
Q96D53,P36R,0.0676,benign,ADCK4,36.0
Q96D53,P36S,0.0759,benign,ADCK4,36.0
Q96D53,P36T,0.0792,benign,ADCK4,36.0
Q96D53,P36V,0.1053,benign,ADCK4,36.0
Q96D53,P36W,0.1469,benign,ADCK4,36.0
Q96D53,P36Y,0.1437,benign,ADCK4,36.0
Q96D53,C37A,0.0855,benign,ADCK4,37.0
Q96D53,C37D,0.1142,benign,ADCK4,37.0
Q96D53,C37E,0.1539,benign,ADCK4,37.0
Q96D53,C37F,0.078,benign,ADCK4,37.0
Q96D53,C37G,0.0539,benign,ADCK4,37.0
Q96D53,C37H,0.1064,benign,ADCK4,37.0
Q96D53,C37I,0.1827,benign,ADCK4,37.0
Q96D53,C37K,0.1741,benign,ADCK4,37.0
Q96D53,C37L,0.1189,benign,ADCK4,37.0
Q96D53,C37M,0.2696,benign,ADCK4,37.0
Q96D53,C37N,0.1409,benign,ADCK4,37.0
Q96D53,C37P,0.1005,benign,ADCK4,37.0
Q96D53,C37Q,0.1156,benign,ADCK4,37.0
Q96D53,C37R,0.0687,benign,ADCK4,37.0
Q96D53,C37S,0.0803,benign,ADCK4,37.0
Q96D53,C37T,0.1372,benign,ADCK4,37.0
Q96D53,C37V,0.1385,benign,ADCK4,37.0
Q96D53,C37W,0.0958,benign,ADCK4,37.0
Q96D53,C37Y,0.0846,benign,ADCK4,37.0
Q96D53,G38A,0.0787,benign,ADCK4,38.0
Q96D53,G38C,0.0928,benign,ADCK4,38.0
Q96D53,G38D,0.097,benign,ADCK4,38.0
Q96D53,G38E,0.0868,benign,ADCK4,38.0
Q96D53,G38F,0.1777,benign,ADCK4,38.0
Q96D53,G38H,0.1111,benign,ADCK4,38.0
Q96D53,G38I,0.1377,benign,ADCK4,38.0
Q96D53,G38K,0.1306,benign,ADCK4,38.0
Q96D53,G38L,0.1314,benign,ADCK4,38.0
Q96D53,G38M,0.2058,benign,ADCK4,38.0
Q96D53,G38N,0.164,benign,ADCK4,38.0
Q96D53,G38P,0.1417,benign,ADCK4,38.0
Q96D53,G38Q,0.101,benign,ADCK4,38.0
Q96D53,G38R,0.0741,benign,ADCK4,38.0
Q96D53,G38S,0.0866,benign,ADCK4,38.0
Q96D53,G38T,0.095,benign,ADCK4,38.0
Q96D53,G38V,0.0993,benign,ADCK4,38.0
Q96D53,G38W,0.0809,benign,ADCK4,38.0
Q96D53,G38Y,0.1352,benign,ADCK4,38.0
Q96D53,G39A,0.0783,benign,ADCK4,39.0
Q96D53,G39C,0.0895,benign,ADCK4,39.0
Q96D53,G39D,0.0714,benign,ADCK4,39.0
Q96D53,G39E,0.0864,benign,ADCK4,39.0
Q96D53,G39F,0.176,benign,ADCK4,39.0
Q96D53,G39H,0.1119,benign,ADCK4,39.0
Q96D53,G39I,0.1223,benign,ADCK4,39.0
Q96D53,G39K,0.1439,benign,ADCK4,39.0
Q96D53,G39L,0.1421,benign,ADCK4,39.0
Q96D53,G39M,0.215,benign,ADCK4,39.0
Q96D53,G39N,0.1275,benign,ADCK4,39.0
Q96D53,G39P,0.1662,benign,ADCK4,39.0
Q96D53,G39Q,0.1128,benign,ADCK4,39.0
Q96D53,G39R,0.0871,benign,ADCK4,39.0
Q96D53,G39S,0.0786,benign,ADCK4,39.0
Q96D53,G39T,0.0961,benign,ADCK4,39.0
Q96D53,G39V,0.089,benign,ADCK4,39.0
Q96D53,G39W,0.1002,benign,ADCK4,39.0
Q96D53,G39Y,0.1206,benign,ADCK4,39.0
Q96D53,S40A,0.0715,benign,ADCK4,40.0
Q96D53,S40C,0.0643,benign,ADCK4,40.0
Q96D53,S40D,0.1397,benign,ADCK4,40.0
Q96D53,S40E,0.1688,benign,ADCK4,40.0
Q96D53,S40F,0.0933,benign,ADCK4,40.0
Q96D53,S40G,0.0613,benign,ADCK4,40.0
Q96D53,S40H,0.1117,benign,ADCK4,40.0
Q96D53,S40I,0.1043,benign,ADCK4,40.0
Q96D53,S40K,0.2189,benign,ADCK4,40.0
Q96D53,S40L,0.085,benign,ADCK4,40.0
Q96D53,S40M,0.1822,benign,ADCK4,40.0
Q96D53,S40N,0.1035,benign,ADCK4,40.0
Q96D53,S40P,0.0603,benign,ADCK4,40.0
Q96D53,S40Q,0.1641,benign,ADCK4,40.0
Q96D53,S40R,0.1283,benign,ADCK4,40.0
Q96D53,S40T,0.0836,benign,ADCK4,40.0
Q96D53,S40V,0.1129,benign,ADCK4,40.0
Q96D53,S40W,0.0832,benign,ADCK4,40.0
Q96D53,S40Y,0.0866,benign,ADCK4,40.0
Q96D53,W41A,0.0714,benign,ADCK4,41.0
Q96D53,W41C,0.1766,benign,ADCK4,41.0
Q96D53,W41D,0.1452,benign,ADCK4,41.0
Q96D53,W41E,0.1233,benign,ADCK4,41.0
Q96D53,W41F,0.1114,benign,ADCK4,41.0
Q96D53,W41G,0.0537,benign,ADCK4,41.0
Q96D53,W41H,0.1456,benign,ADCK4,41.0
Q96D53,W41I,0.163,benign,ADCK4,41.0
Q96D53,W41K,0.1523,benign,ADCK4,41.0
Q96D53,W41L,0.0872,benign,ADCK4,41.0
Q96D53,W41M,0.1902,benign,ADCK4,41.0
Q96D53,W41N,0.1839,benign,ADCK4,41.0
Q96D53,W41P,0.1117,benign,ADCK4,41.0
Q96D53,W41Q,0.126,benign,ADCK4,41.0
Q96D53,W41R,0.0938,benign,ADCK4,41.0
Q96D53,W41S,0.0729,benign,ADCK4,41.0
Q96D53,W41T,0.0897,benign,ADCK4,41.0
Q96D53,W41V,0.1045,benign,ADCK4,41.0
Q96D53,W41Y,0.1639,benign,ADCK4,41.0
Q96D53,A42C,0.2091,benign,ADCK4,42.0
Q96D53,A42D,0.101,benign,ADCK4,42.0
Q96D53,A42E,0.0899,benign,ADCK4,42.0
Q96D53,A42F,0.1418,benign,ADCK4,42.0
Q96D53,A42G,0.0664,benign,ADCK4,42.0
Q96D53,A42H,0.1519,benign,ADCK4,42.0
Q96D53,A42I,0.1433,benign,ADCK4,42.0
Q96D53,A42K,0.1434,benign,ADCK4,42.0
Q96D53,A42L,0.0931,benign,ADCK4,42.0
Q96D53,A42M,0.1447,benign,ADCK4,42.0
Q96D53,A42N,0.129,benign,ADCK4,42.0
Q96D53,A42P,0.0706,benign,ADCK4,42.0
Q96D53,A42Q,0.1116,benign,ADCK4,42.0
Q96D53,A42R,0.1004,benign,ADCK4,42.0
Q96D53,A42S,0.0727,benign,ADCK4,42.0
Q96D53,A42T,0.0765,benign,ADCK4,42.0
Q96D53,A42V,0.0835,benign,ADCK4,42.0
Q96D53,A42W,0.1962,benign,ADCK4,42.0
Q96D53,A42Y,0.1657,benign,ADCK4,42.0
Q96D53,Q43A,0.1189,benign,ADCK4,43.0
Q96D53,Q43C,0.3132,benign,ADCK4,43.0
Q96D53,Q43D,0.1924,benign,ADCK4,43.0
Q96D53,Q43E,0.0795,benign,ADCK4,43.0
Q96D53,Q43F,0.4643,ambiguous,ADCK4,43.0
Q96D53,Q43G,0.0906,benign,ADCK4,43.0
Q96D53,Q43H,0.1448,benign,ADCK4,43.0
Q96D53,Q43I,0.3443,ambiguous,ADCK4,43.0
Q96D53,Q43K,0.0874,benign,ADCK4,43.0
Q96D53,Q43L,0.1257,benign,ADCK4,43.0
Q96D53,Q43M,0.3112,benign,ADCK4,43.0
Q96D53,Q43N,0.2114,benign,ADCK4,43.0
Q96D53,Q43P,0.0636,benign,ADCK4,43.0
Q96D53,Q43R,0.062,benign,ADCK4,43.0
Q96D53,Q43S,0.1301,benign,ADCK4,43.0
Q96D53,Q43T,0.1455,benign,ADCK4,43.0
Q96D53,Q43V,0.2009,benign,ADCK4,43.0
Q96D53,Q43W,0.1865,benign,ADCK4,43.0
Q96D53,Q43Y,0.2795,benign,ADCK4,43.0
Q96D53,K44A,0.1157,benign,ADCK4,44.0
Q96D53,K44C,0.2791,benign,ADCK4,44.0
Q96D53,K44D,0.1785,benign,ADCK4,44.0
Q96D53,K44E,0.0979,benign,ADCK4,44.0
Q96D53,K44F,0.3478,ambiguous,ADCK4,44.0
Q96D53,K44G,0.109,benign,ADCK4,44.0
Q96D53,K44H,0.123,benign,ADCK4,44.0
Q96D53,K44I,0.1649,benign,ADCK4,44.0
Q96D53,K44L,0.1504,benign,ADCK4,44.0
Q96D53,K44M,0.1225,benign,ADCK4,44.0
Q96D53,K44N,0.1371,benign,ADCK4,44.0
Q96D53,K44P,0.1322,benign,ADCK4,44.0
Q96D53,K44Q,0.0808,benign,ADCK4,44.0
Q96D53,K44R,0.0578,benign,ADCK4,44.0
Q96D53,K44S,0.1383,benign,ADCK4,44.0
Q96D53,K44T,0.0839,benign,ADCK4,44.0
Q96D53,K44V,0.1564,benign,ADCK4,44.0
Q96D53,K44W,0.301,benign,ADCK4,44.0
Q96D53,K44Y,0.2203,benign,ADCK4,44.0
Q96D53,F45A,0.1046,benign,ADCK4,45.0
Q96D53,F45C,0.0917,benign,ADCK4,45.0
Q96D53,F45D,0.1429,benign,ADCK4,45.0
Q96D53,F45E,0.2111,benign,ADCK4,45.0
Q96D53,F45G,0.1512,benign,ADCK4,45.0
Q96D53,F45H,0.1674,benign,ADCK4,45.0
Q96D53,F45I,0.0644,benign,ADCK4,45.0
Q96D53,F45K,0.2287,benign,ADCK4,45.0
Q96D53,F45L,0.3216,benign,ADCK4,45.0
Q96D53,F45M,0.1987,benign,ADCK4,45.0
Q96D53,F45N,0.1328,benign,ADCK4,45.0
Q96D53,F45P,0.1921,benign,ADCK4,45.0
Q96D53,F45Q,0.196,benign,ADCK4,45.0
Q96D53,F45R,0.1353,benign,ADCK4,45.0
Q96D53,F45S,0.0921,benign,ADCK4,45.0
Q96D53,F45T,0.1295,benign,ADCK4,45.0
Q96D53,F45V,0.0684,benign,ADCK4,45.0
Q96D53,F45W,0.1107,benign,ADCK4,45.0
Q96D53,F45Y,0.0741,benign,ADCK4,45.0
Q96D53,Y46A,0.1386,benign,ADCK4,46.0
Q96D53,Y46C,0.0627,benign,ADCK4,46.0
Q96D53,Y46D,0.0905,benign,ADCK4,46.0
Q96D53,Y46E,0.1939,benign,ADCK4,46.0
Q96D53,Y46F,0.097,benign,ADCK4,46.0
Q96D53,Y46G,0.0939,benign,ADCK4,46.0
Q96D53,Y46H,0.0622,benign,ADCK4,46.0
Q96D53,Y46I,0.1993,benign,ADCK4,46.0
Q96D53,Y46K,0.2051,benign,ADCK4,46.0
Q96D53,Y46L,0.1435,benign,ADCK4,46.0
Q96D53,Y46M,0.3775,ambiguous,ADCK4,46.0
Q96D53,Y46N,0.0926,benign,ADCK4,46.0
Q96D53,Y46P,0.1189,benign,ADCK4,46.0
Q96D53,Y46Q,0.1162,benign,ADCK4,46.0
Q96D53,Y46R,0.0843,benign,ADCK4,46.0
Q96D53,Y46S,0.0633,benign,ADCK4,46.0
Q96D53,Y46T,0.1547,benign,ADCK4,46.0
Q96D53,Y46V,0.164,benign,ADCK4,46.0
Q96D53,Y46W,0.1371,benign,ADCK4,46.0
Q96D53,Q47A,0.1072,benign,ADCK4,47.0
Q96D53,Q47C,0.2906,benign,ADCK4,47.0
Q96D53,Q47D,0.1827,benign,ADCK4,47.0
Q96D53,Q47E,0.0759,benign,ADCK4,47.0
Q96D53,Q47F,0.4383,ambiguous,ADCK4,47.0
Q96D53,Q47G,0.0973,benign,ADCK4,47.0
Q96D53,Q47H,0.1144,benign,ADCK4,47.0
Q96D53,Q47I,0.2801,benign,ADCK4,47.0
Q96D53,Q47K,0.0799,benign,ADCK4,47.0
Q96D53,Q47L,0.1168,benign,ADCK4,47.0
Q96D53,Q47M,0.281,benign,ADCK4,47.0
Q96D53,Q47N,0.2168,benign,ADCK4,47.0
Q96D53,Q47P,0.0701,benign,ADCK4,47.0
Q96D53,Q47R,0.0575,benign,ADCK4,47.0
Q96D53,Q47S,0.1316,benign,ADCK4,47.0
Q96D53,Q47T,0.1224,benign,ADCK4,47.0
Q96D53,Q47V,0.1702,benign,ADCK4,47.0
Q96D53,Q47W,0.1822,benign,ADCK4,47.0
Q96D53,Q47Y,0.2639,benign,ADCK4,47.0
Q96D53,D48A,0.0739,benign,ADCK4,48.0
Q96D53,D48C,0.2159,benign,ADCK4,48.0
Q96D53,D48E,0.0876,benign,ADCK4,48.0
Q96D53,D48F,0.2668,benign,ADCK4,48.0
Q96D53,D48G,0.0571,benign,ADCK4,48.0
Q96D53,D48H,0.0926,benign,ADCK4,48.0
Q96D53,D48I,0.185,benign,ADCK4,48.0
Q96D53,D48K,0.126,benign,ADCK4,48.0
Q96D53,D48L,0.1621,benign,ADCK4,48.0
Q96D53,D48M,0.318,benign,ADCK4,48.0
Q96D53,D48N,0.0871,benign,ADCK4,48.0
Q96D53,D48P,0.1678,benign,ADCK4,48.0
Q96D53,D48Q,0.1126,benign,ADCK4,48.0
Q96D53,D48R,0.1005,benign,ADCK4,48.0
Q96D53,D48S,0.0834,benign,ADCK4,48.0
Q96D53,D48T,0.1199,benign,ADCK4,48.0
Q96D53,D48V,0.1064,benign,ADCK4,48.0
Q96D53,D48W,0.3504,ambiguous,ADCK4,48.0
Q96D53,D48Y,0.0918,benign,ADCK4,48.0
Q96D53,G49A,0.0861,benign,ADCK4,49.0
Q96D53,G49C,0.1,benign,ADCK4,49.0
Q96D53,G49D,0.1066,benign,ADCK4,49.0
Q96D53,G49E,0.0881,benign,ADCK4,49.0
Q96D53,G49F,0.2093,benign,ADCK4,49.0
Q96D53,G49H,0.1153,benign,ADCK4,49.0
Q96D53,G49I,0.1178,benign,ADCK4,49.0
Q96D53,G49K,0.1195,benign,ADCK4,49.0
Q96D53,G49L,0.1548,benign,ADCK4,49.0
Q96D53,G49M,0.2034,benign,ADCK4,49.0
Q96D53,G49N,0.173,benign,ADCK4,49.0
Q96D53,G49P,0.2322,benign,ADCK4,49.0
Q96D53,G49Q,0.1053,benign,ADCK4,49.0
Q96D53,G49R,0.0787,benign,ADCK4,49.0
Q96D53,G49S,0.0931,benign,ADCK4,49.0
Q96D53,G49T,0.0925,benign,ADCK4,49.0
Q96D53,G49V,0.0903,benign,ADCK4,49.0
Q96D53,G49W,0.1106,benign,ADCK4,49.0
Q96D53,G49Y,0.1465,benign,ADCK4,49.0
Q96D53,P50A,0.0673,benign,ADCK4,50.0
Q96D53,P50C,0.208,benign,ADCK4,50.0
Q96D53,P50D,0.1929,benign,ADCK4,50.0
Q96D53,P50E,0.1312,benign,ADCK4,50.0
Q96D53,P50F,0.1944,benign,ADCK4,50.0
Q96D53,P50G,0.1276,benign,ADCK4,50.0
Q96D53,P50H,0.1036,benign,ADCK4,50.0
Q96D53,P50I,0.1686,benign,ADCK4,50.0
Q96D53,P50K,0.1366,benign,ADCK4,50.0
Q96D53,P50L,0.0862,benign,ADCK4,50.0
Q96D53,P50M,0.1902,benign,ADCK4,50.0
Q96D53,P50N,0.2034,benign,ADCK4,50.0
Q96D53,P50Q,0.0951,benign,ADCK4,50.0
Q96D53,P50R,0.0748,benign,ADCK4,50.0
Q96D53,P50S,0.09,benign,ADCK4,50.0
Q96D53,P50T,0.0789,benign,ADCK4,50.0
Q96D53,P50V,0.1213,benign,ADCK4,50.0
Q96D53,P50W,0.1876,benign,ADCK4,50.0
Q96D53,P50Y,0.2018,benign,ADCK4,50.0
Q96D53,G51A,0.0806,benign,ADCK4,51.0
Q96D53,G51C,0.0921,benign,ADCK4,51.0
Q96D53,G51D,0.1023,benign,ADCK4,51.0
Q96D53,G51E,0.096,benign,ADCK4,51.0
Q96D53,G51F,0.2129,benign,ADCK4,51.0
Q96D53,G51H,0.1401,benign,ADCK4,51.0
Q96D53,G51I,0.1365,benign,ADCK4,51.0
Q96D53,G51K,0.1669,benign,ADCK4,51.0
Q96D53,G51L,0.1569,benign,ADCK4,51.0
Q96D53,G51M,0.2339,benign,ADCK4,51.0
Q96D53,G51N,0.1654,benign,ADCK4,51.0
Q96D53,G51P,0.2025,benign,ADCK4,51.0
Q96D53,G51Q,0.1281,benign,ADCK4,51.0
Q96D53,G51R,0.0983,benign,ADCK4,51.0
Q96D53,G51S,0.0822,benign,ADCK4,51.0
Q96D53,G51T,0.102,benign,ADCK4,51.0
Q96D53,G51V,0.0903,benign,ADCK4,51.0
Q96D53,G51W,0.1215,benign,ADCK4,51.0
Q96D53,G51Y,0.1589,benign,ADCK4,51.0
Q96D53,R52A,0.1252,benign,ADCK4,52.0
Q96D53,R52C,0.1375,benign,ADCK4,52.0
Q96D53,R52D,0.2499,benign,ADCK4,52.0
Q96D53,R52E,0.1403,benign,ADCK4,52.0
Q96D53,R52F,0.2532,benign,ADCK4,52.0
Q96D53,R52G,0.0728,benign,ADCK4,52.0
Q96D53,R52H,0.0997,benign,ADCK4,52.0
Q96D53,R52I,0.1689,benign,ADCK4,52.0
Q96D53,R52K,0.0941,benign,ADCK4,52.0
Q96D53,R52L,0.1182,benign,ADCK4,52.0
Q96D53,R52M,0.1744,benign,ADCK4,52.0
Q96D53,R52N,0.2818,benign,ADCK4,52.0
Q96D53,R52P,0.1245,benign,ADCK4,52.0
Q96D53,R52Q,0.0811,benign,ADCK4,52.0
Q96D53,R52S,0.1727,benign,ADCK4,52.0
Q96D53,R52T,0.1143,benign,ADCK4,52.0
Q96D53,R52V,0.1789,benign,ADCK4,52.0
Q96D53,R52W,0.0988,benign,ADCK4,52.0
Q96D53,R52Y,0.2215,benign,ADCK4,52.0
Q96D53,G53A,0.0997,benign,ADCK4,53.0
Q96D53,G53C,0.1294,benign,ADCK4,53.0
Q96D53,G53D,0.1422,benign,ADCK4,53.0
Q96D53,G53E,0.1334,benign,ADCK4,53.0
Q96D53,G53F,0.2749,benign,ADCK4,53.0
Q96D53,G53H,0.1961,benign,ADCK4,53.0
Q96D53,G53I,0.1498,benign,ADCK4,53.0
Q96D53,G53K,0.2413,benign,ADCK4,53.0
Q96D53,G53L,0.2094,benign,ADCK4,53.0
Q96D53,G53M,0.2861,benign,ADCK4,53.0
Q96D53,G53N,0.2335,benign,ADCK4,53.0
Q96D53,G53P,0.3205,benign,ADCK4,53.0
Q96D53,G53Q,0.202,benign,ADCK4,53.0
Q96D53,G53R,0.1472,benign,ADCK4,53.0
Q96D53,G53S,0.1054,benign,ADCK4,53.0
Q96D53,G53T,0.1263,benign,ADCK4,53.0
Q96D53,G53V,0.1012,benign,ADCK4,53.0
Q96D53,G53W,0.1599,benign,ADCK4,53.0
Q96D53,G53Y,0.1859,benign,ADCK4,53.0
Q96D53,L54A,0.1893,benign,ADCK4,54.0
Q96D53,L54C,0.4517,ambiguous,ADCK4,54.0
Q96D53,L54D,0.5912,pathogenic,ADCK4,54.0
Q96D53,L54E,0.2925,benign,ADCK4,54.0
Q96D53,L54F,0.1356,benign,ADCK4,54.0
Q96D53,L54G,0.3185,benign,ADCK4,54.0
Q96D53,L54H,0.2556,benign,ADCK4,54.0
Q96D53,L54I,0.1271,benign,ADCK4,54.0
Q96D53,L54K,0.2496,benign,ADCK4,54.0
Q96D53,L54M,0.1449,benign,ADCK4,54.0
Q96D53,L54N,0.4762,ambiguous,ADCK4,54.0
Q96D53,L54P,0.1099,benign,ADCK4,54.0
Q96D53,L54Q,0.1671,benign,ADCK4,54.0
Q96D53,L54R,0.129,benign,ADCK4,54.0
Q96D53,L54S,0.2947,benign,ADCK4,54.0
Q96D53,L54T,0.2208,benign,ADCK4,54.0
Q96D53,L54V,0.1191,benign,ADCK4,54.0
Q96D53,L54W,0.131,benign,ADCK4,54.0
Q96D53,L54Y,0.3343,benign,ADCK4,54.0
Q96D53,G55A,0.0931,benign,ADCK4,55.0
Q96D53,G55C,0.1224,benign,ADCK4,55.0
Q96D53,G55D,0.1217,benign,ADCK4,55.0
Q96D53,G55E,0.121,benign,ADCK4,55.0
Q96D53,G55F,0.3853,ambiguous,ADCK4,55.0
Q96D53,G55H,0.1758,benign,ADCK4,55.0
Q96D53,G55I,0.2408,benign,ADCK4,55.0
Q96D53,G55K,0.1924,benign,ADCK4,55.0
Q96D53,G55L,0.2087,benign,ADCK4,55.0
Q96D53,G55M,0.2954,benign,ADCK4,55.0
Q96D53,G55N,0.1919,benign,ADCK4,55.0
Q96D53,G55P,0.2878,benign,ADCK4,55.0
Q96D53,G55Q,0.1636,benign,ADCK4,55.0
Q96D53,G55R,0.1211,benign,ADCK4,55.0
Q96D53,G55S,0.0763,benign,ADCK4,55.0
Q96D53,G55T,0.0916,benign,ADCK4,55.0
Q96D53,G55V,0.1454,benign,ADCK4,55.0
Q96D53,G55W,0.1734,benign,ADCK4,55.0
Q96D53,G55Y,0.2572,benign,ADCK4,55.0
Q96D53,E56A,0.1005,benign,ADCK4,56.0
Q96D53,E56C,0.6312,pathogenic,ADCK4,56.0
Q96D53,E56D,0.1341,benign,ADCK4,56.0
Q96D53,E56F,0.5265,ambiguous,ADCK4,56.0
Q96D53,E56G,0.0889,benign,ADCK4,56.0
Q96D53,E56H,0.2618,benign,ADCK4,56.0
Q96D53,E56I,0.2951,benign,ADCK4,56.0
Q96D53,E56K,0.0758,benign,ADCK4,56.0
Q96D53,E56L,0.2193,benign,ADCK4,56.0
Q96D53,E56M,0.3065,benign,ADCK4,56.0
Q96D53,E56N,0.2467,benign,ADCK4,56.0
Q96D53,E56P,0.1903,benign,ADCK4,56.0
Q96D53,E56Q,0.0937,benign,ADCK4,56.0
Q96D53,E56R,0.0978,benign,ADCK4,56.0
Q96D53,E56S,0.1565,benign,ADCK4,56.0
Q96D53,E56T,0.1675,benign,ADCK4,56.0
Q96D53,E56V,0.1674,benign,ADCK4,56.0
Q96D53,E56W,0.5464,ambiguous,ADCK4,56.0
Q96D53,E56Y,0.3961,ambiguous,ADCK4,56.0
Q96D53,E57A,0.0906,benign,ADCK4,57.0
Q96D53,E57C,0.6821,pathogenic,ADCK4,57.0
Q96D53,E57D,0.0901,benign,ADCK4,57.0
Q96D53,E57F,0.6012,pathogenic,ADCK4,57.0
Q96D53,E57G,0.0803,benign,ADCK4,57.0
Q96D53,E57H,0.2932,benign,ADCK4,57.0
Q96D53,E57I,0.3286,benign,ADCK4,57.0
Q96D53,E57K,0.1031,benign,ADCK4,57.0
Q96D53,E57L,0.2834,benign,ADCK4,57.0
Q96D53,E57M,0.3468,ambiguous,ADCK4,57.0
Q96D53,E57N,0.1972,benign,ADCK4,57.0
Q96D53,E57P,0.3218,benign,ADCK4,57.0
Q96D53,E57Q,0.1153,benign,ADCK4,57.0
Q96D53,E57R,0.1388,benign,ADCK4,57.0
Q96D53,E57S,0.1529,benign,ADCK4,57.0
Q96D53,E57T,0.1668,benign,ADCK4,57.0
Q96D53,E57V,0.1647,benign,ADCK4,57.0
Q96D53,E57W,0.6076,pathogenic,ADCK4,57.0
Q96D53,E57Y,0.4014,ambiguous,ADCK4,57.0
Q96D53,D58A,0.1597,benign,ADCK4,58.0
Q96D53,D58C,0.6001,pathogenic,ADCK4,58.0
Q96D53,D58E,0.1746,benign,ADCK4,58.0
Q96D53,D58F,0.5743,pathogenic,ADCK4,58.0
Q96D53,D58G,0.1483,benign,ADCK4,58.0
Q96D53,D58H,0.2619,benign,ADCK4,58.0
Q96D53,D58I,0.3727,ambiguous,ADCK4,58.0
Q96D53,D58K,0.365,ambiguous,ADCK4,58.0
Q96D53,D58L,0.4095,ambiguous,ADCK4,58.0
Q96D53,D58M,0.5503,ambiguous,ADCK4,58.0
Q96D53,D58N,0.1424,benign,ADCK4,58.0
Q96D53,D58P,0.6507,pathogenic,ADCK4,58.0
Q96D53,D58Q,0.3122,benign,ADCK4,58.0
Q96D53,D58R,0.3717,ambiguous,ADCK4,58.0
Q96D53,D58S,0.1837,benign,ADCK4,58.0
Q96D53,D58T,0.2881,benign,ADCK4,58.0
Q96D53,D58V,0.2071,benign,ADCK4,58.0
Q96D53,D58W,0.754,pathogenic,ADCK4,58.0
Q96D53,D58Y,0.1836,benign,ADCK4,58.0
Q96D53,I59A,0.4397,ambiguous,ADCK4,59.0
Q96D53,I59C,0.6792,pathogenic,ADCK4,59.0
Q96D53,I59D,0.6802,pathogenic,ADCK4,59.0
Q96D53,I59E,0.5663,pathogenic,ADCK4,59.0
Q96D53,I59F,0.1391,benign,ADCK4,59.0
Q96D53,I59G,0.6024,pathogenic,ADCK4,59.0
Q96D53,I59H,0.4741,ambiguous,ADCK4,59.0
Q96D53,I59K,0.4017,ambiguous,ADCK4,59.0
Q96D53,I59L,0.1147,benign,ADCK4,59.0
Q96D53,I59M,0.1375,benign,ADCK4,59.0
Q96D53,I59N,0.3798,ambiguous,ADCK4,59.0
Q96D53,I59P,0.6346,pathogenic,ADCK4,59.0
Q96D53,I59Q,0.4514,ambiguous,ADCK4,59.0
Q96D53,I59R,0.2588,benign,ADCK4,59.0
Q96D53,I59S,0.3471,ambiguous,ADCK4,59.0
Q96D53,I59T,0.4783,ambiguous,ADCK4,59.0
Q96D53,I59V,0.1442,benign,ADCK4,59.0
Q96D53,I59W,0.4969,ambiguous,ADCK4,59.0
Q96D53,I59Y,0.4064,ambiguous,ADCK4,59.0
Q96D53,R60A,0.1642,benign,ADCK4,60.0
Q96D53,R60C,0.1131,benign,ADCK4,60.0
Q96D53,R60D,0.3716,ambiguous,ADCK4,60.0
Q96D53,R60E,0.1956,benign,ADCK4,60.0
Q96D53,R60F,0.2925,benign,ADCK4,60.0
Q96D53,R60G,0.1063,benign,ADCK4,60.0
Q96D53,R60H,0.0978,benign,ADCK4,60.0
Q96D53,R60I,0.1862,benign,ADCK4,60.0
Q96D53,R60K,0.1152,benign,ADCK4,60.0
Q96D53,R60L,0.1114,benign,ADCK4,60.0
Q96D53,R60M,0.2332,benign,ADCK4,60.0
Q96D53,R60N,0.3886,ambiguous,ADCK4,60.0
Q96D53,R60P,0.301,benign,ADCK4,60.0
Q96D53,R60Q,0.0807,benign,ADCK4,60.0
Q96D53,R60S,0.2294,benign,ADCK4,60.0
Q96D53,R60T,0.1658,benign,ADCK4,60.0
Q96D53,R60V,0.2028,benign,ADCK4,60.0
Q96D53,R60W,0.1012,benign,ADCK4,60.0
Q96D53,R60Y,0.2403,benign,ADCK4,60.0
Q96D53,R61A,0.1621,benign,ADCK4,61.0
Q96D53,R61C,0.1943,benign,ADCK4,61.0
Q96D53,R61D,0.4255,ambiguous,ADCK4,61.0
Q96D53,R61E,0.1771,benign,ADCK4,61.0
Q96D53,R61F,0.3829,ambiguous,ADCK4,61.0
Q96D53,R61G,0.1163,benign,ADCK4,61.0
Q96D53,R61H,0.1257,benign,ADCK4,61.0
Q96D53,R61I,0.1895,benign,ADCK4,61.0
Q96D53,R61K,0.0789,benign,ADCK4,61.0
Q96D53,R61L,0.111,benign,ADCK4,61.0
Q96D53,R61M,0.1631,benign,ADCK4,61.0
Q96D53,R61N,0.387,ambiguous,ADCK4,61.0
Q96D53,R61P,0.3479,ambiguous,ADCK4,61.0
Q96D53,R61Q,0.0891,benign,ADCK4,61.0
Q96D53,R61S,0.2784,benign,ADCK4,61.0
Q96D53,R61T,0.1535,benign,ADCK4,61.0
Q96D53,R61V,0.2065,benign,ADCK4,61.0
Q96D53,R61W,0.1238,benign,ADCK4,61.0
Q96D53,R61Y,0.3148,benign,ADCK4,61.0
Q96D53,A62C,0.5758,pathogenic,ADCK4,62.0
Q96D53,A62D,0.4236,ambiguous,ADCK4,62.0
Q96D53,A62E,0.3249,benign,ADCK4,62.0
Q96D53,A62F,0.4055,ambiguous,ADCK4,62.0
Q96D53,A62G,0.1677,benign,ADCK4,62.0
Q96D53,A62H,0.5114,ambiguous,ADCK4,62.0
Q96D53,A62I,0.3659,ambiguous,ADCK4,62.0
Q96D53,A62K,0.4907,ambiguous,ADCK4,62.0
Q96D53,A62L,0.2258,benign,ADCK4,62.0
Q96D53,A62M,0.3484,ambiguous,ADCK4,62.0
Q96D53,A62N,0.4041,ambiguous,ADCK4,62.0
Q96D53,A62P,0.47,ambiguous,ADCK4,62.0
Q96D53,A62Q,0.3614,ambiguous,ADCK4,62.0
Q96D53,A62R,0.3344,benign,ADCK4,62.0
Q96D53,A62S,0.1424,benign,ADCK4,62.0
Q96D53,A62T,0.1753,benign,ADCK4,62.0
Q96D53,A62V,0.1872,benign,ADCK4,62.0
Q96D53,A62W,0.6243,pathogenic,ADCK4,62.0
Q96D53,A62Y,0.5068,ambiguous,ADCK4,62.0
Q96D53,R63A,0.3758,ambiguous,ADCK4,63.0
Q96D53,R63C,0.3084,benign,ADCK4,63.0
Q96D53,R63D,0.7698,pathogenic,ADCK4,63.0
Q96D53,R63E,0.3396,benign,ADCK4,63.0
Q96D53,R63F,0.6838,pathogenic,ADCK4,63.0
Q96D53,R63G,0.2169,benign,ADCK4,63.0
Q96D53,R63H,0.2441,benign,ADCK4,63.0
Q96D53,R63I,0.4688,ambiguous,ADCK4,63.0
Q96D53,R63K,0.169,benign,ADCK4,63.0
Q96D53,R63L,0.2909,benign,ADCK4,63.0
Q96D53,R63M,0.4146,ambiguous,ADCK4,63.0
Q96D53,R63N,0.7816,pathogenic,ADCK4,63.0
Q96D53,R63P,0.5352,ambiguous,ADCK4,63.0
Q96D53,R63Q,0.1222,benign,ADCK4,63.0
Q96D53,R63S,0.5753,pathogenic,ADCK4,63.0
Q96D53,R63T,0.3508,ambiguous,ADCK4,63.0
Q96D53,R63V,0.4476,ambiguous,ADCK4,63.0
Q96D53,R63W,0.1644,benign,ADCK4,63.0
Q96D53,R63Y,0.5691,pathogenic,ADCK4,63.0
Q96D53,E64A,0.0952,benign,ADCK4,64.0
Q96D53,E64C,0.6749,pathogenic,ADCK4,64.0
Q96D53,E64D,0.1471,benign,ADCK4,64.0
Q96D53,E64F,0.582,pathogenic,ADCK4,64.0
Q96D53,E64G,0.097,benign,ADCK4,64.0
Q96D53,E64H,0.2963,benign,ADCK4,64.0
Q96D53,E64I,0.3272,benign,ADCK4,64.0
Q96D53,E64K,0.1152,benign,ADCK4,64.0
Q96D53,E64L,0.23,benign,ADCK4,64.0
Q96D53,E64M,0.3313,benign,ADCK4,64.0
Q96D53,E64N,0.2646,benign,ADCK4,64.0
Q96D53,E64P,0.4475,ambiguous,ADCK4,64.0
Q96D53,E64Q,0.096,benign,ADCK4,64.0
Q96D53,E64R,0.1434,benign,ADCK4,64.0
Q96D53,E64S,0.1807,benign,ADCK4,64.0
Q96D53,E64T,0.1882,benign,ADCK4,64.0
Q96D53,E64V,0.1741,benign,ADCK4,64.0
Q96D53,E64W,0.6585,pathogenic,ADCK4,64.0
Q96D53,E64Y,0.453,ambiguous,ADCK4,64.0
Q96D53,A65C,0.3242,benign,ADCK4,65.0
Q96D53,A65D,0.1366,benign,ADCK4,65.0
Q96D53,A65E,0.1213,benign,ADCK4,65.0
Q96D53,A65F,0.219,benign,ADCK4,65.0
Q96D53,A65G,0.081,benign,ADCK4,65.0
Q96D53,A65H,0.2389,benign,ADCK4,65.0
Q96D53,A65I,0.1687,benign,ADCK4,65.0
Q96D53,A65K,0.1869,benign,ADCK4,65.0
Q96D53,A65L,0.1296,benign,ADCK4,65.0
Q96D53,A65M,0.1553,benign,ADCK4,65.0
Q96D53,A65N,0.1468,benign,ADCK4,65.0
Q96D53,A65P,0.1689,benign,ADCK4,65.0
Q96D53,A65Q,0.1619,benign,ADCK4,65.0
Q96D53,A65R,0.1496,benign,ADCK4,65.0
Q96D53,A65S,0.0832,benign,ADCK4,65.0
Q96D53,A65T,0.074,benign,ADCK4,65.0
Q96D53,A65V,0.0907,benign,ADCK4,65.0
Q96D53,A65W,0.3622,ambiguous,ADCK4,65.0
Q96D53,A65Y,0.2533,benign,ADCK4,65.0
Q96D53,R66A,0.1795,benign,ADCK4,66.0
Q96D53,R66C,0.1433,benign,ADCK4,66.0
Q96D53,R66D,0.4049,ambiguous,ADCK4,66.0
Q96D53,R66E,0.2226,benign,ADCK4,66.0
Q96D53,R66F,0.3068,benign,ADCK4,66.0
Q96D53,R66G,0.105,benign,ADCK4,66.0
Q96D53,R66H,0.1085,benign,ADCK4,66.0
Q96D53,R66I,0.1707,benign,ADCK4,66.0
Q96D53,R66K,0.1088,benign,ADCK4,66.0
Q96D53,R66L,0.1276,benign,ADCK4,66.0
Q96D53,R66M,0.2266,benign,ADCK4,66.0
Q96D53,R66N,0.4051,ambiguous,ADCK4,66.0
Q96D53,R66P,0.1567,benign,ADCK4,66.0
Q96D53,R66Q,0.0951,benign,ADCK4,66.0
Q96D53,R66S,0.255,benign,ADCK4,66.0
Q96D53,R66T,0.1709,benign,ADCK4,66.0
Q96D53,R66V,0.1982,benign,ADCK4,66.0
Q96D53,R66W,0.1126,benign,ADCK4,66.0
Q96D53,R66Y,0.2572,benign,ADCK4,66.0
Q96D53,P67A,0.0698,benign,ADCK4,67.0
Q96D53,P67C,0.2235,benign,ADCK4,67.0
Q96D53,P67D,0.2346,benign,ADCK4,67.0
Q96D53,P67E,0.1364,benign,ADCK4,67.0
Q96D53,P67F,0.2015,benign,ADCK4,67.0
Q96D53,P67G,0.1385,benign,ADCK4,67.0
Q96D53,P67H,0.1003,benign,ADCK4,67.0
Q96D53,P67I,0.1195,benign,ADCK4,67.0
Q96D53,P67K,0.1376,benign,ADCK4,67.0
Q96D53,P67L,0.0701,benign,ADCK4,67.0
Q96D53,P67M,0.1643,benign,ADCK4,67.0
Q96D53,P67N,0.1939,benign,ADCK4,67.0
Q96D53,P67Q,0.0829,benign,ADCK4,67.0
Q96D53,P67R,0.0756,benign,ADCK4,67.0
Q96D53,P67S,0.0957,benign,ADCK4,67.0
Q96D53,P67T,0.089,benign,ADCK4,67.0
Q96D53,P67V,0.0942,benign,ADCK4,67.0
Q96D53,P67W,0.2025,benign,ADCK4,67.0
Q96D53,P67Y,0.2105,benign,ADCK4,67.0
Q96D53,R68A,0.1328,benign,ADCK4,68.0
Q96D53,R68C,0.1242,benign,ADCK4,68.0
Q96D53,R68D,0.2934,benign,ADCK4,68.0
Q96D53,R68E,0.1551,benign,ADCK4,68.0
Q96D53,R68F,0.2817,benign,ADCK4,68.0
Q96D53,R68G,0.0783,benign,ADCK4,68.0
Q96D53,R68H,0.1045,benign,ADCK4,68.0
Q96D53,R68I,0.1589,benign,ADCK4,68.0
Q96D53,R68K,0.0898,benign,ADCK4,68.0
Q96D53,R68L,0.1103,benign,ADCK4,68.0
Q96D53,R68M,0.1746,benign,ADCK4,68.0
Q96D53,R68N,0.3058,benign,ADCK4,68.0
Q96D53,R68P,0.1177,benign,ADCK4,68.0
Q96D53,R68Q,0.079,benign,ADCK4,68.0
Q96D53,R68S,0.1869,benign,ADCK4,68.0
Q96D53,R68T,0.1251,benign,ADCK4,68.0
Q96D53,R68V,0.161,benign,ADCK4,68.0
Q96D53,R68W,0.0967,benign,ADCK4,68.0
Q96D53,R68Y,0.2397,benign,ADCK4,68.0
Q96D53,K69A,0.1557,benign,ADCK4,69.0
Q96D53,K69C,0.4634,ambiguous,ADCK4,69.0
Q96D53,K69D,0.313,benign,ADCK4,69.0
Q96D53,K69E,0.1122,benign,ADCK4,69.0
Q96D53,K69F,0.5392,ambiguous,ADCK4,69.0
Q96D53,K69G,0.1723,benign,ADCK4,69.0
Q96D53,K69H,0.217,benign,ADCK4,69.0
Q96D53,K69I,0.2329,benign,ADCK4,69.0
Q96D53,K69L,0.1982,benign,ADCK4,69.0
Q96D53,K69M,0.1665,benign,ADCK4,69.0
Q96D53,K69N,0.2551,benign,ADCK4,69.0
Q96D53,K69P,0.1798,benign,ADCK4,69.0
Q96D53,K69Q,0.0951,benign,ADCK4,69.0
Q96D53,K69R,0.0653,benign,ADCK4,69.0
Q96D53,K69S,0.2364,benign,ADCK4,69.0
Q96D53,K69T,0.1239,benign,ADCK4,69.0
Q96D53,K69V,0.1967,benign,ADCK4,69.0
Q96D53,K69W,0.4702,ambiguous,ADCK4,69.0
Q96D53,K69Y,0.4143,ambiguous,ADCK4,69.0
Q96D53,T70A,0.0628,benign,ADCK4,70.0
Q96D53,T70C,0.2547,benign,ADCK4,70.0
Q96D53,T70D,0.1849,benign,ADCK4,70.0
Q96D53,T70E,0.1489,benign,ADCK4,70.0
Q96D53,T70F,0.1381,benign,ADCK4,70.0
Q96D53,T70G,0.1136,benign,ADCK4,70.0
Q96D53,T70H,0.129,benign,ADCK4,70.0
Q96D53,T70I,0.0872,benign,ADCK4,70.0
Q96D53,T70K,0.1096,benign,ADCK4,70.0
Q96D53,T70L,0.0771,benign,ADCK4,70.0
Q96D53,T70M,0.08,benign,ADCK4,70.0
Q96D53,T70N,0.0796,benign,ADCK4,70.0
Q96D53,T70P,0.062,benign,ADCK4,70.0
Q96D53,T70Q,0.1186,benign,ADCK4,70.0
Q96D53,T70R,0.0938,benign,ADCK4,70.0
Q96D53,T70S,0.0842,benign,ADCK4,70.0
Q96D53,T70V,0.0854,benign,ADCK4,70.0
Q96D53,T70W,0.251,benign,ADCK4,70.0
Q96D53,T70Y,0.1377,benign,ADCK4,70.0
Q96D53,P71A,0.0595,benign,ADCK4,71.0
Q96D53,P71C,0.2294,benign,ADCK4,71.0
Q96D53,P71D,0.2285,benign,ADCK4,71.0
Q96D53,P71E,0.1495,benign,ADCK4,71.0
Q96D53,P71F,0.2046,benign,ADCK4,71.0
Q96D53,P71G,0.1468,benign,ADCK4,71.0
Q96D53,P71H,0.0998,benign,ADCK4,71.0
Q96D53,P71I,0.1465,benign,ADCK4,71.0
Q96D53,P71K,0.1491,benign,ADCK4,71.0
Q96D53,P71L,0.0792,benign,ADCK4,71.0
Q96D53,P71M,0.1803,benign,ADCK4,71.0
Q96D53,P71N,0.2,benign,ADCK4,71.0
Q96D53,P71Q,0.0867,benign,ADCK4,71.0
Q96D53,P71R,0.0789,benign,ADCK4,71.0
Q96D53,P71S,0.0822,benign,ADCK4,71.0
Q96D53,P71T,0.0733,benign,ADCK4,71.0
Q96D53,P71V,0.1021,benign,ADCK4,71.0
Q96D53,P71W,0.228,benign,ADCK4,71.0
Q96D53,P71Y,0.2081,benign,ADCK4,71.0
Q96D53,R72A,0.2163,benign,ADCK4,72.0
Q96D53,R72C,0.1341,benign,ADCK4,72.0
Q96D53,R72D,0.5206,ambiguous,ADCK4,72.0
Q96D53,R72E,0.2808,benign,ADCK4,72.0
Q96D53,R72F,0.2884,benign,ADCK4,72.0
Q96D53,R72G,0.1404,benign,ADCK4,72.0
Q96D53,R72H,0.1062,benign,ADCK4,72.0
Q96D53,R72I,0.1745,benign,ADCK4,72.0
Q96D53,R72K,0.1211,benign,ADCK4,72.0
Q96D53,R72L,0.1195,benign,ADCK4,72.0
Q96D53,R72M,0.2479,benign,ADCK4,72.0
Q96D53,R72N,0.4873,ambiguous,ADCK4,72.0
Q96D53,R72P,0.1751,benign,ADCK4,72.0
Q96D53,R72Q,0.1008,benign,ADCK4,72.0
Q96D53,R72S,0.2962,benign,ADCK4,72.0
Q96D53,R72T,0.2032,benign,ADCK4,72.0
Q96D53,R72V,0.2096,benign,ADCK4,72.0
Q96D53,R72W,0.1076,benign,ADCK4,72.0
Q96D53,R72Y,0.2352,benign,ADCK4,72.0
Q96D53,P73A,0.0914,benign,ADCK4,73.0
Q96D53,P73C,0.3711,ambiguous,ADCK4,73.0
Q96D53,P73D,0.4822,ambiguous,ADCK4,73.0
Q96D53,P73E,0.2523,benign,ADCK4,73.0
Q96D53,P73F,0.2997,benign,ADCK4,73.0
Q96D53,P73G,0.2288,benign,ADCK4,73.0
Q96D53,P73H,0.1566,benign,ADCK4,73.0
Q96D53,P73I,0.201,benign,ADCK4,73.0
Q96D53,P73K,0.2245,benign,ADCK4,73.0
Q96D53,P73L,0.0957,benign,ADCK4,73.0
Q96D53,P73M,0.2314,benign,ADCK4,73.0
Q96D53,P73N,0.3404,ambiguous,ADCK4,73.0
Q96D53,P73Q,0.1122,benign,ADCK4,73.0
Q96D53,P73R,0.1209,benign,ADCK4,73.0
Q96D53,P73S,0.137,benign,ADCK4,73.0
Q96D53,P73T,0.1028,benign,ADCK4,73.0
Q96D53,P73V,0.1426,benign,ADCK4,73.0
Q96D53,P73W,0.3334,benign,ADCK4,73.0
Q96D53,P73Y,0.3145,benign,ADCK4,73.0
Q96D53,Q74A,0.1195,benign,ADCK4,74.0
Q96D53,Q74C,0.3288,benign,ADCK4,74.0
Q96D53,Q74D,0.2994,benign,ADCK4,74.0
Q96D53,Q74E,0.0939,benign,ADCK4,74.0
Q96D53,Q74F,0.3767,ambiguous,ADCK4,74.0
Q96D53,Q74G,0.1571,benign,ADCK4,74.0
Q96D53,Q74H,0.1427,benign,ADCK4,74.0
Q96D53,Q74I,0.2212,benign,ADCK4,74.0
Q96D53,Q74K,0.0879,benign,ADCK4,74.0
Q96D53,Q74L,0.0898,benign,ADCK4,74.0
Q96D53,Q74M,0.2527,benign,ADCK4,74.0
Q96D53,Q74N,0.2659,benign,ADCK4,74.0
Q96D53,Q74P,0.0807,benign,ADCK4,74.0
Q96D53,Q74R,0.067,benign,ADCK4,74.0
Q96D53,Q74S,0.1441,benign,ADCK4,74.0
Q96D53,Q74T,0.1328,benign,ADCK4,74.0
Q96D53,Q74V,0.1327,benign,ADCK4,74.0
Q96D53,Q74W,0.2507,benign,ADCK4,74.0
Q96D53,Q74Y,0.2651,benign,ADCK4,74.0
Q96D53,L75A,0.4276,ambiguous,ADCK4,75.0
Q96D53,L75C,0.6584,pathogenic,ADCK4,75.0
Q96D53,L75D,0.8211,pathogenic,ADCK4,75.0
Q96D53,L75E,0.5808,pathogenic,ADCK4,75.0
Q96D53,L75F,0.2857,benign,ADCK4,75.0
Q96D53,L75G,0.5568,ambiguous,ADCK4,75.0
Q96D53,L75H,0.4371,ambiguous,ADCK4,75.0
Q96D53,L75I,0.1747,benign,ADCK4,75.0
Q96D53,L75K,0.4144,ambiguous,ADCK4,75.0
Q96D53,L75M,0.2303,benign,ADCK4,75.0
Q96D53,L75N,0.6504,pathogenic,ADCK4,75.0
Q96D53,L75P,0.2283,benign,ADCK4,75.0
Q96D53,L75Q,0.3297,benign,ADCK4,75.0
Q96D53,L75R,0.2194,benign,ADCK4,75.0
Q96D53,L75S,0.6102,pathogenic,ADCK4,75.0
Q96D53,L75T,0.4911,ambiguous,ADCK4,75.0
Q96D53,L75V,0.1624,benign,ADCK4,75.0
Q96D53,L75W,0.3315,benign,ADCK4,75.0
Q96D53,L75Y,0.5225,ambiguous,ADCK4,75.0
Q96D53,S76A,0.1156,benign,ADCK4,76.0
Q96D53,S76C,0.1281,benign,ADCK4,76.0
Q96D53,S76D,0.4073,ambiguous,ADCK4,76.0
Q96D53,S76E,0.5653,pathogenic,ADCK4,76.0
Q96D53,S76F,0.3928,ambiguous,ADCK4,76.0
Q96D53,S76G,0.0849,benign,ADCK4,76.0
Q96D53,S76H,0.3549,ambiguous,ADCK4,76.0
Q96D53,S76I,0.3528,ambiguous,ADCK4,76.0
Q96D53,S76K,0.6657,pathogenic,ADCK4,76.0
Q96D53,S76L,0.1621,benign,ADCK4,76.0
Q96D53,S76M,0.3614,ambiguous,ADCK4,76.0
Q96D53,S76N,0.2103,benign,ADCK4,76.0
Q96D53,S76P,0.1579,benign,ADCK4,76.0
Q96D53,S76Q,0.5027,ambiguous,ADCK4,76.0
Q96D53,S76R,0.5181,ambiguous,ADCK4,76.0
Q96D53,S76T,0.1216,benign,ADCK4,76.0
Q96D53,S76V,0.3118,benign,ADCK4,76.0
Q96D53,S76W,0.2998,benign,ADCK4,76.0
Q96D53,S76Y,0.3266,benign,ADCK4,76.0
Q96D53,D77A,0.0709,benign,ADCK4,77.0
Q96D53,D77C,0.289,benign,ADCK4,77.0
Q96D53,D77E,0.0759,benign,ADCK4,77.0
Q96D53,D77F,0.2928,benign,ADCK4,77.0
Q96D53,D77G,0.076,benign,ADCK4,77.0
Q96D53,D77H,0.1009,benign,ADCK4,77.0
Q96D53,D77I,0.1749,benign,ADCK4,77.0
Q96D53,D77K,0.1288,benign,ADCK4,77.0
Q96D53,D77L,0.1478,benign,ADCK4,77.0
Q96D53,D77M,0.3253,benign,ADCK4,77.0
Q96D53,D77N,0.0893,benign,ADCK4,77.0
Q96D53,D77P,0.1417,benign,ADCK4,77.0
Q96D53,D77Q,0.1051,benign,ADCK4,77.0
Q96D53,D77R,0.1128,benign,ADCK4,77.0
Q96D53,D77S,0.0688,benign,ADCK4,77.0
Q96D53,D77T,0.1152,benign,ADCK4,77.0
Q96D53,D77V,0.1044,benign,ADCK4,77.0
Q96D53,D77W,0.4957,ambiguous,ADCK4,77.0
Q96D53,D77Y,0.1316,benign,ADCK4,77.0
Q96D53,R78A,0.1556,benign,ADCK4,78.0
Q96D53,R78C,0.1081,benign,ADCK4,78.0
Q96D53,R78D,0.2724,benign,ADCK4,78.0
Q96D53,R78E,0.1969,benign,ADCK4,78.0
Q96D53,R78F,0.2585,benign,ADCK4,78.0
Q96D53,R78G,0.0954,benign,ADCK4,78.0
Q96D53,R78H,0.0801,benign,ADCK4,78.0
Q96D53,R78I,0.1627,benign,ADCK4,78.0
Q96D53,R78K,0.1181,benign,ADCK4,78.0
Q96D53,R78L,0.1316,benign,ADCK4,78.0
Q96D53,R78M,0.2329,benign,ADCK4,78.0
Q96D53,R78N,0.269,benign,ADCK4,78.0
Q96D53,R78P,0.2533,benign,ADCK4,78.0
Q96D53,R78Q,0.0841,benign,ADCK4,78.0
Q96D53,R78S,0.1769,benign,ADCK4,78.0
Q96D53,R78T,0.12,benign,ADCK4,78.0
Q96D53,R78V,0.1858,benign,ADCK4,78.0
Q96D53,R78W,0.1097,benign,ADCK4,78.0
Q96D53,R78Y,0.1941,benign,ADCK4,78.0
Q96D53,S79A,0.0707,benign,ADCK4,79.0
Q96D53,S79C,0.1231,benign,ADCK4,79.0
Q96D53,S79D,0.7842,pathogenic,ADCK4,79.0
Q96D53,S79E,0.764,pathogenic,ADCK4,79.0
Q96D53,S79F,0.515,ambiguous,ADCK4,79.0
Q96D53,S79G,0.1595,benign,ADCK4,79.0
Q96D53,S79H,0.591,pathogenic,ADCK4,79.0
Q96D53,S79I,0.5287,ambiguous,ADCK4,79.0
Q96D53,S79K,0.8816,pathogenic,ADCK4,79.0
Q96D53,S79L,0.2431,benign,ADCK4,79.0
Q96D53,S79M,0.4754,ambiguous,ADCK4,79.0
Q96D53,S79N,0.4921,ambiguous,ADCK4,79.0
Q96D53,S79P,0.3196,benign,ADCK4,79.0
Q96D53,S79Q,0.6595,pathogenic,ADCK4,79.0
Q96D53,S79R,0.7688,pathogenic,ADCK4,79.0
Q96D53,S79T,0.2074,benign,ADCK4,79.0
Q96D53,S79V,0.3606,ambiguous,ADCK4,79.0
Q96D53,S79W,0.4522,ambiguous,ADCK4,79.0
Q96D53,S79Y,0.4145,ambiguous,ADCK4,79.0
Q96D53,R80A,0.2392,benign,ADCK4,80.0
Q96D53,R80C,0.1406,benign,ADCK4,80.0
Q96D53,R80D,0.5629,ambiguous,ADCK4,80.0
Q96D53,R80E,0.2455,benign,ADCK4,80.0
Q96D53,R80F,0.4159,ambiguous,ADCK4,80.0
Q96D53,R80G,0.1627,benign,ADCK4,80.0
Q96D53,R80H,0.1056,benign,ADCK4,80.0
Q96D53,R80I,0.2619,benign,ADCK4,80.0
Q96D53,R80K,0.1005,benign,ADCK4,80.0
Q96D53,R80L,0.1701,benign,ADCK4,80.0
Q96D53,R80M,0.2811,benign,ADCK4,80.0
Q96D53,R80N,0.4898,ambiguous,ADCK4,80.0
Q96D53,R80P,0.3987,ambiguous,ADCK4,80.0
Q96D53,R80Q,0.0826,benign,ADCK4,80.0
Q96D53,R80S,0.3126,benign,ADCK4,80.0
Q96D53,R80T,0.1905,benign,ADCK4,80.0
Q96D53,R80V,0.2458,benign,ADCK4,80.0
Q96D53,R80W,0.1214,benign,ADCK4,80.0
Q96D53,R80Y,0.316,benign,ADCK4,80.0
Q96D53,E81A,0.1779,benign,ADCK4,81.0
Q96D53,E81C,0.8859,pathogenic,ADCK4,81.0
Q96D53,E81D,0.6545,pathogenic,ADCK4,81.0
Q96D53,E81F,0.889,pathogenic,ADCK4,81.0
Q96D53,E81G,0.2338,benign,ADCK4,81.0
Q96D53,E81H,0.7686,pathogenic,ADCK4,81.0
Q96D53,E81I,0.6712,pathogenic,ADCK4,81.0
Q96D53,E81K,0.332,benign,ADCK4,81.0
Q96D53,E81L,0.6118,pathogenic,ADCK4,81.0
Q96D53,E81M,0.6355,pathogenic,ADCK4,81.0
Q96D53,E81N,0.775,pathogenic,ADCK4,81.0
Q96D53,E81P,0.4951,ambiguous,ADCK4,81.0
Q96D53,E81Q,0.1363,benign,ADCK4,81.0
Q96D53,E81R,0.3963,ambiguous,ADCK4,81.0
Q96D53,E81S,0.3656,ambiguous,ADCK4,81.0
Q96D53,E81T,0.4849,ambiguous,ADCK4,81.0
Q96D53,E81V,0.4074,ambiguous,ADCK4,81.0
Q96D53,E81W,0.9501,pathogenic,ADCK4,81.0
Q96D53,E81Y,0.8424,pathogenic,ADCK4,81.0
Q96D53,R82A,0.3422,ambiguous,ADCK4,82.0
Q96D53,R82C,0.1214,benign,ADCK4,82.0
Q96D53,R82D,0.6352,pathogenic,ADCK4,82.0
Q96D53,R82E,0.3276,benign,ADCK4,82.0
Q96D53,R82F,0.5397,ambiguous,ADCK4,82.0
Q96D53,R82G,0.1934,benign,ADCK4,82.0
Q96D53,R82H,0.1037,benign,ADCK4,82.0
Q96D53,R82I,0.3298,benign,ADCK4,82.0
Q96D53,R82K,0.1287,benign,ADCK4,82.0
Q96D53,R82L,0.224,benign,ADCK4,82.0
Q96D53,R82M,0.3472,ambiguous,ADCK4,82.0
Q96D53,R82N,0.5103,ambiguous,ADCK4,82.0
Q96D53,R82P,0.696,pathogenic,ADCK4,82.0
Q96D53,R82Q,0.0864,benign,ADCK4,82.0
Q96D53,R82S,0.3669,ambiguous,ADCK4,82.0
Q96D53,R82T,0.2726,benign,ADCK4,82.0
Q96D53,R82V,0.3354,benign,ADCK4,82.0
Q96D53,R82W,0.1479,benign,ADCK4,82.0
Q96D53,R82Y,0.3292,benign,ADCK4,82.0
Q96D53,K83A,0.1691,benign,ADCK4,83.0
Q96D53,K83C,0.4846,ambiguous,ADCK4,83.0
Q96D53,K83D,0.5571,ambiguous,ADCK4,83.0
Q96D53,K83E,0.1658,benign,ADCK4,83.0
Q96D53,K83F,0.6867,pathogenic,ADCK4,83.0
Q96D53,K83G,0.3326,benign,ADCK4,83.0
Q96D53,K83H,0.2266,benign,ADCK4,83.0
Q96D53,K83I,0.3276,benign,ADCK4,83.0
Q96D53,K83L,0.26,benign,ADCK4,83.0
Q96D53,K83M,0.1979,benign,ADCK4,83.0
Q96D53,K83N,0.3921,ambiguous,ADCK4,83.0
Q96D53,K83P,0.2237,benign,ADCK4,83.0
Q96D53,K83Q,0.099,benign,ADCK4,83.0
Q96D53,K83R,0.0687,benign,ADCK4,83.0
Q96D53,K83S,0.27,benign,ADCK4,83.0
Q96D53,K83T,0.1221,benign,ADCK4,83.0
Q96D53,K83V,0.2376,benign,ADCK4,83.0
Q96D53,K83W,0.5625,ambiguous,ADCK4,83.0
Q96D53,K83Y,0.5159,ambiguous,ADCK4,83.0
Q96D53,V84A,0.7431,pathogenic,ADCK4,84.0
Q96D53,V84C,0.9703,pathogenic,ADCK4,84.0
Q96D53,V84D,0.9235,pathogenic,ADCK4,84.0
Q96D53,V84E,0.8281,pathogenic,ADCK4,84.0
Q96D53,V84F,0.5766,pathogenic,ADCK4,84.0
Q96D53,V84G,0.6197,pathogenic,ADCK4,84.0
Q96D53,V84H,0.9499,pathogenic,ADCK4,84.0
Q96D53,V84I,0.1463,benign,ADCK4,84.0
Q96D53,V84K,0.896,pathogenic,ADCK4,84.0
Q96D53,V84L,0.5617,ambiguous,ADCK4,84.0
Q96D53,V84M,0.5345,ambiguous,ADCK4,84.0
Q96D53,V84N,0.8737,pathogenic,ADCK4,84.0
Q96D53,V84P,0.799,pathogenic,ADCK4,84.0
Q96D53,V84Q,0.8563,pathogenic,ADCK4,84.0
Q96D53,V84R,0.8213,pathogenic,ADCK4,84.0
Q96D53,V84S,0.7938,pathogenic,ADCK4,84.0
Q96D53,V84T,0.8103,pathogenic,ADCK4,84.0
Q96D53,V84W,0.9644,pathogenic,ADCK4,84.0
Q96D53,V84Y,0.892,pathogenic,ADCK4,84.0
Q96D53,P85A,0.2846,benign,ADCK4,85.0
Q96D53,P85C,0.8838,pathogenic,ADCK4,85.0
Q96D53,P85D,0.932,pathogenic,ADCK4,85.0
Q96D53,P85E,0.8001,pathogenic,ADCK4,85.0
Q96D53,P85F,0.8965,pathogenic,ADCK4,85.0
Q96D53,P85G,0.7631,pathogenic,ADCK4,85.0
Q96D53,P85H,0.6223,pathogenic,ADCK4,85.0
Q96D53,P85I,0.842,pathogenic,ADCK4,85.0
Q96D53,P85K,0.7983,pathogenic,ADCK4,85.0
Q96D53,P85L,0.4563,ambiguous,ADCK4,85.0
Q96D53,P85M,0.8178,pathogenic,ADCK4,85.0
Q96D53,P85N,0.9053,pathogenic,ADCK4,85.0
Q96D53,P85Q,0.5721,pathogenic,ADCK4,85.0
Q96D53,P85R,0.5139,ambiguous,ADCK4,85.0
Q96D53,P85S,0.5019,ambiguous,ADCK4,85.0
Q96D53,P85T,0.4406,ambiguous,ADCK4,85.0
Q96D53,P85V,0.6568,pathogenic,ADCK4,85.0
Q96D53,P85W,0.9023,pathogenic,ADCK4,85.0
Q96D53,P85Y,0.877,pathogenic,ADCK4,85.0
Q96D53,A86C,0.406,ambiguous,ADCK4,86.0
Q96D53,A86D,0.2354,benign,ADCK4,86.0
Q96D53,A86E,0.2253,benign,ADCK4,86.0
Q96D53,A86F,0.3024,benign,ADCK4,86.0
Q96D53,A86G,0.1261,benign,ADCK4,86.0
Q96D53,A86H,0.3474,ambiguous,ADCK4,86.0
Q96D53,A86I,0.2052,benign,ADCK4,86.0
Q96D53,A86K,0.3583,ambiguous,ADCK4,86.0
Q96D53,A86L,0.1923,benign,ADCK4,86.0
Q96D53,A86M,0.2283,benign,ADCK4,86.0
Q96D53,A86N,0.2421,benign,ADCK4,86.0
Q96D53,A86P,0.2346,benign,ADCK4,86.0
Q96D53,A86Q,0.2622,benign,ADCK4,86.0
Q96D53,A86R,0.2566,benign,ADCK4,86.0
Q96D53,A86S,0.0788,benign,ADCK4,86.0
Q96D53,A86T,0.0723,benign,ADCK4,86.0
Q96D53,A86V,0.0922,benign,ADCK4,86.0
Q96D53,A86W,0.6371,pathogenic,ADCK4,86.0
Q96D53,A86Y,0.4245,ambiguous,ADCK4,86.0
Q96D53,S87A,0.1658,benign,ADCK4,87.0
Q96D53,S87C,0.2144,benign,ADCK4,87.0
Q96D53,S87D,0.5211,ambiguous,ADCK4,87.0
Q96D53,S87E,0.7648,pathogenic,ADCK4,87.0
Q96D53,S87F,0.4513,ambiguous,ADCK4,87.0
Q96D53,S87G,0.0846,benign,ADCK4,87.0
Q96D53,S87H,0.4596,ambiguous,ADCK4,87.0
Q96D53,S87I,0.5595,ambiguous,ADCK4,87.0
Q96D53,S87K,0.7907,pathogenic,ADCK4,87.0
Q96D53,S87L,0.2459,benign,ADCK4,87.0
Q96D53,S87M,0.428,ambiguous,ADCK4,87.0
Q96D53,S87N,0.2396,benign,ADCK4,87.0
Q96D53,S87P,0.5159,ambiguous,ADCK4,87.0
Q96D53,S87Q,0.682,pathogenic,ADCK4,87.0
Q96D53,S87R,0.6707,pathogenic,ADCK4,87.0
Q96D53,S87T,0.0941,benign,ADCK4,87.0
Q96D53,S87V,0.46,ambiguous,ADCK4,87.0
Q96D53,S87W,0.3626,ambiguous,ADCK4,87.0
Q96D53,S87Y,0.3692,ambiguous,ADCK4,87.0
Q96D53,R88A,0.4727,ambiguous,ADCK4,88.0
Q96D53,R88C,0.2052,benign,ADCK4,88.0
Q96D53,R88D,0.7627,pathogenic,ADCK4,88.0
Q96D53,R88E,0.5329,ambiguous,ADCK4,88.0
Q96D53,R88F,0.7336,pathogenic,ADCK4,88.0
Q96D53,R88G,0.2497,benign,ADCK4,88.0
Q96D53,R88H,0.1488,benign,ADCK4,88.0
Q96D53,R88I,0.5938,pathogenic,ADCK4,88.0
Q96D53,R88K,0.2326,benign,ADCK4,88.0
Q96D53,R88L,0.4418,ambiguous,ADCK4,88.0
Q96D53,R88M,0.6338,pathogenic,ADCK4,88.0
Q96D53,R88N,0.6883,pathogenic,ADCK4,88.0
Q96D53,R88P,0.328,benign,ADCK4,88.0
Q96D53,R88Q,0.1212,benign,ADCK4,88.0
Q96D53,R88S,0.4751,ambiguous,ADCK4,88.0
Q96D53,R88T,0.403,ambiguous,ADCK4,88.0
Q96D53,R88V,0.5838,pathogenic,ADCK4,88.0
Q96D53,R88W,0.1935,benign,ADCK4,88.0
Q96D53,R88Y,0.5029,ambiguous,ADCK4,88.0
Q96D53,I89A,0.4364,ambiguous,ADCK4,89.0
Q96D53,I89C,0.6429,pathogenic,ADCK4,89.0
Q96D53,I89D,0.9249,pathogenic,ADCK4,89.0
Q96D53,I89E,0.8802,pathogenic,ADCK4,89.0
Q96D53,I89F,0.09,benign,ADCK4,89.0
Q96D53,I89G,0.6732,pathogenic,ADCK4,89.0
Q96D53,I89H,0.7301,pathogenic,ADCK4,89.0
Q96D53,I89K,0.7192,pathogenic,ADCK4,89.0
Q96D53,I89L,0.0785,benign,ADCK4,89.0
Q96D53,I89M,0.1079,benign,ADCK4,89.0
Q96D53,I89N,0.6809,pathogenic,ADCK4,89.0
Q96D53,I89P,0.6322,pathogenic,ADCK4,89.0
Q96D53,I89Q,0.7401,pathogenic,ADCK4,89.0
Q96D53,I89R,0.5654,pathogenic,ADCK4,89.0
Q96D53,I89S,0.5663,pathogenic,ADCK4,89.0
Q96D53,I89T,0.5731,pathogenic,ADCK4,89.0
Q96D53,I89V,0.1032,benign,ADCK4,89.0
Q96D53,I89W,0.429,ambiguous,ADCK4,89.0
Q96D53,I89Y,0.4334,ambiguous,ADCK4,89.0
Q96D53,S90A,0.1107,benign,ADCK4,90.0
Q96D53,S90C,0.1731,benign,ADCK4,90.0
Q96D53,S90D,0.5188,ambiguous,ADCK4,90.0
Q96D53,S90E,0.56,ambiguous,ADCK4,90.0
Q96D53,S90F,0.3658,ambiguous,ADCK4,90.0
Q96D53,S90G,0.0761,benign,ADCK4,90.0
Q96D53,S90H,0.3753,ambiguous,ADCK4,90.0
Q96D53,S90I,0.3375,benign,ADCK4,90.0
Q96D53,S90K,0.6827,pathogenic,ADCK4,90.0
Q96D53,S90L,0.2181,benign,ADCK4,90.0
Q96D53,S90M,0.3533,ambiguous,ADCK4,90.0
Q96D53,S90N,0.2295,benign,ADCK4,90.0
Q96D53,S90P,0.4696,ambiguous,ADCK4,90.0
Q96D53,S90Q,0.4576,ambiguous,ADCK4,90.0
Q96D53,S90R,0.5117,ambiguous,ADCK4,90.0
Q96D53,S90T,0.1231,benign,ADCK4,90.0
Q96D53,S90V,0.3251,benign,ADCK4,90.0
Q96D53,S90W,0.3492,ambiguous,ADCK4,90.0
Q96D53,S90Y,0.3079,benign,ADCK4,90.0
Q96D53,R91A,0.9543,pathogenic,ADCK4,91.0
Q96D53,R91C,0.5475,ambiguous,ADCK4,91.0
Q96D53,R91D,0.9829,pathogenic,ADCK4,91.0
Q96D53,R91E,0.9415,pathogenic,ADCK4,91.0
Q96D53,R91F,0.9729,pathogenic,ADCK4,91.0
Q96D53,R91G,0.8651,pathogenic,ADCK4,91.0
Q96D53,R91H,0.5252,ambiguous,ADCK4,91.0
Q96D53,R91I,0.9301,pathogenic,ADCK4,91.0
Q96D53,R91K,0.828,pathogenic,ADCK4,91.0
Q96D53,R91L,0.7887,pathogenic,ADCK4,91.0
Q96D53,R91M,0.9651,pathogenic,ADCK4,91.0
Q96D53,R91N,0.9756,pathogenic,ADCK4,91.0
Q96D53,R91P,0.9362,pathogenic,ADCK4,91.0
Q96D53,R91Q,0.5232,ambiguous,ADCK4,91.0
Q96D53,R91S,0.942,pathogenic,ADCK4,91.0
Q96D53,R91T,0.9444,pathogenic,ADCK4,91.0
Q96D53,R91V,0.9309,pathogenic,ADCK4,91.0
Q96D53,R91W,0.5314,ambiguous,ADCK4,91.0
Q96D53,R91Y,0.9061,pathogenic,ADCK4,91.0
Q96D53,L92A,0.3746,ambiguous,ADCK4,92.0
Q96D53,L92C,0.7199,pathogenic,ADCK4,92.0
Q96D53,L92D,0.985,pathogenic,ADCK4,92.0
Q96D53,L92E,0.9062,pathogenic,ADCK4,92.0
Q96D53,L92F,0.1157,benign,ADCK4,92.0
Q96D53,L92G,0.775,pathogenic,ADCK4,92.0
Q96D53,L92H,0.745,pathogenic,ADCK4,92.0
Q96D53,L92I,0.1361,benign,ADCK4,92.0
Q96D53,L92K,0.8159,pathogenic,ADCK4,92.0
Q96D53,L92M,0.1147,benign,ADCK4,92.0
Q96D53,L92N,0.9349,pathogenic,ADCK4,92.0
Q96D53,L92P,0.8737,pathogenic,ADCK4,92.0
Q96D53,L92Q,0.5766,pathogenic,ADCK4,92.0
Q96D53,L92R,0.6269,pathogenic,ADCK4,92.0
Q96D53,L92S,0.7057,pathogenic,ADCK4,92.0
Q96D53,L92T,0.5325,ambiguous,ADCK4,92.0
Q96D53,L92V,0.1208,benign,ADCK4,92.0
Q96D53,L92W,0.2069,benign,ADCK4,92.0
Q96D53,L92Y,0.576,pathogenic,ADCK4,92.0
Q96D53,A93C,0.4595,ambiguous,ADCK4,93.0
Q96D53,A93D,0.8897,pathogenic,ADCK4,93.0
Q96D53,A93E,0.7515,pathogenic,ADCK4,93.0
Q96D53,A93F,0.2677,benign,ADCK4,93.0
Q96D53,A93G,0.1596,benign,ADCK4,93.0
Q96D53,A93H,0.7238,pathogenic,ADCK4,93.0
Q96D53,A93I,0.217,benign,ADCK4,93.0
Q96D53,A93K,0.739,pathogenic,ADCK4,93.0
Q96D53,A93L,0.1659,benign,ADCK4,93.0
Q96D53,A93M,0.1984,benign,ADCK4,93.0
Q96D53,A93N,0.7303,pathogenic,ADCK4,93.0
Q96D53,A93P,0.8511,pathogenic,ADCK4,93.0
Q96D53,A93Q,0.5824,pathogenic,ADCK4,93.0
Q96D53,A93R,0.5852,pathogenic,ADCK4,93.0
Q96D53,A93S,0.1801,benign,ADCK4,93.0
Q96D53,A93T,0.1205,benign,ADCK4,93.0
Q96D53,A93V,0.0918,benign,ADCK4,93.0
Q96D53,A93W,0.5513,ambiguous,ADCK4,93.0
Q96D53,A93Y,0.5439,ambiguous,ADCK4,93.0
Q96D53,N94A,0.124,benign,ADCK4,94.0
Q96D53,N94C,0.1574,benign,ADCK4,94.0
Q96D53,N94D,0.1669,benign,ADCK4,94.0
Q96D53,N94E,0.3777,ambiguous,ADCK4,94.0
Q96D53,N94F,0.5199,ambiguous,ADCK4,94.0
Q96D53,N94G,0.1302,benign,ADCK4,94.0
Q96D53,N94H,0.0691,benign,ADCK4,94.0
Q96D53,N94I,0.2446,benign,ADCK4,94.0
Q96D53,N94K,0.2305,benign,ADCK4,94.0
Q96D53,N94L,0.2315,benign,ADCK4,94.0
Q96D53,N94M,0.3513,ambiguous,ADCK4,94.0
Q96D53,N94P,0.5509,ambiguous,ADCK4,94.0
Q96D53,N94Q,0.2197,benign,ADCK4,94.0
Q96D53,N94R,0.1905,benign,ADCK4,94.0
Q96D53,N94S,0.0479,benign,ADCK4,94.0
Q96D53,N94T,0.0846,benign,ADCK4,94.0
Q96D53,N94V,0.1942,benign,ADCK4,94.0
Q96D53,N94W,0.5885,pathogenic,ADCK4,94.0
Q96D53,N94Y,0.1435,benign,ADCK4,94.0
Q96D53,F95A,0.7975,pathogenic,ADCK4,95.0
Q96D53,F95C,0.8189,pathogenic,ADCK4,95.0
Q96D53,F95D,0.9877,pathogenic,ADCK4,95.0
Q96D53,F95E,0.9883,pathogenic,ADCK4,95.0
Q96D53,F95G,0.9332,pathogenic,ADCK4,95.0
Q96D53,F95H,0.9564,pathogenic,ADCK4,95.0
Q96D53,F95I,0.4084,ambiguous,ADCK4,95.0
Q96D53,F95K,0.9889,pathogenic,ADCK4,95.0
Q96D53,F95L,0.8964,pathogenic,ADCK4,95.0
Q96D53,F95M,0.6635,pathogenic,ADCK4,95.0
Q96D53,F95N,0.9756,pathogenic,ADCK4,95.0
Q96D53,F95P,0.9972,pathogenic,ADCK4,95.0
Q96D53,F95Q,0.9757,pathogenic,ADCK4,95.0
Q96D53,F95R,0.965,pathogenic,ADCK4,95.0
Q96D53,F95S,0.8524,pathogenic,ADCK4,95.0
Q96D53,F95T,0.7822,pathogenic,ADCK4,95.0
Q96D53,F95V,0.3573,ambiguous,ADCK4,95.0
Q96D53,F95W,0.709,pathogenic,ADCK4,95.0
Q96D53,F95Y,0.4188,ambiguous,ADCK4,95.0
Q96D53,G96A,0.1529,benign,ADCK4,96.0
Q96D53,G96C,0.3294,benign,ADCK4,96.0
Q96D53,G96D,0.9745,pathogenic,ADCK4,96.0
Q96D53,G96E,0.9608,pathogenic,ADCK4,96.0
Q96D53,G96F,0.8807,pathogenic,ADCK4,96.0
Q96D53,G96H,0.9236,pathogenic,ADCK4,96.0
Q96D53,G96I,0.7209,pathogenic,ADCK4,96.0
Q96D53,G96K,0.9686,pathogenic,ADCK4,96.0
Q96D53,G96L,0.7377,pathogenic,ADCK4,96.0
Q96D53,G96M,0.7915,pathogenic,ADCK4,96.0
Q96D53,G96N,0.941,pathogenic,ADCK4,96.0
Q96D53,G96P,0.9831,pathogenic,ADCK4,96.0
Q96D53,G96Q,0.8886,pathogenic,ADCK4,96.0
Q96D53,G96R,0.8898,pathogenic,ADCK4,96.0
Q96D53,G96S,0.1195,benign,ADCK4,96.0
Q96D53,G96T,0.1975,benign,ADCK4,96.0
Q96D53,G96V,0.4929,ambiguous,ADCK4,96.0
Q96D53,G96W,0.773,pathogenic,ADCK4,96.0
Q96D53,G96Y,0.9141,pathogenic,ADCK4,96.0
Q96D53,G97A,0.1355,benign,ADCK4,97.0
Q96D53,G97C,0.2073,benign,ADCK4,97.0
Q96D53,G97D,0.5638,ambiguous,ADCK4,97.0
Q96D53,G97E,0.4005,ambiguous,ADCK4,97.0
Q96D53,G97F,0.4727,ambiguous,ADCK4,97.0
Q96D53,G97H,0.3922,ambiguous,ADCK4,97.0
Q96D53,G97I,0.2846,benign,ADCK4,97.0
Q96D53,G97K,0.4084,ambiguous,ADCK4,97.0
Q96D53,G97L,0.3435,ambiguous,ADCK4,97.0
Q96D53,G97M,0.4047,ambiguous,ADCK4,97.0
Q96D53,G97N,0.4324,ambiguous,ADCK4,97.0
Q96D53,G97P,0.9331,pathogenic,ADCK4,97.0
Q96D53,G97Q,0.326,benign,ADCK4,97.0
Q96D53,G97R,0.2729,benign,ADCK4,97.0
Q96D53,G97S,0.0935,benign,ADCK4,97.0
Q96D53,G97T,0.157,benign,ADCK4,97.0
Q96D53,G97V,0.1811,benign,ADCK4,97.0
Q96D53,G97W,0.2786,benign,ADCK4,97.0
Q96D53,G97Y,0.3903,ambiguous,ADCK4,97.0
Q96D53,L98A,0.6892,pathogenic,ADCK4,98.0
Q96D53,L98C,0.8813,pathogenic,ADCK4,98.0
Q96D53,L98D,0.985,pathogenic,ADCK4,98.0
Q96D53,L98E,0.9275,pathogenic,ADCK4,98.0
Q96D53,L98F,0.3609,ambiguous,ADCK4,98.0
Q96D53,L98G,0.8734,pathogenic,ADCK4,98.0
Q96D53,L98H,0.873,pathogenic,ADCK4,98.0
Q96D53,L98I,0.2603,benign,ADCK4,98.0
Q96D53,L98K,0.8712,pathogenic,ADCK4,98.0
Q96D53,L98M,0.2051,benign,ADCK4,98.0
Q96D53,L98N,0.9543,pathogenic,ADCK4,98.0
Q96D53,L98P,0.8891,pathogenic,ADCK4,98.0
Q96D53,L98Q,0.7309,pathogenic,ADCK4,98.0
Q96D53,L98R,0.7406,pathogenic,ADCK4,98.0
Q96D53,L98S,0.8782,pathogenic,ADCK4,98.0
Q96D53,L98T,0.7278,pathogenic,ADCK4,98.0
Q96D53,L98V,0.2385,benign,ADCK4,98.0
Q96D53,L98W,0.5393,ambiguous,ADCK4,98.0
Q96D53,L98Y,0.8801,pathogenic,ADCK4,98.0
Q96D53,A99C,0.631,pathogenic,ADCK4,99.0
Q96D53,A99D,0.9716,pathogenic,ADCK4,99.0
Q96D53,A99E,0.9404,pathogenic,ADCK4,99.0
Q96D53,A99F,0.4278,ambiguous,ADCK4,99.0
Q96D53,A99G,0.1892,benign,ADCK4,99.0
Q96D53,A99H,0.9448,pathogenic,ADCK4,99.0
Q96D53,A99I,0.3946,ambiguous,ADCK4,99.0
Q96D53,A99K,0.9683,pathogenic,ADCK4,99.0
Q96D53,A99L,0.2425,benign,ADCK4,99.0
Q96D53,A99M,0.2641,benign,ADCK4,99.0
Q96D53,A99N,0.9371,pathogenic,ADCK4,99.0
Q96D53,A99P,0.8945,pathogenic,ADCK4,99.0
Q96D53,A99Q,0.8858,pathogenic,ADCK4,99.0
Q96D53,A99R,0.9296,pathogenic,ADCK4,99.0
Q96D53,A99S,0.2723,benign,ADCK4,99.0
Q96D53,A99T,0.17,benign,ADCK4,99.0
Q96D53,A99V,0.1525,benign,ADCK4,99.0
Q96D53,A99W,0.8738,pathogenic,ADCK4,99.0
Q96D53,A99Y,0.8436,pathogenic,ADCK4,99.0
Q96D53,V100A,0.0979,benign,ADCK4,100.0
Q96D53,V100C,0.6815,pathogenic,ADCK4,100.0
Q96D53,V100D,0.9436,pathogenic,ADCK4,100.0
Q96D53,V100E,0.8716,pathogenic,ADCK4,100.0
Q96D53,V100F,0.1172,benign,ADCK4,100.0
Q96D53,V100G,0.2361,benign,ADCK4,100.0
Q96D53,V100H,0.9167,pathogenic,ADCK4,100.0
Q96D53,V100I,0.09,benign,ADCK4,100.0
Q96D53,V100K,0.8664,pathogenic,ADCK4,100.0
Q96D53,V100L,0.1338,benign,ADCK4,100.0
Q96D53,V100M,0.1105,benign,ADCK4,100.0
Q96D53,V100N,0.8737,pathogenic,ADCK4,100.0
Q96D53,V100P,0.8867,pathogenic,ADCK4,100.0
Q96D53,V100Q,0.7921,pathogenic,ADCK4,100.0
Q96D53,V100R,0.7612,pathogenic,ADCK4,100.0
Q96D53,V100S,0.3824,ambiguous,ADCK4,100.0
Q96D53,V100T,0.2129,benign,ADCK4,100.0
Q96D53,V100W,0.6574,pathogenic,ADCK4,100.0
Q96D53,V100Y,0.7433,pathogenic,ADCK4,100.0
Q96D53,G101A,0.1423,benign,ADCK4,101.0
Q96D53,G101C,0.2022,benign,ADCK4,101.0
Q96D53,G101D,0.378,ambiguous,ADCK4,101.0
Q96D53,G101E,0.3402,ambiguous,ADCK4,101.0
Q96D53,G101F,0.5957,pathogenic,ADCK4,101.0
Q96D53,G101H,0.3297,benign,ADCK4,101.0
Q96D53,G101I,0.3794,ambiguous,ADCK4,101.0
Q96D53,G101K,0.3981,ambiguous,ADCK4,101.0
Q96D53,G101L,0.4424,ambiguous,ADCK4,101.0
Q96D53,G101M,0.4895,ambiguous,ADCK4,101.0
Q96D53,G101N,0.3432,ambiguous,ADCK4,101.0
Q96D53,G101P,0.9259,pathogenic,ADCK4,101.0
Q96D53,G101Q,0.2909,benign,ADCK4,101.0
Q96D53,G101R,0.2598,benign,ADCK4,101.0
Q96D53,G101S,0.0739,benign,ADCK4,101.0
Q96D53,G101T,0.1376,benign,ADCK4,101.0
Q96D53,G101V,0.2328,benign,ADCK4,101.0
Q96D53,G101W,0.3556,ambiguous,ADCK4,101.0
Q96D53,G101Y,0.4426,ambiguous,ADCK4,101.0
Q96D53,L102A,0.5715,pathogenic,ADCK4,102.0
Q96D53,L102C,0.7598,pathogenic,ADCK4,102.0
Q96D53,L102D,0.9896,pathogenic,ADCK4,102.0
Q96D53,L102E,0.9464,pathogenic,ADCK4,102.0
Q96D53,L102F,0.2204,benign,ADCK4,102.0
Q96D53,L102G,0.8698,pathogenic,ADCK4,102.0
Q96D53,L102H,0.8633,pathogenic,ADCK4,102.0
Q96D53,L102I,0.1251,benign,ADCK4,102.0
Q96D53,L102K,0.9255,pathogenic,ADCK4,102.0
Q96D53,L102M,0.1384,benign,ADCK4,102.0
Q96D53,L102N,0.9567,pathogenic,ADCK4,102.0
Q96D53,L102P,0.9042,pathogenic,ADCK4,102.0
Q96D53,L102Q,0.7794,pathogenic,ADCK4,102.0
Q96D53,L102R,0.8074,pathogenic,ADCK4,102.0
Q96D53,L102S,0.8193,pathogenic,ADCK4,102.0
Q96D53,L102T,0.6102,pathogenic,ADCK4,102.0
Q96D53,L102V,0.1319,benign,ADCK4,102.0
Q96D53,L102W,0.3774,ambiguous,ADCK4,102.0
Q96D53,L102Y,0.8173,pathogenic,ADCK4,102.0
Q96D53,G103A,0.1178,benign,ADCK4,103.0
Q96D53,G103C,0.1924,benign,ADCK4,103.0
Q96D53,G103D,0.9251,pathogenic,ADCK4,103.0
Q96D53,G103E,0.8806,pathogenic,ADCK4,103.0
Q96D53,G103F,0.6164,pathogenic,ADCK4,103.0
Q96D53,G103H,0.8593,pathogenic,ADCK4,103.0
Q96D53,G103I,0.3653,ambiguous,ADCK4,103.0
Q96D53,G103K,0.9482,pathogenic,ADCK4,103.0
Q96D53,G103L,0.4318,ambiguous,ADCK4,103.0
Q96D53,G103M,0.484,ambiguous,ADCK4,103.0
Q96D53,G103N,0.8176,pathogenic,ADCK4,103.0
Q96D53,G103P,0.9619,pathogenic,ADCK4,103.0
Q96D53,G103Q,0.8314,pathogenic,ADCK4,103.0
Q96D53,G103R,0.8911,pathogenic,ADCK4,103.0
Q96D53,G103S,0.0962,benign,ADCK4,103.0
Q96D53,G103T,0.1377,benign,ADCK4,103.0
Q96D53,G103V,0.2129,benign,ADCK4,103.0
Q96D53,G103W,0.6259,pathogenic,ADCK4,103.0
Q96D53,G103Y,0.7441,pathogenic,ADCK4,103.0
Q96D53,L104A,0.1973,benign,ADCK4,104.0
Q96D53,L104C,0.3852,ambiguous,ADCK4,104.0
Q96D53,L104D,0.9491,pathogenic,ADCK4,104.0
Q96D53,L104E,0.8267,pathogenic,ADCK4,104.0
Q96D53,L104F,0.0799,benign,ADCK4,104.0
Q96D53,L104G,0.4432,ambiguous,ADCK4,104.0
Q96D53,L104H,0.6075,pathogenic,ADCK4,104.0
Q96D53,L104I,0.0873,benign,ADCK4,104.0
Q96D53,L104K,0.7092,pathogenic,ADCK4,104.0
Q96D53,L104M,0.1002,benign,ADCK4,104.0
Q96D53,L104N,0.8332,pathogenic,ADCK4,104.0
Q96D53,L104P,0.6652,pathogenic,ADCK4,104.0
Q96D53,L104Q,0.5324,ambiguous,ADCK4,104.0
Q96D53,L104R,0.5017,ambiguous,ADCK4,104.0
Q96D53,L104S,0.4524,ambiguous,ADCK4,104.0
Q96D53,L104T,0.2845,benign,ADCK4,104.0
Q96D53,L104V,0.0798,benign,ADCK4,104.0
Q96D53,L104W,0.1049,benign,ADCK4,104.0
Q96D53,L104Y,0.401,ambiguous,ADCK4,104.0
Q96D53,G105A,0.2979,benign,ADCK4,105.0
Q96D53,G105C,0.5129,ambiguous,ADCK4,105.0
Q96D53,G105D,0.6307,pathogenic,ADCK4,105.0
Q96D53,G105E,0.6237,pathogenic,ADCK4,105.0
Q96D53,G105F,0.9061,pathogenic,ADCK4,105.0
Q96D53,G105H,0.6627,pathogenic,ADCK4,105.0
Q96D53,G105I,0.8164,pathogenic,ADCK4,105.0
Q96D53,G105K,0.7744,pathogenic,ADCK4,105.0
Q96D53,G105L,0.8021,pathogenic,ADCK4,105.0
Q96D53,G105M,0.8507,pathogenic,ADCK4,105.0
Q96D53,G105N,0.6531,pathogenic,ADCK4,105.0
Q96D53,G105P,0.9672,pathogenic,ADCK4,105.0
Q96D53,G105Q,0.6122,pathogenic,ADCK4,105.0
Q96D53,G105R,0.5738,pathogenic,ADCK4,105.0
Q96D53,G105S,0.1881,benign,ADCK4,105.0
Q96D53,G105T,0.4397,ambiguous,ADCK4,105.0
Q96D53,G105V,0.6123,pathogenic,ADCK4,105.0
Q96D53,G105W,0.6805,pathogenic,ADCK4,105.0
Q96D53,G105Y,0.8173,pathogenic,ADCK4,105.0
Q96D53,V106A,0.0703,benign,ADCK4,106.0
Q96D53,V106C,0.659,pathogenic,ADCK4,106.0
Q96D53,V106D,0.7703,pathogenic,ADCK4,106.0
Q96D53,V106E,0.648,pathogenic,ADCK4,106.0
Q96D53,V106F,0.1294,benign,ADCK4,106.0
Q96D53,V106G,0.1465,benign,ADCK4,106.0
Q96D53,V106H,0.7348,pathogenic,ADCK4,106.0
Q96D53,V106I,0.1062,benign,ADCK4,106.0
Q96D53,V106K,0.6677,pathogenic,ADCK4,106.0
Q96D53,V106L,0.1627,benign,ADCK4,106.0
Q96D53,V106M,0.0914,benign,ADCK4,106.0
Q96D53,V106N,0.5432,ambiguous,ADCK4,106.0
Q96D53,V106P,0.8163,pathogenic,ADCK4,106.0
Q96D53,V106Q,0.5546,ambiguous,ADCK4,106.0
Q96D53,V106R,0.5741,pathogenic,ADCK4,106.0
Q96D53,V106S,0.1587,benign,ADCK4,106.0
Q96D53,V106T,0.1161,benign,ADCK4,106.0
Q96D53,V106W,0.6518,pathogenic,ADCK4,106.0
Q96D53,V106Y,0.5579,ambiguous,ADCK4,106.0
Q96D53,L107A,0.2058,benign,ADCK4,107.0
Q96D53,L107C,0.5427,ambiguous,ADCK4,107.0
Q96D53,L107D,0.9762,pathogenic,ADCK4,107.0
Q96D53,L107E,0.9137,pathogenic,ADCK4,107.0
Q96D53,L107F,0.1116,benign,ADCK4,107.0
Q96D53,L107G,0.6346,pathogenic,ADCK4,107.0
Q96D53,L107H,0.7961,pathogenic,ADCK4,107.0
Q96D53,L107I,0.0999,benign,ADCK4,107.0
Q96D53,L107K,0.8711,pathogenic,ADCK4,107.0
Q96D53,L107M,0.1092,benign,ADCK4,107.0
Q96D53,L107N,0.9285,pathogenic,ADCK4,107.0
Q96D53,L107P,0.6858,pathogenic,ADCK4,107.0
Q96D53,L107Q,0.699,pathogenic,ADCK4,107.0
Q96D53,L107R,0.7207,pathogenic,ADCK4,107.0
Q96D53,L107S,0.5641,pathogenic,ADCK4,107.0
Q96D53,L107T,0.3645,ambiguous,ADCK4,107.0
Q96D53,L107V,0.0835,benign,ADCK4,107.0
Q96D53,L107W,0.2451,benign,ADCK4,107.0
Q96D53,L107Y,0.6542,pathogenic,ADCK4,107.0
Q96D53,A108C,0.4527,ambiguous,ADCK4,108.0
Q96D53,A108D,0.6574,pathogenic,ADCK4,108.0
Q96D53,A108E,0.4723,ambiguous,ADCK4,108.0
Q96D53,A108F,0.2908,benign,ADCK4,108.0
Q96D53,A108G,0.1212,benign,ADCK4,108.0
Q96D53,A108H,0.5269,ambiguous,ADCK4,108.0
Q96D53,A108I,0.2047,benign,ADCK4,108.0
Q96D53,A108K,0.4398,ambiguous,ADCK4,108.0
Q96D53,A108L,0.1398,benign,ADCK4,108.0
Q96D53,A108M,0.1562,benign,ADCK4,108.0
Q96D53,A108N,0.5036,ambiguous,ADCK4,108.0
Q96D53,A108P,0.6376,pathogenic,ADCK4,108.0
Q96D53,A108Q,0.3646,ambiguous,ADCK4,108.0
Q96D53,A108R,0.3375,benign,ADCK4,108.0
Q96D53,A108S,0.1267,benign,ADCK4,108.0
Q96D53,A108T,0.0828,benign,ADCK4,108.0
Q96D53,A108V,0.0862,benign,ADCK4,108.0
Q96D53,A108W,0.4378,ambiguous,ADCK4,108.0
Q96D53,A108Y,0.4907,ambiguous,ADCK4,108.0
Q96D53,E109A,0.227,benign,ADCK4,109.0
Q96D53,E109C,0.9382,pathogenic,ADCK4,109.0
Q96D53,E109D,0.2495,benign,ADCK4,109.0
Q96D53,E109F,0.9348,pathogenic,ADCK4,109.0
Q96D53,E109G,0.1997,benign,ADCK4,109.0
Q96D53,E109H,0.6126,pathogenic,ADCK4,109.0
Q96D53,E109I,0.8004,pathogenic,ADCK4,109.0
Q96D53,E109K,0.2643,benign,ADCK4,109.0
Q96D53,E109L,0.7205,pathogenic,ADCK4,109.0
Q96D53,E109M,0.7533,pathogenic,ADCK4,109.0
Q96D53,E109N,0.4743,ambiguous,ADCK4,109.0
Q96D53,E109P,0.9182,pathogenic,ADCK4,109.0
Q96D53,E109Q,0.1494,benign,ADCK4,109.0
Q96D53,E109R,0.3209,benign,ADCK4,109.0
Q96D53,E109S,0.3008,benign,ADCK4,109.0
Q96D53,E109T,0.3866,ambiguous,ADCK4,109.0
Q96D53,E109V,0.5035,ambiguous,ADCK4,109.0
Q96D53,E109W,0.9473,pathogenic,ADCK4,109.0
Q96D53,E109Y,0.849,pathogenic,ADCK4,109.0
Q96D53,M110A,0.1836,benign,ADCK4,110.0
Q96D53,M110C,0.6819,pathogenic,ADCK4,110.0
Q96D53,M110D,0.7694,pathogenic,ADCK4,110.0
Q96D53,M110E,0.4585,ambiguous,ADCK4,110.0
Q96D53,M110F,0.2008,benign,ADCK4,110.0
Q96D53,M110G,0.3426,ambiguous,ADCK4,110.0
Q96D53,M110H,0.4462,ambiguous,ADCK4,110.0
Q96D53,M110I,0.1446,benign,ADCK4,110.0
Q96D53,M110K,0.209,benign,ADCK4,110.0
Q96D53,M110L,0.1158,benign,ADCK4,110.0
Q96D53,M110N,0.4715,ambiguous,ADCK4,110.0
Q96D53,M110P,0.852,pathogenic,ADCK4,110.0
Q96D53,M110Q,0.2676,benign,ADCK4,110.0
Q96D53,M110R,0.1968,benign,ADCK4,110.0
Q96D53,M110S,0.3031,benign,ADCK4,110.0
Q96D53,M110T,0.1483,benign,ADCK4,110.0
Q96D53,M110V,0.063,benign,ADCK4,110.0
Q96D53,M110W,0.3684,ambiguous,ADCK4,110.0
Q96D53,M110Y,0.4382,ambiguous,ADCK4,110.0
Q96D53,A111C,0.547,ambiguous,ADCK4,111.0
Q96D53,A111D,0.8126,pathogenic,ADCK4,111.0
Q96D53,A111E,0.6562,pathogenic,ADCK4,111.0
Q96D53,A111F,0.3516,ambiguous,ADCK4,111.0
Q96D53,A111G,0.1632,benign,ADCK4,111.0
Q96D53,A111H,0.737,pathogenic,ADCK4,111.0
Q96D53,A111I,0.2444,benign,ADCK4,111.0
Q96D53,A111K,0.6803,pathogenic,ADCK4,111.0
Q96D53,A111L,0.1771,benign,ADCK4,111.0
Q96D53,A111M,0.1816,benign,ADCK4,111.0
Q96D53,A111N,0.649,pathogenic,ADCK4,111.0
Q96D53,A111P,0.7087,pathogenic,ADCK4,111.0
Q96D53,A111Q,0.5601,ambiguous,ADCK4,111.0
Q96D53,A111R,0.6101,pathogenic,ADCK4,111.0
Q96D53,A111S,0.1726,benign,ADCK4,111.0
Q96D53,A111T,0.0927,benign,ADCK4,111.0
Q96D53,A111V,0.0969,benign,ADCK4,111.0
Q96D53,A111W,0.6373,pathogenic,ADCK4,111.0
Q96D53,A111Y,0.6359,pathogenic,ADCK4,111.0
Q96D53,K112A,0.3301,benign,ADCK4,112.0
Q96D53,K112C,0.6487,pathogenic,ADCK4,112.0
Q96D53,K112D,0.7741,pathogenic,ADCK4,112.0
Q96D53,K112E,0.235,benign,ADCK4,112.0
Q96D53,K112F,0.8508,pathogenic,ADCK4,112.0
Q96D53,K112G,0.2393,benign,ADCK4,112.0
Q96D53,K112H,0.4156,ambiguous,ADCK4,112.0
Q96D53,K112I,0.6169,pathogenic,ADCK4,112.0
Q96D53,K112L,0.4467,ambiguous,ADCK4,112.0
Q96D53,K112M,0.3733,ambiguous,ADCK4,112.0
Q96D53,K112N,0.6472,pathogenic,ADCK4,112.0
Q96D53,K112P,0.6739,pathogenic,ADCK4,112.0
Q96D53,K112Q,0.1145,benign,ADCK4,112.0
Q96D53,K112R,0.0568,benign,ADCK4,112.0
Q96D53,K112S,0.4318,ambiguous,ADCK4,112.0
Q96D53,K112T,0.2574,benign,ADCK4,112.0
Q96D53,K112V,0.4701,ambiguous,ADCK4,112.0
Q96D53,K112W,0.577,pathogenic,ADCK4,112.0
Q96D53,K112Y,0.721,pathogenic,ADCK4,112.0
Q96D53,K113A,0.1664,benign,ADCK4,113.0
Q96D53,K113C,0.4789,ambiguous,ADCK4,113.0
Q96D53,K113D,0.3092,benign,ADCK4,113.0
Q96D53,K113E,0.1372,benign,ADCK4,113.0
Q96D53,K113F,0.5759,pathogenic,ADCK4,113.0
Q96D53,K113G,0.1829,benign,ADCK4,113.0
Q96D53,K113H,0.1648,benign,ADCK4,113.0
Q96D53,K113I,0.258,benign,ADCK4,113.0
Q96D53,K113L,0.2381,benign,ADCK4,113.0
Q96D53,K113M,0.1652,benign,ADCK4,113.0
Q96D53,K113N,0.176,benign,ADCK4,113.0
Q96D53,K113P,0.3615,ambiguous,ADCK4,113.0
Q96D53,K113Q,0.0813,benign,ADCK4,113.0
Q96D53,K113R,0.0697,benign,ADCK4,113.0
Q96D53,K113S,0.1828,benign,ADCK4,113.0
Q96D53,K113T,0.0956,benign,ADCK4,113.0
Q96D53,K113V,0.2388,benign,ADCK4,113.0
Q96D53,K113W,0.5183,ambiguous,ADCK4,113.0
Q96D53,K113Y,0.3519,ambiguous,ADCK4,113.0
Q96D53,S114A,0.0743,benign,ADCK4,114.0
Q96D53,S114C,0.1294,benign,ADCK4,114.0
Q96D53,S114D,0.2621,benign,ADCK4,114.0
Q96D53,S114E,0.2868,benign,ADCK4,114.0
Q96D53,S114F,0.1746,benign,ADCK4,114.0
Q96D53,S114G,0.0704,benign,ADCK4,114.0
Q96D53,S114H,0.1827,benign,ADCK4,114.0
Q96D53,S114I,0.1548,benign,ADCK4,114.0
Q96D53,S114K,0.3127,benign,ADCK4,114.0
Q96D53,S114L,0.1383,benign,ADCK4,114.0
Q96D53,S114M,0.1831,benign,ADCK4,114.0
Q96D53,S114N,0.1128,benign,ADCK4,114.0
Q96D53,S114P,0.1549,benign,ADCK4,114.0
Q96D53,S114Q,0.2419,benign,ADCK4,114.0
Q96D53,S114R,0.254,benign,ADCK4,114.0
Q96D53,S114T,0.0711,benign,ADCK4,114.0
Q96D53,S114V,0.1403,benign,ADCK4,114.0
Q96D53,S114W,0.1317,benign,ADCK4,114.0
Q96D53,S114Y,0.1168,benign,ADCK4,114.0
Q96D53,M115A,0.1664,benign,ADCK4,115.0
Q96D53,M115C,0.465,ambiguous,ADCK4,115.0
Q96D53,M115D,0.5608,ambiguous,ADCK4,115.0
Q96D53,M115E,0.3452,ambiguous,ADCK4,115.0
Q96D53,M115F,0.1146,benign,ADCK4,115.0
Q96D53,M115G,0.2492,benign,ADCK4,115.0
Q96D53,M115H,0.2695,benign,ADCK4,115.0
Q96D53,M115I,0.1151,benign,ADCK4,115.0
Q96D53,M115K,0.1714,benign,ADCK4,115.0
Q96D53,M115L,0.0641,benign,ADCK4,115.0
Q96D53,M115N,0.3795,ambiguous,ADCK4,115.0
Q96D53,M115P,0.2812,benign,ADCK4,115.0
Q96D53,M115Q,0.1636,benign,ADCK4,115.0
Q96D53,M115R,0.1234,benign,ADCK4,115.0
Q96D53,M115S,0.2291,benign,ADCK4,115.0
Q96D53,M115T,0.1579,benign,ADCK4,115.0
Q96D53,M115V,0.0636,benign,ADCK4,115.0
Q96D53,M115W,0.1675,benign,ADCK4,115.0
Q96D53,M115Y,0.296,benign,ADCK4,115.0
Q96D53,P116A,0.0613,benign,ADCK4,116.0
Q96D53,P116C,0.2725,benign,ADCK4,116.0
Q96D53,P116D,0.2079,benign,ADCK4,116.0
Q96D53,P116E,0.1495,benign,ADCK4,116.0
Q96D53,P116F,0.2096,benign,ADCK4,116.0
Q96D53,P116G,0.1125,benign,ADCK4,116.0
Q96D53,P116H,0.1012,benign,ADCK4,116.0
Q96D53,P116I,0.1748,benign,ADCK4,116.0
Q96D53,P116K,0.1363,benign,ADCK4,116.0
Q96D53,P116L,0.09,benign,ADCK4,116.0
Q96D53,P116M,0.1864,benign,ADCK4,116.0
Q96D53,P116N,0.1686,benign,ADCK4,116.0
Q96D53,P116Q,0.0883,benign,ADCK4,116.0
Q96D53,P116R,0.0828,benign,ADCK4,116.0
Q96D53,P116S,0.0791,benign,ADCK4,116.0
Q96D53,P116T,0.0694,benign,ADCK4,116.0
Q96D53,P116V,0.1173,benign,ADCK4,116.0
Q96D53,P116W,0.2168,benign,ADCK4,116.0
Q96D53,P116Y,0.2078,benign,ADCK4,116.0
Q96D53,G117A,0.0748,benign,ADCK4,117.0
Q96D53,G117C,0.1337,benign,ADCK4,117.0
Q96D53,G117D,0.0931,benign,ADCK4,117.0
Q96D53,G117E,0.0933,benign,ADCK4,117.0
Q96D53,G117F,0.2628,benign,ADCK4,117.0
Q96D53,G117H,0.1406,benign,ADCK4,117.0
Q96D53,G117I,0.1632,benign,ADCK4,117.0
Q96D53,G117K,0.1428,benign,ADCK4,117.0
Q96D53,G117L,0.1983,benign,ADCK4,117.0
Q96D53,G117M,0.2461,benign,ADCK4,117.0
Q96D53,G117N,0.1576,benign,ADCK4,117.0
Q96D53,G117P,0.2585,benign,ADCK4,117.0
Q96D53,G117Q,0.1253,benign,ADCK4,117.0
Q96D53,G117R,0.0954,benign,ADCK4,117.0
Q96D53,G117S,0.0809,benign,ADCK4,117.0
Q96D53,G117T,0.0959,benign,ADCK4,117.0
Q96D53,G117V,0.1052,benign,ADCK4,117.0
Q96D53,G117W,0.1482,benign,ADCK4,117.0
Q96D53,G117Y,0.1817,benign,ADCK4,117.0
Q96D53,G118A,0.0855,benign,ADCK4,118.0
Q96D53,G118C,0.1138,benign,ADCK4,118.0
Q96D53,G118D,0.0828,benign,ADCK4,118.0
Q96D53,G118E,0.08,benign,ADCK4,118.0
Q96D53,G118F,0.2304,benign,ADCK4,118.0
Q96D53,G118H,0.1158,benign,ADCK4,118.0
Q96D53,G118I,0.1344,benign,ADCK4,118.0
Q96D53,G118K,0.1203,benign,ADCK4,118.0
Q96D53,G118L,0.162,benign,ADCK4,118.0
Q96D53,G118M,0.2119,benign,ADCK4,118.0
Q96D53,G118N,0.1296,benign,ADCK4,118.0
Q96D53,G118P,0.2373,benign,ADCK4,118.0
Q96D53,G118Q,0.1008,benign,ADCK4,118.0
Q96D53,G118R,0.0837,benign,ADCK4,118.0
Q96D53,G118S,0.0745,benign,ADCK4,118.0
Q96D53,G118T,0.0926,benign,ADCK4,118.0
Q96D53,G118V,0.0953,benign,ADCK4,118.0
Q96D53,G118W,0.1286,benign,ADCK4,118.0
Q96D53,G118Y,0.1466,benign,ADCK4,118.0
Q96D53,R119A,0.0929,benign,ADCK4,119.0
Q96D53,R119C,0.0816,benign,ADCK4,119.0
Q96D53,R119D,0.1303,benign,ADCK4,119.0
Q96D53,R119E,0.1213,benign,ADCK4,119.0
Q96D53,R119F,0.1448,benign,ADCK4,119.0
Q96D53,R119G,0.0683,benign,ADCK4,119.0
Q96D53,R119H,0.0602,benign,ADCK4,119.0
Q96D53,R119I,0.1101,benign,ADCK4,119.0
Q96D53,R119K,0.0924,benign,ADCK4,119.0
Q96D53,R119L,0.0836,benign,ADCK4,119.0
Q96D53,R119M,0.1418,benign,ADCK4,119.0
Q96D53,R119N,0.1281,benign,ADCK4,119.0
Q96D53,R119P,0.0834,benign,ADCK4,119.0
Q96D53,R119Q,0.0683,benign,ADCK4,119.0
Q96D53,R119S,0.0884,benign,ADCK4,119.0
Q96D53,R119T,0.0848,benign,ADCK4,119.0
Q96D53,R119V,0.1126,benign,ADCK4,119.0
Q96D53,R119W,0.0875,benign,ADCK4,119.0
Q96D53,R119Y,0.1101,benign,ADCK4,119.0
Q96D53,L120A,0.0715,benign,ADCK4,120.0
Q96D53,L120C,0.1773,benign,ADCK4,120.0
Q96D53,L120D,0.1801,benign,ADCK4,120.0
Q96D53,L120E,0.1031,benign,ADCK4,120.0
Q96D53,L120F,0.0731,benign,ADCK4,120.0
Q96D53,L120G,0.1115,benign,ADCK4,120.0
Q96D53,L120H,0.0761,benign,ADCK4,120.0
Q96D53,L120I,0.0815,benign,ADCK4,120.0
Q96D53,L120K,0.0905,benign,ADCK4,120.0
Q96D53,L120M,0.08,benign,ADCK4,120.0
Q96D53,L120N,0.1268,benign,ADCK4,120.0
Q96D53,L120P,0.0534,benign,ADCK4,120.0
Q96D53,L120Q,0.0528,benign,ADCK4,120.0
Q96D53,L120R,0.0537,benign,ADCK4,120.0
Q96D53,L120S,0.0725,benign,ADCK4,120.0
Q96D53,L120T,0.0786,benign,ADCK4,120.0
Q96D53,L120V,0.066,benign,ADCK4,120.0
Q96D53,L120W,0.0698,benign,ADCK4,120.0
Q96D53,L120Y,0.1351,benign,ADCK4,120.0
Q96D53,Q121A,0.0909,benign,ADCK4,121.0
Q96D53,Q121C,0.245,benign,ADCK4,121.0
Q96D53,Q121D,0.143,benign,ADCK4,121.0
Q96D53,Q121E,0.0827,benign,ADCK4,121.0
Q96D53,Q121F,0.3043,benign,ADCK4,121.0
Q96D53,Q121G,0.0965,benign,ADCK4,121.0
Q96D53,Q121H,0.0881,benign,ADCK4,121.0
Q96D53,Q121I,0.2116,benign,ADCK4,121.0
Q96D53,Q121K,0.0871,benign,ADCK4,121.0
Q96D53,Q121L,0.0937,benign,ADCK4,121.0
Q96D53,Q121M,0.2405,benign,ADCK4,121.0
Q96D53,Q121N,0.1546,benign,ADCK4,121.0
Q96D53,Q121P,0.0543,benign,ADCK4,121.0
Q96D53,Q121R,0.0635,benign,ADCK4,121.0
Q96D53,Q121S,0.0911,benign,ADCK4,121.0
Q96D53,Q121T,0.1047,benign,ADCK4,121.0
Q96D53,Q121V,0.1395,benign,ADCK4,121.0
Q96D53,Q121W,0.1681,benign,ADCK4,121.0
Q96D53,Q121Y,0.1895,benign,ADCK4,121.0
Q96D53,S122A,0.0615,benign,ADCK4,122.0
Q96D53,S122C,0.0916,benign,ADCK4,122.0
Q96D53,S122D,0.1123,benign,ADCK4,122.0
Q96D53,S122E,0.1216,benign,ADCK4,122.0
Q96D53,S122F,0.1305,benign,ADCK4,122.0
Q96D53,S122G,0.0573,benign,ADCK4,122.0
Q96D53,S122H,0.0922,benign,ADCK4,122.0
Q96D53,S122I,0.1082,benign,ADCK4,122.0
Q96D53,S122K,0.1286,benign,ADCK4,122.0
Q96D53,S122L,0.089,benign,ADCK4,122.0
Q96D53,S122M,0.1315,benign,ADCK4,122.0
Q96D53,S122N,0.0764,benign,ADCK4,122.0
Q96D53,S122P,0.0622,benign,ADCK4,122.0
Q96D53,S122Q,0.1141,benign,ADCK4,122.0
Q96D53,S122R,0.097,benign,ADCK4,122.0
Q96D53,S122T,0.0661,benign,ADCK4,122.0
Q96D53,S122V,0.0964,benign,ADCK4,122.0
Q96D53,S122W,0.1114,benign,ADCK4,122.0
Q96D53,S122Y,0.0971,benign,ADCK4,122.0
Q96D53,E123A,0.0713,benign,ADCK4,123.0
Q96D53,E123C,0.3266,benign,ADCK4,123.0
Q96D53,E123D,0.0749,benign,ADCK4,123.0
Q96D53,E123F,0.3342,benign,ADCK4,123.0
Q96D53,E123G,0.0618,benign,ADCK4,123.0
Q96D53,E123H,0.1191,benign,ADCK4,123.0
Q96D53,E123I,0.1914,benign,ADCK4,123.0
Q96D53,E123K,0.0696,benign,ADCK4,123.0
Q96D53,E123L,0.1626,benign,ADCK4,123.0
Q96D53,E123M,0.2204,benign,ADCK4,123.0
Q96D53,E123N,0.1193,benign,ADCK4,123.0
Q96D53,E123P,0.14,benign,ADCK4,123.0
Q96D53,E123Q,0.0685,benign,ADCK4,123.0
Q96D53,E123R,0.0761,benign,ADCK4,123.0
Q96D53,E123S,0.0806,benign,ADCK4,123.0
Q96D53,E123T,0.0933,benign,ADCK4,123.0
Q96D53,E123V,0.1149,benign,ADCK4,123.0
Q96D53,E123W,0.3473,ambiguous,ADCK4,123.0
Q96D53,E123Y,0.231,benign,ADCK4,123.0
Q96D53,G124A,0.0699,benign,ADCK4,124.0
Q96D53,G124C,0.1134,benign,ADCK4,124.0
Q96D53,G124D,0.0766,benign,ADCK4,124.0
Q96D53,G124E,0.0787,benign,ADCK4,124.0
Q96D53,G124F,0.2106,benign,ADCK4,124.0
Q96D53,G124H,0.1131,benign,ADCK4,124.0
Q96D53,G124I,0.1289,benign,ADCK4,124.0
Q96D53,G124K,0.107,benign,ADCK4,124.0
Q96D53,G124L,0.1528,benign,ADCK4,124.0
Q96D53,G124M,0.1748,benign,ADCK4,124.0
Q96D53,G124N,0.1122,benign,ADCK4,124.0
Q96D53,G124P,0.1854,benign,ADCK4,124.0
Q96D53,G124Q,0.1063,benign,ADCK4,124.0
Q96D53,G124R,0.0865,benign,ADCK4,124.0
Q96D53,G124S,0.0723,benign,ADCK4,124.0
Q96D53,G124T,0.0761,benign,ADCK4,124.0
Q96D53,G124V,0.0888,benign,ADCK4,124.0
Q96D53,G124W,0.1341,benign,ADCK4,124.0
Q96D53,G124Y,0.1418,benign,ADCK4,124.0
Q96D53,G125A,0.0758,benign,ADCK4,125.0
Q96D53,G125C,0.0932,benign,ADCK4,125.0
Q96D53,G125D,0.0764,benign,ADCK4,125.0
Q96D53,G125E,0.0854,benign,ADCK4,125.0
Q96D53,G125F,0.1853,benign,ADCK4,125.0
Q96D53,G125H,0.1025,benign,ADCK4,125.0
Q96D53,G125I,0.1115,benign,ADCK4,125.0
Q96D53,G125K,0.1098,benign,ADCK4,125.0
Q96D53,G125L,0.1438,benign,ADCK4,125.0
Q96D53,G125M,0.1762,benign,ADCK4,125.0
Q96D53,G125N,0.1187,benign,ADCK4,125.0
Q96D53,G125P,0.1905,benign,ADCK4,125.0
Q96D53,G125Q,0.0998,benign,ADCK4,125.0
Q96D53,G125R,0.0767,benign,ADCK4,125.0
Q96D53,G125S,0.0723,benign,ADCK4,125.0
Q96D53,G125T,0.0816,benign,ADCK4,125.0
Q96D53,G125V,0.0838,benign,ADCK4,125.0
Q96D53,G125W,0.1205,benign,ADCK4,125.0
Q96D53,G125Y,0.1289,benign,ADCK4,125.0
Q96D53,S126A,0.0631,benign,ADCK4,126.0
Q96D53,S126C,0.0832,benign,ADCK4,126.0
Q96D53,S126D,0.1285,benign,ADCK4,126.0
Q96D53,S126E,0.1451,benign,ADCK4,126.0
Q96D53,S126F,0.1014,benign,ADCK4,126.0
Q96D53,S126G,0.0597,benign,ADCK4,126.0
Q96D53,S126H,0.1037,benign,ADCK4,126.0
Q96D53,S126I,0.1087,benign,ADCK4,126.0
Q96D53,S126K,0.1531,benign,ADCK4,126.0
Q96D53,S126L,0.0809,benign,ADCK4,126.0
Q96D53,S126M,0.1419,benign,ADCK4,126.0
Q96D53,S126N,0.0899,benign,ADCK4,126.0
Q96D53,S126P,0.0696,benign,ADCK4,126.0
Q96D53,S126Q,0.1357,benign,ADCK4,126.0
Q96D53,S126R,0.1074,benign,ADCK4,126.0
Q96D53,S126T,0.0703,benign,ADCK4,126.0
Q96D53,S126V,0.1035,benign,ADCK4,126.0
Q96D53,S126W,0.1082,benign,ADCK4,126.0
Q96D53,S126Y,0.0989,benign,ADCK4,126.0
Q96D53,G127A,0.0727,benign,ADCK4,127.0
Q96D53,G127C,0.0879,benign,ADCK4,127.0
Q96D53,G127D,0.0842,benign,ADCK4,127.0
Q96D53,G127E,0.0806,benign,ADCK4,127.0
Q96D53,G127F,0.172,benign,ADCK4,127.0
Q96D53,G127H,0.0889,benign,ADCK4,127.0
Q96D53,G127I,0.108,benign,ADCK4,127.0
Q96D53,G127K,0.1032,benign,ADCK4,127.0
Q96D53,G127L,0.113,benign,ADCK4,127.0
Q96D53,G127M,0.1613,benign,ADCK4,127.0
Q96D53,G127N,0.1289,benign,ADCK4,127.0
Q96D53,G127P,0.151,benign,ADCK4,127.0
Q96D53,G127Q,0.0848,benign,ADCK4,127.0
Q96D53,G127R,0.0672,benign,ADCK4,127.0
Q96D53,G127S,0.0725,benign,ADCK4,127.0
Q96D53,G127T,0.0801,benign,ADCK4,127.0
Q96D53,G127V,0.0818,benign,ADCK4,127.0
Q96D53,G127W,0.092,benign,ADCK4,127.0
Q96D53,G127Y,0.1252,benign,ADCK4,127.0
Q96D53,L128A,0.0691,benign,ADCK4,128.0
Q96D53,L128C,0.2076,benign,ADCK4,128.0
Q96D53,L128D,0.1987,benign,ADCK4,128.0
Q96D53,L128E,0.1344,benign,ADCK4,128.0
Q96D53,L128F,0.08,benign,ADCK4,128.0
Q96D53,L128G,0.119,benign,ADCK4,128.0
Q96D53,L128H,0.0932,benign,ADCK4,128.0
Q96D53,L128I,0.082,benign,ADCK4,128.0
Q96D53,L128K,0.1027,benign,ADCK4,128.0
Q96D53,L128M,0.0754,benign,ADCK4,128.0
Q96D53,L128N,0.1412,benign,ADCK4,128.0
Q96D53,L128P,0.0613,benign,ADCK4,128.0
Q96D53,L128Q,0.0726,benign,ADCK4,128.0
Q96D53,L128R,0.0662,benign,ADCK4,128.0
Q96D53,L128S,0.086,benign,ADCK4,128.0
Q96D53,L128T,0.0765,benign,ADCK4,128.0
Q96D53,L128V,0.0723,benign,ADCK4,128.0
Q96D53,L128W,0.0796,benign,ADCK4,128.0
Q96D53,L128Y,0.1539,benign,ADCK4,128.0
Q96D53,D129A,0.0699,benign,ADCK4,129.0
Q96D53,D129C,0.2104,benign,ADCK4,129.0
Q96D53,D129E,0.0902,benign,ADCK4,129.0
Q96D53,D129F,0.2312,benign,ADCK4,129.0
Q96D53,D129G,0.0549,benign,ADCK4,129.0
Q96D53,D129H,0.0967,benign,ADCK4,129.0
Q96D53,D129I,0.1518,benign,ADCK4,129.0
Q96D53,D129K,0.1476,benign,ADCK4,129.0
Q96D53,D129L,0.1348,benign,ADCK4,129.0
Q96D53,D129M,0.297,benign,ADCK4,129.0
Q96D53,D129N,0.0908,benign,ADCK4,129.0
Q96D53,D129P,0.1474,benign,ADCK4,129.0
Q96D53,D129Q,0.1068,benign,ADCK4,129.0
Q96D53,D129R,0.1086,benign,ADCK4,129.0
Q96D53,D129S,0.0667,benign,ADCK4,129.0
Q96D53,D129T,0.1048,benign,ADCK4,129.0
Q96D53,D129V,0.0948,benign,ADCK4,129.0
Q96D53,D129W,0.3556,ambiguous,ADCK4,129.0
Q96D53,D129Y,0.0972,benign,ADCK4,129.0
Q96D53,S130A,0.0643,benign,ADCK4,130.0
Q96D53,S130C,0.0914,benign,ADCK4,130.0
Q96D53,S130D,0.1543,benign,ADCK4,130.0
Q96D53,S130E,0.2117,benign,ADCK4,130.0
Q96D53,S130F,0.1193,benign,ADCK4,130.0
Q96D53,S130G,0.0652,benign,ADCK4,130.0
Q96D53,S130H,0.1275,benign,ADCK4,130.0
Q96D53,S130I,0.1265,benign,ADCK4,130.0
Q96D53,S130K,0.2425,benign,ADCK4,130.0
Q96D53,S130L,0.0967,benign,ADCK4,130.0
Q96D53,S130M,0.1783,benign,ADCK4,130.0
Q96D53,S130N,0.1097,benign,ADCK4,130.0
Q96D53,S130P,0.0762,benign,ADCK4,130.0
Q96D53,S130Q,0.1958,benign,ADCK4,130.0
Q96D53,S130R,0.1588,benign,ADCK4,130.0
Q96D53,S130T,0.0759,benign,ADCK4,130.0
Q96D53,S130V,0.1124,benign,ADCK4,130.0
Q96D53,S130W,0.1314,benign,ADCK4,130.0
Q96D53,S130Y,0.1062,benign,ADCK4,130.0
Q96D53,S131A,0.145,benign,ADCK4,131.0
Q96D53,S131C,0.1388,benign,ADCK4,131.0
Q96D53,S131D,0.2939,benign,ADCK4,131.0
Q96D53,S131E,0.5337,ambiguous,ADCK4,131.0
Q96D53,S131F,0.2571,benign,ADCK4,131.0
Q96D53,S131G,0.0927,benign,ADCK4,131.0
Q96D53,S131H,0.2047,benign,ADCK4,131.0
Q96D53,S131I,0.1906,benign,ADCK4,131.0
Q96D53,S131K,0.5554,ambiguous,ADCK4,131.0
Q96D53,S131L,0.1386,benign,ADCK4,131.0
Q96D53,S131M,0.2823,benign,ADCK4,131.0
Q96D53,S131N,0.1135,benign,ADCK4,131.0
Q96D53,S131P,0.1644,benign,ADCK4,131.0
Q96D53,S131Q,0.4332,ambiguous,ADCK4,131.0
Q96D53,S131R,0.457,ambiguous,ADCK4,131.0
Q96D53,S131T,0.1157,benign,ADCK4,131.0
Q96D53,S131V,0.2194,benign,ADCK4,131.0
Q96D53,S131W,0.2748,benign,ADCK4,131.0
Q96D53,S131Y,0.197,benign,ADCK4,131.0
Q96D53,P132A,0.0771,benign,ADCK4,132.0
Q96D53,P132C,0.3329,benign,ADCK4,132.0
Q96D53,P132D,0.3983,ambiguous,ADCK4,132.0
Q96D53,P132E,0.3095,benign,ADCK4,132.0
Q96D53,P132F,0.2761,benign,ADCK4,132.0
Q96D53,P132G,0.2087,benign,ADCK4,132.0
Q96D53,P132H,0.1476,benign,ADCK4,132.0
Q96D53,P132I,0.1859,benign,ADCK4,132.0
Q96D53,P132K,0.2933,benign,ADCK4,132.0
Q96D53,P132L,0.0851,benign,ADCK4,132.0
Q96D53,P132M,0.2392,benign,ADCK4,132.0
Q96D53,P132N,0.3071,benign,ADCK4,132.0
Q96D53,P132Q,0.1586,benign,ADCK4,132.0
Q96D53,P132R,0.1219,benign,ADCK4,132.0
Q96D53,P132S,0.1041,benign,ADCK4,132.0
Q96D53,P132T,0.0989,benign,ADCK4,132.0
Q96D53,P132V,0.1315,benign,ADCK4,132.0
Q96D53,P132W,0.3056,benign,ADCK4,132.0
Q96D53,P132Y,0.2821,benign,ADCK4,132.0
Q96D53,F133A,0.4801,ambiguous,ADCK4,133.0
Q96D53,F133C,0.4011,ambiguous,ADCK4,133.0
Q96D53,F133D,0.8865,pathogenic,ADCK4,133.0
Q96D53,F133E,0.9076,pathogenic,ADCK4,133.0
Q96D53,F133G,0.7115,pathogenic,ADCK4,133.0
Q96D53,F133H,0.7421,pathogenic,ADCK4,133.0
Q96D53,F133I,0.1311,benign,ADCK4,133.0
Q96D53,F133K,0.8996,pathogenic,ADCK4,133.0
Q96D53,F133L,0.4746,ambiguous,ADCK4,133.0
Q96D53,F133M,0.3699,ambiguous,ADCK4,133.0
Q96D53,F133N,0.8442,pathogenic,ADCK4,133.0
Q96D53,F133P,0.8124,pathogenic,ADCK4,133.0
Q96D53,F133Q,0.83,pathogenic,ADCK4,133.0
Q96D53,F133R,0.7813,pathogenic,ADCK4,133.0
Q96D53,F133S,0.5349,ambiguous,ADCK4,133.0
Q96D53,F133T,0.6356,pathogenic,ADCK4,133.0
Q96D53,F133V,0.1476,benign,ADCK4,133.0
Q96D53,F133W,0.3369,benign,ADCK4,133.0
Q96D53,F133Y,0.2723,benign,ADCK4,133.0
Q96D53,L134A,0.4403,ambiguous,ADCK4,134.0
Q96D53,L134C,0.6074,pathogenic,ADCK4,134.0
Q96D53,L134D,0.909,pathogenic,ADCK4,134.0
Q96D53,L134E,0.7538,pathogenic,ADCK4,134.0
Q96D53,L134F,0.1174,benign,ADCK4,134.0
Q96D53,L134G,0.6518,pathogenic,ADCK4,134.0
Q96D53,L134H,0.4641,ambiguous,ADCK4,134.0
Q96D53,L134I,0.15,benign,ADCK4,134.0
Q96D53,L134K,0.6782,pathogenic,ADCK4,134.0
Q96D53,L134M,0.1688,benign,ADCK4,134.0
Q96D53,L134N,0.8099,pathogenic,ADCK4,134.0
Q96D53,L134P,0.4482,ambiguous,ADCK4,134.0
Q96D53,L134Q,0.3718,ambiguous,ADCK4,134.0
Q96D53,L134R,0.3526,ambiguous,ADCK4,134.0
Q96D53,L134S,0.5401,ambiguous,ADCK4,134.0
Q96D53,L134T,0.4623,ambiguous,ADCK4,134.0
Q96D53,L134V,0.1457,benign,ADCK4,134.0
Q96D53,L134W,0.1803,benign,ADCK4,134.0
Q96D53,L134Y,0.4956,ambiguous,ADCK4,134.0
Q96D53,S135A,0.2098,benign,ADCK4,135.0
Q96D53,S135C,0.2346,benign,ADCK4,135.0
Q96D53,S135D,0.5714,pathogenic,ADCK4,135.0
Q96D53,S135E,0.7611,pathogenic,ADCK4,135.0
Q96D53,S135F,0.6749,pathogenic,ADCK4,135.0
Q96D53,S135G,0.124,benign,ADCK4,135.0
Q96D53,S135H,0.5695,pathogenic,ADCK4,135.0
Q96D53,S135I,0.6464,pathogenic,ADCK4,135.0
Q96D53,S135K,0.8477,pathogenic,ADCK4,135.0
Q96D53,S135L,0.2563,benign,ADCK4,135.0
Q96D53,S135M,0.4714,ambiguous,ADCK4,135.0
Q96D53,S135N,0.2637,benign,ADCK4,135.0
Q96D53,S135P,0.5749,pathogenic,ADCK4,135.0
Q96D53,S135Q,0.7161,pathogenic,ADCK4,135.0
Q96D53,S135R,0.7562,pathogenic,ADCK4,135.0
Q96D53,S135T,0.0955,benign,ADCK4,135.0
Q96D53,S135V,0.5452,ambiguous,ADCK4,135.0
Q96D53,S135W,0.5329,ambiguous,ADCK4,135.0
Q96D53,S135Y,0.5091,ambiguous,ADCK4,135.0
Q96D53,E136A,0.1015,benign,ADCK4,136.0
Q96D53,E136C,0.8374,pathogenic,ADCK4,136.0
Q96D53,E136D,0.1381,benign,ADCK4,136.0
Q96D53,E136F,0.7986,pathogenic,ADCK4,136.0
Q96D53,E136G,0.1337,benign,ADCK4,136.0
Q96D53,E136H,0.3412,ambiguous,ADCK4,136.0
Q96D53,E136I,0.4576,ambiguous,ADCK4,136.0
Q96D53,E136K,0.0934,benign,ADCK4,136.0
Q96D53,E136L,0.3521,ambiguous,ADCK4,136.0
Q96D53,E136M,0.4476,ambiguous,ADCK4,136.0
Q96D53,E136N,0.308,benign,ADCK4,136.0
Q96D53,E136P,0.235,benign,ADCK4,136.0
Q96D53,E136Q,0.0993,benign,ADCK4,136.0
Q96D53,E136R,0.1309,benign,ADCK4,136.0
Q96D53,E136S,0.1796,benign,ADCK4,136.0
Q96D53,E136T,0.1987,benign,ADCK4,136.0
Q96D53,E136V,0.2142,benign,ADCK4,136.0
Q96D53,E136W,0.8399,pathogenic,ADCK4,136.0
Q96D53,E136Y,0.6293,pathogenic,ADCK4,136.0
Q96D53,A137C,0.6342,pathogenic,ADCK4,137.0
Q96D53,A137D,0.1871,benign,ADCK4,137.0
Q96D53,A137E,0.1771,benign,ADCK4,137.0
Q96D53,A137F,0.4294,ambiguous,ADCK4,137.0
Q96D53,A137G,0.1153,benign,ADCK4,137.0
Q96D53,A137H,0.378,ambiguous,ADCK4,137.0
Q96D53,A137I,0.301,benign,ADCK4,137.0
Q96D53,A137K,0.2428,benign,ADCK4,137.0
Q96D53,A137L,0.2407,benign,ADCK4,137.0
Q96D53,A137M,0.2602,benign,ADCK4,137.0
Q96D53,A137N,0.2394,benign,ADCK4,137.0
Q96D53,A137P,0.2655,benign,ADCK4,137.0
Q96D53,A137Q,0.2198,benign,ADCK4,137.0
Q96D53,A137R,0.2046,benign,ADCK4,137.0
Q96D53,A137S,0.1106,benign,ADCK4,137.0
Q96D53,A137T,0.0953,benign,ADCK4,137.0
Q96D53,A137V,0.1367,benign,ADCK4,137.0
Q96D53,A137W,0.6452,pathogenic,ADCK4,137.0
Q96D53,A137Y,0.4795,ambiguous,ADCK4,137.0
Q96D53,N138A,0.5682,pathogenic,ADCK4,138.0
Q96D53,N138C,0.6578,pathogenic,ADCK4,138.0
Q96D53,N138D,0.5902,pathogenic,ADCK4,138.0
Q96D53,N138E,0.8528,pathogenic,ADCK4,138.0
Q96D53,N138F,0.9248,pathogenic,ADCK4,138.0
Q96D53,N138G,0.5358,ambiguous,ADCK4,138.0
Q96D53,N138H,0.283,benign,ADCK4,138.0
Q96D53,N138I,0.7434,pathogenic,ADCK4,138.0
Q96D53,N138K,0.7996,pathogenic,ADCK4,138.0
Q96D53,N138L,0.6511,pathogenic,ADCK4,138.0
Q96D53,N138M,0.7326,pathogenic,ADCK4,138.0
Q96D53,N138P,0.8273,pathogenic,ADCK4,138.0
Q96D53,N138Q,0.7176,pathogenic,ADCK4,138.0
Q96D53,N138R,0.7008,pathogenic,ADCK4,138.0
Q96D53,N138S,0.1355,benign,ADCK4,138.0
Q96D53,N138T,0.3356,benign,ADCK4,138.0
Q96D53,N138V,0.6319,pathogenic,ADCK4,138.0
Q96D53,N138W,0.9469,pathogenic,ADCK4,138.0
Q96D53,N138Y,0.5322,ambiguous,ADCK4,138.0
Q96D53,A139C,0.7,pathogenic,ADCK4,139.0
Q96D53,A139D,0.9081,pathogenic,ADCK4,139.0
Q96D53,A139E,0.7278,pathogenic,ADCK4,139.0
Q96D53,A139F,0.6078,pathogenic,ADCK4,139.0
Q96D53,A139G,0.2897,benign,ADCK4,139.0
Q96D53,A139H,0.8684,pathogenic,ADCK4,139.0
Q96D53,A139I,0.2911,benign,ADCK4,139.0
Q96D53,A139K,0.8201,pathogenic,ADCK4,139.0
Q96D53,A139L,0.2282,benign,ADCK4,139.0
Q96D53,A139M,0.2256,benign,ADCK4,139.0
Q96D53,A139N,0.8451,pathogenic,ADCK4,139.0
Q96D53,A139P,0.928,pathogenic,ADCK4,139.0
Q96D53,A139Q,0.6749,pathogenic,ADCK4,139.0
Q96D53,A139R,0.6762,pathogenic,ADCK4,139.0
Q96D53,A139S,0.2225,benign,ADCK4,139.0
Q96D53,A139T,0.1274,benign,ADCK4,139.0
Q96D53,A139V,0.1244,benign,ADCK4,139.0
Q96D53,A139W,0.8525,pathogenic,ADCK4,139.0
Q96D53,A139Y,0.8097,pathogenic,ADCK4,139.0
Q96D53,E140A,0.1541,benign,ADCK4,140.0
Q96D53,E140C,0.8712,pathogenic,ADCK4,140.0
Q96D53,E140D,0.2418,benign,ADCK4,140.0
Q96D53,E140F,0.8571,pathogenic,ADCK4,140.0
Q96D53,E140G,0.1412,benign,ADCK4,140.0
Q96D53,E140H,0.4303,ambiguous,ADCK4,140.0
Q96D53,E140I,0.5864,pathogenic,ADCK4,140.0
Q96D53,E140K,0.1346,benign,ADCK4,140.0
Q96D53,E140L,0.4067,ambiguous,ADCK4,140.0
Q96D53,E140M,0.5226,ambiguous,ADCK4,140.0
Q96D53,E140N,0.3395,benign,ADCK4,140.0
Q96D53,E140P,0.8292,pathogenic,ADCK4,140.0
Q96D53,E140Q,0.0935,benign,ADCK4,140.0
Q96D53,E140R,0.1616,benign,ADCK4,140.0
Q96D53,E140S,0.226,benign,ADCK4,140.0
Q96D53,E140T,0.2613,benign,ADCK4,140.0
Q96D53,E140V,0.3388,benign,ADCK4,140.0
Q96D53,E140W,0.864,pathogenic,ADCK4,140.0
Q96D53,E140Y,0.736,pathogenic,ADCK4,140.0
Q96D53,R141A,0.5281,ambiguous,ADCK4,141.0
Q96D53,R141C,0.2025,benign,ADCK4,141.0
Q96D53,R141D,0.8085,pathogenic,ADCK4,141.0
Q96D53,R141E,0.5161,ambiguous,ADCK4,141.0
Q96D53,R141F,0.711,pathogenic,ADCK4,141.0
Q96D53,R141G,0.38,ambiguous,ADCK4,141.0
Q96D53,R141H,0.1371,benign,ADCK4,141.0
Q96D53,R141I,0.3599,ambiguous,ADCK4,141.0
Q96D53,R141K,0.1267,benign,ADCK4,141.0
Q96D53,R141L,0.2654,benign,ADCK4,141.0
Q96D53,R141M,0.3424,ambiguous,ADCK4,141.0
Q96D53,R141N,0.6707,pathogenic,ADCK4,141.0
Q96D53,R141P,0.9225,pathogenic,ADCK4,141.0
Q96D53,R141Q,0.1237,benign,ADCK4,141.0
Q96D53,R141S,0.6532,pathogenic,ADCK4,141.0
Q96D53,R141T,0.3999,ambiguous,ADCK4,141.0
Q96D53,R141V,0.4494,ambiguous,ADCK4,141.0
Q96D53,R141W,0.2408,benign,ADCK4,141.0
Q96D53,R141Y,0.4769,ambiguous,ADCK4,141.0
Q96D53,I142A,0.8209,pathogenic,ADCK4,142.0
Q96D53,I142C,0.9701,pathogenic,ADCK4,142.0
Q96D53,I142D,0.994,pathogenic,ADCK4,142.0
Q96D53,I142E,0.983,pathogenic,ADCK4,142.0
Q96D53,I142F,0.4329,ambiguous,ADCK4,142.0
Q96D53,I142G,0.9718,pathogenic,ADCK4,142.0
Q96D53,I142H,0.9757,pathogenic,ADCK4,142.0
Q96D53,I142K,0.9631,pathogenic,ADCK4,142.0
Q96D53,I142L,0.1709,benign,ADCK4,142.0
Q96D53,I142M,0.1455,benign,ADCK4,142.0
Q96D53,I142N,0.9584,pathogenic,ADCK4,142.0
Q96D53,I142P,0.9819,pathogenic,ADCK4,142.0
Q96D53,I142Q,0.9644,pathogenic,ADCK4,142.0
Q96D53,I142R,0.934,pathogenic,ADCK4,142.0
Q96D53,I142S,0.9193,pathogenic,ADCK4,142.0
Q96D53,I142T,0.8561,pathogenic,ADCK4,142.0
Q96D53,I142V,0.2314,benign,ADCK4,142.0
Q96D53,I142W,0.8944,pathogenic,ADCK4,142.0
Q96D53,I142Y,0.9074,pathogenic,ADCK4,142.0
Q96D53,V143A,0.3769,ambiguous,ADCK4,143.0
Q96D53,V143C,0.9356,pathogenic,ADCK4,143.0
Q96D53,V143D,0.9634,pathogenic,ADCK4,143.0
Q96D53,V143E,0.8117,pathogenic,ADCK4,143.0
Q96D53,V143F,0.5509,ambiguous,ADCK4,143.0
Q96D53,V143G,0.5463,ambiguous,ADCK4,143.0
Q96D53,V143H,0.9534,pathogenic,ADCK4,143.0
Q96D53,V143I,0.1593,benign,ADCK4,143.0
Q96D53,V143K,0.8658,pathogenic,ADCK4,143.0
Q96D53,V143L,0.6388,pathogenic,ADCK4,143.0
Q96D53,V143M,0.4439,ambiguous,ADCK4,143.0
Q96D53,V143N,0.9174,pathogenic,ADCK4,143.0
Q96D53,V143P,0.9705,pathogenic,ADCK4,143.0
Q96D53,V143Q,0.752,pathogenic,ADCK4,143.0
Q96D53,V143R,0.7079,pathogenic,ADCK4,143.0
Q96D53,V143S,0.5091,ambiguous,ADCK4,143.0
Q96D53,V143T,0.4035,ambiguous,ADCK4,143.0
Q96D53,V143W,0.9765,pathogenic,ADCK4,143.0
Q96D53,V143Y,0.94,pathogenic,ADCK4,143.0
Q96D53,Q144A,0.1522,benign,ADCK4,144.0
Q96D53,Q144C,0.4627,ambiguous,ADCK4,144.0
Q96D53,Q144D,0.1843,benign,ADCK4,144.0
Q96D53,Q144E,0.0795,benign,ADCK4,144.0
Q96D53,Q144F,0.6813,pathogenic,ADCK4,144.0
Q96D53,Q144G,0.1626,benign,ADCK4,144.0
Q96D53,Q144H,0.1179,benign,ADCK4,144.0
Q96D53,Q144I,0.565,pathogenic,ADCK4,144.0
Q96D53,Q144K,0.0747,benign,ADCK4,144.0
Q96D53,Q144L,0.1781,benign,ADCK4,144.0
Q96D53,Q144M,0.4042,ambiguous,ADCK4,144.0
Q96D53,Q144N,0.173,benign,ADCK4,144.0
Q96D53,Q144P,0.5189,ambiguous,ADCK4,144.0
Q96D53,Q144R,0.0636,benign,ADCK4,144.0
Q96D53,Q144S,0.1548,benign,ADCK4,144.0
Q96D53,Q144T,0.1638,benign,ADCK4,144.0
Q96D53,Q144V,0.3586,ambiguous,ADCK4,144.0
Q96D53,Q144W,0.3759,ambiguous,ADCK4,144.0
Q96D53,Q144Y,0.3775,ambiguous,ADCK4,144.0
Q96D53,T145A,0.1486,benign,ADCK4,145.0
Q96D53,T145C,0.7045,pathogenic,ADCK4,145.0
Q96D53,T145D,0.8665,pathogenic,ADCK4,145.0
Q96D53,T145E,0.738,pathogenic,ADCK4,145.0
Q96D53,T145F,0.6122,pathogenic,ADCK4,145.0
Q96D53,T145G,0.4615,ambiguous,ADCK4,145.0
Q96D53,T145H,0.4506,ambiguous,ADCK4,145.0
Q96D53,T145I,0.4174,ambiguous,ADCK4,145.0
Q96D53,T145K,0.337,benign,ADCK4,145.0
Q96D53,T145L,0.2456,benign,ADCK4,145.0
Q96D53,T145M,0.1175,benign,ADCK4,145.0
Q96D53,T145N,0.3738,ambiguous,ADCK4,145.0
Q96D53,T145P,0.8119,pathogenic,ADCK4,145.0
Q96D53,T145Q,0.389,ambiguous,ADCK4,145.0
Q96D53,T145R,0.3197,benign,ADCK4,145.0
Q96D53,T145S,0.2733,benign,ADCK4,145.0
Q96D53,T145V,0.2693,benign,ADCK4,145.0
Q96D53,T145W,0.8246,pathogenic,ADCK4,145.0
Q96D53,T145Y,0.5934,pathogenic,ADCK4,145.0
Q96D53,L146A,0.8625,pathogenic,ADCK4,146.0
Q96D53,L146C,0.9261,pathogenic,ADCK4,146.0
Q96D53,L146D,0.997,pathogenic,ADCK4,146.0
Q96D53,L146E,0.9889,pathogenic,ADCK4,146.0
Q96D53,L146F,0.4179,ambiguous,ADCK4,146.0
Q96D53,L146G,0.9659,pathogenic,ADCK4,146.0
Q96D53,L146H,0.9698,pathogenic,ADCK4,146.0
Q96D53,L146I,0.4085,ambiguous,ADCK4,146.0
Q96D53,L146K,0.9874,pathogenic,ADCK4,146.0
Q96D53,L146M,0.4176,ambiguous,ADCK4,146.0
Q96D53,L146N,0.9874,pathogenic,ADCK4,146.0
Q96D53,L146P,0.9355,pathogenic,ADCK4,146.0
Q96D53,L146Q,0.9425,pathogenic,ADCK4,146.0
Q96D53,L146R,0.9269,pathogenic,ADCK4,146.0
Q96D53,L146S,0.9595,pathogenic,ADCK4,146.0
Q96D53,L146T,0.9275,pathogenic,ADCK4,146.0
Q96D53,L146V,0.4348,ambiguous,ADCK4,146.0
Q96D53,L146W,0.8063,pathogenic,ADCK4,146.0
Q96D53,L146Y,0.9497,pathogenic,ADCK4,146.0
Q96D53,C147A,0.658,pathogenic,ADCK4,147.0
Q96D53,C147D,0.9531,pathogenic,ADCK4,147.0
Q96D53,C147E,0.9537,pathogenic,ADCK4,147.0
Q96D53,C147F,0.7309,pathogenic,ADCK4,147.0
Q96D53,C147G,0.2892,benign,ADCK4,147.0
Q96D53,C147H,0.8288,pathogenic,ADCK4,147.0
Q96D53,C147I,0.9428,pathogenic,ADCK4,147.0
Q96D53,C147K,0.9374,pathogenic,ADCK4,147.0
Q96D53,C147L,0.7896,pathogenic,ADCK4,147.0
Q96D53,C147M,0.8908,pathogenic,ADCK4,147.0
Q96D53,C147N,0.8509,pathogenic,ADCK4,147.0
Q96D53,C147P,0.9843,pathogenic,ADCK4,147.0
Q96D53,C147Q,0.789,pathogenic,ADCK4,147.0
Q96D53,C147R,0.6022,pathogenic,ADCK4,147.0
Q96D53,C147S,0.4849,ambiguous,ADCK4,147.0
Q96D53,C147T,0.7525,pathogenic,ADCK4,147.0
Q96D53,C147V,0.842,pathogenic,ADCK4,147.0
Q96D53,C147W,0.8996,pathogenic,ADCK4,147.0
Q96D53,C147Y,0.8253,pathogenic,ADCK4,147.0
Q96D53,T148A,0.0758,benign,ADCK4,148.0
Q96D53,T148C,0.3594,ambiguous,ADCK4,148.0
Q96D53,T148D,0.4813,ambiguous,ADCK4,148.0
Q96D53,T148E,0.2815,benign,ADCK4,148.0
Q96D53,T148F,0.3235,benign,ADCK4,148.0
Q96D53,T148G,0.243,benign,ADCK4,148.0
Q96D53,T148H,0.1778,benign,ADCK4,148.0
Q96D53,T148I,0.1891,benign,ADCK4,148.0
Q96D53,T148K,0.117,benign,ADCK4,148.0
Q96D53,T148L,0.111,benign,ADCK4,148.0
Q96D53,T148M,0.0924,benign,ADCK4,148.0
Q96D53,T148N,0.1761,benign,ADCK4,148.0
Q96D53,T148P,0.4079,ambiguous,ADCK4,148.0
Q96D53,T148Q,0.1477,benign,ADCK4,148.0
Q96D53,T148R,0.0876,benign,ADCK4,148.0
Q96D53,T148S,0.1261,benign,ADCK4,148.0
Q96D53,T148V,0.1369,benign,ADCK4,148.0
Q96D53,T148W,0.5296,ambiguous,ADCK4,148.0
Q96D53,T148Y,0.3279,benign,ADCK4,148.0
Q96D53,V149A,0.3626,ambiguous,ADCK4,149.0
Q96D53,V149C,0.9091,pathogenic,ADCK4,149.0
Q96D53,V149D,0.9088,pathogenic,ADCK4,149.0
Q96D53,V149E,0.7516,pathogenic,ADCK4,149.0
Q96D53,V149F,0.3058,benign,ADCK4,149.0
Q96D53,V149G,0.4899,ambiguous,ADCK4,149.0
Q96D53,V149H,0.9169,pathogenic,ADCK4,149.0
Q96D53,V149I,0.1537,benign,ADCK4,149.0
Q96D53,V149K,0.8322,pathogenic,ADCK4,149.0
Q96D53,V149L,0.2946,benign,ADCK4,149.0
Q96D53,V149M,0.1128,benign,ADCK4,149.0
Q96D53,V149N,0.8225,pathogenic,ADCK4,149.0
Q96D53,V149P,0.9742,pathogenic,ADCK4,149.0
Q96D53,V149Q,0.6545,pathogenic,ADCK4,149.0
Q96D53,V149R,0.7295,pathogenic,ADCK4,149.0
Q96D53,V149S,0.511,ambiguous,ADCK4,149.0
Q96D53,V149T,0.4834,ambiguous,ADCK4,149.0
Q96D53,V149W,0.9316,pathogenic,ADCK4,149.0
Q96D53,V149Y,0.8744,pathogenic,ADCK4,149.0
Q96D53,R150A,0.9734,pathogenic,ADCK4,150.0
Q96D53,R150C,0.7033,pathogenic,ADCK4,150.0
Q96D53,R150D,0.9929,pathogenic,ADCK4,150.0
Q96D53,R150E,0.9507,pathogenic,ADCK4,150.0
Q96D53,R150F,0.995,pathogenic,ADCK4,150.0
Q96D53,R150G,0.8552,pathogenic,ADCK4,150.0
Q96D53,R150H,0.7183,pathogenic,ADCK4,150.0
Q96D53,R150I,0.9916,pathogenic,ADCK4,150.0
Q96D53,R150K,0.8018,pathogenic,ADCK4,150.0
Q96D53,R150L,0.9364,pathogenic,ADCK4,150.0
Q96D53,R150M,0.9901,pathogenic,ADCK4,150.0
Q96D53,R150N,0.9928,pathogenic,ADCK4,150.0
Q96D53,R150P,0.9407,pathogenic,ADCK4,150.0
Q96D53,R150Q,0.5778,pathogenic,ADCK4,150.0
Q96D53,R150S,0.9712,pathogenic,ADCK4,150.0
Q96D53,R150T,0.98,pathogenic,ADCK4,150.0
Q96D53,R150V,0.9902,pathogenic,ADCK4,150.0
Q96D53,R150W,0.7016,pathogenic,ADCK4,150.0
Q96D53,R150Y,0.974,pathogenic,ADCK4,150.0
Q96D53,G151A,0.8579,pathogenic,ADCK4,151.0
Q96D53,G151C,0.9425,pathogenic,ADCK4,151.0
Q96D53,G151D,0.9501,pathogenic,ADCK4,151.0
Q96D53,G151E,0.9662,pathogenic,ADCK4,151.0
Q96D53,G151F,0.9918,pathogenic,ADCK4,151.0
Q96D53,G151H,0.9901,pathogenic,ADCK4,151.0
Q96D53,G151I,0.9721,pathogenic,ADCK4,151.0
Q96D53,G151K,0.9871,pathogenic,ADCK4,151.0
Q96D53,G151L,0.9782,pathogenic,ADCK4,151.0
Q96D53,G151M,0.9866,pathogenic,ADCK4,151.0
Q96D53,G151N,0.982,pathogenic,ADCK4,151.0
Q96D53,G151P,0.9947,pathogenic,ADCK4,151.0
Q96D53,G151Q,0.984,pathogenic,ADCK4,151.0
Q96D53,G151R,0.9697,pathogenic,ADCK4,151.0
Q96D53,G151S,0.7905,pathogenic,ADCK4,151.0
Q96D53,G151T,0.9473,pathogenic,ADCK4,151.0
Q96D53,G151V,0.935,pathogenic,ADCK4,151.0
Q96D53,G151W,0.953,pathogenic,ADCK4,151.0
Q96D53,G151Y,0.9858,pathogenic,ADCK4,151.0
Q96D53,A152C,0.8204,pathogenic,ADCK4,152.0
Q96D53,A152D,0.9532,pathogenic,ADCK4,152.0
Q96D53,A152E,0.9185,pathogenic,ADCK4,152.0
Q96D53,A152F,0.7373,pathogenic,ADCK4,152.0
Q96D53,A152G,0.4103,ambiguous,ADCK4,152.0
Q96D53,A152H,0.9566,pathogenic,ADCK4,152.0
Q96D53,A152I,0.5394,ambiguous,ADCK4,152.0
Q96D53,A152K,0.9666,pathogenic,ADCK4,152.0
Q96D53,A152L,0.3822,ambiguous,ADCK4,152.0
Q96D53,A152M,0.4119,ambiguous,ADCK4,152.0
Q96D53,A152N,0.9238,pathogenic,ADCK4,152.0
Q96D53,A152P,0.8316,pathogenic,ADCK4,152.0
Q96D53,A152Q,0.9061,pathogenic,ADCK4,152.0
Q96D53,A152R,0.9191,pathogenic,ADCK4,152.0
Q96D53,A152S,0.2978,benign,ADCK4,152.0
Q96D53,A152T,0.2162,benign,ADCK4,152.0
Q96D53,A152V,0.2412,benign,ADCK4,152.0
Q96D53,A152W,0.9607,pathogenic,ADCK4,152.0
Q96D53,A152Y,0.9418,pathogenic,ADCK4,152.0
Q96D53,A153C,0.8488,pathogenic,ADCK4,153.0
Q96D53,A153D,0.986,pathogenic,ADCK4,153.0
Q96D53,A153E,0.966,pathogenic,ADCK4,153.0
Q96D53,A153F,0.7272,pathogenic,ADCK4,153.0
Q96D53,A153G,0.5249,ambiguous,ADCK4,153.0
Q96D53,A153H,0.9753,pathogenic,ADCK4,153.0
Q96D53,A153I,0.5688,pathogenic,ADCK4,153.0
Q96D53,A153K,0.9865,pathogenic,ADCK4,153.0
Q96D53,A153L,0.3627,ambiguous,ADCK4,153.0
Q96D53,A153M,0.476,ambiguous,ADCK4,153.0
Q96D53,A153N,0.9699,pathogenic,ADCK4,153.0
Q96D53,A153P,0.7334,pathogenic,ADCK4,153.0
Q96D53,A153Q,0.9324,pathogenic,ADCK4,153.0
Q96D53,A153R,0.9539,pathogenic,ADCK4,153.0
Q96D53,A153S,0.3392,benign,ADCK4,153.0
Q96D53,A153T,0.3228,benign,ADCK4,153.0
Q96D53,A153V,0.2455,benign,ADCK4,153.0
Q96D53,A153W,0.965,pathogenic,ADCK4,153.0
Q96D53,A153Y,0.9462,pathogenic,ADCK4,153.0
Q96D53,L154A,0.8991,pathogenic,ADCK4,154.0
Q96D53,L154C,0.9599,pathogenic,ADCK4,154.0
Q96D53,L154D,0.9977,pathogenic,ADCK4,154.0
Q96D53,L154E,0.9753,pathogenic,ADCK4,154.0
Q96D53,L154F,0.8655,pathogenic,ADCK4,154.0
Q96D53,L154G,0.9512,pathogenic,ADCK4,154.0
Q96D53,L154H,0.9643,pathogenic,ADCK4,154.0
Q96D53,L154I,0.7395,pathogenic,ADCK4,154.0
Q96D53,L154K,0.9435,pathogenic,ADCK4,154.0
Q96D53,L154M,0.4527,ambiguous,ADCK4,154.0
Q96D53,L154N,0.9812,pathogenic,ADCK4,154.0
Q96D53,L154P,0.9709,pathogenic,ADCK4,154.0
Q96D53,L154Q,0.8285,pathogenic,ADCK4,154.0
Q96D53,L154R,0.8022,pathogenic,ADCK4,154.0
Q96D53,L154S,0.9514,pathogenic,ADCK4,154.0
Q96D53,L154T,0.9391,pathogenic,ADCK4,154.0
Q96D53,L154V,0.6279,pathogenic,ADCK4,154.0
Q96D53,L154W,0.9063,pathogenic,ADCK4,154.0
Q96D53,L154Y,0.9789,pathogenic,ADCK4,154.0
Q96D53,K155A,0.9805,pathogenic,ADCK4,155.0
Q96D53,K155C,0.9954,pathogenic,ADCK4,155.0
Q96D53,K155D,0.9947,pathogenic,ADCK4,155.0
Q96D53,K155E,0.978,pathogenic,ADCK4,155.0
Q96D53,K155F,0.9978,pathogenic,ADCK4,155.0
Q96D53,K155G,0.9887,pathogenic,ADCK4,155.0
Q96D53,K155H,0.9534,pathogenic,ADCK4,155.0
Q96D53,K155I,0.9842,pathogenic,ADCK4,155.0
Q96D53,K155L,0.9541,pathogenic,ADCK4,155.0
Q96D53,K155M,0.9417,pathogenic,ADCK4,155.0
Q96D53,K155N,0.9906,pathogenic,ADCK4,155.0
Q96D53,K155P,0.9868,pathogenic,ADCK4,155.0
Q96D53,K155Q,0.9418,pathogenic,ADCK4,155.0
Q96D53,K155R,0.6519,pathogenic,ADCK4,155.0
Q96D53,K155S,0.987,pathogenic,ADCK4,155.0
Q96D53,K155T,0.9372,pathogenic,ADCK4,155.0
Q96D53,K155V,0.9815,pathogenic,ADCK4,155.0
Q96D53,K155W,0.9944,pathogenic,ADCK4,155.0
Q96D53,K155Y,0.9917,pathogenic,ADCK4,155.0
Q96D53,V156A,0.2236,benign,ADCK4,156.0
Q96D53,V156C,0.8295,pathogenic,ADCK4,156.0
Q96D53,V156D,0.9646,pathogenic,ADCK4,156.0
Q96D53,V156E,0.9381,pathogenic,ADCK4,156.0
Q96D53,V156F,0.1754,benign,ADCK4,156.0
Q96D53,V156G,0.5174,ambiguous,ADCK4,156.0
Q96D53,V156H,0.9683,pathogenic,ADCK4,156.0
Q96D53,V156I,0.0717,benign,ADCK4,156.0
Q96D53,V156K,0.9598,pathogenic,ADCK4,156.0
Q96D53,V156L,0.112,benign,ADCK4,156.0
Q96D53,V156M,0.1281,benign,ADCK4,156.0
Q96D53,V156N,0.9296,pathogenic,ADCK4,156.0
Q96D53,V156P,0.9248,pathogenic,ADCK4,156.0
Q96D53,V156Q,0.9123,pathogenic,ADCK4,156.0
Q96D53,V156R,0.9152,pathogenic,ADCK4,156.0
Q96D53,V156S,0.6812,pathogenic,ADCK4,156.0
Q96D53,V156T,0.4479,ambiguous,ADCK4,156.0
Q96D53,V156W,0.809,pathogenic,ADCK4,156.0
Q96D53,V156Y,0.8139,pathogenic,ADCK4,156.0
Q96D53,G157A,0.4389,ambiguous,ADCK4,157.0
Q96D53,G157C,0.7194,pathogenic,ADCK4,157.0
Q96D53,G157D,0.9749,pathogenic,ADCK4,157.0
Q96D53,G157E,0.9684,pathogenic,ADCK4,157.0
Q96D53,G157F,0.9718,pathogenic,ADCK4,157.0
Q96D53,G157H,0.9879,pathogenic,ADCK4,157.0
Q96D53,G157I,0.9161,pathogenic,ADCK4,157.0
Q96D53,G157K,0.9873,pathogenic,ADCK4,157.0
Q96D53,G157L,0.8926,pathogenic,ADCK4,157.0
Q96D53,G157M,0.9439,pathogenic,ADCK4,157.0
Q96D53,G157N,0.983,pathogenic,ADCK4,157.0
Q96D53,G157P,0.9935,pathogenic,ADCK4,157.0
Q96D53,G157Q,0.9626,pathogenic,ADCK4,157.0
Q96D53,G157R,0.9442,pathogenic,ADCK4,157.0
Q96D53,G157S,0.5,ambiguous,ADCK4,157.0
Q96D53,G157T,0.8196,pathogenic,ADCK4,157.0
Q96D53,G157V,0.8388,pathogenic,ADCK4,157.0
Q96D53,G157W,0.9304,pathogenic,ADCK4,157.0
Q96D53,G157Y,0.9798,pathogenic,ADCK4,157.0
Q96D53,Q158A,0.8754,pathogenic,ADCK4,158.0
Q96D53,Q158C,0.9945,pathogenic,ADCK4,158.0
Q96D53,Q158D,0.9811,pathogenic,ADCK4,158.0
Q96D53,Q158E,0.6218,pathogenic,ADCK4,158.0
Q96D53,Q158F,0.9948,pathogenic,ADCK4,158.0
Q96D53,Q158G,0.8595,pathogenic,ADCK4,158.0
Q96D53,Q158H,0.9784,pathogenic,ADCK4,158.0
Q96D53,Q158I,0.9765,pathogenic,ADCK4,158.0
Q96D53,Q158K,0.8597,pathogenic,ADCK4,158.0
Q96D53,Q158L,0.8198,pathogenic,ADCK4,158.0
Q96D53,Q158M,0.9014,pathogenic,ADCK4,158.0
Q96D53,Q158N,0.9361,pathogenic,ADCK4,158.0
Q96D53,Q158P,0.8945,pathogenic,ADCK4,158.0
Q96D53,Q158R,0.855,pathogenic,ADCK4,158.0
Q96D53,Q158S,0.8917,pathogenic,ADCK4,158.0
Q96D53,Q158T,0.9201,pathogenic,ADCK4,158.0
Q96D53,Q158V,0.9431,pathogenic,ADCK4,158.0
Q96D53,Q158W,0.9925,pathogenic,ADCK4,158.0
Q96D53,Q158Y,0.9939,pathogenic,ADCK4,158.0
Q96D53,M159A,0.8592,pathogenic,ADCK4,159.0
Q96D53,M159C,0.9516,pathogenic,ADCK4,159.0
Q96D53,M159D,0.9964,pathogenic,ADCK4,159.0
Q96D53,M159E,0.983,pathogenic,ADCK4,159.0
Q96D53,M159F,0.4905,ambiguous,ADCK4,159.0
Q96D53,M159G,0.9634,pathogenic,ADCK4,159.0
Q96D53,M159H,0.9474,pathogenic,ADCK4,159.0
Q96D53,M159I,0.5668,pathogenic,ADCK4,159.0
Q96D53,M159K,0.9304,pathogenic,ADCK4,159.0
Q96D53,M159L,0.1934,benign,ADCK4,159.0
Q96D53,M159N,0.9612,pathogenic,ADCK4,159.0
Q96D53,M159P,0.9964,pathogenic,ADCK4,159.0
Q96D53,M159Q,0.8699,pathogenic,ADCK4,159.0
Q96D53,M159R,0.9135,pathogenic,ADCK4,159.0
Q96D53,M159S,0.9104,pathogenic,ADCK4,159.0
Q96D53,M159T,0.8491,pathogenic,ADCK4,159.0
Q96D53,M159V,0.286,benign,ADCK4,159.0
Q96D53,M159W,0.8896,pathogenic,ADCK4,159.0
Q96D53,M159Y,0.8826,pathogenic,ADCK4,159.0
Q96D53,L160A,0.7624,pathogenic,ADCK4,160.0
Q96D53,L160C,0.8647,pathogenic,ADCK4,160.0
Q96D53,L160D,0.9965,pathogenic,ADCK4,160.0
Q96D53,L160E,0.9858,pathogenic,ADCK4,160.0
Q96D53,L160F,0.3189,benign,ADCK4,160.0
Q96D53,L160G,0.9534,pathogenic,ADCK4,160.0
Q96D53,L160H,0.9634,pathogenic,ADCK4,160.0
Q96D53,L160I,0.1635,benign,ADCK4,160.0
Q96D53,L160K,0.9819,pathogenic,ADCK4,160.0
Q96D53,L160M,0.207,benign,ADCK4,160.0
Q96D53,L160N,0.9868,pathogenic,ADCK4,160.0
Q96D53,L160P,0.9343,pathogenic,ADCK4,160.0
Q96D53,L160Q,0.9198,pathogenic,ADCK4,160.0
Q96D53,L160R,0.932,pathogenic,ADCK4,160.0
Q96D53,L160S,0.9523,pathogenic,ADCK4,160.0
Q96D53,L160T,0.9015,pathogenic,ADCK4,160.0
Q96D53,L160V,0.2195,benign,ADCK4,160.0
Q96D53,L160W,0.636,pathogenic,ADCK4,160.0
Q96D53,L160Y,0.8856,pathogenic,ADCK4,160.0
Q96D53,S161A,0.2756,benign,ADCK4,161.0
Q96D53,S161C,0.5367,ambiguous,ADCK4,161.0
Q96D53,S161D,0.9773,pathogenic,ADCK4,161.0
Q96D53,S161E,0.9823,pathogenic,ADCK4,161.0
Q96D53,S161F,0.9314,pathogenic,ADCK4,161.0
Q96D53,S161G,0.4236,ambiguous,ADCK4,161.0
Q96D53,S161H,0.941,pathogenic,ADCK4,161.0
Q96D53,S161I,0.9565,pathogenic,ADCK4,161.0
Q96D53,S161K,0.9961,pathogenic,ADCK4,161.0
Q96D53,S161L,0.7107,pathogenic,ADCK4,161.0
Q96D53,S161M,0.8854,pathogenic,ADCK4,161.0
Q96D53,S161N,0.9147,pathogenic,ADCK4,161.0
Q96D53,S161P,0.9543,pathogenic,ADCK4,161.0
Q96D53,S161Q,0.958,pathogenic,ADCK4,161.0
Q96D53,S161R,0.9871,pathogenic,ADCK4,161.0
Q96D53,S161T,0.6123,pathogenic,ADCK4,161.0
Q96D53,S161V,0.9169,pathogenic,ADCK4,161.0
Q96D53,S161W,0.9213,pathogenic,ADCK4,161.0
Q96D53,S161Y,0.9122,pathogenic,ADCK4,161.0
Q96D53,I162A,0.8651,pathogenic,ADCK4,162.0
Q96D53,I162C,0.9426,pathogenic,ADCK4,162.0
Q96D53,I162D,0.9852,pathogenic,ADCK4,162.0
Q96D53,I162E,0.9718,pathogenic,ADCK4,162.0
Q96D53,I162F,0.2055,benign,ADCK4,162.0
Q96D53,I162G,0.9664,pathogenic,ADCK4,162.0
Q96D53,I162H,0.9042,pathogenic,ADCK4,162.0
Q96D53,I162K,0.946,pathogenic,ADCK4,162.0
Q96D53,I162L,0.1186,benign,ADCK4,162.0
Q96D53,I162M,0.1698,benign,ADCK4,162.0
Q96D53,I162N,0.8664,pathogenic,ADCK4,162.0
Q96D53,I162P,0.9406,pathogenic,ADCK4,162.0
Q96D53,I162Q,0.8992,pathogenic,ADCK4,162.0
Q96D53,I162R,0.8681,pathogenic,ADCK4,162.0
Q96D53,I162S,0.8155,pathogenic,ADCK4,162.0
Q96D53,I162T,0.8944,pathogenic,ADCK4,162.0
Q96D53,I162V,0.2735,benign,ADCK4,162.0
Q96D53,I162W,0.8239,pathogenic,ADCK4,162.0
Q96D53,I162Y,0.8001,pathogenic,ADCK4,162.0
Q96D53,Q163A,0.3751,ambiguous,ADCK4,163.0
Q96D53,Q163C,0.9078,pathogenic,ADCK4,163.0
Q96D53,Q163D,0.8429,pathogenic,ADCK4,163.0
Q96D53,Q163E,0.1969,benign,ADCK4,163.0
Q96D53,Q163F,0.9374,pathogenic,ADCK4,163.0
Q96D53,Q163G,0.4367,ambiguous,ADCK4,163.0
Q96D53,Q163H,0.6728,pathogenic,ADCK4,163.0
Q96D53,Q163I,0.8127,pathogenic,ADCK4,163.0
Q96D53,Q163K,0.4166,ambiguous,ADCK4,163.0
Q96D53,Q163L,0.4541,ambiguous,ADCK4,163.0
Q96D53,Q163M,0.7066,pathogenic,ADCK4,163.0
Q96D53,Q163N,0.7626,pathogenic,ADCK4,163.0
Q96D53,Q163P,0.3466,ambiguous,ADCK4,163.0
Q96D53,Q163R,0.2702,benign,ADCK4,163.0
Q96D53,Q163S,0.4154,ambiguous,ADCK4,163.0
Q96D53,Q163T,0.3814,ambiguous,ADCK4,163.0
Q96D53,Q163V,0.5937,pathogenic,ADCK4,163.0
Q96D53,Q163W,0.8491,pathogenic,ADCK4,163.0
Q96D53,Q163Y,0.8711,pathogenic,ADCK4,163.0
Q96D53,D164A,0.5292,ambiguous,ADCK4,164.0
Q96D53,D164C,0.9132,pathogenic,ADCK4,164.0
Q96D53,D164E,0.4944,ambiguous,ADCK4,164.0
Q96D53,D164F,0.9422,pathogenic,ADCK4,164.0
Q96D53,D164G,0.2509,benign,ADCK4,164.0
Q96D53,D164H,0.7007,pathogenic,ADCK4,164.0
Q96D53,D164I,0.9065,pathogenic,ADCK4,164.0
Q96D53,D164K,0.8068,pathogenic,ADCK4,164.0
Q96D53,D164L,0.8698,pathogenic,ADCK4,164.0
Q96D53,D164M,0.9479,pathogenic,ADCK4,164.0
Q96D53,D164N,0.2709,benign,ADCK4,164.0
Q96D53,D164P,0.9084,pathogenic,ADCK4,164.0
Q96D53,D164Q,0.7198,pathogenic,ADCK4,164.0
Q96D53,D164R,0.786,pathogenic,ADCK4,164.0
Q96D53,D164S,0.363,ambiguous,ADCK4,164.0
Q96D53,D164T,0.7089,pathogenic,ADCK4,164.0
Q96D53,D164V,0.7074,pathogenic,ADCK4,164.0
Q96D53,D164W,0.975,pathogenic,ADCK4,164.0
Q96D53,D164Y,0.6087,pathogenic,ADCK4,164.0
Q96D53,N165A,0.145,benign,ADCK4,165.0
Q96D53,N165C,0.2101,benign,ADCK4,165.0
Q96D53,N165D,0.0875,benign,ADCK4,165.0
Q96D53,N165E,0.2244,benign,ADCK4,165.0
Q96D53,N165F,0.542,ambiguous,ADCK4,165.0
Q96D53,N165G,0.1764,benign,ADCK4,165.0
Q96D53,N165H,0.0788,benign,ADCK4,165.0
Q96D53,N165I,0.2454,benign,ADCK4,165.0
Q96D53,N165K,0.1856,benign,ADCK4,165.0
Q96D53,N165L,0.2496,benign,ADCK4,165.0
Q96D53,N165M,0.3579,ambiguous,ADCK4,165.0
Q96D53,N165P,0.2287,benign,ADCK4,165.0
Q96D53,N165Q,0.2016,benign,ADCK4,165.0
Q96D53,N165R,0.1679,benign,ADCK4,165.0
Q96D53,N165S,0.0634,benign,ADCK4,165.0
Q96D53,N165T,0.1047,benign,ADCK4,165.0
Q96D53,N165V,0.228,benign,ADCK4,165.0
Q96D53,N165W,0.6371,pathogenic,ADCK4,165.0
Q96D53,N165Y,0.1775,benign,ADCK4,165.0
Q96D53,S166A,0.0766,benign,ADCK4,166.0
Q96D53,S166C,0.108,benign,ADCK4,166.0
Q96D53,S166D,0.2569,benign,ADCK4,166.0
Q96D53,S166E,0.3737,ambiguous,ADCK4,166.0
Q96D53,S166F,0.2056,benign,ADCK4,166.0
Q96D53,S166G,0.0831,benign,ADCK4,166.0
Q96D53,S166H,0.179,benign,ADCK4,166.0
Q96D53,S166I,0.1922,benign,ADCK4,166.0
Q96D53,S166K,0.4918,ambiguous,ADCK4,166.0
Q96D53,S166L,0.1331,benign,ADCK4,166.0
Q96D53,S166M,0.263,benign,ADCK4,166.0
Q96D53,S166N,0.1387,benign,ADCK4,166.0
Q96D53,S166P,0.3231,benign,ADCK4,166.0
Q96D53,S166Q,0.3386,benign,ADCK4,166.0
Q96D53,S166R,0.3027,benign,ADCK4,166.0
Q96D53,S166T,0.0815,benign,ADCK4,166.0
Q96D53,S166V,0.1796,benign,ADCK4,166.0
Q96D53,S166W,0.2219,benign,ADCK4,166.0
Q96D53,S166Y,0.1344,benign,ADCK4,166.0
Q96D53,F167A,0.3345,benign,ADCK4,167.0
Q96D53,F167C,0.2283,benign,ADCK4,167.0
Q96D53,F167D,0.7702,pathogenic,ADCK4,167.0
Q96D53,F167E,0.8103,pathogenic,ADCK4,167.0
Q96D53,F167G,0.5862,pathogenic,ADCK4,167.0
Q96D53,F167H,0.5492,ambiguous,ADCK4,167.0
Q96D53,F167I,0.1183,benign,ADCK4,167.0
Q96D53,F167K,0.7785,pathogenic,ADCK4,167.0
Q96D53,F167L,0.4251,ambiguous,ADCK4,167.0
Q96D53,F167M,0.2842,benign,ADCK4,167.0
Q96D53,F167N,0.6214,pathogenic,ADCK4,167.0
Q96D53,F167P,0.8557,pathogenic,ADCK4,167.0
Q96D53,F167Q,0.639,pathogenic,ADCK4,167.0
Q96D53,F167R,0.5746,pathogenic,ADCK4,167.0
Q96D53,F167S,0.3221,benign,ADCK4,167.0
Q96D53,F167T,0.406,ambiguous,ADCK4,167.0
Q96D53,F167V,0.1127,benign,ADCK4,167.0
Q96D53,F167W,0.3043,benign,ADCK4,167.0
Q96D53,F167Y,0.2125,benign,ADCK4,167.0
Q96D53,I168A,0.6326,pathogenic,ADCK4,168.0
Q96D53,I168C,0.7283,pathogenic,ADCK4,168.0
Q96D53,I168D,0.9632,pathogenic,ADCK4,168.0
Q96D53,I168E,0.952,pathogenic,ADCK4,168.0
Q96D53,I168F,0.1476,benign,ADCK4,168.0
Q96D53,I168G,0.8894,pathogenic,ADCK4,168.0
Q96D53,I168H,0.7946,pathogenic,ADCK4,168.0
Q96D53,I168K,0.887,pathogenic,ADCK4,168.0
Q96D53,I168L,0.0725,benign,ADCK4,168.0
Q96D53,I168M,0.1629,benign,ADCK4,168.0
Q96D53,I168N,0.8139,pathogenic,ADCK4,168.0
Q96D53,I168P,0.7788,pathogenic,ADCK4,168.0
Q96D53,I168Q,0.8303,pathogenic,ADCK4,168.0
Q96D53,I168R,0.7283,pathogenic,ADCK4,168.0
Q96D53,I168S,0.6695,pathogenic,ADCK4,168.0
Q96D53,I168T,0.699,pathogenic,ADCK4,168.0
Q96D53,I168V,0.1225,benign,ADCK4,168.0
Q96D53,I168W,0.6889,pathogenic,ADCK4,168.0
Q96D53,I168Y,0.659,pathogenic,ADCK4,168.0
Q96D53,S169A,0.1698,benign,ADCK4,169.0
Q96D53,S169C,0.1652,benign,ADCK4,169.0
Q96D53,S169D,0.3621,ambiguous,ADCK4,169.0
Q96D53,S169E,0.6668,pathogenic,ADCK4,169.0
Q96D53,S169F,0.5144,ambiguous,ADCK4,169.0
Q96D53,S169G,0.1201,benign,ADCK4,169.0
Q96D53,S169H,0.254,benign,ADCK4,169.0
Q96D53,S169I,0.3511,ambiguous,ADCK4,169.0
Q96D53,S169K,0.7268,pathogenic,ADCK4,169.0
Q96D53,S169L,0.2282,benign,ADCK4,169.0
Q96D53,S169M,0.4187,ambiguous,ADCK4,169.0
Q96D53,S169N,0.142,benign,ADCK4,169.0
Q96D53,S169P,0.1354,benign,ADCK4,169.0
Q96D53,S169Q,0.5571,ambiguous,ADCK4,169.0
Q96D53,S169R,0.6169,pathogenic,ADCK4,169.0
Q96D53,S169T,0.1351,benign,ADCK4,169.0
Q96D53,S169V,0.4031,ambiguous,ADCK4,169.0
Q96D53,S169W,0.4874,ambiguous,ADCK4,169.0
Q96D53,S169Y,0.3387,benign,ADCK4,169.0
Q96D53,P170A,0.1043,benign,ADCK4,170.0
Q96D53,P170C,0.6301,pathogenic,ADCK4,170.0
Q96D53,P170D,0.5318,ambiguous,ADCK4,170.0
Q96D53,P170E,0.2793,benign,ADCK4,170.0
Q96D53,P170F,0.6575,pathogenic,ADCK4,170.0
Q96D53,P170G,0.3554,ambiguous,ADCK4,170.0
Q96D53,P170H,0.2229,benign,ADCK4,170.0
Q96D53,P170I,0.4758,ambiguous,ADCK4,170.0
Q96D53,P170K,0.2401,benign,ADCK4,170.0
Q96D53,P170L,0.1639,benign,ADCK4,170.0
Q96D53,P170M,0.438,ambiguous,ADCK4,170.0
Q96D53,P170N,0.5021,ambiguous,ADCK4,170.0
Q96D53,P170Q,0.1552,benign,ADCK4,170.0
Q96D53,P170R,0.1151,benign,ADCK4,170.0
Q96D53,P170S,0.1553,benign,ADCK4,170.0
Q96D53,P170T,0.1411,benign,ADCK4,170.0
Q96D53,P170V,0.2906,benign,ADCK4,170.0
Q96D53,P170W,0.6242,pathogenic,ADCK4,170.0
Q96D53,P170Y,0.5846,pathogenic,ADCK4,170.0
Q96D53,Q171A,0.1793,benign,ADCK4,171.0
Q96D53,Q171C,0.6803,pathogenic,ADCK4,171.0
Q96D53,Q171D,0.3962,ambiguous,ADCK4,171.0
Q96D53,Q171E,0.0964,benign,ADCK4,171.0
Q96D53,Q171F,0.767,pathogenic,ADCK4,171.0
Q96D53,Q171G,0.2869,benign,ADCK4,171.0
Q96D53,Q171H,0.1996,benign,ADCK4,171.0
Q96D53,Q171I,0.5167,ambiguous,ADCK4,171.0
Q96D53,Q171K,0.1158,benign,ADCK4,171.0
Q96D53,Q171L,0.2199,benign,ADCK4,171.0
Q96D53,Q171M,0.5057,ambiguous,ADCK4,171.0
Q96D53,Q171N,0.4,ambiguous,ADCK4,171.0
Q96D53,Q171P,0.1287,benign,ADCK4,171.0
Q96D53,Q171R,0.0867,benign,ADCK4,171.0
Q96D53,Q171S,0.2133,benign,ADCK4,171.0
Q96D53,Q171T,0.2088,benign,ADCK4,171.0
Q96D53,Q171V,0.2965,benign,ADCK4,171.0
Q96D53,Q171W,0.4805,ambiguous,ADCK4,171.0
Q96D53,Q171Y,0.4707,ambiguous,ADCK4,171.0
Q96D53,L172A,0.6526,pathogenic,ADCK4,172.0
Q96D53,L172C,0.8314,pathogenic,ADCK4,172.0
Q96D53,L172D,0.9807,pathogenic,ADCK4,172.0
Q96D53,L172E,0.9267,pathogenic,ADCK4,172.0
Q96D53,L172F,0.2395,benign,ADCK4,172.0
Q96D53,L172G,0.8889,pathogenic,ADCK4,172.0
Q96D53,L172H,0.8324,pathogenic,ADCK4,172.0
Q96D53,L172I,0.1066,benign,ADCK4,172.0
Q96D53,L172K,0.8906,pathogenic,ADCK4,172.0
Q96D53,L172M,0.1586,benign,ADCK4,172.0
Q96D53,L172N,0.9448,pathogenic,ADCK4,172.0
Q96D53,L172P,0.8803,pathogenic,ADCK4,172.0
Q96D53,L172Q,0.7248,pathogenic,ADCK4,172.0
Q96D53,L172R,0.749,pathogenic,ADCK4,172.0
Q96D53,L172S,0.8661,pathogenic,ADCK4,172.0
Q96D53,L172T,0.7311,pathogenic,ADCK4,172.0
Q96D53,L172V,0.1233,benign,ADCK4,172.0
Q96D53,L172W,0.279,benign,ADCK4,172.0
Q96D53,L172Y,0.6952,pathogenic,ADCK4,172.0
Q96D53,Q173A,0.2528,benign,ADCK4,173.0
Q96D53,Q173C,0.6049,pathogenic,ADCK4,173.0
Q96D53,Q173D,0.8176,pathogenic,ADCK4,173.0
Q96D53,Q173E,0.1835,benign,ADCK4,173.0
Q96D53,Q173F,0.8606,pathogenic,ADCK4,173.0
Q96D53,Q173G,0.3222,benign,ADCK4,173.0
Q96D53,Q173H,0.368,ambiguous,ADCK4,173.0
Q96D53,Q173I,0.6051,pathogenic,ADCK4,173.0
Q96D53,Q173K,0.1565,benign,ADCK4,173.0
Q96D53,Q173L,0.1843,benign,ADCK4,173.0
Q96D53,Q173M,0.5339,ambiguous,ADCK4,173.0
Q96D53,Q173N,0.623,pathogenic,ADCK4,173.0
Q96D53,Q173P,0.6581,pathogenic,ADCK4,173.0
Q96D53,Q173R,0.0993,benign,ADCK4,173.0
Q96D53,Q173S,0.4036,ambiguous,ADCK4,173.0
Q96D53,Q173T,0.364,ambiguous,ADCK4,173.0
Q96D53,Q173V,0.4214,ambiguous,ADCK4,173.0
Q96D53,Q173W,0.6153,pathogenic,ADCK4,173.0
Q96D53,Q173Y,0.6468,pathogenic,ADCK4,173.0
Q96D53,H174A,0.1135,benign,ADCK4,174.0
Q96D53,H174C,0.0939,benign,ADCK4,174.0
Q96D53,H174D,0.1484,benign,ADCK4,174.0
Q96D53,H174E,0.1535,benign,ADCK4,174.0
Q96D53,H174F,0.296,benign,ADCK4,174.0
Q96D53,H174G,0.1054,benign,ADCK4,174.0
Q96D53,H174I,0.2203,benign,ADCK4,174.0
Q96D53,H174K,0.0985,benign,ADCK4,174.0
Q96D53,H174L,0.0887,benign,ADCK4,174.0
Q96D53,H174M,0.272,benign,ADCK4,174.0
Q96D53,H174N,0.1113,benign,ADCK4,174.0
Q96D53,H174P,0.2651,benign,ADCK4,174.0
Q96D53,H174Q,0.0727,benign,ADCK4,174.0
Q96D53,H174R,0.0504,benign,ADCK4,174.0
Q96D53,H174S,0.1204,benign,ADCK4,174.0
Q96D53,H174T,0.1252,benign,ADCK4,174.0
Q96D53,H174V,0.1628,benign,ADCK4,174.0
Q96D53,H174W,0.1914,benign,ADCK4,174.0
Q96D53,H174Y,0.1192,benign,ADCK4,174.0
Q96D53,I175A,0.5942,pathogenic,ADCK4,175.0
Q96D53,I175C,0.7399,pathogenic,ADCK4,175.0
Q96D53,I175D,0.9298,pathogenic,ADCK4,175.0
Q96D53,I175E,0.9353,pathogenic,ADCK4,175.0
Q96D53,I175F,0.4142,ambiguous,ADCK4,175.0
Q96D53,I175G,0.8925,pathogenic,ADCK4,175.0
Q96D53,I175H,0.774,pathogenic,ADCK4,175.0
Q96D53,I175K,0.8309,pathogenic,ADCK4,175.0
Q96D53,I175L,0.1703,benign,ADCK4,175.0
Q96D53,I175M,0.2573,benign,ADCK4,175.0
Q96D53,I175N,0.6687,pathogenic,ADCK4,175.0
Q96D53,I175P,0.9315,pathogenic,ADCK4,175.0
Q96D53,I175Q,0.8446,pathogenic,ADCK4,175.0
Q96D53,I175R,0.6543,pathogenic,ADCK4,175.0
Q96D53,I175S,0.5739,pathogenic,ADCK4,175.0
Q96D53,I175T,0.6226,pathogenic,ADCK4,175.0
Q96D53,I175V,0.1342,benign,ADCK4,175.0
Q96D53,I175W,0.856,pathogenic,ADCK4,175.0
Q96D53,I175Y,0.7191,pathogenic,ADCK4,175.0
Q96D53,F176A,0.8098,pathogenic,ADCK4,176.0
Q96D53,F176C,0.7487,pathogenic,ADCK4,176.0
Q96D53,F176D,0.9913,pathogenic,ADCK4,176.0
Q96D53,F176E,0.9885,pathogenic,ADCK4,176.0
Q96D53,F176G,0.9305,pathogenic,ADCK4,176.0
Q96D53,F176H,0.9689,pathogenic,ADCK4,176.0
Q96D53,F176I,0.6569,pathogenic,ADCK4,176.0
Q96D53,F176K,0.9885,pathogenic,ADCK4,176.0
Q96D53,F176L,0.8094,pathogenic,ADCK4,176.0
Q96D53,F176M,0.6958,pathogenic,ADCK4,176.0
Q96D53,F176N,0.9834,pathogenic,ADCK4,176.0
Q96D53,F176P,0.9911,pathogenic,ADCK4,176.0
Q96D53,F176Q,0.9668,pathogenic,ADCK4,176.0
Q96D53,F176R,0.9477,pathogenic,ADCK4,176.0
Q96D53,F176S,0.8717,pathogenic,ADCK4,176.0
Q96D53,F176T,0.8566,pathogenic,ADCK4,176.0
Q96D53,F176V,0.5805,pathogenic,ADCK4,176.0
Q96D53,F176W,0.7483,pathogenic,ADCK4,176.0
Q96D53,F176Y,0.7447,pathogenic,ADCK4,176.0
Q96D53,E177A,0.1831,benign,ADCK4,177.0
Q96D53,E177C,0.8666,pathogenic,ADCK4,177.0
Q96D53,E177D,0.2149,benign,ADCK4,177.0
Q96D53,E177F,0.9057,pathogenic,ADCK4,177.0
Q96D53,E177G,0.2103,benign,ADCK4,177.0
Q96D53,E177H,0.4247,ambiguous,ADCK4,177.0
Q96D53,E177I,0.7586,pathogenic,ADCK4,177.0
Q96D53,E177K,0.2559,benign,ADCK4,177.0
Q96D53,E177L,0.5361,ambiguous,ADCK4,177.0
Q96D53,E177M,0.6722,pathogenic,ADCK4,177.0
Q96D53,E177N,0.3999,ambiguous,ADCK4,177.0
Q96D53,E177P,0.9263,pathogenic,ADCK4,177.0
Q96D53,E177Q,0.0964,benign,ADCK4,177.0
Q96D53,E177R,0.2385,benign,ADCK4,177.0
Q96D53,E177S,0.2025,benign,ADCK4,177.0
Q96D53,E177T,0.3401,ambiguous,ADCK4,177.0
Q96D53,E177V,0.5014,ambiguous,ADCK4,177.0
Q96D53,E177W,0.9038,pathogenic,ADCK4,177.0
Q96D53,E177Y,0.7756,pathogenic,ADCK4,177.0
Q96D53,R178A,0.6272,pathogenic,ADCK4,178.0
Q96D53,R178C,0.3562,ambiguous,ADCK4,178.0
Q96D53,R178D,0.8002,pathogenic,ADCK4,178.0
Q96D53,R178E,0.511,ambiguous,ADCK4,178.0
Q96D53,R178F,0.8837,pathogenic,ADCK4,178.0
Q96D53,R178G,0.4476,ambiguous,ADCK4,178.0
Q96D53,R178H,0.1849,benign,ADCK4,178.0
Q96D53,R178I,0.6452,pathogenic,ADCK4,178.0
Q96D53,R178K,0.2279,benign,ADCK4,178.0
Q96D53,R178L,0.4681,ambiguous,ADCK4,178.0
Q96D53,R178M,0.5501,ambiguous,ADCK4,178.0
Q96D53,R178N,0.7619,pathogenic,ADCK4,178.0
Q96D53,R178P,0.9478,pathogenic,ADCK4,178.0
Q96D53,R178Q,0.1205,benign,ADCK4,178.0
Q96D53,R178S,0.7045,pathogenic,ADCK4,178.0
Q96D53,R178T,0.4681,ambiguous,ADCK4,178.0
Q96D53,R178V,0.6389,pathogenic,ADCK4,178.0
Q96D53,R178W,0.3246,benign,ADCK4,178.0
Q96D53,R178Y,0.6449,pathogenic,ADCK4,178.0
Q96D53,V179A,0.5521,ambiguous,ADCK4,179.0
Q96D53,V179C,0.9369,pathogenic,ADCK4,179.0
Q96D53,V179D,0.9754,pathogenic,ADCK4,179.0
Q96D53,V179E,0.8862,pathogenic,ADCK4,179.0
Q96D53,V179F,0.7609,pathogenic,ADCK4,179.0
Q96D53,V179G,0.6491,pathogenic,ADCK4,179.0
Q96D53,V179H,0.9759,pathogenic,ADCK4,179.0
Q96D53,V179I,0.2444,benign,ADCK4,179.0
Q96D53,V179K,0.9279,pathogenic,ADCK4,179.0
Q96D53,V179L,0.6356,pathogenic,ADCK4,179.0
Q96D53,V179M,0.5169,ambiguous,ADCK4,179.0
Q96D53,V179N,0.9465,pathogenic,ADCK4,179.0
Q96D53,V179P,0.9742,pathogenic,ADCK4,179.0
Q96D53,V179Q,0.8433,pathogenic,ADCK4,179.0
Q96D53,V179R,0.8797,pathogenic,ADCK4,179.0
Q96D53,V179S,0.7845,pathogenic,ADCK4,179.0
Q96D53,V179T,0.7054,pathogenic,ADCK4,179.0
Q96D53,V179W,0.9873,pathogenic,ADCK4,179.0
Q96D53,V179Y,0.9716,pathogenic,ADCK4,179.0
Q96D53,R180A,0.9008,pathogenic,ADCK4,180.0
Q96D53,R180C,0.3413,ambiguous,ADCK4,180.0
Q96D53,R180D,0.9891,pathogenic,ADCK4,180.0
Q96D53,R180E,0.8677,pathogenic,ADCK4,180.0
Q96D53,R180F,0.9551,pathogenic,ADCK4,180.0
Q96D53,R180G,0.7386,pathogenic,ADCK4,180.0
Q96D53,R180H,0.3471,ambiguous,ADCK4,180.0
Q96D53,R180I,0.9223,pathogenic,ADCK4,180.0
Q96D53,R180K,0.6451,pathogenic,ADCK4,180.0
Q96D53,R180L,0.711,pathogenic,ADCK4,180.0
Q96D53,R180M,0.9087,pathogenic,ADCK4,180.0
Q96D53,R180N,0.9683,pathogenic,ADCK4,180.0
Q96D53,R180P,0.9737,pathogenic,ADCK4,180.0
Q96D53,R180Q,0.1829,benign,ADCK4,180.0
Q96D53,R180S,0.9042,pathogenic,ADCK4,180.0
Q96D53,R180T,0.9046,pathogenic,ADCK4,180.0
Q96D53,R180V,0.9236,pathogenic,ADCK4,180.0
Q96D53,R180W,0.3722,ambiguous,ADCK4,180.0
Q96D53,R180Y,0.8465,pathogenic,ADCK4,180.0
Q96D53,Q181A,0.278,benign,ADCK4,181.0
Q96D53,Q181C,0.6631,pathogenic,ADCK4,181.0
Q96D53,Q181D,0.4763,ambiguous,ADCK4,181.0
Q96D53,Q181E,0.1354,benign,ADCK4,181.0
Q96D53,Q181F,0.8272,pathogenic,ADCK4,181.0
Q96D53,Q181G,0.2858,benign,ADCK4,181.0
Q96D53,Q181H,0.2547,benign,ADCK4,181.0
Q96D53,Q181I,0.7341,pathogenic,ADCK4,181.0
Q96D53,Q181K,0.1551,benign,ADCK4,181.0
Q96D53,Q181L,0.2244,benign,ADCK4,181.0
Q96D53,Q181M,0.5717,pathogenic,ADCK4,181.0
Q96D53,Q181N,0.3669,ambiguous,ADCK4,181.0
Q96D53,Q181P,0.7958,pathogenic,ADCK4,181.0
Q96D53,Q181R,0.1096,benign,ADCK4,181.0
Q96D53,Q181S,0.3104,benign,ADCK4,181.0
Q96D53,Q181T,0.3543,ambiguous,ADCK4,181.0
Q96D53,Q181V,0.4915,ambiguous,ADCK4,181.0
Q96D53,Q181W,0.6629,pathogenic,ADCK4,181.0
Q96D53,Q181Y,0.6017,pathogenic,ADCK4,181.0
Q96D53,S182A,0.1433,benign,ADCK4,182.0
Q96D53,S182C,0.1865,benign,ADCK4,182.0
Q96D53,S182D,0.3879,ambiguous,ADCK4,182.0
Q96D53,S182E,0.4797,ambiguous,ADCK4,182.0
Q96D53,S182F,0.6355,pathogenic,ADCK4,182.0
Q96D53,S182G,0.096,benign,ADCK4,182.0
Q96D53,S182H,0.317,benign,ADCK4,182.0
Q96D53,S182I,0.5401,ambiguous,ADCK4,182.0
Q96D53,S182K,0.5997,pathogenic,ADCK4,182.0
Q96D53,S182L,0.3838,ambiguous,ADCK4,182.0
Q96D53,S182M,0.4166,ambiguous,ADCK4,182.0
Q96D53,S182N,0.1419,benign,ADCK4,182.0
Q96D53,S182P,0.9043,pathogenic,ADCK4,182.0
Q96D53,S182Q,0.4031,ambiguous,ADCK4,182.0
Q96D53,S182R,0.5077,ambiguous,ADCK4,182.0
Q96D53,S182T,0.1528,benign,ADCK4,182.0
Q96D53,S182V,0.4678,ambiguous,ADCK4,182.0
Q96D53,S182W,0.598,pathogenic,ADCK4,182.0
Q96D53,S182Y,0.3993,ambiguous,ADCK4,182.0
Q96D53,A183C,0.8511,pathogenic,ADCK4,183.0
Q96D53,A183D,0.9602,pathogenic,ADCK4,183.0
Q96D53,A183E,0.9327,pathogenic,ADCK4,183.0
Q96D53,A183F,0.9596,pathogenic,ADCK4,183.0
Q96D53,A183G,0.4657,ambiguous,ADCK4,183.0
Q96D53,A183H,0.9514,pathogenic,ADCK4,183.0
Q96D53,A183I,0.918,pathogenic,ADCK4,183.0
Q96D53,A183K,0.966,pathogenic,ADCK4,183.0
Q96D53,A183L,0.7912,pathogenic,ADCK4,183.0
Q96D53,A183M,0.846,pathogenic,ADCK4,183.0
Q96D53,A183N,0.9192,pathogenic,ADCK4,183.0
Q96D53,A183P,0.8202,pathogenic,ADCK4,183.0
Q96D53,A183Q,0.8726,pathogenic,ADCK4,183.0
Q96D53,A183R,0.8566,pathogenic,ADCK4,183.0
Q96D53,A183S,0.2587,benign,ADCK4,183.0
Q96D53,A183T,0.4358,ambiguous,ADCK4,183.0
Q96D53,A183V,0.6548,pathogenic,ADCK4,183.0
Q96D53,A183W,0.9852,pathogenic,ADCK4,183.0
Q96D53,A183Y,0.9777,pathogenic,ADCK4,183.0
Q96D53,D184A,0.439,ambiguous,ADCK4,184.0
Q96D53,D184C,0.8508,pathogenic,ADCK4,184.0
Q96D53,D184E,0.7079,pathogenic,ADCK4,184.0
Q96D53,D184F,0.8465,pathogenic,ADCK4,184.0
Q96D53,D184G,0.5454,ambiguous,ADCK4,184.0
Q96D53,D184H,0.4476,ambiguous,ADCK4,184.0
Q96D53,D184I,0.8178,pathogenic,ADCK4,184.0
Q96D53,D184K,0.8913,pathogenic,ADCK4,184.0
Q96D53,D184L,0.7954,pathogenic,ADCK4,184.0
Q96D53,D184M,0.9363,pathogenic,ADCK4,184.0
Q96D53,D184N,0.2081,benign,ADCK4,184.0
Q96D53,D184P,0.9011,pathogenic,ADCK4,184.0
Q96D53,D184Q,0.8039,pathogenic,ADCK4,184.0
Q96D53,D184R,0.8021,pathogenic,ADCK4,184.0
Q96D53,D184S,0.2721,benign,ADCK4,184.0
Q96D53,D184T,0.6464,pathogenic,ADCK4,184.0
Q96D53,D184V,0.5958,pathogenic,ADCK4,184.0
Q96D53,D184W,0.9586,pathogenic,ADCK4,184.0
Q96D53,D184Y,0.3929,ambiguous,ADCK4,184.0
Q96D53,F185A,0.7672,pathogenic,ADCK4,185.0
Q96D53,F185C,0.5536,ambiguous,ADCK4,185.0
Q96D53,F185D,0.9591,pathogenic,ADCK4,185.0
Q96D53,F185E,0.9693,pathogenic,ADCK4,185.0
Q96D53,F185G,0.9308,pathogenic,ADCK4,185.0
Q96D53,F185H,0.7627,pathogenic,ADCK4,185.0
Q96D53,F185I,0.4663,ambiguous,ADCK4,185.0
Q96D53,F185K,0.9576,pathogenic,ADCK4,185.0
Q96D53,F185L,0.9586,pathogenic,ADCK4,185.0
Q96D53,F185M,0.854,pathogenic,ADCK4,185.0
Q96D53,F185N,0.9172,pathogenic,ADCK4,185.0
Q96D53,F185P,0.9848,pathogenic,ADCK4,185.0
Q96D53,F185Q,0.9284,pathogenic,ADCK4,185.0
Q96D53,F185R,0.8331,pathogenic,ADCK4,185.0
Q96D53,F185S,0.73,pathogenic,ADCK4,185.0
Q96D53,F185T,0.8218,pathogenic,ADCK4,185.0
Q96D53,F185V,0.3648,ambiguous,ADCK4,185.0
Q96D53,F185W,0.7037,pathogenic,ADCK4,185.0
Q96D53,F185Y,0.2312,benign,ADCK4,185.0
Q96D53,M186A,0.9638,pathogenic,ADCK4,186.0
Q96D53,M186C,0.975,pathogenic,ADCK4,186.0
Q96D53,M186D,0.9991,pathogenic,ADCK4,186.0
Q96D53,M186E,0.9874,pathogenic,ADCK4,186.0
Q96D53,M186F,0.8872,pathogenic,ADCK4,186.0
Q96D53,M186G,0.9921,pathogenic,ADCK4,186.0
Q96D53,M186H,0.9816,pathogenic,ADCK4,186.0
Q96D53,M186I,0.938,pathogenic,ADCK4,186.0
Q96D53,M186K,0.949,pathogenic,ADCK4,186.0
Q96D53,M186L,0.3677,ambiguous,ADCK4,186.0
Q96D53,M186N,0.9935,pathogenic,ADCK4,186.0
Q96D53,M186P,0.9662,pathogenic,ADCK4,186.0
Q96D53,M186Q,0.8751,pathogenic,ADCK4,186.0
Q96D53,M186R,0.9309,pathogenic,ADCK4,186.0
Q96D53,M186S,0.9598,pathogenic,ADCK4,186.0
Q96D53,M186T,0.9699,pathogenic,ADCK4,186.0
Q96D53,M186V,0.6559,pathogenic,ADCK4,186.0
Q96D53,M186W,0.9838,pathogenic,ADCK4,186.0
Q96D53,M186Y,0.9855,pathogenic,ADCK4,186.0
Q96D53,P187A,0.7273,pathogenic,ADCK4,187.0
Q96D53,P187C,0.9846,pathogenic,ADCK4,187.0
Q96D53,P187D,0.9812,pathogenic,ADCK4,187.0
Q96D53,P187E,0.9485,pathogenic,ADCK4,187.0
Q96D53,P187F,0.9928,pathogenic,ADCK4,187.0
Q96D53,P187G,0.9224,pathogenic,ADCK4,187.0
Q96D53,P187H,0.9267,pathogenic,ADCK4,187.0
Q96D53,P187I,0.98,pathogenic,ADCK4,187.0
Q96D53,P187K,0.9556,pathogenic,ADCK4,187.0
Q96D53,P187L,0.7944,pathogenic,ADCK4,187.0
Q96D53,P187M,0.9738,pathogenic,ADCK4,187.0
Q96D53,P187N,0.9749,pathogenic,ADCK4,187.0
Q96D53,P187Q,0.9104,pathogenic,ADCK4,187.0
Q96D53,P187R,0.8889,pathogenic,ADCK4,187.0
Q96D53,P187S,0.8572,pathogenic,ADCK4,187.0
Q96D53,P187T,0.832,pathogenic,ADCK4,187.0
Q96D53,P187V,0.9384,pathogenic,ADCK4,187.0
Q96D53,P187W,0.9923,pathogenic,ADCK4,187.0
Q96D53,P187Y,0.9864,pathogenic,ADCK4,187.0
Q96D53,R188A,0.1872,benign,ADCK4,188.0
Q96D53,R188C,0.1316,benign,ADCK4,188.0
Q96D53,R188D,0.3988,ambiguous,ADCK4,188.0
Q96D53,R188E,0.2309,benign,ADCK4,188.0
Q96D53,R188F,0.4732,ambiguous,ADCK4,188.0
Q96D53,R188G,0.1024,benign,ADCK4,188.0
Q96D53,R188H,0.0856,benign,ADCK4,188.0
Q96D53,R188I,0.3151,benign,ADCK4,188.0
Q96D53,R188K,0.1136,benign,ADCK4,188.0
Q96D53,R188L,0.181,benign,ADCK4,188.0
Q96D53,R188M,0.3271,benign,ADCK4,188.0
Q96D53,R188N,0.3799,ambiguous,ADCK4,188.0
Q96D53,R188P,0.139,benign,ADCK4,188.0
Q96D53,R188Q,0.0896,benign,ADCK4,188.0
Q96D53,R188S,0.1994,benign,ADCK4,188.0
Q96D53,R188T,0.1623,benign,ADCK4,188.0
Q96D53,R188V,0.2979,benign,ADCK4,188.0
Q96D53,R188W,0.1584,benign,ADCK4,188.0
Q96D53,R188Y,0.2832,benign,ADCK4,188.0
Q96D53,W189A,0.2523,benign,ADCK4,189.0
Q96D53,W189C,0.5468,ambiguous,ADCK4,189.0
Q96D53,W189D,0.436,ambiguous,ADCK4,189.0
Q96D53,W189E,0.3337,benign,ADCK4,189.0
Q96D53,W189F,0.3876,ambiguous,ADCK4,189.0
Q96D53,W189G,0.1445,benign,ADCK4,189.0
Q96D53,W189H,0.3281,benign,ADCK4,189.0
Q96D53,W189I,0.5321,ambiguous,ADCK4,189.0
Q96D53,W189K,0.3554,ambiguous,ADCK4,189.0
Q96D53,W189L,0.3856,ambiguous,ADCK4,189.0
Q96D53,W189M,0.5776,pathogenic,ADCK4,189.0
Q96D53,W189N,0.4936,ambiguous,ADCK4,189.0
Q96D53,W189P,0.4739,ambiguous,ADCK4,189.0
Q96D53,W189Q,0.3464,ambiguous,ADCK4,189.0
Q96D53,W189R,0.2837,benign,ADCK4,189.0
Q96D53,W189S,0.1623,benign,ADCK4,189.0
Q96D53,W189T,0.2613,benign,ADCK4,189.0
Q96D53,W189V,0.4181,ambiguous,ADCK4,189.0
Q96D53,W189Y,0.4145,ambiguous,ADCK4,189.0
Q96D53,Q190A,0.797,pathogenic,ADCK4,190.0
Q96D53,Q190C,0.9919,pathogenic,ADCK4,190.0
Q96D53,Q190D,0.9378,pathogenic,ADCK4,190.0
Q96D53,Q190E,0.29,benign,ADCK4,190.0
Q96D53,Q190F,0.9945,pathogenic,ADCK4,190.0
Q96D53,Q190G,0.8531,pathogenic,ADCK4,190.0
Q96D53,Q190H,0.9345,pathogenic,ADCK4,190.0
Q96D53,Q190I,0.9536,pathogenic,ADCK4,190.0
Q96D53,Q190K,0.6882,pathogenic,ADCK4,190.0
Q96D53,Q190L,0.7003,pathogenic,ADCK4,190.0
Q96D53,Q190M,0.8867,pathogenic,ADCK4,190.0
Q96D53,Q190N,0.9221,pathogenic,ADCK4,190.0
Q96D53,Q190P,0.7003,pathogenic,ADCK4,190.0
Q96D53,Q190R,0.721,pathogenic,ADCK4,190.0
Q96D53,Q190S,0.8751,pathogenic,ADCK4,190.0
Q96D53,Q190T,0.9057,pathogenic,ADCK4,190.0
Q96D53,Q190V,0.8927,pathogenic,ADCK4,190.0
Q96D53,Q190W,0.9911,pathogenic,ADCK4,190.0
Q96D53,Q190Y,0.986,pathogenic,ADCK4,190.0
Q96D53,M191A,0.532,ambiguous,ADCK4,191.0
Q96D53,M191C,0.8047,pathogenic,ADCK4,191.0
Q96D53,M191D,0.9829,pathogenic,ADCK4,191.0
Q96D53,M191E,0.8816,pathogenic,ADCK4,191.0
Q96D53,M191F,0.7087,pathogenic,ADCK4,191.0
Q96D53,M191G,0.7617,pathogenic,ADCK4,191.0
Q96D53,M191H,0.8779,pathogenic,ADCK4,191.0
Q96D53,M191I,0.7405,pathogenic,ADCK4,191.0
Q96D53,M191K,0.564,ambiguous,ADCK4,191.0
Q96D53,M191L,0.1652,benign,ADCK4,191.0
Q96D53,M191N,0.862,pathogenic,ADCK4,191.0
Q96D53,M191P,0.976,pathogenic,ADCK4,191.0
Q96D53,M191Q,0.5311,ambiguous,ADCK4,191.0
Q96D53,M191R,0.516,ambiguous,ADCK4,191.0
Q96D53,M191S,0.6445,pathogenic,ADCK4,191.0
Q96D53,M191T,0.3,benign,ADCK4,191.0
Q96D53,M191V,0.1529,benign,ADCK4,191.0
Q96D53,M191W,0.9089,pathogenic,ADCK4,191.0
Q96D53,M191Y,0.8782,pathogenic,ADCK4,191.0
Q96D53,L192A,0.114,benign,ADCK4,192.0
Q96D53,L192C,0.275,benign,ADCK4,192.0
Q96D53,L192D,0.4316,ambiguous,ADCK4,192.0
Q96D53,L192E,0.1337,benign,ADCK4,192.0
Q96D53,L192F,0.1203,benign,ADCK4,192.0
Q96D53,L192G,0.2002,benign,ADCK4,192.0
Q96D53,L192H,0.1205,benign,ADCK4,192.0
Q96D53,L192I,0.1078,benign,ADCK4,192.0
Q96D53,L192K,0.1014,benign,ADCK4,192.0
Q96D53,L192M,0.0752,benign,ADCK4,192.0
Q96D53,L192N,0.2188,benign,ADCK4,192.0
Q96D53,L192P,0.468,ambiguous,ADCK4,192.0
Q96D53,L192Q,0.0602,benign,ADCK4,192.0
Q96D53,L192R,0.0637,benign,ADCK4,192.0
Q96D53,L192S,0.1483,benign,ADCK4,192.0
Q96D53,L192T,0.1131,benign,ADCK4,192.0
Q96D53,L192V,0.0748,benign,ADCK4,192.0
Q96D53,L192W,0.1144,benign,ADCK4,192.0
Q96D53,L192Y,0.237,benign,ADCK4,192.0
Q96D53,R193A,0.1142,benign,ADCK4,193.0
Q96D53,R193C,0.136,benign,ADCK4,193.0
Q96D53,R193D,0.2758,benign,ADCK4,193.0
Q96D53,R193E,0.1485,benign,ADCK4,193.0
Q96D53,R193F,0.4274,ambiguous,ADCK4,193.0
Q96D53,R193G,0.0782,benign,ADCK4,193.0
Q96D53,R193H,0.0836,benign,ADCK4,193.0
Q96D53,R193I,0.254,benign,ADCK4,193.0
Q96D53,R193K,0.0703,benign,ADCK4,193.0
Q96D53,R193L,0.1344,benign,ADCK4,193.0
Q96D53,R193M,0.1694,benign,ADCK4,193.0
Q96D53,R193N,0.2444,benign,ADCK4,193.0
Q96D53,R193P,0.4424,ambiguous,ADCK4,193.0
Q96D53,R193Q,0.0703,benign,ADCK4,193.0
Q96D53,R193S,0.153,benign,ADCK4,193.0
Q96D53,R193T,0.1003,benign,ADCK4,193.0
Q96D53,R193V,0.2189,benign,ADCK4,193.0
Q96D53,R193W,0.1261,benign,ADCK4,193.0
Q96D53,R193Y,0.296,benign,ADCK4,193.0
Q96D53,V194A,0.3996,ambiguous,ADCK4,194.0
Q96D53,V194C,0.8862,pathogenic,ADCK4,194.0
Q96D53,V194D,0.8064,pathogenic,ADCK4,194.0
Q96D53,V194E,0.5152,ambiguous,ADCK4,194.0
Q96D53,V194F,0.529,ambiguous,ADCK4,194.0
Q96D53,V194G,0.3839,ambiguous,ADCK4,194.0
Q96D53,V194H,0.8728,pathogenic,ADCK4,194.0
Q96D53,V194I,0.1168,benign,ADCK4,194.0
Q96D53,V194K,0.7196,pathogenic,ADCK4,194.0
Q96D53,V194L,0.3885,ambiguous,ADCK4,194.0
Q96D53,V194M,0.2392,benign,ADCK4,194.0
Q96D53,V194N,0.6259,pathogenic,ADCK4,194.0
Q96D53,V194P,0.9457,pathogenic,ADCK4,194.0
Q96D53,V194Q,0.4851,ambiguous,ADCK4,194.0
Q96D53,V194R,0.6397,pathogenic,ADCK4,194.0
Q96D53,V194S,0.4768,ambiguous,ADCK4,194.0
Q96D53,V194T,0.3336,benign,ADCK4,194.0
Q96D53,V194W,0.9626,pathogenic,ADCK4,194.0
Q96D53,V194Y,0.9134,pathogenic,ADCK4,194.0
Q96D53,L195A,0.6389,pathogenic,ADCK4,195.0
Q96D53,L195C,0.8382,pathogenic,ADCK4,195.0
Q96D53,L195D,0.9962,pathogenic,ADCK4,195.0
Q96D53,L195E,0.9484,pathogenic,ADCK4,195.0
Q96D53,L195F,0.4593,ambiguous,ADCK4,195.0
Q96D53,L195G,0.925,pathogenic,ADCK4,195.0
Q96D53,L195H,0.9404,pathogenic,ADCK4,195.0
Q96D53,L195I,0.2064,benign,ADCK4,195.0
Q96D53,L195K,0.931,pathogenic,ADCK4,195.0
Q96D53,L195M,0.1433,benign,ADCK4,195.0
Q96D53,L195N,0.9857,pathogenic,ADCK4,195.0
Q96D53,L195P,0.934,pathogenic,ADCK4,195.0
Q96D53,L195Q,0.7859,pathogenic,ADCK4,195.0
Q96D53,L195R,0.8435,pathogenic,ADCK4,195.0
Q96D53,L195S,0.9258,pathogenic,ADCK4,195.0
Q96D53,L195T,0.7436,pathogenic,ADCK4,195.0
Q96D53,L195V,0.1764,benign,ADCK4,195.0
Q96D53,L195W,0.6922,pathogenic,ADCK4,195.0
Q96D53,L195Y,0.9325,pathogenic,ADCK4,195.0
Q96D53,E196A,0.1199,benign,ADCK4,196.0
Q96D53,E196C,0.7208,pathogenic,ADCK4,196.0
Q96D53,E196D,0.2016,benign,ADCK4,196.0
Q96D53,E196F,0.8123,pathogenic,ADCK4,196.0
Q96D53,E196G,0.112,benign,ADCK4,196.0
Q96D53,E196H,0.3203,benign,ADCK4,196.0
Q96D53,E196I,0.5081,ambiguous,ADCK4,196.0
Q96D53,E196K,0.1178,benign,ADCK4,196.0
Q96D53,E196L,0.3999,ambiguous,ADCK4,196.0
Q96D53,E196M,0.4828,ambiguous,ADCK4,196.0
Q96D53,E196N,0.3206,benign,ADCK4,196.0
Q96D53,E196P,0.7984,pathogenic,ADCK4,196.0
Q96D53,E196Q,0.0878,benign,ADCK4,196.0
Q96D53,E196R,0.1257,benign,ADCK4,196.0
Q96D53,E196S,0.1734,benign,ADCK4,196.0
Q96D53,E196T,0.1882,benign,ADCK4,196.0
Q96D53,E196V,0.2653,benign,ADCK4,196.0
Q96D53,E196W,0.7954,pathogenic,ADCK4,196.0
Q96D53,E196Y,0.6451,pathogenic,ADCK4,196.0
Q96D53,E197A,0.1107,benign,ADCK4,197.0
Q96D53,E197C,0.7793,pathogenic,ADCK4,197.0
Q96D53,E197D,0.1482,benign,ADCK4,197.0
Q96D53,E197F,0.7762,pathogenic,ADCK4,197.0
Q96D53,E197G,0.1028,benign,ADCK4,197.0
Q96D53,E197H,0.371,ambiguous,ADCK4,197.0
Q96D53,E197I,0.4779,ambiguous,ADCK4,197.0
Q96D53,E197K,0.1151,benign,ADCK4,197.0
Q96D53,E197L,0.3646,ambiguous,ADCK4,197.0
Q96D53,E197M,0.4158,ambiguous,ADCK4,197.0
Q96D53,E197N,0.2528,benign,ADCK4,197.0
Q96D53,E197P,0.852,pathogenic,ADCK4,197.0
Q96D53,E197Q,0.1047,benign,ADCK4,197.0
Q96D53,E197R,0.1672,benign,ADCK4,197.0
Q96D53,E197S,0.1763,benign,ADCK4,197.0
Q96D53,E197T,0.169,benign,ADCK4,197.0
Q96D53,E197V,0.2417,benign,ADCK4,197.0
Q96D53,E197W,0.8248,pathogenic,ADCK4,197.0
Q96D53,E197Y,0.6227,pathogenic,ADCK4,197.0
Q96D53,E198A,0.3703,ambiguous,ADCK4,198.0
Q96D53,E198C,0.9544,pathogenic,ADCK4,198.0
Q96D53,E198D,0.3275,benign,ADCK4,198.0
Q96D53,E198F,0.9798,pathogenic,ADCK4,198.0
Q96D53,E198G,0.4542,ambiguous,ADCK4,198.0
Q96D53,E198H,0.8719,pathogenic,ADCK4,198.0
Q96D53,E198I,0.915,pathogenic,ADCK4,198.0
Q96D53,E198K,0.7939,pathogenic,ADCK4,198.0
Q96D53,E198L,0.9367,pathogenic,ADCK4,198.0
Q96D53,E198M,0.9055,pathogenic,ADCK4,198.0
Q96D53,E198N,0.4748,ambiguous,ADCK4,198.0
Q96D53,E198P,0.9835,pathogenic,ADCK4,198.0
Q96D53,E198Q,0.3918,ambiguous,ADCK4,198.0
Q96D53,E198R,0.8572,pathogenic,ADCK4,198.0
Q96D53,E198S,0.4041,ambiguous,ADCK4,198.0
Q96D53,E198T,0.6323,pathogenic,ADCK4,198.0
Q96D53,E198V,0.681,pathogenic,ADCK4,198.0
Q96D53,E198W,0.9949,pathogenic,ADCK4,198.0
Q96D53,E198Y,0.9352,pathogenic,ADCK4,198.0
Q96D53,L199A,0.6031,pathogenic,ADCK4,199.0
Q96D53,L199C,0.7392,pathogenic,ADCK4,199.0
Q96D53,L199D,0.9721,pathogenic,ADCK4,199.0
Q96D53,L199E,0.8655,pathogenic,ADCK4,199.0
Q96D53,L199F,0.1351,benign,ADCK4,199.0
Q96D53,L199G,0.8164,pathogenic,ADCK4,199.0
Q96D53,L199H,0.6818,pathogenic,ADCK4,199.0
Q96D53,L199I,0.2193,benign,ADCK4,199.0
Q96D53,L199K,0.8227,pathogenic,ADCK4,199.0
Q96D53,L199M,0.1614,benign,ADCK4,199.0
Q96D53,L199N,0.9145,pathogenic,ADCK4,199.0
Q96D53,L199P,0.9294,pathogenic,ADCK4,199.0
Q96D53,L199Q,0.6322,pathogenic,ADCK4,199.0
Q96D53,L199R,0.6658,pathogenic,ADCK4,199.0
Q96D53,L199S,0.8326,pathogenic,ADCK4,199.0
Q96D53,L199T,0.57,pathogenic,ADCK4,199.0
Q96D53,L199V,0.2218,benign,ADCK4,199.0
Q96D53,L199W,0.1641,benign,ADCK4,199.0
Q96D53,L199Y,0.4828,ambiguous,ADCK4,199.0
Q96D53,G200A,0.4159,ambiguous,ADCK4,200.0
Q96D53,G200C,0.5053,ambiguous,ADCK4,200.0
Q96D53,G200D,0.3707,ambiguous,ADCK4,200.0
Q96D53,G200E,0.4818,ambiguous,ADCK4,200.0
Q96D53,G200F,0.9418,pathogenic,ADCK4,200.0
Q96D53,G200H,0.6785,pathogenic,ADCK4,200.0
Q96D53,G200I,0.8802,pathogenic,ADCK4,200.0
Q96D53,G200K,0.6966,pathogenic,ADCK4,200.0
Q96D53,G200L,0.8418,pathogenic,ADCK4,200.0
Q96D53,G200M,0.9125,pathogenic,ADCK4,200.0
Q96D53,G200N,0.6494,pathogenic,ADCK4,200.0
Q96D53,G200P,0.8034,pathogenic,ADCK4,200.0
Q96D53,G200Q,0.5939,pathogenic,ADCK4,200.0
Q96D53,G200R,0.5685,pathogenic,ADCK4,200.0
Q96D53,G200S,0.2243,benign,ADCK4,200.0
Q96D53,G200T,0.5747,pathogenic,ADCK4,200.0
Q96D53,G200V,0.7329,pathogenic,ADCK4,200.0
Q96D53,G200W,0.7902,pathogenic,ADCK4,200.0
Q96D53,G200Y,0.8644,pathogenic,ADCK4,200.0
Q96D53,R201A,0.0965,benign,ADCK4,201.0
Q96D53,R201C,0.1198,benign,ADCK4,201.0
Q96D53,R201D,0.169,benign,ADCK4,201.0
Q96D53,R201E,0.1005,benign,ADCK4,201.0
Q96D53,R201F,0.3187,benign,ADCK4,201.0
Q96D53,R201G,0.0708,benign,ADCK4,201.0
Q96D53,R201H,0.0855,benign,ADCK4,201.0
Q96D53,R201I,0.1617,benign,ADCK4,201.0
Q96D53,R201K,0.0688,benign,ADCK4,201.0
Q96D53,R201L,0.121,benign,ADCK4,201.0
Q96D53,R201M,0.1401,benign,ADCK4,201.0
Q96D53,R201N,0.1853,benign,ADCK4,201.0
Q96D53,R201P,0.0947,benign,ADCK4,201.0
Q96D53,R201Q,0.0683,benign,ADCK4,201.0
Q96D53,R201S,0.1168,benign,ADCK4,201.0
Q96D53,R201T,0.0874,benign,ADCK4,201.0
Q96D53,R201V,0.1463,benign,ADCK4,201.0
Q96D53,R201W,0.1179,benign,ADCK4,201.0
Q96D53,R201Y,0.2307,benign,ADCK4,201.0
Q96D53,D202A,0.1176,benign,ADCK4,202.0
Q96D53,D202C,0.347,ambiguous,ADCK4,202.0
Q96D53,D202E,0.129,benign,ADCK4,202.0
Q96D53,D202F,0.4332,ambiguous,ADCK4,202.0
Q96D53,D202G,0.0773,benign,ADCK4,202.0
Q96D53,D202H,0.1302,benign,ADCK4,202.0
Q96D53,D202I,0.3473,ambiguous,ADCK4,202.0
Q96D53,D202K,0.2182,benign,ADCK4,202.0
Q96D53,D202L,0.2808,benign,ADCK4,202.0
Q96D53,D202M,0.4914,ambiguous,ADCK4,202.0
Q96D53,D202N,0.0792,benign,ADCK4,202.0
Q96D53,D202P,0.4391,ambiguous,ADCK4,202.0
Q96D53,D202Q,0.1629,benign,ADCK4,202.0
Q96D53,D202R,0.1863,benign,ADCK4,202.0
Q96D53,D202S,0.0959,benign,ADCK4,202.0
Q96D53,D202T,0.1754,benign,ADCK4,202.0
Q96D53,D202V,0.199,benign,ADCK4,202.0
Q96D53,D202W,0.6662,pathogenic,ADCK4,202.0
Q96D53,D202Y,0.1576,benign,ADCK4,202.0
Q96D53,W203A,0.7807,pathogenic,ADCK4,203.0
Q96D53,W203C,0.8974,pathogenic,ADCK4,203.0
Q96D53,W203D,0.9673,pathogenic,ADCK4,203.0
Q96D53,W203E,0.9574,pathogenic,ADCK4,203.0
Q96D53,W203F,0.3887,ambiguous,ADCK4,203.0
Q96D53,W203G,0.5142,ambiguous,ADCK4,203.0
Q96D53,W203H,0.9143,pathogenic,ADCK4,203.0
Q96D53,W203I,0.8309,pathogenic,ADCK4,203.0
Q96D53,W203K,0.9727,pathogenic,ADCK4,203.0
Q96D53,W203L,0.7226,pathogenic,ADCK4,203.0
Q96D53,W203M,0.9072,pathogenic,ADCK4,203.0
Q96D53,W203N,0.9655,pathogenic,ADCK4,203.0
Q96D53,W203P,0.8978,pathogenic,ADCK4,203.0
Q96D53,W203Q,0.9628,pathogenic,ADCK4,203.0
Q96D53,W203R,0.9296,pathogenic,ADCK4,203.0
Q96D53,W203S,0.719,pathogenic,ADCK4,203.0
Q96D53,W203T,0.8269,pathogenic,ADCK4,203.0
Q96D53,W203V,0.7779,pathogenic,ADCK4,203.0
Q96D53,W203Y,0.6612,pathogenic,ADCK4,203.0
Q96D53,Q204A,0.1455,benign,ADCK4,204.0
Q96D53,Q204C,0.3883,ambiguous,ADCK4,204.0
Q96D53,Q204D,0.327,benign,ADCK4,204.0
Q96D53,Q204E,0.0802,benign,ADCK4,204.0
Q96D53,Q204F,0.549,ambiguous,ADCK4,204.0
Q96D53,Q204G,0.1612,benign,ADCK4,204.0
Q96D53,Q204H,0.1462,benign,ADCK4,204.0
Q96D53,Q204I,0.357,ambiguous,ADCK4,204.0
Q96D53,Q204K,0.0744,benign,ADCK4,204.0
Q96D53,Q204L,0.1116,benign,ADCK4,204.0
Q96D53,Q204M,0.3054,benign,ADCK4,204.0
Q96D53,Q204N,0.3003,benign,ADCK4,204.0
Q96D53,Q204P,0.0948,benign,ADCK4,204.0
Q96D53,Q204R,0.0637,benign,ADCK4,204.0
Q96D53,Q204S,0.191,benign,ADCK4,204.0
Q96D53,Q204T,0.1598,benign,ADCK4,204.0
Q96D53,Q204V,0.2228,benign,ADCK4,204.0
Q96D53,Q204W,0.274,benign,ADCK4,204.0
Q96D53,Q204Y,0.3533,ambiguous,ADCK4,204.0
Q96D53,A205C,0.2744,benign,ADCK4,205.0
Q96D53,A205D,0.0809,benign,ADCK4,205.0
Q96D53,A205E,0.078,benign,ADCK4,205.0
Q96D53,A205F,0.2226,benign,ADCK4,205.0
Q96D53,A205G,0.0781,benign,ADCK4,205.0
Q96D53,A205H,0.1648,benign,ADCK4,205.0
Q96D53,A205I,0.17,benign,ADCK4,205.0
Q96D53,A205K,0.1218,benign,ADCK4,205.0
Q96D53,A205L,0.1101,benign,ADCK4,205.0
Q96D53,A205M,0.1251,benign,ADCK4,205.0
Q96D53,A205N,0.108,benign,ADCK4,205.0
Q96D53,A205P,0.2189,benign,ADCK4,205.0
Q96D53,A205Q,0.1077,benign,ADCK4,205.0
Q96D53,A205R,0.1126,benign,ADCK4,205.0
Q96D53,A205S,0.0733,benign,ADCK4,205.0
Q96D53,A205T,0.066,benign,ADCK4,205.0
Q96D53,A205V,0.0888,benign,ADCK4,205.0
Q96D53,A205W,0.3322,benign,ADCK4,205.0
Q96D53,A205Y,0.2431,benign,ADCK4,205.0
Q96D53,K206A,0.1945,benign,ADCK4,206.0
Q96D53,K206C,0.4755,ambiguous,ADCK4,206.0
Q96D53,K206D,0.4591,ambiguous,ADCK4,206.0
Q96D53,K206E,0.1238,benign,ADCK4,206.0
Q96D53,K206F,0.6963,pathogenic,ADCK4,206.0
Q96D53,K206G,0.2704,benign,ADCK4,206.0
Q96D53,K206H,0.2213,benign,ADCK4,206.0
Q96D53,K206I,0.3473,ambiguous,ADCK4,206.0
Q96D53,K206L,0.2166,benign,ADCK4,206.0
Q96D53,K206M,0.1715,benign,ADCK4,206.0
Q96D53,K206N,0.3639,ambiguous,ADCK4,206.0
Q96D53,K206P,0.6322,pathogenic,ADCK4,206.0
Q96D53,K206Q,0.0968,benign,ADCK4,206.0
Q96D53,K206R,0.0726,benign,ADCK4,206.0
Q96D53,K206S,0.2798,benign,ADCK4,206.0
Q96D53,K206T,0.1284,benign,ADCK4,206.0
Q96D53,K206V,0.253,benign,ADCK4,206.0
Q96D53,K206W,0.5742,pathogenic,ADCK4,206.0
Q96D53,K206Y,0.5391,ambiguous,ADCK4,206.0
Q96D53,V207A,0.2618,benign,ADCK4,207.0
Q96D53,V207C,0.824,pathogenic,ADCK4,207.0
Q96D53,V207D,0.8491,pathogenic,ADCK4,207.0
Q96D53,V207E,0.7201,pathogenic,ADCK4,207.0
Q96D53,V207F,0.1585,benign,ADCK4,207.0
Q96D53,V207G,0.3408,ambiguous,ADCK4,207.0
Q96D53,V207H,0.8722,pathogenic,ADCK4,207.0
Q96D53,V207I,0.1049,benign,ADCK4,207.0
Q96D53,V207K,0.8091,pathogenic,ADCK4,207.0
Q96D53,V207L,0.1264,benign,ADCK4,207.0
Q96D53,V207M,0.1133,benign,ADCK4,207.0
Q96D53,V207N,0.7808,pathogenic,ADCK4,207.0
Q96D53,V207P,0.8526,pathogenic,ADCK4,207.0
Q96D53,V207Q,0.7304,pathogenic,ADCK4,207.0
Q96D53,V207R,0.7318,pathogenic,ADCK4,207.0
Q96D53,V207S,0.5517,ambiguous,ADCK4,207.0
Q96D53,V207T,0.3504,ambiguous,ADCK4,207.0
Q96D53,V207W,0.7449,pathogenic,ADCK4,207.0
Q96D53,V207Y,0.6571,pathogenic,ADCK4,207.0
Q96D53,A208C,0.3307,benign,ADCK4,208.0
Q96D53,A208D,0.1682,benign,ADCK4,208.0
Q96D53,A208E,0.1402,benign,ADCK4,208.0
Q96D53,A208F,0.2201,benign,ADCK4,208.0
Q96D53,A208G,0.1115,benign,ADCK4,208.0
Q96D53,A208H,0.2815,benign,ADCK4,208.0
Q96D53,A208I,0.1454,benign,ADCK4,208.0
Q96D53,A208K,0.2504,benign,ADCK4,208.0
Q96D53,A208L,0.123,benign,ADCK4,208.0
Q96D53,A208M,0.1629,benign,ADCK4,208.0
Q96D53,A208N,0.2031,benign,ADCK4,208.0
Q96D53,A208P,0.4207,ambiguous,ADCK4,208.0
Q96D53,A208Q,0.1885,benign,ADCK4,208.0
Q96D53,A208R,0.1898,benign,ADCK4,208.0
Q96D53,A208S,0.0908,benign,ADCK4,208.0
Q96D53,A208T,0.0718,benign,ADCK4,208.0
Q96D53,A208V,0.0813,benign,ADCK4,208.0
Q96D53,A208W,0.4885,ambiguous,ADCK4,208.0
Q96D53,A208Y,0.3347,benign,ADCK4,208.0
Q96D53,S209A,0.0756,benign,ADCK4,209.0
Q96D53,S209C,0.0819,benign,ADCK4,209.0
Q96D53,S209D,0.2388,benign,ADCK4,209.0
Q96D53,S209E,0.2969,benign,ADCK4,209.0
Q96D53,S209F,0.073,benign,ADCK4,209.0
Q96D53,S209G,0.1105,benign,ADCK4,209.0
Q96D53,S209H,0.1514,benign,ADCK4,209.0
Q96D53,S209I,0.1269,benign,ADCK4,209.0
Q96D53,S209K,0.3883,ambiguous,ADCK4,209.0
Q96D53,S209L,0.1135,benign,ADCK4,209.0
Q96D53,S209M,0.1902,benign,ADCK4,209.0
Q96D53,S209N,0.1503,benign,ADCK4,209.0
Q96D53,S209P,0.491,ambiguous,ADCK4,209.0
Q96D53,S209Q,0.2694,benign,ADCK4,209.0
Q96D53,S209R,0.2554,benign,ADCK4,209.0
Q96D53,S209T,0.0868,benign,ADCK4,209.0
Q96D53,S209V,0.1171,benign,ADCK4,209.0
Q96D53,S209W,0.1339,benign,ADCK4,209.0
Q96D53,S209Y,0.085,benign,ADCK4,209.0
Q96D53,L210A,0.6423,pathogenic,ADCK4,210.0
Q96D53,L210C,0.7422,pathogenic,ADCK4,210.0
Q96D53,L210D,0.9815,pathogenic,ADCK4,210.0
Q96D53,L210E,0.8877,pathogenic,ADCK4,210.0
Q96D53,L210F,0.1064,benign,ADCK4,210.0
Q96D53,L210G,0.891,pathogenic,ADCK4,210.0
Q96D53,L210H,0.7737,pathogenic,ADCK4,210.0
Q96D53,L210I,0.1242,benign,ADCK4,210.0
Q96D53,L210K,0.8568,pathogenic,ADCK4,210.0
Q96D53,L210M,0.1381,benign,ADCK4,210.0
Q96D53,L210N,0.9551,pathogenic,ADCK4,210.0
Q96D53,L210P,0.8205,pathogenic,ADCK4,210.0
Q96D53,L210Q,0.6928,pathogenic,ADCK4,210.0
Q96D53,L210R,0.6881,pathogenic,ADCK4,210.0
Q96D53,L210S,0.8622,pathogenic,ADCK4,210.0
Q96D53,L210T,0.6453,pathogenic,ADCK4,210.0
Q96D53,L210V,0.1176,benign,ADCK4,210.0
Q96D53,L210W,0.2627,benign,ADCK4,210.0
Q96D53,L210Y,0.6435,pathogenic,ADCK4,210.0
Q96D53,E211A,0.1493,benign,ADCK4,211.0
Q96D53,E211C,0.7997,pathogenic,ADCK4,211.0
Q96D53,E211D,0.1387,benign,ADCK4,211.0
Q96D53,E211F,0.8905,pathogenic,ADCK4,211.0
Q96D53,E211G,0.1551,benign,ADCK4,211.0
Q96D53,E211H,0.4544,ambiguous,ADCK4,211.0
Q96D53,E211I,0.6807,pathogenic,ADCK4,211.0
Q96D53,E211K,0.2066,benign,ADCK4,211.0
Q96D53,E211L,0.4768,ambiguous,ADCK4,211.0
Q96D53,E211M,0.5925,pathogenic,ADCK4,211.0
Q96D53,E211N,0.3127,benign,ADCK4,211.0
Q96D53,E211P,0.6841,pathogenic,ADCK4,211.0
Q96D53,E211Q,0.1231,benign,ADCK4,211.0
Q96D53,E211R,0.2498,benign,ADCK4,211.0
Q96D53,E211S,0.2005,benign,ADCK4,211.0
Q96D53,E211T,0.2995,benign,ADCK4,211.0
Q96D53,E211V,0.3745,ambiguous,ADCK4,211.0
Q96D53,E211W,0.9024,pathogenic,ADCK4,211.0
Q96D53,E211Y,0.7678,pathogenic,ADCK4,211.0
Q96D53,E212A,0.0857,benign,ADCK4,212.0
Q96D53,E212C,0.7747,pathogenic,ADCK4,212.0
Q96D53,E212D,0.1106,benign,ADCK4,212.0
Q96D53,E212F,0.6879,pathogenic,ADCK4,212.0
Q96D53,E212G,0.116,benign,ADCK4,212.0
Q96D53,E212H,0.39,ambiguous,ADCK4,212.0
Q96D53,E212I,0.338,benign,ADCK4,212.0
Q96D53,E212K,0.1319,benign,ADCK4,212.0
Q96D53,E212L,0.2862,benign,ADCK4,212.0
Q96D53,E212M,0.3308,benign,ADCK4,212.0
Q96D53,E212N,0.2488,benign,ADCK4,212.0
Q96D53,E212P,0.189,benign,ADCK4,212.0
Q96D53,E212Q,0.1261,benign,ADCK4,212.0
Q96D53,E212R,0.1983,benign,ADCK4,212.0
Q96D53,E212S,0.1632,benign,ADCK4,212.0
Q96D53,E212T,0.16,benign,ADCK4,212.0
Q96D53,E212V,0.1545,benign,ADCK4,212.0
Q96D53,E212W,0.7881,pathogenic,ADCK4,212.0
Q96D53,E212Y,0.5205,ambiguous,ADCK4,212.0
Q96D53,V213A,0.1218,benign,ADCK4,213.0
Q96D53,V213C,0.6154,pathogenic,ADCK4,213.0
Q96D53,V213D,0.2289,benign,ADCK4,213.0
Q96D53,V213E,0.1269,benign,ADCK4,213.0
Q96D53,V213F,0.1247,benign,ADCK4,213.0
Q96D53,V213G,0.1355,benign,ADCK4,213.0
Q96D53,V213H,0.2864,benign,ADCK4,213.0
Q96D53,V213I,0.0818,benign,ADCK4,213.0
Q96D53,V213K,0.0988,benign,ADCK4,213.0
Q96D53,V213L,0.1269,benign,ADCK4,213.0
Q96D53,V213M,0.0906,benign,ADCK4,213.0
Q96D53,V213N,0.1975,benign,ADCK4,213.0
Q96D53,V213P,0.3827,ambiguous,ADCK4,213.0
Q96D53,V213Q,0.1326,benign,ADCK4,213.0
Q96D53,V213R,0.0984,benign,ADCK4,213.0
Q96D53,V213S,0.1493,benign,ADCK4,213.0
Q96D53,V213T,0.1207,benign,ADCK4,213.0
Q96D53,V213W,0.4956,ambiguous,ADCK4,213.0
Q96D53,V213Y,0.3687,ambiguous,ADCK4,213.0
Q96D53,P214A,0.565,pathogenic,ADCK4,214.0
Q96D53,P214C,0.9627,pathogenic,ADCK4,214.0
Q96D53,P214D,0.9935,pathogenic,ADCK4,214.0
Q96D53,P214E,0.9853,pathogenic,ADCK4,214.0
Q96D53,P214F,0.9952,pathogenic,ADCK4,214.0
Q96D53,P214G,0.9415,pathogenic,ADCK4,214.0
Q96D53,P214H,0.9705,pathogenic,ADCK4,214.0
Q96D53,P214I,0.9846,pathogenic,ADCK4,214.0
Q96D53,P214K,0.9924,pathogenic,ADCK4,214.0
Q96D53,P214L,0.899,pathogenic,ADCK4,214.0
Q96D53,P214M,0.9912,pathogenic,ADCK4,214.0
Q96D53,P214N,0.9919,pathogenic,ADCK4,214.0
Q96D53,P214Q,0.9686,pathogenic,ADCK4,214.0
Q96D53,P214R,0.9363,pathogenic,ADCK4,214.0
Q96D53,P214S,0.8402,pathogenic,ADCK4,214.0
Q96D53,P214T,0.9004,pathogenic,ADCK4,214.0
Q96D53,P214V,0.9507,pathogenic,ADCK4,214.0
Q96D53,P214W,0.9966,pathogenic,ADCK4,214.0
Q96D53,P214Y,0.9935,pathogenic,ADCK4,214.0
Q96D53,F215A,0.893,pathogenic,ADCK4,215.0
Q96D53,F215C,0.7688,pathogenic,ADCK4,215.0
Q96D53,F215D,0.9919,pathogenic,ADCK4,215.0
Q96D53,F215E,0.9872,pathogenic,ADCK4,215.0
Q96D53,F215G,0.9722,pathogenic,ADCK4,215.0
Q96D53,F215H,0.9585,pathogenic,ADCK4,215.0
Q96D53,F215I,0.5004,ambiguous,ADCK4,215.0
Q96D53,F215K,0.9866,pathogenic,ADCK4,215.0
Q96D53,F215L,0.9494,pathogenic,ADCK4,215.0
Q96D53,F215M,0.7516,pathogenic,ADCK4,215.0
Q96D53,F215N,0.9836,pathogenic,ADCK4,215.0
Q96D53,F215P,0.9962,pathogenic,ADCK4,215.0
Q96D53,F215Q,0.9704,pathogenic,ADCK4,215.0
Q96D53,F215R,0.9541,pathogenic,ADCK4,215.0
Q96D53,F215S,0.8907,pathogenic,ADCK4,215.0
Q96D53,F215T,0.9168,pathogenic,ADCK4,215.0
Q96D53,F215V,0.4694,ambiguous,ADCK4,215.0
Q96D53,F215W,0.7788,pathogenic,ADCK4,215.0
Q96D53,F215Y,0.605,pathogenic,ADCK4,215.0
Q96D53,A216C,0.7698,pathogenic,ADCK4,216.0
Q96D53,A216D,0.9671,pathogenic,ADCK4,216.0
Q96D53,A216E,0.9388,pathogenic,ADCK4,216.0
Q96D53,A216F,0.7843,pathogenic,ADCK4,216.0
Q96D53,A216G,0.4268,ambiguous,ADCK4,216.0
Q96D53,A216H,0.8933,pathogenic,ADCK4,216.0
Q96D53,A216I,0.905,pathogenic,ADCK4,216.0
Q96D53,A216K,0.9532,pathogenic,ADCK4,216.0
Q96D53,A216L,0.623,pathogenic,ADCK4,216.0
Q96D53,A216M,0.7861,pathogenic,ADCK4,216.0
Q96D53,A216N,0.9511,pathogenic,ADCK4,216.0
Q96D53,A216P,0.9626,pathogenic,ADCK4,216.0
Q96D53,A216Q,0.8332,pathogenic,ADCK4,216.0
Q96D53,A216R,0.7984,pathogenic,ADCK4,216.0
Q96D53,A216S,0.2953,benign,ADCK4,216.0
Q96D53,A216T,0.5848,pathogenic,ADCK4,216.0
Q96D53,A216V,0.6753,pathogenic,ADCK4,216.0
Q96D53,A216W,0.9508,pathogenic,ADCK4,216.0
Q96D53,A216Y,0.9061,pathogenic,ADCK4,216.0
Q96D53,A217C,0.7927,pathogenic,ADCK4,217.0
Q96D53,A217D,0.9738,pathogenic,ADCK4,217.0
Q96D53,A217E,0.9341,pathogenic,ADCK4,217.0
Q96D53,A217F,0.9216,pathogenic,ADCK4,217.0
Q96D53,A217G,0.6073,pathogenic,ADCK4,217.0
Q96D53,A217H,0.9515,pathogenic,ADCK4,217.0
Q96D53,A217I,0.9156,pathogenic,ADCK4,217.0
Q96D53,A217K,0.9761,pathogenic,ADCK4,217.0
Q96D53,A217L,0.8056,pathogenic,ADCK4,217.0
Q96D53,A217M,0.8027,pathogenic,ADCK4,217.0
Q96D53,A217N,0.946,pathogenic,ADCK4,217.0
Q96D53,A217P,0.9598,pathogenic,ADCK4,217.0
Q96D53,A217Q,0.8868,pathogenic,ADCK4,217.0
Q96D53,A217R,0.9042,pathogenic,ADCK4,217.0
Q96D53,A217S,0.185,benign,ADCK4,217.0
Q96D53,A217T,0.4164,ambiguous,ADCK4,217.0
Q96D53,A217V,0.5997,pathogenic,ADCK4,217.0
Q96D53,A217W,0.9863,pathogenic,ADCK4,217.0
Q96D53,A217Y,0.9728,pathogenic,ADCK4,217.0
Q96D53,A218C,0.924,pathogenic,ADCK4,218.0
Q96D53,A218D,0.9757,pathogenic,ADCK4,218.0
Q96D53,A218E,0.9744,pathogenic,ADCK4,218.0
Q96D53,A218F,0.9561,pathogenic,ADCK4,218.0
Q96D53,A218G,0.6189,pathogenic,ADCK4,218.0
Q96D53,A218H,0.9833,pathogenic,ADCK4,218.0
Q96D53,A218I,0.9728,pathogenic,ADCK4,218.0
Q96D53,A218K,0.9908,pathogenic,ADCK4,218.0
Q96D53,A218L,0.8511,pathogenic,ADCK4,218.0
Q96D53,A218M,0.9415,pathogenic,ADCK4,218.0
Q96D53,A218N,0.9658,pathogenic,ADCK4,218.0
Q96D53,A218P,0.9665,pathogenic,ADCK4,218.0
Q96D53,A218Q,0.9564,pathogenic,ADCK4,218.0
Q96D53,A218R,0.945,pathogenic,ADCK4,218.0
Q96D53,A218S,0.3645,ambiguous,ADCK4,218.0
Q96D53,A218T,0.7503,pathogenic,ADCK4,218.0
Q96D53,A218V,0.8813,pathogenic,ADCK4,218.0
Q96D53,A218W,0.9935,pathogenic,ADCK4,218.0
Q96D53,A218Y,0.9853,pathogenic,ADCK4,218.0
Q96D53,S219A,0.6839,pathogenic,ADCK4,219.0
Q96D53,S219C,0.8577,pathogenic,ADCK4,219.0
Q96D53,S219D,0.991,pathogenic,ADCK4,219.0
Q96D53,S219E,0.9946,pathogenic,ADCK4,219.0
Q96D53,S219F,0.9648,pathogenic,ADCK4,219.0
Q96D53,S219G,0.8061,pathogenic,ADCK4,219.0
Q96D53,S219H,0.9872,pathogenic,ADCK4,219.0
Q96D53,S219I,0.9809,pathogenic,ADCK4,219.0
Q96D53,S219K,0.9994,pathogenic,ADCK4,219.0
Q96D53,S219L,0.9075,pathogenic,ADCK4,219.0
Q96D53,S219M,0.9628,pathogenic,ADCK4,219.0
Q96D53,S219N,0.977,pathogenic,ADCK4,219.0
Q96D53,S219P,0.9714,pathogenic,ADCK4,219.0
Q96D53,S219Q,0.9943,pathogenic,ADCK4,219.0
Q96D53,S219R,0.9974,pathogenic,ADCK4,219.0
Q96D53,S219T,0.7188,pathogenic,ADCK4,219.0
Q96D53,S219V,0.966,pathogenic,ADCK4,219.0
Q96D53,S219W,0.9664,pathogenic,ADCK4,219.0
Q96D53,S219Y,0.9764,pathogenic,ADCK4,219.0
Q96D53,I220A,0.7189,pathogenic,ADCK4,220.0
Q96D53,I220C,0.9659,pathogenic,ADCK4,220.0
Q96D53,I220D,0.9962,pathogenic,ADCK4,220.0
Q96D53,I220E,0.9863,pathogenic,ADCK4,220.0
Q96D53,I220F,0.7389,pathogenic,ADCK4,220.0
Q96D53,I220G,0.9774,pathogenic,ADCK4,220.0
Q96D53,I220H,0.9873,pathogenic,ADCK4,220.0
Q96D53,I220K,0.9756,pathogenic,ADCK4,220.0
Q96D53,I220L,0.1466,benign,ADCK4,220.0
Q96D53,I220M,0.2336,benign,ADCK4,220.0
Q96D53,I220N,0.9684,pathogenic,ADCK4,220.0
Q96D53,I220P,0.9457,pathogenic,ADCK4,220.0
Q96D53,I220Q,0.9711,pathogenic,ADCK4,220.0
Q96D53,I220R,0.949,pathogenic,ADCK4,220.0
Q96D53,I220S,0.8764,pathogenic,ADCK4,220.0
Q96D53,I220T,0.4915,ambiguous,ADCK4,220.0
Q96D53,I220V,0.142,benign,ADCK4,220.0
Q96D53,I220W,0.9759,pathogenic,ADCK4,220.0
Q96D53,I220Y,0.9817,pathogenic,ADCK4,220.0
Q96D53,G221A,0.7317,pathogenic,ADCK4,221.0
Q96D53,G221C,0.8769,pathogenic,ADCK4,221.0
Q96D53,G221D,0.9822,pathogenic,ADCK4,221.0
Q96D53,G221E,0.9849,pathogenic,ADCK4,221.0
Q96D53,G221F,0.9953,pathogenic,ADCK4,221.0
Q96D53,G221H,0.9932,pathogenic,ADCK4,221.0
Q96D53,G221I,0.9871,pathogenic,ADCK4,221.0
Q96D53,G221K,0.9939,pathogenic,ADCK4,221.0
Q96D53,G221L,0.9833,pathogenic,ADCK4,221.0
Q96D53,G221M,0.996,pathogenic,ADCK4,221.0
Q96D53,G221N,0.9939,pathogenic,ADCK4,221.0
Q96D53,G221P,0.9984,pathogenic,ADCK4,221.0
Q96D53,G221Q,0.9851,pathogenic,ADCK4,221.0
Q96D53,G221R,0.9521,pathogenic,ADCK4,221.0
Q96D53,G221S,0.6876,pathogenic,ADCK4,221.0
Q96D53,G221T,0.9646,pathogenic,ADCK4,221.0
Q96D53,G221V,0.9716,pathogenic,ADCK4,221.0
Q96D53,G221W,0.9811,pathogenic,ADCK4,221.0
Q96D53,G221Y,0.9938,pathogenic,ADCK4,221.0
Q96D53,Q222A,0.8465,pathogenic,ADCK4,222.0
Q96D53,Q222C,0.9921,pathogenic,ADCK4,222.0
Q96D53,Q222D,0.9819,pathogenic,ADCK4,222.0
Q96D53,Q222E,0.4776,ambiguous,ADCK4,222.0
Q96D53,Q222F,0.9939,pathogenic,ADCK4,222.0
Q96D53,Q222G,0.9192,pathogenic,ADCK4,222.0
Q96D53,Q222H,0.9772,pathogenic,ADCK4,222.0
Q96D53,Q222I,0.9456,pathogenic,ADCK4,222.0
Q96D53,Q222K,0.8952,pathogenic,ADCK4,222.0
Q96D53,Q222L,0.848,pathogenic,ADCK4,222.0
Q96D53,Q222M,0.8568,pathogenic,ADCK4,222.0
Q96D53,Q222N,0.9504,pathogenic,ADCK4,222.0
Q96D53,Q222P,0.9431,pathogenic,ADCK4,222.0
Q96D53,Q222R,0.8989,pathogenic,ADCK4,222.0
Q96D53,Q222S,0.8851,pathogenic,ADCK4,222.0
Q96D53,Q222T,0.8801,pathogenic,ADCK4,222.0
Q96D53,Q222V,0.904,pathogenic,ADCK4,222.0
Q96D53,Q222W,0.9953,pathogenic,ADCK4,222.0
Q96D53,Q222Y,0.9956,pathogenic,ADCK4,222.0
Q96D53,V223A,0.868,pathogenic,ADCK4,223.0
Q96D53,V223C,0.9694,pathogenic,ADCK4,223.0
Q96D53,V223D,0.9587,pathogenic,ADCK4,223.0
Q96D53,V223E,0.9319,pathogenic,ADCK4,223.0
Q96D53,V223F,0.8927,pathogenic,ADCK4,223.0
Q96D53,V223G,0.6848,pathogenic,ADCK4,223.0
Q96D53,V223H,0.9871,pathogenic,ADCK4,223.0
Q96D53,V223I,0.3802,ambiguous,ADCK4,223.0
Q96D53,V223K,0.9591,pathogenic,ADCK4,223.0
Q96D53,V223L,0.9159,pathogenic,ADCK4,223.0
Q96D53,V223M,0.8764,pathogenic,ADCK4,223.0
Q96D53,V223N,0.9299,pathogenic,ADCK4,223.0
Q96D53,V223P,0.9879,pathogenic,ADCK4,223.0
Q96D53,V223Q,0.937,pathogenic,ADCK4,223.0
Q96D53,V223R,0.9076,pathogenic,ADCK4,223.0
Q96D53,V223S,0.8749,pathogenic,ADCK4,223.0
Q96D53,V223T,0.8807,pathogenic,ADCK4,223.0
Q96D53,V223W,0.9951,pathogenic,ADCK4,223.0
Q96D53,V223Y,0.9733,pathogenic,ADCK4,223.0
Q96D53,H224A,0.9915,pathogenic,ADCK4,224.0
Q96D53,H224C,0.7897,pathogenic,ADCK4,224.0
Q96D53,H224D,0.9884,pathogenic,ADCK4,224.0
Q96D53,H224E,0.9899,pathogenic,ADCK4,224.0
Q96D53,H224F,0.8809,pathogenic,ADCK4,224.0
Q96D53,H224G,0.986,pathogenic,ADCK4,224.0
Q96D53,H224I,0.9799,pathogenic,ADCK4,224.0
Q96D53,H224K,0.9863,pathogenic,ADCK4,224.0
Q96D53,H224L,0.8152,pathogenic,ADCK4,224.0
Q96D53,H224M,0.984,pathogenic,ADCK4,224.0
Q96D53,H224N,0.9317,pathogenic,ADCK4,224.0
Q96D53,H224P,0.9265,pathogenic,ADCK4,224.0
Q96D53,H224Q,0.9561,pathogenic,ADCK4,224.0
Q96D53,H224R,0.913,pathogenic,ADCK4,224.0
Q96D53,H224S,0.9668,pathogenic,ADCK4,224.0
Q96D53,H224T,0.9905,pathogenic,ADCK4,224.0
Q96D53,H224V,0.9778,pathogenic,ADCK4,224.0
Q96D53,H224W,0.8161,pathogenic,ADCK4,224.0
Q96D53,H224Y,0.6312,pathogenic,ADCK4,224.0
Q96D53,Q225A,0.1705,benign,ADCK4,225.0
Q96D53,Q225C,0.3389,benign,ADCK4,225.0
Q96D53,Q225D,0.5526,ambiguous,ADCK4,225.0
Q96D53,Q225E,0.1048,benign,ADCK4,225.0
Q96D53,Q225F,0.5498,ambiguous,ADCK4,225.0
Q96D53,Q225G,0.1966,benign,ADCK4,225.0
Q96D53,Q225H,0.1352,benign,ADCK4,225.0
Q96D53,Q225I,0.4383,ambiguous,ADCK4,225.0
Q96D53,Q225K,0.0875,benign,ADCK4,225.0
Q96D53,Q225L,0.1139,benign,ADCK4,225.0
Q96D53,Q225M,0.4016,ambiguous,ADCK4,225.0
Q96D53,Q225N,0.4523,ambiguous,ADCK4,225.0
Q96D53,Q225P,0.245,benign,ADCK4,225.0
Q96D53,Q225R,0.0534,benign,ADCK4,225.0
Q96D53,Q225S,0.2582,benign,ADCK4,225.0
Q96D53,Q225T,0.2279,benign,ADCK4,225.0
Q96D53,Q225V,0.2606,benign,ADCK4,225.0
Q96D53,Q225W,0.2543,benign,ADCK4,225.0
Q96D53,Q225Y,0.3285,benign,ADCK4,225.0
Q96D53,G226A,0.1072,benign,ADCK4,226.0
Q96D53,G226C,0.3486,ambiguous,ADCK4,226.0
Q96D53,G226D,0.9354,pathogenic,ADCK4,226.0
Q96D53,G226E,0.9379,pathogenic,ADCK4,226.0
Q96D53,G226F,0.8847,pathogenic,ADCK4,226.0
Q96D53,G226H,0.9636,pathogenic,ADCK4,226.0
Q96D53,G226I,0.6039,pathogenic,ADCK4,226.0
Q96D53,G226K,0.9792,pathogenic,ADCK4,226.0
Q96D53,G226L,0.6208,pathogenic,ADCK4,226.0
Q96D53,G226M,0.7714,pathogenic,ADCK4,226.0
Q96D53,G226N,0.9501,pathogenic,ADCK4,226.0
Q96D53,G226P,0.9902,pathogenic,ADCK4,226.0
Q96D53,G226Q,0.9469,pathogenic,ADCK4,226.0
Q96D53,G226R,0.9341,pathogenic,ADCK4,226.0
Q96D53,G226S,0.3517,ambiguous,ADCK4,226.0
Q96D53,G226T,0.5994,pathogenic,ADCK4,226.0
Q96D53,G226V,0.3948,ambiguous,ADCK4,226.0
Q96D53,G226W,0.8949,pathogenic,ADCK4,226.0
Q96D53,G226Y,0.8815,pathogenic,ADCK4,226.0
Q96D53,L227A,0.1234,benign,ADCK4,227.0
Q96D53,L227C,0.2095,benign,ADCK4,227.0
Q96D53,L227D,0.4826,ambiguous,ADCK4,227.0
Q96D53,L227E,0.1502,benign,ADCK4,227.0
Q96D53,L227F,0.0898,benign,ADCK4,227.0
Q96D53,L227G,0.2528,benign,ADCK4,227.0
Q96D53,L227H,0.1049,benign,ADCK4,227.0
Q96D53,L227I,0.065,benign,ADCK4,227.0
Q96D53,L227K,0.0996,benign,ADCK4,227.0
Q96D53,L227M,0.0665,benign,ADCK4,227.0
Q96D53,L227N,0.2363,benign,ADCK4,227.0
Q96D53,L227P,0.5917,pathogenic,ADCK4,227.0
Q96D53,L227Q,0.0673,benign,ADCK4,227.0
Q96D53,L227R,0.0584,benign,ADCK4,227.0
Q96D53,L227S,0.1401,benign,ADCK4,227.0
Q96D53,L227T,0.0857,benign,ADCK4,227.0
Q96D53,L227V,0.0541,benign,ADCK4,227.0
Q96D53,L227W,0.1047,benign,ADCK4,227.0
Q96D53,L227Y,0.2148,benign,ADCK4,227.0
Q96D53,L228A,0.4876,ambiguous,ADCK4,228.0
Q96D53,L228C,0.5898,pathogenic,ADCK4,228.0
Q96D53,L228D,0.8818,pathogenic,ADCK4,228.0
Q96D53,L228E,0.6811,pathogenic,ADCK4,228.0
Q96D53,L228F,0.2882,benign,ADCK4,228.0
Q96D53,L228G,0.61,pathogenic,ADCK4,228.0
Q96D53,L228H,0.5043,ambiguous,ADCK4,228.0
Q96D53,L228I,0.3076,benign,ADCK4,228.0
Q96D53,L228K,0.5316,ambiguous,ADCK4,228.0
Q96D53,L228M,0.2088,benign,ADCK4,228.0
Q96D53,L228N,0.7455,pathogenic,ADCK4,228.0
Q96D53,L228P,0.7115,pathogenic,ADCK4,228.0
Q96D53,L228Q,0.2892,benign,ADCK4,228.0
Q96D53,L228R,0.3044,benign,ADCK4,228.0
Q96D53,L228S,0.5296,ambiguous,ADCK4,228.0
Q96D53,L228T,0.3504,ambiguous,ADCK4,228.0
Q96D53,L228V,0.2333,benign,ADCK4,228.0
Q96D53,L228W,0.4355,ambiguous,ADCK4,228.0
Q96D53,L228Y,0.6899,pathogenic,ADCK4,228.0
Q96D53,R229A,0.1105,benign,ADCK4,229.0
Q96D53,R229C,0.127,benign,ADCK4,229.0
Q96D53,R229D,0.2976,benign,ADCK4,229.0
Q96D53,R229E,0.1281,benign,ADCK4,229.0
Q96D53,R229F,0.3418,ambiguous,ADCK4,229.0
Q96D53,R229G,0.0835,benign,ADCK4,229.0
Q96D53,R229H,0.0853,benign,ADCK4,229.0
Q96D53,R229I,0.1649,benign,ADCK4,229.0
Q96D53,R229K,0.0704,benign,ADCK4,229.0
Q96D53,R229L,0.095,benign,ADCK4,229.0
Q96D53,R229M,0.1416,benign,ADCK4,229.0
Q96D53,R229N,0.2482,benign,ADCK4,229.0
Q96D53,R229P,0.1203,benign,ADCK4,229.0
Q96D53,R229Q,0.0685,benign,ADCK4,229.0
Q96D53,R229S,0.1533,benign,ADCK4,229.0
Q96D53,R229T,0.0953,benign,ADCK4,229.0
Q96D53,R229V,0.1675,benign,ADCK4,229.0
Q96D53,R229W,0.1,benign,ADCK4,229.0
Q96D53,R229Y,0.2407,benign,ADCK4,229.0
Q96D53,D230A,0.3051,benign,ADCK4,230.0
Q96D53,D230C,0.5733,pathogenic,ADCK4,230.0
Q96D53,D230E,0.3919,ambiguous,ADCK4,230.0
Q96D53,D230F,0.7991,pathogenic,ADCK4,230.0
Q96D53,D230G,0.1531,benign,ADCK4,230.0
Q96D53,D230H,0.4289,ambiguous,ADCK4,230.0
Q96D53,D230I,0.6849,pathogenic,ADCK4,230.0
Q96D53,D230K,0.5794,pathogenic,ADCK4,230.0
Q96D53,D230L,0.6164,pathogenic,ADCK4,230.0
Q96D53,D230M,0.7517,pathogenic,ADCK4,230.0
Q96D53,D230N,0.1068,benign,ADCK4,230.0
Q96D53,D230P,0.7588,pathogenic,ADCK4,230.0
Q96D53,D230Q,0.539,ambiguous,ADCK4,230.0
Q96D53,D230R,0.5432,ambiguous,ADCK4,230.0
Q96D53,D230S,0.1704,benign,ADCK4,230.0
Q96D53,D230T,0.3144,benign,ADCK4,230.0
Q96D53,D230V,0.4555,ambiguous,ADCK4,230.0
Q96D53,D230W,0.8957,pathogenic,ADCK4,230.0
Q96D53,D230Y,0.369,ambiguous,ADCK4,230.0
Q96D53,G231A,0.3534,ambiguous,ADCK4,231.0
Q96D53,G231C,0.3544,ambiguous,ADCK4,231.0
Q96D53,G231D,0.2509,benign,ADCK4,231.0
Q96D53,G231E,0.3538,ambiguous,ADCK4,231.0
Q96D53,G231F,0.8793,pathogenic,ADCK4,231.0
Q96D53,G231H,0.3953,ambiguous,ADCK4,231.0
Q96D53,G231I,0.8293,pathogenic,ADCK4,231.0
Q96D53,G231K,0.4065,ambiguous,ADCK4,231.0
Q96D53,G231L,0.8306,pathogenic,ADCK4,231.0
Q96D53,G231M,0.8092,pathogenic,ADCK4,231.0
Q96D53,G231N,0.3115,benign,ADCK4,231.0
Q96D53,G231P,0.9678,pathogenic,ADCK4,231.0
Q96D53,G231Q,0.3503,ambiguous,ADCK4,231.0
Q96D53,G231R,0.2715,benign,ADCK4,231.0
Q96D53,G231S,0.154,benign,ADCK4,231.0
Q96D53,G231T,0.4547,ambiguous,ADCK4,231.0
Q96D53,G231V,0.7257,pathogenic,ADCK4,231.0
Q96D53,G231W,0.6586,pathogenic,ADCK4,231.0
Q96D53,G231Y,0.6925,pathogenic,ADCK4,231.0
Q96D53,T232A,0.0794,benign,ADCK4,232.0
Q96D53,T232C,0.2912,benign,ADCK4,232.0
Q96D53,T232D,0.3712,ambiguous,ADCK4,232.0
Q96D53,T232E,0.1725,benign,ADCK4,232.0
Q96D53,T232F,0.2707,benign,ADCK4,232.0
Q96D53,T232G,0.1906,benign,ADCK4,232.0
Q96D53,T232H,0.1867,benign,ADCK4,232.0
Q96D53,T232I,0.1801,benign,ADCK4,232.0
Q96D53,T232K,0.1066,benign,ADCK4,232.0
Q96D53,T232L,0.1007,benign,ADCK4,232.0
Q96D53,T232M,0.0843,benign,ADCK4,232.0
Q96D53,T232N,0.1643,benign,ADCK4,232.0
Q96D53,T232P,0.3135,benign,ADCK4,232.0
Q96D53,T232Q,0.1029,benign,ADCK4,232.0
Q96D53,T232R,0.0563,benign,ADCK4,232.0
Q96D53,T232S,0.1063,benign,ADCK4,232.0
Q96D53,T232V,0.1388,benign,ADCK4,232.0
Q96D53,T232W,0.345,ambiguous,ADCK4,232.0
Q96D53,T232Y,0.308,benign,ADCK4,232.0
Q96D53,E233A,0.088,benign,ADCK4,233.0
Q96D53,E233C,0.7231,pathogenic,ADCK4,233.0
Q96D53,E233D,0.1708,benign,ADCK4,233.0
Q96D53,E233F,0.7307,pathogenic,ADCK4,233.0
Q96D53,E233G,0.1614,benign,ADCK4,233.0
Q96D53,E233H,0.3473,ambiguous,ADCK4,233.0
Q96D53,E233I,0.3585,ambiguous,ADCK4,233.0
Q96D53,E233K,0.0936,benign,ADCK4,233.0
Q96D53,E233L,0.2554,benign,ADCK4,233.0
Q96D53,E233M,0.3339,benign,ADCK4,233.0
Q96D53,E233N,0.3115,benign,ADCK4,233.0
Q96D53,E233P,0.2403,benign,ADCK4,233.0
Q96D53,E233Q,0.1002,benign,ADCK4,233.0
Q96D53,E233R,0.1315,benign,ADCK4,233.0
Q96D53,E233S,0.1895,benign,ADCK4,233.0
Q96D53,E233T,0.1812,benign,ADCK4,233.0
Q96D53,E233V,0.1681,benign,ADCK4,233.0
Q96D53,E233W,0.7922,pathogenic,ADCK4,233.0
Q96D53,E233Y,0.6063,pathogenic,ADCK4,233.0
Q96D53,V234A,0.3917,ambiguous,ADCK4,234.0
Q96D53,V234C,0.914,pathogenic,ADCK4,234.0
Q96D53,V234D,0.9631,pathogenic,ADCK4,234.0
Q96D53,V234E,0.9134,pathogenic,ADCK4,234.0
Q96D53,V234F,0.4253,ambiguous,ADCK4,234.0
Q96D53,V234G,0.56,ambiguous,ADCK4,234.0
Q96D53,V234H,0.9814,pathogenic,ADCK4,234.0
Q96D53,V234I,0.1087,benign,ADCK4,234.0
Q96D53,V234K,0.9511,pathogenic,ADCK4,234.0
Q96D53,V234L,0.2795,benign,ADCK4,234.0
Q96D53,V234M,0.2426,benign,ADCK4,234.0
Q96D53,V234N,0.9417,pathogenic,ADCK4,234.0
Q96D53,V234P,0.9611,pathogenic,ADCK4,234.0
Q96D53,V234Q,0.9265,pathogenic,ADCK4,234.0
Q96D53,V234R,0.9171,pathogenic,ADCK4,234.0
Q96D53,V234S,0.8105,pathogenic,ADCK4,234.0
Q96D53,V234T,0.5984,pathogenic,ADCK4,234.0
Q96D53,V234W,0.943,pathogenic,ADCK4,234.0
Q96D53,V234Y,0.8892,pathogenic,ADCK4,234.0
Q96D53,A235C,0.8098,pathogenic,ADCK4,235.0
Q96D53,A235D,0.9864,pathogenic,ADCK4,235.0
Q96D53,A235E,0.9785,pathogenic,ADCK4,235.0
Q96D53,A235F,0.9271,pathogenic,ADCK4,235.0
Q96D53,A235G,0.601,pathogenic,ADCK4,235.0
Q96D53,A235H,0.9867,pathogenic,ADCK4,235.0
Q96D53,A235I,0.7235,pathogenic,ADCK4,235.0
Q96D53,A235K,0.9927,pathogenic,ADCK4,235.0
Q96D53,A235L,0.6678,pathogenic,ADCK4,235.0
Q96D53,A235M,0.7645,pathogenic,ADCK4,235.0
Q96D53,A235N,0.9733,pathogenic,ADCK4,235.0
Q96D53,A235P,0.9567,pathogenic,ADCK4,235.0
Q96D53,A235Q,0.9575,pathogenic,ADCK4,235.0
Q96D53,A235R,0.9612,pathogenic,ADCK4,235.0
Q96D53,A235S,0.3962,ambiguous,ADCK4,235.0
Q96D53,A235T,0.539,ambiguous,ADCK4,235.0
Q96D53,A235V,0.3327,benign,ADCK4,235.0
Q96D53,A235W,0.9901,pathogenic,ADCK4,235.0
Q96D53,A235Y,0.9788,pathogenic,ADCK4,235.0
Q96D53,V236A,0.6296,pathogenic,ADCK4,236.0
Q96D53,V236C,0.8575,pathogenic,ADCK4,236.0
Q96D53,V236D,0.9865,pathogenic,ADCK4,236.0
Q96D53,V236E,0.9529,pathogenic,ADCK4,236.0
Q96D53,V236F,0.1951,benign,ADCK4,236.0
Q96D53,V236G,0.792,pathogenic,ADCK4,236.0
Q96D53,V236H,0.9749,pathogenic,ADCK4,236.0
Q96D53,V236I,0.0727,benign,ADCK4,236.0
Q96D53,V236K,0.968,pathogenic,ADCK4,236.0
Q96D53,V236L,0.1215,benign,ADCK4,236.0
Q96D53,V236M,0.1202,benign,ADCK4,236.0
Q96D53,V236N,0.9605,pathogenic,ADCK4,236.0
Q96D53,V236P,0.9888,pathogenic,ADCK4,236.0
Q96D53,V236Q,0.9249,pathogenic,ADCK4,236.0
Q96D53,V236R,0.9349,pathogenic,ADCK4,236.0
Q96D53,V236S,0.8777,pathogenic,ADCK4,236.0
Q96D53,V236T,0.7523,pathogenic,ADCK4,236.0
Q96D53,V236W,0.8834,pathogenic,ADCK4,236.0
Q96D53,V236Y,0.8535,pathogenic,ADCK4,236.0
Q96D53,K237A,0.9914,pathogenic,ADCK4,237.0
Q96D53,K237C,0.9943,pathogenic,ADCK4,237.0
Q96D53,K237D,0.9968,pathogenic,ADCK4,237.0
Q96D53,K237E,0.9864,pathogenic,ADCK4,237.0
Q96D53,K237F,0.9989,pathogenic,ADCK4,237.0
Q96D53,K237G,0.9918,pathogenic,ADCK4,237.0
Q96D53,K237H,0.9696,pathogenic,ADCK4,237.0
Q96D53,K237I,0.9892,pathogenic,ADCK4,237.0
Q96D53,K237L,0.9706,pathogenic,ADCK4,237.0
Q96D53,K237M,0.952,pathogenic,ADCK4,237.0
Q96D53,K237N,0.9911,pathogenic,ADCK4,237.0
Q96D53,K237P,0.9953,pathogenic,ADCK4,237.0
Q96D53,K237Q,0.97,pathogenic,ADCK4,237.0
Q96D53,K237R,0.7798,pathogenic,ADCK4,237.0
Q96D53,K237S,0.9917,pathogenic,ADCK4,237.0
Q96D53,K237T,0.9657,pathogenic,ADCK4,237.0
Q96D53,K237V,0.9882,pathogenic,ADCK4,237.0
Q96D53,K237W,0.9978,pathogenic,ADCK4,237.0
Q96D53,K237Y,0.9969,pathogenic,ADCK4,237.0
Q96D53,I238A,0.9637,pathogenic,ADCK4,238.0
Q96D53,I238C,0.9671,pathogenic,ADCK4,238.0
Q96D53,I238D,0.9988,pathogenic,ADCK4,238.0
Q96D53,I238E,0.9953,pathogenic,ADCK4,238.0
Q96D53,I238F,0.7425,pathogenic,ADCK4,238.0
Q96D53,I238G,0.9904,pathogenic,ADCK4,238.0
Q96D53,I238H,0.9948,pathogenic,ADCK4,238.0
Q96D53,I238K,0.9926,pathogenic,ADCK4,238.0
Q96D53,I238L,0.4225,ambiguous,ADCK4,238.0
Q96D53,I238M,0.4466,ambiguous,ADCK4,238.0
Q96D53,I238N,0.9812,pathogenic,ADCK4,238.0
Q96D53,I238P,0.9951,pathogenic,ADCK4,238.0
Q96D53,I238Q,0.9921,pathogenic,ADCK4,238.0
Q96D53,I238R,0.9877,pathogenic,ADCK4,238.0
Q96D53,I238S,0.9726,pathogenic,ADCK4,238.0
Q96D53,I238T,0.9547,pathogenic,ADCK4,238.0
Q96D53,I238V,0.1441,benign,ADCK4,238.0
Q96D53,I238W,0.9912,pathogenic,ADCK4,238.0
Q96D53,I238Y,0.9696,pathogenic,ADCK4,238.0
Q96D53,Q239A,0.7274,pathogenic,ADCK4,239.0
Q96D53,Q239C,0.9769,pathogenic,ADCK4,239.0
Q96D53,Q239D,0.9961,pathogenic,ADCK4,239.0
Q96D53,Q239E,0.6589,pathogenic,ADCK4,239.0
Q96D53,Q239F,0.9943,pathogenic,ADCK4,239.0
Q96D53,Q239G,0.9029,pathogenic,ADCK4,239.0
Q96D53,Q239H,0.9788,pathogenic,ADCK4,239.0
Q96D53,Q239I,0.9319,pathogenic,ADCK4,239.0
Q96D53,Q239K,0.8286,pathogenic,ADCK4,239.0
Q96D53,Q239L,0.6746,pathogenic,ADCK4,239.0
Q96D53,Q239M,0.9082,pathogenic,ADCK4,239.0
Q96D53,Q239N,0.9771,pathogenic,ADCK4,239.0
Q96D53,Q239P,0.7111,pathogenic,ADCK4,239.0
Q96D53,Q239R,0.6559,pathogenic,ADCK4,239.0
Q96D53,Q239S,0.8553,pathogenic,ADCK4,239.0
Q96D53,Q239T,0.8927,pathogenic,ADCK4,239.0
Q96D53,Q239V,0.8997,pathogenic,ADCK4,239.0
Q96D53,Q239W,0.9936,pathogenic,ADCK4,239.0
Q96D53,Q239Y,0.995,pathogenic,ADCK4,239.0
Q96D53,Y240A,0.9894,pathogenic,ADCK4,240.0
Q96D53,Y240C,0.9612,pathogenic,ADCK4,240.0
Q96D53,Y240D,0.9733,pathogenic,ADCK4,240.0
Q96D53,Y240E,0.9955,pathogenic,ADCK4,240.0
Q96D53,Y240F,0.2663,benign,ADCK4,240.0
Q96D53,Y240G,0.9748,pathogenic,ADCK4,240.0
Q96D53,Y240H,0.9528,pathogenic,ADCK4,240.0
Q96D53,Y240I,0.9735,pathogenic,ADCK4,240.0
Q96D53,Y240K,0.9948,pathogenic,ADCK4,240.0
Q96D53,Y240L,0.8965,pathogenic,ADCK4,240.0
Q96D53,Y240M,0.9751,pathogenic,ADCK4,240.0
Q96D53,Y240N,0.9345,pathogenic,ADCK4,240.0
Q96D53,Y240P,0.9892,pathogenic,ADCK4,240.0
Q96D53,Y240Q,0.993,pathogenic,ADCK4,240.0
Q96D53,Y240R,0.9889,pathogenic,ADCK4,240.0
Q96D53,Y240S,0.9524,pathogenic,ADCK4,240.0
Q96D53,Y240T,0.9897,pathogenic,ADCK4,240.0
Q96D53,Y240V,0.9531,pathogenic,ADCK4,240.0
Q96D53,Y240W,0.8961,pathogenic,ADCK4,240.0
Q96D53,P241A,0.4496,ambiguous,ADCK4,241.0
Q96D53,P241C,0.9302,pathogenic,ADCK4,241.0
Q96D53,P241D,0.9346,pathogenic,ADCK4,241.0
Q96D53,P241E,0.8045,pathogenic,ADCK4,241.0
Q96D53,P241F,0.9624,pathogenic,ADCK4,241.0
Q96D53,P241G,0.8716,pathogenic,ADCK4,241.0
Q96D53,P241H,0.7263,pathogenic,ADCK4,241.0
Q96D53,P241I,0.8889,pathogenic,ADCK4,241.0
Q96D53,P241K,0.8636,pathogenic,ADCK4,241.0
Q96D53,P241L,0.5101,ambiguous,ADCK4,241.0
Q96D53,P241M,0.9081,pathogenic,ADCK4,241.0
Q96D53,P241N,0.95,pathogenic,ADCK4,241.0
Q96D53,P241Q,0.6685,pathogenic,ADCK4,241.0
Q96D53,P241R,0.5325,ambiguous,ADCK4,241.0
Q96D53,P241S,0.6804,pathogenic,ADCK4,241.0
Q96D53,P241T,0.5969,pathogenic,ADCK4,241.0
Q96D53,P241V,0.7683,pathogenic,ADCK4,241.0
Q96D53,P241W,0.9477,pathogenic,ADCK4,241.0
Q96D53,P241Y,0.9528,pathogenic,ADCK4,241.0
Q96D53,G242A,0.4639,ambiguous,ADCK4,242.0
Q96D53,G242C,0.6027,pathogenic,ADCK4,242.0
Q96D53,G242D,0.4935,ambiguous,ADCK4,242.0
Q96D53,G242E,0.6679,pathogenic,ADCK4,242.0
Q96D53,G242F,0.933,pathogenic,ADCK4,242.0
Q96D53,G242H,0.7328,pathogenic,ADCK4,242.0
Q96D53,G242I,0.9346,pathogenic,ADCK4,242.0
Q96D53,G242K,0.8524,pathogenic,ADCK4,242.0
Q96D53,G242L,0.8721,pathogenic,ADCK4,242.0
Q96D53,G242M,0.9115,pathogenic,ADCK4,242.0
Q96D53,G242N,0.5644,pathogenic,ADCK4,242.0
Q96D53,G242P,0.989,pathogenic,ADCK4,242.0
Q96D53,G242Q,0.6986,pathogenic,ADCK4,242.0
Q96D53,G242R,0.6688,pathogenic,ADCK4,242.0
Q96D53,G242S,0.2572,benign,ADCK4,242.0
Q96D53,G242T,0.6704,pathogenic,ADCK4,242.0
Q96D53,G242V,0.8398,pathogenic,ADCK4,242.0
Q96D53,G242W,0.8263,pathogenic,ADCK4,242.0
Q96D53,G242Y,0.8558,pathogenic,ADCK4,242.0
Q96D53,I243A,0.7173,pathogenic,ADCK4,243.0
Q96D53,I243C,0.9436,pathogenic,ADCK4,243.0
Q96D53,I243D,0.9849,pathogenic,ADCK4,243.0
Q96D53,I243E,0.9607,pathogenic,ADCK4,243.0
Q96D53,I243F,0.723,pathogenic,ADCK4,243.0
Q96D53,I243G,0.9231,pathogenic,ADCK4,243.0
Q96D53,I243H,0.9839,pathogenic,ADCK4,243.0
Q96D53,I243K,0.969,pathogenic,ADCK4,243.0
Q96D53,I243L,0.48,ambiguous,ADCK4,243.0
Q96D53,I243M,0.3447,ambiguous,ADCK4,243.0
Q96D53,I243N,0.9266,pathogenic,ADCK4,243.0
Q96D53,I243P,0.9621,pathogenic,ADCK4,243.0
Q96D53,I243Q,0.958,pathogenic,ADCK4,243.0
Q96D53,I243R,0.9428,pathogenic,ADCK4,243.0
Q96D53,I243S,0.8549,pathogenic,ADCK4,243.0
Q96D53,I243T,0.7442,pathogenic,ADCK4,243.0
Q96D53,I243V,0.0585,benign,ADCK4,243.0
Q96D53,I243W,0.9892,pathogenic,ADCK4,243.0
Q96D53,I243Y,0.9707,pathogenic,ADCK4,243.0
Q96D53,A244C,0.3893,ambiguous,ADCK4,244.0
Q96D53,A244D,0.3109,benign,ADCK4,244.0
Q96D53,A244E,0.2312,benign,ADCK4,244.0
Q96D53,A244F,0.3914,ambiguous,ADCK4,244.0
Q96D53,A244G,0.1305,benign,ADCK4,244.0
Q96D53,A244H,0.3686,ambiguous,ADCK4,244.0
Q96D53,A244I,0.3121,benign,ADCK4,244.0
Q96D53,A244K,0.373,ambiguous,ADCK4,244.0
Q96D53,A244L,0.2176,benign,ADCK4,244.0
Q96D53,A244M,0.2824,benign,ADCK4,244.0
Q96D53,A244N,0.3408,ambiguous,ADCK4,244.0
Q96D53,A244P,0.4504,ambiguous,ADCK4,244.0
Q96D53,A244Q,0.2301,benign,ADCK4,244.0
Q96D53,A244R,0.2278,benign,ADCK4,244.0
Q96D53,A244S,0.0798,benign,ADCK4,244.0
Q96D53,A244T,0.0983,benign,ADCK4,244.0
Q96D53,A244V,0.1412,benign,ADCK4,244.0
Q96D53,A244W,0.648,pathogenic,ADCK4,244.0
Q96D53,A244Y,0.5041,ambiguous,ADCK4,244.0
Q96D53,Q245A,0.1275,benign,ADCK4,245.0
Q96D53,Q245C,0.4569,ambiguous,ADCK4,245.0
Q96D53,Q245D,0.2089,benign,ADCK4,245.0
Q96D53,Q245E,0.0716,benign,ADCK4,245.0
Q96D53,Q245F,0.639,pathogenic,ADCK4,245.0
Q96D53,Q245G,0.146,benign,ADCK4,245.0
Q96D53,Q245H,0.1622,benign,ADCK4,245.0
Q96D53,Q245I,0.4313,ambiguous,ADCK4,245.0
Q96D53,Q245K,0.089,benign,ADCK4,245.0
Q96D53,Q245L,0.1241,benign,ADCK4,245.0
Q96D53,Q245M,0.3831,ambiguous,ADCK4,245.0
Q96D53,Q245N,0.2497,benign,ADCK4,245.0
Q96D53,Q245P,0.1618,benign,ADCK4,245.0
Q96D53,Q245R,0.0674,benign,ADCK4,245.0
Q96D53,Q245S,0.1653,benign,ADCK4,245.0
Q96D53,Q245T,0.1552,benign,ADCK4,245.0
Q96D53,Q245V,0.2362,benign,ADCK4,245.0
Q96D53,Q245W,0.3697,ambiguous,ADCK4,245.0
Q96D53,Q245Y,0.4044,ambiguous,ADCK4,245.0
Q96D53,S246A,0.2201,benign,ADCK4,246.0
Q96D53,S246C,0.2793,benign,ADCK4,246.0
Q96D53,S246D,0.8712,pathogenic,ADCK4,246.0
Q96D53,S246E,0.9249,pathogenic,ADCK4,246.0
Q96D53,S246F,0.8718,pathogenic,ADCK4,246.0
Q96D53,S246G,0.1161,benign,ADCK4,246.0
Q96D53,S246H,0.853,pathogenic,ADCK4,246.0
Q96D53,S246I,0.7985,pathogenic,ADCK4,246.0
Q96D53,S246K,0.9834,pathogenic,ADCK4,246.0
Q96D53,S246L,0.6087,pathogenic,ADCK4,246.0
Q96D53,S246M,0.6978,pathogenic,ADCK4,246.0
Q96D53,S246N,0.5693,pathogenic,ADCK4,246.0
Q96D53,S246P,0.9595,pathogenic,ADCK4,246.0
Q96D53,S246Q,0.9131,pathogenic,ADCK4,246.0
Q96D53,S246R,0.9605,pathogenic,ADCK4,246.0
Q96D53,S246T,0.3313,benign,ADCK4,246.0
Q96D53,S246V,0.7351,pathogenic,ADCK4,246.0
Q96D53,S246W,0.8552,pathogenic,ADCK4,246.0
Q96D53,S246Y,0.7507,pathogenic,ADCK4,246.0
Q96D53,I247A,0.8814,pathogenic,ADCK4,247.0
Q96D53,I247C,0.9408,pathogenic,ADCK4,247.0
Q96D53,I247D,0.9923,pathogenic,ADCK4,247.0
Q96D53,I247E,0.9795,pathogenic,ADCK4,247.0
Q96D53,I247F,0.5242,ambiguous,ADCK4,247.0
Q96D53,I247G,0.9724,pathogenic,ADCK4,247.0
Q96D53,I247H,0.9591,pathogenic,ADCK4,247.0
Q96D53,I247K,0.95,pathogenic,ADCK4,247.0
Q96D53,I247L,0.2207,benign,ADCK4,247.0
Q96D53,I247M,0.2779,benign,ADCK4,247.0
Q96D53,I247N,0.9217,pathogenic,ADCK4,247.0
Q96D53,I247P,0.9616,pathogenic,ADCK4,247.0
Q96D53,I247Q,0.9407,pathogenic,ADCK4,247.0
Q96D53,I247R,0.8786,pathogenic,ADCK4,247.0
Q96D53,I247S,0.8576,pathogenic,ADCK4,247.0
Q96D53,I247T,0.8837,pathogenic,ADCK4,247.0
Q96D53,I247V,0.1957,benign,ADCK4,247.0
Q96D53,I247W,0.9506,pathogenic,ADCK4,247.0
Q96D53,I247Y,0.9224,pathogenic,ADCK4,247.0
Q96D53,Q248A,0.1057,benign,ADCK4,248.0
Q96D53,Q248C,0.3206,benign,ADCK4,248.0
Q96D53,Q248D,0.1546,benign,ADCK4,248.0
Q96D53,Q248E,0.0724,benign,ADCK4,248.0
Q96D53,Q248F,0.5075,ambiguous,ADCK4,248.0
Q96D53,Q248G,0.1113,benign,ADCK4,248.0
Q96D53,Q248H,0.1013,benign,ADCK4,248.0
Q96D53,Q248I,0.3512,ambiguous,ADCK4,248.0
Q96D53,Q248K,0.0811,benign,ADCK4,248.0
Q96D53,Q248L,0.1353,benign,ADCK4,248.0
Q96D53,Q248M,0.3701,ambiguous,ADCK4,248.0
Q96D53,Q248N,0.1668,benign,ADCK4,248.0
Q96D53,Q248P,0.0994,benign,ADCK4,248.0
Q96D53,Q248R,0.0589,benign,ADCK4,248.0
Q96D53,Q248S,0.1106,benign,ADCK4,248.0
Q96D53,Q248T,0.1178,benign,ADCK4,248.0
Q96D53,Q248V,0.2115,benign,ADCK4,248.0
Q96D53,Q248W,0.2856,benign,ADCK4,248.0
Q96D53,Q248Y,0.2786,benign,ADCK4,248.0
Q96D53,S249A,0.1172,benign,ADCK4,249.0
Q96D53,S249C,0.2663,benign,ADCK4,249.0
Q96D53,S249D,0.5875,pathogenic,ADCK4,249.0
Q96D53,S249E,0.6985,pathogenic,ADCK4,249.0
Q96D53,S249F,0.5542,ambiguous,ADCK4,249.0
Q96D53,S249G,0.1264,benign,ADCK4,249.0
Q96D53,S249H,0.5869,pathogenic,ADCK4,249.0
Q96D53,S249I,0.5481,ambiguous,ADCK4,249.0
Q96D53,S249K,0.8677,pathogenic,ADCK4,249.0
Q96D53,S249L,0.2642,benign,ADCK4,249.0
Q96D53,S249M,0.4227,ambiguous,ADCK4,249.0
Q96D53,S249N,0.3253,benign,ADCK4,249.0
Q96D53,S249P,0.6808,pathogenic,ADCK4,249.0
Q96D53,S249Q,0.7053,pathogenic,ADCK4,249.0
Q96D53,S249R,0.7858,pathogenic,ADCK4,249.0
Q96D53,S249T,0.1466,benign,ADCK4,249.0
Q96D53,S249V,0.4431,ambiguous,ADCK4,249.0
Q96D53,S249W,0.4691,ambiguous,ADCK4,249.0
Q96D53,S249Y,0.4275,ambiguous,ADCK4,249.0
Q96D53,D250A,0.9745,pathogenic,ADCK4,250.0
Q96D53,D250C,0.9962,pathogenic,ADCK4,250.0
Q96D53,D250E,0.9334,pathogenic,ADCK4,250.0
Q96D53,D250F,0.9981,pathogenic,ADCK4,250.0
Q96D53,D250G,0.9657,pathogenic,ADCK4,250.0
Q96D53,D250H,0.972,pathogenic,ADCK4,250.0
Q96D53,D250I,0.9952,pathogenic,ADCK4,250.0
Q96D53,D250K,0.9907,pathogenic,ADCK4,250.0
Q96D53,D250L,0.9935,pathogenic,ADCK4,250.0
Q96D53,D250M,0.9982,pathogenic,ADCK4,250.0
Q96D53,D250N,0.8667,pathogenic,ADCK4,250.0
Q96D53,D250P,0.9962,pathogenic,ADCK4,250.0
Q96D53,D250Q,0.9889,pathogenic,ADCK4,250.0
Q96D53,D250R,0.9857,pathogenic,ADCK4,250.0
Q96D53,D250S,0.9115,pathogenic,ADCK4,250.0
Q96D53,D250T,0.9775,pathogenic,ADCK4,250.0
Q96D53,D250V,0.98,pathogenic,ADCK4,250.0
Q96D53,D250W,0.9991,pathogenic,ADCK4,250.0
Q96D53,D250Y,0.9705,pathogenic,ADCK4,250.0
Q96D53,V251A,0.3243,benign,ADCK4,251.0
Q96D53,V251C,0.8005,pathogenic,ADCK4,251.0
Q96D53,V251D,0.9003,pathogenic,ADCK4,251.0
Q96D53,V251E,0.7602,pathogenic,ADCK4,251.0
Q96D53,V251F,0.2634,benign,ADCK4,251.0
Q96D53,V251G,0.4132,ambiguous,ADCK4,251.0
Q96D53,V251H,0.8973,pathogenic,ADCK4,251.0
Q96D53,V251I,0.071,benign,ADCK4,251.0
Q96D53,V251K,0.7975,pathogenic,ADCK4,251.0
Q96D53,V251L,0.182,benign,ADCK4,251.0
Q96D53,V251M,0.1249,benign,ADCK4,251.0
Q96D53,V251N,0.7419,pathogenic,ADCK4,251.0
Q96D53,V251P,0.9532,pathogenic,ADCK4,251.0
Q96D53,V251Q,0.7084,pathogenic,ADCK4,251.0
Q96D53,V251R,0.7054,pathogenic,ADCK4,251.0
Q96D53,V251S,0.4832,ambiguous,ADCK4,251.0
Q96D53,V251T,0.326,benign,ADCK4,251.0
Q96D53,V251W,0.8616,pathogenic,ADCK4,251.0
Q96D53,V251Y,0.783,pathogenic,ADCK4,251.0
Q96D53,Q252A,0.1421,benign,ADCK4,252.0
Q96D53,Q252C,0.4294,ambiguous,ADCK4,252.0
Q96D53,Q252D,0.1888,benign,ADCK4,252.0
Q96D53,Q252E,0.0683,benign,ADCK4,252.0
Q96D53,Q252F,0.6873,pathogenic,ADCK4,252.0
Q96D53,Q252G,0.1336,benign,ADCK4,252.0
Q96D53,Q252H,0.1491,benign,ADCK4,252.0
Q96D53,Q252I,0.4815,ambiguous,ADCK4,252.0
Q96D53,Q252K,0.0856,benign,ADCK4,252.0
Q96D53,Q252L,0.1594,benign,ADCK4,252.0
Q96D53,Q252M,0.4212,ambiguous,ADCK4,252.0
Q96D53,Q252N,0.2137,benign,ADCK4,252.0
Q96D53,Q252P,0.3337,benign,ADCK4,252.0
Q96D53,Q252R,0.0661,benign,ADCK4,252.0
Q96D53,Q252S,0.1638,benign,ADCK4,252.0
Q96D53,Q252T,0.175,benign,ADCK4,252.0
Q96D53,Q252V,0.3006,benign,ADCK4,252.0
Q96D53,Q252W,0.3901,ambiguous,ADCK4,252.0
Q96D53,Q252Y,0.4009,ambiguous,ADCK4,252.0
Q96D53,N253A,0.7272,pathogenic,ADCK4,253.0
Q96D53,N253C,0.726,pathogenic,ADCK4,253.0
Q96D53,N253D,0.7041,pathogenic,ADCK4,253.0
Q96D53,N253E,0.9228,pathogenic,ADCK4,253.0
Q96D53,N253F,0.8275,pathogenic,ADCK4,253.0
Q96D53,N253G,0.7062,pathogenic,ADCK4,253.0
Q96D53,N253H,0.3333,benign,ADCK4,253.0
Q96D53,N253I,0.5146,ambiguous,ADCK4,253.0
Q96D53,N253K,0.875,pathogenic,ADCK4,253.0
Q96D53,N253L,0.5212,ambiguous,ADCK4,253.0
Q96D53,N253M,0.5993,pathogenic,ADCK4,253.0
Q96D53,N253P,0.9715,pathogenic,ADCK4,253.0
Q96D53,N253Q,0.8306,pathogenic,ADCK4,253.0
Q96D53,N253R,0.887,pathogenic,ADCK4,253.0
Q96D53,N253S,0.3133,benign,ADCK4,253.0
Q96D53,N253T,0.4165,ambiguous,ADCK4,253.0
Q96D53,N253V,0.5649,pathogenic,ADCK4,253.0
Q96D53,N253W,0.9224,pathogenic,ADCK4,253.0
Q96D53,N253Y,0.3009,benign,ADCK4,253.0
Q96D53,L254A,0.6961,pathogenic,ADCK4,254.0
Q96D53,L254C,0.762,pathogenic,ADCK4,254.0
Q96D53,L254D,0.9933,pathogenic,ADCK4,254.0
Q96D53,L254E,0.9732,pathogenic,ADCK4,254.0
Q96D53,L254F,0.263,benign,ADCK4,254.0
Q96D53,L254G,0.9197,pathogenic,ADCK4,254.0
Q96D53,L254H,0.91,pathogenic,ADCK4,254.0
Q96D53,L254I,0.1151,benign,ADCK4,254.0
Q96D53,L254K,0.9699,pathogenic,ADCK4,254.0
Q96D53,L254M,0.1699,benign,ADCK4,254.0
Q96D53,L254N,0.9691,pathogenic,ADCK4,254.0
Q96D53,L254P,0.9656,pathogenic,ADCK4,254.0
Q96D53,L254Q,0.8829,pathogenic,ADCK4,254.0
Q96D53,L254R,0.9062,pathogenic,ADCK4,254.0
Q96D53,L254S,0.8788,pathogenic,ADCK4,254.0
Q96D53,L254T,0.6908,pathogenic,ADCK4,254.0
Q96D53,L254V,0.1294,benign,ADCK4,254.0
Q96D53,L254W,0.6135,pathogenic,ADCK4,254.0
Q96D53,L254Y,0.8404,pathogenic,ADCK4,254.0
Q96D53,L255A,0.1943,benign,ADCK4,255.0
Q96D53,L255C,0.5105,ambiguous,ADCK4,255.0
Q96D53,L255D,0.7187,pathogenic,ADCK4,255.0
Q96D53,L255E,0.3677,ambiguous,ADCK4,255.0
Q96D53,L255F,0.1464,benign,ADCK4,255.0
Q96D53,L255G,0.399,ambiguous,ADCK4,255.0
Q96D53,L255H,0.2438,benign,ADCK4,255.0
Q96D53,L255I,0.1429,benign,ADCK4,255.0
Q96D53,L255K,0.2672,benign,ADCK4,255.0
Q96D53,L255M,0.1134,benign,ADCK4,255.0
Q96D53,L255N,0.502,ambiguous,ADCK4,255.0
Q96D53,L255P,0.5315,ambiguous,ADCK4,255.0
Q96D53,L255Q,0.135,benign,ADCK4,255.0
Q96D53,L255R,0.1518,benign,ADCK4,255.0
Q96D53,L255S,0.2417,benign,ADCK4,255.0
Q96D53,L255T,0.2029,benign,ADCK4,255.0
Q96D53,L255V,0.113,benign,ADCK4,255.0
Q96D53,L255W,0.2029,benign,ADCK4,255.0
Q96D53,L255Y,0.4232,ambiguous,ADCK4,255.0
Q96D53,A256C,0.4304,ambiguous,ADCK4,256.0
Q96D53,A256D,0.4127,ambiguous,ADCK4,256.0
Q96D53,A256E,0.3463,ambiguous,ADCK4,256.0
Q96D53,A256F,0.2526,benign,ADCK4,256.0
Q96D53,A256G,0.126,benign,ADCK4,256.0
Q96D53,A256H,0.4326,ambiguous,ADCK4,256.0
Q96D53,A256I,0.222,benign,ADCK4,256.0
Q96D53,A256K,0.4791,ambiguous,ADCK4,256.0
Q96D53,A256L,0.1408,benign,ADCK4,256.0
Q96D53,A256M,0.1611,benign,ADCK4,256.0
Q96D53,A256N,0.3438,ambiguous,ADCK4,256.0
Q96D53,A256P,0.5717,pathogenic,ADCK4,256.0
Q96D53,A256Q,0.37,ambiguous,ADCK4,256.0
Q96D53,A256R,0.3781,ambiguous,ADCK4,256.0
Q96D53,A256S,0.1004,benign,ADCK4,256.0
Q96D53,A256T,0.0781,benign,ADCK4,256.0
Q96D53,A256V,0.1016,benign,ADCK4,256.0
Q96D53,A256W,0.4806,ambiguous,ADCK4,256.0
Q96D53,A256Y,0.4236,ambiguous,ADCK4,256.0
Q96D53,V257A,0.2165,benign,ADCK4,257.0
Q96D53,V257C,0.7641,pathogenic,ADCK4,257.0
Q96D53,V257D,0.9047,pathogenic,ADCK4,257.0
Q96D53,V257E,0.8453,pathogenic,ADCK4,257.0
Q96D53,V257F,0.143,benign,ADCK4,257.0
Q96D53,V257G,0.3207,benign,ADCK4,257.0
Q96D53,V257H,0.888,pathogenic,ADCK4,257.0
Q96D53,V257I,0.0816,benign,ADCK4,257.0
Q96D53,V257K,0.8666,pathogenic,ADCK4,257.0
Q96D53,V257L,0.1048,benign,ADCK4,257.0
Q96D53,V257M,0.1195,benign,ADCK4,257.0
Q96D53,V257N,0.7936,pathogenic,ADCK4,257.0
Q96D53,V257P,0.7823,pathogenic,ADCK4,257.0
Q96D53,V257Q,0.7702,pathogenic,ADCK4,257.0
Q96D53,V257R,0.7932,pathogenic,ADCK4,257.0
Q96D53,V257S,0.4627,ambiguous,ADCK4,257.0
Q96D53,V257T,0.3799,ambiguous,ADCK4,257.0
Q96D53,V257W,0.7547,pathogenic,ADCK4,257.0
Q96D53,V257Y,0.7275,pathogenic,ADCK4,257.0
Q96D53,L258A,0.4951,ambiguous,ADCK4,258.0
Q96D53,L258C,0.6409,pathogenic,ADCK4,258.0
Q96D53,L258D,0.9782,pathogenic,ADCK4,258.0
Q96D53,L258E,0.8589,pathogenic,ADCK4,258.0
Q96D53,L258F,0.1866,benign,ADCK4,258.0
Q96D53,L258G,0.7667,pathogenic,ADCK4,258.0
Q96D53,L258H,0.7584,pathogenic,ADCK4,258.0
Q96D53,L258I,0.1653,benign,ADCK4,258.0
Q96D53,L258K,0.8134,pathogenic,ADCK4,258.0
Q96D53,L258M,0.137,benign,ADCK4,258.0
Q96D53,L258N,0.9117,pathogenic,ADCK4,258.0
Q96D53,L258P,0.8324,pathogenic,ADCK4,258.0
Q96D53,L258Q,0.5175,ambiguous,ADCK4,258.0
Q96D53,L258R,0.6191,pathogenic,ADCK4,258.0
Q96D53,L258S,0.6904,pathogenic,ADCK4,258.0
Q96D53,L258T,0.5452,ambiguous,ADCK4,258.0
Q96D53,L258V,0.15,benign,ADCK4,258.0
Q96D53,L258W,0.3057,benign,ADCK4,258.0
Q96D53,L258Y,0.7523,pathogenic,ADCK4,258.0
Q96D53,K259A,0.3033,benign,ADCK4,259.0
Q96D53,K259C,0.5727,pathogenic,ADCK4,259.0
Q96D53,K259D,0.4463,ambiguous,ADCK4,259.0
Q96D53,K259E,0.1609,benign,ADCK4,259.0
Q96D53,K259F,0.7926,pathogenic,ADCK4,259.0
Q96D53,K259G,0.2589,benign,ADCK4,259.0
Q96D53,K259H,0.1974,benign,ADCK4,259.0
Q96D53,K259I,0.5995,pathogenic,ADCK4,259.0
Q96D53,K259L,0.4047,ambiguous,ADCK4,259.0
Q96D53,K259M,0.3383,benign,ADCK4,259.0
Q96D53,K259N,0.3095,benign,ADCK4,259.0
Q96D53,K259P,0.5731,pathogenic,ADCK4,259.0
Q96D53,K259Q,0.0935,benign,ADCK4,259.0
Q96D53,K259R,0.0696,benign,ADCK4,259.0
Q96D53,K259S,0.2646,benign,ADCK4,259.0
Q96D53,K259T,0.1729,benign,ADCK4,259.0
Q96D53,K259V,0.4998,ambiguous,ADCK4,259.0
Q96D53,K259W,0.5974,pathogenic,ADCK4,259.0
Q96D53,K259Y,0.5727,pathogenic,ADCK4,259.0
Q96D53,M260A,0.3778,ambiguous,ADCK4,260.0
Q96D53,M260C,0.6745,pathogenic,ADCK4,260.0
Q96D53,M260D,0.9098,pathogenic,ADCK4,260.0
Q96D53,M260E,0.75,pathogenic,ADCK4,260.0
Q96D53,M260F,0.2125,benign,ADCK4,260.0
Q96D53,M260G,0.5792,pathogenic,ADCK4,260.0
Q96D53,M260H,0.5929,pathogenic,ADCK4,260.0
Q96D53,M260I,0.2236,benign,ADCK4,260.0
Q96D53,M260K,0.3814,ambiguous,ADCK4,260.0
Q96D53,M260L,0.0929,benign,ADCK4,260.0
Q96D53,M260N,0.6708,pathogenic,ADCK4,260.0
Q96D53,M260P,0.7436,pathogenic,ADCK4,260.0
Q96D53,M260Q,0.4383,ambiguous,ADCK4,260.0
Q96D53,M260R,0.2999,benign,ADCK4,260.0
Q96D53,M260S,0.5172,ambiguous,ADCK4,260.0
Q96D53,M260T,0.3555,ambiguous,ADCK4,260.0
Q96D53,M260V,0.098,benign,ADCK4,260.0
Q96D53,M260W,0.413,ambiguous,ADCK4,260.0
Q96D53,M260Y,0.4783,ambiguous,ADCK4,260.0
Q96D53,S261A,0.0918,benign,ADCK4,261.0
Q96D53,S261C,0.1464,benign,ADCK4,261.0
Q96D53,S261D,0.6661,pathogenic,ADCK4,261.0
Q96D53,S261E,0.734,pathogenic,ADCK4,261.0
Q96D53,S261F,0.249,benign,ADCK4,261.0
Q96D53,S261G,0.0852,benign,ADCK4,261.0
Q96D53,S261H,0.471,ambiguous,ADCK4,261.0
Q96D53,S261I,0.261,benign,ADCK4,261.0
Q96D53,S261K,0.7961,pathogenic,ADCK4,261.0
Q96D53,S261L,0.1724,benign,ADCK4,261.0
Q96D53,S261M,0.2148,benign,ADCK4,261.0
Q96D53,S261N,0.2827,benign,ADCK4,261.0
Q96D53,S261P,0.3474,ambiguous,ADCK4,261.0
Q96D53,S261Q,0.6169,pathogenic,ADCK4,261.0
Q96D53,S261R,0.7379,pathogenic,ADCK4,261.0
Q96D53,S261T,0.084,benign,ADCK4,261.0
Q96D53,S261V,0.2121,benign,ADCK4,261.0
Q96D53,S261W,0.233,benign,ADCK4,261.0
Q96D53,S261Y,0.2499,benign,ADCK4,261.0
Q96D53,A262C,0.2888,benign,ADCK4,262.0
Q96D53,A262D,0.1575,benign,ADCK4,262.0
Q96D53,A262E,0.1396,benign,ADCK4,262.0
Q96D53,A262F,0.1791,benign,ADCK4,262.0
Q96D53,A262G,0.086,benign,ADCK4,262.0
Q96D53,A262H,0.2084,benign,ADCK4,262.0
Q96D53,A262I,0.1197,benign,ADCK4,262.0
Q96D53,A262K,0.1645,benign,ADCK4,262.0
Q96D53,A262L,0.09,benign,ADCK4,262.0
Q96D53,A262M,0.1016,benign,ADCK4,262.0
Q96D53,A262N,0.1635,benign,ADCK4,262.0
Q96D53,A262P,0.1228,benign,ADCK4,262.0
Q96D53,A262Q,0.1524,benign,ADCK4,262.0
Q96D53,A262R,0.1355,benign,ADCK4,262.0
Q96D53,A262S,0.08,benign,ADCK4,262.0
Q96D53,A262T,0.0641,benign,ADCK4,262.0
Q96D53,A262V,0.0677,benign,ADCK4,262.0
Q96D53,A262W,0.3465,ambiguous,ADCK4,262.0
Q96D53,A262Y,0.2841,benign,ADCK4,262.0
Q96D53,A263C,0.3104,benign,ADCK4,263.0
Q96D53,A263D,0.2217,benign,ADCK4,263.0
Q96D53,A263E,0.2017,benign,ADCK4,263.0
Q96D53,A263F,0.1693,benign,ADCK4,263.0
Q96D53,A263G,0.0958,benign,ADCK4,263.0
Q96D53,A263H,0.2897,benign,ADCK4,263.0
Q96D53,A263I,0.1284,benign,ADCK4,263.0
Q96D53,A263K,0.2707,benign,ADCK4,263.0
Q96D53,A263L,0.1047,benign,ADCK4,263.0
Q96D53,A263M,0.1302,benign,ADCK4,263.0
Q96D53,A263N,0.2202,benign,ADCK4,263.0
Q96D53,A263P,0.1374,benign,ADCK4,263.0
Q96D53,A263Q,0.2145,benign,ADCK4,263.0
Q96D53,A263R,0.2153,benign,ADCK4,263.0
Q96D53,A263S,0.0923,benign,ADCK4,263.0
Q96D53,A263T,0.0719,benign,ADCK4,263.0
Q96D53,A263V,0.0699,benign,ADCK4,263.0
Q96D53,A263W,0.3553,ambiguous,ADCK4,263.0
Q96D53,A263Y,0.2935,benign,ADCK4,263.0
Q96D53,L264A,0.393,ambiguous,ADCK4,264.0
Q96D53,L264C,0.7077,pathogenic,ADCK4,264.0
Q96D53,L264D,0.9328,pathogenic,ADCK4,264.0
Q96D53,L264E,0.7775,pathogenic,ADCK4,264.0
Q96D53,L264F,0.1022,benign,ADCK4,264.0
Q96D53,L264G,0.7194,pathogenic,ADCK4,264.0
Q96D53,L264H,0.5899,pathogenic,ADCK4,264.0
Q96D53,L264I,0.1054,benign,ADCK4,264.0
Q96D53,L264K,0.6965,pathogenic,ADCK4,264.0
Q96D53,L264M,0.1374,benign,ADCK4,264.0
Q96D53,L264N,0.834,pathogenic,ADCK4,264.0
Q96D53,L264P,0.365,ambiguous,ADCK4,264.0
Q96D53,L264Q,0.4744,ambiguous,ADCK4,264.0
Q96D53,L264R,0.4976,ambiguous,ADCK4,264.0
Q96D53,L264S,0.5764,pathogenic,ADCK4,264.0
Q96D53,L264T,0.5001,ambiguous,ADCK4,264.0
Q96D53,L264V,0.1035,benign,ADCK4,264.0
Q96D53,L264W,0.2182,benign,ADCK4,264.0
Q96D53,L264Y,0.5279,ambiguous,ADCK4,264.0
Q96D53,P265A,0.4122,ambiguous,ADCK4,265.0
Q96D53,P265C,0.9258,pathogenic,ADCK4,265.0
Q96D53,P265D,0.8287,pathogenic,ADCK4,265.0
Q96D53,P265E,0.7201,pathogenic,ADCK4,265.0
Q96D53,P265F,0.9151,pathogenic,ADCK4,265.0
Q96D53,P265G,0.6825,pathogenic,ADCK4,265.0
Q96D53,P265H,0.5992,pathogenic,ADCK4,265.0
Q96D53,P265I,0.9004,pathogenic,ADCK4,265.0
Q96D53,P265K,0.7716,pathogenic,ADCK4,265.0
Q96D53,P265L,0.5397,ambiguous,ADCK4,265.0
Q96D53,P265M,0.8468,pathogenic,ADCK4,265.0
Q96D53,P265N,0.8474,pathogenic,ADCK4,265.0
Q96D53,P265Q,0.5347,ambiguous,ADCK4,265.0
Q96D53,P265R,0.5619,ambiguous,ADCK4,265.0
Q96D53,P265S,0.4441,ambiguous,ADCK4,265.0
Q96D53,P265T,0.4189,ambiguous,ADCK4,265.0
Q96D53,P265V,0.759,pathogenic,ADCK4,265.0
Q96D53,P265W,0.9053,pathogenic,ADCK4,265.0
Q96D53,P265Y,0.8962,pathogenic,ADCK4,265.0
Q96D53,A266C,0.3273,benign,ADCK4,266.0
Q96D53,A266D,0.0919,benign,ADCK4,266.0
Q96D53,A266E,0.0655,benign,ADCK4,266.0
Q96D53,A266F,0.2645,benign,ADCK4,266.0
Q96D53,A266G,0.0959,benign,ADCK4,266.0
Q96D53,A266H,0.1682,benign,ADCK4,266.0
Q96D53,A266I,0.1627,benign,ADCK4,266.0
Q96D53,A266K,0.0975,benign,ADCK4,266.0
Q96D53,A266L,0.1246,benign,ADCK4,266.0
Q96D53,A266M,0.1525,benign,ADCK4,266.0
Q96D53,A266N,0.1461,benign,ADCK4,266.0
Q96D53,A266P,0.0861,benign,ADCK4,266.0
Q96D53,A266Q,0.0914,benign,ADCK4,266.0
Q96D53,A266R,0.102,benign,ADCK4,266.0
Q96D53,A266S,0.0834,benign,ADCK4,266.0
Q96D53,A266T,0.0727,benign,ADCK4,266.0
Q96D53,A266V,0.0822,benign,ADCK4,266.0
Q96D53,A266W,0.3875,ambiguous,ADCK4,266.0
Q96D53,A266Y,0.2759,benign,ADCK4,266.0
Q96D53,G267A,0.2074,benign,ADCK4,267.0
Q96D53,G267C,0.3652,ambiguous,ADCK4,267.0
Q96D53,G267D,0.3945,ambiguous,ADCK4,267.0
Q96D53,G267E,0.3427,ambiguous,ADCK4,267.0
Q96D53,G267F,0.7471,pathogenic,ADCK4,267.0
Q96D53,G267H,0.5641,pathogenic,ADCK4,267.0
Q96D53,G267I,0.4947,ambiguous,ADCK4,267.0
Q96D53,G267K,0.6671,pathogenic,ADCK4,267.0
Q96D53,G267L,0.6597,pathogenic,ADCK4,267.0
Q96D53,G267M,0.6595,pathogenic,ADCK4,267.0
Q96D53,G267N,0.4624,ambiguous,ADCK4,267.0
Q96D53,G267P,0.8216,pathogenic,ADCK4,267.0
Q96D53,G267Q,0.4919,ambiguous,ADCK4,267.0
Q96D53,G267R,0.5015,ambiguous,ADCK4,267.0
Q96D53,G267S,0.1463,benign,ADCK4,267.0
Q96D53,G267T,0.2856,benign,ADCK4,267.0
Q96D53,G267V,0.3333,benign,ADCK4,267.0
Q96D53,G267W,0.5763,pathogenic,ADCK4,267.0
Q96D53,G267Y,0.6404,pathogenic,ADCK4,267.0
Q96D53,L268A,0.4905,ambiguous,ADCK4,268.0
Q96D53,L268C,0.6733,pathogenic,ADCK4,268.0
Q96D53,L268D,0.92,pathogenic,ADCK4,268.0
Q96D53,L268E,0.8009,pathogenic,ADCK4,268.0
Q96D53,L268F,0.1509,benign,ADCK4,268.0
Q96D53,L268G,0.7285,pathogenic,ADCK4,268.0
Q96D53,L268H,0.6265,pathogenic,ADCK4,268.0
Q96D53,L268I,0.1386,benign,ADCK4,268.0
Q96D53,L268K,0.783,pathogenic,ADCK4,268.0
Q96D53,L268M,0.1423,benign,ADCK4,268.0
Q96D53,L268N,0.8198,pathogenic,ADCK4,268.0
Q96D53,L268P,0.6155,pathogenic,ADCK4,268.0
Q96D53,L268Q,0.5185,ambiguous,ADCK4,268.0
Q96D53,L268R,0.5747,pathogenic,ADCK4,268.0
Q96D53,L268S,0.6454,pathogenic,ADCK4,268.0
Q96D53,L268T,0.5596,ambiguous,ADCK4,268.0
Q96D53,L268V,0.1365,benign,ADCK4,268.0
Q96D53,L268W,0.2991,benign,ADCK4,268.0
Q96D53,L268Y,0.5631,ambiguous,ADCK4,268.0
Q96D53,F269A,0.8224,pathogenic,ADCK4,269.0
Q96D53,F269C,0.7926,pathogenic,ADCK4,269.0
Q96D53,F269D,0.903,pathogenic,ADCK4,269.0
Q96D53,F269E,0.9367,pathogenic,ADCK4,269.0
Q96D53,F269G,0.8998,pathogenic,ADCK4,269.0
Q96D53,F269H,0.7135,pathogenic,ADCK4,269.0
Q96D53,F269I,0.7845,pathogenic,ADCK4,269.0
Q96D53,F269K,0.9425,pathogenic,ADCK4,269.0
Q96D53,F269L,0.9437,pathogenic,ADCK4,269.0
Q96D53,F269M,0.8751,pathogenic,ADCK4,269.0
Q96D53,F269N,0.8772,pathogenic,ADCK4,269.0
Q96D53,F269P,0.9245,pathogenic,ADCK4,269.0
Q96D53,F269Q,0.8817,pathogenic,ADCK4,269.0
Q96D53,F269R,0.852,pathogenic,ADCK4,269.0
Q96D53,F269S,0.7168,pathogenic,ADCK4,269.0
Q96D53,F269T,0.886,pathogenic,ADCK4,269.0
Q96D53,F269V,0.7064,pathogenic,ADCK4,269.0
Q96D53,F269W,0.6525,pathogenic,ADCK4,269.0
Q96D53,F269Y,0.3008,benign,ADCK4,269.0
Q96D53,A270C,0.5229,ambiguous,ADCK4,270.0
Q96D53,A270D,0.5545,ambiguous,ADCK4,270.0
Q96D53,A270E,0.4077,ambiguous,ADCK4,270.0
Q96D53,A270F,0.38,ambiguous,ADCK4,270.0
Q96D53,A270G,0.1742,benign,ADCK4,270.0
Q96D53,A270H,0.5624,ambiguous,ADCK4,270.0
Q96D53,A270I,0.2212,benign,ADCK4,270.0
Q96D53,A270K,0.5783,pathogenic,ADCK4,270.0
Q96D53,A270L,0.1501,benign,ADCK4,270.0
Q96D53,A270M,0.2406,benign,ADCK4,270.0
Q96D53,A270N,0.5841,pathogenic,ADCK4,270.0
Q96D53,A270P,0.0916,benign,ADCK4,270.0
Q96D53,A270Q,0.4287,ambiguous,ADCK4,270.0
Q96D53,A270R,0.4385,ambiguous,ADCK4,270.0
Q96D53,A270S,0.1457,benign,ADCK4,270.0
Q96D53,A270T,0.1082,benign,ADCK4,270.0
Q96D53,A270V,0.101,benign,ADCK4,270.0
Q96D53,A270W,0.6201,pathogenic,ADCK4,270.0
Q96D53,A270Y,0.5497,ambiguous,ADCK4,270.0
Q96D53,E271A,0.1183,benign,ADCK4,271.0
Q96D53,E271C,0.7732,pathogenic,ADCK4,271.0
Q96D53,E271D,0.0941,benign,ADCK4,271.0
Q96D53,E271F,0.7259,pathogenic,ADCK4,271.0
Q96D53,E271G,0.089,benign,ADCK4,271.0
Q96D53,E271H,0.2686,benign,ADCK4,271.0
Q96D53,E271I,0.4337,ambiguous,ADCK4,271.0
Q96D53,E271K,0.0979,benign,ADCK4,271.0
Q96D53,E271L,0.3219,benign,ADCK4,271.0
Q96D53,E271M,0.4849,ambiguous,ADCK4,271.0
Q96D53,E271N,0.2131,benign,ADCK4,271.0
Q96D53,E271P,0.2752,benign,ADCK4,271.0
Q96D53,E271Q,0.0974,benign,ADCK4,271.0
Q96D53,E271R,0.1293,benign,ADCK4,271.0
Q96D53,E271S,0.1345,benign,ADCK4,271.0
Q96D53,E271T,0.1741,benign,ADCK4,271.0
Q96D53,E271V,0.2252,benign,ADCK4,271.0
Q96D53,E271W,0.7593,pathogenic,ADCK4,271.0
Q96D53,E271Y,0.5361,ambiguous,ADCK4,271.0
Q96D53,Q272A,0.1255,benign,ADCK4,272.0
Q96D53,Q272C,0.3802,ambiguous,ADCK4,272.0
Q96D53,Q272D,0.1935,benign,ADCK4,272.0
Q96D53,Q272E,0.0726,benign,ADCK4,272.0
Q96D53,Q272F,0.518,ambiguous,ADCK4,272.0
Q96D53,Q272G,0.1354,benign,ADCK4,272.0
Q96D53,Q272H,0.1063,benign,ADCK4,272.0
Q96D53,Q272I,0.3285,benign,ADCK4,272.0
Q96D53,Q272K,0.0755,benign,ADCK4,272.0
Q96D53,Q272L,0.1251,benign,ADCK4,272.0
Q96D53,Q272M,0.3463,ambiguous,ADCK4,272.0
Q96D53,Q272N,0.1507,benign,ADCK4,272.0
Q96D53,Q272P,0.0829,benign,ADCK4,272.0
Q96D53,Q272R,0.0678,benign,ADCK4,272.0
Q96D53,Q272S,0.1388,benign,ADCK4,272.0
Q96D53,Q272T,0.1232,benign,ADCK4,272.0
Q96D53,Q272V,0.2043,benign,ADCK4,272.0
Q96D53,Q272W,0.3387,benign,ADCK4,272.0
Q96D53,Q272Y,0.2565,benign,ADCK4,272.0
Q96D53,S273A,0.1043,benign,ADCK4,273.0
Q96D53,S273C,0.1507,benign,ADCK4,273.0
Q96D53,S273D,0.7982,pathogenic,ADCK4,273.0
Q96D53,S273E,0.8139,pathogenic,ADCK4,273.0
Q96D53,S273F,0.3718,ambiguous,ADCK4,273.0
Q96D53,S273G,0.1119,benign,ADCK4,273.0
Q96D53,S273H,0.6089,pathogenic,ADCK4,273.0
Q96D53,S273I,0.2907,benign,ADCK4,273.0
Q96D53,S273K,0.9255,pathogenic,ADCK4,273.0
Q96D53,S273L,0.1899,benign,ADCK4,273.0
Q96D53,S273M,0.2785,benign,ADCK4,273.0
Q96D53,S273N,0.3143,benign,ADCK4,273.0
Q96D53,S273P,0.3559,ambiguous,ADCK4,273.0
Q96D53,S273Q,0.7501,pathogenic,ADCK4,273.0
Q96D53,S273R,0.8956,pathogenic,ADCK4,273.0
Q96D53,S273T,0.089,benign,ADCK4,273.0
Q96D53,S273V,0.2412,benign,ADCK4,273.0
Q96D53,S273W,0.4482,ambiguous,ADCK4,273.0
Q96D53,S273Y,0.3083,benign,ADCK4,273.0
Q96D53,L274A,0.299,benign,ADCK4,274.0
Q96D53,L274C,0.6042,pathogenic,ADCK4,274.0
Q96D53,L274D,0.9207,pathogenic,ADCK4,274.0
Q96D53,L274E,0.6446,pathogenic,ADCK4,274.0
Q96D53,L274F,0.1623,benign,ADCK4,274.0
Q96D53,L274G,0.6279,pathogenic,ADCK4,274.0
Q96D53,L274H,0.4721,ambiguous,ADCK4,274.0
Q96D53,L274I,0.0947,benign,ADCK4,274.0
Q96D53,L274K,0.5568,ambiguous,ADCK4,274.0
Q96D53,L274M,0.1272,benign,ADCK4,274.0
Q96D53,L274N,0.7731,pathogenic,ADCK4,274.0
Q96D53,L274P,0.6934,pathogenic,ADCK4,274.0
Q96D53,L274Q,0.3103,benign,ADCK4,274.0
Q96D53,L274R,0.3244,benign,ADCK4,274.0
Q96D53,L274S,0.4544,ambiguous,ADCK4,274.0
Q96D53,L274T,0.3524,ambiguous,ADCK4,274.0
Q96D53,L274V,0.0878,benign,ADCK4,274.0
Q96D53,L274W,0.2714,benign,ADCK4,274.0
Q96D53,L274Y,0.5392,ambiguous,ADCK4,274.0
Q96D53,Q275A,0.1011,benign,ADCK4,275.0
Q96D53,Q275C,0.2873,benign,ADCK4,275.0
Q96D53,Q275D,0.2023,benign,ADCK4,275.0
Q96D53,Q275E,0.0732,benign,ADCK4,275.0
Q96D53,Q275F,0.4194,ambiguous,ADCK4,275.0
Q96D53,Q275G,0.1277,benign,ADCK4,275.0
Q96D53,Q275H,0.1038,benign,ADCK4,275.0
Q96D53,Q275I,0.2504,benign,ADCK4,275.0
Q96D53,Q275K,0.0755,benign,ADCK4,275.0
Q96D53,Q275L,0.0793,benign,ADCK4,275.0
Q96D53,Q275M,0.265,benign,ADCK4,275.0
Q96D53,Q275N,0.1944,benign,ADCK4,275.0
Q96D53,Q275P,0.1376,benign,ADCK4,275.0
Q96D53,Q275R,0.06,benign,ADCK4,275.0
Q96D53,Q275S,0.1346,benign,ADCK4,275.0
Q96D53,Q275T,0.1225,benign,ADCK4,275.0
Q96D53,Q275V,0.1567,benign,ADCK4,275.0
Q96D53,Q275W,0.2191,benign,ADCK4,275.0
Q96D53,Q275Y,0.2535,benign,ADCK4,275.0
Q96D53,A276C,0.3698,ambiguous,ADCK4,276.0
Q96D53,A276D,0.2389,benign,ADCK4,276.0
Q96D53,A276E,0.1874,benign,ADCK4,276.0
Q96D53,A276F,0.238,benign,ADCK4,276.0
Q96D53,A276G,0.1304,benign,ADCK4,276.0
Q96D53,A276H,0.2783,benign,ADCK4,276.0
Q96D53,A276I,0.1768,benign,ADCK4,276.0
Q96D53,A276K,0.3163,benign,ADCK4,276.0
Q96D53,A276L,0.1546,benign,ADCK4,276.0
Q96D53,A276M,0.1594,benign,ADCK4,276.0
Q96D53,A276N,0.1771,benign,ADCK4,276.0
Q96D53,A276P,0.4263,ambiguous,ADCK4,276.0
Q96D53,A276Q,0.2198,benign,ADCK4,276.0
Q96D53,A276R,0.2562,benign,ADCK4,276.0
Q96D53,A276S,0.0848,benign,ADCK4,276.0
Q96D53,A276T,0.0781,benign,ADCK4,276.0
Q96D53,A276V,0.0801,benign,ADCK4,276.0
Q96D53,A276W,0.5575,ambiguous,ADCK4,276.0
Q96D53,A276Y,0.3198,benign,ADCK4,276.0
Q96D53,L277A,0.4314,ambiguous,ADCK4,277.0
Q96D53,L277C,0.7684,pathogenic,ADCK4,277.0
Q96D53,L277D,0.9801,pathogenic,ADCK4,277.0
Q96D53,L277E,0.8721,pathogenic,ADCK4,277.0
Q96D53,L277F,0.2176,benign,ADCK4,277.0
Q96D53,L277G,0.7986,pathogenic,ADCK4,277.0
Q96D53,L277H,0.7863,pathogenic,ADCK4,277.0
Q96D53,L277I,0.1683,benign,ADCK4,277.0
Q96D53,L277K,0.8501,pathogenic,ADCK4,277.0
Q96D53,L277M,0.1299,benign,ADCK4,277.0
Q96D53,L277N,0.9152,pathogenic,ADCK4,277.0
Q96D53,L277P,0.8552,pathogenic,ADCK4,277.0
Q96D53,L277Q,0.5524,ambiguous,ADCK4,277.0
Q96D53,L277R,0.6846,pathogenic,ADCK4,277.0
Q96D53,L277S,0.656,pathogenic,ADCK4,277.0
Q96D53,L277T,0.5058,ambiguous,ADCK4,277.0
Q96D53,L277V,0.1407,benign,ADCK4,277.0
Q96D53,L277W,0.4207,ambiguous,ADCK4,277.0
Q96D53,L277Y,0.7718,pathogenic,ADCK4,277.0
Q96D53,Q278A,0.2218,benign,ADCK4,278.0
Q96D53,Q278C,0.5322,ambiguous,ADCK4,278.0
Q96D53,Q278D,0.5597,ambiguous,ADCK4,278.0
Q96D53,Q278E,0.0996,benign,ADCK4,278.0
Q96D53,Q278F,0.7793,pathogenic,ADCK4,278.0
Q96D53,Q278G,0.1807,benign,ADCK4,278.0
Q96D53,Q278H,0.2367,benign,ADCK4,278.0
Q96D53,Q278I,0.603,pathogenic,ADCK4,278.0
Q96D53,Q278K,0.1146,benign,ADCK4,278.0
Q96D53,Q278L,0.1774,benign,ADCK4,278.0
Q96D53,Q278M,0.5182,ambiguous,ADCK4,278.0
Q96D53,Q278N,0.4437,ambiguous,ADCK4,278.0
Q96D53,Q278P,0.3465,ambiguous,ADCK4,278.0
Q96D53,Q278R,0.079,benign,ADCK4,278.0
Q96D53,Q278S,0.2434,benign,ADCK4,278.0
Q96D53,Q278T,0.2664,benign,ADCK4,278.0
Q96D53,Q278V,0.3934,ambiguous,ADCK4,278.0
Q96D53,Q278W,0.4723,ambiguous,ADCK4,278.0
Q96D53,Q278Y,0.5022,ambiguous,ADCK4,278.0
Q96D53,Q279A,0.1295,benign,ADCK4,279.0
Q96D53,Q279C,0.2809,benign,ADCK4,279.0
Q96D53,Q279D,0.2322,benign,ADCK4,279.0
Q96D53,Q279E,0.0738,benign,ADCK4,279.0
Q96D53,Q279F,0.527,ambiguous,ADCK4,279.0
Q96D53,Q279G,0.114,benign,ADCK4,279.0
Q96D53,Q279H,0.1275,benign,ADCK4,279.0
Q96D53,Q279I,0.3251,benign,ADCK4,279.0
Q96D53,Q279K,0.0677,benign,ADCK4,279.0
Q96D53,Q279L,0.1013,benign,ADCK4,279.0
Q96D53,Q279M,0.2757,benign,ADCK4,279.0
Q96D53,Q279N,0.2171,benign,ADCK4,279.0
Q96D53,Q279P,0.3195,benign,ADCK4,279.0
Q96D53,Q279R,0.0547,benign,ADCK4,279.0
Q96D53,Q279S,0.1671,benign,ADCK4,279.0
Q96D53,Q279T,0.1349,benign,ADCK4,279.0
Q96D53,Q279V,0.1985,benign,ADCK4,279.0
Q96D53,Q279W,0.2145,benign,ADCK4,279.0
Q96D53,Q279Y,0.305,benign,ADCK4,279.0
Q96D53,E280A,0.5633,ambiguous,ADCK4,280.0
Q96D53,E280C,0.9736,pathogenic,ADCK4,280.0
Q96D53,E280D,0.6481,pathogenic,ADCK4,280.0
Q96D53,E280F,0.9813,pathogenic,ADCK4,280.0
Q96D53,E280G,0.6484,pathogenic,ADCK4,280.0
Q96D53,E280H,0.911,pathogenic,ADCK4,280.0
Q96D53,E280I,0.8938,pathogenic,ADCK4,280.0
Q96D53,E280K,0.8433,pathogenic,ADCK4,280.0
Q96D53,E280L,0.8799,pathogenic,ADCK4,280.0
Q96D53,E280M,0.8918,pathogenic,ADCK4,280.0
Q96D53,E280N,0.8437,pathogenic,ADCK4,280.0
Q96D53,E280P,0.9762,pathogenic,ADCK4,280.0
Q96D53,E280Q,0.4553,ambiguous,ADCK4,280.0
Q96D53,E280R,0.8569,pathogenic,ADCK4,280.0
Q96D53,E280S,0.6847,pathogenic,ADCK4,280.0
Q96D53,E280T,0.7813,pathogenic,ADCK4,280.0
Q96D53,E280V,0.7285,pathogenic,ADCK4,280.0
Q96D53,E280W,0.992,pathogenic,ADCK4,280.0
Q96D53,E280Y,0.9548,pathogenic,ADCK4,280.0
Q96D53,L281A,0.8681,pathogenic,ADCK4,281.0
Q96D53,L281C,0.9703,pathogenic,ADCK4,281.0
Q96D53,L281D,0.9944,pathogenic,ADCK4,281.0
Q96D53,L281E,0.9591,pathogenic,ADCK4,281.0
Q96D53,L281F,0.7193,pathogenic,ADCK4,281.0
Q96D53,L281G,0.9607,pathogenic,ADCK4,281.0
Q96D53,L281H,0.9615,pathogenic,ADCK4,281.0
Q96D53,L281I,0.4361,ambiguous,ADCK4,281.0
Q96D53,L281K,0.9578,pathogenic,ADCK4,281.0
Q96D53,L281M,0.3243,benign,ADCK4,281.0
Q96D53,L281N,0.9769,pathogenic,ADCK4,281.0
Q96D53,L281P,0.9723,pathogenic,ADCK4,281.0
Q96D53,L281Q,0.9031,pathogenic,ADCK4,281.0
Q96D53,L281R,0.9104,pathogenic,ADCK4,281.0
Q96D53,L281S,0.9698,pathogenic,ADCK4,281.0
Q96D53,L281T,0.8914,pathogenic,ADCK4,281.0
Q96D53,L281V,0.4651,ambiguous,ADCK4,281.0
Q96D53,L281W,0.8428,pathogenic,ADCK4,281.0
Q96D53,L281Y,0.9539,pathogenic,ADCK4,281.0
Q96D53,A282C,0.3371,benign,ADCK4,282.0
Q96D53,A282D,0.1946,benign,ADCK4,282.0
Q96D53,A282E,0.1424,benign,ADCK4,282.0
Q96D53,A282F,0.2392,benign,ADCK4,282.0
Q96D53,A282G,0.1069,benign,ADCK4,282.0
Q96D53,A282H,0.263,benign,ADCK4,282.0
Q96D53,A282I,0.1564,benign,ADCK4,282.0
Q96D53,A282K,0.2644,benign,ADCK4,282.0
Q96D53,A282L,0.1057,benign,ADCK4,282.0
Q96D53,A282M,0.1642,benign,ADCK4,282.0
Q96D53,A282N,0.1941,benign,ADCK4,282.0
Q96D53,A282P,0.5818,pathogenic,ADCK4,282.0
Q96D53,A282Q,0.175,benign,ADCK4,282.0
Q96D53,A282R,0.1895,benign,ADCK4,282.0
Q96D53,A282S,0.0852,benign,ADCK4,282.0
Q96D53,A282T,0.0818,benign,ADCK4,282.0
Q96D53,A282V,0.0939,benign,ADCK4,282.0
Q96D53,A282W,0.4924,ambiguous,ADCK4,282.0
Q96D53,A282Y,0.3358,benign,ADCK4,282.0
Q96D53,W283A,0.1876,benign,ADCK4,283.0
Q96D53,W283C,0.478,ambiguous,ADCK4,283.0
Q96D53,W283D,0.451,ambiguous,ADCK4,283.0
Q96D53,W283E,0.3544,ambiguous,ADCK4,283.0
Q96D53,W283F,0.3312,benign,ADCK4,283.0
Q96D53,W283G,0.139,benign,ADCK4,283.0
Q96D53,W283H,0.4787,ambiguous,ADCK4,283.0
Q96D53,W283I,0.5742,pathogenic,ADCK4,283.0
Q96D53,W283K,0.4248,ambiguous,ADCK4,283.0
Q96D53,W283L,0.1822,benign,ADCK4,283.0
Q96D53,W283M,0.3961,ambiguous,ADCK4,283.0
Q96D53,W283N,0.5403,ambiguous,ADCK4,283.0
Q96D53,W283P,0.9258,pathogenic,ADCK4,283.0
Q96D53,W283Q,0.2925,benign,ADCK4,283.0
Q96D53,W283R,0.2713,benign,ADCK4,283.0
Q96D53,W283S,0.1767,benign,ADCK4,283.0
Q96D53,W283T,0.314,benign,ADCK4,283.0
Q96D53,W283V,0.3711,ambiguous,ADCK4,283.0
Q96D53,W283Y,0.4913,ambiguous,ADCK4,283.0
Q96D53,E284A,0.9088,pathogenic,ADCK4,284.0
Q96D53,E284C,0.9867,pathogenic,ADCK4,284.0
Q96D53,E284D,0.9682,pathogenic,ADCK4,284.0
Q96D53,E284F,0.9981,pathogenic,ADCK4,284.0
Q96D53,E284G,0.929,pathogenic,ADCK4,284.0
Q96D53,E284H,0.9851,pathogenic,ADCK4,284.0
Q96D53,E284I,0.9811,pathogenic,ADCK4,284.0
Q96D53,E284K,0.9583,pathogenic,ADCK4,284.0
Q96D53,E284L,0.9839,pathogenic,ADCK4,284.0
Q96D53,E284M,0.9862,pathogenic,ADCK4,284.0
Q96D53,E284N,0.9862,pathogenic,ADCK4,284.0
Q96D53,E284P,0.9968,pathogenic,ADCK4,284.0
Q96D53,E284Q,0.883,pathogenic,ADCK4,284.0
Q96D53,E284R,0.9629,pathogenic,ADCK4,284.0
Q96D53,E284S,0.9587,pathogenic,ADCK4,284.0
Q96D53,E284T,0.9766,pathogenic,ADCK4,284.0
Q96D53,E284V,0.9464,pathogenic,ADCK4,284.0
Q96D53,E284W,0.9988,pathogenic,ADCK4,284.0
Q96D53,E284Y,0.9947,pathogenic,ADCK4,284.0
Q96D53,C285A,0.6315,pathogenic,ADCK4,285.0
Q96D53,C285D,0.9749,pathogenic,ADCK4,285.0
Q96D53,C285E,0.9794,pathogenic,ADCK4,285.0
Q96D53,C285F,0.8699,pathogenic,ADCK4,285.0
Q96D53,C285G,0.3519,ambiguous,ADCK4,285.0
Q96D53,C285H,0.9656,pathogenic,ADCK4,285.0
Q96D53,C285I,0.8159,pathogenic,ADCK4,285.0
Q96D53,C285K,0.9802,pathogenic,ADCK4,285.0
Q96D53,C285L,0.7643,pathogenic,ADCK4,285.0
Q96D53,C285M,0.8651,pathogenic,ADCK4,285.0
Q96D53,C285N,0.9096,pathogenic,ADCK4,285.0
Q96D53,C285P,0.992,pathogenic,ADCK4,285.0
Q96D53,C285Q,0.9534,pathogenic,ADCK4,285.0
Q96D53,C285R,0.866,pathogenic,ADCK4,285.0
Q96D53,C285S,0.6325,pathogenic,ADCK4,285.0
Q96D53,C285T,0.5232,ambiguous,ADCK4,285.0
Q96D53,C285V,0.5333,ambiguous,ADCK4,285.0
Q96D53,C285W,0.9421,pathogenic,ADCK4,285.0
Q96D53,C285Y,0.9078,pathogenic,ADCK4,285.0
Q96D53,D286A,0.6015,pathogenic,ADCK4,286.0
Q96D53,D286C,0.8694,pathogenic,ADCK4,286.0
Q96D53,D286E,0.7356,pathogenic,ADCK4,286.0
Q96D53,D286F,0.959,pathogenic,ADCK4,286.0
Q96D53,D286G,0.7951,pathogenic,ADCK4,286.0
Q96D53,D286H,0.6177,pathogenic,ADCK4,286.0
Q96D53,D286I,0.9039,pathogenic,ADCK4,286.0
Q96D53,D286K,0.9121,pathogenic,ADCK4,286.0
Q96D53,D286L,0.8858,pathogenic,ADCK4,286.0
Q96D53,D286M,0.9667,pathogenic,ADCK4,286.0
Q96D53,D286N,0.1378,benign,ADCK4,286.0
Q96D53,D286P,0.9773,pathogenic,ADCK4,286.0
Q96D53,D286Q,0.7782,pathogenic,ADCK4,286.0
Q96D53,D286R,0.7918,pathogenic,ADCK4,286.0
Q96D53,D286S,0.37,ambiguous,ADCK4,286.0
Q96D53,D286T,0.859,pathogenic,ADCK4,286.0
Q96D53,D286V,0.7831,pathogenic,ADCK4,286.0
Q96D53,D286W,0.9902,pathogenic,ADCK4,286.0
Q96D53,D286Y,0.6728,pathogenic,ADCK4,286.0
Q96D53,Y287A,0.9739,pathogenic,ADCK4,287.0
Q96D53,Y287C,0.8379,pathogenic,ADCK4,287.0
Q96D53,Y287D,0.9212,pathogenic,ADCK4,287.0
Q96D53,Y287E,0.9917,pathogenic,ADCK4,287.0
Q96D53,Y287F,0.3637,ambiguous,ADCK4,287.0
Q96D53,Y287G,0.8945,pathogenic,ADCK4,287.0
Q96D53,Y287H,0.9596,pathogenic,ADCK4,287.0
Q96D53,Y287I,0.9659,pathogenic,ADCK4,287.0
Q96D53,Y287K,0.9901,pathogenic,ADCK4,287.0
Q96D53,Y287L,0.7689,pathogenic,ADCK4,287.0
Q96D53,Y287M,0.9621,pathogenic,ADCK4,287.0
Q96D53,Y287N,0.8513,pathogenic,ADCK4,287.0
Q96D53,Y287P,0.9708,pathogenic,ADCK4,287.0
Q96D53,Y287Q,0.9893,pathogenic,ADCK4,287.0
Q96D53,Y287R,0.9744,pathogenic,ADCK4,287.0
Q96D53,Y287S,0.855,pathogenic,ADCK4,287.0
Q96D53,Y287T,0.9608,pathogenic,ADCK4,287.0
Q96D53,Y287V,0.9265,pathogenic,ADCK4,287.0
Q96D53,Y287W,0.8967,pathogenic,ADCK4,287.0
Q96D53,R288A,0.15,benign,ADCK4,288.0
Q96D53,R288C,0.0963,benign,ADCK4,288.0
Q96D53,R288D,0.3673,ambiguous,ADCK4,288.0
Q96D53,R288E,0.147,benign,ADCK4,288.0
Q96D53,R288F,0.3012,benign,ADCK4,288.0
Q96D53,R288G,0.0998,benign,ADCK4,288.0
Q96D53,R288H,0.0824,benign,ADCK4,288.0
Q96D53,R288I,0.1495,benign,ADCK4,288.0
Q96D53,R288K,0.1019,benign,ADCK4,288.0
Q96D53,R288L,0.0903,benign,ADCK4,288.0
Q96D53,R288M,0.1905,benign,ADCK4,288.0
Q96D53,R288N,0.3131,benign,ADCK4,288.0
Q96D53,R288P,0.3498,ambiguous,ADCK4,288.0
Q96D53,R288Q,0.0659,benign,ADCK4,288.0
Q96D53,R288S,0.1875,benign,ADCK4,288.0
Q96D53,R288T,0.1228,benign,ADCK4,288.0
Q96D53,R288V,0.1577,benign,ADCK4,288.0
Q96D53,R288W,0.1203,benign,ADCK4,288.0
Q96D53,R288Y,0.231,benign,ADCK4,288.0
Q96D53,R289A,0.8403,pathogenic,ADCK4,289.0
Q96D53,R289C,0.4524,ambiguous,ADCK4,289.0
Q96D53,R289D,0.9453,pathogenic,ADCK4,289.0
Q96D53,R289E,0.6752,pathogenic,ADCK4,289.0
Q96D53,R289F,0.9023,pathogenic,ADCK4,289.0
Q96D53,R289G,0.6326,pathogenic,ADCK4,289.0
Q96D53,R289H,0.2432,benign,ADCK4,289.0
Q96D53,R289I,0.7929,pathogenic,ADCK4,289.0
Q96D53,R289K,0.3285,benign,ADCK4,289.0
Q96D53,R289L,0.548,ambiguous,ADCK4,289.0
Q96D53,R289M,0.7636,pathogenic,ADCK4,289.0
Q96D53,R289N,0.8996,pathogenic,ADCK4,289.0
Q96D53,R289P,0.9588,pathogenic,ADCK4,289.0
Q96D53,R289Q,0.1762,benign,ADCK4,289.0
Q96D53,R289S,0.8916,pathogenic,ADCK4,289.0
Q96D53,R289T,0.795,pathogenic,ADCK4,289.0
Q96D53,R289V,0.826,pathogenic,ADCK4,289.0
Q96D53,R289W,0.2657,benign,ADCK4,289.0
Q96D53,R289Y,0.7383,pathogenic,ADCK4,289.0
Q96D53,E290A,0.9309,pathogenic,ADCK4,290.0
Q96D53,E290C,0.9952,pathogenic,ADCK4,290.0
Q96D53,E290D,0.9835,pathogenic,ADCK4,290.0
Q96D53,E290F,0.9993,pathogenic,ADCK4,290.0
Q96D53,E290G,0.9313,pathogenic,ADCK4,290.0
Q96D53,E290H,0.9948,pathogenic,ADCK4,290.0
Q96D53,E290I,0.9933,pathogenic,ADCK4,290.0
Q96D53,E290K,0.9404,pathogenic,ADCK4,290.0
Q96D53,E290L,0.9893,pathogenic,ADCK4,290.0
Q96D53,E290M,0.992,pathogenic,ADCK4,290.0
Q96D53,E290N,0.9957,pathogenic,ADCK4,290.0
Q96D53,E290P,0.9974,pathogenic,ADCK4,290.0
Q96D53,E290Q,0.9243,pathogenic,ADCK4,290.0
Q96D53,E290R,0.9679,pathogenic,ADCK4,290.0
Q96D53,E290S,0.9806,pathogenic,ADCK4,290.0
Q96D53,E290T,0.9872,pathogenic,ADCK4,290.0
Q96D53,E290V,0.9733,pathogenic,ADCK4,290.0
Q96D53,E290W,0.9995,pathogenic,ADCK4,290.0
Q96D53,E290Y,0.9984,pathogenic,ADCK4,290.0
Q96D53,A291C,0.7543,pathogenic,ADCK4,291.0
Q96D53,A291D,0.7067,pathogenic,ADCK4,291.0
Q96D53,A291E,0.4152,ambiguous,ADCK4,291.0
Q96D53,A291F,0.6093,pathogenic,ADCK4,291.0
Q96D53,A291G,0.1466,benign,ADCK4,291.0
Q96D53,A291H,0.8091,pathogenic,ADCK4,291.0
Q96D53,A291I,0.5835,pathogenic,ADCK4,291.0
Q96D53,A291K,0.7464,pathogenic,ADCK4,291.0
Q96D53,A291L,0.3327,benign,ADCK4,291.0
Q96D53,A291M,0.325,benign,ADCK4,291.0
Q96D53,A291N,0.662,pathogenic,ADCK4,291.0
Q96D53,A291P,0.9833,pathogenic,ADCK4,291.0
Q96D53,A291Q,0.5313,ambiguous,ADCK4,291.0
Q96D53,A291R,0.62,pathogenic,ADCK4,291.0
Q96D53,A291S,0.1633,benign,ADCK4,291.0
Q96D53,A291T,0.2638,benign,ADCK4,291.0
Q96D53,A291V,0.2537,benign,ADCK4,291.0
Q96D53,A291W,0.8946,pathogenic,ADCK4,291.0
Q96D53,A291Y,0.7327,pathogenic,ADCK4,291.0
Q96D53,A292C,0.3054,benign,ADCK4,292.0
Q96D53,A292D,0.1242,benign,ADCK4,292.0
Q96D53,A292E,0.1219,benign,ADCK4,292.0
Q96D53,A292F,0.2039,benign,ADCK4,292.0
Q96D53,A292G,0.123,benign,ADCK4,292.0
Q96D53,A292H,0.2062,benign,ADCK4,292.0
Q96D53,A292I,0.1434,benign,ADCK4,292.0
Q96D53,A292K,0.218,benign,ADCK4,292.0
Q96D53,A292L,0.1141,benign,ADCK4,292.0
Q96D53,A292M,0.1575,benign,ADCK4,292.0
Q96D53,A292N,0.1549,benign,ADCK4,292.0
Q96D53,A292P,0.7279,pathogenic,ADCK4,292.0
Q96D53,A292Q,0.1389,benign,ADCK4,292.0
Q96D53,A292R,0.1459,benign,ADCK4,292.0
Q96D53,A292S,0.0883,benign,ADCK4,292.0
Q96D53,A292T,0.0731,benign,ADCK4,292.0
Q96D53,A292V,0.0866,benign,ADCK4,292.0
Q96D53,A292W,0.4586,ambiguous,ADCK4,292.0
Q96D53,A292Y,0.2825,benign,ADCK4,292.0
Q96D53,C293A,0.3961,ambiguous,ADCK4,293.0
Q96D53,C293D,0.9001,pathogenic,ADCK4,293.0
Q96D53,C293E,0.9209,pathogenic,ADCK4,293.0
Q96D53,C293F,0.3137,benign,ADCK4,293.0
Q96D53,C293G,0.2371,benign,ADCK4,293.0
Q96D53,C293H,0.5123,ambiguous,ADCK4,293.0
Q96D53,C293I,0.8838,pathogenic,ADCK4,293.0
Q96D53,C293K,0.9093,pathogenic,ADCK4,293.0
Q96D53,C293L,0.7191,pathogenic,ADCK4,293.0
Q96D53,C293M,0.7847,pathogenic,ADCK4,293.0
Q96D53,C293N,0.573,pathogenic,ADCK4,293.0
Q96D53,C293P,0.9921,pathogenic,ADCK4,293.0
Q96D53,C293Q,0.6597,pathogenic,ADCK4,293.0
Q96D53,C293R,0.512,ambiguous,ADCK4,293.0
Q96D53,C293S,0.2594,benign,ADCK4,293.0
Q96D53,C293T,0.6963,pathogenic,ADCK4,293.0
Q96D53,C293V,0.7472,pathogenic,ADCK4,293.0
Q96D53,C293W,0.632,pathogenic,ADCK4,293.0
Q96D53,C293Y,0.4234,ambiguous,ADCK4,293.0
Q96D53,A294C,0.3657,ambiguous,ADCK4,294.0
Q96D53,A294D,0.879,pathogenic,ADCK4,294.0
Q96D53,A294E,0.7297,pathogenic,ADCK4,294.0
Q96D53,A294F,0.543,ambiguous,ADCK4,294.0
Q96D53,A294G,0.1594,benign,ADCK4,294.0
Q96D53,A294H,0.8131,pathogenic,ADCK4,294.0
Q96D53,A294I,0.2937,benign,ADCK4,294.0
Q96D53,A294K,0.9042,pathogenic,ADCK4,294.0
Q96D53,A294L,0.1919,benign,ADCK4,294.0
Q96D53,A294M,0.2404,benign,ADCK4,294.0
Q96D53,A294N,0.6485,pathogenic,ADCK4,294.0
Q96D53,A294P,0.9448,pathogenic,ADCK4,294.0
Q96D53,A294Q,0.6182,pathogenic,ADCK4,294.0
Q96D53,A294R,0.8008,pathogenic,ADCK4,294.0
Q96D53,A294S,0.1214,benign,ADCK4,294.0
Q96D53,A294T,0.1043,benign,ADCK4,294.0
Q96D53,A294V,0.1612,benign,ADCK4,294.0
Q96D53,A294W,0.9026,pathogenic,ADCK4,294.0
Q96D53,A294Y,0.7617,pathogenic,ADCK4,294.0
Q96D53,Q295A,0.1344,benign,ADCK4,295.0
Q96D53,Q295C,0.3604,ambiguous,ADCK4,295.0
Q96D53,Q295D,0.2687,benign,ADCK4,295.0
Q96D53,Q295E,0.0699,benign,ADCK4,295.0
Q96D53,Q295F,0.5392,ambiguous,ADCK4,295.0
Q96D53,Q295G,0.136,benign,ADCK4,295.0
Q96D53,Q295H,0.1577,benign,ADCK4,295.0
Q96D53,Q295I,0.329,benign,ADCK4,295.0
Q96D53,Q295K,0.0879,benign,ADCK4,295.0
Q96D53,Q295L,0.1014,benign,ADCK4,295.0
Q96D53,Q295M,0.2928,benign,ADCK4,295.0
Q96D53,Q295N,0.2586,benign,ADCK4,295.0
Q96D53,Q295P,0.4051,ambiguous,ADCK4,295.0
Q96D53,Q295R,0.0684,benign,ADCK4,295.0
Q96D53,Q295S,0.1922,benign,ADCK4,295.0
Q96D53,Q295T,0.158,benign,ADCK4,295.0
Q96D53,Q295V,0.1938,benign,ADCK4,295.0
Q96D53,Q295W,0.2651,benign,ADCK4,295.0
Q96D53,Q295Y,0.3389,benign,ADCK4,295.0
Q96D53,N296A,0.1195,benign,ADCK4,296.0
Q96D53,N296C,0.1886,benign,ADCK4,296.0
Q96D53,N296D,0.1466,benign,ADCK4,296.0
Q96D53,N296E,0.2166,benign,ADCK4,296.0
Q96D53,N296F,0.3832,ambiguous,ADCK4,296.0
Q96D53,N296G,0.2032,benign,ADCK4,296.0
Q96D53,N296H,0.0544,benign,ADCK4,296.0
Q96D53,N296I,0.1426,benign,ADCK4,296.0
Q96D53,N296K,0.1,benign,ADCK4,296.0
Q96D53,N296L,0.158,benign,ADCK4,296.0
Q96D53,N296M,0.2377,benign,ADCK4,296.0
Q96D53,N296P,0.7772,pathogenic,ADCK4,296.0
Q96D53,N296Q,0.1362,benign,ADCK4,296.0
Q96D53,N296R,0.0854,benign,ADCK4,296.0
Q96D53,N296S,0.0921,benign,ADCK4,296.0
Q96D53,N296T,0.0884,benign,ADCK4,296.0
Q96D53,N296V,0.1488,benign,ADCK4,296.0
Q96D53,N296W,0.5373,ambiguous,ADCK4,296.0
Q96D53,N296Y,0.1033,benign,ADCK4,296.0
Q96D53,F297A,0.9695,pathogenic,ADCK4,297.0
Q96D53,F297C,0.8808,pathogenic,ADCK4,297.0
Q96D53,F297D,0.9943,pathogenic,ADCK4,297.0
Q96D53,F297E,0.9952,pathogenic,ADCK4,297.0
Q96D53,F297G,0.9818,pathogenic,ADCK4,297.0
Q96D53,F297H,0.9532,pathogenic,ADCK4,297.0
Q96D53,F297I,0.8321,pathogenic,ADCK4,297.0
Q96D53,F297K,0.9933,pathogenic,ADCK4,297.0
Q96D53,F297L,0.9629,pathogenic,ADCK4,297.0
Q96D53,F297M,0.8394,pathogenic,ADCK4,297.0
Q96D53,F297N,0.9811,pathogenic,ADCK4,297.0
Q96D53,F297P,0.9993,pathogenic,ADCK4,297.0
Q96D53,F297Q,0.981,pathogenic,ADCK4,297.0
Q96D53,F297R,0.9783,pathogenic,ADCK4,297.0
Q96D53,F297S,0.9523,pathogenic,ADCK4,297.0
Q96D53,F297T,0.9714,pathogenic,ADCK4,297.0
Q96D53,F297V,0.8009,pathogenic,ADCK4,297.0
Q96D53,F297W,0.8386,pathogenic,ADCK4,297.0
Q96D53,F297Y,0.3451,ambiguous,ADCK4,297.0
Q96D53,R298A,0.305,benign,ADCK4,298.0
Q96D53,R298C,0.1107,benign,ADCK4,298.0
Q96D53,R298D,0.7233,pathogenic,ADCK4,298.0
Q96D53,R298E,0.3444,ambiguous,ADCK4,298.0
Q96D53,R298F,0.5118,ambiguous,ADCK4,298.0
Q96D53,R298G,0.143,benign,ADCK4,298.0
Q96D53,R298H,0.0966,benign,ADCK4,298.0
Q96D53,R298I,0.4666,ambiguous,ADCK4,298.0
Q96D53,R298K,0.1886,benign,ADCK4,298.0
Q96D53,R298L,0.2183,benign,ADCK4,298.0
Q96D53,R298M,0.4469,ambiguous,ADCK4,298.0
Q96D53,R298N,0.6237,pathogenic,ADCK4,298.0
Q96D53,R298P,0.8073,pathogenic,ADCK4,298.0
Q96D53,R298Q,0.0765,benign,ADCK4,298.0
Q96D53,R298S,0.2936,benign,ADCK4,298.0
Q96D53,R298T,0.342,ambiguous,ADCK4,298.0
Q96D53,R298V,0.4794,ambiguous,ADCK4,298.0
Q96D53,R298W,0.1491,benign,ADCK4,298.0
Q96D53,R298Y,0.3391,benign,ADCK4,298.0
Q96D53,Q299A,0.1428,benign,ADCK4,299.0
Q96D53,Q299C,0.3224,benign,ADCK4,299.0
Q96D53,Q299D,0.2087,benign,ADCK4,299.0
Q96D53,Q299E,0.0866,benign,ADCK4,299.0
Q96D53,Q299F,0.4671,ambiguous,ADCK4,299.0
Q96D53,Q299G,0.1429,benign,ADCK4,299.0
Q96D53,Q299H,0.1141,benign,ADCK4,299.0
Q96D53,Q299I,0.3014,benign,ADCK4,299.0
Q96D53,Q299K,0.0867,benign,ADCK4,299.0
Q96D53,Q299L,0.0966,benign,ADCK4,299.0
Q96D53,Q299M,0.2775,benign,ADCK4,299.0
Q96D53,Q299N,0.1856,benign,ADCK4,299.0
Q96D53,Q299P,0.296,benign,ADCK4,299.0
Q96D53,Q299R,0.0726,benign,ADCK4,299.0
Q96D53,Q299S,0.1522,benign,ADCK4,299.0
Q96D53,Q299T,0.141,benign,ADCK4,299.0
Q96D53,Q299V,0.2007,benign,ADCK4,299.0
Q96D53,Q299W,0.2526,benign,ADCK4,299.0
Q96D53,Q299Y,0.2812,benign,ADCK4,299.0
Q96D53,L300A,0.3788,ambiguous,ADCK4,300.0
Q96D53,L300C,0.4158,ambiguous,ADCK4,300.0
Q96D53,L300D,0.8268,pathogenic,ADCK4,300.0
Q96D53,L300E,0.4818,ambiguous,ADCK4,300.0
Q96D53,L300F,0.1601,benign,ADCK4,300.0
Q96D53,L300G,0.6128,pathogenic,ADCK4,300.0
Q96D53,L300H,0.1794,benign,ADCK4,300.0
Q96D53,L300I,0.1853,benign,ADCK4,300.0
Q96D53,L300K,0.2115,benign,ADCK4,300.0
Q96D53,L300M,0.1633,benign,ADCK4,300.0
Q96D53,L300N,0.5797,pathogenic,ADCK4,300.0
Q96D53,L300P,0.8324,pathogenic,ADCK4,300.0
Q96D53,L300Q,0.1384,benign,ADCK4,300.0
Q96D53,L300R,0.0917,benign,ADCK4,300.0
Q96D53,L300S,0.5158,ambiguous,ADCK4,300.0
Q96D53,L300T,0.5119,ambiguous,ADCK4,300.0
Q96D53,L300V,0.1875,benign,ADCK4,300.0
Q96D53,L300W,0.1499,benign,ADCK4,300.0
Q96D53,L300Y,0.2616,benign,ADCK4,300.0
Q96D53,L301A,0.6266,pathogenic,ADCK4,301.0
Q96D53,L301C,0.7818,pathogenic,ADCK4,301.0
Q96D53,L301D,0.987,pathogenic,ADCK4,301.0
Q96D53,L301E,0.9104,pathogenic,ADCK4,301.0
Q96D53,L301F,0.4999,ambiguous,ADCK4,301.0
Q96D53,L301G,0.8958,pathogenic,ADCK4,301.0
Q96D53,L301H,0.8117,pathogenic,ADCK4,301.0
Q96D53,L301I,0.1897,benign,ADCK4,301.0
Q96D53,L301K,0.8845,pathogenic,ADCK4,301.0
Q96D53,L301M,0.26,benign,ADCK4,301.0
Q96D53,L301N,0.9508,pathogenic,ADCK4,301.0
Q96D53,L301P,0.8787,pathogenic,ADCK4,301.0
Q96D53,L301Q,0.6975,pathogenic,ADCK4,301.0
Q96D53,L301R,0.7081,pathogenic,ADCK4,301.0
Q96D53,L301S,0.852,pathogenic,ADCK4,301.0
Q96D53,L301T,0.5791,pathogenic,ADCK4,301.0
Q96D53,L301V,0.1464,benign,ADCK4,301.0
Q96D53,L301W,0.7254,pathogenic,ADCK4,301.0
Q96D53,L301Y,0.9039,pathogenic,ADCK4,301.0
Q96D53,A302C,0.339,benign,ADCK4,302.0
Q96D53,A302D,0.1236,benign,ADCK4,302.0
Q96D53,A302E,0.0983,benign,ADCK4,302.0
Q96D53,A302F,0.3392,benign,ADCK4,302.0
Q96D53,A302G,0.0922,benign,ADCK4,302.0
Q96D53,A302H,0.2371,benign,ADCK4,302.0
Q96D53,A302I,0.2018,benign,ADCK4,302.0
Q96D53,A302K,0.1706,benign,ADCK4,302.0
Q96D53,A302L,0.146,benign,ADCK4,302.0
Q96D53,A302M,0.1991,benign,ADCK4,302.0
Q96D53,A302N,0.1867,benign,ADCK4,302.0
Q96D53,A302P,0.2841,benign,ADCK4,302.0
Q96D53,A302Q,0.1342,benign,ADCK4,302.0
Q96D53,A302R,0.1395,benign,ADCK4,302.0
Q96D53,A302S,0.0918,benign,ADCK4,302.0
Q96D53,A302T,0.0822,benign,ADCK4,302.0
Q96D53,A302V,0.0981,benign,ADCK4,302.0
Q96D53,A302W,0.4605,ambiguous,ADCK4,302.0
Q96D53,A302Y,0.3739,ambiguous,ADCK4,302.0
Q96D53,N303A,0.0763,benign,ADCK4,303.0
Q96D53,N303C,0.1602,benign,ADCK4,303.0
Q96D53,N303D,0.0473,benign,ADCK4,303.0
Q96D53,N303E,0.1087,benign,ADCK4,303.0
Q96D53,N303F,0.4476,ambiguous,ADCK4,303.0
Q96D53,N303G,0.0688,benign,ADCK4,303.0
Q96D53,N303H,0.0781,benign,ADCK4,303.0
Q96D53,N303I,0.222,benign,ADCK4,303.0
Q96D53,N303K,0.1161,benign,ADCK4,303.0
Q96D53,N303L,0.1864,benign,ADCK4,303.0
Q96D53,N303M,0.2856,benign,ADCK4,303.0
Q96D53,N303P,0.2126,benign,ADCK4,303.0
Q96D53,N303Q,0.1221,benign,ADCK4,303.0
Q96D53,N303R,0.1135,benign,ADCK4,303.0
Q96D53,N303S,0.0575,benign,ADCK4,303.0
Q96D53,N303T,0.0858,benign,ADCK4,303.0
Q96D53,N303V,0.1538,benign,ADCK4,303.0
Q96D53,N303W,0.485,ambiguous,ADCK4,303.0
Q96D53,N303Y,0.1545,benign,ADCK4,303.0
Q96D53,D304A,0.3335,benign,ADCK4,304.0
Q96D53,D304C,0.6367,pathogenic,ADCK4,304.0
Q96D53,D304E,0.3454,ambiguous,ADCK4,304.0
Q96D53,D304F,0.7376,pathogenic,ADCK4,304.0
Q96D53,D304G,0.5787,pathogenic,ADCK4,304.0
Q96D53,D304H,0.2022,benign,ADCK4,304.0
Q96D53,D304I,0.6195,pathogenic,ADCK4,304.0
Q96D53,D304K,0.7363,pathogenic,ADCK4,304.0
Q96D53,D304L,0.5916,pathogenic,ADCK4,304.0
Q96D53,D304M,0.8114,pathogenic,ADCK4,304.0
Q96D53,D304N,0.1696,benign,ADCK4,304.0
Q96D53,D304P,0.8861,pathogenic,ADCK4,304.0
Q96D53,D304Q,0.5032,ambiguous,ADCK4,304.0
Q96D53,D304R,0.6439,pathogenic,ADCK4,304.0
Q96D53,D304S,0.2011,benign,ADCK4,304.0
Q96D53,D304T,0.4671,ambiguous,ADCK4,304.0
Q96D53,D304V,0.4142,ambiguous,ADCK4,304.0
Q96D53,D304W,0.9175,pathogenic,ADCK4,304.0
Q96D53,D304Y,0.2594,benign,ADCK4,304.0
Q96D53,P305A,0.0766,benign,ADCK4,305.0
Q96D53,P305C,0.3489,ambiguous,ADCK4,305.0
Q96D53,P305D,0.2078,benign,ADCK4,305.0
Q96D53,P305E,0.1839,benign,ADCK4,305.0
Q96D53,P305F,0.4971,ambiguous,ADCK4,305.0
Q96D53,P305G,0.1961,benign,ADCK4,305.0
Q96D53,P305H,0.137,benign,ADCK4,305.0
Q96D53,P305I,0.3127,benign,ADCK4,305.0
Q96D53,P305K,0.2065,benign,ADCK4,305.0
Q96D53,P305L,0.1491,benign,ADCK4,305.0
Q96D53,P305M,0.3634,ambiguous,ADCK4,305.0
Q96D53,P305N,0.2427,benign,ADCK4,305.0
Q96D53,P305Q,0.137,benign,ADCK4,305.0
Q96D53,P305R,0.0944,benign,ADCK4,305.0
Q96D53,P305S,0.095,benign,ADCK4,305.0
Q96D53,P305T,0.09,benign,ADCK4,305.0
Q96D53,P305V,0.1958,benign,ADCK4,305.0
Q96D53,P305W,0.5009,ambiguous,ADCK4,305.0
Q96D53,P305Y,0.4101,ambiguous,ADCK4,305.0
Q96D53,F306A,0.4474,ambiguous,ADCK4,306.0
Q96D53,F306C,0.2705,benign,ADCK4,306.0
Q96D53,F306D,0.7578,pathogenic,ADCK4,306.0
Q96D53,F306E,0.8355,pathogenic,ADCK4,306.0
Q96D53,F306G,0.7126,pathogenic,ADCK4,306.0
Q96D53,F306H,0.5554,ambiguous,ADCK4,306.0
Q96D53,F306I,0.2591,benign,ADCK4,306.0
Q96D53,F306K,0.8527,pathogenic,ADCK4,306.0
Q96D53,F306L,0.841,pathogenic,ADCK4,306.0
Q96D53,F306M,0.656,pathogenic,ADCK4,306.0
Q96D53,F306N,0.6632,pathogenic,ADCK4,306.0
Q96D53,F306P,0.9537,pathogenic,ADCK4,306.0
Q96D53,F306Q,0.7451,pathogenic,ADCK4,306.0
Q96D53,F306R,0.6187,pathogenic,ADCK4,306.0
Q96D53,F306S,0.3748,ambiguous,ADCK4,306.0
Q96D53,F306T,0.5587,ambiguous,ADCK4,306.0
Q96D53,F306V,0.193,benign,ADCK4,306.0
Q96D53,F306W,0.4862,ambiguous,ADCK4,306.0
Q96D53,F306Y,0.1589,benign,ADCK4,306.0
Q96D53,F307A,0.9635,pathogenic,ADCK4,307.0
Q96D53,F307C,0.7987,pathogenic,ADCK4,307.0
Q96D53,F307D,0.9948,pathogenic,ADCK4,307.0
Q96D53,F307E,0.9946,pathogenic,ADCK4,307.0
Q96D53,F307G,0.9762,pathogenic,ADCK4,307.0
Q96D53,F307H,0.9315,pathogenic,ADCK4,307.0
Q96D53,F307I,0.706,pathogenic,ADCK4,307.0
Q96D53,F307K,0.992,pathogenic,ADCK4,307.0
Q96D53,F307L,0.9175,pathogenic,ADCK4,307.0
Q96D53,F307M,0.9286,pathogenic,ADCK4,307.0
Q96D53,F307N,0.986,pathogenic,ADCK4,307.0
Q96D53,F307P,0.9928,pathogenic,ADCK4,307.0
Q96D53,F307Q,0.9801,pathogenic,ADCK4,307.0
Q96D53,F307R,0.9598,pathogenic,ADCK4,307.0
Q96D53,F307S,0.9485,pathogenic,ADCK4,307.0
Q96D53,F307T,0.9699,pathogenic,ADCK4,307.0
Q96D53,F307V,0.6661,pathogenic,ADCK4,307.0
Q96D53,F307W,0.7573,pathogenic,ADCK4,307.0
Q96D53,F307Y,0.414,ambiguous,ADCK4,307.0
Q96D53,R308A,0.218,benign,ADCK4,308.0
Q96D53,R308C,0.0992,benign,ADCK4,308.0
Q96D53,R308D,0.4302,ambiguous,ADCK4,308.0
Q96D53,R308E,0.228,benign,ADCK4,308.0
Q96D53,R308F,0.36,ambiguous,ADCK4,308.0
Q96D53,R308G,0.1599,benign,ADCK4,308.0
Q96D53,R308H,0.0738,benign,ADCK4,308.0
Q96D53,R308I,0.2137,benign,ADCK4,308.0
Q96D53,R308K,0.1216,benign,ADCK4,308.0
Q96D53,R308L,0.1407,benign,ADCK4,308.0
Q96D53,R308M,0.2678,benign,ADCK4,308.0
Q96D53,R308N,0.3891,ambiguous,ADCK4,308.0
Q96D53,R308P,0.7117,pathogenic,ADCK4,308.0
Q96D53,R308Q,0.0807,benign,ADCK4,308.0
Q96D53,R308S,0.2205,benign,ADCK4,308.0
Q96D53,R308T,0.1449,benign,ADCK4,308.0
Q96D53,R308V,0.2149,benign,ADCK4,308.0
Q96D53,R308W,0.1159,benign,ADCK4,308.0
Q96D53,R308Y,0.2391,benign,ADCK4,308.0
Q96D53,V309A,0.6573,pathogenic,ADCK4,309.0
Q96D53,V309C,0.9408,pathogenic,ADCK4,309.0
Q96D53,V309D,0.9828,pathogenic,ADCK4,309.0
Q96D53,V309E,0.9495,pathogenic,ADCK4,309.0
Q96D53,V309F,0.8404,pathogenic,ADCK4,309.0
Q96D53,V309G,0.7501,pathogenic,ADCK4,309.0
Q96D53,V309H,0.9862,pathogenic,ADCK4,309.0
Q96D53,V309I,0.1233,benign,ADCK4,309.0
Q96D53,V309K,0.9741,pathogenic,ADCK4,309.0
Q96D53,V309L,0.6716,pathogenic,ADCK4,309.0
Q96D53,V309M,0.6931,pathogenic,ADCK4,309.0
Q96D53,V309N,0.9491,pathogenic,ADCK4,309.0
Q96D53,V309P,0.9247,pathogenic,ADCK4,309.0
Q96D53,V309Q,0.9483,pathogenic,ADCK4,309.0
Q96D53,V309R,0.9521,pathogenic,ADCK4,309.0
Q96D53,V309S,0.7851,pathogenic,ADCK4,309.0
Q96D53,V309T,0.7192,pathogenic,ADCK4,309.0
Q96D53,V309W,0.9941,pathogenic,ADCK4,309.0
Q96D53,V309Y,0.9762,pathogenic,ADCK4,309.0
Q96D53,P310A,0.6302,pathogenic,ADCK4,310.0
Q96D53,P310C,0.9663,pathogenic,ADCK4,310.0
Q96D53,P310D,0.9915,pathogenic,ADCK4,310.0
Q96D53,P310E,0.9734,pathogenic,ADCK4,310.0
Q96D53,P310F,0.9911,pathogenic,ADCK4,310.0
Q96D53,P310G,0.9375,pathogenic,ADCK4,310.0
Q96D53,P310H,0.9519,pathogenic,ADCK4,310.0
Q96D53,P310I,0.9719,pathogenic,ADCK4,310.0
Q96D53,P310K,0.9837,pathogenic,ADCK4,310.0
Q96D53,P310L,0.7347,pathogenic,ADCK4,310.0
Q96D53,P310M,0.9654,pathogenic,ADCK4,310.0
Q96D53,P310N,0.9868,pathogenic,ADCK4,310.0
Q96D53,P310Q,0.9346,pathogenic,ADCK4,310.0
Q96D53,P310R,0.9317,pathogenic,ADCK4,310.0
Q96D53,P310S,0.862,pathogenic,ADCK4,310.0
Q96D53,P310T,0.8227,pathogenic,ADCK4,310.0
Q96D53,P310V,0.9124,pathogenic,ADCK4,310.0
Q96D53,P310W,0.9925,pathogenic,ADCK4,310.0
Q96D53,P310Y,0.9918,pathogenic,ADCK4,310.0
Q96D53,A311C,0.3368,benign,ADCK4,311.0
Q96D53,A311D,0.1231,benign,ADCK4,311.0
Q96D53,A311E,0.1048,benign,ADCK4,311.0
Q96D53,A311F,0.2436,benign,ADCK4,311.0
Q96D53,A311G,0.1143,benign,ADCK4,311.0
Q96D53,A311H,0.23,benign,ADCK4,311.0
Q96D53,A311I,0.1709,benign,ADCK4,311.0
Q96D53,A311K,0.1775,benign,ADCK4,311.0
Q96D53,A311L,0.1168,benign,ADCK4,311.0
Q96D53,A311M,0.1532,benign,ADCK4,311.0
Q96D53,A311N,0.1821,benign,ADCK4,311.0
Q96D53,A311P,0.1733,benign,ADCK4,311.0
Q96D53,A311Q,0.1487,benign,ADCK4,311.0
Q96D53,A311R,0.1356,benign,ADCK4,311.0
Q96D53,A311S,0.0901,benign,ADCK4,311.0
Q96D53,A311T,0.0727,benign,ADCK4,311.0
Q96D53,A311V,0.0838,benign,ADCK4,311.0
Q96D53,A311W,0.4413,ambiguous,ADCK4,311.0
Q96D53,A311Y,0.3149,benign,ADCK4,311.0
Q96D53,V312A,0.2278,benign,ADCK4,312.0
Q96D53,V312C,0.861,pathogenic,ADCK4,312.0
Q96D53,V312D,0.7901,pathogenic,ADCK4,312.0
Q96D53,V312E,0.6223,pathogenic,ADCK4,312.0
Q96D53,V312F,0.3702,ambiguous,ADCK4,312.0
Q96D53,V312G,0.4102,ambiguous,ADCK4,312.0
Q96D53,V312H,0.8878,pathogenic,ADCK4,312.0
Q96D53,V312I,0.0894,benign,ADCK4,312.0
Q96D53,V312K,0.8063,pathogenic,ADCK4,312.0
Q96D53,V312L,0.2701,benign,ADCK4,312.0
Q96D53,V312M,0.1992,benign,ADCK4,312.0
Q96D53,V312N,0.6927,pathogenic,ADCK4,312.0
Q96D53,V312P,0.4174,ambiguous,ADCK4,312.0
Q96D53,V312Q,0.7011,pathogenic,ADCK4,312.0
Q96D53,V312R,0.7182,pathogenic,ADCK4,312.0
Q96D53,V312S,0.4373,ambiguous,ADCK4,312.0
Q96D53,V312T,0.288,benign,ADCK4,312.0
Q96D53,V312W,0.9074,pathogenic,ADCK4,312.0
Q96D53,V312Y,0.848,pathogenic,ADCK4,312.0
Q96D53,V313A,0.2809,benign,ADCK4,313.0
Q96D53,V313C,0.559,ambiguous,ADCK4,313.0
Q96D53,V313D,0.4435,ambiguous,ADCK4,313.0
Q96D53,V313E,0.3294,benign,ADCK4,313.0
Q96D53,V313F,0.1191,benign,ADCK4,313.0
Q96D53,V313G,0.3241,benign,ADCK4,313.0
Q96D53,V313H,0.3984,ambiguous,ADCK4,313.0
Q96D53,V313I,0.0686,benign,ADCK4,313.0
Q96D53,V313K,0.3781,ambiguous,ADCK4,313.0
Q96D53,V313L,0.119,benign,ADCK4,313.0
Q96D53,V313M,0.1259,benign,ADCK4,313.0
Q96D53,V313N,0.3329,benign,ADCK4,313.0
Q96D53,V313P,0.6406,pathogenic,ADCK4,313.0
Q96D53,V313Q,0.303,benign,ADCK4,313.0
Q96D53,V313R,0.2458,benign,ADCK4,313.0
Q96D53,V313S,0.3047,benign,ADCK4,313.0
Q96D53,V313T,0.3558,ambiguous,ADCK4,313.0
Q96D53,V313W,0.4789,ambiguous,ADCK4,313.0
Q96D53,V313Y,0.3733,ambiguous,ADCK4,313.0
Q96D53,K314A,0.1089,benign,ADCK4,314.0
Q96D53,K314C,0.4608,ambiguous,ADCK4,314.0
Q96D53,K314D,0.1217,benign,ADCK4,314.0
Q96D53,K314E,0.0516,benign,ADCK4,314.0
Q96D53,K314F,0.6711,pathogenic,ADCK4,314.0
Q96D53,K314G,0.1124,benign,ADCK4,314.0
Q96D53,K314H,0.1692,benign,ADCK4,314.0
Q96D53,K314I,0.3673,ambiguous,ADCK4,314.0
Q96D53,K314L,0.2209,benign,ADCK4,314.0
Q96D53,K314M,0.1884,benign,ADCK4,314.0
Q96D53,K314N,0.1494,benign,ADCK4,314.0
Q96D53,K314P,0.1073,benign,ADCK4,314.0
Q96D53,K314Q,0.0724,benign,ADCK4,314.0
Q96D53,K314R,0.0692,benign,ADCK4,314.0
Q96D53,K314S,0.1182,benign,ADCK4,314.0
Q96D53,K314T,0.0896,benign,ADCK4,314.0
Q96D53,K314V,0.2418,benign,ADCK4,314.0
Q96D53,K314W,0.4623,ambiguous,ADCK4,314.0
Q96D53,K314Y,0.4437,ambiguous,ADCK4,314.0
Q96D53,E315A,0.0908,benign,ADCK4,315.0
Q96D53,E315C,0.6495,pathogenic,ADCK4,315.0
Q96D53,E315D,0.0819,benign,ADCK4,315.0
Q96D53,E315F,0.6335,pathogenic,ADCK4,315.0
Q96D53,E315G,0.0943,benign,ADCK4,315.0
Q96D53,E315H,0.2535,benign,ADCK4,315.0
Q96D53,E315I,0.3631,ambiguous,ADCK4,315.0
Q96D53,E315K,0.1466,benign,ADCK4,315.0
Q96D53,E315L,0.3363,benign,ADCK4,315.0
Q96D53,E315M,0.4128,ambiguous,ADCK4,315.0
Q96D53,E315N,0.1785,benign,ADCK4,315.0
Q96D53,E315P,0.2638,benign,ADCK4,315.0
Q96D53,E315Q,0.1106,benign,ADCK4,315.0
Q96D53,E315R,0.1868,benign,ADCK4,315.0
Q96D53,E315S,0.1186,benign,ADCK4,315.0
Q96D53,E315T,0.1563,benign,ADCK4,315.0
Q96D53,E315V,0.1886,benign,ADCK4,315.0
Q96D53,E315W,0.6883,pathogenic,ADCK4,315.0
Q96D53,E315Y,0.4307,ambiguous,ADCK4,315.0
Q96D53,L316A,0.6515,pathogenic,ADCK4,316.0
Q96D53,L316C,0.7174,pathogenic,ADCK4,316.0
Q96D53,L316D,0.939,pathogenic,ADCK4,316.0
Q96D53,L316E,0.8729,pathogenic,ADCK4,316.0
Q96D53,L316F,0.1683,benign,ADCK4,316.0
Q96D53,L316G,0.7975,pathogenic,ADCK4,316.0
Q96D53,L316H,0.6805,pathogenic,ADCK4,316.0
Q96D53,L316I,0.1598,benign,ADCK4,316.0
Q96D53,L316K,0.8609,pathogenic,ADCK4,316.0
Q96D53,L316M,0.1862,benign,ADCK4,316.0
Q96D53,L316N,0.8159,pathogenic,ADCK4,316.0
Q96D53,L316P,0.8181,pathogenic,ADCK4,316.0
Q96D53,L316Q,0.7063,pathogenic,ADCK4,316.0
Q96D53,L316R,0.6964,pathogenic,ADCK4,316.0
Q96D53,L316S,0.7995,pathogenic,ADCK4,316.0
Q96D53,L316T,0.6723,pathogenic,ADCK4,316.0
Q96D53,L316V,0.1899,benign,ADCK4,316.0
Q96D53,L316W,0.3074,benign,ADCK4,316.0
Q96D53,L316Y,0.5257,ambiguous,ADCK4,316.0
Q96D53,C317A,0.2702,benign,ADCK4,317.0
Q96D53,C317D,0.7093,pathogenic,ADCK4,317.0
Q96D53,C317E,0.8225,pathogenic,ADCK4,317.0
Q96D53,C317F,0.4956,ambiguous,ADCK4,317.0
Q96D53,C317G,0.1161,benign,ADCK4,317.0
Q96D53,C317H,0.6449,pathogenic,ADCK4,317.0
Q96D53,C317I,0.6258,pathogenic,ADCK4,317.0
Q96D53,C317K,0.9091,pathogenic,ADCK4,317.0
Q96D53,C317L,0.5692,pathogenic,ADCK4,317.0
Q96D53,C317M,0.7093,pathogenic,ADCK4,317.0
Q96D53,C317N,0.4836,ambiguous,ADCK4,317.0
Q96D53,C317P,0.8713,pathogenic,ADCK4,317.0
Q96D53,C317Q,0.706,pathogenic,ADCK4,317.0
Q96D53,C317R,0.6517,pathogenic,ADCK4,317.0
Q96D53,C317S,0.0925,benign,ADCK4,317.0
Q96D53,C317T,0.1645,benign,ADCK4,317.0
Q96D53,C317V,0.4378,ambiguous,ADCK4,317.0
Q96D53,C317W,0.7371,pathogenic,ADCK4,317.0
Q96D53,C317Y,0.5765,pathogenic,ADCK4,317.0
Q96D53,T318A,0.0879,benign,ADCK4,318.0
Q96D53,T318C,0.3614,ambiguous,ADCK4,318.0
Q96D53,T318D,0.5225,ambiguous,ADCK4,318.0
Q96D53,T318E,0.5757,pathogenic,ADCK4,318.0
Q96D53,T318F,0.7218,pathogenic,ADCK4,318.0
Q96D53,T318G,0.1036,benign,ADCK4,318.0
Q96D53,T318H,0.3498,ambiguous,ADCK4,318.0
Q96D53,T318I,0.7623,pathogenic,ADCK4,318.0
Q96D53,T318K,0.3701,ambiguous,ADCK4,318.0
Q96D53,T318L,0.388,ambiguous,ADCK4,318.0
Q96D53,T318M,0.2401,benign,ADCK4,318.0
Q96D53,T318N,0.1811,benign,ADCK4,318.0
Q96D53,T318P,0.4048,ambiguous,ADCK4,318.0
Q96D53,T318Q,0.3291,benign,ADCK4,318.0
Q96D53,T318R,0.2259,benign,ADCK4,318.0
Q96D53,T318S,0.0799,benign,ADCK4,318.0
Q96D53,T318V,0.5072,ambiguous,ADCK4,318.0
Q96D53,T318W,0.8783,pathogenic,ADCK4,318.0
Q96D53,T318Y,0.7126,pathogenic,ADCK4,318.0
Q96D53,T319A,0.0605,benign,ADCK4,319.0
Q96D53,T319C,0.248,benign,ADCK4,319.0
Q96D53,T319D,0.1415,benign,ADCK4,319.0
Q96D53,T319E,0.1004,benign,ADCK4,319.0
Q96D53,T319F,0.2366,benign,ADCK4,319.0
Q96D53,T319G,0.1022,benign,ADCK4,319.0
Q96D53,T319H,0.1163,benign,ADCK4,319.0
Q96D53,T319I,0.1499,benign,ADCK4,319.0
Q96D53,T319K,0.0752,benign,ADCK4,319.0
Q96D53,T319L,0.0933,benign,ADCK4,319.0
Q96D53,T319M,0.0917,benign,ADCK4,319.0
Q96D53,T319N,0.0939,benign,ADCK4,319.0
Q96D53,T319P,0.0691,benign,ADCK4,319.0
Q96D53,T319Q,0.0818,benign,ADCK4,319.0
Q96D53,T319R,0.0666,benign,ADCK4,319.0
Q96D53,T319S,0.077,benign,ADCK4,319.0
Q96D53,T319V,0.1093,benign,ADCK4,319.0
Q96D53,T319W,0.3455,ambiguous,ADCK4,319.0
Q96D53,T319Y,0.2181,benign,ADCK4,319.0
Q96D53,R320A,0.3988,ambiguous,ADCK4,320.0
Q96D53,R320C,0.1799,benign,ADCK4,320.0
Q96D53,R320D,0.7123,pathogenic,ADCK4,320.0
Q96D53,R320E,0.4262,ambiguous,ADCK4,320.0
Q96D53,R320F,0.7664,pathogenic,ADCK4,320.0
Q96D53,R320G,0.2169,benign,ADCK4,320.0
Q96D53,R320H,0.1214,benign,ADCK4,320.0
Q96D53,R320I,0.7504,pathogenic,ADCK4,320.0
Q96D53,R320K,0.1558,benign,ADCK4,320.0
Q96D53,R320L,0.3974,ambiguous,ADCK4,320.0
Q96D53,R320M,0.5119,ambiguous,ADCK4,320.0
Q96D53,R320N,0.5834,pathogenic,ADCK4,320.0
Q96D53,R320P,0.8636,pathogenic,ADCK4,320.0
Q96D53,R320Q,0.0989,benign,ADCK4,320.0
Q96D53,R320S,0.4334,ambiguous,ADCK4,320.0
Q96D53,R320T,0.3435,ambiguous,ADCK4,320.0
Q96D53,R320V,0.6682,pathogenic,ADCK4,320.0
Q96D53,R320W,0.24,benign,ADCK4,320.0
Q96D53,R320Y,0.5339,ambiguous,ADCK4,320.0
Q96D53,V321A,0.6927,pathogenic,ADCK4,321.0
Q96D53,V321C,0.9359,pathogenic,ADCK4,321.0
Q96D53,V321D,0.9904,pathogenic,ADCK4,321.0
Q96D53,V321E,0.9669,pathogenic,ADCK4,321.0
Q96D53,V321F,0.6981,pathogenic,ADCK4,321.0
Q96D53,V321G,0.7274,pathogenic,ADCK4,321.0
Q96D53,V321H,0.9883,pathogenic,ADCK4,321.0
Q96D53,V321I,0.1061,benign,ADCK4,321.0
Q96D53,V321K,0.9793,pathogenic,ADCK4,321.0
Q96D53,V321L,0.4327,ambiguous,ADCK4,321.0
Q96D53,V321M,0.5207,ambiguous,ADCK4,321.0
Q96D53,V321N,0.9634,pathogenic,ADCK4,321.0
Q96D53,V321P,0.985,pathogenic,ADCK4,321.0
Q96D53,V321Q,0.9618,pathogenic,ADCK4,321.0
Q96D53,V321R,0.9621,pathogenic,ADCK4,321.0
Q96D53,V321S,0.8701,pathogenic,ADCK4,321.0
Q96D53,V321T,0.788,pathogenic,ADCK4,321.0
Q96D53,V321W,0.9896,pathogenic,ADCK4,321.0
Q96D53,V321Y,0.9672,pathogenic,ADCK4,321.0
Q96D53,L322A,0.7538,pathogenic,ADCK4,322.0
Q96D53,L322C,0.8916,pathogenic,ADCK4,322.0
Q96D53,L322D,0.995,pathogenic,ADCK4,322.0
Q96D53,L322E,0.9576,pathogenic,ADCK4,322.0
Q96D53,L322F,0.3737,ambiguous,ADCK4,322.0
Q96D53,L322G,0.9576,pathogenic,ADCK4,322.0
Q96D53,L322H,0.9098,pathogenic,ADCK4,322.0
Q96D53,L322I,0.1652,benign,ADCK4,322.0
Q96D53,L322K,0.9516,pathogenic,ADCK4,322.0
Q96D53,L322M,0.2628,benign,ADCK4,322.0
Q96D53,L322N,0.9764,pathogenic,ADCK4,322.0
Q96D53,L322P,0.9429,pathogenic,ADCK4,322.0
Q96D53,L322Q,0.8232,pathogenic,ADCK4,322.0
Q96D53,L322R,0.8628,pathogenic,ADCK4,322.0
Q96D53,L322S,0.91,pathogenic,ADCK4,322.0
Q96D53,L322T,0.7996,pathogenic,ADCK4,322.0
Q96D53,L322V,0.2332,benign,ADCK4,322.0
Q96D53,L322W,0.7121,pathogenic,ADCK4,322.0
Q96D53,L322Y,0.8976,pathogenic,ADCK4,322.0
Q96D53,G323A,0.0727,benign,ADCK4,323.0
Q96D53,G323C,0.1584,benign,ADCK4,323.0
Q96D53,G323D,0.9064,pathogenic,ADCK4,323.0
Q96D53,G323E,0.9204,pathogenic,ADCK4,323.0
Q96D53,G323F,0.8845,pathogenic,ADCK4,323.0
Q96D53,G323H,0.9394,pathogenic,ADCK4,323.0
Q96D53,G323I,0.4895,ambiguous,ADCK4,323.0
Q96D53,G323K,0.9814,pathogenic,ADCK4,323.0
Q96D53,G323L,0.5513,ambiguous,ADCK4,323.0
Q96D53,G323M,0.6855,pathogenic,ADCK4,323.0
Q96D53,G323N,0.8707,pathogenic,ADCK4,323.0
Q96D53,G323P,0.9423,pathogenic,ADCK4,323.0
Q96D53,G323Q,0.926,pathogenic,ADCK4,323.0
Q96D53,G323R,0.939,pathogenic,ADCK4,323.0
Q96D53,G323S,0.1175,benign,ADCK4,323.0
Q96D53,G323T,0.1274,benign,ADCK4,323.0
Q96D53,G323V,0.2115,benign,ADCK4,323.0
Q96D53,G323W,0.8954,pathogenic,ADCK4,323.0
Q96D53,G323Y,0.9175,pathogenic,ADCK4,323.0
Q96D53,M324A,0.7572,pathogenic,ADCK4,324.0
Q96D53,M324C,0.9245,pathogenic,ADCK4,324.0
Q96D53,M324D,0.9919,pathogenic,ADCK4,324.0
Q96D53,M324E,0.9222,pathogenic,ADCK4,324.0
Q96D53,M324F,0.7683,pathogenic,ADCK4,324.0
Q96D53,M324G,0.8885,pathogenic,ADCK4,324.0
Q96D53,M324H,0.9638,pathogenic,ADCK4,324.0
Q96D53,M324I,0.8037,pathogenic,ADCK4,324.0
Q96D53,M324K,0.8539,pathogenic,ADCK4,324.0
Q96D53,M324L,0.322,benign,ADCK4,324.0
Q96D53,M324N,0.9423,pathogenic,ADCK4,324.0
Q96D53,M324P,0.9923,pathogenic,ADCK4,324.0
Q96D53,M324Q,0.7386,pathogenic,ADCK4,324.0
Q96D53,M324R,0.8376,pathogenic,ADCK4,324.0
Q96D53,M324S,0.7876,pathogenic,ADCK4,324.0
Q96D53,M324T,0.449,ambiguous,ADCK4,324.0
Q96D53,M324V,0.2681,benign,ADCK4,324.0
Q96D53,M324W,0.9462,pathogenic,ADCK4,324.0
Q96D53,M324Y,0.9622,pathogenic,ADCK4,324.0
Q96D53,E325A,0.2198,benign,ADCK4,325.0
Q96D53,E325C,0.9035,pathogenic,ADCK4,325.0
Q96D53,E325D,0.3133,benign,ADCK4,325.0
Q96D53,E325F,0.9135,pathogenic,ADCK4,325.0
Q96D53,E325G,0.3269,benign,ADCK4,325.0
Q96D53,E325H,0.6639,pathogenic,ADCK4,325.0
Q96D53,E325I,0.6662,pathogenic,ADCK4,325.0
Q96D53,E325K,0.3887,ambiguous,ADCK4,325.0
Q96D53,E325L,0.6227,pathogenic,ADCK4,325.0
Q96D53,E325M,0.6673,pathogenic,ADCK4,325.0
Q96D53,E325N,0.5754,pathogenic,ADCK4,325.0
Q96D53,E325P,0.8259,pathogenic,ADCK4,325.0
Q96D53,E325Q,0.1582,benign,ADCK4,325.0
Q96D53,E325R,0.448,ambiguous,ADCK4,325.0
Q96D53,E325S,0.3281,benign,ADCK4,325.0
Q96D53,E325T,0.3266,benign,ADCK4,325.0
Q96D53,E325V,0.3515,ambiguous,ADCK4,325.0
Q96D53,E325W,0.9627,pathogenic,ADCK4,325.0
Q96D53,E325Y,0.8516,pathogenic,ADCK4,325.0
Q96D53,L326A,0.4158,ambiguous,ADCK4,326.0
Q96D53,L326C,0.5909,pathogenic,ADCK4,326.0
Q96D53,L326D,0.8745,pathogenic,ADCK4,326.0
Q96D53,L326E,0.5442,ambiguous,ADCK4,326.0
Q96D53,L326F,0.1335,benign,ADCK4,326.0
Q96D53,L326G,0.6417,pathogenic,ADCK4,326.0
Q96D53,L326H,0.3517,ambiguous,ADCK4,326.0
Q96D53,L326I,0.2247,benign,ADCK4,326.0
Q96D53,L326K,0.3378,benign,ADCK4,326.0
Q96D53,L326M,0.1292,benign,ADCK4,326.0
Q96D53,L326N,0.707,pathogenic,ADCK4,326.0
Q96D53,L326P,0.6009,pathogenic,ADCK4,326.0
Q96D53,L326Q,0.2377,benign,ADCK4,326.0
Q96D53,L326R,0.1861,benign,ADCK4,326.0
Q96D53,L326S,0.5926,pathogenic,ADCK4,326.0
Q96D53,L326T,0.4792,ambiguous,ADCK4,326.0
Q96D53,L326V,0.1634,benign,ADCK4,326.0
Q96D53,L326W,0.1226,benign,ADCK4,326.0
Q96D53,L326Y,0.3054,benign,ADCK4,326.0
Q96D53,A327C,0.3798,ambiguous,ADCK4,327.0
Q96D53,A327D,0.5447,ambiguous,ADCK4,327.0
Q96D53,A327E,0.4156,ambiguous,ADCK4,327.0
Q96D53,A327F,0.4866,ambiguous,ADCK4,327.0
Q96D53,A327G,0.1559,benign,ADCK4,327.0
Q96D53,A327H,0.6484,pathogenic,ADCK4,327.0
Q96D53,A327I,0.2698,benign,ADCK4,327.0
Q96D53,A327K,0.7055,pathogenic,ADCK4,327.0
Q96D53,A327L,0.247,benign,ADCK4,327.0
Q96D53,A327M,0.3057,benign,ADCK4,327.0
Q96D53,A327N,0.5729,pathogenic,ADCK4,327.0
Q96D53,A327P,0.3532,ambiguous,ADCK4,327.0
Q96D53,A327Q,0.5014,ambiguous,ADCK4,327.0
Q96D53,A327R,0.5545,ambiguous,ADCK4,327.0
Q96D53,A327S,0.126,benign,ADCK4,327.0
Q96D53,A327T,0.1189,benign,ADCK4,327.0
Q96D53,A327V,0.1085,benign,ADCK4,327.0
Q96D53,A327W,0.7693,pathogenic,ADCK4,327.0
Q96D53,A327Y,0.6554,pathogenic,ADCK4,327.0
Q96D53,G328A,0.0724,benign,ADCK4,328.0
Q96D53,G328C,0.0981,benign,ADCK4,328.0
Q96D53,G328D,0.0997,benign,ADCK4,328.0
Q96D53,G328E,0.0971,benign,ADCK4,328.0
Q96D53,G328F,0.3216,benign,ADCK4,328.0
Q96D53,G328H,0.131,benign,ADCK4,328.0
Q96D53,G328I,0.1606,benign,ADCK4,328.0
Q96D53,G328K,0.1498,benign,ADCK4,328.0
Q96D53,G328L,0.1863,benign,ADCK4,328.0
Q96D53,G328M,0.2527,benign,ADCK4,328.0
Q96D53,G328N,0.1651,benign,ADCK4,328.0
Q96D53,G328P,0.2534,benign,ADCK4,328.0
Q96D53,G328Q,0.1248,benign,ADCK4,328.0
Q96D53,G328R,0.0914,benign,ADCK4,328.0
Q96D53,G328S,0.0696,benign,ADCK4,328.0
Q96D53,G328T,0.0842,benign,ADCK4,328.0
Q96D53,G328V,0.1063,benign,ADCK4,328.0
Q96D53,G328W,0.1689,benign,ADCK4,328.0
Q96D53,G328Y,0.2058,benign,ADCK4,328.0
Q96D53,G329A,0.4275,ambiguous,ADCK4,329.0
Q96D53,G329C,0.7056,pathogenic,ADCK4,329.0
Q96D53,G329D,0.8745,pathogenic,ADCK4,329.0
Q96D53,G329E,0.9105,pathogenic,ADCK4,329.0
Q96D53,G329F,0.965,pathogenic,ADCK4,329.0
Q96D53,G329H,0.9473,pathogenic,ADCK4,329.0
Q96D53,G329I,0.9046,pathogenic,ADCK4,329.0
Q96D53,G329K,0.9584,pathogenic,ADCK4,329.0
Q96D53,G329L,0.9229,pathogenic,ADCK4,329.0
Q96D53,G329M,0.9429,pathogenic,ADCK4,329.0
Q96D53,G329N,0.9168,pathogenic,ADCK4,329.0
Q96D53,G329P,0.9825,pathogenic,ADCK4,329.0
Q96D53,G329Q,0.9286,pathogenic,ADCK4,329.0
Q96D53,G329R,0.8854,pathogenic,ADCK4,329.0
Q96D53,G329S,0.3605,ambiguous,ADCK4,329.0
Q96D53,G329T,0.739,pathogenic,ADCK4,329.0
Q96D53,G329V,0.8237,pathogenic,ADCK4,329.0
Q96D53,G329W,0.9092,pathogenic,ADCK4,329.0
Q96D53,G329Y,0.9492,pathogenic,ADCK4,329.0
Q96D53,V330A,0.2145,benign,ADCK4,330.0
Q96D53,V330C,0.6676,pathogenic,ADCK4,330.0
Q96D53,V330D,0.4177,ambiguous,ADCK4,330.0
Q96D53,V330E,0.2396,benign,ADCK4,330.0
Q96D53,V330F,0.1191,benign,ADCK4,330.0
Q96D53,V330G,0.2407,benign,ADCK4,330.0
Q96D53,V330H,0.4466,ambiguous,ADCK4,330.0
Q96D53,V330I,0.0692,benign,ADCK4,330.0
Q96D53,V330K,0.2548,benign,ADCK4,330.0
Q96D53,V330L,0.1276,benign,ADCK4,330.0
Q96D53,V330M,0.1047,benign,ADCK4,330.0
Q96D53,V330N,0.3472,ambiguous,ADCK4,330.0
Q96D53,V330P,0.7557,pathogenic,ADCK4,330.0
Q96D53,V330Q,0.2232,benign,ADCK4,330.0
Q96D53,V330R,0.1868,benign,ADCK4,330.0
Q96D53,V330S,0.2553,benign,ADCK4,330.0
Q96D53,V330T,0.2038,benign,ADCK4,330.0
Q96D53,V330W,0.6285,pathogenic,ADCK4,330.0
Q96D53,V330Y,0.4343,ambiguous,ADCK4,330.0
Q96D53,P331A,0.1098,benign,ADCK4,331.0
Q96D53,P331C,0.5606,ambiguous,ADCK4,331.0
Q96D53,P331D,0.8637,pathogenic,ADCK4,331.0
Q96D53,P331E,0.698,pathogenic,ADCK4,331.0
Q96D53,P331F,0.765,pathogenic,ADCK4,331.0
Q96D53,P331G,0.4619,ambiguous,ADCK4,331.0
Q96D53,P331H,0.3555,ambiguous,ADCK4,331.0
Q96D53,P331I,0.6264,pathogenic,ADCK4,331.0
Q96D53,P331K,0.6333,pathogenic,ADCK4,331.0
Q96D53,P331L,0.2269,benign,ADCK4,331.0
Q96D53,P331M,0.5331,ambiguous,ADCK4,331.0
Q96D53,P331N,0.703,pathogenic,ADCK4,331.0
Q96D53,P331Q,0.3151,benign,ADCK4,331.0
Q96D53,P331R,0.3011,benign,ADCK4,331.0
Q96D53,P331S,0.1665,benign,ADCK4,331.0
Q96D53,P331T,0.1637,benign,ADCK4,331.0
Q96D53,P331V,0.3795,ambiguous,ADCK4,331.0
Q96D53,P331W,0.8296,pathogenic,ADCK4,331.0
Q96D53,P331Y,0.7681,pathogenic,ADCK4,331.0
Q96D53,L332A,0.8486,pathogenic,ADCK4,332.0
Q96D53,L332C,0.9427,pathogenic,ADCK4,332.0
Q96D53,L332D,0.9983,pathogenic,ADCK4,332.0
Q96D53,L332E,0.9865,pathogenic,ADCK4,332.0
Q96D53,L332F,0.5517,ambiguous,ADCK4,332.0
Q96D53,L332G,0.9781,pathogenic,ADCK4,332.0
Q96D53,L332H,0.9795,pathogenic,ADCK4,332.0
Q96D53,L332I,0.147,benign,ADCK4,332.0
Q96D53,L332K,0.9859,pathogenic,ADCK4,332.0
Q96D53,L332M,0.2925,benign,ADCK4,332.0
Q96D53,L332N,0.9929,pathogenic,ADCK4,332.0
Q96D53,L332P,0.8567,pathogenic,ADCK4,332.0
Q96D53,L332Q,0.9509,pathogenic,ADCK4,332.0
Q96D53,L332R,0.9561,pathogenic,ADCK4,332.0
Q96D53,L332S,0.9692,pathogenic,ADCK4,332.0
Q96D53,L332T,0.884,pathogenic,ADCK4,332.0
Q96D53,L332V,0.167,benign,ADCK4,332.0
Q96D53,L332W,0.8505,pathogenic,ADCK4,332.0
Q96D53,L332Y,0.9654,pathogenic,ADCK4,332.0
Q96D53,D333A,0.4251,ambiguous,ADCK4,333.0
Q96D53,D333C,0.8875,pathogenic,ADCK4,333.0
Q96D53,D333E,0.435,ambiguous,ADCK4,333.0
Q96D53,D333F,0.8778,pathogenic,ADCK4,333.0
Q96D53,D333G,0.3593,ambiguous,ADCK4,333.0
Q96D53,D333H,0.5801,pathogenic,ADCK4,333.0
Q96D53,D333I,0.7997,pathogenic,ADCK4,333.0
Q96D53,D333K,0.8237,pathogenic,ADCK4,333.0
Q96D53,D333L,0.7058,pathogenic,ADCK4,333.0
Q96D53,D333M,0.8967,pathogenic,ADCK4,333.0
Q96D53,D333N,0.284,benign,ADCK4,333.0
Q96D53,D333P,0.8395,pathogenic,ADCK4,333.0
Q96D53,D333Q,0.6601,pathogenic,ADCK4,333.0
Q96D53,D333R,0.7753,pathogenic,ADCK4,333.0
Q96D53,D333S,0.2753,benign,ADCK4,333.0
Q96D53,D333T,0.6092,pathogenic,ADCK4,333.0
Q96D53,D333V,0.6171,pathogenic,ADCK4,333.0
Q96D53,D333W,0.9528,pathogenic,ADCK4,333.0
Q96D53,D333Y,0.5171,ambiguous,ADCK4,333.0
Q96D53,Q334A,0.1847,benign,ADCK4,334.0
Q96D53,Q334C,0.4031,ambiguous,ADCK4,334.0
Q96D53,Q334D,0.347,ambiguous,ADCK4,334.0
Q96D53,Q334E,0.1089,benign,ADCK4,334.0
Q96D53,Q334F,0.6242,pathogenic,ADCK4,334.0
Q96D53,Q334G,0.2161,benign,ADCK4,334.0
Q96D53,Q334H,0.1547,benign,ADCK4,334.0
Q96D53,Q334I,0.4333,ambiguous,ADCK4,334.0
Q96D53,Q334K,0.0947,benign,ADCK4,334.0
Q96D53,Q334L,0.1356,benign,ADCK4,334.0
Q96D53,Q334M,0.4201,ambiguous,ADCK4,334.0
Q96D53,Q334N,0.3355,benign,ADCK4,334.0
Q96D53,Q334P,0.6193,pathogenic,ADCK4,334.0
Q96D53,Q334R,0.061,benign,ADCK4,334.0
Q96D53,Q334S,0.2359,benign,ADCK4,334.0
Q96D53,Q334T,0.2046,benign,ADCK4,334.0
Q96D53,Q334V,0.2635,benign,ADCK4,334.0
Q96D53,Q334W,0.429,ambiguous,ADCK4,334.0
Q96D53,Q334Y,0.4037,ambiguous,ADCK4,334.0
Q96D53,C335A,0.5613,ambiguous,ADCK4,335.0
Q96D53,C335D,0.972,pathogenic,ADCK4,335.0
Q96D53,C335E,0.9788,pathogenic,ADCK4,335.0
Q96D53,C335F,0.6491,pathogenic,ADCK4,335.0
Q96D53,C335G,0.4234,ambiguous,ADCK4,335.0
Q96D53,C335H,0.9321,pathogenic,ADCK4,335.0
Q96D53,C335I,0.5991,pathogenic,ADCK4,335.0
Q96D53,C335K,0.9854,pathogenic,ADCK4,335.0
Q96D53,C335L,0.5313,ambiguous,ADCK4,335.0
Q96D53,C335M,0.791,pathogenic,ADCK4,335.0
Q96D53,C335N,0.9117,pathogenic,ADCK4,335.0
Q96D53,C335P,0.9683,pathogenic,ADCK4,335.0
Q96D53,C335Q,0.9426,pathogenic,ADCK4,335.0
Q96D53,C335R,0.9036,pathogenic,ADCK4,335.0
Q96D53,C335S,0.6131,pathogenic,ADCK4,335.0
Q96D53,C335T,0.7061,pathogenic,ADCK4,335.0
Q96D53,C335V,0.4554,ambiguous,ADCK4,335.0
Q96D53,C335W,0.8822,pathogenic,ADCK4,335.0
Q96D53,C335Y,0.7717,pathogenic,ADCK4,335.0
Q96D53,Q336A,0.1216,benign,ADCK4,336.0
Q96D53,Q336C,0.3777,ambiguous,ADCK4,336.0
Q96D53,Q336D,0.253,benign,ADCK4,336.0
Q96D53,Q336E,0.0759,benign,ADCK4,336.0
Q96D53,Q336F,0.5124,ambiguous,ADCK4,336.0
Q96D53,Q336G,0.1527,benign,ADCK4,336.0
Q96D53,Q336H,0.1329,benign,ADCK4,336.0
Q96D53,Q336I,0.2995,benign,ADCK4,336.0
Q96D53,Q336K,0.0904,benign,ADCK4,336.0
Q96D53,Q336L,0.1024,benign,ADCK4,336.0
Q96D53,Q336M,0.3351,benign,ADCK4,336.0
Q96D53,Q336N,0.2766,benign,ADCK4,336.0
Q96D53,Q336P,0.0993,benign,ADCK4,336.0
Q96D53,Q336R,0.0634,benign,ADCK4,336.0
Q96D53,Q336S,0.1629,benign,ADCK4,336.0
Q96D53,Q336T,0.1405,benign,ADCK4,336.0
Q96D53,Q336V,0.1846,benign,ADCK4,336.0
Q96D53,Q336W,0.3256,benign,ADCK4,336.0
Q96D53,Q336Y,0.3563,ambiguous,ADCK4,336.0
Q96D53,G337A,0.0905,benign,ADCK4,337.0
Q96D53,G337C,0.1376,benign,ADCK4,337.0
Q96D53,G337D,0.073,benign,ADCK4,337.0
Q96D53,G337E,0.0856,benign,ADCK4,337.0
Q96D53,G337F,0.3002,benign,ADCK4,337.0
Q96D53,G337H,0.123,benign,ADCK4,337.0
Q96D53,G337I,0.1929,benign,ADCK4,337.0
Q96D53,G337K,0.1904,benign,ADCK4,337.0
Q96D53,G337L,0.2072,benign,ADCK4,337.0
Q96D53,G337M,0.2765,benign,ADCK4,337.0
Q96D53,G337N,0.1287,benign,ADCK4,337.0
Q96D53,G337P,0.3703,ambiguous,ADCK4,337.0
Q96D53,G337Q,0.1384,benign,ADCK4,337.0
Q96D53,G337R,0.1372,benign,ADCK4,337.0
Q96D53,G337S,0.0828,benign,ADCK4,337.0
Q96D53,G337T,0.0982,benign,ADCK4,337.0
Q96D53,G337V,0.1151,benign,ADCK4,337.0
Q96D53,G337W,0.1882,benign,ADCK4,337.0
Q96D53,G337Y,0.174,benign,ADCK4,337.0
Q96D53,L338A,0.3859,ambiguous,ADCK4,338.0
Q96D53,L338C,0.5937,pathogenic,ADCK4,338.0
Q96D53,L338D,0.796,pathogenic,ADCK4,338.0
Q96D53,L338E,0.4841,ambiguous,ADCK4,338.0
Q96D53,L338F,0.1124,benign,ADCK4,338.0
Q96D53,L338G,0.6379,pathogenic,ADCK4,338.0
Q96D53,L338H,0.3131,benign,ADCK4,338.0
Q96D53,L338I,0.18,benign,ADCK4,338.0
Q96D53,L338K,0.4464,ambiguous,ADCK4,338.0
Q96D53,L338M,0.1414,benign,ADCK4,338.0
Q96D53,L338N,0.6589,pathogenic,ADCK4,338.0
Q96D53,L338P,0.6538,pathogenic,ADCK4,338.0
Q96D53,L338Q,0.2119,benign,ADCK4,338.0
Q96D53,L338R,0.2577,benign,ADCK4,338.0
Q96D53,L338S,0.4532,ambiguous,ADCK4,338.0
Q96D53,L338T,0.4884,ambiguous,ADCK4,338.0
Q96D53,L338V,0.1684,benign,ADCK4,338.0
Q96D53,L338W,0.2039,benign,ADCK4,338.0
Q96D53,L338Y,0.3424,ambiguous,ADCK4,338.0
Q96D53,S339A,0.1257,benign,ADCK4,339.0
Q96D53,S339C,0.1404,benign,ADCK4,339.0
Q96D53,S339D,0.1766,benign,ADCK4,339.0
Q96D53,S339E,0.3698,ambiguous,ADCK4,339.0
Q96D53,S339F,0.5297,ambiguous,ADCK4,339.0
Q96D53,S339G,0.0911,benign,ADCK4,339.0
Q96D53,S339H,0.3059,benign,ADCK4,339.0
Q96D53,S339I,0.4688,ambiguous,ADCK4,339.0
Q96D53,S339K,0.5712,pathogenic,ADCK4,339.0
Q96D53,S339L,0.225,benign,ADCK4,339.0
Q96D53,S339M,0.4139,ambiguous,ADCK4,339.0
Q96D53,S339N,0.1517,benign,ADCK4,339.0
Q96D53,S339P,0.065,benign,ADCK4,339.0
Q96D53,S339Q,0.3996,ambiguous,ADCK4,339.0
Q96D53,S339R,0.4636,ambiguous,ADCK4,339.0
Q96D53,S339T,0.1111,benign,ADCK4,339.0
Q96D53,S339V,0.4101,ambiguous,ADCK4,339.0
Q96D53,S339W,0.4565,ambiguous,ADCK4,339.0
Q96D53,S339Y,0.3936,ambiguous,ADCK4,339.0
Q96D53,Q340A,0.2055,benign,ADCK4,340.0
Q96D53,Q340C,0.8828,pathogenic,ADCK4,340.0
Q96D53,Q340D,0.4713,ambiguous,ADCK4,340.0
Q96D53,Q340E,0.0923,benign,ADCK4,340.0
Q96D53,Q340F,0.9145,pathogenic,ADCK4,340.0
Q96D53,Q340G,0.3758,ambiguous,ADCK4,340.0
Q96D53,Q340H,0.5487,ambiguous,ADCK4,340.0
Q96D53,Q340I,0.5806,pathogenic,ADCK4,340.0
Q96D53,Q340K,0.2198,benign,ADCK4,340.0
Q96D53,Q340L,0.2633,benign,ADCK4,340.0
Q96D53,Q340M,0.5578,ambiguous,ADCK4,340.0
Q96D53,Q340N,0.5338,ambiguous,ADCK4,340.0
Q96D53,Q340P,0.1197,benign,ADCK4,340.0
Q96D53,Q340R,0.1563,benign,ADCK4,340.0
Q96D53,Q340S,0.3264,benign,ADCK4,340.0
Q96D53,Q340T,0.3147,benign,ADCK4,340.0
Q96D53,Q340V,0.3412,ambiguous,ADCK4,340.0
Q96D53,Q340W,0.8013,pathogenic,ADCK4,340.0
Q96D53,Q340Y,0.8334,pathogenic,ADCK4,340.0
Q96D53,D341A,0.1072,benign,ADCK4,341.0
Q96D53,D341C,0.4776,ambiguous,ADCK4,341.0
Q96D53,D341E,0.0959,benign,ADCK4,341.0
Q96D53,D341F,0.4941,ambiguous,ADCK4,341.0
Q96D53,D341G,0.123,benign,ADCK4,341.0
Q96D53,D341H,0.1398,benign,ADCK4,341.0
Q96D53,D341I,0.3059,benign,ADCK4,341.0
Q96D53,D341K,0.228,benign,ADCK4,341.0
Q96D53,D341L,0.2923,benign,ADCK4,341.0
Q96D53,D341M,0.4922,ambiguous,ADCK4,341.0
Q96D53,D341N,0.1097,benign,ADCK4,341.0
Q96D53,D341P,0.3159,benign,ADCK4,341.0
Q96D53,D341Q,0.1665,benign,ADCK4,341.0
Q96D53,D341R,0.2117,benign,ADCK4,341.0
Q96D53,D341S,0.113,benign,ADCK4,341.0
Q96D53,D341T,0.1665,benign,ADCK4,341.0
Q96D53,D341V,0.1622,benign,ADCK4,341.0
Q96D53,D341W,0.7343,pathogenic,ADCK4,341.0
Q96D53,D341Y,0.1856,benign,ADCK4,341.0
Q96D53,L342A,0.1257,benign,ADCK4,342.0
Q96D53,L342C,0.4129,ambiguous,ADCK4,342.0
Q96D53,L342D,0.3031,benign,ADCK4,342.0
Q96D53,L342E,0.1824,benign,ADCK4,342.0
Q96D53,L342F,0.1661,benign,ADCK4,342.0
Q96D53,L342G,0.3617,ambiguous,ADCK4,342.0
Q96D53,L342H,0.1777,benign,ADCK4,342.0
Q96D53,L342I,0.0576,benign,ADCK4,342.0
Q96D53,L342K,0.1723,benign,ADCK4,342.0
Q96D53,L342M,0.0908,benign,ADCK4,342.0
Q96D53,L342N,0.2176,benign,ADCK4,342.0
Q96D53,L342P,0.5617,ambiguous,ADCK4,342.0
Q96D53,L342Q,0.1145,benign,ADCK4,342.0
Q96D53,L342R,0.112,benign,ADCK4,342.0
Q96D53,L342S,0.1559,benign,ADCK4,342.0
Q96D53,L342T,0.0775,benign,ADCK4,342.0
Q96D53,L342V,0.0603,benign,ADCK4,342.0
Q96D53,L342W,0.2435,benign,ADCK4,342.0
Q96D53,L342Y,0.3522,ambiguous,ADCK4,342.0
Q96D53,R343A,0.8072,pathogenic,ADCK4,343.0
Q96D53,R343C,0.2599,benign,ADCK4,343.0
Q96D53,R343D,0.9882,pathogenic,ADCK4,343.0
Q96D53,R343E,0.87,pathogenic,ADCK4,343.0
Q96D53,R343F,0.9898,pathogenic,ADCK4,343.0
Q96D53,R343G,0.7931,pathogenic,ADCK4,343.0
Q96D53,R343H,0.5561,ambiguous,ADCK4,343.0
Q96D53,R343I,0.8064,pathogenic,ADCK4,343.0
Q96D53,R343K,0.3095,benign,ADCK4,343.0
Q96D53,R343L,0.7056,pathogenic,ADCK4,343.0
Q96D53,R343M,0.9087,pathogenic,ADCK4,343.0
Q96D53,R343N,0.9699,pathogenic,ADCK4,343.0
Q96D53,R343P,0.9418,pathogenic,ADCK4,343.0
Q96D53,R343Q,0.2011,benign,ADCK4,343.0
Q96D53,R343S,0.9272,pathogenic,ADCK4,343.0
Q96D53,R343T,0.871,pathogenic,ADCK4,343.0
Q96D53,R343V,0.8292,pathogenic,ADCK4,343.0
Q96D53,R343W,0.829,pathogenic,ADCK4,343.0
Q96D53,R343Y,0.9454,pathogenic,ADCK4,343.0
Q96D53,N344A,0.8422,pathogenic,ADCK4,344.0
Q96D53,N344C,0.9038,pathogenic,ADCK4,344.0
Q96D53,N344D,0.0986,benign,ADCK4,344.0
Q96D53,N344E,0.69,pathogenic,ADCK4,344.0
Q96D53,N344F,0.9841,pathogenic,ADCK4,344.0
Q96D53,N344G,0.768,pathogenic,ADCK4,344.0
Q96D53,N344H,0.5377,ambiguous,ADCK4,344.0
Q96D53,N344I,0.8922,pathogenic,ADCK4,344.0
Q96D53,N344K,0.8296,pathogenic,ADCK4,344.0
Q96D53,N344L,0.8811,pathogenic,ADCK4,344.0
Q96D53,N344M,0.9092,pathogenic,ADCK4,344.0
Q96D53,N344P,0.9807,pathogenic,ADCK4,344.0
Q96D53,N344Q,0.7799,pathogenic,ADCK4,344.0
Q96D53,N344R,0.823,pathogenic,ADCK4,344.0
Q96D53,N344S,0.2829,benign,ADCK4,344.0
Q96D53,N344T,0.6042,pathogenic,ADCK4,344.0
Q96D53,N344V,0.8836,pathogenic,ADCK4,344.0
Q96D53,N344W,0.985,pathogenic,ADCK4,344.0
Q96D53,N344Y,0.7835,pathogenic,ADCK4,344.0
Q96D53,Q345A,0.2384,benign,ADCK4,345.0
Q96D53,Q345C,0.6991,pathogenic,ADCK4,345.0
Q96D53,Q345D,0.2618,benign,ADCK4,345.0
Q96D53,Q345E,0.064,benign,ADCK4,345.0
Q96D53,Q345F,0.8037,pathogenic,ADCK4,345.0
Q96D53,Q345G,0.286,benign,ADCK4,345.0
Q96D53,Q345H,0.2277,benign,ADCK4,345.0
Q96D53,Q345I,0.5817,pathogenic,ADCK4,345.0
Q96D53,Q345K,0.1164,benign,ADCK4,345.0
Q96D53,Q345L,0.2279,benign,ADCK4,345.0
Q96D53,Q345M,0.5065,ambiguous,ADCK4,345.0
Q96D53,Q345N,0.366,ambiguous,ADCK4,345.0
Q96D53,Q345P,0.7165,pathogenic,ADCK4,345.0
Q96D53,Q345R,0.0855,benign,ADCK4,345.0
Q96D53,Q345S,0.2984,benign,ADCK4,345.0
Q96D53,Q345T,0.2218,benign,ADCK4,345.0
Q96D53,Q345V,0.3722,ambiguous,ADCK4,345.0
Q96D53,Q345W,0.5917,pathogenic,ADCK4,345.0
Q96D53,Q345Y,0.5766,pathogenic,ADCK4,345.0
Q96D53,I346A,0.9078,pathogenic,ADCK4,346.0
Q96D53,I346C,0.9613,pathogenic,ADCK4,346.0
Q96D53,I346D,0.9925,pathogenic,ADCK4,346.0
Q96D53,I346E,0.9901,pathogenic,ADCK4,346.0
Q96D53,I346F,0.6286,pathogenic,ADCK4,346.0
Q96D53,I346G,0.9735,pathogenic,ADCK4,346.0
Q96D53,I346H,0.9778,pathogenic,ADCK4,346.0
Q96D53,I346K,0.9804,pathogenic,ADCK4,346.0
Q96D53,I346L,0.1462,benign,ADCK4,346.0
Q96D53,I346M,0.3441,ambiguous,ADCK4,346.0
Q96D53,I346N,0.9308,pathogenic,ADCK4,346.0
Q96D53,I346P,0.9807,pathogenic,ADCK4,346.0
Q96D53,I346Q,0.9804,pathogenic,ADCK4,346.0
Q96D53,I346R,0.9608,pathogenic,ADCK4,346.0
Q96D53,I346S,0.9443,pathogenic,ADCK4,346.0
Q96D53,I346T,0.9355,pathogenic,ADCK4,346.0
Q96D53,I346V,0.2176,benign,ADCK4,346.0
Q96D53,I346W,0.979,pathogenic,ADCK4,346.0
Q96D53,I346Y,0.9232,pathogenic,ADCK4,346.0
Q96D53,C347A,0.3497,ambiguous,ADCK4,347.0
Q96D53,C347D,0.9901,pathogenic,ADCK4,347.0
Q96D53,C347E,0.9968,pathogenic,ADCK4,347.0
Q96D53,C347F,0.887,pathogenic,ADCK4,347.0
Q96D53,C347G,0.1484,benign,ADCK4,347.0
Q96D53,C347H,0.9824,pathogenic,ADCK4,347.0
Q96D53,C347I,0.934,pathogenic,ADCK4,347.0
Q96D53,C347K,0.9986,pathogenic,ADCK4,347.0
Q96D53,C347L,0.9057,pathogenic,ADCK4,347.0
Q96D53,C347M,0.9518,pathogenic,ADCK4,347.0
Q96D53,C347N,0.9585,pathogenic,ADCK4,347.0
Q96D53,C347P,0.978,pathogenic,ADCK4,347.0
Q96D53,C347Q,0.9842,pathogenic,ADCK4,347.0
Q96D53,C347R,0.9803,pathogenic,ADCK4,347.0
Q96D53,C347S,0.2635,benign,ADCK4,347.0
Q96D53,C347T,0.702,pathogenic,ADCK4,347.0
Q96D53,C347V,0.8347,pathogenic,ADCK4,347.0
Q96D53,C347W,0.9882,pathogenic,ADCK4,347.0
Q96D53,C347Y,0.9692,pathogenic,ADCK4,347.0
Q96D53,F348A,0.1833,benign,ADCK4,348.0
Q96D53,F348C,0.1547,benign,ADCK4,348.0
Q96D53,F348D,0.3712,ambiguous,ADCK4,348.0
Q96D53,F348E,0.3191,benign,ADCK4,348.0
Q96D53,F348G,0.3038,benign,ADCK4,348.0
Q96D53,F348H,0.1649,benign,ADCK4,348.0
Q96D53,F348I,0.1371,benign,ADCK4,348.0
Q96D53,F348K,0.3039,benign,ADCK4,348.0
Q96D53,F348L,0.4758,ambiguous,ADCK4,348.0
Q96D53,F348M,0.3201,benign,ADCK4,348.0
Q96D53,F348N,0.3093,benign,ADCK4,348.0
Q96D53,F348P,0.9236,pathogenic,ADCK4,348.0
Q96D53,F348Q,0.2101,benign,ADCK4,348.0
Q96D53,F348R,0.1489,benign,ADCK4,348.0
Q96D53,F348S,0.1293,benign,ADCK4,348.0
Q96D53,F348T,0.1668,benign,ADCK4,348.0
Q96D53,F348V,0.1245,benign,ADCK4,348.0
Q96D53,F348W,0.2926,benign,ADCK4,348.0
Q96D53,F348Y,0.0963,benign,ADCK4,348.0
Q96D53,Q349A,0.2715,benign,ADCK4,349.0
Q96D53,Q349C,0.4967,ambiguous,ADCK4,349.0
Q96D53,Q349D,0.4884,ambiguous,ADCK4,349.0
Q96D53,Q349E,0.1094,benign,ADCK4,349.0
Q96D53,Q349F,0.7565,pathogenic,ADCK4,349.0
Q96D53,Q349G,0.277,benign,ADCK4,349.0
Q96D53,Q349H,0.1396,benign,ADCK4,349.0
Q96D53,Q349I,0.7275,pathogenic,ADCK4,349.0
Q96D53,Q349K,0.1622,benign,ADCK4,349.0
Q96D53,Q349L,0.2309,benign,ADCK4,349.0
Q96D53,Q349M,0.6479,pathogenic,ADCK4,349.0
Q96D53,Q349N,0.2524,benign,ADCK4,349.0
Q96D53,Q349P,0.4309,ambiguous,ADCK4,349.0
Q96D53,Q349R,0.0885,benign,ADCK4,349.0
Q96D53,Q349S,0.2352,benign,ADCK4,349.0
Q96D53,Q349T,0.3815,ambiguous,ADCK4,349.0
Q96D53,Q349V,0.5067,ambiguous,ADCK4,349.0
Q96D53,Q349W,0.488,ambiguous,ADCK4,349.0
Q96D53,Q349Y,0.4247,ambiguous,ADCK4,349.0
Q96D53,L350A,0.7922,pathogenic,ADCK4,350.0
Q96D53,L350C,0.8656,pathogenic,ADCK4,350.0
Q96D53,L350D,0.9924,pathogenic,ADCK4,350.0
Q96D53,L350E,0.9543,pathogenic,ADCK4,350.0
Q96D53,L350F,0.3613,ambiguous,ADCK4,350.0
Q96D53,L350G,0.9253,pathogenic,ADCK4,350.0
Q96D53,L350H,0.8849,pathogenic,ADCK4,350.0
Q96D53,L350I,0.1275,benign,ADCK4,350.0
Q96D53,L350K,0.9508,pathogenic,ADCK4,350.0
Q96D53,L350M,0.176,benign,ADCK4,350.0
Q96D53,L350N,0.9484,pathogenic,ADCK4,350.0
Q96D53,L350P,0.9788,pathogenic,ADCK4,350.0
Q96D53,L350Q,0.8155,pathogenic,ADCK4,350.0
Q96D53,L350R,0.905,pathogenic,ADCK4,350.0
Q96D53,L350S,0.9063,pathogenic,ADCK4,350.0
Q96D53,L350T,0.7611,pathogenic,ADCK4,350.0
Q96D53,L350V,0.1632,benign,ADCK4,350.0
Q96D53,L350W,0.6796,pathogenic,ADCK4,350.0
Q96D53,L350Y,0.8172,pathogenic,ADCK4,350.0
Q96D53,L351A,0.8116,pathogenic,ADCK4,351.0
Q96D53,L351C,0.8706,pathogenic,ADCK4,351.0
Q96D53,L351D,0.9928,pathogenic,ADCK4,351.0
Q96D53,L351E,0.9538,pathogenic,ADCK4,351.0
Q96D53,L351F,0.3617,ambiguous,ADCK4,351.0
Q96D53,L351G,0.9346,pathogenic,ADCK4,351.0
Q96D53,L351H,0.8852,pathogenic,ADCK4,351.0
Q96D53,L351I,0.2452,benign,ADCK4,351.0
Q96D53,L351K,0.9529,pathogenic,ADCK4,351.0
Q96D53,L351M,0.1951,benign,ADCK4,351.0
Q96D53,L351N,0.9562,pathogenic,ADCK4,351.0
Q96D53,L351P,0.9585,pathogenic,ADCK4,351.0
Q96D53,L351Q,0.7835,pathogenic,ADCK4,351.0
Q96D53,L351R,0.897,pathogenic,ADCK4,351.0
Q96D53,L351S,0.9171,pathogenic,ADCK4,351.0
Q96D53,L351T,0.7948,pathogenic,ADCK4,351.0
Q96D53,L351V,0.2388,benign,ADCK4,351.0
Q96D53,L351W,0.7693,pathogenic,ADCK4,351.0
Q96D53,L351Y,0.9096,pathogenic,ADCK4,351.0
Q96D53,T352A,0.071,benign,ADCK4,352.0
Q96D53,T352C,0.1732,benign,ADCK4,352.0
Q96D53,T352D,0.2468,benign,ADCK4,352.0
Q96D53,T352E,0.1313,benign,ADCK4,352.0
Q96D53,T352F,0.1918,benign,ADCK4,352.0
Q96D53,T352G,0.1057,benign,ADCK4,352.0
Q96D53,T352H,0.0718,benign,ADCK4,352.0
Q96D53,T352I,0.1412,benign,ADCK4,352.0
Q96D53,T352K,0.0602,benign,ADCK4,352.0
Q96D53,T352L,0.0786,benign,ADCK4,352.0
Q96D53,T352M,0.0923,benign,ADCK4,352.0
Q96D53,T352N,0.099,benign,ADCK4,352.0
Q96D53,T352P,0.3502,ambiguous,ADCK4,352.0
Q96D53,T352Q,0.0655,benign,ADCK4,352.0
Q96D53,T352R,0.0383,benign,ADCK4,352.0
Q96D53,T352S,0.0888,benign,ADCK4,352.0
Q96D53,T352V,0.1296,benign,ADCK4,352.0
Q96D53,T352W,0.1964,benign,ADCK4,352.0
Q96D53,T352Y,0.146,benign,ADCK4,352.0
Q96D53,L353A,0.8217,pathogenic,ADCK4,353.0
Q96D53,L353C,0.8781,pathogenic,ADCK4,353.0
Q96D53,L353D,0.9954,pathogenic,ADCK4,353.0
Q96D53,L353E,0.9812,pathogenic,ADCK4,353.0
Q96D53,L353F,0.7555,pathogenic,ADCK4,353.0
Q96D53,L353G,0.9403,pathogenic,ADCK4,353.0
Q96D53,L353H,0.926,pathogenic,ADCK4,353.0
Q96D53,L353I,0.351,ambiguous,ADCK4,353.0
Q96D53,L353K,0.972,pathogenic,ADCK4,353.0
Q96D53,L353M,0.5561,ambiguous,ADCK4,353.0
Q96D53,L353N,0.9624,pathogenic,ADCK4,353.0
Q96D53,L353P,0.9678,pathogenic,ADCK4,353.0
Q96D53,L353Q,0.9054,pathogenic,ADCK4,353.0
Q96D53,L353R,0.8687,pathogenic,ADCK4,353.0
Q96D53,L353S,0.9322,pathogenic,ADCK4,353.0
Q96D53,L353T,0.8277,pathogenic,ADCK4,353.0
Q96D53,L353V,0.2799,benign,ADCK4,353.0
Q96D53,L353W,0.9303,pathogenic,ADCK4,353.0
Q96D53,L353Y,0.9607,pathogenic,ADCK4,353.0
Q96D53,C354A,0.5785,pathogenic,ADCK4,354.0
Q96D53,C354D,0.9751,pathogenic,ADCK4,354.0
Q96D53,C354E,0.9898,pathogenic,ADCK4,354.0
Q96D53,C354F,0.5355,ambiguous,ADCK4,354.0
Q96D53,C354G,0.301,benign,ADCK4,354.0
Q96D53,C354H,0.9426,pathogenic,ADCK4,354.0
Q96D53,C354I,0.8109,pathogenic,ADCK4,354.0
Q96D53,C354K,0.9959,pathogenic,ADCK4,354.0
Q96D53,C354L,0.654,pathogenic,ADCK4,354.0
Q96D53,C354M,0.8311,pathogenic,ADCK4,354.0
Q96D53,C354N,0.8892,pathogenic,ADCK4,354.0
Q96D53,C354P,0.9782,pathogenic,ADCK4,354.0
Q96D53,C354Q,0.9619,pathogenic,ADCK4,354.0
Q96D53,C354R,0.9667,pathogenic,ADCK4,354.0
Q96D53,C354S,0.371,ambiguous,ADCK4,354.0
Q96D53,C354T,0.4686,ambiguous,ADCK4,354.0
Q96D53,C354V,0.6065,pathogenic,ADCK4,354.0
Q96D53,C354W,0.9258,pathogenic,ADCK4,354.0
Q96D53,C354Y,0.8633,pathogenic,ADCK4,354.0
Q96D53,L355A,0.8012,pathogenic,ADCK4,355.0
Q96D53,L355C,0.819,pathogenic,ADCK4,355.0
Q96D53,L355D,0.9935,pathogenic,ADCK4,355.0
Q96D53,L355E,0.951,pathogenic,ADCK4,355.0
Q96D53,L355F,0.244,benign,ADCK4,355.0
Q96D53,L355G,0.912,pathogenic,ADCK4,355.0
Q96D53,L355H,0.868,pathogenic,ADCK4,355.0
Q96D53,L355I,0.2621,benign,ADCK4,355.0
Q96D53,L355K,0.9463,pathogenic,ADCK4,355.0
Q96D53,L355M,0.2171,benign,ADCK4,355.0
Q96D53,L355N,0.965,pathogenic,ADCK4,355.0
Q96D53,L355P,0.9681,pathogenic,ADCK4,355.0
Q96D53,L355Q,0.7414,pathogenic,ADCK4,355.0
Q96D53,L355R,0.8453,pathogenic,ADCK4,355.0
Q96D53,L355S,0.8904,pathogenic,ADCK4,355.0
Q96D53,L355T,0.7788,pathogenic,ADCK4,355.0
Q96D53,L355V,0.2575,benign,ADCK4,355.0
Q96D53,L355W,0.651,pathogenic,ADCK4,355.0
Q96D53,L355Y,0.8884,pathogenic,ADCK4,355.0
Q96D53,R356A,0.5486,ambiguous,ADCK4,356.0
Q96D53,R356C,0.1986,benign,ADCK4,356.0
Q96D53,R356D,0.7689,pathogenic,ADCK4,356.0
Q96D53,R356E,0.4416,ambiguous,ADCK4,356.0
Q96D53,R356F,0.7977,pathogenic,ADCK4,356.0
Q96D53,R356G,0.3258,benign,ADCK4,356.0
Q96D53,R356H,0.1255,benign,ADCK4,356.0
Q96D53,R356I,0.6878,pathogenic,ADCK4,356.0
Q96D53,R356K,0.1455,benign,ADCK4,356.0
Q96D53,R356L,0.3384,benign,ADCK4,356.0
Q96D53,R356M,0.5255,ambiguous,ADCK4,356.0
Q96D53,R356N,0.7055,pathogenic,ADCK4,356.0
Q96D53,R356P,0.9486,pathogenic,ADCK4,356.0
Q96D53,R356Q,0.0974,benign,ADCK4,356.0
Q96D53,R356S,0.6067,pathogenic,ADCK4,356.0
Q96D53,R356T,0.4418,ambiguous,ADCK4,356.0
Q96D53,R356V,0.6761,pathogenic,ADCK4,356.0
Q96D53,R356W,0.2107,benign,ADCK4,356.0
Q96D53,R356Y,0.5646,pathogenic,ADCK4,356.0
Q96D53,E357A,0.9562,pathogenic,ADCK4,357.0
Q96D53,E357C,0.9873,pathogenic,ADCK4,357.0
Q96D53,E357D,0.9705,pathogenic,ADCK4,357.0
Q96D53,E357F,0.9987,pathogenic,ADCK4,357.0
Q96D53,E357G,0.9013,pathogenic,ADCK4,357.0
Q96D53,E357H,0.9931,pathogenic,ADCK4,357.0
Q96D53,E357I,0.9958,pathogenic,ADCK4,357.0
Q96D53,E357K,0.9739,pathogenic,ADCK4,357.0
Q96D53,E357L,0.9919,pathogenic,ADCK4,357.0
Q96D53,E357M,0.9902,pathogenic,ADCK4,357.0
Q96D53,E357N,0.9925,pathogenic,ADCK4,357.0
Q96D53,E357P,0.9962,pathogenic,ADCK4,357.0
Q96D53,E357Q,0.8922,pathogenic,ADCK4,357.0
Q96D53,E357R,0.9801,pathogenic,ADCK4,357.0
Q96D53,E357S,0.9582,pathogenic,ADCK4,357.0
Q96D53,E357T,0.9865,pathogenic,ADCK4,357.0
Q96D53,E357V,0.9865,pathogenic,ADCK4,357.0
Q96D53,E357W,0.9993,pathogenic,ADCK4,357.0
Q96D53,E357Y,0.9964,pathogenic,ADCK4,357.0
Q96D53,L358A,0.7612,pathogenic,ADCK4,358.0
Q96D53,L358C,0.8372,pathogenic,ADCK4,358.0
Q96D53,L358D,0.9947,pathogenic,ADCK4,358.0
Q96D53,L358E,0.9766,pathogenic,ADCK4,358.0
Q96D53,L358F,0.7411,pathogenic,ADCK4,358.0
Q96D53,L358G,0.9472,pathogenic,ADCK4,358.0
Q96D53,L358H,0.9544,pathogenic,ADCK4,358.0
Q96D53,L358I,0.1475,benign,ADCK4,358.0
Q96D53,L358K,0.9704,pathogenic,ADCK4,358.0
Q96D53,L358M,0.3419,ambiguous,ADCK4,358.0
Q96D53,L358N,0.9672,pathogenic,ADCK4,358.0
Q96D53,L358P,0.9537,pathogenic,ADCK4,358.0
Q96D53,L358Q,0.9087,pathogenic,ADCK4,358.0
Q96D53,L358R,0.9027,pathogenic,ADCK4,358.0
Q96D53,L358S,0.9466,pathogenic,ADCK4,358.0
Q96D53,L358T,0.7335,pathogenic,ADCK4,358.0
Q96D53,L358V,0.1238,benign,ADCK4,358.0
Q96D53,L358W,0.9074,pathogenic,ADCK4,358.0
Q96D53,L358Y,0.9493,pathogenic,ADCK4,358.0
Q96D53,F359A,0.9295,pathogenic,ADCK4,359.0
Q96D53,F359C,0.8775,pathogenic,ADCK4,359.0
Q96D53,F359D,0.988,pathogenic,ADCK4,359.0
Q96D53,F359E,0.9901,pathogenic,ADCK4,359.0
Q96D53,F359G,0.9383,pathogenic,ADCK4,359.0
Q96D53,F359H,0.9433,pathogenic,ADCK4,359.0
Q96D53,F359I,0.9348,pathogenic,ADCK4,359.0
Q96D53,F359K,0.9891,pathogenic,ADCK4,359.0
Q96D53,F359L,0.9635,pathogenic,ADCK4,359.0
Q96D53,F359M,0.9296,pathogenic,ADCK4,359.0
Q96D53,F359N,0.9814,pathogenic,ADCK4,359.0
Q96D53,F359P,0.9936,pathogenic,ADCK4,359.0
Q96D53,F359Q,0.9698,pathogenic,ADCK4,359.0
Q96D53,F359R,0.9507,pathogenic,ADCK4,359.0
Q96D53,F359S,0.9212,pathogenic,ADCK4,359.0
Q96D53,F359T,0.937,pathogenic,ADCK4,359.0
Q96D53,F359V,0.8835,pathogenic,ADCK4,359.0
Q96D53,F359W,0.805,pathogenic,ADCK4,359.0
Q96D53,F359Y,0.789,pathogenic,ADCK4,359.0
Q96D53,E360A,0.2095,benign,ADCK4,360.0
Q96D53,E360C,0.7933,pathogenic,ADCK4,360.0
Q96D53,E360D,0.2732,benign,ADCK4,360.0
Q96D53,E360F,0.8196,pathogenic,ADCK4,360.0
Q96D53,E360G,0.3468,ambiguous,ADCK4,360.0
Q96D53,E360H,0.452,ambiguous,ADCK4,360.0
Q96D53,E360I,0.4,ambiguous,ADCK4,360.0
Q96D53,E360K,0.3058,benign,ADCK4,360.0
Q96D53,E360L,0.5149,ambiguous,ADCK4,360.0
Q96D53,E360M,0.5975,pathogenic,ADCK4,360.0
Q96D53,E360N,0.5288,ambiguous,ADCK4,360.0
Q96D53,E360P,0.9381,pathogenic,ADCK4,360.0
Q96D53,E360Q,0.1317,benign,ADCK4,360.0
Q96D53,E360R,0.3022,benign,ADCK4,360.0
Q96D53,E360S,0.28,benign,ADCK4,360.0
Q96D53,E360T,0.2801,benign,ADCK4,360.0
Q96D53,E360V,0.2328,benign,ADCK4,360.0
Q96D53,E360W,0.9164,pathogenic,ADCK4,360.0
Q96D53,E360Y,0.7234,pathogenic,ADCK4,360.0
Q96D53,F361A,0.9536,pathogenic,ADCK4,361.0
Q96D53,F361C,0.8025,pathogenic,ADCK4,361.0
Q96D53,F361D,0.9312,pathogenic,ADCK4,361.0
Q96D53,F361E,0.9655,pathogenic,ADCK4,361.0
Q96D53,F361G,0.9385,pathogenic,ADCK4,361.0
Q96D53,F361H,0.8141,pathogenic,ADCK4,361.0
Q96D53,F361I,0.8379,pathogenic,ADCK4,361.0
Q96D53,F361K,0.9677,pathogenic,ADCK4,361.0
Q96D53,F361L,0.9622,pathogenic,ADCK4,361.0
Q96D53,F361M,0.8884,pathogenic,ADCK4,361.0
Q96D53,F361N,0.856,pathogenic,ADCK4,361.0
Q96D53,F361P,0.9976,pathogenic,ADCK4,361.0
Q96D53,F361Q,0.9487,pathogenic,ADCK4,361.0
Q96D53,F361R,0.9351,pathogenic,ADCK4,361.0
Q96D53,F361S,0.9021,pathogenic,ADCK4,361.0
Q96D53,F361T,0.9546,pathogenic,ADCK4,361.0
Q96D53,F361V,0.8561,pathogenic,ADCK4,361.0
Q96D53,F361W,0.4803,ambiguous,ADCK4,361.0
Q96D53,F361Y,0.243,benign,ADCK4,361.0
Q96D53,R362A,0.523,ambiguous,ADCK4,362.0
Q96D53,R362C,0.1116,benign,ADCK4,362.0
Q96D53,R362D,0.6848,pathogenic,ADCK4,362.0
Q96D53,R362E,0.5022,ambiguous,ADCK4,362.0
Q96D53,R362F,0.7629,pathogenic,ADCK4,362.0
Q96D53,R362G,0.1655,benign,ADCK4,362.0
Q96D53,R362H,0.0834,benign,ADCK4,362.0
Q96D53,R362I,0.7841,pathogenic,ADCK4,362.0
Q96D53,R362K,0.245,benign,ADCK4,362.0
Q96D53,R362L,0.4382,ambiguous,ADCK4,362.0
Q96D53,R362M,0.7135,pathogenic,ADCK4,362.0
Q96D53,R362N,0.5355,ambiguous,ADCK4,362.0
Q96D53,R362P,0.7067,pathogenic,ADCK4,362.0
Q96D53,R362Q,0.1025,benign,ADCK4,362.0
Q96D53,R362S,0.4221,ambiguous,ADCK4,362.0
Q96D53,R362T,0.5214,ambiguous,ADCK4,362.0
Q96D53,R362V,0.7567,pathogenic,ADCK4,362.0
Q96D53,R362W,0.2467,benign,ADCK4,362.0
Q96D53,R362Y,0.465,ambiguous,ADCK4,362.0
Q96D53,F363A,0.8291,pathogenic,ADCK4,363.0
Q96D53,F363C,0.4582,ambiguous,ADCK4,363.0
Q96D53,F363D,0.9504,pathogenic,ADCK4,363.0
Q96D53,F363E,0.9385,pathogenic,ADCK4,363.0
Q96D53,F363G,0.9049,pathogenic,ADCK4,363.0
Q96D53,F363H,0.7935,pathogenic,ADCK4,363.0
Q96D53,F363I,0.4583,ambiguous,ADCK4,363.0
Q96D53,F363K,0.9013,pathogenic,ADCK4,363.0
Q96D53,F363L,0.9233,pathogenic,ADCK4,363.0
Q96D53,F363M,0.7456,pathogenic,ADCK4,363.0
Q96D53,F363N,0.8724,pathogenic,ADCK4,363.0
Q96D53,F363P,0.9972,pathogenic,ADCK4,363.0
Q96D53,F363Q,0.8524,pathogenic,ADCK4,363.0
Q96D53,F363R,0.7558,pathogenic,ADCK4,363.0
Q96D53,F363S,0.7673,pathogenic,ADCK4,363.0
Q96D53,F363T,0.805,pathogenic,ADCK4,363.0
Q96D53,F363V,0.3887,ambiguous,ADCK4,363.0
Q96D53,F363W,0.6091,pathogenic,ADCK4,363.0
Q96D53,F363Y,0.2079,benign,ADCK4,363.0
Q96D53,M364A,0.8922,pathogenic,ADCK4,364.0
Q96D53,M364C,0.8895,pathogenic,ADCK4,364.0
Q96D53,M364D,0.9983,pathogenic,ADCK4,364.0
Q96D53,M364E,0.9672,pathogenic,ADCK4,364.0
Q96D53,M364F,0.8498,pathogenic,ADCK4,364.0
Q96D53,M364G,0.9737,pathogenic,ADCK4,364.0
Q96D53,M364H,0.9751,pathogenic,ADCK4,364.0
Q96D53,M364I,0.8642,pathogenic,ADCK4,364.0
Q96D53,M364K,0.9442,pathogenic,ADCK4,364.0
Q96D53,M364L,0.4285,ambiguous,ADCK4,364.0
Q96D53,M364N,0.9858,pathogenic,ADCK4,364.0
Q96D53,M364P,0.9893,pathogenic,ADCK4,364.0
Q96D53,M364Q,0.7321,pathogenic,ADCK4,364.0
Q96D53,M364R,0.8936,pathogenic,ADCK4,364.0
Q96D53,M364S,0.8624,pathogenic,ADCK4,364.0
Q96D53,M364T,0.8233,pathogenic,ADCK4,364.0
Q96D53,M364V,0.3076,benign,ADCK4,364.0
Q96D53,M364W,0.9787,pathogenic,ADCK4,364.0
Q96D53,M364Y,0.9837,pathogenic,ADCK4,364.0
Q96D53,Q365A,0.7861,pathogenic,ADCK4,365.0
Q96D53,Q365C,0.9863,pathogenic,ADCK4,365.0
Q96D53,Q365D,0.9849,pathogenic,ADCK4,365.0
Q96D53,Q365E,0.5739,pathogenic,ADCK4,365.0
Q96D53,Q365F,0.9948,pathogenic,ADCK4,365.0
Q96D53,Q365G,0.8602,pathogenic,ADCK4,365.0
Q96D53,Q365H,0.9488,pathogenic,ADCK4,365.0
Q96D53,Q365I,0.9507,pathogenic,ADCK4,365.0
Q96D53,Q365K,0.9468,pathogenic,ADCK4,365.0
Q96D53,Q365L,0.792,pathogenic,ADCK4,365.0
Q96D53,Q365M,0.8511,pathogenic,ADCK4,365.0
Q96D53,Q365N,0.6255,pathogenic,ADCK4,365.0
Q96D53,Q365P,0.6888,pathogenic,ADCK4,365.0
Q96D53,Q365R,0.951,pathogenic,ADCK4,365.0
Q96D53,Q365S,0.7582,pathogenic,ADCK4,365.0
Q96D53,Q365T,0.866,pathogenic,ADCK4,365.0
Q96D53,Q365V,0.9006,pathogenic,ADCK4,365.0
Q96D53,Q365W,0.997,pathogenic,ADCK4,365.0
Q96D53,Q365Y,0.9947,pathogenic,ADCK4,365.0
Q96D53,T366A,0.5714,pathogenic,ADCK4,366.0
Q96D53,T366C,0.9101,pathogenic,ADCK4,366.0
Q96D53,T366D,0.9575,pathogenic,ADCK4,366.0
Q96D53,T366E,0.9538,pathogenic,ADCK4,366.0
Q96D53,T366F,0.9802,pathogenic,ADCK4,366.0
Q96D53,T366G,0.7259,pathogenic,ADCK4,366.0
Q96D53,T366H,0.9421,pathogenic,ADCK4,366.0
Q96D53,T366I,0.9402,pathogenic,ADCK4,366.0
Q96D53,T366K,0.9407,pathogenic,ADCK4,366.0
Q96D53,T366L,0.7687,pathogenic,ADCK4,366.0
Q96D53,T366M,0.519,ambiguous,ADCK4,366.0
Q96D53,T366N,0.7734,pathogenic,ADCK4,366.0
Q96D53,T366P,0.7687,pathogenic,ADCK4,366.0
Q96D53,T366Q,0.9136,pathogenic,ADCK4,366.0
Q96D53,T366R,0.8969,pathogenic,ADCK4,366.0
Q96D53,T366S,0.506,ambiguous,ADCK4,366.0
Q96D53,T366V,0.8404,pathogenic,ADCK4,366.0
Q96D53,T366W,0.989,pathogenic,ADCK4,366.0
Q96D53,T366Y,0.9755,pathogenic,ADCK4,366.0
Q96D53,D367A,0.9656,pathogenic,ADCK4,367.0
Q96D53,D367C,0.9973,pathogenic,ADCK4,367.0
Q96D53,D367E,0.9786,pathogenic,ADCK4,367.0
Q96D53,D367F,0.9944,pathogenic,ADCK4,367.0
Q96D53,D367G,0.9937,pathogenic,ADCK4,367.0
Q96D53,D367H,0.9784,pathogenic,ADCK4,367.0
Q96D53,D367I,0.9936,pathogenic,ADCK4,367.0
Q96D53,D367K,0.9942,pathogenic,ADCK4,367.0
Q96D53,D367L,0.987,pathogenic,ADCK4,367.0
Q96D53,D367M,0.9983,pathogenic,ADCK4,367.0
Q96D53,D367N,0.9116,pathogenic,ADCK4,367.0
Q96D53,D367P,0.9865,pathogenic,ADCK4,367.0
Q96D53,D367Q,0.9933,pathogenic,ADCK4,367.0
Q96D53,D367R,0.9856,pathogenic,ADCK4,367.0
Q96D53,D367S,0.9104,pathogenic,ADCK4,367.0
Q96D53,D367T,0.9909,pathogenic,ADCK4,367.0
Q96D53,D367V,0.9851,pathogenic,ADCK4,367.0
Q96D53,D367W,0.9987,pathogenic,ADCK4,367.0
Q96D53,D367Y,0.9437,pathogenic,ADCK4,367.0
Q96D53,P368A,0.5123,ambiguous,ADCK4,368.0
Q96D53,P368C,0.9286,pathogenic,ADCK4,368.0
Q96D53,P368D,0.9936,pathogenic,ADCK4,368.0
Q96D53,P368E,0.986,pathogenic,ADCK4,368.0
Q96D53,P368F,0.99,pathogenic,ADCK4,368.0
Q96D53,P368G,0.9328,pathogenic,ADCK4,368.0
Q96D53,P368H,0.9655,pathogenic,ADCK4,368.0
Q96D53,P368I,0.9638,pathogenic,ADCK4,368.0
Q96D53,P368K,0.9927,pathogenic,ADCK4,368.0
Q96D53,P368L,0.7954,pathogenic,ADCK4,368.0
Q96D53,P368M,0.9594,pathogenic,ADCK4,368.0
Q96D53,P368N,0.9847,pathogenic,ADCK4,368.0
Q96D53,P368Q,0.9551,pathogenic,ADCK4,368.0
Q96D53,P368R,0.9558,pathogenic,ADCK4,368.0
Q96D53,P368S,0.7799,pathogenic,ADCK4,368.0
Q96D53,P368T,0.7227,pathogenic,ADCK4,368.0
Q96D53,P368V,0.8962,pathogenic,ADCK4,368.0
Q96D53,P368W,0.9957,pathogenic,ADCK4,368.0
Q96D53,P368Y,0.9935,pathogenic,ADCK4,368.0
Q96D53,N369A,0.8825,pathogenic,ADCK4,369.0
Q96D53,N369C,0.7372,pathogenic,ADCK4,369.0
Q96D53,N369D,0.9141,pathogenic,ADCK4,369.0
Q96D53,N369E,0.9811,pathogenic,ADCK4,369.0
Q96D53,N369F,0.9771,pathogenic,ADCK4,369.0
Q96D53,N369G,0.9062,pathogenic,ADCK4,369.0
Q96D53,N369H,0.5275,ambiguous,ADCK4,369.0
Q96D53,N369I,0.8975,pathogenic,ADCK4,369.0
Q96D53,N369K,0.9821,pathogenic,ADCK4,369.0
Q96D53,N369L,0.8171,pathogenic,ADCK4,369.0
Q96D53,N369M,0.9327,pathogenic,ADCK4,369.0
Q96D53,N369P,0.9455,pathogenic,ADCK4,369.0
Q96D53,N369Q,0.9437,pathogenic,ADCK4,369.0
Q96D53,N369R,0.956,pathogenic,ADCK4,369.0
Q96D53,N369S,0.3001,benign,ADCK4,369.0
Q96D53,N369T,0.7838,pathogenic,ADCK4,369.0
Q96D53,N369V,0.8571,pathogenic,ADCK4,369.0
Q96D53,N369W,0.9903,pathogenic,ADCK4,369.0
Q96D53,N369Y,0.8577,pathogenic,ADCK4,369.0
Q96D53,W370A,0.7028,pathogenic,ADCK4,370.0
Q96D53,W370C,0.8943,pathogenic,ADCK4,370.0
Q96D53,W370D,0.9649,pathogenic,ADCK4,370.0
Q96D53,W370E,0.9615,pathogenic,ADCK4,370.0
Q96D53,W370F,0.4067,ambiguous,ADCK4,370.0
Q96D53,W370G,0.5194,ambiguous,ADCK4,370.0
Q96D53,W370H,0.9084,pathogenic,ADCK4,370.0
Q96D53,W370I,0.8768,pathogenic,ADCK4,370.0
Q96D53,W370K,0.9691,pathogenic,ADCK4,370.0
Q96D53,W370L,0.5568,ambiguous,ADCK4,370.0
Q96D53,W370M,0.8669,pathogenic,ADCK4,370.0
Q96D53,W370N,0.9667,pathogenic,ADCK4,370.0
Q96D53,W370P,0.7255,pathogenic,ADCK4,370.0
Q96D53,W370Q,0.9425,pathogenic,ADCK4,370.0
Q96D53,W370R,0.8914,pathogenic,ADCK4,370.0
Q96D53,W370S,0.6919,pathogenic,ADCK4,370.0
Q96D53,W370T,0.8316,pathogenic,ADCK4,370.0
Q96D53,W370V,0.7825,pathogenic,ADCK4,370.0
Q96D53,W370Y,0.6799,pathogenic,ADCK4,370.0
Q96D53,A371C,0.8153,pathogenic,ADCK4,371.0
Q96D53,A371D,0.7299,pathogenic,ADCK4,371.0
Q96D53,A371E,0.7464,pathogenic,ADCK4,371.0
Q96D53,A371F,0.88,pathogenic,ADCK4,371.0
Q96D53,A371G,0.1325,benign,ADCK4,371.0
Q96D53,A371H,0.8424,pathogenic,ADCK4,371.0
Q96D53,A371I,0.9366,pathogenic,ADCK4,371.0
Q96D53,A371K,0.9143,pathogenic,ADCK4,371.0
Q96D53,A371L,0.7418,pathogenic,ADCK4,371.0
Q96D53,A371M,0.7655,pathogenic,ADCK4,371.0
Q96D53,A371N,0.639,pathogenic,ADCK4,371.0
Q96D53,A371P,0.8408,pathogenic,ADCK4,371.0
Q96D53,A371Q,0.7143,pathogenic,ADCK4,371.0
Q96D53,A371R,0.8073,pathogenic,ADCK4,371.0
Q96D53,A371S,0.0956,benign,ADCK4,371.0
Q96D53,A371T,0.3232,benign,ADCK4,371.0
Q96D53,A371V,0.6942,pathogenic,ADCK4,371.0
Q96D53,A371W,0.9697,pathogenic,ADCK4,371.0
Q96D53,A371Y,0.9045,pathogenic,ADCK4,371.0
Q96D53,N372A,0.9781,pathogenic,ADCK4,372.0
Q96D53,N372C,0.8913,pathogenic,ADCK4,372.0
Q96D53,N372D,0.9675,pathogenic,ADCK4,372.0
Q96D53,N372E,0.9944,pathogenic,ADCK4,372.0
Q96D53,N372F,0.9973,pathogenic,ADCK4,372.0
Q96D53,N372G,0.9704,pathogenic,ADCK4,372.0
Q96D53,N372H,0.9313,pathogenic,ADCK4,372.0
Q96D53,N372I,0.9652,pathogenic,ADCK4,372.0
Q96D53,N372K,0.9901,pathogenic,ADCK4,372.0
Q96D53,N372L,0.9395,pathogenic,ADCK4,372.0
Q96D53,N372M,0.9829,pathogenic,ADCK4,372.0
Q96D53,N372P,0.9718,pathogenic,ADCK4,372.0
Q96D53,N372Q,0.9929,pathogenic,ADCK4,372.0
Q96D53,N372R,0.9857,pathogenic,ADCK4,372.0
Q96D53,N372S,0.6429,pathogenic,ADCK4,372.0
Q96D53,N372T,0.9296,pathogenic,ADCK4,372.0
Q96D53,N372V,0.959,pathogenic,ADCK4,372.0
Q96D53,N372W,0.9979,pathogenic,ADCK4,372.0
Q96D53,N372Y,0.9644,pathogenic,ADCK4,372.0
Q96D53,F373A,0.9911,pathogenic,ADCK4,373.0
Q96D53,F373C,0.9554,pathogenic,ADCK4,373.0
Q96D53,F373D,0.9966,pathogenic,ADCK4,373.0
Q96D53,F373E,0.9981,pathogenic,ADCK4,373.0
Q96D53,F373G,0.9946,pathogenic,ADCK4,373.0
Q96D53,F373H,0.9698,pathogenic,ADCK4,373.0
Q96D53,F373I,0.8928,pathogenic,ADCK4,373.0
Q96D53,F373K,0.9979,pathogenic,ADCK4,373.0
Q96D53,F373L,0.9875,pathogenic,ADCK4,373.0
Q96D53,F373M,0.9679,pathogenic,ADCK4,373.0
Q96D53,F373N,0.9897,pathogenic,ADCK4,373.0
Q96D53,F373P,0.9998,pathogenic,ADCK4,373.0
Q96D53,F373Q,0.9946,pathogenic,ADCK4,373.0
Q96D53,F373R,0.9922,pathogenic,ADCK4,373.0
Q96D53,F373S,0.9832,pathogenic,ADCK4,373.0
Q96D53,F373T,0.9862,pathogenic,ADCK4,373.0
Q96D53,F373V,0.8681,pathogenic,ADCK4,373.0
Q96D53,F373W,0.9266,pathogenic,ADCK4,373.0
Q96D53,F373Y,0.3668,ambiguous,ADCK4,373.0
Q96D53,L374A,0.7408,pathogenic,ADCK4,374.0
Q96D53,L374C,0.6619,pathogenic,ADCK4,374.0
Q96D53,L374D,0.9766,pathogenic,ADCK4,374.0
Q96D53,L374E,0.8775,pathogenic,ADCK4,374.0
Q96D53,L374F,0.1877,benign,ADCK4,374.0
Q96D53,L374G,0.8843,pathogenic,ADCK4,374.0
Q96D53,L374H,0.4914,ambiguous,ADCK4,374.0
Q96D53,L374I,0.2244,benign,ADCK4,374.0
Q96D53,L374K,0.7445,pathogenic,ADCK4,374.0
Q96D53,L374M,0.2674,benign,ADCK4,374.0
Q96D53,L374N,0.8726,pathogenic,ADCK4,374.0
Q96D53,L374P,0.9322,pathogenic,ADCK4,374.0
Q96D53,L374Q,0.3833,ambiguous,ADCK4,374.0
Q96D53,L374R,0.3454,ambiguous,ADCK4,374.0
Q96D53,L374S,0.7735,pathogenic,ADCK4,374.0
Q96D53,L374T,0.7486,pathogenic,ADCK4,374.0
Q96D53,L374V,0.2408,benign,ADCK4,374.0
Q96D53,L374W,0.3545,ambiguous,ADCK4,374.0
Q96D53,L374Y,0.5587,ambiguous,ADCK4,374.0
Q96D53,Y375A,0.953,pathogenic,ADCK4,375.0
Q96D53,Y375C,0.5906,pathogenic,ADCK4,375.0
Q96D53,Y375D,0.9709,pathogenic,ADCK4,375.0
Q96D53,Y375E,0.9897,pathogenic,ADCK4,375.0
Q96D53,Y375F,0.1386,benign,ADCK4,375.0
Q96D53,Y375G,0.9333,pathogenic,ADCK4,375.0
Q96D53,Y375H,0.7397,pathogenic,ADCK4,375.0
Q96D53,Y375I,0.8836,pathogenic,ADCK4,375.0
Q96D53,Y375K,0.9882,pathogenic,ADCK4,375.0
Q96D53,Y375L,0.7617,pathogenic,ADCK4,375.0
Q96D53,Y375M,0.9361,pathogenic,ADCK4,375.0
Q96D53,Y375N,0.9333,pathogenic,ADCK4,375.0
Q96D53,Y375P,0.9811,pathogenic,ADCK4,375.0
Q96D53,Y375Q,0.9737,pathogenic,ADCK4,375.0
Q96D53,Y375R,0.944,pathogenic,ADCK4,375.0
Q96D53,Y375S,0.9105,pathogenic,ADCK4,375.0
Q96D53,Y375T,0.9699,pathogenic,ADCK4,375.0
Q96D53,Y375V,0.7812,pathogenic,ADCK4,375.0
Q96D53,Y375W,0.425,ambiguous,ADCK4,375.0
Q96D53,D376A,0.4046,ambiguous,ADCK4,376.0
Q96D53,D376C,0.6421,pathogenic,ADCK4,376.0
Q96D53,D376E,0.2839,benign,ADCK4,376.0
Q96D53,D376F,0.9127,pathogenic,ADCK4,376.0
Q96D53,D376G,0.5673,pathogenic,ADCK4,376.0
Q96D53,D376H,0.3718,ambiguous,ADCK4,376.0
Q96D53,D376I,0.6897,pathogenic,ADCK4,376.0
Q96D53,D376K,0.6939,pathogenic,ADCK4,376.0
Q96D53,D376L,0.6935,pathogenic,ADCK4,376.0
Q96D53,D376M,0.8571,pathogenic,ADCK4,376.0
Q96D53,D376N,0.1479,benign,ADCK4,376.0
Q96D53,D376P,0.9587,pathogenic,ADCK4,376.0
Q96D53,D376Q,0.478,ambiguous,ADCK4,376.0
Q96D53,D376R,0.6141,pathogenic,ADCK4,376.0
Q96D53,D376S,0.2338,benign,ADCK4,376.0
Q96D53,D376T,0.5466,ambiguous,ADCK4,376.0
Q96D53,D376V,0.4564,ambiguous,ADCK4,376.0
Q96D53,D376W,0.9616,pathogenic,ADCK4,376.0
Q96D53,D376Y,0.5073,ambiguous,ADCK4,376.0
Q96D53,A377C,0.3635,ambiguous,ADCK4,377.0
Q96D53,A377D,0.1672,benign,ADCK4,377.0
Q96D53,A377E,0.1529,benign,ADCK4,377.0
Q96D53,A377F,0.2845,benign,ADCK4,377.0
Q96D53,A377G,0.1171,benign,ADCK4,377.0
Q96D53,A377H,0.2895,benign,ADCK4,377.0
Q96D53,A377I,0.1837,benign,ADCK4,377.0
Q96D53,A377K,0.2728,benign,ADCK4,377.0
Q96D53,A377L,0.1446,benign,ADCK4,377.0
Q96D53,A377M,0.1962,benign,ADCK4,377.0
Q96D53,A377N,0.2241,benign,ADCK4,377.0
Q96D53,A377P,0.0868,benign,ADCK4,377.0
Q96D53,A377Q,0.2282,benign,ADCK4,377.0
Q96D53,A377R,0.2013,benign,ADCK4,377.0
Q96D53,A377S,0.098,benign,ADCK4,377.0
Q96D53,A377T,0.0784,benign,ADCK4,377.0
Q96D53,A377V,0.1002,benign,ADCK4,377.0
Q96D53,A377W,0.5604,ambiguous,ADCK4,377.0
Q96D53,A377Y,0.374,ambiguous,ADCK4,377.0
Q96D53,S378A,0.0653,benign,ADCK4,378.0
Q96D53,S378C,0.102,benign,ADCK4,378.0
Q96D53,S378D,0.1477,benign,ADCK4,378.0
Q96D53,S378E,0.1891,benign,ADCK4,378.0
Q96D53,S378F,0.1729,benign,ADCK4,378.0
Q96D53,S378G,0.0704,benign,ADCK4,378.0
Q96D53,S378H,0.164,benign,ADCK4,378.0
Q96D53,S378I,0.1573,benign,ADCK4,378.0
Q96D53,S378K,0.3029,benign,ADCK4,378.0
Q96D53,S378L,0.1237,benign,ADCK4,378.0
Q96D53,S378M,0.2387,benign,ADCK4,378.0
Q96D53,S378N,0.1181,benign,ADCK4,378.0
Q96D53,S378P,0.1104,benign,ADCK4,378.0
Q96D53,S378Q,0.2238,benign,ADCK4,378.0
Q96D53,S378R,0.1989,benign,ADCK4,378.0
Q96D53,S378T,0.0804,benign,ADCK4,378.0
Q96D53,S378V,0.1437,benign,ADCK4,378.0
Q96D53,S378W,0.2022,benign,ADCK4,378.0
Q96D53,S378Y,0.1582,benign,ADCK4,378.0
Q96D53,S379A,0.092,benign,ADCK4,379.0
Q96D53,S379C,0.0807,benign,ADCK4,379.0
Q96D53,S379D,0.2207,benign,ADCK4,379.0
Q96D53,S379E,0.3069,benign,ADCK4,379.0
Q96D53,S379F,0.27,benign,ADCK4,379.0
Q96D53,S379G,0.0795,benign,ADCK4,379.0
Q96D53,S379H,0.1599,benign,ADCK4,379.0
Q96D53,S379I,0.1766,benign,ADCK4,379.0
Q96D53,S379K,0.3175,benign,ADCK4,379.0
Q96D53,S379L,0.1054,benign,ADCK4,379.0
Q96D53,S379M,0.2261,benign,ADCK4,379.0
Q96D53,S379N,0.0997,benign,ADCK4,379.0
Q96D53,S379P,0.5353,ambiguous,ADCK4,379.0
Q96D53,S379Q,0.2441,benign,ADCK4,379.0
Q96D53,S379R,0.1871,benign,ADCK4,379.0
Q96D53,S379T,0.0687,benign,ADCK4,379.0
Q96D53,S379V,0.19,benign,ADCK4,379.0
Q96D53,S379W,0.2667,benign,ADCK4,379.0
Q96D53,S379Y,0.2168,benign,ADCK4,379.0
Q96D53,H380A,0.3458,ambiguous,ADCK4,380.0
Q96D53,H380C,0.1758,benign,ADCK4,380.0
Q96D53,H380D,0.2028,benign,ADCK4,380.0
Q96D53,H380E,0.3019,benign,ADCK4,380.0
Q96D53,H380F,0.4982,ambiguous,ADCK4,380.0
Q96D53,H380G,0.1509,benign,ADCK4,380.0
Q96D53,H380I,0.7713,pathogenic,ADCK4,380.0
Q96D53,H380K,0.2525,benign,ADCK4,380.0
Q96D53,H380L,0.2187,benign,ADCK4,380.0
Q96D53,H380M,0.6739,pathogenic,ADCK4,380.0
Q96D53,H380N,0.132,benign,ADCK4,380.0
Q96D53,H380P,0.2911,benign,ADCK4,380.0
Q96D53,H380Q,0.1687,benign,ADCK4,380.0
Q96D53,H380R,0.09,benign,ADCK4,380.0
Q96D53,H380S,0.2166,benign,ADCK4,380.0
Q96D53,H380T,0.4457,ambiguous,ADCK4,380.0
Q96D53,H380V,0.6162,pathogenic,ADCK4,380.0
Q96D53,H380W,0.4509,ambiguous,ADCK4,380.0
Q96D53,H380Y,0.1641,benign,ADCK4,380.0
Q96D53,Q381A,0.2368,benign,ADCK4,381.0
Q96D53,Q381C,0.4249,ambiguous,ADCK4,381.0
Q96D53,Q381D,0.6478,pathogenic,ADCK4,381.0
Q96D53,Q381E,0.1083,benign,ADCK4,381.0
Q96D53,Q381F,0.811,pathogenic,ADCK4,381.0
Q96D53,Q381G,0.3441,ambiguous,ADCK4,381.0
Q96D53,Q381H,0.2552,benign,ADCK4,381.0
Q96D53,Q381I,0.5026,ambiguous,ADCK4,381.0
Q96D53,Q381K,0.0814,benign,ADCK4,381.0
Q96D53,Q381L,0.1751,benign,ADCK4,381.0
Q96D53,Q381M,0.4409,ambiguous,ADCK4,381.0
Q96D53,Q381N,0.5468,ambiguous,ADCK4,381.0
Q96D53,Q381P,0.7801,pathogenic,ADCK4,381.0
Q96D53,Q381R,0.0666,benign,ADCK4,381.0
Q96D53,Q381S,0.3453,ambiguous,ADCK4,381.0
Q96D53,Q381T,0.1979,benign,ADCK4,381.0
Q96D53,Q381V,0.2965,benign,ADCK4,381.0
Q96D53,Q381W,0.5896,pathogenic,ADCK4,381.0
Q96D53,Q381Y,0.6161,pathogenic,ADCK4,381.0
Q96D53,V382A,0.7915,pathogenic,ADCK4,382.0
Q96D53,V382C,0.9641,pathogenic,ADCK4,382.0
Q96D53,V382D,0.9803,pathogenic,ADCK4,382.0
Q96D53,V382E,0.957,pathogenic,ADCK4,382.0
Q96D53,V382F,0.6914,pathogenic,ADCK4,382.0
Q96D53,V382G,0.7409,pathogenic,ADCK4,382.0
Q96D53,V382H,0.9919,pathogenic,ADCK4,382.0
Q96D53,V382I,0.1064,benign,ADCK4,382.0
Q96D53,V382K,0.9742,pathogenic,ADCK4,382.0
Q96D53,V382L,0.3614,ambiguous,ADCK4,382.0
Q96D53,V382M,0.4558,ambiguous,ADCK4,382.0
Q96D53,V382N,0.9602,pathogenic,ADCK4,382.0
Q96D53,V382P,0.967,pathogenic,ADCK4,382.0
Q96D53,V382Q,0.9659,pathogenic,ADCK4,382.0
Q96D53,V382R,0.9642,pathogenic,ADCK4,382.0
Q96D53,V382S,0.9408,pathogenic,ADCK4,382.0
Q96D53,V382T,0.8685,pathogenic,ADCK4,382.0
Q96D53,V382W,0.9878,pathogenic,ADCK4,382.0
Q96D53,V382Y,0.9642,pathogenic,ADCK4,382.0
Q96D53,T383A,0.1231,benign,ADCK4,383.0
Q96D53,T383C,0.3616,ambiguous,ADCK4,383.0
Q96D53,T383D,0.7435,pathogenic,ADCK4,383.0
Q96D53,T383E,0.6451,pathogenic,ADCK4,383.0
Q96D53,T383F,0.3143,benign,ADCK4,383.0
Q96D53,T383G,0.4034,ambiguous,ADCK4,383.0
Q96D53,T383H,0.4008,ambiguous,ADCK4,383.0
Q96D53,T383I,0.1301,benign,ADCK4,383.0
Q96D53,T383K,0.5557,ambiguous,ADCK4,383.0
Q96D53,T383L,0.1198,benign,ADCK4,383.0
Q96D53,T383M,0.1036,benign,ADCK4,383.0
Q96D53,T383N,0.2604,benign,ADCK4,383.0
Q96D53,T383P,0.6583,pathogenic,ADCK4,383.0
Q96D53,T383Q,0.4591,ambiguous,ADCK4,383.0
Q96D53,T383R,0.4039,ambiguous,ADCK4,383.0
Q96D53,T383S,0.1851,benign,ADCK4,383.0
Q96D53,T383V,0.129,benign,ADCK4,383.0
Q96D53,T383W,0.6757,pathogenic,ADCK4,383.0
Q96D53,T383Y,0.3647,ambiguous,ADCK4,383.0
Q96D53,L384A,0.9195,pathogenic,ADCK4,384.0
Q96D53,L384C,0.9501,pathogenic,ADCK4,384.0
Q96D53,L384D,0.9992,pathogenic,ADCK4,384.0
Q96D53,L384E,0.9935,pathogenic,ADCK4,384.0
Q96D53,L384F,0.8187,pathogenic,ADCK4,384.0
Q96D53,L384G,0.9841,pathogenic,ADCK4,384.0
Q96D53,L384H,0.9849,pathogenic,ADCK4,384.0
Q96D53,L384I,0.4777,ambiguous,ADCK4,384.0
Q96D53,L384K,0.991,pathogenic,ADCK4,384.0
Q96D53,L384M,0.6059,pathogenic,ADCK4,384.0
Q96D53,L384N,0.9952,pathogenic,ADCK4,384.0
Q96D53,L384P,0.9539,pathogenic,ADCK4,384.0
Q96D53,L384Q,0.9699,pathogenic,ADCK4,384.0
Q96D53,L384R,0.9611,pathogenic,ADCK4,384.0
Q96D53,L384S,0.9836,pathogenic,ADCK4,384.0
Q96D53,L384T,0.9609,pathogenic,ADCK4,384.0
Q96D53,L384V,0.391,ambiguous,ADCK4,384.0
Q96D53,L384W,0.9655,pathogenic,ADCK4,384.0
Q96D53,L384Y,0.9833,pathogenic,ADCK4,384.0
Q96D53,L385A,0.8939,pathogenic,ADCK4,385.0
Q96D53,L385C,0.9032,pathogenic,ADCK4,385.0
Q96D53,L385D,0.9962,pathogenic,ADCK4,385.0
Q96D53,L385E,0.9728,pathogenic,ADCK4,385.0
Q96D53,L385F,0.6461,pathogenic,ADCK4,385.0
Q96D53,L385G,0.9709,pathogenic,ADCK4,385.0
Q96D53,L385H,0.9243,pathogenic,ADCK4,385.0
Q96D53,L385I,0.1927,benign,ADCK4,385.0
Q96D53,L385K,0.9344,pathogenic,ADCK4,385.0
Q96D53,L385M,0.3828,ambiguous,ADCK4,385.0
Q96D53,L385N,0.9764,pathogenic,ADCK4,385.0
Q96D53,L385P,0.9402,pathogenic,ADCK4,385.0
Q96D53,L385Q,0.8466,pathogenic,ADCK4,385.0
Q96D53,L385R,0.8017,pathogenic,ADCK4,385.0
Q96D53,L385S,0.9566,pathogenic,ADCK4,385.0
Q96D53,L385T,0.8246,pathogenic,ADCK4,385.0
Q96D53,L385V,0.2324,benign,ADCK4,385.0
Q96D53,L385W,0.7541,pathogenic,ADCK4,385.0
Q96D53,L385Y,0.9321,pathogenic,ADCK4,385.0
Q96D53,D386A,0.9899,pathogenic,ADCK4,386.0
Q96D53,D386C,0.9969,pathogenic,ADCK4,386.0
Q96D53,D386E,0.9957,pathogenic,ADCK4,386.0
Q96D53,D386F,0.9958,pathogenic,ADCK4,386.0
Q96D53,D386G,0.982,pathogenic,ADCK4,386.0
Q96D53,D386H,0.9837,pathogenic,ADCK4,386.0
Q96D53,D386I,0.9974,pathogenic,ADCK4,386.0
Q96D53,D386K,0.9972,pathogenic,ADCK4,386.0
Q96D53,D386L,0.9917,pathogenic,ADCK4,386.0
Q96D53,D386M,0.9995,pathogenic,ADCK4,386.0
Q96D53,D386N,0.971,pathogenic,ADCK4,386.0
Q96D53,D386P,0.9943,pathogenic,ADCK4,386.0
Q96D53,D386Q,0.9961,pathogenic,ADCK4,386.0
Q96D53,D386R,0.9933,pathogenic,ADCK4,386.0
Q96D53,D386S,0.9686,pathogenic,ADCK4,386.0
Q96D53,D386T,0.9981,pathogenic,ADCK4,386.0
Q96D53,D386V,0.9928,pathogenic,ADCK4,386.0
Q96D53,D386W,0.9972,pathogenic,ADCK4,386.0
Q96D53,D386Y,0.9463,pathogenic,ADCK4,386.0
Q96D53,F387A,0.9828,pathogenic,ADCK4,387.0
Q96D53,F387C,0.9209,pathogenic,ADCK4,387.0
Q96D53,F387D,0.997,pathogenic,ADCK4,387.0
Q96D53,F387E,0.9986,pathogenic,ADCK4,387.0
Q96D53,F387G,0.9865,pathogenic,ADCK4,387.0
Q96D53,F387H,0.983,pathogenic,ADCK4,387.0
Q96D53,F387I,0.9645,pathogenic,ADCK4,387.0
Q96D53,F387K,0.9988,pathogenic,ADCK4,387.0
Q96D53,F387L,0.9866,pathogenic,ADCK4,387.0
Q96D53,F387M,0.9609,pathogenic,ADCK4,387.0
Q96D53,F387N,0.9926,pathogenic,ADCK4,387.0
Q96D53,F387P,0.9993,pathogenic,ADCK4,387.0
Q96D53,F387Q,0.9968,pathogenic,ADCK4,387.0
Q96D53,F387R,0.9937,pathogenic,ADCK4,387.0
Q96D53,F387S,0.9752,pathogenic,ADCK4,387.0
Q96D53,F387T,0.9809,pathogenic,ADCK4,387.0
Q96D53,F387V,0.9393,pathogenic,ADCK4,387.0
Q96D53,F387W,0.9153,pathogenic,ADCK4,387.0
Q96D53,F387Y,0.792,pathogenic,ADCK4,387.0
Q96D53,G388A,0.8131,pathogenic,ADCK4,388.0
Q96D53,G388C,0.9012,pathogenic,ADCK4,388.0
Q96D53,G388D,0.9682,pathogenic,ADCK4,388.0
Q96D53,G388E,0.9714,pathogenic,ADCK4,388.0
Q96D53,G388F,0.9942,pathogenic,ADCK4,388.0
Q96D53,G388H,0.9828,pathogenic,ADCK4,388.0
Q96D53,G388I,0.9822,pathogenic,ADCK4,388.0
Q96D53,G388K,0.9859,pathogenic,ADCK4,388.0
Q96D53,G388L,0.9775,pathogenic,ADCK4,388.0
Q96D53,G388M,0.9941,pathogenic,ADCK4,388.0
Q96D53,G388N,0.9893,pathogenic,ADCK4,388.0
Q96D53,G388P,0.9908,pathogenic,ADCK4,388.0
Q96D53,G388Q,0.9746,pathogenic,ADCK4,388.0
Q96D53,G388R,0.9305,pathogenic,ADCK4,388.0
Q96D53,G388S,0.707,pathogenic,ADCK4,388.0
Q96D53,G388T,0.9439,pathogenic,ADCK4,388.0
Q96D53,G388V,0.958,pathogenic,ADCK4,388.0
Q96D53,G388W,0.9614,pathogenic,ADCK4,388.0
Q96D53,G388Y,0.9919,pathogenic,ADCK4,388.0
Q96D53,A389C,0.7581,pathogenic,ADCK4,389.0
Q96D53,A389D,0.9115,pathogenic,ADCK4,389.0
Q96D53,A389E,0.9141,pathogenic,ADCK4,389.0
Q96D53,A389F,0.9067,pathogenic,ADCK4,389.0
Q96D53,A389G,0.3517,ambiguous,ADCK4,389.0
Q96D53,A389H,0.9257,pathogenic,ADCK4,389.0
Q96D53,A389I,0.9237,pathogenic,ADCK4,389.0
Q96D53,A389K,0.9728,pathogenic,ADCK4,389.0
Q96D53,A389L,0.7552,pathogenic,ADCK4,389.0
Q96D53,A389M,0.8088,pathogenic,ADCK4,389.0
Q96D53,A389N,0.8114,pathogenic,ADCK4,389.0
Q96D53,A389P,0.9379,pathogenic,ADCK4,389.0
Q96D53,A389Q,0.8561,pathogenic,ADCK4,389.0
Q96D53,A389R,0.9124,pathogenic,ADCK4,389.0
Q96D53,A389S,0.1333,benign,ADCK4,389.0
Q96D53,A389T,0.5011,ambiguous,ADCK4,389.0
Q96D53,A389V,0.7159,pathogenic,ADCK4,389.0
Q96D53,A389W,0.987,pathogenic,ADCK4,389.0
Q96D53,A389Y,0.9566,pathogenic,ADCK4,389.0
Q96D53,S390A,0.1013,benign,ADCK4,390.0
Q96D53,S390C,0.0763,benign,ADCK4,390.0
Q96D53,S390D,0.9766,pathogenic,ADCK4,390.0
Q96D53,S390E,0.9814,pathogenic,ADCK4,390.0
Q96D53,S390F,0.8672,pathogenic,ADCK4,390.0
Q96D53,S390G,0.1645,benign,ADCK4,390.0
Q96D53,S390H,0.955,pathogenic,ADCK4,390.0
Q96D53,S390I,0.6346,pathogenic,ADCK4,390.0
Q96D53,S390K,0.9955,pathogenic,ADCK4,390.0
Q96D53,S390L,0.4189,ambiguous,ADCK4,390.0
Q96D53,S390M,0.6518,pathogenic,ADCK4,390.0
Q96D53,S390N,0.8007,pathogenic,ADCK4,390.0
Q96D53,S390P,0.8236,pathogenic,ADCK4,390.0
Q96D53,S390Q,0.9625,pathogenic,ADCK4,390.0
Q96D53,S390R,0.9814,pathogenic,ADCK4,390.0
Q96D53,S390T,0.1231,benign,ADCK4,390.0
Q96D53,S390V,0.4491,ambiguous,ADCK4,390.0
Q96D53,S390W,0.9266,pathogenic,ADCK4,390.0
Q96D53,S390Y,0.8919,pathogenic,ADCK4,390.0
Q96D53,R391A,0.688,pathogenic,ADCK4,391.0
Q96D53,R391C,0.2161,benign,ADCK4,391.0
Q96D53,R391D,0.9254,pathogenic,ADCK4,391.0
Q96D53,R391E,0.6119,pathogenic,ADCK4,391.0
Q96D53,R391F,0.8496,pathogenic,ADCK4,391.0
Q96D53,R391G,0.5156,ambiguous,ADCK4,391.0
Q96D53,R391H,0.1958,benign,ADCK4,391.0
Q96D53,R391I,0.6626,pathogenic,ADCK4,391.0
Q96D53,R391K,0.2195,benign,ADCK4,391.0
Q96D53,R391L,0.4832,ambiguous,ADCK4,391.0
Q96D53,R391M,0.6685,pathogenic,ADCK4,391.0
Q96D53,R391N,0.8941,pathogenic,ADCK4,391.0
Q96D53,R391P,0.9433,pathogenic,ADCK4,391.0
Q96D53,R391Q,0.1403,benign,ADCK4,391.0
Q96D53,R391S,0.7463,pathogenic,ADCK4,391.0
Q96D53,R391T,0.5773,pathogenic,ADCK4,391.0
Q96D53,R391V,0.645,pathogenic,ADCK4,391.0
Q96D53,R391W,0.2879,benign,ADCK4,391.0
Q96D53,R391Y,0.6765,pathogenic,ADCK4,391.0
Q96D53,E392A,0.0695,benign,ADCK4,392.0
Q96D53,E392C,0.4462,ambiguous,ADCK4,392.0
Q96D53,E392D,0.1263,benign,ADCK4,392.0
Q96D53,E392F,0.5377,ambiguous,ADCK4,392.0
Q96D53,E392G,0.0778,benign,ADCK4,392.0
Q96D53,E392H,0.2154,benign,ADCK4,392.0
Q96D53,E392I,0.2657,benign,ADCK4,392.0
Q96D53,E392K,0.0849,benign,ADCK4,392.0
Q96D53,E392L,0.2507,benign,ADCK4,392.0
Q96D53,E392M,0.2911,benign,ADCK4,392.0
Q96D53,E392N,0.1848,benign,ADCK4,392.0
Q96D53,E392P,0.1897,benign,ADCK4,392.0
Q96D53,E392Q,0.0784,benign,ADCK4,392.0
Q96D53,E392R,0.1118,benign,ADCK4,392.0
Q96D53,E392S,0.1059,benign,ADCK4,392.0
Q96D53,E392T,0.1196,benign,ADCK4,392.0
Q96D53,E392V,0.152,benign,ADCK4,392.0
Q96D53,E392W,0.6157,pathogenic,ADCK4,392.0
Q96D53,E392Y,0.361,ambiguous,ADCK4,392.0
Q96D53,F393A,0.8833,pathogenic,ADCK4,393.0
Q96D53,F393C,0.8562,pathogenic,ADCK4,393.0
Q96D53,F393D,0.9687,pathogenic,ADCK4,393.0
Q96D53,F393E,0.9743,pathogenic,ADCK4,393.0
Q96D53,F393G,0.9483,pathogenic,ADCK4,393.0
Q96D53,F393H,0.9355,pathogenic,ADCK4,393.0
Q96D53,F393I,0.4896,ambiguous,ADCK4,393.0
Q96D53,F393K,0.9803,pathogenic,ADCK4,393.0
Q96D53,F393L,0.9669,pathogenic,ADCK4,393.0
Q96D53,F393M,0.8254,pathogenic,ADCK4,393.0
Q96D53,F393N,0.944,pathogenic,ADCK4,393.0
Q96D53,F393P,0.9881,pathogenic,ADCK4,393.0
Q96D53,F393Q,0.9698,pathogenic,ADCK4,393.0
Q96D53,F393R,0.9546,pathogenic,ADCK4,393.0
Q96D53,F393S,0.8754,pathogenic,ADCK4,393.0
Q96D53,F393T,0.853,pathogenic,ADCK4,393.0
Q96D53,F393V,0.5267,ambiguous,ADCK4,393.0
Q96D53,F393W,0.6346,pathogenic,ADCK4,393.0
Q96D53,F393Y,0.2182,benign,ADCK4,393.0
Q96D53,G394A,0.1213,benign,ADCK4,394.0
Q96D53,G394C,0.1693,benign,ADCK4,394.0
Q96D53,G394D,0.1187,benign,ADCK4,394.0
Q96D53,G394E,0.1535,benign,ADCK4,394.0
Q96D53,G394F,0.6778,pathogenic,ADCK4,394.0
Q96D53,G394H,0.2267,benign,ADCK4,394.0
Q96D53,G394I,0.4311,ambiguous,ADCK4,394.0
Q96D53,G394K,0.2346,benign,ADCK4,394.0
Q96D53,G394L,0.3964,ambiguous,ADCK4,394.0
Q96D53,G394M,0.5436,ambiguous,ADCK4,394.0
Q96D53,G394N,0.2423,benign,ADCK4,394.0
Q96D53,G394P,0.3449,ambiguous,ADCK4,394.0
Q96D53,G394Q,0.1922,benign,ADCK4,394.0
Q96D53,G394R,0.1438,benign,ADCK4,394.0
Q96D53,G394S,0.0855,benign,ADCK4,394.0
Q96D53,G394T,0.1548,benign,ADCK4,394.0
Q96D53,G394V,0.2544,benign,ADCK4,394.0
Q96D53,G394W,0.3934,ambiguous,ADCK4,394.0
Q96D53,G394Y,0.4578,ambiguous,ADCK4,394.0
Q96D53,T395A,0.0606,benign,ADCK4,395.0
Q96D53,T395C,0.2394,benign,ADCK4,395.0
Q96D53,T395D,0.1803,benign,ADCK4,395.0
Q96D53,T395E,0.1142,benign,ADCK4,395.0
Q96D53,T395F,0.168,benign,ADCK4,395.0
Q96D53,T395G,0.1409,benign,ADCK4,395.0
Q96D53,T395H,0.1234,benign,ADCK4,395.0
Q96D53,T395I,0.0908,benign,ADCK4,395.0
Q96D53,T395K,0.0765,benign,ADCK4,395.0
Q96D53,T395L,0.0654,benign,ADCK4,395.0
Q96D53,T395M,0.0684,benign,ADCK4,395.0
Q96D53,T395N,0.1026,benign,ADCK4,395.0
Q96D53,T395P,0.0621,benign,ADCK4,395.0
Q96D53,T395Q,0.0951,benign,ADCK4,395.0
Q96D53,T395R,0.0606,benign,ADCK4,395.0
Q96D53,T395S,0.089,benign,ADCK4,395.0
Q96D53,T395V,0.0866,benign,ADCK4,395.0
Q96D53,T395W,0.2664,benign,ADCK4,395.0
Q96D53,T395Y,0.1869,benign,ADCK4,395.0
Q96D53,E396A,0.0664,benign,ADCK4,396.0
Q96D53,E396C,0.5411,ambiguous,ADCK4,396.0
Q96D53,E396D,0.099,benign,ADCK4,396.0
Q96D53,E396F,0.5522,ambiguous,ADCK4,396.0
Q96D53,E396G,0.0903,benign,ADCK4,396.0
Q96D53,E396H,0.2005,benign,ADCK4,396.0
Q96D53,E396I,0.2414,benign,ADCK4,396.0
Q96D53,E396K,0.0906,benign,ADCK4,396.0
Q96D53,E396L,0.2253,benign,ADCK4,396.0
Q96D53,E396M,0.3007,benign,ADCK4,396.0
Q96D53,E396N,0.1779,benign,ADCK4,396.0
Q96D53,E396P,0.2093,benign,ADCK4,396.0
Q96D53,E396Q,0.087,benign,ADCK4,396.0
Q96D53,E396R,0.105,benign,ADCK4,396.0
Q96D53,E396S,0.1093,benign,ADCK4,396.0
Q96D53,E396T,0.1069,benign,ADCK4,396.0
Q96D53,E396V,0.1311,benign,ADCK4,396.0
Q96D53,E396W,0.6126,pathogenic,ADCK4,396.0
Q96D53,E396Y,0.3652,ambiguous,ADCK4,396.0
Q96D53,F397A,0.9374,pathogenic,ADCK4,397.0
Q96D53,F397C,0.892,pathogenic,ADCK4,397.0
Q96D53,F397D,0.9662,pathogenic,ADCK4,397.0
Q96D53,F397E,0.9708,pathogenic,ADCK4,397.0
Q96D53,F397G,0.9683,pathogenic,ADCK4,397.0
Q96D53,F397H,0.9458,pathogenic,ADCK4,397.0
Q96D53,F397I,0.6262,pathogenic,ADCK4,397.0
Q96D53,F397K,0.9788,pathogenic,ADCK4,397.0
Q96D53,F397L,0.9792,pathogenic,ADCK4,397.0
Q96D53,F397M,0.8414,pathogenic,ADCK4,397.0
Q96D53,F397N,0.9456,pathogenic,ADCK4,397.0
Q96D53,F397P,0.9968,pathogenic,ADCK4,397.0
Q96D53,F397Q,0.9672,pathogenic,ADCK4,397.0
Q96D53,F397R,0.9541,pathogenic,ADCK4,397.0
Q96D53,F397S,0.9377,pathogenic,ADCK4,397.0
Q96D53,F397T,0.9197,pathogenic,ADCK4,397.0
Q96D53,F397V,0.6461,pathogenic,ADCK4,397.0
Q96D53,F397W,0.7876,pathogenic,ADCK4,397.0
Q96D53,F397Y,0.4926,ambiguous,ADCK4,397.0
Q96D53,T398A,0.1686,benign,ADCK4,398.0
Q96D53,T398C,0.4549,ambiguous,ADCK4,398.0
Q96D53,T398D,0.9331,pathogenic,ADCK4,398.0
Q96D53,T398E,0.8579,pathogenic,ADCK4,398.0
Q96D53,T398F,0.8602,pathogenic,ADCK4,398.0
Q96D53,T398G,0.5737,pathogenic,ADCK4,398.0
Q96D53,T398H,0.7796,pathogenic,ADCK4,398.0
Q96D53,T398I,0.3383,benign,ADCK4,398.0
Q96D53,T398K,0.7211,pathogenic,ADCK4,398.0
Q96D53,T398L,0.2014,benign,ADCK4,398.0
Q96D53,T398M,0.1558,benign,ADCK4,398.0
Q96D53,T398N,0.5927,pathogenic,ADCK4,398.0
Q96D53,T398P,0.403,ambiguous,ADCK4,398.0
Q96D53,T398Q,0.6501,pathogenic,ADCK4,398.0
Q96D53,T398R,0.4965,ambiguous,ADCK4,398.0
Q96D53,T398S,0.3084,benign,ADCK4,398.0
Q96D53,T398V,0.2393,benign,ADCK4,398.0
Q96D53,T398W,0.9317,pathogenic,ADCK4,398.0
Q96D53,T398Y,0.8953,pathogenic,ADCK4,398.0
Q96D53,D399A,0.5257,ambiguous,ADCK4,399.0
Q96D53,D399C,0.9046,pathogenic,ADCK4,399.0
Q96D53,D399E,0.5913,pathogenic,ADCK4,399.0
Q96D53,D399F,0.943,pathogenic,ADCK4,399.0
Q96D53,D399G,0.4573,ambiguous,ADCK4,399.0
Q96D53,D399H,0.5919,pathogenic,ADCK4,399.0
Q96D53,D399I,0.8803,pathogenic,ADCK4,399.0
Q96D53,D399K,0.7785,pathogenic,ADCK4,399.0
Q96D53,D399L,0.8306,pathogenic,ADCK4,399.0
Q96D53,D399M,0.9413,pathogenic,ADCK4,399.0
Q96D53,D399N,0.1526,benign,ADCK4,399.0
Q96D53,D399P,0.9712,pathogenic,ADCK4,399.0
Q96D53,D399Q,0.7171,pathogenic,ADCK4,399.0
Q96D53,D399R,0.6682,pathogenic,ADCK4,399.0
Q96D53,D399S,0.2939,benign,ADCK4,399.0
Q96D53,D399T,0.6187,pathogenic,ADCK4,399.0
Q96D53,D399V,0.7199,pathogenic,ADCK4,399.0
Q96D53,D399W,0.9758,pathogenic,ADCK4,399.0
Q96D53,D399Y,0.6303,pathogenic,ADCK4,399.0
Q96D53,H400A,0.1718,benign,ADCK4,400.0
Q96D53,H400C,0.1353,benign,ADCK4,400.0
Q96D53,H400D,0.0949,benign,ADCK4,400.0
Q96D53,H400E,0.2537,benign,ADCK4,400.0
Q96D53,H400F,0.4084,ambiguous,ADCK4,400.0
Q96D53,H400G,0.1962,benign,ADCK4,400.0
Q96D53,H400I,0.2887,benign,ADCK4,400.0
Q96D53,H400K,0.2713,benign,ADCK4,400.0
Q96D53,H400L,0.1092,benign,ADCK4,400.0
Q96D53,H400M,0.4984,ambiguous,ADCK4,400.0
Q96D53,H400N,0.0767,benign,ADCK4,400.0
Q96D53,H400P,0.3297,benign,ADCK4,400.0
Q96D53,H400Q,0.168,benign,ADCK4,400.0
Q96D53,H400R,0.0904,benign,ADCK4,400.0
Q96D53,H400S,0.1453,benign,ADCK4,400.0
Q96D53,H400T,0.1872,benign,ADCK4,400.0
Q96D53,H400V,0.2376,benign,ADCK4,400.0
Q96D53,H400W,0.4188,ambiguous,ADCK4,400.0
Q96D53,H400Y,0.1249,benign,ADCK4,400.0
Q96D53,Y401A,0.9292,pathogenic,ADCK4,401.0
Q96D53,Y401C,0.5713,pathogenic,ADCK4,401.0
Q96D53,Y401D,0.9159,pathogenic,ADCK4,401.0
Q96D53,Y401E,0.9847,pathogenic,ADCK4,401.0
Q96D53,Y401F,0.3047,benign,ADCK4,401.0
Q96D53,Y401G,0.8762,pathogenic,ADCK4,401.0
Q96D53,Y401H,0.8841,pathogenic,ADCK4,401.0
Q96D53,Y401I,0.8891,pathogenic,ADCK4,401.0
Q96D53,Y401K,0.9902,pathogenic,ADCK4,401.0
Q96D53,Y401L,0.6262,pathogenic,ADCK4,401.0
Q96D53,Y401M,0.8995,pathogenic,ADCK4,401.0
Q96D53,Y401N,0.8699,pathogenic,ADCK4,401.0
Q96D53,Y401P,0.9882,pathogenic,ADCK4,401.0
Q96D53,Y401Q,0.9773,pathogenic,ADCK4,401.0
Q96D53,Y401R,0.9672,pathogenic,ADCK4,401.0
Q96D53,Y401S,0.7918,pathogenic,ADCK4,401.0
Q96D53,Y401T,0.8903,pathogenic,ADCK4,401.0
Q96D53,Y401V,0.7426,pathogenic,ADCK4,401.0
Q96D53,Y401W,0.7581,pathogenic,ADCK4,401.0
Q96D53,I402A,0.4833,ambiguous,ADCK4,402.0
Q96D53,I402C,0.8888,pathogenic,ADCK4,402.0
Q96D53,I402D,0.9913,pathogenic,ADCK4,402.0
Q96D53,I402E,0.9738,pathogenic,ADCK4,402.0
Q96D53,I402F,0.6316,pathogenic,ADCK4,402.0
Q96D53,I402G,0.8896,pathogenic,ADCK4,402.0
Q96D53,I402H,0.9626,pathogenic,ADCK4,402.0
Q96D53,I402K,0.9268,pathogenic,ADCK4,402.0
Q96D53,I402L,0.1696,benign,ADCK4,402.0
Q96D53,I402M,0.1511,benign,ADCK4,402.0
Q96D53,I402N,0.9365,pathogenic,ADCK4,402.0
Q96D53,I402P,0.964,pathogenic,ADCK4,402.0
Q96D53,I402Q,0.9237,pathogenic,ADCK4,402.0
Q96D53,I402R,0.8312,pathogenic,ADCK4,402.0
Q96D53,I402S,0.7442,pathogenic,ADCK4,402.0
Q96D53,I402T,0.5762,pathogenic,ADCK4,402.0
Q96D53,I402V,0.1321,benign,ADCK4,402.0
Q96D53,I402W,0.9602,pathogenic,ADCK4,402.0
Q96D53,I402Y,0.9509,pathogenic,ADCK4,402.0
Q96D53,E403A,0.1856,benign,ADCK4,403.0
Q96D53,E403C,0.8598,pathogenic,ADCK4,403.0
Q96D53,E403D,0.4222,ambiguous,ADCK4,403.0
Q96D53,E403F,0.9204,pathogenic,ADCK4,403.0
Q96D53,E403G,0.3547,ambiguous,ADCK4,403.0
Q96D53,E403H,0.5802,pathogenic,ADCK4,403.0
Q96D53,E403I,0.7738,pathogenic,ADCK4,403.0
Q96D53,E403K,0.262,benign,ADCK4,403.0
Q96D53,E403L,0.5934,pathogenic,ADCK4,403.0
Q96D53,E403M,0.6562,pathogenic,ADCK4,403.0
Q96D53,E403N,0.5956,pathogenic,ADCK4,403.0
Q96D53,E403P,0.9717,pathogenic,ADCK4,403.0
Q96D53,E403Q,0.1449,benign,ADCK4,403.0
Q96D53,E403R,0.2975,benign,ADCK4,403.0
Q96D53,E403S,0.3662,ambiguous,ADCK4,403.0
Q96D53,E403T,0.4326,ambiguous,ADCK4,403.0
Q96D53,E403V,0.5021,ambiguous,ADCK4,403.0
Q96D53,E403W,0.9491,pathogenic,ADCK4,403.0
Q96D53,E403Y,0.8544,pathogenic,ADCK4,403.0
Q96D53,V404A,0.4077,ambiguous,ADCK4,404.0
Q96D53,V404C,0.9383,pathogenic,ADCK4,404.0
Q96D53,V404D,0.9402,pathogenic,ADCK4,404.0
Q96D53,V404E,0.9109,pathogenic,ADCK4,404.0
Q96D53,V404F,0.7167,pathogenic,ADCK4,404.0
Q96D53,V404G,0.4961,ambiguous,ADCK4,404.0
Q96D53,V404H,0.9843,pathogenic,ADCK4,404.0
Q96D53,V404I,0.1186,benign,ADCK4,404.0
Q96D53,V404K,0.9701,pathogenic,ADCK4,404.0
Q96D53,V404L,0.433,ambiguous,ADCK4,404.0
Q96D53,V404M,0.3316,benign,ADCK4,404.0
Q96D53,V404N,0.8782,pathogenic,ADCK4,404.0
Q96D53,V404P,0.9869,pathogenic,ADCK4,404.0
Q96D53,V404Q,0.9318,pathogenic,ADCK4,404.0
Q96D53,V404R,0.9519,pathogenic,ADCK4,404.0
Q96D53,V404S,0.7063,pathogenic,ADCK4,404.0
Q96D53,V404T,0.4367,ambiguous,ADCK4,404.0
Q96D53,V404W,0.9818,pathogenic,ADCK4,404.0
Q96D53,V404Y,0.9616,pathogenic,ADCK4,404.0
Q96D53,V405A,0.6845,pathogenic,ADCK4,405.0
Q96D53,V405C,0.9244,pathogenic,ADCK4,405.0
Q96D53,V405D,0.9821,pathogenic,ADCK4,405.0
Q96D53,V405E,0.941,pathogenic,ADCK4,405.0
Q96D53,V405F,0.6055,pathogenic,ADCK4,405.0
Q96D53,V405G,0.7101,pathogenic,ADCK4,405.0
Q96D53,V405H,0.9862,pathogenic,ADCK4,405.0
Q96D53,V405I,0.1056,benign,ADCK4,405.0
Q96D53,V405K,0.9693,pathogenic,ADCK4,405.0
Q96D53,V405L,0.4132,ambiguous,ADCK4,405.0
Q96D53,V405M,0.3915,ambiguous,ADCK4,405.0
Q96D53,V405N,0.9527,pathogenic,ADCK4,405.0
Q96D53,V405P,0.9703,pathogenic,ADCK4,405.0
Q96D53,V405Q,0.9322,pathogenic,ADCK4,405.0
Q96D53,V405R,0.9429,pathogenic,ADCK4,405.0
Q96D53,V405S,0.8647,pathogenic,ADCK4,405.0
Q96D53,V405T,0.7269,pathogenic,ADCK4,405.0
Q96D53,V405W,0.9782,pathogenic,ADCK4,405.0
Q96D53,V405Y,0.9693,pathogenic,ADCK4,405.0
Q96D53,K406A,0.3633,ambiguous,ADCK4,406.0
Q96D53,K406C,0.5609,ambiguous,ADCK4,406.0
Q96D53,K406D,0.821,pathogenic,ADCK4,406.0
Q96D53,K406E,0.2896,benign,ADCK4,406.0
Q96D53,K406F,0.7635,pathogenic,ADCK4,406.0
Q96D53,K406G,0.4738,ambiguous,ADCK4,406.0
Q96D53,K406H,0.262,benign,ADCK4,406.0
Q96D53,K406I,0.601,pathogenic,ADCK4,406.0
Q96D53,K406L,0.3434,ambiguous,ADCK4,406.0
Q96D53,K406M,0.1929,benign,ADCK4,406.0
Q96D53,K406N,0.5807,pathogenic,ADCK4,406.0
Q96D53,K406P,0.9559,pathogenic,ADCK4,406.0
Q96D53,K406Q,0.1196,benign,ADCK4,406.0
Q96D53,K406R,0.0711,benign,ADCK4,406.0
Q96D53,K406S,0.49,ambiguous,ADCK4,406.0
Q96D53,K406T,0.3162,benign,ADCK4,406.0
Q96D53,K406V,0.4744,ambiguous,ADCK4,406.0
Q96D53,K406W,0.6038,pathogenic,ADCK4,406.0
Q96D53,K406Y,0.605,pathogenic,ADCK4,406.0
Q96D53,A407C,0.7782,pathogenic,ADCK4,407.0
Q96D53,A407D,0.8632,pathogenic,ADCK4,407.0
Q96D53,A407E,0.9069,pathogenic,ADCK4,407.0
Q96D53,A407F,0.8272,pathogenic,ADCK4,407.0
Q96D53,A407G,0.1004,benign,ADCK4,407.0
Q96D53,A407H,0.8625,pathogenic,ADCK4,407.0
Q96D53,A407I,0.9481,pathogenic,ADCK4,407.0
Q96D53,A407K,0.9572,pathogenic,ADCK4,407.0
Q96D53,A407L,0.7723,pathogenic,ADCK4,407.0
Q96D53,A407M,0.7905,pathogenic,ADCK4,407.0
Q96D53,A407N,0.8034,pathogenic,ADCK4,407.0
Q96D53,A407P,0.9756,pathogenic,ADCK4,407.0
Q96D53,A407Q,0.8651,pathogenic,ADCK4,407.0
Q96D53,A407R,0.8978,pathogenic,ADCK4,407.0
Q96D53,A407S,0.1635,benign,ADCK4,407.0
Q96D53,A407T,0.5868,pathogenic,ADCK4,407.0
Q96D53,A407V,0.7174,pathogenic,ADCK4,407.0
Q96D53,A407W,0.9549,pathogenic,ADCK4,407.0
Q96D53,A407Y,0.8478,pathogenic,ADCK4,407.0
Q96D53,A408C,0.7878,pathogenic,ADCK4,408.0
Q96D53,A408D,0.9765,pathogenic,ADCK4,408.0
Q96D53,A408E,0.9694,pathogenic,ADCK4,408.0
Q96D53,A408F,0.9571,pathogenic,ADCK4,408.0
Q96D53,A408G,0.3356,benign,ADCK4,408.0
Q96D53,A408H,0.9792,pathogenic,ADCK4,408.0
Q96D53,A408I,0.8475,pathogenic,ADCK4,408.0
Q96D53,A408K,0.9893,pathogenic,ADCK4,408.0
Q96D53,A408L,0.7767,pathogenic,ADCK4,408.0
Q96D53,A408M,0.7821,pathogenic,ADCK4,408.0
Q96D53,A408N,0.9553,pathogenic,ADCK4,408.0
Q96D53,A408P,0.9685,pathogenic,ADCK4,408.0
Q96D53,A408Q,0.9448,pathogenic,ADCK4,408.0
Q96D53,A408R,0.9642,pathogenic,ADCK4,408.0
Q96D53,A408S,0.2159,benign,ADCK4,408.0
Q96D53,A408T,0.3616,ambiguous,ADCK4,408.0
Q96D53,A408V,0.4746,ambiguous,ADCK4,408.0
Q96D53,A408W,0.9929,pathogenic,ADCK4,408.0
Q96D53,A408Y,0.9862,pathogenic,ADCK4,408.0
Q96D53,A409C,0.5712,pathogenic,ADCK4,409.0
Q96D53,A409D,0.8613,pathogenic,ADCK4,409.0
Q96D53,A409E,0.7319,pathogenic,ADCK4,409.0
Q96D53,A409F,0.7297,pathogenic,ADCK4,409.0
Q96D53,A409G,0.2784,benign,ADCK4,409.0
Q96D53,A409H,0.8468,pathogenic,ADCK4,409.0
Q96D53,A409I,0.4687,ambiguous,ADCK4,409.0
Q96D53,A409K,0.8748,pathogenic,ADCK4,409.0
Q96D53,A409L,0.4903,ambiguous,ADCK4,409.0
Q96D53,A409M,0.4148,ambiguous,ADCK4,409.0
Q96D53,A409N,0.7851,pathogenic,ADCK4,409.0
Q96D53,A409P,0.9688,pathogenic,ADCK4,409.0
Q96D53,A409Q,0.7212,pathogenic,ADCK4,409.0
Q96D53,A409R,0.7302,pathogenic,ADCK4,409.0
Q96D53,A409S,0.1329,benign,ADCK4,409.0
Q96D53,A409T,0.1314,benign,ADCK4,409.0
Q96D53,A409V,0.1838,benign,ADCK4,409.0
Q96D53,A409W,0.9158,pathogenic,ADCK4,409.0
Q96D53,A409Y,0.8553,pathogenic,ADCK4,409.0
Q96D53,D410A,0.0833,benign,ADCK4,410.0
Q96D53,D410C,0.2777,benign,ADCK4,410.0
Q96D53,D410E,0.1086,benign,ADCK4,410.0
Q96D53,D410F,0.4027,ambiguous,ADCK4,410.0
Q96D53,D410G,0.1256,benign,ADCK4,410.0
Q96D53,D410H,0.1243,benign,ADCK4,410.0
Q96D53,D410I,0.1785,benign,ADCK4,410.0
Q96D53,D410K,0.1635,benign,ADCK4,410.0
Q96D53,D410L,0.1916,benign,ADCK4,410.0
Q96D53,D410M,0.3293,benign,ADCK4,410.0
Q96D53,D410N,0.0733,benign,ADCK4,410.0
Q96D53,D410P,0.8813,pathogenic,ADCK4,410.0
Q96D53,D410Q,0.1366,benign,ADCK4,410.0
Q96D53,D410R,0.1474,benign,ADCK4,410.0
Q96D53,D410S,0.0869,benign,ADCK4,410.0
Q96D53,D410T,0.1334,benign,ADCK4,410.0
Q96D53,D410V,0.1163,benign,ADCK4,410.0
Q96D53,D410W,0.605,pathogenic,ADCK4,410.0
Q96D53,D410Y,0.1417,benign,ADCK4,410.0
Q96D53,G411A,0.1703,benign,ADCK4,411.0
Q96D53,G411C,0.2086,benign,ADCK4,411.0
Q96D53,G411D,0.1776,benign,ADCK4,411.0
Q96D53,G411E,0.2076,benign,ADCK4,411.0
Q96D53,G411F,0.6564,pathogenic,ADCK4,411.0
Q96D53,G411H,0.193,benign,ADCK4,411.0
Q96D53,G411I,0.54,ambiguous,ADCK4,411.0
Q96D53,G411K,0.2181,benign,ADCK4,411.0
Q96D53,G411L,0.505,ambiguous,ADCK4,411.0
Q96D53,G411M,0.5413,ambiguous,ADCK4,411.0
Q96D53,G411N,0.2361,benign,ADCK4,411.0
Q96D53,G411P,0.9484,pathogenic,ADCK4,411.0
Q96D53,G411Q,0.1779,benign,ADCK4,411.0
Q96D53,G411R,0.1236,benign,ADCK4,411.0
Q96D53,G411S,0.1229,benign,ADCK4,411.0
Q96D53,G411T,0.2505,benign,ADCK4,411.0
Q96D53,G411V,0.4071,ambiguous,ADCK4,411.0
Q96D53,G411W,0.3683,ambiguous,ADCK4,411.0
Q96D53,G411Y,0.4265,ambiguous,ADCK4,411.0
Q96D53,D412A,0.2266,benign,ADCK4,412.0
Q96D53,D412C,0.5113,ambiguous,ADCK4,412.0
Q96D53,D412E,0.3059,benign,ADCK4,412.0
Q96D53,D412F,0.7304,pathogenic,ADCK4,412.0
Q96D53,D412G,0.3364,benign,ADCK4,412.0
Q96D53,D412H,0.2426,benign,ADCK4,412.0
Q96D53,D412I,0.5096,ambiguous,ADCK4,412.0
Q96D53,D412K,0.3785,ambiguous,ADCK4,412.0
Q96D53,D412L,0.495,ambiguous,ADCK4,412.0
Q96D53,D412M,0.6631,pathogenic,ADCK4,412.0
Q96D53,D412N,0.0735,benign,ADCK4,412.0
Q96D53,D412P,0.9091,pathogenic,ADCK4,412.0
Q96D53,D412Q,0.3021,benign,ADCK4,412.0
Q96D53,D412R,0.3016,benign,ADCK4,412.0
Q96D53,D412S,0.1414,benign,ADCK4,412.0
Q96D53,D412T,0.4381,ambiguous,ADCK4,412.0
Q96D53,D412V,0.3121,benign,ADCK4,412.0
Q96D53,D412W,0.8671,pathogenic,ADCK4,412.0
Q96D53,D412Y,0.2375,benign,ADCK4,412.0
Q96D53,R413A,0.2429,benign,ADCK4,413.0
Q96D53,R413C,0.1663,benign,ADCK4,413.0
Q96D53,R413D,0.557,ambiguous,ADCK4,413.0
Q96D53,R413E,0.2587,benign,ADCK4,413.0
Q96D53,R413F,0.4948,ambiguous,ADCK4,413.0
Q96D53,R413G,0.164,benign,ADCK4,413.0
Q96D53,R413H,0.1013,benign,ADCK4,413.0
Q96D53,R413I,0.2754,benign,ADCK4,413.0
Q96D53,R413K,0.1013,benign,ADCK4,413.0
Q96D53,R413L,0.2139,benign,ADCK4,413.0
Q96D53,R413M,0.2707,benign,ADCK4,413.0
Q96D53,R413N,0.5431,ambiguous,ADCK4,413.0
Q96D53,R413P,0.2746,benign,ADCK4,413.0
Q96D53,R413Q,0.0994,benign,ADCK4,413.0
Q96D53,R413S,0.3425,ambiguous,ADCK4,413.0
Q96D53,R413T,0.1861,benign,ADCK4,413.0
Q96D53,R413V,0.3023,benign,ADCK4,413.0
Q96D53,R413W,0.1386,benign,ADCK4,413.0
Q96D53,R413Y,0.3436,ambiguous,ADCK4,413.0
Q96D53,D414A,0.0663,benign,ADCK4,414.0
Q96D53,D414C,0.2785,benign,ADCK4,414.0
Q96D53,D414E,0.097,benign,ADCK4,414.0
Q96D53,D414F,0.3475,ambiguous,ADCK4,414.0
Q96D53,D414G,0.0754,benign,ADCK4,414.0
Q96D53,D414H,0.0996,benign,ADCK4,414.0
Q96D53,D414I,0.1806,benign,ADCK4,414.0
Q96D53,D414K,0.1384,benign,ADCK4,414.0
Q96D53,D414L,0.1572,benign,ADCK4,414.0
Q96D53,D414M,0.3583,ambiguous,ADCK4,414.0
Q96D53,D414N,0.0833,benign,ADCK4,414.0
Q96D53,D414P,0.2155,benign,ADCK4,414.0
Q96D53,D414Q,0.1153,benign,ADCK4,414.0
Q96D53,D414R,0.1202,benign,ADCK4,414.0
Q96D53,D414S,0.0787,benign,ADCK4,414.0
Q96D53,D414T,0.1131,benign,ADCK4,414.0
Q96D53,D414V,0.1088,benign,ADCK4,414.0
Q96D53,D414W,0.5755,pathogenic,ADCK4,414.0
Q96D53,D414Y,0.133,benign,ADCK4,414.0
Q96D53,C415A,0.0787,benign,ADCK4,415.0
Q96D53,C415D,0.1556,benign,ADCK4,415.0
Q96D53,C415E,0.1558,benign,ADCK4,415.0
Q96D53,C415F,0.1331,benign,ADCK4,415.0
Q96D53,C415G,0.0426,benign,ADCK4,415.0
Q96D53,C415H,0.0647,benign,ADCK4,415.0
Q96D53,C415I,0.178,benign,ADCK4,415.0
Q96D53,C415K,0.1016,benign,ADCK4,415.0
Q96D53,C415L,0.0855,benign,ADCK4,415.0
Q96D53,C415M,0.2108,benign,ADCK4,415.0
Q96D53,C415N,0.1441,benign,ADCK4,415.0
Q96D53,C415P,0.5206,ambiguous,ADCK4,415.0
Q96D53,C415Q,0.0716,benign,ADCK4,415.0
Q96D53,C415R,0.0426,benign,ADCK4,415.0
Q96D53,C415S,0.0818,benign,ADCK4,415.0
Q96D53,C415T,0.0982,benign,ADCK4,415.0
Q96D53,C415V,0.1579,benign,ADCK4,415.0
Q96D53,C415W,0.1334,benign,ADCK4,415.0
Q96D53,C415Y,0.1232,benign,ADCK4,415.0
Q96D53,V416A,0.6011,pathogenic,ADCK4,416.0
Q96D53,V416C,0.9131,pathogenic,ADCK4,416.0
Q96D53,V416D,0.9835,pathogenic,ADCK4,416.0
Q96D53,V416E,0.9588,pathogenic,ADCK4,416.0
Q96D53,V416F,0.8043,pathogenic,ADCK4,416.0
Q96D53,V416G,0.7415,pathogenic,ADCK4,416.0
Q96D53,V416H,0.987,pathogenic,ADCK4,416.0
Q96D53,V416I,0.1087,benign,ADCK4,416.0
Q96D53,V416K,0.9755,pathogenic,ADCK4,416.0
Q96D53,V416L,0.4616,ambiguous,ADCK4,416.0
Q96D53,V416M,0.5036,ambiguous,ADCK4,416.0
Q96D53,V416N,0.955,pathogenic,ADCK4,416.0
Q96D53,V416P,0.9673,pathogenic,ADCK4,416.0
Q96D53,V416Q,0.9406,pathogenic,ADCK4,416.0
Q96D53,V416R,0.9315,pathogenic,ADCK4,416.0
Q96D53,V416S,0.8227,pathogenic,ADCK4,416.0
Q96D53,V416T,0.6881,pathogenic,ADCK4,416.0
Q96D53,V416W,0.9933,pathogenic,ADCK4,416.0
Q96D53,V416Y,0.9836,pathogenic,ADCK4,416.0
Q96D53,L417A,0.2986,benign,ADCK4,417.0
Q96D53,L417C,0.5198,ambiguous,ADCK4,417.0
Q96D53,L417D,0.8029,pathogenic,ADCK4,417.0
Q96D53,L417E,0.3433,ambiguous,ADCK4,417.0
Q96D53,L417F,0.1895,benign,ADCK4,417.0
Q96D53,L417G,0.5423,ambiguous,ADCK4,417.0
Q96D53,L417H,0.2788,benign,ADCK4,417.0
Q96D53,L417I,0.1505,benign,ADCK4,417.0
Q96D53,L417K,0.2905,benign,ADCK4,417.0
Q96D53,L417M,0.1596,benign,ADCK4,417.0
Q96D53,L417N,0.6117,pathogenic,ADCK4,417.0
Q96D53,L417P,0.7595,pathogenic,ADCK4,417.0
Q96D53,L417Q,0.1358,benign,ADCK4,417.0
Q96D53,L417R,0.1312,benign,ADCK4,417.0
Q96D53,L417S,0.3792,ambiguous,ADCK4,417.0
Q96D53,L417T,0.3375,benign,ADCK4,417.0
Q96D53,L417V,0.1355,benign,ADCK4,417.0
Q96D53,L417W,0.1908,benign,ADCK4,417.0
Q96D53,L417Y,0.4232,ambiguous,ADCK4,417.0
Q96D53,Q418A,0.1504,benign,ADCK4,418.0
Q96D53,Q418C,0.4078,ambiguous,ADCK4,418.0
Q96D53,Q418D,0.3262,benign,ADCK4,418.0
Q96D53,Q418E,0.092,benign,ADCK4,418.0
Q96D53,Q418F,0.6353,pathogenic,ADCK4,418.0
Q96D53,Q418G,0.1615,benign,ADCK4,418.0
Q96D53,Q418H,0.1795,benign,ADCK4,418.0
Q96D53,Q418I,0.3841,ambiguous,ADCK4,418.0
Q96D53,Q418K,0.0918,benign,ADCK4,418.0
Q96D53,Q418L,0.1252,benign,ADCK4,418.0
Q96D53,Q418M,0.3628,ambiguous,ADCK4,418.0
Q96D53,Q418N,0.2944,benign,ADCK4,418.0
Q96D53,Q418P,0.357,ambiguous,ADCK4,418.0
Q96D53,Q418R,0.0684,benign,ADCK4,418.0
Q96D53,Q418S,0.2119,benign,ADCK4,418.0
Q96D53,Q418T,0.1879,benign,ADCK4,418.0
Q96D53,Q418V,0.2488,benign,ADCK4,418.0
Q96D53,Q418W,0.2783,benign,ADCK4,418.0
Q96D53,Q418Y,0.4079,ambiguous,ADCK4,418.0
Q96D53,K419A,0.5833,pathogenic,ADCK4,419.0
Q96D53,K419C,0.6849,pathogenic,ADCK4,419.0
Q96D53,K419D,0.9087,pathogenic,ADCK4,419.0
Q96D53,K419E,0.5192,ambiguous,ADCK4,419.0
Q96D53,K419F,0.852,pathogenic,ADCK4,419.0
Q96D53,K419G,0.7102,pathogenic,ADCK4,419.0
Q96D53,K419H,0.3437,ambiguous,ADCK4,419.0
Q96D53,K419I,0.6458,pathogenic,ADCK4,419.0
Q96D53,K419L,0.4886,ambiguous,ADCK4,419.0
Q96D53,K419M,0.3637,ambiguous,ADCK4,419.0
Q96D53,K419N,0.7232,pathogenic,ADCK4,419.0
Q96D53,K419P,0.9772,pathogenic,ADCK4,419.0
Q96D53,K419Q,0.2421,benign,ADCK4,419.0
Q96D53,K419R,0.1124,benign,ADCK4,419.0
Q96D53,K419S,0.7455,pathogenic,ADCK4,419.0
Q96D53,K419T,0.4043,ambiguous,ADCK4,419.0
Q96D53,K419V,0.5945,pathogenic,ADCK4,419.0
Q96D53,K419W,0.8074,pathogenic,ADCK4,419.0
Q96D53,K419Y,0.6141,pathogenic,ADCK4,419.0
Q96D53,S420A,0.3578,ambiguous,ADCK4,420.0
Q96D53,S420C,0.4914,ambiguous,ADCK4,420.0
Q96D53,S420D,0.9696,pathogenic,ADCK4,420.0
Q96D53,S420E,0.9603,pathogenic,ADCK4,420.0
Q96D53,S420F,0.9505,pathogenic,ADCK4,420.0
Q96D53,S420G,0.4354,ambiguous,ADCK4,420.0
Q96D53,S420H,0.9582,pathogenic,ADCK4,420.0
Q96D53,S420I,0.8406,pathogenic,ADCK4,420.0
Q96D53,S420K,0.995,pathogenic,ADCK4,420.0
Q96D53,S420L,0.5257,ambiguous,ADCK4,420.0
Q96D53,S420M,0.7281,pathogenic,ADCK4,420.0
Q96D53,S420N,0.8948,pathogenic,ADCK4,420.0
Q96D53,S420P,0.9766,pathogenic,ADCK4,420.0
Q96D53,S420Q,0.9565,pathogenic,ADCK4,420.0
Q96D53,S420R,0.9912,pathogenic,ADCK4,420.0
Q96D53,S420T,0.3849,ambiguous,ADCK4,420.0
Q96D53,S420V,0.8104,pathogenic,ADCK4,420.0
Q96D53,S420W,0.9145,pathogenic,ADCK4,420.0
Q96D53,S420Y,0.8944,pathogenic,ADCK4,420.0
Q96D53,R421A,0.1985,benign,ADCK4,421.0
Q96D53,R421C,0.1073,benign,ADCK4,421.0
Q96D53,R421D,0.569,pathogenic,ADCK4,421.0
Q96D53,R421E,0.1788,benign,ADCK4,421.0
Q96D53,R421F,0.3991,ambiguous,ADCK4,421.0
Q96D53,R421G,0.1461,benign,ADCK4,421.0
Q96D53,R421H,0.0971,benign,ADCK4,421.0
Q96D53,R421I,0.1889,benign,ADCK4,421.0
Q96D53,R421K,0.0978,benign,ADCK4,421.0
Q96D53,R421L,0.1295,benign,ADCK4,421.0
Q96D53,R421M,0.2153,benign,ADCK4,421.0
Q96D53,R421N,0.4511,ambiguous,ADCK4,421.0
Q96D53,R421P,0.7767,pathogenic,ADCK4,421.0
Q96D53,R421Q,0.0654,benign,ADCK4,421.0
Q96D53,R421S,0.2859,benign,ADCK4,421.0
Q96D53,R421T,0.163,benign,ADCK4,421.0
Q96D53,R421V,0.2164,benign,ADCK4,421.0
Q96D53,R421W,0.1124,benign,ADCK4,421.0
Q96D53,R421Y,0.2843,benign,ADCK4,421.0
Q96D53,D422A,0.1469,benign,ADCK4,422.0
Q96D53,D422C,0.5537,ambiguous,ADCK4,422.0
Q96D53,D422E,0.1872,benign,ADCK4,422.0
Q96D53,D422F,0.5404,ambiguous,ADCK4,422.0
Q96D53,D422G,0.2213,benign,ADCK4,422.0
Q96D53,D422H,0.2231,benign,ADCK4,422.0
Q96D53,D422I,0.3378,benign,ADCK4,422.0
Q96D53,D422K,0.3548,ambiguous,ADCK4,422.0
Q96D53,D422L,0.3297,benign,ADCK4,422.0
Q96D53,D422M,0.5584,ambiguous,ADCK4,422.0
Q96D53,D422N,0.1322,benign,ADCK4,422.0
Q96D53,D422P,0.9248,pathogenic,ADCK4,422.0
Q96D53,D422Q,0.2659,benign,ADCK4,422.0
Q96D53,D422R,0.3258,benign,ADCK4,422.0
Q96D53,D422S,0.1603,benign,ADCK4,422.0
Q96D53,D422T,0.2769,benign,ADCK4,422.0
Q96D53,D422V,0.1989,benign,ADCK4,422.0
Q96D53,D422W,0.8049,pathogenic,ADCK4,422.0
Q96D53,D422Y,0.1749,benign,ADCK4,422.0
Q96D53,L423A,0.7741,pathogenic,ADCK4,423.0
Q96D53,L423C,0.7776,pathogenic,ADCK4,423.0
Q96D53,L423D,0.9895,pathogenic,ADCK4,423.0
Q96D53,L423E,0.9242,pathogenic,ADCK4,423.0
Q96D53,L423F,0.5561,ambiguous,ADCK4,423.0
Q96D53,L423G,0.9146,pathogenic,ADCK4,423.0
Q96D53,L423H,0.8747,pathogenic,ADCK4,423.0
Q96D53,L423I,0.2372,benign,ADCK4,423.0
Q96D53,L423K,0.9151,pathogenic,ADCK4,423.0
Q96D53,L423M,0.1866,benign,ADCK4,423.0
Q96D53,L423N,0.9418,pathogenic,ADCK4,423.0
Q96D53,L423P,0.9631,pathogenic,ADCK4,423.0
Q96D53,L423Q,0.7213,pathogenic,ADCK4,423.0
Q96D53,L423R,0.7685,pathogenic,ADCK4,423.0
Q96D53,L423S,0.8814,pathogenic,ADCK4,423.0
Q96D53,L423T,0.7846,pathogenic,ADCK4,423.0
Q96D53,L423V,0.2504,benign,ADCK4,423.0
Q96D53,L423W,0.7502,pathogenic,ADCK4,423.0
Q96D53,L423Y,0.9242,pathogenic,ADCK4,423.0
Q96D53,K424A,0.2668,benign,ADCK4,424.0
Q96D53,K424C,0.4207,ambiguous,ADCK4,424.0
Q96D53,K424D,0.4937,ambiguous,ADCK4,424.0
Q96D53,K424E,0.2333,benign,ADCK4,424.0
Q96D53,K424F,0.7725,pathogenic,ADCK4,424.0
Q96D53,K424G,0.1831,benign,ADCK4,424.0
Q96D53,K424H,0.1854,benign,ADCK4,424.0
Q96D53,K424I,0.6357,pathogenic,ADCK4,424.0
Q96D53,K424L,0.3306,benign,ADCK4,424.0
Q96D53,K424M,0.2613,benign,ADCK4,424.0
Q96D53,K424N,0.3028,benign,ADCK4,424.0
Q96D53,K424P,0.5865,pathogenic,ADCK4,424.0
Q96D53,K424Q,0.115,benign,ADCK4,424.0
Q96D53,K424R,0.0769,benign,ADCK4,424.0
Q96D53,K424S,0.301,benign,ADCK4,424.0
Q96D53,K424T,0.1849,benign,ADCK4,424.0
Q96D53,K424V,0.5212,ambiguous,ADCK4,424.0
Q96D53,K424W,0.6817,pathogenic,ADCK4,424.0
Q96D53,K424Y,0.57,pathogenic,ADCK4,424.0
Q96D53,F425A,0.9762,pathogenic,ADCK4,425.0
Q96D53,F425C,0.9218,pathogenic,ADCK4,425.0
Q96D53,F425D,0.9865,pathogenic,ADCK4,425.0
Q96D53,F425E,0.9893,pathogenic,ADCK4,425.0
Q96D53,F425G,0.9814,pathogenic,ADCK4,425.0
Q96D53,F425H,0.9622,pathogenic,ADCK4,425.0
Q96D53,F425I,0.7391,pathogenic,ADCK4,425.0
Q96D53,F425K,0.9914,pathogenic,ADCK4,425.0
Q96D53,F425L,0.9752,pathogenic,ADCK4,425.0
Q96D53,F425M,0.8953,pathogenic,ADCK4,425.0
Q96D53,F425N,0.9701,pathogenic,ADCK4,425.0
Q96D53,F425P,0.9987,pathogenic,ADCK4,425.0
Q96D53,F425Q,0.9856,pathogenic,ADCK4,425.0
Q96D53,F425R,0.979,pathogenic,ADCK4,425.0
Q96D53,F425S,0.9716,pathogenic,ADCK4,425.0
Q96D53,F425T,0.9812,pathogenic,ADCK4,425.0
Q96D53,F425V,0.7764,pathogenic,ADCK4,425.0
Q96D53,F425W,0.839,pathogenic,ADCK4,425.0
Q96D53,F425Y,0.3376,benign,ADCK4,425.0
Q96D53,L426A,0.7122,pathogenic,ADCK4,426.0
Q96D53,L426C,0.7322,pathogenic,ADCK4,426.0
Q96D53,L426D,0.985,pathogenic,ADCK4,426.0
Q96D53,L426E,0.9007,pathogenic,ADCK4,426.0
Q96D53,L426F,0.3441,ambiguous,ADCK4,426.0
Q96D53,L426G,0.915,pathogenic,ADCK4,426.0
Q96D53,L426H,0.72,pathogenic,ADCK4,426.0
Q96D53,L426I,0.1917,benign,ADCK4,426.0
Q96D53,L426K,0.851,pathogenic,ADCK4,426.0
Q96D53,L426M,0.2036,benign,ADCK4,426.0
Q96D53,L426N,0.9391,pathogenic,ADCK4,426.0
Q96D53,L426P,0.9135,pathogenic,ADCK4,426.0
Q96D53,L426Q,0.5647,pathogenic,ADCK4,426.0
Q96D53,L426R,0.6375,pathogenic,ADCK4,426.0
Q96D53,L426S,0.8276,pathogenic,ADCK4,426.0
Q96D53,L426T,0.698,pathogenic,ADCK4,426.0
Q96D53,L426V,0.1721,benign,ADCK4,426.0
Q96D53,L426W,0.6195,pathogenic,ADCK4,426.0
Q96D53,L426Y,0.8195,pathogenic,ADCK4,426.0
Q96D53,T427A,0.2168,benign,ADCK4,427.0
Q96D53,T427C,0.5953,pathogenic,ADCK4,427.0
Q96D53,T427D,0.6003,pathogenic,ADCK4,427.0
Q96D53,T427E,0.6363,pathogenic,ADCK4,427.0
Q96D53,T427F,0.7177,pathogenic,ADCK4,427.0
Q96D53,T427G,0.4164,ambiguous,ADCK4,427.0
Q96D53,T427H,0.4414,ambiguous,ADCK4,427.0
Q96D53,T427I,0.6884,pathogenic,ADCK4,427.0
Q96D53,T427K,0.4627,ambiguous,ADCK4,427.0
Q96D53,T427L,0.3159,benign,ADCK4,427.0
Q96D53,T427M,0.214,benign,ADCK4,427.0
Q96D53,T427N,0.2599,benign,ADCK4,427.0
Q96D53,T427P,0.3008,benign,ADCK4,427.0
Q96D53,T427Q,0.4433,ambiguous,ADCK4,427.0
Q96D53,T427R,0.3088,benign,ADCK4,427.0
Q96D53,T427S,0.1625,benign,ADCK4,427.0
Q96D53,T427V,0.5222,ambiguous,ADCK4,427.0
Q96D53,T427W,0.7836,pathogenic,ADCK4,427.0
Q96D53,T427Y,0.6598,pathogenic,ADCK4,427.0
Q96D53,G428A,0.3659,ambiguous,ADCK4,428.0
Q96D53,G428C,0.5108,ambiguous,ADCK4,428.0
Q96D53,G428D,0.4081,ambiguous,ADCK4,428.0
Q96D53,G428E,0.5788,pathogenic,ADCK4,428.0
Q96D53,G428F,0.9404,pathogenic,ADCK4,428.0
Q96D53,G428H,0.7277,pathogenic,ADCK4,428.0
Q96D53,G428I,0.8267,pathogenic,ADCK4,428.0
Q96D53,G428K,0.7884,pathogenic,ADCK4,428.0
Q96D53,G428L,0.8342,pathogenic,ADCK4,428.0
Q96D53,G428M,0.8965,pathogenic,ADCK4,428.0
Q96D53,G428N,0.5515,ambiguous,ADCK4,428.0
Q96D53,G428P,0.8994,pathogenic,ADCK4,428.0
Q96D53,G428Q,0.6568,pathogenic,ADCK4,428.0
Q96D53,G428R,0.5539,ambiguous,ADCK4,428.0
Q96D53,G428S,0.1992,benign,ADCK4,428.0
Q96D53,G428T,0.5335,ambiguous,ADCK4,428.0
Q96D53,G428V,0.6958,pathogenic,ADCK4,428.0
Q96D53,G428W,0.8087,pathogenic,ADCK4,428.0
Q96D53,G428Y,0.848,pathogenic,ADCK4,428.0
Q96D53,F429A,0.3772,ambiguous,ADCK4,429.0
Q96D53,F429C,0.2873,benign,ADCK4,429.0
Q96D53,F429D,0.5188,ambiguous,ADCK4,429.0
Q96D53,F429E,0.5466,ambiguous,ADCK4,429.0
Q96D53,F429G,0.5902,pathogenic,ADCK4,429.0
Q96D53,F429H,0.3783,ambiguous,ADCK4,429.0
Q96D53,F429I,0.2383,benign,ADCK4,429.0
Q96D53,F429K,0.5697,pathogenic,ADCK4,429.0
Q96D53,F429L,0.6814,pathogenic,ADCK4,429.0
Q96D53,F429M,0.4111,ambiguous,ADCK4,429.0
Q96D53,F429N,0.4727,ambiguous,ADCK4,429.0
Q96D53,F429P,0.9243,pathogenic,ADCK4,429.0
Q96D53,F429Q,0.4988,ambiguous,ADCK4,429.0
Q96D53,F429R,0.4002,ambiguous,ADCK4,429.0
Q96D53,F429S,0.3056,benign,ADCK4,429.0
Q96D53,F429T,0.4019,ambiguous,ADCK4,429.0
Q96D53,F429V,0.2127,benign,ADCK4,429.0
Q96D53,F429W,0.2701,benign,ADCK4,429.0
Q96D53,F429Y,0.1072,benign,ADCK4,429.0
Q96D53,E430A,0.7838,pathogenic,ADCK4,430.0
Q96D53,E430C,0.9782,pathogenic,ADCK4,430.0
Q96D53,E430D,0.8167,pathogenic,ADCK4,430.0
Q96D53,E430F,0.9964,pathogenic,ADCK4,430.0
Q96D53,E430G,0.7176,pathogenic,ADCK4,430.0
Q96D53,E430H,0.9551,pathogenic,ADCK4,430.0
Q96D53,E430I,0.9786,pathogenic,ADCK4,430.0
Q96D53,E430K,0.7639,pathogenic,ADCK4,430.0
Q96D53,E430L,0.9704,pathogenic,ADCK4,430.0
Q96D53,E430M,0.9736,pathogenic,ADCK4,430.0
Q96D53,E430N,0.9654,pathogenic,ADCK4,430.0
Q96D53,E430P,0.957,pathogenic,ADCK4,430.0
Q96D53,E430Q,0.5657,pathogenic,ADCK4,430.0
Q96D53,E430R,0.8052,pathogenic,ADCK4,430.0
Q96D53,E430S,0.8683,pathogenic,ADCK4,430.0
Q96D53,E430T,0.9278,pathogenic,ADCK4,430.0
Q96D53,E430V,0.9163,pathogenic,ADCK4,430.0
Q96D53,E430W,0.997,pathogenic,ADCK4,430.0
Q96D53,E430Y,0.9902,pathogenic,ADCK4,430.0
Q96D53,T431A,0.1017,benign,ADCK4,431.0
Q96D53,T431C,0.5393,ambiguous,ADCK4,431.0
Q96D53,T431D,0.3282,benign,ADCK4,431.0
Q96D53,T431E,0.2953,benign,ADCK4,431.0
Q96D53,T431F,0.6195,pathogenic,ADCK4,431.0
Q96D53,T431G,0.2439,benign,ADCK4,431.0
Q96D53,T431H,0.3802,ambiguous,ADCK4,431.0
Q96D53,T431I,0.5109,ambiguous,ADCK4,431.0
Q96D53,T431K,0.2886,benign,ADCK4,431.0
Q96D53,T431L,0.2388,benign,ADCK4,431.0
Q96D53,T431M,0.1226,benign,ADCK4,431.0
Q96D53,T431N,0.1292,benign,ADCK4,431.0
Q96D53,T431P,0.1365,benign,ADCK4,431.0
Q96D53,T431Q,0.2742,benign,ADCK4,431.0
Q96D53,T431R,0.2404,benign,ADCK4,431.0
Q96D53,T431S,0.113,benign,ADCK4,431.0
Q96D53,T431V,0.3393,benign,ADCK4,431.0
Q96D53,T431W,0.7573,pathogenic,ADCK4,431.0
Q96D53,T431Y,0.5676,pathogenic,ADCK4,431.0
Q96D53,K432A,0.196,benign,ADCK4,432.0
Q96D53,K432C,0.7264,pathogenic,ADCK4,432.0
Q96D53,K432D,0.4589,ambiguous,ADCK4,432.0
Q96D53,K432E,0.1253,benign,ADCK4,432.0
Q96D53,K432F,0.871,pathogenic,ADCK4,432.0
Q96D53,K432G,0.3181,benign,ADCK4,432.0
Q96D53,K432H,0.3991,ambiguous,ADCK4,432.0
Q96D53,K432I,0.484,ambiguous,ADCK4,432.0
Q96D53,K432L,0.3715,ambiguous,ADCK4,432.0
Q96D53,K432M,0.2689,benign,ADCK4,432.0
Q96D53,K432N,0.4912,ambiguous,ADCK4,432.0
Q96D53,K432P,0.34,ambiguous,ADCK4,432.0
Q96D53,K432Q,0.1287,benign,ADCK4,432.0
Q96D53,K432R,0.0845,benign,ADCK4,432.0
Q96D53,K432S,0.3818,ambiguous,ADCK4,432.0
Q96D53,K432T,0.1691,benign,ADCK4,432.0
Q96D53,K432V,0.3274,benign,ADCK4,432.0
Q96D53,K432W,0.7949,pathogenic,ADCK4,432.0
Q96D53,K432Y,0.757,pathogenic,ADCK4,432.0
Q96D53,A433C,0.472,ambiguous,ADCK4,433.0
Q96D53,A433D,0.1387,benign,ADCK4,433.0
Q96D53,A433E,0.124,benign,ADCK4,433.0
Q96D53,A433F,0.2882,benign,ADCK4,433.0
Q96D53,A433G,0.1358,benign,ADCK4,433.0
Q96D53,A433H,0.3234,benign,ADCK4,433.0
Q96D53,A433I,0.1601,benign,ADCK4,433.0
Q96D53,A433K,0.3069,benign,ADCK4,433.0
Q96D53,A433L,0.1393,benign,ADCK4,433.0
Q96D53,A433M,0.1861,benign,ADCK4,433.0
Q96D53,A433N,0.1964,benign,ADCK4,433.0
Q96D53,A433P,0.1194,benign,ADCK4,433.0
Q96D53,A433Q,0.2253,benign,ADCK4,433.0
Q96D53,A433R,0.2436,benign,ADCK4,433.0
Q96D53,A433S,0.0954,benign,ADCK4,433.0
Q96D53,A433T,0.0798,benign,ADCK4,433.0
Q96D53,A433V,0.0843,benign,ADCK4,433.0
Q96D53,A433W,0.5961,pathogenic,ADCK4,433.0
Q96D53,A433Y,0.3659,ambiguous,ADCK4,433.0
Q96D53,F434A,0.5636,ambiguous,ADCK4,434.0
Q96D53,F434C,0.2397,benign,ADCK4,434.0
Q96D53,F434D,0.8956,pathogenic,ADCK4,434.0
Q96D53,F434E,0.929,pathogenic,ADCK4,434.0
Q96D53,F434G,0.7817,pathogenic,ADCK4,434.0
Q96D53,F434H,0.7844,pathogenic,ADCK4,434.0
Q96D53,F434I,0.3449,ambiguous,ADCK4,434.0
Q96D53,F434K,0.9521,pathogenic,ADCK4,434.0
Q96D53,F434L,0.7912,pathogenic,ADCK4,434.0
Q96D53,F434M,0.465,ambiguous,ADCK4,434.0
Q96D53,F434N,0.7967,pathogenic,ADCK4,434.0
Q96D53,F434P,0.9812,pathogenic,ADCK4,434.0
Q96D53,F434Q,0.8365,pathogenic,ADCK4,434.0
Q96D53,F434R,0.8658,pathogenic,ADCK4,434.0
Q96D53,F434S,0.5277,ambiguous,ADCK4,434.0
Q96D53,F434T,0.671,pathogenic,ADCK4,434.0
Q96D53,F434V,0.2416,benign,ADCK4,434.0
Q96D53,F434W,0.6355,pathogenic,ADCK4,434.0
Q96D53,F434Y,0.2939,benign,ADCK4,434.0
Q96D53,S435A,0.0605,benign,ADCK4,435.0
Q96D53,S435C,0.0625,benign,ADCK4,435.0
Q96D53,S435D,0.2889,benign,ADCK4,435.0
Q96D53,S435E,0.2354,benign,ADCK4,435.0
Q96D53,S435F,0.1661,benign,ADCK4,435.0
Q96D53,S435G,0.0733,benign,ADCK4,435.0
Q96D53,S435H,0.1789,benign,ADCK4,435.0
Q96D53,S435I,0.1117,benign,ADCK4,435.0
Q96D53,S435K,0.325,benign,ADCK4,435.0
Q96D53,S435L,0.0784,benign,ADCK4,435.0
Q96D53,S435M,0.1571,benign,ADCK4,435.0
Q96D53,S435N,0.1231,benign,ADCK4,435.0
Q96D53,S435P,0.3846,ambiguous,ADCK4,435.0
Q96D53,S435Q,0.237,benign,ADCK4,435.0
Q96D53,S435R,0.1843,benign,ADCK4,435.0
Q96D53,S435T,0.0688,benign,ADCK4,435.0
Q96D53,S435V,0.1212,benign,ADCK4,435.0
Q96D53,S435W,0.1693,benign,ADCK4,435.0
Q96D53,S435Y,0.1388,benign,ADCK4,435.0
Q96D53,D436A,0.0814,benign,ADCK4,436.0
Q96D53,D436C,0.3436,ambiguous,ADCK4,436.0
Q96D53,D436E,0.0996,benign,ADCK4,436.0
Q96D53,D436F,0.4453,ambiguous,ADCK4,436.0
Q96D53,D436G,0.1265,benign,ADCK4,436.0
Q96D53,D436H,0.1149,benign,ADCK4,436.0
Q96D53,D436I,0.2425,benign,ADCK4,436.0
Q96D53,D436K,0.1457,benign,ADCK4,436.0
Q96D53,D436L,0.2041,benign,ADCK4,436.0
Q96D53,D436M,0.3588,ambiguous,ADCK4,436.0
Q96D53,D436N,0.0783,benign,ADCK4,436.0
Q96D53,D436P,0.7781,pathogenic,ADCK4,436.0
Q96D53,D436Q,0.1278,benign,ADCK4,436.0
Q96D53,D436R,0.1308,benign,ADCK4,436.0
Q96D53,D436S,0.0921,benign,ADCK4,436.0
Q96D53,D436T,0.1322,benign,ADCK4,436.0
Q96D53,D436V,0.1368,benign,ADCK4,436.0
Q96D53,D436W,0.6691,pathogenic,ADCK4,436.0
Q96D53,D436Y,0.1618,benign,ADCK4,436.0
Q96D53,A437C,0.6088,pathogenic,ADCK4,437.0
Q96D53,A437D,0.6886,pathogenic,ADCK4,437.0
Q96D53,A437E,0.5943,pathogenic,ADCK4,437.0
Q96D53,A437F,0.6243,pathogenic,ADCK4,437.0
Q96D53,A437G,0.282,benign,ADCK4,437.0
Q96D53,A437H,0.7353,pathogenic,ADCK4,437.0
Q96D53,A437I,0.3743,ambiguous,ADCK4,437.0
Q96D53,A437K,0.7242,pathogenic,ADCK4,437.0
Q96D53,A437L,0.3399,benign,ADCK4,437.0
Q96D53,A437M,0.3247,benign,ADCK4,437.0
Q96D53,A437N,0.5988,pathogenic,ADCK4,437.0
Q96D53,A437P,0.9378,pathogenic,ADCK4,437.0
Q96D53,A437Q,0.6078,pathogenic,ADCK4,437.0
Q96D53,A437R,0.5793,pathogenic,ADCK4,437.0
Q96D53,A437S,0.1561,benign,ADCK4,437.0
Q96D53,A437T,0.1146,benign,ADCK4,437.0
Q96D53,A437V,0.1728,benign,ADCK4,437.0
Q96D53,A437W,0.9086,pathogenic,ADCK4,437.0
Q96D53,A437Y,0.7924,pathogenic,ADCK4,437.0
Q96D53,H438A,0.898,pathogenic,ADCK4,438.0
Q96D53,H438C,0.6585,pathogenic,ADCK4,438.0
Q96D53,H438D,0.9248,pathogenic,ADCK4,438.0
Q96D53,H438E,0.9258,pathogenic,ADCK4,438.0
Q96D53,H438F,0.8284,pathogenic,ADCK4,438.0
Q96D53,H438G,0.9334,pathogenic,ADCK4,438.0
Q96D53,H438I,0.8733,pathogenic,ADCK4,438.0
Q96D53,H438K,0.9523,pathogenic,ADCK4,438.0
Q96D53,H438L,0.4491,ambiguous,ADCK4,438.0
Q96D53,H438M,0.8651,pathogenic,ADCK4,438.0
Q96D53,H438N,0.6776,pathogenic,ADCK4,438.0
Q96D53,H438P,0.7835,pathogenic,ADCK4,438.0
Q96D53,H438Q,0.7971,pathogenic,ADCK4,438.0
Q96D53,H438R,0.8196,pathogenic,ADCK4,438.0
Q96D53,H438S,0.8412,pathogenic,ADCK4,438.0
Q96D53,H438T,0.8907,pathogenic,ADCK4,438.0
Q96D53,H438V,0.8159,pathogenic,ADCK4,438.0
Q96D53,H438W,0.8295,pathogenic,ADCK4,438.0
Q96D53,H438Y,0.5754,pathogenic,ADCK4,438.0
Q96D53,V439A,0.1183,benign,ADCK4,439.0
Q96D53,V439C,0.7217,pathogenic,ADCK4,439.0
Q96D53,V439D,0.7994,pathogenic,ADCK4,439.0
Q96D53,V439E,0.5479,ambiguous,ADCK4,439.0
Q96D53,V439F,0.5217,ambiguous,ADCK4,439.0
Q96D53,V439G,0.2499,benign,ADCK4,439.0
Q96D53,V439H,0.8564,pathogenic,ADCK4,439.0
Q96D53,V439I,0.1032,benign,ADCK4,439.0
Q96D53,V439K,0.6477,pathogenic,ADCK4,439.0
Q96D53,V439L,0.3295,benign,ADCK4,439.0
Q96D53,V439M,0.2039,benign,ADCK4,439.0
Q96D53,V439N,0.6718,pathogenic,ADCK4,439.0
Q96D53,V439P,0.948,pathogenic,ADCK4,439.0
Q96D53,V439Q,0.5607,ambiguous,ADCK4,439.0
Q96D53,V439R,0.5032,ambiguous,ADCK4,439.0
Q96D53,V439S,0.2969,benign,ADCK4,439.0
Q96D53,V439T,0.1451,benign,ADCK4,439.0
Q96D53,V439W,0.9384,pathogenic,ADCK4,439.0
Q96D53,V439Y,0.865,pathogenic,ADCK4,439.0
Q96D53,E440A,0.1151,benign,ADCK4,440.0
Q96D53,E440C,0.7786,pathogenic,ADCK4,440.0
Q96D53,E440D,0.1217,benign,ADCK4,440.0
Q96D53,E440F,0.8594,pathogenic,ADCK4,440.0
Q96D53,E440G,0.1698,benign,ADCK4,440.0
Q96D53,E440H,0.3336,benign,ADCK4,440.0
Q96D53,E440I,0.6365,pathogenic,ADCK4,440.0
Q96D53,E440K,0.1257,benign,ADCK4,440.0
Q96D53,E440L,0.4234,ambiguous,ADCK4,440.0
Q96D53,E440M,0.5484,ambiguous,ADCK4,440.0
Q96D53,E440N,0.2449,benign,ADCK4,440.0
Q96D53,E440P,0.9036,pathogenic,ADCK4,440.0
Q96D53,E440Q,0.0989,benign,ADCK4,440.0
Q96D53,E440R,0.1507,benign,ADCK4,440.0
Q96D53,E440S,0.1778,benign,ADCK4,440.0
Q96D53,E440T,0.2115,benign,ADCK4,440.0
Q96D53,E440V,0.3693,ambiguous,ADCK4,440.0
Q96D53,E440W,0.8714,pathogenic,ADCK4,440.0
Q96D53,E440Y,0.6865,pathogenic,ADCK4,440.0
Q96D53,A441C,0.7564,pathogenic,ADCK4,441.0
Q96D53,A441D,0.8992,pathogenic,ADCK4,441.0
Q96D53,A441E,0.8572,pathogenic,ADCK4,441.0
Q96D53,A441F,0.7619,pathogenic,ADCK4,441.0
Q96D53,A441G,0.2472,benign,ADCK4,441.0
Q96D53,A441H,0.9416,pathogenic,ADCK4,441.0
Q96D53,A441I,0.5324,ambiguous,ADCK4,441.0
Q96D53,A441K,0.9575,pathogenic,ADCK4,441.0
Q96D53,A441L,0.3694,ambiguous,ADCK4,441.0
Q96D53,A441M,0.2873,benign,ADCK4,441.0
Q96D53,A441N,0.8091,pathogenic,ADCK4,441.0
Q96D53,A441P,0.9587,pathogenic,ADCK4,441.0
Q96D53,A441Q,0.8655,pathogenic,ADCK4,441.0
Q96D53,A441R,0.9274,pathogenic,ADCK4,441.0
Q96D53,A441S,0.1823,benign,ADCK4,441.0
Q96D53,A441T,0.1375,benign,ADCK4,441.0
Q96D53,A441V,0.2201,benign,ADCK4,441.0
Q96D53,A441W,0.9547,pathogenic,ADCK4,441.0
Q96D53,A441Y,0.8995,pathogenic,ADCK4,441.0
Q96D53,V442A,0.3318,benign,ADCK4,442.0
Q96D53,V442C,0.8977,pathogenic,ADCK4,442.0
Q96D53,V442D,0.9671,pathogenic,ADCK4,442.0
Q96D53,V442E,0.9206,pathogenic,ADCK4,442.0
Q96D53,V442F,0.7234,pathogenic,ADCK4,442.0
Q96D53,V442G,0.487,ambiguous,ADCK4,442.0
Q96D53,V442H,0.9852,pathogenic,ADCK4,442.0
Q96D53,V442I,0.1254,benign,ADCK4,442.0
Q96D53,V442K,0.9647,pathogenic,ADCK4,442.0
Q96D53,V442L,0.5526,ambiguous,ADCK4,442.0
Q96D53,V442M,0.3485,ambiguous,ADCK4,442.0
Q96D53,V442N,0.9086,pathogenic,ADCK4,442.0
Q96D53,V442P,0.971,pathogenic,ADCK4,442.0
Q96D53,V442Q,0.9052,pathogenic,ADCK4,442.0
Q96D53,V442R,0.9346,pathogenic,ADCK4,442.0
Q96D53,V442S,0.6073,pathogenic,ADCK4,442.0
Q96D53,V442T,0.4715,ambiguous,ADCK4,442.0
Q96D53,V442W,0.9916,pathogenic,ADCK4,442.0
Q96D53,V442Y,0.9821,pathogenic,ADCK4,442.0
Q96D53,M443A,0.6445,pathogenic,ADCK4,443.0
Q96D53,M443C,0.7561,pathogenic,ADCK4,443.0
Q96D53,M443D,0.9623,pathogenic,ADCK4,443.0
Q96D53,M443E,0.7235,pathogenic,ADCK4,443.0
Q96D53,M443F,0.6372,pathogenic,ADCK4,443.0
Q96D53,M443G,0.7564,pathogenic,ADCK4,443.0
Q96D53,M443H,0.785,pathogenic,ADCK4,443.0
Q96D53,M443I,0.6467,pathogenic,ADCK4,443.0
Q96D53,M443K,0.383,ambiguous,ADCK4,443.0
Q96D53,M443L,0.1476,benign,ADCK4,443.0
Q96D53,M443N,0.8094,pathogenic,ADCK4,443.0
Q96D53,M443P,0.9792,pathogenic,ADCK4,443.0
Q96D53,M443Q,0.4168,ambiguous,ADCK4,443.0
Q96D53,M443R,0.3365,benign,ADCK4,443.0
Q96D53,M443S,0.6719,pathogenic,ADCK4,443.0
Q96D53,M443T,0.4,ambiguous,ADCK4,443.0
Q96D53,M443V,0.1887,benign,ADCK4,443.0
Q96D53,M443W,0.8074,pathogenic,ADCK4,443.0
Q96D53,M443Y,0.8728,pathogenic,ADCK4,443.0
Q96D53,I444A,0.4436,ambiguous,ADCK4,444.0
Q96D53,I444C,0.7181,pathogenic,ADCK4,444.0
Q96D53,I444D,0.8145,pathogenic,ADCK4,444.0
Q96D53,I444E,0.7334,pathogenic,ADCK4,444.0
Q96D53,I444F,0.2464,benign,ADCK4,444.0
Q96D53,I444G,0.6986,pathogenic,ADCK4,444.0
Q96D53,I444H,0.571,pathogenic,ADCK4,444.0
Q96D53,I444K,0.5786,pathogenic,ADCK4,444.0
Q96D53,I444L,0.1073,benign,ADCK4,444.0
Q96D53,I444M,0.1203,benign,ADCK4,444.0
Q96D53,I444N,0.3889,ambiguous,ADCK4,444.0
Q96D53,I444P,0.9398,pathogenic,ADCK4,444.0
Q96D53,I444Q,0.5714,pathogenic,ADCK4,444.0
Q96D53,I444R,0.4147,ambiguous,ADCK4,444.0
Q96D53,I444S,0.4033,ambiguous,ADCK4,444.0
Q96D53,I444T,0.3735,ambiguous,ADCK4,444.0
Q96D53,I444V,0.1437,benign,ADCK4,444.0
Q96D53,I444W,0.7831,pathogenic,ADCK4,444.0
Q96D53,I444Y,0.5844,pathogenic,ADCK4,444.0
Q96D53,L445A,0.6012,pathogenic,ADCK4,445.0
Q96D53,L445C,0.8187,pathogenic,ADCK4,445.0
Q96D53,L445D,0.9911,pathogenic,ADCK4,445.0
Q96D53,L445E,0.9468,pathogenic,ADCK4,445.0
Q96D53,L445F,0.4751,ambiguous,ADCK4,445.0
Q96D53,L445G,0.904,pathogenic,ADCK4,445.0
Q96D53,L445H,0.9042,pathogenic,ADCK4,445.0
Q96D53,L445I,0.191,benign,ADCK4,445.0
Q96D53,L445K,0.9605,pathogenic,ADCK4,445.0
Q96D53,L445M,0.2441,benign,ADCK4,445.0
Q96D53,L445N,0.9617,pathogenic,ADCK4,445.0
Q96D53,L445P,0.8511,pathogenic,ADCK4,445.0
Q96D53,L445Q,0.8159,pathogenic,ADCK4,445.0
Q96D53,L445R,0.8598,pathogenic,ADCK4,445.0
Q96D53,L445S,0.8079,pathogenic,ADCK4,445.0
Q96D53,L445T,0.5405,ambiguous,ADCK4,445.0
Q96D53,L445V,0.1896,benign,ADCK4,445.0
Q96D53,L445W,0.7617,pathogenic,ADCK4,445.0
Q96D53,L445Y,0.9454,pathogenic,ADCK4,445.0
Q96D53,G446A,0.3655,ambiguous,ADCK4,446.0
Q96D53,G446C,0.7434,pathogenic,ADCK4,446.0
Q96D53,G446D,0.9641,pathogenic,ADCK4,446.0
Q96D53,G446E,0.9652,pathogenic,ADCK4,446.0
Q96D53,G446F,0.9909,pathogenic,ADCK4,446.0
Q96D53,G446H,0.987,pathogenic,ADCK4,446.0
Q96D53,G446I,0.9636,pathogenic,ADCK4,446.0
Q96D53,G446K,0.9885,pathogenic,ADCK4,446.0
Q96D53,G446L,0.9465,pathogenic,ADCK4,446.0
Q96D53,G446M,0.9737,pathogenic,ADCK4,446.0
Q96D53,G446N,0.9777,pathogenic,ADCK4,446.0
Q96D53,G446P,0.994,pathogenic,ADCK4,446.0
Q96D53,G446Q,0.9652,pathogenic,ADCK4,446.0
Q96D53,G446R,0.9533,pathogenic,ADCK4,446.0
Q96D53,G446S,0.4507,ambiguous,ADCK4,446.0
Q96D53,G446T,0.8158,pathogenic,ADCK4,446.0
Q96D53,G446V,0.8936,pathogenic,ADCK4,446.0
Q96D53,G446W,0.9684,pathogenic,ADCK4,446.0
Q96D53,G446Y,0.9882,pathogenic,ADCK4,446.0
Q96D53,E447A,0.1761,benign,ADCK4,447.0
Q96D53,E447C,0.8677,pathogenic,ADCK4,447.0
Q96D53,E447D,0.3727,ambiguous,ADCK4,447.0
Q96D53,E447F,0.8074,pathogenic,ADCK4,447.0
Q96D53,E447G,0.241,benign,ADCK4,447.0
Q96D53,E447H,0.5113,ambiguous,ADCK4,447.0
Q96D53,E447I,0.4397,ambiguous,ADCK4,447.0
Q96D53,E447K,0.1233,benign,ADCK4,447.0
Q96D53,E447L,0.3861,ambiguous,ADCK4,447.0
Q96D53,E447M,0.432,ambiguous,ADCK4,447.0
Q96D53,E447N,0.5053,ambiguous,ADCK4,447.0
Q96D53,E447P,0.9548,pathogenic,ADCK4,447.0
Q96D53,E447Q,0.1075,benign,ADCK4,447.0
Q96D53,E447R,0.2066,benign,ADCK4,447.0
Q96D53,E447S,0.3026,benign,ADCK4,447.0
Q96D53,E447T,0.2852,benign,ADCK4,447.0
Q96D53,E447V,0.2779,benign,ADCK4,447.0
Q96D53,E447W,0.9206,pathogenic,ADCK4,447.0
Q96D53,E447Y,0.7323,pathogenic,ADCK4,447.0
Q96D53,P448A,0.1426,benign,ADCK4,448.0
Q96D53,P448C,0.6925,pathogenic,ADCK4,448.0
Q96D53,P448D,0.9563,pathogenic,ADCK4,448.0
Q96D53,P448E,0.8955,pathogenic,ADCK4,448.0
Q96D53,P448F,0.8831,pathogenic,ADCK4,448.0
Q96D53,P448G,0.6913,pathogenic,ADCK4,448.0
Q96D53,P448H,0.7788,pathogenic,ADCK4,448.0
Q96D53,P448I,0.46,ambiguous,ADCK4,448.0
Q96D53,P448K,0.9119,pathogenic,ADCK4,448.0
Q96D53,P448L,0.3093,benign,ADCK4,448.0
Q96D53,P448M,0.6078,pathogenic,ADCK4,448.0
Q96D53,P448N,0.8958,pathogenic,ADCK4,448.0
Q96D53,P448Q,0.7578,pathogenic,ADCK4,448.0
Q96D53,P448R,0.7496,pathogenic,ADCK4,448.0
Q96D53,P448S,0.4802,ambiguous,ADCK4,448.0
Q96D53,P448T,0.3257,benign,ADCK4,448.0
Q96D53,P448V,0.2905,benign,ADCK4,448.0
Q96D53,P448W,0.946,pathogenic,ADCK4,448.0
Q96D53,P448Y,0.8706,pathogenic,ADCK4,448.0
Q96D53,F449A,0.9555,pathogenic,ADCK4,449.0
Q96D53,F449C,0.9346,pathogenic,ADCK4,449.0
Q96D53,F449D,0.9959,pathogenic,ADCK4,449.0
Q96D53,F449E,0.9958,pathogenic,ADCK4,449.0
Q96D53,F449G,0.9801,pathogenic,ADCK4,449.0
Q96D53,F449H,0.9825,pathogenic,ADCK4,449.0
Q96D53,F449I,0.8547,pathogenic,ADCK4,449.0
Q96D53,F449K,0.9966,pathogenic,ADCK4,449.0
Q96D53,F449L,0.9486,pathogenic,ADCK4,449.0
Q96D53,F449M,0.8889,pathogenic,ADCK4,449.0
Q96D53,F449N,0.9913,pathogenic,ADCK4,449.0
Q96D53,F449P,0.9952,pathogenic,ADCK4,449.0
Q96D53,F449Q,0.991,pathogenic,ADCK4,449.0
Q96D53,F449R,0.9876,pathogenic,ADCK4,449.0
Q96D53,F449S,0.9604,pathogenic,ADCK4,449.0
Q96D53,F449T,0.9774,pathogenic,ADCK4,449.0
Q96D53,F449V,0.8039,pathogenic,ADCK4,449.0
Q96D53,F449W,0.8638,pathogenic,ADCK4,449.0
Q96D53,F449Y,0.7663,pathogenic,ADCK4,449.0
Q96D53,A450C,0.3774,ambiguous,ADCK4,450.0
Q96D53,A450D,0.3729,ambiguous,ADCK4,450.0
Q96D53,A450E,0.3039,benign,ADCK4,450.0
Q96D53,A450F,0.4074,ambiguous,ADCK4,450.0
Q96D53,A450G,0.1257,benign,ADCK4,450.0
Q96D53,A450H,0.4193,ambiguous,ADCK4,450.0
Q96D53,A450I,0.3301,benign,ADCK4,450.0
Q96D53,A450K,0.3886,ambiguous,ADCK4,450.0
Q96D53,A450L,0.2201,benign,ADCK4,450.0
Q96D53,A450M,0.2737,benign,ADCK4,450.0
Q96D53,A450N,0.3393,benign,ADCK4,450.0
Q96D53,A450P,0.8084,pathogenic,ADCK4,450.0
Q96D53,A450Q,0.2786,benign,ADCK4,450.0
Q96D53,A450R,0.2225,benign,ADCK4,450.0
Q96D53,A450S,0.0878,benign,ADCK4,450.0
Q96D53,A450T,0.1063,benign,ADCK4,450.0
Q96D53,A450V,0.1516,benign,ADCK4,450.0
Q96D53,A450W,0.7101,pathogenic,ADCK4,450.0
Q96D53,A450Y,0.525,ambiguous,ADCK4,450.0
Q96D53,T451A,0.0576,benign,ADCK4,451.0
Q96D53,T451C,0.1967,benign,ADCK4,451.0
Q96D53,T451D,0.1818,benign,ADCK4,451.0
Q96D53,T451E,0.1488,benign,ADCK4,451.0
Q96D53,T451F,0.1489,benign,ADCK4,451.0
Q96D53,T451G,0.1153,benign,ADCK4,451.0
Q96D53,T451H,0.1181,benign,ADCK4,451.0
Q96D53,T451I,0.1181,benign,ADCK4,451.0
Q96D53,T451K,0.1119,benign,ADCK4,451.0
Q96D53,T451L,0.0821,benign,ADCK4,451.0
Q96D53,T451M,0.0829,benign,ADCK4,451.0
Q96D53,T451N,0.0973,benign,ADCK4,451.0
Q96D53,T451P,0.1403,benign,ADCK4,451.0
Q96D53,T451Q,0.1083,benign,ADCK4,451.0
Q96D53,T451R,0.077,benign,ADCK4,451.0
Q96D53,T451S,0.074,benign,ADCK4,451.0
Q96D53,T451V,0.0948,benign,ADCK4,451.0
Q96D53,T451W,0.3013,benign,ADCK4,451.0
Q96D53,T451Y,0.1697,benign,ADCK4,451.0
Q96D53,Q452A,0.0734,benign,ADCK4,452.0
Q96D53,Q452C,0.2475,benign,ADCK4,452.0
Q96D53,Q452D,0.1208,benign,ADCK4,452.0
Q96D53,Q452E,0.0667,benign,ADCK4,452.0
Q96D53,Q452F,0.3905,ambiguous,ADCK4,452.0
Q96D53,Q452G,0.0946,benign,ADCK4,452.0
Q96D53,Q452H,0.0992,benign,ADCK4,452.0
Q96D53,Q452I,0.2248,benign,ADCK4,452.0
Q96D53,Q452K,0.075,benign,ADCK4,452.0
Q96D53,Q452L,0.0922,benign,ADCK4,452.0
Q96D53,Q452M,0.2396,benign,ADCK4,452.0
Q96D53,Q452N,0.1432,benign,ADCK4,452.0
Q96D53,Q452P,0.0491,benign,ADCK4,452.0
Q96D53,Q452R,0.0639,benign,ADCK4,452.0
Q96D53,Q452S,0.08,benign,ADCK4,452.0
Q96D53,Q452T,0.0864,benign,ADCK4,452.0
Q96D53,Q452V,0.1362,benign,ADCK4,452.0
Q96D53,Q452W,0.206,benign,ADCK4,452.0
Q96D53,Q452Y,0.2417,benign,ADCK4,452.0
Q96D53,G453A,0.1108,benign,ADCK4,453.0
Q96D53,G453C,0.1717,benign,ADCK4,453.0
Q96D53,G453D,0.1262,benign,ADCK4,453.0
Q96D53,G453E,0.1111,benign,ADCK4,453.0
Q96D53,G453F,0.4257,ambiguous,ADCK4,453.0
Q96D53,G453H,0.2213,benign,ADCK4,453.0
Q96D53,G453I,0.2085,benign,ADCK4,453.0
Q96D53,G453K,0.2216,benign,ADCK4,453.0
Q96D53,G453L,0.2698,benign,ADCK4,453.0
Q96D53,G453M,0.3274,benign,ADCK4,453.0
Q96D53,G453N,0.2218,benign,ADCK4,453.0
Q96D53,G453P,0.6162,pathogenic,ADCK4,453.0
Q96D53,G453Q,0.1871,benign,ADCK4,453.0
Q96D53,G453R,0.1819,benign,ADCK4,453.0
Q96D53,G453S,0.1082,benign,ADCK4,453.0
Q96D53,G453T,0.1369,benign,ADCK4,453.0
Q96D53,G453V,0.1346,benign,ADCK4,453.0
Q96D53,G453W,0.3093,benign,ADCK4,453.0
Q96D53,G453Y,0.2759,benign,ADCK4,453.0
Q96D53,P454A,0.0731,benign,ADCK4,454.0
Q96D53,P454C,0.2131,benign,ADCK4,454.0
Q96D53,P454D,0.2104,benign,ADCK4,454.0
Q96D53,P454E,0.1838,benign,ADCK4,454.0
Q96D53,P454F,0.2377,benign,ADCK4,454.0
Q96D53,P454G,0.1867,benign,ADCK4,454.0
Q96D53,P454H,0.1076,benign,ADCK4,454.0
Q96D53,P454I,0.1646,benign,ADCK4,454.0
Q96D53,P454K,0.1955,benign,ADCK4,454.0
Q96D53,P454L,0.0784,benign,ADCK4,454.0
Q96D53,P454M,0.2111,benign,ADCK4,454.0
Q96D53,P454N,0.1897,benign,ADCK4,454.0
Q96D53,P454Q,0.1124,benign,ADCK4,454.0
Q96D53,P454R,0.0945,benign,ADCK4,454.0
Q96D53,P454S,0.0954,benign,ADCK4,454.0
Q96D53,P454T,0.0859,benign,ADCK4,454.0
Q96D53,P454V,0.1277,benign,ADCK4,454.0
Q96D53,P454W,0.3005,benign,ADCK4,454.0
Q96D53,P454Y,0.2326,benign,ADCK4,454.0
Q96D53,Y455A,0.6512,pathogenic,ADCK4,455.0
Q96D53,Y455C,0.1715,benign,ADCK4,455.0
Q96D53,Y455D,0.6792,pathogenic,ADCK4,455.0
Q96D53,Y455E,0.8756,pathogenic,ADCK4,455.0
Q96D53,Y455F,0.1029,benign,ADCK4,455.0
Q96D53,Y455G,0.6203,pathogenic,ADCK4,455.0
Q96D53,Y455H,0.2982,benign,ADCK4,455.0
Q96D53,Y455I,0.6966,pathogenic,ADCK4,455.0
Q96D53,Y455K,0.8481,pathogenic,ADCK4,455.0
Q96D53,Y455L,0.6532,pathogenic,ADCK4,455.0
Q96D53,Y455M,0.7927,pathogenic,ADCK4,455.0
Q96D53,Y455N,0.5731,pathogenic,ADCK4,455.0
Q96D53,Y455P,0.884,pathogenic,ADCK4,455.0
Q96D53,Y455Q,0.7309,pathogenic,ADCK4,455.0
Q96D53,Y455R,0.6255,pathogenic,ADCK4,455.0
Q96D53,Y455S,0.4357,ambiguous,ADCK4,455.0
Q96D53,Y455T,0.6701,pathogenic,ADCK4,455.0
Q96D53,Y455V,0.5216,ambiguous,ADCK4,455.0
Q96D53,Y455W,0.2592,benign,ADCK4,455.0
Q96D53,D456A,0.1585,benign,ADCK4,456.0
Q96D53,D456C,0.4596,ambiguous,ADCK4,456.0
Q96D53,D456E,0.3118,benign,ADCK4,456.0
Q96D53,D456F,0.66,pathogenic,ADCK4,456.0
Q96D53,D456G,0.2755,benign,ADCK4,456.0
Q96D53,D456H,0.2125,benign,ADCK4,456.0
Q96D53,D456I,0.3746,ambiguous,ADCK4,456.0
Q96D53,D456K,0.494,ambiguous,ADCK4,456.0
Q96D53,D456L,0.3855,ambiguous,ADCK4,456.0
Q96D53,D456M,0.6881,pathogenic,ADCK4,456.0
Q96D53,D456N,0.094,benign,ADCK4,456.0
Q96D53,D456P,0.5718,pathogenic,ADCK4,456.0
Q96D53,D456Q,0.3577,ambiguous,ADCK4,456.0
Q96D53,D456R,0.3209,benign,ADCK4,456.0
Q96D53,D456S,0.1351,benign,ADCK4,456.0
Q96D53,D456T,0.2923,benign,ADCK4,456.0
Q96D53,D456V,0.2115,benign,ADCK4,456.0
Q96D53,D456W,0.88,pathogenic,ADCK4,456.0
Q96D53,D456Y,0.2133,benign,ADCK4,456.0
Q96D53,F457A,0.9436,pathogenic,ADCK4,457.0
Q96D53,F457C,0.9363,pathogenic,ADCK4,457.0
Q96D53,F457D,0.9828,pathogenic,ADCK4,457.0
Q96D53,F457E,0.9886,pathogenic,ADCK4,457.0
Q96D53,F457G,0.9653,pathogenic,ADCK4,457.0
Q96D53,F457H,0.9595,pathogenic,ADCK4,457.0
Q96D53,F457I,0.8257,pathogenic,ADCK4,457.0
Q96D53,F457K,0.9884,pathogenic,ADCK4,457.0
Q96D53,F457L,0.9785,pathogenic,ADCK4,457.0
Q96D53,F457M,0.9298,pathogenic,ADCK4,457.0
Q96D53,F457N,0.9808,pathogenic,ADCK4,457.0
Q96D53,F457P,0.9894,pathogenic,ADCK4,457.0
Q96D53,F457Q,0.9832,pathogenic,ADCK4,457.0
Q96D53,F457R,0.9615,pathogenic,ADCK4,457.0
Q96D53,F457S,0.9349,pathogenic,ADCK4,457.0
Q96D53,F457T,0.9412,pathogenic,ADCK4,457.0
Q96D53,F457V,0.8108,pathogenic,ADCK4,457.0
Q96D53,F457W,0.7885,pathogenic,ADCK4,457.0
Q96D53,F457Y,0.7243,pathogenic,ADCK4,457.0
Q96D53,G458A,0.1097,benign,ADCK4,458.0
Q96D53,G458C,0.1934,benign,ADCK4,458.0
Q96D53,G458D,0.3278,benign,ADCK4,458.0
Q96D53,G458E,0.3029,benign,ADCK4,458.0
Q96D53,G458F,0.6311,pathogenic,ADCK4,458.0
Q96D53,G458H,0.3196,benign,ADCK4,458.0
Q96D53,G458I,0.3921,ambiguous,ADCK4,458.0
Q96D53,G458K,0.4771,ambiguous,ADCK4,458.0
Q96D53,G458L,0.442,ambiguous,ADCK4,458.0
Q96D53,G458M,0.6185,pathogenic,ADCK4,458.0
Q96D53,G458N,0.4118,ambiguous,ADCK4,458.0
Q96D53,G458P,0.7894,pathogenic,ADCK4,458.0
Q96D53,G458Q,0.3155,benign,ADCK4,458.0
Q96D53,G458R,0.2299,benign,ADCK4,458.0
Q96D53,G458S,0.0959,benign,ADCK4,458.0
Q96D53,G458T,0.1854,benign,ADCK4,458.0
Q96D53,G458V,0.2685,benign,ADCK4,458.0
Q96D53,G458W,0.4671,ambiguous,ADCK4,458.0
Q96D53,G458Y,0.499,ambiguous,ADCK4,458.0
Q96D53,S459A,0.0543,benign,ADCK4,459.0
Q96D53,S459C,0.077,benign,ADCK4,459.0
Q96D53,S459D,0.1208,benign,ADCK4,459.0
Q96D53,S459E,0.1436,benign,ADCK4,459.0
Q96D53,S459F,0.1317,benign,ADCK4,459.0
Q96D53,S459G,0.0592,benign,ADCK4,459.0
Q96D53,S459H,0.1065,benign,ADCK4,459.0
Q96D53,S459I,0.1111,benign,ADCK4,459.0
Q96D53,S459K,0.1562,benign,ADCK4,459.0
Q96D53,S459L,0.0792,benign,ADCK4,459.0
Q96D53,S459M,0.1331,benign,ADCK4,459.0
Q96D53,S459N,0.0938,benign,ADCK4,459.0
Q96D53,S459P,0.1184,benign,ADCK4,459.0
Q96D53,S459Q,0.1408,benign,ADCK4,459.0
Q96D53,S459R,0.1086,benign,ADCK4,459.0
Q96D53,S459T,0.0666,benign,ADCK4,459.0
Q96D53,S459V,0.1007,benign,ADCK4,459.0
Q96D53,S459W,0.131,benign,ADCK4,459.0
Q96D53,S459Y,0.1203,benign,ADCK4,459.0
Q96D53,G460A,0.1026,benign,ADCK4,460.0
Q96D53,G460C,0.1507,benign,ADCK4,460.0
Q96D53,G460D,0.1534,benign,ADCK4,460.0
Q96D53,G460E,0.1361,benign,ADCK4,460.0
Q96D53,G460F,0.5023,ambiguous,ADCK4,460.0
Q96D53,G460H,0.212,benign,ADCK4,460.0
Q96D53,G460I,0.2727,benign,ADCK4,460.0
Q96D53,G460K,0.2055,benign,ADCK4,460.0
Q96D53,G460L,0.2824,benign,ADCK4,460.0
Q96D53,G460M,0.3815,ambiguous,ADCK4,460.0
Q96D53,G460N,0.2443,benign,ADCK4,460.0
Q96D53,G460P,0.3949,ambiguous,ADCK4,460.0
Q96D53,G460Q,0.1777,benign,ADCK4,460.0
Q96D53,G460R,0.1224,benign,ADCK4,460.0
Q96D53,G460S,0.0923,benign,ADCK4,460.0
Q96D53,G460T,0.1231,benign,ADCK4,460.0
Q96D53,G460V,0.1595,benign,ADCK4,460.0
Q96D53,G460W,0.2617,benign,ADCK4,460.0
Q96D53,G460Y,0.3562,ambiguous,ADCK4,460.0
Q96D53,E461A,0.0807,benign,ADCK4,461.0
Q96D53,E461C,0.4004,ambiguous,ADCK4,461.0
Q96D53,E461D,0.063,benign,ADCK4,461.0
Q96D53,E461F,0.4548,ambiguous,ADCK4,461.0
Q96D53,E461G,0.0702,benign,ADCK4,461.0
Q96D53,E461H,0.1483,benign,ADCK4,461.0
Q96D53,E461I,0.2474,benign,ADCK4,461.0
Q96D53,E461K,0.0849,benign,ADCK4,461.0
Q96D53,E461L,0.2123,benign,ADCK4,461.0
Q96D53,E461M,0.297,benign,ADCK4,461.0
Q96D53,E461N,0.1109,benign,ADCK4,461.0
Q96D53,E461P,0.2122,benign,ADCK4,461.0
Q96D53,E461Q,0.0781,benign,ADCK4,461.0
Q96D53,E461R,0.1004,benign,ADCK4,461.0
Q96D53,E461S,0.0972,benign,ADCK4,461.0
Q96D53,E461T,0.1137,benign,ADCK4,461.0
Q96D53,E461V,0.1434,benign,ADCK4,461.0
Q96D53,E461W,0.5487,ambiguous,ADCK4,461.0
Q96D53,E461Y,0.2923,benign,ADCK4,461.0
Q96D53,T462A,0.091,benign,ADCK4,462.0
Q96D53,T462C,0.5093,ambiguous,ADCK4,462.0
Q96D53,T462D,0.4737,ambiguous,ADCK4,462.0
Q96D53,T462E,0.3936,ambiguous,ADCK4,462.0
Q96D53,T462F,0.4083,ambiguous,ADCK4,462.0
Q96D53,T462G,0.2524,benign,ADCK4,462.0
Q96D53,T462H,0.3377,benign,ADCK4,462.0
Q96D53,T462I,0.1914,benign,ADCK4,462.0
Q96D53,T462K,0.2975,benign,ADCK4,462.0
Q96D53,T462L,0.1448,benign,ADCK4,462.0
Q96D53,T462M,0.1015,benign,ADCK4,462.0
Q96D53,T462N,0.1866,benign,ADCK4,462.0
Q96D53,T462P,0.1027,benign,ADCK4,462.0
Q96D53,T462Q,0.3025,benign,ADCK4,462.0
Q96D53,T462R,0.2417,benign,ADCK4,462.0
Q96D53,T462S,0.1599,benign,ADCK4,462.0
Q96D53,T462V,0.1476,benign,ADCK4,462.0
Q96D53,T462W,0.6624,pathogenic,ADCK4,462.0
Q96D53,T462Y,0.4274,ambiguous,ADCK4,462.0
Q96D53,A463C,0.5246,ambiguous,ADCK4,463.0
Q96D53,A463D,0.4164,ambiguous,ADCK4,463.0
Q96D53,A463E,0.3247,benign,ADCK4,463.0
Q96D53,A463F,0.4382,ambiguous,ADCK4,463.0
Q96D53,A463G,0.1222,benign,ADCK4,463.0
Q96D53,A463H,0.4954,ambiguous,ADCK4,463.0
Q96D53,A463I,0.2784,benign,ADCK4,463.0
Q96D53,A463K,0.5214,ambiguous,ADCK4,463.0
Q96D53,A463L,0.2187,benign,ADCK4,463.0
Q96D53,A463M,0.2707,benign,ADCK4,463.0
Q96D53,A463N,0.3499,ambiguous,ADCK4,463.0
Q96D53,A463P,0.1567,benign,ADCK4,463.0
Q96D53,A463Q,0.3552,ambiguous,ADCK4,463.0
Q96D53,A463R,0.3914,ambiguous,ADCK4,463.0
Q96D53,A463S,0.0971,benign,ADCK4,463.0
Q96D53,A463T,0.0817,benign,ADCK4,463.0
Q96D53,A463V,0.1248,benign,ADCK4,463.0
Q96D53,A463W,0.6871,pathogenic,ADCK4,463.0
Q96D53,A463Y,0.5662,pathogenic,ADCK4,463.0
Q96D53,R464A,0.1473,benign,ADCK4,464.0
Q96D53,R464C,0.0935,benign,ADCK4,464.0
Q96D53,R464D,0.3024,benign,ADCK4,464.0
Q96D53,R464E,0.1857,benign,ADCK4,464.0
Q96D53,R464F,0.2766,benign,ADCK4,464.0
Q96D53,R464G,0.0885,benign,ADCK4,464.0
Q96D53,R464H,0.0714,benign,ADCK4,464.0
Q96D53,R464I,0.2002,benign,ADCK4,464.0
Q96D53,R464K,0.11,benign,ADCK4,464.0
Q96D53,R464L,0.1123,benign,ADCK4,464.0
Q96D53,R464M,0.2301,benign,ADCK4,464.0
Q96D53,R464N,0.2833,benign,ADCK4,464.0
Q96D53,R464P,0.2649,benign,ADCK4,464.0
Q96D53,R464Q,0.0737,benign,ADCK4,464.0
Q96D53,R464S,0.1683,benign,ADCK4,464.0
Q96D53,R464T,0.1419,benign,ADCK4,464.0
Q96D53,R464V,0.1989,benign,ADCK4,464.0
Q96D53,R464W,0.1024,benign,ADCK4,464.0
Q96D53,R464Y,0.2069,benign,ADCK4,464.0
Q96D53,R465A,0.3802,ambiguous,ADCK4,465.0
Q96D53,R465C,0.1323,benign,ADCK4,465.0
Q96D53,R465D,0.5314,ambiguous,ADCK4,465.0
Q96D53,R465E,0.3476,ambiguous,ADCK4,465.0
Q96D53,R465F,0.5979,pathogenic,ADCK4,465.0
Q96D53,R465G,0.203,benign,ADCK4,465.0
Q96D53,R465H,0.107,benign,ADCK4,465.0
Q96D53,R465I,0.4354,ambiguous,ADCK4,465.0
Q96D53,R465K,0.1677,benign,ADCK4,465.0
Q96D53,R465L,0.2269,benign,ADCK4,465.0
Q96D53,R465M,0.4503,ambiguous,ADCK4,465.0
Q96D53,R465N,0.5062,ambiguous,ADCK4,465.0
Q96D53,R465P,0.705,pathogenic,ADCK4,465.0
Q96D53,R465Q,0.1007,benign,ADCK4,465.0
Q96D53,R465S,0.4126,ambiguous,ADCK4,465.0
Q96D53,R465T,0.345,ambiguous,ADCK4,465.0
Q96D53,R465V,0.4417,ambiguous,ADCK4,465.0
Q96D53,R465W,0.2098,benign,ADCK4,465.0
Q96D53,R465Y,0.3897,ambiguous,ADCK4,465.0
Q96D53,I466A,0.7114,pathogenic,ADCK4,466.0
Q96D53,I466C,0.7956,pathogenic,ADCK4,466.0
Q96D53,I466D,0.9699,pathogenic,ADCK4,466.0
Q96D53,I466E,0.9271,pathogenic,ADCK4,466.0
Q96D53,I466F,0.2755,benign,ADCK4,466.0
Q96D53,I466G,0.848,pathogenic,ADCK4,466.0
Q96D53,I466H,0.88,pathogenic,ADCK4,466.0
Q96D53,I466K,0.8876,pathogenic,ADCK4,466.0
Q96D53,I466L,0.1316,benign,ADCK4,466.0
Q96D53,I466M,0.1397,benign,ADCK4,466.0
Q96D53,I466N,0.7458,pathogenic,ADCK4,466.0
Q96D53,I466P,0.9043,pathogenic,ADCK4,466.0
Q96D53,I466Q,0.8303,pathogenic,ADCK4,466.0
Q96D53,I466R,0.8291,pathogenic,ADCK4,466.0
Q96D53,I466S,0.695,pathogenic,ADCK4,466.0
Q96D53,I466T,0.6767,pathogenic,ADCK4,466.0
Q96D53,I466V,0.1044,benign,ADCK4,466.0
Q96D53,I466W,0.862,pathogenic,ADCK4,466.0
Q96D53,I466Y,0.7709,pathogenic,ADCK4,466.0
Q96D53,Q467A,0.2126,benign,ADCK4,467.0
Q96D53,Q467C,0.5833,pathogenic,ADCK4,467.0
Q96D53,Q467D,0.5114,ambiguous,ADCK4,467.0
Q96D53,Q467E,0.1049,benign,ADCK4,467.0
Q96D53,Q467F,0.7802,pathogenic,ADCK4,467.0
Q96D53,Q467G,0.1604,benign,ADCK4,467.0
Q96D53,Q467H,0.1966,benign,ADCK4,467.0
Q96D53,Q467I,0.6334,pathogenic,ADCK4,467.0
Q96D53,Q467K,0.1096,benign,ADCK4,467.0
Q96D53,Q467L,0.2205,benign,ADCK4,467.0
Q96D53,Q467M,0.5471,ambiguous,ADCK4,467.0
Q96D53,Q467N,0.3978,ambiguous,ADCK4,467.0
Q96D53,Q467P,0.2483,benign,ADCK4,467.0
Q96D53,Q467R,0.0681,benign,ADCK4,467.0
Q96D53,Q467S,0.2365,benign,ADCK4,467.0
Q96D53,Q467T,0.2317,benign,ADCK4,467.0
Q96D53,Q467V,0.4125,ambiguous,ADCK4,467.0
Q96D53,Q467W,0.4587,ambiguous,ADCK4,467.0
Q96D53,Q467Y,0.5051,ambiguous,ADCK4,467.0
Q96D53,D468A,0.0697,benign,ADCK4,468.0
Q96D53,D468C,0.2211,benign,ADCK4,468.0
Q96D53,D468E,0.1005,benign,ADCK4,468.0
Q96D53,D468F,0.3488,ambiguous,ADCK4,468.0
Q96D53,D468G,0.0551,benign,ADCK4,468.0
Q96D53,D468H,0.0941,benign,ADCK4,468.0
Q96D53,D468I,0.2198,benign,ADCK4,468.0
Q96D53,D468K,0.1357,benign,ADCK4,468.0
Q96D53,D468L,0.1875,benign,ADCK4,468.0
Q96D53,D468M,0.3456,ambiguous,ADCK4,468.0
Q96D53,D468N,0.0788,benign,ADCK4,468.0
Q96D53,D468P,0.4077,ambiguous,ADCK4,468.0
Q96D53,D468Q,0.112,benign,ADCK4,468.0
Q96D53,D468R,0.1131,benign,ADCK4,468.0
Q96D53,D468S,0.0698,benign,ADCK4,468.0
Q96D53,D468T,0.1081,benign,ADCK4,468.0
Q96D53,D468V,0.1193,benign,ADCK4,468.0
Q96D53,D468W,0.48,ambiguous,ADCK4,468.0
Q96D53,D468Y,0.1119,benign,ADCK4,468.0
Q96D53,L469A,0.292,benign,ADCK4,469.0
Q96D53,L469C,0.3886,ambiguous,ADCK4,469.0
Q96D53,L469D,0.7307,pathogenic,ADCK4,469.0
Q96D53,L469E,0.4143,ambiguous,ADCK4,469.0
Q96D53,L469F,0.1444,benign,ADCK4,469.0
Q96D53,L469G,0.5349,ambiguous,ADCK4,469.0
Q96D53,L469H,0.2132,benign,ADCK4,469.0
Q96D53,L469I,0.0994,benign,ADCK4,469.0
Q96D53,L469K,0.235,benign,ADCK4,469.0
Q96D53,L469M,0.1172,benign,ADCK4,469.0
Q96D53,L469N,0.4494,ambiguous,ADCK4,469.0
Q96D53,L469P,0.8143,pathogenic,ADCK4,469.0
Q96D53,L469Q,0.1603,benign,ADCK4,469.0
Q96D53,L469R,0.1307,benign,ADCK4,469.0
Q96D53,L469S,0.3724,ambiguous,ADCK4,469.0
Q96D53,L469T,0.2785,benign,ADCK4,469.0
Q96D53,L469V,0.0981,benign,ADCK4,469.0
Q96D53,L469W,0.2783,benign,ADCK4,469.0
Q96D53,L469Y,0.3784,ambiguous,ADCK4,469.0
Q96D53,I470A,0.622,pathogenic,ADCK4,470.0
Q96D53,I470C,0.8527,pathogenic,ADCK4,470.0
Q96D53,I470D,0.9468,pathogenic,ADCK4,470.0
Q96D53,I470E,0.9065,pathogenic,ADCK4,470.0
Q96D53,I470F,0.1935,benign,ADCK4,470.0
Q96D53,I470G,0.8028,pathogenic,ADCK4,470.0
Q96D53,I470H,0.8044,pathogenic,ADCK4,470.0
Q96D53,I470K,0.809,pathogenic,ADCK4,470.0
Q96D53,I470L,0.0908,benign,ADCK4,470.0
Q96D53,I470M,0.1371,benign,ADCK4,470.0
Q96D53,I470N,0.6824,pathogenic,ADCK4,470.0
Q96D53,I470P,0.7569,pathogenic,ADCK4,470.0
Q96D53,I470Q,0.7772,pathogenic,ADCK4,470.0
Q96D53,I470R,0.7351,pathogenic,ADCK4,470.0
Q96D53,I470S,0.606,pathogenic,ADCK4,470.0
Q96D53,I470T,0.6519,pathogenic,ADCK4,470.0
Q96D53,I470V,0.1365,benign,ADCK4,470.0
Q96D53,I470W,0.8049,pathogenic,ADCK4,470.0
Q96D53,I470Y,0.6702,pathogenic,ADCK4,470.0
Q96D53,P471A,0.1555,benign,ADCK4,471.0
Q96D53,P471C,0.7194,pathogenic,ADCK4,471.0
Q96D53,P471D,0.6114,pathogenic,ADCK4,471.0
Q96D53,P471E,0.4906,ambiguous,ADCK4,471.0
Q96D53,P471F,0.6918,pathogenic,ADCK4,471.0
Q96D53,P471G,0.3318,benign,ADCK4,471.0
Q96D53,P471H,0.3173,benign,ADCK4,471.0
Q96D53,P471I,0.6479,pathogenic,ADCK4,471.0
Q96D53,P471K,0.5037,ambiguous,ADCK4,471.0
Q96D53,P471L,0.287,benign,ADCK4,471.0
Q96D53,P471M,0.6066,pathogenic,ADCK4,471.0
Q96D53,P471N,0.5996,pathogenic,ADCK4,471.0
Q96D53,P471Q,0.3208,benign,ADCK4,471.0
Q96D53,P471R,0.2719,benign,ADCK4,471.0
Q96D53,P471S,0.2159,benign,ADCK4,471.0
Q96D53,P471T,0.1849,benign,ADCK4,471.0
Q96D53,P471V,0.4231,ambiguous,ADCK4,471.0
Q96D53,P471W,0.6936,pathogenic,ADCK4,471.0
Q96D53,P471Y,0.6554,pathogenic,ADCK4,471.0
Q96D53,V472A,0.1278,benign,ADCK4,472.0
Q96D53,V472C,0.6845,pathogenic,ADCK4,472.0
Q96D53,V472D,0.212,benign,ADCK4,472.0
Q96D53,V472E,0.1915,benign,ADCK4,472.0
Q96D53,V472F,0.1654,benign,ADCK4,472.0
Q96D53,V472G,0.1465,benign,ADCK4,472.0
Q96D53,V472H,0.416,ambiguous,ADCK4,472.0
Q96D53,V472I,0.0836,benign,ADCK4,472.0
Q96D53,V472K,0.2672,benign,ADCK4,472.0
Q96D53,V472L,0.1262,benign,ADCK4,472.0
Q96D53,V472M,0.1208,benign,ADCK4,472.0
Q96D53,V472N,0.2213,benign,ADCK4,472.0
Q96D53,V472P,0.335,benign,ADCK4,472.0
Q96D53,V472Q,0.2258,benign,ADCK4,472.0
Q96D53,V472R,0.2128,benign,ADCK4,472.0
Q96D53,V472S,0.1619,benign,ADCK4,472.0
Q96D53,V472T,0.1202,benign,ADCK4,472.0
Q96D53,V472W,0.7297,pathogenic,ADCK4,472.0
Q96D53,V472Y,0.4867,ambiguous,ADCK4,472.0
Q96D53,L473A,0.5871,pathogenic,ADCK4,473.0
Q96D53,L473C,0.7379,pathogenic,ADCK4,473.0
Q96D53,L473D,0.9758,pathogenic,ADCK4,473.0
Q96D53,L473E,0.8684,pathogenic,ADCK4,473.0
Q96D53,L473F,0.162,benign,ADCK4,473.0
Q96D53,L473G,0.8472,pathogenic,ADCK4,473.0
Q96D53,L473H,0.6607,pathogenic,ADCK4,473.0
Q96D53,L473I,0.1416,benign,ADCK4,473.0
Q96D53,L473K,0.8461,pathogenic,ADCK4,473.0
Q96D53,L473M,0.1024,benign,ADCK4,473.0
Q96D53,L473N,0.8739,pathogenic,ADCK4,473.0
Q96D53,L473P,0.8314,pathogenic,ADCK4,473.0
Q96D53,L473Q,0.5297,ambiguous,ADCK4,473.0
Q96D53,L473R,0.7129,pathogenic,ADCK4,473.0
Q96D53,L473S,0.7112,pathogenic,ADCK4,473.0
Q96D53,L473T,0.6242,pathogenic,ADCK4,473.0
Q96D53,L473V,0.1654,benign,ADCK4,473.0
Q96D53,L473W,0.388,ambiguous,ADCK4,473.0
Q96D53,L473Y,0.6051,pathogenic,ADCK4,473.0
Q96D53,L474A,0.4632,ambiguous,ADCK4,474.0
Q96D53,L474C,0.6497,pathogenic,ADCK4,474.0
Q96D53,L474D,0.9422,pathogenic,ADCK4,474.0
Q96D53,L474E,0.7179,pathogenic,ADCK4,474.0
Q96D53,L474F,0.2429,benign,ADCK4,474.0
Q96D53,L474G,0.7112,pathogenic,ADCK4,474.0
Q96D53,L474H,0.5527,ambiguous,ADCK4,474.0
Q96D53,L474I,0.1526,benign,ADCK4,474.0
Q96D53,L474K,0.6674,pathogenic,ADCK4,474.0
Q96D53,L474M,0.1677,benign,ADCK4,474.0
Q96D53,L474N,0.8086,pathogenic,ADCK4,474.0
Q96D53,L474P,0.7564,pathogenic,ADCK4,474.0
Q96D53,L474Q,0.3251,benign,ADCK4,474.0
Q96D53,L474R,0.392,ambiguous,ADCK4,474.0
Q96D53,L474S,0.5528,ambiguous,ADCK4,474.0
Q96D53,L474T,0.4881,ambiguous,ADCK4,474.0
Q96D53,L474V,0.1429,benign,ADCK4,474.0
Q96D53,L474W,0.3209,benign,ADCK4,474.0
Q96D53,L474Y,0.6344,pathogenic,ADCK4,474.0
Q96D53,R475A,0.1815,benign,ADCK4,475.0
Q96D53,R475C,0.1023,benign,ADCK4,475.0
Q96D53,R475D,0.3394,benign,ADCK4,475.0
Q96D53,R475E,0.1581,benign,ADCK4,475.0
Q96D53,R475F,0.371,ambiguous,ADCK4,475.0
Q96D53,R475G,0.1103,benign,ADCK4,475.0
Q96D53,R475H,0.0762,benign,ADCK4,475.0
Q96D53,R475I,0.2663,benign,ADCK4,475.0
Q96D53,R475K,0.1051,benign,ADCK4,475.0
Q96D53,R475L,0.1379,benign,ADCK4,475.0
Q96D53,R475M,0.2532,benign,ADCK4,475.0
Q96D53,R475N,0.2893,benign,ADCK4,475.0
Q96D53,R475P,0.4358,ambiguous,ADCK4,475.0
Q96D53,R475Q,0.0636,benign,ADCK4,475.0
Q96D53,R475S,0.1888,benign,ADCK4,475.0
Q96D53,R475T,0.1548,benign,ADCK4,475.0
Q96D53,R475V,0.2689,benign,ADCK4,475.0
Q96D53,R475W,0.1143,benign,ADCK4,475.0
Q96D53,R475Y,0.2202,benign,ADCK4,475.0
Q96D53,H476A,0.4186,ambiguous,ADCK4,476.0
Q96D53,H476C,0.2022,benign,ADCK4,476.0
Q96D53,H476D,0.263,benign,ADCK4,476.0
Q96D53,H476E,0.2588,benign,ADCK4,476.0
Q96D53,H476F,0.3626,ambiguous,ADCK4,476.0
Q96D53,H476G,0.2895,benign,ADCK4,476.0
Q96D53,H476I,0.6478,pathogenic,ADCK4,476.0
Q96D53,H476K,0.3542,ambiguous,ADCK4,476.0
Q96D53,H476L,0.1936,benign,ADCK4,476.0
Q96D53,H476M,0.6359,pathogenic,ADCK4,476.0
Q96D53,H476N,0.1413,benign,ADCK4,476.0
Q96D53,H476P,0.5269,ambiguous,ADCK4,476.0
Q96D53,H476Q,0.1891,benign,ADCK4,476.0
Q96D53,H476R,0.1503,benign,ADCK4,476.0
Q96D53,H476S,0.287,benign,ADCK4,476.0
Q96D53,H476T,0.468,ambiguous,ADCK4,476.0
Q96D53,H476V,0.51,ambiguous,ADCK4,476.0
Q96D53,H476W,0.3639,ambiguous,ADCK4,476.0
Q96D53,H476Y,0.0894,benign,ADCK4,476.0
Q96D53,R477A,0.9444,pathogenic,ADCK4,477.0
Q96D53,R477C,0.4847,ambiguous,ADCK4,477.0
Q96D53,R477D,0.9766,pathogenic,ADCK4,477.0
Q96D53,R477E,0.908,pathogenic,ADCK4,477.0
Q96D53,R477F,0.9666,pathogenic,ADCK4,477.0
Q96D53,R477G,0.8088,pathogenic,ADCK4,477.0
Q96D53,R477H,0.412,ambiguous,ADCK4,477.0
Q96D53,R477I,0.9366,pathogenic,ADCK4,477.0
Q96D53,R477K,0.7538,pathogenic,ADCK4,477.0
Q96D53,R477L,0.8207,pathogenic,ADCK4,477.0
Q96D53,R477M,0.9583,pathogenic,ADCK4,477.0
Q96D53,R477N,0.9707,pathogenic,ADCK4,477.0
Q96D53,R477P,0.89,pathogenic,ADCK4,477.0
Q96D53,R477Q,0.3832,ambiguous,ADCK4,477.0
Q96D53,R477S,0.9332,pathogenic,ADCK4,477.0
Q96D53,R477T,0.9367,pathogenic,ADCK4,477.0
Q96D53,R477V,0.9418,pathogenic,ADCK4,477.0
Q96D53,R477W,0.4817,ambiguous,ADCK4,477.0
Q96D53,R477Y,0.8476,pathogenic,ADCK4,477.0
Q96D53,L478A,0.53,ambiguous,ADCK4,478.0
Q96D53,L478C,0.6995,pathogenic,ADCK4,478.0
Q96D53,L478D,0.8931,pathogenic,ADCK4,478.0
Q96D53,L478E,0.6211,pathogenic,ADCK4,478.0
Q96D53,L478F,0.3355,benign,ADCK4,478.0
Q96D53,L478G,0.723,pathogenic,ADCK4,478.0
Q96D53,L478H,0.416,ambiguous,ADCK4,478.0
Q96D53,L478I,0.2189,benign,ADCK4,478.0
Q96D53,L478K,0.432,ambiguous,ADCK4,478.0
Q96D53,L478M,0.28,benign,ADCK4,478.0
Q96D53,L478N,0.7045,pathogenic,ADCK4,478.0
Q96D53,L478P,0.5562,ambiguous,ADCK4,478.0
Q96D53,L478Q,0.2589,benign,ADCK4,478.0
Q96D53,L478R,0.2063,benign,ADCK4,478.0
Q96D53,L478S,0.6186,pathogenic,ADCK4,478.0
Q96D53,L478T,0.524,ambiguous,ADCK4,478.0
Q96D53,L478V,0.2179,benign,ADCK4,478.0
Q96D53,L478W,0.4798,ambiguous,ADCK4,478.0
Q96D53,L478Y,0.6393,pathogenic,ADCK4,478.0
Q96D53,C479A,0.1937,benign,ADCK4,479.0
Q96D53,C479D,0.4056,ambiguous,ADCK4,479.0
Q96D53,C479E,0.388,ambiguous,ADCK4,479.0
Q96D53,C479F,0.192,benign,ADCK4,479.0
Q96D53,C479G,0.118,benign,ADCK4,479.0
Q96D53,C479H,0.1116,benign,ADCK4,479.0
Q96D53,C479I,0.3176,benign,ADCK4,479.0
Q96D53,C479K,0.234,benign,ADCK4,479.0
Q96D53,C479L,0.1964,benign,ADCK4,479.0
Q96D53,C479M,0.4429,ambiguous,ADCK4,479.0
Q96D53,C479N,0.2996,benign,ADCK4,479.0
Q96D53,C479P,0.6857,pathogenic,ADCK4,479.0
Q96D53,C479Q,0.1282,benign,ADCK4,479.0
Q96D53,C479R,0.068,benign,ADCK4,479.0
Q96D53,C479S,0.1419,benign,ADCK4,479.0
Q96D53,C479T,0.2007,benign,ADCK4,479.0
Q96D53,C479V,0.2589,benign,ADCK4,479.0
Q96D53,C479W,0.2639,benign,ADCK4,479.0
Q96D53,C479Y,0.1797,benign,ADCK4,479.0
Q96D53,P480A,0.0985,benign,ADCK4,480.0
Q96D53,P480C,0.5719,pathogenic,ADCK4,480.0
Q96D53,P480D,0.8849,pathogenic,ADCK4,480.0
Q96D53,P480E,0.641,pathogenic,ADCK4,480.0
Q96D53,P480F,0.6692,pathogenic,ADCK4,480.0
Q96D53,P480G,0.5211,ambiguous,ADCK4,480.0
Q96D53,P480H,0.3528,ambiguous,ADCK4,480.0
Q96D53,P480I,0.5543,ambiguous,ADCK4,480.0
Q96D53,P480K,0.5949,pathogenic,ADCK4,480.0
Q96D53,P480L,0.2057,benign,ADCK4,480.0
Q96D53,P480M,0.5553,ambiguous,ADCK4,480.0
Q96D53,P480N,0.7766,pathogenic,ADCK4,480.0
Q96D53,P480Q,0.3161,benign,ADCK4,480.0
Q96D53,P480R,0.2931,benign,ADCK4,480.0
Q96D53,P480S,0.1881,benign,ADCK4,480.0
Q96D53,P480T,0.2418,benign,ADCK4,480.0
Q96D53,P480V,0.369,ambiguous,ADCK4,480.0
Q96D53,P480W,0.7966,pathogenic,ADCK4,480.0
Q96D53,P480Y,0.6881,pathogenic,ADCK4,480.0
Q96D53,P481A,0.3074,benign,ADCK4,481.0
Q96D53,P481C,0.8797,pathogenic,ADCK4,481.0
Q96D53,P481D,0.9867,pathogenic,ADCK4,481.0
Q96D53,P481E,0.9355,pathogenic,ADCK4,481.0
Q96D53,P481F,0.9103,pathogenic,ADCK4,481.0
Q96D53,P481G,0.9023,pathogenic,ADCK4,481.0
Q96D53,P481H,0.8312,pathogenic,ADCK4,481.0
Q96D53,P481I,0.7134,pathogenic,ADCK4,481.0
Q96D53,P481K,0.9461,pathogenic,ADCK4,481.0
Q96D53,P481L,0.3239,benign,ADCK4,481.0
Q96D53,P481M,0.753,pathogenic,ADCK4,481.0
Q96D53,P481N,0.975,pathogenic,ADCK4,481.0
Q96D53,P481Q,0.7714,pathogenic,ADCK4,481.0
Q96D53,P481R,0.8107,pathogenic,ADCK4,481.0
Q96D53,P481S,0.6227,pathogenic,ADCK4,481.0
Q96D53,P481T,0.5607,ambiguous,ADCK4,481.0
Q96D53,P481V,0.5308,ambiguous,ADCK4,481.0
Q96D53,P481W,0.9648,pathogenic,ADCK4,481.0
Q96D53,P481Y,0.9404,pathogenic,ADCK4,481.0
Q96D53,P482A,0.2995,benign,ADCK4,482.0
Q96D53,P482C,0.8423,pathogenic,ADCK4,482.0
Q96D53,P482D,0.928,pathogenic,ADCK4,482.0
Q96D53,P482E,0.8004,pathogenic,ADCK4,482.0
Q96D53,P482F,0.9524,pathogenic,ADCK4,482.0
Q96D53,P482G,0.7884,pathogenic,ADCK4,482.0
Q96D53,P482H,0.7032,pathogenic,ADCK4,482.0
Q96D53,P482I,0.8576,pathogenic,ADCK4,482.0
Q96D53,P482K,0.7882,pathogenic,ADCK4,482.0
Q96D53,P482L,0.4455,ambiguous,ADCK4,482.0
Q96D53,P482M,0.8209,pathogenic,ADCK4,482.0
Q96D53,P482N,0.9139,pathogenic,ADCK4,482.0
Q96D53,P482Q,0.6156,pathogenic,ADCK4,482.0
Q96D53,P482R,0.5104,ambiguous,ADCK4,482.0
Q96D53,P482S,0.4986,ambiguous,ADCK4,482.0
Q96D53,P482T,0.4484,ambiguous,ADCK4,482.0
Q96D53,P482V,0.668,pathogenic,ADCK4,482.0
Q96D53,P482W,0.9445,pathogenic,ADCK4,482.0
Q96D53,P482Y,0.9399,pathogenic,ADCK4,482.0
Q96D53,E483A,0.1101,benign,ADCK4,483.0
Q96D53,E483C,0.8164,pathogenic,ADCK4,483.0
Q96D53,E483D,0.2193,benign,ADCK4,483.0
Q96D53,E483F,0.8076,pathogenic,ADCK4,483.0
Q96D53,E483G,0.1503,benign,ADCK4,483.0
Q96D53,E483H,0.4179,ambiguous,ADCK4,483.0
Q96D53,E483I,0.4095,ambiguous,ADCK4,483.0
Q96D53,E483K,0.0933,benign,ADCK4,483.0
Q96D53,E483L,0.3433,ambiguous,ADCK4,483.0
Q96D53,E483M,0.4444,ambiguous,ADCK4,483.0
Q96D53,E483N,0.4029,ambiguous,ADCK4,483.0
Q96D53,E483P,0.2723,benign,ADCK4,483.0
Q96D53,E483Q,0.1025,benign,ADCK4,483.0
Q96D53,E483R,0.1278,benign,ADCK4,483.0
Q96D53,E483S,0.2172,benign,ADCK4,483.0
Q96D53,E483T,0.2216,benign,ADCK4,483.0
Q96D53,E483V,0.197,benign,ADCK4,483.0
Q96D53,E483W,0.8497,pathogenic,ADCK4,483.0
Q96D53,E483Y,0.6665,pathogenic,ADCK4,483.0
Q96D53,E484A,0.1858,benign,ADCK4,484.0
Q96D53,E484C,0.9237,pathogenic,ADCK4,484.0
Q96D53,E484D,0.4087,ambiguous,ADCK4,484.0
Q96D53,E484F,0.9531,pathogenic,ADCK4,484.0
Q96D53,E484G,0.2987,benign,ADCK4,484.0
Q96D53,E484H,0.7574,pathogenic,ADCK4,484.0
Q96D53,E484I,0.6718,pathogenic,ADCK4,484.0
Q96D53,E484K,0.3152,benign,ADCK4,484.0
Q96D53,E484L,0.7383,pathogenic,ADCK4,484.0
Q96D53,E484M,0.7337,pathogenic,ADCK4,484.0
Q96D53,E484N,0.5949,pathogenic,ADCK4,484.0
Q96D53,E484P,0.4431,ambiguous,ADCK4,484.0
Q96D53,E484Q,0.2181,benign,ADCK4,484.0
Q96D53,E484R,0.4808,ambiguous,ADCK4,484.0
Q96D53,E484S,0.4326,ambiguous,ADCK4,484.0
Q96D53,E484T,0.4714,ambiguous,ADCK4,484.0
Q96D53,E484V,0.399,ambiguous,ADCK4,484.0
Q96D53,E484W,0.9734,pathogenic,ADCK4,484.0
Q96D53,E484Y,0.8582,pathogenic,ADCK4,484.0
Q96D53,T485A,0.135,benign,ADCK4,485.0
Q96D53,T485C,0.5844,pathogenic,ADCK4,485.0
Q96D53,T485D,0.9082,pathogenic,ADCK4,485.0
Q96D53,T485E,0.8913,pathogenic,ADCK4,485.0
Q96D53,T485F,0.784,pathogenic,ADCK4,485.0
Q96D53,T485G,0.4869,ambiguous,ADCK4,485.0
Q96D53,T485H,0.8102,pathogenic,ADCK4,485.0
Q96D53,T485I,0.3673,ambiguous,ADCK4,485.0
Q96D53,T485K,0.897,pathogenic,ADCK4,485.0
Q96D53,T485L,0.3657,ambiguous,ADCK4,485.0
Q96D53,T485M,0.2214,benign,ADCK4,485.0
Q96D53,T485N,0.4942,ambiguous,ADCK4,485.0
Q96D53,T485P,0.4917,ambiguous,ADCK4,485.0
Q96D53,T485Q,0.82,pathogenic,ADCK4,485.0
Q96D53,T485R,0.838,pathogenic,ADCK4,485.0
Q96D53,T485S,0.1935,benign,ADCK4,485.0
Q96D53,T485V,0.2741,benign,ADCK4,485.0
Q96D53,T485W,0.9482,pathogenic,ADCK4,485.0
Q96D53,T485Y,0.8317,pathogenic,ADCK4,485.0
Q96D53,Y486A,0.6309,pathogenic,ADCK4,486.0
Q96D53,Y486C,0.3573,ambiguous,ADCK4,486.0
Q96D53,Y486D,0.6928,pathogenic,ADCK4,486.0
Q96D53,Y486E,0.9264,pathogenic,ADCK4,486.0
Q96D53,Y486F,0.2085,benign,ADCK4,486.0
Q96D53,Y486G,0.6484,pathogenic,ADCK4,486.0
Q96D53,Y486H,0.6126,pathogenic,ADCK4,486.0
Q96D53,Y486I,0.7593,pathogenic,ADCK4,486.0
Q96D53,Y486K,0.9499,pathogenic,ADCK4,486.0
Q96D53,Y486L,0.4984,ambiguous,ADCK4,486.0
Q96D53,Y486M,0.7964,pathogenic,ADCK4,486.0
Q96D53,Y486N,0.5933,pathogenic,ADCK4,486.0
Q96D53,Y486P,0.8309,pathogenic,ADCK4,486.0
Q96D53,Y486Q,0.8731,pathogenic,ADCK4,486.0
Q96D53,Y486R,0.8294,pathogenic,ADCK4,486.0
Q96D53,Y486S,0.3878,ambiguous,ADCK4,486.0
Q96D53,Y486T,0.6828,pathogenic,ADCK4,486.0
Q96D53,Y486V,0.5053,ambiguous,ADCK4,486.0
Q96D53,Y486W,0.4113,ambiguous,ADCK4,486.0
Q96D53,A487C,0.5352,ambiguous,ADCK4,487.0
Q96D53,A487D,0.6375,pathogenic,ADCK4,487.0
Q96D53,A487E,0.5947,pathogenic,ADCK4,487.0
Q96D53,A487F,0.4377,ambiguous,ADCK4,487.0
Q96D53,A487G,0.157,benign,ADCK4,487.0
Q96D53,A487H,0.6092,pathogenic,ADCK4,487.0
Q96D53,A487I,0.4574,ambiguous,ADCK4,487.0
Q96D53,A487K,0.8149,pathogenic,ADCK4,487.0
Q96D53,A487L,0.2791,benign,ADCK4,487.0
Q96D53,A487M,0.4038,ambiguous,ADCK4,487.0
Q96D53,A487N,0.5322,ambiguous,ADCK4,487.0
Q96D53,A487P,0.2798,benign,ADCK4,487.0
Q96D53,A487Q,0.574,pathogenic,ADCK4,487.0
Q96D53,A487R,0.6493,pathogenic,ADCK4,487.0
Q96D53,A487S,0.102,benign,ADCK4,487.0
Q96D53,A487T,0.1277,benign,ADCK4,487.0
Q96D53,A487V,0.1948,benign,ADCK4,487.0
Q96D53,A487W,0.8286,pathogenic,ADCK4,487.0
Q96D53,A487Y,0.6507,pathogenic,ADCK4,487.0
Q96D53,L488A,0.8403,pathogenic,ADCK4,488.0
Q96D53,L488C,0.8955,pathogenic,ADCK4,488.0
Q96D53,L488D,0.9984,pathogenic,ADCK4,488.0
Q96D53,L488E,0.9867,pathogenic,ADCK4,488.0
Q96D53,L488F,0.6209,pathogenic,ADCK4,488.0
Q96D53,L488G,0.9683,pathogenic,ADCK4,488.0
Q96D53,L488H,0.9677,pathogenic,ADCK4,488.0
Q96D53,L488I,0.2277,benign,ADCK4,488.0
Q96D53,L488K,0.9838,pathogenic,ADCK4,488.0
Q96D53,L488M,0.421,ambiguous,ADCK4,488.0
Q96D53,L488N,0.9893,pathogenic,ADCK4,488.0
Q96D53,L488P,0.9258,pathogenic,ADCK4,488.0
Q96D53,L488Q,0.9303,pathogenic,ADCK4,488.0
Q96D53,L488R,0.9234,pathogenic,ADCK4,488.0
Q96D53,L488S,0.955,pathogenic,ADCK4,488.0
Q96D53,L488T,0.8773,pathogenic,ADCK4,488.0
Q96D53,L488V,0.2221,benign,ADCK4,488.0
Q96D53,L488W,0.8893,pathogenic,ADCK4,488.0
Q96D53,L488Y,0.9651,pathogenic,ADCK4,488.0
Q96D53,H489A,0.9601,pathogenic,ADCK4,489.0
Q96D53,H489C,0.7768,pathogenic,ADCK4,489.0
Q96D53,H489D,0.9294,pathogenic,ADCK4,489.0
Q96D53,H489E,0.9493,pathogenic,ADCK4,489.0
Q96D53,H489F,0.9127,pathogenic,ADCK4,489.0
Q96D53,H489G,0.9324,pathogenic,ADCK4,489.0
Q96D53,H489I,0.9728,pathogenic,ADCK4,489.0
Q96D53,H489K,0.9731,pathogenic,ADCK4,489.0
Q96D53,H489L,0.6723,pathogenic,ADCK4,489.0
Q96D53,H489M,0.9598,pathogenic,ADCK4,489.0
Q96D53,H489N,0.6924,pathogenic,ADCK4,489.0
Q96D53,H489P,0.6968,pathogenic,ADCK4,489.0
Q96D53,H489Q,0.8097,pathogenic,ADCK4,489.0
Q96D53,H489R,0.8905,pathogenic,ADCK4,489.0
Q96D53,H489S,0.8748,pathogenic,ADCK4,489.0
Q96D53,H489T,0.951,pathogenic,ADCK4,489.0
Q96D53,H489V,0.9608,pathogenic,ADCK4,489.0
Q96D53,H489W,0.874,pathogenic,ADCK4,489.0
Q96D53,H489Y,0.7277,pathogenic,ADCK4,489.0
Q96D53,R490A,0.9778,pathogenic,ADCK4,490.0
Q96D53,R490C,0.5724,pathogenic,ADCK4,490.0
Q96D53,R490D,0.9946,pathogenic,ADCK4,490.0
Q96D53,R490E,0.9529,pathogenic,ADCK4,490.0
Q96D53,R490F,0.9904,pathogenic,ADCK4,490.0
Q96D53,R490G,0.8799,pathogenic,ADCK4,490.0
Q96D53,R490H,0.5899,pathogenic,ADCK4,490.0
Q96D53,R490I,0.9824,pathogenic,ADCK4,490.0
Q96D53,R490K,0.6942,pathogenic,ADCK4,490.0
Q96D53,R490L,0.8882,pathogenic,ADCK4,490.0
Q96D53,R490M,0.982,pathogenic,ADCK4,490.0
Q96D53,R490N,0.99,pathogenic,ADCK4,490.0
Q96D53,R490P,0.9887,pathogenic,ADCK4,490.0
Q96D53,R490Q,0.4547,ambiguous,ADCK4,490.0
Q96D53,R490S,0.9779,pathogenic,ADCK4,490.0
Q96D53,R490T,0.9811,pathogenic,ADCK4,490.0
Q96D53,R490V,0.9819,pathogenic,ADCK4,490.0
Q96D53,R490W,0.6957,pathogenic,ADCK4,490.0
Q96D53,R490Y,0.9594,pathogenic,ADCK4,490.0
Q96D53,K491A,0.9771,pathogenic,ADCK4,491.0
Q96D53,K491C,0.9468,pathogenic,ADCK4,491.0
Q96D53,K491D,0.9947,pathogenic,ADCK4,491.0
Q96D53,K491E,0.9758,pathogenic,ADCK4,491.0
Q96D53,K491F,0.9925,pathogenic,ADCK4,491.0
Q96D53,K491G,0.9743,pathogenic,ADCK4,491.0
Q96D53,K491H,0.8444,pathogenic,ADCK4,491.0
Q96D53,K491I,0.9777,pathogenic,ADCK4,491.0
Q96D53,K491L,0.9445,pathogenic,ADCK4,491.0
Q96D53,K491M,0.9192,pathogenic,ADCK4,491.0
Q96D53,K491N,0.9819,pathogenic,ADCK4,491.0
Q96D53,K491P,0.9872,pathogenic,ADCK4,491.0
Q96D53,K491Q,0.8646,pathogenic,ADCK4,491.0
Q96D53,K491R,0.275,benign,ADCK4,491.0
Q96D53,K491S,0.9801,pathogenic,ADCK4,491.0
Q96D53,K491T,0.924,pathogenic,ADCK4,491.0
Q96D53,K491V,0.96,pathogenic,ADCK4,491.0
Q96D53,K491W,0.9852,pathogenic,ADCK4,491.0
Q96D53,K491Y,0.9661,pathogenic,ADCK4,491.0
Q96D53,L492A,0.7575,pathogenic,ADCK4,492.0
Q96D53,L492C,0.8922,pathogenic,ADCK4,492.0
Q96D53,L492D,0.9922,pathogenic,ADCK4,492.0
Q96D53,L492E,0.9492,pathogenic,ADCK4,492.0
Q96D53,L492F,0.3326,benign,ADCK4,492.0
Q96D53,L492G,0.9191,pathogenic,ADCK4,492.0
Q96D53,L492H,0.9049,pathogenic,ADCK4,492.0
Q96D53,L492I,0.2326,benign,ADCK4,492.0
Q96D53,L492K,0.9408,pathogenic,ADCK4,492.0
Q96D53,L492M,0.1607,benign,ADCK4,492.0
Q96D53,L492N,0.9599,pathogenic,ADCK4,492.0
Q96D53,L492P,0.9285,pathogenic,ADCK4,492.0
Q96D53,L492Q,0.7897,pathogenic,ADCK4,492.0
Q96D53,L492R,0.8668,pathogenic,ADCK4,492.0
Q96D53,L492S,0.9172,pathogenic,ADCK4,492.0
Q96D53,L492T,0.7706,pathogenic,ADCK4,492.0
Q96D53,L492V,0.2391,benign,ADCK4,492.0
Q96D53,L492W,0.5915,pathogenic,ADCK4,492.0
Q96D53,L492Y,0.8577,pathogenic,ADCK4,492.0
Q96D53,A493C,0.7452,pathogenic,ADCK4,493.0
Q96D53,A493D,0.9176,pathogenic,ADCK4,493.0
Q96D53,A493E,0.8833,pathogenic,ADCK4,493.0
Q96D53,A493F,0.7835,pathogenic,ADCK4,493.0
Q96D53,A493G,0.1629,benign,ADCK4,493.0
Q96D53,A493H,0.9156,pathogenic,ADCK4,493.0
Q96D53,A493I,0.764,pathogenic,ADCK4,493.0
Q96D53,A493K,0.9646,pathogenic,ADCK4,493.0
Q96D53,A493L,0.5041,ambiguous,ADCK4,493.0
Q96D53,A493M,0.5992,pathogenic,ADCK4,493.0
Q96D53,A493N,0.8511,pathogenic,ADCK4,493.0
Q96D53,A493P,0.8795,pathogenic,ADCK4,493.0
Q96D53,A493Q,0.8165,pathogenic,ADCK4,493.0
Q96D53,A493R,0.9043,pathogenic,ADCK4,493.0
Q96D53,A493S,0.1385,benign,ADCK4,493.0
Q96D53,A493T,0.2807,benign,ADCK4,493.0
Q96D53,A493V,0.4356,ambiguous,ADCK4,493.0
Q96D53,A493W,0.9509,pathogenic,ADCK4,493.0
Q96D53,A493Y,0.9116,pathogenic,ADCK4,493.0
Q96D53,G494A,0.5442,ambiguous,ADCK4,494.0
Q96D53,G494C,0.8606,pathogenic,ADCK4,494.0
Q96D53,G494D,0.966,pathogenic,ADCK4,494.0
Q96D53,G494E,0.9648,pathogenic,ADCK4,494.0
Q96D53,G494F,0.9755,pathogenic,ADCK4,494.0
Q96D53,G494H,0.9826,pathogenic,ADCK4,494.0
Q96D53,G494I,0.9491,pathogenic,ADCK4,494.0
Q96D53,G494K,0.9845,pathogenic,ADCK4,494.0
Q96D53,G494L,0.9504,pathogenic,ADCK4,494.0
Q96D53,G494M,0.9698,pathogenic,ADCK4,494.0
Q96D53,G494N,0.9683,pathogenic,ADCK4,494.0
Q96D53,G494P,0.9943,pathogenic,ADCK4,494.0
Q96D53,G494Q,0.9619,pathogenic,ADCK4,494.0
Q96D53,G494R,0.9457,pathogenic,ADCK4,494.0
Q96D53,G494S,0.5097,ambiguous,ADCK4,494.0
Q96D53,G494T,0.8396,pathogenic,ADCK4,494.0
Q96D53,G494V,0.8664,pathogenic,ADCK4,494.0
Q96D53,G494W,0.9482,pathogenic,ADCK4,494.0
Q96D53,G494Y,0.9748,pathogenic,ADCK4,494.0
Q96D53,A495C,0.4111,ambiguous,ADCK4,495.0
Q96D53,A495D,0.9008,pathogenic,ADCK4,495.0
Q96D53,A495E,0.8885,pathogenic,ADCK4,495.0
Q96D53,A495F,0.5708,pathogenic,ADCK4,495.0
Q96D53,A495G,0.2463,benign,ADCK4,495.0
Q96D53,A495H,0.8807,pathogenic,ADCK4,495.0
Q96D53,A495I,0.2404,benign,ADCK4,495.0
Q96D53,A495K,0.9659,pathogenic,ADCK4,495.0
Q96D53,A495L,0.2412,benign,ADCK4,495.0
Q96D53,A495M,0.2728,benign,ADCK4,495.0
Q96D53,A495N,0.6737,pathogenic,ADCK4,495.0
Q96D53,A495P,0.9151,pathogenic,ADCK4,495.0
Q96D53,A495Q,0.8486,pathogenic,ADCK4,495.0
Q96D53,A495R,0.9274,pathogenic,ADCK4,495.0
Q96D53,A495S,0.133,benign,ADCK4,495.0
Q96D53,A495T,0.0842,benign,ADCK4,495.0
Q96D53,A495V,0.1142,benign,ADCK4,495.0
Q96D53,A495W,0.9524,pathogenic,ADCK4,495.0
Q96D53,A495Y,0.8534,pathogenic,ADCK4,495.0
Q96D53,F496A,0.9537,pathogenic,ADCK4,496.0
Q96D53,F496C,0.8644,pathogenic,ADCK4,496.0
Q96D53,F496D,0.9964,pathogenic,ADCK4,496.0
Q96D53,F496E,0.9958,pathogenic,ADCK4,496.0
Q96D53,F496G,0.9804,pathogenic,ADCK4,496.0
Q96D53,F496H,0.9624,pathogenic,ADCK4,496.0
Q96D53,F496I,0.7264,pathogenic,ADCK4,496.0
Q96D53,F496K,0.9959,pathogenic,ADCK4,496.0
Q96D53,F496L,0.9678,pathogenic,ADCK4,496.0
Q96D53,F496M,0.8881,pathogenic,ADCK4,496.0
Q96D53,F496N,0.9816,pathogenic,ADCK4,496.0
Q96D53,F496P,0.9985,pathogenic,ADCK4,496.0
Q96D53,F496Q,0.9876,pathogenic,ADCK4,496.0
Q96D53,F496R,0.9867,pathogenic,ADCK4,496.0
Q96D53,F496S,0.9177,pathogenic,ADCK4,496.0
Q96D53,F496T,0.96,pathogenic,ADCK4,496.0
Q96D53,F496V,0.7043,pathogenic,ADCK4,496.0
Q96D53,F496W,0.7993,pathogenic,ADCK4,496.0
Q96D53,F496Y,0.4519,ambiguous,ADCK4,496.0
Q96D53,L497A,0.5837,pathogenic,ADCK4,497.0
Q96D53,L497C,0.8603,pathogenic,ADCK4,497.0
Q96D53,L497D,0.9738,pathogenic,ADCK4,497.0
Q96D53,L497E,0.8465,pathogenic,ADCK4,497.0
Q96D53,L497F,0.3035,benign,ADCK4,497.0
Q96D53,L497G,0.8212,pathogenic,ADCK4,497.0
Q96D53,L497H,0.5495,ambiguous,ADCK4,497.0
Q96D53,L497I,0.3197,benign,ADCK4,497.0
Q96D53,L497K,0.7349,pathogenic,ADCK4,497.0
Q96D53,L497M,0.2431,benign,ADCK4,497.0
Q96D53,L497N,0.8718,pathogenic,ADCK4,497.0
Q96D53,L497P,0.8961,pathogenic,ADCK4,497.0
Q96D53,L497Q,0.3716,ambiguous,ADCK4,497.0
Q96D53,L497R,0.4392,ambiguous,ADCK4,497.0
Q96D53,L497S,0.649,pathogenic,ADCK4,497.0
Q96D53,L497T,0.627,pathogenic,ADCK4,497.0
Q96D53,L497V,0.2789,benign,ADCK4,497.0
Q96D53,L497W,0.4703,ambiguous,ADCK4,497.0
Q96D53,L497Y,0.7574,pathogenic,ADCK4,497.0
Q96D53,A498C,0.5282,ambiguous,ADCK4,498.0
Q96D53,A498D,0.9306,pathogenic,ADCK4,498.0
Q96D53,A498E,0.8961,pathogenic,ADCK4,498.0
Q96D53,A498F,0.5834,pathogenic,ADCK4,498.0
Q96D53,A498G,0.2512,benign,ADCK4,498.0
Q96D53,A498H,0.8996,pathogenic,ADCK4,498.0
Q96D53,A498I,0.2914,benign,ADCK4,498.0
Q96D53,A498K,0.9582,pathogenic,ADCK4,498.0
Q96D53,A498L,0.169,benign,ADCK4,498.0
Q96D53,A498M,0.3381,benign,ADCK4,498.0
Q96D53,A498N,0.7711,pathogenic,ADCK4,498.0
Q96D53,A498P,0.8103,pathogenic,ADCK4,498.0
Q96D53,A498Q,0.8365,pathogenic,ADCK4,498.0
Q96D53,A498R,0.9089,pathogenic,ADCK4,498.0
Q96D53,A498S,0.1942,benign,ADCK4,498.0
Q96D53,A498T,0.1666,benign,ADCK4,498.0
Q96D53,A498V,0.1422,benign,ADCK4,498.0
Q96D53,A498W,0.9373,pathogenic,ADCK4,498.0
Q96D53,A498Y,0.8344,pathogenic,ADCK4,498.0
Q96D53,C499A,0.5432,ambiguous,ADCK4,499.0
Q96D53,C499D,0.9924,pathogenic,ADCK4,499.0
Q96D53,C499E,0.9967,pathogenic,ADCK4,499.0
Q96D53,C499F,0.7778,pathogenic,ADCK4,499.0
Q96D53,C499G,0.303,benign,ADCK4,499.0
Q96D53,C499H,0.9824,pathogenic,ADCK4,499.0
Q96D53,C499I,0.9523,pathogenic,ADCK4,499.0
Q96D53,C499K,0.9976,pathogenic,ADCK4,499.0
Q96D53,C499L,0.7816,pathogenic,ADCK4,499.0
Q96D53,C499M,0.9131,pathogenic,ADCK4,499.0
Q96D53,C499N,0.9568,pathogenic,ADCK4,499.0
Q96D53,C499P,0.9879,pathogenic,ADCK4,499.0
Q96D53,C499Q,0.9845,pathogenic,ADCK4,499.0
Q96D53,C499R,0.9734,pathogenic,ADCK4,499.0
Q96D53,C499S,0.5881,pathogenic,ADCK4,499.0
Q96D53,C499T,0.858,pathogenic,ADCK4,499.0
Q96D53,C499V,0.8613,pathogenic,ADCK4,499.0
Q96D53,C499W,0.9771,pathogenic,ADCK4,499.0
Q96D53,C499Y,0.9551,pathogenic,ADCK4,499.0
Q96D53,A500C,0.3407,ambiguous,ADCK4,500.0
Q96D53,A500D,0.4257,ambiguous,ADCK4,500.0
Q96D53,A500E,0.3277,benign,ADCK4,500.0
Q96D53,A500F,0.3981,ambiguous,ADCK4,500.0
Q96D53,A500G,0.1285,benign,ADCK4,500.0
Q96D53,A500H,0.3905,ambiguous,ADCK4,500.0
Q96D53,A500I,0.2743,benign,ADCK4,500.0
Q96D53,A500K,0.4538,ambiguous,ADCK4,500.0
Q96D53,A500L,0.2332,benign,ADCK4,500.0
Q96D53,A500M,0.2366,benign,ADCK4,500.0
Q96D53,A500N,0.2757,benign,ADCK4,500.0
Q96D53,A500P,0.7822,pathogenic,ADCK4,500.0
Q96D53,A500Q,0.2932,benign,ADCK4,500.0
Q96D53,A500R,0.3158,benign,ADCK4,500.0
Q96D53,A500S,0.0779,benign,ADCK4,500.0
Q96D53,A500T,0.0726,benign,ADCK4,500.0
Q96D53,A500V,0.1331,benign,ADCK4,500.0
Q96D53,A500W,0.6932,pathogenic,ADCK4,500.0
Q96D53,A500Y,0.4936,ambiguous,ADCK4,500.0
Q96D53,H501A,0.2689,benign,ADCK4,501.0
Q96D53,H501C,0.1175,benign,ADCK4,501.0
Q96D53,H501D,0.4099,ambiguous,ADCK4,501.0
Q96D53,H501E,0.3751,ambiguous,ADCK4,501.0
Q96D53,H501F,0.3916,ambiguous,ADCK4,501.0
Q96D53,H501G,0.1963,benign,ADCK4,501.0
Q96D53,H501I,0.4382,ambiguous,ADCK4,501.0
Q96D53,H501K,0.1674,benign,ADCK4,501.0
Q96D53,H501L,0.1554,benign,ADCK4,501.0
Q96D53,H501M,0.5217,ambiguous,ADCK4,501.0
Q96D53,H501N,0.219,benign,ADCK4,501.0
Q96D53,H501P,0.3704,ambiguous,ADCK4,501.0
Q96D53,H501Q,0.1177,benign,ADCK4,501.0
Q96D53,H501R,0.0538,benign,ADCK4,501.0
Q96D53,H501S,0.2334,benign,ADCK4,501.0
Q96D53,H501T,0.2974,benign,ADCK4,501.0
Q96D53,H501V,0.3408,ambiguous,ADCK4,501.0
Q96D53,H501W,0.2318,benign,ADCK4,501.0
Q96D53,H501Y,0.132,benign,ADCK4,501.0
Q96D53,L502A,0.8566,pathogenic,ADCK4,502.0
Q96D53,L502C,0.8775,pathogenic,ADCK4,502.0
Q96D53,L502D,0.9937,pathogenic,ADCK4,502.0
Q96D53,L502E,0.9594,pathogenic,ADCK4,502.0
Q96D53,L502F,0.4463,ambiguous,ADCK4,502.0
Q96D53,L502G,0.9269,pathogenic,ADCK4,502.0
Q96D53,L502H,0.889,pathogenic,ADCK4,502.0
Q96D53,L502I,0.3043,benign,ADCK4,502.0
Q96D53,L502K,0.9384,pathogenic,ADCK4,502.0
Q96D53,L502M,0.2973,benign,ADCK4,502.0
Q96D53,L502N,0.959,pathogenic,ADCK4,502.0
Q96D53,L502P,0.9567,pathogenic,ADCK4,502.0
Q96D53,L502Q,0.776,pathogenic,ADCK4,502.0
Q96D53,L502R,0.8334,pathogenic,ADCK4,502.0
Q96D53,L502S,0.9208,pathogenic,ADCK4,502.0
Q96D53,L502T,0.8298,pathogenic,ADCK4,502.0
Q96D53,L502V,0.3273,benign,ADCK4,502.0
Q96D53,L502W,0.8052,pathogenic,ADCK4,502.0
Q96D53,L502Y,0.9018,pathogenic,ADCK4,502.0
Q96D53,R503A,0.1701,benign,ADCK4,503.0
Q96D53,R503C,0.1315,benign,ADCK4,503.0
Q96D53,R503D,0.1667,benign,ADCK4,503.0
Q96D53,R503E,0.1489,benign,ADCK4,503.0
Q96D53,R503F,0.5093,ambiguous,ADCK4,503.0
Q96D53,R503G,0.0545,benign,ADCK4,503.0
Q96D53,R503H,0.0661,benign,ADCK4,503.0
Q96D53,R503I,0.5356,ambiguous,ADCK4,503.0
Q96D53,R503K,0.0918,benign,ADCK4,503.0
Q96D53,R503L,0.2305,benign,ADCK4,503.0
Q96D53,R503M,0.3925,ambiguous,ADCK4,503.0
Q96D53,R503N,0.1735,benign,ADCK4,503.0
Q96D53,R503P,0.4518,ambiguous,ADCK4,503.0
Q96D53,R503Q,0.0687,benign,ADCK4,503.0
Q96D53,R503S,0.1514,benign,ADCK4,503.0
Q96D53,R503T,0.211,benign,ADCK4,503.0
Q96D53,R503V,0.439,ambiguous,ADCK4,503.0
Q96D53,R503W,0.2221,benign,ADCK4,503.0
Q96D53,R503Y,0.2847,benign,ADCK4,503.0
Q96D53,A504C,0.7849,pathogenic,ADCK4,504.0
Q96D53,A504D,0.9483,pathogenic,ADCK4,504.0
Q96D53,A504E,0.9496,pathogenic,ADCK4,504.0
Q96D53,A504F,0.9438,pathogenic,ADCK4,504.0
Q96D53,A504G,0.2012,benign,ADCK4,504.0
Q96D53,A504H,0.9743,pathogenic,ADCK4,504.0
Q96D53,A504I,0.8214,pathogenic,ADCK4,504.0
Q96D53,A504K,0.9833,pathogenic,ADCK4,504.0
Q96D53,A504L,0.7757,pathogenic,ADCK4,504.0
Q96D53,A504M,0.8515,pathogenic,ADCK4,504.0
Q96D53,A504N,0.9145,pathogenic,ADCK4,504.0
Q96D53,A504P,0.8598,pathogenic,ADCK4,504.0
Q96D53,A504Q,0.9297,pathogenic,ADCK4,504.0
Q96D53,A504R,0.9445,pathogenic,ADCK4,504.0
Q96D53,A504S,0.1634,benign,ADCK4,504.0
Q96D53,A504T,0.3614,ambiguous,ADCK4,504.0
Q96D53,A504V,0.4575,ambiguous,ADCK4,504.0
Q96D53,A504W,0.9918,pathogenic,ADCK4,504.0
Q96D53,A504Y,0.9758,pathogenic,ADCK4,504.0
Q96D53,H505A,0.1358,benign,ADCK4,505.0
Q96D53,H505C,0.1013,benign,ADCK4,505.0
Q96D53,H505D,0.1133,benign,ADCK4,505.0
Q96D53,H505E,0.1377,benign,ADCK4,505.0
Q96D53,H505F,0.297,benign,ADCK4,505.0
Q96D53,H505G,0.1514,benign,ADCK4,505.0
Q96D53,H505I,0.2251,benign,ADCK4,505.0
Q96D53,H505K,0.1202,benign,ADCK4,505.0
Q96D53,H505L,0.114,benign,ADCK4,505.0
Q96D53,H505M,0.3625,ambiguous,ADCK4,505.0
Q96D53,H505N,0.0757,benign,ADCK4,505.0
Q96D53,H505P,0.2465,benign,ADCK4,505.0
Q96D53,H505Q,0.0877,benign,ADCK4,505.0
Q96D53,H505R,0.0561,benign,ADCK4,505.0
Q96D53,H505S,0.1068,benign,ADCK4,505.0
Q96D53,H505T,0.1162,benign,ADCK4,505.0
Q96D53,H505V,0.1512,benign,ADCK4,505.0
Q96D53,H505W,0.285,benign,ADCK4,505.0
Q96D53,H505Y,0.1022,benign,ADCK4,505.0
Q96D53,I506A,0.5712,pathogenic,ADCK4,506.0
Q96D53,I506C,0.7849,pathogenic,ADCK4,506.0
Q96D53,I506D,0.9756,pathogenic,ADCK4,506.0
Q96D53,I506E,0.9503,pathogenic,ADCK4,506.0
Q96D53,I506F,0.182,benign,ADCK4,506.0
Q96D53,I506G,0.8691,pathogenic,ADCK4,506.0
Q96D53,I506H,0.908,pathogenic,ADCK4,506.0
Q96D53,I506K,0.9164,pathogenic,ADCK4,506.0
Q96D53,I506L,0.1236,benign,ADCK4,506.0
Q96D53,I506M,0.1426,benign,ADCK4,506.0
Q96D53,I506N,0.8513,pathogenic,ADCK4,506.0
Q96D53,I506P,0.8877,pathogenic,ADCK4,506.0
Q96D53,I506Q,0.9024,pathogenic,ADCK4,506.0
Q96D53,I506R,0.8461,pathogenic,ADCK4,506.0
Q96D53,I506S,0.7268,pathogenic,ADCK4,506.0
Q96D53,I506T,0.4987,ambiguous,ADCK4,506.0
Q96D53,I506V,0.0795,benign,ADCK4,506.0
Q96D53,I506W,0.905,pathogenic,ADCK4,506.0
Q96D53,I506Y,0.7811,pathogenic,ADCK4,506.0
Q96D53,A507C,0.2723,benign,ADCK4,507.0
Q96D53,A507D,0.1136,benign,ADCK4,507.0
Q96D53,A507E,0.1705,benign,ADCK4,507.0
Q96D53,A507F,0.2661,benign,ADCK4,507.0
Q96D53,A507G,0.1119,benign,ADCK4,507.0
Q96D53,A507H,0.2059,benign,ADCK4,507.0
Q96D53,A507I,0.2316,benign,ADCK4,507.0
Q96D53,A507K,0.2871,benign,ADCK4,507.0
Q96D53,A507L,0.1562,benign,ADCK4,507.0
Q96D53,A507M,0.2577,benign,ADCK4,507.0
Q96D53,A507N,0.1439,benign,ADCK4,507.0
Q96D53,A507P,0.0716,benign,ADCK4,507.0
Q96D53,A507Q,0.1808,benign,ADCK4,507.0
Q96D53,A507R,0.1687,benign,ADCK4,507.0
Q96D53,A507S,0.0782,benign,ADCK4,507.0
Q96D53,A507T,0.0838,benign,ADCK4,507.0
Q96D53,A507V,0.1175,benign,ADCK4,507.0
Q96D53,A507W,0.4732,ambiguous,ADCK4,507.0
Q96D53,A507Y,0.3014,benign,ADCK4,507.0
Q96D53,C508A,0.5477,ambiguous,ADCK4,508.0
Q96D53,C508D,0.9838,pathogenic,ADCK4,508.0
Q96D53,C508E,0.9924,pathogenic,ADCK4,508.0
Q96D53,C508F,0.7457,pathogenic,ADCK4,508.0
Q96D53,C508G,0.3251,benign,ADCK4,508.0
Q96D53,C508H,0.9766,pathogenic,ADCK4,508.0
Q96D53,C508I,0.8389,pathogenic,ADCK4,508.0
Q96D53,C508K,0.9956,pathogenic,ADCK4,508.0
Q96D53,C508L,0.7318,pathogenic,ADCK4,508.0
Q96D53,C508M,0.9029,pathogenic,ADCK4,508.0
Q96D53,C508N,0.9595,pathogenic,ADCK4,508.0
Q96D53,C508P,0.8694,pathogenic,ADCK4,508.0
Q96D53,C508Q,0.9791,pathogenic,ADCK4,508.0
Q96D53,C508R,0.9532,pathogenic,ADCK4,508.0
Q96D53,C508S,0.5261,ambiguous,ADCK4,508.0
Q96D53,C508T,0.6732,pathogenic,ADCK4,508.0
Q96D53,C508V,0.631,pathogenic,ADCK4,508.0
Q96D53,C508W,0.9454,pathogenic,ADCK4,508.0
Q96D53,C508Y,0.9307,pathogenic,ADCK4,508.0
Q96D53,R509A,0.2224,benign,ADCK4,509.0
Q96D53,R509C,0.1558,benign,ADCK4,509.0
Q96D53,R509D,0.4792,ambiguous,ADCK4,509.0
Q96D53,R509E,0.2928,benign,ADCK4,509.0
Q96D53,R509F,0.5537,ambiguous,ADCK4,509.0
Q96D53,R509G,0.0861,benign,ADCK4,509.0
Q96D53,R509H,0.0981,benign,ADCK4,509.0
Q96D53,R509I,0.4282,ambiguous,ADCK4,509.0
Q96D53,R509K,0.1227,benign,ADCK4,509.0
Q96D53,R509L,0.2668,benign,ADCK4,509.0
Q96D53,R509M,0.4104,ambiguous,ADCK4,509.0
Q96D53,R509N,0.4265,ambiguous,ADCK4,509.0
Q96D53,R509P,0.4175,ambiguous,ADCK4,509.0
Q96D53,R509Q,0.0957,benign,ADCK4,509.0
Q96D53,R509S,0.2465,benign,ADCK4,509.0
Q96D53,R509T,0.2333,benign,ADCK4,509.0
Q96D53,R509V,0.4309,ambiguous,ADCK4,509.0
Q96D53,R509W,0.1635,benign,ADCK4,509.0
Q96D53,R509Y,0.3484,ambiguous,ADCK4,509.0
Q96D53,D510A,0.1092,benign,ADCK4,510.0
Q96D53,D510C,0.3974,ambiguous,ADCK4,510.0
Q96D53,D510E,0.1243,benign,ADCK4,510.0
Q96D53,D510F,0.4324,ambiguous,ADCK4,510.0
Q96D53,D510G,0.1019,benign,ADCK4,510.0
Q96D53,D510H,0.1176,benign,ADCK4,510.0
Q96D53,D510I,0.2801,benign,ADCK4,510.0
Q96D53,D510K,0.1909,benign,ADCK4,510.0
Q96D53,D510L,0.2579,benign,ADCK4,510.0
Q96D53,D510M,0.4781,ambiguous,ADCK4,510.0
Q96D53,D510N,0.0984,benign,ADCK4,510.0
Q96D53,D510P,0.3373,benign,ADCK4,510.0
Q96D53,D510Q,0.161,benign,ADCK4,510.0
Q96D53,D510R,0.1693,benign,ADCK4,510.0
Q96D53,D510S,0.1026,benign,ADCK4,510.0
Q96D53,D510T,0.1664,benign,ADCK4,510.0
Q96D53,D510V,0.1571,benign,ADCK4,510.0
Q96D53,D510W,0.6259,pathogenic,ADCK4,510.0
Q96D53,D510Y,0.1482,benign,ADCK4,510.0
Q96D53,L511A,0.4042,ambiguous,ADCK4,511.0
Q96D53,L511C,0.603,pathogenic,ADCK4,511.0
Q96D53,L511D,0.85,pathogenic,ADCK4,511.0
Q96D53,L511E,0.6736,pathogenic,ADCK4,511.0
Q96D53,L511F,0.2306,benign,ADCK4,511.0
Q96D53,L511G,0.7129,pathogenic,ADCK4,511.0
Q96D53,L511H,0.4015,ambiguous,ADCK4,511.0
Q96D53,L511I,0.1025,benign,ADCK4,511.0
Q96D53,L511K,0.5608,ambiguous,ADCK4,511.0
Q96D53,L511M,0.1378,benign,ADCK4,511.0
Q96D53,L511N,0.6682,pathogenic,ADCK4,511.0
Q96D53,L511P,0.7012,pathogenic,ADCK4,511.0
Q96D53,L511Q,0.3458,ambiguous,ADCK4,511.0
Q96D53,L511R,0.3102,benign,ADCK4,511.0
Q96D53,L511S,0.5382,ambiguous,ADCK4,511.0
Q96D53,L511T,0.3778,ambiguous,ADCK4,511.0
Q96D53,L511V,0.1021,benign,ADCK4,511.0
Q96D53,L511W,0.4071,ambiguous,ADCK4,511.0
Q96D53,L511Y,0.534,ambiguous,ADCK4,511.0
Q96D53,F512A,0.9636,pathogenic,ADCK4,512.0
Q96D53,F512C,0.8916,pathogenic,ADCK4,512.0
Q96D53,F512D,0.9932,pathogenic,ADCK4,512.0
Q96D53,F512E,0.9909,pathogenic,ADCK4,512.0
Q96D53,F512G,0.9763,pathogenic,ADCK4,512.0
Q96D53,F512H,0.9533,pathogenic,ADCK4,512.0
Q96D53,F512I,0.7409,pathogenic,ADCK4,512.0
Q96D53,F512K,0.9915,pathogenic,ADCK4,512.0
Q96D53,F512L,0.8936,pathogenic,ADCK4,512.0
Q96D53,F512M,0.8934,pathogenic,ADCK4,512.0
Q96D53,F512N,0.9888,pathogenic,ADCK4,512.0
Q96D53,F512P,0.9934,pathogenic,ADCK4,512.0
Q96D53,F512Q,0.9762,pathogenic,ADCK4,512.0
Q96D53,F512R,0.9671,pathogenic,ADCK4,512.0
Q96D53,F512S,0.961,pathogenic,ADCK4,512.0
Q96D53,F512T,0.9783,pathogenic,ADCK4,512.0
Q96D53,F512V,0.7584,pathogenic,ADCK4,512.0
Q96D53,F512W,0.7381,pathogenic,ADCK4,512.0
Q96D53,F512Y,0.5796,pathogenic,ADCK4,512.0
Q96D53,Q513A,0.1614,benign,ADCK4,513.0
Q96D53,Q513C,0.3685,ambiguous,ADCK4,513.0
Q96D53,Q513D,0.2458,benign,ADCK4,513.0
Q96D53,Q513E,0.0737,benign,ADCK4,513.0
Q96D53,Q513F,0.4778,ambiguous,ADCK4,513.0
Q96D53,Q513G,0.1676,benign,ADCK4,513.0
Q96D53,Q513H,0.1333,benign,ADCK4,513.0
Q96D53,Q513I,0.3213,benign,ADCK4,513.0
Q96D53,Q513K,0.1094,benign,ADCK4,513.0
Q96D53,Q513L,0.0837,benign,ADCK4,513.0
Q96D53,Q513M,0.307,benign,ADCK4,513.0
Q96D53,Q513N,0.2667,benign,ADCK4,513.0
Q96D53,Q513P,0.3324,benign,ADCK4,513.0
Q96D53,Q513R,0.0662,benign,ADCK4,513.0
Q96D53,Q513S,0.204,benign,ADCK4,513.0
Q96D53,Q513T,0.1802,benign,ADCK4,513.0
Q96D53,Q513V,0.2034,benign,ADCK4,513.0
Q96D53,Q513W,0.2035,benign,ADCK4,513.0
Q96D53,Q513Y,0.2845,benign,ADCK4,513.0
Q96D53,D514A,0.0928,benign,ADCK4,514.0
Q96D53,D514C,0.4173,ambiguous,ADCK4,514.0
Q96D53,D514E,0.0999,benign,ADCK4,514.0
Q96D53,D514F,0.4619,ambiguous,ADCK4,514.0
Q96D53,D514G,0.0955,benign,ADCK4,514.0
Q96D53,D514H,0.1314,benign,ADCK4,514.0
Q96D53,D514I,0.2974,benign,ADCK4,514.0
Q96D53,D514K,0.1592,benign,ADCK4,514.0
Q96D53,D514L,0.2645,benign,ADCK4,514.0
Q96D53,D514M,0.4334,ambiguous,ADCK4,514.0
Q96D53,D514N,0.0897,benign,ADCK4,514.0
Q96D53,D514P,0.6868,pathogenic,ADCK4,514.0
Q96D53,D514Q,0.1381,benign,ADCK4,514.0
Q96D53,D514R,0.1549,benign,ADCK4,514.0
Q96D53,D514S,0.103,benign,ADCK4,514.0
Q96D53,D514T,0.1567,benign,ADCK4,514.0
Q96D53,D514V,0.1543,benign,ADCK4,514.0
Q96D53,D514W,0.6638,pathogenic,ADCK4,514.0
Q96D53,D514Y,0.1561,benign,ADCK4,514.0
Q96D53,T515A,0.0679,benign,ADCK4,515.0
Q96D53,T515C,0.2495,benign,ADCK4,515.0
Q96D53,T515D,0.5207,ambiguous,ADCK4,515.0
Q96D53,T515E,0.4373,ambiguous,ADCK4,515.0
Q96D53,T515F,0.2391,benign,ADCK4,515.0
Q96D53,T515G,0.2593,benign,ADCK4,515.0
Q96D53,T515H,0.2689,benign,ADCK4,515.0
Q96D53,T515I,0.0966,benign,ADCK4,515.0
Q96D53,T515K,0.3356,benign,ADCK4,515.0
Q96D53,T515L,0.0952,benign,ADCK4,515.0
Q96D53,T515M,0.1114,benign,ADCK4,515.0
Q96D53,T515N,0.1754,benign,ADCK4,515.0
Q96D53,T515P,0.344,ambiguous,ADCK4,515.0
Q96D53,T515Q,0.3427,ambiguous,ADCK4,515.0
Q96D53,T515R,0.2044,benign,ADCK4,515.0
Q96D53,T515S,0.1268,benign,ADCK4,515.0
Q96D53,T515V,0.0962,benign,ADCK4,515.0
Q96D53,T515W,0.5644,pathogenic,ADCK4,515.0
Q96D53,T515Y,0.2759,benign,ADCK4,515.0
Q96D53,Y516A,0.7553,pathogenic,ADCK4,516.0
Q96D53,Y516C,0.3107,benign,ADCK4,516.0
Q96D53,Y516D,0.8838,pathogenic,ADCK4,516.0
Q96D53,Y516E,0.9393,pathogenic,ADCK4,516.0
Q96D53,Y516F,0.2246,benign,ADCK4,516.0
Q96D53,Y516G,0.763,pathogenic,ADCK4,516.0
Q96D53,Y516H,0.5259,ambiguous,ADCK4,516.0
Q96D53,Y516I,0.815,pathogenic,ADCK4,516.0
Q96D53,Y516K,0.9291,pathogenic,ADCK4,516.0
Q96D53,Y516L,0.7239,pathogenic,ADCK4,516.0
Q96D53,Y516M,0.8958,pathogenic,ADCK4,516.0
Q96D53,Y516N,0.7638,pathogenic,ADCK4,516.0
Q96D53,Y516P,0.9653,pathogenic,ADCK4,516.0
Q96D53,Y516Q,0.8629,pathogenic,ADCK4,516.0
Q96D53,Y516R,0.7307,pathogenic,ADCK4,516.0
Q96D53,Y516S,0.5583,ambiguous,ADCK4,516.0
Q96D53,Y516T,0.8292,pathogenic,ADCK4,516.0
Q96D53,Y516V,0.6562,pathogenic,ADCK4,516.0
Q96D53,Y516W,0.2709,benign,ADCK4,516.0
Q96D53,H517A,0.1024,benign,ADCK4,517.0
Q96D53,H517C,0.0997,benign,ADCK4,517.0
Q96D53,H517D,0.0894,benign,ADCK4,517.0
Q96D53,H517E,0.1182,benign,ADCK4,517.0
Q96D53,H517F,0.2511,benign,ADCK4,517.0
Q96D53,H517G,0.1088,benign,ADCK4,517.0
Q96D53,H517I,0.2341,benign,ADCK4,517.0
Q96D53,H517K,0.1409,benign,ADCK4,517.0
Q96D53,H517L,0.0843,benign,ADCK4,517.0
Q96D53,H517M,0.3285,benign,ADCK4,517.0
Q96D53,H517N,0.0877,benign,ADCK4,517.0
Q96D53,H517P,0.2223,benign,ADCK4,517.0
Q96D53,H517Q,0.082,benign,ADCK4,517.0
Q96D53,H517R,0.0566,benign,ADCK4,517.0
Q96D53,H517S,0.1013,benign,ADCK4,517.0
Q96D53,H517T,0.1302,benign,ADCK4,517.0
Q96D53,H517V,0.16,benign,ADCK4,517.0
Q96D53,H517W,0.2038,benign,ADCK4,517.0
Q96D53,H517Y,0.0974,benign,ADCK4,517.0
Q96D53,R518A,0.1553,benign,ADCK4,518.0
Q96D53,R518C,0.0982,benign,ADCK4,518.0
Q96D53,R518D,0.2289,benign,ADCK4,518.0
Q96D53,R518E,0.2088,benign,ADCK4,518.0
Q96D53,R518F,0.3286,benign,ADCK4,518.0
Q96D53,R518G,0.0884,benign,ADCK4,518.0
Q96D53,R518H,0.0702,benign,ADCK4,518.0
Q96D53,R518I,0.2459,benign,ADCK4,518.0
Q96D53,R518K,0.1487,benign,ADCK4,518.0
Q96D53,R518L,0.1296,benign,ADCK4,518.0
Q96D53,R518M,0.3096,benign,ADCK4,518.0
Q96D53,R518N,0.2136,benign,ADCK4,518.0
Q96D53,R518P,0.5371,ambiguous,ADCK4,518.0
Q96D53,R518Q,0.086,benign,ADCK4,518.0
Q96D53,R518S,0.1542,benign,ADCK4,518.0
Q96D53,R518T,0.1447,benign,ADCK4,518.0
Q96D53,R518V,0.255,benign,ADCK4,518.0
Q96D53,R518W,0.1398,benign,ADCK4,518.0
Q96D53,R518Y,0.2095,benign,ADCK4,518.0
Q96D53,Y519A,0.9131,pathogenic,ADCK4,519.0
Q96D53,Y519C,0.6478,pathogenic,ADCK4,519.0
Q96D53,Y519D,0.8893,pathogenic,ADCK4,519.0
Q96D53,Y519E,0.9621,pathogenic,ADCK4,519.0
Q96D53,Y519F,0.3036,benign,ADCK4,519.0
Q96D53,Y519G,0.8231,pathogenic,ADCK4,519.0
Q96D53,Y519H,0.6628,pathogenic,ADCK4,519.0
Q96D53,Y519I,0.9028,pathogenic,ADCK4,519.0
Q96D53,Y519K,0.9434,pathogenic,ADCK4,519.0
Q96D53,Y519L,0.8258,pathogenic,ADCK4,519.0
Q96D53,Y519M,0.9603,pathogenic,ADCK4,519.0
Q96D53,Y519N,0.7925,pathogenic,ADCK4,519.0
Q96D53,Y519P,0.9448,pathogenic,ADCK4,519.0
Q96D53,Y519Q,0.9301,pathogenic,ADCK4,519.0
Q96D53,Y519R,0.8248,pathogenic,ADCK4,519.0
Q96D53,Y519S,0.7949,pathogenic,ADCK4,519.0
Q96D53,Y519T,0.9316,pathogenic,ADCK4,519.0
Q96D53,Y519V,0.841,pathogenic,ADCK4,519.0
Q96D53,Y519W,0.6211,pathogenic,ADCK4,519.0
Q96D53,W520A,0.2818,benign,ADCK4,520.0
Q96D53,W520C,0.4789,ambiguous,ADCK4,520.0
Q96D53,W520D,0.5715,pathogenic,ADCK4,520.0
Q96D53,W520E,0.4247,ambiguous,ADCK4,520.0
Q96D53,W520F,0.2626,benign,ADCK4,520.0
Q96D53,W520G,0.1784,benign,ADCK4,520.0
Q96D53,W520H,0.3492,ambiguous,ADCK4,520.0
Q96D53,W520I,0.4687,ambiguous,ADCK4,520.0
Q96D53,W520K,0.3677,ambiguous,ADCK4,520.0
Q96D53,W520L,0.2745,benign,ADCK4,520.0
Q96D53,W520M,0.5157,ambiguous,ADCK4,520.0
Q96D53,W520N,0.5962,pathogenic,ADCK4,520.0
Q96D53,W520P,0.7622,pathogenic,ADCK4,520.0
Q96D53,W520Q,0.3379,benign,ADCK4,520.0
Q96D53,W520R,0.2376,benign,ADCK4,520.0
Q96D53,W520S,0.2656,benign,ADCK4,520.0
Q96D53,W520T,0.3105,benign,ADCK4,520.0
Q96D53,W520V,0.3287,benign,ADCK4,520.0
Q96D53,W520Y,0.3835,ambiguous,ADCK4,520.0
Q96D53,A521C,0.3013,benign,ADCK4,521.0
Q96D53,A521D,0.1113,benign,ADCK4,521.0
Q96D53,A521E,0.106,benign,ADCK4,521.0
Q96D53,A521F,0.2034,benign,ADCK4,521.0
Q96D53,A521G,0.0848,benign,ADCK4,521.0
Q96D53,A521H,0.1884,benign,ADCK4,521.0
Q96D53,A521I,0.176,benign,ADCK4,521.0
Q96D53,A521K,0.1637,benign,ADCK4,521.0
Q96D53,A521L,0.1201,benign,ADCK4,521.0
Q96D53,A521M,0.1711,benign,ADCK4,521.0
Q96D53,A521N,0.1357,benign,ADCK4,521.0
Q96D53,A521P,0.2118,benign,ADCK4,521.0
Q96D53,A521Q,0.1327,benign,ADCK4,521.0
Q96D53,A521R,0.1286,benign,ADCK4,521.0
Q96D53,A521S,0.0808,benign,ADCK4,521.0
Q96D53,A521T,0.0818,benign,ADCK4,521.0
Q96D53,A521V,0.0954,benign,ADCK4,521.0
Q96D53,A521W,0.3621,ambiguous,ADCK4,521.0
Q96D53,A521Y,0.2238,benign,ADCK4,521.0
Q96D53,S522A,0.0677,benign,ADCK4,522.0
Q96D53,S522C,0.0759,benign,ADCK4,522.0
Q96D53,S522D,0.1341,benign,ADCK4,522.0
Q96D53,S522E,0.1701,benign,ADCK4,522.0
Q96D53,S522F,0.1379,benign,ADCK4,522.0
Q96D53,S522G,0.0559,benign,ADCK4,522.0
Q96D53,S522H,0.1174,benign,ADCK4,522.0
Q96D53,S522I,0.1204,benign,ADCK4,522.0
Q96D53,S522K,0.1867,benign,ADCK4,522.0
Q96D53,S522L,0.1002,benign,ADCK4,522.0
Q96D53,S522M,0.1943,benign,ADCK4,522.0
Q96D53,S522N,0.0903,benign,ADCK4,522.0
Q96D53,S522P,0.0856,benign,ADCK4,522.0
Q96D53,S522Q,0.1514,benign,ADCK4,522.0
Q96D53,S522R,0.1163,benign,ADCK4,522.0
Q96D53,S522T,0.0829,benign,ADCK4,522.0
Q96D53,S522V,0.1237,benign,ADCK4,522.0
Q96D53,S522W,0.1271,benign,ADCK4,522.0
Q96D53,S522Y,0.1129,benign,ADCK4,522.0
Q96D53,R523A,0.218,benign,ADCK4,523.0
Q96D53,R523C,0.1295,benign,ADCK4,523.0
Q96D53,R523D,0.3507,ambiguous,ADCK4,523.0
Q96D53,R523E,0.2185,benign,ADCK4,523.0
Q96D53,R523F,0.4054,ambiguous,ADCK4,523.0
Q96D53,R523G,0.1059,benign,ADCK4,523.0
Q96D53,R523H,0.0991,benign,ADCK4,523.0
Q96D53,R523I,0.2591,benign,ADCK4,523.0
Q96D53,R523K,0.1331,benign,ADCK4,523.0
Q96D53,R523L,0.1506,benign,ADCK4,523.0
Q96D53,R523M,0.3265,benign,ADCK4,523.0
Q96D53,R523N,0.3771,ambiguous,ADCK4,523.0
Q96D53,R523P,0.1792,benign,ADCK4,523.0
Q96D53,R523Q,0.0941,benign,ADCK4,523.0
Q96D53,R523S,0.2516,benign,ADCK4,523.0
Q96D53,R523T,0.1949,benign,ADCK4,523.0
Q96D53,R523V,0.2833,benign,ADCK4,523.0
Q96D53,R523W,0.1363,benign,ADCK4,523.0
Q96D53,R523Y,0.2779,benign,ADCK4,523.0
Q96D53,Q524A,0.114,benign,ADCK4,524.0
Q96D53,Q524C,0.2816,benign,ADCK4,524.0
Q96D53,Q524D,0.1733,benign,ADCK4,524.0
Q96D53,Q524E,0.0836,benign,ADCK4,524.0
Q96D53,Q524F,0.3438,ambiguous,ADCK4,524.0
Q96D53,Q524G,0.1067,benign,ADCK4,524.0
Q96D53,Q524H,0.113,benign,ADCK4,524.0
Q96D53,Q524I,0.2172,benign,ADCK4,524.0
Q96D53,Q524K,0.0834,benign,ADCK4,524.0
Q96D53,Q524L,0.0953,benign,ADCK4,524.0
Q96D53,Q524M,0.2683,benign,ADCK4,524.0
Q96D53,Q524N,0.1688,benign,ADCK4,524.0
Q96D53,Q524P,0.0762,benign,ADCK4,524.0
Q96D53,Q524R,0.0684,benign,ADCK4,524.0
Q96D53,Q524S,0.1153,benign,ADCK4,524.0
Q96D53,Q524T,0.1223,benign,ADCK4,524.0
Q96D53,Q524V,0.1504,benign,ADCK4,524.0
Q96D53,Q524W,0.2056,benign,ADCK4,524.0
Q96D53,Q524Y,0.2082,benign,ADCK4,524.0
Q96D53,P525A,0.0516,benign,ADCK4,525.0
Q96D53,P525C,0.1792,benign,ADCK4,525.0
Q96D53,P525D,0.1316,benign,ADCK4,525.0
Q96D53,P525E,0.1016,benign,ADCK4,525.0
Q96D53,P525F,0.2227,benign,ADCK4,525.0
Q96D53,P525G,0.0995,benign,ADCK4,525.0
Q96D53,P525H,0.0814,benign,ADCK4,525.0
Q96D53,P525I,0.1501,benign,ADCK4,525.0
Q96D53,P525K,0.1009,benign,ADCK4,525.0
Q96D53,P525L,0.0863,benign,ADCK4,525.0
Q96D53,P525M,0.1639,benign,ADCK4,525.0
Q96D53,P525N,0.1339,benign,ADCK4,525.0
Q96D53,P525Q,0.071,benign,ADCK4,525.0
Q96D53,P525R,0.0646,benign,ADCK4,525.0
Q96D53,P525S,0.0732,benign,ADCK4,525.0
Q96D53,P525T,0.059,benign,ADCK4,525.0
Q96D53,P525V,0.1031,benign,ADCK4,525.0
Q96D53,P525W,0.2049,benign,ADCK4,525.0
Q96D53,P525Y,0.183,benign,ADCK4,525.0
Q96D53,D526A,0.0534,benign,ADCK4,526.0
Q96D53,D526C,0.1559,benign,ADCK4,526.0
Q96D53,D526E,0.0816,benign,ADCK4,526.0
Q96D53,D526F,0.1941,benign,ADCK4,526.0
Q96D53,D526G,0.053,benign,ADCK4,526.0
Q96D53,D526H,0.0747,benign,ADCK4,526.0
Q96D53,D526I,0.133,benign,ADCK4,526.0
Q96D53,D526K,0.1023,benign,ADCK4,526.0
Q96D53,D526L,0.1037,benign,ADCK4,526.0
Q96D53,D526M,0.2411,benign,ADCK4,526.0
Q96D53,D526N,0.0753,benign,ADCK4,526.0
Q96D53,D526P,0.105,benign,ADCK4,526.0
Q96D53,D526Q,0.0886,benign,ADCK4,526.0
Q96D53,D526R,0.0789,benign,ADCK4,526.0
Q96D53,D526S,0.0633,benign,ADCK4,526.0
Q96D53,D526T,0.0849,benign,ADCK4,526.0
Q96D53,D526V,0.0799,benign,ADCK4,526.0
Q96D53,D526W,0.3266,benign,ADCK4,526.0
Q96D53,D526Y,0.0864,benign,ADCK4,526.0
Q96D53,A527C,0.1994,benign,ADCK4,527.0
Q96D53,A527D,0.0916,benign,ADCK4,527.0
Q96D53,A527E,0.096,benign,ADCK4,527.0
Q96D53,A527F,0.1357,benign,ADCK4,527.0
Q96D53,A527G,0.0788,benign,ADCK4,527.0
Q96D53,A527H,0.1337,benign,ADCK4,527.0
Q96D53,A527I,0.1219,benign,ADCK4,527.0
Q96D53,A527K,0.1291,benign,ADCK4,527.0
Q96D53,A527L,0.0922,benign,ADCK4,527.0
Q96D53,A527M,0.1293,benign,ADCK4,527.0
Q96D53,A527N,0.1272,benign,ADCK4,527.0
Q96D53,A527P,0.0782,benign,ADCK4,527.0
Q96D53,A527Q,0.1154,benign,ADCK4,527.0
Q96D53,A527R,0.0988,benign,ADCK4,527.0
Q96D53,A527S,0.0799,benign,ADCK4,527.0
Q96D53,A527T,0.0688,benign,ADCK4,527.0
Q96D53,A527V,0.0799,benign,ADCK4,527.0
Q96D53,A527W,0.2162,benign,ADCK4,527.0
Q96D53,A527Y,0.1669,benign,ADCK4,527.0
Q96D53,A528C,0.2301,benign,ADCK4,528.0
Q96D53,A528D,0.0894,benign,ADCK4,528.0
Q96D53,A528E,0.0971,benign,ADCK4,528.0
Q96D53,A528F,0.1472,benign,ADCK4,528.0
Q96D53,A528G,0.077,benign,ADCK4,528.0
Q96D53,A528H,0.1641,benign,ADCK4,528.0
Q96D53,A528I,0.1316,benign,ADCK4,528.0
Q96D53,A528K,0.1408,benign,ADCK4,528.0
Q96D53,A528L,0.098,benign,ADCK4,528.0
Q96D53,A528M,0.1424,benign,ADCK4,528.0
Q96D53,A528N,0.1254,benign,ADCK4,528.0
Q96D53,A528P,0.0776,benign,ADCK4,528.0
Q96D53,A528Q,0.1265,benign,ADCK4,528.0
Q96D53,A528R,0.1155,benign,ADCK4,528.0
Q96D53,A528S,0.079,benign,ADCK4,528.0
Q96D53,A528T,0.0712,benign,ADCK4,528.0
Q96D53,A528V,0.0837,benign,ADCK4,528.0
Q96D53,A528W,0.2469,benign,ADCK4,528.0
Q96D53,A528Y,0.1852,benign,ADCK4,528.0
Q96D53,T529A,0.053,benign,ADCK4,529.0
Q96D53,T529C,0.1967,benign,ADCK4,529.0
Q96D53,T529D,0.1181,benign,ADCK4,529.0
Q96D53,T529E,0.1064,benign,ADCK4,529.0
Q96D53,T529F,0.1191,benign,ADCK4,529.0
Q96D53,T529G,0.0911,benign,ADCK4,529.0
Q96D53,T529H,0.1024,benign,ADCK4,529.0
Q96D53,T529I,0.0942,benign,ADCK4,529.0
Q96D53,T529K,0.0897,benign,ADCK4,529.0
Q96D53,T529L,0.0762,benign,ADCK4,529.0
Q96D53,T529M,0.0865,benign,ADCK4,529.0
Q96D53,T529N,0.0936,benign,ADCK4,529.0
Q96D53,T529P,0.0555,benign,ADCK4,529.0
Q96D53,T529Q,0.0967,benign,ADCK4,529.0
Q96D53,T529R,0.0679,benign,ADCK4,529.0
Q96D53,T529S,0.0772,benign,ADCK4,529.0
Q96D53,T529V,0.0808,benign,ADCK4,529.0
Q96D53,T529W,0.2002,benign,ADCK4,529.0
Q96D53,T529Y,0.1361,benign,ADCK4,529.0
Q96D53,A530C,0.201,benign,ADCK4,530.0
Q96D53,A530D,0.0915,benign,ADCK4,530.0
Q96D53,A530E,0.0949,benign,ADCK4,530.0
Q96D53,A530F,0.1472,benign,ADCK4,530.0
Q96D53,A530G,0.0739,benign,ADCK4,530.0
Q96D53,A530H,0.1478,benign,ADCK4,530.0
Q96D53,A530I,0.1296,benign,ADCK4,530.0
Q96D53,A530K,0.1346,benign,ADCK4,530.0
Q96D53,A530L,0.0955,benign,ADCK4,530.0
Q96D53,A530M,0.1385,benign,ADCK4,530.0
Q96D53,A530N,0.1297,benign,ADCK4,530.0
Q96D53,A530P,0.0721,benign,ADCK4,530.0
Q96D53,A530Q,0.1185,benign,ADCK4,530.0
Q96D53,A530R,0.1022,benign,ADCK4,530.0
Q96D53,A530S,0.0761,benign,ADCK4,530.0
Q96D53,A530T,0.0696,benign,ADCK4,530.0
Q96D53,A530V,0.0818,benign,ADCK4,530.0
Q96D53,A530W,0.2136,benign,ADCK4,530.0
Q96D53,A530Y,0.1729,benign,ADCK4,530.0
Q96D53,G531A,0.0678,benign,ADCK4,531.0
Q96D53,G531C,0.0913,benign,ADCK4,531.0
Q96D53,G531D,0.0695,benign,ADCK4,531.0
Q96D53,G531E,0.0814,benign,ADCK4,531.0
Q96D53,G531F,0.1795,benign,ADCK4,531.0
Q96D53,G531H,0.1158,benign,ADCK4,531.0
Q96D53,G531I,0.1137,benign,ADCK4,531.0
Q96D53,G531K,0.1258,benign,ADCK4,531.0
Q96D53,G531L,0.132,benign,ADCK4,531.0
Q96D53,G531M,0.2006,benign,ADCK4,531.0
Q96D53,G531N,0.1204,benign,ADCK4,531.0
Q96D53,G531P,0.1487,benign,ADCK4,531.0
Q96D53,G531Q,0.1103,benign,ADCK4,531.0
Q96D53,G531R,0.0906,benign,ADCK4,531.0
Q96D53,G531S,0.0777,benign,ADCK4,531.0
Q96D53,G531T,0.0821,benign,ADCK4,531.0
Q96D53,G531V,0.0813,benign,ADCK4,531.0
Q96D53,G531W,0.1168,benign,ADCK4,531.0
Q96D53,G531Y,0.1275,benign,ADCK4,531.0
Q96D53,S532A,0.0625,benign,ADCK4,532.0
Q96D53,S532C,0.0614,benign,ADCK4,532.0
Q96D53,S532D,0.1056,benign,ADCK4,532.0
Q96D53,S532E,0.129,benign,ADCK4,532.0
Q96D53,S532F,0.081,benign,ADCK4,532.0
Q96D53,S532G,0.0655,benign,ADCK4,532.0
Q96D53,S532H,0.0976,benign,ADCK4,532.0
Q96D53,S532I,0.0789,benign,ADCK4,532.0
Q96D53,S532K,0.1609,benign,ADCK4,532.0
Q96D53,S532L,0.078,benign,ADCK4,532.0
Q96D53,S532M,0.1445,benign,ADCK4,532.0
Q96D53,S532N,0.0832,benign,ADCK4,532.0
Q96D53,S532P,0.0634,benign,ADCK4,532.0
Q96D53,S532Q,0.1408,benign,ADCK4,532.0
Q96D53,S532R,0.1112,benign,ADCK4,532.0
Q96D53,S532T,0.0696,benign,ADCK4,532.0
Q96D53,S532V,0.0866,benign,ADCK4,532.0
Q96D53,S532W,0.0953,benign,ADCK4,532.0
Q96D53,S532Y,0.0702,benign,ADCK4,532.0
Q96D53,L533A,0.0657,benign,ADCK4,533.0
Q96D53,L533C,0.1266,benign,ADCK4,533.0
Q96D53,L533D,0.1348,benign,ADCK4,533.0
Q96D53,L533E,0.0938,benign,ADCK4,533.0
Q96D53,L533F,0.0602,benign,ADCK4,533.0
Q96D53,L533G,0.1084,benign,ADCK4,533.0
Q96D53,L533H,0.0686,benign,ADCK4,533.0
Q96D53,L533I,0.0737,benign,ADCK4,533.0
Q96D53,L533K,0.0902,benign,ADCK4,533.0
Q96D53,L533M,0.0983,benign,ADCK4,533.0
Q96D53,L533N,0.1125,benign,ADCK4,533.0
Q96D53,L533P,0.0589,benign,ADCK4,533.0
Q96D53,L533Q,0.0598,benign,ADCK4,533.0
Q96D53,L533R,0.0555,benign,ADCK4,533.0
Q96D53,L533S,0.0635,benign,ADCK4,533.0
Q96D53,L533T,0.0746,benign,ADCK4,533.0
Q96D53,L533V,0.0637,benign,ADCK4,533.0
Q96D53,L533W,0.0671,benign,ADCK4,533.0
Q96D53,L533Y,0.1121,benign,ADCK4,533.0
Q96D53,P534A,0.0561,benign,ADCK4,534.0
Q96D53,P534C,0.1568,benign,ADCK4,534.0
Q96D53,P534D,0.1323,benign,ADCK4,534.0
Q96D53,P534E,0.1072,benign,ADCK4,534.0
Q96D53,P534F,0.1576,benign,ADCK4,534.0
Q96D53,P534G,0.1072,benign,ADCK4,534.0
Q96D53,P534H,0.0781,benign,ADCK4,534.0
Q96D53,P534I,0.1295,benign,ADCK4,534.0
Q96D53,P534K,0.113,benign,ADCK4,534.0
Q96D53,P534L,0.0751,benign,ADCK4,534.0
Q96D53,P534M,0.1664,benign,ADCK4,534.0
Q96D53,P534N,0.1423,benign,ADCK4,534.0
Q96D53,P534Q,0.0725,benign,ADCK4,534.0
Q96D53,P534R,0.0685,benign,ADCK4,534.0
Q96D53,P534S,0.072,benign,ADCK4,534.0
Q96D53,P534T,0.0706,benign,ADCK4,534.0
Q96D53,P534V,0.0969,benign,ADCK4,534.0
Q96D53,P534W,0.1651,benign,ADCK4,534.0
Q96D53,P534Y,0.1468,benign,ADCK4,534.0
Q96D53,T535A,0.0528,benign,ADCK4,535.0
Q96D53,T535C,0.1737,benign,ADCK4,535.0
Q96D53,T535D,0.1202,benign,ADCK4,535.0
Q96D53,T535E,0.0896,benign,ADCK4,535.0
Q96D53,T535F,0.1208,benign,ADCK4,535.0
Q96D53,T535G,0.0863,benign,ADCK4,535.0
Q96D53,T535H,0.1034,benign,ADCK4,535.0
Q96D53,T535I,0.0943,benign,ADCK4,535.0
Q96D53,T535K,0.0801,benign,ADCK4,535.0
Q96D53,T535L,0.0717,benign,ADCK4,535.0
Q96D53,T535M,0.0891,benign,ADCK4,535.0
Q96D53,T535N,0.0925,benign,ADCK4,535.0
Q96D53,T535P,0.0539,benign,ADCK4,535.0
Q96D53,T535Q,0.0824,benign,ADCK4,535.0
Q96D53,T535R,0.059,benign,ADCK4,535.0
Q96D53,T535S,0.0727,benign,ADCK4,535.0
Q96D53,T535V,0.0812,benign,ADCK4,535.0
Q96D53,T535W,0.172,benign,ADCK4,535.0
Q96D53,T535Y,0.1267,benign,ADCK4,535.0
Q96D53,K536A,0.0751,benign,ADCK4,536.0
Q96D53,K536C,0.2234,benign,ADCK4,536.0
Q96D53,K536D,0.1265,benign,ADCK4,536.0
Q96D53,K536E,0.0698,benign,ADCK4,536.0
Q96D53,K536F,0.3036,benign,ADCK4,536.0
Q96D53,K536G,0.0873,benign,ADCK4,536.0
Q96D53,K536H,0.126,benign,ADCK4,536.0
Q96D53,K536I,0.151,benign,ADCK4,536.0
Q96D53,K536L,0.1294,benign,ADCK4,536.0
Q96D53,K536M,0.1248,benign,ADCK4,536.0
Q96D53,K536N,0.1341,benign,ADCK4,536.0
Q96D53,K536P,0.1069,benign,ADCK4,536.0
Q96D53,K536Q,0.0754,benign,ADCK4,536.0
Q96D53,K536R,0.0581,benign,ADCK4,536.0
Q96D53,K536S,0.1045,benign,ADCK4,536.0
Q96D53,K536T,0.0697,benign,ADCK4,536.0
Q96D53,K536V,0.121,benign,ADCK4,536.0
Q96D53,K536W,0.25,benign,ADCK4,536.0
Q96D53,K536Y,0.2326,benign,ADCK4,536.0
Q96D53,G537A,0.0689,benign,ADCK4,537.0
Q96D53,G537C,0.109,benign,ADCK4,537.0
Q96D53,G537D,0.07,benign,ADCK4,537.0
Q96D53,G537E,0.0692,benign,ADCK4,537.0
Q96D53,G537F,0.2108,benign,ADCK4,537.0
Q96D53,G537H,0.1251,benign,ADCK4,537.0
Q96D53,G537I,0.1247,benign,ADCK4,537.0
Q96D53,G537K,0.1117,benign,ADCK4,537.0
Q96D53,G537L,0.137,benign,ADCK4,537.0
Q96D53,G537M,0.1813,benign,ADCK4,537.0
Q96D53,G537N,0.117,benign,ADCK4,537.0
Q96D53,G537P,0.1478,benign,ADCK4,537.0
Q96D53,G537Q,0.1067,benign,ADCK4,537.0
Q96D53,G537R,0.0882,benign,ADCK4,537.0
Q96D53,G537S,0.0814,benign,ADCK4,537.0
Q96D53,G537T,0.079,benign,ADCK4,537.0
Q96D53,G537V,0.0843,benign,ADCK4,537.0
Q96D53,G537W,0.1153,benign,ADCK4,537.0
Q96D53,G537Y,0.1401,benign,ADCK4,537.0
Q96D53,D538A,0.0675,benign,ADCK4,538.0
Q96D53,D538C,0.1429,benign,ADCK4,538.0
Q96D53,D538E,0.0933,benign,ADCK4,538.0
Q96D53,D538F,0.148,benign,ADCK4,538.0
Q96D53,D538G,0.065,benign,ADCK4,538.0
Q96D53,D538H,0.0811,benign,ADCK4,538.0
Q96D53,D538I,0.1063,benign,ADCK4,538.0
Q96D53,D538K,0.1131,benign,ADCK4,538.0
Q96D53,D538L,0.1085,benign,ADCK4,538.0
Q96D53,D538M,0.227,benign,ADCK4,538.0
Q96D53,D538N,0.0758,benign,ADCK4,538.0
Q96D53,D538P,0.1354,benign,ADCK4,538.0
Q96D53,D538Q,0.1041,benign,ADCK4,538.0
Q96D53,D538R,0.0888,benign,ADCK4,538.0
Q96D53,D538S,0.0714,benign,ADCK4,538.0
Q96D53,D538T,0.0936,benign,ADCK4,538.0
Q96D53,D538V,0.0799,benign,ADCK4,538.0
Q96D53,D538W,0.2878,benign,ADCK4,538.0
Q96D53,D538Y,0.0704,benign,ADCK4,538.0
Q96D53,S539A,0.061,benign,ADCK4,539.0
Q96D53,S539C,0.0664,benign,ADCK4,539.0
Q96D53,S539D,0.0972,benign,ADCK4,539.0
Q96D53,S539E,0.1189,benign,ADCK4,539.0
Q96D53,S539F,0.0879,benign,ADCK4,539.0
Q96D53,S539G,0.0654,benign,ADCK4,539.0
Q96D53,S539H,0.0883,benign,ADCK4,539.0
Q96D53,S539I,0.0811,benign,ADCK4,539.0
Q96D53,S539K,0.1418,benign,ADCK4,539.0
Q96D53,S539L,0.076,benign,ADCK4,539.0
Q96D53,S539M,0.1492,benign,ADCK4,539.0
Q96D53,S539N,0.0865,benign,ADCK4,539.0
Q96D53,S539P,0.0669,benign,ADCK4,539.0
Q96D53,S539Q,0.1247,benign,ADCK4,539.0
Q96D53,S539R,0.0916,benign,ADCK4,539.0
Q96D53,S539T,0.068,benign,ADCK4,539.0
Q96D53,S539V,0.0869,benign,ADCK4,539.0
Q96D53,S539W,0.0921,benign,ADCK4,539.0
Q96D53,S539Y,0.0817,benign,ADCK4,539.0
Q96D53,W540A,0.0518,benign,ADCK4,540.0
Q96D53,W540C,0.127,benign,ADCK4,540.0
Q96D53,W540D,0.098,benign,ADCK4,540.0
Q96D53,W540E,0.0943,benign,ADCK4,540.0
Q96D53,W540F,0.0888,benign,ADCK4,540.0
Q96D53,W540G,0.0498,benign,ADCK4,540.0
Q96D53,W540H,0.1127,benign,ADCK4,540.0
Q96D53,W540I,0.1025,benign,ADCK4,540.0
Q96D53,W540K,0.1078,benign,ADCK4,540.0
Q96D53,W540L,0.0752,benign,ADCK4,540.0
Q96D53,W540M,0.1529,benign,ADCK4,540.0
Q96D53,W540N,0.1308,benign,ADCK4,540.0
Q96D53,W540P,0.0989,benign,ADCK4,540.0
Q96D53,W540Q,0.1071,benign,ADCK4,540.0
Q96D53,W540R,0.0833,benign,ADCK4,540.0
Q96D53,W540S,0.0572,benign,ADCK4,540.0
Q96D53,W540T,0.0601,benign,ADCK4,540.0
Q96D53,W540V,0.0733,benign,ADCK4,540.0
Q96D53,W540Y,0.1487,benign,ADCK4,540.0
Q96D53,V541A,0.0564,benign,ADCK4,541.0
Q96D53,V541C,0.244,benign,ADCK4,541.0
Q96D53,V541D,0.0681,benign,ADCK4,541.0
Q96D53,V541E,0.0671,benign,ADCK4,541.0
Q96D53,V541F,0.0804,benign,ADCK4,541.0
Q96D53,V541G,0.0541,benign,ADCK4,541.0
Q96D53,V541H,0.1272,benign,ADCK4,541.0
Q96D53,V541I,0.0833,benign,ADCK4,541.0
Q96D53,V541K,0.0779,benign,ADCK4,541.0
Q96D53,V541L,0.081,benign,ADCK4,541.0
Q96D53,V541M,0.1017,benign,ADCK4,541.0
Q96D53,V541N,0.0854,benign,ADCK4,541.0
Q96D53,V541P,0.0814,benign,ADCK4,541.0
Q96D53,V541Q,0.0806,benign,ADCK4,541.0
Q96D53,V541R,0.059,benign,ADCK4,541.0
Q96D53,V541S,0.0684,benign,ADCK4,541.0
Q96D53,V541T,0.0788,benign,ADCK4,541.0
Q96D53,V541W,0.2062,benign,ADCK4,541.0
Q96D53,V541Y,0.1706,benign,ADCK4,541.0
Q96D53,D542A,0.0695,benign,ADCK4,542.0
Q96D53,D542C,0.1474,benign,ADCK4,542.0
Q96D53,D542E,0.1006,benign,ADCK4,542.0
Q96D53,D542F,0.1398,benign,ADCK4,542.0
Q96D53,D542G,0.0779,benign,ADCK4,542.0
Q96D53,D542H,0.0816,benign,ADCK4,542.0
Q96D53,D542I,0.1118,benign,ADCK4,542.0
Q96D53,D542K,0.1261,benign,ADCK4,542.0
Q96D53,D542L,0.0994,benign,ADCK4,542.0
Q96D53,D542M,0.2285,benign,ADCK4,542.0
Q96D53,D542N,0.0833,benign,ADCK4,542.0
Q96D53,D542P,0.1219,benign,ADCK4,542.0
Q96D53,D542Q,0.1075,benign,ADCK4,542.0
Q96D53,D542R,0.1016,benign,ADCK4,542.0
Q96D53,D542S,0.0723,benign,ADCK4,542.0
Q96D53,D542T,0.098,benign,ADCK4,542.0
Q96D53,D542V,0.085,benign,ADCK4,542.0
Q96D53,D542W,0.2954,benign,ADCK4,542.0
Q96D53,D542Y,0.0742,benign,ADCK4,542.0
Q96D53,P543A,0.0528,benign,ADCK4,543.0
Q96D53,P543C,0.125,benign,ADCK4,543.0
Q96D53,P543D,0.1012,benign,ADCK4,543.0
Q96D53,P543E,0.0968,benign,ADCK4,543.0
Q96D53,P543F,0.1355,benign,ADCK4,543.0
Q96D53,P543G,0.0933,benign,ADCK4,543.0
Q96D53,P543H,0.0682,benign,ADCK4,543.0
Q96D53,P543I,0.1073,benign,ADCK4,543.0
Q96D53,P543K,0.0939,benign,ADCK4,543.0
Q96D53,P543L,0.0781,benign,ADCK4,543.0
Q96D53,P543M,0.1573,benign,ADCK4,543.0
Q96D53,P543N,0.12,benign,ADCK4,543.0
Q96D53,P543Q,0.0714,benign,ADCK4,543.0
Q96D53,P543R,0.0592,benign,ADCK4,543.0
Q96D53,P543S,0.063,benign,ADCK4,543.0
Q96D53,P543T,0.0585,benign,ADCK4,543.0
Q96D53,P543V,0.0876,benign,ADCK4,543.0
Q96D53,P543W,0.1574,benign,ADCK4,543.0
Q96D53,P543Y,0.1254,benign,ADCK4,543.0
Q96D53,S544A,0.0625,benign,ADCK4,544.0
Q96D53,S544C,0.0682,benign,ADCK4,544.0
Q96D53,S544D,0.1032,benign,ADCK4,544.0
Q96D53,S544E,0.1081,benign,ADCK4,544.0
Q96D53,S544F,0.1032,benign,ADCK4,544.0
Q96D53,S544G,0.0694,benign,ADCK4,544.0
Q96D53,S544H,0.1041,benign,ADCK4,544.0
Q96D53,S544I,0.0961,benign,ADCK4,544.0
Q96D53,S544K,0.137,benign,ADCK4,544.0
Q96D53,S544L,0.0793,benign,ADCK4,544.0
Q96D53,S544M,0.1516,benign,ADCK4,544.0
Q96D53,S544N,0.0932,benign,ADCK4,544.0
Q96D53,S544P,0.0643,benign,ADCK4,544.0
Q96D53,S544Q,0.1205,benign,ADCK4,544.0
Q96D53,S544R,0.1047,benign,ADCK4,544.0
Q96D53,S544T,0.0733,benign,ADCK4,544.0
Q96D53,S544V,0.0907,benign,ADCK4,544.0
Q96D53,S544W,0.111,benign,ADCK4,544.0
Q96D53,S544Y,0.0943,benign,ADCK4,544.0
