uniprot,protein_variant,am_pathogenicity,am_class,gene,resnum
Q9UKJ0,M1A,0.3406,ambiguous,CEP164,1.0
Q9UKJ0,M1C,0.4411,ambiguous,CEP164,1.0
Q9UKJ0,M1D,0.7909,pathogenic,CEP164,1.0
Q9UKJ0,M1E,0.547,ambiguous,CEP164,1.0
Q9UKJ0,M1F,0.2033,benign,CEP164,1.0
Q9UKJ0,M1G,0.4717,ambiguous,CEP164,1.0
Q9UKJ0,M1H,0.5504,ambiguous,CEP164,1.0
Q9UKJ0,M1I,0.4974,ambiguous,CEP164,1.0
Q9UKJ0,M1K,0.3882,ambiguous,CEP164,1.0
Q9UKJ0,M1L,0.2191,benign,CEP164,1.0
Q9UKJ0,M1N,0.5909,pathogenic,CEP164,1.0
Q9UKJ0,M1P,0.5368,ambiguous,CEP164,1.0
Q9UKJ0,M1Q,0.2738,benign,CEP164,1.0
Q9UKJ0,M1R,0.2621,benign,CEP164,1.0
Q9UKJ0,M1S,0.351,ambiguous,CEP164,1.0
Q9UKJ0,M1T,0.2931,benign,CEP164,1.0
Q9UKJ0,M1V,0.1286,benign,CEP164,1.0
Q9UKJ0,M1W,0.3775,ambiguous,CEP164,1.0
Q9UKJ0,M1Y,0.5592,ambiguous,CEP164,1.0
Q9UKJ0,G2A,0.1438,benign,CEP164,2.0
Q9UKJ0,G2C,0.3055,benign,CEP164,2.0
Q9UKJ0,G2D,0.2354,benign,CEP164,2.0
Q9UKJ0,G2E,0.2065,benign,CEP164,2.0
Q9UKJ0,G2F,0.4193,ambiguous,CEP164,2.0
Q9UKJ0,G2H,0.4833,ambiguous,CEP164,2.0
Q9UKJ0,G2I,0.2906,benign,CEP164,2.0
Q9UKJ0,G2K,0.5012,ambiguous,CEP164,2.0
Q9UKJ0,G2L,0.3323,benign,CEP164,2.0
Q9UKJ0,G2M,0.5432,ambiguous,CEP164,2.0
Q9UKJ0,G2N,0.3876,ambiguous,CEP164,2.0
Q9UKJ0,G2P,0.3713,ambiguous,CEP164,2.0
Q9UKJ0,G2Q,0.3951,ambiguous,CEP164,2.0
Q9UKJ0,G2R,0.3665,ambiguous,CEP164,2.0
Q9UKJ0,G2S,0.1684,benign,CEP164,2.0
Q9UKJ0,G2T,0.214,benign,CEP164,2.0
Q9UKJ0,G2V,0.2134,benign,CEP164,2.0
Q9UKJ0,G2W,0.2991,benign,CEP164,2.0
Q9UKJ0,G2Y,0.4107,ambiguous,CEP164,2.0
Q9UKJ0,R3A,0.1562,benign,CEP164,3.0
Q9UKJ0,R3C,0.2163,benign,CEP164,3.0
Q9UKJ0,R3D,0.2913,benign,CEP164,3.0
Q9UKJ0,R3E,0.1573,benign,CEP164,3.0
Q9UKJ0,R3F,0.1923,benign,CEP164,3.0
Q9UKJ0,R3G,0.0992,benign,CEP164,3.0
Q9UKJ0,R3H,0.1439,benign,CEP164,3.0
Q9UKJ0,R3I,0.1233,benign,CEP164,3.0
Q9UKJ0,R3K,0.1347,benign,CEP164,3.0
Q9UKJ0,R3L,0.0905,benign,CEP164,3.0
Q9UKJ0,R3M,0.2346,benign,CEP164,3.0
Q9UKJ0,R3N,0.2829,benign,CEP164,3.0
Q9UKJ0,R3P,0.1282,benign,CEP164,3.0
Q9UKJ0,R3Q,0.0992,benign,CEP164,3.0
Q9UKJ0,R3S,0.1893,benign,CEP164,3.0
Q9UKJ0,R3T,0.1345,benign,CEP164,3.0
Q9UKJ0,R3V,0.1626,benign,CEP164,3.0
Q9UKJ0,R3W,0.1035,benign,CEP164,3.0
Q9UKJ0,R3Y,0.2142,benign,CEP164,3.0
Q9UKJ0,P4A,0.0618,benign,CEP164,4.0
Q9UKJ0,P4C,0.2542,benign,CEP164,4.0
Q9UKJ0,P4D,0.2341,benign,CEP164,4.0
Q9UKJ0,P4E,0.1827,benign,CEP164,4.0
Q9UKJ0,P4F,0.1828,benign,CEP164,4.0
Q9UKJ0,P4G,0.1419,benign,CEP164,4.0
Q9UKJ0,P4H,0.1157,benign,CEP164,4.0
Q9UKJ0,P4I,0.1477,benign,CEP164,4.0
Q9UKJ0,P4K,0.2316,benign,CEP164,4.0
Q9UKJ0,P4L,0.0805,benign,CEP164,4.0
Q9UKJ0,P4M,0.2423,benign,CEP164,4.0
Q9UKJ0,P4N,0.2034,benign,CEP164,4.0
Q9UKJ0,P4Q,0.118,benign,CEP164,4.0
Q9UKJ0,P4R,0.1151,benign,CEP164,4.0
Q9UKJ0,P4S,0.0852,benign,CEP164,4.0
Q9UKJ0,P4T,0.0719,benign,CEP164,4.0
Q9UKJ0,P4V,0.1209,benign,CEP164,4.0
Q9UKJ0,P4W,0.2418,benign,CEP164,4.0
Q9UKJ0,P4Y,0.1997,benign,CEP164,4.0
Q9UKJ0,L5A,0.1501,benign,CEP164,5.0
Q9UKJ0,L5C,0.3327,benign,CEP164,5.0
Q9UKJ0,L5D,0.435,ambiguous,CEP164,5.0
Q9UKJ0,L5E,0.2823,benign,CEP164,5.0
Q9UKJ0,L5F,0.0934,benign,CEP164,5.0
Q9UKJ0,L5G,0.2556,benign,CEP164,5.0
Q9UKJ0,L5H,0.2031,benign,CEP164,5.0
Q9UKJ0,L5I,0.1132,benign,CEP164,5.0
Q9UKJ0,L5K,0.2837,benign,CEP164,5.0
Q9UKJ0,L5M,0.198,benign,CEP164,5.0
Q9UKJ0,L5N,0.3199,benign,CEP164,5.0
Q9UKJ0,L5P,0.1125,benign,CEP164,5.0
Q9UKJ0,L5Q,0.1551,benign,CEP164,5.0
Q9UKJ0,L5R,0.1445,benign,CEP164,5.0
Q9UKJ0,L5S,0.1744,benign,CEP164,5.0
Q9UKJ0,L5T,0.1877,benign,CEP164,5.0
Q9UKJ0,L5V,0.1003,benign,CEP164,5.0
Q9UKJ0,L5W,0.1562,benign,CEP164,5.0
Q9UKJ0,L5Y,0.2621,benign,CEP164,5.0
Q9UKJ0,L6A,0.2046,benign,CEP164,6.0
Q9UKJ0,L6C,0.3787,ambiguous,CEP164,6.0
Q9UKJ0,L6D,0.606,pathogenic,CEP164,6.0
Q9UKJ0,L6E,0.3961,ambiguous,CEP164,6.0
Q9UKJ0,L6F,0.1154,benign,CEP164,6.0
Q9UKJ0,L6G,0.2964,benign,CEP164,6.0
Q9UKJ0,L6H,0.2641,benign,CEP164,6.0
Q9UKJ0,L6I,0.1433,benign,CEP164,6.0
Q9UKJ0,L6K,0.3837,ambiguous,CEP164,6.0
Q9UKJ0,L6M,0.2354,benign,CEP164,6.0
Q9UKJ0,L6N,0.4346,ambiguous,CEP164,6.0
Q9UKJ0,L6P,0.1271,benign,CEP164,6.0
Q9UKJ0,L6Q,0.2045,benign,CEP164,6.0
Q9UKJ0,L6R,0.2022,benign,CEP164,6.0
Q9UKJ0,L6S,0.2525,benign,CEP164,6.0
Q9UKJ0,L6T,0.2538,benign,CEP164,6.0
Q9UKJ0,L6V,0.1448,benign,CEP164,6.0
Q9UKJ0,L6W,0.2018,benign,CEP164,6.0
Q9UKJ0,L6Y,0.3411,ambiguous,CEP164,6.0
Q9UKJ0,L7A,0.2055,benign,CEP164,7.0
Q9UKJ0,L7C,0.4161,ambiguous,CEP164,7.0
Q9UKJ0,L7D,0.5937,pathogenic,CEP164,7.0
Q9UKJ0,L7E,0.3706,ambiguous,CEP164,7.0
Q9UKJ0,L7F,0.1136,benign,CEP164,7.0
Q9UKJ0,L7G,0.3213,benign,CEP164,7.0
Q9UKJ0,L7H,0.257,benign,CEP164,7.0
Q9UKJ0,L7I,0.1375,benign,CEP164,7.0
Q9UKJ0,L7K,0.3516,ambiguous,CEP164,7.0
Q9UKJ0,L7M,0.2246,benign,CEP164,7.0
Q9UKJ0,L7N,0.4171,ambiguous,CEP164,7.0
Q9UKJ0,L7P,0.1011,benign,CEP164,7.0
Q9UKJ0,L7Q,0.1974,benign,CEP164,7.0
Q9UKJ0,L7R,0.2143,benign,CEP164,7.0
Q9UKJ0,L7S,0.2539,benign,CEP164,7.0
Q9UKJ0,L7T,0.2425,benign,CEP164,7.0
Q9UKJ0,L7V,0.1436,benign,CEP164,7.0
Q9UKJ0,L7W,0.1829,benign,CEP164,7.0
Q9UKJ0,L7Y,0.3198,benign,CEP164,7.0
Q9UKJ0,P8A,0.1195,benign,CEP164,8.0
Q9UKJ0,P8C,0.3688,ambiguous,CEP164,8.0
Q9UKJ0,P8D,0.4621,ambiguous,CEP164,8.0
Q9UKJ0,P8E,0.4189,ambiguous,CEP164,8.0
Q9UKJ0,P8F,0.3257,benign,CEP164,8.0
Q9UKJ0,P8G,0.2345,benign,CEP164,8.0
Q9UKJ0,P8H,0.2146,benign,CEP164,8.0
Q9UKJ0,P8I,0.3137,benign,CEP164,8.0
Q9UKJ0,P8K,0.5018,ambiguous,CEP164,8.0
Q9UKJ0,P8L,0.1422,benign,CEP164,8.0
Q9UKJ0,P8M,0.4685,ambiguous,CEP164,8.0
Q9UKJ0,P8N,0.3889,ambiguous,CEP164,8.0
Q9UKJ0,P8Q,0.2318,benign,CEP164,8.0
Q9UKJ0,P8R,0.2459,benign,CEP164,8.0
Q9UKJ0,P8S,0.1404,benign,CEP164,8.0
Q9UKJ0,P8T,0.1379,benign,CEP164,8.0
Q9UKJ0,P8V,0.2398,benign,CEP164,8.0
Q9UKJ0,P8W,0.3634,ambiguous,CEP164,8.0
Q9UKJ0,P8Y,0.3605,ambiguous,CEP164,8.0
Q9UKJ0,L9A,0.1667,benign,CEP164,9.0
Q9UKJ0,L9C,0.3507,ambiguous,CEP164,9.0
Q9UKJ0,L9D,0.539,ambiguous,CEP164,9.0
Q9UKJ0,L9E,0.3393,benign,CEP164,9.0
Q9UKJ0,L9F,0.0959,benign,CEP164,9.0
Q9UKJ0,L9G,0.2718,benign,CEP164,9.0
Q9UKJ0,L9H,0.2648,benign,CEP164,9.0
Q9UKJ0,L9I,0.1096,benign,CEP164,9.0
Q9UKJ0,L9K,0.3764,ambiguous,CEP164,9.0
Q9UKJ0,L9M,0.2069,benign,CEP164,9.0
Q9UKJ0,L9N,0.3682,ambiguous,CEP164,9.0
Q9UKJ0,L9P,0.1346,benign,CEP164,9.0
Q9UKJ0,L9Q,0.1859,benign,CEP164,9.0
Q9UKJ0,L9R,0.205,benign,CEP164,9.0
Q9UKJ0,L9S,0.204,benign,CEP164,9.0
Q9UKJ0,L9T,0.2174,benign,CEP164,9.0
Q9UKJ0,L9V,0.1075,benign,CEP164,9.0
Q9UKJ0,L9W,0.1916,benign,CEP164,9.0
Q9UKJ0,L9Y,0.3137,benign,CEP164,9.0
Q9UKJ0,L10A,0.2075,benign,CEP164,10.0
Q9UKJ0,L10C,0.3755,ambiguous,CEP164,10.0
Q9UKJ0,L10D,0.6005,pathogenic,CEP164,10.0
Q9UKJ0,L10E,0.384,ambiguous,CEP164,10.0
Q9UKJ0,L10F,0.1181,benign,CEP164,10.0
Q9UKJ0,L10G,0.33,benign,CEP164,10.0
Q9UKJ0,L10H,0.2658,benign,CEP164,10.0
Q9UKJ0,L10I,0.1428,benign,CEP164,10.0
Q9UKJ0,L10K,0.3947,ambiguous,CEP164,10.0
Q9UKJ0,L10M,0.2388,benign,CEP164,10.0
Q9UKJ0,L10N,0.4198,ambiguous,CEP164,10.0
Q9UKJ0,L10P,0.1285,benign,CEP164,10.0
Q9UKJ0,L10Q,0.2036,benign,CEP164,10.0
Q9UKJ0,L10R,0.2218,benign,CEP164,10.0
Q9UKJ0,L10S,0.2534,benign,CEP164,10.0
Q9UKJ0,L10T,0.2503,benign,CEP164,10.0
Q9UKJ0,L10V,0.147,benign,CEP164,10.0
Q9UKJ0,L10W,0.2242,benign,CEP164,10.0
Q9UKJ0,L10Y,0.3605,ambiguous,CEP164,10.0
Q9UKJ0,L11A,0.1624,benign,CEP164,11.0
Q9UKJ0,L11C,0.2923,benign,CEP164,11.0
Q9UKJ0,L11D,0.5242,ambiguous,CEP164,11.0
Q9UKJ0,L11E,0.3847,ambiguous,CEP164,11.0
Q9UKJ0,L11F,0.1121,benign,CEP164,11.0
Q9UKJ0,L11G,0.2912,benign,CEP164,11.0
Q9UKJ0,L11H,0.2197,benign,CEP164,11.0
Q9UKJ0,L11I,0.1245,benign,CEP164,11.0
Q9UKJ0,L11K,0.3436,ambiguous,CEP164,11.0
Q9UKJ0,L11M,0.2129,benign,CEP164,11.0
Q9UKJ0,L11N,0.3389,benign,CEP164,11.0
Q9UKJ0,L11P,0.0751,benign,CEP164,11.0
Q9UKJ0,L11Q,0.1776,benign,CEP164,11.0
Q9UKJ0,L11R,0.1758,benign,CEP164,11.0
Q9UKJ0,L11S,0.2112,benign,CEP164,11.0
Q9UKJ0,L11T,0.1966,benign,CEP164,11.0
Q9UKJ0,L11V,0.1203,benign,CEP164,11.0
Q9UKJ0,L11W,0.1917,benign,CEP164,11.0
Q9UKJ0,L11Y,0.3106,benign,CEP164,11.0
Q9UKJ0,L12A,0.1638,benign,CEP164,12.0
Q9UKJ0,L12C,0.3016,benign,CEP164,12.0
Q9UKJ0,L12D,0.5075,ambiguous,CEP164,12.0
Q9UKJ0,L12E,0.3611,ambiguous,CEP164,12.0
Q9UKJ0,L12F,0.1059,benign,CEP164,12.0
Q9UKJ0,L12G,0.2805,benign,CEP164,12.0
Q9UKJ0,L12H,0.2032,benign,CEP164,12.0
Q9UKJ0,L12I,0.1187,benign,CEP164,12.0
Q9UKJ0,L12K,0.338,benign,CEP164,12.0
Q9UKJ0,L12M,0.2136,benign,CEP164,12.0
Q9UKJ0,L12N,0.3346,benign,CEP164,12.0
Q9UKJ0,L12P,0.083,benign,CEP164,12.0
Q9UKJ0,L12Q,0.1697,benign,CEP164,12.0
Q9UKJ0,L12R,0.1714,benign,CEP164,12.0
Q9UKJ0,L12S,0.2045,benign,CEP164,12.0
Q9UKJ0,L12T,0.2006,benign,CEP164,12.0
Q9UKJ0,L12V,0.1255,benign,CEP164,12.0
Q9UKJ0,L12W,0.1798,benign,CEP164,12.0
Q9UKJ0,L12Y,0.305,benign,CEP164,12.0
Q9UKJ0,L13A,0.1945,benign,CEP164,13.0
Q9UKJ0,L13C,0.3064,benign,CEP164,13.0
Q9UKJ0,L13D,0.5418,ambiguous,CEP164,13.0
Q9UKJ0,L13E,0.3066,benign,CEP164,13.0
Q9UKJ0,L13F,0.1119,benign,CEP164,13.0
Q9UKJ0,L13G,0.2819,benign,CEP164,13.0
Q9UKJ0,L13H,0.2027,benign,CEP164,13.0
Q9UKJ0,L13I,0.124,benign,CEP164,13.0
Q9UKJ0,L13K,0.2936,benign,CEP164,13.0
Q9UKJ0,L13M,0.2097,benign,CEP164,13.0
Q9UKJ0,L13N,0.3802,ambiguous,CEP164,13.0
Q9UKJ0,L13P,0.1008,benign,CEP164,13.0
Q9UKJ0,L13Q,0.1358,benign,CEP164,13.0
Q9UKJ0,L13R,0.1562,benign,CEP164,13.0
Q9UKJ0,L13S,0.2085,benign,CEP164,13.0
Q9UKJ0,L13T,0.2066,benign,CEP164,13.0
Q9UKJ0,L13V,0.1322,benign,CEP164,13.0
Q9UKJ0,L13W,0.1398,benign,CEP164,13.0
Q9UKJ0,L13Y,0.3026,benign,CEP164,13.0
Q9UKJ0,Q14A,0.0906,benign,CEP164,14.0
Q9UKJ0,Q14C,0.269,benign,CEP164,14.0
Q9UKJ0,Q14D,0.3461,ambiguous,CEP164,14.0
Q9UKJ0,Q14E,0.1359,benign,CEP164,14.0
Q9UKJ0,Q14F,0.1918,benign,CEP164,14.0
Q9UKJ0,Q14G,0.1437,benign,CEP164,14.0
Q9UKJ0,Q14H,0.1569,benign,CEP164,14.0
Q9UKJ0,Q14I,0.1358,benign,CEP164,14.0
Q9UKJ0,Q14K,0.1898,benign,CEP164,14.0
Q9UKJ0,Q14L,0.0389,benign,CEP164,14.0
Q9UKJ0,Q14M,0.1709,benign,CEP164,14.0
Q9UKJ0,Q14N,0.2225,benign,CEP164,14.0
Q9UKJ0,Q14P,0.0456,benign,CEP164,14.0
Q9UKJ0,Q14R,0.1224,benign,CEP164,14.0
Q9UKJ0,Q14S,0.0965,benign,CEP164,14.0
Q9UKJ0,Q14T,0.1128,benign,CEP164,14.0
Q9UKJ0,Q14V,0.0988,benign,CEP164,14.0
Q9UKJ0,Q14W,0.2219,benign,CEP164,14.0
Q9UKJ0,Q14Y,0.245,benign,CEP164,14.0
Q9UKJ0,P15A,0.0706,benign,CEP164,15.0
Q9UKJ0,P15C,0.2597,benign,CEP164,15.0
Q9UKJ0,P15D,0.2802,benign,CEP164,15.0
Q9UKJ0,P15E,0.1973,benign,CEP164,15.0
Q9UKJ0,P15F,0.1936,benign,CEP164,15.0
Q9UKJ0,P15G,0.1582,benign,CEP164,15.0
Q9UKJ0,P15H,0.1216,benign,CEP164,15.0
Q9UKJ0,P15I,0.1366,benign,CEP164,15.0
Q9UKJ0,P15K,0.2279,benign,CEP164,15.0
Q9UKJ0,P15L,0.0705,benign,CEP164,15.0
Q9UKJ0,P15M,0.2107,benign,CEP164,15.0
Q9UKJ0,P15N,0.2236,benign,CEP164,15.0
Q9UKJ0,P15Q,0.1085,benign,CEP164,15.0
Q9UKJ0,P15R,0.1335,benign,CEP164,15.0
Q9UKJ0,P15S,0.0846,benign,CEP164,15.0
Q9UKJ0,P15T,0.0778,benign,CEP164,15.0
Q9UKJ0,P15V,0.1124,benign,CEP164,15.0
Q9UKJ0,P15W,0.2284,benign,CEP164,15.0
Q9UKJ0,P15Y,0.2109,benign,CEP164,15.0
Q9UKJ0,P16A,0.0605,benign,CEP164,16.0
Q9UKJ0,P16C,0.3331,benign,CEP164,16.0
Q9UKJ0,P16D,0.3181,benign,CEP164,16.0
Q9UKJ0,P16E,0.2086,benign,CEP164,16.0
Q9UKJ0,P16F,0.2758,benign,CEP164,16.0
Q9UKJ0,P16G,0.1754,benign,CEP164,16.0
Q9UKJ0,P16H,0.1573,benign,CEP164,16.0
Q9UKJ0,P16I,0.2123,benign,CEP164,16.0
Q9UKJ0,P16K,0.257,benign,CEP164,16.0
Q9UKJ0,P16L,0.1013,benign,CEP164,16.0
Q9UKJ0,P16M,0.2803,benign,CEP164,16.0
Q9UKJ0,P16N,0.3108,benign,CEP164,16.0
Q9UKJ0,P16Q,0.1306,benign,CEP164,16.0
Q9UKJ0,P16R,0.1311,benign,CEP164,16.0
Q9UKJ0,P16S,0.0968,benign,CEP164,16.0
Q9UKJ0,P16T,0.0815,benign,CEP164,16.0
Q9UKJ0,P16V,0.1426,benign,CEP164,16.0
Q9UKJ0,P16W,0.3092,benign,CEP164,16.0
Q9UKJ0,P16Y,0.3209,benign,CEP164,16.0
Q9UKJ0,A17C,0.3363,benign,CEP164,17.0
Q9UKJ0,A17D,0.2628,benign,CEP164,17.0
Q9UKJ0,A17E,0.2855,benign,CEP164,17.0
Q9UKJ0,A17F,0.2292,benign,CEP164,17.0
Q9UKJ0,A17G,0.1205,benign,CEP164,17.0
Q9UKJ0,A17H,0.3495,ambiguous,CEP164,17.0
Q9UKJ0,A17I,0.2111,benign,CEP164,17.0
Q9UKJ0,A17K,0.4618,ambiguous,CEP164,17.0
Q9UKJ0,A17L,0.1445,benign,CEP164,17.0
Q9UKJ0,A17M,0.3792,ambiguous,CEP164,17.0
Q9UKJ0,A17N,0.29,benign,CEP164,17.0
Q9UKJ0,A17P,0.1193,benign,CEP164,17.0
Q9UKJ0,A17Q,0.3055,benign,CEP164,17.0
Q9UKJ0,A17R,0.258,benign,CEP164,17.0
Q9UKJ0,A17S,0.1065,benign,CEP164,17.0
Q9UKJ0,A17T,0.1197,benign,CEP164,17.0
Q9UKJ0,A17V,0.1212,benign,CEP164,17.0
Q9UKJ0,A17W,0.4572,ambiguous,CEP164,17.0
Q9UKJ0,A17Y,0.3644,ambiguous,CEP164,17.0
Q9UKJ0,F18A,0.263,benign,CEP164,18.0
Q9UKJ0,F18C,0.2378,benign,CEP164,18.0
Q9UKJ0,F18D,0.4485,ambiguous,CEP164,18.0
Q9UKJ0,F18E,0.5891,pathogenic,CEP164,18.0
Q9UKJ0,F18G,0.461,ambiguous,CEP164,18.0
Q9UKJ0,F18H,0.4605,ambiguous,CEP164,18.0
Q9UKJ0,F18I,0.1736,benign,CEP164,18.0
Q9UKJ0,F18K,0.7054,pathogenic,CEP164,18.0
Q9UKJ0,F18L,0.7145,pathogenic,CEP164,18.0
Q9UKJ0,F18M,0.5216,ambiguous,CEP164,18.0
Q9UKJ0,F18N,0.4179,ambiguous,CEP164,18.0
Q9UKJ0,F18P,0.5855,pathogenic,CEP164,18.0
Q9UKJ0,F18Q,0.5594,ambiguous,CEP164,18.0
Q9UKJ0,F18R,0.5127,ambiguous,CEP164,18.0
Q9UKJ0,F18S,0.1756,benign,CEP164,18.0
Q9UKJ0,F18T,0.3226,benign,CEP164,18.0
Q9UKJ0,F18V,0.1706,benign,CEP164,18.0
Q9UKJ0,F18W,0.4259,ambiguous,CEP164,18.0
Q9UKJ0,F18Y,0.1993,benign,CEP164,18.0
Q9UKJ0,L19A,0.2317,benign,CEP164,19.0
Q9UKJ0,L19C,0.4215,ambiguous,CEP164,19.0
Q9UKJ0,L19D,0.589,pathogenic,CEP164,19.0
Q9UKJ0,L19E,0.3223,benign,CEP164,19.0
Q9UKJ0,L19F,0.1391,benign,CEP164,19.0
Q9UKJ0,L19G,0.3298,benign,CEP164,19.0
Q9UKJ0,L19H,0.2141,benign,CEP164,19.0
Q9UKJ0,L19I,0.1342,benign,CEP164,19.0
Q9UKJ0,L19K,0.3372,benign,CEP164,19.0
Q9UKJ0,L19M,0.2342,benign,CEP164,19.0
Q9UKJ0,L19N,0.438,ambiguous,CEP164,19.0
Q9UKJ0,L19P,0.1298,benign,CEP164,19.0
Q9UKJ0,L19Q,0.1469,benign,CEP164,19.0
Q9UKJ0,L19R,0.1533,benign,CEP164,19.0
Q9UKJ0,L19S,0.2118,benign,CEP164,19.0
Q9UKJ0,L19T,0.2438,benign,CEP164,19.0
Q9UKJ0,L19V,0.137,benign,CEP164,19.0
Q9UKJ0,L19W,0.189,benign,CEP164,19.0
Q9UKJ0,L19Y,0.3947,ambiguous,CEP164,19.0
Q9UKJ0,Q20A,0.1726,benign,CEP164,20.0
Q9UKJ0,Q20C,0.6332,pathogenic,CEP164,20.0
Q9UKJ0,Q20D,0.368,ambiguous,CEP164,20.0
Q9UKJ0,Q20E,0.1217,benign,CEP164,20.0
Q9UKJ0,Q20F,0.4597,ambiguous,CEP164,20.0
Q9UKJ0,Q20G,0.2018,benign,CEP164,20.0
Q9UKJ0,Q20H,0.2608,benign,CEP164,20.0
Q9UKJ0,Q20I,0.3171,benign,CEP164,20.0
Q9UKJ0,Q20K,0.1846,benign,CEP164,20.0
Q9UKJ0,Q20L,0.1135,benign,CEP164,20.0
Q9UKJ0,Q20M,0.3746,ambiguous,CEP164,20.0
Q9UKJ0,Q20N,0.3354,benign,CEP164,20.0
Q9UKJ0,Q20P,0.0773,benign,CEP164,20.0
Q9UKJ0,Q20R,0.1388,benign,CEP164,20.0
Q9UKJ0,Q20S,0.1788,benign,CEP164,20.0
Q9UKJ0,Q20T,0.2185,benign,CEP164,20.0
Q9UKJ0,Q20V,0.2197,benign,CEP164,20.0
Q9UKJ0,Q20W,0.4152,ambiguous,CEP164,20.0
Q9UKJ0,Q20Y,0.421,ambiguous,CEP164,20.0
Q9UKJ0,P21A,0.0564,benign,CEP164,21.0
Q9UKJ0,P21C,0.403,ambiguous,CEP164,21.0
Q9UKJ0,P21D,0.2293,benign,CEP164,21.0
Q9UKJ0,P21E,0.1681,benign,CEP164,21.0
Q9UKJ0,P21F,0.3826,ambiguous,CEP164,21.0
Q9UKJ0,P21G,0.1481,benign,CEP164,21.0
Q9UKJ0,P21H,0.1651,benign,CEP164,21.0
Q9UKJ0,P21I,0.2972,benign,CEP164,21.0
Q9UKJ0,P21K,0.2215,benign,CEP164,21.0
Q9UKJ0,P21L,0.1251,benign,CEP164,21.0
Q9UKJ0,P21M,0.327,benign,CEP164,21.0
Q9UKJ0,P21N,0.2317,benign,CEP164,21.0
Q9UKJ0,P21Q,0.1311,benign,CEP164,21.0
Q9UKJ0,P21R,0.1234,benign,CEP164,21.0
Q9UKJ0,P21S,0.0935,benign,CEP164,21.0
Q9UKJ0,P21T,0.0781,benign,CEP164,21.0
Q9UKJ0,P21V,0.1795,benign,CEP164,21.0
Q9UKJ0,P21W,0.3922,ambiguous,CEP164,21.0
Q9UKJ0,P21Y,0.3306,benign,CEP164,21.0
Q9UKJ0,G22A,0.1068,benign,CEP164,22.0
Q9UKJ0,G22C,0.2157,benign,CEP164,22.0
Q9UKJ0,G22D,0.1741,benign,CEP164,22.0
Q9UKJ0,G22E,0.1587,benign,CEP164,22.0
Q9UKJ0,G22F,0.4664,ambiguous,CEP164,22.0
Q9UKJ0,G22H,0.3344,benign,CEP164,22.0
Q9UKJ0,G22I,0.2948,benign,CEP164,22.0
Q9UKJ0,G22K,0.3537,ambiguous,CEP164,22.0
Q9UKJ0,G22L,0.3399,benign,CEP164,22.0
Q9UKJ0,G22M,0.4506,ambiguous,CEP164,22.0
Q9UKJ0,G22N,0.3268,benign,CEP164,22.0
Q9UKJ0,G22P,0.387,ambiguous,CEP164,22.0
Q9UKJ0,G22Q,0.2747,benign,CEP164,22.0
Q9UKJ0,G22R,0.19,benign,CEP164,22.0
Q9UKJ0,G22S,0.1037,benign,CEP164,22.0
Q9UKJ0,G22T,0.1498,benign,CEP164,22.0
Q9UKJ0,G22V,0.1778,benign,CEP164,22.0
Q9UKJ0,G22W,0.2738,benign,CEP164,22.0
Q9UKJ0,G22Y,0.3745,ambiguous,CEP164,22.0
Q9UKJ0,G23A,0.1153,benign,CEP164,23.0
Q9UKJ0,G23C,0.1659,benign,CEP164,23.0
Q9UKJ0,G23D,0.1456,benign,CEP164,23.0
Q9UKJ0,G23E,0.1534,benign,CEP164,23.0
Q9UKJ0,G23F,0.3022,benign,CEP164,23.0
Q9UKJ0,G23H,0.2544,benign,CEP164,23.0
Q9UKJ0,G23I,0.1523,benign,CEP164,23.0
Q9UKJ0,G23K,0.3179,benign,CEP164,23.0
Q9UKJ0,G23L,0.2686,benign,CEP164,23.0
Q9UKJ0,G23M,0.3627,ambiguous,CEP164,23.0
Q9UKJ0,G23N,0.2388,benign,CEP164,23.0
Q9UKJ0,G23P,0.4397,ambiguous,CEP164,23.0
Q9UKJ0,G23Q,0.2498,benign,CEP164,23.0
Q9UKJ0,G23R,0.1839,benign,CEP164,23.0
Q9UKJ0,G23S,0.1054,benign,CEP164,23.0
Q9UKJ0,G23T,0.1421,benign,CEP164,23.0
Q9UKJ0,G23V,0.1039,benign,CEP164,23.0
Q9UKJ0,G23W,0.2393,benign,CEP164,23.0
Q9UKJ0,G23Y,0.2448,benign,CEP164,23.0
Q9UKJ0,S24A,0.1021,benign,CEP164,24.0
Q9UKJ0,S24C,0.1365,benign,CEP164,24.0
Q9UKJ0,S24D,0.3043,benign,CEP164,24.0
Q9UKJ0,S24E,0.3246,benign,CEP164,24.0
Q9UKJ0,S24F,0.1498,benign,CEP164,24.0
Q9UKJ0,S24G,0.1139,benign,CEP164,24.0
Q9UKJ0,S24H,0.2809,benign,CEP164,24.0
Q9UKJ0,S24I,0.1813,benign,CEP164,24.0
Q9UKJ0,S24K,0.4942,ambiguous,CEP164,24.0
Q9UKJ0,S24L,0.1488,benign,CEP164,24.0
Q9UKJ0,S24M,0.2661,benign,CEP164,24.0
Q9UKJ0,S24N,0.2063,benign,CEP164,24.0
Q9UKJ0,S24P,0.1056,benign,CEP164,24.0
Q9UKJ0,S24Q,0.3577,ambiguous,CEP164,24.0
Q9UKJ0,S24R,0.3764,ambiguous,CEP164,24.0
Q9UKJ0,S24T,0.1116,benign,CEP164,24.0
Q9UKJ0,S24V,0.19,benign,CEP164,24.0
Q9UKJ0,S24W,0.1556,benign,CEP164,24.0
Q9UKJ0,S24Y,0.1403,benign,CEP164,24.0
Q9UKJ0,T25A,0.0602,benign,CEP164,25.0
Q9UKJ0,T25C,0.4014,ambiguous,CEP164,25.0
Q9UKJ0,T25D,0.2089,benign,CEP164,25.0
Q9UKJ0,T25E,0.1379,benign,CEP164,25.0
Q9UKJ0,T25F,0.2019,benign,CEP164,25.0
Q9UKJ0,T25G,0.1349,benign,CEP164,25.0
Q9UKJ0,T25H,0.2127,benign,CEP164,25.0
Q9UKJ0,T25I,0.1443,benign,CEP164,25.0
Q9UKJ0,T25K,0.1258,benign,CEP164,25.0
Q9UKJ0,T25L,0.1093,benign,CEP164,25.0
Q9UKJ0,T25M,0.1083,benign,CEP164,25.0
Q9UKJ0,T25N,0.1217,benign,CEP164,25.0
Q9UKJ0,T25P,0.0651,benign,CEP164,25.0
Q9UKJ0,T25Q,0.1579,benign,CEP164,25.0
Q9UKJ0,T25R,0.0955,benign,CEP164,25.0
Q9UKJ0,T25S,0.0974,benign,CEP164,25.0
Q9UKJ0,T25V,0.1249,benign,CEP164,25.0
Q9UKJ0,T25W,0.3823,ambiguous,CEP164,25.0
Q9UKJ0,T25Y,0.2291,benign,CEP164,25.0
Q9UKJ0,G26A,0.1148,benign,CEP164,26.0
Q9UKJ0,G26C,0.2365,benign,CEP164,26.0
Q9UKJ0,G26D,0.1561,benign,CEP164,26.0
Q9UKJ0,G26E,0.1317,benign,CEP164,26.0
Q9UKJ0,G26F,0.4132,ambiguous,CEP164,26.0
Q9UKJ0,G26H,0.2946,benign,CEP164,26.0
Q9UKJ0,G26I,0.1992,benign,CEP164,26.0
Q9UKJ0,G26K,0.2616,benign,CEP164,26.0
Q9UKJ0,G26L,0.3013,benign,CEP164,26.0
Q9UKJ0,G26M,0.4007,ambiguous,CEP164,26.0
Q9UKJ0,G26N,0.2997,benign,CEP164,26.0
Q9UKJ0,G26P,0.4294,ambiguous,CEP164,26.0
Q9UKJ0,G26Q,0.2214,benign,CEP164,26.0
Q9UKJ0,G26R,0.1331,benign,CEP164,26.0
Q9UKJ0,G26S,0.119,benign,CEP164,26.0
Q9UKJ0,G26T,0.1578,benign,CEP164,26.0
Q9UKJ0,G26V,0.1308,benign,CEP164,26.0
Q9UKJ0,G26W,0.2496,benign,CEP164,26.0
Q9UKJ0,G26Y,0.3104,benign,CEP164,26.0
Q9UKJ0,S27A,0.0958,benign,CEP164,27.0
Q9UKJ0,S27C,0.1245,benign,CEP164,27.0
Q9UKJ0,S27D,0.274,benign,CEP164,27.0
Q9UKJ0,S27E,0.3178,benign,CEP164,27.0
Q9UKJ0,S27F,0.147,benign,CEP164,27.0
Q9UKJ0,S27G,0.1053,benign,CEP164,27.0
Q9UKJ0,S27H,0.2476,benign,CEP164,27.0
Q9UKJ0,S27I,0.1795,benign,CEP164,27.0
Q9UKJ0,S27K,0.4531,ambiguous,CEP164,27.0
Q9UKJ0,S27L,0.1387,benign,CEP164,27.0
Q9UKJ0,S27M,0.2742,benign,CEP164,27.0
Q9UKJ0,S27N,0.1915,benign,CEP164,27.0
Q9UKJ0,S27P,0.101,benign,CEP164,27.0
Q9UKJ0,S27Q,0.3697,ambiguous,CEP164,27.0
Q9UKJ0,S27R,0.3261,benign,CEP164,27.0
Q9UKJ0,S27T,0.1007,benign,CEP164,27.0
Q9UKJ0,S27V,0.1932,benign,CEP164,27.0
Q9UKJ0,S27W,0.1478,benign,CEP164,27.0
Q9UKJ0,S27Y,0.1153,benign,CEP164,27.0
Q9UKJ0,G28A,0.1132,benign,CEP164,28.0
Q9UKJ0,G28C,0.1767,benign,CEP164,28.0
Q9UKJ0,G28D,0.138,benign,CEP164,28.0
Q9UKJ0,G28E,0.1485,benign,CEP164,28.0
Q9UKJ0,G28F,0.3488,ambiguous,CEP164,28.0
Q9UKJ0,G28H,0.2399,benign,CEP164,28.0
Q9UKJ0,G28I,0.165,benign,CEP164,28.0
Q9UKJ0,G28K,0.2825,benign,CEP164,28.0
Q9UKJ0,G28L,0.2491,benign,CEP164,28.0
Q9UKJ0,G28M,0.3541,ambiguous,CEP164,28.0
Q9UKJ0,G28N,0.2214,benign,CEP164,28.0
Q9UKJ0,G28P,0.3623,ambiguous,CEP164,28.0
Q9UKJ0,G28Q,0.2362,benign,CEP164,28.0
Q9UKJ0,G28R,0.1738,benign,CEP164,28.0
Q9UKJ0,G28S,0.0802,benign,CEP164,28.0
Q9UKJ0,G28T,0.1219,benign,CEP164,28.0
Q9UKJ0,G28V,0.1222,benign,CEP164,28.0
Q9UKJ0,G28W,0.256,benign,CEP164,28.0
Q9UKJ0,G28Y,0.262,benign,CEP164,28.0
Q9UKJ0,P29A,0.1075,benign,CEP164,29.0
Q9UKJ0,P29C,0.5085,ambiguous,CEP164,29.0
Q9UKJ0,P29D,0.2513,benign,CEP164,29.0
Q9UKJ0,P29E,0.2169,benign,CEP164,29.0
Q9UKJ0,P29F,0.3421,ambiguous,CEP164,29.0
Q9UKJ0,P29G,0.2184,benign,CEP164,29.0
Q9UKJ0,P29H,0.1625,benign,CEP164,29.0
Q9UKJ0,P29I,0.2531,benign,CEP164,29.0
Q9UKJ0,P29K,0.2192,benign,CEP164,29.0
Q9UKJ0,P29L,0.1279,benign,CEP164,29.0
Q9UKJ0,P29M,0.3372,benign,CEP164,29.0
Q9UKJ0,P29N,0.2487,benign,CEP164,29.0
Q9UKJ0,P29Q,0.1457,benign,CEP164,29.0
Q9UKJ0,P29R,0.1228,benign,CEP164,29.0
Q9UKJ0,P29S,0.1184,benign,CEP164,29.0
Q9UKJ0,P29T,0.1063,benign,CEP164,29.0
Q9UKJ0,P29V,0.2025,benign,CEP164,29.0
Q9UKJ0,P29W,0.439,ambiguous,CEP164,29.0
Q9UKJ0,P29Y,0.3321,benign,CEP164,29.0
Q9UKJ0,S30A,0.1022,benign,CEP164,30.0
Q9UKJ0,S30C,0.1492,benign,CEP164,30.0
Q9UKJ0,S30D,0.1802,benign,CEP164,30.0
Q9UKJ0,S30E,0.2371,benign,CEP164,30.0
Q9UKJ0,S30F,0.2222,benign,CEP164,30.0
Q9UKJ0,S30G,0.0777,benign,CEP164,30.0
Q9UKJ0,S30H,0.1974,benign,CEP164,30.0
Q9UKJ0,S30I,0.1358,benign,CEP164,30.0
Q9UKJ0,S30K,0.3112,benign,CEP164,30.0
Q9UKJ0,S30L,0.1556,benign,CEP164,30.0
Q9UKJ0,S30M,0.2715,benign,CEP164,30.0
Q9UKJ0,S30N,0.1077,benign,CEP164,30.0
Q9UKJ0,S30P,0.1081,benign,CEP164,30.0
Q9UKJ0,S30Q,0.2634,benign,CEP164,30.0
Q9UKJ0,S30R,0.2104,benign,CEP164,30.0
Q9UKJ0,S30T,0.1042,benign,CEP164,30.0
Q9UKJ0,S30V,0.1762,benign,CEP164,30.0
Q9UKJ0,S30W,0.1993,benign,CEP164,30.0
Q9UKJ0,S30Y,0.1472,benign,CEP164,30.0
Q9UKJ0,Y31A,0.2109,benign,CEP164,31.0
Q9UKJ0,Y31C,0.1322,benign,CEP164,31.0
Q9UKJ0,Y31D,0.1131,benign,CEP164,31.0
Q9UKJ0,Y31E,0.3163,benign,CEP164,31.0
Q9UKJ0,Y31F,0.1127,benign,CEP164,31.0
Q9UKJ0,Y31G,0.1324,benign,CEP164,31.0
Q9UKJ0,Y31H,0.1364,benign,CEP164,31.0
Q9UKJ0,Y31I,0.2194,benign,CEP164,31.0
Q9UKJ0,Y31K,0.2863,benign,CEP164,31.0
Q9UKJ0,Y31L,0.1622,benign,CEP164,31.0
Q9UKJ0,Y31M,0.3477,ambiguous,CEP164,31.0
Q9UKJ0,Y31N,0.0887,benign,CEP164,31.0
Q9UKJ0,Y31P,0.1948,benign,CEP164,31.0
Q9UKJ0,Y31Q,0.265,benign,CEP164,31.0
Q9UKJ0,Y31R,0.1773,benign,CEP164,31.0
Q9UKJ0,Y31S,0.0855,benign,CEP164,31.0
Q9UKJ0,Y31T,0.1913,benign,CEP164,31.0
Q9UKJ0,Y31V,0.1706,benign,CEP164,31.0
Q9UKJ0,Y31W,0.2641,benign,CEP164,31.0
Q9UKJ0,L32A,0.0987,benign,CEP164,32.0
Q9UKJ0,L32C,0.2891,benign,CEP164,32.0
Q9UKJ0,L32D,0.1649,benign,CEP164,32.0
Q9UKJ0,L32E,0.1265,benign,CEP164,32.0
Q9UKJ0,L32F,0.1148,benign,CEP164,32.0
Q9UKJ0,L32G,0.1562,benign,CEP164,32.0
Q9UKJ0,L32H,0.1,benign,CEP164,32.0
Q9UKJ0,L32I,0.0916,benign,CEP164,32.0
Q9UKJ0,L32K,0.1222,benign,CEP164,32.0
Q9UKJ0,L32M,0.16,benign,CEP164,32.0
Q9UKJ0,L32N,0.1371,benign,CEP164,32.0
Q9UKJ0,L32P,0.0339,benign,CEP164,32.0
Q9UKJ0,L32Q,0.0848,benign,CEP164,32.0
Q9UKJ0,L32R,0.0654,benign,CEP164,32.0
Q9UKJ0,L32S,0.0912,benign,CEP164,32.0
Q9UKJ0,L32T,0.0967,benign,CEP164,32.0
Q9UKJ0,L32V,0.0854,benign,CEP164,32.0
Q9UKJ0,L32W,0.1215,benign,CEP164,32.0
Q9UKJ0,L32Y,0.1728,benign,CEP164,32.0
Q9UKJ0,Y33A,0.4951,ambiguous,CEP164,33.0
Q9UKJ0,Y33C,0.2381,benign,CEP164,33.0
Q9UKJ0,Y33D,0.3427,ambiguous,CEP164,33.0
Q9UKJ0,Y33E,0.6577,pathogenic,CEP164,33.0
Q9UKJ0,Y33F,0.1334,benign,CEP164,33.0
Q9UKJ0,Y33G,0.3374,benign,CEP164,33.0
Q9UKJ0,Y33H,0.3013,benign,CEP164,33.0
Q9UKJ0,Y33I,0.6469,pathogenic,CEP164,33.0
Q9UKJ0,Y33K,0.653,pathogenic,CEP164,33.0
Q9UKJ0,Y33L,0.5061,ambiguous,CEP164,33.0
Q9UKJ0,Y33M,0.72,pathogenic,CEP164,33.0
Q9UKJ0,Y33N,0.3212,benign,CEP164,33.0
Q9UKJ0,Y33P,0.4721,ambiguous,CEP164,33.0
Q9UKJ0,Y33Q,0.6049,pathogenic,CEP164,33.0
Q9UKJ0,Y33R,0.4574,ambiguous,CEP164,33.0
Q9UKJ0,Y33S,0.2728,benign,CEP164,33.0
Q9UKJ0,Y33T,0.5261,ambiguous,CEP164,33.0
Q9UKJ0,Y33V,0.5148,ambiguous,CEP164,33.0
Q9UKJ0,Y33W,0.2765,benign,CEP164,33.0
Q9UKJ0,G34A,0.224,benign,CEP164,34.0
Q9UKJ0,G34C,0.3967,ambiguous,CEP164,34.0
Q9UKJ0,G34D,0.4835,ambiguous,CEP164,34.0
Q9UKJ0,G34E,0.3435,ambiguous,CEP164,34.0
Q9UKJ0,G34F,0.7314,pathogenic,CEP164,34.0
Q9UKJ0,G34H,0.5904,pathogenic,CEP164,34.0
Q9UKJ0,G34I,0.5447,ambiguous,CEP164,34.0
Q9UKJ0,G34K,0.5743,pathogenic,CEP164,34.0
Q9UKJ0,G34L,0.6877,pathogenic,CEP164,34.0
Q9UKJ0,G34M,0.7002,pathogenic,CEP164,34.0
Q9UKJ0,G34N,0.6656,pathogenic,CEP164,34.0
Q9UKJ0,G34P,0.9236,pathogenic,CEP164,34.0
Q9UKJ0,G34Q,0.4649,ambiguous,CEP164,34.0
Q9UKJ0,G34R,0.3356,benign,CEP164,34.0
Q9UKJ0,G34S,0.2122,benign,CEP164,34.0
Q9UKJ0,G34T,0.3646,ambiguous,CEP164,34.0
Q9UKJ0,G34V,0.3982,ambiguous,CEP164,34.0
Q9UKJ0,G34W,0.4377,ambiguous,CEP164,34.0
Q9UKJ0,G34Y,0.5966,pathogenic,CEP164,34.0
Q9UKJ0,V35A,0.6325,pathogenic,CEP164,35.0
Q9UKJ0,V35C,0.9015,pathogenic,CEP164,35.0
Q9UKJ0,V35D,0.6637,pathogenic,CEP164,35.0
Q9UKJ0,V35E,0.6496,pathogenic,CEP164,35.0
Q9UKJ0,V35F,0.2086,benign,CEP164,35.0
Q9UKJ0,V35G,0.4767,ambiguous,CEP164,35.0
Q9UKJ0,V35H,0.899,pathogenic,CEP164,35.0
Q9UKJ0,V35I,0.1141,benign,CEP164,35.0
Q9UKJ0,V35K,0.7331,pathogenic,CEP164,35.0
Q9UKJ0,V35L,0.496,ambiguous,CEP164,35.0
Q9UKJ0,V35M,0.2605,benign,CEP164,35.0
Q9UKJ0,V35N,0.7301,pathogenic,CEP164,35.0
Q9UKJ0,V35P,0.8818,pathogenic,CEP164,35.0
Q9UKJ0,V35Q,0.7305,pathogenic,CEP164,35.0
Q9UKJ0,V35R,0.6657,pathogenic,CEP164,35.0
Q9UKJ0,V35S,0.7145,pathogenic,CEP164,35.0
Q9UKJ0,V35T,0.7003,pathogenic,CEP164,35.0
Q9UKJ0,V35W,0.8892,pathogenic,CEP164,35.0
Q9UKJ0,V35Y,0.7404,pathogenic,CEP164,35.0
Q9UKJ0,T36A,0.1397,benign,CEP164,36.0
Q9UKJ0,T36C,0.5873,pathogenic,CEP164,36.0
Q9UKJ0,T36D,0.2504,benign,CEP164,36.0
Q9UKJ0,T36E,0.225,benign,CEP164,36.0
Q9UKJ0,T36F,0.2347,benign,CEP164,36.0
Q9UKJ0,T36G,0.3759,ambiguous,CEP164,36.0
Q9UKJ0,T36H,0.2224,benign,CEP164,36.0
Q9UKJ0,T36I,0.1866,benign,CEP164,36.0
Q9UKJ0,T36K,0.1696,benign,CEP164,36.0
Q9UKJ0,T36L,0.1429,benign,CEP164,36.0
Q9UKJ0,T36M,0.127,benign,CEP164,36.0
Q9UKJ0,T36N,0.1201,benign,CEP164,36.0
Q9UKJ0,T36P,0.2224,benign,CEP164,36.0
Q9UKJ0,T36Q,0.2105,benign,CEP164,36.0
Q9UKJ0,T36R,0.1315,benign,CEP164,36.0
Q9UKJ0,T36S,0.1549,benign,CEP164,36.0
Q9UKJ0,T36V,0.2223,benign,CEP164,36.0
Q9UKJ0,T36W,0.4627,ambiguous,CEP164,36.0
Q9UKJ0,T36Y,0.2314,benign,CEP164,36.0
Q9UKJ0,Q37A,0.6641,pathogenic,CEP164,37.0
Q9UKJ0,Q37C,0.9819,pathogenic,CEP164,37.0
Q9UKJ0,Q37D,0.9477,pathogenic,CEP164,37.0
Q9UKJ0,Q37E,0.3398,benign,CEP164,37.0
Q9UKJ0,Q37F,0.9518,pathogenic,CEP164,37.0
Q9UKJ0,Q37G,0.7757,pathogenic,CEP164,37.0
Q9UKJ0,Q37H,0.8912,pathogenic,CEP164,37.0
Q9UKJ0,Q37I,0.7707,pathogenic,CEP164,37.0
Q9UKJ0,Q37K,0.6379,pathogenic,CEP164,37.0
Q9UKJ0,Q37L,0.5712,pathogenic,CEP164,37.0
Q9UKJ0,Q37M,0.7268,pathogenic,CEP164,37.0
Q9UKJ0,Q37N,0.8457,pathogenic,CEP164,37.0
Q9UKJ0,Q37P,0.586,pathogenic,CEP164,37.0
Q9UKJ0,Q37R,0.6535,pathogenic,CEP164,37.0
Q9UKJ0,Q37S,0.7264,pathogenic,CEP164,37.0
Q9UKJ0,Q37T,0.722,pathogenic,CEP164,37.0
Q9UKJ0,Q37V,0.6749,pathogenic,CEP164,37.0
Q9UKJ0,Q37W,0.9674,pathogenic,CEP164,37.0
Q9UKJ0,Q37Y,0.9594,pathogenic,CEP164,37.0
Q9UKJ0,P38A,0.3008,benign,CEP164,38.0
Q9UKJ0,P38C,0.857,pathogenic,CEP164,38.0
Q9UKJ0,P38D,0.6898,pathogenic,CEP164,38.0
Q9UKJ0,P38E,0.4101,ambiguous,CEP164,38.0
Q9UKJ0,P38F,0.88,pathogenic,CEP164,38.0
Q9UKJ0,P38G,0.6138,pathogenic,CEP164,38.0
Q9UKJ0,P38H,0.5078,ambiguous,CEP164,38.0
Q9UKJ0,P38I,0.72,pathogenic,CEP164,38.0
Q9UKJ0,P38K,0.4482,ambiguous,CEP164,38.0
Q9UKJ0,P38L,0.3698,ambiguous,CEP164,38.0
Q9UKJ0,P38M,0.7025,pathogenic,CEP164,38.0
Q9UKJ0,P38N,0.7247,pathogenic,CEP164,38.0
Q9UKJ0,P38Q,0.29,benign,CEP164,38.0
Q9UKJ0,P38R,0.2501,benign,CEP164,38.0
Q9UKJ0,P38S,0.4553,ambiguous,CEP164,38.0
Q9UKJ0,P38T,0.2995,benign,CEP164,38.0
Q9UKJ0,P38V,0.5671,pathogenic,CEP164,38.0
Q9UKJ0,P38W,0.8214,pathogenic,CEP164,38.0
Q9UKJ0,P38Y,0.8132,pathogenic,CEP164,38.0
Q9UKJ0,K39A,0.2377,benign,CEP164,39.0
Q9UKJ0,K39C,0.724,pathogenic,CEP164,39.0
Q9UKJ0,K39D,0.3432,ambiguous,CEP164,39.0
Q9UKJ0,K39E,0.0879,benign,CEP164,39.0
Q9UKJ0,K39F,0.7129,pathogenic,CEP164,39.0
Q9UKJ0,K39G,0.3583,ambiguous,CEP164,39.0
Q9UKJ0,K39H,0.3834,ambiguous,CEP164,39.0
Q9UKJ0,K39I,0.3124,benign,CEP164,39.0
Q9UKJ0,K39L,0.3297,benign,CEP164,39.0
Q9UKJ0,K39M,0.2305,benign,CEP164,39.0
Q9UKJ0,K39N,0.3065,benign,CEP164,39.0
Q9UKJ0,K39P,0.3729,ambiguous,CEP164,39.0
Q9UKJ0,K39Q,0.1291,benign,CEP164,39.0
Q9UKJ0,K39R,0.097,benign,CEP164,39.0
Q9UKJ0,K39S,0.2997,benign,CEP164,39.0
Q9UKJ0,K39T,0.1636,benign,CEP164,39.0
Q9UKJ0,K39V,0.2996,benign,CEP164,39.0
Q9UKJ0,K39W,0.7147,pathogenic,CEP164,39.0
Q9UKJ0,K39Y,0.5748,pathogenic,CEP164,39.0
Q9UKJ0,H40A,0.4118,ambiguous,CEP164,40.0
Q9UKJ0,H40C,0.3178,benign,CEP164,40.0
Q9UKJ0,H40D,0.2345,benign,CEP164,40.0
Q9UKJ0,H40E,0.3031,benign,CEP164,40.0
Q9UKJ0,H40F,0.3551,ambiguous,CEP164,40.0
Q9UKJ0,H40G,0.4546,ambiguous,CEP164,40.0
Q9UKJ0,H40I,0.3325,benign,CEP164,40.0
Q9UKJ0,H40K,0.2835,benign,CEP164,40.0
Q9UKJ0,H40L,0.1716,benign,CEP164,40.0
Q9UKJ0,H40M,0.5342,ambiguous,CEP164,40.0
Q9UKJ0,H40N,0.162,benign,CEP164,40.0
Q9UKJ0,H40P,0.3214,benign,CEP164,40.0
Q9UKJ0,H40Q,0.2429,benign,CEP164,40.0
Q9UKJ0,H40R,0.1342,benign,CEP164,40.0
Q9UKJ0,H40S,0.337,benign,CEP164,40.0
Q9UKJ0,H40T,0.3676,ambiguous,CEP164,40.0
Q9UKJ0,H40V,0.2847,benign,CEP164,40.0
Q9UKJ0,H40W,0.3549,ambiguous,CEP164,40.0
Q9UKJ0,H40Y,0.1092,benign,CEP164,40.0
Q9UKJ0,L41A,0.6621,pathogenic,CEP164,41.0
Q9UKJ0,L41C,0.7101,pathogenic,CEP164,41.0
Q9UKJ0,L41D,0.9234,pathogenic,CEP164,41.0
Q9UKJ0,L41E,0.7513,pathogenic,CEP164,41.0
Q9UKJ0,L41F,0.3187,benign,CEP164,41.0
Q9UKJ0,L41G,0.8538,pathogenic,CEP164,41.0
Q9UKJ0,L41H,0.5437,ambiguous,CEP164,41.0
Q9UKJ0,L41I,0.1415,benign,CEP164,41.0
Q9UKJ0,L41K,0.6156,pathogenic,CEP164,41.0
Q9UKJ0,L41M,0.3291,benign,CEP164,41.0
Q9UKJ0,L41N,0.8403,pathogenic,CEP164,41.0
Q9UKJ0,L41P,0.715,pathogenic,CEP164,41.0
Q9UKJ0,L41Q,0.4801,ambiguous,CEP164,41.0
Q9UKJ0,L41R,0.3665,ambiguous,CEP164,41.0
Q9UKJ0,L41S,0.763,pathogenic,CEP164,41.0
Q9UKJ0,L41T,0.6501,pathogenic,CEP164,41.0
Q9UKJ0,L41V,0.1673,benign,CEP164,41.0
Q9UKJ0,L41W,0.5268,ambiguous,CEP164,41.0
Q9UKJ0,L41Y,0.6626,pathogenic,CEP164,41.0
Q9UKJ0,S42A,0.1261,benign,CEP164,42.0
Q9UKJ0,S42C,0.2939,benign,CEP164,42.0
Q9UKJ0,S42D,0.5979,pathogenic,CEP164,42.0
Q9UKJ0,S42E,0.4828,ambiguous,CEP164,42.0
Q9UKJ0,S42F,0.29,benign,CEP164,42.0
Q9UKJ0,S42G,0.2916,benign,CEP164,42.0
Q9UKJ0,S42H,0.4641,ambiguous,CEP164,42.0
Q9UKJ0,S42I,0.3228,benign,CEP164,42.0
Q9UKJ0,S42K,0.7506,pathogenic,CEP164,42.0
Q9UKJ0,S42L,0.1661,benign,CEP164,42.0
Q9UKJ0,S42M,0.3567,ambiguous,CEP164,42.0
Q9UKJ0,S42N,0.4422,ambiguous,CEP164,42.0
Q9UKJ0,S42P,0.4634,ambiguous,CEP164,42.0
Q9UKJ0,S42Q,0.5392,ambiguous,CEP164,42.0
Q9UKJ0,S42R,0.6223,pathogenic,CEP164,42.0
Q9UKJ0,S42T,0.1364,benign,CEP164,42.0
Q9UKJ0,S42V,0.3197,benign,CEP164,42.0
Q9UKJ0,S42W,0.3046,benign,CEP164,42.0
Q9UKJ0,S42Y,0.2632,benign,CEP164,42.0
Q9UKJ0,A43C,0.7769,pathogenic,CEP164,43.0
Q9UKJ0,A43D,0.5395,ambiguous,CEP164,43.0
Q9UKJ0,A43E,0.692,pathogenic,CEP164,43.0
Q9UKJ0,A43F,0.6296,pathogenic,CEP164,43.0
Q9UKJ0,A43G,0.2176,benign,CEP164,43.0
Q9UKJ0,A43H,0.7984,pathogenic,CEP164,43.0
Q9UKJ0,A43I,0.6987,pathogenic,CEP164,43.0
Q9UKJ0,A43K,0.8503,pathogenic,CEP164,43.0
Q9UKJ0,A43L,0.5728,pathogenic,CEP164,43.0
Q9UKJ0,A43M,0.7378,pathogenic,CEP164,43.0
Q9UKJ0,A43N,0.6905,pathogenic,CEP164,43.0
Q9UKJ0,A43P,0.6559,pathogenic,CEP164,43.0
Q9UKJ0,A43Q,0.7329,pathogenic,CEP164,43.0
Q9UKJ0,A43R,0.6683,pathogenic,CEP164,43.0
Q9UKJ0,A43S,0.1822,benign,CEP164,43.0
Q9UKJ0,A43T,0.2909,benign,CEP164,43.0
Q9UKJ0,A43V,0.3834,ambiguous,CEP164,43.0
Q9UKJ0,A43W,0.9183,pathogenic,CEP164,43.0
Q9UKJ0,A43Y,0.7866,pathogenic,CEP164,43.0
Q9UKJ0,S44A,0.0796,benign,CEP164,44.0
Q9UKJ0,S44C,0.1671,benign,CEP164,44.0
Q9UKJ0,S44D,0.3116,benign,CEP164,44.0
Q9UKJ0,S44E,0.3068,benign,CEP164,44.0
Q9UKJ0,S44F,0.215,benign,CEP164,44.0
Q9UKJ0,S44G,0.1496,benign,CEP164,44.0
Q9UKJ0,S44H,0.2489,benign,CEP164,44.0
Q9UKJ0,S44I,0.1643,benign,CEP164,44.0
Q9UKJ0,S44K,0.4586,ambiguous,CEP164,44.0
Q9UKJ0,S44L,0.1282,benign,CEP164,44.0
Q9UKJ0,S44M,0.2789,benign,CEP164,44.0
Q9UKJ0,S44N,0.1932,benign,CEP164,44.0
Q9UKJ0,S44P,0.0423,benign,CEP164,44.0
Q9UKJ0,S44Q,0.2978,benign,CEP164,44.0
Q9UKJ0,S44R,0.3001,benign,CEP164,44.0
Q9UKJ0,S44T,0.1102,benign,CEP164,44.0
Q9UKJ0,S44V,0.1655,benign,CEP164,44.0
Q9UKJ0,S44W,0.2191,benign,CEP164,44.0
Q9UKJ0,S44Y,0.1645,benign,CEP164,44.0
Q9UKJ0,M45A,0.322,benign,CEP164,45.0
Q9UKJ0,M45C,0.8084,pathogenic,CEP164,45.0
Q9UKJ0,M45D,0.7683,pathogenic,CEP164,45.0
Q9UKJ0,M45E,0.2268,benign,CEP164,45.0
Q9UKJ0,M45F,0.4206,ambiguous,CEP164,45.0
Q9UKJ0,M45G,0.6267,pathogenic,CEP164,45.0
Q9UKJ0,M45H,0.5832,pathogenic,CEP164,45.0
Q9UKJ0,M45I,0.2793,benign,CEP164,45.0
Q9UKJ0,M45K,0.1326,benign,CEP164,45.0
Q9UKJ0,M45L,0.1753,benign,CEP164,45.0
Q9UKJ0,M45N,0.6077,pathogenic,CEP164,45.0
Q9UKJ0,M45P,0.5013,ambiguous,CEP164,45.0
Q9UKJ0,M45Q,0.1933,benign,CEP164,45.0
Q9UKJ0,M45R,0.1395,benign,CEP164,45.0
Q9UKJ0,M45S,0.4339,ambiguous,CEP164,45.0
Q9UKJ0,M45T,0.1778,benign,CEP164,45.0
Q9UKJ0,M45V,0.0659,benign,CEP164,45.0
Q9UKJ0,M45W,0.6055,pathogenic,CEP164,45.0
Q9UKJ0,M45Y,0.6527,pathogenic,CEP164,45.0
Q9UKJ0,G46A,0.4526,ambiguous,CEP164,46.0
Q9UKJ0,G46C,0.6958,pathogenic,CEP164,46.0
Q9UKJ0,G46D,0.4272,ambiguous,CEP164,46.0
Q9UKJ0,G46E,0.517,ambiguous,CEP164,46.0
Q9UKJ0,G46F,0.8872,pathogenic,CEP164,46.0
Q9UKJ0,G46H,0.8036,pathogenic,CEP164,46.0
Q9UKJ0,G46I,0.8265,pathogenic,CEP164,46.0
Q9UKJ0,G46K,0.7986,pathogenic,CEP164,46.0
Q9UKJ0,G46L,0.8385,pathogenic,CEP164,46.0
Q9UKJ0,G46M,0.8825,pathogenic,CEP164,46.0
Q9UKJ0,G46N,0.7038,pathogenic,CEP164,46.0
Q9UKJ0,G46P,0.9375,pathogenic,CEP164,46.0
Q9UKJ0,G46Q,0.7452,pathogenic,CEP164,46.0
Q9UKJ0,G46R,0.6094,pathogenic,CEP164,46.0
Q9UKJ0,G46S,0.3883,ambiguous,CEP164,46.0
Q9UKJ0,G46T,0.6181,pathogenic,CEP164,46.0
Q9UKJ0,G46V,0.6614,pathogenic,CEP164,46.0
Q9UKJ0,G46W,0.6874,pathogenic,CEP164,46.0
Q9UKJ0,G46Y,0.8014,pathogenic,CEP164,46.0
Q9UKJ0,G47A,0.2714,benign,CEP164,47.0
Q9UKJ0,G47C,0.3291,benign,CEP164,47.0
Q9UKJ0,G47D,0.1781,benign,CEP164,47.0
Q9UKJ0,G47E,0.3311,benign,CEP164,47.0
Q9UKJ0,G47F,0.7097,pathogenic,CEP164,47.0
Q9UKJ0,G47H,0.521,ambiguous,CEP164,47.0
Q9UKJ0,G47I,0.5162,ambiguous,CEP164,47.0
Q9UKJ0,G47K,0.6078,pathogenic,CEP164,47.0
Q9UKJ0,G47L,0.6807,pathogenic,CEP164,47.0
Q9UKJ0,G47M,0.7349,pathogenic,CEP164,47.0
Q9UKJ0,G47N,0.4193,ambiguous,CEP164,47.0
Q9UKJ0,G47P,0.9454,pathogenic,CEP164,47.0
Q9UKJ0,G47Q,0.4978,ambiguous,CEP164,47.0
Q9UKJ0,G47R,0.3975,ambiguous,CEP164,47.0
Q9UKJ0,G47S,0.1421,benign,CEP164,47.0
Q9UKJ0,G47T,0.3747,ambiguous,CEP164,47.0
Q9UKJ0,G47V,0.3811,ambiguous,CEP164,47.0
Q9UKJ0,G47W,0.526,ambiguous,CEP164,47.0
Q9UKJ0,G47Y,0.5671,pathogenic,CEP164,47.0
Q9UKJ0,S48A,0.2004,benign,CEP164,48.0
Q9UKJ0,S48C,0.3363,benign,CEP164,48.0
Q9UKJ0,S48D,0.6533,pathogenic,CEP164,48.0
Q9UKJ0,S48E,0.7721,pathogenic,CEP164,48.0
Q9UKJ0,S48F,0.352,ambiguous,CEP164,48.0
Q9UKJ0,S48G,0.3625,ambiguous,CEP164,48.0
Q9UKJ0,S48H,0.6261,pathogenic,CEP164,48.0
Q9UKJ0,S48I,0.4887,ambiguous,CEP164,48.0
Q9UKJ0,S48K,0.915,pathogenic,CEP164,48.0
Q9UKJ0,S48L,0.3512,ambiguous,CEP164,48.0
Q9UKJ0,S48M,0.4974,ambiguous,CEP164,48.0
Q9UKJ0,S48N,0.4758,ambiguous,CEP164,48.0
Q9UKJ0,S48P,0.6855,pathogenic,CEP164,48.0
Q9UKJ0,S48Q,0.812,pathogenic,CEP164,48.0
Q9UKJ0,S48R,0.8347,pathogenic,CEP164,48.0
Q9UKJ0,S48T,0.16,benign,CEP164,48.0
Q9UKJ0,S48V,0.4893,ambiguous,CEP164,48.0
Q9UKJ0,S48W,0.3999,ambiguous,CEP164,48.0
Q9UKJ0,S48Y,0.3038,benign,CEP164,48.0
Q9UKJ0,V49A,0.4172,ambiguous,CEP164,49.0
Q9UKJ0,V49C,0.9299,pathogenic,CEP164,49.0
Q9UKJ0,V49D,0.8402,pathogenic,CEP164,49.0
Q9UKJ0,V49E,0.6719,pathogenic,CEP164,49.0
Q9UKJ0,V49F,0.4535,ambiguous,CEP164,49.0
Q9UKJ0,V49G,0.5886,pathogenic,CEP164,49.0
Q9UKJ0,V49H,0.9367,pathogenic,CEP164,49.0
Q9UKJ0,V49I,0.1162,benign,CEP164,49.0
Q9UKJ0,V49K,0.7313,pathogenic,CEP164,49.0
Q9UKJ0,V49L,0.4627,ambiguous,CEP164,49.0
Q9UKJ0,V49M,0.2904,benign,CEP164,49.0
Q9UKJ0,V49N,0.8595,pathogenic,CEP164,49.0
Q9UKJ0,V49P,0.9067,pathogenic,CEP164,49.0
Q9UKJ0,V49Q,0.7312,pathogenic,CEP164,49.0
Q9UKJ0,V49R,0.6391,pathogenic,CEP164,49.0
Q9UKJ0,V49S,0.6853,pathogenic,CEP164,49.0
Q9UKJ0,V49T,0.4058,ambiguous,CEP164,49.0
Q9UKJ0,V49W,0.9317,pathogenic,CEP164,49.0
Q9UKJ0,V49Y,0.8903,pathogenic,CEP164,49.0
Q9UKJ0,E50A,0.3041,benign,CEP164,50.0
Q9UKJ0,E50C,0.9194,pathogenic,CEP164,50.0
Q9UKJ0,E50D,0.2919,benign,CEP164,50.0
Q9UKJ0,E50F,0.8827,pathogenic,CEP164,50.0
Q9UKJ0,E50G,0.4016,ambiguous,CEP164,50.0
Q9UKJ0,E50H,0.6561,pathogenic,CEP164,50.0
Q9UKJ0,E50I,0.596,pathogenic,CEP164,50.0
Q9UKJ0,E50K,0.3199,benign,CEP164,50.0
Q9UKJ0,E50L,0.6425,pathogenic,CEP164,50.0
Q9UKJ0,E50M,0.6644,pathogenic,CEP164,50.0
Q9UKJ0,E50N,0.5255,ambiguous,CEP164,50.0
Q9UKJ0,E50P,0.8753,pathogenic,CEP164,50.0
Q9UKJ0,E50Q,0.2292,benign,CEP164,50.0
Q9UKJ0,E50R,0.4234,ambiguous,CEP164,50.0
Q9UKJ0,E50S,0.4204,ambiguous,CEP164,50.0
Q9UKJ0,E50T,0.4324,ambiguous,CEP164,50.0
Q9UKJ0,E50V,0.3798,ambiguous,CEP164,50.0
Q9UKJ0,E50W,0.9341,pathogenic,CEP164,50.0
Q9UKJ0,E50Y,0.789,pathogenic,CEP164,50.0
Q9UKJ0,I51A,0.972,pathogenic,CEP164,51.0
Q9UKJ0,I51C,0.9827,pathogenic,CEP164,51.0
Q9UKJ0,I51D,0.9514,pathogenic,CEP164,51.0
Q9UKJ0,I51E,0.9533,pathogenic,CEP164,51.0
Q9UKJ0,I51F,0.5716,pathogenic,CEP164,51.0
Q9UKJ0,I51G,0.9809,pathogenic,CEP164,51.0
Q9UKJ0,I51H,0.9291,pathogenic,CEP164,51.0
Q9UKJ0,I51K,0.887,pathogenic,CEP164,51.0
Q9UKJ0,I51L,0.4708,ambiguous,CEP164,51.0
Q9UKJ0,I51M,0.4016,ambiguous,CEP164,51.0
Q9UKJ0,I51N,0.7055,pathogenic,CEP164,51.0
Q9UKJ0,I51P,0.9681,pathogenic,CEP164,51.0
Q9UKJ0,I51Q,0.9369,pathogenic,CEP164,51.0
Q9UKJ0,I51R,0.9054,pathogenic,CEP164,51.0
Q9UKJ0,I51S,0.8992,pathogenic,CEP164,51.0
Q9UKJ0,I51T,0.9654,pathogenic,CEP164,51.0
Q9UKJ0,I51V,0.6266,pathogenic,CEP164,51.0
Q9UKJ0,I51W,0.9566,pathogenic,CEP164,51.0
Q9UKJ0,I51Y,0.8152,pathogenic,CEP164,51.0
Q9UKJ0,P52A,0.2806,benign,CEP164,52.0
Q9UKJ0,P52C,0.7584,pathogenic,CEP164,52.0
Q9UKJ0,P52D,0.7333,pathogenic,CEP164,52.0
Q9UKJ0,P52E,0.6945,pathogenic,CEP164,52.0
Q9UKJ0,P52F,0.7786,pathogenic,CEP164,52.0
Q9UKJ0,P52G,0.6671,pathogenic,CEP164,52.0
Q9UKJ0,P52H,0.4081,ambiguous,CEP164,52.0
Q9UKJ0,P52I,0.6852,pathogenic,CEP164,52.0
Q9UKJ0,P52K,0.6993,pathogenic,CEP164,52.0
Q9UKJ0,P52L,0.3203,benign,CEP164,52.0
Q9UKJ0,P52M,0.7876,pathogenic,CEP164,52.0
Q9UKJ0,P52N,0.6782,pathogenic,CEP164,52.0
Q9UKJ0,P52Q,0.4971,ambiguous,CEP164,52.0
Q9UKJ0,P52R,0.3474,ambiguous,CEP164,52.0
Q9UKJ0,P52S,0.3386,benign,CEP164,52.0
Q9UKJ0,P52T,0.3161,benign,CEP164,52.0
Q9UKJ0,P52V,0.6123,pathogenic,CEP164,52.0
Q9UKJ0,P52W,0.8081,pathogenic,CEP164,52.0
Q9UKJ0,P52Y,0.7142,pathogenic,CEP164,52.0
Q9UKJ0,F53A,0.9295,pathogenic,CEP164,53.0
Q9UKJ0,F53C,0.6047,pathogenic,CEP164,53.0
Q9UKJ0,F53D,0.9818,pathogenic,CEP164,53.0
Q9UKJ0,F53E,0.9887,pathogenic,CEP164,53.0
Q9UKJ0,F53G,0.9697,pathogenic,CEP164,53.0
Q9UKJ0,F53H,0.9328,pathogenic,CEP164,53.0
Q9UKJ0,F53I,0.6702,pathogenic,CEP164,53.0
Q9UKJ0,F53K,0.9886,pathogenic,CEP164,53.0
Q9UKJ0,F53L,0.9763,pathogenic,CEP164,53.0
Q9UKJ0,F53M,0.9199,pathogenic,CEP164,53.0
Q9UKJ0,F53N,0.964,pathogenic,CEP164,53.0
Q9UKJ0,F53P,0.9932,pathogenic,CEP164,53.0
Q9UKJ0,F53Q,0.979,pathogenic,CEP164,53.0
Q9UKJ0,F53R,0.9578,pathogenic,CEP164,53.0
Q9UKJ0,F53S,0.89,pathogenic,CEP164,53.0
Q9UKJ0,F53T,0.9453,pathogenic,CEP164,53.0
Q9UKJ0,F53V,0.5972,pathogenic,CEP164,53.0
Q9UKJ0,F53W,0.8627,pathogenic,CEP164,53.0
Q9UKJ0,F53Y,0.6086,pathogenic,CEP164,53.0
Q9UKJ0,S54A,0.1614,benign,CEP164,54.0
Q9UKJ0,S54C,0.2046,benign,CEP164,54.0
Q9UKJ0,S54D,0.6345,pathogenic,CEP164,54.0
Q9UKJ0,S54E,0.7025,pathogenic,CEP164,54.0
Q9UKJ0,S54F,0.2494,benign,CEP164,54.0
Q9UKJ0,S54G,0.3028,benign,CEP164,54.0
Q9UKJ0,S54H,0.3486,ambiguous,CEP164,54.0
Q9UKJ0,S54I,0.3237,benign,CEP164,54.0
Q9UKJ0,S54K,0.8093,pathogenic,CEP164,54.0
Q9UKJ0,S54L,0.2389,benign,CEP164,54.0
Q9UKJ0,S54M,0.4787,ambiguous,CEP164,54.0
Q9UKJ0,S54N,0.4218,ambiguous,CEP164,54.0
Q9UKJ0,S54P,0.7455,pathogenic,CEP164,54.0
Q9UKJ0,S54Q,0.583,pathogenic,CEP164,54.0
Q9UKJ0,S54R,0.5935,pathogenic,CEP164,54.0
Q9UKJ0,S54T,0.1453,benign,CEP164,54.0
Q9UKJ0,S54V,0.3587,ambiguous,CEP164,54.0
Q9UKJ0,S54W,0.2893,benign,CEP164,54.0
Q9UKJ0,S54Y,0.1998,benign,CEP164,54.0
Q9UKJ0,F55A,0.9215,pathogenic,CEP164,55.0
Q9UKJ0,F55C,0.7802,pathogenic,CEP164,55.0
Q9UKJ0,F55D,0.9704,pathogenic,CEP164,55.0
Q9UKJ0,F55E,0.9825,pathogenic,CEP164,55.0
Q9UKJ0,F55G,0.9635,pathogenic,CEP164,55.0
Q9UKJ0,F55H,0.904,pathogenic,CEP164,55.0
Q9UKJ0,F55I,0.541,ambiguous,CEP164,55.0
Q9UKJ0,F55K,0.9734,pathogenic,CEP164,55.0
Q9UKJ0,F55L,0.9661,pathogenic,CEP164,55.0
Q9UKJ0,F55M,0.8958,pathogenic,CEP164,55.0
Q9UKJ0,F55N,0.9421,pathogenic,CEP164,55.0
Q9UKJ0,F55P,0.9887,pathogenic,CEP164,55.0
Q9UKJ0,F55Q,0.9716,pathogenic,CEP164,55.0
Q9UKJ0,F55R,0.927,pathogenic,CEP164,55.0
Q9UKJ0,F55S,0.8551,pathogenic,CEP164,55.0
Q9UKJ0,F55T,0.9139,pathogenic,CEP164,55.0
Q9UKJ0,F55V,0.5603,ambiguous,CEP164,55.0
Q9UKJ0,F55W,0.7056,pathogenic,CEP164,55.0
Q9UKJ0,F55Y,0.4354,ambiguous,CEP164,55.0
Q9UKJ0,Y56A,0.4785,ambiguous,CEP164,56.0
Q9UKJ0,Y56C,0.1247,benign,CEP164,56.0
Q9UKJ0,Y56D,0.2717,benign,CEP164,56.0
Q9UKJ0,Y56E,0.6749,pathogenic,CEP164,56.0
Q9UKJ0,Y56F,0.1613,benign,CEP164,56.0
Q9UKJ0,Y56G,0.3814,ambiguous,CEP164,56.0
Q9UKJ0,Y56H,0.1881,benign,CEP164,56.0
Q9UKJ0,Y56I,0.4631,ambiguous,CEP164,56.0
Q9UKJ0,Y56K,0.6,pathogenic,CEP164,56.0
Q9UKJ0,Y56L,0.4812,ambiguous,CEP164,56.0
Q9UKJ0,Y56M,0.7048,pathogenic,CEP164,56.0
Q9UKJ0,Y56N,0.1883,benign,CEP164,56.0
Q9UKJ0,Y56P,0.7372,pathogenic,CEP164,56.0
Q9UKJ0,Y56Q,0.5139,ambiguous,CEP164,56.0
Q9UKJ0,Y56R,0.3475,ambiguous,CEP164,56.0
Q9UKJ0,Y56S,0.141,benign,CEP164,56.0
Q9UKJ0,Y56T,0.3664,ambiguous,CEP164,56.0
Q9UKJ0,Y56V,0.3955,ambiguous,CEP164,56.0
Q9UKJ0,Y56W,0.3978,ambiguous,CEP164,56.0
Q9UKJ0,Y57A,0.714,pathogenic,CEP164,57.0
Q9UKJ0,Y57C,0.2551,benign,CEP164,57.0
Q9UKJ0,Y57D,0.5714,pathogenic,CEP164,57.0
Q9UKJ0,Y57E,0.7989,pathogenic,CEP164,57.0
Q9UKJ0,Y57F,0.1834,benign,CEP164,57.0
Q9UKJ0,Y57G,0.6457,pathogenic,CEP164,57.0
Q9UKJ0,Y57H,0.1138,benign,CEP164,57.0
Q9UKJ0,Y57I,0.6613,pathogenic,CEP164,57.0
Q9UKJ0,Y57K,0.6678,pathogenic,CEP164,57.0
Q9UKJ0,Y57L,0.5794,pathogenic,CEP164,57.0
Q9UKJ0,Y57M,0.8257,pathogenic,CEP164,57.0
Q9UKJ0,Y57N,0.3678,ambiguous,CEP164,57.0
Q9UKJ0,Y57P,0.7249,pathogenic,CEP164,57.0
Q9UKJ0,Y57Q,0.6604,pathogenic,CEP164,57.0
Q9UKJ0,Y57R,0.4676,ambiguous,CEP164,57.0
Q9UKJ0,Y57S,0.3677,ambiguous,CEP164,57.0
Q9UKJ0,Y57T,0.7015,pathogenic,CEP164,57.0
Q9UKJ0,Y57V,0.6131,pathogenic,CEP164,57.0
Q9UKJ0,Y57W,0.4868,ambiguous,CEP164,57.0
Q9UKJ0,P58A,0.2282,benign,CEP164,58.0
Q9UKJ0,P58C,0.6824,pathogenic,CEP164,58.0
Q9UKJ0,P58D,0.4808,ambiguous,CEP164,58.0
Q9UKJ0,P58E,0.4798,ambiguous,CEP164,58.0
Q9UKJ0,P58F,0.7611,pathogenic,CEP164,58.0
Q9UKJ0,P58G,0.4781,ambiguous,CEP164,58.0
Q9UKJ0,P58H,0.3116,benign,CEP164,58.0
Q9UKJ0,P58I,0.6453,pathogenic,CEP164,58.0
Q9UKJ0,P58K,0.546,ambiguous,CEP164,58.0
Q9UKJ0,P58L,0.2915,benign,CEP164,58.0
Q9UKJ0,P58M,0.7152,pathogenic,CEP164,58.0
Q9UKJ0,P58N,0.5151,ambiguous,CEP164,58.0
Q9UKJ0,P58Q,0.3446,ambiguous,CEP164,58.0
Q9UKJ0,P58R,0.2821,benign,CEP164,58.0
Q9UKJ0,P58S,0.2058,benign,CEP164,58.0
Q9UKJ0,P58T,0.2331,benign,CEP164,58.0
Q9UKJ0,P58V,0.547,ambiguous,CEP164,58.0
Q9UKJ0,P58W,0.7476,pathogenic,CEP164,58.0
Q9UKJ0,P58Y,0.665,pathogenic,CEP164,58.0
Q9UKJ0,W59A,0.4323,ambiguous,CEP164,59.0
Q9UKJ0,W59C,0.791,pathogenic,CEP164,59.0
Q9UKJ0,W59D,0.6375,pathogenic,CEP164,59.0
Q9UKJ0,W59E,0.6288,pathogenic,CEP164,59.0
Q9UKJ0,W59F,0.4508,ambiguous,CEP164,59.0
Q9UKJ0,W59G,0.1493,benign,CEP164,59.0
Q9UKJ0,W59H,0.7595,pathogenic,CEP164,59.0
Q9UKJ0,W59I,0.8002,pathogenic,CEP164,59.0
Q9UKJ0,W59K,0.7521,pathogenic,CEP164,59.0
Q9UKJ0,W59L,0.4996,ambiguous,CEP164,59.0
Q9UKJ0,W59M,0.7098,pathogenic,CEP164,59.0
Q9UKJ0,W59N,0.7672,pathogenic,CEP164,59.0
Q9UKJ0,W59P,0.796,pathogenic,CEP164,59.0
Q9UKJ0,W59Q,0.6936,pathogenic,CEP164,59.0
Q9UKJ0,W59R,0.6457,pathogenic,CEP164,59.0
Q9UKJ0,W59S,0.2833,benign,CEP164,59.0
Q9UKJ0,W59T,0.483,ambiguous,CEP164,59.0
Q9UKJ0,W59V,0.6412,pathogenic,CEP164,59.0
Q9UKJ0,W59Y,0.6253,pathogenic,CEP164,59.0
Q9UKJ0,E60A,0.2556,benign,CEP164,60.0
Q9UKJ0,E60C,0.8899,pathogenic,CEP164,60.0
Q9UKJ0,E60D,0.2338,benign,CEP164,60.0
Q9UKJ0,E60F,0.7802,pathogenic,CEP164,60.0
Q9UKJ0,E60G,0.2679,benign,CEP164,60.0
Q9UKJ0,E60H,0.4847,ambiguous,CEP164,60.0
Q9UKJ0,E60I,0.4376,ambiguous,CEP164,60.0
Q9UKJ0,E60K,0.1693,benign,CEP164,60.0
Q9UKJ0,E60L,0.4963,ambiguous,CEP164,60.0
Q9UKJ0,E60M,0.5694,pathogenic,CEP164,60.0
Q9UKJ0,E60N,0.4095,ambiguous,CEP164,60.0
Q9UKJ0,E60P,0.5185,ambiguous,CEP164,60.0
Q9UKJ0,E60Q,0.1564,benign,CEP164,60.0
Q9UKJ0,E60R,0.2418,benign,CEP164,60.0
Q9UKJ0,E60S,0.3701,ambiguous,CEP164,60.0
Q9UKJ0,E60T,0.367,ambiguous,CEP164,60.0
Q9UKJ0,E60V,0.2464,benign,CEP164,60.0
Q9UKJ0,E60W,0.8685,pathogenic,CEP164,60.0
Q9UKJ0,E60Y,0.6061,pathogenic,CEP164,60.0
Q9UKJ0,L61A,0.282,benign,CEP164,61.0
Q9UKJ0,L61C,0.7542,pathogenic,CEP164,61.0
Q9UKJ0,L61D,0.5747,pathogenic,CEP164,61.0
Q9UKJ0,L61E,0.3316,benign,CEP164,61.0
Q9UKJ0,L61F,0.3366,benign,CEP164,61.0
Q9UKJ0,L61G,0.4871,ambiguous,CEP164,61.0
Q9UKJ0,L61H,0.3658,ambiguous,CEP164,61.0
Q9UKJ0,L61I,0.1965,benign,CEP164,61.0
Q9UKJ0,L61K,0.2416,benign,CEP164,61.0
Q9UKJ0,L61M,0.1833,benign,CEP164,61.0
Q9UKJ0,L61N,0.4451,ambiguous,CEP164,61.0
Q9UKJ0,L61P,0.1502,benign,CEP164,61.0
Q9UKJ0,L61Q,0.24,benign,CEP164,61.0
Q9UKJ0,L61R,0.2153,benign,CEP164,61.0
Q9UKJ0,L61S,0.3719,ambiguous,CEP164,61.0
Q9UKJ0,L61T,0.2625,benign,CEP164,61.0
Q9UKJ0,L61V,0.1747,benign,CEP164,61.0
Q9UKJ0,L61W,0.3343,benign,CEP164,61.0
Q9UKJ0,L61Y,0.5345,ambiguous,CEP164,61.0
Q9UKJ0,A62C,0.7156,pathogenic,CEP164,62.0
Q9UKJ0,A62D,0.2464,benign,CEP164,62.0
Q9UKJ0,A62E,0.3991,ambiguous,CEP164,62.0
Q9UKJ0,A62F,0.5997,pathogenic,CEP164,62.0
Q9UKJ0,A62G,0.197,benign,CEP164,62.0
Q9UKJ0,A62H,0.5783,pathogenic,CEP164,62.0
Q9UKJ0,A62I,0.6901,pathogenic,CEP164,62.0
Q9UKJ0,A62K,0.6409,pathogenic,CEP164,62.0
Q9UKJ0,A62L,0.4203,ambiguous,CEP164,62.0
Q9UKJ0,A62M,0.6044,pathogenic,CEP164,62.0
Q9UKJ0,A62N,0.362,ambiguous,CEP164,62.0
Q9UKJ0,A62P,0.2439,benign,CEP164,62.0
Q9UKJ0,A62Q,0.5144,ambiguous,CEP164,62.0
Q9UKJ0,A62R,0.4943,ambiguous,CEP164,62.0
Q9UKJ0,A62S,0.1385,benign,CEP164,62.0
Q9UKJ0,A62T,0.2142,benign,CEP164,62.0
Q9UKJ0,A62V,0.3786,ambiguous,CEP164,62.0
Q9UKJ0,A62W,0.8186,pathogenic,CEP164,62.0
Q9UKJ0,A62Y,0.6471,pathogenic,CEP164,62.0
Q9UKJ0,I63A,0.0842,benign,CEP164,63.0
Q9UKJ0,I63C,0.5556,ambiguous,CEP164,63.0
Q9UKJ0,I63D,0.1706,benign,CEP164,63.0
Q9UKJ0,I63E,0.142,benign,CEP164,63.0
Q9UKJ0,I63F,0.144,benign,CEP164,63.0
Q9UKJ0,I63G,0.271,benign,CEP164,63.0
Q9UKJ0,I63H,0.2117,benign,CEP164,63.0
Q9UKJ0,I63K,0.0905,benign,CEP164,63.0
Q9UKJ0,I63L,0.1087,benign,CEP164,63.0
Q9UKJ0,I63M,0.083,benign,CEP164,63.0
Q9UKJ0,I63N,0.0881,benign,CEP164,63.0
Q9UKJ0,I63P,0.1508,benign,CEP164,63.0
Q9UKJ0,I63Q,0.1526,benign,CEP164,63.0
Q9UKJ0,I63R,0.0679,benign,CEP164,63.0
Q9UKJ0,I63S,0.0884,benign,CEP164,63.0
Q9UKJ0,I63T,0.058,benign,CEP164,63.0
Q9UKJ0,I63V,0.0847,benign,CEP164,63.0
Q9UKJ0,I63W,0.4232,ambiguous,CEP164,63.0
Q9UKJ0,I63Y,0.2681,benign,CEP164,63.0
Q9UKJ0,V64A,0.0886,benign,CEP164,64.0
Q9UKJ0,V64C,0.6134,pathogenic,CEP164,64.0
Q9UKJ0,V64D,0.0882,benign,CEP164,64.0
Q9UKJ0,V64E,0.1354,benign,CEP164,64.0
Q9UKJ0,V64F,0.1279,benign,CEP164,64.0
Q9UKJ0,V64G,0.1465,benign,CEP164,64.0
Q9UKJ0,V64H,0.2642,benign,CEP164,64.0
Q9UKJ0,V64I,0.1106,benign,CEP164,64.0
Q9UKJ0,V64K,0.1782,benign,CEP164,64.0
Q9UKJ0,V64L,0.1683,benign,CEP164,64.0
Q9UKJ0,V64M,0.2087,benign,CEP164,64.0
Q9UKJ0,V64N,0.1174,benign,CEP164,64.0
Q9UKJ0,V64P,0.1333,benign,CEP164,64.0
Q9UKJ0,V64Q,0.1666,benign,CEP164,64.0
Q9UKJ0,V64R,0.1322,benign,CEP164,64.0
Q9UKJ0,V64S,0.1003,benign,CEP164,64.0
Q9UKJ0,V64T,0.1308,benign,CEP164,64.0
Q9UKJ0,V64W,0.6088,pathogenic,CEP164,64.0
Q9UKJ0,V64Y,0.3029,benign,CEP164,64.0
Q9UKJ0,P65A,0.2558,benign,CEP164,65.0
Q9UKJ0,P65C,0.8259,pathogenic,CEP164,65.0
Q9UKJ0,P65D,0.604,pathogenic,CEP164,65.0
Q9UKJ0,P65E,0.4962,ambiguous,CEP164,65.0
Q9UKJ0,P65F,0.892,pathogenic,CEP164,65.0
Q9UKJ0,P65G,0.5175,ambiguous,CEP164,65.0
Q9UKJ0,P65H,0.4298,ambiguous,CEP164,65.0
Q9UKJ0,P65I,0.8253,pathogenic,CEP164,65.0
Q9UKJ0,P65K,0.576,pathogenic,CEP164,65.0
Q9UKJ0,P65L,0.4271,ambiguous,CEP164,65.0
Q9UKJ0,P65M,0.812,pathogenic,CEP164,65.0
Q9UKJ0,P65N,0.6362,pathogenic,CEP164,65.0
Q9UKJ0,P65Q,0.378,ambiguous,CEP164,65.0
Q9UKJ0,P65R,0.333,benign,CEP164,65.0
Q9UKJ0,P65S,0.2751,benign,CEP164,65.0
Q9UKJ0,P65T,0.303,benign,CEP164,65.0
Q9UKJ0,P65V,0.6928,pathogenic,CEP164,65.0
Q9UKJ0,P65W,0.8115,pathogenic,CEP164,65.0
Q9UKJ0,P65Y,0.7911,pathogenic,CEP164,65.0
Q9UKJ0,N66A,0.2656,benign,CEP164,66.0
Q9UKJ0,N66C,0.5542,ambiguous,CEP164,66.0
Q9UKJ0,N66D,0.078,benign,CEP164,66.0
Q9UKJ0,N66E,0.3108,benign,CEP164,66.0
Q9UKJ0,N66F,0.6826,pathogenic,CEP164,66.0
Q9UKJ0,N66G,0.3483,ambiguous,CEP164,66.0
Q9UKJ0,N66H,0.149,benign,CEP164,66.0
Q9UKJ0,N66I,0.3564,ambiguous,CEP164,66.0
Q9UKJ0,N66K,0.2909,benign,CEP164,66.0
Q9UKJ0,N66L,0.3853,ambiguous,CEP164,66.0
Q9UKJ0,N66M,0.5071,ambiguous,CEP164,66.0
Q9UKJ0,N66P,0.5755,pathogenic,CEP164,66.0
Q9UKJ0,N66Q,0.3929,ambiguous,CEP164,66.0
Q9UKJ0,N66R,0.2948,benign,CEP164,66.0
Q9UKJ0,N66S,0.1109,benign,CEP164,66.0
Q9UKJ0,N66T,0.1972,benign,CEP164,66.0
Q9UKJ0,N66V,0.3292,benign,CEP164,66.0
Q9UKJ0,N66W,0.752,pathogenic,CEP164,66.0
Q9UKJ0,N66Y,0.2316,benign,CEP164,66.0
Q9UKJ0,V67A,0.4994,ambiguous,CEP164,67.0
Q9UKJ0,V67C,0.8247,pathogenic,CEP164,67.0
Q9UKJ0,V67D,0.6026,pathogenic,CEP164,67.0
Q9UKJ0,V67E,0.4185,ambiguous,CEP164,67.0
Q9UKJ0,V67F,0.2531,benign,CEP164,67.0
Q9UKJ0,V67G,0.3557,ambiguous,CEP164,67.0
Q9UKJ0,V67H,0.709,pathogenic,CEP164,67.0
Q9UKJ0,V67I,0.1613,benign,CEP164,67.0
Q9UKJ0,V67K,0.3956,ambiguous,CEP164,67.0
Q9UKJ0,V67L,0.2651,benign,CEP164,67.0
Q9UKJ0,V67M,0.1345,benign,CEP164,67.0
Q9UKJ0,V67N,0.5995,pathogenic,CEP164,67.0
Q9UKJ0,V67P,0.7073,pathogenic,CEP164,67.0
Q9UKJ0,V67Q,0.3889,ambiguous,CEP164,67.0
Q9UKJ0,V67R,0.3093,benign,CEP164,67.0
Q9UKJ0,V67S,0.562,ambiguous,CEP164,67.0
Q9UKJ0,V67T,0.4879,ambiguous,CEP164,67.0
Q9UKJ0,V67W,0.7764,pathogenic,CEP164,67.0
Q9UKJ0,V67Y,0.6505,pathogenic,CEP164,67.0
Q9UKJ0,R68A,0.3062,benign,CEP164,68.0
Q9UKJ0,R68C,0.3055,benign,CEP164,68.0
Q9UKJ0,R68D,0.5311,ambiguous,CEP164,68.0
Q9UKJ0,R68E,0.2783,benign,CEP164,68.0
Q9UKJ0,R68F,0.549,ambiguous,CEP164,68.0
Q9UKJ0,R68G,0.2116,benign,CEP164,68.0
Q9UKJ0,R68H,0.1512,benign,CEP164,68.0
Q9UKJ0,R68I,0.1902,benign,CEP164,68.0
Q9UKJ0,R68K,0.1007,benign,CEP164,68.0
Q9UKJ0,R68L,0.2409,benign,CEP164,68.0
Q9UKJ0,R68M,0.2083,benign,CEP164,68.0
Q9UKJ0,R68N,0.4235,ambiguous,CEP164,68.0
Q9UKJ0,R68P,0.721,pathogenic,CEP164,68.0
Q9UKJ0,R68Q,0.1209,benign,CEP164,68.0
Q9UKJ0,R68S,0.3234,benign,CEP164,68.0
Q9UKJ0,R68T,0.1456,benign,CEP164,68.0
Q9UKJ0,R68V,0.2916,benign,CEP164,68.0
Q9UKJ0,R68W,0.2113,benign,CEP164,68.0
Q9UKJ0,R68Y,0.4677,ambiguous,CEP164,68.0
Q9UKJ0,I69A,0.9389,pathogenic,CEP164,69.0
Q9UKJ0,I69C,0.9542,pathogenic,CEP164,69.0
Q9UKJ0,I69D,0.9714,pathogenic,CEP164,69.0
Q9UKJ0,I69E,0.954,pathogenic,CEP164,69.0
Q9UKJ0,I69F,0.4721,ambiguous,CEP164,69.0
Q9UKJ0,I69G,0.9628,pathogenic,CEP164,69.0
Q9UKJ0,I69H,0.9237,pathogenic,CEP164,69.0
Q9UKJ0,I69K,0.8695,pathogenic,CEP164,69.0
Q9UKJ0,I69L,0.3014,benign,CEP164,69.0
Q9UKJ0,I69M,0.3932,ambiguous,CEP164,69.0
Q9UKJ0,I69N,0.7864,pathogenic,CEP164,69.0
Q9UKJ0,I69P,0.9404,pathogenic,CEP164,69.0
Q9UKJ0,I69Q,0.9206,pathogenic,CEP164,69.0
Q9UKJ0,I69R,0.8319,pathogenic,CEP164,69.0
Q9UKJ0,I69S,0.8912,pathogenic,CEP164,69.0
Q9UKJ0,I69T,0.935,pathogenic,CEP164,69.0
Q9UKJ0,I69V,0.3628,ambiguous,CEP164,69.0
Q9UKJ0,I69W,0.9418,pathogenic,CEP164,69.0
Q9UKJ0,I69Y,0.8144,pathogenic,CEP164,69.0
Q9UKJ0,S70A,0.1468,benign,CEP164,70.0
Q9UKJ0,S70C,0.1688,benign,CEP164,70.0
Q9UKJ0,S70D,0.581,pathogenic,CEP164,70.0
Q9UKJ0,S70E,0.5866,pathogenic,CEP164,70.0
Q9UKJ0,S70F,0.187,benign,CEP164,70.0
Q9UKJ0,S70G,0.2296,benign,CEP164,70.0
Q9UKJ0,S70H,0.3083,benign,CEP164,70.0
Q9UKJ0,S70I,0.2179,benign,CEP164,70.0
Q9UKJ0,S70K,0.7234,pathogenic,CEP164,70.0
Q9UKJ0,S70L,0.2241,benign,CEP164,70.0
Q9UKJ0,S70M,0.3734,ambiguous,CEP164,70.0
Q9UKJ0,S70N,0.3319,benign,CEP164,70.0
Q9UKJ0,S70P,0.7486,pathogenic,CEP164,70.0
Q9UKJ0,S70Q,0.497,ambiguous,CEP164,70.0
Q9UKJ0,S70R,0.4704,ambiguous,CEP164,70.0
Q9UKJ0,S70T,0.1567,benign,CEP164,70.0
Q9UKJ0,S70V,0.3069,benign,CEP164,70.0
Q9UKJ0,S70W,0.1948,benign,CEP164,70.0
Q9UKJ0,S70Y,0.1687,benign,CEP164,70.0
Q9UKJ0,W71A,0.9069,pathogenic,CEP164,71.0
Q9UKJ0,W71C,0.9176,pathogenic,CEP164,71.0
Q9UKJ0,W71D,0.9859,pathogenic,CEP164,71.0
Q9UKJ0,W71E,0.9648,pathogenic,CEP164,71.0
Q9UKJ0,W71F,0.5507,ambiguous,CEP164,71.0
Q9UKJ0,W71G,0.725,pathogenic,CEP164,71.0
Q9UKJ0,W71H,0.9531,pathogenic,CEP164,71.0
Q9UKJ0,W71I,0.8669,pathogenic,CEP164,71.0
Q9UKJ0,W71K,0.9762,pathogenic,CEP164,71.0
Q9UKJ0,W71L,0.6837,pathogenic,CEP164,71.0
Q9UKJ0,W71M,0.9138,pathogenic,CEP164,71.0
Q9UKJ0,W71N,0.9821,pathogenic,CEP164,71.0
Q9UKJ0,W71P,0.9715,pathogenic,CEP164,71.0
Q9UKJ0,W71Q,0.9634,pathogenic,CEP164,71.0
Q9UKJ0,W71R,0.9341,pathogenic,CEP164,71.0
Q9UKJ0,W71S,0.8462,pathogenic,CEP164,71.0
Q9UKJ0,W71T,0.913,pathogenic,CEP164,71.0
Q9UKJ0,W71V,0.803,pathogenic,CEP164,71.0
Q9UKJ0,W71Y,0.8435,pathogenic,CEP164,71.0
Q9UKJ0,R72A,0.7806,pathogenic,CEP164,72.0
Q9UKJ0,R72C,0.409,ambiguous,CEP164,72.0
Q9UKJ0,R72D,0.9071,pathogenic,CEP164,72.0
Q9UKJ0,R72E,0.5756,pathogenic,CEP164,72.0
Q9UKJ0,R72F,0.7922,pathogenic,CEP164,72.0
Q9UKJ0,R72G,0.6146,pathogenic,CEP164,72.0
Q9UKJ0,R72H,0.2373,benign,CEP164,72.0
Q9UKJ0,R72I,0.3545,ambiguous,CEP164,72.0
Q9UKJ0,R72K,0.191,benign,CEP164,72.0
Q9UKJ0,R72L,0.4694,ambiguous,CEP164,72.0
Q9UKJ0,R72M,0.432,ambiguous,CEP164,72.0
Q9UKJ0,R72N,0.8112,pathogenic,CEP164,72.0
Q9UKJ0,R72P,0.9199,pathogenic,CEP164,72.0
Q9UKJ0,R72Q,0.1693,benign,CEP164,72.0
Q9UKJ0,R72S,0.7798,pathogenic,CEP164,72.0
Q9UKJ0,R72T,0.4981,ambiguous,CEP164,72.0
Q9UKJ0,R72V,0.5881,pathogenic,CEP164,72.0
Q9UKJ0,R72W,0.2811,benign,CEP164,72.0
Q9UKJ0,R72Y,0.6455,pathogenic,CEP164,72.0
Q9UKJ0,R73A,0.6538,pathogenic,CEP164,73.0
Q9UKJ0,R73C,0.3287,benign,CEP164,73.0
Q9UKJ0,R73D,0.8541,pathogenic,CEP164,73.0
Q9UKJ0,R73E,0.4818,ambiguous,CEP164,73.0
Q9UKJ0,R73F,0.7286,pathogenic,CEP164,73.0
Q9UKJ0,R73G,0.4973,ambiguous,CEP164,73.0
Q9UKJ0,R73H,0.1941,benign,CEP164,73.0
Q9UKJ0,R73I,0.4056,ambiguous,CEP164,73.0
Q9UKJ0,R73K,0.2215,benign,CEP164,73.0
Q9UKJ0,R73L,0.3701,ambiguous,CEP164,73.0
Q9UKJ0,R73M,0.4675,ambiguous,CEP164,73.0
Q9UKJ0,R73N,0.8327,pathogenic,CEP164,73.0
Q9UKJ0,R73P,0.7991,pathogenic,CEP164,73.0
Q9UKJ0,R73Q,0.1516,benign,CEP164,73.0
Q9UKJ0,R73S,0.7576,pathogenic,CEP164,73.0
Q9UKJ0,R73T,0.4863,ambiguous,CEP164,73.0
Q9UKJ0,R73V,0.5573,ambiguous,CEP164,73.0
Q9UKJ0,R73W,0.1762,benign,CEP164,73.0
Q9UKJ0,R73Y,0.56,ambiguous,CEP164,73.0
Q9UKJ0,G74A,0.3163,benign,CEP164,74.0
Q9UKJ0,G74C,0.4339,ambiguous,CEP164,74.0
Q9UKJ0,G74D,0.2082,benign,CEP164,74.0
Q9UKJ0,G74E,0.2743,benign,CEP164,74.0
Q9UKJ0,G74F,0.7248,pathogenic,CEP164,74.0
Q9UKJ0,G74H,0.5196,ambiguous,CEP164,74.0
Q9UKJ0,G74I,0.5806,pathogenic,CEP164,74.0
Q9UKJ0,G74K,0.503,ambiguous,CEP164,74.0
Q9UKJ0,G74L,0.6536,pathogenic,CEP164,74.0
Q9UKJ0,G74M,0.7067,pathogenic,CEP164,74.0
Q9UKJ0,G74N,0.3931,ambiguous,CEP164,74.0
Q9UKJ0,G74P,0.9094,pathogenic,CEP164,74.0
Q9UKJ0,G74Q,0.4441,ambiguous,CEP164,74.0
Q9UKJ0,G74R,0.3652,ambiguous,CEP164,74.0
Q9UKJ0,G74S,0.2061,benign,CEP164,74.0
Q9UKJ0,G74T,0.3828,ambiguous,CEP164,74.0
Q9UKJ0,G74V,0.4303,ambiguous,CEP164,74.0
Q9UKJ0,G74W,0.4495,ambiguous,CEP164,74.0
Q9UKJ0,G74Y,0.5434,ambiguous,CEP164,74.0
Q9UKJ0,H75A,0.3885,ambiguous,CEP164,75.0
Q9UKJ0,H75C,0.3845,ambiguous,CEP164,75.0
Q9UKJ0,H75D,0.1179,benign,CEP164,75.0
Q9UKJ0,H75E,0.3168,benign,CEP164,75.0
Q9UKJ0,H75F,0.4329,ambiguous,CEP164,75.0
Q9UKJ0,H75G,0.3597,ambiguous,CEP164,75.0
Q9UKJ0,H75I,0.4169,ambiguous,CEP164,75.0
Q9UKJ0,H75K,0.3456,ambiguous,CEP164,75.0
Q9UKJ0,H75L,0.2357,benign,CEP164,75.0
Q9UKJ0,H75M,0.5668,pathogenic,CEP164,75.0
Q9UKJ0,H75N,0.0964,benign,CEP164,75.0
Q9UKJ0,H75P,0.3173,benign,CEP164,75.0
Q9UKJ0,H75Q,0.2898,benign,CEP164,75.0
Q9UKJ0,H75R,0.2132,benign,CEP164,75.0
Q9UKJ0,H75S,0.2663,benign,CEP164,75.0
Q9UKJ0,H75T,0.3894,ambiguous,CEP164,75.0
Q9UKJ0,H75V,0.3935,ambiguous,CEP164,75.0
Q9UKJ0,H75W,0.5092,ambiguous,CEP164,75.0
Q9UKJ0,H75Y,0.153,benign,CEP164,75.0
Q9UKJ0,F76A,0.82,pathogenic,CEP164,76.0
Q9UKJ0,F76C,0.7056,pathogenic,CEP164,76.0
Q9UKJ0,F76D,0.8467,pathogenic,CEP164,76.0
Q9UKJ0,F76E,0.9001,pathogenic,CEP164,76.0
Q9UKJ0,F76G,0.8726,pathogenic,CEP164,76.0
Q9UKJ0,F76H,0.7291,pathogenic,CEP164,76.0
Q9UKJ0,F76I,0.4392,ambiguous,CEP164,76.0
Q9UKJ0,F76K,0.8561,pathogenic,CEP164,76.0
Q9UKJ0,F76L,0.9382,pathogenic,CEP164,76.0
Q9UKJ0,F76M,0.8376,pathogenic,CEP164,76.0
Q9UKJ0,F76N,0.7894,pathogenic,CEP164,76.0
Q9UKJ0,F76P,0.919,pathogenic,CEP164,76.0
Q9UKJ0,F76Q,0.8569,pathogenic,CEP164,76.0
Q9UKJ0,F76R,0.7226,pathogenic,CEP164,76.0
Q9UKJ0,F76S,0.6443,pathogenic,CEP164,76.0
Q9UKJ0,F76T,0.7884,pathogenic,CEP164,76.0
Q9UKJ0,F76V,0.4944,ambiguous,CEP164,76.0
Q9UKJ0,F76W,0.6047,pathogenic,CEP164,76.0
Q9UKJ0,F76Y,0.2023,benign,CEP164,76.0
Q9UKJ0,H77A,0.7866,pathogenic,CEP164,77.0
Q9UKJ0,H77C,0.4479,ambiguous,CEP164,77.0
Q9UKJ0,H77D,0.6322,pathogenic,CEP164,77.0
Q9UKJ0,H77E,0.7489,pathogenic,CEP164,77.0
Q9UKJ0,H77F,0.5536,ambiguous,CEP164,77.0
Q9UKJ0,H77G,0.7173,pathogenic,CEP164,77.0
Q9UKJ0,H77I,0.8158,pathogenic,CEP164,77.0
Q9UKJ0,H77K,0.6654,pathogenic,CEP164,77.0
Q9UKJ0,H77L,0.4161,ambiguous,CEP164,77.0
Q9UKJ0,H77M,0.8357,pathogenic,CEP164,77.0
Q9UKJ0,H77N,0.4967,ambiguous,CEP164,77.0
Q9UKJ0,H77P,0.4535,ambiguous,CEP164,77.0
Q9UKJ0,H77Q,0.628,pathogenic,CEP164,77.0
Q9UKJ0,H77R,0.3218,benign,CEP164,77.0
Q9UKJ0,H77S,0.6798,pathogenic,CEP164,77.0
Q9UKJ0,H77T,0.8018,pathogenic,CEP164,77.0
Q9UKJ0,H77V,0.7847,pathogenic,CEP164,77.0
Q9UKJ0,H77W,0.3972,ambiguous,CEP164,77.0
Q9UKJ0,H77Y,0.2301,benign,CEP164,77.0
Q9UKJ0,G78A,0.4623,ambiguous,CEP164,78.0
Q9UKJ0,G78C,0.686,pathogenic,CEP164,78.0
Q9UKJ0,G78D,0.5943,pathogenic,CEP164,78.0
Q9UKJ0,G78E,0.522,ambiguous,CEP164,78.0
Q9UKJ0,G78F,0.9075,pathogenic,CEP164,78.0
Q9UKJ0,G78H,0.7688,pathogenic,CEP164,78.0
Q9UKJ0,G78I,0.8149,pathogenic,CEP164,78.0
Q9UKJ0,G78K,0.6968,pathogenic,CEP164,78.0
Q9UKJ0,G78L,0.8302,pathogenic,CEP164,78.0
Q9UKJ0,G78M,0.8855,pathogenic,CEP164,78.0
Q9UKJ0,G78N,0.7667,pathogenic,CEP164,78.0
Q9UKJ0,G78P,0.9522,pathogenic,CEP164,78.0
Q9UKJ0,G78Q,0.6234,pathogenic,CEP164,78.0
Q9UKJ0,G78R,0.4264,ambiguous,CEP164,78.0
Q9UKJ0,G78S,0.314,benign,CEP164,78.0
Q9UKJ0,G78T,0.6461,pathogenic,CEP164,78.0
Q9UKJ0,G78V,0.7068,pathogenic,CEP164,78.0
Q9UKJ0,G78W,0.7602,pathogenic,CEP164,78.0
Q9UKJ0,G78Y,0.8537,pathogenic,CEP164,78.0
Q9UKJ0,Q79A,0.2225,benign,CEP164,79.0
Q9UKJ0,Q79C,0.8034,pathogenic,CEP164,79.0
Q9UKJ0,Q79D,0.2459,benign,CEP164,79.0
Q9UKJ0,Q79E,0.0613,benign,CEP164,79.0
Q9UKJ0,Q79F,0.6763,pathogenic,CEP164,79.0
Q9UKJ0,Q79G,0.326,benign,CEP164,79.0
Q9UKJ0,Q79H,0.3189,benign,CEP164,79.0
Q9UKJ0,Q79I,0.3365,benign,CEP164,79.0
Q9UKJ0,Q79K,0.0863,benign,CEP164,79.0
Q9UKJ0,Q79L,0.171,benign,CEP164,79.0
Q9UKJ0,Q79M,0.3957,ambiguous,CEP164,79.0
Q9UKJ0,Q79N,0.2834,benign,CEP164,79.0
Q9UKJ0,Q79P,0.1153,benign,CEP164,79.0
Q9UKJ0,Q79R,0.1101,benign,CEP164,79.0
Q9UKJ0,Q79S,0.2673,benign,CEP164,79.0
Q9UKJ0,Q79T,0.219,benign,CEP164,79.0
Q9UKJ0,Q79V,0.2237,benign,CEP164,79.0
Q9UKJ0,Q79W,0.5466,ambiguous,CEP164,79.0
Q9UKJ0,Q79Y,0.5088,ambiguous,CEP164,79.0
Q9UKJ0,S80A,0.1069,benign,CEP164,80.0
Q9UKJ0,S80C,0.1125,benign,CEP164,80.0
Q9UKJ0,S80D,0.286,benign,CEP164,80.0
Q9UKJ0,S80E,0.3667,ambiguous,CEP164,80.0
Q9UKJ0,S80F,0.1,benign,CEP164,80.0
Q9UKJ0,S80G,0.1819,benign,CEP164,80.0
Q9UKJ0,S80H,0.2207,benign,CEP164,80.0
Q9UKJ0,S80I,0.1157,benign,CEP164,80.0
Q9UKJ0,S80K,0.5211,ambiguous,CEP164,80.0
Q9UKJ0,S80L,0.1886,benign,CEP164,80.0
Q9UKJ0,S80M,0.258,benign,CEP164,80.0
Q9UKJ0,S80N,0.1562,benign,CEP164,80.0
Q9UKJ0,S80P,0.1455,benign,CEP164,80.0
Q9UKJ0,S80Q,0.4005,ambiguous,CEP164,80.0
Q9UKJ0,S80R,0.3667,ambiguous,CEP164,80.0
Q9UKJ0,S80T,0.1005,benign,CEP164,80.0
Q9UKJ0,S80V,0.1306,benign,CEP164,80.0
Q9UKJ0,S80W,0.1478,benign,CEP164,80.0
Q9UKJ0,S80Y,0.0717,benign,CEP164,80.0
Q9UKJ0,F81A,0.8975,pathogenic,CEP164,81.0
Q9UKJ0,F81C,0.8136,pathogenic,CEP164,81.0
Q9UKJ0,F81D,0.9615,pathogenic,CEP164,81.0
Q9UKJ0,F81E,0.9753,pathogenic,CEP164,81.0
Q9UKJ0,F81G,0.9669,pathogenic,CEP164,81.0
Q9UKJ0,F81H,0.9241,pathogenic,CEP164,81.0
Q9UKJ0,F81I,0.1827,benign,CEP164,81.0
Q9UKJ0,F81K,0.9751,pathogenic,CEP164,81.0
Q9UKJ0,F81L,0.916,pathogenic,CEP164,81.0
Q9UKJ0,F81M,0.7892,pathogenic,CEP164,81.0
Q9UKJ0,F81N,0.9355,pathogenic,CEP164,81.0
Q9UKJ0,F81P,0.967,pathogenic,CEP164,81.0
Q9UKJ0,F81Q,0.9712,pathogenic,CEP164,81.0
Q9UKJ0,F81R,0.9343,pathogenic,CEP164,81.0
Q9UKJ0,F81S,0.852,pathogenic,CEP164,81.0
Q9UKJ0,F81T,0.8722,pathogenic,CEP164,81.0
Q9UKJ0,F81V,0.3551,ambiguous,CEP164,81.0
Q9UKJ0,F81W,0.7905,pathogenic,CEP164,81.0
Q9UKJ0,F81Y,0.5223,ambiguous,CEP164,81.0
Q9UKJ0,Y82A,0.9021,pathogenic,CEP164,82.0
Q9UKJ0,Y82C,0.4461,ambiguous,CEP164,82.0
Q9UKJ0,Y82D,0.8271,pathogenic,CEP164,82.0
Q9UKJ0,Y82E,0.9636,pathogenic,CEP164,82.0
Q9UKJ0,Y82F,0.1846,benign,CEP164,82.0
Q9UKJ0,Y82G,0.8529,pathogenic,CEP164,82.0
Q9UKJ0,Y82H,0.5591,ambiguous,CEP164,82.0
Q9UKJ0,Y82I,0.7892,pathogenic,CEP164,82.0
Q9UKJ0,Y82K,0.9465,pathogenic,CEP164,82.0
Q9UKJ0,Y82L,0.6757,pathogenic,CEP164,82.0
Q9UKJ0,Y82M,0.9217,pathogenic,CEP164,82.0
Q9UKJ0,Y82N,0.7392,pathogenic,CEP164,82.0
Q9UKJ0,Y82P,0.9222,pathogenic,CEP164,82.0
Q9UKJ0,Y82Q,0.9165,pathogenic,CEP164,82.0
Q9UKJ0,Y82R,0.8253,pathogenic,CEP164,82.0
Q9UKJ0,Y82S,0.6516,pathogenic,CEP164,82.0
Q9UKJ0,Y82T,0.8846,pathogenic,CEP164,82.0
Q9UKJ0,Y82V,0.7486,pathogenic,CEP164,82.0
Q9UKJ0,Y82W,0.5953,pathogenic,CEP164,82.0
Q9UKJ0,S83A,0.1553,benign,CEP164,83.0
Q9UKJ0,S83C,0.176,benign,CEP164,83.0
Q9UKJ0,S83D,0.3236,benign,CEP164,83.0
Q9UKJ0,S83E,0.3446,ambiguous,CEP164,83.0
Q9UKJ0,S83F,0.4186,ambiguous,CEP164,83.0
Q9UKJ0,S83G,0.1435,benign,CEP164,83.0
Q9UKJ0,S83H,0.227,benign,CEP164,83.0
Q9UKJ0,S83I,0.2207,benign,CEP164,83.0
Q9UKJ0,S83K,0.3952,ambiguous,CEP164,83.0
Q9UKJ0,S83L,0.2439,benign,CEP164,83.0
Q9UKJ0,S83M,0.3324,benign,CEP164,83.0
Q9UKJ0,S83N,0.1665,benign,CEP164,83.0
Q9UKJ0,S83P,0.7298,pathogenic,CEP164,83.0
Q9UKJ0,S83Q,0.2956,benign,CEP164,83.0
Q9UKJ0,S83R,0.2181,benign,CEP164,83.0
Q9UKJ0,S83T,0.1309,benign,CEP164,83.0
Q9UKJ0,S83V,0.3142,benign,CEP164,83.0
Q9UKJ0,S83W,0.3288,benign,CEP164,83.0
Q9UKJ0,S83Y,0.2424,benign,CEP164,83.0
Q9UKJ0,T84A,0.2076,benign,CEP164,84.0
Q9UKJ0,T84C,0.7204,pathogenic,CEP164,84.0
Q9UKJ0,T84D,0.5462,ambiguous,CEP164,84.0
Q9UKJ0,T84E,0.4918,ambiguous,CEP164,84.0
Q9UKJ0,T84F,0.4672,ambiguous,CEP164,84.0
Q9UKJ0,T84G,0.4938,ambiguous,CEP164,84.0
Q9UKJ0,T84H,0.4282,ambiguous,CEP164,84.0
Q9UKJ0,T84I,0.3911,ambiguous,CEP164,84.0
Q9UKJ0,T84K,0.3678,ambiguous,CEP164,84.0
Q9UKJ0,T84L,0.2013,benign,CEP164,84.0
Q9UKJ0,T84M,0.1493,benign,CEP164,84.0
Q9UKJ0,T84N,0.2847,benign,CEP164,84.0
Q9UKJ0,T84P,0.1822,benign,CEP164,84.0
Q9UKJ0,T84Q,0.3783,ambiguous,CEP164,84.0
Q9UKJ0,T84R,0.2564,benign,CEP164,84.0
Q9UKJ0,T84S,0.2059,benign,CEP164,84.0
Q9UKJ0,T84V,0.3639,ambiguous,CEP164,84.0
Q9UKJ0,T84W,0.7036,pathogenic,CEP164,84.0
Q9UKJ0,T84Y,0.5178,ambiguous,CEP164,84.0
Q9UKJ0,R85A,0.3471,ambiguous,CEP164,85.0
Q9UKJ0,R85C,0.2178,benign,CEP164,85.0
Q9UKJ0,R85D,0.4967,ambiguous,CEP164,85.0
Q9UKJ0,R85E,0.2976,benign,CEP164,85.0
Q9UKJ0,R85F,0.4447,ambiguous,CEP164,85.0
Q9UKJ0,R85G,0.2291,benign,CEP164,85.0
Q9UKJ0,R85H,0.1174,benign,CEP164,85.0
Q9UKJ0,R85I,0.1794,benign,CEP164,85.0
Q9UKJ0,R85K,0.1786,benign,CEP164,85.0
Q9UKJ0,R85L,0.2064,benign,CEP164,85.0
Q9UKJ0,R85M,0.2572,benign,CEP164,85.0
Q9UKJ0,R85N,0.4227,ambiguous,CEP164,85.0
Q9UKJ0,R85P,0.4605,ambiguous,CEP164,85.0
Q9UKJ0,R85Q,0.1255,benign,CEP164,85.0
Q9UKJ0,R85S,0.3013,benign,CEP164,85.0
Q9UKJ0,R85T,0.1511,benign,CEP164,85.0
Q9UKJ0,R85V,0.2906,benign,CEP164,85.0
Q9UKJ0,R85W,0.1445,benign,CEP164,85.0
Q9UKJ0,R85Y,0.3123,benign,CEP164,85.0
Q9UKJ0,P86A,0.229,benign,CEP164,86.0
Q9UKJ0,P86C,0.7473,pathogenic,CEP164,86.0
Q9UKJ0,P86D,0.5759,pathogenic,CEP164,86.0
Q9UKJ0,P86E,0.414,ambiguous,CEP164,86.0
Q9UKJ0,P86F,0.5808,pathogenic,CEP164,86.0
Q9UKJ0,P86G,0.5103,ambiguous,CEP164,86.0
Q9UKJ0,P86H,0.3481,ambiguous,CEP164,86.0
Q9UKJ0,P86I,0.3973,ambiguous,CEP164,86.0
Q9UKJ0,P86K,0.4104,ambiguous,CEP164,86.0
Q9UKJ0,P86L,0.2092,benign,CEP164,86.0
Q9UKJ0,P86M,0.4832,ambiguous,CEP164,86.0
Q9UKJ0,P86N,0.5312,ambiguous,CEP164,86.0
Q9UKJ0,P86Q,0.2856,benign,CEP164,86.0
Q9UKJ0,P86R,0.289,benign,CEP164,86.0
Q9UKJ0,P86S,0.3081,benign,CEP164,86.0
Q9UKJ0,P86T,0.2329,benign,CEP164,86.0
Q9UKJ0,P86V,0.3548,ambiguous,CEP164,86.0
Q9UKJ0,P86W,0.6641,pathogenic,CEP164,86.0
Q9UKJ0,P86Y,0.5063,ambiguous,CEP164,86.0
Q9UKJ0,P87A,0.0828,benign,CEP164,87.0
Q9UKJ0,P87C,0.4775,ambiguous,CEP164,87.0
Q9UKJ0,P87D,0.3485,ambiguous,CEP164,87.0
Q9UKJ0,P87E,0.2592,benign,CEP164,87.0
Q9UKJ0,P87F,0.4148,ambiguous,CEP164,87.0
Q9UKJ0,P87G,0.2757,benign,CEP164,87.0
Q9UKJ0,P87H,0.1424,benign,CEP164,87.0
Q9UKJ0,P87I,0.2921,benign,CEP164,87.0
Q9UKJ0,P87K,0.2421,benign,CEP164,87.0
Q9UKJ0,P87L,0.1227,benign,CEP164,87.0
Q9UKJ0,P87M,0.3983,ambiguous,CEP164,87.0
Q9UKJ0,P87N,0.3076,benign,CEP164,87.0
Q9UKJ0,P87Q,0.1569,benign,CEP164,87.0
Q9UKJ0,P87R,0.1138,benign,CEP164,87.0
Q9UKJ0,P87S,0.1313,benign,CEP164,87.0
Q9UKJ0,P87T,0.1243,benign,CEP164,87.0
Q9UKJ0,P87V,0.2088,benign,CEP164,87.0
Q9UKJ0,P87W,0.4936,ambiguous,CEP164,87.0
Q9UKJ0,P87Y,0.3227,benign,CEP164,87.0
Q9UKJ0,S88A,0.0969,benign,CEP164,88.0
Q9UKJ0,S88C,0.165,benign,CEP164,88.0
Q9UKJ0,S88D,0.2826,benign,CEP164,88.0
Q9UKJ0,S88E,0.3468,ambiguous,CEP164,88.0
Q9UKJ0,S88F,0.1253,benign,CEP164,88.0
Q9UKJ0,S88G,0.1583,benign,CEP164,88.0
Q9UKJ0,S88H,0.2295,benign,CEP164,88.0
Q9UKJ0,S88I,0.1578,benign,CEP164,88.0
Q9UKJ0,S88K,0.4848,ambiguous,CEP164,88.0
Q9UKJ0,S88L,0.1486,benign,CEP164,88.0
Q9UKJ0,S88M,0.2639,benign,CEP164,88.0
Q9UKJ0,S88N,0.1827,benign,CEP164,88.0
Q9UKJ0,S88P,0.4138,ambiguous,CEP164,88.0
Q9UKJ0,S88Q,0.3582,ambiguous,CEP164,88.0
Q9UKJ0,S88R,0.3144,benign,CEP164,88.0
Q9UKJ0,S88T,0.1062,benign,CEP164,88.0
Q9UKJ0,S88V,0.1723,benign,CEP164,88.0
Q9UKJ0,S88W,0.1589,benign,CEP164,88.0
Q9UKJ0,S88Y,0.1039,benign,CEP164,88.0
Q9UKJ0,I89A,0.5042,ambiguous,CEP164,89.0
Q9UKJ0,I89C,0.7852,pathogenic,CEP164,89.0
Q9UKJ0,I89D,0.7586,pathogenic,CEP164,89.0
Q9UKJ0,I89E,0.68,pathogenic,CEP164,89.0
Q9UKJ0,I89F,0.1498,benign,CEP164,89.0
Q9UKJ0,I89G,0.7819,pathogenic,CEP164,89.0
Q9UKJ0,I89H,0.5428,ambiguous,CEP164,89.0
Q9UKJ0,I89K,0.4997,ambiguous,CEP164,89.0
Q9UKJ0,I89L,0.1975,benign,CEP164,89.0
Q9UKJ0,I89M,0.1799,benign,CEP164,89.0
Q9UKJ0,I89N,0.3327,benign,CEP164,89.0
Q9UKJ0,I89P,0.7092,pathogenic,CEP164,89.0
Q9UKJ0,I89Q,0.5384,ambiguous,CEP164,89.0
Q9UKJ0,I89R,0.3541,ambiguous,CEP164,89.0
Q9UKJ0,I89S,0.3529,ambiguous,CEP164,89.0
Q9UKJ0,I89T,0.2426,benign,CEP164,89.0
Q9UKJ0,I89V,0.1353,benign,CEP164,89.0
Q9UKJ0,I89W,0.7041,pathogenic,CEP164,89.0
Q9UKJ0,I89Y,0.4637,ambiguous,CEP164,89.0
Q9UKJ0,H90A,0.7715,pathogenic,CEP164,90.0
Q9UKJ0,H90C,0.4827,ambiguous,CEP164,90.0
Q9UKJ0,H90D,0.5031,ambiguous,CEP164,90.0
Q9UKJ0,H90E,0.7036,pathogenic,CEP164,90.0
Q9UKJ0,H90F,0.7464,pathogenic,CEP164,90.0
Q9UKJ0,H90G,0.7446,pathogenic,CEP164,90.0
Q9UKJ0,H90I,0.8121,pathogenic,CEP164,90.0
Q9UKJ0,H90K,0.6298,pathogenic,CEP164,90.0
Q9UKJ0,H90L,0.3351,benign,CEP164,90.0
Q9UKJ0,H90M,0.871,pathogenic,CEP164,90.0
Q9UKJ0,H90N,0.334,benign,CEP164,90.0
Q9UKJ0,H90P,0.2802,benign,CEP164,90.0
Q9UKJ0,H90Q,0.5347,ambiguous,CEP164,90.0
Q9UKJ0,H90R,0.2666,benign,CEP164,90.0
Q9UKJ0,H90S,0.6122,pathogenic,CEP164,90.0
Q9UKJ0,H90T,0.7893,pathogenic,CEP164,90.0
Q9UKJ0,H90V,0.7823,pathogenic,CEP164,90.0
Q9UKJ0,H90W,0.6115,pathogenic,CEP164,90.0
Q9UKJ0,H90Y,0.2854,benign,CEP164,90.0
Q9UKJ0,K91A,0.3288,benign,CEP164,91.0
Q9UKJ0,K91C,0.8521,pathogenic,CEP164,91.0
Q9UKJ0,K91D,0.4163,ambiguous,CEP164,91.0
Q9UKJ0,K91E,0.0846,benign,CEP164,91.0
Q9UKJ0,K91F,0.8505,pathogenic,CEP164,91.0
Q9UKJ0,K91G,0.4291,ambiguous,CEP164,91.0
Q9UKJ0,K91H,0.4402,ambiguous,CEP164,91.0
Q9UKJ0,K91I,0.4776,ambiguous,CEP164,91.0
Q9UKJ0,K91L,0.4615,ambiguous,CEP164,91.0
Q9UKJ0,K91M,0.3217,benign,CEP164,91.0
Q9UKJ0,K91N,0.3776,ambiguous,CEP164,91.0
Q9UKJ0,K91P,0.3091,benign,CEP164,91.0
Q9UKJ0,K91Q,0.1631,benign,CEP164,91.0
Q9UKJ0,K91R,0.1073,benign,CEP164,91.0
Q9UKJ0,K91S,0.3957,ambiguous,CEP164,91.0
Q9UKJ0,K91T,0.2065,benign,CEP164,91.0
Q9UKJ0,K91V,0.4304,ambiguous,CEP164,91.0
Q9UKJ0,K91W,0.8031,pathogenic,CEP164,91.0
Q9UKJ0,K91Y,0.6931,pathogenic,CEP164,91.0
Q9UKJ0,D92A,0.3304,benign,CEP164,92.0
Q9UKJ0,D92C,0.8461,pathogenic,CEP164,92.0
Q9UKJ0,D92E,0.3977,ambiguous,CEP164,92.0
Q9UKJ0,D92F,0.8153,pathogenic,CEP164,92.0
Q9UKJ0,D92G,0.3062,benign,CEP164,92.0
Q9UKJ0,D92H,0.4289,ambiguous,CEP164,92.0
Q9UKJ0,D92I,0.6344,pathogenic,CEP164,92.0
Q9UKJ0,D92K,0.5969,pathogenic,CEP164,92.0
Q9UKJ0,D92L,0.6845,pathogenic,CEP164,92.0
Q9UKJ0,D92M,0.8916,pathogenic,CEP164,92.0
Q9UKJ0,D92N,0.2036,benign,CEP164,92.0
Q9UKJ0,D92P,0.8522,pathogenic,CEP164,92.0
Q9UKJ0,D92Q,0.6346,pathogenic,CEP164,92.0
Q9UKJ0,D92R,0.5752,pathogenic,CEP164,92.0
Q9UKJ0,D92S,0.3226,benign,CEP164,92.0
Q9UKJ0,D92T,0.5457,ambiguous,CEP164,92.0
Q9UKJ0,D92V,0.3906,ambiguous,CEP164,92.0
Q9UKJ0,D92W,0.9246,pathogenic,CEP164,92.0
Q9UKJ0,D92Y,0.3091,benign,CEP164,92.0
Q9UKJ0,Y93A,0.8813,pathogenic,CEP164,93.0
Q9UKJ0,Y93C,0.6057,pathogenic,CEP164,93.0
Q9UKJ0,Y93D,0.526,ambiguous,CEP164,93.0
Q9UKJ0,Y93E,0.9311,pathogenic,CEP164,93.0
Q9UKJ0,Y93F,0.1573,benign,CEP164,93.0
Q9UKJ0,Y93G,0.8095,pathogenic,CEP164,93.0
Q9UKJ0,Y93H,0.6462,pathogenic,CEP164,93.0
Q9UKJ0,Y93I,0.8548,pathogenic,CEP164,93.0
Q9UKJ0,Y93K,0.9381,pathogenic,CEP164,93.0
Q9UKJ0,Y93L,0.7939,pathogenic,CEP164,93.0
Q9UKJ0,Y93M,0.889,pathogenic,CEP164,93.0
Q9UKJ0,Y93N,0.6034,pathogenic,CEP164,93.0
Q9UKJ0,Y93P,0.9523,pathogenic,CEP164,93.0
Q9UKJ0,Y93Q,0.9448,pathogenic,CEP164,93.0
Q9UKJ0,Y93R,0.8763,pathogenic,CEP164,93.0
Q9UKJ0,Y93S,0.6564,pathogenic,CEP164,93.0
Q9UKJ0,Y93T,0.8126,pathogenic,CEP164,93.0
Q9UKJ0,Y93V,0.7535,pathogenic,CEP164,93.0
Q9UKJ0,Y93W,0.6384,pathogenic,CEP164,93.0
Q9UKJ0,V94A,0.0921,benign,CEP164,94.0
Q9UKJ0,V94C,0.5226,ambiguous,CEP164,94.0
Q9UKJ0,V94D,0.1216,benign,CEP164,94.0
Q9UKJ0,V94E,0.0924,benign,CEP164,94.0
Q9UKJ0,V94F,0.1352,benign,CEP164,94.0
Q9UKJ0,V94G,0.1092,benign,CEP164,94.0
Q9UKJ0,V94H,0.2478,benign,CEP164,94.0
Q9UKJ0,V94I,0.0958,benign,CEP164,94.0
Q9UKJ0,V94K,0.116,benign,CEP164,94.0
Q9UKJ0,V94L,0.1639,benign,CEP164,94.0
Q9UKJ0,V94M,0.1607,benign,CEP164,94.0
Q9UKJ0,V94N,0.1404,benign,CEP164,94.0
Q9UKJ0,V94P,0.3131,benign,CEP164,94.0
Q9UKJ0,V94Q,0.1157,benign,CEP164,94.0
Q9UKJ0,V94R,0.0904,benign,CEP164,94.0
Q9UKJ0,V94S,0.078,benign,CEP164,94.0
Q9UKJ0,V94T,0.1245,benign,CEP164,94.0
Q9UKJ0,V94W,0.5213,ambiguous,CEP164,94.0
Q9UKJ0,V94Y,0.3044,benign,CEP164,94.0
Q9UKJ0,N95A,0.4638,ambiguous,CEP164,95.0
Q9UKJ0,N95C,0.601,pathogenic,CEP164,95.0
Q9UKJ0,N95D,0.1223,benign,CEP164,95.0
Q9UKJ0,N95E,0.4717,ambiguous,CEP164,95.0
Q9UKJ0,N95F,0.7583,pathogenic,CEP164,95.0
Q9UKJ0,N95G,0.3051,benign,CEP164,95.0
Q9UKJ0,N95H,0.1748,benign,CEP164,95.0
Q9UKJ0,N95I,0.5711,pathogenic,CEP164,95.0
Q9UKJ0,N95K,0.4146,ambiguous,CEP164,95.0
Q9UKJ0,N95L,0.524,ambiguous,CEP164,95.0
Q9UKJ0,N95M,0.6354,pathogenic,CEP164,95.0
Q9UKJ0,N95P,0.6073,pathogenic,CEP164,95.0
Q9UKJ0,N95Q,0.4848,ambiguous,CEP164,95.0
Q9UKJ0,N95R,0.4351,ambiguous,CEP164,95.0
Q9UKJ0,N95S,0.1278,benign,CEP164,95.0
Q9UKJ0,N95T,0.3108,benign,CEP164,95.0
Q9UKJ0,N95V,0.6191,pathogenic,CEP164,95.0
Q9UKJ0,N95W,0.7989,pathogenic,CEP164,95.0
Q9UKJ0,N95Y,0.3036,benign,CEP164,95.0
Q9UKJ0,R96A,0.8585,pathogenic,CEP164,96.0
Q9UKJ0,R96C,0.3903,ambiguous,CEP164,96.0
Q9UKJ0,R96D,0.9185,pathogenic,CEP164,96.0
Q9UKJ0,R96E,0.7544,pathogenic,CEP164,96.0
Q9UKJ0,R96F,0.8857,pathogenic,CEP164,96.0
Q9UKJ0,R96G,0.6889,pathogenic,CEP164,96.0
Q9UKJ0,R96H,0.2609,benign,CEP164,96.0
Q9UKJ0,R96I,0.6941,pathogenic,CEP164,96.0
Q9UKJ0,R96K,0.5875,pathogenic,CEP164,96.0
Q9UKJ0,R96L,0.6278,pathogenic,CEP164,96.0
Q9UKJ0,R96M,0.8259,pathogenic,CEP164,96.0
Q9UKJ0,R96N,0.8729,pathogenic,CEP164,96.0
Q9UKJ0,R96P,0.893,pathogenic,CEP164,96.0
Q9UKJ0,R96Q,0.2866,benign,CEP164,96.0
Q9UKJ0,R96S,0.8402,pathogenic,CEP164,96.0
Q9UKJ0,R96T,0.7577,pathogenic,CEP164,96.0
Q9UKJ0,R96V,0.8181,pathogenic,CEP164,96.0
Q9UKJ0,R96W,0.3942,ambiguous,CEP164,96.0
Q9UKJ0,R96Y,0.7747,pathogenic,CEP164,96.0
Q9UKJ0,L97A,0.7578,pathogenic,CEP164,97.0
Q9UKJ0,L97C,0.8116,pathogenic,CEP164,97.0
Q9UKJ0,L97D,0.9598,pathogenic,CEP164,97.0
Q9UKJ0,L97E,0.9042,pathogenic,CEP164,97.0
Q9UKJ0,L97F,0.4923,ambiguous,CEP164,97.0
Q9UKJ0,L97G,0.9059,pathogenic,CEP164,97.0
Q9UKJ0,L97H,0.76,pathogenic,CEP164,97.0
Q9UKJ0,L97I,0.1332,benign,CEP164,97.0
Q9UKJ0,L97K,0.828,pathogenic,CEP164,97.0
Q9UKJ0,L97M,0.3703,ambiguous,CEP164,97.0
Q9UKJ0,L97N,0.8612,pathogenic,CEP164,97.0
Q9UKJ0,L97P,0.7407,pathogenic,CEP164,97.0
Q9UKJ0,L97Q,0.7604,pathogenic,CEP164,97.0
Q9UKJ0,L97R,0.657,pathogenic,CEP164,97.0
Q9UKJ0,L97S,0.8663,pathogenic,CEP164,97.0
Q9UKJ0,L97T,0.7363,pathogenic,CEP164,97.0
Q9UKJ0,L97V,0.1806,benign,CEP164,97.0
Q9UKJ0,L97W,0.7145,pathogenic,CEP164,97.0
Q9UKJ0,L97Y,0.8066,pathogenic,CEP164,97.0
Q9UKJ0,F98A,0.5021,ambiguous,CEP164,98.0
Q9UKJ0,F98C,0.4256,ambiguous,CEP164,98.0
Q9UKJ0,F98D,0.5571,ambiguous,CEP164,98.0
Q9UKJ0,F98E,0.6333,pathogenic,CEP164,98.0
Q9UKJ0,F98G,0.758,pathogenic,CEP164,98.0
Q9UKJ0,F98H,0.39,ambiguous,CEP164,98.0
Q9UKJ0,F98I,0.1839,benign,CEP164,98.0
Q9UKJ0,F98K,0.6711,pathogenic,CEP164,98.0
Q9UKJ0,F98L,0.7284,pathogenic,CEP164,98.0
Q9UKJ0,F98M,0.5622,ambiguous,CEP164,98.0
Q9UKJ0,F98N,0.4929,ambiguous,CEP164,98.0
Q9UKJ0,F98P,0.9385,pathogenic,CEP164,98.0
Q9UKJ0,F98Q,0.5516,ambiguous,CEP164,98.0
Q9UKJ0,F98R,0.4797,ambiguous,CEP164,98.0
Q9UKJ0,F98S,0.2514,benign,CEP164,98.0
Q9UKJ0,F98T,0.3892,ambiguous,CEP164,98.0
Q9UKJ0,F98V,0.2061,benign,CEP164,98.0
Q9UKJ0,F98W,0.4607,ambiguous,CEP164,98.0
Q9UKJ0,F98Y,0.18,benign,CEP164,98.0
Q9UKJ0,L99A,0.8403,pathogenic,CEP164,99.0
Q9UKJ0,L99C,0.8221,pathogenic,CEP164,99.0
Q9UKJ0,L99D,0.9742,pathogenic,CEP164,99.0
Q9UKJ0,L99E,0.8905,pathogenic,CEP164,99.0
Q9UKJ0,L99F,0.4948,ambiguous,CEP164,99.0
Q9UKJ0,L99G,0.9166,pathogenic,CEP164,99.0
Q9UKJ0,L99H,0.7321,pathogenic,CEP164,99.0
Q9UKJ0,L99I,0.2574,benign,CEP164,99.0
Q9UKJ0,L99K,0.7815,pathogenic,CEP164,99.0
Q9UKJ0,L99M,0.3377,benign,CEP164,99.0
Q9UKJ0,L99N,0.93,pathogenic,CEP164,99.0
Q9UKJ0,L99P,0.7785,pathogenic,CEP164,99.0
Q9UKJ0,L99Q,0.637,pathogenic,CEP164,99.0
Q9UKJ0,L99R,0.5759,pathogenic,CEP164,99.0
Q9UKJ0,L99S,0.8637,pathogenic,CEP164,99.0
Q9UKJ0,L99T,0.7996,pathogenic,CEP164,99.0
Q9UKJ0,L99V,0.2806,benign,CEP164,99.0
Q9UKJ0,L99W,0.5804,pathogenic,CEP164,99.0
Q9UKJ0,L99Y,0.8609,pathogenic,CEP164,99.0
Q9UKJ0,N100A,0.4627,ambiguous,CEP164,100.0
Q9UKJ0,N100C,0.5548,ambiguous,CEP164,100.0
Q9UKJ0,N100D,0.2833,benign,CEP164,100.0
Q9UKJ0,N100E,0.5726,pathogenic,CEP164,100.0
Q9UKJ0,N100F,0.7692,pathogenic,CEP164,100.0
Q9UKJ0,N100G,0.5643,pathogenic,CEP164,100.0
Q9UKJ0,N100H,0.1849,benign,CEP164,100.0
Q9UKJ0,N100I,0.4034,ambiguous,CEP164,100.0
Q9UKJ0,N100K,0.4589,ambiguous,CEP164,100.0
Q9UKJ0,N100L,0.4142,ambiguous,CEP164,100.0
Q9UKJ0,N100M,0.5811,pathogenic,CEP164,100.0
Q9UKJ0,N100P,0.7714,pathogenic,CEP164,100.0
Q9UKJ0,N100Q,0.5332,ambiguous,CEP164,100.0
Q9UKJ0,N100R,0.425,ambiguous,CEP164,100.0
Q9UKJ0,N100S,0.1378,benign,CEP164,100.0
Q9UKJ0,N100T,0.2736,benign,CEP164,100.0
Q9UKJ0,N100V,0.4748,ambiguous,CEP164,100.0
Q9UKJ0,N100W,0.8133,pathogenic,CEP164,100.0
Q9UKJ0,N100Y,0.2847,benign,CEP164,100.0
Q9UKJ0,W101A,0.8278,pathogenic,CEP164,101.0
Q9UKJ0,W101C,0.9101,pathogenic,CEP164,101.0
Q9UKJ0,W101D,0.9411,pathogenic,CEP164,101.0
Q9UKJ0,W101E,0.9351,pathogenic,CEP164,101.0
Q9UKJ0,W101F,0.4087,ambiguous,CEP164,101.0
Q9UKJ0,W101G,0.4899,ambiguous,CEP164,101.0
Q9UKJ0,W101H,0.9038,pathogenic,CEP164,101.0
Q9UKJ0,W101I,0.8277,pathogenic,CEP164,101.0
Q9UKJ0,W101K,0.945,pathogenic,CEP164,101.0
Q9UKJ0,W101L,0.6342,pathogenic,CEP164,101.0
Q9UKJ0,W101M,0.8657,pathogenic,CEP164,101.0
Q9UKJ0,W101N,0.9522,pathogenic,CEP164,101.0
Q9UKJ0,W101P,0.9663,pathogenic,CEP164,101.0
Q9UKJ0,W101Q,0.9401,pathogenic,CEP164,101.0
Q9UKJ0,W101R,0.8893,pathogenic,CEP164,101.0
Q9UKJ0,W101S,0.7495,pathogenic,CEP164,101.0
Q9UKJ0,W101T,0.8442,pathogenic,CEP164,101.0
Q9UKJ0,W101V,0.7816,pathogenic,CEP164,101.0
Q9UKJ0,W101Y,0.7022,pathogenic,CEP164,101.0
Q9UKJ0,T102A,0.1492,benign,CEP164,102.0
Q9UKJ0,T102C,0.7819,pathogenic,CEP164,102.0
Q9UKJ0,T102D,0.4848,ambiguous,CEP164,102.0
Q9UKJ0,T102E,0.2362,benign,CEP164,102.0
Q9UKJ0,T102F,0.578,pathogenic,CEP164,102.0
Q9UKJ0,T102G,0.4057,ambiguous,CEP164,102.0
Q9UKJ0,T102H,0.3811,ambiguous,CEP164,102.0
Q9UKJ0,T102I,0.3715,ambiguous,CEP164,102.0
Q9UKJ0,T102K,0.1125,benign,CEP164,102.0
Q9UKJ0,T102L,0.2398,benign,CEP164,102.0
Q9UKJ0,T102M,0.1404,benign,CEP164,102.0
Q9UKJ0,T102N,0.2485,benign,CEP164,102.0
Q9UKJ0,T102P,0.2459,benign,CEP164,102.0
Q9UKJ0,T102Q,0.1923,benign,CEP164,102.0
Q9UKJ0,T102R,0.0941,benign,CEP164,102.0
Q9UKJ0,T102S,0.2296,benign,CEP164,102.0
Q9UKJ0,T102V,0.3334,benign,CEP164,102.0
Q9UKJ0,T102W,0.6673,pathogenic,CEP164,102.0
Q9UKJ0,T102Y,0.5566,ambiguous,CEP164,102.0
Q9UKJ0,E103A,0.1903,benign,CEP164,103.0
Q9UKJ0,E103C,0.9227,pathogenic,CEP164,103.0
Q9UKJ0,E103D,0.3126,benign,CEP164,103.0
Q9UKJ0,E103F,0.8153,pathogenic,CEP164,103.0
Q9UKJ0,E103G,0.2492,benign,CEP164,103.0
Q9UKJ0,E103H,0.556,ambiguous,CEP164,103.0
Q9UKJ0,E103I,0.4968,ambiguous,CEP164,103.0
Q9UKJ0,E103K,0.116,benign,CEP164,103.0
Q9UKJ0,E103L,0.4924,ambiguous,CEP164,103.0
Q9UKJ0,E103M,0.5295,ambiguous,CEP164,103.0
Q9UKJ0,E103N,0.4775,ambiguous,CEP164,103.0
Q9UKJ0,E103P,0.3543,ambiguous,CEP164,103.0
Q9UKJ0,E103Q,0.1708,benign,CEP164,103.0
Q9UKJ0,E103R,0.1856,benign,CEP164,103.0
Q9UKJ0,E103S,0.3245,benign,CEP164,103.0
Q9UKJ0,E103T,0.3365,benign,CEP164,103.0
Q9UKJ0,E103V,0.2779,benign,CEP164,103.0
Q9UKJ0,E103W,0.8712,pathogenic,CEP164,103.0
Q9UKJ0,E103Y,0.6855,pathogenic,CEP164,103.0
Q9UKJ0,G104A,0.2732,benign,CEP164,104.0
Q9UKJ0,G104C,0.4213,ambiguous,CEP164,104.0
Q9UKJ0,G104D,0.1517,benign,CEP164,104.0
Q9UKJ0,G104E,0.2543,benign,CEP164,104.0
Q9UKJ0,G104F,0.7087,pathogenic,CEP164,104.0
Q9UKJ0,G104H,0.503,ambiguous,CEP164,104.0
Q9UKJ0,G104I,0.4796,ambiguous,CEP164,104.0
Q9UKJ0,G104K,0.4831,ambiguous,CEP164,104.0
Q9UKJ0,G104L,0.6279,pathogenic,CEP164,104.0
Q9UKJ0,G104M,0.6954,pathogenic,CEP164,104.0
Q9UKJ0,G104N,0.3365,benign,CEP164,104.0
Q9UKJ0,G104P,0.7502,pathogenic,CEP164,104.0
Q9UKJ0,G104Q,0.4675,ambiguous,CEP164,104.0
Q9UKJ0,G104R,0.3455,ambiguous,CEP164,104.0
Q9UKJ0,G104S,0.1837,benign,CEP164,104.0
Q9UKJ0,G104T,0.3339,benign,CEP164,104.0
Q9UKJ0,G104V,0.3277,benign,CEP164,104.0
Q9UKJ0,G104W,0.4545,ambiguous,CEP164,104.0
Q9UKJ0,G104Y,0.5001,ambiguous,CEP164,104.0
Q9UKJ0,Q105A,0.3931,ambiguous,CEP164,105.0
Q9UKJ0,Q105C,0.86,pathogenic,CEP164,105.0
Q9UKJ0,Q105D,0.5422,ambiguous,CEP164,105.0
Q9UKJ0,Q105E,0.0986,benign,CEP164,105.0
Q9UKJ0,Q105F,0.8585,pathogenic,CEP164,105.0
Q9UKJ0,Q105G,0.3284,benign,CEP164,105.0
Q9UKJ0,Q105H,0.4902,ambiguous,CEP164,105.0
Q9UKJ0,Q105I,0.652,pathogenic,CEP164,105.0
Q9UKJ0,Q105K,0.1182,benign,CEP164,105.0
Q9UKJ0,Q105L,0.2741,benign,CEP164,105.0
Q9UKJ0,Q105M,0.5124,ambiguous,CEP164,105.0
Q9UKJ0,Q105N,0.5097,ambiguous,CEP164,105.0
Q9UKJ0,Q105P,0.4006,ambiguous,CEP164,105.0
Q9UKJ0,Q105R,0.1205,benign,CEP164,105.0
Q9UKJ0,Q105S,0.4488,ambiguous,CEP164,105.0
Q9UKJ0,Q105T,0.3731,ambiguous,CEP164,105.0
Q9UKJ0,Q105V,0.4748,ambiguous,CEP164,105.0
Q9UKJ0,Q105W,0.5776,pathogenic,CEP164,105.0
Q9UKJ0,Q105Y,0.7211,pathogenic,CEP164,105.0
Q9UKJ0,E106A,0.1665,benign,CEP164,106.0
Q9UKJ0,E106C,0.8036,pathogenic,CEP164,106.0
Q9UKJ0,E106D,0.1715,benign,CEP164,106.0
Q9UKJ0,E106F,0.6872,pathogenic,CEP164,106.0
Q9UKJ0,E106G,0.1414,benign,CEP164,106.0
Q9UKJ0,E106H,0.3365,benign,CEP164,106.0
Q9UKJ0,E106I,0.3866,ambiguous,CEP164,106.0
Q9UKJ0,E106K,0.074,benign,CEP164,106.0
Q9UKJ0,E106L,0.357,ambiguous,CEP164,106.0
Q9UKJ0,E106M,0.4028,ambiguous,CEP164,106.0
Q9UKJ0,E106N,0.2085,benign,CEP164,106.0
Q9UKJ0,E106P,0.356,ambiguous,CEP164,106.0
Q9UKJ0,E106Q,0.1131,benign,CEP164,106.0
Q9UKJ0,E106R,0.1203,benign,CEP164,106.0
Q9UKJ0,E106S,0.2201,benign,CEP164,106.0
Q9UKJ0,E106T,0.1752,benign,CEP164,106.0
Q9UKJ0,E106V,0.2264,benign,CEP164,106.0
Q9UKJ0,E106W,0.7687,pathogenic,CEP164,106.0
Q9UKJ0,E106Y,0.4645,ambiguous,CEP164,106.0
Q9UKJ0,S107A,0.1427,benign,CEP164,107.0
Q9UKJ0,S107C,0.1853,benign,CEP164,107.0
Q9UKJ0,S107D,0.2753,benign,CEP164,107.0
Q9UKJ0,S107E,0.3598,ambiguous,CEP164,107.0
Q9UKJ0,S107F,0.2742,benign,CEP164,107.0
Q9UKJ0,S107G,0.131,benign,CEP164,107.0
Q9UKJ0,S107H,0.2226,benign,CEP164,107.0
Q9UKJ0,S107I,0.2367,benign,CEP164,107.0
Q9UKJ0,S107K,0.3693,ambiguous,CEP164,107.0
Q9UKJ0,S107L,0.2371,benign,CEP164,107.0
Q9UKJ0,S107M,0.2747,benign,CEP164,107.0
Q9UKJ0,S107N,0.1173,benign,CEP164,107.0
Q9UKJ0,S107P,0.6023,pathogenic,CEP164,107.0
Q9UKJ0,S107Q,0.3658,ambiguous,CEP164,107.0
Q9UKJ0,S107R,0.2801,benign,CEP164,107.0
Q9UKJ0,S107T,0.0964,benign,CEP164,107.0
Q9UKJ0,S107V,0.315,benign,CEP164,107.0
Q9UKJ0,S107W,0.2418,benign,CEP164,107.0
Q9UKJ0,S107Y,0.1635,benign,CEP164,107.0
Q9UKJ0,G108A,0.4308,ambiguous,CEP164,108.0
Q9UKJ0,G108C,0.6066,pathogenic,CEP164,108.0
Q9UKJ0,G108D,0.8294,pathogenic,CEP164,108.0
Q9UKJ0,G108E,0.8523,pathogenic,CEP164,108.0
Q9UKJ0,G108F,0.9417,pathogenic,CEP164,108.0
Q9UKJ0,G108H,0.9132,pathogenic,CEP164,108.0
Q9UKJ0,G108I,0.7715,pathogenic,CEP164,108.0
Q9UKJ0,G108K,0.9243,pathogenic,CEP164,108.0
Q9UKJ0,G108L,0.8903,pathogenic,CEP164,108.0
Q9UKJ0,G108M,0.9292,pathogenic,CEP164,108.0
Q9UKJ0,G108N,0.8989,pathogenic,CEP164,108.0
Q9UKJ0,G108P,0.9649,pathogenic,CEP164,108.0
Q9UKJ0,G108Q,0.8848,pathogenic,CEP164,108.0
Q9UKJ0,G108R,0.7542,pathogenic,CEP164,108.0
Q9UKJ0,G108S,0.3687,ambiguous,CEP164,108.0
Q9UKJ0,G108T,0.7049,pathogenic,CEP164,108.0
Q9UKJ0,G108V,0.6499,pathogenic,CEP164,108.0
Q9UKJ0,G108W,0.8473,pathogenic,CEP164,108.0
Q9UKJ0,G108Y,0.9026,pathogenic,CEP164,108.0
Q9UKJ0,F109A,0.5636,ambiguous,CEP164,109.0
Q9UKJ0,F109C,0.3713,ambiguous,CEP164,109.0
Q9UKJ0,F109D,0.7333,pathogenic,CEP164,109.0
Q9UKJ0,F109E,0.8164,pathogenic,CEP164,109.0
Q9UKJ0,F109G,0.7932,pathogenic,CEP164,109.0
Q9UKJ0,F109H,0.543,ambiguous,CEP164,109.0
Q9UKJ0,F109I,0.2287,benign,CEP164,109.0
Q9UKJ0,F109K,0.8052,pathogenic,CEP164,109.0
Q9UKJ0,F109L,0.8029,pathogenic,CEP164,109.0
Q9UKJ0,F109M,0.5869,pathogenic,CEP164,109.0
Q9UKJ0,F109N,0.5593,ambiguous,CEP164,109.0
Q9UKJ0,F109P,0.9787,pathogenic,CEP164,109.0
Q9UKJ0,F109Q,0.7502,pathogenic,CEP164,109.0
Q9UKJ0,F109R,0.6555,pathogenic,CEP164,109.0
Q9UKJ0,F109S,0.3079,benign,CEP164,109.0
Q9UKJ0,F109T,0.4755,ambiguous,CEP164,109.0
Q9UKJ0,F109V,0.218,benign,CEP164,109.0
Q9UKJ0,F109W,0.464,ambiguous,CEP164,109.0
Q9UKJ0,F109Y,0.1731,benign,CEP164,109.0
Q9UKJ0,L110A,0.9218,pathogenic,CEP164,110.0
Q9UKJ0,L110C,0.9196,pathogenic,CEP164,110.0
Q9UKJ0,L110D,0.9914,pathogenic,CEP164,110.0
Q9UKJ0,L110E,0.9591,pathogenic,CEP164,110.0
Q9UKJ0,L110F,0.4867,ambiguous,CEP164,110.0
Q9UKJ0,L110G,0.9666,pathogenic,CEP164,110.0
Q9UKJ0,L110H,0.8688,pathogenic,CEP164,110.0
Q9UKJ0,L110I,0.3031,benign,CEP164,110.0
Q9UKJ0,L110K,0.9114,pathogenic,CEP164,110.0
Q9UKJ0,L110M,0.5326,ambiguous,CEP164,110.0
Q9UKJ0,L110N,0.9738,pathogenic,CEP164,110.0
Q9UKJ0,L110P,0.8663,pathogenic,CEP164,110.0
Q9UKJ0,L110Q,0.8373,pathogenic,CEP164,110.0
Q9UKJ0,L110R,0.7693,pathogenic,CEP164,110.0
Q9UKJ0,L110S,0.9542,pathogenic,CEP164,110.0
Q9UKJ0,L110T,0.931,pathogenic,CEP164,110.0
Q9UKJ0,L110V,0.4252,ambiguous,CEP164,110.0
Q9UKJ0,L110W,0.738,pathogenic,CEP164,110.0
Q9UKJ0,L110Y,0.9008,pathogenic,CEP164,110.0
Q9UKJ0,R111A,0.6067,pathogenic,CEP164,111.0
Q9UKJ0,R111C,0.2164,benign,CEP164,111.0
Q9UKJ0,R111D,0.8513,pathogenic,CEP164,111.0
Q9UKJ0,R111E,0.496,ambiguous,CEP164,111.0
Q9UKJ0,R111F,0.6846,pathogenic,CEP164,111.0
Q9UKJ0,R111G,0.4301,ambiguous,CEP164,111.0
Q9UKJ0,R111H,0.1553,benign,CEP164,111.0
Q9UKJ0,R111I,0.3477,ambiguous,CEP164,111.0
Q9UKJ0,R111K,0.2062,benign,CEP164,111.0
Q9UKJ0,R111L,0.3064,benign,CEP164,111.0
Q9UKJ0,R111M,0.3661,ambiguous,CEP164,111.0
Q9UKJ0,R111N,0.7557,pathogenic,CEP164,111.0
Q9UKJ0,R111P,0.9106,pathogenic,CEP164,111.0
Q9UKJ0,R111Q,0.1225,benign,CEP164,111.0
Q9UKJ0,R111S,0.6369,pathogenic,CEP164,111.0
Q9UKJ0,R111T,0.3734,ambiguous,CEP164,111.0
Q9UKJ0,R111V,0.4653,ambiguous,CEP164,111.0
Q9UKJ0,R111W,0.1784,benign,CEP164,111.0
Q9UKJ0,R111Y,0.5294,ambiguous,CEP164,111.0
Q9UKJ0,I112A,0.9758,pathogenic,CEP164,112.0
Q9UKJ0,I112C,0.9848,pathogenic,CEP164,112.0
Q9UKJ0,I112D,0.9818,pathogenic,CEP164,112.0
Q9UKJ0,I112E,0.9726,pathogenic,CEP164,112.0
Q9UKJ0,I112F,0.5494,ambiguous,CEP164,112.0
Q9UKJ0,I112G,0.9868,pathogenic,CEP164,112.0
Q9UKJ0,I112H,0.9454,pathogenic,CEP164,112.0
Q9UKJ0,I112K,0.9159,pathogenic,CEP164,112.0
Q9UKJ0,I112L,0.448,ambiguous,CEP164,112.0
Q9UKJ0,I112M,0.4658,ambiguous,CEP164,112.0
Q9UKJ0,I112N,0.8518,pathogenic,CEP164,112.0
Q9UKJ0,I112P,0.9761,pathogenic,CEP164,112.0
Q9UKJ0,I112Q,0.9511,pathogenic,CEP164,112.0
Q9UKJ0,I112R,0.8922,pathogenic,CEP164,112.0
Q9UKJ0,I112S,0.9353,pathogenic,CEP164,112.0
Q9UKJ0,I112T,0.9765,pathogenic,CEP164,112.0
Q9UKJ0,I112V,0.5603,ambiguous,CEP164,112.0
Q9UKJ0,I112W,0.9641,pathogenic,CEP164,112.0
Q9UKJ0,I112Y,0.8731,pathogenic,CEP164,112.0
Q9UKJ0,S113A,0.1274,benign,CEP164,113.0
Q9UKJ0,S113C,0.2192,benign,CEP164,113.0
Q9UKJ0,S113D,0.512,ambiguous,CEP164,113.0
Q9UKJ0,S113E,0.4322,ambiguous,CEP164,113.0
Q9UKJ0,S113F,0.263,benign,CEP164,113.0
Q9UKJ0,S113G,0.2189,benign,CEP164,113.0
Q9UKJ0,S113H,0.3763,ambiguous,CEP164,113.0
Q9UKJ0,S113I,0.3117,benign,CEP164,113.0
Q9UKJ0,S113K,0.6694,pathogenic,CEP164,113.0
Q9UKJ0,S113L,0.1166,benign,CEP164,113.0
Q9UKJ0,S113M,0.3089,benign,CEP164,113.0
Q9UKJ0,S113N,0.344,ambiguous,CEP164,113.0
Q9UKJ0,S113P,0.487,ambiguous,CEP164,113.0
Q9UKJ0,S113Q,0.4154,ambiguous,CEP164,113.0
Q9UKJ0,S113R,0.5197,ambiguous,CEP164,113.0
Q9UKJ0,S113T,0.1433,benign,CEP164,113.0
Q9UKJ0,S113V,0.308,benign,CEP164,113.0
Q9UKJ0,S113W,0.101,benign,CEP164,113.0
Q9UKJ0,S113Y,0.1755,benign,CEP164,113.0
Q9UKJ0,N114A,0.4269,ambiguous,CEP164,114.0
Q9UKJ0,N114C,0.5778,pathogenic,CEP164,114.0
Q9UKJ0,N114D,0.1569,benign,CEP164,114.0
Q9UKJ0,N114E,0.539,ambiguous,CEP164,114.0
Q9UKJ0,N114F,0.7391,pathogenic,CEP164,114.0
Q9UKJ0,N114G,0.4292,ambiguous,CEP164,114.0
Q9UKJ0,N114H,0.1438,benign,CEP164,114.0
Q9UKJ0,N114I,0.5836,pathogenic,CEP164,114.0
Q9UKJ0,N114K,0.3958,ambiguous,CEP164,114.0
Q9UKJ0,N114L,0.4917,ambiguous,CEP164,114.0
Q9UKJ0,N114M,0.6397,pathogenic,CEP164,114.0
Q9UKJ0,N114P,0.8335,pathogenic,CEP164,114.0
Q9UKJ0,N114Q,0.495,ambiguous,CEP164,114.0
Q9UKJ0,N114R,0.3821,ambiguous,CEP164,114.0
Q9UKJ0,N114S,0.1275,benign,CEP164,114.0
Q9UKJ0,N114T,0.3605,ambiguous,CEP164,114.0
Q9UKJ0,N114V,0.5573,ambiguous,CEP164,114.0
Q9UKJ0,N114W,0.8424,pathogenic,CEP164,114.0
Q9UKJ0,N114Y,0.2606,benign,CEP164,114.0
Q9UKJ0,L115A,0.8204,pathogenic,CEP164,115.0
Q9UKJ0,L115C,0.8977,pathogenic,CEP164,115.0
Q9UKJ0,L115D,0.9777,pathogenic,CEP164,115.0
Q9UKJ0,L115E,0.9127,pathogenic,CEP164,115.0
Q9UKJ0,L115F,0.6145,pathogenic,CEP164,115.0
Q9UKJ0,L115G,0.9219,pathogenic,CEP164,115.0
Q9UKJ0,L115H,0.8345,pathogenic,CEP164,115.0
Q9UKJ0,L115I,0.2591,benign,CEP164,115.0
Q9UKJ0,L115K,0.8534,pathogenic,CEP164,115.0
Q9UKJ0,L115M,0.4714,ambiguous,CEP164,115.0
Q9UKJ0,L115N,0.9217,pathogenic,CEP164,115.0
Q9UKJ0,L115P,0.7064,pathogenic,CEP164,115.0
Q9UKJ0,L115Q,0.7478,pathogenic,CEP164,115.0
Q9UKJ0,L115R,0.6802,pathogenic,CEP164,115.0
Q9UKJ0,L115S,0.909,pathogenic,CEP164,115.0
Q9UKJ0,L115T,0.799,pathogenic,CEP164,115.0
Q9UKJ0,L115V,0.28,benign,CEP164,115.0
Q9UKJ0,L115W,0.7882,pathogenic,CEP164,115.0
Q9UKJ0,L115Y,0.9074,pathogenic,CEP164,115.0
Q9UKJ0,R116A,0.5386,ambiguous,CEP164,116.0
Q9UKJ0,R116C,0.353,ambiguous,CEP164,116.0
Q9UKJ0,R116D,0.7956,pathogenic,CEP164,116.0
Q9UKJ0,R116E,0.2934,benign,CEP164,116.0
Q9UKJ0,R116F,0.7675,pathogenic,CEP164,116.0
Q9UKJ0,R116G,0.2779,benign,CEP164,116.0
Q9UKJ0,R116H,0.2407,benign,CEP164,116.0
Q9UKJ0,R116I,0.517,ambiguous,CEP164,116.0
Q9UKJ0,R116K,0.156,benign,CEP164,116.0
Q9UKJ0,R116L,0.3282,benign,CEP164,116.0
Q9UKJ0,R116M,0.451,ambiguous,CEP164,116.0
Q9UKJ0,R116N,0.7132,pathogenic,CEP164,116.0
Q9UKJ0,R116P,0.7863,pathogenic,CEP164,116.0
Q9UKJ0,R116Q,0.0791,benign,CEP164,116.0
Q9UKJ0,R116S,0.6231,pathogenic,CEP164,116.0
Q9UKJ0,R116T,0.3674,ambiguous,CEP164,116.0
Q9UKJ0,R116V,0.5588,ambiguous,CEP164,116.0
Q9UKJ0,R116W,0.2071,benign,CEP164,116.0
Q9UKJ0,R116Y,0.6701,pathogenic,CEP164,116.0
Q9UKJ0,K117A,0.3254,benign,CEP164,117.0
Q9UKJ0,K117C,0.8645,pathogenic,CEP164,117.0
Q9UKJ0,K117D,0.5288,ambiguous,CEP164,117.0
Q9UKJ0,K117E,0.1111,benign,CEP164,117.0
Q9UKJ0,K117F,0.791,pathogenic,CEP164,117.0
Q9UKJ0,K117G,0.4828,ambiguous,CEP164,117.0
Q9UKJ0,K117H,0.474,ambiguous,CEP164,117.0
Q9UKJ0,K117I,0.3876,ambiguous,CEP164,117.0
Q9UKJ0,K117L,0.3479,ambiguous,CEP164,117.0
Q9UKJ0,K117M,0.2137,benign,CEP164,117.0
Q9UKJ0,K117N,0.4344,ambiguous,CEP164,117.0
Q9UKJ0,K117P,0.5188,ambiguous,CEP164,117.0
Q9UKJ0,K117Q,0.1609,benign,CEP164,117.0
Q9UKJ0,K117R,0.1047,benign,CEP164,117.0
Q9UKJ0,K117S,0.4435,ambiguous,CEP164,117.0
Q9UKJ0,K117T,0.1882,benign,CEP164,117.0
Q9UKJ0,K117V,0.3544,ambiguous,CEP164,117.0
Q9UKJ0,K117W,0.7182,pathogenic,CEP164,117.0
Q9UKJ0,K117Y,0.6645,pathogenic,CEP164,117.0
Q9UKJ0,E118A,0.1702,benign,CEP164,118.0
Q9UKJ0,E118C,0.9246,pathogenic,CEP164,118.0
Q9UKJ0,E118D,0.2549,benign,CEP164,118.0
Q9UKJ0,E118F,0.8541,pathogenic,CEP164,118.0
Q9UKJ0,E118G,0.1492,benign,CEP164,118.0
Q9UKJ0,E118H,0.5966,pathogenic,CEP164,118.0
Q9UKJ0,E118I,0.5405,ambiguous,CEP164,118.0
Q9UKJ0,E118K,0.131,benign,CEP164,118.0
Q9UKJ0,E118L,0.5663,pathogenic,CEP164,118.0
Q9UKJ0,E118M,0.5668,pathogenic,CEP164,118.0
Q9UKJ0,E118N,0.3909,ambiguous,CEP164,118.0
Q9UKJ0,E118P,0.5641,pathogenic,CEP164,118.0
Q9UKJ0,E118Q,0.1577,benign,CEP164,118.0
Q9UKJ0,E118R,0.2313,benign,CEP164,118.0
Q9UKJ0,E118S,0.3064,benign,CEP164,118.0
Q9UKJ0,E118T,0.2811,benign,CEP164,118.0
Q9UKJ0,E118V,0.3167,benign,CEP164,118.0
Q9UKJ0,E118W,0.8623,pathogenic,CEP164,118.0
Q9UKJ0,E118Y,0.7224,pathogenic,CEP164,118.0
Q9UKJ0,D119A,0.9458,pathogenic,CEP164,119.0
Q9UKJ0,D119C,0.9893,pathogenic,CEP164,119.0
Q9UKJ0,D119E,0.9208,pathogenic,CEP164,119.0
Q9UKJ0,D119F,0.9812,pathogenic,CEP164,119.0
Q9UKJ0,D119G,0.8934,pathogenic,CEP164,119.0
Q9UKJ0,D119H,0.9229,pathogenic,CEP164,119.0
Q9UKJ0,D119I,0.9719,pathogenic,CEP164,119.0
Q9UKJ0,D119K,0.9643,pathogenic,CEP164,119.0
Q9UKJ0,D119L,0.9712,pathogenic,CEP164,119.0
Q9UKJ0,D119M,0.9913,pathogenic,CEP164,119.0
Q9UKJ0,D119N,0.8123,pathogenic,CEP164,119.0
Q9UKJ0,D119P,0.9887,pathogenic,CEP164,119.0
Q9UKJ0,D119Q,0.9774,pathogenic,CEP164,119.0
Q9UKJ0,D119R,0.9599,pathogenic,CEP164,119.0
Q9UKJ0,D119S,0.9316,pathogenic,CEP164,119.0
Q9UKJ0,D119T,0.971,pathogenic,CEP164,119.0
Q9UKJ0,D119V,0.9178,pathogenic,CEP164,119.0
Q9UKJ0,D119W,0.9904,pathogenic,CEP164,119.0
Q9UKJ0,D119Y,0.8255,pathogenic,CEP164,119.0
Q9UKJ0,Q120A,0.3213,benign,CEP164,120.0
Q9UKJ0,Q120C,0.8772,pathogenic,CEP164,120.0
Q9UKJ0,Q120D,0.5377,ambiguous,CEP164,120.0
Q9UKJ0,Q120E,0.0742,benign,CEP164,120.0
Q9UKJ0,Q120F,0.9127,pathogenic,CEP164,120.0
Q9UKJ0,Q120G,0.3532,ambiguous,CEP164,120.0
Q9UKJ0,Q120H,0.5499,ambiguous,CEP164,120.0
Q9UKJ0,Q120I,0.7525,pathogenic,CEP164,120.0
Q9UKJ0,Q120K,0.1693,benign,CEP164,120.0
Q9UKJ0,Q120L,0.4082,ambiguous,CEP164,120.0
Q9UKJ0,Q120M,0.6242,pathogenic,CEP164,120.0
Q9UKJ0,Q120N,0.5027,ambiguous,CEP164,120.0
Q9UKJ0,Q120P,0.6282,pathogenic,CEP164,120.0
Q9UKJ0,Q120R,0.1576,benign,CEP164,120.0
Q9UKJ0,Q120S,0.4133,ambiguous,CEP164,120.0
Q9UKJ0,Q120T,0.378,ambiguous,CEP164,120.0
Q9UKJ0,Q120V,0.5818,pathogenic,CEP164,120.0
Q9UKJ0,Q120W,0.8156,pathogenic,CEP164,120.0
Q9UKJ0,Q120Y,0.7992,pathogenic,CEP164,120.0
Q9UKJ0,S121A,0.1512,benign,CEP164,121.0
Q9UKJ0,S121C,0.2337,benign,CEP164,121.0
Q9UKJ0,S121D,0.4364,ambiguous,CEP164,121.0
Q9UKJ0,S121E,0.6218,pathogenic,CEP164,121.0
Q9UKJ0,S121F,0.4577,ambiguous,CEP164,121.0
Q9UKJ0,S121G,0.1708,benign,CEP164,121.0
Q9UKJ0,S121H,0.5248,ambiguous,CEP164,121.0
Q9UKJ0,S121I,0.5108,ambiguous,CEP164,121.0
Q9UKJ0,S121K,0.8612,pathogenic,CEP164,121.0
Q9UKJ0,S121L,0.36,ambiguous,CEP164,121.0
Q9UKJ0,S121M,0.4367,ambiguous,CEP164,121.0
Q9UKJ0,S121N,0.2051,benign,CEP164,121.0
Q9UKJ0,S121P,0.8079,pathogenic,CEP164,121.0
Q9UKJ0,S121Q,0.7228,pathogenic,CEP164,121.0
Q9UKJ0,S121R,0.7654,pathogenic,CEP164,121.0
Q9UKJ0,S121T,0.1567,benign,CEP164,121.0
Q9UKJ0,S121V,0.5268,ambiguous,CEP164,121.0
Q9UKJ0,S121W,0.4527,ambiguous,CEP164,121.0
Q9UKJ0,S121Y,0.3297,benign,CEP164,121.0
Q9UKJ0,V122A,0.2899,benign,CEP164,122.0
Q9UKJ0,V122C,0.7898,pathogenic,CEP164,122.0
Q9UKJ0,V122D,0.2797,benign,CEP164,122.0
Q9UKJ0,V122E,0.1922,benign,CEP164,122.0
Q9UKJ0,V122F,0.2128,benign,CEP164,122.0
Q9UKJ0,V122G,0.3463,ambiguous,CEP164,122.0
Q9UKJ0,V122H,0.5779,pathogenic,CEP164,122.0
Q9UKJ0,V122I,0.1081,benign,CEP164,122.0
Q9UKJ0,V122K,0.3136,benign,CEP164,122.0
Q9UKJ0,V122L,0.2928,benign,CEP164,122.0
Q9UKJ0,V122M,0.1846,benign,CEP164,122.0
Q9UKJ0,V122N,0.3098,benign,CEP164,122.0
Q9UKJ0,V122P,0.7092,pathogenic,CEP164,122.0
Q9UKJ0,V122Q,0.2737,benign,CEP164,122.0
Q9UKJ0,V122R,0.2295,benign,CEP164,122.0
Q9UKJ0,V122S,0.2751,benign,CEP164,122.0
Q9UKJ0,V122T,0.22,benign,CEP164,122.0
Q9UKJ0,V122W,0.7183,pathogenic,CEP164,122.0
Q9UKJ0,V122Y,0.52,ambiguous,CEP164,122.0
Q9UKJ0,Y123A,0.9552,pathogenic,CEP164,123.0
Q9UKJ0,Y123C,0.7882,pathogenic,CEP164,123.0
Q9UKJ0,Y123D,0.8897,pathogenic,CEP164,123.0
Q9UKJ0,Y123E,0.9854,pathogenic,CEP164,123.0
Q9UKJ0,Y123F,0.3025,benign,CEP164,123.0
Q9UKJ0,Y123G,0.9357,pathogenic,CEP164,123.0
Q9UKJ0,Y123H,0.8591,pathogenic,CEP164,123.0
Q9UKJ0,Y123I,0.8682,pathogenic,CEP164,123.0
Q9UKJ0,Y123K,0.987,pathogenic,CEP164,123.0
Q9UKJ0,Y123L,0.8111,pathogenic,CEP164,123.0
Q9UKJ0,Y123M,0.9446,pathogenic,CEP164,123.0
Q9UKJ0,Y123N,0.8138,pathogenic,CEP164,123.0
Q9UKJ0,Y123P,0.9696,pathogenic,CEP164,123.0
Q9UKJ0,Y123Q,0.983,pathogenic,CEP164,123.0
Q9UKJ0,Y123R,0.9587,pathogenic,CEP164,123.0
Q9UKJ0,Y123S,0.8353,pathogenic,CEP164,123.0
Q9UKJ0,Y123T,0.944,pathogenic,CEP164,123.0
Q9UKJ0,Y123V,0.8506,pathogenic,CEP164,123.0
Q9UKJ0,Y123W,0.7578,pathogenic,CEP164,123.0
Q9UKJ0,F124A,0.9445,pathogenic,CEP164,124.0
Q9UKJ0,F124C,0.7828,pathogenic,CEP164,124.0
Q9UKJ0,F124D,0.9715,pathogenic,CEP164,124.0
Q9UKJ0,F124E,0.9857,pathogenic,CEP164,124.0
Q9UKJ0,F124G,0.9691,pathogenic,CEP164,124.0
Q9UKJ0,F124H,0.8673,pathogenic,CEP164,124.0
Q9UKJ0,F124I,0.656,pathogenic,CEP164,124.0
Q9UKJ0,F124K,0.9797,pathogenic,CEP164,124.0
Q9UKJ0,F124L,0.9784,pathogenic,CEP164,124.0
Q9UKJ0,F124M,0.9414,pathogenic,CEP164,124.0
Q9UKJ0,F124N,0.9249,pathogenic,CEP164,124.0
Q9UKJ0,F124P,0.9963,pathogenic,CEP164,124.0
Q9UKJ0,F124Q,0.9686,pathogenic,CEP164,124.0
Q9UKJ0,F124R,0.9182,pathogenic,CEP164,124.0
Q9UKJ0,F124S,0.8592,pathogenic,CEP164,124.0
Q9UKJ0,F124T,0.9223,pathogenic,CEP164,124.0
Q9UKJ0,F124V,0.6592,pathogenic,CEP164,124.0
Q9UKJ0,F124W,0.8036,pathogenic,CEP164,124.0
Q9UKJ0,F124Y,0.4156,ambiguous,CEP164,124.0
Q9UKJ0,C125A,0.8496,pathogenic,CEP164,125.0
Q9UKJ0,C125D,0.9837,pathogenic,CEP164,125.0
Q9UKJ0,C125E,0.9923,pathogenic,CEP164,125.0
Q9UKJ0,C125F,0.4797,ambiguous,CEP164,125.0
Q9UKJ0,C125G,0.5167,ambiguous,CEP164,125.0
Q9UKJ0,C125H,0.9318,pathogenic,CEP164,125.0
Q9UKJ0,C125I,0.8987,pathogenic,CEP164,125.0
Q9UKJ0,C125K,0.99,pathogenic,CEP164,125.0
Q9UKJ0,C125L,0.8001,pathogenic,CEP164,125.0
Q9UKJ0,C125M,0.9379,pathogenic,CEP164,125.0
Q9UKJ0,C125N,0.9604,pathogenic,CEP164,125.0
Q9UKJ0,C125P,0.9609,pathogenic,CEP164,125.0
Q9UKJ0,C125Q,0.965,pathogenic,CEP164,125.0
Q9UKJ0,C125R,0.8993,pathogenic,CEP164,125.0
Q9UKJ0,C125S,0.777,pathogenic,CEP164,125.0
Q9UKJ0,C125T,0.9142,pathogenic,CEP164,125.0
Q9UKJ0,C125V,0.8545,pathogenic,CEP164,125.0
Q9UKJ0,C125W,0.8577,pathogenic,CEP164,125.0
Q9UKJ0,C125Y,0.7956,pathogenic,CEP164,125.0
Q9UKJ0,R126A,0.5237,ambiguous,CEP164,126.0
Q9UKJ0,R126C,0.3208,benign,CEP164,126.0
Q9UKJ0,R126D,0.778,pathogenic,CEP164,126.0
Q9UKJ0,R126E,0.4039,ambiguous,CEP164,126.0
Q9UKJ0,R126F,0.6963,pathogenic,CEP164,126.0
Q9UKJ0,R126G,0.3743,ambiguous,CEP164,126.0
Q9UKJ0,R126H,0.1903,benign,CEP164,126.0
Q9UKJ0,R126I,0.3838,ambiguous,CEP164,126.0
Q9UKJ0,R126K,0.2157,benign,CEP164,126.0
Q9UKJ0,R126L,0.3674,ambiguous,CEP164,126.0
Q9UKJ0,R126M,0.4102,ambiguous,CEP164,126.0
Q9UKJ0,R126N,0.7115,pathogenic,CEP164,126.0
Q9UKJ0,R126P,0.9048,pathogenic,CEP164,126.0
Q9UKJ0,R126Q,0.1187,benign,CEP164,126.0
Q9UKJ0,R126S,0.5722,pathogenic,CEP164,126.0
Q9UKJ0,R126T,0.332,benign,CEP164,126.0
Q9UKJ0,R126V,0.4689,ambiguous,CEP164,126.0
Q9UKJ0,R126W,0.2255,benign,CEP164,126.0
Q9UKJ0,R126Y,0.5723,pathogenic,CEP164,126.0
Q9UKJ0,V127A,0.5609,ambiguous,CEP164,127.0
Q9UKJ0,V127C,0.9543,pathogenic,CEP164,127.0
Q9UKJ0,V127D,0.8625,pathogenic,CEP164,127.0
Q9UKJ0,V127E,0.7906,pathogenic,CEP164,127.0
Q9UKJ0,V127F,0.526,ambiguous,CEP164,127.0
Q9UKJ0,V127G,0.5582,ambiguous,CEP164,127.0
Q9UKJ0,V127H,0.9596,pathogenic,CEP164,127.0
Q9UKJ0,V127I,0.1447,benign,CEP164,127.0
Q9UKJ0,V127K,0.8611,pathogenic,CEP164,127.0
Q9UKJ0,V127L,0.6652,pathogenic,CEP164,127.0
Q9UKJ0,V127M,0.5161,ambiguous,CEP164,127.0
Q9UKJ0,V127N,0.8913,pathogenic,CEP164,127.0
Q9UKJ0,V127P,0.9382,pathogenic,CEP164,127.0
Q9UKJ0,V127Q,0.8566,pathogenic,CEP164,127.0
Q9UKJ0,V127R,0.7766,pathogenic,CEP164,127.0
Q9UKJ0,V127S,0.7855,pathogenic,CEP164,127.0
Q9UKJ0,V127T,0.6632,pathogenic,CEP164,127.0
Q9UKJ0,V127W,0.9365,pathogenic,CEP164,127.0
Q9UKJ0,V127Y,0.8834,pathogenic,CEP164,127.0
Q9UKJ0,E128A,0.1784,benign,CEP164,128.0
Q9UKJ0,E128C,0.7783,pathogenic,CEP164,128.0
Q9UKJ0,E128D,0.3801,ambiguous,CEP164,128.0
Q9UKJ0,E128F,0.5107,ambiguous,CEP164,128.0
Q9UKJ0,E128G,0.2917,benign,CEP164,128.0
Q9UKJ0,E128H,0.4258,ambiguous,CEP164,128.0
Q9UKJ0,E128I,0.239,benign,CEP164,128.0
Q9UKJ0,E128K,0.2734,benign,CEP164,128.0
Q9UKJ0,E128L,0.3668,ambiguous,CEP164,128.0
Q9UKJ0,E128M,0.3839,ambiguous,CEP164,128.0
Q9UKJ0,E128N,0.4505,ambiguous,CEP164,128.0
Q9UKJ0,E128P,0.8811,pathogenic,CEP164,128.0
Q9UKJ0,E128Q,0.1204,benign,CEP164,128.0
Q9UKJ0,E128R,0.2687,benign,CEP164,128.0
Q9UKJ0,E128S,0.2527,benign,CEP164,128.0
Q9UKJ0,E128T,0.2642,benign,CEP164,128.0
Q9UKJ0,E128V,0.1425,benign,CEP164,128.0
Q9UKJ0,E128W,0.7454,pathogenic,CEP164,128.0
Q9UKJ0,E128Y,0.4909,ambiguous,CEP164,128.0
Q9UKJ0,L129A,0.5421,ambiguous,CEP164,129.0
Q9UKJ0,L129C,0.8036,pathogenic,CEP164,129.0
Q9UKJ0,L129D,0.9171,pathogenic,CEP164,129.0
Q9UKJ0,L129E,0.6938,pathogenic,CEP164,129.0
Q9UKJ0,L129F,0.3642,ambiguous,CEP164,129.0
Q9UKJ0,L129G,0.7648,pathogenic,CEP164,129.0
Q9UKJ0,L129H,0.7024,pathogenic,CEP164,129.0
Q9UKJ0,L129I,0.1395,benign,CEP164,129.0
Q9UKJ0,L129K,0.5416,ambiguous,CEP164,129.0
Q9UKJ0,L129M,0.1618,benign,CEP164,129.0
Q9UKJ0,L129N,0.8203,pathogenic,CEP164,129.0
Q9UKJ0,L129P,0.7762,pathogenic,CEP164,129.0
Q9UKJ0,L129Q,0.5406,ambiguous,CEP164,129.0
Q9UKJ0,L129R,0.4534,ambiguous,CEP164,129.0
Q9UKJ0,L129S,0.7798,pathogenic,CEP164,129.0
Q9UKJ0,L129T,0.5266,ambiguous,CEP164,129.0
Q9UKJ0,L129V,0.1333,benign,CEP164,129.0
Q9UKJ0,L129W,0.3761,ambiguous,CEP164,129.0
Q9UKJ0,L129Y,0.6747,pathogenic,CEP164,129.0
Q9UKJ0,D130A,0.3651,ambiguous,CEP164,130.0
Q9UKJ0,D130C,0.8345,pathogenic,CEP164,130.0
Q9UKJ0,D130E,0.4336,ambiguous,CEP164,130.0
Q9UKJ0,D130F,0.6881,pathogenic,CEP164,130.0
Q9UKJ0,D130G,0.3344,benign,CEP164,130.0
Q9UKJ0,D130H,0.4112,ambiguous,CEP164,130.0
Q9UKJ0,D130I,0.4779,ambiguous,CEP164,130.0
Q9UKJ0,D130K,0.5941,pathogenic,CEP164,130.0
Q9UKJ0,D130L,0.5118,ambiguous,CEP164,130.0
Q9UKJ0,D130M,0.8228,pathogenic,CEP164,130.0
Q9UKJ0,D130N,0.2321,benign,CEP164,130.0
Q9UKJ0,D130P,0.8125,pathogenic,CEP164,130.0
Q9UKJ0,D130Q,0.555,ambiguous,CEP164,130.0
Q9UKJ0,D130R,0.5447,ambiguous,CEP164,130.0
Q9UKJ0,D130S,0.3359,benign,CEP164,130.0
Q9UKJ0,D130T,0.502,ambiguous,CEP164,130.0
Q9UKJ0,D130V,0.2825,benign,CEP164,130.0
Q9UKJ0,D130W,0.8783,pathogenic,CEP164,130.0
Q9UKJ0,D130Y,0.2868,benign,CEP164,130.0
Q9UKJ0,T131A,0.3032,benign,CEP164,131.0
Q9UKJ0,T131C,0.7341,pathogenic,CEP164,131.0
Q9UKJ0,T131D,0.6783,pathogenic,CEP164,131.0
Q9UKJ0,T131E,0.6801,pathogenic,CEP164,131.0
Q9UKJ0,T131F,0.6259,pathogenic,CEP164,131.0
Q9UKJ0,T131G,0.5822,pathogenic,CEP164,131.0
Q9UKJ0,T131H,0.5923,pathogenic,CEP164,131.0
Q9UKJ0,T131I,0.4981,ambiguous,CEP164,131.0
Q9UKJ0,T131K,0.4873,ambiguous,CEP164,131.0
Q9UKJ0,T131L,0.3171,benign,CEP164,131.0
Q9UKJ0,T131M,0.2346,benign,CEP164,131.0
Q9UKJ0,T131N,0.3956,ambiguous,CEP164,131.0
Q9UKJ0,T131P,0.3144,benign,CEP164,131.0
Q9UKJ0,T131Q,0.6109,pathogenic,CEP164,131.0
Q9UKJ0,T131R,0.3988,ambiguous,CEP164,131.0
Q9UKJ0,T131S,0.3414,ambiguous,CEP164,131.0
Q9UKJ0,T131V,0.4778,ambiguous,CEP164,131.0
Q9UKJ0,T131W,0.8063,pathogenic,CEP164,131.0
Q9UKJ0,T131Y,0.6331,pathogenic,CEP164,131.0
Q9UKJ0,R132A,0.2443,benign,CEP164,132.0
Q9UKJ0,R132C,0.2287,benign,CEP164,132.0
Q9UKJ0,R132D,0.4441,ambiguous,CEP164,132.0
Q9UKJ0,R132E,0.2025,benign,CEP164,132.0
Q9UKJ0,R132F,0.4214,ambiguous,CEP164,132.0
Q9UKJ0,R132G,0.1719,benign,CEP164,132.0
Q9UKJ0,R132H,0.1441,benign,CEP164,132.0
Q9UKJ0,R132I,0.1816,benign,CEP164,132.0
Q9UKJ0,R132K,0.1176,benign,CEP164,132.0
Q9UKJ0,R132L,0.1099,benign,CEP164,132.0
Q9UKJ0,R132M,0.2392,benign,CEP164,132.0
Q9UKJ0,R132N,0.3896,ambiguous,CEP164,132.0
Q9UKJ0,R132P,0.1493,benign,CEP164,132.0
Q9UKJ0,R132Q,0.0927,benign,CEP164,132.0
Q9UKJ0,R132S,0.3023,benign,CEP164,132.0
Q9UKJ0,R132T,0.1799,benign,CEP164,132.0
Q9UKJ0,R132V,0.2242,benign,CEP164,132.0
Q9UKJ0,R132W,0.1385,benign,CEP164,132.0
Q9UKJ0,R132Y,0.3352,benign,CEP164,132.0
Q9UKJ0,R133A,0.1817,benign,CEP164,133.0
Q9UKJ0,R133C,0.2546,benign,CEP164,133.0
Q9UKJ0,R133D,0.2396,benign,CEP164,133.0
Q9UKJ0,R133E,0.1601,benign,CEP164,133.0
Q9UKJ0,R133F,0.3296,benign,CEP164,133.0
Q9UKJ0,R133G,0.107,benign,CEP164,133.0
Q9UKJ0,R133H,0.1135,benign,CEP164,133.0
Q9UKJ0,R133I,0.1313,benign,CEP164,133.0
Q9UKJ0,R133K,0.1204,benign,CEP164,133.0
Q9UKJ0,R133L,0.1423,benign,CEP164,133.0
Q9UKJ0,R133M,0.1735,benign,CEP164,133.0
Q9UKJ0,R133N,0.221,benign,CEP164,133.0
Q9UKJ0,R133P,0.3101,benign,CEP164,133.0
Q9UKJ0,R133Q,0.1051,benign,CEP164,133.0
Q9UKJ0,R133S,0.1503,benign,CEP164,133.0
Q9UKJ0,R133T,0.0985,benign,CEP164,133.0
Q9UKJ0,R133V,0.1947,benign,CEP164,133.0
Q9UKJ0,R133W,0.147,benign,CEP164,133.0
Q9UKJ0,R133Y,0.2672,benign,CEP164,133.0
Q9UKJ0,S134A,0.1133,benign,CEP164,134.0
Q9UKJ0,S134C,0.1298,benign,CEP164,134.0
Q9UKJ0,S134D,0.2017,benign,CEP164,134.0
Q9UKJ0,S134E,0.2541,benign,CEP164,134.0
Q9UKJ0,S134F,0.187,benign,CEP164,134.0
Q9UKJ0,S134G,0.1149,benign,CEP164,134.0
Q9UKJ0,S134H,0.2152,benign,CEP164,134.0
Q9UKJ0,S134I,0.1579,benign,CEP164,134.0
Q9UKJ0,S134K,0.4251,ambiguous,CEP164,134.0
Q9UKJ0,S134L,0.1508,benign,CEP164,134.0
Q9UKJ0,S134M,0.2473,benign,CEP164,134.0
Q9UKJ0,S134N,0.1443,benign,CEP164,134.0
Q9UKJ0,S134P,0.3142,benign,CEP164,134.0
Q9UKJ0,S134Q,0.339,benign,CEP164,134.0
Q9UKJ0,S134R,0.3255,benign,CEP164,134.0
Q9UKJ0,S134T,0.1169,benign,CEP164,134.0
Q9UKJ0,S134V,0.1994,benign,CEP164,134.0
Q9UKJ0,S134W,0.1441,benign,CEP164,134.0
Q9UKJ0,S134Y,0.1058,benign,CEP164,134.0
Q9UKJ0,G135A,0.3626,ambiguous,CEP164,135.0
Q9UKJ0,G135C,0.5216,ambiguous,CEP164,135.0
Q9UKJ0,G135D,0.4006,ambiguous,CEP164,135.0
Q9UKJ0,G135E,0.3451,ambiguous,CEP164,135.0
Q9UKJ0,G135F,0.7452,pathogenic,CEP164,135.0
Q9UKJ0,G135H,0.5596,ambiguous,CEP164,135.0
Q9UKJ0,G135I,0.553,ambiguous,CEP164,135.0
Q9UKJ0,G135K,0.4804,ambiguous,CEP164,135.0
Q9UKJ0,G135L,0.6702,pathogenic,CEP164,135.0
Q9UKJ0,G135M,0.74,pathogenic,CEP164,135.0
Q9UKJ0,G135N,0.5648,pathogenic,CEP164,135.0
Q9UKJ0,G135P,0.8431,pathogenic,CEP164,135.0
Q9UKJ0,G135Q,0.4427,ambiguous,CEP164,135.0
Q9UKJ0,G135R,0.3031,benign,CEP164,135.0
Q9UKJ0,G135S,0.2268,benign,CEP164,135.0
Q9UKJ0,G135T,0.4319,ambiguous,CEP164,135.0
Q9UKJ0,G135V,0.4422,ambiguous,CEP164,135.0
Q9UKJ0,G135W,0.5249,ambiguous,CEP164,135.0
Q9UKJ0,G135Y,0.6543,pathogenic,CEP164,135.0
Q9UKJ0,R136A,0.4073,ambiguous,CEP164,136.0
Q9UKJ0,R136C,0.3103,benign,CEP164,136.0
Q9UKJ0,R136D,0.6074,pathogenic,CEP164,136.0
Q9UKJ0,R136E,0.269,benign,CEP164,136.0
Q9UKJ0,R136F,0.4375,ambiguous,CEP164,136.0
Q9UKJ0,R136G,0.2596,benign,CEP164,136.0
Q9UKJ0,R136H,0.1492,benign,CEP164,136.0
Q9UKJ0,R136I,0.1598,benign,CEP164,136.0
Q9UKJ0,R136K,0.109,benign,CEP164,136.0
Q9UKJ0,R136L,0.1995,benign,CEP164,136.0
Q9UKJ0,R136M,0.2016,benign,CEP164,136.0
Q9UKJ0,R136N,0.5201,ambiguous,CEP164,136.0
Q9UKJ0,R136P,0.4017,ambiguous,CEP164,136.0
Q9UKJ0,R136Q,0.1157,benign,CEP164,136.0
Q9UKJ0,R136S,0.413,ambiguous,CEP164,136.0
Q9UKJ0,R136T,0.1665,benign,CEP164,136.0
Q9UKJ0,R136V,0.279,benign,CEP164,136.0
Q9UKJ0,R136W,0.1335,benign,CEP164,136.0
Q9UKJ0,R136Y,0.4008,ambiguous,CEP164,136.0
Q9UKJ0,Q137A,0.5029,ambiguous,CEP164,137.0
Q9UKJ0,Q137C,0.8933,pathogenic,CEP164,137.0
Q9UKJ0,Q137D,0.7916,pathogenic,CEP164,137.0
Q9UKJ0,Q137E,0.132,benign,CEP164,137.0
Q9UKJ0,Q137F,0.8222,pathogenic,CEP164,137.0
Q9UKJ0,Q137G,0.6051,pathogenic,CEP164,137.0
Q9UKJ0,Q137H,0.6091,pathogenic,CEP164,137.0
Q9UKJ0,Q137I,0.4581,ambiguous,CEP164,137.0
Q9UKJ0,Q137K,0.1191,benign,CEP164,137.0
Q9UKJ0,Q137L,0.2577,benign,CEP164,137.0
Q9UKJ0,Q137M,0.4918,ambiguous,CEP164,137.0
Q9UKJ0,Q137N,0.6959,pathogenic,CEP164,137.0
Q9UKJ0,Q137P,0.5952,pathogenic,CEP164,137.0
Q9UKJ0,Q137R,0.1564,benign,CEP164,137.0
Q9UKJ0,Q137S,0.6474,pathogenic,CEP164,137.0
Q9UKJ0,Q137T,0.506,ambiguous,CEP164,137.0
Q9UKJ0,Q137V,0.3535,ambiguous,CEP164,137.0
Q9UKJ0,Q137W,0.6905,pathogenic,CEP164,137.0
Q9UKJ0,Q137Y,0.7027,pathogenic,CEP164,137.0
Q9UKJ0,Q138A,0.2755,benign,CEP164,138.0
Q9UKJ0,Q138C,0.778,pathogenic,CEP164,138.0
Q9UKJ0,Q138D,0.4879,ambiguous,CEP164,138.0
Q9UKJ0,Q138E,0.0982,benign,CEP164,138.0
Q9UKJ0,Q138F,0.6123,pathogenic,CEP164,138.0
Q9UKJ0,Q138G,0.3839,ambiguous,CEP164,138.0
Q9UKJ0,Q138H,0.415,ambiguous,CEP164,138.0
Q9UKJ0,Q138I,0.2487,benign,CEP164,138.0
Q9UKJ0,Q138K,0.1121,benign,CEP164,138.0
Q9UKJ0,Q138L,0.1639,benign,CEP164,138.0
Q9UKJ0,Q138M,0.2545,benign,CEP164,138.0
Q9UKJ0,Q138N,0.3794,ambiguous,CEP164,138.0
Q9UKJ0,Q138P,0.305,benign,CEP164,138.0
Q9UKJ0,Q138R,0.1331,benign,CEP164,138.0
Q9UKJ0,Q138S,0.3168,benign,CEP164,138.0
Q9UKJ0,Q138T,0.2602,benign,CEP164,138.0
Q9UKJ0,Q138V,0.1597,benign,CEP164,138.0
Q9UKJ0,Q138W,0.5598,ambiguous,CEP164,138.0
Q9UKJ0,Q138Y,0.4939,ambiguous,CEP164,138.0
Q9UKJ0,L139A,0.5134,ambiguous,CEP164,139.0
Q9UKJ0,L139C,0.5628,ambiguous,CEP164,139.0
Q9UKJ0,L139D,0.8602,pathogenic,CEP164,139.0
Q9UKJ0,L139E,0.6628,pathogenic,CEP164,139.0
Q9UKJ0,L139F,0.1271,benign,CEP164,139.0
Q9UKJ0,L139G,0.4862,ambiguous,CEP164,139.0
Q9UKJ0,L139H,0.4938,ambiguous,CEP164,139.0
Q9UKJ0,L139I,0.1418,benign,CEP164,139.0
Q9UKJ0,L139K,0.5956,pathogenic,CEP164,139.0
Q9UKJ0,L139M,0.1921,benign,CEP164,139.0
Q9UKJ0,L139N,0.7311,pathogenic,CEP164,139.0
Q9UKJ0,L139P,0.7359,pathogenic,CEP164,139.0
Q9UKJ0,L139Q,0.4556,ambiguous,CEP164,139.0
Q9UKJ0,L139R,0.4449,ambiguous,CEP164,139.0
Q9UKJ0,L139S,0.641,pathogenic,CEP164,139.0
Q9UKJ0,L139T,0.53,ambiguous,CEP164,139.0
Q9UKJ0,L139V,0.135,benign,CEP164,139.0
Q9UKJ0,L139W,0.0427,benign,CEP164,139.0
Q9UKJ0,L139Y,0.2747,benign,CEP164,139.0
Q9UKJ0,Q140A,0.5797,pathogenic,CEP164,140.0
Q9UKJ0,Q140C,0.9622,pathogenic,CEP164,140.0
Q9UKJ0,Q140D,0.8967,pathogenic,CEP164,140.0
Q9UKJ0,Q140E,0.2529,benign,CEP164,140.0
Q9UKJ0,Q140F,0.9239,pathogenic,CEP164,140.0
Q9UKJ0,Q140G,0.7458,pathogenic,CEP164,140.0
Q9UKJ0,Q140H,0.8726,pathogenic,CEP164,140.0
Q9UKJ0,Q140I,0.7367,pathogenic,CEP164,140.0
Q9UKJ0,Q140K,0.5393,ambiguous,CEP164,140.0
Q9UKJ0,Q140L,0.5115,ambiguous,CEP164,140.0
Q9UKJ0,Q140M,0.6799,pathogenic,CEP164,140.0
Q9UKJ0,Q140N,0.8137,pathogenic,CEP164,140.0
Q9UKJ0,Q140P,0.6813,pathogenic,CEP164,140.0
Q9UKJ0,Q140R,0.5012,ambiguous,CEP164,140.0
Q9UKJ0,Q140S,0.6763,pathogenic,CEP164,140.0
Q9UKJ0,Q140T,0.6641,pathogenic,CEP164,140.0
Q9UKJ0,Q140V,0.6339,pathogenic,CEP164,140.0
Q9UKJ0,Q140W,0.9091,pathogenic,CEP164,140.0
Q9UKJ0,Q140Y,0.9185,pathogenic,CEP164,140.0
Q9UKJ0,S141A,0.1463,benign,CEP164,141.0
Q9UKJ0,S141C,0.276,benign,CEP164,141.0
Q9UKJ0,S141D,0.7439,pathogenic,CEP164,141.0
Q9UKJ0,S141E,0.8412,pathogenic,CEP164,141.0
Q9UKJ0,S141F,0.7042,pathogenic,CEP164,141.0
Q9UKJ0,S141G,0.2728,benign,CEP164,141.0
Q9UKJ0,S141H,0.789,pathogenic,CEP164,141.0
Q9UKJ0,S141I,0.6268,pathogenic,CEP164,141.0
Q9UKJ0,S141K,0.9678,pathogenic,CEP164,141.0
Q9UKJ0,S141L,0.4576,ambiguous,CEP164,141.0
Q9UKJ0,S141M,0.6268,pathogenic,CEP164,141.0
Q9UKJ0,S141N,0.4172,ambiguous,CEP164,141.0
Q9UKJ0,S141P,0.4822,ambiguous,CEP164,141.0
Q9UKJ0,S141Q,0.8829,pathogenic,CEP164,141.0
Q9UKJ0,S141R,0.9256,pathogenic,CEP164,141.0
Q9UKJ0,S141T,0.3052,benign,CEP164,141.0
Q9UKJ0,S141V,0.6129,pathogenic,CEP164,141.0
Q9UKJ0,S141W,0.6625,pathogenic,CEP164,141.0
Q9UKJ0,S141Y,0.559,ambiguous,CEP164,141.0
Q9UKJ0,I142A,0.5497,ambiguous,CEP164,142.0
Q9UKJ0,I142C,0.8026,pathogenic,CEP164,142.0
Q9UKJ0,I142D,0.6899,pathogenic,CEP164,142.0
Q9UKJ0,I142E,0.4922,ambiguous,CEP164,142.0
Q9UKJ0,I142F,0.2329,benign,CEP164,142.0
Q9UKJ0,I142G,0.719,pathogenic,CEP164,142.0
Q9UKJ0,I142H,0.5523,ambiguous,CEP164,142.0
Q9UKJ0,I142K,0.3133,benign,CEP164,142.0
Q9UKJ0,I142L,0.1736,benign,CEP164,142.0
Q9UKJ0,I142M,0.1748,benign,CEP164,142.0
Q9UKJ0,I142N,0.3768,ambiguous,CEP164,142.0
Q9UKJ0,I142P,0.671,pathogenic,CEP164,142.0
Q9UKJ0,I142Q,0.4394,ambiguous,CEP164,142.0
Q9UKJ0,I142R,0.2078,benign,CEP164,142.0
Q9UKJ0,I142S,0.4142,ambiguous,CEP164,142.0
Q9UKJ0,I142T,0.425,ambiguous,CEP164,142.0
Q9UKJ0,I142V,0.1692,benign,CEP164,142.0
Q9UKJ0,I142W,0.5128,ambiguous,CEP164,142.0
Q9UKJ0,I142Y,0.4561,ambiguous,CEP164,142.0
Q9UKJ0,K143A,0.1746,benign,CEP164,143.0
Q9UKJ0,K143C,0.6484,pathogenic,CEP164,143.0
Q9UKJ0,K143D,0.1766,benign,CEP164,143.0
Q9UKJ0,K143E,0.0613,benign,CEP164,143.0
Q9UKJ0,K143F,0.5767,pathogenic,CEP164,143.0
Q9UKJ0,K143G,0.2802,benign,CEP164,143.0
Q9UKJ0,K143H,0.2452,benign,CEP164,143.0
Q9UKJ0,K143I,0.2643,benign,CEP164,143.0
Q9UKJ0,K143L,0.2139,benign,CEP164,143.0
Q9UKJ0,K143M,0.1984,benign,CEP164,143.0
Q9UKJ0,K143N,0.2082,benign,CEP164,143.0
Q9UKJ0,K143P,0.1986,benign,CEP164,143.0
Q9UKJ0,K143Q,0.1141,benign,CEP164,143.0
Q9UKJ0,K143R,0.092,benign,CEP164,143.0
Q9UKJ0,K143S,0.2435,benign,CEP164,143.0
Q9UKJ0,K143T,0.1412,benign,CEP164,143.0
Q9UKJ0,K143V,0.2391,benign,CEP164,143.0
Q9UKJ0,K143W,0.5877,pathogenic,CEP164,143.0
Q9UKJ0,K143Y,0.3764,ambiguous,CEP164,143.0
Q9UKJ0,G144A,0.6544,pathogenic,CEP164,144.0
Q9UKJ0,G144C,0.9005,pathogenic,CEP164,144.0
Q9UKJ0,G144D,0.812,pathogenic,CEP164,144.0
Q9UKJ0,G144E,0.7806,pathogenic,CEP164,144.0
Q9UKJ0,G144F,0.9702,pathogenic,CEP164,144.0
Q9UKJ0,G144H,0.9722,pathogenic,CEP164,144.0
Q9UKJ0,G144I,0.9094,pathogenic,CEP164,144.0
Q9UKJ0,G144K,0.9523,pathogenic,CEP164,144.0
Q9UKJ0,G144L,0.9636,pathogenic,CEP164,144.0
Q9UKJ0,G144M,0.9639,pathogenic,CEP164,144.0
Q9UKJ0,G144N,0.9452,pathogenic,CEP164,144.0
Q9UKJ0,G144P,0.9709,pathogenic,CEP164,144.0
Q9UKJ0,G144Q,0.9459,pathogenic,CEP164,144.0
Q9UKJ0,G144R,0.8997,pathogenic,CEP164,144.0
Q9UKJ0,G144S,0.735,pathogenic,CEP164,144.0
Q9UKJ0,G144T,0.8814,pathogenic,CEP164,144.0
Q9UKJ0,G144V,0.8016,pathogenic,CEP164,144.0
Q9UKJ0,G144W,0.9142,pathogenic,CEP164,144.0
Q9UKJ0,G144Y,0.9448,pathogenic,CEP164,144.0
Q9UKJ0,T145A,0.635,pathogenic,CEP164,145.0
Q9UKJ0,T145C,0.9244,pathogenic,CEP164,145.0
Q9UKJ0,T145D,0.9201,pathogenic,CEP164,145.0
Q9UKJ0,T145E,0.8783,pathogenic,CEP164,145.0
Q9UKJ0,T145F,0.9008,pathogenic,CEP164,145.0
Q9UKJ0,T145G,0.841,pathogenic,CEP164,145.0
Q9UKJ0,T145H,0.8627,pathogenic,CEP164,145.0
Q9UKJ0,T145I,0.8666,pathogenic,CEP164,145.0
Q9UKJ0,T145K,0.7734,pathogenic,CEP164,145.0
Q9UKJ0,T145L,0.7197,pathogenic,CEP164,145.0
Q9UKJ0,T145M,0.4358,ambiguous,CEP164,145.0
Q9UKJ0,T145N,0.7106,pathogenic,CEP164,145.0
Q9UKJ0,T145P,0.7224,pathogenic,CEP164,145.0
Q9UKJ0,T145Q,0.8142,pathogenic,CEP164,145.0
Q9UKJ0,T145R,0.6827,pathogenic,CEP164,145.0
Q9UKJ0,T145S,0.6302,pathogenic,CEP164,145.0
Q9UKJ0,T145V,0.8019,pathogenic,CEP164,145.0
Q9UKJ0,T145W,0.9292,pathogenic,CEP164,145.0
Q9UKJ0,T145Y,0.8948,pathogenic,CEP164,145.0
Q9UKJ0,K146A,0.3604,ambiguous,CEP164,146.0
Q9UKJ0,K146C,0.7267,pathogenic,CEP164,146.0
Q9UKJ0,K146D,0.4582,ambiguous,CEP164,146.0
Q9UKJ0,K146E,0.1444,benign,CEP164,146.0
Q9UKJ0,K146F,0.6543,pathogenic,CEP164,146.0
Q9UKJ0,K146G,0.5657,pathogenic,CEP164,146.0
Q9UKJ0,K146H,0.2639,benign,CEP164,146.0
Q9UKJ0,K146I,0.2385,benign,CEP164,146.0
Q9UKJ0,K146L,0.325,benign,CEP164,146.0
Q9UKJ0,K146M,0.1975,benign,CEP164,146.0
Q9UKJ0,K146N,0.2328,benign,CEP164,146.0
Q9UKJ0,K146P,0.7392,pathogenic,CEP164,146.0
Q9UKJ0,K146Q,0.1439,benign,CEP164,146.0
Q9UKJ0,K146R,0.0926,benign,CEP164,146.0
Q9UKJ0,K146S,0.3756,ambiguous,CEP164,146.0
Q9UKJ0,K146T,0.1601,benign,CEP164,146.0
Q9UKJ0,K146V,0.2696,benign,CEP164,146.0
Q9UKJ0,K146W,0.6838,pathogenic,CEP164,146.0
Q9UKJ0,K146Y,0.4339,ambiguous,CEP164,146.0
Q9UKJ0,L147A,0.828,pathogenic,CEP164,147.0
Q9UKJ0,L147C,0.9002,pathogenic,CEP164,147.0
Q9UKJ0,L147D,0.9671,pathogenic,CEP164,147.0
Q9UKJ0,L147E,0.8914,pathogenic,CEP164,147.0
Q9UKJ0,L147F,0.669,pathogenic,CEP164,147.0
Q9UKJ0,L147G,0.909,pathogenic,CEP164,147.0
Q9UKJ0,L147H,0.8751,pathogenic,CEP164,147.0
Q9UKJ0,L147I,0.1802,benign,CEP164,147.0
Q9UKJ0,L147K,0.8294,pathogenic,CEP164,147.0
Q9UKJ0,L147M,0.4019,ambiguous,CEP164,147.0
Q9UKJ0,L147N,0.9148,pathogenic,CEP164,147.0
Q9UKJ0,L147P,0.8179,pathogenic,CEP164,147.0
Q9UKJ0,L147Q,0.8101,pathogenic,CEP164,147.0
Q9UKJ0,L147R,0.716,pathogenic,CEP164,147.0
Q9UKJ0,L147S,0.9414,pathogenic,CEP164,147.0
Q9UKJ0,L147T,0.8534,pathogenic,CEP164,147.0
Q9UKJ0,L147V,0.1854,benign,CEP164,147.0
Q9UKJ0,L147W,0.8141,pathogenic,CEP164,147.0
Q9UKJ0,L147Y,0.8834,pathogenic,CEP164,147.0
Q9UKJ0,T148A,0.1611,benign,CEP164,148.0
Q9UKJ0,T148C,0.6628,pathogenic,CEP164,148.0
Q9UKJ0,T148D,0.394,ambiguous,CEP164,148.0
Q9UKJ0,T148E,0.3861,ambiguous,CEP164,148.0
Q9UKJ0,T148F,0.3722,ambiguous,CEP164,148.0
Q9UKJ0,T148G,0.425,ambiguous,CEP164,148.0
Q9UKJ0,T148H,0.314,benign,CEP164,148.0
Q9UKJ0,T148I,0.304,benign,CEP164,148.0
Q9UKJ0,T148K,0.3352,benign,CEP164,148.0
Q9UKJ0,T148L,0.2514,benign,CEP164,148.0
Q9UKJ0,T148M,0.1839,benign,CEP164,148.0
Q9UKJ0,T148N,0.1712,benign,CEP164,148.0
Q9UKJ0,T148P,0.3514,ambiguous,CEP164,148.0
Q9UKJ0,T148Q,0.3403,ambiguous,CEP164,148.0
Q9UKJ0,T148R,0.2484,benign,CEP164,148.0
Q9UKJ0,T148S,0.1362,benign,CEP164,148.0
Q9UKJ0,T148V,0.3235,benign,CEP164,148.0
Q9UKJ0,T148W,0.6227,pathogenic,CEP164,148.0
Q9UKJ0,T148Y,0.3216,benign,CEP164,148.0
Q9UKJ0,I149A,0.8339,pathogenic,CEP164,149.0
Q9UKJ0,I149C,0.9431,pathogenic,CEP164,149.0
Q9UKJ0,I149D,0.9517,pathogenic,CEP164,149.0
Q9UKJ0,I149E,0.9234,pathogenic,CEP164,149.0
Q9UKJ0,I149F,0.4934,ambiguous,CEP164,149.0
Q9UKJ0,I149G,0.9492,pathogenic,CEP164,149.0
Q9UKJ0,I149H,0.9309,pathogenic,CEP164,149.0
Q9UKJ0,I149K,0.8611,pathogenic,CEP164,149.0
Q9UKJ0,I149L,0.3493,ambiguous,CEP164,149.0
Q9UKJ0,I149M,0.3138,benign,CEP164,149.0
Q9UKJ0,I149N,0.7463,pathogenic,CEP164,149.0
Q9UKJ0,I149P,0.9201,pathogenic,CEP164,149.0
Q9UKJ0,I149Q,0.9065,pathogenic,CEP164,149.0
Q9UKJ0,I149R,0.7832,pathogenic,CEP164,149.0
Q9UKJ0,I149S,0.7907,pathogenic,CEP164,149.0
Q9UKJ0,I149T,0.7735,pathogenic,CEP164,149.0
Q9UKJ0,I149V,0.118,benign,CEP164,149.0
Q9UKJ0,I149W,0.948,pathogenic,CEP164,149.0
Q9UKJ0,I149Y,0.8747,pathogenic,CEP164,149.0
Q9UKJ0,T150A,0.1865,benign,CEP164,150.0
Q9UKJ0,T150C,0.6868,pathogenic,CEP164,150.0
Q9UKJ0,T150D,0.4571,ambiguous,CEP164,150.0
Q9UKJ0,T150E,0.4186,ambiguous,CEP164,150.0
Q9UKJ0,T150F,0.3225,benign,CEP164,150.0
Q9UKJ0,T150G,0.4488,ambiguous,CEP164,150.0
Q9UKJ0,T150H,0.2948,benign,CEP164,150.0
Q9UKJ0,T150I,0.2419,benign,CEP164,150.0
Q9UKJ0,T150K,0.2781,benign,CEP164,150.0
Q9UKJ0,T150L,0.1793,benign,CEP164,150.0
Q9UKJ0,T150M,0.1585,benign,CEP164,150.0
Q9UKJ0,T150N,0.1786,benign,CEP164,150.0
Q9UKJ0,T150P,0.1785,benign,CEP164,150.0
Q9UKJ0,T150Q,0.298,benign,CEP164,150.0
Q9UKJ0,T150R,0.187,benign,CEP164,150.0
Q9UKJ0,T150S,0.1955,benign,CEP164,150.0
Q9UKJ0,T150V,0.3155,benign,CEP164,150.0
Q9UKJ0,T150W,0.5829,pathogenic,CEP164,150.0
Q9UKJ0,T150Y,0.3485,ambiguous,CEP164,150.0
Q9UKJ0,Q151A,0.1849,benign,CEP164,151.0
Q9UKJ0,Q151C,0.7997,pathogenic,CEP164,151.0
Q9UKJ0,Q151D,0.2228,benign,CEP164,151.0
Q9UKJ0,Q151E,0.0612,benign,CEP164,151.0
Q9UKJ0,Q151F,0.7586,pathogenic,CEP164,151.0
Q9UKJ0,Q151G,0.2118,benign,CEP164,151.0
Q9UKJ0,Q151H,0.2469,benign,CEP164,151.0
Q9UKJ0,Q151I,0.5323,ambiguous,CEP164,151.0
Q9UKJ0,Q151K,0.1053,benign,CEP164,151.0
Q9UKJ0,Q151L,0.1903,benign,CEP164,151.0
Q9UKJ0,Q151M,0.4712,ambiguous,CEP164,151.0
Q9UKJ0,Q151N,0.2585,benign,CEP164,151.0
Q9UKJ0,Q151P,0.0713,benign,CEP164,151.0
Q9UKJ0,Q151R,0.0947,benign,CEP164,151.0
Q9UKJ0,Q151S,0.2106,benign,CEP164,151.0
Q9UKJ0,Q151T,0.2057,benign,CEP164,151.0
Q9UKJ0,Q151V,0.3129,benign,CEP164,151.0
Q9UKJ0,Q151W,0.4644,ambiguous,CEP164,151.0
Q9UKJ0,Q151Y,0.4935,ambiguous,CEP164,151.0
Q9UKJ0,A152C,0.7201,pathogenic,CEP164,152.0
Q9UKJ0,A152D,0.1773,benign,CEP164,152.0
Q9UKJ0,A152E,0.192,benign,CEP164,152.0
Q9UKJ0,A152F,0.4858,ambiguous,CEP164,152.0
Q9UKJ0,A152G,0.1242,benign,CEP164,152.0
Q9UKJ0,A152H,0.5078,ambiguous,CEP164,152.0
Q9UKJ0,A152I,0.4348,ambiguous,CEP164,152.0
Q9UKJ0,A152K,0.4174,ambiguous,CEP164,152.0
Q9UKJ0,A152L,0.2864,benign,CEP164,152.0
Q9UKJ0,A152M,0.3667,ambiguous,CEP164,152.0
Q9UKJ0,A152N,0.2845,benign,CEP164,152.0
Q9UKJ0,A152P,0.1507,benign,CEP164,152.0
Q9UKJ0,A152Q,0.3491,ambiguous,CEP164,152.0
Q9UKJ0,A152R,0.3156,benign,CEP164,152.0
Q9UKJ0,A152S,0.135,benign,CEP164,152.0
Q9UKJ0,A152T,0.1281,benign,CEP164,152.0
Q9UKJ0,A152V,0.1894,benign,CEP164,152.0
Q9UKJ0,A152W,0.6795,pathogenic,CEP164,152.0
Q9UKJ0,A152Y,0.5117,ambiguous,CEP164,152.0
Q9UKJ0,V153A,0.1469,benign,CEP164,153.0
Q9UKJ0,V153C,0.7808,pathogenic,CEP164,153.0
Q9UKJ0,V153D,0.1516,benign,CEP164,153.0
Q9UKJ0,V153E,0.1584,benign,CEP164,153.0
Q9UKJ0,V153F,0.1566,benign,CEP164,153.0
Q9UKJ0,V153G,0.1508,benign,CEP164,153.0
Q9UKJ0,V153H,0.48,ambiguous,CEP164,153.0
Q9UKJ0,V153I,0.1075,benign,CEP164,153.0
Q9UKJ0,V153K,0.2539,benign,CEP164,153.0
Q9UKJ0,V153L,0.1831,benign,CEP164,153.0
Q9UKJ0,V153M,0.1592,benign,CEP164,153.0
Q9UKJ0,V153N,0.2075,benign,CEP164,153.0
Q9UKJ0,V153P,0.2517,benign,CEP164,153.0
Q9UKJ0,V153Q,0.235,benign,CEP164,153.0
Q9UKJ0,V153R,0.2158,benign,CEP164,153.0
Q9UKJ0,V153S,0.1905,benign,CEP164,153.0
Q9UKJ0,V153T,0.195,benign,CEP164,153.0
Q9UKJ0,V153W,0.7056,pathogenic,CEP164,153.0
Q9UKJ0,V153Y,0.4916,ambiguous,CEP164,153.0
Q9UKJ0,T154A,0.0895,benign,CEP164,154.0
Q9UKJ0,T154C,0.6069,pathogenic,CEP164,154.0
Q9UKJ0,T154D,0.2915,benign,CEP164,154.0
Q9UKJ0,T154E,0.1766,benign,CEP164,154.0
Q9UKJ0,T154F,0.2816,benign,CEP164,154.0
Q9UKJ0,T154G,0.2476,benign,CEP164,154.0
Q9UKJ0,T154H,0.2448,benign,CEP164,154.0
Q9UKJ0,T154I,0.2257,benign,CEP164,154.0
Q9UKJ0,T154K,0.1177,benign,CEP164,154.0
Q9UKJ0,T154L,0.1283,benign,CEP164,154.0
Q9UKJ0,T154M,0.084,benign,CEP164,154.0
Q9UKJ0,T154N,0.1459,benign,CEP164,154.0
Q9UKJ0,T154P,0.1026,benign,CEP164,154.0
Q9UKJ0,T154Q,0.1568,benign,CEP164,154.0
Q9UKJ0,T154R,0.101,benign,CEP164,154.0
Q9UKJ0,T154S,0.1427,benign,CEP164,154.0
Q9UKJ0,T154V,0.2095,benign,CEP164,154.0
Q9UKJ0,T154W,0.5052,ambiguous,CEP164,154.0
Q9UKJ0,T154Y,0.2884,benign,CEP164,154.0
Q9UKJ0,T155A,0.0851,benign,CEP164,155.0
Q9UKJ0,T155C,0.7148,pathogenic,CEP164,155.0
Q9UKJ0,T155D,0.3182,benign,CEP164,155.0
Q9UKJ0,T155E,0.2261,benign,CEP164,155.0
Q9UKJ0,T155F,0.373,ambiguous,CEP164,155.0
Q9UKJ0,T155G,0.2555,benign,CEP164,155.0
Q9UKJ0,T155H,0.3143,benign,CEP164,155.0
Q9UKJ0,T155I,0.2615,benign,CEP164,155.0
Q9UKJ0,T155K,0.1834,benign,CEP164,155.0
Q9UKJ0,T155L,0.1701,benign,CEP164,155.0
Q9UKJ0,T155M,0.1292,benign,CEP164,155.0
Q9UKJ0,T155N,0.1777,benign,CEP164,155.0
Q9UKJ0,T155P,0.0976,benign,CEP164,155.0
Q9UKJ0,T155Q,0.217,benign,CEP164,155.0
Q9UKJ0,T155R,0.1244,benign,CEP164,155.0
Q9UKJ0,T155S,0.1602,benign,CEP164,155.0
Q9UKJ0,T155V,0.227,benign,CEP164,155.0
Q9UKJ0,T155W,0.6725,pathogenic,CEP164,155.0
Q9UKJ0,T155Y,0.382,ambiguous,CEP164,155.0
Q9UKJ0,T156A,0.0891,benign,CEP164,156.0
Q9UKJ0,T156C,0.7015,pathogenic,CEP164,156.0
Q9UKJ0,T156D,0.3252,benign,CEP164,156.0
Q9UKJ0,T156E,0.2476,benign,CEP164,156.0
Q9UKJ0,T156F,0.3715,ambiguous,CEP164,156.0
Q9UKJ0,T156G,0.2637,benign,CEP164,156.0
Q9UKJ0,T156H,0.3144,benign,CEP164,156.0
Q9UKJ0,T156I,0.237,benign,CEP164,156.0
Q9UKJ0,T156K,0.1991,benign,CEP164,156.0
Q9UKJ0,T156L,0.163,benign,CEP164,156.0
Q9UKJ0,T156M,0.1401,benign,CEP164,156.0
Q9UKJ0,T156N,0.1841,benign,CEP164,156.0
Q9UKJ0,T156P,0.0957,benign,CEP164,156.0
Q9UKJ0,T156Q,0.2337,benign,CEP164,156.0
Q9UKJ0,T156R,0.1401,benign,CEP164,156.0
Q9UKJ0,T156S,0.1602,benign,CEP164,156.0
Q9UKJ0,T156V,0.2205,benign,CEP164,156.0
Q9UKJ0,T156W,0.6672,pathogenic,CEP164,156.0
Q9UKJ0,T156Y,0.3887,ambiguous,CEP164,156.0
Q9UKJ0,T157A,0.0854,benign,CEP164,157.0
Q9UKJ0,T157C,0.6607,pathogenic,CEP164,157.0
Q9UKJ0,T157D,0.3052,benign,CEP164,157.0
Q9UKJ0,T157E,0.2403,benign,CEP164,157.0
Q9UKJ0,T157F,0.3151,benign,CEP164,157.0
Q9UKJ0,T157G,0.247,benign,CEP164,157.0
Q9UKJ0,T157H,0.2924,benign,CEP164,157.0
Q9UKJ0,T157I,0.187,benign,CEP164,157.0
Q9UKJ0,T157K,0.1919,benign,CEP164,157.0
Q9UKJ0,T157L,0.1361,benign,CEP164,157.0
Q9UKJ0,T157M,0.1201,benign,CEP164,157.0
Q9UKJ0,T157N,0.1632,benign,CEP164,157.0
Q9UKJ0,T157P,0.0955,benign,CEP164,157.0
Q9UKJ0,T157Q,0.2217,benign,CEP164,157.0
Q9UKJ0,T157R,0.1334,benign,CEP164,157.0
Q9UKJ0,T157S,0.1523,benign,CEP164,157.0
Q9UKJ0,T157V,0.1845,benign,CEP164,157.0
Q9UKJ0,T157W,0.5953,pathogenic,CEP164,157.0
Q9UKJ0,T157Y,0.3321,benign,CEP164,157.0
Q9UKJ0,T158A,0.0836,benign,CEP164,158.0
Q9UKJ0,T158C,0.5878,pathogenic,CEP164,158.0
Q9UKJ0,T158D,0.2729,benign,CEP164,158.0
Q9UKJ0,T158E,0.225,benign,CEP164,158.0
Q9UKJ0,T158F,0.2633,benign,CEP164,158.0
Q9UKJ0,T158G,0.2364,benign,CEP164,158.0
Q9UKJ0,T158H,0.2477,benign,CEP164,158.0
Q9UKJ0,T158I,0.159,benign,CEP164,158.0
Q9UKJ0,T158K,0.1822,benign,CEP164,158.0
Q9UKJ0,T158L,0.121,benign,CEP164,158.0
Q9UKJ0,T158M,0.1143,benign,CEP164,158.0
Q9UKJ0,T158N,0.1438,benign,CEP164,158.0
Q9UKJ0,T158P,0.0832,benign,CEP164,158.0
Q9UKJ0,T158Q,0.1978,benign,CEP164,158.0
Q9UKJ0,T158R,0.1279,benign,CEP164,158.0
Q9UKJ0,T158S,0.1279,benign,CEP164,158.0
Q9UKJ0,T158V,0.1722,benign,CEP164,158.0
Q9UKJ0,T158W,0.5208,ambiguous,CEP164,158.0
Q9UKJ0,T158Y,0.2973,benign,CEP164,158.0
Q9UKJ0,W159A,0.1694,benign,CEP164,159.0
Q9UKJ0,W159C,0.4081,ambiguous,CEP164,159.0
Q9UKJ0,W159D,0.2746,benign,CEP164,159.0
Q9UKJ0,W159E,0.2017,benign,CEP164,159.0
Q9UKJ0,W159F,0.2009,benign,CEP164,159.0
Q9UKJ0,W159G,0.0946,benign,CEP164,159.0
Q9UKJ0,W159H,0.2791,benign,CEP164,159.0
Q9UKJ0,W159I,0.2852,benign,CEP164,159.0
Q9UKJ0,W159K,0.2703,benign,CEP164,159.0
Q9UKJ0,W159L,0.1781,benign,CEP164,159.0
Q9UKJ0,W159M,0.3299,benign,CEP164,159.0
Q9UKJ0,W159N,0.3304,benign,CEP164,159.0
Q9UKJ0,W159P,0.2785,benign,CEP164,159.0
Q9UKJ0,W159Q,0.2101,benign,CEP164,159.0
Q9UKJ0,W159R,0.1638,benign,CEP164,159.0
Q9UKJ0,W159S,0.1278,benign,CEP164,159.0
Q9UKJ0,W159T,0.1531,benign,CEP164,159.0
Q9UKJ0,W159V,0.2018,benign,CEP164,159.0
Q9UKJ0,W159Y,0.2812,benign,CEP164,159.0
Q9UKJ0,R160A,0.2535,benign,CEP164,160.0
Q9UKJ0,R160C,0.2054,benign,CEP164,160.0
Q9UKJ0,R160D,0.3552,ambiguous,CEP164,160.0
Q9UKJ0,R160E,0.1796,benign,CEP164,160.0
Q9UKJ0,R160F,0.3463,ambiguous,CEP164,160.0
Q9UKJ0,R160G,0.1359,benign,CEP164,160.0
Q9UKJ0,R160H,0.1008,benign,CEP164,160.0
Q9UKJ0,R160I,0.1352,benign,CEP164,160.0
Q9UKJ0,R160K,0.1225,benign,CEP164,160.0
Q9UKJ0,R160L,0.1194,benign,CEP164,160.0
Q9UKJ0,R160M,0.1786,benign,CEP164,160.0
Q9UKJ0,R160N,0.3282,benign,CEP164,160.0
Q9UKJ0,R160P,0.2312,benign,CEP164,160.0
Q9UKJ0,R160Q,0.0931,benign,CEP164,160.0
Q9UKJ0,R160S,0.2475,benign,CEP164,160.0
Q9UKJ0,R160T,0.1575,benign,CEP164,160.0
Q9UKJ0,R160V,0.2135,benign,CEP164,160.0
Q9UKJ0,R160W,0.1506,benign,CEP164,160.0
Q9UKJ0,R160Y,0.2756,benign,CEP164,160.0
Q9UKJ0,P161A,0.0792,benign,CEP164,161.0
Q9UKJ0,P161C,0.4869,ambiguous,CEP164,161.0
Q9UKJ0,P161D,0.2437,benign,CEP164,161.0
Q9UKJ0,P161E,0.1778,benign,CEP164,161.0
Q9UKJ0,P161F,0.3665,ambiguous,CEP164,161.0
Q9UKJ0,P161G,0.2014,benign,CEP164,161.0
Q9UKJ0,P161H,0.1506,benign,CEP164,161.0
Q9UKJ0,P161I,0.2288,benign,CEP164,161.0
Q9UKJ0,P161K,0.1966,benign,CEP164,161.0
Q9UKJ0,P161L,0.0936,benign,CEP164,161.0
Q9UKJ0,P161M,0.2886,benign,CEP164,161.0
Q9UKJ0,P161N,0.2435,benign,CEP164,161.0
Q9UKJ0,P161Q,0.12,benign,CEP164,161.0
Q9UKJ0,P161R,0.115,benign,CEP164,161.0
Q9UKJ0,P161S,0.1093,benign,CEP164,161.0
Q9UKJ0,P161T,0.094,benign,CEP164,161.0
Q9UKJ0,P161V,0.161,benign,CEP164,161.0
Q9UKJ0,P161W,0.4172,ambiguous,CEP164,161.0
Q9UKJ0,P161Y,0.3076,benign,CEP164,161.0
Q9UKJ0,S162A,0.0893,benign,CEP164,162.0
Q9UKJ0,S162C,0.1491,benign,CEP164,162.0
Q9UKJ0,S162D,0.251,benign,CEP164,162.0
Q9UKJ0,S162E,0.2889,benign,CEP164,162.0
Q9UKJ0,S162F,0.2153,benign,CEP164,162.0
Q9UKJ0,S162G,0.0844,benign,CEP164,162.0
Q9UKJ0,S162H,0.2197,benign,CEP164,162.0
Q9UKJ0,S162I,0.125,benign,CEP164,162.0
Q9UKJ0,S162K,0.3771,ambiguous,CEP164,162.0
Q9UKJ0,S162L,0.1309,benign,CEP164,162.0
Q9UKJ0,S162M,0.2578,benign,CEP164,162.0
Q9UKJ0,S162N,0.138,benign,CEP164,162.0
Q9UKJ0,S162P,0.1129,benign,CEP164,162.0
Q9UKJ0,S162Q,0.2836,benign,CEP164,162.0
Q9UKJ0,S162R,0.2283,benign,CEP164,162.0
Q9UKJ0,S162T,0.0832,benign,CEP164,162.0
Q9UKJ0,S162V,0.162,benign,CEP164,162.0
Q9UKJ0,S162W,0.2366,benign,CEP164,162.0
Q9UKJ0,S162Y,0.1681,benign,CEP164,162.0
Q9UKJ0,S163A,0.0919,benign,CEP164,163.0
Q9UKJ0,S163C,0.1671,benign,CEP164,163.0
Q9UKJ0,S163D,0.3251,benign,CEP164,163.0
Q9UKJ0,S163E,0.3618,ambiguous,CEP164,163.0
Q9UKJ0,S163F,0.2018,benign,CEP164,163.0
Q9UKJ0,S163G,0.1102,benign,CEP164,163.0
Q9UKJ0,S163H,0.3131,benign,CEP164,163.0
Q9UKJ0,S163I,0.1826,benign,CEP164,163.0
Q9UKJ0,S163K,0.5479,ambiguous,CEP164,163.0
Q9UKJ0,S163L,0.1313,benign,CEP164,163.0
Q9UKJ0,S163M,0.2677,benign,CEP164,163.0
Q9UKJ0,S163N,0.1824,benign,CEP164,163.0
Q9UKJ0,S163P,0.116,benign,CEP164,163.0
Q9UKJ0,S163Q,0.4073,ambiguous,CEP164,163.0
Q9UKJ0,S163R,0.4021,ambiguous,CEP164,163.0
Q9UKJ0,S163T,0.0862,benign,CEP164,163.0
Q9UKJ0,S163V,0.1923,benign,CEP164,163.0
Q9UKJ0,S163W,0.2748,benign,CEP164,163.0
Q9UKJ0,S163Y,0.1776,benign,CEP164,163.0
Q9UKJ0,T164A,0.0647,benign,CEP164,164.0
Q9UKJ0,T164C,0.5353,ambiguous,CEP164,164.0
Q9UKJ0,T164D,0.2377,benign,CEP164,164.0
Q9UKJ0,T164E,0.1923,benign,CEP164,164.0
Q9UKJ0,T164F,0.2546,benign,CEP164,164.0
Q9UKJ0,T164G,0.1965,benign,CEP164,164.0
Q9UKJ0,T164H,0.2372,benign,CEP164,164.0
Q9UKJ0,T164I,0.1663,benign,CEP164,164.0
Q9UKJ0,T164K,0.167,benign,CEP164,164.0
Q9UKJ0,T164L,0.1247,benign,CEP164,164.0
Q9UKJ0,T164M,0.1198,benign,CEP164,164.0
Q9UKJ0,T164N,0.1304,benign,CEP164,164.0
Q9UKJ0,T164P,0.0679,benign,CEP164,164.0
Q9UKJ0,T164Q,0.185,benign,CEP164,164.0
Q9UKJ0,T164R,0.1195,benign,CEP164,164.0
Q9UKJ0,T164S,0.1186,benign,CEP164,164.0
Q9UKJ0,T164V,0.1447,benign,CEP164,164.0
Q9UKJ0,T164W,0.5398,ambiguous,CEP164,164.0
Q9UKJ0,T164Y,0.2725,benign,CEP164,164.0
Q9UKJ0,T165A,0.0822,benign,CEP164,165.0
Q9UKJ0,T165C,0.6475,pathogenic,CEP164,165.0
Q9UKJ0,T165D,0.3165,benign,CEP164,165.0
Q9UKJ0,T165E,0.2768,benign,CEP164,165.0
Q9UKJ0,T165F,0.3584,ambiguous,CEP164,165.0
Q9UKJ0,T165G,0.2427,benign,CEP164,165.0
Q9UKJ0,T165H,0.3186,benign,CEP164,165.0
Q9UKJ0,T165I,0.2615,benign,CEP164,165.0
Q9UKJ0,T165K,0.2406,benign,CEP164,165.0
Q9UKJ0,T165L,0.1671,benign,CEP164,165.0
Q9UKJ0,T165M,0.1408,benign,CEP164,165.0
Q9UKJ0,T165N,0.1709,benign,CEP164,165.0
Q9UKJ0,T165P,0.093,benign,CEP164,165.0
Q9UKJ0,T165Q,0.2481,benign,CEP164,165.0
Q9UKJ0,T165R,0.1508,benign,CEP164,165.0
Q9UKJ0,T165S,0.1498,benign,CEP164,165.0
Q9UKJ0,T165V,0.2216,benign,CEP164,165.0
Q9UKJ0,T165W,0.6486,pathogenic,CEP164,165.0
Q9UKJ0,T165Y,0.385,ambiguous,CEP164,165.0
Q9UKJ0,T166A,0.0861,benign,CEP164,166.0
Q9UKJ0,T166C,0.6497,pathogenic,CEP164,166.0
Q9UKJ0,T166D,0.3048,benign,CEP164,166.0
Q9UKJ0,T166E,0.2982,benign,CEP164,166.0
Q9UKJ0,T166F,0.3731,ambiguous,CEP164,166.0
Q9UKJ0,T166G,0.2421,benign,CEP164,166.0
Q9UKJ0,T166H,0.3158,benign,CEP164,166.0
Q9UKJ0,T166I,0.2631,benign,CEP164,166.0
Q9UKJ0,T166K,0.2709,benign,CEP164,166.0
Q9UKJ0,T166L,0.1743,benign,CEP164,166.0
Q9UKJ0,T166M,0.1501,benign,CEP164,166.0
Q9UKJ0,T166N,0.1645,benign,CEP164,166.0
Q9UKJ0,T166P,0.1012,benign,CEP164,166.0
Q9UKJ0,T166Q,0.2706,benign,CEP164,166.0
Q9UKJ0,T166R,0.1744,benign,CEP164,166.0
Q9UKJ0,T166S,0.136,benign,CEP164,166.0
Q9UKJ0,T166V,0.2336,benign,CEP164,166.0
Q9UKJ0,T166W,0.6425,pathogenic,CEP164,166.0
Q9UKJ0,T166Y,0.3786,ambiguous,CEP164,166.0
Q9UKJ0,I167A,0.0741,benign,CEP164,167.0
Q9UKJ0,I167C,0.5546,ambiguous,CEP164,167.0
Q9UKJ0,I167D,0.218,benign,CEP164,167.0
Q9UKJ0,I167E,0.1722,benign,CEP164,167.0
Q9UKJ0,I167F,0.1289,benign,CEP164,167.0
Q9UKJ0,I167G,0.263,benign,CEP164,167.0
Q9UKJ0,I167H,0.2293,benign,CEP164,167.0
Q9UKJ0,I167K,0.1362,benign,CEP164,167.0
Q9UKJ0,I167L,0.1005,benign,CEP164,167.0
Q9UKJ0,I167M,0.077,benign,CEP164,167.0
Q9UKJ0,I167N,0.1004,benign,CEP164,167.0
Q9UKJ0,I167P,0.1508,benign,CEP164,167.0
Q9UKJ0,I167Q,0.1736,benign,CEP164,167.0
Q9UKJ0,I167R,0.082,benign,CEP164,167.0
Q9UKJ0,I167S,0.0879,benign,CEP164,167.0
Q9UKJ0,I167T,0.0417,benign,CEP164,167.0
Q9UKJ0,I167V,0.0808,benign,CEP164,167.0
Q9UKJ0,I167W,0.4282,ambiguous,CEP164,167.0
Q9UKJ0,I167Y,0.2675,benign,CEP164,167.0
Q9UKJ0,A168C,0.5023,ambiguous,CEP164,168.0
Q9UKJ0,A168D,0.192,benign,CEP164,168.0
Q9UKJ0,A168E,0.1948,benign,CEP164,168.0
Q9UKJ0,A168F,0.3323,benign,CEP164,168.0
Q9UKJ0,A168G,0.1464,benign,CEP164,168.0
Q9UKJ0,A168H,0.3783,ambiguous,CEP164,168.0
Q9UKJ0,A168I,0.2813,benign,CEP164,168.0
Q9UKJ0,A168K,0.3326,benign,CEP164,168.0
Q9UKJ0,A168L,0.1782,benign,CEP164,168.0
Q9UKJ0,A168M,0.2696,benign,CEP164,168.0
Q9UKJ0,A168N,0.2577,benign,CEP164,168.0
Q9UKJ0,A168P,0.1114,benign,CEP164,168.0
Q9UKJ0,A168Q,0.2885,benign,CEP164,168.0
Q9UKJ0,A168R,0.2281,benign,CEP164,168.0
Q9UKJ0,A168S,0.1018,benign,CEP164,168.0
Q9UKJ0,A168T,0.0786,benign,CEP164,168.0
Q9UKJ0,A168V,0.1419,benign,CEP164,168.0
Q9UKJ0,A168W,0.5386,ambiguous,CEP164,168.0
Q9UKJ0,A168Y,0.3999,ambiguous,CEP164,168.0
Q9UKJ0,G169A,0.1159,benign,CEP164,169.0
Q9UKJ0,G169C,0.2102,benign,CEP164,169.0
Q9UKJ0,G169D,0.1293,benign,CEP164,169.0
Q9UKJ0,G169E,0.1578,benign,CEP164,169.0
Q9UKJ0,G169F,0.4561,ambiguous,CEP164,169.0
Q9UKJ0,G169H,0.2623,benign,CEP164,169.0
Q9UKJ0,G169I,0.2154,benign,CEP164,169.0
Q9UKJ0,G169K,0.3301,benign,CEP164,169.0
Q9UKJ0,G169L,0.3307,benign,CEP164,169.0
Q9UKJ0,G169M,0.4473,ambiguous,CEP164,169.0
Q9UKJ0,G169N,0.2477,benign,CEP164,169.0
Q9UKJ0,G169P,0.4465,ambiguous,CEP164,169.0
Q9UKJ0,G169Q,0.2642,benign,CEP164,169.0
Q9UKJ0,G169R,0.1882,benign,CEP164,169.0
Q9UKJ0,G169S,0.0934,benign,CEP164,169.0
Q9UKJ0,G169T,0.1379,benign,CEP164,169.0
Q9UKJ0,G169V,0.1353,benign,CEP164,169.0
Q9UKJ0,G169W,0.2957,benign,CEP164,169.0
Q9UKJ0,G169Y,0.3131,benign,CEP164,169.0
Q9UKJ0,L170A,0.2657,benign,CEP164,170.0
Q9UKJ0,L170C,0.4923,ambiguous,CEP164,170.0
Q9UKJ0,L170D,0.4421,ambiguous,CEP164,170.0
Q9UKJ0,L170E,0.227,benign,CEP164,170.0
Q9UKJ0,L170F,0.1468,benign,CEP164,170.0
Q9UKJ0,L170G,0.3336,benign,CEP164,170.0
Q9UKJ0,L170H,0.1932,benign,CEP164,170.0
Q9UKJ0,L170I,0.1199,benign,CEP164,170.0
Q9UKJ0,L170K,0.2044,benign,CEP164,170.0
Q9UKJ0,L170M,0.1673,benign,CEP164,170.0
Q9UKJ0,L170N,0.3094,benign,CEP164,170.0
Q9UKJ0,L170P,0.1417,benign,CEP164,170.0
Q9UKJ0,L170Q,0.124,benign,CEP164,170.0
Q9UKJ0,L170R,0.1258,benign,CEP164,170.0
Q9UKJ0,L170S,0.2361,benign,CEP164,170.0
Q9UKJ0,L170T,0.2219,benign,CEP164,170.0
Q9UKJ0,L170V,0.1183,benign,CEP164,170.0
Q9UKJ0,L170W,0.1778,benign,CEP164,170.0
Q9UKJ0,L170Y,0.3437,ambiguous,CEP164,170.0
Q9UKJ0,R171A,0.1765,benign,CEP164,171.0
Q9UKJ0,R171C,0.2398,benign,CEP164,171.0
Q9UKJ0,R171D,0.3057,benign,CEP164,171.0
Q9UKJ0,R171E,0.1697,benign,CEP164,171.0
Q9UKJ0,R171F,0.3819,ambiguous,CEP164,171.0
Q9UKJ0,R171G,0.0894,benign,CEP164,171.0
Q9UKJ0,R171H,0.1215,benign,CEP164,171.0
Q9UKJ0,R171I,0.1815,benign,CEP164,171.0
Q9UKJ0,R171K,0.1258,benign,CEP164,171.0
Q9UKJ0,R171L,0.1432,benign,CEP164,171.0
Q9UKJ0,R171M,0.1895,benign,CEP164,171.0
Q9UKJ0,R171N,0.3489,ambiguous,CEP164,171.0
Q9UKJ0,R171P,0.1931,benign,CEP164,171.0
Q9UKJ0,R171Q,0.1019,benign,CEP164,171.0
Q9UKJ0,R171S,0.2151,benign,CEP164,171.0
Q9UKJ0,R171T,0.1117,benign,CEP164,171.0
Q9UKJ0,R171V,0.2223,benign,CEP164,171.0
Q9UKJ0,R171W,0.1389,benign,CEP164,171.0
Q9UKJ0,R171Y,0.3255,benign,CEP164,171.0
Q9UKJ0,V172A,0.2339,benign,CEP164,172.0
Q9UKJ0,V172C,0.7583,pathogenic,CEP164,172.0
Q9UKJ0,V172D,0.1549,benign,CEP164,172.0
Q9UKJ0,V172E,0.1829,benign,CEP164,172.0
Q9UKJ0,V172F,0.1563,benign,CEP164,172.0
Q9UKJ0,V172G,0.1284,benign,CEP164,172.0
Q9UKJ0,V172H,0.4682,ambiguous,CEP164,172.0
Q9UKJ0,V172I,0.1375,benign,CEP164,172.0
Q9UKJ0,V172K,0.332,benign,CEP164,172.0
Q9UKJ0,V172L,0.2592,benign,CEP164,172.0
Q9UKJ0,V172M,0.2474,benign,CEP164,172.0
Q9UKJ0,V172N,0.247,benign,CEP164,172.0
Q9UKJ0,V172P,0.3561,ambiguous,CEP164,172.0
Q9UKJ0,V172Q,0.2797,benign,CEP164,172.0
Q9UKJ0,V172R,0.249,benign,CEP164,172.0
Q9UKJ0,V172S,0.2557,benign,CEP164,172.0
Q9UKJ0,V172T,0.2955,benign,CEP164,172.0
Q9UKJ0,V172W,0.6582,pathogenic,CEP164,172.0
Q9UKJ0,V172Y,0.4499,ambiguous,CEP164,172.0
Q9UKJ0,T173A,0.1098,benign,CEP164,173.0
Q9UKJ0,T173C,0.6851,pathogenic,CEP164,173.0
Q9UKJ0,T173D,0.3595,ambiguous,CEP164,173.0
Q9UKJ0,T173E,0.2614,benign,CEP164,173.0
Q9UKJ0,T173F,0.376,ambiguous,CEP164,173.0
Q9UKJ0,T173G,0.2628,benign,CEP164,173.0
Q9UKJ0,T173H,0.3523,ambiguous,CEP164,173.0
Q9UKJ0,T173I,0.2743,benign,CEP164,173.0
Q9UKJ0,T173K,0.2146,benign,CEP164,173.0
Q9UKJ0,T173L,0.1809,benign,CEP164,173.0
Q9UKJ0,T173M,0.1261,benign,CEP164,173.0
Q9UKJ0,T173N,0.2027,benign,CEP164,173.0
Q9UKJ0,T173P,0.1006,benign,CEP164,173.0
Q9UKJ0,T173Q,0.2447,benign,CEP164,173.0
Q9UKJ0,T173R,0.1465,benign,CEP164,173.0
Q9UKJ0,T173S,0.1646,benign,CEP164,173.0
Q9UKJ0,T173V,0.2749,benign,CEP164,173.0
Q9UKJ0,T173W,0.5325,ambiguous,CEP164,173.0
Q9UKJ0,T173Y,0.408,ambiguous,CEP164,173.0
Q9UKJ0,E174A,0.1312,benign,CEP164,174.0
Q9UKJ0,E174C,0.7958,pathogenic,CEP164,174.0
Q9UKJ0,E174D,0.1506,benign,CEP164,174.0
Q9UKJ0,E174F,0.6352,pathogenic,CEP164,174.0
Q9UKJ0,E174G,0.0898,benign,CEP164,174.0
Q9UKJ0,E174H,0.3369,benign,CEP164,174.0
Q9UKJ0,E174I,0.3687,ambiguous,CEP164,174.0
Q9UKJ0,E174K,0.1104,benign,CEP164,174.0
Q9UKJ0,E174L,0.3462,ambiguous,CEP164,174.0
Q9UKJ0,E174M,0.453,ambiguous,CEP164,174.0
Q9UKJ0,E174N,0.2596,benign,CEP164,174.0
Q9UKJ0,E174P,0.2564,benign,CEP164,174.0
Q9UKJ0,E174Q,0.1147,benign,CEP164,174.0
Q9UKJ0,E174R,0.1419,benign,CEP164,174.0
Q9UKJ0,E174S,0.1805,benign,CEP164,174.0
Q9UKJ0,E174T,0.1968,benign,CEP164,174.0
Q9UKJ0,E174V,0.2047,benign,CEP164,174.0
Q9UKJ0,E174W,0.7035,pathogenic,CEP164,174.0
Q9UKJ0,E174Y,0.4815,ambiguous,CEP164,174.0
Q9UKJ0,S175A,0.0974,benign,CEP164,175.0
Q9UKJ0,S175C,0.1283,benign,CEP164,175.0
Q9UKJ0,S175D,0.1255,benign,CEP164,175.0
Q9UKJ0,S175E,0.1558,benign,CEP164,175.0
Q9UKJ0,S175F,0.2736,benign,CEP164,175.0
Q9UKJ0,S175G,0.0477,benign,CEP164,175.0
Q9UKJ0,S175H,0.195,benign,CEP164,175.0
Q9UKJ0,S175I,0.113,benign,CEP164,175.0
Q9UKJ0,S175K,0.2383,benign,CEP164,175.0
Q9UKJ0,S175L,0.1671,benign,CEP164,175.0
Q9UKJ0,S175M,0.2181,benign,CEP164,175.0
Q9UKJ0,S175N,0.0907,benign,CEP164,175.0
Q9UKJ0,S175P,0.1819,benign,CEP164,175.0
Q9UKJ0,S175Q,0.2246,benign,CEP164,175.0
Q9UKJ0,S175R,0.1776,benign,CEP164,175.0
Q9UKJ0,S175T,0.0917,benign,CEP164,175.0
Q9UKJ0,S175V,0.1466,benign,CEP164,175.0
Q9UKJ0,S175W,0.2001,benign,CEP164,175.0
Q9UKJ0,S175Y,0.1595,benign,CEP164,175.0
Q9UKJ0,K176A,0.251,benign,CEP164,176.0
Q9UKJ0,K176C,0.7441,pathogenic,CEP164,176.0
Q9UKJ0,K176D,0.4123,ambiguous,CEP164,176.0
Q9UKJ0,K176E,0.1132,benign,CEP164,176.0
Q9UKJ0,K176F,0.704,pathogenic,CEP164,176.0
Q9UKJ0,K176G,0.2957,benign,CEP164,176.0
Q9UKJ0,K176H,0.3499,ambiguous,CEP164,176.0
Q9UKJ0,K176I,0.3284,benign,CEP164,176.0
Q9UKJ0,K176L,0.3324,benign,CEP164,176.0
Q9UKJ0,K176M,0.2472,benign,CEP164,176.0
Q9UKJ0,K176N,0.3535,ambiguous,CEP164,176.0
Q9UKJ0,K176P,0.3731,ambiguous,CEP164,176.0
Q9UKJ0,K176Q,0.1485,benign,CEP164,176.0
Q9UKJ0,K176R,0.085,benign,CEP164,176.0
Q9UKJ0,K176S,0.332,benign,CEP164,176.0
Q9UKJ0,K176T,0.1487,benign,CEP164,176.0
Q9UKJ0,K176V,0.313,benign,CEP164,176.0
Q9UKJ0,K176W,0.6901,pathogenic,CEP164,176.0
Q9UKJ0,K176Y,0.5975,pathogenic,CEP164,176.0
Q9UKJ0,G177A,0.1261,benign,CEP164,177.0
Q9UKJ0,G177C,0.2275,benign,CEP164,177.0
Q9UKJ0,G177D,0.1489,benign,CEP164,177.0
Q9UKJ0,G177E,0.103,benign,CEP164,177.0
Q9UKJ0,G177F,0.4087,ambiguous,CEP164,177.0
Q9UKJ0,G177H,0.2356,benign,CEP164,177.0
Q9UKJ0,G177I,0.1856,benign,CEP164,177.0
Q9UKJ0,G177K,0.1964,benign,CEP164,177.0
Q9UKJ0,G177L,0.286,benign,CEP164,177.0
Q9UKJ0,G177M,0.353,ambiguous,CEP164,177.0
Q9UKJ0,G177N,0.2644,benign,CEP164,177.0
Q9UKJ0,G177P,0.445,ambiguous,CEP164,177.0
Q9UKJ0,G177Q,0.171,benign,CEP164,177.0
Q9UKJ0,G177R,0.1205,benign,CEP164,177.0
Q9UKJ0,G177S,0.129,benign,CEP164,177.0
Q9UKJ0,G177T,0.1493,benign,CEP164,177.0
Q9UKJ0,G177V,0.1213,benign,CEP164,177.0
Q9UKJ0,G177W,0.1991,benign,CEP164,177.0
Q9UKJ0,G177Y,0.2569,benign,CEP164,177.0
Q9UKJ0,H178A,0.1855,benign,CEP164,178.0
Q9UKJ0,H178C,0.157,benign,CEP164,178.0
Q9UKJ0,H178D,0.1219,benign,CEP164,178.0
Q9UKJ0,H178E,0.2013,benign,CEP164,178.0
Q9UKJ0,H178F,0.2797,benign,CEP164,178.0
Q9UKJ0,H178G,0.1773,benign,CEP164,178.0
Q9UKJ0,H178I,0.2173,benign,CEP164,178.0
Q9UKJ0,H178K,0.1673,benign,CEP164,178.0
Q9UKJ0,H178L,0.1141,benign,CEP164,178.0
Q9UKJ0,H178M,0.4078,ambiguous,CEP164,178.0
Q9UKJ0,H178N,0.1057,benign,CEP164,178.0
Q9UKJ0,H178P,0.0942,benign,CEP164,178.0
Q9UKJ0,H178Q,0.1418,benign,CEP164,178.0
Q9UKJ0,H178R,0.0704,benign,CEP164,178.0
Q9UKJ0,H178S,0.1568,benign,CEP164,178.0
Q9UKJ0,H178T,0.1793,benign,CEP164,178.0
Q9UKJ0,H178V,0.1859,benign,CEP164,178.0
Q9UKJ0,H178W,0.2728,benign,CEP164,178.0
Q9UKJ0,H178Y,0.1098,benign,CEP164,178.0
Q9UKJ0,S179A,0.0976,benign,CEP164,179.0
Q9UKJ0,S179C,0.1618,benign,CEP164,179.0
Q9UKJ0,S179D,0.3629,ambiguous,CEP164,179.0
Q9UKJ0,S179E,0.3313,benign,CEP164,179.0
Q9UKJ0,S179F,0.2298,benign,CEP164,179.0
Q9UKJ0,S179G,0.1119,benign,CEP164,179.0
Q9UKJ0,S179H,0.3026,benign,CEP164,179.0
Q9UKJ0,S179I,0.2204,benign,CEP164,179.0
Q9UKJ0,S179K,0.4772,ambiguous,CEP164,179.0
Q9UKJ0,S179L,0.1256,benign,CEP164,179.0
Q9UKJ0,S179M,0.2806,benign,CEP164,179.0
Q9UKJ0,S179N,0.2579,benign,CEP164,179.0
Q9UKJ0,S179P,0.1065,benign,CEP164,179.0
Q9UKJ0,S179Q,0.3813,ambiguous,CEP164,179.0
Q9UKJ0,S179R,0.333,benign,CEP164,179.0
Q9UKJ0,S179T,0.1012,benign,CEP164,179.0
Q9UKJ0,S179V,0.2184,benign,CEP164,179.0
Q9UKJ0,S179W,0.1859,benign,CEP164,179.0
Q9UKJ0,S179Y,0.1733,benign,CEP164,179.0
Q9UKJ0,E180A,0.1149,benign,CEP164,180.0
Q9UKJ0,E180C,0.7153,pathogenic,CEP164,180.0
Q9UKJ0,E180D,0.1075,benign,CEP164,180.0
Q9UKJ0,E180F,0.5068,ambiguous,CEP164,180.0
Q9UKJ0,E180G,0.0886,benign,CEP164,180.0
Q9UKJ0,E180H,0.2699,benign,CEP164,180.0
Q9UKJ0,E180I,0.297,benign,CEP164,180.0
Q9UKJ0,E180K,0.0967,benign,CEP164,180.0
Q9UKJ0,E180L,0.2771,benign,CEP164,180.0
Q9UKJ0,E180M,0.3974,ambiguous,CEP164,180.0
Q9UKJ0,E180N,0.2147,benign,CEP164,180.0
Q9UKJ0,E180P,0.212,benign,CEP164,180.0
Q9UKJ0,E180Q,0.1112,benign,CEP164,180.0
Q9UKJ0,E180R,0.131,benign,CEP164,180.0
Q9UKJ0,E180S,0.1503,benign,CEP164,180.0
Q9UKJ0,E180T,0.1761,benign,CEP164,180.0
Q9UKJ0,E180V,0.1622,benign,CEP164,180.0
Q9UKJ0,E180W,0.6287,pathogenic,CEP164,180.0
Q9UKJ0,E180Y,0.3749,ambiguous,CEP164,180.0
Q9UKJ0,S181A,0.0999,benign,CEP164,181.0
Q9UKJ0,S181C,0.1534,benign,CEP164,181.0
Q9UKJ0,S181D,0.2578,benign,CEP164,181.0
Q9UKJ0,S181E,0.3141,benign,CEP164,181.0
Q9UKJ0,S181F,0.1871,benign,CEP164,181.0
Q9UKJ0,S181G,0.1067,benign,CEP164,181.0
Q9UKJ0,S181H,0.2465,benign,CEP164,181.0
Q9UKJ0,S181I,0.1536,benign,CEP164,181.0
Q9UKJ0,S181K,0.4429,ambiguous,CEP164,181.0
Q9UKJ0,S181L,0.156,benign,CEP164,181.0
Q9UKJ0,S181M,0.2564,benign,CEP164,181.0
Q9UKJ0,S181N,0.158,benign,CEP164,181.0
Q9UKJ0,S181P,0.1088,benign,CEP164,181.0
Q9UKJ0,S181Q,0.3565,ambiguous,CEP164,181.0
Q9UKJ0,S181R,0.3486,ambiguous,CEP164,181.0
Q9UKJ0,S181T,0.098,benign,CEP164,181.0
Q9UKJ0,S181V,0.1846,benign,CEP164,181.0
Q9UKJ0,S181W,0.1895,benign,CEP164,181.0
Q9UKJ0,S181Y,0.1315,benign,CEP164,181.0
Q9UKJ0,W182A,0.2319,benign,CEP164,182.0
Q9UKJ0,W182C,0.3697,ambiguous,CEP164,182.0
Q9UKJ0,W182D,0.4148,ambiguous,CEP164,182.0
Q9UKJ0,W182E,0.3447,ambiguous,CEP164,182.0
Q9UKJ0,W182F,0.2272,benign,CEP164,182.0
Q9UKJ0,W182G,0.1132,benign,CEP164,182.0
Q9UKJ0,W182H,0.3797,ambiguous,CEP164,182.0
Q9UKJ0,W182I,0.3376,benign,CEP164,182.0
Q9UKJ0,W182K,0.4016,ambiguous,CEP164,182.0
Q9UKJ0,W182L,0.1921,benign,CEP164,182.0
Q9UKJ0,W182M,0.4338,ambiguous,CEP164,182.0
Q9UKJ0,W182N,0.4815,ambiguous,CEP164,182.0
Q9UKJ0,W182P,0.3454,ambiguous,CEP164,182.0
Q9UKJ0,W182Q,0.3169,benign,CEP164,182.0
Q9UKJ0,W182R,0.2679,benign,CEP164,182.0
Q9UKJ0,W182S,0.1605,benign,CEP164,182.0
Q9UKJ0,W182T,0.222,benign,CEP164,182.0
Q9UKJ0,W182V,0.2477,benign,CEP164,182.0
Q9UKJ0,W182Y,0.3669,ambiguous,CEP164,182.0
Q9UKJ0,H183A,0.2492,benign,CEP164,183.0
Q9UKJ0,H183C,0.1918,benign,CEP164,183.0
Q9UKJ0,H183D,0.1852,benign,CEP164,183.0
Q9UKJ0,H183E,0.2606,benign,CEP164,183.0
Q9UKJ0,H183F,0.2772,benign,CEP164,183.0
Q9UKJ0,H183G,0.2585,benign,CEP164,183.0
Q9UKJ0,H183I,0.2658,benign,CEP164,183.0
Q9UKJ0,H183K,0.2265,benign,CEP164,183.0
Q9UKJ0,H183L,0.1231,benign,CEP164,183.0
Q9UKJ0,H183M,0.4575,ambiguous,CEP164,183.0
Q9UKJ0,H183N,0.1278,benign,CEP164,183.0
Q9UKJ0,H183P,0.0968,benign,CEP164,183.0
Q9UKJ0,H183Q,0.1794,benign,CEP164,183.0
Q9UKJ0,H183R,0.1087,benign,CEP164,183.0
Q9UKJ0,H183S,0.2025,benign,CEP164,183.0
Q9UKJ0,H183T,0.2512,benign,CEP164,183.0
Q9UKJ0,H183V,0.2285,benign,CEP164,183.0
Q9UKJ0,H183W,0.296,benign,CEP164,183.0
Q9UKJ0,H183Y,0.092,benign,CEP164,183.0
Q9UKJ0,L184A,0.2764,benign,CEP164,184.0
Q9UKJ0,L184C,0.4941,ambiguous,CEP164,184.0
Q9UKJ0,L184D,0.5227,ambiguous,CEP164,184.0
Q9UKJ0,L184E,0.3288,benign,CEP164,184.0
Q9UKJ0,L184F,0.1372,benign,CEP164,184.0
Q9UKJ0,L184G,0.4005,ambiguous,CEP164,184.0
Q9UKJ0,L184H,0.1877,benign,CEP164,184.0
Q9UKJ0,L184I,0.0875,benign,CEP164,184.0
Q9UKJ0,L184K,0.259,benign,CEP164,184.0
Q9UKJ0,L184M,0.1746,benign,CEP164,184.0
Q9UKJ0,L184N,0.3706,ambiguous,CEP164,184.0
Q9UKJ0,L184P,0.1318,benign,CEP164,184.0
Q9UKJ0,L184Q,0.1638,benign,CEP164,184.0
Q9UKJ0,L184R,0.1369,benign,CEP164,184.0
Q9UKJ0,L184S,0.288,benign,CEP164,184.0
Q9UKJ0,L184T,0.2639,benign,CEP164,184.0
Q9UKJ0,L184V,0.1049,benign,CEP164,184.0
Q9UKJ0,L184W,0.1753,benign,CEP164,184.0
Q9UKJ0,L184Y,0.321,benign,CEP164,184.0
Q9UKJ0,S185A,0.1455,benign,CEP164,185.0
Q9UKJ0,S185C,0.1813,benign,CEP164,185.0
Q9UKJ0,S185D,0.3777,ambiguous,CEP164,185.0
Q9UKJ0,S185E,0.5239,ambiguous,CEP164,185.0
Q9UKJ0,S185F,0.2868,benign,CEP164,185.0
Q9UKJ0,S185G,0.1232,benign,CEP164,185.0
Q9UKJ0,S185H,0.304,benign,CEP164,185.0
Q9UKJ0,S185I,0.2456,benign,CEP164,185.0
Q9UKJ0,S185K,0.6611,pathogenic,CEP164,185.0
Q9UKJ0,S185L,0.1873,benign,CEP164,185.0
Q9UKJ0,S185M,0.3855,ambiguous,CEP164,185.0
Q9UKJ0,S185N,0.2452,benign,CEP164,185.0
Q9UKJ0,S185P,0.1172,benign,CEP164,185.0
Q9UKJ0,S185Q,0.4793,ambiguous,CEP164,185.0
Q9UKJ0,S185R,0.5032,ambiguous,CEP164,185.0
Q9UKJ0,S185T,0.1261,benign,CEP164,185.0
Q9UKJ0,S185V,0.2971,benign,CEP164,185.0
Q9UKJ0,S185W,0.3184,benign,CEP164,185.0
Q9UKJ0,S185Y,0.2406,benign,CEP164,185.0
Q9UKJ0,L186A,0.1501,benign,CEP164,186.0
Q9UKJ0,L186C,0.5632,ambiguous,CEP164,186.0
Q9UKJ0,L186D,0.4921,ambiguous,CEP164,186.0
Q9UKJ0,L186E,0.234,benign,CEP164,186.0
Q9UKJ0,L186F,0.152,benign,CEP164,186.0
Q9UKJ0,L186G,0.2787,benign,CEP164,186.0
Q9UKJ0,L186H,0.2209,benign,CEP164,186.0
Q9UKJ0,L186I,0.101,benign,CEP164,186.0
Q9UKJ0,L186K,0.1669,benign,CEP164,186.0
Q9UKJ0,L186M,0.1309,benign,CEP164,186.0
Q9UKJ0,L186N,0.3882,ambiguous,CEP164,186.0
Q9UKJ0,L186P,0.0918,benign,CEP164,186.0
Q9UKJ0,L186Q,0.1255,benign,CEP164,186.0
Q9UKJ0,L186R,0.101,benign,CEP164,186.0
Q9UKJ0,L186S,0.1908,benign,CEP164,186.0
Q9UKJ0,L186T,0.1272,benign,CEP164,186.0
Q9UKJ0,L186V,0.0751,benign,CEP164,186.0
Q9UKJ0,L186W,0.1406,benign,CEP164,186.0
Q9UKJ0,L186Y,0.3859,ambiguous,CEP164,186.0
Q9UKJ0,D187A,0.1936,benign,CEP164,187.0
Q9UKJ0,D187C,0.6107,pathogenic,CEP164,187.0
Q9UKJ0,D187E,0.1772,benign,CEP164,187.0
Q9UKJ0,D187F,0.5384,ambiguous,CEP164,187.0
Q9UKJ0,D187G,0.1246,benign,CEP164,187.0
Q9UKJ0,D187H,0.2247,benign,CEP164,187.0
Q9UKJ0,D187I,0.3894,ambiguous,CEP164,187.0
Q9UKJ0,D187K,0.3197,benign,CEP164,187.0
Q9UKJ0,D187L,0.3343,benign,CEP164,187.0
Q9UKJ0,D187M,0.6651,pathogenic,CEP164,187.0
Q9UKJ0,D187N,0.1694,benign,CEP164,187.0
Q9UKJ0,D187P,0.3069,benign,CEP164,187.0
Q9UKJ0,D187Q,0.2801,benign,CEP164,187.0
Q9UKJ0,D187R,0.2924,benign,CEP164,187.0
Q9UKJ0,D187S,0.1743,benign,CEP164,187.0
Q9UKJ0,D187T,0.3025,benign,CEP164,187.0
Q9UKJ0,D187V,0.2246,benign,CEP164,187.0
Q9UKJ0,D187W,0.7113,pathogenic,CEP164,187.0
Q9UKJ0,D187Y,0.1937,benign,CEP164,187.0
Q9UKJ0,T188A,0.1034,benign,CEP164,188.0
Q9UKJ0,T188C,0.6538,pathogenic,CEP164,188.0
Q9UKJ0,T188D,0.4233,ambiguous,CEP164,188.0
Q9UKJ0,T188E,0.3975,ambiguous,CEP164,188.0
Q9UKJ0,T188F,0.377,ambiguous,CEP164,188.0
Q9UKJ0,T188G,0.2987,benign,CEP164,188.0
Q9UKJ0,T188H,0.3761,ambiguous,CEP164,188.0
Q9UKJ0,T188I,0.2472,benign,CEP164,188.0
Q9UKJ0,T188K,0.2673,benign,CEP164,188.0
Q9UKJ0,T188L,0.1764,benign,CEP164,188.0
Q9UKJ0,T188M,0.1271,benign,CEP164,188.0
Q9UKJ0,T188N,0.2274,benign,CEP164,188.0
Q9UKJ0,T188P,0.1447,benign,CEP164,188.0
Q9UKJ0,T188Q,0.344,ambiguous,CEP164,188.0
Q9UKJ0,T188R,0.1889,benign,CEP164,188.0
Q9UKJ0,T188S,0.1987,benign,CEP164,188.0
Q9UKJ0,T188V,0.2307,benign,CEP164,188.0
Q9UKJ0,T188W,0.608,pathogenic,CEP164,188.0
Q9UKJ0,T188Y,0.4014,ambiguous,CEP164,188.0
Q9UKJ0,A189C,0.6128,pathogenic,CEP164,189.0
Q9UKJ0,A189D,0.4,ambiguous,CEP164,189.0
Q9UKJ0,A189E,0.3638,ambiguous,CEP164,189.0
Q9UKJ0,A189F,0.4039,ambiguous,CEP164,189.0
Q9UKJ0,A189G,0.1791,benign,CEP164,189.0
Q9UKJ0,A189H,0.6097,pathogenic,CEP164,189.0
Q9UKJ0,A189I,0.2567,benign,CEP164,189.0
Q9UKJ0,A189K,0.5352,ambiguous,CEP164,189.0
Q9UKJ0,A189L,0.258,benign,CEP164,189.0
Q9UKJ0,A189M,0.3061,benign,CEP164,189.0
Q9UKJ0,A189N,0.4128,ambiguous,CEP164,189.0
Q9UKJ0,A189P,0.2974,benign,CEP164,189.0
Q9UKJ0,A189Q,0.4653,ambiguous,CEP164,189.0
Q9UKJ0,A189R,0.4239,ambiguous,CEP164,189.0
Q9UKJ0,A189S,0.1392,benign,CEP164,189.0
Q9UKJ0,A189T,0.0961,benign,CEP164,189.0
Q9UKJ0,A189V,0.1161,benign,CEP164,189.0
Q9UKJ0,A189W,0.7725,pathogenic,CEP164,189.0
Q9UKJ0,A189Y,0.5879,pathogenic,CEP164,189.0
Q9UKJ0,I190A,0.4181,ambiguous,CEP164,190.0
Q9UKJ0,I190C,0.6671,pathogenic,CEP164,190.0
Q9UKJ0,I190D,0.7288,pathogenic,CEP164,190.0
Q9UKJ0,I190E,0.6023,pathogenic,CEP164,190.0
Q9UKJ0,I190F,0.146,benign,CEP164,190.0
Q9UKJ0,I190G,0.5684,pathogenic,CEP164,190.0
Q9UKJ0,I190H,0.6089,pathogenic,CEP164,190.0
Q9UKJ0,I190K,0.4755,ambiguous,CEP164,190.0
Q9UKJ0,I190L,0.1131,benign,CEP164,190.0
Q9UKJ0,I190M,0.1387,benign,CEP164,190.0
Q9UKJ0,I190N,0.3796,ambiguous,CEP164,190.0
Q9UKJ0,I190P,0.6704,pathogenic,CEP164,190.0
Q9UKJ0,I190Q,0.5038,ambiguous,CEP164,190.0
Q9UKJ0,I190R,0.3502,ambiguous,CEP164,190.0
Q9UKJ0,I190S,0.3309,benign,CEP164,190.0
Q9UKJ0,I190T,0.3969,ambiguous,CEP164,190.0
Q9UKJ0,I190V,0.1061,benign,CEP164,190.0
Q9UKJ0,I190W,0.6075,pathogenic,CEP164,190.0
Q9UKJ0,I190Y,0.4903,ambiguous,CEP164,190.0
Q9UKJ0,R191A,0.1315,benign,CEP164,191.0
Q9UKJ0,R191C,0.1499,benign,CEP164,191.0
Q9UKJ0,R191D,0.3848,ambiguous,CEP164,191.0
Q9UKJ0,R191E,0.2336,benign,CEP164,191.0
Q9UKJ0,R191F,0.3391,benign,CEP164,191.0
Q9UKJ0,R191G,0.0657,benign,CEP164,191.0
Q9UKJ0,R191H,0.1305,benign,CEP164,191.0
Q9UKJ0,R191I,0.1507,benign,CEP164,191.0
Q9UKJ0,R191K,0.1346,benign,CEP164,191.0
Q9UKJ0,R191L,0.1478,benign,CEP164,191.0
Q9UKJ0,R191M,0.1903,benign,CEP164,191.0
Q9UKJ0,R191N,0.3481,ambiguous,CEP164,191.0
Q9UKJ0,R191P,0.1842,benign,CEP164,191.0
Q9UKJ0,R191Q,0.1124,benign,CEP164,191.0
Q9UKJ0,R191S,0.1219,benign,CEP164,191.0
Q9UKJ0,R191T,0.0865,benign,CEP164,191.0
Q9UKJ0,R191V,0.201,benign,CEP164,191.0
Q9UKJ0,R191W,0.136,benign,CEP164,191.0
Q9UKJ0,R191Y,0.2745,benign,CEP164,191.0
Q9UKJ0,V192A,0.2048,benign,CEP164,192.0
Q9UKJ0,V192C,0.8155,pathogenic,CEP164,192.0
Q9UKJ0,V192D,0.5611,ambiguous,CEP164,192.0
Q9UKJ0,V192E,0.4354,ambiguous,CEP164,192.0
Q9UKJ0,V192F,0.2426,benign,CEP164,192.0
Q9UKJ0,V192G,0.1833,benign,CEP164,192.0
Q9UKJ0,V192H,0.8029,pathogenic,CEP164,192.0
Q9UKJ0,V192I,0.1452,benign,CEP164,192.0
Q9UKJ0,V192K,0.6241,pathogenic,CEP164,192.0
Q9UKJ0,V192L,0.2738,benign,CEP164,192.0
Q9UKJ0,V192M,0.2281,benign,CEP164,192.0
Q9UKJ0,V192N,0.6123,pathogenic,CEP164,192.0
Q9UKJ0,V192P,0.6325,pathogenic,CEP164,192.0
Q9UKJ0,V192Q,0.575,pathogenic,CEP164,192.0
Q9UKJ0,V192R,0.5318,ambiguous,CEP164,192.0
Q9UKJ0,V192S,0.3796,ambiguous,CEP164,192.0
Q9UKJ0,V192T,0.2589,benign,CEP164,192.0
Q9UKJ0,V192W,0.7671,pathogenic,CEP164,192.0
Q9UKJ0,V192Y,0.6916,pathogenic,CEP164,192.0
Q9UKJ0,A193C,0.519,ambiguous,CEP164,193.0
Q9UKJ0,A193D,0.5833,pathogenic,CEP164,193.0
Q9UKJ0,A193E,0.6161,pathogenic,CEP164,193.0
Q9UKJ0,A193F,0.3252,benign,CEP164,193.0
Q9UKJ0,A193G,0.1606,benign,CEP164,193.0
Q9UKJ0,A193H,0.694,pathogenic,CEP164,193.0
Q9UKJ0,A193I,0.2927,benign,CEP164,193.0
Q9UKJ0,A193K,0.7792,pathogenic,CEP164,193.0
Q9UKJ0,A193L,0.2228,benign,CEP164,193.0
Q9UKJ0,A193M,0.3513,ambiguous,CEP164,193.0
Q9UKJ0,A193N,0.5124,ambiguous,CEP164,193.0
Q9UKJ0,A193P,0.3055,benign,CEP164,193.0
Q9UKJ0,A193Q,0.6219,pathogenic,CEP164,193.0
Q9UKJ0,A193R,0.6468,pathogenic,CEP164,193.0
Q9UKJ0,A193S,0.1327,benign,CEP164,193.0
Q9UKJ0,A193T,0.1078,benign,CEP164,193.0
Q9UKJ0,A193V,0.1418,benign,CEP164,193.0
Q9UKJ0,A193W,0.7506,pathogenic,CEP164,193.0
Q9UKJ0,A193Y,0.5734,pathogenic,CEP164,193.0
Q9UKJ0,L194A,0.1733,benign,CEP164,194.0
Q9UKJ0,L194C,0.5269,ambiguous,CEP164,194.0
Q9UKJ0,L194D,0.7758,pathogenic,CEP164,194.0
Q9UKJ0,L194E,0.4461,ambiguous,CEP164,194.0
Q9UKJ0,L194F,0.1633,benign,CEP164,194.0
Q9UKJ0,L194G,0.3066,benign,CEP164,194.0
Q9UKJ0,L194H,0.4658,ambiguous,CEP164,194.0
Q9UKJ0,L194I,0.1265,benign,CEP164,194.0
Q9UKJ0,L194K,0.4213,ambiguous,CEP164,194.0
Q9UKJ0,L194M,0.1432,benign,CEP164,194.0
Q9UKJ0,L194N,0.6008,pathogenic,CEP164,194.0
Q9UKJ0,L194P,0.3024,benign,CEP164,194.0
Q9UKJ0,L194Q,0.2793,benign,CEP164,194.0
Q9UKJ0,L194R,0.2889,benign,CEP164,194.0
Q9UKJ0,L194S,0.2681,benign,CEP164,194.0
Q9UKJ0,L194T,0.2111,benign,CEP164,194.0
Q9UKJ0,L194V,0.0811,benign,CEP164,194.0
Q9UKJ0,L194W,0.2485,benign,CEP164,194.0
Q9UKJ0,L194Y,0.5329,ambiguous,CEP164,194.0
Q9UKJ0,A195C,0.5518,ambiguous,CEP164,195.0
Q9UKJ0,A195D,0.6062,pathogenic,CEP164,195.0
Q9UKJ0,A195E,0.6134,pathogenic,CEP164,195.0
Q9UKJ0,A195F,0.3995,ambiguous,CEP164,195.0
Q9UKJ0,A195G,0.1613,benign,CEP164,195.0
Q9UKJ0,A195H,0.7349,pathogenic,CEP164,195.0
Q9UKJ0,A195I,0.3746,ambiguous,CEP164,195.0
Q9UKJ0,A195K,0.822,pathogenic,CEP164,195.0
Q9UKJ0,A195L,0.2385,benign,CEP164,195.0
Q9UKJ0,A195M,0.3587,ambiguous,CEP164,195.0
Q9UKJ0,A195N,0.6221,pathogenic,CEP164,195.0
Q9UKJ0,A195P,0.2615,benign,CEP164,195.0
Q9UKJ0,A195Q,0.6711,pathogenic,CEP164,195.0
Q9UKJ0,A195R,0.6863,pathogenic,CEP164,195.0
Q9UKJ0,A195S,0.164,benign,CEP164,195.0
Q9UKJ0,A195T,0.1287,benign,CEP164,195.0
Q9UKJ0,A195V,0.1643,benign,CEP164,195.0
Q9UKJ0,A195W,0.7182,pathogenic,CEP164,195.0
Q9UKJ0,A195Y,0.6297,pathogenic,CEP164,195.0
Q9UKJ0,V196A,0.1122,benign,CEP164,196.0
Q9UKJ0,V196C,0.6865,pathogenic,CEP164,196.0
Q9UKJ0,V196D,0.4958,ambiguous,CEP164,196.0
Q9UKJ0,V196E,0.4487,ambiguous,CEP164,196.0
Q9UKJ0,V196F,0.1821,benign,CEP164,196.0
Q9UKJ0,V196G,0.144,benign,CEP164,196.0
Q9UKJ0,V196H,0.7332,pathogenic,CEP164,196.0
Q9UKJ0,V196I,0.1254,benign,CEP164,196.0
Q9UKJ0,V196K,0.5654,pathogenic,CEP164,196.0
Q9UKJ0,V196L,0.231,benign,CEP164,196.0
Q9UKJ0,V196M,0.1846,benign,CEP164,196.0
Q9UKJ0,V196N,0.4644,ambiguous,CEP164,196.0
Q9UKJ0,V196P,0.5577,ambiguous,CEP164,196.0
Q9UKJ0,V196Q,0.5256,ambiguous,CEP164,196.0
Q9UKJ0,V196R,0.4747,ambiguous,CEP164,196.0
Q9UKJ0,V196S,0.2192,benign,CEP164,196.0
Q9UKJ0,V196T,0.1769,benign,CEP164,196.0
Q9UKJ0,V196W,0.7347,pathogenic,CEP164,196.0
Q9UKJ0,V196Y,0.6371,pathogenic,CEP164,196.0
Q9UKJ0,A197C,0.5168,ambiguous,CEP164,197.0
Q9UKJ0,A197D,0.6619,pathogenic,CEP164,197.0
Q9UKJ0,A197E,0.6447,pathogenic,CEP164,197.0
Q9UKJ0,A197F,0.3802,ambiguous,CEP164,197.0
Q9UKJ0,A197G,0.1877,benign,CEP164,197.0
Q9UKJ0,A197H,0.7794,pathogenic,CEP164,197.0
Q9UKJ0,A197I,0.2663,benign,CEP164,197.0
Q9UKJ0,A197K,0.8275,pathogenic,CEP164,197.0
Q9UKJ0,A197L,0.202,benign,CEP164,197.0
Q9UKJ0,A197M,0.2764,benign,CEP164,197.0
Q9UKJ0,A197N,0.6083,pathogenic,CEP164,197.0
Q9UKJ0,A197P,0.4088,ambiguous,CEP164,197.0
Q9UKJ0,A197Q,0.7064,pathogenic,CEP164,197.0
Q9UKJ0,A197R,0.7214,pathogenic,CEP164,197.0
Q9UKJ0,A197S,0.1647,benign,CEP164,197.0
Q9UKJ0,A197T,0.0957,benign,CEP164,197.0
Q9UKJ0,A197V,0.1199,benign,CEP164,197.0
Q9UKJ0,A197W,0.763,pathogenic,CEP164,197.0
Q9UKJ0,A197Y,0.645,pathogenic,CEP164,197.0
Q9UKJ0,V198A,0.1675,benign,CEP164,198.0
Q9UKJ0,V198C,0.7073,pathogenic,CEP164,198.0
Q9UKJ0,V198D,0.6219,pathogenic,CEP164,198.0
Q9UKJ0,V198E,0.5829,pathogenic,CEP164,198.0
Q9UKJ0,V198F,0.1764,benign,CEP164,198.0
Q9UKJ0,V198G,0.177,benign,CEP164,198.0
Q9UKJ0,V198H,0.8075,pathogenic,CEP164,198.0
Q9UKJ0,V198I,0.123,benign,CEP164,198.0
Q9UKJ0,V198K,0.731,pathogenic,CEP164,198.0
Q9UKJ0,V198L,0.1964,benign,CEP164,198.0
Q9UKJ0,V198M,0.2057,benign,CEP164,198.0
Q9UKJ0,V198N,0.5758,pathogenic,CEP164,198.0
Q9UKJ0,V198P,0.6554,pathogenic,CEP164,198.0
Q9UKJ0,V198Q,0.6209,pathogenic,CEP164,198.0
Q9UKJ0,V198R,0.6181,pathogenic,CEP164,198.0
Q9UKJ0,V198S,0.2895,benign,CEP164,198.0
Q9UKJ0,V198T,0.303,benign,CEP164,198.0
Q9UKJ0,V198W,0.8154,pathogenic,CEP164,198.0
Q9UKJ0,V198Y,0.6831,pathogenic,CEP164,198.0
Q9UKJ0,L199A,0.3716,ambiguous,CEP164,199.0
Q9UKJ0,L199C,0.4666,ambiguous,CEP164,199.0
Q9UKJ0,L199D,0.8691,pathogenic,CEP164,199.0
Q9UKJ0,L199E,0.5923,pathogenic,CEP164,199.0
Q9UKJ0,L199F,0.1498,benign,CEP164,199.0
Q9UKJ0,L199G,0.4473,ambiguous,CEP164,199.0
Q9UKJ0,L199H,0.5033,ambiguous,CEP164,199.0
Q9UKJ0,L199I,0.1516,benign,CEP164,199.0
Q9UKJ0,L199K,0.5216,ambiguous,CEP164,199.0
Q9UKJ0,L199M,0.1902,benign,CEP164,199.0
Q9UKJ0,L199N,0.7087,pathogenic,CEP164,199.0
Q9UKJ0,L199P,0.3803,ambiguous,CEP164,199.0
Q9UKJ0,L199Q,0.2971,benign,CEP164,199.0
Q9UKJ0,L199R,0.3382,benign,CEP164,199.0
Q9UKJ0,L199S,0.4499,ambiguous,CEP164,199.0
Q9UKJ0,L199T,0.3748,ambiguous,CEP164,199.0
Q9UKJ0,L199V,0.1565,benign,CEP164,199.0
Q9UKJ0,L199W,0.2248,benign,CEP164,199.0
Q9UKJ0,L199Y,0.5644,pathogenic,CEP164,199.0
Q9UKJ0,K200A,0.4348,ambiguous,CEP164,200.0
Q9UKJ0,K200C,0.6472,pathogenic,CEP164,200.0
Q9UKJ0,K200D,0.7688,pathogenic,CEP164,200.0
Q9UKJ0,K200E,0.3512,ambiguous,CEP164,200.0
Q9UKJ0,K200F,0.7768,pathogenic,CEP164,200.0
Q9UKJ0,K200G,0.3663,ambiguous,CEP164,200.0
Q9UKJ0,K200H,0.6601,pathogenic,CEP164,200.0
Q9UKJ0,K200I,0.3281,benign,CEP164,200.0
Q9UKJ0,K200L,0.37,ambiguous,CEP164,200.0
Q9UKJ0,K200M,0.3345,benign,CEP164,200.0
Q9UKJ0,K200N,0.6175,pathogenic,CEP164,200.0
Q9UKJ0,K200P,0.6157,pathogenic,CEP164,200.0
Q9UKJ0,K200Q,0.269,benign,CEP164,200.0
Q9UKJ0,K200R,0.1665,benign,CEP164,200.0
Q9UKJ0,K200S,0.5382,ambiguous,CEP164,200.0
Q9UKJ0,K200T,0.2961,benign,CEP164,200.0
Q9UKJ0,K200V,0.3748,ambiguous,CEP164,200.0
Q9UKJ0,K200W,0.7832,pathogenic,CEP164,200.0
Q9UKJ0,K200Y,0.6762,pathogenic,CEP164,200.0
Q9UKJ0,T201A,0.1113,benign,CEP164,201.0
Q9UKJ0,T201C,0.5856,pathogenic,CEP164,201.0
Q9UKJ0,T201D,0.6991,pathogenic,CEP164,201.0
Q9UKJ0,T201E,0.6616,pathogenic,CEP164,201.0
Q9UKJ0,T201F,0.3688,ambiguous,CEP164,201.0
Q9UKJ0,T201G,0.302,benign,CEP164,201.0
Q9UKJ0,T201H,0.5574,ambiguous,CEP164,201.0
Q9UKJ0,T201I,0.1692,benign,CEP164,201.0
Q9UKJ0,T201K,0.5719,pathogenic,CEP164,201.0
Q9UKJ0,T201L,0.1948,benign,CEP164,201.0
Q9UKJ0,T201M,0.1142,benign,CEP164,201.0
Q9UKJ0,T201N,0.3025,benign,CEP164,201.0
Q9UKJ0,T201P,0.2182,benign,CEP164,201.0
Q9UKJ0,T201Q,0.5868,pathogenic,CEP164,201.0
Q9UKJ0,T201R,0.4861,ambiguous,CEP164,201.0
Q9UKJ0,T201S,0.2336,benign,CEP164,201.0
Q9UKJ0,T201V,0.1841,benign,CEP164,201.0
Q9UKJ0,T201W,0.6317,pathogenic,CEP164,201.0
Q9UKJ0,T201Y,0.4346,ambiguous,CEP164,201.0
Q9UKJ0,V202A,0.1224,benign,CEP164,202.0
Q9UKJ0,V202C,0.6762,pathogenic,CEP164,202.0
Q9UKJ0,V202D,0.5403,ambiguous,CEP164,202.0
Q9UKJ0,V202E,0.4769,ambiguous,CEP164,202.0
Q9UKJ0,V202F,0.1638,benign,CEP164,202.0
Q9UKJ0,V202G,0.1133,benign,CEP164,202.0
Q9UKJ0,V202H,0.7582,pathogenic,CEP164,202.0
Q9UKJ0,V202I,0.1104,benign,CEP164,202.0
Q9UKJ0,V202K,0.6136,pathogenic,CEP164,202.0
Q9UKJ0,V202L,0.1709,benign,CEP164,202.0
Q9UKJ0,V202M,0.1315,benign,CEP164,202.0
Q9UKJ0,V202N,0.4344,ambiguous,CEP164,202.0
Q9UKJ0,V202P,0.5709,pathogenic,CEP164,202.0
Q9UKJ0,V202Q,0.5284,ambiguous,CEP164,202.0
Q9UKJ0,V202R,0.539,ambiguous,CEP164,202.0
Q9UKJ0,V202S,0.206,benign,CEP164,202.0
Q9UKJ0,V202T,0.17,benign,CEP164,202.0
Q9UKJ0,V202W,0.7864,pathogenic,CEP164,202.0
Q9UKJ0,V202Y,0.6469,pathogenic,CEP164,202.0
Q9UKJ0,I203A,0.3744,ambiguous,CEP164,203.0
Q9UKJ0,I203C,0.6038,pathogenic,CEP164,203.0
Q9UKJ0,I203D,0.8243,pathogenic,CEP164,203.0
Q9UKJ0,I203E,0.8123,pathogenic,CEP164,203.0
Q9UKJ0,I203F,0.1478,benign,CEP164,203.0
Q9UKJ0,I203G,0.5879,pathogenic,CEP164,203.0
Q9UKJ0,I203H,0.6305,pathogenic,CEP164,203.0
Q9UKJ0,I203K,0.6861,pathogenic,CEP164,203.0
Q9UKJ0,I203L,0.1442,benign,CEP164,203.0
Q9UKJ0,I203M,0.1666,benign,CEP164,203.0
Q9UKJ0,I203N,0.3416,ambiguous,CEP164,203.0
Q9UKJ0,I203P,0.6288,pathogenic,CEP164,203.0
Q9UKJ0,I203Q,0.6708,pathogenic,CEP164,203.0
Q9UKJ0,I203R,0.5584,ambiguous,CEP164,203.0
Q9UKJ0,I203S,0.248,benign,CEP164,203.0
Q9UKJ0,I203T,0.1938,benign,CEP164,203.0
Q9UKJ0,I203V,0.173,benign,CEP164,203.0
Q9UKJ0,I203W,0.7422,pathogenic,CEP164,203.0
Q9UKJ0,I203Y,0.5212,ambiguous,CEP164,203.0
Q9UKJ0,L204A,0.2028,benign,CEP164,204.0
Q9UKJ0,L204C,0.4627,ambiguous,CEP164,204.0
Q9UKJ0,L204D,0.837,pathogenic,CEP164,204.0
Q9UKJ0,L204E,0.6076,pathogenic,CEP164,204.0
Q9UKJ0,L204F,0.1399,benign,CEP164,204.0
Q9UKJ0,L204G,0.3594,ambiguous,CEP164,204.0
Q9UKJ0,L204H,0.4683,ambiguous,CEP164,204.0
Q9UKJ0,L204I,0.1224,benign,CEP164,204.0
Q9UKJ0,L204K,0.5501,ambiguous,CEP164,204.0
Q9UKJ0,L204M,0.1825,benign,CEP164,204.0
Q9UKJ0,L204N,0.6888,pathogenic,CEP164,204.0
Q9UKJ0,L204P,0.2381,benign,CEP164,204.0
Q9UKJ0,L204Q,0.3516,ambiguous,CEP164,204.0
Q9UKJ0,L204R,0.3461,ambiguous,CEP164,204.0
Q9UKJ0,L204S,0.2979,benign,CEP164,204.0
Q9UKJ0,L204T,0.1979,benign,CEP164,204.0
Q9UKJ0,L204V,0.1055,benign,CEP164,204.0
Q9UKJ0,L204W,0.208,benign,CEP164,204.0
Q9UKJ0,L204Y,0.4967,ambiguous,CEP164,204.0
Q9UKJ0,G205A,0.1346,benign,CEP164,205.0
Q9UKJ0,G205C,0.2077,benign,CEP164,205.0
Q9UKJ0,G205D,0.8213,pathogenic,CEP164,205.0
Q9UKJ0,G205E,0.7904,pathogenic,CEP164,205.0
Q9UKJ0,G205F,0.4602,ambiguous,CEP164,205.0
Q9UKJ0,G205H,0.852,pathogenic,CEP164,205.0
Q9UKJ0,G205I,0.2027,benign,CEP164,205.0
Q9UKJ0,G205K,0.935,pathogenic,CEP164,205.0
Q9UKJ0,G205L,0.2987,benign,CEP164,205.0
Q9UKJ0,G205M,0.5056,ambiguous,CEP164,205.0
Q9UKJ0,G205N,0.8162,pathogenic,CEP164,205.0
Q9UKJ0,G205P,0.7912,pathogenic,CEP164,205.0
Q9UKJ0,G205Q,0.8334,pathogenic,CEP164,205.0
Q9UKJ0,G205R,0.8575,pathogenic,CEP164,205.0
Q9UKJ0,G205S,0.1931,benign,CEP164,205.0
Q9UKJ0,G205T,0.2624,benign,CEP164,205.0
Q9UKJ0,G205V,0.1259,benign,CEP164,205.0
Q9UKJ0,G205W,0.4738,ambiguous,CEP164,205.0
Q9UKJ0,G205Y,0.5571,ambiguous,CEP164,205.0
Q9UKJ0,L206A,0.2297,benign,CEP164,206.0
Q9UKJ0,L206C,0.3265,benign,CEP164,206.0
Q9UKJ0,L206D,0.6804,pathogenic,CEP164,206.0
Q9UKJ0,L206E,0.478,ambiguous,CEP164,206.0
Q9UKJ0,L206F,0.1005,benign,CEP164,206.0
Q9UKJ0,L206G,0.2801,benign,CEP164,206.0
Q9UKJ0,L206H,0.3049,benign,CEP164,206.0
Q9UKJ0,L206I,0.0997,benign,CEP164,206.0
Q9UKJ0,L206K,0.4319,ambiguous,CEP164,206.0
Q9UKJ0,L206M,0.1574,benign,CEP164,206.0
Q9UKJ0,L206N,0.3979,ambiguous,CEP164,206.0
Q9UKJ0,L206P,0.3392,benign,CEP164,206.0
Q9UKJ0,L206Q,0.243,benign,CEP164,206.0
Q9UKJ0,L206R,0.2793,benign,CEP164,206.0
Q9UKJ0,L206S,0.2389,benign,CEP164,206.0
Q9UKJ0,L206T,0.2375,benign,CEP164,206.0
Q9UKJ0,L206V,0.0913,benign,CEP164,206.0
Q9UKJ0,L206W,0.168,benign,CEP164,206.0
Q9UKJ0,L206Y,0.3201,benign,CEP164,206.0
Q9UKJ0,L207A,0.1922,benign,CEP164,207.0
Q9UKJ0,L207C,0.3176,benign,CEP164,207.0
Q9UKJ0,L207D,0.6707,pathogenic,CEP164,207.0
Q9UKJ0,L207E,0.4836,ambiguous,CEP164,207.0
Q9UKJ0,L207F,0.1195,benign,CEP164,207.0
Q9UKJ0,L207G,0.2724,benign,CEP164,207.0
Q9UKJ0,L207H,0.2921,benign,CEP164,207.0
Q9UKJ0,L207I,0.1002,benign,CEP164,207.0
Q9UKJ0,L207K,0.3932,ambiguous,CEP164,207.0
Q9UKJ0,L207M,0.1688,benign,CEP164,207.0
Q9UKJ0,L207N,0.3922,ambiguous,CEP164,207.0
Q9UKJ0,L207P,0.1681,benign,CEP164,207.0
Q9UKJ0,L207Q,0.2191,benign,CEP164,207.0
Q9UKJ0,L207R,0.2381,benign,CEP164,207.0
Q9UKJ0,L207S,0.2127,benign,CEP164,207.0
Q9UKJ0,L207T,0.1932,benign,CEP164,207.0
Q9UKJ0,L207V,0.1035,benign,CEP164,207.0
Q9UKJ0,L207W,0.182,benign,CEP164,207.0
Q9UKJ0,L207Y,0.3392,benign,CEP164,207.0
Q9UKJ0,C208A,0.2714,benign,CEP164,208.0
Q9UKJ0,C208D,0.7443,pathogenic,CEP164,208.0
Q9UKJ0,C208E,0.8436,pathogenic,CEP164,208.0
Q9UKJ0,C208F,0.0931,benign,CEP164,208.0
Q9UKJ0,C208G,0.1246,benign,CEP164,208.0
Q9UKJ0,C208H,0.5396,ambiguous,CEP164,208.0
Q9UKJ0,C208I,0.2621,benign,CEP164,208.0
Q9UKJ0,C208K,0.8506,pathogenic,CEP164,208.0
Q9UKJ0,C208L,0.1924,benign,CEP164,208.0
Q9UKJ0,C208M,0.5069,ambiguous,CEP164,208.0
Q9UKJ0,C208N,0.5872,pathogenic,CEP164,208.0
Q9UKJ0,C208P,0.5022,ambiguous,CEP164,208.0
Q9UKJ0,C208Q,0.6868,pathogenic,CEP164,208.0
Q9UKJ0,C208R,0.5868,pathogenic,CEP164,208.0
Q9UKJ0,C208S,0.2252,benign,CEP164,208.0
Q9UKJ0,C208T,0.3847,ambiguous,CEP164,208.0
Q9UKJ0,C208V,0.2042,benign,CEP164,208.0
Q9UKJ0,C208W,0.2771,benign,CEP164,208.0
Q9UKJ0,C208Y,0.188,benign,CEP164,208.0
Q9UKJ0,L209A,0.225,benign,CEP164,209.0
Q9UKJ0,L209C,0.2998,benign,CEP164,209.0
Q9UKJ0,L209D,0.6629,pathogenic,CEP164,209.0
Q9UKJ0,L209E,0.4577,ambiguous,CEP164,209.0
Q9UKJ0,L209F,0.0837,benign,CEP164,209.0
Q9UKJ0,L209G,0.2943,benign,CEP164,209.0
Q9UKJ0,L209H,0.212,benign,CEP164,209.0
Q9UKJ0,L209I,0.1138,benign,CEP164,209.0
Q9UKJ0,L209K,0.3575,ambiguous,CEP164,209.0
Q9UKJ0,L209M,0.1815,benign,CEP164,209.0
Q9UKJ0,L209N,0.3913,ambiguous,CEP164,209.0
Q9UKJ0,L209P,0.2445,benign,CEP164,209.0
Q9UKJ0,L209Q,0.1916,benign,CEP164,209.0
Q9UKJ0,L209R,0.1769,benign,CEP164,209.0
Q9UKJ0,L209S,0.2296,benign,CEP164,209.0
Q9UKJ0,L209T,0.2542,benign,CEP164,209.0
Q9UKJ0,L209V,0.1006,benign,CEP164,209.0
Q9UKJ0,L209W,0.1619,benign,CEP164,209.0
Q9UKJ0,L209Y,0.2823,benign,CEP164,209.0
Q9UKJ0,L210A,0.2038,benign,CEP164,210.0
Q9UKJ0,L210C,0.2703,benign,CEP164,210.0
Q9UKJ0,L210D,0.6493,pathogenic,CEP164,210.0
Q9UKJ0,L210E,0.4447,ambiguous,CEP164,210.0
Q9UKJ0,L210F,0.1078,benign,CEP164,210.0
Q9UKJ0,L210G,0.2759,benign,CEP164,210.0
Q9UKJ0,L210H,0.2405,benign,CEP164,210.0
Q9UKJ0,L210I,0.1232,benign,CEP164,210.0
Q9UKJ0,L210K,0.32,benign,CEP164,210.0
Q9UKJ0,L210M,0.1892,benign,CEP164,210.0
Q9UKJ0,L210N,0.4131,ambiguous,CEP164,210.0
Q9UKJ0,L210P,0.1566,benign,CEP164,210.0
Q9UKJ0,L210Q,0.1936,benign,CEP164,210.0
Q9UKJ0,L210R,0.1748,benign,CEP164,210.0
Q9UKJ0,L210S,0.2368,benign,CEP164,210.0
Q9UKJ0,L210T,0.2651,benign,CEP164,210.0
Q9UKJ0,L210V,0.1023,benign,CEP164,210.0
Q9UKJ0,L210W,0.153,benign,CEP164,210.0
Q9UKJ0,L210Y,0.2947,benign,CEP164,210.0
Q9UKJ0,L211A,0.1951,benign,CEP164,211.0
Q9UKJ0,L211C,0.261,benign,CEP164,211.0
Q9UKJ0,L211D,0.5844,pathogenic,CEP164,211.0
Q9UKJ0,L211E,0.3797,ambiguous,CEP164,211.0
Q9UKJ0,L211F,0.0976,benign,CEP164,211.0
Q9UKJ0,L211G,0.2316,benign,CEP164,211.0
Q9UKJ0,L211H,0.1885,benign,CEP164,211.0
Q9UKJ0,L211I,0.1316,benign,CEP164,211.0
Q9UKJ0,L211K,0.2395,benign,CEP164,211.0
Q9UKJ0,L211M,0.2027,benign,CEP164,211.0
Q9UKJ0,L211N,0.3634,ambiguous,CEP164,211.0
Q9UKJ0,L211P,0.133,benign,CEP164,211.0
Q9UKJ0,L211Q,0.1445,benign,CEP164,211.0
Q9UKJ0,L211R,0.1107,benign,CEP164,211.0
Q9UKJ0,L211S,0.2262,benign,CEP164,211.0
Q9UKJ0,L211T,0.2642,benign,CEP164,211.0
Q9UKJ0,L211V,0.1013,benign,CEP164,211.0
Q9UKJ0,L211W,0.1278,benign,CEP164,211.0
Q9UKJ0,L211Y,0.2438,benign,CEP164,211.0
Q9UKJ0,L212A,0.1989,benign,CEP164,212.0
Q9UKJ0,L212C,0.2777,benign,CEP164,212.0
Q9UKJ0,L212D,0.5206,ambiguous,CEP164,212.0
Q9UKJ0,L212E,0.3207,benign,CEP164,212.0
Q9UKJ0,L212F,0.1068,benign,CEP164,212.0
Q9UKJ0,L212G,0.228,benign,CEP164,212.0
Q9UKJ0,L212H,0.1612,benign,CEP164,212.0
Q9UKJ0,L212I,0.1264,benign,CEP164,212.0
Q9UKJ0,L212K,0.1985,benign,CEP164,212.0
Q9UKJ0,L212M,0.2054,benign,CEP164,212.0
Q9UKJ0,L212N,0.3402,ambiguous,CEP164,212.0
Q9UKJ0,L212P,0.1194,benign,CEP164,212.0
Q9UKJ0,L212Q,0.1175,benign,CEP164,212.0
Q9UKJ0,L212R,0.0811,benign,CEP164,212.0
Q9UKJ0,L212S,0.2365,benign,CEP164,212.0
Q9UKJ0,L212T,0.2567,benign,CEP164,212.0
Q9UKJ0,L212V,0.106,benign,CEP164,212.0
Q9UKJ0,L212W,0.1059,benign,CEP164,212.0
Q9UKJ0,L212Y,0.2464,benign,CEP164,212.0
Q9UKJ0,W213A,0.1634,benign,CEP164,213.0
Q9UKJ0,W213C,0.2223,benign,CEP164,213.0
Q9UKJ0,W213D,0.3991,ambiguous,CEP164,213.0
Q9UKJ0,W213E,0.2903,benign,CEP164,213.0
Q9UKJ0,W213F,0.1814,benign,CEP164,213.0
Q9UKJ0,W213G,0.0833,benign,CEP164,213.0
Q9UKJ0,W213H,0.2234,benign,CEP164,213.0
Q9UKJ0,W213I,0.242,benign,CEP164,213.0
Q9UKJ0,W213K,0.2206,benign,CEP164,213.0
Q9UKJ0,W213L,0.1551,benign,CEP164,213.0
Q9UKJ0,W213M,0.4239,ambiguous,CEP164,213.0
Q9UKJ0,W213N,0.3845,ambiguous,CEP164,213.0
Q9UKJ0,W213P,0.2012,benign,CEP164,213.0
Q9UKJ0,W213Q,0.1863,benign,CEP164,213.0
Q9UKJ0,W213R,0.0773,benign,CEP164,213.0
Q9UKJ0,W213S,0.1818,benign,CEP164,213.0
Q9UKJ0,W213T,0.1974,benign,CEP164,213.0
Q9UKJ0,W213V,0.1735,benign,CEP164,213.0
Q9UKJ0,W213Y,0.2318,benign,CEP164,213.0
Q9UKJ0,W214A,0.3865,ambiguous,CEP164,214.0
Q9UKJ0,W214C,0.4109,ambiguous,CEP164,214.0
Q9UKJ0,W214D,0.6144,pathogenic,CEP164,214.0
Q9UKJ0,W214E,0.4806,ambiguous,CEP164,214.0
Q9UKJ0,W214F,0.2997,benign,CEP164,214.0
Q9UKJ0,W214G,0.1745,benign,CEP164,214.0
Q9UKJ0,W214H,0.4531,ambiguous,CEP164,214.0
Q9UKJ0,W214I,0.4209,ambiguous,CEP164,214.0
Q9UKJ0,W214K,0.3791,ambiguous,CEP164,214.0
Q9UKJ0,W214L,0.2805,benign,CEP164,214.0
Q9UKJ0,W214M,0.5298,ambiguous,CEP164,214.0
Q9UKJ0,W214N,0.5826,pathogenic,CEP164,214.0
Q9UKJ0,W214P,0.6237,pathogenic,CEP164,214.0
Q9UKJ0,W214Q,0.3546,ambiguous,CEP164,214.0
Q9UKJ0,W214R,0.2854,benign,CEP164,214.0
Q9UKJ0,W214S,0.3385,benign,CEP164,214.0
Q9UKJ0,W214T,0.4181,ambiguous,CEP164,214.0
Q9UKJ0,W214V,0.3401,ambiguous,CEP164,214.0
Q9UKJ0,W214Y,0.371,ambiguous,CEP164,214.0
Q9UKJ0,R215A,0.3523,ambiguous,CEP164,215.0
Q9UKJ0,R215C,0.3129,benign,CEP164,215.0
Q9UKJ0,R215D,0.5027,ambiguous,CEP164,215.0
Q9UKJ0,R215E,0.2673,benign,CEP164,215.0
Q9UKJ0,R215F,0.5076,ambiguous,CEP164,215.0
Q9UKJ0,R215G,0.167,benign,CEP164,215.0
Q9UKJ0,R215H,0.1777,benign,CEP164,215.0
Q9UKJ0,R215I,0.2524,benign,CEP164,215.0
Q9UKJ0,R215K,0.0929,benign,CEP164,215.0
Q9UKJ0,R215L,0.2144,benign,CEP164,215.0
Q9UKJ0,R215M,0.3267,benign,CEP164,215.0
Q9UKJ0,R215N,0.4714,ambiguous,CEP164,215.0
Q9UKJ0,R215P,0.2836,benign,CEP164,215.0
Q9UKJ0,R215Q,0.117,benign,CEP164,215.0
Q9UKJ0,R215S,0.3645,ambiguous,CEP164,215.0
Q9UKJ0,R215T,0.2623,benign,CEP164,215.0
Q9UKJ0,R215V,0.3173,benign,CEP164,215.0
Q9UKJ0,R215W,0.206,benign,CEP164,215.0
Q9UKJ0,R215Y,0.4326,ambiguous,CEP164,215.0
Q9UKJ0,R216A,0.3378,benign,CEP164,216.0
Q9UKJ0,R216C,0.3145,benign,CEP164,216.0
Q9UKJ0,R216D,0.4964,ambiguous,CEP164,216.0
Q9UKJ0,R216E,0.2749,benign,CEP164,216.0
Q9UKJ0,R216F,0.4561,ambiguous,CEP164,216.0
Q9UKJ0,R216G,0.1401,benign,CEP164,216.0
Q9UKJ0,R216H,0.1913,benign,CEP164,216.0
Q9UKJ0,R216I,0.2472,benign,CEP164,216.0
Q9UKJ0,R216K,0.1445,benign,CEP164,216.0
Q9UKJ0,R216L,0.2019,benign,CEP164,216.0
Q9UKJ0,R216M,0.338,benign,CEP164,216.0
Q9UKJ0,R216N,0.4934,ambiguous,CEP164,216.0
Q9UKJ0,R216P,0.2869,benign,CEP164,216.0
Q9UKJ0,R216Q,0.1282,benign,CEP164,216.0
Q9UKJ0,R216S,0.3776,ambiguous,CEP164,216.0
Q9UKJ0,R216T,0.2586,benign,CEP164,216.0
Q9UKJ0,R216V,0.306,benign,CEP164,216.0
Q9UKJ0,R216W,0.1858,benign,CEP164,216.0
Q9UKJ0,R216Y,0.4053,ambiguous,CEP164,216.0
Q9UKJ0,R217A,0.303,benign,CEP164,217.0
Q9UKJ0,R217C,0.3244,benign,CEP164,217.0
Q9UKJ0,R217D,0.4677,ambiguous,CEP164,217.0
Q9UKJ0,R217E,0.2452,benign,CEP164,217.0
Q9UKJ0,R217F,0.5116,ambiguous,CEP164,217.0
Q9UKJ0,R217G,0.135,benign,CEP164,217.0
Q9UKJ0,R217H,0.2034,benign,CEP164,217.0
Q9UKJ0,R217I,0.2512,benign,CEP164,217.0
Q9UKJ0,R217K,0.1278,benign,CEP164,217.0
Q9UKJ0,R217L,0.2277,benign,CEP164,217.0
Q9UKJ0,R217M,0.3313,benign,CEP164,217.0
Q9UKJ0,R217N,0.4705,ambiguous,CEP164,217.0
Q9UKJ0,R217P,0.2605,benign,CEP164,217.0
Q9UKJ0,R217Q,0.1256,benign,CEP164,217.0
Q9UKJ0,R217S,0.3459,ambiguous,CEP164,217.0
Q9UKJ0,R217T,0.2208,benign,CEP164,217.0
Q9UKJ0,R217V,0.3035,benign,CEP164,217.0
Q9UKJ0,R217W,0.2002,benign,CEP164,217.0
Q9UKJ0,R217Y,0.4511,ambiguous,CEP164,217.0
Q9UKJ0,K218A,0.299,benign,CEP164,218.0
Q9UKJ0,K218C,0.7232,pathogenic,CEP164,218.0
Q9UKJ0,K218D,0.4558,ambiguous,CEP164,218.0
Q9UKJ0,K218E,0.1841,benign,CEP164,218.0
Q9UKJ0,K218F,0.712,pathogenic,CEP164,218.0
Q9UKJ0,K218G,0.2816,benign,CEP164,218.0
Q9UKJ0,K218H,0.3785,ambiguous,CEP164,218.0
Q9UKJ0,K218I,0.3766,ambiguous,CEP164,218.0
Q9UKJ0,K218L,0.4151,ambiguous,CEP164,218.0
Q9UKJ0,K218M,0.3578,ambiguous,CEP164,218.0
Q9UKJ0,K218N,0.4011,ambiguous,CEP164,218.0
Q9UKJ0,K218P,0.3497,ambiguous,CEP164,218.0
Q9UKJ0,K218Q,0.1664,benign,CEP164,218.0
Q9UKJ0,K218R,0.0887,benign,CEP164,218.0
Q9UKJ0,K218S,0.3861,ambiguous,CEP164,218.0
Q9UKJ0,K218T,0.2132,benign,CEP164,218.0
Q9UKJ0,K218V,0.386,ambiguous,CEP164,218.0
Q9UKJ0,K218W,0.6603,pathogenic,CEP164,218.0
Q9UKJ0,K218Y,0.5694,pathogenic,CEP164,218.0
Q9UKJ0,G219A,0.1136,benign,CEP164,219.0
Q9UKJ0,G219C,0.2239,benign,CEP164,219.0
Q9UKJ0,G219D,0.0582,benign,CEP164,219.0
Q9UKJ0,G219E,0.1255,benign,CEP164,219.0
Q9UKJ0,G219F,0.3787,ambiguous,CEP164,219.0
Q9UKJ0,G219H,0.2513,benign,CEP164,219.0
Q9UKJ0,G219I,0.1841,benign,CEP164,219.0
Q9UKJ0,G219K,0.2995,benign,CEP164,219.0
Q9UKJ0,G219L,0.2977,benign,CEP164,219.0
Q9UKJ0,G219M,0.4709,ambiguous,CEP164,219.0
Q9UKJ0,G219N,0.1837,benign,CEP164,219.0
Q9UKJ0,G219P,0.2923,benign,CEP164,219.0
Q9UKJ0,G219Q,0.2405,benign,CEP164,219.0
Q9UKJ0,G219R,0.2108,benign,CEP164,219.0
Q9UKJ0,G219S,0.1456,benign,CEP164,219.0
Q9UKJ0,G219T,0.1632,benign,CEP164,219.0
Q9UKJ0,G219V,0.0963,benign,CEP164,219.0
Q9UKJ0,G219W,0.266,benign,CEP164,219.0
Q9UKJ0,G219Y,0.2135,benign,CEP164,219.0
Q9UKJ0,S220A,0.0762,benign,CEP164,220.0
Q9UKJ0,S220C,0.1018,benign,CEP164,220.0
Q9UKJ0,S220D,0.1435,benign,CEP164,220.0
Q9UKJ0,S220E,0.1106,benign,CEP164,220.0
Q9UKJ0,S220F,0.1394,benign,CEP164,220.0
Q9UKJ0,S220G,0.0683,benign,CEP164,220.0
Q9UKJ0,S220H,0.1307,benign,CEP164,220.0
Q9UKJ0,S220I,0.1045,benign,CEP164,220.0
Q9UKJ0,S220K,0.1412,benign,CEP164,220.0
Q9UKJ0,S220L,0.1207,benign,CEP164,220.0
Q9UKJ0,S220M,0.2197,benign,CEP164,220.0
Q9UKJ0,S220N,0.1134,benign,CEP164,220.0
Q9UKJ0,S220P,0.0827,benign,CEP164,220.0
Q9UKJ0,S220Q,0.1197,benign,CEP164,220.0
Q9UKJ0,S220R,0.1132,benign,CEP164,220.0
Q9UKJ0,S220T,0.085,benign,CEP164,220.0
Q9UKJ0,S220V,0.1143,benign,CEP164,220.0
Q9UKJ0,S220W,0.114,benign,CEP164,220.0
Q9UKJ0,S220Y,0.1036,benign,CEP164,220.0
Q9UKJ0,R221A,0.1228,benign,CEP164,221.0
Q9UKJ0,R221C,0.2358,benign,CEP164,221.0
Q9UKJ0,R221D,0.2298,benign,CEP164,221.0
Q9UKJ0,R221E,0.1431,benign,CEP164,221.0
Q9UKJ0,R221F,0.2968,benign,CEP164,221.0
Q9UKJ0,R221G,0.0924,benign,CEP164,221.0
Q9UKJ0,R221H,0.1322,benign,CEP164,221.0
Q9UKJ0,R221I,0.1528,benign,CEP164,221.0
Q9UKJ0,R221K,0.1311,benign,CEP164,221.0
Q9UKJ0,R221L,0.1273,benign,CEP164,221.0
Q9UKJ0,R221M,0.2279,benign,CEP164,221.0
Q9UKJ0,R221N,0.3265,benign,CEP164,221.0
Q9UKJ0,R221P,0.1163,benign,CEP164,221.0
Q9UKJ0,R221Q,0.1034,benign,CEP164,221.0
Q9UKJ0,R221S,0.1949,benign,CEP164,221.0
Q9UKJ0,R221T,0.109,benign,CEP164,221.0
Q9UKJ0,R221V,0.1534,benign,CEP164,221.0
Q9UKJ0,R221W,0.1577,benign,CEP164,221.0
Q9UKJ0,R221Y,0.2884,benign,CEP164,221.0
Q9UKJ0,A222C,0.3536,ambiguous,CEP164,222.0
Q9UKJ0,A222D,0.1094,benign,CEP164,222.0
Q9UKJ0,A222E,0.0909,benign,CEP164,222.0
Q9UKJ0,A222F,0.1738,benign,CEP164,222.0
Q9UKJ0,A222G,0.0964,benign,CEP164,222.0
Q9UKJ0,A222H,0.1715,benign,CEP164,222.0
Q9UKJ0,A222I,0.2065,benign,CEP164,222.0
Q9UKJ0,A222K,0.1612,benign,CEP164,222.0
Q9UKJ0,A222L,0.1367,benign,CEP164,222.0
Q9UKJ0,A222M,0.2795,benign,CEP164,222.0
Q9UKJ0,A222N,0.1685,benign,CEP164,222.0
Q9UKJ0,A222P,0.0771,benign,CEP164,222.0
Q9UKJ0,A222Q,0.1187,benign,CEP164,222.0
Q9UKJ0,A222R,0.1109,benign,CEP164,222.0
Q9UKJ0,A222S,0.0885,benign,CEP164,222.0
Q9UKJ0,A222T,0.0946,benign,CEP164,222.0
Q9UKJ0,A222V,0.1123,benign,CEP164,222.0
Q9UKJ0,A222W,0.3269,benign,CEP164,222.0
Q9UKJ0,A222Y,0.1796,benign,CEP164,222.0
Q9UKJ0,P223A,0.056,benign,CEP164,223.0
Q9UKJ0,P223C,0.342,ambiguous,CEP164,223.0
Q9UKJ0,P223D,0.1847,benign,CEP164,223.0
Q9UKJ0,P223E,0.1287,benign,CEP164,223.0
Q9UKJ0,P223F,0.286,benign,CEP164,223.0
Q9UKJ0,P223G,0.1389,benign,CEP164,223.0
Q9UKJ0,P223H,0.119,benign,CEP164,223.0
Q9UKJ0,P223I,0.2071,benign,CEP164,223.0
Q9UKJ0,P223K,0.1675,benign,CEP164,223.0
Q9UKJ0,P223L,0.1243,benign,CEP164,223.0
Q9UKJ0,P223M,0.3266,benign,CEP164,223.0
Q9UKJ0,P223N,0.2176,benign,CEP164,223.0
Q9UKJ0,P223Q,0.1054,benign,CEP164,223.0
Q9UKJ0,P223R,0.0877,benign,CEP164,223.0
Q9UKJ0,P223S,0.0818,benign,CEP164,223.0
Q9UKJ0,P223T,0.076,benign,CEP164,223.0
Q9UKJ0,P223V,0.1311,benign,CEP164,223.0
Q9UKJ0,P223W,0.3381,benign,CEP164,223.0
Q9UKJ0,P223Y,0.2419,benign,CEP164,223.0
Q9UKJ0,S224A,0.0736,benign,CEP164,224.0
Q9UKJ0,S224C,0.1437,benign,CEP164,224.0
Q9UKJ0,S224D,0.1923,benign,CEP164,224.0
Q9UKJ0,S224E,0.2077,benign,CEP164,224.0
Q9UKJ0,S224F,0.1569,benign,CEP164,224.0
Q9UKJ0,S224G,0.0965,benign,CEP164,224.0
Q9UKJ0,S224H,0.2258,benign,CEP164,224.0
Q9UKJ0,S224I,0.1486,benign,CEP164,224.0
Q9UKJ0,S224K,0.3549,ambiguous,CEP164,224.0
Q9UKJ0,S224L,0.1669,benign,CEP164,224.0
Q9UKJ0,S224M,0.3334,benign,CEP164,224.0
Q9UKJ0,S224N,0.1997,benign,CEP164,224.0
Q9UKJ0,S224P,0.0811,benign,CEP164,224.0
Q9UKJ0,S224Q,0.283,benign,CEP164,224.0
Q9UKJ0,S224R,0.2582,benign,CEP164,224.0
Q9UKJ0,S224T,0.099,benign,CEP164,224.0
Q9UKJ0,S224V,0.1451,benign,CEP164,224.0
Q9UKJ0,S224W,0.2099,benign,CEP164,224.0
Q9UKJ0,S224Y,0.1457,benign,CEP164,224.0
Q9UKJ0,S225A,0.0819,benign,CEP164,225.0
Q9UKJ0,S225C,0.1346,benign,CEP164,225.0
Q9UKJ0,S225D,0.1936,benign,CEP164,225.0
Q9UKJ0,S225E,0.1929,benign,CEP164,225.0
Q9UKJ0,S225F,0.1741,benign,CEP164,225.0
Q9UKJ0,S225G,0.0943,benign,CEP164,225.0
Q9UKJ0,S225H,0.2235,benign,CEP164,225.0
Q9UKJ0,S225I,0.1775,benign,CEP164,225.0
Q9UKJ0,S225K,0.326,benign,CEP164,225.0
Q9UKJ0,S225L,0.1653,benign,CEP164,225.0
Q9UKJ0,S225M,0.3073,benign,CEP164,225.0
Q9UKJ0,S225N,0.1976,benign,CEP164,225.0
Q9UKJ0,S225P,0.0878,benign,CEP164,225.0
Q9UKJ0,S225Q,0.2705,benign,CEP164,225.0
Q9UKJ0,S225R,0.2299,benign,CEP164,225.0
Q9UKJ0,S225T,0.0937,benign,CEP164,225.0
Q9UKJ0,S225V,0.1713,benign,CEP164,225.0
Q9UKJ0,S225W,0.1686,benign,CEP164,225.0
Q9UKJ0,S225Y,0.1452,benign,CEP164,225.0
Q9UKJ0,D226A,0.1301,benign,CEP164,226.0
Q9UKJ0,D226C,0.344,ambiguous,CEP164,226.0
Q9UKJ0,D226E,0.1907,benign,CEP164,226.0
Q9UKJ0,D226F,0.3527,ambiguous,CEP164,226.0
Q9UKJ0,D226G,0.1354,benign,CEP164,226.0
Q9UKJ0,D226H,0.1687,benign,CEP164,226.0
Q9UKJ0,D226I,0.2269,benign,CEP164,226.0
Q9UKJ0,D226K,0.326,benign,CEP164,226.0
Q9UKJ0,D226L,0.2667,benign,CEP164,226.0
Q9UKJ0,D226M,0.6168,pathogenic,CEP164,226.0
Q9UKJ0,D226N,0.1373,benign,CEP164,226.0
Q9UKJ0,D226P,0.2546,benign,CEP164,226.0
Q9UKJ0,D226Q,0.259,benign,CEP164,226.0
Q9UKJ0,D226R,0.2012,benign,CEP164,226.0
Q9UKJ0,D226S,0.1132,benign,CEP164,226.0
Q9UKJ0,D226T,0.1961,benign,CEP164,226.0
Q9UKJ0,D226V,0.1612,benign,CEP164,226.0
Q9UKJ0,D226W,0.567,pathogenic,CEP164,226.0
Q9UKJ0,D226Y,0.1148,benign,CEP164,226.0
Q9UKJ0,F227A,0.2189,benign,CEP164,227.0
Q9UKJ0,F227C,0.2034,benign,CEP164,227.0
Q9UKJ0,F227D,0.184,benign,CEP164,227.0
Q9UKJ0,F227E,0.3347,benign,CEP164,227.0
Q9UKJ0,F227G,0.338,benign,CEP164,227.0
Q9UKJ0,F227H,0.3264,benign,CEP164,227.0
Q9UKJ0,F227I,0.1293,benign,CEP164,227.0
Q9UKJ0,F227K,0.403,ambiguous,CEP164,227.0
Q9UKJ0,F227L,0.6639,pathogenic,CEP164,227.0
Q9UKJ0,F227M,0.4196,ambiguous,CEP164,227.0
Q9UKJ0,F227N,0.2713,benign,CEP164,227.0
Q9UKJ0,F227P,0.5641,pathogenic,CEP164,227.0
Q9UKJ0,F227Q,0.3679,ambiguous,CEP164,227.0
Q9UKJ0,F227R,0.2722,benign,CEP164,227.0
Q9UKJ0,F227S,0.1605,benign,CEP164,227.0
Q9UKJ0,F227T,0.1908,benign,CEP164,227.0
Q9UKJ0,F227V,0.124,benign,CEP164,227.0
Q9UKJ0,F227W,0.2581,benign,CEP164,227.0
Q9UKJ0,F227Y,0.123,benign,CEP164,227.0
