uniprot,protein_variant,am_pathogenicity,am_class,gene,resnum
Q5IJ48,M1A,0.3314,benign,CRB2,1.0
Q5IJ48,M1C,0.5815,pathogenic,CRB2,1.0
Q5IJ48,M1D,0.8245,pathogenic,CRB2,1.0
Q5IJ48,M1E,0.5482,ambiguous,CRB2,1.0
Q5IJ48,M1F,0.2921,benign,CRB2,1.0
Q5IJ48,M1G,0.5227,ambiguous,CRB2,1.0
Q5IJ48,M1H,0.67,pathogenic,CRB2,1.0
Q5IJ48,M1I,0.6911,pathogenic,CRB2,1.0
Q5IJ48,M1K,0.527,ambiguous,CRB2,1.0
Q5IJ48,M1L,0.2141,benign,CRB2,1.0
Q5IJ48,M1N,0.7419,pathogenic,CRB2,1.0
Q5IJ48,M1P,0.5154,ambiguous,CRB2,1.0
Q5IJ48,M1Q,0.3316,benign,CRB2,1.0
Q5IJ48,M1R,0.3316,benign,CRB2,1.0
Q5IJ48,M1S,0.4761,ambiguous,CRB2,1.0
Q5IJ48,M1T,0.5039,ambiguous,CRB2,1.0
Q5IJ48,M1V,0.1547,benign,CRB2,1.0
Q5IJ48,M1W,0.5416,ambiguous,CRB2,1.0
Q5IJ48,M1Y,0.591,pathogenic,CRB2,1.0
Q5IJ48,A2C,0.6478,pathogenic,CRB2,2.0
Q5IJ48,A2D,0.1841,benign,CRB2,2.0
Q5IJ48,A2E,0.1525,benign,CRB2,2.0
Q5IJ48,A2F,0.3479,ambiguous,CRB2,2.0
Q5IJ48,A2G,0.1098,benign,CRB2,2.0
Q5IJ48,A2H,0.3844,ambiguous,CRB2,2.0
Q5IJ48,A2I,0.5635,ambiguous,CRB2,2.0
Q5IJ48,A2K,0.4274,ambiguous,CRB2,2.0
Q5IJ48,A2L,0.3031,benign,CRB2,2.0
Q5IJ48,A2M,0.5865,pathogenic,CRB2,2.0
Q5IJ48,A2N,0.2466,benign,CRB2,2.0
Q5IJ48,A2P,0.1389,benign,CRB2,2.0
Q5IJ48,A2Q,0.2881,benign,CRB2,2.0
Q5IJ48,A2R,0.2429,benign,CRB2,2.0
Q5IJ48,A2S,0.1138,benign,CRB2,2.0
Q5IJ48,A2T,0.1917,benign,CRB2,2.0
Q5IJ48,A2V,0.3748,ambiguous,CRB2,2.0
Q5IJ48,A2W,0.5746,pathogenic,CRB2,2.0
Q5IJ48,A2Y,0.4004,ambiguous,CRB2,2.0
Q5IJ48,L3A,0.0567,benign,CRB2,3.0
Q5IJ48,L3C,0.3798,ambiguous,CRB2,3.0
Q5IJ48,L3D,0.2165,benign,CRB2,3.0
Q5IJ48,L3E,0.0913,benign,CRB2,3.0
Q5IJ48,L3F,0.0923,benign,CRB2,3.0
Q5IJ48,L3G,0.1124,benign,CRB2,3.0
Q5IJ48,L3H,0.1594,benign,CRB2,3.0
Q5IJ48,L3I,0.1135,benign,CRB2,3.0
Q5IJ48,L3K,0.1225,benign,CRB2,3.0
Q5IJ48,L3M,0.1424,benign,CRB2,3.0
Q5IJ48,L3N,0.21,benign,CRB2,3.0
Q5IJ48,L3P,0.0636,benign,CRB2,3.0
Q5IJ48,L3Q,0.0771,benign,CRB2,3.0
Q5IJ48,L3R,0.0521,benign,CRB2,3.0
Q5IJ48,L3S,0.099,benign,CRB2,3.0
Q5IJ48,L3T,0.0942,benign,CRB2,3.0
Q5IJ48,L3V,0.0775,benign,CRB2,3.0
Q5IJ48,L3W,0.1171,benign,CRB2,3.0
Q5IJ48,L3Y,0.256,benign,CRB2,3.0
Q5IJ48,A4C,0.4927,ambiguous,CRB2,4.0
Q5IJ48,A4D,0.2044,benign,CRB2,4.0
Q5IJ48,A4E,0.1781,benign,CRB2,4.0
Q5IJ48,A4F,0.3269,benign,CRB2,4.0
Q5IJ48,A4G,0.0953,benign,CRB2,4.0
Q5IJ48,A4H,0.3541,ambiguous,CRB2,4.0
Q5IJ48,A4I,0.5088,ambiguous,CRB2,4.0
Q5IJ48,A4K,0.4231,ambiguous,CRB2,4.0
Q5IJ48,A4L,0.2433,benign,CRB2,4.0
Q5IJ48,A4M,0.6373,pathogenic,CRB2,4.0
Q5IJ48,A4N,0.3071,benign,CRB2,4.0
Q5IJ48,A4P,0.1206,benign,CRB2,4.0
Q5IJ48,A4Q,0.252,benign,CRB2,4.0
Q5IJ48,A4R,0.195,benign,CRB2,4.0
Q5IJ48,A4S,0.1098,benign,CRB2,4.0
Q5IJ48,A4T,0.2107,benign,CRB2,4.0
Q5IJ48,A4V,0.2667,benign,CRB2,4.0
Q5IJ48,A4W,0.4973,ambiguous,CRB2,4.0
Q5IJ48,A4Y,0.3867,ambiguous,CRB2,4.0
Q5IJ48,R5A,0.0929,benign,CRB2,5.0
Q5IJ48,R5C,0.4103,ambiguous,CRB2,5.0
Q5IJ48,R5D,0.1848,benign,CRB2,5.0
Q5IJ48,R5E,0.1244,benign,CRB2,5.0
Q5IJ48,R5F,0.2474,benign,CRB2,5.0
Q5IJ48,R5G,0.0528,benign,CRB2,5.0
Q5IJ48,R5H,0.2411,benign,CRB2,5.0
Q5IJ48,R5I,0.1846,benign,CRB2,5.0
Q5IJ48,R5K,0.1581,benign,CRB2,5.0
Q5IJ48,R5L,0.1077,benign,CRB2,5.0
Q5IJ48,R5M,0.3435,ambiguous,CRB2,5.0
Q5IJ48,R5N,0.3403,ambiguous,CRB2,5.0
Q5IJ48,R5P,0.099,benign,CRB2,5.0
Q5IJ48,R5Q,0.1556,benign,CRB2,5.0
Q5IJ48,R5S,0.1588,benign,CRB2,5.0
Q5IJ48,R5T,0.1373,benign,CRB2,5.0
Q5IJ48,R5V,0.1645,benign,CRB2,5.0
Q5IJ48,R5W,0.2151,benign,CRB2,5.0
Q5IJ48,R5Y,0.3282,benign,CRB2,5.0
Q5IJ48,P6A,0.0566,benign,CRB2,6.0
Q5IJ48,P6C,0.3378,benign,CRB2,6.0
Q5IJ48,P6D,0.1435,benign,CRB2,6.0
Q5IJ48,P6E,0.0844,benign,CRB2,6.0
Q5IJ48,P6F,0.289,benign,CRB2,6.0
Q5IJ48,P6G,0.0942,benign,CRB2,6.0
Q5IJ48,P6H,0.1213,benign,CRB2,6.0
Q5IJ48,P6I,0.2486,benign,CRB2,6.0
Q5IJ48,P6K,0.157,benign,CRB2,6.0
Q5IJ48,P6L,0.1544,benign,CRB2,6.0
Q5IJ48,P6M,0.3374,benign,CRB2,6.0
Q5IJ48,P6N,0.1955,benign,CRB2,6.0
Q5IJ48,P6Q,0.0859,benign,CRB2,6.0
Q5IJ48,P6R,0.0696,benign,CRB2,6.0
Q5IJ48,P6S,0.0791,benign,CRB2,6.0
Q5IJ48,P6T,0.0745,benign,CRB2,6.0
Q5IJ48,P6V,0.1532,benign,CRB2,6.0
Q5IJ48,P6W,0.249,benign,CRB2,6.0
Q5IJ48,P6Y,0.2435,benign,CRB2,6.0
Q5IJ48,G7A,0.0767,benign,CRB2,7.0
Q5IJ48,G7C,0.1988,benign,CRB2,7.0
Q5IJ48,G7D,0.1016,benign,CRB2,7.0
Q5IJ48,G7E,0.0831,benign,CRB2,7.0
Q5IJ48,G7F,0.2467,benign,CRB2,7.0
Q5IJ48,G7H,0.2161,benign,CRB2,7.0
Q5IJ48,G7I,0.1585,benign,CRB2,7.0
Q5IJ48,G7K,0.2241,benign,CRB2,7.0
Q5IJ48,G7L,0.1797,benign,CRB2,7.0
Q5IJ48,G7M,0.3155,benign,CRB2,7.0
Q5IJ48,G7N,0.2317,benign,CRB2,7.0
Q5IJ48,G7P,0.1891,benign,CRB2,7.0
Q5IJ48,G7Q,0.1578,benign,CRB2,7.0
Q5IJ48,G7R,0.1285,benign,CRB2,7.0
Q5IJ48,G7S,0.1173,benign,CRB2,7.0
Q5IJ48,G7T,0.1193,benign,CRB2,7.0
Q5IJ48,G7V,0.09,benign,CRB2,7.0
Q5IJ48,G7W,0.1659,benign,CRB2,7.0
Q5IJ48,G7Y,0.2477,benign,CRB2,7.0
Q5IJ48,T8A,0.0638,benign,CRB2,8.0
Q5IJ48,T8C,0.2846,benign,CRB2,8.0
Q5IJ48,T8D,0.1358,benign,CRB2,8.0
Q5IJ48,T8E,0.1122,benign,CRB2,8.0
Q5IJ48,T8F,0.1015,benign,CRB2,8.0
Q5IJ48,T8G,0.1033,benign,CRB2,8.0
Q5IJ48,T8H,0.1173,benign,CRB2,8.0
Q5IJ48,T8I,0.1089,benign,CRB2,8.0
Q5IJ48,T8K,0.1031,benign,CRB2,8.0
Q5IJ48,T8L,0.0974,benign,CRB2,8.0
Q5IJ48,T8M,0.1379,benign,CRB2,8.0
Q5IJ48,T8N,0.0997,benign,CRB2,8.0
Q5IJ48,T8P,0.0617,benign,CRB2,8.0
Q5IJ48,T8Q,0.1089,benign,CRB2,8.0
Q5IJ48,T8R,0.0724,benign,CRB2,8.0
Q5IJ48,T8S,0.0826,benign,CRB2,8.0
Q5IJ48,T8V,0.1026,benign,CRB2,8.0
Q5IJ48,T8W,0.1952,benign,CRB2,8.0
Q5IJ48,T8Y,0.1404,benign,CRB2,8.0
Q5IJ48,P9A,0.0483,benign,CRB2,9.0
Q5IJ48,P9C,0.2083,benign,CRB2,9.0
Q5IJ48,P9D,0.13,benign,CRB2,9.0
Q5IJ48,P9E,0.0765,benign,CRB2,9.0
Q5IJ48,P9F,0.1889,benign,CRB2,9.0
Q5IJ48,P9G,0.08,benign,CRB2,9.0
Q5IJ48,P9H,0.0863,benign,CRB2,9.0
Q5IJ48,P9I,0.1514,benign,CRB2,9.0
Q5IJ48,P9K,0.0988,benign,CRB2,9.0
Q5IJ48,P9L,0.0873,benign,CRB2,9.0
Q5IJ48,P9M,0.2129,benign,CRB2,9.0
Q5IJ48,P9N,0.164,benign,CRB2,9.0
Q5IJ48,P9Q,0.0596,benign,CRB2,9.0
Q5IJ48,P9R,0.0451,benign,CRB2,9.0
Q5IJ48,P9S,0.0685,benign,CRB2,9.0
Q5IJ48,P9T,0.0636,benign,CRB2,9.0
Q5IJ48,P9V,0.0992,benign,CRB2,9.0
Q5IJ48,P9W,0.1287,benign,CRB2,9.0
Q5IJ48,P9Y,0.181,benign,CRB2,9.0
Q5IJ48,D10A,0.0599,benign,CRB2,10.0
Q5IJ48,D10C,0.257,benign,CRB2,10.0
Q5IJ48,D10E,0.0911,benign,CRB2,10.0
Q5IJ48,D10F,0.1891,benign,CRB2,10.0
Q5IJ48,D10G,0.0739,benign,CRB2,10.0
Q5IJ48,D10H,0.105,benign,CRB2,10.0
Q5IJ48,D10I,0.1513,benign,CRB2,10.0
Q5IJ48,D10K,0.1665,benign,CRB2,10.0
Q5IJ48,D10L,0.1278,benign,CRB2,10.0
Q5IJ48,D10M,0.3507,ambiguous,CRB2,10.0
Q5IJ48,D10N,0.1136,benign,CRB2,10.0
Q5IJ48,D10P,0.1199,benign,CRB2,10.0
Q5IJ48,D10Q,0.1168,benign,CRB2,10.0
Q5IJ48,D10R,0.1028,benign,CRB2,10.0
Q5IJ48,D10S,0.0823,benign,CRB2,10.0
Q5IJ48,D10T,0.1084,benign,CRB2,10.0
Q5IJ48,D10V,0.0918,benign,CRB2,10.0
Q5IJ48,D10W,0.3479,ambiguous,CRB2,10.0
Q5IJ48,D10Y,0.1093,benign,CRB2,10.0
Q5IJ48,P11A,0.0564,benign,CRB2,11.0
Q5IJ48,P11C,0.1985,benign,CRB2,11.0
Q5IJ48,P11D,0.1472,benign,CRB2,11.0
Q5IJ48,P11E,0.1008,benign,CRB2,11.0
Q5IJ48,P11F,0.173,benign,CRB2,11.0
Q5IJ48,P11G,0.0978,benign,CRB2,11.0
Q5IJ48,P11H,0.0861,benign,CRB2,11.0
Q5IJ48,P11I,0.1543,benign,CRB2,11.0
Q5IJ48,P11K,0.145,benign,CRB2,11.0
Q5IJ48,P11L,0.1028,benign,CRB2,11.0
Q5IJ48,P11M,0.2472,benign,CRB2,11.0
Q5IJ48,P11N,0.1718,benign,CRB2,11.0
Q5IJ48,P11Q,0.0784,benign,CRB2,11.0
Q5IJ48,P11R,0.0576,benign,CRB2,11.0
Q5IJ48,P11S,0.0658,benign,CRB2,11.0
Q5IJ48,P11T,0.066,benign,CRB2,11.0
Q5IJ48,P11V,0.1124,benign,CRB2,11.0
Q5IJ48,P11W,0.168,benign,CRB2,11.0
Q5IJ48,P11Y,0.1659,benign,CRB2,11.0
Q5IJ48,Q12A,0.0595,benign,CRB2,12.0
Q5IJ48,Q12C,0.2627,benign,CRB2,12.0
Q5IJ48,Q12D,0.1494,benign,CRB2,12.0
Q5IJ48,Q12E,0.064,benign,CRB2,12.0
Q5IJ48,Q12F,0.227,benign,CRB2,12.0
Q5IJ48,Q12G,0.0665,benign,CRB2,12.0
Q5IJ48,Q12H,0.1181,benign,CRB2,12.0
Q5IJ48,Q12I,0.1996,benign,CRB2,12.0
Q5IJ48,Q12K,0.0846,benign,CRB2,12.0
Q5IJ48,Q12L,0.0816,benign,CRB2,12.0
Q5IJ48,Q12M,0.2611,benign,CRB2,12.0
Q5IJ48,Q12N,0.1888,benign,CRB2,12.0
Q5IJ48,Q12P,0.0481,benign,CRB2,12.0
Q5IJ48,Q12R,0.0493,benign,CRB2,12.0
Q5IJ48,Q12S,0.0858,benign,CRB2,12.0
Q5IJ48,Q12T,0.0875,benign,CRB2,12.0
Q5IJ48,Q12V,0.1116,benign,CRB2,12.0
Q5IJ48,Q12W,0.1406,benign,CRB2,12.0
Q5IJ48,Q12Y,0.2051,benign,CRB2,12.0
Q5IJ48,A13C,0.2162,benign,CRB2,13.0
Q5IJ48,A13D,0.102,benign,CRB2,13.0
Q5IJ48,A13E,0.0931,benign,CRB2,13.0
Q5IJ48,A13F,0.1192,benign,CRB2,13.0
Q5IJ48,A13G,0.0704,benign,CRB2,13.0
Q5IJ48,A13H,0.1244,benign,CRB2,13.0
Q5IJ48,A13I,0.1206,benign,CRB2,13.0
Q5IJ48,A13K,0.147,benign,CRB2,13.0
Q5IJ48,A13L,0.0855,benign,CRB2,13.0
Q5IJ48,A13M,0.1694,benign,CRB2,13.0
Q5IJ48,A13N,0.1313,benign,CRB2,13.0
Q5IJ48,A13P,0.0522,benign,CRB2,13.0
Q5IJ48,A13Q,0.1087,benign,CRB2,13.0
Q5IJ48,A13R,0.0903,benign,CRB2,13.0
Q5IJ48,A13S,0.078,benign,CRB2,13.0
Q5IJ48,A13T,0.0763,benign,CRB2,13.0
Q5IJ48,A13V,0.0782,benign,CRB2,13.0
Q5IJ48,A13W,0.1949,benign,CRB2,13.0
Q5IJ48,A13Y,0.1582,benign,CRB2,13.0
Q5IJ48,L14A,0.0478,benign,CRB2,14.0
Q5IJ48,L14C,0.1917,benign,CRB2,14.0
Q5IJ48,L14D,0.2092,benign,CRB2,14.0
Q5IJ48,L14E,0.1101,benign,CRB2,14.0
Q5IJ48,L14F,0.0727,benign,CRB2,14.0
Q5IJ48,L14G,0.0903,benign,CRB2,14.0
Q5IJ48,L14H,0.1073,benign,CRB2,14.0
Q5IJ48,L14I,0.0814,benign,CRB2,14.0
Q5IJ48,L14K,0.1172,benign,CRB2,14.0
Q5IJ48,L14M,0.1001,benign,CRB2,14.0
Q5IJ48,L14N,0.1783,benign,CRB2,14.0
Q5IJ48,L14P,0.0427,benign,CRB2,14.0
Q5IJ48,L14Q,0.0734,benign,CRB2,14.0
Q5IJ48,L14R,0.0594,benign,CRB2,14.0
Q5IJ48,L14S,0.0735,benign,CRB2,14.0
Q5IJ48,L14T,0.0689,benign,CRB2,14.0
Q5IJ48,L14V,0.0577,benign,CRB2,14.0
Q5IJ48,L14W,0.0756,benign,CRB2,14.0
Q5IJ48,L14Y,0.1658,benign,CRB2,14.0
Q5IJ48,A15C,0.2228,benign,CRB2,15.0
Q5IJ48,A15D,0.1937,benign,CRB2,15.0
Q5IJ48,A15E,0.1647,benign,CRB2,15.0
Q5IJ48,A15F,0.1332,benign,CRB2,15.0
Q5IJ48,A15G,0.077,benign,CRB2,15.0
Q5IJ48,A15H,0.213,benign,CRB2,15.0
Q5IJ48,A15I,0.1573,benign,CRB2,15.0
Q5IJ48,A15K,0.2722,benign,CRB2,15.0
Q5IJ48,A15L,0.0967,benign,CRB2,15.0
Q5IJ48,A15M,0.253,benign,CRB2,15.0
Q5IJ48,A15N,0.2301,benign,CRB2,15.0
Q5IJ48,A15P,0.0657,benign,CRB2,15.0
Q5IJ48,A15Q,0.1761,benign,CRB2,15.0
Q5IJ48,A15R,0.1531,benign,CRB2,15.0
Q5IJ48,A15S,0.0934,benign,CRB2,15.0
Q5IJ48,A15T,0.0943,benign,CRB2,15.0
Q5IJ48,A15V,0.0957,benign,CRB2,15.0
Q5IJ48,A15W,0.2083,benign,CRB2,15.0
Q5IJ48,A15Y,0.2138,benign,CRB2,15.0
Q5IJ48,S16A,0.0518,benign,CRB2,16.0
Q5IJ48,S16C,0.0853,benign,CRB2,16.0
Q5IJ48,S16D,0.2684,benign,CRB2,16.0
Q5IJ48,S16E,0.2344,benign,CRB2,16.0
Q5IJ48,S16F,0.1103,benign,CRB2,16.0
Q5IJ48,S16G,0.0689,benign,CRB2,16.0
Q5IJ48,S16H,0.1848,benign,CRB2,16.0
Q5IJ48,S16I,0.127,benign,CRB2,16.0
Q5IJ48,S16K,0.3715,ambiguous,CRB2,16.0
Q5IJ48,S16L,0.1073,benign,CRB2,16.0
Q5IJ48,S16M,0.2025,benign,CRB2,16.0
Q5IJ48,S16N,0.1942,benign,CRB2,16.0
Q5IJ48,S16P,0.0531,benign,CRB2,16.0
Q5IJ48,S16Q,0.2305,benign,CRB2,16.0
Q5IJ48,S16R,0.2345,benign,CRB2,16.0
Q5IJ48,S16T,0.0748,benign,CRB2,16.0
Q5IJ48,S16V,0.0957,benign,CRB2,16.0
Q5IJ48,S16W,0.0937,benign,CRB2,16.0
Q5IJ48,S16Y,0.1208,benign,CRB2,16.0
Q5IJ48,V17A,0.0865,benign,CRB2,17.0
Q5IJ48,V17C,0.295,benign,CRB2,17.0
Q5IJ48,V17D,0.2528,benign,CRB2,17.0
Q5IJ48,V17E,0.2202,benign,CRB2,17.0
Q5IJ48,V17F,0.068,benign,CRB2,17.0
Q5IJ48,V17G,0.0808,benign,CRB2,17.0
Q5IJ48,V17H,0.2596,benign,CRB2,17.0
Q5IJ48,V17I,0.0875,benign,CRB2,17.0
Q5IJ48,V17K,0.299,benign,CRB2,17.0
Q5IJ48,V17L,0.063,benign,CRB2,17.0
Q5IJ48,V17M,0.1505,benign,CRB2,17.0
Q5IJ48,V17N,0.2327,benign,CRB2,17.0
Q5IJ48,V17P,0.1078,benign,CRB2,17.0
Q5IJ48,V17Q,0.2018,benign,CRB2,17.0
Q5IJ48,V17R,0.1687,benign,CRB2,17.0
Q5IJ48,V17S,0.1128,benign,CRB2,17.0
Q5IJ48,V17T,0.1455,benign,CRB2,17.0
Q5IJ48,V17W,0.2244,benign,CRB2,17.0
Q5IJ48,V17Y,0.238,benign,CRB2,17.0
Q5IJ48,L18A,0.1092,benign,CRB2,18.0
Q5IJ48,L18C,0.309,benign,CRB2,18.0
Q5IJ48,L18D,0.589,pathogenic,CRB2,18.0
Q5IJ48,L18E,0.3253,benign,CRB2,18.0
Q5IJ48,L18F,0.0814,benign,CRB2,18.0
Q5IJ48,L18G,0.1717,benign,CRB2,18.0
Q5IJ48,L18H,0.2918,benign,CRB2,18.0
Q5IJ48,L18I,0.1001,benign,CRB2,18.0
Q5IJ48,L18K,0.3861,ambiguous,CRB2,18.0
Q5IJ48,L18M,0.1603,benign,CRB2,18.0
Q5IJ48,L18N,0.4296,ambiguous,CRB2,18.0
Q5IJ48,L18P,0.1011,benign,CRB2,18.0
Q5IJ48,L18Q,0.1913,benign,CRB2,18.0
Q5IJ48,L18R,0.1946,benign,CRB2,18.0
Q5IJ48,L18S,0.1717,benign,CRB2,18.0
Q5IJ48,L18T,0.1611,benign,CRB2,18.0
Q5IJ48,L18V,0.0828,benign,CRB2,18.0
Q5IJ48,L18W,0.14,benign,CRB2,18.0
Q5IJ48,L18Y,0.3112,benign,CRB2,18.0
Q5IJ48,L19A,0.1109,benign,CRB2,19.0
Q5IJ48,L19C,0.2646,benign,CRB2,19.0
Q5IJ48,L19D,0.5376,ambiguous,CRB2,19.0
Q5IJ48,L19E,0.3127,benign,CRB2,19.0
Q5IJ48,L19F,0.0847,benign,CRB2,19.0
Q5IJ48,L19G,0.1665,benign,CRB2,19.0
Q5IJ48,L19H,0.2433,benign,CRB2,19.0
Q5IJ48,L19I,0.1078,benign,CRB2,19.0
Q5IJ48,L19K,0.3263,benign,CRB2,19.0
Q5IJ48,L19M,0.166,benign,CRB2,19.0
Q5IJ48,L19N,0.3797,ambiguous,CRB2,19.0
Q5IJ48,L19P,0.0885,benign,CRB2,19.0
Q5IJ48,L19Q,0.1702,benign,CRB2,19.0
Q5IJ48,L19R,0.1666,benign,CRB2,19.0
Q5IJ48,L19S,0.1712,benign,CRB2,19.0
Q5IJ48,L19T,0.1646,benign,CRB2,19.0
Q5IJ48,L19V,0.0833,benign,CRB2,19.0
Q5IJ48,L19W,0.1263,benign,CRB2,19.0
Q5IJ48,L19Y,0.2826,benign,CRB2,19.0
Q5IJ48,L20A,0.1171,benign,CRB2,20.0
Q5IJ48,L20C,0.2857,benign,CRB2,20.0
Q5IJ48,L20D,0.5664,pathogenic,CRB2,20.0
Q5IJ48,L20E,0.346,ambiguous,CRB2,20.0
Q5IJ48,L20F,0.0863,benign,CRB2,20.0
Q5IJ48,L20G,0.1787,benign,CRB2,20.0
Q5IJ48,L20H,0.2688,benign,CRB2,20.0
Q5IJ48,L20I,0.1107,benign,CRB2,20.0
Q5IJ48,L20K,0.3692,ambiguous,CRB2,20.0
Q5IJ48,L20M,0.1564,benign,CRB2,20.0
Q5IJ48,L20N,0.395,ambiguous,CRB2,20.0
Q5IJ48,L20P,0.0965,benign,CRB2,20.0
Q5IJ48,L20Q,0.1899,benign,CRB2,20.0
Q5IJ48,L20R,0.2009,benign,CRB2,20.0
Q5IJ48,L20S,0.1822,benign,CRB2,20.0
Q5IJ48,L20T,0.1715,benign,CRB2,20.0
Q5IJ48,L20V,0.0845,benign,CRB2,20.0
Q5IJ48,L20W,0.1383,benign,CRB2,20.0
Q5IJ48,L20Y,0.2983,benign,CRB2,20.0
Q5IJ48,L21A,0.1064,benign,CRB2,21.0
Q5IJ48,L21C,0.2572,benign,CRB2,21.0
Q5IJ48,L21D,0.5727,pathogenic,CRB2,21.0
Q5IJ48,L21E,0.3439,ambiguous,CRB2,21.0
Q5IJ48,L21F,0.08,benign,CRB2,21.0
Q5IJ48,L21G,0.1674,benign,CRB2,21.0
Q5IJ48,L21H,0.2628,benign,CRB2,21.0
Q5IJ48,L21I,0.1042,benign,CRB2,21.0
Q5IJ48,L21K,0.3862,ambiguous,CRB2,21.0
Q5IJ48,L21M,0.157,benign,CRB2,21.0
Q5IJ48,L21N,0.3863,ambiguous,CRB2,21.0
Q5IJ48,L21P,0.0926,benign,CRB2,21.0
Q5IJ48,L21Q,0.1896,benign,CRB2,21.0
Q5IJ48,L21R,0.2085,benign,CRB2,21.0
Q5IJ48,L21S,0.1662,benign,CRB2,21.0
Q5IJ48,L21T,0.1594,benign,CRB2,21.0
Q5IJ48,L21V,0.0826,benign,CRB2,21.0
Q5IJ48,L21W,0.1362,benign,CRB2,21.0
Q5IJ48,L21Y,0.2955,benign,CRB2,21.0
Q5IJ48,L22A,0.1001,benign,CRB2,22.0
Q5IJ48,L22C,0.2727,benign,CRB2,22.0
Q5IJ48,L22D,0.5142,ambiguous,CRB2,22.0
Q5IJ48,L22E,0.2817,benign,CRB2,22.0
Q5IJ48,L22F,0.0858,benign,CRB2,22.0
Q5IJ48,L22G,0.1597,benign,CRB2,22.0
Q5IJ48,L22H,0.2165,benign,CRB2,22.0
Q5IJ48,L22I,0.1085,benign,CRB2,22.0
Q5IJ48,L22K,0.3364,benign,CRB2,22.0
Q5IJ48,L22M,0.1588,benign,CRB2,22.0
Q5IJ48,L22N,0.3517,ambiguous,CRB2,22.0
Q5IJ48,L22P,0.0728,benign,CRB2,22.0
Q5IJ48,L22Q,0.1449,benign,CRB2,22.0
Q5IJ48,L22R,0.1548,benign,CRB2,22.0
Q5IJ48,L22S,0.1498,benign,CRB2,22.0
Q5IJ48,L22T,0.1453,benign,CRB2,22.0
Q5IJ48,L22V,0.0884,benign,CRB2,22.0
Q5IJ48,L22W,0.1257,benign,CRB2,22.0
Q5IJ48,L22Y,0.2945,benign,CRB2,22.0
Q5IJ48,W23A,0.0709,benign,CRB2,23.0
Q5IJ48,W23C,0.1716,benign,CRB2,23.0
Q5IJ48,W23D,0.5131,ambiguous,CRB2,23.0
Q5IJ48,W23E,0.3882,ambiguous,CRB2,23.0
Q5IJ48,W23F,0.1136,benign,CRB2,23.0
Q5IJ48,W23G,0.0609,benign,CRB2,23.0
Q5IJ48,W23H,0.4372,ambiguous,CRB2,23.0
Q5IJ48,W23I,0.1472,benign,CRB2,23.0
Q5IJ48,W23K,0.5491,ambiguous,CRB2,23.0
Q5IJ48,W23L,0.0713,benign,CRB2,23.0
Q5IJ48,W23M,0.2137,benign,CRB2,23.0
Q5IJ48,W23N,0.4639,ambiguous,CRB2,23.0
Q5IJ48,W23P,0.1538,benign,CRB2,23.0
Q5IJ48,W23Q,0.375,ambiguous,CRB2,23.0
Q5IJ48,W23R,0.3804,ambiguous,CRB2,23.0
Q5IJ48,W23S,0.1055,benign,CRB2,23.0
Q5IJ48,W23T,0.1082,benign,CRB2,23.0
Q5IJ48,W23V,0.0977,benign,CRB2,23.0
Q5IJ48,W23Y,0.2486,benign,CRB2,23.0
Q5IJ48,A24C,0.2612,benign,CRB2,24.0
Q5IJ48,A24D,0.2039,benign,CRB2,24.0
Q5IJ48,A24E,0.165,benign,CRB2,24.0
Q5IJ48,A24F,0.1177,benign,CRB2,24.0
Q5IJ48,A24G,0.0765,benign,CRB2,24.0
Q5IJ48,A24H,0.2361,benign,CRB2,24.0
Q5IJ48,A24I,0.1186,benign,CRB2,24.0
Q5IJ48,A24K,0.2613,benign,CRB2,24.0
Q5IJ48,A24L,0.0789,benign,CRB2,24.0
Q5IJ48,A24M,0.1291,benign,CRB2,24.0
Q5IJ48,A24N,0.1862,benign,CRB2,24.0
Q5IJ48,A24P,0.0941,benign,CRB2,24.0
Q5IJ48,A24Q,0.1753,benign,CRB2,24.0
Q5IJ48,A24R,0.2058,benign,CRB2,24.0
Q5IJ48,A24S,0.0823,benign,CRB2,24.0
Q5IJ48,A24T,0.0792,benign,CRB2,24.0
Q5IJ48,A24V,0.0717,benign,CRB2,24.0
Q5IJ48,A24W,0.2397,benign,CRB2,24.0
Q5IJ48,A24Y,0.213,benign,CRB2,24.0
Q5IJ48,P25A,0.0588,benign,CRB2,25.0
Q5IJ48,P25C,0.2496,benign,CRB2,25.0
Q5IJ48,P25D,0.3174,benign,CRB2,25.0
Q5IJ48,P25E,0.2247,benign,CRB2,25.0
Q5IJ48,P25F,0.2337,benign,CRB2,25.0
Q5IJ48,P25G,0.122,benign,CRB2,25.0
Q5IJ48,P25H,0.1632,benign,CRB2,25.0
Q5IJ48,P25I,0.231,benign,CRB2,25.0
Q5IJ48,P25K,0.2916,benign,CRB2,25.0
Q5IJ48,P25L,0.1171,benign,CRB2,25.0
Q5IJ48,P25M,0.2587,benign,CRB2,25.0
Q5IJ48,P25N,0.2878,benign,CRB2,25.0
Q5IJ48,P25Q,0.1359,benign,CRB2,25.0
Q5IJ48,P25R,0.1409,benign,CRB2,25.0
Q5IJ48,P25S,0.0776,benign,CRB2,25.0
Q5IJ48,P25T,0.077,benign,CRB2,25.0
Q5IJ48,P25V,0.1368,benign,CRB2,25.0
Q5IJ48,P25W,0.223,benign,CRB2,25.0
Q5IJ48,P25Y,0.2626,benign,CRB2,25.0
Q5IJ48,A26C,0.2705,benign,CRB2,26.0
Q5IJ48,A26D,0.2529,benign,CRB2,26.0
Q5IJ48,A26E,0.2192,benign,CRB2,26.0
Q5IJ48,A26F,0.1329,benign,CRB2,26.0
Q5IJ48,A26G,0.084,benign,CRB2,26.0
Q5IJ48,A26H,0.2915,benign,CRB2,26.0
Q5IJ48,A26I,0.1651,benign,CRB2,26.0
Q5IJ48,A26K,0.368,ambiguous,CRB2,26.0
Q5IJ48,A26L,0.1031,benign,CRB2,26.0
Q5IJ48,A26M,0.2088,benign,CRB2,26.0
Q5IJ48,A26N,0.2567,benign,CRB2,26.0
Q5IJ48,A26P,0.0997,benign,CRB2,26.0
Q5IJ48,A26Q,0.2336,benign,CRB2,26.0
Q5IJ48,A26R,0.2336,benign,CRB2,26.0
Q5IJ48,A26S,0.0894,benign,CRB2,26.0
Q5IJ48,A26T,0.0925,benign,CRB2,26.0
Q5IJ48,A26V,0.0926,benign,CRB2,26.0
Q5IJ48,A26W,0.2782,benign,CRB2,26.0
Q5IJ48,A26Y,0.26,benign,CRB2,26.0
Q5IJ48,L27A,0.0902,benign,CRB2,27.0
Q5IJ48,L27C,0.2365,benign,CRB2,27.0
Q5IJ48,L27D,0.3653,ambiguous,CRB2,27.0
Q5IJ48,L27E,0.1983,benign,CRB2,27.0
Q5IJ48,L27F,0.0663,benign,CRB2,27.0
Q5IJ48,L27G,0.1395,benign,CRB2,27.0
Q5IJ48,L27H,0.1646,benign,CRB2,27.0
Q5IJ48,L27I,0.0878,benign,CRB2,27.0
Q5IJ48,L27K,0.2235,benign,CRB2,27.0
Q5IJ48,L27M,0.1272,benign,CRB2,27.0
Q5IJ48,L27N,0.262,benign,CRB2,27.0
Q5IJ48,L27P,0.0887,benign,CRB2,27.0
Q5IJ48,L27Q,0.1134,benign,CRB2,27.0
Q5IJ48,L27R,0.1034,benign,CRB2,27.0
Q5IJ48,L27S,0.1206,benign,CRB2,27.0
Q5IJ48,L27T,0.1303,benign,CRB2,27.0
Q5IJ48,L27V,0.0708,benign,CRB2,27.0
Q5IJ48,L27W,0.0928,benign,CRB2,27.0
Q5IJ48,L27Y,0.1875,benign,CRB2,27.0
Q5IJ48,S28A,0.0569,benign,CRB2,28.0
Q5IJ48,S28C,0.0851,benign,CRB2,28.0
Q5IJ48,S28D,0.238,benign,CRB2,28.0
Q5IJ48,S28E,0.2481,benign,CRB2,28.0
Q5IJ48,S28F,0.1104,benign,CRB2,28.0
Q5IJ48,S28G,0.0665,benign,CRB2,28.0
Q5IJ48,S28H,0.1748,benign,CRB2,28.0
Q5IJ48,S28I,0.1368,benign,CRB2,28.0
Q5IJ48,S28K,0.3867,ambiguous,CRB2,28.0
Q5IJ48,S28L,0.0947,benign,CRB2,28.0
Q5IJ48,S28M,0.2001,benign,CRB2,28.0
Q5IJ48,S28N,0.1639,benign,CRB2,28.0
Q5IJ48,S28P,0.0648,benign,CRB2,28.0
Q5IJ48,S28Q,0.2315,benign,CRB2,28.0
Q5IJ48,S28R,0.2516,benign,CRB2,28.0
Q5IJ48,S28T,0.0771,benign,CRB2,28.0
Q5IJ48,S28V,0.1095,benign,CRB2,28.0
Q5IJ48,S28W,0.119,benign,CRB2,28.0
Q5IJ48,S28Y,0.1198,benign,CRB2,28.0
Q5IJ48,L29A,0.1012,benign,CRB2,29.0
Q5IJ48,L29C,0.2623,benign,CRB2,29.0
Q5IJ48,L29D,0.3394,benign,CRB2,29.0
Q5IJ48,L29E,0.1951,benign,CRB2,29.0
Q5IJ48,L29F,0.0687,benign,CRB2,29.0
Q5IJ48,L29G,0.1521,benign,CRB2,29.0
Q5IJ48,L29H,0.1435,benign,CRB2,29.0
Q5IJ48,L29I,0.0973,benign,CRB2,29.0
Q5IJ48,L29K,0.2332,benign,CRB2,29.0
Q5IJ48,L29M,0.1333,benign,CRB2,29.0
Q5IJ48,L29N,0.2627,benign,CRB2,29.0
Q5IJ48,L29P,0.0954,benign,CRB2,29.0
Q5IJ48,L29Q,0.1106,benign,CRB2,29.0
Q5IJ48,L29R,0.1005,benign,CRB2,29.0
Q5IJ48,L29S,0.1226,benign,CRB2,29.0
Q5IJ48,L29T,0.1353,benign,CRB2,29.0
Q5IJ48,L29V,0.0772,benign,CRB2,29.0
Q5IJ48,L29W,0.1013,benign,CRB2,29.0
Q5IJ48,L29Y,0.1966,benign,CRB2,29.0
Q5IJ48,L30A,0.0694,benign,CRB2,30.0
Q5IJ48,L30C,0.2446,benign,CRB2,30.0
Q5IJ48,L30D,0.2646,benign,CRB2,30.0
Q5IJ48,L30E,0.1368,benign,CRB2,30.0
Q5IJ48,L30F,0.0778,benign,CRB2,30.0
Q5IJ48,L30G,0.1179,benign,CRB2,30.0
Q5IJ48,L30H,0.1258,benign,CRB2,30.0
Q5IJ48,L30I,0.1055,benign,CRB2,30.0
Q5IJ48,L30K,0.1637,benign,CRB2,30.0
Q5IJ48,L30M,0.1151,benign,CRB2,30.0
Q5IJ48,L30N,0.2303,benign,CRB2,30.0
Q5IJ48,L30P,0.0546,benign,CRB2,30.0
Q5IJ48,L30Q,0.0796,benign,CRB2,30.0
Q5IJ48,L30R,0.0781,benign,CRB2,30.0
Q5IJ48,L30S,0.0976,benign,CRB2,30.0
Q5IJ48,L30T,0.0913,benign,CRB2,30.0
Q5IJ48,L30V,0.0736,benign,CRB2,30.0
Q5IJ48,L30W,0.0858,benign,CRB2,30.0
Q5IJ48,L30Y,0.1974,benign,CRB2,30.0
Q5IJ48,A31C,0.2989,benign,CRB2,31.0
Q5IJ48,A31D,0.149,benign,CRB2,31.0
Q5IJ48,A31E,0.1296,benign,CRB2,31.0
Q5IJ48,A31F,0.1967,benign,CRB2,31.0
Q5IJ48,A31G,0.0721,benign,CRB2,31.0
Q5IJ48,A31H,0.2161,benign,CRB2,31.0
Q5IJ48,A31I,0.2093,benign,CRB2,31.0
Q5IJ48,A31K,0.2269,benign,CRB2,31.0
Q5IJ48,A31L,0.1113,benign,CRB2,31.0
Q5IJ48,A31M,0.1922,benign,CRB2,31.0
Q5IJ48,A31N,0.1892,benign,CRB2,31.0
Q5IJ48,A31P,0.0756,benign,CRB2,31.0
Q5IJ48,A31Q,0.1561,benign,CRB2,31.0
Q5IJ48,A31R,0.1478,benign,CRB2,31.0
Q5IJ48,A31S,0.0856,benign,CRB2,31.0
Q5IJ48,A31T,0.0785,benign,CRB2,31.0
Q5IJ48,A31V,0.1078,benign,CRB2,31.0
Q5IJ48,A31W,0.2376,benign,CRB2,31.0
Q5IJ48,A31Y,0.2559,benign,CRB2,31.0
Q5IJ48,G32A,0.0906,benign,CRB2,32.0
Q5IJ48,G32C,0.2471,benign,CRB2,32.0
Q5IJ48,G32D,0.129,benign,CRB2,32.0
Q5IJ48,G32E,0.1181,benign,CRB2,32.0
Q5IJ48,G32F,0.3425,ambiguous,CRB2,32.0
Q5IJ48,G32H,0.2422,benign,CRB2,32.0
Q5IJ48,G32I,0.2328,benign,CRB2,32.0
Q5IJ48,G32K,0.2679,benign,CRB2,32.0
Q5IJ48,G32L,0.2407,benign,CRB2,32.0
Q5IJ48,G32M,0.3438,ambiguous,CRB2,32.0
Q5IJ48,G32N,0.2528,benign,CRB2,32.0
Q5IJ48,G32P,0.2854,benign,CRB2,32.0
Q5IJ48,G32Q,0.1873,benign,CRB2,32.0
Q5IJ48,G32R,0.1563,benign,CRB2,32.0
Q5IJ48,G32S,0.1066,benign,CRB2,32.0
Q5IJ48,G32T,0.1274,benign,CRB2,32.0
Q5IJ48,G32V,0.1388,benign,CRB2,32.0
Q5IJ48,G32W,0.197,benign,CRB2,32.0
Q5IJ48,G32Y,0.2924,benign,CRB2,32.0
Q5IJ48,T33A,0.0674,benign,CRB2,33.0
Q5IJ48,T33C,0.3634,ambiguous,CRB2,33.0
Q5IJ48,T33D,0.1557,benign,CRB2,33.0
Q5IJ48,T33E,0.122,benign,CRB2,33.0
Q5IJ48,T33F,0.1315,benign,CRB2,33.0
Q5IJ48,T33G,0.1106,benign,CRB2,33.0
Q5IJ48,T33H,0.1334,benign,CRB2,33.0
Q5IJ48,T33I,0.1115,benign,CRB2,33.0
Q5IJ48,T33K,0.1097,benign,CRB2,33.0
Q5IJ48,T33L,0.0812,benign,CRB2,33.0
Q5IJ48,T33M,0.0815,benign,CRB2,33.0
Q5IJ48,T33N,0.1035,benign,CRB2,33.0
Q5IJ48,T33P,0.0695,benign,CRB2,33.0
Q5IJ48,T33Q,0.1111,benign,CRB2,33.0
Q5IJ48,T33R,0.0796,benign,CRB2,33.0
Q5IJ48,T33S,0.0876,benign,CRB2,33.0
Q5IJ48,T33V,0.0969,benign,CRB2,33.0
Q5IJ48,T33W,0.2108,benign,CRB2,33.0
Q5IJ48,T33Y,0.1676,benign,CRB2,33.0
Q5IJ48,V34A,0.0729,benign,CRB2,34.0
Q5IJ48,V34C,0.5183,ambiguous,CRB2,34.0
Q5IJ48,V34D,0.1154,benign,CRB2,34.0
Q5IJ48,V34E,0.0851,benign,CRB2,34.0
Q5IJ48,V34F,0.0916,benign,CRB2,34.0
Q5IJ48,V34G,0.0704,benign,CRB2,34.0
Q5IJ48,V34H,0.2127,benign,CRB2,34.0
Q5IJ48,V34I,0.0906,benign,CRB2,34.0
Q5IJ48,V34K,0.1357,benign,CRB2,34.0
Q5IJ48,V34L,0.0889,benign,CRB2,34.0
Q5IJ48,V34M,0.1016,benign,CRB2,34.0
Q5IJ48,V34N,0.1475,benign,CRB2,34.0
Q5IJ48,V34P,0.1144,benign,CRB2,34.0
Q5IJ48,V34Q,0.1094,benign,CRB2,34.0
Q5IJ48,V34R,0.096,benign,CRB2,34.0
Q5IJ48,V34S,0.0904,benign,CRB2,34.0
Q5IJ48,V34T,0.0989,benign,CRB2,34.0
Q5IJ48,V34W,0.3138,benign,CRB2,34.0
Q5IJ48,V34Y,0.2702,benign,CRB2,34.0
Q5IJ48,P35A,0.0612,benign,CRB2,35.0
Q5IJ48,P35C,0.2905,benign,CRB2,35.0
Q5IJ48,P35D,0.1805,benign,CRB2,35.0
Q5IJ48,P35E,0.1422,benign,CRB2,35.0
Q5IJ48,P35F,0.1808,benign,CRB2,35.0
Q5IJ48,P35G,0.1333,benign,CRB2,35.0
Q5IJ48,P35H,0.1034,benign,CRB2,35.0
Q5IJ48,P35I,0.1661,benign,CRB2,35.0
Q5IJ48,P35K,0.1938,benign,CRB2,35.0
Q5IJ48,P35L,0.0828,benign,CRB2,35.0
Q5IJ48,P35M,0.2134,benign,CRB2,35.0
Q5IJ48,P35N,0.1991,benign,CRB2,35.0
Q5IJ48,P35Q,0.0978,benign,CRB2,35.0
Q5IJ48,P35R,0.083,benign,CRB2,35.0
Q5IJ48,P35S,0.0708,benign,CRB2,35.0
Q5IJ48,P35T,0.0681,benign,CRB2,35.0
Q5IJ48,P35V,0.1178,benign,CRB2,35.0
Q5IJ48,P35W,0.2131,benign,CRB2,35.0
Q5IJ48,P35Y,0.1986,benign,CRB2,35.0
Q5IJ48,S36A,0.0638,benign,CRB2,36.0
Q5IJ48,S36C,0.1607,benign,CRB2,36.0
Q5IJ48,S36D,0.1706,benign,CRB2,36.0
Q5IJ48,S36E,0.1575,benign,CRB2,36.0
Q5IJ48,S36F,0.1284,benign,CRB2,36.0
Q5IJ48,S36G,0.0734,benign,CRB2,36.0
Q5IJ48,S36H,0.1656,benign,CRB2,36.0
Q5IJ48,S36I,0.138,benign,CRB2,36.0
Q5IJ48,S36K,0.2527,benign,CRB2,36.0
Q5IJ48,S36L,0.0858,benign,CRB2,36.0
Q5IJ48,S36M,0.1757,benign,CRB2,36.0
Q5IJ48,S36N,0.1432,benign,CRB2,36.0
Q5IJ48,S36P,0.0649,benign,CRB2,36.0
Q5IJ48,S36Q,0.1786,benign,CRB2,36.0
Q5IJ48,S36R,0.1679,benign,CRB2,36.0
Q5IJ48,S36T,0.0785,benign,CRB2,36.0
Q5IJ48,S36V,0.112,benign,CRB2,36.0
Q5IJ48,S36W,0.1188,benign,CRB2,36.0
Q5IJ48,S36Y,0.1319,benign,CRB2,36.0
Q5IJ48,E37A,0.0783,benign,CRB2,37.0
Q5IJ48,E37C,0.5398,ambiguous,CRB2,37.0
Q5IJ48,E37D,0.0934,benign,CRB2,37.0
Q5IJ48,E37F,0.2929,benign,CRB2,37.0
Q5IJ48,E37G,0.0683,benign,CRB2,37.0
Q5IJ48,E37H,0.1535,benign,CRB2,37.0
Q5IJ48,E37I,0.1753,benign,CRB2,37.0
Q5IJ48,E37K,0.0759,benign,CRB2,37.0
Q5IJ48,E37L,0.1329,benign,CRB2,37.0
Q5IJ48,E37M,0.2085,benign,CRB2,37.0
Q5IJ48,E37N,0.1526,benign,CRB2,37.0
Q5IJ48,E37P,0.1316,benign,CRB2,37.0
Q5IJ48,E37Q,0.0678,benign,CRB2,37.0
Q5IJ48,E37R,0.0866,benign,CRB2,37.0
Q5IJ48,E37S,0.095,benign,CRB2,37.0
Q5IJ48,E37T,0.1019,benign,CRB2,37.0
Q5IJ48,E37V,0.1049,benign,CRB2,37.0
Q5IJ48,E37W,0.3841,ambiguous,CRB2,37.0
Q5IJ48,E37Y,0.2474,benign,CRB2,37.0
Q5IJ48,P38A,0.0554,benign,CRB2,38.0
Q5IJ48,P38C,0.2669,benign,CRB2,38.0
Q5IJ48,P38D,0.1186,benign,CRB2,38.0
Q5IJ48,P38E,0.0888,benign,CRB2,38.0
Q5IJ48,P38F,0.1322,benign,CRB2,38.0
Q5IJ48,P38G,0.1005,benign,CRB2,38.0
Q5IJ48,P38H,0.0799,benign,CRB2,38.0
Q5IJ48,P38I,0.1023,benign,CRB2,38.0
Q5IJ48,P38K,0.1046,benign,CRB2,38.0
Q5IJ48,P38L,0.0623,benign,CRB2,38.0
Q5IJ48,P38M,0.1112,benign,CRB2,38.0
Q5IJ48,P38N,0.111,benign,CRB2,38.0
Q5IJ48,P38Q,0.0685,benign,CRB2,38.0
Q5IJ48,P38R,0.0689,benign,CRB2,38.0
Q5IJ48,P38S,0.0599,benign,CRB2,38.0
Q5IJ48,P38T,0.0526,benign,CRB2,38.0
Q5IJ48,P38V,0.0828,benign,CRB2,38.0
Q5IJ48,P38W,0.1675,benign,CRB2,38.0
Q5IJ48,P38Y,0.1523,benign,CRB2,38.0
Q5IJ48,P39A,0.056,benign,CRB2,39.0
Q5IJ48,P39C,0.2515,benign,CRB2,39.0
Q5IJ48,P39D,0.1425,benign,CRB2,39.0
Q5IJ48,P39E,0.0983,benign,CRB2,39.0
Q5IJ48,P39F,0.1572,benign,CRB2,39.0
Q5IJ48,P39G,0.1053,benign,CRB2,39.0
Q5IJ48,P39H,0.0803,benign,CRB2,39.0
Q5IJ48,P39I,0.1283,benign,CRB2,39.0
Q5IJ48,P39K,0.1215,benign,CRB2,39.0
Q5IJ48,P39L,0.0655,benign,CRB2,39.0
Q5IJ48,P39M,0.1647,benign,CRB2,39.0
Q5IJ48,P39N,0.154,benign,CRB2,39.0
Q5IJ48,P39Q,0.0659,benign,CRB2,39.0
Q5IJ48,P39R,0.0588,benign,CRB2,39.0
Q5IJ48,P39S,0.0665,benign,CRB2,39.0
Q5IJ48,P39T,0.0685,benign,CRB2,39.0
Q5IJ48,P39V,0.0932,benign,CRB2,39.0
Q5IJ48,P39W,0.1545,benign,CRB2,39.0
Q5IJ48,P39Y,0.1705,benign,CRB2,39.0
Q5IJ48,S40A,0.0764,benign,CRB2,40.0
Q5IJ48,S40C,0.2065,benign,CRB2,40.0
Q5IJ48,S40D,0.1284,benign,CRB2,40.0
Q5IJ48,S40E,0.1569,benign,CRB2,40.0
Q5IJ48,S40F,0.1847,benign,CRB2,40.0
Q5IJ48,S40G,0.0572,benign,CRB2,40.0
Q5IJ48,S40H,0.1484,benign,CRB2,40.0
Q5IJ48,S40I,0.1282,benign,CRB2,40.0
Q5IJ48,S40K,0.2309,benign,CRB2,40.0
Q5IJ48,S40L,0.1078,benign,CRB2,40.0
Q5IJ48,S40M,0.2013,benign,CRB2,40.0
Q5IJ48,S40N,0.1053,benign,CRB2,40.0
Q5IJ48,S40P,0.09,benign,CRB2,40.0
Q5IJ48,S40Q,0.1804,benign,CRB2,40.0
Q5IJ48,S40R,0.1537,benign,CRB2,40.0
Q5IJ48,S40T,0.0834,benign,CRB2,40.0
Q5IJ48,S40V,0.1316,benign,CRB2,40.0
Q5IJ48,S40W,0.1809,benign,CRB2,40.0
Q5IJ48,S40Y,0.1688,benign,CRB2,40.0
Q5IJ48,A41C,0.4037,ambiguous,CRB2,41.0
Q5IJ48,A41D,0.1097,benign,CRB2,41.0
Q5IJ48,A41E,0.1248,benign,CRB2,41.0
Q5IJ48,A41F,0.1671,benign,CRB2,41.0
Q5IJ48,A41G,0.0825,benign,CRB2,41.0
Q5IJ48,A41H,0.2075,benign,CRB2,41.0
Q5IJ48,A41I,0.1378,benign,CRB2,41.0
Q5IJ48,A41K,0.2174,benign,CRB2,41.0
Q5IJ48,A41L,0.102,benign,CRB2,41.0
Q5IJ48,A41M,0.1644,benign,CRB2,41.0
Q5IJ48,A41N,0.1523,benign,CRB2,41.0
Q5IJ48,A41P,0.082,benign,CRB2,41.0
Q5IJ48,A41Q,0.1618,benign,CRB2,41.0
Q5IJ48,A41R,0.1439,benign,CRB2,41.0
Q5IJ48,A41S,0.0776,benign,CRB2,41.0
Q5IJ48,A41T,0.0739,benign,CRB2,41.0
Q5IJ48,A41V,0.082,benign,CRB2,41.0
Q5IJ48,A41W,0.3248,benign,CRB2,41.0
Q5IJ48,A41Y,0.2385,benign,CRB2,41.0
Q5IJ48,C42A,0.6313,pathogenic,CRB2,42.0
Q5IJ48,C42D,0.7965,pathogenic,CRB2,42.0
Q5IJ48,C42E,0.8258,pathogenic,CRB2,42.0
Q5IJ48,C42F,0.492,ambiguous,CRB2,42.0
Q5IJ48,C42G,0.3761,ambiguous,CRB2,42.0
Q5IJ48,C42H,0.7792,pathogenic,CRB2,42.0
Q5IJ48,C42I,0.7856,pathogenic,CRB2,42.0
Q5IJ48,C42K,0.9115,pathogenic,CRB2,42.0
Q5IJ48,C42L,0.6596,pathogenic,CRB2,42.0
Q5IJ48,C42M,0.8379,pathogenic,CRB2,42.0
Q5IJ48,C42N,0.8157,pathogenic,CRB2,42.0
Q5IJ48,C42P,0.6984,pathogenic,CRB2,42.0
Q5IJ48,C42Q,0.8096,pathogenic,CRB2,42.0
Q5IJ48,C42R,0.6066,pathogenic,CRB2,42.0
Q5IJ48,C42S,0.6268,pathogenic,CRB2,42.0
Q5IJ48,C42T,0.7705,pathogenic,CRB2,42.0
Q5IJ48,C42V,0.701,pathogenic,CRB2,42.0
Q5IJ48,C42W,0.6155,pathogenic,CRB2,42.0
Q5IJ48,C42Y,0.609,pathogenic,CRB2,42.0
Q5IJ48,A43C,0.477,ambiguous,CRB2,43.0
Q5IJ48,A43D,0.1166,benign,CRB2,43.0
Q5IJ48,A43E,0.1272,benign,CRB2,43.0
Q5IJ48,A43F,0.1832,benign,CRB2,43.0
Q5IJ48,A43G,0.086,benign,CRB2,43.0
Q5IJ48,A43H,0.2162,benign,CRB2,43.0
Q5IJ48,A43I,0.1713,benign,CRB2,43.0
Q5IJ48,A43K,0.2328,benign,CRB2,43.0
Q5IJ48,A43L,0.1198,benign,CRB2,43.0
Q5IJ48,A43M,0.1936,benign,CRB2,43.0
Q5IJ48,A43N,0.1702,benign,CRB2,43.0
Q5IJ48,A43P,0.1071,benign,CRB2,43.0
Q5IJ48,A43Q,0.1672,benign,CRB2,43.0
Q5IJ48,A43R,0.1433,benign,CRB2,43.0
Q5IJ48,A43S,0.0792,benign,CRB2,43.0
Q5IJ48,A43T,0.0772,benign,CRB2,43.0
Q5IJ48,A43V,0.0936,benign,CRB2,43.0
Q5IJ48,A43W,0.3846,ambiguous,CRB2,43.0
Q5IJ48,A43Y,0.2701,benign,CRB2,43.0
Q5IJ48,S44A,0.0781,benign,CRB2,44.0
Q5IJ48,S44C,0.2774,benign,CRB2,44.0
Q5IJ48,S44D,0.2467,benign,CRB2,44.0
Q5IJ48,S44E,0.2879,benign,CRB2,44.0
Q5IJ48,S44F,0.1676,benign,CRB2,44.0
Q5IJ48,S44G,0.0867,benign,CRB2,44.0
Q5IJ48,S44H,0.2842,benign,CRB2,44.0
Q5IJ48,S44I,0.2236,benign,CRB2,44.0
Q5IJ48,S44K,0.4605,ambiguous,CRB2,44.0
Q5IJ48,S44L,0.1142,benign,CRB2,44.0
Q5IJ48,S44M,0.2582,benign,CRB2,44.0
Q5IJ48,S44N,0.193,benign,CRB2,44.0
Q5IJ48,S44P,0.093,benign,CRB2,44.0
Q5IJ48,S44Q,0.3332,benign,CRB2,44.0
Q5IJ48,S44R,0.3127,benign,CRB2,44.0
Q5IJ48,S44T,0.0944,benign,CRB2,44.0
Q5IJ48,S44V,0.186,benign,CRB2,44.0
Q5IJ48,S44W,0.1747,benign,CRB2,44.0
Q5IJ48,S44Y,0.1836,benign,CRB2,44.0
Q5IJ48,D45A,0.0796,benign,CRB2,45.0
Q5IJ48,D45C,0.4527,ambiguous,CRB2,45.0
Q5IJ48,D45E,0.1031,benign,CRB2,45.0
Q5IJ48,D45F,0.2395,benign,CRB2,45.0
Q5IJ48,D45G,0.0838,benign,CRB2,45.0
Q5IJ48,D45H,0.1061,benign,CRB2,45.0
Q5IJ48,D45I,0.1826,benign,CRB2,45.0
Q5IJ48,D45K,0.1379,benign,CRB2,45.0
Q5IJ48,D45L,0.1359,benign,CRB2,45.0
Q5IJ48,D45M,0.3275,benign,CRB2,45.0
Q5IJ48,D45N,0.0845,benign,CRB2,45.0
Q5IJ48,D45P,0.1679,benign,CRB2,45.0
Q5IJ48,D45Q,0.1149,benign,CRB2,45.0
Q5IJ48,D45R,0.1083,benign,CRB2,45.0
Q5IJ48,D45S,0.074,benign,CRB2,45.0
Q5IJ48,D45T,0.1215,benign,CRB2,45.0
Q5IJ48,D45V,0.1174,benign,CRB2,45.0
Q5IJ48,D45W,0.4618,ambiguous,CRB2,45.0
Q5IJ48,D45Y,0.118,benign,CRB2,45.0
Q5IJ48,P46A,0.0803,benign,CRB2,46.0
Q5IJ48,P46C,0.5607,ambiguous,CRB2,46.0
Q5IJ48,P46D,0.3308,benign,CRB2,46.0
Q5IJ48,P46E,0.2385,benign,CRB2,46.0
Q5IJ48,P46F,0.3322,benign,CRB2,46.0
Q5IJ48,P46G,0.2385,benign,CRB2,46.0
Q5IJ48,P46H,0.1559,benign,CRB2,46.0
Q5IJ48,P46I,0.2502,benign,CRB2,46.0
Q5IJ48,P46K,0.3038,benign,CRB2,46.0
Q5IJ48,P46L,0.1209,benign,CRB2,46.0
Q5IJ48,P46M,0.3538,ambiguous,CRB2,46.0
Q5IJ48,P46N,0.3244,benign,CRB2,46.0
Q5IJ48,P46Q,0.1604,benign,CRB2,46.0
Q5IJ48,P46R,0.1068,benign,CRB2,46.0
Q5IJ48,P46S,0.1048,benign,CRB2,46.0
Q5IJ48,P46T,0.0965,benign,CRB2,46.0
Q5IJ48,P46V,0.1808,benign,CRB2,46.0
Q5IJ48,P46W,0.4694,ambiguous,CRB2,46.0
Q5IJ48,P46Y,0.3487,ambiguous,CRB2,46.0
Q5IJ48,C47A,0.7391,pathogenic,CRB2,47.0
Q5IJ48,C47D,0.8977,pathogenic,CRB2,47.0
Q5IJ48,C47E,0.9015,pathogenic,CRB2,47.0
Q5IJ48,C47F,0.6294,pathogenic,CRB2,47.0
Q5IJ48,C47G,0.5057,ambiguous,CRB2,47.0
Q5IJ48,C47H,0.8477,pathogenic,CRB2,47.0
Q5IJ48,C47I,0.8514,pathogenic,CRB2,47.0
Q5IJ48,C47K,0.9495,pathogenic,CRB2,47.0
Q5IJ48,C47L,0.7353,pathogenic,CRB2,47.0
Q5IJ48,C47M,0.9007,pathogenic,CRB2,47.0
Q5IJ48,C47N,0.9087,pathogenic,CRB2,47.0
Q5IJ48,C47P,0.8032,pathogenic,CRB2,47.0
Q5IJ48,C47Q,0.8784,pathogenic,CRB2,47.0
Q5IJ48,C47R,0.7079,pathogenic,CRB2,47.0
Q5IJ48,C47S,0.746,pathogenic,CRB2,47.0
Q5IJ48,C47T,0.8636,pathogenic,CRB2,47.0
Q5IJ48,C47V,0.7696,pathogenic,CRB2,47.0
Q5IJ48,C47W,0.7372,pathogenic,CRB2,47.0
Q5IJ48,C47Y,0.7404,pathogenic,CRB2,47.0
Q5IJ48,A48C,0.4442,ambiguous,CRB2,48.0
Q5IJ48,A48D,0.0943,benign,CRB2,48.0
Q5IJ48,A48E,0.0926,benign,CRB2,48.0
Q5IJ48,A48F,0.1388,benign,CRB2,48.0
Q5IJ48,A48G,0.0809,benign,CRB2,48.0
Q5IJ48,A48H,0.1649,benign,CRB2,48.0
Q5IJ48,A48I,0.1293,benign,CRB2,48.0
Q5IJ48,A48K,0.1634,benign,CRB2,48.0
Q5IJ48,A48L,0.0821,benign,CRB2,48.0
Q5IJ48,A48M,0.1359,benign,CRB2,48.0
Q5IJ48,A48N,0.1399,benign,CRB2,48.0
Q5IJ48,A48P,0.075,benign,CRB2,48.0
Q5IJ48,A48Q,0.1205,benign,CRB2,48.0
Q5IJ48,A48R,0.1128,benign,CRB2,48.0
Q5IJ48,A48S,0.0731,benign,CRB2,48.0
Q5IJ48,A48T,0.0678,benign,CRB2,48.0
Q5IJ48,A48V,0.0772,benign,CRB2,48.0
Q5IJ48,A48W,0.2828,benign,CRB2,48.0
Q5IJ48,A48Y,0.2165,benign,CRB2,48.0
Q5IJ48,P49A,0.0598,benign,CRB2,49.0
Q5IJ48,P49C,0.4533,ambiguous,CRB2,49.0
Q5IJ48,P49D,0.1839,benign,CRB2,49.0
Q5IJ48,P49E,0.1237,benign,CRB2,49.0
Q5IJ48,P49F,0.2218,benign,CRB2,49.0
Q5IJ48,P49G,0.1458,benign,CRB2,49.0
Q5IJ48,P49H,0.113,benign,CRB2,49.0
Q5IJ48,P49I,0.2007,benign,CRB2,49.0
Q5IJ48,P49K,0.1731,benign,CRB2,49.0
Q5IJ48,P49L,0.0786,benign,CRB2,49.0
Q5IJ48,P49M,0.2153,benign,CRB2,49.0
Q5IJ48,P49N,0.2002,benign,CRB2,49.0
Q5IJ48,P49Q,0.0941,benign,CRB2,49.0
Q5IJ48,P49R,0.0782,benign,CRB2,49.0
Q5IJ48,P49S,0.0739,benign,CRB2,49.0
Q5IJ48,P49T,0.0753,benign,CRB2,49.0
Q5IJ48,P49V,0.1356,benign,CRB2,49.0
Q5IJ48,P49W,0.2387,benign,CRB2,49.0
Q5IJ48,P49Y,0.2454,benign,CRB2,49.0
Q5IJ48,G50A,0.1186,benign,CRB2,50.0
Q5IJ48,G50C,0.4028,ambiguous,CRB2,50.0
Q5IJ48,G50D,0.0966,benign,CRB2,50.0
Q5IJ48,G50E,0.0972,benign,CRB2,50.0
Q5IJ48,G50F,0.4199,ambiguous,CRB2,50.0
Q5IJ48,G50H,0.217,benign,CRB2,50.0
Q5IJ48,G50I,0.2773,benign,CRB2,50.0
Q5IJ48,G50K,0.2241,benign,CRB2,50.0
Q5IJ48,G50L,0.2777,benign,CRB2,50.0
Q5IJ48,G50M,0.3708,ambiguous,CRB2,50.0
Q5IJ48,G50N,0.1895,benign,CRB2,50.0
Q5IJ48,G50P,0.4063,ambiguous,CRB2,50.0
Q5IJ48,G50Q,0.1589,benign,CRB2,50.0
Q5IJ48,G50R,0.1384,benign,CRB2,50.0
Q5IJ48,G50S,0.1028,benign,CRB2,50.0
Q5IJ48,G50T,0.1561,benign,CRB2,50.0
Q5IJ48,G50V,0.178,benign,CRB2,50.0
Q5IJ48,G50W,0.2375,benign,CRB2,50.0
Q5IJ48,G50Y,0.2942,benign,CRB2,50.0
Q5IJ48,T51A,0.0694,benign,CRB2,51.0
Q5IJ48,T51C,0.5225,ambiguous,CRB2,51.0
Q5IJ48,T51D,0.1884,benign,CRB2,51.0
Q5IJ48,T51E,0.132,benign,CRB2,51.0
Q5IJ48,T51F,0.1884,benign,CRB2,51.0
Q5IJ48,T51G,0.1275,benign,CRB2,51.0
Q5IJ48,T51H,0.1737,benign,CRB2,51.0
Q5IJ48,T51I,0.1482,benign,CRB2,51.0
Q5IJ48,T51K,0.1197,benign,CRB2,51.0
Q5IJ48,T51L,0.0887,benign,CRB2,51.0
Q5IJ48,T51M,0.0846,benign,CRB2,51.0
Q5IJ48,T51N,0.1107,benign,CRB2,51.0
Q5IJ48,T51P,0.0944,benign,CRB2,51.0
Q5IJ48,T51Q,0.1227,benign,CRB2,51.0
Q5IJ48,T51R,0.0813,benign,CRB2,51.0
Q5IJ48,T51S,0.0871,benign,CRB2,51.0
Q5IJ48,T51V,0.119,benign,CRB2,51.0
Q5IJ48,T51W,0.2773,benign,CRB2,51.0
Q5IJ48,T51Y,0.222,benign,CRB2,51.0
Q5IJ48,E52A,0.0782,benign,CRB2,52.0
Q5IJ48,E52C,0.6578,pathogenic,CRB2,52.0
Q5IJ48,E52D,0.1254,benign,CRB2,52.0
Q5IJ48,E52F,0.3954,ambiguous,CRB2,52.0
Q5IJ48,E52G,0.0925,benign,CRB2,52.0
Q5IJ48,E52H,0.1743,benign,CRB2,52.0
Q5IJ48,E52I,0.2031,benign,CRB2,52.0
Q5IJ48,E52K,0.068,benign,CRB2,52.0
Q5IJ48,E52L,0.1593,benign,CRB2,52.0
Q5IJ48,E52M,0.2258,benign,CRB2,52.0
Q5IJ48,E52N,0.1693,benign,CRB2,52.0
Q5IJ48,E52P,0.1929,benign,CRB2,52.0
Q5IJ48,E52Q,0.0681,benign,CRB2,52.0
Q5IJ48,E52R,0.0806,benign,CRB2,52.0
Q5IJ48,E52S,0.1081,benign,CRB2,52.0
Q5IJ48,E52T,0.1022,benign,CRB2,52.0
Q5IJ48,E52V,0.1265,benign,CRB2,52.0
Q5IJ48,E52W,0.4718,ambiguous,CRB2,52.0
Q5IJ48,E52Y,0.3072,benign,CRB2,52.0
Q5IJ48,C53A,0.8639,pathogenic,CRB2,53.0
Q5IJ48,C53D,0.9358,pathogenic,CRB2,53.0
Q5IJ48,C53E,0.9341,pathogenic,CRB2,53.0
Q5IJ48,C53F,0.652,pathogenic,CRB2,53.0
Q5IJ48,C53G,0.5645,pathogenic,CRB2,53.0
Q5IJ48,C53H,0.9117,pathogenic,CRB2,53.0
Q5IJ48,C53I,0.8291,pathogenic,CRB2,53.0
Q5IJ48,C53K,0.9621,pathogenic,CRB2,53.0
Q5IJ48,C53L,0.7776,pathogenic,CRB2,53.0
Q5IJ48,C53M,0.8951,pathogenic,CRB2,53.0
Q5IJ48,C53N,0.9083,pathogenic,CRB2,53.0
Q5IJ48,C53P,0.8731,pathogenic,CRB2,53.0
Q5IJ48,C53Q,0.9317,pathogenic,CRB2,53.0
Q5IJ48,C53R,0.826,pathogenic,CRB2,53.0
Q5IJ48,C53S,0.8722,pathogenic,CRB2,53.0
Q5IJ48,C53T,0.9221,pathogenic,CRB2,53.0
Q5IJ48,C53V,0.8129,pathogenic,CRB2,53.0
Q5IJ48,C53W,0.7472,pathogenic,CRB2,53.0
Q5IJ48,C53Y,0.6745,pathogenic,CRB2,53.0
Q5IJ48,Q54A,0.1371,benign,CRB2,54.0
Q5IJ48,Q54C,0.553,ambiguous,CRB2,54.0
Q5IJ48,Q54D,0.2447,benign,CRB2,54.0
Q5IJ48,Q54E,0.0737,benign,CRB2,54.0
Q5IJ48,Q54F,0.4197,ambiguous,CRB2,54.0
Q5IJ48,Q54G,0.1408,benign,CRB2,54.0
Q5IJ48,Q54H,0.1333,benign,CRB2,54.0
Q5IJ48,Q54I,0.2789,benign,CRB2,54.0
Q5IJ48,Q54K,0.0957,benign,CRB2,54.0
Q5IJ48,Q54L,0.0928,benign,CRB2,54.0
Q5IJ48,Q54M,0.3085,benign,CRB2,54.0
Q5IJ48,Q54N,0.2641,benign,CRB2,54.0
Q5IJ48,Q54P,0.1278,benign,CRB2,54.0
Q5IJ48,Q54R,0.0613,benign,CRB2,54.0
Q5IJ48,Q54S,0.1664,benign,CRB2,54.0
Q5IJ48,Q54T,0.1425,benign,CRB2,54.0
Q5IJ48,Q54V,0.1713,benign,CRB2,54.0
Q5IJ48,Q54W,0.2293,benign,CRB2,54.0
Q5IJ48,Q54Y,0.3142,benign,CRB2,54.0
Q5IJ48,A55C,0.5642,pathogenic,CRB2,55.0
Q5IJ48,A55D,0.0859,benign,CRB2,55.0
Q5IJ48,A55E,0.086,benign,CRB2,55.0
Q5IJ48,A55F,0.2095,benign,CRB2,55.0
Q5IJ48,A55G,0.085,benign,CRB2,55.0
Q5IJ48,A55H,0.2214,benign,CRB2,55.0
Q5IJ48,A55I,0.1777,benign,CRB2,55.0
Q5IJ48,A55K,0.1789,benign,CRB2,55.0
Q5IJ48,A55L,0.1189,benign,CRB2,55.0
Q5IJ48,A55M,0.1565,benign,CRB2,55.0
Q5IJ48,A55N,0.1303,benign,CRB2,55.0
Q5IJ48,A55P,0.0847,benign,CRB2,55.0
Q5IJ48,A55Q,0.1421,benign,CRB2,55.0
Q5IJ48,A55R,0.1464,benign,CRB2,55.0
Q5IJ48,A55S,0.0823,benign,CRB2,55.0
Q5IJ48,A55T,0.0745,benign,CRB2,55.0
Q5IJ48,A55V,0.0909,benign,CRB2,55.0
Q5IJ48,A55W,0.3865,ambiguous,CRB2,55.0
Q5IJ48,A55Y,0.2751,benign,CRB2,55.0
Q5IJ48,T56A,0.0699,benign,CRB2,56.0
Q5IJ48,T56C,0.5741,pathogenic,CRB2,56.0
Q5IJ48,T56D,0.1944,benign,CRB2,56.0
Q5IJ48,T56E,0.1121,benign,CRB2,56.0
Q5IJ48,T56F,0.2053,benign,CRB2,56.0
Q5IJ48,T56G,0.1123,benign,CRB2,56.0
Q5IJ48,T56H,0.1938,benign,CRB2,56.0
Q5IJ48,T56I,0.1537,benign,CRB2,56.0
Q5IJ48,T56K,0.1037,benign,CRB2,56.0
Q5IJ48,T56L,0.0804,benign,CRB2,56.0
Q5IJ48,T56M,0.0777,benign,CRB2,56.0
Q5IJ48,T56N,0.1351,benign,CRB2,56.0
Q5IJ48,T56P,0.0823,benign,CRB2,56.0
Q5IJ48,T56Q,0.1063,benign,CRB2,56.0
Q5IJ48,T56R,0.0716,benign,CRB2,56.0
Q5IJ48,T56S,0.0919,benign,CRB2,56.0
Q5IJ48,T56V,0.1101,benign,CRB2,56.0
Q5IJ48,T56W,0.277,benign,CRB2,56.0
Q5IJ48,T56Y,0.2775,benign,CRB2,56.0
Q5IJ48,E57A,0.0753,benign,CRB2,57.0
Q5IJ48,E57C,0.6338,pathogenic,CRB2,57.0
Q5IJ48,E57D,0.0796,benign,CRB2,57.0
Q5IJ48,E57F,0.3966,ambiguous,CRB2,57.0
Q5IJ48,E57G,0.0664,benign,CRB2,57.0
Q5IJ48,E57H,0.1768,benign,CRB2,57.0
Q5IJ48,E57I,0.2281,benign,CRB2,57.0
Q5IJ48,E57K,0.078,benign,CRB2,57.0
Q5IJ48,E57L,0.1798,benign,CRB2,57.0
Q5IJ48,E57M,0.2656,benign,CRB2,57.0
Q5IJ48,E57N,0.1407,benign,CRB2,57.0
Q5IJ48,E57P,0.1438,benign,CRB2,57.0
Q5IJ48,E57Q,0.0808,benign,CRB2,57.0
Q5IJ48,E57R,0.091,benign,CRB2,57.0
Q5IJ48,E57S,0.0989,benign,CRB2,57.0
Q5IJ48,E57T,0.1136,benign,CRB2,57.0
Q5IJ48,E57V,0.1284,benign,CRB2,57.0
Q5IJ48,E57W,0.4434,ambiguous,CRB2,57.0
Q5IJ48,E57Y,0.2986,benign,CRB2,57.0
Q5IJ48,S58A,0.0862,benign,CRB2,58.0
Q5IJ48,S58C,0.246,benign,CRB2,58.0
Q5IJ48,S58D,0.1036,benign,CRB2,58.0
Q5IJ48,S58E,0.1416,benign,CRB2,58.0
Q5IJ48,S58F,0.1834,benign,CRB2,58.0
Q5IJ48,S58G,0.0666,benign,CRB2,58.0
Q5IJ48,S58H,0.1227,benign,CRB2,58.0
Q5IJ48,S58I,0.1256,benign,CRB2,58.0
Q5IJ48,S58K,0.1898,benign,CRB2,58.0
Q5IJ48,S58L,0.1222,benign,CRB2,58.0
Q5IJ48,S58M,0.1719,benign,CRB2,58.0
Q5IJ48,S58N,0.0692,benign,CRB2,58.0
Q5IJ48,S58P,0.111,benign,CRB2,58.0
Q5IJ48,S58Q,0.1578,benign,CRB2,58.0
Q5IJ48,S58R,0.133,benign,CRB2,58.0
Q5IJ48,S58T,0.0807,benign,CRB2,58.0
Q5IJ48,S58V,0.1544,benign,CRB2,58.0
Q5IJ48,S58W,0.1754,benign,CRB2,58.0
Q5IJ48,S58Y,0.1399,benign,CRB2,58.0
Q5IJ48,G59A,0.0873,benign,CRB2,59.0
Q5IJ48,G59C,0.2408,benign,CRB2,59.0
Q5IJ48,G59D,0.0869,benign,CRB2,59.0
Q5IJ48,G59E,0.0975,benign,CRB2,59.0
Q5IJ48,G59F,0.2968,benign,CRB2,59.0
Q5IJ48,G59H,0.1431,benign,CRB2,59.0
Q5IJ48,G59I,0.1923,benign,CRB2,59.0
Q5IJ48,G59K,0.1765,benign,CRB2,59.0
Q5IJ48,G59L,0.1846,benign,CRB2,59.0
Q5IJ48,G59M,0.2644,benign,CRB2,59.0
Q5IJ48,G59N,0.1505,benign,CRB2,59.0
Q5IJ48,G59P,0.2735,benign,CRB2,59.0
Q5IJ48,G59Q,0.1281,benign,CRB2,59.0
Q5IJ48,G59R,0.0981,benign,CRB2,59.0
Q5IJ48,G59S,0.0735,benign,CRB2,59.0
Q5IJ48,G59T,0.0963,benign,CRB2,59.0
Q5IJ48,G59V,0.134,benign,CRB2,59.0
Q5IJ48,G59W,0.1624,benign,CRB2,59.0
Q5IJ48,G59Y,0.2092,benign,CRB2,59.0
Q5IJ48,G60A,0.0973,benign,CRB2,60.0
Q5IJ48,G60C,0.2543,benign,CRB2,60.0
Q5IJ48,G60D,0.0942,benign,CRB2,60.0
Q5IJ48,G60E,0.1129,benign,CRB2,60.0
Q5IJ48,G60F,0.2699,benign,CRB2,60.0
Q5IJ48,G60H,0.1526,benign,CRB2,60.0
Q5IJ48,G60I,0.158,benign,CRB2,60.0
Q5IJ48,G60K,0.2218,benign,CRB2,60.0
Q5IJ48,G60L,0.1939,benign,CRB2,60.0
Q5IJ48,G60M,0.2867,benign,CRB2,60.0
Q5IJ48,G60N,0.1524,benign,CRB2,60.0
Q5IJ48,G60P,0.3705,ambiguous,CRB2,60.0
Q5IJ48,G60Q,0.1521,benign,CRB2,60.0
Q5IJ48,G60R,0.1203,benign,CRB2,60.0
Q5IJ48,G60S,0.0722,benign,CRB2,60.0
Q5IJ48,G60T,0.1023,benign,CRB2,60.0
Q5IJ48,G60V,0.1231,benign,CRB2,60.0
Q5IJ48,G60W,0.1818,benign,CRB2,60.0
Q5IJ48,G60Y,0.1996,benign,CRB2,60.0
Q5IJ48,Y61A,0.3738,ambiguous,CRB2,61.0
Q5IJ48,Y61C,0.3547,ambiguous,CRB2,61.0
Q5IJ48,Y61D,0.2398,benign,CRB2,61.0
Q5IJ48,Y61E,0.4902,ambiguous,CRB2,61.0
Q5IJ48,Y61F,0.114,benign,CRB2,61.0
Q5IJ48,Y61G,0.324,benign,CRB2,61.0
Q5IJ48,Y61H,0.1698,benign,CRB2,61.0
Q5IJ48,Y61I,0.4842,ambiguous,CRB2,61.0
Q5IJ48,Y61K,0.5455,ambiguous,CRB2,61.0
Q5IJ48,Y61L,0.4117,ambiguous,CRB2,61.0
Q5IJ48,Y61M,0.6222,pathogenic,CRB2,61.0
Q5IJ48,Y61N,0.1996,benign,CRB2,61.0
Q5IJ48,Y61P,0.4321,ambiguous,CRB2,61.0
Q5IJ48,Y61Q,0.3894,ambiguous,CRB2,61.0
Q5IJ48,Y61R,0.3154,benign,CRB2,61.0
Q5IJ48,Y61S,0.1804,benign,CRB2,61.0
Q5IJ48,Y61T,0.3748,ambiguous,CRB2,61.0
Q5IJ48,Y61V,0.3639,ambiguous,CRB2,61.0
Q5IJ48,Y61W,0.3411,ambiguous,CRB2,61.0
Q5IJ48,T62A,0.0636,benign,CRB2,62.0
Q5IJ48,T62C,0.408,ambiguous,CRB2,62.0
Q5IJ48,T62D,0.1566,benign,CRB2,62.0
Q5IJ48,T62E,0.1466,benign,CRB2,62.0
Q5IJ48,T62F,0.1225,benign,CRB2,62.0
Q5IJ48,T62G,0.1211,benign,CRB2,62.0
Q5IJ48,T62H,0.114,benign,CRB2,62.0
Q5IJ48,T62I,0.094,benign,CRB2,62.0
Q5IJ48,T62K,0.1384,benign,CRB2,62.0
Q5IJ48,T62L,0.0685,benign,CRB2,62.0
Q5IJ48,T62M,0.0998,benign,CRB2,62.0
Q5IJ48,T62N,0.0953,benign,CRB2,62.0
Q5IJ48,T62P,0.0834,benign,CRB2,62.0
Q5IJ48,T62Q,0.124,benign,CRB2,62.0
Q5IJ48,T62R,0.0785,benign,CRB2,62.0
Q5IJ48,T62S,0.0743,benign,CRB2,62.0
Q5IJ48,T62V,0.0919,benign,CRB2,62.0
Q5IJ48,T62W,0.2804,benign,CRB2,62.0
Q5IJ48,T62Y,0.1613,benign,CRB2,62.0
Q5IJ48,C63A,0.7094,pathogenic,CRB2,63.0
Q5IJ48,C63D,0.8842,pathogenic,CRB2,63.0
Q5IJ48,C63E,0.8801,pathogenic,CRB2,63.0
Q5IJ48,C63F,0.6496,pathogenic,CRB2,63.0
Q5IJ48,C63G,0.462,ambiguous,CRB2,63.0
Q5IJ48,C63H,0.8259,pathogenic,CRB2,63.0
Q5IJ48,C63I,0.8442,pathogenic,CRB2,63.0
Q5IJ48,C63K,0.9418,pathogenic,CRB2,63.0
Q5IJ48,C63L,0.7376,pathogenic,CRB2,63.0
Q5IJ48,C63M,0.8999,pathogenic,CRB2,63.0
Q5IJ48,C63N,0.8811,pathogenic,CRB2,63.0
Q5IJ48,C63P,0.8165,pathogenic,CRB2,63.0
Q5IJ48,C63Q,0.8497,pathogenic,CRB2,63.0
Q5IJ48,C63R,0.6312,pathogenic,CRB2,63.0
Q5IJ48,C63S,0.6965,pathogenic,CRB2,63.0
Q5IJ48,C63T,0.8189,pathogenic,CRB2,63.0
Q5IJ48,C63V,0.7693,pathogenic,CRB2,63.0
Q5IJ48,C63W,0.7001,pathogenic,CRB2,63.0
Q5IJ48,C63Y,0.7321,pathogenic,CRB2,63.0
Q5IJ48,G64A,0.0864,benign,CRB2,64.0
Q5IJ48,G64C,0.2777,benign,CRB2,64.0
Q5IJ48,G64D,0.1026,benign,CRB2,64.0
Q5IJ48,G64E,0.0726,benign,CRB2,64.0
Q5IJ48,G64F,0.2264,benign,CRB2,64.0
Q5IJ48,G64H,0.1315,benign,CRB2,64.0
Q5IJ48,G64I,0.1307,benign,CRB2,64.0
Q5IJ48,G64K,0.128,benign,CRB2,64.0
Q5IJ48,G64L,0.1286,benign,CRB2,64.0
Q5IJ48,G64M,0.2017,benign,CRB2,64.0
Q5IJ48,G64N,0.1734,benign,CRB2,64.0
Q5IJ48,G64P,0.2807,benign,CRB2,64.0
Q5IJ48,G64Q,0.0968,benign,CRB2,64.0
Q5IJ48,G64R,0.0848,benign,CRB2,64.0
Q5IJ48,G64S,0.0845,benign,CRB2,64.0
Q5IJ48,G64T,0.0934,benign,CRB2,64.0
Q5IJ48,G64V,0.0939,benign,CRB2,64.0
Q5IJ48,G64W,0.1417,benign,CRB2,64.0
Q5IJ48,G64Y,0.1962,benign,CRB2,64.0
Q5IJ48,P65A,0.0689,benign,CRB2,65.0
Q5IJ48,P65C,0.4266,ambiguous,CRB2,65.0
Q5IJ48,P65D,0.1769,benign,CRB2,65.0
Q5IJ48,P65E,0.1278,benign,CRB2,65.0
Q5IJ48,P65F,0.2068,benign,CRB2,65.0
Q5IJ48,P65G,0.1505,benign,CRB2,65.0
Q5IJ48,P65H,0.1091,benign,CRB2,65.0
Q5IJ48,P65I,0.1865,benign,CRB2,65.0
Q5IJ48,P65K,0.1693,benign,CRB2,65.0
Q5IJ48,P65L,0.082,benign,CRB2,65.0
Q5IJ48,P65M,0.1988,benign,CRB2,65.0
Q5IJ48,P65N,0.1837,benign,CRB2,65.0
Q5IJ48,P65Q,0.0915,benign,CRB2,65.0
Q5IJ48,P65R,0.0807,benign,CRB2,65.0
Q5IJ48,P65S,0.0794,benign,CRB2,65.0
Q5IJ48,P65T,0.0753,benign,CRB2,65.0
Q5IJ48,P65V,0.1334,benign,CRB2,65.0
Q5IJ48,P65W,0.2401,benign,CRB2,65.0
Q5IJ48,P65Y,0.2349,benign,CRB2,65.0
Q5IJ48,M66A,0.0693,benign,CRB2,66.0
Q5IJ48,M66C,0.5771,pathogenic,CRB2,66.0
Q5IJ48,M66D,0.2104,benign,CRB2,66.0
Q5IJ48,M66E,0.0828,benign,CRB2,66.0
Q5IJ48,M66F,0.2146,benign,CRB2,66.0
Q5IJ48,M66G,0.1082,benign,CRB2,66.0
Q5IJ48,M66H,0.1759,benign,CRB2,66.0
Q5IJ48,M66I,0.1323,benign,CRB2,66.0
Q5IJ48,M66K,0.0634,benign,CRB2,66.0
Q5IJ48,M66L,0.0803,benign,CRB2,66.0
Q5IJ48,M66N,0.1739,benign,CRB2,66.0
Q5IJ48,M66P,0.0833,benign,CRB2,66.0
Q5IJ48,M66Q,0.0736,benign,CRB2,66.0
Q5IJ48,M66R,0.0495,benign,CRB2,66.0
Q5IJ48,M66S,0.094,benign,CRB2,66.0
Q5IJ48,M66T,0.0469,benign,CRB2,66.0
Q5IJ48,M66V,0.0592,benign,CRB2,66.0
Q5IJ48,M66W,0.2392,benign,CRB2,66.0
Q5IJ48,M66Y,0.3297,benign,CRB2,66.0
Q5IJ48,E67A,0.0807,benign,CRB2,67.0
Q5IJ48,E67C,0.723,pathogenic,CRB2,67.0
Q5IJ48,E67D,0.1033,benign,CRB2,67.0
Q5IJ48,E67F,0.4,ambiguous,CRB2,67.0
Q5IJ48,E67G,0.0792,benign,CRB2,67.0
Q5IJ48,E67H,0.2098,benign,CRB2,67.0
Q5IJ48,E67I,0.2169,benign,CRB2,67.0
Q5IJ48,E67K,0.0905,benign,CRB2,67.0
Q5IJ48,E67L,0.155,benign,CRB2,67.0
Q5IJ48,E67M,0.258,benign,CRB2,67.0
Q5IJ48,E67N,0.1659,benign,CRB2,67.0
Q5IJ48,E67P,0.1484,benign,CRB2,67.0
Q5IJ48,E67Q,0.0778,benign,CRB2,67.0
Q5IJ48,E67R,0.113,benign,CRB2,67.0
Q5IJ48,E67S,0.1169,benign,CRB2,67.0
Q5IJ48,E67T,0.1298,benign,CRB2,67.0
Q5IJ48,E67V,0.1221,benign,CRB2,67.0
Q5IJ48,E67W,0.5171,ambiguous,CRB2,67.0
Q5IJ48,E67Y,0.3248,benign,CRB2,67.0
Q5IJ48,P68A,0.0679,benign,CRB2,68.0
Q5IJ48,P68C,0.4289,ambiguous,CRB2,68.0
Q5IJ48,P68D,0.1537,benign,CRB2,68.0
Q5IJ48,P68E,0.1135,benign,CRB2,68.0
Q5IJ48,P68F,0.2128,benign,CRB2,68.0
Q5IJ48,P68G,0.1339,benign,CRB2,68.0
Q5IJ48,P68H,0.1013,benign,CRB2,68.0
Q5IJ48,P68I,0.1754,benign,CRB2,68.0
Q5IJ48,P68K,0.1556,benign,CRB2,68.0
Q5IJ48,P68L,0.0762,benign,CRB2,68.0
Q5IJ48,P68M,0.1834,benign,CRB2,68.0
Q5IJ48,P68N,0.1556,benign,CRB2,68.0
Q5IJ48,P68Q,0.0809,benign,CRB2,68.0
Q5IJ48,P68R,0.0798,benign,CRB2,68.0
Q5IJ48,P68S,0.0738,benign,CRB2,68.0
Q5IJ48,P68T,0.0727,benign,CRB2,68.0
Q5IJ48,P68V,0.1265,benign,CRB2,68.0
Q5IJ48,P68W,0.2188,benign,CRB2,68.0
Q5IJ48,P68Y,0.2133,benign,CRB2,68.0
Q5IJ48,R69A,0.0841,benign,CRB2,69.0
Q5IJ48,R69C,0.1759,benign,CRB2,69.0
Q5IJ48,R69D,0.1425,benign,CRB2,69.0
Q5IJ48,R69E,0.096,benign,CRB2,69.0
Q5IJ48,R69F,0.2123,benign,CRB2,69.0
Q5IJ48,R69G,0.055,benign,CRB2,69.0
Q5IJ48,R69H,0.0754,benign,CRB2,69.0
Q5IJ48,R69I,0.1456,benign,CRB2,69.0
Q5IJ48,R69K,0.0976,benign,CRB2,69.0
Q5IJ48,R69L,0.0801,benign,CRB2,69.0
Q5IJ48,R69M,0.152,benign,CRB2,69.0
Q5IJ48,R69N,0.1705,benign,CRB2,69.0
Q5IJ48,R69P,0.0857,benign,CRB2,69.0
Q5IJ48,R69Q,0.0616,benign,CRB2,69.0
Q5IJ48,R69S,0.0955,benign,CRB2,69.0
Q5IJ48,R69T,0.0802,benign,CRB2,69.0
Q5IJ48,R69V,0.1296,benign,CRB2,69.0
Q5IJ48,R69W,0.0752,benign,CRB2,69.0
Q5IJ48,R69Y,0.1677,benign,CRB2,69.0
Q5IJ48,G70A,0.1179,benign,CRB2,70.0
Q5IJ48,G70C,0.465,ambiguous,CRB2,70.0
Q5IJ48,G70D,0.1396,benign,CRB2,70.0
Q5IJ48,G70E,0.1518,benign,CRB2,70.0
Q5IJ48,G70F,0.4554,ambiguous,CRB2,70.0
Q5IJ48,G70H,0.3062,benign,CRB2,70.0
Q5IJ48,G70I,0.2457,benign,CRB2,70.0
Q5IJ48,G70K,0.42,ambiguous,CRB2,70.0
Q5IJ48,G70L,0.3057,benign,CRB2,70.0
Q5IJ48,G70M,0.4422,ambiguous,CRB2,70.0
Q5IJ48,G70N,0.2573,benign,CRB2,70.0
Q5IJ48,G70P,0.3912,ambiguous,CRB2,70.0
Q5IJ48,G70Q,0.2732,benign,CRB2,70.0
Q5IJ48,G70R,0.2635,benign,CRB2,70.0
Q5IJ48,G70S,0.0933,benign,CRB2,70.0
Q5IJ48,G70T,0.1604,benign,CRB2,70.0
Q5IJ48,G70V,0.1766,benign,CRB2,70.0
Q5IJ48,G70W,0.2914,benign,CRB2,70.0
Q5IJ48,G70Y,0.314,benign,CRB2,70.0
Q5IJ48,C71A,0.9072,pathogenic,CRB2,71.0
Q5IJ48,C71D,0.9526,pathogenic,CRB2,71.0
Q5IJ48,C71E,0.9635,pathogenic,CRB2,71.0
Q5IJ48,C71F,0.7679,pathogenic,CRB2,71.0
Q5IJ48,C71G,0.7167,pathogenic,CRB2,71.0
Q5IJ48,C71H,0.9464,pathogenic,CRB2,71.0
Q5IJ48,C71I,0.9172,pathogenic,CRB2,71.0
Q5IJ48,C71K,0.9836,pathogenic,CRB2,71.0
Q5IJ48,C71L,0.8562,pathogenic,CRB2,71.0
Q5IJ48,C71M,0.9388,pathogenic,CRB2,71.0
Q5IJ48,C71N,0.9475,pathogenic,CRB2,71.0
Q5IJ48,C71P,0.9146,pathogenic,CRB2,71.0
Q5IJ48,C71Q,0.9631,pathogenic,CRB2,71.0
Q5IJ48,C71R,0.8916,pathogenic,CRB2,71.0
Q5IJ48,C71S,0.8992,pathogenic,CRB2,71.0
Q5IJ48,C71T,0.9411,pathogenic,CRB2,71.0
Q5IJ48,C71V,0.8955,pathogenic,CRB2,71.0
Q5IJ48,C71W,0.831,pathogenic,CRB2,71.0
Q5IJ48,C71Y,0.8453,pathogenic,CRB2,71.0
Q5IJ48,A72C,0.5955,pathogenic,CRB2,72.0
Q5IJ48,A72D,0.0872,benign,CRB2,72.0
Q5IJ48,A72E,0.1067,benign,CRB2,72.0
Q5IJ48,A72F,0.2214,benign,CRB2,72.0
Q5IJ48,A72G,0.0895,benign,CRB2,72.0
Q5IJ48,A72H,0.2428,benign,CRB2,72.0
Q5IJ48,A72I,0.2083,benign,CRB2,72.0
Q5IJ48,A72K,0.2357,benign,CRB2,72.0
Q5IJ48,A72L,0.1353,benign,CRB2,72.0
Q5IJ48,A72M,0.1978,benign,CRB2,72.0
Q5IJ48,A72N,0.1482,benign,CRB2,72.0
Q5IJ48,A72P,0.1196,benign,CRB2,72.0
Q5IJ48,A72Q,0.1665,benign,CRB2,72.0
Q5IJ48,A72R,0.1614,benign,CRB2,72.0
Q5IJ48,A72S,0.0792,benign,CRB2,72.0
Q5IJ48,A72T,0.0809,benign,CRB2,72.0
Q5IJ48,A72V,0.1065,benign,CRB2,72.0
Q5IJ48,A72W,0.4393,ambiguous,CRB2,72.0
Q5IJ48,A72Y,0.324,benign,CRB2,72.0
Q5IJ48,T73A,0.0631,benign,CRB2,73.0
Q5IJ48,T73C,0.4501,ambiguous,CRB2,73.0
Q5IJ48,T73D,0.1412,benign,CRB2,73.0
Q5IJ48,T73E,0.1387,benign,CRB2,73.0
Q5IJ48,T73F,0.1511,benign,CRB2,73.0
Q5IJ48,T73G,0.0993,benign,CRB2,73.0
Q5IJ48,T73H,0.144,benign,CRB2,73.0
Q5IJ48,T73I,0.1511,benign,CRB2,73.0
Q5IJ48,T73K,0.1556,benign,CRB2,73.0
Q5IJ48,T73L,0.0815,benign,CRB2,73.0
Q5IJ48,T73M,0.0955,benign,CRB2,73.0
Q5IJ48,T73N,0.0877,benign,CRB2,73.0
Q5IJ48,T73P,0.0638,benign,CRB2,73.0
Q5IJ48,T73Q,0.1225,benign,CRB2,73.0
Q5IJ48,T73R,0.0992,benign,CRB2,73.0
Q5IJ48,T73S,0.0623,benign,CRB2,73.0
Q5IJ48,T73V,0.1211,benign,CRB2,73.0
Q5IJ48,T73W,0.2876,benign,CRB2,73.0
Q5IJ48,T73Y,0.189,benign,CRB2,73.0
Q5IJ48,Q74A,0.1322,benign,CRB2,74.0
Q5IJ48,Q74C,0.6801,pathogenic,CRB2,74.0
Q5IJ48,Q74D,0.2226,benign,CRB2,74.0
Q5IJ48,Q74E,0.0737,benign,CRB2,74.0
Q5IJ48,Q74F,0.4905,ambiguous,CRB2,74.0
Q5IJ48,Q74G,0.142,benign,CRB2,74.0
Q5IJ48,Q74H,0.179,benign,CRB2,74.0
Q5IJ48,Q74I,0.3416,ambiguous,CRB2,74.0
Q5IJ48,Q74K,0.1103,benign,CRB2,74.0
Q5IJ48,Q74L,0.1066,benign,CRB2,74.0
Q5IJ48,Q74M,0.3339,benign,CRB2,74.0
Q5IJ48,Q74N,0.2309,benign,CRB2,74.0
Q5IJ48,Q74P,0.099,benign,CRB2,74.0
Q5IJ48,Q74R,0.0783,benign,CRB2,74.0
Q5IJ48,Q74S,0.1412,benign,CRB2,74.0
Q5IJ48,Q74T,0.1535,benign,CRB2,74.0
Q5IJ48,Q74V,0.1955,benign,CRB2,74.0
Q5IJ48,Q74W,0.2765,benign,CRB2,74.0
Q5IJ48,Q74Y,0.3313,benign,CRB2,74.0
Q5IJ48,P75A,0.1392,benign,CRB2,75.0
Q5IJ48,P75C,0.867,pathogenic,CRB2,75.0
Q5IJ48,P75D,0.5908,pathogenic,CRB2,75.0
Q5IJ48,P75E,0.4239,ambiguous,CRB2,75.0
Q5IJ48,P75F,0.6664,pathogenic,CRB2,75.0
Q5IJ48,P75G,0.4596,ambiguous,CRB2,75.0
Q5IJ48,P75H,0.3705,ambiguous,CRB2,75.0
Q5IJ48,P75I,0.4712,ambiguous,CRB2,75.0
Q5IJ48,P75K,0.5714,pathogenic,CRB2,75.0
Q5IJ48,P75L,0.2182,benign,CRB2,75.0
Q5IJ48,P75M,0.5617,ambiguous,CRB2,75.0
Q5IJ48,P75N,0.593,pathogenic,CRB2,75.0
Q5IJ48,P75Q,0.3103,benign,CRB2,75.0
Q5IJ48,P75R,0.2657,benign,CRB2,75.0
Q5IJ48,P75S,0.2428,benign,CRB2,75.0
Q5IJ48,P75T,0.2143,benign,CRB2,75.0
Q5IJ48,P75V,0.3222,benign,CRB2,75.0
Q5IJ48,P75W,0.7437,pathogenic,CRB2,75.0
Q5IJ48,P75Y,0.6259,pathogenic,CRB2,75.0
Q5IJ48,C76A,0.9614,pathogenic,CRB2,76.0
Q5IJ48,C76D,0.992,pathogenic,CRB2,76.0
Q5IJ48,C76E,0.9933,pathogenic,CRB2,76.0
Q5IJ48,C76F,0.9112,pathogenic,CRB2,76.0
Q5IJ48,C76G,0.8398,pathogenic,CRB2,76.0
Q5IJ48,C76H,0.9849,pathogenic,CRB2,76.0
Q5IJ48,C76I,0.9794,pathogenic,CRB2,76.0
Q5IJ48,C76K,0.9967,pathogenic,CRB2,76.0
Q5IJ48,C76L,0.9254,pathogenic,CRB2,76.0
Q5IJ48,C76M,0.9878,pathogenic,CRB2,76.0
Q5IJ48,C76N,0.9912,pathogenic,CRB2,76.0
Q5IJ48,C76P,0.9686,pathogenic,CRB2,76.0
Q5IJ48,C76Q,0.9907,pathogenic,CRB2,76.0
Q5IJ48,C76R,0.9436,pathogenic,CRB2,76.0
Q5IJ48,C76S,0.9625,pathogenic,CRB2,76.0
Q5IJ48,C76T,0.9879,pathogenic,CRB2,76.0
Q5IJ48,C76V,0.9613,pathogenic,CRB2,76.0
Q5IJ48,C76W,0.9458,pathogenic,CRB2,76.0
Q5IJ48,C76Y,0.9544,pathogenic,CRB2,76.0
Q5IJ48,H77A,0.1788,benign,CRB2,77.0
Q5IJ48,H77C,0.3189,benign,CRB2,77.0
Q5IJ48,H77D,0.1718,benign,CRB2,77.0
Q5IJ48,H77E,0.1722,benign,CRB2,77.0
Q5IJ48,H77F,0.1783,benign,CRB2,77.0
Q5IJ48,H77G,0.1959,benign,CRB2,77.0
Q5IJ48,H77I,0.264,benign,CRB2,77.0
Q5IJ48,H77K,0.2637,benign,CRB2,77.0
Q5IJ48,H77L,0.0903,benign,CRB2,77.0
Q5IJ48,H77M,0.4473,ambiguous,CRB2,77.0
Q5IJ48,H77N,0.1311,benign,CRB2,77.0
Q5IJ48,H77P,0.1468,benign,CRB2,77.0
Q5IJ48,H77Q,0.119,benign,CRB2,77.0
Q5IJ48,H77R,0.0781,benign,CRB2,77.0
Q5IJ48,H77S,0.1455,benign,CRB2,77.0
Q5IJ48,H77T,0.2194,benign,CRB2,77.0
Q5IJ48,H77V,0.2029,benign,CRB2,77.0
Q5IJ48,H77W,0.2086,benign,CRB2,77.0
Q5IJ48,H77Y,0.0753,benign,CRB2,77.0
Q5IJ48,H78A,0.5155,ambiguous,CRB2,78.0
Q5IJ48,H78C,0.6738,pathogenic,CRB2,78.0
Q5IJ48,H78D,0.3739,ambiguous,CRB2,78.0
Q5IJ48,H78E,0.4712,ambiguous,CRB2,78.0
Q5IJ48,H78F,0.4807,ambiguous,CRB2,78.0
Q5IJ48,H78G,0.4015,ambiguous,CRB2,78.0
Q5IJ48,H78I,0.7987,pathogenic,CRB2,78.0
Q5IJ48,H78K,0.5376,ambiguous,CRB2,78.0
Q5IJ48,H78L,0.2938,benign,CRB2,78.0
Q5IJ48,H78M,0.8185,pathogenic,CRB2,78.0
Q5IJ48,H78N,0.1551,benign,CRB2,78.0
Q5IJ48,H78P,0.411,ambiguous,CRB2,78.0
Q5IJ48,H78Q,0.3506,ambiguous,CRB2,78.0
Q5IJ48,H78R,0.1667,benign,CRB2,78.0
Q5IJ48,H78S,0.3615,ambiguous,CRB2,78.0
Q5IJ48,H78T,0.6246,pathogenic,CRB2,78.0
Q5IJ48,H78V,0.687,pathogenic,CRB2,78.0
Q5IJ48,H78W,0.4797,ambiguous,CRB2,78.0
Q5IJ48,H78Y,0.1769,benign,CRB2,78.0
Q5IJ48,G79A,0.2584,benign,CRB2,79.0
Q5IJ48,G79C,0.8114,pathogenic,CRB2,79.0
Q5IJ48,G79D,0.1811,benign,CRB2,79.0
Q5IJ48,G79E,0.2825,benign,CRB2,79.0
Q5IJ48,G79F,0.8066,pathogenic,CRB2,79.0
Q5IJ48,G79H,0.3888,ambiguous,CRB2,79.0
Q5IJ48,G79I,0.7841,pathogenic,CRB2,79.0
Q5IJ48,G79K,0.5092,ambiguous,CRB2,79.0
Q5IJ48,G79L,0.6424,pathogenic,CRB2,79.0
Q5IJ48,G79M,0.7805,pathogenic,CRB2,79.0
Q5IJ48,G79N,0.3264,benign,CRB2,79.0
Q5IJ48,G79P,0.9223,pathogenic,CRB2,79.0
Q5IJ48,G79Q,0.3224,benign,CRB2,79.0
Q5IJ48,G79R,0.2919,benign,CRB2,79.0
Q5IJ48,G79S,0.1417,benign,CRB2,79.0
Q5IJ48,G79T,0.411,ambiguous,CRB2,79.0
Q5IJ48,G79V,0.6351,pathogenic,CRB2,79.0
Q5IJ48,G79W,0.6438,pathogenic,CRB2,79.0
Q5IJ48,G79Y,0.6519,pathogenic,CRB2,79.0
Q5IJ48,A80C,0.9446,pathogenic,CRB2,80.0
Q5IJ48,A80D,0.8739,pathogenic,CRB2,80.0
Q5IJ48,A80E,0.8949,pathogenic,CRB2,80.0
Q5IJ48,A80F,0.8813,pathogenic,CRB2,80.0
Q5IJ48,A80G,0.156,benign,CRB2,80.0
Q5IJ48,A80H,0.931,pathogenic,CRB2,80.0
Q5IJ48,A80I,0.9215,pathogenic,CRB2,80.0
Q5IJ48,A80K,0.9623,pathogenic,CRB2,80.0
Q5IJ48,A80L,0.7347,pathogenic,CRB2,80.0
Q5IJ48,A80M,0.8245,pathogenic,CRB2,80.0
Q5IJ48,A80N,0.8678,pathogenic,CRB2,80.0
Q5IJ48,A80P,0.8105,pathogenic,CRB2,80.0
Q5IJ48,A80Q,0.8769,pathogenic,CRB2,80.0
Q5IJ48,A80R,0.8752,pathogenic,CRB2,80.0
Q5IJ48,A80S,0.1513,benign,CRB2,80.0
Q5IJ48,A80T,0.5252,ambiguous,CRB2,80.0
Q5IJ48,A80V,0.7103,pathogenic,CRB2,80.0
Q5IJ48,A80W,0.9777,pathogenic,CRB2,80.0
Q5IJ48,A80Y,0.9366,pathogenic,CRB2,80.0
Q5IJ48,L81A,0.42,ambiguous,CRB2,81.0
Q5IJ48,L81C,0.8996,pathogenic,CRB2,81.0
Q5IJ48,L81D,0.85,pathogenic,CRB2,81.0
Q5IJ48,L81E,0.5272,ambiguous,CRB2,81.0
Q5IJ48,L81F,0.223,benign,CRB2,81.0
Q5IJ48,L81G,0.7163,pathogenic,CRB2,81.0
Q5IJ48,L81H,0.4235,ambiguous,CRB2,81.0
Q5IJ48,L81I,0.1591,benign,CRB2,81.0
Q5IJ48,L81K,0.4894,ambiguous,CRB2,81.0
Q5IJ48,L81M,0.245,benign,CRB2,81.0
Q5IJ48,L81N,0.6988,pathogenic,CRB2,81.0
Q5IJ48,L81P,0.6049,pathogenic,CRB2,81.0
Q5IJ48,L81Q,0.2701,benign,CRB2,81.0
Q5IJ48,L81R,0.2163,benign,CRB2,81.0
Q5IJ48,L81S,0.4978,ambiguous,CRB2,81.0
Q5IJ48,L81T,0.3819,ambiguous,CRB2,81.0
Q5IJ48,L81V,0.1363,benign,CRB2,81.0
Q5IJ48,L81W,0.4036,ambiguous,CRB2,81.0
Q5IJ48,L81Y,0.5819,pathogenic,CRB2,81.0
Q5IJ48,C82A,0.9577,pathogenic,CRB2,82.0
Q5IJ48,C82D,0.992,pathogenic,CRB2,82.0
Q5IJ48,C82E,0.9928,pathogenic,CRB2,82.0
Q5IJ48,C82F,0.9255,pathogenic,CRB2,82.0
Q5IJ48,C82G,0.8675,pathogenic,CRB2,82.0
Q5IJ48,C82H,0.9826,pathogenic,CRB2,82.0
Q5IJ48,C82I,0.9784,pathogenic,CRB2,82.0
Q5IJ48,C82K,0.9973,pathogenic,CRB2,82.0
Q5IJ48,C82L,0.9164,pathogenic,CRB2,82.0
Q5IJ48,C82M,0.9861,pathogenic,CRB2,82.0
Q5IJ48,C82N,0.9911,pathogenic,CRB2,82.0
Q5IJ48,C82P,0.9723,pathogenic,CRB2,82.0
Q5IJ48,C82Q,0.9894,pathogenic,CRB2,82.0
Q5IJ48,C82R,0.956,pathogenic,CRB2,82.0
Q5IJ48,C82S,0.9703,pathogenic,CRB2,82.0
Q5IJ48,C82T,0.9845,pathogenic,CRB2,82.0
Q5IJ48,C82V,0.9601,pathogenic,CRB2,82.0
Q5IJ48,C82W,0.9374,pathogenic,CRB2,82.0
Q5IJ48,C82Y,0.9499,pathogenic,CRB2,82.0
Q5IJ48,V83A,0.2792,benign,CRB2,83.0
Q5IJ48,V83C,0.9447,pathogenic,CRB2,83.0
Q5IJ48,V83D,0.5256,ambiguous,CRB2,83.0
Q5IJ48,V83E,0.2482,benign,CRB2,83.0
Q5IJ48,V83F,0.1909,benign,CRB2,83.0
Q5IJ48,V83G,0.3118,benign,CRB2,83.0
Q5IJ48,V83H,0.5854,pathogenic,CRB2,83.0
Q5IJ48,V83I,0.0999,benign,CRB2,83.0
Q5IJ48,V83K,0.4095,ambiguous,CRB2,83.0
Q5IJ48,V83L,0.1915,benign,CRB2,83.0
Q5IJ48,V83M,0.1922,benign,CRB2,83.0
Q5IJ48,V83N,0.5237,ambiguous,CRB2,83.0
Q5IJ48,V83P,0.8083,pathogenic,CRB2,83.0
Q5IJ48,V83Q,0.2849,benign,CRB2,83.0
Q5IJ48,V83R,0.2831,benign,CRB2,83.0
Q5IJ48,V83S,0.3384,benign,CRB2,83.0
Q5IJ48,V83T,0.3379,benign,CRB2,83.0
Q5IJ48,V83W,0.8226,pathogenic,CRB2,83.0
Q5IJ48,V83Y,0.6539,pathogenic,CRB2,83.0
Q5IJ48,P84A,0.0848,benign,CRB2,84.0
Q5IJ48,P84C,0.7332,pathogenic,CRB2,84.0
Q5IJ48,P84D,0.3393,benign,CRB2,84.0
Q5IJ48,P84E,0.214,benign,CRB2,84.0
Q5IJ48,P84F,0.3974,ambiguous,CRB2,84.0
Q5IJ48,P84G,0.291,benign,CRB2,84.0
Q5IJ48,P84H,0.1867,benign,CRB2,84.0
Q5IJ48,P84I,0.3553,ambiguous,CRB2,84.0
Q5IJ48,P84K,0.3654,ambiguous,CRB2,84.0
Q5IJ48,P84L,0.1117,benign,CRB2,84.0
Q5IJ48,P84M,0.3608,ambiguous,CRB2,84.0
Q5IJ48,P84N,0.3653,ambiguous,CRB2,84.0
Q5IJ48,P84Q,0.1427,benign,CRB2,84.0
Q5IJ48,P84R,0.1428,benign,CRB2,84.0
Q5IJ48,P84S,0.1006,benign,CRB2,84.0
Q5IJ48,P84T,0.114,benign,CRB2,84.0
Q5IJ48,P84V,0.241,benign,CRB2,84.0
Q5IJ48,P84W,0.4803,ambiguous,CRB2,84.0
Q5IJ48,P84Y,0.4124,ambiguous,CRB2,84.0
Q5IJ48,Q85A,0.1274,benign,CRB2,85.0
Q5IJ48,Q85C,0.654,pathogenic,CRB2,85.0
Q5IJ48,Q85D,0.2115,benign,CRB2,85.0
Q5IJ48,Q85E,0.0684,benign,CRB2,85.0
Q5IJ48,Q85F,0.5181,ambiguous,CRB2,85.0
Q5IJ48,Q85G,0.1341,benign,CRB2,85.0
Q5IJ48,Q85H,0.1755,benign,CRB2,85.0
Q5IJ48,Q85I,0.3467,ambiguous,CRB2,85.0
Q5IJ48,Q85K,0.1193,benign,CRB2,85.0
Q5IJ48,Q85L,0.1022,benign,CRB2,85.0
Q5IJ48,Q85M,0.3455,ambiguous,CRB2,85.0
Q5IJ48,Q85N,0.2613,benign,CRB2,85.0
Q5IJ48,Q85P,0.0868,benign,CRB2,85.0
Q5IJ48,Q85R,0.0781,benign,CRB2,85.0
Q5IJ48,Q85S,0.1492,benign,CRB2,85.0
Q5IJ48,Q85T,0.1565,benign,CRB2,85.0
Q5IJ48,Q85V,0.1922,benign,CRB2,85.0
Q5IJ48,Q85W,0.2814,benign,CRB2,85.0
Q5IJ48,Q85Y,0.38,ambiguous,CRB2,85.0
Q5IJ48,G86A,0.0998,benign,CRB2,86.0
Q5IJ48,G86C,0.3575,ambiguous,CRB2,86.0
Q5IJ48,G86D,0.0737,benign,CRB2,86.0
Q5IJ48,G86E,0.09,benign,CRB2,86.0
Q5IJ48,G86F,0.2984,benign,CRB2,86.0
Q5IJ48,G86H,0.1756,benign,CRB2,86.0
Q5IJ48,G86I,0.1725,benign,CRB2,86.0
Q5IJ48,G86K,0.2234,benign,CRB2,86.0
Q5IJ48,G86L,0.1889,benign,CRB2,86.0
Q5IJ48,G86M,0.2809,benign,CRB2,86.0
Q5IJ48,G86N,0.1483,benign,CRB2,86.0
Q5IJ48,G86P,0.2844,benign,CRB2,86.0
Q5IJ48,G86Q,0.1611,benign,CRB2,86.0
Q5IJ48,G86R,0.1627,benign,CRB2,86.0
Q5IJ48,G86S,0.0859,benign,CRB2,86.0
Q5IJ48,G86T,0.1203,benign,CRB2,86.0
Q5IJ48,G86V,0.1157,benign,CRB2,86.0
Q5IJ48,G86W,0.2167,benign,CRB2,86.0
Q5IJ48,G86Y,0.2067,benign,CRB2,86.0
Q5IJ48,P87A,0.066,benign,CRB2,87.0
Q5IJ48,P87C,0.3752,ambiguous,CRB2,87.0
Q5IJ48,P87D,0.1457,benign,CRB2,87.0
Q5IJ48,P87E,0.1194,benign,CRB2,87.0
Q5IJ48,P87F,0.2068,benign,CRB2,87.0
Q5IJ48,P87G,0.1281,benign,CRB2,87.0
Q5IJ48,P87H,0.1056,benign,CRB2,87.0
Q5IJ48,P87I,0.1736,benign,CRB2,87.0
Q5IJ48,P87K,0.1571,benign,CRB2,87.0
Q5IJ48,P87L,0.079,benign,CRB2,87.0
Q5IJ48,P87M,0.1743,benign,CRB2,87.0
Q5IJ48,P87N,0.1562,benign,CRB2,87.0
Q5IJ48,P87Q,0.09,benign,CRB2,87.0
Q5IJ48,P87R,0.0795,benign,CRB2,87.0
Q5IJ48,P87S,0.0711,benign,CRB2,87.0
Q5IJ48,P87T,0.0731,benign,CRB2,87.0
Q5IJ48,P87V,0.1273,benign,CRB2,87.0
Q5IJ48,P87W,0.215,benign,CRB2,87.0
Q5IJ48,P87Y,0.2302,benign,CRB2,87.0
Q5IJ48,D88A,0.1001,benign,CRB2,88.0
Q5IJ48,D88C,0.5226,ambiguous,CRB2,88.0
Q5IJ48,D88E,0.1197,benign,CRB2,88.0
Q5IJ48,D88F,0.3013,benign,CRB2,88.0
Q5IJ48,D88G,0.0881,benign,CRB2,88.0
Q5IJ48,D88H,0.1399,benign,CRB2,88.0
Q5IJ48,D88I,0.2347,benign,CRB2,88.0
Q5IJ48,D88K,0.2074,benign,CRB2,88.0
Q5IJ48,D88L,0.1733,benign,CRB2,88.0
Q5IJ48,D88M,0.3976,ambiguous,CRB2,88.0
Q5IJ48,D88N,0.1008,benign,CRB2,88.0
Q5IJ48,D88P,0.2712,benign,CRB2,88.0
Q5IJ48,D88Q,0.1571,benign,CRB2,88.0
Q5IJ48,D88R,0.1701,benign,CRB2,88.0
Q5IJ48,D88S,0.0889,benign,CRB2,88.0
Q5IJ48,D88T,0.1604,benign,CRB2,88.0
Q5IJ48,D88V,0.1417,benign,CRB2,88.0
Q5IJ48,D88W,0.5377,ambiguous,CRB2,88.0
Q5IJ48,D88Y,0.1493,benign,CRB2,88.0
Q5IJ48,P89A,0.0627,benign,CRB2,89.0
Q5IJ48,P89C,0.4046,ambiguous,CRB2,89.0
Q5IJ48,P89D,0.1351,benign,CRB2,89.0
Q5IJ48,P89E,0.1158,benign,CRB2,89.0
Q5IJ48,P89F,0.2136,benign,CRB2,89.0
Q5IJ48,P89G,0.1204,benign,CRB2,89.0
Q5IJ48,P89H,0.1029,benign,CRB2,89.0
Q5IJ48,P89I,0.1766,benign,CRB2,89.0
Q5IJ48,P89K,0.163,benign,CRB2,89.0
Q5IJ48,P89L,0.0811,benign,CRB2,89.0
Q5IJ48,P89M,0.1899,benign,CRB2,89.0
Q5IJ48,P89N,0.1655,benign,CRB2,89.0
Q5IJ48,P89Q,0.0899,benign,CRB2,89.0
Q5IJ48,P89R,0.0763,benign,CRB2,89.0
Q5IJ48,P89S,0.0719,benign,CRB2,89.0
Q5IJ48,P89T,0.072,benign,CRB2,89.0
Q5IJ48,P89V,0.1218,benign,CRB2,89.0
Q5IJ48,P89W,0.2542,benign,CRB2,89.0
Q5IJ48,P89Y,0.2236,benign,CRB2,89.0
Q5IJ48,T90A,0.0532,benign,CRB2,90.0
Q5IJ48,T90C,0.3075,benign,CRB2,90.0
Q5IJ48,T90D,0.0671,benign,CRB2,90.0
Q5IJ48,T90E,0.0831,benign,CRB2,90.0
Q5IJ48,T90F,0.1158,benign,CRB2,90.0
Q5IJ48,T90G,0.0777,benign,CRB2,90.0
Q5IJ48,T90H,0.0796,benign,CRB2,90.0
Q5IJ48,T90I,0.0956,benign,CRB2,90.0
Q5IJ48,T90K,0.0912,benign,CRB2,90.0
Q5IJ48,T90L,0.0652,benign,CRB2,90.0
Q5IJ48,T90M,0.0822,benign,CRB2,90.0
Q5IJ48,T90N,0.0517,benign,CRB2,90.0
Q5IJ48,T90P,0.0615,benign,CRB2,90.0
Q5IJ48,T90Q,0.0868,benign,CRB2,90.0
Q5IJ48,T90R,0.0639,benign,CRB2,90.0
Q5IJ48,T90S,0.0567,benign,CRB2,90.0
Q5IJ48,T90V,0.0843,benign,CRB2,90.0
Q5IJ48,T90W,0.1852,benign,CRB2,90.0
Q5IJ48,T90Y,0.1034,benign,CRB2,90.0
Q5IJ48,G91A,0.0786,benign,CRB2,91.0
Q5IJ48,G91C,0.2671,benign,CRB2,91.0
Q5IJ48,G91D,0.0763,benign,CRB2,91.0
Q5IJ48,G91E,0.1116,benign,CRB2,91.0
Q5IJ48,G91F,0.3411,ambiguous,CRB2,91.0
Q5IJ48,G91H,0.148,benign,CRB2,91.0
Q5IJ48,G91I,0.1735,benign,CRB2,91.0
Q5IJ48,G91K,0.2624,benign,CRB2,91.0
Q5IJ48,G91L,0.2054,benign,CRB2,91.0
Q5IJ48,G91M,0.3302,benign,CRB2,91.0
Q5IJ48,G91N,0.1422,benign,CRB2,91.0
Q5IJ48,G91P,0.4019,ambiguous,CRB2,91.0
Q5IJ48,G91Q,0.1619,benign,CRB2,91.0
Q5IJ48,G91R,0.1288,benign,CRB2,91.0
Q5IJ48,G91S,0.067,benign,CRB2,91.0
Q5IJ48,G91T,0.0996,benign,CRB2,91.0
Q5IJ48,G91V,0.1203,benign,CRB2,91.0
Q5IJ48,G91W,0.2085,benign,CRB2,91.0
Q5IJ48,G91Y,0.212,benign,CRB2,91.0
Q5IJ48,F92A,0.8348,pathogenic,CRB2,92.0
Q5IJ48,F92C,0.8847,pathogenic,CRB2,92.0
Q5IJ48,F92D,0.8844,pathogenic,CRB2,92.0
Q5IJ48,F92E,0.908,pathogenic,CRB2,92.0
Q5IJ48,F92G,0.8906,pathogenic,CRB2,92.0
Q5IJ48,F92H,0.6874,pathogenic,CRB2,92.0
Q5IJ48,F92I,0.5501,ambiguous,CRB2,92.0
Q5IJ48,F92K,0.943,pathogenic,CRB2,92.0
Q5IJ48,F92L,0.9341,pathogenic,CRB2,92.0
Q5IJ48,F92M,0.8276,pathogenic,CRB2,92.0
Q5IJ48,F92N,0.8276,pathogenic,CRB2,92.0
Q5IJ48,F92P,0.9668,pathogenic,CRB2,92.0
Q5IJ48,F92Q,0.8729,pathogenic,CRB2,92.0
Q5IJ48,F92R,0.8493,pathogenic,CRB2,92.0
Q5IJ48,F92S,0.6365,pathogenic,CRB2,92.0
Q5IJ48,F92T,0.8141,pathogenic,CRB2,92.0
Q5IJ48,F92V,0.5409,ambiguous,CRB2,92.0
Q5IJ48,F92W,0.5454,ambiguous,CRB2,92.0
Q5IJ48,F92Y,0.2264,benign,CRB2,92.0
Q5IJ48,R93A,0.2557,benign,CRB2,93.0
Q5IJ48,R93C,0.2435,benign,CRB2,93.0
Q5IJ48,R93D,0.4256,ambiguous,CRB2,93.0
Q5IJ48,R93E,0.2421,benign,CRB2,93.0
Q5IJ48,R93F,0.3638,ambiguous,CRB2,93.0
Q5IJ48,R93G,0.1745,benign,CRB2,93.0
Q5IJ48,R93H,0.0793,benign,CRB2,93.0
Q5IJ48,R93I,0.2167,benign,CRB2,93.0
Q5IJ48,R93K,0.2162,benign,CRB2,93.0
Q5IJ48,R93L,0.1297,benign,CRB2,93.0
Q5IJ48,R93M,0.3593,ambiguous,CRB2,93.0
Q5IJ48,R93N,0.4178,ambiguous,CRB2,93.0
Q5IJ48,R93P,0.5587,ambiguous,CRB2,93.0
Q5IJ48,R93Q,0.0845,benign,CRB2,93.0
Q5IJ48,R93S,0.2278,benign,CRB2,93.0
Q5IJ48,R93T,0.169,benign,CRB2,93.0
Q5IJ48,R93V,0.2488,benign,CRB2,93.0
Q5IJ48,R93W,0.117,benign,CRB2,93.0
Q5IJ48,R93Y,0.27,benign,CRB2,93.0
Q5IJ48,C94A,0.9771,pathogenic,CRB2,94.0
Q5IJ48,C94D,0.9942,pathogenic,CRB2,94.0
Q5IJ48,C94E,0.9965,pathogenic,CRB2,94.0
Q5IJ48,C94F,0.9575,pathogenic,CRB2,94.0
Q5IJ48,C94G,0.8706,pathogenic,CRB2,94.0
Q5IJ48,C94H,0.9893,pathogenic,CRB2,94.0
Q5IJ48,C94I,0.9851,pathogenic,CRB2,94.0
Q5IJ48,C94K,0.9985,pathogenic,CRB2,94.0
Q5IJ48,C94L,0.96,pathogenic,CRB2,94.0
Q5IJ48,C94M,0.9942,pathogenic,CRB2,94.0
Q5IJ48,C94N,0.9917,pathogenic,CRB2,94.0
Q5IJ48,C94P,0.9871,pathogenic,CRB2,94.0
Q5IJ48,C94Q,0.9949,pathogenic,CRB2,94.0
Q5IJ48,C94R,0.9693,pathogenic,CRB2,94.0
Q5IJ48,C94S,0.975,pathogenic,CRB2,94.0
Q5IJ48,C94T,0.9895,pathogenic,CRB2,94.0
Q5IJ48,C94V,0.9746,pathogenic,CRB2,94.0
Q5IJ48,C94W,0.9651,pathogenic,CRB2,94.0
Q5IJ48,C94Y,0.9633,pathogenic,CRB2,94.0
Q5IJ48,Y95A,0.7953,pathogenic,CRB2,95.0
Q5IJ48,Y95C,0.8258,pathogenic,CRB2,95.0
Q5IJ48,Y95D,0.6962,pathogenic,CRB2,95.0
Q5IJ48,Y95E,0.9251,pathogenic,CRB2,95.0
Q5IJ48,Y95F,0.1331,benign,CRB2,95.0
Q5IJ48,Y95G,0.82,pathogenic,CRB2,95.0
Q5IJ48,Y95H,0.4838,ambiguous,CRB2,95.0
Q5IJ48,Y95I,0.7763,pathogenic,CRB2,95.0
Q5IJ48,Y95K,0.9573,pathogenic,CRB2,95.0
Q5IJ48,Y95L,0.646,pathogenic,CRB2,95.0
Q5IJ48,Y95M,0.9037,pathogenic,CRB2,95.0
Q5IJ48,Y95N,0.6372,pathogenic,CRB2,95.0
Q5IJ48,Y95P,0.9634,pathogenic,CRB2,95.0
Q5IJ48,Y95Q,0.8716,pathogenic,CRB2,95.0
Q5IJ48,Y95R,0.8028,pathogenic,CRB2,95.0
Q5IJ48,Y95S,0.4668,ambiguous,CRB2,95.0
Q5IJ48,Y95T,0.792,pathogenic,CRB2,95.0
Q5IJ48,Y95V,0.6716,pathogenic,CRB2,95.0
Q5IJ48,Y95W,0.5364,ambiguous,CRB2,95.0
Q5IJ48,C96A,0.9749,pathogenic,CRB2,96.0
Q5IJ48,C96D,0.9954,pathogenic,CRB2,96.0
Q5IJ48,C96E,0.9976,pathogenic,CRB2,96.0
Q5IJ48,C96F,0.9702,pathogenic,CRB2,96.0
Q5IJ48,C96G,0.8774,pathogenic,CRB2,96.0
Q5IJ48,C96H,0.9904,pathogenic,CRB2,96.0
Q5IJ48,C96I,0.9934,pathogenic,CRB2,96.0
Q5IJ48,C96K,0.9988,pathogenic,CRB2,96.0
Q5IJ48,C96L,0.9608,pathogenic,CRB2,96.0
Q5IJ48,C96M,0.9961,pathogenic,CRB2,96.0
Q5IJ48,C96N,0.9947,pathogenic,CRB2,96.0
Q5IJ48,C96P,0.9769,pathogenic,CRB2,96.0
Q5IJ48,C96Q,0.9953,pathogenic,CRB2,96.0
Q5IJ48,C96R,0.9652,pathogenic,CRB2,96.0
Q5IJ48,C96S,0.9708,pathogenic,CRB2,96.0
Q5IJ48,C96T,0.9896,pathogenic,CRB2,96.0
Q5IJ48,C96V,0.9816,pathogenic,CRB2,96.0
Q5IJ48,C96W,0.981,pathogenic,CRB2,96.0
Q5IJ48,C96Y,0.9833,pathogenic,CRB2,96.0
Q5IJ48,V97A,0.3559,ambiguous,CRB2,97.0
Q5IJ48,V97C,0.9845,pathogenic,CRB2,97.0
Q5IJ48,V97D,0.7626,pathogenic,CRB2,97.0
Q5IJ48,V97E,0.4673,ambiguous,CRB2,97.0
Q5IJ48,V97F,0.3876,ambiguous,CRB2,97.0
Q5IJ48,V97G,0.4404,ambiguous,CRB2,97.0
Q5IJ48,V97H,0.8167,pathogenic,CRB2,97.0
Q5IJ48,V97I,0.1402,benign,CRB2,97.0
Q5IJ48,V97K,0.5979,pathogenic,CRB2,97.0
Q5IJ48,V97L,0.3453,ambiguous,CRB2,97.0
Q5IJ48,V97M,0.3576,ambiguous,CRB2,97.0
Q5IJ48,V97N,0.7087,pathogenic,CRB2,97.0
Q5IJ48,V97P,0.4972,ambiguous,CRB2,97.0
Q5IJ48,V97Q,0.4647,ambiguous,CRB2,97.0
Q5IJ48,V97R,0.4209,ambiguous,CRB2,97.0
Q5IJ48,V97S,0.4404,ambiguous,CRB2,97.0
Q5IJ48,V97T,0.448,ambiguous,CRB2,97.0
Q5IJ48,V97W,0.9481,pathogenic,CRB2,97.0
Q5IJ48,V97Y,0.8671,pathogenic,CRB2,97.0
Q5IJ48,P98A,0.294,benign,CRB2,98.0
Q5IJ48,P98C,0.986,pathogenic,CRB2,98.0
Q5IJ48,P98D,0.9307,pathogenic,CRB2,98.0
Q5IJ48,P98E,0.8026,pathogenic,CRB2,98.0
Q5IJ48,P98F,0.9609,pathogenic,CRB2,98.0
Q5IJ48,P98G,0.8524,pathogenic,CRB2,98.0
Q5IJ48,P98H,0.7894,pathogenic,CRB2,98.0
Q5IJ48,P98I,0.9207,pathogenic,CRB2,98.0
Q5IJ48,P98K,0.903,pathogenic,CRB2,98.0
Q5IJ48,P98L,0.5245,ambiguous,CRB2,98.0
Q5IJ48,P98M,0.9159,pathogenic,CRB2,98.0
Q5IJ48,P98N,0.9435,pathogenic,CRB2,98.0
Q5IJ48,P98Q,0.6895,pathogenic,CRB2,98.0
Q5IJ48,P98R,0.5849,pathogenic,CRB2,98.0
Q5IJ48,P98S,0.5826,pathogenic,CRB2,98.0
Q5IJ48,P98T,0.5996,pathogenic,CRB2,98.0
Q5IJ48,P98V,0.7909,pathogenic,CRB2,98.0
Q5IJ48,P98W,0.9538,pathogenic,CRB2,98.0
Q5IJ48,P98Y,0.9523,pathogenic,CRB2,98.0
Q5IJ48,G99A,0.6896,pathogenic,CRB2,99.0
Q5IJ48,G99C,0.9836,pathogenic,CRB2,99.0
Q5IJ48,G99D,0.9282,pathogenic,CRB2,99.0
Q5IJ48,G99E,0.9453,pathogenic,CRB2,99.0
Q5IJ48,G99F,0.9832,pathogenic,CRB2,99.0
Q5IJ48,G99H,0.9672,pathogenic,CRB2,99.0
Q5IJ48,G99I,0.9825,pathogenic,CRB2,99.0
Q5IJ48,G99K,0.9862,pathogenic,CRB2,99.0
Q5IJ48,G99L,0.9683,pathogenic,CRB2,99.0
Q5IJ48,G99M,0.9898,pathogenic,CRB2,99.0
Q5IJ48,G99N,0.9386,pathogenic,CRB2,99.0
Q5IJ48,G99P,0.9845,pathogenic,CRB2,99.0
Q5IJ48,G99Q,0.956,pathogenic,CRB2,99.0
Q5IJ48,G99R,0.9243,pathogenic,CRB2,99.0
Q5IJ48,G99S,0.5572,ambiguous,CRB2,99.0
Q5IJ48,G99T,0.9068,pathogenic,CRB2,99.0
Q5IJ48,G99V,0.9546,pathogenic,CRB2,99.0
Q5IJ48,G99W,0.9649,pathogenic,CRB2,99.0
Q5IJ48,G99Y,0.9761,pathogenic,CRB2,99.0
Q5IJ48,F100A,0.9924,pathogenic,CRB2,100.0
Q5IJ48,F100C,0.9932,pathogenic,CRB2,100.0
Q5IJ48,F100D,0.997,pathogenic,CRB2,100.0
Q5IJ48,F100E,0.9962,pathogenic,CRB2,100.0
Q5IJ48,F100G,0.9955,pathogenic,CRB2,100.0
Q5IJ48,F100H,0.9392,pathogenic,CRB2,100.0
Q5IJ48,F100I,0.9403,pathogenic,CRB2,100.0
Q5IJ48,F100K,0.9941,pathogenic,CRB2,100.0
Q5IJ48,F100L,0.9929,pathogenic,CRB2,100.0
Q5IJ48,F100M,0.9736,pathogenic,CRB2,100.0
Q5IJ48,F100N,0.9888,pathogenic,CRB2,100.0
Q5IJ48,F100P,0.9997,pathogenic,CRB2,100.0
Q5IJ48,F100Q,0.9875,pathogenic,CRB2,100.0
Q5IJ48,F100R,0.9763,pathogenic,CRB2,100.0
Q5IJ48,F100S,0.9769,pathogenic,CRB2,100.0
Q5IJ48,F100T,0.9905,pathogenic,CRB2,100.0
Q5IJ48,F100V,0.9427,pathogenic,CRB2,100.0
Q5IJ48,F100W,0.7412,pathogenic,CRB2,100.0
Q5IJ48,F100Y,0.3607,ambiguous,CRB2,100.0
Q5IJ48,Q101A,0.4314,ambiguous,CRB2,101.0
Q5IJ48,Q101C,0.9795,pathogenic,CRB2,101.0
Q5IJ48,Q101D,0.8658,pathogenic,CRB2,101.0
Q5IJ48,Q101E,0.1743,benign,CRB2,101.0
Q5IJ48,Q101F,0.9381,pathogenic,CRB2,101.0
Q5IJ48,Q101G,0.5944,pathogenic,CRB2,101.0
Q5IJ48,Q101H,0.7105,pathogenic,CRB2,101.0
Q5IJ48,Q101I,0.8273,pathogenic,CRB2,101.0
Q5IJ48,Q101K,0.4202,ambiguous,CRB2,101.0
Q5IJ48,Q101L,0.4339,ambiguous,CRB2,101.0
Q5IJ48,Q101M,0.7736,pathogenic,CRB2,101.0
Q5IJ48,Q101N,0.8458,pathogenic,CRB2,101.0
Q5IJ48,Q101P,0.875,pathogenic,CRB2,101.0
Q5IJ48,Q101R,0.245,benign,CRB2,101.0
Q5IJ48,Q101S,0.4422,ambiguous,CRB2,101.0
Q5IJ48,Q101T,0.4457,ambiguous,CRB2,101.0
Q5IJ48,Q101V,0.6599,pathogenic,CRB2,101.0
Q5IJ48,Q101W,0.8677,pathogenic,CRB2,101.0
Q5IJ48,Q101Y,0.9132,pathogenic,CRB2,101.0
Q5IJ48,G102A,0.7493,pathogenic,CRB2,102.0
Q5IJ48,G102C,0.9871,pathogenic,CRB2,102.0
Q5IJ48,G102D,0.8143,pathogenic,CRB2,102.0
Q5IJ48,G102E,0.8956,pathogenic,CRB2,102.0
Q5IJ48,G102F,0.9719,pathogenic,CRB2,102.0
Q5IJ48,G102H,0.9714,pathogenic,CRB2,102.0
Q5IJ48,G102I,0.9635,pathogenic,CRB2,102.0
Q5IJ48,G102K,0.9731,pathogenic,CRB2,102.0
Q5IJ48,G102L,0.9344,pathogenic,CRB2,102.0
Q5IJ48,G102M,0.9728,pathogenic,CRB2,102.0
Q5IJ48,G102N,0.9252,pathogenic,CRB2,102.0
Q5IJ48,G102P,0.9856,pathogenic,CRB2,102.0
Q5IJ48,G102Q,0.9614,pathogenic,CRB2,102.0
Q5IJ48,G102R,0.959,pathogenic,CRB2,102.0
Q5IJ48,G102S,0.6576,pathogenic,CRB2,102.0
Q5IJ48,G102T,0.9176,pathogenic,CRB2,102.0
Q5IJ48,G102V,0.9263,pathogenic,CRB2,102.0
Q5IJ48,G102W,0.9518,pathogenic,CRB2,102.0
Q5IJ48,G102Y,0.9621,pathogenic,CRB2,102.0
Q5IJ48,P103A,0.0919,benign,CRB2,103.0
Q5IJ48,P103C,0.6925,pathogenic,CRB2,103.0
Q5IJ48,P103D,0.2766,benign,CRB2,103.0
Q5IJ48,P103E,0.1793,benign,CRB2,103.0
Q5IJ48,P103F,0.3305,benign,CRB2,103.0
Q5IJ48,P103G,0.2785,benign,CRB2,103.0
Q5IJ48,P103H,0.1488,benign,CRB2,103.0
Q5IJ48,P103I,0.2975,benign,CRB2,103.0
Q5IJ48,P103K,0.288,benign,CRB2,103.0
Q5IJ48,P103L,0.1021,benign,CRB2,103.0
Q5IJ48,P103M,0.3054,benign,CRB2,103.0
Q5IJ48,P103N,0.2956,benign,CRB2,103.0
Q5IJ48,P103Q,0.1262,benign,CRB2,103.0
Q5IJ48,P103R,0.1241,benign,CRB2,103.0
Q5IJ48,P103S,0.1015,benign,CRB2,103.0
Q5IJ48,P103T,0.1133,benign,CRB2,103.0
Q5IJ48,P103V,0.2064,benign,CRB2,103.0
Q5IJ48,P103W,0.3688,ambiguous,CRB2,103.0
Q5IJ48,P103Y,0.3524,ambiguous,CRB2,103.0
Q5IJ48,R104A,0.1449,benign,CRB2,104.0
Q5IJ48,R104C,0.1637,benign,CRB2,104.0
Q5IJ48,R104D,0.1902,benign,CRB2,104.0
Q5IJ48,R104E,0.161,benign,CRB2,104.0
Q5IJ48,R104F,0.2037,benign,CRB2,104.0
Q5IJ48,R104G,0.0966,benign,CRB2,104.0
Q5IJ48,R104H,0.0607,benign,CRB2,104.0
Q5IJ48,R104I,0.1965,benign,CRB2,104.0
Q5IJ48,R104K,0.1754,benign,CRB2,104.0
Q5IJ48,R104L,0.0875,benign,CRB2,104.0
Q5IJ48,R104M,0.2466,benign,CRB2,104.0
Q5IJ48,R104N,0.1806,benign,CRB2,104.0
Q5IJ48,R104P,0.3404,ambiguous,CRB2,104.0
Q5IJ48,R104Q,0.0763,benign,CRB2,104.0
Q5IJ48,R104S,0.1336,benign,CRB2,104.0
Q5IJ48,R104T,0.1252,benign,CRB2,104.0
Q5IJ48,R104V,0.1848,benign,CRB2,104.0
Q5IJ48,R104W,0.0923,benign,CRB2,104.0
Q5IJ48,R104Y,0.1379,benign,CRB2,104.0
Q5IJ48,C105A,0.9918,pathogenic,CRB2,105.0
Q5IJ48,C105D,0.9976,pathogenic,CRB2,105.0
Q5IJ48,C105E,0.9982,pathogenic,CRB2,105.0
Q5IJ48,C105F,0.9895,pathogenic,CRB2,105.0
Q5IJ48,C105G,0.927,pathogenic,CRB2,105.0
Q5IJ48,C105H,0.9973,pathogenic,CRB2,105.0
Q5IJ48,C105I,0.9977,pathogenic,CRB2,105.0
Q5IJ48,C105K,0.9993,pathogenic,CRB2,105.0
Q5IJ48,C105L,0.9867,pathogenic,CRB2,105.0
Q5IJ48,C105M,0.9971,pathogenic,CRB2,105.0
Q5IJ48,C105N,0.9978,pathogenic,CRB2,105.0
Q5IJ48,C105P,0.9971,pathogenic,CRB2,105.0
Q5IJ48,C105Q,0.9982,pathogenic,CRB2,105.0
Q5IJ48,C105R,0.9884,pathogenic,CRB2,105.0
Q5IJ48,C105S,0.9935,pathogenic,CRB2,105.0
Q5IJ48,C105T,0.997,pathogenic,CRB2,105.0
Q5IJ48,C105V,0.9937,pathogenic,CRB2,105.0
Q5IJ48,C105W,0.984,pathogenic,CRB2,105.0
Q5IJ48,C105Y,0.9895,pathogenic,CRB2,105.0
Q5IJ48,E106A,0.3045,benign,CRB2,106.0
Q5IJ48,E106C,0.9824,pathogenic,CRB2,106.0
Q5IJ48,E106D,0.2918,benign,CRB2,106.0
Q5IJ48,E106F,0.9055,pathogenic,CRB2,106.0
Q5IJ48,E106G,0.3578,ambiguous,CRB2,106.0
Q5IJ48,E106H,0.6572,pathogenic,CRB2,106.0
Q5IJ48,E106I,0.7997,pathogenic,CRB2,106.0
Q5IJ48,E106K,0.4436,ambiguous,CRB2,106.0
Q5IJ48,E106L,0.6942,pathogenic,CRB2,106.0
Q5IJ48,E106M,0.7314,pathogenic,CRB2,106.0
Q5IJ48,E106N,0.5771,pathogenic,CRB2,106.0
Q5IJ48,E106P,0.9441,pathogenic,CRB2,106.0
Q5IJ48,E106Q,0.196,benign,CRB2,106.0
Q5IJ48,E106R,0.4778,ambiguous,CRB2,106.0
Q5IJ48,E106S,0.3482,ambiguous,CRB2,106.0
Q5IJ48,E106T,0.4953,ambiguous,CRB2,106.0
Q5IJ48,E106V,0.5604,ambiguous,CRB2,106.0
Q5IJ48,E106W,0.9614,pathogenic,CRB2,106.0
Q5IJ48,E106Y,0.8727,pathogenic,CRB2,106.0
Q5IJ48,L107A,0.3792,ambiguous,CRB2,107.0
Q5IJ48,L107C,0.9083,pathogenic,CRB2,107.0
Q5IJ48,L107D,0.6848,pathogenic,CRB2,107.0
Q5IJ48,L107E,0.3062,benign,CRB2,107.0
Q5IJ48,L107F,0.2865,benign,CRB2,107.0
Q5IJ48,L107G,0.6719,pathogenic,CRB2,107.0
Q5IJ48,L107H,0.3481,ambiguous,CRB2,107.0
Q5IJ48,L107I,0.1475,benign,CRB2,107.0
Q5IJ48,L107K,0.309,benign,CRB2,107.0
Q5IJ48,L107M,0.1736,benign,CRB2,107.0
Q5IJ48,L107N,0.5502,ambiguous,CRB2,107.0
Q5IJ48,L107P,0.8731,pathogenic,CRB2,107.0
Q5IJ48,L107Q,0.1733,benign,CRB2,107.0
Q5IJ48,L107R,0.1625,benign,CRB2,107.0
Q5IJ48,L107S,0.5536,ambiguous,CRB2,107.0
Q5IJ48,L107T,0.3441,ambiguous,CRB2,107.0
Q5IJ48,L107V,0.1428,benign,CRB2,107.0
Q5IJ48,L107W,0.2632,benign,CRB2,107.0
Q5IJ48,L107Y,0.5234,ambiguous,CRB2,107.0
Q5IJ48,D108A,0.8449,pathogenic,CRB2,108.0
Q5IJ48,D108C,0.9967,pathogenic,CRB2,108.0
Q5IJ48,D108E,0.7977,pathogenic,CRB2,108.0
Q5IJ48,D108F,0.9841,pathogenic,CRB2,108.0
Q5IJ48,D108G,0.8268,pathogenic,CRB2,108.0
Q5IJ48,D108H,0.9145,pathogenic,CRB2,108.0
Q5IJ48,D108I,0.9776,pathogenic,CRB2,108.0
Q5IJ48,D108K,0.9767,pathogenic,CRB2,108.0
Q5IJ48,D108L,0.9296,pathogenic,CRB2,108.0
Q5IJ48,D108M,0.9913,pathogenic,CRB2,108.0
Q5IJ48,D108N,0.547,ambiguous,CRB2,108.0
Q5IJ48,D108P,0.9504,pathogenic,CRB2,108.0
Q5IJ48,D108Q,0.9465,pathogenic,CRB2,108.0
Q5IJ48,D108R,0.9524,pathogenic,CRB2,108.0
Q5IJ48,D108S,0.7361,pathogenic,CRB2,108.0
Q5IJ48,D108T,0.9372,pathogenic,CRB2,108.0
Q5IJ48,D108V,0.9128,pathogenic,CRB2,108.0
Q5IJ48,D108W,0.9955,pathogenic,CRB2,108.0
Q5IJ48,D108Y,0.9049,pathogenic,CRB2,108.0
Q5IJ48,I109A,0.844,pathogenic,CRB2,109.0
Q5IJ48,I109C,0.9975,pathogenic,CRB2,109.0
Q5IJ48,I109D,0.9747,pathogenic,CRB2,109.0
Q5IJ48,I109E,0.9302,pathogenic,CRB2,109.0
Q5IJ48,I109F,0.6681,pathogenic,CRB2,109.0
Q5IJ48,I109G,0.9751,pathogenic,CRB2,109.0
Q5IJ48,I109H,0.9583,pathogenic,CRB2,109.0
Q5IJ48,I109K,0.9041,pathogenic,CRB2,109.0
Q5IJ48,I109L,0.4226,ambiguous,CRB2,109.0
Q5IJ48,I109M,0.3988,ambiguous,CRB2,109.0
Q5IJ48,I109N,0.9076,pathogenic,CRB2,109.0
Q5IJ48,I109P,0.9667,pathogenic,CRB2,109.0
Q5IJ48,I109Q,0.9223,pathogenic,CRB2,109.0
Q5IJ48,I109R,0.8132,pathogenic,CRB2,109.0
Q5IJ48,I109S,0.8654,pathogenic,CRB2,109.0
Q5IJ48,I109T,0.675,pathogenic,CRB2,109.0
Q5IJ48,I109V,0.3222,benign,CRB2,109.0
Q5IJ48,I109W,0.9605,pathogenic,CRB2,109.0
Q5IJ48,I109Y,0.9472,pathogenic,CRB2,109.0
Q5IJ48,D110A,0.5311,ambiguous,CRB2,110.0
Q5IJ48,D110C,0.9718,pathogenic,CRB2,110.0
Q5IJ48,D110E,0.5748,pathogenic,CRB2,110.0
Q5IJ48,D110F,0.9318,pathogenic,CRB2,110.0
Q5IJ48,D110G,0.5735,pathogenic,CRB2,110.0
Q5IJ48,D110H,0.5835,pathogenic,CRB2,110.0
Q5IJ48,D110I,0.8615,pathogenic,CRB2,110.0
Q5IJ48,D110K,0.8458,pathogenic,CRB2,110.0
Q5IJ48,D110L,0.7514,pathogenic,CRB2,110.0
Q5IJ48,D110M,0.9218,pathogenic,CRB2,110.0
Q5IJ48,D110N,0.0979,benign,CRB2,110.0
Q5IJ48,D110P,0.8562,pathogenic,CRB2,110.0
Q5IJ48,D110Q,0.7207,pathogenic,CRB2,110.0
Q5IJ48,D110R,0.7499,pathogenic,CRB2,110.0
Q5IJ48,D110S,0.2492,benign,CRB2,110.0
Q5IJ48,D110T,0.6402,pathogenic,CRB2,110.0
Q5IJ48,D110V,0.7121,pathogenic,CRB2,110.0
Q5IJ48,D110W,0.9749,pathogenic,CRB2,110.0
Q5IJ48,D110Y,0.7195,pathogenic,CRB2,110.0
Q5IJ48,E111A,0.8188,pathogenic,CRB2,111.0
Q5IJ48,E111C,0.9983,pathogenic,CRB2,111.0
Q5IJ48,E111D,0.906,pathogenic,CRB2,111.0
Q5IJ48,E111F,0.9957,pathogenic,CRB2,111.0
Q5IJ48,E111G,0.8873,pathogenic,CRB2,111.0
Q5IJ48,E111H,0.9676,pathogenic,CRB2,111.0
Q5IJ48,E111I,0.9779,pathogenic,CRB2,111.0
Q5IJ48,E111K,0.8407,pathogenic,CRB2,111.0
Q5IJ48,E111L,0.9784,pathogenic,CRB2,111.0
Q5IJ48,E111M,0.9851,pathogenic,CRB2,111.0
Q5IJ48,E111N,0.9727,pathogenic,CRB2,111.0
Q5IJ48,E111P,0.9772,pathogenic,CRB2,111.0
Q5IJ48,E111Q,0.7638,pathogenic,CRB2,111.0
Q5IJ48,E111R,0.8639,pathogenic,CRB2,111.0
Q5IJ48,E111S,0.914,pathogenic,CRB2,111.0
Q5IJ48,E111T,0.9498,pathogenic,CRB2,111.0
Q5IJ48,E111V,0.9454,pathogenic,CRB2,111.0
Q5IJ48,E111W,0.9978,pathogenic,CRB2,111.0
Q5IJ48,E111Y,0.99,pathogenic,CRB2,111.0
Q5IJ48,C112A,0.9902,pathogenic,CRB2,112.0
Q5IJ48,C112D,0.9968,pathogenic,CRB2,112.0
Q5IJ48,C112E,0.9978,pathogenic,CRB2,112.0
Q5IJ48,C112F,0.9836,pathogenic,CRB2,112.0
Q5IJ48,C112G,0.9463,pathogenic,CRB2,112.0
Q5IJ48,C112H,0.997,pathogenic,CRB2,112.0
Q5IJ48,C112I,0.9957,pathogenic,CRB2,112.0
Q5IJ48,C112K,0.9992,pathogenic,CRB2,112.0
Q5IJ48,C112L,0.9817,pathogenic,CRB2,112.0
Q5IJ48,C112M,0.9954,pathogenic,CRB2,112.0
Q5IJ48,C112N,0.9972,pathogenic,CRB2,112.0
Q5IJ48,C112P,0.9966,pathogenic,CRB2,112.0
Q5IJ48,C112Q,0.9985,pathogenic,CRB2,112.0
Q5IJ48,C112R,0.9892,pathogenic,CRB2,112.0
Q5IJ48,C112S,0.9956,pathogenic,CRB2,112.0
Q5IJ48,C112T,0.9965,pathogenic,CRB2,112.0
Q5IJ48,C112V,0.9891,pathogenic,CRB2,112.0
Q5IJ48,C112W,0.9832,pathogenic,CRB2,112.0
Q5IJ48,C112Y,0.9846,pathogenic,CRB2,112.0
Q5IJ48,A113C,0.9241,pathogenic,CRB2,113.0
Q5IJ48,A113D,0.5617,ambiguous,CRB2,113.0
Q5IJ48,A113E,0.4992,ambiguous,CRB2,113.0
Q5IJ48,A113F,0.4923,ambiguous,CRB2,113.0
Q5IJ48,A113G,0.2944,benign,CRB2,113.0
Q5IJ48,A113H,0.6691,pathogenic,CRB2,113.0
Q5IJ48,A113I,0.4443,ambiguous,CRB2,113.0
Q5IJ48,A113K,0.7325,pathogenic,CRB2,113.0
Q5IJ48,A113L,0.2507,benign,CRB2,113.0
Q5IJ48,A113M,0.4694,ambiguous,CRB2,113.0
Q5IJ48,A113N,0.5685,pathogenic,CRB2,113.0
Q5IJ48,A113P,0.79,pathogenic,CRB2,113.0
Q5IJ48,A113Q,0.4879,ambiguous,CRB2,113.0
Q5IJ48,A113R,0.447,ambiguous,CRB2,113.0
Q5IJ48,A113S,0.146,benign,CRB2,113.0
Q5IJ48,A113T,0.1874,benign,CRB2,113.0
Q5IJ48,A113V,0.2138,benign,CRB2,113.0
Q5IJ48,A113W,0.8723,pathogenic,CRB2,113.0
Q5IJ48,A113Y,0.7646,pathogenic,CRB2,113.0
Q5IJ48,S114A,0.3234,benign,CRB2,114.0
Q5IJ48,S114C,0.9284,pathogenic,CRB2,114.0
Q5IJ48,S114D,0.9249,pathogenic,CRB2,114.0
Q5IJ48,S114E,0.9416,pathogenic,CRB2,114.0
Q5IJ48,S114F,0.8027,pathogenic,CRB2,114.0
Q5IJ48,S114G,0.3593,ambiguous,CRB2,114.0
Q5IJ48,S114H,0.9093,pathogenic,CRB2,114.0
Q5IJ48,S114I,0.8508,pathogenic,CRB2,114.0
Q5IJ48,S114K,0.9903,pathogenic,CRB2,114.0
Q5IJ48,S114L,0.5641,pathogenic,CRB2,114.0
Q5IJ48,S114M,0.8501,pathogenic,CRB2,114.0
Q5IJ48,S114N,0.8354,pathogenic,CRB2,114.0
Q5IJ48,S114P,0.8042,pathogenic,CRB2,114.0
Q5IJ48,S114Q,0.9263,pathogenic,CRB2,114.0
Q5IJ48,S114R,0.9653,pathogenic,CRB2,114.0
Q5IJ48,S114T,0.4287,ambiguous,CRB2,114.0
Q5IJ48,S114V,0.8001,pathogenic,CRB2,114.0
Q5IJ48,S114W,0.8202,pathogenic,CRB2,114.0
Q5IJ48,S114Y,0.8498,pathogenic,CRB2,114.0
Q5IJ48,R115A,0.2224,benign,CRB2,115.0
Q5IJ48,R115C,0.3655,ambiguous,CRB2,115.0
Q5IJ48,R115D,0.4155,ambiguous,CRB2,115.0
Q5IJ48,R115E,0.2008,benign,CRB2,115.0
Q5IJ48,R115F,0.383,ambiguous,CRB2,115.0
Q5IJ48,R115G,0.1346,benign,CRB2,115.0
Q5IJ48,R115H,0.0921,benign,CRB2,115.0
Q5IJ48,R115I,0.3012,benign,CRB2,115.0
Q5IJ48,R115K,0.1696,benign,CRB2,115.0
Q5IJ48,R115L,0.1241,benign,CRB2,115.0
Q5IJ48,R115M,0.2977,benign,CRB2,115.0
Q5IJ48,R115N,0.4014,ambiguous,CRB2,115.0
Q5IJ48,R115P,0.5059,ambiguous,CRB2,115.0
Q5IJ48,R115Q,0.0701,benign,CRB2,115.0
Q5IJ48,R115S,0.239,benign,CRB2,115.0
Q5IJ48,R115T,0.1988,benign,CRB2,115.0
Q5IJ48,R115V,0.2832,benign,CRB2,115.0
Q5IJ48,R115W,0.1141,benign,CRB2,115.0
Q5IJ48,R115Y,0.3195,benign,CRB2,115.0
Q5IJ48,P116A,0.6106,pathogenic,CRB2,116.0
Q5IJ48,P116C,0.9911,pathogenic,CRB2,116.0
Q5IJ48,P116D,0.9717,pathogenic,CRB2,116.0
Q5IJ48,P116E,0.9337,pathogenic,CRB2,116.0
Q5IJ48,P116F,0.967,pathogenic,CRB2,116.0
Q5IJ48,P116G,0.9221,pathogenic,CRB2,116.0
Q5IJ48,P116H,0.8752,pathogenic,CRB2,116.0
Q5IJ48,P116I,0.8929,pathogenic,CRB2,116.0
Q5IJ48,P116K,0.9478,pathogenic,CRB2,116.0
Q5IJ48,P116L,0.684,pathogenic,CRB2,116.0
Q5IJ48,P116M,0.9518,pathogenic,CRB2,116.0
Q5IJ48,P116N,0.9676,pathogenic,CRB2,116.0
Q5IJ48,P116Q,0.854,pathogenic,CRB2,116.0
Q5IJ48,P116R,0.7705,pathogenic,CRB2,116.0
Q5IJ48,P116S,0.8252,pathogenic,CRB2,116.0
Q5IJ48,P116T,0.7743,pathogenic,CRB2,116.0
Q5IJ48,P116V,0.8088,pathogenic,CRB2,116.0
Q5IJ48,P116W,0.9768,pathogenic,CRB2,116.0
Q5IJ48,P116Y,0.9658,pathogenic,CRB2,116.0
Q5IJ48,C117A,0.9826,pathogenic,CRB2,117.0
Q5IJ48,C117D,0.9972,pathogenic,CRB2,117.0
Q5IJ48,C117E,0.9979,pathogenic,CRB2,117.0
Q5IJ48,C117F,0.9618,pathogenic,CRB2,117.0
Q5IJ48,C117G,0.9141,pathogenic,CRB2,117.0
Q5IJ48,C117H,0.9934,pathogenic,CRB2,117.0
Q5IJ48,C117I,0.9924,pathogenic,CRB2,117.0
Q5IJ48,C117K,0.9989,pathogenic,CRB2,117.0
Q5IJ48,C117L,0.9572,pathogenic,CRB2,117.0
Q5IJ48,C117M,0.9954,pathogenic,CRB2,117.0
Q5IJ48,C117N,0.9969,pathogenic,CRB2,117.0
Q5IJ48,C117P,0.985,pathogenic,CRB2,117.0
Q5IJ48,C117Q,0.9968,pathogenic,CRB2,117.0
Q5IJ48,C117R,0.9719,pathogenic,CRB2,117.0
Q5IJ48,C117S,0.9842,pathogenic,CRB2,117.0
Q5IJ48,C117T,0.9951,pathogenic,CRB2,117.0
Q5IJ48,C117V,0.9814,pathogenic,CRB2,117.0
Q5IJ48,C117W,0.9747,pathogenic,CRB2,117.0
Q5IJ48,C117Y,0.9827,pathogenic,CRB2,117.0
Q5IJ48,H118A,0.1576,benign,CRB2,118.0
Q5IJ48,H118C,0.3092,benign,CRB2,118.0
Q5IJ48,H118D,0.1564,benign,CRB2,118.0
Q5IJ48,H118E,0.157,benign,CRB2,118.0
Q5IJ48,H118F,0.1985,benign,CRB2,118.0
Q5IJ48,H118G,0.1701,benign,CRB2,118.0
Q5IJ48,H118I,0.2239,benign,CRB2,118.0
Q5IJ48,H118K,0.1966,benign,CRB2,118.0
Q5IJ48,H118L,0.0702,benign,CRB2,118.0
Q5IJ48,H118M,0.3977,ambiguous,CRB2,118.0
Q5IJ48,H118N,0.1189,benign,CRB2,118.0
Q5IJ48,H118P,0.1867,benign,CRB2,118.0
Q5IJ48,H118Q,0.1014,benign,CRB2,118.0
Q5IJ48,H118R,0.0598,benign,CRB2,118.0
Q5IJ48,H118S,0.1384,benign,CRB2,118.0
Q5IJ48,H118T,0.2027,benign,CRB2,118.0
Q5IJ48,H118V,0.1747,benign,CRB2,118.0
Q5IJ48,H118W,0.2022,benign,CRB2,118.0
Q5IJ48,H118Y,0.094,benign,CRB2,118.0
Q5IJ48,H119A,0.4369,ambiguous,CRB2,119.0
Q5IJ48,H119C,0.6368,pathogenic,CRB2,119.0
Q5IJ48,H119D,0.3104,benign,CRB2,119.0
Q5IJ48,H119E,0.4085,ambiguous,CRB2,119.0
Q5IJ48,H119F,0.4377,ambiguous,CRB2,119.0
Q5IJ48,H119G,0.3187,benign,CRB2,119.0
Q5IJ48,H119I,0.7484,pathogenic,CRB2,119.0
Q5IJ48,H119K,0.4806,ambiguous,CRB2,119.0
Q5IJ48,H119L,0.2378,benign,CRB2,119.0
Q5IJ48,H119M,0.7751,pathogenic,CRB2,119.0
Q5IJ48,H119N,0.1176,benign,CRB2,119.0
Q5IJ48,H119P,0.3786,ambiguous,CRB2,119.0
Q5IJ48,H119Q,0.2992,benign,CRB2,119.0
Q5IJ48,H119R,0.1342,benign,CRB2,119.0
Q5IJ48,H119S,0.3056,benign,CRB2,119.0
Q5IJ48,H119T,0.5731,pathogenic,CRB2,119.0
Q5IJ48,H119V,0.6232,pathogenic,CRB2,119.0
Q5IJ48,H119W,0.4596,ambiguous,CRB2,119.0
Q5IJ48,H119Y,0.1621,benign,CRB2,119.0
Q5IJ48,G120A,0.1787,benign,CRB2,120.0
Q5IJ48,G120C,0.7169,pathogenic,CRB2,120.0
Q5IJ48,G120D,0.1577,benign,CRB2,120.0
Q5IJ48,G120E,0.1889,benign,CRB2,120.0
Q5IJ48,G120F,0.6553,pathogenic,CRB2,120.0
Q5IJ48,G120H,0.2799,benign,CRB2,120.0
Q5IJ48,G120I,0.6457,pathogenic,CRB2,120.0
Q5IJ48,G120K,0.4069,ambiguous,CRB2,120.0
Q5IJ48,G120L,0.4785,ambiguous,CRB2,120.0
Q5IJ48,G120M,0.6637,pathogenic,CRB2,120.0
Q5IJ48,G120N,0.2605,benign,CRB2,120.0
Q5IJ48,G120P,0.8753,pathogenic,CRB2,120.0
Q5IJ48,G120Q,0.2376,benign,CRB2,120.0
Q5IJ48,G120R,0.1989,benign,CRB2,120.0
Q5IJ48,G120S,0.1176,benign,CRB2,120.0
Q5IJ48,G120T,0.3079,benign,CRB2,120.0
Q5IJ48,G120V,0.4512,ambiguous,CRB2,120.0
Q5IJ48,G120W,0.4503,ambiguous,CRB2,120.0
Q5IJ48,G120Y,0.5386,ambiguous,CRB2,120.0
Q5IJ48,A121C,0.9359,pathogenic,CRB2,121.0
Q5IJ48,A121D,0.8531,pathogenic,CRB2,121.0
Q5IJ48,A121E,0.8885,pathogenic,CRB2,121.0
Q5IJ48,A121F,0.8846,pathogenic,CRB2,121.0
Q5IJ48,A121G,0.0988,benign,CRB2,121.0
Q5IJ48,A121H,0.932,pathogenic,CRB2,121.0
Q5IJ48,A121I,0.9284,pathogenic,CRB2,121.0
Q5IJ48,A121K,0.9605,pathogenic,CRB2,121.0
Q5IJ48,A121L,0.7729,pathogenic,CRB2,121.0
Q5IJ48,A121M,0.8375,pathogenic,CRB2,121.0
Q5IJ48,A121N,0.8572,pathogenic,CRB2,121.0
Q5IJ48,A121P,0.8587,pathogenic,CRB2,121.0
Q5IJ48,A121Q,0.8663,pathogenic,CRB2,121.0
Q5IJ48,A121R,0.8657,pathogenic,CRB2,121.0
Q5IJ48,A121S,0.1427,benign,CRB2,121.0
Q5IJ48,A121T,0.5023,ambiguous,CRB2,121.0
Q5IJ48,A121V,0.7166,pathogenic,CRB2,121.0
Q5IJ48,A121W,0.9763,pathogenic,CRB2,121.0
Q5IJ48,A121Y,0.9497,pathogenic,CRB2,121.0
Q5IJ48,T122A,0.0834,benign,CRB2,122.0
Q5IJ48,T122C,0.7827,pathogenic,CRB2,122.0
Q5IJ48,T122D,0.3277,benign,CRB2,122.0
Q5IJ48,T122E,0.2727,benign,CRB2,122.0
Q5IJ48,T122F,0.2072,benign,CRB2,122.0
Q5IJ48,T122G,0.223,benign,CRB2,122.0
Q5IJ48,T122H,0.252,benign,CRB2,122.0
Q5IJ48,T122I,0.165,benign,CRB2,122.0
Q5IJ48,T122K,0.2576,benign,CRB2,122.0
Q5IJ48,T122L,0.1004,benign,CRB2,122.0
Q5IJ48,T122M,0.128,benign,CRB2,122.0
Q5IJ48,T122N,0.164,benign,CRB2,122.0
Q5IJ48,T122P,0.1499,benign,CRB2,122.0
Q5IJ48,T122Q,0.2186,benign,CRB2,122.0
Q5IJ48,T122R,0.1559,benign,CRB2,122.0
Q5IJ48,T122S,0.1026,benign,CRB2,122.0
Q5IJ48,T122V,0.1406,benign,CRB2,122.0
Q5IJ48,T122W,0.4841,ambiguous,CRB2,122.0
Q5IJ48,T122Y,0.3515,ambiguous,CRB2,122.0
Q5IJ48,C123A,0.9873,pathogenic,CRB2,123.0
Q5IJ48,C123D,0.9987,pathogenic,CRB2,123.0
Q5IJ48,C123E,0.9987,pathogenic,CRB2,123.0
Q5IJ48,C123F,0.9756,pathogenic,CRB2,123.0
Q5IJ48,C123G,0.944,pathogenic,CRB2,123.0
Q5IJ48,C123H,0.9961,pathogenic,CRB2,123.0
Q5IJ48,C123I,0.9935,pathogenic,CRB2,123.0
Q5IJ48,C123K,0.9994,pathogenic,CRB2,123.0
Q5IJ48,C123L,0.9724,pathogenic,CRB2,123.0
Q5IJ48,C123M,0.9966,pathogenic,CRB2,123.0
Q5IJ48,C123N,0.9982,pathogenic,CRB2,123.0
Q5IJ48,C123P,0.9905,pathogenic,CRB2,123.0
Q5IJ48,C123Q,0.998,pathogenic,CRB2,123.0
Q5IJ48,C123R,0.9839,pathogenic,CRB2,123.0
Q5IJ48,C123S,0.9899,pathogenic,CRB2,123.0
Q5IJ48,C123T,0.9959,pathogenic,CRB2,123.0
Q5IJ48,C123V,0.9832,pathogenic,CRB2,123.0
Q5IJ48,C123W,0.9825,pathogenic,CRB2,123.0
Q5IJ48,C123Y,0.9872,pathogenic,CRB2,123.0
Q5IJ48,R124A,0.1971,benign,CRB2,124.0
Q5IJ48,R124C,0.2325,benign,CRB2,124.0
Q5IJ48,R124D,0.2674,benign,CRB2,124.0
Q5IJ48,R124E,0.1877,benign,CRB2,124.0
Q5IJ48,R124F,0.2831,benign,CRB2,124.0
Q5IJ48,R124G,0.1516,benign,CRB2,124.0
Q5IJ48,R124H,0.0665,benign,CRB2,124.0
Q5IJ48,R124I,0.188,benign,CRB2,124.0
Q5IJ48,R124K,0.2052,benign,CRB2,124.0
Q5IJ48,R124L,0.0978,benign,CRB2,124.0
Q5IJ48,R124M,0.3204,benign,CRB2,124.0
Q5IJ48,R124N,0.2675,benign,CRB2,124.0
Q5IJ48,R124P,0.6659,pathogenic,CRB2,124.0
Q5IJ48,R124Q,0.0792,benign,CRB2,124.0
Q5IJ48,R124S,0.1867,benign,CRB2,124.0
Q5IJ48,R124T,0.1548,benign,CRB2,124.0
Q5IJ48,R124V,0.1888,benign,CRB2,124.0
Q5IJ48,R124W,0.1179,benign,CRB2,124.0
Q5IJ48,R124Y,0.1922,benign,CRB2,124.0
Q5IJ48,N125A,0.9273,pathogenic,CRB2,125.0
Q5IJ48,N125C,0.9926,pathogenic,CRB2,125.0
Q5IJ48,N125D,0.4127,ambiguous,CRB2,125.0
Q5IJ48,N125E,0.8933,pathogenic,CRB2,125.0
Q5IJ48,N125F,0.9865,pathogenic,CRB2,125.0
Q5IJ48,N125G,0.9129,pathogenic,CRB2,125.0
Q5IJ48,N125H,0.6474,pathogenic,CRB2,125.0
Q5IJ48,N125I,0.9341,pathogenic,CRB2,125.0
Q5IJ48,N125K,0.9595,pathogenic,CRB2,125.0
Q5IJ48,N125L,0.9089,pathogenic,CRB2,125.0
Q5IJ48,N125M,0.9587,pathogenic,CRB2,125.0
Q5IJ48,N125P,0.877,pathogenic,CRB2,125.0
Q5IJ48,N125Q,0.9265,pathogenic,CRB2,125.0
Q5IJ48,N125R,0.9532,pathogenic,CRB2,125.0
Q5IJ48,N125S,0.4336,ambiguous,CRB2,125.0
Q5IJ48,N125T,0.8505,pathogenic,CRB2,125.0
Q5IJ48,N125V,0.9385,pathogenic,CRB2,125.0
Q5IJ48,N125W,0.9925,pathogenic,CRB2,125.0
Q5IJ48,N125Y,0.8744,pathogenic,CRB2,125.0
Q5IJ48,L126A,0.1893,benign,CRB2,126.0
Q5IJ48,L126C,0.8036,pathogenic,CRB2,126.0
Q5IJ48,L126D,0.5586,ambiguous,CRB2,126.0
Q5IJ48,L126E,0.1657,benign,CRB2,126.0
Q5IJ48,L126F,0.1744,benign,CRB2,126.0
Q5IJ48,L126G,0.293,benign,CRB2,126.0
Q5IJ48,L126H,0.1983,benign,CRB2,126.0
Q5IJ48,L126I,0.1947,benign,CRB2,126.0
Q5IJ48,L126K,0.1917,benign,CRB2,126.0
Q5IJ48,L126M,0.1735,benign,CRB2,126.0
Q5IJ48,L126N,0.4524,ambiguous,CRB2,126.0
Q5IJ48,L126P,0.6419,pathogenic,CRB2,126.0
Q5IJ48,L126Q,0.09,benign,CRB2,126.0
Q5IJ48,L126R,0.0768,benign,CRB2,126.0
Q5IJ48,L126S,0.2823,benign,CRB2,126.0
Q5IJ48,L126T,0.2327,benign,CRB2,126.0
Q5IJ48,L126V,0.1207,benign,CRB2,126.0
Q5IJ48,L126W,0.2427,benign,CRB2,126.0
Q5IJ48,L126Y,0.4505,ambiguous,CRB2,126.0
Q5IJ48,A127C,0.88,pathogenic,CRB2,127.0
Q5IJ48,A127D,0.3286,benign,CRB2,127.0
Q5IJ48,A127E,0.2254,benign,CRB2,127.0
Q5IJ48,A127F,0.4489,ambiguous,CRB2,127.0
Q5IJ48,A127G,0.1873,benign,CRB2,127.0
Q5IJ48,A127H,0.5486,ambiguous,CRB2,127.0
Q5IJ48,A127I,0.3288,benign,CRB2,127.0
Q5IJ48,A127K,0.4558,ambiguous,CRB2,127.0
Q5IJ48,A127L,0.2108,benign,CRB2,127.0
Q5IJ48,A127M,0.3002,benign,CRB2,127.0
Q5IJ48,A127N,0.4098,ambiguous,CRB2,127.0
Q5IJ48,A127P,0.1553,benign,CRB2,127.0
Q5IJ48,A127Q,0.3243,benign,CRB2,127.0
Q5IJ48,A127R,0.3026,benign,CRB2,127.0
Q5IJ48,A127S,0.1263,benign,CRB2,127.0
Q5IJ48,A127T,0.1266,benign,CRB2,127.0
Q5IJ48,A127V,0.145,benign,CRB2,127.0
Q5IJ48,A127W,0.7368,pathogenic,CRB2,127.0
Q5IJ48,A127Y,0.6548,pathogenic,CRB2,127.0
Q5IJ48,D128A,0.5721,pathogenic,CRB2,128.0
Q5IJ48,D128C,0.9878,pathogenic,CRB2,128.0
Q5IJ48,D128E,0.7111,pathogenic,CRB2,128.0
Q5IJ48,D128F,0.9182,pathogenic,CRB2,128.0
Q5IJ48,D128G,0.3993,ambiguous,CRB2,128.0
Q5IJ48,D128H,0.7203,pathogenic,CRB2,128.0
Q5IJ48,D128I,0.9548,pathogenic,CRB2,128.0
Q5IJ48,D128K,0.9071,pathogenic,CRB2,128.0
Q5IJ48,D128L,0.8287,pathogenic,CRB2,128.0
Q5IJ48,D128M,0.969,pathogenic,CRB2,128.0
Q5IJ48,D128N,0.2466,benign,CRB2,128.0
Q5IJ48,D128P,0.9528,pathogenic,CRB2,128.0
Q5IJ48,D128Q,0.8101,pathogenic,CRB2,128.0
Q5IJ48,D128R,0.8204,pathogenic,CRB2,128.0
Q5IJ48,D128S,0.3362,benign,CRB2,128.0
Q5IJ48,D128T,0.818,pathogenic,CRB2,128.0
Q5IJ48,D128V,0.8559,pathogenic,CRB2,128.0
Q5IJ48,D128W,0.9789,pathogenic,CRB2,128.0
Q5IJ48,D128Y,0.6906,pathogenic,CRB2,128.0
Q5IJ48,R129A,0.1839,benign,CRB2,129.0
Q5IJ48,R129C,0.2717,benign,CRB2,129.0
Q5IJ48,R129D,0.2752,benign,CRB2,129.0
Q5IJ48,R129E,0.2298,benign,CRB2,129.0
Q5IJ48,R129F,0.3411,ambiguous,CRB2,129.0
Q5IJ48,R129G,0.0875,benign,CRB2,129.0
Q5IJ48,R129H,0.0662,benign,CRB2,129.0
Q5IJ48,R129I,0.2997,benign,CRB2,129.0
Q5IJ48,R129K,0.2287,benign,CRB2,129.0
Q5IJ48,R129L,0.1425,benign,CRB2,129.0
Q5IJ48,R129M,0.3727,ambiguous,CRB2,129.0
Q5IJ48,R129N,0.2801,benign,CRB2,129.0
Q5IJ48,R129P,0.8032,pathogenic,CRB2,129.0
Q5IJ48,R129Q,0.0919,benign,CRB2,129.0
Q5IJ48,R129S,0.1709,benign,CRB2,129.0
Q5IJ48,R129T,0.1583,benign,CRB2,129.0
Q5IJ48,R129V,0.2984,benign,CRB2,129.0
Q5IJ48,R129W,0.1627,benign,CRB2,129.0
Q5IJ48,R129Y,0.2489,benign,CRB2,129.0
Q5IJ48,Y130A,0.8917,pathogenic,CRB2,130.0
Q5IJ48,Y130C,0.8956,pathogenic,CRB2,130.0
Q5IJ48,Y130D,0.8936,pathogenic,CRB2,130.0
Q5IJ48,Y130E,0.9577,pathogenic,CRB2,130.0
Q5IJ48,Y130F,0.066,benign,CRB2,130.0
Q5IJ48,Y130G,0.8847,pathogenic,CRB2,130.0
Q5IJ48,Y130H,0.5995,pathogenic,CRB2,130.0
Q5IJ48,Y130I,0.8711,pathogenic,CRB2,130.0
Q5IJ48,Y130K,0.9653,pathogenic,CRB2,130.0
Q5IJ48,Y130L,0.842,pathogenic,CRB2,130.0
Q5IJ48,Y130M,0.901,pathogenic,CRB2,130.0
Q5IJ48,Y130N,0.8022,pathogenic,CRB2,130.0
Q5IJ48,Y130P,0.9572,pathogenic,CRB2,130.0
Q5IJ48,Y130Q,0.9158,pathogenic,CRB2,130.0
Q5IJ48,Y130R,0.8957,pathogenic,CRB2,130.0
Q5IJ48,Y130S,0.7477,pathogenic,CRB2,130.0
Q5IJ48,Y130T,0.9032,pathogenic,CRB2,130.0
Q5IJ48,Y130V,0.7627,pathogenic,CRB2,130.0
Q5IJ48,Y130W,0.4628,ambiguous,CRB2,130.0
Q5IJ48,E131A,0.1257,benign,CRB2,131.0
Q5IJ48,E131C,0.9276,pathogenic,CRB2,131.0
Q5IJ48,E131D,0.2251,benign,CRB2,131.0
Q5IJ48,E131F,0.6753,pathogenic,CRB2,131.0
Q5IJ48,E131G,0.2637,benign,CRB2,131.0
Q5IJ48,E131H,0.3345,benign,CRB2,131.0
Q5IJ48,E131I,0.3249,benign,CRB2,131.0
Q5IJ48,E131K,0.1795,benign,CRB2,131.0
Q5IJ48,E131L,0.2762,benign,CRB2,131.0
Q5IJ48,E131M,0.452,ambiguous,CRB2,131.0
Q5IJ48,E131N,0.4132,ambiguous,CRB2,131.0
Q5IJ48,E131P,0.9319,pathogenic,CRB2,131.0
Q5IJ48,E131Q,0.092,benign,CRB2,131.0
Q5IJ48,E131R,0.1605,benign,CRB2,131.0
Q5IJ48,E131S,0.2063,benign,CRB2,131.0
Q5IJ48,E131T,0.199,benign,CRB2,131.0
Q5IJ48,E131V,0.1793,benign,CRB2,131.0
Q5IJ48,E131W,0.8282,pathogenic,CRB2,131.0
Q5IJ48,E131Y,0.6494,pathogenic,CRB2,131.0
Q5IJ48,C132A,0.9775,pathogenic,CRB2,132.0
Q5IJ48,C132D,0.9939,pathogenic,CRB2,132.0
Q5IJ48,C132E,0.9956,pathogenic,CRB2,132.0
Q5IJ48,C132F,0.9558,pathogenic,CRB2,132.0
Q5IJ48,C132G,0.8636,pathogenic,CRB2,132.0
Q5IJ48,C132H,0.992,pathogenic,CRB2,132.0
Q5IJ48,C132I,0.9802,pathogenic,CRB2,132.0
Q5IJ48,C132K,0.9981,pathogenic,CRB2,132.0
Q5IJ48,C132L,0.9526,pathogenic,CRB2,132.0
Q5IJ48,C132M,0.9897,pathogenic,CRB2,132.0
Q5IJ48,C132N,0.991,pathogenic,CRB2,132.0
Q5IJ48,C132P,0.9887,pathogenic,CRB2,132.0
Q5IJ48,C132Q,0.9955,pathogenic,CRB2,132.0
Q5IJ48,C132R,0.9746,pathogenic,CRB2,132.0
Q5IJ48,C132S,0.9836,pathogenic,CRB2,132.0
Q5IJ48,C132T,0.9904,pathogenic,CRB2,132.0
Q5IJ48,C132V,0.9629,pathogenic,CRB2,132.0
Q5IJ48,C132W,0.9716,pathogenic,CRB2,132.0
Q5IJ48,C132Y,0.9592,pathogenic,CRB2,132.0
Q5IJ48,H133A,0.1092,benign,CRB2,133.0
Q5IJ48,H133C,0.2942,benign,CRB2,133.0
Q5IJ48,H133D,0.0868,benign,CRB2,133.0
Q5IJ48,H133E,0.1178,benign,CRB2,133.0
Q5IJ48,H133F,0.1736,benign,CRB2,133.0
Q5IJ48,H133G,0.1435,benign,CRB2,133.0
Q5IJ48,H133I,0.1682,benign,CRB2,133.0
Q5IJ48,H133K,0.223,benign,CRB2,133.0
Q5IJ48,H133L,0.0618,benign,CRB2,133.0
Q5IJ48,H133M,0.3643,ambiguous,CRB2,133.0
Q5IJ48,H133N,0.0908,benign,CRB2,133.0
Q5IJ48,H133P,0.174,benign,CRB2,133.0
Q5IJ48,H133Q,0.0912,benign,CRB2,133.0
Q5IJ48,H133R,0.0565,benign,CRB2,133.0
Q5IJ48,H133S,0.095,benign,CRB2,133.0
Q5IJ48,H133T,0.1326,benign,CRB2,133.0
Q5IJ48,H133V,0.1206,benign,CRB2,133.0
Q5IJ48,H133W,0.1839,benign,CRB2,133.0
Q5IJ48,H133Y,0.0946,benign,CRB2,133.0
Q5IJ48,C134A,0.9591,pathogenic,CRB2,134.0
Q5IJ48,C134D,0.9917,pathogenic,CRB2,134.0
Q5IJ48,C134E,0.9942,pathogenic,CRB2,134.0
Q5IJ48,C134F,0.9201,pathogenic,CRB2,134.0
Q5IJ48,C134G,0.8293,pathogenic,CRB2,134.0
Q5IJ48,C134H,0.9795,pathogenic,CRB2,134.0
Q5IJ48,C134I,0.9799,pathogenic,CRB2,134.0
Q5IJ48,C134K,0.9973,pathogenic,CRB2,134.0
Q5IJ48,C134L,0.9093,pathogenic,CRB2,134.0
Q5IJ48,C134M,0.9898,pathogenic,CRB2,134.0
Q5IJ48,C134N,0.9893,pathogenic,CRB2,134.0
Q5IJ48,C134P,0.9384,pathogenic,CRB2,134.0
Q5IJ48,C134Q,0.9897,pathogenic,CRB2,134.0
Q5IJ48,C134R,0.954,pathogenic,CRB2,134.0
Q5IJ48,C134S,0.9519,pathogenic,CRB2,134.0
Q5IJ48,C134T,0.9845,pathogenic,CRB2,134.0
Q5IJ48,C134V,0.9616,pathogenic,CRB2,134.0
Q5IJ48,C134W,0.962,pathogenic,CRB2,134.0
Q5IJ48,C134Y,0.961,pathogenic,CRB2,134.0
Q5IJ48,P135A,0.0844,benign,CRB2,135.0
Q5IJ48,P135C,0.7337,pathogenic,CRB2,135.0
Q5IJ48,P135D,0.4315,ambiguous,CRB2,135.0
Q5IJ48,P135E,0.2663,benign,CRB2,135.0
Q5IJ48,P135F,0.4164,ambiguous,CRB2,135.0
Q5IJ48,P135G,0.256,benign,CRB2,135.0
Q5IJ48,P135H,0.216,benign,CRB2,135.0
Q5IJ48,P135I,0.2982,benign,CRB2,135.0
Q5IJ48,P135K,0.3968,ambiguous,CRB2,135.0
Q5IJ48,P135L,0.088,benign,CRB2,135.0
Q5IJ48,P135M,0.3451,ambiguous,CRB2,135.0
Q5IJ48,P135N,0.4022,ambiguous,CRB2,135.0
Q5IJ48,P135Q,0.1651,benign,CRB2,135.0
Q5IJ48,P135R,0.1359,benign,CRB2,135.0
Q5IJ48,P135S,0.1093,benign,CRB2,135.0
Q5IJ48,P135T,0.1052,benign,CRB2,135.0
Q5IJ48,P135V,0.173,benign,CRB2,135.0
Q5IJ48,P135W,0.4882,ambiguous,CRB2,135.0
Q5IJ48,P135Y,0.5047,ambiguous,CRB2,135.0
Q5IJ48,L136A,0.0831,benign,CRB2,136.0
Q5IJ48,L136C,0.6253,pathogenic,CRB2,136.0
Q5IJ48,L136D,0.272,benign,CRB2,136.0
Q5IJ48,L136E,0.1216,benign,CRB2,136.0
Q5IJ48,L136F,0.1349,benign,CRB2,136.0
Q5IJ48,L136G,0.1881,benign,CRB2,136.0
Q5IJ48,L136H,0.1702,benign,CRB2,136.0
Q5IJ48,L136I,0.1447,benign,CRB2,136.0
Q5IJ48,L136K,0.1847,benign,CRB2,136.0
Q5IJ48,L136M,0.158,benign,CRB2,136.0
Q5IJ48,L136N,0.2725,benign,CRB2,136.0
Q5IJ48,L136P,0.0562,benign,CRB2,136.0
Q5IJ48,L136Q,0.0852,benign,CRB2,136.0
Q5IJ48,L136R,0.0759,benign,CRB2,136.0
Q5IJ48,L136S,0.1177,benign,CRB2,136.0
Q5IJ48,L136T,0.126,benign,CRB2,136.0
Q5IJ48,L136V,0.0894,benign,CRB2,136.0
Q5IJ48,L136W,0.1314,benign,CRB2,136.0
Q5IJ48,L136Y,0.3128,benign,CRB2,136.0
Q5IJ48,G137A,0.3533,ambiguous,CRB2,137.0
Q5IJ48,G137C,0.8849,pathogenic,CRB2,137.0
Q5IJ48,G137D,0.3404,ambiguous,CRB2,137.0
Q5IJ48,G137E,0.6141,pathogenic,CRB2,137.0
Q5IJ48,G137F,0.9016,pathogenic,CRB2,137.0
Q5IJ48,G137H,0.7424,pathogenic,CRB2,137.0
Q5IJ48,G137I,0.8793,pathogenic,CRB2,137.0
Q5IJ48,G137K,0.9266,pathogenic,CRB2,137.0
Q5IJ48,G137L,0.8058,pathogenic,CRB2,137.0
Q5IJ48,G137M,0.9371,pathogenic,CRB2,137.0
Q5IJ48,G137N,0.6338,pathogenic,CRB2,137.0
Q5IJ48,G137P,0.8502,pathogenic,CRB2,137.0
Q5IJ48,G137Q,0.7517,pathogenic,CRB2,137.0
Q5IJ48,G137R,0.7323,pathogenic,CRB2,137.0
Q5IJ48,G137S,0.2609,benign,CRB2,137.0
Q5IJ48,G137T,0.6071,pathogenic,CRB2,137.0
Q5IJ48,G137V,0.7614,pathogenic,CRB2,137.0
Q5IJ48,G137W,0.7667,pathogenic,CRB2,137.0
Q5IJ48,G137Y,0.8274,pathogenic,CRB2,137.0
Q5IJ48,Y138A,0.9111,pathogenic,CRB2,138.0
Q5IJ48,Y138C,0.9246,pathogenic,CRB2,138.0
Q5IJ48,Y138D,0.8295,pathogenic,CRB2,138.0
Q5IJ48,Y138E,0.9424,pathogenic,CRB2,138.0
Q5IJ48,Y138F,0.1036,benign,CRB2,138.0
Q5IJ48,Y138G,0.8818,pathogenic,CRB2,138.0
Q5IJ48,Y138H,0.5685,pathogenic,CRB2,138.0
Q5IJ48,Y138I,0.9049,pathogenic,CRB2,138.0
Q5IJ48,Y138K,0.9531,pathogenic,CRB2,138.0
Q5IJ48,Y138L,0.7947,pathogenic,CRB2,138.0
Q5IJ48,Y138M,0.9054,pathogenic,CRB2,138.0
Q5IJ48,Y138N,0.7396,pathogenic,CRB2,138.0
Q5IJ48,Y138P,0.9795,pathogenic,CRB2,138.0
Q5IJ48,Y138Q,0.9088,pathogenic,CRB2,138.0
Q5IJ48,Y138R,0.854,pathogenic,CRB2,138.0
Q5IJ48,Y138S,0.7156,pathogenic,CRB2,138.0
Q5IJ48,Y138T,0.8927,pathogenic,CRB2,138.0
Q5IJ48,Y138V,0.8324,pathogenic,CRB2,138.0
Q5IJ48,Y138W,0.4705,ambiguous,CRB2,138.0
Q5IJ48,A139C,0.6597,pathogenic,CRB2,139.0
Q5IJ48,A139D,0.1507,benign,CRB2,139.0
Q5IJ48,A139E,0.0983,benign,CRB2,139.0
Q5IJ48,A139F,0.2668,benign,CRB2,139.0
Q5IJ48,A139G,0.1081,benign,CRB2,139.0
Q5IJ48,A139H,0.3009,benign,CRB2,139.0
Q5IJ48,A139I,0.2387,benign,CRB2,139.0
Q5IJ48,A139K,0.2249,benign,CRB2,139.0
Q5IJ48,A139L,0.1466,benign,CRB2,139.0
Q5IJ48,A139M,0.182,benign,CRB2,139.0
Q5IJ48,A139N,0.2248,benign,CRB2,139.0
Q5IJ48,A139P,0.4865,ambiguous,CRB2,139.0
Q5IJ48,A139Q,0.1664,benign,CRB2,139.0
Q5IJ48,A139R,0.1461,benign,CRB2,139.0
Q5IJ48,A139S,0.0846,benign,CRB2,139.0
Q5IJ48,A139T,0.0707,benign,CRB2,139.0
Q5IJ48,A139V,0.1153,benign,CRB2,139.0
Q5IJ48,A139W,0.4694,ambiguous,CRB2,139.0
Q5IJ48,A139Y,0.4107,ambiguous,CRB2,139.0
Q5IJ48,G140A,0.4261,ambiguous,CRB2,140.0
Q5IJ48,G140C,0.9415,pathogenic,CRB2,140.0
Q5IJ48,G140D,0.5169,ambiguous,CRB2,140.0
Q5IJ48,G140E,0.6779,pathogenic,CRB2,140.0
Q5IJ48,G140F,0.945,pathogenic,CRB2,140.0
Q5IJ48,G140H,0.8774,pathogenic,CRB2,140.0
Q5IJ48,G140I,0.9468,pathogenic,CRB2,140.0
Q5IJ48,G140K,0.8907,pathogenic,CRB2,140.0
Q5IJ48,G140L,0.8773,pathogenic,CRB2,140.0
Q5IJ48,G140M,0.9224,pathogenic,CRB2,140.0
Q5IJ48,G140N,0.739,pathogenic,CRB2,140.0
Q5IJ48,G140P,0.9657,pathogenic,CRB2,140.0
Q5IJ48,G140Q,0.8131,pathogenic,CRB2,140.0
Q5IJ48,G140R,0.738,pathogenic,CRB2,140.0
Q5IJ48,G140S,0.2539,benign,CRB2,140.0
Q5IJ48,G140T,0.6448,pathogenic,CRB2,140.0
Q5IJ48,G140V,0.8457,pathogenic,CRB2,140.0
Q5IJ48,G140W,0.8664,pathogenic,CRB2,140.0
Q5IJ48,G140Y,0.9243,pathogenic,CRB2,140.0
Q5IJ48,V141A,0.0848,benign,CRB2,141.0
Q5IJ48,V141C,0.7894,pathogenic,CRB2,141.0
Q5IJ48,V141D,0.1106,benign,CRB2,141.0
Q5IJ48,V141E,0.0998,benign,CRB2,141.0
Q5IJ48,V141F,0.0988,benign,CRB2,141.0
Q5IJ48,V141G,0.1005,benign,CRB2,141.0
Q5IJ48,V141H,0.2812,benign,CRB2,141.0
Q5IJ48,V141I,0.0805,benign,CRB2,141.0
Q5IJ48,V141K,0.1574,benign,CRB2,141.0
Q5IJ48,V141L,0.1004,benign,CRB2,141.0
Q5IJ48,V141M,0.095,benign,CRB2,141.0
Q5IJ48,V141N,0.1344,benign,CRB2,141.0
Q5IJ48,V141P,0.1675,benign,CRB2,141.0
Q5IJ48,V141Q,0.1377,benign,CRB2,141.0
Q5IJ48,V141R,0.11,benign,CRB2,141.0
Q5IJ48,V141S,0.1079,benign,CRB2,141.0
Q5IJ48,V141T,0.1065,benign,CRB2,141.0
Q5IJ48,V141W,0.4752,ambiguous,CRB2,141.0
Q5IJ48,V141Y,0.3638,ambiguous,CRB2,141.0
Q5IJ48,T142A,0.0859,benign,CRB2,142.0
Q5IJ48,T142C,0.7257,pathogenic,CRB2,142.0
Q5IJ48,T142D,0.1716,benign,CRB2,142.0
Q5IJ48,T142E,0.2703,benign,CRB2,142.0
Q5IJ48,T142F,0.1844,benign,CRB2,142.0
Q5IJ48,T142G,0.1833,benign,CRB2,142.0
Q5IJ48,T142H,0.1555,benign,CRB2,142.0
Q5IJ48,T142I,0.2801,benign,CRB2,142.0
Q5IJ48,T142K,0.2491,benign,CRB2,142.0
Q5IJ48,T142L,0.1093,benign,CRB2,142.0
Q5IJ48,T142M,0.1162,benign,CRB2,142.0
Q5IJ48,T142N,0.058,benign,CRB2,142.0
Q5IJ48,T142P,0.145,benign,CRB2,142.0
Q5IJ48,T142Q,0.2074,benign,CRB2,142.0
Q5IJ48,T142R,0.1333,benign,CRB2,142.0
Q5IJ48,T142S,0.0781,benign,CRB2,142.0
Q5IJ48,T142V,0.2457,benign,CRB2,142.0
Q5IJ48,T142W,0.4357,ambiguous,CRB2,142.0
Q5IJ48,T142Y,0.2499,benign,CRB2,142.0
Q5IJ48,C143A,0.9635,pathogenic,CRB2,143.0
Q5IJ48,C143D,0.995,pathogenic,CRB2,143.0
Q5IJ48,C143E,0.9965,pathogenic,CRB2,143.0
Q5IJ48,C143F,0.9739,pathogenic,CRB2,143.0
Q5IJ48,C143G,0.8245,pathogenic,CRB2,143.0
Q5IJ48,C143H,0.9944,pathogenic,CRB2,143.0
Q5IJ48,C143I,0.9949,pathogenic,CRB2,143.0
Q5IJ48,C143K,0.9984,pathogenic,CRB2,143.0
Q5IJ48,C143L,0.9735,pathogenic,CRB2,143.0
Q5IJ48,C143M,0.993,pathogenic,CRB2,143.0
Q5IJ48,C143N,0.9951,pathogenic,CRB2,143.0
Q5IJ48,C143P,0.9908,pathogenic,CRB2,143.0
Q5IJ48,C143Q,0.9962,pathogenic,CRB2,143.0
Q5IJ48,C143R,0.9684,pathogenic,CRB2,143.0
Q5IJ48,C143S,0.9698,pathogenic,CRB2,143.0
Q5IJ48,C143T,0.9882,pathogenic,CRB2,143.0
Q5IJ48,C143V,0.9835,pathogenic,CRB2,143.0
Q5IJ48,C143W,0.9731,pathogenic,CRB2,143.0
Q5IJ48,C143Y,0.9831,pathogenic,CRB2,143.0
Q5IJ48,E144A,0.1892,benign,CRB2,144.0
Q5IJ48,E144C,0.9643,pathogenic,CRB2,144.0
Q5IJ48,E144D,0.179,benign,CRB2,144.0
Q5IJ48,E144F,0.8731,pathogenic,CRB2,144.0
Q5IJ48,E144G,0.1681,benign,CRB2,144.0
Q5IJ48,E144H,0.516,ambiguous,CRB2,144.0
Q5IJ48,E144I,0.7412,pathogenic,CRB2,144.0
Q5IJ48,E144K,0.2149,benign,CRB2,144.0
Q5IJ48,E144L,0.5564,ambiguous,CRB2,144.0
Q5IJ48,E144M,0.6434,pathogenic,CRB2,144.0
Q5IJ48,E144N,0.4101,ambiguous,CRB2,144.0
Q5IJ48,E144P,0.8399,pathogenic,CRB2,144.0
Q5IJ48,E144Q,0.125,benign,CRB2,144.0
Q5IJ48,E144R,0.2444,benign,CRB2,144.0
Q5IJ48,E144S,0.2513,benign,CRB2,144.0
Q5IJ48,E144T,0.3285,benign,CRB2,144.0
Q5IJ48,E144V,0.4581,ambiguous,CRB2,144.0
Q5IJ48,E144W,0.9254,pathogenic,CRB2,144.0
Q5IJ48,E144Y,0.8117,pathogenic,CRB2,144.0
Q5IJ48,M145A,0.0702,benign,CRB2,145.0
Q5IJ48,M145C,0.74,pathogenic,CRB2,145.0
Q5IJ48,M145D,0.1422,benign,CRB2,145.0
Q5IJ48,M145E,0.0664,benign,CRB2,145.0
Q5IJ48,M145F,0.225,benign,CRB2,145.0
Q5IJ48,M145G,0.1429,benign,CRB2,145.0
Q5IJ48,M145H,0.1821,benign,CRB2,145.0
Q5IJ48,M145I,0.1352,benign,CRB2,145.0
Q5IJ48,M145K,0.0699,benign,CRB2,145.0
Q5IJ48,M145L,0.0907,benign,CRB2,145.0
Q5IJ48,M145N,0.1066,benign,CRB2,145.0
Q5IJ48,M145P,0.3742,ambiguous,CRB2,145.0
Q5IJ48,M145Q,0.073,benign,CRB2,145.0
Q5IJ48,M145R,0.0569,benign,CRB2,145.0
Q5IJ48,M145S,0.079,benign,CRB2,145.0
Q5IJ48,M145T,0.047,benign,CRB2,145.0
Q5IJ48,M145V,0.0675,benign,CRB2,145.0
Q5IJ48,M145W,0.29,benign,CRB2,145.0
Q5IJ48,M145Y,0.3419,ambiguous,CRB2,145.0
Q5IJ48,E146A,0.2969,benign,CRB2,146.0
Q5IJ48,E146C,0.9931,pathogenic,CRB2,146.0
Q5IJ48,E146D,0.2296,benign,CRB2,146.0
Q5IJ48,E146F,0.968,pathogenic,CRB2,146.0
Q5IJ48,E146G,0.4869,ambiguous,CRB2,146.0
Q5IJ48,E146H,0.8465,pathogenic,CRB2,146.0
Q5IJ48,E146I,0.8528,pathogenic,CRB2,146.0
Q5IJ48,E146K,0.6139,pathogenic,CRB2,146.0
Q5IJ48,E146L,0.7752,pathogenic,CRB2,146.0
Q5IJ48,E146M,0.8413,pathogenic,CRB2,146.0
Q5IJ48,E146N,0.4792,ambiguous,CRB2,146.0
Q5IJ48,E146P,0.635,pathogenic,CRB2,146.0
Q5IJ48,E146Q,0.3811,ambiguous,CRB2,146.0
Q5IJ48,E146R,0.6447,pathogenic,CRB2,146.0
Q5IJ48,E146S,0.5172,ambiguous,CRB2,146.0
Q5IJ48,E146T,0.6298,pathogenic,CRB2,146.0
Q5IJ48,E146V,0.6,pathogenic,CRB2,146.0
Q5IJ48,E146W,0.9811,pathogenic,CRB2,146.0
Q5IJ48,E146Y,0.934,pathogenic,CRB2,146.0
Q5IJ48,V147A,0.1402,benign,CRB2,147.0
Q5IJ48,V147C,0.9508,pathogenic,CRB2,147.0
Q5IJ48,V147D,0.2366,benign,CRB2,147.0
Q5IJ48,V147E,0.1497,benign,CRB2,147.0
Q5IJ48,V147F,0.209,benign,CRB2,147.0
Q5IJ48,V147G,0.154,benign,CRB2,147.0
Q5IJ48,V147H,0.5903,pathogenic,CRB2,147.0
Q5IJ48,V147I,0.0889,benign,CRB2,147.0
Q5IJ48,V147K,0.301,benign,CRB2,147.0
Q5IJ48,V147L,0.1898,benign,CRB2,147.0
Q5IJ48,V147M,0.1582,benign,CRB2,147.0
Q5IJ48,V147N,0.2844,benign,CRB2,147.0
Q5IJ48,V147P,0.5664,pathogenic,CRB2,147.0
Q5IJ48,V147Q,0.2569,benign,CRB2,147.0
Q5IJ48,V147R,0.2054,benign,CRB2,147.0
Q5IJ48,V147S,0.2273,benign,CRB2,147.0
Q5IJ48,V147T,0.1609,benign,CRB2,147.0
Q5IJ48,V147W,0.7173,pathogenic,CRB2,147.0
Q5IJ48,V147Y,0.6352,pathogenic,CRB2,147.0
Q5IJ48,D148A,0.4438,ambiguous,CRB2,148.0
Q5IJ48,D148C,0.9765,pathogenic,CRB2,148.0
Q5IJ48,D148E,0.4991,ambiguous,CRB2,148.0
Q5IJ48,D148F,0.9144,pathogenic,CRB2,148.0
Q5IJ48,D148G,0.4363,ambiguous,CRB2,148.0
Q5IJ48,D148H,0.6279,pathogenic,CRB2,148.0
Q5IJ48,D148I,0.83,pathogenic,CRB2,148.0
Q5IJ48,D148K,0.7794,pathogenic,CRB2,148.0
Q5IJ48,D148L,0.718,pathogenic,CRB2,148.0
Q5IJ48,D148M,0.9144,pathogenic,CRB2,148.0
Q5IJ48,D148N,0.1428,benign,CRB2,148.0
Q5IJ48,D148P,0.7837,pathogenic,CRB2,148.0
Q5IJ48,D148Q,0.6731,pathogenic,CRB2,148.0
Q5IJ48,D148R,0.6526,pathogenic,CRB2,148.0
Q5IJ48,D148S,0.2825,benign,CRB2,148.0
Q5IJ48,D148T,0.6367,pathogenic,CRB2,148.0
Q5IJ48,D148V,0.6203,pathogenic,CRB2,148.0
Q5IJ48,D148W,0.9663,pathogenic,CRB2,148.0
Q5IJ48,D148Y,0.6479,pathogenic,CRB2,148.0
Q5IJ48,E149A,0.3913,ambiguous,CRB2,149.0
Q5IJ48,E149C,0.9919,pathogenic,CRB2,149.0
Q5IJ48,E149D,0.4584,ambiguous,CRB2,149.0
Q5IJ48,E149F,0.9563,pathogenic,CRB2,149.0
Q5IJ48,E149G,0.5012,ambiguous,CRB2,149.0
Q5IJ48,E149H,0.7977,pathogenic,CRB2,149.0
Q5IJ48,E149I,0.8729,pathogenic,CRB2,149.0
Q5IJ48,E149K,0.5045,ambiguous,CRB2,149.0
Q5IJ48,E149L,0.8354,pathogenic,CRB2,149.0
Q5IJ48,E149M,0.8815,pathogenic,CRB2,149.0
Q5IJ48,E149N,0.7055,pathogenic,CRB2,149.0
Q5IJ48,E149P,0.8623,pathogenic,CRB2,149.0
Q5IJ48,E149Q,0.2785,benign,CRB2,149.0
Q5IJ48,E149R,0.5219,ambiguous,CRB2,149.0
Q5IJ48,E149S,0.5503,ambiguous,CRB2,149.0
Q5IJ48,E149T,0.6591,pathogenic,CRB2,149.0
Q5IJ48,E149V,0.7184,pathogenic,CRB2,149.0
Q5IJ48,E149W,0.984,pathogenic,CRB2,149.0
Q5IJ48,E149Y,0.9386,pathogenic,CRB2,149.0
Q5IJ48,C150A,0.9588,pathogenic,CRB2,150.0
Q5IJ48,C150D,0.9844,pathogenic,CRB2,150.0
Q5IJ48,C150E,0.9896,pathogenic,CRB2,150.0
Q5IJ48,C150F,0.9273,pathogenic,CRB2,150.0
Q5IJ48,C150G,0.8316,pathogenic,CRB2,150.0
Q5IJ48,C150H,0.9872,pathogenic,CRB2,150.0
Q5IJ48,C150I,0.9818,pathogenic,CRB2,150.0
Q5IJ48,C150K,0.9964,pathogenic,CRB2,150.0
Q5IJ48,C150L,0.9413,pathogenic,CRB2,150.0
Q5IJ48,C150M,0.9819,pathogenic,CRB2,150.0
Q5IJ48,C150N,0.9861,pathogenic,CRB2,150.0
Q5IJ48,C150P,0.9868,pathogenic,CRB2,150.0
Q5IJ48,C150Q,0.9921,pathogenic,CRB2,150.0
Q5IJ48,C150R,0.9575,pathogenic,CRB2,150.0
Q5IJ48,C150S,0.9767,pathogenic,CRB2,150.0
Q5IJ48,C150T,0.9837,pathogenic,CRB2,150.0
Q5IJ48,C150V,0.9625,pathogenic,CRB2,150.0
Q5IJ48,C150W,0.9471,pathogenic,CRB2,150.0
Q5IJ48,C150Y,0.9438,pathogenic,CRB2,150.0
Q5IJ48,A151C,0.652,pathogenic,CRB2,151.0
Q5IJ48,A151D,0.1351,benign,CRB2,151.0
Q5IJ48,A151E,0.1265,benign,CRB2,151.0
Q5IJ48,A151F,0.2334,benign,CRB2,151.0
Q5IJ48,A151G,0.1035,benign,CRB2,151.0
Q5IJ48,A151H,0.3052,benign,CRB2,151.0
Q5IJ48,A151I,0.2072,benign,CRB2,151.0
Q5IJ48,A151K,0.3144,benign,CRB2,151.0
Q5IJ48,A151L,0.12,benign,CRB2,151.0
Q5IJ48,A151M,0.2091,benign,CRB2,151.0
Q5IJ48,A151N,0.2035,benign,CRB2,151.0
Q5IJ48,A151P,0.3042,benign,CRB2,151.0
Q5IJ48,A151Q,0.1928,benign,CRB2,151.0
Q5IJ48,A151R,0.1816,benign,CRB2,151.0
Q5IJ48,A151S,0.0886,benign,CRB2,151.0
Q5IJ48,A151T,0.0845,benign,CRB2,151.0
Q5IJ48,A151V,0.1029,benign,CRB2,151.0
Q5IJ48,A151W,0.5042,ambiguous,CRB2,151.0
Q5IJ48,A151Y,0.3895,ambiguous,CRB2,151.0
Q5IJ48,S152A,0.0926,benign,CRB2,152.0
Q5IJ48,S152C,0.6006,pathogenic,CRB2,152.0
Q5IJ48,S152D,0.431,ambiguous,CRB2,152.0
Q5IJ48,S152E,0.4777,ambiguous,CRB2,152.0
Q5IJ48,S152F,0.3085,benign,CRB2,152.0
Q5IJ48,S152G,0.1207,benign,CRB2,152.0
Q5IJ48,S152H,0.5483,ambiguous,CRB2,152.0
Q5IJ48,S152I,0.4341,ambiguous,CRB2,152.0
Q5IJ48,S152K,0.8145,pathogenic,CRB2,152.0
Q5IJ48,S152L,0.1749,benign,CRB2,152.0
Q5IJ48,S152M,0.4017,ambiguous,CRB2,152.0
Q5IJ48,S152N,0.3867,ambiguous,CRB2,152.0
Q5IJ48,S152P,0.1761,benign,CRB2,152.0
Q5IJ48,S152Q,0.586,pathogenic,CRB2,152.0
Q5IJ48,S152R,0.6497,pathogenic,CRB2,152.0
Q5IJ48,S152T,0.1365,benign,CRB2,152.0
Q5IJ48,S152V,0.3,benign,CRB2,152.0
Q5IJ48,S152W,0.353,ambiguous,CRB2,152.0
Q5IJ48,S152Y,0.3863,ambiguous,CRB2,152.0
Q5IJ48,A153C,0.5961,pathogenic,CRB2,153.0
Q5IJ48,A153D,0.1017,benign,CRB2,153.0
Q5IJ48,A153E,0.1049,benign,CRB2,153.0
Q5IJ48,A153F,0.1975,benign,CRB2,153.0
Q5IJ48,A153G,0.0855,benign,CRB2,153.0
Q5IJ48,A153H,0.2492,benign,CRB2,153.0
Q5IJ48,A153I,0.2189,benign,CRB2,153.0
Q5IJ48,A153K,0.2528,benign,CRB2,153.0
Q5IJ48,A153L,0.1152,benign,CRB2,153.0
Q5IJ48,A153M,0.1708,benign,CRB2,153.0
Q5IJ48,A153N,0.1588,benign,CRB2,153.0
Q5IJ48,A153P,0.1565,benign,CRB2,153.0
Q5IJ48,A153Q,0.1536,benign,CRB2,153.0
Q5IJ48,A153R,0.1674,benign,CRB2,153.0
Q5IJ48,A153S,0.0758,benign,CRB2,153.0
Q5IJ48,A153T,0.0769,benign,CRB2,153.0
Q5IJ48,A153V,0.1,benign,CRB2,153.0
Q5IJ48,A153W,0.4157,ambiguous,CRB2,153.0
Q5IJ48,A153Y,0.3155,benign,CRB2,153.0
Q5IJ48,P154A,0.2938,benign,CRB2,154.0
Q5IJ48,P154C,0.9641,pathogenic,CRB2,154.0
Q5IJ48,P154D,0.8749,pathogenic,CRB2,154.0
Q5IJ48,P154E,0.7565,pathogenic,CRB2,154.0
Q5IJ48,P154F,0.8901,pathogenic,CRB2,154.0
Q5IJ48,P154G,0.7476,pathogenic,CRB2,154.0
Q5IJ48,P154H,0.6792,pathogenic,CRB2,154.0
Q5IJ48,P154I,0.7888,pathogenic,CRB2,154.0
Q5IJ48,P154K,0.8777,pathogenic,CRB2,154.0
Q5IJ48,P154L,0.4313,ambiguous,CRB2,154.0
Q5IJ48,P154M,0.8573,pathogenic,CRB2,154.0
Q5IJ48,P154N,0.8691,pathogenic,CRB2,154.0
Q5IJ48,P154Q,0.6099,pathogenic,CRB2,154.0
Q5IJ48,P154R,0.5367,ambiguous,CRB2,154.0
Q5IJ48,P154S,0.4439,ambiguous,CRB2,154.0
Q5IJ48,P154T,0.4327,ambiguous,CRB2,154.0
Q5IJ48,P154V,0.6046,pathogenic,CRB2,154.0
Q5IJ48,P154W,0.9181,pathogenic,CRB2,154.0
Q5IJ48,P154Y,0.903,pathogenic,CRB2,154.0
Q5IJ48,C155A,0.9679,pathogenic,CRB2,155.0
Q5IJ48,C155D,0.9934,pathogenic,CRB2,155.0
Q5IJ48,C155E,0.9955,pathogenic,CRB2,155.0
Q5IJ48,C155F,0.9072,pathogenic,CRB2,155.0
Q5IJ48,C155G,0.8881,pathogenic,CRB2,155.0
Q5IJ48,C155H,0.9881,pathogenic,CRB2,155.0
Q5IJ48,C155I,0.9827,pathogenic,CRB2,155.0
Q5IJ48,C155K,0.9983,pathogenic,CRB2,155.0
Q5IJ48,C155L,0.9231,pathogenic,CRB2,155.0
Q5IJ48,C155M,0.9904,pathogenic,CRB2,155.0
Q5IJ48,C155N,0.9933,pathogenic,CRB2,155.0
Q5IJ48,C155P,0.9751,pathogenic,CRB2,155.0
Q5IJ48,C155Q,0.9939,pathogenic,CRB2,155.0
Q5IJ48,C155R,0.96,pathogenic,CRB2,155.0
Q5IJ48,C155S,0.9681,pathogenic,CRB2,155.0
Q5IJ48,C155T,0.9895,pathogenic,CRB2,155.0
Q5IJ48,C155V,0.9611,pathogenic,CRB2,155.0
Q5IJ48,C155W,0.9583,pathogenic,CRB2,155.0
Q5IJ48,C155Y,0.9647,pathogenic,CRB2,155.0
Q5IJ48,L156A,0.1608,benign,CRB2,156.0
Q5IJ48,L156C,0.659,pathogenic,CRB2,156.0
Q5IJ48,L156D,0.4607,ambiguous,CRB2,156.0
Q5IJ48,L156E,0.136,benign,CRB2,156.0
Q5IJ48,L156F,0.1365,benign,CRB2,156.0
Q5IJ48,L156G,0.2941,benign,CRB2,156.0
Q5IJ48,L156H,0.1638,benign,CRB2,156.0
Q5IJ48,L156I,0.1519,benign,CRB2,156.0
Q5IJ48,L156K,0.2271,benign,CRB2,156.0
Q5IJ48,L156M,0.1674,benign,CRB2,156.0
Q5IJ48,L156N,0.3711,ambiguous,CRB2,156.0
Q5IJ48,L156P,0.2741,benign,CRB2,156.0
Q5IJ48,L156Q,0.0691,benign,CRB2,156.0
Q5IJ48,L156R,0.0786,benign,CRB2,156.0
Q5IJ48,L156S,0.186,benign,CRB2,156.0
Q5IJ48,L156T,0.1998,benign,CRB2,156.0
Q5IJ48,L156V,0.101,benign,CRB2,156.0
Q5IJ48,L156W,0.1445,benign,CRB2,156.0
Q5IJ48,L156Y,0.3482,ambiguous,CRB2,156.0
Q5IJ48,H157A,0.5313,ambiguous,CRB2,157.0
Q5IJ48,H157C,0.7393,pathogenic,CRB2,157.0
Q5IJ48,H157D,0.4488,ambiguous,CRB2,157.0
Q5IJ48,H157E,0.537,ambiguous,CRB2,157.0
Q5IJ48,H157F,0.4926,ambiguous,CRB2,157.0
Q5IJ48,H157G,0.3794,ambiguous,CRB2,157.0
Q5IJ48,H157I,0.8693,pathogenic,CRB2,157.0
Q5IJ48,H157K,0.6509,pathogenic,CRB2,157.0
Q5IJ48,H157L,0.2904,benign,CRB2,157.0
Q5IJ48,H157M,0.8263,pathogenic,CRB2,157.0
Q5IJ48,H157N,0.1084,benign,CRB2,157.0
Q5IJ48,H157P,0.4169,ambiguous,CRB2,157.0
Q5IJ48,H157Q,0.3919,ambiguous,CRB2,157.0
Q5IJ48,H157R,0.2116,benign,CRB2,157.0
Q5IJ48,H157S,0.352,ambiguous,CRB2,157.0
Q5IJ48,H157T,0.7182,pathogenic,CRB2,157.0
Q5IJ48,H157V,0.7701,pathogenic,CRB2,157.0
Q5IJ48,H157W,0.441,ambiguous,CRB2,157.0
Q5IJ48,H157Y,0.1766,benign,CRB2,157.0
Q5IJ48,G158A,0.1833,benign,CRB2,158.0
Q5IJ48,G158C,0.6429,pathogenic,CRB2,158.0
Q5IJ48,G158D,0.1782,benign,CRB2,158.0
Q5IJ48,G158E,0.2139,benign,CRB2,158.0
Q5IJ48,G158F,0.6941,pathogenic,CRB2,158.0
Q5IJ48,G158H,0.3035,benign,CRB2,158.0
Q5IJ48,G158I,0.675,pathogenic,CRB2,158.0
Q5IJ48,G158K,0.4281,ambiguous,CRB2,158.0
Q5IJ48,G158L,0.5317,ambiguous,CRB2,158.0
Q5IJ48,G158M,0.6913,pathogenic,CRB2,158.0
Q5IJ48,G158N,0.3038,benign,CRB2,158.0
Q5IJ48,G158P,0.892,pathogenic,CRB2,158.0
Q5IJ48,G158Q,0.2526,benign,CRB2,158.0
Q5IJ48,G158R,0.1884,benign,CRB2,158.0
Q5IJ48,G158S,0.1148,benign,CRB2,158.0
Q5IJ48,G158T,0.3289,benign,CRB2,158.0
Q5IJ48,G158V,0.4876,ambiguous,CRB2,158.0
Q5IJ48,G158W,0.455,ambiguous,CRB2,158.0
Q5IJ48,G158Y,0.5744,pathogenic,CRB2,158.0
Q5IJ48,G159A,0.196,benign,CRB2,159.0
Q5IJ48,G159C,0.8326,pathogenic,CRB2,159.0
Q5IJ48,G159D,0.8582,pathogenic,CRB2,159.0
Q5IJ48,G159E,0.8562,pathogenic,CRB2,159.0
Q5IJ48,G159F,0.9305,pathogenic,CRB2,159.0
Q5IJ48,G159H,0.9049,pathogenic,CRB2,159.0
Q5IJ48,G159I,0.8881,pathogenic,CRB2,159.0
Q5IJ48,G159K,0.9578,pathogenic,CRB2,159.0
Q5IJ48,G159L,0.8541,pathogenic,CRB2,159.0
Q5IJ48,G159M,0.9204,pathogenic,CRB2,159.0
Q5IJ48,G159N,0.8806,pathogenic,CRB2,159.0
Q5IJ48,G159P,0.9745,pathogenic,CRB2,159.0
Q5IJ48,G159Q,0.8689,pathogenic,CRB2,159.0
Q5IJ48,G159R,0.8441,pathogenic,CRB2,159.0
Q5IJ48,G159S,0.1881,benign,CRB2,159.0
Q5IJ48,G159T,0.6703,pathogenic,CRB2,159.0
Q5IJ48,G159V,0.7661,pathogenic,CRB2,159.0
Q5IJ48,G159W,0.9029,pathogenic,CRB2,159.0
Q5IJ48,G159Y,0.9221,pathogenic,CRB2,159.0
Q5IJ48,S160A,0.1095,benign,CRB2,160.0
Q5IJ48,S160C,0.4656,ambiguous,CRB2,160.0
Q5IJ48,S160D,0.3322,benign,CRB2,160.0
Q5IJ48,S160E,0.3827,ambiguous,CRB2,160.0
Q5IJ48,S160F,0.1657,benign,CRB2,160.0
Q5IJ48,S160G,0.1291,benign,CRB2,160.0
Q5IJ48,S160H,0.2707,benign,CRB2,160.0
Q5IJ48,S160I,0.1916,benign,CRB2,160.0
Q5IJ48,S160K,0.601,pathogenic,CRB2,160.0
Q5IJ48,S160L,0.1372,benign,CRB2,160.0
Q5IJ48,S160M,0.2988,benign,CRB2,160.0
Q5IJ48,S160N,0.1865,benign,CRB2,160.0
Q5IJ48,S160P,0.5043,ambiguous,CRB2,160.0
Q5IJ48,S160Q,0.3797,ambiguous,CRB2,160.0
Q5IJ48,S160R,0.3653,ambiguous,CRB2,160.0
Q5IJ48,S160T,0.0984,benign,CRB2,160.0
Q5IJ48,S160V,0.2041,benign,CRB2,160.0
Q5IJ48,S160W,0.2228,benign,CRB2,160.0
Q5IJ48,S160Y,0.1876,benign,CRB2,160.0
Q5IJ48,C161A,0.9726,pathogenic,CRB2,161.0
Q5IJ48,C161D,0.9962,pathogenic,CRB2,161.0
Q5IJ48,C161E,0.9969,pathogenic,CRB2,161.0
Q5IJ48,C161F,0.9245,pathogenic,CRB2,161.0
Q5IJ48,C161G,0.9151,pathogenic,CRB2,161.0
Q5IJ48,C161H,0.99,pathogenic,CRB2,161.0
Q5IJ48,C161I,0.981,pathogenic,CRB2,161.0
Q5IJ48,C161K,0.9987,pathogenic,CRB2,161.0
Q5IJ48,C161L,0.9313,pathogenic,CRB2,161.0
Q5IJ48,C161M,0.9926,pathogenic,CRB2,161.0
Q5IJ48,C161N,0.995,pathogenic,CRB2,161.0
Q5IJ48,C161P,0.9809,pathogenic,CRB2,161.0
Q5IJ48,C161Q,0.9954,pathogenic,CRB2,161.0
Q5IJ48,C161R,0.9646,pathogenic,CRB2,161.0
Q5IJ48,C161S,0.9759,pathogenic,CRB2,161.0
Q5IJ48,C161T,0.9899,pathogenic,CRB2,161.0
Q5IJ48,C161V,0.9588,pathogenic,CRB2,161.0
Q5IJ48,C161W,0.9677,pathogenic,CRB2,161.0
Q5IJ48,C161Y,0.9714,pathogenic,CRB2,161.0
Q5IJ48,L162A,0.1969,benign,CRB2,162.0
Q5IJ48,L162C,0.7429,pathogenic,CRB2,162.0
Q5IJ48,L162D,0.5284,ambiguous,CRB2,162.0
Q5IJ48,L162E,0.1657,benign,CRB2,162.0
Q5IJ48,L162F,0.1504,benign,CRB2,162.0
Q5IJ48,L162G,0.4102,ambiguous,CRB2,162.0
Q5IJ48,L162H,0.1683,benign,CRB2,162.0
Q5IJ48,L162I,0.1399,benign,CRB2,162.0
Q5IJ48,L162K,0.2477,benign,CRB2,162.0
Q5IJ48,L162M,0.1803,benign,CRB2,162.0
Q5IJ48,L162N,0.4332,ambiguous,CRB2,162.0
Q5IJ48,L162P,0.4869,ambiguous,CRB2,162.0
Q5IJ48,L162Q,0.0818,benign,CRB2,162.0
Q5IJ48,L162R,0.0803,benign,CRB2,162.0
Q5IJ48,L162S,0.2251,benign,CRB2,162.0
Q5IJ48,L162T,0.2127,benign,CRB2,162.0
Q5IJ48,L162V,0.0993,benign,CRB2,162.0
Q5IJ48,L162W,0.1703,benign,CRB2,162.0
Q5IJ48,L162Y,0.4466,ambiguous,CRB2,162.0
Q5IJ48,D163A,0.725,pathogenic,CRB2,163.0
Q5IJ48,D163C,0.9932,pathogenic,CRB2,163.0
Q5IJ48,D163E,0.6867,pathogenic,CRB2,163.0
Q5IJ48,D163F,0.975,pathogenic,CRB2,163.0
Q5IJ48,D163G,0.6657,pathogenic,CRB2,163.0
Q5IJ48,D163H,0.8087,pathogenic,CRB2,163.0
Q5IJ48,D163I,0.9665,pathogenic,CRB2,163.0
Q5IJ48,D163K,0.9084,pathogenic,CRB2,163.0
Q5IJ48,D163L,0.8913,pathogenic,CRB2,163.0
Q5IJ48,D163M,0.9854,pathogenic,CRB2,163.0
Q5IJ48,D163N,0.4695,ambiguous,CRB2,163.0
Q5IJ48,D163P,0.8823,pathogenic,CRB2,163.0
Q5IJ48,D163Q,0.8643,pathogenic,CRB2,163.0
Q5IJ48,D163R,0.8468,pathogenic,CRB2,163.0
Q5IJ48,D163S,0.5292,ambiguous,CRB2,163.0
Q5IJ48,D163T,0.8765,pathogenic,CRB2,163.0
Q5IJ48,D163V,0.8734,pathogenic,CRB2,163.0
Q5IJ48,D163W,0.9879,pathogenic,CRB2,163.0
Q5IJ48,D163Y,0.8293,pathogenic,CRB2,163.0
Q5IJ48,G164A,0.112,benign,CRB2,164.0
Q5IJ48,G164C,0.6242,pathogenic,CRB2,164.0
Q5IJ48,G164D,0.2074,benign,CRB2,164.0
Q5IJ48,G164E,0.1556,benign,CRB2,164.0
Q5IJ48,G164F,0.5467,ambiguous,CRB2,164.0
Q5IJ48,G164H,0.2863,benign,CRB2,164.0
Q5IJ48,G164I,0.374,ambiguous,CRB2,164.0
Q5IJ48,G164K,0.4095,ambiguous,CRB2,164.0
Q5IJ48,G164L,0.2942,benign,CRB2,164.0
Q5IJ48,G164M,0.4318,ambiguous,CRB2,164.0
Q5IJ48,G164N,0.3583,ambiguous,CRB2,164.0
Q5IJ48,G164P,0.9413,pathogenic,CRB2,164.0
Q5IJ48,G164Q,0.2361,benign,CRB2,164.0
Q5IJ48,G164R,0.1823,benign,CRB2,164.0
Q5IJ48,G164S,0.1029,benign,CRB2,164.0
Q5IJ48,G164T,0.1631,benign,CRB2,164.0
Q5IJ48,G164V,0.2248,benign,CRB2,164.0
Q5IJ48,G164W,0.3293,benign,CRB2,164.0
Q5IJ48,G164Y,0.4748,ambiguous,CRB2,164.0
Q5IJ48,V165A,0.112,benign,CRB2,165.0
Q5IJ48,V165C,0.9216,pathogenic,CRB2,165.0
Q5IJ48,V165D,0.2837,benign,CRB2,165.0
Q5IJ48,V165E,0.1714,benign,CRB2,165.0
Q5IJ48,V165F,0.1413,benign,CRB2,165.0
Q5IJ48,V165G,0.1671,benign,CRB2,165.0
Q5IJ48,V165H,0.5397,ambiguous,CRB2,165.0
Q5IJ48,V165I,0.0828,benign,CRB2,165.0
Q5IJ48,V165K,0.3017,benign,CRB2,165.0
Q5IJ48,V165L,0.147,benign,CRB2,165.0
Q5IJ48,V165M,0.1362,benign,CRB2,165.0
Q5IJ48,V165N,0.3033,benign,CRB2,165.0
Q5IJ48,V165P,0.2173,benign,CRB2,165.0
Q5IJ48,V165Q,0.2372,benign,CRB2,165.0
Q5IJ48,V165R,0.1929,benign,CRB2,165.0
Q5IJ48,V165S,0.1971,benign,CRB2,165.0
Q5IJ48,V165T,0.1576,benign,CRB2,165.0
Q5IJ48,V165W,0.6631,pathogenic,CRB2,165.0
Q5IJ48,V165Y,0.6061,pathogenic,CRB2,165.0
Q5IJ48,G166A,0.208,benign,CRB2,166.0
Q5IJ48,G166C,0.7963,pathogenic,CRB2,166.0
Q5IJ48,G166D,0.2823,benign,CRB2,166.0
Q5IJ48,G166E,0.4915,ambiguous,CRB2,166.0
Q5IJ48,G166F,0.8344,pathogenic,CRB2,166.0
Q5IJ48,G166H,0.6344,pathogenic,CRB2,166.0
Q5IJ48,G166I,0.8275,pathogenic,CRB2,166.0
Q5IJ48,G166K,0.8583,pathogenic,CRB2,166.0
Q5IJ48,G166L,0.6894,pathogenic,CRB2,166.0
Q5IJ48,G166M,0.8673,pathogenic,CRB2,166.0
Q5IJ48,G166N,0.4282,ambiguous,CRB2,166.0
Q5IJ48,G166P,0.9379,pathogenic,CRB2,166.0
Q5IJ48,G166Q,0.6093,pathogenic,CRB2,166.0
Q5IJ48,G166R,0.566,pathogenic,CRB2,166.0
Q5IJ48,G166S,0.1536,benign,CRB2,166.0
Q5IJ48,G166T,0.5127,ambiguous,CRB2,166.0
Q5IJ48,G166V,0.6692,pathogenic,CRB2,166.0
Q5IJ48,G166W,0.694,pathogenic,CRB2,166.0
Q5IJ48,G166Y,0.7472,pathogenic,CRB2,166.0
Q5IJ48,S167A,0.1164,benign,CRB2,167.0
Q5IJ48,S167C,0.4947,ambiguous,CRB2,167.0
Q5IJ48,S167D,0.3649,ambiguous,CRB2,167.0
Q5IJ48,S167E,0.4618,ambiguous,CRB2,167.0
Q5IJ48,S167F,0.1618,benign,CRB2,167.0
Q5IJ48,S167G,0.12,benign,CRB2,167.0
Q5IJ48,S167H,0.328,benign,CRB2,167.0
Q5IJ48,S167I,0.3174,benign,CRB2,167.0
Q5IJ48,S167K,0.7676,pathogenic,CRB2,167.0
Q5IJ48,S167L,0.1764,benign,CRB2,167.0
Q5IJ48,S167M,0.3712,ambiguous,CRB2,167.0
Q5IJ48,S167N,0.2438,benign,CRB2,167.0
Q5IJ48,S167P,0.704,pathogenic,CRB2,167.0
Q5IJ48,S167Q,0.4729,ambiguous,CRB2,167.0
Q5IJ48,S167R,0.4956,ambiguous,CRB2,167.0
Q5IJ48,S167T,0.137,benign,CRB2,167.0
Q5IJ48,S167V,0.2827,benign,CRB2,167.0
Q5IJ48,S167W,0.2431,benign,CRB2,167.0
Q5IJ48,S167Y,0.1919,benign,CRB2,167.0
Q5IJ48,F168A,0.7647,pathogenic,CRB2,168.0
Q5IJ48,F168C,0.8167,pathogenic,CRB2,168.0
Q5IJ48,F168D,0.8499,pathogenic,CRB2,168.0
Q5IJ48,F168E,0.9157,pathogenic,CRB2,168.0
Q5IJ48,F168G,0.8477,pathogenic,CRB2,168.0
Q5IJ48,F168H,0.5803,pathogenic,CRB2,168.0
Q5IJ48,F168I,0.6614,pathogenic,CRB2,168.0
Q5IJ48,F168K,0.9536,pathogenic,CRB2,168.0
Q5IJ48,F168L,0.9137,pathogenic,CRB2,168.0
Q5IJ48,F168M,0.8671,pathogenic,CRB2,168.0
Q5IJ48,F168N,0.7987,pathogenic,CRB2,168.0
Q5IJ48,F168P,0.9525,pathogenic,CRB2,168.0
Q5IJ48,F168Q,0.8561,pathogenic,CRB2,168.0
Q5IJ48,F168R,0.8204,pathogenic,CRB2,168.0
Q5IJ48,F168S,0.5428,ambiguous,CRB2,168.0
Q5IJ48,F168T,0.7822,pathogenic,CRB2,168.0
Q5IJ48,F168V,0.5341,ambiguous,CRB2,168.0
Q5IJ48,F168W,0.3761,ambiguous,CRB2,168.0
Q5IJ48,F168Y,0.0859,benign,CRB2,168.0
Q5IJ48,R169A,0.2261,benign,CRB2,169.0
Q5IJ48,R169C,0.3186,benign,CRB2,169.0
Q5IJ48,R169D,0.388,ambiguous,CRB2,169.0
Q5IJ48,R169E,0.2403,benign,CRB2,169.0
Q5IJ48,R169F,0.3881,ambiguous,CRB2,169.0
Q5IJ48,R169G,0.1619,benign,CRB2,169.0
Q5IJ48,R169H,0.0831,benign,CRB2,169.0
Q5IJ48,R169I,0.2275,benign,CRB2,169.0
Q5IJ48,R169K,0.2716,benign,CRB2,169.0
Q5IJ48,R169L,0.1182,benign,CRB2,169.0
Q5IJ48,R169M,0.3644,ambiguous,CRB2,169.0
Q5IJ48,R169N,0.4328,ambiguous,CRB2,169.0
Q5IJ48,R169P,0.6548,pathogenic,CRB2,169.0
Q5IJ48,R169Q,0.0895,benign,CRB2,169.0
Q5IJ48,R169S,0.2037,benign,CRB2,169.0
Q5IJ48,R169T,0.1448,benign,CRB2,169.0
Q5IJ48,R169V,0.2353,benign,CRB2,169.0
Q5IJ48,R169W,0.1294,benign,CRB2,169.0
Q5IJ48,R169Y,0.3198,benign,CRB2,169.0
Q5IJ48,C170A,0.9672,pathogenic,CRB2,170.0
Q5IJ48,C170D,0.9936,pathogenic,CRB2,170.0
Q5IJ48,C170E,0.9953,pathogenic,CRB2,170.0
Q5IJ48,C170F,0.9553,pathogenic,CRB2,170.0
Q5IJ48,C170G,0.8662,pathogenic,CRB2,170.0
Q5IJ48,C170H,0.9924,pathogenic,CRB2,170.0
Q5IJ48,C170I,0.9859,pathogenic,CRB2,170.0
Q5IJ48,C170K,0.9986,pathogenic,CRB2,170.0
Q5IJ48,C170L,0.9468,pathogenic,CRB2,170.0
Q5IJ48,C170M,0.9909,pathogenic,CRB2,170.0
Q5IJ48,C170N,0.9932,pathogenic,CRB2,170.0
Q5IJ48,C170P,0.9862,pathogenic,CRB2,170.0
Q5IJ48,C170Q,0.995,pathogenic,CRB2,170.0
Q5IJ48,C170R,0.9744,pathogenic,CRB2,170.0
Q5IJ48,C170S,0.9769,pathogenic,CRB2,170.0
Q5IJ48,C170T,0.9881,pathogenic,CRB2,170.0
Q5IJ48,C170V,0.9655,pathogenic,CRB2,170.0
Q5IJ48,C170W,0.9636,pathogenic,CRB2,170.0
Q5IJ48,C170Y,0.9695,pathogenic,CRB2,170.0
Q5IJ48,V171A,0.0935,benign,CRB2,171.0
Q5IJ48,V171C,0.8134,pathogenic,CRB2,171.0
Q5IJ48,V171D,0.1518,benign,CRB2,171.0
Q5IJ48,V171E,0.122,benign,CRB2,171.0
Q5IJ48,V171F,0.1331,benign,CRB2,171.0
Q5IJ48,V171G,0.1343,benign,CRB2,171.0
Q5IJ48,V171H,0.306,benign,CRB2,171.0
Q5IJ48,V171I,0.1,benign,CRB2,171.0
Q5IJ48,V171K,0.2678,benign,CRB2,171.0
Q5IJ48,V171L,0.0995,benign,CRB2,171.0
Q5IJ48,V171M,0.1229,benign,CRB2,171.0
Q5IJ48,V171N,0.1836,benign,CRB2,171.0
Q5IJ48,V171P,0.4892,ambiguous,CRB2,171.0
Q5IJ48,V171Q,0.1506,benign,CRB2,171.0
Q5IJ48,V171R,0.1355,benign,CRB2,171.0
Q5IJ48,V171S,0.1171,benign,CRB2,171.0
Q5IJ48,V171T,0.1348,benign,CRB2,171.0
Q5IJ48,V171W,0.5607,ambiguous,CRB2,171.0
Q5IJ48,V171Y,0.4471,ambiguous,CRB2,171.0
Q5IJ48,C172A,0.9545,pathogenic,CRB2,172.0
Q5IJ48,C172D,0.991,pathogenic,CRB2,172.0
Q5IJ48,C172E,0.9941,pathogenic,CRB2,172.0
Q5IJ48,C172F,0.9363,pathogenic,CRB2,172.0
Q5IJ48,C172G,0.8225,pathogenic,CRB2,172.0
Q5IJ48,C172H,0.9876,pathogenic,CRB2,172.0
Q5IJ48,C172I,0.9888,pathogenic,CRB2,172.0
Q5IJ48,C172K,0.9981,pathogenic,CRB2,172.0
Q5IJ48,C172L,0.9324,pathogenic,CRB2,172.0
Q5IJ48,C172M,0.9903,pathogenic,CRB2,172.0
Q5IJ48,C172N,0.99,pathogenic,CRB2,172.0
Q5IJ48,C172P,0.9398,pathogenic,CRB2,172.0
Q5IJ48,C172Q,0.9924,pathogenic,CRB2,172.0
Q5IJ48,C172R,0.9545,pathogenic,CRB2,172.0
Q5IJ48,C172S,0.9597,pathogenic,CRB2,172.0
Q5IJ48,C172T,0.985,pathogenic,CRB2,172.0
Q5IJ48,C172V,0.9716,pathogenic,CRB2,172.0
Q5IJ48,C172W,0.9647,pathogenic,CRB2,172.0
Q5IJ48,C172Y,0.9719,pathogenic,CRB2,172.0
Q5IJ48,A173C,0.7716,pathogenic,CRB2,173.0
Q5IJ48,A173D,0.2086,benign,CRB2,173.0
Q5IJ48,A173E,0.1477,benign,CRB2,173.0
Q5IJ48,A173F,0.2689,benign,CRB2,173.0
Q5IJ48,A173G,0.1055,benign,CRB2,173.0
Q5IJ48,A173H,0.366,ambiguous,CRB2,173.0
Q5IJ48,A173I,0.232,benign,CRB2,173.0
Q5IJ48,A173K,0.3236,benign,CRB2,173.0
Q5IJ48,A173L,0.1092,benign,CRB2,173.0
Q5IJ48,A173M,0.1803,benign,CRB2,173.0
Q5IJ48,A173N,0.2687,benign,CRB2,173.0
Q5IJ48,A173P,0.1155,benign,CRB2,173.0
Q5IJ48,A173Q,0.2046,benign,CRB2,173.0
Q5IJ48,A173R,0.205,benign,CRB2,173.0
Q5IJ48,A173S,0.0904,benign,CRB2,173.0
Q5IJ48,A173T,0.0794,benign,CRB2,173.0
Q5IJ48,A173V,0.099,benign,CRB2,173.0
Q5IJ48,A173W,0.558,ambiguous,CRB2,173.0
Q5IJ48,A173Y,0.4795,ambiguous,CRB2,173.0
Q5IJ48,P174A,0.0645,benign,CRB2,174.0
Q5IJ48,P174C,0.8037,pathogenic,CRB2,174.0
Q5IJ48,P174D,0.3569,ambiguous,CRB2,174.0
Q5IJ48,P174E,0.2119,benign,CRB2,174.0
Q5IJ48,P174F,0.494,ambiguous,CRB2,174.0
Q5IJ48,P174G,0.2722,benign,CRB2,174.0
Q5IJ48,P174H,0.242,benign,CRB2,174.0
Q5IJ48,P174I,0.3728,ambiguous,CRB2,174.0
Q5IJ48,P174K,0.3535,ambiguous,CRB2,174.0
Q5IJ48,P174L,0.1021,benign,CRB2,174.0
Q5IJ48,P174M,0.3511,ambiguous,CRB2,174.0
Q5IJ48,P174N,0.3913,ambiguous,CRB2,174.0
Q5IJ48,P174Q,0.1548,benign,CRB2,174.0
Q5IJ48,P174R,0.1326,benign,CRB2,174.0
Q5IJ48,P174S,0.1048,benign,CRB2,174.0
Q5IJ48,P174T,0.113,benign,CRB2,174.0
Q5IJ48,P174V,0.2056,benign,CRB2,174.0
Q5IJ48,P174W,0.4955,ambiguous,CRB2,174.0
Q5IJ48,P174Y,0.5367,ambiguous,CRB2,174.0
Q5IJ48,G175A,0.5855,pathogenic,CRB2,175.0
Q5IJ48,G175C,0.9585,pathogenic,CRB2,175.0
Q5IJ48,G175D,0.818,pathogenic,CRB2,175.0
Q5IJ48,G175E,0.8766,pathogenic,CRB2,175.0
Q5IJ48,G175F,0.969,pathogenic,CRB2,175.0
Q5IJ48,G175H,0.9453,pathogenic,CRB2,175.0
Q5IJ48,G175I,0.968,pathogenic,CRB2,175.0
Q5IJ48,G175K,0.9769,pathogenic,CRB2,175.0
Q5IJ48,G175L,0.9467,pathogenic,CRB2,175.0
Q5IJ48,G175M,0.9837,pathogenic,CRB2,175.0
Q5IJ48,G175N,0.894,pathogenic,CRB2,175.0
Q5IJ48,G175P,0.9736,pathogenic,CRB2,175.0
Q5IJ48,G175Q,0.9272,pathogenic,CRB2,175.0
Q5IJ48,G175R,0.8849,pathogenic,CRB2,175.0
Q5IJ48,G175S,0.4469,ambiguous,CRB2,175.0
Q5IJ48,G175T,0.8478,pathogenic,CRB2,175.0
Q5IJ48,G175V,0.9178,pathogenic,CRB2,175.0
Q5IJ48,G175W,0.9266,pathogenic,CRB2,175.0
Q5IJ48,G175Y,0.9582,pathogenic,CRB2,175.0
Q5IJ48,Y176A,0.8892,pathogenic,CRB2,176.0
Q5IJ48,Y176C,0.8853,pathogenic,CRB2,176.0
Q5IJ48,Y176D,0.8362,pathogenic,CRB2,176.0
Q5IJ48,Y176E,0.9393,pathogenic,CRB2,176.0
Q5IJ48,Y176F,0.0926,benign,CRB2,176.0
Q5IJ48,Y176G,0.8639,pathogenic,CRB2,176.0
Q5IJ48,Y176H,0.5822,pathogenic,CRB2,176.0
Q5IJ48,Y176I,0.88,pathogenic,CRB2,176.0
Q5IJ48,Y176K,0.9486,pathogenic,CRB2,176.0
Q5IJ48,Y176L,0.798,pathogenic,CRB2,176.0
Q5IJ48,Y176M,0.9014,pathogenic,CRB2,176.0
Q5IJ48,Y176N,0.7335,pathogenic,CRB2,176.0
Q5IJ48,Y176P,0.9774,pathogenic,CRB2,176.0
Q5IJ48,Y176Q,0.8989,pathogenic,CRB2,176.0
Q5IJ48,Y176R,0.8318,pathogenic,CRB2,176.0
Q5IJ48,Y176S,0.7036,pathogenic,CRB2,176.0
Q5IJ48,Y176T,0.8893,pathogenic,CRB2,176.0
Q5IJ48,Y176V,0.8209,pathogenic,CRB2,176.0
Q5IJ48,Y176W,0.4439,ambiguous,CRB2,176.0
Q5IJ48,G177A,0.0754,benign,CRB2,177.0
Q5IJ48,G177C,0.4742,ambiguous,CRB2,177.0
Q5IJ48,G177D,0.1743,benign,CRB2,177.0
Q5IJ48,G177E,0.1213,benign,CRB2,177.0
Q5IJ48,G177F,0.4858,ambiguous,CRB2,177.0
Q5IJ48,G177H,0.2423,benign,CRB2,177.0
Q5IJ48,G177I,0.2868,benign,CRB2,177.0
Q5IJ48,G177K,0.2932,benign,CRB2,177.0
Q5IJ48,G177L,0.2547,benign,CRB2,177.0
Q5IJ48,G177M,0.3823,ambiguous,CRB2,177.0
Q5IJ48,G177N,0.2901,benign,CRB2,177.0
Q5IJ48,G177P,0.8477,pathogenic,CRB2,177.0
Q5IJ48,G177Q,0.1698,benign,CRB2,177.0
Q5IJ48,G177R,0.1405,benign,CRB2,177.0
Q5IJ48,G177S,0.0847,benign,CRB2,177.0
Q5IJ48,G177T,0.1114,benign,CRB2,177.0
Q5IJ48,G177V,0.1706,benign,CRB2,177.0
Q5IJ48,G177W,0.3,benign,CRB2,177.0
Q5IJ48,G177Y,0.421,ambiguous,CRB2,177.0
Q5IJ48,G178A,0.4632,ambiguous,CRB2,178.0
Q5IJ48,G178C,0.9274,pathogenic,CRB2,178.0
Q5IJ48,G178D,0.3626,ambiguous,CRB2,178.0
Q5IJ48,G178E,0.6071,pathogenic,CRB2,178.0
Q5IJ48,G178F,0.9205,pathogenic,CRB2,178.0
Q5IJ48,G178H,0.807,pathogenic,CRB2,178.0
Q5IJ48,G178I,0.9061,pathogenic,CRB2,178.0
Q5IJ48,G178K,0.8854,pathogenic,CRB2,178.0
Q5IJ48,G178L,0.8451,pathogenic,CRB2,178.0
Q5IJ48,G178M,0.8971,pathogenic,CRB2,178.0
Q5IJ48,G178N,0.5814,pathogenic,CRB2,178.0
Q5IJ48,G178P,0.9577,pathogenic,CRB2,178.0
Q5IJ48,G178Q,0.7541,pathogenic,CRB2,178.0
Q5IJ48,G178R,0.7547,pathogenic,CRB2,178.0
Q5IJ48,G178S,0.2081,benign,CRB2,178.0
Q5IJ48,G178T,0.6411,pathogenic,CRB2,178.0
Q5IJ48,G178V,0.819,pathogenic,CRB2,178.0
Q5IJ48,G178W,0.8533,pathogenic,CRB2,178.0
Q5IJ48,G178Y,0.8986,pathogenic,CRB2,178.0
Q5IJ48,T179A,0.0553,benign,CRB2,179.0
Q5IJ48,T179C,0.54,ambiguous,CRB2,179.0
Q5IJ48,T179D,0.1035,benign,CRB2,179.0
Q5IJ48,T179E,0.0972,benign,CRB2,179.0
Q5IJ48,T179F,0.1419,benign,CRB2,179.0
Q5IJ48,T179G,0.1014,benign,CRB2,179.0
Q5IJ48,T179H,0.1442,benign,CRB2,179.0
Q5IJ48,T179I,0.1077,benign,CRB2,179.0
Q5IJ48,T179K,0.1324,benign,CRB2,179.0
Q5IJ48,T179L,0.0709,benign,CRB2,179.0
Q5IJ48,T179M,0.0835,benign,CRB2,179.0
Q5IJ48,T179N,0.0757,benign,CRB2,179.0
Q5IJ48,T179P,0.0553,benign,CRB2,179.0
Q5IJ48,T179Q,0.1008,benign,CRB2,179.0
Q5IJ48,T179R,0.0891,benign,CRB2,179.0
Q5IJ48,T179S,0.0652,benign,CRB2,179.0
Q5IJ48,T179V,0.0886,benign,CRB2,179.0
Q5IJ48,T179W,0.2619,benign,CRB2,179.0
Q5IJ48,T179Y,0.1919,benign,CRB2,179.0
Q5IJ48,R180A,0.0925,benign,CRB2,180.0
Q5IJ48,R180C,0.2116,benign,CRB2,180.0
Q5IJ48,R180D,0.1573,benign,CRB2,180.0
Q5IJ48,R180E,0.1397,benign,CRB2,180.0
Q5IJ48,R180F,0.2454,benign,CRB2,180.0
Q5IJ48,R180G,0.0642,benign,CRB2,180.0
Q5IJ48,R180H,0.0703,benign,CRB2,180.0
Q5IJ48,R180I,0.1557,benign,CRB2,180.0
Q5IJ48,R180K,0.1787,benign,CRB2,180.0
Q5IJ48,R180L,0.0837,benign,CRB2,180.0
Q5IJ48,R180M,0.192,benign,CRB2,180.0
Q5IJ48,R180N,0.1706,benign,CRB2,180.0
Q5IJ48,R180P,0.2074,benign,CRB2,180.0
Q5IJ48,R180Q,0.0746,benign,CRB2,180.0
Q5IJ48,R180S,0.0815,benign,CRB2,180.0
Q5IJ48,R180T,0.079,benign,CRB2,180.0
Q5IJ48,R180V,0.1585,benign,CRB2,180.0
Q5IJ48,R180W,0.1038,benign,CRB2,180.0
Q5IJ48,R180Y,0.1842,benign,CRB2,180.0
Q5IJ48,C181A,0.9841,pathogenic,CRB2,181.0
Q5IJ48,C181D,0.9941,pathogenic,CRB2,181.0
Q5IJ48,C181E,0.9959,pathogenic,CRB2,181.0
Q5IJ48,C181F,0.9637,pathogenic,CRB2,181.0
Q5IJ48,C181G,0.8727,pathogenic,CRB2,181.0
Q5IJ48,C181H,0.993,pathogenic,CRB2,181.0
Q5IJ48,C181I,0.9931,pathogenic,CRB2,181.0
Q5IJ48,C181K,0.9987,pathogenic,CRB2,181.0
Q5IJ48,C181L,0.9566,pathogenic,CRB2,181.0
Q5IJ48,C181M,0.9943,pathogenic,CRB2,181.0
Q5IJ48,C181N,0.9944,pathogenic,CRB2,181.0
Q5IJ48,C181P,0.99,pathogenic,CRB2,181.0
Q5IJ48,C181Q,0.9948,pathogenic,CRB2,181.0
Q5IJ48,C181R,0.9768,pathogenic,CRB2,181.0
Q5IJ48,C181S,0.9855,pathogenic,CRB2,181.0
Q5IJ48,C181T,0.995,pathogenic,CRB2,181.0
Q5IJ48,C181V,0.9858,pathogenic,CRB2,181.0
Q5IJ48,C181W,0.9639,pathogenic,CRB2,181.0
Q5IJ48,C181Y,0.9713,pathogenic,CRB2,181.0
Q5IJ48,Q182A,0.2153,benign,CRB2,182.0
Q5IJ48,Q182C,0.9119,pathogenic,CRB2,182.0
Q5IJ48,Q182D,0.3077,benign,CRB2,182.0
Q5IJ48,Q182E,0.0615,benign,CRB2,182.0
Q5IJ48,Q182F,0.7384,pathogenic,CRB2,182.0
Q5IJ48,Q182G,0.2505,benign,CRB2,182.0
Q5IJ48,Q182H,0.289,benign,CRB2,182.0
Q5IJ48,Q182I,0.6249,pathogenic,CRB2,182.0
Q5IJ48,Q182K,0.2914,benign,CRB2,182.0
Q5IJ48,Q182L,0.1857,benign,CRB2,182.0
Q5IJ48,Q182M,0.5243,ambiguous,CRB2,182.0
Q5IJ48,Q182N,0.4139,ambiguous,CRB2,182.0
Q5IJ48,Q182P,0.2945,benign,CRB2,182.0
Q5IJ48,Q182R,0.15,benign,CRB2,182.0
Q5IJ48,Q182S,0.2332,benign,CRB2,182.0
Q5IJ48,Q182T,0.2966,benign,CRB2,182.0
Q5IJ48,Q182V,0.3788,ambiguous,CRB2,182.0
Q5IJ48,Q182W,0.5918,pathogenic,CRB2,182.0
Q5IJ48,Q182Y,0.6123,pathogenic,CRB2,182.0
Q5IJ48,L183A,0.1203,benign,CRB2,183.0
Q5IJ48,L183C,0.6454,pathogenic,CRB2,183.0
Q5IJ48,L183D,0.2429,benign,CRB2,183.0
Q5IJ48,L183E,0.095,benign,CRB2,183.0
Q5IJ48,L183F,0.1471,benign,CRB2,183.0
Q5IJ48,L183G,0.233,benign,CRB2,183.0
Q5IJ48,L183H,0.1225,benign,CRB2,183.0
Q5IJ48,L183I,0.1289,benign,CRB2,183.0
Q5IJ48,L183K,0.1364,benign,CRB2,183.0
Q5IJ48,L183M,0.1252,benign,CRB2,183.0
Q5IJ48,L183N,0.1973,benign,CRB2,183.0
Q5IJ48,L183P,0.4192,ambiguous,CRB2,183.0
Q5IJ48,L183Q,0.0573,benign,CRB2,183.0
Q5IJ48,L183R,0.0602,benign,CRB2,183.0
Q5IJ48,L183S,0.1619,benign,CRB2,183.0
Q5IJ48,L183T,0.1294,benign,CRB2,183.0
Q5IJ48,L183V,0.0843,benign,CRB2,183.0
Q5IJ48,L183W,0.1177,benign,CRB2,183.0
Q5IJ48,L183Y,0.2691,benign,CRB2,183.0
Q5IJ48,D184A,0.4227,ambiguous,CRB2,184.0
Q5IJ48,D184C,0.9712,pathogenic,CRB2,184.0
Q5IJ48,D184E,0.4169,ambiguous,CRB2,184.0
Q5IJ48,D184F,0.8724,pathogenic,CRB2,184.0
Q5IJ48,D184G,0.5087,ambiguous,CRB2,184.0
Q5IJ48,D184H,0.5902,pathogenic,CRB2,184.0
Q5IJ48,D184I,0.7642,pathogenic,CRB2,184.0
Q5IJ48,D184K,0.8344,pathogenic,CRB2,184.0
Q5IJ48,D184L,0.6158,pathogenic,CRB2,184.0
Q5IJ48,D184M,0.9114,pathogenic,CRB2,184.0
Q5IJ48,D184N,0.1632,benign,CRB2,184.0
Q5IJ48,D184P,0.6831,pathogenic,CRB2,184.0
Q5IJ48,D184Q,0.659,pathogenic,CRB2,184.0
Q5IJ48,D184R,0.7359,pathogenic,CRB2,184.0
Q5IJ48,D184S,0.3174,benign,CRB2,184.0
Q5IJ48,D184T,0.695,pathogenic,CRB2,184.0
Q5IJ48,D184V,0.5389,ambiguous,CRB2,184.0
Q5IJ48,D184W,0.9639,pathogenic,CRB2,184.0
Q5IJ48,D184Y,0.5585,ambiguous,CRB2,184.0
Q5IJ48,L185A,0.1837,benign,CRB2,185.0
Q5IJ48,L185C,0.7127,pathogenic,CRB2,185.0
Q5IJ48,L185D,0.5416,ambiguous,CRB2,185.0
Q5IJ48,L185E,0.2284,benign,CRB2,185.0
Q5IJ48,L185F,0.1736,benign,CRB2,185.0
Q5IJ48,L185G,0.3597,ambiguous,CRB2,185.0
Q5IJ48,L185H,0.2332,benign,CRB2,185.0
Q5IJ48,L185I,0.0961,benign,CRB2,185.0
Q5IJ48,L185K,0.2669,benign,CRB2,185.0
Q5IJ48,L185M,0.1559,benign,CRB2,185.0
Q5IJ48,L185N,0.4261,ambiguous,CRB2,185.0
Q5IJ48,L185P,0.3885,ambiguous,CRB2,185.0
Q5IJ48,L185Q,0.1211,benign,CRB2,185.0
Q5IJ48,L185R,0.0943,benign,CRB2,185.0
Q5IJ48,L185S,0.2658,benign,CRB2,185.0
Q5IJ48,L185T,0.168,benign,CRB2,185.0
Q5IJ48,L185V,0.0751,benign,CRB2,185.0
Q5IJ48,L185W,0.2178,benign,CRB2,185.0
Q5IJ48,L185Y,0.455,ambiguous,CRB2,185.0
Q5IJ48,D186A,0.3543,ambiguous,CRB2,186.0
Q5IJ48,D186C,0.9542,pathogenic,CRB2,186.0
Q5IJ48,D186E,0.4538,ambiguous,CRB2,186.0
Q5IJ48,D186F,0.857,pathogenic,CRB2,186.0
Q5IJ48,D186G,0.3374,benign,CRB2,186.0
Q5IJ48,D186H,0.5127,ambiguous,CRB2,186.0
Q5IJ48,D186I,0.7832,pathogenic,CRB2,186.0
Q5IJ48,D186K,0.6972,pathogenic,CRB2,186.0
Q5IJ48,D186L,0.5699,pathogenic,CRB2,186.0
Q5IJ48,D186M,0.867,pathogenic,CRB2,186.0
Q5IJ48,D186N,0.1262,benign,CRB2,186.0
Q5IJ48,D186P,0.6662,pathogenic,CRB2,186.0
Q5IJ48,D186Q,0.5604,ambiguous,CRB2,186.0
Q5IJ48,D186R,0.5825,pathogenic,CRB2,186.0
Q5IJ48,D186S,0.2496,benign,CRB2,186.0
Q5IJ48,D186T,0.5916,pathogenic,CRB2,186.0
Q5IJ48,D186V,0.5274,ambiguous,CRB2,186.0
Q5IJ48,D186W,0.9386,pathogenic,CRB2,186.0
Q5IJ48,D186Y,0.4945,ambiguous,CRB2,186.0
Q5IJ48,E187A,0.6139,pathogenic,CRB2,187.0
Q5IJ48,E187C,0.9955,pathogenic,CRB2,187.0
Q5IJ48,E187D,0.5265,ambiguous,CRB2,187.0
Q5IJ48,E187F,0.9842,pathogenic,CRB2,187.0
Q5IJ48,E187G,0.7075,pathogenic,CRB2,187.0
Q5IJ48,E187H,0.8964,pathogenic,CRB2,187.0
Q5IJ48,E187I,0.945,pathogenic,CRB2,187.0
Q5IJ48,E187K,0.646,pathogenic,CRB2,187.0
Q5IJ48,E187L,0.9343,pathogenic,CRB2,187.0
Q5IJ48,E187M,0.9618,pathogenic,CRB2,187.0
Q5IJ48,E187N,0.8595,pathogenic,CRB2,187.0
Q5IJ48,E187P,0.8992,pathogenic,CRB2,187.0
Q5IJ48,E187Q,0.5388,ambiguous,CRB2,187.0
Q5IJ48,E187R,0.6774,pathogenic,CRB2,187.0
Q5IJ48,E187S,0.7568,pathogenic,CRB2,187.0
Q5IJ48,E187T,0.8518,pathogenic,CRB2,187.0
Q5IJ48,E187V,0.8673,pathogenic,CRB2,187.0
Q5IJ48,E187W,0.9923,pathogenic,CRB2,187.0
Q5IJ48,E187Y,0.9693,pathogenic,CRB2,187.0
Q5IJ48,C188A,0.9771,pathogenic,CRB2,188.0
Q5IJ48,C188D,0.9903,pathogenic,CRB2,188.0
Q5IJ48,C188E,0.992,pathogenic,CRB2,188.0
Q5IJ48,C188F,0.9389,pathogenic,CRB2,188.0
Q5IJ48,C188G,0.8545,pathogenic,CRB2,188.0
Q5IJ48,C188H,0.9874,pathogenic,CRB2,188.0
Q5IJ48,C188I,0.9871,pathogenic,CRB2,188.0
Q5IJ48,C188K,0.9969,pathogenic,CRB2,188.0
Q5IJ48,C188L,0.9499,pathogenic,CRB2,188.0
Q5IJ48,C188M,0.9874,pathogenic,CRB2,188.0
Q5IJ48,C188N,0.9895,pathogenic,CRB2,188.0
Q5IJ48,C188P,0.9887,pathogenic,CRB2,188.0
Q5IJ48,C188Q,0.9926,pathogenic,CRB2,188.0
Q5IJ48,C188R,0.9632,pathogenic,CRB2,188.0
Q5IJ48,C188S,0.9823,pathogenic,CRB2,188.0
Q5IJ48,C188T,0.9903,pathogenic,CRB2,188.0
Q5IJ48,C188V,0.974,pathogenic,CRB2,188.0
Q5IJ48,C188W,0.9484,pathogenic,CRB2,188.0
Q5IJ48,C188Y,0.9468,pathogenic,CRB2,188.0
Q5IJ48,Q189A,0.1284,benign,CRB2,189.0
Q5IJ48,Q189C,0.7004,pathogenic,CRB2,189.0
Q5IJ48,Q189D,0.2732,benign,CRB2,189.0
Q5IJ48,Q189E,0.0786,benign,CRB2,189.0
Q5IJ48,Q189F,0.4901,ambiguous,CRB2,189.0
Q5IJ48,Q189G,0.1501,benign,CRB2,189.0
Q5IJ48,Q189H,0.1596,benign,CRB2,189.0
Q5IJ48,Q189I,0.357,ambiguous,CRB2,189.0
Q5IJ48,Q189K,0.1365,benign,CRB2,189.0
Q5IJ48,Q189L,0.0947,benign,CRB2,189.0
Q5IJ48,Q189M,0.4042,ambiguous,CRB2,189.0
Q5IJ48,Q189N,0.2839,benign,CRB2,189.0
Q5IJ48,Q189P,0.178,benign,CRB2,189.0
Q5IJ48,Q189R,0.0676,benign,CRB2,189.0
Q5IJ48,Q189S,0.1647,benign,CRB2,189.0
Q5IJ48,Q189T,0.2041,benign,CRB2,189.0
Q5IJ48,Q189V,0.198,benign,CRB2,189.0
Q5IJ48,Q189W,0.3021,benign,CRB2,189.0
Q5IJ48,Q189Y,0.3714,ambiguous,CRB2,189.0
Q5IJ48,S190A,0.2065,benign,CRB2,190.0
Q5IJ48,S190C,0.7592,pathogenic,CRB2,190.0
Q5IJ48,S190D,0.5209,ambiguous,CRB2,190.0
Q5IJ48,S190E,0.604,pathogenic,CRB2,190.0
Q5IJ48,S190F,0.5008,ambiguous,CRB2,190.0
Q5IJ48,S190G,0.1521,benign,CRB2,190.0
Q5IJ48,S190H,0.5605,ambiguous,CRB2,190.0
Q5IJ48,S190I,0.4866,ambiguous,CRB2,190.0
Q5IJ48,S190K,0.868,pathogenic,CRB2,190.0
Q5IJ48,S190L,0.3275,benign,CRB2,190.0
Q5IJ48,S190M,0.5481,ambiguous,CRB2,190.0
Q5IJ48,S190N,0.3212,benign,CRB2,190.0
Q5IJ48,S190P,0.4058,ambiguous,CRB2,190.0
Q5IJ48,S190Q,0.6179,pathogenic,CRB2,190.0
Q5IJ48,S190R,0.7365,pathogenic,CRB2,190.0
Q5IJ48,S190T,0.2156,benign,CRB2,190.0
Q5IJ48,S190V,0.4751,ambiguous,CRB2,190.0
Q5IJ48,S190W,0.4468,ambiguous,CRB2,190.0
Q5IJ48,S190Y,0.4431,ambiguous,CRB2,190.0
Q5IJ48,Q191A,0.1517,benign,CRB2,191.0
Q5IJ48,Q191C,0.7817,pathogenic,CRB2,191.0
Q5IJ48,Q191D,0.284,benign,CRB2,191.0
Q5IJ48,Q191E,0.0911,benign,CRB2,191.0
Q5IJ48,Q191F,0.5253,ambiguous,CRB2,191.0
Q5IJ48,Q191G,0.1678,benign,CRB2,191.0
Q5IJ48,Q191H,0.2037,benign,CRB2,191.0
Q5IJ48,Q191I,0.4364,ambiguous,CRB2,191.0
Q5IJ48,Q191K,0.1316,benign,CRB2,191.0
Q5IJ48,Q191L,0.1069,benign,CRB2,191.0
Q5IJ48,Q191M,0.3832,ambiguous,CRB2,191.0
Q5IJ48,Q191N,0.2588,benign,CRB2,191.0
Q5IJ48,Q191P,0.1683,benign,CRB2,191.0
Q5IJ48,Q191R,0.072,benign,CRB2,191.0
Q5IJ48,Q191S,0.1552,benign,CRB2,191.0
Q5IJ48,Q191T,0.2097,benign,CRB2,191.0
Q5IJ48,Q191V,0.233,benign,CRB2,191.0
Q5IJ48,Q191W,0.3329,benign,CRB2,191.0
Q5IJ48,Q191Y,0.3999,ambiguous,CRB2,191.0
Q5IJ48,P192A,0.4347,ambiguous,CRB2,192.0
Q5IJ48,P192C,0.9848,pathogenic,CRB2,192.0
Q5IJ48,P192D,0.9273,pathogenic,CRB2,192.0
Q5IJ48,P192E,0.8546,pathogenic,CRB2,192.0
Q5IJ48,P192F,0.9368,pathogenic,CRB2,192.0
Q5IJ48,P192G,0.831,pathogenic,CRB2,192.0
Q5IJ48,P192H,0.7926,pathogenic,CRB2,192.0
Q5IJ48,P192I,0.8238,pathogenic,CRB2,192.0
Q5IJ48,P192K,0.899,pathogenic,CRB2,192.0
Q5IJ48,P192L,0.5681,pathogenic,CRB2,192.0
Q5IJ48,P192M,0.8991,pathogenic,CRB2,192.0
Q5IJ48,P192N,0.9173,pathogenic,CRB2,192.0
Q5IJ48,P192Q,0.7527,pathogenic,CRB2,192.0
Q5IJ48,P192R,0.6558,pathogenic,CRB2,192.0
Q5IJ48,P192S,0.6966,pathogenic,CRB2,192.0
Q5IJ48,P192T,0.64,pathogenic,CRB2,192.0
Q5IJ48,P192V,0.6747,pathogenic,CRB2,192.0
Q5IJ48,P192W,0.9552,pathogenic,CRB2,192.0
Q5IJ48,P192Y,0.921,pathogenic,CRB2,192.0
Q5IJ48,C193A,0.9603,pathogenic,CRB2,193.0
Q5IJ48,C193D,0.9928,pathogenic,CRB2,193.0
Q5IJ48,C193E,0.9948,pathogenic,CRB2,193.0
Q5IJ48,C193F,0.9181,pathogenic,CRB2,193.0
Q5IJ48,C193G,0.8719,pathogenic,CRB2,193.0
Q5IJ48,C193H,0.9883,pathogenic,CRB2,193.0
Q5IJ48,C193I,0.9836,pathogenic,CRB2,193.0
Q5IJ48,C193K,0.9974,pathogenic,CRB2,193.0
Q5IJ48,C193L,0.9282,pathogenic,CRB2,193.0
Q5IJ48,C193M,0.9885,pathogenic,CRB2,193.0
Q5IJ48,C193N,0.9935,pathogenic,CRB2,193.0
Q5IJ48,C193P,0.974,pathogenic,CRB2,193.0
Q5IJ48,C193Q,0.9936,pathogenic,CRB2,193.0
Q5IJ48,C193R,0.9499,pathogenic,CRB2,193.0
Q5IJ48,C193S,0.9696,pathogenic,CRB2,193.0
Q5IJ48,C193T,0.9882,pathogenic,CRB2,193.0
Q5IJ48,C193V,0.9549,pathogenic,CRB2,193.0
Q5IJ48,C193W,0.9518,pathogenic,CRB2,193.0
Q5IJ48,C193Y,0.9669,pathogenic,CRB2,193.0
Q5IJ48,A194C,0.6398,pathogenic,CRB2,194.0
Q5IJ48,A194D,0.1764,benign,CRB2,194.0
Q5IJ48,A194E,0.1083,benign,CRB2,194.0
Q5IJ48,A194F,0.1864,benign,CRB2,194.0
Q5IJ48,A194G,0.1149,benign,CRB2,194.0
Q5IJ48,A194H,0.2722,benign,CRB2,194.0
Q5IJ48,A194I,0.1531,benign,CRB2,194.0
Q5IJ48,A194K,0.2303,benign,CRB2,194.0
Q5IJ48,A194L,0.0892,benign,CRB2,194.0
Q5IJ48,A194M,0.1595,benign,CRB2,194.0
Q5IJ48,A194N,0.2043,benign,CRB2,194.0
Q5IJ48,A194P,0.2314,benign,CRB2,194.0
Q5IJ48,A194Q,0.1508,benign,CRB2,194.0
Q5IJ48,A194R,0.1346,benign,CRB2,194.0
Q5IJ48,A194S,0.0887,benign,CRB2,194.0
Q5IJ48,A194T,0.0751,benign,CRB2,194.0
Q5IJ48,A194V,0.0832,benign,CRB2,194.0
Q5IJ48,A194W,0.4173,ambiguous,CRB2,194.0
Q5IJ48,A194Y,0.3395,benign,CRB2,194.0
Q5IJ48,H195A,0.4169,ambiguous,CRB2,195.0
Q5IJ48,H195C,0.6221,pathogenic,CRB2,195.0
Q5IJ48,H195D,0.3841,ambiguous,CRB2,195.0
Q5IJ48,H195E,0.4677,ambiguous,CRB2,195.0
Q5IJ48,H195F,0.3971,ambiguous,CRB2,195.0
Q5IJ48,H195G,0.3273,benign,CRB2,195.0
Q5IJ48,H195I,0.7573,pathogenic,CRB2,195.0
Q5IJ48,H195K,0.5279,ambiguous,CRB2,195.0
Q5IJ48,H195L,0.2509,benign,CRB2,195.0
Q5IJ48,H195M,0.7553,pathogenic,CRB2,195.0
Q5IJ48,H195N,0.106,benign,CRB2,195.0
Q5IJ48,H195P,0.3733,ambiguous,CRB2,195.0
Q5IJ48,H195Q,0.3324,benign,CRB2,195.0
Q5IJ48,H195R,0.1484,benign,CRB2,195.0
Q5IJ48,H195S,0.2676,benign,CRB2,195.0
Q5IJ48,H195T,0.5609,ambiguous,CRB2,195.0
Q5IJ48,H195V,0.6262,pathogenic,CRB2,195.0
Q5IJ48,H195W,0.3804,ambiguous,CRB2,195.0
Q5IJ48,H195Y,0.1497,benign,CRB2,195.0
Q5IJ48,G196A,0.1699,benign,CRB2,196.0
Q5IJ48,G196C,0.6065,pathogenic,CRB2,196.0
Q5IJ48,G196D,0.1443,benign,CRB2,196.0
Q5IJ48,G196E,0.1856,benign,CRB2,196.0
Q5IJ48,G196F,0.602,pathogenic,CRB2,196.0
Q5IJ48,G196H,0.2462,benign,CRB2,196.0
Q5IJ48,G196I,0.5751,pathogenic,CRB2,196.0
Q5IJ48,G196K,0.3487,ambiguous,CRB2,196.0
Q5IJ48,G196L,0.4501,ambiguous,CRB2,196.0
Q5IJ48,G196M,0.6218,pathogenic,CRB2,196.0
Q5IJ48,G196N,0.2405,benign,CRB2,196.0
Q5IJ48,G196P,0.8912,pathogenic,CRB2,196.0
Q5IJ48,G196Q,0.2105,benign,CRB2,196.0
Q5IJ48,G196R,0.1537,benign,CRB2,196.0
Q5IJ48,G196S,0.1084,benign,CRB2,196.0
Q5IJ48,G196T,0.2906,benign,CRB2,196.0
Q5IJ48,G196V,0.4147,ambiguous,CRB2,196.0
Q5IJ48,G196W,0.3587,ambiguous,CRB2,196.0
Q5IJ48,G196Y,0.465,ambiguous,CRB2,196.0
Q5IJ48,G197A,0.1889,benign,CRB2,197.0
Q5IJ48,G197C,0.8059,pathogenic,CRB2,197.0
Q5IJ48,G197D,0.8139,pathogenic,CRB2,197.0
Q5IJ48,G197E,0.7939,pathogenic,CRB2,197.0
Q5IJ48,G197F,0.9236,pathogenic,CRB2,197.0
Q5IJ48,G197H,0.8831,pathogenic,CRB2,197.0
Q5IJ48,G197I,0.8428,pathogenic,CRB2,197.0
Q5IJ48,G197K,0.9098,pathogenic,CRB2,197.0
Q5IJ48,G197L,0.8163,pathogenic,CRB2,197.0
Q5IJ48,G197M,0.8731,pathogenic,CRB2,197.0
Q5IJ48,G197N,0.8297,pathogenic,CRB2,197.0
Q5IJ48,G197P,0.973,pathogenic,CRB2,197.0
Q5IJ48,G197Q,0.8123,pathogenic,CRB2,197.0
Q5IJ48,G197R,0.7668,pathogenic,CRB2,197.0
Q5IJ48,G197S,0.208,benign,CRB2,197.0
Q5IJ48,G197T,0.6404,pathogenic,CRB2,197.0
Q5IJ48,G197V,0.6954,pathogenic,CRB2,197.0
Q5IJ48,G197W,0.8807,pathogenic,CRB2,197.0
Q5IJ48,G197Y,0.918,pathogenic,CRB2,197.0
Q5IJ48,T198A,0.0661,benign,CRB2,198.0
Q5IJ48,T198C,0.5794,pathogenic,CRB2,198.0
Q5IJ48,T198D,0.1661,benign,CRB2,198.0
Q5IJ48,T198E,0.1063,benign,CRB2,198.0
Q5IJ48,T198F,0.1228,benign,CRB2,198.0
Q5IJ48,T198G,0.1462,benign,CRB2,198.0
Q5IJ48,T198H,0.1409,benign,CRB2,198.0
Q5IJ48,T198I,0.0733,benign,CRB2,198.0
Q5IJ48,T198K,0.1015,benign,CRB2,198.0
Q5IJ48,T198L,0.0641,benign,CRB2,198.0
Q5IJ48,T198M,0.0822,benign,CRB2,198.0
Q5IJ48,T198N,0.092,benign,CRB2,198.0
Q5IJ48,T198P,0.181,benign,CRB2,198.0
Q5IJ48,T198Q,0.0971,benign,CRB2,198.0
Q5IJ48,T198R,0.0705,benign,CRB2,198.0
Q5IJ48,T198S,0.0824,benign,CRB2,198.0
Q5IJ48,T198V,0.0706,benign,CRB2,198.0
Q5IJ48,T198W,0.2805,benign,CRB2,198.0
Q5IJ48,T198Y,0.203,benign,CRB2,198.0
Q5IJ48,C199A,0.9634,pathogenic,CRB2,199.0
Q5IJ48,C199D,0.9961,pathogenic,CRB2,199.0
Q5IJ48,C199E,0.9961,pathogenic,CRB2,199.0
Q5IJ48,C199F,0.9465,pathogenic,CRB2,199.0
Q5IJ48,C199G,0.8742,pathogenic,CRB2,199.0
Q5IJ48,C199H,0.9908,pathogenic,CRB2,199.0
Q5IJ48,C199I,0.9808,pathogenic,CRB2,199.0
Q5IJ48,C199K,0.9981,pathogenic,CRB2,199.0
Q5IJ48,C199L,0.9443,pathogenic,CRB2,199.0
Q5IJ48,C199M,0.9926,pathogenic,CRB2,199.0
Q5IJ48,C199N,0.9945,pathogenic,CRB2,199.0
Q5IJ48,C199P,0.9705,pathogenic,CRB2,199.0
Q5IJ48,C199Q,0.9944,pathogenic,CRB2,199.0
Q5IJ48,C199R,0.9521,pathogenic,CRB2,199.0
Q5IJ48,C199S,0.9724,pathogenic,CRB2,199.0
Q5IJ48,C199T,0.9897,pathogenic,CRB2,199.0
Q5IJ48,C199V,0.9601,pathogenic,CRB2,199.0
Q5IJ48,C199W,0.9648,pathogenic,CRB2,199.0
Q5IJ48,C199Y,0.9716,pathogenic,CRB2,199.0
Q5IJ48,H200A,0.1674,benign,CRB2,200.0
Q5IJ48,H200C,0.3336,benign,CRB2,200.0
Q5IJ48,H200D,0.1642,benign,CRB2,200.0
Q5IJ48,H200E,0.1445,benign,CRB2,200.0
Q5IJ48,H200F,0.2119,benign,CRB2,200.0
Q5IJ48,H200G,0.2153,benign,CRB2,200.0
Q5IJ48,H200I,0.2057,benign,CRB2,200.0
Q5IJ48,H200K,0.2044,benign,CRB2,200.0
Q5IJ48,H200L,0.0719,benign,CRB2,200.0
Q5IJ48,H200M,0.3904,ambiguous,CRB2,200.0
Q5IJ48,H200N,0.124,benign,CRB2,200.0
Q5IJ48,H200P,0.3692,ambiguous,CRB2,200.0
Q5IJ48,H200Q,0.1051,benign,CRB2,200.0
Q5IJ48,H200R,0.056,benign,CRB2,200.0
Q5IJ48,H200S,0.147,benign,CRB2,200.0
Q5IJ48,H200T,0.1878,benign,CRB2,200.0
Q5IJ48,H200V,0.1512,benign,CRB2,200.0
Q5IJ48,H200W,0.1836,benign,CRB2,200.0
Q5IJ48,H200Y,0.096,benign,CRB2,200.0
Q5IJ48,D201A,0.8112,pathogenic,CRB2,201.0
Q5IJ48,D201C,0.993,pathogenic,CRB2,201.0
Q5IJ48,D201E,0.7705,pathogenic,CRB2,201.0
Q5IJ48,D201F,0.9742,pathogenic,CRB2,201.0
Q5IJ48,D201G,0.7473,pathogenic,CRB2,201.0
Q5IJ48,D201H,0.8091,pathogenic,CRB2,201.0
Q5IJ48,D201I,0.952,pathogenic,CRB2,201.0
Q5IJ48,D201K,0.9234,pathogenic,CRB2,201.0
Q5IJ48,D201L,0.9194,pathogenic,CRB2,201.0
Q5IJ48,D201M,0.9849,pathogenic,CRB2,201.0
Q5IJ48,D201N,0.2643,benign,CRB2,201.0
Q5IJ48,D201P,0.9381,pathogenic,CRB2,201.0
Q5IJ48,D201Q,0.8919,pathogenic,CRB2,201.0
Q5IJ48,D201R,0.8816,pathogenic,CRB2,201.0
Q5IJ48,D201S,0.4946,ambiguous,CRB2,201.0
Q5IJ48,D201T,0.8765,pathogenic,CRB2,201.0
Q5IJ48,D201V,0.8737,pathogenic,CRB2,201.0
Q5IJ48,D201W,0.9931,pathogenic,CRB2,201.0
Q5IJ48,D201Y,0.8069,pathogenic,CRB2,201.0
Q5IJ48,L202A,0.1268,benign,CRB2,202.0
Q5IJ48,L202C,0.7097,pathogenic,CRB2,202.0
Q5IJ48,L202D,0.4631,ambiguous,CRB2,202.0
Q5IJ48,L202E,0.1247,benign,CRB2,202.0
Q5IJ48,L202F,0.151,benign,CRB2,202.0
Q5IJ48,L202G,0.205,benign,CRB2,202.0
Q5IJ48,L202H,0.2169,benign,CRB2,202.0
Q5IJ48,L202I,0.2054,benign,CRB2,202.0
Q5IJ48,L202K,0.1836,benign,CRB2,202.0
Q5IJ48,L202M,0.1286,benign,CRB2,202.0
Q5IJ48,L202N,0.3692,ambiguous,CRB2,202.0
Q5IJ48,L202P,0.5964,pathogenic,CRB2,202.0
Q5IJ48,L202Q,0.0704,benign,CRB2,202.0
Q5IJ48,L202R,0.0775,benign,CRB2,202.0
Q5IJ48,L202S,0.1946,benign,CRB2,202.0
Q5IJ48,L202T,0.172,benign,CRB2,202.0
Q5IJ48,L202V,0.1114,benign,CRB2,202.0
Q5IJ48,L202W,0.1788,benign,CRB2,202.0
Q5IJ48,L202Y,0.3984,ambiguous,CRB2,202.0
Q5IJ48,V203A,0.238,benign,CRB2,203.0
Q5IJ48,V203C,0.929,pathogenic,CRB2,203.0
Q5IJ48,V203D,0.3621,ambiguous,CRB2,203.0
Q5IJ48,V203E,0.2412,benign,CRB2,203.0
Q5IJ48,V203F,0.2489,benign,CRB2,203.0
Q5IJ48,V203G,0.1945,benign,CRB2,203.0
Q5IJ48,V203H,0.6252,pathogenic,CRB2,203.0
Q5IJ48,V203I,0.1081,benign,CRB2,203.0
Q5IJ48,V203K,0.4069,ambiguous,CRB2,203.0
Q5IJ48,V203L,0.1952,benign,CRB2,203.0
Q5IJ48,V203M,0.2958,benign,CRB2,203.0
Q5IJ48,V203N,0.4301,ambiguous,CRB2,203.0
Q5IJ48,V203P,0.2607,benign,CRB2,203.0
Q5IJ48,V203Q,0.3003,benign,CRB2,203.0
Q5IJ48,V203R,0.2345,benign,CRB2,203.0
Q5IJ48,V203S,0.3358,benign,CRB2,203.0
Q5IJ48,V203T,0.3665,ambiguous,CRB2,203.0
Q5IJ48,V203W,0.7704,pathogenic,CRB2,203.0
Q5IJ48,V203Y,0.7079,pathogenic,CRB2,203.0
Q5IJ48,N204A,0.3068,benign,CRB2,204.0
Q5IJ48,N204C,0.8158,pathogenic,CRB2,204.0
Q5IJ48,N204D,0.1111,benign,CRB2,204.0
Q5IJ48,N204E,0.4924,ambiguous,CRB2,204.0
Q5IJ48,N204F,0.8111,pathogenic,CRB2,204.0
Q5IJ48,N204G,0.2581,benign,CRB2,204.0
Q5IJ48,N204H,0.2167,benign,CRB2,204.0
Q5IJ48,N204I,0.821,pathogenic,CRB2,204.0
Q5IJ48,N204K,0.5887,pathogenic,CRB2,204.0
Q5IJ48,N204L,0.5239,ambiguous,CRB2,204.0
Q5IJ48,N204M,0.7232,pathogenic,CRB2,204.0
Q5IJ48,N204P,0.7826,pathogenic,CRB2,204.0
Q5IJ48,N204Q,0.4541,ambiguous,CRB2,204.0
Q5IJ48,N204R,0.4328,ambiguous,CRB2,204.0
Q5IJ48,N204S,0.0937,benign,CRB2,204.0
Q5IJ48,N204T,0.4238,ambiguous,CRB2,204.0
Q5IJ48,N204V,0.7469,pathogenic,CRB2,204.0
Q5IJ48,N204W,0.829,pathogenic,CRB2,204.0
Q5IJ48,N204Y,0.4149,ambiguous,CRB2,204.0
Q5IJ48,G205A,0.1359,benign,CRB2,205.0
Q5IJ48,G205C,0.5352,ambiguous,CRB2,205.0
Q5IJ48,G205D,0.2418,benign,CRB2,205.0
Q5IJ48,G205E,0.2776,benign,CRB2,205.0
Q5IJ48,G205F,0.6501,pathogenic,CRB2,205.0
Q5IJ48,G205H,0.3329,benign,CRB2,205.0
Q5IJ48,G205I,0.4999,ambiguous,CRB2,205.0
Q5IJ48,G205K,0.5703,pathogenic,CRB2,205.0
Q5IJ48,G205L,0.4909,ambiguous,CRB2,205.0
Q5IJ48,G205M,0.6477,pathogenic,CRB2,205.0
Q5IJ48,G205N,0.3701,ambiguous,CRB2,205.0
Q5IJ48,G205P,0.9799,pathogenic,CRB2,205.0
Q5IJ48,G205Q,0.3431,ambiguous,CRB2,205.0
Q5IJ48,G205R,0.2334,benign,CRB2,205.0
Q5IJ48,G205S,0.0937,benign,CRB2,205.0
Q5IJ48,G205T,0.2076,benign,CRB2,205.0
Q5IJ48,G205V,0.3293,benign,CRB2,205.0
Q5IJ48,G205W,0.4811,ambiguous,CRB2,205.0
Q5IJ48,G205Y,0.5182,ambiguous,CRB2,205.0
Q5IJ48,F206A,0.9436,pathogenic,CRB2,206.0
Q5IJ48,F206C,0.9625,pathogenic,CRB2,206.0
Q5IJ48,F206D,0.9744,pathogenic,CRB2,206.0
Q5IJ48,F206E,0.9788,pathogenic,CRB2,206.0
Q5IJ48,F206G,0.9632,pathogenic,CRB2,206.0
Q5IJ48,F206H,0.8571,pathogenic,CRB2,206.0
Q5IJ48,F206I,0.7493,pathogenic,CRB2,206.0
Q5IJ48,F206K,0.9791,pathogenic,CRB2,206.0
Q5IJ48,F206L,0.9743,pathogenic,CRB2,206.0
Q5IJ48,F206M,0.9262,pathogenic,CRB2,206.0
Q5IJ48,F206N,0.9396,pathogenic,CRB2,206.0
Q5IJ48,F206P,0.9927,pathogenic,CRB2,206.0
Q5IJ48,F206Q,0.9605,pathogenic,CRB2,206.0
Q5IJ48,F206R,0.9314,pathogenic,CRB2,206.0
Q5IJ48,F206S,0.8519,pathogenic,CRB2,206.0
Q5IJ48,F206T,0.9459,pathogenic,CRB2,206.0
Q5IJ48,F206V,0.7416,pathogenic,CRB2,206.0
Q5IJ48,F206W,0.6021,pathogenic,CRB2,206.0
Q5IJ48,F206Y,0.1835,benign,CRB2,206.0
Q5IJ48,R207A,0.1452,benign,CRB2,207.0
Q5IJ48,R207C,0.2301,benign,CRB2,207.0
Q5IJ48,R207D,0.2753,benign,CRB2,207.0
Q5IJ48,R207E,0.1518,benign,CRB2,207.0
Q5IJ48,R207F,0.2317,benign,CRB2,207.0
Q5IJ48,R207G,0.1142,benign,CRB2,207.0
Q5IJ48,R207H,0.0732,benign,CRB2,207.0
Q5IJ48,R207I,0.1518,benign,CRB2,207.0
Q5IJ48,R207K,0.1891,benign,CRB2,207.0
Q5IJ48,R207L,0.0816,benign,CRB2,207.0
Q5IJ48,R207M,0.2523,benign,CRB2,207.0
Q5IJ48,R207N,0.2985,benign,CRB2,207.0
Q5IJ48,R207P,0.5403,ambiguous,CRB2,207.0
Q5IJ48,R207Q,0.0723,benign,CRB2,207.0
Q5IJ48,R207S,0.1369,benign,CRB2,207.0
Q5IJ48,R207T,0.1144,benign,CRB2,207.0
Q5IJ48,R207V,0.1555,benign,CRB2,207.0
Q5IJ48,R207W,0.0863,benign,CRB2,207.0
Q5IJ48,R207Y,0.2033,benign,CRB2,207.0
Q5IJ48,C208A,0.9718,pathogenic,CRB2,208.0
Q5IJ48,C208D,0.9937,pathogenic,CRB2,208.0
Q5IJ48,C208E,0.9942,pathogenic,CRB2,208.0
Q5IJ48,C208F,0.947,pathogenic,CRB2,208.0
Q5IJ48,C208G,0.8556,pathogenic,CRB2,208.0
Q5IJ48,C208H,0.9888,pathogenic,CRB2,208.0
Q5IJ48,C208I,0.9852,pathogenic,CRB2,208.0
Q5IJ48,C208K,0.9975,pathogenic,CRB2,208.0
Q5IJ48,C208L,0.9511,pathogenic,CRB2,208.0
Q5IJ48,C208M,0.9912,pathogenic,CRB2,208.0
Q5IJ48,C208N,0.9921,pathogenic,CRB2,208.0
Q5IJ48,C208P,0.9854,pathogenic,CRB2,208.0
Q5IJ48,C208Q,0.9931,pathogenic,CRB2,208.0
Q5IJ48,C208R,0.9538,pathogenic,CRB2,208.0
Q5IJ48,C208S,0.9787,pathogenic,CRB2,208.0
Q5IJ48,C208T,0.9898,pathogenic,CRB2,208.0
Q5IJ48,C208V,0.9679,pathogenic,CRB2,208.0
Q5IJ48,C208W,0.937,pathogenic,CRB2,208.0
Q5IJ48,C208Y,0.9538,pathogenic,CRB2,208.0
Q5IJ48,D209A,0.2089,benign,CRB2,209.0
Q5IJ48,D209C,0.8705,pathogenic,CRB2,209.0
Q5IJ48,D209E,0.2609,benign,CRB2,209.0
Q5IJ48,D209F,0.602,pathogenic,CRB2,209.0
Q5IJ48,D209G,0.3189,benign,CRB2,209.0
Q5IJ48,D209H,0.2671,benign,CRB2,209.0
Q5IJ48,D209I,0.4058,ambiguous,CRB2,209.0
Q5IJ48,D209K,0.5495,ambiguous,CRB2,209.0
Q5IJ48,D209L,0.3784,ambiguous,CRB2,209.0
Q5IJ48,D209M,0.7265,pathogenic,CRB2,209.0
Q5IJ48,D209N,0.1121,benign,CRB2,209.0
Q5IJ48,D209P,0.8286,pathogenic,CRB2,209.0
Q5IJ48,D209Q,0.3609,ambiguous,CRB2,209.0
Q5IJ48,D209R,0.3575,ambiguous,CRB2,209.0
Q5IJ48,D209S,0.1325,benign,CRB2,209.0
Q5IJ48,D209T,0.3447,ambiguous,CRB2,209.0
Q5IJ48,D209V,0.2571,benign,CRB2,209.0
Q5IJ48,D209W,0.8695,pathogenic,CRB2,209.0
Q5IJ48,D209Y,0.2878,benign,CRB2,209.0
Q5IJ48,C210A,0.941,pathogenic,CRB2,210.0
Q5IJ48,C210D,0.9822,pathogenic,CRB2,210.0
Q5IJ48,C210E,0.9896,pathogenic,CRB2,210.0
Q5IJ48,C210F,0.9226,pathogenic,CRB2,210.0
Q5IJ48,C210G,0.7684,pathogenic,CRB2,210.0
Q5IJ48,C210H,0.9791,pathogenic,CRB2,210.0
Q5IJ48,C210I,0.9789,pathogenic,CRB2,210.0
Q5IJ48,C210K,0.9948,pathogenic,CRB2,210.0
Q5IJ48,C210L,0.9364,pathogenic,CRB2,210.0
Q5IJ48,C210M,0.9872,pathogenic,CRB2,210.0
Q5IJ48,C210N,0.9845,pathogenic,CRB2,210.0
Q5IJ48,C210P,0.9548,pathogenic,CRB2,210.0
Q5IJ48,C210Q,0.9899,pathogenic,CRB2,210.0
Q5IJ48,C210R,0.9154,pathogenic,CRB2,210.0
Q5IJ48,C210S,0.9477,pathogenic,CRB2,210.0
Q5IJ48,C210T,0.9699,pathogenic,CRB2,210.0
Q5IJ48,C210V,0.9519,pathogenic,CRB2,210.0
Q5IJ48,C210W,0.9558,pathogenic,CRB2,210.0
Q5IJ48,C210Y,0.9574,pathogenic,CRB2,210.0
Q5IJ48,A211C,0.5863,pathogenic,CRB2,211.0
Q5IJ48,A211D,0.1202,benign,CRB2,211.0
Q5IJ48,A211E,0.1125,benign,CRB2,211.0
Q5IJ48,A211F,0.2062,benign,CRB2,211.0
Q5IJ48,A211G,0.0952,benign,CRB2,211.0
Q5IJ48,A211H,0.2519,benign,CRB2,211.0
Q5IJ48,A211I,0.1859,benign,CRB2,211.0
Q5IJ48,A211K,0.234,benign,CRB2,211.0
Q5IJ48,A211L,0.1142,benign,CRB2,211.0
Q5IJ48,A211M,0.1777,benign,CRB2,211.0
Q5IJ48,A211N,0.1762,benign,CRB2,211.0
Q5IJ48,A211P,0.1916,benign,CRB2,211.0
Q5IJ48,A211Q,0.1704,benign,CRB2,211.0
Q5IJ48,A211R,0.1389,benign,CRB2,211.0
Q5IJ48,A211S,0.0758,benign,CRB2,211.0
Q5IJ48,A211T,0.0728,benign,CRB2,211.0
Q5IJ48,A211V,0.1004,benign,CRB2,211.0
Q5IJ48,A211W,0.3901,ambiguous,CRB2,211.0
Q5IJ48,A211Y,0.3377,benign,CRB2,211.0
Q5IJ48,G212A,0.0936,benign,CRB2,212.0
Q5IJ48,G212C,0.3933,ambiguous,CRB2,212.0
Q5IJ48,G212D,0.0546,benign,CRB2,212.0
Q5IJ48,G212E,0.0962,benign,CRB2,212.0
Q5IJ48,G212F,0.3885,ambiguous,CRB2,212.0
Q5IJ48,G212H,0.1778,benign,CRB2,212.0
Q5IJ48,G212I,0.286,benign,CRB2,212.0
Q5IJ48,G212K,0.2744,benign,CRB2,212.0
Q5IJ48,G212L,0.2459,benign,CRB2,212.0
Q5IJ48,G212M,0.4131,ambiguous,CRB2,212.0
Q5IJ48,G212N,0.1303,benign,CRB2,212.0
Q5IJ48,G212P,0.4229,ambiguous,CRB2,212.0
Q5IJ48,G212Q,0.1637,benign,CRB2,212.0
Q5IJ48,G212R,0.1401,benign,CRB2,212.0
Q5IJ48,G212S,0.082,benign,CRB2,212.0
Q5IJ48,G212T,0.1474,benign,CRB2,212.0
Q5IJ48,G212V,0.1639,benign,CRB2,212.0
Q5IJ48,G212W,0.2572,benign,CRB2,212.0
Q5IJ48,G212Y,0.2473,benign,CRB2,212.0
Q5IJ48,T213A,0.2575,benign,CRB2,213.0
Q5IJ48,T213C,0.9062,pathogenic,CRB2,213.0
Q5IJ48,T213D,0.6458,pathogenic,CRB2,213.0
Q5IJ48,T213E,0.6155,pathogenic,CRB2,213.0
Q5IJ48,T213F,0.6511,pathogenic,CRB2,213.0
Q5IJ48,T213G,0.3847,ambiguous,CRB2,213.0
Q5IJ48,T213H,0.5422,ambiguous,CRB2,213.0
Q5IJ48,T213I,0.7255,pathogenic,CRB2,213.0
Q5IJ48,T213K,0.5172,ambiguous,CRB2,213.0
Q5IJ48,T213L,0.3268,benign,CRB2,213.0
Q5IJ48,T213M,0.2787,benign,CRB2,213.0
Q5IJ48,T213N,0.3551,ambiguous,CRB2,213.0
Q5IJ48,T213P,0.3155,benign,CRB2,213.0
Q5IJ48,T213Q,0.482,ambiguous,CRB2,213.0
Q5IJ48,T213R,0.3442,ambiguous,CRB2,213.0
Q5IJ48,T213S,0.1684,benign,CRB2,213.0
Q5IJ48,T213V,0.5916,pathogenic,CRB2,213.0
Q5IJ48,T213W,0.7308,pathogenic,CRB2,213.0
Q5IJ48,T213Y,0.7045,pathogenic,CRB2,213.0
Q5IJ48,G214A,0.3186,benign,CRB2,214.0
Q5IJ48,G214C,0.8768,pathogenic,CRB2,214.0
Q5IJ48,G214D,0.5496,ambiguous,CRB2,214.0
Q5IJ48,G214E,0.663,pathogenic,CRB2,214.0
Q5IJ48,G214F,0.8925,pathogenic,CRB2,214.0
Q5IJ48,G214H,0.7786,pathogenic,CRB2,214.0
Q5IJ48,G214I,0.8433,pathogenic,CRB2,214.0
Q5IJ48,G214K,0.8839,pathogenic,CRB2,214.0
Q5IJ48,G214L,0.7952,pathogenic,CRB2,214.0
Q5IJ48,G214M,0.9146,pathogenic,CRB2,214.0
Q5IJ48,G214N,0.6867,pathogenic,CRB2,214.0
Q5IJ48,G214P,0.8923,pathogenic,CRB2,214.0
Q5IJ48,G214Q,0.7371,pathogenic,CRB2,214.0
Q5IJ48,G214R,0.5934,pathogenic,CRB2,214.0
Q5IJ48,G214S,0.2254,benign,CRB2,214.0
Q5IJ48,G214T,0.5656,pathogenic,CRB2,214.0
Q5IJ48,G214V,0.7276,pathogenic,CRB2,214.0
Q5IJ48,G214W,0.7502,pathogenic,CRB2,214.0
Q5IJ48,G214Y,0.849,pathogenic,CRB2,214.0
Q5IJ48,Y215A,0.9319,pathogenic,CRB2,215.0
Q5IJ48,Y215C,0.9164,pathogenic,CRB2,215.0
Q5IJ48,Y215D,0.8939,pathogenic,CRB2,215.0
Q5IJ48,Y215E,0.9565,pathogenic,CRB2,215.0
Q5IJ48,Y215F,0.0845,benign,CRB2,215.0
Q5IJ48,Y215G,0.9066,pathogenic,CRB2,215.0
Q5IJ48,Y215H,0.6745,pathogenic,CRB2,215.0
Q5IJ48,Y215I,0.9177,pathogenic,CRB2,215.0
Q5IJ48,Y215K,0.9597,pathogenic,CRB2,215.0
Q5IJ48,Y215L,0.8623,pathogenic,CRB2,215.0
Q5IJ48,Y215M,0.9227,pathogenic,CRB2,215.0
Q5IJ48,Y215N,0.8055,pathogenic,CRB2,215.0
Q5IJ48,Y215P,0.9873,pathogenic,CRB2,215.0
Q5IJ48,Y215Q,0.9308,pathogenic,CRB2,215.0
Q5IJ48,Y215R,0.8711,pathogenic,CRB2,215.0
Q5IJ48,Y215S,0.8101,pathogenic,CRB2,215.0
Q5IJ48,Y215T,0.9421,pathogenic,CRB2,215.0
Q5IJ48,Y215V,0.8598,pathogenic,CRB2,215.0
Q5IJ48,Y215W,0.4333,ambiguous,CRB2,215.0
Q5IJ48,E216A,0.1524,benign,CRB2,216.0
Q5IJ48,E216C,0.9531,pathogenic,CRB2,216.0
Q5IJ48,E216D,0.2942,benign,CRB2,216.0
Q5IJ48,E216F,0.7731,pathogenic,CRB2,216.0
Q5IJ48,E216G,0.2345,benign,CRB2,216.0
Q5IJ48,E216H,0.491,ambiguous,CRB2,216.0
Q5IJ48,E216I,0.5134,ambiguous,CRB2,216.0
Q5IJ48,E216K,0.1965,benign,CRB2,216.0
Q5IJ48,E216L,0.4233,ambiguous,CRB2,216.0
Q5IJ48,E216M,0.5325,ambiguous,CRB2,216.0
Q5IJ48,E216N,0.5363,ambiguous,CRB2,216.0
Q5IJ48,E216P,0.9372,pathogenic,CRB2,216.0
Q5IJ48,E216Q,0.1197,benign,CRB2,216.0
Q5IJ48,E216R,0.1957,benign,CRB2,216.0
Q5IJ48,E216S,0.2496,benign,CRB2,216.0
Q5IJ48,E216T,0.2417,benign,CRB2,216.0
Q5IJ48,E216V,0.2663,benign,CRB2,216.0
Q5IJ48,E216W,0.8771,pathogenic,CRB2,216.0
Q5IJ48,E216Y,0.7547,pathogenic,CRB2,216.0
Q5IJ48,G217A,0.5879,pathogenic,CRB2,217.0
Q5IJ48,G217C,0.9751,pathogenic,CRB2,217.0
Q5IJ48,G217D,0.3657,ambiguous,CRB2,217.0
Q5IJ48,G217E,0.6625,pathogenic,CRB2,217.0
Q5IJ48,G217F,0.9616,pathogenic,CRB2,217.0
Q5IJ48,G217H,0.9272,pathogenic,CRB2,217.0
Q5IJ48,G217I,0.9562,pathogenic,CRB2,217.0
Q5IJ48,G217K,0.9374,pathogenic,CRB2,217.0
Q5IJ48,G217L,0.9369,pathogenic,CRB2,217.0
Q5IJ48,G217M,0.9497,pathogenic,CRB2,217.0
Q5IJ48,G217N,0.7126,pathogenic,CRB2,217.0
Q5IJ48,G217P,0.9876,pathogenic,CRB2,217.0
Q5IJ48,G217Q,0.8929,pathogenic,CRB2,217.0
Q5IJ48,G217R,0.8948,pathogenic,CRB2,217.0
Q5IJ48,G217S,0.4187,ambiguous,CRB2,217.0
Q5IJ48,G217T,0.8185,pathogenic,CRB2,217.0
Q5IJ48,G217V,0.8929,pathogenic,CRB2,217.0
Q5IJ48,G217W,0.9154,pathogenic,CRB2,217.0
Q5IJ48,G217Y,0.9326,pathogenic,CRB2,217.0
Q5IJ48,T218A,0.0566,benign,CRB2,218.0
Q5IJ48,T218C,0.5989,pathogenic,CRB2,218.0
Q5IJ48,T218D,0.1249,benign,CRB2,218.0
Q5IJ48,T218E,0.0972,benign,CRB2,218.0
Q5IJ48,T218F,0.1434,benign,CRB2,218.0
Q5IJ48,T218G,0.1191,benign,CRB2,218.0
Q5IJ48,T218H,0.1616,benign,CRB2,218.0
Q5IJ48,T218I,0.0977,benign,CRB2,218.0
Q5IJ48,T218K,0.1154,benign,CRB2,218.0
Q5IJ48,T218L,0.0704,benign,CRB2,218.0
Q5IJ48,T218M,0.085,benign,CRB2,218.0
Q5IJ48,T218N,0.0883,benign,CRB2,218.0
Q5IJ48,T218P,0.0648,benign,CRB2,218.0
Q5IJ48,T218Q,0.1031,benign,CRB2,218.0
Q5IJ48,T218R,0.0791,benign,CRB2,218.0
Q5IJ48,T218S,0.0729,benign,CRB2,218.0
Q5IJ48,T218V,0.0894,benign,CRB2,218.0
Q5IJ48,T218W,0.2674,benign,CRB2,218.0
Q5IJ48,T218Y,0.2074,benign,CRB2,218.0
Q5IJ48,H219A,0.1072,benign,CRB2,219.0
Q5IJ48,H219C,0.2904,benign,CRB2,219.0
Q5IJ48,H219D,0.1122,benign,CRB2,219.0
Q5IJ48,H219E,0.1708,benign,CRB2,219.0
Q5IJ48,H219F,0.174,benign,CRB2,219.0
Q5IJ48,H219G,0.099,benign,CRB2,219.0
Q5IJ48,H219I,0.2364,benign,CRB2,219.0
Q5IJ48,H219K,0.2371,benign,CRB2,219.0
Q5IJ48,H219L,0.0566,benign,CRB2,219.0
Q5IJ48,H219M,0.3923,ambiguous,CRB2,219.0
Q5IJ48,H219N,0.0865,benign,CRB2,219.0
Q5IJ48,H219P,0.1348,benign,CRB2,219.0
Q5IJ48,H219Q,0.1098,benign,CRB2,219.0
Q5IJ48,H219R,0.0471,benign,CRB2,219.0
Q5IJ48,H219S,0.0992,benign,CRB2,219.0
Q5IJ48,H219T,0.1565,benign,CRB2,219.0
Q5IJ48,H219V,0.151,benign,CRB2,219.0
Q5IJ48,H219W,0.1445,benign,CRB2,219.0
Q5IJ48,H219Y,0.0853,benign,CRB2,219.0
Q5IJ48,C220A,0.9777,pathogenic,CRB2,220.0
Q5IJ48,C220D,0.9936,pathogenic,CRB2,220.0
Q5IJ48,C220E,0.9951,pathogenic,CRB2,220.0
Q5IJ48,C220F,0.9776,pathogenic,CRB2,220.0
Q5IJ48,C220G,0.8209,pathogenic,CRB2,220.0
Q5IJ48,C220H,0.9922,pathogenic,CRB2,220.0
Q5IJ48,C220I,0.9944,pathogenic,CRB2,220.0
Q5IJ48,C220K,0.9974,pathogenic,CRB2,220.0
Q5IJ48,C220L,0.9703,pathogenic,CRB2,220.0
Q5IJ48,C220M,0.9958,pathogenic,CRB2,220.0
Q5IJ48,C220N,0.9953,pathogenic,CRB2,220.0
Q5IJ48,C220P,0.9891,pathogenic,CRB2,220.0
Q5IJ48,C220Q,0.9937,pathogenic,CRB2,220.0
Q5IJ48,C220R,0.9503,pathogenic,CRB2,220.0
Q5IJ48,C220S,0.9833,pathogenic,CRB2,220.0
Q5IJ48,C220T,0.9926,pathogenic,CRB2,220.0
Q5IJ48,C220V,0.9877,pathogenic,CRB2,220.0
Q5IJ48,C220W,0.9749,pathogenic,CRB2,220.0
Q5IJ48,C220Y,0.9834,pathogenic,CRB2,220.0
Q5IJ48,E221A,0.2212,benign,CRB2,221.0
Q5IJ48,E221C,0.9753,pathogenic,CRB2,221.0
Q5IJ48,E221D,0.2872,benign,CRB2,221.0
Q5IJ48,E221F,0.8742,pathogenic,CRB2,221.0
Q5IJ48,E221G,0.2049,benign,CRB2,221.0
Q5IJ48,E221H,0.6046,pathogenic,CRB2,221.0
Q5IJ48,E221I,0.7177,pathogenic,CRB2,221.0
Q5IJ48,E221K,0.2664,benign,CRB2,221.0
Q5IJ48,E221L,0.5129,ambiguous,CRB2,221.0
Q5IJ48,E221M,0.6887,pathogenic,CRB2,221.0
Q5IJ48,E221N,0.5661,pathogenic,CRB2,221.0
Q5IJ48,E221P,0.87,pathogenic,CRB2,221.0
Q5IJ48,E221Q,0.1153,benign,CRB2,221.0
Q5IJ48,E221R,0.2601,benign,CRB2,221.0
Q5IJ48,E221S,0.2673,benign,CRB2,221.0
Q5IJ48,E221T,0.3691,ambiguous,CRB2,221.0
Q5IJ48,E221V,0.4542,ambiguous,CRB2,221.0
Q5IJ48,E221W,0.9251,pathogenic,CRB2,221.0
Q5IJ48,E221Y,0.8431,pathogenic,CRB2,221.0
Q5IJ48,R222A,0.1198,benign,CRB2,222.0
Q5IJ48,R222C,0.3925,ambiguous,CRB2,222.0
Q5IJ48,R222D,0.1864,benign,CRB2,222.0
Q5IJ48,R222E,0.0756,benign,CRB2,222.0
Q5IJ48,R222F,0.3073,benign,CRB2,222.0
Q5IJ48,R222G,0.0923,benign,CRB2,222.0
Q5IJ48,R222H,0.0953,benign,CRB2,222.0
Q5IJ48,R222I,0.1475,benign,CRB2,222.0
Q5IJ48,R222K,0.0955,benign,CRB2,222.0
Q5IJ48,R222L,0.0673,benign,CRB2,222.0
Q5IJ48,R222M,0.1497,benign,CRB2,222.0
Q5IJ48,R222N,0.2045,benign,CRB2,222.0
Q5IJ48,R222P,0.4404,ambiguous,CRB2,222.0
Q5IJ48,R222Q,0.0522,benign,CRB2,222.0
Q5IJ48,R222S,0.1437,benign,CRB2,222.0
Q5IJ48,R222T,0.0849,benign,CRB2,222.0
Q5IJ48,R222V,0.1306,benign,CRB2,222.0
Q5IJ48,R222W,0.096,benign,CRB2,222.0
Q5IJ48,R222Y,0.2411,benign,CRB2,222.0
Q5IJ48,E223A,0.3561,ambiguous,CRB2,223.0
Q5IJ48,E223C,0.9919,pathogenic,CRB2,223.0
Q5IJ48,E223D,0.2788,benign,CRB2,223.0
Q5IJ48,E223F,0.9592,pathogenic,CRB2,223.0
Q5IJ48,E223G,0.5068,ambiguous,CRB2,223.0
Q5IJ48,E223H,0.8394,pathogenic,CRB2,223.0
Q5IJ48,E223I,0.82,pathogenic,CRB2,223.0
Q5IJ48,E223K,0.5195,ambiguous,CRB2,223.0
Q5IJ48,E223L,0.7311,pathogenic,CRB2,223.0
Q5IJ48,E223M,0.8177,pathogenic,CRB2,223.0
Q5IJ48,E223N,0.6132,pathogenic,CRB2,223.0
Q5IJ48,E223P,0.6081,pathogenic,CRB2,223.0
Q5IJ48,E223Q,0.3489,ambiguous,CRB2,223.0
Q5IJ48,E223R,0.5854,pathogenic,CRB2,223.0
Q5IJ48,E223S,0.5777,pathogenic,CRB2,223.0
Q5IJ48,E223T,0.6683,pathogenic,CRB2,223.0
Q5IJ48,E223V,0.577,pathogenic,CRB2,223.0
Q5IJ48,E223W,0.9736,pathogenic,CRB2,223.0
Q5IJ48,E223Y,0.9203,pathogenic,CRB2,223.0
Q5IJ48,V224A,0.3349,benign,CRB2,224.0
Q5IJ48,V224C,0.9783,pathogenic,CRB2,224.0
Q5IJ48,V224D,0.4302,ambiguous,CRB2,224.0
Q5IJ48,V224E,0.2865,benign,CRB2,224.0
Q5IJ48,V224F,0.2783,benign,CRB2,224.0
Q5IJ48,V224G,0.2605,benign,CRB2,224.0
Q5IJ48,V224H,0.7573,pathogenic,CRB2,224.0
Q5IJ48,V224I,0.1081,benign,CRB2,224.0
Q5IJ48,V224K,0.4773,ambiguous,CRB2,224.0
Q5IJ48,V224L,0.2911,benign,CRB2,224.0
Q5IJ48,V224M,0.2858,benign,CRB2,224.0
Q5IJ48,V224N,0.471,ambiguous,CRB2,224.0
Q5IJ48,V224P,0.7551,pathogenic,CRB2,224.0
Q5IJ48,V224Q,0.4307,ambiguous,CRB2,224.0
Q5IJ48,V224R,0.376,ambiguous,CRB2,224.0
Q5IJ48,V224S,0.4335,ambiguous,CRB2,224.0
Q5IJ48,V224T,0.4149,ambiguous,CRB2,224.0
Q5IJ48,V224W,0.837,pathogenic,CRB2,224.0
Q5IJ48,V224Y,0.7262,pathogenic,CRB2,224.0
Q5IJ48,L225A,0.1624,benign,CRB2,225.0
Q5IJ48,L225C,0.8831,pathogenic,CRB2,225.0
Q5IJ48,L225D,0.465,ambiguous,CRB2,225.0
Q5IJ48,L225E,0.1596,benign,CRB2,225.0
Q5IJ48,L225F,0.2401,benign,CRB2,225.0
Q5IJ48,L225G,0.3646,ambiguous,CRB2,225.0
Q5IJ48,L225H,0.2992,benign,CRB2,225.0
Q5IJ48,L225I,0.2465,benign,CRB2,225.0
Q5IJ48,L225K,0.2301,benign,CRB2,225.0
Q5IJ48,L225M,0.1938,benign,CRB2,225.0
Q5IJ48,L225N,0.4049,ambiguous,CRB2,225.0
Q5IJ48,L225P,0.1074,benign,CRB2,225.0
Q5IJ48,L225Q,0.0854,benign,CRB2,225.0
Q5IJ48,L225R,0.1012,benign,CRB2,225.0
Q5IJ48,L225S,0.2237,benign,CRB2,225.0
Q5IJ48,L225T,0.2206,benign,CRB2,225.0
Q5IJ48,L225V,0.157,benign,CRB2,225.0
Q5IJ48,L225W,0.206,benign,CRB2,225.0
Q5IJ48,L225Y,0.5447,ambiguous,CRB2,225.0
Q5IJ48,E226A,0.4559,ambiguous,CRB2,226.0
Q5IJ48,E226C,0.99,pathogenic,CRB2,226.0
Q5IJ48,E226D,0.6543,pathogenic,CRB2,226.0
Q5IJ48,E226F,0.9672,pathogenic,CRB2,226.0
Q5IJ48,E226G,0.6043,pathogenic,CRB2,226.0
Q5IJ48,E226H,0.8818,pathogenic,CRB2,226.0
Q5IJ48,E226I,0.929,pathogenic,CRB2,226.0
Q5IJ48,E226K,0.7651,pathogenic,CRB2,226.0
Q5IJ48,E226L,0.8407,pathogenic,CRB2,226.0
Q5IJ48,E226M,0.9419,pathogenic,CRB2,226.0
Q5IJ48,E226N,0.8925,pathogenic,CRB2,226.0
Q5IJ48,E226P,0.7402,pathogenic,CRB2,226.0
Q5IJ48,E226Q,0.4323,ambiguous,CRB2,226.0
Q5IJ48,E226R,0.7079,pathogenic,CRB2,226.0
Q5IJ48,E226S,0.6683,pathogenic,CRB2,226.0
Q5IJ48,E226T,0.8424,pathogenic,CRB2,226.0
Q5IJ48,E226V,0.8079,pathogenic,CRB2,226.0
Q5IJ48,E226W,0.9806,pathogenic,CRB2,226.0
Q5IJ48,E226Y,0.9464,pathogenic,CRB2,226.0
Q5IJ48,C227A,0.9697,pathogenic,CRB2,227.0
Q5IJ48,C227D,0.984,pathogenic,CRB2,227.0
Q5IJ48,C227E,0.9905,pathogenic,CRB2,227.0
Q5IJ48,C227F,0.9399,pathogenic,CRB2,227.0
Q5IJ48,C227G,0.8423,pathogenic,CRB2,227.0
Q5IJ48,C227H,0.9892,pathogenic,CRB2,227.0
Q5IJ48,C227I,0.9846,pathogenic,CRB2,227.0
Q5IJ48,C227K,0.9968,pathogenic,CRB2,227.0
Q5IJ48,C227L,0.9563,pathogenic,CRB2,227.0
Q5IJ48,C227M,0.9856,pathogenic,CRB2,227.0
Q5IJ48,C227N,0.9866,pathogenic,CRB2,227.0
Q5IJ48,C227P,0.987,pathogenic,CRB2,227.0
Q5IJ48,C227Q,0.9944,pathogenic,CRB2,227.0
Q5IJ48,C227R,0.9697,pathogenic,CRB2,227.0
Q5IJ48,C227S,0.9815,pathogenic,CRB2,227.0
Q5IJ48,C227T,0.9878,pathogenic,CRB2,227.0
Q5IJ48,C227V,0.9698,pathogenic,CRB2,227.0
Q5IJ48,C227W,0.955,pathogenic,CRB2,227.0
Q5IJ48,C227Y,0.9469,pathogenic,CRB2,227.0
Q5IJ48,A228C,0.7888,pathogenic,CRB2,228.0
Q5IJ48,A228D,0.1736,benign,CRB2,228.0
Q5IJ48,A228E,0.148,benign,CRB2,228.0
Q5IJ48,A228F,0.274,benign,CRB2,228.0
Q5IJ48,A228G,0.1518,benign,CRB2,228.0
Q5IJ48,A228H,0.3949,ambiguous,CRB2,228.0
Q5IJ48,A228I,0.2523,benign,CRB2,228.0
Q5IJ48,A228K,0.4103,ambiguous,CRB2,228.0
Q5IJ48,A228L,0.1388,benign,CRB2,228.0
Q5IJ48,A228M,0.2556,benign,CRB2,228.0
Q5IJ48,A228N,0.2664,benign,CRB2,228.0
Q5IJ48,A228P,0.4266,ambiguous,CRB2,228.0
Q5IJ48,A228Q,0.238,benign,CRB2,228.0
Q5IJ48,A228R,0.2392,benign,CRB2,228.0
Q5IJ48,A228S,0.098,benign,CRB2,228.0
Q5IJ48,A228T,0.0988,benign,CRB2,228.0
Q5IJ48,A228V,0.1242,benign,CRB2,228.0
Q5IJ48,A228W,0.5999,pathogenic,CRB2,228.0
Q5IJ48,A228Y,0.4723,ambiguous,CRB2,228.0
Q5IJ48,S229A,0.1188,benign,CRB2,229.0
Q5IJ48,S229C,0.7661,pathogenic,CRB2,229.0
Q5IJ48,S229D,0.5625,ambiguous,CRB2,229.0
Q5IJ48,S229E,0.611,pathogenic,CRB2,229.0
Q5IJ48,S229F,0.381,ambiguous,CRB2,229.0
Q5IJ48,S229G,0.1612,benign,CRB2,229.0
Q5IJ48,S229H,0.6511,pathogenic,CRB2,229.0
Q5IJ48,S229I,0.5431,ambiguous,CRB2,229.0
Q5IJ48,S229K,0.8728,pathogenic,CRB2,229.0
Q5IJ48,S229L,0.237,benign,CRB2,229.0
Q5IJ48,S229M,0.5241,ambiguous,CRB2,229.0
Q5IJ48,S229N,0.4871,ambiguous,CRB2,229.0
Q5IJ48,S229P,0.3176,benign,CRB2,229.0
Q5IJ48,S229Q,0.6964,pathogenic,CRB2,229.0
Q5IJ48,S229R,0.756,pathogenic,CRB2,229.0
Q5IJ48,S229T,0.1697,benign,CRB2,229.0
Q5IJ48,S229V,0.4117,ambiguous,CRB2,229.0
Q5IJ48,S229W,0.4484,ambiguous,CRB2,229.0
Q5IJ48,S229Y,0.4577,ambiguous,CRB2,229.0
Q5IJ48,A230C,0.6377,pathogenic,CRB2,230.0
Q5IJ48,A230D,0.1004,benign,CRB2,230.0
Q5IJ48,A230E,0.0995,benign,CRB2,230.0
Q5IJ48,A230F,0.181,benign,CRB2,230.0
Q5IJ48,A230G,0.1023,benign,CRB2,230.0
Q5IJ48,A230H,0.2295,benign,CRB2,230.0
Q5IJ48,A230I,0.2405,benign,CRB2,230.0
Q5IJ48,A230K,0.2152,benign,CRB2,230.0
Q5IJ48,A230L,0.1178,benign,CRB2,230.0
Q5IJ48,A230M,0.168,benign,CRB2,230.0
Q5IJ48,A230N,0.1433,benign,CRB2,230.0
Q5IJ48,A230P,0.2395,benign,CRB2,230.0
Q5IJ48,A230Q,0.1345,benign,CRB2,230.0
Q5IJ48,A230R,0.1514,benign,CRB2,230.0
Q5IJ48,A230S,0.0702,benign,CRB2,230.0
Q5IJ48,A230T,0.0776,benign,CRB2,230.0
Q5IJ48,A230V,0.1121,benign,CRB2,230.0
Q5IJ48,A230W,0.3849,ambiguous,CRB2,230.0
Q5IJ48,A230Y,0.2867,benign,CRB2,230.0
Q5IJ48,P231A,0.2919,benign,CRB2,231.0
Q5IJ48,P231C,0.9697,pathogenic,CRB2,231.0
Q5IJ48,P231D,0.9151,pathogenic,CRB2,231.0
Q5IJ48,P231E,0.7788,pathogenic,CRB2,231.0
Q5IJ48,P231F,0.8716,pathogenic,CRB2,231.0
Q5IJ48,P231G,0.7909,pathogenic,CRB2,231.0
Q5IJ48,P231H,0.6907,pathogenic,CRB2,231.0
Q5IJ48,P231I,0.6994,pathogenic,CRB2,231.0
Q5IJ48,P231K,0.8065,pathogenic,CRB2,231.0
Q5IJ48,P231L,0.4012,ambiguous,CRB2,231.0
Q5IJ48,P231M,0.8435,pathogenic,CRB2,231.0
Q5IJ48,P231N,0.9048,pathogenic,CRB2,231.0
Q5IJ48,P231Q,0.6029,pathogenic,CRB2,231.0
Q5IJ48,P231R,0.4532,ambiguous,CRB2,231.0
Q5IJ48,P231S,0.5292,ambiguous,CRB2,231.0
Q5IJ48,P231T,0.4667,ambiguous,CRB2,231.0
Q5IJ48,P231V,0.5284,ambiguous,CRB2,231.0
Q5IJ48,P231W,0.9212,pathogenic,CRB2,231.0
Q5IJ48,P231Y,0.8922,pathogenic,CRB2,231.0
Q5IJ48,C232A,0.9696,pathogenic,CRB2,232.0
Q5IJ48,C232D,0.9963,pathogenic,CRB2,232.0
Q5IJ48,C232E,0.9959,pathogenic,CRB2,232.0
Q5IJ48,C232F,0.9581,pathogenic,CRB2,232.0
Q5IJ48,C232G,0.8712,pathogenic,CRB2,232.0
Q5IJ48,C232H,0.9925,pathogenic,CRB2,232.0
Q5IJ48,C232I,0.9926,pathogenic,CRB2,232.0
Q5IJ48,C232K,0.9976,pathogenic,CRB2,232.0
Q5IJ48,C232L,0.9591,pathogenic,CRB2,232.0
Q5IJ48,C232M,0.9936,pathogenic,CRB2,232.0
Q5IJ48,C232N,0.9968,pathogenic,CRB2,232.0
Q5IJ48,C232P,0.9814,pathogenic,CRB2,232.0
Q5IJ48,C232Q,0.9948,pathogenic,CRB2,232.0
Q5IJ48,C232R,0.9548,pathogenic,CRB2,232.0
Q5IJ48,C232S,0.9799,pathogenic,CRB2,232.0
Q5IJ48,C232T,0.9916,pathogenic,CRB2,232.0
Q5IJ48,C232V,0.9784,pathogenic,CRB2,232.0
Q5IJ48,C232W,0.9649,pathogenic,CRB2,232.0
Q5IJ48,C232Y,0.9815,pathogenic,CRB2,232.0
Q5IJ48,E233A,0.0549,benign,CRB2,233.0
Q5IJ48,E233C,0.7738,pathogenic,CRB2,233.0
Q5IJ48,E233D,0.2051,benign,CRB2,233.0
Q5IJ48,E233F,0.3731,ambiguous,CRB2,233.0
Q5IJ48,E233G,0.0884,benign,CRB2,233.0
Q5IJ48,E233H,0.2003,benign,CRB2,233.0
Q5IJ48,E233I,0.2494,benign,CRB2,233.0
Q5IJ48,E233K,0.0823,benign,CRB2,233.0
Q5IJ48,E233L,0.1332,benign,CRB2,233.0
Q5IJ48,E233M,0.2163,benign,CRB2,233.0
Q5IJ48,E233N,0.2456,benign,CRB2,233.0
Q5IJ48,E233P,0.4196,ambiguous,CRB2,233.0
Q5IJ48,E233Q,0.0615,benign,CRB2,233.0
Q5IJ48,E233R,0.0774,benign,CRB2,233.0
Q5IJ48,E233S,0.1071,benign,CRB2,233.0
Q5IJ48,E233T,0.1134,benign,CRB2,233.0
Q5IJ48,E233V,0.1299,benign,CRB2,233.0
Q5IJ48,E233W,0.5516,ambiguous,CRB2,233.0
Q5IJ48,E233Y,0.3809,ambiguous,CRB2,233.0
Q5IJ48,H234A,0.5874,pathogenic,CRB2,234.0
Q5IJ48,H234C,0.793,pathogenic,CRB2,234.0
Q5IJ48,H234D,0.4503,ambiguous,CRB2,234.0
Q5IJ48,H234E,0.6003,pathogenic,CRB2,234.0
Q5IJ48,H234F,0.539,ambiguous,CRB2,234.0
Q5IJ48,H234G,0.4204,ambiguous,CRB2,234.0
Q5IJ48,H234I,0.8037,pathogenic,CRB2,234.0
Q5IJ48,H234K,0.5518,ambiguous,CRB2,234.0
Q5IJ48,H234L,0.3968,ambiguous,CRB2,234.0
Q5IJ48,H234M,0.7535,pathogenic,CRB2,234.0
Q5IJ48,H234N,0.0601,benign,CRB2,234.0
Q5IJ48,H234P,0.6436,pathogenic,CRB2,234.0
Q5IJ48,H234Q,0.3911,ambiguous,CRB2,234.0
Q5IJ48,H234R,0.2634,benign,CRB2,234.0
Q5IJ48,H234S,0.3654,ambiguous,CRB2,234.0
Q5IJ48,H234T,0.6764,pathogenic,CRB2,234.0
Q5IJ48,H234V,0.737,pathogenic,CRB2,234.0
Q5IJ48,H234W,0.567,pathogenic,CRB2,234.0
Q5IJ48,H234Y,0.2027,benign,CRB2,234.0
Q5IJ48,N235A,0.3639,ambiguous,CRB2,235.0
Q5IJ48,N235C,0.8963,pathogenic,CRB2,235.0
Q5IJ48,N235D,0.2014,benign,CRB2,235.0
Q5IJ48,N235E,0.3884,ambiguous,CRB2,235.0
Q5IJ48,N235F,0.83,pathogenic,CRB2,235.0
Q5IJ48,N235G,0.2422,benign,CRB2,235.0
Q5IJ48,N235H,0.2329,benign,CRB2,235.0
Q5IJ48,N235I,0.8288,pathogenic,CRB2,235.0
Q5IJ48,N235K,0.4815,ambiguous,CRB2,235.0
Q5IJ48,N235L,0.5025,ambiguous,CRB2,235.0
Q5IJ48,N235M,0.8041,pathogenic,CRB2,235.0
Q5IJ48,N235P,0.8133,pathogenic,CRB2,235.0
Q5IJ48,N235Q,0.4336,ambiguous,CRB2,235.0
Q5IJ48,N235R,0.376,ambiguous,CRB2,235.0
Q5IJ48,N235S,0.1142,benign,CRB2,235.0
Q5IJ48,N235T,0.5085,ambiguous,CRB2,235.0
Q5IJ48,N235V,0.7458,pathogenic,CRB2,235.0
Q5IJ48,N235W,0.9077,pathogenic,CRB2,235.0
Q5IJ48,N235Y,0.4876,ambiguous,CRB2,235.0
Q5IJ48,A236C,0.9648,pathogenic,CRB2,236.0
Q5IJ48,A236D,0.9229,pathogenic,CRB2,236.0
Q5IJ48,A236E,0.9435,pathogenic,CRB2,236.0
Q5IJ48,A236F,0.9474,pathogenic,CRB2,236.0
Q5IJ48,A236G,0.111,benign,CRB2,236.0
Q5IJ48,A236H,0.9641,pathogenic,CRB2,236.0
Q5IJ48,A236I,0.9602,pathogenic,CRB2,236.0
Q5IJ48,A236K,0.9827,pathogenic,CRB2,236.0
Q5IJ48,A236L,0.8699,pathogenic,CRB2,236.0
Q5IJ48,A236M,0.9225,pathogenic,CRB2,236.0
Q5IJ48,A236N,0.9173,pathogenic,CRB2,236.0
Q5IJ48,A236P,0.9579,pathogenic,CRB2,236.0
Q5IJ48,A236Q,0.9248,pathogenic,CRB2,236.0
Q5IJ48,A236R,0.9288,pathogenic,CRB2,236.0
Q5IJ48,A236S,0.1388,benign,CRB2,236.0
Q5IJ48,A236T,0.535,ambiguous,CRB2,236.0
Q5IJ48,A236V,0.8025,pathogenic,CRB2,236.0
Q5IJ48,A236W,0.9924,pathogenic,CRB2,236.0
Q5IJ48,A236Y,0.9744,pathogenic,CRB2,236.0
Q5IJ48,S237A,0.1356,benign,CRB2,237.0
Q5IJ48,S237C,0.6466,pathogenic,CRB2,237.0
Q5IJ48,S237D,0.4292,ambiguous,CRB2,237.0
Q5IJ48,S237E,0.5705,pathogenic,CRB2,237.0
Q5IJ48,S237F,0.4315,ambiguous,CRB2,237.0
Q5IJ48,S237G,0.1454,benign,CRB2,237.0
Q5IJ48,S237H,0.4519,ambiguous,CRB2,237.0
Q5IJ48,S237I,0.4082,ambiguous,CRB2,237.0
Q5IJ48,S237K,0.7477,pathogenic,CRB2,237.0
Q5IJ48,S237L,0.2769,benign,CRB2,237.0
Q5IJ48,S237M,0.4294,ambiguous,CRB2,237.0
Q5IJ48,S237N,0.318,benign,CRB2,237.0
Q5IJ48,S237P,0.449,ambiguous,CRB2,237.0
Q5IJ48,S237Q,0.5907,pathogenic,CRB2,237.0
Q5IJ48,S237R,0.5715,pathogenic,CRB2,237.0
Q5IJ48,S237T,0.0615,benign,CRB2,237.0
Q5IJ48,S237V,0.3602,ambiguous,CRB2,237.0
Q5IJ48,S237W,0.4354,ambiguous,CRB2,237.0
Q5IJ48,S237Y,0.4462,ambiguous,CRB2,237.0
Q5IJ48,C238A,0.9704,pathogenic,CRB2,238.0
Q5IJ48,C238D,0.9945,pathogenic,CRB2,238.0
Q5IJ48,C238E,0.9954,pathogenic,CRB2,238.0
Q5IJ48,C238F,0.9233,pathogenic,CRB2,238.0
Q5IJ48,C238G,0.9062,pathogenic,CRB2,238.0
Q5IJ48,C238H,0.9862,pathogenic,CRB2,238.0
Q5IJ48,C238I,0.979,pathogenic,CRB2,238.0
Q5IJ48,C238K,0.9978,pathogenic,CRB2,238.0
Q5IJ48,C238L,0.9321,pathogenic,CRB2,238.0
Q5IJ48,C238M,0.9914,pathogenic,CRB2,238.0
Q5IJ48,C238N,0.9941,pathogenic,CRB2,238.0
Q5IJ48,C238P,0.9839,pathogenic,CRB2,238.0
Q5IJ48,C238Q,0.9932,pathogenic,CRB2,238.0
Q5IJ48,C238R,0.9539,pathogenic,CRB2,238.0
Q5IJ48,C238S,0.9746,pathogenic,CRB2,238.0
Q5IJ48,C238T,0.9893,pathogenic,CRB2,238.0
Q5IJ48,C238V,0.9579,pathogenic,CRB2,238.0
Q5IJ48,C238W,0.9618,pathogenic,CRB2,238.0
Q5IJ48,C238Y,0.9647,pathogenic,CRB2,238.0
Q5IJ48,L239A,0.2123,benign,CRB2,239.0
Q5IJ48,L239C,0.8372,pathogenic,CRB2,239.0
Q5IJ48,L239D,0.6697,pathogenic,CRB2,239.0
Q5IJ48,L239E,0.1725,benign,CRB2,239.0
Q5IJ48,L239F,0.1712,benign,CRB2,239.0
Q5IJ48,L239G,0.5187,ambiguous,CRB2,239.0
Q5IJ48,L239H,0.2529,benign,CRB2,239.0
Q5IJ48,L239I,0.1194,benign,CRB2,239.0
Q5IJ48,L239K,0.2627,benign,CRB2,239.0
Q5IJ48,L239M,0.1636,benign,CRB2,239.0
Q5IJ48,L239N,0.5641,pathogenic,CRB2,239.0
Q5IJ48,L239P,0.6609,pathogenic,CRB2,239.0
Q5IJ48,L239Q,0.0913,benign,CRB2,239.0
Q5IJ48,L239R,0.1047,benign,CRB2,239.0
Q5IJ48,L239S,0.2655,benign,CRB2,239.0
Q5IJ48,L239T,0.2007,benign,CRB2,239.0
Q5IJ48,L239V,0.0843,benign,CRB2,239.0
Q5IJ48,L239W,0.1941,benign,CRB2,239.0
Q5IJ48,L239Y,0.491,ambiguous,CRB2,239.0
Q5IJ48,E240A,0.5544,ambiguous,CRB2,240.0
Q5IJ48,E240C,0.9885,pathogenic,CRB2,240.0
Q5IJ48,E240D,0.1254,benign,CRB2,240.0
Q5IJ48,E240F,0.9849,pathogenic,CRB2,240.0
Q5IJ48,E240G,0.5479,ambiguous,CRB2,240.0
Q5IJ48,E240H,0.8704,pathogenic,CRB2,240.0
Q5IJ48,E240I,0.9632,pathogenic,CRB2,240.0
Q5IJ48,E240K,0.7957,pathogenic,CRB2,240.0
Q5IJ48,E240L,0.904,pathogenic,CRB2,240.0
Q5IJ48,E240M,0.954,pathogenic,CRB2,240.0
Q5IJ48,E240N,0.6225,pathogenic,CRB2,240.0
Q5IJ48,E240P,0.7705,pathogenic,CRB2,240.0
Q5IJ48,E240Q,0.495,ambiguous,CRB2,240.0
Q5IJ48,E240R,0.7705,pathogenic,CRB2,240.0
Q5IJ48,E240S,0.552,ambiguous,CRB2,240.0
Q5IJ48,E240T,0.815,pathogenic,CRB2,240.0
Q5IJ48,E240V,0.8615,pathogenic,CRB2,240.0
Q5IJ48,E240W,0.9861,pathogenic,CRB2,240.0
Q5IJ48,E240Y,0.9509,pathogenic,CRB2,240.0
Q5IJ48,G241A,0.1592,benign,CRB2,241.0
Q5IJ48,G241C,0.7673,pathogenic,CRB2,241.0
Q5IJ48,G241D,0.2017,benign,CRB2,241.0
Q5IJ48,G241E,0.17,benign,CRB2,241.0
Q5IJ48,G241F,0.5753,pathogenic,CRB2,241.0
Q5IJ48,G241H,0.4468,ambiguous,CRB2,241.0
Q5IJ48,G241I,0.3976,ambiguous,CRB2,241.0
Q5IJ48,G241K,0.5144,ambiguous,CRB2,241.0
Q5IJ48,G241L,0.3913,ambiguous,CRB2,241.0
Q5IJ48,G241M,0.5235,ambiguous,CRB2,241.0
Q5IJ48,G241N,0.3449,ambiguous,CRB2,241.0
Q5IJ48,G241P,0.9361,pathogenic,CRB2,241.0
Q5IJ48,G241Q,0.3449,ambiguous,CRB2,241.0
Q5IJ48,G241R,0.3585,ambiguous,CRB2,241.0
Q5IJ48,G241S,0.1316,benign,CRB2,241.0
Q5IJ48,G241T,0.2315,benign,CRB2,241.0
Q5IJ48,G241V,0.2557,benign,CRB2,241.0
Q5IJ48,G241W,0.4793,ambiguous,CRB2,241.0
Q5IJ48,G241Y,0.4911,ambiguous,CRB2,241.0
Q5IJ48,L242A,0.1765,benign,CRB2,242.0
Q5IJ48,L242C,0.8249,pathogenic,CRB2,242.0
Q5IJ48,L242D,0.5316,ambiguous,CRB2,242.0
Q5IJ48,L242E,0.2155,benign,CRB2,242.0
Q5IJ48,L242F,0.163,benign,CRB2,242.0
Q5IJ48,L242G,0.3852,ambiguous,CRB2,242.0
Q5IJ48,L242H,0.262,benign,CRB2,242.0
Q5IJ48,L242I,0.1314,benign,CRB2,242.0
Q5IJ48,L242K,0.2558,benign,CRB2,242.0
Q5IJ48,L242M,0.187,benign,CRB2,242.0
Q5IJ48,L242N,0.4011,ambiguous,CRB2,242.0
Q5IJ48,L242P,0.1039,benign,CRB2,242.0
Q5IJ48,L242Q,0.1302,benign,CRB2,242.0
Q5IJ48,L242R,0.1135,benign,CRB2,242.0
Q5IJ48,L242S,0.2545,benign,CRB2,242.0
Q5IJ48,L242T,0.195,benign,CRB2,242.0
Q5IJ48,L242V,0.113,benign,CRB2,242.0
Q5IJ48,L242W,0.2079,benign,CRB2,242.0
Q5IJ48,L242Y,0.4722,ambiguous,CRB2,242.0
Q5IJ48,G243A,0.1319,benign,CRB2,243.0
Q5IJ48,G243C,0.5725,pathogenic,CRB2,243.0
Q5IJ48,G243D,0.1544,benign,CRB2,243.0
Q5IJ48,G243E,0.1797,benign,CRB2,243.0
Q5IJ48,G243F,0.6268,pathogenic,CRB2,243.0
Q5IJ48,G243H,0.2649,benign,CRB2,243.0
Q5IJ48,G243I,0.5363,ambiguous,CRB2,243.0
Q5IJ48,G243K,0.3595,ambiguous,CRB2,243.0
Q5IJ48,G243L,0.4031,ambiguous,CRB2,243.0
Q5IJ48,G243M,0.639,pathogenic,CRB2,243.0
Q5IJ48,G243N,0.2511,benign,CRB2,243.0
Q5IJ48,G243P,0.755,pathogenic,CRB2,243.0
Q5IJ48,G243Q,0.2247,benign,CRB2,243.0
Q5IJ48,G243R,0.163,benign,CRB2,243.0
Q5IJ48,G243S,0.1099,benign,CRB2,243.0
Q5IJ48,G243T,0.2666,benign,CRB2,243.0
Q5IJ48,G243V,0.347,ambiguous,CRB2,243.0
Q5IJ48,G243W,0.4079,ambiguous,CRB2,243.0
Q5IJ48,G243Y,0.454,ambiguous,CRB2,243.0
Q5IJ48,S244A,0.1136,benign,CRB2,244.0
Q5IJ48,S244C,0.4244,ambiguous,CRB2,244.0
Q5IJ48,S244D,0.1737,benign,CRB2,244.0
Q5IJ48,S244E,0.2503,benign,CRB2,244.0
Q5IJ48,S244F,0.1921,benign,CRB2,244.0
Q5IJ48,S244G,0.0766,benign,CRB2,244.0
Q5IJ48,S244H,0.1606,benign,CRB2,244.0
Q5IJ48,S244I,0.1955,benign,CRB2,244.0
Q5IJ48,S244K,0.3975,ambiguous,CRB2,244.0
Q5IJ48,S244L,0.1713,benign,CRB2,244.0
Q5IJ48,S244M,0.2953,benign,CRB2,244.0
Q5IJ48,S244N,0.0914,benign,CRB2,244.0
Q5IJ48,S244P,0.5352,ambiguous,CRB2,244.0
Q5IJ48,S244Q,0.2491,benign,CRB2,244.0
Q5IJ48,S244R,0.2198,benign,CRB2,244.0
Q5IJ48,S244T,0.1061,benign,CRB2,244.0
Q5IJ48,S244V,0.2253,benign,CRB2,244.0
Q5IJ48,S244W,0.2527,benign,CRB2,244.0
Q5IJ48,S244Y,0.1779,benign,CRB2,244.0
Q5IJ48,F245A,0.9264,pathogenic,CRB2,245.0
Q5IJ48,F245C,0.9672,pathogenic,CRB2,245.0
Q5IJ48,F245D,0.9835,pathogenic,CRB2,245.0
Q5IJ48,F245E,0.982,pathogenic,CRB2,245.0
Q5IJ48,F245G,0.9628,pathogenic,CRB2,245.0
Q5IJ48,F245H,0.8414,pathogenic,CRB2,245.0
Q5IJ48,F245I,0.749,pathogenic,CRB2,245.0
Q5IJ48,F245K,0.9783,pathogenic,CRB2,245.0
Q5IJ48,F245L,0.9697,pathogenic,CRB2,245.0
Q5IJ48,F245M,0.936,pathogenic,CRB2,245.0
Q5IJ48,F245N,0.9604,pathogenic,CRB2,245.0
Q5IJ48,F245P,0.9888,pathogenic,CRB2,245.0
Q5IJ48,F245Q,0.9581,pathogenic,CRB2,245.0
Q5IJ48,F245R,0.9165,pathogenic,CRB2,245.0
Q5IJ48,F245S,0.8295,pathogenic,CRB2,245.0
Q5IJ48,F245T,0.9336,pathogenic,CRB2,245.0
Q5IJ48,F245V,0.6972,pathogenic,CRB2,245.0
Q5IJ48,F245W,0.657,pathogenic,CRB2,245.0
Q5IJ48,F245Y,0.2585,benign,CRB2,245.0
Q5IJ48,R246A,0.1979,benign,CRB2,246.0
Q5IJ48,R246C,0.2894,benign,CRB2,246.0
Q5IJ48,R246D,0.335,benign,CRB2,246.0
Q5IJ48,R246E,0.1986,benign,CRB2,246.0
Q5IJ48,R246F,0.3309,benign,CRB2,246.0
Q5IJ48,R246G,0.1493,benign,CRB2,246.0
Q5IJ48,R246H,0.0713,benign,CRB2,246.0
Q5IJ48,R246I,0.206,benign,CRB2,246.0
Q5IJ48,R246K,0.2067,benign,CRB2,246.0
Q5IJ48,R246L,0.1205,benign,CRB2,246.0
Q5IJ48,R246M,0.3461,ambiguous,CRB2,246.0
Q5IJ48,R246N,0.3491,ambiguous,CRB2,246.0
Q5IJ48,R246P,0.627,pathogenic,CRB2,246.0
Q5IJ48,R246Q,0.0766,benign,CRB2,246.0
Q5IJ48,R246S,0.1534,benign,CRB2,246.0
Q5IJ48,R246T,0.1239,benign,CRB2,246.0
Q5IJ48,R246V,0.2191,benign,CRB2,246.0
Q5IJ48,R246W,0.1149,benign,CRB2,246.0
Q5IJ48,R246Y,0.2493,benign,CRB2,246.0
Q5IJ48,C247A,0.9791,pathogenic,CRB2,247.0
Q5IJ48,C247D,0.9948,pathogenic,CRB2,247.0
Q5IJ48,C247E,0.996,pathogenic,CRB2,247.0
Q5IJ48,C247F,0.9402,pathogenic,CRB2,247.0
Q5IJ48,C247G,0.8978,pathogenic,CRB2,247.0
Q5IJ48,C247H,0.9887,pathogenic,CRB2,247.0
Q5IJ48,C247I,0.9853,pathogenic,CRB2,247.0
Q5IJ48,C247K,0.9978,pathogenic,CRB2,247.0
Q5IJ48,C247L,0.9456,pathogenic,CRB2,247.0
Q5IJ48,C247M,0.9929,pathogenic,CRB2,247.0
Q5IJ48,C247N,0.9921,pathogenic,CRB2,247.0
Q5IJ48,C247P,0.9816,pathogenic,CRB2,247.0
Q5IJ48,C247Q,0.9943,pathogenic,CRB2,247.0
Q5IJ48,C247R,0.9719,pathogenic,CRB2,247.0
Q5IJ48,C247S,0.9795,pathogenic,CRB2,247.0
Q5IJ48,C247T,0.9923,pathogenic,CRB2,247.0
Q5IJ48,C247V,0.971,pathogenic,CRB2,247.0
Q5IJ48,C247W,0.9658,pathogenic,CRB2,247.0
Q5IJ48,C247Y,0.956,pathogenic,CRB2,247.0
Q5IJ48,L248A,0.21,benign,CRB2,248.0
Q5IJ48,L248C,0.7306,pathogenic,CRB2,248.0
Q5IJ48,L248D,0.5066,ambiguous,CRB2,248.0
Q5IJ48,L248E,0.2255,benign,CRB2,248.0
Q5IJ48,L248F,0.1283,benign,CRB2,248.0
Q5IJ48,L248G,0.4506,ambiguous,CRB2,248.0
Q5IJ48,L248H,0.1765,benign,CRB2,248.0
Q5IJ48,L248I,0.1167,benign,CRB2,248.0
Q5IJ48,L248K,0.3321,benign,CRB2,248.0
Q5IJ48,L248M,0.2193,benign,CRB2,248.0
Q5IJ48,L248N,0.3788,ambiguous,CRB2,248.0
Q5IJ48,L248P,0.5333,ambiguous,CRB2,248.0
Q5IJ48,L248Q,0.1119,benign,CRB2,248.0
Q5IJ48,L248R,0.1094,benign,CRB2,248.0
Q5IJ48,L248S,0.2213,benign,CRB2,248.0
Q5IJ48,L248T,0.2354,benign,CRB2,248.0
Q5IJ48,L248V,0.098,benign,CRB2,248.0
Q5IJ48,L248W,0.2068,benign,CRB2,248.0
Q5IJ48,L248Y,0.3424,ambiguous,CRB2,248.0
Q5IJ48,C249A,0.9672,pathogenic,CRB2,249.0
Q5IJ48,C249D,0.9931,pathogenic,CRB2,249.0
Q5IJ48,C249E,0.9951,pathogenic,CRB2,249.0
Q5IJ48,C249F,0.9511,pathogenic,CRB2,249.0
Q5IJ48,C249G,0.8686,pathogenic,CRB2,249.0
Q5IJ48,C249H,0.9804,pathogenic,CRB2,249.0
Q5IJ48,C249I,0.9883,pathogenic,CRB2,249.0
Q5IJ48,C249K,0.9972,pathogenic,CRB2,249.0
Q5IJ48,C249L,0.9315,pathogenic,CRB2,249.0
Q5IJ48,C249M,0.9946,pathogenic,CRB2,249.0
Q5IJ48,C249N,0.9906,pathogenic,CRB2,249.0
Q5IJ48,C249P,0.9364,pathogenic,CRB2,249.0
Q5IJ48,C249Q,0.9885,pathogenic,CRB2,249.0
Q5IJ48,C249R,0.9449,pathogenic,CRB2,249.0
Q5IJ48,C249S,0.9667,pathogenic,CRB2,249.0
Q5IJ48,C249T,0.9898,pathogenic,CRB2,249.0
Q5IJ48,C249V,0.9776,pathogenic,CRB2,249.0
Q5IJ48,C249W,0.9671,pathogenic,CRB2,249.0
Q5IJ48,C249Y,0.9672,pathogenic,CRB2,249.0
Q5IJ48,W250A,0.5539,ambiguous,CRB2,250.0
Q5IJ48,W250C,0.958,pathogenic,CRB2,250.0
Q5IJ48,W250D,0.8692,pathogenic,CRB2,250.0
Q5IJ48,W250E,0.7432,pathogenic,CRB2,250.0
Q5IJ48,W250F,0.2116,benign,CRB2,250.0
Q5IJ48,W250G,0.3588,ambiguous,CRB2,250.0
Q5IJ48,W250H,0.6221,pathogenic,CRB2,250.0
Q5IJ48,W250I,0.7394,pathogenic,CRB2,250.0
Q5IJ48,W250K,0.8598,pathogenic,CRB2,250.0
Q5IJ48,W250L,0.3362,benign,CRB2,250.0
Q5IJ48,W250M,0.7831,pathogenic,CRB2,250.0
Q5IJ48,W250N,0.8572,pathogenic,CRB2,250.0
Q5IJ48,W250P,0.715,pathogenic,CRB2,250.0
Q5IJ48,W250Q,0.704,pathogenic,CRB2,250.0
Q5IJ48,W250R,0.6982,pathogenic,CRB2,250.0
Q5IJ48,W250S,0.3802,ambiguous,CRB2,250.0
Q5IJ48,W250T,0.7039,pathogenic,CRB2,250.0
Q5IJ48,W250V,0.6244,pathogenic,CRB2,250.0
Q5IJ48,W250Y,0.4591,ambiguous,CRB2,250.0
Q5IJ48,P251A,0.0973,benign,CRB2,251.0
Q5IJ48,P251C,0.8543,pathogenic,CRB2,251.0
Q5IJ48,P251D,0.3622,ambiguous,CRB2,251.0
Q5IJ48,P251E,0.2054,benign,CRB2,251.0
Q5IJ48,P251F,0.5997,pathogenic,CRB2,251.0
Q5IJ48,P251G,0.3358,benign,CRB2,251.0
Q5IJ48,P251H,0.2471,benign,CRB2,251.0
Q5IJ48,P251I,0.4847,ambiguous,CRB2,251.0
Q5IJ48,P251K,0.3388,benign,CRB2,251.0
Q5IJ48,P251L,0.1433,benign,CRB2,251.0
Q5IJ48,P251M,0.4311,ambiguous,CRB2,251.0
Q5IJ48,P251N,0.3897,ambiguous,CRB2,251.0
Q5IJ48,P251Q,0.1682,benign,CRB2,251.0
Q5IJ48,P251R,0.1627,benign,CRB2,251.0
Q5IJ48,P251S,0.1489,benign,CRB2,251.0
Q5IJ48,P251T,0.1421,benign,CRB2,251.0
Q5IJ48,P251V,0.3041,benign,CRB2,251.0
Q5IJ48,P251W,0.5661,pathogenic,CRB2,251.0
Q5IJ48,P251Y,0.5681,pathogenic,CRB2,251.0
Q5IJ48,G252A,0.5738,pathogenic,CRB2,252.0
Q5IJ48,G252C,0.9545,pathogenic,CRB2,252.0
Q5IJ48,G252D,0.866,pathogenic,CRB2,252.0
Q5IJ48,G252E,0.8685,pathogenic,CRB2,252.0
Q5IJ48,G252F,0.9687,pathogenic,CRB2,252.0
Q5IJ48,G252H,0.9542,pathogenic,CRB2,252.0
Q5IJ48,G252I,0.9553,pathogenic,CRB2,252.0
Q5IJ48,G252K,0.9708,pathogenic,CRB2,252.0
Q5IJ48,G252L,0.9446,pathogenic,CRB2,252.0
Q5IJ48,G252M,0.9809,pathogenic,CRB2,252.0
Q5IJ48,G252N,0.9261,pathogenic,CRB2,252.0
Q5IJ48,G252P,0.9742,pathogenic,CRB2,252.0
Q5IJ48,G252Q,0.9333,pathogenic,CRB2,252.0
Q5IJ48,G252R,0.8874,pathogenic,CRB2,252.0
Q5IJ48,G252S,0.4912,ambiguous,CRB2,252.0
Q5IJ48,G252T,0.8422,pathogenic,CRB2,252.0
Q5IJ48,G252V,0.8937,pathogenic,CRB2,252.0
Q5IJ48,G252W,0.9317,pathogenic,CRB2,252.0
Q5IJ48,G252Y,0.9545,pathogenic,CRB2,252.0
Q5IJ48,Y253A,0.9564,pathogenic,CRB2,253.0
Q5IJ48,Y253C,0.9196,pathogenic,CRB2,253.0
Q5IJ48,Y253D,0.9423,pathogenic,CRB2,253.0
Q5IJ48,Y253E,0.9834,pathogenic,CRB2,253.0
Q5IJ48,Y253F,0.0784,benign,CRB2,253.0
Q5IJ48,Y253G,0.9425,pathogenic,CRB2,253.0
Q5IJ48,Y253H,0.7607,pathogenic,CRB2,253.0
Q5IJ48,Y253I,0.877,pathogenic,CRB2,253.0
Q5IJ48,Y253K,0.9787,pathogenic,CRB2,253.0
Q5IJ48,Y253L,0.8611,pathogenic,CRB2,253.0
Q5IJ48,Y253M,0.9283,pathogenic,CRB2,253.0
Q5IJ48,Y253N,0.863,pathogenic,CRB2,253.0
Q5IJ48,Y253P,0.9923,pathogenic,CRB2,253.0
Q5IJ48,Y253Q,0.9658,pathogenic,CRB2,253.0
Q5IJ48,Y253R,0.9343,pathogenic,CRB2,253.0
Q5IJ48,Y253S,0.8691,pathogenic,CRB2,253.0
Q5IJ48,Y253T,0.9568,pathogenic,CRB2,253.0
Q5IJ48,Y253V,0.8321,pathogenic,CRB2,253.0
Q5IJ48,Y253W,0.5809,pathogenic,CRB2,253.0
Q5IJ48,S254A,0.0901,benign,CRB2,254.0
Q5IJ48,S254C,0.4554,ambiguous,CRB2,254.0
Q5IJ48,S254D,0.2927,benign,CRB2,254.0
Q5IJ48,S254E,0.2703,benign,CRB2,254.0
Q5IJ48,S254F,0.2188,benign,CRB2,254.0
Q5IJ48,S254G,0.0872,benign,CRB2,254.0
Q5IJ48,S254H,0.1815,benign,CRB2,254.0
Q5IJ48,S254I,0.1956,benign,CRB2,254.0
Q5IJ48,S254K,0.3335,benign,CRB2,254.0
Q5IJ48,S254L,0.1575,benign,CRB2,254.0
Q5IJ48,S254M,0.2834,benign,CRB2,254.0
Q5IJ48,S254N,0.1714,benign,CRB2,254.0
Q5IJ48,S254P,0.7566,pathogenic,CRB2,254.0
Q5IJ48,S254Q,0.2324,benign,CRB2,254.0
Q5IJ48,S254R,0.1702,benign,CRB2,254.0
Q5IJ48,S254T,0.089,benign,CRB2,254.0
Q5IJ48,S254V,0.221,benign,CRB2,254.0
Q5IJ48,S254W,0.254,benign,CRB2,254.0
Q5IJ48,S254Y,0.2315,benign,CRB2,254.0
Q5IJ48,G255A,0.5693,pathogenic,CRB2,255.0
Q5IJ48,G255C,0.9605,pathogenic,CRB2,255.0
Q5IJ48,G255D,0.6385,pathogenic,CRB2,255.0
Q5IJ48,G255E,0.7597,pathogenic,CRB2,255.0
Q5IJ48,G255F,0.9734,pathogenic,CRB2,255.0
Q5IJ48,G255H,0.8641,pathogenic,CRB2,255.0
Q5IJ48,G255I,0.9761,pathogenic,CRB2,255.0
Q5IJ48,G255K,0.8489,pathogenic,CRB2,255.0
Q5IJ48,G255L,0.9317,pathogenic,CRB2,255.0
Q5IJ48,G255M,0.9638,pathogenic,CRB2,255.0
Q5IJ48,G255N,0.7889,pathogenic,CRB2,255.0
Q5IJ48,G255P,0.9776,pathogenic,CRB2,255.0
Q5IJ48,G255Q,0.7816,pathogenic,CRB2,255.0
Q5IJ48,G255R,0.6444,pathogenic,CRB2,255.0
Q5IJ48,G255S,0.2698,benign,CRB2,255.0
Q5IJ48,G255T,0.7596,pathogenic,CRB2,255.0
Q5IJ48,G255V,0.9297,pathogenic,CRB2,255.0
Q5IJ48,G255W,0.8976,pathogenic,CRB2,255.0
Q5IJ48,G255Y,0.9572,pathogenic,CRB2,255.0
Q5IJ48,E256A,0.0822,benign,CRB2,256.0
Q5IJ48,E256C,0.7849,pathogenic,CRB2,256.0
Q5IJ48,E256D,0.0872,benign,CRB2,256.0
Q5IJ48,E256F,0.4043,ambiguous,CRB2,256.0
Q5IJ48,E256G,0.097,benign,CRB2,256.0
Q5IJ48,E256H,0.2005,benign,CRB2,256.0
Q5IJ48,E256I,0.2297,benign,CRB2,256.0
Q5IJ48,E256K,0.0866,benign,CRB2,256.0
Q5IJ48,E256L,0.1548,benign,CRB2,256.0
Q5IJ48,E256M,0.253,benign,CRB2,256.0
Q5IJ48,E256N,0.1543,benign,CRB2,256.0
Q5IJ48,E256P,0.1508,benign,CRB2,256.0
Q5IJ48,E256Q,0.0763,benign,CRB2,256.0
Q5IJ48,E256R,0.0985,benign,CRB2,256.0
Q5IJ48,E256S,0.1098,benign,CRB2,256.0
Q5IJ48,E256T,0.129,benign,CRB2,256.0
Q5IJ48,E256V,0.1293,benign,CRB2,256.0
Q5IJ48,E256W,0.5345,ambiguous,CRB2,256.0
Q5IJ48,E256Y,0.3335,benign,CRB2,256.0
Q5IJ48,L257A,0.1057,benign,CRB2,257.0
Q5IJ48,L257C,0.4496,ambiguous,CRB2,257.0
Q5IJ48,L257D,0.2171,benign,CRB2,257.0
Q5IJ48,L257E,0.1173,benign,CRB2,257.0
Q5IJ48,L257F,0.1024,benign,CRB2,257.0
Q5IJ48,L257G,0.1295,benign,CRB2,257.0
Q5IJ48,L257H,0.0763,benign,CRB2,257.0
Q5IJ48,L257I,0.1383,benign,CRB2,257.0
Q5IJ48,L257K,0.0917,benign,CRB2,257.0
Q5IJ48,L257M,0.145,benign,CRB2,257.0
Q5IJ48,L257N,0.1412,benign,CRB2,257.0
Q5IJ48,L257P,0.1385,benign,CRB2,257.0
Q5IJ48,L257Q,0.0498,benign,CRB2,257.0
Q5IJ48,L257R,0.0343,benign,CRB2,257.0
Q5IJ48,L257S,0.12,benign,CRB2,257.0
Q5IJ48,L257T,0.127,benign,CRB2,257.0
Q5IJ48,L257V,0.1028,benign,CRB2,257.0
Q5IJ48,L257W,0.0742,benign,CRB2,257.0
Q5IJ48,L257Y,0.1701,benign,CRB2,257.0
Q5IJ48,C258A,0.9856,pathogenic,CRB2,258.0
Q5IJ48,C258D,0.9966,pathogenic,CRB2,258.0
Q5IJ48,C258E,0.9972,pathogenic,CRB2,258.0
Q5IJ48,C258F,0.9821,pathogenic,CRB2,258.0
Q5IJ48,C258G,0.9022,pathogenic,CRB2,258.0
Q5IJ48,C258H,0.9953,pathogenic,CRB2,258.0
Q5IJ48,C258I,0.9966,pathogenic,CRB2,258.0
Q5IJ48,C258K,0.9988,pathogenic,CRB2,258.0
Q5IJ48,C258L,0.9751,pathogenic,CRB2,258.0
Q5IJ48,C258M,0.9965,pathogenic,CRB2,258.0
Q5IJ48,C258N,0.9975,pathogenic,CRB2,258.0
Q5IJ48,C258P,0.9923,pathogenic,CRB2,258.0
Q5IJ48,C258Q,0.9967,pathogenic,CRB2,258.0
Q5IJ48,C258R,0.9779,pathogenic,CRB2,258.0
Q5IJ48,C258S,0.9908,pathogenic,CRB2,258.0
Q5IJ48,C258T,0.9962,pathogenic,CRB2,258.0
Q5IJ48,C258V,0.9916,pathogenic,CRB2,258.0
Q5IJ48,C258W,0.9762,pathogenic,CRB2,258.0
Q5IJ48,C258Y,0.9859,pathogenic,CRB2,258.0
Q5IJ48,E259A,0.1171,benign,CRB2,259.0
Q5IJ48,E259C,0.9454,pathogenic,CRB2,259.0
Q5IJ48,E259D,0.266,benign,CRB2,259.0
Q5IJ48,E259F,0.8008,pathogenic,CRB2,259.0
Q5IJ48,E259G,0.1402,benign,CRB2,259.0
Q5IJ48,E259H,0.4342,ambiguous,CRB2,259.0
Q5IJ48,E259I,0.5951,pathogenic,CRB2,259.0
Q5IJ48,E259K,0.1305,benign,CRB2,259.0
Q5IJ48,E259L,0.43,ambiguous,CRB2,259.0
Q5IJ48,E259M,0.4817,ambiguous,CRB2,259.0
Q5IJ48,E259N,0.4095,ambiguous,CRB2,259.0
Q5IJ48,E259P,0.8504,pathogenic,CRB2,259.0
Q5IJ48,E259Q,0.0937,benign,CRB2,259.0
Q5IJ48,E259R,0.1619,benign,CRB2,259.0
Q5IJ48,E259S,0.1891,benign,CRB2,259.0
Q5IJ48,E259T,0.2365,benign,CRB2,259.0
Q5IJ48,E259V,0.3258,benign,CRB2,259.0
Q5IJ48,E259W,0.8895,pathogenic,CRB2,259.0
Q5IJ48,E259Y,0.7498,pathogenic,CRB2,259.0
Q5IJ48,V260A,0.1041,benign,CRB2,260.0
Q5IJ48,V260C,0.9014,pathogenic,CRB2,260.0
Q5IJ48,V260D,0.1475,benign,CRB2,260.0
Q5IJ48,V260E,0.0847,benign,CRB2,260.0
Q5IJ48,V260F,0.1452,benign,CRB2,260.0
Q5IJ48,V260G,0.129,benign,CRB2,260.0
Q5IJ48,V260H,0.3541,ambiguous,CRB2,260.0
Q5IJ48,V260I,0.0955,benign,CRB2,260.0
Q5IJ48,V260K,0.1456,benign,CRB2,260.0
Q5IJ48,V260L,0.1354,benign,CRB2,260.0
Q5IJ48,V260M,0.112,benign,CRB2,260.0
Q5IJ48,V260N,0.1838,benign,CRB2,260.0
Q5IJ48,V260P,0.7617,pathogenic,CRB2,260.0
Q5IJ48,V260Q,0.1388,benign,CRB2,260.0
Q5IJ48,V260R,0.1115,benign,CRB2,260.0
Q5IJ48,V260S,0.1578,benign,CRB2,260.0
Q5IJ48,V260T,0.1217,benign,CRB2,260.0
Q5IJ48,V260W,0.4988,ambiguous,CRB2,260.0
Q5IJ48,V260Y,0.4654,ambiguous,CRB2,260.0
Q5IJ48,D261A,0.716,pathogenic,CRB2,261.0
Q5IJ48,D261C,0.9926,pathogenic,CRB2,261.0
Q5IJ48,D261E,0.6057,pathogenic,CRB2,261.0
Q5IJ48,D261F,0.9637,pathogenic,CRB2,261.0
Q5IJ48,D261G,0.6944,pathogenic,CRB2,261.0
Q5IJ48,D261H,0.8457,pathogenic,CRB2,261.0
Q5IJ48,D261I,0.9355,pathogenic,CRB2,261.0
Q5IJ48,D261K,0.8947,pathogenic,CRB2,261.0
Q5IJ48,D261L,0.858,pathogenic,CRB2,261.0
Q5IJ48,D261M,0.9705,pathogenic,CRB2,261.0
Q5IJ48,D261N,0.4549,ambiguous,CRB2,261.0
Q5IJ48,D261P,0.9191,pathogenic,CRB2,261.0
Q5IJ48,D261Q,0.8735,pathogenic,CRB2,261.0
Q5IJ48,D261R,0.8608,pathogenic,CRB2,261.0
Q5IJ48,D261S,0.6006,pathogenic,CRB2,261.0
Q5IJ48,D261T,0.8506,pathogenic,CRB2,261.0
Q5IJ48,D261V,0.8176,pathogenic,CRB2,261.0
Q5IJ48,D261W,0.986,pathogenic,CRB2,261.0
Q5IJ48,D261Y,0.826,pathogenic,CRB2,261.0
Q5IJ48,E262A,0.1564,benign,CRB2,262.0
Q5IJ48,E262C,0.9282,pathogenic,CRB2,262.0
Q5IJ48,E262D,0.2352,benign,CRB2,262.0
Q5IJ48,E262F,0.7236,pathogenic,CRB2,262.0
Q5IJ48,E262G,0.2184,benign,CRB2,262.0
Q5IJ48,E262H,0.4548,ambiguous,CRB2,262.0
Q5IJ48,E262I,0.2871,benign,CRB2,262.0
Q5IJ48,E262K,0.1084,benign,CRB2,262.0
Q5IJ48,E262L,0.32,benign,CRB2,262.0
Q5IJ48,E262M,0.3904,ambiguous,CRB2,262.0
Q5IJ48,E262N,0.4235,ambiguous,CRB2,262.0
Q5IJ48,E262P,0.7992,pathogenic,CRB2,262.0
Q5IJ48,E262Q,0.134,benign,CRB2,262.0
Q5IJ48,E262R,0.1581,benign,CRB2,262.0
Q5IJ48,E262S,0.2943,benign,CRB2,262.0
Q5IJ48,E262T,0.2281,benign,CRB2,262.0
Q5IJ48,E262V,0.1629,benign,CRB2,262.0
Q5IJ48,E262W,0.8506,pathogenic,CRB2,262.0
Q5IJ48,E262Y,0.6642,pathogenic,CRB2,262.0
Q5IJ48,D263A,0.3551,ambiguous,CRB2,263.0
Q5IJ48,D263C,0.9624,pathogenic,CRB2,263.0
Q5IJ48,D263E,0.4085,ambiguous,CRB2,263.0
Q5IJ48,D263F,0.8436,pathogenic,CRB2,263.0
Q5IJ48,D263G,0.3657,ambiguous,CRB2,263.0
Q5IJ48,D263H,0.5911,pathogenic,CRB2,263.0
Q5IJ48,D263I,0.6893,pathogenic,CRB2,263.0
Q5IJ48,D263K,0.6629,pathogenic,CRB2,263.0
Q5IJ48,D263L,0.6236,pathogenic,CRB2,263.0
Q5IJ48,D263M,0.8161,pathogenic,CRB2,263.0
Q5IJ48,D263N,0.123,benign,CRB2,263.0
Q5IJ48,D263P,0.6908,pathogenic,CRB2,263.0
Q5IJ48,D263Q,0.6531,pathogenic,CRB2,263.0
Q5IJ48,D263R,0.6411,pathogenic,CRB2,263.0
Q5IJ48,D263S,0.2924,benign,CRB2,263.0
Q5IJ48,D263T,0.5578,ambiguous,CRB2,263.0
Q5IJ48,D263V,0.4448,ambiguous,CRB2,263.0
Q5IJ48,D263W,0.9507,pathogenic,CRB2,263.0
Q5IJ48,D263Y,0.4523,ambiguous,CRB2,263.0
Q5IJ48,E264A,0.5583,ambiguous,CRB2,264.0
Q5IJ48,E264C,0.9943,pathogenic,CRB2,264.0
Q5IJ48,E264D,0.3695,ambiguous,CRB2,264.0
Q5IJ48,E264F,0.9761,pathogenic,CRB2,264.0
Q5IJ48,E264G,0.6572,pathogenic,CRB2,264.0
Q5IJ48,E264H,0.8935,pathogenic,CRB2,264.0
Q5IJ48,E264I,0.894,pathogenic,CRB2,264.0
Q5IJ48,E264K,0.5899,pathogenic,CRB2,264.0
Q5IJ48,E264L,0.9123,pathogenic,CRB2,264.0
Q5IJ48,E264M,0.9324,pathogenic,CRB2,264.0
Q5IJ48,E264N,0.8025,pathogenic,CRB2,264.0
Q5IJ48,E264P,0.8983,pathogenic,CRB2,264.0
Q5IJ48,E264Q,0.5303,ambiguous,CRB2,264.0
Q5IJ48,E264R,0.6816,pathogenic,CRB2,264.0
Q5IJ48,E264S,0.7116,pathogenic,CRB2,264.0
Q5IJ48,E264T,0.7756,pathogenic,CRB2,264.0
Q5IJ48,E264V,0.788,pathogenic,CRB2,264.0
Q5IJ48,E264W,0.9898,pathogenic,CRB2,264.0
Q5IJ48,E264Y,0.9506,pathogenic,CRB2,264.0
Q5IJ48,C265A,0.9603,pathogenic,CRB2,265.0
Q5IJ48,C265D,0.9791,pathogenic,CRB2,265.0
Q5IJ48,C265E,0.9861,pathogenic,CRB2,265.0
Q5IJ48,C265F,0.9174,pathogenic,CRB2,265.0
Q5IJ48,C265G,0.8279,pathogenic,CRB2,265.0
Q5IJ48,C265H,0.9847,pathogenic,CRB2,265.0
Q5IJ48,C265I,0.9729,pathogenic,CRB2,265.0
Q5IJ48,C265K,0.9952,pathogenic,CRB2,265.0
Q5IJ48,C265L,0.933,pathogenic,CRB2,265.0
Q5IJ48,C265M,0.9775,pathogenic,CRB2,265.0
Q5IJ48,C265N,0.9835,pathogenic,CRB2,265.0
Q5IJ48,C265P,0.9831,pathogenic,CRB2,265.0
Q5IJ48,C265Q,0.9915,pathogenic,CRB2,265.0
Q5IJ48,C265R,0.9557,pathogenic,CRB2,265.0
Q5IJ48,C265S,0.9767,pathogenic,CRB2,265.0
Q5IJ48,C265T,0.9814,pathogenic,CRB2,265.0
Q5IJ48,C265V,0.952,pathogenic,CRB2,265.0
Q5IJ48,C265W,0.9308,pathogenic,CRB2,265.0
Q5IJ48,C265Y,0.9253,pathogenic,CRB2,265.0
Q5IJ48,A266C,0.6633,pathogenic,CRB2,266.0
Q5IJ48,A266D,0.1335,benign,CRB2,266.0
Q5IJ48,A266E,0.1047,benign,CRB2,266.0
Q5IJ48,A266F,0.2252,benign,CRB2,266.0
Q5IJ48,A266G,0.1078,benign,CRB2,266.0
Q5IJ48,A266H,0.2918,benign,CRB2,266.0
Q5IJ48,A266I,0.1898,benign,CRB2,266.0
Q5IJ48,A266K,0.2537,benign,CRB2,266.0
Q5IJ48,A266L,0.1244,benign,CRB2,266.0
Q5IJ48,A266M,0.2025,benign,CRB2,266.0
Q5IJ48,A266N,0.2136,benign,CRB2,266.0
Q5IJ48,A266P,0.3085,benign,CRB2,266.0
Q5IJ48,A266Q,0.1649,benign,CRB2,266.0
Q5IJ48,A266R,0.1605,benign,CRB2,266.0
Q5IJ48,A266S,0.0899,benign,CRB2,266.0
Q5IJ48,A266T,0.0814,benign,CRB2,266.0
Q5IJ48,A266V,0.0991,benign,CRB2,266.0
Q5IJ48,A266W,0.4893,ambiguous,CRB2,266.0
Q5IJ48,A266Y,0.3783,ambiguous,CRB2,266.0
Q5IJ48,S267A,0.0625,benign,CRB2,267.0
Q5IJ48,S267C,0.3059,benign,CRB2,267.0
Q5IJ48,S267D,0.135,benign,CRB2,267.0
Q5IJ48,S267E,0.1597,benign,CRB2,267.0
Q5IJ48,S267F,0.135,benign,CRB2,267.0
Q5IJ48,S267G,0.0633,benign,CRB2,267.0
Q5IJ48,S267H,0.1943,benign,CRB2,267.0
Q5IJ48,S267I,0.13,benign,CRB2,267.0
Q5IJ48,S267K,0.3066,benign,CRB2,267.0
Q5IJ48,S267L,0.0976,benign,CRB2,267.0
Q5IJ48,S267M,0.2025,benign,CRB2,267.0
Q5IJ48,S267N,0.1144,benign,CRB2,267.0
Q5IJ48,S267P,0.0826,benign,CRB2,267.0
Q5IJ48,S267Q,0.2088,benign,CRB2,267.0
Q5IJ48,S267R,0.2018,benign,CRB2,267.0
Q5IJ48,S267T,0.0838,benign,CRB2,267.0
Q5IJ48,S267V,0.1157,benign,CRB2,267.0
Q5IJ48,S267W,0.1687,benign,CRB2,267.0
Q5IJ48,S267Y,0.1665,benign,CRB2,267.0
Q5IJ48,S268A,0.0804,benign,CRB2,268.0
Q5IJ48,S268C,0.2926,benign,CRB2,268.0
Q5IJ48,S268D,0.0883,benign,CRB2,268.0
Q5IJ48,S268E,0.1258,benign,CRB2,268.0
Q5IJ48,S268F,0.1356,benign,CRB2,268.0
Q5IJ48,S268G,0.0563,benign,CRB2,268.0
Q5IJ48,S268H,0.113,benign,CRB2,268.0
Q5IJ48,S268I,0.1204,benign,CRB2,268.0
Q5IJ48,S268K,0.2174,benign,CRB2,268.0
Q5IJ48,S268L,0.1055,benign,CRB2,268.0
Q5IJ48,S268M,0.2139,benign,CRB2,268.0
Q5IJ48,S268N,0.0806,benign,CRB2,268.0
Q5IJ48,S268P,0.1385,benign,CRB2,268.0
Q5IJ48,S268Q,0.1431,benign,CRB2,268.0
Q5IJ48,S268R,0.1287,benign,CRB2,268.0
Q5IJ48,S268T,0.0982,benign,CRB2,268.0
Q5IJ48,S268V,0.1339,benign,CRB2,268.0
Q5IJ48,S268W,0.1618,benign,CRB2,268.0
Q5IJ48,S268Y,0.125,benign,CRB2,268.0
Q5IJ48,P269A,0.2456,benign,CRB2,269.0
Q5IJ48,P269C,0.931,pathogenic,CRB2,269.0
Q5IJ48,P269D,0.856,pathogenic,CRB2,269.0
Q5IJ48,P269E,0.6988,pathogenic,CRB2,269.0
Q5IJ48,P269F,0.7833,pathogenic,CRB2,269.0
Q5IJ48,P269G,0.705,pathogenic,CRB2,269.0
Q5IJ48,P269H,0.5215,ambiguous,CRB2,269.0
Q5IJ48,P269I,0.5749,pathogenic,CRB2,269.0
Q5IJ48,P269K,0.7412,pathogenic,CRB2,269.0
Q5IJ48,P269L,0.3084,benign,CRB2,269.0
Q5IJ48,P269M,0.7743,pathogenic,CRB2,269.0
Q5IJ48,P269N,0.8334,pathogenic,CRB2,269.0
Q5IJ48,P269Q,0.5094,ambiguous,CRB2,269.0
Q5IJ48,P269R,0.3634,ambiguous,CRB2,269.0
Q5IJ48,P269S,0.4105,ambiguous,CRB2,269.0
Q5IJ48,P269T,0.3645,ambiguous,CRB2,269.0
Q5IJ48,P269V,0.434,ambiguous,CRB2,269.0
Q5IJ48,P269W,0.858,pathogenic,CRB2,269.0
Q5IJ48,P269Y,0.8049,pathogenic,CRB2,269.0
Q5IJ48,C270A,0.9635,pathogenic,CRB2,270.0
Q5IJ48,C270D,0.9917,pathogenic,CRB2,270.0
Q5IJ48,C270E,0.9921,pathogenic,CRB2,270.0
Q5IJ48,C270F,0.8959,pathogenic,CRB2,270.0
Q5IJ48,C270G,0.8551,pathogenic,CRB2,270.0
Q5IJ48,C270H,0.9815,pathogenic,CRB2,270.0
Q5IJ48,C270I,0.9747,pathogenic,CRB2,270.0
Q5IJ48,C270K,0.9958,pathogenic,CRB2,270.0
Q5IJ48,C270L,0.9202,pathogenic,CRB2,270.0
Q5IJ48,C270M,0.9879,pathogenic,CRB2,270.0
Q5IJ48,C270N,0.9918,pathogenic,CRB2,270.0
Q5IJ48,C270P,0.9627,pathogenic,CRB2,270.0
Q5IJ48,C270Q,0.9894,pathogenic,CRB2,270.0
Q5IJ48,C270R,0.9266,pathogenic,CRB2,270.0
Q5IJ48,C270S,0.9644,pathogenic,CRB2,270.0
Q5IJ48,C270T,0.9874,pathogenic,CRB2,270.0
Q5IJ48,C270V,0.9519,pathogenic,CRB2,270.0
Q5IJ48,C270W,0.9334,pathogenic,CRB2,270.0
Q5IJ48,C270Y,0.9484,pathogenic,CRB2,270.0
Q5IJ48,Q271A,0.1362,benign,CRB2,271.0
Q5IJ48,Q271C,0.5664,pathogenic,CRB2,271.0
Q5IJ48,Q271D,0.321,benign,CRB2,271.0
Q5IJ48,Q271E,0.0861,benign,CRB2,271.0
Q5IJ48,Q271F,0.3908,ambiguous,CRB2,271.0
Q5IJ48,Q271G,0.1581,benign,CRB2,271.0
Q5IJ48,Q271H,0.1349,benign,CRB2,271.0
Q5IJ48,Q271I,0.2649,benign,CRB2,271.0
Q5IJ48,Q271K,0.1145,benign,CRB2,271.0
Q5IJ48,Q271L,0.0746,benign,CRB2,271.0
Q5IJ48,Q271M,0.3297,benign,CRB2,271.0
Q5IJ48,Q271N,0.2965,benign,CRB2,271.0
Q5IJ48,Q271P,0.1309,benign,CRB2,271.0
Q5IJ48,Q271R,0.0582,benign,CRB2,271.0
Q5IJ48,Q271S,0.1738,benign,CRB2,271.0
Q5IJ48,Q271T,0.1834,benign,CRB2,271.0
Q5IJ48,Q271V,0.1643,benign,CRB2,271.0
Q5IJ48,Q271W,0.2177,benign,CRB2,271.0
Q5IJ48,Q271Y,0.3014,benign,CRB2,271.0
Q5IJ48,H272A,0.2966,benign,CRB2,272.0
Q5IJ48,H272C,0.5661,pathogenic,CRB2,272.0
Q5IJ48,H272D,0.2402,benign,CRB2,272.0
Q5IJ48,H272E,0.3165,benign,CRB2,272.0
Q5IJ48,H272F,0.3341,benign,CRB2,272.0
Q5IJ48,H272G,0.2155,benign,CRB2,272.0
Q5IJ48,H272I,0.5826,pathogenic,CRB2,272.0
Q5IJ48,H272K,0.3614,ambiguous,CRB2,272.0
Q5IJ48,H272L,0.1887,benign,CRB2,272.0
Q5IJ48,H272M,0.5907,pathogenic,CRB2,272.0
Q5IJ48,H272N,0.0612,benign,CRB2,272.0
Q5IJ48,H272P,0.3487,ambiguous,CRB2,272.0
Q5IJ48,H272Q,0.2152,benign,CRB2,272.0
Q5IJ48,H272R,0.1249,benign,CRB2,272.0
Q5IJ48,H272S,0.2064,benign,CRB2,272.0
Q5IJ48,H272T,0.3873,ambiguous,CRB2,272.0
Q5IJ48,H272V,0.455,ambiguous,CRB2,272.0
Q5IJ48,H272W,0.3412,ambiguous,CRB2,272.0
Q5IJ48,H272Y,0.1111,benign,CRB2,272.0
Q5IJ48,G273A,0.1878,benign,CRB2,273.0
Q5IJ48,G273C,0.5641,pathogenic,CRB2,273.0
Q5IJ48,G273D,0.1366,benign,CRB2,273.0
Q5IJ48,G273E,0.1802,benign,CRB2,273.0
Q5IJ48,G273F,0.6384,pathogenic,CRB2,273.0
Q5IJ48,G273H,0.2571,benign,CRB2,273.0
Q5IJ48,G273I,0.577,pathogenic,CRB2,273.0
Q5IJ48,G273K,0.3396,benign,CRB2,273.0
Q5IJ48,G273L,0.4795,ambiguous,CRB2,273.0
Q5IJ48,G273M,0.6252,pathogenic,CRB2,273.0
Q5IJ48,G273N,0.2691,benign,CRB2,273.0
Q5IJ48,G273P,0.8235,pathogenic,CRB2,273.0
Q5IJ48,G273Q,0.2096,benign,CRB2,273.0
Q5IJ48,G273R,0.1601,benign,CRB2,273.0
Q5IJ48,G273S,0.1134,benign,CRB2,273.0
Q5IJ48,G273T,0.3013,benign,CRB2,273.0
Q5IJ48,G273V,0.4157,ambiguous,CRB2,273.0
Q5IJ48,G273W,0.3787,ambiguous,CRB2,273.0
Q5IJ48,G273Y,0.4886,ambiguous,CRB2,273.0
Q5IJ48,G274A,0.1964,benign,CRB2,274.0
Q5IJ48,G274C,0.776,pathogenic,CRB2,274.0
Q5IJ48,G274D,0.8482,pathogenic,CRB2,274.0
Q5IJ48,G274E,0.7924,pathogenic,CRB2,274.0
Q5IJ48,G274F,0.9088,pathogenic,CRB2,274.0
Q5IJ48,G274H,0.8851,pathogenic,CRB2,274.0
Q5IJ48,G274I,0.8136,pathogenic,CRB2,274.0
Q5IJ48,G274K,0.9247,pathogenic,CRB2,274.0
Q5IJ48,G274L,0.7956,pathogenic,CRB2,274.0
Q5IJ48,G274M,0.8705,pathogenic,CRB2,274.0
Q5IJ48,G274N,0.8534,pathogenic,CRB2,274.0
Q5IJ48,G274P,0.9634,pathogenic,CRB2,274.0
Q5IJ48,G274Q,0.8086,pathogenic,CRB2,274.0
Q5IJ48,G274R,0.7799,pathogenic,CRB2,274.0
Q5IJ48,G274S,0.199,benign,CRB2,274.0
Q5IJ48,G274T,0.6241,pathogenic,CRB2,274.0
Q5IJ48,G274V,0.6673,pathogenic,CRB2,274.0
Q5IJ48,G274W,0.8341,pathogenic,CRB2,274.0
Q5IJ48,G274Y,0.8888,pathogenic,CRB2,274.0
Q5IJ48,R275A,0.1271,benign,CRB2,275.0
Q5IJ48,R275C,0.2084,benign,CRB2,275.0
Q5IJ48,R275D,0.2176,benign,CRB2,275.0
Q5IJ48,R275E,0.1208,benign,CRB2,275.0
Q5IJ48,R275F,0.1949,benign,CRB2,275.0
Q5IJ48,R275G,0.1027,benign,CRB2,275.0
Q5IJ48,R275H,0.0699,benign,CRB2,275.0
Q5IJ48,R275I,0.1192,benign,CRB2,275.0
Q5IJ48,R275K,0.1298,benign,CRB2,275.0
Q5IJ48,R275L,0.0653,benign,CRB2,275.0
Q5IJ48,R275M,0.1699,benign,CRB2,275.0
Q5IJ48,R275N,0.2239,benign,CRB2,275.0
Q5IJ48,R275P,0.2888,benign,CRB2,275.0
Q5IJ48,R275Q,0.0622,benign,CRB2,275.0
Q5IJ48,R275S,0.1276,benign,CRB2,275.0
Q5IJ48,R275T,0.0958,benign,CRB2,275.0
Q5IJ48,R275V,0.127,benign,CRB2,275.0
Q5IJ48,R275W,0.0844,benign,CRB2,275.0
Q5IJ48,R275Y,0.1732,benign,CRB2,275.0
Q5IJ48,C276A,0.9769,pathogenic,CRB2,276.0
Q5IJ48,C276D,0.9915,pathogenic,CRB2,276.0
Q5IJ48,C276E,0.994,pathogenic,CRB2,276.0
Q5IJ48,C276F,0.9106,pathogenic,CRB2,276.0
Q5IJ48,C276G,0.8938,pathogenic,CRB2,276.0
Q5IJ48,C276H,0.9846,pathogenic,CRB2,276.0
Q5IJ48,C276I,0.9733,pathogenic,CRB2,276.0
Q5IJ48,C276K,0.9971,pathogenic,CRB2,276.0
Q5IJ48,C276L,0.9257,pathogenic,CRB2,276.0
Q5IJ48,C276M,0.9892,pathogenic,CRB2,276.0
Q5IJ48,C276N,0.991,pathogenic,CRB2,276.0
Q5IJ48,C276P,0.9622,pathogenic,CRB2,276.0
Q5IJ48,C276Q,0.9924,pathogenic,CRB2,276.0
Q5IJ48,C276R,0.9634,pathogenic,CRB2,276.0
Q5IJ48,C276S,0.9818,pathogenic,CRB2,276.0
Q5IJ48,C276T,0.9921,pathogenic,CRB2,276.0
Q5IJ48,C276V,0.9629,pathogenic,CRB2,276.0
Q5IJ48,C276W,0.9489,pathogenic,CRB2,276.0
Q5IJ48,C276Y,0.934,pathogenic,CRB2,276.0
Q5IJ48,L277A,0.3787,ambiguous,CRB2,277.0
Q5IJ48,L277C,0.8019,pathogenic,CRB2,277.0
Q5IJ48,L277D,0.8178,pathogenic,CRB2,277.0
Q5IJ48,L277E,0.2933,benign,CRB2,277.0
Q5IJ48,L277F,0.1027,benign,CRB2,277.0
Q5IJ48,L277G,0.6645,pathogenic,CRB2,277.0
Q5IJ48,L277H,0.2501,benign,CRB2,277.0
Q5IJ48,L277I,0.1494,benign,CRB2,277.0
Q5IJ48,L277K,0.3776,ambiguous,CRB2,277.0
Q5IJ48,L277M,0.2121,benign,CRB2,277.0
Q5IJ48,L277N,0.7095,pathogenic,CRB2,277.0
Q5IJ48,L277P,0.8563,pathogenic,CRB2,277.0
Q5IJ48,L277Q,0.123,benign,CRB2,277.0
Q5IJ48,L277R,0.1321,benign,CRB2,277.0
Q5IJ48,L277S,0.4181,ambiguous,CRB2,277.0
Q5IJ48,L277T,0.4007,ambiguous,CRB2,277.0
Q5IJ48,L277V,0.1155,benign,CRB2,277.0
Q5IJ48,L277W,0.1748,benign,CRB2,277.0
Q5IJ48,L277Y,0.3446,ambiguous,CRB2,277.0
Q5IJ48,Q278A,0.5827,pathogenic,CRB2,278.0
Q5IJ48,Q278C,0.9913,pathogenic,CRB2,278.0
Q5IJ48,Q278D,0.7806,pathogenic,CRB2,278.0
Q5IJ48,Q278E,0.0839,benign,CRB2,278.0
Q5IJ48,Q278F,0.9784,pathogenic,CRB2,278.0
Q5IJ48,Q278G,0.6448,pathogenic,CRB2,278.0
Q5IJ48,Q278H,0.8319,pathogenic,CRB2,278.0
Q5IJ48,Q278I,0.9333,pathogenic,CRB2,278.0
Q5IJ48,Q278K,0.5808,pathogenic,CRB2,278.0
Q5IJ48,Q278L,0.6251,pathogenic,CRB2,278.0
Q5IJ48,Q278M,0.8482,pathogenic,CRB2,278.0
Q5IJ48,Q278N,0.7669,pathogenic,CRB2,278.0
Q5IJ48,Q278P,0.2768,benign,CRB2,278.0
Q5IJ48,Q278R,0.522,ambiguous,CRB2,278.0
Q5IJ48,Q278S,0.5589,ambiguous,CRB2,278.0
Q5IJ48,Q278T,0.8032,pathogenic,CRB2,278.0
Q5IJ48,Q278V,0.8298,pathogenic,CRB2,278.0
Q5IJ48,Q278W,0.9703,pathogenic,CRB2,278.0
Q5IJ48,Q278Y,0.968,pathogenic,CRB2,278.0
Q5IJ48,R279A,0.674,pathogenic,CRB2,279.0
Q5IJ48,R279C,0.6639,pathogenic,CRB2,279.0
Q5IJ48,R279D,0.9059,pathogenic,CRB2,279.0
Q5IJ48,R279E,0.6526,pathogenic,CRB2,279.0
Q5IJ48,R279F,0.7237,pathogenic,CRB2,279.0
Q5IJ48,R279G,0.5111,ambiguous,CRB2,279.0
Q5IJ48,R279H,0.1865,benign,CRB2,279.0
Q5IJ48,R279I,0.5641,pathogenic,CRB2,279.0
Q5IJ48,R279K,0.3459,ambiguous,CRB2,279.0
Q5IJ48,R279L,0.2591,benign,CRB2,279.0
Q5IJ48,R279M,0.6266,pathogenic,CRB2,279.0
Q5IJ48,R279N,0.837,pathogenic,CRB2,279.0
Q5IJ48,R279P,0.8463,pathogenic,CRB2,279.0
Q5IJ48,R279Q,0.1705,benign,CRB2,279.0
Q5IJ48,R279S,0.7831,pathogenic,CRB2,279.0
Q5IJ48,R279T,0.7133,pathogenic,CRB2,279.0
Q5IJ48,R279V,0.6078,pathogenic,CRB2,279.0
Q5IJ48,R279W,0.2413,benign,CRB2,279.0
Q5IJ48,R279Y,0.506,ambiguous,CRB2,279.0
Q5IJ48,S280A,0.3727,ambiguous,CRB2,280.0
Q5IJ48,S280C,0.9181,pathogenic,CRB2,280.0
Q5IJ48,S280D,0.8855,pathogenic,CRB2,280.0
Q5IJ48,S280E,0.913,pathogenic,CRB2,280.0
Q5IJ48,S280F,0.9109,pathogenic,CRB2,280.0
Q5IJ48,S280G,0.363,ambiguous,CRB2,280.0
Q5IJ48,S280H,0.892,pathogenic,CRB2,280.0
Q5IJ48,S280I,0.8777,pathogenic,CRB2,280.0
Q5IJ48,S280K,0.9814,pathogenic,CRB2,280.0
Q5IJ48,S280L,0.6948,pathogenic,CRB2,280.0
Q5IJ48,S280M,0.8644,pathogenic,CRB2,280.0
Q5IJ48,S280N,0.775,pathogenic,CRB2,280.0
Q5IJ48,S280P,0.8735,pathogenic,CRB2,280.0
Q5IJ48,S280Q,0.9135,pathogenic,CRB2,280.0
Q5IJ48,S280R,0.9527,pathogenic,CRB2,280.0
Q5IJ48,S280T,0.4175,ambiguous,CRB2,280.0
Q5IJ48,S280V,0.8641,pathogenic,CRB2,280.0
Q5IJ48,S280W,0.8565,pathogenic,CRB2,280.0
Q5IJ48,S280Y,0.8633,pathogenic,CRB2,280.0
Q5IJ48,D281A,0.2118,benign,CRB2,281.0
Q5IJ48,D281C,0.8433,pathogenic,CRB2,281.0
Q5IJ48,D281E,0.2102,benign,CRB2,281.0
Q5IJ48,D281F,0.6065,pathogenic,CRB2,281.0
Q5IJ48,D281G,0.4616,ambiguous,CRB2,281.0
Q5IJ48,D281H,0.2277,benign,CRB2,281.0
Q5IJ48,D281I,0.3747,ambiguous,CRB2,281.0
Q5IJ48,D281K,0.424,ambiguous,CRB2,281.0
Q5IJ48,D281L,0.3533,ambiguous,CRB2,281.0
Q5IJ48,D281M,0.6289,pathogenic,CRB2,281.0
Q5IJ48,D281N,0.0968,benign,CRB2,281.0
Q5IJ48,D281P,0.8292,pathogenic,CRB2,281.0
Q5IJ48,D281Q,0.3083,benign,CRB2,281.0
Q5IJ48,D281R,0.3572,ambiguous,CRB2,281.0
Q5IJ48,D281S,0.1437,benign,CRB2,281.0
Q5IJ48,D281T,0.35,ambiguous,CRB2,281.0
Q5IJ48,D281V,0.2349,benign,CRB2,281.0
Q5IJ48,D281W,0.8523,pathogenic,CRB2,281.0
Q5IJ48,D281Y,0.2383,benign,CRB2,281.0
Q5IJ48,P282A,0.0806,benign,CRB2,282.0
Q5IJ48,P282C,0.773,pathogenic,CRB2,282.0
Q5IJ48,P282D,0.4786,ambiguous,CRB2,282.0
Q5IJ48,P282E,0.2276,benign,CRB2,282.0
Q5IJ48,P282F,0.4385,ambiguous,CRB2,282.0
Q5IJ48,P282G,0.3212,benign,CRB2,282.0
Q5IJ48,P282H,0.2271,benign,CRB2,282.0
Q5IJ48,P282I,0.329,benign,CRB2,282.0
Q5IJ48,P282K,0.3023,benign,CRB2,282.0
Q5IJ48,P282L,0.1086,benign,CRB2,282.0
Q5IJ48,P282M,0.3444,ambiguous,CRB2,282.0
Q5IJ48,P282N,0.4936,ambiguous,CRB2,282.0
Q5IJ48,P282Q,0.1651,benign,CRB2,282.0
Q5IJ48,P282R,0.1256,benign,CRB2,282.0
Q5IJ48,P282S,0.1469,benign,CRB2,282.0
Q5IJ48,P282T,0.1265,benign,CRB2,282.0
Q5IJ48,P282V,0.2057,benign,CRB2,282.0
Q5IJ48,P282W,0.5054,ambiguous,CRB2,282.0
Q5IJ48,P282Y,0.4928,ambiguous,CRB2,282.0
Q5IJ48,A283C,0.5819,pathogenic,CRB2,283.0
Q5IJ48,A283D,0.1131,benign,CRB2,283.0
Q5IJ48,A283E,0.1108,benign,CRB2,283.0
Q5IJ48,A283F,0.1724,benign,CRB2,283.0
Q5IJ48,A283G,0.0914,benign,CRB2,283.0
Q5IJ48,A283H,0.2126,benign,CRB2,283.0
Q5IJ48,A283I,0.1845,benign,CRB2,283.0
Q5IJ48,A283K,0.2028,benign,CRB2,283.0
Q5IJ48,A283L,0.1014,benign,CRB2,283.0
Q5IJ48,A283M,0.1607,benign,CRB2,283.0
Q5IJ48,A283N,0.1473,benign,CRB2,283.0
Q5IJ48,A283P,0.2448,benign,CRB2,283.0
Q5IJ48,A283Q,0.1424,benign,CRB2,283.0
Q5IJ48,A283R,0.1275,benign,CRB2,283.0
Q5IJ48,A283S,0.0712,benign,CRB2,283.0
Q5IJ48,A283T,0.0699,benign,CRB2,283.0
Q5IJ48,A283V,0.0915,benign,CRB2,283.0
Q5IJ48,A283W,0.3791,ambiguous,CRB2,283.0
Q5IJ48,A283Y,0.279,benign,CRB2,283.0
Q5IJ48,L284A,0.1916,benign,CRB2,284.0
Q5IJ48,L284C,0.677,pathogenic,CRB2,284.0
Q5IJ48,L284D,0.5091,ambiguous,CRB2,284.0
Q5IJ48,L284E,0.2617,benign,CRB2,284.0
Q5IJ48,L284F,0.1179,benign,CRB2,284.0
Q5IJ48,L284G,0.3068,benign,CRB2,284.0
Q5IJ48,L284H,0.1651,benign,CRB2,284.0
Q5IJ48,L284I,0.1779,benign,CRB2,284.0
Q5IJ48,L284K,0.2933,benign,CRB2,284.0
Q5IJ48,L284M,0.2079,benign,CRB2,284.0
Q5IJ48,L284N,0.3139,benign,CRB2,284.0
Q5IJ48,L284P,0.2672,benign,CRB2,284.0
Q5IJ48,L284Q,0.1102,benign,CRB2,284.0
Q5IJ48,L284R,0.0954,benign,CRB2,284.0
Q5IJ48,L284S,0.205,benign,CRB2,284.0
Q5IJ48,L284T,0.2619,benign,CRB2,284.0
Q5IJ48,L284V,0.1358,benign,CRB2,284.0
Q5IJ48,L284W,0.1606,benign,CRB2,284.0
Q5IJ48,L284Y,0.2802,benign,CRB2,284.0
Q5IJ48,Y285A,0.8497,pathogenic,CRB2,285.0
Q5IJ48,Y285C,0.84,pathogenic,CRB2,285.0
Q5IJ48,Y285D,0.7982,pathogenic,CRB2,285.0
Q5IJ48,Y285E,0.9131,pathogenic,CRB2,285.0
Q5IJ48,Y285F,0.2766,benign,CRB2,285.0
Q5IJ48,Y285G,0.7482,pathogenic,CRB2,285.0
Q5IJ48,Y285H,0.5919,pathogenic,CRB2,285.0
Q5IJ48,Y285I,0.9175,pathogenic,CRB2,285.0
Q5IJ48,Y285K,0.9518,pathogenic,CRB2,285.0
Q5IJ48,Y285L,0.7094,pathogenic,CRB2,285.0
Q5IJ48,Y285M,0.9349,pathogenic,CRB2,285.0
Q5IJ48,Y285N,0.7087,pathogenic,CRB2,285.0
Q5IJ48,Y285P,0.8229,pathogenic,CRB2,285.0
Q5IJ48,Y285Q,0.8835,pathogenic,CRB2,285.0
Q5IJ48,Y285R,0.8092,pathogenic,CRB2,285.0
Q5IJ48,Y285S,0.6386,pathogenic,CRB2,285.0
Q5IJ48,Y285T,0.8727,pathogenic,CRB2,285.0
Q5IJ48,Y285V,0.8232,pathogenic,CRB2,285.0
Q5IJ48,Y285W,0.546,ambiguous,CRB2,285.0
Q5IJ48,G286A,0.1246,benign,CRB2,286.0
Q5IJ48,G286C,0.4748,ambiguous,CRB2,286.0
Q5IJ48,G286D,0.1346,benign,CRB2,286.0
Q5IJ48,G286E,0.1475,benign,CRB2,286.0
Q5IJ48,G286F,0.5825,pathogenic,CRB2,286.0
Q5IJ48,G286H,0.2342,benign,CRB2,286.0
Q5IJ48,G286I,0.4118,ambiguous,CRB2,286.0
Q5IJ48,G286K,0.2964,benign,CRB2,286.0
Q5IJ48,G286L,0.3675,ambiguous,CRB2,286.0
Q5IJ48,G286M,0.5495,ambiguous,CRB2,286.0
Q5IJ48,G286N,0.2827,benign,CRB2,286.0
Q5IJ48,G286P,0.5957,pathogenic,CRB2,286.0
Q5IJ48,G286Q,0.1934,benign,CRB2,286.0
Q5IJ48,G286R,0.1377,benign,CRB2,286.0
Q5IJ48,G286S,0.0975,benign,CRB2,286.0
Q5IJ48,G286T,0.1926,benign,CRB2,286.0
Q5IJ48,G286V,0.2571,benign,CRB2,286.0
Q5IJ48,G286W,0.3159,benign,CRB2,286.0
Q5IJ48,G286Y,0.4348,ambiguous,CRB2,286.0
Q5IJ48,G287A,0.1065,benign,CRB2,287.0
Q5IJ48,G287C,0.4089,ambiguous,CRB2,287.0
Q5IJ48,G287D,0.0904,benign,CRB2,287.0
Q5IJ48,G287E,0.1153,benign,CRB2,287.0
Q5IJ48,G287F,0.4186,ambiguous,CRB2,287.0
Q5IJ48,G287H,0.2144,benign,CRB2,287.0
Q5IJ48,G287I,0.2624,benign,CRB2,287.0
Q5IJ48,G287K,0.2506,benign,CRB2,287.0
Q5IJ48,G287L,0.2872,benign,CRB2,287.0
Q5IJ48,G287M,0.3815,ambiguous,CRB2,287.0
Q5IJ48,G287N,0.182,benign,CRB2,287.0
Q5IJ48,G287P,0.3727,ambiguous,CRB2,287.0
Q5IJ48,G287Q,0.1977,benign,CRB2,287.0
Q5IJ48,G287R,0.1441,benign,CRB2,287.0
Q5IJ48,G287S,0.0811,benign,CRB2,287.0
Q5IJ48,G287T,0.1277,benign,CRB2,287.0
Q5IJ48,G287V,0.1591,benign,CRB2,287.0
Q5IJ48,G287W,0.2709,benign,CRB2,287.0
Q5IJ48,G287Y,0.3227,benign,CRB2,287.0
Q5IJ48,V288A,0.0647,benign,CRB2,288.0
Q5IJ48,V288C,0.6103,pathogenic,CRB2,288.0
Q5IJ48,V288D,0.0708,benign,CRB2,288.0
Q5IJ48,V288E,0.0754,benign,CRB2,288.0
Q5IJ48,V288F,0.0862,benign,CRB2,288.0
Q5IJ48,V288G,0.065,benign,CRB2,288.0
Q5IJ48,V288H,0.1866,benign,CRB2,288.0
Q5IJ48,V288I,0.0836,benign,CRB2,288.0
Q5IJ48,V288K,0.1226,benign,CRB2,288.0
Q5IJ48,V288L,0.0817,benign,CRB2,288.0
Q5IJ48,V288M,0.1046,benign,CRB2,288.0
Q5IJ48,V288N,0.0916,benign,CRB2,288.0
Q5IJ48,V288P,0.0951,benign,CRB2,288.0
Q5IJ48,V288Q,0.0987,benign,CRB2,288.0
Q5IJ48,V288R,0.0806,benign,CRB2,288.0
Q5IJ48,V288S,0.068,benign,CRB2,288.0
Q5IJ48,V288T,0.0901,benign,CRB2,288.0
Q5IJ48,V288W,0.3289,benign,CRB2,288.0
Q5IJ48,V288Y,0.2427,benign,CRB2,288.0
Q5IJ48,Q289A,0.1146,benign,CRB2,289.0
Q5IJ48,Q289C,0.6805,pathogenic,CRB2,289.0
Q5IJ48,Q289D,0.1661,benign,CRB2,289.0
Q5IJ48,Q289E,0.0626,benign,CRB2,289.0
Q5IJ48,Q289F,0.4841,ambiguous,CRB2,289.0
Q5IJ48,Q289G,0.1234,benign,CRB2,289.0
Q5IJ48,Q289H,0.1569,benign,CRB2,289.0
Q5IJ48,Q289I,0.3821,ambiguous,CRB2,289.0
Q5IJ48,Q289K,0.1099,benign,CRB2,289.0
Q5IJ48,Q289L,0.103,benign,CRB2,289.0
Q5IJ48,Q289M,0.357,ambiguous,CRB2,289.0
Q5IJ48,Q289N,0.2358,benign,CRB2,289.0
Q5IJ48,Q289P,0.0637,benign,CRB2,289.0
Q5IJ48,Q289R,0.07,benign,CRB2,289.0
Q5IJ48,Q289S,0.1337,benign,CRB2,289.0
Q5IJ48,Q289T,0.1494,benign,CRB2,289.0
Q5IJ48,Q289V,0.1997,benign,CRB2,289.0
Q5IJ48,Q289W,0.256,benign,CRB2,289.0
Q5IJ48,Q289Y,0.3493,ambiguous,CRB2,289.0
Q5IJ48,A290C,0.775,pathogenic,CRB2,290.0
Q5IJ48,A290D,0.1423,benign,CRB2,290.0
Q5IJ48,A290E,0.1322,benign,CRB2,290.0
Q5IJ48,A290F,0.3461,ambiguous,CRB2,290.0
Q5IJ48,A290G,0.0993,benign,CRB2,290.0
Q5IJ48,A290H,0.3789,ambiguous,CRB2,290.0
Q5IJ48,A290I,0.3433,ambiguous,CRB2,290.0
Q5IJ48,A290K,0.3368,benign,CRB2,290.0
Q5IJ48,A290L,0.1991,benign,CRB2,290.0
Q5IJ48,A290M,0.2568,benign,CRB2,290.0
Q5IJ48,A290N,0.2214,benign,CRB2,290.0
Q5IJ48,A290P,0.1167,benign,CRB2,290.0
Q5IJ48,A290Q,0.245,benign,CRB2,290.0
Q5IJ48,A290R,0.2537,benign,CRB2,290.0
Q5IJ48,A290S,0.0962,benign,CRB2,290.0
Q5IJ48,A290T,0.1068,benign,CRB2,290.0
Q5IJ48,A290V,0.1304,benign,CRB2,290.0
Q5IJ48,A290W,0.5834,pathogenic,CRB2,290.0
Q5IJ48,A290Y,0.4271,ambiguous,CRB2,290.0
Q5IJ48,A291C,0.5173,ambiguous,CRB2,291.0
Q5IJ48,A291D,0.108,benign,CRB2,291.0
Q5IJ48,A291E,0.111,benign,CRB2,291.0
Q5IJ48,A291F,0.1697,benign,CRB2,291.0
Q5IJ48,A291G,0.0951,benign,CRB2,291.0
Q5IJ48,A291H,0.2281,benign,CRB2,291.0
Q5IJ48,A291I,0.1321,benign,CRB2,291.0
Q5IJ48,A291K,0.2238,benign,CRB2,291.0
Q5IJ48,A291L,0.0942,benign,CRB2,291.0
Q5IJ48,A291M,0.1568,benign,CRB2,291.0
Q5IJ48,A291N,0.1449,benign,CRB2,291.0
Q5IJ48,A291P,0.0714,benign,CRB2,291.0
Q5IJ48,A291Q,0.1641,benign,CRB2,291.0
Q5IJ48,A291R,0.1409,benign,CRB2,291.0
Q5IJ48,A291S,0.0776,benign,CRB2,291.0
Q5IJ48,A291T,0.0679,benign,CRB2,291.0
Q5IJ48,A291V,0.0793,benign,CRB2,291.0
Q5IJ48,A291W,0.3537,ambiguous,CRB2,291.0
Q5IJ48,A291Y,0.2707,benign,CRB2,291.0
Q5IJ48,F292A,0.684,pathogenic,CRB2,292.0
Q5IJ48,F292C,0.8813,pathogenic,CRB2,292.0
Q5IJ48,F292D,0.8604,pathogenic,CRB2,292.0
Q5IJ48,F292E,0.8333,pathogenic,CRB2,292.0
Q5IJ48,F292G,0.8066,pathogenic,CRB2,292.0
Q5IJ48,F292H,0.7278,pathogenic,CRB2,292.0
Q5IJ48,F292I,0.3414,ambiguous,CRB2,292.0
Q5IJ48,F292K,0.8743,pathogenic,CRB2,292.0
Q5IJ48,F292L,0.667,pathogenic,CRB2,292.0
Q5IJ48,F292M,0.6273,pathogenic,CRB2,292.0
Q5IJ48,F292N,0.7922,pathogenic,CRB2,292.0
Q5IJ48,F292P,0.8534,pathogenic,CRB2,292.0
Q5IJ48,F292Q,0.7794,pathogenic,CRB2,292.0
Q5IJ48,F292R,0.7551,pathogenic,CRB2,292.0
Q5IJ48,F292S,0.5774,pathogenic,CRB2,292.0
Q5IJ48,F292T,0.7509,pathogenic,CRB2,292.0
Q5IJ48,F292V,0.3723,ambiguous,CRB2,292.0
Q5IJ48,F292W,0.5049,ambiguous,CRB2,292.0
Q5IJ48,F292Y,0.3583,ambiguous,CRB2,292.0
Q5IJ48,P293A,0.0835,benign,CRB2,293.0
Q5IJ48,P293C,0.6711,pathogenic,CRB2,293.0
Q5IJ48,P293D,0.3118,benign,CRB2,293.0
Q5IJ48,P293E,0.2044,benign,CRB2,293.0
Q5IJ48,P293F,0.3952,ambiguous,CRB2,293.0
Q5IJ48,P293G,0.2271,benign,CRB2,293.0
Q5IJ48,P293H,0.1637,benign,CRB2,293.0
Q5IJ48,P293I,0.3787,ambiguous,CRB2,293.0
Q5IJ48,P293K,0.3313,benign,CRB2,293.0
Q5IJ48,P293L,0.1049,benign,CRB2,293.0
Q5IJ48,P293M,0.3929,ambiguous,CRB2,293.0
Q5IJ48,P293N,0.3413,ambiguous,CRB2,293.0
Q5IJ48,P293Q,0.1409,benign,CRB2,293.0
Q5IJ48,P293R,0.1225,benign,CRB2,293.0
Q5IJ48,P293S,0.0947,benign,CRB2,293.0
Q5IJ48,P293T,0.107,benign,CRB2,293.0
Q5IJ48,P293V,0.2357,benign,CRB2,293.0
Q5IJ48,P293W,0.3854,ambiguous,CRB2,293.0
Q5IJ48,P293Y,0.4191,ambiguous,CRB2,293.0
Q5IJ48,G294A,0.1024,benign,CRB2,294.0
Q5IJ48,G294C,0.4804,ambiguous,CRB2,294.0
Q5IJ48,G294D,0.0991,benign,CRB2,294.0
Q5IJ48,G294E,0.104,benign,CRB2,294.0
Q5IJ48,G294F,0.4659,ambiguous,CRB2,294.0
Q5IJ48,G294H,0.2464,benign,CRB2,294.0
Q5IJ48,G294I,0.3218,benign,CRB2,294.0
Q5IJ48,G294K,0.282,benign,CRB2,294.0
Q5IJ48,G294L,0.2926,benign,CRB2,294.0
Q5IJ48,G294M,0.4317,ambiguous,CRB2,294.0
Q5IJ48,G294N,0.2326,benign,CRB2,294.0
Q5IJ48,G294P,0.413,ambiguous,CRB2,294.0
Q5IJ48,G294Q,0.2062,benign,CRB2,294.0
Q5IJ48,G294R,0.1706,benign,CRB2,294.0
Q5IJ48,G294S,0.0933,benign,CRB2,294.0
Q5IJ48,G294T,0.146,benign,CRB2,294.0
Q5IJ48,G294V,0.1701,benign,CRB2,294.0
Q5IJ48,G294W,0.2967,benign,CRB2,294.0
Q5IJ48,G294Y,0.3639,ambiguous,CRB2,294.0
Q5IJ48,A295C,0.51,ambiguous,CRB2,295.0
Q5IJ48,A295D,0.0731,benign,CRB2,295.0
Q5IJ48,A295E,0.0909,benign,CRB2,295.0
Q5IJ48,A295F,0.1764,benign,CRB2,295.0
Q5IJ48,A295G,0.0869,benign,CRB2,295.0
Q5IJ48,A295H,0.1814,benign,CRB2,295.0
Q5IJ48,A295I,0.1584,benign,CRB2,295.0
Q5IJ48,A295K,0.178,benign,CRB2,295.0
Q5IJ48,A295L,0.1059,benign,CRB2,295.0
Q5IJ48,A295M,0.1669,benign,CRB2,295.0
Q5IJ48,A295N,0.1144,benign,CRB2,295.0
Q5IJ48,A295P,0.0779,benign,CRB2,295.0
Q5IJ48,A295Q,0.1351,benign,CRB2,295.0
Q5IJ48,A295R,0.1236,benign,CRB2,295.0
Q5IJ48,A295S,0.0739,benign,CRB2,295.0
Q5IJ48,A295T,0.0695,benign,CRB2,295.0
Q5IJ48,A295V,0.0882,benign,CRB2,295.0
Q5IJ48,A295W,0.3516,ambiguous,CRB2,295.0
Q5IJ48,A295Y,0.235,benign,CRB2,295.0
Q5IJ48,F296A,0.9141,pathogenic,CRB2,296.0
Q5IJ48,F296C,0.9736,pathogenic,CRB2,296.0
Q5IJ48,F296D,0.973,pathogenic,CRB2,296.0
Q5IJ48,F296E,0.9738,pathogenic,CRB2,296.0
Q5IJ48,F296G,0.9541,pathogenic,CRB2,296.0
Q5IJ48,F296H,0.9323,pathogenic,CRB2,296.0
Q5IJ48,F296I,0.7485,pathogenic,CRB2,296.0
Q5IJ48,F296K,0.9821,pathogenic,CRB2,296.0
Q5IJ48,F296L,0.9586,pathogenic,CRB2,296.0
Q5IJ48,F296M,0.9316,pathogenic,CRB2,296.0
Q5IJ48,F296N,0.959,pathogenic,CRB2,296.0
Q5IJ48,F296P,0.9657,pathogenic,CRB2,296.0
Q5IJ48,F296Q,0.9657,pathogenic,CRB2,296.0
Q5IJ48,F296R,0.9367,pathogenic,CRB2,296.0
Q5IJ48,F296S,0.8848,pathogenic,CRB2,296.0
Q5IJ48,F296T,0.9426,pathogenic,CRB2,296.0
Q5IJ48,F296V,0.7076,pathogenic,CRB2,296.0
Q5IJ48,F296W,0.7792,pathogenic,CRB2,296.0
Q5IJ48,F296Y,0.5509,ambiguous,CRB2,296.0
Q5IJ48,S297A,0.1969,benign,CRB2,297.0
Q5IJ48,S297C,0.5875,pathogenic,CRB2,297.0
Q5IJ48,S297D,0.2657,benign,CRB2,297.0
Q5IJ48,S297E,0.6247,pathogenic,CRB2,297.0
Q5IJ48,S297F,0.4723,ambiguous,CRB2,297.0
Q5IJ48,S297G,0.1591,benign,CRB2,297.0
Q5IJ48,S297H,0.4096,ambiguous,CRB2,297.0
Q5IJ48,S297I,0.4353,ambiguous,CRB2,297.0
Q5IJ48,S297K,0.8844,pathogenic,CRB2,297.0
Q5IJ48,S297L,0.2923,benign,CRB2,297.0
Q5IJ48,S297M,0.6255,pathogenic,CRB2,297.0
Q5IJ48,S297N,0.2357,benign,CRB2,297.0
Q5IJ48,S297P,0.5336,ambiguous,CRB2,297.0
Q5IJ48,S297Q,0.6392,pathogenic,CRB2,297.0
Q5IJ48,S297R,0.6837,pathogenic,CRB2,297.0
Q5IJ48,S297T,0.1494,benign,CRB2,297.0
Q5IJ48,S297V,0.4349,ambiguous,CRB2,297.0
Q5IJ48,S297W,0.5044,ambiguous,CRB2,297.0
Q5IJ48,S297Y,0.4032,ambiguous,CRB2,297.0
Q5IJ48,F298A,0.7696,pathogenic,CRB2,298.0
Q5IJ48,F298C,0.9172,pathogenic,CRB2,298.0
Q5IJ48,F298D,0.8819,pathogenic,CRB2,298.0
Q5IJ48,F298E,0.8801,pathogenic,CRB2,298.0
Q5IJ48,F298G,0.8773,pathogenic,CRB2,298.0
Q5IJ48,F298H,0.6443,pathogenic,CRB2,298.0
Q5IJ48,F298I,0.5543,ambiguous,CRB2,298.0
Q5IJ48,F298K,0.9176,pathogenic,CRB2,298.0
Q5IJ48,F298L,0.8573,pathogenic,CRB2,298.0
Q5IJ48,F298M,0.8238,pathogenic,CRB2,298.0
Q5IJ48,F298N,0.8237,pathogenic,CRB2,298.0
Q5IJ48,F298P,0.8483,pathogenic,CRB2,298.0
Q5IJ48,F298Q,0.8321,pathogenic,CRB2,298.0
Q5IJ48,F298R,0.7513,pathogenic,CRB2,298.0
Q5IJ48,F298S,0.5928,pathogenic,CRB2,298.0
Q5IJ48,F298T,0.8231,pathogenic,CRB2,298.0
Q5IJ48,F298V,0.5105,ambiguous,CRB2,298.0
Q5IJ48,F298W,0.5179,ambiguous,CRB2,298.0
Q5IJ48,F298Y,0.1845,benign,CRB2,298.0
Q5IJ48,R299A,0.1349,benign,CRB2,299.0
Q5IJ48,R299C,0.2047,benign,CRB2,299.0
Q5IJ48,R299D,0.2448,benign,CRB2,299.0
Q5IJ48,R299E,0.1512,benign,CRB2,299.0
Q5IJ48,R299F,0.272,benign,CRB2,299.0
Q5IJ48,R299G,0.0954,benign,CRB2,299.0
Q5IJ48,R299H,0.0742,benign,CRB2,299.0
Q5IJ48,R299I,0.199,benign,CRB2,299.0
Q5IJ48,R299K,0.1676,benign,CRB2,299.0
Q5IJ48,R299L,0.0966,benign,CRB2,299.0
Q5IJ48,R299M,0.2705,benign,CRB2,299.0
Q5IJ48,R299N,0.2804,benign,CRB2,299.0
Q5IJ48,R299P,0.1407,benign,CRB2,299.0
Q5IJ48,R299Q,0.0727,benign,CRB2,299.0
Q5IJ48,R299S,0.132,benign,CRB2,299.0
Q5IJ48,R299T,0.1332,benign,CRB2,299.0
Q5IJ48,R299V,0.2053,benign,CRB2,299.0
Q5IJ48,R299W,0.091,benign,CRB2,299.0
Q5IJ48,R299Y,0.2025,benign,CRB2,299.0
Q5IJ48,H300A,0.1365,benign,CRB2,300.0
Q5IJ48,H300C,0.3906,ambiguous,CRB2,300.0
Q5IJ48,H300D,0.0911,benign,CRB2,300.0
Q5IJ48,H300E,0.116,benign,CRB2,300.0
Q5IJ48,H300F,0.2307,benign,CRB2,300.0
Q5IJ48,H300G,0.1376,benign,CRB2,300.0
Q5IJ48,H300I,0.325,benign,CRB2,300.0
Q5IJ48,H300K,0.1753,benign,CRB2,300.0
Q5IJ48,H300L,0.0804,benign,CRB2,300.0
Q5IJ48,H300M,0.3637,ambiguous,CRB2,300.0
Q5IJ48,H300N,0.0878,benign,CRB2,300.0
Q5IJ48,H300P,0.1747,benign,CRB2,300.0
Q5IJ48,H300Q,0.0935,benign,CRB2,300.0
Q5IJ48,H300R,0.0703,benign,CRB2,300.0
Q5IJ48,H300S,0.1183,benign,CRB2,300.0
Q5IJ48,H300T,0.1871,benign,CRB2,300.0
Q5IJ48,H300V,0.2112,benign,CRB2,300.0
Q5IJ48,H300W,0.1956,benign,CRB2,300.0
Q5IJ48,H300Y,0.0896,benign,CRB2,300.0
Q5IJ48,A301C,0.9526,pathogenic,CRB2,301.0
Q5IJ48,A301D,0.8908,pathogenic,CRB2,301.0
Q5IJ48,A301E,0.8086,pathogenic,CRB2,301.0
Q5IJ48,A301F,0.9006,pathogenic,CRB2,301.0
Q5IJ48,A301G,0.3452,ambiguous,CRB2,301.0
Q5IJ48,A301H,0.9157,pathogenic,CRB2,301.0
Q5IJ48,A301I,0.8492,pathogenic,CRB2,301.0
Q5IJ48,A301K,0.9286,pathogenic,CRB2,301.0
Q5IJ48,A301L,0.6356,pathogenic,CRB2,301.0
Q5IJ48,A301M,0.7727,pathogenic,CRB2,301.0
Q5IJ48,A301N,0.8871,pathogenic,CRB2,301.0
Q5IJ48,A301P,0.7802,pathogenic,CRB2,301.0
Q5IJ48,A301Q,0.8034,pathogenic,CRB2,301.0
Q5IJ48,A301R,0.769,pathogenic,CRB2,301.0
Q5IJ48,A301S,0.2433,benign,CRB2,301.0
Q5IJ48,A301T,0.3975,ambiguous,CRB2,301.0
Q5IJ48,A301V,0.5096,ambiguous,CRB2,301.0
Q5IJ48,A301W,0.9763,pathogenic,CRB2,301.0
Q5IJ48,A301Y,0.9507,pathogenic,CRB2,301.0
Q5IJ48,A302C,0.8669,pathogenic,CRB2,302.0
Q5IJ48,A302D,0.24,benign,CRB2,302.0
Q5IJ48,A302E,0.1732,benign,CRB2,302.0
Q5IJ48,A302F,0.5755,pathogenic,CRB2,302.0
Q5IJ48,A302G,0.1294,benign,CRB2,302.0
Q5IJ48,A302H,0.5564,ambiguous,CRB2,302.0
Q5IJ48,A302I,0.592,pathogenic,CRB2,302.0
Q5IJ48,A302K,0.4634,ambiguous,CRB2,302.0
Q5IJ48,A302L,0.3837,ambiguous,CRB2,302.0
Q5IJ48,A302M,0.4256,ambiguous,CRB2,302.0
Q5IJ48,A302N,0.3678,ambiguous,CRB2,302.0
Q5IJ48,A302P,0.4812,ambiguous,CRB2,302.0
Q5IJ48,A302Q,0.2957,benign,CRB2,302.0
Q5IJ48,A302R,0.3077,benign,CRB2,302.0
Q5IJ48,A302S,0.0965,benign,CRB2,302.0
Q5IJ48,A302T,0.1562,benign,CRB2,302.0
Q5IJ48,A302V,0.2707,benign,CRB2,302.0
Q5IJ48,A302W,0.7883,pathogenic,CRB2,302.0
Q5IJ48,A302Y,0.6912,pathogenic,CRB2,302.0
Q5IJ48,G303A,0.3968,ambiguous,CRB2,303.0
Q5IJ48,G303C,0.9022,pathogenic,CRB2,303.0
Q5IJ48,G303D,0.5679,pathogenic,CRB2,303.0
Q5IJ48,G303E,0.6785,pathogenic,CRB2,303.0
Q5IJ48,G303F,0.9188,pathogenic,CRB2,303.0
Q5IJ48,G303H,0.8124,pathogenic,CRB2,303.0
Q5IJ48,G303I,0.9176,pathogenic,CRB2,303.0
Q5IJ48,G303K,0.9014,pathogenic,CRB2,303.0
Q5IJ48,G303L,0.876,pathogenic,CRB2,303.0
Q5IJ48,G303M,0.9343,pathogenic,CRB2,303.0
Q5IJ48,G303N,0.707,pathogenic,CRB2,303.0
Q5IJ48,G303P,0.9792,pathogenic,CRB2,303.0
Q5IJ48,G303Q,0.7772,pathogenic,CRB2,303.0
Q5IJ48,G303R,0.7142,pathogenic,CRB2,303.0
Q5IJ48,G303S,0.2203,benign,CRB2,303.0
Q5IJ48,G303T,0.6319,pathogenic,CRB2,303.0
Q5IJ48,G303V,0.8096,pathogenic,CRB2,303.0
Q5IJ48,G303W,0.8486,pathogenic,CRB2,303.0
Q5IJ48,G303Y,0.8768,pathogenic,CRB2,303.0
Q5IJ48,F304A,0.9317,pathogenic,CRB2,304.0
Q5IJ48,F304C,0.9487,pathogenic,CRB2,304.0
Q5IJ48,F304D,0.9678,pathogenic,CRB2,304.0
Q5IJ48,F304E,0.9769,pathogenic,CRB2,304.0
Q5IJ48,F304G,0.9608,pathogenic,CRB2,304.0
Q5IJ48,F304H,0.7932,pathogenic,CRB2,304.0
Q5IJ48,F304I,0.7244,pathogenic,CRB2,304.0
Q5IJ48,F304K,0.9744,pathogenic,CRB2,304.0
Q5IJ48,F304L,0.9709,pathogenic,CRB2,304.0
Q5IJ48,F304M,0.9191,pathogenic,CRB2,304.0
Q5IJ48,F304N,0.922,pathogenic,CRB2,304.0
Q5IJ48,F304P,0.9938,pathogenic,CRB2,304.0
Q5IJ48,F304Q,0.9539,pathogenic,CRB2,304.0
Q5IJ48,F304R,0.9196,pathogenic,CRB2,304.0
Q5IJ48,F304S,0.8227,pathogenic,CRB2,304.0
Q5IJ48,F304T,0.9338,pathogenic,CRB2,304.0
Q5IJ48,F304V,0.7201,pathogenic,CRB2,304.0
Q5IJ48,F304W,0.6535,pathogenic,CRB2,304.0
Q5IJ48,F304Y,0.1851,benign,CRB2,304.0
Q5IJ48,L305A,0.1907,benign,CRB2,305.0
Q5IJ48,L305C,0.6588,pathogenic,CRB2,305.0
Q5IJ48,L305D,0.5183,ambiguous,CRB2,305.0
Q5IJ48,L305E,0.2034,benign,CRB2,305.0
Q5IJ48,L305F,0.1246,benign,CRB2,305.0
Q5IJ48,L305G,0.458,ambiguous,CRB2,305.0
Q5IJ48,L305H,0.1614,benign,CRB2,305.0
Q5IJ48,L305I,0.0947,benign,CRB2,305.0
Q5IJ48,L305K,0.3032,benign,CRB2,305.0
Q5IJ48,L305M,0.1968,benign,CRB2,305.0
Q5IJ48,L305N,0.4198,ambiguous,CRB2,305.0
Q5IJ48,L305P,0.66,pathogenic,CRB2,305.0
Q5IJ48,L305Q,0.0996,benign,CRB2,305.0
Q5IJ48,L305R,0.1011,benign,CRB2,305.0
Q5IJ48,L305S,0.1948,benign,CRB2,305.0
Q5IJ48,L305T,0.1803,benign,CRB2,305.0
Q5IJ48,L305V,0.0811,benign,CRB2,305.0
Q5IJ48,L305W,0.1749,benign,CRB2,305.0
Q5IJ48,L305Y,0.3232,benign,CRB2,305.0
Q5IJ48,C306A,0.9759,pathogenic,CRB2,306.0
Q5IJ48,C306D,0.9939,pathogenic,CRB2,306.0
Q5IJ48,C306E,0.995,pathogenic,CRB2,306.0
Q5IJ48,C306F,0.9337,pathogenic,CRB2,306.0
Q5IJ48,C306G,0.8767,pathogenic,CRB2,306.0
Q5IJ48,C306H,0.9839,pathogenic,CRB2,306.0
Q5IJ48,C306I,0.9828,pathogenic,CRB2,306.0
Q5IJ48,C306K,0.9975,pathogenic,CRB2,306.0
Q5IJ48,C306L,0.931,pathogenic,CRB2,306.0
Q5IJ48,C306M,0.9937,pathogenic,CRB2,306.0
Q5IJ48,C306N,0.9921,pathogenic,CRB2,306.0
Q5IJ48,C306P,0.9766,pathogenic,CRB2,306.0
Q5IJ48,C306Q,0.9914,pathogenic,CRB2,306.0
Q5IJ48,C306R,0.949,pathogenic,CRB2,306.0
Q5IJ48,C306S,0.9726,pathogenic,CRB2,306.0
Q5IJ48,C306T,0.9913,pathogenic,CRB2,306.0
Q5IJ48,C306V,0.9696,pathogenic,CRB2,306.0
Q5IJ48,C306W,0.9465,pathogenic,CRB2,306.0
Q5IJ48,C306Y,0.9522,pathogenic,CRB2,306.0
Q5IJ48,H307A,0.1009,benign,CRB2,307.0
Q5IJ48,H307C,0.2358,benign,CRB2,307.0
Q5IJ48,H307D,0.0837,benign,CRB2,307.0
Q5IJ48,H307E,0.1196,benign,CRB2,307.0
Q5IJ48,H307F,0.1748,benign,CRB2,307.0
Q5IJ48,H307G,0.1274,benign,CRB2,307.0
Q5IJ48,H307I,0.156,benign,CRB2,307.0
Q5IJ48,H307K,0.2181,benign,CRB2,307.0
Q5IJ48,H307L,0.054,benign,CRB2,307.0
Q5IJ48,H307M,0.3539,ambiguous,CRB2,307.0
Q5IJ48,H307N,0.0918,benign,CRB2,307.0
Q5IJ48,H307P,0.1284,benign,CRB2,307.0
Q5IJ48,H307Q,0.0896,benign,CRB2,307.0
Q5IJ48,H307R,0.0527,benign,CRB2,307.0
Q5IJ48,H307S,0.0858,benign,CRB2,307.0
Q5IJ48,H307T,0.1296,benign,CRB2,307.0
Q5IJ48,H307V,0.1121,benign,CRB2,307.0
Q5IJ48,H307W,0.157,benign,CRB2,307.0
Q5IJ48,H307Y,0.0844,benign,CRB2,307.0
Q5IJ48,C308A,0.9526,pathogenic,CRB2,308.0
Q5IJ48,C308D,0.9864,pathogenic,CRB2,308.0
Q5IJ48,C308E,0.9913,pathogenic,CRB2,308.0
Q5IJ48,C308F,0.8872,pathogenic,CRB2,308.0
Q5IJ48,C308G,0.783,pathogenic,CRB2,308.0
Q5IJ48,C308H,0.9642,pathogenic,CRB2,308.0
Q5IJ48,C308I,0.9717,pathogenic,CRB2,308.0
Q5IJ48,C308K,0.9943,pathogenic,CRB2,308.0
Q5IJ48,C308L,0.9093,pathogenic,CRB2,308.0
Q5IJ48,C308M,0.9889,pathogenic,CRB2,308.0
Q5IJ48,C308N,0.9813,pathogenic,CRB2,308.0
Q5IJ48,C308P,0.9185,pathogenic,CRB2,308.0
Q5IJ48,C308Q,0.983,pathogenic,CRB2,308.0
Q5IJ48,C308R,0.9172,pathogenic,CRB2,308.0
Q5IJ48,C308S,0.9303,pathogenic,CRB2,308.0
Q5IJ48,C308T,0.981,pathogenic,CRB2,308.0
Q5IJ48,C308V,0.9581,pathogenic,CRB2,308.0
Q5IJ48,C308W,0.9392,pathogenic,CRB2,308.0
Q5IJ48,C308Y,0.9357,pathogenic,CRB2,308.0
Q5IJ48,P309A,0.0754,benign,CRB2,309.0
Q5IJ48,P309C,0.6228,pathogenic,CRB2,309.0
Q5IJ48,P309D,0.3899,ambiguous,CRB2,309.0
Q5IJ48,P309E,0.1963,benign,CRB2,309.0
Q5IJ48,P309F,0.2681,benign,CRB2,309.0
Q5IJ48,P309G,0.2344,benign,CRB2,309.0
Q5IJ48,P309H,0.1668,benign,CRB2,309.0
Q5IJ48,P309I,0.2126,benign,CRB2,309.0
Q5IJ48,P309K,0.2811,benign,CRB2,309.0
Q5IJ48,P309L,0.0697,benign,CRB2,309.0
Q5IJ48,P309M,0.2564,benign,CRB2,309.0
Q5IJ48,P309N,0.3607,ambiguous,CRB2,309.0
Q5IJ48,P309Q,0.1148,benign,CRB2,309.0
Q5IJ48,P309R,0.1173,benign,CRB2,309.0
Q5IJ48,P309S,0.0936,benign,CRB2,309.0
Q5IJ48,P309T,0.1036,benign,CRB2,309.0
Q5IJ48,P309V,0.1407,benign,CRB2,309.0
Q5IJ48,P309W,0.3447,ambiguous,CRB2,309.0
Q5IJ48,P309Y,0.3534,ambiguous,CRB2,309.0
Q5IJ48,P310A,0.0541,benign,CRB2,310.0
Q5IJ48,P310C,0.5917,pathogenic,CRB2,310.0
Q5IJ48,P310D,0.2089,benign,CRB2,310.0
Q5IJ48,P310E,0.1319,benign,CRB2,310.0
Q5IJ48,P310F,0.3119,benign,CRB2,310.0
Q5IJ48,P310G,0.1827,benign,CRB2,310.0
Q5IJ48,P310H,0.1427,benign,CRB2,310.0
Q5IJ48,P310I,0.227,benign,CRB2,310.0
Q5IJ48,P310K,0.1987,benign,CRB2,310.0
Q5IJ48,P310L,0.0791,benign,CRB2,310.0
Q5IJ48,P310M,0.2439,benign,CRB2,310.0
Q5IJ48,P310N,0.2574,benign,CRB2,310.0
Q5IJ48,P310Q,0.0977,benign,CRB2,310.0
Q5IJ48,P310R,0.0908,benign,CRB2,310.0
Q5IJ48,P310S,0.0786,benign,CRB2,310.0
Q5IJ48,P310T,0.0885,benign,CRB2,310.0
Q5IJ48,P310V,0.1364,benign,CRB2,310.0
Q5IJ48,P310W,0.3182,benign,CRB2,310.0
Q5IJ48,P310Y,0.337,benign,CRB2,310.0
Q5IJ48,G311A,0.3119,benign,CRB2,311.0
Q5IJ48,G311C,0.8355,pathogenic,CRB2,311.0
Q5IJ48,G311D,0.5692,pathogenic,CRB2,311.0
Q5IJ48,G311E,0.5859,pathogenic,CRB2,311.0
Q5IJ48,G311F,0.8584,pathogenic,CRB2,311.0
Q5IJ48,G311H,0.7679,pathogenic,CRB2,311.0
Q5IJ48,G311I,0.8158,pathogenic,CRB2,311.0
Q5IJ48,G311K,0.8877,pathogenic,CRB2,311.0
Q5IJ48,G311L,0.7812,pathogenic,CRB2,311.0
Q5IJ48,G311M,0.8892,pathogenic,CRB2,311.0
Q5IJ48,G311N,0.6925,pathogenic,CRB2,311.0
Q5IJ48,G311P,0.9046,pathogenic,CRB2,311.0
Q5IJ48,G311Q,0.7377,pathogenic,CRB2,311.0
Q5IJ48,G311R,0.6498,pathogenic,CRB2,311.0
Q5IJ48,G311S,0.2324,benign,CRB2,311.0
Q5IJ48,G311T,0.563,ambiguous,CRB2,311.0
Q5IJ48,G311V,0.67,pathogenic,CRB2,311.0
Q5IJ48,G311W,0.7184,pathogenic,CRB2,311.0
Q5IJ48,G311Y,0.793,pathogenic,CRB2,311.0
Q5IJ48,F312A,0.7863,pathogenic,CRB2,312.0
Q5IJ48,F312C,0.905,pathogenic,CRB2,312.0
Q5IJ48,F312D,0.9234,pathogenic,CRB2,312.0
Q5IJ48,F312E,0.9102,pathogenic,CRB2,312.0
Q5IJ48,F312G,0.8933,pathogenic,CRB2,312.0
Q5IJ48,F312H,0.7249,pathogenic,CRB2,312.0
Q5IJ48,F312I,0.5374,ambiguous,CRB2,312.0
Q5IJ48,F312K,0.9221,pathogenic,CRB2,312.0
Q5IJ48,F312L,0.9342,pathogenic,CRB2,312.0
Q5IJ48,F312M,0.7767,pathogenic,CRB2,312.0
Q5IJ48,F312N,0.8594,pathogenic,CRB2,312.0
Q5IJ48,F312P,0.9903,pathogenic,CRB2,312.0
Q5IJ48,F312Q,0.8656,pathogenic,CRB2,312.0
Q5IJ48,F312R,0.7994,pathogenic,CRB2,312.0
Q5IJ48,F312S,0.6439,pathogenic,CRB2,312.0
Q5IJ48,F312T,0.7841,pathogenic,CRB2,312.0
Q5IJ48,F312V,0.5137,ambiguous,CRB2,312.0
Q5IJ48,F312W,0.4355,ambiguous,CRB2,312.0
Q5IJ48,F312Y,0.2101,benign,CRB2,312.0
Q5IJ48,E313A,0.0978,benign,CRB2,313.0
Q5IJ48,E313C,0.8498,pathogenic,CRB2,313.0
Q5IJ48,E313D,0.2197,benign,CRB2,313.0
Q5IJ48,E313F,0.6188,pathogenic,CRB2,313.0
Q5IJ48,E313G,0.1553,benign,CRB2,313.0
Q5IJ48,E313H,0.3055,benign,CRB2,313.0
Q5IJ48,E313I,0.3732,ambiguous,CRB2,313.0
Q5IJ48,E313K,0.1127,benign,CRB2,313.0
Q5IJ48,E313L,0.2719,benign,CRB2,313.0
Q5IJ48,E313M,0.3712,ambiguous,CRB2,313.0
Q5IJ48,E313N,0.3695,ambiguous,CRB2,313.0
Q5IJ48,E313P,0.7322,pathogenic,CRB2,313.0
Q5IJ48,E313Q,0.087,benign,CRB2,313.0
Q5IJ48,E313R,0.1207,benign,CRB2,313.0
Q5IJ48,E313S,0.1463,benign,CRB2,313.0
Q5IJ48,E313T,0.1454,benign,CRB2,313.0
Q5IJ48,E313V,0.2027,benign,CRB2,313.0
Q5IJ48,E313W,0.731,pathogenic,CRB2,313.0
Q5IJ48,E313Y,0.5583,ambiguous,CRB2,313.0
Q5IJ48,G314A,0.3051,benign,CRB2,314.0
Q5IJ48,G314C,0.902,pathogenic,CRB2,314.0
Q5IJ48,G314D,0.268,benign,CRB2,314.0
Q5IJ48,G314E,0.3588,ambiguous,CRB2,314.0
Q5IJ48,G314F,0.8718,pathogenic,CRB2,314.0
Q5IJ48,G314H,0.7596,pathogenic,CRB2,314.0
Q5IJ48,G314I,0.7893,pathogenic,CRB2,314.0
Q5IJ48,G314K,0.7342,pathogenic,CRB2,314.0
Q5IJ48,G314L,0.7726,pathogenic,CRB2,314.0
Q5IJ48,G314M,0.8162,pathogenic,CRB2,314.0
Q5IJ48,G314N,0.5314,ambiguous,CRB2,314.0
Q5IJ48,G314P,0.9416,pathogenic,CRB2,314.0
Q5IJ48,G314Q,0.6573,pathogenic,CRB2,314.0
Q5IJ48,G314R,0.6106,pathogenic,CRB2,314.0
Q5IJ48,G314S,0.2187,benign,CRB2,314.0
Q5IJ48,G314T,0.5163,ambiguous,CRB2,314.0
Q5IJ48,G314V,0.5906,pathogenic,CRB2,314.0
Q5IJ48,G314W,0.7786,pathogenic,CRB2,314.0
Q5IJ48,G314Y,0.7834,pathogenic,CRB2,314.0
Q5IJ48,A315C,0.5578,ambiguous,CRB2,315.0
Q5IJ48,A315D,0.0574,benign,CRB2,315.0
Q5IJ48,A315E,0.069,benign,CRB2,315.0
Q5IJ48,A315F,0.1767,benign,CRB2,315.0
Q5IJ48,A315G,0.0898,benign,CRB2,315.0
Q5IJ48,A315H,0.1966,benign,CRB2,315.0
Q5IJ48,A315I,0.1554,benign,CRB2,315.0
Q5IJ48,A315K,0.1541,benign,CRB2,315.0
Q5IJ48,A315L,0.1034,benign,CRB2,315.0
Q5IJ48,A315M,0.1521,benign,CRB2,315.0
Q5IJ48,A315N,0.1121,benign,CRB2,315.0
Q5IJ48,A315P,0.081,benign,CRB2,315.0
Q5IJ48,A315Q,0.1288,benign,CRB2,315.0
Q5IJ48,A315R,0.1183,benign,CRB2,315.0
Q5IJ48,A315S,0.0768,benign,CRB2,315.0
Q5IJ48,A315T,0.0721,benign,CRB2,315.0
Q5IJ48,A315V,0.0831,benign,CRB2,315.0
Q5IJ48,A315W,0.3244,benign,CRB2,315.0
Q5IJ48,A315Y,0.254,benign,CRB2,315.0
Q5IJ48,D316A,0.1303,benign,CRB2,316.0
Q5IJ48,D316C,0.7185,pathogenic,CRB2,316.0
Q5IJ48,D316E,0.1589,benign,CRB2,316.0
Q5IJ48,D316F,0.4116,ambiguous,CRB2,316.0
Q5IJ48,D316G,0.1317,benign,CRB2,316.0
Q5IJ48,D316H,0.1884,benign,CRB2,316.0
Q5IJ48,D316I,0.316,benign,CRB2,316.0
Q5IJ48,D316K,0.3317,benign,CRB2,316.0
Q5IJ48,D316L,0.2566,benign,CRB2,316.0
Q5IJ48,D316M,0.5461,ambiguous,CRB2,316.0
Q5IJ48,D316N,0.0929,benign,CRB2,316.0
Q5IJ48,D316P,0.5728,pathogenic,CRB2,316.0
Q5IJ48,D316Q,0.2343,benign,CRB2,316.0
Q5IJ48,D316R,0.2289,benign,CRB2,316.0
Q5IJ48,D316S,0.0959,benign,CRB2,316.0
Q5IJ48,D316T,0.1855,benign,CRB2,316.0
Q5IJ48,D316V,0.1925,benign,CRB2,316.0
Q5IJ48,D316W,0.726,pathogenic,CRB2,316.0
Q5IJ48,D316Y,0.1817,benign,CRB2,316.0
Q5IJ48,C317A,0.9561,pathogenic,CRB2,317.0
Q5IJ48,C317D,0.9853,pathogenic,CRB2,317.0
Q5IJ48,C317E,0.9899,pathogenic,CRB2,317.0
Q5IJ48,C317F,0.9435,pathogenic,CRB2,317.0
Q5IJ48,C317G,0.7716,pathogenic,CRB2,317.0
Q5IJ48,C317H,0.9823,pathogenic,CRB2,317.0
Q5IJ48,C317I,0.9847,pathogenic,CRB2,317.0
Q5IJ48,C317K,0.9953,pathogenic,CRB2,317.0
Q5IJ48,C317L,0.956,pathogenic,CRB2,317.0
Q5IJ48,C317M,0.9899,pathogenic,CRB2,317.0
Q5IJ48,C317N,0.9876,pathogenic,CRB2,317.0
Q5IJ48,C317P,0.9828,pathogenic,CRB2,317.0
Q5IJ48,C317Q,0.9903,pathogenic,CRB2,317.0
Q5IJ48,C317R,0.9328,pathogenic,CRB2,317.0
Q5IJ48,C317S,0.9577,pathogenic,CRB2,317.0
Q5IJ48,C317T,0.9783,pathogenic,CRB2,317.0
Q5IJ48,C317V,0.9729,pathogenic,CRB2,317.0
Q5IJ48,C317W,0.953,pathogenic,CRB2,317.0
Q5IJ48,C317Y,0.9582,pathogenic,CRB2,317.0
Q5IJ48,G318A,0.0712,benign,CRB2,318.0
Q5IJ48,G318C,0.2502,benign,CRB2,318.0
Q5IJ48,G318D,0.099,benign,CRB2,318.0
Q5IJ48,G318E,0.0986,benign,CRB2,318.0
Q5IJ48,G318F,0.3173,benign,CRB2,318.0
Q5IJ48,G318H,0.1453,benign,CRB2,318.0
Q5IJ48,G318I,0.1875,benign,CRB2,318.0
Q5IJ48,G318K,0.2358,benign,CRB2,318.0
Q5IJ48,G318L,0.1775,benign,CRB2,318.0
Q5IJ48,G318M,0.2601,benign,CRB2,318.0
Q5IJ48,G318N,0.1739,benign,CRB2,318.0
Q5IJ48,G318P,0.6302,pathogenic,CRB2,318.0
Q5IJ48,G318Q,0.1391,benign,CRB2,318.0
Q5IJ48,G318R,0.1026,benign,CRB2,318.0
Q5IJ48,G318S,0.0557,benign,CRB2,318.0
Q5IJ48,G318T,0.0865,benign,CRB2,318.0
Q5IJ48,G318V,0.1308,benign,CRB2,318.0
Q5IJ48,G318W,0.1752,benign,CRB2,318.0
Q5IJ48,G318Y,0.2383,benign,CRB2,318.0
Q5IJ48,V319A,0.0885,benign,CRB2,319.0
Q5IJ48,V319C,0.8185,pathogenic,CRB2,319.0
Q5IJ48,V319D,0.1355,benign,CRB2,319.0
Q5IJ48,V319E,0.0836,benign,CRB2,319.0
Q5IJ48,V319F,0.1307,benign,CRB2,319.0
Q5IJ48,V319G,0.0945,benign,CRB2,319.0
Q5IJ48,V319H,0.3206,benign,CRB2,319.0
Q5IJ48,V319I,0.0926,benign,CRB2,319.0
Q5IJ48,V319K,0.1303,benign,CRB2,319.0
Q5IJ48,V319L,0.1149,benign,CRB2,319.0
Q5IJ48,V319M,0.0943,benign,CRB2,319.0
Q5IJ48,V319N,0.1757,benign,CRB2,319.0
Q5IJ48,V319P,0.3718,ambiguous,CRB2,319.0
Q5IJ48,V319Q,0.1167,benign,CRB2,319.0
Q5IJ48,V319R,0.0905,benign,CRB2,319.0
Q5IJ48,V319S,0.1179,benign,CRB2,319.0
Q5IJ48,V319T,0.1024,benign,CRB2,319.0
Q5IJ48,V319W,0.4241,ambiguous,CRB2,319.0
Q5IJ48,V319Y,0.4365,ambiguous,CRB2,319.0
Q5IJ48,E320A,0.124,benign,CRB2,320.0
Q5IJ48,E320C,0.8965,pathogenic,CRB2,320.0
Q5IJ48,E320D,0.0498,benign,CRB2,320.0
Q5IJ48,E320F,0.7207,pathogenic,CRB2,320.0
Q5IJ48,E320G,0.1499,benign,CRB2,320.0
Q5IJ48,E320H,0.395,ambiguous,CRB2,320.0
Q5IJ48,E320I,0.4607,ambiguous,CRB2,320.0
Q5IJ48,E320K,0.2596,benign,CRB2,320.0
Q5IJ48,E320L,0.3576,ambiguous,CRB2,320.0
Q5IJ48,E320M,0.5234,ambiguous,CRB2,320.0
Q5IJ48,E320N,0.1203,benign,CRB2,320.0
Q5IJ48,E320P,0.2987,benign,CRB2,320.0
Q5IJ48,E320Q,0.1754,benign,CRB2,320.0
Q5IJ48,E320R,0.2477,benign,CRB2,320.0
Q5IJ48,E320S,0.1482,benign,CRB2,320.0
Q5IJ48,E320T,0.2403,benign,CRB2,320.0
Q5IJ48,E320V,0.2376,benign,CRB2,320.0
Q5IJ48,E320W,0.8309,pathogenic,CRB2,320.0
Q5IJ48,E320Y,0.5179,ambiguous,CRB2,320.0
Q5IJ48,V321A,0.1272,benign,CRB2,321.0
Q5IJ48,V321C,0.9309,pathogenic,CRB2,321.0
Q5IJ48,V321D,0.2158,benign,CRB2,321.0
Q5IJ48,V321E,0.1301,benign,CRB2,321.0
Q5IJ48,V321F,0.1989,benign,CRB2,321.0
Q5IJ48,V321G,0.1224,benign,CRB2,321.0
Q5IJ48,V321H,0.533,ambiguous,CRB2,321.0
Q5IJ48,V321I,0.1069,benign,CRB2,321.0
Q5IJ48,V321K,0.2052,benign,CRB2,321.0
Q5IJ48,V321L,0.1935,benign,CRB2,321.0
Q5IJ48,V321M,0.1156,benign,CRB2,321.0
Q5IJ48,V321N,0.2708,benign,CRB2,321.0
Q5IJ48,V321P,0.5062,ambiguous,CRB2,321.0
Q5IJ48,V321Q,0.2001,benign,CRB2,321.0
Q5IJ48,V321R,0.149,benign,CRB2,321.0
Q5IJ48,V321S,0.1944,benign,CRB2,321.0
Q5IJ48,V321T,0.1491,benign,CRB2,321.0
Q5IJ48,V321W,0.6224,pathogenic,CRB2,321.0
Q5IJ48,V321Y,0.6093,pathogenic,CRB2,321.0
Q5IJ48,D322A,0.2703,benign,CRB2,322.0
Q5IJ48,D322C,0.9148,pathogenic,CRB2,322.0
Q5IJ48,D322E,0.3234,benign,CRB2,322.0
Q5IJ48,D322F,0.7552,pathogenic,CRB2,322.0
Q5IJ48,D322G,0.2521,benign,CRB2,322.0
Q5IJ48,D322H,0.4233,ambiguous,CRB2,322.0
Q5IJ48,D322I,0.6359,pathogenic,CRB2,322.0
Q5IJ48,D322K,0.5404,ambiguous,CRB2,322.0
Q5IJ48,D322L,0.5067,ambiguous,CRB2,322.0
Q5IJ48,D322M,0.7827,pathogenic,CRB2,322.0
Q5IJ48,D322N,0.1113,benign,CRB2,322.0
Q5IJ48,D322P,0.6269,pathogenic,CRB2,322.0
Q5IJ48,D322Q,0.4836,ambiguous,CRB2,322.0
Q5IJ48,D322R,0.453,ambiguous,CRB2,322.0
Q5IJ48,D322S,0.1841,benign,CRB2,322.0
Q5IJ48,D322T,0.4537,ambiguous,CRB2,322.0
Q5IJ48,D322V,0.3939,ambiguous,CRB2,322.0
Q5IJ48,D322W,0.8993,pathogenic,CRB2,322.0
Q5IJ48,D322Y,0.3614,ambiguous,CRB2,322.0
Q5IJ48,E323A,0.3047,benign,CRB2,323.0
Q5IJ48,E323C,0.9736,pathogenic,CRB2,323.0
Q5IJ48,E323D,0.2907,benign,CRB2,323.0
Q5IJ48,E323F,0.8885,pathogenic,CRB2,323.0
Q5IJ48,E323G,0.3449,ambiguous,CRB2,323.0
Q5IJ48,E323H,0.7066,pathogenic,CRB2,323.0
Q5IJ48,E323I,0.7204,pathogenic,CRB2,323.0
Q5IJ48,E323K,0.2996,benign,CRB2,323.0
Q5IJ48,E323L,0.6796,pathogenic,CRB2,323.0
Q5IJ48,E323M,0.7927,pathogenic,CRB2,323.0
Q5IJ48,E323N,0.5921,pathogenic,CRB2,323.0
Q5IJ48,E323P,0.7163,pathogenic,CRB2,323.0
Q5IJ48,E323Q,0.2879,benign,CRB2,323.0
Q5IJ48,E323R,0.3764,ambiguous,CRB2,323.0
Q5IJ48,E323S,0.4337,ambiguous,CRB2,323.0
Q5IJ48,E323T,0.5235,ambiguous,CRB2,323.0
Q5IJ48,E323V,0.5344,ambiguous,CRB2,323.0
Q5IJ48,E323W,0.9522,pathogenic,CRB2,323.0
Q5IJ48,E323Y,0.8329,pathogenic,CRB2,323.0
Q5IJ48,C324A,0.9371,pathogenic,CRB2,324.0
Q5IJ48,C324D,0.9646,pathogenic,CRB2,324.0
Q5IJ48,C324E,0.9748,pathogenic,CRB2,324.0
Q5IJ48,C324F,0.8449,pathogenic,CRB2,324.0
Q5IJ48,C324G,0.7436,pathogenic,CRB2,324.0
Q5IJ48,C324H,0.9695,pathogenic,CRB2,324.0
Q5IJ48,C324I,0.9578,pathogenic,CRB2,324.0
Q5IJ48,C324K,0.9885,pathogenic,CRB2,324.0
Q5IJ48,C324L,0.901,pathogenic,CRB2,324.0
Q5IJ48,C324M,0.9617,pathogenic,CRB2,324.0
Q5IJ48,C324N,0.9664,pathogenic,CRB2,324.0
Q5IJ48,C324P,0.9676,pathogenic,CRB2,324.0
Q5IJ48,C324Q,0.9822,pathogenic,CRB2,324.0
Q5IJ48,C324R,0.9116,pathogenic,CRB2,324.0
Q5IJ48,C324S,0.9512,pathogenic,CRB2,324.0
Q5IJ48,C324T,0.9701,pathogenic,CRB2,324.0
Q5IJ48,C324V,0.932,pathogenic,CRB2,324.0
Q5IJ48,C324W,0.8895,pathogenic,CRB2,324.0
Q5IJ48,C324Y,0.8648,pathogenic,CRB2,324.0
Q5IJ48,A325C,0.6665,pathogenic,CRB2,325.0
Q5IJ48,A325D,0.1654,benign,CRB2,325.0
Q5IJ48,A325E,0.1428,benign,CRB2,325.0
Q5IJ48,A325F,0.2337,benign,CRB2,325.0
Q5IJ48,A325G,0.1097,benign,CRB2,325.0
Q5IJ48,A325H,0.3228,benign,CRB2,325.0
Q5IJ48,A325I,0.2065,benign,CRB2,325.0
Q5IJ48,A325K,0.2793,benign,CRB2,325.0
Q5IJ48,A325L,0.1355,benign,CRB2,325.0
Q5IJ48,A325M,0.2185,benign,CRB2,325.0
Q5IJ48,A325N,0.2226,benign,CRB2,325.0
Q5IJ48,A325P,0.2722,benign,CRB2,325.0
Q5IJ48,A325Q,0.2,benign,CRB2,325.0
Q5IJ48,A325R,0.1737,benign,CRB2,325.0
Q5IJ48,A325S,0.0892,benign,CRB2,325.0
Q5IJ48,A325T,0.0852,benign,CRB2,325.0
Q5IJ48,A325V,0.1044,benign,CRB2,325.0
Q5IJ48,A325W,0.5375,ambiguous,CRB2,325.0
Q5IJ48,A325Y,0.3888,ambiguous,CRB2,325.0
Q5IJ48,S326A,0.1309,benign,CRB2,326.0
Q5IJ48,S326C,0.5484,ambiguous,CRB2,326.0
Q5IJ48,S326D,0.4683,ambiguous,CRB2,326.0
Q5IJ48,S326E,0.541,ambiguous,CRB2,326.0
Q5IJ48,S326F,0.2521,benign,CRB2,326.0
Q5IJ48,S326G,0.1356,benign,CRB2,326.0
Q5IJ48,S326H,0.5281,ambiguous,CRB2,326.0
Q5IJ48,S326I,0.3977,ambiguous,CRB2,326.0
Q5IJ48,S326K,0.7998,pathogenic,CRB2,326.0
Q5IJ48,S326L,0.1729,benign,CRB2,326.0
Q5IJ48,S326M,0.459,ambiguous,CRB2,326.0
Q5IJ48,S326N,0.3432,ambiguous,CRB2,326.0
Q5IJ48,S326P,0.1886,benign,CRB2,326.0
Q5IJ48,S326Q,0.606,pathogenic,CRB2,326.0
Q5IJ48,S326R,0.6386,pathogenic,CRB2,326.0
Q5IJ48,S326T,0.1652,benign,CRB2,326.0
Q5IJ48,S326V,0.3421,ambiguous,CRB2,326.0
Q5IJ48,S326W,0.2845,benign,CRB2,326.0
Q5IJ48,S326Y,0.2998,benign,CRB2,326.0
Q5IJ48,R327A,0.1241,benign,CRB2,327.0
Q5IJ48,R327C,0.2553,benign,CRB2,327.0
Q5IJ48,R327D,0.1933,benign,CRB2,327.0
Q5IJ48,R327E,0.1226,benign,CRB2,327.0
Q5IJ48,R327F,0.2531,benign,CRB2,327.0
Q5IJ48,R327G,0.0576,benign,CRB2,327.0
Q5IJ48,R327H,0.0818,benign,CRB2,327.0
Q5IJ48,R327I,0.2054,benign,CRB2,327.0
Q5IJ48,R327K,0.1078,benign,CRB2,327.0
Q5IJ48,R327L,0.099,benign,CRB2,327.0
Q5IJ48,R327M,0.1787,benign,CRB2,327.0
Q5IJ48,R327N,0.2159,benign,CRB2,327.0
Q5IJ48,R327P,0.1956,benign,CRB2,327.0
Q5IJ48,R327Q,0.065,benign,CRB2,327.0
Q5IJ48,R327S,0.1216,benign,CRB2,327.0
Q5IJ48,R327T,0.1163,benign,CRB2,327.0
Q5IJ48,R327V,0.1944,benign,CRB2,327.0
Q5IJ48,R327W,0.0906,benign,CRB2,327.0
Q5IJ48,R327Y,0.1964,benign,CRB2,327.0
Q5IJ48,P328A,0.2976,benign,CRB2,328.0
Q5IJ48,P328C,0.9388,pathogenic,CRB2,328.0
Q5IJ48,P328D,0.8717,pathogenic,CRB2,328.0
Q5IJ48,P328E,0.7254,pathogenic,CRB2,328.0
Q5IJ48,P328F,0.8096,pathogenic,CRB2,328.0
Q5IJ48,P328G,0.7352,pathogenic,CRB2,328.0
Q5IJ48,P328H,0.5905,pathogenic,CRB2,328.0
Q5IJ48,P328I,0.6009,pathogenic,CRB2,328.0
Q5IJ48,P328K,0.7746,pathogenic,CRB2,328.0
Q5IJ48,P328L,0.3229,benign,CRB2,328.0
Q5IJ48,P328M,0.7641,pathogenic,CRB2,328.0
Q5IJ48,P328N,0.8401,pathogenic,CRB2,328.0
Q5IJ48,P328Q,0.555,ambiguous,CRB2,328.0
Q5IJ48,P328R,0.4766,ambiguous,CRB2,328.0
Q5IJ48,P328S,0.5208,ambiguous,CRB2,328.0
Q5IJ48,P328T,0.4463,ambiguous,CRB2,328.0
Q5IJ48,P328V,0.4859,ambiguous,CRB2,328.0
Q5IJ48,P328W,0.8742,pathogenic,CRB2,328.0
Q5IJ48,P328Y,0.8022,pathogenic,CRB2,328.0
Q5IJ48,C329A,0.9552,pathogenic,CRB2,329.0
Q5IJ48,C329D,0.9872,pathogenic,CRB2,329.0
Q5IJ48,C329E,0.9912,pathogenic,CRB2,329.0
Q5IJ48,C329F,0.8244,pathogenic,CRB2,329.0
Q5IJ48,C329G,0.8248,pathogenic,CRB2,329.0
Q5IJ48,C329H,0.969,pathogenic,CRB2,329.0
Q5IJ48,C329I,0.9621,pathogenic,CRB2,329.0
Q5IJ48,C329K,0.9947,pathogenic,CRB2,329.0
Q5IJ48,C329L,0.903,pathogenic,CRB2,329.0
Q5IJ48,C329M,0.9822,pathogenic,CRB2,329.0
Q5IJ48,C329N,0.9862,pathogenic,CRB2,329.0
Q5IJ48,C329P,0.9576,pathogenic,CRB2,329.0
Q5IJ48,C329Q,0.9865,pathogenic,CRB2,329.0
Q5IJ48,C329R,0.9191,pathogenic,CRB2,329.0
Q5IJ48,C329S,0.9431,pathogenic,CRB2,329.0
Q5IJ48,C329T,0.9839,pathogenic,CRB2,329.0
Q5IJ48,C329V,0.9397,pathogenic,CRB2,329.0
Q5IJ48,C329W,0.914,pathogenic,CRB2,329.0
Q5IJ48,C329Y,0.9114,pathogenic,CRB2,329.0
Q5IJ48,L330A,0.1595,benign,CRB2,330.0
Q5IJ48,L330C,0.4628,ambiguous,CRB2,330.0
Q5IJ48,L330D,0.431,ambiguous,CRB2,330.0
Q5IJ48,L330E,0.1545,benign,CRB2,330.0
Q5IJ48,L330F,0.1022,benign,CRB2,330.0
Q5IJ48,L330G,0.2711,benign,CRB2,330.0
Q5IJ48,L330H,0.1144,benign,CRB2,330.0
Q5IJ48,L330I,0.1001,benign,CRB2,330.0
Q5IJ48,L330K,0.1403,benign,CRB2,330.0
Q5IJ48,L330M,0.1376,benign,CRB2,330.0
Q5IJ48,L330N,0.2693,benign,CRB2,330.0
Q5IJ48,L330P,0.2246,benign,CRB2,330.0
Q5IJ48,L330Q,0.0661,benign,CRB2,330.0
Q5IJ48,L330R,0.0611,benign,CRB2,330.0
Q5IJ48,L330S,0.1728,benign,CRB2,330.0
Q5IJ48,L330T,0.189,benign,CRB2,330.0
Q5IJ48,L330V,0.0868,benign,CRB2,330.0
Q5IJ48,L330W,0.1148,benign,CRB2,330.0
Q5IJ48,L330Y,0.2455,benign,CRB2,330.0
Q5IJ48,N331A,0.2461,benign,CRB2,331.0
Q5IJ48,N331C,0.5386,ambiguous,CRB2,331.0
Q5IJ48,N331D,0.2355,benign,CRB2,331.0
Q5IJ48,N331E,0.4018,ambiguous,CRB2,331.0
Q5IJ48,N331F,0.4106,ambiguous,CRB2,331.0
Q5IJ48,N331G,0.2168,benign,CRB2,331.0
Q5IJ48,N331H,0.0656,benign,CRB2,331.0
Q5IJ48,N331I,0.3898,ambiguous,CRB2,331.0
Q5IJ48,N331K,0.3007,benign,CRB2,331.0
Q5IJ48,N331L,0.2564,benign,CRB2,331.0
Q5IJ48,N331M,0.418,ambiguous,CRB2,331.0
Q5IJ48,N331P,0.5296,ambiguous,CRB2,331.0
Q5IJ48,N331Q,0.2533,benign,CRB2,331.0
Q5IJ48,N331R,0.2132,benign,CRB2,331.0
Q5IJ48,N331S,0.0798,benign,CRB2,331.0
Q5IJ48,N331T,0.2377,benign,CRB2,331.0
Q5IJ48,N331V,0.4249,ambiguous,CRB2,331.0
Q5IJ48,N331W,0.5108,ambiguous,CRB2,331.0
Q5IJ48,N331Y,0.1235,benign,CRB2,331.0
Q5IJ48,G332A,0.1817,benign,CRB2,332.0
Q5IJ48,G332C,0.503,ambiguous,CRB2,332.0
Q5IJ48,G332D,0.1345,benign,CRB2,332.0
Q5IJ48,G332E,0.1654,benign,CRB2,332.0
Q5IJ48,G332F,0.5997,pathogenic,CRB2,332.0
Q5IJ48,G332H,0.2427,benign,CRB2,332.0
Q5IJ48,G332I,0.4893,ambiguous,CRB2,332.0
Q5IJ48,G332K,0.264,benign,CRB2,332.0
Q5IJ48,G332L,0.4795,ambiguous,CRB2,332.0
Q5IJ48,G332M,0.5345,ambiguous,CRB2,332.0
Q5IJ48,G332N,0.2486,benign,CRB2,332.0
Q5IJ48,G332P,0.8577,pathogenic,CRB2,332.0
Q5IJ48,G332Q,0.198,benign,CRB2,332.0
Q5IJ48,G332R,0.1393,benign,CRB2,332.0
Q5IJ48,G332S,0.11,benign,CRB2,332.0
Q5IJ48,G332T,0.2557,benign,CRB2,332.0
Q5IJ48,G332V,0.354,ambiguous,CRB2,332.0
Q5IJ48,G332W,0.3254,benign,CRB2,332.0
Q5IJ48,G332Y,0.4191,ambiguous,CRB2,332.0
Q5IJ48,G333A,0.1761,benign,CRB2,333.0
Q5IJ48,G333C,0.6217,pathogenic,CRB2,333.0
Q5IJ48,G333D,0.7434,pathogenic,CRB2,333.0
Q5IJ48,G333E,0.6826,pathogenic,CRB2,333.0
Q5IJ48,G333F,0.8305,pathogenic,CRB2,333.0
Q5IJ48,G333H,0.7832,pathogenic,CRB2,333.0
Q5IJ48,G333I,0.6365,pathogenic,CRB2,333.0
Q5IJ48,G333K,0.8493,pathogenic,CRB2,333.0
Q5IJ48,G333L,0.6948,pathogenic,CRB2,333.0
Q5IJ48,G333M,0.7814,pathogenic,CRB2,333.0
Q5IJ48,G333N,0.7563,pathogenic,CRB2,333.0
Q5IJ48,G333P,0.9377,pathogenic,CRB2,333.0
Q5IJ48,G333Q,0.7132,pathogenic,CRB2,333.0
Q5IJ48,G333R,0.6357,pathogenic,CRB2,333.0
Q5IJ48,G333S,0.1489,benign,CRB2,333.0
Q5IJ48,G333T,0.4574,ambiguous,CRB2,333.0
Q5IJ48,G333V,0.5031,ambiguous,CRB2,333.0
Q5IJ48,G333W,0.6835,pathogenic,CRB2,333.0
Q5IJ48,G333Y,0.7851,pathogenic,CRB2,333.0
Q5IJ48,H334A,0.1188,benign,CRB2,334.0
Q5IJ48,H334C,0.1673,benign,CRB2,334.0
Q5IJ48,H334D,0.1001,benign,CRB2,334.0
Q5IJ48,H334E,0.1432,benign,CRB2,334.0
Q5IJ48,H334F,0.1614,benign,CRB2,334.0
Q5IJ48,H334G,0.1256,benign,CRB2,334.0
Q5IJ48,H334I,0.1461,benign,CRB2,334.0
Q5IJ48,H334K,0.1627,benign,CRB2,334.0
Q5IJ48,H334L,0.0595,benign,CRB2,334.0
Q5IJ48,H334M,0.2839,benign,CRB2,334.0
Q5IJ48,H334N,0.0913,benign,CRB2,334.0
Q5IJ48,H334P,0.173,benign,CRB2,334.0
Q5IJ48,H334Q,0.0851,benign,CRB2,334.0
Q5IJ48,H334R,0.0522,benign,CRB2,334.0
Q5IJ48,H334S,0.0912,benign,CRB2,334.0
Q5IJ48,H334T,0.1264,benign,CRB2,334.0
Q5IJ48,H334V,0.1203,benign,CRB2,334.0
Q5IJ48,H334W,0.1325,benign,CRB2,334.0
Q5IJ48,H334Y,0.081,benign,CRB2,334.0
Q5IJ48,C335A,0.973,pathogenic,CRB2,335.0
Q5IJ48,C335D,0.9924,pathogenic,CRB2,335.0
Q5IJ48,C335E,0.9928,pathogenic,CRB2,335.0
Q5IJ48,C335F,0.8891,pathogenic,CRB2,335.0
Q5IJ48,C335G,0.8317,pathogenic,CRB2,335.0
Q5IJ48,C335H,0.9741,pathogenic,CRB2,335.0
Q5IJ48,C335I,0.9712,pathogenic,CRB2,335.0
Q5IJ48,C335K,0.995,pathogenic,CRB2,335.0
Q5IJ48,C335L,0.9263,pathogenic,CRB2,335.0
Q5IJ48,C335M,0.9903,pathogenic,CRB2,335.0
Q5IJ48,C335N,0.9902,pathogenic,CRB2,335.0
Q5IJ48,C335P,0.9641,pathogenic,CRB2,335.0
Q5IJ48,C335Q,0.9856,pathogenic,CRB2,335.0
Q5IJ48,C335R,0.9182,pathogenic,CRB2,335.0
Q5IJ48,C335S,0.9578,pathogenic,CRB2,335.0
Q5IJ48,C335T,0.9871,pathogenic,CRB2,335.0
Q5IJ48,C335V,0.9643,pathogenic,CRB2,335.0
Q5IJ48,C335W,0.9269,pathogenic,CRB2,335.0
Q5IJ48,C335Y,0.9274,pathogenic,CRB2,335.0
Q5IJ48,Q336A,0.2373,benign,CRB2,336.0
Q5IJ48,Q336C,0.7635,pathogenic,CRB2,336.0
Q5IJ48,Q336D,0.3882,ambiguous,CRB2,336.0
Q5IJ48,Q336E,0.0757,benign,CRB2,336.0
Q5IJ48,Q336F,0.635,pathogenic,CRB2,336.0
Q5IJ48,Q336G,0.2917,benign,CRB2,336.0
Q5IJ48,Q336H,0.2219,benign,CRB2,336.0
Q5IJ48,Q336I,0.3492,ambiguous,CRB2,336.0
Q5IJ48,Q336K,0.1082,benign,CRB2,336.0
Q5IJ48,Q336L,0.1214,benign,CRB2,336.0
Q5IJ48,Q336M,0.4068,ambiguous,CRB2,336.0
Q5IJ48,Q336N,0.4289,ambiguous,CRB2,336.0
Q5IJ48,Q336P,0.3935,ambiguous,CRB2,336.0
Q5IJ48,Q336R,0.0715,benign,CRB2,336.0
Q5IJ48,Q336S,0.2913,benign,CRB2,336.0
Q5IJ48,Q336T,0.2291,benign,CRB2,336.0
Q5IJ48,Q336V,0.2151,benign,CRB2,336.0
Q5IJ48,Q336W,0.3623,ambiguous,CRB2,336.0
Q5IJ48,Q336Y,0.4918,ambiguous,CRB2,336.0
Q5IJ48,D337A,0.4953,ambiguous,CRB2,337.0
Q5IJ48,D337C,0.9759,pathogenic,CRB2,337.0
Q5IJ48,D337E,0.5471,ambiguous,CRB2,337.0
Q5IJ48,D337F,0.8543,pathogenic,CRB2,337.0
Q5IJ48,D337G,0.4366,ambiguous,CRB2,337.0
Q5IJ48,D337H,0.6326,pathogenic,CRB2,337.0
Q5IJ48,D337I,0.7303,pathogenic,CRB2,337.0
Q5IJ48,D337K,0.7482,pathogenic,CRB2,337.0
Q5IJ48,D337L,0.6864,pathogenic,CRB2,337.0
Q5IJ48,D337M,0.9132,pathogenic,CRB2,337.0
Q5IJ48,D337N,0.1993,benign,CRB2,337.0
Q5IJ48,D337P,0.7835,pathogenic,CRB2,337.0
Q5IJ48,D337Q,0.7381,pathogenic,CRB2,337.0
Q5IJ48,D337R,0.7327,pathogenic,CRB2,337.0
Q5IJ48,D337S,0.3507,ambiguous,CRB2,337.0
Q5IJ48,D337T,0.6824,pathogenic,CRB2,337.0
Q5IJ48,D337V,0.5023,ambiguous,CRB2,337.0
Q5IJ48,D337W,0.9631,pathogenic,CRB2,337.0
Q5IJ48,D337Y,0.441,ambiguous,CRB2,337.0
Q5IJ48,L338A,0.2228,benign,CRB2,338.0
Q5IJ48,L338C,0.703,pathogenic,CRB2,338.0
Q5IJ48,L338D,0.592,pathogenic,CRB2,338.0
Q5IJ48,L338E,0.2195,benign,CRB2,338.0
Q5IJ48,L338F,0.1357,benign,CRB2,338.0
Q5IJ48,L338G,0.2993,benign,CRB2,338.0
Q5IJ48,L338H,0.1946,benign,CRB2,338.0
Q5IJ48,L338I,0.1377,benign,CRB2,338.0
Q5IJ48,L338K,0.2039,benign,CRB2,338.0
Q5IJ48,L338M,0.152,benign,CRB2,338.0
Q5IJ48,L338N,0.3958,ambiguous,CRB2,338.0
Q5IJ48,L338P,0.5623,ambiguous,CRB2,338.0
Q5IJ48,L338Q,0.0965,benign,CRB2,338.0
Q5IJ48,L338R,0.0929,benign,CRB2,338.0
Q5IJ48,L338S,0.2343,benign,CRB2,338.0
Q5IJ48,L338T,0.2374,benign,CRB2,338.0
Q5IJ48,L338V,0.1217,benign,CRB2,338.0
Q5IJ48,L338W,0.2024,benign,CRB2,338.0
Q5IJ48,L338Y,0.3613,ambiguous,CRB2,338.0
Q5IJ48,P339A,0.0892,benign,CRB2,339.0
Q5IJ48,P339C,0.6284,pathogenic,CRB2,339.0
Q5IJ48,P339D,0.3793,ambiguous,CRB2,339.0
Q5IJ48,P339E,0.2255,benign,CRB2,339.0
Q5IJ48,P339F,0.3734,ambiguous,CRB2,339.0
Q5IJ48,P339G,0.2727,benign,CRB2,339.0
Q5IJ48,P339H,0.1651,benign,CRB2,339.0
Q5IJ48,P339I,0.2407,benign,CRB2,339.0
Q5IJ48,P339K,0.2777,benign,CRB2,339.0
Q5IJ48,P339L,0.0932,benign,CRB2,339.0
Q5IJ48,P339M,0.3328,benign,CRB2,339.0
Q5IJ48,P339N,0.3555,ambiguous,CRB2,339.0
Q5IJ48,P339Q,0.1387,benign,CRB2,339.0
Q5IJ48,P339R,0.1112,benign,CRB2,339.0
Q5IJ48,P339S,0.1221,benign,CRB2,339.0
Q5IJ48,P339T,0.1195,benign,CRB2,339.0
Q5IJ48,P339V,0.1834,benign,CRB2,339.0
Q5IJ48,P339W,0.378,ambiguous,CRB2,339.0
Q5IJ48,P339Y,0.3815,ambiguous,CRB2,339.0
Q5IJ48,N340A,0.1331,benign,CRB2,340.0
Q5IJ48,N340C,0.5276,ambiguous,CRB2,340.0
Q5IJ48,N340D,0.0771,benign,CRB2,340.0
Q5IJ48,N340E,0.239,benign,CRB2,340.0
Q5IJ48,N340F,0.5166,ambiguous,CRB2,340.0
Q5IJ48,N340G,0.1382,benign,CRB2,340.0
Q5IJ48,N340H,0.114,benign,CRB2,340.0
Q5IJ48,N340I,0.3801,ambiguous,CRB2,340.0
Q5IJ48,N340K,0.2596,benign,CRB2,340.0
Q5IJ48,N340L,0.2322,benign,CRB2,340.0
Q5IJ48,N340M,0.3911,ambiguous,CRB2,340.0
Q5IJ48,N340P,0.4507,ambiguous,CRB2,340.0
Q5IJ48,N340Q,0.2377,benign,CRB2,340.0
Q5IJ48,N340R,0.2023,benign,CRB2,340.0
Q5IJ48,N340S,0.0585,benign,CRB2,340.0
Q5IJ48,N340T,0.16,benign,CRB2,340.0
Q5IJ48,N340V,0.301,benign,CRB2,340.0
Q5IJ48,N340W,0.6076,pathogenic,CRB2,340.0
Q5IJ48,N340Y,0.1835,benign,CRB2,340.0
Q5IJ48,G341A,0.1111,benign,CRB2,341.0
Q5IJ48,G341C,0.3794,ambiguous,CRB2,341.0
Q5IJ48,G341D,0.2036,benign,CRB2,341.0
Q5IJ48,G341E,0.2723,benign,CRB2,341.0
Q5IJ48,G341F,0.5562,ambiguous,CRB2,341.0
Q5IJ48,G341H,0.2675,benign,CRB2,341.0
Q5IJ48,G341I,0.3305,benign,CRB2,341.0
Q5IJ48,G341K,0.4755,ambiguous,CRB2,341.0
Q5IJ48,G341L,0.3898,ambiguous,CRB2,341.0
Q5IJ48,G341M,0.5257,ambiguous,CRB2,341.0
Q5IJ48,G341N,0.2794,benign,CRB2,341.0
Q5IJ48,G341P,0.9478,pathogenic,CRB2,341.0
Q5IJ48,G341Q,0.3099,benign,CRB2,341.0
Q5IJ48,G341R,0.2126,benign,CRB2,341.0
Q5IJ48,G341S,0.0745,benign,CRB2,341.0
Q5IJ48,G341T,0.155,benign,CRB2,341.0
Q5IJ48,G341V,0.2425,benign,CRB2,341.0
Q5IJ48,G341W,0.4134,ambiguous,CRB2,341.0
Q5IJ48,G341Y,0.3896,ambiguous,CRB2,341.0
Q5IJ48,F342A,0.9442,pathogenic,CRB2,342.0
Q5IJ48,F342C,0.954,pathogenic,CRB2,342.0
Q5IJ48,F342D,0.9778,pathogenic,CRB2,342.0
Q5IJ48,F342E,0.9818,pathogenic,CRB2,342.0
Q5IJ48,F342G,0.9656,pathogenic,CRB2,342.0
Q5IJ48,F342H,0.8604,pathogenic,CRB2,342.0
Q5IJ48,F342I,0.7087,pathogenic,CRB2,342.0
Q5IJ48,F342K,0.9766,pathogenic,CRB2,342.0
Q5IJ48,F342L,0.9715,pathogenic,CRB2,342.0
Q5IJ48,F342M,0.9174,pathogenic,CRB2,342.0
Q5IJ48,F342N,0.9435,pathogenic,CRB2,342.0
Q5IJ48,F342P,0.9915,pathogenic,CRB2,342.0
Q5IJ48,F342Q,0.9627,pathogenic,CRB2,342.0
Q5IJ48,F342R,0.932,pathogenic,CRB2,342.0
Q5IJ48,F342S,0.8365,pathogenic,CRB2,342.0
Q5IJ48,F342T,0.9396,pathogenic,CRB2,342.0
Q5IJ48,F342V,0.7426,pathogenic,CRB2,342.0
Q5IJ48,F342W,0.6518,pathogenic,CRB2,342.0
Q5IJ48,F342Y,0.2687,benign,CRB2,342.0
Q5IJ48,Q343A,0.1607,benign,CRB2,343.0
Q5IJ48,Q343C,0.6164,pathogenic,CRB2,343.0
Q5IJ48,Q343D,0.3276,benign,CRB2,343.0
Q5IJ48,Q343E,0.0862,benign,CRB2,343.0
Q5IJ48,Q343F,0.4387,ambiguous,CRB2,343.0
Q5IJ48,Q343G,0.235,benign,CRB2,343.0
Q5IJ48,Q343H,0.1419,benign,CRB2,343.0
Q5IJ48,Q343I,0.2468,benign,CRB2,343.0
Q5IJ48,Q343K,0.1189,benign,CRB2,343.0
Q5IJ48,Q343L,0.0807,benign,CRB2,343.0
Q5IJ48,Q343M,0.3394,benign,CRB2,343.0
Q5IJ48,Q343N,0.3232,benign,CRB2,343.0
Q5IJ48,Q343P,0.2993,benign,CRB2,343.0
Q5IJ48,Q343R,0.0643,benign,CRB2,343.0
Q5IJ48,Q343S,0.1727,benign,CRB2,343.0
Q5IJ48,Q343T,0.1578,benign,CRB2,343.0
Q5IJ48,Q343V,0.1607,benign,CRB2,343.0
Q5IJ48,Q343W,0.224,benign,CRB2,343.0
Q5IJ48,Q343Y,0.2894,benign,CRB2,343.0
Q5IJ48,C344A,0.9653,pathogenic,CRB2,344.0
Q5IJ48,C344D,0.9882,pathogenic,CRB2,344.0
Q5IJ48,C344E,0.991,pathogenic,CRB2,344.0
Q5IJ48,C344F,0.8911,pathogenic,CRB2,344.0
Q5IJ48,C344G,0.7852,pathogenic,CRB2,344.0
Q5IJ48,C344H,0.9768,pathogenic,CRB2,344.0
Q5IJ48,C344I,0.9579,pathogenic,CRB2,344.0
Q5IJ48,C344K,0.9949,pathogenic,CRB2,344.0
Q5IJ48,C344L,0.9171,pathogenic,CRB2,344.0
Q5IJ48,C344M,0.9823,pathogenic,CRB2,344.0
Q5IJ48,C344N,0.9809,pathogenic,CRB2,344.0
Q5IJ48,C344P,0.9732,pathogenic,CRB2,344.0
Q5IJ48,C344Q,0.988,pathogenic,CRB2,344.0
Q5IJ48,C344R,0.9378,pathogenic,CRB2,344.0
Q5IJ48,C344S,0.9596,pathogenic,CRB2,344.0
Q5IJ48,C344T,0.9852,pathogenic,CRB2,344.0
Q5IJ48,C344V,0.9368,pathogenic,CRB2,344.0
Q5IJ48,C344W,0.9171,pathogenic,CRB2,344.0
Q5IJ48,C344Y,0.8905,pathogenic,CRB2,344.0
Q5IJ48,H345A,0.1804,benign,CRB2,345.0
Q5IJ48,H345C,0.27,benign,CRB2,345.0
Q5IJ48,H345D,0.1327,benign,CRB2,345.0
Q5IJ48,H345E,0.1973,benign,CRB2,345.0
Q5IJ48,H345F,0.1903,benign,CRB2,345.0
Q5IJ48,H345G,0.2088,benign,CRB2,345.0
Q5IJ48,H345I,0.1915,benign,CRB2,345.0
Q5IJ48,H345K,0.2652,benign,CRB2,345.0
Q5IJ48,H345L,0.0808,benign,CRB2,345.0
Q5IJ48,H345M,0.4353,ambiguous,CRB2,345.0
Q5IJ48,H345N,0.1081,benign,CRB2,345.0
Q5IJ48,H345P,0.22,benign,CRB2,345.0
Q5IJ48,H345Q,0.1383,benign,CRB2,345.0
Q5IJ48,H345R,0.0719,benign,CRB2,345.0
Q5IJ48,H345S,0.1379,benign,CRB2,345.0
Q5IJ48,H345T,0.1993,benign,CRB2,345.0
Q5IJ48,H345V,0.1594,benign,CRB2,345.0
Q5IJ48,H345W,0.2044,benign,CRB2,345.0
Q5IJ48,H345Y,0.0813,benign,CRB2,345.0
Q5IJ48,C346A,0.9437,pathogenic,CRB2,346.0
Q5IJ48,C346D,0.9824,pathogenic,CRB2,346.0
Q5IJ48,C346E,0.988,pathogenic,CRB2,346.0
Q5IJ48,C346F,0.7824,pathogenic,CRB2,346.0
Q5IJ48,C346G,0.7388,pathogenic,CRB2,346.0
Q5IJ48,C346H,0.9442,pathogenic,CRB2,346.0
Q5IJ48,C346I,0.9387,pathogenic,CRB2,346.0
Q5IJ48,C346K,0.9902,pathogenic,CRB2,346.0
Q5IJ48,C346L,0.858,pathogenic,CRB2,346.0
Q5IJ48,C346M,0.9743,pathogenic,CRB2,346.0
Q5IJ48,C346N,0.9734,pathogenic,CRB2,346.0
Q5IJ48,C346P,0.9115,pathogenic,CRB2,346.0
Q5IJ48,C346Q,0.9737,pathogenic,CRB2,346.0
Q5IJ48,C346R,0.8864,pathogenic,CRB2,346.0
Q5IJ48,C346S,0.9026,pathogenic,CRB2,346.0
Q5IJ48,C346T,0.9711,pathogenic,CRB2,346.0
Q5IJ48,C346V,0.9286,pathogenic,CRB2,346.0
Q5IJ48,C346W,0.8987,pathogenic,CRB2,346.0
Q5IJ48,C346Y,0.8712,pathogenic,CRB2,346.0
Q5IJ48,P347A,0.0683,benign,CRB2,347.0
Q5IJ48,P347C,0.5029,ambiguous,CRB2,347.0
Q5IJ48,P347D,0.3162,benign,CRB2,347.0
Q5IJ48,P347E,0.1699,benign,CRB2,347.0
Q5IJ48,P347F,0.2857,benign,CRB2,347.0
Q5IJ48,P347G,0.1914,benign,CRB2,347.0
Q5IJ48,P347H,0.1383,benign,CRB2,347.0
Q5IJ48,P347I,0.2006,benign,CRB2,347.0
Q5IJ48,P347K,0.1801,benign,CRB2,347.0
Q5IJ48,P347L,0.0667,benign,CRB2,347.0
Q5IJ48,P347M,0.2118,benign,CRB2,347.0
Q5IJ48,P347N,0.2903,benign,CRB2,347.0
Q5IJ48,P347Q,0.0961,benign,CRB2,347.0
Q5IJ48,P347R,0.0767,benign,CRB2,347.0
Q5IJ48,P347S,0.0975,benign,CRB2,347.0
Q5IJ48,P347T,0.0933,benign,CRB2,347.0
Q5IJ48,P347V,0.1382,benign,CRB2,347.0
Q5IJ48,P347W,0.2776,benign,CRB2,347.0
Q5IJ48,P347Y,0.3109,benign,CRB2,347.0
Q5IJ48,D348A,0.0704,benign,CRB2,348.0
Q5IJ48,D348C,0.5425,ambiguous,CRB2,348.0
Q5IJ48,D348E,0.1003,benign,CRB2,348.0
Q5IJ48,D348F,0.336,benign,CRB2,348.0
Q5IJ48,D348G,0.0926,benign,CRB2,348.0
Q5IJ48,D348H,0.1255,benign,CRB2,348.0
Q5IJ48,D348I,0.2014,benign,CRB2,348.0
Q5IJ48,D348K,0.1409,benign,CRB2,348.0
Q5IJ48,D348L,0.1614,benign,CRB2,348.0
Q5IJ48,D348M,0.3748,ambiguous,CRB2,348.0
Q5IJ48,D348N,0.0828,benign,CRB2,348.0
Q5IJ48,D348P,0.1782,benign,CRB2,348.0
Q5IJ48,D348Q,0.1345,benign,CRB2,348.0
Q5IJ48,D348R,0.1201,benign,CRB2,348.0
Q5IJ48,D348S,0.0762,benign,CRB2,348.0
Q5IJ48,D348T,0.1346,benign,CRB2,348.0
Q5IJ48,D348V,0.1139,benign,CRB2,348.0
Q5IJ48,D348W,0.5852,pathogenic,CRB2,348.0
Q5IJ48,D348Y,0.1412,benign,CRB2,348.0
Q5IJ48,G349A,0.3733,ambiguous,CRB2,349.0
Q5IJ48,G349C,0.7681,pathogenic,CRB2,349.0
Q5IJ48,G349D,0.5492,ambiguous,CRB2,349.0
Q5IJ48,G349E,0.6427,pathogenic,CRB2,349.0
Q5IJ48,G349F,0.8694,pathogenic,CRB2,349.0
Q5IJ48,G349H,0.706,pathogenic,CRB2,349.0
Q5IJ48,G349I,0.7595,pathogenic,CRB2,349.0
Q5IJ48,G349K,0.8074,pathogenic,CRB2,349.0
Q5IJ48,G349L,0.8199,pathogenic,CRB2,349.0
Q5IJ48,G349M,0.8889,pathogenic,CRB2,349.0
Q5IJ48,G349N,0.6568,pathogenic,CRB2,349.0
Q5IJ48,G349P,0.9358,pathogenic,CRB2,349.0
Q5IJ48,G349Q,0.7232,pathogenic,CRB2,349.0
Q5IJ48,G349R,0.5435,ambiguous,CRB2,349.0
Q5IJ48,G349S,0.2305,benign,CRB2,349.0
Q5IJ48,G349T,0.5254,ambiguous,CRB2,349.0
Q5IJ48,G349V,0.6735,pathogenic,CRB2,349.0
Q5IJ48,G349W,0.7116,pathogenic,CRB2,349.0
Q5IJ48,G349Y,0.7919,pathogenic,CRB2,349.0
Q5IJ48,Y350A,0.7731,pathogenic,CRB2,350.0
Q5IJ48,Y350C,0.6988,pathogenic,CRB2,350.0
Q5IJ48,Y350D,0.6018,pathogenic,CRB2,350.0
Q5IJ48,Y350E,0.8576,pathogenic,CRB2,350.0
Q5IJ48,Y350F,0.0782,benign,CRB2,350.0
Q5IJ48,Y350G,0.7456,pathogenic,CRB2,350.0
Q5IJ48,Y350H,0.3604,ambiguous,CRB2,350.0
Q5IJ48,Y350I,0.6978,pathogenic,CRB2,350.0
Q5IJ48,Y350K,0.8386,pathogenic,CRB2,350.0
Q5IJ48,Y350L,0.6527,pathogenic,CRB2,350.0
Q5IJ48,Y350M,0.7729,pathogenic,CRB2,350.0
Q5IJ48,Y350N,0.4662,ambiguous,CRB2,350.0
Q5IJ48,Y350P,0.9483,pathogenic,CRB2,350.0
Q5IJ48,Y350Q,0.7721,pathogenic,CRB2,350.0
Q5IJ48,Y350R,0.6758,pathogenic,CRB2,350.0
Q5IJ48,Y350S,0.484,ambiguous,CRB2,350.0
Q5IJ48,Y350T,0.7588,pathogenic,CRB2,350.0
Q5IJ48,Y350V,0.62,pathogenic,CRB2,350.0
Q5IJ48,Y350W,0.4175,ambiguous,CRB2,350.0
Q5IJ48,A351C,0.5289,ambiguous,CRB2,351.0
Q5IJ48,A351D,0.1586,benign,CRB2,351.0
Q5IJ48,A351E,0.1241,benign,CRB2,351.0
Q5IJ48,A351F,0.2098,benign,CRB2,351.0
Q5IJ48,A351G,0.1115,benign,CRB2,351.0
Q5IJ48,A351H,0.2394,benign,CRB2,351.0
Q5IJ48,A351I,0.1682,benign,CRB2,351.0
Q5IJ48,A351K,0.1863,benign,CRB2,351.0
Q5IJ48,A351L,0.1079,benign,CRB2,351.0
Q5IJ48,A351M,0.144,benign,CRB2,351.0
Q5IJ48,A351N,0.1849,benign,CRB2,351.0
Q5IJ48,A351P,0.3207,benign,CRB2,351.0
Q5IJ48,A351Q,0.1683,benign,CRB2,351.0
Q5IJ48,A351R,0.1228,benign,CRB2,351.0
Q5IJ48,A351S,0.0787,benign,CRB2,351.0
Q5IJ48,A351T,0.0637,benign,CRB2,351.0
Q5IJ48,A351V,0.0971,benign,CRB2,351.0
Q5IJ48,A351W,0.4196,ambiguous,CRB2,351.0
Q5IJ48,A351Y,0.3114,benign,CRB2,351.0
Q5IJ48,G352A,0.3974,ambiguous,CRB2,352.0
Q5IJ48,G352C,0.8692,pathogenic,CRB2,352.0
Q5IJ48,G352D,0.5029,ambiguous,CRB2,352.0
Q5IJ48,G352E,0.6321,pathogenic,CRB2,352.0
Q5IJ48,G352F,0.8392,pathogenic,CRB2,352.0
Q5IJ48,G352H,0.7477,pathogenic,CRB2,352.0
Q5IJ48,G352I,0.7732,pathogenic,CRB2,352.0
Q5IJ48,G352K,0.7508,pathogenic,CRB2,352.0
Q5IJ48,G352L,0.7124,pathogenic,CRB2,352.0
Q5IJ48,G352M,0.8403,pathogenic,CRB2,352.0
Q5IJ48,G352N,0.6362,pathogenic,CRB2,352.0
Q5IJ48,G352P,0.9238,pathogenic,CRB2,352.0
Q5IJ48,G352Q,0.719,pathogenic,CRB2,352.0
Q5IJ48,G352R,0.6333,pathogenic,CRB2,352.0
Q5IJ48,G352S,0.2219,benign,CRB2,352.0
Q5IJ48,G352T,0.5662,pathogenic,CRB2,352.0
Q5IJ48,G352V,0.6554,pathogenic,CRB2,352.0
Q5IJ48,G352W,0.7382,pathogenic,CRB2,352.0
Q5IJ48,G352Y,0.7975,pathogenic,CRB2,352.0
Q5IJ48,P353A,0.0676,benign,CRB2,353.0
Q5IJ48,P353C,0.4729,ambiguous,CRB2,353.0
Q5IJ48,P353D,0.186,benign,CRB2,353.0
Q5IJ48,P353E,0.1235,benign,CRB2,353.0
Q5IJ48,P353F,0.174,benign,CRB2,353.0
Q5IJ48,P353G,0.171,benign,CRB2,353.0
Q5IJ48,P353H,0.0982,benign,CRB2,353.0
Q5IJ48,P353I,0.1261,benign,CRB2,353.0
Q5IJ48,P353K,0.1471,benign,CRB2,353.0
Q5IJ48,P353L,0.0566,benign,CRB2,353.0
Q5IJ48,P353M,0.1536,benign,CRB2,353.0
Q5IJ48,P353N,0.1877,benign,CRB2,353.0
Q5IJ48,P353Q,0.079,benign,CRB2,353.0
Q5IJ48,P353R,0.0699,benign,CRB2,353.0
Q5IJ48,P353S,0.0857,benign,CRB2,353.0
Q5IJ48,P353T,0.0861,benign,CRB2,353.0
Q5IJ48,P353V,0.0981,benign,CRB2,353.0
Q5IJ48,P353W,0.2018,benign,CRB2,353.0
Q5IJ48,P353Y,0.2189,benign,CRB2,353.0
Q5IJ48,T354A,0.0651,benign,CRB2,354.0
Q5IJ48,T354C,0.6169,pathogenic,CRB2,354.0
Q5IJ48,T354D,0.2466,benign,CRB2,354.0
Q5IJ48,T354E,0.1885,benign,CRB2,354.0
Q5IJ48,T354F,0.1578,benign,CRB2,354.0
Q5IJ48,T354G,0.149,benign,CRB2,354.0
Q5IJ48,T354H,0.1703,benign,CRB2,354.0
Q5IJ48,T354I,0.1629,benign,CRB2,354.0
Q5IJ48,T354K,0.1205,benign,CRB2,354.0
Q5IJ48,T354L,0.0737,benign,CRB2,354.0
Q5IJ48,T354M,0.0933,benign,CRB2,354.0
Q5IJ48,T354N,0.1129,benign,CRB2,354.0
Q5IJ48,T354P,0.1433,benign,CRB2,354.0
Q5IJ48,T354Q,0.1391,benign,CRB2,354.0
Q5IJ48,T354R,0.0812,benign,CRB2,354.0
Q5IJ48,T354S,0.0893,benign,CRB2,354.0
Q5IJ48,T354V,0.1405,benign,CRB2,354.0
Q5IJ48,T354W,0.3726,ambiguous,CRB2,354.0
Q5IJ48,T354Y,0.2219,benign,CRB2,354.0
Q5IJ48,C355A,0.9427,pathogenic,CRB2,355.0
Q5IJ48,C355D,0.9879,pathogenic,CRB2,355.0
Q5IJ48,C355E,0.991,pathogenic,CRB2,355.0
Q5IJ48,C355F,0.9132,pathogenic,CRB2,355.0
Q5IJ48,C355G,0.7327,pathogenic,CRB2,355.0
Q5IJ48,C355H,0.9795,pathogenic,CRB2,355.0
Q5IJ48,C355I,0.9811,pathogenic,CRB2,355.0
Q5IJ48,C355K,0.9947,pathogenic,CRB2,355.0
Q5IJ48,C355L,0.9401,pathogenic,CRB2,355.0
Q5IJ48,C355M,0.9796,pathogenic,CRB2,355.0
Q5IJ48,C355N,0.9877,pathogenic,CRB2,355.0
Q5IJ48,C355P,0.9805,pathogenic,CRB2,355.0
Q5IJ48,C355Q,0.9871,pathogenic,CRB2,355.0
Q5IJ48,C355R,0.9181,pathogenic,CRB2,355.0
Q5IJ48,C355S,0.9375,pathogenic,CRB2,355.0
Q5IJ48,C355T,0.9786,pathogenic,CRB2,355.0
Q5IJ48,C355V,0.9618,pathogenic,CRB2,355.0
Q5IJ48,C355W,0.9124,pathogenic,CRB2,355.0
Q5IJ48,C355Y,0.9405,pathogenic,CRB2,355.0
Q5IJ48,E356A,0.1228,benign,CRB2,356.0
Q5IJ48,E356C,0.8557,pathogenic,CRB2,356.0
Q5IJ48,E356D,0.2151,benign,CRB2,356.0
Q5IJ48,E356F,0.7196,pathogenic,CRB2,356.0
Q5IJ48,E356G,0.1012,benign,CRB2,356.0
Q5IJ48,E356H,0.3415,ambiguous,CRB2,356.0
Q5IJ48,E356I,0.4362,ambiguous,CRB2,356.0
Q5IJ48,E356K,0.0909,benign,CRB2,356.0
Q5IJ48,E356L,0.2499,benign,CRB2,356.0
Q5IJ48,E356M,0.3407,ambiguous,CRB2,356.0
Q5IJ48,E356N,0.3395,benign,CRB2,356.0
Q5IJ48,E356P,0.5749,pathogenic,CRB2,356.0
Q5IJ48,E356Q,0.0677,benign,CRB2,356.0
Q5IJ48,E356R,0.1099,benign,CRB2,356.0
Q5IJ48,E356S,0.1706,benign,CRB2,356.0
Q5IJ48,E356T,0.193,benign,CRB2,356.0
Q5IJ48,E356V,0.2465,benign,CRB2,356.0
Q5IJ48,E356W,0.7182,pathogenic,CRB2,356.0
Q5IJ48,E356Y,0.5801,pathogenic,CRB2,356.0
Q5IJ48,E357A,0.1186,benign,CRB2,357.0
Q5IJ48,E357C,0.8979,pathogenic,CRB2,357.0
Q5IJ48,E357D,0.1654,benign,CRB2,357.0
Q5IJ48,E357F,0.633,pathogenic,CRB2,357.0
Q5IJ48,E357G,0.1433,benign,CRB2,357.0
Q5IJ48,E357H,0.3366,benign,CRB2,357.0
Q5IJ48,E357I,0.2764,benign,CRB2,357.0
Q5IJ48,E357K,0.0909,benign,CRB2,357.0
Q5IJ48,E357L,0.2775,benign,CRB2,357.0
Q5IJ48,E357M,0.3236,benign,CRB2,357.0
Q5IJ48,E357N,0.2552,benign,CRB2,357.0
Q5IJ48,E357P,0.758,pathogenic,CRB2,357.0
Q5IJ48,E357Q,0.0982,benign,CRB2,357.0
Q5IJ48,E357R,0.1281,benign,CRB2,357.0
Q5IJ48,E357S,0.1959,benign,CRB2,357.0
Q5IJ48,E357T,0.1729,benign,CRB2,357.0
Q5IJ48,E357V,0.1431,benign,CRB2,357.0
Q5IJ48,E357W,0.7641,pathogenic,CRB2,357.0
Q5IJ48,E357Y,0.5156,ambiguous,CRB2,357.0
Q5IJ48,D358A,0.2329,benign,CRB2,358.0
Q5IJ48,D358C,0.9122,pathogenic,CRB2,358.0
Q5IJ48,D358E,0.1476,benign,CRB2,358.0
Q5IJ48,D358F,0.7356,pathogenic,CRB2,358.0
Q5IJ48,D358G,0.2439,benign,CRB2,358.0
Q5IJ48,D358H,0.448,ambiguous,CRB2,358.0
Q5IJ48,D358I,0.4682,ambiguous,CRB2,358.0
Q5IJ48,D358K,0.4599,ambiguous,CRB2,358.0
Q5IJ48,D358L,0.4806,ambiguous,CRB2,358.0
Q5IJ48,D358M,0.6873,pathogenic,CRB2,358.0
Q5IJ48,D358N,0.1213,benign,CRB2,358.0
Q5IJ48,D358P,0.6648,pathogenic,CRB2,358.0
Q5IJ48,D358Q,0.4298,ambiguous,CRB2,358.0
Q5IJ48,D358R,0.4835,ambiguous,CRB2,358.0
Q5IJ48,D358S,0.2339,benign,CRB2,358.0
Q5IJ48,D358T,0.3649,ambiguous,CRB2,358.0
Q5IJ48,D358V,0.2753,benign,CRB2,358.0
Q5IJ48,D358W,0.9069,pathogenic,CRB2,358.0
Q5IJ48,D358Y,0.3355,benign,CRB2,358.0
Q5IJ48,V359A,0.1445,benign,CRB2,359.0
Q5IJ48,V359C,0.8675,pathogenic,CRB2,359.0
Q5IJ48,V359D,0.2805,benign,CRB2,359.0
Q5IJ48,V359E,0.1323,benign,CRB2,359.0
Q5IJ48,V359F,0.1685,benign,CRB2,359.0
Q5IJ48,V359G,0.1527,benign,CRB2,359.0
Q5IJ48,V359H,0.4851,ambiguous,CRB2,359.0
Q5IJ48,V359I,0.0831,benign,CRB2,359.0
Q5IJ48,V359K,0.1681,benign,CRB2,359.0
Q5IJ48,V359L,0.156,benign,CRB2,359.0
Q5IJ48,V359M,0.0953,benign,CRB2,359.0
Q5IJ48,V359N,0.3071,benign,CRB2,359.0
Q5IJ48,V359P,0.6071,pathogenic,CRB2,359.0
Q5IJ48,V359Q,0.1844,benign,CRB2,359.0
Q5IJ48,V359R,0.1209,benign,CRB2,359.0
Q5IJ48,V359S,0.2223,benign,CRB2,359.0
Q5IJ48,V359T,0.1371,benign,CRB2,359.0
Q5IJ48,V359W,0.557,ambiguous,CRB2,359.0
Q5IJ48,V359Y,0.5338,ambiguous,CRB2,359.0
Q5IJ48,D360A,0.2417,benign,CRB2,360.0
Q5IJ48,D360C,0.8739,pathogenic,CRB2,360.0
Q5IJ48,D360E,0.2957,benign,CRB2,360.0
Q5IJ48,D360F,0.7203,pathogenic,CRB2,360.0
Q5IJ48,D360G,0.2713,benign,CRB2,360.0
Q5IJ48,D360H,0.3542,ambiguous,CRB2,360.0
Q5IJ48,D360I,0.5192,ambiguous,CRB2,360.0
Q5IJ48,D360K,0.4869,ambiguous,CRB2,360.0
Q5IJ48,D360L,0.4545,ambiguous,CRB2,360.0
Q5IJ48,D360M,0.7098,pathogenic,CRB2,360.0
Q5IJ48,D360N,0.0938,benign,CRB2,360.0
Q5IJ48,D360P,0.5896,pathogenic,CRB2,360.0
Q5IJ48,D360Q,0.4247,ambiguous,CRB2,360.0
Q5IJ48,D360R,0.4142,ambiguous,CRB2,360.0
Q5IJ48,D360S,0.1517,benign,CRB2,360.0
Q5IJ48,D360T,0.3759,ambiguous,CRB2,360.0
Q5IJ48,D360V,0.3205,benign,CRB2,360.0
Q5IJ48,D360W,0.8719,pathogenic,CRB2,360.0
Q5IJ48,D360Y,0.3099,benign,CRB2,360.0
Q5IJ48,E361A,0.4299,ambiguous,CRB2,361.0
Q5IJ48,E361C,0.983,pathogenic,CRB2,361.0
Q5IJ48,E361D,0.2683,benign,CRB2,361.0
Q5IJ48,E361F,0.9238,pathogenic,CRB2,361.0
Q5IJ48,E361G,0.4569,ambiguous,CRB2,361.0
Q5IJ48,E361H,0.724,pathogenic,CRB2,361.0
Q5IJ48,E361I,0.8046,pathogenic,CRB2,361.0
Q5IJ48,E361K,0.2991,benign,CRB2,361.0
Q5IJ48,E361L,0.7802,pathogenic,CRB2,361.0
Q5IJ48,E361M,0.845,pathogenic,CRB2,361.0
Q5IJ48,E361N,0.5892,pathogenic,CRB2,361.0
Q5IJ48,E361P,0.7835,pathogenic,CRB2,361.0
Q5IJ48,E361Q,0.3355,benign,CRB2,361.0
Q5IJ48,E361R,0.4279,ambiguous,CRB2,361.0
Q5IJ48,E361S,0.5081,ambiguous,CRB2,361.0
Q5IJ48,E361T,0.6284,pathogenic,CRB2,361.0
Q5IJ48,E361V,0.6602,pathogenic,CRB2,361.0
Q5IJ48,E361W,0.9688,pathogenic,CRB2,361.0
Q5IJ48,E361Y,0.8742,pathogenic,CRB2,361.0
Q5IJ48,C362A,0.9481,pathogenic,CRB2,362.0
Q5IJ48,C362D,0.9675,pathogenic,CRB2,362.0
Q5IJ48,C362E,0.9815,pathogenic,CRB2,362.0
Q5IJ48,C362F,0.7869,pathogenic,CRB2,362.0
Q5IJ48,C362G,0.7689,pathogenic,CRB2,362.0
Q5IJ48,C362H,0.9553,pathogenic,CRB2,362.0
Q5IJ48,C362I,0.9401,pathogenic,CRB2,362.0
Q5IJ48,C362K,0.9896,pathogenic,CRB2,362.0
Q5IJ48,C362L,0.8878,pathogenic,CRB2,362.0
Q5IJ48,C362M,0.9596,pathogenic,CRB2,362.0
Q5IJ48,C362N,0.9628,pathogenic,CRB2,362.0
Q5IJ48,C362P,0.971,pathogenic,CRB2,362.0
Q5IJ48,C362Q,0.9814,pathogenic,CRB2,362.0
Q5IJ48,C362R,0.9179,pathogenic,CRB2,362.0
Q5IJ48,C362S,0.9465,pathogenic,CRB2,362.0
Q5IJ48,C362T,0.9714,pathogenic,CRB2,362.0
Q5IJ48,C362V,0.9269,pathogenic,CRB2,362.0
Q5IJ48,C362W,0.8867,pathogenic,CRB2,362.0
Q5IJ48,C362Y,0.8237,pathogenic,CRB2,362.0
Q5IJ48,L363A,0.1148,benign,CRB2,363.0
Q5IJ48,L363C,0.531,ambiguous,CRB2,363.0
Q5IJ48,L363D,0.3229,benign,CRB2,363.0
Q5IJ48,L363E,0.1368,benign,CRB2,363.0
Q5IJ48,L363F,0.1145,benign,CRB2,363.0
Q5IJ48,L363G,0.2192,benign,CRB2,363.0
Q5IJ48,L363H,0.1306,benign,CRB2,363.0
Q5IJ48,L363I,0.1187,benign,CRB2,363.0
Q5IJ48,L363K,0.1639,benign,CRB2,363.0
Q5IJ48,L363M,0.1535,benign,CRB2,363.0
Q5IJ48,L363N,0.2484,benign,CRB2,363.0
Q5IJ48,L363P,0.1737,benign,CRB2,363.0
Q5IJ48,L363Q,0.0751,benign,CRB2,363.0
Q5IJ48,L363R,0.0689,benign,CRB2,363.0
Q5IJ48,L363S,0.1334,benign,CRB2,363.0
Q5IJ48,L363T,0.1539,benign,CRB2,363.0
Q5IJ48,L363V,0.0938,benign,CRB2,363.0
Q5IJ48,L363W,0.1439,benign,CRB2,363.0
Q5IJ48,L363Y,0.2676,benign,CRB2,363.0
Q5IJ48,S364A,0.0917,benign,CRB2,364.0
Q5IJ48,S364C,0.4429,ambiguous,CRB2,364.0
Q5IJ48,S364D,0.3052,benign,CRB2,364.0
Q5IJ48,S364E,0.3583,ambiguous,CRB2,364.0
Q5IJ48,S364F,0.2377,benign,CRB2,364.0
Q5IJ48,S364G,0.1148,benign,CRB2,364.0
Q5IJ48,S364H,0.3364,benign,CRB2,364.0
Q5IJ48,S364I,0.32,benign,CRB2,364.0
Q5IJ48,S364K,0.5818,pathogenic,CRB2,364.0
Q5IJ48,S364L,0.1202,benign,CRB2,364.0
Q5IJ48,S364M,0.3142,benign,CRB2,364.0
Q5IJ48,S364N,0.2441,benign,CRB2,364.0
Q5IJ48,S364P,0.1325,benign,CRB2,364.0
Q5IJ48,S364Q,0.407,ambiguous,CRB2,364.0
Q5IJ48,S364R,0.4388,ambiguous,CRB2,364.0
Q5IJ48,S364T,0.1184,benign,CRB2,364.0
Q5IJ48,S364V,0.2849,benign,CRB2,364.0
Q5IJ48,S364W,0.2123,benign,CRB2,364.0
Q5IJ48,S364Y,0.2454,benign,CRB2,364.0
Q5IJ48,D365A,0.09,benign,CRB2,365.0
Q5IJ48,D365C,0.5184,ambiguous,CRB2,365.0
Q5IJ48,D365E,0.0845,benign,CRB2,365.0
Q5IJ48,D365F,0.297,benign,CRB2,365.0
Q5IJ48,D365G,0.0876,benign,CRB2,365.0
Q5IJ48,D365H,0.1072,benign,CRB2,365.0
Q5IJ48,D365I,0.2248,benign,CRB2,365.0
Q5IJ48,D365K,0.133,benign,CRB2,365.0
Q5IJ48,D365L,0.1578,benign,CRB2,365.0
Q5IJ48,D365M,0.353,ambiguous,CRB2,365.0
Q5IJ48,D365N,0.0884,benign,CRB2,365.0
Q5IJ48,D365P,0.2732,benign,CRB2,365.0
Q5IJ48,D365Q,0.105,benign,CRB2,365.0
Q5IJ48,D365R,0.116,benign,CRB2,365.0
Q5IJ48,D365S,0.0784,benign,CRB2,365.0
Q5IJ48,D365T,0.138,benign,CRB2,365.0
Q5IJ48,D365V,0.136,benign,CRB2,365.0
Q5IJ48,D365W,0.5031,ambiguous,CRB2,365.0
Q5IJ48,D365Y,0.1213,benign,CRB2,365.0
Q5IJ48,P366A,0.2374,benign,CRB2,366.0
Q5IJ48,P366C,0.8956,pathogenic,CRB2,366.0
Q5IJ48,P366D,0.8334,pathogenic,CRB2,366.0
Q5IJ48,P366E,0.6523,pathogenic,CRB2,366.0
Q5IJ48,P366F,0.7463,pathogenic,CRB2,366.0
Q5IJ48,P366G,0.7067,pathogenic,CRB2,366.0
Q5IJ48,P366H,0.4657,ambiguous,CRB2,366.0
Q5IJ48,P366I,0.4797,ambiguous,CRB2,366.0
Q5IJ48,P366K,0.6392,pathogenic,CRB2,366.0
Q5IJ48,P366L,0.3047,benign,CRB2,366.0
Q5IJ48,P366M,0.7186,pathogenic,CRB2,366.0
Q5IJ48,P366N,0.7975,pathogenic,CRB2,366.0
Q5IJ48,P366Q,0.4762,ambiguous,CRB2,366.0
Q5IJ48,P366R,0.3116,benign,CRB2,366.0
Q5IJ48,P366S,0.4238,ambiguous,CRB2,366.0
Q5IJ48,P366T,0.3008,benign,CRB2,366.0
Q5IJ48,P366V,0.3765,ambiguous,CRB2,366.0
Q5IJ48,P366W,0.8654,pathogenic,CRB2,366.0
Q5IJ48,P366Y,0.7877,pathogenic,CRB2,366.0
Q5IJ48,C367A,0.9538,pathogenic,CRB2,367.0
Q5IJ48,C367D,0.9873,pathogenic,CRB2,367.0
Q5IJ48,C367E,0.9907,pathogenic,CRB2,367.0
Q5IJ48,C367F,0.8486,pathogenic,CRB2,367.0
Q5IJ48,C367G,0.8468,pathogenic,CRB2,367.0
Q5IJ48,C367H,0.9685,pathogenic,CRB2,367.0
Q5IJ48,C367I,0.9668,pathogenic,CRB2,367.0
Q5IJ48,C367K,0.9946,pathogenic,CRB2,367.0
Q5IJ48,C367L,0.9107,pathogenic,CRB2,367.0
Q5IJ48,C367M,0.9837,pathogenic,CRB2,367.0
Q5IJ48,C367N,0.9878,pathogenic,CRB2,367.0
Q5IJ48,C367P,0.9538,pathogenic,CRB2,367.0
Q5IJ48,C367Q,0.9872,pathogenic,CRB2,367.0
Q5IJ48,C367R,0.9151,pathogenic,CRB2,367.0
Q5IJ48,C367S,0.9491,pathogenic,CRB2,367.0
Q5IJ48,C367T,0.9846,pathogenic,CRB2,367.0
Q5IJ48,C367V,0.9414,pathogenic,CRB2,367.0
Q5IJ48,C367W,0.9266,pathogenic,CRB2,367.0
Q5IJ48,C367Y,0.9164,pathogenic,CRB2,367.0
Q5IJ48,L368A,0.2124,benign,CRB2,368.0
Q5IJ48,L368C,0.6485,pathogenic,CRB2,368.0
Q5IJ48,L368D,0.5588,ambiguous,CRB2,368.0
Q5IJ48,L368E,0.181,benign,CRB2,368.0
Q5IJ48,L368F,0.1212,benign,CRB2,368.0
Q5IJ48,L368G,0.3961,ambiguous,CRB2,368.0
Q5IJ48,L368H,0.1506,benign,CRB2,368.0
Q5IJ48,L368I,0.1362,benign,CRB2,368.0
Q5IJ48,L368K,0.1891,benign,CRB2,368.0
Q5IJ48,L368M,0.187,benign,CRB2,368.0
Q5IJ48,L368N,0.4112,ambiguous,CRB2,368.0
Q5IJ48,L368P,0.3076,benign,CRB2,368.0
Q5IJ48,L368Q,0.0791,benign,CRB2,368.0
Q5IJ48,L368R,0.0726,benign,CRB2,368.0
Q5IJ48,L368S,0.2284,benign,CRB2,368.0
Q5IJ48,L368T,0.2444,benign,CRB2,368.0
Q5IJ48,L368V,0.1156,benign,CRB2,368.0
Q5IJ48,L368W,0.1662,benign,CRB2,368.0
Q5IJ48,L368Y,0.3097,benign,CRB2,368.0
Q5IJ48,H369A,0.4854,ambiguous,CRB2,369.0
Q5IJ48,H369C,0.5956,pathogenic,CRB2,369.0
Q5IJ48,H369D,0.4072,ambiguous,CRB2,369.0
Q5IJ48,H369E,0.4091,ambiguous,CRB2,369.0
Q5IJ48,H369F,0.4136,ambiguous,CRB2,369.0
Q5IJ48,H369G,0.3544,ambiguous,CRB2,369.0
Q5IJ48,H369I,0.7672,pathogenic,CRB2,369.0
Q5IJ48,H369K,0.4744,ambiguous,CRB2,369.0
Q5IJ48,H369L,0.255,benign,CRB2,369.0
Q5IJ48,H369M,0.7547,pathogenic,CRB2,369.0
Q5IJ48,H369N,0.1192,benign,CRB2,369.0
Q5IJ48,H369P,0.3294,benign,CRB2,369.0
Q5IJ48,H369Q,0.2912,benign,CRB2,369.0
Q5IJ48,H369R,0.1518,benign,CRB2,369.0
Q5IJ48,H369S,0.3308,benign,CRB2,369.0
Q5IJ48,H369T,0.6682,pathogenic,CRB2,369.0
Q5IJ48,H369V,0.6734,pathogenic,CRB2,369.0
Q5IJ48,H369W,0.3607,ambiguous,CRB2,369.0
Q5IJ48,H369Y,0.1354,benign,CRB2,369.0
Q5IJ48,G370A,0.2094,benign,CRB2,370.0
Q5IJ48,G370C,0.6153,pathogenic,CRB2,370.0
Q5IJ48,G370D,0.1433,benign,CRB2,370.0
Q5IJ48,G370E,0.1852,benign,CRB2,370.0
Q5IJ48,G370F,0.6862,pathogenic,CRB2,370.0
Q5IJ48,G370H,0.2763,benign,CRB2,370.0
Q5IJ48,G370I,0.6148,pathogenic,CRB2,370.0
Q5IJ48,G370K,0.3364,benign,CRB2,370.0
Q5IJ48,G370L,0.5163,ambiguous,CRB2,370.0
Q5IJ48,G370M,0.6331,pathogenic,CRB2,370.0
Q5IJ48,G370N,0.2713,benign,CRB2,370.0
Q5IJ48,G370P,0.8752,pathogenic,CRB2,370.0
Q5IJ48,G370Q,0.2148,benign,CRB2,370.0
Q5IJ48,G370R,0.1841,benign,CRB2,370.0
Q5IJ48,G370S,0.1183,benign,CRB2,370.0
Q5IJ48,G370T,0.3035,benign,CRB2,370.0
Q5IJ48,G370V,0.4757,ambiguous,CRB2,370.0
Q5IJ48,G370W,0.4018,ambiguous,CRB2,370.0
Q5IJ48,G370Y,0.5056,ambiguous,CRB2,370.0
Q5IJ48,G371A,0.168,benign,CRB2,371.0
Q5IJ48,G371C,0.7839,pathogenic,CRB2,371.0
Q5IJ48,G371D,0.7795,pathogenic,CRB2,371.0
Q5IJ48,G371E,0.7665,pathogenic,CRB2,371.0
Q5IJ48,G371F,0.926,pathogenic,CRB2,371.0
Q5IJ48,G371H,0.8748,pathogenic,CRB2,371.0
Q5IJ48,G371I,0.8526,pathogenic,CRB2,371.0
Q5IJ48,G371K,0.8978,pathogenic,CRB2,371.0
Q5IJ48,G371L,0.8311,pathogenic,CRB2,371.0
Q5IJ48,G371M,0.8677,pathogenic,CRB2,371.0
Q5IJ48,G371N,0.8076,pathogenic,CRB2,371.0
Q5IJ48,G371P,0.9683,pathogenic,CRB2,371.0
Q5IJ48,G371Q,0.8043,pathogenic,CRB2,371.0
Q5IJ48,G371R,0.7515,pathogenic,CRB2,371.0
Q5IJ48,G371S,0.1939,benign,CRB2,371.0
Q5IJ48,G371T,0.6214,pathogenic,CRB2,371.0
Q5IJ48,G371V,0.7185,pathogenic,CRB2,371.0
Q5IJ48,G371W,0.8586,pathogenic,CRB2,371.0
Q5IJ48,G371Y,0.8895,pathogenic,CRB2,371.0
Q5IJ48,T372A,0.0737,benign,CRB2,372.0
Q5IJ48,T372C,0.5422,ambiguous,CRB2,372.0
Q5IJ48,T372D,0.1737,benign,CRB2,372.0
Q5IJ48,T372E,0.1588,benign,CRB2,372.0
Q5IJ48,T372F,0.1227,benign,CRB2,372.0
Q5IJ48,T372G,0.1776,benign,CRB2,372.0
Q5IJ48,T372H,0.1381,benign,CRB2,372.0
Q5IJ48,T372I,0.0964,benign,CRB2,372.0
Q5IJ48,T372K,0.1386,benign,CRB2,372.0
Q5IJ48,T372L,0.0794,benign,CRB2,372.0
Q5IJ48,T372M,0.0973,benign,CRB2,372.0
Q5IJ48,T372N,0.0911,benign,CRB2,372.0
Q5IJ48,T372P,0.1515,benign,CRB2,372.0
Q5IJ48,T372Q,0.1359,benign,CRB2,372.0
Q5IJ48,T372R,0.092,benign,CRB2,372.0
Q5IJ48,T372S,0.0855,benign,CRB2,372.0
Q5IJ48,T372V,0.1011,benign,CRB2,372.0
Q5IJ48,T372W,0.3088,benign,CRB2,372.0
Q5IJ48,T372Y,0.1815,benign,CRB2,372.0
Q5IJ48,C373A,0.9255,pathogenic,CRB2,373.0
Q5IJ48,C373D,0.9862,pathogenic,CRB2,373.0
Q5IJ48,C373E,0.9888,pathogenic,CRB2,373.0
Q5IJ48,C373F,0.8512,pathogenic,CRB2,373.0
Q5IJ48,C373G,0.7722,pathogenic,CRB2,373.0
Q5IJ48,C373H,0.9665,pathogenic,CRB2,373.0
Q5IJ48,C373I,0.9547,pathogenic,CRB2,373.0
Q5IJ48,C373K,0.993,pathogenic,CRB2,373.0
Q5IJ48,C373L,0.9114,pathogenic,CRB2,373.0
Q5IJ48,C373M,0.9819,pathogenic,CRB2,373.0
Q5IJ48,C373N,0.9838,pathogenic,CRB2,373.0
Q5IJ48,C373P,0.9494,pathogenic,CRB2,373.0
Q5IJ48,C373Q,0.9834,pathogenic,CRB2,373.0
Q5IJ48,C373R,0.8859,pathogenic,CRB2,373.0
Q5IJ48,C373S,0.9306,pathogenic,CRB2,373.0
Q5IJ48,C373T,0.9729,pathogenic,CRB2,373.0
Q5IJ48,C373V,0.9222,pathogenic,CRB2,373.0
Q5IJ48,C373W,0.9092,pathogenic,CRB2,373.0
Q5IJ48,C373Y,0.9022,pathogenic,CRB2,373.0
Q5IJ48,S374A,0.0959,benign,CRB2,374.0
Q5IJ48,S374C,0.2613,benign,CRB2,374.0
Q5IJ48,S374D,0.0953,benign,CRB2,374.0
Q5IJ48,S374E,0.1205,benign,CRB2,374.0
Q5IJ48,S374F,0.1764,benign,CRB2,374.0
Q5IJ48,S374G,0.0872,benign,CRB2,374.0
Q5IJ48,S374H,0.1233,benign,CRB2,374.0
Q5IJ48,S374I,0.1155,benign,CRB2,374.0
Q5IJ48,S374K,0.2272,benign,CRB2,374.0
Q5IJ48,S374L,0.125,benign,CRB2,374.0
Q5IJ48,S374M,0.2177,benign,CRB2,374.0
Q5IJ48,S374N,0.0835,benign,CRB2,374.0
Q5IJ48,S374P,0.4524,ambiguous,CRB2,374.0
Q5IJ48,S374Q,0.1612,benign,CRB2,374.0
Q5IJ48,S374R,0.1447,benign,CRB2,374.0
Q5IJ48,S374T,0.0933,benign,CRB2,374.0
Q5IJ48,S374V,0.1529,benign,CRB2,374.0
Q5IJ48,S374W,0.1732,benign,CRB2,374.0
Q5IJ48,S374Y,0.1315,benign,CRB2,374.0
Q5IJ48,D375A,0.5241,ambiguous,CRB2,375.0
Q5IJ48,D375C,0.9575,pathogenic,CRB2,375.0
Q5IJ48,D375E,0.5562,ambiguous,CRB2,375.0
Q5IJ48,D375F,0.9036,pathogenic,CRB2,375.0
Q5IJ48,D375G,0.4112,ambiguous,CRB2,375.0
Q5IJ48,D375H,0.5533,ambiguous,CRB2,375.0
Q5IJ48,D375I,0.8114,pathogenic,CRB2,375.0
Q5IJ48,D375K,0.7008,pathogenic,CRB2,375.0
Q5IJ48,D375L,0.7774,pathogenic,CRB2,375.0
Q5IJ48,D375M,0.9258,pathogenic,CRB2,375.0
Q5IJ48,D375N,0.1263,benign,CRB2,375.0
Q5IJ48,D375P,0.8431,pathogenic,CRB2,375.0
Q5IJ48,D375Q,0.7001,pathogenic,CRB2,375.0
Q5IJ48,D375R,0.6577,pathogenic,CRB2,375.0
Q5IJ48,D375S,0.2578,benign,CRB2,375.0
Q5IJ48,D375T,0.6416,pathogenic,CRB2,375.0
Q5IJ48,D375V,0.6308,pathogenic,CRB2,375.0
Q5IJ48,D375W,0.9728,pathogenic,CRB2,375.0
Q5IJ48,D375Y,0.5413,ambiguous,CRB2,375.0
Q5IJ48,T376A,0.072,benign,CRB2,376.0
Q5IJ48,T376C,0.5608,ambiguous,CRB2,376.0
Q5IJ48,T376D,0.2393,benign,CRB2,376.0
Q5IJ48,T376E,0.1713,benign,CRB2,376.0
Q5IJ48,T376F,0.2036,benign,CRB2,376.0
Q5IJ48,T376G,0.1837,benign,CRB2,376.0
Q5IJ48,T376H,0.2075,benign,CRB2,376.0
Q5IJ48,T376I,0.1141,benign,CRB2,376.0
Q5IJ48,T376K,0.1392,benign,CRB2,376.0
Q5IJ48,T376L,0.082,benign,CRB2,376.0
Q5IJ48,T376M,0.0798,benign,CRB2,376.0
Q5IJ48,T376N,0.1246,benign,CRB2,376.0
Q5IJ48,T376P,0.1894,benign,CRB2,376.0
Q5IJ48,T376Q,0.1689,benign,CRB2,376.0
Q5IJ48,T376R,0.096,benign,CRB2,376.0
Q5IJ48,T376S,0.1071,benign,CRB2,376.0
Q5IJ48,T376V,0.1104,benign,CRB2,376.0
Q5IJ48,T376W,0.4273,ambiguous,CRB2,376.0
Q5IJ48,T376Y,0.2708,benign,CRB2,376.0
Q5IJ48,V377A,0.1079,benign,CRB2,377.0
Q5IJ48,V377C,0.884,pathogenic,CRB2,377.0
Q5IJ48,V377D,0.2602,benign,CRB2,377.0
Q5IJ48,V377E,0.14,benign,CRB2,377.0
Q5IJ48,V377F,0.1651,benign,CRB2,377.0
Q5IJ48,V377G,0.152,benign,CRB2,377.0
Q5IJ48,V377H,0.4722,ambiguous,CRB2,377.0
Q5IJ48,V377I,0.0925,benign,CRB2,377.0
Q5IJ48,V377K,0.1863,benign,CRB2,377.0
Q5IJ48,V377L,0.1544,benign,CRB2,377.0
Q5IJ48,V377M,0.111,benign,CRB2,377.0
Q5IJ48,V377N,0.2797,benign,CRB2,377.0
Q5IJ48,V377P,0.2498,benign,CRB2,377.0
Q5IJ48,V377Q,0.1801,benign,CRB2,377.0
Q5IJ48,V377R,0.1333,benign,CRB2,377.0
Q5IJ48,V377S,0.1848,benign,CRB2,377.0
Q5IJ48,V377T,0.1364,benign,CRB2,377.0
Q5IJ48,V377W,0.651,pathogenic,CRB2,377.0
Q5IJ48,V377Y,0.5548,ambiguous,CRB2,377.0
Q5IJ48,A378C,0.7567,pathogenic,CRB2,378.0
Q5IJ48,A378D,0.1975,benign,CRB2,378.0
Q5IJ48,A378E,0.2411,benign,CRB2,378.0
Q5IJ48,A378F,0.3737,ambiguous,CRB2,378.0
Q5IJ48,A378G,0.0918,benign,CRB2,378.0
Q5IJ48,A378H,0.4704,ambiguous,CRB2,378.0
Q5IJ48,A378I,0.5141,ambiguous,CRB2,378.0
Q5IJ48,A378K,0.4664,ambiguous,CRB2,378.0
Q5IJ48,A378L,0.2488,benign,CRB2,378.0
Q5IJ48,A378M,0.3414,ambiguous,CRB2,378.0
Q5IJ48,A378N,0.2392,benign,CRB2,378.0
Q5IJ48,A378P,0.4046,ambiguous,CRB2,378.0
Q5IJ48,A378Q,0.3358,benign,CRB2,378.0
Q5IJ48,A378R,0.2833,benign,CRB2,378.0
Q5IJ48,A378S,0.0928,benign,CRB2,378.0
Q5IJ48,A378T,0.1325,benign,CRB2,378.0
Q5IJ48,A378V,0.2342,benign,CRB2,378.0
Q5IJ48,A378W,0.6536,pathogenic,CRB2,378.0
Q5IJ48,A378Y,0.5074,ambiguous,CRB2,378.0
Q5IJ48,G379A,0.1214,benign,CRB2,379.0
Q5IJ48,G379C,0.4623,ambiguous,CRB2,379.0
Q5IJ48,G379D,0.1305,benign,CRB2,379.0
Q5IJ48,G379E,0.1928,benign,CRB2,379.0
Q5IJ48,G379F,0.6152,pathogenic,CRB2,379.0
Q5IJ48,G379H,0.2972,benign,CRB2,379.0
Q5IJ48,G379I,0.4747,ambiguous,CRB2,379.0
Q5IJ48,G379K,0.4172,ambiguous,CRB2,379.0
Q5IJ48,G379L,0.4818,ambiguous,CRB2,379.0
Q5IJ48,G379M,0.6009,pathogenic,CRB2,379.0
Q5IJ48,G379N,0.2406,benign,CRB2,379.0
Q5IJ48,G379P,0.9237,pathogenic,CRB2,379.0
Q5IJ48,G379Q,0.2739,benign,CRB2,379.0
Q5IJ48,G379R,0.2167,benign,CRB2,379.0
Q5IJ48,G379S,0.0765,benign,CRB2,379.0
Q5IJ48,G379T,0.1746,benign,CRB2,379.0
Q5IJ48,G379V,0.325,benign,CRB2,379.0
Q5IJ48,G379W,0.4037,ambiguous,CRB2,379.0
Q5IJ48,G379Y,0.4554,ambiguous,CRB2,379.0
Q5IJ48,Y380A,0.8228,pathogenic,CRB2,380.0
Q5IJ48,Y380C,0.7608,pathogenic,CRB2,380.0
Q5IJ48,Y380D,0.669,pathogenic,CRB2,380.0
Q5IJ48,Y380E,0.9055,pathogenic,CRB2,380.0
Q5IJ48,Y380F,0.1329,benign,CRB2,380.0
Q5IJ48,Y380G,0.7589,pathogenic,CRB2,380.0
Q5IJ48,Y380H,0.477,ambiguous,CRB2,380.0
Q5IJ48,Y380I,0.8255,pathogenic,CRB2,380.0
Q5IJ48,Y380K,0.9063,pathogenic,CRB2,380.0
Q5IJ48,Y380L,0.7816,pathogenic,CRB2,380.0
Q5IJ48,Y380M,0.8736,pathogenic,CRB2,380.0
Q5IJ48,Y380N,0.4934,ambiguous,CRB2,380.0
Q5IJ48,Y380P,0.9308,pathogenic,CRB2,380.0
Q5IJ48,Y380Q,0.8601,pathogenic,CRB2,380.0
Q5IJ48,Y380R,0.7732,pathogenic,CRB2,380.0
Q5IJ48,Y380S,0.5093,ambiguous,CRB2,380.0
Q5IJ48,Y380T,0.7977,pathogenic,CRB2,380.0
Q5IJ48,Y380V,0.7366,pathogenic,CRB2,380.0
Q5IJ48,Y380W,0.5039,ambiguous,CRB2,380.0
Q5IJ48,I381A,0.1614,benign,CRB2,381.0
Q5IJ48,I381C,0.6767,pathogenic,CRB2,381.0
Q5IJ48,I381D,0.2822,benign,CRB2,381.0
Q5IJ48,I381E,0.2579,benign,CRB2,381.0
Q5IJ48,I381F,0.1141,benign,CRB2,381.0
Q5IJ48,I381G,0.3654,ambiguous,CRB2,381.0
Q5IJ48,I381H,0.2097,benign,CRB2,381.0
Q5IJ48,I381K,0.2391,benign,CRB2,381.0
Q5IJ48,I381L,0.0929,benign,CRB2,381.0
Q5IJ48,I381M,0.1294,benign,CRB2,381.0
Q5IJ48,I381N,0.1289,benign,CRB2,381.0
Q5IJ48,I381P,0.6115,pathogenic,CRB2,381.0
Q5IJ48,I381Q,0.2196,benign,CRB2,381.0
Q5IJ48,I381R,0.1244,benign,CRB2,381.0
Q5IJ48,I381S,0.1133,benign,CRB2,381.0
Q5IJ48,I381T,0.1066,benign,CRB2,381.0
Q5IJ48,I381V,0.0833,benign,CRB2,381.0
Q5IJ48,I381W,0.5319,ambiguous,CRB2,381.0
Q5IJ48,I381Y,0.2918,benign,CRB2,381.0
Q5IJ48,C382A,0.9629,pathogenic,CRB2,382.0
Q5IJ48,C382D,0.992,pathogenic,CRB2,382.0
Q5IJ48,C382E,0.994,pathogenic,CRB2,382.0
Q5IJ48,C382F,0.8653,pathogenic,CRB2,382.0
Q5IJ48,C382G,0.8138,pathogenic,CRB2,382.0
Q5IJ48,C382H,0.9732,pathogenic,CRB2,382.0
Q5IJ48,C382I,0.9671,pathogenic,CRB2,382.0
Q5IJ48,C382K,0.9963,pathogenic,CRB2,382.0
Q5IJ48,C382L,0.9128,pathogenic,CRB2,382.0
Q5IJ48,C382M,0.9899,pathogenic,CRB2,382.0
Q5IJ48,C382N,0.9877,pathogenic,CRB2,382.0
Q5IJ48,C382P,0.9626,pathogenic,CRB2,382.0
Q5IJ48,C382Q,0.9875,pathogenic,CRB2,382.0
Q5IJ48,C382R,0.9226,pathogenic,CRB2,382.0
Q5IJ48,C382S,0.9415,pathogenic,CRB2,382.0
Q5IJ48,C382T,0.9802,pathogenic,CRB2,382.0
Q5IJ48,C382V,0.9548,pathogenic,CRB2,382.0
Q5IJ48,C382W,0.9164,pathogenic,CRB2,382.0
Q5IJ48,C382Y,0.9212,pathogenic,CRB2,382.0
Q5IJ48,R383A,0.1628,benign,CRB2,383.0
Q5IJ48,R383C,0.179,benign,CRB2,383.0
Q5IJ48,R383D,0.2319,benign,CRB2,383.0
Q5IJ48,R383E,0.1519,benign,CRB2,383.0
Q5IJ48,R383F,0.1989,benign,CRB2,383.0
Q5IJ48,R383G,0.099,benign,CRB2,383.0
Q5IJ48,R383H,0.0609,benign,CRB2,383.0
Q5IJ48,R383I,0.1441,benign,CRB2,383.0
Q5IJ48,R383K,0.1472,benign,CRB2,383.0
Q5IJ48,R383L,0.0874,benign,CRB2,383.0
Q5IJ48,R383M,0.2003,benign,CRB2,383.0
Q5IJ48,R383N,0.2201,benign,CRB2,383.0
Q5IJ48,R383P,0.3376,benign,CRB2,383.0
Q5IJ48,R383Q,0.0702,benign,CRB2,383.0
Q5IJ48,R383S,0.138,benign,CRB2,383.0
Q5IJ48,R383T,0.1111,benign,CRB2,383.0
Q5IJ48,R383V,0.1726,benign,CRB2,383.0
Q5IJ48,R383W,0.0572,benign,CRB2,383.0
Q5IJ48,R383Y,0.148,benign,CRB2,383.0
Q5IJ48,C384A,0.9544,pathogenic,CRB2,384.0
Q5IJ48,C384D,0.9777,pathogenic,CRB2,384.0
Q5IJ48,C384E,0.9861,pathogenic,CRB2,384.0
Q5IJ48,C384F,0.7984,pathogenic,CRB2,384.0
Q5IJ48,C384G,0.7701,pathogenic,CRB2,384.0
Q5IJ48,C384H,0.9578,pathogenic,CRB2,384.0
Q5IJ48,C384I,0.9483,pathogenic,CRB2,384.0
Q5IJ48,C384K,0.9908,pathogenic,CRB2,384.0
Q5IJ48,C384L,0.885,pathogenic,CRB2,384.0
Q5IJ48,C384M,0.9695,pathogenic,CRB2,384.0
Q5IJ48,C384N,0.9706,pathogenic,CRB2,384.0
Q5IJ48,C384P,0.9177,pathogenic,CRB2,384.0
Q5IJ48,C384Q,0.9803,pathogenic,CRB2,384.0
Q5IJ48,C384R,0.9267,pathogenic,CRB2,384.0
Q5IJ48,C384S,0.9411,pathogenic,CRB2,384.0
Q5IJ48,C384T,0.9787,pathogenic,CRB2,384.0
Q5IJ48,C384V,0.9417,pathogenic,CRB2,384.0
Q5IJ48,C384W,0.8936,pathogenic,CRB2,384.0
Q5IJ48,C384Y,0.8512,pathogenic,CRB2,384.0
Q5IJ48,P385A,0.0761,benign,CRB2,385.0
Q5IJ48,P385C,0.6635,pathogenic,CRB2,385.0
Q5IJ48,P385D,0.3283,benign,CRB2,385.0
Q5IJ48,P385E,0.1708,benign,CRB2,385.0
Q5IJ48,P385F,0.3972,ambiguous,CRB2,385.0
Q5IJ48,P385G,0.2131,benign,CRB2,385.0
Q5IJ48,P385H,0.1832,benign,CRB2,385.0
Q5IJ48,P385I,0.3155,benign,CRB2,385.0
Q5IJ48,P385K,0.2287,benign,CRB2,385.0
Q5IJ48,P385L,0.0892,benign,CRB2,385.0
Q5IJ48,P385M,0.2732,benign,CRB2,385.0
Q5IJ48,P385N,0.3302,benign,CRB2,385.0
Q5IJ48,P385Q,0.1146,benign,CRB2,385.0
Q5IJ48,P385R,0.1048,benign,CRB2,385.0
Q5IJ48,P385S,0.1014,benign,CRB2,385.0
Q5IJ48,P385T,0.1057,benign,CRB2,385.0
Q5IJ48,P385V,0.2034,benign,CRB2,385.0
Q5IJ48,P385W,0.4008,ambiguous,CRB2,385.0
Q5IJ48,P385Y,0.4523,ambiguous,CRB2,385.0
Q5IJ48,E386A,0.1021,benign,CRB2,386.0
Q5IJ48,E386C,0.8462,pathogenic,CRB2,386.0
Q5IJ48,E386D,0.1007,benign,CRB2,386.0
Q5IJ48,E386F,0.6406,pathogenic,CRB2,386.0
Q5IJ48,E386G,0.0992,benign,CRB2,386.0
Q5IJ48,E386H,0.2793,benign,CRB2,386.0
Q5IJ48,E386I,0.3799,ambiguous,CRB2,386.0
Q5IJ48,E386K,0.0911,benign,CRB2,386.0
Q5IJ48,E386L,0.2809,benign,CRB2,386.0
Q5IJ48,E386M,0.3942,ambiguous,CRB2,386.0
Q5IJ48,E386N,0.2043,benign,CRB2,386.0
Q5IJ48,E386P,0.1839,benign,CRB2,386.0
Q5IJ48,E386Q,0.0936,benign,CRB2,386.0
Q5IJ48,E386R,0.1151,benign,CRB2,386.0
Q5IJ48,E386S,0.1447,benign,CRB2,386.0
Q5IJ48,E386T,0.1926,benign,CRB2,386.0
Q5IJ48,E386V,0.1966,benign,CRB2,386.0
Q5IJ48,E386W,0.6751,pathogenic,CRB2,386.0
Q5IJ48,E386Y,0.4778,ambiguous,CRB2,386.0
Q5IJ48,T387A,0.0554,benign,CRB2,387.0
Q5IJ48,T387C,0.566,pathogenic,CRB2,387.0
Q5IJ48,T387D,0.0901,benign,CRB2,387.0
Q5IJ48,T387E,0.1028,benign,CRB2,387.0
Q5IJ48,T387F,0.1418,benign,CRB2,387.0
Q5IJ48,T387G,0.0994,benign,CRB2,387.0
Q5IJ48,T387H,0.1343,benign,CRB2,387.0
Q5IJ48,T387I,0.0982,benign,CRB2,387.0
Q5IJ48,T387K,0.1161,benign,CRB2,387.0
Q5IJ48,T387L,0.0749,benign,CRB2,387.0
Q5IJ48,T387M,0.0842,benign,CRB2,387.0
Q5IJ48,T387N,0.0595,benign,CRB2,387.0
Q5IJ48,T387P,0.055,benign,CRB2,387.0
Q5IJ48,T387Q,0.1112,benign,CRB2,387.0
Q5IJ48,T387R,0.0926,benign,CRB2,387.0
Q5IJ48,T387S,0.0669,benign,CRB2,387.0
Q5IJ48,T387V,0.0943,benign,CRB2,387.0
Q5IJ48,T387W,0.3386,benign,CRB2,387.0
Q5IJ48,T387Y,0.1713,benign,CRB2,387.0
Q5IJ48,W388A,0.4843,ambiguous,CRB2,388.0
Q5IJ48,W388C,0.9603,pathogenic,CRB2,388.0
Q5IJ48,W388D,0.8517,pathogenic,CRB2,388.0
Q5IJ48,W388E,0.7516,pathogenic,CRB2,388.0
Q5IJ48,W388F,0.2868,benign,CRB2,388.0
Q5IJ48,W388G,0.3916,ambiguous,CRB2,388.0
Q5IJ48,W388H,0.6993,pathogenic,CRB2,388.0
Q5IJ48,W388I,0.8371,pathogenic,CRB2,388.0
Q5IJ48,W388K,0.8738,pathogenic,CRB2,388.0
Q5IJ48,W388L,0.6237,pathogenic,CRB2,388.0
Q5IJ48,W388M,0.8238,pathogenic,CRB2,388.0
Q5IJ48,W388N,0.8553,pathogenic,CRB2,388.0
Q5IJ48,W388P,0.9515,pathogenic,CRB2,388.0
Q5IJ48,W388Q,0.7774,pathogenic,CRB2,388.0
Q5IJ48,W388R,0.717,pathogenic,CRB2,388.0
Q5IJ48,W388S,0.3584,ambiguous,CRB2,388.0
Q5IJ48,W388T,0.5346,ambiguous,CRB2,388.0
Q5IJ48,W388V,0.675,pathogenic,CRB2,388.0
Q5IJ48,W388Y,0.4703,ambiguous,CRB2,388.0
Q5IJ48,G389A,0.2264,benign,CRB2,389.0
Q5IJ48,G389C,0.8972,pathogenic,CRB2,389.0
Q5IJ48,G389D,0.5802,pathogenic,CRB2,389.0
Q5IJ48,G389E,0.5219,ambiguous,CRB2,389.0
Q5IJ48,G389F,0.8819,pathogenic,CRB2,389.0
Q5IJ48,G389H,0.8011,pathogenic,CRB2,389.0
Q5IJ48,G389I,0.7214,pathogenic,CRB2,389.0
Q5IJ48,G389K,0.7812,pathogenic,CRB2,389.0
Q5IJ48,G389L,0.768,pathogenic,CRB2,389.0
Q5IJ48,G389M,0.8244,pathogenic,CRB2,389.0
Q5IJ48,G389N,0.741,pathogenic,CRB2,389.0
Q5IJ48,G389P,0.9704,pathogenic,CRB2,389.0
Q5IJ48,G389Q,0.6712,pathogenic,CRB2,389.0
Q5IJ48,G389R,0.6498,pathogenic,CRB2,389.0
Q5IJ48,G389S,0.2352,benign,CRB2,389.0
Q5IJ48,G389T,0.5054,ambiguous,CRB2,389.0
Q5IJ48,G389V,0.6036,pathogenic,CRB2,389.0
Q5IJ48,G389W,0.779,pathogenic,CRB2,389.0
Q5IJ48,G389Y,0.7999,pathogenic,CRB2,389.0
Q5IJ48,G390A,0.5339,ambiguous,CRB2,390.0
Q5IJ48,G390C,0.874,pathogenic,CRB2,390.0
Q5IJ48,G390D,0.4906,ambiguous,CRB2,390.0
Q5IJ48,G390E,0.6207,pathogenic,CRB2,390.0
Q5IJ48,G390F,0.875,pathogenic,CRB2,390.0
Q5IJ48,G390H,0.7597,pathogenic,CRB2,390.0
Q5IJ48,G390I,0.8492,pathogenic,CRB2,390.0
Q5IJ48,G390K,0.8178,pathogenic,CRB2,390.0
Q5IJ48,G390L,0.8293,pathogenic,CRB2,390.0
Q5IJ48,G390M,0.8979,pathogenic,CRB2,390.0
Q5IJ48,G390N,0.665,pathogenic,CRB2,390.0
Q5IJ48,G390P,0.9475,pathogenic,CRB2,390.0
Q5IJ48,G390Q,0.7029,pathogenic,CRB2,390.0
Q5IJ48,G390R,0.6376,pathogenic,CRB2,390.0
Q5IJ48,G390S,0.2364,benign,CRB2,390.0
Q5IJ48,G390T,0.6787,pathogenic,CRB2,390.0
Q5IJ48,G390V,0.7824,pathogenic,CRB2,390.0
Q5IJ48,G390W,0.755,pathogenic,CRB2,390.0
Q5IJ48,G390Y,0.8246,pathogenic,CRB2,390.0
Q5IJ48,R391A,0.1248,benign,CRB2,391.0
Q5IJ48,R391C,0.1781,benign,CRB2,391.0
Q5IJ48,R391D,0.1665,benign,CRB2,391.0
Q5IJ48,R391E,0.1333,benign,CRB2,391.0
Q5IJ48,R391F,0.2062,benign,CRB2,391.0
Q5IJ48,R391G,0.1016,benign,CRB2,391.0
Q5IJ48,R391H,0.0615,benign,CRB2,391.0
Q5IJ48,R391I,0.1536,benign,CRB2,391.0
Q5IJ48,R391K,0.1232,benign,CRB2,391.0
Q5IJ48,R391L,0.0872,benign,CRB2,391.0
Q5IJ48,R391M,0.2026,benign,CRB2,391.0
Q5IJ48,R391N,0.1703,benign,CRB2,391.0
Q5IJ48,R391P,0.0807,benign,CRB2,391.0
Q5IJ48,R391Q,0.0735,benign,CRB2,391.0
Q5IJ48,R391S,0.1354,benign,CRB2,391.0
Q5IJ48,R391T,0.12,benign,CRB2,391.0
Q5IJ48,R391V,0.1649,benign,CRB2,391.0
Q5IJ48,R391W,0.0912,benign,CRB2,391.0
Q5IJ48,R391Y,0.1477,benign,CRB2,391.0
Q5IJ48,D392A,0.2818,benign,CRB2,392.0
Q5IJ48,D392C,0.8817,pathogenic,CRB2,392.0
Q5IJ48,D392E,0.3316,benign,CRB2,392.0
Q5IJ48,D392F,0.6123,pathogenic,CRB2,392.0
Q5IJ48,D392G,0.2589,benign,CRB2,392.0
Q5IJ48,D392H,0.3188,benign,CRB2,392.0
Q5IJ48,D392I,0.5578,ambiguous,CRB2,392.0
Q5IJ48,D392K,0.5523,ambiguous,CRB2,392.0
Q5IJ48,D392L,0.449,ambiguous,CRB2,392.0
Q5IJ48,D392M,0.7657,pathogenic,CRB2,392.0
Q5IJ48,D392N,0.108,benign,CRB2,392.0
Q5IJ48,D392P,0.7402,pathogenic,CRB2,392.0
Q5IJ48,D392Q,0.4557,ambiguous,CRB2,392.0
Q5IJ48,D392R,0.4598,ambiguous,CRB2,392.0
Q5IJ48,D392S,0.1865,benign,CRB2,392.0
Q5IJ48,D392T,0.3353,benign,CRB2,392.0
Q5IJ48,D392V,0.3813,ambiguous,CRB2,392.0
Q5IJ48,D392W,0.8703,pathogenic,CRB2,392.0
Q5IJ48,D392Y,0.2755,benign,CRB2,392.0
Q5IJ48,C393A,0.971,pathogenic,CRB2,393.0
Q5IJ48,C393D,0.991,pathogenic,CRB2,393.0
Q5IJ48,C393E,0.9954,pathogenic,CRB2,393.0
Q5IJ48,C393F,0.9349,pathogenic,CRB2,393.0
Q5IJ48,C393G,0.8113,pathogenic,CRB2,393.0
Q5IJ48,C393H,0.9838,pathogenic,CRB2,393.0
Q5IJ48,C393I,0.9884,pathogenic,CRB2,393.0
Q5IJ48,C393K,0.997,pathogenic,CRB2,393.0
Q5IJ48,C393L,0.9611,pathogenic,CRB2,393.0
Q5IJ48,C393M,0.9922,pathogenic,CRB2,393.0
Q5IJ48,C393N,0.9882,pathogenic,CRB2,393.0
Q5IJ48,C393P,0.9875,pathogenic,CRB2,393.0
Q5IJ48,C393Q,0.9933,pathogenic,CRB2,393.0
Q5IJ48,C393R,0.9425,pathogenic,CRB2,393.0
Q5IJ48,C393S,0.9664,pathogenic,CRB2,393.0
Q5IJ48,C393T,0.9878,pathogenic,CRB2,393.0
Q5IJ48,C393V,0.9817,pathogenic,CRB2,393.0
Q5IJ48,C393W,0.9644,pathogenic,CRB2,393.0
Q5IJ48,C393Y,0.9524,pathogenic,CRB2,393.0
Q5IJ48,S394A,0.1167,benign,CRB2,394.0
Q5IJ48,S394C,0.5785,pathogenic,CRB2,394.0
Q5IJ48,S394D,0.3529,ambiguous,CRB2,394.0
Q5IJ48,S394E,0.441,ambiguous,CRB2,394.0
Q5IJ48,S394F,0.3308,benign,CRB2,394.0
Q5IJ48,S394G,0.1471,benign,CRB2,394.0
Q5IJ48,S394H,0.4204,ambiguous,CRB2,394.0
Q5IJ48,S394I,0.4865,ambiguous,CRB2,394.0
Q5IJ48,S394K,0.7384,pathogenic,CRB2,394.0
Q5IJ48,S394L,0.1947,benign,CRB2,394.0
Q5IJ48,S394M,0.4067,ambiguous,CRB2,394.0
Q5IJ48,S394N,0.2981,benign,CRB2,394.0
Q5IJ48,S394P,0.6283,pathogenic,CRB2,394.0
Q5IJ48,S394Q,0.5064,ambiguous,CRB2,394.0
Q5IJ48,S394R,0.5499,ambiguous,CRB2,394.0
Q5IJ48,S394T,0.1376,benign,CRB2,394.0
Q5IJ48,S394V,0.4322,ambiguous,CRB2,394.0
Q5IJ48,S394W,0.3932,ambiguous,CRB2,394.0
Q5IJ48,S394Y,0.3574,ambiguous,CRB2,394.0
Q5IJ48,V395A,0.2665,benign,CRB2,395.0
Q5IJ48,V395C,0.9303,pathogenic,CRB2,395.0
Q5IJ48,V395D,0.4315,ambiguous,CRB2,395.0
Q5IJ48,V395E,0.1893,benign,CRB2,395.0
Q5IJ48,V395F,0.1847,benign,CRB2,395.0
Q5IJ48,V395G,0.3677,ambiguous,CRB2,395.0
Q5IJ48,V395H,0.5644,pathogenic,CRB2,395.0
Q5IJ48,V395I,0.091,benign,CRB2,395.0
Q5IJ48,V395K,0.3371,benign,CRB2,395.0
Q5IJ48,V395L,0.2068,benign,CRB2,395.0
Q5IJ48,V395M,0.1633,benign,CRB2,395.0
Q5IJ48,V395N,0.4247,ambiguous,CRB2,395.0
Q5IJ48,V395P,0.8548,pathogenic,CRB2,395.0
Q5IJ48,V395Q,0.2258,benign,CRB2,395.0
Q5IJ48,V395R,0.2263,benign,CRB2,395.0
Q5IJ48,V395S,0.32,benign,CRB2,395.0
Q5IJ48,V395T,0.2375,benign,CRB2,395.0
Q5IJ48,V395W,0.7909,pathogenic,CRB2,395.0
Q5IJ48,V395Y,0.6155,pathogenic,CRB2,395.0
Q5IJ48,Q396A,0.1366,benign,CRB2,396.0
Q5IJ48,Q396C,0.6372,pathogenic,CRB2,396.0
Q5IJ48,Q396D,0.358,ambiguous,CRB2,396.0
Q5IJ48,Q396E,0.0843,benign,CRB2,396.0
Q5IJ48,Q396F,0.475,ambiguous,CRB2,396.0
Q5IJ48,Q396G,0.2401,benign,CRB2,396.0
Q5IJ48,Q396H,0.1879,benign,CRB2,396.0
Q5IJ48,Q396I,0.2849,benign,CRB2,396.0
Q5IJ48,Q396K,0.102,benign,CRB2,396.0
Q5IJ48,Q396L,0.0886,benign,CRB2,396.0
Q5IJ48,Q396M,0.2778,benign,CRB2,396.0
Q5IJ48,Q396N,0.3295,benign,CRB2,396.0
Q5IJ48,Q396P,0.0682,benign,CRB2,396.0
Q5IJ48,Q396R,0.0734,benign,CRB2,396.0
Q5IJ48,Q396S,0.1815,benign,CRB2,396.0
Q5IJ48,Q396T,0.1792,benign,CRB2,396.0
Q5IJ48,Q396V,0.1821,benign,CRB2,396.0
Q5IJ48,Q396W,0.2603,benign,CRB2,396.0
Q5IJ48,Q396Y,0.3562,ambiguous,CRB2,396.0
Q5IJ48,L397A,0.7642,pathogenic,CRB2,397.0
Q5IJ48,L397C,0.9602,pathogenic,CRB2,397.0
Q5IJ48,L397D,0.9567,pathogenic,CRB2,397.0
Q5IJ48,L397E,0.7794,pathogenic,CRB2,397.0
Q5IJ48,L397F,0.5973,pathogenic,CRB2,397.0
Q5IJ48,L397G,0.8626,pathogenic,CRB2,397.0
Q5IJ48,L397H,0.7513,pathogenic,CRB2,397.0
Q5IJ48,L397I,0.4037,ambiguous,CRB2,397.0
Q5IJ48,L397K,0.6628,pathogenic,CRB2,397.0
Q5IJ48,L397M,0.3289,benign,CRB2,397.0
Q5IJ48,L397N,0.8546,pathogenic,CRB2,397.0
Q5IJ48,L397P,0.7914,pathogenic,CRB2,397.0
Q5IJ48,L397Q,0.5155,ambiguous,CRB2,397.0
Q5IJ48,L397R,0.4342,ambiguous,CRB2,397.0
Q5IJ48,L397S,0.8857,pathogenic,CRB2,397.0
Q5IJ48,L397T,0.8197,pathogenic,CRB2,397.0
Q5IJ48,L397V,0.3759,ambiguous,CRB2,397.0
Q5IJ48,L397W,0.7127,pathogenic,CRB2,397.0
Q5IJ48,L397Y,0.8203,pathogenic,CRB2,397.0
Q5IJ48,T398A,0.0981,benign,CRB2,398.0
Q5IJ48,T398C,0.7232,pathogenic,CRB2,398.0
Q5IJ48,T398D,0.293,benign,CRB2,398.0
Q5IJ48,T398E,0.2004,benign,CRB2,398.0
Q5IJ48,T398F,0.2418,benign,CRB2,398.0
Q5IJ48,T398G,0.2673,benign,CRB2,398.0
Q5IJ48,T398H,0.2241,benign,CRB2,398.0
Q5IJ48,T398I,0.1521,benign,CRB2,398.0
Q5IJ48,T398K,0.1773,benign,CRB2,398.0
Q5IJ48,T398L,0.1042,benign,CRB2,398.0
Q5IJ48,T398M,0.112,benign,CRB2,398.0
Q5IJ48,T398N,0.1475,benign,CRB2,398.0
Q5IJ48,T398P,0.1591,benign,CRB2,398.0
Q5IJ48,T398Q,0.1853,benign,CRB2,398.0
Q5IJ48,T398R,0.1158,benign,CRB2,398.0
Q5IJ48,T398S,0.1161,benign,CRB2,398.0
Q5IJ48,T398V,0.1544,benign,CRB2,398.0
Q5IJ48,T398W,0.4134,ambiguous,CRB2,398.0
Q5IJ48,T398Y,0.3107,benign,CRB2,398.0
Q5IJ48,G399A,0.288,benign,CRB2,399.0
Q5IJ48,G399C,0.8667,pathogenic,CRB2,399.0
Q5IJ48,G399D,0.6144,pathogenic,CRB2,399.0
Q5IJ48,G399E,0.6868,pathogenic,CRB2,399.0
Q5IJ48,G399F,0.9129,pathogenic,CRB2,399.0
Q5IJ48,G399H,0.8397,pathogenic,CRB2,399.0
Q5IJ48,G399I,0.8089,pathogenic,CRB2,399.0
Q5IJ48,G399K,0.9013,pathogenic,CRB2,399.0
Q5IJ48,G399L,0.8155,pathogenic,CRB2,399.0
Q5IJ48,G399M,0.913,pathogenic,CRB2,399.0
Q5IJ48,G399N,0.75,pathogenic,CRB2,399.0
Q5IJ48,G399P,0.8919,pathogenic,CRB2,399.0
Q5IJ48,G399Q,0.8173,pathogenic,CRB2,399.0
Q5IJ48,G399R,0.73,pathogenic,CRB2,399.0
Q5IJ48,G399S,0.2188,benign,CRB2,399.0
Q5IJ48,G399T,0.5732,pathogenic,CRB2,399.0
Q5IJ48,G399V,0.6616,pathogenic,CRB2,399.0
Q5IJ48,G399W,0.8354,pathogenic,CRB2,399.0
Q5IJ48,G399Y,0.868,pathogenic,CRB2,399.0
Q5IJ48,C400A,0.953,pathogenic,CRB2,400.0
Q5IJ48,C400D,0.9739,pathogenic,CRB2,400.0
Q5IJ48,C400E,0.9813,pathogenic,CRB2,400.0
Q5IJ48,C400F,0.7939,pathogenic,CRB2,400.0
Q5IJ48,C400G,0.8123,pathogenic,CRB2,400.0
Q5IJ48,C400H,0.9492,pathogenic,CRB2,400.0
Q5IJ48,C400I,0.9467,pathogenic,CRB2,400.0
Q5IJ48,C400K,0.9895,pathogenic,CRB2,400.0
Q5IJ48,C400L,0.9031,pathogenic,CRB2,400.0
Q5IJ48,C400M,0.9627,pathogenic,CRB2,400.0
Q5IJ48,C400N,0.9661,pathogenic,CRB2,400.0
Q5IJ48,C400P,0.9574,pathogenic,CRB2,400.0
Q5IJ48,C400Q,0.9733,pathogenic,CRB2,400.0
Q5IJ48,C400R,0.9002,pathogenic,CRB2,400.0
Q5IJ48,C400S,0.9254,pathogenic,CRB2,400.0
Q5IJ48,C400T,0.9706,pathogenic,CRB2,400.0
Q5IJ48,C400V,0.9363,pathogenic,CRB2,400.0
Q5IJ48,C400W,0.8262,pathogenic,CRB2,400.0
Q5IJ48,C400Y,0.8483,pathogenic,CRB2,400.0
Q5IJ48,Q401A,0.1384,benign,CRB2,401.0
Q5IJ48,Q401C,0.6368,pathogenic,CRB2,401.0
Q5IJ48,Q401D,0.2208,benign,CRB2,401.0
Q5IJ48,Q401E,0.0681,benign,CRB2,401.0
Q5IJ48,Q401F,0.5011,ambiguous,CRB2,401.0
Q5IJ48,Q401G,0.1713,benign,CRB2,401.0
Q5IJ48,Q401H,0.1497,benign,CRB2,401.0
Q5IJ48,Q401I,0.288,benign,CRB2,401.0
Q5IJ48,Q401K,0.0996,benign,CRB2,401.0
Q5IJ48,Q401L,0.0998,benign,CRB2,401.0
Q5IJ48,Q401M,0.3316,benign,CRB2,401.0
Q5IJ48,Q401N,0.2613,benign,CRB2,401.0
Q5IJ48,Q401P,0.107,benign,CRB2,401.0
Q5IJ48,Q401R,0.0645,benign,CRB2,401.0
Q5IJ48,Q401S,0.1605,benign,CRB2,401.0
Q5IJ48,Q401T,0.1582,benign,CRB2,401.0
Q5IJ48,Q401V,0.1884,benign,CRB2,401.0
Q5IJ48,Q401W,0.2698,benign,CRB2,401.0
Q5IJ48,Q401Y,0.3665,ambiguous,CRB2,401.0
Q5IJ48,G402A,0.1167,benign,CRB2,402.0
Q5IJ48,G402C,0.4282,ambiguous,CRB2,402.0
Q5IJ48,G402D,0.0826,benign,CRB2,402.0
Q5IJ48,G402E,0.1047,benign,CRB2,402.0
Q5IJ48,G402F,0.3875,ambiguous,CRB2,402.0
Q5IJ48,G402H,0.1966,benign,CRB2,402.0
Q5IJ48,G402I,0.2565,benign,CRB2,402.0
Q5IJ48,G402K,0.243,benign,CRB2,402.0
Q5IJ48,G402L,0.2571,benign,CRB2,402.0
Q5IJ48,G402M,0.373,ambiguous,CRB2,402.0
Q5IJ48,G402N,0.1375,benign,CRB2,402.0
Q5IJ48,G402P,0.4352,ambiguous,CRB2,402.0
Q5IJ48,G402Q,0.1756,benign,CRB2,402.0
Q5IJ48,G402R,0.16,benign,CRB2,402.0
Q5IJ48,G402S,0.0835,benign,CRB2,402.0
Q5IJ48,G402T,0.1425,benign,CRB2,402.0
Q5IJ48,G402V,0.176,benign,CRB2,402.0
Q5IJ48,G402W,0.2408,benign,CRB2,402.0
Q5IJ48,G402Y,0.2637,benign,CRB2,402.0
Q5IJ48,H403A,0.3727,ambiguous,CRB2,403.0
Q5IJ48,H403C,0.5781,pathogenic,CRB2,403.0
Q5IJ48,H403D,0.2053,benign,CRB2,403.0
Q5IJ48,H403E,0.3232,benign,CRB2,403.0
Q5IJ48,H403F,0.4142,ambiguous,CRB2,403.0
Q5IJ48,H403G,0.3488,ambiguous,CRB2,403.0
Q5IJ48,H403I,0.5084,ambiguous,CRB2,403.0
Q5IJ48,H403K,0.3911,ambiguous,CRB2,403.0
Q5IJ48,H403L,0.2128,benign,CRB2,403.0
Q5IJ48,H403M,0.5849,pathogenic,CRB2,403.0
Q5IJ48,H403N,0.1211,benign,CRB2,403.0
Q5IJ48,H403P,0.1807,benign,CRB2,403.0
Q5IJ48,H403Q,0.2528,benign,CRB2,403.0
Q5IJ48,H403R,0.1858,benign,CRB2,403.0
Q5IJ48,H403S,0.2384,benign,CRB2,403.0
Q5IJ48,H403T,0.3903,ambiguous,CRB2,403.0
Q5IJ48,H403V,0.4379,ambiguous,CRB2,403.0
Q5IJ48,H403W,0.5233,ambiguous,CRB2,403.0
Q5IJ48,H403Y,0.1764,benign,CRB2,403.0
Q5IJ48,T404A,0.0617,benign,CRB2,404.0
Q5IJ48,T404C,0.5075,ambiguous,CRB2,404.0
Q5IJ48,T404D,0.163,benign,CRB2,404.0
Q5IJ48,T404E,0.152,benign,CRB2,404.0
Q5IJ48,T404F,0.156,benign,CRB2,404.0
Q5IJ48,T404G,0.1506,benign,CRB2,404.0
Q5IJ48,T404H,0.135,benign,CRB2,404.0
Q5IJ48,T404I,0.1013,benign,CRB2,404.0
Q5IJ48,T404K,0.138,benign,CRB2,404.0
Q5IJ48,T404L,0.0753,benign,CRB2,404.0
Q5IJ48,T404M,0.102,benign,CRB2,404.0
Q5IJ48,T404N,0.0965,benign,CRB2,404.0
Q5IJ48,T404P,0.0618,benign,CRB2,404.0
Q5IJ48,T404Q,0.14,benign,CRB2,404.0
Q5IJ48,T404R,0.0926,benign,CRB2,404.0
Q5IJ48,T404S,0.0844,benign,CRB2,404.0
Q5IJ48,T404V,0.0979,benign,CRB2,404.0
Q5IJ48,T404W,0.3774,ambiguous,CRB2,404.0
Q5IJ48,T404Y,0.2043,benign,CRB2,404.0
Q5IJ48,C405A,0.912,pathogenic,CRB2,405.0
Q5IJ48,C405D,0.9678,pathogenic,CRB2,405.0
Q5IJ48,C405E,0.9802,pathogenic,CRB2,405.0
Q5IJ48,C405F,0.7838,pathogenic,CRB2,405.0
Q5IJ48,C405G,0.7411,pathogenic,CRB2,405.0
Q5IJ48,C405H,0.9388,pathogenic,CRB2,405.0
Q5IJ48,C405I,0.924,pathogenic,CRB2,405.0
Q5IJ48,C405K,0.99,pathogenic,CRB2,405.0
Q5IJ48,C405L,0.8477,pathogenic,CRB2,405.0
Q5IJ48,C405M,0.9553,pathogenic,CRB2,405.0
Q5IJ48,C405N,0.9684,pathogenic,CRB2,405.0
Q5IJ48,C405P,0.9096,pathogenic,CRB2,405.0
Q5IJ48,C405Q,0.972,pathogenic,CRB2,405.0
Q5IJ48,C405R,0.8989,pathogenic,CRB2,405.0
Q5IJ48,C405S,0.8921,pathogenic,CRB2,405.0
Q5IJ48,C405T,0.9619,pathogenic,CRB2,405.0
Q5IJ48,C405V,0.899,pathogenic,CRB2,405.0
Q5IJ48,C405W,0.8629,pathogenic,CRB2,405.0
Q5IJ48,C405Y,0.8734,pathogenic,CRB2,405.0
Q5IJ48,P406A,0.1285,benign,CRB2,406.0
Q5IJ48,P406C,0.7229,pathogenic,CRB2,406.0
Q5IJ48,P406D,0.4152,ambiguous,CRB2,406.0
Q5IJ48,P406E,0.2952,benign,CRB2,406.0
Q5IJ48,P406F,0.4494,ambiguous,CRB2,406.0
Q5IJ48,P406G,0.3251,benign,CRB2,406.0
Q5IJ48,P406H,0.2038,benign,CRB2,406.0
Q5IJ48,P406I,0.4073,ambiguous,CRB2,406.0
Q5IJ48,P406K,0.4364,ambiguous,CRB2,406.0
Q5IJ48,P406L,0.1268,benign,CRB2,406.0
Q5IJ48,P406M,0.4443,ambiguous,CRB2,406.0
Q5IJ48,P406N,0.4245,ambiguous,CRB2,406.0
Q5IJ48,P406Q,0.2007,benign,CRB2,406.0
Q5IJ48,P406R,0.1887,benign,CRB2,406.0
Q5IJ48,P406S,0.129,benign,CRB2,406.0
Q5IJ48,P406T,0.1497,benign,CRB2,406.0
Q5IJ48,P406V,0.2807,benign,CRB2,406.0
Q5IJ48,P406W,0.5407,ambiguous,CRB2,406.0
Q5IJ48,P406Y,0.4715,ambiguous,CRB2,406.0
Q5IJ48,L407A,0.0732,benign,CRB2,407.0
Q5IJ48,L407C,0.4996,ambiguous,CRB2,407.0
Q5IJ48,L407D,0.1974,benign,CRB2,407.0
Q5IJ48,L407E,0.0936,benign,CRB2,407.0
Q5IJ48,L407F,0.1073,benign,CRB2,407.0
Q5IJ48,L407G,0.1745,benign,CRB2,407.0
Q5IJ48,L407H,0.1233,benign,CRB2,407.0
Q5IJ48,L407I,0.1071,benign,CRB2,407.0
Q5IJ48,L407K,0.1329,benign,CRB2,407.0
Q5IJ48,L407M,0.1189,benign,CRB2,407.0
Q5IJ48,L407N,0.1822,benign,CRB2,407.0
Q5IJ48,L407P,0.0431,benign,CRB2,407.0
Q5IJ48,L407Q,0.0683,benign,CRB2,407.0
Q5IJ48,L407R,0.074,benign,CRB2,407.0
Q5IJ48,L407S,0.0939,benign,CRB2,407.0
Q5IJ48,L407T,0.1,benign,CRB2,407.0
Q5IJ48,L407V,0.08,benign,CRB2,407.0
Q5IJ48,L407W,0.1334,benign,CRB2,407.0
Q5IJ48,L407Y,0.2361,benign,CRB2,407.0
Q5IJ48,A408C,0.5608,ambiguous,CRB2,408.0
Q5IJ48,A408D,0.1147,benign,CRB2,408.0
Q5IJ48,A408E,0.1056,benign,CRB2,408.0
Q5IJ48,A408F,0.2186,benign,CRB2,408.0
Q5IJ48,A408G,0.0891,benign,CRB2,408.0
Q5IJ48,A408H,0.2528,benign,CRB2,408.0
Q5IJ48,A408I,0.2119,benign,CRB2,408.0
Q5IJ48,A408K,0.2408,benign,CRB2,408.0
Q5IJ48,A408L,0.114,benign,CRB2,408.0
Q5IJ48,A408M,0.1779,benign,CRB2,408.0
Q5IJ48,A408N,0.168,benign,CRB2,408.0
Q5IJ48,A408P,0.0927,benign,CRB2,408.0
Q5IJ48,A408Q,0.168,benign,CRB2,408.0
Q5IJ48,A408R,0.1701,benign,CRB2,408.0
Q5IJ48,A408S,0.0824,benign,CRB2,408.0
Q5IJ48,A408T,0.0828,benign,CRB2,408.0
Q5IJ48,A408V,0.1006,benign,CRB2,408.0
Q5IJ48,A408W,0.3793,ambiguous,CRB2,408.0
Q5IJ48,A408Y,0.3132,benign,CRB2,408.0
Q5IJ48,A409C,0.7767,pathogenic,CRB2,409.0
Q5IJ48,A409D,0.3898,ambiguous,CRB2,409.0
Q5IJ48,A409E,0.322,benign,CRB2,409.0
Q5IJ48,A409F,0.5731,pathogenic,CRB2,409.0
Q5IJ48,A409G,0.1409,benign,CRB2,409.0
Q5IJ48,A409H,0.6563,pathogenic,CRB2,409.0
Q5IJ48,A409I,0.5158,ambiguous,CRB2,409.0
Q5IJ48,A409K,0.5899,pathogenic,CRB2,409.0
Q5IJ48,A409L,0.3893,ambiguous,CRB2,409.0
Q5IJ48,A409M,0.3903,ambiguous,CRB2,409.0
Q5IJ48,A409N,0.4259,ambiguous,CRB2,409.0
Q5IJ48,A409P,0.4592,ambiguous,CRB2,409.0
Q5IJ48,A409Q,0.4226,ambiguous,CRB2,409.0
Q5IJ48,A409R,0.4418,ambiguous,CRB2,409.0
Q5IJ48,A409S,0.108,benign,CRB2,409.0
Q5IJ48,A409T,0.1146,benign,CRB2,409.0
Q5IJ48,A409V,0.2176,benign,CRB2,409.0
Q5IJ48,A409W,0.8324,pathogenic,CRB2,409.0
Q5IJ48,A409Y,0.716,pathogenic,CRB2,409.0
Q5IJ48,T410A,0.0759,benign,CRB2,410.0
Q5IJ48,T410C,0.6171,pathogenic,CRB2,410.0
Q5IJ48,T410D,0.2176,benign,CRB2,410.0
Q5IJ48,T410E,0.1912,benign,CRB2,410.0
Q5IJ48,T410F,0.2102,benign,CRB2,410.0
Q5IJ48,T410G,0.1886,benign,CRB2,410.0
Q5IJ48,T410H,0.1869,benign,CRB2,410.0
Q5IJ48,T410I,0.1562,benign,CRB2,410.0
Q5IJ48,T410K,0.1646,benign,CRB2,410.0
Q5IJ48,T410L,0.1086,benign,CRB2,410.0
Q5IJ48,T410M,0.1239,benign,CRB2,410.0
Q5IJ48,T410N,0.1156,benign,CRB2,410.0
Q5IJ48,T410P,0.1038,benign,CRB2,410.0
Q5IJ48,T410Q,0.1705,benign,CRB2,410.0
Q5IJ48,T410R,0.1093,benign,CRB2,410.0
Q5IJ48,T410S,0.1011,benign,CRB2,410.0
Q5IJ48,T410V,0.138,benign,CRB2,410.0
Q5IJ48,T410W,0.4655,ambiguous,CRB2,410.0
Q5IJ48,T410Y,0.2811,benign,CRB2,410.0
Q5IJ48,C411A,0.9276,pathogenic,CRB2,411.0
Q5IJ48,C411D,0.9801,pathogenic,CRB2,411.0
Q5IJ48,C411E,0.9875,pathogenic,CRB2,411.0
Q5IJ48,C411F,0.877,pathogenic,CRB2,411.0
Q5IJ48,C411G,0.7384,pathogenic,CRB2,411.0
Q5IJ48,C411H,0.9647,pathogenic,CRB2,411.0
Q5IJ48,C411I,0.9591,pathogenic,CRB2,411.0
Q5IJ48,C411K,0.9933,pathogenic,CRB2,411.0
Q5IJ48,C411L,0.9198,pathogenic,CRB2,411.0
Q5IJ48,C411M,0.9736,pathogenic,CRB2,411.0
Q5IJ48,C411N,0.9735,pathogenic,CRB2,411.0
Q5IJ48,C411P,0.9494,pathogenic,CRB2,411.0
Q5IJ48,C411Q,0.9822,pathogenic,CRB2,411.0
Q5IJ48,C411R,0.9126,pathogenic,CRB2,411.0
Q5IJ48,C411S,0.9149,pathogenic,CRB2,411.0
Q5IJ48,C411T,0.9686,pathogenic,CRB2,411.0
Q5IJ48,C411V,0.9316,pathogenic,CRB2,411.0
Q5IJ48,C411W,0.9105,pathogenic,CRB2,411.0
Q5IJ48,C411Y,0.9131,pathogenic,CRB2,411.0
Q5IJ48,I412A,0.3854,ambiguous,CRB2,412.0
Q5IJ48,I412C,0.8095,pathogenic,CRB2,412.0
Q5IJ48,I412D,0.53,ambiguous,CRB2,412.0
Q5IJ48,I412E,0.3626,ambiguous,CRB2,412.0
Q5IJ48,I412F,0.1441,benign,CRB2,412.0
Q5IJ48,I412G,0.6349,pathogenic,CRB2,412.0
Q5IJ48,I412H,0.2842,benign,CRB2,412.0
Q5IJ48,I412K,0.2544,benign,CRB2,412.0
Q5IJ48,I412L,0.1171,benign,CRB2,412.0
Q5IJ48,I412M,0.141,benign,CRB2,412.0
Q5IJ48,I412N,0.2068,benign,CRB2,412.0
Q5IJ48,I412P,0.7508,pathogenic,CRB2,412.0
Q5IJ48,I412Q,0.2667,benign,CRB2,412.0
Q5IJ48,I412R,0.1666,benign,CRB2,412.0
Q5IJ48,I412S,0.2323,benign,CRB2,412.0
Q5IJ48,I412T,0.2405,benign,CRB2,412.0
Q5IJ48,I412V,0.1272,benign,CRB2,412.0
Q5IJ48,I412W,0.611,pathogenic,CRB2,412.0
Q5IJ48,I412Y,0.3549,ambiguous,CRB2,412.0
Q5IJ48,P413A,0.3621,ambiguous,CRB2,413.0
Q5IJ48,P413C,0.9631,pathogenic,CRB2,413.0
Q5IJ48,P413D,0.9194,pathogenic,CRB2,413.0
Q5IJ48,P413E,0.822,pathogenic,CRB2,413.0
Q5IJ48,P413F,0.9475,pathogenic,CRB2,413.0
Q5IJ48,P413G,0.7623,pathogenic,CRB2,413.0
Q5IJ48,P413H,0.7497,pathogenic,CRB2,413.0
Q5IJ48,P413I,0.9351,pathogenic,CRB2,413.0
Q5IJ48,P413K,0.8912,pathogenic,CRB2,413.0
Q5IJ48,P413L,0.603,pathogenic,CRB2,413.0
Q5IJ48,P413M,0.9294,pathogenic,CRB2,413.0
Q5IJ48,P413N,0.8987,pathogenic,CRB2,413.0
Q5IJ48,P413Q,0.6792,pathogenic,CRB2,413.0
Q5IJ48,P413R,0.6203,pathogenic,CRB2,413.0
Q5IJ48,P413S,0.4858,ambiguous,CRB2,413.0
Q5IJ48,P413T,0.5997,pathogenic,CRB2,413.0
Q5IJ48,P413V,0.8429,pathogenic,CRB2,413.0
Q5IJ48,P413W,0.9516,pathogenic,CRB2,413.0
Q5IJ48,P413Y,0.9317,pathogenic,CRB2,413.0
Q5IJ48,I414A,0.1681,benign,CRB2,414.0
Q5IJ48,I414C,0.645,pathogenic,CRB2,414.0
Q5IJ48,I414D,0.373,ambiguous,CRB2,414.0
Q5IJ48,I414E,0.3291,benign,CRB2,414.0
Q5IJ48,I414F,0.1323,benign,CRB2,414.0
Q5IJ48,I414G,0.3592,ambiguous,CRB2,414.0
Q5IJ48,I414H,0.2459,benign,CRB2,414.0
Q5IJ48,I414K,0.2247,benign,CRB2,414.0
Q5IJ48,I414L,0.0907,benign,CRB2,414.0
Q5IJ48,I414M,0.1209,benign,CRB2,414.0
Q5IJ48,I414N,0.1373,benign,CRB2,414.0
Q5IJ48,I414P,0.6369,pathogenic,CRB2,414.0
Q5IJ48,I414Q,0.2461,benign,CRB2,414.0
Q5IJ48,I414R,0.1166,benign,CRB2,414.0
Q5IJ48,I414S,0.1293,benign,CRB2,414.0
Q5IJ48,I414T,0.1024,benign,CRB2,414.0
Q5IJ48,I414V,0.0757,benign,CRB2,414.0
Q5IJ48,I414W,0.5564,ambiguous,CRB2,414.0
Q5IJ48,I414Y,0.2856,benign,CRB2,414.0
Q5IJ48,F415A,0.6576,pathogenic,CRB2,415.0
Q5IJ48,F415C,0.8213,pathogenic,CRB2,415.0
Q5IJ48,F415D,0.8855,pathogenic,CRB2,415.0
Q5IJ48,F415E,0.8665,pathogenic,CRB2,415.0
Q5IJ48,F415G,0.8393,pathogenic,CRB2,415.0
Q5IJ48,F415H,0.6375,pathogenic,CRB2,415.0
Q5IJ48,F415I,0.4374,ambiguous,CRB2,415.0
Q5IJ48,F415K,0.884,pathogenic,CRB2,415.0
Q5IJ48,F415L,0.7703,pathogenic,CRB2,415.0
Q5IJ48,F415M,0.6729,pathogenic,CRB2,415.0
Q5IJ48,F415N,0.8494,pathogenic,CRB2,415.0
Q5IJ48,F415P,0.9498,pathogenic,CRB2,415.0
Q5IJ48,F415Q,0.808,pathogenic,CRB2,415.0
Q5IJ48,F415R,0.6996,pathogenic,CRB2,415.0
Q5IJ48,F415S,0.5082,ambiguous,CRB2,415.0
Q5IJ48,F415T,0.6601,pathogenic,CRB2,415.0
Q5IJ48,F415V,0.4058,ambiguous,CRB2,415.0
Q5IJ48,F415W,0.4035,ambiguous,CRB2,415.0
Q5IJ48,F415Y,0.2,benign,CRB2,415.0
Q5IJ48,E416A,0.127,benign,CRB2,416.0
Q5IJ48,E416C,0.7569,pathogenic,CRB2,416.0
Q5IJ48,E416D,0.1942,benign,CRB2,416.0
Q5IJ48,E416F,0.5578,ambiguous,CRB2,416.0
Q5IJ48,E416G,0.1672,benign,CRB2,416.0
Q5IJ48,E416H,0.2059,benign,CRB2,416.0
Q5IJ48,E416I,0.2794,benign,CRB2,416.0
Q5IJ48,E416K,0.0667,benign,CRB2,416.0
Q5IJ48,E416L,0.2149,benign,CRB2,416.0
Q5IJ48,E416M,0.3007,benign,CRB2,416.0
Q5IJ48,E416N,0.2595,benign,CRB2,416.0
Q5IJ48,E416P,0.4286,ambiguous,CRB2,416.0
Q5IJ48,E416Q,0.0719,benign,CRB2,416.0
Q5IJ48,E416R,0.0885,benign,CRB2,416.0
Q5IJ48,E416S,0.1693,benign,CRB2,416.0
Q5IJ48,E416T,0.1555,benign,CRB2,416.0
Q5IJ48,E416V,0.1809,benign,CRB2,416.0
Q5IJ48,E416W,0.6415,pathogenic,CRB2,416.0
Q5IJ48,E416Y,0.3929,ambiguous,CRB2,416.0
Q5IJ48,S417A,0.0909,benign,CRB2,417.0
Q5IJ48,S417C,0.3876,ambiguous,CRB2,417.0
Q5IJ48,S417D,0.1801,benign,CRB2,417.0
Q5IJ48,S417E,0.2673,benign,CRB2,417.0
Q5IJ48,S417F,0.2321,benign,CRB2,417.0
Q5IJ48,S417G,0.1094,benign,CRB2,417.0
Q5IJ48,S417H,0.2654,benign,CRB2,417.0
Q5IJ48,S417I,0.3152,benign,CRB2,417.0
Q5IJ48,S417K,0.4379,ambiguous,CRB2,417.0
Q5IJ48,S417L,0.1333,benign,CRB2,417.0
Q5IJ48,S417M,0.2538,benign,CRB2,417.0
Q5IJ48,S417N,0.1293,benign,CRB2,417.0
Q5IJ48,S417P,0.1972,benign,CRB2,417.0
Q5IJ48,S417Q,0.3541,ambiguous,CRB2,417.0
Q5IJ48,S417R,0.3677,ambiguous,CRB2,417.0
Q5IJ48,S417T,0.1105,benign,CRB2,417.0
Q5IJ48,S417V,0.2856,benign,CRB2,417.0
Q5IJ48,S417W,0.2235,benign,CRB2,417.0
Q5IJ48,S417Y,0.1626,benign,CRB2,417.0
Q5IJ48,G418A,0.1652,benign,CRB2,418.0
Q5IJ48,G418C,0.5134,ambiguous,CRB2,418.0
Q5IJ48,G418D,0.1386,benign,CRB2,418.0
Q5IJ48,G418E,0.1414,benign,CRB2,418.0
Q5IJ48,G418F,0.6508,pathogenic,CRB2,418.0
Q5IJ48,G418H,0.3127,benign,CRB2,418.0
Q5IJ48,G418I,0.5024,ambiguous,CRB2,418.0
Q5IJ48,G418K,0.2898,benign,CRB2,418.0
Q5IJ48,G418L,0.4596,ambiguous,CRB2,418.0
Q5IJ48,G418M,0.5106,ambiguous,CRB2,418.0
Q5IJ48,G418N,0.2546,benign,CRB2,418.0
Q5IJ48,G418P,0.6576,pathogenic,CRB2,418.0
Q5IJ48,G418Q,0.2219,benign,CRB2,418.0
Q5IJ48,G418R,0.1736,benign,CRB2,418.0
Q5IJ48,G418S,0.112,benign,CRB2,418.0
Q5IJ48,G418T,0.2158,benign,CRB2,418.0
Q5IJ48,G418V,0.3421,ambiguous,CRB2,418.0
Q5IJ48,G418W,0.3757,ambiguous,CRB2,418.0
Q5IJ48,G418Y,0.4935,ambiguous,CRB2,418.0
Q5IJ48,V419A,0.1021,benign,CRB2,419.0
Q5IJ48,V419C,0.6528,pathogenic,CRB2,419.0
Q5IJ48,V419D,0.1374,benign,CRB2,419.0
Q5IJ48,V419E,0.0927,benign,CRB2,419.0
Q5IJ48,V419F,0.0914,benign,CRB2,419.0
Q5IJ48,V419G,0.1045,benign,CRB2,419.0
Q5IJ48,V419H,0.2331,benign,CRB2,419.0
Q5IJ48,V419I,0.0756,benign,CRB2,419.0
Q5IJ48,V419K,0.1209,benign,CRB2,419.0
Q5IJ48,V419L,0.0923,benign,CRB2,419.0
Q5IJ48,V419M,0.0959,benign,CRB2,419.0
Q5IJ48,V419N,0.1266,benign,CRB2,419.0
Q5IJ48,V419P,0.3533,ambiguous,CRB2,419.0
Q5IJ48,V419Q,0.1078,benign,CRB2,419.0
Q5IJ48,V419R,0.0883,benign,CRB2,419.0
Q5IJ48,V419S,0.1116,benign,CRB2,419.0
Q5IJ48,V419T,0.119,benign,CRB2,419.0
Q5IJ48,V419W,0.4206,ambiguous,CRB2,419.0
Q5IJ48,V419Y,0.2865,benign,CRB2,419.0
Q5IJ48,H420A,0.7659,pathogenic,CRB2,420.0
Q5IJ48,H420C,0.85,pathogenic,CRB2,420.0
Q5IJ48,H420D,0.5071,ambiguous,CRB2,420.0
Q5IJ48,H420E,0.7213,pathogenic,CRB2,420.0
Q5IJ48,H420F,0.7722,pathogenic,CRB2,420.0
Q5IJ48,H420G,0.7597,pathogenic,CRB2,420.0
Q5IJ48,H420I,0.8935,pathogenic,CRB2,420.0
Q5IJ48,H420K,0.8557,pathogenic,CRB2,420.0
Q5IJ48,H420L,0.5056,ambiguous,CRB2,420.0
Q5IJ48,H420M,0.9116,pathogenic,CRB2,420.0
Q5IJ48,H420N,0.3003,benign,CRB2,420.0
Q5IJ48,H420P,0.2134,benign,CRB2,420.0
Q5IJ48,H420Q,0.6258,pathogenic,CRB2,420.0
Q5IJ48,H420R,0.5744,pathogenic,CRB2,420.0
Q5IJ48,H420S,0.5585,ambiguous,CRB2,420.0
Q5IJ48,H420T,0.8368,pathogenic,CRB2,420.0
Q5IJ48,H420V,0.8771,pathogenic,CRB2,420.0
Q5IJ48,H420W,0.7984,pathogenic,CRB2,420.0
Q5IJ48,H420Y,0.4115,ambiguous,CRB2,420.0
Q5IJ48,S421A,0.1345,benign,CRB2,421.0
Q5IJ48,S421C,0.3498,ambiguous,CRB2,421.0
Q5IJ48,S421D,0.2376,benign,CRB2,421.0
Q5IJ48,S421E,0.3959,ambiguous,CRB2,421.0
Q5IJ48,S421F,0.4183,ambiguous,CRB2,421.0
Q5IJ48,S421G,0.0707,benign,CRB2,421.0
Q5IJ48,S421H,0.2431,benign,CRB2,421.0
Q5IJ48,S421I,0.2862,benign,CRB2,421.0
Q5IJ48,S421K,0.4872,ambiguous,CRB2,421.0
Q5IJ48,S421L,0.256,benign,CRB2,421.0
Q5IJ48,S421M,0.4159,ambiguous,CRB2,421.0
Q5IJ48,S421N,0.1536,benign,CRB2,421.0
Q5IJ48,S421P,0.7415,pathogenic,CRB2,421.0
Q5IJ48,S421Q,0.3693,ambiguous,CRB2,421.0
Q5IJ48,S421R,0.2821,benign,CRB2,421.0
Q5IJ48,S421T,0.1209,benign,CRB2,421.0
Q5IJ48,S421V,0.3353,benign,CRB2,421.0
Q5IJ48,S421W,0.4131,ambiguous,CRB2,421.0
Q5IJ48,S421Y,0.3079,benign,CRB2,421.0
Q5IJ48,Y422A,0.532,ambiguous,CRB2,422.0
Q5IJ48,Y422C,0.4487,ambiguous,CRB2,422.0
Q5IJ48,Y422D,0.4655,ambiguous,CRB2,422.0
Q5IJ48,Y422E,0.7454,pathogenic,CRB2,422.0
Q5IJ48,Y422F,0.095,benign,CRB2,422.0
Q5IJ48,Y422G,0.5526,ambiguous,CRB2,422.0
Q5IJ48,Y422H,0.1669,benign,CRB2,422.0
Q5IJ48,Y422I,0.7128,pathogenic,CRB2,422.0
Q5IJ48,Y422K,0.8002,pathogenic,CRB2,422.0
Q5IJ48,Y422L,0.6336,pathogenic,CRB2,422.0
Q5IJ48,Y422M,0.7522,pathogenic,CRB2,422.0
Q5IJ48,Y422N,0.3312,benign,CRB2,422.0
Q5IJ48,Y422P,0.8251,pathogenic,CRB2,422.0
Q5IJ48,Y422Q,0.6345,pathogenic,CRB2,422.0
Q5IJ48,Y422R,0.5255,ambiguous,CRB2,422.0
Q5IJ48,Y422S,0.2558,benign,CRB2,422.0
Q5IJ48,Y422T,0.5248,ambiguous,CRB2,422.0
Q5IJ48,Y422V,0.5514,ambiguous,CRB2,422.0
Q5IJ48,Y422W,0.2978,benign,CRB2,422.0
Q5IJ48,V423A,0.0657,benign,CRB2,423.0
Q5IJ48,V423C,0.6253,pathogenic,CRB2,423.0
Q5IJ48,V423D,0.112,benign,CRB2,423.0
Q5IJ48,V423E,0.1071,benign,CRB2,423.0
Q5IJ48,V423F,0.0996,benign,CRB2,423.0
Q5IJ48,V423G,0.1054,benign,CRB2,423.0
Q5IJ48,V423H,0.2064,benign,CRB2,423.0
Q5IJ48,V423I,0.074,benign,CRB2,423.0
Q5IJ48,V423K,0.1411,benign,CRB2,423.0
Q5IJ48,V423L,0.095,benign,CRB2,423.0
Q5IJ48,V423M,0.1161,benign,CRB2,423.0
Q5IJ48,V423N,0.1114,benign,CRB2,423.0
Q5IJ48,V423P,0.3693,ambiguous,CRB2,423.0
Q5IJ48,V423Q,0.1219,benign,CRB2,423.0
Q5IJ48,V423R,0.0831,benign,CRB2,423.0
Q5IJ48,V423S,0.0813,benign,CRB2,423.0
Q5IJ48,V423T,0.0799,benign,CRB2,423.0
Q5IJ48,V423W,0.463,ambiguous,CRB2,423.0
Q5IJ48,V423Y,0.2757,benign,CRB2,423.0
Q5IJ48,C424A,0.9539,pathogenic,CRB2,424.0
Q5IJ48,C424D,0.9862,pathogenic,CRB2,424.0
Q5IJ48,C424E,0.989,pathogenic,CRB2,424.0
Q5IJ48,C424F,0.8298,pathogenic,CRB2,424.0
Q5IJ48,C424G,0.8076,pathogenic,CRB2,424.0
Q5IJ48,C424H,0.9625,pathogenic,CRB2,424.0
Q5IJ48,C424I,0.9551,pathogenic,CRB2,424.0
Q5IJ48,C424K,0.9945,pathogenic,CRB2,424.0
Q5IJ48,C424L,0.8901,pathogenic,CRB2,424.0
Q5IJ48,C424M,0.9791,pathogenic,CRB2,424.0
Q5IJ48,C424N,0.9778,pathogenic,CRB2,424.0
Q5IJ48,C424P,0.9509,pathogenic,CRB2,424.0
Q5IJ48,C424Q,0.9807,pathogenic,CRB2,424.0
Q5IJ48,C424R,0.9123,pathogenic,CRB2,424.0
Q5IJ48,C424S,0.9286,pathogenic,CRB2,424.0
Q5IJ48,C424T,0.9748,pathogenic,CRB2,424.0
Q5IJ48,C424V,0.9458,pathogenic,CRB2,424.0
Q5IJ48,C424W,0.8793,pathogenic,CRB2,424.0
Q5IJ48,C424Y,0.8943,pathogenic,CRB2,424.0
Q5IJ48,H425A,0.1486,benign,CRB2,425.0
Q5IJ48,H425C,0.1829,benign,CRB2,425.0
Q5IJ48,H425D,0.1287,benign,CRB2,425.0
Q5IJ48,H425E,0.1685,benign,CRB2,425.0
Q5IJ48,H425F,0.2134,benign,CRB2,425.0
Q5IJ48,H425G,0.164,benign,CRB2,425.0
Q5IJ48,H425I,0.1893,benign,CRB2,425.0
Q5IJ48,H425K,0.2067,benign,CRB2,425.0
Q5IJ48,H425L,0.069,benign,CRB2,425.0
Q5IJ48,H425M,0.3949,ambiguous,CRB2,425.0
Q5IJ48,H425N,0.1035,benign,CRB2,425.0
Q5IJ48,H425P,0.1674,benign,CRB2,425.0
Q5IJ48,H425Q,0.1077,benign,CRB2,425.0
Q5IJ48,H425R,0.0554,benign,CRB2,425.0
Q5IJ48,H425S,0.128,benign,CRB2,425.0
Q5IJ48,H425T,0.1642,benign,CRB2,425.0
Q5IJ48,H425V,0.1454,benign,CRB2,425.0
Q5IJ48,H425W,0.1931,benign,CRB2,425.0
Q5IJ48,H425Y,0.0865,benign,CRB2,425.0
Q5IJ48,C426A,0.9503,pathogenic,CRB2,426.0
Q5IJ48,C426D,0.9814,pathogenic,CRB2,426.0
Q5IJ48,C426E,0.9892,pathogenic,CRB2,426.0
Q5IJ48,C426F,0.8157,pathogenic,CRB2,426.0
Q5IJ48,C426G,0.7474,pathogenic,CRB2,426.0
Q5IJ48,C426H,0.9463,pathogenic,CRB2,426.0
Q5IJ48,C426I,0.9636,pathogenic,CRB2,426.0
Q5IJ48,C426K,0.9928,pathogenic,CRB2,426.0
Q5IJ48,C426L,0.8874,pathogenic,CRB2,426.0
Q5IJ48,C426M,0.9823,pathogenic,CRB2,426.0
Q5IJ48,C426N,0.9747,pathogenic,CRB2,426.0
Q5IJ48,C426P,0.928,pathogenic,CRB2,426.0
Q5IJ48,C426Q,0.9786,pathogenic,CRB2,426.0
Q5IJ48,C426R,0.9089,pathogenic,CRB2,426.0
Q5IJ48,C426S,0.9106,pathogenic,CRB2,426.0
Q5IJ48,C426T,0.9771,pathogenic,CRB2,426.0
Q5IJ48,C426V,0.9537,pathogenic,CRB2,426.0
Q5IJ48,C426W,0.9053,pathogenic,CRB2,426.0
Q5IJ48,C426Y,0.8916,pathogenic,CRB2,426.0
Q5IJ48,P427A,0.0881,benign,CRB2,427.0
Q5IJ48,P427C,0.6015,pathogenic,CRB2,427.0
Q5IJ48,P427D,0.4271,ambiguous,CRB2,427.0
Q5IJ48,P427E,0.2162,benign,CRB2,427.0
Q5IJ48,P427F,0.2847,benign,CRB2,427.0
Q5IJ48,P427G,0.2943,benign,CRB2,427.0
Q5IJ48,P427H,0.1562,benign,CRB2,427.0
Q5IJ48,P427I,0.2163,benign,CRB2,427.0
Q5IJ48,P427K,0.2651,benign,CRB2,427.0
Q5IJ48,P427L,0.0714,benign,CRB2,427.0
Q5IJ48,P427M,0.2618,benign,CRB2,427.0
Q5IJ48,P427N,0.3829,ambiguous,CRB2,427.0
Q5IJ48,P427Q,0.1242,benign,CRB2,427.0
Q5IJ48,P427R,0.1182,benign,CRB2,427.0
Q5IJ48,P427S,0.1097,benign,CRB2,427.0
Q5IJ48,P427T,0.1153,benign,CRB2,427.0
Q5IJ48,P427V,0.1619,benign,CRB2,427.0
Q5IJ48,P427W,0.3991,ambiguous,CRB2,427.0
Q5IJ48,P427Y,0.3567,ambiguous,CRB2,427.0
Q5IJ48,P428A,0.0723,benign,CRB2,428.0
Q5IJ48,P428C,0.6829,pathogenic,CRB2,428.0
Q5IJ48,P428D,0.4076,ambiguous,CRB2,428.0
Q5IJ48,P428E,0.2222,benign,CRB2,428.0
Q5IJ48,P428F,0.4413,ambiguous,CRB2,428.0
Q5IJ48,P428G,0.3374,benign,CRB2,428.0
Q5IJ48,P428H,0.2118,benign,CRB2,428.0
Q5IJ48,P428I,0.3593,ambiguous,CRB2,428.0
Q5IJ48,P428K,0.3168,benign,CRB2,428.0
Q5IJ48,P428L,0.1251,benign,CRB2,428.0
Q5IJ48,P428M,0.3739,ambiguous,CRB2,428.0
Q5IJ48,P428N,0.4398,ambiguous,CRB2,428.0
Q5IJ48,P428Q,0.1644,benign,CRB2,428.0
Q5IJ48,P428R,0.1384,benign,CRB2,428.0
Q5IJ48,P428S,0.1251,benign,CRB2,428.0
Q5IJ48,P428T,0.1395,benign,CRB2,428.0
Q5IJ48,P428V,0.2264,benign,CRB2,428.0
Q5IJ48,P428W,0.4787,ambiguous,CRB2,428.0
Q5IJ48,P428Y,0.4676,ambiguous,CRB2,428.0
Q5IJ48,G429A,0.4234,ambiguous,CRB2,429.0
Q5IJ48,G429C,0.8888,pathogenic,CRB2,429.0
Q5IJ48,G429D,0.6695,pathogenic,CRB2,429.0
Q5IJ48,G429E,0.6617,pathogenic,CRB2,429.0
Q5IJ48,G429F,0.931,pathogenic,CRB2,429.0
Q5IJ48,G429H,0.8665,pathogenic,CRB2,429.0
Q5IJ48,G429I,0.9511,pathogenic,CRB2,429.0
Q5IJ48,G429K,0.8898,pathogenic,CRB2,429.0
Q5IJ48,G429L,0.896,pathogenic,CRB2,429.0
Q5IJ48,G429M,0.9341,pathogenic,CRB2,429.0
Q5IJ48,G429N,0.8069,pathogenic,CRB2,429.0
Q5IJ48,G429P,0.9636,pathogenic,CRB2,429.0
Q5IJ48,G429Q,0.7939,pathogenic,CRB2,429.0
Q5IJ48,G429R,0.7327,pathogenic,CRB2,429.0
Q5IJ48,G429S,0.3452,ambiguous,CRB2,429.0
Q5IJ48,G429T,0.77,pathogenic,CRB2,429.0
Q5IJ48,G429V,0.8657,pathogenic,CRB2,429.0
Q5IJ48,G429W,0.8423,pathogenic,CRB2,429.0
Q5IJ48,G429Y,0.9009,pathogenic,CRB2,429.0
Q5IJ48,T430A,0.113,benign,CRB2,430.0
Q5IJ48,T430C,0.6448,pathogenic,CRB2,430.0
Q5IJ48,T430D,0.412,ambiguous,CRB2,430.0
Q5IJ48,T430E,0.3009,benign,CRB2,430.0
Q5IJ48,T430F,0.1767,benign,CRB2,430.0
Q5IJ48,T430G,0.2731,benign,CRB2,430.0
Q5IJ48,T430H,0.2254,benign,CRB2,430.0
Q5IJ48,T430I,0.205,benign,CRB2,430.0
Q5IJ48,T430K,0.224,benign,CRB2,430.0
Q5IJ48,T430L,0.1177,benign,CRB2,430.0
Q5IJ48,T430M,0.1037,benign,CRB2,430.0
Q5IJ48,T430N,0.1523,benign,CRB2,430.0
Q5IJ48,T430P,0.3343,benign,CRB2,430.0
Q5IJ48,T430Q,0.2069,benign,CRB2,430.0
Q5IJ48,T430R,0.1464,benign,CRB2,430.0
Q5IJ48,T430S,0.1074,benign,CRB2,430.0
Q5IJ48,T430V,0.1892,benign,CRB2,430.0
Q5IJ48,T430W,0.3609,ambiguous,CRB2,430.0
Q5IJ48,T430Y,0.2172,benign,CRB2,430.0
Q5IJ48,H431A,0.2069,benign,CRB2,431.0
Q5IJ48,H431C,0.3192,benign,CRB2,431.0
Q5IJ48,H431D,0.1886,benign,CRB2,431.0
Q5IJ48,H431E,0.2432,benign,CRB2,431.0
Q5IJ48,H431F,0.235,benign,CRB2,431.0
Q5IJ48,H431G,0.2339,benign,CRB2,431.0
Q5IJ48,H431I,0.3513,ambiguous,CRB2,431.0
Q5IJ48,H431K,0.2973,benign,CRB2,431.0
Q5IJ48,H431L,0.1262,benign,CRB2,431.0
Q5IJ48,H431M,0.5129,ambiguous,CRB2,431.0
Q5IJ48,H431N,0.1357,benign,CRB2,431.0
Q5IJ48,H431P,0.3424,ambiguous,CRB2,431.0
Q5IJ48,H431Q,0.1792,benign,CRB2,431.0
Q5IJ48,H431R,0.0919,benign,CRB2,431.0
Q5IJ48,H431S,0.1539,benign,CRB2,431.0
Q5IJ48,H431T,0.2385,benign,CRB2,431.0
Q5IJ48,H431V,0.2506,benign,CRB2,431.0
Q5IJ48,H431W,0.2564,benign,CRB2,431.0
Q5IJ48,H431Y,0.0801,benign,CRB2,431.0
Q5IJ48,G432A,0.3736,ambiguous,CRB2,432.0
Q5IJ48,G432C,0.773,pathogenic,CRB2,432.0
Q5IJ48,G432D,0.3943,ambiguous,CRB2,432.0
Q5IJ48,G432E,0.5004,ambiguous,CRB2,432.0
Q5IJ48,G432F,0.7942,pathogenic,CRB2,432.0
Q5IJ48,G432H,0.6414,pathogenic,CRB2,432.0
Q5IJ48,G432I,0.7162,pathogenic,CRB2,432.0
Q5IJ48,G432K,0.7745,pathogenic,CRB2,432.0
Q5IJ48,G432L,0.6265,pathogenic,CRB2,432.0
Q5IJ48,G432M,0.7987,pathogenic,CRB2,432.0
Q5IJ48,G432N,0.574,pathogenic,CRB2,432.0
Q5IJ48,G432P,0.9132,pathogenic,CRB2,432.0
Q5IJ48,G432Q,0.6335,pathogenic,CRB2,432.0
Q5IJ48,G432R,0.6079,pathogenic,CRB2,432.0
Q5IJ48,G432S,0.1773,benign,CRB2,432.0
Q5IJ48,G432T,0.4901,ambiguous,CRB2,432.0
Q5IJ48,G432V,0.6108,pathogenic,CRB2,432.0
Q5IJ48,G432W,0.6609,pathogenic,CRB2,432.0
Q5IJ48,G432Y,0.7238,pathogenic,CRB2,432.0
Q5IJ48,P433A,0.0782,benign,CRB2,433.0
Q5IJ48,P433C,0.5013,ambiguous,CRB2,433.0
Q5IJ48,P433D,0.2333,benign,CRB2,433.0
Q5IJ48,P433E,0.1744,benign,CRB2,433.0
Q5IJ48,P433F,0.264,benign,CRB2,433.0
Q5IJ48,P433G,0.2226,benign,CRB2,433.0
Q5IJ48,P433H,0.1291,benign,CRB2,433.0
Q5IJ48,P433I,0.1899,benign,CRB2,433.0
Q5IJ48,P433K,0.2079,benign,CRB2,433.0
Q5IJ48,P433L,0.0851,benign,CRB2,433.0
Q5IJ48,P433M,0.2416,benign,CRB2,433.0
Q5IJ48,P433N,0.2234,benign,CRB2,433.0
Q5IJ48,P433Q,0.121,benign,CRB2,433.0
Q5IJ48,P433R,0.098,benign,CRB2,433.0
Q5IJ48,P433S,0.0901,benign,CRB2,433.0
Q5IJ48,P433T,0.0933,benign,CRB2,433.0
Q5IJ48,P433V,0.1437,benign,CRB2,433.0
Q5IJ48,P433W,0.3308,benign,CRB2,433.0
Q5IJ48,P433Y,0.2708,benign,CRB2,433.0
Q5IJ48,F434A,0.102,benign,CRB2,434.0
Q5IJ48,F434C,0.2579,benign,CRB2,434.0
Q5IJ48,F434D,0.1394,benign,CRB2,434.0
Q5IJ48,F434E,0.2462,benign,CRB2,434.0
Q5IJ48,F434G,0.2007,benign,CRB2,434.0
Q5IJ48,F434H,0.1892,benign,CRB2,434.0
Q5IJ48,F434I,0.1006,benign,CRB2,434.0
Q5IJ48,F434K,0.3364,benign,CRB2,434.0
Q5IJ48,F434L,0.3351,benign,CRB2,434.0
Q5IJ48,F434M,0.2703,benign,CRB2,434.0
Q5IJ48,F434N,0.1563,benign,CRB2,434.0
Q5IJ48,F434P,0.3831,ambiguous,CRB2,434.0
Q5IJ48,F434Q,0.2454,benign,CRB2,434.0
Q5IJ48,F434R,0.1866,benign,CRB2,434.0
Q5IJ48,F434S,0.0653,benign,CRB2,434.0
Q5IJ48,F434T,0.1247,benign,CRB2,434.0
Q5IJ48,F434V,0.0864,benign,CRB2,434.0
Q5IJ48,F434W,0.2022,benign,CRB2,434.0
Q5IJ48,F434Y,0.1077,benign,CRB2,434.0
Q5IJ48,C435A,0.9584,pathogenic,CRB2,435.0
Q5IJ48,C435D,0.9844,pathogenic,CRB2,435.0
Q5IJ48,C435E,0.9884,pathogenic,CRB2,435.0
Q5IJ48,C435F,0.9032,pathogenic,CRB2,435.0
Q5IJ48,C435G,0.7614,pathogenic,CRB2,435.0
Q5IJ48,C435H,0.9526,pathogenic,CRB2,435.0
Q5IJ48,C435I,0.9838,pathogenic,CRB2,435.0
Q5IJ48,C435K,0.9939,pathogenic,CRB2,435.0
Q5IJ48,C435L,0.9413,pathogenic,CRB2,435.0
Q5IJ48,C435M,0.9896,pathogenic,CRB2,435.0
Q5IJ48,C435N,0.9865,pathogenic,CRB2,435.0
Q5IJ48,C435P,0.9518,pathogenic,CRB2,435.0
Q5IJ48,C435Q,0.977,pathogenic,CRB2,435.0
Q5IJ48,C435R,0.895,pathogenic,CRB2,435.0
Q5IJ48,C435S,0.9383,pathogenic,CRB2,435.0
Q5IJ48,C435T,0.9797,pathogenic,CRB2,435.0
Q5IJ48,C435V,0.9759,pathogenic,CRB2,435.0
Q5IJ48,C435W,0.8794,pathogenic,CRB2,435.0
Q5IJ48,C435Y,0.9293,pathogenic,CRB2,435.0
Q5IJ48,G436A,0.1141,benign,CRB2,436.0
Q5IJ48,G436C,0.3031,benign,CRB2,436.0
Q5IJ48,G436D,0.096,benign,CRB2,436.0
Q5IJ48,G436E,0.1141,benign,CRB2,436.0
Q5IJ48,G436F,0.3702,ambiguous,CRB2,436.0
Q5IJ48,G436H,0.1664,benign,CRB2,436.0
Q5IJ48,G436I,0.2409,benign,CRB2,436.0
Q5IJ48,G436K,0.2522,benign,CRB2,436.0
Q5IJ48,G436L,0.2312,benign,CRB2,436.0
Q5IJ48,G436M,0.3739,ambiguous,CRB2,436.0
Q5IJ48,G436N,0.1808,benign,CRB2,436.0
Q5IJ48,G436P,0.5806,pathogenic,CRB2,436.0
Q5IJ48,G436Q,0.1532,benign,CRB2,436.0
Q5IJ48,G436R,0.1262,benign,CRB2,436.0
Q5IJ48,G436S,0.0749,benign,CRB2,436.0
Q5IJ48,G436T,0.1374,benign,CRB2,436.0
Q5IJ48,G436V,0.1719,benign,CRB2,436.0
Q5IJ48,G436W,0.2136,benign,CRB2,436.0
Q5IJ48,G436Y,0.2584,benign,CRB2,436.0
Q5IJ48,Q437A,0.3043,benign,CRB2,437.0
Q5IJ48,Q437C,0.7523,pathogenic,CRB2,437.0
Q5IJ48,Q437D,0.4115,ambiguous,CRB2,437.0
Q5IJ48,Q437E,0.0933,benign,CRB2,437.0
Q5IJ48,Q437F,0.6778,pathogenic,CRB2,437.0
Q5IJ48,Q437G,0.3055,benign,CRB2,437.0
Q5IJ48,Q437H,0.2492,benign,CRB2,437.0
Q5IJ48,Q437I,0.4449,ambiguous,CRB2,437.0
Q5IJ48,Q437K,0.1176,benign,CRB2,437.0
Q5IJ48,Q437L,0.1864,benign,CRB2,437.0
Q5IJ48,Q437M,0.4473,ambiguous,CRB2,437.0
Q5IJ48,Q437N,0.3901,ambiguous,CRB2,437.0
Q5IJ48,Q437P,0.2788,benign,CRB2,437.0
Q5IJ48,Q437R,0.0908,benign,CRB2,437.0
Q5IJ48,Q437S,0.3288,benign,CRB2,437.0
Q5IJ48,Q437T,0.2929,benign,CRB2,437.0
Q5IJ48,Q437V,0.3209,benign,CRB2,437.0
Q5IJ48,Q437W,0.3974,ambiguous,CRB2,437.0
Q5IJ48,Q437Y,0.5048,ambiguous,CRB2,437.0
Q5IJ48,N438A,0.5141,ambiguous,CRB2,438.0
Q5IJ48,N438C,0.898,pathogenic,CRB2,438.0
Q5IJ48,N438D,0.2999,benign,CRB2,438.0
Q5IJ48,N438E,0.5189,ambiguous,CRB2,438.0
Q5IJ48,N438F,0.863,pathogenic,CRB2,438.0
Q5IJ48,N438G,0.6038,pathogenic,CRB2,438.0
Q5IJ48,N438H,0.3029,benign,CRB2,438.0
Q5IJ48,N438I,0.5368,ambiguous,CRB2,438.0
Q5IJ48,N438K,0.5037,ambiguous,CRB2,438.0
Q5IJ48,N438L,0.5281,ambiguous,CRB2,438.0
Q5IJ48,N438M,0.68,pathogenic,CRB2,438.0
Q5IJ48,N438P,0.5124,ambiguous,CRB2,438.0
Q5IJ48,N438Q,0.6073,pathogenic,CRB2,438.0
Q5IJ48,N438R,0.5119,ambiguous,CRB2,438.0
Q5IJ48,N438S,0.2795,benign,CRB2,438.0
Q5IJ48,N438T,0.4385,ambiguous,CRB2,438.0
Q5IJ48,N438V,0.5458,ambiguous,CRB2,438.0
Q5IJ48,N438W,0.9022,pathogenic,CRB2,438.0
Q5IJ48,N438Y,0.3776,ambiguous,CRB2,438.0
Q5IJ48,T439A,0.4364,ambiguous,CRB2,439.0
Q5IJ48,T439C,0.9408,pathogenic,CRB2,439.0
Q5IJ48,T439D,0.8963,pathogenic,CRB2,439.0
Q5IJ48,T439E,0.8695,pathogenic,CRB2,439.0
Q5IJ48,T439F,0.9013,pathogenic,CRB2,439.0
Q5IJ48,T439G,0.6997,pathogenic,CRB2,439.0
Q5IJ48,T439H,0.7587,pathogenic,CRB2,439.0
Q5IJ48,T439I,0.826,pathogenic,CRB2,439.0
Q5IJ48,T439K,0.7535,pathogenic,CRB2,439.0
Q5IJ48,T439L,0.5179,ambiguous,CRB2,439.0
Q5IJ48,T439M,0.3747,ambiguous,CRB2,439.0
Q5IJ48,T439N,0.6232,pathogenic,CRB2,439.0
Q5IJ48,T439P,0.6505,pathogenic,CRB2,439.0
Q5IJ48,T439Q,0.7707,pathogenic,CRB2,439.0
Q5IJ48,T439R,0.5943,pathogenic,CRB2,439.0
Q5IJ48,T439S,0.3519,ambiguous,CRB2,439.0
Q5IJ48,T439V,0.6839,pathogenic,CRB2,439.0
Q5IJ48,T439W,0.9567,pathogenic,CRB2,439.0
Q5IJ48,T439Y,0.8822,pathogenic,CRB2,439.0
Q5IJ48,T440A,0.2039,benign,CRB2,440.0
Q5IJ48,T440C,0.8906,pathogenic,CRB2,440.0
Q5IJ48,T440D,0.7959,pathogenic,CRB2,440.0
Q5IJ48,T440E,0.7814,pathogenic,CRB2,440.0
Q5IJ48,T440F,0.7154,pathogenic,CRB2,440.0
Q5IJ48,T440G,0.5913,pathogenic,CRB2,440.0
Q5IJ48,T440H,0.6512,pathogenic,CRB2,440.0
Q5IJ48,T440I,0.5857,pathogenic,CRB2,440.0
Q5IJ48,T440K,0.7354,pathogenic,CRB2,440.0
Q5IJ48,T440L,0.3363,benign,CRB2,440.0
Q5IJ48,T440M,0.2802,benign,CRB2,440.0
Q5IJ48,T440N,0.5006,ambiguous,CRB2,440.0
Q5IJ48,T440P,0.5397,ambiguous,CRB2,440.0
Q5IJ48,T440Q,0.6579,pathogenic,CRB2,440.0
Q5IJ48,T440R,0.5136,ambiguous,CRB2,440.0
Q5IJ48,T440S,0.2114,benign,CRB2,440.0
Q5IJ48,T440V,0.4605,ambiguous,CRB2,440.0
Q5IJ48,T440W,0.8912,pathogenic,CRB2,440.0
Q5IJ48,T440Y,0.7965,pathogenic,CRB2,440.0
Q5IJ48,F441A,0.8924,pathogenic,CRB2,441.0
Q5IJ48,F441C,0.887,pathogenic,CRB2,441.0
Q5IJ48,F441D,0.9948,pathogenic,CRB2,441.0
Q5IJ48,F441E,0.9944,pathogenic,CRB2,441.0
Q5IJ48,F441G,0.9666,pathogenic,CRB2,441.0
Q5IJ48,F441H,0.9559,pathogenic,CRB2,441.0
Q5IJ48,F441I,0.5429,ambiguous,CRB2,441.0
Q5IJ48,F441K,0.9956,pathogenic,CRB2,441.0
Q5IJ48,F441L,0.921,pathogenic,CRB2,441.0
Q5IJ48,F441M,0.8469,pathogenic,CRB2,441.0
Q5IJ48,F441N,0.9865,pathogenic,CRB2,441.0
Q5IJ48,F441P,0.9981,pathogenic,CRB2,441.0
Q5IJ48,F441Q,0.9873,pathogenic,CRB2,441.0
Q5IJ48,F441R,0.9756,pathogenic,CRB2,441.0
Q5IJ48,F441S,0.907,pathogenic,CRB2,441.0
Q5IJ48,F441T,0.9404,pathogenic,CRB2,441.0
Q5IJ48,F441V,0.4802,ambiguous,CRB2,441.0
Q5IJ48,F441W,0.7943,pathogenic,CRB2,441.0
Q5IJ48,F441Y,0.536,ambiguous,CRB2,441.0
Q5IJ48,S442A,0.2133,benign,CRB2,442.0
Q5IJ48,S442C,0.5791,pathogenic,CRB2,442.0
Q5IJ48,S442D,0.8867,pathogenic,CRB2,442.0
Q5IJ48,S442E,0.917,pathogenic,CRB2,442.0
Q5IJ48,S442F,0.5758,pathogenic,CRB2,442.0
Q5IJ48,S442G,0.3172,benign,CRB2,442.0
Q5IJ48,S442H,0.7456,pathogenic,CRB2,442.0
Q5IJ48,S442I,0.7351,pathogenic,CRB2,442.0
Q5IJ48,S442K,0.9791,pathogenic,CRB2,442.0
Q5IJ48,S442L,0.3771,ambiguous,CRB2,442.0
Q5IJ48,S442M,0.6906,pathogenic,CRB2,442.0
Q5IJ48,S442N,0.7217,pathogenic,CRB2,442.0
Q5IJ48,S442P,0.7903,pathogenic,CRB2,442.0
Q5IJ48,S442Q,0.8647,pathogenic,CRB2,442.0
Q5IJ48,S442R,0.9152,pathogenic,CRB2,442.0
Q5IJ48,S442T,0.2878,benign,CRB2,442.0
Q5IJ48,S442V,0.6897,pathogenic,CRB2,442.0
Q5IJ48,S442W,0.6214,pathogenic,CRB2,442.0
Q5IJ48,S442Y,0.5919,pathogenic,CRB2,442.0
Q5IJ48,V443A,0.2736,benign,CRB2,443.0
Q5IJ48,V443C,0.874,pathogenic,CRB2,443.0
Q5IJ48,V443D,0.7585,pathogenic,CRB2,443.0
Q5IJ48,V443E,0.5425,ambiguous,CRB2,443.0
Q5IJ48,V443F,0.1742,benign,CRB2,443.0
Q5IJ48,V443G,0.3896,ambiguous,CRB2,443.0
Q5IJ48,V443H,0.7795,pathogenic,CRB2,443.0
Q5IJ48,V443I,0.1027,benign,CRB2,443.0
Q5IJ48,V443K,0.6133,pathogenic,CRB2,443.0
Q5IJ48,V443L,0.1348,benign,CRB2,443.0
Q5IJ48,V443M,0.1263,benign,CRB2,443.0
Q5IJ48,V443N,0.675,pathogenic,CRB2,443.0
Q5IJ48,V443P,0.7731,pathogenic,CRB2,443.0
Q5IJ48,V443Q,0.5186,ambiguous,CRB2,443.0
Q5IJ48,V443R,0.451,ambiguous,CRB2,443.0
Q5IJ48,V443S,0.481,ambiguous,CRB2,443.0
Q5IJ48,V443T,0.3878,ambiguous,CRB2,443.0
Q5IJ48,V443W,0.7699,pathogenic,CRB2,443.0
Q5IJ48,V443Y,0.6874,pathogenic,CRB2,443.0
Q5IJ48,M444A,0.1257,benign,CRB2,444.0
Q5IJ48,M444C,0.7106,pathogenic,CRB2,444.0
Q5IJ48,M444D,0.3786,ambiguous,CRB2,444.0
Q5IJ48,M444E,0.1507,benign,CRB2,444.0
Q5IJ48,M444F,0.2243,benign,CRB2,444.0
Q5IJ48,M444G,0.2512,benign,CRB2,444.0
Q5IJ48,M444H,0.2742,benign,CRB2,444.0
Q5IJ48,M444I,0.1565,benign,CRB2,444.0
Q5IJ48,M444K,0.1005,benign,CRB2,444.0
Q5IJ48,M444L,0.0911,benign,CRB2,444.0
Q5IJ48,M444N,0.2632,benign,CRB2,444.0
Q5IJ48,M444P,0.206,benign,CRB2,444.0
Q5IJ48,M444Q,0.1128,benign,CRB2,444.0
Q5IJ48,M444R,0.081,benign,CRB2,444.0
Q5IJ48,M444S,0.1691,benign,CRB2,444.0
Q5IJ48,M444T,0.0848,benign,CRB2,444.0
Q5IJ48,M444V,0.0599,benign,CRB2,444.0
Q5IJ48,M444W,0.3985,ambiguous,CRB2,444.0
Q5IJ48,M444Y,0.4529,ambiguous,CRB2,444.0
Q5IJ48,A445C,0.6651,pathogenic,CRB2,445.0
Q5IJ48,A445D,0.1824,benign,CRB2,445.0
Q5IJ48,A445E,0.1632,benign,CRB2,445.0
Q5IJ48,A445F,0.3778,ambiguous,CRB2,445.0
Q5IJ48,A445G,0.1117,benign,CRB2,445.0
Q5IJ48,A445H,0.3989,ambiguous,CRB2,445.0
Q5IJ48,A445I,0.3286,benign,CRB2,445.0
Q5IJ48,A445K,0.3291,benign,CRB2,445.0
Q5IJ48,A445L,0.1906,benign,CRB2,445.0
Q5IJ48,A445M,0.2688,benign,CRB2,445.0
Q5IJ48,A445N,0.2496,benign,CRB2,445.0
Q5IJ48,A445P,0.1137,benign,CRB2,445.0
Q5IJ48,A445Q,0.2528,benign,CRB2,445.0
Q5IJ48,A445R,0.2318,benign,CRB2,445.0
Q5IJ48,A445S,0.1031,benign,CRB2,445.0
Q5IJ48,A445T,0.1123,benign,CRB2,445.0
Q5IJ48,A445V,0.1389,benign,CRB2,445.0
Q5IJ48,A445W,0.5774,pathogenic,CRB2,445.0
Q5IJ48,A445Y,0.4494,ambiguous,CRB2,445.0
Q5IJ48,G446A,0.1383,benign,CRB2,446.0
Q5IJ48,G446C,0.3154,benign,CRB2,446.0
Q5IJ48,G446D,0.1444,benign,CRB2,446.0
Q5IJ48,G446E,0.1572,benign,CRB2,446.0
Q5IJ48,G446F,0.5352,ambiguous,CRB2,446.0
Q5IJ48,G446H,0.2745,benign,CRB2,446.0
Q5IJ48,G446I,0.3742,ambiguous,CRB2,446.0
Q5IJ48,G446K,0.2988,benign,CRB2,446.0
Q5IJ48,G446L,0.4087,ambiguous,CRB2,446.0
Q5IJ48,G446M,0.5046,ambiguous,CRB2,446.0
Q5IJ48,G446N,0.2644,benign,CRB2,446.0
Q5IJ48,G446P,0.5811,pathogenic,CRB2,446.0
Q5IJ48,G446Q,0.231,benign,CRB2,446.0
Q5IJ48,G446R,0.1559,benign,CRB2,446.0
Q5IJ48,G446S,0.1177,benign,CRB2,446.0
Q5IJ48,G446T,0.1908,benign,CRB2,446.0
Q5IJ48,G446V,0.241,benign,CRB2,446.0
Q5IJ48,G446W,0.3034,benign,CRB2,446.0
Q5IJ48,G446Y,0.3912,ambiguous,CRB2,446.0
Q5IJ48,S447A,0.1165,benign,CRB2,447.0
Q5IJ48,S447C,0.1703,benign,CRB2,447.0
Q5IJ48,S447D,0.2006,benign,CRB2,447.0
Q5IJ48,S447E,0.2628,benign,CRB2,447.0
Q5IJ48,S447F,0.1725,benign,CRB2,447.0
Q5IJ48,S447G,0.1009,benign,CRB2,447.0
Q5IJ48,S447H,0.127,benign,CRB2,447.0
Q5IJ48,S447I,0.1133,benign,CRB2,447.0
Q5IJ48,S447K,0.2659,benign,CRB2,447.0
Q5IJ48,S447L,0.1264,benign,CRB2,447.0
Q5IJ48,S447M,0.2004,benign,CRB2,447.0
Q5IJ48,S447N,0.0821,benign,CRB2,447.0
Q5IJ48,S447P,0.2936,benign,CRB2,447.0
Q5IJ48,S447Q,0.2054,benign,CRB2,447.0
Q5IJ48,S447R,0.1762,benign,CRB2,447.0
Q5IJ48,S447T,0.0955,benign,CRB2,447.0
Q5IJ48,S447V,0.1686,benign,CRB2,447.0
Q5IJ48,S447W,0.1986,benign,CRB2,447.0
Q5IJ48,S447Y,0.1285,benign,CRB2,447.0
Q5IJ48,P448A,0.0875,benign,CRB2,448.0
Q5IJ48,P448C,0.4909,ambiguous,CRB2,448.0
Q5IJ48,P448D,0.4065,ambiguous,CRB2,448.0
Q5IJ48,P448E,0.3024,benign,CRB2,448.0
Q5IJ48,P448F,0.3403,ambiguous,CRB2,448.0
Q5IJ48,P448G,0.2508,benign,CRB2,448.0
Q5IJ48,P448H,0.17,benign,CRB2,448.0
Q5IJ48,P448I,0.3047,benign,CRB2,448.0
Q5IJ48,P448K,0.3096,benign,CRB2,448.0
Q5IJ48,P448L,0.1226,benign,CRB2,448.0
Q5IJ48,P448M,0.3278,benign,CRB2,448.0
Q5IJ48,P448N,0.3516,ambiguous,CRB2,448.0
Q5IJ48,P448Q,0.162,benign,CRB2,448.0
Q5IJ48,P448R,0.1223,benign,CRB2,448.0
Q5IJ48,P448S,0.1147,benign,CRB2,448.0
Q5IJ48,P448T,0.116,benign,CRB2,448.0
Q5IJ48,P448V,0.1965,benign,CRB2,448.0
Q5IJ48,P448W,0.3909,ambiguous,CRB2,448.0
Q5IJ48,P448Y,0.3421,ambiguous,CRB2,448.0
Q5IJ48,I449A,0.2477,benign,CRB2,449.0
Q5IJ48,I449C,0.6357,pathogenic,CRB2,449.0
Q5IJ48,I449D,0.6646,pathogenic,CRB2,449.0
Q5IJ48,I449E,0.5136,ambiguous,CRB2,449.0
Q5IJ48,I449F,0.1586,benign,CRB2,449.0
Q5IJ48,I449G,0.4879,ambiguous,CRB2,449.0
Q5IJ48,I449H,0.4622,ambiguous,CRB2,449.0
Q5IJ48,I449K,0.4225,ambiguous,CRB2,449.0
Q5IJ48,I449L,0.0897,benign,CRB2,449.0
Q5IJ48,I449M,0.1215,benign,CRB2,449.0
Q5IJ48,I449N,0.3314,benign,CRB2,449.0
Q5IJ48,I449P,0.4482,ambiguous,CRB2,449.0
Q5IJ48,I449Q,0.3709,ambiguous,CRB2,449.0
Q5IJ48,I449R,0.2727,benign,CRB2,449.0
Q5IJ48,I449S,0.2584,benign,CRB2,449.0
Q5IJ48,I449T,0.2683,benign,CRB2,449.0
Q5IJ48,I449V,0.0734,benign,CRB2,449.0
Q5IJ48,I449W,0.6446,pathogenic,CRB2,449.0
Q5IJ48,I449Y,0.4308,ambiguous,CRB2,449.0
Q5IJ48,Q450A,0.1184,benign,CRB2,450.0
Q5IJ48,Q450C,0.41,ambiguous,CRB2,450.0
Q5IJ48,Q450D,0.2385,benign,CRB2,450.0
Q5IJ48,Q450E,0.0752,benign,CRB2,450.0
Q5IJ48,Q450F,0.3578,ambiguous,CRB2,450.0
Q5IJ48,Q450G,0.1349,benign,CRB2,450.0
Q5IJ48,Q450H,0.1125,benign,CRB2,450.0
Q5IJ48,Q450I,0.2649,benign,CRB2,450.0
Q5IJ48,Q450K,0.0931,benign,CRB2,450.0
Q5IJ48,Q450L,0.0857,benign,CRB2,450.0
Q5IJ48,Q450M,0.2779,benign,CRB2,450.0
Q5IJ48,Q450N,0.2537,benign,CRB2,450.0
Q5IJ48,Q450P,0.0709,benign,CRB2,450.0
Q5IJ48,Q450R,0.0568,benign,CRB2,450.0
Q5IJ48,Q450S,0.1349,benign,CRB2,450.0
Q5IJ48,Q450T,0.1285,benign,CRB2,450.0
Q5IJ48,Q450V,0.1556,benign,CRB2,450.0
Q5IJ48,Q450W,0.1351,benign,CRB2,450.0
Q5IJ48,Q450Y,0.2188,benign,CRB2,450.0
Q5IJ48,A451C,0.5396,ambiguous,CRB2,451.0
Q5IJ48,A451D,0.2502,benign,CRB2,451.0
Q5IJ48,A451E,0.2353,benign,CRB2,451.0
Q5IJ48,A451F,0.227,benign,CRB2,451.0
Q5IJ48,A451G,0.1119,benign,CRB2,451.0
Q5IJ48,A451H,0.4242,ambiguous,CRB2,451.0
Q5IJ48,A451I,0.17,benign,CRB2,451.0
Q5IJ48,A451K,0.3935,ambiguous,CRB2,451.0
Q5IJ48,A451L,0.1474,benign,CRB2,451.0
Q5IJ48,A451M,0.1984,benign,CRB2,451.0
Q5IJ48,A451N,0.2694,benign,CRB2,451.0
Q5IJ48,A451P,0.244,benign,CRB2,451.0
Q5IJ48,A451Q,0.3398,benign,CRB2,451.0
Q5IJ48,A451R,0.3052,benign,CRB2,451.0
Q5IJ48,A451S,0.1121,benign,CRB2,451.0
Q5IJ48,A451T,0.0849,benign,CRB2,451.0
Q5IJ48,A451V,0.0798,benign,CRB2,451.0
Q5IJ48,A451W,0.5747,pathogenic,CRB2,451.0
Q5IJ48,A451Y,0.3704,ambiguous,CRB2,451.0
Q5IJ48,S452A,0.0702,benign,CRB2,452.0
Q5IJ48,S452C,0.1887,benign,CRB2,452.0
Q5IJ48,S452D,0.2273,benign,CRB2,452.0
Q5IJ48,S452E,0.2347,benign,CRB2,452.0
Q5IJ48,S452F,0.1239,benign,CRB2,452.0
Q5IJ48,S452G,0.1083,benign,CRB2,452.0
Q5IJ48,S452H,0.1761,benign,CRB2,452.0
Q5IJ48,S452I,0.1261,benign,CRB2,452.0
Q5IJ48,S452K,0.3081,benign,CRB2,452.0
Q5IJ48,S452L,0.0781,benign,CRB2,452.0
Q5IJ48,S452M,0.168,benign,CRB2,452.0
Q5IJ48,S452N,0.143,benign,CRB2,452.0
Q5IJ48,S452P,0.0889,benign,CRB2,452.0
Q5IJ48,S452Q,0.2267,benign,CRB2,452.0
Q5IJ48,S452R,0.2052,benign,CRB2,452.0
Q5IJ48,S452T,0.0829,benign,CRB2,452.0
Q5IJ48,S452V,0.1187,benign,CRB2,452.0
Q5IJ48,S452W,0.1178,benign,CRB2,452.0
Q5IJ48,S452Y,0.1217,benign,CRB2,452.0
Q5IJ48,V453A,0.1772,benign,CRB2,453.0
Q5IJ48,V453C,0.816,pathogenic,CRB2,453.0
Q5IJ48,V453D,0.4176,ambiguous,CRB2,453.0
Q5IJ48,V453E,0.2873,benign,CRB2,453.0
Q5IJ48,V453F,0.1284,benign,CRB2,453.0
Q5IJ48,V453G,0.1913,benign,CRB2,453.0
Q5IJ48,V453H,0.5502,ambiguous,CRB2,453.0
Q5IJ48,V453I,0.091,benign,CRB2,453.0
Q5IJ48,V453K,0.3858,ambiguous,CRB2,453.0
Q5IJ48,V453L,0.1291,benign,CRB2,453.0
Q5IJ48,V453M,0.1378,benign,CRB2,453.0
Q5IJ48,V453N,0.3798,ambiguous,CRB2,453.0
Q5IJ48,V453P,0.4003,ambiguous,CRB2,453.0
Q5IJ48,V453Q,0.3233,benign,CRB2,453.0
Q5IJ48,V453R,0.2866,benign,CRB2,453.0
Q5IJ48,V453S,0.2346,benign,CRB2,453.0
Q5IJ48,V453T,0.2282,benign,CRB2,453.0
Q5IJ48,V453W,0.6798,pathogenic,CRB2,453.0
Q5IJ48,V453Y,0.5318,ambiguous,CRB2,453.0
Q5IJ48,P454A,0.0706,benign,CRB2,454.0
Q5IJ48,P454C,0.4573,ambiguous,CRB2,454.0
Q5IJ48,P454D,0.268,benign,CRB2,454.0
Q5IJ48,P454E,0.1827,benign,CRB2,454.0
Q5IJ48,P454F,0.2405,benign,CRB2,454.0
Q5IJ48,P454G,0.2064,benign,CRB2,454.0
Q5IJ48,P454H,0.133,benign,CRB2,454.0
Q5IJ48,P454I,0.2262,benign,CRB2,454.0
Q5IJ48,P454K,0.2097,benign,CRB2,454.0
Q5IJ48,P454L,0.081,benign,CRB2,454.0
Q5IJ48,P454M,0.2261,benign,CRB2,454.0
Q5IJ48,P454N,0.2637,benign,CRB2,454.0
Q5IJ48,P454Q,0.1149,benign,CRB2,454.0
Q5IJ48,P454R,0.1028,benign,CRB2,454.0
Q5IJ48,P454S,0.0897,benign,CRB2,454.0
Q5IJ48,P454T,0.0879,benign,CRB2,454.0
Q5IJ48,P454V,0.1508,benign,CRB2,454.0
Q5IJ48,P454W,0.3056,benign,CRB2,454.0
Q5IJ48,P454Y,0.2736,benign,CRB2,454.0
Q5IJ48,A455C,0.3968,ambiguous,CRB2,455.0
Q5IJ48,A455D,0.1401,benign,CRB2,455.0
Q5IJ48,A455E,0.1258,benign,CRB2,455.0
Q5IJ48,A455F,0.2004,benign,CRB2,455.0
Q5IJ48,A455G,0.0913,benign,CRB2,455.0
Q5IJ48,A455H,0.2661,benign,CRB2,455.0
Q5IJ48,A455I,0.1681,benign,CRB2,455.0
Q5IJ48,A455K,0.2171,benign,CRB2,455.0
Q5IJ48,A455L,0.1158,benign,CRB2,455.0
Q5IJ48,A455M,0.1574,benign,CRB2,455.0
Q5IJ48,A455N,0.1852,benign,CRB2,455.0
Q5IJ48,A455P,0.1017,benign,CRB2,455.0
Q5IJ48,A455Q,0.1858,benign,CRB2,455.0
Q5IJ48,A455R,0.1559,benign,CRB2,455.0
Q5IJ48,A455S,0.0839,benign,CRB2,455.0
Q5IJ48,A455T,0.0781,benign,CRB2,455.0
Q5IJ48,A455V,0.0897,benign,CRB2,455.0
Q5IJ48,A455W,0.3864,ambiguous,CRB2,455.0
Q5IJ48,A455Y,0.2872,benign,CRB2,455.0
Q5IJ48,G456A,0.0958,benign,CRB2,456.0
Q5IJ48,G456C,0.2211,benign,CRB2,456.0
Q5IJ48,G456D,0.1071,benign,CRB2,456.0
Q5IJ48,G456E,0.1183,benign,CRB2,456.0
Q5IJ48,G456F,0.3558,ambiguous,CRB2,456.0
Q5IJ48,G456H,0.1971,benign,CRB2,456.0
Q5IJ48,G456I,0.2258,benign,CRB2,456.0
Q5IJ48,G456K,0.2036,benign,CRB2,456.0
Q5IJ48,G456L,0.259,benign,CRB2,456.0
Q5IJ48,G456M,0.3345,benign,CRB2,456.0
Q5IJ48,G456N,0.1966,benign,CRB2,456.0
Q5IJ48,G456P,0.3932,ambiguous,CRB2,456.0
Q5IJ48,G456Q,0.1746,benign,CRB2,456.0
Q5IJ48,G456R,0.1214,benign,CRB2,456.0
Q5IJ48,G456S,0.0849,benign,CRB2,456.0
Q5IJ48,G456T,0.1168,benign,CRB2,456.0
Q5IJ48,G456V,0.1422,benign,CRB2,456.0
Q5IJ48,G456W,0.2228,benign,CRB2,456.0
Q5IJ48,G456Y,0.2768,benign,CRB2,456.0
Q5IJ48,G457A,0.1024,benign,CRB2,457.0
Q5IJ48,G457C,0.1822,benign,CRB2,457.0
Q5IJ48,G457D,0.0908,benign,CRB2,457.0
Q5IJ48,G457E,0.1052,benign,CRB2,457.0
Q5IJ48,G457F,0.2364,benign,CRB2,457.0
Q5IJ48,G457H,0.1498,benign,CRB2,457.0
Q5IJ48,G457I,0.1404,benign,CRB2,457.0
Q5IJ48,G457K,0.1885,benign,CRB2,457.0
Q5IJ48,G457L,0.1754,benign,CRB2,457.0
Q5IJ48,G457M,0.2449,benign,CRB2,457.0
Q5IJ48,G457N,0.1425,benign,CRB2,457.0
Q5IJ48,G457P,0.3535,ambiguous,CRB2,457.0
Q5IJ48,G457Q,0.1512,benign,CRB2,457.0
Q5IJ48,G457R,0.1226,benign,CRB2,457.0
Q5IJ48,G457S,0.0734,benign,CRB2,457.0
Q5IJ48,G457T,0.1085,benign,CRB2,457.0
Q5IJ48,G457V,0.1056,benign,CRB2,457.0
Q5IJ48,G457W,0.1769,benign,CRB2,457.0
Q5IJ48,G457Y,0.1774,benign,CRB2,457.0
Q5IJ48,P458A,0.0722,benign,CRB2,458.0
Q5IJ48,P458C,0.3278,benign,CRB2,458.0
Q5IJ48,P458D,0.1806,benign,CRB2,458.0
Q5IJ48,P458E,0.1524,benign,CRB2,458.0
Q5IJ48,P458F,0.1867,benign,CRB2,458.0
Q5IJ48,P458G,0.163,benign,CRB2,458.0
Q5IJ48,P458H,0.0943,benign,CRB2,458.0
Q5IJ48,P458I,0.1744,benign,CRB2,458.0
Q5IJ48,P458K,0.1734,benign,CRB2,458.0
Q5IJ48,P458L,0.0822,benign,CRB2,458.0
Q5IJ48,P458M,0.1994,benign,CRB2,458.0
Q5IJ48,P458N,0.173,benign,CRB2,458.0
Q5IJ48,P458Q,0.0936,benign,CRB2,458.0
Q5IJ48,P458R,0.0863,benign,CRB2,458.0
Q5IJ48,P458S,0.0726,benign,CRB2,458.0
Q5IJ48,P458T,0.0767,benign,CRB2,458.0
Q5IJ48,P458V,0.1261,benign,CRB2,458.0
Q5IJ48,P458W,0.2503,benign,CRB2,458.0
Q5IJ48,P458Y,0.1938,benign,CRB2,458.0
Q5IJ48,L459A,0.1114,benign,CRB2,459.0
Q5IJ48,L459C,0.4191,ambiguous,CRB2,459.0
Q5IJ48,L459D,0.4033,ambiguous,CRB2,459.0
Q5IJ48,L459E,0.1805,benign,CRB2,459.0
Q5IJ48,L459F,0.1065,benign,CRB2,459.0
Q5IJ48,L459G,0.2332,benign,CRB2,459.0
Q5IJ48,L459H,0.1614,benign,CRB2,459.0
Q5IJ48,L459I,0.1189,benign,CRB2,459.0
Q5IJ48,L459K,0.1781,benign,CRB2,459.0
Q5IJ48,L459M,0.1278,benign,CRB2,459.0
Q5IJ48,L459N,0.3069,benign,CRB2,459.0
Q5IJ48,L459P,0.0737,benign,CRB2,459.0
Q5IJ48,L459Q,0.0989,benign,CRB2,459.0
Q5IJ48,L459R,0.0898,benign,CRB2,459.0
Q5IJ48,L459S,0.1436,benign,CRB2,459.0
Q5IJ48,L459T,0.1323,benign,CRB2,459.0
Q5IJ48,L459V,0.0933,benign,CRB2,459.0
Q5IJ48,L459W,0.1176,benign,CRB2,459.0
Q5IJ48,L459Y,0.2688,benign,CRB2,459.0
Q5IJ48,G460A,0.1046,benign,CRB2,460.0
Q5IJ48,G460C,0.2398,benign,CRB2,460.0
Q5IJ48,G460D,0.1917,benign,CRB2,460.0
Q5IJ48,G460E,0.1656,benign,CRB2,460.0
Q5IJ48,G460F,0.3927,ambiguous,CRB2,460.0
Q5IJ48,G460H,0.2277,benign,CRB2,460.0
Q5IJ48,G460I,0.2333,benign,CRB2,460.0
Q5IJ48,G460K,0.3465,ambiguous,CRB2,460.0
Q5IJ48,G460L,0.2628,benign,CRB2,460.0
Q5IJ48,G460M,0.4089,ambiguous,CRB2,460.0
Q5IJ48,G460N,0.2811,benign,CRB2,460.0
Q5IJ48,G460P,0.6399,pathogenic,CRB2,460.0
Q5IJ48,G460Q,0.2217,benign,CRB2,460.0
Q5IJ48,G460R,0.1744,benign,CRB2,460.0
Q5IJ48,G460S,0.0879,benign,CRB2,460.0
Q5IJ48,G460T,0.1438,benign,CRB2,460.0
Q5IJ48,G460V,0.1533,benign,CRB2,460.0
Q5IJ48,G460W,0.2539,benign,CRB2,460.0
Q5IJ48,G460Y,0.2978,benign,CRB2,460.0
Q5IJ48,L461A,0.563,ambiguous,CRB2,461.0
Q5IJ48,L461C,0.8278,pathogenic,CRB2,461.0
Q5IJ48,L461D,0.9554,pathogenic,CRB2,461.0
Q5IJ48,L461E,0.7899,pathogenic,CRB2,461.0
Q5IJ48,L461F,0.1811,benign,CRB2,461.0
Q5IJ48,L461G,0.8168,pathogenic,CRB2,461.0
Q5IJ48,L461H,0.7373,pathogenic,CRB2,461.0
Q5IJ48,L461I,0.1183,benign,CRB2,461.0
Q5IJ48,L461K,0.7892,pathogenic,CRB2,461.0
Q5IJ48,L461M,0.1555,benign,CRB2,461.0
Q5IJ48,L461N,0.8897,pathogenic,CRB2,461.0
Q5IJ48,L461P,0.7467,pathogenic,CRB2,461.0
Q5IJ48,L461Q,0.5964,pathogenic,CRB2,461.0
Q5IJ48,L461R,0.648,pathogenic,CRB2,461.0
Q5IJ48,L461S,0.7752,pathogenic,CRB2,461.0
Q5IJ48,L461T,0.5749,pathogenic,CRB2,461.0
Q5IJ48,L461V,0.1178,benign,CRB2,461.0
Q5IJ48,L461W,0.4379,ambiguous,CRB2,461.0
Q5IJ48,L461Y,0.6705,pathogenic,CRB2,461.0
Q5IJ48,A462C,0.5896,pathogenic,CRB2,462.0
Q5IJ48,A462D,0.2264,benign,CRB2,462.0
Q5IJ48,A462E,0.1826,benign,CRB2,462.0
Q5IJ48,A462F,0.2212,benign,CRB2,462.0
Q5IJ48,A462G,0.129,benign,CRB2,462.0
Q5IJ48,A462H,0.3285,benign,CRB2,462.0
Q5IJ48,A462I,0.2497,benign,CRB2,462.0
Q5IJ48,A462K,0.3582,ambiguous,CRB2,462.0
Q5IJ48,A462L,0.159,benign,CRB2,462.0
Q5IJ48,A462M,0.231,benign,CRB2,462.0
Q5IJ48,A462N,0.256,benign,CRB2,462.0
Q5IJ48,A462P,0.6387,pathogenic,CRB2,462.0
Q5IJ48,A462Q,0.2291,benign,CRB2,462.0
Q5IJ48,A462R,0.2266,benign,CRB2,462.0
Q5IJ48,A462S,0.0851,benign,CRB2,462.0
Q5IJ48,A462T,0.0965,benign,CRB2,462.0
Q5IJ48,A462V,0.1191,benign,CRB2,462.0
Q5IJ48,A462W,0.5478,ambiguous,CRB2,462.0
Q5IJ48,A462Y,0.3691,ambiguous,CRB2,462.0
Q5IJ48,L463A,0.7285,pathogenic,CRB2,463.0
Q5IJ48,L463C,0.8788,pathogenic,CRB2,463.0
Q5IJ48,L463D,0.9916,pathogenic,CRB2,463.0
Q5IJ48,L463E,0.9462,pathogenic,CRB2,463.0
Q5IJ48,L463F,0.1712,benign,CRB2,463.0
Q5IJ48,L463G,0.8952,pathogenic,CRB2,463.0
Q5IJ48,L463H,0.9066,pathogenic,CRB2,463.0
Q5IJ48,L463I,0.2054,benign,CRB2,463.0
Q5IJ48,L463K,0.9471,pathogenic,CRB2,463.0
Q5IJ48,L463M,0.221,benign,CRB2,463.0
Q5IJ48,L463N,0.9715,pathogenic,CRB2,463.0
Q5IJ48,L463P,0.882,pathogenic,CRB2,463.0
Q5IJ48,L463Q,0.8104,pathogenic,CRB2,463.0
Q5IJ48,L463R,0.847,pathogenic,CRB2,463.0
Q5IJ48,L463S,0.8918,pathogenic,CRB2,463.0
Q5IJ48,L463T,0.8165,pathogenic,CRB2,463.0
Q5IJ48,L463V,0.1715,benign,CRB2,463.0
Q5IJ48,L463W,0.5964,pathogenic,CRB2,463.0
Q5IJ48,L463Y,0.8362,pathogenic,CRB2,463.0
Q5IJ48,R464A,0.3796,ambiguous,CRB2,464.0
Q5IJ48,R464C,0.2283,benign,CRB2,464.0
Q5IJ48,R464D,0.7637,pathogenic,CRB2,464.0
Q5IJ48,R464E,0.4931,ambiguous,CRB2,464.0
Q5IJ48,R464F,0.5851,pathogenic,CRB2,464.0
Q5IJ48,R464G,0.3114,benign,CRB2,464.0
Q5IJ48,R464H,0.1133,benign,CRB2,464.0
Q5IJ48,R464I,0.4399,ambiguous,CRB2,464.0
Q5IJ48,R464K,0.3056,benign,CRB2,464.0
Q5IJ48,R464L,0.2405,benign,CRB2,464.0
Q5IJ48,R464M,0.4805,ambiguous,CRB2,464.0
Q5IJ48,R464N,0.6291,pathogenic,CRB2,464.0
Q5IJ48,R464P,0.8994,pathogenic,CRB2,464.0
Q5IJ48,R464Q,0.1054,benign,CRB2,464.0
Q5IJ48,R464S,0.3598,ambiguous,CRB2,464.0
Q5IJ48,R464T,0.3294,benign,CRB2,464.0
Q5IJ48,R464V,0.4536,ambiguous,CRB2,464.0
Q5IJ48,R464W,0.1701,benign,CRB2,464.0
Q5IJ48,R464Y,0.3877,ambiguous,CRB2,464.0
Q5IJ48,F465A,0.985,pathogenic,CRB2,465.0
Q5IJ48,F465C,0.9641,pathogenic,CRB2,465.0
Q5IJ48,F465D,0.9981,pathogenic,CRB2,465.0
Q5IJ48,F465E,0.9975,pathogenic,CRB2,465.0
Q5IJ48,F465G,0.9896,pathogenic,CRB2,465.0
Q5IJ48,F465H,0.9824,pathogenic,CRB2,465.0
Q5IJ48,F465I,0.799,pathogenic,CRB2,465.0
Q5IJ48,F465K,0.9975,pathogenic,CRB2,465.0
Q5IJ48,F465L,0.9689,pathogenic,CRB2,465.0
Q5IJ48,F465M,0.9419,pathogenic,CRB2,465.0
Q5IJ48,F465N,0.9954,pathogenic,CRB2,465.0
Q5IJ48,F465P,0.9986,pathogenic,CRB2,465.0
Q5IJ48,F465Q,0.9941,pathogenic,CRB2,465.0
Q5IJ48,F465R,0.9903,pathogenic,CRB2,465.0
Q5IJ48,F465S,0.985,pathogenic,CRB2,465.0
Q5IJ48,F465T,0.9909,pathogenic,CRB2,465.0
Q5IJ48,F465V,0.8307,pathogenic,CRB2,465.0
Q5IJ48,F465W,0.8632,pathogenic,CRB2,465.0
Q5IJ48,F465Y,0.6911,pathogenic,CRB2,465.0
Q5IJ48,R466A,0.5482,ambiguous,CRB2,466.0
Q5IJ48,R466C,0.1772,benign,CRB2,466.0
Q5IJ48,R466D,0.9144,pathogenic,CRB2,466.0
Q5IJ48,R466E,0.6219,pathogenic,CRB2,466.0
Q5IJ48,R466F,0.7434,pathogenic,CRB2,466.0
Q5IJ48,R466G,0.4753,ambiguous,CRB2,466.0
Q5IJ48,R466H,0.1655,benign,CRB2,466.0
Q5IJ48,R466I,0.6058,pathogenic,CRB2,466.0
Q5IJ48,R466K,0.3303,benign,CRB2,466.0
Q5IJ48,R466L,0.3647,ambiguous,CRB2,466.0
Q5IJ48,R466M,0.6388,pathogenic,CRB2,466.0
Q5IJ48,R466N,0.8402,pathogenic,CRB2,466.0
Q5IJ48,R466P,0.9381,pathogenic,CRB2,466.0
Q5IJ48,R466Q,0.1129,benign,CRB2,466.0
Q5IJ48,R466S,0.6024,pathogenic,CRB2,466.0
Q5IJ48,R466T,0.5955,pathogenic,CRB2,466.0
Q5IJ48,R466V,0.6037,pathogenic,CRB2,466.0
Q5IJ48,R466W,0.3109,benign,CRB2,466.0
Q5IJ48,R466Y,0.575,pathogenic,CRB2,466.0
Q5IJ48,T467A,0.4541,ambiguous,CRB2,467.0
Q5IJ48,T467C,0.8746,pathogenic,CRB2,467.0
Q5IJ48,T467D,0.9019,pathogenic,CRB2,467.0
Q5IJ48,T467E,0.913,pathogenic,CRB2,467.0
Q5IJ48,T467F,0.9007,pathogenic,CRB2,467.0
Q5IJ48,T467G,0.6759,pathogenic,CRB2,467.0
Q5IJ48,T467H,0.818,pathogenic,CRB2,467.0
Q5IJ48,T467I,0.899,pathogenic,CRB2,467.0
Q5IJ48,T467K,0.8746,pathogenic,CRB2,467.0
Q5IJ48,T467L,0.5604,ambiguous,CRB2,467.0
Q5IJ48,T467M,0.3475,ambiguous,CRB2,467.0
Q5IJ48,T467N,0.6303,pathogenic,CRB2,467.0
Q5IJ48,T467P,0.7151,pathogenic,CRB2,467.0
Q5IJ48,T467Q,0.8442,pathogenic,CRB2,467.0
Q5IJ48,T467R,0.8238,pathogenic,CRB2,467.0
Q5IJ48,T467S,0.3064,benign,CRB2,467.0
Q5IJ48,T467V,0.7689,pathogenic,CRB2,467.0
Q5IJ48,T467W,0.9553,pathogenic,CRB2,467.0
Q5IJ48,T467Y,0.9069,pathogenic,CRB2,467.0
Q5IJ48,T468A,0.2186,benign,CRB2,468.0
Q5IJ48,T468C,0.8601,pathogenic,CRB2,468.0
Q5IJ48,T468D,0.7718,pathogenic,CRB2,468.0
Q5IJ48,T468E,0.747,pathogenic,CRB2,468.0
Q5IJ48,T468F,0.6937,pathogenic,CRB2,468.0
Q5IJ48,T468G,0.5652,pathogenic,CRB2,468.0
Q5IJ48,T468H,0.6476,pathogenic,CRB2,468.0
Q5IJ48,T468I,0.5659,pathogenic,CRB2,468.0
Q5IJ48,T468K,0.6822,pathogenic,CRB2,468.0
Q5IJ48,T468L,0.3118,benign,CRB2,468.0
Q5IJ48,T468M,0.2442,benign,CRB2,468.0
Q5IJ48,T468N,0.4269,ambiguous,CRB2,468.0
Q5IJ48,T468P,0.2917,benign,CRB2,468.0
Q5IJ48,T468Q,0.6169,pathogenic,CRB2,468.0
Q5IJ48,T468R,0.5182,ambiguous,CRB2,468.0
Q5IJ48,T468S,0.2111,benign,CRB2,468.0
Q5IJ48,T468V,0.3882,ambiguous,CRB2,468.0
Q5IJ48,T468W,0.8806,pathogenic,CRB2,468.0
Q5IJ48,T468Y,0.7788,pathogenic,CRB2,468.0
Q5IJ48,L469A,0.3254,benign,CRB2,469.0
Q5IJ48,L469C,0.6589,pathogenic,CRB2,469.0
Q5IJ48,L469D,0.7805,pathogenic,CRB2,469.0
Q5IJ48,L469E,0.4061,ambiguous,CRB2,469.0
Q5IJ48,L469F,0.2369,benign,CRB2,469.0
Q5IJ48,L469G,0.5935,pathogenic,CRB2,469.0
Q5IJ48,L469H,0.3335,benign,CRB2,469.0
Q5IJ48,L469I,0.0966,benign,CRB2,469.0
Q5IJ48,L469K,0.3995,ambiguous,CRB2,469.0
Q5IJ48,L469M,0.1888,benign,CRB2,469.0
Q5IJ48,L469N,0.5167,ambiguous,CRB2,469.0
Q5IJ48,L469P,0.614,pathogenic,CRB2,469.0
Q5IJ48,L469Q,0.1972,benign,CRB2,469.0
Q5IJ48,L469R,0.1947,benign,CRB2,469.0
Q5IJ48,L469S,0.387,ambiguous,CRB2,469.0
Q5IJ48,L469T,0.3358,benign,CRB2,469.0
Q5IJ48,L469V,0.0933,benign,CRB2,469.0
Q5IJ48,L469W,0.365,ambiguous,CRB2,469.0
Q5IJ48,L469Y,0.5145,ambiguous,CRB2,469.0
Q5IJ48,P470A,0.0818,benign,CRB2,470.0
Q5IJ48,P470C,0.5002,ambiguous,CRB2,470.0
Q5IJ48,P470D,0.3385,benign,CRB2,470.0
Q5IJ48,P470E,0.2149,benign,CRB2,470.0
Q5IJ48,P470F,0.3654,ambiguous,CRB2,470.0
Q5IJ48,P470G,0.2531,benign,CRB2,470.0
Q5IJ48,P470H,0.1644,benign,CRB2,470.0
Q5IJ48,P470I,0.3036,benign,CRB2,470.0
Q5IJ48,P470K,0.2717,benign,CRB2,470.0
Q5IJ48,P470L,0.0872,benign,CRB2,470.0
Q5IJ48,P470M,0.2951,benign,CRB2,470.0
Q5IJ48,P470N,0.3488,ambiguous,CRB2,470.0
Q5IJ48,P470Q,0.1392,benign,CRB2,470.0
Q5IJ48,P470R,0.1237,benign,CRB2,470.0
Q5IJ48,P470S,0.1162,benign,CRB2,470.0
Q5IJ48,P470T,0.1102,benign,CRB2,470.0
Q5IJ48,P470V,0.1873,benign,CRB2,470.0
Q5IJ48,P470W,0.3707,ambiguous,CRB2,470.0
Q5IJ48,P470Y,0.3592,ambiguous,CRB2,470.0
Q5IJ48,A471C,0.408,ambiguous,CRB2,471.0
Q5IJ48,A471D,0.146,benign,CRB2,471.0
Q5IJ48,A471E,0.1278,benign,CRB2,471.0
Q5IJ48,A471F,0.2324,benign,CRB2,471.0
Q5IJ48,A471G,0.0966,benign,CRB2,471.0
Q5IJ48,A471H,0.2747,benign,CRB2,471.0
Q5IJ48,A471I,0.2427,benign,CRB2,471.0
Q5IJ48,A471K,0.2459,benign,CRB2,471.0
Q5IJ48,A471L,0.1523,benign,CRB2,471.0
Q5IJ48,A471M,0.1938,benign,CRB2,471.0
Q5IJ48,A471N,0.1957,benign,CRB2,471.0
Q5IJ48,A471P,0.2742,benign,CRB2,471.0
Q5IJ48,A471Q,0.19,benign,CRB2,471.0
Q5IJ48,A471R,0.1653,benign,CRB2,471.0
Q5IJ48,A471S,0.0822,benign,CRB2,471.0
Q5IJ48,A471T,0.082,benign,CRB2,471.0
Q5IJ48,A471V,0.1151,benign,CRB2,471.0
Q5IJ48,A471W,0.3918,ambiguous,CRB2,471.0
Q5IJ48,A471Y,0.3061,benign,CRB2,471.0
Q5IJ48,G472A,0.1602,benign,CRB2,472.0
Q5IJ48,G472C,0.5436,ambiguous,CRB2,472.0
Q5IJ48,G472D,0.6352,pathogenic,CRB2,472.0
Q5IJ48,G472E,0.6092,pathogenic,CRB2,472.0
Q5IJ48,G472F,0.8395,pathogenic,CRB2,472.0
Q5IJ48,G472H,0.8047,pathogenic,CRB2,472.0
Q5IJ48,G472I,0.6783,pathogenic,CRB2,472.0
Q5IJ48,G472K,0.8093,pathogenic,CRB2,472.0
Q5IJ48,G472L,0.7265,pathogenic,CRB2,472.0
Q5IJ48,G472M,0.7668,pathogenic,CRB2,472.0
Q5IJ48,G472N,0.7437,pathogenic,CRB2,472.0
Q5IJ48,G472P,0.9494,pathogenic,CRB2,472.0
Q5IJ48,G472Q,0.6976,pathogenic,CRB2,472.0
Q5IJ48,G472R,0.6118,pathogenic,CRB2,472.0
Q5IJ48,G472S,0.2069,benign,CRB2,472.0
Q5IJ48,G472T,0.4122,ambiguous,CRB2,472.0
Q5IJ48,G472V,0.4569,ambiguous,CRB2,472.0
Q5IJ48,G472W,0.7565,pathogenic,CRB2,472.0
Q5IJ48,G472Y,0.8037,pathogenic,CRB2,472.0
Q5IJ48,T473A,0.063,benign,CRB2,473.0
Q5IJ48,T473C,0.3335,benign,CRB2,473.0
Q5IJ48,T473D,0.2635,benign,CRB2,473.0
Q5IJ48,T473E,0.2126,benign,CRB2,473.0
Q5IJ48,T473F,0.127,benign,CRB2,473.0
Q5IJ48,T473G,0.16,benign,CRB2,473.0
Q5IJ48,T473H,0.1378,benign,CRB2,473.0
Q5IJ48,T473I,0.0743,benign,CRB2,473.0
Q5IJ48,T473K,0.1106,benign,CRB2,473.0
Q5IJ48,T473L,0.0652,benign,CRB2,473.0
Q5IJ48,T473M,0.0796,benign,CRB2,473.0
Q5IJ48,T473N,0.0959,benign,CRB2,473.0
Q5IJ48,T473P,0.0718,benign,CRB2,473.0
Q5IJ48,T473Q,0.1417,benign,CRB2,473.0
Q5IJ48,T473R,0.0767,benign,CRB2,473.0
Q5IJ48,T473S,0.091,benign,CRB2,473.0
Q5IJ48,T473V,0.0789,benign,CRB2,473.0
Q5IJ48,T473W,0.3217,benign,CRB2,473.0
Q5IJ48,T473Y,0.161,benign,CRB2,473.0
Q5IJ48,L474A,0.6896,pathogenic,CRB2,474.0
Q5IJ48,L474C,0.9434,pathogenic,CRB2,474.0
Q5IJ48,L474D,0.9877,pathogenic,CRB2,474.0
Q5IJ48,L474E,0.9179,pathogenic,CRB2,474.0
Q5IJ48,L474F,0.3648,ambiguous,CRB2,474.0
Q5IJ48,L474G,0.9259,pathogenic,CRB2,474.0
Q5IJ48,L474H,0.9137,pathogenic,CRB2,474.0
Q5IJ48,L474I,0.129,benign,CRB2,474.0
Q5IJ48,L474K,0.911,pathogenic,CRB2,474.0
Q5IJ48,L474M,0.2958,benign,CRB2,474.0
Q5IJ48,L474N,0.9723,pathogenic,CRB2,474.0
Q5IJ48,L474P,0.6141,pathogenic,CRB2,474.0
Q5IJ48,L474Q,0.8255,pathogenic,CRB2,474.0
Q5IJ48,L474R,0.7713,pathogenic,CRB2,474.0
Q5IJ48,L474S,0.927,pathogenic,CRB2,474.0
Q5IJ48,L474T,0.7779,pathogenic,CRB2,474.0
Q5IJ48,L474V,0.1352,benign,CRB2,474.0
Q5IJ48,L474W,0.7173,pathogenic,CRB2,474.0
Q5IJ48,L474Y,0.8992,pathogenic,CRB2,474.0
Q5IJ48,A475C,0.6932,pathogenic,CRB2,475.0
Q5IJ48,A475D,0.8792,pathogenic,CRB2,475.0
Q5IJ48,A475E,0.8188,pathogenic,CRB2,475.0
Q5IJ48,A475F,0.3734,ambiguous,CRB2,475.0
Q5IJ48,A475G,0.2223,benign,CRB2,475.0
Q5IJ48,A475H,0.8829,pathogenic,CRB2,475.0
Q5IJ48,A475I,0.3436,ambiguous,CRB2,475.0
Q5IJ48,A475K,0.9357,pathogenic,CRB2,475.0
Q5IJ48,A475L,0.191,benign,CRB2,475.0
Q5IJ48,A475M,0.3807,ambiguous,CRB2,475.0
Q5IJ48,A475N,0.8533,pathogenic,CRB2,475.0
Q5IJ48,A475P,0.8777,pathogenic,CRB2,475.0
Q5IJ48,A475Q,0.816,pathogenic,CRB2,475.0
Q5IJ48,A475R,0.8354,pathogenic,CRB2,475.0
Q5IJ48,A475S,0.2947,benign,CRB2,475.0
Q5IJ48,A475T,0.2522,benign,CRB2,475.0
Q5IJ48,A475V,0.1491,benign,CRB2,475.0
Q5IJ48,A475W,0.8571,pathogenic,CRB2,475.0
Q5IJ48,A475Y,0.7099,pathogenic,CRB2,475.0
Q5IJ48,T476A,0.0773,benign,CRB2,476.0
Q5IJ48,T476C,0.4023,ambiguous,CRB2,476.0
Q5IJ48,T476D,0.3845,ambiguous,CRB2,476.0
Q5IJ48,T476E,0.2372,benign,CRB2,476.0
Q5IJ48,T476F,0.1402,benign,CRB2,476.0
Q5IJ48,T476G,0.202,benign,CRB2,476.0
Q5IJ48,T476H,0.167,benign,CRB2,476.0
Q5IJ48,T476I,0.0965,benign,CRB2,476.0
Q5IJ48,T476K,0.1319,benign,CRB2,476.0
Q5IJ48,T476L,0.0766,benign,CRB2,476.0
Q5IJ48,T476M,0.0868,benign,CRB2,476.0
Q5IJ48,T476N,0.153,benign,CRB2,476.0
Q5IJ48,T476P,0.2691,benign,CRB2,476.0
Q5IJ48,T476Q,0.1419,benign,CRB2,476.0
Q5IJ48,T476R,0.0812,benign,CRB2,476.0
Q5IJ48,T476S,0.1031,benign,CRB2,476.0
Q5IJ48,T476V,0.0968,benign,CRB2,476.0
Q5IJ48,T476W,0.3165,benign,CRB2,476.0
Q5IJ48,T476Y,0.2033,benign,CRB2,476.0
Q5IJ48,R477A,0.3962,ambiguous,CRB2,477.0
Q5IJ48,R477C,0.1411,benign,CRB2,477.0
Q5IJ48,R477D,0.7026,pathogenic,CRB2,477.0
Q5IJ48,R477E,0.4091,ambiguous,CRB2,477.0
Q5IJ48,R477F,0.4645,ambiguous,CRB2,477.0
Q5IJ48,R477G,0.2768,benign,CRB2,477.0
Q5IJ48,R477H,0.1183,benign,CRB2,477.0
Q5IJ48,R477I,0.2899,benign,CRB2,477.0
Q5IJ48,R477K,0.2341,benign,CRB2,477.0
Q5IJ48,R477L,0.2097,benign,CRB2,477.0
Q5IJ48,R477M,0.4245,ambiguous,CRB2,477.0
Q5IJ48,R477N,0.67,pathogenic,CRB2,477.0
Q5IJ48,R477P,0.7464,pathogenic,CRB2,477.0
Q5IJ48,R477Q,0.1121,benign,CRB2,477.0
Q5IJ48,R477S,0.4612,ambiguous,CRB2,477.0
Q5IJ48,R477T,0.3628,ambiguous,CRB2,477.0
Q5IJ48,R477V,0.3116,benign,CRB2,477.0
Q5IJ48,R477W,0.1352,benign,CRB2,477.0
Q5IJ48,R477Y,0.3018,benign,CRB2,477.0
Q5IJ48,N478A,0.1183,benign,CRB2,478.0
Q5IJ48,N478C,0.2576,benign,CRB2,478.0
Q5IJ48,N478D,0.1132,benign,CRB2,478.0
Q5IJ48,N478E,0.1661,benign,CRB2,478.0
Q5IJ48,N478F,0.293,benign,CRB2,478.0
Q5IJ48,N478G,0.1607,benign,CRB2,478.0
Q5IJ48,N478H,0.074,benign,CRB2,478.0
Q5IJ48,N478I,0.1245,benign,CRB2,478.0
Q5IJ48,N478K,0.1241,benign,CRB2,478.0
Q5IJ48,N478L,0.1294,benign,CRB2,478.0
Q5IJ48,N478M,0.1775,benign,CRB2,478.0
Q5IJ48,N478P,0.3242,benign,CRB2,478.0
Q5IJ48,N478Q,0.1494,benign,CRB2,478.0
Q5IJ48,N478R,0.1131,benign,CRB2,478.0
Q5IJ48,N478S,0.0644,benign,CRB2,478.0
Q5IJ48,N478T,0.0689,benign,CRB2,478.0
Q5IJ48,N478V,0.1374,benign,CRB2,478.0
Q5IJ48,N478W,0.3541,ambiguous,CRB2,478.0
Q5IJ48,N478Y,0.1037,benign,CRB2,478.0
Q5IJ48,D479A,0.1519,benign,CRB2,479.0
Q5IJ48,D479C,0.5707,pathogenic,CRB2,479.0
Q5IJ48,D479E,0.2384,benign,CRB2,479.0
Q5IJ48,D479F,0.5095,ambiguous,CRB2,479.0
Q5IJ48,D479G,0.1085,benign,CRB2,479.0
Q5IJ48,D479H,0.2029,benign,CRB2,479.0
Q5IJ48,D479I,0.3633,ambiguous,CRB2,479.0
Q5IJ48,D479K,0.334,benign,CRB2,479.0
Q5IJ48,D479L,0.3409,ambiguous,CRB2,479.0
Q5IJ48,D479M,0.6175,pathogenic,CRB2,479.0
Q5IJ48,D479N,0.0972,benign,CRB2,479.0
Q5IJ48,D479P,0.6024,pathogenic,CRB2,479.0
Q5IJ48,D479Q,0.2971,benign,CRB2,479.0
Q5IJ48,D479R,0.2657,benign,CRB2,479.0
Q5IJ48,D479S,0.1087,benign,CRB2,479.0
Q5IJ48,D479T,0.2177,benign,CRB2,479.0
Q5IJ48,D479V,0.2465,benign,CRB2,479.0
Q5IJ48,D479W,0.7653,pathogenic,CRB2,479.0
Q5IJ48,D479Y,0.2188,benign,CRB2,479.0
Q5IJ48,T480A,0.0662,benign,CRB2,480.0
Q5IJ48,T480C,0.4029,ambiguous,CRB2,480.0
Q5IJ48,T480D,0.1713,benign,CRB2,480.0
Q5IJ48,T480E,0.1432,benign,CRB2,480.0
Q5IJ48,T480F,0.1702,benign,CRB2,480.0
Q5IJ48,T480G,0.1254,benign,CRB2,480.0
Q5IJ48,T480H,0.1536,benign,CRB2,480.0
Q5IJ48,T480I,0.137,benign,CRB2,480.0
Q5IJ48,T480K,0.1185,benign,CRB2,480.0
Q5IJ48,T480L,0.0943,benign,CRB2,480.0
Q5IJ48,T480M,0.0897,benign,CRB2,480.0
Q5IJ48,T480N,0.0984,benign,CRB2,480.0
Q5IJ48,T480P,0.0696,benign,CRB2,480.0
Q5IJ48,T480Q,0.1239,benign,CRB2,480.0
Q5IJ48,T480R,0.0802,benign,CRB2,480.0
Q5IJ48,T480S,0.0828,benign,CRB2,480.0
Q5IJ48,T480V,0.1219,benign,CRB2,480.0
Q5IJ48,T480W,0.2958,benign,CRB2,480.0
Q5IJ48,T480Y,0.2055,benign,CRB2,480.0
Q5IJ48,K481A,0.125,benign,CRB2,481.0
Q5IJ48,K481C,0.4816,ambiguous,CRB2,481.0
Q5IJ48,K481D,0.1953,benign,CRB2,481.0
Q5IJ48,K481E,0.0647,benign,CRB2,481.0
Q5IJ48,K481F,0.4791,ambiguous,CRB2,481.0
Q5IJ48,K481G,0.1227,benign,CRB2,481.0
Q5IJ48,K481H,0.163,benign,CRB2,481.0
Q5IJ48,K481I,0.2472,benign,CRB2,481.0
Q5IJ48,K481L,0.1586,benign,CRB2,481.0
Q5IJ48,K481M,0.1289,benign,CRB2,481.0
Q5IJ48,K481N,0.1657,benign,CRB2,481.0
Q5IJ48,K481P,0.2354,benign,CRB2,481.0
Q5IJ48,K481Q,0.0713,benign,CRB2,481.0
Q5IJ48,K481R,0.0633,benign,CRB2,481.0
Q5IJ48,K481S,0.1387,benign,CRB2,481.0
Q5IJ48,K481T,0.086,benign,CRB2,481.0
Q5IJ48,K481V,0.1808,benign,CRB2,481.0
Q5IJ48,K481W,0.3282,benign,CRB2,481.0
Q5IJ48,K481Y,0.3115,benign,CRB2,481.0
Q5IJ48,E482A,0.0964,benign,CRB2,482.0
Q5IJ48,E482C,0.6514,pathogenic,CRB2,482.0
Q5IJ48,E482D,0.0803,benign,CRB2,482.0
Q5IJ48,E482F,0.4013,ambiguous,CRB2,482.0
Q5IJ48,E482G,0.0739,benign,CRB2,482.0
Q5IJ48,E482H,0.2076,benign,CRB2,482.0
Q5IJ48,E482I,0.247,benign,CRB2,482.0
Q5IJ48,E482K,0.1292,benign,CRB2,482.0
Q5IJ48,E482L,0.2274,benign,CRB2,482.0
Q5IJ48,E482M,0.3404,ambiguous,CRB2,482.0
Q5IJ48,E482N,0.124,benign,CRB2,482.0
Q5IJ48,E482P,0.3565,ambiguous,CRB2,482.0
Q5IJ48,E482Q,0.0974,benign,CRB2,482.0
Q5IJ48,E482R,0.1414,benign,CRB2,482.0
Q5IJ48,E482S,0.1159,benign,CRB2,482.0
Q5IJ48,E482T,0.1382,benign,CRB2,482.0
Q5IJ48,E482V,0.1387,benign,CRB2,482.0
Q5IJ48,E482W,0.5519,ambiguous,CRB2,482.0
Q5IJ48,E482Y,0.2561,benign,CRB2,482.0
Q5IJ48,S483A,0.119,benign,CRB2,483.0
Q5IJ48,S483C,0.1911,benign,CRB2,483.0
Q5IJ48,S483D,0.2594,benign,CRB2,483.0
Q5IJ48,S483E,0.3126,benign,CRB2,483.0
Q5IJ48,S483F,0.2139,benign,CRB2,483.0
Q5IJ48,S483G,0.078,benign,CRB2,483.0
Q5IJ48,S483H,0.1511,benign,CRB2,483.0
Q5IJ48,S483I,0.1182,benign,CRB2,483.0
Q5IJ48,S483K,0.3199,benign,CRB2,483.0
Q5IJ48,S483L,0.1652,benign,CRB2,483.0
Q5IJ48,S483M,0.2081,benign,CRB2,483.0
Q5IJ48,S483N,0.1069,benign,CRB2,483.0
Q5IJ48,S483P,0.4622,ambiguous,CRB2,483.0
Q5IJ48,S483Q,0.2459,benign,CRB2,483.0
Q5IJ48,S483R,0.2088,benign,CRB2,483.0
Q5IJ48,S483T,0.0979,benign,CRB2,483.0
Q5IJ48,S483V,0.1899,benign,CRB2,483.0
Q5IJ48,S483W,0.2144,benign,CRB2,483.0
Q5IJ48,S483Y,0.1476,benign,CRB2,483.0
Q5IJ48,L484A,0.4204,ambiguous,CRB2,484.0
Q5IJ48,L484C,0.777,pathogenic,CRB2,484.0
Q5IJ48,L484D,0.9573,pathogenic,CRB2,484.0
Q5IJ48,L484E,0.734,pathogenic,CRB2,484.0
Q5IJ48,L484F,0.1987,benign,CRB2,484.0
Q5IJ48,L484G,0.7688,pathogenic,CRB2,484.0
Q5IJ48,L484H,0.6909,pathogenic,CRB2,484.0
Q5IJ48,L484I,0.1154,benign,CRB2,484.0
Q5IJ48,L484K,0.7395,pathogenic,CRB2,484.0
Q5IJ48,L484M,0.1607,benign,CRB2,484.0
Q5IJ48,L484N,0.8991,pathogenic,CRB2,484.0
Q5IJ48,L484P,0.7561,pathogenic,CRB2,484.0
Q5IJ48,L484Q,0.4789,ambiguous,CRB2,484.0
Q5IJ48,L484R,0.5001,ambiguous,CRB2,484.0
Q5IJ48,L484S,0.6903,pathogenic,CRB2,484.0
Q5IJ48,L484T,0.4127,ambiguous,CRB2,484.0
Q5IJ48,L484V,0.0996,benign,CRB2,484.0
Q5IJ48,L484W,0.358,ambiguous,CRB2,484.0
Q5IJ48,L484Y,0.6756,pathogenic,CRB2,484.0
Q5IJ48,E485A,0.1509,benign,CRB2,485.0
Q5IJ48,E485C,0.8328,pathogenic,CRB2,485.0
Q5IJ48,E485D,0.3473,ambiguous,CRB2,485.0
Q5IJ48,E485F,0.6686,pathogenic,CRB2,485.0
Q5IJ48,E485G,0.2559,benign,CRB2,485.0
Q5IJ48,E485H,0.3244,benign,CRB2,485.0
Q5IJ48,E485I,0.4119,ambiguous,CRB2,485.0
Q5IJ48,E485K,0.1657,benign,CRB2,485.0
Q5IJ48,E485L,0.3354,benign,CRB2,485.0
Q5IJ48,E485M,0.4625,ambiguous,CRB2,485.0
Q5IJ48,E485N,0.452,ambiguous,CRB2,485.0
Q5IJ48,E485P,0.9021,pathogenic,CRB2,485.0
Q5IJ48,E485Q,0.0861,benign,CRB2,485.0
Q5IJ48,E485R,0.1748,benign,CRB2,485.0
Q5IJ48,E485S,0.2505,benign,CRB2,485.0
Q5IJ48,E485T,0.2484,benign,CRB2,485.0
Q5IJ48,E485V,0.2151,benign,CRB2,485.0
Q5IJ48,E485W,0.8029,pathogenic,CRB2,485.0
Q5IJ48,E485Y,0.5611,ambiguous,CRB2,485.0
Q5IJ48,L486A,0.6961,pathogenic,CRB2,486.0
Q5IJ48,L486C,0.9348,pathogenic,CRB2,486.0
Q5IJ48,L486D,0.98,pathogenic,CRB2,486.0
Q5IJ48,L486E,0.9167,pathogenic,CRB2,486.0
Q5IJ48,L486F,0.4336,ambiguous,CRB2,486.0
Q5IJ48,L486G,0.9045,pathogenic,CRB2,486.0
Q5IJ48,L486H,0.9335,pathogenic,CRB2,486.0
Q5IJ48,L486I,0.1511,benign,CRB2,486.0
Q5IJ48,L486K,0.931,pathogenic,CRB2,486.0
Q5IJ48,L486M,0.2549,benign,CRB2,486.0
Q5IJ48,L486N,0.9581,pathogenic,CRB2,486.0
Q5IJ48,L486P,0.8769,pathogenic,CRB2,486.0
Q5IJ48,L486Q,0.8588,pathogenic,CRB2,486.0
Q5IJ48,L486R,0.8572,pathogenic,CRB2,486.0
Q5IJ48,L486S,0.9361,pathogenic,CRB2,486.0
Q5IJ48,L486T,0.7614,pathogenic,CRB2,486.0
Q5IJ48,L486V,0.157,benign,CRB2,486.0
Q5IJ48,L486W,0.7536,pathogenic,CRB2,486.0
Q5IJ48,L486Y,0.876,pathogenic,CRB2,486.0
Q5IJ48,A487C,0.4779,ambiguous,CRB2,487.0
Q5IJ48,A487D,0.2446,benign,CRB2,487.0
Q5IJ48,A487E,0.1678,benign,CRB2,487.0
Q5IJ48,A487F,0.238,benign,CRB2,487.0
Q5IJ48,A487G,0.1199,benign,CRB2,487.0
Q5IJ48,A487H,0.2981,benign,CRB2,487.0
Q5IJ48,A487I,0.2419,benign,CRB2,487.0
Q5IJ48,A487K,0.2913,benign,CRB2,487.0
Q5IJ48,A487L,0.1581,benign,CRB2,487.0
Q5IJ48,A487M,0.2112,benign,CRB2,487.0
Q5IJ48,A487N,0.2418,benign,CRB2,487.0
Q5IJ48,A487P,0.6807,pathogenic,CRB2,487.0
Q5IJ48,A487Q,0.2023,benign,CRB2,487.0
Q5IJ48,A487R,0.19,benign,CRB2,487.0
Q5IJ48,A487S,0.0896,benign,CRB2,487.0
Q5IJ48,A487T,0.0876,benign,CRB2,487.0
Q5IJ48,A487V,0.1121,benign,CRB2,487.0
Q5IJ48,A487W,0.5032,ambiguous,CRB2,487.0
Q5IJ48,A487Y,0.3681,ambiguous,CRB2,487.0
Q5IJ48,L488A,0.6196,pathogenic,CRB2,488.0
Q5IJ48,L488C,0.9015,pathogenic,CRB2,488.0
Q5IJ48,L488D,0.9686,pathogenic,CRB2,488.0
Q5IJ48,L488E,0.8475,pathogenic,CRB2,488.0
Q5IJ48,L488F,0.3203,benign,CRB2,488.0
Q5IJ48,L488G,0.8583,pathogenic,CRB2,488.0
Q5IJ48,L488H,0.8063,pathogenic,CRB2,488.0
Q5IJ48,L488I,0.1652,benign,CRB2,488.0
Q5IJ48,L488K,0.837,pathogenic,CRB2,488.0
Q5IJ48,L488M,0.2287,benign,CRB2,488.0
Q5IJ48,L488N,0.9152,pathogenic,CRB2,488.0
Q5IJ48,L488P,0.7395,pathogenic,CRB2,488.0
Q5IJ48,L488Q,0.6616,pathogenic,CRB2,488.0
Q5IJ48,L488R,0.64,pathogenic,CRB2,488.0
Q5IJ48,L488S,0.8359,pathogenic,CRB2,488.0
Q5IJ48,L488T,0.6502,pathogenic,CRB2,488.0
Q5IJ48,L488V,0.1518,benign,CRB2,488.0
Q5IJ48,L488W,0.6329,pathogenic,CRB2,488.0
Q5IJ48,L488Y,0.849,pathogenic,CRB2,488.0
Q5IJ48,V489A,0.0765,benign,CRB2,489.0
Q5IJ48,V489C,0.6287,pathogenic,CRB2,489.0
Q5IJ48,V489D,0.1275,benign,CRB2,489.0
Q5IJ48,V489E,0.1062,benign,CRB2,489.0
Q5IJ48,V489F,0.111,benign,CRB2,489.0
Q5IJ48,V489G,0.0929,benign,CRB2,489.0
Q5IJ48,V489H,0.2557,benign,CRB2,489.0
Q5IJ48,V489I,0.1093,benign,CRB2,489.0
Q5IJ48,V489K,0.1681,benign,CRB2,489.0
Q5IJ48,V489L,0.1133,benign,CRB2,489.0
Q5IJ48,V489M,0.1258,benign,CRB2,489.0
Q5IJ48,V489N,0.1589,benign,CRB2,489.0
Q5IJ48,V489P,0.3265,benign,CRB2,489.0
Q5IJ48,V489Q,0.1332,benign,CRB2,489.0
Q5IJ48,V489R,0.1138,benign,CRB2,489.0
Q5IJ48,V489S,0.1041,benign,CRB2,489.0
Q5IJ48,V489T,0.1062,benign,CRB2,489.0
Q5IJ48,V489W,0.4522,ambiguous,CRB2,489.0
Q5IJ48,V489Y,0.3406,ambiguous,CRB2,489.0
Q5IJ48,A490C,0.404,ambiguous,CRB2,490.0
Q5IJ48,A490D,0.0952,benign,CRB2,490.0
Q5IJ48,A490E,0.0908,benign,CRB2,490.0
Q5IJ48,A490F,0.2463,benign,CRB2,490.0
Q5IJ48,A490G,0.0582,benign,CRB2,490.0
Q5IJ48,A490H,0.252,benign,CRB2,490.0
Q5IJ48,A490I,0.2916,benign,CRB2,490.0
Q5IJ48,A490K,0.1968,benign,CRB2,490.0
Q5IJ48,A490L,0.1454,benign,CRB2,490.0
Q5IJ48,A490M,0.1899,benign,CRB2,490.0
Q5IJ48,A490N,0.1417,benign,CRB2,490.0
Q5IJ48,A490P,0.1658,benign,CRB2,490.0
Q5IJ48,A490Q,0.1487,benign,CRB2,490.0
Q5IJ48,A490R,0.1444,benign,CRB2,490.0
Q5IJ48,A490S,0.0837,benign,CRB2,490.0
Q5IJ48,A490T,0.0889,benign,CRB2,490.0
Q5IJ48,A490V,0.1281,benign,CRB2,490.0
Q5IJ48,A490W,0.3714,ambiguous,CRB2,490.0
Q5IJ48,A490Y,0.3102,benign,CRB2,490.0
Q5IJ48,A491C,0.5152,ambiguous,CRB2,491.0
Q5IJ48,A491D,0.149,benign,CRB2,491.0
Q5IJ48,A491E,0.205,benign,CRB2,491.0
Q5IJ48,A491F,0.4391,ambiguous,CRB2,491.0
Q5IJ48,A491G,0.0713,benign,CRB2,491.0
Q5IJ48,A491H,0.4308,ambiguous,CRB2,491.0
Q5IJ48,A491I,0.5504,ambiguous,CRB2,491.0
Q5IJ48,A491K,0.3908,ambiguous,CRB2,491.0
Q5IJ48,A491L,0.326,benign,CRB2,491.0
Q5IJ48,A491M,0.3491,ambiguous,CRB2,491.0
Q5IJ48,A491N,0.1859,benign,CRB2,491.0
Q5IJ48,A491P,0.2603,benign,CRB2,491.0
Q5IJ48,A491Q,0.2897,benign,CRB2,491.0
Q5IJ48,A491R,0.2705,benign,CRB2,491.0
Q5IJ48,A491S,0.0822,benign,CRB2,491.0
Q5IJ48,A491T,0.102,benign,CRB2,491.0
Q5IJ48,A491V,0.2524,benign,CRB2,491.0
Q5IJ48,A491W,0.6749,pathogenic,CRB2,491.0
Q5IJ48,A491Y,0.5081,ambiguous,CRB2,491.0
Q5IJ48,T492A,0.0836,benign,CRB2,492.0
Q5IJ48,T492C,0.4744,ambiguous,CRB2,492.0
Q5IJ48,T492D,0.282,benign,CRB2,492.0
Q5IJ48,T492E,0.2129,benign,CRB2,492.0
Q5IJ48,T492F,0.1954,benign,CRB2,492.0
Q5IJ48,T492G,0.1854,benign,CRB2,492.0
Q5IJ48,T492H,0.1912,benign,CRB2,492.0
Q5IJ48,T492I,0.165,benign,CRB2,492.0
Q5IJ48,T492K,0.158,benign,CRB2,492.0
Q5IJ48,T492L,0.1069,benign,CRB2,492.0
Q5IJ48,T492M,0.0973,benign,CRB2,492.0
Q5IJ48,T492N,0.1297,benign,CRB2,492.0
Q5IJ48,T492P,0.1776,benign,CRB2,492.0
Q5IJ48,T492Q,0.1548,benign,CRB2,492.0
Q5IJ48,T492R,0.1075,benign,CRB2,492.0
Q5IJ48,T492S,0.1062,benign,CRB2,492.0
Q5IJ48,T492V,0.134,benign,CRB2,492.0
Q5IJ48,T492W,0.3998,ambiguous,CRB2,492.0
Q5IJ48,T492Y,0.2534,benign,CRB2,492.0
Q5IJ48,L493A,0.6494,pathogenic,CRB2,493.0
Q5IJ48,L493C,0.9198,pathogenic,CRB2,493.0
Q5IJ48,L493D,0.9891,pathogenic,CRB2,493.0
Q5IJ48,L493E,0.9246,pathogenic,CRB2,493.0
Q5IJ48,L493F,0.4432,ambiguous,CRB2,493.0
Q5IJ48,L493G,0.891,pathogenic,CRB2,493.0
Q5IJ48,L493H,0.9265,pathogenic,CRB2,493.0
Q5IJ48,L493I,0.1891,benign,CRB2,493.0
Q5IJ48,L493K,0.9347,pathogenic,CRB2,493.0
Q5IJ48,L493M,0.3191,benign,CRB2,493.0
Q5IJ48,L493N,0.9685,pathogenic,CRB2,493.0
Q5IJ48,L493P,0.6159,pathogenic,CRB2,493.0
Q5IJ48,L493Q,0.8128,pathogenic,CRB2,493.0
Q5IJ48,L493R,0.8138,pathogenic,CRB2,493.0
Q5IJ48,L493S,0.8927,pathogenic,CRB2,493.0
Q5IJ48,L493T,0.7547,pathogenic,CRB2,493.0
Q5IJ48,L493V,0.1587,benign,CRB2,493.0
Q5IJ48,L493W,0.7639,pathogenic,CRB2,493.0
Q5IJ48,L493Y,0.9216,pathogenic,CRB2,493.0
Q5IJ48,Q494A,0.3211,benign,CRB2,494.0
Q5IJ48,Q494C,0.7496,pathogenic,CRB2,494.0
Q5IJ48,Q494D,0.5846,pathogenic,CRB2,494.0
Q5IJ48,Q494E,0.0981,benign,CRB2,494.0
Q5IJ48,Q494F,0.7134,pathogenic,CRB2,494.0
Q5IJ48,Q494G,0.3967,ambiguous,CRB2,494.0
Q5IJ48,Q494H,0.2418,benign,CRB2,494.0
Q5IJ48,Q494I,0.5189,ambiguous,CRB2,494.0
Q5IJ48,Q494K,0.1593,benign,CRB2,494.0
Q5IJ48,Q494L,0.1769,benign,CRB2,494.0
Q5IJ48,Q494M,0.5061,ambiguous,CRB2,494.0
Q5IJ48,Q494N,0.5453,ambiguous,CRB2,494.0
Q5IJ48,Q494P,0.6182,pathogenic,CRB2,494.0
Q5IJ48,Q494R,0.0973,benign,CRB2,494.0
Q5IJ48,Q494S,0.3604,ambiguous,CRB2,494.0
Q5IJ48,Q494T,0.2882,benign,CRB2,494.0
Q5IJ48,Q494V,0.3027,benign,CRB2,494.0
Q5IJ48,Q494W,0.4487,ambiguous,CRB2,494.0
Q5IJ48,Q494Y,0.5222,ambiguous,CRB2,494.0
Q5IJ48,A495C,0.7859,pathogenic,CRB2,495.0
Q5IJ48,A495D,0.8366,pathogenic,CRB2,495.0
Q5IJ48,A495E,0.7724,pathogenic,CRB2,495.0
Q5IJ48,A495F,0.7007,pathogenic,CRB2,495.0
Q5IJ48,A495G,0.227,benign,CRB2,495.0
Q5IJ48,A495H,0.9363,pathogenic,CRB2,495.0
Q5IJ48,A495I,0.4186,ambiguous,CRB2,495.0
Q5IJ48,A495K,0.932,pathogenic,CRB2,495.0
Q5IJ48,A495L,0.3312,benign,CRB2,495.0
Q5IJ48,A495M,0.4179,ambiguous,CRB2,495.0
Q5IJ48,A495N,0.8078,pathogenic,CRB2,495.0
Q5IJ48,A495P,0.8945,pathogenic,CRB2,495.0
Q5IJ48,A495Q,0.8521,pathogenic,CRB2,495.0
Q5IJ48,A495R,0.883,pathogenic,CRB2,495.0
Q5IJ48,A495S,0.2772,benign,CRB2,495.0
Q5IJ48,A495T,0.1964,benign,CRB2,495.0
Q5IJ48,A495V,0.1357,benign,CRB2,495.0
Q5IJ48,A495W,0.9553,pathogenic,CRB2,495.0
Q5IJ48,A495Y,0.8685,pathogenic,CRB2,495.0
Q5IJ48,T496A,0.1079,benign,CRB2,496.0
Q5IJ48,T496C,0.6047,pathogenic,CRB2,496.0
Q5IJ48,T496D,0.4849,ambiguous,CRB2,496.0
Q5IJ48,T496E,0.3387,benign,CRB2,496.0
Q5IJ48,T496F,0.2361,benign,CRB2,496.0
Q5IJ48,T496G,0.3171,benign,CRB2,496.0
Q5IJ48,T496H,0.245,benign,CRB2,496.0
Q5IJ48,T496I,0.196,benign,CRB2,496.0
Q5IJ48,T496K,0.1779,benign,CRB2,496.0
Q5IJ48,T496L,0.1279,benign,CRB2,496.0
Q5IJ48,T496M,0.1117,benign,CRB2,496.0
Q5IJ48,T496N,0.1925,benign,CRB2,496.0
Q5IJ48,T496P,0.3571,ambiguous,CRB2,496.0
Q5IJ48,T496Q,0.2084,benign,CRB2,496.0
Q5IJ48,T496R,0.1196,benign,CRB2,496.0
Q5IJ48,T496S,0.1369,benign,CRB2,496.0
Q5IJ48,T496V,0.1636,benign,CRB2,496.0
Q5IJ48,T496W,0.501,ambiguous,CRB2,496.0
Q5IJ48,T496Y,0.3258,benign,CRB2,496.0
Q5IJ48,L497A,0.3536,ambiguous,CRB2,497.0
Q5IJ48,L497C,0.6665,pathogenic,CRB2,497.0
Q5IJ48,L497D,0.8703,pathogenic,CRB2,497.0
Q5IJ48,L497E,0.5575,ambiguous,CRB2,497.0
Q5IJ48,L497F,0.1363,benign,CRB2,497.0
Q5IJ48,L497G,0.6187,pathogenic,CRB2,497.0
Q5IJ48,L497H,0.3379,benign,CRB2,497.0
Q5IJ48,L497I,0.1361,benign,CRB2,497.0
Q5IJ48,L497K,0.4812,ambiguous,CRB2,497.0
Q5IJ48,L497M,0.2007,benign,CRB2,497.0
Q5IJ48,L497N,0.704,pathogenic,CRB2,497.0
Q5IJ48,L497P,0.6736,pathogenic,CRB2,497.0
Q5IJ48,L497Q,0.2473,benign,CRB2,497.0
Q5IJ48,L497R,0.201,benign,CRB2,497.0
Q5IJ48,L497S,0.4741,ambiguous,CRB2,497.0
Q5IJ48,L497T,0.4424,ambiguous,CRB2,497.0
Q5IJ48,L497V,0.1153,benign,CRB2,497.0
Q5IJ48,L497W,0.2527,benign,CRB2,497.0
Q5IJ48,L497Y,0.4114,ambiguous,CRB2,497.0
Q5IJ48,W498A,0.1792,benign,CRB2,498.0
Q5IJ48,W498C,0.4239,ambiguous,CRB2,498.0
Q5IJ48,W498D,0.353,ambiguous,CRB2,498.0
Q5IJ48,W498E,0.2536,benign,CRB2,498.0
Q5IJ48,W498F,0.1706,benign,CRB2,498.0
Q5IJ48,W498G,0.1185,benign,CRB2,498.0
Q5IJ48,W498H,0.1656,benign,CRB2,498.0
Q5IJ48,W498I,0.3145,benign,CRB2,498.0
Q5IJ48,W498K,0.2224,benign,CRB2,498.0
Q5IJ48,W498L,0.1768,benign,CRB2,498.0
Q5IJ48,W498M,0.3925,ambiguous,CRB2,498.0
Q5IJ48,W498N,0.3321,benign,CRB2,498.0
Q5IJ48,W498P,0.6755,pathogenic,CRB2,498.0
Q5IJ48,W498Q,0.1778,benign,CRB2,498.0
Q5IJ48,W498R,0.1296,benign,CRB2,498.0
Q5IJ48,W498S,0.1156,benign,CRB2,498.0
Q5IJ48,W498T,0.1739,benign,CRB2,498.0
Q5IJ48,W498V,0.2322,benign,CRB2,498.0
Q5IJ48,W498Y,0.2448,benign,CRB2,498.0
Q5IJ48,S499A,0.123,benign,CRB2,499.0
Q5IJ48,S499C,0.2022,benign,CRB2,499.0
Q5IJ48,S499D,0.2169,benign,CRB2,499.0
Q5IJ48,S499E,0.2737,benign,CRB2,499.0
Q5IJ48,S499F,0.2845,benign,CRB2,499.0
Q5IJ48,S499G,0.0826,benign,CRB2,499.0
Q5IJ48,S499H,0.1592,benign,CRB2,499.0
Q5IJ48,S499I,0.1526,benign,CRB2,499.0
Q5IJ48,S499K,0.2815,benign,CRB2,499.0
Q5IJ48,S499L,0.1652,benign,CRB2,499.0
Q5IJ48,S499M,0.2484,benign,CRB2,499.0
Q5IJ48,S499N,0.0964,benign,CRB2,499.0
Q5IJ48,S499P,0.3352,benign,CRB2,499.0
Q5IJ48,S499Q,0.2244,benign,CRB2,499.0
Q5IJ48,S499R,0.1723,benign,CRB2,499.0
Q5IJ48,S499T,0.1105,benign,CRB2,499.0
Q5IJ48,S499V,0.2205,benign,CRB2,499.0
Q5IJ48,S499W,0.2507,benign,CRB2,499.0
Q5IJ48,S499Y,0.1871,benign,CRB2,499.0
Q5IJ48,Y500A,0.1222,benign,CRB2,500.0
Q5IJ48,Y500C,0.0934,benign,CRB2,500.0
Q5IJ48,Y500D,0.0583,benign,CRB2,500.0
Q5IJ48,Y500E,0.1551,benign,CRB2,500.0
Q5IJ48,Y500F,0.1087,benign,CRB2,500.0
Q5IJ48,Y500G,0.0799,benign,CRB2,500.0
Q5IJ48,Y500H,0.0523,benign,CRB2,500.0
Q5IJ48,Y500I,0.2428,benign,CRB2,500.0
Q5IJ48,Y500K,0.164,benign,CRB2,500.0
Q5IJ48,Y500L,0.1617,benign,CRB2,500.0
Q5IJ48,Y500M,0.3549,ambiguous,CRB2,500.0
Q5IJ48,Y500N,0.0515,benign,CRB2,500.0
Q5IJ48,Y500P,0.1313,benign,CRB2,500.0
Q5IJ48,Y500Q,0.1048,benign,CRB2,500.0
Q5IJ48,Y500R,0.0697,benign,CRB2,500.0
Q5IJ48,Y500S,0.0562,benign,CRB2,500.0
Q5IJ48,Y500T,0.137,benign,CRB2,500.0
Q5IJ48,Y500V,0.1722,benign,CRB2,500.0
Q5IJ48,Y500W,0.1923,benign,CRB2,500.0
Q5IJ48,S501A,0.0893,benign,CRB2,501.0
Q5IJ48,S501C,0.156,benign,CRB2,501.0
Q5IJ48,S501D,0.1038,benign,CRB2,501.0
Q5IJ48,S501E,0.1696,benign,CRB2,501.0
Q5IJ48,S501F,0.2899,benign,CRB2,501.0
Q5IJ48,S501G,0.0432,benign,CRB2,501.0
Q5IJ48,S501H,0.1498,benign,CRB2,501.0
Q5IJ48,S501I,0.2023,benign,CRB2,501.0
Q5IJ48,S501K,0.2589,benign,CRB2,501.0
Q5IJ48,S501L,0.1807,benign,CRB2,501.0
Q5IJ48,S501M,0.2962,benign,CRB2,501.0
Q5IJ48,S501N,0.0888,benign,CRB2,501.0
Q5IJ48,S501P,0.1236,benign,CRB2,501.0
Q5IJ48,S501Q,0.1948,benign,CRB2,501.0
Q5IJ48,S501R,0.1607,benign,CRB2,501.0
Q5IJ48,S501T,0.1093,benign,CRB2,501.0
Q5IJ48,S501V,0.2138,benign,CRB2,501.0
Q5IJ48,S501W,0.231,benign,CRB2,501.0
Q5IJ48,S501Y,0.1855,benign,CRB2,501.0
Q5IJ48,T502A,0.061,benign,CRB2,502.0
Q5IJ48,T502C,0.3833,ambiguous,CRB2,502.0
Q5IJ48,T502D,0.1292,benign,CRB2,502.0
Q5IJ48,T502E,0.1321,benign,CRB2,502.0
Q5IJ48,T502F,0.19,benign,CRB2,502.0
Q5IJ48,T502G,0.1102,benign,CRB2,502.0
Q5IJ48,T502H,0.1271,benign,CRB2,502.0
Q5IJ48,T502I,0.1573,benign,CRB2,502.0
Q5IJ48,T502K,0.104,benign,CRB2,502.0
Q5IJ48,T502L,0.0971,benign,CRB2,502.0
Q5IJ48,T502M,0.0991,benign,CRB2,502.0
Q5IJ48,T502N,0.0666,benign,CRB2,502.0
Q5IJ48,T502P,0.0759,benign,CRB2,502.0
Q5IJ48,T502Q,0.1176,benign,CRB2,502.0
Q5IJ48,T502R,0.0757,benign,CRB2,502.0
Q5IJ48,T502S,0.0736,benign,CRB2,502.0
Q5IJ48,T502V,0.1257,benign,CRB2,502.0
Q5IJ48,T502W,0.3572,ambiguous,CRB2,502.0
Q5IJ48,T502Y,0.1789,benign,CRB2,502.0
Q5IJ48,T503A,0.0634,benign,CRB2,503.0
Q5IJ48,T503C,0.4787,ambiguous,CRB2,503.0
Q5IJ48,T503D,0.2063,benign,CRB2,503.0
Q5IJ48,T503E,0.1731,benign,CRB2,503.0
Q5IJ48,T503F,0.2473,benign,CRB2,503.0
Q5IJ48,T503G,0.1705,benign,CRB2,503.0
Q5IJ48,T503H,0.1919,benign,CRB2,503.0
Q5IJ48,T503I,0.1626,benign,CRB2,503.0
Q5IJ48,T503K,0.1559,benign,CRB2,503.0
Q5IJ48,T503L,0.107,benign,CRB2,503.0
Q5IJ48,T503M,0.0939,benign,CRB2,503.0
Q5IJ48,T503N,0.0989,benign,CRB2,503.0
Q5IJ48,T503P,0.0589,benign,CRB2,503.0
Q5IJ48,T503Q,0.1624,benign,CRB2,503.0
Q5IJ48,T503R,0.1093,benign,CRB2,503.0
Q5IJ48,T503S,0.1014,benign,CRB2,503.0
Q5IJ48,T503V,0.1321,benign,CRB2,503.0
Q5IJ48,T503W,0.4384,ambiguous,CRB2,503.0
Q5IJ48,T503Y,0.2624,benign,CRB2,503.0
Q5IJ48,V504A,0.0769,benign,CRB2,504.0
Q5IJ48,V504C,0.7054,pathogenic,CRB2,504.0
Q5IJ48,V504D,0.1491,benign,CRB2,504.0
Q5IJ48,V504E,0.1088,benign,CRB2,504.0
Q5IJ48,V504F,0.1326,benign,CRB2,504.0
Q5IJ48,V504G,0.0954,benign,CRB2,504.0
Q5IJ48,V504H,0.3256,benign,CRB2,504.0
Q5IJ48,V504I,0.105,benign,CRB2,504.0
Q5IJ48,V504K,0.1803,benign,CRB2,504.0
Q5IJ48,V504L,0.1322,benign,CRB2,504.0
Q5IJ48,V504M,0.1102,benign,CRB2,504.0
Q5IJ48,V504N,0.1577,benign,CRB2,504.0
Q5IJ48,V504P,0.1744,benign,CRB2,504.0
Q5IJ48,V504Q,0.1522,benign,CRB2,504.0
Q5IJ48,V504R,0.1223,benign,CRB2,504.0
Q5IJ48,V504S,0.1032,benign,CRB2,504.0
Q5IJ48,V504T,0.105,benign,CRB2,504.0
Q5IJ48,V504W,0.5581,ambiguous,CRB2,504.0
Q5IJ48,V504Y,0.3792,ambiguous,CRB2,504.0
Q5IJ48,L505A,0.1203,benign,CRB2,505.0
Q5IJ48,L505C,0.4252,ambiguous,CRB2,505.0
Q5IJ48,L505D,0.402,ambiguous,CRB2,505.0
Q5IJ48,L505E,0.1826,benign,CRB2,505.0
Q5IJ48,L505F,0.1092,benign,CRB2,505.0
Q5IJ48,L505G,0.2754,benign,CRB2,505.0
Q5IJ48,L505H,0.1465,benign,CRB2,505.0
Q5IJ48,L505I,0.1112,benign,CRB2,505.0
Q5IJ48,L505K,0.1917,benign,CRB2,505.0
Q5IJ48,L505M,0.1176,benign,CRB2,505.0
Q5IJ48,L505N,0.283,benign,CRB2,505.0
Q5IJ48,L505P,0.2228,benign,CRB2,505.0
Q5IJ48,L505Q,0.0958,benign,CRB2,505.0
Q5IJ48,L505R,0.0916,benign,CRB2,505.0
Q5IJ48,L505S,0.152,benign,CRB2,505.0
Q5IJ48,L505T,0.1248,benign,CRB2,505.0
Q5IJ48,L505V,0.0831,benign,CRB2,505.0
Q5IJ48,L505W,0.1542,benign,CRB2,505.0
Q5IJ48,L505Y,0.2725,benign,CRB2,505.0
Q5IJ48,V506A,0.128,benign,CRB2,506.0
Q5IJ48,V506C,0.6965,pathogenic,CRB2,506.0
Q5IJ48,V506D,0.183,benign,CRB2,506.0
Q5IJ48,V506E,0.1498,benign,CRB2,506.0
Q5IJ48,V506F,0.1371,benign,CRB2,506.0
Q5IJ48,V506G,0.135,benign,CRB2,506.0
Q5IJ48,V506H,0.3246,benign,CRB2,506.0
Q5IJ48,V506I,0.1006,benign,CRB2,506.0
Q5IJ48,V506K,0.2432,benign,CRB2,506.0
Q5IJ48,V506L,0.1303,benign,CRB2,506.0
Q5IJ48,V506M,0.1531,benign,CRB2,506.0
Q5IJ48,V506N,0.2009,benign,CRB2,506.0
Q5IJ48,V506P,0.1969,benign,CRB2,506.0
Q5IJ48,V506Q,0.1821,benign,CRB2,506.0
Q5IJ48,V506R,0.1598,benign,CRB2,506.0
Q5IJ48,V506S,0.1422,benign,CRB2,506.0
Q5IJ48,V506T,0.1515,benign,CRB2,506.0
Q5IJ48,V506W,0.5705,pathogenic,CRB2,506.0
Q5IJ48,V506Y,0.4042,ambiguous,CRB2,506.0
Q5IJ48,L507A,0.4498,ambiguous,CRB2,507.0
Q5IJ48,L507C,0.7402,pathogenic,CRB2,507.0
Q5IJ48,L507D,0.8605,pathogenic,CRB2,507.0
Q5IJ48,L507E,0.5271,ambiguous,CRB2,507.0
Q5IJ48,L507F,0.2043,benign,CRB2,507.0
Q5IJ48,L507G,0.6426,pathogenic,CRB2,507.0
Q5IJ48,L507H,0.4714,ambiguous,CRB2,507.0
Q5IJ48,L507I,0.1831,benign,CRB2,507.0
Q5IJ48,L507K,0.5139,ambiguous,CRB2,507.0
Q5IJ48,L507M,0.2025,benign,CRB2,507.0
Q5IJ48,L507N,0.7387,pathogenic,CRB2,507.0
Q5IJ48,L507P,0.5825,pathogenic,CRB2,507.0
Q5IJ48,L507Q,0.2702,benign,CRB2,507.0
Q5IJ48,L507R,0.293,benign,CRB2,507.0
Q5IJ48,L507S,0.5587,ambiguous,CRB2,507.0
Q5IJ48,L507T,0.4783,ambiguous,CRB2,507.0
Q5IJ48,L507V,0.1635,benign,CRB2,507.0
Q5IJ48,L507W,0.3597,ambiguous,CRB2,507.0
Q5IJ48,L507Y,0.5644,pathogenic,CRB2,507.0
Q5IJ48,R508A,0.1645,benign,CRB2,508.0
Q5IJ48,R508C,0.153,benign,CRB2,508.0
Q5IJ48,R508D,0.2681,benign,CRB2,508.0
Q5IJ48,R508E,0.1776,benign,CRB2,508.0
Q5IJ48,R508F,0.313,benign,CRB2,508.0
Q5IJ48,R508G,0.1028,benign,CRB2,508.0
Q5IJ48,R508H,0.078,benign,CRB2,508.0
Q5IJ48,R508I,0.1925,benign,CRB2,508.0
Q5IJ48,R508K,0.1283,benign,CRB2,508.0
Q5IJ48,R508L,0.1163,benign,CRB2,508.0
Q5IJ48,R508M,0.2076,benign,CRB2,508.0
Q5IJ48,R508N,0.2578,benign,CRB2,508.0
Q5IJ48,R508P,0.1617,benign,CRB2,508.0
Q5IJ48,R508Q,0.0821,benign,CRB2,508.0
Q5IJ48,R508S,0.1533,benign,CRB2,508.0
Q5IJ48,R508T,0.1105,benign,CRB2,508.0
Q5IJ48,R508V,0.2121,benign,CRB2,508.0
Q5IJ48,R508W,0.1027,benign,CRB2,508.0
Q5IJ48,R508Y,0.2184,benign,CRB2,508.0
Q5IJ48,L509A,0.4589,ambiguous,CRB2,509.0
Q5IJ48,L509C,0.7784,pathogenic,CRB2,509.0
Q5IJ48,L509D,0.8003,pathogenic,CRB2,509.0
Q5IJ48,L509E,0.5142,ambiguous,CRB2,509.0
Q5IJ48,L509F,0.2049,benign,CRB2,509.0
Q5IJ48,L509G,0.5961,pathogenic,CRB2,509.0
Q5IJ48,L509H,0.4377,ambiguous,CRB2,509.0
Q5IJ48,L509I,0.1651,benign,CRB2,509.0
Q5IJ48,L509K,0.543,ambiguous,CRB2,509.0
Q5IJ48,L509M,0.2081,benign,CRB2,509.0
Q5IJ48,L509N,0.6471,pathogenic,CRB2,509.0
Q5IJ48,L509P,0.2972,benign,CRB2,509.0
Q5IJ48,L509Q,0.3044,benign,CRB2,509.0
Q5IJ48,L509R,0.3486,ambiguous,CRB2,509.0
Q5IJ48,L509S,0.5359,ambiguous,CRB2,509.0
Q5IJ48,L509T,0.5109,ambiguous,CRB2,509.0
Q5IJ48,L509V,0.1623,benign,CRB2,509.0
Q5IJ48,L509W,0.3373,benign,CRB2,509.0
Q5IJ48,L509Y,0.5568,ambiguous,CRB2,509.0
Q5IJ48,P510A,0.0947,benign,CRB2,510.0
Q5IJ48,P510C,0.5131,ambiguous,CRB2,510.0
Q5IJ48,P510D,0.2745,benign,CRB2,510.0
Q5IJ48,P510E,0.197,benign,CRB2,510.0
Q5IJ48,P510F,0.443,ambiguous,CRB2,510.0
Q5IJ48,P510G,0.2074,benign,CRB2,510.0
Q5IJ48,P510H,0.1644,benign,CRB2,510.0
Q5IJ48,P510I,0.3927,ambiguous,CRB2,510.0
Q5IJ48,P510K,0.2817,benign,CRB2,510.0
Q5IJ48,P510L,0.1163,benign,CRB2,510.0
Q5IJ48,P510M,0.348,ambiguous,CRB2,510.0
Q5IJ48,P510N,0.3098,benign,CRB2,510.0
Q5IJ48,P510Q,0.1398,benign,CRB2,510.0
Q5IJ48,P510R,0.1254,benign,CRB2,510.0
Q5IJ48,P510S,0.111,benign,CRB2,510.0
Q5IJ48,P510T,0.1192,benign,CRB2,510.0
Q5IJ48,P510V,0.2476,benign,CRB2,510.0
Q5IJ48,P510W,0.3659,ambiguous,CRB2,510.0
Q5IJ48,P510Y,0.4064,ambiguous,CRB2,510.0
Q5IJ48,D511A,0.0966,benign,CRB2,511.0
Q5IJ48,D511C,0.4293,ambiguous,CRB2,511.0
Q5IJ48,D511E,0.1381,benign,CRB2,511.0
Q5IJ48,D511F,0.3475,ambiguous,CRB2,511.0
Q5IJ48,D511G,0.0806,benign,CRB2,511.0
Q5IJ48,D511H,0.1279,benign,CRB2,511.0
Q5IJ48,D511I,0.2675,benign,CRB2,511.0
Q5IJ48,D511K,0.2237,benign,CRB2,511.0
Q5IJ48,D511L,0.2053,benign,CRB2,511.0
Q5IJ48,D511M,0.457,ambiguous,CRB2,511.0
Q5IJ48,D511N,0.0991,benign,CRB2,511.0
Q5IJ48,D511P,0.2228,benign,CRB2,511.0
Q5IJ48,D511Q,0.1744,benign,CRB2,511.0
Q5IJ48,D511R,0.1688,benign,CRB2,511.0
Q5IJ48,D511S,0.089,benign,CRB2,511.0
Q5IJ48,D511T,0.1665,benign,CRB2,511.0
Q5IJ48,D511V,0.1567,benign,CRB2,511.0
Q5IJ48,D511W,0.5533,ambiguous,CRB2,511.0
Q5IJ48,D511Y,0.1384,benign,CRB2,511.0
Q5IJ48,L512A,0.1277,benign,CRB2,512.0
Q5IJ48,L512C,0.4573,ambiguous,CRB2,512.0
Q5IJ48,L512D,0.3816,ambiguous,CRB2,512.0
Q5IJ48,L512E,0.1769,benign,CRB2,512.0
Q5IJ48,L512F,0.1261,benign,CRB2,512.0
Q5IJ48,L512G,0.2476,benign,CRB2,512.0
Q5IJ48,L512H,0.1753,benign,CRB2,512.0
Q5IJ48,L512I,0.1114,benign,CRB2,512.0
Q5IJ48,L512K,0.1855,benign,CRB2,512.0
Q5IJ48,L512M,0.1146,benign,CRB2,512.0
Q5IJ48,L512N,0.3027,benign,CRB2,512.0
Q5IJ48,L512P,0.1052,benign,CRB2,512.0
Q5IJ48,L512Q,0.1076,benign,CRB2,512.0
Q5IJ48,L512R,0.0982,benign,CRB2,512.0
Q5IJ48,L512S,0.183,benign,CRB2,512.0
Q5IJ48,L512T,0.1375,benign,CRB2,512.0
Q5IJ48,L512V,0.0839,benign,CRB2,512.0
Q5IJ48,L512W,0.1593,benign,CRB2,512.0
Q5IJ48,L512Y,0.3086,benign,CRB2,512.0
Q5IJ48,A513C,0.4012,ambiguous,CRB2,513.0
Q5IJ48,A513D,0.1284,benign,CRB2,513.0
Q5IJ48,A513E,0.1289,benign,CRB2,513.0
Q5IJ48,A513F,0.1777,benign,CRB2,513.0
Q5IJ48,A513G,0.1049,benign,CRB2,513.0
Q5IJ48,A513H,0.2275,benign,CRB2,513.0
Q5IJ48,A513I,0.1912,benign,CRB2,513.0
Q5IJ48,A513K,0.2446,benign,CRB2,513.0
Q5IJ48,A513L,0.1006,benign,CRB2,513.0
Q5IJ48,A513M,0.1904,benign,CRB2,513.0
Q5IJ48,A513N,0.1872,benign,CRB2,513.0
Q5IJ48,A513P,0.0633,benign,CRB2,513.0
Q5IJ48,A513Q,0.1613,benign,CRB2,513.0
Q5IJ48,A513R,0.1523,benign,CRB2,513.0
Q5IJ48,A513S,0.0858,benign,CRB2,513.0
Q5IJ48,A513T,0.0858,benign,CRB2,513.0
Q5IJ48,A513V,0.0924,benign,CRB2,513.0
Q5IJ48,A513W,0.3431,ambiguous,CRB2,513.0
Q5IJ48,A513Y,0.2804,benign,CRB2,513.0
Q5IJ48,L514A,0.4694,ambiguous,CRB2,514.0
Q5IJ48,L514C,0.7624,pathogenic,CRB2,514.0
Q5IJ48,L514D,0.9386,pathogenic,CRB2,514.0
Q5IJ48,L514E,0.7399,pathogenic,CRB2,514.0
Q5IJ48,L514F,0.32,benign,CRB2,514.0
Q5IJ48,L514G,0.7422,pathogenic,CRB2,514.0
Q5IJ48,L514H,0.7546,pathogenic,CRB2,514.0
Q5IJ48,L514I,0.1576,benign,CRB2,514.0
Q5IJ48,L514K,0.7776,pathogenic,CRB2,514.0
Q5IJ48,L514M,0.239,benign,CRB2,514.0
Q5IJ48,L514N,0.8608,pathogenic,CRB2,514.0
Q5IJ48,L514P,0.384,ambiguous,CRB2,514.0
Q5IJ48,L514Q,0.5267,ambiguous,CRB2,514.0
Q5IJ48,L514R,0.5197,ambiguous,CRB2,514.0
Q5IJ48,L514S,0.7044,pathogenic,CRB2,514.0
Q5IJ48,L514T,0.5432,ambiguous,CRB2,514.0
Q5IJ48,L514V,0.1024,benign,CRB2,514.0
Q5IJ48,L514W,0.5361,ambiguous,CRB2,514.0
Q5IJ48,L514Y,0.8006,pathogenic,CRB2,514.0
Q5IJ48,N515A,0.317,benign,CRB2,515.0
Q5IJ48,N515C,0.5442,ambiguous,CRB2,515.0
Q5IJ48,N515D,0.1489,benign,CRB2,515.0
Q5IJ48,N515E,0.5191,ambiguous,CRB2,515.0
Q5IJ48,N515F,0.7776,pathogenic,CRB2,515.0
Q5IJ48,N515G,0.3236,benign,CRB2,515.0
Q5IJ48,N515H,0.1711,benign,CRB2,515.0
Q5IJ48,N515I,0.5683,pathogenic,CRB2,515.0
Q5IJ48,N515K,0.5495,ambiguous,CRB2,515.0
Q5IJ48,N515L,0.4301,ambiguous,CRB2,515.0
Q5IJ48,N515M,0.6097,pathogenic,CRB2,515.0
Q5IJ48,N515P,0.5971,pathogenic,CRB2,515.0
Q5IJ48,N515Q,0.4736,ambiguous,CRB2,515.0
Q5IJ48,N515R,0.4655,ambiguous,CRB2,515.0
Q5IJ48,N515S,0.0772,benign,CRB2,515.0
Q5IJ48,N515T,0.2294,benign,CRB2,515.0
Q5IJ48,N515V,0.531,ambiguous,CRB2,515.0
Q5IJ48,N515W,0.7856,pathogenic,CRB2,515.0
Q5IJ48,N515Y,0.338,benign,CRB2,515.0
Q5IJ48,D516A,0.7069,pathogenic,CRB2,516.0
Q5IJ48,D516C,0.9532,pathogenic,CRB2,516.0
Q5IJ48,D516E,0.7697,pathogenic,CRB2,516.0
Q5IJ48,D516F,0.9625,pathogenic,CRB2,516.0
Q5IJ48,D516G,0.5066,ambiguous,CRB2,516.0
Q5IJ48,D516H,0.7265,pathogenic,CRB2,516.0
Q5IJ48,D516I,0.9233,pathogenic,CRB2,516.0
Q5IJ48,D516K,0.8612,pathogenic,CRB2,516.0
Q5IJ48,D516L,0.8837,pathogenic,CRB2,516.0
Q5IJ48,D516M,0.961,pathogenic,CRB2,516.0
Q5IJ48,D516N,0.2083,benign,CRB2,516.0
Q5IJ48,D516P,0.9338,pathogenic,CRB2,516.0
Q5IJ48,D516Q,0.8507,pathogenic,CRB2,516.0
Q5IJ48,D516R,0.7666,pathogenic,CRB2,516.0
Q5IJ48,D516S,0.4119,ambiguous,CRB2,516.0
Q5IJ48,D516T,0.698,pathogenic,CRB2,516.0
Q5IJ48,D516V,0.8158,pathogenic,CRB2,516.0
Q5IJ48,D516W,0.9823,pathogenic,CRB2,516.0
Q5IJ48,D516Y,0.7174,pathogenic,CRB2,516.0
Q5IJ48,G517A,0.212,benign,CRB2,517.0
Q5IJ48,G517C,0.4787,ambiguous,CRB2,517.0
Q5IJ48,G517D,0.1929,benign,CRB2,517.0
Q5IJ48,G517E,0.3127,benign,CRB2,517.0
Q5IJ48,G517F,0.802,pathogenic,CRB2,517.0
Q5IJ48,G517H,0.4577,ambiguous,CRB2,517.0
Q5IJ48,G517I,0.6375,pathogenic,CRB2,517.0
Q5IJ48,G517K,0.6277,pathogenic,CRB2,517.0
Q5IJ48,G517L,0.6549,pathogenic,CRB2,517.0
Q5IJ48,G517M,0.7488,pathogenic,CRB2,517.0
Q5IJ48,G517N,0.3337,benign,CRB2,517.0
Q5IJ48,G517P,0.8963,pathogenic,CRB2,517.0
Q5IJ48,G517Q,0.4294,ambiguous,CRB2,517.0
Q5IJ48,G517R,0.3443,ambiguous,CRB2,517.0
Q5IJ48,G517S,0.1005,benign,CRB2,517.0
Q5IJ48,G517T,0.3122,benign,CRB2,517.0
Q5IJ48,G517V,0.4995,ambiguous,CRB2,517.0
Q5IJ48,G517W,0.6008,pathogenic,CRB2,517.0
Q5IJ48,G517Y,0.6699,pathogenic,CRB2,517.0
Q5IJ48,H518A,0.1862,benign,CRB2,518.0
Q5IJ48,H518C,0.2092,benign,CRB2,518.0
Q5IJ48,H518D,0.1346,benign,CRB2,518.0
Q5IJ48,H518E,0.1718,benign,CRB2,518.0
Q5IJ48,H518F,0.2089,benign,CRB2,518.0
Q5IJ48,H518G,0.1829,benign,CRB2,518.0
Q5IJ48,H518I,0.2501,benign,CRB2,518.0
Q5IJ48,H518K,0.2001,benign,CRB2,518.0
Q5IJ48,H518L,0.0903,benign,CRB2,518.0
Q5IJ48,H518M,0.4105,ambiguous,CRB2,518.0
Q5IJ48,H518N,0.1032,benign,CRB2,518.0
Q5IJ48,H518P,0.2852,benign,CRB2,518.0
Q5IJ48,H518Q,0.1113,benign,CRB2,518.0
Q5IJ48,H518R,0.0682,benign,CRB2,518.0
Q5IJ48,H518S,0.1498,benign,CRB2,518.0
Q5IJ48,H518T,0.2274,benign,CRB2,518.0
Q5IJ48,H518V,0.2026,benign,CRB2,518.0
Q5IJ48,H518W,0.2252,benign,CRB2,518.0
Q5IJ48,H518Y,0.0871,benign,CRB2,518.0
Q5IJ48,W519A,0.8785,pathogenic,CRB2,519.0
Q5IJ48,W519C,0.9769,pathogenic,CRB2,519.0
Q5IJ48,W519D,0.9265,pathogenic,CRB2,519.0
Q5IJ48,W519E,0.9269,pathogenic,CRB2,519.0
Q5IJ48,W519F,0.5077,ambiguous,CRB2,519.0
Q5IJ48,W519G,0.6593,pathogenic,CRB2,519.0
Q5IJ48,W519H,0.923,pathogenic,CRB2,519.0
Q5IJ48,W519I,0.9075,pathogenic,CRB2,519.0
Q5IJ48,W519K,0.9754,pathogenic,CRB2,519.0
Q5IJ48,W519L,0.7196,pathogenic,CRB2,519.0
Q5IJ48,W519M,0.9457,pathogenic,CRB2,519.0
Q5IJ48,W519N,0.9582,pathogenic,CRB2,519.0
Q5IJ48,W519P,0.8872,pathogenic,CRB2,519.0
Q5IJ48,W519Q,0.9584,pathogenic,CRB2,519.0
Q5IJ48,W519R,0.9308,pathogenic,CRB2,519.0
Q5IJ48,W519S,0.7448,pathogenic,CRB2,519.0
Q5IJ48,W519T,0.8699,pathogenic,CRB2,519.0
Q5IJ48,W519V,0.8831,pathogenic,CRB2,519.0
Q5IJ48,W519Y,0.7485,pathogenic,CRB2,519.0
Q5IJ48,H520A,0.9426,pathogenic,CRB2,520.0
Q5IJ48,H520C,0.8314,pathogenic,CRB2,520.0
Q5IJ48,H520D,0.9096,pathogenic,CRB2,520.0
Q5IJ48,H520E,0.8803,pathogenic,CRB2,520.0
Q5IJ48,H520F,0.7613,pathogenic,CRB2,520.0
Q5IJ48,H520G,0.9235,pathogenic,CRB2,520.0
Q5IJ48,H520I,0.8896,pathogenic,CRB2,520.0
Q5IJ48,H520K,0.8309,pathogenic,CRB2,520.0
Q5IJ48,H520L,0.5243,ambiguous,CRB2,520.0
Q5IJ48,H520M,0.94,pathogenic,CRB2,520.0
Q5IJ48,H520N,0.6875,pathogenic,CRB2,520.0
Q5IJ48,H520P,0.8337,pathogenic,CRB2,520.0
Q5IJ48,H520Q,0.7079,pathogenic,CRB2,520.0
Q5IJ48,H520R,0.4932,ambiguous,CRB2,520.0
Q5IJ48,H520S,0.8927,pathogenic,CRB2,520.0
Q5IJ48,H520T,0.9538,pathogenic,CRB2,520.0
Q5IJ48,H520V,0.8687,pathogenic,CRB2,520.0
Q5IJ48,H520W,0.6677,pathogenic,CRB2,520.0
Q5IJ48,H520Y,0.3092,benign,CRB2,520.0
Q5IJ48,Q521A,0.1542,benign,CRB2,521.0
Q5IJ48,Q521C,0.6079,pathogenic,CRB2,521.0
Q5IJ48,Q521D,0.2929,benign,CRB2,521.0
Q5IJ48,Q521E,0.0744,benign,CRB2,521.0
Q5IJ48,Q521F,0.6166,pathogenic,CRB2,521.0
Q5IJ48,Q521G,0.1791,benign,CRB2,521.0
Q5IJ48,Q521H,0.1861,benign,CRB2,521.0
Q5IJ48,Q521I,0.4503,ambiguous,CRB2,521.0
Q5IJ48,Q521K,0.0991,benign,CRB2,521.0
Q5IJ48,Q521L,0.134,benign,CRB2,521.0
Q5IJ48,Q521M,0.4024,ambiguous,CRB2,521.0
Q5IJ48,Q521N,0.3347,benign,CRB2,521.0
Q5IJ48,Q521P,0.1439,benign,CRB2,521.0
Q5IJ48,Q521R,0.0602,benign,CRB2,521.0
Q5IJ48,Q521S,0.1916,benign,CRB2,521.0
Q5IJ48,Q521T,0.1841,benign,CRB2,521.0
Q5IJ48,Q521V,0.2609,benign,CRB2,521.0
Q5IJ48,Q521W,0.2996,benign,CRB2,521.0
Q5IJ48,Q521Y,0.44,ambiguous,CRB2,521.0
Q5IJ48,V522A,0.1051,benign,CRB2,522.0
Q5IJ48,V522C,0.9449,pathogenic,CRB2,522.0
Q5IJ48,V522D,0.8575,pathogenic,CRB2,522.0
Q5IJ48,V522E,0.7441,pathogenic,CRB2,522.0
Q5IJ48,V522F,0.6568,pathogenic,CRB2,522.0
Q5IJ48,V522G,0.3079,benign,CRB2,522.0
Q5IJ48,V522H,0.9745,pathogenic,CRB2,522.0
Q5IJ48,V522I,0.1624,benign,CRB2,522.0
Q5IJ48,V522K,0.9162,pathogenic,CRB2,522.0
Q5IJ48,V522L,0.4174,ambiguous,CRB2,522.0
Q5IJ48,V522M,0.3548,ambiguous,CRB2,522.0
Q5IJ48,V522N,0.8563,pathogenic,CRB2,522.0
Q5IJ48,V522P,0.8862,pathogenic,CRB2,522.0
Q5IJ48,V522Q,0.8561,pathogenic,CRB2,522.0
Q5IJ48,V522R,0.8614,pathogenic,CRB2,522.0
Q5IJ48,V522S,0.489,ambiguous,CRB2,522.0
Q5IJ48,V522T,0.2561,benign,CRB2,522.0
Q5IJ48,V522W,0.9782,pathogenic,CRB2,522.0
Q5IJ48,V522Y,0.9505,pathogenic,CRB2,522.0
Q5IJ48,E523A,0.2451,benign,CRB2,523.0
Q5IJ48,E523C,0.9639,pathogenic,CRB2,523.0
Q5IJ48,E523D,0.3548,ambiguous,CRB2,523.0
Q5IJ48,E523F,0.8995,pathogenic,CRB2,523.0
Q5IJ48,E523G,0.4371,ambiguous,CRB2,523.0
Q5IJ48,E523H,0.6215,pathogenic,CRB2,523.0
Q5IJ48,E523I,0.71,pathogenic,CRB2,523.0
Q5IJ48,E523K,0.2929,benign,CRB2,523.0
Q5IJ48,E523L,0.6652,pathogenic,CRB2,523.0
Q5IJ48,E523M,0.6843,pathogenic,CRB2,523.0
Q5IJ48,E523N,0.6031,pathogenic,CRB2,523.0
Q5IJ48,E523P,0.9796,pathogenic,CRB2,523.0
Q5IJ48,E523Q,0.1812,benign,CRB2,523.0
Q5IJ48,E523R,0.3551,ambiguous,CRB2,523.0
Q5IJ48,E523S,0.354,ambiguous,CRB2,523.0
Q5IJ48,E523T,0.417,ambiguous,CRB2,523.0
Q5IJ48,E523V,0.4615,ambiguous,CRB2,523.0
Q5IJ48,E523W,0.9411,pathogenic,CRB2,523.0
Q5IJ48,E523Y,0.8641,pathogenic,CRB2,523.0
Q5IJ48,V524A,0.1205,benign,CRB2,524.0
Q5IJ48,V524C,0.9322,pathogenic,CRB2,524.0
Q5IJ48,V524D,0.7789,pathogenic,CRB2,524.0
Q5IJ48,V524E,0.7195,pathogenic,CRB2,524.0
Q5IJ48,V524F,0.4432,ambiguous,CRB2,524.0
Q5IJ48,V524G,0.2771,benign,CRB2,524.0
Q5IJ48,V524H,0.9568,pathogenic,CRB2,524.0
Q5IJ48,V524I,0.1258,benign,CRB2,524.0
Q5IJ48,V524K,0.8942,pathogenic,CRB2,524.0
Q5IJ48,V524L,0.3593,ambiguous,CRB2,524.0
Q5IJ48,V524M,0.2523,benign,CRB2,524.0
Q5IJ48,V524N,0.7707,pathogenic,CRB2,524.0
Q5IJ48,V524P,0.8632,pathogenic,CRB2,524.0
Q5IJ48,V524Q,0.8493,pathogenic,CRB2,524.0
Q5IJ48,V524R,0.8379,pathogenic,CRB2,524.0
Q5IJ48,V524S,0.4361,ambiguous,CRB2,524.0
Q5IJ48,V524T,0.2778,benign,CRB2,524.0
Q5IJ48,V524W,0.9459,pathogenic,CRB2,524.0
Q5IJ48,V524Y,0.8747,pathogenic,CRB2,524.0
Q5IJ48,V525A,0.0579,benign,CRB2,525.0
Q5IJ48,V525C,0.5653,pathogenic,CRB2,525.0
Q5IJ48,V525D,0.0996,benign,CRB2,525.0
Q5IJ48,V525E,0.0839,benign,CRB2,525.0
Q5IJ48,V525F,0.0847,benign,CRB2,525.0
Q5IJ48,V525G,0.0794,benign,CRB2,525.0
Q5IJ48,V525H,0.2068,benign,CRB2,525.0
Q5IJ48,V525I,0.0838,benign,CRB2,525.0
Q5IJ48,V525K,0.1206,benign,CRB2,525.0
Q5IJ48,V525L,0.0854,benign,CRB2,525.0
Q5IJ48,V525M,0.0857,benign,CRB2,525.0
Q5IJ48,V525N,0.1031,benign,CRB2,525.0
Q5IJ48,V525P,0.3494,ambiguous,CRB2,525.0
Q5IJ48,V525Q,0.1059,benign,CRB2,525.0
Q5IJ48,V525R,0.0876,benign,CRB2,525.0
Q5IJ48,V525S,0.0681,benign,CRB2,525.0
Q5IJ48,V525T,0.0676,benign,CRB2,525.0
Q5IJ48,V525W,0.3922,ambiguous,CRB2,525.0
Q5IJ48,V525Y,0.2823,benign,CRB2,525.0
Q5IJ48,L526A,0.2117,benign,CRB2,526.0
Q5IJ48,L526C,0.4435,ambiguous,CRB2,526.0
Q5IJ48,L526D,0.5474,ambiguous,CRB2,526.0
Q5IJ48,L526E,0.2586,benign,CRB2,526.0
Q5IJ48,L526F,0.1131,benign,CRB2,526.0
Q5IJ48,L526G,0.344,ambiguous,CRB2,526.0
Q5IJ48,L526H,0.1894,benign,CRB2,526.0
Q5IJ48,L526I,0.1239,benign,CRB2,526.0
Q5IJ48,L526K,0.2636,benign,CRB2,526.0
Q5IJ48,L526M,0.1411,benign,CRB2,526.0
Q5IJ48,L526N,0.387,ambiguous,CRB2,526.0
Q5IJ48,L526P,0.1712,benign,CRB2,526.0
Q5IJ48,L526Q,0.1142,benign,CRB2,526.0
Q5IJ48,L526R,0.1119,benign,CRB2,526.0
Q5IJ48,L526S,0.229,benign,CRB2,526.0
Q5IJ48,L526T,0.2221,benign,CRB2,526.0
Q5IJ48,L526V,0.1084,benign,CRB2,526.0
Q5IJ48,L526W,0.143,benign,CRB2,526.0
Q5IJ48,L526Y,0.3036,benign,CRB2,526.0
Q5IJ48,H527A,0.1645,benign,CRB2,527.0
Q5IJ48,H527C,0.1666,benign,CRB2,527.0
Q5IJ48,H527D,0.1198,benign,CRB2,527.0
Q5IJ48,H527E,0.1746,benign,CRB2,527.0
Q5IJ48,H527F,0.2603,benign,CRB2,527.0
Q5IJ48,H527G,0.1192,benign,CRB2,527.0
Q5IJ48,H527I,0.2998,benign,CRB2,527.0
Q5IJ48,H527K,0.1925,benign,CRB2,527.0
Q5IJ48,H527L,0.0933,benign,CRB2,527.0
Q5IJ48,H527M,0.4536,ambiguous,CRB2,527.0
Q5IJ48,H527N,0.0953,benign,CRB2,527.0
Q5IJ48,H527P,0.1002,benign,CRB2,527.0
Q5IJ48,H527Q,0.111,benign,CRB2,527.0
Q5IJ48,H527R,0.0596,benign,CRB2,527.0
Q5IJ48,H527S,0.1212,benign,CRB2,527.0
Q5IJ48,H527T,0.1938,benign,CRB2,527.0
Q5IJ48,H527V,0.2148,benign,CRB2,527.0
Q5IJ48,H527W,0.1915,benign,CRB2,527.0
Q5IJ48,H527Y,0.0954,benign,CRB2,527.0
Q5IJ48,L528A,0.0745,benign,CRB2,528.0
Q5IJ48,L528C,0.3012,benign,CRB2,528.0
Q5IJ48,L528D,0.1568,benign,CRB2,528.0
Q5IJ48,L528E,0.0911,benign,CRB2,528.0
Q5IJ48,L528F,0.0904,benign,CRB2,528.0
Q5IJ48,L528G,0.1098,benign,CRB2,528.0
Q5IJ48,L528H,0.0846,benign,CRB2,528.0
Q5IJ48,L528I,0.117,benign,CRB2,528.0
Q5IJ48,L528K,0.1099,benign,CRB2,528.0
Q5IJ48,L528M,0.107,benign,CRB2,528.0
Q5IJ48,L528N,0.132,benign,CRB2,528.0
Q5IJ48,L528P,0.0457,benign,CRB2,528.0
Q5IJ48,L528Q,0.0594,benign,CRB2,528.0
Q5IJ48,L528R,0.0588,benign,CRB2,528.0
Q5IJ48,L528S,0.0848,benign,CRB2,528.0
Q5IJ48,L528T,0.0935,benign,CRB2,528.0
Q5IJ48,L528V,0.0861,benign,CRB2,528.0
Q5IJ48,L528W,0.1067,benign,CRB2,528.0
Q5IJ48,L528Y,0.1806,benign,CRB2,528.0
Q5IJ48,A529C,0.3767,ambiguous,CRB2,529.0
Q5IJ48,A529D,0.0845,benign,CRB2,529.0
Q5IJ48,A529E,0.0956,benign,CRB2,529.0
Q5IJ48,A529F,0.2553,benign,CRB2,529.0
Q5IJ48,A529G,0.0512,benign,CRB2,529.0
Q5IJ48,A529H,0.2094,benign,CRB2,529.0
Q5IJ48,A529I,0.2787,benign,CRB2,529.0
Q5IJ48,A529K,0.1928,benign,CRB2,529.0
Q5IJ48,A529L,0.1471,benign,CRB2,529.0
Q5IJ48,A529M,0.2209,benign,CRB2,529.0
Q5IJ48,A529N,0.1212,benign,CRB2,529.0
Q5IJ48,A529P,0.1027,benign,CRB2,529.0
Q5IJ48,A529Q,0.1361,benign,CRB2,529.0
Q5IJ48,A529R,0.1292,benign,CRB2,529.0
Q5IJ48,A529S,0.0756,benign,CRB2,529.0
Q5IJ48,A529T,0.0856,benign,CRB2,529.0
Q5IJ48,A529V,0.1354,benign,CRB2,529.0
Q5IJ48,A529W,0.3528,ambiguous,CRB2,529.0
Q5IJ48,A529Y,0.2808,benign,CRB2,529.0
Q5IJ48,T530A,0.0719,benign,CRB2,530.0
Q5IJ48,T530C,0.4289,ambiguous,CRB2,530.0
Q5IJ48,T530D,0.1919,benign,CRB2,530.0
Q5IJ48,T530E,0.1729,benign,CRB2,530.0
Q5IJ48,T530F,0.1469,benign,CRB2,530.0
Q5IJ48,T530G,0.15,benign,CRB2,530.0
Q5IJ48,T530H,0.1462,benign,CRB2,530.0
Q5IJ48,T530I,0.1137,benign,CRB2,530.0
Q5IJ48,T530K,0.1317,benign,CRB2,530.0
Q5IJ48,T530L,0.0829,benign,CRB2,530.0
Q5IJ48,T530M,0.0866,benign,CRB2,530.0
Q5IJ48,T530N,0.0883,benign,CRB2,530.0
Q5IJ48,T530P,0.1148,benign,CRB2,530.0
Q5IJ48,T530Q,0.1386,benign,CRB2,530.0
Q5IJ48,T530R,0.0926,benign,CRB2,530.0
Q5IJ48,T530S,0.0843,benign,CRB2,530.0
Q5IJ48,T530V,0.1018,benign,CRB2,530.0
Q5IJ48,T530W,0.3607,ambiguous,CRB2,530.0
Q5IJ48,T530Y,0.1875,benign,CRB2,530.0
Q5IJ48,L531A,0.344,ambiguous,CRB2,531.0
Q5IJ48,L531C,0.8327,pathogenic,CRB2,531.0
Q5IJ48,L531D,0.9552,pathogenic,CRB2,531.0
Q5IJ48,L531E,0.7412,pathogenic,CRB2,531.0
Q5IJ48,L531F,0.2508,benign,CRB2,531.0
Q5IJ48,L531G,0.6831,pathogenic,CRB2,531.0
Q5IJ48,L531H,0.7559,pathogenic,CRB2,531.0
Q5IJ48,L531I,0.1623,benign,CRB2,531.0
Q5IJ48,L531K,0.7527,pathogenic,CRB2,531.0
Q5IJ48,L531M,0.1627,benign,CRB2,531.0
Q5IJ48,L531N,0.8994,pathogenic,CRB2,531.0
Q5IJ48,L531P,0.5866,pathogenic,CRB2,531.0
Q5IJ48,L531Q,0.5029,ambiguous,CRB2,531.0
Q5IJ48,L531R,0.5438,ambiguous,CRB2,531.0
Q5IJ48,L531S,0.6546,pathogenic,CRB2,531.0
Q5IJ48,L531T,0.3958,ambiguous,CRB2,531.0
Q5IJ48,L531V,0.1161,benign,CRB2,531.0
Q5IJ48,L531W,0.4791,ambiguous,CRB2,531.0
Q5IJ48,L531Y,0.772,pathogenic,CRB2,531.0
Q5IJ48,E532A,0.2024,benign,CRB2,532.0
Q5IJ48,E532C,0.896,pathogenic,CRB2,532.0
Q5IJ48,E532D,0.3166,benign,CRB2,532.0
Q5IJ48,E532F,0.7385,pathogenic,CRB2,532.0
Q5IJ48,E532G,0.303,benign,CRB2,532.0
Q5IJ48,E532H,0.3912,ambiguous,CRB2,532.0
Q5IJ48,E532I,0.484,ambiguous,CRB2,532.0
Q5IJ48,E532K,0.2389,benign,CRB2,532.0
Q5IJ48,E532L,0.4408,ambiguous,CRB2,532.0
Q5IJ48,E532M,0.5474,ambiguous,CRB2,532.0
Q5IJ48,E532N,0.4894,ambiguous,CRB2,532.0
Q5IJ48,E532P,0.9184,pathogenic,CRB2,532.0
Q5IJ48,E532Q,0.1084,benign,CRB2,532.0
Q5IJ48,E532R,0.2512,benign,CRB2,532.0
Q5IJ48,E532S,0.2775,benign,CRB2,532.0
Q5IJ48,E532T,0.2934,benign,CRB2,532.0
Q5IJ48,E532V,0.2704,benign,CRB2,532.0
Q5IJ48,E532W,0.85,pathogenic,CRB2,532.0
Q5IJ48,E532Y,0.6651,pathogenic,CRB2,532.0
Q5IJ48,L533A,0.732,pathogenic,CRB2,533.0
Q5IJ48,L533C,0.8966,pathogenic,CRB2,533.0
Q5IJ48,L533D,0.9794,pathogenic,CRB2,533.0
Q5IJ48,L533E,0.8951,pathogenic,CRB2,533.0
Q5IJ48,L533F,0.3645,ambiguous,CRB2,533.0
Q5IJ48,L533G,0.8525,pathogenic,CRB2,533.0
Q5IJ48,L533H,0.8931,pathogenic,CRB2,533.0
Q5IJ48,L533I,0.179,benign,CRB2,533.0
Q5IJ48,L533K,0.8918,pathogenic,CRB2,533.0
Q5IJ48,L533M,0.2118,benign,CRB2,533.0
Q5IJ48,L533N,0.9371,pathogenic,CRB2,533.0
Q5IJ48,L533P,0.9214,pathogenic,CRB2,533.0
Q5IJ48,L533Q,0.757,pathogenic,CRB2,533.0
Q5IJ48,L533R,0.7936,pathogenic,CRB2,533.0
Q5IJ48,L533S,0.9113,pathogenic,CRB2,533.0
Q5IJ48,L533T,0.8015,pathogenic,CRB2,533.0
Q5IJ48,L533V,0.1955,benign,CRB2,533.0
Q5IJ48,L533W,0.6701,pathogenic,CRB2,533.0
Q5IJ48,L533Y,0.8068,pathogenic,CRB2,533.0
Q5IJ48,R534A,0.3842,ambiguous,CRB2,534.0
Q5IJ48,R534C,0.2032,benign,CRB2,534.0
Q5IJ48,R534D,0.7061,pathogenic,CRB2,534.0
Q5IJ48,R534E,0.3567,ambiguous,CRB2,534.0
Q5IJ48,R534F,0.4386,ambiguous,CRB2,534.0
Q5IJ48,R534G,0.2994,benign,CRB2,534.0
Q5IJ48,R534H,0.0986,benign,CRB2,534.0
Q5IJ48,R534I,0.2834,benign,CRB2,534.0
Q5IJ48,R534K,0.1705,benign,CRB2,534.0
Q5IJ48,R534L,0.1558,benign,CRB2,534.0
Q5IJ48,R534M,0.3528,ambiguous,CRB2,534.0
Q5IJ48,R534N,0.5674,pathogenic,CRB2,534.0
Q5IJ48,R534P,0.8368,pathogenic,CRB2,534.0
Q5IJ48,R534Q,0.0938,benign,CRB2,534.0
Q5IJ48,R534S,0.3911,ambiguous,CRB2,534.0
Q5IJ48,R534T,0.2709,benign,CRB2,534.0
Q5IJ48,R534V,0.3099,benign,CRB2,534.0
Q5IJ48,R534W,0.1257,benign,CRB2,534.0
Q5IJ48,R534Y,0.3143,benign,CRB2,534.0
Q5IJ48,L535A,0.6041,pathogenic,CRB2,535.0
Q5IJ48,L535C,0.8636,pathogenic,CRB2,535.0
Q5IJ48,L535D,0.9706,pathogenic,CRB2,535.0
Q5IJ48,L535E,0.8459,pathogenic,CRB2,535.0
Q5IJ48,L535F,0.3903,ambiguous,CRB2,535.0
Q5IJ48,L535G,0.821,pathogenic,CRB2,535.0
Q5IJ48,L535H,0.7742,pathogenic,CRB2,535.0
Q5IJ48,L535I,0.1925,benign,CRB2,535.0
Q5IJ48,L535K,0.8645,pathogenic,CRB2,535.0
Q5IJ48,L535M,0.3402,ambiguous,CRB2,535.0
Q5IJ48,L535N,0.9155,pathogenic,CRB2,535.0
Q5IJ48,L535P,0.89,pathogenic,CRB2,535.0
Q5IJ48,L535Q,0.6114,pathogenic,CRB2,535.0
Q5IJ48,L535R,0.6124,pathogenic,CRB2,535.0
Q5IJ48,L535S,0.8176,pathogenic,CRB2,535.0
Q5IJ48,L535T,0.7273,pathogenic,CRB2,535.0
Q5IJ48,L535V,0.1688,benign,CRB2,535.0
Q5IJ48,L535W,0.6827,pathogenic,CRB2,535.0
Q5IJ48,L535Y,0.8036,pathogenic,CRB2,535.0
Q5IJ48,W536A,0.472,ambiguous,CRB2,536.0
Q5IJ48,W536C,0.897,pathogenic,CRB2,536.0
Q5IJ48,W536D,0.6886,pathogenic,CRB2,536.0
Q5IJ48,W536E,0.5555,ambiguous,CRB2,536.0
Q5IJ48,W536F,0.3297,benign,CRB2,536.0
Q5IJ48,W536G,0.3044,benign,CRB2,536.0
Q5IJ48,W536H,0.5305,ambiguous,CRB2,536.0
Q5IJ48,W536I,0.6627,pathogenic,CRB2,536.0
Q5IJ48,W536K,0.6794,pathogenic,CRB2,536.0
Q5IJ48,W536L,0.3944,ambiguous,CRB2,536.0
Q5IJ48,W536M,0.7475,pathogenic,CRB2,536.0
Q5IJ48,W536N,0.7257,pathogenic,CRB2,536.0
Q5IJ48,W536P,0.8693,pathogenic,CRB2,536.0
Q5IJ48,W536Q,0.5358,ambiguous,CRB2,536.0
Q5IJ48,W536R,0.4653,ambiguous,CRB2,536.0
Q5IJ48,W536S,0.287,benign,CRB2,536.0
Q5IJ48,W536T,0.4953,ambiguous,CRB2,536.0
Q5IJ48,W536V,0.5711,pathogenic,CRB2,536.0
Q5IJ48,W536Y,0.5256,ambiguous,CRB2,536.0
Q5IJ48,H537A,0.6547,pathogenic,CRB2,537.0
Q5IJ48,H537C,0.7336,pathogenic,CRB2,537.0
Q5IJ48,H537D,0.3733,ambiguous,CRB2,537.0
Q5IJ48,H537E,0.5639,ambiguous,CRB2,537.0
Q5IJ48,H537F,0.71,pathogenic,CRB2,537.0
Q5IJ48,H537G,0.5044,ambiguous,CRB2,537.0
Q5IJ48,H537I,0.8177,pathogenic,CRB2,537.0
Q5IJ48,H537K,0.6584,pathogenic,CRB2,537.0
Q5IJ48,H537L,0.3505,ambiguous,CRB2,537.0
Q5IJ48,H537M,0.8205,pathogenic,CRB2,537.0
Q5IJ48,H537N,0.2904,benign,CRB2,537.0
Q5IJ48,H537P,0.4142,ambiguous,CRB2,537.0
Q5IJ48,H537Q,0.4993,ambiguous,CRB2,537.0
Q5IJ48,H537R,0.342,ambiguous,CRB2,537.0
Q5IJ48,H537S,0.4912,ambiguous,CRB2,537.0
Q5IJ48,H537T,0.7059,pathogenic,CRB2,537.0
Q5IJ48,H537V,0.7355,pathogenic,CRB2,537.0
Q5IJ48,H537W,0.6394,pathogenic,CRB2,537.0
Q5IJ48,H537Y,0.308,benign,CRB2,537.0
Q5IJ48,E538A,0.1155,benign,CRB2,538.0
Q5IJ48,E538C,0.8665,pathogenic,CRB2,538.0
Q5IJ48,E538D,0.1191,benign,CRB2,538.0
Q5IJ48,E538F,0.7231,pathogenic,CRB2,538.0
Q5IJ48,E538G,0.1308,benign,CRB2,538.0
Q5IJ48,E538H,0.3212,benign,CRB2,538.0
Q5IJ48,E538I,0.4713,ambiguous,CRB2,538.0
Q5IJ48,E538K,0.1127,benign,CRB2,538.0
Q5IJ48,E538L,0.3685,ambiguous,CRB2,538.0
Q5IJ48,E538M,0.4945,ambiguous,CRB2,538.0
Q5IJ48,E538N,0.2739,benign,CRB2,538.0
Q5IJ48,E538P,0.2386,benign,CRB2,538.0
Q5IJ48,E538Q,0.1172,benign,CRB2,538.0
Q5IJ48,E538R,0.1405,benign,CRB2,538.0
Q5IJ48,E538S,0.1661,benign,CRB2,538.0
Q5IJ48,E538T,0.2025,benign,CRB2,538.0
Q5IJ48,E538V,0.2488,benign,CRB2,538.0
Q5IJ48,E538W,0.7828,pathogenic,CRB2,538.0
Q5IJ48,E538Y,0.5973,pathogenic,CRB2,538.0
Q5IJ48,G539A,0.0853,benign,CRB2,539.0
Q5IJ48,G539C,0.36,ambiguous,CRB2,539.0
Q5IJ48,G539D,0.067,benign,CRB2,539.0
Q5IJ48,G539E,0.1029,benign,CRB2,539.0
Q5IJ48,G539F,0.3974,ambiguous,CRB2,539.0
Q5IJ48,G539H,0.1954,benign,CRB2,539.0
Q5IJ48,G539I,0.2199,benign,CRB2,539.0
Q5IJ48,G539K,0.2812,benign,CRB2,539.0
Q5IJ48,G539L,0.2693,benign,CRB2,539.0
Q5IJ48,G539M,0.3948,ambiguous,CRB2,539.0
Q5IJ48,G539N,0.1476,benign,CRB2,539.0
Q5IJ48,G539P,0.4683,ambiguous,CRB2,539.0
Q5IJ48,G539Q,0.1906,benign,CRB2,539.0
Q5IJ48,G539R,0.1623,benign,CRB2,539.0
Q5IJ48,G539S,0.0811,benign,CRB2,539.0
Q5IJ48,G539T,0.1178,benign,CRB2,539.0
Q5IJ48,G539V,0.1374,benign,CRB2,539.0
Q5IJ48,G539W,0.2781,benign,CRB2,539.0
Q5IJ48,G539Y,0.262,benign,CRB2,539.0
Q5IJ48,C540A,0.8985,pathogenic,CRB2,540.0
Q5IJ48,C540D,0.9137,pathogenic,CRB2,540.0
Q5IJ48,C540E,0.9554,pathogenic,CRB2,540.0
Q5IJ48,C540F,0.6729,pathogenic,CRB2,540.0
Q5IJ48,C540G,0.6372,pathogenic,CRB2,540.0
Q5IJ48,C540H,0.9038,pathogenic,CRB2,540.0
Q5IJ48,C540I,0.8918,pathogenic,CRB2,540.0
Q5IJ48,C540K,0.9762,pathogenic,CRB2,540.0
Q5IJ48,C540L,0.8333,pathogenic,CRB2,540.0
Q5IJ48,C540M,0.9326,pathogenic,CRB2,540.0
Q5IJ48,C540N,0.9081,pathogenic,CRB2,540.0
Q5IJ48,C540P,0.9431,pathogenic,CRB2,540.0
Q5IJ48,C540Q,0.9401,pathogenic,CRB2,540.0
Q5IJ48,C540R,0.8513,pathogenic,CRB2,540.0
Q5IJ48,C540S,0.8271,pathogenic,CRB2,540.0
Q5IJ48,C540T,0.9355,pathogenic,CRB2,540.0
Q5IJ48,C540V,0.8804,pathogenic,CRB2,540.0
Q5IJ48,C540W,0.8157,pathogenic,CRB2,540.0
Q5IJ48,C540Y,0.799,pathogenic,CRB2,540.0
Q5IJ48,P541A,0.0709,benign,CRB2,541.0
Q5IJ48,P541C,0.5137,ambiguous,CRB2,541.0
Q5IJ48,P541D,0.2097,benign,CRB2,541.0
Q5IJ48,P541E,0.1527,benign,CRB2,541.0
Q5IJ48,P541F,0.2996,benign,CRB2,541.0
Q5IJ48,P541G,0.1466,benign,CRB2,541.0
Q5IJ48,P541H,0.1425,benign,CRB2,541.0
Q5IJ48,P541I,0.2857,benign,CRB2,541.0
Q5IJ48,P541K,0.2379,benign,CRB2,541.0
Q5IJ48,P541L,0.096,benign,CRB2,541.0
Q5IJ48,P541M,0.2739,benign,CRB2,541.0
Q5IJ48,P541N,0.2373,benign,CRB2,541.0
Q5IJ48,P541Q,0.1223,benign,CRB2,541.0
Q5IJ48,P541R,0.1043,benign,CRB2,541.0
Q5IJ48,P541S,0.0765,benign,CRB2,541.0
Q5IJ48,P541T,0.0954,benign,CRB2,541.0
Q5IJ48,P541V,0.1731,benign,CRB2,541.0
Q5IJ48,P541W,0.3267,benign,CRB2,541.0
Q5IJ48,P541Y,0.3353,benign,CRB2,541.0
Q5IJ48,A542C,0.4939,ambiguous,CRB2,542.0
Q5IJ48,A542D,0.082,benign,CRB2,542.0
Q5IJ48,A542E,0.0986,benign,CRB2,542.0
Q5IJ48,A542F,0.1959,benign,CRB2,542.0
Q5IJ48,A542G,0.0695,benign,CRB2,542.0
Q5IJ48,A542H,0.2292,benign,CRB2,542.0
Q5IJ48,A542I,0.2356,benign,CRB2,542.0
Q5IJ48,A542K,0.226,benign,CRB2,542.0
Q5IJ48,A542L,0.1254,benign,CRB2,542.0
Q5IJ48,A542M,0.203,benign,CRB2,542.0
Q5IJ48,A542N,0.1348,benign,CRB2,542.0
Q5IJ48,A542P,0.1184,benign,CRB2,542.0
Q5IJ48,A542Q,0.1477,benign,CRB2,542.0
Q5IJ48,A542R,0.1452,benign,CRB2,542.0
Q5IJ48,A542S,0.0731,benign,CRB2,542.0
Q5IJ48,A542T,0.0844,benign,CRB2,542.0
Q5IJ48,A542V,0.1077,benign,CRB2,542.0
Q5IJ48,A542W,0.3377,benign,CRB2,542.0
Q5IJ48,A542Y,0.2598,benign,CRB2,542.0
Q5IJ48,R543A,0.1064,benign,CRB2,543.0
Q5IJ48,R543C,0.1836,benign,CRB2,543.0
Q5IJ48,R543D,0.1476,benign,CRB2,543.0
Q5IJ48,R543E,0.1071,benign,CRB2,543.0
Q5IJ48,R543F,0.2113,benign,CRB2,543.0
Q5IJ48,R543G,0.0585,benign,CRB2,543.0
Q5IJ48,R543H,0.0738,benign,CRB2,543.0
Q5IJ48,R543I,0.2025,benign,CRB2,543.0
Q5IJ48,R543K,0.1215,benign,CRB2,543.0
Q5IJ48,R543L,0.0845,benign,CRB2,543.0
Q5IJ48,R543M,0.1865,benign,CRB2,543.0
Q5IJ48,R543N,0.1564,benign,CRB2,543.0
Q5IJ48,R543P,0.1127,benign,CRB2,543.0
Q5IJ48,R543Q,0.0629,benign,CRB2,543.0
Q5IJ48,R543S,0.1036,benign,CRB2,543.0
Q5IJ48,R543T,0.103,benign,CRB2,543.0
Q5IJ48,R543V,0.1708,benign,CRB2,543.0
Q5IJ48,R543W,0.0803,benign,CRB2,543.0
Q5IJ48,R543Y,0.1635,benign,CRB2,543.0
Q5IJ48,L544A,0.1762,benign,CRB2,544.0
Q5IJ48,L544C,0.4827,ambiguous,CRB2,544.0
Q5IJ48,L544D,0.3977,ambiguous,CRB2,544.0
Q5IJ48,L544E,0.1851,benign,CRB2,544.0
Q5IJ48,L544F,0.1156,benign,CRB2,544.0
Q5IJ48,L544G,0.2833,benign,CRB2,544.0
Q5IJ48,L544H,0.163,benign,CRB2,544.0
Q5IJ48,L544I,0.1095,benign,CRB2,544.0
Q5IJ48,L544K,0.2347,benign,CRB2,544.0
Q5IJ48,L544M,0.1601,benign,CRB2,544.0
Q5IJ48,L544N,0.2763,benign,CRB2,544.0
Q5IJ48,L544P,0.1162,benign,CRB2,544.0
Q5IJ48,L544Q,0.1043,benign,CRB2,544.0
Q5IJ48,L544R,0.0995,benign,CRB2,544.0
Q5IJ48,L544S,0.183,benign,CRB2,544.0
Q5IJ48,L544T,0.1807,benign,CRB2,544.0
Q5IJ48,L544V,0.0913,benign,CRB2,544.0
Q5IJ48,L544W,0.1419,benign,CRB2,544.0
Q5IJ48,L544Y,0.2585,benign,CRB2,544.0
Q5IJ48,C545A,0.8423,pathogenic,CRB2,545.0
Q5IJ48,C545D,0.9406,pathogenic,CRB2,545.0
Q5IJ48,C545E,0.9492,pathogenic,CRB2,545.0
Q5IJ48,C545F,0.7062,pathogenic,CRB2,545.0
Q5IJ48,C545G,0.5977,pathogenic,CRB2,545.0
Q5IJ48,C545H,0.8868,pathogenic,CRB2,545.0
Q5IJ48,C545I,0.9007,pathogenic,CRB2,545.0
Q5IJ48,C545K,0.9736,pathogenic,CRB2,545.0
Q5IJ48,C545L,0.7634,pathogenic,CRB2,545.0
Q5IJ48,C545M,0.936,pathogenic,CRB2,545.0
Q5IJ48,C545N,0.9391,pathogenic,CRB2,545.0
Q5IJ48,C545P,0.9039,pathogenic,CRB2,545.0
Q5IJ48,C545Q,0.9175,pathogenic,CRB2,545.0
Q5IJ48,C545R,0.7975,pathogenic,CRB2,545.0
Q5IJ48,C545S,0.8421,pathogenic,CRB2,545.0
Q5IJ48,C545T,0.9177,pathogenic,CRB2,545.0
Q5IJ48,C545V,0.8535,pathogenic,CRB2,545.0
Q5IJ48,C545W,0.8265,pathogenic,CRB2,545.0
Q5IJ48,C545Y,0.8202,pathogenic,CRB2,545.0
Q5IJ48,V546A,0.1202,benign,CRB2,546.0
Q5IJ48,V546C,0.7997,pathogenic,CRB2,546.0
Q5IJ48,V546D,0.2713,benign,CRB2,546.0
Q5IJ48,V546E,0.1299,benign,CRB2,546.0
Q5IJ48,V546F,0.1239,benign,CRB2,546.0
Q5IJ48,V546G,0.1494,benign,CRB2,546.0
Q5IJ48,V546H,0.3792,ambiguous,CRB2,546.0
Q5IJ48,V546I,0.0983,benign,CRB2,546.0
Q5IJ48,V546K,0.1835,benign,CRB2,546.0
Q5IJ48,V546L,0.118,benign,CRB2,546.0
Q5IJ48,V546M,0.0953,benign,CRB2,546.0
Q5IJ48,V546N,0.2876,benign,CRB2,546.0
Q5IJ48,V546P,0.4684,ambiguous,CRB2,546.0
Q5IJ48,V546Q,0.1677,benign,CRB2,546.0
Q5IJ48,V546R,0.1256,benign,CRB2,546.0
Q5IJ48,V546S,0.1775,benign,CRB2,546.0
Q5IJ48,V546T,0.1355,benign,CRB2,546.0
Q5IJ48,V546W,0.5205,ambiguous,CRB2,546.0
Q5IJ48,V546Y,0.4616,ambiguous,CRB2,546.0
Q5IJ48,A547C,0.5954,pathogenic,CRB2,547.0
Q5IJ48,A547D,0.1985,benign,CRB2,547.0
Q5IJ48,A547E,0.1829,benign,CRB2,547.0
Q5IJ48,A547F,0.2207,benign,CRB2,547.0
Q5IJ48,A547G,0.139,benign,CRB2,547.0
Q5IJ48,A547H,0.3705,ambiguous,CRB2,547.0
Q5IJ48,A547I,0.1828,benign,CRB2,547.0
Q5IJ48,A547K,0.3462,ambiguous,CRB2,547.0
Q5IJ48,A547L,0.152,benign,CRB2,547.0
Q5IJ48,A547M,0.2197,benign,CRB2,547.0
Q5IJ48,A547N,0.2599,benign,CRB2,547.0
Q5IJ48,A547P,0.365,ambiguous,CRB2,547.0
Q5IJ48,A547Q,0.2595,benign,CRB2,547.0
Q5IJ48,A547R,0.2409,benign,CRB2,547.0
Q5IJ48,A547S,0.1011,benign,CRB2,547.0
Q5IJ48,A547T,0.0868,benign,CRB2,547.0
Q5IJ48,A547V,0.0925,benign,CRB2,547.0
Q5IJ48,A547W,0.5774,pathogenic,CRB2,547.0
Q5IJ48,A547Y,0.3773,ambiguous,CRB2,547.0
Q5IJ48,S548A,0.0955,benign,CRB2,548.0
Q5IJ48,S548C,0.3141,benign,CRB2,548.0
Q5IJ48,S548D,0.4241,ambiguous,CRB2,548.0
Q5IJ48,S548E,0.4395,ambiguous,CRB2,548.0
Q5IJ48,S548F,0.206,benign,CRB2,548.0
Q5IJ48,S548G,0.1144,benign,CRB2,548.0
Q5IJ48,S548H,0.3526,ambiguous,CRB2,548.0
Q5IJ48,S548I,0.2749,benign,CRB2,548.0
Q5IJ48,S548K,0.6041,pathogenic,CRB2,548.0
Q5IJ48,S548L,0.1457,benign,CRB2,548.0
Q5IJ48,S548M,0.3232,benign,CRB2,548.0
Q5IJ48,S548N,0.2461,benign,CRB2,548.0
Q5IJ48,S548P,0.2933,benign,CRB2,548.0
Q5IJ48,S548Q,0.4541,ambiguous,CRB2,548.0
Q5IJ48,S548R,0.4029,ambiguous,CRB2,548.0
Q5IJ48,S548T,0.1068,benign,CRB2,548.0
Q5IJ48,S548V,0.2408,benign,CRB2,548.0
Q5IJ48,S548W,0.2577,benign,CRB2,548.0
Q5IJ48,S548Y,0.2176,benign,CRB2,548.0
Q5IJ48,G549A,0.0933,benign,CRB2,549.0
Q5IJ48,G549C,0.2253,benign,CRB2,549.0
Q5IJ48,G549D,0.167,benign,CRB2,549.0
Q5IJ48,G549E,0.1497,benign,CRB2,549.0
Q5IJ48,G549F,0.3162,benign,CRB2,549.0
Q5IJ48,G549H,0.2166,benign,CRB2,549.0
Q5IJ48,G549I,0.1719,benign,CRB2,549.0
Q5IJ48,G549K,0.2724,benign,CRB2,549.0
Q5IJ48,G549L,0.2114,benign,CRB2,549.0
Q5IJ48,G549M,0.3122,benign,CRB2,549.0
Q5IJ48,G549N,0.2362,benign,CRB2,549.0
Q5IJ48,G549P,0.558,ambiguous,CRB2,549.0
Q5IJ48,G549Q,0.2024,benign,CRB2,549.0
Q5IJ48,G549R,0.1678,benign,CRB2,549.0
Q5IJ48,G549S,0.0738,benign,CRB2,549.0
Q5IJ48,G549T,0.1091,benign,CRB2,549.0
Q5IJ48,G549V,0.1238,benign,CRB2,549.0
Q5IJ48,G549W,0.2445,benign,CRB2,549.0
Q5IJ48,G549Y,0.2614,benign,CRB2,549.0
Q5IJ48,P550A,0.0757,benign,CRB2,550.0
Q5IJ48,P550C,0.463,ambiguous,CRB2,550.0
Q5IJ48,P550D,0.2142,benign,CRB2,550.0
Q5IJ48,P550E,0.1695,benign,CRB2,550.0
Q5IJ48,P550F,0.2617,benign,CRB2,550.0
Q5IJ48,P550G,0.1883,benign,CRB2,550.0
Q5IJ48,P550H,0.123,benign,CRB2,550.0
Q5IJ48,P550I,0.2313,benign,CRB2,550.0
Q5IJ48,P550K,0.1937,benign,CRB2,550.0
Q5IJ48,P550L,0.0983,benign,CRB2,550.0
Q5IJ48,P550M,0.236,benign,CRB2,550.0
Q5IJ48,P550N,0.202,benign,CRB2,550.0
Q5IJ48,P550Q,0.1114,benign,CRB2,550.0
Q5IJ48,P550R,0.1005,benign,CRB2,550.0
Q5IJ48,P550S,0.0837,benign,CRB2,550.0
Q5IJ48,P550T,0.082,benign,CRB2,550.0
Q5IJ48,P550V,0.1599,benign,CRB2,550.0
Q5IJ48,P550W,0.3241,benign,CRB2,550.0
Q5IJ48,P550Y,0.2786,benign,CRB2,550.0
Q5IJ48,V551A,0.1082,benign,CRB2,551.0
Q5IJ48,V551C,0.8064,pathogenic,CRB2,551.0
Q5IJ48,V551D,0.3267,benign,CRB2,551.0
Q5IJ48,V551E,0.2111,benign,CRB2,551.0
Q5IJ48,V551F,0.1437,benign,CRB2,551.0
Q5IJ48,V551G,0.1596,benign,CRB2,551.0
Q5IJ48,V551H,0.5222,ambiguous,CRB2,551.0
Q5IJ48,V551I,0.0994,benign,CRB2,551.0
Q5IJ48,V551K,0.3092,benign,CRB2,551.0
Q5IJ48,V551L,0.1319,benign,CRB2,551.0
Q5IJ48,V551M,0.1209,benign,CRB2,551.0
Q5IJ48,V551N,0.349,ambiguous,CRB2,551.0
Q5IJ48,V551P,0.286,benign,CRB2,551.0
Q5IJ48,V551Q,0.2628,benign,CRB2,551.0
Q5IJ48,V551R,0.2289,benign,CRB2,551.0
Q5IJ48,V551S,0.1984,benign,CRB2,551.0
Q5IJ48,V551T,0.1589,benign,CRB2,551.0
Q5IJ48,V551W,0.6373,pathogenic,CRB2,551.0
Q5IJ48,V551Y,0.5251,ambiguous,CRB2,551.0
Q5IJ48,A552C,0.4243,ambiguous,CRB2,552.0
Q5IJ48,A552D,0.1135,benign,CRB2,552.0
Q5IJ48,A552E,0.1174,benign,CRB2,552.0
Q5IJ48,A552F,0.1398,benign,CRB2,552.0
Q5IJ48,A552G,0.0907,benign,CRB2,552.0
Q5IJ48,A552H,0.2183,benign,CRB2,552.0
Q5IJ48,A552I,0.1409,benign,CRB2,552.0
Q5IJ48,A552K,0.2169,benign,CRB2,552.0
Q5IJ48,A552L,0.0827,benign,CRB2,552.0
Q5IJ48,A552M,0.1414,benign,CRB2,552.0
Q5IJ48,A552N,0.1445,benign,CRB2,552.0
Q5IJ48,A552P,0.069,benign,CRB2,552.0
Q5IJ48,A552Q,0.1588,benign,CRB2,552.0
Q5IJ48,A552R,0.1479,benign,CRB2,552.0
Q5IJ48,A552S,0.0766,benign,CRB2,552.0
Q5IJ48,A552T,0.0718,benign,CRB2,552.0
Q5IJ48,A552V,0.0795,benign,CRB2,552.0
Q5IJ48,A552W,0.3113,benign,CRB2,552.0
Q5IJ48,A552Y,0.2301,benign,CRB2,552.0
Q5IJ48,L553A,0.0808,benign,CRB2,553.0
Q5IJ48,L553C,0.3702,ambiguous,CRB2,553.0
Q5IJ48,L553D,0.2496,benign,CRB2,553.0
Q5IJ48,L553E,0.1266,benign,CRB2,553.0
Q5IJ48,L553F,0.0887,benign,CRB2,553.0
Q5IJ48,L553G,0.1675,benign,CRB2,553.0
Q5IJ48,L553H,0.1226,benign,CRB2,553.0
Q5IJ48,L553I,0.1024,benign,CRB2,553.0
Q5IJ48,L553K,0.1417,benign,CRB2,553.0
Q5IJ48,L553M,0.1092,benign,CRB2,553.0
Q5IJ48,L553N,0.1926,benign,CRB2,553.0
Q5IJ48,L553P,0.0478,benign,CRB2,553.0
Q5IJ48,L553Q,0.0803,benign,CRB2,553.0
Q5IJ48,L553R,0.081,benign,CRB2,553.0
Q5IJ48,L553S,0.1021,benign,CRB2,553.0
Q5IJ48,L553T,0.0976,benign,CRB2,553.0
Q5IJ48,L553V,0.0785,benign,CRB2,553.0
Q5IJ48,L553W,0.1154,benign,CRB2,553.0
Q5IJ48,L553Y,0.2224,benign,CRB2,553.0
Q5IJ48,A554C,0.4137,ambiguous,CRB2,554.0
Q5IJ48,A554D,0.1209,benign,CRB2,554.0
Q5IJ48,A554E,0.1208,benign,CRB2,554.0
Q5IJ48,A554F,0.1602,benign,CRB2,554.0
Q5IJ48,A554G,0.0817,benign,CRB2,554.0
Q5IJ48,A554H,0.2191,benign,CRB2,554.0
Q5IJ48,A554I,0.1523,benign,CRB2,554.0
Q5IJ48,A554K,0.2308,benign,CRB2,554.0
Q5IJ48,A554L,0.0927,benign,CRB2,554.0
Q5IJ48,A554M,0.1749,benign,CRB2,554.0
Q5IJ48,A554N,0.1539,benign,CRB2,554.0
Q5IJ48,A554P,0.0589,benign,CRB2,554.0
Q5IJ48,A554Q,0.1571,benign,CRB2,554.0
Q5IJ48,A554R,0.1516,benign,CRB2,554.0
Q5IJ48,A554S,0.0802,benign,CRB2,554.0
Q5IJ48,A554T,0.0741,benign,CRB2,554.0
Q5IJ48,A554V,0.0871,benign,CRB2,554.0
Q5IJ48,A554W,0.3198,benign,CRB2,554.0
Q5IJ48,A554Y,0.2386,benign,CRB2,554.0
Q5IJ48,S555A,0.0658,benign,CRB2,555.0
Q5IJ48,S555C,0.1762,benign,CRB2,555.0
Q5IJ48,S555D,0.1706,benign,CRB2,555.0
Q5IJ48,S555E,0.1959,benign,CRB2,555.0
Q5IJ48,S555F,0.1305,benign,CRB2,555.0
Q5IJ48,S555G,0.0794,benign,CRB2,555.0
Q5IJ48,S555H,0.1391,benign,CRB2,555.0
Q5IJ48,S555I,0.1445,benign,CRB2,555.0
Q5IJ48,S555K,0.2792,benign,CRB2,555.0
Q5IJ48,S555L,0.0918,benign,CRB2,555.0
Q5IJ48,S555M,0.1939,benign,CRB2,555.0
Q5IJ48,S555N,0.1244,benign,CRB2,555.0
Q5IJ48,S555P,0.0465,benign,CRB2,555.0
Q5IJ48,S555Q,0.1721,benign,CRB2,555.0
Q5IJ48,S555R,0.1631,benign,CRB2,555.0
Q5IJ48,S555T,0.0852,benign,CRB2,555.0
Q5IJ48,S555V,0.1291,benign,CRB2,555.0
Q5IJ48,S555W,0.1466,benign,CRB2,555.0
Q5IJ48,S555Y,0.131,benign,CRB2,555.0
Q5IJ48,T556A,0.0648,benign,CRB2,556.0
Q5IJ48,T556C,0.4315,ambiguous,CRB2,556.0
Q5IJ48,T556D,0.1805,benign,CRB2,556.0
Q5IJ48,T556E,0.1398,benign,CRB2,556.0
Q5IJ48,T556F,0.1483,benign,CRB2,556.0
Q5IJ48,T556G,0.1254,benign,CRB2,556.0
Q5IJ48,T556H,0.1482,benign,CRB2,556.0
Q5IJ48,T556I,0.1074,benign,CRB2,556.0
Q5IJ48,T556K,0.1165,benign,CRB2,556.0
Q5IJ48,T556L,0.0719,benign,CRB2,556.0
Q5IJ48,T556M,0.0789,benign,CRB2,556.0
Q5IJ48,T556N,0.1114,benign,CRB2,556.0
Q5IJ48,T556P,0.0596,benign,CRB2,556.0
Q5IJ48,T556Q,0.1256,benign,CRB2,556.0
Q5IJ48,T556R,0.0826,benign,CRB2,556.0
Q5IJ48,T556S,0.0887,benign,CRB2,556.0
Q5IJ48,T556V,0.0868,benign,CRB2,556.0
Q5IJ48,T556W,0.2939,benign,CRB2,556.0
Q5IJ48,T556Y,0.1919,benign,CRB2,556.0
Q5IJ48,A557C,0.4199,ambiguous,CRB2,557.0
Q5IJ48,A557D,0.1195,benign,CRB2,557.0
Q5IJ48,A557E,0.127,benign,CRB2,557.0
Q5IJ48,A557F,0.1656,benign,CRB2,557.0
Q5IJ48,A557G,0.0873,benign,CRB2,557.0
Q5IJ48,A557H,0.239,benign,CRB2,557.0
Q5IJ48,A557I,0.1524,benign,CRB2,557.0
Q5IJ48,A557K,0.2272,benign,CRB2,557.0
Q5IJ48,A557L,0.1023,benign,CRB2,557.0
Q5IJ48,A557M,0.1636,benign,CRB2,557.0
Q5IJ48,A557N,0.1612,benign,CRB2,557.0
Q5IJ48,A557P,0.0766,benign,CRB2,557.0
Q5IJ48,A557Q,0.1794,benign,CRB2,557.0
Q5IJ48,A557R,0.1592,benign,CRB2,557.0
Q5IJ48,A557S,0.0796,benign,CRB2,557.0
Q5IJ48,A557T,0.0752,benign,CRB2,557.0
Q5IJ48,A557V,0.085,benign,CRB2,557.0
Q5IJ48,A557W,0.3459,ambiguous,CRB2,557.0
Q5IJ48,A557Y,0.2358,benign,CRB2,557.0
Q5IJ48,S558A,0.0658,benign,CRB2,558.0
Q5IJ48,S558C,0.1802,benign,CRB2,558.0
Q5IJ48,S558D,0.2094,benign,CRB2,558.0
Q5IJ48,S558E,0.2382,benign,CRB2,558.0
Q5IJ48,S558F,0.1042,benign,CRB2,558.0
Q5IJ48,S558G,0.0895,benign,CRB2,558.0
Q5IJ48,S558H,0.187,benign,CRB2,558.0
Q5IJ48,S558I,0.1346,benign,CRB2,558.0
Q5IJ48,S558K,0.342,ambiguous,CRB2,558.0
Q5IJ48,S558L,0.079,benign,CRB2,558.0
Q5IJ48,S558M,0.1769,benign,CRB2,558.0
Q5IJ48,S558N,0.1592,benign,CRB2,558.0
Q5IJ48,S558P,0.0663,benign,CRB2,558.0
Q5IJ48,S558Q,0.251,benign,CRB2,558.0
Q5IJ48,S558R,0.234,benign,CRB2,558.0
Q5IJ48,S558T,0.0826,benign,CRB2,558.0
Q5IJ48,S558V,0.1224,benign,CRB2,558.0
Q5IJ48,S558W,0.1272,benign,CRB2,558.0
Q5IJ48,S558Y,0.1159,benign,CRB2,558.0
Q5IJ48,A559C,0.38,ambiguous,CRB2,559.0
Q5IJ48,A559D,0.1096,benign,CRB2,559.0
Q5IJ48,A559E,0.0976,benign,CRB2,559.0
Q5IJ48,A559F,0.1576,benign,CRB2,559.0
Q5IJ48,A559G,0.0852,benign,CRB2,559.0
Q5IJ48,A559H,0.2151,benign,CRB2,559.0
Q5IJ48,A559I,0.1259,benign,CRB2,559.0
Q5IJ48,A559K,0.1735,benign,CRB2,559.0
Q5IJ48,A559L,0.0914,benign,CRB2,559.0
Q5IJ48,A559M,0.1231,benign,CRB2,559.0
Q5IJ48,A559N,0.1459,benign,CRB2,559.0
Q5IJ48,A559P,0.0715,benign,CRB2,559.0
Q5IJ48,A559Q,0.1431,benign,CRB2,559.0
Q5IJ48,A559R,0.1308,benign,CRB2,559.0
Q5IJ48,A559S,0.0807,benign,CRB2,559.0
Q5IJ48,A559T,0.0686,benign,CRB2,559.0
Q5IJ48,A559V,0.0724,benign,CRB2,559.0
Q5IJ48,A559W,0.2928,benign,CRB2,559.0
Q5IJ48,A559Y,0.2188,benign,CRB2,559.0
Q5IJ48,T560A,0.0589,benign,CRB2,560.0
Q5IJ48,T560C,0.4042,ambiguous,CRB2,560.0
Q5IJ48,T560D,0.1456,benign,CRB2,560.0
Q5IJ48,T560E,0.1291,benign,CRB2,560.0
Q5IJ48,T560F,0.1205,benign,CRB2,560.0
Q5IJ48,T560G,0.1154,benign,CRB2,560.0
Q5IJ48,T560H,0.1367,benign,CRB2,560.0
Q5IJ48,T560I,0.0883,benign,CRB2,560.0
Q5IJ48,T560K,0.109,benign,CRB2,560.0
Q5IJ48,T560L,0.0678,benign,CRB2,560.0
Q5IJ48,T560M,0.0791,benign,CRB2,560.0
Q5IJ48,T560N,0.0868,benign,CRB2,560.0
Q5IJ48,T560P,0.0583,benign,CRB2,560.0
Q5IJ48,T560Q,0.1191,benign,CRB2,560.0
Q5IJ48,T560R,0.085,benign,CRB2,560.0
Q5IJ48,T560S,0.0758,benign,CRB2,560.0
Q5IJ48,T560V,0.0829,benign,CRB2,560.0
Q5IJ48,T560W,0.285,benign,CRB2,560.0
Q5IJ48,T560Y,0.1536,benign,CRB2,560.0
Q5IJ48,P561A,0.0596,benign,CRB2,561.0
Q5IJ48,P561C,0.2899,benign,CRB2,561.0
Q5IJ48,P561D,0.1731,benign,CRB2,561.0
Q5IJ48,P561E,0.1386,benign,CRB2,561.0
Q5IJ48,P561F,0.1556,benign,CRB2,561.0
Q5IJ48,P561G,0.1313,benign,CRB2,561.0
Q5IJ48,P561H,0.0863,benign,CRB2,561.0
Q5IJ48,P561I,0.1279,benign,CRB2,561.0
Q5IJ48,P561K,0.1589,benign,CRB2,561.0
Q5IJ48,P561L,0.0639,benign,CRB2,561.0
Q5IJ48,P561M,0.1598,benign,CRB2,561.0
Q5IJ48,P561N,0.1547,benign,CRB2,561.0
Q5IJ48,P561Q,0.0871,benign,CRB2,561.0
Q5IJ48,P561R,0.082,benign,CRB2,561.0
Q5IJ48,P561S,0.0639,benign,CRB2,561.0
Q5IJ48,P561T,0.0655,benign,CRB2,561.0
Q5IJ48,P561V,0.0936,benign,CRB2,561.0
Q5IJ48,P561W,0.1997,benign,CRB2,561.0
Q5IJ48,P561Y,0.167,benign,CRB2,561.0
Q5IJ48,L562A,0.0782,benign,CRB2,562.0
Q5IJ48,L562C,0.2531,benign,CRB2,562.0
Q5IJ48,L562D,0.196,benign,CRB2,562.0
Q5IJ48,L562E,0.1087,benign,CRB2,562.0
Q5IJ48,L562F,0.0756,benign,CRB2,562.0
Q5IJ48,L562G,0.1332,benign,CRB2,562.0
Q5IJ48,L562H,0.0887,benign,CRB2,562.0
Q5IJ48,L562I,0.0831,benign,CRB2,562.0
Q5IJ48,L562K,0.1121,benign,CRB2,562.0
Q5IJ48,L562M,0.0976,benign,CRB2,562.0
Q5IJ48,L562N,0.1413,benign,CRB2,562.0
Q5IJ48,L562P,0.0543,benign,CRB2,562.0
Q5IJ48,L562Q,0.0643,benign,CRB2,562.0
Q5IJ48,L562R,0.0665,benign,CRB2,562.0
Q5IJ48,L562S,0.0764,benign,CRB2,562.0
Q5IJ48,L562T,0.0881,benign,CRB2,562.0
Q5IJ48,L562V,0.0692,benign,CRB2,562.0
Q5IJ48,L562W,0.083,benign,CRB2,562.0
Q5IJ48,L562Y,0.1578,benign,CRB2,562.0
Q5IJ48,P563A,0.0667,benign,CRB2,563.0
Q5IJ48,P563C,0.3354,benign,CRB2,563.0
Q5IJ48,P563D,0.2153,benign,CRB2,563.0
Q5IJ48,P563E,0.1527,benign,CRB2,563.0
Q5IJ48,P563F,0.2028,benign,CRB2,563.0
Q5IJ48,P563G,0.1495,benign,CRB2,563.0
Q5IJ48,P563H,0.1036,benign,CRB2,563.0
Q5IJ48,P563I,0.1753,benign,CRB2,563.0
Q5IJ48,P563K,0.1807,benign,CRB2,563.0
Q5IJ48,P563L,0.0724,benign,CRB2,563.0
Q5IJ48,P563M,0.1902,benign,CRB2,563.0
Q5IJ48,P563N,0.2117,benign,CRB2,563.0
Q5IJ48,P563Q,0.0989,benign,CRB2,563.0
Q5IJ48,P563R,0.0932,benign,CRB2,563.0
Q5IJ48,P563S,0.0803,benign,CRB2,563.0
Q5IJ48,P563T,0.075,benign,CRB2,563.0
Q5IJ48,P563V,0.1188,benign,CRB2,563.0
Q5IJ48,P563W,0.2443,benign,CRB2,563.0
Q5IJ48,P563Y,0.2135,benign,CRB2,563.0
Q5IJ48,A564C,0.3336,benign,CRB2,564.0
Q5IJ48,A564D,0.1082,benign,CRB2,564.0
Q5IJ48,A564E,0.1005,benign,CRB2,564.0
Q5IJ48,A564F,0.159,benign,CRB2,564.0
Q5IJ48,A564G,0.0802,benign,CRB2,564.0
Q5IJ48,A564H,0.1927,benign,CRB2,564.0
Q5IJ48,A564I,0.1475,benign,CRB2,564.0
Q5IJ48,A564K,0.1591,benign,CRB2,564.0
Q5IJ48,A564L,0.0934,benign,CRB2,564.0
Q5IJ48,A564M,0.1351,benign,CRB2,564.0
Q5IJ48,A564N,0.1457,benign,CRB2,564.0
Q5IJ48,A564P,0.0745,benign,CRB2,564.0
Q5IJ48,A564Q,0.1378,benign,CRB2,564.0
Q5IJ48,A564R,0.1193,benign,CRB2,564.0
Q5IJ48,A564S,0.0763,benign,CRB2,564.0
Q5IJ48,A564T,0.073,benign,CRB2,564.0
Q5IJ48,A564V,0.0825,benign,CRB2,564.0
Q5IJ48,A564W,0.2692,benign,CRB2,564.0
Q5IJ48,A564Y,0.2115,benign,CRB2,564.0
Q5IJ48,G565A,0.087,benign,CRB2,565.0
Q5IJ48,G565C,0.1941,benign,CRB2,565.0
Q5IJ48,G565D,0.0976,benign,CRB2,565.0
Q5IJ48,G565E,0.09,benign,CRB2,565.0
Q5IJ48,G565F,0.2784,benign,CRB2,565.0
Q5IJ48,G565H,0.1485,benign,CRB2,565.0
Q5IJ48,G565I,0.1593,benign,CRB2,565.0
Q5IJ48,G565K,0.1544,benign,CRB2,565.0
Q5IJ48,G565L,0.203,benign,CRB2,565.0
Q5IJ48,G565M,0.2422,benign,CRB2,565.0
Q5IJ48,G565N,0.1607,benign,CRB2,565.0
Q5IJ48,G565P,0.2662,benign,CRB2,565.0
Q5IJ48,G565Q,0.1245,benign,CRB2,565.0
Q5IJ48,G565R,0.0921,benign,CRB2,565.0
Q5IJ48,G565S,0.0858,benign,CRB2,565.0
Q5IJ48,G565T,0.0987,benign,CRB2,565.0
Q5IJ48,G565V,0.1071,benign,CRB2,565.0
Q5IJ48,G565W,0.1401,benign,CRB2,565.0
Q5IJ48,G565Y,0.196,benign,CRB2,565.0
Q5IJ48,I566A,0.125,benign,CRB2,566.0
Q5IJ48,I566C,0.3725,ambiguous,CRB2,566.0
Q5IJ48,I566D,0.1733,benign,CRB2,566.0
Q5IJ48,I566E,0.1614,benign,CRB2,566.0
Q5IJ48,I566F,0.063,benign,CRB2,566.0
Q5IJ48,I566G,0.1955,benign,CRB2,566.0
Q5IJ48,I566H,0.1356,benign,CRB2,566.0
Q5IJ48,I566K,0.1316,benign,CRB2,566.0
Q5IJ48,I566L,0.0738,benign,CRB2,566.0
Q5IJ48,I566M,0.0828,benign,CRB2,566.0
Q5IJ48,I566N,0.0786,benign,CRB2,566.0
Q5IJ48,I566P,0.1359,benign,CRB2,566.0
Q5IJ48,I566Q,0.125,benign,CRB2,566.0
Q5IJ48,I566R,0.0781,benign,CRB2,566.0
Q5IJ48,I566S,0.0846,benign,CRB2,566.0
Q5IJ48,I566T,0.1147,benign,CRB2,566.0
Q5IJ48,I566V,0.0802,benign,CRB2,566.0
Q5IJ48,I566W,0.2651,benign,CRB2,566.0
Q5IJ48,I566Y,0.1601,benign,CRB2,566.0
Q5IJ48,S567A,0.0781,benign,CRB2,567.0
Q5IJ48,S567C,0.0565,benign,CRB2,567.0
Q5IJ48,S567D,0.2126,benign,CRB2,567.0
Q5IJ48,S567E,0.2838,benign,CRB2,567.0
Q5IJ48,S567F,0.1074,benign,CRB2,567.0
Q5IJ48,S567G,0.0624,benign,CRB2,567.0
Q5IJ48,S567H,0.1465,benign,CRB2,567.0
Q5IJ48,S567I,0.1114,benign,CRB2,567.0
Q5IJ48,S567K,0.397,ambiguous,CRB2,567.0
Q5IJ48,S567L,0.1111,benign,CRB2,567.0
Q5IJ48,S567M,0.2424,benign,CRB2,567.0
Q5IJ48,S567N,0.1156,benign,CRB2,567.0
Q5IJ48,S567P,0.0922,benign,CRB2,567.0
Q5IJ48,S567Q,0.2399,benign,CRB2,567.0
Q5IJ48,S567R,0.1842,benign,CRB2,567.0
Q5IJ48,S567T,0.0877,benign,CRB2,567.0
Q5IJ48,S567V,0.1215,benign,CRB2,567.0
Q5IJ48,S567W,0.125,benign,CRB2,567.0
Q5IJ48,S567Y,0.0906,benign,CRB2,567.0
Q5IJ48,S568A,0.078,benign,CRB2,568.0
Q5IJ48,S568C,0.1672,benign,CRB2,568.0
Q5IJ48,S568D,0.2361,benign,CRB2,568.0
Q5IJ48,S568E,0.2821,benign,CRB2,568.0
Q5IJ48,S568F,0.0983,benign,CRB2,568.0
Q5IJ48,S568G,0.0953,benign,CRB2,568.0
Q5IJ48,S568H,0.1606,benign,CRB2,568.0
Q5IJ48,S568I,0.139,benign,CRB2,568.0
Q5IJ48,S568K,0.3552,ambiguous,CRB2,568.0
Q5IJ48,S568L,0.094,benign,CRB2,568.0
Q5IJ48,S568M,0.198,benign,CRB2,568.0
Q5IJ48,S568N,0.1494,benign,CRB2,568.0
Q5IJ48,S568P,0.1236,benign,CRB2,568.0
Q5IJ48,S568Q,0.2659,benign,CRB2,568.0
Q5IJ48,S568R,0.211,benign,CRB2,568.0
Q5IJ48,S568T,0.083,benign,CRB2,568.0
Q5IJ48,S568V,0.1338,benign,CRB2,568.0
Q5IJ48,S568W,0.1239,benign,CRB2,568.0
Q5IJ48,S568Y,0.1075,benign,CRB2,568.0
Q5IJ48,A569C,0.449,ambiguous,CRB2,569.0
Q5IJ48,A569D,0.424,ambiguous,CRB2,569.0
Q5IJ48,A569E,0.3381,benign,CRB2,569.0
Q5IJ48,A569F,0.2023,benign,CRB2,569.0
Q5IJ48,A569G,0.1508,benign,CRB2,569.0
Q5IJ48,A569H,0.5076,ambiguous,CRB2,569.0
Q5IJ48,A569I,0.1204,benign,CRB2,569.0
Q5IJ48,A569K,0.5227,ambiguous,CRB2,569.0
Q5IJ48,A569L,0.1048,benign,CRB2,569.0
Q5IJ48,A569M,0.1565,benign,CRB2,569.0
Q5IJ48,A569N,0.3657,ambiguous,CRB2,569.0
Q5IJ48,A569P,0.2204,benign,CRB2,569.0
Q5IJ48,A569Q,0.3964,ambiguous,CRB2,569.0
Q5IJ48,A569R,0.3734,ambiguous,CRB2,569.0
Q5IJ48,A569S,0.1101,benign,CRB2,569.0
Q5IJ48,A569T,0.0699,benign,CRB2,569.0
Q5IJ48,A569V,0.0688,benign,CRB2,569.0
Q5IJ48,A569W,0.5156,ambiguous,CRB2,569.0
Q5IJ48,A569Y,0.4138,ambiguous,CRB2,569.0
Q5IJ48,Q570A,0.162,benign,CRB2,570.0
Q5IJ48,Q570C,0.4758,ambiguous,CRB2,570.0
Q5IJ48,Q570D,0.3095,benign,CRB2,570.0
Q5IJ48,Q570E,0.0977,benign,CRB2,570.0
Q5IJ48,Q570F,0.3758,ambiguous,CRB2,570.0
Q5IJ48,Q570G,0.2022,benign,CRB2,570.0
Q5IJ48,Q570H,0.1384,benign,CRB2,570.0
Q5IJ48,Q570I,0.2544,benign,CRB2,570.0
Q5IJ48,Q570K,0.1114,benign,CRB2,570.0
Q5IJ48,Q570L,0.096,benign,CRB2,570.0
Q5IJ48,Q570M,0.296,benign,CRB2,570.0
Q5IJ48,Q570N,0.2764,benign,CRB2,570.0
Q5IJ48,Q570P,0.2042,benign,CRB2,570.0
Q5IJ48,Q570R,0.0681,benign,CRB2,570.0
Q5IJ48,Q570S,0.1751,benign,CRB2,570.0
Q5IJ48,Q570T,0.1545,benign,CRB2,570.0
Q5IJ48,Q570V,0.1553,benign,CRB2,570.0
Q5IJ48,Q570W,0.211,benign,CRB2,570.0
Q5IJ48,Q570Y,0.2493,benign,CRB2,570.0
Q5IJ48,L571A,0.4262,ambiguous,CRB2,571.0
Q5IJ48,L571C,0.8011,pathogenic,CRB2,571.0
Q5IJ48,L571D,0.9007,pathogenic,CRB2,571.0
Q5IJ48,L571E,0.7039,pathogenic,CRB2,571.0
Q5IJ48,L571F,0.186,benign,CRB2,571.0
Q5IJ48,L571G,0.696,pathogenic,CRB2,571.0
Q5IJ48,L571H,0.662,pathogenic,CRB2,571.0
Q5IJ48,L571I,0.1209,benign,CRB2,571.0
Q5IJ48,L571K,0.7386,pathogenic,CRB2,571.0
Q5IJ48,L571M,0.201,benign,CRB2,571.0
Q5IJ48,L571N,0.8362,pathogenic,CRB2,571.0
Q5IJ48,L571P,0.4212,ambiguous,CRB2,571.0
Q5IJ48,L571Q,0.5482,ambiguous,CRB2,571.0
Q5IJ48,L571R,0.5262,ambiguous,CRB2,571.0
Q5IJ48,L571S,0.6995,pathogenic,CRB2,571.0
Q5IJ48,L571T,0.4983,ambiguous,CRB2,571.0
Q5IJ48,L571V,0.1271,benign,CRB2,571.0
Q5IJ48,L571W,0.3381,benign,CRB2,571.0
Q5IJ48,L571Y,0.6024,pathogenic,CRB2,571.0
Q5IJ48,G572A,0.2164,benign,CRB2,572.0
Q5IJ48,G572C,0.5503,ambiguous,CRB2,572.0
Q5IJ48,G572D,0.6102,pathogenic,CRB2,572.0
Q5IJ48,G572E,0.6425,pathogenic,CRB2,572.0
Q5IJ48,G572F,0.834,pathogenic,CRB2,572.0
Q5IJ48,G572H,0.8118,pathogenic,CRB2,572.0
Q5IJ48,G572I,0.6711,pathogenic,CRB2,572.0
Q5IJ48,G572K,0.8437,pathogenic,CRB2,572.0
Q5IJ48,G572L,0.6449,pathogenic,CRB2,572.0
Q5IJ48,G572M,0.8064,pathogenic,CRB2,572.0
Q5IJ48,G572N,0.7666,pathogenic,CRB2,572.0
Q5IJ48,G572P,0.8299,pathogenic,CRB2,572.0
Q5IJ48,G572Q,0.735,pathogenic,CRB2,572.0
Q5IJ48,G572R,0.6352,pathogenic,CRB2,572.0
Q5IJ48,G572S,0.2266,benign,CRB2,572.0
Q5IJ48,G572T,0.4509,ambiguous,CRB2,572.0
Q5IJ48,G572V,0.4924,ambiguous,CRB2,572.0
Q5IJ48,G572W,0.6318,pathogenic,CRB2,572.0
Q5IJ48,G572Y,0.7965,pathogenic,CRB2,572.0
Q5IJ48,D573A,0.1197,benign,CRB2,573.0
Q5IJ48,D573C,0.491,ambiguous,CRB2,573.0
Q5IJ48,D573E,0.1939,benign,CRB2,573.0
Q5IJ48,D573F,0.4529,ambiguous,CRB2,573.0
Q5IJ48,D573G,0.0677,benign,CRB2,573.0
Q5IJ48,D573H,0.1776,benign,CRB2,573.0
Q5IJ48,D573I,0.3895,ambiguous,CRB2,573.0
Q5IJ48,D573K,0.2938,benign,CRB2,573.0
Q5IJ48,D573L,0.2821,benign,CRB2,573.0
Q5IJ48,D573M,0.5231,ambiguous,CRB2,573.0
Q5IJ48,D573N,0.1059,benign,CRB2,573.0
Q5IJ48,D573P,0.5063,ambiguous,CRB2,573.0
Q5IJ48,D573Q,0.2499,benign,CRB2,573.0
Q5IJ48,D573R,0.2289,benign,CRB2,573.0
Q5IJ48,D573S,0.0942,benign,CRB2,573.0
Q5IJ48,D573T,0.2089,benign,CRB2,573.0
Q5IJ48,D573V,0.2389,benign,CRB2,573.0
Q5IJ48,D573W,0.6663,pathogenic,CRB2,573.0
Q5IJ48,D573Y,0.1939,benign,CRB2,573.0
Q5IJ48,A574C,0.3584,ambiguous,CRB2,574.0
Q5IJ48,A574D,0.1089,benign,CRB2,574.0
Q5IJ48,A574E,0.114,benign,CRB2,574.0
Q5IJ48,A574F,0.1838,benign,CRB2,574.0
Q5IJ48,A574G,0.0793,benign,CRB2,574.0
Q5IJ48,A574H,0.2124,benign,CRB2,574.0
Q5IJ48,A574I,0.1458,benign,CRB2,574.0
Q5IJ48,A574K,0.1667,benign,CRB2,574.0
Q5IJ48,A574L,0.1114,benign,CRB2,574.0
Q5IJ48,A574M,0.136,benign,CRB2,574.0
Q5IJ48,A574N,0.1431,benign,CRB2,574.0
Q5IJ48,A574P,0.115,benign,CRB2,574.0
Q5IJ48,A574Q,0.1537,benign,CRB2,574.0
Q5IJ48,A574R,0.121,benign,CRB2,574.0
Q5IJ48,A574S,0.0822,benign,CRB2,574.0
Q5IJ48,A574T,0.0712,benign,CRB2,574.0
Q5IJ48,A574V,0.0826,benign,CRB2,574.0
Q5IJ48,A574W,0.3213,benign,CRB2,574.0
Q5IJ48,A574Y,0.254,benign,CRB2,574.0
Q5IJ48,T575A,0.0572,benign,CRB2,575.0
Q5IJ48,T575C,0.3916,ambiguous,CRB2,575.0
Q5IJ48,T575D,0.1456,benign,CRB2,575.0
Q5IJ48,T575E,0.1554,benign,CRB2,575.0
Q5IJ48,T575F,0.1604,benign,CRB2,575.0
Q5IJ48,T575G,0.1078,benign,CRB2,575.0
Q5IJ48,T575H,0.1328,benign,CRB2,575.0
Q5IJ48,T575I,0.137,benign,CRB2,575.0
Q5IJ48,T575K,0.1314,benign,CRB2,575.0
Q5IJ48,T575L,0.0899,benign,CRB2,575.0
Q5IJ48,T575M,0.0984,benign,CRB2,575.0
Q5IJ48,T575N,0.0845,benign,CRB2,575.0
Q5IJ48,T575P,0.0906,benign,CRB2,575.0
Q5IJ48,T575Q,0.1351,benign,CRB2,575.0
Q5IJ48,T575R,0.0884,benign,CRB2,575.0
Q5IJ48,T575S,0.0716,benign,CRB2,575.0
Q5IJ48,T575V,0.11,benign,CRB2,575.0
Q5IJ48,T575W,0.3302,benign,CRB2,575.0
Q5IJ48,T575Y,0.1828,benign,CRB2,575.0
Q5IJ48,F576A,0.9058,pathogenic,CRB2,576.0
Q5IJ48,F576C,0.9559,pathogenic,CRB2,576.0
Q5IJ48,F576D,0.9814,pathogenic,CRB2,576.0
Q5IJ48,F576E,0.9819,pathogenic,CRB2,576.0
Q5IJ48,F576G,0.9494,pathogenic,CRB2,576.0
Q5IJ48,F576H,0.942,pathogenic,CRB2,576.0
Q5IJ48,F576I,0.6607,pathogenic,CRB2,576.0
Q5IJ48,F576K,0.9868,pathogenic,CRB2,576.0
Q5IJ48,F576L,0.9449,pathogenic,CRB2,576.0
Q5IJ48,F576M,0.8394,pathogenic,CRB2,576.0
Q5IJ48,F576N,0.9705,pathogenic,CRB2,576.0
Q5IJ48,F576P,0.9905,pathogenic,CRB2,576.0
Q5IJ48,F576Q,0.9744,pathogenic,CRB2,576.0
Q5IJ48,F576R,0.9575,pathogenic,CRB2,576.0
Q5IJ48,F576S,0.8934,pathogenic,CRB2,576.0
Q5IJ48,F576T,0.9054,pathogenic,CRB2,576.0
Q5IJ48,F576V,0.6131,pathogenic,CRB2,576.0
Q5IJ48,F576W,0.6675,pathogenic,CRB2,576.0
Q5IJ48,F576Y,0.4936,ambiguous,CRB2,576.0
Q5IJ48,A577C,0.5482,ambiguous,CRB2,577.0
Q5IJ48,A577D,0.3132,benign,CRB2,577.0
Q5IJ48,A577E,0.166,benign,CRB2,577.0
Q5IJ48,A577F,0.3502,ambiguous,CRB2,577.0
Q5IJ48,A577G,0.1652,benign,CRB2,577.0
Q5IJ48,A577H,0.4466,ambiguous,CRB2,577.0
Q5IJ48,A577I,0.2419,benign,CRB2,577.0
Q5IJ48,A577K,0.4026,ambiguous,CRB2,577.0
Q5IJ48,A577L,0.1871,benign,CRB2,577.0
Q5IJ48,A577M,0.2557,benign,CRB2,577.0
Q5IJ48,A577N,0.3891,ambiguous,CRB2,577.0
Q5IJ48,A577P,0.4673,ambiguous,CRB2,577.0
Q5IJ48,A577Q,0.2724,benign,CRB2,577.0
Q5IJ48,A577R,0.2589,benign,CRB2,577.0
Q5IJ48,A577S,0.112,benign,CRB2,577.0
Q5IJ48,A577T,0.0943,benign,CRB2,577.0
Q5IJ48,A577V,0.1163,benign,CRB2,577.0
Q5IJ48,A577W,0.5883,pathogenic,CRB2,577.0
Q5IJ48,A577Y,0.5066,ambiguous,CRB2,577.0
Q5IJ48,G578A,0.4286,ambiguous,CRB2,578.0
Q5IJ48,G578C,0.8883,pathogenic,CRB2,578.0
Q5IJ48,G578D,0.9405,pathogenic,CRB2,578.0
Q5IJ48,G578E,0.9473,pathogenic,CRB2,578.0
Q5IJ48,G578F,0.9679,pathogenic,CRB2,578.0
Q5IJ48,G578H,0.9765,pathogenic,CRB2,578.0
Q5IJ48,G578I,0.9327,pathogenic,CRB2,578.0
Q5IJ48,G578K,0.9819,pathogenic,CRB2,578.0
Q5IJ48,G578L,0.9306,pathogenic,CRB2,578.0
Q5IJ48,G578M,0.9774,pathogenic,CRB2,578.0
Q5IJ48,G578N,0.9686,pathogenic,CRB2,578.0
Q5IJ48,G578P,0.9872,pathogenic,CRB2,578.0
Q5IJ48,G578Q,0.9651,pathogenic,CRB2,578.0
Q5IJ48,G578R,0.9128,pathogenic,CRB2,578.0
Q5IJ48,G578S,0.5001,ambiguous,CRB2,578.0
Q5IJ48,G578T,0.8463,pathogenic,CRB2,578.0
Q5IJ48,G578V,0.8314,pathogenic,CRB2,578.0
Q5IJ48,G578W,0.9466,pathogenic,CRB2,578.0
Q5IJ48,G578Y,0.9667,pathogenic,CRB2,578.0
Q5IJ48,C579A,0.9769,pathogenic,CRB2,579.0
Q5IJ48,C579D,0.988,pathogenic,CRB2,579.0
Q5IJ48,C579E,0.9934,pathogenic,CRB2,579.0
Q5IJ48,C579F,0.862,pathogenic,CRB2,579.0
Q5IJ48,C579G,0.8853,pathogenic,CRB2,579.0
Q5IJ48,C579H,0.9737,pathogenic,CRB2,579.0
Q5IJ48,C579I,0.9749,pathogenic,CRB2,579.0
Q5IJ48,C579K,0.9961,pathogenic,CRB2,579.0
Q5IJ48,C579L,0.9462,pathogenic,CRB2,579.0
Q5IJ48,C579M,0.9853,pathogenic,CRB2,579.0
Q5IJ48,C579N,0.9848,pathogenic,CRB2,579.0
Q5IJ48,C579P,0.9931,pathogenic,CRB2,579.0
Q5IJ48,C579Q,0.99,pathogenic,CRB2,579.0
Q5IJ48,C579R,0.9454,pathogenic,CRB2,579.0
Q5IJ48,C579S,0.9618,pathogenic,CRB2,579.0
Q5IJ48,C579T,0.9877,pathogenic,CRB2,579.0
Q5IJ48,C579V,0.9649,pathogenic,CRB2,579.0
Q5IJ48,C579W,0.9191,pathogenic,CRB2,579.0
Q5IJ48,C579Y,0.909,pathogenic,CRB2,579.0
Q5IJ48,L580A,0.7219,pathogenic,CRB2,580.0
Q5IJ48,L580C,0.8365,pathogenic,CRB2,580.0
Q5IJ48,L580D,0.9871,pathogenic,CRB2,580.0
Q5IJ48,L580E,0.9193,pathogenic,CRB2,580.0
Q5IJ48,L580F,0.0778,benign,CRB2,580.0
Q5IJ48,L580G,0.8972,pathogenic,CRB2,580.0
Q5IJ48,L580H,0.7611,pathogenic,CRB2,580.0
Q5IJ48,L580I,0.1235,benign,CRB2,580.0
Q5IJ48,L580K,0.9134,pathogenic,CRB2,580.0
Q5IJ48,L580M,0.1905,benign,CRB2,580.0
Q5IJ48,L580N,0.9481,pathogenic,CRB2,580.0
Q5IJ48,L580P,0.9157,pathogenic,CRB2,580.0
Q5IJ48,L580Q,0.6935,pathogenic,CRB2,580.0
Q5IJ48,L580R,0.7533,pathogenic,CRB2,580.0
Q5IJ48,L580S,0.8456,pathogenic,CRB2,580.0
Q5IJ48,L580T,0.7476,pathogenic,CRB2,580.0
Q5IJ48,L580V,0.1585,benign,CRB2,580.0
Q5IJ48,L580W,0.3874,ambiguous,CRB2,580.0
Q5IJ48,L580Y,0.6103,pathogenic,CRB2,580.0
Q5IJ48,Q581A,0.4854,ambiguous,CRB2,581.0
Q5IJ48,Q581C,0.9472,pathogenic,CRB2,581.0
Q5IJ48,Q581D,0.8849,pathogenic,CRB2,581.0
Q5IJ48,Q581E,0.0748,benign,CRB2,581.0
Q5IJ48,Q581F,0.9724,pathogenic,CRB2,581.0
Q5IJ48,Q581G,0.6169,pathogenic,CRB2,581.0
Q5IJ48,Q581H,0.7586,pathogenic,CRB2,581.0
Q5IJ48,Q581I,0.8937,pathogenic,CRB2,581.0
Q5IJ48,Q581K,0.3461,ambiguous,CRB2,581.0
Q5IJ48,Q581L,0.5468,ambiguous,CRB2,581.0
Q5IJ48,Q581M,0.7567,pathogenic,CRB2,581.0
Q5IJ48,Q581N,0.8711,pathogenic,CRB2,581.0
Q5IJ48,Q581P,0.9217,pathogenic,CRB2,581.0
Q5IJ48,Q581R,0.2242,benign,CRB2,581.0
Q5IJ48,Q581S,0.6226,pathogenic,CRB2,581.0
Q5IJ48,Q581T,0.6657,pathogenic,CRB2,581.0
Q5IJ48,Q581V,0.7053,pathogenic,CRB2,581.0
Q5IJ48,Q581W,0.898,pathogenic,CRB2,581.0
Q5IJ48,Q581Y,0.9319,pathogenic,CRB2,581.0
Q5IJ48,D582A,0.9032,pathogenic,CRB2,582.0
Q5IJ48,D582C,0.9968,pathogenic,CRB2,582.0
Q5IJ48,D582E,0.8719,pathogenic,CRB2,582.0
Q5IJ48,D582F,0.9792,pathogenic,CRB2,582.0
Q5IJ48,D582G,0.7899,pathogenic,CRB2,582.0
Q5IJ48,D582H,0.9363,pathogenic,CRB2,582.0
Q5IJ48,D582I,0.9872,pathogenic,CRB2,582.0
Q5IJ48,D582K,0.9789,pathogenic,CRB2,582.0
Q5IJ48,D582L,0.9756,pathogenic,CRB2,582.0
Q5IJ48,D582M,0.9925,pathogenic,CRB2,582.0
Q5IJ48,D582N,0.4737,ambiguous,CRB2,582.0
Q5IJ48,D582P,0.9934,pathogenic,CRB2,582.0
Q5IJ48,D582Q,0.9714,pathogenic,CRB2,582.0
Q5IJ48,D582R,0.9728,pathogenic,CRB2,582.0
Q5IJ48,D582S,0.8252,pathogenic,CRB2,582.0
Q5IJ48,D582T,0.9699,pathogenic,CRB2,582.0
Q5IJ48,D582V,0.9506,pathogenic,CRB2,582.0
Q5IJ48,D582W,0.9948,pathogenic,CRB2,582.0
Q5IJ48,D582Y,0.8549,pathogenic,CRB2,582.0
Q5IJ48,V583A,0.3622,ambiguous,CRB2,583.0
Q5IJ48,V583C,0.9185,pathogenic,CRB2,583.0
Q5IJ48,V583D,0.9115,pathogenic,CRB2,583.0
Q5IJ48,V583E,0.8171,pathogenic,CRB2,583.0
Q5IJ48,V583F,0.3134,benign,CRB2,583.0
Q5IJ48,V583G,0.4784,ambiguous,CRB2,583.0
Q5IJ48,V583H,0.9514,pathogenic,CRB2,583.0
Q5IJ48,V583I,0.103,benign,CRB2,583.0
Q5IJ48,V583K,0.9138,pathogenic,CRB2,583.0
Q5IJ48,V583L,0.2517,benign,CRB2,583.0
Q5IJ48,V583M,0.2155,benign,CRB2,583.0
Q5IJ48,V583N,0.8666,pathogenic,CRB2,583.0
Q5IJ48,V583P,0.8755,pathogenic,CRB2,583.0
Q5IJ48,V583Q,0.8302,pathogenic,CRB2,583.0
Q5IJ48,V583R,0.8406,pathogenic,CRB2,583.0
Q5IJ48,V583S,0.6531,pathogenic,CRB2,583.0
Q5IJ48,V583T,0.5248,ambiguous,CRB2,583.0
Q5IJ48,V583W,0.9199,pathogenic,CRB2,583.0
Q5IJ48,V583Y,0.8653,pathogenic,CRB2,583.0
Q5IJ48,R584A,0.1857,benign,CRB2,584.0
Q5IJ48,R584C,0.1299,benign,CRB2,584.0
Q5IJ48,R584D,0.288,benign,CRB2,584.0
Q5IJ48,R584E,0.172,benign,CRB2,584.0
Q5IJ48,R584F,0.2004,benign,CRB2,584.0
Q5IJ48,R584G,0.177,benign,CRB2,584.0
Q5IJ48,R584H,0.0643,benign,CRB2,584.0
Q5IJ48,R584I,0.1719,benign,CRB2,584.0
Q5IJ48,R584K,0.1581,benign,CRB2,584.0
Q5IJ48,R584L,0.0877,benign,CRB2,584.0
Q5IJ48,R584M,0.2271,benign,CRB2,584.0
Q5IJ48,R584N,0.2608,benign,CRB2,584.0
Q5IJ48,R584P,0.6151,pathogenic,CRB2,584.0
Q5IJ48,R584Q,0.0806,benign,CRB2,584.0
Q5IJ48,R584S,0.1933,benign,CRB2,584.0
Q5IJ48,R584T,0.1566,benign,CRB2,584.0
Q5IJ48,R584V,0.1733,benign,CRB2,584.0
Q5IJ48,R584W,0.0898,benign,CRB2,584.0
Q5IJ48,R584Y,0.1409,benign,CRB2,584.0
Q5IJ48,V585A,0.2318,benign,CRB2,585.0
Q5IJ48,V585C,0.8839,pathogenic,CRB2,585.0
Q5IJ48,V585D,0.6821,pathogenic,CRB2,585.0
Q5IJ48,V585E,0.506,ambiguous,CRB2,585.0
Q5IJ48,V585F,0.2708,benign,CRB2,585.0
Q5IJ48,V585G,0.3441,ambiguous,CRB2,585.0
Q5IJ48,V585H,0.8266,pathogenic,CRB2,585.0
Q5IJ48,V585I,0.0966,benign,CRB2,585.0
Q5IJ48,V585K,0.7241,pathogenic,CRB2,585.0
Q5IJ48,V585L,0.2391,benign,CRB2,585.0
Q5IJ48,V585M,0.2061,benign,CRB2,585.0
Q5IJ48,V585N,0.6851,pathogenic,CRB2,585.0
Q5IJ48,V585P,0.8337,pathogenic,CRB2,585.0
Q5IJ48,V585Q,0.6156,pathogenic,CRB2,585.0
Q5IJ48,V585R,0.5936,pathogenic,CRB2,585.0
Q5IJ48,V585S,0.4507,ambiguous,CRB2,585.0
Q5IJ48,V585T,0.343,ambiguous,CRB2,585.0
Q5IJ48,V585W,0.7653,pathogenic,CRB2,585.0
Q5IJ48,V585Y,0.7263,pathogenic,CRB2,585.0
Q5IJ48,D586A,0.3992,ambiguous,CRB2,586.0
Q5IJ48,D586C,0.8561,pathogenic,CRB2,586.0
Q5IJ48,D586E,0.5318,ambiguous,CRB2,586.0
Q5IJ48,D586F,0.8642,pathogenic,CRB2,586.0
Q5IJ48,D586G,0.2673,benign,CRB2,586.0
Q5IJ48,D586H,0.6662,pathogenic,CRB2,586.0
Q5IJ48,D586I,0.8749,pathogenic,CRB2,586.0
Q5IJ48,D586K,0.8426,pathogenic,CRB2,586.0
Q5IJ48,D586L,0.757,pathogenic,CRB2,586.0
Q5IJ48,D586M,0.9237,pathogenic,CRB2,586.0
Q5IJ48,D586N,0.2572,benign,CRB2,586.0
Q5IJ48,D586P,0.9196,pathogenic,CRB2,586.0
Q5IJ48,D586Q,0.7375,pathogenic,CRB2,586.0
Q5IJ48,D586R,0.724,pathogenic,CRB2,586.0
Q5IJ48,D586S,0.2882,benign,CRB2,586.0
Q5IJ48,D586T,0.7241,pathogenic,CRB2,586.0
Q5IJ48,D586V,0.7243,pathogenic,CRB2,586.0
Q5IJ48,D586W,0.9309,pathogenic,CRB2,586.0
Q5IJ48,D586Y,0.5541,ambiguous,CRB2,586.0
Q5IJ48,G587A,0.1911,benign,CRB2,587.0
Q5IJ48,G587C,0.3555,ambiguous,CRB2,587.0
Q5IJ48,G587D,0.1237,benign,CRB2,587.0
Q5IJ48,G587E,0.15,benign,CRB2,587.0
Q5IJ48,G587F,0.6054,pathogenic,CRB2,587.0
Q5IJ48,G587H,0.2507,benign,CRB2,587.0
Q5IJ48,G587I,0.5044,ambiguous,CRB2,587.0
Q5IJ48,G587K,0.3301,benign,CRB2,587.0
Q5IJ48,G587L,0.5085,ambiguous,CRB2,587.0
Q5IJ48,G587M,0.5772,pathogenic,CRB2,587.0
Q5IJ48,G587N,0.2171,benign,CRB2,587.0
Q5IJ48,G587P,0.8284,pathogenic,CRB2,587.0
Q5IJ48,G587Q,0.2216,benign,CRB2,587.0
Q5IJ48,G587R,0.1821,benign,CRB2,587.0
Q5IJ48,G587S,0.099,benign,CRB2,587.0
Q5IJ48,G587T,0.2241,benign,CRB2,587.0
Q5IJ48,G587V,0.3785,ambiguous,CRB2,587.0
Q5IJ48,G587W,0.333,benign,CRB2,587.0
Q5IJ48,G587Y,0.4347,ambiguous,CRB2,587.0
Q5IJ48,H588A,0.2209,benign,CRB2,588.0
Q5IJ48,H588C,0.2015,benign,CRB2,588.0
Q5IJ48,H588D,0.1794,benign,CRB2,588.0
Q5IJ48,H588E,0.2114,benign,CRB2,588.0
Q5IJ48,H588F,0.2214,benign,CRB2,588.0
Q5IJ48,H588G,0.2427,benign,CRB2,588.0
Q5IJ48,H588I,0.2414,benign,CRB2,588.0
Q5IJ48,H588K,0.1949,benign,CRB2,588.0
Q5IJ48,H588L,0.1097,benign,CRB2,588.0
Q5IJ48,H588M,0.3965,ambiguous,CRB2,588.0
Q5IJ48,H588N,0.1196,benign,CRB2,588.0
Q5IJ48,H588P,0.219,benign,CRB2,588.0
Q5IJ48,H588Q,0.1241,benign,CRB2,588.0
Q5IJ48,H588R,0.0739,benign,CRB2,588.0
Q5IJ48,H588S,0.1781,benign,CRB2,588.0
Q5IJ48,H588T,0.2284,benign,CRB2,588.0
Q5IJ48,H588V,0.1948,benign,CRB2,588.0
Q5IJ48,H588W,0.2251,benign,CRB2,588.0
Q5IJ48,H588Y,0.088,benign,CRB2,588.0
Q5IJ48,L589A,0.2699,benign,CRB2,589.0
Q5IJ48,L589C,0.6087,pathogenic,CRB2,589.0
Q5IJ48,L589D,0.5911,pathogenic,CRB2,589.0
Q5IJ48,L589E,0.3068,benign,CRB2,589.0
Q5IJ48,L589F,0.144,benign,CRB2,589.0
Q5IJ48,L589G,0.4848,ambiguous,CRB2,589.0
Q5IJ48,L589H,0.2323,benign,CRB2,589.0
Q5IJ48,L589I,0.1101,benign,CRB2,589.0
Q5IJ48,L589K,0.3227,benign,CRB2,589.0
Q5IJ48,L589M,0.1747,benign,CRB2,589.0
Q5IJ48,L589N,0.4681,ambiguous,CRB2,589.0
Q5IJ48,L589P,0.1378,benign,CRB2,589.0
Q5IJ48,L589Q,0.1712,benign,CRB2,589.0
Q5IJ48,L589R,0.1387,benign,CRB2,589.0
Q5IJ48,L589S,0.3247,benign,CRB2,589.0
Q5IJ48,L589T,0.2376,benign,CRB2,589.0
Q5IJ48,L589V,0.098,benign,CRB2,589.0
Q5IJ48,L589W,0.1748,benign,CRB2,589.0
Q5IJ48,L589Y,0.3456,ambiguous,CRB2,589.0
Q5IJ48,L590A,0.5068,ambiguous,CRB2,590.0
Q5IJ48,L590C,0.7201,pathogenic,CRB2,590.0
Q5IJ48,L590D,0.8961,pathogenic,CRB2,590.0
Q5IJ48,L590E,0.6466,pathogenic,CRB2,590.0
Q5IJ48,L590F,0.1784,benign,CRB2,590.0
Q5IJ48,L590G,0.7473,pathogenic,CRB2,590.0
Q5IJ48,L590H,0.4243,ambiguous,CRB2,590.0
Q5IJ48,L590I,0.1333,benign,CRB2,590.0
Q5IJ48,L590K,0.5807,pathogenic,CRB2,590.0
Q5IJ48,L590M,0.2331,benign,CRB2,590.0
Q5IJ48,L590N,0.788,pathogenic,CRB2,590.0
Q5IJ48,L590P,0.5392,ambiguous,CRB2,590.0
Q5IJ48,L590Q,0.3245,benign,CRB2,590.0
Q5IJ48,L590R,0.2938,benign,CRB2,590.0
Q5IJ48,L590S,0.6434,pathogenic,CRB2,590.0
Q5IJ48,L590T,0.5726,pathogenic,CRB2,590.0
Q5IJ48,L590V,0.1268,benign,CRB2,590.0
Q5IJ48,L590W,0.2692,benign,CRB2,590.0
Q5IJ48,L590Y,0.4753,ambiguous,CRB2,590.0
Q5IJ48,L591A,0.273,benign,CRB2,591.0
Q5IJ48,L591C,0.6424,pathogenic,CRB2,591.0
Q5IJ48,L591D,0.6179,pathogenic,CRB2,591.0
Q5IJ48,L591E,0.2861,benign,CRB2,591.0
Q5IJ48,L591F,0.1591,benign,CRB2,591.0
Q5IJ48,L591G,0.4585,ambiguous,CRB2,591.0
Q5IJ48,L591H,0.224,benign,CRB2,591.0
Q5IJ48,L591I,0.1679,benign,CRB2,591.0
Q5IJ48,L591K,0.258,benign,CRB2,591.0
Q5IJ48,L591M,0.1804,benign,CRB2,591.0
Q5IJ48,L591N,0.4609,ambiguous,CRB2,591.0
Q5IJ48,L591P,0.1681,benign,CRB2,591.0
Q5IJ48,L591Q,0.1251,benign,CRB2,591.0
Q5IJ48,L591R,0.1238,benign,CRB2,591.0
Q5IJ48,L591S,0.2809,benign,CRB2,591.0
Q5IJ48,L591T,0.3028,benign,CRB2,591.0
Q5IJ48,L591V,0.1396,benign,CRB2,591.0
Q5IJ48,L591W,0.197,benign,CRB2,591.0
Q5IJ48,L591Y,0.3913,ambiguous,CRB2,591.0
Q5IJ48,P592A,0.2093,benign,CRB2,592.0
Q5IJ48,P592C,0.8919,pathogenic,CRB2,592.0
Q5IJ48,P592D,0.876,pathogenic,CRB2,592.0
Q5IJ48,P592E,0.6684,pathogenic,CRB2,592.0
Q5IJ48,P592F,0.8252,pathogenic,CRB2,592.0
Q5IJ48,P592G,0.653,pathogenic,CRB2,592.0
Q5IJ48,P592H,0.6271,pathogenic,CRB2,592.0
Q5IJ48,P592I,0.6721,pathogenic,CRB2,592.0
Q5IJ48,P592K,0.7438,pathogenic,CRB2,592.0
Q5IJ48,P592L,0.2246,benign,CRB2,592.0
Q5IJ48,P592M,0.6701,pathogenic,CRB2,592.0
Q5IJ48,P592N,0.8719,pathogenic,CRB2,592.0
Q5IJ48,P592Q,0.515,ambiguous,CRB2,592.0
Q5IJ48,P592R,0.4611,ambiguous,CRB2,592.0
Q5IJ48,P592S,0.4195,ambiguous,CRB2,592.0
Q5IJ48,P592T,0.3663,ambiguous,CRB2,592.0
Q5IJ48,P592V,0.4779,ambiguous,CRB2,592.0
Q5IJ48,P592W,0.8196,pathogenic,CRB2,592.0
Q5IJ48,P592Y,0.8559,pathogenic,CRB2,592.0
Q5IJ48,E593A,0.1188,benign,CRB2,593.0
Q5IJ48,E593C,0.8123,pathogenic,CRB2,593.0
Q5IJ48,E593D,0.1483,benign,CRB2,593.0
Q5IJ48,E593F,0.6498,pathogenic,CRB2,593.0
Q5IJ48,E593G,0.1043,benign,CRB2,593.0
Q5IJ48,E593H,0.2972,benign,CRB2,593.0
Q5IJ48,E593I,0.4349,ambiguous,CRB2,593.0
Q5IJ48,E593K,0.0873,benign,CRB2,593.0
Q5IJ48,E593L,0.3413,ambiguous,CRB2,593.0
Q5IJ48,E593M,0.4178,ambiguous,CRB2,593.0
Q5IJ48,E593N,0.2574,benign,CRB2,593.0
Q5IJ48,E593P,0.3714,ambiguous,CRB2,593.0
Q5IJ48,E593Q,0.0981,benign,CRB2,593.0
Q5IJ48,E593R,0.1128,benign,CRB2,593.0
Q5IJ48,E593S,0.1603,benign,CRB2,593.0
Q5IJ48,E593T,0.1955,benign,CRB2,593.0
Q5IJ48,E593V,0.2386,benign,CRB2,593.0
Q5IJ48,E593W,0.6483,pathogenic,CRB2,593.0
Q5IJ48,E593Y,0.522,ambiguous,CRB2,593.0
Q5IJ48,D594A,0.0988,benign,CRB2,594.0
Q5IJ48,D594C,0.5656,pathogenic,CRB2,594.0
Q5IJ48,D594E,0.1326,benign,CRB2,594.0
Q5IJ48,D594F,0.3008,benign,CRB2,594.0
Q5IJ48,D594G,0.1079,benign,CRB2,594.0
Q5IJ48,D594H,0.129,benign,CRB2,594.0
Q5IJ48,D594I,0.2149,benign,CRB2,594.0
Q5IJ48,D594K,0.1916,benign,CRB2,594.0
Q5IJ48,D594L,0.1969,benign,CRB2,594.0
Q5IJ48,D594M,0.3878,ambiguous,CRB2,594.0
Q5IJ48,D594N,0.0811,benign,CRB2,594.0
Q5IJ48,D594P,0.4392,ambiguous,CRB2,594.0
Q5IJ48,D594Q,0.1642,benign,CRB2,594.0
Q5IJ48,D594R,0.1747,benign,CRB2,594.0
Q5IJ48,D594S,0.0963,benign,CRB2,594.0
Q5IJ48,D594T,0.1586,benign,CRB2,594.0
Q5IJ48,D594V,0.1277,benign,CRB2,594.0
Q5IJ48,D594W,0.5589,ambiguous,CRB2,594.0
Q5IJ48,D594Y,0.1126,benign,CRB2,594.0
Q5IJ48,L595A,0.2439,benign,CRB2,595.0
Q5IJ48,L595C,0.6645,pathogenic,CRB2,595.0
Q5IJ48,L595D,0.7231,pathogenic,CRB2,595.0
Q5IJ48,L595E,0.4541,ambiguous,CRB2,595.0
Q5IJ48,L595F,0.1043,benign,CRB2,595.0
Q5IJ48,L595G,0.4753,ambiguous,CRB2,595.0
Q5IJ48,L595H,0.3345,benign,CRB2,595.0
Q5IJ48,L595I,0.1191,benign,CRB2,595.0
Q5IJ48,L595K,0.4612,ambiguous,CRB2,595.0
Q5IJ48,L595M,0.1354,benign,CRB2,595.0
Q5IJ48,L595N,0.5842,pathogenic,CRB2,595.0
Q5IJ48,L595P,0.4137,ambiguous,CRB2,595.0
Q5IJ48,L595Q,0.2688,benign,CRB2,595.0
Q5IJ48,L595R,0.25,benign,CRB2,595.0
Q5IJ48,L595S,0.3598,ambiguous,CRB2,595.0
Q5IJ48,L595T,0.2235,benign,CRB2,595.0
Q5IJ48,L595V,0.1202,benign,CRB2,595.0
Q5IJ48,L595W,0.2071,benign,CRB2,595.0
Q5IJ48,L595Y,0.4222,ambiguous,CRB2,595.0
Q5IJ48,G596A,0.1068,benign,CRB2,596.0
Q5IJ48,G596C,0.2705,benign,CRB2,596.0
Q5IJ48,G596D,0.1188,benign,CRB2,596.0
Q5IJ48,G596E,0.137,benign,CRB2,596.0
Q5IJ48,G596F,0.4226,ambiguous,CRB2,596.0
Q5IJ48,G596H,0.205,benign,CRB2,596.0
Q5IJ48,G596I,0.296,benign,CRB2,596.0
Q5IJ48,G596K,0.2258,benign,CRB2,596.0
Q5IJ48,G596L,0.2654,benign,CRB2,596.0
Q5IJ48,G596M,0.3957,ambiguous,CRB2,596.0
Q5IJ48,G596N,0.2102,benign,CRB2,596.0
Q5IJ48,G596P,0.3132,benign,CRB2,596.0
Q5IJ48,G596Q,0.1836,benign,CRB2,596.0
Q5IJ48,G596R,0.1332,benign,CRB2,596.0
Q5IJ48,G596S,0.0817,benign,CRB2,596.0
Q5IJ48,G596T,0.1396,benign,CRB2,596.0
Q5IJ48,G596V,0.1864,benign,CRB2,596.0
Q5IJ48,G596W,0.221,benign,CRB2,596.0
Q5IJ48,G596Y,0.3021,benign,CRB2,596.0
Q5IJ48,E597A,0.1035,benign,CRB2,597.0
Q5IJ48,E597C,0.6387,pathogenic,CRB2,597.0
Q5IJ48,E597D,0.0986,benign,CRB2,597.0
Q5IJ48,E597F,0.4938,ambiguous,CRB2,597.0
Q5IJ48,E597G,0.0709,benign,CRB2,597.0
Q5IJ48,E597H,0.2048,benign,CRB2,597.0
Q5IJ48,E597I,0.3163,benign,CRB2,597.0
Q5IJ48,E597K,0.0688,benign,CRB2,597.0
Q5IJ48,E597L,0.2426,benign,CRB2,597.0
Q5IJ48,E597M,0.3094,benign,CRB2,597.0
Q5IJ48,E597N,0.1683,benign,CRB2,597.0
Q5IJ48,E597P,0.1684,benign,CRB2,597.0
Q5IJ48,E597Q,0.0826,benign,CRB2,597.0
Q5IJ48,E597R,0.0884,benign,CRB2,597.0
Q5IJ48,E597S,0.1211,benign,CRB2,597.0
Q5IJ48,E597T,0.1541,benign,CRB2,597.0
Q5IJ48,E597V,0.1771,benign,CRB2,597.0
Q5IJ48,E597W,0.48,ambiguous,CRB2,597.0
Q5IJ48,E597Y,0.3524,ambiguous,CRB2,597.0
Q5IJ48,N598A,0.1726,benign,CRB2,598.0
Q5IJ48,N598C,0.5004,ambiguous,CRB2,598.0
Q5IJ48,N598D,0.1146,benign,CRB2,598.0
Q5IJ48,N598E,0.2427,benign,CRB2,598.0
Q5IJ48,N598F,0.4392,ambiguous,CRB2,598.0
Q5IJ48,N598G,0.2111,benign,CRB2,598.0
Q5IJ48,N598H,0.1048,benign,CRB2,598.0
Q5IJ48,N598I,0.2348,benign,CRB2,598.0
Q5IJ48,N598K,0.1818,benign,CRB2,598.0
Q5IJ48,N598L,0.2439,benign,CRB2,598.0
Q5IJ48,N598M,0.2998,benign,CRB2,598.0
Q5IJ48,N598P,0.278,benign,CRB2,598.0
Q5IJ48,N598Q,0.2334,benign,CRB2,598.0
Q5IJ48,N598R,0.189,benign,CRB2,598.0
Q5IJ48,N598S,0.1049,benign,CRB2,598.0
Q5IJ48,N598T,0.128,benign,CRB2,598.0
Q5IJ48,N598V,0.2372,benign,CRB2,598.0
Q5IJ48,N598W,0.5573,ambiguous,CRB2,598.0
Q5IJ48,N598Y,0.1443,benign,CRB2,598.0
Q5IJ48,V599A,0.1393,benign,CRB2,599.0
Q5IJ48,V599C,0.7631,pathogenic,CRB2,599.0
Q5IJ48,V599D,0.3189,benign,CRB2,599.0
Q5IJ48,V599E,0.313,benign,CRB2,599.0
Q5IJ48,V599F,0.1503,benign,CRB2,599.0
Q5IJ48,V599G,0.1727,benign,CRB2,599.0
Q5IJ48,V599H,0.506,ambiguous,CRB2,599.0
Q5IJ48,V599I,0.0908,benign,CRB2,599.0
Q5IJ48,V599K,0.4167,ambiguous,CRB2,599.0
Q5IJ48,V599L,0.1678,benign,CRB2,599.0
Q5IJ48,V599M,0.1656,benign,CRB2,599.0
Q5IJ48,V599N,0.3157,benign,CRB2,599.0
Q5IJ48,V599P,0.3227,benign,CRB2,599.0
Q5IJ48,V599Q,0.3397,benign,CRB2,599.0
Q5IJ48,V599R,0.2648,benign,CRB2,599.0
Q5IJ48,V599S,0.1972,benign,CRB2,599.0
Q5IJ48,V599T,0.2129,benign,CRB2,599.0
Q5IJ48,V599W,0.6613,pathogenic,CRB2,599.0
Q5IJ48,V599Y,0.4775,ambiguous,CRB2,599.0
Q5IJ48,L600A,0.1714,benign,CRB2,600.0
Q5IJ48,L600C,0.4625,ambiguous,CRB2,600.0
Q5IJ48,L600D,0.4186,ambiguous,CRB2,600.0
Q5IJ48,L600E,0.1915,benign,CRB2,600.0
Q5IJ48,L600F,0.1013,benign,CRB2,600.0
Q5IJ48,L600G,0.3336,benign,CRB2,600.0
Q5IJ48,L600H,0.137,benign,CRB2,600.0
Q5IJ48,L600I,0.1003,benign,CRB2,600.0
Q5IJ48,L600K,0.1963,benign,CRB2,600.0
Q5IJ48,L600M,0.1396,benign,CRB2,600.0
Q5IJ48,L600N,0.2874,benign,CRB2,600.0
Q5IJ48,L600P,0.1634,benign,CRB2,600.0
Q5IJ48,L600Q,0.0974,benign,CRB2,600.0
Q5IJ48,L600R,0.0852,benign,CRB2,600.0
Q5IJ48,L600S,0.1919,benign,CRB2,600.0
Q5IJ48,L600T,0.1831,benign,CRB2,600.0
Q5IJ48,L600V,0.0877,benign,CRB2,600.0
Q5IJ48,L600W,0.1385,benign,CRB2,600.0
Q5IJ48,L600Y,0.2516,benign,CRB2,600.0
Q5IJ48,L601A,0.1129,benign,CRB2,601.0
Q5IJ48,L601C,0.4953,ambiguous,CRB2,601.0
Q5IJ48,L601D,0.3821,ambiguous,CRB2,601.0
Q5IJ48,L601E,0.1593,benign,CRB2,601.0
Q5IJ48,L601F,0.1305,benign,CRB2,601.0
Q5IJ48,L601G,0.2467,benign,CRB2,601.0
Q5IJ48,L601H,0.1483,benign,CRB2,601.0
Q5IJ48,L601I,0.1073,benign,CRB2,601.0
Q5IJ48,L601K,0.1609,benign,CRB2,601.0
Q5IJ48,L601M,0.1419,benign,CRB2,601.0
Q5IJ48,L601N,0.3004,benign,CRB2,601.0
Q5IJ48,L601P,0.0611,benign,CRB2,601.0
Q5IJ48,L601Q,0.087,benign,CRB2,601.0
Q5IJ48,L601R,0.074,benign,CRB2,601.0
Q5IJ48,L601S,0.1613,benign,CRB2,601.0
Q5IJ48,L601T,0.1265,benign,CRB2,601.0
Q5IJ48,L601V,0.0862,benign,CRB2,601.0
Q5IJ48,L601W,0.1218,benign,CRB2,601.0
Q5IJ48,L601Y,0.2971,benign,CRB2,601.0
Q5IJ48,G602A,0.3632,ambiguous,CRB2,602.0
Q5IJ48,G602C,0.8141,pathogenic,CRB2,602.0
Q5IJ48,G602D,0.4149,ambiguous,CRB2,602.0
Q5IJ48,G602E,0.5674,pathogenic,CRB2,602.0
Q5IJ48,G602F,0.841,pathogenic,CRB2,602.0
Q5IJ48,G602H,0.7178,pathogenic,CRB2,602.0
Q5IJ48,G602I,0.7987,pathogenic,CRB2,602.0
Q5IJ48,G602K,0.8417,pathogenic,CRB2,602.0
Q5IJ48,G602L,0.7566,pathogenic,CRB2,602.0
Q5IJ48,G602M,0.8977,pathogenic,CRB2,602.0
Q5IJ48,G602N,0.643,pathogenic,CRB2,602.0
Q5IJ48,G602P,0.8149,pathogenic,CRB2,602.0
Q5IJ48,G602Q,0.7128,pathogenic,CRB2,602.0
Q5IJ48,G602R,0.6472,pathogenic,CRB2,602.0
Q5IJ48,G602S,0.2548,benign,CRB2,602.0
Q5IJ48,G602T,0.5599,ambiguous,CRB2,602.0
Q5IJ48,G602V,0.6621,pathogenic,CRB2,602.0
Q5IJ48,G602W,0.7003,pathogenic,CRB2,602.0
Q5IJ48,G602Y,0.7718,pathogenic,CRB2,602.0
Q5IJ48,C603A,0.9682,pathogenic,CRB2,603.0
Q5IJ48,C603D,0.9783,pathogenic,CRB2,603.0
Q5IJ48,C603E,0.9852,pathogenic,CRB2,603.0
Q5IJ48,C603F,0.8814,pathogenic,CRB2,603.0
Q5IJ48,C603G,0.8247,pathogenic,CRB2,603.0
Q5IJ48,C603H,0.9748,pathogenic,CRB2,603.0
Q5IJ48,C603I,0.9762,pathogenic,CRB2,603.0
Q5IJ48,C603K,0.9925,pathogenic,CRB2,603.0
Q5IJ48,C603L,0.9474,pathogenic,CRB2,603.0
Q5IJ48,C603M,0.9816,pathogenic,CRB2,603.0
Q5IJ48,C603N,0.9791,pathogenic,CRB2,603.0
Q5IJ48,C603P,0.9718,pathogenic,CRB2,603.0
Q5IJ48,C603Q,0.9836,pathogenic,CRB2,603.0
Q5IJ48,C603R,0.9164,pathogenic,CRB2,603.0
Q5IJ48,C603S,0.9536,pathogenic,CRB2,603.0
Q5IJ48,C603T,0.9812,pathogenic,CRB2,603.0
Q5IJ48,C603V,0.9653,pathogenic,CRB2,603.0
Q5IJ48,C603W,0.8547,pathogenic,CRB2,603.0
Q5IJ48,C603Y,0.9266,pathogenic,CRB2,603.0
Q5IJ48,E604A,0.1136,benign,CRB2,604.0
Q5IJ48,E604C,0.7784,pathogenic,CRB2,604.0
Q5IJ48,E604D,0.151,benign,CRB2,604.0
Q5IJ48,E604F,0.5644,pathogenic,CRB2,604.0
Q5IJ48,E604G,0.1141,benign,CRB2,604.0
Q5IJ48,E604H,0.2364,benign,CRB2,604.0
Q5IJ48,E604I,0.3227,benign,CRB2,604.0
Q5IJ48,E604K,0.0867,benign,CRB2,604.0
Q5IJ48,E604L,0.2291,benign,CRB2,604.0
Q5IJ48,E604M,0.3551,ambiguous,CRB2,604.0
Q5IJ48,E604N,0.2565,benign,CRB2,604.0
Q5IJ48,E604P,0.2529,benign,CRB2,604.0
Q5IJ48,E604Q,0.0822,benign,CRB2,604.0
Q5IJ48,E604R,0.1028,benign,CRB2,604.0
Q5IJ48,E604S,0.1605,benign,CRB2,604.0
Q5IJ48,E604T,0.168,benign,CRB2,604.0
Q5IJ48,E604V,0.182,benign,CRB2,604.0
Q5IJ48,E604W,0.595,pathogenic,CRB2,604.0
Q5IJ48,E604Y,0.4423,ambiguous,CRB2,604.0
Q5IJ48,R605A,0.4155,ambiguous,CRB2,605.0
Q5IJ48,R605C,0.2978,benign,CRB2,605.0
Q5IJ48,R605D,0.5499,ambiguous,CRB2,605.0
Q5IJ48,R605E,0.3475,ambiguous,CRB2,605.0
Q5IJ48,R605F,0.4488,ambiguous,CRB2,605.0
Q5IJ48,R605G,0.2609,benign,CRB2,605.0
Q5IJ48,R605H,0.0773,benign,CRB2,605.0
Q5IJ48,R605I,0.3691,ambiguous,CRB2,605.0
Q5IJ48,R605K,0.2303,benign,CRB2,605.0
Q5IJ48,R605L,0.2138,benign,CRB2,605.0
Q5IJ48,R605M,0.4947,ambiguous,CRB2,605.0
Q5IJ48,R605N,0.4736,ambiguous,CRB2,605.0
Q5IJ48,R605P,0.3402,ambiguous,CRB2,605.0
Q5IJ48,R605Q,0.1098,benign,CRB2,605.0
Q5IJ48,R605S,0.4374,ambiguous,CRB2,605.0
Q5IJ48,R605T,0.347,ambiguous,CRB2,605.0
Q5IJ48,R605V,0.4127,ambiguous,CRB2,605.0
Q5IJ48,R605W,0.1372,benign,CRB2,605.0
Q5IJ48,R605Y,0.249,benign,CRB2,605.0
Q5IJ48,R606A,0.1525,benign,CRB2,606.0
Q5IJ48,R606C,0.1884,benign,CRB2,606.0
Q5IJ48,R606D,0.235,benign,CRB2,606.0
Q5IJ48,R606E,0.1312,benign,CRB2,606.0
Q5IJ48,R606F,0.293,benign,CRB2,606.0
Q5IJ48,R606G,0.102,benign,CRB2,606.0
Q5IJ48,R606H,0.0792,benign,CRB2,606.0
Q5IJ48,R606I,0.1989,benign,CRB2,606.0
Q5IJ48,R606K,0.1317,benign,CRB2,606.0
Q5IJ48,R606L,0.1084,benign,CRB2,606.0
Q5IJ48,R606M,0.2243,benign,CRB2,606.0
Q5IJ48,R606N,0.2572,benign,CRB2,606.0
Q5IJ48,R606P,0.1455,benign,CRB2,606.0
Q5IJ48,R606Q,0.0699,benign,CRB2,606.0
Q5IJ48,R606S,0.1687,benign,CRB2,606.0
Q5IJ48,R606T,0.1199,benign,CRB2,606.0
Q5IJ48,R606V,0.1882,benign,CRB2,606.0
Q5IJ48,R606W,0.0884,benign,CRB2,606.0
Q5IJ48,R606Y,0.2295,benign,CRB2,606.0
Q5IJ48,E607A,0.1439,benign,CRB2,607.0
Q5IJ48,E607C,0.8963,pathogenic,CRB2,607.0
Q5IJ48,E607D,0.1647,benign,CRB2,607.0
Q5IJ48,E607F,0.6819,pathogenic,CRB2,607.0
Q5IJ48,E607G,0.1576,benign,CRB2,607.0
Q5IJ48,E607H,0.4224,ambiguous,CRB2,607.0
Q5IJ48,E607I,0.3865,ambiguous,CRB2,607.0
Q5IJ48,E607K,0.1673,benign,CRB2,607.0
Q5IJ48,E607L,0.2977,benign,CRB2,607.0
Q5IJ48,E607M,0.4721,ambiguous,CRB2,607.0
Q5IJ48,E607N,0.3406,ambiguous,CRB2,607.0
Q5IJ48,E607P,0.2011,benign,CRB2,607.0
Q5IJ48,E607Q,0.1223,benign,CRB2,607.0
Q5IJ48,E607R,0.1963,benign,CRB2,607.0
Q5IJ48,E607S,0.2217,benign,CRB2,607.0
Q5IJ48,E607T,0.2489,benign,CRB2,607.0
Q5IJ48,E607V,0.2121,benign,CRB2,607.0
Q5IJ48,E607W,0.7525,pathogenic,CRB2,607.0
Q5IJ48,E607Y,0.5915,pathogenic,CRB2,607.0
Q5IJ48,Q608A,0.1344,benign,CRB2,608.0
Q5IJ48,Q608C,0.8072,pathogenic,CRB2,608.0
Q5IJ48,Q608D,0.3409,ambiguous,CRB2,608.0
Q5IJ48,Q608E,0.0986,benign,CRB2,608.0
Q5IJ48,Q608F,0.5362,ambiguous,CRB2,608.0
Q5IJ48,Q608G,0.2028,benign,CRB2,608.0
Q5IJ48,Q608H,0.2529,benign,CRB2,608.0
Q5IJ48,Q608I,0.3494,ambiguous,CRB2,608.0
Q5IJ48,Q608K,0.172,benign,CRB2,608.0
Q5IJ48,Q608L,0.1156,benign,CRB2,608.0
Q5IJ48,Q608M,0.3881,ambiguous,CRB2,608.0
Q5IJ48,Q608N,0.2911,benign,CRB2,608.0
Q5IJ48,Q608P,0.0642,benign,CRB2,608.0
Q5IJ48,Q608R,0.1121,benign,CRB2,608.0
Q5IJ48,Q608S,0.1873,benign,CRB2,608.0
Q5IJ48,Q608T,0.1921,benign,CRB2,608.0
Q5IJ48,Q608V,0.2131,benign,CRB2,608.0
Q5IJ48,Q608W,0.3102,benign,CRB2,608.0
Q5IJ48,Q608Y,0.3863,ambiguous,CRB2,608.0
Q5IJ48,C609A,0.9144,pathogenic,CRB2,609.0
Q5IJ48,C609D,0.9363,pathogenic,CRB2,609.0
Q5IJ48,C609E,0.962,pathogenic,CRB2,609.0
Q5IJ48,C609F,0.7483,pathogenic,CRB2,609.0
Q5IJ48,C609G,0.6412,pathogenic,CRB2,609.0
Q5IJ48,C609H,0.9298,pathogenic,CRB2,609.0
Q5IJ48,C609I,0.9191,pathogenic,CRB2,609.0
Q5IJ48,C609K,0.9824,pathogenic,CRB2,609.0
Q5IJ48,C609L,0.8237,pathogenic,CRB2,609.0
Q5IJ48,C609M,0.9519,pathogenic,CRB2,609.0
Q5IJ48,C609N,0.9337,pathogenic,CRB2,609.0
Q5IJ48,C609P,0.8955,pathogenic,CRB2,609.0
Q5IJ48,C609Q,0.962,pathogenic,CRB2,609.0
Q5IJ48,C609R,0.8703,pathogenic,CRB2,609.0
Q5IJ48,C609S,0.9075,pathogenic,CRB2,609.0
Q5IJ48,C609T,0.956,pathogenic,CRB2,609.0
Q5IJ48,C609V,0.8913,pathogenic,CRB2,609.0
Q5IJ48,C609W,0.7897,pathogenic,CRB2,609.0
Q5IJ48,C609Y,0.7788,pathogenic,CRB2,609.0
Q5IJ48,R610A,0.1181,benign,CRB2,610.0
Q5IJ48,R610C,0.1675,benign,CRB2,610.0
Q5IJ48,R610D,0.1669,benign,CRB2,610.0
Q5IJ48,R610E,0.0912,benign,CRB2,610.0
Q5IJ48,R610F,0.2064,benign,CRB2,610.0
Q5IJ48,R610G,0.0774,benign,CRB2,610.0
Q5IJ48,R610H,0.066,benign,CRB2,610.0
Q5IJ48,R610I,0.1462,benign,CRB2,610.0
Q5IJ48,R610K,0.1236,benign,CRB2,610.0
Q5IJ48,R610L,0.0656,benign,CRB2,610.0
Q5IJ48,R610M,0.1839,benign,CRB2,610.0
Q5IJ48,R610N,0.1887,benign,CRB2,610.0
Q5IJ48,R610P,0.1204,benign,CRB2,610.0
Q5IJ48,R610Q,0.0547,benign,CRB2,610.0
Q5IJ48,R610S,0.1138,benign,CRB2,610.0
Q5IJ48,R610T,0.1093,benign,CRB2,610.0
Q5IJ48,R610V,0.1374,benign,CRB2,610.0
Q5IJ48,R610W,0.0719,benign,CRB2,610.0
Q5IJ48,R610Y,0.1537,benign,CRB2,610.0
Q5IJ48,P611A,0.0786,benign,CRB2,611.0
Q5IJ48,P611C,0.5558,ambiguous,CRB2,611.0
Q5IJ48,P611D,0.2405,benign,CRB2,611.0
Q5IJ48,P611E,0.1794,benign,CRB2,611.0
Q5IJ48,P611F,0.3031,benign,CRB2,611.0
Q5IJ48,P611G,0.2046,benign,CRB2,611.0
Q5IJ48,P611H,0.1455,benign,CRB2,611.0
Q5IJ48,P611I,0.2575,benign,CRB2,611.0
Q5IJ48,P611K,0.3079,benign,CRB2,611.0
Q5IJ48,P611L,0.0971,benign,CRB2,611.0
Q5IJ48,P611M,0.2837,benign,CRB2,611.0
Q5IJ48,P611N,0.2446,benign,CRB2,611.0
Q5IJ48,P611Q,0.1344,benign,CRB2,611.0
Q5IJ48,P611R,0.1347,benign,CRB2,611.0
Q5IJ48,P611S,0.0881,benign,CRB2,611.0
Q5IJ48,P611T,0.0937,benign,CRB2,611.0
Q5IJ48,P611V,0.1634,benign,CRB2,611.0
Q5IJ48,P611W,0.3543,ambiguous,CRB2,611.0
Q5IJ48,P611Y,0.3074,benign,CRB2,611.0
Q5IJ48,L612A,0.0742,benign,CRB2,612.0
Q5IJ48,L612C,0.3867,ambiguous,CRB2,612.0
Q5IJ48,L612D,0.1964,benign,CRB2,612.0
Q5IJ48,L612E,0.0998,benign,CRB2,612.0
Q5IJ48,L612F,0.0999,benign,CRB2,612.0
Q5IJ48,L612G,0.1567,benign,CRB2,612.0
Q5IJ48,L612H,0.1086,benign,CRB2,612.0
Q5IJ48,L612I,0.1165,benign,CRB2,612.0
Q5IJ48,L612K,0.1385,benign,CRB2,612.0
Q5IJ48,L612M,0.1232,benign,CRB2,612.0
Q5IJ48,L612N,0.1672,benign,CRB2,612.0
Q5IJ48,L612P,0.0471,benign,CRB2,612.0
Q5IJ48,L612Q,0.0634,benign,CRB2,612.0
Q5IJ48,L612R,0.0653,benign,CRB2,612.0
Q5IJ48,L612S,0.0749,benign,CRB2,612.0
Q5IJ48,L612T,0.1017,benign,CRB2,612.0
Q5IJ48,L612V,0.0815,benign,CRB2,612.0
Q5IJ48,L612W,0.1185,benign,CRB2,612.0
Q5IJ48,L612Y,0.2173,benign,CRB2,612.0
Q5IJ48,P613A,0.0983,benign,CRB2,613.0
Q5IJ48,P613C,0.6813,pathogenic,CRB2,613.0
Q5IJ48,P613D,0.4832,ambiguous,CRB2,613.0
Q5IJ48,P613E,0.3514,ambiguous,CRB2,613.0
Q5IJ48,P613F,0.4907,ambiguous,CRB2,613.0
Q5IJ48,P613G,0.3264,benign,CRB2,613.0
Q5IJ48,P613H,0.2353,benign,CRB2,613.0
Q5IJ48,P613I,0.3896,ambiguous,CRB2,613.0
Q5IJ48,P613K,0.4868,ambiguous,CRB2,613.0
Q5IJ48,P613L,0.1432,benign,CRB2,613.0
Q5IJ48,P613M,0.5052,ambiguous,CRB2,613.0
Q5IJ48,P613N,0.4546,ambiguous,CRB2,613.0
Q5IJ48,P613Q,0.2178,benign,CRB2,613.0
Q5IJ48,P613R,0.1828,benign,CRB2,613.0
Q5IJ48,P613S,0.1242,benign,CRB2,613.0
Q5IJ48,P613T,0.1364,benign,CRB2,613.0
Q5IJ48,P613V,0.2536,benign,CRB2,613.0
Q5IJ48,P613W,0.5694,pathogenic,CRB2,613.0
Q5IJ48,P613Y,0.498,ambiguous,CRB2,613.0
Q5IJ48,C614A,0.9005,pathogenic,CRB2,614.0
Q5IJ48,C614D,0.9685,pathogenic,CRB2,614.0
Q5IJ48,C614E,0.979,pathogenic,CRB2,614.0
Q5IJ48,C614F,0.8233,pathogenic,CRB2,614.0
Q5IJ48,C614G,0.7217,pathogenic,CRB2,614.0
Q5IJ48,C614H,0.96,pathogenic,CRB2,614.0
Q5IJ48,C614I,0.9479,pathogenic,CRB2,614.0
Q5IJ48,C614K,0.9904,pathogenic,CRB2,614.0
Q5IJ48,C614L,0.8757,pathogenic,CRB2,614.0
Q5IJ48,C614M,0.9673,pathogenic,CRB2,614.0
Q5IJ48,C614N,0.9728,pathogenic,CRB2,614.0
Q5IJ48,C614P,0.9276,pathogenic,CRB2,614.0
Q5IJ48,C614Q,0.9777,pathogenic,CRB2,614.0
Q5IJ48,C614R,0.8931,pathogenic,CRB2,614.0
Q5IJ48,C614S,0.9127,pathogenic,CRB2,614.0
Q5IJ48,C614T,0.9575,pathogenic,CRB2,614.0
Q5IJ48,C614V,0.9029,pathogenic,CRB2,614.0
Q5IJ48,C614W,0.895,pathogenic,CRB2,614.0
Q5IJ48,C614Y,0.9151,pathogenic,CRB2,614.0
Q5IJ48,V615A,0.0534,benign,CRB2,615.0
Q5IJ48,V615C,0.5493,ambiguous,CRB2,615.0
Q5IJ48,V615D,0.0827,benign,CRB2,615.0
Q5IJ48,V615E,0.0772,benign,CRB2,615.0
Q5IJ48,V615F,0.0947,benign,CRB2,615.0
Q5IJ48,V615G,0.0589,benign,CRB2,615.0
Q5IJ48,V615H,0.1775,benign,CRB2,615.0
Q5IJ48,V615I,0.093,benign,CRB2,615.0
Q5IJ48,V615K,0.1302,benign,CRB2,615.0
Q5IJ48,V615L,0.0838,benign,CRB2,615.0
Q5IJ48,V615M,0.107,benign,CRB2,615.0
Q5IJ48,V615N,0.1063,benign,CRB2,615.0
Q5IJ48,V615P,0.1315,benign,CRB2,615.0
Q5IJ48,V615Q,0.0929,benign,CRB2,615.0
Q5IJ48,V615R,0.0711,benign,CRB2,615.0
Q5IJ48,V615S,0.0632,benign,CRB2,615.0
Q5IJ48,V615T,0.085,benign,CRB2,615.0
Q5IJ48,V615W,0.3859,ambiguous,CRB2,615.0
Q5IJ48,V615Y,0.281,benign,CRB2,615.0
Q5IJ48,H616A,0.1613,benign,CRB2,616.0
Q5IJ48,H616C,0.3578,ambiguous,CRB2,616.0
Q5IJ48,H616D,0.1273,benign,CRB2,616.0
Q5IJ48,H616E,0.1833,benign,CRB2,616.0
Q5IJ48,H616F,0.2975,benign,CRB2,616.0
Q5IJ48,H616G,0.1259,benign,CRB2,616.0
Q5IJ48,H616I,0.4551,ambiguous,CRB2,616.0
Q5IJ48,H616K,0.268,benign,CRB2,616.0
Q5IJ48,H616L,0.1234,benign,CRB2,616.0
Q5IJ48,H616M,0.5443,ambiguous,CRB2,616.0
Q5IJ48,H616N,0.0995,benign,CRB2,616.0
Q5IJ48,H616P,0.0782,benign,CRB2,616.0
Q5IJ48,H616Q,0.1442,benign,CRB2,616.0
Q5IJ48,H616R,0.0734,benign,CRB2,616.0
Q5IJ48,H616S,0.1307,benign,CRB2,616.0
Q5IJ48,H616T,0.2562,benign,CRB2,616.0
Q5IJ48,H616V,0.3222,benign,CRB2,616.0
Q5IJ48,H616W,0.2689,benign,CRB2,616.0
Q5IJ48,H616Y,0.1128,benign,CRB2,616.0
Q5IJ48,G617A,0.1255,benign,CRB2,617.0
Q5IJ48,G617C,0.3793,ambiguous,CRB2,617.0
Q5IJ48,G617D,0.123,benign,CRB2,617.0
Q5IJ48,G617E,0.1227,benign,CRB2,617.0
Q5IJ48,G617F,0.5136,ambiguous,CRB2,617.0
Q5IJ48,G617H,0.2139,benign,CRB2,617.0
Q5IJ48,G617I,0.3954,ambiguous,CRB2,617.0
Q5IJ48,G617K,0.261,benign,CRB2,617.0
Q5IJ48,G617L,0.3497,ambiguous,CRB2,617.0
Q5IJ48,G617M,0.48,ambiguous,CRB2,617.0
Q5IJ48,G617N,0.2527,benign,CRB2,617.0
Q5IJ48,G617P,0.5177,ambiguous,CRB2,617.0
Q5IJ48,G617Q,0.182,benign,CRB2,617.0
Q5IJ48,G617R,0.1254,benign,CRB2,617.0
Q5IJ48,G617S,0.1089,benign,CRB2,617.0
Q5IJ48,G617T,0.1781,benign,CRB2,617.0
Q5IJ48,G617V,0.2487,benign,CRB2,617.0
Q5IJ48,G617W,0.2606,benign,CRB2,617.0
Q5IJ48,G617Y,0.3859,ambiguous,CRB2,617.0
Q5IJ48,G618A,0.1316,benign,CRB2,618.0
Q5IJ48,G618C,0.5061,ambiguous,CRB2,618.0
Q5IJ48,G618D,0.3738,ambiguous,CRB2,618.0
Q5IJ48,G618E,0.3848,ambiguous,CRB2,618.0
Q5IJ48,G618F,0.7223,pathogenic,CRB2,618.0
Q5IJ48,G618H,0.561,ambiguous,CRB2,618.0
Q5IJ48,G618I,0.4715,ambiguous,CRB2,618.0
Q5IJ48,G618K,0.666,pathogenic,CRB2,618.0
Q5IJ48,G618L,0.5663,pathogenic,CRB2,618.0
Q5IJ48,G618M,0.6741,pathogenic,CRB2,618.0
Q5IJ48,G618N,0.4951,ambiguous,CRB2,618.0
Q5IJ48,G618P,0.7974,pathogenic,CRB2,618.0
Q5IJ48,G618Q,0.489,ambiguous,CRB2,618.0
Q5IJ48,G618R,0.4331,ambiguous,CRB2,618.0
Q5IJ48,G618S,0.112,benign,CRB2,618.0
Q5IJ48,G618T,0.2827,benign,CRB2,618.0
Q5IJ48,G618V,0.3284,benign,CRB2,618.0
Q5IJ48,G618W,0.5738,pathogenic,CRB2,618.0
Q5IJ48,G618Y,0.6609,pathogenic,CRB2,618.0
Q5IJ48,S619A,0.0713,benign,CRB2,619.0
Q5IJ48,S619C,0.1838,benign,CRB2,619.0
Q5IJ48,S619D,0.1487,benign,CRB2,619.0
Q5IJ48,S619E,0.1775,benign,CRB2,619.0
Q5IJ48,S619F,0.1103,benign,CRB2,619.0
Q5IJ48,S619G,0.0756,benign,CRB2,619.0
Q5IJ48,S619H,0.1285,benign,CRB2,619.0
Q5IJ48,S619I,0.1037,benign,CRB2,619.0
Q5IJ48,S619K,0.2475,benign,CRB2,619.0
Q5IJ48,S619L,0.0865,benign,CRB2,619.0
Q5IJ48,S619M,0.1794,benign,CRB2,619.0
Q5IJ48,S619N,0.0919,benign,CRB2,619.0
Q5IJ48,S619P,0.1273,benign,CRB2,619.0
Q5IJ48,S619Q,0.175,benign,CRB2,619.0
Q5IJ48,S619R,0.1373,benign,CRB2,619.0
Q5IJ48,S619T,0.085,benign,CRB2,619.0
Q5IJ48,S619V,0.1157,benign,CRB2,619.0
Q5IJ48,S619W,0.1333,benign,CRB2,619.0
Q5IJ48,S619Y,0.1212,benign,CRB2,619.0
Q5IJ48,C620A,0.9044,pathogenic,CRB2,620.0
Q5IJ48,C620D,0.9802,pathogenic,CRB2,620.0
Q5IJ48,C620E,0.9812,pathogenic,CRB2,620.0
Q5IJ48,C620F,0.8612,pathogenic,CRB2,620.0
Q5IJ48,C620G,0.7579,pathogenic,CRB2,620.0
Q5IJ48,C620H,0.9607,pathogenic,CRB2,620.0
Q5IJ48,C620I,0.9493,pathogenic,CRB2,620.0
Q5IJ48,C620K,0.9905,pathogenic,CRB2,620.0
Q5IJ48,C620L,0.88,pathogenic,CRB2,620.0
Q5IJ48,C620M,0.9744,pathogenic,CRB2,620.0
Q5IJ48,C620N,0.9771,pathogenic,CRB2,620.0
Q5IJ48,C620P,0.9076,pathogenic,CRB2,620.0
Q5IJ48,C620Q,0.9755,pathogenic,CRB2,620.0
Q5IJ48,C620R,0.8745,pathogenic,CRB2,620.0
Q5IJ48,C620S,0.9145,pathogenic,CRB2,620.0
Q5IJ48,C620T,0.9571,pathogenic,CRB2,620.0
Q5IJ48,C620V,0.9096,pathogenic,CRB2,620.0
Q5IJ48,C620W,0.8945,pathogenic,CRB2,620.0
Q5IJ48,C620Y,0.927,pathogenic,CRB2,620.0
Q5IJ48,V621A,0.108,benign,CRB2,621.0
Q5IJ48,V621C,0.7895,pathogenic,CRB2,621.0
Q5IJ48,V621D,0.2315,benign,CRB2,621.0
Q5IJ48,V621E,0.0978,benign,CRB2,621.0
Q5IJ48,V621F,0.1733,benign,CRB2,621.0
Q5IJ48,V621G,0.1573,benign,CRB2,621.0
Q5IJ48,V621H,0.3487,ambiguous,CRB2,621.0
Q5IJ48,V621I,0.1019,benign,CRB2,621.0
Q5IJ48,V621K,0.1534,benign,CRB2,621.0
Q5IJ48,V621L,0.1452,benign,CRB2,621.0
Q5IJ48,V621M,0.1109,benign,CRB2,621.0
Q5IJ48,V621N,0.2717,benign,CRB2,621.0
Q5IJ48,V621P,0.5801,pathogenic,CRB2,621.0
Q5IJ48,V621Q,0.1294,benign,CRB2,621.0
Q5IJ48,V621R,0.0982,benign,CRB2,621.0
Q5IJ48,V621S,0.1681,benign,CRB2,621.0
Q5IJ48,V621T,0.1214,benign,CRB2,621.0
Q5IJ48,V621W,0.565,pathogenic,CRB2,621.0
Q5IJ48,V621Y,0.5311,ambiguous,CRB2,621.0
Q5IJ48,D622A,0.7684,pathogenic,CRB2,622.0
Q5IJ48,D622C,0.9821,pathogenic,CRB2,622.0
Q5IJ48,D622E,0.7937,pathogenic,CRB2,622.0
Q5IJ48,D622F,0.958,pathogenic,CRB2,622.0
Q5IJ48,D622G,0.7481,pathogenic,CRB2,622.0
Q5IJ48,D622H,0.8448,pathogenic,CRB2,622.0
Q5IJ48,D622I,0.9507,pathogenic,CRB2,622.0
Q5IJ48,D622K,0.9551,pathogenic,CRB2,622.0
Q5IJ48,D622L,0.8947,pathogenic,CRB2,622.0
Q5IJ48,D622M,0.9811,pathogenic,CRB2,622.0
Q5IJ48,D622N,0.4673,ambiguous,CRB2,622.0
Q5IJ48,D622P,0.8769,pathogenic,CRB2,622.0
Q5IJ48,D622Q,0.9296,pathogenic,CRB2,622.0
Q5IJ48,D622R,0.9257,pathogenic,CRB2,622.0
Q5IJ48,D622S,0.59,pathogenic,CRB2,622.0
Q5IJ48,D622T,0.8855,pathogenic,CRB2,622.0
Q5IJ48,D622V,0.8627,pathogenic,CRB2,622.0
Q5IJ48,D622W,0.986,pathogenic,CRB2,622.0
Q5IJ48,D622Y,0.7516,pathogenic,CRB2,622.0
Q5IJ48,L623A,0.2341,benign,CRB2,623.0
Q5IJ48,L623C,0.6145,pathogenic,CRB2,623.0
Q5IJ48,L623D,0.5343,ambiguous,CRB2,623.0
Q5IJ48,L623E,0.1861,benign,CRB2,623.0
Q5IJ48,L623F,0.1579,benign,CRB2,623.0
Q5IJ48,L623G,0.3661,ambiguous,CRB2,623.0
Q5IJ48,L623H,0.2139,benign,CRB2,623.0
Q5IJ48,L623I,0.1796,benign,CRB2,623.0
Q5IJ48,L623K,0.2753,benign,CRB2,623.0
Q5IJ48,L623M,0.1486,benign,CRB2,623.0
Q5IJ48,L623N,0.3909,ambiguous,CRB2,623.0
Q5IJ48,L623P,0.5759,pathogenic,CRB2,623.0
Q5IJ48,L623Q,0.0986,benign,CRB2,623.0
Q5IJ48,L623R,0.1026,benign,CRB2,623.0
Q5IJ48,L623S,0.2621,benign,CRB2,623.0
Q5IJ48,L623T,0.2242,benign,CRB2,623.0
Q5IJ48,L623V,0.1295,benign,CRB2,623.0
Q5IJ48,L623W,0.2212,benign,CRB2,623.0
Q5IJ48,L623Y,0.3962,ambiguous,CRB2,623.0
Q5IJ48,W624A,0.8947,pathogenic,CRB2,624.0
Q5IJ48,W624C,0.9869,pathogenic,CRB2,624.0
Q5IJ48,W624D,0.9475,pathogenic,CRB2,624.0
Q5IJ48,W624E,0.944,pathogenic,CRB2,624.0
Q5IJ48,W624F,0.5573,ambiguous,CRB2,624.0
Q5IJ48,W624G,0.6573,pathogenic,CRB2,624.0
Q5IJ48,W624H,0.9106,pathogenic,CRB2,624.0
Q5IJ48,W624I,0.9676,pathogenic,CRB2,624.0
Q5IJ48,W624K,0.9836,pathogenic,CRB2,624.0
Q5IJ48,W624L,0.8084,pathogenic,CRB2,624.0
Q5IJ48,W624M,0.9669,pathogenic,CRB2,624.0
Q5IJ48,W624N,0.9675,pathogenic,CRB2,624.0
Q5IJ48,W624P,0.9427,pathogenic,CRB2,624.0
Q5IJ48,W624Q,0.9595,pathogenic,CRB2,624.0
Q5IJ48,W624R,0.9453,pathogenic,CRB2,624.0
Q5IJ48,W624S,0.7801,pathogenic,CRB2,624.0
Q5IJ48,W624T,0.9499,pathogenic,CRB2,624.0
Q5IJ48,W624V,0.9435,pathogenic,CRB2,624.0
Q5IJ48,W624Y,0.7939,pathogenic,CRB2,624.0
Q5IJ48,T625A,0.1199,benign,CRB2,625.0
Q5IJ48,T625C,0.7287,pathogenic,CRB2,625.0
Q5IJ48,T625D,0.2922,benign,CRB2,625.0
Q5IJ48,T625E,0.2208,benign,CRB2,625.0
Q5IJ48,T625F,0.274,benign,CRB2,625.0
Q5IJ48,T625G,0.2457,benign,CRB2,625.0
Q5IJ48,T625H,0.2319,benign,CRB2,625.0
Q5IJ48,T625I,0.2397,benign,CRB2,625.0
Q5IJ48,T625K,0.1831,benign,CRB2,625.0
Q5IJ48,T625L,0.1079,benign,CRB2,625.0
Q5IJ48,T625M,0.1079,benign,CRB2,625.0
Q5IJ48,T625N,0.1108,benign,CRB2,625.0
Q5IJ48,T625P,0.1488,benign,CRB2,625.0
Q5IJ48,T625Q,0.1802,benign,CRB2,625.0
Q5IJ48,T625R,0.1245,benign,CRB2,625.0
Q5IJ48,T625S,0.1321,benign,CRB2,625.0
Q5IJ48,T625V,0.2244,benign,CRB2,625.0
Q5IJ48,T625W,0.4518,ambiguous,CRB2,625.0
Q5IJ48,T625Y,0.2898,benign,CRB2,625.0
Q5IJ48,H626A,0.1592,benign,CRB2,626.0
Q5IJ48,H626C,0.2638,benign,CRB2,626.0
Q5IJ48,H626D,0.0987,benign,CRB2,626.0
Q5IJ48,H626E,0.1906,benign,CRB2,626.0
Q5IJ48,H626F,0.323,benign,CRB2,626.0
Q5IJ48,H626G,0.1495,benign,CRB2,626.0
Q5IJ48,H626I,0.3417,ambiguous,CRB2,626.0
Q5IJ48,H626K,0.2777,benign,CRB2,626.0
Q5IJ48,H626L,0.118,benign,CRB2,626.0
Q5IJ48,H626M,0.5141,ambiguous,CRB2,626.0
Q5IJ48,H626N,0.0947,benign,CRB2,626.0
Q5IJ48,H626P,0.2084,benign,CRB2,626.0
Q5IJ48,H626Q,0.1485,benign,CRB2,626.0
Q5IJ48,H626R,0.0758,benign,CRB2,626.0
Q5IJ48,H626S,0.1213,benign,CRB2,626.0
Q5IJ48,H626T,0.1898,benign,CRB2,626.0
Q5IJ48,H626V,0.2281,benign,CRB2,626.0
Q5IJ48,H626W,0.2681,benign,CRB2,626.0
Q5IJ48,H626Y,0.1006,benign,CRB2,626.0
Q5IJ48,F627A,0.7959,pathogenic,CRB2,627.0
Q5IJ48,F627C,0.8785,pathogenic,CRB2,627.0
Q5IJ48,F627D,0.8959,pathogenic,CRB2,627.0
Q5IJ48,F627E,0.9207,pathogenic,CRB2,627.0
Q5IJ48,F627G,0.8758,pathogenic,CRB2,627.0
Q5IJ48,F627H,0.6466,pathogenic,CRB2,627.0
Q5IJ48,F627I,0.6456,pathogenic,CRB2,627.0
Q5IJ48,F627K,0.9435,pathogenic,CRB2,627.0
Q5IJ48,F627L,0.936,pathogenic,CRB2,627.0
Q5IJ48,F627M,0.8972,pathogenic,CRB2,627.0
Q5IJ48,F627N,0.8642,pathogenic,CRB2,627.0
Q5IJ48,F627P,0.9581,pathogenic,CRB2,627.0
Q5IJ48,F627Q,0.8573,pathogenic,CRB2,627.0
Q5IJ48,F627R,0.7789,pathogenic,CRB2,627.0
Q5IJ48,F627S,0.5943,pathogenic,CRB2,627.0
Q5IJ48,F627T,0.813,pathogenic,CRB2,627.0
Q5IJ48,F627V,0.5729,pathogenic,CRB2,627.0
Q5IJ48,F627W,0.5987,pathogenic,CRB2,627.0
Q5IJ48,F627Y,0.2556,benign,CRB2,627.0
Q5IJ48,R628A,0.1844,benign,CRB2,628.0
Q5IJ48,R628C,0.1363,benign,CRB2,628.0
Q5IJ48,R628D,0.2638,benign,CRB2,628.0
Q5IJ48,R628E,0.1996,benign,CRB2,628.0
Q5IJ48,R628F,0.2302,benign,CRB2,628.0
Q5IJ48,R628G,0.1419,benign,CRB2,628.0
Q5IJ48,R628H,0.0622,benign,CRB2,628.0
Q5IJ48,R628I,0.1677,benign,CRB2,628.0
Q5IJ48,R628K,0.2212,benign,CRB2,628.0
Q5IJ48,R628L,0.0924,benign,CRB2,628.0
Q5IJ48,R628M,0.3149,benign,CRB2,628.0
Q5IJ48,R628N,0.271,benign,CRB2,628.0
Q5IJ48,R628P,0.4185,ambiguous,CRB2,628.0
Q5IJ48,R628Q,0.0842,benign,CRB2,628.0
Q5IJ48,R628S,0.1531,benign,CRB2,628.0
Q5IJ48,R628T,0.143,benign,CRB2,628.0
Q5IJ48,R628V,0.176,benign,CRB2,628.0
Q5IJ48,R628W,0.1012,benign,CRB2,628.0
Q5IJ48,R628Y,0.1561,benign,CRB2,628.0
Q5IJ48,C629A,0.9599,pathogenic,CRB2,629.0
Q5IJ48,C629D,0.9847,pathogenic,CRB2,629.0
Q5IJ48,C629E,0.9867,pathogenic,CRB2,629.0
Q5IJ48,C629F,0.9153,pathogenic,CRB2,629.0
Q5IJ48,C629G,0.7764,pathogenic,CRB2,629.0
Q5IJ48,C629H,0.9729,pathogenic,CRB2,629.0
Q5IJ48,C629I,0.9755,pathogenic,CRB2,629.0
Q5IJ48,C629K,0.9925,pathogenic,CRB2,629.0
Q5IJ48,C629L,0.9352,pathogenic,CRB2,629.0
Q5IJ48,C629M,0.986,pathogenic,CRB2,629.0
Q5IJ48,C629N,0.9812,pathogenic,CRB2,629.0
Q5IJ48,C629P,0.9687,pathogenic,CRB2,629.0
Q5IJ48,C629Q,0.9842,pathogenic,CRB2,629.0
Q5IJ48,C629R,0.9103,pathogenic,CRB2,629.0
Q5IJ48,C629S,0.9565,pathogenic,CRB2,629.0
Q5IJ48,C629T,0.9829,pathogenic,CRB2,629.0
Q5IJ48,C629V,0.9562,pathogenic,CRB2,629.0
Q5IJ48,C629W,0.8931,pathogenic,CRB2,629.0
Q5IJ48,C629Y,0.9232,pathogenic,CRB2,629.0
Q5IJ48,D630A,0.1055,benign,CRB2,630.0
Q5IJ48,D630C,0.5385,ambiguous,CRB2,630.0
Q5IJ48,D630E,0.1458,benign,CRB2,630.0
Q5IJ48,D630F,0.3719,ambiguous,CRB2,630.0
Q5IJ48,D630G,0.1416,benign,CRB2,630.0
Q5IJ48,D630H,0.1218,benign,CRB2,630.0
Q5IJ48,D630I,0.2144,benign,CRB2,630.0
Q5IJ48,D630K,0.2204,benign,CRB2,630.0
Q5IJ48,D630L,0.1914,benign,CRB2,630.0
Q5IJ48,D630M,0.4758,ambiguous,CRB2,630.0
Q5IJ48,D630N,0.0937,benign,CRB2,630.0
Q5IJ48,D630P,0.4243,ambiguous,CRB2,630.0
Q5IJ48,D630Q,0.17,benign,CRB2,630.0
Q5IJ48,D630R,0.1425,benign,CRB2,630.0
Q5IJ48,D630S,0.0981,benign,CRB2,630.0
Q5IJ48,D630T,0.1625,benign,CRB2,630.0
Q5IJ48,D630V,0.139,benign,CRB2,630.0
Q5IJ48,D630W,0.6345,pathogenic,CRB2,630.0
Q5IJ48,D630Y,0.1637,benign,CRB2,630.0
Q5IJ48,C631A,0.9106,pathogenic,CRB2,631.0
Q5IJ48,C631D,0.9722,pathogenic,CRB2,631.0
Q5IJ48,C631E,0.983,pathogenic,CRB2,631.0
Q5IJ48,C631F,0.8425,pathogenic,CRB2,631.0
Q5IJ48,C631G,0.6857,pathogenic,CRB2,631.0
Q5IJ48,C631H,0.9506,pathogenic,CRB2,631.0
Q5IJ48,C631I,0.9557,pathogenic,CRB2,631.0
Q5IJ48,C631K,0.9903,pathogenic,CRB2,631.0
Q5IJ48,C631L,0.8985,pathogenic,CRB2,631.0
Q5IJ48,C631M,0.9786,pathogenic,CRB2,631.0
Q5IJ48,C631N,0.9678,pathogenic,CRB2,631.0
Q5IJ48,C631P,0.8977,pathogenic,CRB2,631.0
Q5IJ48,C631Q,0.9787,pathogenic,CRB2,631.0
Q5IJ48,C631R,0.8827,pathogenic,CRB2,631.0
Q5IJ48,C631S,0.9023,pathogenic,CRB2,631.0
Q5IJ48,C631T,0.9549,pathogenic,CRB2,631.0
Q5IJ48,C631V,0.9239,pathogenic,CRB2,631.0
Q5IJ48,C631W,0.9097,pathogenic,CRB2,631.0
Q5IJ48,C631Y,0.9186,pathogenic,CRB2,631.0
Q5IJ48,A632C,0.4073,ambiguous,CRB2,632.0
Q5IJ48,A632D,0.1146,benign,CRB2,632.0
Q5IJ48,A632E,0.0949,benign,CRB2,632.0
Q5IJ48,A632F,0.1528,benign,CRB2,632.0
Q5IJ48,A632G,0.0956,benign,CRB2,632.0
Q5IJ48,A632H,0.1593,benign,CRB2,632.0
Q5IJ48,A632I,0.1389,benign,CRB2,632.0
Q5IJ48,A632K,0.1959,benign,CRB2,632.0
Q5IJ48,A632L,0.0723,benign,CRB2,632.0
Q5IJ48,A632M,0.1599,benign,CRB2,632.0
Q5IJ48,A632N,0.1674,benign,CRB2,632.0
Q5IJ48,A632P,0.0439,benign,CRB2,632.0
Q5IJ48,A632Q,0.1133,benign,CRB2,632.0
Q5IJ48,A632R,0.0993,benign,CRB2,632.0
Q5IJ48,A632S,0.075,benign,CRB2,632.0
Q5IJ48,A632T,0.0783,benign,CRB2,632.0
Q5IJ48,A632V,0.0811,benign,CRB2,632.0
Q5IJ48,A632W,0.2709,benign,CRB2,632.0
Q5IJ48,A632Y,0.2477,benign,CRB2,632.0
Q5IJ48,R633A,0.4733,ambiguous,CRB2,633.0
Q5IJ48,R633C,0.5742,pathogenic,CRB2,633.0
Q5IJ48,R633D,0.797,pathogenic,CRB2,633.0
Q5IJ48,R633E,0.4657,ambiguous,CRB2,633.0
Q5IJ48,R633F,0.5962,pathogenic,CRB2,633.0
Q5IJ48,R633G,0.3672,ambiguous,CRB2,633.0
Q5IJ48,R633H,0.2048,benign,CRB2,633.0
Q5IJ48,R633I,0.4516,ambiguous,CRB2,633.0
Q5IJ48,R633K,0.3814,ambiguous,CRB2,633.0
Q5IJ48,R633L,0.2514,benign,CRB2,633.0
Q5IJ48,R633M,0.6019,pathogenic,CRB2,633.0
Q5IJ48,R633N,0.7766,pathogenic,CRB2,633.0
Q5IJ48,R633P,0.2254,benign,CRB2,633.0
Q5IJ48,R633Q,0.1706,benign,CRB2,633.0
Q5IJ48,R633S,0.551,ambiguous,CRB2,633.0
Q5IJ48,R633T,0.51,ambiguous,CRB2,633.0
Q5IJ48,R633V,0.5001,ambiguous,CRB2,633.0
Q5IJ48,R633W,0.1813,benign,CRB2,633.0
Q5IJ48,R633Y,0.4824,ambiguous,CRB2,633.0
Q5IJ48,P634A,0.3357,benign,CRB2,634.0
Q5IJ48,P634C,0.9382,pathogenic,CRB2,634.0
Q5IJ48,P634D,0.8517,pathogenic,CRB2,634.0
Q5IJ48,P634E,0.7178,pathogenic,CRB2,634.0
Q5IJ48,P634F,0.8475,pathogenic,CRB2,634.0
Q5IJ48,P634G,0.5456,ambiguous,CRB2,634.0
Q5IJ48,P634H,0.6669,pathogenic,CRB2,634.0
Q5IJ48,P634I,0.7711,pathogenic,CRB2,634.0
Q5IJ48,P634K,0.8465,pathogenic,CRB2,634.0
Q5IJ48,P634L,0.4313,ambiguous,CRB2,634.0
Q5IJ48,P634M,0.8184,pathogenic,CRB2,634.0
Q5IJ48,P634N,0.8109,pathogenic,CRB2,634.0
Q5IJ48,P634Q,0.5911,pathogenic,CRB2,634.0
Q5IJ48,P634R,0.5524,ambiguous,CRB2,634.0
Q5IJ48,P634S,0.4527,ambiguous,CRB2,634.0
Q5IJ48,P634T,0.3936,ambiguous,CRB2,634.0
Q5IJ48,P634V,0.6382,pathogenic,CRB2,634.0
Q5IJ48,P634W,0.8764,pathogenic,CRB2,634.0
Q5IJ48,P634Y,0.8375,pathogenic,CRB2,634.0
Q5IJ48,H635A,0.2931,benign,CRB2,635.0
Q5IJ48,H635C,0.3058,benign,CRB2,635.0
Q5IJ48,H635D,0.309,benign,CRB2,635.0
Q5IJ48,H635E,0.3558,ambiguous,CRB2,635.0
Q5IJ48,H635F,0.1268,benign,CRB2,635.0
Q5IJ48,H635G,0.2723,benign,CRB2,635.0
Q5IJ48,H635I,0.3827,ambiguous,CRB2,635.0
Q5IJ48,H635K,0.4202,ambiguous,CRB2,635.0
Q5IJ48,H635L,0.1101,benign,CRB2,635.0
Q5IJ48,H635M,0.5537,ambiguous,CRB2,635.0
Q5IJ48,H635N,0.1833,benign,CRB2,635.0
Q5IJ48,H635P,0.2097,benign,CRB2,635.0
Q5IJ48,H635Q,0.2172,benign,CRB2,635.0
Q5IJ48,H635R,0.1168,benign,CRB2,635.0
Q5IJ48,H635S,0.2117,benign,CRB2,635.0
Q5IJ48,H635T,0.3919,ambiguous,CRB2,635.0
Q5IJ48,H635V,0.2739,benign,CRB2,635.0
Q5IJ48,H635W,0.1537,benign,CRB2,635.0
Q5IJ48,H635Y,0.0414,benign,CRB2,635.0
Q5IJ48,R636A,0.102,benign,CRB2,636.0
Q5IJ48,R636C,0.1565,benign,CRB2,636.0
Q5IJ48,R636D,0.2067,benign,CRB2,636.0
Q5IJ48,R636E,0.1426,benign,CRB2,636.0
Q5IJ48,R636F,0.2197,benign,CRB2,636.0
Q5IJ48,R636G,0.0703,benign,CRB2,636.0
Q5IJ48,R636H,0.0689,benign,CRB2,636.0
Q5IJ48,R636I,0.1394,benign,CRB2,636.0
Q5IJ48,R636K,0.1372,benign,CRB2,636.0
Q5IJ48,R636L,0.0896,benign,CRB2,636.0
Q5IJ48,R636M,0.1743,benign,CRB2,636.0
Q5IJ48,R636N,0.2224,benign,CRB2,636.0
Q5IJ48,R636P,0.3104,benign,CRB2,636.0
Q5IJ48,R636Q,0.0771,benign,CRB2,636.0
Q5IJ48,R636S,0.097,benign,CRB2,636.0
Q5IJ48,R636T,0.086,benign,CRB2,636.0
Q5IJ48,R636V,0.1472,benign,CRB2,636.0
Q5IJ48,R636W,0.0967,benign,CRB2,636.0
Q5IJ48,R636Y,0.1698,benign,CRB2,636.0
Q5IJ48,G637A,0.4471,ambiguous,CRB2,637.0
Q5IJ48,G637C,0.8247,pathogenic,CRB2,637.0
Q5IJ48,G637D,0.4618,ambiguous,CRB2,637.0
Q5IJ48,G637E,0.5537,ambiguous,CRB2,637.0
Q5IJ48,G637F,0.7931,pathogenic,CRB2,637.0
Q5IJ48,G637H,0.7438,pathogenic,CRB2,637.0
Q5IJ48,G637I,0.7054,pathogenic,CRB2,637.0
Q5IJ48,G637K,0.82,pathogenic,CRB2,637.0
Q5IJ48,G637L,0.6619,pathogenic,CRB2,637.0
Q5IJ48,G637M,0.8219,pathogenic,CRB2,637.0
Q5IJ48,G637N,0.6482,pathogenic,CRB2,637.0
Q5IJ48,G637P,0.888,pathogenic,CRB2,637.0
Q5IJ48,G637Q,0.7294,pathogenic,CRB2,637.0
Q5IJ48,G637R,0.7231,pathogenic,CRB2,637.0
Q5IJ48,G637S,0.2471,benign,CRB2,637.0
Q5IJ48,G637T,0.576,pathogenic,CRB2,637.0
Q5IJ48,G637V,0.6292,pathogenic,CRB2,637.0
Q5IJ48,G637W,0.6799,pathogenic,CRB2,637.0
Q5IJ48,G637Y,0.7601,pathogenic,CRB2,637.0
Q5IJ48,P638A,0.0738,benign,CRB2,638.0
Q5IJ48,P638C,0.5322,ambiguous,CRB2,638.0
Q5IJ48,P638D,0.2081,benign,CRB2,638.0
Q5IJ48,P638E,0.1561,benign,CRB2,638.0
Q5IJ48,P638F,0.2536,benign,CRB2,638.0
Q5IJ48,P638G,0.2142,benign,CRB2,638.0
Q5IJ48,P638H,0.1288,benign,CRB2,638.0
Q5IJ48,P638I,0.2133,benign,CRB2,638.0
Q5IJ48,P638K,0.2023,benign,CRB2,638.0
Q5IJ48,P638L,0.0891,benign,CRB2,638.0
Q5IJ48,P638M,0.2354,benign,CRB2,638.0
Q5IJ48,P638N,0.2324,benign,CRB2,638.0
Q5IJ48,P638Q,0.1064,benign,CRB2,638.0
Q5IJ48,P638R,0.093,benign,CRB2,638.0
Q5IJ48,P638S,0.0932,benign,CRB2,638.0
Q5IJ48,P638T,0.0991,benign,CRB2,638.0
Q5IJ48,P638V,0.1544,benign,CRB2,638.0
Q5IJ48,P638W,0.3107,benign,CRB2,638.0
Q5IJ48,P638Y,0.2907,benign,CRB2,638.0
Q5IJ48,T639A,0.0658,benign,CRB2,639.0
Q5IJ48,T639C,0.5734,pathogenic,CRB2,639.0
Q5IJ48,T639D,0.1934,benign,CRB2,639.0
Q5IJ48,T639E,0.1702,benign,CRB2,639.0
Q5IJ48,T639F,0.1431,benign,CRB2,639.0
Q5IJ48,T639G,0.1438,benign,CRB2,639.0
Q5IJ48,T639H,0.1712,benign,CRB2,639.0
Q5IJ48,T639I,0.1597,benign,CRB2,639.0
Q5IJ48,T639K,0.1477,benign,CRB2,639.0
Q5IJ48,T639L,0.069,benign,CRB2,639.0
Q5IJ48,T639M,0.0916,benign,CRB2,639.0
Q5IJ48,T639N,0.1078,benign,CRB2,639.0
Q5IJ48,T639P,0.1315,benign,CRB2,639.0
Q5IJ48,T639Q,0.138,benign,CRB2,639.0
Q5IJ48,T639R,0.0906,benign,CRB2,639.0
Q5IJ48,T639S,0.0845,benign,CRB2,639.0
Q5IJ48,T639V,0.1276,benign,CRB2,639.0
Q5IJ48,T639W,0.3711,ambiguous,CRB2,639.0
Q5IJ48,T639Y,0.2124,benign,CRB2,639.0
Q5IJ48,C640A,0.9336,pathogenic,CRB2,640.0
Q5IJ48,C640D,0.978,pathogenic,CRB2,640.0
Q5IJ48,C640E,0.9852,pathogenic,CRB2,640.0
Q5IJ48,C640F,0.8833,pathogenic,CRB2,640.0
Q5IJ48,C640G,0.7046,pathogenic,CRB2,640.0
Q5IJ48,C640H,0.9696,pathogenic,CRB2,640.0
Q5IJ48,C640I,0.9757,pathogenic,CRB2,640.0
Q5IJ48,C640K,0.992,pathogenic,CRB2,640.0
Q5IJ48,C640L,0.9175,pathogenic,CRB2,640.0
Q5IJ48,C640M,0.9778,pathogenic,CRB2,640.0
Q5IJ48,C640N,0.979,pathogenic,CRB2,640.0
Q5IJ48,C640P,0.9663,pathogenic,CRB2,640.0
Q5IJ48,C640Q,0.9831,pathogenic,CRB2,640.0
Q5IJ48,C640R,0.9064,pathogenic,CRB2,640.0
Q5IJ48,C640S,0.9382,pathogenic,CRB2,640.0
Q5IJ48,C640T,0.9773,pathogenic,CRB2,640.0
Q5IJ48,C640V,0.9534,pathogenic,CRB2,640.0
Q5IJ48,C640W,0.9203,pathogenic,CRB2,640.0
Q5IJ48,C640Y,0.9283,pathogenic,CRB2,640.0
Q5IJ48,A641C,0.5189,ambiguous,CRB2,641.0
Q5IJ48,A641D,0.1302,benign,CRB2,641.0
Q5IJ48,A641E,0.1031,benign,CRB2,641.0
Q5IJ48,A641F,0.229,benign,CRB2,641.0
Q5IJ48,A641G,0.094,benign,CRB2,641.0
Q5IJ48,A641H,0.2667,benign,CRB2,641.0
Q5IJ48,A641I,0.2071,benign,CRB2,641.0
Q5IJ48,A641K,0.2077,benign,CRB2,641.0
Q5IJ48,A641L,0.1157,benign,CRB2,641.0
Q5IJ48,A641M,0.1573,benign,CRB2,641.0
Q5IJ48,A641N,0.1947,benign,CRB2,641.0
Q5IJ48,A641P,0.2463,benign,CRB2,641.0
Q5IJ48,A641Q,0.166,benign,CRB2,641.0
Q5IJ48,A641R,0.1316,benign,CRB2,641.0
Q5IJ48,A641S,0.0877,benign,CRB2,641.0
Q5IJ48,A641T,0.0754,benign,CRB2,641.0
Q5IJ48,A641V,0.1055,benign,CRB2,641.0
Q5IJ48,A641W,0.3909,ambiguous,CRB2,641.0
Q5IJ48,A641Y,0.3451,ambiguous,CRB2,641.0
Q5IJ48,D642A,0.1003,benign,CRB2,642.0
Q5IJ48,D642C,0.5558,ambiguous,CRB2,642.0
Q5IJ48,D642E,0.1074,benign,CRB2,642.0
Q5IJ48,D642F,0.3255,benign,CRB2,642.0
Q5IJ48,D642G,0.1064,benign,CRB2,642.0
Q5IJ48,D642H,0.1259,benign,CRB2,642.0
Q5IJ48,D642I,0.2659,benign,CRB2,642.0
Q5IJ48,D642K,0.183,benign,CRB2,642.0
Q5IJ48,D642L,0.2064,benign,CRB2,642.0
Q5IJ48,D642M,0.4202,ambiguous,CRB2,642.0
Q5IJ48,D642N,0.0955,benign,CRB2,642.0
Q5IJ48,D642P,0.4413,ambiguous,CRB2,642.0
Q5IJ48,D642Q,0.1517,benign,CRB2,642.0
Q5IJ48,D642R,0.1461,benign,CRB2,642.0
Q5IJ48,D642S,0.0884,benign,CRB2,642.0
Q5IJ48,D642T,0.1541,benign,CRB2,642.0
Q5IJ48,D642V,0.1465,benign,CRB2,642.0
Q5IJ48,D642W,0.5256,ambiguous,CRB2,642.0
Q5IJ48,D642Y,0.1211,benign,CRB2,642.0
Q5IJ48,E643A,0.2115,benign,CRB2,643.0
Q5IJ48,E643C,0.9428,pathogenic,CRB2,643.0
Q5IJ48,E643D,0.2059,benign,CRB2,643.0
Q5IJ48,E643F,0.8158,pathogenic,CRB2,643.0
Q5IJ48,E643G,0.2157,benign,CRB2,643.0
Q5IJ48,E643H,0.5104,ambiguous,CRB2,643.0
Q5IJ48,E643I,0.5691,pathogenic,CRB2,643.0
Q5IJ48,E643K,0.1839,benign,CRB2,643.0
Q5IJ48,E643L,0.542,ambiguous,CRB2,643.0
Q5IJ48,E643M,0.6042,pathogenic,CRB2,643.0
Q5IJ48,E643N,0.4004,ambiguous,CRB2,643.0
Q5IJ48,E643P,0.5843,pathogenic,CRB2,643.0
Q5IJ48,E643Q,0.1731,benign,CRB2,643.0
Q5IJ48,E643R,0.2331,benign,CRB2,643.0
Q5IJ48,E643S,0.292,benign,CRB2,643.0
Q5IJ48,E643T,0.3123,benign,CRB2,643.0
Q5IJ48,E643V,0.3427,ambiguous,CRB2,643.0
Q5IJ48,E643W,0.9001,pathogenic,CRB2,643.0
Q5IJ48,E643Y,0.7369,pathogenic,CRB2,643.0
Q5IJ48,I644A,0.3447,ambiguous,CRB2,644.0
Q5IJ48,I644C,0.7315,pathogenic,CRB2,644.0
Q5IJ48,I644D,0.4083,ambiguous,CRB2,644.0
Q5IJ48,I644E,0.3786,ambiguous,CRB2,644.0
Q5IJ48,I644F,0.1078,benign,CRB2,644.0
Q5IJ48,I644G,0.5015,ambiguous,CRB2,644.0
Q5IJ48,I644H,0.3364,benign,CRB2,644.0
Q5IJ48,I644K,0.3905,ambiguous,CRB2,644.0
Q5IJ48,I644L,0.113,benign,CRB2,644.0
Q5IJ48,I644M,0.1163,benign,CRB2,644.0
Q5IJ48,I644N,0.1629,benign,CRB2,644.0
Q5IJ48,I644P,0.4957,ambiguous,CRB2,644.0
Q5IJ48,I644Q,0.346,ambiguous,CRB2,644.0
Q5IJ48,I644R,0.2643,benign,CRB2,644.0
Q5IJ48,I644S,0.2067,benign,CRB2,644.0
Q5IJ48,I644T,0.2958,benign,CRB2,644.0
Q5IJ48,I644V,0.1078,benign,CRB2,644.0
Q5IJ48,I644W,0.5006,ambiguous,CRB2,644.0
Q5IJ48,I644Y,0.2883,benign,CRB2,644.0
Q5IJ48,P645A,0.0862,benign,CRB2,645.0
Q5IJ48,P645C,0.6495,pathogenic,CRB2,645.0
Q5IJ48,P645D,0.4173,ambiguous,CRB2,645.0
Q5IJ48,P645E,0.2554,benign,CRB2,645.0
Q5IJ48,P645F,0.4173,ambiguous,CRB2,645.0
Q5IJ48,P645G,0.3276,benign,CRB2,645.0
Q5IJ48,P645H,0.2332,benign,CRB2,645.0
Q5IJ48,P645I,0.3185,benign,CRB2,645.0
Q5IJ48,P645K,0.3877,ambiguous,CRB2,645.0
Q5IJ48,P645L,0.1041,benign,CRB2,645.0
Q5IJ48,P645M,0.3553,ambiguous,CRB2,645.0
Q5IJ48,P645N,0.4741,ambiguous,CRB2,645.0
Q5IJ48,P645Q,0.1719,benign,CRB2,645.0
Q5IJ48,P645R,0.1503,benign,CRB2,645.0
Q5IJ48,P645S,0.1344,benign,CRB2,645.0
Q5IJ48,P645T,0.1227,benign,CRB2,645.0
Q5IJ48,P645V,0.2001,benign,CRB2,645.0
Q5IJ48,P645W,0.4584,ambiguous,CRB2,645.0
Q5IJ48,P645Y,0.4686,ambiguous,CRB2,645.0
Q5IJ48,A646C,0.8376,pathogenic,CRB2,646.0
Q5IJ48,A646D,0.6093,pathogenic,CRB2,646.0
Q5IJ48,A646E,0.4771,ambiguous,CRB2,646.0
Q5IJ48,A646F,0.6728,pathogenic,CRB2,646.0
Q5IJ48,A646G,0.2069,benign,CRB2,646.0
Q5IJ48,A646H,0.8003,pathogenic,CRB2,646.0
Q5IJ48,A646I,0.6803,pathogenic,CRB2,646.0
Q5IJ48,A646K,0.8272,pathogenic,CRB2,646.0
Q5IJ48,A646L,0.448,ambiguous,CRB2,646.0
Q5IJ48,A646M,0.5129,ambiguous,CRB2,646.0
Q5IJ48,A646N,0.6723,pathogenic,CRB2,646.0
Q5IJ48,A646P,0.1922,benign,CRB2,646.0
Q5IJ48,A646Q,0.613,pathogenic,CRB2,646.0
Q5IJ48,A646R,0.6707,pathogenic,CRB2,646.0
Q5IJ48,A646S,0.1265,benign,CRB2,646.0
Q5IJ48,A646T,0.1981,benign,CRB2,646.0
Q5IJ48,A646V,0.3021,benign,CRB2,646.0
Q5IJ48,A646W,0.8889,pathogenic,CRB2,646.0
Q5IJ48,A646Y,0.8225,pathogenic,CRB2,646.0
Q5IJ48,A647C,0.8012,pathogenic,CRB2,647.0
Q5IJ48,A647D,0.8937,pathogenic,CRB2,647.0
Q5IJ48,A647E,0.7958,pathogenic,CRB2,647.0
Q5IJ48,A647F,0.5444,ambiguous,CRB2,647.0
Q5IJ48,A647G,0.1647,benign,CRB2,647.0
Q5IJ48,A647H,0.9081,pathogenic,CRB2,647.0
Q5IJ48,A647I,0.4256,ambiguous,CRB2,647.0
Q5IJ48,A647K,0.9317,pathogenic,CRB2,647.0
Q5IJ48,A647L,0.3155,benign,CRB2,647.0
Q5IJ48,A647M,0.4201,ambiguous,CRB2,647.0
Q5IJ48,A647N,0.8404,pathogenic,CRB2,647.0
Q5IJ48,A647P,0.8206,pathogenic,CRB2,647.0
Q5IJ48,A647Q,0.7992,pathogenic,CRB2,647.0
Q5IJ48,A647R,0.8145,pathogenic,CRB2,647.0
Q5IJ48,A647S,0.2224,benign,CRB2,647.0
Q5IJ48,A647T,0.2554,benign,CRB2,647.0
Q5IJ48,A647V,0.1596,benign,CRB2,647.0
Q5IJ48,A647W,0.8895,pathogenic,CRB2,647.0
Q5IJ48,A647Y,0.8241,pathogenic,CRB2,647.0
Q5IJ48,T648A,0.3971,ambiguous,CRB2,648.0
Q5IJ48,T648C,0.9354,pathogenic,CRB2,648.0
Q5IJ48,T648D,0.9278,pathogenic,CRB2,648.0
Q5IJ48,T648E,0.9279,pathogenic,CRB2,648.0
Q5IJ48,T648F,0.8695,pathogenic,CRB2,648.0
Q5IJ48,T648G,0.6489,pathogenic,CRB2,648.0
Q5IJ48,T648H,0.8245,pathogenic,CRB2,648.0
Q5IJ48,T648I,0.8498,pathogenic,CRB2,648.0
Q5IJ48,T648K,0.9015,pathogenic,CRB2,648.0
Q5IJ48,T648L,0.5747,pathogenic,CRB2,648.0
Q5IJ48,T648M,0.5238,ambiguous,CRB2,648.0
Q5IJ48,T648N,0.6824,pathogenic,CRB2,648.0
Q5IJ48,T648P,0.5854,pathogenic,CRB2,648.0
Q5IJ48,T648Q,0.8414,pathogenic,CRB2,648.0
Q5IJ48,T648R,0.7593,pathogenic,CRB2,648.0
Q5IJ48,T648S,0.2978,benign,CRB2,648.0
Q5IJ48,T648V,0.6646,pathogenic,CRB2,648.0
Q5IJ48,T648W,0.956,pathogenic,CRB2,648.0
Q5IJ48,T648Y,0.8981,pathogenic,CRB2,648.0
Q5IJ48,F649A,0.9473,pathogenic,CRB2,649.0
Q5IJ48,F649C,0.9691,pathogenic,CRB2,649.0
Q5IJ48,F649D,0.9962,pathogenic,CRB2,649.0
Q5IJ48,F649E,0.9957,pathogenic,CRB2,649.0
Q5IJ48,F649G,0.9817,pathogenic,CRB2,649.0
Q5IJ48,F649H,0.9751,pathogenic,CRB2,649.0
Q5IJ48,F649I,0.8674,pathogenic,CRB2,649.0
Q5IJ48,F649K,0.9971,pathogenic,CRB2,649.0
Q5IJ48,F649L,0.9713,pathogenic,CRB2,649.0
Q5IJ48,F649M,0.9311,pathogenic,CRB2,649.0
Q5IJ48,F649N,0.9921,pathogenic,CRB2,649.0
Q5IJ48,F649P,0.997,pathogenic,CRB2,649.0
Q5IJ48,F649Q,0.9927,pathogenic,CRB2,649.0
Q5IJ48,F649R,0.9853,pathogenic,CRB2,649.0
Q5IJ48,F649S,0.9463,pathogenic,CRB2,649.0
Q5IJ48,F649T,0.9639,pathogenic,CRB2,649.0
Q5IJ48,F649V,0.8066,pathogenic,CRB2,649.0
Q5IJ48,F649W,0.779,pathogenic,CRB2,649.0
Q5IJ48,F649Y,0.6565,pathogenic,CRB2,649.0
Q5IJ48,G650A,0.3099,benign,CRB2,650.0
Q5IJ48,G650C,0.6052,pathogenic,CRB2,650.0
Q5IJ48,G650D,0.6462,pathogenic,CRB2,650.0
Q5IJ48,G650E,0.7295,pathogenic,CRB2,650.0
Q5IJ48,G650F,0.7698,pathogenic,CRB2,650.0
Q5IJ48,G650H,0.6701,pathogenic,CRB2,650.0
Q5IJ48,G650I,0.8165,pathogenic,CRB2,650.0
Q5IJ48,G650K,0.9195,pathogenic,CRB2,650.0
Q5IJ48,G650L,0.6953,pathogenic,CRB2,650.0
Q5IJ48,G650M,0.8664,pathogenic,CRB2,650.0
Q5IJ48,G650N,0.6981,pathogenic,CRB2,650.0
Q5IJ48,G650P,0.9593,pathogenic,CRB2,650.0
Q5IJ48,G650Q,0.683,pathogenic,CRB2,650.0
Q5IJ48,G650R,0.6673,pathogenic,CRB2,650.0
Q5IJ48,G650S,0.1614,benign,CRB2,650.0
Q5IJ48,G650T,0.5643,pathogenic,CRB2,650.0
Q5IJ48,G650V,0.7032,pathogenic,CRB2,650.0
Q5IJ48,G650W,0.6721,pathogenic,CRB2,650.0
Q5IJ48,G650Y,0.7515,pathogenic,CRB2,650.0
Q5IJ48,L651A,0.1992,benign,CRB2,651.0
Q5IJ48,L651C,0.6277,pathogenic,CRB2,651.0
Q5IJ48,L651D,0.5835,pathogenic,CRB2,651.0
Q5IJ48,L651E,0.2551,benign,CRB2,651.0
Q5IJ48,L651F,0.1217,benign,CRB2,651.0
Q5IJ48,L651G,0.3633,ambiguous,CRB2,651.0
Q5IJ48,L651H,0.1845,benign,CRB2,651.0
Q5IJ48,L651I,0.1383,benign,CRB2,651.0
Q5IJ48,L651K,0.2281,benign,CRB2,651.0
Q5IJ48,L651M,0.1735,benign,CRB2,651.0
Q5IJ48,L651N,0.4074,ambiguous,CRB2,651.0
Q5IJ48,L651P,0.1634,benign,CRB2,651.0
Q5IJ48,L651Q,0.1184,benign,CRB2,651.0
Q5IJ48,L651R,0.1005,benign,CRB2,651.0
Q5IJ48,L651S,0.249,benign,CRB2,651.0
Q5IJ48,L651T,0.2154,benign,CRB2,651.0
Q5IJ48,L651V,0.1224,benign,CRB2,651.0
Q5IJ48,L651W,0.1398,benign,CRB2,651.0
Q5IJ48,L651Y,0.3346,benign,CRB2,651.0
Q5IJ48,G652A,0.0991,benign,CRB2,652.0
Q5IJ48,G652C,0.3066,benign,CRB2,652.0
Q5IJ48,G652D,0.1077,benign,CRB2,652.0
Q5IJ48,G652E,0.1066,benign,CRB2,652.0
Q5IJ48,G652F,0.4346,ambiguous,CRB2,652.0
Q5IJ48,G652H,0.1844,benign,CRB2,652.0
Q5IJ48,G652I,0.3244,benign,CRB2,652.0
Q5IJ48,G652K,0.2062,benign,CRB2,652.0
Q5IJ48,G652L,0.2662,benign,CRB2,652.0
Q5IJ48,G652M,0.4052,ambiguous,CRB2,652.0
Q5IJ48,G652N,0.2039,benign,CRB2,652.0
Q5IJ48,G652P,0.4098,ambiguous,CRB2,652.0
Q5IJ48,G652Q,0.1454,benign,CRB2,652.0
Q5IJ48,G652R,0.1059,benign,CRB2,652.0
Q5IJ48,G652S,0.0974,benign,CRB2,652.0
Q5IJ48,G652T,0.1535,benign,CRB2,652.0
Q5IJ48,G652V,0.2014,benign,CRB2,652.0
Q5IJ48,G652W,0.2198,benign,CRB2,652.0
Q5IJ48,G652Y,0.3083,benign,CRB2,652.0
Q5IJ48,G653A,0.1269,benign,CRB2,653.0
Q5IJ48,G653C,0.3325,benign,CRB2,653.0
Q5IJ48,G653D,0.0975,benign,CRB2,653.0
Q5IJ48,G653E,0.1258,benign,CRB2,653.0
Q5IJ48,G653F,0.3991,ambiguous,CRB2,653.0
Q5IJ48,G653H,0.2283,benign,CRB2,653.0
Q5IJ48,G653I,0.288,benign,CRB2,653.0
Q5IJ48,G653K,0.2689,benign,CRB2,653.0
Q5IJ48,G653L,0.305,benign,CRB2,653.0
Q5IJ48,G653M,0.4044,ambiguous,CRB2,653.0
Q5IJ48,G653N,0.1893,benign,CRB2,653.0
Q5IJ48,G653P,0.4984,ambiguous,CRB2,653.0
Q5IJ48,G653Q,0.2037,benign,CRB2,653.0
Q5IJ48,G653R,0.1592,benign,CRB2,653.0
Q5IJ48,G653S,0.0974,benign,CRB2,653.0
Q5IJ48,G653T,0.1588,benign,CRB2,653.0
Q5IJ48,G653V,0.1888,benign,CRB2,653.0
Q5IJ48,G653W,0.2651,benign,CRB2,653.0
Q5IJ48,G653Y,0.3145,benign,CRB2,653.0
Q5IJ48,A654C,0.4058,ambiguous,CRB2,654.0
Q5IJ48,A654D,0.1088,benign,CRB2,654.0
Q5IJ48,A654E,0.0982,benign,CRB2,654.0
Q5IJ48,A654F,0.1355,benign,CRB2,654.0
Q5IJ48,A654G,0.0905,benign,CRB2,654.0
Q5IJ48,A654H,0.1845,benign,CRB2,654.0
Q5IJ48,A654I,0.1172,benign,CRB2,654.0
Q5IJ48,A654K,0.1551,benign,CRB2,654.0
Q5IJ48,A654L,0.0845,benign,CRB2,654.0
Q5IJ48,A654M,0.1146,benign,CRB2,654.0
Q5IJ48,A654N,0.1208,benign,CRB2,654.0
Q5IJ48,A654P,0.1275,benign,CRB2,654.0
Q5IJ48,A654Q,0.1242,benign,CRB2,654.0
Q5IJ48,A654R,0.1199,benign,CRB2,654.0
Q5IJ48,A654S,0.0701,benign,CRB2,654.0
Q5IJ48,A654T,0.0604,benign,CRB2,654.0
Q5IJ48,A654V,0.0746,benign,CRB2,654.0
Q5IJ48,A654W,0.328,benign,CRB2,654.0
Q5IJ48,A654Y,0.2219,benign,CRB2,654.0
Q5IJ48,P655A,0.0591,benign,CRB2,655.0
Q5IJ48,P655C,0.3557,ambiguous,CRB2,655.0
Q5IJ48,P655D,0.1963,benign,CRB2,655.0
Q5IJ48,P655E,0.1304,benign,CRB2,655.0
Q5IJ48,P655F,0.1587,benign,CRB2,655.0
Q5IJ48,P655G,0.1491,benign,CRB2,655.0
Q5IJ48,P655H,0.1024,benign,CRB2,655.0
Q5IJ48,P655I,0.1336,benign,CRB2,655.0
Q5IJ48,P655K,0.174,benign,CRB2,655.0
Q5IJ48,P655L,0.0551,benign,CRB2,655.0
Q5IJ48,P655M,0.1571,benign,CRB2,655.0
Q5IJ48,P655N,0.1982,benign,CRB2,655.0
Q5IJ48,P655Q,0.0837,benign,CRB2,655.0
Q5IJ48,P655R,0.0756,benign,CRB2,655.0
Q5IJ48,P655S,0.0788,benign,CRB2,655.0
Q5IJ48,P655T,0.0782,benign,CRB2,655.0
Q5IJ48,P655V,0.0937,benign,CRB2,655.0
Q5IJ48,P655W,0.1812,benign,CRB2,655.0
Q5IJ48,P655Y,0.1991,benign,CRB2,655.0
Q5IJ48,S656A,0.1784,benign,CRB2,656.0
Q5IJ48,S656C,0.5998,pathogenic,CRB2,656.0
Q5IJ48,S656D,0.8692,pathogenic,CRB2,656.0
Q5IJ48,S656E,0.9049,pathogenic,CRB2,656.0
Q5IJ48,S656F,0.6948,pathogenic,CRB2,656.0
Q5IJ48,S656G,0.185,benign,CRB2,656.0
Q5IJ48,S656H,0.8322,pathogenic,CRB2,656.0
Q5IJ48,S656I,0.7905,pathogenic,CRB2,656.0
Q5IJ48,S656K,0.9823,pathogenic,CRB2,656.0
Q5IJ48,S656L,0.5459,ambiguous,CRB2,656.0
Q5IJ48,S656M,0.8097,pathogenic,CRB2,656.0
Q5IJ48,S656N,0.717,pathogenic,CRB2,656.0
Q5IJ48,S656P,0.6553,pathogenic,CRB2,656.0
Q5IJ48,S656Q,0.891,pathogenic,CRB2,656.0
Q5IJ48,S656R,0.9382,pathogenic,CRB2,656.0
Q5IJ48,S656T,0.3087,benign,CRB2,656.0
Q5IJ48,S656V,0.6733,pathogenic,CRB2,656.0
Q5IJ48,S656W,0.8007,pathogenic,CRB2,656.0
Q5IJ48,S656Y,0.7,pathogenic,CRB2,656.0
Q5IJ48,S657A,0.0765,benign,CRB2,657.0
Q5IJ48,S657C,0.2004,benign,CRB2,657.0
Q5IJ48,S657D,0.4446,ambiguous,CRB2,657.0
Q5IJ48,S657E,0.3995,ambiguous,CRB2,657.0
Q5IJ48,S657F,0.1045,benign,CRB2,657.0
Q5IJ48,S657G,0.1285,benign,CRB2,657.0
Q5IJ48,S657H,0.2566,benign,CRB2,657.0
Q5IJ48,S657I,0.2036,benign,CRB2,657.0
Q5IJ48,S657K,0.6328,pathogenic,CRB2,657.0
Q5IJ48,S657L,0.1218,benign,CRB2,657.0
Q5IJ48,S657M,0.2272,benign,CRB2,657.0
Q5IJ48,S657N,0.282,benign,CRB2,657.0
Q5IJ48,S657P,0.5952,pathogenic,CRB2,657.0
Q5IJ48,S657Q,0.3804,ambiguous,CRB2,657.0
Q5IJ48,S657R,0.4162,ambiguous,CRB2,657.0
Q5IJ48,S657T,0.0984,benign,CRB2,657.0
Q5IJ48,S657V,0.159,benign,CRB2,657.0
Q5IJ48,S657W,0.1729,benign,CRB2,657.0
Q5IJ48,S657Y,0.1305,benign,CRB2,657.0
Q5IJ48,A658C,0.6187,pathogenic,CRB2,658.0
Q5IJ48,A658D,0.6889,pathogenic,CRB2,658.0
Q5IJ48,A658E,0.6076,pathogenic,CRB2,658.0
Q5IJ48,A658F,0.3838,ambiguous,CRB2,658.0
Q5IJ48,A658G,0.2185,benign,CRB2,658.0
Q5IJ48,A658H,0.7247,pathogenic,CRB2,658.0
Q5IJ48,A658I,0.2249,benign,CRB2,658.0
Q5IJ48,A658K,0.8299,pathogenic,CRB2,658.0
Q5IJ48,A658L,0.1961,benign,CRB2,658.0
Q5IJ48,A658M,0.2936,benign,CRB2,658.0
Q5IJ48,A658N,0.6239,pathogenic,CRB2,658.0
Q5IJ48,A658P,0.8204,pathogenic,CRB2,658.0
Q5IJ48,A658Q,0.6396,pathogenic,CRB2,658.0
Q5IJ48,A658R,0.6521,pathogenic,CRB2,658.0
Q5IJ48,A658S,0.1489,benign,CRB2,658.0
Q5IJ48,A658T,0.1088,benign,CRB2,658.0
Q5IJ48,A658V,0.1019,benign,CRB2,658.0
Q5IJ48,A658W,0.8193,pathogenic,CRB2,658.0
Q5IJ48,A658Y,0.661,pathogenic,CRB2,658.0
Q5IJ48,S659A,0.0903,benign,CRB2,659.0
Q5IJ48,S659C,0.244,benign,CRB2,659.0
Q5IJ48,S659D,0.3392,benign,CRB2,659.0
Q5IJ48,S659E,0.4105,ambiguous,CRB2,659.0
Q5IJ48,S659F,0.1437,benign,CRB2,659.0
Q5IJ48,S659G,0.1419,benign,CRB2,659.0
Q5IJ48,S659H,0.2594,benign,CRB2,659.0
Q5IJ48,S659I,0.2063,benign,CRB2,659.0
Q5IJ48,S659K,0.6629,pathogenic,CRB2,659.0
Q5IJ48,S659L,0.1528,benign,CRB2,659.0
Q5IJ48,S659M,0.3103,benign,CRB2,659.0
Q5IJ48,S659N,0.2528,benign,CRB2,659.0
Q5IJ48,S659P,0.528,ambiguous,CRB2,659.0
Q5IJ48,S659Q,0.3986,ambiguous,CRB2,659.0
Q5IJ48,S659R,0.4002,ambiguous,CRB2,659.0
Q5IJ48,S659T,0.1017,benign,CRB2,659.0
Q5IJ48,S659V,0.1766,benign,CRB2,659.0
Q5IJ48,S659W,0.1954,benign,CRB2,659.0
Q5IJ48,S659Y,0.1521,benign,CRB2,659.0
Q5IJ48,F660A,0.9261,pathogenic,CRB2,660.0
Q5IJ48,F660C,0.8939,pathogenic,CRB2,660.0
Q5IJ48,F660D,0.9837,pathogenic,CRB2,660.0
Q5IJ48,F660E,0.9863,pathogenic,CRB2,660.0
Q5IJ48,F660G,0.9639,pathogenic,CRB2,660.0
Q5IJ48,F660H,0.8973,pathogenic,CRB2,660.0
Q5IJ48,F660I,0.6023,pathogenic,CRB2,660.0
Q5IJ48,F660K,0.9903,pathogenic,CRB2,660.0
Q5IJ48,F660L,0.9333,pathogenic,CRB2,660.0
Q5IJ48,F660M,0.8839,pathogenic,CRB2,660.0
Q5IJ48,F660N,0.9672,pathogenic,CRB2,660.0
Q5IJ48,F660P,0.9948,pathogenic,CRB2,660.0
Q5IJ48,F660Q,0.9752,pathogenic,CRB2,660.0
Q5IJ48,F660R,0.9587,pathogenic,CRB2,660.0
Q5IJ48,F660S,0.8815,pathogenic,CRB2,660.0
Q5IJ48,F660T,0.941,pathogenic,CRB2,660.0
Q5IJ48,F660V,0.5748,pathogenic,CRB2,660.0
Q5IJ48,F660W,0.7107,pathogenic,CRB2,660.0
Q5IJ48,F660Y,0.4185,ambiguous,CRB2,660.0
Q5IJ48,L661A,0.14,benign,CRB2,661.0
Q5IJ48,L661C,0.4098,ambiguous,CRB2,661.0
Q5IJ48,L661D,0.3443,ambiguous,CRB2,661.0
Q5IJ48,L661E,0.1764,benign,CRB2,661.0
Q5IJ48,L661F,0.1044,benign,CRB2,661.0
Q5IJ48,L661G,0.2794,benign,CRB2,661.0
Q5IJ48,L661H,0.1257,benign,CRB2,661.0
Q5IJ48,L661I,0.1113,benign,CRB2,661.0
Q5IJ48,L661K,0.2354,benign,CRB2,661.0
Q5IJ48,L661M,0.1641,benign,CRB2,661.0
Q5IJ48,L661N,0.2941,benign,CRB2,661.0
Q5IJ48,L661P,0.1246,benign,CRB2,661.0
Q5IJ48,L661Q,0.0884,benign,CRB2,661.0
Q5IJ48,L661R,0.0808,benign,CRB2,661.0
Q5IJ48,L661S,0.1448,benign,CRB2,661.0
Q5IJ48,L661T,0.1476,benign,CRB2,661.0
Q5IJ48,L661V,0.0851,benign,CRB2,661.0
Q5IJ48,L661W,0.1225,benign,CRB2,661.0
Q5IJ48,L661Y,0.249,benign,CRB2,661.0
Q5IJ48,L662A,0.3509,ambiguous,CRB2,662.0
Q5IJ48,L662C,0.6366,pathogenic,CRB2,662.0
Q5IJ48,L662D,0.7494,pathogenic,CRB2,662.0
Q5IJ48,L662E,0.4372,ambiguous,CRB2,662.0
Q5IJ48,L662F,0.1773,benign,CRB2,662.0
Q5IJ48,L662G,0.5294,ambiguous,CRB2,662.0
Q5IJ48,L662H,0.3271,benign,CRB2,662.0
Q5IJ48,L662I,0.1336,benign,CRB2,662.0
Q5IJ48,L662K,0.4154,ambiguous,CRB2,662.0
Q5IJ48,L662M,0.2021,benign,CRB2,662.0
Q5IJ48,L662N,0.6343,pathogenic,CRB2,662.0
Q5IJ48,L662P,0.1999,benign,CRB2,662.0
Q5IJ48,L662Q,0.191,benign,CRB2,662.0
Q5IJ48,L662R,0.1852,benign,CRB2,662.0
Q5IJ48,L662S,0.4312,ambiguous,CRB2,662.0
Q5IJ48,L662T,0.3873,ambiguous,CRB2,662.0
Q5IJ48,L662V,0.1234,benign,CRB2,662.0
Q5IJ48,L662W,0.2088,benign,CRB2,662.0
Q5IJ48,L662Y,0.4878,ambiguous,CRB2,662.0
Q5IJ48,Q663A,0.1035,benign,CRB2,663.0
Q5IJ48,Q663C,0.4085,ambiguous,CRB2,663.0
Q5IJ48,Q663D,0.1532,benign,CRB2,663.0
Q5IJ48,Q663E,0.0726,benign,CRB2,663.0
Q5IJ48,Q663F,0.4774,ambiguous,CRB2,663.0
Q5IJ48,Q663G,0.1028,benign,CRB2,663.0
Q5IJ48,Q663H,0.1063,benign,CRB2,663.0
Q5IJ48,Q663I,0.3597,ambiguous,CRB2,663.0
Q5IJ48,Q663K,0.097,benign,CRB2,663.0
Q5IJ48,Q663L,0.0995,benign,CRB2,663.0
Q5IJ48,Q663M,0.3305,benign,CRB2,663.0
Q5IJ48,Q663N,0.1787,benign,CRB2,663.0
Q5IJ48,Q663P,0.0505,benign,CRB2,663.0
Q5IJ48,Q663R,0.06,benign,CRB2,663.0
Q5IJ48,Q663S,0.1117,benign,CRB2,663.0
Q5IJ48,Q663T,0.1279,benign,CRB2,663.0
Q5IJ48,Q663V,0.1972,benign,CRB2,663.0
Q5IJ48,Q663W,0.1955,benign,CRB2,663.0
Q5IJ48,Q663Y,0.2899,benign,CRB2,663.0
Q5IJ48,E664A,0.0796,benign,CRB2,664.0
Q5IJ48,E664C,0.5712,pathogenic,CRB2,664.0
Q5IJ48,E664D,0.0849,benign,CRB2,664.0
Q5IJ48,E664F,0.4264,ambiguous,CRB2,664.0
Q5IJ48,E664G,0.0697,benign,CRB2,664.0
Q5IJ48,E664H,0.1532,benign,CRB2,664.0
Q5IJ48,E664I,0.2636,benign,CRB2,664.0
Q5IJ48,E664K,0.0877,benign,CRB2,664.0
Q5IJ48,E664L,0.1962,benign,CRB2,664.0
Q5IJ48,E664M,0.2845,benign,CRB2,664.0
Q5IJ48,E664N,0.1306,benign,CRB2,664.0
Q5IJ48,E664P,0.1549,benign,CRB2,664.0
Q5IJ48,E664Q,0.0664,benign,CRB2,664.0
Q5IJ48,E664R,0.0907,benign,CRB2,664.0
Q5IJ48,E664S,0.1004,benign,CRB2,664.0
Q5IJ48,E664T,0.1174,benign,CRB2,664.0
Q5IJ48,E664V,0.1305,benign,CRB2,664.0
Q5IJ48,E664W,0.4882,ambiguous,CRB2,664.0
Q5IJ48,E664Y,0.2713,benign,CRB2,664.0
Q5IJ48,L665A,0.089,benign,CRB2,665.0
Q5IJ48,L665C,0.3273,benign,CRB2,665.0
Q5IJ48,L665D,0.2325,benign,CRB2,665.0
Q5IJ48,L665E,0.1233,benign,CRB2,665.0
Q5IJ48,L665F,0.107,benign,CRB2,665.0
Q5IJ48,L665G,0.1671,benign,CRB2,665.0
Q5IJ48,L665H,0.1088,benign,CRB2,665.0
Q5IJ48,L665I,0.0949,benign,CRB2,665.0
Q5IJ48,L665K,0.1166,benign,CRB2,665.0
Q5IJ48,L665M,0.1007,benign,CRB2,665.0
Q5IJ48,L665N,0.1663,benign,CRB2,665.0
Q5IJ48,L665P,0.0546,benign,CRB2,665.0
Q5IJ48,L665Q,0.0691,benign,CRB2,665.0
Q5IJ48,L665R,0.0672,benign,CRB2,665.0
Q5IJ48,L665S,0.1068,benign,CRB2,665.0
Q5IJ48,L665T,0.0988,benign,CRB2,665.0
Q5IJ48,L665V,0.0791,benign,CRB2,665.0
Q5IJ48,L665W,0.1067,benign,CRB2,665.0
Q5IJ48,L665Y,0.1977,benign,CRB2,665.0
Q5IJ48,P666A,0.0861,benign,CRB2,666.0
Q5IJ48,P666C,0.5083,ambiguous,CRB2,666.0
Q5IJ48,P666D,0.4085,ambiguous,CRB2,666.0
Q5IJ48,P666E,0.2666,benign,CRB2,666.0
Q5IJ48,P666F,0.3593,ambiguous,CRB2,666.0
Q5IJ48,P666G,0.2483,benign,CRB2,666.0
Q5IJ48,P666H,0.1702,benign,CRB2,666.0
Q5IJ48,P666I,0.2848,benign,CRB2,666.0
Q5IJ48,P666K,0.3413,ambiguous,CRB2,666.0
Q5IJ48,P666L,0.0923,benign,CRB2,666.0
Q5IJ48,P666M,0.3333,benign,CRB2,666.0
Q5IJ48,P666N,0.416,ambiguous,CRB2,666.0
Q5IJ48,P666Q,0.1681,benign,CRB2,666.0
Q5IJ48,P666R,0.1342,benign,CRB2,666.0
Q5IJ48,P666S,0.1317,benign,CRB2,666.0
Q5IJ48,P666T,0.1117,benign,CRB2,666.0
Q5IJ48,P666V,0.1885,benign,CRB2,666.0
Q5IJ48,P666W,0.354,ambiguous,CRB2,666.0
Q5IJ48,P666Y,0.3745,ambiguous,CRB2,666.0
Q5IJ48,G667A,0.1076,benign,CRB2,667.0
Q5IJ48,G667C,0.2862,benign,CRB2,667.0
Q5IJ48,G667D,0.1677,benign,CRB2,667.0
Q5IJ48,G667E,0.1419,benign,CRB2,667.0
Q5IJ48,G667F,0.4104,ambiguous,CRB2,667.0
Q5IJ48,G667H,0.2312,benign,CRB2,667.0
Q5IJ48,G667I,0.2661,benign,CRB2,667.0
Q5IJ48,G667K,0.2421,benign,CRB2,667.0
Q5IJ48,G667L,0.2577,benign,CRB2,667.0
Q5IJ48,G667M,0.3908,ambiguous,CRB2,667.0
Q5IJ48,G667N,0.3007,benign,CRB2,667.0
Q5IJ48,G667P,0.3867,ambiguous,CRB2,667.0
Q5IJ48,G667Q,0.1919,benign,CRB2,667.0
Q5IJ48,G667R,0.1411,benign,CRB2,667.0
Q5IJ48,G667S,0.1048,benign,CRB2,667.0
Q5IJ48,G667T,0.1634,benign,CRB2,667.0
Q5IJ48,G667V,0.1593,benign,CRB2,667.0
Q5IJ48,G667W,0.2419,benign,CRB2,667.0
Q5IJ48,G667Y,0.3408,ambiguous,CRB2,667.0
Q5IJ48,P668A,0.072,benign,CRB2,668.0
Q5IJ48,P668C,0.3918,ambiguous,CRB2,668.0
Q5IJ48,P668D,0.2157,benign,CRB2,668.0
Q5IJ48,P668E,0.1491,benign,CRB2,668.0
Q5IJ48,P668F,0.3114,benign,CRB2,668.0
Q5IJ48,P668G,0.1682,benign,CRB2,668.0
Q5IJ48,P668H,0.1205,benign,CRB2,668.0
Q5IJ48,P668I,0.2543,benign,CRB2,668.0
Q5IJ48,P668K,0.1758,benign,CRB2,668.0
Q5IJ48,P668L,0.1035,benign,CRB2,668.0
Q5IJ48,P668M,0.2461,benign,CRB2,668.0
Q5IJ48,P668N,0.2327,benign,CRB2,668.0
Q5IJ48,P668Q,0.0914,benign,CRB2,668.0
Q5IJ48,P668R,0.079,benign,CRB2,668.0
Q5IJ48,P668S,0.0884,benign,CRB2,668.0
Q5IJ48,P668T,0.0881,benign,CRB2,668.0
Q5IJ48,P668V,0.1662,benign,CRB2,668.0
Q5IJ48,P668W,0.2831,benign,CRB2,668.0
Q5IJ48,P668Y,0.299,benign,CRB2,668.0
Q5IJ48,N669A,0.1825,benign,CRB2,669.0
Q5IJ48,N669C,0.4933,ambiguous,CRB2,669.0
Q5IJ48,N669D,0.1307,benign,CRB2,669.0
Q5IJ48,N669E,0.2808,benign,CRB2,669.0
Q5IJ48,N669F,0.5123,ambiguous,CRB2,669.0
Q5IJ48,N669G,0.2089,benign,CRB2,669.0
Q5IJ48,N669H,0.1162,benign,CRB2,669.0
Q5IJ48,N669I,0.3054,benign,CRB2,669.0
Q5IJ48,N669K,0.2864,benign,CRB2,669.0
Q5IJ48,N669L,0.2305,benign,CRB2,669.0
Q5IJ48,N669M,0.4353,ambiguous,CRB2,669.0
Q5IJ48,N669P,0.3794,ambiguous,CRB2,669.0
Q5IJ48,N669Q,0.2891,benign,CRB2,669.0
Q5IJ48,N669R,0.2177,benign,CRB2,669.0
Q5IJ48,N669S,0.0852,benign,CRB2,669.0
Q5IJ48,N669T,0.1704,benign,CRB2,669.0
Q5IJ48,N669V,0.252,benign,CRB2,669.0
Q5IJ48,N669W,0.6746,pathogenic,CRB2,669.0
Q5IJ48,N669Y,0.1874,benign,CRB2,669.0
Q5IJ48,L670A,0.3137,benign,CRB2,670.0
Q5IJ48,L670C,0.6103,pathogenic,CRB2,670.0
Q5IJ48,L670D,0.838,pathogenic,CRB2,670.0
Q5IJ48,L670E,0.5773,pathogenic,CRB2,670.0
Q5IJ48,L670F,0.1373,benign,CRB2,670.0
Q5IJ48,L670G,0.5763,pathogenic,CRB2,670.0
Q5IJ48,L670H,0.403,ambiguous,CRB2,670.0
Q5IJ48,L670I,0.1182,benign,CRB2,670.0
Q5IJ48,L670K,0.534,ambiguous,CRB2,670.0
Q5IJ48,L670M,0.1621,benign,CRB2,670.0
Q5IJ48,L670N,0.7162,pathogenic,CRB2,670.0
Q5IJ48,L670P,0.6835,pathogenic,CRB2,670.0
Q5IJ48,L670Q,0.2813,benign,CRB2,670.0
Q5IJ48,L670R,0.2337,benign,CRB2,670.0
Q5IJ48,L670S,0.5496,ambiguous,CRB2,670.0
Q5IJ48,L670T,0.3555,ambiguous,CRB2,670.0
Q5IJ48,L670V,0.092,benign,CRB2,670.0
Q5IJ48,L670W,0.2688,benign,CRB2,670.0
Q5IJ48,L670Y,0.4883,ambiguous,CRB2,670.0
Q5IJ48,T671A,0.1127,benign,CRB2,671.0
Q5IJ48,T671C,0.6599,pathogenic,CRB2,671.0
Q5IJ48,T671D,0.3327,benign,CRB2,671.0
Q5IJ48,T671E,0.3028,benign,CRB2,671.0
Q5IJ48,T671F,0.3388,benign,CRB2,671.0
Q5IJ48,T671G,0.293,benign,CRB2,671.0
Q5IJ48,T671H,0.2346,benign,CRB2,671.0
Q5IJ48,T671I,0.2969,benign,CRB2,671.0
Q5IJ48,T671K,0.2403,benign,CRB2,671.0
Q5IJ48,T671L,0.167,benign,CRB2,671.0
Q5IJ48,T671M,0.1317,benign,CRB2,671.0
Q5IJ48,T671N,0.1806,benign,CRB2,671.0
Q5IJ48,T671P,0.1858,benign,CRB2,671.0
Q5IJ48,T671Q,0.2283,benign,CRB2,671.0
Q5IJ48,T671R,0.1407,benign,CRB2,671.0
Q5IJ48,T671S,0.1193,benign,CRB2,671.0
Q5IJ48,T671V,0.2448,benign,CRB2,671.0
Q5IJ48,T671W,0.5299,ambiguous,CRB2,671.0
Q5IJ48,T671Y,0.4205,ambiguous,CRB2,671.0
Q5IJ48,V672A,0.3345,benign,CRB2,672.0
Q5IJ48,V672C,0.8774,pathogenic,CRB2,672.0
Q5IJ48,V672D,0.9406,pathogenic,CRB2,672.0
Q5IJ48,V672E,0.8628,pathogenic,CRB2,672.0
Q5IJ48,V672F,0.2127,benign,CRB2,672.0
Q5IJ48,V672G,0.5831,pathogenic,CRB2,672.0
Q5IJ48,V672H,0.9368,pathogenic,CRB2,672.0
Q5IJ48,V672I,0.0918,benign,CRB2,672.0
Q5IJ48,V672K,0.9306,pathogenic,CRB2,672.0
Q5IJ48,V672L,0.1165,benign,CRB2,672.0
Q5IJ48,V672M,0.1821,benign,CRB2,672.0
Q5IJ48,V672N,0.9064,pathogenic,CRB2,672.0
Q5IJ48,V672P,0.9092,pathogenic,CRB2,672.0
Q5IJ48,V672Q,0.8613,pathogenic,CRB2,672.0
Q5IJ48,V672R,0.8466,pathogenic,CRB2,672.0
Q5IJ48,V672S,0.7075,pathogenic,CRB2,672.0
Q5IJ48,V672T,0.6088,pathogenic,CRB2,672.0
Q5IJ48,V672W,0.8563,pathogenic,CRB2,672.0
Q5IJ48,V672Y,0.7944,pathogenic,CRB2,672.0
Q5IJ48,S673A,0.1922,benign,CRB2,673.0
Q5IJ48,S673C,0.5338,ambiguous,CRB2,673.0
Q5IJ48,S673D,0.7188,pathogenic,CRB2,673.0
Q5IJ48,S673E,0.7673,pathogenic,CRB2,673.0
Q5IJ48,S673F,0.5202,ambiguous,CRB2,673.0
Q5IJ48,S673G,0.2569,benign,CRB2,673.0
Q5IJ48,S673H,0.6402,pathogenic,CRB2,673.0
Q5IJ48,S673I,0.6305,pathogenic,CRB2,673.0
Q5IJ48,S673K,0.96,pathogenic,CRB2,673.0
Q5IJ48,S673L,0.4252,ambiguous,CRB2,673.0
Q5IJ48,S673M,0.634,pathogenic,CRB2,673.0
Q5IJ48,S673N,0.5111,ambiguous,CRB2,673.0
Q5IJ48,S673P,0.9115,pathogenic,CRB2,673.0
Q5IJ48,S673Q,0.7675,pathogenic,CRB2,673.0
Q5IJ48,S673R,0.8624,pathogenic,CRB2,673.0
Q5IJ48,S673T,0.1945,benign,CRB2,673.0
Q5IJ48,S673V,0.5738,pathogenic,CRB2,673.0
Q5IJ48,S673W,0.5577,ambiguous,CRB2,673.0
Q5IJ48,S673Y,0.4945,ambiguous,CRB2,673.0
Q5IJ48,F674A,0.9165,pathogenic,CRB2,674.0
Q5IJ48,F674C,0.8655,pathogenic,CRB2,674.0
Q5IJ48,F674D,0.9982,pathogenic,CRB2,674.0
Q5IJ48,F674E,0.9985,pathogenic,CRB2,674.0
Q5IJ48,F674G,0.9646,pathogenic,CRB2,674.0
Q5IJ48,F674H,0.9854,pathogenic,CRB2,674.0
Q5IJ48,F674I,0.6828,pathogenic,CRB2,674.0
Q5IJ48,F674K,0.999,pathogenic,CRB2,674.0
Q5IJ48,F674L,0.8991,pathogenic,CRB2,674.0
Q5IJ48,F674M,0.8303,pathogenic,CRB2,674.0
Q5IJ48,F674N,0.9946,pathogenic,CRB2,674.0
Q5IJ48,F674P,0.999,pathogenic,CRB2,674.0
Q5IJ48,F674Q,0.9955,pathogenic,CRB2,674.0
Q5IJ48,F674R,0.9938,pathogenic,CRB2,674.0
Q5IJ48,F674S,0.9507,pathogenic,CRB2,674.0
Q5IJ48,F674T,0.9701,pathogenic,CRB2,674.0
Q5IJ48,F674V,0.6013,pathogenic,CRB2,674.0
Q5IJ48,F674W,0.8867,pathogenic,CRB2,674.0
Q5IJ48,F674Y,0.726,pathogenic,CRB2,674.0
Q5IJ48,L675A,0.3467,ambiguous,CRB2,675.0
Q5IJ48,L675C,0.5729,pathogenic,CRB2,675.0
Q5IJ48,L675D,0.7435,pathogenic,CRB2,675.0
Q5IJ48,L675E,0.4629,ambiguous,CRB2,675.0
Q5IJ48,L675F,0.0682,benign,CRB2,675.0
Q5IJ48,L675G,0.6049,pathogenic,CRB2,675.0
Q5IJ48,L675H,0.1823,benign,CRB2,675.0
Q5IJ48,L675I,0.1568,benign,CRB2,675.0
Q5IJ48,L675K,0.5556,ambiguous,CRB2,675.0
Q5IJ48,L675M,0.2053,benign,CRB2,675.0
Q5IJ48,L675N,0.5707,pathogenic,CRB2,675.0
Q5IJ48,L675P,0.745,pathogenic,CRB2,675.0
Q5IJ48,L675Q,0.1773,benign,CRB2,675.0
Q5IJ48,L675R,0.2006,benign,CRB2,675.0
Q5IJ48,L675S,0.3079,benign,CRB2,675.0
Q5IJ48,L675T,0.3666,ambiguous,CRB2,675.0
Q5IJ48,L675V,0.1299,benign,CRB2,675.0
Q5IJ48,L675W,0.1348,benign,CRB2,675.0
Q5IJ48,L675Y,0.2296,benign,CRB2,675.0
Q5IJ48,L676A,0.7018,pathogenic,CRB2,676.0
Q5IJ48,L676C,0.8752,pathogenic,CRB2,676.0
Q5IJ48,L676D,0.9933,pathogenic,CRB2,676.0
Q5IJ48,L676E,0.9486,pathogenic,CRB2,676.0
Q5IJ48,L676F,0.3192,benign,CRB2,676.0
Q5IJ48,L676G,0.9161,pathogenic,CRB2,676.0
Q5IJ48,L676H,0.896,pathogenic,CRB2,676.0
Q5IJ48,L676I,0.1455,benign,CRB2,676.0
Q5IJ48,L676K,0.9487,pathogenic,CRB2,676.0
Q5IJ48,L676M,0.3015,benign,CRB2,676.0
Q5IJ48,L676N,0.9765,pathogenic,CRB2,676.0
Q5IJ48,L676P,0.9043,pathogenic,CRB2,676.0
Q5IJ48,L676Q,0.8025,pathogenic,CRB2,676.0
Q5IJ48,L676R,0.8421,pathogenic,CRB2,676.0
Q5IJ48,L676S,0.9109,pathogenic,CRB2,676.0
Q5IJ48,L676T,0.8111,pathogenic,CRB2,676.0
Q5IJ48,L676V,0.1281,benign,CRB2,676.0
Q5IJ48,L676W,0.6615,pathogenic,CRB2,676.0
Q5IJ48,L676Y,0.8523,pathogenic,CRB2,676.0
Q5IJ48,R677A,0.8675,pathogenic,CRB2,677.0
Q5IJ48,R677C,0.5767,pathogenic,CRB2,677.0
Q5IJ48,R677D,0.9691,pathogenic,CRB2,677.0
Q5IJ48,R677E,0.7593,pathogenic,CRB2,677.0
Q5IJ48,R677F,0.902,pathogenic,CRB2,677.0
Q5IJ48,R677G,0.8032,pathogenic,CRB2,677.0
Q5IJ48,R677H,0.2851,benign,CRB2,677.0
Q5IJ48,R677I,0.816,pathogenic,CRB2,677.0
Q5IJ48,R677K,0.4755,ambiguous,CRB2,677.0
Q5IJ48,R677L,0.6018,pathogenic,CRB2,677.0
Q5IJ48,R677M,0.8464,pathogenic,CRB2,677.0
Q5IJ48,R677N,0.9453,pathogenic,CRB2,677.0
Q5IJ48,R677P,0.9732,pathogenic,CRB2,677.0
Q5IJ48,R677Q,0.2037,benign,CRB2,677.0
Q5IJ48,R677S,0.8904,pathogenic,CRB2,677.0
Q5IJ48,R677T,0.8482,pathogenic,CRB2,677.0
Q5IJ48,R677V,0.8149,pathogenic,CRB2,677.0
Q5IJ48,R677W,0.3813,ambiguous,CRB2,677.0
Q5IJ48,R677Y,0.7774,pathogenic,CRB2,677.0
Q5IJ48,T678A,0.4991,ambiguous,CRB2,678.0
Q5IJ48,T678C,0.8948,pathogenic,CRB2,678.0
Q5IJ48,T678D,0.9441,pathogenic,CRB2,678.0
Q5IJ48,T678E,0.94,pathogenic,CRB2,678.0
Q5IJ48,T678F,0.929,pathogenic,CRB2,678.0
Q5IJ48,T678G,0.666,pathogenic,CRB2,678.0
Q5IJ48,T678H,0.8727,pathogenic,CRB2,678.0
Q5IJ48,T678I,0.9157,pathogenic,CRB2,678.0
Q5IJ48,T678K,0.9094,pathogenic,CRB2,678.0
Q5IJ48,T678L,0.6349,pathogenic,CRB2,678.0
Q5IJ48,T678M,0.4892,ambiguous,CRB2,678.0
Q5IJ48,T678N,0.7456,pathogenic,CRB2,678.0
Q5IJ48,T678P,0.7314,pathogenic,CRB2,678.0
Q5IJ48,T678Q,0.8747,pathogenic,CRB2,678.0
Q5IJ48,T678R,0.8673,pathogenic,CRB2,678.0
Q5IJ48,T678S,0.2911,benign,CRB2,678.0
Q5IJ48,T678V,0.7922,pathogenic,CRB2,678.0
Q5IJ48,T678W,0.9621,pathogenic,CRB2,678.0
Q5IJ48,T678Y,0.941,pathogenic,CRB2,678.0
Q5IJ48,R679A,0.5468,ambiguous,CRB2,679.0
Q5IJ48,R679C,0.4903,ambiguous,CRB2,679.0
Q5IJ48,R679D,0.8759,pathogenic,CRB2,679.0
Q5IJ48,R679E,0.505,ambiguous,CRB2,679.0
Q5IJ48,R679F,0.8328,pathogenic,CRB2,679.0
Q5IJ48,R679G,0.3533,ambiguous,CRB2,679.0
Q5IJ48,R679H,0.2791,benign,CRB2,679.0
Q5IJ48,R679I,0.6358,pathogenic,CRB2,679.0
Q5IJ48,R679K,0.254,benign,CRB2,679.0
Q5IJ48,R679L,0.2987,benign,CRB2,679.0
Q5IJ48,R679M,0.6235,pathogenic,CRB2,679.0
Q5IJ48,R679N,0.8371,pathogenic,CRB2,679.0
Q5IJ48,R679P,0.6689,pathogenic,CRB2,679.0
Q5IJ48,R679Q,0.1631,benign,CRB2,679.0
Q5IJ48,R679S,0.6808,pathogenic,CRB2,679.0
Q5IJ48,R679T,0.4367,ambiguous,CRB2,679.0
Q5IJ48,R679V,0.5793,pathogenic,CRB2,679.0
Q5IJ48,R679W,0.2773,benign,CRB2,679.0
Q5IJ48,R679Y,0.7511,pathogenic,CRB2,679.0
Q5IJ48,E680A,0.1108,benign,CRB2,680.0
Q5IJ48,E680C,0.8411,pathogenic,CRB2,680.0
Q5IJ48,E680D,0.2653,benign,CRB2,680.0
Q5IJ48,E680F,0.6642,pathogenic,CRB2,680.0
Q5IJ48,E680G,0.1813,benign,CRB2,680.0
Q5IJ48,E680H,0.3272,benign,CRB2,680.0
Q5IJ48,E680I,0.4748,ambiguous,CRB2,680.0
Q5IJ48,E680K,0.1212,benign,CRB2,680.0
Q5IJ48,E680L,0.377,ambiguous,CRB2,680.0
Q5IJ48,E680M,0.4855,ambiguous,CRB2,680.0
Q5IJ48,E680N,0.3632,ambiguous,CRB2,680.0
Q5IJ48,E680P,0.7619,pathogenic,CRB2,680.0
Q5IJ48,E680Q,0.0893,benign,CRB2,680.0
Q5IJ48,E680R,0.1549,benign,CRB2,680.0
Q5IJ48,E680S,0.2119,benign,CRB2,680.0
Q5IJ48,E680T,0.2542,benign,CRB2,680.0
Q5IJ48,E680V,0.242,benign,CRB2,680.0
Q5IJ48,E680W,0.8179,pathogenic,CRB2,680.0
Q5IJ48,E680Y,0.5456,ambiguous,CRB2,680.0
Q5IJ48,S681A,0.0577,benign,CRB2,681.0
Q5IJ48,S681C,0.2019,benign,CRB2,681.0
Q5IJ48,S681D,0.1812,benign,CRB2,681.0
Q5IJ48,S681E,0.1571,benign,CRB2,681.0
Q5IJ48,S681F,0.1902,benign,CRB2,681.0
Q5IJ48,S681G,0.0765,benign,CRB2,681.0
Q5IJ48,S681H,0.1162,benign,CRB2,681.0
Q5IJ48,S681I,0.1663,benign,CRB2,681.0
Q5IJ48,S681K,0.1769,benign,CRB2,681.0
Q5IJ48,S681L,0.096,benign,CRB2,681.0
Q5IJ48,S681M,0.1865,benign,CRB2,681.0
Q5IJ48,S681N,0.1162,benign,CRB2,681.0
Q5IJ48,S681P,0.0388,benign,CRB2,681.0
Q5IJ48,S681Q,0.1214,benign,CRB2,681.0
Q5IJ48,S681R,0.1028,benign,CRB2,681.0
Q5IJ48,S681T,0.0775,benign,CRB2,681.0
Q5IJ48,S681V,0.1387,benign,CRB2,681.0
Q5IJ48,S681W,0.154,benign,CRB2,681.0
Q5IJ48,S681Y,0.1601,benign,CRB2,681.0
Q5IJ48,A682C,0.4848,ambiguous,CRB2,682.0
Q5IJ48,A682D,0.1681,benign,CRB2,682.0
Q5IJ48,A682E,0.1574,benign,CRB2,682.0
Q5IJ48,A682F,0.2851,benign,CRB2,682.0
Q5IJ48,A682G,0.1033,benign,CRB2,682.0
Q5IJ48,A682H,0.2807,benign,CRB2,682.0
Q5IJ48,A682I,0.319,benign,CRB2,682.0
Q5IJ48,A682K,0.2561,benign,CRB2,682.0
Q5IJ48,A682L,0.2074,benign,CRB2,682.0
Q5IJ48,A682M,0.2351,benign,CRB2,682.0
Q5IJ48,A682N,0.2231,benign,CRB2,682.0
Q5IJ48,A682P,0.3676,ambiguous,CRB2,682.0
Q5IJ48,A682Q,0.2025,benign,CRB2,682.0
Q5IJ48,A682R,0.1626,benign,CRB2,682.0
Q5IJ48,A682S,0.0816,benign,CRB2,682.0
Q5IJ48,A682T,0.0803,benign,CRB2,682.0
Q5IJ48,A682V,0.1444,benign,CRB2,682.0
Q5IJ48,A682W,0.4729,ambiguous,CRB2,682.0
Q5IJ48,A682Y,0.3868,ambiguous,CRB2,682.0
Q5IJ48,G683A,0.3406,ambiguous,CRB2,683.0
Q5IJ48,G683C,0.8286,pathogenic,CRB2,683.0
Q5IJ48,G683D,0.9141,pathogenic,CRB2,683.0
Q5IJ48,G683E,0.9098,pathogenic,CRB2,683.0
Q5IJ48,G683F,0.9572,pathogenic,CRB2,683.0
Q5IJ48,G683H,0.9461,pathogenic,CRB2,683.0
Q5IJ48,G683I,0.9214,pathogenic,CRB2,683.0
Q5IJ48,G683K,0.9672,pathogenic,CRB2,683.0
Q5IJ48,G683L,0.9175,pathogenic,CRB2,683.0
Q5IJ48,G683M,0.9545,pathogenic,CRB2,683.0
Q5IJ48,G683N,0.9261,pathogenic,CRB2,683.0
Q5IJ48,G683P,0.9774,pathogenic,CRB2,683.0
Q5IJ48,G683Q,0.9172,pathogenic,CRB2,683.0
Q5IJ48,G683R,0.878,pathogenic,CRB2,683.0
Q5IJ48,G683S,0.3295,benign,CRB2,683.0
Q5IJ48,G683T,0.7333,pathogenic,CRB2,683.0
Q5IJ48,G683V,0.8005,pathogenic,CRB2,683.0
Q5IJ48,G683W,0.9262,pathogenic,CRB2,683.0
Q5IJ48,G683Y,0.9558,pathogenic,CRB2,683.0
Q5IJ48,L684A,0.6533,pathogenic,CRB2,684.0
Q5IJ48,L684C,0.8171,pathogenic,CRB2,684.0
Q5IJ48,L684D,0.953,pathogenic,CRB2,684.0
Q5IJ48,L684E,0.7864,pathogenic,CRB2,684.0
Q5IJ48,L684F,0.2095,benign,CRB2,684.0
Q5IJ48,L684G,0.8175,pathogenic,CRB2,684.0
Q5IJ48,L684H,0.554,ambiguous,CRB2,684.0
Q5IJ48,L684I,0.2085,benign,CRB2,684.0
Q5IJ48,L684K,0.7023,pathogenic,CRB2,684.0
Q5IJ48,L684M,0.2455,benign,CRB2,684.0
Q5IJ48,L684N,0.8247,pathogenic,CRB2,684.0
Q5IJ48,L684P,0.7774,pathogenic,CRB2,684.0
Q5IJ48,L684Q,0.4442,ambiguous,CRB2,684.0
Q5IJ48,L684R,0.4149,ambiguous,CRB2,684.0
Q5IJ48,L684S,0.7495,pathogenic,CRB2,684.0
Q5IJ48,L684T,0.6741,pathogenic,CRB2,684.0
Q5IJ48,L684V,0.1992,benign,CRB2,684.0
Q5IJ48,L684W,0.3588,ambiguous,CRB2,684.0
Q5IJ48,L684Y,0.5719,pathogenic,CRB2,684.0
Q5IJ48,L685A,0.8375,pathogenic,CRB2,685.0
Q5IJ48,L685C,0.9382,pathogenic,CRB2,685.0
Q5IJ48,L685D,0.9969,pathogenic,CRB2,685.0
Q5IJ48,L685E,0.982,pathogenic,CRB2,685.0
Q5IJ48,L685F,0.4942,ambiguous,CRB2,685.0
Q5IJ48,L685G,0.9696,pathogenic,CRB2,685.0
Q5IJ48,L685H,0.9594,pathogenic,CRB2,685.0
Q5IJ48,L685I,0.1528,benign,CRB2,685.0
Q5IJ48,L685K,0.9815,pathogenic,CRB2,685.0
Q5IJ48,L685M,0.4418,ambiguous,CRB2,685.0
Q5IJ48,L685N,0.9902,pathogenic,CRB2,685.0
Q5IJ48,L685P,0.883,pathogenic,CRB2,685.0
Q5IJ48,L685Q,0.9336,pathogenic,CRB2,685.0
Q5IJ48,L685R,0.9286,pathogenic,CRB2,685.0
Q5IJ48,L685S,0.9677,pathogenic,CRB2,685.0
Q5IJ48,L685T,0.9194,pathogenic,CRB2,685.0
Q5IJ48,L685V,0.1608,benign,CRB2,685.0
Q5IJ48,L685W,0.8328,pathogenic,CRB2,685.0
Q5IJ48,L685Y,0.9363,pathogenic,CRB2,685.0
Q5IJ48,L686A,0.7177,pathogenic,CRB2,686.0
Q5IJ48,L686C,0.7918,pathogenic,CRB2,686.0
Q5IJ48,L686D,0.9899,pathogenic,CRB2,686.0
Q5IJ48,L686E,0.9461,pathogenic,CRB2,686.0
Q5IJ48,L686F,0.1154,benign,CRB2,686.0
Q5IJ48,L686G,0.8877,pathogenic,CRB2,686.0
Q5IJ48,L686H,0.8377,pathogenic,CRB2,686.0
Q5IJ48,L686I,0.1774,benign,CRB2,686.0
Q5IJ48,L686K,0.9468,pathogenic,CRB2,686.0
Q5IJ48,L686M,0.2285,benign,CRB2,686.0
Q5IJ48,L686N,0.9713,pathogenic,CRB2,686.0
Q5IJ48,L686P,0.9318,pathogenic,CRB2,686.0
Q5IJ48,L686Q,0.7808,pathogenic,CRB2,686.0
Q5IJ48,L686R,0.8162,pathogenic,CRB2,686.0
Q5IJ48,L686S,0.8882,pathogenic,CRB2,686.0
Q5IJ48,L686T,0.8076,pathogenic,CRB2,686.0
Q5IJ48,L686V,0.1705,benign,CRB2,686.0
Q5IJ48,L686W,0.3647,ambiguous,CRB2,686.0
Q5IJ48,L686Y,0.703,pathogenic,CRB2,686.0
Q5IJ48,Q687A,0.3465,ambiguous,CRB2,687.0
Q5IJ48,Q687C,0.794,pathogenic,CRB2,687.0
Q5IJ48,Q687D,0.7315,pathogenic,CRB2,687.0
Q5IJ48,Q687E,0.1413,benign,CRB2,687.0
Q5IJ48,Q687F,0.7871,pathogenic,CRB2,687.0
Q5IJ48,Q687G,0.4898,ambiguous,CRB2,687.0
Q5IJ48,Q687H,0.3773,ambiguous,CRB2,687.0
Q5IJ48,Q687I,0.5781,pathogenic,CRB2,687.0
Q5IJ48,Q687K,0.3544,ambiguous,CRB2,687.0
Q5IJ48,Q687L,0.2511,benign,CRB2,687.0
Q5IJ48,Q687M,0.6021,pathogenic,CRB2,687.0
Q5IJ48,Q687N,0.6342,pathogenic,CRB2,687.0
Q5IJ48,Q687P,0.7739,pathogenic,CRB2,687.0
Q5IJ48,Q687R,0.1726,benign,CRB2,687.0
Q5IJ48,Q687S,0.3863,ambiguous,CRB2,687.0
Q5IJ48,Q687T,0.3869,ambiguous,CRB2,687.0
Q5IJ48,Q687V,0.3795,ambiguous,CRB2,687.0
Q5IJ48,Q687W,0.6507,pathogenic,CRB2,687.0
Q5IJ48,Q687Y,0.6148,pathogenic,CRB2,687.0
Q5IJ48,F688A,0.5644,pathogenic,CRB2,688.0
Q5IJ48,F688C,0.5247,ambiguous,CRB2,688.0
Q5IJ48,F688D,0.9182,pathogenic,CRB2,688.0
Q5IJ48,F688E,0.9148,pathogenic,CRB2,688.0
Q5IJ48,F688G,0.7828,pathogenic,CRB2,688.0
Q5IJ48,F688H,0.8111,pathogenic,CRB2,688.0
Q5IJ48,F688I,0.1845,benign,CRB2,688.0
Q5IJ48,F688K,0.9418,pathogenic,CRB2,688.0
Q5IJ48,F688L,0.5948,pathogenic,CRB2,688.0
Q5IJ48,F688M,0.429,ambiguous,CRB2,688.0
Q5IJ48,F688N,0.8692,pathogenic,CRB2,688.0
Q5IJ48,F688P,0.9568,pathogenic,CRB2,688.0
Q5IJ48,F688Q,0.8802,pathogenic,CRB2,688.0
Q5IJ48,F688R,0.8548,pathogenic,CRB2,688.0
Q5IJ48,F688S,0.6677,pathogenic,CRB2,688.0
Q5IJ48,F688T,0.6588,pathogenic,CRB2,688.0
Q5IJ48,F688V,0.201,benign,CRB2,688.0
Q5IJ48,F688W,0.3989,ambiguous,CRB2,688.0
Q5IJ48,F688Y,0.2785,benign,CRB2,688.0
Q5IJ48,A689C,0.3645,ambiguous,CRB2,689.0
Q5IJ48,A689D,0.1784,benign,CRB2,689.0
Q5IJ48,A689E,0.1787,benign,CRB2,689.0
Q5IJ48,A689F,0.2278,benign,CRB2,689.0
Q5IJ48,A689G,0.0956,benign,CRB2,689.0
Q5IJ48,A689H,0.2792,benign,CRB2,689.0
Q5IJ48,A689I,0.2153,benign,CRB2,689.0
Q5IJ48,A689K,0.3311,benign,CRB2,689.0
Q5IJ48,A689L,0.1482,benign,CRB2,689.0
Q5IJ48,A689M,0.2212,benign,CRB2,689.0
Q5IJ48,A689N,0.2389,benign,CRB2,689.0
Q5IJ48,A689P,0.3086,benign,CRB2,689.0
Q5IJ48,A689Q,0.2117,benign,CRB2,689.0
Q5IJ48,A689R,0.1797,benign,CRB2,689.0
Q5IJ48,A689S,0.0826,benign,CRB2,689.0
Q5IJ48,A689T,0.0803,benign,CRB2,689.0
Q5IJ48,A689V,0.1099,benign,CRB2,689.0
Q5IJ48,A689W,0.3922,ambiguous,CRB2,689.0
Q5IJ48,A689Y,0.3583,ambiguous,CRB2,689.0
Q5IJ48,N690A,0.2185,benign,CRB2,690.0
Q5IJ48,N690C,0.6014,pathogenic,CRB2,690.0
Q5IJ48,N690D,0.1121,benign,CRB2,690.0
Q5IJ48,N690E,0.3325,benign,CRB2,690.0
Q5IJ48,N690F,0.7315,pathogenic,CRB2,690.0
Q5IJ48,N690G,0.1863,benign,CRB2,690.0
Q5IJ48,N690H,0.1833,benign,CRB2,690.0
Q5IJ48,N690I,0.4705,ambiguous,CRB2,690.0
Q5IJ48,N690K,0.3369,benign,CRB2,690.0
Q5IJ48,N690L,0.3312,benign,CRB2,690.0
Q5IJ48,N690M,0.5528,ambiguous,CRB2,690.0
Q5IJ48,N690P,0.4201,ambiguous,CRB2,690.0
Q5IJ48,N690Q,0.4038,ambiguous,CRB2,690.0
Q5IJ48,N690R,0.259,benign,CRB2,690.0
Q5IJ48,N690S,0.0813,benign,CRB2,690.0
Q5IJ48,N690T,0.1911,benign,CRB2,690.0
Q5IJ48,N690V,0.3826,ambiguous,CRB2,690.0
Q5IJ48,N690W,0.7195,pathogenic,CRB2,690.0
Q5IJ48,N690Y,0.3212,benign,CRB2,690.0
Q5IJ48,D691A,0.086,benign,CRB2,691.0
Q5IJ48,D691C,0.4591,ambiguous,CRB2,691.0
Q5IJ48,D691E,0.1189,benign,CRB2,691.0
Q5IJ48,D691F,0.3947,ambiguous,CRB2,691.0
Q5IJ48,D691G,0.0698,benign,CRB2,691.0
Q5IJ48,D691H,0.136,benign,CRB2,691.0
Q5IJ48,D691I,0.2687,benign,CRB2,691.0
Q5IJ48,D691K,0.2003,benign,CRB2,691.0
Q5IJ48,D691L,0.2232,benign,CRB2,691.0
Q5IJ48,D691M,0.4881,ambiguous,CRB2,691.0
Q5IJ48,D691N,0.0973,benign,CRB2,691.0
Q5IJ48,D691P,0.3017,benign,CRB2,691.0
Q5IJ48,D691Q,0.1622,benign,CRB2,691.0
Q5IJ48,D691R,0.1405,benign,CRB2,691.0
Q5IJ48,D691S,0.0856,benign,CRB2,691.0
Q5IJ48,D691T,0.1567,benign,CRB2,691.0
Q5IJ48,D691V,0.1492,benign,CRB2,691.0
Q5IJ48,D691W,0.625,pathogenic,CRB2,691.0
Q5IJ48,D691Y,0.161,benign,CRB2,691.0
Q5IJ48,S692A,0.0975,benign,CRB2,692.0
Q5IJ48,S692C,0.3529,ambiguous,CRB2,692.0
Q5IJ48,S692D,0.2475,benign,CRB2,692.0
Q5IJ48,S692E,0.3559,ambiguous,CRB2,692.0
Q5IJ48,S692F,0.2617,benign,CRB2,692.0
Q5IJ48,S692G,0.1037,benign,CRB2,692.0
Q5IJ48,S692H,0.334,benign,CRB2,692.0
Q5IJ48,S692I,0.3208,benign,CRB2,692.0
Q5IJ48,S692K,0.5778,pathogenic,CRB2,692.0
Q5IJ48,S692L,0.1835,benign,CRB2,692.0
Q5IJ48,S692M,0.3175,benign,CRB2,692.0
Q5IJ48,S692N,0.2408,benign,CRB2,692.0
Q5IJ48,S692P,0.2406,benign,CRB2,692.0
Q5IJ48,S692Q,0.4624,ambiguous,CRB2,692.0
Q5IJ48,S692R,0.4316,ambiguous,CRB2,692.0
Q5IJ48,S692T,0.0754,benign,CRB2,692.0
Q5IJ48,S692V,0.2616,benign,CRB2,692.0
Q5IJ48,S692W,0.2996,benign,CRB2,692.0
Q5IJ48,S692Y,0.2645,benign,CRB2,692.0
Q5IJ48,A693C,0.436,ambiguous,CRB2,693.0
Q5IJ48,A693D,0.1254,benign,CRB2,693.0
Q5IJ48,A693E,0.1041,benign,CRB2,693.0
Q5IJ48,A693F,0.177,benign,CRB2,693.0
Q5IJ48,A693G,0.0961,benign,CRB2,693.0
Q5IJ48,A693H,0.2312,benign,CRB2,693.0
Q5IJ48,A693I,0.1435,benign,CRB2,693.0
Q5IJ48,A693K,0.1921,benign,CRB2,693.0
Q5IJ48,A693L,0.0979,benign,CRB2,693.0
Q5IJ48,A693M,0.137,benign,CRB2,693.0
Q5IJ48,A693N,0.175,benign,CRB2,693.0
Q5IJ48,A693P,0.172,benign,CRB2,693.0
Q5IJ48,A693Q,0.1551,benign,CRB2,693.0
Q5IJ48,A693R,0.136,benign,CRB2,693.0
Q5IJ48,A693S,0.0861,benign,CRB2,693.0
Q5IJ48,A693T,0.0743,benign,CRB2,693.0
Q5IJ48,A693V,0.0747,benign,CRB2,693.0
Q5IJ48,A693W,0.3451,ambiguous,CRB2,693.0
Q5IJ48,A693Y,0.2827,benign,CRB2,693.0
Q5IJ48,A694C,0.4786,ambiguous,CRB2,694.0
Q5IJ48,A694D,0.1725,benign,CRB2,694.0
Q5IJ48,A694E,0.1521,benign,CRB2,694.0
Q5IJ48,A694F,0.2411,benign,CRB2,694.0
Q5IJ48,A694G,0.1091,benign,CRB2,694.0
Q5IJ48,A694H,0.3249,benign,CRB2,694.0
Q5IJ48,A694I,0.1853,benign,CRB2,694.0
Q5IJ48,A694K,0.2823,benign,CRB2,694.0
Q5IJ48,A694L,0.1265,benign,CRB2,694.0
Q5IJ48,A694M,0.1762,benign,CRB2,694.0
Q5IJ48,A694N,0.2256,benign,CRB2,694.0
Q5IJ48,A694P,0.094,benign,CRB2,694.0
Q5IJ48,A694Q,0.215,benign,CRB2,694.0
Q5IJ48,A694R,0.1979,benign,CRB2,694.0
Q5IJ48,A694S,0.0944,benign,CRB2,694.0
Q5IJ48,A694T,0.0815,benign,CRB2,694.0
Q5IJ48,A694V,0.0934,benign,CRB2,694.0
Q5IJ48,A694W,0.4213,ambiguous,CRB2,694.0
Q5IJ48,A694Y,0.3716,ambiguous,CRB2,694.0
Q5IJ48,G695A,0.0814,benign,CRB2,695.0
Q5IJ48,G695C,0.1638,benign,CRB2,695.0
Q5IJ48,G695D,0.147,benign,CRB2,695.0
Q5IJ48,G695E,0.1554,benign,CRB2,695.0
Q5IJ48,G695F,0.293,benign,CRB2,695.0
Q5IJ48,G695H,0.2048,benign,CRB2,695.0
Q5IJ48,G695I,0.1534,benign,CRB2,695.0
Q5IJ48,G695K,0.3065,benign,CRB2,695.0
Q5IJ48,G695L,0.1978,benign,CRB2,695.0
Q5IJ48,G695M,0.2858,benign,CRB2,695.0
Q5IJ48,G695N,0.2105,benign,CRB2,695.0
Q5IJ48,G695P,0.4691,ambiguous,CRB2,695.0
Q5IJ48,G695Q,0.2101,benign,CRB2,695.0
Q5IJ48,G695R,0.1626,benign,CRB2,695.0
Q5IJ48,G695S,0.0764,benign,CRB2,695.0
Q5IJ48,G695T,0.102,benign,CRB2,695.0
Q5IJ48,G695V,0.1038,benign,CRB2,695.0
Q5IJ48,G695W,0.1964,benign,CRB2,695.0
Q5IJ48,G695Y,0.2362,benign,CRB2,695.0
Q5IJ48,L696A,0.5653,pathogenic,CRB2,696.0
Q5IJ48,L696C,0.7639,pathogenic,CRB2,696.0
Q5IJ48,L696D,0.9593,pathogenic,CRB2,696.0
Q5IJ48,L696E,0.8537,pathogenic,CRB2,696.0
Q5IJ48,L696F,0.14,benign,CRB2,696.0
Q5IJ48,L696G,0.7837,pathogenic,CRB2,696.0
Q5IJ48,L696H,0.7392,pathogenic,CRB2,696.0
Q5IJ48,L696I,0.1557,benign,CRB2,696.0
Q5IJ48,L696K,0.8281,pathogenic,CRB2,696.0
Q5IJ48,L696M,0.1857,benign,CRB2,696.0
Q5IJ48,L696N,0.9042,pathogenic,CRB2,696.0
Q5IJ48,L696P,0.7503,pathogenic,CRB2,696.0
Q5IJ48,L696Q,0.6413,pathogenic,CRB2,696.0
Q5IJ48,L696R,0.6245,pathogenic,CRB2,696.0
Q5IJ48,L696S,0.8036,pathogenic,CRB2,696.0
Q5IJ48,L696T,0.691,pathogenic,CRB2,696.0
Q5IJ48,L696V,0.1483,benign,CRB2,696.0
Q5IJ48,L696W,0.3352,benign,CRB2,696.0
Q5IJ48,L696Y,0.6027,pathogenic,CRB2,696.0
Q5IJ48,T697A,0.1328,benign,CRB2,697.0
Q5IJ48,T697C,0.6874,pathogenic,CRB2,697.0
Q5IJ48,T697D,0.5365,ambiguous,CRB2,697.0
Q5IJ48,T697E,0.4458,ambiguous,CRB2,697.0
Q5IJ48,T697F,0.4558,ambiguous,CRB2,697.0
Q5IJ48,T697G,0.3747,ambiguous,CRB2,697.0
Q5IJ48,T697H,0.346,ambiguous,CRB2,697.0
Q5IJ48,T697I,0.3825,ambiguous,CRB2,697.0
Q5IJ48,T697K,0.3587,ambiguous,CRB2,697.0
Q5IJ48,T697L,0.2093,benign,CRB2,697.0
Q5IJ48,T697M,0.15,benign,CRB2,697.0
Q5IJ48,T697N,0.2702,benign,CRB2,697.0
Q5IJ48,T697P,0.4567,ambiguous,CRB2,697.0
Q5IJ48,T697Q,0.3132,benign,CRB2,697.0
Q5IJ48,T697R,0.2384,benign,CRB2,697.0
Q5IJ48,T697S,0.147,benign,CRB2,697.0
Q5IJ48,T697V,0.2742,benign,CRB2,697.0
Q5IJ48,T697W,0.6077,pathogenic,CRB2,697.0
Q5IJ48,T697Y,0.4882,ambiguous,CRB2,697.0
Q5IJ48,V698A,0.4387,ambiguous,CRB2,698.0
Q5IJ48,V698C,0.9111,pathogenic,CRB2,698.0
Q5IJ48,V698D,0.9619,pathogenic,CRB2,698.0
Q5IJ48,V698E,0.9319,pathogenic,CRB2,698.0
Q5IJ48,V698F,0.3147,benign,CRB2,698.0
Q5IJ48,V698G,0.6818,pathogenic,CRB2,698.0
Q5IJ48,V698H,0.9664,pathogenic,CRB2,698.0
Q5IJ48,V698I,0.0834,benign,CRB2,698.0
Q5IJ48,V698K,0.9698,pathogenic,CRB2,698.0
Q5IJ48,V698L,0.1714,benign,CRB2,698.0
Q5IJ48,V698M,0.2611,benign,CRB2,698.0
Q5IJ48,V698N,0.9204,pathogenic,CRB2,698.0
Q5IJ48,V698P,0.9393,pathogenic,CRB2,698.0
Q5IJ48,V698Q,0.9313,pathogenic,CRB2,698.0
Q5IJ48,V698R,0.9165,pathogenic,CRB2,698.0
Q5IJ48,V698S,0.7542,pathogenic,CRB2,698.0
Q5IJ48,V698T,0.6944,pathogenic,CRB2,698.0
Q5IJ48,V698W,0.937,pathogenic,CRB2,698.0
Q5IJ48,V698Y,0.8725,pathogenic,CRB2,698.0
Q5IJ48,F699A,0.6695,pathogenic,CRB2,699.0
Q5IJ48,F699C,0.715,pathogenic,CRB2,699.0
Q5IJ48,F699D,0.9173,pathogenic,CRB2,699.0
Q5IJ48,F699E,0.9207,pathogenic,CRB2,699.0
Q5IJ48,F699G,0.8105,pathogenic,CRB2,699.0
Q5IJ48,F699H,0.5709,pathogenic,CRB2,699.0
Q5IJ48,F699I,0.5804,pathogenic,CRB2,699.0
Q5IJ48,F699K,0.9363,pathogenic,CRB2,699.0
Q5IJ48,F699L,0.9148,pathogenic,CRB2,699.0
Q5IJ48,F699M,0.8116,pathogenic,CRB2,699.0
Q5IJ48,F699N,0.8255,pathogenic,CRB2,699.0
Q5IJ48,F699P,0.9949,pathogenic,CRB2,699.0
Q5IJ48,F699Q,0.8282,pathogenic,CRB2,699.0
Q5IJ48,F699R,0.7546,pathogenic,CRB2,699.0
Q5IJ48,F699S,0.4503,ambiguous,CRB2,699.0
Q5IJ48,F699T,0.7262,pathogenic,CRB2,699.0
Q5IJ48,F699V,0.504,ambiguous,CRB2,699.0
Q5IJ48,F699W,0.5057,ambiguous,CRB2,699.0
Q5IJ48,F699Y,0.1967,benign,CRB2,699.0
Q5IJ48,L700A,0.7913,pathogenic,CRB2,700.0
Q5IJ48,L700C,0.9058,pathogenic,CRB2,700.0
Q5IJ48,L700D,0.9896,pathogenic,CRB2,700.0
Q5IJ48,L700E,0.9497,pathogenic,CRB2,700.0
Q5IJ48,L700F,0.3905,ambiguous,CRB2,700.0
Q5IJ48,L700G,0.9356,pathogenic,CRB2,700.0
Q5IJ48,L700H,0.8427,pathogenic,CRB2,700.0
Q5IJ48,L700I,0.1988,benign,CRB2,700.0
Q5IJ48,L700K,0.9456,pathogenic,CRB2,700.0
Q5IJ48,L700M,0.4317,ambiguous,CRB2,700.0
Q5IJ48,L700N,0.9664,pathogenic,CRB2,700.0
Q5IJ48,L700P,0.9032,pathogenic,CRB2,700.0
Q5IJ48,L700Q,0.7718,pathogenic,CRB2,700.0
Q5IJ48,L700R,0.7487,pathogenic,CRB2,700.0
Q5IJ48,L700S,0.9117,pathogenic,CRB2,700.0
Q5IJ48,L700T,0.8391,pathogenic,CRB2,700.0
Q5IJ48,L700V,0.2185,benign,CRB2,700.0
Q5IJ48,L700W,0.7323,pathogenic,CRB2,700.0
Q5IJ48,L700Y,0.8926,pathogenic,CRB2,700.0
Q5IJ48,S701A,0.0987,benign,CRB2,701.0
Q5IJ48,S701C,0.2295,benign,CRB2,701.0
Q5IJ48,S701D,0.1776,benign,CRB2,701.0
Q5IJ48,S701E,0.2024,benign,CRB2,701.0
Q5IJ48,S701F,0.2586,benign,CRB2,701.0
Q5IJ48,S701G,0.0848,benign,CRB2,701.0
Q5IJ48,S701H,0.1281,benign,CRB2,701.0
Q5IJ48,S701I,0.1965,benign,CRB2,701.0
Q5IJ48,S701K,0.2577,benign,CRB2,701.0
Q5IJ48,S701L,0.1483,benign,CRB2,701.0
Q5IJ48,S701M,0.251,benign,CRB2,701.0
Q5IJ48,S701N,0.1228,benign,CRB2,701.0
Q5IJ48,S701P,0.5147,ambiguous,CRB2,701.0
Q5IJ48,S701Q,0.1656,benign,CRB2,701.0
Q5IJ48,S701R,0.1383,benign,CRB2,701.0
Q5IJ48,S701T,0.1126,benign,CRB2,701.0
Q5IJ48,S701V,0.2279,benign,CRB2,701.0
Q5IJ48,S701W,0.1602,benign,CRB2,701.0
Q5IJ48,S701Y,0.1781,benign,CRB2,701.0
Q5IJ48,E702A,0.1014,benign,CRB2,702.0
Q5IJ48,E702C,0.7245,pathogenic,CRB2,702.0
Q5IJ48,E702D,0.0957,benign,CRB2,702.0
Q5IJ48,E702F,0.6455,pathogenic,CRB2,702.0
Q5IJ48,E702G,0.0695,benign,CRB2,702.0
Q5IJ48,E702H,0.2219,benign,CRB2,702.0
Q5IJ48,E702I,0.5426,ambiguous,CRB2,702.0
Q5IJ48,E702K,0.0912,benign,CRB2,702.0
Q5IJ48,E702L,0.3223,benign,CRB2,702.0
Q5IJ48,E702M,0.4197,ambiguous,CRB2,702.0
Q5IJ48,E702N,0.1758,benign,CRB2,702.0
Q5IJ48,E702P,0.4483,ambiguous,CRB2,702.0
Q5IJ48,E702Q,0.0842,benign,CRB2,702.0
Q5IJ48,E702R,0.0983,benign,CRB2,702.0
Q5IJ48,E702S,0.1296,benign,CRB2,702.0
Q5IJ48,E702T,0.2129,benign,CRB2,702.0
Q5IJ48,E702V,0.3047,benign,CRB2,702.0
Q5IJ48,E702W,0.6439,pathogenic,CRB2,702.0
Q5IJ48,E702Y,0.4939,ambiguous,CRB2,702.0
Q5IJ48,G703A,0.4994,ambiguous,CRB2,703.0
Q5IJ48,G703C,0.8582,pathogenic,CRB2,703.0
Q5IJ48,G703D,0.515,ambiguous,CRB2,703.0
Q5IJ48,G703E,0.5737,pathogenic,CRB2,703.0
Q5IJ48,G703F,0.957,pathogenic,CRB2,703.0
Q5IJ48,G703H,0.8314,pathogenic,CRB2,703.0
Q5IJ48,G703I,0.9464,pathogenic,CRB2,703.0
Q5IJ48,G703K,0.8565,pathogenic,CRB2,703.0
Q5IJ48,G703L,0.9368,pathogenic,CRB2,703.0
Q5IJ48,G703M,0.9376,pathogenic,CRB2,703.0
Q5IJ48,G703N,0.6251,pathogenic,CRB2,703.0
Q5IJ48,G703P,0.979,pathogenic,CRB2,703.0
Q5IJ48,G703Q,0.7452,pathogenic,CRB2,703.0
Q5IJ48,G703R,0.7285,pathogenic,CRB2,703.0
Q5IJ48,G703S,0.2679,benign,CRB2,703.0
Q5IJ48,G703T,0.6999,pathogenic,CRB2,703.0
Q5IJ48,G703V,0.8696,pathogenic,CRB2,703.0
Q5IJ48,G703W,0.8717,pathogenic,CRB2,703.0
Q5IJ48,G703Y,0.9023,pathogenic,CRB2,703.0
Q5IJ48,R704A,0.1374,benign,CRB2,704.0
Q5IJ48,R704C,0.1325,benign,CRB2,704.0
Q5IJ48,R704D,0.2677,benign,CRB2,704.0
Q5IJ48,R704E,0.1113,benign,CRB2,704.0
Q5IJ48,R704F,0.2865,benign,CRB2,704.0
Q5IJ48,R704G,0.0973,benign,CRB2,704.0
Q5IJ48,R704H,0.0839,benign,CRB2,704.0
Q5IJ48,R704I,0.174,benign,CRB2,704.0
Q5IJ48,R704K,0.1112,benign,CRB2,704.0
Q5IJ48,R704L,0.0967,benign,CRB2,704.0
Q5IJ48,R704M,0.1542,benign,CRB2,704.0
Q5IJ48,R704N,0.2467,benign,CRB2,704.0
Q5IJ48,R704P,0.555,ambiguous,CRB2,704.0
Q5IJ48,R704Q,0.0537,benign,CRB2,704.0
Q5IJ48,R704S,0.1558,benign,CRB2,704.0
Q5IJ48,R704T,0.1089,benign,CRB2,704.0
Q5IJ48,R704V,0.159,benign,CRB2,704.0
Q5IJ48,R704W,0.0983,benign,CRB2,704.0
Q5IJ48,R704Y,0.209,benign,CRB2,704.0
Q5IJ48,I705A,0.8746,pathogenic,CRB2,705.0
Q5IJ48,I705C,0.9316,pathogenic,CRB2,705.0
Q5IJ48,I705D,0.9831,pathogenic,CRB2,705.0
Q5IJ48,I705E,0.9648,pathogenic,CRB2,705.0
Q5IJ48,I705F,0.4113,ambiguous,CRB2,705.0
Q5IJ48,I705G,0.9343,pathogenic,CRB2,705.0
Q5IJ48,I705H,0.9548,pathogenic,CRB2,705.0
Q5IJ48,I705K,0.9537,pathogenic,CRB2,705.0
Q5IJ48,I705L,0.1499,benign,CRB2,705.0
Q5IJ48,I705M,0.2748,benign,CRB2,705.0
Q5IJ48,I705N,0.895,pathogenic,CRB2,705.0
Q5IJ48,I705P,0.8913,pathogenic,CRB2,705.0
Q5IJ48,I705Q,0.9402,pathogenic,CRB2,705.0
Q5IJ48,I705R,0.9249,pathogenic,CRB2,705.0
Q5IJ48,I705S,0.8878,pathogenic,CRB2,705.0
Q5IJ48,I705T,0.9356,pathogenic,CRB2,705.0
Q5IJ48,I705V,0.1549,benign,CRB2,705.0
Q5IJ48,I705W,0.9201,pathogenic,CRB2,705.0
Q5IJ48,I705Y,0.8309,pathogenic,CRB2,705.0
Q5IJ48,R706A,0.1654,benign,CRB2,706.0
Q5IJ48,R706C,0.1422,benign,CRB2,706.0
Q5IJ48,R706D,0.3757,ambiguous,CRB2,706.0
Q5IJ48,R706E,0.1618,benign,CRB2,706.0
Q5IJ48,R706F,0.2401,benign,CRB2,706.0
Q5IJ48,R706G,0.1304,benign,CRB2,706.0
Q5IJ48,R706H,0.0808,benign,CRB2,706.0
Q5IJ48,R706I,0.1662,benign,CRB2,706.0
Q5IJ48,R706K,0.1479,benign,CRB2,706.0
Q5IJ48,R706L,0.0891,benign,CRB2,706.0
Q5IJ48,R706M,0.1857,benign,CRB2,706.0
Q5IJ48,R706N,0.3908,ambiguous,CRB2,706.0
Q5IJ48,R706P,0.5762,pathogenic,CRB2,706.0
Q5IJ48,R706Q,0.0732,benign,CRB2,706.0
Q5IJ48,R706S,0.1986,benign,CRB2,706.0
Q5IJ48,R706T,0.1235,benign,CRB2,706.0
Q5IJ48,R706V,0.1565,benign,CRB2,706.0
Q5IJ48,R706W,0.0716,benign,CRB2,706.0
Q5IJ48,R706Y,0.2055,benign,CRB2,706.0
Q5IJ48,A707C,0.641,pathogenic,CRB2,707.0
Q5IJ48,A707D,0.7271,pathogenic,CRB2,707.0
Q5IJ48,A707E,0.5432,ambiguous,CRB2,707.0
Q5IJ48,A707F,0.4506,ambiguous,CRB2,707.0
Q5IJ48,A707G,0.1709,benign,CRB2,707.0
Q5IJ48,A707H,0.7705,pathogenic,CRB2,707.0
Q5IJ48,A707I,0.2726,benign,CRB2,707.0
Q5IJ48,A707K,0.7555,pathogenic,CRB2,707.0
Q5IJ48,A707L,0.1989,benign,CRB2,707.0
Q5IJ48,A707M,0.2312,benign,CRB2,707.0
Q5IJ48,A707N,0.6877,pathogenic,CRB2,707.0
Q5IJ48,A707P,0.707,pathogenic,CRB2,707.0
Q5IJ48,A707Q,0.6211,pathogenic,CRB2,707.0
Q5IJ48,A707R,0.6335,pathogenic,CRB2,707.0
Q5IJ48,A707S,0.1725,benign,CRB2,707.0
Q5IJ48,A707T,0.1105,benign,CRB2,707.0
Q5IJ48,A707V,0.1046,benign,CRB2,707.0
Q5IJ48,A707W,0.74,pathogenic,CRB2,707.0
Q5IJ48,A707Y,0.6726,pathogenic,CRB2,707.0
Q5IJ48,E708A,0.0948,benign,CRB2,708.0
Q5IJ48,E708C,0.7886,pathogenic,CRB2,708.0
Q5IJ48,E708D,0.181,benign,CRB2,708.0
Q5IJ48,E708F,0.5611,ambiguous,CRB2,708.0
Q5IJ48,E708G,0.1545,benign,CRB2,708.0
Q5IJ48,E708H,0.2935,benign,CRB2,708.0
Q5IJ48,E708I,0.3057,benign,CRB2,708.0
Q5IJ48,E708K,0.123,benign,CRB2,708.0
Q5IJ48,E708L,0.2165,benign,CRB2,708.0
Q5IJ48,E708M,0.3059,benign,CRB2,708.0
Q5IJ48,E708N,0.2934,benign,CRB2,708.0
Q5IJ48,E708P,0.7065,pathogenic,CRB2,708.0
Q5IJ48,E708Q,0.0925,benign,CRB2,708.0
Q5IJ48,E708R,0.1326,benign,CRB2,708.0
Q5IJ48,E708S,0.1542,benign,CRB2,708.0
Q5IJ48,E708T,0.1523,benign,CRB2,708.0
Q5IJ48,E708V,0.1498,benign,CRB2,708.0
Q5IJ48,E708W,0.669,pathogenic,CRB2,708.0
Q5IJ48,E708Y,0.5193,ambiguous,CRB2,708.0
Q5IJ48,V709A,0.0737,benign,CRB2,709.0
Q5IJ48,V709C,0.6572,pathogenic,CRB2,709.0
Q5IJ48,V709D,0.1697,benign,CRB2,709.0
Q5IJ48,V709E,0.1506,benign,CRB2,709.0
Q5IJ48,V709F,0.1116,benign,CRB2,709.0
Q5IJ48,V709G,0.0699,benign,CRB2,709.0
Q5IJ48,V709H,0.3443,ambiguous,CRB2,709.0
Q5IJ48,V709I,0.0958,benign,CRB2,709.0
Q5IJ48,V709K,0.2196,benign,CRB2,709.0
Q5IJ48,V709L,0.1051,benign,CRB2,709.0
Q5IJ48,V709M,0.1116,benign,CRB2,709.0
Q5IJ48,V709N,0.1608,benign,CRB2,709.0
Q5IJ48,V709P,0.2533,benign,CRB2,709.0
Q5IJ48,V709Q,0.1964,benign,CRB2,709.0
Q5IJ48,V709R,0.1724,benign,CRB2,709.0
Q5IJ48,V709S,0.0957,benign,CRB2,709.0
Q5IJ48,V709T,0.1175,benign,CRB2,709.0
Q5IJ48,V709W,0.4472,ambiguous,CRB2,709.0
Q5IJ48,V709Y,0.3405,ambiguous,CRB2,709.0
Q5IJ48,P710A,0.0643,benign,CRB2,710.0
Q5IJ48,P710C,0.3347,benign,CRB2,710.0
Q5IJ48,P710D,0.2007,benign,CRB2,710.0
Q5IJ48,P710E,0.1303,benign,CRB2,710.0
Q5IJ48,P710F,0.2066,benign,CRB2,710.0
Q5IJ48,P710G,0.1354,benign,CRB2,710.0
Q5IJ48,P710H,0.1116,benign,CRB2,710.0
Q5IJ48,P710I,0.1671,benign,CRB2,710.0
Q5IJ48,P710K,0.1684,benign,CRB2,710.0
Q5IJ48,P710L,0.0617,benign,CRB2,710.0
Q5IJ48,P710M,0.1719,benign,CRB2,710.0
Q5IJ48,P710N,0.2092,benign,CRB2,710.0
Q5IJ48,P710Q,0.0904,benign,CRB2,710.0
Q5IJ48,P710R,0.0759,benign,CRB2,710.0
Q5IJ48,P710S,0.0867,benign,CRB2,710.0
Q5IJ48,P710T,0.0837,benign,CRB2,710.0
Q5IJ48,P710V,0.1171,benign,CRB2,710.0
Q5IJ48,P710W,0.1842,benign,CRB2,710.0
Q5IJ48,P710Y,0.2364,benign,CRB2,710.0
Q5IJ48,G711A,0.1092,benign,CRB2,711.0
Q5IJ48,G711C,0.2654,benign,CRB2,711.0
Q5IJ48,G711D,0.0949,benign,CRB2,711.0
Q5IJ48,G711E,0.1413,benign,CRB2,711.0
Q5IJ48,G711F,0.383,ambiguous,CRB2,711.0
Q5IJ48,G711H,0.2078,benign,CRB2,711.0
Q5IJ48,G711I,0.275,benign,CRB2,711.0
Q5IJ48,G711K,0.2964,benign,CRB2,711.0
Q5IJ48,G711L,0.2918,benign,CRB2,711.0
Q5IJ48,G711M,0.4403,ambiguous,CRB2,711.0
Q5IJ48,G711N,0.1934,benign,CRB2,711.0
Q5IJ48,G711P,0.4242,ambiguous,CRB2,711.0
Q5IJ48,G711Q,0.2018,benign,CRB2,711.0
Q5IJ48,G711R,0.1578,benign,CRB2,711.0
Q5IJ48,G711S,0.0966,benign,CRB2,711.0
Q5IJ48,G711T,0.156,benign,CRB2,711.0
Q5IJ48,G711V,0.1702,benign,CRB2,711.0
Q5IJ48,G711W,0.2657,benign,CRB2,711.0
Q5IJ48,G711Y,0.3003,benign,CRB2,711.0
Q5IJ48,S712A,0.0941,benign,CRB2,712.0
Q5IJ48,S712C,0.1289,benign,CRB2,712.0
Q5IJ48,S712D,0.1515,benign,CRB2,712.0
Q5IJ48,S712E,0.1765,benign,CRB2,712.0
Q5IJ48,S712F,0.1476,benign,CRB2,712.0
Q5IJ48,S712G,0.0604,benign,CRB2,712.0
Q5IJ48,S712H,0.1145,benign,CRB2,712.0
Q5IJ48,S712I,0.0993,benign,CRB2,712.0
Q5IJ48,S712K,0.2199,benign,CRB2,712.0
Q5IJ48,S712L,0.106,benign,CRB2,712.0
Q5IJ48,S712M,0.1855,benign,CRB2,712.0
Q5IJ48,S712N,0.0971,benign,CRB2,712.0
Q5IJ48,S712P,0.2177,benign,CRB2,712.0
Q5IJ48,S712Q,0.1545,benign,CRB2,712.0
Q5IJ48,S712R,0.135,benign,CRB2,712.0
Q5IJ48,S712T,0.0939,benign,CRB2,712.0
Q5IJ48,S712V,0.1237,benign,CRB2,712.0
Q5IJ48,S712W,0.1506,benign,CRB2,712.0
Q5IJ48,S712Y,0.1225,benign,CRB2,712.0
Q5IJ48,P713A,0.063,benign,CRB2,713.0
Q5IJ48,P713C,0.4093,ambiguous,CRB2,713.0
Q5IJ48,P713D,0.1778,benign,CRB2,713.0
Q5IJ48,P713E,0.1302,benign,CRB2,713.0
Q5IJ48,P713F,0.2754,benign,CRB2,713.0
Q5IJ48,P713G,0.1454,benign,CRB2,713.0
Q5IJ48,P713H,0.1203,benign,CRB2,713.0
Q5IJ48,P713I,0.2525,benign,CRB2,713.0
Q5IJ48,P713K,0.1913,benign,CRB2,713.0
Q5IJ48,P713L,0.0906,benign,CRB2,713.0
Q5IJ48,P713M,0.2398,benign,CRB2,713.0
Q5IJ48,P713N,0.2187,benign,CRB2,713.0
Q5IJ48,P713Q,0.1002,benign,CRB2,713.0
Q5IJ48,P713R,0.0846,benign,CRB2,713.0
Q5IJ48,P713S,0.0769,benign,CRB2,713.0
Q5IJ48,P713T,0.0807,benign,CRB2,713.0
Q5IJ48,P713V,0.15,benign,CRB2,713.0
Q5IJ48,P713W,0.2853,benign,CRB2,713.0
Q5IJ48,P713Y,0.2889,benign,CRB2,713.0
Q5IJ48,A714C,0.4852,ambiguous,CRB2,714.0
Q5IJ48,A714D,0.1147,benign,CRB2,714.0
Q5IJ48,A714E,0.1094,benign,CRB2,714.0
Q5IJ48,A714F,0.2154,benign,CRB2,714.0
Q5IJ48,A714G,0.106,benign,CRB2,714.0
Q5IJ48,A714H,0.2624,benign,CRB2,714.0
Q5IJ48,A714I,0.1618,benign,CRB2,714.0
Q5IJ48,A714K,0.2411,benign,CRB2,714.0
Q5IJ48,A714L,0.1076,benign,CRB2,714.0
Q5IJ48,A714M,0.1556,benign,CRB2,714.0
Q5IJ48,A714N,0.1832,benign,CRB2,714.0
Q5IJ48,A714P,0.0737,benign,CRB2,714.0
Q5IJ48,A714Q,0.1765,benign,CRB2,714.0
Q5IJ48,A714R,0.1653,benign,CRB2,714.0
Q5IJ48,A714S,0.088,benign,CRB2,714.0
Q5IJ48,A714T,0.0777,benign,CRB2,714.0
Q5IJ48,A714V,0.0866,benign,CRB2,714.0
Q5IJ48,A714W,0.3777,ambiguous,CRB2,714.0
Q5IJ48,A714Y,0.3264,benign,CRB2,714.0
Q5IJ48,V715A,0.0821,benign,CRB2,715.0
Q5IJ48,V715C,0.6735,pathogenic,CRB2,715.0
Q5IJ48,V715D,0.1822,benign,CRB2,715.0
Q5IJ48,V715E,0.1204,benign,CRB2,715.0
Q5IJ48,V715F,0.1235,benign,CRB2,715.0
Q5IJ48,V715G,0.1081,benign,CRB2,715.0
Q5IJ48,V715H,0.3265,benign,CRB2,715.0
Q5IJ48,V715I,0.097,benign,CRB2,715.0
Q5IJ48,V715K,0.1845,benign,CRB2,715.0
Q5IJ48,V715L,0.0833,benign,CRB2,715.0
Q5IJ48,V715M,0.0919,benign,CRB2,715.0
Q5IJ48,V715N,0.2173,benign,CRB2,715.0
Q5IJ48,V715P,0.199,benign,CRB2,715.0
Q5IJ48,V715Q,0.152,benign,CRB2,715.0
Q5IJ48,V715R,0.1223,benign,CRB2,715.0
Q5IJ48,V715S,0.127,benign,CRB2,715.0
Q5IJ48,V715T,0.1133,benign,CRB2,715.0
Q5IJ48,V715W,0.404,ambiguous,CRB2,715.0
Q5IJ48,V715Y,0.3953,ambiguous,CRB2,715.0
Q5IJ48,V716A,0.0899,benign,CRB2,716.0
Q5IJ48,V716C,0.6479,pathogenic,CRB2,716.0
Q5IJ48,V716D,0.1099,benign,CRB2,716.0
Q5IJ48,V716E,0.07,benign,CRB2,716.0
Q5IJ48,V716F,0.1145,benign,CRB2,716.0
Q5IJ48,V716G,0.1011,benign,CRB2,716.0
Q5IJ48,V716H,0.2722,benign,CRB2,716.0
Q5IJ48,V716I,0.0968,benign,CRB2,716.0
Q5IJ48,V716K,0.1941,benign,CRB2,716.0
Q5IJ48,V716L,0.0931,benign,CRB2,716.0
Q5IJ48,V716M,0.1172,benign,CRB2,716.0
Q5IJ48,V716N,0.1691,benign,CRB2,716.0
Q5IJ48,V716P,0.1617,benign,CRB2,716.0
Q5IJ48,V716Q,0.1283,benign,CRB2,716.0
Q5IJ48,V716R,0.1338,benign,CRB2,716.0
Q5IJ48,V716S,0.1064,benign,CRB2,716.0
Q5IJ48,V716T,0.1132,benign,CRB2,716.0
Q5IJ48,V716W,0.4295,ambiguous,CRB2,716.0
Q5IJ48,V716Y,0.3626,ambiguous,CRB2,716.0
Q5IJ48,L717A,0.2842,benign,CRB2,717.0
Q5IJ48,L717C,0.6454,pathogenic,CRB2,717.0
Q5IJ48,L717D,0.6498,pathogenic,CRB2,717.0
Q5IJ48,L717E,0.3197,benign,CRB2,717.0
Q5IJ48,L717F,0.1154,benign,CRB2,717.0
Q5IJ48,L717G,0.4566,ambiguous,CRB2,717.0
Q5IJ48,L717H,0.264,benign,CRB2,717.0
Q5IJ48,L717I,0.1381,benign,CRB2,717.0
Q5IJ48,L717K,0.3905,ambiguous,CRB2,717.0
Q5IJ48,L717M,0.1786,benign,CRB2,717.0
Q5IJ48,L717N,0.5338,ambiguous,CRB2,717.0
Q5IJ48,L717P,0.2815,benign,CRB2,717.0
Q5IJ48,L717Q,0.1713,benign,CRB2,717.0
Q5IJ48,L717R,0.1865,benign,CRB2,717.0
Q5IJ48,L717S,0.3221,benign,CRB2,717.0
Q5IJ48,L717T,0.3249,benign,CRB2,717.0
Q5IJ48,L717V,0.122,benign,CRB2,717.0
Q5IJ48,L717W,0.1884,benign,CRB2,717.0
Q5IJ48,L717Y,0.3759,ambiguous,CRB2,717.0
Q5IJ48,P718A,0.0878,benign,CRB2,718.0
Q5IJ48,P718C,0.6345,pathogenic,CRB2,718.0
Q5IJ48,P718D,0.2963,benign,CRB2,718.0
Q5IJ48,P718E,0.2136,benign,CRB2,718.0
Q5IJ48,P718F,0.5154,ambiguous,CRB2,718.0
Q5IJ48,P718G,0.2435,benign,CRB2,718.0
Q5IJ48,P718H,0.1973,benign,CRB2,718.0
Q5IJ48,P718I,0.4805,ambiguous,CRB2,718.0
Q5IJ48,P718K,0.3711,ambiguous,CRB2,718.0
Q5IJ48,P718L,0.1443,benign,CRB2,718.0
Q5IJ48,P718M,0.424,ambiguous,CRB2,718.0
Q5IJ48,P718N,0.3686,ambiguous,CRB2,718.0
Q5IJ48,P718Q,0.1628,benign,CRB2,718.0
Q5IJ48,P718R,0.1577,benign,CRB2,718.0
Q5IJ48,P718S,0.1128,benign,CRB2,718.0
Q5IJ48,P718T,0.1234,benign,CRB2,718.0
Q5IJ48,P718V,0.2959,benign,CRB2,718.0
Q5IJ48,P718W,0.4476,ambiguous,CRB2,718.0
Q5IJ48,P718Y,0.4845,ambiguous,CRB2,718.0
Q5IJ48,G719A,0.1411,benign,CRB2,719.0
Q5IJ48,G719C,0.3894,ambiguous,CRB2,719.0
Q5IJ48,G719D,0.1596,benign,CRB2,719.0
Q5IJ48,G719E,0.1391,benign,CRB2,719.0
Q5IJ48,G719F,0.5396,ambiguous,CRB2,719.0
Q5IJ48,G719H,0.3523,ambiguous,CRB2,719.0
Q5IJ48,G719I,0.3743,ambiguous,CRB2,719.0
Q5IJ48,G719K,0.3685,ambiguous,CRB2,719.0
Q5IJ48,G719L,0.3889,ambiguous,CRB2,719.0
Q5IJ48,G719M,0.5042,ambiguous,CRB2,719.0
Q5IJ48,G719N,0.3348,benign,CRB2,719.0
Q5IJ48,G719P,0.5929,pathogenic,CRB2,719.0
Q5IJ48,G719Q,0.2549,benign,CRB2,719.0
Q5IJ48,G719R,0.2231,benign,CRB2,719.0
Q5IJ48,G719S,0.1178,benign,CRB2,719.0
Q5IJ48,G719T,0.2097,benign,CRB2,719.0
Q5IJ48,G719V,0.2222,benign,CRB2,719.0
Q5IJ48,G719W,0.3281,benign,CRB2,719.0
Q5IJ48,G719Y,0.4647,ambiguous,CRB2,719.0
Q5IJ48,R720A,0.1811,benign,CRB2,720.0
Q5IJ48,R720C,0.1728,benign,CRB2,720.0
Q5IJ48,R720D,0.2844,benign,CRB2,720.0
Q5IJ48,R720E,0.2164,benign,CRB2,720.0
Q5IJ48,R720F,0.3047,benign,CRB2,720.0
Q5IJ48,R720G,0.1189,benign,CRB2,720.0
Q5IJ48,R720H,0.0858,benign,CRB2,720.0
Q5IJ48,R720I,0.2088,benign,CRB2,720.0
Q5IJ48,R720K,0.1921,benign,CRB2,720.0
Q5IJ48,R720L,0.1109,benign,CRB2,720.0
Q5IJ48,R720M,0.3059,benign,CRB2,720.0
Q5IJ48,R720N,0.3009,benign,CRB2,720.0
Q5IJ48,R720P,0.1073,benign,CRB2,720.0
Q5IJ48,R720Q,0.1003,benign,CRB2,720.0
Q5IJ48,R720S,0.1909,benign,CRB2,720.0
Q5IJ48,R720T,0.1675,benign,CRB2,720.0
Q5IJ48,R720V,0.2211,benign,CRB2,720.0
Q5IJ48,R720W,0.128,benign,CRB2,720.0
Q5IJ48,R720Y,0.2542,benign,CRB2,720.0
Q5IJ48,W721A,0.3468,ambiguous,CRB2,721.0
Q5IJ48,W721C,0.7354,pathogenic,CRB2,721.0
Q5IJ48,W721D,0.8445,pathogenic,CRB2,721.0
Q5IJ48,W721E,0.6607,pathogenic,CRB2,721.0
Q5IJ48,W721F,0.2492,benign,CRB2,721.0
Q5IJ48,W721G,0.3193,benign,CRB2,721.0
Q5IJ48,W721H,0.6531,pathogenic,CRB2,721.0
Q5IJ48,W721I,0.4119,ambiguous,CRB2,721.0
Q5IJ48,W721K,0.7093,pathogenic,CRB2,721.0
Q5IJ48,W721L,0.2066,benign,CRB2,721.0
Q5IJ48,W721M,0.4981,ambiguous,CRB2,721.0
Q5IJ48,W721N,0.819,pathogenic,CRB2,721.0
Q5IJ48,W721P,0.6779,pathogenic,CRB2,721.0
Q5IJ48,W721Q,0.621,pathogenic,CRB2,721.0
Q5IJ48,W721R,0.5387,ambiguous,CRB2,721.0
Q5IJ48,W721S,0.4261,ambiguous,CRB2,721.0
Q5IJ48,W721T,0.4299,ambiguous,CRB2,721.0
Q5IJ48,W721V,0.2924,benign,CRB2,721.0
Q5IJ48,W721Y,0.4687,ambiguous,CRB2,721.0
Q5IJ48,D722A,0.3752,ambiguous,CRB2,722.0
Q5IJ48,D722C,0.9227,pathogenic,CRB2,722.0
Q5IJ48,D722E,0.5466,ambiguous,CRB2,722.0
Q5IJ48,D722F,0.8861,pathogenic,CRB2,722.0
Q5IJ48,D722G,0.3797,ambiguous,CRB2,722.0
Q5IJ48,D722H,0.6313,pathogenic,CRB2,722.0
Q5IJ48,D722I,0.81,pathogenic,CRB2,722.0
Q5IJ48,D722K,0.8393,pathogenic,CRB2,722.0
Q5IJ48,D722L,0.8117,pathogenic,CRB2,722.0
Q5IJ48,D722M,0.9073,pathogenic,CRB2,722.0
Q5IJ48,D722N,0.2299,benign,CRB2,722.0
Q5IJ48,D722P,0.903,pathogenic,CRB2,722.0
Q5IJ48,D722Q,0.7429,pathogenic,CRB2,722.0
Q5IJ48,D722R,0.7819,pathogenic,CRB2,722.0
Q5IJ48,D722S,0.2959,benign,CRB2,722.0
Q5IJ48,D722T,0.5726,pathogenic,CRB2,722.0
Q5IJ48,D722V,0.5726,pathogenic,CRB2,722.0
Q5IJ48,D722W,0.947,pathogenic,CRB2,722.0
Q5IJ48,D722Y,0.5903,pathogenic,CRB2,722.0
Q5IJ48,D723A,0.5537,ambiguous,CRB2,723.0
Q5IJ48,D723C,0.9316,pathogenic,CRB2,723.0
Q5IJ48,D723E,0.6893,pathogenic,CRB2,723.0
Q5IJ48,D723F,0.9433,pathogenic,CRB2,723.0
Q5IJ48,D723G,0.3863,ambiguous,CRB2,723.0
Q5IJ48,D723H,0.6567,pathogenic,CRB2,723.0
Q5IJ48,D723I,0.8919,pathogenic,CRB2,723.0
Q5IJ48,D723K,0.8107,pathogenic,CRB2,723.0
Q5IJ48,D723L,0.8217,pathogenic,CRB2,723.0
Q5IJ48,D723M,0.922,pathogenic,CRB2,723.0
Q5IJ48,D723N,0.1479,benign,CRB2,723.0
Q5IJ48,D723P,0.9293,pathogenic,CRB2,723.0
Q5IJ48,D723Q,0.768,pathogenic,CRB2,723.0
Q5IJ48,D723R,0.703,pathogenic,CRB2,723.0
Q5IJ48,D723S,0.2717,benign,CRB2,723.0
Q5IJ48,D723T,0.5133,ambiguous,CRB2,723.0
Q5IJ48,D723V,0.7372,pathogenic,CRB2,723.0
Q5IJ48,D723W,0.9758,pathogenic,CRB2,723.0
Q5IJ48,D723Y,0.7065,pathogenic,CRB2,723.0
Q5IJ48,G724A,0.5804,pathogenic,CRB2,724.0
Q5IJ48,G724C,0.9,pathogenic,CRB2,724.0
Q5IJ48,G724D,0.8542,pathogenic,CRB2,724.0
Q5IJ48,G724E,0.8572,pathogenic,CRB2,724.0
Q5IJ48,G724F,0.9691,pathogenic,CRB2,724.0
Q5IJ48,G724H,0.9167,pathogenic,CRB2,724.0
Q5IJ48,G724I,0.9425,pathogenic,CRB2,724.0
Q5IJ48,G724K,0.9403,pathogenic,CRB2,724.0
Q5IJ48,G724L,0.9431,pathogenic,CRB2,724.0
Q5IJ48,G724M,0.971,pathogenic,CRB2,724.0
Q5IJ48,G724N,0.877,pathogenic,CRB2,724.0
Q5IJ48,G724P,0.976,pathogenic,CRB2,724.0
Q5IJ48,G724Q,0.8894,pathogenic,CRB2,724.0
Q5IJ48,G724R,0.7971,pathogenic,CRB2,724.0
Q5IJ48,G724S,0.3886,ambiguous,CRB2,724.0
Q5IJ48,G724T,0.8153,pathogenic,CRB2,724.0
Q5IJ48,G724V,0.8919,pathogenic,CRB2,724.0
Q5IJ48,G724W,0.9292,pathogenic,CRB2,724.0
Q5IJ48,G724Y,0.9529,pathogenic,CRB2,724.0
Q5IJ48,L725A,0.1554,benign,CRB2,725.0
Q5IJ48,L725C,0.4466,ambiguous,CRB2,725.0
Q5IJ48,L725D,0.3722,ambiguous,CRB2,725.0
Q5IJ48,L725E,0.1306,benign,CRB2,725.0
Q5IJ48,L725F,0.1318,benign,CRB2,725.0
Q5IJ48,L725G,0.2818,benign,CRB2,725.0
Q5IJ48,L725H,0.1268,benign,CRB2,725.0
Q5IJ48,L725I,0.1323,benign,CRB2,725.0
Q5IJ48,L725K,0.1312,benign,CRB2,725.0
Q5IJ48,L725M,0.1464,benign,CRB2,725.0
Q5IJ48,L725N,0.2314,benign,CRB2,725.0
Q5IJ48,L725P,0.3743,ambiguous,CRB2,725.0
Q5IJ48,L725Q,0.0612,benign,CRB2,725.0
Q5IJ48,L725R,0.0619,benign,CRB2,725.0
Q5IJ48,L725S,0.1716,benign,CRB2,725.0
Q5IJ48,L725T,0.1761,benign,CRB2,725.0
Q5IJ48,L725V,0.0996,benign,CRB2,725.0
Q5IJ48,L725W,0.156,benign,CRB2,725.0
Q5IJ48,L725Y,0.2854,benign,CRB2,725.0
Q5IJ48,R726A,0.3167,benign,CRB2,726.0
Q5IJ48,R726C,0.2571,benign,CRB2,726.0
Q5IJ48,R726D,0.5713,pathogenic,CRB2,726.0
Q5IJ48,R726E,0.2818,benign,CRB2,726.0
Q5IJ48,R726F,0.4683,ambiguous,CRB2,726.0
Q5IJ48,R726G,0.2079,benign,CRB2,726.0
Q5IJ48,R726H,0.1148,benign,CRB2,726.0
Q5IJ48,R726I,0.3363,benign,CRB2,726.0
Q5IJ48,R726K,0.1897,benign,CRB2,726.0
Q5IJ48,R726L,0.1575,benign,CRB2,726.0
Q5IJ48,R726M,0.3903,ambiguous,CRB2,726.0
Q5IJ48,R726N,0.5535,ambiguous,CRB2,726.0
Q5IJ48,R726P,0.1819,benign,CRB2,726.0
Q5IJ48,R726Q,0.0936,benign,CRB2,726.0
Q5IJ48,R726S,0.3425,ambiguous,CRB2,726.0
Q5IJ48,R726T,0.263,benign,CRB2,726.0
Q5IJ48,R726V,0.3485,ambiguous,CRB2,726.0
Q5IJ48,R726W,0.1031,benign,CRB2,726.0
Q5IJ48,R726Y,0.318,benign,CRB2,726.0
Q5IJ48,H727A,0.5097,ambiguous,CRB2,727.0
Q5IJ48,H727C,0.3399,benign,CRB2,727.0
Q5IJ48,H727D,0.5646,pathogenic,CRB2,727.0
Q5IJ48,H727E,0.4727,ambiguous,CRB2,727.0
Q5IJ48,H727F,0.4777,ambiguous,CRB2,727.0
Q5IJ48,H727G,0.4418,ambiguous,CRB2,727.0
Q5IJ48,H727I,0.5994,pathogenic,CRB2,727.0
Q5IJ48,H727K,0.3214,benign,CRB2,727.0
Q5IJ48,H727L,0.2131,benign,CRB2,727.0
Q5IJ48,H727M,0.7294,pathogenic,CRB2,727.0
Q5IJ48,H727N,0.2889,benign,CRB2,727.0
Q5IJ48,H727P,0.4437,ambiguous,CRB2,727.0
Q5IJ48,H727Q,0.2236,benign,CRB2,727.0
Q5IJ48,H727R,0.083,benign,CRB2,727.0
Q5IJ48,H727S,0.4119,ambiguous,CRB2,727.0
Q5IJ48,H727T,0.5245,ambiguous,CRB2,727.0
Q5IJ48,H727V,0.4633,ambiguous,CRB2,727.0
Q5IJ48,H727W,0.3187,benign,CRB2,727.0
Q5IJ48,H727Y,0.1408,benign,CRB2,727.0
Q5IJ48,L728A,0.1661,benign,CRB2,728.0
Q5IJ48,L728C,0.6306,pathogenic,CRB2,728.0
Q5IJ48,L728D,0.523,ambiguous,CRB2,728.0
Q5IJ48,L728E,0.1948,benign,CRB2,728.0
Q5IJ48,L728F,0.1339,benign,CRB2,728.0
Q5IJ48,L728G,0.3793,ambiguous,CRB2,728.0
Q5IJ48,L728H,0.1962,benign,CRB2,728.0
Q5IJ48,L728I,0.1477,benign,CRB2,728.0
Q5IJ48,L728K,0.2571,benign,CRB2,728.0
Q5IJ48,L728M,0.1571,benign,CRB2,728.0
Q5IJ48,L728N,0.4708,ambiguous,CRB2,728.0
Q5IJ48,L728P,0.1506,benign,CRB2,728.0
Q5IJ48,L728Q,0.1223,benign,CRB2,728.0
Q5IJ48,L728R,0.1032,benign,CRB2,728.0
Q5IJ48,L728S,0.2653,benign,CRB2,728.0
Q5IJ48,L728T,0.1828,benign,CRB2,728.0
Q5IJ48,L728V,0.0964,benign,CRB2,728.0
Q5IJ48,L728W,0.154,benign,CRB2,728.0
Q5IJ48,L728Y,0.3676,ambiguous,CRB2,728.0
Q5IJ48,V729A,0.2759,benign,CRB2,729.0
Q5IJ48,V729C,0.9275,pathogenic,CRB2,729.0
Q5IJ48,V729D,0.8927,pathogenic,CRB2,729.0
Q5IJ48,V729E,0.7387,pathogenic,CRB2,729.0
Q5IJ48,V729F,0.3917,ambiguous,CRB2,729.0
Q5IJ48,V729G,0.4229,ambiguous,CRB2,729.0
Q5IJ48,V729H,0.9111,pathogenic,CRB2,729.0
Q5IJ48,V729I,0.1472,benign,CRB2,729.0
Q5IJ48,V729K,0.8542,pathogenic,CRB2,729.0
Q5IJ48,V729L,0.2568,benign,CRB2,729.0
Q5IJ48,V729M,0.397,ambiguous,CRB2,729.0
Q5IJ48,V729N,0.8735,pathogenic,CRB2,729.0
Q5IJ48,V729P,0.805,pathogenic,CRB2,729.0
Q5IJ48,V729Q,0.7431,pathogenic,CRB2,729.0
Q5IJ48,V729R,0.7197,pathogenic,CRB2,729.0
Q5IJ48,V729S,0.6257,pathogenic,CRB2,729.0
Q5IJ48,V729T,0.5695,pathogenic,CRB2,729.0
Q5IJ48,V729W,0.9414,pathogenic,CRB2,729.0
Q5IJ48,V729Y,0.8736,pathogenic,CRB2,729.0
Q5IJ48,M730A,0.1219,benign,CRB2,730.0
Q5IJ48,M730C,0.612,pathogenic,CRB2,730.0
Q5IJ48,M730D,0.3674,ambiguous,CRB2,730.0
Q5IJ48,M730E,0.1694,benign,CRB2,730.0
Q5IJ48,M730F,0.2239,benign,CRB2,730.0
Q5IJ48,M730G,0.2517,benign,CRB2,730.0
Q5IJ48,M730H,0.2094,benign,CRB2,730.0
Q5IJ48,M730I,0.1881,benign,CRB2,730.0
Q5IJ48,M730K,0.1232,benign,CRB2,730.0
Q5IJ48,M730L,0.0953,benign,CRB2,730.0
Q5IJ48,M730N,0.2012,benign,CRB2,730.0
Q5IJ48,M730P,0.383,ambiguous,CRB2,730.0
Q5IJ48,M730Q,0.1179,benign,CRB2,730.0
Q5IJ48,M730R,0.0894,benign,CRB2,730.0
Q5IJ48,M730S,0.1235,benign,CRB2,730.0
Q5IJ48,M730T,0.05,benign,CRB2,730.0
Q5IJ48,M730V,0.076,benign,CRB2,730.0
Q5IJ48,M730W,0.335,benign,CRB2,730.0
Q5IJ48,M730Y,0.371,ambiguous,CRB2,730.0
Q5IJ48,L731A,0.5435,ambiguous,CRB2,731.0
Q5IJ48,L731C,0.8356,pathogenic,CRB2,731.0
Q5IJ48,L731D,0.9379,pathogenic,CRB2,731.0
Q5IJ48,L731E,0.7825,pathogenic,CRB2,731.0
Q5IJ48,L731F,0.2406,benign,CRB2,731.0
Q5IJ48,L731G,0.7955,pathogenic,CRB2,731.0
Q5IJ48,L731H,0.7091,pathogenic,CRB2,731.0
Q5IJ48,L731I,0.1564,benign,CRB2,731.0
Q5IJ48,L731K,0.8158,pathogenic,CRB2,731.0
Q5IJ48,L731M,0.2384,benign,CRB2,731.0
Q5IJ48,L731N,0.8834,pathogenic,CRB2,731.0
Q5IJ48,L731P,0.7645,pathogenic,CRB2,731.0
Q5IJ48,L731Q,0.5736,pathogenic,CRB2,731.0
Q5IJ48,L731R,0.568,pathogenic,CRB2,731.0
Q5IJ48,L731S,0.8159,pathogenic,CRB2,731.0
Q5IJ48,L731T,0.6858,pathogenic,CRB2,731.0
Q5IJ48,L731V,0.1424,benign,CRB2,731.0
Q5IJ48,L731W,0.4582,ambiguous,CRB2,731.0
Q5IJ48,L731Y,0.6721,pathogenic,CRB2,731.0
Q5IJ48,S732A,0.1141,benign,CRB2,732.0
Q5IJ48,S732C,0.2235,benign,CRB2,732.0
Q5IJ48,S732D,0.2172,benign,CRB2,732.0
Q5IJ48,S732E,0.3227,benign,CRB2,732.0
Q5IJ48,S732F,0.2805,benign,CRB2,732.0
Q5IJ48,S732G,0.0911,benign,CRB2,732.0
Q5IJ48,S732H,0.1621,benign,CRB2,732.0
Q5IJ48,S732I,0.1896,benign,CRB2,732.0
Q5IJ48,S732K,0.4173,ambiguous,CRB2,732.0
Q5IJ48,S732L,0.1887,benign,CRB2,732.0
Q5IJ48,S732M,0.3236,benign,CRB2,732.0
Q5IJ48,S732N,0.1262,benign,CRB2,732.0
Q5IJ48,S732P,0.2655,benign,CRB2,732.0
Q5IJ48,S732Q,0.2676,benign,CRB2,732.0
Q5IJ48,S732R,0.2177,benign,CRB2,732.0
Q5IJ48,S732T,0.1031,benign,CRB2,732.0
Q5IJ48,S732V,0.2235,benign,CRB2,732.0
Q5IJ48,S732W,0.2593,benign,CRB2,732.0
Q5IJ48,S732Y,0.2105,benign,CRB2,732.0
Q5IJ48,F733A,0.5569,ambiguous,CRB2,733.0
Q5IJ48,F733C,0.5794,pathogenic,CRB2,733.0
Q5IJ48,F733D,0.9253,pathogenic,CRB2,733.0
Q5IJ48,F733E,0.9218,pathogenic,CRB2,733.0
Q5IJ48,F733G,0.8024,pathogenic,CRB2,733.0
Q5IJ48,F733H,0.8033,pathogenic,CRB2,733.0
Q5IJ48,F733I,0.2909,benign,CRB2,733.0
Q5IJ48,F733K,0.9473,pathogenic,CRB2,733.0
Q5IJ48,F733L,0.7581,pathogenic,CRB2,733.0
Q5IJ48,F733M,0.6231,pathogenic,CRB2,733.0
Q5IJ48,F733N,0.9075,pathogenic,CRB2,733.0
Q5IJ48,F733P,0.935,pathogenic,CRB2,733.0
Q5IJ48,F733Q,0.8906,pathogenic,CRB2,733.0
Q5IJ48,F733R,0.8345,pathogenic,CRB2,733.0
Q5IJ48,F733S,0.5894,pathogenic,CRB2,733.0
Q5IJ48,F733T,0.6223,pathogenic,CRB2,733.0
Q5IJ48,F733V,0.2496,benign,CRB2,733.0
Q5IJ48,F733W,0.4798,ambiguous,CRB2,733.0
Q5IJ48,F733Y,0.3938,ambiguous,CRB2,733.0
Q5IJ48,G734A,0.1153,benign,CRB2,734.0
Q5IJ48,G734C,0.2486,benign,CRB2,734.0
Q5IJ48,G734D,0.1473,benign,CRB2,734.0
Q5IJ48,G734E,0.136,benign,CRB2,734.0
Q5IJ48,G734F,0.3747,ambiguous,CRB2,734.0
Q5IJ48,G734H,0.2074,benign,CRB2,734.0
Q5IJ48,G734I,0.2305,benign,CRB2,734.0
Q5IJ48,G734K,0.2902,benign,CRB2,734.0
Q5IJ48,G734L,0.2306,benign,CRB2,734.0
Q5IJ48,G734M,0.3882,ambiguous,CRB2,734.0
Q5IJ48,G734N,0.2822,benign,CRB2,734.0
Q5IJ48,G734P,0.3369,benign,CRB2,734.0
Q5IJ48,G734Q,0.1871,benign,CRB2,734.0
Q5IJ48,G734R,0.1595,benign,CRB2,734.0
Q5IJ48,G734S,0.1028,benign,CRB2,734.0
Q5IJ48,G734T,0.1466,benign,CRB2,734.0
Q5IJ48,G734V,0.1585,benign,CRB2,734.0
Q5IJ48,G734W,0.236,benign,CRB2,734.0
Q5IJ48,G734Y,0.3215,benign,CRB2,734.0
Q5IJ48,P735A,0.0642,benign,CRB2,735.0
Q5IJ48,P735C,0.4309,ambiguous,CRB2,735.0
Q5IJ48,P735D,0.2139,benign,CRB2,735.0
Q5IJ48,P735E,0.147,benign,CRB2,735.0
Q5IJ48,P735F,0.3378,benign,CRB2,735.0
Q5IJ48,P735G,0.1606,benign,CRB2,735.0
Q5IJ48,P735H,0.1277,benign,CRB2,735.0
Q5IJ48,P735I,0.2597,benign,CRB2,735.0
Q5IJ48,P735K,0.19,benign,CRB2,735.0
Q5IJ48,P735L,0.1048,benign,CRB2,735.0
Q5IJ48,P735M,0.241,benign,CRB2,735.0
Q5IJ48,P735N,0.2317,benign,CRB2,735.0
Q5IJ48,P735Q,0.1029,benign,CRB2,735.0
Q5IJ48,P735R,0.0922,benign,CRB2,735.0
Q5IJ48,P735S,0.0795,benign,CRB2,735.0
Q5IJ48,P735T,0.0777,benign,CRB2,735.0
Q5IJ48,P735V,0.1629,benign,CRB2,735.0
Q5IJ48,P735W,0.3214,benign,CRB2,735.0
Q5IJ48,P735Y,0.3263,benign,CRB2,735.0
Q5IJ48,D736A,0.0911,benign,CRB2,736.0
Q5IJ48,D736C,0.4292,ambiguous,CRB2,736.0
Q5IJ48,D736E,0.0956,benign,CRB2,736.0
Q5IJ48,D736F,0.361,ambiguous,CRB2,736.0
Q5IJ48,D736G,0.0791,benign,CRB2,736.0
Q5IJ48,D736H,0.1222,benign,CRB2,736.0
Q5IJ48,D736I,0.2555,benign,CRB2,736.0
Q5IJ48,D736K,0.1685,benign,CRB2,736.0
Q5IJ48,D736L,0.1921,benign,CRB2,736.0
Q5IJ48,D736M,0.4308,ambiguous,CRB2,736.0
Q5IJ48,D736N,0.0941,benign,CRB2,736.0
Q5IJ48,D736P,0.2708,benign,CRB2,736.0
Q5IJ48,D736Q,0.1312,benign,CRB2,736.0
Q5IJ48,D736R,0.1317,benign,CRB2,736.0
Q5IJ48,D736S,0.0874,benign,CRB2,736.0
Q5IJ48,D736T,0.158,benign,CRB2,736.0
Q5IJ48,D736V,0.1389,benign,CRB2,736.0
Q5IJ48,D736W,0.5116,ambiguous,CRB2,736.0
Q5IJ48,D736Y,0.1439,benign,CRB2,736.0
Q5IJ48,Q737A,0.1307,benign,CRB2,737.0
Q5IJ48,Q737C,0.5422,ambiguous,CRB2,737.0
Q5IJ48,Q737D,0.2056,benign,CRB2,737.0
Q5IJ48,Q737E,0.077,benign,CRB2,737.0
Q5IJ48,Q737F,0.4668,ambiguous,CRB2,737.0
Q5IJ48,Q737G,0.151,benign,CRB2,737.0
Q5IJ48,Q737H,0.1387,benign,CRB2,737.0
Q5IJ48,Q737I,0.2889,benign,CRB2,737.0
Q5IJ48,Q737K,0.1242,benign,CRB2,737.0
Q5IJ48,Q737L,0.0994,benign,CRB2,737.0
Q5IJ48,Q737M,0.3257,benign,CRB2,737.0
Q5IJ48,Q737N,0.2427,benign,CRB2,737.0
Q5IJ48,Q737P,0.1021,benign,CRB2,737.0
Q5IJ48,Q737R,0.0721,benign,CRB2,737.0
Q5IJ48,Q737S,0.1547,benign,CRB2,737.0
Q5IJ48,Q737T,0.1528,benign,CRB2,737.0
Q5IJ48,Q737V,0.1724,benign,CRB2,737.0
Q5IJ48,Q737W,0.266,benign,CRB2,737.0
Q5IJ48,Q737Y,0.3125,benign,CRB2,737.0
Q5IJ48,L738A,0.2687,benign,CRB2,738.0
Q5IJ48,L738C,0.5974,pathogenic,CRB2,738.0
Q5IJ48,L738D,0.6317,pathogenic,CRB2,738.0
Q5IJ48,L738E,0.3229,benign,CRB2,738.0
Q5IJ48,L738F,0.18,benign,CRB2,738.0
Q5IJ48,L738G,0.4014,ambiguous,CRB2,738.0
Q5IJ48,L738H,0.2954,benign,CRB2,738.0
Q5IJ48,L738I,0.1397,benign,CRB2,738.0
Q5IJ48,L738K,0.3484,ambiguous,CRB2,738.0
Q5IJ48,L738M,0.172,benign,CRB2,738.0
Q5IJ48,L738N,0.4982,ambiguous,CRB2,738.0
Q5IJ48,L738P,0.1951,benign,CRB2,738.0
Q5IJ48,L738Q,0.1773,benign,CRB2,738.0
Q5IJ48,L738R,0.166,benign,CRB2,738.0
Q5IJ48,L738S,0.3607,ambiguous,CRB2,738.0
Q5IJ48,L738T,0.3204,benign,CRB2,738.0
Q5IJ48,L738V,0.1196,benign,CRB2,738.0
Q5IJ48,L738W,0.1722,benign,CRB2,738.0
Q5IJ48,L738Y,0.3912,ambiguous,CRB2,738.0
Q5IJ48,Q739A,0.1219,benign,CRB2,739.0
Q5IJ48,Q739C,0.4867,ambiguous,CRB2,739.0
Q5IJ48,Q739D,0.2174,benign,CRB2,739.0
Q5IJ48,Q739E,0.0779,benign,CRB2,739.0
Q5IJ48,Q739F,0.5039,ambiguous,CRB2,739.0
Q5IJ48,Q739G,0.1241,benign,CRB2,739.0
Q5IJ48,Q739H,0.1474,benign,CRB2,739.0
Q5IJ48,Q739I,0.3333,benign,CRB2,739.0
Q5IJ48,Q739K,0.0953,benign,CRB2,739.0
Q5IJ48,Q739L,0.1036,benign,CRB2,739.0
Q5IJ48,Q739M,0.3271,benign,CRB2,739.0
Q5IJ48,Q739N,0.2503,benign,CRB2,739.0
Q5IJ48,Q739P,0.0635,benign,CRB2,739.0
Q5IJ48,Q739R,0.064,benign,CRB2,739.0
Q5IJ48,Q739S,0.1498,benign,CRB2,739.0
Q5IJ48,Q739T,0.1616,benign,CRB2,739.0
Q5IJ48,Q739V,0.1912,benign,CRB2,739.0
Q5IJ48,Q739W,0.1893,benign,CRB2,739.0
Q5IJ48,Q739Y,0.3128,benign,CRB2,739.0
Q5IJ48,D740A,0.089,benign,CRB2,740.0
Q5IJ48,D740C,0.3788,ambiguous,CRB2,740.0
Q5IJ48,D740E,0.1204,benign,CRB2,740.0
Q5IJ48,D740F,0.2948,benign,CRB2,740.0
Q5IJ48,D740G,0.0682,benign,CRB2,740.0
Q5IJ48,D740H,0.125,benign,CRB2,740.0
Q5IJ48,D740I,0.2169,benign,CRB2,740.0
Q5IJ48,D740K,0.2013,benign,CRB2,740.0
Q5IJ48,D740L,0.1738,benign,CRB2,740.0
Q5IJ48,D740M,0.3819,ambiguous,CRB2,740.0
Q5IJ48,D740N,0.0894,benign,CRB2,740.0
Q5IJ48,D740P,0.2298,benign,CRB2,740.0
Q5IJ48,D740Q,0.1583,benign,CRB2,740.0
Q5IJ48,D740R,0.1557,benign,CRB2,740.0
Q5IJ48,D740S,0.0896,benign,CRB2,740.0
Q5IJ48,D740T,0.1517,benign,CRB2,740.0
Q5IJ48,D740V,0.1191,benign,CRB2,740.0
Q5IJ48,D740W,0.4738,ambiguous,CRB2,740.0
Q5IJ48,D740Y,0.1095,benign,CRB2,740.0
Q5IJ48,L741A,0.1188,benign,CRB2,741.0
Q5IJ48,L741C,0.4912,ambiguous,CRB2,741.0
Q5IJ48,L741D,0.4632,ambiguous,CRB2,741.0
Q5IJ48,L741E,0.2542,benign,CRB2,741.0
Q5IJ48,L741F,0.13,benign,CRB2,741.0
Q5IJ48,L741G,0.2547,benign,CRB2,741.0
Q5IJ48,L741H,0.2269,benign,CRB2,741.0
Q5IJ48,L741I,0.1074,benign,CRB2,741.0
Q5IJ48,L741K,0.2858,benign,CRB2,741.0
Q5IJ48,L741M,0.1362,benign,CRB2,741.0
Q5IJ48,L741N,0.3772,ambiguous,CRB2,741.0
Q5IJ48,L741P,0.1002,benign,CRB2,741.0
Q5IJ48,L741Q,0.1535,benign,CRB2,741.0
Q5IJ48,L741R,0.1288,benign,CRB2,741.0
Q5IJ48,L741S,0.1747,benign,CRB2,741.0
Q5IJ48,L741T,0.1339,benign,CRB2,741.0
Q5IJ48,L741V,0.0869,benign,CRB2,741.0
Q5IJ48,L741W,0.1474,benign,CRB2,741.0
Q5IJ48,L741Y,0.3458,ambiguous,CRB2,741.0
Q5IJ48,G742A,0.1632,benign,CRB2,742.0
Q5IJ48,G742C,0.3386,benign,CRB2,742.0
Q5IJ48,G742D,0.2483,benign,CRB2,742.0
Q5IJ48,G742E,0.2516,benign,CRB2,742.0
Q5IJ48,G742F,0.5731,pathogenic,CRB2,742.0
Q5IJ48,G742H,0.4049,ambiguous,CRB2,742.0
Q5IJ48,G742I,0.3851,ambiguous,CRB2,742.0
Q5IJ48,G742K,0.5371,ambiguous,CRB2,742.0
Q5IJ48,G742L,0.377,ambiguous,CRB2,742.0
Q5IJ48,G742M,0.5835,pathogenic,CRB2,742.0
Q5IJ48,G742N,0.427,ambiguous,CRB2,742.0
Q5IJ48,G742P,0.4124,ambiguous,CRB2,742.0
Q5IJ48,G742Q,0.3297,benign,CRB2,742.0
Q5IJ48,G742R,0.3107,benign,CRB2,742.0
Q5IJ48,G742S,0.1313,benign,CRB2,742.0
Q5IJ48,G742T,0.2526,benign,CRB2,742.0
Q5IJ48,G742V,0.2544,benign,CRB2,742.0
Q5IJ48,G742W,0.3235,benign,CRB2,742.0
Q5IJ48,G742Y,0.4927,ambiguous,CRB2,742.0
Q5IJ48,Q743A,0.1571,benign,CRB2,743.0
Q5IJ48,Q743C,0.5429,ambiguous,CRB2,743.0
Q5IJ48,Q743D,0.271,benign,CRB2,743.0
Q5IJ48,Q743E,0.0911,benign,CRB2,743.0
Q5IJ48,Q743F,0.5208,ambiguous,CRB2,743.0
Q5IJ48,Q743G,0.1551,benign,CRB2,743.0
Q5IJ48,Q743H,0.1806,benign,CRB2,743.0
Q5IJ48,Q743I,0.3676,ambiguous,CRB2,743.0
Q5IJ48,Q743K,0.1072,benign,CRB2,743.0
Q5IJ48,Q743L,0.1118,benign,CRB2,743.0
Q5IJ48,Q743M,0.3335,benign,CRB2,743.0
Q5IJ48,Q743N,0.2691,benign,CRB2,743.0
Q5IJ48,Q743P,0.086,benign,CRB2,743.0
Q5IJ48,Q743R,0.0689,benign,CRB2,743.0
Q5IJ48,Q743S,0.1642,benign,CRB2,743.0
Q5IJ48,Q743T,0.1831,benign,CRB2,743.0
Q5IJ48,Q743V,0.2202,benign,CRB2,743.0
Q5IJ48,Q743W,0.2449,benign,CRB2,743.0
Q5IJ48,Q743Y,0.3426,ambiguous,CRB2,743.0
Q5IJ48,H744A,0.0996,benign,CRB2,744.0
Q5IJ48,H744C,0.2046,benign,CRB2,744.0
Q5IJ48,H744D,0.095,benign,CRB2,744.0
Q5IJ48,H744E,0.0801,benign,CRB2,744.0
Q5IJ48,H744F,0.1949,benign,CRB2,744.0
Q5IJ48,H744G,0.1164,benign,CRB2,744.0
Q5IJ48,H744I,0.1766,benign,CRB2,744.0
Q5IJ48,H744K,0.1246,benign,CRB2,744.0
Q5IJ48,H744L,0.0734,benign,CRB2,744.0
Q5IJ48,H744M,0.2293,benign,CRB2,744.0
Q5IJ48,H744N,0.0828,benign,CRB2,744.0
Q5IJ48,H744P,0.1016,benign,CRB2,744.0
Q5IJ48,H744Q,0.0662,benign,CRB2,744.0
Q5IJ48,H744R,0.0592,benign,CRB2,744.0
Q5IJ48,H744S,0.1024,benign,CRB2,744.0
Q5IJ48,H744T,0.1089,benign,CRB2,744.0
Q5IJ48,H744V,0.1145,benign,CRB2,744.0
Q5IJ48,H744W,0.1432,benign,CRB2,744.0
Q5IJ48,H744Y,0.0845,benign,CRB2,744.0
Q5IJ48,V745A,0.3803,ambiguous,CRB2,745.0
Q5IJ48,V745C,0.853,pathogenic,CRB2,745.0
Q5IJ48,V745D,0.9253,pathogenic,CRB2,745.0
Q5IJ48,V745E,0.8091,pathogenic,CRB2,745.0
Q5IJ48,V745F,0.2659,benign,CRB2,745.0
Q5IJ48,V745G,0.4586,ambiguous,CRB2,745.0
Q5IJ48,V745H,0.9188,pathogenic,CRB2,745.0
Q5IJ48,V745I,0.0925,benign,CRB2,745.0
Q5IJ48,V745K,0.8804,pathogenic,CRB2,745.0
Q5IJ48,V745L,0.1321,benign,CRB2,745.0
Q5IJ48,V745M,0.2081,benign,CRB2,745.0
Q5IJ48,V745N,0.8921,pathogenic,CRB2,745.0
Q5IJ48,V745P,0.844,pathogenic,CRB2,745.0
Q5IJ48,V745Q,0.7664,pathogenic,CRB2,745.0
Q5IJ48,V745R,0.7314,pathogenic,CRB2,745.0
Q5IJ48,V745S,0.6855,pathogenic,CRB2,745.0
Q5IJ48,V745T,0.5977,pathogenic,CRB2,745.0
Q5IJ48,V745W,0.8157,pathogenic,CRB2,745.0
Q5IJ48,V745Y,0.7915,pathogenic,CRB2,745.0
Q5IJ48,H746A,0.2651,benign,CRB2,746.0
Q5IJ48,H746C,0.3161,benign,CRB2,746.0
Q5IJ48,H746D,0.2456,benign,CRB2,746.0
Q5IJ48,H746E,0.2829,benign,CRB2,746.0
Q5IJ48,H746F,0.1884,benign,CRB2,746.0
Q5IJ48,H746G,0.3604,ambiguous,CRB2,746.0
Q5IJ48,H746I,0.2782,benign,CRB2,746.0
Q5IJ48,H746K,0.4014,ambiguous,CRB2,746.0
Q5IJ48,H746L,0.0946,benign,CRB2,746.0
Q5IJ48,H746M,0.4336,ambiguous,CRB2,746.0
Q5IJ48,H746N,0.1689,benign,CRB2,746.0
Q5IJ48,H746P,0.3899,ambiguous,CRB2,746.0
Q5IJ48,H746Q,0.1897,benign,CRB2,746.0
Q5IJ48,H746R,0.1217,benign,CRB2,746.0
Q5IJ48,H746S,0.2259,benign,CRB2,746.0
Q5IJ48,H746T,0.284,benign,CRB2,746.0
Q5IJ48,H746V,0.2144,benign,CRB2,746.0
Q5IJ48,H746W,0.2241,benign,CRB2,746.0
Q5IJ48,H746Y,0.0835,benign,CRB2,746.0
Q5IJ48,V747A,0.232,benign,CRB2,747.0
Q5IJ48,V747C,0.9346,pathogenic,CRB2,747.0
Q5IJ48,V747D,0.9583,pathogenic,CRB2,747.0
Q5IJ48,V747E,0.8889,pathogenic,CRB2,747.0
Q5IJ48,V747F,0.4618,ambiguous,CRB2,747.0
Q5IJ48,V747G,0.5437,ambiguous,CRB2,747.0
Q5IJ48,V747H,0.9671,pathogenic,CRB2,747.0
Q5IJ48,V747I,0.117,benign,CRB2,747.0
Q5IJ48,V747K,0.9479,pathogenic,CRB2,747.0
Q5IJ48,V747L,0.3433,ambiguous,CRB2,747.0
Q5IJ48,V747M,0.3559,ambiguous,CRB2,747.0
Q5IJ48,V747N,0.9485,pathogenic,CRB2,747.0
Q5IJ48,V747P,0.9004,pathogenic,CRB2,747.0
Q5IJ48,V747Q,0.9041,pathogenic,CRB2,747.0
Q5IJ48,V747R,0.8761,pathogenic,CRB2,747.0
Q5IJ48,V747S,0.6673,pathogenic,CRB2,747.0
Q5IJ48,V747T,0.4018,ambiguous,CRB2,747.0
Q5IJ48,V747W,0.9498,pathogenic,CRB2,747.0
Q5IJ48,V747Y,0.9285,pathogenic,CRB2,747.0
Q5IJ48,G748A,0.3656,ambiguous,CRB2,748.0
Q5IJ48,G748C,0.8426,pathogenic,CRB2,748.0
Q5IJ48,G748D,0.901,pathogenic,CRB2,748.0
Q5IJ48,G748E,0.9255,pathogenic,CRB2,748.0
Q5IJ48,G748F,0.9642,pathogenic,CRB2,748.0
Q5IJ48,G748H,0.9704,pathogenic,CRB2,748.0
Q5IJ48,G748I,0.9333,pathogenic,CRB2,748.0
Q5IJ48,G748K,0.9748,pathogenic,CRB2,748.0
Q5IJ48,G748L,0.8968,pathogenic,CRB2,748.0
Q5IJ48,G748M,0.955,pathogenic,CRB2,748.0
Q5IJ48,G748N,0.9394,pathogenic,CRB2,748.0
Q5IJ48,G748P,0.965,pathogenic,CRB2,748.0
Q5IJ48,G748Q,0.9401,pathogenic,CRB2,748.0
Q5IJ48,G748R,0.8994,pathogenic,CRB2,748.0
Q5IJ48,G748S,0.4802,ambiguous,CRB2,748.0
Q5IJ48,G748T,0.8155,pathogenic,CRB2,748.0
Q5IJ48,G748V,0.8569,pathogenic,CRB2,748.0
Q5IJ48,G748W,0.9257,pathogenic,CRB2,748.0
Q5IJ48,G748Y,0.9674,pathogenic,CRB2,748.0
Q5IJ48,G749A,0.2389,benign,CRB2,749.0
Q5IJ48,G749C,0.5106,ambiguous,CRB2,749.0
Q5IJ48,G749D,0.3862,ambiguous,CRB2,749.0
Q5IJ48,G749E,0.3884,ambiguous,CRB2,749.0
Q5IJ48,G749F,0.7188,pathogenic,CRB2,749.0
Q5IJ48,G749H,0.5944,pathogenic,CRB2,749.0
Q5IJ48,G749I,0.6114,pathogenic,CRB2,749.0
Q5IJ48,G749K,0.7057,pathogenic,CRB2,749.0
Q5IJ48,G749L,0.624,pathogenic,CRB2,749.0
Q5IJ48,G749M,0.7043,pathogenic,CRB2,749.0
Q5IJ48,G749N,0.506,ambiguous,CRB2,749.0
Q5IJ48,G749P,0.9127,pathogenic,CRB2,749.0
Q5IJ48,G749Q,0.4586,ambiguous,CRB2,749.0
Q5IJ48,G749R,0.4751,ambiguous,CRB2,749.0
Q5IJ48,G749S,0.1245,benign,CRB2,749.0
Q5IJ48,G749T,0.352,ambiguous,CRB2,749.0
Q5IJ48,G749V,0.4652,ambiguous,CRB2,749.0
Q5IJ48,G749W,0.534,ambiguous,CRB2,749.0
Q5IJ48,G749Y,0.6437,pathogenic,CRB2,749.0
Q5IJ48,R750A,0.1874,benign,CRB2,750.0
Q5IJ48,R750C,0.1836,benign,CRB2,750.0
Q5IJ48,R750D,0.3217,benign,CRB2,750.0
Q5IJ48,R750E,0.1931,benign,CRB2,750.0
Q5IJ48,R750F,0.282,benign,CRB2,750.0
Q5IJ48,R750G,0.1051,benign,CRB2,750.0
Q5IJ48,R750H,0.0925,benign,CRB2,750.0
Q5IJ48,R750I,0.1874,benign,CRB2,750.0
Q5IJ48,R750K,0.13,benign,CRB2,750.0
Q5IJ48,R750L,0.1121,benign,CRB2,750.0
Q5IJ48,R750M,0.1864,benign,CRB2,750.0
Q5IJ48,R750N,0.3019,benign,CRB2,750.0
Q5IJ48,R750P,0.18,benign,CRB2,750.0
Q5IJ48,R750Q,0.0857,benign,CRB2,750.0
Q5IJ48,R750S,0.193,benign,CRB2,750.0
Q5IJ48,R750T,0.1391,benign,CRB2,750.0
Q5IJ48,R750V,0.2068,benign,CRB2,750.0
Q5IJ48,R750W,0.102,benign,CRB2,750.0
Q5IJ48,R750Y,0.2411,benign,CRB2,750.0
Q5IJ48,L751A,0.1154,benign,CRB2,751.0
Q5IJ48,L751C,0.3622,ambiguous,CRB2,751.0
Q5IJ48,L751D,0.266,benign,CRB2,751.0
Q5IJ48,L751E,0.1412,benign,CRB2,751.0
Q5IJ48,L751F,0.0982,benign,CRB2,751.0
Q5IJ48,L751G,0.2004,benign,CRB2,751.0
Q5IJ48,L751H,0.1297,benign,CRB2,751.0
Q5IJ48,L751I,0.107,benign,CRB2,751.0
Q5IJ48,L751K,0.1649,benign,CRB2,751.0
Q5IJ48,L751M,0.1238,benign,CRB2,751.0
Q5IJ48,L751N,0.2067,benign,CRB2,751.0
Q5IJ48,L751P,0.0609,benign,CRB2,751.0
Q5IJ48,L751Q,0.0815,benign,CRB2,751.0
Q5IJ48,L751R,0.0764,benign,CRB2,751.0
Q5IJ48,L751S,0.1321,benign,CRB2,751.0
Q5IJ48,L751T,0.1367,benign,CRB2,751.0
Q5IJ48,L751V,0.0853,benign,CRB2,751.0
Q5IJ48,L751W,0.1104,benign,CRB2,751.0
Q5IJ48,L751Y,0.2077,benign,CRB2,751.0
Q5IJ48,L752A,0.0781,benign,CRB2,752.0
Q5IJ48,L752C,0.3551,ambiguous,CRB2,752.0
Q5IJ48,L752D,0.1928,benign,CRB2,752.0
Q5IJ48,L752E,0.1028,benign,CRB2,752.0
Q5IJ48,L752F,0.0908,benign,CRB2,752.0
Q5IJ48,L752G,0.1526,benign,CRB2,752.0
Q5IJ48,L752H,0.0964,benign,CRB2,752.0
Q5IJ48,L752I,0.1195,benign,CRB2,752.0
Q5IJ48,L752K,0.139,benign,CRB2,752.0
Q5IJ48,L752M,0.1227,benign,CRB2,752.0
Q5IJ48,L752N,0.1737,benign,CRB2,752.0
Q5IJ48,L752P,0.0473,benign,CRB2,752.0
Q5IJ48,L752Q,0.0649,benign,CRB2,752.0
Q5IJ48,L752R,0.0674,benign,CRB2,752.0
Q5IJ48,L752S,0.0927,benign,CRB2,752.0
Q5IJ48,L752T,0.0948,benign,CRB2,752.0
Q5IJ48,L752V,0.0838,benign,CRB2,752.0
Q5IJ48,L752W,0.0984,benign,CRB2,752.0
Q5IJ48,L752Y,0.207,benign,CRB2,752.0
Q5IJ48,A753C,0.4234,ambiguous,CRB2,753.0
Q5IJ48,A753D,0.0972,benign,CRB2,753.0
Q5IJ48,A753E,0.0921,benign,CRB2,753.0
Q5IJ48,A753F,0.1853,benign,CRB2,753.0
Q5IJ48,A753G,0.0873,benign,CRB2,753.0
Q5IJ48,A753H,0.1949,benign,CRB2,753.0
Q5IJ48,A753I,0.1759,benign,CRB2,753.0
Q5IJ48,A753K,0.1963,benign,CRB2,753.0
Q5IJ48,A753L,0.0874,benign,CRB2,753.0
Q5IJ48,A753M,0.1548,benign,CRB2,753.0
Q5IJ48,A753N,0.1507,benign,CRB2,753.0
Q5IJ48,A753P,0.0458,benign,CRB2,753.0
Q5IJ48,A753Q,0.1319,benign,CRB2,753.0
Q5IJ48,A753R,0.1387,benign,CRB2,753.0
Q5IJ48,A753S,0.0778,benign,CRB2,753.0
Q5IJ48,A753T,0.0818,benign,CRB2,753.0
Q5IJ48,A753V,0.0905,benign,CRB2,753.0
Q5IJ48,A753W,0.277,benign,CRB2,753.0
Q5IJ48,A753Y,0.2445,benign,CRB2,753.0
Q5IJ48,A754C,0.5005,ambiguous,CRB2,754.0
Q5IJ48,A754D,0.1163,benign,CRB2,754.0
Q5IJ48,A754E,0.1127,benign,CRB2,754.0
Q5IJ48,A754F,0.2329,benign,CRB2,754.0
Q5IJ48,A754G,0.0876,benign,CRB2,754.0
Q5IJ48,A754H,0.2862,benign,CRB2,754.0
Q5IJ48,A754I,0.2012,benign,CRB2,754.0
Q5IJ48,A754K,0.2135,benign,CRB2,754.0
Q5IJ48,A754L,0.1296,benign,CRB2,754.0
Q5IJ48,A754M,0.1741,benign,CRB2,754.0
Q5IJ48,A754N,0.1744,benign,CRB2,754.0
Q5IJ48,A754P,0.098,benign,CRB2,754.0
Q5IJ48,A754Q,0.1847,benign,CRB2,754.0
Q5IJ48,A754R,0.161,benign,CRB2,754.0
Q5IJ48,A754S,0.0863,benign,CRB2,754.0
Q5IJ48,A754T,0.0784,benign,CRB2,754.0
Q5IJ48,A754V,0.0976,benign,CRB2,754.0
Q5IJ48,A754W,0.374,ambiguous,CRB2,754.0
Q5IJ48,A754Y,0.3271,benign,CRB2,754.0
Q5IJ48,D755A,0.1112,benign,CRB2,755.0
Q5IJ48,D755C,0.5926,pathogenic,CRB2,755.0
Q5IJ48,D755E,0.1538,benign,CRB2,755.0
Q5IJ48,D755F,0.4244,ambiguous,CRB2,755.0
Q5IJ48,D755G,0.1076,benign,CRB2,755.0
Q5IJ48,D755H,0.1862,benign,CRB2,755.0
Q5IJ48,D755I,0.3132,benign,CRB2,755.0
Q5IJ48,D755K,0.2974,benign,CRB2,755.0
Q5IJ48,D755L,0.2783,benign,CRB2,755.0
Q5IJ48,D755M,0.5695,pathogenic,CRB2,755.0
Q5IJ48,D755N,0.1124,benign,CRB2,755.0
Q5IJ48,D755P,0.2987,benign,CRB2,755.0
Q5IJ48,D755Q,0.2227,benign,CRB2,755.0
Q5IJ48,D755R,0.2255,benign,CRB2,755.0
Q5IJ48,D755S,0.1036,benign,CRB2,755.0
Q5IJ48,D755T,0.1966,benign,CRB2,755.0
Q5IJ48,D755V,0.1788,benign,CRB2,755.0
Q5IJ48,D755W,0.6708,pathogenic,CRB2,755.0
Q5IJ48,D755Y,0.1854,benign,CRB2,755.0
Q5IJ48,S756A,0.0689,benign,CRB2,756.0
Q5IJ48,S756C,0.1475,benign,CRB2,756.0
Q5IJ48,S756D,0.2774,benign,CRB2,756.0
Q5IJ48,S756E,0.3286,benign,CRB2,756.0
Q5IJ48,S756F,0.1831,benign,CRB2,756.0
Q5IJ48,S756G,0.0876,benign,CRB2,756.0
Q5IJ48,S756H,0.2672,benign,CRB2,756.0
Q5IJ48,S756I,0.1528,benign,CRB2,756.0
Q5IJ48,S756K,0.5571,ambiguous,CRB2,756.0
Q5IJ48,S756L,0.1044,benign,CRB2,756.0
Q5IJ48,S756M,0.2062,benign,CRB2,756.0
Q5IJ48,S756N,0.1773,benign,CRB2,756.0
Q5IJ48,S756P,0.1526,benign,CRB2,756.0
Q5IJ48,S756Q,0.3409,ambiguous,CRB2,756.0
Q5IJ48,S756R,0.3575,ambiguous,CRB2,756.0
Q5IJ48,S756T,0.0841,benign,CRB2,756.0
Q5IJ48,S756V,0.146,benign,CRB2,756.0
Q5IJ48,S756W,0.2084,benign,CRB2,756.0
Q5IJ48,S756Y,0.1763,benign,CRB2,756.0
Q5IJ48,Q757A,0.1162,benign,CRB2,757.0
Q5IJ48,Q757C,0.5319,ambiguous,CRB2,757.0
Q5IJ48,Q757D,0.2262,benign,CRB2,757.0
Q5IJ48,Q757E,0.0741,benign,CRB2,757.0
Q5IJ48,Q757F,0.4286,ambiguous,CRB2,757.0
Q5IJ48,Q757G,0.1254,benign,CRB2,757.0
Q5IJ48,Q757H,0.1476,benign,CRB2,757.0
Q5IJ48,Q757I,0.2603,benign,CRB2,757.0
Q5IJ48,Q757K,0.0993,benign,CRB2,757.0
Q5IJ48,Q757L,0.0869,benign,CRB2,757.0
Q5IJ48,Q757M,0.2919,benign,CRB2,757.0
Q5IJ48,Q757N,0.2439,benign,CRB2,757.0
Q5IJ48,Q757P,0.0931,benign,CRB2,757.0
Q5IJ48,Q757R,0.0665,benign,CRB2,757.0
Q5IJ48,Q757S,0.1349,benign,CRB2,757.0
Q5IJ48,Q757T,0.1445,benign,CRB2,757.0
Q5IJ48,Q757V,0.149,benign,CRB2,757.0
Q5IJ48,Q757W,0.2419,benign,CRB2,757.0
Q5IJ48,Q757Y,0.3108,benign,CRB2,757.0
Q5IJ48,P758A,0.0697,benign,CRB2,758.0
Q5IJ48,P758C,0.4564,ambiguous,CRB2,758.0
Q5IJ48,P758D,0.2142,benign,CRB2,758.0
Q5IJ48,P758E,0.1571,benign,CRB2,758.0
Q5IJ48,P758F,0.2859,benign,CRB2,758.0
Q5IJ48,P758G,0.1667,benign,CRB2,758.0
Q5IJ48,P758H,0.1286,benign,CRB2,758.0
Q5IJ48,P758I,0.193,benign,CRB2,758.0
Q5IJ48,P758K,0.1966,benign,CRB2,758.0
Q5IJ48,P758L,0.0819,benign,CRB2,758.0
Q5IJ48,P758M,0.2476,benign,CRB2,758.0
Q5IJ48,P758N,0.2118,benign,CRB2,758.0
Q5IJ48,P758Q,0.1099,benign,CRB2,758.0
Q5IJ48,P758R,0.092,benign,CRB2,758.0
Q5IJ48,P758S,0.0918,benign,CRB2,758.0
Q5IJ48,P758T,0.0941,benign,CRB2,758.0
Q5IJ48,P758V,0.1316,benign,CRB2,758.0
Q5IJ48,P758W,0.2976,benign,CRB2,758.0
Q5IJ48,P758Y,0.2715,benign,CRB2,758.0
Q5IJ48,W759A,0.4078,ambiguous,CRB2,759.0
Q5IJ48,W759C,0.8816,pathogenic,CRB2,759.0
Q5IJ48,W759D,0.7891,pathogenic,CRB2,759.0
Q5IJ48,W759E,0.6991,pathogenic,CRB2,759.0
Q5IJ48,W759F,0.3344,benign,CRB2,759.0
Q5IJ48,W759G,0.2542,benign,CRB2,759.0
Q5IJ48,W759H,0.7281,pathogenic,CRB2,759.0
Q5IJ48,W759I,0.7787,pathogenic,CRB2,759.0
Q5IJ48,W759K,0.8649,pathogenic,CRB2,759.0
Q5IJ48,W759L,0.5161,ambiguous,CRB2,759.0
Q5IJ48,W759M,0.8053,pathogenic,CRB2,759.0
Q5IJ48,W759N,0.8395,pathogenic,CRB2,759.0
Q5IJ48,W759P,0.7387,pathogenic,CRB2,759.0
Q5IJ48,W759Q,0.7414,pathogenic,CRB2,759.0
Q5IJ48,W759R,0.7024,pathogenic,CRB2,759.0
Q5IJ48,W759S,0.3193,benign,CRB2,759.0
Q5IJ48,W759T,0.5785,pathogenic,CRB2,759.0
Q5IJ48,W759V,0.6237,pathogenic,CRB2,759.0
Q5IJ48,W759Y,0.5793,pathogenic,CRB2,759.0
Q5IJ48,G760A,0.272,benign,CRB2,760.0
Q5IJ48,G760C,0.6717,pathogenic,CRB2,760.0
Q5IJ48,G760D,0.333,benign,CRB2,760.0
Q5IJ48,G760E,0.3401,ambiguous,CRB2,760.0
Q5IJ48,G760F,0.8025,pathogenic,CRB2,760.0
Q5IJ48,G760H,0.6164,pathogenic,CRB2,760.0
Q5IJ48,G760I,0.6659,pathogenic,CRB2,760.0
Q5IJ48,G760K,0.6295,pathogenic,CRB2,760.0
Q5IJ48,G760L,0.6668,pathogenic,CRB2,760.0
Q5IJ48,G760M,0.7692,pathogenic,CRB2,760.0
Q5IJ48,G760N,0.5096,ambiguous,CRB2,760.0
Q5IJ48,G760P,0.8249,pathogenic,CRB2,760.0
Q5IJ48,G760Q,0.5086,ambiguous,CRB2,760.0
Q5IJ48,G760R,0.4494,ambiguous,CRB2,760.0
Q5IJ48,G760S,0.2171,benign,CRB2,760.0
Q5IJ48,G760T,0.4439,ambiguous,CRB2,760.0
Q5IJ48,G760V,0.5095,ambiguous,CRB2,760.0
Q5IJ48,G760W,0.6356,pathogenic,CRB2,760.0
Q5IJ48,G760Y,0.6945,pathogenic,CRB2,760.0
Q5IJ48,G761A,0.271,benign,CRB2,761.0
Q5IJ48,G761C,0.5642,pathogenic,CRB2,761.0
Q5IJ48,G761D,0.3248,benign,CRB2,761.0
Q5IJ48,G761E,0.2993,benign,CRB2,761.0
Q5IJ48,G761F,0.5891,pathogenic,CRB2,761.0
Q5IJ48,G761H,0.4791,ambiguous,CRB2,761.0
Q5IJ48,G761I,0.4595,ambiguous,CRB2,761.0
Q5IJ48,G761K,0.4749,ambiguous,CRB2,761.0
Q5IJ48,G761L,0.487,ambiguous,CRB2,761.0
Q5IJ48,G761M,0.6148,pathogenic,CRB2,761.0
Q5IJ48,G761N,0.4556,ambiguous,CRB2,761.0
Q5IJ48,G761P,0.8166,pathogenic,CRB2,761.0
Q5IJ48,G761Q,0.3826,ambiguous,CRB2,761.0
Q5IJ48,G761R,0.3426,ambiguous,CRB2,761.0
Q5IJ48,G761S,0.1638,benign,CRB2,761.0
Q5IJ48,G761T,0.339,benign,CRB2,761.0
Q5IJ48,G761V,0.3533,ambiguous,CRB2,761.0
Q5IJ48,G761W,0.4998,ambiguous,CRB2,761.0
Q5IJ48,G761Y,0.5733,pathogenic,CRB2,761.0
Q5IJ48,P762A,0.078,benign,CRB2,762.0
Q5IJ48,P762C,0.4531,ambiguous,CRB2,762.0
Q5IJ48,P762D,0.2901,benign,CRB2,762.0
Q5IJ48,P762E,0.231,benign,CRB2,762.0
Q5IJ48,P762F,0.2256,benign,CRB2,762.0
Q5IJ48,P762G,0.2087,benign,CRB2,762.0
Q5IJ48,P762H,0.1145,benign,CRB2,762.0
Q5IJ48,P762I,0.2299,benign,CRB2,762.0
Q5IJ48,P762K,0.3158,benign,CRB2,762.0
Q5IJ48,P762L,0.0951,benign,CRB2,762.0
Q5IJ48,P762M,0.2952,benign,CRB2,762.0
Q5IJ48,P762N,0.2528,benign,CRB2,762.0
Q5IJ48,P762Q,0.1356,benign,CRB2,762.0
Q5IJ48,P762R,0.1104,benign,CRB2,762.0
Q5IJ48,P762S,0.0949,benign,CRB2,762.0
Q5IJ48,P762T,0.1055,benign,CRB2,762.0
Q5IJ48,P762V,0.1607,benign,CRB2,762.0
Q5IJ48,P762W,0.2863,benign,CRB2,762.0
Q5IJ48,P762Y,0.2332,benign,CRB2,762.0
Q5IJ48,F763A,0.9706,pathogenic,CRB2,763.0
Q5IJ48,F763C,0.9751,pathogenic,CRB2,763.0
Q5IJ48,F763D,0.9959,pathogenic,CRB2,763.0
Q5IJ48,F763E,0.9944,pathogenic,CRB2,763.0
Q5IJ48,F763G,0.9846,pathogenic,CRB2,763.0
Q5IJ48,F763H,0.9725,pathogenic,CRB2,763.0
Q5IJ48,F763I,0.8171,pathogenic,CRB2,763.0
Q5IJ48,F763K,0.9948,pathogenic,CRB2,763.0
Q5IJ48,F763L,0.9278,pathogenic,CRB2,763.0
Q5IJ48,F763M,0.9225,pathogenic,CRB2,763.0
Q5IJ48,F763N,0.9903,pathogenic,CRB2,763.0
Q5IJ48,F763P,0.9926,pathogenic,CRB2,763.0
Q5IJ48,F763Q,0.987,pathogenic,CRB2,763.0
Q5IJ48,F763R,0.9804,pathogenic,CRB2,763.0
Q5IJ48,F763S,0.9679,pathogenic,CRB2,763.0
Q5IJ48,F763T,0.9853,pathogenic,CRB2,763.0
Q5IJ48,F763V,0.8092,pathogenic,CRB2,763.0
Q5IJ48,F763W,0.843,pathogenic,CRB2,763.0
Q5IJ48,F763Y,0.6403,pathogenic,CRB2,763.0
Q5IJ48,R764A,0.3291,benign,CRB2,764.0
Q5IJ48,R764C,0.2679,benign,CRB2,764.0
Q5IJ48,R764D,0.7078,pathogenic,CRB2,764.0
Q5IJ48,R764E,0.3406,ambiguous,CRB2,764.0
Q5IJ48,R764F,0.5457,ambiguous,CRB2,764.0
Q5IJ48,R764G,0.2401,benign,CRB2,764.0
Q5IJ48,R764H,0.107,benign,CRB2,764.0
Q5IJ48,R764I,0.4068,ambiguous,CRB2,764.0
Q5IJ48,R764K,0.1598,benign,CRB2,764.0
Q5IJ48,R764L,0.213,benign,CRB2,764.0
Q5IJ48,R764M,0.44,ambiguous,CRB2,764.0
Q5IJ48,R764N,0.6495,pathogenic,CRB2,764.0
Q5IJ48,R764P,0.6692,pathogenic,CRB2,764.0
Q5IJ48,R764Q,0.0898,benign,CRB2,764.0
Q5IJ48,R764S,0.3881,ambiguous,CRB2,764.0
Q5IJ48,R764T,0.2647,benign,CRB2,764.0
Q5IJ48,R764V,0.4036,ambiguous,CRB2,764.0
Q5IJ48,R764W,0.1484,benign,CRB2,764.0
Q5IJ48,R764Y,0.4337,ambiguous,CRB2,764.0
Q5IJ48,G765A,0.6848,pathogenic,CRB2,765.0
Q5IJ48,G765C,0.9574,pathogenic,CRB2,765.0
Q5IJ48,G765D,0.9459,pathogenic,CRB2,765.0
Q5IJ48,G765E,0.9634,pathogenic,CRB2,765.0
Q5IJ48,G765F,0.9828,pathogenic,CRB2,765.0
Q5IJ48,G765H,0.9892,pathogenic,CRB2,765.0
Q5IJ48,G765I,0.9677,pathogenic,CRB2,765.0
Q5IJ48,G765K,0.9909,pathogenic,CRB2,765.0
Q5IJ48,G765L,0.9688,pathogenic,CRB2,765.0
Q5IJ48,G765M,0.9894,pathogenic,CRB2,765.0
Q5IJ48,G765N,0.9807,pathogenic,CRB2,765.0
Q5IJ48,G765P,0.9944,pathogenic,CRB2,765.0
Q5IJ48,G765Q,0.9836,pathogenic,CRB2,765.0
Q5IJ48,G765R,0.9657,pathogenic,CRB2,765.0
Q5IJ48,G765S,0.7448,pathogenic,CRB2,765.0
Q5IJ48,G765T,0.9455,pathogenic,CRB2,765.0
Q5IJ48,G765V,0.9233,pathogenic,CRB2,765.0
Q5IJ48,G765W,0.9676,pathogenic,CRB2,765.0
Q5IJ48,G765Y,0.9798,pathogenic,CRB2,765.0
Q5IJ48,C766A,0.9647,pathogenic,CRB2,766.0
Q5IJ48,C766D,0.9901,pathogenic,CRB2,766.0
Q5IJ48,C766E,0.9927,pathogenic,CRB2,766.0
Q5IJ48,C766F,0.8807,pathogenic,CRB2,766.0
Q5IJ48,C766G,0.8853,pathogenic,CRB2,766.0
Q5IJ48,C766H,0.9771,pathogenic,CRB2,766.0
Q5IJ48,C766I,0.9561,pathogenic,CRB2,766.0
Q5IJ48,C766K,0.996,pathogenic,CRB2,766.0
Q5IJ48,C766L,0.9245,pathogenic,CRB2,766.0
Q5IJ48,C766M,0.9803,pathogenic,CRB2,766.0
Q5IJ48,C766N,0.9853,pathogenic,CRB2,766.0
Q5IJ48,C766P,0.9943,pathogenic,CRB2,766.0
Q5IJ48,C766Q,0.9892,pathogenic,CRB2,766.0
Q5IJ48,C766R,0.9544,pathogenic,CRB2,766.0
Q5IJ48,C766S,0.9533,pathogenic,CRB2,766.0
Q5IJ48,C766T,0.9835,pathogenic,CRB2,766.0
Q5IJ48,C766V,0.9429,pathogenic,CRB2,766.0
Q5IJ48,C766W,0.9408,pathogenic,CRB2,766.0
Q5IJ48,C766Y,0.9383,pathogenic,CRB2,766.0
Q5IJ48,L767A,0.788,pathogenic,CRB2,767.0
Q5IJ48,L767C,0.9244,pathogenic,CRB2,767.0
Q5IJ48,L767D,0.9958,pathogenic,CRB2,767.0
Q5IJ48,L767E,0.958,pathogenic,CRB2,767.0
Q5IJ48,L767F,0.3432,ambiguous,CRB2,767.0
Q5IJ48,L767G,0.9559,pathogenic,CRB2,767.0
Q5IJ48,L767H,0.9112,pathogenic,CRB2,767.0
Q5IJ48,L767I,0.0971,benign,CRB2,767.0
Q5IJ48,L767K,0.9528,pathogenic,CRB2,767.0
Q5IJ48,L767M,0.2551,benign,CRB2,767.0
Q5IJ48,L767N,0.9793,pathogenic,CRB2,767.0
Q5IJ48,L767P,0.9467,pathogenic,CRB2,767.0
Q5IJ48,L767Q,0.84,pathogenic,CRB2,767.0
Q5IJ48,L767R,0.8578,pathogenic,CRB2,767.0
Q5IJ48,L767S,0.9292,pathogenic,CRB2,767.0
Q5IJ48,L767T,0.8481,pathogenic,CRB2,767.0
Q5IJ48,L767V,0.1485,benign,CRB2,767.0
Q5IJ48,L767W,0.7281,pathogenic,CRB2,767.0
Q5IJ48,L767Y,0.8864,pathogenic,CRB2,767.0
Q5IJ48,Q768A,0.5445,ambiguous,CRB2,768.0
Q5IJ48,Q768C,0.9793,pathogenic,CRB2,768.0
Q5IJ48,Q768D,0.9088,pathogenic,CRB2,768.0
Q5IJ48,Q768E,0.1722,benign,CRB2,768.0
Q5IJ48,Q768F,0.9694,pathogenic,CRB2,768.0
Q5IJ48,Q768G,0.663,pathogenic,CRB2,768.0
Q5IJ48,Q768H,0.8297,pathogenic,CRB2,768.0
Q5IJ48,Q768I,0.8831,pathogenic,CRB2,768.0
Q5IJ48,Q768K,0.5008,ambiguous,CRB2,768.0
Q5IJ48,Q768L,0.5387,ambiguous,CRB2,768.0
Q5IJ48,Q768M,0.7773,pathogenic,CRB2,768.0
Q5IJ48,Q768N,0.8968,pathogenic,CRB2,768.0
Q5IJ48,Q768P,0.9452,pathogenic,CRB2,768.0
Q5IJ48,Q768R,0.3832,ambiguous,CRB2,768.0
Q5IJ48,Q768S,0.6267,pathogenic,CRB2,768.0
Q5IJ48,Q768T,0.6637,pathogenic,CRB2,768.0
Q5IJ48,Q768V,0.7179,pathogenic,CRB2,768.0
Q5IJ48,Q768W,0.9162,pathogenic,CRB2,768.0
Q5IJ48,Q768Y,0.9412,pathogenic,CRB2,768.0
Q5IJ48,D769A,0.8594,pathogenic,CRB2,769.0
Q5IJ48,D769C,0.9915,pathogenic,CRB2,769.0
Q5IJ48,D769E,0.8398,pathogenic,CRB2,769.0
Q5IJ48,D769F,0.963,pathogenic,CRB2,769.0
Q5IJ48,D769G,0.7871,pathogenic,CRB2,769.0
Q5IJ48,D769H,0.9068,pathogenic,CRB2,769.0
Q5IJ48,D769I,0.9781,pathogenic,CRB2,769.0
Q5IJ48,D769K,0.9785,pathogenic,CRB2,769.0
Q5IJ48,D769L,0.9592,pathogenic,CRB2,769.0
Q5IJ48,D769M,0.9899,pathogenic,CRB2,769.0
Q5IJ48,D769N,0.6356,pathogenic,CRB2,769.0
Q5IJ48,D769P,0.9907,pathogenic,CRB2,769.0
Q5IJ48,D769Q,0.9609,pathogenic,CRB2,769.0
Q5IJ48,D769R,0.9687,pathogenic,CRB2,769.0
Q5IJ48,D769S,0.7938,pathogenic,CRB2,769.0
Q5IJ48,D769T,0.9636,pathogenic,CRB2,769.0
Q5IJ48,D769V,0.9162,pathogenic,CRB2,769.0
Q5IJ48,D769W,0.9907,pathogenic,CRB2,769.0
Q5IJ48,D769Y,0.7868,pathogenic,CRB2,769.0
Q5IJ48,L770A,0.6964,pathogenic,CRB2,770.0
Q5IJ48,L770C,0.8552,pathogenic,CRB2,770.0
Q5IJ48,L770D,0.9904,pathogenic,CRB2,770.0
Q5IJ48,L770E,0.9456,pathogenic,CRB2,770.0
Q5IJ48,L770F,0.2483,benign,CRB2,770.0
Q5IJ48,L770G,0.9094,pathogenic,CRB2,770.0
Q5IJ48,L770H,0.9145,pathogenic,CRB2,770.0
Q5IJ48,L770I,0.1076,benign,CRB2,770.0
Q5IJ48,L770K,0.9572,pathogenic,CRB2,770.0
Q5IJ48,L770M,0.2057,benign,CRB2,770.0
Q5IJ48,L770N,0.9712,pathogenic,CRB2,770.0
Q5IJ48,L770P,0.8714,pathogenic,CRB2,770.0
Q5IJ48,L770Q,0.8428,pathogenic,CRB2,770.0
Q5IJ48,L770R,0.869,pathogenic,CRB2,770.0
Q5IJ48,L770S,0.9043,pathogenic,CRB2,770.0
Q5IJ48,L770T,0.7484,pathogenic,CRB2,770.0
Q5IJ48,L770V,0.0943,benign,CRB2,770.0
Q5IJ48,L770W,0.6395,pathogenic,CRB2,770.0
Q5IJ48,L770Y,0.8509,pathogenic,CRB2,770.0
Q5IJ48,R771A,0.2876,benign,CRB2,771.0
Q5IJ48,R771C,0.1751,benign,CRB2,771.0
Q5IJ48,R771D,0.5909,pathogenic,CRB2,771.0
Q5IJ48,R771E,0.2492,benign,CRB2,771.0
Q5IJ48,R771F,0.3595,ambiguous,CRB2,771.0
Q5IJ48,R771G,0.238,benign,CRB2,771.0
Q5IJ48,R771H,0.0966,benign,CRB2,771.0
Q5IJ48,R771I,0.2578,benign,CRB2,771.0
Q5IJ48,R771K,0.2232,benign,CRB2,771.0
Q5IJ48,R771L,0.1241,benign,CRB2,771.0
Q5IJ48,R771M,0.2867,benign,CRB2,771.0
Q5IJ48,R771N,0.5384,ambiguous,CRB2,771.0
Q5IJ48,R771P,0.7724,pathogenic,CRB2,771.0
Q5IJ48,R771Q,0.0713,benign,CRB2,771.0
Q5IJ48,R771S,0.2891,benign,CRB2,771.0
Q5IJ48,R771T,0.2154,benign,CRB2,771.0
Q5IJ48,R771V,0.2527,benign,CRB2,771.0
Q5IJ48,R771W,0.1012,benign,CRB2,771.0
Q5IJ48,R771Y,0.2661,benign,CRB2,771.0
Q5IJ48,L772A,0.4558,ambiguous,CRB2,772.0
Q5IJ48,L772C,0.7164,pathogenic,CRB2,772.0
Q5IJ48,L772D,0.921,pathogenic,CRB2,772.0
Q5IJ48,L772E,0.7605,pathogenic,CRB2,772.0
Q5IJ48,L772F,0.1675,benign,CRB2,772.0
Q5IJ48,L772G,0.7671,pathogenic,CRB2,772.0
Q5IJ48,L772H,0.5816,pathogenic,CRB2,772.0
Q5IJ48,L772I,0.0988,benign,CRB2,772.0
Q5IJ48,L772K,0.7333,pathogenic,CRB2,772.0
Q5IJ48,L772M,0.19,benign,CRB2,772.0
Q5IJ48,L772N,0.8456,pathogenic,CRB2,772.0
Q5IJ48,L772P,0.5721,pathogenic,CRB2,772.0
Q5IJ48,L772Q,0.5191,ambiguous,CRB2,772.0
Q5IJ48,L772R,0.457,ambiguous,CRB2,772.0
Q5IJ48,L772S,0.7154,pathogenic,CRB2,772.0
Q5IJ48,L772T,0.5423,ambiguous,CRB2,772.0
Q5IJ48,L772V,0.1086,benign,CRB2,772.0
Q5IJ48,L772W,0.2613,benign,CRB2,772.0
Q5IJ48,L772Y,0.538,ambiguous,CRB2,772.0
Q5IJ48,D773A,0.1393,benign,CRB2,773.0
Q5IJ48,D773C,0.4776,ambiguous,CRB2,773.0
Q5IJ48,D773E,0.2502,benign,CRB2,773.0
Q5IJ48,D773F,0.5669,pathogenic,CRB2,773.0
Q5IJ48,D773G,0.0771,benign,CRB2,773.0
Q5IJ48,D773H,0.1713,benign,CRB2,773.0
Q5IJ48,D773I,0.5298,ambiguous,CRB2,773.0
Q5IJ48,D773K,0.3852,ambiguous,CRB2,773.0
Q5IJ48,D773L,0.3547,ambiguous,CRB2,773.0
Q5IJ48,D773M,0.6205,pathogenic,CRB2,773.0
Q5IJ48,D773N,0.0612,benign,CRB2,773.0
Q5IJ48,D773P,0.4162,ambiguous,CRB2,773.0
Q5IJ48,D773Q,0.2769,benign,CRB2,773.0
Q5IJ48,D773R,0.2468,benign,CRB2,773.0
Q5IJ48,D773S,0.0879,benign,CRB2,773.0
Q5IJ48,D773T,0.2856,benign,CRB2,773.0
Q5IJ48,D773V,0.3458,ambiguous,CRB2,773.0
Q5IJ48,D773W,0.6461,pathogenic,CRB2,773.0
Q5IJ48,D773Y,0.1855,benign,CRB2,773.0
Q5IJ48,G774A,0.1152,benign,CRB2,774.0
Q5IJ48,G774C,0.2241,benign,CRB2,774.0
Q5IJ48,G774D,0.0809,benign,CRB2,774.0
Q5IJ48,G774E,0.1523,benign,CRB2,774.0
Q5IJ48,G774F,0.4575,ambiguous,CRB2,774.0
Q5IJ48,G774H,0.1806,benign,CRB2,774.0
Q5IJ48,G774I,0.2961,benign,CRB2,774.0
Q5IJ48,G774K,0.3409,ambiguous,CRB2,774.0
Q5IJ48,G774L,0.3543,ambiguous,CRB2,774.0
Q5IJ48,G774M,0.5022,ambiguous,CRB2,774.0
Q5IJ48,G774N,0.1748,benign,CRB2,774.0
Q5IJ48,G774P,0.5145,ambiguous,CRB2,774.0
Q5IJ48,G774Q,0.217,benign,CRB2,774.0
Q5IJ48,G774R,0.1591,benign,CRB2,774.0
Q5IJ48,G774S,0.086,benign,CRB2,774.0
Q5IJ48,G774T,0.1575,benign,CRB2,774.0
Q5IJ48,G774V,0.2017,benign,CRB2,774.0
Q5IJ48,G774W,0.2889,benign,CRB2,774.0
Q5IJ48,G774Y,0.3091,benign,CRB2,774.0
Q5IJ48,C775A,0.0923,benign,CRB2,775.0
Q5IJ48,C775D,0.1069,benign,CRB2,775.0
Q5IJ48,C775E,0.1121,benign,CRB2,775.0
Q5IJ48,C775F,0.0585,benign,CRB2,775.0
Q5IJ48,C775G,0.0597,benign,CRB2,775.0
Q5IJ48,C775H,0.0488,benign,CRB2,775.0
Q5IJ48,C775I,0.098,benign,CRB2,775.0
Q5IJ48,C775K,0.1325,benign,CRB2,775.0
Q5IJ48,C775L,0.055,benign,CRB2,775.0
Q5IJ48,C775M,0.1631,benign,CRB2,775.0
Q5IJ48,C775N,0.1084,benign,CRB2,775.0
Q5IJ48,C775P,0.143,benign,CRB2,775.0
Q5IJ48,C775Q,0.061,benign,CRB2,775.0
Q5IJ48,C775R,0.0409,benign,CRB2,775.0
Q5IJ48,C775S,0.0735,benign,CRB2,775.0
Q5IJ48,C775T,0.115,benign,CRB2,775.0
Q5IJ48,C775V,0.0965,benign,CRB2,775.0
Q5IJ48,C775W,0.0625,benign,CRB2,775.0
Q5IJ48,C775Y,0.0677,benign,CRB2,775.0
Q5IJ48,H776A,0.1993,benign,CRB2,776.0
Q5IJ48,H776C,0.2424,benign,CRB2,776.0
Q5IJ48,H776D,0.1892,benign,CRB2,776.0
Q5IJ48,H776E,0.2433,benign,CRB2,776.0
Q5IJ48,H776F,0.219,benign,CRB2,776.0
Q5IJ48,H776G,0.2191,benign,CRB2,776.0
Q5IJ48,H776I,0.2516,benign,CRB2,776.0
Q5IJ48,H776K,0.3228,benign,CRB2,776.0
Q5IJ48,H776L,0.0833,benign,CRB2,776.0
Q5IJ48,H776M,0.4495,ambiguous,CRB2,776.0
Q5IJ48,H776N,0.1512,benign,CRB2,776.0
Q5IJ48,H776P,0.0854,benign,CRB2,776.0
Q5IJ48,H776Q,0.1579,benign,CRB2,776.0
Q5IJ48,H776R,0.0875,benign,CRB2,776.0
Q5IJ48,H776S,0.1596,benign,CRB2,776.0
Q5IJ48,H776T,0.2403,benign,CRB2,776.0
Q5IJ48,H776V,0.191,benign,CRB2,776.0
Q5IJ48,H776W,0.2272,benign,CRB2,776.0
Q5IJ48,H776Y,0.0965,benign,CRB2,776.0
Q5IJ48,L777A,0.5888,pathogenic,CRB2,777.0
Q5IJ48,L777C,0.8195,pathogenic,CRB2,777.0
Q5IJ48,L777D,0.9456,pathogenic,CRB2,777.0
Q5IJ48,L777E,0.7469,pathogenic,CRB2,777.0
Q5IJ48,L777F,0.2122,benign,CRB2,777.0
Q5IJ48,L777G,0.8041,pathogenic,CRB2,777.0
Q5IJ48,L777H,0.5989,pathogenic,CRB2,777.0
Q5IJ48,L777I,0.1354,benign,CRB2,777.0
Q5IJ48,L777K,0.721,pathogenic,CRB2,777.0
Q5IJ48,L777M,0.2363,benign,CRB2,777.0
Q5IJ48,L777N,0.882,pathogenic,CRB2,777.0
Q5IJ48,L777P,0.6656,pathogenic,CRB2,777.0
Q5IJ48,L777Q,0.4672,ambiguous,CRB2,777.0
Q5IJ48,L777R,0.4702,ambiguous,CRB2,777.0
Q5IJ48,L777S,0.7708,pathogenic,CRB2,777.0
Q5IJ48,L777T,0.6872,pathogenic,CRB2,777.0
Q5IJ48,L777V,0.1311,benign,CRB2,777.0
Q5IJ48,L777W,0.3922,ambiguous,CRB2,777.0
Q5IJ48,L777Y,0.6163,pathogenic,CRB2,777.0
Q5IJ48,P778A,0.0875,benign,CRB2,778.0
Q5IJ48,P778C,0.5518,ambiguous,CRB2,778.0
Q5IJ48,P778D,0.3105,benign,CRB2,778.0
Q5IJ48,P778E,0.2299,benign,CRB2,778.0
Q5IJ48,P778F,0.3887,ambiguous,CRB2,778.0
Q5IJ48,P778G,0.2601,benign,CRB2,778.0
Q5IJ48,P778H,0.1718,benign,CRB2,778.0
Q5IJ48,P778I,0.3255,benign,CRB2,778.0
Q5IJ48,P778K,0.3992,ambiguous,CRB2,778.0
Q5IJ48,P778L,0.1096,benign,CRB2,778.0
Q5IJ48,P778M,0.4069,ambiguous,CRB2,778.0
Q5IJ48,P778N,0.3654,ambiguous,CRB2,778.0
Q5IJ48,P778Q,0.1591,benign,CRB2,778.0
Q5IJ48,P778R,0.1415,benign,CRB2,778.0
Q5IJ48,P778S,0.107,benign,CRB2,778.0
Q5IJ48,P778T,0.1294,benign,CRB2,778.0
Q5IJ48,P778V,0.2058,benign,CRB2,778.0
Q5IJ48,P778W,0.4076,ambiguous,CRB2,778.0
Q5IJ48,P778Y,0.3632,ambiguous,CRB2,778.0
Q5IJ48,F779A,0.8222,pathogenic,CRB2,779.0
Q5IJ48,F779C,0.871,pathogenic,CRB2,779.0
Q5IJ48,F779D,0.9572,pathogenic,CRB2,779.0
Q5IJ48,F779E,0.9712,pathogenic,CRB2,779.0
Q5IJ48,F779G,0.9163,pathogenic,CRB2,779.0
Q5IJ48,F779H,0.9184,pathogenic,CRB2,779.0
Q5IJ48,F779I,0.4269,ambiguous,CRB2,779.0
Q5IJ48,F779K,0.9861,pathogenic,CRB2,779.0
Q5IJ48,F779L,0.8116,pathogenic,CRB2,779.0
Q5IJ48,F779M,0.7963,pathogenic,CRB2,779.0
Q5IJ48,F779N,0.9446,pathogenic,CRB2,779.0
Q5IJ48,F779P,0.9225,pathogenic,CRB2,779.0
Q5IJ48,F779Q,0.9661,pathogenic,CRB2,779.0
Q5IJ48,F779R,0.9436,pathogenic,CRB2,779.0
Q5IJ48,F779S,0.821,pathogenic,CRB2,779.0
Q5IJ48,F779T,0.9022,pathogenic,CRB2,779.0
Q5IJ48,F779V,0.4185,ambiguous,CRB2,779.0
Q5IJ48,F779W,0.6696,pathogenic,CRB2,779.0
Q5IJ48,F779Y,0.4177,ambiguous,CRB2,779.0
Q5IJ48,F780A,0.5068,ambiguous,CRB2,780.0
Q5IJ48,F780C,0.6959,pathogenic,CRB2,780.0
Q5IJ48,F780D,0.632,pathogenic,CRB2,780.0
Q5IJ48,F780E,0.72,pathogenic,CRB2,780.0
Q5IJ48,F780G,0.6347,pathogenic,CRB2,780.0
Q5IJ48,F780H,0.449,ambiguous,CRB2,780.0
Q5IJ48,F780I,0.2894,benign,CRB2,780.0
Q5IJ48,F780K,0.8205,pathogenic,CRB2,780.0
Q5IJ48,F780L,0.6571,pathogenic,CRB2,780.0
Q5IJ48,F780M,0.6456,pathogenic,CRB2,780.0
Q5IJ48,F780N,0.628,pathogenic,CRB2,780.0
Q5IJ48,F780P,0.8523,pathogenic,CRB2,780.0
Q5IJ48,F780Q,0.6343,pathogenic,CRB2,780.0
Q5IJ48,F780R,0.5867,pathogenic,CRB2,780.0
Q5IJ48,F780S,0.2831,benign,CRB2,780.0
Q5IJ48,F780T,0.5343,ambiguous,CRB2,780.0
Q5IJ48,F780V,0.2687,benign,CRB2,780.0
Q5IJ48,F780W,0.4533,ambiguous,CRB2,780.0
Q5IJ48,F780Y,0.2203,benign,CRB2,780.0
Q5IJ48,P781A,0.0684,benign,CRB2,781.0
Q5IJ48,P781C,0.3342,benign,CRB2,781.0
Q5IJ48,P781D,0.1825,benign,CRB2,781.0
Q5IJ48,P781E,0.1579,benign,CRB2,781.0
Q5IJ48,P781F,0.2339,benign,CRB2,781.0
Q5IJ48,P781G,0.1541,benign,CRB2,781.0
Q5IJ48,P781H,0.1051,benign,CRB2,781.0
Q5IJ48,P781I,0.2091,benign,CRB2,781.0
Q5IJ48,P781K,0.2485,benign,CRB2,781.0
Q5IJ48,P781L,0.0853,benign,CRB2,781.0
Q5IJ48,P781M,0.252,benign,CRB2,781.0
Q5IJ48,P781N,0.222,benign,CRB2,781.0
Q5IJ48,P781Q,0.1042,benign,CRB2,781.0
Q5IJ48,P781R,0.0962,benign,CRB2,781.0
Q5IJ48,P781S,0.0686,benign,CRB2,781.0
Q5IJ48,P781T,0.086,benign,CRB2,781.0
Q5IJ48,P781V,0.1392,benign,CRB2,781.0
Q5IJ48,P781W,0.2457,benign,CRB2,781.0
Q5IJ48,P781Y,0.2292,benign,CRB2,781.0
Q5IJ48,L782A,0.0901,benign,CRB2,782.0
Q5IJ48,L782C,0.3318,benign,CRB2,782.0
Q5IJ48,L782D,0.2147,benign,CRB2,782.0
Q5IJ48,L782E,0.1163,benign,CRB2,782.0
Q5IJ48,L782F,0.0916,benign,CRB2,782.0
Q5IJ48,L782G,0.1586,benign,CRB2,782.0
Q5IJ48,L782H,0.1085,benign,CRB2,782.0
Q5IJ48,L782I,0.1045,benign,CRB2,782.0
Q5IJ48,L782K,0.1551,benign,CRB2,782.0
Q5IJ48,L782M,0.1249,benign,CRB2,782.0
Q5IJ48,L782N,0.1887,benign,CRB2,782.0
Q5IJ48,L782P,0.0579,benign,CRB2,782.0
Q5IJ48,L782Q,0.0731,benign,CRB2,782.0
Q5IJ48,L782R,0.0741,benign,CRB2,782.0
Q5IJ48,L782S,0.0933,benign,CRB2,782.0
Q5IJ48,L782T,0.1178,benign,CRB2,782.0
Q5IJ48,L782V,0.0772,benign,CRB2,782.0
Q5IJ48,L782W,0.0998,benign,CRB2,782.0
Q5IJ48,L782Y,0.1937,benign,CRB2,782.0
Q5IJ48,P783A,0.0704,benign,CRB2,783.0
Q5IJ48,P783C,0.3465,ambiguous,CRB2,783.0
Q5IJ48,P783D,0.1847,benign,CRB2,783.0
Q5IJ48,P783E,0.1353,benign,CRB2,783.0
Q5IJ48,P783F,0.2018,benign,CRB2,783.0
Q5IJ48,P783G,0.1498,benign,CRB2,783.0
Q5IJ48,P783H,0.0972,benign,CRB2,783.0
Q5IJ48,P783I,0.1826,benign,CRB2,783.0
Q5IJ48,P783K,0.1973,benign,CRB2,783.0
Q5IJ48,P783L,0.0712,benign,CRB2,783.0
Q5IJ48,P783M,0.2133,benign,CRB2,783.0
Q5IJ48,P783N,0.206,benign,CRB2,783.0
Q5IJ48,P783Q,0.0881,benign,CRB2,783.0
Q5IJ48,P783R,0.0852,benign,CRB2,783.0
Q5IJ48,P783S,0.0792,benign,CRB2,783.0
Q5IJ48,P783T,0.0861,benign,CRB2,783.0
Q5IJ48,P783V,0.1248,benign,CRB2,783.0
Q5IJ48,P783W,0.2124,benign,CRB2,783.0
Q5IJ48,P783Y,0.2065,benign,CRB2,783.0
Q5IJ48,L784A,0.0681,benign,CRB2,784.0
Q5IJ48,L784C,0.3046,benign,CRB2,784.0
Q5IJ48,L784D,0.1716,benign,CRB2,784.0
Q5IJ48,L784E,0.0949,benign,CRB2,784.0
Q5IJ48,L784F,0.0925,benign,CRB2,784.0
Q5IJ48,L784G,0.1117,benign,CRB2,784.0
Q5IJ48,L784H,0.1071,benign,CRB2,784.0
Q5IJ48,L784I,0.1014,benign,CRB2,784.0
Q5IJ48,L784K,0.1252,benign,CRB2,784.0
Q5IJ48,L784M,0.1054,benign,CRB2,784.0
Q5IJ48,L784N,0.1572,benign,CRB2,784.0
Q5IJ48,L784P,0.0502,benign,CRB2,784.0
Q5IJ48,L784Q,0.067,benign,CRB2,784.0
Q5IJ48,L784R,0.0655,benign,CRB2,784.0
Q5IJ48,L784S,0.0816,benign,CRB2,784.0
Q5IJ48,L784T,0.0856,benign,CRB2,784.0
Q5IJ48,L784V,0.0731,benign,CRB2,784.0
Q5IJ48,L784W,0.0817,benign,CRB2,784.0
Q5IJ48,L784Y,0.1967,benign,CRB2,784.0
Q5IJ48,D785A,0.0754,benign,CRB2,785.0
Q5IJ48,D785C,0.3144,benign,CRB2,785.0
Q5IJ48,D785E,0.0818,benign,CRB2,785.0
Q5IJ48,D785F,0.2778,benign,CRB2,785.0
Q5IJ48,D785G,0.0605,benign,CRB2,785.0
Q5IJ48,D785H,0.1078,benign,CRB2,785.0
Q5IJ48,D785I,0.1907,benign,CRB2,785.0
Q5IJ48,D785K,0.1469,benign,CRB2,785.0
Q5IJ48,D785L,0.1476,benign,CRB2,785.0
Q5IJ48,D785M,0.3304,benign,CRB2,785.0
Q5IJ48,D785N,0.0925,benign,CRB2,785.0
Q5IJ48,D785P,0.1625,benign,CRB2,785.0
Q5IJ48,D785Q,0.1087,benign,CRB2,785.0
Q5IJ48,D785R,0.1098,benign,CRB2,785.0
Q5IJ48,D785S,0.0834,benign,CRB2,785.0
Q5IJ48,D785T,0.1297,benign,CRB2,785.0
Q5IJ48,D785V,0.1105,benign,CRB2,785.0
Q5IJ48,D785W,0.3627,ambiguous,CRB2,785.0
Q5IJ48,D785Y,0.1083,benign,CRB2,785.0
Q5IJ48,N786A,0.2305,benign,CRB2,786.0
Q5IJ48,N786C,0.558,ambiguous,CRB2,786.0
Q5IJ48,N786D,0.1662,benign,CRB2,786.0
Q5IJ48,N786E,0.3691,ambiguous,CRB2,786.0
Q5IJ48,N786F,0.5617,ambiguous,CRB2,786.0
Q5IJ48,N786G,0.2512,benign,CRB2,786.0
Q5IJ48,N786H,0.1693,benign,CRB2,786.0
Q5IJ48,N786I,0.2843,benign,CRB2,786.0
Q5IJ48,N786K,0.4004,ambiguous,CRB2,786.0
Q5IJ48,N786L,0.2558,benign,CRB2,786.0
Q5IJ48,N786M,0.5118,ambiguous,CRB2,786.0
Q5IJ48,N786P,0.3034,benign,CRB2,786.0
Q5IJ48,N786Q,0.4404,ambiguous,CRB2,786.0
Q5IJ48,N786R,0.2785,benign,CRB2,786.0
Q5IJ48,N786S,0.0976,benign,CRB2,786.0
Q5IJ48,N786T,0.1911,benign,CRB2,786.0
Q5IJ48,N786V,0.2745,benign,CRB2,786.0
Q5IJ48,N786W,0.7107,pathogenic,CRB2,786.0
Q5IJ48,N786Y,0.2376,benign,CRB2,786.0
Q5IJ48,S787A,0.0672,benign,CRB2,787.0
Q5IJ48,S787C,0.1858,benign,CRB2,787.0
Q5IJ48,S787D,0.1939,benign,CRB2,787.0
Q5IJ48,S787E,0.2606,benign,CRB2,787.0
Q5IJ48,S787F,0.12,benign,CRB2,787.0
Q5IJ48,S787G,0.0866,benign,CRB2,787.0
Q5IJ48,S787H,0.1997,benign,CRB2,787.0
Q5IJ48,S787I,0.1433,benign,CRB2,787.0
Q5IJ48,S787K,0.4357,ambiguous,CRB2,787.0
Q5IJ48,S787L,0.1029,benign,CRB2,787.0
Q5IJ48,S787M,0.218,benign,CRB2,787.0
Q5IJ48,S787N,0.1688,benign,CRB2,787.0
Q5IJ48,S787P,0.1193,benign,CRB2,787.0
Q5IJ48,S787Q,0.3024,benign,CRB2,787.0
Q5IJ48,S787R,0.2765,benign,CRB2,787.0
Q5IJ48,S787T,0.0834,benign,CRB2,787.0
Q5IJ48,S787V,0.1335,benign,CRB2,787.0
Q5IJ48,S787W,0.1505,benign,CRB2,787.0
Q5IJ48,S787Y,0.1189,benign,CRB2,787.0
Q5IJ48,S788A,0.1114,benign,CRB2,788.0
Q5IJ48,S788C,0.3272,benign,CRB2,788.0
Q5IJ48,S788D,0.3746,ambiguous,CRB2,788.0
Q5IJ48,S788E,0.4481,ambiguous,CRB2,788.0
Q5IJ48,S788F,0.2325,benign,CRB2,788.0
Q5IJ48,S788G,0.133,benign,CRB2,788.0
Q5IJ48,S788H,0.4065,ambiguous,CRB2,788.0
Q5IJ48,S788I,0.294,benign,CRB2,788.0
Q5IJ48,S788K,0.7006,pathogenic,CRB2,788.0
Q5IJ48,S788L,0.1667,benign,CRB2,788.0
Q5IJ48,S788M,0.3624,ambiguous,CRB2,788.0
Q5IJ48,S788N,0.3465,ambiguous,CRB2,788.0
Q5IJ48,S788P,0.1545,benign,CRB2,788.0
Q5IJ48,S788Q,0.5266,ambiguous,CRB2,788.0
Q5IJ48,S788R,0.5296,ambiguous,CRB2,788.0
Q5IJ48,S788T,0.0989,benign,CRB2,788.0
Q5IJ48,S788V,0.255,benign,CRB2,788.0
Q5IJ48,S788W,0.2616,benign,CRB2,788.0
Q5IJ48,S788Y,0.2684,benign,CRB2,788.0
Q5IJ48,Q789A,0.1095,benign,CRB2,789.0
Q5IJ48,Q789C,0.4597,ambiguous,CRB2,789.0
Q5IJ48,Q789D,0.194,benign,CRB2,789.0
Q5IJ48,Q789E,0.0733,benign,CRB2,789.0
Q5IJ48,Q789F,0.3357,benign,CRB2,789.0
Q5IJ48,Q789G,0.1328,benign,CRB2,789.0
Q5IJ48,Q789H,0.1277,benign,CRB2,789.0
Q5IJ48,Q789I,0.2043,benign,CRB2,789.0
Q5IJ48,Q789K,0.1051,benign,CRB2,789.0
Q5IJ48,Q789L,0.0763,benign,CRB2,789.0
Q5IJ48,Q789M,0.2477,benign,CRB2,789.0
Q5IJ48,Q789N,0.233,benign,CRB2,789.0
Q5IJ48,Q789P,0.0867,benign,CRB2,789.0
Q5IJ48,Q789R,0.0701,benign,CRB2,789.0
Q5IJ48,Q789S,0.1226,benign,CRB2,789.0
Q5IJ48,Q789T,0.1319,benign,CRB2,789.0
Q5IJ48,Q789V,0.1257,benign,CRB2,789.0
Q5IJ48,Q789W,0.1736,benign,CRB2,789.0
Q5IJ48,Q789Y,0.2462,benign,CRB2,789.0
Q5IJ48,P790A,0.066,benign,CRB2,790.0
Q5IJ48,P790C,0.3966,ambiguous,CRB2,790.0
Q5IJ48,P790D,0.1775,benign,CRB2,790.0
Q5IJ48,P790E,0.134,benign,CRB2,790.0
Q5IJ48,P790F,0.2137,benign,CRB2,790.0
Q5IJ48,P790G,0.1484,benign,CRB2,790.0
Q5IJ48,P790H,0.1106,benign,CRB2,790.0
Q5IJ48,P790I,0.165,benign,CRB2,790.0
Q5IJ48,P790K,0.1889,benign,CRB2,790.0
Q5IJ48,P790L,0.0767,benign,CRB2,790.0
Q5IJ48,P790M,0.2,benign,CRB2,790.0
Q5IJ48,P790N,0.1949,benign,CRB2,790.0
Q5IJ48,P790Q,0.0993,benign,CRB2,790.0
Q5IJ48,P790R,0.0925,benign,CRB2,790.0
Q5IJ48,P790S,0.0829,benign,CRB2,790.0
Q5IJ48,P790T,0.0805,benign,CRB2,790.0
Q5IJ48,P790V,0.1165,benign,CRB2,790.0
Q5IJ48,P790W,0.2383,benign,CRB2,790.0
Q5IJ48,P790Y,0.2179,benign,CRB2,790.0
Q5IJ48,S791A,0.0671,benign,CRB2,791.0
Q5IJ48,S791C,0.1218,benign,CRB2,791.0
Q5IJ48,S791D,0.1169,benign,CRB2,791.0
Q5IJ48,S791E,0.1464,benign,CRB2,791.0
Q5IJ48,S791F,0.1663,benign,CRB2,791.0
Q5IJ48,S791G,0.0555,benign,CRB2,791.0
Q5IJ48,S791H,0.1336,benign,CRB2,791.0
Q5IJ48,S791I,0.1051,benign,CRB2,791.0
Q5IJ48,S791K,0.2136,benign,CRB2,791.0
Q5IJ48,S791L,0.0987,benign,CRB2,791.0
Q5IJ48,S791M,0.1718,benign,CRB2,791.0
Q5IJ48,S791N,0.1002,benign,CRB2,791.0
Q5IJ48,S791P,0.0901,benign,CRB2,791.0
Q5IJ48,S791Q,0.1575,benign,CRB2,791.0
Q5IJ48,S791R,0.1251,benign,CRB2,791.0
Q5IJ48,S791T,0.082,benign,CRB2,791.0
Q5IJ48,S791V,0.1125,benign,CRB2,791.0
Q5IJ48,S791W,0.1303,benign,CRB2,791.0
Q5IJ48,S791Y,0.1418,benign,CRB2,791.0
Q5IJ48,E792A,0.0743,benign,CRB2,792.0
Q5IJ48,E792C,0.4777,ambiguous,CRB2,792.0
Q5IJ48,E792D,0.0936,benign,CRB2,792.0
Q5IJ48,E792F,0.3048,benign,CRB2,792.0
Q5IJ48,E792G,0.0766,benign,CRB2,792.0
Q5IJ48,E792H,0.151,benign,CRB2,792.0
Q5IJ48,E792I,0.181,benign,CRB2,792.0
Q5IJ48,E792K,0.0911,benign,CRB2,792.0
Q5IJ48,E792L,0.1311,benign,CRB2,792.0
Q5IJ48,E792M,0.212,benign,CRB2,792.0
Q5IJ48,E792N,0.1703,benign,CRB2,792.0
Q5IJ48,E792P,0.1372,benign,CRB2,792.0
Q5IJ48,E792Q,0.0793,benign,CRB2,792.0
Q5IJ48,E792R,0.0889,benign,CRB2,792.0
Q5IJ48,E792S,0.1052,benign,CRB2,792.0
Q5IJ48,E792T,0.1131,benign,CRB2,792.0
Q5IJ48,E792V,0.1003,benign,CRB2,792.0
Q5IJ48,E792W,0.3804,ambiguous,CRB2,792.0
Q5IJ48,E792Y,0.2503,benign,CRB2,792.0
Q5IJ48,L793A,0.0864,benign,CRB2,793.0
Q5IJ48,L793C,0.3786,ambiguous,CRB2,793.0
Q5IJ48,L793D,0.2111,benign,CRB2,793.0
Q5IJ48,L793E,0.1294,benign,CRB2,793.0
Q5IJ48,L793F,0.1043,benign,CRB2,793.0
Q5IJ48,L793G,0.1601,benign,CRB2,793.0
Q5IJ48,L793H,0.1292,benign,CRB2,793.0
Q5IJ48,L793I,0.0962,benign,CRB2,793.0
Q5IJ48,L793K,0.165,benign,CRB2,793.0
Q5IJ48,L793M,0.1162,benign,CRB2,793.0
Q5IJ48,L793N,0.1811,benign,CRB2,793.0
Q5IJ48,L793P,0.0601,benign,CRB2,793.0
Q5IJ48,L793Q,0.0892,benign,CRB2,793.0
Q5IJ48,L793R,0.0856,benign,CRB2,793.0
Q5IJ48,L793S,0.1181,benign,CRB2,793.0
Q5IJ48,L793T,0.0967,benign,CRB2,793.0
Q5IJ48,L793V,0.0843,benign,CRB2,793.0
Q5IJ48,L793W,0.0982,benign,CRB2,793.0
Q5IJ48,L793Y,0.208,benign,CRB2,793.0
Q5IJ48,G794A,0.0771,benign,CRB2,794.0
Q5IJ48,G794C,0.1474,benign,CRB2,794.0
Q5IJ48,G794D,0.0771,benign,CRB2,794.0
Q5IJ48,G794E,0.0981,benign,CRB2,794.0
Q5IJ48,G794F,0.2411,benign,CRB2,794.0
Q5IJ48,G794H,0.1321,benign,CRB2,794.0
Q5IJ48,G794I,0.1495,benign,CRB2,794.0
Q5IJ48,G794K,0.2252,benign,CRB2,794.0
Q5IJ48,G794L,0.1496,benign,CRB2,794.0
Q5IJ48,G794M,0.2591,benign,CRB2,794.0
Q5IJ48,G794N,0.1519,benign,CRB2,794.0
Q5IJ48,G794P,0.1533,benign,CRB2,794.0
Q5IJ48,G794Q,0.1477,benign,CRB2,794.0
Q5IJ48,G794R,0.1188,benign,CRB2,794.0
Q5IJ48,G794S,0.073,benign,CRB2,794.0
Q5IJ48,G794T,0.0966,benign,CRB2,794.0
Q5IJ48,G794V,0.1083,benign,CRB2,794.0
Q5IJ48,G794W,0.1243,benign,CRB2,794.0
Q5IJ48,G794Y,0.1695,benign,CRB2,794.0
Q5IJ48,G795A,0.0777,benign,CRB2,795.0
Q5IJ48,G795C,0.1426,benign,CRB2,795.0
Q5IJ48,G795D,0.0792,benign,CRB2,795.0
Q5IJ48,G795E,0.0872,benign,CRB2,795.0
Q5IJ48,G795F,0.2061,benign,CRB2,795.0
Q5IJ48,G795H,0.1235,benign,CRB2,795.0
Q5IJ48,G795I,0.1176,benign,CRB2,795.0
Q5IJ48,G795K,0.1778,benign,CRB2,795.0
Q5IJ48,G795L,0.1296,benign,CRB2,795.0
Q5IJ48,G795M,0.2054,benign,CRB2,795.0
Q5IJ48,G795N,0.134,benign,CRB2,795.0
Q5IJ48,G795P,0.1728,benign,CRB2,795.0
Q5IJ48,G795Q,0.1199,benign,CRB2,795.0
Q5IJ48,G795R,0.098,benign,CRB2,795.0
Q5IJ48,G795S,0.0672,benign,CRB2,795.0
Q5IJ48,G795T,0.0882,benign,CRB2,795.0
Q5IJ48,G795V,0.0865,benign,CRB2,795.0
Q5IJ48,G795W,0.1107,benign,CRB2,795.0
Q5IJ48,G795Y,0.1601,benign,CRB2,795.0
Q5IJ48,R796A,0.1302,benign,CRB2,796.0
Q5IJ48,R796C,0.1581,benign,CRB2,796.0
Q5IJ48,R796D,0.2143,benign,CRB2,796.0
Q5IJ48,R796E,0.1341,benign,CRB2,796.0
Q5IJ48,R796F,0.21,benign,CRB2,796.0
Q5IJ48,R796G,0.0653,benign,CRB2,796.0
Q5IJ48,R796H,0.0889,benign,CRB2,796.0
Q5IJ48,R796I,0.1447,benign,CRB2,796.0
Q5IJ48,R796K,0.1282,benign,CRB2,796.0
Q5IJ48,R796L,0.0961,benign,CRB2,796.0
Q5IJ48,R796M,0.1669,benign,CRB2,796.0
Q5IJ48,R796N,0.2364,benign,CRB2,796.0
Q5IJ48,R796P,0.1203,benign,CRB2,796.0
Q5IJ48,R796Q,0.0744,benign,CRB2,796.0
Q5IJ48,R796S,0.1262,benign,CRB2,796.0
Q5IJ48,R796T,0.1112,benign,CRB2,796.0
Q5IJ48,R796V,0.158,benign,CRB2,796.0
Q5IJ48,R796W,0.0745,benign,CRB2,796.0
Q5IJ48,R796Y,0.1738,benign,CRB2,796.0
Q5IJ48,Q797A,0.1414,benign,CRB2,797.0
Q5IJ48,Q797C,0.5398,ambiguous,CRB2,797.0
Q5IJ48,Q797D,0.2152,benign,CRB2,797.0
Q5IJ48,Q797E,0.083,benign,CRB2,797.0
Q5IJ48,Q797F,0.4049,ambiguous,CRB2,797.0
Q5IJ48,Q797G,0.1598,benign,CRB2,797.0
Q5IJ48,Q797H,0.1458,benign,CRB2,797.0
Q5IJ48,Q797I,0.2555,benign,CRB2,797.0
Q5IJ48,Q797K,0.1179,benign,CRB2,797.0
Q5IJ48,Q797L,0.0963,benign,CRB2,797.0
Q5IJ48,Q797M,0.3086,benign,CRB2,797.0
Q5IJ48,Q797N,0.2358,benign,CRB2,797.0
Q5IJ48,Q797P,0.0945,benign,CRB2,797.0
Q5IJ48,Q797R,0.0733,benign,CRB2,797.0
Q5IJ48,Q797S,0.1564,benign,CRB2,797.0
Q5IJ48,Q797T,0.1551,benign,CRB2,797.0
Q5IJ48,Q797V,0.1617,benign,CRB2,797.0
Q5IJ48,Q797W,0.2248,benign,CRB2,797.0
Q5IJ48,Q797Y,0.2839,benign,CRB2,797.0
Q5IJ48,S798A,0.0772,benign,CRB2,798.0
Q5IJ48,S798C,0.1953,benign,CRB2,798.0
Q5IJ48,S798D,0.2431,benign,CRB2,798.0
Q5IJ48,S798E,0.2894,benign,CRB2,798.0
Q5IJ48,S798F,0.125,benign,CRB2,798.0
Q5IJ48,S798G,0.1029,benign,CRB2,798.0
Q5IJ48,S798H,0.2205,benign,CRB2,798.0
Q5IJ48,S798I,0.1491,benign,CRB2,798.0
Q5IJ48,S798K,0.4832,ambiguous,CRB2,798.0
Q5IJ48,S798L,0.106,benign,CRB2,798.0
Q5IJ48,S798M,0.198,benign,CRB2,798.0
Q5IJ48,S798N,0.1522,benign,CRB2,798.0
Q5IJ48,S798P,0.1132,benign,CRB2,798.0
Q5IJ48,S798Q,0.3019,benign,CRB2,798.0
Q5IJ48,S798R,0.3392,benign,CRB2,798.0
Q5IJ48,S798T,0.0935,benign,CRB2,798.0
Q5IJ48,S798V,0.1463,benign,CRB2,798.0
Q5IJ48,S798W,0.1487,benign,CRB2,798.0
Q5IJ48,S798Y,0.1197,benign,CRB2,798.0
Q5IJ48,W799A,0.1312,benign,CRB2,799.0
Q5IJ48,W799C,0.4246,ambiguous,CRB2,799.0
Q5IJ48,W799D,0.2298,benign,CRB2,799.0
Q5IJ48,W799E,0.1384,benign,CRB2,799.0
Q5IJ48,W799F,0.1607,benign,CRB2,799.0
Q5IJ48,W799G,0.0805,benign,CRB2,799.0
Q5IJ48,W799H,0.17,benign,CRB2,799.0
Q5IJ48,W799I,0.2729,benign,CRB2,799.0
Q5IJ48,W799K,0.1995,benign,CRB2,799.0
Q5IJ48,W799L,0.1556,benign,CRB2,799.0
Q5IJ48,W799M,0.3013,benign,CRB2,799.0
Q5IJ48,W799N,0.2718,benign,CRB2,799.0
Q5IJ48,W799P,0.4579,ambiguous,CRB2,799.0
Q5IJ48,W799Q,0.1267,benign,CRB2,799.0
Q5IJ48,W799R,0.1208,benign,CRB2,799.0
Q5IJ48,W799S,0.0969,benign,CRB2,799.0
Q5IJ48,W799T,0.1381,benign,CRB2,799.0
Q5IJ48,W799V,0.1729,benign,CRB2,799.0
Q5IJ48,W799Y,0.2526,benign,CRB2,799.0
Q5IJ48,N800A,0.5213,ambiguous,CRB2,800.0
Q5IJ48,N800C,0.8948,pathogenic,CRB2,800.0
Q5IJ48,N800D,0.3874,ambiguous,CRB2,800.0
Q5IJ48,N800E,0.518,ambiguous,CRB2,800.0
Q5IJ48,N800F,0.7635,pathogenic,CRB2,800.0
Q5IJ48,N800G,0.5192,ambiguous,CRB2,800.0
Q5IJ48,N800H,0.3132,benign,CRB2,800.0
Q5IJ48,N800I,0.5635,ambiguous,CRB2,800.0
Q5IJ48,N800K,0.5297,ambiguous,CRB2,800.0
Q5IJ48,N800L,0.4348,ambiguous,CRB2,800.0
Q5IJ48,N800M,0.6474,pathogenic,CRB2,800.0
Q5IJ48,N800P,0.7745,pathogenic,CRB2,800.0
Q5IJ48,N800Q,0.5862,pathogenic,CRB2,800.0
Q5IJ48,N800R,0.5431,ambiguous,CRB2,800.0
Q5IJ48,N800S,0.2881,benign,CRB2,800.0
Q5IJ48,N800T,0.5068,ambiguous,CRB2,800.0
Q5IJ48,N800V,0.5914,pathogenic,CRB2,800.0
Q5IJ48,N800W,0.8961,pathogenic,CRB2,800.0
Q5IJ48,N800Y,0.3433,ambiguous,CRB2,800.0
Q5IJ48,L801A,0.5271,ambiguous,CRB2,801.0
Q5IJ48,L801C,0.7967,pathogenic,CRB2,801.0
Q5IJ48,L801D,0.9476,pathogenic,CRB2,801.0
Q5IJ48,L801E,0.7662,pathogenic,CRB2,801.0
Q5IJ48,L801F,0.3245,benign,CRB2,801.0
Q5IJ48,L801G,0.8051,pathogenic,CRB2,801.0
Q5IJ48,L801H,0.7106,pathogenic,CRB2,801.0
Q5IJ48,L801I,0.1073,benign,CRB2,801.0
Q5IJ48,L801K,0.7713,pathogenic,CRB2,801.0
Q5IJ48,L801M,0.2166,benign,CRB2,801.0
Q5IJ48,L801N,0.8596,pathogenic,CRB2,801.0
Q5IJ48,L801P,0.6325,pathogenic,CRB2,801.0
Q5IJ48,L801Q,0.5446,ambiguous,CRB2,801.0
Q5IJ48,L801R,0.5135,ambiguous,CRB2,801.0
Q5IJ48,L801S,0.7686,pathogenic,CRB2,801.0
Q5IJ48,L801T,0.5455,ambiguous,CRB2,801.0
Q5IJ48,L801V,0.086,benign,CRB2,801.0
Q5IJ48,L801W,0.5553,ambiguous,CRB2,801.0
Q5IJ48,L801Y,0.7536,pathogenic,CRB2,801.0
Q5IJ48,T802A,0.1204,benign,CRB2,802.0
Q5IJ48,T802C,0.7461,pathogenic,CRB2,802.0
Q5IJ48,T802D,0.3793,ambiguous,CRB2,802.0
Q5IJ48,T802E,0.2802,benign,CRB2,802.0
Q5IJ48,T802F,0.3504,ambiguous,CRB2,802.0
Q5IJ48,T802G,0.3049,benign,CRB2,802.0
Q5IJ48,T802H,0.2804,benign,CRB2,802.0
Q5IJ48,T802I,0.302,benign,CRB2,802.0
Q5IJ48,T802K,0.2337,benign,CRB2,802.0
Q5IJ48,T802L,0.1536,benign,CRB2,802.0
Q5IJ48,T802M,0.1426,benign,CRB2,802.0
Q5IJ48,T802N,0.2516,benign,CRB2,802.0
Q5IJ48,T802P,0.2266,benign,CRB2,802.0
Q5IJ48,T802Q,0.2276,benign,CRB2,802.0
Q5IJ48,T802R,0.1509,benign,CRB2,802.0
Q5IJ48,T802S,0.137,benign,CRB2,802.0
Q5IJ48,T802V,0.2397,benign,CRB2,802.0
Q5IJ48,T802W,0.544,ambiguous,CRB2,802.0
Q5IJ48,T802Y,0.4427,ambiguous,CRB2,802.0
Q5IJ48,A803C,0.4816,ambiguous,CRB2,803.0
Q5IJ48,A803D,0.1273,benign,CRB2,803.0
Q5IJ48,A803E,0.0712,benign,CRB2,803.0
Q5IJ48,A803F,0.1809,benign,CRB2,803.0
Q5IJ48,A803G,0.0955,benign,CRB2,803.0
Q5IJ48,A803H,0.206,benign,CRB2,803.0
Q5IJ48,A803I,0.1383,benign,CRB2,803.0
Q5IJ48,A803K,0.1381,benign,CRB2,803.0
Q5IJ48,A803L,0.0769,benign,CRB2,803.0
Q5IJ48,A803M,0.1003,benign,CRB2,803.0
Q5IJ48,A803N,0.1725,benign,CRB2,803.0
Q5IJ48,A803P,0.0874,benign,CRB2,803.0
Q5IJ48,A803Q,0.1035,benign,CRB2,803.0
Q5IJ48,A803R,0.1005,benign,CRB2,803.0
Q5IJ48,A803S,0.0828,benign,CRB2,803.0
Q5IJ48,A803T,0.0735,benign,CRB2,803.0
Q5IJ48,A803V,0.0725,benign,CRB2,803.0
Q5IJ48,A803W,0.2545,benign,CRB2,803.0
Q5IJ48,A803Y,0.2476,benign,CRB2,803.0
Q5IJ48,G804A,0.1958,benign,CRB2,804.0
Q5IJ48,G804C,0.6403,pathogenic,CRB2,804.0
Q5IJ48,G804D,0.2145,benign,CRB2,804.0
Q5IJ48,G804E,0.2995,benign,CRB2,804.0
Q5IJ48,G804F,0.6876,pathogenic,CRB2,804.0
Q5IJ48,G804H,0.4809,ambiguous,CRB2,804.0
Q5IJ48,G804I,0.6045,pathogenic,CRB2,804.0
Q5IJ48,G804K,0.6032,pathogenic,CRB2,804.0
Q5IJ48,G804L,0.5891,pathogenic,CRB2,804.0
Q5IJ48,G804M,0.7254,pathogenic,CRB2,804.0
Q5IJ48,G804N,0.3658,ambiguous,CRB2,804.0
Q5IJ48,G804P,0.8485,pathogenic,CRB2,804.0
Q5IJ48,G804Q,0.4424,ambiguous,CRB2,804.0
Q5IJ48,G804R,0.3628,ambiguous,CRB2,804.0
Q5IJ48,G804S,0.1262,benign,CRB2,804.0
Q5IJ48,G804T,0.2957,benign,CRB2,804.0
Q5IJ48,G804V,0.4201,ambiguous,CRB2,804.0
Q5IJ48,G804W,0.5609,ambiguous,CRB2,804.0
Q5IJ48,G804Y,0.6031,pathogenic,CRB2,804.0
Q5IJ48,C805A,0.9535,pathogenic,CRB2,805.0
Q5IJ48,C805D,0.9787,pathogenic,CRB2,805.0
Q5IJ48,C805E,0.9845,pathogenic,CRB2,805.0
Q5IJ48,C805F,0.8466,pathogenic,CRB2,805.0
Q5IJ48,C805G,0.8518,pathogenic,CRB2,805.0
Q5IJ48,C805H,0.975,pathogenic,CRB2,805.0
Q5IJ48,C805I,0.9549,pathogenic,CRB2,805.0
Q5IJ48,C805K,0.9944,pathogenic,CRB2,805.0
Q5IJ48,C805L,0.9167,pathogenic,CRB2,805.0
Q5IJ48,C805M,0.9706,pathogenic,CRB2,805.0
Q5IJ48,C805N,0.977,pathogenic,CRB2,805.0
Q5IJ48,C805P,0.9681,pathogenic,CRB2,805.0
Q5IJ48,C805Q,0.9848,pathogenic,CRB2,805.0
Q5IJ48,C805R,0.9387,pathogenic,CRB2,805.0
Q5IJ48,C805S,0.9526,pathogenic,CRB2,805.0
Q5IJ48,C805T,0.9747,pathogenic,CRB2,805.0
Q5IJ48,C805V,0.9389,pathogenic,CRB2,805.0
Q5IJ48,C805W,0.881,pathogenic,CRB2,805.0
Q5IJ48,C805Y,0.9171,pathogenic,CRB2,805.0
Q5IJ48,V806A,0.1862,benign,CRB2,806.0
Q5IJ48,V806C,0.7962,pathogenic,CRB2,806.0
Q5IJ48,V806D,0.2835,benign,CRB2,806.0
Q5IJ48,V806E,0.2155,benign,CRB2,806.0
Q5IJ48,V806F,0.1212,benign,CRB2,806.0
Q5IJ48,V806G,0.2483,benign,CRB2,806.0
Q5IJ48,V806H,0.3579,ambiguous,CRB2,806.0
Q5IJ48,V806I,0.0715,benign,CRB2,806.0
Q5IJ48,V806K,0.2851,benign,CRB2,806.0
Q5IJ48,V806L,0.1311,benign,CRB2,806.0
Q5IJ48,V806M,0.1682,benign,CRB2,806.0
Q5IJ48,V806N,0.2356,benign,CRB2,806.0
Q5IJ48,V806P,0.4824,ambiguous,CRB2,806.0
Q5IJ48,V806Q,0.2201,benign,CRB2,806.0
Q5IJ48,V806R,0.154,benign,CRB2,806.0
Q5IJ48,V806S,0.2066,benign,CRB2,806.0
Q5IJ48,V806T,0.2232,benign,CRB2,806.0
Q5IJ48,V806W,0.6309,pathogenic,CRB2,806.0
Q5IJ48,V806Y,0.4446,ambiguous,CRB2,806.0
Q5IJ48,S807A,0.3283,benign,CRB2,807.0
Q5IJ48,S807C,0.8652,pathogenic,CRB2,807.0
Q5IJ48,S807D,0.8842,pathogenic,CRB2,807.0
Q5IJ48,S807E,0.9088,pathogenic,CRB2,807.0
Q5IJ48,S807F,0.8686,pathogenic,CRB2,807.0
Q5IJ48,S807G,0.2653,benign,CRB2,807.0
Q5IJ48,S807H,0.8966,pathogenic,CRB2,807.0
Q5IJ48,S807I,0.8606,pathogenic,CRB2,807.0
Q5IJ48,S807K,0.9807,pathogenic,CRB2,807.0
Q5IJ48,S807L,0.5761,pathogenic,CRB2,807.0
Q5IJ48,S807M,0.8082,pathogenic,CRB2,807.0
Q5IJ48,S807N,0.7527,pathogenic,CRB2,807.0
Q5IJ48,S807P,0.5041,ambiguous,CRB2,807.0
Q5IJ48,S807Q,0.9111,pathogenic,CRB2,807.0
Q5IJ48,S807R,0.9442,pathogenic,CRB2,807.0
Q5IJ48,S807T,0.3649,ambiguous,CRB2,807.0
Q5IJ48,S807V,0.8475,pathogenic,CRB2,807.0
Q5IJ48,S807W,0.8073,pathogenic,CRB2,807.0
Q5IJ48,S807Y,0.8416,pathogenic,CRB2,807.0
Q5IJ48,E808A,0.2682,benign,CRB2,808.0
Q5IJ48,E808C,0.9801,pathogenic,CRB2,808.0
Q5IJ48,E808D,0.2572,benign,CRB2,808.0
Q5IJ48,E808F,0.9304,pathogenic,CRB2,808.0
Q5IJ48,E808G,0.2747,benign,CRB2,808.0
Q5IJ48,E808H,0.6965,pathogenic,CRB2,808.0
Q5IJ48,E808I,0.8003,pathogenic,CRB2,808.0
Q5IJ48,E808K,0.196,benign,CRB2,808.0
Q5IJ48,E808L,0.6691,pathogenic,CRB2,808.0
Q5IJ48,E808M,0.7621,pathogenic,CRB2,808.0
Q5IJ48,E808N,0.5785,pathogenic,CRB2,808.0
Q5IJ48,E808P,0.616,pathogenic,CRB2,808.0
Q5IJ48,E808Q,0.2083,benign,CRB2,808.0
Q5IJ48,E808R,0.2871,benign,CRB2,808.0
Q5IJ48,E808S,0.3862,ambiguous,CRB2,808.0
Q5IJ48,E808T,0.4713,ambiguous,CRB2,808.0
Q5IJ48,E808V,0.5107,ambiguous,CRB2,808.0
Q5IJ48,E808W,0.9495,pathogenic,CRB2,808.0
Q5IJ48,E808Y,0.8834,pathogenic,CRB2,808.0
Q5IJ48,D809A,0.2953,benign,CRB2,809.0
Q5IJ48,D809C,0.9257,pathogenic,CRB2,809.0
Q5IJ48,D809E,0.3178,benign,CRB2,809.0
Q5IJ48,D809F,0.7701,pathogenic,CRB2,809.0
Q5IJ48,D809G,0.2575,benign,CRB2,809.0
Q5IJ48,D809H,0.4618,ambiguous,CRB2,809.0
Q5IJ48,D809I,0.6383,pathogenic,CRB2,809.0
Q5IJ48,D809K,0.5635,ambiguous,CRB2,809.0
Q5IJ48,D809L,0.5922,pathogenic,CRB2,809.0
Q5IJ48,D809M,0.8061,pathogenic,CRB2,809.0
Q5IJ48,D809N,0.1197,benign,CRB2,809.0
Q5IJ48,D809P,0.621,pathogenic,CRB2,809.0
Q5IJ48,D809Q,0.5413,ambiguous,CRB2,809.0
Q5IJ48,D809R,0.5299,ambiguous,CRB2,809.0
Q5IJ48,D809S,0.2491,benign,CRB2,809.0
Q5IJ48,D809T,0.4633,ambiguous,CRB2,809.0
Q5IJ48,D809V,0.3962,ambiguous,CRB2,809.0
Q5IJ48,D809W,0.922,pathogenic,CRB2,809.0
Q5IJ48,D809Y,0.346,ambiguous,CRB2,809.0
Q5IJ48,M810A,0.1144,benign,CRB2,810.0
Q5IJ48,M810C,0.6858,pathogenic,CRB2,810.0
Q5IJ48,M810D,0.511,ambiguous,CRB2,810.0
Q5IJ48,M810E,0.2113,benign,CRB2,810.0
Q5IJ48,M810F,0.3463,ambiguous,CRB2,810.0
Q5IJ48,M810G,0.2364,benign,CRB2,810.0
Q5IJ48,M810H,0.3204,benign,CRB2,810.0
Q5IJ48,M810I,0.2255,benign,CRB2,810.0
Q5IJ48,M810K,0.1289,benign,CRB2,810.0
Q5IJ48,M810L,0.1248,benign,CRB2,810.0
Q5IJ48,M810N,0.2731,benign,CRB2,810.0
Q5IJ48,M810P,0.2714,benign,CRB2,810.0
Q5IJ48,M810Q,0.13,benign,CRB2,810.0
Q5IJ48,M810R,0.0862,benign,CRB2,810.0
Q5IJ48,M810S,0.1321,benign,CRB2,810.0
Q5IJ48,M810T,0.0444,benign,CRB2,810.0
Q5IJ48,M810V,0.0553,benign,CRB2,810.0
Q5IJ48,M810W,0.5616,ambiguous,CRB2,810.0
Q5IJ48,M810Y,0.5696,pathogenic,CRB2,810.0
Q5IJ48,C811A,0.9627,pathogenic,CRB2,811.0
Q5IJ48,C811D,0.9813,pathogenic,CRB2,811.0
Q5IJ48,C811E,0.9887,pathogenic,CRB2,811.0
Q5IJ48,C811F,0.9241,pathogenic,CRB2,811.0
Q5IJ48,C811G,0.8231,pathogenic,CRB2,811.0
Q5IJ48,C811H,0.9789,pathogenic,CRB2,811.0
Q5IJ48,C811I,0.9771,pathogenic,CRB2,811.0
Q5IJ48,C811K,0.9951,pathogenic,CRB2,811.0
Q5IJ48,C811L,0.9264,pathogenic,CRB2,811.0
Q5IJ48,C811M,0.9865,pathogenic,CRB2,811.0
Q5IJ48,C811N,0.9852,pathogenic,CRB2,811.0
Q5IJ48,C811P,0.9718,pathogenic,CRB2,811.0
Q5IJ48,C811Q,0.989,pathogenic,CRB2,811.0
Q5IJ48,C811R,0.949,pathogenic,CRB2,811.0
Q5IJ48,C811S,0.9768,pathogenic,CRB2,811.0
Q5IJ48,C811T,0.9869,pathogenic,CRB2,811.0
Q5IJ48,C811V,0.9598,pathogenic,CRB2,811.0
Q5IJ48,C811W,0.9405,pathogenic,CRB2,811.0
Q5IJ48,C811Y,0.9412,pathogenic,CRB2,811.0
Q5IJ48,S812A,0.1095,benign,CRB2,812.0
Q5IJ48,S812C,0.3489,ambiguous,CRB2,812.0
Q5IJ48,S812D,0.1746,benign,CRB2,812.0
Q5IJ48,S812E,0.2281,benign,CRB2,812.0
Q5IJ48,S812F,0.2155,benign,CRB2,812.0
Q5IJ48,S812G,0.0902,benign,CRB2,812.0
Q5IJ48,S812H,0.1236,benign,CRB2,812.0
Q5IJ48,S812I,0.1222,benign,CRB2,812.0
Q5IJ48,S812K,0.2454,benign,CRB2,812.0
Q5IJ48,S812L,0.13,benign,CRB2,812.0
Q5IJ48,S812M,0.2571,benign,CRB2,812.0
Q5IJ48,S812N,0.0964,benign,CRB2,812.0
Q5IJ48,S812P,0.2754,benign,CRB2,812.0
Q5IJ48,S812Q,0.1824,benign,CRB2,812.0
Q5IJ48,S812R,0.1515,benign,CRB2,812.0
Q5IJ48,S812T,0.1113,benign,CRB2,812.0
Q5IJ48,S812V,0.1804,benign,CRB2,812.0
Q5IJ48,S812W,0.2347,benign,CRB2,812.0
Q5IJ48,S812Y,0.1803,benign,CRB2,812.0
Q5IJ48,P813A,0.0702,benign,CRB2,813.0
Q5IJ48,P813C,0.5834,pathogenic,CRB2,813.0
Q5IJ48,P813D,0.2599,benign,CRB2,813.0
Q5IJ48,P813E,0.173,benign,CRB2,813.0
Q5IJ48,P813F,0.3615,ambiguous,CRB2,813.0
Q5IJ48,P813G,0.19,benign,CRB2,813.0
Q5IJ48,P813H,0.1415,benign,CRB2,813.0
Q5IJ48,P813I,0.3103,benign,CRB2,813.0
Q5IJ48,P813K,0.2273,benign,CRB2,813.0
Q5IJ48,P813L,0.1042,benign,CRB2,813.0
Q5IJ48,P813M,0.2899,benign,CRB2,813.0
Q5IJ48,P813N,0.2632,benign,CRB2,813.0
Q5IJ48,P813Q,0.119,benign,CRB2,813.0
Q5IJ48,P813R,0.0961,benign,CRB2,813.0
Q5IJ48,P813S,0.0806,benign,CRB2,813.0
Q5IJ48,P813T,0.0845,benign,CRB2,813.0
Q5IJ48,P813V,0.1929,benign,CRB2,813.0
Q5IJ48,P813W,0.3604,ambiguous,CRB2,813.0
Q5IJ48,P813Y,0.3816,ambiguous,CRB2,813.0
Q5IJ48,D814A,0.0977,benign,CRB2,814.0
Q5IJ48,D814C,0.5947,pathogenic,CRB2,814.0
Q5IJ48,D814E,0.1213,benign,CRB2,814.0
Q5IJ48,D814F,0.368,ambiguous,CRB2,814.0
Q5IJ48,D814G,0.1184,benign,CRB2,814.0
Q5IJ48,D814H,0.1356,benign,CRB2,814.0
Q5IJ48,D814I,0.2639,benign,CRB2,814.0
Q5IJ48,D814K,0.1864,benign,CRB2,814.0
Q5IJ48,D814L,0.197,benign,CRB2,814.0
Q5IJ48,D814M,0.4273,ambiguous,CRB2,814.0
Q5IJ48,D814N,0.0772,benign,CRB2,814.0
Q5IJ48,D814P,0.2804,benign,CRB2,814.0
Q5IJ48,D814Q,0.1463,benign,CRB2,814.0
Q5IJ48,D814R,0.1537,benign,CRB2,814.0
Q5IJ48,D814S,0.0731,benign,CRB2,814.0
Q5IJ48,D814T,0.1542,benign,CRB2,814.0
Q5IJ48,D814V,0.1612,benign,CRB2,814.0
Q5IJ48,D814W,0.6355,pathogenic,CRB2,814.0
Q5IJ48,D814Y,0.152,benign,CRB2,814.0
Q5IJ48,P815A,0.269,benign,CRB2,815.0
Q5IJ48,P815C,0.9172,pathogenic,CRB2,815.0
Q5IJ48,P815D,0.8466,pathogenic,CRB2,815.0
Q5IJ48,P815E,0.6901,pathogenic,CRB2,815.0
Q5IJ48,P815F,0.7768,pathogenic,CRB2,815.0
Q5IJ48,P815G,0.7348,pathogenic,CRB2,815.0
Q5IJ48,P815H,0.4844,ambiguous,CRB2,815.0
Q5IJ48,P815I,0.5998,pathogenic,CRB2,815.0
Q5IJ48,P815K,0.7046,pathogenic,CRB2,815.0
Q5IJ48,P815L,0.3011,benign,CRB2,815.0
Q5IJ48,P815M,0.763,pathogenic,CRB2,815.0
Q5IJ48,P815N,0.816,pathogenic,CRB2,815.0
Q5IJ48,P815Q,0.5106,ambiguous,CRB2,815.0
Q5IJ48,P815R,0.3357,benign,CRB2,815.0
Q5IJ48,P815S,0.4404,ambiguous,CRB2,815.0
Q5IJ48,P815T,0.3292,benign,CRB2,815.0
Q5IJ48,P815V,0.4661,ambiguous,CRB2,815.0
Q5IJ48,P815W,0.8698,pathogenic,CRB2,815.0
Q5IJ48,P815Y,0.8081,pathogenic,CRB2,815.0
Q5IJ48,C816A,0.9782,pathogenic,CRB2,816.0
Q5IJ48,C816D,0.9961,pathogenic,CRB2,816.0
Q5IJ48,C816E,0.9971,pathogenic,CRB2,816.0
Q5IJ48,C816F,0.959,pathogenic,CRB2,816.0
Q5IJ48,C816G,0.926,pathogenic,CRB2,816.0
Q5IJ48,C816H,0.9906,pathogenic,CRB2,816.0
Q5IJ48,C816I,0.9866,pathogenic,CRB2,816.0
Q5IJ48,C816K,0.9985,pathogenic,CRB2,816.0
Q5IJ48,C816L,0.9557,pathogenic,CRB2,816.0
Q5IJ48,C816M,0.995,pathogenic,CRB2,816.0
Q5IJ48,C816N,0.9954,pathogenic,CRB2,816.0
Q5IJ48,C816P,0.9799,pathogenic,CRB2,816.0
Q5IJ48,C816Q,0.9962,pathogenic,CRB2,816.0
Q5IJ48,C816R,0.9692,pathogenic,CRB2,816.0
Q5IJ48,C816S,0.9817,pathogenic,CRB2,816.0
Q5IJ48,C816T,0.9934,pathogenic,CRB2,816.0
Q5IJ48,C816V,0.9749,pathogenic,CRB2,816.0
Q5IJ48,C816W,0.9756,pathogenic,CRB2,816.0
Q5IJ48,C816Y,0.9761,pathogenic,CRB2,816.0
Q5IJ48,F817A,0.1401,benign,CRB2,817.0
Q5IJ48,F817C,0.2959,benign,CRB2,817.0
Q5IJ48,F817D,0.2633,benign,CRB2,817.0
Q5IJ48,F817E,0.2508,benign,CRB2,817.0
Q5IJ48,F817G,0.2633,benign,CRB2,817.0
Q5IJ48,F817H,0.1653,benign,CRB2,817.0
Q5IJ48,F817I,0.0999,benign,CRB2,817.0
Q5IJ48,F817K,0.2757,benign,CRB2,817.0
Q5IJ48,F817L,0.1932,benign,CRB2,817.0
Q5IJ48,F817M,0.2561,benign,CRB2,817.0
Q5IJ48,F817N,0.2357,benign,CRB2,817.0
Q5IJ48,F817P,0.4852,ambiguous,CRB2,817.0
Q5IJ48,F817Q,0.168,benign,CRB2,817.0
Q5IJ48,F817R,0.1107,benign,CRB2,817.0
Q5IJ48,F817S,0.1138,benign,CRB2,817.0
Q5IJ48,F817T,0.2038,benign,CRB2,817.0
Q5IJ48,F817V,0.0832,benign,CRB2,817.0
Q5IJ48,F817W,0.1841,benign,CRB2,817.0
Q5IJ48,F817Y,0.1186,benign,CRB2,817.0
Q5IJ48,N818A,0.5018,ambiguous,CRB2,818.0
Q5IJ48,N818C,0.8168,pathogenic,CRB2,818.0
Q5IJ48,N818D,0.3667,ambiguous,CRB2,818.0
Q5IJ48,N818E,0.647,pathogenic,CRB2,818.0
Q5IJ48,N818F,0.7118,pathogenic,CRB2,818.0
Q5IJ48,N818G,0.4041,ambiguous,CRB2,818.0
Q5IJ48,N818H,0.077,benign,CRB2,818.0
Q5IJ48,N818I,0.8122,pathogenic,CRB2,818.0
Q5IJ48,N818K,0.5988,pathogenic,CRB2,818.0
Q5IJ48,N818L,0.4928,ambiguous,CRB2,818.0
Q5IJ48,N818M,0.7656,pathogenic,CRB2,818.0
Q5IJ48,N818P,0.7484,pathogenic,CRB2,818.0
Q5IJ48,N818Q,0.4082,ambiguous,CRB2,818.0
Q5IJ48,N818R,0.3825,ambiguous,CRB2,818.0
Q5IJ48,N818S,0.1026,benign,CRB2,818.0
Q5IJ48,N818T,0.5116,ambiguous,CRB2,818.0
Q5IJ48,N818V,0.7904,pathogenic,CRB2,818.0
Q5IJ48,N818W,0.8001,pathogenic,CRB2,818.0
Q5IJ48,N818Y,0.3227,benign,CRB2,818.0
Q5IJ48,G819A,0.2084,benign,CRB2,819.0
Q5IJ48,G819C,0.6604,pathogenic,CRB2,819.0
Q5IJ48,G819D,0.149,benign,CRB2,819.0
Q5IJ48,G819E,0.1812,benign,CRB2,819.0
Q5IJ48,G819F,0.7282,pathogenic,CRB2,819.0
Q5IJ48,G819H,0.2559,benign,CRB2,819.0
Q5IJ48,G819I,0.6974,pathogenic,CRB2,819.0
Q5IJ48,G819K,0.3052,benign,CRB2,819.0
Q5IJ48,G819L,0.6011,pathogenic,CRB2,819.0
Q5IJ48,G819M,0.6803,pathogenic,CRB2,819.0
Q5IJ48,G819N,0.2584,benign,CRB2,819.0
Q5IJ48,G819P,0.9351,pathogenic,CRB2,819.0
Q5IJ48,G819Q,0.2029,benign,CRB2,819.0
Q5IJ48,G819R,0.1605,benign,CRB2,819.0
Q5IJ48,G819S,0.1133,benign,CRB2,819.0
Q5IJ48,G819T,0.3081,benign,CRB2,819.0
Q5IJ48,G819V,0.5368,ambiguous,CRB2,819.0
Q5IJ48,G819W,0.4605,ambiguous,CRB2,819.0
Q5IJ48,G819Y,0.5587,ambiguous,CRB2,819.0
Q5IJ48,G820A,0.3689,ambiguous,CRB2,820.0
Q5IJ48,G820C,0.9019,pathogenic,CRB2,820.0
Q5IJ48,G820D,0.8907,pathogenic,CRB2,820.0
Q5IJ48,G820E,0.8897,pathogenic,CRB2,820.0
Q5IJ48,G820F,0.9683,pathogenic,CRB2,820.0
Q5IJ48,G820H,0.9399,pathogenic,CRB2,820.0
Q5IJ48,G820I,0.9352,pathogenic,CRB2,820.0
Q5IJ48,G820K,0.947,pathogenic,CRB2,820.0
Q5IJ48,G820L,0.9362,pathogenic,CRB2,820.0
Q5IJ48,G820M,0.946,pathogenic,CRB2,820.0
Q5IJ48,G820N,0.908,pathogenic,CRB2,820.0
Q5IJ48,G820P,0.9852,pathogenic,CRB2,820.0
Q5IJ48,G820Q,0.8993,pathogenic,CRB2,820.0
Q5IJ48,G820R,0.8603,pathogenic,CRB2,820.0
Q5IJ48,G820S,0.3521,ambiguous,CRB2,820.0
Q5IJ48,G820T,0.8099,pathogenic,CRB2,820.0
Q5IJ48,G820V,0.8779,pathogenic,CRB2,820.0
Q5IJ48,G820W,0.9355,pathogenic,CRB2,820.0
Q5IJ48,G820Y,0.9604,pathogenic,CRB2,820.0
Q5IJ48,T821A,0.0807,benign,CRB2,821.0
Q5IJ48,T821C,0.6334,pathogenic,CRB2,821.0
Q5IJ48,T821D,0.2265,benign,CRB2,821.0
Q5IJ48,T821E,0.1634,benign,CRB2,821.0
Q5IJ48,T821F,0.159,benign,CRB2,821.0
Q5IJ48,T821G,0.2119,benign,CRB2,821.0
Q5IJ48,T821H,0.14,benign,CRB2,821.0
Q5IJ48,T821I,0.115,benign,CRB2,821.0
Q5IJ48,T821K,0.1178,benign,CRB2,821.0
Q5IJ48,T821L,0.0809,benign,CRB2,821.0
Q5IJ48,T821M,0.0969,benign,CRB2,821.0
Q5IJ48,T821N,0.1005,benign,CRB2,821.0
Q5IJ48,T821P,0.2101,benign,CRB2,821.0
Q5IJ48,T821Q,0.1223,benign,CRB2,821.0
Q5IJ48,T821R,0.0765,benign,CRB2,821.0
Q5IJ48,T821S,0.0974,benign,CRB2,821.0
Q5IJ48,T821V,0.1179,benign,CRB2,821.0
Q5IJ48,T821W,0.36,ambiguous,CRB2,821.0
Q5IJ48,T821Y,0.2167,benign,CRB2,821.0
Q5IJ48,C822A,0.9774,pathogenic,CRB2,822.0
Q5IJ48,C822D,0.9965,pathogenic,CRB2,822.0
Q5IJ48,C822E,0.9972,pathogenic,CRB2,822.0
Q5IJ48,C822F,0.9558,pathogenic,CRB2,822.0
Q5IJ48,C822G,0.9252,pathogenic,CRB2,822.0
Q5IJ48,C822H,0.9912,pathogenic,CRB2,822.0
Q5IJ48,C822I,0.9869,pathogenic,CRB2,822.0
Q5IJ48,C822K,0.9983,pathogenic,CRB2,822.0
Q5IJ48,C822L,0.959,pathogenic,CRB2,822.0
Q5IJ48,C822M,0.9937,pathogenic,CRB2,822.0
Q5IJ48,C822N,0.9948,pathogenic,CRB2,822.0
Q5IJ48,C822P,0.981,pathogenic,CRB2,822.0
Q5IJ48,C822Q,0.9962,pathogenic,CRB2,822.0
Q5IJ48,C822R,0.972,pathogenic,CRB2,822.0
Q5IJ48,C822S,0.9798,pathogenic,CRB2,822.0
Q5IJ48,C822T,0.9925,pathogenic,CRB2,822.0
Q5IJ48,C822V,0.9746,pathogenic,CRB2,822.0
Q5IJ48,C822W,0.9742,pathogenic,CRB2,822.0
Q5IJ48,C822Y,0.9721,pathogenic,CRB2,822.0
Q5IJ48,L823A,0.1378,benign,CRB2,823.0
Q5IJ48,L823C,0.5674,pathogenic,CRB2,823.0
Q5IJ48,L823D,0.3845,ambiguous,CRB2,823.0
Q5IJ48,L823E,0.132,benign,CRB2,823.0
Q5IJ48,L823F,0.1142,benign,CRB2,823.0
Q5IJ48,L823G,0.3283,benign,CRB2,823.0
Q5IJ48,L823H,0.1121,benign,CRB2,823.0
Q5IJ48,L823I,0.1127,benign,CRB2,823.0
Q5IJ48,L823K,0.169,benign,CRB2,823.0
Q5IJ48,L823M,0.1328,benign,CRB2,823.0
Q5IJ48,L823N,0.2686,benign,CRB2,823.0
Q5IJ48,L823P,0.4835,ambiguous,CRB2,823.0
Q5IJ48,L823Q,0.0723,benign,CRB2,823.0
Q5IJ48,L823R,0.064,benign,CRB2,823.0
Q5IJ48,L823S,0.1573,benign,CRB2,823.0
Q5IJ48,L823T,0.1287,benign,CRB2,823.0
Q5IJ48,L823V,0.0847,benign,CRB2,823.0
Q5IJ48,L823W,0.1495,benign,CRB2,823.0
Q5IJ48,L823Y,0.297,benign,CRB2,823.0
Q5IJ48,V824A,0.3003,benign,CRB2,824.0
Q5IJ48,V824C,0.9557,pathogenic,CRB2,824.0
Q5IJ48,V824D,0.3071,benign,CRB2,824.0
Q5IJ48,V824E,0.2835,benign,CRB2,824.0
Q5IJ48,V824F,0.3352,benign,CRB2,824.0
Q5IJ48,V824G,0.3139,benign,CRB2,824.0
Q5IJ48,V824H,0.6668,pathogenic,CRB2,824.0
Q5IJ48,V824I,0.1082,benign,CRB2,824.0
Q5IJ48,V824K,0.4744,ambiguous,CRB2,824.0
Q5IJ48,V824L,0.288,benign,CRB2,824.0
Q5IJ48,V824M,0.3106,benign,CRB2,824.0
Q5IJ48,V824N,0.3489,ambiguous,CRB2,824.0
Q5IJ48,V824P,0.3482,ambiguous,CRB2,824.0
Q5IJ48,V824Q,0.3815,ambiguous,CRB2,824.0
Q5IJ48,V824R,0.3553,ambiguous,CRB2,824.0
Q5IJ48,V824S,0.3074,benign,CRB2,824.0
Q5IJ48,V824T,0.3827,ambiguous,CRB2,824.0
Q5IJ48,V824W,0.8958,pathogenic,CRB2,824.0
Q5IJ48,V824Y,0.753,pathogenic,CRB2,824.0
Q5IJ48,T825A,0.2032,benign,CRB2,825.0
Q5IJ48,T825C,0.8863,pathogenic,CRB2,825.0
Q5IJ48,T825D,0.5626,ambiguous,CRB2,825.0
Q5IJ48,T825E,0.4693,ambiguous,CRB2,825.0
Q5IJ48,T825F,0.4738,ambiguous,CRB2,825.0
Q5IJ48,T825G,0.408,ambiguous,CRB2,825.0
Q5IJ48,T825H,0.4323,ambiguous,CRB2,825.0
Q5IJ48,T825I,0.4147,ambiguous,CRB2,825.0
Q5IJ48,T825K,0.3783,ambiguous,CRB2,825.0
Q5IJ48,T825L,0.1729,benign,CRB2,825.0
Q5IJ48,T825M,0.185,benign,CRB2,825.0
Q5IJ48,T825N,0.2915,benign,CRB2,825.0
Q5IJ48,T825P,0.3644,ambiguous,CRB2,825.0
Q5IJ48,T825Q,0.3697,ambiguous,CRB2,825.0
Q5IJ48,T825R,0.2624,benign,CRB2,825.0
Q5IJ48,T825S,0.1857,benign,CRB2,825.0
Q5IJ48,T825V,0.3685,ambiguous,CRB2,825.0
Q5IJ48,T825W,0.7377,pathogenic,CRB2,825.0
Q5IJ48,T825Y,0.6015,pathogenic,CRB2,825.0
Q5IJ48,W826A,0.9313,pathogenic,CRB2,826.0
Q5IJ48,W826C,0.993,pathogenic,CRB2,826.0
Q5IJ48,W826D,0.9724,pathogenic,CRB2,826.0
Q5IJ48,W826E,0.9644,pathogenic,CRB2,826.0
Q5IJ48,W826F,0.5856,pathogenic,CRB2,826.0
Q5IJ48,W826G,0.7914,pathogenic,CRB2,826.0
Q5IJ48,W826H,0.9598,pathogenic,CRB2,826.0
Q5IJ48,W826I,0.9828,pathogenic,CRB2,826.0
Q5IJ48,W826K,0.9909,pathogenic,CRB2,826.0
Q5IJ48,W826L,0.9383,pathogenic,CRB2,826.0
Q5IJ48,W826M,0.9836,pathogenic,CRB2,826.0
Q5IJ48,W826N,0.9823,pathogenic,CRB2,826.0
Q5IJ48,W826P,0.9756,pathogenic,CRB2,826.0
Q5IJ48,W826Q,0.9807,pathogenic,CRB2,826.0
Q5IJ48,W826R,0.9677,pathogenic,CRB2,826.0
Q5IJ48,W826S,0.8363,pathogenic,CRB2,826.0
Q5IJ48,W826T,0.9609,pathogenic,CRB2,826.0
Q5IJ48,W826V,0.9627,pathogenic,CRB2,826.0
Q5IJ48,W826Y,0.856,pathogenic,CRB2,826.0
Q5IJ48,N827A,0.9642,pathogenic,CRB2,827.0
Q5IJ48,N827C,0.9931,pathogenic,CRB2,827.0
Q5IJ48,N827D,0.6165,pathogenic,CRB2,827.0
Q5IJ48,N827E,0.9229,pathogenic,CRB2,827.0
Q5IJ48,N827F,0.9895,pathogenic,CRB2,827.0
Q5IJ48,N827G,0.8943,pathogenic,CRB2,827.0
Q5IJ48,N827H,0.7739,pathogenic,CRB2,827.0
Q5IJ48,N827I,0.9792,pathogenic,CRB2,827.0
Q5IJ48,N827K,0.928,pathogenic,CRB2,827.0
Q5IJ48,N827L,0.9359,pathogenic,CRB2,827.0
Q5IJ48,N827M,0.9526,pathogenic,CRB2,827.0
Q5IJ48,N827P,0.9789,pathogenic,CRB2,827.0
Q5IJ48,N827Q,0.9291,pathogenic,CRB2,827.0
Q5IJ48,N827R,0.9258,pathogenic,CRB2,827.0
Q5IJ48,N827S,0.6985,pathogenic,CRB2,827.0
Q5IJ48,N827T,0.923,pathogenic,CRB2,827.0
Q5IJ48,N827V,0.9818,pathogenic,CRB2,827.0
Q5IJ48,N827W,0.9894,pathogenic,CRB2,827.0
Q5IJ48,N827Y,0.8415,pathogenic,CRB2,827.0
Q5IJ48,D828A,0.5316,ambiguous,CRB2,828.0
Q5IJ48,D828C,0.9755,pathogenic,CRB2,828.0
Q5IJ48,D828E,0.6278,pathogenic,CRB2,828.0
Q5IJ48,D828F,0.949,pathogenic,CRB2,828.0
Q5IJ48,D828G,0.4107,ambiguous,CRB2,828.0
Q5IJ48,D828H,0.6478,pathogenic,CRB2,828.0
Q5IJ48,D828I,0.9371,pathogenic,CRB2,828.0
Q5IJ48,D828K,0.8496,pathogenic,CRB2,828.0
Q5IJ48,D828L,0.8693,pathogenic,CRB2,828.0
Q5IJ48,D828M,0.9717,pathogenic,CRB2,828.0
Q5IJ48,D828N,0.2199,benign,CRB2,828.0
Q5IJ48,D828P,0.9816,pathogenic,CRB2,828.0
Q5IJ48,D828Q,0.7696,pathogenic,CRB2,828.0
Q5IJ48,D828R,0.6968,pathogenic,CRB2,828.0
Q5IJ48,D828S,0.3177,benign,CRB2,828.0
Q5IJ48,D828T,0.7034,pathogenic,CRB2,828.0
Q5IJ48,D828V,0.8254,pathogenic,CRB2,828.0
Q5IJ48,D828W,0.9882,pathogenic,CRB2,828.0
Q5IJ48,D828Y,0.6704,pathogenic,CRB2,828.0
Q5IJ48,F829A,0.9236,pathogenic,CRB2,829.0
Q5IJ48,F829C,0.964,pathogenic,CRB2,829.0
Q5IJ48,F829D,0.9732,pathogenic,CRB2,829.0
Q5IJ48,F829E,0.9823,pathogenic,CRB2,829.0
Q5IJ48,F829G,0.961,pathogenic,CRB2,829.0
Q5IJ48,F829H,0.8281,pathogenic,CRB2,829.0
Q5IJ48,F829I,0.7563,pathogenic,CRB2,829.0
Q5IJ48,F829K,0.9786,pathogenic,CRB2,829.0
Q5IJ48,F829L,0.9753,pathogenic,CRB2,829.0
Q5IJ48,F829M,0.9416,pathogenic,CRB2,829.0
Q5IJ48,F829N,0.9493,pathogenic,CRB2,829.0
Q5IJ48,F829P,0.9964,pathogenic,CRB2,829.0
Q5IJ48,F829Q,0.9629,pathogenic,CRB2,829.0
Q5IJ48,F829R,0.9067,pathogenic,CRB2,829.0
Q5IJ48,F829S,0.8324,pathogenic,CRB2,829.0
Q5IJ48,F829T,0.9094,pathogenic,CRB2,829.0
Q5IJ48,F829V,0.7046,pathogenic,CRB2,829.0
Q5IJ48,F829W,0.7668,pathogenic,CRB2,829.0
Q5IJ48,F829Y,0.3241,benign,CRB2,829.0
Q5IJ48,H830A,0.1846,benign,CRB2,830.0
Q5IJ48,H830C,0.3377,benign,CRB2,830.0
Q5IJ48,H830D,0.176,benign,CRB2,830.0
Q5IJ48,H830E,0.1808,benign,CRB2,830.0
Q5IJ48,H830F,0.253,benign,CRB2,830.0
Q5IJ48,H830G,0.2617,benign,CRB2,830.0
Q5IJ48,H830I,0.2256,benign,CRB2,830.0
Q5IJ48,H830K,0.2552,benign,CRB2,830.0
Q5IJ48,H830L,0.0932,benign,CRB2,830.0
Q5IJ48,H830M,0.4527,ambiguous,CRB2,830.0
Q5IJ48,H830N,0.1194,benign,CRB2,830.0
Q5IJ48,H830P,0.3623,ambiguous,CRB2,830.0
Q5IJ48,H830Q,0.1266,benign,CRB2,830.0
Q5IJ48,H830R,0.0715,benign,CRB2,830.0
Q5IJ48,H830S,0.1319,benign,CRB2,830.0
Q5IJ48,H830T,0.173,benign,CRB2,830.0
Q5IJ48,H830V,0.1775,benign,CRB2,830.0
Q5IJ48,H830W,0.2381,benign,CRB2,830.0
Q5IJ48,H830Y,0.0991,benign,CRB2,830.0
Q5IJ48,C831A,0.9818,pathogenic,CRB2,831.0
Q5IJ48,C831D,0.9961,pathogenic,CRB2,831.0
Q5IJ48,C831E,0.997,pathogenic,CRB2,831.0
Q5IJ48,C831F,0.9607,pathogenic,CRB2,831.0
Q5IJ48,C831G,0.8969,pathogenic,CRB2,831.0
Q5IJ48,C831H,0.9898,pathogenic,CRB2,831.0
Q5IJ48,C831I,0.9866,pathogenic,CRB2,831.0
Q5IJ48,C831K,0.9983,pathogenic,CRB2,831.0
Q5IJ48,C831L,0.9605,pathogenic,CRB2,831.0
Q5IJ48,C831M,0.9949,pathogenic,CRB2,831.0
Q5IJ48,C831N,0.9946,pathogenic,CRB2,831.0
Q5IJ48,C831P,0.9909,pathogenic,CRB2,831.0
Q5IJ48,C831Q,0.9952,pathogenic,CRB2,831.0
Q5IJ48,C831R,0.9645,pathogenic,CRB2,831.0
Q5IJ48,C831S,0.9809,pathogenic,CRB2,831.0
Q5IJ48,C831T,0.9926,pathogenic,CRB2,831.0
Q5IJ48,C831V,0.9743,pathogenic,CRB2,831.0
Q5IJ48,C831W,0.9729,pathogenic,CRB2,831.0
Q5IJ48,C831Y,0.9743,pathogenic,CRB2,831.0
Q5IJ48,T832A,0.0771,benign,CRB2,832.0
Q5IJ48,T832C,0.676,pathogenic,CRB2,832.0
Q5IJ48,T832D,0.2069,benign,CRB2,832.0
Q5IJ48,T832E,0.1997,benign,CRB2,832.0
Q5IJ48,T832F,0.1683,benign,CRB2,832.0
Q5IJ48,T832G,0.2044,benign,CRB2,832.0
Q5IJ48,T832H,0.1581,benign,CRB2,832.0
Q5IJ48,T832I,0.1453,benign,CRB2,832.0
Q5IJ48,T832K,0.183,benign,CRB2,832.0
Q5IJ48,T832L,0.0875,benign,CRB2,832.0
Q5IJ48,T832M,0.1252,benign,CRB2,832.0
Q5IJ48,T832N,0.1084,benign,CRB2,832.0
Q5IJ48,T832P,0.1622,benign,CRB2,832.0
Q5IJ48,T832Q,0.1649,benign,CRB2,832.0
Q5IJ48,T832R,0.1074,benign,CRB2,832.0
Q5IJ48,T832S,0.0841,benign,CRB2,832.0
Q5IJ48,T832V,0.1365,benign,CRB2,832.0
Q5IJ48,T832W,0.4436,ambiguous,CRB2,832.0
Q5IJ48,T832Y,0.2344,benign,CRB2,832.0
Q5IJ48,C833A,0.9601,pathogenic,CRB2,833.0
Q5IJ48,C833D,0.9921,pathogenic,CRB2,833.0
Q5IJ48,C833E,0.9945,pathogenic,CRB2,833.0
Q5IJ48,C833F,0.9304,pathogenic,CRB2,833.0
Q5IJ48,C833G,0.8715,pathogenic,CRB2,833.0
Q5IJ48,C833H,0.9821,pathogenic,CRB2,833.0
Q5IJ48,C833I,0.9806,pathogenic,CRB2,833.0
Q5IJ48,C833K,0.9969,pathogenic,CRB2,833.0
Q5IJ48,C833L,0.9337,pathogenic,CRB2,833.0
Q5IJ48,C833M,0.9889,pathogenic,CRB2,833.0
Q5IJ48,C833N,0.9896,pathogenic,CRB2,833.0
Q5IJ48,C833P,0.9523,pathogenic,CRB2,833.0
Q5IJ48,C833Q,0.9916,pathogenic,CRB2,833.0
Q5IJ48,C833R,0.9564,pathogenic,CRB2,833.0
Q5IJ48,C833S,0.9548,pathogenic,CRB2,833.0
Q5IJ48,C833T,0.9871,pathogenic,CRB2,833.0
Q5IJ48,C833V,0.9653,pathogenic,CRB2,833.0
Q5IJ48,C833W,0.9567,pathogenic,CRB2,833.0
Q5IJ48,C833Y,0.9606,pathogenic,CRB2,833.0
Q5IJ48,P834A,0.0803,benign,CRB2,834.0
Q5IJ48,P834C,0.7133,pathogenic,CRB2,834.0
Q5IJ48,P834D,0.4181,ambiguous,CRB2,834.0
Q5IJ48,P834E,0.2229,benign,CRB2,834.0
Q5IJ48,P834F,0.462,ambiguous,CRB2,834.0
Q5IJ48,P834G,0.2581,benign,CRB2,834.0
Q5IJ48,P834H,0.194,benign,CRB2,834.0
Q5IJ48,P834I,0.3679,ambiguous,CRB2,834.0
Q5IJ48,P834K,0.2807,benign,CRB2,834.0
Q5IJ48,P834L,0.1018,benign,CRB2,834.0
Q5IJ48,P834M,0.3296,benign,CRB2,834.0
Q5IJ48,P834N,0.4053,ambiguous,CRB2,834.0
Q5IJ48,P834Q,0.142,benign,CRB2,834.0
Q5IJ48,P834R,0.1152,benign,CRB2,834.0
Q5IJ48,P834S,0.1079,benign,CRB2,834.0
Q5IJ48,P834T,0.1031,benign,CRB2,834.0
Q5IJ48,P834V,0.2214,benign,CRB2,834.0
Q5IJ48,P834W,0.4854,ambiguous,CRB2,834.0
Q5IJ48,P834Y,0.489,ambiguous,CRB2,834.0
Q5IJ48,A835C,0.5103,ambiguous,CRB2,835.0
Q5IJ48,A835D,0.0681,benign,CRB2,835.0
Q5IJ48,A835E,0.085,benign,CRB2,835.0
Q5IJ48,A835F,0.1974,benign,CRB2,835.0
Q5IJ48,A835G,0.0793,benign,CRB2,835.0
Q5IJ48,A835H,0.1834,benign,CRB2,835.0
Q5IJ48,A835I,0.1595,benign,CRB2,835.0
Q5IJ48,A835K,0.1647,benign,CRB2,835.0
Q5IJ48,A835L,0.103,benign,CRB2,835.0
Q5IJ48,A835M,0.1651,benign,CRB2,835.0
Q5IJ48,A835N,0.1145,benign,CRB2,835.0
Q5IJ48,A835P,0.0863,benign,CRB2,835.0
Q5IJ48,A835Q,0.1218,benign,CRB2,835.0
Q5IJ48,A835R,0.1149,benign,CRB2,835.0
Q5IJ48,A835S,0.0751,benign,CRB2,835.0
Q5IJ48,A835T,0.0755,benign,CRB2,835.0
Q5IJ48,A835V,0.0864,benign,CRB2,835.0
Q5IJ48,A835W,0.3581,ambiguous,CRB2,835.0
Q5IJ48,A835Y,0.2468,benign,CRB2,835.0
Q5IJ48,N836A,0.2557,benign,CRB2,836.0
Q5IJ48,N836C,0.7996,pathogenic,CRB2,836.0
Q5IJ48,N836D,0.1548,benign,CRB2,836.0
Q5IJ48,N836E,0.3932,ambiguous,CRB2,836.0
Q5IJ48,N836F,0.7477,pathogenic,CRB2,836.0
Q5IJ48,N836G,0.2519,benign,CRB2,836.0
Q5IJ48,N836H,0.1897,benign,CRB2,836.0
Q5IJ48,N836I,0.5132,ambiguous,CRB2,836.0
Q5IJ48,N836K,0.4661,ambiguous,CRB2,836.0
Q5IJ48,N836L,0.3413,ambiguous,CRB2,836.0
Q5IJ48,N836M,0.6348,pathogenic,CRB2,836.0
Q5IJ48,N836P,0.453,ambiguous,CRB2,836.0
Q5IJ48,N836Q,0.4812,ambiguous,CRB2,836.0
Q5IJ48,N836R,0.34,ambiguous,CRB2,836.0
Q5IJ48,N836S,0.0975,benign,CRB2,836.0
Q5IJ48,N836T,0.244,benign,CRB2,836.0
Q5IJ48,N836V,0.4373,ambiguous,CRB2,836.0
Q5IJ48,N836W,0.8007,pathogenic,CRB2,836.0
Q5IJ48,N836Y,0.3138,benign,CRB2,836.0
Q5IJ48,F837A,0.8317,pathogenic,CRB2,837.0
Q5IJ48,F837C,0.9275,pathogenic,CRB2,837.0
Q5IJ48,F837D,0.9288,pathogenic,CRB2,837.0
Q5IJ48,F837E,0.9534,pathogenic,CRB2,837.0
Q5IJ48,F837G,0.9194,pathogenic,CRB2,837.0
Q5IJ48,F837H,0.6912,pathogenic,CRB2,837.0
Q5IJ48,F837I,0.6373,pathogenic,CRB2,837.0
Q5IJ48,F837K,0.9569,pathogenic,CRB2,837.0
Q5IJ48,F837L,0.953,pathogenic,CRB2,837.0
Q5IJ48,F837M,0.8794,pathogenic,CRB2,837.0
Q5IJ48,F837N,0.8813,pathogenic,CRB2,837.0
Q5IJ48,F837P,0.9968,pathogenic,CRB2,837.0
Q5IJ48,F837Q,0.9097,pathogenic,CRB2,837.0
Q5IJ48,F837R,0.8297,pathogenic,CRB2,837.0
Q5IJ48,F837S,0.7033,pathogenic,CRB2,837.0
Q5IJ48,F837T,0.8029,pathogenic,CRB2,837.0
Q5IJ48,F837V,0.4885,ambiguous,CRB2,837.0
Q5IJ48,F837W,0.6776,pathogenic,CRB2,837.0
Q5IJ48,F837Y,0.2062,benign,CRB2,837.0
Q5IJ48,T838A,0.1471,benign,CRB2,838.0
Q5IJ48,T838C,0.8625,pathogenic,CRB2,838.0
Q5IJ48,T838D,0.4728,ambiguous,CRB2,838.0
Q5IJ48,T838E,0.3903,ambiguous,CRB2,838.0
Q5IJ48,T838F,0.5355,ambiguous,CRB2,838.0
Q5IJ48,T838G,0.3595,ambiguous,CRB2,838.0
Q5IJ48,T838H,0.3835,ambiguous,CRB2,838.0
Q5IJ48,T838I,0.4643,ambiguous,CRB2,838.0
Q5IJ48,T838K,0.3167,benign,CRB2,838.0
Q5IJ48,T838L,0.2274,benign,CRB2,838.0
Q5IJ48,T838M,0.2003,benign,CRB2,838.0
Q5IJ48,T838N,0.3121,benign,CRB2,838.0
Q5IJ48,T838P,0.3494,ambiguous,CRB2,838.0
Q5IJ48,T838Q,0.2954,benign,CRB2,838.0
Q5IJ48,T838R,0.1747,benign,CRB2,838.0
Q5IJ48,T838S,0.1265,benign,CRB2,838.0
Q5IJ48,T838V,0.3834,ambiguous,CRB2,838.0
Q5IJ48,T838W,0.6708,pathogenic,CRB2,838.0
Q5IJ48,T838Y,0.6138,pathogenic,CRB2,838.0
Q5IJ48,G839A,0.5076,ambiguous,CRB2,839.0
Q5IJ48,G839C,0.9304,pathogenic,CRB2,839.0
Q5IJ48,G839D,0.611,pathogenic,CRB2,839.0
Q5IJ48,G839E,0.6861,pathogenic,CRB2,839.0
Q5IJ48,G839F,0.9207,pathogenic,CRB2,839.0
Q5IJ48,G839H,0.8445,pathogenic,CRB2,839.0
Q5IJ48,G839I,0.903,pathogenic,CRB2,839.0
Q5IJ48,G839K,0.8882,pathogenic,CRB2,839.0
Q5IJ48,G839L,0.8297,pathogenic,CRB2,839.0
Q5IJ48,G839M,0.9207,pathogenic,CRB2,839.0
Q5IJ48,G839N,0.7694,pathogenic,CRB2,839.0
Q5IJ48,G839P,0.9569,pathogenic,CRB2,839.0
Q5IJ48,G839Q,0.8092,pathogenic,CRB2,839.0
Q5IJ48,G839R,0.7689,pathogenic,CRB2,839.0
Q5IJ48,G839S,0.2682,benign,CRB2,839.0
Q5IJ48,G839T,0.6771,pathogenic,CRB2,839.0
Q5IJ48,G839V,0.8044,pathogenic,CRB2,839.0
Q5IJ48,G839W,0.8555,pathogenic,CRB2,839.0
Q5IJ48,G839Y,0.9049,pathogenic,CRB2,839.0
Q5IJ48,P840A,0.0793,benign,CRB2,840.0
Q5IJ48,P840C,0.7084,pathogenic,CRB2,840.0
Q5IJ48,P840D,0.3041,benign,CRB2,840.0
Q5IJ48,P840E,0.1841,benign,CRB2,840.0
Q5IJ48,P840F,0.3993,ambiguous,CRB2,840.0
Q5IJ48,P840G,0.2725,benign,CRB2,840.0
Q5IJ48,P840H,0.1521,benign,CRB2,840.0
Q5IJ48,P840I,0.3183,benign,CRB2,840.0
Q5IJ48,P840K,0.2068,benign,CRB2,840.0
Q5IJ48,P840L,0.1141,benign,CRB2,840.0
Q5IJ48,P840M,0.3318,benign,CRB2,840.0
Q5IJ48,P840N,0.3234,benign,CRB2,840.0
Q5IJ48,P840Q,0.12,benign,CRB2,840.0
Q5IJ48,P840R,0.0919,benign,CRB2,840.0
Q5IJ48,P840S,0.1143,benign,CRB2,840.0
Q5IJ48,P840T,0.1162,benign,CRB2,840.0
Q5IJ48,P840V,0.2126,benign,CRB2,840.0
Q5IJ48,P840W,0.4417,ambiguous,CRB2,840.0
Q5IJ48,P840Y,0.4136,ambiguous,CRB2,840.0
Q5IJ48,T841A,0.0692,benign,CRB2,841.0
Q5IJ48,T841C,0.6961,pathogenic,CRB2,841.0
Q5IJ48,T841D,0.237,benign,CRB2,841.0
Q5IJ48,T841E,0.2174,benign,CRB2,841.0
Q5IJ48,T841F,0.1697,benign,CRB2,841.0
Q5IJ48,T841G,0.1694,benign,CRB2,841.0
Q5IJ48,T841H,0.1926,benign,CRB2,841.0
Q5IJ48,T841I,0.1558,benign,CRB2,841.0
Q5IJ48,T841K,0.1827,benign,CRB2,841.0
Q5IJ48,T841L,0.0754,benign,CRB2,841.0
Q5IJ48,T841M,0.1171,benign,CRB2,841.0
Q5IJ48,T841N,0.1148,benign,CRB2,841.0
Q5IJ48,T841P,0.1389,benign,CRB2,841.0
Q5IJ48,T841Q,0.1772,benign,CRB2,841.0
Q5IJ48,T841R,0.105,benign,CRB2,841.0
Q5IJ48,T841S,0.0918,benign,CRB2,841.0
Q5IJ48,T841V,0.1264,benign,CRB2,841.0
Q5IJ48,T841W,0.4522,ambiguous,CRB2,841.0
Q5IJ48,T841Y,0.2587,benign,CRB2,841.0
Q5IJ48,C842A,0.971,pathogenic,CRB2,842.0
Q5IJ48,C842D,0.9952,pathogenic,CRB2,842.0
Q5IJ48,C842E,0.9964,pathogenic,CRB2,842.0
Q5IJ48,C842F,0.971,pathogenic,CRB2,842.0
Q5IJ48,C842G,0.8872,pathogenic,CRB2,842.0
Q5IJ48,C842H,0.9928,pathogenic,CRB2,842.0
Q5IJ48,C842I,0.9927,pathogenic,CRB2,842.0
Q5IJ48,C842K,0.998,pathogenic,CRB2,842.0
Q5IJ48,C842L,0.9639,pathogenic,CRB2,842.0
Q5IJ48,C842M,0.9922,pathogenic,CRB2,842.0
Q5IJ48,C842N,0.9958,pathogenic,CRB2,842.0
Q5IJ48,C842P,0.9899,pathogenic,CRB2,842.0
Q5IJ48,C842Q,0.996,pathogenic,CRB2,842.0
Q5IJ48,C842R,0.9713,pathogenic,CRB2,842.0
Q5IJ48,C842S,0.9825,pathogenic,CRB2,842.0
Q5IJ48,C842T,0.992,pathogenic,CRB2,842.0
Q5IJ48,C842V,0.9815,pathogenic,CRB2,842.0
Q5IJ48,C842W,0.9807,pathogenic,CRB2,842.0
Q5IJ48,C842Y,0.9809,pathogenic,CRB2,842.0
Q5IJ48,A843C,0.6582,pathogenic,CRB2,843.0
Q5IJ48,A843D,0.1627,benign,CRB2,843.0
Q5IJ48,A843E,0.1028,benign,CRB2,843.0
Q5IJ48,A843F,0.2578,benign,CRB2,843.0
Q5IJ48,A843G,0.0962,benign,CRB2,843.0
Q5IJ48,A843H,0.2815,benign,CRB2,843.0
Q5IJ48,A843I,0.2642,benign,CRB2,843.0
Q5IJ48,A843K,0.2414,benign,CRB2,843.0
Q5IJ48,A843L,0.1379,benign,CRB2,843.0
Q5IJ48,A843M,0.2107,benign,CRB2,843.0
Q5IJ48,A843N,0.218,benign,CRB2,843.0
Q5IJ48,A843P,0.3707,ambiguous,CRB2,843.0
Q5IJ48,A843Q,0.1418,benign,CRB2,843.0
Q5IJ48,A843R,0.1366,benign,CRB2,843.0
Q5IJ48,A843S,0.0767,benign,CRB2,843.0
Q5IJ48,A843T,0.0817,benign,CRB2,843.0
Q5IJ48,A843V,0.1268,benign,CRB2,843.0
Q5IJ48,A843W,0.4983,ambiguous,CRB2,843.0
Q5IJ48,A843Y,0.3741,ambiguous,CRB2,843.0
Q5IJ48,Q844A,0.194,benign,CRB2,844.0
Q5IJ48,Q844C,0.813,pathogenic,CRB2,844.0
Q5IJ48,Q844D,0.3641,ambiguous,CRB2,844.0
Q5IJ48,Q844E,0.0714,benign,CRB2,844.0
Q5IJ48,Q844F,0.708,pathogenic,CRB2,844.0
Q5IJ48,Q844G,0.2047,benign,CRB2,844.0
Q5IJ48,Q844H,0.2634,benign,CRB2,844.0
Q5IJ48,Q844I,0.4815,ambiguous,CRB2,844.0
Q5IJ48,Q844K,0.1221,benign,CRB2,844.0
Q5IJ48,Q844L,0.1456,benign,CRB2,844.0
Q5IJ48,Q844M,0.4666,ambiguous,CRB2,844.0
Q5IJ48,Q844N,0.3902,ambiguous,CRB2,844.0
Q5IJ48,Q844P,0.2432,benign,CRB2,844.0
Q5IJ48,Q844R,0.0736,benign,CRB2,844.0
Q5IJ48,Q844S,0.2273,benign,CRB2,844.0
Q5IJ48,Q844T,0.2136,benign,CRB2,844.0
Q5IJ48,Q844V,0.2617,benign,CRB2,844.0
Q5IJ48,Q844W,0.4078,ambiguous,CRB2,844.0
Q5IJ48,Q844Y,0.5443,ambiguous,CRB2,844.0
Q5IJ48,Q845A,0.1822,benign,CRB2,845.0
Q5IJ48,Q845C,0.8251,pathogenic,CRB2,845.0
Q5IJ48,Q845D,0.4411,ambiguous,CRB2,845.0
Q5IJ48,Q845E,0.1021,benign,CRB2,845.0
Q5IJ48,Q845F,0.6715,pathogenic,CRB2,845.0
Q5IJ48,Q845G,0.2803,benign,CRB2,845.0
Q5IJ48,Q845H,0.2612,benign,CRB2,845.0
Q5IJ48,Q845I,0.4301,ambiguous,CRB2,845.0
Q5IJ48,Q845K,0.1212,benign,CRB2,845.0
Q5IJ48,Q845L,0.1301,benign,CRB2,845.0
Q5IJ48,Q845M,0.4086,ambiguous,CRB2,845.0
Q5IJ48,Q845N,0.3886,ambiguous,CRB2,845.0
Q5IJ48,Q845P,0.0775,benign,CRB2,845.0
Q5IJ48,Q845R,0.0834,benign,CRB2,845.0
Q5IJ48,Q845S,0.2402,benign,CRB2,845.0
Q5IJ48,Q845T,0.2284,benign,CRB2,845.0
Q5IJ48,Q845V,0.256,benign,CRB2,845.0
Q5IJ48,Q845W,0.4155,ambiguous,CRB2,845.0
Q5IJ48,Q845Y,0.4892,ambiguous,CRB2,845.0
Q5IJ48,L846A,0.191,benign,CRB2,846.0
Q5IJ48,L846C,0.6013,pathogenic,CRB2,846.0
Q5IJ48,L846D,0.4659,ambiguous,CRB2,846.0
Q5IJ48,L846E,0.1737,benign,CRB2,846.0
Q5IJ48,L846F,0.18,benign,CRB2,846.0
Q5IJ48,L846G,0.3126,benign,CRB2,846.0
Q5IJ48,L846H,0.1625,benign,CRB2,846.0
Q5IJ48,L846I,0.1283,benign,CRB2,846.0
Q5IJ48,L846K,0.1718,benign,CRB2,846.0
Q5IJ48,L846M,0.1811,benign,CRB2,846.0
Q5IJ48,L846N,0.2955,benign,CRB2,846.0
Q5IJ48,L846P,0.2989,benign,CRB2,846.0
Q5IJ48,L846Q,0.0759,benign,CRB2,846.0
Q5IJ48,L846R,0.0624,benign,CRB2,846.0
Q5IJ48,L846S,0.2413,benign,CRB2,846.0
Q5IJ48,L846T,0.2121,benign,CRB2,846.0
Q5IJ48,L846V,0.1058,benign,CRB2,846.0
Q5IJ48,L846W,0.1831,benign,CRB2,846.0
Q5IJ48,L846Y,0.3364,benign,CRB2,846.0
Q5IJ48,W847A,0.5367,ambiguous,CRB2,847.0
Q5IJ48,W847C,0.972,pathogenic,CRB2,847.0
Q5IJ48,W847D,0.7765,pathogenic,CRB2,847.0
Q5IJ48,W847E,0.7963,pathogenic,CRB2,847.0
Q5IJ48,W847F,0.3255,benign,CRB2,847.0
Q5IJ48,W847G,0.3624,ambiguous,CRB2,847.0
Q5IJ48,W847H,0.6865,pathogenic,CRB2,847.0
Q5IJ48,W847I,0.7866,pathogenic,CRB2,847.0
Q5IJ48,W847K,0.9118,pathogenic,CRB2,847.0
Q5IJ48,W847L,0.5182,ambiguous,CRB2,847.0
Q5IJ48,W847M,0.8921,pathogenic,CRB2,847.0
Q5IJ48,W847N,0.8163,pathogenic,CRB2,847.0
Q5IJ48,W847P,0.6365,pathogenic,CRB2,847.0
Q5IJ48,W847Q,0.8086,pathogenic,CRB2,847.0
Q5IJ48,W847R,0.7432,pathogenic,CRB2,847.0
Q5IJ48,W847S,0.3433,ambiguous,CRB2,847.0
Q5IJ48,W847T,0.6491,pathogenic,CRB2,847.0
Q5IJ48,W847V,0.6882,pathogenic,CRB2,847.0
Q5IJ48,W847Y,0.584,pathogenic,CRB2,847.0
Q5IJ48,C848A,0.9661,pathogenic,CRB2,848.0
Q5IJ48,C848D,0.9789,pathogenic,CRB2,848.0
Q5IJ48,C848E,0.9869,pathogenic,CRB2,848.0
Q5IJ48,C848F,0.8488,pathogenic,CRB2,848.0
Q5IJ48,C848G,0.8319,pathogenic,CRB2,848.0
Q5IJ48,C848H,0.9657,pathogenic,CRB2,848.0
Q5IJ48,C848I,0.9557,pathogenic,CRB2,848.0
Q5IJ48,C848K,0.9934,pathogenic,CRB2,848.0
Q5IJ48,C848L,0.8712,pathogenic,CRB2,848.0
Q5IJ48,C848M,0.9694,pathogenic,CRB2,848.0
Q5IJ48,C848N,0.9774,pathogenic,CRB2,848.0
Q5IJ48,C848P,0.9671,pathogenic,CRB2,848.0
Q5IJ48,C848Q,0.982,pathogenic,CRB2,848.0
Q5IJ48,C848R,0.9581,pathogenic,CRB2,848.0
Q5IJ48,C848S,0.9653,pathogenic,CRB2,848.0
Q5IJ48,C848T,0.9859,pathogenic,CRB2,848.0
Q5IJ48,C848V,0.9497,pathogenic,CRB2,848.0
Q5IJ48,C848W,0.9217,pathogenic,CRB2,848.0
Q5IJ48,C848Y,0.9158,pathogenic,CRB2,848.0
Q5IJ48,P849A,0.0676,benign,CRB2,849.0
Q5IJ48,P849C,0.6225,pathogenic,CRB2,849.0
Q5IJ48,P849D,0.3262,benign,CRB2,849.0
Q5IJ48,P849E,0.1825,benign,CRB2,849.0
Q5IJ48,P849F,0.3891,ambiguous,CRB2,849.0
Q5IJ48,P849G,0.2045,benign,CRB2,849.0
Q5IJ48,P849H,0.1599,benign,CRB2,849.0
Q5IJ48,P849I,0.2889,benign,CRB2,849.0
Q5IJ48,P849K,0.2811,benign,CRB2,849.0
Q5IJ48,P849L,0.0935,benign,CRB2,849.0
Q5IJ48,P849M,0.3315,benign,CRB2,849.0
Q5IJ48,P849N,0.341,ambiguous,CRB2,849.0
Q5IJ48,P849Q,0.1309,benign,CRB2,849.0
Q5IJ48,P849R,0.1043,benign,CRB2,849.0
Q5IJ48,P849S,0.0926,benign,CRB2,849.0
Q5IJ48,P849T,0.0948,benign,CRB2,849.0
Q5IJ48,P849V,0.1835,benign,CRB2,849.0
Q5IJ48,P849W,0.4041,ambiguous,CRB2,849.0
Q5IJ48,P849Y,0.4274,ambiguous,CRB2,849.0
Q5IJ48,G850A,0.0888,benign,CRB2,850.0
Q5IJ48,G850C,0.3164,benign,CRB2,850.0
Q5IJ48,G850D,0.1042,benign,CRB2,850.0
Q5IJ48,G850E,0.1084,benign,CRB2,850.0
Q5IJ48,G850F,0.3644,ambiguous,CRB2,850.0
Q5IJ48,G850H,0.1722,benign,CRB2,850.0
Q5IJ48,G850I,0.2136,benign,CRB2,850.0
Q5IJ48,G850K,0.2384,benign,CRB2,850.0
Q5IJ48,G850L,0.2177,benign,CRB2,850.0
Q5IJ48,G850M,0.3401,ambiguous,CRB2,850.0
Q5IJ48,G850N,0.1671,benign,CRB2,850.0
Q5IJ48,G850P,0.3421,ambiguous,CRB2,850.0
Q5IJ48,G850Q,0.1485,benign,CRB2,850.0
Q5IJ48,G850R,0.125,benign,CRB2,850.0
Q5IJ48,G850S,0.0671,benign,CRB2,850.0
Q5IJ48,G850T,0.1071,benign,CRB2,850.0
Q5IJ48,G850V,0.1405,benign,CRB2,850.0
Q5IJ48,G850W,0.213,benign,CRB2,850.0
Q5IJ48,G850Y,0.2796,benign,CRB2,850.0
Q5IJ48,Q851A,0.155,benign,CRB2,851.0
Q5IJ48,Q851C,0.6906,pathogenic,CRB2,851.0
Q5IJ48,Q851D,0.2442,benign,CRB2,851.0
Q5IJ48,Q851E,0.0826,benign,CRB2,851.0
Q5IJ48,Q851F,0.4975,ambiguous,CRB2,851.0
Q5IJ48,Q851G,0.1802,benign,CRB2,851.0
Q5IJ48,Q851H,0.1777,benign,CRB2,851.0
Q5IJ48,Q851I,0.3422,ambiguous,CRB2,851.0
Q5IJ48,Q851K,0.1067,benign,CRB2,851.0
Q5IJ48,Q851L,0.1081,benign,CRB2,851.0
Q5IJ48,Q851M,0.3304,benign,CRB2,851.0
Q5IJ48,Q851N,0.2334,benign,CRB2,851.0
Q5IJ48,Q851P,0.1123,benign,CRB2,851.0
Q5IJ48,Q851R,0.0785,benign,CRB2,851.0
Q5IJ48,Q851S,0.1588,benign,CRB2,851.0
Q5IJ48,Q851T,0.1755,benign,CRB2,851.0
Q5IJ48,Q851V,0.2108,benign,CRB2,851.0
Q5IJ48,Q851W,0.2975,benign,CRB2,851.0
Q5IJ48,Q851Y,0.3551,ambiguous,CRB2,851.0
Q5IJ48,P852A,0.1781,benign,CRB2,852.0
Q5IJ48,P852C,0.8991,pathogenic,CRB2,852.0
Q5IJ48,P852D,0.6519,pathogenic,CRB2,852.0
Q5IJ48,P852E,0.5157,ambiguous,CRB2,852.0
Q5IJ48,P852F,0.685,pathogenic,CRB2,852.0
Q5IJ48,P852G,0.5287,ambiguous,CRB2,852.0
Q5IJ48,P852H,0.4253,ambiguous,CRB2,852.0
Q5IJ48,P852I,0.4984,ambiguous,CRB2,852.0
Q5IJ48,P852K,0.654,pathogenic,CRB2,852.0
Q5IJ48,P852L,0.2167,benign,CRB2,852.0
Q5IJ48,P852M,0.638,pathogenic,CRB2,852.0
Q5IJ48,P852N,0.6595,pathogenic,CRB2,852.0
Q5IJ48,P852Q,0.3845,ambiguous,CRB2,852.0
Q5IJ48,P852R,0.3128,benign,CRB2,852.0
Q5IJ48,P852S,0.3256,benign,CRB2,852.0
Q5IJ48,P852T,0.2775,benign,CRB2,852.0
Q5IJ48,P852V,0.3449,ambiguous,CRB2,852.0
Q5IJ48,P852W,0.7544,pathogenic,CRB2,852.0
Q5IJ48,P852Y,0.6606,pathogenic,CRB2,852.0
Q5IJ48,C853A,0.9614,pathogenic,CRB2,853.0
Q5IJ48,C853D,0.9895,pathogenic,CRB2,853.0
Q5IJ48,C853E,0.9944,pathogenic,CRB2,853.0
Q5IJ48,C853F,0.9136,pathogenic,CRB2,853.0
Q5IJ48,C853G,0.8607,pathogenic,CRB2,853.0
Q5IJ48,C853H,0.9864,pathogenic,CRB2,853.0
Q5IJ48,C853I,0.9764,pathogenic,CRB2,853.0
Q5IJ48,C853K,0.9983,pathogenic,CRB2,853.0
Q5IJ48,C853L,0.9155,pathogenic,CRB2,853.0
Q5IJ48,C853M,0.9901,pathogenic,CRB2,853.0
Q5IJ48,C853N,0.9919,pathogenic,CRB2,853.0
Q5IJ48,C853P,0.9599,pathogenic,CRB2,853.0
Q5IJ48,C853Q,0.9939,pathogenic,CRB2,853.0
Q5IJ48,C853R,0.9697,pathogenic,CRB2,853.0
Q5IJ48,C853S,0.9662,pathogenic,CRB2,853.0
Q5IJ48,C853T,0.9882,pathogenic,CRB2,853.0
Q5IJ48,C853V,0.9529,pathogenic,CRB2,853.0
Q5IJ48,C853W,0.9561,pathogenic,CRB2,853.0
Q5IJ48,C853Y,0.9653,pathogenic,CRB2,853.0
Q5IJ48,L854A,0.1444,benign,CRB2,854.0
Q5IJ48,L854C,0.6595,pathogenic,CRB2,854.0
Q5IJ48,L854D,0.3605,ambiguous,CRB2,854.0
Q5IJ48,L854E,0.1546,benign,CRB2,854.0
Q5IJ48,L854F,0.1051,benign,CRB2,854.0
Q5IJ48,L854G,0.2505,benign,CRB2,854.0
Q5IJ48,L854H,0.177,benign,CRB2,854.0
Q5IJ48,L854I,0.1356,benign,CRB2,854.0
Q5IJ48,L854K,0.2566,benign,CRB2,854.0
Q5IJ48,L854M,0.2002,benign,CRB2,854.0
Q5IJ48,L854N,0.3136,benign,CRB2,854.0
Q5IJ48,L854P,0.0906,benign,CRB2,854.0
Q5IJ48,L854Q,0.0991,benign,CRB2,854.0
Q5IJ48,L854R,0.0936,benign,CRB2,854.0
Q5IJ48,L854S,0.1609,benign,CRB2,854.0
Q5IJ48,L854T,0.1863,benign,CRB2,854.0
Q5IJ48,L854V,0.0972,benign,CRB2,854.0
Q5IJ48,L854W,0.158,benign,CRB2,854.0
Q5IJ48,L854Y,0.2985,benign,CRB2,854.0
Q5IJ48,P855A,0.0788,benign,CRB2,855.0
Q5IJ48,P855C,0.6913,pathogenic,CRB2,855.0
Q5IJ48,P855D,0.2762,benign,CRB2,855.0
Q5IJ48,P855E,0.1876,benign,CRB2,855.0
Q5IJ48,P855F,0.3131,benign,CRB2,855.0
Q5IJ48,P855G,0.2155,benign,CRB2,855.0
Q5IJ48,P855H,0.1566,benign,CRB2,855.0
Q5IJ48,P855I,0.3073,benign,CRB2,855.0
Q5IJ48,P855K,0.3027,benign,CRB2,855.0
Q5IJ48,P855L,0.1093,benign,CRB2,855.0
Q5IJ48,P855M,0.3502,ambiguous,CRB2,855.0
Q5IJ48,P855N,0.3108,benign,CRB2,855.0
Q5IJ48,P855Q,0.1337,benign,CRB2,855.0
Q5IJ48,P855R,0.1356,benign,CRB2,855.0
Q5IJ48,P855S,0.0866,benign,CRB2,855.0
Q5IJ48,P855T,0.1173,benign,CRB2,855.0
Q5IJ48,P855V,0.1973,benign,CRB2,855.0
Q5IJ48,P855W,0.3651,ambiguous,CRB2,855.0
Q5IJ48,P855Y,0.325,benign,CRB2,855.0
Q5IJ48,P856A,0.0828,benign,CRB2,856.0
Q5IJ48,P856C,0.806,pathogenic,CRB2,856.0
Q5IJ48,P856D,0.3323,benign,CRB2,856.0
Q5IJ48,P856E,0.2025,benign,CRB2,856.0
Q5IJ48,P856F,0.5005,ambiguous,CRB2,856.0
Q5IJ48,P856G,0.1956,benign,CRB2,856.0
Q5IJ48,P856H,0.2684,benign,CRB2,856.0
Q5IJ48,P856I,0.5093,ambiguous,CRB2,856.0
Q5IJ48,P856K,0.4211,ambiguous,CRB2,856.0
Q5IJ48,P856L,0.1572,benign,CRB2,856.0
Q5IJ48,P856M,0.4391,ambiguous,CRB2,856.0
Q5IJ48,P856N,0.3859,ambiguous,CRB2,856.0
Q5IJ48,P856Q,0.196,benign,CRB2,856.0
Q5IJ48,P856R,0.1788,benign,CRB2,856.0
Q5IJ48,P856S,0.1217,benign,CRB2,856.0
Q5IJ48,P856T,0.1299,benign,CRB2,856.0
Q5IJ48,P856V,0.2713,benign,CRB2,856.0
Q5IJ48,P856W,0.5307,ambiguous,CRB2,856.0
Q5IJ48,P856Y,0.5146,ambiguous,CRB2,856.0
Q5IJ48,A857C,0.8549,pathogenic,CRB2,857.0
Q5IJ48,A857D,0.6257,pathogenic,CRB2,857.0
Q5IJ48,A857E,0.5596,ambiguous,CRB2,857.0
Q5IJ48,A857F,0.6849,pathogenic,CRB2,857.0
Q5IJ48,A857G,0.1772,benign,CRB2,857.0
Q5IJ48,A857H,0.807,pathogenic,CRB2,857.0
Q5IJ48,A857I,0.6879,pathogenic,CRB2,857.0
Q5IJ48,A857K,0.8526,pathogenic,CRB2,857.0
Q5IJ48,A857L,0.4576,ambiguous,CRB2,857.0
Q5IJ48,A857M,0.5889,pathogenic,CRB2,857.0
Q5IJ48,A857N,0.6712,pathogenic,CRB2,857.0
Q5IJ48,A857P,0.6097,pathogenic,CRB2,857.0
Q5IJ48,A857Q,0.6386,pathogenic,CRB2,857.0
Q5IJ48,A857R,0.6702,pathogenic,CRB2,857.0
Q5IJ48,A857S,0.1311,benign,CRB2,857.0
Q5IJ48,A857T,0.1749,benign,CRB2,857.0
Q5IJ48,A857V,0.2877,benign,CRB2,857.0
Q5IJ48,A857W,0.9051,pathogenic,CRB2,857.0
Q5IJ48,A857Y,0.8152,pathogenic,CRB2,857.0
Q5IJ48,T858A,0.0839,benign,CRB2,858.0
Q5IJ48,T858C,0.7459,pathogenic,CRB2,858.0
Q5IJ48,T858D,0.3232,benign,CRB2,858.0
Q5IJ48,T858E,0.2356,benign,CRB2,858.0
Q5IJ48,T858F,0.2018,benign,CRB2,858.0
Q5IJ48,T858G,0.2021,benign,CRB2,858.0
Q5IJ48,T858H,0.2201,benign,CRB2,858.0
Q5IJ48,T858I,0.1653,benign,CRB2,858.0
Q5IJ48,T858K,0.1987,benign,CRB2,858.0
Q5IJ48,T858L,0.1002,benign,CRB2,858.0
Q5IJ48,T858M,0.1286,benign,CRB2,858.0
Q5IJ48,T858N,0.1654,benign,CRB2,858.0
Q5IJ48,T858P,0.1798,benign,CRB2,858.0
Q5IJ48,T858Q,0.1759,benign,CRB2,858.0
Q5IJ48,T858R,0.1163,benign,CRB2,858.0
Q5IJ48,T858S,0.1118,benign,CRB2,858.0
Q5IJ48,T858V,0.1387,benign,CRB2,858.0
Q5IJ48,T858W,0.4636,ambiguous,CRB2,858.0
Q5IJ48,T858Y,0.3325,benign,CRB2,858.0
Q5IJ48,C859A,0.9574,pathogenic,CRB2,859.0
Q5IJ48,C859D,0.9939,pathogenic,CRB2,859.0
Q5IJ48,C859E,0.9944,pathogenic,CRB2,859.0
Q5IJ48,C859F,0.9499,pathogenic,CRB2,859.0
Q5IJ48,C859G,0.8448,pathogenic,CRB2,859.0
Q5IJ48,C859H,0.9916,pathogenic,CRB2,859.0
Q5IJ48,C859I,0.9862,pathogenic,CRB2,859.0
Q5IJ48,C859K,0.9978,pathogenic,CRB2,859.0
Q5IJ48,C859L,0.9519,pathogenic,CRB2,859.0
Q5IJ48,C859M,0.9908,pathogenic,CRB2,859.0
Q5IJ48,C859N,0.9945,pathogenic,CRB2,859.0
Q5IJ48,C859P,0.9743,pathogenic,CRB2,859.0
Q5IJ48,C859Q,0.9932,pathogenic,CRB2,859.0
Q5IJ48,C859R,0.9557,pathogenic,CRB2,859.0
Q5IJ48,C859S,0.9687,pathogenic,CRB2,859.0
Q5IJ48,C859T,0.9853,pathogenic,CRB2,859.0
Q5IJ48,C859V,0.9646,pathogenic,CRB2,859.0
Q5IJ48,C859W,0.9377,pathogenic,CRB2,859.0
Q5IJ48,C859Y,0.9722,pathogenic,CRB2,859.0
Q5IJ48,E860A,0.2782,benign,CRB2,860.0
Q5IJ48,E860C,0.9745,pathogenic,CRB2,860.0
Q5IJ48,E860D,0.5412,ambiguous,CRB2,860.0
Q5IJ48,E860F,0.8952,pathogenic,CRB2,860.0
Q5IJ48,E860G,0.4804,ambiguous,CRB2,860.0
Q5IJ48,E860H,0.6882,pathogenic,CRB2,860.0
Q5IJ48,E860I,0.6392,pathogenic,CRB2,860.0
Q5IJ48,E860K,0.2879,benign,CRB2,860.0
Q5IJ48,E860L,0.5609,ambiguous,CRB2,860.0
Q5IJ48,E860M,0.6755,pathogenic,CRB2,860.0
Q5IJ48,E860N,0.7972,pathogenic,CRB2,860.0
Q5IJ48,E860P,0.9477,pathogenic,CRB2,860.0
Q5IJ48,E860Q,0.1711,benign,CRB2,860.0
Q5IJ48,E860R,0.29,benign,CRB2,860.0
Q5IJ48,E860S,0.5015,ambiguous,CRB2,860.0
Q5IJ48,E860T,0.442,ambiguous,CRB2,860.0
Q5IJ48,E860V,0.3526,ambiguous,CRB2,860.0
Q5IJ48,E860W,0.9297,pathogenic,CRB2,860.0
Q5IJ48,E860Y,0.8819,pathogenic,CRB2,860.0
Q5IJ48,E861A,0.2514,benign,CRB2,861.0
Q5IJ48,E861C,0.9906,pathogenic,CRB2,861.0
Q5IJ48,E861D,0.2535,benign,CRB2,861.0
Q5IJ48,E861F,0.9546,pathogenic,CRB2,861.0
Q5IJ48,E861G,0.4435,ambiguous,CRB2,861.0
Q5IJ48,E861H,0.8444,pathogenic,CRB2,861.0
Q5IJ48,E861I,0.7568,pathogenic,CRB2,861.0
Q5IJ48,E861K,0.5176,ambiguous,CRB2,861.0
Q5IJ48,E861L,0.7152,pathogenic,CRB2,861.0
Q5IJ48,E861M,0.7415,pathogenic,CRB2,861.0
Q5IJ48,E861N,0.4932,ambiguous,CRB2,861.0
Q5IJ48,E861P,0.4937,ambiguous,CRB2,861.0
Q5IJ48,E861Q,0.3434,ambiguous,CRB2,861.0
Q5IJ48,E861R,0.5923,pathogenic,CRB2,861.0
Q5IJ48,E861S,0.473,ambiguous,CRB2,861.0
Q5IJ48,E861T,0.506,ambiguous,CRB2,861.0
Q5IJ48,E861V,0.4681,ambiguous,CRB2,861.0
Q5IJ48,E861W,0.9804,pathogenic,CRB2,861.0
Q5IJ48,E861Y,0.9097,pathogenic,CRB2,861.0
Q5IJ48,V862A,0.334,benign,CRB2,862.0
Q5IJ48,V862C,0.9705,pathogenic,CRB2,862.0
Q5IJ48,V862D,0.4715,ambiguous,CRB2,862.0
Q5IJ48,V862E,0.3025,benign,CRB2,862.0
Q5IJ48,V862F,0.2819,benign,CRB2,862.0
Q5IJ48,V862G,0.2297,benign,CRB2,862.0
Q5IJ48,V862H,0.751,pathogenic,CRB2,862.0
Q5IJ48,V862I,0.1382,benign,CRB2,862.0
Q5IJ48,V862K,0.5927,pathogenic,CRB2,862.0
Q5IJ48,V862L,0.2861,benign,CRB2,862.0
Q5IJ48,V862M,0.279,benign,CRB2,862.0
Q5IJ48,V862N,0.474,ambiguous,CRB2,862.0
Q5IJ48,V862P,0.8018,pathogenic,CRB2,862.0
Q5IJ48,V862Q,0.4354,ambiguous,CRB2,862.0
Q5IJ48,V862R,0.4784,ambiguous,CRB2,862.0
Q5IJ48,V862S,0.4063,ambiguous,CRB2,862.0
Q5IJ48,V862T,0.3675,ambiguous,CRB2,862.0
Q5IJ48,V862W,0.8717,pathogenic,CRB2,862.0
Q5IJ48,V862Y,0.7355,pathogenic,CRB2,862.0
Q5IJ48,P863A,0.0834,benign,CRB2,863.0
Q5IJ48,P863C,0.7944,pathogenic,CRB2,863.0
Q5IJ48,P863D,0.3338,benign,CRB2,863.0
Q5IJ48,P863E,0.2032,benign,CRB2,863.0
Q5IJ48,P863F,0.5118,ambiguous,CRB2,863.0
Q5IJ48,P863G,0.2703,benign,CRB2,863.0
Q5IJ48,P863H,0.2419,benign,CRB2,863.0
Q5IJ48,P863I,0.4103,ambiguous,CRB2,863.0
Q5IJ48,P863K,0.34,ambiguous,CRB2,863.0
Q5IJ48,P863L,0.1243,benign,CRB2,863.0
Q5IJ48,P863M,0.3964,ambiguous,CRB2,863.0
Q5IJ48,P863N,0.4336,ambiguous,CRB2,863.0
Q5IJ48,P863Q,0.1608,benign,CRB2,863.0
Q5IJ48,P863R,0.1255,benign,CRB2,863.0
Q5IJ48,P863S,0.1331,benign,CRB2,863.0
Q5IJ48,P863T,0.1303,benign,CRB2,863.0
Q5IJ48,P863V,0.2511,benign,CRB2,863.0
Q5IJ48,P863W,0.4825,ambiguous,CRB2,863.0
Q5IJ48,P863Y,0.541,ambiguous,CRB2,863.0
Q5IJ48,D864A,0.1441,benign,CRB2,864.0
Q5IJ48,D864C,0.8103,pathogenic,CRB2,864.0
Q5IJ48,D864E,0.1958,benign,CRB2,864.0
Q5IJ48,D864F,0.6214,pathogenic,CRB2,864.0
Q5IJ48,D864G,0.095,benign,CRB2,864.0
Q5IJ48,D864H,0.2562,benign,CRB2,864.0
Q5IJ48,D864I,0.6295,pathogenic,CRB2,864.0
Q5IJ48,D864K,0.3994,ambiguous,CRB2,864.0
Q5IJ48,D864L,0.4126,ambiguous,CRB2,864.0
Q5IJ48,D864M,0.7372,pathogenic,CRB2,864.0
Q5IJ48,D864N,0.1265,benign,CRB2,864.0
Q5IJ48,D864P,0.6107,pathogenic,CRB2,864.0
Q5IJ48,D864Q,0.276,benign,CRB2,864.0
Q5IJ48,D864R,0.2835,benign,CRB2,864.0
Q5IJ48,D864S,0.1249,benign,CRB2,864.0
Q5IJ48,D864T,0.2873,benign,CRB2,864.0
Q5IJ48,D864V,0.3766,ambiguous,CRB2,864.0
Q5IJ48,D864W,0.7862,pathogenic,CRB2,864.0
Q5IJ48,D864Y,0.2853,benign,CRB2,864.0
Q5IJ48,G865A,0.3587,ambiguous,CRB2,865.0
Q5IJ48,G865C,0.8212,pathogenic,CRB2,865.0
Q5IJ48,G865D,0.6705,pathogenic,CRB2,865.0
Q5IJ48,G865E,0.7409,pathogenic,CRB2,865.0
Q5IJ48,G865F,0.9287,pathogenic,CRB2,865.0
Q5IJ48,G865H,0.7724,pathogenic,CRB2,865.0
Q5IJ48,G865I,0.868,pathogenic,CRB2,865.0
Q5IJ48,G865K,0.9039,pathogenic,CRB2,865.0
Q5IJ48,G865L,0.8753,pathogenic,CRB2,865.0
Q5IJ48,G865M,0.9346,pathogenic,CRB2,865.0
Q5IJ48,G865N,0.7799,pathogenic,CRB2,865.0
Q5IJ48,G865P,0.9855,pathogenic,CRB2,865.0
Q5IJ48,G865Q,0.7717,pathogenic,CRB2,865.0
Q5IJ48,G865R,0.6395,pathogenic,CRB2,865.0
Q5IJ48,G865S,0.2452,benign,CRB2,865.0
Q5IJ48,G865T,0.5578,ambiguous,CRB2,865.0
Q5IJ48,G865V,0.754,pathogenic,CRB2,865.0
Q5IJ48,G865W,0.8357,pathogenic,CRB2,865.0
Q5IJ48,G865Y,0.8639,pathogenic,CRB2,865.0
Q5IJ48,F866A,0.9264,pathogenic,CRB2,866.0
Q5IJ48,F866C,0.9753,pathogenic,CRB2,866.0
Q5IJ48,F866D,0.9792,pathogenic,CRB2,866.0
Q5IJ48,F866E,0.9787,pathogenic,CRB2,866.0
Q5IJ48,F866G,0.9648,pathogenic,CRB2,866.0
Q5IJ48,F866H,0.8891,pathogenic,CRB2,866.0
Q5IJ48,F866I,0.8405,pathogenic,CRB2,866.0
Q5IJ48,F866K,0.9854,pathogenic,CRB2,866.0
Q5IJ48,F866L,0.9807,pathogenic,CRB2,866.0
Q5IJ48,F866M,0.93,pathogenic,CRB2,866.0
Q5IJ48,F866N,0.956,pathogenic,CRB2,866.0
Q5IJ48,F866P,0.9937,pathogenic,CRB2,866.0
Q5IJ48,F866Q,0.967,pathogenic,CRB2,866.0
Q5IJ48,F866R,0.9425,pathogenic,CRB2,866.0
Q5IJ48,F866S,0.8766,pathogenic,CRB2,866.0
Q5IJ48,F866T,0.948,pathogenic,CRB2,866.0
Q5IJ48,F866V,0.804,pathogenic,CRB2,866.0
Q5IJ48,F866W,0.6014,pathogenic,CRB2,866.0
Q5IJ48,F866Y,0.3225,benign,CRB2,866.0
Q5IJ48,V867A,0.3074,benign,CRB2,867.0
Q5IJ48,V867C,0.9268,pathogenic,CRB2,867.0
Q5IJ48,V867D,0.7114,pathogenic,CRB2,867.0
Q5IJ48,V867E,0.453,ambiguous,CRB2,867.0
Q5IJ48,V867F,0.2752,benign,CRB2,867.0
Q5IJ48,V867G,0.4718,ambiguous,CRB2,867.0
Q5IJ48,V867H,0.7388,pathogenic,CRB2,867.0
Q5IJ48,V867I,0.1055,benign,CRB2,867.0
Q5IJ48,V867K,0.7804,pathogenic,CRB2,867.0
Q5IJ48,V867L,0.226,benign,CRB2,867.0
Q5IJ48,V867M,0.415,ambiguous,CRB2,867.0
Q5IJ48,V867N,0.6811,pathogenic,CRB2,867.0
Q5IJ48,V867P,0.9005,pathogenic,CRB2,867.0
Q5IJ48,V867Q,0.4954,ambiguous,CRB2,867.0
Q5IJ48,V867R,0.4461,ambiguous,CRB2,867.0
Q5IJ48,V867S,0.3917,ambiguous,CRB2,867.0
Q5IJ48,V867T,0.3633,ambiguous,CRB2,867.0
Q5IJ48,V867W,0.8751,pathogenic,CRB2,867.0
Q5IJ48,V867Y,0.7534,pathogenic,CRB2,867.0
Q5IJ48,C868A,0.966,pathogenic,CRB2,868.0
Q5IJ48,C868D,0.9939,pathogenic,CRB2,868.0
Q5IJ48,C868E,0.995,pathogenic,CRB2,868.0
Q5IJ48,C868F,0.9504,pathogenic,CRB2,868.0
Q5IJ48,C868G,0.8785,pathogenic,CRB2,868.0
Q5IJ48,C868H,0.9924,pathogenic,CRB2,868.0
Q5IJ48,C868I,0.9845,pathogenic,CRB2,868.0
Q5IJ48,C868K,0.9985,pathogenic,CRB2,868.0
Q5IJ48,C868L,0.9348,pathogenic,CRB2,868.0
Q5IJ48,C868M,0.9892,pathogenic,CRB2,868.0
Q5IJ48,C868N,0.9938,pathogenic,CRB2,868.0
Q5IJ48,C868P,0.9744,pathogenic,CRB2,868.0
Q5IJ48,C868Q,0.9945,pathogenic,CRB2,868.0
Q5IJ48,C868R,0.9736,pathogenic,CRB2,868.0
Q5IJ48,C868S,0.9765,pathogenic,CRB2,868.0
Q5IJ48,C868T,0.9869,pathogenic,CRB2,868.0
Q5IJ48,C868V,0.9664,pathogenic,CRB2,868.0
Q5IJ48,C868W,0.9592,pathogenic,CRB2,868.0
Q5IJ48,C868Y,0.9742,pathogenic,CRB2,868.0
Q5IJ48,V869A,0.1941,benign,CRB2,869.0
Q5IJ48,V869C,0.9307,pathogenic,CRB2,869.0
Q5IJ48,V869D,0.6045,pathogenic,CRB2,869.0
Q5IJ48,V869E,0.2616,benign,CRB2,869.0
Q5IJ48,V869F,0.2571,benign,CRB2,869.0
Q5IJ48,V869G,0.2695,benign,CRB2,869.0
Q5IJ48,V869H,0.6808,pathogenic,CRB2,869.0
Q5IJ48,V869I,0.1302,benign,CRB2,869.0
Q5IJ48,V869K,0.4861,ambiguous,CRB2,869.0
Q5IJ48,V869L,0.1714,benign,CRB2,869.0
Q5IJ48,V869M,0.1847,benign,CRB2,869.0
Q5IJ48,V869N,0.6195,pathogenic,CRB2,869.0
Q5IJ48,V869P,0.7349,pathogenic,CRB2,869.0
Q5IJ48,V869Q,0.3291,benign,CRB2,869.0
Q5IJ48,V869R,0.2812,benign,CRB2,869.0
Q5IJ48,V869S,0.3602,ambiguous,CRB2,869.0
Q5IJ48,V869T,0.2524,benign,CRB2,869.0
Q5IJ48,V869W,0.7989,pathogenic,CRB2,869.0
Q5IJ48,V869Y,0.7576,pathogenic,CRB2,869.0
Q5IJ48,A870C,0.797,pathogenic,CRB2,870.0
Q5IJ48,A870D,0.5136,ambiguous,CRB2,870.0
Q5IJ48,A870E,0.441,ambiguous,CRB2,870.0
Q5IJ48,A870F,0.7022,pathogenic,CRB2,870.0
Q5IJ48,A870G,0.1357,benign,CRB2,870.0
Q5IJ48,A870H,0.7342,pathogenic,CRB2,870.0
Q5IJ48,A870I,0.683,pathogenic,CRB2,870.0
Q5IJ48,A870K,0.788,pathogenic,CRB2,870.0
Q5IJ48,A870L,0.4368,ambiguous,CRB2,870.0
Q5IJ48,A870M,0.5239,ambiguous,CRB2,870.0
Q5IJ48,A870N,0.594,pathogenic,CRB2,870.0
Q5IJ48,A870P,0.6843,pathogenic,CRB2,870.0
Q5IJ48,A870Q,0.5449,ambiguous,CRB2,870.0
Q5IJ48,A870R,0.5898,pathogenic,CRB2,870.0
Q5IJ48,A870S,0.1008,benign,CRB2,870.0
Q5IJ48,A870T,0.1296,benign,CRB2,870.0
Q5IJ48,A870V,0.2935,benign,CRB2,870.0
Q5IJ48,A870W,0.8512,pathogenic,CRB2,870.0
Q5IJ48,A870Y,0.8111,pathogenic,CRB2,870.0
Q5IJ48,E871A,0.2476,benign,CRB2,871.0
Q5IJ48,E871C,0.9821,pathogenic,CRB2,871.0
Q5IJ48,E871D,0.3081,benign,CRB2,871.0
Q5IJ48,E871F,0.9395,pathogenic,CRB2,871.0
Q5IJ48,E871G,0.3111,benign,CRB2,871.0
Q5IJ48,E871H,0.7007,pathogenic,CRB2,871.0
Q5IJ48,E871I,0.8731,pathogenic,CRB2,871.0
Q5IJ48,E871K,0.3702,ambiguous,CRB2,871.0
Q5IJ48,E871L,0.7479,pathogenic,CRB2,871.0
Q5IJ48,E871M,0.8264,pathogenic,CRB2,871.0
Q5IJ48,E871N,0.4517,ambiguous,CRB2,871.0
Q5IJ48,E871P,0.5039,ambiguous,CRB2,871.0
Q5IJ48,E871Q,0.2075,benign,CRB2,871.0
Q5IJ48,E871R,0.3617,ambiguous,CRB2,871.0
Q5IJ48,E871S,0.323,benign,CRB2,871.0
Q5IJ48,E871T,0.4921,ambiguous,CRB2,871.0
Q5IJ48,E871V,0.6013,pathogenic,CRB2,871.0
Q5IJ48,E871W,0.9527,pathogenic,CRB2,871.0
Q5IJ48,E871Y,0.8932,pathogenic,CRB2,871.0
Q5IJ48,A872C,0.7656,pathogenic,CRB2,872.0
Q5IJ48,A872D,0.5388,ambiguous,CRB2,872.0
Q5IJ48,A872E,0.3999,ambiguous,CRB2,872.0
Q5IJ48,A872F,0.6017,pathogenic,CRB2,872.0
Q5IJ48,A872G,0.1663,benign,CRB2,872.0
Q5IJ48,A872H,0.7449,pathogenic,CRB2,872.0
Q5IJ48,A872I,0.4105,ambiguous,CRB2,872.0
Q5IJ48,A872K,0.7267,pathogenic,CRB2,872.0
Q5IJ48,A872L,0.282,benign,CRB2,872.0
Q5IJ48,A872M,0.2846,benign,CRB2,872.0
Q5IJ48,A872N,0.4524,ambiguous,CRB2,872.0
Q5IJ48,A872P,0.8461,pathogenic,CRB2,872.0
Q5IJ48,A872Q,0.5078,ambiguous,CRB2,872.0
Q5IJ48,A872R,0.5873,pathogenic,CRB2,872.0
Q5IJ48,A872S,0.1453,benign,CRB2,872.0
Q5IJ48,A872T,0.0859,benign,CRB2,872.0
Q5IJ48,A872V,0.1509,benign,CRB2,872.0
Q5IJ48,A872W,0.859,pathogenic,CRB2,872.0
Q5IJ48,A872Y,0.7318,pathogenic,CRB2,872.0
Q5IJ48,T873A,0.2364,benign,CRB2,873.0
Q5IJ48,T873C,0.9082,pathogenic,CRB2,873.0
Q5IJ48,T873D,0.7376,pathogenic,CRB2,873.0
Q5IJ48,T873E,0.763,pathogenic,CRB2,873.0
Q5IJ48,T873F,0.7531,pathogenic,CRB2,873.0
Q5IJ48,T873G,0.4448,ambiguous,CRB2,873.0
Q5IJ48,T873H,0.6992,pathogenic,CRB2,873.0
Q5IJ48,T873I,0.701,pathogenic,CRB2,873.0
Q5IJ48,T873K,0.8178,pathogenic,CRB2,873.0
Q5IJ48,T873L,0.449,ambiguous,CRB2,873.0
Q5IJ48,T873M,0.4508,ambiguous,CRB2,873.0
Q5IJ48,T873N,0.4547,ambiguous,CRB2,873.0
Q5IJ48,T873P,0.3939,ambiguous,CRB2,873.0
Q5IJ48,T873Q,0.701,pathogenic,CRB2,873.0
Q5IJ48,T873R,0.5954,pathogenic,CRB2,873.0
Q5IJ48,T873S,0.1865,benign,CRB2,873.0
Q5IJ48,T873V,0.5076,ambiguous,CRB2,873.0
Q5IJ48,T873W,0.8872,pathogenic,CRB2,873.0
Q5IJ48,T873Y,0.8022,pathogenic,CRB2,873.0
Q5IJ48,F874A,0.9702,pathogenic,CRB2,874.0
Q5IJ48,F874C,0.9787,pathogenic,CRB2,874.0
Q5IJ48,F874D,0.9951,pathogenic,CRB2,874.0
Q5IJ48,F874E,0.9941,pathogenic,CRB2,874.0
Q5IJ48,F874G,0.9834,pathogenic,CRB2,874.0
Q5IJ48,F874H,0.9556,pathogenic,CRB2,874.0
Q5IJ48,F874I,0.8593,pathogenic,CRB2,874.0
Q5IJ48,F874K,0.9969,pathogenic,CRB2,874.0
Q5IJ48,F874L,0.9736,pathogenic,CRB2,874.0
Q5IJ48,F874M,0.959,pathogenic,CRB2,874.0
Q5IJ48,F874N,0.9907,pathogenic,CRB2,874.0
Q5IJ48,F874P,0.9973,pathogenic,CRB2,874.0
Q5IJ48,F874Q,0.9881,pathogenic,CRB2,874.0
Q5IJ48,F874R,0.9795,pathogenic,CRB2,874.0
Q5IJ48,F874S,0.956,pathogenic,CRB2,874.0
Q5IJ48,F874T,0.9812,pathogenic,CRB2,874.0
Q5IJ48,F874V,0.8107,pathogenic,CRB2,874.0
Q5IJ48,F874W,0.7281,pathogenic,CRB2,874.0
Q5IJ48,F874Y,0.5433,ambiguous,CRB2,874.0
Q5IJ48,R875A,0.205,benign,CRB2,875.0
Q5IJ48,R875C,0.3496,ambiguous,CRB2,875.0
Q5IJ48,R875D,0.3913,ambiguous,CRB2,875.0
Q5IJ48,R875E,0.2044,benign,CRB2,875.0
Q5IJ48,R875F,0.4042,ambiguous,CRB2,875.0
Q5IJ48,R875G,0.1537,benign,CRB2,875.0
Q5IJ48,R875H,0.1129,benign,CRB2,875.0
Q5IJ48,R875I,0.2732,benign,CRB2,875.0
Q5IJ48,R875K,0.2297,benign,CRB2,875.0
Q5IJ48,R875L,0.1157,benign,CRB2,875.0
Q5IJ48,R875M,0.3702,ambiguous,CRB2,875.0
Q5IJ48,R875N,0.4806,ambiguous,CRB2,875.0
Q5IJ48,R875P,0.2579,benign,CRB2,875.0
Q5IJ48,R875Q,0.1017,benign,CRB2,875.0
Q5IJ48,R875S,0.2794,benign,CRB2,875.0
Q5IJ48,R875T,0.1892,benign,CRB2,875.0
Q5IJ48,R875V,0.2441,benign,CRB2,875.0
Q5IJ48,R875W,0.1329,benign,CRB2,875.0
Q5IJ48,R875Y,0.3695,ambiguous,CRB2,875.0
Q5IJ48,E876A,0.2701,benign,CRB2,876.0
Q5IJ48,E876C,0.9603,pathogenic,CRB2,876.0
Q5IJ48,E876D,0.3671,ambiguous,CRB2,876.0
Q5IJ48,E876F,0.912,pathogenic,CRB2,876.0
Q5IJ48,E876G,0.2781,benign,CRB2,876.0
Q5IJ48,E876H,0.7136,pathogenic,CRB2,876.0
Q5IJ48,E876I,0.8266,pathogenic,CRB2,876.0
Q5IJ48,E876K,0.4066,ambiguous,CRB2,876.0
Q5IJ48,E876L,0.7392,pathogenic,CRB2,876.0
Q5IJ48,E876M,0.8159,pathogenic,CRB2,876.0
Q5IJ48,E876N,0.6235,pathogenic,CRB2,876.0
Q5IJ48,E876P,0.5547,ambiguous,CRB2,876.0
Q5IJ48,E876Q,0.2488,benign,CRB2,876.0
Q5IJ48,E876R,0.3886,ambiguous,CRB2,876.0
Q5IJ48,E876S,0.4098,ambiguous,CRB2,876.0
Q5IJ48,E876T,0.5259,ambiguous,CRB2,876.0
Q5IJ48,E876V,0.6063,pathogenic,CRB2,876.0
Q5IJ48,E876W,0.933,pathogenic,CRB2,876.0
Q5IJ48,E876Y,0.8562,pathogenic,CRB2,876.0
Q5IJ48,G877A,0.2368,benign,CRB2,877.0
Q5IJ48,G877C,0.72,pathogenic,CRB2,877.0
Q5IJ48,G877D,0.4037,ambiguous,CRB2,877.0
Q5IJ48,G877E,0.3401,ambiguous,CRB2,877.0
Q5IJ48,G877F,0.7012,pathogenic,CRB2,877.0
Q5IJ48,G877H,0.6886,pathogenic,CRB2,877.0
Q5IJ48,G877I,0.4893,ambiguous,CRB2,877.0
Q5IJ48,G877K,0.709,pathogenic,CRB2,877.0
Q5IJ48,G877L,0.5536,ambiguous,CRB2,877.0
Q5IJ48,G877M,0.6681,pathogenic,CRB2,877.0
Q5IJ48,G877N,0.542,ambiguous,CRB2,877.0
Q5IJ48,G877P,0.864,pathogenic,CRB2,877.0
Q5IJ48,G877Q,0.5987,pathogenic,CRB2,877.0
Q5IJ48,G877R,0.6297,pathogenic,CRB2,877.0
Q5IJ48,G877S,0.2453,benign,CRB2,877.0
Q5IJ48,G877T,0.3604,ambiguous,CRB2,877.0
Q5IJ48,G877V,0.3517,ambiguous,CRB2,877.0
Q5IJ48,G877W,0.5924,pathogenic,CRB2,877.0
Q5IJ48,G877Y,0.6297,pathogenic,CRB2,877.0
Q5IJ48,P878A,0.0907,benign,CRB2,878.0
Q5IJ48,P878C,0.681,pathogenic,CRB2,878.0
Q5IJ48,P878D,0.3492,ambiguous,CRB2,878.0
Q5IJ48,P878E,0.2114,benign,CRB2,878.0
Q5IJ48,P878F,0.3147,benign,CRB2,878.0
Q5IJ48,P878G,0.2602,benign,CRB2,878.0
Q5IJ48,P878H,0.1973,benign,CRB2,878.0
Q5IJ48,P878I,0.281,benign,CRB2,878.0
Q5IJ48,P878K,0.2909,benign,CRB2,878.0
Q5IJ48,P878L,0.1122,benign,CRB2,878.0
Q5IJ48,P878M,0.3144,benign,CRB2,878.0
Q5IJ48,P878N,0.3637,ambiguous,CRB2,878.0
Q5IJ48,P878Q,0.1449,benign,CRB2,878.0
Q5IJ48,P878R,0.1305,benign,CRB2,878.0
Q5IJ48,P878S,0.1206,benign,CRB2,878.0
Q5IJ48,P878T,0.1233,benign,CRB2,878.0
Q5IJ48,P878V,0.1811,benign,CRB2,878.0
Q5IJ48,P878W,0.4433,ambiguous,CRB2,878.0
Q5IJ48,P878Y,0.409,ambiguous,CRB2,878.0
Q5IJ48,P879A,0.061,benign,CRB2,879.0
Q5IJ48,P879C,0.7134,pathogenic,CRB2,879.0
Q5IJ48,P879D,0.5537,ambiguous,CRB2,879.0
Q5IJ48,P879E,0.3361,benign,CRB2,879.0
Q5IJ48,P879F,0.5726,pathogenic,CRB2,879.0
Q5IJ48,P879G,0.2404,benign,CRB2,879.0
Q5IJ48,P879H,0.3842,ambiguous,CRB2,879.0
Q5IJ48,P879I,0.4756,ambiguous,CRB2,879.0
Q5IJ48,P879K,0.5021,ambiguous,CRB2,879.0
Q5IJ48,P879L,0.1977,benign,CRB2,879.0
Q5IJ48,P879M,0.4865,ambiguous,CRB2,879.0
Q5IJ48,P879N,0.5897,pathogenic,CRB2,879.0
Q5IJ48,P879Q,0.2492,benign,CRB2,879.0
Q5IJ48,P879R,0.2328,benign,CRB2,879.0
Q5IJ48,P879S,0.1348,benign,CRB2,879.0
Q5IJ48,P879T,0.1569,benign,CRB2,879.0
Q5IJ48,P879V,0.2233,benign,CRB2,879.0
Q5IJ48,P879W,0.6388,pathogenic,CRB2,879.0
Q5IJ48,P879Y,0.6308,pathogenic,CRB2,879.0
Q5IJ48,A880C,0.6351,pathogenic,CRB2,880.0
Q5IJ48,A880D,0.4816,ambiguous,CRB2,880.0
Q5IJ48,A880E,0.2537,benign,CRB2,880.0
Q5IJ48,A880F,0.323,benign,CRB2,880.0
Q5IJ48,A880G,0.1689,benign,CRB2,880.0
Q5IJ48,A880H,0.5632,ambiguous,CRB2,880.0
Q5IJ48,A880I,0.1946,benign,CRB2,880.0
Q5IJ48,A880K,0.5499,ambiguous,CRB2,880.0
Q5IJ48,A880L,0.1225,benign,CRB2,880.0
Q5IJ48,A880M,0.2079,benign,CRB2,880.0
Q5IJ48,A880N,0.491,ambiguous,CRB2,880.0
Q5IJ48,A880P,0.4405,ambiguous,CRB2,880.0
Q5IJ48,A880Q,0.3333,benign,CRB2,880.0
Q5IJ48,A880R,0.364,ambiguous,CRB2,880.0
Q5IJ48,A880S,0.1438,benign,CRB2,880.0
Q5IJ48,A880T,0.1059,benign,CRB2,880.0
Q5IJ48,A880V,0.0737,benign,CRB2,880.0
Q5IJ48,A880W,0.6518,pathogenic,CRB2,880.0
Q5IJ48,A880Y,0.5668,pathogenic,CRB2,880.0
Q5IJ48,A881C,0.6614,pathogenic,CRB2,881.0
Q5IJ48,A881D,0.2481,benign,CRB2,881.0
Q5IJ48,A881E,0.0739,benign,CRB2,881.0
Q5IJ48,A881F,0.3007,benign,CRB2,881.0
Q5IJ48,A881G,0.1337,benign,CRB2,881.0
Q5IJ48,A881H,0.3781,ambiguous,CRB2,881.0
Q5IJ48,A881I,0.2279,benign,CRB2,881.0
Q5IJ48,A881K,0.4098,ambiguous,CRB2,881.0
Q5IJ48,A881L,0.1456,benign,CRB2,881.0
Q5IJ48,A881M,0.2459,benign,CRB2,881.0
Q5IJ48,A881N,0.3281,benign,CRB2,881.0
Q5IJ48,A881P,0.1683,benign,CRB2,881.0
Q5IJ48,A881Q,0.1836,benign,CRB2,881.0
Q5IJ48,A881R,0.2431,benign,CRB2,881.0
Q5IJ48,A881S,0.1123,benign,CRB2,881.0
Q5IJ48,A881T,0.104,benign,CRB2,881.0
Q5IJ48,A881V,0.1048,benign,CRB2,881.0
Q5IJ48,A881W,0.5352,ambiguous,CRB2,881.0
Q5IJ48,A881Y,0.4613,ambiguous,CRB2,881.0
Q5IJ48,F882A,0.9469,pathogenic,CRB2,882.0
Q5IJ48,F882C,0.9606,pathogenic,CRB2,882.0
Q5IJ48,F882D,0.9933,pathogenic,CRB2,882.0
Q5IJ48,F882E,0.9915,pathogenic,CRB2,882.0
Q5IJ48,F882G,0.9735,pathogenic,CRB2,882.0
Q5IJ48,F882H,0.9542,pathogenic,CRB2,882.0
Q5IJ48,F882I,0.7496,pathogenic,CRB2,882.0
Q5IJ48,F882K,0.9951,pathogenic,CRB2,882.0
Q5IJ48,F882L,0.9734,pathogenic,CRB2,882.0
Q5IJ48,F882M,0.9481,pathogenic,CRB2,882.0
Q5IJ48,F882N,0.9874,pathogenic,CRB2,882.0
Q5IJ48,F882P,0.9955,pathogenic,CRB2,882.0
Q5IJ48,F882Q,0.987,pathogenic,CRB2,882.0
Q5IJ48,F882R,0.9724,pathogenic,CRB2,882.0
Q5IJ48,F882S,0.9386,pathogenic,CRB2,882.0
Q5IJ48,F882T,0.965,pathogenic,CRB2,882.0
Q5IJ48,F882V,0.6941,pathogenic,CRB2,882.0
Q5IJ48,F882W,0.7039,pathogenic,CRB2,882.0
Q5IJ48,F882Y,0.4482,ambiguous,CRB2,882.0
Q5IJ48,S883A,0.099,benign,CRB2,883.0
Q5IJ48,S883C,0.3064,benign,CRB2,883.0
Q5IJ48,S883D,0.3172,benign,CRB2,883.0
Q5IJ48,S883E,0.3507,ambiguous,CRB2,883.0
Q5IJ48,S883F,0.2084,benign,CRB2,883.0
Q5IJ48,S883G,0.1052,benign,CRB2,883.0
Q5IJ48,S883H,0.2178,benign,CRB2,883.0
Q5IJ48,S883I,0.1628,benign,CRB2,883.0
Q5IJ48,S883K,0.5783,pathogenic,CRB2,883.0
Q5IJ48,S883L,0.139,benign,CRB2,883.0
Q5IJ48,S883M,0.3252,benign,CRB2,883.0
Q5IJ48,S883N,0.2009,benign,CRB2,883.0
Q5IJ48,S883P,0.3534,ambiguous,CRB2,883.0
Q5IJ48,S883Q,0.3277,benign,CRB2,883.0
Q5IJ48,S883R,0.2827,benign,CRB2,883.0
Q5IJ48,S883T,0.1,benign,CRB2,883.0
Q5IJ48,S883V,0.2072,benign,CRB2,883.0
Q5IJ48,S883W,0.208,benign,CRB2,883.0
Q5IJ48,S883Y,0.2336,benign,CRB2,883.0
Q5IJ48,G884A,0.1253,benign,CRB2,884.0
Q5IJ48,G884C,0.4399,ambiguous,CRB2,884.0
Q5IJ48,G884D,0.5058,ambiguous,CRB2,884.0
Q5IJ48,G884E,0.4603,ambiguous,CRB2,884.0
Q5IJ48,G884F,0.6525,pathogenic,CRB2,884.0
Q5IJ48,G884H,0.5908,pathogenic,CRB2,884.0
Q5IJ48,G884I,0.4405,ambiguous,CRB2,884.0
Q5IJ48,G884K,0.7637,pathogenic,CRB2,884.0
Q5IJ48,G884L,0.4233,ambiguous,CRB2,884.0
Q5IJ48,G884M,0.6569,pathogenic,CRB2,884.0
Q5IJ48,G884N,0.5819,pathogenic,CRB2,884.0
Q5IJ48,G884P,0.6224,pathogenic,CRB2,884.0
Q5IJ48,G884Q,0.5369,ambiguous,CRB2,884.0
Q5IJ48,G884R,0.4438,ambiguous,CRB2,884.0
Q5IJ48,G884S,0.1264,benign,CRB2,884.0
Q5IJ48,G884T,0.2344,benign,CRB2,884.0
Q5IJ48,G884V,0.2734,benign,CRB2,884.0
Q5IJ48,G884W,0.4597,ambiguous,CRB2,884.0
Q5IJ48,G884Y,0.6426,pathogenic,CRB2,884.0
Q5IJ48,H885A,0.1376,benign,CRB2,885.0
Q5IJ48,H885C,0.3073,benign,CRB2,885.0
Q5IJ48,H885D,0.1219,benign,CRB2,885.0
Q5IJ48,H885E,0.1565,benign,CRB2,885.0
Q5IJ48,H885F,0.2336,benign,CRB2,885.0
Q5IJ48,H885G,0.1263,benign,CRB2,885.0
Q5IJ48,H885I,0.2938,benign,CRB2,885.0
Q5IJ48,H885K,0.2039,benign,CRB2,885.0
Q5IJ48,H885L,0.1111,benign,CRB2,885.0
Q5IJ48,H885M,0.4117,ambiguous,CRB2,885.0
Q5IJ48,H885N,0.1127,benign,CRB2,885.0
Q5IJ48,H885P,0.0977,benign,CRB2,885.0
Q5IJ48,H885Q,0.1103,benign,CRB2,885.0
Q5IJ48,H885R,0.0613,benign,CRB2,885.0
Q5IJ48,H885S,0.1297,benign,CRB2,885.0
Q5IJ48,H885T,0.1866,benign,CRB2,885.0
Q5IJ48,H885V,0.2007,benign,CRB2,885.0
Q5IJ48,H885W,0.1938,benign,CRB2,885.0
Q5IJ48,H885Y,0.1082,benign,CRB2,885.0
Q5IJ48,N886A,0.2989,benign,CRB2,886.0
Q5IJ48,N886C,0.7491,pathogenic,CRB2,886.0
Q5IJ48,N886D,0.3327,benign,CRB2,886.0
Q5IJ48,N886E,0.4795,ambiguous,CRB2,886.0
Q5IJ48,N886F,0.7379,pathogenic,CRB2,886.0
Q5IJ48,N886G,0.3075,benign,CRB2,886.0
Q5IJ48,N886H,0.2168,benign,CRB2,886.0
Q5IJ48,N886I,0.4811,ambiguous,CRB2,886.0
Q5IJ48,N886K,0.5651,pathogenic,CRB2,886.0
Q5IJ48,N886L,0.2959,benign,CRB2,886.0
Q5IJ48,N886M,0.6906,pathogenic,CRB2,886.0
Q5IJ48,N886P,0.3437,ambiguous,CRB2,886.0
Q5IJ48,N886Q,0.5109,ambiguous,CRB2,886.0
Q5IJ48,N886R,0.3813,ambiguous,CRB2,886.0
Q5IJ48,N886S,0.1242,benign,CRB2,886.0
Q5IJ48,N886T,0.2497,benign,CRB2,886.0
Q5IJ48,N886V,0.399,ambiguous,CRB2,886.0
Q5IJ48,N886W,0.8171,pathogenic,CRB2,886.0
Q5IJ48,N886Y,0.3708,ambiguous,CRB2,886.0
Q5IJ48,A887C,0.5733,pathogenic,CRB2,887.0
Q5IJ48,A887D,0.205,benign,CRB2,887.0
Q5IJ48,A887E,0.1859,benign,CRB2,887.0
Q5IJ48,A887F,0.1954,benign,CRB2,887.0
Q5IJ48,A887G,0.0983,benign,CRB2,887.0
Q5IJ48,A887H,0.3417,ambiguous,CRB2,887.0
Q5IJ48,A887I,0.1606,benign,CRB2,887.0
Q5IJ48,A887K,0.4271,ambiguous,CRB2,887.0
Q5IJ48,A887L,0.0989,benign,CRB2,887.0
Q5IJ48,A887M,0.2005,benign,CRB2,887.0
Q5IJ48,A887N,0.2698,benign,CRB2,887.0
Q5IJ48,A887P,0.1973,benign,CRB2,887.0
Q5IJ48,A887Q,0.2648,benign,CRB2,887.0
Q5IJ48,A887R,0.2181,benign,CRB2,887.0
Q5IJ48,A887S,0.1062,benign,CRB2,887.0
Q5IJ48,A887T,0.0905,benign,CRB2,887.0
Q5IJ48,A887V,0.0741,benign,CRB2,887.0
Q5IJ48,A887W,0.4549,ambiguous,CRB2,887.0
Q5IJ48,A887Y,0.3569,ambiguous,CRB2,887.0
Q5IJ48,S888A,0.1028,benign,CRB2,888.0
Q5IJ48,S888C,0.5053,ambiguous,CRB2,888.0
Q5IJ48,S888D,0.4147,ambiguous,CRB2,888.0
Q5IJ48,S888E,0.5136,ambiguous,CRB2,888.0
Q5IJ48,S888F,0.312,benign,CRB2,888.0
Q5IJ48,S888G,0.1177,benign,CRB2,888.0
Q5IJ48,S888H,0.4628,ambiguous,CRB2,888.0
Q5IJ48,S888I,0.4348,ambiguous,CRB2,888.0
Q5IJ48,S888K,0.7688,pathogenic,CRB2,888.0
Q5IJ48,S888L,0.2722,benign,CRB2,888.0
Q5IJ48,S888M,0.5035,ambiguous,CRB2,888.0
Q5IJ48,S888N,0.4061,ambiguous,CRB2,888.0
Q5IJ48,S888P,0.1609,benign,CRB2,888.0
Q5IJ48,S888Q,0.5869,pathogenic,CRB2,888.0
Q5IJ48,S888R,0.5661,pathogenic,CRB2,888.0
Q5IJ48,S888T,0.1091,benign,CRB2,888.0
Q5IJ48,S888V,0.3188,benign,CRB2,888.0
Q5IJ48,S888W,0.3388,benign,CRB2,888.0
Q5IJ48,S888Y,0.3524,ambiguous,CRB2,888.0
Q5IJ48,S889A,0.0679,benign,CRB2,889.0
Q5IJ48,S889C,0.2725,benign,CRB2,889.0
Q5IJ48,S889D,0.259,benign,CRB2,889.0
Q5IJ48,S889E,0.2562,benign,CRB2,889.0
Q5IJ48,S889F,0.1575,benign,CRB2,889.0
Q5IJ48,S889G,0.0815,benign,CRB2,889.0
Q5IJ48,S889H,0.2305,benign,CRB2,889.0
Q5IJ48,S889I,0.2169,benign,CRB2,889.0
Q5IJ48,S889K,0.4413,ambiguous,CRB2,889.0
Q5IJ48,S889L,0.1199,benign,CRB2,889.0
Q5IJ48,S889M,0.2685,benign,CRB2,889.0
Q5IJ48,S889N,0.228,benign,CRB2,889.0
Q5IJ48,S889P,0.0941,benign,CRB2,889.0
Q5IJ48,S889Q,0.2815,benign,CRB2,889.0
Q5IJ48,S889R,0.2621,benign,CRB2,889.0
Q5IJ48,S889T,0.0961,benign,CRB2,889.0
Q5IJ48,S889V,0.1695,benign,CRB2,889.0
Q5IJ48,S889W,0.1339,benign,CRB2,889.0
Q5IJ48,S889Y,0.1749,benign,CRB2,889.0
Q5IJ48,G890A,0.0894,benign,CRB2,890.0
Q5IJ48,G890C,0.3148,benign,CRB2,890.0
Q5IJ48,G890D,0.1134,benign,CRB2,890.0
Q5IJ48,G890E,0.0998,benign,CRB2,890.0
Q5IJ48,G890F,0.3168,benign,CRB2,890.0
Q5IJ48,G890H,0.1916,benign,CRB2,890.0
Q5IJ48,G890I,0.2242,benign,CRB2,890.0
Q5IJ48,G890K,0.246,benign,CRB2,890.0
Q5IJ48,G890L,0.2119,benign,CRB2,890.0
Q5IJ48,G890M,0.3665,ambiguous,CRB2,890.0
Q5IJ48,G890N,0.2186,benign,CRB2,890.0
Q5IJ48,G890P,0.2245,benign,CRB2,890.0
Q5IJ48,G890Q,0.1573,benign,CRB2,890.0
Q5IJ48,G890R,0.1195,benign,CRB2,890.0
Q5IJ48,G890S,0.0901,benign,CRB2,890.0
Q5IJ48,G890T,0.1152,benign,CRB2,890.0
Q5IJ48,G890V,0.1283,benign,CRB2,890.0
Q5IJ48,G890W,0.1662,benign,CRB2,890.0
Q5IJ48,G890Y,0.276,benign,CRB2,890.0
Q5IJ48,R891A,0.1141,benign,CRB2,891.0
Q5IJ48,R891C,0.2253,benign,CRB2,891.0
Q5IJ48,R891D,0.1759,benign,CRB2,891.0
Q5IJ48,R891E,0.1391,benign,CRB2,891.0
Q5IJ48,R891F,0.1879,benign,CRB2,891.0
Q5IJ48,R891G,0.0841,benign,CRB2,891.0
Q5IJ48,R891H,0.0805,benign,CRB2,891.0
Q5IJ48,R891I,0.1587,benign,CRB2,891.0
Q5IJ48,R891K,0.1777,benign,CRB2,891.0
Q5IJ48,R891L,0.0791,benign,CRB2,891.0
Q5IJ48,R891M,0.2318,benign,CRB2,891.0
Q5IJ48,R891N,0.2025,benign,CRB2,891.0
Q5IJ48,R891P,0.0794,benign,CRB2,891.0
Q5IJ48,R891Q,0.0903,benign,CRB2,891.0
Q5IJ48,R891S,0.1313,benign,CRB2,891.0
Q5IJ48,R891T,0.1176,benign,CRB2,891.0
Q5IJ48,R891V,0.1406,benign,CRB2,891.0
Q5IJ48,R891W,0.1084,benign,CRB2,891.0
Q5IJ48,R891Y,0.1877,benign,CRB2,891.0
Q5IJ48,L892A,0.0544,benign,CRB2,892.0
Q5IJ48,L892C,0.316,benign,CRB2,892.0
Q5IJ48,L892D,0.1398,benign,CRB2,892.0
Q5IJ48,L892E,0.0844,benign,CRB2,892.0
Q5IJ48,L892F,0.0797,benign,CRB2,892.0
Q5IJ48,L892G,0.0861,benign,CRB2,892.0
Q5IJ48,L892H,0.0803,benign,CRB2,892.0
Q5IJ48,L892I,0.0981,benign,CRB2,892.0
Q5IJ48,L892K,0.1167,benign,CRB2,892.0
Q5IJ48,L892M,0.1181,benign,CRB2,892.0
Q5IJ48,L892N,0.1144,benign,CRB2,892.0
Q5IJ48,L892P,0.0411,benign,CRB2,892.0
Q5IJ48,L892Q,0.0557,benign,CRB2,892.0
Q5IJ48,L892R,0.0495,benign,CRB2,892.0
Q5IJ48,L892S,0.0573,benign,CRB2,892.0
Q5IJ48,L892T,0.0728,benign,CRB2,892.0
Q5IJ48,L892V,0.0663,benign,CRB2,892.0
Q5IJ48,L892W,0.0704,benign,CRB2,892.0
Q5IJ48,L892Y,0.151,benign,CRB2,892.0
Q5IJ48,L893A,0.1517,benign,CRB2,893.0
Q5IJ48,L893C,0.7182,pathogenic,CRB2,893.0
Q5IJ48,L893D,0.5353,ambiguous,CRB2,893.0
Q5IJ48,L893E,0.2862,benign,CRB2,893.0
Q5IJ48,L893F,0.1461,benign,CRB2,893.0
Q5IJ48,L893G,0.2681,benign,CRB2,893.0
Q5IJ48,L893H,0.269,benign,CRB2,893.0
Q5IJ48,L893I,0.1806,benign,CRB2,893.0
Q5IJ48,L893K,0.3693,ambiguous,CRB2,893.0
Q5IJ48,L893M,0.2299,benign,CRB2,893.0
Q5IJ48,L893N,0.4727,ambiguous,CRB2,893.0
Q5IJ48,L893P,0.0872,benign,CRB2,893.0
Q5IJ48,L893Q,0.1582,benign,CRB2,893.0
Q5IJ48,L893R,0.1392,benign,CRB2,893.0
Q5IJ48,L893S,0.2448,benign,CRB2,893.0
Q5IJ48,L893T,0.2005,benign,CRB2,893.0
Q5IJ48,L893V,0.1419,benign,CRB2,893.0
Q5IJ48,L893W,0.1638,benign,CRB2,893.0
Q5IJ48,L893Y,0.417,ambiguous,CRB2,893.0
Q5IJ48,G894A,0.0804,benign,CRB2,894.0
Q5IJ48,G894C,0.2664,benign,CRB2,894.0
Q5IJ48,G894D,0.1264,benign,CRB2,894.0
Q5IJ48,G894E,0.1384,benign,CRB2,894.0
Q5IJ48,G894F,0.4278,ambiguous,CRB2,894.0
Q5IJ48,G894H,0.2109,benign,CRB2,894.0
Q5IJ48,G894I,0.2863,benign,CRB2,894.0
Q5IJ48,G894K,0.3682,ambiguous,CRB2,894.0
Q5IJ48,G894L,0.2471,benign,CRB2,894.0
Q5IJ48,G894M,0.4129,ambiguous,CRB2,894.0
Q5IJ48,G894N,0.2098,benign,CRB2,894.0
Q5IJ48,G894P,0.2343,benign,CRB2,894.0
Q5IJ48,G894Q,0.2195,benign,CRB2,894.0
Q5IJ48,G894R,0.1747,benign,CRB2,894.0
Q5IJ48,G894S,0.0665,benign,CRB2,894.0
Q5IJ48,G894T,0.0991,benign,CRB2,894.0
Q5IJ48,G894V,0.1731,benign,CRB2,894.0
Q5IJ48,G894W,0.2305,benign,CRB2,894.0
Q5IJ48,G894Y,0.3291,benign,CRB2,894.0
Q5IJ48,G895A,0.1034,benign,CRB2,895.0
Q5IJ48,G895C,0.315,benign,CRB2,895.0
Q5IJ48,G895D,0.1002,benign,CRB2,895.0
Q5IJ48,G895E,0.1204,benign,CRB2,895.0
Q5IJ48,G895F,0.3455,ambiguous,CRB2,895.0
Q5IJ48,G895H,0.2114,benign,CRB2,895.0
Q5IJ48,G895I,0.247,benign,CRB2,895.0
Q5IJ48,G895K,0.4186,ambiguous,CRB2,895.0
Q5IJ48,G895L,0.2606,benign,CRB2,895.0
Q5IJ48,G895M,0.4053,ambiguous,CRB2,895.0
Q5IJ48,G895N,0.199,benign,CRB2,895.0
Q5IJ48,G895P,0.4974,ambiguous,CRB2,895.0
Q5IJ48,G895Q,0.2112,benign,CRB2,895.0
Q5IJ48,G895R,0.2031,benign,CRB2,895.0
Q5IJ48,G895S,0.0793,benign,CRB2,895.0
Q5IJ48,G895T,0.1199,benign,CRB2,895.0
Q5IJ48,G895V,0.1581,benign,CRB2,895.0
Q5IJ48,G895W,0.2364,benign,CRB2,895.0
Q5IJ48,G895Y,0.3087,benign,CRB2,895.0
Q5IJ48,L896A,0.5813,pathogenic,CRB2,896.0
Q5IJ48,L896C,0.7974,pathogenic,CRB2,896.0
Q5IJ48,L896D,0.9622,pathogenic,CRB2,896.0
Q5IJ48,L896E,0.8848,pathogenic,CRB2,896.0
Q5IJ48,L896F,0.1633,benign,CRB2,896.0
Q5IJ48,L896G,0.8062,pathogenic,CRB2,896.0
Q5IJ48,L896H,0.8142,pathogenic,CRB2,896.0
Q5IJ48,L896I,0.1144,benign,CRB2,896.0
Q5IJ48,L896K,0.9159,pathogenic,CRB2,896.0
Q5IJ48,L896M,0.2671,benign,CRB2,896.0
Q5IJ48,L896N,0.9236,pathogenic,CRB2,896.0
Q5IJ48,L896P,0.6753,pathogenic,CRB2,896.0
Q5IJ48,L896Q,0.7582,pathogenic,CRB2,896.0
Q5IJ48,L896R,0.7328,pathogenic,CRB2,896.0
Q5IJ48,L896S,0.8333,pathogenic,CRB2,896.0
Q5IJ48,L896T,0.7243,pathogenic,CRB2,896.0
Q5IJ48,L896V,0.1232,benign,CRB2,896.0
Q5IJ48,L896W,0.456,ambiguous,CRB2,896.0
Q5IJ48,L896Y,0.7039,pathogenic,CRB2,896.0
Q5IJ48,S897A,0.1237,benign,CRB2,897.0
Q5IJ48,S897C,0.4102,ambiguous,CRB2,897.0
Q5IJ48,S897D,0.3543,ambiguous,CRB2,897.0
Q5IJ48,S897E,0.3675,ambiguous,CRB2,897.0
Q5IJ48,S897F,0.2099,benign,CRB2,897.0
Q5IJ48,S897G,0.1766,benign,CRB2,897.0
Q5IJ48,S897H,0.3081,benign,CRB2,897.0
Q5IJ48,S897I,0.3585,ambiguous,CRB2,897.0
Q5IJ48,S897K,0.815,pathogenic,CRB2,897.0
Q5IJ48,S897L,0.226,benign,CRB2,897.0
Q5IJ48,S897M,0.4478,ambiguous,CRB2,897.0
Q5IJ48,S897N,0.3355,benign,CRB2,897.0
Q5IJ48,S897P,0.6047,pathogenic,CRB2,897.0
Q5IJ48,S897Q,0.4608,ambiguous,CRB2,897.0
Q5IJ48,S897R,0.5758,pathogenic,CRB2,897.0
Q5IJ48,S897T,0.1258,benign,CRB2,897.0
Q5IJ48,S897V,0.2861,benign,CRB2,897.0
Q5IJ48,S897W,0.2238,benign,CRB2,897.0
Q5IJ48,S897Y,0.2367,benign,CRB2,897.0
Q5IJ48,L898A,0.5714,pathogenic,CRB2,898.0
Q5IJ48,L898C,0.9013,pathogenic,CRB2,898.0
Q5IJ48,L898D,0.9919,pathogenic,CRB2,898.0
Q5IJ48,L898E,0.946,pathogenic,CRB2,898.0
Q5IJ48,L898F,0.2847,benign,CRB2,898.0
Q5IJ48,L898G,0.8718,pathogenic,CRB2,898.0
Q5IJ48,L898H,0.9434,pathogenic,CRB2,898.0
Q5IJ48,L898I,0.1578,benign,CRB2,898.0
Q5IJ48,L898K,0.9646,pathogenic,CRB2,898.0
Q5IJ48,L898M,0.2394,benign,CRB2,898.0
Q5IJ48,L898N,0.9823,pathogenic,CRB2,898.0
Q5IJ48,L898P,0.87,pathogenic,CRB2,898.0
Q5IJ48,L898Q,0.8711,pathogenic,CRB2,898.0
Q5IJ48,L898R,0.8711,pathogenic,CRB2,898.0
Q5IJ48,L898S,0.9105,pathogenic,CRB2,898.0
Q5IJ48,L898T,0.7468,pathogenic,CRB2,898.0
Q5IJ48,L898V,0.1049,benign,CRB2,898.0
Q5IJ48,L898W,0.7563,pathogenic,CRB2,898.0
Q5IJ48,L898Y,0.9077,pathogenic,CRB2,898.0
Q5IJ48,A899C,0.6377,pathogenic,CRB2,899.0
Q5IJ48,A899D,0.1948,benign,CRB2,899.0
Q5IJ48,A899E,0.2073,benign,CRB2,899.0
Q5IJ48,A899F,0.3198,benign,CRB2,899.0
Q5IJ48,A899G,0.1474,benign,CRB2,899.0
Q5IJ48,A899H,0.3845,ambiguous,CRB2,899.0
Q5IJ48,A899I,0.3198,benign,CRB2,899.0
Q5IJ48,A899K,0.6236,pathogenic,CRB2,899.0
Q5IJ48,A899L,0.2005,benign,CRB2,899.0
Q5IJ48,A899M,0.3881,ambiguous,CRB2,899.0
Q5IJ48,A899N,0.2968,benign,CRB2,899.0
Q5IJ48,A899P,0.6105,pathogenic,CRB2,899.0
Q5IJ48,A899Q,0.3063,benign,CRB2,899.0
Q5IJ48,A899R,0.3151,benign,CRB2,899.0
Q5IJ48,A899S,0.0914,benign,CRB2,899.0
Q5IJ48,A899T,0.1113,benign,CRB2,899.0
Q5IJ48,A899V,0.1331,benign,CRB2,899.0
Q5IJ48,A899W,0.5891,pathogenic,CRB2,899.0
Q5IJ48,A899Y,0.4674,ambiguous,CRB2,899.0
Q5IJ48,F900A,0.9843,pathogenic,CRB2,900.0
Q5IJ48,F900C,0.9809,pathogenic,CRB2,900.0
Q5IJ48,F900D,0.9994,pathogenic,CRB2,900.0
Q5IJ48,F900E,0.9989,pathogenic,CRB2,900.0
Q5IJ48,F900G,0.9927,pathogenic,CRB2,900.0
Q5IJ48,F900H,0.9955,pathogenic,CRB2,900.0
Q5IJ48,F900I,0.8579,pathogenic,CRB2,900.0
Q5IJ48,F900K,0.9994,pathogenic,CRB2,900.0
Q5IJ48,F900L,0.9688,pathogenic,CRB2,900.0
Q5IJ48,F900M,0.9607,pathogenic,CRB2,900.0
Q5IJ48,F900N,0.999,pathogenic,CRB2,900.0
Q5IJ48,F900P,0.999,pathogenic,CRB2,900.0
Q5IJ48,F900Q,0.9981,pathogenic,CRB2,900.0
Q5IJ48,F900R,0.9962,pathogenic,CRB2,900.0
Q5IJ48,F900S,0.9922,pathogenic,CRB2,900.0
Q5IJ48,F900T,0.9943,pathogenic,CRB2,900.0
Q5IJ48,F900V,0.8169,pathogenic,CRB2,900.0
Q5IJ48,F900W,0.907,pathogenic,CRB2,900.0
Q5IJ48,F900Y,0.8697,pathogenic,CRB2,900.0
Q5IJ48,R901A,0.9417,pathogenic,CRB2,901.0
Q5IJ48,R901C,0.8403,pathogenic,CRB2,901.0
Q5IJ48,R901D,0.9935,pathogenic,CRB2,901.0
Q5IJ48,R901E,0.9463,pathogenic,CRB2,901.0
Q5IJ48,R901F,0.977,pathogenic,CRB2,901.0
Q5IJ48,R901G,0.9089,pathogenic,CRB2,901.0
Q5IJ48,R901H,0.5697,pathogenic,CRB2,901.0
Q5IJ48,R901I,0.9719,pathogenic,CRB2,901.0
Q5IJ48,R901K,0.7904,pathogenic,CRB2,901.0
Q5IJ48,R901L,0.861,pathogenic,CRB2,901.0
Q5IJ48,R901M,0.9851,pathogenic,CRB2,901.0
Q5IJ48,R901N,0.9915,pathogenic,CRB2,901.0
Q5IJ48,R901P,0.979,pathogenic,CRB2,901.0
Q5IJ48,R901Q,0.5219,ambiguous,CRB2,901.0
Q5IJ48,R901S,0.9661,pathogenic,CRB2,901.0
Q5IJ48,R901T,0.9712,pathogenic,CRB2,901.0
Q5IJ48,R901V,0.9589,pathogenic,CRB2,901.0
Q5IJ48,R901W,0.7942,pathogenic,CRB2,901.0
Q5IJ48,R901Y,0.9587,pathogenic,CRB2,901.0
Q5IJ48,T902A,0.7633,pathogenic,CRB2,902.0
Q5IJ48,T902C,0.9619,pathogenic,CRB2,902.0
Q5IJ48,T902D,0.9669,pathogenic,CRB2,902.0
Q5IJ48,T902E,0.9606,pathogenic,CRB2,902.0
Q5IJ48,T902F,0.9593,pathogenic,CRB2,902.0
Q5IJ48,T902G,0.8139,pathogenic,CRB2,902.0
Q5IJ48,T902H,0.9302,pathogenic,CRB2,902.0
Q5IJ48,T902I,0.9451,pathogenic,CRB2,902.0
Q5IJ48,T902K,0.9526,pathogenic,CRB2,902.0
Q5IJ48,T902L,0.6938,pathogenic,CRB2,902.0
Q5IJ48,T902M,0.7021,pathogenic,CRB2,902.0
Q5IJ48,T902N,0.8799,pathogenic,CRB2,902.0
Q5IJ48,T902P,0.7991,pathogenic,CRB2,902.0
Q5IJ48,T902Q,0.9415,pathogenic,CRB2,902.0
Q5IJ48,T902R,0.9144,pathogenic,CRB2,902.0
Q5IJ48,T902S,0.5997,pathogenic,CRB2,902.0
Q5IJ48,T902V,0.8447,pathogenic,CRB2,902.0
Q5IJ48,T902W,0.9787,pathogenic,CRB2,902.0
Q5IJ48,T902Y,0.9707,pathogenic,CRB2,902.0
Q5IJ48,R903A,0.7731,pathogenic,CRB2,903.0
Q5IJ48,R903C,0.8457,pathogenic,CRB2,903.0
Q5IJ48,R903D,0.9311,pathogenic,CRB2,903.0
Q5IJ48,R903E,0.6905,pathogenic,CRB2,903.0
Q5IJ48,R903F,0.953,pathogenic,CRB2,903.0
Q5IJ48,R903G,0.6127,pathogenic,CRB2,903.0
Q5IJ48,R903H,0.4867,ambiguous,CRB2,903.0
Q5IJ48,R903I,0.9169,pathogenic,CRB2,903.0
Q5IJ48,R903K,0.6436,pathogenic,CRB2,903.0
Q5IJ48,R903L,0.7419,pathogenic,CRB2,903.0
Q5IJ48,R903M,0.938,pathogenic,CRB2,903.0
Q5IJ48,R903N,0.9307,pathogenic,CRB2,903.0
Q5IJ48,R903P,0.7872,pathogenic,CRB2,903.0
Q5IJ48,R903Q,0.3254,benign,CRB2,903.0
Q5IJ48,R903S,0.8212,pathogenic,CRB2,903.0
Q5IJ48,R903T,0.7581,pathogenic,CRB2,903.0
Q5IJ48,R903V,0.8688,pathogenic,CRB2,903.0
Q5IJ48,R903W,0.5921,pathogenic,CRB2,903.0
Q5IJ48,R903Y,0.9156,pathogenic,CRB2,903.0
Q5IJ48,D904A,0.6842,pathogenic,CRB2,904.0
Q5IJ48,D904C,0.9827,pathogenic,CRB2,904.0
Q5IJ48,D904E,0.782,pathogenic,CRB2,904.0
Q5IJ48,D904F,0.9667,pathogenic,CRB2,904.0
Q5IJ48,D904G,0.7143,pathogenic,CRB2,904.0
Q5IJ48,D904H,0.8531,pathogenic,CRB2,904.0
Q5IJ48,D904I,0.9503,pathogenic,CRB2,904.0
Q5IJ48,D904K,0.951,pathogenic,CRB2,904.0
Q5IJ48,D904L,0.9249,pathogenic,CRB2,904.0
Q5IJ48,D904M,0.9863,pathogenic,CRB2,904.0
Q5IJ48,D904N,0.5585,ambiguous,CRB2,904.0
Q5IJ48,D904P,0.9652,pathogenic,CRB2,904.0
Q5IJ48,D904Q,0.9045,pathogenic,CRB2,904.0
Q5IJ48,D904R,0.9078,pathogenic,CRB2,904.0
Q5IJ48,D904S,0.6127,pathogenic,CRB2,904.0
Q5IJ48,D904T,0.8805,pathogenic,CRB2,904.0
Q5IJ48,D904V,0.8461,pathogenic,CRB2,904.0
Q5IJ48,D904W,0.9915,pathogenic,CRB2,904.0
Q5IJ48,D904Y,0.8171,pathogenic,CRB2,904.0
Q5IJ48,S905A,0.0694,benign,CRB2,905.0
Q5IJ48,S905C,0.2776,benign,CRB2,905.0
Q5IJ48,S905D,0.1843,benign,CRB2,905.0
Q5IJ48,S905E,0.1488,benign,CRB2,905.0
Q5IJ48,S905F,0.2076,benign,CRB2,905.0
Q5IJ48,S905G,0.0683,benign,CRB2,905.0
Q5IJ48,S905H,0.1721,benign,CRB2,905.0
Q5IJ48,S905I,0.2227,benign,CRB2,905.0
Q5IJ48,S905K,0.3096,benign,CRB2,905.0
Q5IJ48,S905L,0.1271,benign,CRB2,905.0
Q5IJ48,S905M,0.2696,benign,CRB2,905.0
Q5IJ48,S905N,0.1569,benign,CRB2,905.0
Q5IJ48,S905P,0.0531,benign,CRB2,905.0
Q5IJ48,S905Q,0.1706,benign,CRB2,905.0
Q5IJ48,S905R,0.1455,benign,CRB2,905.0
Q5IJ48,S905T,0.0935,benign,CRB2,905.0
Q5IJ48,S905V,0.1746,benign,CRB2,905.0
Q5IJ48,S905W,0.16,benign,CRB2,905.0
Q5IJ48,S905Y,0.2174,benign,CRB2,905.0
Q5IJ48,E906A,0.2392,benign,CRB2,906.0
Q5IJ48,E906C,0.9629,pathogenic,CRB2,906.0
Q5IJ48,E906D,0.1943,benign,CRB2,906.0
Q5IJ48,E906F,0.8772,pathogenic,CRB2,906.0
Q5IJ48,E906G,0.2625,benign,CRB2,906.0
Q5IJ48,E906H,0.5388,ambiguous,CRB2,906.0
Q5IJ48,E906I,0.8263,pathogenic,CRB2,906.0
Q5IJ48,E906K,0.3498,ambiguous,CRB2,906.0
Q5IJ48,E906L,0.6905,pathogenic,CRB2,906.0
Q5IJ48,E906M,0.7996,pathogenic,CRB2,906.0
Q5IJ48,E906N,0.4884,ambiguous,CRB2,906.0
Q5IJ48,E906P,0.7778,pathogenic,CRB2,906.0
Q5IJ48,E906Q,0.202,benign,CRB2,906.0
Q5IJ48,E906R,0.3035,benign,CRB2,906.0
Q5IJ48,E906S,0.3107,benign,CRB2,906.0
Q5IJ48,E906T,0.4168,ambiguous,CRB2,906.0
Q5IJ48,E906V,0.5349,ambiguous,CRB2,906.0
Q5IJ48,E906W,0.9119,pathogenic,CRB2,906.0
Q5IJ48,E906Y,0.8174,pathogenic,CRB2,906.0
Q5IJ48,A907C,0.893,pathogenic,CRB2,907.0
Q5IJ48,A907D,0.7153,pathogenic,CRB2,907.0
Q5IJ48,A907E,0.7846,pathogenic,CRB2,907.0
Q5IJ48,A907F,0.8727,pathogenic,CRB2,907.0
Q5IJ48,A907G,0.0812,benign,CRB2,907.0
Q5IJ48,A907H,0.9087,pathogenic,CRB2,907.0
Q5IJ48,A907I,0.8856,pathogenic,CRB2,907.0
Q5IJ48,A907K,0.94,pathogenic,CRB2,907.0
Q5IJ48,A907L,0.7245,pathogenic,CRB2,907.0
Q5IJ48,A907M,0.8505,pathogenic,CRB2,907.0
Q5IJ48,A907N,0.7307,pathogenic,CRB2,907.0
Q5IJ48,A907P,0.8354,pathogenic,CRB2,907.0
Q5IJ48,A907Q,0.8231,pathogenic,CRB2,907.0
Q5IJ48,A907R,0.8053,pathogenic,CRB2,907.0
Q5IJ48,A907S,0.1618,benign,CRB2,907.0
Q5IJ48,A907T,0.4033,ambiguous,CRB2,907.0
Q5IJ48,A907V,0.5784,pathogenic,CRB2,907.0
Q5IJ48,A907W,0.9685,pathogenic,CRB2,907.0
Q5IJ48,A907Y,0.9241,pathogenic,CRB2,907.0
Q5IJ48,W908A,0.0418,benign,CRB2,908.0
Q5IJ48,W908C,0.4534,ambiguous,CRB2,908.0
Q5IJ48,W908D,0.1825,benign,CRB2,908.0
Q5IJ48,W908E,0.1144,benign,CRB2,908.0
Q5IJ48,W908F,0.0939,benign,CRB2,908.0
Q5IJ48,W908G,0.0246,benign,CRB2,908.0
Q5IJ48,W908H,0.1989,benign,CRB2,908.0
Q5IJ48,W908I,0.1569,benign,CRB2,908.0
Q5IJ48,W908K,0.336,benign,CRB2,908.0
Q5IJ48,W908L,0.0995,benign,CRB2,908.0
Q5IJ48,W908M,0.2624,benign,CRB2,908.0
Q5IJ48,W908N,0.2196,benign,CRB2,908.0
Q5IJ48,W908P,0.372,ambiguous,CRB2,908.0
Q5IJ48,W908Q,0.1869,benign,CRB2,908.0
Q5IJ48,W908R,0.1522,benign,CRB2,908.0
Q5IJ48,W908S,0.0484,benign,CRB2,908.0
Q5IJ48,W908T,0.0715,benign,CRB2,908.0
Q5IJ48,W908V,0.0713,benign,CRB2,908.0
Q5IJ48,W908Y,0.1976,benign,CRB2,908.0
Q5IJ48,L909A,0.8254,pathogenic,CRB2,909.0
Q5IJ48,L909C,0.9734,pathogenic,CRB2,909.0
Q5IJ48,L909D,0.9867,pathogenic,CRB2,909.0
Q5IJ48,L909E,0.9466,pathogenic,CRB2,909.0
Q5IJ48,L909F,0.5934,pathogenic,CRB2,909.0
Q5IJ48,L909G,0.9175,pathogenic,CRB2,909.0
Q5IJ48,L909H,0.947,pathogenic,CRB2,909.0
Q5IJ48,L909I,0.2248,benign,CRB2,909.0
Q5IJ48,L909K,0.9519,pathogenic,CRB2,909.0
Q5IJ48,L909M,0.4708,ambiguous,CRB2,909.0
Q5IJ48,L909N,0.9718,pathogenic,CRB2,909.0
Q5IJ48,L909P,0.7766,pathogenic,CRB2,909.0
Q5IJ48,L909Q,0.8891,pathogenic,CRB2,909.0
Q5IJ48,L909R,0.8698,pathogenic,CRB2,909.0
Q5IJ48,L909S,0.9668,pathogenic,CRB2,909.0
Q5IJ48,L909T,0.92,pathogenic,CRB2,909.0
Q5IJ48,L909V,0.2743,benign,CRB2,909.0
Q5IJ48,L909W,0.8309,pathogenic,CRB2,909.0
Q5IJ48,L909Y,0.9307,pathogenic,CRB2,909.0
Q5IJ48,L910A,0.7232,pathogenic,CRB2,910.0
Q5IJ48,L910C,0.9249,pathogenic,CRB2,910.0
Q5IJ48,L910D,0.9886,pathogenic,CRB2,910.0
Q5IJ48,L910E,0.9353,pathogenic,CRB2,910.0
Q5IJ48,L910F,0.2962,benign,CRB2,910.0
Q5IJ48,L910G,0.8643,pathogenic,CRB2,910.0
Q5IJ48,L910H,0.9196,pathogenic,CRB2,910.0
Q5IJ48,L910I,0.2305,benign,CRB2,910.0
Q5IJ48,L910K,0.9482,pathogenic,CRB2,910.0
Q5IJ48,L910M,0.4333,ambiguous,CRB2,910.0
Q5IJ48,L910N,0.9812,pathogenic,CRB2,910.0
Q5IJ48,L910P,0.8301,pathogenic,CRB2,910.0
Q5IJ48,L910Q,0.8321,pathogenic,CRB2,910.0
Q5IJ48,L910R,0.812,pathogenic,CRB2,910.0
Q5IJ48,L910S,0.9289,pathogenic,CRB2,910.0
Q5IJ48,L910T,0.8733,pathogenic,CRB2,910.0
Q5IJ48,L910V,0.2151,benign,CRB2,910.0
Q5IJ48,L910W,0.63,pathogenic,CRB2,910.0
Q5IJ48,L910Y,0.8686,pathogenic,CRB2,910.0
Q5IJ48,R911A,0.2814,benign,CRB2,911.0
Q5IJ48,R911C,0.4912,ambiguous,CRB2,911.0
Q5IJ48,R911D,0.552,ambiguous,CRB2,911.0
Q5IJ48,R911E,0.2749,benign,CRB2,911.0
Q5IJ48,R911F,0.5345,ambiguous,CRB2,911.0
Q5IJ48,R911G,0.1895,benign,CRB2,911.0
Q5IJ48,R911H,0.1347,benign,CRB2,911.0
Q5IJ48,R911I,0.4586,ambiguous,CRB2,911.0
Q5IJ48,R911K,0.2482,benign,CRB2,911.0
Q5IJ48,R911L,0.2206,benign,CRB2,911.0
Q5IJ48,R911M,0.5109,ambiguous,CRB2,911.0
Q5IJ48,R911N,0.5763,pathogenic,CRB2,911.0
Q5IJ48,R911P,0.5796,pathogenic,CRB2,911.0
Q5IJ48,R911Q,0.1176,benign,CRB2,911.0
Q5IJ48,R911S,0.3268,benign,CRB2,911.0
Q5IJ48,R911T,0.2648,benign,CRB2,911.0
Q5IJ48,R911V,0.3734,ambiguous,CRB2,911.0
Q5IJ48,R911W,0.2116,benign,CRB2,911.0
Q5IJ48,R911Y,0.4579,ambiguous,CRB2,911.0
Q5IJ48,A912C,0.7641,pathogenic,CRB2,912.0
Q5IJ48,A912D,0.7104,pathogenic,CRB2,912.0
Q5IJ48,A912E,0.585,pathogenic,CRB2,912.0
Q5IJ48,A912F,0.6012,pathogenic,CRB2,912.0
Q5IJ48,A912G,0.1263,benign,CRB2,912.0
Q5IJ48,A912H,0.8093,pathogenic,CRB2,912.0
Q5IJ48,A912I,0.5186,ambiguous,CRB2,912.0
Q5IJ48,A912K,0.854,pathogenic,CRB2,912.0
Q5IJ48,A912L,0.3021,benign,CRB2,912.0
Q5IJ48,A912M,0.5394,ambiguous,CRB2,912.0
Q5IJ48,A912N,0.7118,pathogenic,CRB2,912.0
Q5IJ48,A912P,0.5799,pathogenic,CRB2,912.0
Q5IJ48,A912Q,0.6638,pathogenic,CRB2,912.0
Q5IJ48,A912R,0.6795,pathogenic,CRB2,912.0
Q5IJ48,A912S,0.1694,benign,CRB2,912.0
Q5IJ48,A912T,0.2033,benign,CRB2,912.0
Q5IJ48,A912V,0.1902,benign,CRB2,912.0
Q5IJ48,A912W,0.8597,pathogenic,CRB2,912.0
Q5IJ48,A912Y,0.7829,pathogenic,CRB2,912.0
Q5IJ48,A913C,0.5267,ambiguous,CRB2,913.0
Q5IJ48,A913D,0.1069,benign,CRB2,913.0
Q5IJ48,A913E,0.0882,benign,CRB2,913.0
Q5IJ48,A913F,0.2209,benign,CRB2,913.0
Q5IJ48,A913G,0.0805,benign,CRB2,913.0
Q5IJ48,A913H,0.2356,benign,CRB2,913.0
Q5IJ48,A913I,0.2513,benign,CRB2,913.0
Q5IJ48,A913K,0.2508,benign,CRB2,913.0
Q5IJ48,A913L,0.1342,benign,CRB2,913.0
Q5IJ48,A913M,0.2134,benign,CRB2,913.0
Q5IJ48,A913N,0.1809,benign,CRB2,913.0
Q5IJ48,A913P,0.1155,benign,CRB2,913.0
Q5IJ48,A913Q,0.144,benign,CRB2,913.0
Q5IJ48,A913R,0.1488,benign,CRB2,913.0
Q5IJ48,A913S,0.0787,benign,CRB2,913.0
Q5IJ48,A913T,0.0762,benign,CRB2,913.0
Q5IJ48,A913V,0.1113,benign,CRB2,913.0
Q5IJ48,A913W,0.3425,ambiguous,CRB2,913.0
Q5IJ48,A913Y,0.3358,benign,CRB2,913.0
Q5IJ48,A914C,0.5424,ambiguous,CRB2,914.0
Q5IJ48,A914D,0.12,benign,CRB2,914.0
Q5IJ48,A914E,0.1059,benign,CRB2,914.0
Q5IJ48,A914F,0.2492,benign,CRB2,914.0
Q5IJ48,A914G,0.0705,benign,CRB2,914.0
Q5IJ48,A914H,0.2452,benign,CRB2,914.0
Q5IJ48,A914I,0.2615,benign,CRB2,914.0
Q5IJ48,A914K,0.2091,benign,CRB2,914.0
Q5IJ48,A914L,0.1446,benign,CRB2,914.0
Q5IJ48,A914M,0.2638,benign,CRB2,914.0
Q5IJ48,A914N,0.182,benign,CRB2,914.0
Q5IJ48,A914P,0.0881,benign,CRB2,914.0
Q5IJ48,A914Q,0.155,benign,CRB2,914.0
Q5IJ48,A914R,0.1259,benign,CRB2,914.0
Q5IJ48,A914S,0.0816,benign,CRB2,914.0
Q5IJ48,A914T,0.0835,benign,CRB2,914.0
Q5IJ48,A914V,0.1179,benign,CRB2,914.0
Q5IJ48,A914W,0.3529,ambiguous,CRB2,914.0
Q5IJ48,A914Y,0.3581,ambiguous,CRB2,914.0
Q5IJ48,G915A,0.1111,benign,CRB2,915.0
Q5IJ48,G915C,0.4471,ambiguous,CRB2,915.0
Q5IJ48,G915D,0.0946,benign,CRB2,915.0
Q5IJ48,G915E,0.132,benign,CRB2,915.0
Q5IJ48,G915F,0.4802,ambiguous,CRB2,915.0
Q5IJ48,G915H,0.2753,benign,CRB2,915.0
Q5IJ48,G915I,0.385,ambiguous,CRB2,915.0
Q5IJ48,G915K,0.347,ambiguous,CRB2,915.0
Q5IJ48,G915L,0.3143,benign,CRB2,915.0
Q5IJ48,G915M,0.4969,ambiguous,CRB2,915.0
Q5IJ48,G915N,0.2118,benign,CRB2,915.0
Q5IJ48,G915P,0.2612,benign,CRB2,915.0
Q5IJ48,G915Q,0.2483,benign,CRB2,915.0
Q5IJ48,G915R,0.196,benign,CRB2,915.0
Q5IJ48,G915S,0.1077,benign,CRB2,915.0
Q5IJ48,G915T,0.1449,benign,CRB2,915.0
Q5IJ48,G915V,0.2076,benign,CRB2,915.0
Q5IJ48,G915W,0.3149,benign,CRB2,915.0
Q5IJ48,G915Y,0.4184,ambiguous,CRB2,915.0
Q5IJ48,A916C,0.4486,ambiguous,CRB2,916.0
Q5IJ48,A916D,0.0869,benign,CRB2,916.0
Q5IJ48,A916E,0.0896,benign,CRB2,916.0
Q5IJ48,A916F,0.164,benign,CRB2,916.0
Q5IJ48,A916G,0.0654,benign,CRB2,916.0
Q5IJ48,A916H,0.174,benign,CRB2,916.0
Q5IJ48,A916I,0.1903,benign,CRB2,916.0
Q5IJ48,A916K,0.2053,benign,CRB2,916.0
Q5IJ48,A916L,0.1029,benign,CRB2,916.0
Q5IJ48,A916M,0.1962,benign,CRB2,916.0
Q5IJ48,A916N,0.1326,benign,CRB2,916.0
Q5IJ48,A916P,0.0594,benign,CRB2,916.0
Q5IJ48,A916Q,0.1306,benign,CRB2,916.0
Q5IJ48,A916R,0.1122,benign,CRB2,916.0
Q5IJ48,A916S,0.0716,benign,CRB2,916.0
Q5IJ48,A916T,0.0776,benign,CRB2,916.0
Q5IJ48,A916V,0.097,benign,CRB2,916.0
Q5IJ48,A916W,0.2692,benign,CRB2,916.0
Q5IJ48,A916Y,0.2358,benign,CRB2,916.0
Q5IJ48,L917A,0.0447,benign,CRB2,917.0
Q5IJ48,L917C,0.3575,ambiguous,CRB2,917.0
Q5IJ48,L917D,0.1174,benign,CRB2,917.0
Q5IJ48,L917E,0.0602,benign,CRB2,917.0
Q5IJ48,L917F,0.0917,benign,CRB2,917.0
Q5IJ48,L917G,0.0662,benign,CRB2,917.0
Q5IJ48,L917H,0.0789,benign,CRB2,917.0
Q5IJ48,L917I,0.1176,benign,CRB2,917.0
Q5IJ48,L917K,0.0936,benign,CRB2,917.0
Q5IJ48,L917M,0.1154,benign,CRB2,917.0
Q5IJ48,L917N,0.1195,benign,CRB2,917.0
Q5IJ48,L917P,0.0419,benign,CRB2,917.0
Q5IJ48,L917Q,0.0444,benign,CRB2,917.0
Q5IJ48,L917R,0.0403,benign,CRB2,917.0
Q5IJ48,L917S,0.063,benign,CRB2,917.0
Q5IJ48,L917T,0.0629,benign,CRB2,917.0
Q5IJ48,L917V,0.0683,benign,CRB2,917.0
Q5IJ48,L917W,0.0784,benign,CRB2,917.0
Q5IJ48,L917Y,0.1923,benign,CRB2,917.0
Q5IJ48,E918A,0.0707,benign,CRB2,918.0
Q5IJ48,E918C,0.6778,pathogenic,CRB2,918.0
Q5IJ48,E918D,0.1171,benign,CRB2,918.0
Q5IJ48,E918F,0.5628,ambiguous,CRB2,918.0
Q5IJ48,E918G,0.0707,benign,CRB2,918.0
Q5IJ48,E918H,0.2026,benign,CRB2,918.0
Q5IJ48,E918I,0.461,ambiguous,CRB2,918.0
Q5IJ48,E918K,0.1641,benign,CRB2,918.0
Q5IJ48,E918L,0.2695,benign,CRB2,918.0
Q5IJ48,E918M,0.4804,ambiguous,CRB2,918.0
Q5IJ48,E918N,0.2344,benign,CRB2,918.0
Q5IJ48,E918P,0.1478,benign,CRB2,918.0
Q5IJ48,E918Q,0.0854,benign,CRB2,918.0
Q5IJ48,E918R,0.1092,benign,CRB2,918.0
Q5IJ48,E918S,0.1074,benign,CRB2,918.0
Q5IJ48,E918T,0.1481,benign,CRB2,918.0
Q5IJ48,E918V,0.2234,benign,CRB2,918.0
Q5IJ48,E918W,0.5532,ambiguous,CRB2,918.0
Q5IJ48,E918Y,0.4297,ambiguous,CRB2,918.0
Q5IJ48,G919A,0.0781,benign,CRB2,919.0
Q5IJ48,G919C,0.4354,ambiguous,CRB2,919.0
Q5IJ48,G919D,0.1317,benign,CRB2,919.0
Q5IJ48,G919E,0.1144,benign,CRB2,919.0
Q5IJ48,G919F,0.4816,ambiguous,CRB2,919.0
Q5IJ48,G919H,0.3078,benign,CRB2,919.0
Q5IJ48,G919I,0.299,benign,CRB2,919.0
Q5IJ48,G919K,0.4223,ambiguous,CRB2,919.0
Q5IJ48,G919L,0.3177,benign,CRB2,919.0
Q5IJ48,G919M,0.3447,ambiguous,CRB2,919.0
Q5IJ48,G919N,0.2374,benign,CRB2,919.0
Q5IJ48,G919P,0.4819,ambiguous,CRB2,919.0
Q5IJ48,G919Q,0.2457,benign,CRB2,919.0
Q5IJ48,G919R,0.2562,benign,CRB2,919.0
Q5IJ48,G919S,0.0933,benign,CRB2,919.0
Q5IJ48,G919T,0.1045,benign,CRB2,919.0
Q5IJ48,G919V,0.1668,benign,CRB2,919.0
Q5IJ48,G919W,0.3071,benign,CRB2,919.0
Q5IJ48,G919Y,0.3897,ambiguous,CRB2,919.0
Q5IJ48,V920A,0.2655,benign,CRB2,920.0
Q5IJ48,V920C,0.8268,pathogenic,CRB2,920.0
Q5IJ48,V920D,0.7545,pathogenic,CRB2,920.0
Q5IJ48,V920E,0.6206,pathogenic,CRB2,920.0
Q5IJ48,V920F,0.1765,benign,CRB2,920.0
Q5IJ48,V920G,0.2798,benign,CRB2,920.0
Q5IJ48,V920H,0.8312,pathogenic,CRB2,920.0
Q5IJ48,V920I,0.0826,benign,CRB2,920.0
Q5IJ48,V920K,0.8118,pathogenic,CRB2,920.0
Q5IJ48,V920L,0.091,benign,CRB2,920.0
Q5IJ48,V920M,0.2567,benign,CRB2,920.0
Q5IJ48,V920N,0.7007,pathogenic,CRB2,920.0
Q5IJ48,V920P,0.5629,ambiguous,CRB2,920.0
Q5IJ48,V920Q,0.6497,pathogenic,CRB2,920.0
Q5IJ48,V920R,0.6024,pathogenic,CRB2,920.0
Q5IJ48,V920S,0.4847,ambiguous,CRB2,920.0
Q5IJ48,V920T,0.4601,ambiguous,CRB2,920.0
Q5IJ48,V920W,0.7191,pathogenic,CRB2,920.0
Q5IJ48,V920Y,0.6819,pathogenic,CRB2,920.0
Q5IJ48,W921A,0.2121,benign,CRB2,921.0
Q5IJ48,W921C,0.8266,pathogenic,CRB2,921.0
Q5IJ48,W921D,0.5589,ambiguous,CRB2,921.0
Q5IJ48,W921E,0.3471,ambiguous,CRB2,921.0
Q5IJ48,W921F,0.126,benign,CRB2,921.0
Q5IJ48,W921G,0.183,benign,CRB2,921.0
Q5IJ48,W921H,0.3928,ambiguous,CRB2,921.0
Q5IJ48,W921I,0.4257,ambiguous,CRB2,921.0
Q5IJ48,W921K,0.7372,pathogenic,CRB2,921.0
Q5IJ48,W921L,0.2637,benign,CRB2,921.0
Q5IJ48,W921M,0.5914,pathogenic,CRB2,921.0
Q5IJ48,W921N,0.6613,pathogenic,CRB2,921.0
Q5IJ48,W921P,0.8458,pathogenic,CRB2,921.0
Q5IJ48,W921Q,0.457,ambiguous,CRB2,921.0
Q5IJ48,W921R,0.4271,ambiguous,CRB2,921.0
Q5IJ48,W921S,0.1719,benign,CRB2,921.0
Q5IJ48,W921T,0.2454,benign,CRB2,921.0
Q5IJ48,W921V,0.2619,benign,CRB2,921.0
Q5IJ48,W921Y,0.3529,ambiguous,CRB2,921.0
Q5IJ48,L922A,0.5999,pathogenic,CRB2,922.0
Q5IJ48,L922C,0.9124,pathogenic,CRB2,922.0
Q5IJ48,L922D,0.9669,pathogenic,CRB2,922.0
Q5IJ48,L922E,0.8567,pathogenic,CRB2,922.0
Q5IJ48,L922F,0.3198,benign,CRB2,922.0
Q5IJ48,L922G,0.8158,pathogenic,CRB2,922.0
Q5IJ48,L922H,0.8988,pathogenic,CRB2,922.0
Q5IJ48,L922I,0.1362,benign,CRB2,922.0
Q5IJ48,L922K,0.9117,pathogenic,CRB2,922.0
Q5IJ48,L922M,0.236,benign,CRB2,922.0
Q5IJ48,L922N,0.9409,pathogenic,CRB2,922.0
Q5IJ48,L922P,0.8429,pathogenic,CRB2,922.0
Q5IJ48,L922Q,0.7582,pathogenic,CRB2,922.0
Q5IJ48,L922R,0.7952,pathogenic,CRB2,922.0
Q5IJ48,L922S,0.8839,pathogenic,CRB2,922.0
Q5IJ48,L922T,0.7151,pathogenic,CRB2,922.0
Q5IJ48,L922V,0.1256,benign,CRB2,922.0
Q5IJ48,L922W,0.5909,pathogenic,CRB2,922.0
Q5IJ48,L922Y,0.8387,pathogenic,CRB2,922.0
Q5IJ48,A923C,0.7763,pathogenic,CRB2,923.0
Q5IJ48,A923D,0.5038,ambiguous,CRB2,923.0
Q5IJ48,A923E,0.2318,benign,CRB2,923.0
Q5IJ48,A923F,0.4907,ambiguous,CRB2,923.0
Q5IJ48,A923G,0.149,benign,CRB2,923.0
Q5IJ48,A923H,0.5845,pathogenic,CRB2,923.0
Q5IJ48,A923I,0.5172,ambiguous,CRB2,923.0
Q5IJ48,A923K,0.6352,pathogenic,CRB2,923.0
Q5IJ48,A923L,0.2972,benign,CRB2,923.0
Q5IJ48,A923M,0.4001,ambiguous,CRB2,923.0
Q5IJ48,A923N,0.5922,pathogenic,CRB2,923.0
Q5IJ48,A923P,0.8874,pathogenic,CRB2,923.0
Q5IJ48,A923Q,0.312,benign,CRB2,923.0
Q5IJ48,A923R,0.4032,ambiguous,CRB2,923.0
Q5IJ48,A923S,0.1502,benign,CRB2,923.0
Q5IJ48,A923T,0.1787,benign,CRB2,923.0
Q5IJ48,A923V,0.2263,benign,CRB2,923.0
Q5IJ48,A923W,0.7358,pathogenic,CRB2,923.0
Q5IJ48,A923Y,0.6652,pathogenic,CRB2,923.0
Q5IJ48,V924A,0.5417,ambiguous,CRB2,924.0
Q5IJ48,V924C,0.9642,pathogenic,CRB2,924.0
Q5IJ48,V924D,0.9397,pathogenic,CRB2,924.0
Q5IJ48,V924E,0.8179,pathogenic,CRB2,924.0
Q5IJ48,V924F,0.4503,ambiguous,CRB2,924.0
Q5IJ48,V924G,0.606,pathogenic,CRB2,924.0
Q5IJ48,V924H,0.9566,pathogenic,CRB2,924.0
Q5IJ48,V924I,0.0965,benign,CRB2,924.0
Q5IJ48,V924K,0.9088,pathogenic,CRB2,924.0
Q5IJ48,V924L,0.1495,benign,CRB2,924.0
Q5IJ48,V924M,0.4115,ambiguous,CRB2,924.0
Q5IJ48,V924N,0.9092,pathogenic,CRB2,924.0
Q5IJ48,V924P,0.8437,pathogenic,CRB2,924.0
Q5IJ48,V924Q,0.8302,pathogenic,CRB2,924.0
Q5IJ48,V924R,0.7902,pathogenic,CRB2,924.0
Q5IJ48,V924S,0.7698,pathogenic,CRB2,924.0
Q5IJ48,V924T,0.7295,pathogenic,CRB2,924.0
Q5IJ48,V924W,0.9344,pathogenic,CRB2,924.0
Q5IJ48,V924Y,0.919,pathogenic,CRB2,924.0
Q5IJ48,R925A,0.2199,benign,CRB2,925.0
Q5IJ48,R925C,0.2799,benign,CRB2,925.0
Q5IJ48,R925D,0.4234,ambiguous,CRB2,925.0
Q5IJ48,R925E,0.2255,benign,CRB2,925.0
Q5IJ48,R925F,0.4026,ambiguous,CRB2,925.0
Q5IJ48,R925G,0.162,benign,CRB2,925.0
Q5IJ48,R925H,0.1093,benign,CRB2,925.0
Q5IJ48,R925I,0.2847,benign,CRB2,925.0
Q5IJ48,R925K,0.2307,benign,CRB2,925.0
Q5IJ48,R925L,0.1564,benign,CRB2,925.0
Q5IJ48,R925M,0.4016,ambiguous,CRB2,925.0
Q5IJ48,R925N,0.47,ambiguous,CRB2,925.0
Q5IJ48,R925P,0.5504,ambiguous,CRB2,925.0
Q5IJ48,R925Q,0.1077,benign,CRB2,925.0
Q5IJ48,R925S,0.2716,benign,CRB2,925.0
Q5IJ48,R925T,0.217,benign,CRB2,925.0
Q5IJ48,R925V,0.2528,benign,CRB2,925.0
Q5IJ48,R925W,0.1435,benign,CRB2,925.0
Q5IJ48,R925Y,0.3271,benign,CRB2,925.0
Q5IJ48,N926A,0.4595,ambiguous,CRB2,926.0
Q5IJ48,N926C,0.8599,pathogenic,CRB2,926.0
Q5IJ48,N926D,0.3049,benign,CRB2,926.0
Q5IJ48,N926E,0.4521,ambiguous,CRB2,926.0
Q5IJ48,N926F,0.8913,pathogenic,CRB2,926.0
Q5IJ48,N926G,0.2796,benign,CRB2,926.0
Q5IJ48,N926H,0.3018,benign,CRB2,926.0
Q5IJ48,N926I,0.867,pathogenic,CRB2,926.0
Q5IJ48,N926K,0.5992,pathogenic,CRB2,926.0
Q5IJ48,N926L,0.6303,pathogenic,CRB2,926.0
Q5IJ48,N926M,0.861,pathogenic,CRB2,926.0
Q5IJ48,N926P,0.7441,pathogenic,CRB2,926.0
Q5IJ48,N926Q,0.5529,ambiguous,CRB2,926.0
Q5IJ48,N926R,0.4437,ambiguous,CRB2,926.0
Q5IJ48,N926S,0.1954,benign,CRB2,926.0
Q5IJ48,N926T,0.6069,pathogenic,CRB2,926.0
Q5IJ48,N926V,0.8114,pathogenic,CRB2,926.0
Q5IJ48,N926W,0.8681,pathogenic,CRB2,926.0
Q5IJ48,N926Y,0.5144,ambiguous,CRB2,926.0
Q5IJ48,G927A,0.2867,benign,CRB2,927.0
Q5IJ48,G927C,0.6785,pathogenic,CRB2,927.0
Q5IJ48,G927D,0.3256,benign,CRB2,927.0
Q5IJ48,G927E,0.4663,ambiguous,CRB2,927.0
Q5IJ48,G927F,0.8553,pathogenic,CRB2,927.0
Q5IJ48,G927H,0.5697,pathogenic,CRB2,927.0
Q5IJ48,G927I,0.8662,pathogenic,CRB2,927.0
Q5IJ48,G927K,0.8036,pathogenic,CRB2,927.0
Q5IJ48,G927L,0.7993,pathogenic,CRB2,927.0
Q5IJ48,G927M,0.9084,pathogenic,CRB2,927.0
Q5IJ48,G927N,0.5379,ambiguous,CRB2,927.0
Q5IJ48,G927P,0.9759,pathogenic,CRB2,927.0
Q5IJ48,G927Q,0.5659,pathogenic,CRB2,927.0
Q5IJ48,G927R,0.4567,ambiguous,CRB2,927.0
Q5IJ48,G927S,0.2066,benign,CRB2,927.0
Q5IJ48,G927T,0.5072,ambiguous,CRB2,927.0
Q5IJ48,G927V,0.7072,pathogenic,CRB2,927.0
Q5IJ48,G927W,0.7107,pathogenic,CRB2,927.0
Q5IJ48,G927Y,0.7574,pathogenic,CRB2,927.0
Q5IJ48,S928A,0.2062,benign,CRB2,928.0
Q5IJ48,S928C,0.6046,pathogenic,CRB2,928.0
Q5IJ48,S928D,0.625,pathogenic,CRB2,928.0
Q5IJ48,S928E,0.6519,pathogenic,CRB2,928.0
Q5IJ48,S928F,0.3708,ambiguous,CRB2,928.0
Q5IJ48,S928G,0.2224,benign,CRB2,928.0
Q5IJ48,S928H,0.479,ambiguous,CRB2,928.0
Q5IJ48,S928I,0.5995,pathogenic,CRB2,928.0
Q5IJ48,S928K,0.8862,pathogenic,CRB2,928.0
Q5IJ48,S928L,0.4214,ambiguous,CRB2,928.0
Q5IJ48,S928M,0.5811,pathogenic,CRB2,928.0
Q5IJ48,S928N,0.5021,ambiguous,CRB2,928.0
Q5IJ48,S928P,0.8786,pathogenic,CRB2,928.0
Q5IJ48,S928Q,0.6697,pathogenic,CRB2,928.0
Q5IJ48,S928R,0.7168,pathogenic,CRB2,928.0
Q5IJ48,S928T,0.1382,benign,CRB2,928.0
Q5IJ48,S928V,0.4881,ambiguous,CRB2,928.0
Q5IJ48,S928W,0.3863,ambiguous,CRB2,928.0
Q5IJ48,S928Y,0.38,ambiguous,CRB2,928.0
Q5IJ48,L929A,0.5498,ambiguous,CRB2,929.0
Q5IJ48,L929C,0.9497,pathogenic,CRB2,929.0
Q5IJ48,L929D,0.9696,pathogenic,CRB2,929.0
Q5IJ48,L929E,0.8564,pathogenic,CRB2,929.0
Q5IJ48,L929F,0.3128,benign,CRB2,929.0
Q5IJ48,L929G,0.8102,pathogenic,CRB2,929.0
Q5IJ48,L929H,0.91,pathogenic,CRB2,929.0
Q5IJ48,L929I,0.1778,benign,CRB2,929.0
Q5IJ48,L929K,0.9081,pathogenic,CRB2,929.0
Q5IJ48,L929M,0.3828,ambiguous,CRB2,929.0
Q5IJ48,L929N,0.962,pathogenic,CRB2,929.0
Q5IJ48,L929P,0.6637,pathogenic,CRB2,929.0
Q5IJ48,L929Q,0.7749,pathogenic,CRB2,929.0
Q5IJ48,L929R,0.7004,pathogenic,CRB2,929.0
Q5IJ48,L929S,0.8678,pathogenic,CRB2,929.0
Q5IJ48,L929T,0.7288,pathogenic,CRB2,929.0
Q5IJ48,L929V,0.1434,benign,CRB2,929.0
Q5IJ48,L929W,0.6219,pathogenic,CRB2,929.0
Q5IJ48,L929Y,0.8712,pathogenic,CRB2,929.0
Q5IJ48,A930C,0.6269,pathogenic,CRB2,930.0
Q5IJ48,A930D,0.2754,benign,CRB2,930.0
Q5IJ48,A930E,0.1476,benign,CRB2,930.0
Q5IJ48,A930F,0.2525,benign,CRB2,930.0
Q5IJ48,A930G,0.1512,benign,CRB2,930.0
Q5IJ48,A930H,0.3528,ambiguous,CRB2,930.0
Q5IJ48,A930I,0.221,benign,CRB2,930.0
Q5IJ48,A930K,0.4759,ambiguous,CRB2,930.0
Q5IJ48,A930L,0.1287,benign,CRB2,930.0
Q5IJ48,A930M,0.2743,benign,CRB2,930.0
Q5IJ48,A930N,0.4143,ambiguous,CRB2,930.0
Q5IJ48,A930P,0.5822,pathogenic,CRB2,930.0
Q5IJ48,A930Q,0.2304,benign,CRB2,930.0
Q5IJ48,A930R,0.2389,benign,CRB2,930.0
Q5IJ48,A930S,0.1213,benign,CRB2,930.0
Q5IJ48,A930T,0.1119,benign,CRB2,930.0
Q5IJ48,A930V,0.0984,benign,CRB2,930.0
Q5IJ48,A930W,0.4355,ambiguous,CRB2,930.0
Q5IJ48,A930Y,0.4164,ambiguous,CRB2,930.0
Q5IJ48,G931A,0.0461,benign,CRB2,931.0
Q5IJ48,G931C,0.2403,benign,CRB2,931.0
Q5IJ48,G931D,0.7723,pathogenic,CRB2,931.0
Q5IJ48,G931E,0.7172,pathogenic,CRB2,931.0
Q5IJ48,G931F,0.5607,ambiguous,CRB2,931.0
Q5IJ48,G931H,0.8295,pathogenic,CRB2,931.0
Q5IJ48,G931I,0.2312,benign,CRB2,931.0
Q5IJ48,G931K,0.9216,pathogenic,CRB2,931.0
Q5IJ48,G931L,0.2228,benign,CRB2,931.0
Q5IJ48,G931M,0.4239,ambiguous,CRB2,931.0
Q5IJ48,G931N,0.8028,pathogenic,CRB2,931.0
Q5IJ48,G931P,0.7767,pathogenic,CRB2,931.0
Q5IJ48,G931Q,0.7854,pathogenic,CRB2,931.0
Q5IJ48,G931R,0.7599,pathogenic,CRB2,931.0
Q5IJ48,G931S,0.154,benign,CRB2,931.0
Q5IJ48,G931T,0.133,benign,CRB2,931.0
Q5IJ48,G931V,0.1044,benign,CRB2,931.0
Q5IJ48,G931W,0.6131,pathogenic,CRB2,931.0
Q5IJ48,G931Y,0.7209,pathogenic,CRB2,931.0
Q5IJ48,G932A,0.0828,benign,CRB2,932.0
Q5IJ48,G932C,0.3238,benign,CRB2,932.0
Q5IJ48,G932D,0.1889,benign,CRB2,932.0
Q5IJ48,G932E,0.1326,benign,CRB2,932.0
Q5IJ48,G932F,0.331,benign,CRB2,932.0
Q5IJ48,G932H,0.2337,benign,CRB2,932.0
Q5IJ48,G932I,0.2274,benign,CRB2,932.0
Q5IJ48,G932K,0.3644,ambiguous,CRB2,932.0
Q5IJ48,G932L,0.2373,benign,CRB2,932.0
Q5IJ48,G932M,0.337,benign,CRB2,932.0
Q5IJ48,G932N,0.2965,benign,CRB2,932.0
Q5IJ48,G932P,0.762,pathogenic,CRB2,932.0
Q5IJ48,G932Q,0.1962,benign,CRB2,932.0
Q5IJ48,G932R,0.1825,benign,CRB2,932.0
Q5IJ48,G932S,0.0951,benign,CRB2,932.0
Q5IJ48,G932T,0.1222,benign,CRB2,932.0
Q5IJ48,G932V,0.1499,benign,CRB2,932.0
Q5IJ48,G932W,0.2373,benign,CRB2,932.0
Q5IJ48,G932Y,0.3169,benign,CRB2,932.0
Q5IJ48,V933A,0.3082,benign,CRB2,933.0
Q5IJ48,V933C,0.9009,pathogenic,CRB2,933.0
Q5IJ48,V933D,0.7269,pathogenic,CRB2,933.0
Q5IJ48,V933E,0.5305,ambiguous,CRB2,933.0
Q5IJ48,V933F,0.1814,benign,CRB2,933.0
Q5IJ48,V933G,0.2369,benign,CRB2,933.0
Q5IJ48,V933H,0.8204,pathogenic,CRB2,933.0
Q5IJ48,V933I,0.1046,benign,CRB2,933.0
Q5IJ48,V933K,0.7399,pathogenic,CRB2,933.0
Q5IJ48,V933L,0.1642,benign,CRB2,933.0
Q5IJ48,V933M,0.3201,benign,CRB2,933.0
Q5IJ48,V933N,0.7357,pathogenic,CRB2,933.0
Q5IJ48,V933P,0.6164,pathogenic,CRB2,933.0
Q5IJ48,V933Q,0.5625,ambiguous,CRB2,933.0
Q5IJ48,V933R,0.4779,ambiguous,CRB2,933.0
Q5IJ48,V933S,0.4643,ambiguous,CRB2,933.0
Q5IJ48,V933T,0.5025,ambiguous,CRB2,933.0
Q5IJ48,V933W,0.7328,pathogenic,CRB2,933.0
Q5IJ48,V933Y,0.68,pathogenic,CRB2,933.0
Q5IJ48,R934A,0.1313,benign,CRB2,934.0
Q5IJ48,R934C,0.3335,benign,CRB2,934.0
Q5IJ48,R934D,0.2842,benign,CRB2,934.0
Q5IJ48,R934E,0.1893,benign,CRB2,934.0
Q5IJ48,R934F,0.2558,benign,CRB2,934.0
Q5IJ48,R934G,0.0895,benign,CRB2,934.0
Q5IJ48,R934H,0.1152,benign,CRB2,934.0
Q5IJ48,R934I,0.2197,benign,CRB2,934.0
Q5IJ48,R934K,0.2294,benign,CRB2,934.0
Q5IJ48,R934L,0.1019,benign,CRB2,934.0
Q5IJ48,R934M,0.3138,benign,CRB2,934.0
Q5IJ48,R934N,0.3576,ambiguous,CRB2,934.0
Q5IJ48,R934P,0.1764,benign,CRB2,934.0
Q5IJ48,R934Q,0.1031,benign,CRB2,934.0
Q5IJ48,R934S,0.1785,benign,CRB2,934.0
Q5IJ48,R934T,0.1378,benign,CRB2,934.0
Q5IJ48,R934V,0.1917,benign,CRB2,934.0
Q5IJ48,R934W,0.129,benign,CRB2,934.0
Q5IJ48,R934Y,0.2843,benign,CRB2,934.0
Q5IJ48,G935A,0.0824,benign,CRB2,935.0
Q5IJ48,G935C,0.2686,benign,CRB2,935.0
Q5IJ48,G935D,0.1678,benign,CRB2,935.0
Q5IJ48,G935E,0.1707,benign,CRB2,935.0
Q5IJ48,G935F,0.416,ambiguous,CRB2,935.0
Q5IJ48,G935H,0.2803,benign,CRB2,935.0
Q5IJ48,G935I,0.2481,benign,CRB2,935.0
Q5IJ48,G935K,0.4082,ambiguous,CRB2,935.0
Q5IJ48,G935L,0.23,benign,CRB2,935.0
Q5IJ48,G935M,0.4002,ambiguous,CRB2,935.0
Q5IJ48,G935N,0.2519,benign,CRB2,935.0
Q5IJ48,G935P,0.2833,benign,CRB2,935.0
Q5IJ48,G935Q,0.2681,benign,CRB2,935.0
Q5IJ48,G935R,0.2041,benign,CRB2,935.0
Q5IJ48,G935S,0.0805,benign,CRB2,935.0
Q5IJ48,G935T,0.1163,benign,CRB2,935.0
Q5IJ48,G935V,0.1508,benign,CRB2,935.0
Q5IJ48,G935W,0.2509,benign,CRB2,935.0
Q5IJ48,G935Y,0.359,ambiguous,CRB2,935.0
Q5IJ48,G936A,0.1029,benign,CRB2,936.0
Q5IJ48,G936C,0.2724,benign,CRB2,936.0
Q5IJ48,G936D,0.1219,benign,CRB2,936.0
Q5IJ48,G936E,0.122,benign,CRB2,936.0
Q5IJ48,G936F,0.324,benign,CRB2,936.0
Q5IJ48,G936H,0.2112,benign,CRB2,936.0
Q5IJ48,G936I,0.2089,benign,CRB2,936.0
Q5IJ48,G936K,0.2958,benign,CRB2,936.0
Q5IJ48,G936L,0.2092,benign,CRB2,936.0
Q5IJ48,G936M,0.375,ambiguous,CRB2,936.0
Q5IJ48,G936N,0.2237,benign,CRB2,936.0
Q5IJ48,G936P,0.2612,benign,CRB2,936.0
Q5IJ48,G936Q,0.184,benign,CRB2,936.0
Q5IJ48,G936R,0.1296,benign,CRB2,936.0
Q5IJ48,G936S,0.094,benign,CRB2,936.0
Q5IJ48,G936T,0.1303,benign,CRB2,936.0
Q5IJ48,G936V,0.1321,benign,CRB2,936.0
Q5IJ48,G936W,0.1914,benign,CRB2,936.0
Q5IJ48,G936Y,0.3058,benign,CRB2,936.0
Q5IJ48,H937A,0.0719,benign,CRB2,937.0
Q5IJ48,H937C,0.2254,benign,CRB2,937.0
Q5IJ48,H937D,0.082,benign,CRB2,937.0
Q5IJ48,H937E,0.1071,benign,CRB2,937.0
Q5IJ48,H937F,0.1733,benign,CRB2,937.0
Q5IJ48,H937G,0.0674,benign,CRB2,937.0
Q5IJ48,H937I,0.1982,benign,CRB2,937.0
Q5IJ48,H937K,0.1435,benign,CRB2,937.0
Q5IJ48,H937L,0.0722,benign,CRB2,937.0
Q5IJ48,H937M,0.2804,benign,CRB2,937.0
Q5IJ48,H937N,0.086,benign,CRB2,937.0
Q5IJ48,H937P,0.0461,benign,CRB2,937.0
Q5IJ48,H937Q,0.0834,benign,CRB2,937.0
Q5IJ48,H937R,0.0485,benign,CRB2,937.0
Q5IJ48,H937S,0.076,benign,CRB2,937.0
Q5IJ48,H937T,0.1112,benign,CRB2,937.0
Q5IJ48,H937V,0.124,benign,CRB2,937.0
Q5IJ48,H937W,0.1513,benign,CRB2,937.0
Q5IJ48,H937Y,0.1008,benign,CRB2,937.0
Q5IJ48,G938A,0.097,benign,CRB2,938.0
Q5IJ48,G938C,0.2635,benign,CRB2,938.0
Q5IJ48,G938D,0.1042,benign,CRB2,938.0
Q5IJ48,G938E,0.1294,benign,CRB2,938.0
Q5IJ48,G938F,0.3258,benign,CRB2,938.0
Q5IJ48,G938H,0.1795,benign,CRB2,938.0
Q5IJ48,G938I,0.2232,benign,CRB2,938.0
Q5IJ48,G938K,0.3404,ambiguous,CRB2,938.0
Q5IJ48,G938L,0.208,benign,CRB2,938.0
Q5IJ48,G938M,0.4115,ambiguous,CRB2,938.0
Q5IJ48,G938N,0.2166,benign,CRB2,938.0
Q5IJ48,G938P,0.2695,benign,CRB2,938.0
Q5IJ48,G938Q,0.197,benign,CRB2,938.0
Q5IJ48,G938R,0.1381,benign,CRB2,938.0
Q5IJ48,G938S,0.0991,benign,CRB2,938.0
Q5IJ48,G938T,0.1327,benign,CRB2,938.0
Q5IJ48,G938V,0.1305,benign,CRB2,938.0
Q5IJ48,G938W,0.199,benign,CRB2,938.0
Q5IJ48,G938Y,0.266,benign,CRB2,938.0
Q5IJ48,L939A,0.1003,benign,CRB2,939.0
Q5IJ48,L939C,0.4611,ambiguous,CRB2,939.0
Q5IJ48,L939D,0.2505,benign,CRB2,939.0
Q5IJ48,L939E,0.1189,benign,CRB2,939.0
Q5IJ48,L939F,0.108,benign,CRB2,939.0
Q5IJ48,L939G,0.1421,benign,CRB2,939.0
Q5IJ48,L939H,0.1351,benign,CRB2,939.0
Q5IJ48,L939I,0.1157,benign,CRB2,939.0
Q5IJ48,L939K,0.1557,benign,CRB2,939.0
Q5IJ48,L939M,0.1379,benign,CRB2,939.0
Q5IJ48,L939N,0.1986,benign,CRB2,939.0
Q5IJ48,L939P,0.0863,benign,CRB2,939.0
Q5IJ48,L939Q,0.0759,benign,CRB2,939.0
Q5IJ48,L939R,0.0746,benign,CRB2,939.0
Q5IJ48,L939S,0.1151,benign,CRB2,939.0
Q5IJ48,L939T,0.1275,benign,CRB2,939.0
Q5IJ48,L939V,0.0821,benign,CRB2,939.0
Q5IJ48,L939W,0.1273,benign,CRB2,939.0
Q5IJ48,L939Y,0.239,benign,CRB2,939.0
Q5IJ48,P940A,0.0597,benign,CRB2,940.0
Q5IJ48,P940C,0.5361,ambiguous,CRB2,940.0
Q5IJ48,P940D,0.1895,benign,CRB2,940.0
Q5IJ48,P940E,0.1227,benign,CRB2,940.0
Q5IJ48,P940F,0.3239,benign,CRB2,940.0
Q5IJ48,P940G,0.1237,benign,CRB2,940.0
Q5IJ48,P940H,0.1376,benign,CRB2,940.0
Q5IJ48,P940I,0.2994,benign,CRB2,940.0
Q5IJ48,P940K,0.2227,benign,CRB2,940.0
Q5IJ48,P940L,0.1046,benign,CRB2,940.0
Q5IJ48,P940M,0.3219,benign,CRB2,940.0
Q5IJ48,P940N,0.2649,benign,CRB2,940.0
Q5IJ48,P940Q,0.1006,benign,CRB2,940.0
Q5IJ48,P940R,0.0846,benign,CRB2,940.0
Q5IJ48,P940S,0.0823,benign,CRB2,940.0
Q5IJ48,P940T,0.0945,benign,CRB2,940.0
Q5IJ48,P940V,0.166,benign,CRB2,940.0
Q5IJ48,P940W,0.2806,benign,CRB2,940.0
Q5IJ48,P940Y,0.3193,benign,CRB2,940.0
Q5IJ48,G941A,0.0986,benign,CRB2,941.0
Q5IJ48,G941C,0.4512,ambiguous,CRB2,941.0
Q5IJ48,G941D,0.1779,benign,CRB2,941.0
Q5IJ48,G941E,0.1433,benign,CRB2,941.0
Q5IJ48,G941F,0.5038,ambiguous,CRB2,941.0
Q5IJ48,G941H,0.371,ambiguous,CRB2,941.0
Q5IJ48,G941I,0.3893,ambiguous,CRB2,941.0
Q5IJ48,G941K,0.4604,ambiguous,CRB2,941.0
Q5IJ48,G941L,0.3452,ambiguous,CRB2,941.0
Q5IJ48,G941M,0.5051,ambiguous,CRB2,941.0
Q5IJ48,G941N,0.3911,ambiguous,CRB2,941.0
Q5IJ48,G941P,0.3912,ambiguous,CRB2,941.0
Q5IJ48,G941Q,0.2878,benign,CRB2,941.0
Q5IJ48,G941R,0.2393,benign,CRB2,941.0
Q5IJ48,G941S,0.1242,benign,CRB2,941.0
Q5IJ48,G941T,0.1733,benign,CRB2,941.0
Q5IJ48,G941V,0.1976,benign,CRB2,941.0
Q5IJ48,G941W,0.293,benign,CRB2,941.0
Q5IJ48,G941Y,0.4473,ambiguous,CRB2,941.0
Q5IJ48,A942C,0.7014,pathogenic,CRB2,942.0
Q5IJ48,A942D,0.4225,ambiguous,CRB2,942.0
Q5IJ48,A942E,0.3615,ambiguous,CRB2,942.0
Q5IJ48,A942F,0.5054,ambiguous,CRB2,942.0
Q5IJ48,A942G,0.1289,benign,CRB2,942.0
Q5IJ48,A942H,0.6459,pathogenic,CRB2,942.0
Q5IJ48,A942I,0.4432,ambiguous,CRB2,942.0
Q5IJ48,A942K,0.7014,pathogenic,CRB2,942.0
Q5IJ48,A942L,0.2922,benign,CRB2,942.0
Q5IJ48,A942M,0.4411,ambiguous,CRB2,942.0
Q5IJ48,A942N,0.5035,ambiguous,CRB2,942.0
Q5IJ48,A942P,0.3262,benign,CRB2,942.0
Q5IJ48,A942Q,0.4801,ambiguous,CRB2,942.0
Q5IJ48,A942R,0.4734,ambiguous,CRB2,942.0
Q5IJ48,A942S,0.1311,benign,CRB2,942.0
Q5IJ48,A942T,0.1484,benign,CRB2,942.0
Q5IJ48,A942V,0.1732,benign,CRB2,942.0
Q5IJ48,A942W,0.7394,pathogenic,CRB2,942.0
Q5IJ48,A942Y,0.6824,pathogenic,CRB2,942.0
Q5IJ48,V943A,0.0996,benign,CRB2,943.0
Q5IJ48,V943C,0.7796,pathogenic,CRB2,943.0
Q5IJ48,V943D,0.1786,benign,CRB2,943.0
Q5IJ48,V943E,0.1164,benign,CRB2,943.0
Q5IJ48,V943F,0.1165,benign,CRB2,943.0
Q5IJ48,V943G,0.1158,benign,CRB2,943.0
Q5IJ48,V943H,0.3516,ambiguous,CRB2,943.0
Q5IJ48,V943I,0.1231,benign,CRB2,943.0
Q5IJ48,V943K,0.2877,benign,CRB2,943.0
Q5IJ48,V943L,0.1133,benign,CRB2,943.0
Q5IJ48,V943M,0.1853,benign,CRB2,943.0
Q5IJ48,V943N,0.238,benign,CRB2,943.0
Q5IJ48,V943P,0.2926,benign,CRB2,943.0
Q5IJ48,V943Q,0.1737,benign,CRB2,943.0
Q5IJ48,V943R,0.1372,benign,CRB2,943.0
Q5IJ48,V943S,0.1225,benign,CRB2,943.0
Q5IJ48,V943T,0.1524,benign,CRB2,943.0
Q5IJ48,V943W,0.4925,ambiguous,CRB2,943.0
Q5IJ48,V943Y,0.4238,ambiguous,CRB2,943.0
Q5IJ48,L944A,0.3662,ambiguous,CRB2,944.0
Q5IJ48,L944C,0.8373,pathogenic,CRB2,944.0
Q5IJ48,L944D,0.845,pathogenic,CRB2,944.0
Q5IJ48,L944E,0.5743,pathogenic,CRB2,944.0
Q5IJ48,L944F,0.1846,benign,CRB2,944.0
Q5IJ48,L944G,0.5199,ambiguous,CRB2,944.0
Q5IJ48,L944H,0.5529,ambiguous,CRB2,944.0
Q5IJ48,L944I,0.2049,benign,CRB2,944.0
Q5IJ48,L944K,0.6982,pathogenic,CRB2,944.0
Q5IJ48,L944M,0.2717,benign,CRB2,944.0
Q5IJ48,L944N,0.7483,pathogenic,CRB2,944.0
Q5IJ48,L944P,0.3228,benign,CRB2,944.0
Q5IJ48,L944Q,0.3569,ambiguous,CRB2,944.0
Q5IJ48,L944R,0.3865,ambiguous,CRB2,944.0
Q5IJ48,L944S,0.5165,ambiguous,CRB2,944.0
Q5IJ48,L944T,0.5006,ambiguous,CRB2,944.0
Q5IJ48,L944V,0.1727,benign,CRB2,944.0
Q5IJ48,L944W,0.3411,ambiguous,CRB2,944.0
Q5IJ48,L944Y,0.6007,pathogenic,CRB2,944.0
Q5IJ48,P945A,0.0874,benign,CRB2,945.0
Q5IJ48,P945C,0.6323,pathogenic,CRB2,945.0
Q5IJ48,P945D,0.2301,benign,CRB2,945.0
Q5IJ48,P945E,0.1844,benign,CRB2,945.0
Q5IJ48,P945F,0.4435,ambiguous,CRB2,945.0
Q5IJ48,P945G,0.1671,benign,CRB2,945.0
Q5IJ48,P945H,0.1847,benign,CRB2,945.0
Q5IJ48,P945I,0.4661,ambiguous,CRB2,945.0
Q5IJ48,P945K,0.3743,ambiguous,CRB2,945.0
Q5IJ48,P945L,0.172,benign,CRB2,945.0
Q5IJ48,P945M,0.4696,ambiguous,CRB2,945.0
Q5IJ48,P945N,0.3283,benign,CRB2,945.0
Q5IJ48,P945Q,0.1565,benign,CRB2,945.0
Q5IJ48,P945R,0.138,benign,CRB2,945.0
Q5IJ48,P945S,0.1076,benign,CRB2,945.0
Q5IJ48,P945T,0.135,benign,CRB2,945.0
Q5IJ48,P945V,0.2483,benign,CRB2,945.0
Q5IJ48,P945W,0.4161,ambiguous,CRB2,945.0
Q5IJ48,P945Y,0.4399,ambiguous,CRB2,945.0
Q5IJ48,I946A,0.0726,benign,CRB2,946.0
Q5IJ48,I946C,0.5552,ambiguous,CRB2,946.0
Q5IJ48,I946D,0.163,benign,CRB2,946.0
Q5IJ48,I946E,0.1363,benign,CRB2,946.0
Q5IJ48,I946F,0.1009,benign,CRB2,946.0
Q5IJ48,I946G,0.1462,benign,CRB2,946.0
Q5IJ48,I946H,0.2002,benign,CRB2,946.0
Q5IJ48,I946K,0.1906,benign,CRB2,946.0
Q5IJ48,I946L,0.0717,benign,CRB2,946.0
Q5IJ48,I946M,0.1039,benign,CRB2,946.0
Q5IJ48,I946N,0.1118,benign,CRB2,946.0
Q5IJ48,I946P,0.12,benign,CRB2,946.0
Q5IJ48,I946Q,0.1519,benign,CRB2,946.0
Q5IJ48,I946R,0.1058,benign,CRB2,946.0
Q5IJ48,I946S,0.0747,benign,CRB2,946.0
Q5IJ48,I946T,0.13,benign,CRB2,946.0
Q5IJ48,I946V,0.0758,benign,CRB2,946.0
Q5IJ48,I946W,0.3381,benign,CRB2,946.0
Q5IJ48,I946Y,0.2398,benign,CRB2,946.0
Q5IJ48,P947A,0.0655,benign,CRB2,947.0
Q5IJ48,P947C,0.5903,pathogenic,CRB2,947.0
Q5IJ48,P947D,0.2651,benign,CRB2,947.0
Q5IJ48,P947E,0.1818,benign,CRB2,947.0
Q5IJ48,P947F,0.3918,ambiguous,CRB2,947.0
Q5IJ48,P947G,0.1562,benign,CRB2,947.0
Q5IJ48,P947H,0.1812,benign,CRB2,947.0
Q5IJ48,P947I,0.3663,ambiguous,CRB2,947.0
Q5IJ48,P947K,0.3442,ambiguous,CRB2,947.0
Q5IJ48,P947L,0.1398,benign,CRB2,947.0
Q5IJ48,P947M,0.4281,ambiguous,CRB2,947.0
Q5IJ48,P947N,0.353,ambiguous,CRB2,947.0
Q5IJ48,P947Q,0.1399,benign,CRB2,947.0
Q5IJ48,P947R,0.1102,benign,CRB2,947.0
Q5IJ48,P947S,0.0935,benign,CRB2,947.0
Q5IJ48,P947T,0.1017,benign,CRB2,947.0
Q5IJ48,P947V,0.2024,benign,CRB2,947.0
Q5IJ48,P947W,0.3959,ambiguous,CRB2,947.0
Q5IJ48,P947Y,0.4134,ambiguous,CRB2,947.0
Q5IJ48,G948A,0.1685,benign,CRB2,948.0
Q5IJ48,G948C,0.6098,pathogenic,CRB2,948.0
Q5IJ48,G948D,0.6248,pathogenic,CRB2,948.0
Q5IJ48,G948E,0.4684,ambiguous,CRB2,948.0
Q5IJ48,G948F,0.6802,pathogenic,CRB2,948.0
Q5IJ48,G948H,0.7614,pathogenic,CRB2,948.0
Q5IJ48,G948I,0.546,ambiguous,CRB2,948.0
Q5IJ48,G948K,0.8312,pathogenic,CRB2,948.0
Q5IJ48,G948L,0.4623,ambiguous,CRB2,948.0
Q5IJ48,G948M,0.7312,pathogenic,CRB2,948.0
Q5IJ48,G948N,0.7715,pathogenic,CRB2,948.0
Q5IJ48,G948P,0.5908,pathogenic,CRB2,948.0
Q5IJ48,G948Q,0.6635,pathogenic,CRB2,948.0
Q5IJ48,G948R,0.6392,pathogenic,CRB2,948.0
Q5IJ48,G948S,0.2481,benign,CRB2,948.0
Q5IJ48,G948T,0.3752,ambiguous,CRB2,948.0
Q5IJ48,G948V,0.3411,ambiguous,CRB2,948.0
Q5IJ48,G948W,0.5596,ambiguous,CRB2,948.0
Q5IJ48,G948Y,0.7013,pathogenic,CRB2,948.0
Q5IJ48,P949A,0.1331,benign,CRB2,949.0
Q5IJ48,P949C,0.7903,pathogenic,CRB2,949.0
Q5IJ48,P949D,0.5349,ambiguous,CRB2,949.0
Q5IJ48,P949E,0.3001,benign,CRB2,949.0
Q5IJ48,P949F,0.4525,ambiguous,CRB2,949.0
Q5IJ48,P949G,0.3294,benign,CRB2,949.0
Q5IJ48,P949H,0.3411,ambiguous,CRB2,949.0
Q5IJ48,P949I,0.3225,benign,CRB2,949.0
Q5IJ48,P949K,0.5021,ambiguous,CRB2,949.0
Q5IJ48,P949L,0.1445,benign,CRB2,949.0
Q5IJ48,P949M,0.448,ambiguous,CRB2,949.0
Q5IJ48,P949N,0.5785,pathogenic,CRB2,949.0
Q5IJ48,P949Q,0.2308,benign,CRB2,949.0
Q5IJ48,P949R,0.2278,benign,CRB2,949.0
Q5IJ48,P949S,0.2209,benign,CRB2,949.0
Q5IJ48,P949T,0.1917,benign,CRB2,949.0
Q5IJ48,P949V,0.2056,benign,CRB2,949.0
Q5IJ48,P949W,0.5392,ambiguous,CRB2,949.0
Q5IJ48,P949Y,0.5586,ambiguous,CRB2,949.0
Q5IJ48,R950A,0.1247,benign,CRB2,950.0
Q5IJ48,R950C,0.3981,ambiguous,CRB2,950.0
Q5IJ48,R950D,0.2713,benign,CRB2,950.0
Q5IJ48,R950E,0.1739,benign,CRB2,950.0
Q5IJ48,R950F,0.3257,benign,CRB2,950.0
Q5IJ48,R950G,0.1122,benign,CRB2,950.0
Q5IJ48,R950H,0.1167,benign,CRB2,950.0
Q5IJ48,R950I,0.2572,benign,CRB2,950.0
Q5IJ48,R950K,0.1805,benign,CRB2,950.0
Q5IJ48,R950L,0.1159,benign,CRB2,950.0
Q5IJ48,R950M,0.3191,benign,CRB2,950.0
Q5IJ48,R950N,0.3658,ambiguous,CRB2,950.0
Q5IJ48,R950P,0.0974,benign,CRB2,950.0
Q5IJ48,R950Q,0.1045,benign,CRB2,950.0
Q5IJ48,R950S,0.1918,benign,CRB2,950.0
Q5IJ48,R950T,0.1512,benign,CRB2,950.0
Q5IJ48,R950V,0.1859,benign,CRB2,950.0
Q5IJ48,R950W,0.1488,benign,CRB2,950.0
Q5IJ48,R950Y,0.3207,benign,CRB2,950.0
Q5IJ48,V951A,0.4816,ambiguous,CRB2,951.0
Q5IJ48,V951C,0.9809,pathogenic,CRB2,951.0
Q5IJ48,V951D,0.9149,pathogenic,CRB2,951.0
Q5IJ48,V951E,0.7625,pathogenic,CRB2,951.0
Q5IJ48,V951F,0.6477,pathogenic,CRB2,951.0
Q5IJ48,V951G,0.5278,ambiguous,CRB2,951.0
Q5IJ48,V951H,0.9694,pathogenic,CRB2,951.0
Q5IJ48,V951I,0.1534,benign,CRB2,951.0
Q5IJ48,V951K,0.9239,pathogenic,CRB2,951.0
Q5IJ48,V951L,0.468,ambiguous,CRB2,951.0
Q5IJ48,V951M,0.6629,pathogenic,CRB2,951.0
Q5IJ48,V951N,0.9341,pathogenic,CRB2,951.0
Q5IJ48,V951P,0.7034,pathogenic,CRB2,951.0
Q5IJ48,V951Q,0.8675,pathogenic,CRB2,951.0
Q5IJ48,V951R,0.8157,pathogenic,CRB2,951.0
Q5IJ48,V951S,0.7976,pathogenic,CRB2,951.0
Q5IJ48,V951T,0.6762,pathogenic,CRB2,951.0
Q5IJ48,V951W,0.9702,pathogenic,CRB2,951.0
Q5IJ48,V951Y,0.9528,pathogenic,CRB2,951.0
Q5IJ48,A952C,0.7238,pathogenic,CRB2,952.0
Q5IJ48,A952D,0.2156,benign,CRB2,952.0
Q5IJ48,A952E,0.2155,benign,CRB2,952.0
Q5IJ48,A952F,0.4897,ambiguous,CRB2,952.0
Q5IJ48,A952G,0.1271,benign,CRB2,952.0
Q5IJ48,A952H,0.478,ambiguous,CRB2,952.0
Q5IJ48,A952I,0.5279,ambiguous,CRB2,952.0
Q5IJ48,A952K,0.5414,ambiguous,CRB2,952.0
Q5IJ48,A952L,0.2754,benign,CRB2,952.0
Q5IJ48,A952M,0.4407,ambiguous,CRB2,952.0
Q5IJ48,A952N,0.3538,ambiguous,CRB2,952.0
Q5IJ48,A952P,0.3163,benign,CRB2,952.0
Q5IJ48,A952Q,0.3026,benign,CRB2,952.0
Q5IJ48,A952R,0.2795,benign,CRB2,952.0
Q5IJ48,A952S,0.097,benign,CRB2,952.0
Q5IJ48,A952T,0.1235,benign,CRB2,952.0
Q5IJ48,A952V,0.228,benign,CRB2,952.0
Q5IJ48,A952W,0.639,pathogenic,CRB2,952.0
Q5IJ48,A952Y,0.644,pathogenic,CRB2,952.0
Q5IJ48,D953A,0.759,pathogenic,CRB2,953.0
Q5IJ48,D953C,0.9862,pathogenic,CRB2,953.0
Q5IJ48,D953E,0.8145,pathogenic,CRB2,953.0
Q5IJ48,D953F,0.9807,pathogenic,CRB2,953.0
Q5IJ48,D953G,0.6202,pathogenic,CRB2,953.0
Q5IJ48,D953H,0.8885,pathogenic,CRB2,953.0
Q5IJ48,D953I,0.9798,pathogenic,CRB2,953.0
Q5IJ48,D953K,0.9479,pathogenic,CRB2,953.0
Q5IJ48,D953L,0.9328,pathogenic,CRB2,953.0
Q5IJ48,D953M,0.9895,pathogenic,CRB2,953.0
Q5IJ48,D953N,0.4479,ambiguous,CRB2,953.0
Q5IJ48,D953P,0.8739,pathogenic,CRB2,953.0
Q5IJ48,D953Q,0.9092,pathogenic,CRB2,953.0
Q5IJ48,D953R,0.8785,pathogenic,CRB2,953.0
Q5IJ48,D953S,0.5582,ambiguous,CRB2,953.0
Q5IJ48,D953T,0.8675,pathogenic,CRB2,953.0
Q5IJ48,D953V,0.9158,pathogenic,CRB2,953.0
Q5IJ48,D953W,0.9907,pathogenic,CRB2,953.0
Q5IJ48,D953Y,0.8796,pathogenic,CRB2,953.0
Q5IJ48,G954A,0.4711,ambiguous,CRB2,954.0
Q5IJ48,G954C,0.9329,pathogenic,CRB2,954.0
Q5IJ48,G954D,0.8687,pathogenic,CRB2,954.0
Q5IJ48,G954E,0.8575,pathogenic,CRB2,954.0
Q5IJ48,G954F,0.9799,pathogenic,CRB2,954.0
Q5IJ48,G954H,0.9504,pathogenic,CRB2,954.0
Q5IJ48,G954I,0.9779,pathogenic,CRB2,954.0
Q5IJ48,G954K,0.961,pathogenic,CRB2,954.0
Q5IJ48,G954L,0.9463,pathogenic,CRB2,954.0
Q5IJ48,G954M,0.9799,pathogenic,CRB2,954.0
Q5IJ48,G954N,0.9324,pathogenic,CRB2,954.0
Q5IJ48,G954P,0.9853,pathogenic,CRB2,954.0
Q5IJ48,G954Q,0.9108,pathogenic,CRB2,954.0
Q5IJ48,G954R,0.8399,pathogenic,CRB2,954.0
Q5IJ48,G954S,0.5131,ambiguous,CRB2,954.0
Q5IJ48,G954T,0.8589,pathogenic,CRB2,954.0
Q5IJ48,G954V,0.9326,pathogenic,CRB2,954.0
Q5IJ48,G954W,0.9527,pathogenic,CRB2,954.0
Q5IJ48,G954Y,0.9742,pathogenic,CRB2,954.0
Q5IJ48,A955C,0.6042,pathogenic,CRB2,955.0
Q5IJ48,A955D,0.1554,benign,CRB2,955.0
Q5IJ48,A955E,0.1328,benign,CRB2,955.0
Q5IJ48,A955F,0.2418,benign,CRB2,955.0
Q5IJ48,A955G,0.1062,benign,CRB2,955.0
Q5IJ48,A955H,0.2657,benign,CRB2,955.0
Q5IJ48,A955I,0.2427,benign,CRB2,955.0
Q5IJ48,A955K,0.3287,benign,CRB2,955.0
Q5IJ48,A955L,0.1399,benign,CRB2,955.0
Q5IJ48,A955M,0.2848,benign,CRB2,955.0
Q5IJ48,A955N,0.2139,benign,CRB2,955.0
Q5IJ48,A955P,0.5036,ambiguous,CRB2,955.0
Q5IJ48,A955Q,0.1722,benign,CRB2,955.0
Q5IJ48,A955R,0.1488,benign,CRB2,955.0
Q5IJ48,A955S,0.0875,benign,CRB2,955.0
Q5IJ48,A955T,0.0897,benign,CRB2,955.0
Q5IJ48,A955V,0.1174,benign,CRB2,955.0
Q5IJ48,A955W,0.4938,ambiguous,CRB2,955.0
Q5IJ48,A955Y,0.3988,ambiguous,CRB2,955.0
Q5IJ48,W956A,0.8091,pathogenic,CRB2,956.0
Q5IJ48,W956C,0.9881,pathogenic,CRB2,956.0
Q5IJ48,W956D,0.9499,pathogenic,CRB2,956.0
Q5IJ48,W956E,0.9122,pathogenic,CRB2,956.0
Q5IJ48,W956F,0.5053,ambiguous,CRB2,956.0
Q5IJ48,W956G,0.7013,pathogenic,CRB2,956.0
Q5IJ48,W956H,0.9325,pathogenic,CRB2,956.0
Q5IJ48,W956I,0.9362,pathogenic,CRB2,956.0
Q5IJ48,W956K,0.9802,pathogenic,CRB2,956.0
Q5IJ48,W956L,0.7877,pathogenic,CRB2,956.0
Q5IJ48,W956M,0.9683,pathogenic,CRB2,956.0
Q5IJ48,W956N,0.9675,pathogenic,CRB2,956.0
Q5IJ48,W956P,0.8294,pathogenic,CRB2,956.0
Q5IJ48,W956Q,0.9614,pathogenic,CRB2,956.0
Q5IJ48,W956R,0.9225,pathogenic,CRB2,956.0
Q5IJ48,W956S,0.7402,pathogenic,CRB2,956.0
Q5IJ48,W956T,0.8845,pathogenic,CRB2,956.0
Q5IJ48,W956V,0.8659,pathogenic,CRB2,956.0
Q5IJ48,W956Y,0.7898,pathogenic,CRB2,956.0
Q5IJ48,H957A,0.9819,pathogenic,CRB2,957.0
Q5IJ48,H957C,0.9355,pathogenic,CRB2,957.0
Q5IJ48,H957D,0.9783,pathogenic,CRB2,957.0
Q5IJ48,H957E,0.9655,pathogenic,CRB2,957.0
Q5IJ48,H957F,0.9597,pathogenic,CRB2,957.0
Q5IJ48,H957G,0.9665,pathogenic,CRB2,957.0
Q5IJ48,H957I,0.9896,pathogenic,CRB2,957.0
Q5IJ48,H957K,0.9339,pathogenic,CRB2,957.0
Q5IJ48,H957L,0.8967,pathogenic,CRB2,957.0
Q5IJ48,H957M,0.9916,pathogenic,CRB2,957.0
Q5IJ48,H957N,0.9247,pathogenic,CRB2,957.0
Q5IJ48,H957P,0.9008,pathogenic,CRB2,957.0
Q5IJ48,H957Q,0.9052,pathogenic,CRB2,957.0
Q5IJ48,H957R,0.7877,pathogenic,CRB2,957.0
Q5IJ48,H957S,0.9679,pathogenic,CRB2,957.0
Q5IJ48,H957T,0.9898,pathogenic,CRB2,957.0
Q5IJ48,H957V,0.9778,pathogenic,CRB2,957.0
Q5IJ48,H957W,0.9127,pathogenic,CRB2,957.0
Q5IJ48,H957Y,0.8086,pathogenic,CRB2,957.0
Q5IJ48,R958A,0.1935,benign,CRB2,958.0
Q5IJ48,R958C,0.4873,ambiguous,CRB2,958.0
Q5IJ48,R958D,0.3331,benign,CRB2,958.0
Q5IJ48,R958E,0.184,benign,CRB2,958.0
Q5IJ48,R958F,0.4777,ambiguous,CRB2,958.0
Q5IJ48,R958G,0.1549,benign,CRB2,958.0
Q5IJ48,R958H,0.1229,benign,CRB2,958.0
Q5IJ48,R958I,0.3404,ambiguous,CRB2,958.0
Q5IJ48,R958K,0.2596,benign,CRB2,958.0
Q5IJ48,R958L,0.16,benign,CRB2,958.0
Q5IJ48,R958M,0.4353,ambiguous,CRB2,958.0
Q5IJ48,R958N,0.492,ambiguous,CRB2,958.0
Q5IJ48,R958P,0.5624,ambiguous,CRB2,958.0
Q5IJ48,R958Q,0.1083,benign,CRB2,958.0
Q5IJ48,R958S,0.2557,benign,CRB2,958.0
Q5IJ48,R958T,0.1595,benign,CRB2,958.0
Q5IJ48,R958V,0.2401,benign,CRB2,958.0
Q5IJ48,R958W,0.1929,benign,CRB2,958.0
Q5IJ48,R958Y,0.4369,ambiguous,CRB2,958.0
Q5IJ48,V959A,0.4178,ambiguous,CRB2,959.0
Q5IJ48,V959C,0.9388,pathogenic,CRB2,959.0
Q5IJ48,V959D,0.9545,pathogenic,CRB2,959.0
Q5IJ48,V959E,0.8463,pathogenic,CRB2,959.0
Q5IJ48,V959F,0.5218,ambiguous,CRB2,959.0
Q5IJ48,V959G,0.4259,ambiguous,CRB2,959.0
Q5IJ48,V959H,0.9735,pathogenic,CRB2,959.0
Q5IJ48,V959I,0.1469,benign,CRB2,959.0
Q5IJ48,V959K,0.954,pathogenic,CRB2,959.0
Q5IJ48,V959L,0.1829,benign,CRB2,959.0
Q5IJ48,V959M,0.525,ambiguous,CRB2,959.0
Q5IJ48,V959N,0.9507,pathogenic,CRB2,959.0
Q5IJ48,V959P,0.8788,pathogenic,CRB2,959.0
Q5IJ48,V959Q,0.8805,pathogenic,CRB2,959.0
Q5IJ48,V959R,0.8719,pathogenic,CRB2,959.0
Q5IJ48,V959S,0.8139,pathogenic,CRB2,959.0
Q5IJ48,V959T,0.7426,pathogenic,CRB2,959.0
Q5IJ48,V959W,0.9447,pathogenic,CRB2,959.0
Q5IJ48,V959Y,0.9154,pathogenic,CRB2,959.0
Q5IJ48,R960A,0.1565,benign,CRB2,960.0
Q5IJ48,R960C,0.3042,benign,CRB2,960.0
Q5IJ48,R960D,0.2888,benign,CRB2,960.0
Q5IJ48,R960E,0.1679,benign,CRB2,960.0
Q5IJ48,R960F,0.2867,benign,CRB2,960.0
Q5IJ48,R960G,0.1332,benign,CRB2,960.0
Q5IJ48,R960H,0.0935,benign,CRB2,960.0
Q5IJ48,R960I,0.2223,benign,CRB2,960.0
Q5IJ48,R960K,0.2358,benign,CRB2,960.0
Q5IJ48,R960L,0.1129,benign,CRB2,960.0
Q5IJ48,R960M,0.3103,benign,CRB2,960.0
Q5IJ48,R960N,0.3428,ambiguous,CRB2,960.0
Q5IJ48,R960P,0.6431,pathogenic,CRB2,960.0
Q5IJ48,R960Q,0.0885,benign,CRB2,960.0
Q5IJ48,R960S,0.1517,benign,CRB2,960.0
Q5IJ48,R960T,0.1221,benign,CRB2,960.0
Q5IJ48,R960V,0.1822,benign,CRB2,960.0
Q5IJ48,R960W,0.1257,benign,CRB2,960.0
Q5IJ48,R960Y,0.2769,benign,CRB2,960.0
Q5IJ48,L961A,0.5366,ambiguous,CRB2,961.0
Q5IJ48,L961C,0.8762,pathogenic,CRB2,961.0
Q5IJ48,L961D,0.9835,pathogenic,CRB2,961.0
Q5IJ48,L961E,0.8917,pathogenic,CRB2,961.0
Q5IJ48,L961F,0.2366,benign,CRB2,961.0
Q5IJ48,L961G,0.7856,pathogenic,CRB2,961.0
Q5IJ48,L961H,0.9043,pathogenic,CRB2,961.0
Q5IJ48,L961I,0.1722,benign,CRB2,961.0
Q5IJ48,L961K,0.9281,pathogenic,CRB2,961.0
Q5IJ48,L961M,0.2229,benign,CRB2,961.0
Q5IJ48,L961N,0.9707,pathogenic,CRB2,961.0
Q5IJ48,L961P,0.8441,pathogenic,CRB2,961.0
Q5IJ48,L961Q,0.7792,pathogenic,CRB2,961.0
Q5IJ48,L961R,0.7979,pathogenic,CRB2,961.0
Q5IJ48,L961S,0.892,pathogenic,CRB2,961.0
Q5IJ48,L961T,0.767,pathogenic,CRB2,961.0
Q5IJ48,L961V,0.1471,benign,CRB2,961.0
Q5IJ48,L961W,0.4687,ambiguous,CRB2,961.0
Q5IJ48,L961Y,0.764,pathogenic,CRB2,961.0
Q5IJ48,A962C,0.6811,pathogenic,CRB2,962.0
Q5IJ48,A962D,0.2055,benign,CRB2,962.0
Q5IJ48,A962E,0.1544,benign,CRB2,962.0
Q5IJ48,A962F,0.294,benign,CRB2,962.0
Q5IJ48,A962G,0.1386,benign,CRB2,962.0
Q5IJ48,A962H,0.3659,ambiguous,CRB2,962.0
Q5IJ48,A962I,0.3663,ambiguous,CRB2,962.0
Q5IJ48,A962K,0.4941,ambiguous,CRB2,962.0
Q5IJ48,A962L,0.1893,benign,CRB2,962.0
Q5IJ48,A962M,0.347,ambiguous,CRB2,962.0
Q5IJ48,A962N,0.3511,ambiguous,CRB2,962.0
Q5IJ48,A962P,0.798,pathogenic,CRB2,962.0
Q5IJ48,A962Q,0.2388,benign,CRB2,962.0
Q5IJ48,A962R,0.2535,benign,CRB2,962.0
Q5IJ48,A962S,0.1057,benign,CRB2,962.0
Q5IJ48,A962T,0.1106,benign,CRB2,962.0
Q5IJ48,A962V,0.1536,benign,CRB2,962.0
Q5IJ48,A962W,0.5395,ambiguous,CRB2,962.0
Q5IJ48,A962Y,0.4722,ambiguous,CRB2,962.0
Q5IJ48,M963A,0.28,benign,CRB2,963.0
Q5IJ48,M963C,0.8927,pathogenic,CRB2,963.0
Q5IJ48,M963D,0.8956,pathogenic,CRB2,963.0
Q5IJ48,M963E,0.3602,ambiguous,CRB2,963.0
Q5IJ48,M963F,0.6325,pathogenic,CRB2,963.0
Q5IJ48,M963G,0.4242,ambiguous,CRB2,963.0
Q5IJ48,M963H,0.6766,pathogenic,CRB2,963.0
Q5IJ48,M963I,0.7858,pathogenic,CRB2,963.0
Q5IJ48,M963K,0.1463,benign,CRB2,963.0
Q5IJ48,M963L,0.2257,benign,CRB2,963.0
Q5IJ48,M963N,0.796,pathogenic,CRB2,963.0
Q5IJ48,M963P,0.4209,ambiguous,CRB2,963.0
Q5IJ48,M963Q,0.1273,benign,CRB2,963.0
Q5IJ48,M963R,0.0852,benign,CRB2,963.0
Q5IJ48,M963S,0.4886,ambiguous,CRB2,963.0
Q5IJ48,M963T,0.3481,ambiguous,CRB2,963.0
Q5IJ48,M963V,0.1548,benign,CRB2,963.0
Q5IJ48,M963W,0.7269,pathogenic,CRB2,963.0
Q5IJ48,M963Y,0.8467,pathogenic,CRB2,963.0
Q5IJ48,E964A,0.2431,benign,CRB2,964.0
Q5IJ48,E964C,0.9696,pathogenic,CRB2,964.0
Q5IJ48,E964D,0.4769,ambiguous,CRB2,964.0
Q5IJ48,E964F,0.9233,pathogenic,CRB2,964.0
Q5IJ48,E964G,0.3442,ambiguous,CRB2,964.0
Q5IJ48,E964H,0.7413,pathogenic,CRB2,964.0
Q5IJ48,E964I,0.7746,pathogenic,CRB2,964.0
Q5IJ48,E964K,0.6219,pathogenic,CRB2,964.0
Q5IJ48,E964L,0.6299,pathogenic,CRB2,964.0
Q5IJ48,E964M,0.8421,pathogenic,CRB2,964.0
Q5IJ48,E964N,0.7488,pathogenic,CRB2,964.0
Q5IJ48,E964P,0.8492,pathogenic,CRB2,964.0
Q5IJ48,E964Q,0.2326,benign,CRB2,964.0
Q5IJ48,E964R,0.4883,ambiguous,CRB2,964.0
Q5IJ48,E964S,0.448,ambiguous,CRB2,964.0
Q5IJ48,E964T,0.5672,pathogenic,CRB2,964.0
Q5IJ48,E964V,0.4738,ambiguous,CRB2,964.0
Q5IJ48,E964W,0.9346,pathogenic,CRB2,964.0
Q5IJ48,E964Y,0.8604,pathogenic,CRB2,964.0
Q5IJ48,R965A,0.1163,benign,CRB2,965.0
Q5IJ48,R965C,0.2947,benign,CRB2,965.0
Q5IJ48,R965D,0.1469,benign,CRB2,965.0
Q5IJ48,R965E,0.1141,benign,CRB2,965.0
Q5IJ48,R965F,0.2396,benign,CRB2,965.0
Q5IJ48,R965G,0.0906,benign,CRB2,965.0
Q5IJ48,R965H,0.0847,benign,CRB2,965.0
Q5IJ48,R965I,0.1886,benign,CRB2,965.0
Q5IJ48,R965K,0.1508,benign,CRB2,965.0
Q5IJ48,R965L,0.0882,benign,CRB2,965.0
Q5IJ48,R965M,0.2157,benign,CRB2,965.0
Q5IJ48,R965N,0.1896,benign,CRB2,965.0
Q5IJ48,R965P,0.2292,benign,CRB2,965.0
Q5IJ48,R965Q,0.075,benign,CRB2,965.0
Q5IJ48,R965S,0.123,benign,CRB2,965.0
Q5IJ48,R965T,0.1087,benign,CRB2,965.0
Q5IJ48,R965V,0.1538,benign,CRB2,965.0
Q5IJ48,R965W,0.1189,benign,CRB2,965.0
Q5IJ48,R965Y,0.2027,benign,CRB2,965.0
Q5IJ48,P966A,0.0887,benign,CRB2,966.0
Q5IJ48,P966C,0.792,pathogenic,CRB2,966.0
Q5IJ48,P966D,0.3402,ambiguous,CRB2,966.0
Q5IJ48,P966E,0.1988,benign,CRB2,966.0
Q5IJ48,P966F,0.5471,ambiguous,CRB2,966.0
Q5IJ48,P966G,0.2091,benign,CRB2,966.0
Q5IJ48,P966H,0.2744,benign,CRB2,966.0
Q5IJ48,P966I,0.4779,ambiguous,CRB2,966.0
Q5IJ48,P966K,0.4005,ambiguous,CRB2,966.0
Q5IJ48,P966L,0.1714,benign,CRB2,966.0
Q5IJ48,P966M,0.4691,ambiguous,CRB2,966.0
Q5IJ48,P966N,0.4258,ambiguous,CRB2,966.0
Q5IJ48,P966Q,0.1712,benign,CRB2,966.0
Q5IJ48,P966R,0.1608,benign,CRB2,966.0
Q5IJ48,P966S,0.1314,benign,CRB2,966.0
Q5IJ48,P966T,0.1354,benign,CRB2,966.0
Q5IJ48,P966V,0.2593,benign,CRB2,966.0
Q5IJ48,P966W,0.5306,ambiguous,CRB2,966.0
Q5IJ48,P966Y,0.5239,ambiguous,CRB2,966.0
Q5IJ48,A967C,0.5618,ambiguous,CRB2,967.0
Q5IJ48,A967D,0.1077,benign,CRB2,967.0
Q5IJ48,A967E,0.0799,benign,CRB2,967.0
Q5IJ48,A967F,0.2221,benign,CRB2,967.0
Q5IJ48,A967G,0.0704,benign,CRB2,967.0
Q5IJ48,A967H,0.2414,benign,CRB2,967.0
Q5IJ48,A967I,0.259,benign,CRB2,967.0
Q5IJ48,A967K,0.2252,benign,CRB2,967.0
Q5IJ48,A967L,0.1221,benign,CRB2,967.0
Q5IJ48,A967M,0.2219,benign,CRB2,967.0
Q5IJ48,A967N,0.2015,benign,CRB2,967.0
Q5IJ48,A967P,0.115,benign,CRB2,967.0
Q5IJ48,A967Q,0.1385,benign,CRB2,967.0
Q5IJ48,A967R,0.1412,benign,CRB2,967.0
Q5IJ48,A967S,0.0887,benign,CRB2,967.0
Q5IJ48,A967T,0.0848,benign,CRB2,967.0
Q5IJ48,A967V,0.1102,benign,CRB2,967.0
Q5IJ48,A967W,0.3032,benign,CRB2,967.0
Q5IJ48,A967Y,0.3219,benign,CRB2,967.0
Q5IJ48,A968C,0.684,pathogenic,CRB2,968.0
Q5IJ48,A968D,0.13,benign,CRB2,968.0
Q5IJ48,A968E,0.1179,benign,CRB2,968.0
Q5IJ48,A968F,0.3185,benign,CRB2,968.0
Q5IJ48,A968G,0.0942,benign,CRB2,968.0
Q5IJ48,A968H,0.3704,ambiguous,CRB2,968.0
Q5IJ48,A968I,0.3439,ambiguous,CRB2,968.0
Q5IJ48,A968K,0.3623,ambiguous,CRB2,968.0
Q5IJ48,A968L,0.1872,benign,CRB2,968.0
Q5IJ48,A968M,0.2921,benign,CRB2,968.0
Q5IJ48,A968N,0.2455,benign,CRB2,968.0
Q5IJ48,A968P,0.2174,benign,CRB2,968.0
Q5IJ48,A968Q,0.2128,benign,CRB2,968.0
Q5IJ48,A968R,0.2172,benign,CRB2,968.0
Q5IJ48,A968S,0.0991,benign,CRB2,968.0
Q5IJ48,A968T,0.1011,benign,CRB2,968.0
Q5IJ48,A968V,0.135,benign,CRB2,968.0
Q5IJ48,A968W,0.4951,ambiguous,CRB2,968.0
Q5IJ48,A968Y,0.4653,ambiguous,CRB2,968.0
Q5IJ48,T969A,0.0498,benign,CRB2,969.0
Q5IJ48,T969C,0.4981,ambiguous,CRB2,969.0
Q5IJ48,T969D,0.1507,benign,CRB2,969.0
Q5IJ48,T969E,0.118,benign,CRB2,969.0
Q5IJ48,T969F,0.1919,benign,CRB2,969.0
Q5IJ48,T969G,0.0822,benign,CRB2,969.0
Q5IJ48,T969H,0.1684,benign,CRB2,969.0
Q5IJ48,T969I,0.1655,benign,CRB2,969.0
Q5IJ48,T969K,0.137,benign,CRB2,969.0
Q5IJ48,T969L,0.0913,benign,CRB2,969.0
Q5IJ48,T969M,0.112,benign,CRB2,969.0
Q5IJ48,T969N,0.1065,benign,CRB2,969.0
Q5IJ48,T969P,0.0538,benign,CRB2,969.0
Q5IJ48,T969Q,0.1196,benign,CRB2,969.0
Q5IJ48,T969R,0.0849,benign,CRB2,969.0
Q5IJ48,T969S,0.08,benign,CRB2,969.0
Q5IJ48,T969V,0.1101,benign,CRB2,969.0
Q5IJ48,T969W,0.3008,benign,CRB2,969.0
Q5IJ48,T969Y,0.2248,benign,CRB2,969.0
Q5IJ48,T970A,0.0462,benign,CRB2,970.0
Q5IJ48,T970C,0.4782,ambiguous,CRB2,970.0
Q5IJ48,T970D,0.1426,benign,CRB2,970.0
Q5IJ48,T970E,0.1294,benign,CRB2,970.0
Q5IJ48,T970F,0.1795,benign,CRB2,970.0
Q5IJ48,T970G,0.0774,benign,CRB2,970.0
Q5IJ48,T970H,0.1552,benign,CRB2,970.0
Q5IJ48,T970I,0.1691,benign,CRB2,970.0
Q5IJ48,T970K,0.1842,benign,CRB2,970.0
Q5IJ48,T970L,0.1009,benign,CRB2,970.0
Q5IJ48,T970M,0.1356,benign,CRB2,970.0
Q5IJ48,T970N,0.1054,benign,CRB2,970.0
Q5IJ48,T970P,0.0588,benign,CRB2,970.0
Q5IJ48,T970Q,0.1317,benign,CRB2,970.0
Q5IJ48,T970R,0.0924,benign,CRB2,970.0
Q5IJ48,T970S,0.0668,benign,CRB2,970.0
Q5IJ48,T970V,0.11,benign,CRB2,970.0
Q5IJ48,T970W,0.313,benign,CRB2,970.0
Q5IJ48,T970Y,0.2033,benign,CRB2,970.0
Q5IJ48,S971A,0.2354,benign,CRB2,971.0
Q5IJ48,S971C,0.72,pathogenic,CRB2,971.0
Q5IJ48,S971D,0.7805,pathogenic,CRB2,971.0
Q5IJ48,S971E,0.8013,pathogenic,CRB2,971.0
Q5IJ48,S971F,0.8237,pathogenic,CRB2,971.0
Q5IJ48,S971G,0.21,benign,CRB2,971.0
Q5IJ48,S971H,0.8069,pathogenic,CRB2,971.0
Q5IJ48,S971I,0.908,pathogenic,CRB2,971.0
Q5IJ48,S971K,0.9715,pathogenic,CRB2,971.0
Q5IJ48,S971L,0.7422,pathogenic,CRB2,971.0
Q5IJ48,S971M,0.8905,pathogenic,CRB2,971.0
Q5IJ48,S971N,0.7527,pathogenic,CRB2,971.0
Q5IJ48,S971P,0.6483,pathogenic,CRB2,971.0
Q5IJ48,S971Q,0.8307,pathogenic,CRB2,971.0
Q5IJ48,S971R,0.9072,pathogenic,CRB2,971.0
Q5IJ48,S971T,0.3461,ambiguous,CRB2,971.0
Q5IJ48,S971V,0.784,pathogenic,CRB2,971.0
Q5IJ48,S971W,0.7134,pathogenic,CRB2,971.0
Q5IJ48,S971Y,0.7639,pathogenic,CRB2,971.0
Q5IJ48,R972A,0.2153,benign,CRB2,972.0
Q5IJ48,R972C,0.4122,ambiguous,CRB2,972.0
Q5IJ48,R972D,0.3784,ambiguous,CRB2,972.0
Q5IJ48,R972E,0.2765,benign,CRB2,972.0
Q5IJ48,R972F,0.5099,ambiguous,CRB2,972.0
Q5IJ48,R972G,0.1381,benign,CRB2,972.0
Q5IJ48,R972H,0.1193,benign,CRB2,972.0
Q5IJ48,R972I,0.4066,ambiguous,CRB2,972.0
Q5IJ48,R972K,0.3169,benign,CRB2,972.0
Q5IJ48,R972L,0.1726,benign,CRB2,972.0
Q5IJ48,R972M,0.5843,pathogenic,CRB2,972.0
Q5IJ48,R972N,0.4316,ambiguous,CRB2,972.0
Q5IJ48,R972P,0.147,benign,CRB2,972.0
Q5IJ48,R972Q,0.1283,benign,CRB2,972.0
Q5IJ48,R972S,0.2365,benign,CRB2,972.0
Q5IJ48,R972T,0.2299,benign,CRB2,972.0
Q5IJ48,R972V,0.3376,benign,CRB2,972.0
Q5IJ48,R972W,0.2128,benign,CRB2,972.0
Q5IJ48,R972Y,0.3995,ambiguous,CRB2,972.0
Q5IJ48,W973A,0.8599,pathogenic,CRB2,973.0
Q5IJ48,W973C,0.9741,pathogenic,CRB2,973.0
Q5IJ48,W973D,0.9806,pathogenic,CRB2,973.0
Q5IJ48,W973E,0.9638,pathogenic,CRB2,973.0
Q5IJ48,W973F,0.3461,ambiguous,CRB2,973.0
Q5IJ48,W973G,0.6954,pathogenic,CRB2,973.0
Q5IJ48,W973H,0.9368,pathogenic,CRB2,973.0
Q5IJ48,W973I,0.8394,pathogenic,CRB2,973.0
Q5IJ48,W973K,0.9897,pathogenic,CRB2,973.0
Q5IJ48,W973L,0.6113,pathogenic,CRB2,973.0
Q5IJ48,W973M,0.9336,pathogenic,CRB2,973.0
Q5IJ48,W973N,0.9758,pathogenic,CRB2,973.0
Q5IJ48,W973P,0.915,pathogenic,CRB2,973.0
Q5IJ48,W973Q,0.9765,pathogenic,CRB2,973.0
Q5IJ48,W973R,0.9687,pathogenic,CRB2,973.0
Q5IJ48,W973S,0.8409,pathogenic,CRB2,973.0
Q5IJ48,W973T,0.8997,pathogenic,CRB2,973.0
Q5IJ48,W973V,0.7676,pathogenic,CRB2,973.0
Q5IJ48,W973Y,0.6102,pathogenic,CRB2,973.0
Q5IJ48,L974A,0.2727,benign,CRB2,974.0
Q5IJ48,L974C,0.6998,pathogenic,CRB2,974.0
Q5IJ48,L974D,0.6915,pathogenic,CRB2,974.0
Q5IJ48,L974E,0.2703,benign,CRB2,974.0
Q5IJ48,L974F,0.1785,benign,CRB2,974.0
Q5IJ48,L974G,0.4578,ambiguous,CRB2,974.0
Q5IJ48,L974H,0.2036,benign,CRB2,974.0
Q5IJ48,L974I,0.1616,benign,CRB2,974.0
Q5IJ48,L974K,0.2763,benign,CRB2,974.0
Q5IJ48,L974M,0.1916,benign,CRB2,974.0
Q5IJ48,L974N,0.4632,ambiguous,CRB2,974.0
Q5IJ48,L974P,0.8413,pathogenic,CRB2,974.0
Q5IJ48,L974Q,0.1061,benign,CRB2,974.0
Q5IJ48,L974R,0.1079,benign,CRB2,974.0
Q5IJ48,L974S,0.3371,benign,CRB2,974.0
Q5IJ48,L974T,0.2885,benign,CRB2,974.0
Q5IJ48,L974V,0.1159,benign,CRB2,974.0
Q5IJ48,L974W,0.1816,benign,CRB2,974.0
Q5IJ48,L974Y,0.3539,ambiguous,CRB2,974.0
Q5IJ48,L975A,0.5129,ambiguous,CRB2,975.0
Q5IJ48,L975C,0.7877,pathogenic,CRB2,975.0
Q5IJ48,L975D,0.9782,pathogenic,CRB2,975.0
Q5IJ48,L975E,0.9095,pathogenic,CRB2,975.0
Q5IJ48,L975F,0.2529,benign,CRB2,975.0
Q5IJ48,L975G,0.7595,pathogenic,CRB2,975.0
Q5IJ48,L975H,0.8217,pathogenic,CRB2,975.0
Q5IJ48,L975I,0.1912,benign,CRB2,975.0
Q5IJ48,L975K,0.9396,pathogenic,CRB2,975.0
Q5IJ48,L975M,0.3694,ambiguous,CRB2,975.0
Q5IJ48,L975N,0.9507,pathogenic,CRB2,975.0
Q5IJ48,L975P,0.8134,pathogenic,CRB2,975.0
Q5IJ48,L975Q,0.7144,pathogenic,CRB2,975.0
Q5IJ48,L975R,0.7198,pathogenic,CRB2,975.0
Q5IJ48,L975S,0.8245,pathogenic,CRB2,975.0
Q5IJ48,L975T,0.7543,pathogenic,CRB2,975.0
Q5IJ48,L975V,0.1543,benign,CRB2,975.0
Q5IJ48,L975W,0.5117,ambiguous,CRB2,975.0
Q5IJ48,L975Y,0.7231,pathogenic,CRB2,975.0
Q5IJ48,W976A,0.2079,benign,CRB2,976.0
Q5IJ48,W976C,0.7265,pathogenic,CRB2,976.0
Q5IJ48,W976D,0.4452,ambiguous,CRB2,976.0
Q5IJ48,W976E,0.2983,benign,CRB2,976.0
Q5IJ48,W976F,0.1558,benign,CRB2,976.0
Q5IJ48,W976G,0.1724,benign,CRB2,976.0
Q5IJ48,W976H,0.2879,benign,CRB2,976.0
Q5IJ48,W976I,0.4703,ambiguous,CRB2,976.0
Q5IJ48,W976K,0.6204,pathogenic,CRB2,976.0
Q5IJ48,W976L,0.2158,benign,CRB2,976.0
Q5IJ48,W976M,0.5797,pathogenic,CRB2,976.0
Q5IJ48,W976N,0.5653,pathogenic,CRB2,976.0
Q5IJ48,W976P,0.875,pathogenic,CRB2,976.0
Q5IJ48,W976Q,0.3499,ambiguous,CRB2,976.0
Q5IJ48,W976R,0.324,benign,CRB2,976.0
Q5IJ48,W976S,0.163,benign,CRB2,976.0
Q5IJ48,W976T,0.2571,benign,CRB2,976.0
Q5IJ48,W976V,0.2788,benign,CRB2,976.0
Q5IJ48,W976Y,0.309,benign,CRB2,976.0
Q5IJ48,L977A,0.445,ambiguous,CRB2,977.0
Q5IJ48,L977C,0.8689,pathogenic,CRB2,977.0
Q5IJ48,L977D,0.8754,pathogenic,CRB2,977.0
Q5IJ48,L977E,0.5138,ambiguous,CRB2,977.0
Q5IJ48,L977F,0.302,benign,CRB2,977.0
Q5IJ48,L977G,0.7005,pathogenic,CRB2,977.0
Q5IJ48,L977H,0.5635,ambiguous,CRB2,977.0
Q5IJ48,L977I,0.1725,benign,CRB2,977.0
Q5IJ48,L977K,0.6128,pathogenic,CRB2,977.0
Q5IJ48,L977M,0.2429,benign,CRB2,977.0
Q5IJ48,L977N,0.7916,pathogenic,CRB2,977.0
Q5IJ48,L977P,0.6886,pathogenic,CRB2,977.0
Q5IJ48,L977Q,0.3399,benign,CRB2,977.0
Q5IJ48,L977R,0.3702,ambiguous,CRB2,977.0
Q5IJ48,L977S,0.6815,pathogenic,CRB2,977.0
Q5IJ48,L977T,0.4762,ambiguous,CRB2,977.0
Q5IJ48,L977V,0.155,benign,CRB2,977.0
Q5IJ48,L977W,0.2312,benign,CRB2,977.0
Q5IJ48,L977Y,0.6466,pathogenic,CRB2,977.0
Q5IJ48,D978A,0.7916,pathogenic,CRB2,978.0
Q5IJ48,D978C,0.9884,pathogenic,CRB2,978.0
Q5IJ48,D978E,0.8399,pathogenic,CRB2,978.0
Q5IJ48,D978F,0.9866,pathogenic,CRB2,978.0
Q5IJ48,D978G,0.5229,ambiguous,CRB2,978.0
Q5IJ48,D978H,0.9178,pathogenic,CRB2,978.0
Q5IJ48,D978I,0.9895,pathogenic,CRB2,978.0
Q5IJ48,D978K,0.9707,pathogenic,CRB2,978.0
Q5IJ48,D978L,0.9461,pathogenic,CRB2,978.0
Q5IJ48,D978M,0.9955,pathogenic,CRB2,978.0
Q5IJ48,D978N,0.639,pathogenic,CRB2,978.0
Q5IJ48,D978P,0.9208,pathogenic,CRB2,978.0
Q5IJ48,D978Q,0.9299,pathogenic,CRB2,978.0
Q5IJ48,D978R,0.8971,pathogenic,CRB2,978.0
Q5IJ48,D978S,0.6484,pathogenic,CRB2,978.0
Q5IJ48,D978T,0.9362,pathogenic,CRB2,978.0
Q5IJ48,D978V,0.9548,pathogenic,CRB2,978.0
Q5IJ48,D978W,0.9891,pathogenic,CRB2,978.0
Q5IJ48,D978Y,0.9138,pathogenic,CRB2,978.0
Q5IJ48,G979A,0.1059,benign,CRB2,979.0
Q5IJ48,G979C,0.4242,ambiguous,CRB2,979.0
Q5IJ48,G979D,0.086,benign,CRB2,979.0
Q5IJ48,G979E,0.12,benign,CRB2,979.0
Q5IJ48,G979F,0.5493,ambiguous,CRB2,979.0
Q5IJ48,G979H,0.2502,benign,CRB2,979.0
Q5IJ48,G979I,0.4278,ambiguous,CRB2,979.0
Q5IJ48,G979K,0.3727,ambiguous,CRB2,979.0
Q5IJ48,G979L,0.3678,ambiguous,CRB2,979.0
Q5IJ48,G979M,0.51,ambiguous,CRB2,979.0
Q5IJ48,G979N,0.2038,benign,CRB2,979.0
Q5IJ48,G979P,0.5457,ambiguous,CRB2,979.0
Q5IJ48,G979Q,0.2303,benign,CRB2,979.0
Q5IJ48,G979R,0.1878,benign,CRB2,979.0
Q5IJ48,G979S,0.0873,benign,CRB2,979.0
Q5IJ48,G979T,0.1419,benign,CRB2,979.0
Q5IJ48,G979V,0.2549,benign,CRB2,979.0
Q5IJ48,G979W,0.3486,ambiguous,CRB2,979.0
Q5IJ48,G979Y,0.448,ambiguous,CRB2,979.0
Q5IJ48,A980C,0.5889,pathogenic,CRB2,980.0
Q5IJ48,A980D,0.141,benign,CRB2,980.0
Q5IJ48,A980E,0.1094,benign,CRB2,980.0
Q5IJ48,A980F,0.2406,benign,CRB2,980.0
Q5IJ48,A980G,0.0976,benign,CRB2,980.0
Q5IJ48,A980H,0.2781,benign,CRB2,980.0
Q5IJ48,A980I,0.2286,benign,CRB2,980.0
Q5IJ48,A980K,0.2552,benign,CRB2,980.0
Q5IJ48,A980L,0.131,benign,CRB2,980.0
Q5IJ48,A980M,0.2016,benign,CRB2,980.0
Q5IJ48,A980N,0.2064,benign,CRB2,980.0
Q5IJ48,A980P,0.1603,benign,CRB2,980.0
Q5IJ48,A980Q,0.1627,benign,CRB2,980.0
Q5IJ48,A980R,0.1655,benign,CRB2,980.0
Q5IJ48,A980S,0.0902,benign,CRB2,980.0
Q5IJ48,A980T,0.0833,benign,CRB2,980.0
Q5IJ48,A980V,0.1004,benign,CRB2,980.0
Q5IJ48,A980W,0.4336,ambiguous,CRB2,980.0
Q5IJ48,A980Y,0.385,ambiguous,CRB2,980.0
Q5IJ48,A981C,0.5752,pathogenic,CRB2,981.0
Q5IJ48,A981D,0.1408,benign,CRB2,981.0
Q5IJ48,A981E,0.119,benign,CRB2,981.0
Q5IJ48,A981F,0.2417,benign,CRB2,981.0
Q5IJ48,A981G,0.095,benign,CRB2,981.0
Q5IJ48,A981H,0.3143,benign,CRB2,981.0
Q5IJ48,A981I,0.2218,benign,CRB2,981.0
Q5IJ48,A981K,0.2742,benign,CRB2,981.0
Q5IJ48,A981L,0.1309,benign,CRB2,981.0
Q5IJ48,A981M,0.2236,benign,CRB2,981.0
Q5IJ48,A981N,0.2137,benign,CRB2,981.0
Q5IJ48,A981P,0.0903,benign,CRB2,981.0
Q5IJ48,A981Q,0.1822,benign,CRB2,981.0
Q5IJ48,A981R,0.1716,benign,CRB2,981.0
Q5IJ48,A981S,0.0938,benign,CRB2,981.0
Q5IJ48,A981T,0.088,benign,CRB2,981.0
Q5IJ48,A981V,0.0955,benign,CRB2,981.0
Q5IJ48,A981W,0.442,ambiguous,CRB2,981.0
Q5IJ48,A981Y,0.3812,ambiguous,CRB2,981.0
Q5IJ48,T982A,0.0817,benign,CRB2,982.0
Q5IJ48,T982C,0.6728,pathogenic,CRB2,982.0
Q5IJ48,T982D,0.2911,benign,CRB2,982.0
Q5IJ48,T982E,0.1919,benign,CRB2,982.0
Q5IJ48,T982F,0.2176,benign,CRB2,982.0
Q5IJ48,T982G,0.1603,benign,CRB2,982.0
Q5IJ48,T982H,0.2556,benign,CRB2,982.0
Q5IJ48,T982I,0.2287,benign,CRB2,982.0
Q5IJ48,T982K,0.2476,benign,CRB2,982.0
Q5IJ48,T982L,0.1042,benign,CRB2,982.0
Q5IJ48,T982M,0.132,benign,CRB2,982.0
Q5IJ48,T982N,0.1639,benign,CRB2,982.0
Q5IJ48,T982P,0.0924,benign,CRB2,982.0
Q5IJ48,T982Q,0.1791,benign,CRB2,982.0
Q5IJ48,T982R,0.168,benign,CRB2,982.0
Q5IJ48,T982S,0.1079,benign,CRB2,982.0
Q5IJ48,T982V,0.1438,benign,CRB2,982.0
Q5IJ48,T982W,0.4078,ambiguous,CRB2,982.0
Q5IJ48,T982Y,0.3158,benign,CRB2,982.0
Q5IJ48,P983A,0.0962,benign,CRB2,983.0
Q5IJ48,P983C,0.8629,pathogenic,CRB2,983.0
Q5IJ48,P983D,0.6314,pathogenic,CRB2,983.0
Q5IJ48,P983E,0.372,ambiguous,CRB2,983.0
Q5IJ48,P983F,0.7957,pathogenic,CRB2,983.0
Q5IJ48,P983G,0.2998,benign,CRB2,983.0
Q5IJ48,P983H,0.5045,ambiguous,CRB2,983.0
Q5IJ48,P983I,0.7398,pathogenic,CRB2,983.0
Q5IJ48,P983K,0.6119,pathogenic,CRB2,983.0
Q5IJ48,P983L,0.3596,ambiguous,CRB2,983.0
Q5IJ48,P983M,0.7101,pathogenic,CRB2,983.0
Q5IJ48,P983N,0.6415,pathogenic,CRB2,983.0
Q5IJ48,P983Q,0.3289,benign,CRB2,983.0
Q5IJ48,P983R,0.2616,benign,CRB2,983.0
Q5IJ48,P983S,0.1852,benign,CRB2,983.0
Q5IJ48,P983T,0.2274,benign,CRB2,983.0
Q5IJ48,P983V,0.4183,ambiguous,CRB2,983.0
Q5IJ48,P983W,0.7752,pathogenic,CRB2,983.0
Q5IJ48,P983Y,0.7688,pathogenic,CRB2,983.0
Q5IJ48,V984A,0.0793,benign,CRB2,984.0
Q5IJ48,V984C,0.7601,pathogenic,CRB2,984.0
Q5IJ48,V984D,0.2308,benign,CRB2,984.0
Q5IJ48,V984E,0.1055,benign,CRB2,984.0
Q5IJ48,V984F,0.1376,benign,CRB2,984.0
Q5IJ48,V984G,0.1112,benign,CRB2,984.0
Q5IJ48,V984H,0.3724,ambiguous,CRB2,984.0
Q5IJ48,V984I,0.119,benign,CRB2,984.0
Q5IJ48,V984K,0.219,benign,CRB2,984.0
Q5IJ48,V984L,0.0952,benign,CRB2,984.0
Q5IJ48,V984M,0.1261,benign,CRB2,984.0
Q5IJ48,V984N,0.3086,benign,CRB2,984.0
Q5IJ48,V984P,0.265,benign,CRB2,984.0
Q5IJ48,V984Q,0.1492,benign,CRB2,984.0
Q5IJ48,V984R,0.1401,benign,CRB2,984.0
Q5IJ48,V984S,0.1438,benign,CRB2,984.0
Q5IJ48,V984T,0.1372,benign,CRB2,984.0
Q5IJ48,V984W,0.4663,ambiguous,CRB2,984.0
Q5IJ48,V984Y,0.4327,ambiguous,CRB2,984.0
Q5IJ48,A985C,0.5832,pathogenic,CRB2,985.0
Q5IJ48,A985D,0.1909,benign,CRB2,985.0
Q5IJ48,A985E,0.1295,benign,CRB2,985.0
Q5IJ48,A985F,0.1925,benign,CRB2,985.0
Q5IJ48,A985G,0.1051,benign,CRB2,985.0
Q5IJ48,A985H,0.3097,benign,CRB2,985.0
Q5IJ48,A985I,0.2143,benign,CRB2,985.0
Q5IJ48,A985K,0.3601,ambiguous,CRB2,985.0
Q5IJ48,A985L,0.112,benign,CRB2,985.0
Q5IJ48,A985M,0.2305,benign,CRB2,985.0
Q5IJ48,A985N,0.2577,benign,CRB2,985.0
Q5IJ48,A985P,0.0766,benign,CRB2,985.0
Q5IJ48,A985Q,0.203,benign,CRB2,985.0
Q5IJ48,A985R,0.2029,benign,CRB2,985.0
Q5IJ48,A985S,0.0897,benign,CRB2,985.0
Q5IJ48,A985T,0.0925,benign,CRB2,985.0
Q5IJ48,A985V,0.0945,benign,CRB2,985.0
Q5IJ48,A985W,0.4125,ambiguous,CRB2,985.0
Q5IJ48,A985Y,0.3501,ambiguous,CRB2,985.0
Q5IJ48,L986A,0.4669,ambiguous,CRB2,986.0
Q5IJ48,L986C,0.9025,pathogenic,CRB2,986.0
Q5IJ48,L986D,0.9493,pathogenic,CRB2,986.0
Q5IJ48,L986E,0.7483,pathogenic,CRB2,986.0
Q5IJ48,L986F,0.2872,benign,CRB2,986.0
Q5IJ48,L986G,0.6542,pathogenic,CRB2,986.0
Q5IJ48,L986H,0.8142,pathogenic,CRB2,986.0
Q5IJ48,L986I,0.3199,benign,CRB2,986.0
Q5IJ48,L986K,0.8424,pathogenic,CRB2,986.0
Q5IJ48,L986M,0.3077,benign,CRB2,986.0
Q5IJ48,L986N,0.9124,pathogenic,CRB2,986.0
Q5IJ48,L986P,0.5003,ambiguous,CRB2,986.0
Q5IJ48,L986Q,0.5534,ambiguous,CRB2,986.0
Q5IJ48,L986R,0.581,pathogenic,CRB2,986.0
Q5IJ48,L986S,0.7176,pathogenic,CRB2,986.0
Q5IJ48,L986T,0.6506,pathogenic,CRB2,986.0
Q5IJ48,L986V,0.2108,benign,CRB2,986.0
Q5IJ48,L986W,0.4948,ambiguous,CRB2,986.0
Q5IJ48,L986Y,0.7961,pathogenic,CRB2,986.0
Q5IJ48,R987A,0.1424,benign,CRB2,987.0
Q5IJ48,R987C,0.3098,benign,CRB2,987.0
Q5IJ48,R987D,0.2225,benign,CRB2,987.0
Q5IJ48,R987E,0.1543,benign,CRB2,987.0
Q5IJ48,R987F,0.354,ambiguous,CRB2,987.0
Q5IJ48,R987G,0.0959,benign,CRB2,987.0
Q5IJ48,R987H,0.0963,benign,CRB2,987.0
Q5IJ48,R987I,0.3032,benign,CRB2,987.0
Q5IJ48,R987K,0.1919,benign,CRB2,987.0
Q5IJ48,R987L,0.1205,benign,CRB2,987.0
Q5IJ48,R987M,0.3527,ambiguous,CRB2,987.0
Q5IJ48,R987N,0.2976,benign,CRB2,987.0
Q5IJ48,R987P,0.1226,benign,CRB2,987.0
Q5IJ48,R987Q,0.0934,benign,CRB2,987.0
Q5IJ48,R987S,0.1723,benign,CRB2,987.0
Q5IJ48,R987T,0.1505,benign,CRB2,987.0
Q5IJ48,R987V,0.2333,benign,CRB2,987.0
Q5IJ48,R987W,0.1244,benign,CRB2,987.0
Q5IJ48,R987Y,0.2751,benign,CRB2,987.0
Q5IJ48,G988A,0.2856,benign,CRB2,988.0
Q5IJ48,G988C,0.704,pathogenic,CRB2,988.0
Q5IJ48,G988D,0.3789,ambiguous,CRB2,988.0
Q5IJ48,G988E,0.406,ambiguous,CRB2,988.0
Q5IJ48,G988F,0.7615,pathogenic,CRB2,988.0
Q5IJ48,G988H,0.6859,pathogenic,CRB2,988.0
Q5IJ48,G988I,0.6676,pathogenic,CRB2,988.0
Q5IJ48,G988K,0.835,pathogenic,CRB2,988.0
Q5IJ48,G988L,0.6705,pathogenic,CRB2,988.0
Q5IJ48,G988M,0.8212,pathogenic,CRB2,988.0
Q5IJ48,G988N,0.5707,pathogenic,CRB2,988.0
Q5IJ48,G988P,0.7572,pathogenic,CRB2,988.0
Q5IJ48,G988Q,0.6442,pathogenic,CRB2,988.0
Q5IJ48,G988R,0.6646,pathogenic,CRB2,988.0
Q5IJ48,G988S,0.221,benign,CRB2,988.0
Q5IJ48,G988T,0.417,ambiguous,CRB2,988.0
Q5IJ48,G988V,0.4693,ambiguous,CRB2,988.0
Q5IJ48,G988W,0.6355,pathogenic,CRB2,988.0
Q5IJ48,G988Y,0.6965,pathogenic,CRB2,988.0
Q5IJ48,L989A,0.0971,benign,CRB2,989.0
Q5IJ48,L989C,0.5785,pathogenic,CRB2,989.0
Q5IJ48,L989D,0.2746,benign,CRB2,989.0
Q5IJ48,L989E,0.1083,benign,CRB2,989.0
Q5IJ48,L989F,0.1066,benign,CRB2,989.0
Q5IJ48,L989G,0.1685,benign,CRB2,989.0
Q5IJ48,L989H,0.1421,benign,CRB2,989.0
Q5IJ48,L989I,0.1434,benign,CRB2,989.0
Q5IJ48,L989K,0.1569,benign,CRB2,989.0
Q5IJ48,L989M,0.1373,benign,CRB2,989.0
Q5IJ48,L989N,0.2267,benign,CRB2,989.0
Q5IJ48,L989P,0.0738,benign,CRB2,989.0
Q5IJ48,L989Q,0.0717,benign,CRB2,989.0
Q5IJ48,L989R,0.0707,benign,CRB2,989.0
Q5IJ48,L989S,0.1323,benign,CRB2,989.0
Q5IJ48,L989T,0.119,benign,CRB2,989.0
Q5IJ48,L989V,0.094,benign,CRB2,989.0
Q5IJ48,L989W,0.1212,benign,CRB2,989.0
Q5IJ48,L989Y,0.2772,benign,CRB2,989.0
Q5IJ48,A990C,0.6621,pathogenic,CRB2,990.0
Q5IJ48,A990D,0.4643,ambiguous,CRB2,990.0
Q5IJ48,A990E,0.4604,ambiguous,CRB2,990.0
Q5IJ48,A990F,0.5446,ambiguous,CRB2,990.0
Q5IJ48,A990G,0.0996,benign,CRB2,990.0
Q5IJ48,A990H,0.6309,pathogenic,CRB2,990.0
Q5IJ48,A990I,0.5758,pathogenic,CRB2,990.0
Q5IJ48,A990K,0.7638,pathogenic,CRB2,990.0
Q5IJ48,A990L,0.3248,benign,CRB2,990.0
Q5IJ48,A990M,0.6124,pathogenic,CRB2,990.0
Q5IJ48,A990N,0.5461,ambiguous,CRB2,990.0
Q5IJ48,A990P,0.314,benign,CRB2,990.0
Q5IJ48,A990Q,0.5029,ambiguous,CRB2,990.0
Q5IJ48,A990R,0.4756,ambiguous,CRB2,990.0
Q5IJ48,A990S,0.1234,benign,CRB2,990.0
Q5IJ48,A990T,0.1892,benign,CRB2,990.0
Q5IJ48,A990V,0.2424,benign,CRB2,990.0
Q5IJ48,A990W,0.7479,pathogenic,CRB2,990.0
Q5IJ48,A990Y,0.6981,pathogenic,CRB2,990.0
Q5IJ48,S991A,0.0872,benign,CRB2,991.0
Q5IJ48,S991C,0.2699,benign,CRB2,991.0
Q5IJ48,S991D,0.1715,benign,CRB2,991.0
Q5IJ48,S991E,0.1966,benign,CRB2,991.0
Q5IJ48,S991F,0.367,ambiguous,CRB2,991.0
Q5IJ48,S991G,0.044,benign,CRB2,991.0
Q5IJ48,S991H,0.2195,benign,CRB2,991.0
Q5IJ48,S991I,0.3245,benign,CRB2,991.0
Q5IJ48,S991K,0.3371,benign,CRB2,991.0
Q5IJ48,S991L,0.2255,benign,CRB2,991.0
Q5IJ48,S991M,0.3853,ambiguous,CRB2,991.0
Q5IJ48,S991N,0.1539,benign,CRB2,991.0
Q5IJ48,S991P,0.1327,benign,CRB2,991.0
Q5IJ48,S991Q,0.2463,benign,CRB2,991.0
Q5IJ48,S991R,0.1742,benign,CRB2,991.0
Q5IJ48,S991T,0.1198,benign,CRB2,991.0
Q5IJ48,S991V,0.2506,benign,CRB2,991.0
Q5IJ48,S991W,0.2247,benign,CRB2,991.0
Q5IJ48,S991Y,0.2728,benign,CRB2,991.0
Q5IJ48,D992A,0.1796,benign,CRB2,992.0
Q5IJ48,D992C,0.7483,pathogenic,CRB2,992.0
Q5IJ48,D992E,0.2807,benign,CRB2,992.0
Q5IJ48,D992F,0.6342,pathogenic,CRB2,992.0
Q5IJ48,D992G,0.1419,benign,CRB2,992.0
Q5IJ48,D992H,0.2066,benign,CRB2,992.0
Q5IJ48,D992I,0.6061,pathogenic,CRB2,992.0
Q5IJ48,D992K,0.5061,ambiguous,CRB2,992.0
Q5IJ48,D992L,0.478,ambiguous,CRB2,992.0
Q5IJ48,D992M,0.7946,pathogenic,CRB2,992.0
Q5IJ48,D992N,0.1313,benign,CRB2,992.0
Q5IJ48,D992P,0.3182,benign,CRB2,992.0
Q5IJ48,D992Q,0.3404,ambiguous,CRB2,992.0
Q5IJ48,D992R,0.2969,benign,CRB2,992.0
Q5IJ48,D992S,0.1229,benign,CRB2,992.0
Q5IJ48,D992T,0.2907,benign,CRB2,992.0
Q5IJ48,D992V,0.3739,ambiguous,CRB2,992.0
Q5IJ48,D992W,0.7909,pathogenic,CRB2,992.0
Q5IJ48,D992Y,0.2693,benign,CRB2,992.0
Q5IJ48,L993A,0.2416,benign,CRB2,993.0
Q5IJ48,L993C,0.8548,pathogenic,CRB2,993.0
Q5IJ48,L993D,0.8268,pathogenic,CRB2,993.0
Q5IJ48,L993E,0.5754,pathogenic,CRB2,993.0
Q5IJ48,L993F,0.2323,benign,CRB2,993.0
Q5IJ48,L993G,0.4893,ambiguous,CRB2,993.0
Q5IJ48,L993H,0.6247,pathogenic,CRB2,993.0
Q5IJ48,L993I,0.171,benign,CRB2,993.0
Q5IJ48,L993K,0.6927,pathogenic,CRB2,993.0
Q5IJ48,L993M,0.2642,benign,CRB2,993.0
Q5IJ48,L993N,0.7743,pathogenic,CRB2,993.0
Q5IJ48,L993P,0.1953,benign,CRB2,993.0
Q5IJ48,L993Q,0.4221,ambiguous,CRB2,993.0
Q5IJ48,L993R,0.3611,ambiguous,CRB2,993.0
Q5IJ48,L993S,0.5292,ambiguous,CRB2,993.0
Q5IJ48,L993T,0.2863,benign,CRB2,993.0
Q5IJ48,L993V,0.1334,benign,CRB2,993.0
Q5IJ48,L993W,0.4109,ambiguous,CRB2,993.0
Q5IJ48,L993Y,0.7059,pathogenic,CRB2,993.0
Q5IJ48,G994A,0.0866,benign,CRB2,994.0
Q5IJ48,G994C,0.2853,benign,CRB2,994.0
Q5IJ48,G994D,0.1038,benign,CRB2,994.0
Q5IJ48,G994E,0.1415,benign,CRB2,994.0
Q5IJ48,G994F,0.42,ambiguous,CRB2,994.0
Q5IJ48,G994H,0.1851,benign,CRB2,994.0
Q5IJ48,G994I,0.2826,benign,CRB2,994.0
Q5IJ48,G994K,0.3439,ambiguous,CRB2,994.0
Q5IJ48,G994L,0.2434,benign,CRB2,994.0
Q5IJ48,G994M,0.4845,ambiguous,CRB2,994.0
Q5IJ48,G994N,0.2094,benign,CRB2,994.0
Q5IJ48,G994P,0.3561,ambiguous,CRB2,994.0
Q5IJ48,G994Q,0.2044,benign,CRB2,994.0
Q5IJ48,G994R,0.137,benign,CRB2,994.0
Q5IJ48,G994S,0.0822,benign,CRB2,994.0
Q5IJ48,G994T,0.1297,benign,CRB2,994.0
Q5IJ48,G994V,0.1626,benign,CRB2,994.0
Q5IJ48,G994W,0.2289,benign,CRB2,994.0
Q5IJ48,G994Y,0.2937,benign,CRB2,994.0
Q5IJ48,F995A,0.7339,pathogenic,CRB2,995.0
Q5IJ48,F995C,0.8419,pathogenic,CRB2,995.0
Q5IJ48,F995D,0.8671,pathogenic,CRB2,995.0
Q5IJ48,F995E,0.914,pathogenic,CRB2,995.0
Q5IJ48,F995G,0.815,pathogenic,CRB2,995.0
Q5IJ48,F995H,0.7975,pathogenic,CRB2,995.0
Q5IJ48,F995I,0.4904,ambiguous,CRB2,995.0
Q5IJ48,F995K,0.9517,pathogenic,CRB2,995.0
Q5IJ48,F995L,0.9096,pathogenic,CRB2,995.0
Q5IJ48,F995M,0.8145,pathogenic,CRB2,995.0
Q5IJ48,F995N,0.8546,pathogenic,CRB2,995.0
Q5IJ48,F995P,0.8835,pathogenic,CRB2,995.0
Q5IJ48,F995Q,0.9035,pathogenic,CRB2,995.0
Q5IJ48,F995R,0.8415,pathogenic,CRB2,995.0
Q5IJ48,F995S,0.6788,pathogenic,CRB2,995.0
Q5IJ48,F995T,0.804,pathogenic,CRB2,995.0
Q5IJ48,F995V,0.4813,ambiguous,CRB2,995.0
Q5IJ48,F995W,0.5333,ambiguous,CRB2,995.0
Q5IJ48,F995Y,0.4032,ambiguous,CRB2,995.0
Q5IJ48,L996A,0.519,ambiguous,CRB2,996.0
Q5IJ48,L996C,0.8391,pathogenic,CRB2,996.0
Q5IJ48,L996D,0.9631,pathogenic,CRB2,996.0
Q5IJ48,L996E,0.8145,pathogenic,CRB2,996.0
Q5IJ48,L996F,0.2509,benign,CRB2,996.0
Q5IJ48,L996G,0.7453,pathogenic,CRB2,996.0
Q5IJ48,L996H,0.7501,pathogenic,CRB2,996.0
Q5IJ48,L996I,0.2135,benign,CRB2,996.0
Q5IJ48,L996K,0.874,pathogenic,CRB2,996.0
Q5IJ48,L996M,0.393,ambiguous,CRB2,996.0
Q5IJ48,L996N,0.9372,pathogenic,CRB2,996.0
Q5IJ48,L996P,0.4087,ambiguous,CRB2,996.0
Q5IJ48,L996Q,0.5756,pathogenic,CRB2,996.0
Q5IJ48,L996R,0.5408,ambiguous,CRB2,996.0
Q5IJ48,L996S,0.7584,pathogenic,CRB2,996.0
Q5IJ48,L996T,0.649,pathogenic,CRB2,996.0
Q5IJ48,L996V,0.1628,benign,CRB2,996.0
Q5IJ48,L996W,0.4394,ambiguous,CRB2,996.0
Q5IJ48,L996Y,0.8019,pathogenic,CRB2,996.0
Q5IJ48,Q997A,0.1178,benign,CRB2,997.0
Q5IJ48,Q997C,0.5978,pathogenic,CRB2,997.0
Q5IJ48,Q997D,0.2698,benign,CRB2,997.0
Q5IJ48,Q997E,0.0876,benign,CRB2,997.0
Q5IJ48,Q997F,0.5503,ambiguous,CRB2,997.0
Q5IJ48,Q997G,0.1182,benign,CRB2,997.0
Q5IJ48,Q997H,0.1724,benign,CRB2,997.0
Q5IJ48,Q997I,0.4414,ambiguous,CRB2,997.0
Q5IJ48,Q997K,0.117,benign,CRB2,997.0
Q5IJ48,Q997L,0.1058,benign,CRB2,997.0
Q5IJ48,Q997M,0.4564,ambiguous,CRB2,997.0
Q5IJ48,Q997N,0.2996,benign,CRB2,997.0
Q5IJ48,Q997P,0.089,benign,CRB2,997.0
Q5IJ48,Q997R,0.0556,benign,CRB2,997.0
Q5IJ48,Q997S,0.1585,benign,CRB2,997.0
Q5IJ48,Q997T,0.177,benign,CRB2,997.0
Q5IJ48,Q997V,0.2363,benign,CRB2,997.0
Q5IJ48,Q997W,0.29,benign,CRB2,997.0
Q5IJ48,Q997Y,0.3978,ambiguous,CRB2,997.0
Q5IJ48,G998A,0.1678,benign,CRB2,998.0
Q5IJ48,G998C,0.5602,ambiguous,CRB2,998.0
Q5IJ48,G998D,0.1719,benign,CRB2,998.0
Q5IJ48,G998E,0.1616,benign,CRB2,998.0
Q5IJ48,G998F,0.5507,ambiguous,CRB2,998.0
Q5IJ48,G998H,0.367,ambiguous,CRB2,998.0
Q5IJ48,G998I,0.3908,ambiguous,CRB2,998.0
Q5IJ48,G998K,0.4251,ambiguous,CRB2,998.0
Q5IJ48,G998L,0.3892,ambiguous,CRB2,998.0
Q5IJ48,G998M,0.5569,ambiguous,CRB2,998.0
Q5IJ48,G998N,0.3316,benign,CRB2,998.0
Q5IJ48,G998P,0.6,pathogenic,CRB2,998.0
Q5IJ48,G998Q,0.3107,benign,CRB2,998.0
Q5IJ48,G998R,0.299,benign,CRB2,998.0
Q5IJ48,G998S,0.1545,benign,CRB2,998.0
Q5IJ48,G998T,0.2337,benign,CRB2,998.0
Q5IJ48,G998V,0.2344,benign,CRB2,998.0
Q5IJ48,G998W,0.3922,ambiguous,CRB2,998.0
Q5IJ48,G998Y,0.4498,ambiguous,CRB2,998.0
Q5IJ48,P999A,0.0691,benign,CRB2,999.0
Q5IJ48,P999C,0.5978,pathogenic,CRB2,999.0
Q5IJ48,P999D,0.1778,benign,CRB2,999.0
Q5IJ48,P999E,0.1257,benign,CRB2,999.0
Q5IJ48,P999F,0.3234,benign,CRB2,999.0
Q5IJ48,P999G,0.1371,benign,CRB2,999.0
Q5IJ48,P999H,0.1327,benign,CRB2,999.0
Q5IJ48,P999I,0.3003,benign,CRB2,999.0
Q5IJ48,P999K,0.1951,benign,CRB2,999.0
Q5IJ48,P999L,0.1201,benign,CRB2,999.0
Q5IJ48,P999M,0.3246,benign,CRB2,999.0
Q5IJ48,P999N,0.2338,benign,CRB2,999.0
Q5IJ48,P999Q,0.0996,benign,CRB2,999.0
Q5IJ48,P999R,0.0773,benign,CRB2,999.0
Q5IJ48,P999S,0.0833,benign,CRB2,999.0
Q5IJ48,P999T,0.0866,benign,CRB2,999.0
Q5IJ48,P999V,0.1794,benign,CRB2,999.0
Q5IJ48,P999W,0.3314,benign,CRB2,999.0
Q5IJ48,P999Y,0.3668,ambiguous,CRB2,999.0
Q5IJ48,G1000A,0.0868,benign,CRB2,1000.0
Q5IJ48,G1000C,0.3645,ambiguous,CRB2,1000.0
Q5IJ48,G1000D,0.0753,benign,CRB2,1000.0
Q5IJ48,G1000E,0.0899,benign,CRB2,1000.0
Q5IJ48,G1000F,0.3953,ambiguous,CRB2,1000.0
Q5IJ48,G1000H,0.193,benign,CRB2,1000.0
Q5IJ48,G1000I,0.3093,benign,CRB2,1000.0
Q5IJ48,G1000K,0.2375,benign,CRB2,1000.0
Q5IJ48,G1000L,0.2471,benign,CRB2,1000.0
Q5IJ48,G1000M,0.4091,ambiguous,CRB2,1000.0
Q5IJ48,G1000N,0.1846,benign,CRB2,1000.0
Q5IJ48,G1000P,0.2856,benign,CRB2,1000.0
Q5IJ48,G1000Q,0.1591,benign,CRB2,1000.0
Q5IJ48,G1000R,0.1301,benign,CRB2,1000.0
Q5IJ48,G1000S,0.1004,benign,CRB2,1000.0
Q5IJ48,G1000T,0.1296,benign,CRB2,1000.0
Q5IJ48,G1000V,0.1597,benign,CRB2,1000.0
Q5IJ48,G1000W,0.2385,benign,CRB2,1000.0
Q5IJ48,G1000Y,0.3087,benign,CRB2,1000.0
Q5IJ48,A1001C,0.5905,pathogenic,CRB2,1001.0
Q5IJ48,A1001D,0.1725,benign,CRB2,1001.0
Q5IJ48,A1001E,0.1598,benign,CRB2,1001.0
Q5IJ48,A1001F,0.3458,ambiguous,CRB2,1001.0
Q5IJ48,A1001G,0.0807,benign,CRB2,1001.0
Q5IJ48,A1001H,0.3256,benign,CRB2,1001.0
Q5IJ48,A1001I,0.3444,ambiguous,CRB2,1001.0
Q5IJ48,A1001K,0.3455,ambiguous,CRB2,1001.0
Q5IJ48,A1001L,0.2056,benign,CRB2,1001.0
Q5IJ48,A1001M,0.2863,benign,CRB2,1001.0
Q5IJ48,A1001N,0.2403,benign,CRB2,1001.0
Q5IJ48,A1001P,0.1263,benign,CRB2,1001.0
Q5IJ48,A1001Q,0.2288,benign,CRB2,1001.0
Q5IJ48,A1001R,0.1977,benign,CRB2,1001.0
Q5IJ48,A1001S,0.0915,benign,CRB2,1001.0
Q5IJ48,A1001T,0.095,benign,CRB2,1001.0
Q5IJ48,A1001V,0.1449,benign,CRB2,1001.0
Q5IJ48,A1001W,0.4826,ambiguous,CRB2,1001.0
Q5IJ48,A1001Y,0.4708,ambiguous,CRB2,1001.0
Q5IJ48,V1002A,0.0524,benign,CRB2,1002.0
Q5IJ48,V1002C,0.6847,pathogenic,CRB2,1002.0
Q5IJ48,V1002D,0.1711,benign,CRB2,1002.0
Q5IJ48,V1002E,0.1094,benign,CRB2,1002.0
Q5IJ48,V1002F,0.1758,benign,CRB2,1002.0
Q5IJ48,V1002G,0.0663,benign,CRB2,1002.0
Q5IJ48,V1002H,0.3363,benign,CRB2,1002.0
Q5IJ48,V1002I,0.1419,benign,CRB2,1002.0
Q5IJ48,V1002K,0.2232,benign,CRB2,1002.0
Q5IJ48,V1002L,0.1309,benign,CRB2,1002.0
Q5IJ48,V1002M,0.1713,benign,CRB2,1002.0
Q5IJ48,V1002N,0.1933,benign,CRB2,1002.0
Q5IJ48,V1002P,0.1252,benign,CRB2,1002.0
Q5IJ48,V1002Q,0.136,benign,CRB2,1002.0
Q5IJ48,V1002R,0.1145,benign,CRB2,1002.0
Q5IJ48,V1002S,0.0806,benign,CRB2,1002.0
Q5IJ48,V1002T,0.0946,benign,CRB2,1002.0
Q5IJ48,V1002W,0.5128,ambiguous,CRB2,1002.0
Q5IJ48,V1002Y,0.4684,ambiguous,CRB2,1002.0
Q5IJ48,R1003A,0.1399,benign,CRB2,1003.0
Q5IJ48,R1003C,0.2991,benign,CRB2,1003.0
Q5IJ48,R1003D,0.2404,benign,CRB2,1003.0
Q5IJ48,R1003E,0.1477,benign,CRB2,1003.0
Q5IJ48,R1003F,0.3904,ambiguous,CRB2,1003.0
Q5IJ48,R1003G,0.1065,benign,CRB2,1003.0
Q5IJ48,R1003H,0.1116,benign,CRB2,1003.0
Q5IJ48,R1003I,0.2956,benign,CRB2,1003.0
Q5IJ48,R1003K,0.1963,benign,CRB2,1003.0
Q5IJ48,R1003L,0.1242,benign,CRB2,1003.0
Q5IJ48,R1003M,0.3279,benign,CRB2,1003.0
Q5IJ48,R1003N,0.3049,benign,CRB2,1003.0
Q5IJ48,R1003P,0.0866,benign,CRB2,1003.0
Q5IJ48,R1003Q,0.0958,benign,CRB2,1003.0
Q5IJ48,R1003S,0.1916,benign,CRB2,1003.0
Q5IJ48,R1003T,0.1484,benign,CRB2,1003.0
Q5IJ48,R1003V,0.2192,benign,CRB2,1003.0
Q5IJ48,R1003W,0.1499,benign,CRB2,1003.0
Q5IJ48,R1003Y,0.326,benign,CRB2,1003.0
Q5IJ48,I1004A,0.7852,pathogenic,CRB2,1004.0
Q5IJ48,I1004C,0.917,pathogenic,CRB2,1004.0
Q5IJ48,I1004D,0.9576,pathogenic,CRB2,1004.0
Q5IJ48,I1004E,0.9266,pathogenic,CRB2,1004.0
Q5IJ48,I1004F,0.3141,benign,CRB2,1004.0
Q5IJ48,I1004G,0.8768,pathogenic,CRB2,1004.0
Q5IJ48,I1004H,0.8976,pathogenic,CRB2,1004.0
Q5IJ48,I1004K,0.9294,pathogenic,CRB2,1004.0
Q5IJ48,I1004L,0.1241,benign,CRB2,1004.0
Q5IJ48,I1004M,0.2725,benign,CRB2,1004.0
Q5IJ48,I1004N,0.8062,pathogenic,CRB2,1004.0
Q5IJ48,I1004P,0.8268,pathogenic,CRB2,1004.0
Q5IJ48,I1004Q,0.8902,pathogenic,CRB2,1004.0
Q5IJ48,I1004R,0.8491,pathogenic,CRB2,1004.0
Q5IJ48,I1004S,0.8232,pathogenic,CRB2,1004.0
Q5IJ48,I1004T,0.8763,pathogenic,CRB2,1004.0
Q5IJ48,I1004V,0.1294,benign,CRB2,1004.0
Q5IJ48,I1004W,0.8431,pathogenic,CRB2,1004.0
Q5IJ48,I1004Y,0.7277,pathogenic,CRB2,1004.0
Q5IJ48,L1005A,0.1357,benign,CRB2,1005.0
Q5IJ48,L1005C,0.6477,pathogenic,CRB2,1005.0
Q5IJ48,L1005D,0.445,ambiguous,CRB2,1005.0
Q5IJ48,L1005E,0.1625,benign,CRB2,1005.0
Q5IJ48,L1005F,0.1171,benign,CRB2,1005.0
Q5IJ48,L1005G,0.2658,benign,CRB2,1005.0
Q5IJ48,L1005H,0.1796,benign,CRB2,1005.0
Q5IJ48,L1005I,0.1446,benign,CRB2,1005.0
Q5IJ48,L1005K,0.3252,benign,CRB2,1005.0
Q5IJ48,L1005M,0.2281,benign,CRB2,1005.0
Q5IJ48,L1005N,0.4104,ambiguous,CRB2,1005.0
Q5IJ48,L1005P,0.4157,ambiguous,CRB2,1005.0
Q5IJ48,L1005Q,0.0991,benign,CRB2,1005.0
Q5IJ48,L1005R,0.0869,benign,CRB2,1005.0
Q5IJ48,L1005S,0.1878,benign,CRB2,1005.0
Q5IJ48,L1005T,0.1646,benign,CRB2,1005.0
Q5IJ48,L1005V,0.0792,benign,CRB2,1005.0
Q5IJ48,L1005W,0.1667,benign,CRB2,1005.0
Q5IJ48,L1005Y,0.3364,benign,CRB2,1005.0
Q5IJ48,L1006A,0.4955,ambiguous,CRB2,1006.0
Q5IJ48,L1006C,0.9373,pathogenic,CRB2,1006.0
Q5IJ48,L1006D,0.9841,pathogenic,CRB2,1006.0
Q5IJ48,L1006E,0.9209,pathogenic,CRB2,1006.0
Q5IJ48,L1006F,0.5567,ambiguous,CRB2,1006.0
Q5IJ48,L1006G,0.8271,pathogenic,CRB2,1006.0
Q5IJ48,L1006H,0.932,pathogenic,CRB2,1006.0
Q5IJ48,L1006I,0.2339,benign,CRB2,1006.0
Q5IJ48,L1006K,0.9427,pathogenic,CRB2,1006.0
Q5IJ48,L1006M,0.4591,ambiguous,CRB2,1006.0
Q5IJ48,L1006N,0.9768,pathogenic,CRB2,1006.0
Q5IJ48,L1006P,0.6848,pathogenic,CRB2,1006.0
Q5IJ48,L1006Q,0.8254,pathogenic,CRB2,1006.0
Q5IJ48,L1006R,0.7886,pathogenic,CRB2,1006.0
Q5IJ48,L1006S,0.9023,pathogenic,CRB2,1006.0
Q5IJ48,L1006T,0.6992,pathogenic,CRB2,1006.0
Q5IJ48,L1006V,0.1394,benign,CRB2,1006.0
Q5IJ48,L1006W,0.816,pathogenic,CRB2,1006.0
Q5IJ48,L1006Y,0.9311,pathogenic,CRB2,1006.0
Q5IJ48,A1007C,0.9045,pathogenic,CRB2,1007.0
Q5IJ48,A1007D,0.9285,pathogenic,CRB2,1007.0
Q5IJ48,A1007E,0.9184,pathogenic,CRB2,1007.0
Q5IJ48,A1007F,0.9326,pathogenic,CRB2,1007.0
Q5IJ48,A1007G,0.0926,benign,CRB2,1007.0
Q5IJ48,A1007H,0.9716,pathogenic,CRB2,1007.0
Q5IJ48,A1007I,0.9695,pathogenic,CRB2,1007.0
Q5IJ48,A1007K,0.9778,pathogenic,CRB2,1007.0
Q5IJ48,A1007L,0.7138,pathogenic,CRB2,1007.0
Q5IJ48,A1007M,0.9066,pathogenic,CRB2,1007.0
Q5IJ48,A1007N,0.9429,pathogenic,CRB2,1007.0
Q5IJ48,A1007P,0.816,pathogenic,CRB2,1007.0
Q5IJ48,A1007Q,0.9018,pathogenic,CRB2,1007.0
Q5IJ48,A1007R,0.8879,pathogenic,CRB2,1007.0
Q5IJ48,A1007S,0.3009,benign,CRB2,1007.0
Q5IJ48,A1007T,0.6924,pathogenic,CRB2,1007.0
Q5IJ48,A1007V,0.7908,pathogenic,CRB2,1007.0
Q5IJ48,A1007W,0.9813,pathogenic,CRB2,1007.0
Q5IJ48,A1007Y,0.9753,pathogenic,CRB2,1007.0
Q5IJ48,E1008A,0.2872,benign,CRB2,1008.0
Q5IJ48,E1008C,0.9654,pathogenic,CRB2,1008.0
Q5IJ48,E1008D,0.3625,ambiguous,CRB2,1008.0
Q5IJ48,E1008F,0.9398,pathogenic,CRB2,1008.0
Q5IJ48,E1008G,0.2266,benign,CRB2,1008.0
Q5IJ48,E1008H,0.6777,pathogenic,CRB2,1008.0
Q5IJ48,E1008I,0.9037,pathogenic,CRB2,1008.0
Q5IJ48,E1008K,0.3611,ambiguous,CRB2,1008.0
Q5IJ48,E1008L,0.807,pathogenic,CRB2,1008.0
Q5IJ48,E1008M,0.8723,pathogenic,CRB2,1008.0
Q5IJ48,E1008N,0.6926,pathogenic,CRB2,1008.0
Q5IJ48,E1008P,0.8238,pathogenic,CRB2,1008.0
Q5IJ48,E1008Q,0.173,benign,CRB2,1008.0
Q5IJ48,E1008R,0.2984,benign,CRB2,1008.0
Q5IJ48,E1008S,0.4068,ambiguous,CRB2,1008.0
Q5IJ48,E1008T,0.5749,pathogenic,CRB2,1008.0
Q5IJ48,E1008V,0.6674,pathogenic,CRB2,1008.0
Q5IJ48,E1008W,0.9206,pathogenic,CRB2,1008.0
Q5IJ48,E1008Y,0.8957,pathogenic,CRB2,1008.0
Q5IJ48,N1009A,0.7868,pathogenic,CRB2,1009.0
Q5IJ48,N1009C,0.9808,pathogenic,CRB2,1009.0
Q5IJ48,N1009D,0.5002,ambiguous,CRB2,1009.0
Q5IJ48,N1009E,0.7787,pathogenic,CRB2,1009.0
Q5IJ48,N1009F,0.9567,pathogenic,CRB2,1009.0
Q5IJ48,N1009G,0.6913,pathogenic,CRB2,1009.0
Q5IJ48,N1009H,0.5802,pathogenic,CRB2,1009.0
Q5IJ48,N1009I,0.8853,pathogenic,CRB2,1009.0
Q5IJ48,N1009K,0.7955,pathogenic,CRB2,1009.0
Q5IJ48,N1009L,0.8798,pathogenic,CRB2,1009.0
Q5IJ48,N1009M,0.932,pathogenic,CRB2,1009.0
Q5IJ48,N1009P,0.9061,pathogenic,CRB2,1009.0
Q5IJ48,N1009Q,0.8498,pathogenic,CRB2,1009.0
Q5IJ48,N1009R,0.742,pathogenic,CRB2,1009.0
Q5IJ48,N1009S,0.5308,ambiguous,CRB2,1009.0
Q5IJ48,N1009T,0.6917,pathogenic,CRB2,1009.0
Q5IJ48,N1009V,0.8772,pathogenic,CRB2,1009.0
Q5IJ48,N1009W,0.9757,pathogenic,CRB2,1009.0
Q5IJ48,N1009Y,0.6714,pathogenic,CRB2,1009.0
Q5IJ48,F1010A,0.9757,pathogenic,CRB2,1010.0
Q5IJ48,F1010C,0.9786,pathogenic,CRB2,1010.0
Q5IJ48,F1010D,0.9952,pathogenic,CRB2,1010.0
Q5IJ48,F1010E,0.997,pathogenic,CRB2,1010.0
Q5IJ48,F1010G,0.9859,pathogenic,CRB2,1010.0
Q5IJ48,F1010H,0.9676,pathogenic,CRB2,1010.0
Q5IJ48,F1010I,0.9082,pathogenic,CRB2,1010.0
Q5IJ48,F1010K,0.9976,pathogenic,CRB2,1010.0
Q5IJ48,F1010L,0.9749,pathogenic,CRB2,1010.0
Q5IJ48,F1010M,0.969,pathogenic,CRB2,1010.0
Q5IJ48,F1010N,0.9943,pathogenic,CRB2,1010.0
Q5IJ48,F1010P,0.999,pathogenic,CRB2,1010.0
Q5IJ48,F1010Q,0.994,pathogenic,CRB2,1010.0
Q5IJ48,F1010R,0.9845,pathogenic,CRB2,1010.0
Q5IJ48,F1010S,0.9826,pathogenic,CRB2,1010.0
Q5IJ48,F1010T,0.9836,pathogenic,CRB2,1010.0
Q5IJ48,F1010V,0.8183,pathogenic,CRB2,1010.0
Q5IJ48,F1010W,0.885,pathogenic,CRB2,1010.0
Q5IJ48,F1010Y,0.5509,ambiguous,CRB2,1010.0
Q5IJ48,T1011A,0.317,benign,CRB2,1011.0
Q5IJ48,T1011C,0.9148,pathogenic,CRB2,1011.0
Q5IJ48,T1011D,0.7586,pathogenic,CRB2,1011.0
Q5IJ48,T1011E,0.6827,pathogenic,CRB2,1011.0
Q5IJ48,T1011F,0.831,pathogenic,CRB2,1011.0
Q5IJ48,T1011G,0.5036,ambiguous,CRB2,1011.0
Q5IJ48,T1011H,0.5608,ambiguous,CRB2,1011.0
Q5IJ48,T1011I,0.8227,pathogenic,CRB2,1011.0
Q5IJ48,T1011K,0.5986,pathogenic,CRB2,1011.0
Q5IJ48,T1011L,0.4978,ambiguous,CRB2,1011.0
Q5IJ48,T1011M,0.552,ambiguous,CRB2,1011.0
Q5IJ48,T1011N,0.6553,pathogenic,CRB2,1011.0
Q5IJ48,T1011P,0.5499,ambiguous,CRB2,1011.0
Q5IJ48,T1011Q,0.5045,ambiguous,CRB2,1011.0
Q5IJ48,T1011R,0.3186,benign,CRB2,1011.0
Q5IJ48,T1011S,0.2349,benign,CRB2,1011.0
Q5IJ48,T1011V,0.6827,pathogenic,CRB2,1011.0
Q5IJ48,T1011W,0.8551,pathogenic,CRB2,1011.0
Q5IJ48,T1011Y,0.8702,pathogenic,CRB2,1011.0
Q5IJ48,G1012A,0.6685,pathogenic,CRB2,1012.0
Q5IJ48,G1012C,0.9654,pathogenic,CRB2,1012.0
Q5IJ48,G1012D,0.967,pathogenic,CRB2,1012.0
Q5IJ48,G1012E,0.9789,pathogenic,CRB2,1012.0
Q5IJ48,G1012F,0.9908,pathogenic,CRB2,1012.0
Q5IJ48,G1012H,0.9918,pathogenic,CRB2,1012.0
Q5IJ48,G1012I,0.9868,pathogenic,CRB2,1012.0
Q5IJ48,G1012K,0.996,pathogenic,CRB2,1012.0
Q5IJ48,G1012L,0.9803,pathogenic,CRB2,1012.0
Q5IJ48,G1012M,0.9968,pathogenic,CRB2,1012.0
Q5IJ48,G1012N,0.9895,pathogenic,CRB2,1012.0
Q5IJ48,G1012P,0.9919,pathogenic,CRB2,1012.0
Q5IJ48,G1012Q,0.9897,pathogenic,CRB2,1012.0
Q5IJ48,G1012R,0.9644,pathogenic,CRB2,1012.0
Q5IJ48,G1012S,0.7569,pathogenic,CRB2,1012.0
Q5IJ48,G1012T,0.9536,pathogenic,CRB2,1012.0
Q5IJ48,G1012V,0.9537,pathogenic,CRB2,1012.0
Q5IJ48,G1012W,0.979,pathogenic,CRB2,1012.0
Q5IJ48,G1012Y,0.9888,pathogenic,CRB2,1012.0
Q5IJ48,C1013A,0.9713,pathogenic,CRB2,1013.0
Q5IJ48,C1013D,0.9903,pathogenic,CRB2,1013.0
Q5IJ48,C1013E,0.994,pathogenic,CRB2,1013.0
Q5IJ48,C1013F,0.9321,pathogenic,CRB2,1013.0
Q5IJ48,C1013G,0.8864,pathogenic,CRB2,1013.0
Q5IJ48,C1013H,0.9865,pathogenic,CRB2,1013.0
Q5IJ48,C1013I,0.9841,pathogenic,CRB2,1013.0
Q5IJ48,C1013K,0.9981,pathogenic,CRB2,1013.0
Q5IJ48,C1013L,0.9545,pathogenic,CRB2,1013.0
Q5IJ48,C1013M,0.9925,pathogenic,CRB2,1013.0
Q5IJ48,C1013N,0.9911,pathogenic,CRB2,1013.0
Q5IJ48,C1013P,0.9897,pathogenic,CRB2,1013.0
Q5IJ48,C1013Q,0.9936,pathogenic,CRB2,1013.0
Q5IJ48,C1013R,0.9659,pathogenic,CRB2,1013.0
Q5IJ48,C1013S,0.9746,pathogenic,CRB2,1013.0
Q5IJ48,C1013T,0.99,pathogenic,CRB2,1013.0
Q5IJ48,C1013V,0.9694,pathogenic,CRB2,1013.0
Q5IJ48,C1013W,0.9565,pathogenic,CRB2,1013.0
Q5IJ48,C1013Y,0.9571,pathogenic,CRB2,1013.0
Q5IJ48,L1014A,0.6487,pathogenic,CRB2,1014.0
Q5IJ48,L1014C,0.9555,pathogenic,CRB2,1014.0
Q5IJ48,L1014D,0.9938,pathogenic,CRB2,1014.0
Q5IJ48,L1014E,0.953,pathogenic,CRB2,1014.0
Q5IJ48,L1014F,0.3795,ambiguous,CRB2,1014.0
Q5IJ48,L1014G,0.9052,pathogenic,CRB2,1014.0
Q5IJ48,L1014H,0.9401,pathogenic,CRB2,1014.0
Q5IJ48,L1014I,0.2002,benign,CRB2,1014.0
Q5IJ48,L1014K,0.9653,pathogenic,CRB2,1014.0
Q5IJ48,L1014M,0.4291,ambiguous,CRB2,1014.0
Q5IJ48,L1014N,0.9878,pathogenic,CRB2,1014.0
Q5IJ48,L1014P,0.8497,pathogenic,CRB2,1014.0
Q5IJ48,L1014Q,0.872,pathogenic,CRB2,1014.0
Q5IJ48,L1014R,0.8235,pathogenic,CRB2,1014.0
Q5IJ48,L1014S,0.9321,pathogenic,CRB2,1014.0
Q5IJ48,L1014T,0.7515,pathogenic,CRB2,1014.0
Q5IJ48,L1014V,0.183,benign,CRB2,1014.0
Q5IJ48,L1014W,0.759,pathogenic,CRB2,1014.0
Q5IJ48,L1014Y,0.9262,pathogenic,CRB2,1014.0
Q5IJ48,G1015A,0.3418,ambiguous,CRB2,1015.0
Q5IJ48,G1015C,0.8692,pathogenic,CRB2,1015.0
Q5IJ48,G1015D,0.6004,pathogenic,CRB2,1015.0
Q5IJ48,G1015E,0.6036,pathogenic,CRB2,1015.0
Q5IJ48,G1015F,0.9343,pathogenic,CRB2,1015.0
Q5IJ48,G1015H,0.8525,pathogenic,CRB2,1015.0
Q5IJ48,G1015I,0.9233,pathogenic,CRB2,1015.0
Q5IJ48,G1015K,0.9112,pathogenic,CRB2,1015.0
Q5IJ48,G1015L,0.7962,pathogenic,CRB2,1015.0
Q5IJ48,G1015M,0.9463,pathogenic,CRB2,1015.0
Q5IJ48,G1015N,0.8338,pathogenic,CRB2,1015.0
Q5IJ48,G1015P,0.9503,pathogenic,CRB2,1015.0
Q5IJ48,G1015Q,0.7303,pathogenic,CRB2,1015.0
Q5IJ48,G1015R,0.7152,pathogenic,CRB2,1015.0
Q5IJ48,G1015S,0.3225,benign,CRB2,1015.0
Q5IJ48,G1015T,0.7101,pathogenic,CRB2,1015.0
Q5IJ48,G1015V,0.7974,pathogenic,CRB2,1015.0
Q5IJ48,G1015W,0.8517,pathogenic,CRB2,1015.0
Q5IJ48,G1015Y,0.9111,pathogenic,CRB2,1015.0
Q5IJ48,R1016A,0.2829,benign,CRB2,1016.0
Q5IJ48,R1016C,0.5826,pathogenic,CRB2,1016.0
Q5IJ48,R1016D,0.4869,ambiguous,CRB2,1016.0
Q5IJ48,R1016E,0.2415,benign,CRB2,1016.0
Q5IJ48,R1016F,0.5874,pathogenic,CRB2,1016.0
Q5IJ48,R1016G,0.2245,benign,CRB2,1016.0
Q5IJ48,R1016H,0.1696,benign,CRB2,1016.0
Q5IJ48,R1016I,0.4621,ambiguous,CRB2,1016.0
Q5IJ48,R1016K,0.2506,benign,CRB2,1016.0
Q5IJ48,R1016L,0.2371,benign,CRB2,1016.0
Q5IJ48,R1016M,0.5311,ambiguous,CRB2,1016.0
Q5IJ48,R1016N,0.575,pathogenic,CRB2,1016.0
Q5IJ48,R1016P,0.291,benign,CRB2,1016.0
Q5IJ48,R1016Q,0.135,benign,CRB2,1016.0
Q5IJ48,R1016S,0.3673,ambiguous,CRB2,1016.0
Q5IJ48,R1016T,0.2584,benign,CRB2,1016.0
Q5IJ48,R1016V,0.3696,ambiguous,CRB2,1016.0
Q5IJ48,R1016W,0.2408,benign,CRB2,1016.0
Q5IJ48,R1016Y,0.529,ambiguous,CRB2,1016.0
Q5IJ48,V1017A,0.2384,benign,CRB2,1017.0
Q5IJ48,V1017C,0.968,pathogenic,CRB2,1017.0
Q5IJ48,V1017D,0.9146,pathogenic,CRB2,1017.0
Q5IJ48,V1017E,0.7773,pathogenic,CRB2,1017.0
Q5IJ48,V1017F,0.5766,pathogenic,CRB2,1017.0
Q5IJ48,V1017G,0.412,ambiguous,CRB2,1017.0
Q5IJ48,V1017H,0.9697,pathogenic,CRB2,1017.0
Q5IJ48,V1017I,0.1625,benign,CRB2,1017.0
Q5IJ48,V1017K,0.939,pathogenic,CRB2,1017.0
Q5IJ48,V1017L,0.3875,ambiguous,CRB2,1017.0
Q5IJ48,V1017M,0.5408,ambiguous,CRB2,1017.0
Q5IJ48,V1017N,0.9117,pathogenic,CRB2,1017.0
Q5IJ48,V1017P,0.7546,pathogenic,CRB2,1017.0
Q5IJ48,V1017Q,0.8607,pathogenic,CRB2,1017.0
Q5IJ48,V1017R,0.8516,pathogenic,CRB2,1017.0
Q5IJ48,V1017S,0.6587,pathogenic,CRB2,1017.0
Q5IJ48,V1017T,0.5209,ambiguous,CRB2,1017.0
Q5IJ48,V1017W,0.9616,pathogenic,CRB2,1017.0
Q5IJ48,V1017Y,0.9305,pathogenic,CRB2,1017.0
Q5IJ48,A1018C,0.6481,pathogenic,CRB2,1018.0
Q5IJ48,A1018D,0.2378,benign,CRB2,1018.0
Q5IJ48,A1018E,0.1752,benign,CRB2,1018.0
Q5IJ48,A1018F,0.2366,benign,CRB2,1018.0
Q5IJ48,A1018G,0.1439,benign,CRB2,1018.0
Q5IJ48,A1018H,0.3593,ambiguous,CRB2,1018.0
Q5IJ48,A1018I,0.3056,benign,CRB2,1018.0
Q5IJ48,A1018K,0.5437,ambiguous,CRB2,1018.0
Q5IJ48,A1018L,0.1736,benign,CRB2,1018.0
Q5IJ48,A1018M,0.3012,benign,CRB2,1018.0
Q5IJ48,A1018N,0.3399,benign,CRB2,1018.0
Q5IJ48,A1018P,0.7183,pathogenic,CRB2,1018.0
Q5IJ48,A1018Q,0.247,benign,CRB2,1018.0
Q5IJ48,A1018R,0.2592,benign,CRB2,1018.0
Q5IJ48,A1018S,0.0886,benign,CRB2,1018.0
Q5IJ48,A1018T,0.1043,benign,CRB2,1018.0
Q5IJ48,A1018V,0.1247,benign,CRB2,1018.0
Q5IJ48,A1018W,0.5401,ambiguous,CRB2,1018.0
Q5IJ48,A1018Y,0.4495,ambiguous,CRB2,1018.0
Q5IJ48,L1019A,0.3042,benign,CRB2,1019.0
Q5IJ48,L1019C,0.789,pathogenic,CRB2,1019.0
Q5IJ48,L1019D,0.9342,pathogenic,CRB2,1019.0
Q5IJ48,L1019E,0.762,pathogenic,CRB2,1019.0
Q5IJ48,L1019F,0.1981,benign,CRB2,1019.0
Q5IJ48,L1019G,0.6622,pathogenic,CRB2,1019.0
Q5IJ48,L1019H,0.7873,pathogenic,CRB2,1019.0
Q5IJ48,L1019I,0.0928,benign,CRB2,1019.0
Q5IJ48,L1019K,0.8452,pathogenic,CRB2,1019.0
Q5IJ48,L1019M,0.233,benign,CRB2,1019.0
Q5IJ48,L1019N,0.8952,pathogenic,CRB2,1019.0
Q5IJ48,L1019P,0.485,ambiguous,CRB2,1019.0
Q5IJ48,L1019Q,0.6442,pathogenic,CRB2,1019.0
Q5IJ48,L1019R,0.601,pathogenic,CRB2,1019.0
Q5IJ48,L1019S,0.66,pathogenic,CRB2,1019.0
Q5IJ48,L1019T,0.4582,ambiguous,CRB2,1019.0
Q5IJ48,L1019V,0.0734,benign,CRB2,1019.0
Q5IJ48,L1019W,0.4337,ambiguous,CRB2,1019.0
Q5IJ48,L1019Y,0.7194,pathogenic,CRB2,1019.0
Q5IJ48,G1020A,0.2203,benign,CRB2,1020.0
Q5IJ48,G1020C,0.6638,pathogenic,CRB2,1020.0
Q5IJ48,G1020D,0.366,ambiguous,CRB2,1020.0
Q5IJ48,G1020E,0.5242,ambiguous,CRB2,1020.0
Q5IJ48,G1020F,0.8504,pathogenic,CRB2,1020.0
Q5IJ48,G1020H,0.7718,pathogenic,CRB2,1020.0
Q5IJ48,G1020I,0.8501,pathogenic,CRB2,1020.0
Q5IJ48,G1020K,0.898,pathogenic,CRB2,1020.0
Q5IJ48,G1020L,0.6757,pathogenic,CRB2,1020.0
Q5IJ48,G1020M,0.8896,pathogenic,CRB2,1020.0
Q5IJ48,G1020N,0.676,pathogenic,CRB2,1020.0
Q5IJ48,G1020P,0.7806,pathogenic,CRB2,1020.0
Q5IJ48,G1020Q,0.694,pathogenic,CRB2,1020.0
Q5IJ48,G1020R,0.6775,pathogenic,CRB2,1020.0
Q5IJ48,G1020S,0.2526,benign,CRB2,1020.0
Q5IJ48,G1020T,0.5918,pathogenic,CRB2,1020.0
Q5IJ48,G1020V,0.6886,pathogenic,CRB2,1020.0
Q5IJ48,G1020W,0.6846,pathogenic,CRB2,1020.0
Q5IJ48,G1020Y,0.8085,pathogenic,CRB2,1020.0
Q5IJ48,G1021A,0.1421,benign,CRB2,1021.0
Q5IJ48,G1021C,0.4013,ambiguous,CRB2,1021.0
Q5IJ48,G1021D,0.0971,benign,CRB2,1021.0
Q5IJ48,G1021E,0.1458,benign,CRB2,1021.0
Q5IJ48,G1021F,0.444,ambiguous,CRB2,1021.0
Q5IJ48,G1021H,0.2696,benign,CRB2,1021.0
Q5IJ48,G1021I,0.3818,ambiguous,CRB2,1021.0
Q5IJ48,G1021K,0.4842,ambiguous,CRB2,1021.0
Q5IJ48,G1021L,0.3485,ambiguous,CRB2,1021.0
Q5IJ48,G1021M,0.5284,ambiguous,CRB2,1021.0
Q5IJ48,G1021N,0.2124,benign,CRB2,1021.0
Q5IJ48,G1021P,0.4224,ambiguous,CRB2,1021.0
Q5IJ48,G1021Q,0.2598,benign,CRB2,1021.0
Q5IJ48,G1021R,0.2387,benign,CRB2,1021.0
Q5IJ48,G1021S,0.0965,benign,CRB2,1021.0
Q5IJ48,G1021T,0.1869,benign,CRB2,1021.0
Q5IJ48,G1021V,0.2456,benign,CRB2,1021.0
Q5IJ48,G1021W,0.3207,benign,CRB2,1021.0
Q5IJ48,G1021Y,0.3783,ambiguous,CRB2,1021.0
Q5IJ48,L1022A,0.2485,benign,CRB2,1022.0
Q5IJ48,L1022C,0.6308,pathogenic,CRB2,1022.0
Q5IJ48,L1022D,0.5276,ambiguous,CRB2,1022.0
Q5IJ48,L1022E,0.2405,benign,CRB2,1022.0
Q5IJ48,L1022F,0.1066,benign,CRB2,1022.0
Q5IJ48,L1022G,0.3799,ambiguous,CRB2,1022.0
Q5IJ48,L1022H,0.1784,benign,CRB2,1022.0
Q5IJ48,L1022I,0.1192,benign,CRB2,1022.0
Q5IJ48,L1022K,0.2719,benign,CRB2,1022.0
Q5IJ48,L1022M,0.1882,benign,CRB2,1022.0
Q5IJ48,L1022N,0.3796,ambiguous,CRB2,1022.0
Q5IJ48,L1022P,0.3957,ambiguous,CRB2,1022.0
Q5IJ48,L1022Q,0.1246,benign,CRB2,1022.0
Q5IJ48,L1022R,0.1111,benign,CRB2,1022.0
Q5IJ48,L1022S,0.2864,benign,CRB2,1022.0
Q5IJ48,L1022T,0.2907,benign,CRB2,1022.0
Q5IJ48,L1022V,0.1104,benign,CRB2,1022.0
Q5IJ48,L1022W,0.1559,benign,CRB2,1022.0
Q5IJ48,L1022Y,0.2675,benign,CRB2,1022.0
Q5IJ48,P1023A,0.1198,benign,CRB2,1023.0
Q5IJ48,P1023C,0.7641,pathogenic,CRB2,1023.0
Q5IJ48,P1023D,0.5685,pathogenic,CRB2,1023.0
Q5IJ48,P1023E,0.4645,ambiguous,CRB2,1023.0
Q5IJ48,P1023F,0.4874,ambiguous,CRB2,1023.0
Q5IJ48,P1023G,0.3738,ambiguous,CRB2,1023.0
Q5IJ48,P1023H,0.3254,benign,CRB2,1023.0
Q5IJ48,P1023I,0.4843,ambiguous,CRB2,1023.0
Q5IJ48,P1023K,0.7051,pathogenic,CRB2,1023.0
Q5IJ48,P1023L,0.1937,benign,CRB2,1023.0
Q5IJ48,P1023M,0.6228,pathogenic,CRB2,1023.0
Q5IJ48,P1023N,0.6306,pathogenic,CRB2,1023.0
Q5IJ48,P1023Q,0.3507,ambiguous,CRB2,1023.0
Q5IJ48,P1023R,0.3046,benign,CRB2,1023.0
Q5IJ48,P1023S,0.1909,benign,CRB2,1023.0
Q5IJ48,P1023T,0.2416,benign,CRB2,1023.0
Q5IJ48,P1023V,0.2699,benign,CRB2,1023.0
Q5IJ48,P1023W,0.5674,pathogenic,CRB2,1023.0
Q5IJ48,P1023Y,0.4878,ambiguous,CRB2,1023.0
Q5IJ48,L1024A,0.7149,pathogenic,CRB2,1024.0
Q5IJ48,L1024C,0.943,pathogenic,CRB2,1024.0
Q5IJ48,L1024D,0.9887,pathogenic,CRB2,1024.0
Q5IJ48,L1024E,0.9266,pathogenic,CRB2,1024.0
Q5IJ48,L1024F,0.3624,ambiguous,CRB2,1024.0
Q5IJ48,L1024G,0.8961,pathogenic,CRB2,1024.0
Q5IJ48,L1024H,0.9163,pathogenic,CRB2,1024.0
Q5IJ48,L1024I,0.2341,benign,CRB2,1024.0
Q5IJ48,L1024K,0.9381,pathogenic,CRB2,1024.0
Q5IJ48,L1024M,0.4088,ambiguous,CRB2,1024.0
Q5IJ48,L1024N,0.9712,pathogenic,CRB2,1024.0
Q5IJ48,L1024P,0.7467,pathogenic,CRB2,1024.0
Q5IJ48,L1024Q,0.8209,pathogenic,CRB2,1024.0
Q5IJ48,L1024R,0.8004,pathogenic,CRB2,1024.0
Q5IJ48,L1024S,0.91,pathogenic,CRB2,1024.0
Q5IJ48,L1024T,0.864,pathogenic,CRB2,1024.0
Q5IJ48,L1024V,0.1978,benign,CRB2,1024.0
Q5IJ48,L1024W,0.7353,pathogenic,CRB2,1024.0
Q5IJ48,L1024Y,0.8717,pathogenic,CRB2,1024.0
Q5IJ48,P1025A,0.1032,benign,CRB2,1025.0
Q5IJ48,P1025C,0.7986,pathogenic,CRB2,1025.0
Q5IJ48,P1025D,0.6249,pathogenic,CRB2,1025.0
Q5IJ48,P1025E,0.4586,ambiguous,CRB2,1025.0
Q5IJ48,P1025F,0.6786,pathogenic,CRB2,1025.0
Q5IJ48,P1025G,0.3561,ambiguous,CRB2,1025.0
Q5IJ48,P1025H,0.4012,ambiguous,CRB2,1025.0
Q5IJ48,P1025I,0.6307,pathogenic,CRB2,1025.0
Q5IJ48,P1025K,0.6778,pathogenic,CRB2,1025.0
Q5IJ48,P1025L,0.268,benign,CRB2,1025.0
Q5IJ48,P1025M,0.6917,pathogenic,CRB2,1025.0
Q5IJ48,P1025N,0.6705,pathogenic,CRB2,1025.0
Q5IJ48,P1025Q,0.3227,benign,CRB2,1025.0
Q5IJ48,P1025R,0.2795,benign,CRB2,1025.0
Q5IJ48,P1025S,0.1819,benign,CRB2,1025.0
Q5IJ48,P1025T,0.2648,benign,CRB2,1025.0
Q5IJ48,P1025V,0.3518,ambiguous,CRB2,1025.0
Q5IJ48,P1025W,0.7177,pathogenic,CRB2,1025.0
Q5IJ48,P1025Y,0.6617,pathogenic,CRB2,1025.0
Q5IJ48,L1026A,0.4223,ambiguous,CRB2,1026.0
Q5IJ48,L1026C,0.8921,pathogenic,CRB2,1026.0
Q5IJ48,L1026D,0.9218,pathogenic,CRB2,1026.0
Q5IJ48,L1026E,0.7023,pathogenic,CRB2,1026.0
Q5IJ48,L1026F,0.1263,benign,CRB2,1026.0
Q5IJ48,L1026G,0.6244,pathogenic,CRB2,1026.0
Q5IJ48,L1026H,0.7011,pathogenic,CRB2,1026.0
Q5IJ48,L1026I,0.211,benign,CRB2,1026.0
Q5IJ48,L1026K,0.7974,pathogenic,CRB2,1026.0
Q5IJ48,L1026M,0.2535,benign,CRB2,1026.0
Q5IJ48,L1026N,0.8783,pathogenic,CRB2,1026.0
Q5IJ48,L1026P,0.3445,ambiguous,CRB2,1026.0
Q5IJ48,L1026Q,0.5224,ambiguous,CRB2,1026.0
Q5IJ48,L1026R,0.5134,ambiguous,CRB2,1026.0
Q5IJ48,L1026S,0.6687,pathogenic,CRB2,1026.0
Q5IJ48,L1026T,0.5471,ambiguous,CRB2,1026.0
Q5IJ48,L1026V,0.1607,benign,CRB2,1026.0
Q5IJ48,L1026W,0.2971,benign,CRB2,1026.0
Q5IJ48,L1026Y,0.6003,pathogenic,CRB2,1026.0
Q5IJ48,A1027C,0.6332,pathogenic,CRB2,1027.0
Q5IJ48,A1027D,0.3288,benign,CRB2,1027.0
Q5IJ48,A1027E,0.2908,benign,CRB2,1027.0
Q5IJ48,A1027F,0.3393,benign,CRB2,1027.0
Q5IJ48,A1027G,0.088,benign,CRB2,1027.0
Q5IJ48,A1027H,0.4804,ambiguous,CRB2,1027.0
Q5IJ48,A1027I,0.4128,ambiguous,CRB2,1027.0
Q5IJ48,A1027K,0.6623,pathogenic,CRB2,1027.0
Q5IJ48,A1027L,0.1991,benign,CRB2,1027.0
Q5IJ48,A1027M,0.486,ambiguous,CRB2,1027.0
Q5IJ48,A1027N,0.4628,ambiguous,CRB2,1027.0
Q5IJ48,A1027P,0.2366,benign,CRB2,1027.0
Q5IJ48,A1027Q,0.3596,ambiguous,CRB2,1027.0
Q5IJ48,A1027R,0.3577,ambiguous,CRB2,1027.0
Q5IJ48,A1027S,0.1125,benign,CRB2,1027.0
Q5IJ48,A1027T,0.1566,benign,CRB2,1027.0
Q5IJ48,A1027V,0.1648,benign,CRB2,1027.0
Q5IJ48,A1027W,0.5583,ambiguous,CRB2,1027.0
Q5IJ48,A1027Y,0.4896,ambiguous,CRB2,1027.0
Q5IJ48,R1028A,0.0858,benign,CRB2,1028.0
Q5IJ48,R1028C,0.3641,ambiguous,CRB2,1028.0
Q5IJ48,R1028D,0.1741,benign,CRB2,1028.0
Q5IJ48,R1028E,0.1293,benign,CRB2,1028.0
Q5IJ48,R1028F,0.2138,benign,CRB2,1028.0
Q5IJ48,R1028G,0.0637,benign,CRB2,1028.0
Q5IJ48,R1028H,0.1083,benign,CRB2,1028.0
Q5IJ48,R1028I,0.184,benign,CRB2,1028.0
Q5IJ48,R1028K,0.1528,benign,CRB2,1028.0
Q5IJ48,R1028L,0.086,benign,CRB2,1028.0
Q5IJ48,R1028M,0.244,benign,CRB2,1028.0
Q5IJ48,R1028N,0.2305,benign,CRB2,1028.0
Q5IJ48,R1028P,0.0731,benign,CRB2,1028.0
Q5IJ48,R1028Q,0.0972,benign,CRB2,1028.0
Q5IJ48,R1028S,0.1037,benign,CRB2,1028.0
Q5IJ48,R1028T,0.1053,benign,CRB2,1028.0
Q5IJ48,R1028V,0.1399,benign,CRB2,1028.0
Q5IJ48,R1028W,0.1283,benign,CRB2,1028.0
Q5IJ48,R1028Y,0.2367,benign,CRB2,1028.0
Q5IJ48,P1029A,0.0783,benign,CRB2,1029.0
Q5IJ48,P1029C,0.6269,pathogenic,CRB2,1029.0
Q5IJ48,P1029D,0.2953,benign,CRB2,1029.0
Q5IJ48,P1029E,0.1682,benign,CRB2,1029.0
Q5IJ48,P1029F,0.3443,ambiguous,CRB2,1029.0
Q5IJ48,P1029G,0.1527,benign,CRB2,1029.0
Q5IJ48,P1029H,0.1945,benign,CRB2,1029.0
Q5IJ48,P1029I,0.2958,benign,CRB2,1029.0
Q5IJ48,P1029K,0.319,benign,CRB2,1029.0
Q5IJ48,P1029L,0.126,benign,CRB2,1029.0
Q5IJ48,P1029M,0.3611,ambiguous,CRB2,1029.0
Q5IJ48,P1029N,0.3364,benign,CRB2,1029.0
Q5IJ48,P1029Q,0.133,benign,CRB2,1029.0
Q5IJ48,P1029R,0.1228,benign,CRB2,1029.0
Q5IJ48,P1029S,0.1086,benign,CRB2,1029.0
Q5IJ48,P1029T,0.1167,benign,CRB2,1029.0
Q5IJ48,P1029V,0.1658,benign,CRB2,1029.0
Q5IJ48,P1029W,0.3524,ambiguous,CRB2,1029.0
Q5IJ48,P1029Y,0.3673,ambiguous,CRB2,1029.0
Q5IJ48,R1030A,0.1344,benign,CRB2,1030.0
Q5IJ48,R1030C,0.3863,ambiguous,CRB2,1030.0
Q5IJ48,R1030D,0.3036,benign,CRB2,1030.0
Q5IJ48,R1030E,0.1767,benign,CRB2,1030.0
Q5IJ48,R1030F,0.2783,benign,CRB2,1030.0
Q5IJ48,R1030G,0.0938,benign,CRB2,1030.0
Q5IJ48,R1030H,0.1446,benign,CRB2,1030.0
Q5IJ48,R1030I,0.1954,benign,CRB2,1030.0
Q5IJ48,R1030K,0.166,benign,CRB2,1030.0
Q5IJ48,R1030L,0.0959,benign,CRB2,1030.0
Q5IJ48,R1030M,0.2897,benign,CRB2,1030.0
Q5IJ48,R1030N,0.3741,ambiguous,CRB2,1030.0
Q5IJ48,R1030P,0.1211,benign,CRB2,1030.0
Q5IJ48,R1030Q,0.11,benign,CRB2,1030.0
Q5IJ48,R1030S,0.1836,benign,CRB2,1030.0
Q5IJ48,R1030T,0.1542,benign,CRB2,1030.0
Q5IJ48,R1030V,0.1654,benign,CRB2,1030.0
Q5IJ48,R1030W,0.1476,benign,CRB2,1030.0
Q5IJ48,R1030Y,0.2994,benign,CRB2,1030.0
Q5IJ48,P1031A,0.0574,benign,CRB2,1031.0
Q5IJ48,P1031C,0.5418,ambiguous,CRB2,1031.0
Q5IJ48,P1031D,0.1765,benign,CRB2,1031.0
Q5IJ48,P1031E,0.1122,benign,CRB2,1031.0
Q5IJ48,P1031F,0.258,benign,CRB2,1031.0
Q5IJ48,P1031G,0.1212,benign,CRB2,1031.0
Q5IJ48,P1031H,0.1258,benign,CRB2,1031.0
Q5IJ48,P1031I,0.2231,benign,CRB2,1031.0
Q5IJ48,P1031K,0.2051,benign,CRB2,1031.0
Q5IJ48,P1031L,0.0928,benign,CRB2,1031.0
Q5IJ48,P1031M,0.2654,benign,CRB2,1031.0
Q5IJ48,P1031N,0.232,benign,CRB2,1031.0
Q5IJ48,P1031Q,0.0943,benign,CRB2,1031.0
Q5IJ48,P1031R,0.0789,benign,CRB2,1031.0
Q5IJ48,P1031S,0.0809,benign,CRB2,1031.0
Q5IJ48,P1031T,0.081,benign,CRB2,1031.0
Q5IJ48,P1031V,0.1319,benign,CRB2,1031.0
Q5IJ48,P1031W,0.2564,benign,CRB2,1031.0
Q5IJ48,P1031Y,0.2823,benign,CRB2,1031.0
Q5IJ48,G1032A,0.0824,benign,CRB2,1032.0
Q5IJ48,G1032C,0.3785,ambiguous,CRB2,1032.0
Q5IJ48,G1032D,0.0848,benign,CRB2,1032.0
Q5IJ48,G1032E,0.095,benign,CRB2,1032.0
Q5IJ48,G1032F,0.3229,benign,CRB2,1032.0
Q5IJ48,G1032H,0.2184,benign,CRB2,1032.0
Q5IJ48,G1032I,0.229,benign,CRB2,1032.0
Q5IJ48,G1032K,0.2875,benign,CRB2,1032.0
Q5IJ48,G1032L,0.2247,benign,CRB2,1032.0
Q5IJ48,G1032M,0.3761,ambiguous,CRB2,1032.0
Q5IJ48,G1032N,0.2219,benign,CRB2,1032.0
Q5IJ48,G1032P,0.2403,benign,CRB2,1032.0
Q5IJ48,G1032Q,0.1861,benign,CRB2,1032.0
Q5IJ48,G1032R,0.1546,benign,CRB2,1032.0
Q5IJ48,G1032S,0.108,benign,CRB2,1032.0
Q5IJ48,G1032T,0.1246,benign,CRB2,1032.0
Q5IJ48,G1032V,0.1261,benign,CRB2,1032.0
Q5IJ48,G1032W,0.21,benign,CRB2,1032.0
Q5IJ48,G1032Y,0.279,benign,CRB2,1032.0
Q5IJ48,A1033C,0.5032,ambiguous,CRB2,1033.0
Q5IJ48,A1033D,0.1197,benign,CRB2,1033.0
Q5IJ48,A1033E,0.0984,benign,CRB2,1033.0
Q5IJ48,A1033F,0.1722,benign,CRB2,1033.0
Q5IJ48,A1033G,0.0794,benign,CRB2,1033.0
Q5IJ48,A1033H,0.2334,benign,CRB2,1033.0
Q5IJ48,A1033I,0.1659,benign,CRB2,1033.0
Q5IJ48,A1033K,0.2429,benign,CRB2,1033.0
Q5IJ48,A1033L,0.1021,benign,CRB2,1033.0
Q5IJ48,A1033M,0.1787,benign,CRB2,1033.0
Q5IJ48,A1033N,0.1892,benign,CRB2,1033.0
Q5IJ48,A1033P,0.0951,benign,CRB2,1033.0
Q5IJ48,A1033Q,0.1558,benign,CRB2,1033.0
Q5IJ48,A1033R,0.1433,benign,CRB2,1033.0
Q5IJ48,A1033S,0.0879,benign,CRB2,1033.0
Q5IJ48,A1033T,0.0802,benign,CRB2,1033.0
Q5IJ48,A1033V,0.0796,benign,CRB2,1033.0
Q5IJ48,A1033W,0.3213,benign,CRB2,1033.0
Q5IJ48,A1033Y,0.2864,benign,CRB2,1033.0
Q5IJ48,A1034C,0.4489,ambiguous,CRB2,1034.0
Q5IJ48,A1034D,0.1106,benign,CRB2,1034.0
Q5IJ48,A1034E,0.0949,benign,CRB2,1034.0
Q5IJ48,A1034F,0.1319,benign,CRB2,1034.0
Q5IJ48,A1034G,0.0775,benign,CRB2,1034.0
Q5IJ48,A1034H,0.179,benign,CRB2,1034.0
Q5IJ48,A1034I,0.1302,benign,CRB2,1034.0
Q5IJ48,A1034K,0.1896,benign,CRB2,1034.0
Q5IJ48,A1034L,0.079,benign,CRB2,1034.0
Q5IJ48,A1034M,0.1613,benign,CRB2,1034.0
Q5IJ48,A1034N,0.1537,benign,CRB2,1034.0
Q5IJ48,A1034P,0.0618,benign,CRB2,1034.0
Q5IJ48,A1034Q,0.1226,benign,CRB2,1034.0
Q5IJ48,A1034R,0.1092,benign,CRB2,1034.0
Q5IJ48,A1034S,0.0747,benign,CRB2,1034.0
Q5IJ48,A1034T,0.0737,benign,CRB2,1034.0
Q5IJ48,A1034V,0.0748,benign,CRB2,1034.0
Q5IJ48,A1034W,0.2565,benign,CRB2,1034.0
Q5IJ48,A1034Y,0.2234,benign,CRB2,1034.0
Q5IJ48,P1035A,0.0525,benign,CRB2,1035.0
Q5IJ48,P1035C,0.4963,ambiguous,CRB2,1035.0
Q5IJ48,P1035D,0.1922,benign,CRB2,1035.0
Q5IJ48,P1035E,0.1196,benign,CRB2,1035.0
Q5IJ48,P1035F,0.2361,benign,CRB2,1035.0
Q5IJ48,P1035G,0.1108,benign,CRB2,1035.0
Q5IJ48,P1035H,0.1311,benign,CRB2,1035.0
Q5IJ48,P1035I,0.2073,benign,CRB2,1035.0
Q5IJ48,P1035K,0.1924,benign,CRB2,1035.0
Q5IJ48,P1035L,0.0833,benign,CRB2,1035.0
Q5IJ48,P1035M,0.2435,benign,CRB2,1035.0
Q5IJ48,P1035N,0.2361,benign,CRB2,1035.0
Q5IJ48,P1035Q,0.0949,benign,CRB2,1035.0
Q5IJ48,P1035R,0.0758,benign,CRB2,1035.0
Q5IJ48,P1035S,0.0752,benign,CRB2,1035.0
Q5IJ48,P1035T,0.071,benign,CRB2,1035.0
Q5IJ48,P1035V,0.1198,benign,CRB2,1035.0
Q5IJ48,P1035W,0.2387,benign,CRB2,1035.0
Q5IJ48,P1035Y,0.2846,benign,CRB2,1035.0
Q5IJ48,G1036A,0.0699,benign,CRB2,1036.0
Q5IJ48,G1036C,0.3284,benign,CRB2,1036.0
Q5IJ48,G1036D,0.1072,benign,CRB2,1036.0
Q5IJ48,G1036E,0.0971,benign,CRB2,1036.0
Q5IJ48,G1036F,0.2936,benign,CRB2,1036.0
Q5IJ48,G1036H,0.2176,benign,CRB2,1036.0
Q5IJ48,G1036I,0.1933,benign,CRB2,1036.0
Q5IJ48,G1036K,0.2762,benign,CRB2,1036.0
Q5IJ48,G1036L,0.1787,benign,CRB2,1036.0
Q5IJ48,G1036M,0.3214,benign,CRB2,1036.0
Q5IJ48,G1036N,0.2344,benign,CRB2,1036.0
Q5IJ48,G1036P,0.1673,benign,CRB2,1036.0
Q5IJ48,G1036Q,0.1805,benign,CRB2,1036.0
Q5IJ48,G1036R,0.1468,benign,CRB2,1036.0
Q5IJ48,G1036S,0.095,benign,CRB2,1036.0
Q5IJ48,G1036T,0.1067,benign,CRB2,1036.0
Q5IJ48,G1036V,0.1054,benign,CRB2,1036.0
Q5IJ48,G1036W,0.184,benign,CRB2,1036.0
Q5IJ48,G1036Y,0.2701,benign,CRB2,1036.0
Q5IJ48,A1037C,0.3997,ambiguous,CRB2,1037.0
Q5IJ48,A1037D,0.1137,benign,CRB2,1037.0
Q5IJ48,A1037E,0.0944,benign,CRB2,1037.0
Q5IJ48,A1037F,0.1489,benign,CRB2,1037.0
Q5IJ48,A1037G,0.0724,benign,CRB2,1037.0
Q5IJ48,A1037H,0.1786,benign,CRB2,1037.0
Q5IJ48,A1037I,0.1691,benign,CRB2,1037.0
Q5IJ48,A1037K,0.2103,benign,CRB2,1037.0
Q5IJ48,A1037L,0.0937,benign,CRB2,1037.0
Q5IJ48,A1037M,0.1921,benign,CRB2,1037.0
Q5IJ48,A1037N,0.1494,benign,CRB2,1037.0
Q5IJ48,A1037P,0.0494,benign,CRB2,1037.0
Q5IJ48,A1037Q,0.1178,benign,CRB2,1037.0
Q5IJ48,A1037R,0.1159,benign,CRB2,1037.0
Q5IJ48,A1037S,0.0668,benign,CRB2,1037.0
Q5IJ48,A1037T,0.0747,benign,CRB2,1037.0
Q5IJ48,A1037V,0.0903,benign,CRB2,1037.0
Q5IJ48,A1037W,0.2396,benign,CRB2,1037.0
Q5IJ48,A1037Y,0.2334,benign,CRB2,1037.0
Q5IJ48,R1038A,0.1121,benign,CRB2,1038.0
Q5IJ48,R1038C,0.4319,ambiguous,CRB2,1038.0
Q5IJ48,R1038D,0.2513,benign,CRB2,1038.0
Q5IJ48,R1038E,0.1435,benign,CRB2,1038.0
Q5IJ48,R1038F,0.3759,ambiguous,CRB2,1038.0
Q5IJ48,R1038G,0.0744,benign,CRB2,1038.0
Q5IJ48,R1038H,0.1506,benign,CRB2,1038.0
Q5IJ48,R1038I,0.2643,benign,CRB2,1038.0
Q5IJ48,R1038K,0.1523,benign,CRB2,1038.0
Q5IJ48,R1038L,0.1292,benign,CRB2,1038.0
Q5IJ48,R1038M,0.305,benign,CRB2,1038.0
Q5IJ48,R1038N,0.3622,ambiguous,CRB2,1038.0
Q5IJ48,R1038P,0.0927,benign,CRB2,1038.0
Q5IJ48,R1038Q,0.0988,benign,CRB2,1038.0
Q5IJ48,R1038S,0.1705,benign,CRB2,1038.0
Q5IJ48,R1038T,0.1239,benign,CRB2,1038.0
Q5IJ48,R1038V,0.2002,benign,CRB2,1038.0
Q5IJ48,R1038W,0.1541,benign,CRB2,1038.0
Q5IJ48,R1038Y,0.3763,ambiguous,CRB2,1038.0
Q5IJ48,E1039A,0.199,benign,CRB2,1039.0
Q5IJ48,E1039C,0.9132,pathogenic,CRB2,1039.0
Q5IJ48,E1039D,0.3427,ambiguous,CRB2,1039.0
Q5IJ48,E1039F,0.7638,pathogenic,CRB2,1039.0
Q5IJ48,E1039G,0.1726,benign,CRB2,1039.0
Q5IJ48,E1039H,0.538,ambiguous,CRB2,1039.0
Q5IJ48,E1039I,0.6554,pathogenic,CRB2,1039.0
Q5IJ48,E1039K,0.401,ambiguous,CRB2,1039.0
Q5IJ48,E1039L,0.5002,ambiguous,CRB2,1039.0
Q5IJ48,E1039M,0.7287,pathogenic,CRB2,1039.0
Q5IJ48,E1039N,0.5722,pathogenic,CRB2,1039.0
Q5IJ48,E1039P,0.3528,ambiguous,CRB2,1039.0
Q5IJ48,E1039Q,0.1557,benign,CRB2,1039.0
Q5IJ48,E1039R,0.3036,benign,CRB2,1039.0
Q5IJ48,E1039S,0.3139,benign,CRB2,1039.0
Q5IJ48,E1039T,0.4057,ambiguous,CRB2,1039.0
Q5IJ48,E1039V,0.387,ambiguous,CRB2,1039.0
Q5IJ48,E1039W,0.8157,pathogenic,CRB2,1039.0
Q5IJ48,E1039Y,0.684,pathogenic,CRB2,1039.0
Q5IJ48,H1040A,0.157,benign,CRB2,1040.0
Q5IJ48,H1040C,0.3775,ambiguous,CRB2,1040.0
Q5IJ48,H1040D,0.1774,benign,CRB2,1040.0
Q5IJ48,H1040E,0.2331,benign,CRB2,1040.0
Q5IJ48,H1040F,0.2334,benign,CRB2,1040.0
Q5IJ48,H1040G,0.1711,benign,CRB2,1040.0
Q5IJ48,H1040I,0.2722,benign,CRB2,1040.0
Q5IJ48,H1040K,0.3013,benign,CRB2,1040.0
Q5IJ48,H1040L,0.122,benign,CRB2,1040.0
Q5IJ48,H1040M,0.487,ambiguous,CRB2,1040.0
Q5IJ48,H1040N,0.1242,benign,CRB2,1040.0
Q5IJ48,H1040P,0.1087,benign,CRB2,1040.0
Q5IJ48,H1040Q,0.1584,benign,CRB2,1040.0
Q5IJ48,H1040R,0.0841,benign,CRB2,1040.0
Q5IJ48,H1040S,0.1563,benign,CRB2,1040.0
Q5IJ48,H1040T,0.1966,benign,CRB2,1040.0
Q5IJ48,H1040V,0.192,benign,CRB2,1040.0
Q5IJ48,H1040W,0.245,benign,CRB2,1040.0
Q5IJ48,H1040Y,0.1056,benign,CRB2,1040.0
Q5IJ48,F1041A,0.8577,pathogenic,CRB2,1041.0
Q5IJ48,F1041C,0.9588,pathogenic,CRB2,1041.0
Q5IJ48,F1041D,0.9662,pathogenic,CRB2,1041.0
Q5IJ48,F1041E,0.9649,pathogenic,CRB2,1041.0
Q5IJ48,F1041G,0.9136,pathogenic,CRB2,1041.0
Q5IJ48,F1041H,0.903,pathogenic,CRB2,1041.0
Q5IJ48,F1041I,0.6847,pathogenic,CRB2,1041.0
Q5IJ48,F1041K,0.9811,pathogenic,CRB2,1041.0
Q5IJ48,F1041L,0.9107,pathogenic,CRB2,1041.0
Q5IJ48,F1041M,0.9183,pathogenic,CRB2,1041.0
Q5IJ48,F1041N,0.9746,pathogenic,CRB2,1041.0
Q5IJ48,F1041P,0.9486,pathogenic,CRB2,1041.0
Q5IJ48,F1041Q,0.955,pathogenic,CRB2,1041.0
Q5IJ48,F1041R,0.9098,pathogenic,CRB2,1041.0
Q5IJ48,F1041S,0.9061,pathogenic,CRB2,1041.0
Q5IJ48,F1041T,0.9158,pathogenic,CRB2,1041.0
Q5IJ48,F1041V,0.6016,pathogenic,CRB2,1041.0
Q5IJ48,F1041W,0.6569,pathogenic,CRB2,1041.0
Q5IJ48,F1041Y,0.529,ambiguous,CRB2,1041.0
Q5IJ48,A1042C,0.4456,ambiguous,CRB2,1042.0
Q5IJ48,A1042D,0.128,benign,CRB2,1042.0
Q5IJ48,A1042E,0.1031,benign,CRB2,1042.0
Q5IJ48,A1042F,0.1512,benign,CRB2,1042.0
Q5IJ48,A1042G,0.0884,benign,CRB2,1042.0
Q5IJ48,A1042H,0.2076,benign,CRB2,1042.0
Q5IJ48,A1042I,0.1521,benign,CRB2,1042.0
Q5IJ48,A1042K,0.3147,benign,CRB2,1042.0
Q5IJ48,A1042L,0.0965,benign,CRB2,1042.0
Q5IJ48,A1042M,0.2153,benign,CRB2,1042.0
Q5IJ48,A1042N,0.2172,benign,CRB2,1042.0
Q5IJ48,A1042P,0.1595,benign,CRB2,1042.0
Q5IJ48,A1042Q,0.1518,benign,CRB2,1042.0
Q5IJ48,A1042R,0.1494,benign,CRB2,1042.0
Q5IJ48,A1042S,0.0828,benign,CRB2,1042.0
Q5IJ48,A1042T,0.0795,benign,CRB2,1042.0
Q5IJ48,A1042V,0.0797,benign,CRB2,1042.0
Q5IJ48,A1042W,0.2867,benign,CRB2,1042.0
Q5IJ48,A1042Y,0.2651,benign,CRB2,1042.0
Q5IJ48,S1043A,0.0551,benign,CRB2,1043.0
Q5IJ48,S1043C,0.2026,benign,CRB2,1043.0
Q5IJ48,S1043D,0.1996,benign,CRB2,1043.0
Q5IJ48,S1043E,0.2002,benign,CRB2,1043.0
Q5IJ48,S1043F,0.1477,benign,CRB2,1043.0
Q5IJ48,S1043G,0.0669,benign,CRB2,1043.0
Q5IJ48,S1043H,0.2048,benign,CRB2,1043.0
Q5IJ48,S1043I,0.127,benign,CRB2,1043.0
Q5IJ48,S1043K,0.4626,ambiguous,CRB2,1043.0
Q5IJ48,S1043L,0.0961,benign,CRB2,1043.0
Q5IJ48,S1043M,0.2416,benign,CRB2,1043.0
Q5IJ48,S1043N,0.1489,benign,CRB2,1043.0
Q5IJ48,S1043P,0.0547,benign,CRB2,1043.0
Q5IJ48,S1043Q,0.2346,benign,CRB2,1043.0
Q5IJ48,S1043R,0.221,benign,CRB2,1043.0
Q5IJ48,S1043T,0.0928,benign,CRB2,1043.0
Q5IJ48,S1043V,0.1029,benign,CRB2,1043.0
Q5IJ48,S1043W,0.1357,benign,CRB2,1043.0
Q5IJ48,S1043Y,0.1488,benign,CRB2,1043.0
Q5IJ48,W1044A,0.1647,benign,CRB2,1044.0
Q5IJ48,W1044C,0.787,pathogenic,CRB2,1044.0
Q5IJ48,W1044D,0.3594,ambiguous,CRB2,1044.0
Q5IJ48,W1044E,0.2836,benign,CRB2,1044.0
Q5IJ48,W1044F,0.1368,benign,CRB2,1044.0
Q5IJ48,W1044G,0.0986,benign,CRB2,1044.0
Q5IJ48,W1044H,0.3345,benign,CRB2,1044.0
Q5IJ48,W1044I,0.3536,ambiguous,CRB2,1044.0
Q5IJ48,W1044K,0.5413,ambiguous,CRB2,1044.0
Q5IJ48,W1044L,0.179,benign,CRB2,1044.0
Q5IJ48,W1044M,0.54,ambiguous,CRB2,1044.0
Q5IJ48,W1044N,0.4678,ambiguous,CRB2,1044.0
Q5IJ48,W1044P,0.2645,benign,CRB2,1044.0
Q5IJ48,W1044Q,0.3785,ambiguous,CRB2,1044.0
Q5IJ48,W1044R,0.3309,benign,CRB2,1044.0
Q5IJ48,W1044S,0.1239,benign,CRB2,1044.0
Q5IJ48,W1044T,0.2362,benign,CRB2,1044.0
Q5IJ48,W1044V,0.2177,benign,CRB2,1044.0
Q5IJ48,W1044Y,0.3197,benign,CRB2,1044.0
Q5IJ48,P1045A,0.0785,benign,CRB2,1045.0
Q5IJ48,P1045C,0.6941,pathogenic,CRB2,1045.0
Q5IJ48,P1045D,0.2502,benign,CRB2,1045.0
Q5IJ48,P1045E,0.1603,benign,CRB2,1045.0
Q5IJ48,P1045F,0.3755,ambiguous,CRB2,1045.0
Q5IJ48,P1045G,0.165,benign,CRB2,1045.0
Q5IJ48,P1045H,0.1686,benign,CRB2,1045.0
Q5IJ48,P1045I,0.327,benign,CRB2,1045.0
Q5IJ48,P1045K,0.2895,benign,CRB2,1045.0
Q5IJ48,P1045L,0.1275,benign,CRB2,1045.0
Q5IJ48,P1045M,0.3626,ambiguous,CRB2,1045.0
Q5IJ48,P1045N,0.28,benign,CRB2,1045.0
Q5IJ48,P1045Q,0.1237,benign,CRB2,1045.0
Q5IJ48,P1045R,0.1127,benign,CRB2,1045.0
Q5IJ48,P1045S,0.1033,benign,CRB2,1045.0
Q5IJ48,P1045T,0.103,benign,CRB2,1045.0
Q5IJ48,P1045V,0.2101,benign,CRB2,1045.0
Q5IJ48,P1045W,0.384,ambiguous,CRB2,1045.0
Q5IJ48,P1045Y,0.4025,ambiguous,CRB2,1045.0
Q5IJ48,G1046A,0.0943,benign,CRB2,1046.0
Q5IJ48,G1046C,0.3906,ambiguous,CRB2,1046.0
Q5IJ48,G1046D,0.1047,benign,CRB2,1046.0
Q5IJ48,G1046E,0.1186,benign,CRB2,1046.0
Q5IJ48,G1046F,0.4257,ambiguous,CRB2,1046.0
Q5IJ48,G1046H,0.2617,benign,CRB2,1046.0
Q5IJ48,G1046I,0.3025,benign,CRB2,1046.0
Q5IJ48,G1046K,0.3303,benign,CRB2,1046.0
Q5IJ48,G1046L,0.2791,benign,CRB2,1046.0
Q5IJ48,G1046M,0.4339,ambiguous,CRB2,1046.0
Q5IJ48,G1046N,0.2404,benign,CRB2,1046.0
Q5IJ48,G1046P,0.2734,benign,CRB2,1046.0
Q5IJ48,G1046Q,0.2093,benign,CRB2,1046.0
Q5IJ48,G1046R,0.1761,benign,CRB2,1046.0
Q5IJ48,G1046S,0.1129,benign,CRB2,1046.0
Q5IJ48,G1046T,0.1501,benign,CRB2,1046.0
Q5IJ48,G1046V,0.1667,benign,CRB2,1046.0
Q5IJ48,G1046W,0.2605,benign,CRB2,1046.0
Q5IJ48,G1046Y,0.3685,ambiguous,CRB2,1046.0
Q5IJ48,T1047A,0.0573,benign,CRB2,1047.0
Q5IJ48,T1047C,0.5014,ambiguous,CRB2,1047.0
Q5IJ48,T1047D,0.1582,benign,CRB2,1047.0
Q5IJ48,T1047E,0.1364,benign,CRB2,1047.0
Q5IJ48,T1047F,0.1519,benign,CRB2,1047.0
Q5IJ48,T1047G,0.0953,benign,CRB2,1047.0
Q5IJ48,T1047H,0.155,benign,CRB2,1047.0
Q5IJ48,T1047I,0.1276,benign,CRB2,1047.0
Q5IJ48,T1047K,0.1576,benign,CRB2,1047.0
Q5IJ48,T1047L,0.0756,benign,CRB2,1047.0
Q5IJ48,T1047M,0.11,benign,CRB2,1047.0
Q5IJ48,T1047N,0.0977,benign,CRB2,1047.0
Q5IJ48,T1047P,0.0586,benign,CRB2,1047.0
Q5IJ48,T1047Q,0.1285,benign,CRB2,1047.0
Q5IJ48,T1047R,0.105,benign,CRB2,1047.0
Q5IJ48,T1047S,0.0747,benign,CRB2,1047.0
Q5IJ48,T1047V,0.0971,benign,CRB2,1047.0
Q5IJ48,T1047W,0.3045,benign,CRB2,1047.0
Q5IJ48,T1047Y,0.1999,benign,CRB2,1047.0
Q5IJ48,P1048A,0.0543,benign,CRB2,1048.0
Q5IJ48,P1048C,0.5822,pathogenic,CRB2,1048.0
Q5IJ48,P1048D,0.205,benign,CRB2,1048.0
Q5IJ48,P1048E,0.1331,benign,CRB2,1048.0
Q5IJ48,P1048F,0.3225,benign,CRB2,1048.0
Q5IJ48,P1048G,0.1257,benign,CRB2,1048.0
Q5IJ48,P1048H,0.1581,benign,CRB2,1048.0
Q5IJ48,P1048I,0.2682,benign,CRB2,1048.0
Q5IJ48,P1048K,0.2279,benign,CRB2,1048.0
Q5IJ48,P1048L,0.1122,benign,CRB2,1048.0
Q5IJ48,P1048M,0.2906,benign,CRB2,1048.0
Q5IJ48,P1048N,0.2714,benign,CRB2,1048.0
Q5IJ48,P1048Q,0.1138,benign,CRB2,1048.0
Q5IJ48,P1048R,0.0905,benign,CRB2,1048.0
Q5IJ48,P1048S,0.0785,benign,CRB2,1048.0
Q5IJ48,P1048T,0.0799,benign,CRB2,1048.0
Q5IJ48,P1048V,0.1378,benign,CRB2,1048.0
Q5IJ48,P1048W,0.3314,benign,CRB2,1048.0
Q5IJ48,P1048Y,0.3504,ambiguous,CRB2,1048.0
Q5IJ48,A1049C,0.5483,ambiguous,CRB2,1049.0
Q5IJ48,A1049D,0.1026,benign,CRB2,1049.0
Q5IJ48,A1049E,0.089,benign,CRB2,1049.0
Q5IJ48,A1049F,0.1848,benign,CRB2,1049.0
Q5IJ48,A1049G,0.0764,benign,CRB2,1049.0
Q5IJ48,A1049H,0.2219,benign,CRB2,1049.0
Q5IJ48,A1049I,0.1944,benign,CRB2,1049.0
Q5IJ48,A1049K,0.225,benign,CRB2,1049.0
Q5IJ48,A1049L,0.0999,benign,CRB2,1049.0
Q5IJ48,A1049M,0.1929,benign,CRB2,1049.0
Q5IJ48,A1049N,0.1776,benign,CRB2,1049.0
Q5IJ48,A1049P,0.07,benign,CRB2,1049.0
Q5IJ48,A1049Q,0.1397,benign,CRB2,1049.0
Q5IJ48,A1049R,0.1388,benign,CRB2,1049.0
Q5IJ48,A1049S,0.0796,benign,CRB2,1049.0
Q5IJ48,A1049T,0.0802,benign,CRB2,1049.0
Q5IJ48,A1049V,0.0904,benign,CRB2,1049.0
Q5IJ48,A1049W,0.3199,benign,CRB2,1049.0
Q5IJ48,A1049Y,0.2804,benign,CRB2,1049.0
Q5IJ48,P1050A,0.0777,benign,CRB2,1050.0
Q5IJ48,P1050C,0.7097,pathogenic,CRB2,1050.0
Q5IJ48,P1050D,0.4244,ambiguous,CRB2,1050.0
Q5IJ48,P1050E,0.24,benign,CRB2,1050.0
Q5IJ48,P1050F,0.4288,ambiguous,CRB2,1050.0
Q5IJ48,P1050G,0.1981,benign,CRB2,1050.0
Q5IJ48,P1050H,0.2929,benign,CRB2,1050.0
Q5IJ48,P1050I,0.2979,benign,CRB2,1050.0
Q5IJ48,P1050K,0.4018,ambiguous,CRB2,1050.0
Q5IJ48,P1050L,0.1244,benign,CRB2,1050.0
Q5IJ48,P1050M,0.3221,benign,CRB2,1050.0
Q5IJ48,P1050N,0.4472,ambiguous,CRB2,1050.0
Q5IJ48,P1050Q,0.1846,benign,CRB2,1050.0
Q5IJ48,P1050R,0.165,benign,CRB2,1050.0
Q5IJ48,P1050S,0.1442,benign,CRB2,1050.0
Q5IJ48,P1050T,0.1259,benign,CRB2,1050.0
Q5IJ48,P1050V,0.1516,benign,CRB2,1050.0
Q5IJ48,P1050W,0.4614,ambiguous,CRB2,1050.0
Q5IJ48,P1050Y,0.4982,ambiguous,CRB2,1050.0
Q5IJ48,I1051A,0.0996,benign,CRB2,1051.0
Q5IJ48,I1051C,0.5699,pathogenic,CRB2,1051.0
Q5IJ48,I1051D,0.1743,benign,CRB2,1051.0
Q5IJ48,I1051E,0.1327,benign,CRB2,1051.0
Q5IJ48,I1051F,0.1074,benign,CRB2,1051.0
Q5IJ48,I1051G,0.1753,benign,CRB2,1051.0
Q5IJ48,I1051H,0.1314,benign,CRB2,1051.0
Q5IJ48,I1051K,0.1567,benign,CRB2,1051.0
Q5IJ48,I1051L,0.0794,benign,CRB2,1051.0
Q5IJ48,I1051M,0.1324,benign,CRB2,1051.0
Q5IJ48,I1051N,0.1087,benign,CRB2,1051.0
Q5IJ48,I1051P,0.1696,benign,CRB2,1051.0
Q5IJ48,I1051Q,0.1094,benign,CRB2,1051.0
Q5IJ48,I1051R,0.0632,benign,CRB2,1051.0
Q5IJ48,I1051S,0.0736,benign,CRB2,1051.0
Q5IJ48,I1051T,0.1363,benign,CRB2,1051.0
Q5IJ48,I1051V,0.0904,benign,CRB2,1051.0
Q5IJ48,I1051W,0.3009,benign,CRB2,1051.0
Q5IJ48,I1051Y,0.2321,benign,CRB2,1051.0
Q5IJ48,L1052A,0.1097,benign,CRB2,1052.0
Q5IJ48,L1052C,0.7226,pathogenic,CRB2,1052.0
Q5IJ48,L1052D,0.4929,ambiguous,CRB2,1052.0
Q5IJ48,L1052E,0.2192,benign,CRB2,1052.0
Q5IJ48,L1052F,0.163,benign,CRB2,1052.0
Q5IJ48,L1052G,0.219,benign,CRB2,1052.0
Q5IJ48,L1052H,0.283,benign,CRB2,1052.0
Q5IJ48,L1052I,0.1505,benign,CRB2,1052.0
Q5IJ48,L1052K,0.3184,benign,CRB2,1052.0
Q5IJ48,L1052M,0.2332,benign,CRB2,1052.0
Q5IJ48,L1052N,0.4692,ambiguous,CRB2,1052.0
Q5IJ48,L1052P,0.0606,benign,CRB2,1052.0
Q5IJ48,L1052Q,0.1589,benign,CRB2,1052.0
Q5IJ48,L1052R,0.1099,benign,CRB2,1052.0
Q5IJ48,L1052S,0.2128,benign,CRB2,1052.0
Q5IJ48,L1052T,0.1351,benign,CRB2,1052.0
Q5IJ48,L1052V,0.1078,benign,CRB2,1052.0
Q5IJ48,L1052W,0.2133,benign,CRB2,1052.0
Q5IJ48,L1052Y,0.4572,ambiguous,CRB2,1052.0
Q5IJ48,G1053A,0.3051,benign,CRB2,1053.0
Q5IJ48,G1053C,0.8152,pathogenic,CRB2,1053.0
Q5IJ48,G1053D,0.4212,ambiguous,CRB2,1053.0
Q5IJ48,G1053E,0.5323,ambiguous,CRB2,1053.0
Q5IJ48,G1053F,0.8182,pathogenic,CRB2,1053.0
Q5IJ48,G1053H,0.7215,pathogenic,CRB2,1053.0
Q5IJ48,G1053I,0.8004,pathogenic,CRB2,1053.0
Q5IJ48,G1053K,0.8703,pathogenic,CRB2,1053.0
Q5IJ48,G1053L,0.6972,pathogenic,CRB2,1053.0
Q5IJ48,G1053M,0.9138,pathogenic,CRB2,1053.0
Q5IJ48,G1053N,0.6897,pathogenic,CRB2,1053.0
Q5IJ48,G1053P,0.7252,pathogenic,CRB2,1053.0
Q5IJ48,G1053Q,0.6801,pathogenic,CRB2,1053.0
Q5IJ48,G1053R,0.6158,pathogenic,CRB2,1053.0
Q5IJ48,G1053S,0.2757,benign,CRB2,1053.0
Q5IJ48,G1053T,0.5367,ambiguous,CRB2,1053.0
Q5IJ48,G1053V,0.6381,pathogenic,CRB2,1053.0
Q5IJ48,G1053W,0.7216,pathogenic,CRB2,1053.0
Q5IJ48,G1053Y,0.7725,pathogenic,CRB2,1053.0
Q5IJ48,C1054A,0.9517,pathogenic,CRB2,1054.0
Q5IJ48,C1054D,0.9785,pathogenic,CRB2,1054.0
Q5IJ48,C1054E,0.9848,pathogenic,CRB2,1054.0
Q5IJ48,C1054F,0.9059,pathogenic,CRB2,1054.0
Q5IJ48,C1054G,0.8147,pathogenic,CRB2,1054.0
Q5IJ48,C1054H,0.9814,pathogenic,CRB2,1054.0
Q5IJ48,C1054I,0.972,pathogenic,CRB2,1054.0
Q5IJ48,C1054K,0.9952,pathogenic,CRB2,1054.0
Q5IJ48,C1054L,0.9203,pathogenic,CRB2,1054.0
Q5IJ48,C1054M,0.9843,pathogenic,CRB2,1054.0
Q5IJ48,C1054N,0.9824,pathogenic,CRB2,1054.0
Q5IJ48,C1054P,0.9511,pathogenic,CRB2,1054.0
Q5IJ48,C1054Q,0.9865,pathogenic,CRB2,1054.0
Q5IJ48,C1054R,0.9438,pathogenic,CRB2,1054.0
Q5IJ48,C1054S,0.9564,pathogenic,CRB2,1054.0
Q5IJ48,C1054T,0.9816,pathogenic,CRB2,1054.0
Q5IJ48,C1054V,0.9526,pathogenic,CRB2,1054.0
Q5IJ48,C1054W,0.9233,pathogenic,CRB2,1054.0
Q5IJ48,C1054Y,0.9445,pathogenic,CRB2,1054.0
Q5IJ48,R1055A,0.1078,benign,CRB2,1055.0
Q5IJ48,R1055C,0.3093,benign,CRB2,1055.0
Q5IJ48,R1055D,0.1952,benign,CRB2,1055.0
Q5IJ48,R1055E,0.1397,benign,CRB2,1055.0
Q5IJ48,R1055F,0.2709,benign,CRB2,1055.0
Q5IJ48,R1055G,0.0906,benign,CRB2,1055.0
Q5IJ48,R1055H,0.0916,benign,CRB2,1055.0
Q5IJ48,R1055I,0.2023,benign,CRB2,1055.0
Q5IJ48,R1055K,0.1838,benign,CRB2,1055.0
Q5IJ48,R1055L,0.1022,benign,CRB2,1055.0
Q5IJ48,R1055M,0.3097,benign,CRB2,1055.0
Q5IJ48,R1055N,0.2615,benign,CRB2,1055.0
Q5IJ48,R1055P,0.1275,benign,CRB2,1055.0
Q5IJ48,R1055Q,0.0982,benign,CRB2,1055.0
Q5IJ48,R1055S,0.1329,benign,CRB2,1055.0
Q5IJ48,R1055T,0.1128,benign,CRB2,1055.0
Q5IJ48,R1055V,0.1697,benign,CRB2,1055.0
Q5IJ48,R1055W,0.1444,benign,CRB2,1055.0
Q5IJ48,R1055Y,0.2647,benign,CRB2,1055.0
Q5IJ48,G1056A,0.166,benign,CRB2,1056.0
Q5IJ48,G1056C,0.6885,pathogenic,CRB2,1056.0
Q5IJ48,G1056D,0.3709,ambiguous,CRB2,1056.0
Q5IJ48,G1056E,0.3818,ambiguous,CRB2,1056.0
Q5IJ48,G1056F,0.8049,pathogenic,CRB2,1056.0
Q5IJ48,G1056H,0.6048,pathogenic,CRB2,1056.0
Q5IJ48,G1056I,0.6461,pathogenic,CRB2,1056.0
Q5IJ48,G1056K,0.7611,pathogenic,CRB2,1056.0
Q5IJ48,G1056L,0.602,pathogenic,CRB2,1056.0
Q5IJ48,G1056M,0.7184,pathogenic,CRB2,1056.0
Q5IJ48,G1056N,0.511,ambiguous,CRB2,1056.0
Q5IJ48,G1056P,0.6612,pathogenic,CRB2,1056.0
Q5IJ48,G1056Q,0.5749,pathogenic,CRB2,1056.0
Q5IJ48,G1056R,0.5638,ambiguous,CRB2,1056.0
Q5IJ48,G1056S,0.1102,benign,CRB2,1056.0
Q5IJ48,G1056T,0.2576,benign,CRB2,1056.0
Q5IJ48,G1056V,0.4636,ambiguous,CRB2,1056.0
Q5IJ48,G1056W,0.6175,pathogenic,CRB2,1056.0
Q5IJ48,G1056Y,0.7262,pathogenic,CRB2,1056.0
Q5IJ48,A1057C,0.6909,pathogenic,CRB2,1057.0
Q5IJ48,A1057D,0.1268,benign,CRB2,1057.0
Q5IJ48,A1057E,0.1059,benign,CRB2,1057.0
Q5IJ48,A1057F,0.2447,benign,CRB2,1057.0
Q5IJ48,A1057G,0.0943,benign,CRB2,1057.0
Q5IJ48,A1057H,0.2557,benign,CRB2,1057.0
Q5IJ48,A1057I,0.3001,benign,CRB2,1057.0
Q5IJ48,A1057K,0.2532,benign,CRB2,1057.0
Q5IJ48,A1057L,0.1371,benign,CRB2,1057.0
Q5IJ48,A1057M,0.2522,benign,CRB2,1057.0
Q5IJ48,A1057N,0.2223,benign,CRB2,1057.0
Q5IJ48,A1057P,0.1222,benign,CRB2,1057.0
Q5IJ48,A1057Q,0.1541,benign,CRB2,1057.0
Q5IJ48,A1057R,0.1579,benign,CRB2,1057.0
Q5IJ48,A1057S,0.084,benign,CRB2,1057.0
Q5IJ48,A1057T,0.0916,benign,CRB2,1057.0
Q5IJ48,A1057V,0.1291,benign,CRB2,1057.0
Q5IJ48,A1057W,0.4385,ambiguous,CRB2,1057.0
Q5IJ48,A1057Y,0.3844,ambiguous,CRB2,1057.0
Q5IJ48,P1058A,0.0578,benign,CRB2,1058.0
Q5IJ48,P1058C,0.6479,pathogenic,CRB2,1058.0
Q5IJ48,P1058D,0.1615,benign,CRB2,1058.0
Q5IJ48,P1058E,0.1168,benign,CRB2,1058.0
Q5IJ48,P1058F,0.3863,ambiguous,CRB2,1058.0
Q5IJ48,P1058G,0.1535,benign,CRB2,1058.0
Q5IJ48,P1058H,0.1544,benign,CRB2,1058.0
Q5IJ48,P1058I,0.3522,ambiguous,CRB2,1058.0
Q5IJ48,P1058K,0.2216,benign,CRB2,1058.0
Q5IJ48,P1058L,0.1197,benign,CRB2,1058.0
Q5IJ48,P1058M,0.3322,benign,CRB2,1058.0
Q5IJ48,P1058N,0.2601,benign,CRB2,1058.0
Q5IJ48,P1058Q,0.1083,benign,CRB2,1058.0
Q5IJ48,P1058R,0.0815,benign,CRB2,1058.0
Q5IJ48,P1058S,0.0843,benign,CRB2,1058.0
Q5IJ48,P1058T,0.0974,benign,CRB2,1058.0
Q5IJ48,P1058V,0.1782,benign,CRB2,1058.0
Q5IJ48,P1058W,0.3512,ambiguous,CRB2,1058.0
Q5IJ48,P1058Y,0.402,ambiguous,CRB2,1058.0
Q5IJ48,V1059A,0.186,benign,CRB2,1059.0
Q5IJ48,V1059C,0.9221,pathogenic,CRB2,1059.0
Q5IJ48,V1059D,0.5393,ambiguous,CRB2,1059.0
Q5IJ48,V1059E,0.3526,ambiguous,CRB2,1059.0
Q5IJ48,V1059F,0.2827,benign,CRB2,1059.0
Q5IJ48,V1059G,0.2377,benign,CRB2,1059.0
Q5IJ48,V1059H,0.6998,pathogenic,CRB2,1059.0
Q5IJ48,V1059I,0.1338,benign,CRB2,1059.0
Q5IJ48,V1059K,0.6153,pathogenic,CRB2,1059.0
Q5IJ48,V1059L,0.2198,benign,CRB2,1059.0
Q5IJ48,V1059M,0.3964,ambiguous,CRB2,1059.0
Q5IJ48,V1059N,0.5523,ambiguous,CRB2,1059.0
Q5IJ48,V1059P,0.3466,ambiguous,CRB2,1059.0
Q5IJ48,V1059Q,0.4352,ambiguous,CRB2,1059.0
Q5IJ48,V1059R,0.3034,benign,CRB2,1059.0
Q5IJ48,V1059S,0.2866,benign,CRB2,1059.0
Q5IJ48,V1059T,0.336,benign,CRB2,1059.0
Q5IJ48,V1059W,0.8474,pathogenic,CRB2,1059.0
Q5IJ48,V1059Y,0.7316,pathogenic,CRB2,1059.0
Q5IJ48,C1060A,0.9261,pathogenic,CRB2,1060.0
Q5IJ48,C1060D,0.9697,pathogenic,CRB2,1060.0
Q5IJ48,C1060E,0.981,pathogenic,CRB2,1060.0
Q5IJ48,C1060F,0.8761,pathogenic,CRB2,1060.0
Q5IJ48,C1060G,0.7475,pathogenic,CRB2,1060.0
Q5IJ48,C1060H,0.9744,pathogenic,CRB2,1060.0
Q5IJ48,C1060I,0.972,pathogenic,CRB2,1060.0
Q5IJ48,C1060K,0.9952,pathogenic,CRB2,1060.0
Q5IJ48,C1060L,0.8764,pathogenic,CRB2,1060.0
Q5IJ48,C1060M,0.9814,pathogenic,CRB2,1060.0
Q5IJ48,C1060N,0.9818,pathogenic,CRB2,1060.0
Q5IJ48,C1060P,0.9298,pathogenic,CRB2,1060.0
Q5IJ48,C1060Q,0.9842,pathogenic,CRB2,1060.0
Q5IJ48,C1060R,0.9183,pathogenic,CRB2,1060.0
Q5IJ48,C1060S,0.9507,pathogenic,CRB2,1060.0
Q5IJ48,C1060T,0.9722,pathogenic,CRB2,1060.0
Q5IJ48,C1060V,0.9415,pathogenic,CRB2,1060.0
Q5IJ48,C1060W,0.9071,pathogenic,CRB2,1060.0
Q5IJ48,C1060Y,0.9405,pathogenic,CRB2,1060.0
Q5IJ48,A1061C,0.5587,ambiguous,CRB2,1061.0
Q5IJ48,A1061D,0.1041,benign,CRB2,1061.0
Q5IJ48,A1061E,0.075,benign,CRB2,1061.0
Q5IJ48,A1061F,0.1606,benign,CRB2,1061.0
Q5IJ48,A1061G,0.0855,benign,CRB2,1061.0
Q5IJ48,A1061H,0.1745,benign,CRB2,1061.0
Q5IJ48,A1061I,0.1448,benign,CRB2,1061.0
Q5IJ48,A1061K,0.1921,benign,CRB2,1061.0
Q5IJ48,A1061L,0.081,benign,CRB2,1061.0
Q5IJ48,A1061M,0.1604,benign,CRB2,1061.0
Q5IJ48,A1061N,0.1708,benign,CRB2,1061.0
Q5IJ48,A1061P,0.0981,benign,CRB2,1061.0
Q5IJ48,A1061Q,0.1119,benign,CRB2,1061.0
Q5IJ48,A1061R,0.1112,benign,CRB2,1061.0
Q5IJ48,A1061S,0.0787,benign,CRB2,1061.0
Q5IJ48,A1061T,0.0731,benign,CRB2,1061.0
Q5IJ48,A1061V,0.0731,benign,CRB2,1061.0
Q5IJ48,A1061W,0.324,benign,CRB2,1061.0
Q5IJ48,A1061Y,0.2716,benign,CRB2,1061.0
Q5IJ48,P1062A,0.0613,benign,CRB2,1062.0
Q5IJ48,P1062C,0.6123,pathogenic,CRB2,1062.0
Q5IJ48,P1062D,0.2002,benign,CRB2,1062.0
Q5IJ48,P1062E,0.1557,benign,CRB2,1062.0
Q5IJ48,P1062F,0.305,benign,CRB2,1062.0
Q5IJ48,P1062G,0.1416,benign,CRB2,1062.0
Q5IJ48,P1062H,0.1446,benign,CRB2,1062.0
Q5IJ48,P1062I,0.2982,benign,CRB2,1062.0
Q5IJ48,P1062K,0.2642,benign,CRB2,1062.0
Q5IJ48,P1062L,0.1201,benign,CRB2,1062.0
Q5IJ48,P1062M,0.3594,ambiguous,CRB2,1062.0
Q5IJ48,P1062N,0.2626,benign,CRB2,1062.0
Q5IJ48,P1062Q,0.1257,benign,CRB2,1062.0
Q5IJ48,P1062R,0.0915,benign,CRB2,1062.0
Q5IJ48,P1062S,0.0716,benign,CRB2,1062.0
Q5IJ48,P1062T,0.0887,benign,CRB2,1062.0
Q5IJ48,P1062V,0.1645,benign,CRB2,1062.0
Q5IJ48,P1062W,0.3572,ambiguous,CRB2,1062.0
Q5IJ48,P1062Y,0.3478,ambiguous,CRB2,1062.0
Q5IJ48,S1063A,0.1146,benign,CRB2,1063.0
Q5IJ48,S1063C,0.5244,ambiguous,CRB2,1063.0
Q5IJ48,S1063D,0.2799,benign,CRB2,1063.0
Q5IJ48,S1063E,0.3133,benign,CRB2,1063.0
Q5IJ48,S1063F,0.236,benign,CRB2,1063.0
Q5IJ48,S1063G,0.1074,benign,CRB2,1063.0
Q5IJ48,S1063H,0.2648,benign,CRB2,1063.0
Q5IJ48,S1063I,0.3321,benign,CRB2,1063.0
Q5IJ48,S1063K,0.5431,ambiguous,CRB2,1063.0
Q5IJ48,S1063L,0.1739,benign,CRB2,1063.0
Q5IJ48,S1063M,0.377,ambiguous,CRB2,1063.0
Q5IJ48,S1063N,0.1976,benign,CRB2,1063.0
Q5IJ48,S1063P,0.1301,benign,CRB2,1063.0
Q5IJ48,S1063Q,0.3315,benign,CRB2,1063.0
Q5IJ48,S1063R,0.3775,ambiguous,CRB2,1063.0
Q5IJ48,S1063T,0.1294,benign,CRB2,1063.0
Q5IJ48,S1063V,0.2806,benign,CRB2,1063.0
Q5IJ48,S1063W,0.2487,benign,CRB2,1063.0
Q5IJ48,S1063Y,0.2324,benign,CRB2,1063.0
Q5IJ48,P1064A,0.1822,benign,CRB2,1064.0
Q5IJ48,P1064C,0.9159,pathogenic,CRB2,1064.0
Q5IJ48,P1064D,0.7424,pathogenic,CRB2,1064.0
Q5IJ48,P1064E,0.5431,ambiguous,CRB2,1064.0
Q5IJ48,P1064F,0.7408,pathogenic,CRB2,1064.0
Q5IJ48,P1064G,0.5252,ambiguous,CRB2,1064.0
Q5IJ48,P1064H,0.4683,ambiguous,CRB2,1064.0
Q5IJ48,P1064I,0.6212,pathogenic,CRB2,1064.0
Q5IJ48,P1064K,0.7216,pathogenic,CRB2,1064.0
Q5IJ48,P1064L,0.3119,benign,CRB2,1064.0
Q5IJ48,P1064M,0.7886,pathogenic,CRB2,1064.0
Q5IJ48,P1064N,0.7729,pathogenic,CRB2,1064.0
Q5IJ48,P1064Q,0.422,ambiguous,CRB2,1064.0
Q5IJ48,P1064R,0.2699,benign,CRB2,1064.0
Q5IJ48,P1064S,0.2889,benign,CRB2,1064.0
Q5IJ48,P1064T,0.2644,benign,CRB2,1064.0
Q5IJ48,P1064V,0.4062,ambiguous,CRB2,1064.0
Q5IJ48,P1064W,0.8156,pathogenic,CRB2,1064.0
Q5IJ48,P1064Y,0.7766,pathogenic,CRB2,1064.0
Q5IJ48,C1065A,0.9247,pathogenic,CRB2,1065.0
Q5IJ48,C1065D,0.9781,pathogenic,CRB2,1065.0
Q5IJ48,C1065E,0.9858,pathogenic,CRB2,1065.0
Q5IJ48,C1065F,0.8458,pathogenic,CRB2,1065.0
Q5IJ48,C1065G,0.769,pathogenic,CRB2,1065.0
Q5IJ48,C1065H,0.9724,pathogenic,CRB2,1065.0
Q5IJ48,C1065I,0.9682,pathogenic,CRB2,1065.0
Q5IJ48,C1065K,0.9947,pathogenic,CRB2,1065.0
Q5IJ48,C1065L,0.8715,pathogenic,CRB2,1065.0
Q5IJ48,C1065M,0.9842,pathogenic,CRB2,1065.0
Q5IJ48,C1065N,0.983,pathogenic,CRB2,1065.0
Q5IJ48,C1065P,0.9147,pathogenic,CRB2,1065.0
Q5IJ48,C1065Q,0.9851,pathogenic,CRB2,1065.0
Q5IJ48,C1065R,0.9096,pathogenic,CRB2,1065.0
Q5IJ48,C1065S,0.9409,pathogenic,CRB2,1065.0
Q5IJ48,C1065T,0.977,pathogenic,CRB2,1065.0
Q5IJ48,C1065V,0.9286,pathogenic,CRB2,1065.0
Q5IJ48,C1065W,0.9249,pathogenic,CRB2,1065.0
Q5IJ48,C1065Y,0.9184,pathogenic,CRB2,1065.0
Q5IJ48,L1066A,0.133,benign,CRB2,1066.0
Q5IJ48,L1066C,0.7082,pathogenic,CRB2,1066.0
Q5IJ48,L1066D,0.4356,ambiguous,CRB2,1066.0
Q5IJ48,L1066E,0.1693,benign,CRB2,1066.0
Q5IJ48,L1066F,0.1316,benign,CRB2,1066.0
Q5IJ48,L1066G,0.2448,benign,CRB2,1066.0
Q5IJ48,L1066H,0.171,benign,CRB2,1066.0
Q5IJ48,L1066I,0.1555,benign,CRB2,1066.0
Q5IJ48,L1066K,0.2445,benign,CRB2,1066.0
Q5IJ48,L1066M,0.2553,benign,CRB2,1066.0
Q5IJ48,L1066N,0.4029,ambiguous,CRB2,1066.0
Q5IJ48,L1066P,0.1965,benign,CRB2,1066.0
Q5IJ48,L1066Q,0.0943,benign,CRB2,1066.0
Q5IJ48,L1066R,0.0628,benign,CRB2,1066.0
Q5IJ48,L1066S,0.2024,benign,CRB2,1066.0
Q5IJ48,L1066T,0.2054,benign,CRB2,1066.0
Q5IJ48,L1066V,0.1054,benign,CRB2,1066.0
Q5IJ48,L1066W,0.1754,benign,CRB2,1066.0
Q5IJ48,L1066Y,0.3425,ambiguous,CRB2,1066.0
Q5IJ48,H1067A,0.4153,ambiguous,CRB2,1067.0
Q5IJ48,H1067C,0.7006,pathogenic,CRB2,1067.0
Q5IJ48,H1067D,0.4412,ambiguous,CRB2,1067.0
Q5IJ48,H1067E,0.4254,ambiguous,CRB2,1067.0
Q5IJ48,H1067F,0.4462,ambiguous,CRB2,1067.0
Q5IJ48,H1067G,0.2869,benign,CRB2,1067.0
Q5IJ48,H1067I,0.8063,pathogenic,CRB2,1067.0
Q5IJ48,H1067K,0.4079,ambiguous,CRB2,1067.0
Q5IJ48,H1067L,0.2949,benign,CRB2,1067.0
Q5IJ48,H1067M,0.8054,pathogenic,CRB2,1067.0
Q5IJ48,H1067N,0.1402,benign,CRB2,1067.0
Q5IJ48,H1067P,0.1803,benign,CRB2,1067.0
Q5IJ48,H1067Q,0.2813,benign,CRB2,1067.0
Q5IJ48,H1067R,0.0984,benign,CRB2,1067.0
Q5IJ48,H1067S,0.3592,ambiguous,CRB2,1067.0
Q5IJ48,H1067T,0.656,pathogenic,CRB2,1067.0
Q5IJ48,H1067V,0.6702,pathogenic,CRB2,1067.0
Q5IJ48,H1067W,0.3329,benign,CRB2,1067.0
Q5IJ48,H1067Y,0.1746,benign,CRB2,1067.0
Q5IJ48,D1068A,0.0795,benign,CRB2,1068.0
Q5IJ48,D1068C,0.4929,ambiguous,CRB2,1068.0
Q5IJ48,D1068E,0.1145,benign,CRB2,1068.0
Q5IJ48,D1068F,0.389,ambiguous,CRB2,1068.0
Q5IJ48,D1068G,0.0435,benign,CRB2,1068.0
Q5IJ48,D1068H,0.1127,benign,CRB2,1068.0
Q5IJ48,D1068I,0.3579,ambiguous,CRB2,1068.0
Q5IJ48,D1068K,0.1847,benign,CRB2,1068.0
Q5IJ48,D1068L,0.1994,benign,CRB2,1068.0
Q5IJ48,D1068M,0.5084,ambiguous,CRB2,1068.0
Q5IJ48,D1068N,0.1107,benign,CRB2,1068.0
Q5IJ48,D1068P,0.2412,benign,CRB2,1068.0
Q5IJ48,D1068Q,0.132,benign,CRB2,1068.0
Q5IJ48,D1068R,0.0934,benign,CRB2,1068.0
Q5IJ48,D1068S,0.0842,benign,CRB2,1068.0
Q5IJ48,D1068T,0.1739,benign,CRB2,1068.0
Q5IJ48,D1068V,0.2025,benign,CRB2,1068.0
Q5IJ48,D1068W,0.4472,ambiguous,CRB2,1068.0
Q5IJ48,D1068Y,0.1737,benign,CRB2,1068.0
Q5IJ48,G1069A,0.1422,benign,CRB2,1069.0
Q5IJ48,G1069C,0.772,pathogenic,CRB2,1069.0
Q5IJ48,G1069D,0.6012,pathogenic,CRB2,1069.0
Q5IJ48,G1069E,0.559,ambiguous,CRB2,1069.0
Q5IJ48,G1069F,0.8832,pathogenic,CRB2,1069.0
Q5IJ48,G1069H,0.7157,pathogenic,CRB2,1069.0
Q5IJ48,G1069I,0.7257,pathogenic,CRB2,1069.0
Q5IJ48,G1069K,0.7269,pathogenic,CRB2,1069.0
Q5IJ48,G1069L,0.703,pathogenic,CRB2,1069.0
Q5IJ48,G1069M,0.8301,pathogenic,CRB2,1069.0
Q5IJ48,G1069N,0.7455,pathogenic,CRB2,1069.0
Q5IJ48,G1069P,0.8312,pathogenic,CRB2,1069.0
Q5IJ48,G1069Q,0.6401,pathogenic,CRB2,1069.0
Q5IJ48,G1069R,0.4542,ambiguous,CRB2,1069.0
Q5IJ48,G1069S,0.2018,benign,CRB2,1069.0
Q5IJ48,G1069T,0.41,ambiguous,CRB2,1069.0
Q5IJ48,G1069V,0.5026,ambiguous,CRB2,1069.0
Q5IJ48,G1069W,0.7824,pathogenic,CRB2,1069.0
Q5IJ48,G1069Y,0.8418,pathogenic,CRB2,1069.0
Q5IJ48,A1070C,0.569,pathogenic,CRB2,1070.0
Q5IJ48,A1070D,0.1009,benign,CRB2,1070.0
Q5IJ48,A1070E,0.1024,benign,CRB2,1070.0
Q5IJ48,A1070F,0.1737,benign,CRB2,1070.0
Q5IJ48,A1070G,0.0882,benign,CRB2,1070.0
Q5IJ48,A1070H,0.1798,benign,CRB2,1070.0
Q5IJ48,A1070I,0.1612,benign,CRB2,1070.0
Q5IJ48,A1070K,0.2037,benign,CRB2,1070.0
Q5IJ48,A1070L,0.1035,benign,CRB2,1070.0
Q5IJ48,A1070M,0.212,benign,CRB2,1070.0
Q5IJ48,A1070N,0.1585,benign,CRB2,1070.0
Q5IJ48,A1070P,0.1214,benign,CRB2,1070.0
Q5IJ48,A1070Q,0.1386,benign,CRB2,1070.0
Q5IJ48,A1070R,0.106,benign,CRB2,1070.0
Q5IJ48,A1070S,0.0829,benign,CRB2,1070.0
Q5IJ48,A1070T,0.0734,benign,CRB2,1070.0
Q5IJ48,A1070V,0.09,benign,CRB2,1070.0
Q5IJ48,A1070W,0.3288,benign,CRB2,1070.0
Q5IJ48,A1070Y,0.2804,benign,CRB2,1070.0
Q5IJ48,C1071A,0.9455,pathogenic,CRB2,1071.0
Q5IJ48,C1071D,0.9885,pathogenic,CRB2,1071.0
Q5IJ48,C1071E,0.9878,pathogenic,CRB2,1071.0
Q5IJ48,C1071F,0.9107,pathogenic,CRB2,1071.0
Q5IJ48,C1071G,0.7948,pathogenic,CRB2,1071.0
Q5IJ48,C1071H,0.9849,pathogenic,CRB2,1071.0
Q5IJ48,C1071I,0.9771,pathogenic,CRB2,1071.0
Q5IJ48,C1071K,0.996,pathogenic,CRB2,1071.0
Q5IJ48,C1071L,0.9202,pathogenic,CRB2,1071.0
Q5IJ48,C1071M,0.9905,pathogenic,CRB2,1071.0
Q5IJ48,C1071N,0.9903,pathogenic,CRB2,1071.0
Q5IJ48,C1071P,0.9199,pathogenic,CRB2,1071.0
Q5IJ48,C1071Q,0.9876,pathogenic,CRB2,1071.0
Q5IJ48,C1071R,0.9232,pathogenic,CRB2,1071.0
Q5IJ48,C1071S,0.9563,pathogenic,CRB2,1071.0
Q5IJ48,C1071T,0.9837,pathogenic,CRB2,1071.0
Q5IJ48,C1071V,0.9491,pathogenic,CRB2,1071.0
Q5IJ48,C1071W,0.9297,pathogenic,CRB2,1071.0
Q5IJ48,C1071Y,0.9506,pathogenic,CRB2,1071.0
Q5IJ48,R1072A,0.1894,benign,CRB2,1072.0
Q5IJ48,R1072C,0.3447,ambiguous,CRB2,1072.0
Q5IJ48,R1072D,0.3434,ambiguous,CRB2,1072.0
Q5IJ48,R1072E,0.1599,benign,CRB2,1072.0
Q5IJ48,R1072F,0.4199,ambiguous,CRB2,1072.0
Q5IJ48,R1072G,0.1587,benign,CRB2,1072.0
Q5IJ48,R1072H,0.1096,benign,CRB2,1072.0
Q5IJ48,R1072I,0.272,benign,CRB2,1072.0
Q5IJ48,R1072K,0.2248,benign,CRB2,1072.0
Q5IJ48,R1072L,0.1337,benign,CRB2,1072.0
Q5IJ48,R1072M,0.4123,ambiguous,CRB2,1072.0
Q5IJ48,R1072N,0.4679,ambiguous,CRB2,1072.0
Q5IJ48,R1072P,0.5316,ambiguous,CRB2,1072.0
Q5IJ48,R1072Q,0.1003,benign,CRB2,1072.0
Q5IJ48,R1072S,0.2581,benign,CRB2,1072.0
Q5IJ48,R1072T,0.1717,benign,CRB2,1072.0
Q5IJ48,R1072V,0.2226,benign,CRB2,1072.0
Q5IJ48,R1072W,0.1684,benign,CRB2,1072.0
Q5IJ48,R1072Y,0.3604,ambiguous,CRB2,1072.0
Q5IJ48,D1073A,0.8036,pathogenic,CRB2,1073.0
Q5IJ48,D1073C,0.9881,pathogenic,CRB2,1073.0
Q5IJ48,D1073E,0.7682,pathogenic,CRB2,1073.0
Q5IJ48,D1073F,0.9602,pathogenic,CRB2,1073.0
Q5IJ48,D1073G,0.7777,pathogenic,CRB2,1073.0
Q5IJ48,D1073H,0.8288,pathogenic,CRB2,1073.0
Q5IJ48,D1073I,0.954,pathogenic,CRB2,1073.0
Q5IJ48,D1073K,0.9481,pathogenic,CRB2,1073.0
Q5IJ48,D1073L,0.9063,pathogenic,CRB2,1073.0
Q5IJ48,D1073M,0.9834,pathogenic,CRB2,1073.0
Q5IJ48,D1073N,0.4764,ambiguous,CRB2,1073.0
Q5IJ48,D1073P,0.8614,pathogenic,CRB2,1073.0
Q5IJ48,D1073Q,0.92,pathogenic,CRB2,1073.0
Q5IJ48,D1073R,0.9149,pathogenic,CRB2,1073.0
Q5IJ48,D1073S,0.6658,pathogenic,CRB2,1073.0
Q5IJ48,D1073T,0.8994,pathogenic,CRB2,1073.0
Q5IJ48,D1073V,0.8654,pathogenic,CRB2,1073.0
Q5IJ48,D1073W,0.9866,pathogenic,CRB2,1073.0
Q5IJ48,D1073Y,0.7384,pathogenic,CRB2,1073.0
Q5IJ48,L1074A,0.2458,benign,CRB2,1074.0
Q5IJ48,L1074C,0.7675,pathogenic,CRB2,1074.0
Q5IJ48,L1074D,0.5736,pathogenic,CRB2,1074.0
Q5IJ48,L1074E,0.2985,benign,CRB2,1074.0
Q5IJ48,L1074F,0.2262,benign,CRB2,1074.0
Q5IJ48,L1074G,0.4216,ambiguous,CRB2,1074.0
Q5IJ48,L1074H,0.2722,benign,CRB2,1074.0
Q5IJ48,L1074I,0.1566,benign,CRB2,1074.0
Q5IJ48,L1074K,0.4335,ambiguous,CRB2,1074.0
Q5IJ48,L1074M,0.2974,benign,CRB2,1074.0
Q5IJ48,L1074N,0.4955,ambiguous,CRB2,1074.0
Q5IJ48,L1074P,0.603,pathogenic,CRB2,1074.0
Q5IJ48,L1074Q,0.1659,benign,CRB2,1074.0
Q5IJ48,L1074R,0.0981,benign,CRB2,1074.0
Q5IJ48,L1074S,0.388,ambiguous,CRB2,1074.0
Q5IJ48,L1074T,0.2978,benign,CRB2,1074.0
Q5IJ48,L1074V,0.1115,benign,CRB2,1074.0
Q5IJ48,L1074W,0.2989,benign,CRB2,1074.0
Q5IJ48,L1074Y,0.485,ambiguous,CRB2,1074.0
Q5IJ48,F1075A,0.8319,pathogenic,CRB2,1075.0
Q5IJ48,F1075C,0.9517,pathogenic,CRB2,1075.0
Q5IJ48,F1075D,0.9016,pathogenic,CRB2,1075.0
Q5IJ48,F1075E,0.9289,pathogenic,CRB2,1075.0
Q5IJ48,F1075G,0.8638,pathogenic,CRB2,1075.0
Q5IJ48,F1075H,0.7611,pathogenic,CRB2,1075.0
Q5IJ48,F1075I,0.8907,pathogenic,CRB2,1075.0
Q5IJ48,F1075K,0.9643,pathogenic,CRB2,1075.0
Q5IJ48,F1075L,0.9566,pathogenic,CRB2,1075.0
Q5IJ48,F1075M,0.9429,pathogenic,CRB2,1075.0
Q5IJ48,F1075N,0.9223,pathogenic,CRB2,1075.0
Q5IJ48,F1075P,0.9347,pathogenic,CRB2,1075.0
Q5IJ48,F1075Q,0.8962,pathogenic,CRB2,1075.0
Q5IJ48,F1075R,0.8339,pathogenic,CRB2,1075.0
Q5IJ48,F1075S,0.7625,pathogenic,CRB2,1075.0
Q5IJ48,F1075T,0.9196,pathogenic,CRB2,1075.0
Q5IJ48,F1075V,0.8167,pathogenic,CRB2,1075.0
Q5IJ48,F1075W,0.4937,ambiguous,CRB2,1075.0
Q5IJ48,F1075Y,0.4335,ambiguous,CRB2,1075.0
Q5IJ48,D1076A,0.3592,ambiguous,CRB2,1076.0
Q5IJ48,D1076C,0.9183,pathogenic,CRB2,1076.0
Q5IJ48,D1076E,0.4309,ambiguous,CRB2,1076.0
Q5IJ48,D1076F,0.7854,pathogenic,CRB2,1076.0
Q5IJ48,D1076G,0.2396,benign,CRB2,1076.0
Q5IJ48,D1076H,0.3802,ambiguous,CRB2,1076.0
Q5IJ48,D1076I,0.8963,pathogenic,CRB2,1076.0
Q5IJ48,D1076K,0.8173,pathogenic,CRB2,1076.0
Q5IJ48,D1076L,0.6535,pathogenic,CRB2,1076.0
Q5IJ48,D1076M,0.9334,pathogenic,CRB2,1076.0
Q5IJ48,D1076N,0.1818,benign,CRB2,1076.0
Q5IJ48,D1076P,0.8192,pathogenic,CRB2,1076.0
Q5IJ48,D1076Q,0.5663,pathogenic,CRB2,1076.0
Q5IJ48,D1076R,0.5657,pathogenic,CRB2,1076.0
Q5IJ48,D1076S,0.2494,benign,CRB2,1076.0
Q5IJ48,D1076T,0.6267,pathogenic,CRB2,1076.0
Q5IJ48,D1076V,0.7156,pathogenic,CRB2,1076.0
Q5IJ48,D1076W,0.9053,pathogenic,CRB2,1076.0
Q5IJ48,D1076Y,0.4435,ambiguous,CRB2,1076.0
Q5IJ48,A1077C,0.6091,pathogenic,CRB2,1077.0
Q5IJ48,A1077D,0.1414,benign,CRB2,1077.0
Q5IJ48,A1077E,0.149,benign,CRB2,1077.0
Q5IJ48,A1077F,0.289,benign,CRB2,1077.0
Q5IJ48,A1077G,0.1025,benign,CRB2,1077.0
Q5IJ48,A1077H,0.2589,benign,CRB2,1077.0
Q5IJ48,A1077I,0.2936,benign,CRB2,1077.0
Q5IJ48,A1077K,0.3515,ambiguous,CRB2,1077.0
Q5IJ48,A1077L,0.1709,benign,CRB2,1077.0
Q5IJ48,A1077M,0.2951,benign,CRB2,1077.0
Q5IJ48,A1077N,0.2265,benign,CRB2,1077.0
Q5IJ48,A1077P,0.6559,pathogenic,CRB2,1077.0
Q5IJ48,A1077Q,0.2098,benign,CRB2,1077.0
Q5IJ48,A1077R,0.1543,benign,CRB2,1077.0
Q5IJ48,A1077S,0.0925,benign,CRB2,1077.0
Q5IJ48,A1077T,0.0829,benign,CRB2,1077.0
Q5IJ48,A1077V,0.1321,benign,CRB2,1077.0
Q5IJ48,A1077W,0.5356,ambiguous,CRB2,1077.0
Q5IJ48,A1077Y,0.3981,ambiguous,CRB2,1077.0
Q5IJ48,F1078A,0.7514,pathogenic,CRB2,1078.0
Q5IJ48,F1078C,0.9373,pathogenic,CRB2,1078.0
Q5IJ48,F1078D,0.9349,pathogenic,CRB2,1078.0
Q5IJ48,F1078E,0.9197,pathogenic,CRB2,1078.0
Q5IJ48,F1078G,0.8958,pathogenic,CRB2,1078.0
Q5IJ48,F1078H,0.7669,pathogenic,CRB2,1078.0
Q5IJ48,F1078I,0.6716,pathogenic,CRB2,1078.0
Q5IJ48,F1078K,0.9572,pathogenic,CRB2,1078.0
Q5IJ48,F1078L,0.9456,pathogenic,CRB2,1078.0
Q5IJ48,F1078M,0.8851,pathogenic,CRB2,1078.0
Q5IJ48,F1078N,0.9149,pathogenic,CRB2,1078.0
Q5IJ48,F1078P,0.9502,pathogenic,CRB2,1078.0
Q5IJ48,F1078Q,0.8929,pathogenic,CRB2,1078.0
Q5IJ48,F1078R,0.8355,pathogenic,CRB2,1078.0
Q5IJ48,F1078S,0.664,pathogenic,CRB2,1078.0
Q5IJ48,F1078T,0.8064,pathogenic,CRB2,1078.0
Q5IJ48,F1078V,0.5027,ambiguous,CRB2,1078.0
Q5IJ48,F1078W,0.5667,pathogenic,CRB2,1078.0
Q5IJ48,F1078Y,0.3155,benign,CRB2,1078.0
Q5IJ48,A1079C,0.6667,pathogenic,CRB2,1079.0
Q5IJ48,A1079D,0.1834,benign,CRB2,1079.0
Q5IJ48,A1079E,0.1809,benign,CRB2,1079.0
Q5IJ48,A1079F,0.2722,benign,CRB2,1079.0
Q5IJ48,A1079G,0.1243,benign,CRB2,1079.0
Q5IJ48,A1079H,0.263,benign,CRB2,1079.0
Q5IJ48,A1079I,0.3083,benign,CRB2,1079.0
Q5IJ48,A1079K,0.4907,ambiguous,CRB2,1079.0
Q5IJ48,A1079L,0.1774,benign,CRB2,1079.0
Q5IJ48,A1079M,0.4188,ambiguous,CRB2,1079.0
Q5IJ48,A1079N,0.3355,benign,CRB2,1079.0
Q5IJ48,A1079P,0.6134,pathogenic,CRB2,1079.0
Q5IJ48,A1079Q,0.2452,benign,CRB2,1079.0
Q5IJ48,A1079R,0.1938,benign,CRB2,1079.0
Q5IJ48,A1079S,0.0926,benign,CRB2,1079.0
Q5IJ48,A1079T,0.0961,benign,CRB2,1079.0
Q5IJ48,A1079V,0.1427,benign,CRB2,1079.0
Q5IJ48,A1079W,0.5275,ambiguous,CRB2,1079.0
Q5IJ48,A1079Y,0.4168,ambiguous,CRB2,1079.0
Q5IJ48,C1080A,0.9124,pathogenic,CRB2,1080.0
Q5IJ48,C1080D,0.9829,pathogenic,CRB2,1080.0
Q5IJ48,C1080E,0.9861,pathogenic,CRB2,1080.0
Q5IJ48,C1080F,0.881,pathogenic,CRB2,1080.0
Q5IJ48,C1080G,0.7215,pathogenic,CRB2,1080.0
Q5IJ48,C1080H,0.9778,pathogenic,CRB2,1080.0
Q5IJ48,C1080I,0.9741,pathogenic,CRB2,1080.0
Q5IJ48,C1080K,0.9946,pathogenic,CRB2,1080.0
Q5IJ48,C1080L,0.8961,pathogenic,CRB2,1080.0
Q5IJ48,C1080M,0.9869,pathogenic,CRB2,1080.0
Q5IJ48,C1080N,0.9854,pathogenic,CRB2,1080.0
Q5IJ48,C1080P,0.9333,pathogenic,CRB2,1080.0
Q5IJ48,C1080Q,0.9858,pathogenic,CRB2,1080.0
Q5IJ48,C1080R,0.8869,pathogenic,CRB2,1080.0
Q5IJ48,C1080S,0.9342,pathogenic,CRB2,1080.0
Q5IJ48,C1080T,0.9732,pathogenic,CRB2,1080.0
Q5IJ48,C1080V,0.9257,pathogenic,CRB2,1080.0
Q5IJ48,C1080W,0.9041,pathogenic,CRB2,1080.0
Q5IJ48,C1080Y,0.9398,pathogenic,CRB2,1080.0
Q5IJ48,A1081C,0.6121,pathogenic,CRB2,1081.0
Q5IJ48,A1081D,0.1009,benign,CRB2,1081.0
Q5IJ48,A1081E,0.1316,benign,CRB2,1081.0
Q5IJ48,A1081F,0.2074,benign,CRB2,1081.0
Q5IJ48,A1081G,0.103,benign,CRB2,1081.0
Q5IJ48,A1081H,0.2174,benign,CRB2,1081.0
Q5IJ48,A1081I,0.2342,benign,CRB2,1081.0
Q5IJ48,A1081K,0.3381,benign,CRB2,1081.0
Q5IJ48,A1081L,0.1363,benign,CRB2,1081.0
Q5IJ48,A1081M,0.3065,benign,CRB2,1081.0
Q5IJ48,A1081N,0.195,benign,CRB2,1081.0
Q5IJ48,A1081P,0.2175,benign,CRB2,1081.0
Q5IJ48,A1081Q,0.1973,benign,CRB2,1081.0
Q5IJ48,A1081R,0.1476,benign,CRB2,1081.0
Q5IJ48,A1081S,0.0834,benign,CRB2,1081.0
Q5IJ48,A1081T,0.0853,benign,CRB2,1081.0
Q5IJ48,A1081V,0.1135,benign,CRB2,1081.0
Q5IJ48,A1081W,0.4125,ambiguous,CRB2,1081.0
Q5IJ48,A1081Y,0.3202,benign,CRB2,1081.0
Q5IJ48,C1082A,0.8365,pathogenic,CRB2,1082.0
Q5IJ48,C1082D,0.9576,pathogenic,CRB2,1082.0
Q5IJ48,C1082E,0.9627,pathogenic,CRB2,1082.0
Q5IJ48,C1082F,0.8468,pathogenic,CRB2,1082.0
Q5IJ48,C1082G,0.6016,pathogenic,CRB2,1082.0
Q5IJ48,C1082H,0.9403,pathogenic,CRB2,1082.0
Q5IJ48,C1082I,0.9605,pathogenic,CRB2,1082.0
Q5IJ48,C1082K,0.9819,pathogenic,CRB2,1082.0
Q5IJ48,C1082L,0.8585,pathogenic,CRB2,1082.0
Q5IJ48,C1082M,0.9766,pathogenic,CRB2,1082.0
Q5IJ48,C1082N,0.9624,pathogenic,CRB2,1082.0
Q5IJ48,C1082P,0.78,pathogenic,CRB2,1082.0
Q5IJ48,C1082Q,0.9548,pathogenic,CRB2,1082.0
Q5IJ48,C1082R,0.7655,pathogenic,CRB2,1082.0
Q5IJ48,C1082S,0.865,pathogenic,CRB2,1082.0
Q5IJ48,C1082T,0.9376,pathogenic,CRB2,1082.0
Q5IJ48,C1082V,0.8983,pathogenic,CRB2,1082.0
Q5IJ48,C1082W,0.86,pathogenic,CRB2,1082.0
Q5IJ48,C1082Y,0.9092,pathogenic,CRB2,1082.0
Q5IJ48,G1083A,0.0939,benign,CRB2,1083.0
Q5IJ48,G1083C,0.4347,ambiguous,CRB2,1083.0
Q5IJ48,G1083D,0.1508,benign,CRB2,1083.0
Q5IJ48,G1083E,0.1383,benign,CRB2,1083.0
Q5IJ48,G1083F,0.3305,benign,CRB2,1083.0
Q5IJ48,G1083H,0.1929,benign,CRB2,1083.0
Q5IJ48,G1083I,0.2133,benign,CRB2,1083.0
Q5IJ48,G1083K,0.2248,benign,CRB2,1083.0
Q5IJ48,G1083L,0.1833,benign,CRB2,1083.0
Q5IJ48,G1083M,0.3745,ambiguous,CRB2,1083.0
Q5IJ48,G1083N,0.2658,benign,CRB2,1083.0
Q5IJ48,G1083P,0.2337,benign,CRB2,1083.0
Q5IJ48,G1083Q,0.1747,benign,CRB2,1083.0
Q5IJ48,G1083R,0.1156,benign,CRB2,1083.0
Q5IJ48,G1083S,0.0935,benign,CRB2,1083.0
Q5IJ48,G1083T,0.1277,benign,CRB2,1083.0
Q5IJ48,G1083V,0.1401,benign,CRB2,1083.0
Q5IJ48,G1083W,0.2366,benign,CRB2,1083.0
Q5IJ48,G1083Y,0.3219,benign,CRB2,1083.0
Q5IJ48,P1084A,0.0644,benign,CRB2,1084.0
Q5IJ48,P1084C,0.5982,pathogenic,CRB2,1084.0
Q5IJ48,P1084D,0.1931,benign,CRB2,1084.0
Q5IJ48,P1084E,0.1313,benign,CRB2,1084.0
Q5IJ48,P1084F,0.2474,benign,CRB2,1084.0
Q5IJ48,P1084G,0.1573,benign,CRB2,1084.0
Q5IJ48,P1084H,0.1262,benign,CRB2,1084.0
Q5IJ48,P1084I,0.2247,benign,CRB2,1084.0
Q5IJ48,P1084K,0.1741,benign,CRB2,1084.0
Q5IJ48,P1084L,0.0845,benign,CRB2,1084.0
Q5IJ48,P1084M,0.2533,benign,CRB2,1084.0
Q5IJ48,P1084N,0.2373,benign,CRB2,1084.0
Q5IJ48,P1084Q,0.0997,benign,CRB2,1084.0
Q5IJ48,P1084R,0.0732,benign,CRB2,1084.0
Q5IJ48,P1084S,0.0859,benign,CRB2,1084.0
Q5IJ48,P1084T,0.09,benign,CRB2,1084.0
Q5IJ48,P1084V,0.1475,benign,CRB2,1084.0
Q5IJ48,P1084W,0.2644,benign,CRB2,1084.0
Q5IJ48,P1084Y,0.3064,benign,CRB2,1084.0
Q5IJ48,G1085A,0.1093,benign,CRB2,1085.0
Q5IJ48,G1085C,0.4815,ambiguous,CRB2,1085.0
Q5IJ48,G1085D,0.1144,benign,CRB2,1085.0
Q5IJ48,G1085E,0.1404,benign,CRB2,1085.0
Q5IJ48,G1085F,0.4188,ambiguous,CRB2,1085.0
Q5IJ48,G1085H,0.2314,benign,CRB2,1085.0
Q5IJ48,G1085I,0.3345,benign,CRB2,1085.0
Q5IJ48,G1085K,0.3113,benign,CRB2,1085.0
Q5IJ48,G1085L,0.2803,benign,CRB2,1085.0
Q5IJ48,G1085M,0.4748,ambiguous,CRB2,1085.0
Q5IJ48,G1085N,0.2253,benign,CRB2,1085.0
Q5IJ48,G1085P,0.4786,ambiguous,CRB2,1085.0
Q5IJ48,G1085Q,0.2014,benign,CRB2,1085.0
Q5IJ48,G1085R,0.1449,benign,CRB2,1085.0
Q5IJ48,G1085S,0.1016,benign,CRB2,1085.0
Q5IJ48,G1085T,0.1626,benign,CRB2,1085.0
Q5IJ48,G1085V,0.2088,benign,CRB2,1085.0
Q5IJ48,G1085W,0.2717,benign,CRB2,1085.0
Q5IJ48,G1085Y,0.3442,ambiguous,CRB2,1085.0
Q5IJ48,W1086A,0.609,pathogenic,CRB2,1086.0
Q5IJ48,W1086C,0.9726,pathogenic,CRB2,1086.0
Q5IJ48,W1086D,0.8882,pathogenic,CRB2,1086.0
Q5IJ48,W1086E,0.7566,pathogenic,CRB2,1086.0
Q5IJ48,W1086F,0.3484,ambiguous,CRB2,1086.0
Q5IJ48,W1086G,0.3945,ambiguous,CRB2,1086.0
Q5IJ48,W1086H,0.7852,pathogenic,CRB2,1086.0
Q5IJ48,W1086I,0.8529,pathogenic,CRB2,1086.0
Q5IJ48,W1086K,0.8533,pathogenic,CRB2,1086.0
Q5IJ48,W1086L,0.6506,pathogenic,CRB2,1086.0
Q5IJ48,W1086M,0.8489,pathogenic,CRB2,1086.0
Q5IJ48,W1086N,0.9114,pathogenic,CRB2,1086.0
Q5IJ48,W1086P,0.9158,pathogenic,CRB2,1086.0
Q5IJ48,W1086Q,0.7807,pathogenic,CRB2,1086.0
Q5IJ48,W1086R,0.6827,pathogenic,CRB2,1086.0
Q5IJ48,W1086S,0.4938,ambiguous,CRB2,1086.0
Q5IJ48,W1086T,0.6848,pathogenic,CRB2,1086.0
Q5IJ48,W1086V,0.7325,pathogenic,CRB2,1086.0
Q5IJ48,W1086Y,0.633,pathogenic,CRB2,1086.0
Q5IJ48,E1087A,0.1203,benign,CRB2,1087.0
Q5IJ48,E1087C,0.9209,pathogenic,CRB2,1087.0
Q5IJ48,E1087D,0.2307,benign,CRB2,1087.0
Q5IJ48,E1087F,0.6979,pathogenic,CRB2,1087.0
Q5IJ48,E1087G,0.1253,benign,CRB2,1087.0
Q5IJ48,E1087H,0.3656,ambiguous,CRB2,1087.0
Q5IJ48,E1087I,0.4658,ambiguous,CRB2,1087.0
Q5IJ48,E1087K,0.1333,benign,CRB2,1087.0
Q5IJ48,E1087L,0.3972,ambiguous,CRB2,1087.0
Q5IJ48,E1087M,0.5016,ambiguous,CRB2,1087.0
Q5IJ48,E1087N,0.3366,benign,CRB2,1087.0
Q5IJ48,E1087P,0.7431,pathogenic,CRB2,1087.0
Q5IJ48,E1087Q,0.0939,benign,CRB2,1087.0
Q5IJ48,E1087R,0.141,benign,CRB2,1087.0
Q5IJ48,E1087S,0.1789,benign,CRB2,1087.0
Q5IJ48,E1087T,0.2043,benign,CRB2,1087.0
Q5IJ48,E1087V,0.2603,benign,CRB2,1087.0
Q5IJ48,E1087W,0.7957,pathogenic,CRB2,1087.0
Q5IJ48,E1087Y,0.6197,pathogenic,CRB2,1087.0
Q5IJ48,G1088A,0.5715,pathogenic,CRB2,1088.0
Q5IJ48,G1088C,0.9695,pathogenic,CRB2,1088.0
Q5IJ48,G1088D,0.5329,ambiguous,CRB2,1088.0
Q5IJ48,G1088E,0.7346,pathogenic,CRB2,1088.0
Q5IJ48,G1088F,0.9333,pathogenic,CRB2,1088.0
Q5IJ48,G1088H,0.9112,pathogenic,CRB2,1088.0
Q5IJ48,G1088I,0.8937,pathogenic,CRB2,1088.0
Q5IJ48,G1088K,0.89,pathogenic,CRB2,1088.0
Q5IJ48,G1088L,0.8706,pathogenic,CRB2,1088.0
Q5IJ48,G1088M,0.9315,pathogenic,CRB2,1088.0
Q5IJ48,G1088N,0.781,pathogenic,CRB2,1088.0
Q5IJ48,G1088P,0.9244,pathogenic,CRB2,1088.0
Q5IJ48,G1088Q,0.8889,pathogenic,CRB2,1088.0
Q5IJ48,G1088R,0.8533,pathogenic,CRB2,1088.0
Q5IJ48,G1088S,0.4927,ambiguous,CRB2,1088.0
Q5IJ48,G1088T,0.764,pathogenic,CRB2,1088.0
Q5IJ48,G1088V,0.8198,pathogenic,CRB2,1088.0
Q5IJ48,G1088W,0.8911,pathogenic,CRB2,1088.0
Q5IJ48,G1088Y,0.9057,pathogenic,CRB2,1088.0
Q5IJ48,P1089A,0.0716,benign,CRB2,1089.0
Q5IJ48,P1089C,0.6534,pathogenic,CRB2,1089.0
Q5IJ48,P1089D,0.2205,benign,CRB2,1089.0
Q5IJ48,P1089E,0.1324,benign,CRB2,1089.0
Q5IJ48,P1089F,0.3085,benign,CRB2,1089.0
Q5IJ48,P1089G,0.1643,benign,CRB2,1089.0
Q5IJ48,P1089H,0.1452,benign,CRB2,1089.0
Q5IJ48,P1089I,0.2512,benign,CRB2,1089.0
Q5IJ48,P1089K,0.1933,benign,CRB2,1089.0
Q5IJ48,P1089L,0.096,benign,CRB2,1089.0
Q5IJ48,P1089M,0.2987,benign,CRB2,1089.0
Q5IJ48,P1089N,0.2836,benign,CRB2,1089.0
Q5IJ48,P1089Q,0.0992,benign,CRB2,1089.0
Q5IJ48,P1089R,0.0739,benign,CRB2,1089.0
Q5IJ48,P1089S,0.1017,benign,CRB2,1089.0
Q5IJ48,P1089T,0.1095,benign,CRB2,1089.0
Q5IJ48,P1089V,0.1537,benign,CRB2,1089.0
Q5IJ48,P1089W,0.2879,benign,CRB2,1089.0
Q5IJ48,P1089Y,0.3509,ambiguous,CRB2,1089.0
Q5IJ48,R1090A,0.1926,benign,CRB2,1090.0
Q5IJ48,R1090C,0.401,ambiguous,CRB2,1090.0
Q5IJ48,R1090D,0.3754,ambiguous,CRB2,1090.0
Q5IJ48,R1090E,0.2527,benign,CRB2,1090.0
Q5IJ48,R1090F,0.3231,benign,CRB2,1090.0
Q5IJ48,R1090G,0.1165,benign,CRB2,1090.0
Q5IJ48,R1090H,0.117,benign,CRB2,1090.0
Q5IJ48,R1090I,0.2876,benign,CRB2,1090.0
Q5IJ48,R1090K,0.2559,benign,CRB2,1090.0
Q5IJ48,R1090L,0.1007,benign,CRB2,1090.0
Q5IJ48,R1090M,0.4276,ambiguous,CRB2,1090.0
Q5IJ48,R1090N,0.4069,ambiguous,CRB2,1090.0
Q5IJ48,R1090P,0.3129,benign,CRB2,1090.0
Q5IJ48,R1090Q,0.1264,benign,CRB2,1090.0
Q5IJ48,R1090S,0.2477,benign,CRB2,1090.0
Q5IJ48,R1090T,0.2173,benign,CRB2,1090.0
Q5IJ48,R1090V,0.2498,benign,CRB2,1090.0
Q5IJ48,R1090W,0.1612,benign,CRB2,1090.0
Q5IJ48,R1090Y,0.2847,benign,CRB2,1090.0
Q5IJ48,C1091A,0.9468,pathogenic,CRB2,1091.0
Q5IJ48,C1091D,0.9821,pathogenic,CRB2,1091.0
Q5IJ48,C1091E,0.9847,pathogenic,CRB2,1091.0
Q5IJ48,C1091F,0.9377,pathogenic,CRB2,1091.0
Q5IJ48,C1091G,0.6933,pathogenic,CRB2,1091.0
Q5IJ48,C1091H,0.9828,pathogenic,CRB2,1091.0
Q5IJ48,C1091I,0.9866,pathogenic,CRB2,1091.0
Q5IJ48,C1091K,0.9936,pathogenic,CRB2,1091.0
Q5IJ48,C1091L,0.9322,pathogenic,CRB2,1091.0
Q5IJ48,C1091M,0.9878,pathogenic,CRB2,1091.0
Q5IJ48,C1091N,0.9861,pathogenic,CRB2,1091.0
Q5IJ48,C1091P,0.9659,pathogenic,CRB2,1091.0
Q5IJ48,C1091Q,0.9846,pathogenic,CRB2,1091.0
Q5IJ48,C1091R,0.912,pathogenic,CRB2,1091.0
Q5IJ48,C1091S,0.9675,pathogenic,CRB2,1091.0
Q5IJ48,C1091T,0.9845,pathogenic,CRB2,1091.0
Q5IJ48,C1091V,0.9691,pathogenic,CRB2,1091.0
Q5IJ48,C1091W,0.9223,pathogenic,CRB2,1091.0
Q5IJ48,C1091Y,0.9501,pathogenic,CRB2,1091.0
Q5IJ48,E1092A,0.1485,benign,CRB2,1092.0
Q5IJ48,E1092C,0.9621,pathogenic,CRB2,1092.0
Q5IJ48,E1092D,0.2991,benign,CRB2,1092.0
Q5IJ48,E1092F,0.793,pathogenic,CRB2,1092.0
Q5IJ48,E1092G,0.1995,benign,CRB2,1092.0
Q5IJ48,E1092H,0.4754,ambiguous,CRB2,1092.0
Q5IJ48,E1092I,0.6324,pathogenic,CRB2,1092.0
Q5IJ48,E1092K,0.2013,benign,CRB2,1092.0
Q5IJ48,E1092L,0.4425,ambiguous,CRB2,1092.0
Q5IJ48,E1092M,0.6088,pathogenic,CRB2,1092.0
Q5IJ48,E1092N,0.5639,ambiguous,CRB2,1092.0
Q5IJ48,E1092P,0.7489,pathogenic,CRB2,1092.0
Q5IJ48,E1092Q,0.1064,benign,CRB2,1092.0
Q5IJ48,E1092R,0.177,benign,CRB2,1092.0
Q5IJ48,E1092S,0.2739,benign,CRB2,1092.0
Q5IJ48,E1092T,0.3053,benign,CRB2,1092.0
Q5IJ48,E1092V,0.3549,ambiguous,CRB2,1092.0
Q5IJ48,E1092W,0.8827,pathogenic,CRB2,1092.0
Q5IJ48,E1092Y,0.7849,pathogenic,CRB2,1092.0
Q5IJ48,A1093C,0.6847,pathogenic,CRB2,1093.0
Q5IJ48,A1093D,0.1008,benign,CRB2,1093.0
Q5IJ48,A1093E,0.0983,benign,CRB2,1093.0
Q5IJ48,A1093F,0.1723,benign,CRB2,1093.0
Q5IJ48,A1093G,0.0871,benign,CRB2,1093.0
Q5IJ48,A1093H,0.2077,benign,CRB2,1093.0
Q5IJ48,A1093I,0.1629,benign,CRB2,1093.0
Q5IJ48,A1093K,0.1764,benign,CRB2,1093.0
Q5IJ48,A1093L,0.111,benign,CRB2,1093.0
Q5IJ48,A1093M,0.1727,benign,CRB2,1093.0
Q5IJ48,A1093N,0.1348,benign,CRB2,1093.0
Q5IJ48,A1093P,0.2765,benign,CRB2,1093.0
Q5IJ48,A1093Q,0.1403,benign,CRB2,1093.0
Q5IJ48,A1093R,0.1081,benign,CRB2,1093.0
Q5IJ48,A1093S,0.075,benign,CRB2,1093.0
Q5IJ48,A1093T,0.072,benign,CRB2,1093.0
Q5IJ48,A1093V,0.0856,benign,CRB2,1093.0
Q5IJ48,A1093W,0.3519,ambiguous,CRB2,1093.0
Q5IJ48,A1093Y,0.2802,benign,CRB2,1093.0
Q5IJ48,H1094A,0.0755,benign,CRB2,1094.0
Q5IJ48,H1094C,0.2937,benign,CRB2,1094.0
Q5IJ48,H1094D,0.097,benign,CRB2,1094.0
Q5IJ48,H1094E,0.1039,benign,CRB2,1094.0
Q5IJ48,H1094F,0.176,benign,CRB2,1094.0
Q5IJ48,H1094G,0.0892,benign,CRB2,1094.0
Q5IJ48,H1094I,0.1941,benign,CRB2,1094.0
Q5IJ48,H1094K,0.1201,benign,CRB2,1094.0
Q5IJ48,H1094L,0.0597,benign,CRB2,1094.0
Q5IJ48,H1094M,0.2864,benign,CRB2,1094.0
Q5IJ48,H1094N,0.0996,benign,CRB2,1094.0
Q5IJ48,H1094P,0.0419,benign,CRB2,1094.0
Q5IJ48,H1094Q,0.082,benign,CRB2,1094.0
Q5IJ48,H1094R,0.0404,benign,CRB2,1094.0
Q5IJ48,H1094S,0.0884,benign,CRB2,1094.0
Q5IJ48,H1094T,0.1153,benign,CRB2,1094.0
Q5IJ48,H1094V,0.1228,benign,CRB2,1094.0
Q5IJ48,H1094W,0.1357,benign,CRB2,1094.0
Q5IJ48,H1094Y,0.0971,benign,CRB2,1094.0
Q5IJ48,V1095A,0.048,benign,CRB2,1095.0
Q5IJ48,V1095C,0.706,pathogenic,CRB2,1095.0
Q5IJ48,V1095D,0.1069,benign,CRB2,1095.0
Q5IJ48,V1095E,0.0827,benign,CRB2,1095.0
Q5IJ48,V1095F,0.132,benign,CRB2,1095.0
Q5IJ48,V1095G,0.0574,benign,CRB2,1095.0
Q5IJ48,V1095H,0.2275,benign,CRB2,1095.0
Q5IJ48,V1095I,0.0963,benign,CRB2,1095.0
Q5IJ48,V1095K,0.1108,benign,CRB2,1095.0
Q5IJ48,V1095L,0.1058,benign,CRB2,1095.0
Q5IJ48,V1095M,0.1386,benign,CRB2,1095.0
Q5IJ48,V1095N,0.1393,benign,CRB2,1095.0
Q5IJ48,V1095P,0.1192,benign,CRB2,1095.0
Q5IJ48,V1095Q,0.105,benign,CRB2,1095.0
Q5IJ48,V1095R,0.0603,benign,CRB2,1095.0
Q5IJ48,V1095S,0.0736,benign,CRB2,1095.0
Q5IJ48,V1095T,0.0792,benign,CRB2,1095.0
Q5IJ48,V1095W,0.4041,ambiguous,CRB2,1095.0
Q5IJ48,V1095Y,0.3671,ambiguous,CRB2,1095.0
Q5IJ48,D1096A,0.1649,benign,CRB2,1096.0
Q5IJ48,D1096C,0.8136,pathogenic,CRB2,1096.0
Q5IJ48,D1096E,0.2608,benign,CRB2,1096.0
Q5IJ48,D1096F,0.5417,ambiguous,CRB2,1096.0
Q5IJ48,D1096G,0.239,benign,CRB2,1096.0
Q5IJ48,D1096H,0.2284,benign,CRB2,1096.0
Q5IJ48,D1096I,0.4237,ambiguous,CRB2,1096.0
Q5IJ48,D1096K,0.4136,ambiguous,CRB2,1096.0
Q5IJ48,D1096L,0.3162,benign,CRB2,1096.0
Q5IJ48,D1096M,0.6816,pathogenic,CRB2,1096.0
Q5IJ48,D1096N,0.1199,benign,CRB2,1096.0
Q5IJ48,D1096P,0.3029,benign,CRB2,1096.0
Q5IJ48,D1096Q,0.3456,ambiguous,CRB2,1096.0
Q5IJ48,D1096R,0.3169,benign,CRB2,1096.0
Q5IJ48,D1096S,0.1363,benign,CRB2,1096.0
Q5IJ48,D1096T,0.3235,benign,CRB2,1096.0
Q5IJ48,D1096V,0.2677,benign,CRB2,1096.0
Q5IJ48,D1096W,0.7605,pathogenic,CRB2,1096.0
Q5IJ48,D1096Y,0.2123,benign,CRB2,1096.0
Q5IJ48,P1097A,0.0761,benign,CRB2,1097.0
Q5IJ48,P1097C,0.7172,pathogenic,CRB2,1097.0
Q5IJ48,P1097D,0.3179,benign,CRB2,1097.0
Q5IJ48,P1097E,0.2277,benign,CRB2,1097.0
Q5IJ48,P1097F,0.3443,ambiguous,CRB2,1097.0
Q5IJ48,P1097G,0.2264,benign,CRB2,1097.0
Q5IJ48,P1097H,0.1875,benign,CRB2,1097.0
Q5IJ48,P1097I,0.2693,benign,CRB2,1097.0
Q5IJ48,P1097K,0.3322,benign,CRB2,1097.0
Q5IJ48,P1097L,0.1112,benign,CRB2,1097.0
Q5IJ48,P1097M,0.4064,ambiguous,CRB2,1097.0
Q5IJ48,P1097N,0.3609,ambiguous,CRB2,1097.0
Q5IJ48,P1097Q,0.1716,benign,CRB2,1097.0
Q5IJ48,P1097R,0.1036,benign,CRB2,1097.0
Q5IJ48,P1097S,0.1116,benign,CRB2,1097.0
Q5IJ48,P1097T,0.1088,benign,CRB2,1097.0
Q5IJ48,P1097V,0.1784,benign,CRB2,1097.0
Q5IJ48,P1097W,0.4585,ambiguous,CRB2,1097.0
Q5IJ48,P1097Y,0.3954,ambiguous,CRB2,1097.0
Q5IJ48,C1098A,0.885,pathogenic,CRB2,1098.0
Q5IJ48,C1098D,0.9593,pathogenic,CRB2,1098.0
Q5IJ48,C1098E,0.9534,pathogenic,CRB2,1098.0
Q5IJ48,C1098F,0.771,pathogenic,CRB2,1098.0
Q5IJ48,C1098G,0.6626,pathogenic,CRB2,1098.0
Q5IJ48,C1098H,0.9293,pathogenic,CRB2,1098.0
Q5IJ48,C1098I,0.946,pathogenic,CRB2,1098.0
Q5IJ48,C1098K,0.9806,pathogenic,CRB2,1098.0
Q5IJ48,C1098L,0.8319,pathogenic,CRB2,1098.0
Q5IJ48,C1098M,0.9652,pathogenic,CRB2,1098.0
Q5IJ48,C1098N,0.9616,pathogenic,CRB2,1098.0
Q5IJ48,C1098P,0.9128,pathogenic,CRB2,1098.0
Q5IJ48,C1098Q,0.9413,pathogenic,CRB2,1098.0
Q5IJ48,C1098R,0.7791,pathogenic,CRB2,1098.0
Q5IJ48,C1098S,0.8799,pathogenic,CRB2,1098.0
Q5IJ48,C1098T,0.9513,pathogenic,CRB2,1098.0
Q5IJ48,C1098V,0.9054,pathogenic,CRB2,1098.0
Q5IJ48,C1098W,0.8278,pathogenic,CRB2,1098.0
Q5IJ48,C1098Y,0.8686,pathogenic,CRB2,1098.0
Q5IJ48,H1099A,0.0904,benign,CRB2,1099.0
Q5IJ48,H1099C,0.2922,benign,CRB2,1099.0
Q5IJ48,H1099D,0.1018,benign,CRB2,1099.0
Q5IJ48,H1099E,0.1347,benign,CRB2,1099.0
Q5IJ48,H1099F,0.1823,benign,CRB2,1099.0
Q5IJ48,H1099G,0.0923,benign,CRB2,1099.0
Q5IJ48,H1099I,0.1867,benign,CRB2,1099.0
Q5IJ48,H1099K,0.1606,benign,CRB2,1099.0
Q5IJ48,H1099L,0.0583,benign,CRB2,1099.0
Q5IJ48,H1099M,0.3834,ambiguous,CRB2,1099.0
Q5IJ48,H1099N,0.1087,benign,CRB2,1099.0
Q5IJ48,H1099P,0.073,benign,CRB2,1099.0
Q5IJ48,H1099Q,0.0945,benign,CRB2,1099.0
Q5IJ48,H1099R,0.0431,benign,CRB2,1099.0
Q5IJ48,H1099S,0.0959,benign,CRB2,1099.0
Q5IJ48,H1099T,0.1397,benign,CRB2,1099.0
Q5IJ48,H1099V,0.1235,benign,CRB2,1099.0
Q5IJ48,H1099W,0.159,benign,CRB2,1099.0
Q5IJ48,H1099Y,0.0962,benign,CRB2,1099.0
Q5IJ48,S1100A,0.0735,benign,CRB2,1100.0
Q5IJ48,S1100C,0.4257,ambiguous,CRB2,1100.0
Q5IJ48,S1100D,0.2533,benign,CRB2,1100.0
Q5IJ48,S1100E,0.29,benign,CRB2,1100.0
Q5IJ48,S1100F,0.181,benign,CRB2,1100.0
Q5IJ48,S1100G,0.0981,benign,CRB2,1100.0
Q5IJ48,S1100H,0.2226,benign,CRB2,1100.0
Q5IJ48,S1100I,0.2522,benign,CRB2,1100.0
Q5IJ48,S1100K,0.4423,ambiguous,CRB2,1100.0
Q5IJ48,S1100L,0.1246,benign,CRB2,1100.0
Q5IJ48,S1100M,0.3196,benign,CRB2,1100.0
Q5IJ48,S1100N,0.2385,benign,CRB2,1100.0
Q5IJ48,S1100P,0.0886,benign,CRB2,1100.0
Q5IJ48,S1100Q,0.2901,benign,CRB2,1100.0
Q5IJ48,S1100R,0.2541,benign,CRB2,1100.0
Q5IJ48,S1100T,0.116,benign,CRB2,1100.0
Q5IJ48,S1100V,0.1971,benign,CRB2,1100.0
Q5IJ48,S1100W,0.167,benign,CRB2,1100.0
Q5IJ48,S1100Y,0.1851,benign,CRB2,1100.0
Q5IJ48,A1101C,0.6442,pathogenic,CRB2,1101.0
Q5IJ48,A1101D,0.1286,benign,CRB2,1101.0
Q5IJ48,A1101E,0.1338,benign,CRB2,1101.0
Q5IJ48,A1101F,0.1779,benign,CRB2,1101.0
Q5IJ48,A1101G,0.0968,benign,CRB2,1101.0
Q5IJ48,A1101H,0.2104,benign,CRB2,1101.0
Q5IJ48,A1101I,0.2281,benign,CRB2,1101.0
Q5IJ48,A1101K,0.2223,benign,CRB2,1101.0
Q5IJ48,A1101L,0.116,benign,CRB2,1101.0
Q5IJ48,A1101M,0.2148,benign,CRB2,1101.0
Q5IJ48,A1101N,0.1791,benign,CRB2,1101.0
Q5IJ48,A1101P,0.1131,benign,CRB2,1101.0
Q5IJ48,A1101Q,0.152,benign,CRB2,1101.0
Q5IJ48,A1101R,0.1261,benign,CRB2,1101.0
Q5IJ48,A1101S,0.0759,benign,CRB2,1101.0
Q5IJ48,A1101T,0.0841,benign,CRB2,1101.0
Q5IJ48,A1101V,0.1102,benign,CRB2,1101.0
Q5IJ48,A1101W,0.3647,ambiguous,CRB2,1101.0
Q5IJ48,A1101Y,0.2879,benign,CRB2,1101.0
Q5IJ48,P1102A,0.1607,benign,CRB2,1102.0
Q5IJ48,P1102C,0.9139,pathogenic,CRB2,1102.0
Q5IJ48,P1102D,0.7625,pathogenic,CRB2,1102.0
Q5IJ48,P1102E,0.5579,ambiguous,CRB2,1102.0
Q5IJ48,P1102F,0.6945,pathogenic,CRB2,1102.0
Q5IJ48,P1102G,0.5451,ambiguous,CRB2,1102.0
Q5IJ48,P1102H,0.4397,ambiguous,CRB2,1102.0
Q5IJ48,P1102I,0.5528,ambiguous,CRB2,1102.0
Q5IJ48,P1102K,0.6319,pathogenic,CRB2,1102.0
Q5IJ48,P1102L,0.2709,benign,CRB2,1102.0
Q5IJ48,P1102M,0.7313,pathogenic,CRB2,1102.0
Q5IJ48,P1102N,0.7597,pathogenic,CRB2,1102.0
Q5IJ48,P1102Q,0.3693,ambiguous,CRB2,1102.0
Q5IJ48,P1102R,0.2331,benign,CRB2,1102.0
Q5IJ48,P1102S,0.2929,benign,CRB2,1102.0
Q5IJ48,P1102T,0.2814,benign,CRB2,1102.0
Q5IJ48,P1102V,0.3781,ambiguous,CRB2,1102.0
Q5IJ48,P1102W,0.7775,pathogenic,CRB2,1102.0
Q5IJ48,P1102Y,0.6982,pathogenic,CRB2,1102.0
Q5IJ48,C1103A,0.9109,pathogenic,CRB2,1103.0
Q5IJ48,C1103D,0.9762,pathogenic,CRB2,1103.0
Q5IJ48,C1103E,0.9796,pathogenic,CRB2,1103.0
Q5IJ48,C1103F,0.8306,pathogenic,CRB2,1103.0
Q5IJ48,C1103G,0.7415,pathogenic,CRB2,1103.0
Q5IJ48,C1103H,0.9657,pathogenic,CRB2,1103.0
Q5IJ48,C1103I,0.9648,pathogenic,CRB2,1103.0
Q5IJ48,C1103K,0.9895,pathogenic,CRB2,1103.0
Q5IJ48,C1103L,0.8905,pathogenic,CRB2,1103.0
Q5IJ48,C1103M,0.9786,pathogenic,CRB2,1103.0
Q5IJ48,C1103N,0.9815,pathogenic,CRB2,1103.0
Q5IJ48,C1103P,0.9083,pathogenic,CRB2,1103.0
Q5IJ48,C1103Q,0.9767,pathogenic,CRB2,1103.0
Q5IJ48,C1103R,0.8555,pathogenic,CRB2,1103.0
Q5IJ48,C1103S,0.9312,pathogenic,CRB2,1103.0
Q5IJ48,C1103T,0.9704,pathogenic,CRB2,1103.0
Q5IJ48,C1103V,0.9157,pathogenic,CRB2,1103.0
Q5IJ48,C1103W,0.8801,pathogenic,CRB2,1103.0
Q5IJ48,C1103Y,0.9065,pathogenic,CRB2,1103.0
Q5IJ48,A1104C,0.6731,pathogenic,CRB2,1104.0
Q5IJ48,A1104D,0.1446,benign,CRB2,1104.0
Q5IJ48,A1104E,0.1155,benign,CRB2,1104.0
Q5IJ48,A1104F,0.1758,benign,CRB2,1104.0
Q5IJ48,A1104G,0.0954,benign,CRB2,1104.0
Q5IJ48,A1104H,0.2505,benign,CRB2,1104.0
Q5IJ48,A1104I,0.1704,benign,CRB2,1104.0
Q5IJ48,A1104K,0.2748,benign,CRB2,1104.0
Q5IJ48,A1104L,0.0989,benign,CRB2,1104.0
Q5IJ48,A1104M,0.2238,benign,CRB2,1104.0
Q5IJ48,A1104N,0.2276,benign,CRB2,1104.0
Q5IJ48,A1104P,0.1159,benign,CRB2,1104.0
Q5IJ48,A1104Q,0.1713,benign,CRB2,1104.0
Q5IJ48,A1104R,0.1429,benign,CRB2,1104.0
Q5IJ48,A1104S,0.0823,benign,CRB2,1104.0
Q5IJ48,A1104T,0.0859,benign,CRB2,1104.0
Q5IJ48,A1104V,0.0858,benign,CRB2,1104.0
Q5IJ48,A1104W,0.3507,ambiguous,CRB2,1104.0
Q5IJ48,A1104Y,0.3108,benign,CRB2,1104.0
Q5IJ48,R1105A,0.1708,benign,CRB2,1105.0
Q5IJ48,R1105C,0.4062,ambiguous,CRB2,1105.0
Q5IJ48,R1105D,0.2743,benign,CRB2,1105.0
Q5IJ48,R1105E,0.1824,benign,CRB2,1105.0
Q5IJ48,R1105F,0.2974,benign,CRB2,1105.0
Q5IJ48,R1105G,0.1018,benign,CRB2,1105.0
Q5IJ48,R1105H,0.0923,benign,CRB2,1105.0
Q5IJ48,R1105I,0.3038,benign,CRB2,1105.0
Q5IJ48,R1105K,0.1715,benign,CRB2,1105.0
Q5IJ48,R1105L,0.1378,benign,CRB2,1105.0
Q5IJ48,R1105M,0.3148,benign,CRB2,1105.0
Q5IJ48,R1105N,0.3028,benign,CRB2,1105.0
Q5IJ48,R1105P,0.1775,benign,CRB2,1105.0
Q5IJ48,R1105Q,0.0996,benign,CRB2,1105.0
Q5IJ48,R1105S,0.2164,benign,CRB2,1105.0
Q5IJ48,R1105T,0.1884,benign,CRB2,1105.0
Q5IJ48,R1105V,0.2764,benign,CRB2,1105.0
Q5IJ48,R1105W,0.1127,benign,CRB2,1105.0
Q5IJ48,R1105Y,0.2516,benign,CRB2,1105.0
Q5IJ48,G1106A,0.391,ambiguous,CRB2,1106.0
Q5IJ48,G1106C,0.9187,pathogenic,CRB2,1106.0
Q5IJ48,G1106D,0.7323,pathogenic,CRB2,1106.0
Q5IJ48,G1106E,0.7286,pathogenic,CRB2,1106.0
Q5IJ48,G1106F,0.9066,pathogenic,CRB2,1106.0
Q5IJ48,G1106H,0.8924,pathogenic,CRB2,1106.0
Q5IJ48,G1106I,0.8597,pathogenic,CRB2,1106.0
Q5IJ48,G1106K,0.9141,pathogenic,CRB2,1106.0
Q5IJ48,G1106L,0.8309,pathogenic,CRB2,1106.0
Q5IJ48,G1106M,0.9218,pathogenic,CRB2,1106.0
Q5IJ48,G1106N,0.8439,pathogenic,CRB2,1106.0
Q5IJ48,G1106P,0.9083,pathogenic,CRB2,1106.0
Q5IJ48,G1106Q,0.8243,pathogenic,CRB2,1106.0
Q5IJ48,G1106R,0.7911,pathogenic,CRB2,1106.0
Q5IJ48,G1106S,0.3657,ambiguous,CRB2,1106.0
Q5IJ48,G1106T,0.7254,pathogenic,CRB2,1106.0
Q5IJ48,G1106V,0.7438,pathogenic,CRB2,1106.0
Q5IJ48,G1106W,0.8002,pathogenic,CRB2,1106.0
Q5IJ48,G1106Y,0.8531,pathogenic,CRB2,1106.0
Q5IJ48,R1107A,0.1453,benign,CRB2,1107.0
Q5IJ48,R1107C,0.332,benign,CRB2,1107.0
Q5IJ48,R1107D,0.2276,benign,CRB2,1107.0
Q5IJ48,R1107E,0.1638,benign,CRB2,1107.0
Q5IJ48,R1107F,0.199,benign,CRB2,1107.0
Q5IJ48,R1107G,0.1063,benign,CRB2,1107.0
Q5IJ48,R1107H,0.0813,benign,CRB2,1107.0
Q5IJ48,R1107I,0.1544,benign,CRB2,1107.0
Q5IJ48,R1107K,0.1559,benign,CRB2,1107.0
Q5IJ48,R1107L,0.0926,benign,CRB2,1107.0
Q5IJ48,R1107M,0.2297,benign,CRB2,1107.0
Q5IJ48,R1107N,0.2563,benign,CRB2,1107.0
Q5IJ48,R1107P,0.1867,benign,CRB2,1107.0
Q5IJ48,R1107Q,0.087,benign,CRB2,1107.0
Q5IJ48,R1107S,0.1602,benign,CRB2,1107.0
Q5IJ48,R1107T,0.125,benign,CRB2,1107.0
Q5IJ48,R1107V,0.1657,benign,CRB2,1107.0
Q5IJ48,R1107W,0.0881,benign,CRB2,1107.0
Q5IJ48,R1107Y,0.1979,benign,CRB2,1107.0
Q5IJ48,C1108A,0.9389,pathogenic,CRB2,1108.0
Q5IJ48,C1108D,0.9796,pathogenic,CRB2,1108.0
Q5IJ48,C1108E,0.979,pathogenic,CRB2,1108.0
Q5IJ48,C1108F,0.8238,pathogenic,CRB2,1108.0
Q5IJ48,C1108G,0.7395,pathogenic,CRB2,1108.0
Q5IJ48,C1108H,0.9644,pathogenic,CRB2,1108.0
Q5IJ48,C1108I,0.9379,pathogenic,CRB2,1108.0
Q5IJ48,C1108K,0.9885,pathogenic,CRB2,1108.0
Q5IJ48,C1108L,0.877,pathogenic,CRB2,1108.0
Q5IJ48,C1108M,0.974,pathogenic,CRB2,1108.0
Q5IJ48,C1108N,0.9739,pathogenic,CRB2,1108.0
Q5IJ48,C1108P,0.896,pathogenic,CRB2,1108.0
Q5IJ48,C1108Q,0.9735,pathogenic,CRB2,1108.0
Q5IJ48,C1108R,0.8918,pathogenic,CRB2,1108.0
Q5IJ48,C1108S,0.9456,pathogenic,CRB2,1108.0
Q5IJ48,C1108T,0.9741,pathogenic,CRB2,1108.0
Q5IJ48,C1108V,0.9199,pathogenic,CRB2,1108.0
Q5IJ48,C1108W,0.8637,pathogenic,CRB2,1108.0
Q5IJ48,C1108Y,0.8776,pathogenic,CRB2,1108.0
Q5IJ48,H1109A,0.1822,benign,CRB2,1109.0
Q5IJ48,H1109C,0.4381,ambiguous,CRB2,1109.0
Q5IJ48,H1109D,0.1312,benign,CRB2,1109.0
Q5IJ48,H1109E,0.1605,benign,CRB2,1109.0
Q5IJ48,H1109F,0.1839,benign,CRB2,1109.0
Q5IJ48,H1109G,0.1995,benign,CRB2,1109.0
Q5IJ48,H1109I,0.2577,benign,CRB2,1109.0
Q5IJ48,H1109K,0.2362,benign,CRB2,1109.0
Q5IJ48,H1109L,0.1008,benign,CRB2,1109.0
Q5IJ48,H1109M,0.4589,ambiguous,CRB2,1109.0
Q5IJ48,H1109N,0.1446,benign,CRB2,1109.0
Q5IJ48,H1109P,0.1942,benign,CRB2,1109.0
Q5IJ48,H1109Q,0.1223,benign,CRB2,1109.0
Q5IJ48,H1109R,0.0663,benign,CRB2,1109.0
Q5IJ48,H1109S,0.1648,benign,CRB2,1109.0
Q5IJ48,H1109T,0.234,benign,CRB2,1109.0
Q5IJ48,H1109V,0.1809,benign,CRB2,1109.0
Q5IJ48,H1109W,0.1981,benign,CRB2,1109.0
Q5IJ48,H1109Y,0.1009,benign,CRB2,1109.0
Q5IJ48,T1110A,0.0488,benign,CRB2,1110.0
Q5IJ48,T1110C,0.5481,ambiguous,CRB2,1110.0
Q5IJ48,T1110D,0.1513,benign,CRB2,1110.0
Q5IJ48,T1110E,0.1426,benign,CRB2,1110.0
Q5IJ48,T1110F,0.1314,benign,CRB2,1110.0
Q5IJ48,T1110G,0.0918,benign,CRB2,1110.0
Q5IJ48,T1110H,0.1357,benign,CRB2,1110.0
Q5IJ48,T1110I,0.1043,benign,CRB2,1110.0
Q5IJ48,T1110K,0.1302,benign,CRB2,1110.0
Q5IJ48,T1110L,0.0727,benign,CRB2,1110.0
Q5IJ48,T1110M,0.1041,benign,CRB2,1110.0
Q5IJ48,T1110N,0.1002,benign,CRB2,1110.0
Q5IJ48,T1110P,0.0508,benign,CRB2,1110.0
Q5IJ48,T1110Q,0.1238,benign,CRB2,1110.0
Q5IJ48,T1110R,0.0698,benign,CRB2,1110.0
Q5IJ48,T1110S,0.0664,benign,CRB2,1110.0
Q5IJ48,T1110V,0.0871,benign,CRB2,1110.0
Q5IJ48,T1110W,0.2746,benign,CRB2,1110.0
Q5IJ48,T1110Y,0.1737,benign,CRB2,1110.0
Q5IJ48,H1111A,0.1047,benign,CRB2,1111.0
Q5IJ48,H1111C,0.3,benign,CRB2,1111.0
Q5IJ48,H1111D,0.1155,benign,CRB2,1111.0
Q5IJ48,H1111E,0.1509,benign,CRB2,1111.0
Q5IJ48,H1111F,0.1517,benign,CRB2,1111.0
Q5IJ48,H1111G,0.0863,benign,CRB2,1111.0
Q5IJ48,H1111I,0.198,benign,CRB2,1111.0
Q5IJ48,H1111K,0.1548,benign,CRB2,1111.0
Q5IJ48,H1111L,0.0559,benign,CRB2,1111.0
Q5IJ48,H1111M,0.328,benign,CRB2,1111.0
Q5IJ48,H1111N,0.1041,benign,CRB2,1111.0
Q5IJ48,H1111P,0.0756,benign,CRB2,1111.0
Q5IJ48,H1111Q,0.0994,benign,CRB2,1111.0
Q5IJ48,H1111R,0.0507,benign,CRB2,1111.0
Q5IJ48,H1111S,0.0981,benign,CRB2,1111.0
Q5IJ48,H1111T,0.1505,benign,CRB2,1111.0
Q5IJ48,H1111V,0.1421,benign,CRB2,1111.0
Q5IJ48,H1111W,0.1395,benign,CRB2,1111.0
Q5IJ48,H1111Y,0.0859,benign,CRB2,1111.0
Q5IJ48,P1112A,0.0617,benign,CRB2,1112.0
Q5IJ48,P1112C,0.5718,pathogenic,CRB2,1112.0
Q5IJ48,P1112D,0.2074,benign,CRB2,1112.0
Q5IJ48,P1112E,0.1328,benign,CRB2,1112.0
Q5IJ48,P1112F,0.2673,benign,CRB2,1112.0
Q5IJ48,P1112G,0.1345,benign,CRB2,1112.0
Q5IJ48,P1112H,0.1185,benign,CRB2,1112.0
Q5IJ48,P1112I,0.2264,benign,CRB2,1112.0
Q5IJ48,P1112K,0.1716,benign,CRB2,1112.0
Q5IJ48,P1112L,0.0857,benign,CRB2,1112.0
Q5IJ48,P1112M,0.2609,benign,CRB2,1112.0
Q5IJ48,P1112N,0.2559,benign,CRB2,1112.0
Q5IJ48,P1112Q,0.0942,benign,CRB2,1112.0
Q5IJ48,P1112R,0.0642,benign,CRB2,1112.0
Q5IJ48,P1112S,0.0832,benign,CRB2,1112.0
Q5IJ48,P1112T,0.0895,benign,CRB2,1112.0
Q5IJ48,P1112V,0.1488,benign,CRB2,1112.0
Q5IJ48,P1112W,0.258,benign,CRB2,1112.0
Q5IJ48,P1112Y,0.2945,benign,CRB2,1112.0
Q5IJ48,D1113A,0.1094,benign,CRB2,1113.0
Q5IJ48,D1113C,0.6587,pathogenic,CRB2,1113.0
Q5IJ48,D1113E,0.1658,benign,CRB2,1113.0
Q5IJ48,D1113F,0.4489,ambiguous,CRB2,1113.0
Q5IJ48,D1113G,0.0761,benign,CRB2,1113.0
Q5IJ48,D1113H,0.1669,benign,CRB2,1113.0
Q5IJ48,D1113I,0.3721,ambiguous,CRB2,1113.0
Q5IJ48,D1113K,0.2389,benign,CRB2,1113.0
Q5IJ48,D1113L,0.2496,benign,CRB2,1113.0
Q5IJ48,D1113M,0.5335,ambiguous,CRB2,1113.0
Q5IJ48,D1113N,0.0903,benign,CRB2,1113.0
Q5IJ48,D1113P,0.3335,benign,CRB2,1113.0
Q5IJ48,D1113Q,0.2008,benign,CRB2,1113.0
Q5IJ48,D1113R,0.1651,benign,CRB2,1113.0
Q5IJ48,D1113S,0.085,benign,CRB2,1113.0
Q5IJ48,D1113T,0.1864,benign,CRB2,1113.0
Q5IJ48,D1113V,0.2209,benign,CRB2,1113.0
Q5IJ48,D1113W,0.6123,pathogenic,CRB2,1113.0
Q5IJ48,D1113Y,0.1937,benign,CRB2,1113.0
Q5IJ48,G1114A,0.2069,benign,CRB2,1114.0
Q5IJ48,G1114C,0.5364,ambiguous,CRB2,1114.0
Q5IJ48,G1114D,0.1822,benign,CRB2,1114.0
Q5IJ48,G1114E,0.2103,benign,CRB2,1114.0
Q5IJ48,G1114F,0.5863,pathogenic,CRB2,1114.0
Q5IJ48,G1114H,0.264,benign,CRB2,1114.0
Q5IJ48,G1114I,0.5097,ambiguous,CRB2,1114.0
Q5IJ48,G1114K,0.3607,ambiguous,CRB2,1114.0
Q5IJ48,G1114L,0.4658,ambiguous,CRB2,1114.0
Q5IJ48,G1114M,0.6391,pathogenic,CRB2,1114.0
Q5IJ48,G1114N,0.2886,benign,CRB2,1114.0
Q5IJ48,G1114P,0.7174,pathogenic,CRB2,1114.0
Q5IJ48,G1114Q,0.2574,benign,CRB2,1114.0
Q5IJ48,G1114R,0.1709,benign,CRB2,1114.0
Q5IJ48,G1114S,0.1269,benign,CRB2,1114.0
Q5IJ48,G1114T,0.29,benign,CRB2,1114.0
Q5IJ48,G1114V,0.377,ambiguous,CRB2,1114.0
Q5IJ48,G1114W,0.346,ambiguous,CRB2,1114.0
Q5IJ48,G1114Y,0.4324,ambiguous,CRB2,1114.0
Q5IJ48,R1115A,0.1373,benign,CRB2,1115.0
Q5IJ48,R1115C,0.2604,benign,CRB2,1115.0
Q5IJ48,R1115D,0.225,benign,CRB2,1115.0
Q5IJ48,R1115E,0.193,benign,CRB2,1115.0
Q5IJ48,R1115F,0.2014,benign,CRB2,1115.0
Q5IJ48,R1115G,0.0863,benign,CRB2,1115.0
Q5IJ48,R1115H,0.0725,benign,CRB2,1115.0
Q5IJ48,R1115I,0.167,benign,CRB2,1115.0
Q5IJ48,R1115K,0.1586,benign,CRB2,1115.0
Q5IJ48,R1115L,0.0989,benign,CRB2,1115.0
Q5IJ48,R1115M,0.244,benign,CRB2,1115.0
Q5IJ48,R1115N,0.2172,benign,CRB2,1115.0
Q5IJ48,R1115P,0.1859,benign,CRB2,1115.0
Q5IJ48,R1115Q,0.0883,benign,CRB2,1115.0
Q5IJ48,R1115S,0.1228,benign,CRB2,1115.0
Q5IJ48,R1115T,0.1109,benign,CRB2,1115.0
Q5IJ48,R1115V,0.1837,benign,CRB2,1115.0
Q5IJ48,R1115W,0.1086,benign,CRB2,1115.0
Q5IJ48,R1115Y,0.1931,benign,CRB2,1115.0
Q5IJ48,F1116A,0.6159,pathogenic,CRB2,1116.0
Q5IJ48,F1116C,0.9004,pathogenic,CRB2,1116.0
Q5IJ48,F1116D,0.8411,pathogenic,CRB2,1116.0
Q5IJ48,F1116E,0.7975,pathogenic,CRB2,1116.0
Q5IJ48,F1116G,0.751,pathogenic,CRB2,1116.0
Q5IJ48,F1116H,0.6453,pathogenic,CRB2,1116.0
Q5IJ48,F1116I,0.4989,ambiguous,CRB2,1116.0
Q5IJ48,F1116K,0.8672,pathogenic,CRB2,1116.0
Q5IJ48,F1116L,0.9132,pathogenic,CRB2,1116.0
Q5IJ48,F1116M,0.779,pathogenic,CRB2,1116.0
Q5IJ48,F1116N,0.7901,pathogenic,CRB2,1116.0
Q5IJ48,F1116P,0.845,pathogenic,CRB2,1116.0
Q5IJ48,F1116Q,0.759,pathogenic,CRB2,1116.0
Q5IJ48,F1116R,0.671,pathogenic,CRB2,1116.0
Q5IJ48,F1116S,0.4703,ambiguous,CRB2,1116.0
Q5IJ48,F1116T,0.631,pathogenic,CRB2,1116.0
Q5IJ48,F1116V,0.4392,ambiguous,CRB2,1116.0
Q5IJ48,F1116W,0.3865,ambiguous,CRB2,1116.0
Q5IJ48,F1116Y,0.226,benign,CRB2,1116.0
Q5IJ48,E1117A,0.114,benign,CRB2,1117.0
Q5IJ48,E1117C,0.8806,pathogenic,CRB2,1117.0
Q5IJ48,E1117D,0.2031,benign,CRB2,1117.0
Q5IJ48,E1117F,0.5282,ambiguous,CRB2,1117.0
Q5IJ48,E1117G,0.1924,benign,CRB2,1117.0
Q5IJ48,E1117H,0.2432,benign,CRB2,1117.0
Q5IJ48,E1117I,0.306,benign,CRB2,1117.0
Q5IJ48,E1117K,0.1805,benign,CRB2,1117.0
Q5IJ48,E1117L,0.2735,benign,CRB2,1117.0
Q5IJ48,E1117M,0.4763,ambiguous,CRB2,1117.0
Q5IJ48,E1117N,0.3904,ambiguous,CRB2,1117.0
Q5IJ48,E1117P,0.6987,pathogenic,CRB2,1117.0
Q5IJ48,E1117Q,0.0867,benign,CRB2,1117.0
Q5IJ48,E1117R,0.1311,benign,CRB2,1117.0
Q5IJ48,E1117S,0.1618,benign,CRB2,1117.0
Q5IJ48,E1117T,0.1784,benign,CRB2,1117.0
Q5IJ48,E1117V,0.1737,benign,CRB2,1117.0
Q5IJ48,E1117W,0.6764,pathogenic,CRB2,1117.0
Q5IJ48,E1117Y,0.4795,ambiguous,CRB2,1117.0
Q5IJ48,C1118A,0.9263,pathogenic,CRB2,1118.0
Q5IJ48,C1118D,0.9659,pathogenic,CRB2,1118.0
Q5IJ48,C1118E,0.9736,pathogenic,CRB2,1118.0
Q5IJ48,C1118F,0.8107,pathogenic,CRB2,1118.0
Q5IJ48,C1118G,0.627,pathogenic,CRB2,1118.0
Q5IJ48,C1118H,0.967,pathogenic,CRB2,1118.0
Q5IJ48,C1118I,0.9348,pathogenic,CRB2,1118.0
Q5IJ48,C1118K,0.9878,pathogenic,CRB2,1118.0
Q5IJ48,C1118L,0.8748,pathogenic,CRB2,1118.0
Q5IJ48,C1118M,0.9677,pathogenic,CRB2,1118.0
Q5IJ48,C1118N,0.9574,pathogenic,CRB2,1118.0
Q5IJ48,C1118P,0.93,pathogenic,CRB2,1118.0
Q5IJ48,C1118Q,0.9765,pathogenic,CRB2,1118.0
Q5IJ48,C1118R,0.8881,pathogenic,CRB2,1118.0
Q5IJ48,C1118S,0.9354,pathogenic,CRB2,1118.0
Q5IJ48,C1118T,0.9683,pathogenic,CRB2,1118.0
Q5IJ48,C1118V,0.896,pathogenic,CRB2,1118.0
Q5IJ48,C1118W,0.8551,pathogenic,CRB2,1118.0
Q5IJ48,C1118Y,0.8282,pathogenic,CRB2,1118.0
Q5IJ48,R1119A,0.1734,benign,CRB2,1119.0
Q5IJ48,R1119C,0.3347,benign,CRB2,1119.0
Q5IJ48,R1119D,0.2655,benign,CRB2,1119.0
Q5IJ48,R1119E,0.193,benign,CRB2,1119.0
Q5IJ48,R1119F,0.2419,benign,CRB2,1119.0
Q5IJ48,R1119G,0.1407,benign,CRB2,1119.0
Q5IJ48,R1119H,0.0829,benign,CRB2,1119.0
Q5IJ48,R1119I,0.1682,benign,CRB2,1119.0
Q5IJ48,R1119K,0.2148,benign,CRB2,1119.0
Q5IJ48,R1119L,0.1064,benign,CRB2,1119.0
Q5IJ48,R1119M,0.3446,ambiguous,CRB2,1119.0
Q5IJ48,R1119N,0.3223,benign,CRB2,1119.0
Q5IJ48,R1119P,0.323,benign,CRB2,1119.0
Q5IJ48,R1119Q,0.0991,benign,CRB2,1119.0
Q5IJ48,R1119S,0.1856,benign,CRB2,1119.0
Q5IJ48,R1119T,0.1489,benign,CRB2,1119.0
Q5IJ48,R1119V,0.1766,benign,CRB2,1119.0
Q5IJ48,R1119W,0.1241,benign,CRB2,1119.0
Q5IJ48,R1119Y,0.2225,benign,CRB2,1119.0
Q5IJ48,C1120A,0.8996,pathogenic,CRB2,1120.0
Q5IJ48,C1120D,0.9556,pathogenic,CRB2,1120.0
Q5IJ48,C1120E,0.9645,pathogenic,CRB2,1120.0
Q5IJ48,C1120F,0.6968,pathogenic,CRB2,1120.0
Q5IJ48,C1120G,0.6471,pathogenic,CRB2,1120.0
Q5IJ48,C1120H,0.9255,pathogenic,CRB2,1120.0
Q5IJ48,C1120I,0.9135,pathogenic,CRB2,1120.0
Q5IJ48,C1120K,0.9796,pathogenic,CRB2,1120.0
Q5IJ48,C1120L,0.7913,pathogenic,CRB2,1120.0
Q5IJ48,C1120M,0.953,pathogenic,CRB2,1120.0
Q5IJ48,C1120N,0.9443,pathogenic,CRB2,1120.0
Q5IJ48,C1120P,0.8255,pathogenic,CRB2,1120.0
Q5IJ48,C1120Q,0.9507,pathogenic,CRB2,1120.0
Q5IJ48,C1120R,0.8533,pathogenic,CRB2,1120.0
Q5IJ48,C1120S,0.8882,pathogenic,CRB2,1120.0
Q5IJ48,C1120T,0.9593,pathogenic,CRB2,1120.0
Q5IJ48,C1120V,0.893,pathogenic,CRB2,1120.0
Q5IJ48,C1120W,0.832,pathogenic,CRB2,1120.0
Q5IJ48,C1120Y,0.797,pathogenic,CRB2,1120.0
Q5IJ48,P1121A,0.0792,benign,CRB2,1121.0
Q5IJ48,P1121C,0.6561,pathogenic,CRB2,1121.0
Q5IJ48,P1121D,0.3124,benign,CRB2,1121.0
Q5IJ48,P1121E,0.1629,benign,CRB2,1121.0
Q5IJ48,P1121F,0.2263,benign,CRB2,1121.0
Q5IJ48,P1121G,0.2031,benign,CRB2,1121.0
Q5IJ48,P1121H,0.1395,benign,CRB2,1121.0
Q5IJ48,P1121I,0.209,benign,CRB2,1121.0
Q5IJ48,P1121K,0.2342,benign,CRB2,1121.0
Q5IJ48,P1121L,0.0785,benign,CRB2,1121.0
Q5IJ48,P1121M,0.2846,benign,CRB2,1121.0
Q5IJ48,P1121N,0.3401,ambiguous,CRB2,1121.0
Q5IJ48,P1121Q,0.1076,benign,CRB2,1121.0
Q5IJ48,P1121R,0.0879,benign,CRB2,1121.0
Q5IJ48,P1121S,0.0956,benign,CRB2,1121.0
Q5IJ48,P1121T,0.1047,benign,CRB2,1121.0
Q5IJ48,P1121V,0.145,benign,CRB2,1121.0
Q5IJ48,P1121W,0.3077,benign,CRB2,1121.0
Q5IJ48,P1121Y,0.3031,benign,CRB2,1121.0
Q5IJ48,P1122A,0.0574,benign,CRB2,1122.0
Q5IJ48,P1122C,0.6149,pathogenic,CRB2,1122.0
Q5IJ48,P1122D,0.1978,benign,CRB2,1122.0
Q5IJ48,P1122E,0.1182,benign,CRB2,1122.0
Q5IJ48,P1122F,0.2501,benign,CRB2,1122.0
Q5IJ48,P1122G,0.1634,benign,CRB2,1122.0
Q5IJ48,P1122H,0.1204,benign,CRB2,1122.0
Q5IJ48,P1122I,0.2133,benign,CRB2,1122.0
Q5IJ48,P1122K,0.1619,benign,CRB2,1122.0
Q5IJ48,P1122L,0.0811,benign,CRB2,1122.0
Q5IJ48,P1122M,0.2494,benign,CRB2,1122.0
Q5IJ48,P1122N,0.2577,benign,CRB2,1122.0
Q5IJ48,P1122Q,0.0858,benign,CRB2,1122.0
Q5IJ48,P1122R,0.0683,benign,CRB2,1122.0
Q5IJ48,P1122S,0.0817,benign,CRB2,1122.0
Q5IJ48,P1122T,0.0907,benign,CRB2,1122.0
Q5IJ48,P1122V,0.1346,benign,CRB2,1122.0
Q5IJ48,P1122W,0.2658,benign,CRB2,1122.0
Q5IJ48,P1122Y,0.2831,benign,CRB2,1122.0
Q5IJ48,G1123A,0.1139,benign,CRB2,1123.0
Q5IJ48,G1123C,0.5002,ambiguous,CRB2,1123.0
Q5IJ48,G1123D,0.1326,benign,CRB2,1123.0
Q5IJ48,G1123E,0.1496,benign,CRB2,1123.0
Q5IJ48,G1123F,0.4239,ambiguous,CRB2,1123.0
Q5IJ48,G1123H,0.2547,benign,CRB2,1123.0
Q5IJ48,G1123I,0.2939,benign,CRB2,1123.0
Q5IJ48,G1123K,0.3726,ambiguous,CRB2,1123.0
Q5IJ48,G1123L,0.3105,benign,CRB2,1123.0
Q5IJ48,G1123M,0.4934,ambiguous,CRB2,1123.0
Q5IJ48,G1123N,0.2592,benign,CRB2,1123.0
Q5IJ48,G1123P,0.4207,ambiguous,CRB2,1123.0
Q5IJ48,G1123Q,0.2365,benign,CRB2,1123.0
Q5IJ48,G1123R,0.1745,benign,CRB2,1123.0
Q5IJ48,G1123S,0.1074,benign,CRB2,1123.0
Q5IJ48,G1123T,0.1693,benign,CRB2,1123.0
Q5IJ48,G1123V,0.1901,benign,CRB2,1123.0
Q5IJ48,G1123W,0.2756,benign,CRB2,1123.0
Q5IJ48,G1123Y,0.3341,benign,CRB2,1123.0
Q5IJ48,F1124A,0.4056,ambiguous,CRB2,1124.0
Q5IJ48,F1124C,0.7209,pathogenic,CRB2,1124.0
Q5IJ48,F1124D,0.6611,pathogenic,CRB2,1124.0
Q5IJ48,F1124E,0.6849,pathogenic,CRB2,1124.0
Q5IJ48,F1124G,0.5871,pathogenic,CRB2,1124.0
Q5IJ48,F1124H,0.4993,ambiguous,CRB2,1124.0
Q5IJ48,F1124I,0.3,benign,CRB2,1124.0
Q5IJ48,F1124K,0.7626,pathogenic,CRB2,1124.0
Q5IJ48,F1124L,0.8118,pathogenic,CRB2,1124.0
Q5IJ48,F1124M,0.609,pathogenic,CRB2,1124.0
Q5IJ48,F1124N,0.6133,pathogenic,CRB2,1124.0
Q5IJ48,F1124P,0.8477,pathogenic,CRB2,1124.0
Q5IJ48,F1124Q,0.6396,pathogenic,CRB2,1124.0
Q5IJ48,F1124R,0.5528,ambiguous,CRB2,1124.0
Q5IJ48,F1124S,0.271,benign,CRB2,1124.0
Q5IJ48,F1124T,0.4302,ambiguous,CRB2,1124.0
Q5IJ48,F1124V,0.2945,benign,CRB2,1124.0
Q5IJ48,F1124W,0.3271,benign,CRB2,1124.0
Q5IJ48,F1124Y,0.1791,benign,CRB2,1124.0
Q5IJ48,G1125A,0.0569,benign,CRB2,1125.0
Q5IJ48,G1125C,0.2384,benign,CRB2,1125.0
Q5IJ48,G1125D,0.105,benign,CRB2,1125.0
Q5IJ48,G1125E,0.0859,benign,CRB2,1125.0
Q5IJ48,G1125F,0.2012,benign,CRB2,1125.0
Q5IJ48,G1125H,0.1302,benign,CRB2,1125.0
Q5IJ48,G1125I,0.1098,benign,CRB2,1125.0
Q5IJ48,G1125K,0.1786,benign,CRB2,1125.0
Q5IJ48,G1125L,0.1113,benign,CRB2,1125.0
Q5IJ48,G1125M,0.1929,benign,CRB2,1125.0
Q5IJ48,G1125N,0.1767,benign,CRB2,1125.0
Q5IJ48,G1125P,0.2629,benign,CRB2,1125.0
Q5IJ48,G1125Q,0.1172,benign,CRB2,1125.0
Q5IJ48,G1125R,0.085,benign,CRB2,1125.0
Q5IJ48,G1125S,0.0662,benign,CRB2,1125.0
Q5IJ48,G1125T,0.0665,benign,CRB2,1125.0
Q5IJ48,G1125V,0.0772,benign,CRB2,1125.0
Q5IJ48,G1125W,0.1243,benign,CRB2,1125.0
Q5IJ48,G1125Y,0.1813,benign,CRB2,1125.0
Q5IJ48,G1126A,0.2801,benign,CRB2,1126.0
Q5IJ48,G1126C,0.7832,pathogenic,CRB2,1126.0
Q5IJ48,G1126D,0.3352,benign,CRB2,1126.0
Q5IJ48,G1126E,0.3907,ambiguous,CRB2,1126.0
Q5IJ48,G1126F,0.6112,pathogenic,CRB2,1126.0
Q5IJ48,G1126H,0.5698,pathogenic,CRB2,1126.0
Q5IJ48,G1126I,0.5322,ambiguous,CRB2,1126.0
Q5IJ48,G1126K,0.6647,pathogenic,CRB2,1126.0
Q5IJ48,G1126L,0.4735,ambiguous,CRB2,1126.0
Q5IJ48,G1126M,0.6891,pathogenic,CRB2,1126.0
Q5IJ48,G1126N,0.5255,ambiguous,CRB2,1126.0
Q5IJ48,G1126P,0.711,pathogenic,CRB2,1126.0
Q5IJ48,G1126Q,0.5436,ambiguous,CRB2,1126.0
Q5IJ48,G1126R,0.5164,ambiguous,CRB2,1126.0
Q5IJ48,G1126S,0.1699,benign,CRB2,1126.0
Q5IJ48,G1126T,0.3918,ambiguous,CRB2,1126.0
Q5IJ48,G1126V,0.4382,ambiguous,CRB2,1126.0
Q5IJ48,G1126W,0.5466,ambiguous,CRB2,1126.0
Q5IJ48,G1126Y,0.6233,pathogenic,CRB2,1126.0
Q5IJ48,P1127A,0.0691,benign,CRB2,1127.0
Q5IJ48,P1127C,0.5973,pathogenic,CRB2,1127.0
Q5IJ48,P1127D,0.2234,benign,CRB2,1127.0
Q5IJ48,P1127E,0.1425,benign,CRB2,1127.0
Q5IJ48,P1127F,0.2415,benign,CRB2,1127.0
Q5IJ48,P1127G,0.1732,benign,CRB2,1127.0
Q5IJ48,P1127H,0.1321,benign,CRB2,1127.0
Q5IJ48,P1127I,0.2247,benign,CRB2,1127.0
Q5IJ48,P1127K,0.1776,benign,CRB2,1127.0
Q5IJ48,P1127L,0.0937,benign,CRB2,1127.0
Q5IJ48,P1127M,0.2662,benign,CRB2,1127.0
Q5IJ48,P1127N,0.2604,benign,CRB2,1127.0
Q5IJ48,P1127Q,0.0918,benign,CRB2,1127.0
Q5IJ48,P1127R,0.079,benign,CRB2,1127.0
Q5IJ48,P1127S,0.0862,benign,CRB2,1127.0
Q5IJ48,P1127T,0.1018,benign,CRB2,1127.0
Q5IJ48,P1127V,0.1482,benign,CRB2,1127.0
Q5IJ48,P1127W,0.2663,benign,CRB2,1127.0
Q5IJ48,P1127Y,0.2816,benign,CRB2,1127.0
Q5IJ48,R1128A,0.1989,benign,CRB2,1128.0
Q5IJ48,R1128C,0.4379,ambiguous,CRB2,1128.0
Q5IJ48,R1128D,0.356,ambiguous,CRB2,1128.0
Q5IJ48,R1128E,0.2345,benign,CRB2,1128.0
Q5IJ48,R1128F,0.3285,benign,CRB2,1128.0
Q5IJ48,R1128G,0.1184,benign,CRB2,1128.0
Q5IJ48,R1128H,0.1282,benign,CRB2,1128.0
Q5IJ48,R1128I,0.2741,benign,CRB2,1128.0
Q5IJ48,R1128K,0.2266,benign,CRB2,1128.0
Q5IJ48,R1128L,0.1358,benign,CRB2,1128.0
Q5IJ48,R1128M,0.383,ambiguous,CRB2,1128.0
Q5IJ48,R1128N,0.4074,ambiguous,CRB2,1128.0
Q5IJ48,R1128P,0.2146,benign,CRB2,1128.0
Q5IJ48,R1128Q,0.1159,benign,CRB2,1128.0
Q5IJ48,R1128S,0.2382,benign,CRB2,1128.0
Q5IJ48,R1128T,0.2019,benign,CRB2,1128.0
Q5IJ48,R1128V,0.2572,benign,CRB2,1128.0
Q5IJ48,R1128W,0.1443,benign,CRB2,1128.0
Q5IJ48,R1128Y,0.2918,benign,CRB2,1128.0
Q5IJ48,C1129A,0.9168,pathogenic,CRB2,1129.0
Q5IJ48,C1129D,0.9592,pathogenic,CRB2,1129.0
Q5IJ48,C1129E,0.9591,pathogenic,CRB2,1129.0
Q5IJ48,C1129F,0.7938,pathogenic,CRB2,1129.0
Q5IJ48,C1129G,0.6208,pathogenic,CRB2,1129.0
Q5IJ48,C1129H,0.9507,pathogenic,CRB2,1129.0
Q5IJ48,C1129I,0.954,pathogenic,CRB2,1129.0
Q5IJ48,C1129K,0.9821,pathogenic,CRB2,1129.0
Q5IJ48,C1129L,0.8497,pathogenic,CRB2,1129.0
Q5IJ48,C1129M,0.9661,pathogenic,CRB2,1129.0
Q5IJ48,C1129N,0.9561,pathogenic,CRB2,1129.0
Q5IJ48,C1129P,0.9069,pathogenic,CRB2,1129.0
Q5IJ48,C1129Q,0.9563,pathogenic,CRB2,1129.0
Q5IJ48,C1129R,0.8702,pathogenic,CRB2,1129.0
Q5IJ48,C1129S,0.9187,pathogenic,CRB2,1129.0
Q5IJ48,C1129T,0.9707,pathogenic,CRB2,1129.0
Q5IJ48,C1129V,0.925,pathogenic,CRB2,1129.0
Q5IJ48,C1129W,0.8454,pathogenic,CRB2,1129.0
Q5IJ48,C1129Y,0.8381,pathogenic,CRB2,1129.0
Q5IJ48,R1130A,0.1578,benign,CRB2,1130.0
Q5IJ48,R1130C,0.3266,benign,CRB2,1130.0
Q5IJ48,R1130D,0.262,benign,CRB2,1130.0
Q5IJ48,R1130E,0.1689,benign,CRB2,1130.0
Q5IJ48,R1130F,0.236,benign,CRB2,1130.0
Q5IJ48,R1130G,0.1073,benign,CRB2,1130.0
Q5IJ48,R1130H,0.0962,benign,CRB2,1130.0
Q5IJ48,R1130I,0.1878,benign,CRB2,1130.0
Q5IJ48,R1130K,0.1866,benign,CRB2,1130.0
Q5IJ48,R1130L,0.1012,benign,CRB2,1130.0
Q5IJ48,R1130M,0.2584,benign,CRB2,1130.0
Q5IJ48,R1130N,0.318,benign,CRB2,1130.0
Q5IJ48,R1130P,0.1787,benign,CRB2,1130.0
Q5IJ48,R1130Q,0.0904,benign,CRB2,1130.0
Q5IJ48,R1130S,0.1679,benign,CRB2,1130.0
Q5IJ48,R1130T,0.1424,benign,CRB2,1130.0
Q5IJ48,R1130V,0.1861,benign,CRB2,1130.0
Q5IJ48,R1130W,0.1047,benign,CRB2,1130.0
Q5IJ48,R1130Y,0.2358,benign,CRB2,1130.0
Q5IJ48,L1131A,0.1196,benign,CRB2,1131.0
Q5IJ48,L1131C,0.5334,ambiguous,CRB2,1131.0
Q5IJ48,L1131D,0.2517,benign,CRB2,1131.0
Q5IJ48,L1131E,0.1207,benign,CRB2,1131.0
Q5IJ48,L1131F,0.0799,benign,CRB2,1131.0
Q5IJ48,L1131G,0.1811,benign,CRB2,1131.0
Q5IJ48,L1131H,0.108,benign,CRB2,1131.0
Q5IJ48,L1131I,0.0917,benign,CRB2,1131.0
Q5IJ48,L1131K,0.1465,benign,CRB2,1131.0
Q5IJ48,L1131M,0.1208,benign,CRB2,1131.0
Q5IJ48,L1131N,0.1848,benign,CRB2,1131.0
Q5IJ48,L1131P,0.1145,benign,CRB2,1131.0
Q5IJ48,L1131Q,0.0712,benign,CRB2,1131.0
Q5IJ48,L1131R,0.0711,benign,CRB2,1131.0
Q5IJ48,L1131S,0.1109,benign,CRB2,1131.0
Q5IJ48,L1131T,0.1286,benign,CRB2,1131.0
Q5IJ48,L1131V,0.0787,benign,CRB2,1131.0
Q5IJ48,L1131W,0.0948,benign,CRB2,1131.0
Q5IJ48,L1131Y,0.1784,benign,CRB2,1131.0
Q5IJ48,P1132A,0.067,benign,CRB2,1132.0
Q5IJ48,P1132C,0.5897,pathogenic,CRB2,1132.0
Q5IJ48,P1132D,0.2707,benign,CRB2,1132.0
Q5IJ48,P1132E,0.1738,benign,CRB2,1132.0
Q5IJ48,P1132F,0.2485,benign,CRB2,1132.0
Q5IJ48,P1132G,0.1895,benign,CRB2,1132.0
Q5IJ48,P1132H,0.1367,benign,CRB2,1132.0
Q5IJ48,P1132I,0.23,benign,CRB2,1132.0
Q5IJ48,P1132K,0.2257,benign,CRB2,1132.0
Q5IJ48,P1132L,0.084,benign,CRB2,1132.0
Q5IJ48,P1132M,0.2674,benign,CRB2,1132.0
Q5IJ48,P1132N,0.2887,benign,CRB2,1132.0
Q5IJ48,P1132Q,0.112,benign,CRB2,1132.0
Q5IJ48,P1132R,0.0867,benign,CRB2,1132.0
Q5IJ48,P1132S,0.0987,benign,CRB2,1132.0
Q5IJ48,P1132T,0.094,benign,CRB2,1132.0
Q5IJ48,P1132V,0.1451,benign,CRB2,1132.0
Q5IJ48,P1132W,0.2686,benign,CRB2,1132.0
Q5IJ48,P1132Y,0.2804,benign,CRB2,1132.0
Q5IJ48,V1133A,0.0848,benign,CRB2,1133.0
Q5IJ48,V1133C,0.6786,pathogenic,CRB2,1133.0
Q5IJ48,V1133D,0.1399,benign,CRB2,1133.0
Q5IJ48,V1133E,0.1083,benign,CRB2,1133.0
Q5IJ48,V1133F,0.0881,benign,CRB2,1133.0
Q5IJ48,V1133G,0.0922,benign,CRB2,1133.0
Q5IJ48,V1133H,0.2369,benign,CRB2,1133.0
Q5IJ48,V1133I,0.0881,benign,CRB2,1133.0
Q5IJ48,V1133K,0.1528,benign,CRB2,1133.0
Q5IJ48,V1133L,0.0858,benign,CRB2,1133.0
Q5IJ48,V1133M,0.1182,benign,CRB2,1133.0
Q5IJ48,V1133N,0.1552,benign,CRB2,1133.0
Q5IJ48,V1133P,0.1326,benign,CRB2,1133.0
Q5IJ48,V1133Q,0.1249,benign,CRB2,1133.0
Q5IJ48,V1133R,0.0979,benign,CRB2,1133.0
Q5IJ48,V1133S,0.1017,benign,CRB2,1133.0
Q5IJ48,V1133T,0.1294,benign,CRB2,1133.0
Q5IJ48,V1133W,0.3649,ambiguous,CRB2,1133.0
Q5IJ48,V1133Y,0.284,benign,CRB2,1133.0
Q5IJ48,P1134A,0.0648,benign,CRB2,1134.0
Q5IJ48,P1134C,0.4355,ambiguous,CRB2,1134.0
Q5IJ48,P1134D,0.1958,benign,CRB2,1134.0
Q5IJ48,P1134E,0.1377,benign,CRB2,1134.0
Q5IJ48,P1134F,0.1449,benign,CRB2,1134.0
Q5IJ48,P1134G,0.1507,benign,CRB2,1134.0
Q5IJ48,P1134H,0.0949,benign,CRB2,1134.0
Q5IJ48,P1134I,0.1379,benign,CRB2,1134.0
Q5IJ48,P1134K,0.1838,benign,CRB2,1134.0
Q5IJ48,P1134L,0.0601,benign,CRB2,1134.0
Q5IJ48,P1134M,0.195,benign,CRB2,1134.0
Q5IJ48,P1134N,0.2075,benign,CRB2,1134.0
Q5IJ48,P1134Q,0.0834,benign,CRB2,1134.0
Q5IJ48,P1134R,0.0695,benign,CRB2,1134.0
Q5IJ48,P1134S,0.0791,benign,CRB2,1134.0
Q5IJ48,P1134T,0.0823,benign,CRB2,1134.0
Q5IJ48,P1134V,0.1077,benign,CRB2,1134.0
Q5IJ48,P1134W,0.1633,benign,CRB2,1134.0
Q5IJ48,P1134Y,0.1838,benign,CRB2,1134.0
Q5IJ48,S1135A,0.0658,benign,CRB2,1135.0
Q5IJ48,S1135C,0.2489,benign,CRB2,1135.0
Q5IJ48,S1135D,0.1681,benign,CRB2,1135.0
Q5IJ48,S1135E,0.1524,benign,CRB2,1135.0
Q5IJ48,S1135F,0.133,benign,CRB2,1135.0
Q5IJ48,S1135G,0.0748,benign,CRB2,1135.0
Q5IJ48,S1135H,0.1439,benign,CRB2,1135.0
Q5IJ48,S1135I,0.1479,benign,CRB2,1135.0
Q5IJ48,S1135K,0.2368,benign,CRB2,1135.0
Q5IJ48,S1135L,0.082,benign,CRB2,1135.0
Q5IJ48,S1135M,0.1981,benign,CRB2,1135.0
Q5IJ48,S1135N,0.1331,benign,CRB2,1135.0
Q5IJ48,S1135P,0.051,benign,CRB2,1135.0
Q5IJ48,S1135Q,0.1367,benign,CRB2,1135.0
Q5IJ48,S1135R,0.1328,benign,CRB2,1135.0
Q5IJ48,S1135T,0.0893,benign,CRB2,1135.0
Q5IJ48,S1135V,0.1311,benign,CRB2,1135.0
Q5IJ48,S1135W,0.1059,benign,CRB2,1135.0
Q5IJ48,S1135Y,0.1274,benign,CRB2,1135.0
Q5IJ48,K1136A,0.1122,benign,CRB2,1136.0
Q5IJ48,K1136C,0.655,pathogenic,CRB2,1136.0
Q5IJ48,K1136D,0.1638,benign,CRB2,1136.0
Q5IJ48,K1136E,0.0593,benign,CRB2,1136.0
Q5IJ48,K1136F,0.4733,ambiguous,CRB2,1136.0
Q5IJ48,K1136G,0.1119,benign,CRB2,1136.0
Q5IJ48,K1136H,0.1872,benign,CRB2,1136.0
Q5IJ48,K1136I,0.2485,benign,CRB2,1136.0
Q5IJ48,K1136L,0.1706,benign,CRB2,1136.0
Q5IJ48,K1136M,0.1688,benign,CRB2,1136.0
Q5IJ48,K1136N,0.1865,benign,CRB2,1136.0
Q5IJ48,K1136P,0.1331,benign,CRB2,1136.0
Q5IJ48,K1136Q,0.0751,benign,CRB2,1136.0
Q5IJ48,K1136R,0.0609,benign,CRB2,1136.0
Q5IJ48,K1136S,0.1446,benign,CRB2,1136.0
Q5IJ48,K1136T,0.1015,benign,CRB2,1136.0
Q5IJ48,K1136V,0.1843,benign,CRB2,1136.0
Q5IJ48,K1136W,0.3469,ambiguous,CRB2,1136.0
Q5IJ48,K1136Y,0.3467,ambiguous,CRB2,1136.0
Q5IJ48,E1137A,0.066,benign,CRB2,1137.0
Q5IJ48,E1137C,0.6859,pathogenic,CRB2,1137.0
Q5IJ48,E1137D,0.0859,benign,CRB2,1137.0
Q5IJ48,E1137F,0.345,ambiguous,CRB2,1137.0
Q5IJ48,E1137G,0.0568,benign,CRB2,1137.0
Q5IJ48,E1137H,0.1933,benign,CRB2,1137.0
Q5IJ48,E1137I,0.1964,benign,CRB2,1137.0
Q5IJ48,E1137K,0.0917,benign,CRB2,1137.0
Q5IJ48,E1137L,0.1731,benign,CRB2,1137.0
Q5IJ48,E1137M,0.2646,benign,CRB2,1137.0
Q5IJ48,E1137N,0.1429,benign,CRB2,1137.0
Q5IJ48,E1137P,0.1407,benign,CRB2,1137.0
Q5IJ48,E1137Q,0.08,benign,CRB2,1137.0
Q5IJ48,E1137R,0.1017,benign,CRB2,1137.0
Q5IJ48,E1137S,0.1028,benign,CRB2,1137.0
Q5IJ48,E1137T,0.1092,benign,CRB2,1137.0
Q5IJ48,E1137V,0.1137,benign,CRB2,1137.0
Q5IJ48,E1137W,0.4315,ambiguous,CRB2,1137.0
Q5IJ48,E1137Y,0.2615,benign,CRB2,1137.0
Q5IJ48,C1138A,0.6611,pathogenic,CRB2,1138.0
Q5IJ48,C1138D,0.689,pathogenic,CRB2,1138.0
Q5IJ48,C1138E,0.7682,pathogenic,CRB2,1138.0
Q5IJ48,C1138F,0.3851,ambiguous,CRB2,1138.0
Q5IJ48,C1138G,0.3217,benign,CRB2,1138.0
Q5IJ48,C1138H,0.7091,pathogenic,CRB2,1138.0
Q5IJ48,C1138I,0.6921,pathogenic,CRB2,1138.0
Q5IJ48,C1138K,0.8673,pathogenic,CRB2,1138.0
Q5IJ48,C1138L,0.6455,pathogenic,CRB2,1138.0
Q5IJ48,C1138M,0.7997,pathogenic,CRB2,1138.0
Q5IJ48,C1138N,0.6767,pathogenic,CRB2,1138.0
Q5IJ48,C1138P,0.6858,pathogenic,CRB2,1138.0
Q5IJ48,C1138Q,0.7675,pathogenic,CRB2,1138.0
Q5IJ48,C1138R,0.5762,pathogenic,CRB2,1138.0
Q5IJ48,C1138S,0.6289,pathogenic,CRB2,1138.0
Q5IJ48,C1138T,0.7587,pathogenic,CRB2,1138.0
Q5IJ48,C1138V,0.6632,pathogenic,CRB2,1138.0
Q5IJ48,C1138W,0.5149,ambiguous,CRB2,1138.0
Q5IJ48,C1138Y,0.4215,ambiguous,CRB2,1138.0
Q5IJ48,S1139A,0.0899,benign,CRB2,1139.0
Q5IJ48,S1139C,0.291,benign,CRB2,1139.0
Q5IJ48,S1139D,0.182,benign,CRB2,1139.0
Q5IJ48,S1139E,0.2612,benign,CRB2,1139.0
Q5IJ48,S1139F,0.1349,benign,CRB2,1139.0
Q5IJ48,S1139G,0.0773,benign,CRB2,1139.0
Q5IJ48,S1139H,0.162,benign,CRB2,1139.0
Q5IJ48,S1139I,0.1221,benign,CRB2,1139.0
Q5IJ48,S1139K,0.3763,ambiguous,CRB2,1139.0
Q5IJ48,S1139L,0.1076,benign,CRB2,1139.0
Q5IJ48,S1139M,0.2309,benign,CRB2,1139.0
Q5IJ48,S1139N,0.1173,benign,CRB2,1139.0
Q5IJ48,S1139P,0.1028,benign,CRB2,1139.0
Q5IJ48,S1139Q,0.2493,benign,CRB2,1139.0
Q5IJ48,S1139R,0.2066,benign,CRB2,1139.0
Q5IJ48,S1139T,0.093,benign,CRB2,1139.0
Q5IJ48,S1139V,0.1498,benign,CRB2,1139.0
Q5IJ48,S1139W,0.1655,benign,CRB2,1139.0
Q5IJ48,S1139Y,0.1422,benign,CRB2,1139.0
Q5IJ48,L1140A,0.0961,benign,CRB2,1140.0
Q5IJ48,L1140C,0.454,ambiguous,CRB2,1140.0
Q5IJ48,L1140D,0.2552,benign,CRB2,1140.0
Q5IJ48,L1140E,0.1159,benign,CRB2,1140.0
Q5IJ48,L1140F,0.077,benign,CRB2,1140.0
Q5IJ48,L1140G,0.1554,benign,CRB2,1140.0
Q5IJ48,L1140H,0.105,benign,CRB2,1140.0
Q5IJ48,L1140I,0.1104,benign,CRB2,1140.0
Q5IJ48,L1140K,0.1299,benign,CRB2,1140.0
Q5IJ48,L1140M,0.1263,benign,CRB2,1140.0
Q5IJ48,L1140N,0.1974,benign,CRB2,1140.0
Q5IJ48,L1140P,0.0676,benign,CRB2,1140.0
Q5IJ48,L1140Q,0.0651,benign,CRB2,1140.0
Q5IJ48,L1140R,0.0539,benign,CRB2,1140.0
Q5IJ48,L1140S,0.1082,benign,CRB2,1140.0
Q5IJ48,L1140T,0.1234,benign,CRB2,1140.0
Q5IJ48,L1140V,0.0838,benign,CRB2,1140.0
Q5IJ48,L1140W,0.0798,benign,CRB2,1140.0
Q5IJ48,L1140Y,0.1913,benign,CRB2,1140.0
Q5IJ48,N1141A,0.2799,benign,CRB2,1141.0
Q5IJ48,N1141C,0.8105,pathogenic,CRB2,1141.0
Q5IJ48,N1141D,0.2151,benign,CRB2,1141.0
Q5IJ48,N1141E,0.3721,ambiguous,CRB2,1141.0
Q5IJ48,N1141F,0.6837,pathogenic,CRB2,1141.0
Q5IJ48,N1141G,0.3154,benign,CRB2,1141.0
Q5IJ48,N1141H,0.1932,benign,CRB2,1141.0
Q5IJ48,N1141I,0.4716,ambiguous,CRB2,1141.0
Q5IJ48,N1141K,0.4101,ambiguous,CRB2,1141.0
Q5IJ48,N1141L,0.3032,benign,CRB2,1141.0
Q5IJ48,N1141M,0.5855,pathogenic,CRB2,1141.0
Q5IJ48,N1141P,0.3248,benign,CRB2,1141.0
Q5IJ48,N1141Q,0.4242,ambiguous,CRB2,1141.0
Q5IJ48,N1141R,0.3329,benign,CRB2,1141.0
Q5IJ48,N1141S,0.1289,benign,CRB2,1141.0
Q5IJ48,N1141T,0.2532,benign,CRB2,1141.0
Q5IJ48,N1141V,0.4463,ambiguous,CRB2,1141.0
Q5IJ48,N1141W,0.7192,pathogenic,CRB2,1141.0
Q5IJ48,N1141Y,0.2886,benign,CRB2,1141.0
Q5IJ48,V1142A,0.0765,benign,CRB2,1142.0
Q5IJ48,V1142C,0.607,pathogenic,CRB2,1142.0
Q5IJ48,V1142D,0.0999,benign,CRB2,1142.0
Q5IJ48,V1142E,0.1002,benign,CRB2,1142.0
Q5IJ48,V1142F,0.0584,benign,CRB2,1142.0
Q5IJ48,V1142G,0.0822,benign,CRB2,1142.0
Q5IJ48,V1142H,0.1875,benign,CRB2,1142.0
Q5IJ48,V1142I,0.0761,benign,CRB2,1142.0
Q5IJ48,V1142K,0.1493,benign,CRB2,1142.0
Q5IJ48,V1142L,0.0874,benign,CRB2,1142.0
Q5IJ48,V1142M,0.0975,benign,CRB2,1142.0
Q5IJ48,V1142N,0.1089,benign,CRB2,1142.0
Q5IJ48,V1142P,0.2278,benign,CRB2,1142.0
Q5IJ48,V1142Q,0.1219,benign,CRB2,1142.0
Q5IJ48,V1142R,0.0889,benign,CRB2,1142.0
Q5IJ48,V1142S,0.0878,benign,CRB2,1142.0
Q5IJ48,V1142T,0.1058,benign,CRB2,1142.0
Q5IJ48,V1142W,0.3109,benign,CRB2,1142.0
Q5IJ48,V1142Y,0.2134,benign,CRB2,1142.0
Q5IJ48,T1143A,0.1172,benign,CRB2,1143.0
Q5IJ48,T1143C,0.7859,pathogenic,CRB2,1143.0
Q5IJ48,T1143D,0.3249,benign,CRB2,1143.0
Q5IJ48,T1143E,0.3449,ambiguous,CRB2,1143.0
Q5IJ48,T1143F,0.2944,benign,CRB2,1143.0
Q5IJ48,T1143G,0.2675,benign,CRB2,1143.0
Q5IJ48,T1143H,0.2842,benign,CRB2,1143.0
Q5IJ48,T1143I,0.3138,benign,CRB2,1143.0
Q5IJ48,T1143K,0.2584,benign,CRB2,1143.0
Q5IJ48,T1143L,0.1759,benign,CRB2,1143.0
Q5IJ48,T1143M,0.1673,benign,CRB2,1143.0
Q5IJ48,T1143N,0.1977,benign,CRB2,1143.0
Q5IJ48,T1143P,0.112,benign,CRB2,1143.0
Q5IJ48,T1143Q,0.2799,benign,CRB2,1143.0
Q5IJ48,T1143R,0.1638,benign,CRB2,1143.0
Q5IJ48,T1143S,0.1236,benign,CRB2,1143.0
Q5IJ48,T1143V,0.2937,benign,CRB2,1143.0
Q5IJ48,T1143W,0.5374,ambiguous,CRB2,1143.0
Q5IJ48,T1143Y,0.3899,ambiguous,CRB2,1143.0
Q5IJ48,C1144A,0.7776,pathogenic,CRB2,1144.0
Q5IJ48,C1144D,0.8844,pathogenic,CRB2,1144.0
Q5IJ48,C1144E,0.918,pathogenic,CRB2,1144.0
Q5IJ48,C1144F,0.472,ambiguous,CRB2,1144.0
Q5IJ48,C1144G,0.5267,ambiguous,CRB2,1144.0
Q5IJ48,C1144H,0.8147,pathogenic,CRB2,1144.0
Q5IJ48,C1144I,0.821,pathogenic,CRB2,1144.0
Q5IJ48,C1144K,0.9542,pathogenic,CRB2,1144.0
Q5IJ48,C1144L,0.7109,pathogenic,CRB2,1144.0
Q5IJ48,C1144M,0.9047,pathogenic,CRB2,1144.0
Q5IJ48,C1144N,0.8743,pathogenic,CRB2,1144.0
Q5IJ48,C1144P,0.7946,pathogenic,CRB2,1144.0
Q5IJ48,C1144Q,0.8924,pathogenic,CRB2,1144.0
Q5IJ48,C1144R,0.7,pathogenic,CRB2,1144.0
Q5IJ48,C1144S,0.7258,pathogenic,CRB2,1144.0
Q5IJ48,C1144T,0.8769,pathogenic,CRB2,1144.0
Q5IJ48,C1144V,0.7766,pathogenic,CRB2,1144.0
Q5IJ48,C1144W,0.6948,pathogenic,CRB2,1144.0
Q5IJ48,C1144Y,0.6548,pathogenic,CRB2,1144.0
Q5IJ48,L1145A,0.0985,benign,CRB2,1145.0
Q5IJ48,L1145C,0.5059,ambiguous,CRB2,1145.0
Q5IJ48,L1145D,0.3047,benign,CRB2,1145.0
Q5IJ48,L1145E,0.1278,benign,CRB2,1145.0
Q5IJ48,L1145F,0.0952,benign,CRB2,1145.0
Q5IJ48,L1145G,0.1698,benign,CRB2,1145.0
Q5IJ48,L1145H,0.1123,benign,CRB2,1145.0
Q5IJ48,L1145I,0.1042,benign,CRB2,1145.0
Q5IJ48,L1145K,0.1214,benign,CRB2,1145.0
Q5IJ48,L1145M,0.1277,benign,CRB2,1145.0
Q5IJ48,L1145N,0.2279,benign,CRB2,1145.0
Q5IJ48,L1145P,0.0675,benign,CRB2,1145.0
Q5IJ48,L1145Q,0.0705,benign,CRB2,1145.0
Q5IJ48,L1145R,0.0571,benign,CRB2,1145.0
Q5IJ48,L1145S,0.1138,benign,CRB2,1145.0
Q5IJ48,L1145T,0.113,benign,CRB2,1145.0
Q5IJ48,L1145V,0.0835,benign,CRB2,1145.0
Q5IJ48,L1145W,0.1074,benign,CRB2,1145.0
Q5IJ48,L1145Y,0.2498,benign,CRB2,1145.0
Q5IJ48,D1146A,0.0778,benign,CRB2,1146.0
Q5IJ48,D1146C,0.435,ambiguous,CRB2,1146.0
Q5IJ48,D1146E,0.1084,benign,CRB2,1146.0
Q5IJ48,D1146F,0.2403,benign,CRB2,1146.0
Q5IJ48,D1146G,0.0662,benign,CRB2,1146.0
Q5IJ48,D1146H,0.0903,benign,CRB2,1146.0
Q5IJ48,D1146I,0.1947,benign,CRB2,1146.0
Q5IJ48,D1146K,0.1348,benign,CRB2,1146.0
Q5IJ48,D1146L,0.1434,benign,CRB2,1146.0
Q5IJ48,D1146M,0.3228,benign,CRB2,1146.0
Q5IJ48,D1146N,0.0663,benign,CRB2,1146.0
Q5IJ48,D1146P,0.1645,benign,CRB2,1146.0
Q5IJ48,D1146Q,0.1189,benign,CRB2,1146.0
Q5IJ48,D1146R,0.0994,benign,CRB2,1146.0
Q5IJ48,D1146S,0.0674,benign,CRB2,1146.0
Q5IJ48,D1146T,0.123,benign,CRB2,1146.0
Q5IJ48,D1146V,0.1294,benign,CRB2,1146.0
Q5IJ48,D1146W,0.3709,ambiguous,CRB2,1146.0
Q5IJ48,D1146Y,0.1012,benign,CRB2,1146.0
Q5IJ48,G1147A,0.0945,benign,CRB2,1147.0
Q5IJ48,G1147C,0.2848,benign,CRB2,1147.0
Q5IJ48,G1147D,0.0817,benign,CRB2,1147.0
Q5IJ48,G1147E,0.1138,benign,CRB2,1147.0
Q5IJ48,G1147F,0.2913,benign,CRB2,1147.0
Q5IJ48,G1147H,0.1378,benign,CRB2,1147.0
Q5IJ48,G1147I,0.1823,benign,CRB2,1147.0
Q5IJ48,G1147K,0.1787,benign,CRB2,1147.0
Q5IJ48,G1147L,0.2194,benign,CRB2,1147.0
Q5IJ48,G1147M,0.3272,benign,CRB2,1147.0
Q5IJ48,G1147N,0.1482,benign,CRB2,1147.0
Q5IJ48,G1147P,0.3487,ambiguous,CRB2,1147.0
Q5IJ48,G1147Q,0.1413,benign,CRB2,1147.0
Q5IJ48,G1147R,0.0938,benign,CRB2,1147.0
Q5IJ48,G1147S,0.0766,benign,CRB2,1147.0
Q5IJ48,G1147T,0.1182,benign,CRB2,1147.0
Q5IJ48,G1147V,0.1372,benign,CRB2,1147.0
Q5IJ48,G1147W,0.1779,benign,CRB2,1147.0
Q5IJ48,G1147Y,0.1871,benign,CRB2,1147.0
Q5IJ48,S1148A,0.089,benign,CRB2,1148.0
Q5IJ48,S1148C,0.2292,benign,CRB2,1148.0
Q5IJ48,S1148D,0.1597,benign,CRB2,1148.0
Q5IJ48,S1148E,0.1899,benign,CRB2,1148.0
Q5IJ48,S1148F,0.1313,benign,CRB2,1148.0
Q5IJ48,S1148G,0.0599,benign,CRB2,1148.0
Q5IJ48,S1148H,0.1418,benign,CRB2,1148.0
Q5IJ48,S1148I,0.1069,benign,CRB2,1148.0
Q5IJ48,S1148K,0.2524,benign,CRB2,1148.0
Q5IJ48,S1148L,0.1049,benign,CRB2,1148.0
Q5IJ48,S1148M,0.2016,benign,CRB2,1148.0
Q5IJ48,S1148N,0.1008,benign,CRB2,1148.0
Q5IJ48,S1148P,0.1344,benign,CRB2,1148.0
Q5IJ48,S1148Q,0.1887,benign,CRB2,1148.0
Q5IJ48,S1148R,0.1617,benign,CRB2,1148.0
Q5IJ48,S1148T,0.0947,benign,CRB2,1148.0
Q5IJ48,S1148V,0.1291,benign,CRB2,1148.0
Q5IJ48,S1148W,0.1576,benign,CRB2,1148.0
Q5IJ48,S1148Y,0.1206,benign,CRB2,1148.0
Q5IJ48,P1149A,0.0579,benign,CRB2,1149.0
Q5IJ48,P1149C,0.3787,ambiguous,CRB2,1149.0
Q5IJ48,P1149D,0.1681,benign,CRB2,1149.0
Q5IJ48,P1149E,0.1208,benign,CRB2,1149.0
Q5IJ48,P1149F,0.1529,benign,CRB2,1149.0
Q5IJ48,P1149G,0.1248,benign,CRB2,1149.0
Q5IJ48,P1149H,0.0824,benign,CRB2,1149.0
Q5IJ48,P1149I,0.1348,benign,CRB2,1149.0
Q5IJ48,P1149K,0.1464,benign,CRB2,1149.0
Q5IJ48,P1149L,0.0664,benign,CRB2,1149.0
Q5IJ48,P1149M,0.1941,benign,CRB2,1149.0
Q5IJ48,P1149N,0.1813,benign,CRB2,1149.0
Q5IJ48,P1149Q,0.0754,benign,CRB2,1149.0
Q5IJ48,P1149R,0.0607,benign,CRB2,1149.0
Q5IJ48,P1149S,0.0679,benign,CRB2,1149.0
Q5IJ48,P1149T,0.0683,benign,CRB2,1149.0
Q5IJ48,P1149V,0.1032,benign,CRB2,1149.0
Q5IJ48,P1149W,0.1756,benign,CRB2,1149.0
Q5IJ48,P1149Y,0.1803,benign,CRB2,1149.0
Q5IJ48,C1150A,0.6709,pathogenic,CRB2,1150.0
Q5IJ48,C1150D,0.8554,pathogenic,CRB2,1150.0
Q5IJ48,C1150E,0.8117,pathogenic,CRB2,1150.0
Q5IJ48,C1150F,0.5188,ambiguous,CRB2,1150.0
Q5IJ48,C1150G,0.3982,ambiguous,CRB2,1150.0
Q5IJ48,C1150H,0.778,pathogenic,CRB2,1150.0
Q5IJ48,C1150I,0.7964,pathogenic,CRB2,1150.0
Q5IJ48,C1150K,0.8914,pathogenic,CRB2,1150.0
Q5IJ48,C1150L,0.6816,pathogenic,CRB2,1150.0
Q5IJ48,C1150M,0.8663,pathogenic,CRB2,1150.0
Q5IJ48,C1150N,0.8536,pathogenic,CRB2,1150.0
Q5IJ48,C1150P,0.6896,pathogenic,CRB2,1150.0
Q5IJ48,C1150Q,0.7838,pathogenic,CRB2,1150.0
Q5IJ48,C1150R,0.5483,ambiguous,CRB2,1150.0
Q5IJ48,C1150S,0.6822,pathogenic,CRB2,1150.0
Q5IJ48,C1150T,0.7987,pathogenic,CRB2,1150.0
Q5IJ48,C1150V,0.7016,pathogenic,CRB2,1150.0
Q5IJ48,C1150W,0.572,pathogenic,CRB2,1150.0
Q5IJ48,C1150Y,0.6047,pathogenic,CRB2,1150.0
Q5IJ48,E1151A,0.0989,benign,CRB2,1151.0
Q5IJ48,E1151C,0.6925,pathogenic,CRB2,1151.0
Q5IJ48,E1151D,0.1294,benign,CRB2,1151.0
Q5IJ48,E1151F,0.3877,ambiguous,CRB2,1151.0
Q5IJ48,E1151G,0.0953,benign,CRB2,1151.0
Q5IJ48,E1151H,0.1907,benign,CRB2,1151.0
Q5IJ48,E1151I,0.2395,benign,CRB2,1151.0
Q5IJ48,E1151K,0.0736,benign,CRB2,1151.0
Q5IJ48,E1151L,0.1851,benign,CRB2,1151.0
Q5IJ48,E1151M,0.2821,benign,CRB2,1151.0
Q5IJ48,E1151N,0.2119,benign,CRB2,1151.0
Q5IJ48,E1151P,0.2306,benign,CRB2,1151.0
Q5IJ48,E1151Q,0.0782,benign,CRB2,1151.0
Q5IJ48,E1151R,0.0842,benign,CRB2,1151.0
Q5IJ48,E1151S,0.1375,benign,CRB2,1151.0
Q5IJ48,E1151T,0.1467,benign,CRB2,1151.0
Q5IJ48,E1151V,0.145,benign,CRB2,1151.0
Q5IJ48,E1151W,0.4611,ambiguous,CRB2,1151.0
Q5IJ48,E1151Y,0.3291,benign,CRB2,1151.0
Q5IJ48,G1152A,0.0685,benign,CRB2,1152.0
Q5IJ48,G1152C,0.3063,benign,CRB2,1152.0
Q5IJ48,G1152D,0.0743,benign,CRB2,1152.0
Q5IJ48,G1152E,0.0719,benign,CRB2,1152.0
Q5IJ48,G1152F,0.2155,benign,CRB2,1152.0
Q5IJ48,G1152H,0.157,benign,CRB2,1152.0
Q5IJ48,G1152I,0.121,benign,CRB2,1152.0
Q5IJ48,G1152K,0.1475,benign,CRB2,1152.0
Q5IJ48,G1152L,0.1468,benign,CRB2,1152.0
Q5IJ48,G1152M,0.1897,benign,CRB2,1152.0
Q5IJ48,G1152N,0.1388,benign,CRB2,1152.0
Q5IJ48,G1152P,0.1847,benign,CRB2,1152.0
Q5IJ48,G1152Q,0.1252,benign,CRB2,1152.0
Q5IJ48,G1152R,0.1006,benign,CRB2,1152.0
Q5IJ48,G1152S,0.0783,benign,CRB2,1152.0
Q5IJ48,G1152T,0.0853,benign,CRB2,1152.0
Q5IJ48,G1152V,0.0847,benign,CRB2,1152.0
Q5IJ48,G1152W,0.1375,benign,CRB2,1152.0
Q5IJ48,G1152Y,0.1718,benign,CRB2,1152.0
Q5IJ48,G1153A,0.0816,benign,CRB2,1153.0
Q5IJ48,G1153C,0.2654,benign,CRB2,1153.0
Q5IJ48,G1153D,0.0839,benign,CRB2,1153.0
Q5IJ48,G1153E,0.0968,benign,CRB2,1153.0
Q5IJ48,G1153F,0.1926,benign,CRB2,1153.0
Q5IJ48,G1153H,0.1411,benign,CRB2,1153.0
Q5IJ48,G1153I,0.1168,benign,CRB2,1153.0
Q5IJ48,G1153K,0.1763,benign,CRB2,1153.0
Q5IJ48,G1153L,0.1466,benign,CRB2,1153.0
Q5IJ48,G1153M,0.2332,benign,CRB2,1153.0
Q5IJ48,G1153N,0.1482,benign,CRB2,1153.0
Q5IJ48,G1153P,0.2126,benign,CRB2,1153.0
Q5IJ48,G1153Q,0.1317,benign,CRB2,1153.0
Q5IJ48,G1153R,0.0981,benign,CRB2,1153.0
Q5IJ48,G1153S,0.0731,benign,CRB2,1153.0
Q5IJ48,G1153T,0.0949,benign,CRB2,1153.0
Q5IJ48,G1153V,0.0909,benign,CRB2,1153.0
Q5IJ48,G1153W,0.1323,benign,CRB2,1153.0
Q5IJ48,G1153Y,0.1638,benign,CRB2,1153.0
Q5IJ48,S1154A,0.0791,benign,CRB2,1154.0
Q5IJ48,S1154C,0.249,benign,CRB2,1154.0
Q5IJ48,S1154D,0.1642,benign,CRB2,1154.0
Q5IJ48,S1154E,0.1779,benign,CRB2,1154.0
Q5IJ48,S1154F,0.0875,benign,CRB2,1154.0
Q5IJ48,S1154G,0.0867,benign,CRB2,1154.0
Q5IJ48,S1154H,0.136,benign,CRB2,1154.0
Q5IJ48,S1154I,0.1062,benign,CRB2,1154.0
Q5IJ48,S1154K,0.2591,benign,CRB2,1154.0
Q5IJ48,S1154L,0.0772,benign,CRB2,1154.0
Q5IJ48,S1154M,0.1821,benign,CRB2,1154.0
Q5IJ48,S1154N,0.1183,benign,CRB2,1154.0
Q5IJ48,S1154P,0.0617,benign,CRB2,1154.0
Q5IJ48,S1154Q,0.1688,benign,CRB2,1154.0
Q5IJ48,S1154R,0.1579,benign,CRB2,1154.0
Q5IJ48,S1154T,0.0884,benign,CRB2,1154.0
Q5IJ48,S1154V,0.1161,benign,CRB2,1154.0
Q5IJ48,S1154W,0.1131,benign,CRB2,1154.0
Q5IJ48,S1154Y,0.1003,benign,CRB2,1154.0
Q5IJ48,P1155A,0.0521,benign,CRB2,1155.0
Q5IJ48,P1155C,0.3883,ambiguous,CRB2,1155.0
Q5IJ48,P1155D,0.1339,benign,CRB2,1155.0
Q5IJ48,P1155E,0.093,benign,CRB2,1155.0
Q5IJ48,P1155F,0.1434,benign,CRB2,1155.0
Q5IJ48,P1155G,0.0976,benign,CRB2,1155.0
Q5IJ48,P1155H,0.0806,benign,CRB2,1155.0
Q5IJ48,P1155I,0.1455,benign,CRB2,1155.0
Q5IJ48,P1155K,0.118,benign,CRB2,1155.0
Q5IJ48,P1155L,0.0619,benign,CRB2,1155.0
Q5IJ48,P1155M,0.1635,benign,CRB2,1155.0
Q5IJ48,P1155N,0.1611,benign,CRB2,1155.0
Q5IJ48,P1155Q,0.0627,benign,CRB2,1155.0
Q5IJ48,P1155R,0.0548,benign,CRB2,1155.0
Q5IJ48,P1155S,0.0674,benign,CRB2,1155.0
Q5IJ48,P1155T,0.0687,benign,CRB2,1155.0
Q5IJ48,P1155V,0.0987,benign,CRB2,1155.0
Q5IJ48,P1155W,0.1318,benign,CRB2,1155.0
Q5IJ48,P1155Y,0.1613,benign,CRB2,1155.0
Q5IJ48,A1156C,0.497,ambiguous,CRB2,1156.0
Q5IJ48,A1156D,0.1038,benign,CRB2,1156.0
Q5IJ48,A1156E,0.0983,benign,CRB2,1156.0
Q5IJ48,A1156F,0.1473,benign,CRB2,1156.0
Q5IJ48,A1156G,0.0679,benign,CRB2,1156.0
Q5IJ48,A1156H,0.1957,benign,CRB2,1156.0
Q5IJ48,A1156I,0.1519,benign,CRB2,1156.0
Q5IJ48,A1156K,0.1696,benign,CRB2,1156.0
Q5IJ48,A1156L,0.0942,benign,CRB2,1156.0
Q5IJ48,A1156M,0.1469,benign,CRB2,1156.0
Q5IJ48,A1156N,0.1538,benign,CRB2,1156.0
Q5IJ48,A1156P,0.0854,benign,CRB2,1156.0
Q5IJ48,A1156Q,0.1289,benign,CRB2,1156.0
Q5IJ48,A1156R,0.1121,benign,CRB2,1156.0
Q5IJ48,A1156S,0.0807,benign,CRB2,1156.0
Q5IJ48,A1156T,0.0785,benign,CRB2,1156.0
Q5IJ48,A1156V,0.0878,benign,CRB2,1156.0
Q5IJ48,A1156W,0.2403,benign,CRB2,1156.0
Q5IJ48,A1156Y,0.2188,benign,CRB2,1156.0
Q5IJ48,A1157C,0.5936,pathogenic,CRB2,1157.0
Q5IJ48,A1157D,0.1505,benign,CRB2,1157.0
Q5IJ48,A1157E,0.1333,benign,CRB2,1157.0
Q5IJ48,A1157F,0.1901,benign,CRB2,1157.0
Q5IJ48,A1157G,0.0907,benign,CRB2,1157.0
Q5IJ48,A1157H,0.2757,benign,CRB2,1157.0
Q5IJ48,A1157I,0.1809,benign,CRB2,1157.0
Q5IJ48,A1157K,0.2239,benign,CRB2,1157.0
Q5IJ48,A1157L,0.1281,benign,CRB2,1157.0
Q5IJ48,A1157M,0.1784,benign,CRB2,1157.0
Q5IJ48,A1157N,0.1897,benign,CRB2,1157.0
Q5IJ48,A1157P,0.1107,benign,CRB2,1157.0
Q5IJ48,A1157Q,0.1768,benign,CRB2,1157.0
Q5IJ48,A1157R,0.1481,benign,CRB2,1157.0
Q5IJ48,A1157S,0.0856,benign,CRB2,1157.0
Q5IJ48,A1157T,0.0743,benign,CRB2,1157.0
Q5IJ48,A1157V,0.1022,benign,CRB2,1157.0
Q5IJ48,A1157W,0.3287,benign,CRB2,1157.0
Q5IJ48,A1157Y,0.2882,benign,CRB2,1157.0
Q5IJ48,N1158A,0.1997,benign,CRB2,1158.0
Q5IJ48,N1158C,0.6761,pathogenic,CRB2,1158.0
Q5IJ48,N1158D,0.1757,benign,CRB2,1158.0
Q5IJ48,N1158E,0.3435,ambiguous,CRB2,1158.0
Q5IJ48,N1158F,0.5023,ambiguous,CRB2,1158.0
Q5IJ48,N1158G,0.2251,benign,CRB2,1158.0
Q5IJ48,N1158H,0.1652,benign,CRB2,1158.0
Q5IJ48,N1158I,0.2754,benign,CRB2,1158.0
Q5IJ48,N1158K,0.3199,benign,CRB2,1158.0
Q5IJ48,N1158L,0.2577,benign,CRB2,1158.0
Q5IJ48,N1158M,0.5048,ambiguous,CRB2,1158.0
Q5IJ48,N1158P,0.315,benign,CRB2,1158.0
Q5IJ48,N1158Q,0.3711,ambiguous,CRB2,1158.0
Q5IJ48,N1158R,0.2375,benign,CRB2,1158.0
Q5IJ48,N1158S,0.0934,benign,CRB2,1158.0
Q5IJ48,N1158T,0.189,benign,CRB2,1158.0
Q5IJ48,N1158V,0.2638,benign,CRB2,1158.0
Q5IJ48,N1158W,0.6538,pathogenic,CRB2,1158.0
Q5IJ48,N1158Y,0.1974,benign,CRB2,1158.0
Q5IJ48,C1159A,0.769,pathogenic,CRB2,1159.0
Q5IJ48,C1159D,0.8585,pathogenic,CRB2,1159.0
Q5IJ48,C1159E,0.9002,pathogenic,CRB2,1159.0
Q5IJ48,C1159F,0.5346,ambiguous,CRB2,1159.0
Q5IJ48,C1159G,0.451,ambiguous,CRB2,1159.0
Q5IJ48,C1159H,0.8106,pathogenic,CRB2,1159.0
Q5IJ48,C1159I,0.801,pathogenic,CRB2,1159.0
Q5IJ48,C1159K,0.9464,pathogenic,CRB2,1159.0
Q5IJ48,C1159L,0.75,pathogenic,CRB2,1159.0
Q5IJ48,C1159M,0.924,pathogenic,CRB2,1159.0
Q5IJ48,C1159N,0.8462,pathogenic,CRB2,1159.0
Q5IJ48,C1159P,0.8486,pathogenic,CRB2,1159.0
Q5IJ48,C1159Q,0.8873,pathogenic,CRB2,1159.0
Q5IJ48,C1159R,0.6596,pathogenic,CRB2,1159.0
Q5IJ48,C1159S,0.7264,pathogenic,CRB2,1159.0
Q5IJ48,C1159T,0.8438,pathogenic,CRB2,1159.0
Q5IJ48,C1159V,0.7607,pathogenic,CRB2,1159.0
Q5IJ48,C1159W,0.6971,pathogenic,CRB2,1159.0
Q5IJ48,C1159Y,0.64,pathogenic,CRB2,1159.0
Q5IJ48,S1160A,0.1021,benign,CRB2,1160.0
Q5IJ48,S1160C,0.4318,ambiguous,CRB2,1160.0
Q5IJ48,S1160D,0.2918,benign,CRB2,1160.0
Q5IJ48,S1160E,0.4078,ambiguous,CRB2,1160.0
Q5IJ48,S1160F,0.1733,benign,CRB2,1160.0
Q5IJ48,S1160G,0.1091,benign,CRB2,1160.0
Q5IJ48,S1160H,0.2645,benign,CRB2,1160.0
Q5IJ48,S1160I,0.2106,benign,CRB2,1160.0
Q5IJ48,S1160K,0.5305,ambiguous,CRB2,1160.0
Q5IJ48,S1160L,0.1454,benign,CRB2,1160.0
Q5IJ48,S1160M,0.3513,ambiguous,CRB2,1160.0
Q5IJ48,S1160N,0.2079,benign,CRB2,1160.0
Q5IJ48,S1160P,0.1734,benign,CRB2,1160.0
Q5IJ48,S1160Q,0.4178,ambiguous,CRB2,1160.0
Q5IJ48,S1160R,0.3139,benign,CRB2,1160.0
Q5IJ48,S1160T,0.082,benign,CRB2,1160.0
Q5IJ48,S1160V,0.2172,benign,CRB2,1160.0
Q5IJ48,S1160W,0.214,benign,CRB2,1160.0
Q5IJ48,S1160Y,0.193,benign,CRB2,1160.0
Q5IJ48,C1161A,0.639,pathogenic,CRB2,1161.0
Q5IJ48,C1161D,0.7688,pathogenic,CRB2,1161.0
Q5IJ48,C1161E,0.8306,pathogenic,CRB2,1161.0
Q5IJ48,C1161F,0.3327,benign,CRB2,1161.0
Q5IJ48,C1161G,0.3612,ambiguous,CRB2,1161.0
Q5IJ48,C1161H,0.6657,pathogenic,CRB2,1161.0
Q5IJ48,C1161I,0.7161,pathogenic,CRB2,1161.0
Q5IJ48,C1161K,0.9002,pathogenic,CRB2,1161.0
Q5IJ48,C1161L,0.5872,pathogenic,CRB2,1161.0
Q5IJ48,C1161M,0.8588,pathogenic,CRB2,1161.0
Q5IJ48,C1161N,0.7497,pathogenic,CRB2,1161.0
Q5IJ48,C1161P,0.6465,pathogenic,CRB2,1161.0
Q5IJ48,C1161Q,0.7673,pathogenic,CRB2,1161.0
Q5IJ48,C1161R,0.5153,ambiguous,CRB2,1161.0
Q5IJ48,C1161S,0.5323,ambiguous,CRB2,1161.0
Q5IJ48,C1161T,0.7636,pathogenic,CRB2,1161.0
Q5IJ48,C1161V,0.6653,pathogenic,CRB2,1161.0
Q5IJ48,C1161W,0.572,pathogenic,CRB2,1161.0
Q5IJ48,C1161Y,0.4958,ambiguous,CRB2,1161.0
Q5IJ48,L1162A,0.0691,benign,CRB2,1162.0
Q5IJ48,L1162C,0.3629,ambiguous,CRB2,1162.0
Q5IJ48,L1162D,0.1886,benign,CRB2,1162.0
Q5IJ48,L1162E,0.0792,benign,CRB2,1162.0
Q5IJ48,L1162F,0.0887,benign,CRB2,1162.0
Q5IJ48,L1162G,0.1113,benign,CRB2,1162.0
Q5IJ48,L1162H,0.0767,benign,CRB2,1162.0
Q5IJ48,L1162I,0.0996,benign,CRB2,1162.0
Q5IJ48,L1162K,0.0814,benign,CRB2,1162.0
Q5IJ48,L1162M,0.103,benign,CRB2,1162.0
Q5IJ48,L1162N,0.1561,benign,CRB2,1162.0
Q5IJ48,L1162P,0.0452,benign,CRB2,1162.0
Q5IJ48,L1162Q,0.0449,benign,CRB2,1162.0
Q5IJ48,L1162R,0.0429,benign,CRB2,1162.0
Q5IJ48,L1162S,0.0741,benign,CRB2,1162.0
Q5IJ48,L1162T,0.0781,benign,CRB2,1162.0
Q5IJ48,L1162V,0.0726,benign,CRB2,1162.0
Q5IJ48,L1162W,0.0746,benign,CRB2,1162.0
Q5IJ48,L1162Y,0.1807,benign,CRB2,1162.0
Q5IJ48,E1163A,0.0797,benign,CRB2,1163.0
Q5IJ48,E1163C,0.6896,pathogenic,CRB2,1163.0
Q5IJ48,E1163D,0.0976,benign,CRB2,1163.0
Q5IJ48,E1163F,0.3992,ambiguous,CRB2,1163.0
Q5IJ48,E1163G,0.0688,benign,CRB2,1163.0
Q5IJ48,E1163H,0.1769,benign,CRB2,1163.0
Q5IJ48,E1163I,0.2718,benign,CRB2,1163.0
Q5IJ48,E1163K,0.0751,benign,CRB2,1163.0
Q5IJ48,E1163L,0.1737,benign,CRB2,1163.0
Q5IJ48,E1163M,0.2889,benign,CRB2,1163.0
Q5IJ48,E1163N,0.1714,benign,CRB2,1163.0
Q5IJ48,E1163P,0.1201,benign,CRB2,1163.0
Q5IJ48,E1163Q,0.0762,benign,CRB2,1163.0
Q5IJ48,E1163R,0.0868,benign,CRB2,1163.0
Q5IJ48,E1163S,0.112,benign,CRB2,1163.0
Q5IJ48,E1163T,0.1339,benign,CRB2,1163.0
Q5IJ48,E1163V,0.1518,benign,CRB2,1163.0
Q5IJ48,E1163W,0.4066,ambiguous,CRB2,1163.0
Q5IJ48,E1163Y,0.3008,benign,CRB2,1163.0
Q5IJ48,G1164A,0.0852,benign,CRB2,1164.0
Q5IJ48,G1164C,0.3419,ambiguous,CRB2,1164.0
Q5IJ48,G1164D,0.0766,benign,CRB2,1164.0
Q5IJ48,G1164E,0.0892,benign,CRB2,1164.0
Q5IJ48,G1164F,0.2336,benign,CRB2,1164.0
Q5IJ48,G1164H,0.1533,benign,CRB2,1164.0
Q5IJ48,G1164I,0.1501,benign,CRB2,1164.0
Q5IJ48,G1164K,0.1795,benign,CRB2,1164.0
Q5IJ48,G1164L,0.1784,benign,CRB2,1164.0
Q5IJ48,G1164M,0.2477,benign,CRB2,1164.0
Q5IJ48,G1164N,0.1277,benign,CRB2,1164.0
Q5IJ48,G1164P,0.2645,benign,CRB2,1164.0
Q5IJ48,G1164Q,0.1482,benign,CRB2,1164.0
Q5IJ48,G1164R,0.1222,benign,CRB2,1164.0
Q5IJ48,G1164S,0.0815,benign,CRB2,1164.0
Q5IJ48,G1164T,0.1038,benign,CRB2,1164.0
Q5IJ48,G1164V,0.1012,benign,CRB2,1164.0
Q5IJ48,G1164W,0.1717,benign,CRB2,1164.0
Q5IJ48,G1164Y,0.1592,benign,CRB2,1164.0
Q5IJ48,L1165A,0.0859,benign,CRB2,1165.0
Q5IJ48,L1165C,0.3964,ambiguous,CRB2,1165.0
Q5IJ48,L1165D,0.2246,benign,CRB2,1165.0
Q5IJ48,L1165E,0.1189,benign,CRB2,1165.0
Q5IJ48,L1165F,0.0573,benign,CRB2,1165.0
Q5IJ48,L1165G,0.1367,benign,CRB2,1165.0
Q5IJ48,L1165H,0.0865,benign,CRB2,1165.0
Q5IJ48,L1165I,0.0912,benign,CRB2,1165.0
Q5IJ48,L1165K,0.1215,benign,CRB2,1165.0
Q5IJ48,L1165M,0.1,benign,CRB2,1165.0
Q5IJ48,L1165N,0.1556,benign,CRB2,1165.0
Q5IJ48,L1165P,0.0824,benign,CRB2,1165.0
Q5IJ48,L1165Q,0.0651,benign,CRB2,1165.0
Q5IJ48,L1165R,0.0592,benign,CRB2,1165.0
Q5IJ48,L1165S,0.0889,benign,CRB2,1165.0
Q5IJ48,L1165T,0.0979,benign,CRB2,1165.0
Q5IJ48,L1165V,0.0741,benign,CRB2,1165.0
Q5IJ48,L1165W,0.0751,benign,CRB2,1165.0
Q5IJ48,L1165Y,0.1451,benign,CRB2,1165.0
Q5IJ48,A1166C,0.5051,ambiguous,CRB2,1166.0
Q5IJ48,A1166D,0.1264,benign,CRB2,1166.0
Q5IJ48,A1166E,0.1115,benign,CRB2,1166.0
Q5IJ48,A1166F,0.1618,benign,CRB2,1166.0
Q5IJ48,A1166G,0.0821,benign,CRB2,1166.0
Q5IJ48,A1166H,0.2101,benign,CRB2,1166.0
Q5IJ48,A1166I,0.1621,benign,CRB2,1166.0
Q5IJ48,A1166K,0.1824,benign,CRB2,1166.0
Q5IJ48,A1166L,0.1052,benign,CRB2,1166.0
Q5IJ48,A1166M,0.1614,benign,CRB2,1166.0
Q5IJ48,A1166N,0.1752,benign,CRB2,1166.0
Q5IJ48,A1166P,0.0882,benign,CRB2,1166.0
Q5IJ48,A1166Q,0.143,benign,CRB2,1166.0
Q5IJ48,A1166R,0.1239,benign,CRB2,1166.0
Q5IJ48,A1166S,0.0806,benign,CRB2,1166.0
Q5IJ48,A1166T,0.078,benign,CRB2,1166.0
Q5IJ48,A1166V,0.0912,benign,CRB2,1166.0
Q5IJ48,A1166W,0.2752,benign,CRB2,1166.0
Q5IJ48,A1166Y,0.2506,benign,CRB2,1166.0
Q5IJ48,G1167A,0.1151,benign,CRB2,1167.0
Q5IJ48,G1167C,0.4134,ambiguous,CRB2,1167.0
Q5IJ48,G1167D,0.1298,benign,CRB2,1167.0
Q5IJ48,G1167E,0.1439,benign,CRB2,1167.0
Q5IJ48,G1167F,0.3704,ambiguous,CRB2,1167.0
Q5IJ48,G1167H,0.2353,benign,CRB2,1167.0
Q5IJ48,G1167I,0.2779,benign,CRB2,1167.0
Q5IJ48,G1167K,0.2724,benign,CRB2,1167.0
Q5IJ48,G1167L,0.2675,benign,CRB2,1167.0
Q5IJ48,G1167M,0.4131,ambiguous,CRB2,1167.0
Q5IJ48,G1167N,0.2282,benign,CRB2,1167.0
Q5IJ48,G1167P,0.4182,ambiguous,CRB2,1167.0
Q5IJ48,G1167Q,0.1913,benign,CRB2,1167.0
Q5IJ48,G1167R,0.1398,benign,CRB2,1167.0
Q5IJ48,G1167S,0.0819,benign,CRB2,1167.0
Q5IJ48,G1167T,0.1597,benign,CRB2,1167.0
Q5IJ48,G1167V,0.1854,benign,CRB2,1167.0
Q5IJ48,G1167W,0.2304,benign,CRB2,1167.0
Q5IJ48,G1167Y,0.2894,benign,CRB2,1167.0
Q5IJ48,Q1168A,0.1219,benign,CRB2,1168.0
Q5IJ48,Q1168C,0.5852,pathogenic,CRB2,1168.0
Q5IJ48,Q1168D,0.2151,benign,CRB2,1168.0
Q5IJ48,Q1168E,0.0809,benign,CRB2,1168.0
Q5IJ48,Q1168F,0.3516,ambiguous,CRB2,1168.0
Q5IJ48,Q1168G,0.1286,benign,CRB2,1168.0
Q5IJ48,Q1168H,0.1472,benign,CRB2,1168.0
Q5IJ48,Q1168I,0.2524,benign,CRB2,1168.0
Q5IJ48,Q1168K,0.0923,benign,CRB2,1168.0
Q5IJ48,Q1168L,0.0916,benign,CRB2,1168.0
Q5IJ48,Q1168M,0.2782,benign,CRB2,1168.0
Q5IJ48,Q1168N,0.2226,benign,CRB2,1168.0
Q5IJ48,Q1168P,0.063,benign,CRB2,1168.0
Q5IJ48,Q1168R,0.0644,benign,CRB2,1168.0
Q5IJ48,Q1168S,0.1276,benign,CRB2,1168.0
Q5IJ48,Q1168T,0.1472,benign,CRB2,1168.0
Q5IJ48,Q1168V,0.1653,benign,CRB2,1168.0
Q5IJ48,Q1168W,0.1822,benign,CRB2,1168.0
Q5IJ48,Q1168Y,0.2737,benign,CRB2,1168.0
Q5IJ48,R1169A,0.2,benign,CRB2,1169.0
Q5IJ48,R1169C,0.3449,ambiguous,CRB2,1169.0
Q5IJ48,R1169D,0.3135,benign,CRB2,1169.0
Q5IJ48,R1169E,0.2067,benign,CRB2,1169.0
Q5IJ48,R1169F,0.2969,benign,CRB2,1169.0
Q5IJ48,R1169G,0.1139,benign,CRB2,1169.0
Q5IJ48,R1169H,0.0975,benign,CRB2,1169.0
Q5IJ48,R1169I,0.1948,benign,CRB2,1169.0
Q5IJ48,R1169K,0.1557,benign,CRB2,1169.0
Q5IJ48,R1169L,0.1301,benign,CRB2,1169.0
Q5IJ48,R1169M,0.2693,benign,CRB2,1169.0
Q5IJ48,R1169N,0.3141,benign,CRB2,1169.0
Q5IJ48,R1169P,0.1672,benign,CRB2,1169.0
Q5IJ48,R1169Q,0.0967,benign,CRB2,1169.0
Q5IJ48,R1169S,0.229,benign,CRB2,1169.0
Q5IJ48,R1169T,0.1692,benign,CRB2,1169.0
Q5IJ48,R1169V,0.2284,benign,CRB2,1169.0
Q5IJ48,R1169W,0.1155,benign,CRB2,1169.0
Q5IJ48,R1169Y,0.234,benign,CRB2,1169.0
Q5IJ48,C1170A,0.8114,pathogenic,CRB2,1170.0
Q5IJ48,C1170D,0.8656,pathogenic,CRB2,1170.0
Q5IJ48,C1170E,0.8626,pathogenic,CRB2,1170.0
Q5IJ48,C1170F,0.4717,ambiguous,CRB2,1170.0
Q5IJ48,C1170G,0.4335,ambiguous,CRB2,1170.0
Q5IJ48,C1170H,0.7785,pathogenic,CRB2,1170.0
Q5IJ48,C1170I,0.8239,pathogenic,CRB2,1170.0
Q5IJ48,C1170K,0.9108,pathogenic,CRB2,1170.0
Q5IJ48,C1170L,0.7155,pathogenic,CRB2,1170.0
Q5IJ48,C1170M,0.8961,pathogenic,CRB2,1170.0
Q5IJ48,C1170N,0.8276,pathogenic,CRB2,1170.0
Q5IJ48,C1170P,0.7907,pathogenic,CRB2,1170.0
Q5IJ48,C1170Q,0.8148,pathogenic,CRB2,1170.0
Q5IJ48,C1170R,0.6215,pathogenic,CRB2,1170.0
Q5IJ48,C1170S,0.7419,pathogenic,CRB2,1170.0
Q5IJ48,C1170T,0.8896,pathogenic,CRB2,1170.0
Q5IJ48,C1170V,0.8058,pathogenic,CRB2,1170.0
Q5IJ48,C1170W,0.6025,pathogenic,CRB2,1170.0
Q5IJ48,C1170Y,0.5404,ambiguous,CRB2,1170.0
Q5IJ48,Q1171A,0.1059,benign,CRB2,1171.0
Q5IJ48,Q1171C,0.5559,ambiguous,CRB2,1171.0
Q5IJ48,Q1171D,0.1925,benign,CRB2,1171.0
Q5IJ48,Q1171E,0.0687,benign,CRB2,1171.0
Q5IJ48,Q1171F,0.3617,ambiguous,CRB2,1171.0
Q5IJ48,Q1171G,0.1312,benign,CRB2,1171.0
Q5IJ48,Q1171H,0.1314,benign,CRB2,1171.0
Q5IJ48,Q1171I,0.2542,benign,CRB2,1171.0
Q5IJ48,Q1171K,0.0963,benign,CRB2,1171.0
Q5IJ48,Q1171L,0.0885,benign,CRB2,1171.0
Q5IJ48,Q1171M,0.2719,benign,CRB2,1171.0
Q5IJ48,Q1171N,0.2194,benign,CRB2,1171.0
Q5IJ48,Q1171P,0.0729,benign,CRB2,1171.0
Q5IJ48,Q1171R,0.0598,benign,CRB2,1171.0
Q5IJ48,Q1171S,0.1348,benign,CRB2,1171.0
Q5IJ48,Q1171T,0.1269,benign,CRB2,1171.0
Q5IJ48,Q1171V,0.1491,benign,CRB2,1171.0
Q5IJ48,Q1171W,0.1814,benign,CRB2,1171.0
Q5IJ48,Q1171Y,0.2676,benign,CRB2,1171.0
Q5IJ48,V1172A,0.0809,benign,CRB2,1172.0
Q5IJ48,V1172C,0.6315,pathogenic,CRB2,1172.0
Q5IJ48,V1172D,0.0901,benign,CRB2,1172.0
Q5IJ48,V1172E,0.0844,benign,CRB2,1172.0
Q5IJ48,V1172F,0.0688,benign,CRB2,1172.0
Q5IJ48,V1172G,0.0705,benign,CRB2,1172.0
Q5IJ48,V1172H,0.1662,benign,CRB2,1172.0
Q5IJ48,V1172I,0.0778,benign,CRB2,1172.0
Q5IJ48,V1172K,0.1125,benign,CRB2,1172.0
Q5IJ48,V1172L,0.0802,benign,CRB2,1172.0
Q5IJ48,V1172M,0.0964,benign,CRB2,1172.0
Q5IJ48,V1172N,0.0923,benign,CRB2,1172.0
Q5IJ48,V1172P,0.1292,benign,CRB2,1172.0
Q5IJ48,V1172Q,0.1017,benign,CRB2,1172.0
Q5IJ48,V1172R,0.0811,benign,CRB2,1172.0
Q5IJ48,V1172S,0.0785,benign,CRB2,1172.0
Q5IJ48,V1172T,0.109,benign,CRB2,1172.0
Q5IJ48,V1172W,0.2733,benign,CRB2,1172.0
Q5IJ48,V1172Y,0.2003,benign,CRB2,1172.0
Q5IJ48,P1173A,0.0608,benign,CRB2,1173.0
Q5IJ48,P1173C,0.4645,ambiguous,CRB2,1173.0
Q5IJ48,P1173D,0.1935,benign,CRB2,1173.0
Q5IJ48,P1173E,0.1243,benign,CRB2,1173.0
Q5IJ48,P1173F,0.1884,benign,CRB2,1173.0
Q5IJ48,P1173G,0.1503,benign,CRB2,1173.0
Q5IJ48,P1173H,0.0966,benign,CRB2,1173.0
Q5IJ48,P1173I,0.1802,benign,CRB2,1173.0
Q5IJ48,P1173K,0.156,benign,CRB2,1173.0
Q5IJ48,P1173L,0.0735,benign,CRB2,1173.0
Q5IJ48,P1173M,0.1987,benign,CRB2,1173.0
Q5IJ48,P1173N,0.1976,benign,CRB2,1173.0
Q5IJ48,P1173Q,0.0786,benign,CRB2,1173.0
Q5IJ48,P1173R,0.0706,benign,CRB2,1173.0
Q5IJ48,P1173S,0.0747,benign,CRB2,1173.0
Q5IJ48,P1173T,0.075,benign,CRB2,1173.0
Q5IJ48,P1173V,0.1303,benign,CRB2,1173.0
Q5IJ48,P1173W,0.2119,benign,CRB2,1173.0
Q5IJ48,P1173Y,0.2058,benign,CRB2,1173.0
Q5IJ48,T1174A,0.055,benign,CRB2,1174.0
Q5IJ48,T1174C,0.3883,ambiguous,CRB2,1174.0
Q5IJ48,T1174D,0.1347,benign,CRB2,1174.0
Q5IJ48,T1174E,0.112,benign,CRB2,1174.0
Q5IJ48,T1174F,0.0962,benign,CRB2,1174.0
Q5IJ48,T1174G,0.1015,benign,CRB2,1174.0
Q5IJ48,T1174H,0.107,benign,CRB2,1174.0
Q5IJ48,T1174I,0.0757,benign,CRB2,1174.0
Q5IJ48,T1174K,0.0968,benign,CRB2,1174.0
Q5IJ48,T1174L,0.058,benign,CRB2,1174.0
Q5IJ48,T1174M,0.0768,benign,CRB2,1174.0
Q5IJ48,T1174N,0.0813,benign,CRB2,1174.0
Q5IJ48,T1174P,0.0515,benign,CRB2,1174.0
Q5IJ48,T1174Q,0.0954,benign,CRB2,1174.0
Q5IJ48,T1174R,0.0663,benign,CRB2,1174.0
Q5IJ48,T1174S,0.07,benign,CRB2,1174.0
Q5IJ48,T1174V,0.0711,benign,CRB2,1174.0
Q5IJ48,T1174W,0.2072,benign,CRB2,1174.0
Q5IJ48,T1174Y,0.1211,benign,CRB2,1174.0
Q5IJ48,L1175A,0.0844,benign,CRB2,1175.0
Q5IJ48,L1175C,0.3822,ambiguous,CRB2,1175.0
Q5IJ48,L1175D,0.2025,benign,CRB2,1175.0
Q5IJ48,L1175E,0.1113,benign,CRB2,1175.0
Q5IJ48,L1175F,0.0716,benign,CRB2,1175.0
Q5IJ48,L1175G,0.1443,benign,CRB2,1175.0
Q5IJ48,L1175H,0.0933,benign,CRB2,1175.0
Q5IJ48,L1175I,0.0866,benign,CRB2,1175.0
Q5IJ48,L1175K,0.119,benign,CRB2,1175.0
Q5IJ48,L1175M,0.1139,benign,CRB2,1175.0
Q5IJ48,L1175N,0.1612,benign,CRB2,1175.0
Q5IJ48,L1175P,0.0581,benign,CRB2,1175.0
Q5IJ48,L1175Q,0.0674,benign,CRB2,1175.0
Q5IJ48,L1175R,0.0604,benign,CRB2,1175.0
Q5IJ48,L1175S,0.0844,benign,CRB2,1175.0
Q5IJ48,L1175T,0.1015,benign,CRB2,1175.0
Q5IJ48,L1175V,0.0692,benign,CRB2,1175.0
Q5IJ48,L1175W,0.0909,benign,CRB2,1175.0
Q5IJ48,L1175Y,0.1578,benign,CRB2,1175.0
Q5IJ48,P1176A,0.0674,benign,CRB2,1176.0
Q5IJ48,P1176C,0.4872,ambiguous,CRB2,1176.0
Q5IJ48,P1176D,0.2327,benign,CRB2,1176.0
Q5IJ48,P1176E,0.1651,benign,CRB2,1176.0
Q5IJ48,P1176F,0.217,benign,CRB2,1176.0
Q5IJ48,P1176G,0.1665,benign,CRB2,1176.0
Q5IJ48,P1176H,0.1165,benign,CRB2,1176.0
Q5IJ48,P1176I,0.2036,benign,CRB2,1176.0
Q5IJ48,P1176K,0.2311,benign,CRB2,1176.0
Q5IJ48,P1176L,0.0781,benign,CRB2,1176.0
Q5IJ48,P1176M,0.2786,benign,CRB2,1176.0
Q5IJ48,P1176N,0.2343,benign,CRB2,1176.0
Q5IJ48,P1176Q,0.1049,benign,CRB2,1176.0
Q5IJ48,P1176R,0.0901,benign,CRB2,1176.0
Q5IJ48,P1176S,0.0762,benign,CRB2,1176.0
Q5IJ48,P1176T,0.0872,benign,CRB2,1176.0
Q5IJ48,P1176V,0.1447,benign,CRB2,1176.0
Q5IJ48,P1176W,0.259,benign,CRB2,1176.0
Q5IJ48,P1176Y,0.2355,benign,CRB2,1176.0
Q5IJ48,C1177A,0.8041,pathogenic,CRB2,1177.0
Q5IJ48,C1177D,0.9068,pathogenic,CRB2,1177.0
Q5IJ48,C1177E,0.8991,pathogenic,CRB2,1177.0
Q5IJ48,C1177F,0.6901,pathogenic,CRB2,1177.0
Q5IJ48,C1177G,0.5169,ambiguous,CRB2,1177.0
Q5IJ48,C1177H,0.8745,pathogenic,CRB2,1177.0
Q5IJ48,C1177I,0.903,pathogenic,CRB2,1177.0
Q5IJ48,C1177K,0.9502,pathogenic,CRB2,1177.0
Q5IJ48,C1177L,0.8053,pathogenic,CRB2,1177.0
Q5IJ48,C1177M,0.9277,pathogenic,CRB2,1177.0
Q5IJ48,C1177N,0.9187,pathogenic,CRB2,1177.0
Q5IJ48,C1177P,0.8401,pathogenic,CRB2,1177.0
Q5IJ48,C1177Q,0.8834,pathogenic,CRB2,1177.0
Q5IJ48,C1177R,0.7027,pathogenic,CRB2,1177.0
Q5IJ48,C1177S,0.7932,pathogenic,CRB2,1177.0
Q5IJ48,C1177T,0.9006,pathogenic,CRB2,1177.0
Q5IJ48,C1177V,0.8387,pathogenic,CRB2,1177.0
Q5IJ48,C1177W,0.6966,pathogenic,CRB2,1177.0
Q5IJ48,C1177Y,0.7599,pathogenic,CRB2,1177.0
Q5IJ48,E1178A,0.1029,benign,CRB2,1178.0
Q5IJ48,E1178C,0.8094,pathogenic,CRB2,1178.0
Q5IJ48,E1178D,0.1244,benign,CRB2,1178.0
Q5IJ48,E1178F,0.5077,ambiguous,CRB2,1178.0
Q5IJ48,E1178G,0.0968,benign,CRB2,1178.0
Q5IJ48,E1178H,0.247,benign,CRB2,1178.0
Q5IJ48,E1178I,0.3078,benign,CRB2,1178.0
Q5IJ48,E1178K,0.0753,benign,CRB2,1178.0
Q5IJ48,E1178L,0.2159,benign,CRB2,1178.0
Q5IJ48,E1178M,0.3185,benign,CRB2,1178.0
Q5IJ48,E1178N,0.2265,benign,CRB2,1178.0
Q5IJ48,E1178P,0.2432,benign,CRB2,1178.0
Q5IJ48,E1178Q,0.09,benign,CRB2,1178.0
Q5IJ48,E1178R,0.1043,benign,CRB2,1178.0
Q5IJ48,E1178S,0.1553,benign,CRB2,1178.0
Q5IJ48,E1178T,0.1726,benign,CRB2,1178.0
Q5IJ48,E1178V,0.1726,benign,CRB2,1178.0
Q5IJ48,E1178W,0.5917,pathogenic,CRB2,1178.0
Q5IJ48,E1178Y,0.4153,ambiguous,CRB2,1178.0
Q5IJ48,A1179C,0.617,pathogenic,CRB2,1179.0
Q5IJ48,A1179D,0.1026,benign,CRB2,1179.0
Q5IJ48,A1179E,0.0994,benign,CRB2,1179.0
Q5IJ48,A1179F,0.2049,benign,CRB2,1179.0
Q5IJ48,A1179G,0.0851,benign,CRB2,1179.0
Q5IJ48,A1179H,0.2492,benign,CRB2,1179.0
Q5IJ48,A1179I,0.1686,benign,CRB2,1179.0
Q5IJ48,A1179K,0.1668,benign,CRB2,1179.0
Q5IJ48,A1179L,0.129,benign,CRB2,1179.0
Q5IJ48,A1179M,0.1652,benign,CRB2,1179.0
Q5IJ48,A1179N,0.1465,benign,CRB2,1179.0
Q5IJ48,A1179P,0.1004,benign,CRB2,1179.0
Q5IJ48,A1179Q,0.1499,benign,CRB2,1179.0
Q5IJ48,A1179R,0.1298,benign,CRB2,1179.0
Q5IJ48,A1179S,0.0824,benign,CRB2,1179.0
Q5IJ48,A1179T,0.0756,benign,CRB2,1179.0
Q5IJ48,A1179V,0.0896,benign,CRB2,1179.0
Q5IJ48,A1179W,0.3687,ambiguous,CRB2,1179.0
Q5IJ48,A1179Y,0.2834,benign,CRB2,1179.0
Q5IJ48,N1180A,0.2514,benign,CRB2,1180.0
Q5IJ48,N1180C,0.7093,pathogenic,CRB2,1180.0
Q5IJ48,N1180D,0.1599,benign,CRB2,1180.0
Q5IJ48,N1180E,0.3845,ambiguous,CRB2,1180.0
Q5IJ48,N1180F,0.4957,ambiguous,CRB2,1180.0
Q5IJ48,N1180G,0.3056,benign,CRB2,1180.0
Q5IJ48,N1180H,0.1544,benign,CRB2,1180.0
Q5IJ48,N1180I,0.2708,benign,CRB2,1180.0
Q5IJ48,N1180K,0.3345,benign,CRB2,1180.0
Q5IJ48,N1180L,0.2382,benign,CRB2,1180.0
Q5IJ48,N1180M,0.3946,ambiguous,CRB2,1180.0
Q5IJ48,N1180P,0.326,benign,CRB2,1180.0
Q5IJ48,N1180Q,0.3314,benign,CRB2,1180.0
Q5IJ48,N1180R,0.3287,benign,CRB2,1180.0
Q5IJ48,N1180S,0.0837,benign,CRB2,1180.0
Q5IJ48,N1180T,0.1834,benign,CRB2,1180.0
Q5IJ48,N1180V,0.2841,benign,CRB2,1180.0
Q5IJ48,N1180W,0.7169,pathogenic,CRB2,1180.0
Q5IJ48,N1180Y,0.2008,benign,CRB2,1180.0
Q5IJ48,P1181A,0.1081,benign,CRB2,1181.0
Q5IJ48,P1181C,0.7649,pathogenic,CRB2,1181.0
Q5IJ48,P1181D,0.5497,ambiguous,CRB2,1181.0
Q5IJ48,P1181E,0.3587,ambiguous,CRB2,1181.0
Q5IJ48,P1181F,0.4521,ambiguous,CRB2,1181.0
Q5IJ48,P1181G,0.4064,ambiguous,CRB2,1181.0
Q5IJ48,P1181H,0.2023,benign,CRB2,1181.0
Q5IJ48,P1181I,0.3326,benign,CRB2,1181.0
Q5IJ48,P1181K,0.4115,ambiguous,CRB2,1181.0
Q5IJ48,P1181L,0.132,benign,CRB2,1181.0
Q5IJ48,P1181M,0.4769,ambiguous,CRB2,1181.0
Q5IJ48,P1181N,0.5017,ambiguous,CRB2,1181.0
Q5IJ48,P1181Q,0.1963,benign,CRB2,1181.0
Q5IJ48,P1181R,0.1241,benign,CRB2,1181.0
Q5IJ48,P1181S,0.1643,benign,CRB2,1181.0
Q5IJ48,P1181T,0.1407,benign,CRB2,1181.0
Q5IJ48,P1181V,0.2363,benign,CRB2,1181.0
Q5IJ48,P1181W,0.5489,ambiguous,CRB2,1181.0
Q5IJ48,P1181Y,0.4449,ambiguous,CRB2,1181.0
Q5IJ48,C1182A,0.9538,pathogenic,CRB2,1182.0
Q5IJ48,C1182D,0.9862,pathogenic,CRB2,1182.0
Q5IJ48,C1182E,0.9876,pathogenic,CRB2,1182.0
Q5IJ48,C1182F,0.8016,pathogenic,CRB2,1182.0
Q5IJ48,C1182G,0.8358,pathogenic,CRB2,1182.0
Q5IJ48,C1182H,0.9642,pathogenic,CRB2,1182.0
Q5IJ48,C1182I,0.9609,pathogenic,CRB2,1182.0
Q5IJ48,C1182K,0.9921,pathogenic,CRB2,1182.0
Q5IJ48,C1182L,0.9033,pathogenic,CRB2,1182.0
Q5IJ48,C1182M,0.9824,pathogenic,CRB2,1182.0
Q5IJ48,C1182N,0.9824,pathogenic,CRB2,1182.0
Q5IJ48,C1182P,0.9516,pathogenic,CRB2,1182.0
Q5IJ48,C1182Q,0.9816,pathogenic,CRB2,1182.0
Q5IJ48,C1182R,0.8992,pathogenic,CRB2,1182.0
Q5IJ48,C1182S,0.9503,pathogenic,CRB2,1182.0
Q5IJ48,C1182T,0.9855,pathogenic,CRB2,1182.0
Q5IJ48,C1182V,0.9388,pathogenic,CRB2,1182.0
Q5IJ48,C1182W,0.9047,pathogenic,CRB2,1182.0
Q5IJ48,C1182Y,0.8851,pathogenic,CRB2,1182.0
Q5IJ48,L1183A,0.2521,benign,CRB2,1183.0
Q5IJ48,L1183C,0.7397,pathogenic,CRB2,1183.0
Q5IJ48,L1183D,0.6984,pathogenic,CRB2,1183.0
Q5IJ48,L1183E,0.2613,benign,CRB2,1183.0
Q5IJ48,L1183F,0.1451,benign,CRB2,1183.0
Q5IJ48,L1183G,0.4264,ambiguous,CRB2,1183.0
Q5IJ48,L1183H,0.2267,benign,CRB2,1183.0
Q5IJ48,L1183I,0.1486,benign,CRB2,1183.0
Q5IJ48,L1183K,0.2115,benign,CRB2,1183.0
Q5IJ48,L1183M,0.2001,benign,CRB2,1183.0
Q5IJ48,L1183N,0.5147,ambiguous,CRB2,1183.0
Q5IJ48,L1183P,0.3379,benign,CRB2,1183.0
Q5IJ48,L1183Q,0.1001,benign,CRB2,1183.0
Q5IJ48,L1183R,0.082,benign,CRB2,1183.0
Q5IJ48,L1183S,0.3066,benign,CRB2,1183.0
Q5IJ48,L1183T,0.3186,benign,CRB2,1183.0
Q5IJ48,L1183V,0.1236,benign,CRB2,1183.0
Q5IJ48,L1183W,0.1957,benign,CRB2,1183.0
Q5IJ48,L1183Y,0.3808,ambiguous,CRB2,1183.0
Q5IJ48,N1184A,0.5458,ambiguous,CRB2,1184.0
Q5IJ48,N1184C,0.8608,pathogenic,CRB2,1184.0
Q5IJ48,N1184D,0.4817,ambiguous,CRB2,1184.0
Q5IJ48,N1184E,0.6562,pathogenic,CRB2,1184.0
Q5IJ48,N1184F,0.7203,pathogenic,CRB2,1184.0
Q5IJ48,N1184G,0.4291,ambiguous,CRB2,1184.0
Q5IJ48,N1184H,0.1511,benign,CRB2,1184.0
Q5IJ48,N1184I,0.8046,pathogenic,CRB2,1184.0
Q5IJ48,N1184K,0.6205,pathogenic,CRB2,1184.0
Q5IJ48,N1184L,0.5457,ambiguous,CRB2,1184.0
Q5IJ48,N1184M,0.7485,pathogenic,CRB2,1184.0
Q5IJ48,N1184P,0.7883,pathogenic,CRB2,1184.0
Q5IJ48,N1184Q,0.49,ambiguous,CRB2,1184.0
Q5IJ48,N1184R,0.4539,ambiguous,CRB2,1184.0
Q5IJ48,N1184S,0.1745,benign,CRB2,1184.0
Q5IJ48,N1184T,0.6227,pathogenic,CRB2,1184.0
Q5IJ48,N1184V,0.7806,pathogenic,CRB2,1184.0
Q5IJ48,N1184W,0.7874,pathogenic,CRB2,1184.0
Q5IJ48,N1184Y,0.2997,benign,CRB2,1184.0
Q5IJ48,G1185A,0.2263,benign,CRB2,1185.0
Q5IJ48,G1185C,0.6698,pathogenic,CRB2,1185.0
Q5IJ48,G1185D,0.1743,benign,CRB2,1185.0
Q5IJ48,G1185E,0.2176,benign,CRB2,1185.0
Q5IJ48,G1185F,0.6701,pathogenic,CRB2,1185.0
Q5IJ48,G1185H,0.3262,benign,CRB2,1185.0
Q5IJ48,G1185I,0.6454,pathogenic,CRB2,1185.0
Q5IJ48,G1185K,0.3693,ambiguous,CRB2,1185.0
Q5IJ48,G1185L,0.5623,ambiguous,CRB2,1185.0
Q5IJ48,G1185M,0.6606,pathogenic,CRB2,1185.0
Q5IJ48,G1185N,0.2788,benign,CRB2,1185.0
Q5IJ48,G1185P,0.9254,pathogenic,CRB2,1185.0
Q5IJ48,G1185Q,0.2482,benign,CRB2,1185.0
Q5IJ48,G1185R,0.1957,benign,CRB2,1185.0
Q5IJ48,G1185S,0.1223,benign,CRB2,1185.0
Q5IJ48,G1185T,0.3477,ambiguous,CRB2,1185.0
Q5IJ48,G1185V,0.5121,ambiguous,CRB2,1185.0
Q5IJ48,G1185W,0.4337,ambiguous,CRB2,1185.0
Q5IJ48,G1185Y,0.4863,ambiguous,CRB2,1185.0
Q5IJ48,G1186A,0.2296,benign,CRB2,1186.0
Q5IJ48,G1186C,0.8269,pathogenic,CRB2,1186.0
Q5IJ48,G1186D,0.7982,pathogenic,CRB2,1186.0
Q5IJ48,G1186E,0.7757,pathogenic,CRB2,1186.0
Q5IJ48,G1186F,0.8916,pathogenic,CRB2,1186.0
Q5IJ48,G1186H,0.8806,pathogenic,CRB2,1186.0
Q5IJ48,G1186I,0.8082,pathogenic,CRB2,1186.0
Q5IJ48,G1186K,0.8944,pathogenic,CRB2,1186.0
Q5IJ48,G1186L,0.8152,pathogenic,CRB2,1186.0
Q5IJ48,G1186M,0.8449,pathogenic,CRB2,1186.0
Q5IJ48,G1186N,0.8146,pathogenic,CRB2,1186.0
Q5IJ48,G1186P,0.9699,pathogenic,CRB2,1186.0
Q5IJ48,G1186Q,0.7965,pathogenic,CRB2,1186.0
Q5IJ48,G1186R,0.7635,pathogenic,CRB2,1186.0
Q5IJ48,G1186S,0.2465,benign,CRB2,1186.0
Q5IJ48,G1186T,0.6701,pathogenic,CRB2,1186.0
Q5IJ48,G1186V,0.7012,pathogenic,CRB2,1186.0
Q5IJ48,G1186W,0.8297,pathogenic,CRB2,1186.0
Q5IJ48,G1186Y,0.8524,pathogenic,CRB2,1186.0
Q5IJ48,T1187A,0.0921,benign,CRB2,1187.0
Q5IJ48,T1187C,0.6903,pathogenic,CRB2,1187.0
Q5IJ48,T1187D,0.2775,benign,CRB2,1187.0
Q5IJ48,T1187E,0.2084,benign,CRB2,1187.0
Q5IJ48,T1187F,0.1494,benign,CRB2,1187.0
Q5IJ48,T1187G,0.2297,benign,CRB2,1187.0
Q5IJ48,T1187H,0.1856,benign,CRB2,1187.0
Q5IJ48,T1187I,0.119,benign,CRB2,1187.0
Q5IJ48,T1187K,0.1508,benign,CRB2,1187.0
Q5IJ48,T1187L,0.0977,benign,CRB2,1187.0
Q5IJ48,T1187M,0.1057,benign,CRB2,1187.0
Q5IJ48,T1187N,0.1191,benign,CRB2,1187.0
Q5IJ48,T1187P,0.1905,benign,CRB2,1187.0
Q5IJ48,T1187Q,0.1594,benign,CRB2,1187.0
Q5IJ48,T1187R,0.0993,benign,CRB2,1187.0
Q5IJ48,T1187S,0.102,benign,CRB2,1187.0
Q5IJ48,T1187V,0.1251,benign,CRB2,1187.0
Q5IJ48,T1187W,0.3958,ambiguous,CRB2,1187.0
Q5IJ48,T1187Y,0.2246,benign,CRB2,1187.0
Q5IJ48,C1188A,0.923,pathogenic,CRB2,1188.0
Q5IJ48,C1188D,0.9814,pathogenic,CRB2,1188.0
Q5IJ48,C1188E,0.9769,pathogenic,CRB2,1188.0
Q5IJ48,C1188F,0.7256,pathogenic,CRB2,1188.0
Q5IJ48,C1188G,0.7392,pathogenic,CRB2,1188.0
Q5IJ48,C1188H,0.9438,pathogenic,CRB2,1188.0
Q5IJ48,C1188I,0.9286,pathogenic,CRB2,1188.0
Q5IJ48,C1188K,0.9851,pathogenic,CRB2,1188.0
Q5IJ48,C1188L,0.8613,pathogenic,CRB2,1188.0
Q5IJ48,C1188M,0.9637,pathogenic,CRB2,1188.0
Q5IJ48,C1188N,0.9673,pathogenic,CRB2,1188.0
Q5IJ48,C1188P,0.9299,pathogenic,CRB2,1188.0
Q5IJ48,C1188Q,0.9616,pathogenic,CRB2,1188.0
Q5IJ48,C1188R,0.8512,pathogenic,CRB2,1188.0
Q5IJ48,C1188S,0.9027,pathogenic,CRB2,1188.0
Q5IJ48,C1188T,0.967,pathogenic,CRB2,1188.0
Q5IJ48,C1188V,0.9017,pathogenic,CRB2,1188.0
Q5IJ48,C1188W,0.8061,pathogenic,CRB2,1188.0
Q5IJ48,C1188Y,0.814,pathogenic,CRB2,1188.0
Q5IJ48,R1189A,0.184,benign,CRB2,1189.0
Q5IJ48,R1189C,0.2531,benign,CRB2,1189.0
Q5IJ48,R1189D,0.3484,ambiguous,CRB2,1189.0
Q5IJ48,R1189E,0.1403,benign,CRB2,1189.0
Q5IJ48,R1189F,0.2708,benign,CRB2,1189.0
Q5IJ48,R1189G,0.1345,benign,CRB2,1189.0
Q5IJ48,R1189H,0.0878,benign,CRB2,1189.0
Q5IJ48,R1189I,0.1863,benign,CRB2,1189.0
Q5IJ48,R1189K,0.1264,benign,CRB2,1189.0
Q5IJ48,R1189L,0.0981,benign,CRB2,1189.0
Q5IJ48,R1189M,0.2297,benign,CRB2,1189.0
Q5IJ48,R1189N,0.3581,ambiguous,CRB2,1189.0
Q5IJ48,R1189P,0.3638,ambiguous,CRB2,1189.0
Q5IJ48,R1189Q,0.0668,benign,CRB2,1189.0
Q5IJ48,R1189S,0.2128,benign,CRB2,1189.0
Q5IJ48,R1189T,0.1383,benign,CRB2,1189.0
Q5IJ48,R1189V,0.1776,benign,CRB2,1189.0
Q5IJ48,R1189W,0.0941,benign,CRB2,1189.0
Q5IJ48,R1189Y,0.2274,benign,CRB2,1189.0
Q5IJ48,A1190C,0.6926,pathogenic,CRB2,1190.0
Q5IJ48,A1190D,0.1323,benign,CRB2,1190.0
Q5IJ48,A1190E,0.1062,benign,CRB2,1190.0
Q5IJ48,A1190F,0.193,benign,CRB2,1190.0
Q5IJ48,A1190G,0.1007,benign,CRB2,1190.0
Q5IJ48,A1190H,0.2729,benign,CRB2,1190.0
Q5IJ48,A1190I,0.1721,benign,CRB2,1190.0
Q5IJ48,A1190K,0.1996,benign,CRB2,1190.0
Q5IJ48,A1190L,0.112,benign,CRB2,1190.0
Q5IJ48,A1190M,0.1523,benign,CRB2,1190.0
Q5IJ48,A1190N,0.1864,benign,CRB2,1190.0
Q5IJ48,A1190P,0.1111,benign,CRB2,1190.0
Q5IJ48,A1190Q,0.1633,benign,CRB2,1190.0
Q5IJ48,A1190R,0.1591,benign,CRB2,1190.0
Q5IJ48,A1190S,0.0891,benign,CRB2,1190.0
Q5IJ48,A1190T,0.0848,benign,CRB2,1190.0
Q5IJ48,A1190V,0.0905,benign,CRB2,1190.0
Q5IJ48,A1190W,0.3765,ambiguous,CRB2,1190.0
Q5IJ48,A1190Y,0.2946,benign,CRB2,1190.0
Q5IJ48,A1191C,0.5503,ambiguous,CRB2,1191.0
Q5IJ48,A1191D,0.1318,benign,CRB2,1191.0
Q5IJ48,A1191E,0.1116,benign,CRB2,1191.0
Q5IJ48,A1191F,0.1682,benign,CRB2,1191.0
Q5IJ48,A1191G,0.0913,benign,CRB2,1191.0
Q5IJ48,A1191H,0.2435,benign,CRB2,1191.0
Q5IJ48,A1191I,0.1504,benign,CRB2,1191.0
Q5IJ48,A1191K,0.1774,benign,CRB2,1191.0
Q5IJ48,A1191L,0.1069,benign,CRB2,1191.0
Q5IJ48,A1191M,0.1488,benign,CRB2,1191.0
Q5IJ48,A1191N,0.1719,benign,CRB2,1191.0
Q5IJ48,A1191P,0.1164,benign,CRB2,1191.0
Q5IJ48,A1191Q,0.1546,benign,CRB2,1191.0
Q5IJ48,A1191R,0.1285,benign,CRB2,1191.0
Q5IJ48,A1191S,0.0812,benign,CRB2,1191.0
Q5IJ48,A1191T,0.0744,benign,CRB2,1191.0
Q5IJ48,A1191V,0.0869,benign,CRB2,1191.0
Q5IJ48,A1191W,0.3069,benign,CRB2,1191.0
Q5IJ48,A1191Y,0.275,benign,CRB2,1191.0
Q5IJ48,G1192A,0.0752,benign,CRB2,1192.0
Q5IJ48,G1192C,0.2812,benign,CRB2,1192.0
Q5IJ48,G1192D,0.0734,benign,CRB2,1192.0
Q5IJ48,G1192E,0.0786,benign,CRB2,1192.0
Q5IJ48,G1192F,0.2516,benign,CRB2,1192.0
Q5IJ48,G1192H,0.1387,benign,CRB2,1192.0
Q5IJ48,G1192I,0.1793,benign,CRB2,1192.0
Q5IJ48,G1192K,0.1346,benign,CRB2,1192.0
Q5IJ48,G1192L,0.1646,benign,CRB2,1192.0
Q5IJ48,G1192M,0.244,benign,CRB2,1192.0
Q5IJ48,G1192N,0.1375,benign,CRB2,1192.0
Q5IJ48,G1192P,0.2036,benign,CRB2,1192.0
Q5IJ48,G1192Q,0.1108,benign,CRB2,1192.0
Q5IJ48,G1192R,0.0822,benign,CRB2,1192.0
Q5IJ48,G1192S,0.0754,benign,CRB2,1192.0
Q5IJ48,G1192T,0.0974,benign,CRB2,1192.0
Q5IJ48,G1192V,0.1164,benign,CRB2,1192.0
Q5IJ48,G1192W,0.1413,benign,CRB2,1192.0
Q5IJ48,G1192Y,0.1882,benign,CRB2,1192.0
Q5IJ48,G1193A,0.0942,benign,CRB2,1193.0
Q5IJ48,G1193C,0.3505,ambiguous,CRB2,1193.0
Q5IJ48,G1193D,0.084,benign,CRB2,1193.0
Q5IJ48,G1193E,0.0911,benign,CRB2,1193.0
Q5IJ48,G1193F,0.266,benign,CRB2,1193.0
Q5IJ48,G1193H,0.1574,benign,CRB2,1193.0
Q5IJ48,G1193I,0.184,benign,CRB2,1193.0
Q5IJ48,G1193K,0.172,benign,CRB2,1193.0
Q5IJ48,G1193L,0.1889,benign,CRB2,1193.0
Q5IJ48,G1193M,0.2586,benign,CRB2,1193.0
Q5IJ48,G1193N,0.1415,benign,CRB2,1193.0
Q5IJ48,G1193P,0.3169,benign,CRB2,1193.0
Q5IJ48,G1193Q,0.1315,benign,CRB2,1193.0
Q5IJ48,G1193R,0.0975,benign,CRB2,1193.0
Q5IJ48,G1193S,0.0797,benign,CRB2,1193.0
Q5IJ48,G1193T,0.1071,benign,CRB2,1193.0
Q5IJ48,G1193V,0.1265,benign,CRB2,1193.0
Q5IJ48,G1193W,0.1614,benign,CRB2,1193.0
Q5IJ48,G1193Y,0.202,benign,CRB2,1193.0
Q5IJ48,V1194A,0.0698,benign,CRB2,1194.0
Q5IJ48,V1194C,0.622,pathogenic,CRB2,1194.0
Q5IJ48,V1194D,0.0956,benign,CRB2,1194.0
Q5IJ48,V1194E,0.0781,benign,CRB2,1194.0
Q5IJ48,V1194F,0.0719,benign,CRB2,1194.0
Q5IJ48,V1194G,0.0716,benign,CRB2,1194.0
Q5IJ48,V1194H,0.1848,benign,CRB2,1194.0
Q5IJ48,V1194I,0.0771,benign,CRB2,1194.0
Q5IJ48,V1194K,0.1067,benign,CRB2,1194.0
Q5IJ48,V1194L,0.0842,benign,CRB2,1194.0
Q5IJ48,V1194M,0.0984,benign,CRB2,1194.0
Q5IJ48,V1194N,0.1039,benign,CRB2,1194.0
Q5IJ48,V1194P,0.139,benign,CRB2,1194.0
Q5IJ48,V1194Q,0.0931,benign,CRB2,1194.0
Q5IJ48,V1194R,0.0762,benign,CRB2,1194.0
Q5IJ48,V1194S,0.0806,benign,CRB2,1194.0
Q5IJ48,V1194T,0.0925,benign,CRB2,1194.0
Q5IJ48,V1194W,0.2991,benign,CRB2,1194.0
Q5IJ48,V1194Y,0.2287,benign,CRB2,1194.0
Q5IJ48,S1195A,0.088,benign,CRB2,1195.0
Q5IJ48,S1195C,0.2632,benign,CRB2,1195.0
Q5IJ48,S1195D,0.2574,benign,CRB2,1195.0
Q5IJ48,S1195E,0.274,benign,CRB2,1195.0
Q5IJ48,S1195F,0.0935,benign,CRB2,1195.0
Q5IJ48,S1195G,0.1024,benign,CRB2,1195.0
Q5IJ48,S1195H,0.1794,benign,CRB2,1195.0
Q5IJ48,S1195I,0.1735,benign,CRB2,1195.0
Q5IJ48,S1195K,0.4103,ambiguous,CRB2,1195.0
Q5IJ48,S1195L,0.1139,benign,CRB2,1195.0
Q5IJ48,S1195M,0.2372,benign,CRB2,1195.0
Q5IJ48,S1195N,0.1352,benign,CRB2,1195.0
Q5IJ48,S1195P,0.0798,benign,CRB2,1195.0
Q5IJ48,S1195Q,0.2466,benign,CRB2,1195.0
Q5IJ48,S1195R,0.226,benign,CRB2,1195.0
Q5IJ48,S1195T,0.1056,benign,CRB2,1195.0
Q5IJ48,S1195V,0.157,benign,CRB2,1195.0
Q5IJ48,S1195W,0.1164,benign,CRB2,1195.0
Q5IJ48,S1195Y,0.0654,benign,CRB2,1195.0
Q5IJ48,E1196A,0.1247,benign,CRB2,1196.0
Q5IJ48,E1196C,0.8856,pathogenic,CRB2,1196.0
Q5IJ48,E1196D,0.2048,benign,CRB2,1196.0
Q5IJ48,E1196F,0.5759,pathogenic,CRB2,1196.0
Q5IJ48,E1196G,0.1668,benign,CRB2,1196.0
Q5IJ48,E1196H,0.2996,benign,CRB2,1196.0
Q5IJ48,E1196I,0.3207,benign,CRB2,1196.0
Q5IJ48,E1196K,0.1105,benign,CRB2,1196.0
Q5IJ48,E1196L,0.287,benign,CRB2,1196.0
Q5IJ48,E1196M,0.4138,ambiguous,CRB2,1196.0
Q5IJ48,E1196N,0.3172,benign,CRB2,1196.0
Q5IJ48,E1196P,0.6099,pathogenic,CRB2,1196.0
Q5IJ48,E1196Q,0.096,benign,CRB2,1196.0
Q5IJ48,E1196R,0.1333,benign,CRB2,1196.0
Q5IJ48,E1196S,0.1787,benign,CRB2,1196.0
Q5IJ48,E1196T,0.1757,benign,CRB2,1196.0
Q5IJ48,E1196V,0.1725,benign,CRB2,1196.0
Q5IJ48,E1196W,0.7504,pathogenic,CRB2,1196.0
Q5IJ48,E1196Y,0.4889,ambiguous,CRB2,1196.0
Q5IJ48,C1197A,0.9486,pathogenic,CRB2,1197.0
Q5IJ48,C1197D,0.9741,pathogenic,CRB2,1197.0
Q5IJ48,C1197E,0.98,pathogenic,CRB2,1197.0
Q5IJ48,C1197F,0.8206,pathogenic,CRB2,1197.0
Q5IJ48,C1197G,0.723,pathogenic,CRB2,1197.0
Q5IJ48,C1197H,0.9688,pathogenic,CRB2,1197.0
Q5IJ48,C1197I,0.9336,pathogenic,CRB2,1197.0
Q5IJ48,C1197K,0.9882,pathogenic,CRB2,1197.0
Q5IJ48,C1197L,0.9133,pathogenic,CRB2,1197.0
Q5IJ48,C1197M,0.965,pathogenic,CRB2,1197.0
Q5IJ48,C1197N,0.9524,pathogenic,CRB2,1197.0
Q5IJ48,C1197P,0.9669,pathogenic,CRB2,1197.0
Q5IJ48,C1197Q,0.9825,pathogenic,CRB2,1197.0
Q5IJ48,C1197R,0.9203,pathogenic,CRB2,1197.0
Q5IJ48,C1197S,0.9563,pathogenic,CRB2,1197.0
Q5IJ48,C1197T,0.9762,pathogenic,CRB2,1197.0
Q5IJ48,C1197V,0.9087,pathogenic,CRB2,1197.0
Q5IJ48,C1197W,0.88,pathogenic,CRB2,1197.0
Q5IJ48,C1197Y,0.8275,pathogenic,CRB2,1197.0
Q5IJ48,I1198A,0.1832,benign,CRB2,1198.0
Q5IJ48,I1198C,0.7196,pathogenic,CRB2,1198.0
Q5IJ48,I1198D,0.3328,benign,CRB2,1198.0
Q5IJ48,I1198E,0.2859,benign,CRB2,1198.0
Q5IJ48,I1198F,0.1061,benign,CRB2,1198.0
Q5IJ48,I1198G,0.3661,ambiguous,CRB2,1198.0
Q5IJ48,I1198H,0.2298,benign,CRB2,1198.0
Q5IJ48,I1198K,0.2632,benign,CRB2,1198.0
Q5IJ48,I1198L,0.0875,benign,CRB2,1198.0
Q5IJ48,I1198M,0.1404,benign,CRB2,1198.0
Q5IJ48,I1198N,0.1521,benign,CRB2,1198.0
Q5IJ48,I1198P,0.4786,ambiguous,CRB2,1198.0
Q5IJ48,I1198Q,0.2278,benign,CRB2,1198.0
Q5IJ48,I1198R,0.1347,benign,CRB2,1198.0
Q5IJ48,I1198S,0.1332,benign,CRB2,1198.0
Q5IJ48,I1198T,0.1424,benign,CRB2,1198.0
Q5IJ48,I1198V,0.0826,benign,CRB2,1198.0
Q5IJ48,I1198W,0.5043,ambiguous,CRB2,1198.0
Q5IJ48,I1198Y,0.3175,benign,CRB2,1198.0
Q5IJ48,C1199A,0.9709,pathogenic,CRB2,1199.0
Q5IJ48,C1199D,0.9903,pathogenic,CRB2,1199.0
Q5IJ48,C1199E,0.9915,pathogenic,CRB2,1199.0
Q5IJ48,C1199F,0.9352,pathogenic,CRB2,1199.0
Q5IJ48,C1199G,0.8288,pathogenic,CRB2,1199.0
Q5IJ48,C1199H,0.9781,pathogenic,CRB2,1199.0
Q5IJ48,C1199I,0.9859,pathogenic,CRB2,1199.0
Q5IJ48,C1199K,0.9949,pathogenic,CRB2,1199.0
Q5IJ48,C1199L,0.9588,pathogenic,CRB2,1199.0
Q5IJ48,C1199M,0.9932,pathogenic,CRB2,1199.0
Q5IJ48,C1199N,0.9879,pathogenic,CRB2,1199.0
Q5IJ48,C1199P,0.9629,pathogenic,CRB2,1199.0
Q5IJ48,C1199Q,0.9861,pathogenic,CRB2,1199.0
Q5IJ48,C1199R,0.9164,pathogenic,CRB2,1199.0
Q5IJ48,C1199S,0.9622,pathogenic,CRB2,1199.0
Q5IJ48,C1199T,0.9873,pathogenic,CRB2,1199.0
Q5IJ48,C1199V,0.9762,pathogenic,CRB2,1199.0
Q5IJ48,C1199W,0.9277,pathogenic,CRB2,1199.0
Q5IJ48,C1199Y,0.9536,pathogenic,CRB2,1199.0
Q5IJ48,N1200A,0.0963,benign,CRB2,1200.0
Q5IJ48,N1200C,0.4531,ambiguous,CRB2,1200.0
Q5IJ48,N1200D,0.0767,benign,CRB2,1200.0
Q5IJ48,N1200E,0.1709,benign,CRB2,1200.0
Q5IJ48,N1200F,0.3535,ambiguous,CRB2,1200.0
Q5IJ48,N1200G,0.0988,benign,CRB2,1200.0
Q5IJ48,N1200H,0.0878,benign,CRB2,1200.0
Q5IJ48,N1200I,0.1797,benign,CRB2,1200.0
Q5IJ48,N1200K,0.1705,benign,CRB2,1200.0
Q5IJ48,N1200L,0.136,benign,CRB2,1200.0
Q5IJ48,N1200M,0.281,benign,CRB2,1200.0
Q5IJ48,N1200P,0.1468,benign,CRB2,1200.0
Q5IJ48,N1200Q,0.1722,benign,CRB2,1200.0
Q5IJ48,N1200R,0.1351,benign,CRB2,1200.0
Q5IJ48,N1200S,0.0465,benign,CRB2,1200.0
Q5IJ48,N1200T,0.0855,benign,CRB2,1200.0
Q5IJ48,N1200V,0.1669,benign,CRB2,1200.0
Q5IJ48,N1200W,0.4405,ambiguous,CRB2,1200.0
Q5IJ48,N1200Y,0.1389,benign,CRB2,1200.0
Q5IJ48,A1201C,0.5798,pathogenic,CRB2,1201.0
Q5IJ48,A1201D,0.1009,benign,CRB2,1201.0
Q5IJ48,A1201E,0.1013,benign,CRB2,1201.0
Q5IJ48,A1201F,0.1788,benign,CRB2,1201.0
Q5IJ48,A1201G,0.087,benign,CRB2,1201.0
Q5IJ48,A1201H,0.2049,benign,CRB2,1201.0
Q5IJ48,A1201I,0.151,benign,CRB2,1201.0
Q5IJ48,A1201K,0.1744,benign,CRB2,1201.0
Q5IJ48,A1201L,0.101,benign,CRB2,1201.0
Q5IJ48,A1201M,0.1571,benign,CRB2,1201.0
Q5IJ48,A1201N,0.1339,benign,CRB2,1201.0
Q5IJ48,A1201P,0.0821,benign,CRB2,1201.0
Q5IJ48,A1201Q,0.1341,benign,CRB2,1201.0
Q5IJ48,A1201R,0.1243,benign,CRB2,1201.0
Q5IJ48,A1201S,0.0739,benign,CRB2,1201.0
Q5IJ48,A1201T,0.0683,benign,CRB2,1201.0
Q5IJ48,A1201V,0.0896,benign,CRB2,1201.0
Q5IJ48,A1201W,0.3454,ambiguous,CRB2,1201.0
Q5IJ48,A1201Y,0.2514,benign,CRB2,1201.0
Q5IJ48,R1202A,0.0894,benign,CRB2,1202.0
Q5IJ48,R1202C,0.2724,benign,CRB2,1202.0
Q5IJ48,R1202D,0.1551,benign,CRB2,1202.0
Q5IJ48,R1202E,0.1268,benign,CRB2,1202.0
Q5IJ48,R1202F,0.23,benign,CRB2,1202.0
Q5IJ48,R1202G,0.0521,benign,CRB2,1202.0
Q5IJ48,R1202H,0.0884,benign,CRB2,1202.0
Q5IJ48,R1202I,0.156,benign,CRB2,1202.0
Q5IJ48,R1202K,0.1181,benign,CRB2,1202.0
Q5IJ48,R1202L,0.1002,benign,CRB2,1202.0
Q5IJ48,R1202M,0.1871,benign,CRB2,1202.0
Q5IJ48,R1202N,0.1691,benign,CRB2,1202.0
Q5IJ48,R1202P,0.1119,benign,CRB2,1202.0
Q5IJ48,R1202Q,0.0771,benign,CRB2,1202.0
Q5IJ48,R1202S,0.0887,benign,CRB2,1202.0
Q5IJ48,R1202T,0.0796,benign,CRB2,1202.0
Q5IJ48,R1202V,0.1489,benign,CRB2,1202.0
Q5IJ48,R1202W,0.1034,benign,CRB2,1202.0
Q5IJ48,R1202Y,0.1906,benign,CRB2,1202.0
Q5IJ48,F1203A,0.8588,pathogenic,CRB2,1203.0
Q5IJ48,F1203C,0.9221,pathogenic,CRB2,1203.0
Q5IJ48,F1203D,0.9095,pathogenic,CRB2,1203.0
Q5IJ48,F1203E,0.9292,pathogenic,CRB2,1203.0
Q5IJ48,F1203G,0.883,pathogenic,CRB2,1203.0
Q5IJ48,F1203H,0.6955,pathogenic,CRB2,1203.0
Q5IJ48,F1203I,0.5832,pathogenic,CRB2,1203.0
Q5IJ48,F1203K,0.9458,pathogenic,CRB2,1203.0
Q5IJ48,F1203L,0.9444,pathogenic,CRB2,1203.0
Q5IJ48,F1203M,0.8871,pathogenic,CRB2,1203.0
Q5IJ48,F1203N,0.821,pathogenic,CRB2,1203.0
Q5IJ48,F1203P,0.9787,pathogenic,CRB2,1203.0
Q5IJ48,F1203Q,0.8834,pathogenic,CRB2,1203.0
Q5IJ48,F1203R,0.8408,pathogenic,CRB2,1203.0
Q5IJ48,F1203S,0.6946,pathogenic,CRB2,1203.0
Q5IJ48,F1203T,0.8762,pathogenic,CRB2,1203.0
Q5IJ48,F1203V,0.5652,pathogenic,CRB2,1203.0
Q5IJ48,F1203W,0.4865,ambiguous,CRB2,1203.0
Q5IJ48,F1203Y,0.1461,benign,CRB2,1203.0
Q5IJ48,S1204A,0.0852,benign,CRB2,1204.0
Q5IJ48,S1204C,0.4449,ambiguous,CRB2,1204.0
Q5IJ48,S1204D,0.4019,ambiguous,CRB2,1204.0
Q5IJ48,S1204E,0.3867,ambiguous,CRB2,1204.0
Q5IJ48,S1204F,0.1921,benign,CRB2,1204.0
Q5IJ48,S1204G,0.1096,benign,CRB2,1204.0
Q5IJ48,S1204H,0.3416,ambiguous,CRB2,1204.0
Q5IJ48,S1204I,0.2426,benign,CRB2,1204.0
Q5IJ48,S1204K,0.6202,pathogenic,CRB2,1204.0
Q5IJ48,S1204L,0.1396,benign,CRB2,1204.0
Q5IJ48,S1204M,0.3412,ambiguous,CRB2,1204.0
Q5IJ48,S1204N,0.2629,benign,CRB2,1204.0
Q5IJ48,S1204P,0.4851,ambiguous,CRB2,1204.0
Q5IJ48,S1204Q,0.3952,ambiguous,CRB2,1204.0
Q5IJ48,S1204R,0.3842,ambiguous,CRB2,1204.0
Q5IJ48,S1204T,0.1018,benign,CRB2,1204.0
Q5IJ48,S1204V,0.2387,benign,CRB2,1204.0
Q5IJ48,S1204W,0.2531,benign,CRB2,1204.0
Q5IJ48,S1204Y,0.2164,benign,CRB2,1204.0
Q5IJ48,G1205A,0.4664,ambiguous,CRB2,1205.0
Q5IJ48,G1205C,0.9141,pathogenic,CRB2,1205.0
Q5IJ48,G1205D,0.5755,pathogenic,CRB2,1205.0
Q5IJ48,G1205E,0.6447,pathogenic,CRB2,1205.0
Q5IJ48,G1205F,0.9118,pathogenic,CRB2,1205.0
Q5IJ48,G1205H,0.7572,pathogenic,CRB2,1205.0
Q5IJ48,G1205I,0.9115,pathogenic,CRB2,1205.0
Q5IJ48,G1205K,0.7949,pathogenic,CRB2,1205.0
Q5IJ48,G1205L,0.8316,pathogenic,CRB2,1205.0
Q5IJ48,G1205M,0.9313,pathogenic,CRB2,1205.0
Q5IJ48,G1205N,0.6926,pathogenic,CRB2,1205.0
Q5IJ48,G1205P,0.9365,pathogenic,CRB2,1205.0
Q5IJ48,G1205Q,0.6741,pathogenic,CRB2,1205.0
Q5IJ48,G1205R,0.5335,ambiguous,CRB2,1205.0
Q5IJ48,G1205S,0.2279,benign,CRB2,1205.0
Q5IJ48,G1205T,0.6836,pathogenic,CRB2,1205.0
Q5IJ48,G1205V,0.8213,pathogenic,CRB2,1205.0
Q5IJ48,G1205W,0.7877,pathogenic,CRB2,1205.0
Q5IJ48,G1205Y,0.8541,pathogenic,CRB2,1205.0
Q5IJ48,Q1206A,0.1329,benign,CRB2,1206.0
Q5IJ48,Q1206C,0.6319,pathogenic,CRB2,1206.0
Q5IJ48,Q1206D,0.2584,benign,CRB2,1206.0
Q5IJ48,Q1206E,0.0875,benign,CRB2,1206.0
Q5IJ48,Q1206F,0.4621,ambiguous,CRB2,1206.0
Q5IJ48,Q1206G,0.172,benign,CRB2,1206.0
Q5IJ48,Q1206H,0.1491,benign,CRB2,1206.0
Q5IJ48,Q1206I,0.2795,benign,CRB2,1206.0
Q5IJ48,Q1206K,0.0971,benign,CRB2,1206.0
Q5IJ48,Q1206L,0.1074,benign,CRB2,1206.0
Q5IJ48,Q1206M,0.3239,benign,CRB2,1206.0
Q5IJ48,Q1206N,0.2317,benign,CRB2,1206.0
Q5IJ48,Q1206P,0.0721,benign,CRB2,1206.0
Q5IJ48,Q1206R,0.0622,benign,CRB2,1206.0
Q5IJ48,Q1206S,0.1499,benign,CRB2,1206.0
Q5IJ48,Q1206T,0.1489,benign,CRB2,1206.0
Q5IJ48,Q1206V,0.1921,benign,CRB2,1206.0
Q5IJ48,Q1206W,0.2342,benign,CRB2,1206.0
Q5IJ48,Q1206Y,0.309,benign,CRB2,1206.0
Q5IJ48,F1207A,0.3585,ambiguous,CRB2,1207.0
Q5IJ48,F1207C,0.6476,pathogenic,CRB2,1207.0
Q5IJ48,F1207D,0.4265,ambiguous,CRB2,1207.0
Q5IJ48,F1207E,0.5404,ambiguous,CRB2,1207.0
Q5IJ48,F1207G,0.5052,ambiguous,CRB2,1207.0
Q5IJ48,F1207H,0.3072,benign,CRB2,1207.0
Q5IJ48,F1207I,0.1977,benign,CRB2,1207.0
Q5IJ48,F1207K,0.5365,ambiguous,CRB2,1207.0
Q5IJ48,F1207L,0.7133,pathogenic,CRB2,1207.0
Q5IJ48,F1207M,0.5867,pathogenic,CRB2,1207.0
Q5IJ48,F1207N,0.3116,benign,CRB2,1207.0
Q5IJ48,F1207P,0.8004,pathogenic,CRB2,1207.0
Q5IJ48,F1207Q,0.4523,ambiguous,CRB2,1207.0
Q5IJ48,F1207R,0.282,benign,CRB2,1207.0
Q5IJ48,F1207S,0.2107,benign,CRB2,1207.0
Q5IJ48,F1207T,0.415,ambiguous,CRB2,1207.0
Q5IJ48,F1207V,0.1956,benign,CRB2,1207.0
Q5IJ48,F1207W,0.2855,benign,CRB2,1207.0
Q5IJ48,F1207Y,0.1024,benign,CRB2,1207.0
Q5IJ48,C1208A,0.9831,pathogenic,CRB2,1208.0
Q5IJ48,C1208D,0.9948,pathogenic,CRB2,1208.0
Q5IJ48,C1208E,0.9942,pathogenic,CRB2,1208.0
Q5IJ48,C1208F,0.9627,pathogenic,CRB2,1208.0
Q5IJ48,C1208G,0.885,pathogenic,CRB2,1208.0
Q5IJ48,C1208H,0.9867,pathogenic,CRB2,1208.0
Q5IJ48,C1208I,0.9941,pathogenic,CRB2,1208.0
Q5IJ48,C1208K,0.9965,pathogenic,CRB2,1208.0
Q5IJ48,C1208L,0.9694,pathogenic,CRB2,1208.0
Q5IJ48,C1208M,0.996,pathogenic,CRB2,1208.0
Q5IJ48,C1208N,0.9947,pathogenic,CRB2,1208.0
Q5IJ48,C1208P,0.9843,pathogenic,CRB2,1208.0
Q5IJ48,C1208Q,0.9899,pathogenic,CRB2,1208.0
Q5IJ48,C1208R,0.9332,pathogenic,CRB2,1208.0
Q5IJ48,C1208S,0.9811,pathogenic,CRB2,1208.0
Q5IJ48,C1208T,0.9935,pathogenic,CRB2,1208.0
Q5IJ48,C1208V,0.9887,pathogenic,CRB2,1208.0
Q5IJ48,C1208W,0.9502,pathogenic,CRB2,1208.0
Q5IJ48,C1208Y,0.975,pathogenic,CRB2,1208.0
Q5IJ48,E1209A,0.2608,benign,CRB2,1209.0
Q5IJ48,E1209C,0.9747,pathogenic,CRB2,1209.0
Q5IJ48,E1209D,0.3191,benign,CRB2,1209.0
Q5IJ48,E1209F,0.9007,pathogenic,CRB2,1209.0
Q5IJ48,E1209G,0.335,benign,CRB2,1209.0
Q5IJ48,E1209H,0.619,pathogenic,CRB2,1209.0
Q5IJ48,E1209I,0.7782,pathogenic,CRB2,1209.0
Q5IJ48,E1209K,0.2415,benign,CRB2,1209.0
Q5IJ48,E1209L,0.6534,pathogenic,CRB2,1209.0
Q5IJ48,E1209M,0.6971,pathogenic,CRB2,1209.0
Q5IJ48,E1209N,0.5718,pathogenic,CRB2,1209.0
Q5IJ48,E1209P,0.8939,pathogenic,CRB2,1209.0
Q5IJ48,E1209Q,0.163,benign,CRB2,1209.0
Q5IJ48,E1209R,0.3036,benign,CRB2,1209.0
Q5IJ48,E1209S,0.3798,ambiguous,CRB2,1209.0
Q5IJ48,E1209T,0.4549,ambiguous,CRB2,1209.0
Q5IJ48,E1209V,0.5097,ambiguous,CRB2,1209.0
Q5IJ48,E1209W,0.9432,pathogenic,CRB2,1209.0
Q5IJ48,E1209Y,0.8345,pathogenic,CRB2,1209.0
Q5IJ48,V1210A,0.1247,benign,CRB2,1210.0
Q5IJ48,V1210C,0.9285,pathogenic,CRB2,1210.0
Q5IJ48,V1210D,0.2077,benign,CRB2,1210.0
Q5IJ48,V1210E,0.1169,benign,CRB2,1210.0
Q5IJ48,V1210F,0.1542,benign,CRB2,1210.0
Q5IJ48,V1210G,0.1485,benign,CRB2,1210.0
Q5IJ48,V1210H,0.4777,ambiguous,CRB2,1210.0
Q5IJ48,V1210I,0.1042,benign,CRB2,1210.0
Q5IJ48,V1210K,0.2185,benign,CRB2,1210.0
Q5IJ48,V1210L,0.1928,benign,CRB2,1210.0
Q5IJ48,V1210M,0.133,benign,CRB2,1210.0
Q5IJ48,V1210N,0.2461,benign,CRB2,1210.0
Q5IJ48,V1210P,0.6016,pathogenic,CRB2,1210.0
Q5IJ48,V1210Q,0.1999,benign,CRB2,1210.0
Q5IJ48,V1210R,0.1816,benign,CRB2,1210.0
Q5IJ48,V1210S,0.2048,benign,CRB2,1210.0
Q5IJ48,V1210T,0.1633,benign,CRB2,1210.0
Q5IJ48,V1210W,0.6336,pathogenic,CRB2,1210.0
Q5IJ48,V1210Y,0.5017,ambiguous,CRB2,1210.0
Q5IJ48,A1211C,0.6107,pathogenic,CRB2,1211.0
Q5IJ48,A1211D,0.1313,benign,CRB2,1211.0
Q5IJ48,A1211E,0.0942,benign,CRB2,1211.0
Q5IJ48,A1211F,0.1814,benign,CRB2,1211.0
Q5IJ48,A1211G,0.1006,benign,CRB2,1211.0
Q5IJ48,A1211H,0.2702,benign,CRB2,1211.0
Q5IJ48,A1211I,0.1274,benign,CRB2,1211.0
Q5IJ48,A1211K,0.2031,benign,CRB2,1211.0
Q5IJ48,A1211L,0.0975,benign,CRB2,1211.0
Q5IJ48,A1211M,0.1477,benign,CRB2,1211.0
Q5IJ48,A1211N,0.1529,benign,CRB2,1211.0
Q5IJ48,A1211P,0.0854,benign,CRB2,1211.0
Q5IJ48,A1211Q,0.1362,benign,CRB2,1211.0
Q5IJ48,A1211R,0.1469,benign,CRB2,1211.0
Q5IJ48,A1211S,0.0839,benign,CRB2,1211.0
Q5IJ48,A1211T,0.0778,benign,CRB2,1211.0
Q5IJ48,A1211V,0.0684,benign,CRB2,1211.0
Q5IJ48,A1211W,0.4038,ambiguous,CRB2,1211.0
Q5IJ48,A1211Y,0.3146,benign,CRB2,1211.0
Q5IJ48,K1212A,0.3191,benign,CRB2,1212.0
Q5IJ48,K1212C,0.9194,pathogenic,CRB2,1212.0
Q5IJ48,K1212D,0.5692,pathogenic,CRB2,1212.0
Q5IJ48,K1212E,0.1477,benign,CRB2,1212.0
Q5IJ48,K1212F,0.8233,pathogenic,CRB2,1212.0
Q5IJ48,K1212G,0.3744,ambiguous,CRB2,1212.0
Q5IJ48,K1212H,0.447,ambiguous,CRB2,1212.0
Q5IJ48,K1212I,0.5468,ambiguous,CRB2,1212.0
Q5IJ48,K1212L,0.4183,ambiguous,CRB2,1212.0
Q5IJ48,K1212M,0.372,ambiguous,CRB2,1212.0
Q5IJ48,K1212N,0.5477,ambiguous,CRB2,1212.0
Q5IJ48,K1212P,0.4636,ambiguous,CRB2,1212.0
Q5IJ48,K1212Q,0.1674,benign,CRB2,1212.0
Q5IJ48,K1212R,0.0891,benign,CRB2,1212.0
Q5IJ48,K1212S,0.4125,ambiguous,CRB2,1212.0
Q5IJ48,K1212T,0.2362,benign,CRB2,1212.0
Q5IJ48,K1212V,0.4521,ambiguous,CRB2,1212.0
Q5IJ48,K1212W,0.7634,pathogenic,CRB2,1212.0
Q5IJ48,K1212Y,0.7372,pathogenic,CRB2,1212.0
Q5IJ48,G1213A,0.0907,benign,CRB2,1213.0
Q5IJ48,G1213C,0.4053,ambiguous,CRB2,1213.0
Q5IJ48,G1213D,0.0933,benign,CRB2,1213.0
Q5IJ48,G1213E,0.1065,benign,CRB2,1213.0
Q5IJ48,G1213F,0.2961,benign,CRB2,1213.0
Q5IJ48,G1213H,0.2058,benign,CRB2,1213.0
Q5IJ48,G1213I,0.1587,benign,CRB2,1213.0
Q5IJ48,G1213K,0.2752,benign,CRB2,1213.0
Q5IJ48,G1213L,0.2074,benign,CRB2,1213.0
Q5IJ48,G1213M,0.3032,benign,CRB2,1213.0
Q5IJ48,G1213N,0.1535,benign,CRB2,1213.0
Q5IJ48,G1213P,0.2921,benign,CRB2,1213.0
Q5IJ48,G1213Q,0.1866,benign,CRB2,1213.0
Q5IJ48,G1213R,0.1792,benign,CRB2,1213.0
Q5IJ48,G1213S,0.0801,benign,CRB2,1213.0
Q5IJ48,G1213T,0.1095,benign,CRB2,1213.0
Q5IJ48,G1213V,0.1022,benign,CRB2,1213.0
Q5IJ48,G1213W,0.22,benign,CRB2,1213.0
Q5IJ48,G1213Y,0.2036,benign,CRB2,1213.0
Q5IJ48,L1214A,0.1103,benign,CRB2,1214.0
Q5IJ48,L1214C,0.5068,ambiguous,CRB2,1214.0
Q5IJ48,L1214D,0.2529,benign,CRB2,1214.0
Q5IJ48,L1214E,0.1253,benign,CRB2,1214.0
Q5IJ48,L1214F,0.0821,benign,CRB2,1214.0
Q5IJ48,L1214G,0.1902,benign,CRB2,1214.0
Q5IJ48,L1214H,0.1269,benign,CRB2,1214.0
Q5IJ48,L1214I,0.0969,benign,CRB2,1214.0
Q5IJ48,L1214K,0.1402,benign,CRB2,1214.0
Q5IJ48,L1214M,0.1115,benign,CRB2,1214.0
Q5IJ48,L1214N,0.1816,benign,CRB2,1214.0
Q5IJ48,L1214P,0.0729,benign,CRB2,1214.0
Q5IJ48,L1214Q,0.0755,benign,CRB2,1214.0
Q5IJ48,L1214R,0.0816,benign,CRB2,1214.0
Q5IJ48,L1214S,0.1084,benign,CRB2,1214.0
Q5IJ48,L1214T,0.1186,benign,CRB2,1214.0
Q5IJ48,L1214V,0.0827,benign,CRB2,1214.0
Q5IJ48,L1214W,0.1177,benign,CRB2,1214.0
Q5IJ48,L1214Y,0.2039,benign,CRB2,1214.0
Q5IJ48,P1215A,0.0671,benign,CRB2,1215.0
Q5IJ48,P1215C,0.4545,ambiguous,CRB2,1215.0
Q5IJ48,P1215D,0.2272,benign,CRB2,1215.0
Q5IJ48,P1215E,0.1709,benign,CRB2,1215.0
Q5IJ48,P1215F,0.2277,benign,CRB2,1215.0
Q5IJ48,P1215G,0.1719,benign,CRB2,1215.0
Q5IJ48,P1215H,0.1168,benign,CRB2,1215.0
Q5IJ48,P1215I,0.2104,benign,CRB2,1215.0
Q5IJ48,P1215K,0.2448,benign,CRB2,1215.0
Q5IJ48,P1215L,0.0896,benign,CRB2,1215.0
Q5IJ48,P1215M,0.2548,benign,CRB2,1215.0
Q5IJ48,P1215N,0.218,benign,CRB2,1215.0
Q5IJ48,P1215Q,0.1056,benign,CRB2,1215.0
Q5IJ48,P1215R,0.1064,benign,CRB2,1215.0
Q5IJ48,P1215S,0.0768,benign,CRB2,1215.0
Q5IJ48,P1215T,0.0864,benign,CRB2,1215.0
Q5IJ48,P1215V,0.1355,benign,CRB2,1215.0
Q5IJ48,P1215W,0.2743,benign,CRB2,1215.0
Q5IJ48,P1215Y,0.2313,benign,CRB2,1215.0
Q5IJ48,L1216A,0.1108,benign,CRB2,1216.0
Q5IJ48,L1216C,0.5614,ambiguous,CRB2,1216.0
Q5IJ48,L1216D,0.349,ambiguous,CRB2,1216.0
Q5IJ48,L1216E,0.1464,benign,CRB2,1216.0
Q5IJ48,L1216F,0.0907,benign,CRB2,1216.0
Q5IJ48,L1216G,0.1941,benign,CRB2,1216.0
Q5IJ48,L1216H,0.1489,benign,CRB2,1216.0
Q5IJ48,L1216I,0.1108,benign,CRB2,1216.0
Q5IJ48,L1216K,0.1639,benign,CRB2,1216.0
Q5IJ48,L1216M,0.1112,benign,CRB2,1216.0
Q5IJ48,L1216N,0.2503,benign,CRB2,1216.0
Q5IJ48,L1216P,0.0776,benign,CRB2,1216.0
Q5IJ48,L1216Q,0.0829,benign,CRB2,1216.0
Q5IJ48,L1216R,0.0934,benign,CRB2,1216.0
Q5IJ48,L1216S,0.116,benign,CRB2,1216.0
Q5IJ48,L1216T,0.143,benign,CRB2,1216.0
Q5IJ48,L1216V,0.0818,benign,CRB2,1216.0
Q5IJ48,L1216W,0.1232,benign,CRB2,1216.0
Q5IJ48,L1216Y,0.2367,benign,CRB2,1216.0
Q5IJ48,P1217A,0.074,benign,CRB2,1217.0
Q5IJ48,P1217C,0.5437,ambiguous,CRB2,1217.0
Q5IJ48,P1217D,0.3162,benign,CRB2,1217.0
Q5IJ48,P1217E,0.2083,benign,CRB2,1217.0
Q5IJ48,P1217F,0.2588,benign,CRB2,1217.0
Q5IJ48,P1217G,0.2068,benign,CRB2,1217.0
Q5IJ48,P1217H,0.1372,benign,CRB2,1217.0
Q5IJ48,P1217I,0.2263,benign,CRB2,1217.0
Q5IJ48,P1217K,0.2899,benign,CRB2,1217.0
Q5IJ48,P1217L,0.0861,benign,CRB2,1217.0
Q5IJ48,P1217M,0.2854,benign,CRB2,1217.0
Q5IJ48,P1217N,0.2828,benign,CRB2,1217.0
Q5IJ48,P1217Q,0.1209,benign,CRB2,1217.0
Q5IJ48,P1217R,0.121,benign,CRB2,1217.0
Q5IJ48,P1217S,0.0909,benign,CRB2,1217.0
Q5IJ48,P1217T,0.0974,benign,CRB2,1217.0
Q5IJ48,P1217V,0.1478,benign,CRB2,1217.0
Q5IJ48,P1217W,0.3203,benign,CRB2,1217.0
Q5IJ48,P1217Y,0.2732,benign,CRB2,1217.0
Q5IJ48,L1218A,0.1096,benign,CRB2,1218.0
Q5IJ48,L1218C,0.602,pathogenic,CRB2,1218.0
Q5IJ48,L1218D,0.3972,ambiguous,CRB2,1218.0
Q5IJ48,L1218E,0.154,benign,CRB2,1218.0
Q5IJ48,L1218F,0.0943,benign,CRB2,1218.0
Q5IJ48,L1218G,0.2099,benign,CRB2,1218.0
Q5IJ48,L1218H,0.1606,benign,CRB2,1218.0
Q5IJ48,L1218I,0.1179,benign,CRB2,1218.0
Q5IJ48,L1218K,0.1748,benign,CRB2,1218.0
Q5IJ48,L1218M,0.1361,benign,CRB2,1218.0
Q5IJ48,L1218N,0.2909,benign,CRB2,1218.0
Q5IJ48,L1218P,0.0789,benign,CRB2,1218.0
Q5IJ48,L1218Q,0.079,benign,CRB2,1218.0
Q5IJ48,L1218R,0.094,benign,CRB2,1218.0
Q5IJ48,L1218S,0.1239,benign,CRB2,1218.0
Q5IJ48,L1218T,0.15,benign,CRB2,1218.0
Q5IJ48,L1218V,0.084,benign,CRB2,1218.0
Q5IJ48,L1218W,0.1301,benign,CRB2,1218.0
Q5IJ48,L1218Y,0.2609,benign,CRB2,1218.0
Q5IJ48,P1219A,0.0725,benign,CRB2,1219.0
Q5IJ48,P1219C,0.5099,ambiguous,CRB2,1219.0
Q5IJ48,P1219D,0.3036,benign,CRB2,1219.0
Q5IJ48,P1219E,0.2136,benign,CRB2,1219.0
Q5IJ48,P1219F,0.3104,benign,CRB2,1219.0
Q5IJ48,P1219G,0.1832,benign,CRB2,1219.0
Q5IJ48,P1219H,0.1297,benign,CRB2,1219.0
Q5IJ48,P1219I,0.257,benign,CRB2,1219.0
Q5IJ48,P1219K,0.2777,benign,CRB2,1219.0
Q5IJ48,P1219L,0.1212,benign,CRB2,1219.0
Q5IJ48,P1219M,0.3481,ambiguous,CRB2,1219.0
Q5IJ48,P1219N,0.2659,benign,CRB2,1219.0
Q5IJ48,P1219Q,0.1159,benign,CRB2,1219.0
Q5IJ48,P1219R,0.1098,benign,CRB2,1219.0
Q5IJ48,P1219S,0.0794,benign,CRB2,1219.0
Q5IJ48,P1219T,0.0891,benign,CRB2,1219.0
Q5IJ48,P1219V,0.1689,benign,CRB2,1219.0
Q5IJ48,P1219W,0.3338,benign,CRB2,1219.0
Q5IJ48,P1219Y,0.2823,benign,CRB2,1219.0
Q5IJ48,F1220A,0.4879,ambiguous,CRB2,1220.0
Q5IJ48,F1220C,0.766,pathogenic,CRB2,1220.0
Q5IJ48,F1220D,0.8321,pathogenic,CRB2,1220.0
Q5IJ48,F1220E,0.8364,pathogenic,CRB2,1220.0
Q5IJ48,F1220G,0.7011,pathogenic,CRB2,1220.0
Q5IJ48,F1220H,0.6839,pathogenic,CRB2,1220.0
Q5IJ48,F1220I,0.3205,benign,CRB2,1220.0
Q5IJ48,F1220K,0.8757,pathogenic,CRB2,1220.0
Q5IJ48,F1220L,0.7446,pathogenic,CRB2,1220.0
Q5IJ48,F1220M,0.6596,pathogenic,CRB2,1220.0
Q5IJ48,F1220N,0.7183,pathogenic,CRB2,1220.0
Q5IJ48,F1220P,0.7165,pathogenic,CRB2,1220.0
Q5IJ48,F1220Q,0.7409,pathogenic,CRB2,1220.0
Q5IJ48,F1220R,0.7238,pathogenic,CRB2,1220.0
Q5IJ48,F1220S,0.3341,benign,CRB2,1220.0
Q5IJ48,F1220T,0.6313,pathogenic,CRB2,1220.0
Q5IJ48,F1220V,0.2874,benign,CRB2,1220.0
Q5IJ48,F1220W,0.488,ambiguous,CRB2,1220.0
Q5IJ48,F1220Y,0.3037,benign,CRB2,1220.0
Q5IJ48,P1221A,0.1318,benign,CRB2,1221.0
Q5IJ48,P1221C,0.7423,pathogenic,CRB2,1221.0
Q5IJ48,P1221D,0.7013,pathogenic,CRB2,1221.0
Q5IJ48,P1221E,0.4957,ambiguous,CRB2,1221.0
Q5IJ48,P1221F,0.4465,ambiguous,CRB2,1221.0
Q5IJ48,P1221G,0.4307,ambiguous,CRB2,1221.0
Q5IJ48,P1221H,0.2533,benign,CRB2,1221.0
Q5IJ48,P1221I,0.4529,ambiguous,CRB2,1221.0
Q5IJ48,P1221K,0.6276,pathogenic,CRB2,1221.0
Q5IJ48,P1221L,0.1747,benign,CRB2,1221.0
Q5IJ48,P1221M,0.5661,pathogenic,CRB2,1221.0
Q5IJ48,P1221N,0.6481,pathogenic,CRB2,1221.0
Q5IJ48,P1221Q,0.2442,benign,CRB2,1221.0
Q5IJ48,P1221R,0.2294,benign,CRB2,1221.0
Q5IJ48,P1221S,0.1669,benign,CRB2,1221.0
Q5IJ48,P1221T,0.2057,benign,CRB2,1221.0
Q5IJ48,P1221V,0.2977,benign,CRB2,1221.0
Q5IJ48,P1221W,0.5342,ambiguous,CRB2,1221.0
Q5IJ48,P1221Y,0.508,ambiguous,CRB2,1221.0
Q5IJ48,L1222A,0.252,benign,CRB2,1222.0
Q5IJ48,L1222C,0.7719,pathogenic,CRB2,1222.0
Q5IJ48,L1222D,0.8542,pathogenic,CRB2,1222.0
Q5IJ48,L1222E,0.5611,ambiguous,CRB2,1222.0
Q5IJ48,L1222F,0.1188,benign,CRB2,1222.0
Q5IJ48,L1222G,0.4747,ambiguous,CRB2,1222.0
Q5IJ48,L1222H,0.4903,ambiguous,CRB2,1222.0
Q5IJ48,L1222I,0.1393,benign,CRB2,1222.0
Q5IJ48,L1222K,0.5892,pathogenic,CRB2,1222.0
Q5IJ48,L1222M,0.21,benign,CRB2,1222.0
Q5IJ48,L1222N,0.7412,pathogenic,CRB2,1222.0
Q5IJ48,L1222P,0.1896,benign,CRB2,1222.0
Q5IJ48,L1222Q,0.3217,benign,CRB2,1222.0
Q5IJ48,L1222R,0.3261,benign,CRB2,1222.0
Q5IJ48,L1222S,0.3783,ambiguous,CRB2,1222.0
Q5IJ48,L1222T,0.3816,ambiguous,CRB2,1222.0
Q5IJ48,L1222V,0.1088,benign,CRB2,1222.0
Q5IJ48,L1222W,0.1992,benign,CRB2,1222.0
Q5IJ48,L1222Y,0.4653,ambiguous,CRB2,1222.0
Q5IJ48,L1223A,0.2287,benign,CRB2,1223.0
Q5IJ48,L1223C,0.8244,pathogenic,CRB2,1223.0
Q5IJ48,L1223D,0.8934,pathogenic,CRB2,1223.0
Q5IJ48,L1223E,0.5282,ambiguous,CRB2,1223.0
Q5IJ48,L1223F,0.1952,benign,CRB2,1223.0
Q5IJ48,L1223G,0.4893,ambiguous,CRB2,1223.0
Q5IJ48,L1223H,0.606,pathogenic,CRB2,1223.0
Q5IJ48,L1223I,0.1416,benign,CRB2,1223.0
Q5IJ48,L1223K,0.5435,ambiguous,CRB2,1223.0
Q5IJ48,L1223M,0.1938,benign,CRB2,1223.0
Q5IJ48,L1223N,0.8237,pathogenic,CRB2,1223.0
Q5IJ48,L1223P,0.2058,benign,CRB2,1223.0
Q5IJ48,L1223Q,0.3092,benign,CRB2,1223.0
Q5IJ48,L1223R,0.3163,benign,CRB2,1223.0
Q5IJ48,L1223S,0.4748,ambiguous,CRB2,1223.0
Q5IJ48,L1223T,0.3101,benign,CRB2,1223.0
Q5IJ48,L1223V,0.1194,benign,CRB2,1223.0
Q5IJ48,L1223W,0.2136,benign,CRB2,1223.0
Q5IJ48,L1223Y,0.6083,pathogenic,CRB2,1223.0
Q5IJ48,E1224A,0.2603,benign,CRB2,1224.0
Q5IJ48,E1224C,0.9535,pathogenic,CRB2,1224.0
Q5IJ48,E1224D,0.5679,pathogenic,CRB2,1224.0
Q5IJ48,E1224F,0.9053,pathogenic,CRB2,1224.0
Q5IJ48,E1224G,0.388,ambiguous,CRB2,1224.0
Q5IJ48,E1224H,0.7804,pathogenic,CRB2,1224.0
Q5IJ48,E1224I,0.7378,pathogenic,CRB2,1224.0
Q5IJ48,E1224K,0.6122,pathogenic,CRB2,1224.0
Q5IJ48,E1224L,0.6504,pathogenic,CRB2,1224.0
Q5IJ48,E1224M,0.7929,pathogenic,CRB2,1224.0
Q5IJ48,E1224N,0.827,pathogenic,CRB2,1224.0
Q5IJ48,E1224P,0.6141,pathogenic,CRB2,1224.0
Q5IJ48,E1224Q,0.2736,benign,CRB2,1224.0
Q5IJ48,E1224R,0.6208,pathogenic,CRB2,1224.0
Q5IJ48,E1224S,0.4819,ambiguous,CRB2,1224.0
Q5IJ48,E1224T,0.5724,pathogenic,CRB2,1224.0
Q5IJ48,E1224V,0.4717,ambiguous,CRB2,1224.0
Q5IJ48,E1224W,0.9291,pathogenic,CRB2,1224.0
Q5IJ48,E1224Y,0.8708,pathogenic,CRB2,1224.0
Q5IJ48,V1225A,0.2439,benign,CRB2,1225.0
Q5IJ48,V1225C,0.9676,pathogenic,CRB2,1225.0
Q5IJ48,V1225D,0.7572,pathogenic,CRB2,1225.0
Q5IJ48,V1225E,0.5967,pathogenic,CRB2,1225.0
Q5IJ48,V1225F,0.3101,benign,CRB2,1225.0
Q5IJ48,V1225G,0.2867,benign,CRB2,1225.0
Q5IJ48,V1225H,0.9276,pathogenic,CRB2,1225.0
Q5IJ48,V1225I,0.1368,benign,CRB2,1225.0
Q5IJ48,V1225K,0.8094,pathogenic,CRB2,1225.0
Q5IJ48,V1225L,0.382,ambiguous,CRB2,1225.0
Q5IJ48,V1225M,0.2996,benign,CRB2,1225.0
Q5IJ48,V1225N,0.7783,pathogenic,CRB2,1225.0
Q5IJ48,V1225P,0.8272,pathogenic,CRB2,1225.0
Q5IJ48,V1225Q,0.7697,pathogenic,CRB2,1225.0
Q5IJ48,V1225R,0.7914,pathogenic,CRB2,1225.0
Q5IJ48,V1225S,0.5421,ambiguous,CRB2,1225.0
Q5IJ48,V1225T,0.4222,ambiguous,CRB2,1225.0
Q5IJ48,V1225W,0.8721,pathogenic,CRB2,1225.0
Q5IJ48,V1225Y,0.8022,pathogenic,CRB2,1225.0
Q5IJ48,A1226C,0.6598,pathogenic,CRB2,1226.0
Q5IJ48,A1226D,0.9082,pathogenic,CRB2,1226.0
Q5IJ48,A1226E,0.8185,pathogenic,CRB2,1226.0
Q5IJ48,A1226F,0.3102,benign,CRB2,1226.0
Q5IJ48,A1226G,0.2114,benign,CRB2,1226.0
Q5IJ48,A1226H,0.9031,pathogenic,CRB2,1226.0
Q5IJ48,A1226I,0.1572,benign,CRB2,1226.0
Q5IJ48,A1226K,0.9276,pathogenic,CRB2,1226.0
Q5IJ48,A1226L,0.1348,benign,CRB2,1226.0
Q5IJ48,A1226M,0.1948,benign,CRB2,1226.0
Q5IJ48,A1226N,0.8421,pathogenic,CRB2,1226.0
Q5IJ48,A1226P,0.5587,ambiguous,CRB2,1226.0
Q5IJ48,A1226Q,0.8012,pathogenic,CRB2,1226.0
Q5IJ48,A1226R,0.8638,pathogenic,CRB2,1226.0
Q5IJ48,A1226S,0.2188,benign,CRB2,1226.0
Q5IJ48,A1226T,0.1244,benign,CRB2,1226.0
Q5IJ48,A1226V,0.0676,benign,CRB2,1226.0
Q5IJ48,A1226W,0.8115,pathogenic,CRB2,1226.0
Q5IJ48,A1226Y,0.7736,pathogenic,CRB2,1226.0
Q5IJ48,V1227A,0.3153,benign,CRB2,1227.0
Q5IJ48,V1227C,0.9447,pathogenic,CRB2,1227.0
Q5IJ48,V1227D,0.9577,pathogenic,CRB2,1227.0
Q5IJ48,V1227E,0.877,pathogenic,CRB2,1227.0
Q5IJ48,V1227F,0.2212,benign,CRB2,1227.0
Q5IJ48,V1227G,0.3718,ambiguous,CRB2,1227.0
Q5IJ48,V1227H,0.9627,pathogenic,CRB2,1227.0
Q5IJ48,V1227I,0.0889,benign,CRB2,1227.0
Q5IJ48,V1227K,0.9321,pathogenic,CRB2,1227.0
Q5IJ48,V1227L,0.1609,benign,CRB2,1227.0
Q5IJ48,V1227M,0.2554,benign,CRB2,1227.0
Q5IJ48,V1227N,0.9172,pathogenic,CRB2,1227.0
Q5IJ48,V1227P,0.7519,pathogenic,CRB2,1227.0
Q5IJ48,V1227Q,0.8691,pathogenic,CRB2,1227.0
Q5IJ48,V1227R,0.886,pathogenic,CRB2,1227.0
Q5IJ48,V1227S,0.6285,pathogenic,CRB2,1227.0
Q5IJ48,V1227T,0.572,pathogenic,CRB2,1227.0
Q5IJ48,V1227W,0.8961,pathogenic,CRB2,1227.0
Q5IJ48,V1227Y,0.8738,pathogenic,CRB2,1227.0
Q5IJ48,P1228A,0.2276,benign,CRB2,1228.0
Q5IJ48,P1228C,0.8981,pathogenic,CRB2,1228.0
Q5IJ48,P1228D,0.9774,pathogenic,CRB2,1228.0
Q5IJ48,P1228E,0.9257,pathogenic,CRB2,1228.0
Q5IJ48,P1228F,0.7944,pathogenic,CRB2,1228.0
Q5IJ48,P1228G,0.6842,pathogenic,CRB2,1228.0
Q5IJ48,P1228H,0.8912,pathogenic,CRB2,1228.0
Q5IJ48,P1228I,0.6371,pathogenic,CRB2,1228.0
Q5IJ48,P1228K,0.9701,pathogenic,CRB2,1228.0
Q5IJ48,P1228L,0.3222,benign,CRB2,1228.0
Q5IJ48,P1228M,0.7279,pathogenic,CRB2,1228.0
Q5IJ48,P1228N,0.9585,pathogenic,CRB2,1228.0
Q5IJ48,P1228Q,0.8211,pathogenic,CRB2,1228.0
Q5IJ48,P1228R,0.8817,pathogenic,CRB2,1228.0
Q5IJ48,P1228S,0.4976,ambiguous,CRB2,1228.0
Q5IJ48,P1228T,0.3549,ambiguous,CRB2,1228.0
Q5IJ48,P1228V,0.4205,ambiguous,CRB2,1228.0
Q5IJ48,P1228W,0.8936,pathogenic,CRB2,1228.0
Q5IJ48,P1228Y,0.8908,pathogenic,CRB2,1228.0
Q5IJ48,A1229C,0.7114,pathogenic,CRB2,1229.0
Q5IJ48,A1229D,0.9606,pathogenic,CRB2,1229.0
Q5IJ48,A1229E,0.9051,pathogenic,CRB2,1229.0
Q5IJ48,A1229F,0.4182,ambiguous,CRB2,1229.0
Q5IJ48,A1229G,0.2145,benign,CRB2,1229.0
Q5IJ48,A1229H,0.9567,pathogenic,CRB2,1229.0
Q5IJ48,A1229I,0.2494,benign,CRB2,1229.0
Q5IJ48,A1229K,0.9725,pathogenic,CRB2,1229.0
Q5IJ48,A1229L,0.1635,benign,CRB2,1229.0
Q5IJ48,A1229M,0.2635,benign,CRB2,1229.0
Q5IJ48,A1229N,0.9196,pathogenic,CRB2,1229.0
Q5IJ48,A1229P,0.5707,pathogenic,CRB2,1229.0
Q5IJ48,A1229Q,0.9031,pathogenic,CRB2,1229.0
Q5IJ48,A1229R,0.9463,pathogenic,CRB2,1229.0
Q5IJ48,A1229S,0.2502,benign,CRB2,1229.0
Q5IJ48,A1229T,0.1359,benign,CRB2,1229.0
Q5IJ48,A1229V,0.0917,benign,CRB2,1229.0
Q5IJ48,A1229W,0.9083,pathogenic,CRB2,1229.0
Q5IJ48,A1229Y,0.8703,pathogenic,CRB2,1229.0
Q5IJ48,A1230C,0.6794,pathogenic,CRB2,1230.0
Q5IJ48,A1230D,0.9713,pathogenic,CRB2,1230.0
Q5IJ48,A1230E,0.9581,pathogenic,CRB2,1230.0
Q5IJ48,A1230F,0.3922,ambiguous,CRB2,1230.0
Q5IJ48,A1230G,0.1927,benign,CRB2,1230.0
Q5IJ48,A1230H,0.9702,pathogenic,CRB2,1230.0
Q5IJ48,A1230I,0.2823,benign,CRB2,1230.0
Q5IJ48,A1230K,0.9909,pathogenic,CRB2,1230.0
Q5IJ48,A1230L,0.182,benign,CRB2,1230.0
Q5IJ48,A1230M,0.3568,ambiguous,CRB2,1230.0
Q5IJ48,A1230N,0.9292,pathogenic,CRB2,1230.0
Q5IJ48,A1230P,0.8256,pathogenic,CRB2,1230.0
Q5IJ48,A1230Q,0.9506,pathogenic,CRB2,1230.0
Q5IJ48,A1230R,0.9726,pathogenic,CRB2,1230.0
Q5IJ48,A1230S,0.2325,benign,CRB2,1230.0
Q5IJ48,A1230T,0.1451,benign,CRB2,1230.0
Q5IJ48,A1230V,0.129,benign,CRB2,1230.0
Q5IJ48,A1230W,0.944,pathogenic,CRB2,1230.0
Q5IJ48,A1230Y,0.8991,pathogenic,CRB2,1230.0
Q5IJ48,C1231A,0.2433,benign,CRB2,1231.0
Q5IJ48,C1231D,0.9801,pathogenic,CRB2,1231.0
Q5IJ48,C1231E,0.9859,pathogenic,CRB2,1231.0
Q5IJ48,C1231F,0.1553,benign,CRB2,1231.0
Q5IJ48,C1231G,0.1128,benign,CRB2,1231.0
Q5IJ48,C1231H,0.9585,pathogenic,CRB2,1231.0
Q5IJ48,C1231I,0.4755,ambiguous,CRB2,1231.0
Q5IJ48,C1231K,0.9962,pathogenic,CRB2,1231.0
Q5IJ48,C1231L,0.2813,benign,CRB2,1231.0
Q5IJ48,C1231M,0.5945,pathogenic,CRB2,1231.0
Q5IJ48,C1231N,0.9348,pathogenic,CRB2,1231.0
Q5IJ48,C1231P,0.9153,pathogenic,CRB2,1231.0
Q5IJ48,C1231Q,0.9673,pathogenic,CRB2,1231.0
Q5IJ48,C1231R,0.968,pathogenic,CRB2,1231.0
Q5IJ48,C1231S,0.276,benign,CRB2,1231.0
Q5IJ48,C1231T,0.4375,ambiguous,CRB2,1231.0
Q5IJ48,C1231V,0.3114,benign,CRB2,1231.0
Q5IJ48,C1231W,0.7356,pathogenic,CRB2,1231.0
Q5IJ48,C1231Y,0.7358,pathogenic,CRB2,1231.0
Q5IJ48,A1232C,0.4839,ambiguous,CRB2,1232.0
Q5IJ48,A1232D,0.9556,pathogenic,CRB2,1232.0
Q5IJ48,A1232E,0.9525,pathogenic,CRB2,1232.0
Q5IJ48,A1232F,0.2582,benign,CRB2,1232.0
Q5IJ48,A1232G,0.128,benign,CRB2,1232.0
Q5IJ48,A1232H,0.9315,pathogenic,CRB2,1232.0
Q5IJ48,A1232I,0.1817,benign,CRB2,1232.0
Q5IJ48,A1232K,0.9867,pathogenic,CRB2,1232.0
Q5IJ48,A1232L,0.1296,benign,CRB2,1232.0
Q5IJ48,A1232M,0.2681,benign,CRB2,1232.0
Q5IJ48,A1232N,0.8629,pathogenic,CRB2,1232.0
Q5IJ48,A1232P,0.6907,pathogenic,CRB2,1232.0
Q5IJ48,A1232Q,0.9205,pathogenic,CRB2,1232.0
Q5IJ48,A1232R,0.9557,pathogenic,CRB2,1232.0
Q5IJ48,A1232S,0.1826,benign,CRB2,1232.0
Q5IJ48,A1232T,0.122,benign,CRB2,1232.0
Q5IJ48,A1232V,0.0926,benign,CRB2,1232.0
Q5IJ48,A1232W,0.8659,pathogenic,CRB2,1232.0
Q5IJ48,A1232Y,0.8025,pathogenic,CRB2,1232.0
Q5IJ48,C1233A,0.2175,benign,CRB2,1233.0
Q5IJ48,C1233D,0.9786,pathogenic,CRB2,1233.0
Q5IJ48,C1233E,0.9899,pathogenic,CRB2,1233.0
Q5IJ48,C1233F,0.1059,benign,CRB2,1233.0
Q5IJ48,C1233G,0.1112,benign,CRB2,1233.0
Q5IJ48,C1233H,0.9444,pathogenic,CRB2,1233.0
Q5IJ48,C1233I,0.326,benign,CRB2,1233.0
Q5IJ48,C1233K,0.9967,pathogenic,CRB2,1233.0
Q5IJ48,C1233L,0.1854,benign,CRB2,1233.0
Q5IJ48,C1233M,0.5062,ambiguous,CRB2,1233.0
Q5IJ48,C1233N,0.9044,pathogenic,CRB2,1233.0
Q5IJ48,C1233P,0.8334,pathogenic,CRB2,1233.0
Q5IJ48,C1233Q,0.9694,pathogenic,CRB2,1233.0
Q5IJ48,C1233R,0.9753,pathogenic,CRB2,1233.0
Q5IJ48,C1233S,0.22,benign,CRB2,1233.0
Q5IJ48,C1233T,0.3666,ambiguous,CRB2,1233.0
Q5IJ48,C1233V,0.2234,benign,CRB2,1233.0
Q5IJ48,C1233W,0.6947,pathogenic,CRB2,1233.0
Q5IJ48,C1233Y,0.6573,pathogenic,CRB2,1233.0
Q5IJ48,L1234A,0.2653,benign,CRB2,1234.0
Q5IJ48,L1234C,0.5972,pathogenic,CRB2,1234.0
Q5IJ48,L1234D,0.9868,pathogenic,CRB2,1234.0
Q5IJ48,L1234E,0.939,pathogenic,CRB2,1234.0
Q5IJ48,L1234F,0.1553,benign,CRB2,1234.0
Q5IJ48,L1234G,0.4499,ambiguous,CRB2,1234.0
Q5IJ48,L1234H,0.8758,pathogenic,CRB2,1234.0
Q5IJ48,L1234I,0.1392,benign,CRB2,1234.0
Q5IJ48,L1234K,0.97,pathogenic,CRB2,1234.0
Q5IJ48,L1234M,0.2155,benign,CRB2,1234.0
Q5IJ48,L1234N,0.9264,pathogenic,CRB2,1234.0
Q5IJ48,L1234P,0.6749,pathogenic,CRB2,1234.0
Q5IJ48,L1234Q,0.7668,pathogenic,CRB2,1234.0
Q5IJ48,L1234R,0.8972,pathogenic,CRB2,1234.0
Q5IJ48,L1234S,0.4605,ambiguous,CRB2,1234.0
Q5IJ48,L1234T,0.3522,ambiguous,CRB2,1234.0
Q5IJ48,L1234V,0.1094,benign,CRB2,1234.0
Q5IJ48,L1234W,0.5783,pathogenic,CRB2,1234.0
Q5IJ48,L1234Y,0.8392,pathogenic,CRB2,1234.0
Q5IJ48,L1235A,0.3555,ambiguous,CRB2,1235.0
Q5IJ48,L1235C,0.6901,pathogenic,CRB2,1235.0
Q5IJ48,L1235D,0.9878,pathogenic,CRB2,1235.0
Q5IJ48,L1235E,0.9506,pathogenic,CRB2,1235.0
Q5IJ48,L1235F,0.2054,benign,CRB2,1235.0
Q5IJ48,L1235G,0.5817,pathogenic,CRB2,1235.0
Q5IJ48,L1235H,0.8951,pathogenic,CRB2,1235.0
Q5IJ48,L1235I,0.2143,benign,CRB2,1235.0
Q5IJ48,L1235K,0.9716,pathogenic,CRB2,1235.0
Q5IJ48,L1235M,0.2809,benign,CRB2,1235.0
Q5IJ48,L1235N,0.9487,pathogenic,CRB2,1235.0
Q5IJ48,L1235P,0.6006,pathogenic,CRB2,1235.0
Q5IJ48,L1235Q,0.7989,pathogenic,CRB2,1235.0
Q5IJ48,L1235R,0.9133,pathogenic,CRB2,1235.0
Q5IJ48,L1235S,0.5997,pathogenic,CRB2,1235.0
Q5IJ48,L1235T,0.5204,ambiguous,CRB2,1235.0
Q5IJ48,L1235V,0.1702,benign,CRB2,1235.0
Q5IJ48,L1235W,0.6189,pathogenic,CRB2,1235.0
Q5IJ48,L1235Y,0.8608,pathogenic,CRB2,1235.0
Q5IJ48,L1236A,0.3572,ambiguous,CRB2,1236.0
Q5IJ48,L1236C,0.6813,pathogenic,CRB2,1236.0
Q5IJ48,L1236D,0.9907,pathogenic,CRB2,1236.0
Q5IJ48,L1236E,0.9682,pathogenic,CRB2,1236.0
Q5IJ48,L1236F,0.1967,benign,CRB2,1236.0
Q5IJ48,L1236G,0.6003,pathogenic,CRB2,1236.0
Q5IJ48,L1236H,0.9267,pathogenic,CRB2,1236.0
Q5IJ48,L1236I,0.1443,benign,CRB2,1236.0
Q5IJ48,L1236K,0.9791,pathogenic,CRB2,1236.0
Q5IJ48,L1236M,0.2503,benign,CRB2,1236.0
Q5IJ48,L1236N,0.9552,pathogenic,CRB2,1236.0
Q5IJ48,L1236P,0.5555,ambiguous,CRB2,1236.0
Q5IJ48,L1236Q,0.8713,pathogenic,CRB2,1236.0
Q5IJ48,L1236R,0.9333,pathogenic,CRB2,1236.0
Q5IJ48,L1236S,0.6557,pathogenic,CRB2,1236.0
Q5IJ48,L1236T,0.5295,ambiguous,CRB2,1236.0
Q5IJ48,L1236V,0.1132,benign,CRB2,1236.0
Q5IJ48,L1236W,0.6079,pathogenic,CRB2,1236.0
Q5IJ48,L1236Y,0.8533,pathogenic,CRB2,1236.0
Q5IJ48,L1237A,0.316,benign,CRB2,1237.0
Q5IJ48,L1237C,0.6412,pathogenic,CRB2,1237.0
Q5IJ48,L1237D,0.9884,pathogenic,CRB2,1237.0
Q5IJ48,L1237E,0.9571,pathogenic,CRB2,1237.0
Q5IJ48,L1237F,0.1997,benign,CRB2,1237.0
Q5IJ48,L1237G,0.5222,ambiguous,CRB2,1237.0
Q5IJ48,L1237H,0.9087,pathogenic,CRB2,1237.0
Q5IJ48,L1237I,0.1859,benign,CRB2,1237.0
Q5IJ48,L1237K,0.973,pathogenic,CRB2,1237.0
Q5IJ48,L1237M,0.269,benign,CRB2,1237.0
Q5IJ48,L1237N,0.9494,pathogenic,CRB2,1237.0
Q5IJ48,L1237P,0.5469,ambiguous,CRB2,1237.0
Q5IJ48,L1237Q,0.824,pathogenic,CRB2,1237.0
Q5IJ48,L1237R,0.919,pathogenic,CRB2,1237.0
Q5IJ48,L1237S,0.5864,pathogenic,CRB2,1237.0
Q5IJ48,L1237T,0.4801,ambiguous,CRB2,1237.0
Q5IJ48,L1237V,0.1459,benign,CRB2,1237.0
Q5IJ48,L1237W,0.6221,pathogenic,CRB2,1237.0
Q5IJ48,L1237Y,0.8642,pathogenic,CRB2,1237.0
Q5IJ48,L1238A,0.247,benign,CRB2,1238.0
Q5IJ48,L1238C,0.5597,ambiguous,CRB2,1238.0
Q5IJ48,L1238D,0.9709,pathogenic,CRB2,1238.0
Q5IJ48,L1238E,0.9026,pathogenic,CRB2,1238.0
Q5IJ48,L1238F,0.1648,benign,CRB2,1238.0
Q5IJ48,L1238G,0.4058,ambiguous,CRB2,1238.0
Q5IJ48,L1238H,0.8221,pathogenic,CRB2,1238.0
Q5IJ48,L1238I,0.1686,benign,CRB2,1238.0
Q5IJ48,L1238K,0.9487,pathogenic,CRB2,1238.0
Q5IJ48,L1238M,0.226,benign,CRB2,1238.0
Q5IJ48,L1238N,0.8794,pathogenic,CRB2,1238.0
Q5IJ48,L1238P,0.4714,ambiguous,CRB2,1238.0
Q5IJ48,L1238Q,0.6916,pathogenic,CRB2,1238.0
Q5IJ48,L1238R,0.8647,pathogenic,CRB2,1238.0
Q5IJ48,L1238S,0.4031,ambiguous,CRB2,1238.0
Q5IJ48,L1238T,0.3478,ambiguous,CRB2,1238.0
Q5IJ48,L1238V,0.1365,benign,CRB2,1238.0
Q5IJ48,L1238W,0.5221,ambiguous,CRB2,1238.0
Q5IJ48,L1238Y,0.8004,pathogenic,CRB2,1238.0
Q5IJ48,L1239A,0.2301,benign,CRB2,1239.0
Q5IJ48,L1239C,0.6599,pathogenic,CRB2,1239.0
Q5IJ48,L1239D,0.986,pathogenic,CRB2,1239.0
Q5IJ48,L1239E,0.9402,pathogenic,CRB2,1239.0
Q5IJ48,L1239F,0.2085,benign,CRB2,1239.0
Q5IJ48,L1239G,0.5116,ambiguous,CRB2,1239.0
Q5IJ48,L1239H,0.9048,pathogenic,CRB2,1239.0
Q5IJ48,L1239I,0.1607,benign,CRB2,1239.0
Q5IJ48,L1239K,0.9591,pathogenic,CRB2,1239.0
Q5IJ48,L1239M,0.2237,benign,CRB2,1239.0
Q5IJ48,L1239N,0.9439,pathogenic,CRB2,1239.0
Q5IJ48,L1239P,0.5283,ambiguous,CRB2,1239.0
Q5IJ48,L1239Q,0.8026,pathogenic,CRB2,1239.0
Q5IJ48,L1239R,0.8722,pathogenic,CRB2,1239.0
Q5IJ48,L1239S,0.5543,ambiguous,CRB2,1239.0
Q5IJ48,L1239T,0.342,ambiguous,CRB2,1239.0
Q5IJ48,L1239V,0.136,benign,CRB2,1239.0
Q5IJ48,L1239W,0.5198,ambiguous,CRB2,1239.0
Q5IJ48,L1239Y,0.8603,pathogenic,CRB2,1239.0
Q5IJ48,G1240A,0.1088,benign,CRB2,1240.0
Q5IJ48,G1240C,0.2157,benign,CRB2,1240.0
Q5IJ48,G1240D,0.9677,pathogenic,CRB2,1240.0
Q5IJ48,G1240E,0.9656,pathogenic,CRB2,1240.0
Q5IJ48,G1240F,0.3675,ambiguous,CRB2,1240.0
Q5IJ48,G1240H,0.9529,pathogenic,CRB2,1240.0
Q5IJ48,G1240I,0.1931,benign,CRB2,1240.0
Q5IJ48,G1240K,0.9923,pathogenic,CRB2,1240.0
Q5IJ48,G1240L,0.1937,benign,CRB2,1240.0
Q5IJ48,G1240M,0.4297,ambiguous,CRB2,1240.0
Q5IJ48,G1240N,0.93,pathogenic,CRB2,1240.0
Q5IJ48,G1240P,0.8698,pathogenic,CRB2,1240.0
Q5IJ48,G1240Q,0.9516,pathogenic,CRB2,1240.0
Q5IJ48,G1240R,0.9783,pathogenic,CRB2,1240.0
Q5IJ48,G1240S,0.2082,benign,CRB2,1240.0
Q5IJ48,G1240T,0.2519,benign,CRB2,1240.0
Q5IJ48,G1240V,0.128,benign,CRB2,1240.0
Q5IJ48,G1240W,0.6073,pathogenic,CRB2,1240.0
Q5IJ48,G1240Y,0.7238,pathogenic,CRB2,1240.0
Q5IJ48,L1241A,0.3682,ambiguous,CRB2,1241.0
Q5IJ48,L1241C,0.614,pathogenic,CRB2,1241.0
Q5IJ48,L1241D,0.9822,pathogenic,CRB2,1241.0
Q5IJ48,L1241E,0.9225,pathogenic,CRB2,1241.0
Q5IJ48,L1241F,0.1334,benign,CRB2,1241.0
Q5IJ48,L1241G,0.5227,ambiguous,CRB2,1241.0
Q5IJ48,L1241H,0.8443,pathogenic,CRB2,1241.0
Q5IJ48,L1241I,0.1357,benign,CRB2,1241.0
Q5IJ48,L1241K,0.942,pathogenic,CRB2,1241.0
Q5IJ48,L1241M,0.1956,benign,CRB2,1241.0
Q5IJ48,L1241N,0.9097,pathogenic,CRB2,1241.0
Q5IJ48,L1241P,0.7396,pathogenic,CRB2,1241.0
Q5IJ48,L1241Q,0.7426,pathogenic,CRB2,1241.0
Q5IJ48,L1241R,0.8375,pathogenic,CRB2,1241.0
Q5IJ48,L1241S,0.5657,pathogenic,CRB2,1241.0
Q5IJ48,L1241T,0.4535,ambiguous,CRB2,1241.0
Q5IJ48,L1241V,0.1326,benign,CRB2,1241.0
Q5IJ48,L1241W,0.4551,ambiguous,CRB2,1241.0
Q5IJ48,L1241Y,0.7515,pathogenic,CRB2,1241.0
Q5IJ48,L1242A,0.3069,benign,CRB2,1242.0
Q5IJ48,L1242C,0.5488,ambiguous,CRB2,1242.0
Q5IJ48,L1242D,0.9798,pathogenic,CRB2,1242.0
Q5IJ48,L1242E,0.9324,pathogenic,CRB2,1242.0
Q5IJ48,L1242F,0.1498,benign,CRB2,1242.0
Q5IJ48,L1242G,0.4843,ambiguous,CRB2,1242.0
Q5IJ48,L1242H,0.832,pathogenic,CRB2,1242.0
Q5IJ48,L1242I,0.1546,benign,CRB2,1242.0
Q5IJ48,L1242K,0.9443,pathogenic,CRB2,1242.0
Q5IJ48,L1242M,0.2833,benign,CRB2,1242.0
Q5IJ48,L1242N,0.9078,pathogenic,CRB2,1242.0
Q5IJ48,L1242P,0.59,pathogenic,CRB2,1242.0
Q5IJ48,L1242Q,0.7311,pathogenic,CRB2,1242.0
Q5IJ48,L1242R,0.8089,pathogenic,CRB2,1242.0
Q5IJ48,L1242S,0.5274,ambiguous,CRB2,1242.0
Q5IJ48,L1242T,0.4387,ambiguous,CRB2,1242.0
Q5IJ48,L1242V,0.1381,benign,CRB2,1242.0
Q5IJ48,L1242W,0.4794,ambiguous,CRB2,1242.0
Q5IJ48,L1242Y,0.7379,pathogenic,CRB2,1242.0
Q5IJ48,S1243A,0.087,benign,CRB2,1243.0
Q5IJ48,S1243C,0.1044,benign,CRB2,1243.0
Q5IJ48,S1243D,0.9614,pathogenic,CRB2,1243.0
Q5IJ48,S1243E,0.9535,pathogenic,CRB2,1243.0
Q5IJ48,S1243F,0.2431,benign,CRB2,1243.0
Q5IJ48,S1243G,0.0989,benign,CRB2,1243.0
Q5IJ48,S1243H,0.8036,pathogenic,CRB2,1243.0
Q5IJ48,S1243I,0.3161,benign,CRB2,1243.0
Q5IJ48,S1243K,0.9841,pathogenic,CRB2,1243.0
Q5IJ48,S1243L,0.1733,benign,CRB2,1243.0
Q5IJ48,S1243M,0.3293,benign,CRB2,1243.0
Q5IJ48,S1243N,0.7193,pathogenic,CRB2,1243.0
Q5IJ48,S1243P,0.4222,ambiguous,CRB2,1243.0
Q5IJ48,S1243Q,0.8856,pathogenic,CRB2,1243.0
Q5IJ48,S1243R,0.9649,pathogenic,CRB2,1243.0
Q5IJ48,S1243T,0.1165,benign,CRB2,1243.0
Q5IJ48,S1243V,0.2519,benign,CRB2,1243.0
Q5IJ48,S1243W,0.2988,benign,CRB2,1243.0
Q5IJ48,S1243Y,0.3813,ambiguous,CRB2,1243.0
Q5IJ48,G1244A,0.1159,benign,CRB2,1244.0
Q5IJ48,G1244C,0.2526,benign,CRB2,1244.0
Q5IJ48,G1244D,0.9134,pathogenic,CRB2,1244.0
Q5IJ48,G1244E,0.8657,pathogenic,CRB2,1244.0
Q5IJ48,G1244F,0.4768,ambiguous,CRB2,1244.0
Q5IJ48,G1244H,0.8684,pathogenic,CRB2,1244.0
Q5IJ48,G1244I,0.285,benign,CRB2,1244.0
Q5IJ48,G1244K,0.9522,pathogenic,CRB2,1244.0
Q5IJ48,G1244L,0.321,benign,CRB2,1244.0
Q5IJ48,G1244M,0.4264,ambiguous,CRB2,1244.0
Q5IJ48,G1244N,0.8277,pathogenic,CRB2,1244.0
Q5IJ48,G1244P,0.9077,pathogenic,CRB2,1244.0
Q5IJ48,G1244Q,0.8306,pathogenic,CRB2,1244.0
Q5IJ48,G1244R,0.8627,pathogenic,CRB2,1244.0
Q5IJ48,G1244S,0.16,benign,CRB2,1244.0
Q5IJ48,G1244T,0.2331,benign,CRB2,1244.0
Q5IJ48,G1244V,0.1705,benign,CRB2,1244.0
Q5IJ48,G1244W,0.4663,ambiguous,CRB2,1244.0
Q5IJ48,G1244Y,0.6458,pathogenic,CRB2,1244.0
Q5IJ48,I1245A,0.7342,pathogenic,CRB2,1245.0
Q5IJ48,I1245C,0.8497,pathogenic,CRB2,1245.0
Q5IJ48,I1245D,0.9733,pathogenic,CRB2,1245.0
Q5IJ48,I1245E,0.9582,pathogenic,CRB2,1245.0
Q5IJ48,I1245F,0.2295,benign,CRB2,1245.0
Q5IJ48,I1245G,0.8421,pathogenic,CRB2,1245.0
Q5IJ48,I1245H,0.8731,pathogenic,CRB2,1245.0
Q5IJ48,I1245K,0.9146,pathogenic,CRB2,1245.0
Q5IJ48,I1245L,0.1777,benign,CRB2,1245.0
Q5IJ48,I1245M,0.2619,benign,CRB2,1245.0
Q5IJ48,I1245N,0.7439,pathogenic,CRB2,1245.0
Q5IJ48,I1245P,0.9057,pathogenic,CRB2,1245.0
Q5IJ48,I1245Q,0.8888,pathogenic,CRB2,1245.0
Q5IJ48,I1245R,0.8463,pathogenic,CRB2,1245.0
Q5IJ48,I1245S,0.6223,pathogenic,CRB2,1245.0
Q5IJ48,I1245T,0.8158,pathogenic,CRB2,1245.0
Q5IJ48,I1245V,0.2219,benign,CRB2,1245.0
Q5IJ48,I1245W,0.7795,pathogenic,CRB2,1245.0
Q5IJ48,I1245Y,0.6563,pathogenic,CRB2,1245.0
Q5IJ48,L1246A,0.332,benign,CRB2,1246.0
Q5IJ48,L1246C,0.7925,pathogenic,CRB2,1246.0
Q5IJ48,L1246D,0.9732,pathogenic,CRB2,1246.0
Q5IJ48,L1246E,0.8142,pathogenic,CRB2,1246.0
Q5IJ48,L1246F,0.2182,benign,CRB2,1246.0
Q5IJ48,L1246G,0.644,pathogenic,CRB2,1246.0
Q5IJ48,L1246H,0.7179,pathogenic,CRB2,1246.0
Q5IJ48,L1246I,0.2202,benign,CRB2,1246.0
Q5IJ48,L1246K,0.7542,pathogenic,CRB2,1246.0
Q5IJ48,L1246M,0.2482,benign,CRB2,1246.0
Q5IJ48,L1246N,0.9069,pathogenic,CRB2,1246.0
Q5IJ48,L1246P,0.6279,pathogenic,CRB2,1246.0
Q5IJ48,L1246Q,0.461,ambiguous,CRB2,1246.0
Q5IJ48,L1246R,0.4365,ambiguous,CRB2,1246.0
Q5IJ48,L1246S,0.5974,pathogenic,CRB2,1246.0
Q5IJ48,L1246T,0.4413,ambiguous,CRB2,1246.0
Q5IJ48,L1246V,0.1447,benign,CRB2,1246.0
Q5IJ48,L1246W,0.3491,ambiguous,CRB2,1246.0
Q5IJ48,L1246Y,0.7409,pathogenic,CRB2,1246.0
Q5IJ48,A1247C,0.6429,pathogenic,CRB2,1247.0
Q5IJ48,A1247D,0.7768,pathogenic,CRB2,1247.0
Q5IJ48,A1247E,0.609,pathogenic,CRB2,1247.0
Q5IJ48,A1247F,0.311,benign,CRB2,1247.0
Q5IJ48,A1247G,0.201,benign,CRB2,1247.0
Q5IJ48,A1247H,0.6645,pathogenic,CRB2,1247.0
Q5IJ48,A1247I,0.3109,benign,CRB2,1247.0
Q5IJ48,A1247K,0.7911,pathogenic,CRB2,1247.0
Q5IJ48,A1247L,0.1689,benign,CRB2,1247.0
Q5IJ48,A1247M,0.307,benign,CRB2,1247.0
Q5IJ48,A1247N,0.6519,pathogenic,CRB2,1247.0
Q5IJ48,A1247P,0.5793,pathogenic,CRB2,1247.0
Q5IJ48,A1247Q,0.533,ambiguous,CRB2,1247.0
Q5IJ48,A1247R,0.607,pathogenic,CRB2,1247.0
Q5IJ48,A1247S,0.1633,benign,CRB2,1247.0
Q5IJ48,A1247T,0.1464,benign,CRB2,1247.0
Q5IJ48,A1247V,0.117,benign,CRB2,1247.0
Q5IJ48,A1247W,0.6596,pathogenic,CRB2,1247.0
Q5IJ48,A1247Y,0.5765,pathogenic,CRB2,1247.0
Q5IJ48,A1248C,0.7972,pathogenic,CRB2,1248.0
Q5IJ48,A1248D,0.8095,pathogenic,CRB2,1248.0
Q5IJ48,A1248E,0.6482,pathogenic,CRB2,1248.0
Q5IJ48,A1248F,0.5443,ambiguous,CRB2,1248.0
Q5IJ48,A1248G,0.2428,benign,CRB2,1248.0
Q5IJ48,A1248H,0.7698,pathogenic,CRB2,1248.0
Q5IJ48,A1248I,0.6888,pathogenic,CRB2,1248.0
Q5IJ48,A1248K,0.8124,pathogenic,CRB2,1248.0
Q5IJ48,A1248L,0.4185,ambiguous,CRB2,1248.0
Q5IJ48,A1248M,0.6651,pathogenic,CRB2,1248.0
Q5IJ48,A1248N,0.7519,pathogenic,CRB2,1248.0
Q5IJ48,A1248P,0.7225,pathogenic,CRB2,1248.0
Q5IJ48,A1248Q,0.5392,ambiguous,CRB2,1248.0
Q5IJ48,A1248R,0.5256,ambiguous,CRB2,1248.0
Q5IJ48,A1248S,0.1676,benign,CRB2,1248.0
Q5IJ48,A1248T,0.2959,benign,CRB2,1248.0
Q5IJ48,A1248V,0.3353,benign,CRB2,1248.0
Q5IJ48,A1248W,0.7615,pathogenic,CRB2,1248.0
Q5IJ48,A1248Y,0.7497,pathogenic,CRB2,1248.0
Q5IJ48,R1249A,0.8104,pathogenic,CRB2,1249.0
Q5IJ48,R1249C,0.6905,pathogenic,CRB2,1249.0
Q5IJ48,R1249D,0.9536,pathogenic,CRB2,1249.0
Q5IJ48,R1249E,0.7306,pathogenic,CRB2,1249.0
Q5IJ48,R1249F,0.9402,pathogenic,CRB2,1249.0
Q5IJ48,R1249G,0.516,ambiguous,CRB2,1249.0
Q5IJ48,R1249H,0.5254,ambiguous,CRB2,1249.0
Q5IJ48,R1249I,0.8806,pathogenic,CRB2,1249.0
Q5IJ48,R1249K,0.3844,ambiguous,CRB2,1249.0
Q5IJ48,R1249L,0.7164,pathogenic,CRB2,1249.0
Q5IJ48,R1249M,0.9009,pathogenic,CRB2,1249.0
Q5IJ48,R1249N,0.9486,pathogenic,CRB2,1249.0
Q5IJ48,R1249P,0.7937,pathogenic,CRB2,1249.0
Q5IJ48,R1249Q,0.2656,benign,CRB2,1249.0
Q5IJ48,R1249S,0.8696,pathogenic,CRB2,1249.0
Q5IJ48,R1249T,0.8365,pathogenic,CRB2,1249.0
Q5IJ48,R1249V,0.8366,pathogenic,CRB2,1249.0
Q5IJ48,R1249W,0.4542,ambiguous,CRB2,1249.0
Q5IJ48,R1249Y,0.8858,pathogenic,CRB2,1249.0
Q5IJ48,K1250A,0.8457,pathogenic,CRB2,1250.0
Q5IJ48,K1250C,0.9474,pathogenic,CRB2,1250.0
Q5IJ48,K1250D,0.9679,pathogenic,CRB2,1250.0
Q5IJ48,K1250E,0.7774,pathogenic,CRB2,1250.0
Q5IJ48,K1250F,0.97,pathogenic,CRB2,1250.0
Q5IJ48,K1250G,0.7829,pathogenic,CRB2,1250.0
Q5IJ48,K1250H,0.7055,pathogenic,CRB2,1250.0
Q5IJ48,K1250I,0.9046,pathogenic,CRB2,1250.0
Q5IJ48,K1250L,0.777,pathogenic,CRB2,1250.0
Q5IJ48,K1250M,0.8243,pathogenic,CRB2,1250.0
Q5IJ48,K1250N,0.9235,pathogenic,CRB2,1250.0
Q5IJ48,K1250P,0.878,pathogenic,CRB2,1250.0
Q5IJ48,K1250Q,0.4221,ambiguous,CRB2,1250.0
Q5IJ48,K1250R,0.139,benign,CRB2,1250.0
Q5IJ48,K1250S,0.8653,pathogenic,CRB2,1250.0
Q5IJ48,K1250T,0.7638,pathogenic,CRB2,1250.0
Q5IJ48,K1250V,0.8612,pathogenic,CRB2,1250.0
Q5IJ48,K1250W,0.8973,pathogenic,CRB2,1250.0
Q5IJ48,K1250Y,0.8965,pathogenic,CRB2,1250.0
Q5IJ48,R1251A,0.7499,pathogenic,CRB2,1251.0
Q5IJ48,R1251C,0.6975,pathogenic,CRB2,1251.0
Q5IJ48,R1251D,0.923,pathogenic,CRB2,1251.0
Q5IJ48,R1251E,0.6895,pathogenic,CRB2,1251.0
Q5IJ48,R1251F,0.8828,pathogenic,CRB2,1251.0
Q5IJ48,R1251G,0.4817,ambiguous,CRB2,1251.0
Q5IJ48,R1251H,0.3126,benign,CRB2,1251.0
Q5IJ48,R1251I,0.7153,pathogenic,CRB2,1251.0
Q5IJ48,R1251K,0.2873,benign,CRB2,1251.0
Q5IJ48,R1251L,0.457,ambiguous,CRB2,1251.0
Q5IJ48,R1251M,0.7988,pathogenic,CRB2,1251.0
Q5IJ48,R1251N,0.8938,pathogenic,CRB2,1251.0
Q5IJ48,R1251P,0.81,pathogenic,CRB2,1251.0
Q5IJ48,R1251Q,0.1983,benign,CRB2,1251.0
Q5IJ48,R1251S,0.8385,pathogenic,CRB2,1251.0
Q5IJ48,R1251T,0.7596,pathogenic,CRB2,1251.0
Q5IJ48,R1251V,0.7241,pathogenic,CRB2,1251.0
Q5IJ48,R1251W,0.3835,ambiguous,CRB2,1251.0
Q5IJ48,R1251Y,0.7313,pathogenic,CRB2,1251.0
Q5IJ48,R1252A,0.8674,pathogenic,CRB2,1252.0
Q5IJ48,R1252C,0.746,pathogenic,CRB2,1252.0
Q5IJ48,R1252D,0.9571,pathogenic,CRB2,1252.0
Q5IJ48,R1252E,0.7637,pathogenic,CRB2,1252.0
Q5IJ48,R1252F,0.9237,pathogenic,CRB2,1252.0
Q5IJ48,R1252G,0.6327,pathogenic,CRB2,1252.0
Q5IJ48,R1252H,0.4559,ambiguous,CRB2,1252.0
Q5IJ48,R1252I,0.8406,pathogenic,CRB2,1252.0
Q5IJ48,R1252K,0.5107,ambiguous,CRB2,1252.0
Q5IJ48,R1252L,0.6364,pathogenic,CRB2,1252.0
Q5IJ48,R1252M,0.9151,pathogenic,CRB2,1252.0
Q5IJ48,R1252N,0.954,pathogenic,CRB2,1252.0
Q5IJ48,R1252P,0.8164,pathogenic,CRB2,1252.0
Q5IJ48,R1252Q,0.2928,benign,CRB2,1252.0
Q5IJ48,R1252S,0.901,pathogenic,CRB2,1252.0
Q5IJ48,R1252T,0.8796,pathogenic,CRB2,1252.0
Q5IJ48,R1252V,0.8562,pathogenic,CRB2,1252.0
Q5IJ48,R1252W,0.4119,ambiguous,CRB2,1252.0
Q5IJ48,R1252Y,0.8262,pathogenic,CRB2,1252.0
Q5IJ48,Q1253A,0.43,ambiguous,CRB2,1253.0
Q5IJ48,Q1253C,0.9669,pathogenic,CRB2,1253.0
Q5IJ48,Q1253D,0.801,pathogenic,CRB2,1253.0
Q5IJ48,Q1253E,0.2153,benign,CRB2,1253.0
Q5IJ48,Q1253F,0.9212,pathogenic,CRB2,1253.0
Q5IJ48,Q1253G,0.4897,ambiguous,CRB2,1253.0
Q5IJ48,Q1253H,0.7171,pathogenic,CRB2,1253.0
Q5IJ48,Q1253I,0.8167,pathogenic,CRB2,1253.0
Q5IJ48,Q1253K,0.4364,ambiguous,CRB2,1253.0
Q5IJ48,Q1253L,0.3812,ambiguous,CRB2,1253.0
Q5IJ48,Q1253M,0.7869,pathogenic,CRB2,1253.0
Q5IJ48,Q1253N,0.7319,pathogenic,CRB2,1253.0
Q5IJ48,Q1253P,0.3605,ambiguous,CRB2,1253.0
Q5IJ48,Q1253R,0.2867,benign,CRB2,1253.0
Q5IJ48,Q1253S,0.5274,ambiguous,CRB2,1253.0
Q5IJ48,Q1253T,0.5908,pathogenic,CRB2,1253.0
Q5IJ48,Q1253V,0.6172,pathogenic,CRB2,1253.0
Q5IJ48,Q1253W,0.8832,pathogenic,CRB2,1253.0
Q5IJ48,Q1253Y,0.8826,pathogenic,CRB2,1253.0
Q5IJ48,S1254A,0.2392,benign,CRB2,1254.0
Q5IJ48,S1254C,0.7994,pathogenic,CRB2,1254.0
Q5IJ48,S1254D,0.7907,pathogenic,CRB2,1254.0
Q5IJ48,S1254E,0.7445,pathogenic,CRB2,1254.0
Q5IJ48,S1254F,0.853,pathogenic,CRB2,1254.0
Q5IJ48,S1254G,0.2723,benign,CRB2,1254.0
Q5IJ48,S1254H,0.7861,pathogenic,CRB2,1254.0
Q5IJ48,S1254I,0.7897,pathogenic,CRB2,1254.0
Q5IJ48,S1254K,0.9267,pathogenic,CRB2,1254.0
Q5IJ48,S1254L,0.6011,pathogenic,CRB2,1254.0
Q5IJ48,S1254M,0.7441,pathogenic,CRB2,1254.0
Q5IJ48,S1254N,0.628,pathogenic,CRB2,1254.0
Q5IJ48,S1254P,0.7897,pathogenic,CRB2,1254.0
Q5IJ48,S1254Q,0.7306,pathogenic,CRB2,1254.0
Q5IJ48,S1254R,0.8607,pathogenic,CRB2,1254.0
Q5IJ48,S1254T,0.2738,benign,CRB2,1254.0
Q5IJ48,S1254V,0.7113,pathogenic,CRB2,1254.0
Q5IJ48,S1254W,0.7223,pathogenic,CRB2,1254.0
Q5IJ48,S1254Y,0.7474,pathogenic,CRB2,1254.0
Q5IJ48,E1255A,0.4459,ambiguous,CRB2,1255.0
Q5IJ48,E1255C,0.9884,pathogenic,CRB2,1255.0
Q5IJ48,E1255D,0.6661,pathogenic,CRB2,1255.0
Q5IJ48,E1255F,0.9793,pathogenic,CRB2,1255.0
Q5IJ48,E1255G,0.5161,ambiguous,CRB2,1255.0
Q5IJ48,E1255H,0.8887,pathogenic,CRB2,1255.0
Q5IJ48,E1255I,0.94,pathogenic,CRB2,1255.0
Q5IJ48,E1255K,0.6279,pathogenic,CRB2,1255.0
Q5IJ48,E1255L,0.8935,pathogenic,CRB2,1255.0
Q5IJ48,E1255M,0.9267,pathogenic,CRB2,1255.0
Q5IJ48,E1255N,0.906,pathogenic,CRB2,1255.0
Q5IJ48,E1255P,0.8695,pathogenic,CRB2,1255.0
Q5IJ48,E1255Q,0.3817,ambiguous,CRB2,1255.0
Q5IJ48,E1255R,0.5891,pathogenic,CRB2,1255.0
Q5IJ48,E1255S,0.6239,pathogenic,CRB2,1255.0
Q5IJ48,E1255T,0.7318,pathogenic,CRB2,1255.0
Q5IJ48,E1255V,0.773,pathogenic,CRB2,1255.0
Q5IJ48,E1255W,0.9861,pathogenic,CRB2,1255.0
Q5IJ48,E1255Y,0.9645,pathogenic,CRB2,1255.0
Q5IJ48,G1256A,0.5598,ambiguous,CRB2,1256.0
Q5IJ48,G1256C,0.949,pathogenic,CRB2,1256.0
Q5IJ48,G1256D,0.6897,pathogenic,CRB2,1256.0
Q5IJ48,G1256E,0.6836,pathogenic,CRB2,1256.0
Q5IJ48,G1256F,0.9579,pathogenic,CRB2,1256.0
Q5IJ48,G1256H,0.9415,pathogenic,CRB2,1256.0
Q5IJ48,G1256I,0.8733,pathogenic,CRB2,1256.0
Q5IJ48,G1256K,0.9347,pathogenic,CRB2,1256.0
Q5IJ48,G1256L,0.9207,pathogenic,CRB2,1256.0
Q5IJ48,G1256M,0.9354,pathogenic,CRB2,1256.0
Q5IJ48,G1256N,0.8507,pathogenic,CRB2,1256.0
Q5IJ48,G1256P,0.9814,pathogenic,CRB2,1256.0
Q5IJ48,G1256Q,0.8957,pathogenic,CRB2,1256.0
Q5IJ48,G1256R,0.8859,pathogenic,CRB2,1256.0
Q5IJ48,G1256S,0.5599,ambiguous,CRB2,1256.0
Q5IJ48,G1256T,0.7639,pathogenic,CRB2,1256.0
Q5IJ48,G1256V,0.727,pathogenic,CRB2,1256.0
Q5IJ48,G1256W,0.91,pathogenic,CRB2,1256.0
Q5IJ48,G1256Y,0.9092,pathogenic,CRB2,1256.0
Q5IJ48,T1257A,0.2871,benign,CRB2,1257.0
Q5IJ48,T1257C,0.9384,pathogenic,CRB2,1257.0
Q5IJ48,T1257D,0.8159,pathogenic,CRB2,1257.0
Q5IJ48,T1257E,0.7598,pathogenic,CRB2,1257.0
Q5IJ48,T1257F,0.7329,pathogenic,CRB2,1257.0
Q5IJ48,T1257G,0.5651,pathogenic,CRB2,1257.0
Q5IJ48,T1257H,0.6918,pathogenic,CRB2,1257.0
Q5IJ48,T1257I,0.6716,pathogenic,CRB2,1257.0
Q5IJ48,T1257K,0.7556,pathogenic,CRB2,1257.0
Q5IJ48,T1257L,0.4838,ambiguous,CRB2,1257.0
Q5IJ48,T1257M,0.514,ambiguous,CRB2,1257.0
Q5IJ48,T1257N,0.5159,ambiguous,CRB2,1257.0
Q5IJ48,T1257P,0.4098,ambiguous,CRB2,1257.0
Q5IJ48,T1257Q,0.6666,pathogenic,CRB2,1257.0
Q5IJ48,T1257R,0.5536,ambiguous,CRB2,1257.0
Q5IJ48,T1257S,0.339,benign,CRB2,1257.0
Q5IJ48,T1257V,0.5714,pathogenic,CRB2,1257.0
Q5IJ48,T1257W,0.8914,pathogenic,CRB2,1257.0
Q5IJ48,T1257Y,0.7656,pathogenic,CRB2,1257.0
Q5IJ48,Y1258A,0.9003,pathogenic,CRB2,1258.0
Q5IJ48,Y1258C,0.9432,pathogenic,CRB2,1258.0
Q5IJ48,Y1258D,0.8858,pathogenic,CRB2,1258.0
Q5IJ48,Y1258E,0.978,pathogenic,CRB2,1258.0
Q5IJ48,Y1258F,0.4077,ambiguous,CRB2,1258.0
Q5IJ48,Y1258G,0.8739,pathogenic,CRB2,1258.0
Q5IJ48,Y1258H,0.93,pathogenic,CRB2,1258.0
Q5IJ48,Y1258I,0.9568,pathogenic,CRB2,1258.0
Q5IJ48,Y1258K,0.9917,pathogenic,CRB2,1258.0
Q5IJ48,Y1258L,0.8588,pathogenic,CRB2,1258.0
Q5IJ48,Y1258M,0.9786,pathogenic,CRB2,1258.0
Q5IJ48,Y1258N,0.8998,pathogenic,CRB2,1258.0
Q5IJ48,Y1258P,0.9263,pathogenic,CRB2,1258.0
Q5IJ48,Y1258Q,0.9809,pathogenic,CRB2,1258.0
Q5IJ48,Y1258R,0.9517,pathogenic,CRB2,1258.0
Q5IJ48,Y1258S,0.7268,pathogenic,CRB2,1258.0
Q5IJ48,Y1258T,0.9321,pathogenic,CRB2,1258.0
Q5IJ48,Y1258V,0.8691,pathogenic,CRB2,1258.0
Q5IJ48,Y1258W,0.6761,pathogenic,CRB2,1258.0
Q5IJ48,S1259A,0.3955,ambiguous,CRB2,1259.0
Q5IJ48,S1259C,0.8982,pathogenic,CRB2,1259.0
Q5IJ48,S1259D,0.9521,pathogenic,CRB2,1259.0
Q5IJ48,S1259E,0.9421,pathogenic,CRB2,1259.0
Q5IJ48,S1259F,0.8376,pathogenic,CRB2,1259.0
Q5IJ48,S1259G,0.6533,pathogenic,CRB2,1259.0
Q5IJ48,S1259H,0.8397,pathogenic,CRB2,1259.0
Q5IJ48,S1259I,0.8277,pathogenic,CRB2,1259.0
Q5IJ48,S1259K,0.9919,pathogenic,CRB2,1259.0
Q5IJ48,S1259L,0.6159,pathogenic,CRB2,1259.0
Q5IJ48,S1259M,0.8919,pathogenic,CRB2,1259.0
Q5IJ48,S1259N,0.8824,pathogenic,CRB2,1259.0
Q5IJ48,S1259P,0.8079,pathogenic,CRB2,1259.0
Q5IJ48,S1259Q,0.9038,pathogenic,CRB2,1259.0
Q5IJ48,S1259R,0.9727,pathogenic,CRB2,1259.0
Q5IJ48,S1259T,0.4572,ambiguous,CRB2,1259.0
Q5IJ48,S1259V,0.8327,pathogenic,CRB2,1259.0
Q5IJ48,S1259W,0.8638,pathogenic,CRB2,1259.0
Q5IJ48,S1259Y,0.8083,pathogenic,CRB2,1259.0
Q5IJ48,P1260A,0.5144,ambiguous,CRB2,1260.0
Q5IJ48,P1260C,0.9896,pathogenic,CRB2,1260.0
Q5IJ48,P1260D,0.9713,pathogenic,CRB2,1260.0
Q5IJ48,P1260E,0.907,pathogenic,CRB2,1260.0
Q5IJ48,P1260F,0.9729,pathogenic,CRB2,1260.0
Q5IJ48,P1260G,0.9198,pathogenic,CRB2,1260.0
Q5IJ48,P1260H,0.8712,pathogenic,CRB2,1260.0
Q5IJ48,P1260I,0.9533,pathogenic,CRB2,1260.0
Q5IJ48,P1260K,0.9631,pathogenic,CRB2,1260.0
Q5IJ48,P1260L,0.7627,pathogenic,CRB2,1260.0
Q5IJ48,P1260M,0.9663,pathogenic,CRB2,1260.0
Q5IJ48,P1260N,0.9736,pathogenic,CRB2,1260.0
Q5IJ48,P1260Q,0.8305,pathogenic,CRB2,1260.0
Q5IJ48,P1260R,0.7417,pathogenic,CRB2,1260.0
Q5IJ48,P1260S,0.7362,pathogenic,CRB2,1260.0
Q5IJ48,P1260T,0.7733,pathogenic,CRB2,1260.0
Q5IJ48,P1260V,0.8373,pathogenic,CRB2,1260.0
Q5IJ48,P1260W,0.9814,pathogenic,CRB2,1260.0
Q5IJ48,P1260Y,0.9656,pathogenic,CRB2,1260.0
Q5IJ48,S1261A,0.3571,ambiguous,CRB2,1261.0
Q5IJ48,S1261C,0.8909,pathogenic,CRB2,1261.0
Q5IJ48,S1261D,0.9435,pathogenic,CRB2,1261.0
Q5IJ48,S1261E,0.9256,pathogenic,CRB2,1261.0
Q5IJ48,S1261F,0.9214,pathogenic,CRB2,1261.0
Q5IJ48,S1261G,0.4954,ambiguous,CRB2,1261.0
Q5IJ48,S1261H,0.9332,pathogenic,CRB2,1261.0
Q5IJ48,S1261I,0.9166,pathogenic,CRB2,1261.0
Q5IJ48,S1261K,0.9905,pathogenic,CRB2,1261.0
Q5IJ48,S1261L,0.7298,pathogenic,CRB2,1261.0
Q5IJ48,S1261M,0.9086,pathogenic,CRB2,1261.0
Q5IJ48,S1261N,0.8917,pathogenic,CRB2,1261.0
Q5IJ48,S1261P,0.7179,pathogenic,CRB2,1261.0
Q5IJ48,S1261Q,0.9131,pathogenic,CRB2,1261.0
Q5IJ48,S1261R,0.9704,pathogenic,CRB2,1261.0
Q5IJ48,S1261T,0.4307,ambiguous,CRB2,1261.0
Q5IJ48,S1261V,0.8765,pathogenic,CRB2,1261.0
Q5IJ48,S1261W,0.8847,pathogenic,CRB2,1261.0
Q5IJ48,S1261Y,0.8981,pathogenic,CRB2,1261.0
Q5IJ48,Q1262A,0.451,ambiguous,CRB2,1262.0
Q5IJ48,Q1262C,0.9889,pathogenic,CRB2,1262.0
Q5IJ48,Q1262D,0.8572,pathogenic,CRB2,1262.0
Q5IJ48,Q1262E,0.1965,benign,CRB2,1262.0
Q5IJ48,Q1262F,0.964,pathogenic,CRB2,1262.0
Q5IJ48,Q1262G,0.5525,ambiguous,CRB2,1262.0
Q5IJ48,Q1262H,0.8085,pathogenic,CRB2,1262.0
Q5IJ48,Q1262I,0.9161,pathogenic,CRB2,1262.0
Q5IJ48,Q1262K,0.5305,ambiguous,CRB2,1262.0
Q5IJ48,Q1262L,0.5027,ambiguous,CRB2,1262.0
Q5IJ48,Q1262M,0.832,pathogenic,CRB2,1262.0
Q5IJ48,Q1262N,0.817,pathogenic,CRB2,1262.0
Q5IJ48,Q1262P,0.3425,ambiguous,CRB2,1262.0
Q5IJ48,Q1262R,0.3335,benign,CRB2,1262.0
Q5IJ48,Q1262S,0.4513,ambiguous,CRB2,1262.0
Q5IJ48,Q1262T,0.5506,ambiguous,CRB2,1262.0
Q5IJ48,Q1262V,0.7017,pathogenic,CRB2,1262.0
Q5IJ48,Q1262W,0.9226,pathogenic,CRB2,1262.0
Q5IJ48,Q1262Y,0.9432,pathogenic,CRB2,1262.0
Q5IJ48,Q1263A,0.6434,pathogenic,CRB2,1263.0
Q5IJ48,Q1263C,0.9987,pathogenic,CRB2,1263.0
Q5IJ48,Q1263D,0.8301,pathogenic,CRB2,1263.0
Q5IJ48,Q1263E,0.1976,benign,CRB2,1263.0
Q5IJ48,Q1263F,0.9913,pathogenic,CRB2,1263.0
Q5IJ48,Q1263G,0.6536,pathogenic,CRB2,1263.0
Q5IJ48,Q1263H,0.9569,pathogenic,CRB2,1263.0
Q5IJ48,Q1263I,0.9609,pathogenic,CRB2,1263.0
Q5IJ48,Q1263K,0.5929,pathogenic,CRB2,1263.0
Q5IJ48,Q1263L,0.7133,pathogenic,CRB2,1263.0
Q5IJ48,Q1263M,0.862,pathogenic,CRB2,1263.0
Q5IJ48,Q1263N,0.8623,pathogenic,CRB2,1263.0
Q5IJ48,Q1263P,0.7375,pathogenic,CRB2,1263.0
Q5IJ48,Q1263R,0.6096,pathogenic,CRB2,1263.0
Q5IJ48,Q1263S,0.7648,pathogenic,CRB2,1263.0
Q5IJ48,Q1263T,0.7696,pathogenic,CRB2,1263.0
Q5IJ48,Q1263V,0.8389,pathogenic,CRB2,1263.0
Q5IJ48,Q1263W,0.9841,pathogenic,CRB2,1263.0
Q5IJ48,Q1263Y,0.9852,pathogenic,CRB2,1263.0
Q5IJ48,E1264A,0.792,pathogenic,CRB2,1264.0
Q5IJ48,E1264C,0.9992,pathogenic,CRB2,1264.0
Q5IJ48,E1264D,0.816,pathogenic,CRB2,1264.0
Q5IJ48,E1264F,0.9973,pathogenic,CRB2,1264.0
Q5IJ48,E1264G,0.8675,pathogenic,CRB2,1264.0
Q5IJ48,E1264H,0.9863,pathogenic,CRB2,1264.0
Q5IJ48,E1264I,0.9823,pathogenic,CRB2,1264.0
Q5IJ48,E1264K,0.9357,pathogenic,CRB2,1264.0
Q5IJ48,E1264L,0.9766,pathogenic,CRB2,1264.0
Q5IJ48,E1264M,0.9816,pathogenic,CRB2,1264.0
Q5IJ48,E1264N,0.9797,pathogenic,CRB2,1264.0
Q5IJ48,E1264P,0.977,pathogenic,CRB2,1264.0
Q5IJ48,E1264Q,0.7802,pathogenic,CRB2,1264.0
Q5IJ48,E1264R,0.9203,pathogenic,CRB2,1264.0
Q5IJ48,E1264S,0.9326,pathogenic,CRB2,1264.0
Q5IJ48,E1264T,0.9434,pathogenic,CRB2,1264.0
Q5IJ48,E1264V,0.8965,pathogenic,CRB2,1264.0
Q5IJ48,E1264W,0.9985,pathogenic,CRB2,1264.0
Q5IJ48,E1264Y,0.9927,pathogenic,CRB2,1264.0
Q5IJ48,V1265A,0.6746,pathogenic,CRB2,1265.0
Q5IJ48,V1265C,0.997,pathogenic,CRB2,1265.0
Q5IJ48,V1265D,0.7804,pathogenic,CRB2,1265.0
Q5IJ48,V1265E,0.5626,ambiguous,CRB2,1265.0
Q5IJ48,V1265F,0.7087,pathogenic,CRB2,1265.0
Q5IJ48,V1265G,0.5063,ambiguous,CRB2,1265.0
Q5IJ48,V1265H,0.9609,pathogenic,CRB2,1265.0
Q5IJ48,V1265I,0.3199,benign,CRB2,1265.0
Q5IJ48,V1265K,0.8097,pathogenic,CRB2,1265.0
Q5IJ48,V1265L,0.8252,pathogenic,CRB2,1265.0
Q5IJ48,V1265M,0.6712,pathogenic,CRB2,1265.0
Q5IJ48,V1265N,0.8432,pathogenic,CRB2,1265.0
Q5IJ48,V1265P,0.937,pathogenic,CRB2,1265.0
Q5IJ48,V1265Q,0.7922,pathogenic,CRB2,1265.0
Q5IJ48,V1265R,0.7601,pathogenic,CRB2,1265.0
Q5IJ48,V1265S,0.7823,pathogenic,CRB2,1265.0
Q5IJ48,V1265T,0.703,pathogenic,CRB2,1265.0
Q5IJ48,V1265W,0.9801,pathogenic,CRB2,1265.0
Q5IJ48,V1265Y,0.9201,pathogenic,CRB2,1265.0
Q5IJ48,A1266C,0.9677,pathogenic,CRB2,1266.0
Q5IJ48,A1266D,0.8711,pathogenic,CRB2,1266.0
Q5IJ48,A1266E,0.73,pathogenic,CRB2,1266.0
Q5IJ48,A1266F,0.8528,pathogenic,CRB2,1266.0
Q5IJ48,A1266G,0.5188,ambiguous,CRB2,1266.0
Q5IJ48,A1266H,0.9105,pathogenic,CRB2,1266.0
Q5IJ48,A1266I,0.9019,pathogenic,CRB2,1266.0
Q5IJ48,A1266K,0.9425,pathogenic,CRB2,1266.0
Q5IJ48,A1266L,0.6286,pathogenic,CRB2,1266.0
Q5IJ48,A1266M,0.8538,pathogenic,CRB2,1266.0
Q5IJ48,A1266N,0.8945,pathogenic,CRB2,1266.0
Q5IJ48,A1266P,0.7792,pathogenic,CRB2,1266.0
Q5IJ48,A1266Q,0.7553,pathogenic,CRB2,1266.0
Q5IJ48,A1266R,0.77,pathogenic,CRB2,1266.0
Q5IJ48,A1266S,0.2666,benign,CRB2,1266.0
Q5IJ48,A1266T,0.5339,ambiguous,CRB2,1266.0
Q5IJ48,A1266V,0.6577,pathogenic,CRB2,1266.0
Q5IJ48,A1266W,0.9534,pathogenic,CRB2,1266.0
Q5IJ48,A1266Y,0.931,pathogenic,CRB2,1266.0
Q5IJ48,G1267A,0.3334,benign,CRB2,1267.0
Q5IJ48,G1267C,0.8988,pathogenic,CRB2,1267.0
Q5IJ48,G1267D,0.719,pathogenic,CRB2,1267.0
Q5IJ48,G1267E,0.6427,pathogenic,CRB2,1267.0
Q5IJ48,G1267F,0.9183,pathogenic,CRB2,1267.0
Q5IJ48,G1267H,0.9056,pathogenic,CRB2,1267.0
Q5IJ48,G1267I,0.8465,pathogenic,CRB2,1267.0
Q5IJ48,G1267K,0.8965,pathogenic,CRB2,1267.0
Q5IJ48,G1267L,0.8302,pathogenic,CRB2,1267.0
Q5IJ48,G1267M,0.8923,pathogenic,CRB2,1267.0
Q5IJ48,G1267N,0.8536,pathogenic,CRB2,1267.0
Q5IJ48,G1267P,0.9378,pathogenic,CRB2,1267.0
Q5IJ48,G1267Q,0.7785,pathogenic,CRB2,1267.0
Q5IJ48,G1267R,0.7443,pathogenic,CRB2,1267.0
Q5IJ48,G1267S,0.3219,benign,CRB2,1267.0
Q5IJ48,G1267T,0.5684,pathogenic,CRB2,1267.0
Q5IJ48,G1267V,0.6256,pathogenic,CRB2,1267.0
Q5IJ48,G1267W,0.8272,pathogenic,CRB2,1267.0
Q5IJ48,G1267Y,0.9168,pathogenic,CRB2,1267.0
Q5IJ48,A1268C,0.9509,pathogenic,CRB2,1268.0
Q5IJ48,A1268D,0.7914,pathogenic,CRB2,1268.0
Q5IJ48,A1268E,0.6423,pathogenic,CRB2,1268.0
Q5IJ48,A1268F,0.7693,pathogenic,CRB2,1268.0
Q5IJ48,A1268G,0.4304,ambiguous,CRB2,1268.0
Q5IJ48,A1268H,0.8564,pathogenic,CRB2,1268.0
Q5IJ48,A1268I,0.8702,pathogenic,CRB2,1268.0
Q5IJ48,A1268K,0.8854,pathogenic,CRB2,1268.0
Q5IJ48,A1268L,0.5818,pathogenic,CRB2,1268.0
Q5IJ48,A1268M,0.8008,pathogenic,CRB2,1268.0
Q5IJ48,A1268N,0.7812,pathogenic,CRB2,1268.0
Q5IJ48,A1268P,0.6265,pathogenic,CRB2,1268.0
Q5IJ48,A1268Q,0.6451,pathogenic,CRB2,1268.0
Q5IJ48,A1268R,0.6582,pathogenic,CRB2,1268.0
Q5IJ48,A1268S,0.2332,benign,CRB2,1268.0
Q5IJ48,A1268T,0.4891,ambiguous,CRB2,1268.0
Q5IJ48,A1268V,0.64,pathogenic,CRB2,1268.0
Q5IJ48,A1268W,0.9244,pathogenic,CRB2,1268.0
Q5IJ48,A1268Y,0.8656,pathogenic,CRB2,1268.0
Q5IJ48,R1269A,0.7899,pathogenic,CRB2,1269.0
Q5IJ48,R1269C,0.8399,pathogenic,CRB2,1269.0
Q5IJ48,R1269D,0.9069,pathogenic,CRB2,1269.0
Q5IJ48,R1269E,0.6528,pathogenic,CRB2,1269.0
Q5IJ48,R1269F,0.8789,pathogenic,CRB2,1269.0
Q5IJ48,R1269G,0.6725,pathogenic,CRB2,1269.0
Q5IJ48,R1269H,0.3932,ambiguous,CRB2,1269.0
Q5IJ48,R1269I,0.7975,pathogenic,CRB2,1269.0
Q5IJ48,R1269K,0.5145,ambiguous,CRB2,1269.0
Q5IJ48,R1269L,0.5874,pathogenic,CRB2,1269.0
Q5IJ48,R1269M,0.8463,pathogenic,CRB2,1269.0
Q5IJ48,R1269N,0.9292,pathogenic,CRB2,1269.0
Q5IJ48,R1269P,0.778,pathogenic,CRB2,1269.0
Q5IJ48,R1269Q,0.2928,benign,CRB2,1269.0
Q5IJ48,R1269S,0.8136,pathogenic,CRB2,1269.0
Q5IJ48,R1269T,0.7622,pathogenic,CRB2,1269.0
Q5IJ48,R1269V,0.7478,pathogenic,CRB2,1269.0
Q5IJ48,R1269W,0.4949,ambiguous,CRB2,1269.0
Q5IJ48,R1269Y,0.8456,pathogenic,CRB2,1269.0
Q5IJ48,L1270A,0.7926,pathogenic,CRB2,1270.0
Q5IJ48,L1270C,0.9867,pathogenic,CRB2,1270.0
Q5IJ48,L1270D,0.973,pathogenic,CRB2,1270.0
Q5IJ48,L1270E,0.7871,pathogenic,CRB2,1270.0
Q5IJ48,L1270F,0.7311,pathogenic,CRB2,1270.0
Q5IJ48,L1270G,0.8808,pathogenic,CRB2,1270.0
Q5IJ48,L1270H,0.9119,pathogenic,CRB2,1270.0
Q5IJ48,L1270I,0.5083,ambiguous,CRB2,1270.0
Q5IJ48,L1270K,0.7793,pathogenic,CRB2,1270.0
Q5IJ48,L1270M,0.3762,ambiguous,CRB2,1270.0
Q5IJ48,L1270N,0.9507,pathogenic,CRB2,1270.0
Q5IJ48,L1270P,0.7663,pathogenic,CRB2,1270.0
Q5IJ48,L1270Q,0.664,pathogenic,CRB2,1270.0
Q5IJ48,L1270R,0.6596,pathogenic,CRB2,1270.0
Q5IJ48,L1270S,0.922,pathogenic,CRB2,1270.0
Q5IJ48,L1270T,0.8148,pathogenic,CRB2,1270.0
Q5IJ48,L1270V,0.4337,ambiguous,CRB2,1270.0
Q5IJ48,L1270W,0.7431,pathogenic,CRB2,1270.0
Q5IJ48,L1270Y,0.9216,pathogenic,CRB2,1270.0
Q5IJ48,E1271A,0.6755,pathogenic,CRB2,1271.0
Q5IJ48,E1271C,0.9914,pathogenic,CRB2,1271.0
Q5IJ48,E1271D,0.788,pathogenic,CRB2,1271.0
Q5IJ48,E1271F,0.9814,pathogenic,CRB2,1271.0
Q5IJ48,E1271G,0.7701,pathogenic,CRB2,1271.0
Q5IJ48,E1271H,0.9261,pathogenic,CRB2,1271.0
Q5IJ48,E1271I,0.9615,pathogenic,CRB2,1271.0
Q5IJ48,E1271K,0.8777,pathogenic,CRB2,1271.0
Q5IJ48,E1271L,0.9058,pathogenic,CRB2,1271.0
Q5IJ48,E1271M,0.9534,pathogenic,CRB2,1271.0
Q5IJ48,E1271N,0.9494,pathogenic,CRB2,1271.0
Q5IJ48,E1271P,0.8849,pathogenic,CRB2,1271.0
Q5IJ48,E1271Q,0.5165,ambiguous,CRB2,1271.0
Q5IJ48,E1271R,0.8145,pathogenic,CRB2,1271.0
Q5IJ48,E1271S,0.8218,pathogenic,CRB2,1271.0
Q5IJ48,E1271T,0.8934,pathogenic,CRB2,1271.0
Q5IJ48,E1271V,0.8558,pathogenic,CRB2,1271.0
Q5IJ48,E1271W,0.9914,pathogenic,CRB2,1271.0
Q5IJ48,E1271Y,0.9718,pathogenic,CRB2,1271.0
Q5IJ48,M1272A,0.9241,pathogenic,CRB2,1272.0
Q5IJ48,M1272C,0.9954,pathogenic,CRB2,1272.0
Q5IJ48,M1272D,0.9691,pathogenic,CRB2,1272.0
Q5IJ48,M1272E,0.9034,pathogenic,CRB2,1272.0
Q5IJ48,M1272F,0.8165,pathogenic,CRB2,1272.0
Q5IJ48,M1272G,0.9389,pathogenic,CRB2,1272.0
Q5IJ48,M1272H,0.9704,pathogenic,CRB2,1272.0
Q5IJ48,M1272I,0.9465,pathogenic,CRB2,1272.0
Q5IJ48,M1272K,0.8787,pathogenic,CRB2,1272.0
Q5IJ48,M1272L,0.5839,pathogenic,CRB2,1272.0
Q5IJ48,M1272N,0.9524,pathogenic,CRB2,1272.0
Q5IJ48,M1272P,0.961,pathogenic,CRB2,1272.0
Q5IJ48,M1272Q,0.8516,pathogenic,CRB2,1272.0
Q5IJ48,M1272R,0.864,pathogenic,CRB2,1272.0
Q5IJ48,M1272S,0.936,pathogenic,CRB2,1272.0
Q5IJ48,M1272T,0.8945,pathogenic,CRB2,1272.0
Q5IJ48,M1272V,0.5361,ambiguous,CRB2,1272.0
Q5IJ48,M1272W,0.9468,pathogenic,CRB2,1272.0
Q5IJ48,M1272Y,0.9412,pathogenic,CRB2,1272.0
Q5IJ48,D1273A,0.7129,pathogenic,CRB2,1273.0
Q5IJ48,D1273C,0.9901,pathogenic,CRB2,1273.0
Q5IJ48,D1273E,0.686,pathogenic,CRB2,1273.0
Q5IJ48,D1273F,0.9565,pathogenic,CRB2,1273.0
Q5IJ48,D1273G,0.6099,pathogenic,CRB2,1273.0
Q5IJ48,D1273H,0.8906,pathogenic,CRB2,1273.0
Q5IJ48,D1273I,0.9622,pathogenic,CRB2,1273.0
Q5IJ48,D1273K,0.9494,pathogenic,CRB2,1273.0
Q5IJ48,D1273L,0.9129,pathogenic,CRB2,1273.0
Q5IJ48,D1273M,0.9843,pathogenic,CRB2,1273.0
Q5IJ48,D1273N,0.6717,pathogenic,CRB2,1273.0
Q5IJ48,D1273P,0.9195,pathogenic,CRB2,1273.0
Q5IJ48,D1273Q,0.9024,pathogenic,CRB2,1273.0
Q5IJ48,D1273R,0.9097,pathogenic,CRB2,1273.0
Q5IJ48,D1273S,0.6854,pathogenic,CRB2,1273.0
Q5IJ48,D1273T,0.8965,pathogenic,CRB2,1273.0
Q5IJ48,D1273V,0.852,pathogenic,CRB2,1273.0
Q5IJ48,D1273W,0.9863,pathogenic,CRB2,1273.0
Q5IJ48,D1273Y,0.775,pathogenic,CRB2,1273.0
Q5IJ48,S1274A,0.2699,benign,CRB2,1274.0
Q5IJ48,S1274C,0.7586,pathogenic,CRB2,1274.0
Q5IJ48,S1274D,0.7908,pathogenic,CRB2,1274.0
Q5IJ48,S1274E,0.8407,pathogenic,CRB2,1274.0
Q5IJ48,S1274F,0.8132,pathogenic,CRB2,1274.0
Q5IJ48,S1274G,0.3466,ambiguous,CRB2,1274.0
Q5IJ48,S1274H,0.856,pathogenic,CRB2,1274.0
Q5IJ48,S1274I,0.78,pathogenic,CRB2,1274.0
Q5IJ48,S1274K,0.9765,pathogenic,CRB2,1274.0
Q5IJ48,S1274L,0.6232,pathogenic,CRB2,1274.0
Q5IJ48,S1274M,0.7681,pathogenic,CRB2,1274.0
Q5IJ48,S1274N,0.6722,pathogenic,CRB2,1274.0
Q5IJ48,S1274P,0.7582,pathogenic,CRB2,1274.0
Q5IJ48,S1274Q,0.8966,pathogenic,CRB2,1274.0
Q5IJ48,S1274R,0.9389,pathogenic,CRB2,1274.0
Q5IJ48,S1274T,0.2902,benign,CRB2,1274.0
Q5IJ48,S1274V,0.7374,pathogenic,CRB2,1274.0
Q5IJ48,S1274W,0.7698,pathogenic,CRB2,1274.0
Q5IJ48,S1274Y,0.7357,pathogenic,CRB2,1274.0
Q5IJ48,V1275A,0.6274,pathogenic,CRB2,1275.0
Q5IJ48,V1275C,0.9751,pathogenic,CRB2,1275.0
Q5IJ48,V1275D,0.8101,pathogenic,CRB2,1275.0
Q5IJ48,V1275E,0.6567,pathogenic,CRB2,1275.0
Q5IJ48,V1275F,0.468,ambiguous,CRB2,1275.0
Q5IJ48,V1275G,0.665,pathogenic,CRB2,1275.0
Q5IJ48,V1275H,0.9088,pathogenic,CRB2,1275.0
Q5IJ48,V1275I,0.2058,benign,CRB2,1275.0
Q5IJ48,V1275K,0.8423,pathogenic,CRB2,1275.0
Q5IJ48,V1275L,0.5562,ambiguous,CRB2,1275.0
Q5IJ48,V1275M,0.5839,pathogenic,CRB2,1275.0
Q5IJ48,V1275N,0.837,pathogenic,CRB2,1275.0
Q5IJ48,V1275P,0.7658,pathogenic,CRB2,1275.0
Q5IJ48,V1275Q,0.7099,pathogenic,CRB2,1275.0
Q5IJ48,V1275R,0.6495,pathogenic,CRB2,1275.0
Q5IJ48,V1275S,0.6834,pathogenic,CRB2,1275.0
Q5IJ48,V1275T,0.7039,pathogenic,CRB2,1275.0
Q5IJ48,V1275W,0.9571,pathogenic,CRB2,1275.0
Q5IJ48,V1275Y,0.8734,pathogenic,CRB2,1275.0
Q5IJ48,L1276A,0.8139,pathogenic,CRB2,1276.0
Q5IJ48,L1276C,0.9686,pathogenic,CRB2,1276.0
Q5IJ48,L1276D,0.9749,pathogenic,CRB2,1276.0
Q5IJ48,L1276E,0.821,pathogenic,CRB2,1276.0
Q5IJ48,L1276F,0.6898,pathogenic,CRB2,1276.0
Q5IJ48,L1276G,0.9008,pathogenic,CRB2,1276.0
Q5IJ48,L1276H,0.8862,pathogenic,CRB2,1276.0
Q5IJ48,L1276I,0.4573,ambiguous,CRB2,1276.0
Q5IJ48,L1276K,0.7841,pathogenic,CRB2,1276.0
Q5IJ48,L1276M,0.4992,ambiguous,CRB2,1276.0
Q5IJ48,L1276N,0.9461,pathogenic,CRB2,1276.0
Q5IJ48,L1276P,0.77,pathogenic,CRB2,1276.0
Q5IJ48,L1276Q,0.6462,pathogenic,CRB2,1276.0
Q5IJ48,L1276R,0.5708,pathogenic,CRB2,1276.0
Q5IJ48,L1276S,0.9199,pathogenic,CRB2,1276.0
Q5IJ48,L1276T,0.8527,pathogenic,CRB2,1276.0
Q5IJ48,L1276V,0.4578,ambiguous,CRB2,1276.0
Q5IJ48,L1276W,0.7,pathogenic,CRB2,1276.0
Q5IJ48,L1276Y,0.906,pathogenic,CRB2,1276.0
Q5IJ48,K1277A,0.7895,pathogenic,CRB2,1277.0
Q5IJ48,K1277C,0.9743,pathogenic,CRB2,1277.0
Q5IJ48,K1277D,0.901,pathogenic,CRB2,1277.0
Q5IJ48,K1277E,0.6688,pathogenic,CRB2,1277.0
Q5IJ48,K1277F,0.9753,pathogenic,CRB2,1277.0
Q5IJ48,K1277G,0.8755,pathogenic,CRB2,1277.0
Q5IJ48,K1277H,0.7263,pathogenic,CRB2,1277.0
Q5IJ48,K1277I,0.9012,pathogenic,CRB2,1277.0
Q5IJ48,K1277L,0.7959,pathogenic,CRB2,1277.0
Q5IJ48,K1277M,0.777,pathogenic,CRB2,1277.0
Q5IJ48,K1277N,0.9064,pathogenic,CRB2,1277.0
Q5IJ48,K1277P,0.8223,pathogenic,CRB2,1277.0
Q5IJ48,K1277Q,0.5042,ambiguous,CRB2,1277.0
Q5IJ48,K1277R,0.1901,benign,CRB2,1277.0
Q5IJ48,K1277S,0.8855,pathogenic,CRB2,1277.0
Q5IJ48,K1277T,0.6994,pathogenic,CRB2,1277.0
Q5IJ48,K1277V,0.8421,pathogenic,CRB2,1277.0
Q5IJ48,K1277W,0.9563,pathogenic,CRB2,1277.0
Q5IJ48,K1277Y,0.9238,pathogenic,CRB2,1277.0
Q5IJ48,V1278A,0.6568,pathogenic,CRB2,1278.0
Q5IJ48,V1278C,0.9811,pathogenic,CRB2,1278.0
Q5IJ48,V1278D,0.7001,pathogenic,CRB2,1278.0
Q5IJ48,V1278E,0.5829,pathogenic,CRB2,1278.0
Q5IJ48,V1278F,0.5567,ambiguous,CRB2,1278.0
Q5IJ48,V1278G,0.4813,ambiguous,CRB2,1278.0
Q5IJ48,V1278H,0.9138,pathogenic,CRB2,1278.0
Q5IJ48,V1278I,0.2308,benign,CRB2,1278.0
Q5IJ48,V1278K,0.8087,pathogenic,CRB2,1278.0
Q5IJ48,V1278L,0.6035,pathogenic,CRB2,1278.0
Q5IJ48,V1278M,0.6897,pathogenic,CRB2,1278.0
Q5IJ48,V1278N,0.7506,pathogenic,CRB2,1278.0
Q5IJ48,V1278P,0.6443,pathogenic,CRB2,1278.0
Q5IJ48,V1278Q,0.7485,pathogenic,CRB2,1278.0
Q5IJ48,V1278R,0.6997,pathogenic,CRB2,1278.0
Q5IJ48,V1278S,0.7094,pathogenic,CRB2,1278.0
Q5IJ48,V1278T,0.7405,pathogenic,CRB2,1278.0
Q5IJ48,V1278W,0.9576,pathogenic,CRB2,1278.0
Q5IJ48,V1278Y,0.8321,pathogenic,CRB2,1278.0
Q5IJ48,P1279A,0.2426,benign,CRB2,1279.0
Q5IJ48,P1279C,0.9335,pathogenic,CRB2,1279.0
Q5IJ48,P1279D,0.8201,pathogenic,CRB2,1279.0
Q5IJ48,P1279E,0.6073,pathogenic,CRB2,1279.0
Q5IJ48,P1279F,0.8309,pathogenic,CRB2,1279.0
Q5IJ48,P1279G,0.7089,pathogenic,CRB2,1279.0
Q5IJ48,P1279H,0.5994,pathogenic,CRB2,1279.0
Q5IJ48,P1279I,0.754,pathogenic,CRB2,1279.0
Q5IJ48,P1279K,0.7525,pathogenic,CRB2,1279.0
Q5IJ48,P1279L,0.3606,ambiguous,CRB2,1279.0
Q5IJ48,P1279M,0.7786,pathogenic,CRB2,1279.0
Q5IJ48,P1279N,0.8443,pathogenic,CRB2,1279.0
Q5IJ48,P1279Q,0.4649,ambiguous,CRB2,1279.0
Q5IJ48,P1279R,0.4472,ambiguous,CRB2,1279.0
Q5IJ48,P1279S,0.397,ambiguous,CRB2,1279.0
Q5IJ48,P1279T,0.4267,ambiguous,CRB2,1279.0
Q5IJ48,P1279V,0.5651,pathogenic,CRB2,1279.0
Q5IJ48,P1279W,0.8966,pathogenic,CRB2,1279.0
Q5IJ48,P1279Y,0.8433,pathogenic,CRB2,1279.0
Q5IJ48,P1280A,0.1796,benign,CRB2,1280.0
Q5IJ48,P1280C,0.9371,pathogenic,CRB2,1280.0
Q5IJ48,P1280D,0.7966,pathogenic,CRB2,1280.0
Q5IJ48,P1280E,0.4362,ambiguous,CRB2,1280.0
Q5IJ48,P1280F,0.9117,pathogenic,CRB2,1280.0
Q5IJ48,P1280G,0.6481,pathogenic,CRB2,1280.0
Q5IJ48,P1280H,0.6442,pathogenic,CRB2,1280.0
Q5IJ48,P1280I,0.8211,pathogenic,CRB2,1280.0
Q5IJ48,P1280K,0.683,pathogenic,CRB2,1280.0
Q5IJ48,P1280L,0.4187,ambiguous,CRB2,1280.0
Q5IJ48,P1280M,0.7805,pathogenic,CRB2,1280.0
Q5IJ48,P1280N,0.8758,pathogenic,CRB2,1280.0
Q5IJ48,P1280Q,0.399,ambiguous,CRB2,1280.0
Q5IJ48,P1280R,0.3602,ambiguous,CRB2,1280.0
Q5IJ48,P1280S,0.3683,ambiguous,CRB2,1280.0
Q5IJ48,P1280T,0.3749,ambiguous,CRB2,1280.0
Q5IJ48,P1280V,0.5411,ambiguous,CRB2,1280.0
Q5IJ48,P1280W,0.8866,pathogenic,CRB2,1280.0
Q5IJ48,P1280Y,0.8957,pathogenic,CRB2,1280.0
Q5IJ48,E1281A,0.4949,ambiguous,CRB2,1281.0
Q5IJ48,E1281C,0.9914,pathogenic,CRB2,1281.0
Q5IJ48,E1281D,0.7004,pathogenic,CRB2,1281.0
Q5IJ48,E1281F,0.9892,pathogenic,CRB2,1281.0
Q5IJ48,E1281G,0.5354,ambiguous,CRB2,1281.0
Q5IJ48,E1281H,0.9173,pathogenic,CRB2,1281.0
Q5IJ48,E1281I,0.9476,pathogenic,CRB2,1281.0
Q5IJ48,E1281K,0.555,ambiguous,CRB2,1281.0
Q5IJ48,E1281L,0.9044,pathogenic,CRB2,1281.0
Q5IJ48,E1281M,0.9395,pathogenic,CRB2,1281.0
Q5IJ48,E1281N,0.9322,pathogenic,CRB2,1281.0
Q5IJ48,E1281P,0.8005,pathogenic,CRB2,1281.0
Q5IJ48,E1281Q,0.3951,ambiguous,CRB2,1281.0
Q5IJ48,E1281R,0.5877,pathogenic,CRB2,1281.0
Q5IJ48,E1281S,0.6991,pathogenic,CRB2,1281.0
Q5IJ48,E1281T,0.7827,pathogenic,CRB2,1281.0
Q5IJ48,E1281V,0.7932,pathogenic,CRB2,1281.0
Q5IJ48,E1281W,0.986,pathogenic,CRB2,1281.0
Q5IJ48,E1281Y,0.9739,pathogenic,CRB2,1281.0
Q5IJ48,E1282A,0.7015,pathogenic,CRB2,1282.0
Q5IJ48,E1282C,0.991,pathogenic,CRB2,1282.0
Q5IJ48,E1282D,0.6633,pathogenic,CRB2,1282.0
Q5IJ48,E1282F,0.9879,pathogenic,CRB2,1282.0
Q5IJ48,E1282G,0.6446,pathogenic,CRB2,1282.0
Q5IJ48,E1282H,0.9477,pathogenic,CRB2,1282.0
Q5IJ48,E1282I,0.948,pathogenic,CRB2,1282.0
Q5IJ48,E1282K,0.7528,pathogenic,CRB2,1282.0
Q5IJ48,E1282L,0.9379,pathogenic,CRB2,1282.0
Q5IJ48,E1282M,0.9496,pathogenic,CRB2,1282.0
Q5IJ48,E1282N,0.9054,pathogenic,CRB2,1282.0
Q5IJ48,E1282P,0.9297,pathogenic,CRB2,1282.0
Q5IJ48,E1282Q,0.5788,pathogenic,CRB2,1282.0
Q5IJ48,E1282R,0.7785,pathogenic,CRB2,1282.0
Q5IJ48,E1282S,0.8374,pathogenic,CRB2,1282.0
Q5IJ48,E1282T,0.8782,pathogenic,CRB2,1282.0
Q5IJ48,E1282V,0.8375,pathogenic,CRB2,1282.0
Q5IJ48,E1282W,0.9899,pathogenic,CRB2,1282.0
Q5IJ48,E1282Y,0.956,pathogenic,CRB2,1282.0
Q5IJ48,R1283A,0.819,pathogenic,CRB2,1283.0
Q5IJ48,R1283C,0.808,pathogenic,CRB2,1283.0
Q5IJ48,R1283D,0.8567,pathogenic,CRB2,1283.0
Q5IJ48,R1283E,0.562,ambiguous,CRB2,1283.0
Q5IJ48,R1283F,0.9008,pathogenic,CRB2,1283.0
Q5IJ48,R1283G,0.6721,pathogenic,CRB2,1283.0
Q5IJ48,R1283H,0.4544,ambiguous,CRB2,1283.0
Q5IJ48,R1283I,0.7497,pathogenic,CRB2,1283.0
Q5IJ48,R1283K,0.4888,ambiguous,CRB2,1283.0
Q5IJ48,R1283L,0.6061,pathogenic,CRB2,1283.0
Q5IJ48,R1283M,0.8297,pathogenic,CRB2,1283.0
Q5IJ48,R1283N,0.8864,pathogenic,CRB2,1283.0
Q5IJ48,R1283P,0.8349,pathogenic,CRB2,1283.0
Q5IJ48,R1283Q,0.3644,ambiguous,CRB2,1283.0
Q5IJ48,R1283S,0.8781,pathogenic,CRB2,1283.0
Q5IJ48,R1283T,0.7714,pathogenic,CRB2,1283.0
Q5IJ48,R1283V,0.7722,pathogenic,CRB2,1283.0
Q5IJ48,R1283W,0.5271,ambiguous,CRB2,1283.0
Q5IJ48,R1283Y,0.7875,pathogenic,CRB2,1283.0
Q5IJ48,L1284A,0.7229,pathogenic,CRB2,1284.0
Q5IJ48,L1284C,0.945,pathogenic,CRB2,1284.0
Q5IJ48,L1284D,0.9392,pathogenic,CRB2,1284.0
Q5IJ48,L1284E,0.7381,pathogenic,CRB2,1284.0
Q5IJ48,L1284F,0.5678,pathogenic,CRB2,1284.0
Q5IJ48,L1284G,0.8694,pathogenic,CRB2,1284.0
Q5IJ48,L1284H,0.8258,pathogenic,CRB2,1284.0
Q5IJ48,L1284I,0.3825,ambiguous,CRB2,1284.0
Q5IJ48,L1284K,0.7314,pathogenic,CRB2,1284.0
Q5IJ48,L1284M,0.4398,ambiguous,CRB2,1284.0
Q5IJ48,L1284N,0.8905,pathogenic,CRB2,1284.0
Q5IJ48,L1284P,0.734,pathogenic,CRB2,1284.0
Q5IJ48,L1284Q,0.5901,pathogenic,CRB2,1284.0
Q5IJ48,L1284R,0.4995,ambiguous,CRB2,1284.0
Q5IJ48,L1284S,0.8884,pathogenic,CRB2,1284.0
Q5IJ48,L1284T,0.7873,pathogenic,CRB2,1284.0
Q5IJ48,L1284V,0.3203,benign,CRB2,1284.0
Q5IJ48,L1284W,0.6842,pathogenic,CRB2,1284.0
Q5IJ48,L1284Y,0.8395,pathogenic,CRB2,1284.0
Q5IJ48,I1285A,0.8085,pathogenic,CRB2,1285.0
Q5IJ48,I1285C,0.9749,pathogenic,CRB2,1285.0
Q5IJ48,I1285D,0.9465,pathogenic,CRB2,1285.0
Q5IJ48,I1285E,0.8551,pathogenic,CRB2,1285.0
Q5IJ48,I1285F,0.4705,ambiguous,CRB2,1285.0
Q5IJ48,I1285G,0.9167,pathogenic,CRB2,1285.0
Q5IJ48,I1285H,0.8711,pathogenic,CRB2,1285.0
Q5IJ48,I1285K,0.8231,pathogenic,CRB2,1285.0
Q5IJ48,I1285L,0.296,benign,CRB2,1285.0
Q5IJ48,I1285M,0.4369,ambiguous,CRB2,1285.0
Q5IJ48,I1285N,0.8623,pathogenic,CRB2,1285.0
Q5IJ48,I1285P,0.8042,pathogenic,CRB2,1285.0
Q5IJ48,I1285Q,0.7738,pathogenic,CRB2,1285.0
Q5IJ48,I1285R,0.694,pathogenic,CRB2,1285.0
Q5IJ48,I1285S,0.7881,pathogenic,CRB2,1285.0
Q5IJ48,I1285T,0.834,pathogenic,CRB2,1285.0
Q5IJ48,I1285V,0.4543,ambiguous,CRB2,1285.0
Q5IJ48,I1285W,0.8778,pathogenic,CRB2,1285.0
Q5IJ48,I1285Y,0.8164,pathogenic,CRB2,1285.0
