uniprot,protein_variant,am_pathogenicity,am_class,gene,resnum
Q07973,M1A,0.3986,ambiguous,CYP24A1,1.0
Q07973,M1C,0.2842,benign,CYP24A1,1.0
Q07973,M1D,0.7991,pathogenic,CYP24A1,1.0
Q07973,M1E,0.6277,pathogenic,CYP24A1,1.0
Q07973,M1F,0.182,benign,CYP24A1,1.0
Q07973,M1G,0.5043,ambiguous,CYP24A1,1.0
Q07973,M1H,0.4988,ambiguous,CYP24A1,1.0
Q07973,M1I,0.3753,ambiguous,CYP24A1,1.0
Q07973,M1K,0.3129,benign,CYP24A1,1.0
Q07973,M1L,0.1688,benign,CYP24A1,1.0
Q07973,M1N,0.5902,pathogenic,CYP24A1,1.0
Q07973,M1P,0.3997,ambiguous,CYP24A1,1.0
Q07973,M1Q,0.2573,benign,CYP24A1,1.0
Q07973,M1R,0.2352,benign,CYP24A1,1.0
Q07973,M1S,0.4096,ambiguous,CYP24A1,1.0
Q07973,M1T,0.4161,ambiguous,CYP24A1,1.0
Q07973,M1V,0.1184,benign,CYP24A1,1.0
Q07973,M1W,0.3422,ambiguous,CYP24A1,1.0
Q07973,M1Y,0.4002,ambiguous,CYP24A1,1.0
Q07973,S2A,0.0746,benign,CYP24A1,2.0
Q07973,S2C,0.0868,benign,CYP24A1,2.0
Q07973,S2D,0.1664,benign,CYP24A1,2.0
Q07973,S2E,0.2031,benign,CYP24A1,2.0
Q07973,S2F,0.118,benign,CYP24A1,2.0
Q07973,S2G,0.0826,benign,CYP24A1,2.0
Q07973,S2H,0.1517,benign,CYP24A1,2.0
Q07973,S2I,0.1181,benign,CYP24A1,2.0
Q07973,S2K,0.203,benign,CYP24A1,2.0
Q07973,S2L,0.1427,benign,CYP24A1,2.0
Q07973,S2M,0.1991,benign,CYP24A1,2.0
Q07973,S2N,0.1024,benign,CYP24A1,2.0
Q07973,S2P,0.0812,benign,CYP24A1,2.0
Q07973,S2Q,0.1974,benign,CYP24A1,2.0
Q07973,S2R,0.1551,benign,CYP24A1,2.0
Q07973,S2T,0.075,benign,CYP24A1,2.0
Q07973,S2V,0.1432,benign,CYP24A1,2.0
Q07973,S2W,0.1729,benign,CYP24A1,2.0
Q07973,S2Y,0.106,benign,CYP24A1,2.0
Q07973,S3A,0.069,benign,CYP24A1,3.0
Q07973,S3C,0.0645,benign,CYP24A1,3.0
Q07973,S3D,0.164,benign,CYP24A1,3.0
Q07973,S3E,0.2072,benign,CYP24A1,3.0
Q07973,S3F,0.0763,benign,CYP24A1,3.0
Q07973,S3G,0.0783,benign,CYP24A1,3.0
Q07973,S3H,0.1394,benign,CYP24A1,3.0
Q07973,S3I,0.0998,benign,CYP24A1,3.0
Q07973,S3K,0.2331,benign,CYP24A1,3.0
Q07973,S3L,0.0946,benign,CYP24A1,3.0
Q07973,S3M,0.1896,benign,CYP24A1,3.0
Q07973,S3N,0.1126,benign,CYP24A1,3.0
Q07973,S3P,0.0745,benign,CYP24A1,3.0
Q07973,S3Q,0.2035,benign,CYP24A1,3.0
Q07973,S3R,0.1705,benign,CYP24A1,3.0
Q07973,S3T,0.0768,benign,CYP24A1,3.0
Q07973,S3V,0.1027,benign,CYP24A1,3.0
Q07973,S3W,0.1294,benign,CYP24A1,3.0
Q07973,S3Y,0.0842,benign,CYP24A1,3.0
Q07973,P4A,0.0572,benign,CYP24A1,4.0
Q07973,P4C,0.1578,benign,CYP24A1,4.0
Q07973,P4D,0.1441,benign,CYP24A1,4.0
Q07973,P4E,0.1133,benign,CYP24A1,4.0
Q07973,P4F,0.1596,benign,CYP24A1,4.0
Q07973,P4G,0.1103,benign,CYP24A1,4.0
Q07973,P4H,0.0852,benign,CYP24A1,4.0
Q07973,P4I,0.1342,benign,CYP24A1,4.0
Q07973,P4K,0.1225,benign,CYP24A1,4.0
Q07973,P4L,0.0957,benign,CYP24A1,4.0
Q07973,P4M,0.2007,benign,CYP24A1,4.0
Q07973,P4N,0.1351,benign,CYP24A1,4.0
Q07973,P4Q,0.0839,benign,CYP24A1,4.0
Q07973,P4R,0.0652,benign,CYP24A1,4.0
Q07973,P4S,0.0694,benign,CYP24A1,4.0
Q07973,P4T,0.0676,benign,CYP24A1,4.0
Q07973,P4V,0.1058,benign,CYP24A1,4.0
Q07973,P4W,0.1872,benign,CYP24A1,4.0
Q07973,P4Y,0.1483,benign,CYP24A1,4.0
Q07973,I5A,0.086,benign,CYP24A1,5.0
Q07973,I5C,0.1938,benign,CYP24A1,5.0
Q07973,I5D,0.1609,benign,CYP24A1,5.0
Q07973,I5E,0.1525,benign,CYP24A1,5.0
Q07973,I5F,0.0606,benign,CYP24A1,5.0
Q07973,I5G,0.1415,benign,CYP24A1,5.0
Q07973,I5H,0.1347,benign,CYP24A1,5.0
Q07973,I5K,0.1142,benign,CYP24A1,5.0
Q07973,I5L,0.0634,benign,CYP24A1,5.0
Q07973,I5M,0.0799,benign,CYP24A1,5.0
Q07973,I5N,0.0877,benign,CYP24A1,5.0
Q07973,I5P,0.1165,benign,CYP24A1,5.0
Q07973,I5Q,0.1232,benign,CYP24A1,5.0
Q07973,I5R,0.0748,benign,CYP24A1,5.0
Q07973,I5S,0.0835,benign,CYP24A1,5.0
Q07973,I5T,0.1068,benign,CYP24A1,5.0
Q07973,I5V,0.06,benign,CYP24A1,5.0
Q07973,I5W,0.2334,benign,CYP24A1,5.0
Q07973,I5Y,0.1498,benign,CYP24A1,5.0
Q07973,S6A,0.0698,benign,CYP24A1,6.0
Q07973,S6C,0.0652,benign,CYP24A1,6.0
Q07973,S6D,0.104,benign,CYP24A1,6.0
Q07973,S6E,0.1166,benign,CYP24A1,6.0
Q07973,S6F,0.1256,benign,CYP24A1,6.0
Q07973,S6G,0.0503,benign,CYP24A1,6.0
Q07973,S6H,0.1039,benign,CYP24A1,6.0
Q07973,S6I,0.1032,benign,CYP24A1,6.0
Q07973,S6K,0.13,benign,CYP24A1,6.0
Q07973,S6L,0.1025,benign,CYP24A1,6.0
Q07973,S6M,0.1795,benign,CYP24A1,6.0
Q07973,S6N,0.0837,benign,CYP24A1,6.0
Q07973,S6P,0.0732,benign,CYP24A1,6.0
Q07973,S6Q,0.1192,benign,CYP24A1,6.0
Q07973,S6R,0.0899,benign,CYP24A1,6.0
Q07973,S6T,0.0733,benign,CYP24A1,6.0
Q07973,S6V,0.1057,benign,CYP24A1,6.0
Q07973,S6W,0.1138,benign,CYP24A1,6.0
Q07973,S6Y,0.0999,benign,CYP24A1,6.0
Q07973,K7A,0.1138,benign,CYP24A1,7.0
Q07973,K7C,0.2577,benign,CYP24A1,7.0
Q07973,K7D,0.1634,benign,CYP24A1,7.0
Q07973,K7E,0.0858,benign,CYP24A1,7.0
Q07973,K7F,0.2768,benign,CYP24A1,7.0
Q07973,K7G,0.1093,benign,CYP24A1,7.0
Q07973,K7H,0.1387,benign,CYP24A1,7.0
Q07973,K7I,0.1689,benign,CYP24A1,7.0
Q07973,K7L,0.1603,benign,CYP24A1,7.0
Q07973,K7M,0.1529,benign,CYP24A1,7.0
Q07973,K7N,0.1456,benign,CYP24A1,7.0
Q07973,K7P,0.1292,benign,CYP24A1,7.0
Q07973,K7Q,0.0847,benign,CYP24A1,7.0
Q07973,K7R,0.0578,benign,CYP24A1,7.0
Q07973,K7S,0.1239,benign,CYP24A1,7.0
Q07973,K7T,0.0899,benign,CYP24A1,7.0
Q07973,K7V,0.1505,benign,CYP24A1,7.0
Q07973,K7W,0.3025,benign,CYP24A1,7.0
Q07973,K7Y,0.2241,benign,CYP24A1,7.0
Q07973,S8A,0.0805,benign,CYP24A1,8.0
Q07973,S8C,0.0794,benign,CYP24A1,8.0
Q07973,S8D,0.1467,benign,CYP24A1,8.0
Q07973,S8E,0.1581,benign,CYP24A1,8.0
Q07973,S8F,0.1186,benign,CYP24A1,8.0
Q07973,S8G,0.0728,benign,CYP24A1,8.0
Q07973,S8H,0.1272,benign,CYP24A1,8.0
Q07973,S8I,0.1171,benign,CYP24A1,8.0
Q07973,S8K,0.1605,benign,CYP24A1,8.0
Q07973,S8L,0.122,benign,CYP24A1,8.0
Q07973,S8M,0.1881,benign,CYP24A1,8.0
Q07973,S8N,0.0881,benign,CYP24A1,8.0
Q07973,S8P,0.0667,benign,CYP24A1,8.0
Q07973,S8Q,0.1601,benign,CYP24A1,8.0
Q07973,S8R,0.1253,benign,CYP24A1,8.0
Q07973,S8T,0.0784,benign,CYP24A1,8.0
Q07973,S8V,0.1199,benign,CYP24A1,8.0
Q07973,S8W,0.1283,benign,CYP24A1,8.0
Q07973,S8Y,0.0962,benign,CYP24A1,8.0
Q07973,R9A,0.112,benign,CYP24A1,9.0
Q07973,R9C,0.1002,benign,CYP24A1,9.0
Q07973,R9D,0.1855,benign,CYP24A1,9.0
Q07973,R9E,0.1482,benign,CYP24A1,9.0
Q07973,R9F,0.1625,benign,CYP24A1,9.0
Q07973,R9G,0.0751,benign,CYP24A1,9.0
Q07973,R9H,0.0925,benign,CYP24A1,9.0
Q07973,R9I,0.1308,benign,CYP24A1,9.0
Q07973,R9K,0.1021,benign,CYP24A1,9.0
Q07973,R9L,0.1019,benign,CYP24A1,9.0
Q07973,R9M,0.2027,benign,CYP24A1,9.0
Q07973,R9N,0.1938,benign,CYP24A1,9.0
Q07973,R9P,0.0916,benign,CYP24A1,9.0
Q07973,R9Q,0.0873,benign,CYP24A1,9.0
Q07973,R9S,0.1353,benign,CYP24A1,9.0
Q07973,R9T,0.1179,benign,CYP24A1,9.0
Q07973,R9V,0.1404,benign,CYP24A1,9.0
Q07973,R9W,0.1057,benign,CYP24A1,9.0
Q07973,R9Y,0.1534,benign,CYP24A1,9.0
Q07973,S10A,0.0722,benign,CYP24A1,10.0
Q07973,S10C,0.0843,benign,CYP24A1,10.0
Q07973,S10D,0.1701,benign,CYP24A1,10.0
Q07973,S10E,0.1816,benign,CYP24A1,10.0
Q07973,S10F,0.0964,benign,CYP24A1,10.0
Q07973,S10G,0.0842,benign,CYP24A1,10.0
Q07973,S10H,0.1297,benign,CYP24A1,10.0
Q07973,S10I,0.1226,benign,CYP24A1,10.0
Q07973,S10K,0.2312,benign,CYP24A1,10.0
Q07973,S10L,0.0986,benign,CYP24A1,10.0
Q07973,S10M,0.2001,benign,CYP24A1,10.0
Q07973,S10N,0.1218,benign,CYP24A1,10.0
Q07973,S10P,0.0562,benign,CYP24A1,10.0
Q07973,S10Q,0.1743,benign,CYP24A1,10.0
Q07973,S10R,0.169,benign,CYP24A1,10.0
Q07973,S10T,0.081,benign,CYP24A1,10.0
Q07973,S10V,0.1111,benign,CYP24A1,10.0
Q07973,S10W,0.1253,benign,CYP24A1,10.0
Q07973,S10Y,0.0919,benign,CYP24A1,10.0
Q07973,L11A,0.0869,benign,CYP24A1,11.0
Q07973,L11C,0.2252,benign,CYP24A1,11.0
Q07973,L11D,0.3617,ambiguous,CYP24A1,11.0
Q07973,L11E,0.1975,benign,CYP24A1,11.0
Q07973,L11F,0.0703,benign,CYP24A1,11.0
Q07973,L11G,0.1799,benign,CYP24A1,11.0
Q07973,L11H,0.15,benign,CYP24A1,11.0
Q07973,L11I,0.0813,benign,CYP24A1,11.0
Q07973,L11K,0.1545,benign,CYP24A1,11.0
Q07973,L11M,0.1105,benign,CYP24A1,11.0
Q07973,L11N,0.279,benign,CYP24A1,11.0
Q07973,L11P,0.0832,benign,CYP24A1,11.0
Q07973,L11Q,0.1207,benign,CYP24A1,11.0
Q07973,L11R,0.0868,benign,CYP24A1,11.0
Q07973,L11S,0.1289,benign,CYP24A1,11.0
Q07973,L11T,0.1154,benign,CYP24A1,11.0
Q07973,L11V,0.0704,benign,CYP24A1,11.0
Q07973,L11W,0.0902,benign,CYP24A1,11.0
Q07973,L11Y,0.1879,benign,CYP24A1,11.0
Q07973,A12C,0.293,benign,CYP24A1,12.0
Q07973,A12D,0.1381,benign,CYP24A1,12.0
Q07973,A12E,0.1161,benign,CYP24A1,12.0
Q07973,A12F,0.1621,benign,CYP24A1,12.0
Q07973,A12G,0.0912,benign,CYP24A1,12.0
Q07973,A12H,0.226,benign,CYP24A1,12.0
Q07973,A12I,0.1527,benign,CYP24A1,12.0
Q07973,A12K,0.1707,benign,CYP24A1,12.0
Q07973,A12L,0.1032,benign,CYP24A1,12.0
Q07973,A12M,0.1676,benign,CYP24A1,12.0
Q07973,A12N,0.1743,benign,CYP24A1,12.0
Q07973,A12P,0.093,benign,CYP24A1,12.0
Q07973,A12Q,0.1657,benign,CYP24A1,12.0
Q07973,A12R,0.148,benign,CYP24A1,12.0
Q07973,A12S,0.0917,benign,CYP24A1,12.0
Q07973,A12T,0.0866,benign,CYP24A1,12.0
Q07973,A12V,0.0914,benign,CYP24A1,12.0
Q07973,A12W,0.3001,benign,CYP24A1,12.0
Q07973,A12Y,0.2152,benign,CYP24A1,12.0
Q07973,A13C,0.2244,benign,CYP24A1,13.0
Q07973,A13D,0.1299,benign,CYP24A1,13.0
Q07973,A13E,0.1495,benign,CYP24A1,13.0
Q07973,A13F,0.14,benign,CYP24A1,13.0
Q07973,A13G,0.0844,benign,CYP24A1,13.0
Q07973,A13H,0.21,benign,CYP24A1,13.0
Q07973,A13I,0.1476,benign,CYP24A1,13.0
Q07973,A13K,0.1969,benign,CYP24A1,13.0
Q07973,A13L,0.1093,benign,CYP24A1,13.0
Q07973,A13M,0.192,benign,CYP24A1,13.0
Q07973,A13N,0.1604,benign,CYP24A1,13.0
Q07973,A13P,0.0983,benign,CYP24A1,13.0
Q07973,A13Q,0.1871,benign,CYP24A1,13.0
Q07973,A13R,0.1429,benign,CYP24A1,13.0
Q07973,A13S,0.0869,benign,CYP24A1,13.0
Q07973,A13T,0.0845,benign,CYP24A1,13.0
Q07973,A13V,0.0916,benign,CYP24A1,13.0
Q07973,A13W,0.2758,benign,CYP24A1,13.0
Q07973,A13Y,0.1852,benign,CYP24A1,13.0
Q07973,F14A,0.1876,benign,CYP24A1,14.0
Q07973,F14C,0.1503,benign,CYP24A1,14.0
Q07973,F14D,0.3859,ambiguous,CYP24A1,14.0
Q07973,F14E,0.4657,ambiguous,CYP24A1,14.0
Q07973,F14G,0.3395,benign,CYP24A1,14.0
Q07973,F14H,0.3553,ambiguous,CYP24A1,14.0
Q07973,F14I,0.1,benign,CYP24A1,14.0
Q07973,F14K,0.474,ambiguous,CYP24A1,14.0
Q07973,F14L,0.4023,ambiguous,CYP24A1,14.0
Q07973,F14M,0.3049,benign,CYP24A1,14.0
Q07973,F14N,0.3621,ambiguous,CYP24A1,14.0
Q07973,F14P,0.4117,ambiguous,CYP24A1,14.0
Q07973,F14Q,0.4254,ambiguous,CYP24A1,14.0
Q07973,F14R,0.319,benign,CYP24A1,14.0
Q07973,F14S,0.1681,benign,CYP24A1,14.0
Q07973,F14T,0.2559,benign,CYP24A1,14.0
Q07973,F14V,0.0997,benign,CYP24A1,14.0
Q07973,F14W,0.2201,benign,CYP24A1,14.0
Q07973,F14Y,0.1375,benign,CYP24A1,14.0
Q07973,L15A,0.1477,benign,CYP24A1,15.0
Q07973,L15C,0.2026,benign,CYP24A1,15.0
Q07973,L15D,0.4304,ambiguous,CYP24A1,15.0
Q07973,L15E,0.2155,benign,CYP24A1,15.0
Q07973,L15F,0.0669,benign,CYP24A1,15.0
Q07973,L15G,0.2216,benign,CYP24A1,15.0
Q07973,L15H,0.1367,benign,CYP24A1,15.0
Q07973,L15I,0.0876,benign,CYP24A1,15.0
Q07973,L15K,0.1673,benign,CYP24A1,15.0
Q07973,L15M,0.1323,benign,CYP24A1,15.0
Q07973,L15N,0.312,benign,CYP24A1,15.0
Q07973,L15P,0.1095,benign,CYP24A1,15.0
Q07973,L15Q,0.0989,benign,CYP24A1,15.0
Q07973,L15R,0.0816,benign,CYP24A1,15.0
Q07973,L15S,0.1451,benign,CYP24A1,15.0
Q07973,L15T,0.1677,benign,CYP24A1,15.0
Q07973,L15V,0.0884,benign,CYP24A1,15.0
Q07973,L15W,0.0829,benign,CYP24A1,15.0
Q07973,L15Y,0.1836,benign,CYP24A1,15.0
Q07973,Q16A,0.1116,benign,CYP24A1,16.0
Q07973,Q16C,0.2101,benign,CYP24A1,16.0
Q07973,Q16D,0.1825,benign,CYP24A1,16.0
Q07973,Q16E,0.0782,benign,CYP24A1,16.0
Q07973,Q16F,0.2861,benign,CYP24A1,16.0
Q07973,Q16G,0.0868,benign,CYP24A1,16.0
Q07973,Q16H,0.1129,benign,CYP24A1,16.0
Q07973,Q16I,0.2498,benign,CYP24A1,16.0
Q07973,Q16K,0.077,benign,CYP24A1,16.0
Q07973,Q16L,0.0892,benign,CYP24A1,16.0
Q07973,Q16M,0.2726,benign,CYP24A1,16.0
Q07973,Q16N,0.1704,benign,CYP24A1,16.0
Q07973,Q16P,0.0672,benign,CYP24A1,16.0
Q07973,Q16R,0.0584,benign,CYP24A1,16.0
Q07973,Q16S,0.1207,benign,CYP24A1,16.0
Q07973,Q16T,0.1343,benign,CYP24A1,16.0
Q07973,Q16V,0.1665,benign,CYP24A1,16.0
Q07973,Q16W,0.1438,benign,CYP24A1,16.0
Q07973,Q16Y,0.1844,benign,CYP24A1,16.0
Q07973,Q17A,0.094,benign,CYP24A1,17.0
Q07973,Q17C,0.209,benign,CYP24A1,17.0
Q07973,Q17D,0.1334,benign,CYP24A1,17.0
Q07973,Q17E,0.0738,benign,CYP24A1,17.0
Q07973,Q17F,0.237,benign,CYP24A1,17.0
Q07973,Q17G,0.0839,benign,CYP24A1,17.0
Q07973,Q17H,0.0949,benign,CYP24A1,17.0
Q07973,Q17I,0.1704,benign,CYP24A1,17.0
Q07973,Q17K,0.0721,benign,CYP24A1,17.0
Q07973,Q17L,0.0794,benign,CYP24A1,17.0
Q07973,Q17M,0.2126,benign,CYP24A1,17.0
Q07973,Q17N,0.1212,benign,CYP24A1,17.0
Q07973,Q17P,0.0584,benign,CYP24A1,17.0
Q07973,Q17R,0.062,benign,CYP24A1,17.0
Q07973,Q17S,0.1002,benign,CYP24A1,17.0
Q07973,Q17T,0.1003,benign,CYP24A1,17.0
Q07973,Q17V,0.1241,benign,CYP24A1,17.0
Q07973,Q17W,0.1494,benign,CYP24A1,17.0
Q07973,Q17Y,0.1483,benign,CYP24A1,17.0
Q07973,L18A,0.1108,benign,CYP24A1,18.0
Q07973,L18C,0.1728,benign,CYP24A1,18.0
Q07973,L18D,0.262,benign,CYP24A1,18.0
Q07973,L18E,0.1386,benign,CYP24A1,18.0
Q07973,L18F,0.0739,benign,CYP24A1,18.0
Q07973,L18G,0.1541,benign,CYP24A1,18.0
Q07973,L18H,0.1113,benign,CYP24A1,18.0
Q07973,L18I,0.0752,benign,CYP24A1,18.0
Q07973,L18K,0.1081,benign,CYP24A1,18.0
Q07973,L18M,0.0932,benign,CYP24A1,18.0
Q07973,L18N,0.1685,benign,CYP24A1,18.0
Q07973,L18P,0.0861,benign,CYP24A1,18.0
Q07973,L18Q,0.0763,benign,CYP24A1,18.0
Q07973,L18R,0.0705,benign,CYP24A1,18.0
Q07973,L18S,0.1236,benign,CYP24A1,18.0
Q07973,L18T,0.1272,benign,CYP24A1,18.0
Q07973,L18V,0.0752,benign,CYP24A1,18.0
Q07973,L18W,0.076,benign,CYP24A1,18.0
Q07973,L18Y,0.1389,benign,CYP24A1,18.0
Q07973,R19A,0.1101,benign,CYP24A1,19.0
Q07973,R19C,0.1018,benign,CYP24A1,19.0
Q07973,R19D,0.1766,benign,CYP24A1,19.0
Q07973,R19E,0.1379,benign,CYP24A1,19.0
Q07973,R19F,0.18,benign,CYP24A1,19.0
Q07973,R19G,0.0722,benign,CYP24A1,19.0
Q07973,R19H,0.0866,benign,CYP24A1,19.0
Q07973,R19I,0.136,benign,CYP24A1,19.0
Q07973,R19K,0.0934,benign,CYP24A1,19.0
Q07973,R19L,0.1015,benign,CYP24A1,19.0
Q07973,R19M,0.2017,benign,CYP24A1,19.0
Q07973,R19N,0.1892,benign,CYP24A1,19.0
Q07973,R19P,0.0939,benign,CYP24A1,19.0
Q07973,R19Q,0.082,benign,CYP24A1,19.0
Q07973,R19S,0.137,benign,CYP24A1,19.0
Q07973,R19T,0.1159,benign,CYP24A1,19.0
Q07973,R19V,0.1448,benign,CYP24A1,19.0
Q07973,R19W,0.1036,benign,CYP24A1,19.0
Q07973,R19Y,0.1488,benign,CYP24A1,19.0
Q07973,S20A,0.0704,benign,CYP24A1,20.0
Q07973,S20C,0.0648,benign,CYP24A1,20.0
Q07973,S20D,0.102,benign,CYP24A1,20.0
Q07973,S20E,0.1286,benign,CYP24A1,20.0
Q07973,S20F,0.0822,benign,CYP24A1,20.0
Q07973,S20G,0.0618,benign,CYP24A1,20.0
Q07973,S20H,0.0864,benign,CYP24A1,20.0
Q07973,S20I,0.0779,benign,CYP24A1,20.0
Q07973,S20K,0.1309,benign,CYP24A1,20.0
Q07973,S20L,0.0822,benign,CYP24A1,20.0
Q07973,S20M,0.1448,benign,CYP24A1,20.0
Q07973,S20N,0.072,benign,CYP24A1,20.0
Q07973,S20P,0.0738,benign,CYP24A1,20.0
Q07973,S20Q,0.125,benign,CYP24A1,20.0
Q07973,S20R,0.1038,benign,CYP24A1,20.0
Q07973,S20T,0.0725,benign,CYP24A1,20.0
Q07973,S20V,0.0888,benign,CYP24A1,20.0
Q07973,S20W,0.1035,benign,CYP24A1,20.0
Q07973,S20Y,0.0715,benign,CYP24A1,20.0
Q07973,P21A,0.0631,benign,CYP24A1,21.0
Q07973,P21C,0.1305,benign,CYP24A1,21.0
Q07973,P21D,0.1395,benign,CYP24A1,21.0
Q07973,P21E,0.1036,benign,CYP24A1,21.0
Q07973,P21F,0.1127,benign,CYP24A1,21.0
Q07973,P21G,0.0999,benign,CYP24A1,21.0
Q07973,P21H,0.0749,benign,CYP24A1,21.0
Q07973,P21I,0.112,benign,CYP24A1,21.0
Q07973,P21K,0.1159,benign,CYP24A1,21.0
Q07973,P21L,0.0662,benign,CYP24A1,21.0
Q07973,P21M,0.1533,benign,CYP24A1,21.0
Q07973,P21N,0.133,benign,CYP24A1,21.0
Q07973,P21Q,0.0716,benign,CYP24A1,21.0
Q07973,P21R,0.0638,benign,CYP24A1,21.0
Q07973,P21S,0.066,benign,CYP24A1,21.0
Q07973,P21T,0.0761,benign,CYP24A1,21.0
Q07973,P21V,0.0887,benign,CYP24A1,21.0
Q07973,P21W,0.1168,benign,CYP24A1,21.0
Q07973,P21Y,0.1267,benign,CYP24A1,21.0
Q07973,R22A,0.1017,benign,CYP24A1,22.0
Q07973,R22C,0.0998,benign,CYP24A1,22.0
Q07973,R22D,0.1897,benign,CYP24A1,22.0
Q07973,R22E,0.1241,benign,CYP24A1,22.0
Q07973,R22F,0.1833,benign,CYP24A1,22.0
Q07973,R22G,0.0588,benign,CYP24A1,22.0
Q07973,R22H,0.0943,benign,CYP24A1,22.0
Q07973,R22I,0.1228,benign,CYP24A1,22.0
Q07973,R22K,0.0885,benign,CYP24A1,22.0
Q07973,R22L,0.1022,benign,CYP24A1,22.0
Q07973,R22M,0.176,benign,CYP24A1,22.0
Q07973,R22N,0.2145,benign,CYP24A1,22.0
Q07973,R22P,0.0963,benign,CYP24A1,22.0
Q07973,R22Q,0.0769,benign,CYP24A1,22.0
Q07973,R22S,0.1285,benign,CYP24A1,22.0
Q07973,R22T,0.1101,benign,CYP24A1,22.0
Q07973,R22V,0.1265,benign,CYP24A1,22.0
Q07973,R22W,0.0917,benign,CYP24A1,22.0
Q07973,R22Y,0.1562,benign,CYP24A1,22.0
Q07973,Q23A,0.1079,benign,CYP24A1,23.0
Q07973,Q23C,0.2211,benign,CYP24A1,23.0
Q07973,Q23D,0.1659,benign,CYP24A1,23.0
Q07973,Q23E,0.0772,benign,CYP24A1,23.0
Q07973,Q23F,0.262,benign,CYP24A1,23.0
Q07973,Q23G,0.1082,benign,CYP24A1,23.0
Q07973,Q23H,0.1016,benign,CYP24A1,23.0
Q07973,Q23I,0.1749,benign,CYP24A1,23.0
Q07973,Q23K,0.0807,benign,CYP24A1,23.0
Q07973,Q23L,0.085,benign,CYP24A1,23.0
Q07973,Q23M,0.2272,benign,CYP24A1,23.0
Q07973,Q23N,0.1551,benign,CYP24A1,23.0
Q07973,Q23P,0.0607,benign,CYP24A1,23.0
Q07973,Q23R,0.0684,benign,CYP24A1,23.0
Q07973,Q23S,0.1081,benign,CYP24A1,23.0
Q07973,Q23T,0.116,benign,CYP24A1,23.0
Q07973,Q23V,0.1279,benign,CYP24A1,23.0
Q07973,Q23W,0.1661,benign,CYP24A1,23.0
Q07973,Q23Y,0.1658,benign,CYP24A1,23.0
Q07973,P24A,0.0633,benign,CYP24A1,24.0
Q07973,P24C,0.1657,benign,CYP24A1,24.0
Q07973,P24D,0.1543,benign,CYP24A1,24.0
Q07973,P24E,0.1094,benign,CYP24A1,24.0
Q07973,P24F,0.1379,benign,CYP24A1,24.0
Q07973,P24G,0.1258,benign,CYP24A1,24.0
Q07973,P24H,0.0818,benign,CYP24A1,24.0
Q07973,P24I,0.1123,benign,CYP24A1,24.0
Q07973,P24K,0.1075,benign,CYP24A1,24.0
Q07973,P24L,0.0716,benign,CYP24A1,24.0
Q07973,P24M,0.1474,benign,CYP24A1,24.0
Q07973,P24N,0.1334,benign,CYP24A1,24.0
Q07973,P24Q,0.0733,benign,CYP24A1,24.0
Q07973,P24R,0.0697,benign,CYP24A1,24.0
Q07973,P24S,0.0726,benign,CYP24A1,24.0
Q07973,P24T,0.0676,benign,CYP24A1,24.0
Q07973,P24V,0.0905,benign,CYP24A1,24.0
Q07973,P24W,0.187,benign,CYP24A1,24.0
Q07973,P24Y,0.1343,benign,CYP24A1,24.0
Q07973,P25A,0.0626,benign,CYP24A1,25.0
Q07973,P25C,0.1602,benign,CYP24A1,25.0
Q07973,P25D,0.1756,benign,CYP24A1,25.0
Q07973,P25E,0.1191,benign,CYP24A1,25.0
Q07973,P25F,0.1655,benign,CYP24A1,25.0
Q07973,P25G,0.1232,benign,CYP24A1,25.0
Q07973,P25H,0.093,benign,CYP24A1,25.0
Q07973,P25I,0.1437,benign,CYP24A1,25.0
Q07973,P25K,0.1318,benign,CYP24A1,25.0
Q07973,P25L,0.0748,benign,CYP24A1,25.0
Q07973,P25M,0.181,benign,CYP24A1,25.0
Q07973,P25N,0.165,benign,CYP24A1,25.0
Q07973,P25Q,0.0821,benign,CYP24A1,25.0
Q07973,P25R,0.0727,benign,CYP24A1,25.0
Q07973,P25S,0.0747,benign,CYP24A1,25.0
Q07973,P25T,0.0805,benign,CYP24A1,25.0
Q07973,P25V,0.1044,benign,CYP24A1,25.0
Q07973,P25W,0.1888,benign,CYP24A1,25.0
Q07973,P25Y,0.1644,benign,CYP24A1,25.0
Q07973,R26A,0.1099,benign,CYP24A1,26.0
Q07973,R26C,0.1053,benign,CYP24A1,26.0
Q07973,R26D,0.1947,benign,CYP24A1,26.0
Q07973,R26E,0.1328,benign,CYP24A1,26.0
Q07973,R26F,0.1738,benign,CYP24A1,26.0
Q07973,R26G,0.0773,benign,CYP24A1,26.0
Q07973,R26H,0.0901,benign,CYP24A1,26.0
Q07973,R26I,0.1223,benign,CYP24A1,26.0
Q07973,R26K,0.0922,benign,CYP24A1,26.0
Q07973,R26L,0.0902,benign,CYP24A1,26.0
Q07973,R26M,0.1564,benign,CYP24A1,26.0
Q07973,R26N,0.2107,benign,CYP24A1,26.0
Q07973,R26P,0.0891,benign,CYP24A1,26.0
Q07973,R26Q,0.083,benign,CYP24A1,26.0
Q07973,R26S,0.1393,benign,CYP24A1,26.0
Q07973,R26T,0.1111,benign,CYP24A1,26.0
Q07973,R26V,0.1289,benign,CYP24A1,26.0
Q07973,R26W,0.0949,benign,CYP24A1,26.0
Q07973,R26Y,0.161,benign,CYP24A1,26.0
Q07973,L27A,0.0512,benign,CYP24A1,27.0
Q07973,L27C,0.1298,benign,CYP24A1,27.0
Q07973,L27D,0.1303,benign,CYP24A1,27.0
Q07973,L27E,0.0855,benign,CYP24A1,27.0
Q07973,L27F,0.0712,benign,CYP24A1,27.0
Q07973,L27G,0.1043,benign,CYP24A1,27.0
Q07973,L27H,0.0701,benign,CYP24A1,27.0
Q07973,L27I,0.0775,benign,CYP24A1,27.0
Q07973,L27K,0.0771,benign,CYP24A1,27.0
Q07973,L27M,0.0829,benign,CYP24A1,27.0
Q07973,L27N,0.1051,benign,CYP24A1,27.0
Q07973,L27P,0.0383,benign,CYP24A1,27.0
Q07973,L27Q,0.0553,benign,CYP24A1,27.0
Q07973,L27R,0.0482,benign,CYP24A1,27.0
Q07973,L27S,0.0671,benign,CYP24A1,27.0
Q07973,L27T,0.0591,benign,CYP24A1,27.0
Q07973,L27V,0.0608,benign,CYP24A1,27.0
Q07973,L27W,0.0814,benign,CYP24A1,27.0
Q07973,L27Y,0.1197,benign,CYP24A1,27.0
Q07973,V28A,0.0813,benign,CYP24A1,28.0
Q07973,V28C,0.3679,ambiguous,CYP24A1,28.0
Q07973,V28D,0.1314,benign,CYP24A1,28.0
Q07973,V28E,0.1091,benign,CYP24A1,28.0
Q07973,V28F,0.0894,benign,CYP24A1,28.0
Q07973,V28G,0.0864,benign,CYP24A1,28.0
Q07973,V28H,0.2074,benign,CYP24A1,28.0
Q07973,V28I,0.087,benign,CYP24A1,28.0
Q07973,V28K,0.1354,benign,CYP24A1,28.0
Q07973,V28L,0.087,benign,CYP24A1,28.0
Q07973,V28M,0.1036,benign,CYP24A1,28.0
Q07973,V28N,0.1517,benign,CYP24A1,28.0
Q07973,V28P,0.0986,benign,CYP24A1,28.0
Q07973,V28Q,0.1186,benign,CYP24A1,28.0
Q07973,V28R,0.1036,benign,CYP24A1,28.0
Q07973,V28S,0.1089,benign,CYP24A1,28.0
Q07973,V28T,0.1133,benign,CYP24A1,28.0
Q07973,V28W,0.3182,benign,CYP24A1,28.0
Q07973,V28Y,0.2424,benign,CYP24A1,28.0
Q07973,T29A,0.0607,benign,CYP24A1,29.0
Q07973,T29C,0.2003,benign,CYP24A1,29.0
Q07973,T29D,0.1673,benign,CYP24A1,29.0
Q07973,T29E,0.1521,benign,CYP24A1,29.0
Q07973,T29F,0.1252,benign,CYP24A1,29.0
Q07973,T29G,0.1219,benign,CYP24A1,29.0
Q07973,T29H,0.12,benign,CYP24A1,29.0
Q07973,T29I,0.1182,benign,CYP24A1,29.0
Q07973,T29K,0.1156,benign,CYP24A1,29.0
Q07973,T29L,0.0855,benign,CYP24A1,29.0
Q07973,T29M,0.0959,benign,CYP24A1,29.0
Q07973,T29N,0.0957,benign,CYP24A1,29.0
Q07973,T29P,0.0564,benign,CYP24A1,29.0
Q07973,T29Q,0.1281,benign,CYP24A1,29.0
Q07973,T29R,0.0826,benign,CYP24A1,29.0
Q07973,T29S,0.0814,benign,CYP24A1,29.0
Q07973,T29V,0.1079,benign,CYP24A1,29.0
Q07973,T29W,0.2731,benign,CYP24A1,29.0
Q07973,T29Y,0.1376,benign,CYP24A1,29.0
Q07973,S30A,0.0633,benign,CYP24A1,30.0
Q07973,S30C,0.0942,benign,CYP24A1,30.0
Q07973,S30D,0.2357,benign,CYP24A1,30.0
Q07973,S30E,0.2596,benign,CYP24A1,30.0
Q07973,S30F,0.1572,benign,CYP24A1,30.0
Q07973,S30G,0.0786,benign,CYP24A1,30.0
Q07973,S30H,0.2271,benign,CYP24A1,30.0
Q07973,S30I,0.202,benign,CYP24A1,30.0
Q07973,S30K,0.3465,ambiguous,CYP24A1,30.0
Q07973,S30L,0.1153,benign,CYP24A1,30.0
Q07973,S30M,0.2339,benign,CYP24A1,30.0
Q07973,S30N,0.1718,benign,CYP24A1,30.0
Q07973,S30P,0.0656,benign,CYP24A1,30.0
Q07973,S30Q,0.2904,benign,CYP24A1,30.0
Q07973,S30R,0.2547,benign,CYP24A1,30.0
Q07973,S30T,0.0862,benign,CYP24A1,30.0
Q07973,S30V,0.15,benign,CYP24A1,30.0
Q07973,S30W,0.184,benign,CYP24A1,30.0
Q07973,S30Y,0.1315,benign,CYP24A1,30.0
Q07973,T31A,0.0534,benign,CYP24A1,31.0
Q07973,T31C,0.2134,benign,CYP24A1,31.0
Q07973,T31D,0.1472,benign,CYP24A1,31.0
Q07973,T31E,0.102,benign,CYP24A1,31.0
Q07973,T31F,0.1343,benign,CYP24A1,31.0
Q07973,T31G,0.1053,benign,CYP24A1,31.0
Q07973,T31H,0.1154,benign,CYP24A1,31.0
Q07973,T31I,0.1112,benign,CYP24A1,31.0
Q07973,T31K,0.0736,benign,CYP24A1,31.0
Q07973,T31L,0.0796,benign,CYP24A1,31.0
Q07973,T31M,0.0838,benign,CYP24A1,31.0
Q07973,T31N,0.1043,benign,CYP24A1,31.0
Q07973,T31P,0.061,benign,CYP24A1,31.0
Q07973,T31Q,0.0908,benign,CYP24A1,31.0
Q07973,T31R,0.057,benign,CYP24A1,31.0
Q07973,T31S,0.0827,benign,CYP24A1,31.0
Q07973,T31V,0.085,benign,CYP24A1,31.0
Q07973,T31W,0.2215,benign,CYP24A1,31.0
Q07973,T31Y,0.1485,benign,CYP24A1,31.0
Q07973,A32C,0.2259,benign,CYP24A1,32.0
Q07973,A32D,0.1145,benign,CYP24A1,32.0
Q07973,A32E,0.1252,benign,CYP24A1,32.0
Q07973,A32F,0.1641,benign,CYP24A1,32.0
Q07973,A32G,0.0849,benign,CYP24A1,32.0
Q07973,A32H,0.2001,benign,CYP24A1,32.0
Q07973,A32I,0.1336,benign,CYP24A1,32.0
Q07973,A32K,0.175,benign,CYP24A1,32.0
Q07973,A32L,0.1121,benign,CYP24A1,32.0
Q07973,A32M,0.1652,benign,CYP24A1,32.0
Q07973,A32N,0.1412,benign,CYP24A1,32.0
Q07973,A32P,0.0756,benign,CYP24A1,32.0
Q07973,A32Q,0.1643,benign,CYP24A1,32.0
Q07973,A32R,0.1315,benign,CYP24A1,32.0
Q07973,A32S,0.0828,benign,CYP24A1,32.0
Q07973,A32T,0.072,benign,CYP24A1,32.0
Q07973,A32V,0.0857,benign,CYP24A1,32.0
Q07973,A32W,0.3026,benign,CYP24A1,32.0
Q07973,A32Y,0.1959,benign,CYP24A1,32.0
Q07973,Y33A,0.0851,benign,CYP24A1,33.0
Q07973,Y33C,0.051,benign,CYP24A1,33.0
Q07973,Y33D,0.0683,benign,CYP24A1,33.0
Q07973,Y33E,0.1436,benign,CYP24A1,33.0
Q07973,Y33F,0.0747,benign,CYP24A1,33.0
Q07973,Y33G,0.0691,benign,CYP24A1,33.0
Q07973,Y33H,0.0828,benign,CYP24A1,33.0
Q07973,Y33I,0.1381,benign,CYP24A1,33.0
Q07973,Y33K,0.1464,benign,CYP24A1,33.0
Q07973,Y33L,0.1274,benign,CYP24A1,33.0
Q07973,Y33M,0.2501,benign,CYP24A1,33.0
Q07973,Y33N,0.0715,benign,CYP24A1,33.0
Q07973,Y33P,0.1001,benign,CYP24A1,33.0
Q07973,Y33Q,0.1106,benign,CYP24A1,33.0
Q07973,Y33R,0.0795,benign,CYP24A1,33.0
Q07973,Y33S,0.0578,benign,CYP24A1,33.0
Q07973,Y33T,0.1034,benign,CYP24A1,33.0
Q07973,Y33V,0.1029,benign,CYP24A1,33.0
Q07973,Y33W,0.1293,benign,CYP24A1,33.0
Q07973,T34A,0.0521,benign,CYP24A1,34.0
Q07973,T34C,0.1403,benign,CYP24A1,34.0
Q07973,T34D,0.1115,benign,CYP24A1,34.0
Q07973,T34E,0.1069,benign,CYP24A1,34.0
Q07973,T34F,0.1037,benign,CYP24A1,34.0
Q07973,T34G,0.0869,benign,CYP24A1,34.0
Q07973,T34H,0.0909,benign,CYP24A1,34.0
Q07973,T34I,0.0744,benign,CYP24A1,34.0
Q07973,T34K,0.0855,benign,CYP24A1,34.0
Q07973,T34L,0.0673,benign,CYP24A1,34.0
Q07973,T34M,0.0853,benign,CYP24A1,34.0
Q07973,T34N,0.0802,benign,CYP24A1,34.0
Q07973,T34P,0.0518,benign,CYP24A1,34.0
Q07973,T34Q,0.0945,benign,CYP24A1,34.0
Q07973,T34R,0.0628,benign,CYP24A1,34.0
Q07973,T34S,0.0697,benign,CYP24A1,34.0
Q07973,T34V,0.0691,benign,CYP24A1,34.0
Q07973,T34W,0.1875,benign,CYP24A1,34.0
Q07973,T34Y,0.0993,benign,CYP24A1,34.0
Q07973,S35A,0.0573,benign,CYP24A1,35.0
Q07973,S35C,0.0731,benign,CYP24A1,35.0
Q07973,S35D,0.1258,benign,CYP24A1,35.0
Q07973,S35E,0.1308,benign,CYP24A1,35.0
Q07973,S35F,0.0804,benign,CYP24A1,35.0
Q07973,S35G,0.0735,benign,CYP24A1,35.0
Q07973,S35H,0.0913,benign,CYP24A1,35.0
Q07973,S35I,0.0805,benign,CYP24A1,35.0
Q07973,S35K,0.1511,benign,CYP24A1,35.0
Q07973,S35L,0.0669,benign,CYP24A1,35.0
Q07973,S35M,0.1369,benign,CYP24A1,35.0
Q07973,S35N,0.0986,benign,CYP24A1,35.0
Q07973,S35P,0.0487,benign,CYP24A1,35.0
Q07973,S35Q,0.1208,benign,CYP24A1,35.0
Q07973,S35R,0.102,benign,CYP24A1,35.0
Q07973,S35T,0.07,benign,CYP24A1,35.0
Q07973,S35V,0.0773,benign,CYP24A1,35.0
Q07973,S35W,0.1067,benign,CYP24A1,35.0
Q07973,S35Y,0.0812,benign,CYP24A1,35.0
Q07973,P36A,0.0595,benign,CYP24A1,36.0
Q07973,P36C,0.1188,benign,CYP24A1,36.0
Q07973,P36D,0.133,benign,CYP24A1,36.0
Q07973,P36E,0.0952,benign,CYP24A1,36.0
Q07973,P36F,0.1276,benign,CYP24A1,36.0
Q07973,P36G,0.0995,benign,CYP24A1,36.0
Q07973,P36H,0.071,benign,CYP24A1,36.0
Q07973,P36I,0.1052,benign,CYP24A1,36.0
Q07973,P36K,0.0924,benign,CYP24A1,36.0
Q07973,P36L,0.0667,benign,CYP24A1,36.0
Q07973,P36M,0.1432,benign,CYP24A1,36.0
Q07973,P36N,0.1291,benign,CYP24A1,36.0
Q07973,P36Q,0.0653,benign,CYP24A1,36.0
Q07973,P36R,0.0551,benign,CYP24A1,36.0
Q07973,P36S,0.0687,benign,CYP24A1,36.0
Q07973,P36T,0.066,benign,CYP24A1,36.0
Q07973,P36V,0.0848,benign,CYP24A1,36.0
Q07973,P36W,0.1261,benign,CYP24A1,36.0
Q07973,P36Y,0.1277,benign,CYP24A1,36.0
Q07973,Q37A,0.0702,benign,CYP24A1,37.0
Q07973,Q37C,0.1509,benign,CYP24A1,37.0
Q07973,Q37D,0.1324,benign,CYP24A1,37.0
Q07973,Q37E,0.069,benign,CYP24A1,37.0
Q07973,Q37F,0.1777,benign,CYP24A1,37.0
Q07973,Q37G,0.0858,benign,CYP24A1,37.0
Q07973,Q37H,0.0829,benign,CYP24A1,37.0
Q07973,Q37I,0.1187,benign,CYP24A1,37.0
Q07973,Q37K,0.0676,benign,CYP24A1,37.0
Q07973,Q37L,0.0671,benign,CYP24A1,37.0
Q07973,Q37M,0.1546,benign,CYP24A1,37.0
Q07973,Q37N,0.1287,benign,CYP24A1,37.0
Q07973,Q37P,0.0525,benign,CYP24A1,37.0
Q07973,Q37R,0.0574,benign,CYP24A1,37.0
Q07973,Q37S,0.0754,benign,CYP24A1,37.0
Q07973,Q37T,0.0824,benign,CYP24A1,37.0
Q07973,Q37V,0.0895,benign,CYP24A1,37.0
Q07973,Q37W,0.1132,benign,CYP24A1,37.0
Q07973,Q37Y,0.1344,benign,CYP24A1,37.0
Q07973,P38A,0.0614,benign,CYP24A1,38.0
Q07973,P38C,0.1505,benign,CYP24A1,38.0
Q07973,P38D,0.1456,benign,CYP24A1,38.0
Q07973,P38E,0.0987,benign,CYP24A1,38.0
Q07973,P38F,0.1501,benign,CYP24A1,38.0
Q07973,P38G,0.1123,benign,CYP24A1,38.0
Q07973,P38H,0.0781,benign,CYP24A1,38.0
Q07973,P38I,0.1159,benign,CYP24A1,38.0
Q07973,P38K,0.0951,benign,CYP24A1,38.0
Q07973,P38L,0.068,benign,CYP24A1,38.0
Q07973,P38M,0.1372,benign,CYP24A1,38.0
Q07973,P38N,0.1291,benign,CYP24A1,38.0
Q07973,P38Q,0.072,benign,CYP24A1,38.0
Q07973,P38R,0.0637,benign,CYP24A1,38.0
Q07973,P38S,0.0751,benign,CYP24A1,38.0
Q07973,P38T,0.0675,benign,CYP24A1,38.0
Q07973,P38V,0.0892,benign,CYP24A1,38.0
Q07973,P38W,0.1634,benign,CYP24A1,38.0
Q07973,P38Y,0.1426,benign,CYP24A1,38.0
Q07973,R39A,0.0825,benign,CYP24A1,39.0
Q07973,R39C,0.1171,benign,CYP24A1,39.0
Q07973,R39D,0.1631,benign,CYP24A1,39.0
Q07973,R39E,0.0959,benign,CYP24A1,39.0
Q07973,R39F,0.2119,benign,CYP24A1,39.0
Q07973,R39G,0.0633,benign,CYP24A1,39.0
Q07973,R39H,0.0967,benign,CYP24A1,39.0
Q07973,R39I,0.1276,benign,CYP24A1,39.0
Q07973,R39K,0.0681,benign,CYP24A1,39.0
Q07973,R39L,0.0913,benign,CYP24A1,39.0
Q07973,R39M,0.1229,benign,CYP24A1,39.0
Q07973,R39N,0.1889,benign,CYP24A1,39.0
Q07973,R39P,0.0873,benign,CYP24A1,39.0
Q07973,R39Q,0.0724,benign,CYP24A1,39.0
Q07973,R39S,0.1223,benign,CYP24A1,39.0
Q07973,R39T,0.0843,benign,CYP24A1,39.0
Q07973,R39V,0.1172,benign,CYP24A1,39.0
Q07973,R39W,0.0963,benign,CYP24A1,39.0
Q07973,R39Y,0.1895,benign,CYP24A1,39.0
Q07973,E40A,0.0721,benign,CYP24A1,40.0
Q07973,E40C,0.3644,ambiguous,CYP24A1,40.0
Q07973,E40D,0.0764,benign,CYP24A1,40.0
Q07973,E40F,0.3085,benign,CYP24A1,40.0
Q07973,E40G,0.0696,benign,CYP24A1,40.0
Q07973,E40H,0.1417,benign,CYP24A1,40.0
Q07973,E40I,0.1763,benign,CYP24A1,40.0
Q07973,E40K,0.0795,benign,CYP24A1,40.0
Q07973,E40L,0.1524,benign,CYP24A1,40.0
Q07973,E40M,0.2165,benign,CYP24A1,40.0
Q07973,E40N,0.119,benign,CYP24A1,40.0
Q07973,E40P,0.1309,benign,CYP24A1,40.0
Q07973,E40Q,0.0795,benign,CYP24A1,40.0
Q07973,E40R,0.0925,benign,CYP24A1,40.0
Q07973,E40S,0.1002,benign,CYP24A1,40.0
Q07973,E40T,0.1069,benign,CYP24A1,40.0
Q07973,E40V,0.1031,benign,CYP24A1,40.0
Q07973,E40W,0.383,ambiguous,CYP24A1,40.0
Q07973,E40Y,0.2154,benign,CYP24A1,40.0
Q07973,V41A,0.0818,benign,CYP24A1,41.0
Q07973,V41C,0.4393,ambiguous,CYP24A1,41.0
Q07973,V41D,0.1046,benign,CYP24A1,41.0
Q07973,V41E,0.1131,benign,CYP24A1,41.0
Q07973,V41F,0.0862,benign,CYP24A1,41.0
Q07973,V41G,0.08,benign,CYP24A1,41.0
Q07973,V41H,0.2389,benign,CYP24A1,41.0
Q07973,V41I,0.0781,benign,CYP24A1,41.0
Q07973,V41K,0.1429,benign,CYP24A1,41.0
Q07973,V41L,0.1066,benign,CYP24A1,41.0
Q07973,V41M,0.1019,benign,CYP24A1,41.0
Q07973,V41N,0.1202,benign,CYP24A1,41.0
Q07973,V41P,0.1288,benign,CYP24A1,41.0
Q07973,V41Q,0.1634,benign,CYP24A1,41.0
Q07973,V41R,0.135,benign,CYP24A1,41.0
Q07973,V41S,0.1038,benign,CYP24A1,41.0
Q07973,V41T,0.1106,benign,CYP24A1,41.0
Q07973,V41W,0.3903,ambiguous,CYP24A1,41.0
Q07973,V41Y,0.2304,benign,CYP24A1,41.0
Q07973,P42A,0.0587,benign,CYP24A1,42.0
Q07973,P42C,0.1985,benign,CYP24A1,42.0
Q07973,P42D,0.1933,benign,CYP24A1,42.0
Q07973,P42E,0.1349,benign,CYP24A1,42.0
Q07973,P42F,0.1955,benign,CYP24A1,42.0
Q07973,P42G,0.1474,benign,CYP24A1,42.0
Q07973,P42H,0.1059,benign,CYP24A1,42.0
Q07973,P42I,0.1616,benign,CYP24A1,42.0
Q07973,P42K,0.1507,benign,CYP24A1,42.0
Q07973,P42L,0.0823,benign,CYP24A1,42.0
Q07973,P42M,0.1842,benign,CYP24A1,42.0
Q07973,P42N,0.1873,benign,CYP24A1,42.0
Q07973,P42Q,0.1022,benign,CYP24A1,42.0
Q07973,P42R,0.0881,benign,CYP24A1,42.0
Q07973,P42S,0.0804,benign,CYP24A1,42.0
Q07973,P42T,0.0716,benign,CYP24A1,42.0
Q07973,P42V,0.1132,benign,CYP24A1,42.0
Q07973,P42W,0.244,benign,CYP24A1,42.0
Q07973,P42Y,0.1947,benign,CYP24A1,42.0
Q07973,V43A,0.0644,benign,CYP24A1,43.0
Q07973,V43C,0.2212,benign,CYP24A1,43.0
Q07973,V43D,0.0962,benign,CYP24A1,43.0
Q07973,V43E,0.0934,benign,CYP24A1,43.0
Q07973,V43F,0.065,benign,CYP24A1,43.0
Q07973,V43G,0.0714,benign,CYP24A1,43.0
Q07973,V43H,0.1153,benign,CYP24A1,43.0
Q07973,V43I,0.0712,benign,CYP24A1,43.0
Q07973,V43K,0.0893,benign,CYP24A1,43.0
Q07973,V43L,0.0606,benign,CYP24A1,43.0
Q07973,V43M,0.0874,benign,CYP24A1,43.0
Q07973,V43N,0.0949,benign,CYP24A1,43.0
Q07973,V43P,0.0695,benign,CYP24A1,43.0
Q07973,V43Q,0.0859,benign,CYP24A1,43.0
Q07973,V43R,0.0658,benign,CYP24A1,43.0
Q07973,V43S,0.0696,benign,CYP24A1,43.0
Q07973,V43T,0.0812,benign,CYP24A1,43.0
Q07973,V43W,0.2013,benign,CYP24A1,43.0
Q07973,V43Y,0.1595,benign,CYP24A1,43.0
Q07973,C44A,0.2883,benign,CYP24A1,44.0
Q07973,C44D,0.4136,ambiguous,CYP24A1,44.0
Q07973,C44E,0.5041,ambiguous,CYP24A1,44.0
Q07973,C44F,0.1099,benign,CYP24A1,44.0
Q07973,C44G,0.1418,benign,CYP24A1,44.0
Q07973,C44H,0.3267,benign,CYP24A1,44.0
Q07973,C44I,0.3407,ambiguous,CYP24A1,44.0
Q07973,C44K,0.5438,ambiguous,CYP24A1,44.0
Q07973,C44L,0.2921,benign,CYP24A1,44.0
Q07973,C44M,0.5253,ambiguous,CYP24A1,44.0
Q07973,C44N,0.3906,ambiguous,CYP24A1,44.0
Q07973,C44P,0.3097,benign,CYP24A1,44.0
Q07973,C44Q,0.4085,ambiguous,CYP24A1,44.0
Q07973,C44R,0.2716,benign,CYP24A1,44.0
Q07973,C44S,0.224,benign,CYP24A1,44.0
Q07973,C44T,0.3818,ambiguous,CYP24A1,44.0
Q07973,C44V,0.3291,benign,CYP24A1,44.0
Q07973,C44W,0.3311,benign,CYP24A1,44.0
Q07973,C44Y,0.1941,benign,CYP24A1,44.0
Q07973,P45A,0.0655,benign,CYP24A1,45.0
Q07973,P45C,0.1764,benign,CYP24A1,45.0
Q07973,P45D,0.1848,benign,CYP24A1,45.0
Q07973,P45E,0.1369,benign,CYP24A1,45.0
Q07973,P45F,0.1734,benign,CYP24A1,45.0
Q07973,P45G,0.1338,benign,CYP24A1,45.0
Q07973,P45H,0.0842,benign,CYP24A1,45.0
Q07973,P45I,0.1618,benign,CYP24A1,45.0
Q07973,P45K,0.1505,benign,CYP24A1,45.0
Q07973,P45L,0.0798,benign,CYP24A1,45.0
Q07973,P45M,0.2011,benign,CYP24A1,45.0
Q07973,P45N,0.1683,benign,CYP24A1,45.0
Q07973,P45Q,0.0897,benign,CYP24A1,45.0
Q07973,P45R,0.0775,benign,CYP24A1,45.0
Q07973,P45S,0.0741,benign,CYP24A1,45.0
Q07973,P45T,0.0757,benign,CYP24A1,45.0
Q07973,P45V,0.1163,benign,CYP24A1,45.0
Q07973,P45W,0.2312,benign,CYP24A1,45.0
Q07973,P45Y,0.1642,benign,CYP24A1,45.0
Q07973,L46A,0.065,benign,CYP24A1,46.0
Q07973,L46C,0.1568,benign,CYP24A1,46.0
Q07973,L46D,0.1563,benign,CYP24A1,46.0
Q07973,L46E,0.0991,benign,CYP24A1,46.0
Q07973,L46F,0.0638,benign,CYP24A1,46.0
Q07973,L46G,0.118,benign,CYP24A1,46.0
Q07973,L46H,0.0817,benign,CYP24A1,46.0
Q07973,L46I,0.0712,benign,CYP24A1,46.0
Q07973,L46K,0.0927,benign,CYP24A1,46.0
Q07973,L46M,0.0834,benign,CYP24A1,46.0
Q07973,L46N,0.1234,benign,CYP24A1,46.0
Q07973,L46P,0.0531,benign,CYP24A1,46.0
Q07973,L46Q,0.062,benign,CYP24A1,46.0
Q07973,L46R,0.0609,benign,CYP24A1,46.0
Q07973,L46S,0.0705,benign,CYP24A1,46.0
Q07973,L46T,0.0801,benign,CYP24A1,46.0
Q07973,L46V,0.0575,benign,CYP24A1,46.0
Q07973,L46W,0.0848,benign,CYP24A1,46.0
Q07973,L46Y,0.1327,benign,CYP24A1,46.0
Q07973,T47A,0.0578,benign,CYP24A1,47.0
Q07973,T47C,0.2107,benign,CYP24A1,47.0
Q07973,T47D,0.1337,benign,CYP24A1,47.0
Q07973,T47E,0.0872,benign,CYP24A1,47.0
Q07973,T47F,0.1164,benign,CYP24A1,47.0
Q07973,T47G,0.1003,benign,CYP24A1,47.0
Q07973,T47H,0.1032,benign,CYP24A1,47.0
Q07973,T47I,0.0795,benign,CYP24A1,47.0
Q07973,T47K,0.0699,benign,CYP24A1,47.0
Q07973,T47L,0.06,benign,CYP24A1,47.0
Q07973,T47M,0.0636,benign,CYP24A1,47.0
Q07973,T47N,0.094,benign,CYP24A1,47.0
Q07973,T47P,0.0557,benign,CYP24A1,47.0
Q07973,T47Q,0.0811,benign,CYP24A1,47.0
Q07973,T47R,0.0555,benign,CYP24A1,47.0
Q07973,T47S,0.0789,benign,CYP24A1,47.0
Q07973,T47V,0.0683,benign,CYP24A1,47.0
Q07973,T47W,0.187,benign,CYP24A1,47.0
Q07973,T47Y,0.1313,benign,CYP24A1,47.0
Q07973,A48C,0.2348,benign,CYP24A1,48.0
Q07973,A48D,0.0944,benign,CYP24A1,48.0
Q07973,A48E,0.0842,benign,CYP24A1,48.0
Q07973,A48F,0.1461,benign,CYP24A1,48.0
Q07973,A48G,0.0759,benign,CYP24A1,48.0
Q07973,A48H,0.1623,benign,CYP24A1,48.0
Q07973,A48I,0.1193,benign,CYP24A1,48.0
Q07973,A48K,0.1139,benign,CYP24A1,48.0
Q07973,A48L,0.0924,benign,CYP24A1,48.0
Q07973,A48M,0.1209,benign,CYP24A1,48.0
Q07973,A48N,0.1312,benign,CYP24A1,48.0
Q07973,A48P,0.0755,benign,CYP24A1,48.0
Q07973,A48Q,0.1153,benign,CYP24A1,48.0
Q07973,A48R,0.1027,benign,CYP24A1,48.0
Q07973,A48S,0.0794,benign,CYP24A1,48.0
Q07973,A48T,0.0697,benign,CYP24A1,48.0
Q07973,A48V,0.0757,benign,CYP24A1,48.0
Q07973,A48W,0.2427,benign,CYP24A1,48.0
Q07973,A48Y,0.1841,benign,CYP24A1,48.0
Q07973,G49A,0.0596,benign,CYP24A1,49.0
Q07973,G49C,0.0952,benign,CYP24A1,49.0
Q07973,G49D,0.0721,benign,CYP24A1,49.0
Q07973,G49E,0.0649,benign,CYP24A1,49.0
Q07973,G49F,0.1495,benign,CYP24A1,49.0
Q07973,G49H,0.0953,benign,CYP24A1,49.0
Q07973,G49I,0.0995,benign,CYP24A1,49.0
Q07973,G49K,0.08,benign,CYP24A1,49.0
Q07973,G49L,0.0988,benign,CYP24A1,49.0
Q07973,G49M,0.1368,benign,CYP24A1,49.0
Q07973,G49N,0.1079,benign,CYP24A1,49.0
Q07973,G49P,0.1061,benign,CYP24A1,49.0
Q07973,G49Q,0.0771,benign,CYP24A1,49.0
Q07973,G49R,0.0629,benign,CYP24A1,49.0
Q07973,G49S,0.0759,benign,CYP24A1,49.0
Q07973,G49T,0.0691,benign,CYP24A1,49.0
Q07973,G49V,0.0735,benign,CYP24A1,49.0
Q07973,G49W,0.1015,benign,CYP24A1,49.0
Q07973,G49Y,0.126,benign,CYP24A1,49.0
Q07973,G50A,0.0747,benign,CYP24A1,50.0
Q07973,G50C,0.1018,benign,CYP24A1,50.0
Q07973,G50D,0.0837,benign,CYP24A1,50.0
Q07973,G50E,0.074,benign,CYP24A1,50.0
Q07973,G50F,0.1902,benign,CYP24A1,50.0
Q07973,G50H,0.1223,benign,CYP24A1,50.0
Q07973,G50I,0.123,benign,CYP24A1,50.0
Q07973,G50K,0.0906,benign,CYP24A1,50.0
Q07973,G50L,0.1338,benign,CYP24A1,50.0
Q07973,G50M,0.1722,benign,CYP24A1,50.0
Q07973,G50N,0.1288,benign,CYP24A1,50.0
Q07973,G50P,0.1784,benign,CYP24A1,50.0
Q07973,G50Q,0.1,benign,CYP24A1,50.0
Q07973,G50R,0.0716,benign,CYP24A1,50.0
Q07973,G50S,0.0808,benign,CYP24A1,50.0
Q07973,G50T,0.0808,benign,CYP24A1,50.0
Q07973,G50V,0.0883,benign,CYP24A1,50.0
Q07973,G50W,0.1238,benign,CYP24A1,50.0
Q07973,G50Y,0.1492,benign,CYP24A1,50.0
Q07973,E51A,0.0731,benign,CYP24A1,51.0
Q07973,E51C,0.3099,benign,CYP24A1,51.0
Q07973,E51D,0.0798,benign,CYP24A1,51.0
Q07973,E51F,0.2694,benign,CYP24A1,51.0
Q07973,E51G,0.0606,benign,CYP24A1,51.0
Q07973,E51H,0.1315,benign,CYP24A1,51.0
Q07973,E51I,0.1472,benign,CYP24A1,51.0
Q07973,E51K,0.0604,benign,CYP24A1,51.0
Q07973,E51L,0.1297,benign,CYP24A1,51.0
Q07973,E51M,0.1725,benign,CYP24A1,51.0
Q07973,E51N,0.1088,benign,CYP24A1,51.0
Q07973,E51P,0.1359,benign,CYP24A1,51.0
Q07973,E51Q,0.0695,benign,CYP24A1,51.0
Q07973,E51R,0.0735,benign,CYP24A1,51.0
Q07973,E51S,0.0923,benign,CYP24A1,51.0
Q07973,E51T,0.0915,benign,CYP24A1,51.0
Q07973,E51V,0.099,benign,CYP24A1,51.0
Q07973,E51W,0.3422,ambiguous,CYP24A1,51.0
Q07973,E51Y,0.1961,benign,CYP24A1,51.0
Q07973,T52A,0.0593,benign,CYP24A1,52.0
Q07973,T52C,0.1925,benign,CYP24A1,52.0
Q07973,T52D,0.1315,benign,CYP24A1,52.0
Q07973,T52E,0.1038,benign,CYP24A1,52.0
Q07973,T52F,0.1174,benign,CYP24A1,52.0
Q07973,T52G,0.0989,benign,CYP24A1,52.0
Q07973,T52H,0.1096,benign,CYP24A1,52.0
Q07973,T52I,0.0789,benign,CYP24A1,52.0
Q07973,T52K,0.0786,benign,CYP24A1,52.0
Q07973,T52L,0.0724,benign,CYP24A1,52.0
Q07973,T52M,0.0726,benign,CYP24A1,52.0
Q07973,T52N,0.0789,benign,CYP24A1,52.0
Q07973,T52P,0.0612,benign,CYP24A1,52.0
Q07973,T52Q,0.0945,benign,CYP24A1,52.0
Q07973,T52R,0.0661,benign,CYP24A1,52.0
Q07973,T52S,0.0777,benign,CYP24A1,52.0
Q07973,T52V,0.0763,benign,CYP24A1,52.0
Q07973,T52W,0.227,benign,CYP24A1,52.0
Q07973,T52Y,0.1277,benign,CYP24A1,52.0
Q07973,Q53A,0.0906,benign,CYP24A1,53.0
Q07973,Q53C,0.2155,benign,CYP24A1,53.0
Q07973,Q53D,0.1587,benign,CYP24A1,53.0
Q07973,Q53E,0.0668,benign,CYP24A1,53.0
Q07973,Q53F,0.3276,benign,CYP24A1,53.0
Q07973,Q53G,0.0856,benign,CYP24A1,53.0
Q07973,Q53H,0.0966,benign,CYP24A1,53.0
Q07973,Q53I,0.2009,benign,CYP24A1,53.0
Q07973,Q53K,0.0644,benign,CYP24A1,53.0
Q07973,Q53L,0.091,benign,CYP24A1,53.0
Q07973,Q53M,0.2246,benign,CYP24A1,53.0
Q07973,Q53N,0.1584,benign,CYP24A1,53.0
Q07973,Q53P,0.0648,benign,CYP24A1,53.0
Q07973,Q53R,0.052,benign,CYP24A1,53.0
Q07973,Q53S,0.1089,benign,CYP24A1,53.0
Q07973,Q53T,0.0996,benign,CYP24A1,53.0
Q07973,Q53V,0.1351,benign,CYP24A1,53.0
Q07973,Q53W,0.1546,benign,CYP24A1,53.0
Q07973,Q53Y,0.1914,benign,CYP24A1,53.0
Q07973,N54A,0.0711,benign,CYP24A1,54.0
Q07973,N54C,0.1155,benign,CYP24A1,54.0
Q07973,N54D,0.0552,benign,CYP24A1,54.0
Q07973,N54E,0.094,benign,CYP24A1,54.0
Q07973,N54F,0.2232,benign,CYP24A1,54.0
Q07973,N54G,0.0952,benign,CYP24A1,54.0
Q07973,N54H,0.0631,benign,CYP24A1,54.0
Q07973,N54I,0.111,benign,CYP24A1,54.0
Q07973,N54K,0.0884,benign,CYP24A1,54.0
Q07973,N54L,0.1065,benign,CYP24A1,54.0
Q07973,N54M,0.1622,benign,CYP24A1,54.0
Q07973,N54P,0.1079,benign,CYP24A1,54.0
Q07973,N54Q,0.1053,benign,CYP24A1,54.0
Q07973,N54R,0.0927,benign,CYP24A1,54.0
Q07973,N54S,0.0615,benign,CYP24A1,54.0
Q07973,N54T,0.0683,benign,CYP24A1,54.0
Q07973,N54V,0.0919,benign,CYP24A1,54.0
Q07973,N54W,0.3105,benign,CYP24A1,54.0
Q07973,N54Y,0.0835,benign,CYP24A1,54.0
Q07973,A55C,0.276,benign,CYP24A1,55.0
Q07973,A55D,0.1313,benign,CYP24A1,55.0
Q07973,A55E,0.1217,benign,CYP24A1,55.0
Q07973,A55F,0.1578,benign,CYP24A1,55.0
Q07973,A55G,0.0982,benign,CYP24A1,55.0
Q07973,A55H,0.2151,benign,CYP24A1,55.0
Q07973,A55I,0.1105,benign,CYP24A1,55.0
Q07973,A55K,0.1875,benign,CYP24A1,55.0
Q07973,A55L,0.0962,benign,CYP24A1,55.0
Q07973,A55M,0.1289,benign,CYP24A1,55.0
Q07973,A55N,0.1739,benign,CYP24A1,55.0
Q07973,A55P,0.0829,benign,CYP24A1,55.0
Q07973,A55Q,0.1826,benign,CYP24A1,55.0
Q07973,A55R,0.162,benign,CYP24A1,55.0
Q07973,A55S,0.093,benign,CYP24A1,55.0
Q07973,A55T,0.0724,benign,CYP24A1,55.0
Q07973,A55V,0.0739,benign,CYP24A1,55.0
Q07973,A55W,0.3247,benign,CYP24A1,55.0
Q07973,A55Y,0.2107,benign,CYP24A1,55.0
Q07973,A56C,0.2539,benign,CYP24A1,56.0
Q07973,A56D,0.0802,benign,CYP24A1,56.0
Q07973,A56E,0.0916,benign,CYP24A1,56.0
Q07973,A56F,0.1551,benign,CYP24A1,56.0
Q07973,A56G,0.0858,benign,CYP24A1,56.0
Q07973,A56H,0.1686,benign,CYP24A1,56.0
Q07973,A56I,0.1248,benign,CYP24A1,56.0
Q07973,A56K,0.1252,benign,CYP24A1,56.0
Q07973,A56L,0.0967,benign,CYP24A1,56.0
Q07973,A56M,0.1244,benign,CYP24A1,56.0
Q07973,A56N,0.1174,benign,CYP24A1,56.0
Q07973,A56P,0.1029,benign,CYP24A1,56.0
Q07973,A56Q,0.1367,benign,CYP24A1,56.0
Q07973,A56R,0.1154,benign,CYP24A1,56.0
Q07973,A56S,0.0772,benign,CYP24A1,56.0
Q07973,A56T,0.0681,benign,CYP24A1,56.0
Q07973,A56V,0.0799,benign,CYP24A1,56.0
Q07973,A56W,0.2858,benign,CYP24A1,56.0
Q07973,A56Y,0.1914,benign,CYP24A1,56.0
Q07973,A57C,0.2295,benign,CYP24A1,57.0
Q07973,A57D,0.0935,benign,CYP24A1,57.0
Q07973,A57E,0.1017,benign,CYP24A1,57.0
Q07973,A57F,0.1406,benign,CYP24A1,57.0
Q07973,A57G,0.0886,benign,CYP24A1,57.0
Q07973,A57H,0.1687,benign,CYP24A1,57.0
Q07973,A57I,0.114,benign,CYP24A1,57.0
Q07973,A57K,0.1407,benign,CYP24A1,57.0
Q07973,A57L,0.0946,benign,CYP24A1,57.0
Q07973,A57M,0.1245,benign,CYP24A1,57.0
Q07973,A57N,0.1155,benign,CYP24A1,57.0
Q07973,A57P,0.1241,benign,CYP24A1,57.0
Q07973,A57Q,0.134,benign,CYP24A1,57.0
Q07973,A57R,0.1259,benign,CYP24A1,57.0
Q07973,A57S,0.0743,benign,CYP24A1,57.0
Q07973,A57T,0.0682,benign,CYP24A1,57.0
Q07973,A57V,0.0746,benign,CYP24A1,57.0
Q07973,A57W,0.3137,benign,CYP24A1,57.0
Q07973,A57Y,0.1927,benign,CYP24A1,57.0
Q07973,L58A,0.5741,pathogenic,CYP24A1,58.0
Q07973,L58C,0.7352,pathogenic,CYP24A1,58.0
Q07973,L58D,0.975,pathogenic,CYP24A1,58.0
Q07973,L58E,0.8693,pathogenic,CYP24A1,58.0
Q07973,L58F,0.2614,benign,CYP24A1,58.0
Q07973,L58G,0.867,pathogenic,CYP24A1,58.0
Q07973,L58H,0.7902,pathogenic,CYP24A1,58.0
Q07973,L58I,0.106,benign,CYP24A1,58.0
Q07973,L58K,0.8463,pathogenic,CYP24A1,58.0
Q07973,L58M,0.167,benign,CYP24A1,58.0
Q07973,L58N,0.923,pathogenic,CYP24A1,58.0
Q07973,L58P,0.4391,ambiguous,CYP24A1,58.0
Q07973,L58Q,0.6646,pathogenic,CYP24A1,58.0
Q07973,L58R,0.7097,pathogenic,CYP24A1,58.0
Q07973,L58S,0.7687,pathogenic,CYP24A1,58.0
Q07973,L58T,0.6773,pathogenic,CYP24A1,58.0
Q07973,L58V,0.1119,benign,CYP24A1,58.0
Q07973,L58W,0.5989,pathogenic,CYP24A1,58.0
Q07973,L58Y,0.7546,pathogenic,CYP24A1,58.0
Q07973,P59A,0.1356,benign,CYP24A1,59.0
Q07973,P59C,0.5957,pathogenic,CYP24A1,59.0
Q07973,P59D,0.6317,pathogenic,CYP24A1,59.0
Q07973,P59E,0.3825,ambiguous,CYP24A1,59.0
Q07973,P59F,0.7328,pathogenic,CYP24A1,59.0
Q07973,P59G,0.4053,ambiguous,CYP24A1,59.0
Q07973,P59H,0.2942,benign,CYP24A1,59.0
Q07973,P59I,0.6269,pathogenic,CYP24A1,59.0
Q07973,P59K,0.3784,ambiguous,CYP24A1,59.0
Q07973,P59L,0.2343,benign,CYP24A1,59.0
Q07973,P59M,0.6286,pathogenic,CYP24A1,59.0
Q07973,P59N,0.6221,pathogenic,CYP24A1,59.0
Q07973,P59Q,0.2404,benign,CYP24A1,59.0
Q07973,P59R,0.1837,benign,CYP24A1,59.0
Q07973,P59S,0.2294,benign,CYP24A1,59.0
Q07973,P59T,0.2168,benign,CYP24A1,59.0
Q07973,P59V,0.4248,ambiguous,CYP24A1,59.0
Q07973,P59W,0.7343,pathogenic,CYP24A1,59.0
Q07973,P59Y,0.6625,pathogenic,CYP24A1,59.0
Q07973,G60A,0.2097,benign,CYP24A1,60.0
Q07973,G60C,0.3772,ambiguous,CYP24A1,60.0
Q07973,G60D,0.8048,pathogenic,CYP24A1,60.0
Q07973,G60E,0.5848,pathogenic,CYP24A1,60.0
Q07973,G60F,0.7562,pathogenic,CYP24A1,60.0
Q07973,G60H,0.7783,pathogenic,CYP24A1,60.0
Q07973,G60I,0.5623,ambiguous,CYP24A1,60.0
Q07973,G60K,0.7516,pathogenic,CYP24A1,60.0
Q07973,G60L,0.6772,pathogenic,CYP24A1,60.0
Q07973,G60M,0.7498,pathogenic,CYP24A1,60.0
Q07973,G60N,0.8012,pathogenic,CYP24A1,60.0
Q07973,G60P,0.9284,pathogenic,CYP24A1,60.0
Q07973,G60Q,0.6343,pathogenic,CYP24A1,60.0
Q07973,G60R,0.5887,pathogenic,CYP24A1,60.0
Q07973,G60S,0.1994,benign,CYP24A1,60.0
Q07973,G60T,0.3957,ambiguous,CYP24A1,60.0
Q07973,G60V,0.4261,ambiguous,CYP24A1,60.0
Q07973,G60W,0.72,pathogenic,CYP24A1,60.0
Q07973,G60Y,0.7051,pathogenic,CYP24A1,60.0
Q07973,P61A,0.3556,ambiguous,CYP24A1,61.0
Q07973,P61C,0.8609,pathogenic,CYP24A1,61.0
Q07973,P61D,0.8886,pathogenic,CYP24A1,61.0
Q07973,P61E,0.7574,pathogenic,CYP24A1,61.0
Q07973,P61F,0.8454,pathogenic,CYP24A1,61.0
Q07973,P61G,0.7697,pathogenic,CYP24A1,61.0
Q07973,P61H,0.7201,pathogenic,CYP24A1,61.0
Q07973,P61I,0.6175,pathogenic,CYP24A1,61.0
Q07973,P61K,0.8188,pathogenic,CYP24A1,61.0
Q07973,P61L,0.4123,ambiguous,CYP24A1,61.0
Q07973,P61M,0.7122,pathogenic,CYP24A1,61.0
Q07973,P61N,0.8932,pathogenic,CYP24A1,61.0
Q07973,P61Q,0.6653,pathogenic,CYP24A1,61.0
Q07973,P61R,0.6431,pathogenic,CYP24A1,61.0
Q07973,P61S,0.6255,pathogenic,CYP24A1,61.0
Q07973,P61T,0.4959,ambiguous,CYP24A1,61.0
Q07973,P61V,0.5008,ambiguous,CYP24A1,61.0
Q07973,P61W,0.9302,pathogenic,CYP24A1,61.0
Q07973,P61Y,0.8858,pathogenic,CYP24A1,61.0
Q07973,T62A,0.0566,benign,CYP24A1,62.0
Q07973,T62C,0.2939,benign,CYP24A1,62.0
Q07973,T62D,0.2111,benign,CYP24A1,62.0
Q07973,T62E,0.163,benign,CYP24A1,62.0
Q07973,T62F,0.1573,benign,CYP24A1,62.0
Q07973,T62G,0.1299,benign,CYP24A1,62.0
Q07973,T62H,0.1517,benign,CYP24A1,62.0
Q07973,T62I,0.1324,benign,CYP24A1,62.0
Q07973,T62K,0.103,benign,CYP24A1,62.0
Q07973,T62L,0.0943,benign,CYP24A1,62.0
Q07973,T62M,0.1141,benign,CYP24A1,62.0
Q07973,T62N,0.1201,benign,CYP24A1,62.0
Q07973,T62P,0.0621,benign,CYP24A1,62.0
Q07973,T62Q,0.1335,benign,CYP24A1,62.0
Q07973,T62R,0.0837,benign,CYP24A1,62.0
Q07973,T62S,0.0858,benign,CYP24A1,62.0
Q07973,T62V,0.1007,benign,CYP24A1,62.0
Q07973,T62W,0.3202,benign,CYP24A1,62.0
Q07973,T62Y,0.1846,benign,CYP24A1,62.0
Q07973,S63A,0.0914,benign,CYP24A1,63.0
Q07973,S63C,0.0904,benign,CYP24A1,63.0
Q07973,S63D,0.1173,benign,CYP24A1,63.0
Q07973,S63E,0.2202,benign,CYP24A1,63.0
Q07973,S63F,0.2808,benign,CYP24A1,63.0
Q07973,S63G,0.0675,benign,CYP24A1,63.0
Q07973,S63H,0.1203,benign,CYP24A1,63.0
Q07973,S63I,0.1594,benign,CYP24A1,63.0
Q07973,S63K,0.1988,benign,CYP24A1,63.0
Q07973,S63L,0.1696,benign,CYP24A1,63.0
Q07973,S63M,0.2474,benign,CYP24A1,63.0
Q07973,S63N,0.0639,benign,CYP24A1,63.0
Q07973,S63P,0.1507,benign,CYP24A1,63.0
Q07973,S63Q,0.1968,benign,CYP24A1,63.0
Q07973,S63R,0.1604,benign,CYP24A1,63.0
Q07973,S63T,0.0874,benign,CYP24A1,63.0
Q07973,S63V,0.1541,benign,CYP24A1,63.0
Q07973,S63W,0.2894,benign,CYP24A1,63.0
Q07973,S63Y,0.15,benign,CYP24A1,63.0
Q07973,W64A,0.4027,ambiguous,CYP24A1,64.0
Q07973,W64C,0.4263,ambiguous,CYP24A1,64.0
Q07973,W64D,0.8884,pathogenic,CYP24A1,64.0
Q07973,W64E,0.843,pathogenic,CYP24A1,64.0
Q07973,W64F,0.1474,benign,CYP24A1,64.0
Q07973,W64G,0.2577,benign,CYP24A1,64.0
Q07973,W64H,0.6453,pathogenic,CYP24A1,64.0
Q07973,W64I,0.256,benign,CYP24A1,64.0
Q07973,W64K,0.7583,pathogenic,CYP24A1,64.0
Q07973,W64L,0.1076,benign,CYP24A1,64.0
Q07973,W64M,0.3451,ambiguous,CYP24A1,64.0
Q07973,W64N,0.7949,pathogenic,CYP24A1,64.0
Q07973,W64P,0.776,pathogenic,CYP24A1,64.0
Q07973,W64Q,0.7264,pathogenic,CYP24A1,64.0
Q07973,W64R,0.6695,pathogenic,CYP24A1,64.0
Q07973,W64S,0.3623,ambiguous,CYP24A1,64.0
Q07973,W64T,0.4316,ambiguous,CYP24A1,64.0
Q07973,W64V,0.2346,benign,CYP24A1,64.0
Q07973,W64Y,0.2851,benign,CYP24A1,64.0
Q07973,P65A,0.2801,benign,CYP24A1,65.0
Q07973,P65C,0.7157,pathogenic,CYP24A1,65.0
Q07973,P65D,0.8212,pathogenic,CYP24A1,65.0
Q07973,P65E,0.7163,pathogenic,CYP24A1,65.0
Q07973,P65F,0.494,ambiguous,CYP24A1,65.0
Q07973,P65G,0.5164,ambiguous,CYP24A1,65.0
Q07973,P65H,0.376,ambiguous,CYP24A1,65.0
Q07973,P65I,0.4825,ambiguous,CYP24A1,65.0
Q07973,P65K,0.5735,pathogenic,CYP24A1,65.0
Q07973,P65L,0.2396,benign,CYP24A1,65.0
Q07973,P65M,0.5647,pathogenic,CYP24A1,65.0
Q07973,P65N,0.7169,pathogenic,CYP24A1,65.0
Q07973,P65Q,0.4506,ambiguous,CYP24A1,65.0
Q07973,P65R,0.3442,ambiguous,CYP24A1,65.0
Q07973,P65S,0.3866,ambiguous,CYP24A1,65.0
Q07973,P65T,0.3201,benign,CYP24A1,65.0
Q07973,P65V,0.3922,ambiguous,CYP24A1,65.0
Q07973,P65W,0.5341,ambiguous,CYP24A1,65.0
Q07973,P65Y,0.5092,ambiguous,CYP24A1,65.0
Q07973,L66A,0.1868,benign,CYP24A1,66.0
Q07973,L66C,0.3301,benign,CYP24A1,66.0
Q07973,L66D,0.7957,pathogenic,CYP24A1,66.0
Q07973,L66E,0.5559,ambiguous,CYP24A1,66.0
Q07973,L66F,0.0701,benign,CYP24A1,66.0
Q07973,L66G,0.3411,ambiguous,CYP24A1,66.0
Q07973,L66H,0.3215,benign,CYP24A1,66.0
Q07973,L66I,0.0838,benign,CYP24A1,66.0
Q07973,L66K,0.4083,ambiguous,CYP24A1,66.0
Q07973,L66M,0.1288,benign,CYP24A1,66.0
Q07973,L66N,0.5712,pathogenic,CYP24A1,66.0
Q07973,L66P,0.2554,benign,CYP24A1,66.0
Q07973,L66Q,0.2923,benign,CYP24A1,66.0
Q07973,L66R,0.2623,benign,CYP24A1,66.0
Q07973,L66S,0.2977,benign,CYP24A1,66.0
Q07973,L66T,0.2936,benign,CYP24A1,66.0
Q07973,L66V,0.0722,benign,CYP24A1,66.0
Q07973,L66W,0.141,benign,CYP24A1,66.0
Q07973,L66Y,0.2723,benign,CYP24A1,66.0
Q07973,L67A,0.1505,benign,CYP24A1,67.0
Q07973,L67C,0.3736,ambiguous,CYP24A1,67.0
Q07973,L67D,0.8986,pathogenic,CYP24A1,67.0
Q07973,L67E,0.7019,pathogenic,CYP24A1,67.0
Q07973,L67F,0.0885,benign,CYP24A1,67.0
Q07973,L67G,0.4181,ambiguous,CYP24A1,67.0
Q07973,L67H,0.4942,ambiguous,CYP24A1,67.0
Q07973,L67I,0.0953,benign,CYP24A1,67.0
Q07973,L67K,0.6398,pathogenic,CYP24A1,67.0
Q07973,L67M,0.1225,benign,CYP24A1,67.0
Q07973,L67N,0.7677,pathogenic,CYP24A1,67.0
Q07973,L67P,0.2889,benign,CYP24A1,67.0
Q07973,L67Q,0.4221,ambiguous,CYP24A1,67.0
Q07973,L67R,0.4453,ambiguous,CYP24A1,67.0
Q07973,L67S,0.3382,benign,CYP24A1,67.0
Q07973,L67T,0.1974,benign,CYP24A1,67.0
Q07973,L67V,0.0818,benign,CYP24A1,67.0
Q07973,L67W,0.1702,benign,CYP24A1,67.0
Q07973,L67Y,0.465,ambiguous,CYP24A1,67.0
Q07973,G68A,0.6398,pathogenic,CYP24A1,68.0
Q07973,G68C,0.8052,pathogenic,CYP24A1,68.0
Q07973,G68D,0.8739,pathogenic,CYP24A1,68.0
Q07973,G68E,0.8996,pathogenic,CYP24A1,68.0
Q07973,G68F,0.9471,pathogenic,CYP24A1,68.0
Q07973,G68H,0.9479,pathogenic,CYP24A1,68.0
Q07973,G68I,0.9084,pathogenic,CYP24A1,68.0
Q07973,G68K,0.9589,pathogenic,CYP24A1,68.0
Q07973,G68L,0.9232,pathogenic,CYP24A1,68.0
Q07973,G68M,0.9685,pathogenic,CYP24A1,68.0
Q07973,G68N,0.929,pathogenic,CYP24A1,68.0
Q07973,G68P,0.9549,pathogenic,CYP24A1,68.0
Q07973,G68Q,0.9195,pathogenic,CYP24A1,68.0
Q07973,G68R,0.8882,pathogenic,CYP24A1,68.0
Q07973,G68S,0.5509,ambiguous,CYP24A1,68.0
Q07973,G68T,0.8411,pathogenic,CYP24A1,68.0
Q07973,G68V,0.8313,pathogenic,CYP24A1,68.0
Q07973,G68W,0.8799,pathogenic,CYP24A1,68.0
Q07973,G68Y,0.9182,pathogenic,CYP24A1,68.0
Q07973,S69A,0.2615,benign,CYP24A1,69.0
Q07973,S69C,0.2349,benign,CYP24A1,69.0
Q07973,S69D,0.6752,pathogenic,CYP24A1,69.0
Q07973,S69E,0.9046,pathogenic,CYP24A1,69.0
Q07973,S69F,0.6843,pathogenic,CYP24A1,69.0
Q07973,S69G,0.1707,benign,CYP24A1,69.0
Q07973,S69H,0.6928,pathogenic,CYP24A1,69.0
Q07973,S69I,0.6576,pathogenic,CYP24A1,69.0
Q07973,S69K,0.9782,pathogenic,CYP24A1,69.0
Q07973,S69L,0.4985,ambiguous,CYP24A1,69.0
Q07973,S69M,0.632,pathogenic,CYP24A1,69.0
Q07973,S69N,0.3031,benign,CYP24A1,69.0
Q07973,S69P,0.6734,pathogenic,CYP24A1,69.0
Q07973,S69Q,0.8861,pathogenic,CYP24A1,69.0
Q07973,S69R,0.9613,pathogenic,CYP24A1,69.0
Q07973,S69T,0.1649,benign,CYP24A1,69.0
Q07973,S69V,0.6043,pathogenic,CYP24A1,69.0
Q07973,S69W,0.7268,pathogenic,CYP24A1,69.0
Q07973,S69Y,0.58,pathogenic,CYP24A1,69.0
Q07973,L70A,0.3179,benign,CYP24A1,70.0
Q07973,L70C,0.6326,pathogenic,CYP24A1,70.0
Q07973,L70D,0.9582,pathogenic,CYP24A1,70.0
Q07973,L70E,0.8568,pathogenic,CYP24A1,70.0
Q07973,L70F,0.1156,benign,CYP24A1,70.0
Q07973,L70G,0.6408,pathogenic,CYP24A1,70.0
Q07973,L70H,0.6231,pathogenic,CYP24A1,70.0
Q07973,L70I,0.1216,benign,CYP24A1,70.0
Q07973,L70K,0.7841,pathogenic,CYP24A1,70.0
Q07973,L70M,0.1526,benign,CYP24A1,70.0
Q07973,L70N,0.8089,pathogenic,CYP24A1,70.0
Q07973,L70P,0.7222,pathogenic,CYP24A1,70.0
Q07973,L70Q,0.5423,ambiguous,CYP24A1,70.0
Q07973,L70R,0.6263,pathogenic,CYP24A1,70.0
Q07973,L70S,0.4368,ambiguous,CYP24A1,70.0
Q07973,L70T,0.3675,ambiguous,CYP24A1,70.0
Q07973,L70V,0.1185,benign,CYP24A1,70.0
Q07973,L70W,0.3344,benign,CYP24A1,70.0
Q07973,L70Y,0.5438,ambiguous,CYP24A1,70.0
Q07973,L71A,0.1873,benign,CYP24A1,71.0
Q07973,L71C,0.3383,benign,CYP24A1,71.0
Q07973,L71D,0.7623,pathogenic,CYP24A1,71.0
Q07973,L71E,0.5472,ambiguous,CYP24A1,71.0
Q07973,L71F,0.0768,benign,CYP24A1,71.0
Q07973,L71G,0.3369,benign,CYP24A1,71.0
Q07973,L71H,0.2514,benign,CYP24A1,71.0
Q07973,L71I,0.0975,benign,CYP24A1,71.0
Q07973,L71K,0.4062,ambiguous,CYP24A1,71.0
Q07973,L71M,0.1323,benign,CYP24A1,71.0
Q07973,L71N,0.5328,ambiguous,CYP24A1,71.0
Q07973,L71P,0.1015,benign,CYP24A1,71.0
Q07973,L71Q,0.255,benign,CYP24A1,71.0
Q07973,L71R,0.2493,benign,CYP24A1,71.0
Q07973,L71S,0.2588,benign,CYP24A1,71.0
Q07973,L71T,0.2423,benign,CYP24A1,71.0
Q07973,L71V,0.0927,benign,CYP24A1,71.0
Q07973,L71W,0.1044,benign,CYP24A1,71.0
Q07973,L71Y,0.265,benign,CYP24A1,71.0
Q07973,Q72A,0.155,benign,CYP24A1,72.0
Q07973,Q72C,0.5915,pathogenic,CYP24A1,72.0
Q07973,Q72D,0.1141,benign,CYP24A1,72.0
Q07973,Q72E,0.0432,benign,CYP24A1,72.0
Q07973,Q72F,0.6394,pathogenic,CYP24A1,72.0
Q07973,Q72G,0.1341,benign,CYP24A1,72.0
Q07973,Q72H,0.1678,benign,CYP24A1,72.0
Q07973,Q72I,0.4797,ambiguous,CYP24A1,72.0
Q07973,Q72K,0.117,benign,CYP24A1,72.0
Q07973,Q72L,0.1746,benign,CYP24A1,72.0
Q07973,Q72M,0.3966,ambiguous,CYP24A1,72.0
Q07973,Q72N,0.1906,benign,CYP24A1,72.0
Q07973,Q72P,0.096,benign,CYP24A1,72.0
Q07973,Q72R,0.129,benign,CYP24A1,72.0
Q07973,Q72S,0.1515,benign,CYP24A1,72.0
Q07973,Q72T,0.1685,benign,CYP24A1,72.0
Q07973,Q72V,0.2715,benign,CYP24A1,72.0
Q07973,Q72W,0.4609,ambiguous,CYP24A1,72.0
Q07973,Q72Y,0.3643,ambiguous,CYP24A1,72.0
Q07973,I73A,0.7405,pathogenic,CYP24A1,73.0
Q07973,I73C,0.8021,pathogenic,CYP24A1,73.0
Q07973,I73D,0.9277,pathogenic,CYP24A1,73.0
Q07973,I73E,0.9008,pathogenic,CYP24A1,73.0
Q07973,I73F,0.1832,benign,CYP24A1,73.0
Q07973,I73G,0.8562,pathogenic,CYP24A1,73.0
Q07973,I73H,0.799,pathogenic,CYP24A1,73.0
Q07973,I73K,0.869,pathogenic,CYP24A1,73.0
Q07973,I73L,0.0934,benign,CYP24A1,73.0
Q07973,I73M,0.1331,benign,CYP24A1,73.0
Q07973,I73N,0.5865,pathogenic,CYP24A1,73.0
Q07973,I73P,0.9035,pathogenic,CYP24A1,73.0
Q07973,I73Q,0.8407,pathogenic,CYP24A1,73.0
Q07973,I73R,0.8124,pathogenic,CYP24A1,73.0
Q07973,I73S,0.6959,pathogenic,CYP24A1,73.0
Q07973,I73T,0.7242,pathogenic,CYP24A1,73.0
Q07973,I73V,0.1152,benign,CYP24A1,73.0
Q07973,I73W,0.8081,pathogenic,CYP24A1,73.0
Q07973,I73Y,0.5871,pathogenic,CYP24A1,73.0
Q07973,L74A,0.2184,benign,CYP24A1,74.0
Q07973,L74C,0.3447,ambiguous,CYP24A1,74.0
Q07973,L74D,0.9016,pathogenic,CYP24A1,74.0
Q07973,L74E,0.688,pathogenic,CYP24A1,74.0
Q07973,L74F,0.0697,benign,CYP24A1,74.0
Q07973,L74G,0.4904,ambiguous,CYP24A1,74.0
Q07973,L74H,0.3861,ambiguous,CYP24A1,74.0
Q07973,L74I,0.0915,benign,CYP24A1,74.0
Q07973,L74K,0.5205,ambiguous,CYP24A1,74.0
Q07973,L74M,0.1152,benign,CYP24A1,74.0
Q07973,L74N,0.6609,pathogenic,CYP24A1,74.0
Q07973,L74P,0.6185,pathogenic,CYP24A1,74.0
Q07973,L74Q,0.3265,benign,CYP24A1,74.0
Q07973,L74R,0.3317,benign,CYP24A1,74.0
Q07973,L74S,0.3239,benign,CYP24A1,74.0
Q07973,L74T,0.273,benign,CYP24A1,74.0
Q07973,L74V,0.0945,benign,CYP24A1,74.0
Q07973,L74W,0.1481,benign,CYP24A1,74.0
Q07973,L74Y,0.3229,benign,CYP24A1,74.0
Q07973,W75A,0.1852,benign,CYP24A1,75.0
Q07973,W75C,0.243,benign,CYP24A1,75.0
Q07973,W75D,0.5924,pathogenic,CYP24A1,75.0
Q07973,W75E,0.4092,ambiguous,CYP24A1,75.0
Q07973,W75F,0.1719,benign,CYP24A1,75.0
Q07973,W75G,0.1012,benign,CYP24A1,75.0
Q07973,W75H,0.3071,benign,CYP24A1,75.0
Q07973,W75I,0.2863,benign,CYP24A1,75.0
Q07973,W75K,0.2351,benign,CYP24A1,75.0
Q07973,W75L,0.1356,benign,CYP24A1,75.0
Q07973,W75M,0.3137,benign,CYP24A1,75.0
Q07973,W75N,0.5291,ambiguous,CYP24A1,75.0
Q07973,W75P,0.6557,pathogenic,CYP24A1,75.0
Q07973,W75Q,0.2317,benign,CYP24A1,75.0
Q07973,W75R,0.1734,benign,CYP24A1,75.0
Q07973,W75S,0.1807,benign,CYP24A1,75.0
Q07973,W75T,0.2382,benign,CYP24A1,75.0
Q07973,W75V,0.2292,benign,CYP24A1,75.0
Q07973,W75Y,0.2433,benign,CYP24A1,75.0
Q07973,K76A,0.351,ambiguous,CYP24A1,76.0
Q07973,K76C,0.6284,pathogenic,CYP24A1,76.0
Q07973,K76D,0.5396,ambiguous,CYP24A1,76.0
Q07973,K76E,0.1766,benign,CYP24A1,76.0
Q07973,K76F,0.7137,pathogenic,CYP24A1,76.0
Q07973,K76G,0.3878,ambiguous,CYP24A1,76.0
Q07973,K76H,0.2668,benign,CYP24A1,76.0
Q07973,K76I,0.4292,ambiguous,CYP24A1,76.0
Q07973,K76L,0.3447,ambiguous,CYP24A1,76.0
Q07973,K76M,0.2521,benign,CYP24A1,76.0
Q07973,K76N,0.3382,benign,CYP24A1,76.0
Q07973,K76P,0.8421,pathogenic,CYP24A1,76.0
Q07973,K76Q,0.1313,benign,CYP24A1,76.0
Q07973,K76R,0.0905,benign,CYP24A1,76.0
Q07973,K76S,0.3933,ambiguous,CYP24A1,76.0
Q07973,K76T,0.2404,benign,CYP24A1,76.0
Q07973,K76V,0.4028,ambiguous,CYP24A1,76.0
Q07973,K76W,0.6429,pathogenic,CYP24A1,76.0
Q07973,K76Y,0.5159,ambiguous,CYP24A1,76.0
Q07973,G77A,0.3823,ambiguous,CYP24A1,77.0
Q07973,G77C,0.581,pathogenic,CYP24A1,77.0
Q07973,G77D,0.2666,benign,CYP24A1,77.0
Q07973,G77E,0.3826,ambiguous,CYP24A1,77.0
Q07973,G77F,0.8727,pathogenic,CYP24A1,77.0
Q07973,G77H,0.66,pathogenic,CYP24A1,77.0
Q07973,G77I,0.7457,pathogenic,CYP24A1,77.0
Q07973,G77K,0.5771,pathogenic,CYP24A1,77.0
Q07973,G77L,0.8584,pathogenic,CYP24A1,77.0
Q07973,G77M,0.8465,pathogenic,CYP24A1,77.0
Q07973,G77N,0.4558,ambiguous,CYP24A1,77.0
Q07973,G77P,0.9365,pathogenic,CYP24A1,77.0
Q07973,G77Q,0.567,pathogenic,CYP24A1,77.0
Q07973,G77R,0.5244,ambiguous,CYP24A1,77.0
Q07973,G77S,0.2461,benign,CYP24A1,77.0
Q07973,G77T,0.4549,ambiguous,CYP24A1,77.0
Q07973,G77V,0.5771,pathogenic,CYP24A1,77.0
Q07973,G77W,0.6967,pathogenic,CYP24A1,77.0
Q07973,G77Y,0.6494,pathogenic,CYP24A1,77.0
Q07973,G78A,0.3149,benign,CYP24A1,78.0
Q07973,G78C,0.4618,ambiguous,CYP24A1,78.0
Q07973,G78D,0.4867,ambiguous,CYP24A1,78.0
Q07973,G78E,0.5551,ambiguous,CYP24A1,78.0
Q07973,G78F,0.7013,pathogenic,CYP24A1,78.0
Q07973,G78H,0.6125,pathogenic,CYP24A1,78.0
Q07973,G78I,0.5355,ambiguous,CYP24A1,78.0
Q07973,G78K,0.654,pathogenic,CYP24A1,78.0
Q07973,G78L,0.7256,pathogenic,CYP24A1,78.0
Q07973,G78M,0.7407,pathogenic,CYP24A1,78.0
Q07973,G78N,0.5373,ambiguous,CYP24A1,78.0
Q07973,G78P,0.8989,pathogenic,CYP24A1,78.0
Q07973,G78Q,0.6007,pathogenic,CYP24A1,78.0
Q07973,G78R,0.5123,ambiguous,CYP24A1,78.0
Q07973,G78S,0.1607,benign,CYP24A1,78.0
Q07973,G78T,0.3397,benign,CYP24A1,78.0
Q07973,G78V,0.4589,ambiguous,CYP24A1,78.0
Q07973,G78W,0.5332,ambiguous,CYP24A1,78.0
Q07973,G78Y,0.5637,ambiguous,CYP24A1,78.0
Q07973,L79A,0.5629,ambiguous,CYP24A1,79.0
Q07973,L79C,0.7588,pathogenic,CYP24A1,79.0
Q07973,L79D,0.9312,pathogenic,CYP24A1,79.0
Q07973,L79E,0.7763,pathogenic,CYP24A1,79.0
Q07973,L79F,0.1489,benign,CYP24A1,79.0
Q07973,L79G,0.7547,pathogenic,CYP24A1,79.0
Q07973,L79H,0.6504,pathogenic,CYP24A1,79.0
Q07973,L79I,0.13,benign,CYP24A1,79.0
Q07973,L79K,0.6682,pathogenic,CYP24A1,79.0
Q07973,L79M,0.1692,benign,CYP24A1,79.0
Q07973,L79N,0.7931,pathogenic,CYP24A1,79.0
Q07973,L79P,0.3498,ambiguous,CYP24A1,79.0
Q07973,L79Q,0.5183,ambiguous,CYP24A1,79.0
Q07973,L79R,0.5157,ambiguous,CYP24A1,79.0
Q07973,L79S,0.6831,pathogenic,CYP24A1,79.0
Q07973,L79T,0.5859,pathogenic,CYP24A1,79.0
Q07973,L79V,0.1639,benign,CYP24A1,79.0
Q07973,L79W,0.2602,benign,CYP24A1,79.0
Q07973,L79Y,0.5739,pathogenic,CYP24A1,79.0
Q07973,K80A,0.2172,benign,CYP24A1,80.0
Q07973,K80C,0.5211,ambiguous,CYP24A1,80.0
Q07973,K80D,0.4587,ambiguous,CYP24A1,80.0
Q07973,K80E,0.1183,benign,CYP24A1,80.0
Q07973,K80F,0.6132,pathogenic,CYP24A1,80.0
Q07973,K80G,0.2348,benign,CYP24A1,80.0
Q07973,K80H,0.2457,benign,CYP24A1,80.0
Q07973,K80I,0.3207,benign,CYP24A1,80.0
Q07973,K80L,0.2303,benign,CYP24A1,80.0
Q07973,K80M,0.2024,benign,CYP24A1,80.0
Q07973,K80N,0.3413,ambiguous,CYP24A1,80.0
Q07973,K80P,0.3977,ambiguous,CYP24A1,80.0
Q07973,K80Q,0.0924,benign,CYP24A1,80.0
Q07973,K80R,0.0689,benign,CYP24A1,80.0
Q07973,K80S,0.2599,benign,CYP24A1,80.0
Q07973,K80T,0.1267,benign,CYP24A1,80.0
Q07973,K80V,0.2643,benign,CYP24A1,80.0
Q07973,K80W,0.4864,ambiguous,CYP24A1,80.0
Q07973,K80Y,0.4651,ambiguous,CYP24A1,80.0
Q07973,K81A,0.3455,ambiguous,CYP24A1,81.0
Q07973,K81C,0.5409,ambiguous,CYP24A1,81.0
Q07973,K81D,0.5939,pathogenic,CYP24A1,81.0
Q07973,K81E,0.2018,benign,CYP24A1,81.0
Q07973,K81F,0.6487,pathogenic,CYP24A1,81.0
Q07973,K81G,0.3527,ambiguous,CYP24A1,81.0
Q07973,K81H,0.227,benign,CYP24A1,81.0
Q07973,K81I,0.3785,ambiguous,CYP24A1,81.0
Q07973,K81L,0.2776,benign,CYP24A1,81.0
Q07973,K81M,0.2143,benign,CYP24A1,81.0
Q07973,K81N,0.3339,benign,CYP24A1,81.0
Q07973,K81P,0.8464,pathogenic,CYP24A1,81.0
Q07973,K81Q,0.1145,benign,CYP24A1,81.0
Q07973,K81R,0.0629,benign,CYP24A1,81.0
Q07973,K81S,0.3854,ambiguous,CYP24A1,81.0
Q07973,K81T,0.1784,benign,CYP24A1,81.0
Q07973,K81V,0.3257,benign,CYP24A1,81.0
Q07973,K81W,0.573,pathogenic,CYP24A1,81.0
Q07973,K81Y,0.431,ambiguous,CYP24A1,81.0
Q07973,Q82A,0.456,ambiguous,CYP24A1,82.0
Q07973,Q82C,0.906,pathogenic,CYP24A1,82.0
Q07973,Q82D,0.9067,pathogenic,CYP24A1,82.0
Q07973,Q82E,0.2096,benign,CYP24A1,82.0
Q07973,Q82F,0.8488,pathogenic,CYP24A1,82.0
Q07973,Q82G,0.5597,ambiguous,CYP24A1,82.0
Q07973,Q82H,0.7068,pathogenic,CYP24A1,82.0
Q07973,Q82I,0.4732,ambiguous,CYP24A1,82.0
Q07973,Q82K,0.5222,ambiguous,CYP24A1,82.0
Q07973,Q82L,0.2518,benign,CYP24A1,82.0
Q07973,Q82M,0.376,ambiguous,CYP24A1,82.0
Q07973,Q82N,0.6734,pathogenic,CYP24A1,82.0
Q07973,Q82P,0.461,ambiguous,CYP24A1,82.0
Q07973,Q82R,0.5466,ambiguous,CYP24A1,82.0
Q07973,Q82S,0.5501,ambiguous,CYP24A1,82.0
Q07973,Q82T,0.4102,ambiguous,CYP24A1,82.0
Q07973,Q82V,0.3858,ambiguous,CYP24A1,82.0
Q07973,Q82W,0.8972,pathogenic,CYP24A1,82.0
Q07973,Q82Y,0.8025,pathogenic,CYP24A1,82.0
Q07973,H83A,0.4788,ambiguous,CYP24A1,83.0
Q07973,H83C,0.392,ambiguous,CYP24A1,83.0
Q07973,H83D,0.5445,ambiguous,CYP24A1,83.0
Q07973,H83E,0.6173,pathogenic,CYP24A1,83.0
Q07973,H83F,0.5344,ambiguous,CYP24A1,83.0
Q07973,H83G,0.5348,ambiguous,CYP24A1,83.0
Q07973,H83I,0.5549,ambiguous,CYP24A1,83.0
Q07973,H83K,0.6592,pathogenic,CYP24A1,83.0
Q07973,H83L,0.3813,ambiguous,CYP24A1,83.0
Q07973,H83M,0.6506,pathogenic,CYP24A1,83.0
Q07973,H83N,0.2565,benign,CYP24A1,83.0
Q07973,H83P,0.2047,benign,CYP24A1,83.0
Q07973,H83Q,0.376,ambiguous,CYP24A1,83.0
Q07973,H83R,0.4333,ambiguous,CYP24A1,83.0
Q07973,H83S,0.4397,ambiguous,CYP24A1,83.0
Q07973,H83T,0.5531,ambiguous,CYP24A1,83.0
Q07973,H83V,0.5104,ambiguous,CYP24A1,83.0
Q07973,H83W,0.5555,ambiguous,CYP24A1,83.0
Q07973,H83Y,0.217,benign,CYP24A1,83.0
Q07973,D84A,0.0759,benign,CYP24A1,84.0
Q07973,D84C,0.1963,benign,CYP24A1,84.0
Q07973,D84E,0.0841,benign,CYP24A1,84.0
Q07973,D84F,0.2073,benign,CYP24A1,84.0
Q07973,D84G,0.1039,benign,CYP24A1,84.0
Q07973,D84H,0.0756,benign,CYP24A1,84.0
Q07973,D84I,0.1187,benign,CYP24A1,84.0
Q07973,D84K,0.1044,benign,CYP24A1,84.0
Q07973,D84L,0.1245,benign,CYP24A1,84.0
Q07973,D84M,0.2584,benign,CYP24A1,84.0
Q07973,D84N,0.0642,benign,CYP24A1,84.0
Q07973,D84P,0.6179,pathogenic,CYP24A1,84.0
Q07973,D84Q,0.0956,benign,CYP24A1,84.0
Q07973,D84R,0.0953,benign,CYP24A1,84.0
Q07973,D84S,0.076,benign,CYP24A1,84.0
Q07973,D84T,0.1058,benign,CYP24A1,84.0
Q07973,D84V,0.0875,benign,CYP24A1,84.0
Q07973,D84W,0.4704,ambiguous,CYP24A1,84.0
Q07973,D84Y,0.0802,benign,CYP24A1,84.0
Q07973,T85A,0.076,benign,CYP24A1,85.0
Q07973,T85C,0.3809,ambiguous,CYP24A1,85.0
Q07973,T85D,0.4773,ambiguous,CYP24A1,85.0
Q07973,T85E,0.4339,ambiguous,CYP24A1,85.0
Q07973,T85F,0.2315,benign,CYP24A1,85.0
Q07973,T85G,0.3272,benign,CYP24A1,85.0
Q07973,T85H,0.2907,benign,CYP24A1,85.0
Q07973,T85I,0.1112,benign,CYP24A1,85.0
Q07973,T85K,0.3012,benign,CYP24A1,85.0
Q07973,T85L,0.0938,benign,CYP24A1,85.0
Q07973,T85M,0.094,benign,CYP24A1,85.0
Q07973,T85N,0.1819,benign,CYP24A1,85.0
Q07973,T85P,0.5493,ambiguous,CYP24A1,85.0
Q07973,T85Q,0.3336,benign,CYP24A1,85.0
Q07973,T85R,0.2246,benign,CYP24A1,85.0
Q07973,T85S,0.1387,benign,CYP24A1,85.0
Q07973,T85V,0.1035,benign,CYP24A1,85.0
Q07973,T85W,0.6305,pathogenic,CYP24A1,85.0
Q07973,T85Y,0.293,benign,CYP24A1,85.0
Q07973,L86A,0.528,ambiguous,CYP24A1,86.0
Q07973,L86C,0.8384,pathogenic,CYP24A1,86.0
Q07973,L86D,0.9761,pathogenic,CYP24A1,86.0
Q07973,L86E,0.8479,pathogenic,CYP24A1,86.0
Q07973,L86F,0.33,benign,CYP24A1,86.0
Q07973,L86G,0.8854,pathogenic,CYP24A1,86.0
Q07973,L86H,0.7583,pathogenic,CYP24A1,86.0
Q07973,L86I,0.1585,benign,CYP24A1,86.0
Q07973,L86K,0.8873,pathogenic,CYP24A1,86.0
Q07973,L86M,0.1472,benign,CYP24A1,86.0
Q07973,L86N,0.8714,pathogenic,CYP24A1,86.0
Q07973,L86P,0.8994,pathogenic,CYP24A1,86.0
Q07973,L86Q,0.5831,pathogenic,CYP24A1,86.0
Q07973,L86R,0.769,pathogenic,CYP24A1,86.0
Q07973,L86S,0.7526,pathogenic,CYP24A1,86.0
Q07973,L86T,0.5428,ambiguous,CYP24A1,86.0
Q07973,L86V,0.1397,benign,CYP24A1,86.0
Q07973,L86W,0.6753,pathogenic,CYP24A1,86.0
Q07973,L86Y,0.7935,pathogenic,CYP24A1,86.0
Q07973,V87A,0.0485,benign,CYP24A1,87.0
Q07973,V87C,0.3585,ambiguous,CYP24A1,87.0
Q07973,V87D,0.1413,benign,CYP24A1,87.0
Q07973,V87E,0.0982,benign,CYP24A1,87.0
Q07973,V87F,0.1221,benign,CYP24A1,87.0
Q07973,V87G,0.0728,benign,CYP24A1,87.0
Q07973,V87H,0.2127,benign,CYP24A1,87.0
Q07973,V87I,0.0841,benign,CYP24A1,87.0
Q07973,V87K,0.1074,benign,CYP24A1,87.0
Q07973,V87L,0.0959,benign,CYP24A1,87.0
Q07973,V87M,0.098,benign,CYP24A1,87.0
Q07973,V87N,0.1353,benign,CYP24A1,87.0
Q07973,V87P,0.2591,benign,CYP24A1,87.0
Q07973,V87Q,0.1111,benign,CYP24A1,87.0
Q07973,V87R,0.0908,benign,CYP24A1,87.0
Q07973,V87S,0.0752,benign,CYP24A1,87.0
Q07973,V87T,0.0719,benign,CYP24A1,87.0
Q07973,V87W,0.3669,ambiguous,CYP24A1,87.0
Q07973,V87Y,0.2503,benign,CYP24A1,87.0
Q07973,E88A,0.0809,benign,CYP24A1,88.0
Q07973,E88C,0.5308,ambiguous,CYP24A1,88.0
Q07973,E88D,0.1027,benign,CYP24A1,88.0
Q07973,E88F,0.4388,ambiguous,CYP24A1,88.0
Q07973,E88G,0.101,benign,CYP24A1,88.0
Q07973,E88H,0.1875,benign,CYP24A1,88.0
Q07973,E88I,0.23,benign,CYP24A1,88.0
Q07973,E88K,0.1019,benign,CYP24A1,88.0
Q07973,E88L,0.1994,benign,CYP24A1,88.0
Q07973,E88M,0.2709,benign,CYP24A1,88.0
Q07973,E88N,0.162,benign,CYP24A1,88.0
Q07973,E88P,0.6631,pathogenic,CYP24A1,88.0
Q07973,E88Q,0.082,benign,CYP24A1,88.0
Q07973,E88R,0.1304,benign,CYP24A1,88.0
Q07973,E88S,0.1197,benign,CYP24A1,88.0
Q07973,E88T,0.1237,benign,CYP24A1,88.0
Q07973,E88V,0.1499,benign,CYP24A1,88.0
Q07973,E88W,0.5444,ambiguous,CYP24A1,88.0
Q07973,E88Y,0.2804,benign,CYP24A1,88.0
Q07973,Y89A,0.5895,pathogenic,CYP24A1,89.0
Q07973,Y89C,0.2146,benign,CYP24A1,89.0
Q07973,Y89D,0.4799,ambiguous,CYP24A1,89.0
Q07973,Y89E,0.7732,pathogenic,CYP24A1,89.0
Q07973,Y89F,0.148,benign,CYP24A1,89.0
Q07973,Y89G,0.5219,ambiguous,CYP24A1,89.0
Q07973,Y89H,0.3443,ambiguous,CYP24A1,89.0
Q07973,Y89I,0.6717,pathogenic,CYP24A1,89.0
Q07973,Y89K,0.8333,pathogenic,CYP24A1,89.0
Q07973,Y89L,0.4591,ambiguous,CYP24A1,89.0
Q07973,Y89M,0.5766,pathogenic,CYP24A1,89.0
Q07973,Y89N,0.2507,benign,CYP24A1,89.0
Q07973,Y89P,0.9847,pathogenic,CYP24A1,89.0
Q07973,Y89Q,0.6573,pathogenic,CYP24A1,89.0
Q07973,Y89R,0.765,pathogenic,CYP24A1,89.0
Q07973,Y89S,0.366,ambiguous,CYP24A1,89.0
Q07973,Y89T,0.6498,pathogenic,CYP24A1,89.0
Q07973,Y89V,0.6197,pathogenic,CYP24A1,89.0
Q07973,Y89W,0.4732,ambiguous,CYP24A1,89.0
Q07973,H90A,0.6913,pathogenic,CYP24A1,90.0
Q07973,H90C,0.3032,benign,CYP24A1,90.0
Q07973,H90D,0.7317,pathogenic,CYP24A1,90.0
Q07973,H90E,0.6249,pathogenic,CYP24A1,90.0
Q07973,H90F,0.609,pathogenic,CYP24A1,90.0
Q07973,H90G,0.6066,pathogenic,CYP24A1,90.0
Q07973,H90I,0.7557,pathogenic,CYP24A1,90.0
Q07973,H90K,0.6515,pathogenic,CYP24A1,90.0
Q07973,H90L,0.4064,ambiguous,CYP24A1,90.0
Q07973,H90M,0.8118,pathogenic,CYP24A1,90.0
Q07973,H90N,0.3438,ambiguous,CYP24A1,90.0
Q07973,H90P,0.7509,pathogenic,CYP24A1,90.0
Q07973,H90Q,0.3656,ambiguous,CYP24A1,90.0
Q07973,H90R,0.2734,benign,CYP24A1,90.0
Q07973,H90S,0.5208,ambiguous,CYP24A1,90.0
Q07973,H90T,0.6732,pathogenic,CYP24A1,90.0
Q07973,H90V,0.6699,pathogenic,CYP24A1,90.0
Q07973,H90W,0.5611,ambiguous,CYP24A1,90.0
Q07973,H90Y,0.2131,benign,CYP24A1,90.0
Q07973,K91A,0.192,benign,CYP24A1,91.0
Q07973,K91C,0.3951,ambiguous,CYP24A1,91.0
Q07973,K91D,0.3264,benign,CYP24A1,91.0
Q07973,K91E,0.0849,benign,CYP24A1,91.0
Q07973,K91F,0.6234,pathogenic,CYP24A1,91.0
Q07973,K91G,0.1639,benign,CYP24A1,91.0
Q07973,K91H,0.1792,benign,CYP24A1,91.0
Q07973,K91I,0.3324,benign,CYP24A1,91.0
Q07973,K91L,0.2155,benign,CYP24A1,91.0
Q07973,K91M,0.1861,benign,CYP24A1,91.0
Q07973,K91N,0.2234,benign,CYP24A1,91.0
Q07973,K91P,0.7779,pathogenic,CYP24A1,91.0
Q07973,K91Q,0.0698,benign,CYP24A1,91.0
Q07973,K91R,0.0596,benign,CYP24A1,91.0
Q07973,K91S,0.2,benign,CYP24A1,91.0
Q07973,K91T,0.144,benign,CYP24A1,91.0
Q07973,K91V,0.2724,benign,CYP24A1,91.0
Q07973,K91W,0.432,ambiguous,CYP24A1,91.0
Q07973,K91Y,0.4361,ambiguous,CYP24A1,91.0
Q07973,K92A,0.1852,benign,CYP24A1,92.0
Q07973,K92C,0.4598,ambiguous,CYP24A1,92.0
Q07973,K92D,0.3261,benign,CYP24A1,92.0
Q07973,K92E,0.0929,benign,CYP24A1,92.0
Q07973,K92F,0.527,ambiguous,CYP24A1,92.0
Q07973,K92G,0.3319,benign,CYP24A1,92.0
Q07973,K92H,0.1855,benign,CYP24A1,92.0
Q07973,K92I,0.1581,benign,CYP24A1,92.0
Q07973,K92L,0.1679,benign,CYP24A1,92.0
Q07973,K92M,0.1126,benign,CYP24A1,92.0
Q07973,K92N,0.177,benign,CYP24A1,92.0
Q07973,K92P,0.803,pathogenic,CYP24A1,92.0
Q07973,K92Q,0.0798,benign,CYP24A1,92.0
Q07973,K92R,0.0712,benign,CYP24A1,92.0
Q07973,K92S,0.222,benign,CYP24A1,92.0
Q07973,K92T,0.0793,benign,CYP24A1,92.0
Q07973,K92V,0.1732,benign,CYP24A1,92.0
Q07973,K92W,0.5396,ambiguous,CYP24A1,92.0
Q07973,K92Y,0.3803,ambiguous,CYP24A1,92.0
Q07973,Y93A,0.8171,pathogenic,CYP24A1,93.0
Q07973,Y93C,0.3414,ambiguous,CYP24A1,93.0
Q07973,Y93D,0.6849,pathogenic,CYP24A1,93.0
Q07973,Y93E,0.8383,pathogenic,CYP24A1,93.0
Q07973,Y93F,0.1228,benign,CYP24A1,93.0
Q07973,Y93G,0.7404,pathogenic,CYP24A1,93.0
Q07973,Y93H,0.2604,benign,CYP24A1,93.0
Q07973,Y93I,0.8106,pathogenic,CYP24A1,93.0
Q07973,Y93K,0.8405,pathogenic,CYP24A1,93.0
Q07973,Y93L,0.6819,pathogenic,CYP24A1,93.0
Q07973,Y93M,0.8081,pathogenic,CYP24A1,93.0
Q07973,Y93N,0.4376,ambiguous,CYP24A1,93.0
Q07973,Y93P,0.9747,pathogenic,CYP24A1,93.0
Q07973,Y93Q,0.7422,pathogenic,CYP24A1,93.0
Q07973,Y93R,0.7077,pathogenic,CYP24A1,93.0
Q07973,Y93S,0.6637,pathogenic,CYP24A1,93.0
Q07973,Y93T,0.8028,pathogenic,CYP24A1,93.0
Q07973,Y93V,0.7343,pathogenic,CYP24A1,93.0
Q07973,Y93W,0.3764,ambiguous,CYP24A1,93.0
Q07973,G94A,0.6401,pathogenic,CYP24A1,94.0
Q07973,G94C,0.7237,pathogenic,CYP24A1,94.0
Q07973,G94D,0.6527,pathogenic,CYP24A1,94.0
Q07973,G94E,0.7416,pathogenic,CYP24A1,94.0
Q07973,G94F,0.9812,pathogenic,CYP24A1,94.0
Q07973,G94H,0.7772,pathogenic,CYP24A1,94.0
Q07973,G94I,0.9591,pathogenic,CYP24A1,94.0
Q07973,G94K,0.711,pathogenic,CYP24A1,94.0
Q07973,G94L,0.9481,pathogenic,CYP24A1,94.0
Q07973,G94M,0.9688,pathogenic,CYP24A1,94.0
Q07973,G94N,0.7418,pathogenic,CYP24A1,94.0
Q07973,G94P,0.9376,pathogenic,CYP24A1,94.0
Q07973,G94Q,0.6548,pathogenic,CYP24A1,94.0
Q07973,G94R,0.521,ambiguous,CYP24A1,94.0
Q07973,G94S,0.2923,benign,CYP24A1,94.0
Q07973,G94T,0.7507,pathogenic,CYP24A1,94.0
Q07973,G94V,0.9125,pathogenic,CYP24A1,94.0
Q07973,G94W,0.8986,pathogenic,CYP24A1,94.0
Q07973,G94Y,0.9399,pathogenic,CYP24A1,94.0
Q07973,K95A,0.1572,benign,CYP24A1,95.0
Q07973,K95C,0.4162,ambiguous,CYP24A1,95.0
Q07973,K95D,0.1552,benign,CYP24A1,95.0
Q07973,K95E,0.0772,benign,CYP24A1,95.0
Q07973,K95F,0.651,pathogenic,CYP24A1,95.0
Q07973,K95G,0.1599,benign,CYP24A1,95.0
Q07973,K95H,0.1563,benign,CYP24A1,95.0
Q07973,K95I,0.3815,ambiguous,CYP24A1,95.0
Q07973,K95L,0.2523,benign,CYP24A1,95.0
Q07973,K95M,0.1968,benign,CYP24A1,95.0
Q07973,K95N,0.1402,benign,CYP24A1,95.0
Q07973,K95P,0.1573,benign,CYP24A1,95.0
Q07973,K95Q,0.0828,benign,CYP24A1,95.0
Q07973,K95R,0.0728,benign,CYP24A1,95.0
Q07973,K95S,0.144,benign,CYP24A1,95.0
Q07973,K95T,0.1118,benign,CYP24A1,95.0
Q07973,K95V,0.2757,benign,CYP24A1,95.0
Q07973,K95W,0.5528,ambiguous,CYP24A1,95.0
Q07973,K95Y,0.4049,ambiguous,CYP24A1,95.0
Q07973,I96A,0.6854,pathogenic,CYP24A1,96.0
Q07973,I96C,0.8314,pathogenic,CYP24A1,96.0
Q07973,I96D,0.9449,pathogenic,CYP24A1,96.0
Q07973,I96E,0.9262,pathogenic,CYP24A1,96.0
Q07973,I96F,0.2687,benign,CYP24A1,96.0
Q07973,I96G,0.8938,pathogenic,CYP24A1,96.0
Q07973,I96H,0.8337,pathogenic,CYP24A1,96.0
Q07973,I96K,0.8422,pathogenic,CYP24A1,96.0
Q07973,I96L,0.1435,benign,CYP24A1,96.0
Q07973,I96M,0.1525,benign,CYP24A1,96.0
Q07973,I96N,0.6144,pathogenic,CYP24A1,96.0
Q07973,I96P,0.9349,pathogenic,CYP24A1,96.0
Q07973,I96Q,0.8655,pathogenic,CYP24A1,96.0
Q07973,I96R,0.7547,pathogenic,CYP24A1,96.0
Q07973,I96S,0.702,pathogenic,CYP24A1,96.0
Q07973,I96T,0.6652,pathogenic,CYP24A1,96.0
Q07973,I96V,0.1345,benign,CYP24A1,96.0
Q07973,I96W,0.8835,pathogenic,CYP24A1,96.0
Q07973,I96Y,0.6265,pathogenic,CYP24A1,96.0
Q07973,F97A,0.9636,pathogenic,CYP24A1,97.0
Q07973,F97C,0.7397,pathogenic,CYP24A1,97.0
Q07973,F97D,0.997,pathogenic,CYP24A1,97.0
Q07973,F97E,0.9963,pathogenic,CYP24A1,97.0
Q07973,F97G,0.9827,pathogenic,CYP24A1,97.0
Q07973,F97H,0.9159,pathogenic,CYP24A1,97.0
Q07973,F97I,0.7129,pathogenic,CYP24A1,97.0
Q07973,F97K,0.9956,pathogenic,CYP24A1,97.0
Q07973,F97L,0.9664,pathogenic,CYP24A1,97.0
Q07973,F97M,0.8957,pathogenic,CYP24A1,97.0
Q07973,F97N,0.9831,pathogenic,CYP24A1,97.0
Q07973,F97P,0.9988,pathogenic,CYP24A1,97.0
Q07973,F97Q,0.9839,pathogenic,CYP24A1,97.0
Q07973,F97R,0.9798,pathogenic,CYP24A1,97.0
Q07973,F97S,0.923,pathogenic,CYP24A1,97.0
Q07973,F97T,0.9582,pathogenic,CYP24A1,97.0
Q07973,F97V,0.6653,pathogenic,CYP24A1,97.0
Q07973,F97W,0.7333,pathogenic,CYP24A1,97.0
Q07973,F97Y,0.3723,ambiguous,CYP24A1,97.0
Q07973,R98A,0.381,ambiguous,CYP24A1,98.0
Q07973,R98C,0.1235,benign,CYP24A1,98.0
Q07973,R98D,0.7682,pathogenic,CYP24A1,98.0
Q07973,R98E,0.3754,ambiguous,CYP24A1,98.0
Q07973,R98F,0.5228,ambiguous,CYP24A1,98.0
Q07973,R98G,0.2356,benign,CYP24A1,98.0
Q07973,R98H,0.0968,benign,CYP24A1,98.0
Q07973,R98I,0.3352,benign,CYP24A1,98.0
Q07973,R98K,0.1028,benign,CYP24A1,98.0
Q07973,R98L,0.2293,benign,CYP24A1,98.0
Q07973,R98M,0.3455,ambiguous,CYP24A1,98.0
Q07973,R98N,0.6154,pathogenic,CYP24A1,98.0
Q07973,R98P,0.8023,pathogenic,CYP24A1,98.0
Q07973,R98Q,0.0851,benign,CYP24A1,98.0
Q07973,R98S,0.3943,ambiguous,CYP24A1,98.0
Q07973,R98T,0.2326,benign,CYP24A1,98.0
Q07973,R98V,0.3682,ambiguous,CYP24A1,98.0
Q07973,R98W,0.151,benign,CYP24A1,98.0
Q07973,R98Y,0.3617,ambiguous,CYP24A1,98.0
Q07973,M99A,0.7842,pathogenic,CYP24A1,99.0
Q07973,M99C,0.8734,pathogenic,CYP24A1,99.0
Q07973,M99D,0.9854,pathogenic,CYP24A1,99.0
Q07973,M99E,0.8689,pathogenic,CYP24A1,99.0
Q07973,M99F,0.5084,ambiguous,CYP24A1,99.0
Q07973,M99G,0.9056,pathogenic,CYP24A1,99.0
Q07973,M99H,0.9065,pathogenic,CYP24A1,99.0
Q07973,M99I,0.5323,ambiguous,CYP24A1,99.0
Q07973,M99K,0.7975,pathogenic,CYP24A1,99.0
Q07973,M99L,0.1272,benign,CYP24A1,99.0
Q07973,M99N,0.9141,pathogenic,CYP24A1,99.0
Q07973,M99P,0.9863,pathogenic,CYP24A1,99.0
Q07973,M99Q,0.6497,pathogenic,CYP24A1,99.0
Q07973,M99R,0.7893,pathogenic,CYP24A1,99.0
Q07973,M99S,0.8545,pathogenic,CYP24A1,99.0
Q07973,M99T,0.6613,pathogenic,CYP24A1,99.0
Q07973,M99V,0.2066,benign,CYP24A1,99.0
Q07973,M99W,0.8376,pathogenic,CYP24A1,99.0
Q07973,M99Y,0.868,pathogenic,CYP24A1,99.0
Q07973,K100A,0.4314,ambiguous,CYP24A1,100.0
Q07973,K100C,0.678,pathogenic,CYP24A1,100.0
Q07973,K100D,0.606,pathogenic,CYP24A1,100.0
Q07973,K100E,0.2587,benign,CYP24A1,100.0
Q07973,K100F,0.7999,pathogenic,CYP24A1,100.0
Q07973,K100G,0.5164,ambiguous,CYP24A1,100.0
Q07973,K100H,0.2499,benign,CYP24A1,100.0
Q07973,K100I,0.486,ambiguous,CYP24A1,100.0
Q07973,K100L,0.4733,ambiguous,CYP24A1,100.0
Q07973,K100M,0.304,benign,CYP24A1,100.0
Q07973,K100N,0.3492,ambiguous,CYP24A1,100.0
Q07973,K100P,0.7914,pathogenic,CYP24A1,100.0
Q07973,K100Q,0.1207,benign,CYP24A1,100.0
Q07973,K100R,0.0868,benign,CYP24A1,100.0
Q07973,K100S,0.3724,ambiguous,CYP24A1,100.0
Q07973,K100T,0.1753,benign,CYP24A1,100.0
Q07973,K100V,0.4249,ambiguous,CYP24A1,100.0
Q07973,K100W,0.7013,pathogenic,CYP24A1,100.0
Q07973,K100Y,0.6066,pathogenic,CYP24A1,100.0
Q07973,L101A,0.5489,ambiguous,CYP24A1,101.0
Q07973,L101C,0.8319,pathogenic,CYP24A1,101.0
Q07973,L101D,0.9711,pathogenic,CYP24A1,101.0
Q07973,L101E,0.8863,pathogenic,CYP24A1,101.0
Q07973,L101F,0.267,benign,CYP24A1,101.0
Q07973,L101G,0.8647,pathogenic,CYP24A1,101.0
Q07973,L101H,0.8004,pathogenic,CYP24A1,101.0
Q07973,L101I,0.1785,benign,CYP24A1,101.0
Q07973,L101K,0.8745,pathogenic,CYP24A1,101.0
Q07973,L101M,0.1795,benign,CYP24A1,101.0
Q07973,L101N,0.9101,pathogenic,CYP24A1,101.0
Q07973,L101P,0.8327,pathogenic,CYP24A1,101.0
Q07973,L101Q,0.7144,pathogenic,CYP24A1,101.0
Q07973,L101R,0.7513,pathogenic,CYP24A1,101.0
Q07973,L101S,0.8214,pathogenic,CYP24A1,101.0
Q07973,L101T,0.5571,ambiguous,CYP24A1,101.0
Q07973,L101V,0.1812,benign,CYP24A1,101.0
Q07973,L101W,0.4803,ambiguous,CYP24A1,101.0
Q07973,L101Y,0.7139,pathogenic,CYP24A1,101.0
Q07973,G102A,0.2974,benign,CYP24A1,102.0
Q07973,G102C,0.4495,ambiguous,CYP24A1,102.0
Q07973,G102D,0.8591,pathogenic,CYP24A1,102.0
Q07973,G102E,0.919,pathogenic,CYP24A1,102.0
Q07973,G102F,0.7171,pathogenic,CYP24A1,102.0
Q07973,G102H,0.8948,pathogenic,CYP24A1,102.0
Q07973,G102I,0.7583,pathogenic,CYP24A1,102.0
Q07973,G102K,0.9533,pathogenic,CYP24A1,102.0
Q07973,G102L,0.6402,pathogenic,CYP24A1,102.0
Q07973,G102M,0.8108,pathogenic,CYP24A1,102.0
Q07973,G102N,0.8674,pathogenic,CYP24A1,102.0
Q07973,G102P,0.9348,pathogenic,CYP24A1,102.0
Q07973,G102Q,0.8916,pathogenic,CYP24A1,102.0
Q07973,G102R,0.8409,pathogenic,CYP24A1,102.0
Q07973,G102S,0.3466,ambiguous,CYP24A1,102.0
Q07973,G102T,0.7089,pathogenic,CYP24A1,102.0
Q07973,G102V,0.6241,pathogenic,CYP24A1,102.0
Q07973,G102W,0.6612,pathogenic,CYP24A1,102.0
Q07973,G102Y,0.7803,pathogenic,CYP24A1,102.0
Q07973,S103A,0.0724,benign,CYP24A1,103.0
Q07973,S103C,0.11,benign,CYP24A1,103.0
Q07973,S103D,0.2792,benign,CYP24A1,103.0
Q07973,S103E,0.3974,ambiguous,CYP24A1,103.0
Q07973,S103F,0.1462,benign,CYP24A1,103.0
Q07973,S103G,0.082,benign,CYP24A1,103.0
Q07973,S103H,0.2355,benign,CYP24A1,103.0
Q07973,S103I,0.1768,benign,CYP24A1,103.0
Q07973,S103K,0.4451,ambiguous,CYP24A1,103.0
Q07973,S103L,0.1036,benign,CYP24A1,103.0
Q07973,S103M,0.2041,benign,CYP24A1,103.0
Q07973,S103N,0.1375,benign,CYP24A1,103.0
Q07973,S103P,0.0917,benign,CYP24A1,103.0
Q07973,S103Q,0.3576,ambiguous,CYP24A1,103.0
Q07973,S103R,0.3415,ambiguous,CYP24A1,103.0
Q07973,S103T,0.0802,benign,CYP24A1,103.0
Q07973,S103V,0.1612,benign,CYP24A1,103.0
Q07973,S103W,0.1948,benign,CYP24A1,103.0
Q07973,S103Y,0.1316,benign,CYP24A1,103.0
Q07973,F104A,0.7345,pathogenic,CYP24A1,104.0
Q07973,F104C,0.6491,pathogenic,CYP24A1,104.0
Q07973,F104D,0.9538,pathogenic,CYP24A1,104.0
Q07973,F104E,0.9214,pathogenic,CYP24A1,104.0
Q07973,F104G,0.9105,pathogenic,CYP24A1,104.0
Q07973,F104H,0.8055,pathogenic,CYP24A1,104.0
Q07973,F104I,0.3743,ambiguous,CYP24A1,104.0
Q07973,F104K,0.9215,pathogenic,CYP24A1,104.0
Q07973,F104L,0.8554,pathogenic,CYP24A1,104.0
Q07973,F104M,0.5987,pathogenic,CYP24A1,104.0
Q07973,F104N,0.9065,pathogenic,CYP24A1,104.0
Q07973,F104P,0.9885,pathogenic,CYP24A1,104.0
Q07973,F104Q,0.8498,pathogenic,CYP24A1,104.0
Q07973,F104R,0.8289,pathogenic,CYP24A1,104.0
Q07973,F104S,0.6707,pathogenic,CYP24A1,104.0
Q07973,F104T,0.6746,pathogenic,CYP24A1,104.0
Q07973,F104V,0.3375,benign,CYP24A1,104.0
Q07973,F104W,0.5898,pathogenic,CYP24A1,104.0
Q07973,F104Y,0.3787,ambiguous,CYP24A1,104.0
Q07973,E105A,0.1294,benign,CYP24A1,105.0
Q07973,E105C,0.5264,ambiguous,CYP24A1,105.0
Q07973,E105D,0.0575,benign,CYP24A1,105.0
Q07973,E105F,0.5785,pathogenic,CYP24A1,105.0
Q07973,E105G,0.17,benign,CYP24A1,105.0
Q07973,E105H,0.1828,benign,CYP24A1,105.0
Q07973,E105I,0.3134,benign,CYP24A1,105.0
Q07973,E105K,0.177,benign,CYP24A1,105.0
Q07973,E105L,0.3327,benign,CYP24A1,105.0
Q07973,E105M,0.4916,ambiguous,CYP24A1,105.0
Q07973,E105N,0.111,benign,CYP24A1,105.0
Q07973,E105P,0.4704,ambiguous,CYP24A1,105.0
Q07973,E105Q,0.1109,benign,CYP24A1,105.0
Q07973,E105R,0.1894,benign,CYP24A1,105.0
Q07973,E105S,0.1033,benign,CYP24A1,105.0
Q07973,E105T,0.1484,benign,CYP24A1,105.0
Q07973,E105V,0.1831,benign,CYP24A1,105.0
Q07973,E105W,0.7317,pathogenic,CYP24A1,105.0
Q07973,E105Y,0.3342,benign,CYP24A1,105.0
Q07973,S106A,0.1376,benign,CYP24A1,106.0
Q07973,S106C,0.2006,benign,CYP24A1,106.0
Q07973,S106D,0.9242,pathogenic,CYP24A1,106.0
Q07973,S106E,0.9473,pathogenic,CYP24A1,106.0
Q07973,S106F,0.7474,pathogenic,CYP24A1,106.0
Q07973,S106G,0.1831,benign,CYP24A1,106.0
Q07973,S106H,0.8893,pathogenic,CYP24A1,106.0
Q07973,S106I,0.5325,ambiguous,CYP24A1,106.0
Q07973,S106K,0.9912,pathogenic,CYP24A1,106.0
Q07973,S106L,0.3621,ambiguous,CYP24A1,106.0
Q07973,S106M,0.3807,ambiguous,CYP24A1,106.0
Q07973,S106N,0.6078,pathogenic,CYP24A1,106.0
Q07973,S106P,0.9474,pathogenic,CYP24A1,106.0
Q07973,S106Q,0.9313,pathogenic,CYP24A1,106.0
Q07973,S106R,0.9846,pathogenic,CYP24A1,106.0
Q07973,S106T,0.1484,benign,CYP24A1,106.0
Q07973,S106V,0.4042,ambiguous,CYP24A1,106.0
Q07973,S106W,0.8478,pathogenic,CYP24A1,106.0
Q07973,S106Y,0.7036,pathogenic,CYP24A1,106.0
Q07973,V107A,0.533,ambiguous,CYP24A1,107.0
Q07973,V107C,0.8803,pathogenic,CYP24A1,107.0
Q07973,V107D,0.9634,pathogenic,CYP24A1,107.0
Q07973,V107E,0.9146,pathogenic,CYP24A1,107.0
Q07973,V107F,0.3359,benign,CYP24A1,107.0
Q07973,V107G,0.7799,pathogenic,CYP24A1,107.0
Q07973,V107H,0.9533,pathogenic,CYP24A1,107.0
Q07973,V107I,0.0868,benign,CYP24A1,107.0
Q07973,V107K,0.9453,pathogenic,CYP24A1,107.0
Q07973,V107L,0.3395,benign,CYP24A1,107.0
Q07973,V107M,0.3084,benign,CYP24A1,107.0
Q07973,V107N,0.9023,pathogenic,CYP24A1,107.0
Q07973,V107P,0.9694,pathogenic,CYP24A1,107.0
Q07973,V107Q,0.912,pathogenic,CYP24A1,107.0
Q07973,V107R,0.9025,pathogenic,CYP24A1,107.0
Q07973,V107S,0.7745,pathogenic,CYP24A1,107.0
Q07973,V107T,0.5823,pathogenic,CYP24A1,107.0
Q07973,V107W,0.9303,pathogenic,CYP24A1,107.0
Q07973,V107Y,0.816,pathogenic,CYP24A1,107.0
Q07973,H108A,0.7824,pathogenic,CYP24A1,108.0
Q07973,H108C,0.366,ambiguous,CYP24A1,108.0
Q07973,H108D,0.9089,pathogenic,CYP24A1,108.0
Q07973,H108E,0.8807,pathogenic,CYP24A1,108.0
Q07973,H108F,0.5475,ambiguous,CYP24A1,108.0
Q07973,H108G,0.8612,pathogenic,CYP24A1,108.0
Q07973,H108I,0.593,pathogenic,CYP24A1,108.0
Q07973,H108K,0.9554,pathogenic,CYP24A1,108.0
Q07973,H108L,0.3443,ambiguous,CYP24A1,108.0
Q07973,H108M,0.681,pathogenic,CYP24A1,108.0
Q07973,H108N,0.3027,benign,CYP24A1,108.0
Q07973,H108P,0.825,pathogenic,CYP24A1,108.0
Q07973,H108Q,0.5513,ambiguous,CYP24A1,108.0
Q07973,H108R,0.8546,pathogenic,CYP24A1,108.0
Q07973,H108S,0.5391,ambiguous,CYP24A1,108.0
Q07973,H108T,0.7322,pathogenic,CYP24A1,108.0
Q07973,H108V,0.5746,pathogenic,CYP24A1,108.0
Q07973,H108W,0.8033,pathogenic,CYP24A1,108.0
Q07973,H108Y,0.3069,benign,CYP24A1,108.0
Q07973,L109A,0.4791,ambiguous,CYP24A1,109.0
Q07973,L109C,0.7311,pathogenic,CYP24A1,109.0
Q07973,L109D,0.994,pathogenic,CYP24A1,109.0
Q07973,L109E,0.9615,pathogenic,CYP24A1,109.0
Q07973,L109F,0.3283,benign,CYP24A1,109.0
Q07973,L109G,0.9164,pathogenic,CYP24A1,109.0
Q07973,L109H,0.92,pathogenic,CYP24A1,109.0
Q07973,L109I,0.0755,benign,CYP24A1,109.0
Q07973,L109K,0.9671,pathogenic,CYP24A1,109.0
Q07973,L109M,0.208,benign,CYP24A1,109.0
Q07973,L109N,0.9663,pathogenic,CYP24A1,109.0
Q07973,L109P,0.9198,pathogenic,CYP24A1,109.0
Q07973,L109Q,0.893,pathogenic,CYP24A1,109.0
Q07973,L109R,0.9101,pathogenic,CYP24A1,109.0
Q07973,L109S,0.8175,pathogenic,CYP24A1,109.0
Q07973,L109T,0.4688,ambiguous,CYP24A1,109.0
Q07973,L109V,0.0784,benign,CYP24A1,109.0
Q07973,L109W,0.82,pathogenic,CYP24A1,109.0
Q07973,L109Y,0.8862,pathogenic,CYP24A1,109.0
Q07973,G110A,0.1091,benign,CYP24A1,110.0
Q07973,G110C,0.2992,benign,CYP24A1,110.0
Q07973,G110D,0.7332,pathogenic,CYP24A1,110.0
Q07973,G110E,0.7867,pathogenic,CYP24A1,110.0
Q07973,G110F,0.8541,pathogenic,CYP24A1,110.0
Q07973,G110H,0.8337,pathogenic,CYP24A1,110.0
Q07973,G110I,0.5953,pathogenic,CYP24A1,110.0
Q07973,G110K,0.9346,pathogenic,CYP24A1,110.0
Q07973,G110L,0.6828,pathogenic,CYP24A1,110.0
Q07973,G110M,0.7884,pathogenic,CYP24A1,110.0
Q07973,G110N,0.6848,pathogenic,CYP24A1,110.0
Q07973,G110P,0.9468,pathogenic,CYP24A1,110.0
Q07973,G110Q,0.8055,pathogenic,CYP24A1,110.0
Q07973,G110R,0.8228,pathogenic,CYP24A1,110.0
Q07973,G110S,0.1121,benign,CYP24A1,110.0
Q07973,G110T,0.327,benign,CYP24A1,110.0
Q07973,G110V,0.4209,ambiguous,CYP24A1,110.0
Q07973,G110W,0.8294,pathogenic,CYP24A1,110.0
Q07973,G110Y,0.8146,pathogenic,CYP24A1,110.0
Q07973,S111A,0.0833,benign,CYP24A1,111.0
Q07973,S111C,0.1042,benign,CYP24A1,111.0
Q07973,S111D,0.2568,benign,CYP24A1,111.0
Q07973,S111E,0.4054,ambiguous,CYP24A1,111.0
Q07973,S111F,0.2056,benign,CYP24A1,111.0
Q07973,S111G,0.1875,benign,CYP24A1,111.0
Q07973,S111H,0.284,benign,CYP24A1,111.0
Q07973,S111I,0.2749,benign,CYP24A1,111.0
Q07973,S111K,0.7236,pathogenic,CYP24A1,111.0
Q07973,S111L,0.1234,benign,CYP24A1,111.0
Q07973,S111M,0.2391,benign,CYP24A1,111.0
Q07973,S111N,0.2101,benign,CYP24A1,111.0
Q07973,S111P,0.7431,pathogenic,CYP24A1,111.0
Q07973,S111Q,0.4738,ambiguous,CYP24A1,111.0
Q07973,S111R,0.6478,pathogenic,CYP24A1,111.0
Q07973,S111T,0.114,benign,CYP24A1,111.0
Q07973,S111V,0.2189,benign,CYP24A1,111.0
Q07973,S111W,0.2692,benign,CYP24A1,111.0
Q07973,S111Y,0.153,benign,CYP24A1,111.0
Q07973,P112A,0.0986,benign,CYP24A1,112.0
Q07973,P112C,0.5944,pathogenic,CYP24A1,112.0
Q07973,P112D,0.8414,pathogenic,CYP24A1,112.0
Q07973,P112E,0.6774,pathogenic,CYP24A1,112.0
Q07973,P112F,0.7591,pathogenic,CYP24A1,112.0
Q07973,P112G,0.4875,ambiguous,CYP24A1,112.0
Q07973,P112H,0.4442,ambiguous,CYP24A1,112.0
Q07973,P112I,0.5087,ambiguous,CYP24A1,112.0
Q07973,P112K,0.7205,pathogenic,CYP24A1,112.0
Q07973,P112L,0.2727,benign,CYP24A1,112.0
Q07973,P112M,0.6584,pathogenic,CYP24A1,112.0
Q07973,P112N,0.7176,pathogenic,CYP24A1,112.0
Q07973,P112Q,0.436,ambiguous,CYP24A1,112.0
Q07973,P112R,0.3822,ambiguous,CYP24A1,112.0
Q07973,P112S,0.1938,benign,CYP24A1,112.0
Q07973,P112T,0.2072,benign,CYP24A1,112.0
Q07973,P112V,0.3091,benign,CYP24A1,112.0
Q07973,P112W,0.8442,pathogenic,CYP24A1,112.0
Q07973,P112Y,0.7399,pathogenic,CYP24A1,112.0
Q07973,C113A,0.106,benign,CYP24A1,113.0
Q07973,C113D,0.1425,benign,CYP24A1,113.0
Q07973,C113E,0.1797,benign,CYP24A1,113.0
Q07973,C113F,0.1019,benign,CYP24A1,113.0
Q07973,C113G,0.0698,benign,CYP24A1,113.0
Q07973,C113H,0.1199,benign,CYP24A1,113.0
Q07973,C113I,0.2332,benign,CYP24A1,113.0
Q07973,C113K,0.2215,benign,CYP24A1,113.0
Q07973,C113L,0.19,benign,CYP24A1,113.0
Q07973,C113M,0.3332,benign,CYP24A1,113.0
Q07973,C113N,0.146,benign,CYP24A1,113.0
Q07973,C113P,0.2518,benign,CYP24A1,113.0
Q07973,C113Q,0.1412,benign,CYP24A1,113.0
Q07973,C113R,0.0935,benign,CYP24A1,113.0
Q07973,C113S,0.0765,benign,CYP24A1,113.0
Q07973,C113T,0.159,benign,CYP24A1,113.0
Q07973,C113V,0.1867,benign,CYP24A1,113.0
Q07973,C113W,0.2062,benign,CYP24A1,113.0
Q07973,C113Y,0.1102,benign,CYP24A1,113.0
Q07973,L114A,0.3168,benign,CYP24A1,114.0
Q07973,L114C,0.6114,pathogenic,CYP24A1,114.0
Q07973,L114D,0.6724,pathogenic,CYP24A1,114.0
Q07973,L114E,0.3914,ambiguous,CYP24A1,114.0
Q07973,L114F,0.1653,benign,CYP24A1,114.0
Q07973,L114G,0.6017,pathogenic,CYP24A1,114.0
Q07973,L114H,0.2734,benign,CYP24A1,114.0
Q07973,L114I,0.1403,benign,CYP24A1,114.0
Q07973,L114K,0.4696,ambiguous,CYP24A1,114.0
Q07973,L114M,0.1512,benign,CYP24A1,114.0
Q07973,L114N,0.5582,ambiguous,CYP24A1,114.0
Q07973,L114P,0.5744,pathogenic,CYP24A1,114.0
Q07973,L114Q,0.1932,benign,CYP24A1,114.0
Q07973,L114R,0.2699,benign,CYP24A1,114.0
Q07973,L114S,0.3286,benign,CYP24A1,114.0
Q07973,L114T,0.3282,benign,CYP24A1,114.0
Q07973,L114V,0.1223,benign,CYP24A1,114.0
Q07973,L114W,0.3055,benign,CYP24A1,114.0
Q07973,L114Y,0.4117,ambiguous,CYP24A1,114.0
Q07973,L115A,0.3497,ambiguous,CYP24A1,115.0
Q07973,L115C,0.7236,pathogenic,CYP24A1,115.0
Q07973,L115D,0.9747,pathogenic,CYP24A1,115.0
Q07973,L115E,0.8049,pathogenic,CYP24A1,115.0
Q07973,L115F,0.3104,benign,CYP24A1,115.0
Q07973,L115G,0.7732,pathogenic,CYP24A1,115.0
Q07973,L115H,0.6822,pathogenic,CYP24A1,115.0
Q07973,L115I,0.1368,benign,CYP24A1,115.0
Q07973,L115K,0.768,pathogenic,CYP24A1,115.0
Q07973,L115M,0.1483,benign,CYP24A1,115.0
Q07973,L115N,0.8662,pathogenic,CYP24A1,115.0
Q07973,L115P,0.8102,pathogenic,CYP24A1,115.0
Q07973,L115Q,0.4656,ambiguous,CYP24A1,115.0
Q07973,L115R,0.6044,pathogenic,CYP24A1,115.0
Q07973,L115S,0.6076,pathogenic,CYP24A1,115.0
Q07973,L115T,0.3742,ambiguous,CYP24A1,115.0
Q07973,L115V,0.108,benign,CYP24A1,115.0
Q07973,L115W,0.5028,ambiguous,CYP24A1,115.0
Q07973,L115Y,0.7143,pathogenic,CYP24A1,115.0
Q07973,E116A,0.2278,benign,CYP24A1,116.0
Q07973,E116C,0.9543,pathogenic,CYP24A1,116.0
Q07973,E116D,0.6795,pathogenic,CYP24A1,116.0
Q07973,E116F,0.9732,pathogenic,CYP24A1,116.0
Q07973,E116G,0.3434,ambiguous,CYP24A1,116.0
Q07973,E116H,0.807,pathogenic,CYP24A1,116.0
Q07973,E116I,0.8998,pathogenic,CYP24A1,116.0
Q07973,E116K,0.4061,ambiguous,CYP24A1,116.0
Q07973,E116L,0.8178,pathogenic,CYP24A1,116.0
Q07973,E116M,0.838,pathogenic,CYP24A1,116.0
Q07973,E116N,0.8153,pathogenic,CYP24A1,116.0
Q07973,E116P,0.95,pathogenic,CYP24A1,116.0
Q07973,E116Q,0.1974,benign,CYP24A1,116.0
Q07973,E116R,0.4466,ambiguous,CYP24A1,116.0
Q07973,E116S,0.483,ambiguous,CYP24A1,116.0
Q07973,E116T,0.6767,pathogenic,CYP24A1,116.0
Q07973,E116V,0.6775,pathogenic,CYP24A1,116.0
Q07973,E116W,0.9863,pathogenic,CYP24A1,116.0
Q07973,E116Y,0.9318,pathogenic,CYP24A1,116.0
Q07973,A117C,0.3837,ambiguous,CYP24A1,117.0
Q07973,A117D,0.1259,benign,CYP24A1,117.0
Q07973,A117E,0.1203,benign,CYP24A1,117.0
Q07973,A117F,0.253,benign,CYP24A1,117.0
Q07973,A117G,0.1011,benign,CYP24A1,117.0
Q07973,A117H,0.2478,benign,CYP24A1,117.0
Q07973,A117I,0.1994,benign,CYP24A1,117.0
Q07973,A117K,0.1937,benign,CYP24A1,117.0
Q07973,A117L,0.1637,benign,CYP24A1,117.0
Q07973,A117M,0.1616,benign,CYP24A1,117.0
Q07973,A117N,0.1413,benign,CYP24A1,117.0
Q07973,A117P,0.5,ambiguous,CYP24A1,117.0
Q07973,A117Q,0.1719,benign,CYP24A1,117.0
Q07973,A117R,0.1899,benign,CYP24A1,117.0
Q07973,A117S,0.0838,benign,CYP24A1,117.0
Q07973,A117T,0.0726,benign,CYP24A1,117.0
Q07973,A117V,0.1004,benign,CYP24A1,117.0
Q07973,A117W,0.5274,ambiguous,CYP24A1,117.0
Q07973,A117Y,0.2792,benign,CYP24A1,117.0
Q07973,L118A,0.3717,ambiguous,CYP24A1,118.0
Q07973,L118C,0.5966,pathogenic,CYP24A1,118.0
Q07973,L118D,0.9775,pathogenic,CYP24A1,118.0
Q07973,L118E,0.8935,pathogenic,CYP24A1,118.0
Q07973,L118F,0.221,benign,CYP24A1,118.0
Q07973,L118G,0.8314,pathogenic,CYP24A1,118.0
Q07973,L118H,0.7082,pathogenic,CYP24A1,118.0
Q07973,L118I,0.1076,benign,CYP24A1,118.0
Q07973,L118K,0.8889,pathogenic,CYP24A1,118.0
Q07973,L118M,0.1704,benign,CYP24A1,118.0
Q07973,L118N,0.8751,pathogenic,CYP24A1,118.0
Q07973,L118P,0.895,pathogenic,CYP24A1,118.0
Q07973,L118Q,0.6253,pathogenic,CYP24A1,118.0
Q07973,L118R,0.7438,pathogenic,CYP24A1,118.0
Q07973,L118S,0.6378,pathogenic,CYP24A1,118.0
Q07973,L118T,0.4832,ambiguous,CYP24A1,118.0
Q07973,L118V,0.0905,benign,CYP24A1,118.0
Q07973,L118W,0.5919,pathogenic,CYP24A1,118.0
Q07973,L118Y,0.7082,pathogenic,CYP24A1,118.0
Q07973,Y119A,0.6363,pathogenic,CYP24A1,119.0
Q07973,Y119C,0.1328,benign,CYP24A1,119.0
Q07973,Y119D,0.708,pathogenic,CYP24A1,119.0
Q07973,Y119E,0.8483,pathogenic,CYP24A1,119.0
Q07973,Y119F,0.104,benign,CYP24A1,119.0
Q07973,Y119G,0.5173,ambiguous,CYP24A1,119.0
Q07973,Y119H,0.2457,benign,CYP24A1,119.0
Q07973,Y119I,0.5563,ambiguous,CYP24A1,119.0
Q07973,Y119K,0.8471,pathogenic,CYP24A1,119.0
Q07973,Y119L,0.2625,benign,CYP24A1,119.0
Q07973,Y119M,0.5969,pathogenic,CYP24A1,119.0
Q07973,Y119N,0.3854,ambiguous,CYP24A1,119.0
Q07973,Y119P,0.9325,pathogenic,CYP24A1,119.0
Q07973,Y119Q,0.608,pathogenic,CYP24A1,119.0
Q07973,Y119R,0.6518,pathogenic,CYP24A1,119.0
Q07973,Y119S,0.3445,ambiguous,CYP24A1,119.0
Q07973,Y119T,0.6467,pathogenic,CYP24A1,119.0
Q07973,Y119V,0.4529,ambiguous,CYP24A1,119.0
Q07973,Y119W,0.4282,ambiguous,CYP24A1,119.0
Q07973,R120A,0.6551,pathogenic,CYP24A1,120.0
Q07973,R120C,0.2333,benign,CYP24A1,120.0
Q07973,R120D,0.8766,pathogenic,CYP24A1,120.0
Q07973,R120E,0.5542,ambiguous,CYP24A1,120.0
Q07973,R120F,0.8083,pathogenic,CYP24A1,120.0
Q07973,R120G,0.4371,ambiguous,CYP24A1,120.0
Q07973,R120H,0.1712,benign,CYP24A1,120.0
Q07973,R120I,0.6521,pathogenic,CYP24A1,120.0
Q07973,R120K,0.2029,benign,CYP24A1,120.0
Q07973,R120L,0.4296,ambiguous,CYP24A1,120.0
Q07973,R120M,0.6201,pathogenic,CYP24A1,120.0
Q07973,R120N,0.8292,pathogenic,CYP24A1,120.0
Q07973,R120P,0.9167,pathogenic,CYP24A1,120.0
Q07973,R120Q,0.1199,benign,CYP24A1,120.0
Q07973,R120S,0.7466,pathogenic,CYP24A1,120.0
Q07973,R120T,0.6199,pathogenic,CYP24A1,120.0
Q07973,R120V,0.6704,pathogenic,CYP24A1,120.0
Q07973,R120W,0.3167,benign,CYP24A1,120.0
Q07973,R120Y,0.6304,pathogenic,CYP24A1,120.0
Q07973,T121A,0.0612,benign,CYP24A1,121.0
Q07973,T121C,0.2683,benign,CYP24A1,121.0
Q07973,T121D,0.1835,benign,CYP24A1,121.0
Q07973,T121E,0.1138,benign,CYP24A1,121.0
Q07973,T121F,0.2143,benign,CYP24A1,121.0
Q07973,T121G,0.1174,benign,CYP24A1,121.0
Q07973,T121H,0.1236,benign,CYP24A1,121.0
Q07973,T121I,0.174,benign,CYP24A1,121.0
Q07973,T121K,0.0752,benign,CYP24A1,121.0
Q07973,T121L,0.0885,benign,CYP24A1,121.0
Q07973,T121M,0.0802,benign,CYP24A1,121.0
Q07973,T121N,0.0808,benign,CYP24A1,121.0
Q07973,T121P,0.2538,benign,CYP24A1,121.0
Q07973,T121Q,0.0898,benign,CYP24A1,121.0
Q07973,T121R,0.0655,benign,CYP24A1,121.0
Q07973,T121S,0.0768,benign,CYP24A1,121.0
Q07973,T121V,0.1267,benign,CYP24A1,121.0
Q07973,T121W,0.3576,ambiguous,CYP24A1,121.0
Q07973,T121Y,0.2111,benign,CYP24A1,121.0
Q07973,E122A,0.6562,pathogenic,CYP24A1,122.0
Q07973,E122C,0.9771,pathogenic,CYP24A1,122.0
Q07973,E122D,0.4681,ambiguous,CYP24A1,122.0
Q07973,E122F,0.9893,pathogenic,CYP24A1,122.0
Q07973,E122G,0.5468,ambiguous,CYP24A1,122.0
Q07973,E122H,0.9418,pathogenic,CYP24A1,122.0
Q07973,E122I,0.947,pathogenic,CYP24A1,122.0
Q07973,E122K,0.7593,pathogenic,CYP24A1,122.0
Q07973,E122L,0.9473,pathogenic,CYP24A1,122.0
Q07973,E122M,0.9495,pathogenic,CYP24A1,122.0
Q07973,E122N,0.8588,pathogenic,CYP24A1,122.0
Q07973,E122P,0.9488,pathogenic,CYP24A1,122.0
Q07973,E122Q,0.5547,ambiguous,CYP24A1,122.0
Q07973,E122R,0.8045,pathogenic,CYP24A1,122.0
Q07973,E122S,0.7223,pathogenic,CYP24A1,122.0
Q07973,E122T,0.799,pathogenic,CYP24A1,122.0
Q07973,E122V,0.8259,pathogenic,CYP24A1,122.0
Q07973,E122W,0.9941,pathogenic,CYP24A1,122.0
Q07973,E122Y,0.9727,pathogenic,CYP24A1,122.0
Q07973,S123A,0.0958,benign,CYP24A1,123.0
Q07973,S123C,0.1431,benign,CYP24A1,123.0
Q07973,S123D,0.2244,benign,CYP24A1,123.0
Q07973,S123E,0.3964,ambiguous,CYP24A1,123.0
Q07973,S123F,0.4414,ambiguous,CYP24A1,123.0
Q07973,S123G,0.051,benign,CYP24A1,123.0
Q07973,S123H,0.3492,ambiguous,CYP24A1,123.0
Q07973,S123I,0.2918,benign,CYP24A1,123.0
Q07973,S123K,0.5171,ambiguous,CYP24A1,123.0
Q07973,S123L,0.1922,benign,CYP24A1,123.0
Q07973,S123M,0.2597,benign,CYP24A1,123.0
Q07973,S123N,0.119,benign,CYP24A1,123.0
Q07973,S123P,0.2374,benign,CYP24A1,123.0
Q07973,S123Q,0.459,ambiguous,CYP24A1,123.0
Q07973,S123R,0.4587,ambiguous,CYP24A1,123.0
Q07973,S123T,0.0868,benign,CYP24A1,123.0
Q07973,S123V,0.2669,benign,CYP24A1,123.0
Q07973,S123W,0.4631,ambiguous,CYP24A1,123.0
Q07973,S123Y,0.3443,ambiguous,CYP24A1,123.0
Q07973,A124C,0.2601,benign,CYP24A1,124.0
Q07973,A124D,0.1322,benign,CYP24A1,124.0
Q07973,A124E,0.1344,benign,CYP24A1,124.0
Q07973,A124F,0.1961,benign,CYP24A1,124.0
Q07973,A124G,0.1066,benign,CYP24A1,124.0
Q07973,A124H,0.2024,benign,CYP24A1,124.0
Q07973,A124I,0.1092,benign,CYP24A1,124.0
Q07973,A124K,0.176,benign,CYP24A1,124.0
Q07973,A124L,0.1048,benign,CYP24A1,124.0
Q07973,A124M,0.1464,benign,CYP24A1,124.0
Q07973,A124N,0.1261,benign,CYP24A1,124.0
Q07973,A124P,0.0852,benign,CYP24A1,124.0
Q07973,A124Q,0.1572,benign,CYP24A1,124.0
Q07973,A124R,0.1432,benign,CYP24A1,124.0
Q07973,A124S,0.0864,benign,CYP24A1,124.0
Q07973,A124T,0.0683,benign,CYP24A1,124.0
Q07973,A124V,0.075,benign,CYP24A1,124.0
Q07973,A124W,0.4157,ambiguous,CYP24A1,124.0
Q07973,A124Y,0.2438,benign,CYP24A1,124.0
Q07973,Y125A,0.2004,benign,CYP24A1,125.0
Q07973,Y125C,0.0818,benign,CYP24A1,125.0
Q07973,Y125D,0.1938,benign,CYP24A1,125.0
Q07973,Y125E,0.3863,ambiguous,CYP24A1,125.0
Q07973,Y125F,0.0781,benign,CYP24A1,125.0
Q07973,Y125G,0.2723,benign,CYP24A1,125.0
Q07973,Y125H,0.0676,benign,CYP24A1,125.0
Q07973,Y125I,0.2622,benign,CYP24A1,125.0
Q07973,Y125K,0.3157,benign,CYP24A1,125.0
Q07973,Y125L,0.2438,benign,CYP24A1,125.0
Q07973,Y125M,0.404,ambiguous,CYP24A1,125.0
Q07973,Y125N,0.1014,benign,CYP24A1,125.0
Q07973,Y125P,0.5769,pathogenic,CYP24A1,125.0
Q07973,Y125Q,0.2052,benign,CYP24A1,125.0
Q07973,Y125R,0.161,benign,CYP24A1,125.0
Q07973,Y125S,0.1006,benign,CYP24A1,125.0
Q07973,Y125T,0.1967,benign,CYP24A1,125.0
Q07973,Y125V,0.2058,benign,CYP24A1,125.0
Q07973,Y125W,0.2028,benign,CYP24A1,125.0
Q07973,P126A,0.5846,pathogenic,CYP24A1,126.0
Q07973,P126C,0.9442,pathogenic,CYP24A1,126.0
Q07973,P126D,0.9911,pathogenic,CYP24A1,126.0
Q07973,P126E,0.9674,pathogenic,CYP24A1,126.0
Q07973,P126F,0.9816,pathogenic,CYP24A1,126.0
Q07973,P126G,0.917,pathogenic,CYP24A1,126.0
Q07973,P126H,0.928,pathogenic,CYP24A1,126.0
Q07973,P126I,0.9234,pathogenic,CYP24A1,126.0
Q07973,P126K,0.9752,pathogenic,CYP24A1,126.0
Q07973,P126L,0.7457,pathogenic,CYP24A1,126.0
Q07973,P126M,0.9621,pathogenic,CYP24A1,126.0
Q07973,P126N,0.9842,pathogenic,CYP24A1,126.0
Q07973,P126Q,0.9015,pathogenic,CYP24A1,126.0
Q07973,P126R,0.886,pathogenic,CYP24A1,126.0
Q07973,P126S,0.8051,pathogenic,CYP24A1,126.0
Q07973,P126T,0.7661,pathogenic,CYP24A1,126.0
Q07973,P126V,0.8383,pathogenic,CYP24A1,126.0
Q07973,P126W,0.9876,pathogenic,CYP24A1,126.0
Q07973,P126Y,0.9791,pathogenic,CYP24A1,126.0
Q07973,Q127A,0.2127,benign,CYP24A1,127.0
Q07973,Q127C,0.4619,ambiguous,CYP24A1,127.0
Q07973,Q127D,0.4918,ambiguous,CYP24A1,127.0
Q07973,Q127E,0.0891,benign,CYP24A1,127.0
Q07973,Q127F,0.6342,pathogenic,CYP24A1,127.0
Q07973,Q127G,0.2253,benign,CYP24A1,127.0
Q07973,Q127H,0.2246,benign,CYP24A1,127.0
Q07973,Q127I,0.4091,ambiguous,CYP24A1,127.0
Q07973,Q127K,0.0812,benign,CYP24A1,127.0
Q07973,Q127L,0.1479,benign,CYP24A1,127.0
Q07973,Q127M,0.361,ambiguous,CYP24A1,127.0
Q07973,Q127N,0.4056,ambiguous,CYP24A1,127.0
Q07973,Q127P,0.3476,ambiguous,CYP24A1,127.0
Q07973,Q127R,0.0744,benign,CYP24A1,127.0
Q07973,Q127S,0.2721,benign,CYP24A1,127.0
Q07973,Q127T,0.2378,benign,CYP24A1,127.0
Q07973,Q127V,0.2329,benign,CYP24A1,127.0
Q07973,Q127W,0.4287,ambiguous,CYP24A1,127.0
Q07973,Q127Y,0.4325,ambiguous,CYP24A1,127.0
Q07973,R128A,0.9617,pathogenic,CYP24A1,128.0
Q07973,R128C,0.6929,pathogenic,CYP24A1,128.0
Q07973,R128D,0.9724,pathogenic,CYP24A1,128.0
Q07973,R128E,0.8931,pathogenic,CYP24A1,128.0
Q07973,R128F,0.9468,pathogenic,CYP24A1,128.0
Q07973,R128G,0.8901,pathogenic,CYP24A1,128.0
Q07973,R128H,0.4978,ambiguous,CYP24A1,128.0
Q07973,R128I,0.8766,pathogenic,CYP24A1,128.0
Q07973,R128K,0.6755,pathogenic,CYP24A1,128.0
Q07973,R128L,0.8392,pathogenic,CYP24A1,128.0
Q07973,R128M,0.9275,pathogenic,CYP24A1,128.0
Q07973,R128N,0.9592,pathogenic,CYP24A1,128.0
Q07973,R128P,0.9438,pathogenic,CYP24A1,128.0
Q07973,R128Q,0.5673,pathogenic,CYP24A1,128.0
Q07973,R128S,0.9661,pathogenic,CYP24A1,128.0
Q07973,R128T,0.9475,pathogenic,CYP24A1,128.0
Q07973,R128V,0.9255,pathogenic,CYP24A1,128.0
Q07973,R128W,0.5617,ambiguous,CYP24A1,128.0
Q07973,R128Y,0.8476,pathogenic,CYP24A1,128.0
Q07973,L129A,0.5106,ambiguous,CYP24A1,129.0
Q07973,L129C,0.7716,pathogenic,CYP24A1,129.0
Q07973,L129D,0.9302,pathogenic,CYP24A1,129.0
Q07973,L129E,0.6766,pathogenic,CYP24A1,129.0
Q07973,L129F,0.2846,benign,CYP24A1,129.0
Q07973,L129G,0.7478,pathogenic,CYP24A1,129.0
Q07973,L129H,0.6528,pathogenic,CYP24A1,129.0
Q07973,L129I,0.2178,benign,CYP24A1,129.0
Q07973,L129K,0.6263,pathogenic,CYP24A1,129.0
Q07973,L129M,0.1421,benign,CYP24A1,129.0
Q07973,L129N,0.7937,pathogenic,CYP24A1,129.0
Q07973,L129P,0.4498,ambiguous,CYP24A1,129.0
Q07973,L129Q,0.3919,ambiguous,CYP24A1,129.0
Q07973,L129R,0.4789,ambiguous,CYP24A1,129.0
Q07973,L129S,0.6716,pathogenic,CYP24A1,129.0
Q07973,L129T,0.5047,ambiguous,CYP24A1,129.0
Q07973,L129V,0.1903,benign,CYP24A1,129.0
Q07973,L129W,0.4164,ambiguous,CYP24A1,129.0
Q07973,L129Y,0.6763,pathogenic,CYP24A1,129.0
Q07973,E130A,0.1356,benign,CYP24A1,130.0
Q07973,E130C,0.7853,pathogenic,CYP24A1,130.0
Q07973,E130D,0.1805,benign,CYP24A1,130.0
Q07973,E130F,0.7471,pathogenic,CYP24A1,130.0
Q07973,E130G,0.1897,benign,CYP24A1,130.0
Q07973,E130H,0.4474,ambiguous,CYP24A1,130.0
Q07973,E130I,0.4057,ambiguous,CYP24A1,130.0
Q07973,E130K,0.2103,benign,CYP24A1,130.0
Q07973,E130L,0.3426,ambiguous,CYP24A1,130.0
Q07973,E130M,0.4684,ambiguous,CYP24A1,130.0
Q07973,E130N,0.3164,benign,CYP24A1,130.0
Q07973,E130P,0.3473,ambiguous,CYP24A1,130.0
Q07973,E130Q,0.1158,benign,CYP24A1,130.0
Q07973,E130R,0.2887,benign,CYP24A1,130.0
Q07973,E130S,0.2247,benign,CYP24A1,130.0
Q07973,E130T,0.2472,benign,CYP24A1,130.0
Q07973,E130V,0.2237,benign,CYP24A1,130.0
Q07973,E130W,0.8734,pathogenic,CYP24A1,130.0
Q07973,E130Y,0.6474,pathogenic,CYP24A1,130.0
Q07973,I131A,0.8181,pathogenic,CYP24A1,131.0
Q07973,I131C,0.8828,pathogenic,CYP24A1,131.0
Q07973,I131D,0.9526,pathogenic,CYP24A1,131.0
Q07973,I131E,0.9166,pathogenic,CYP24A1,131.0
Q07973,I131F,0.3728,ambiguous,CYP24A1,131.0
Q07973,I131G,0.899,pathogenic,CYP24A1,131.0
Q07973,I131H,0.9217,pathogenic,CYP24A1,131.0
Q07973,I131K,0.8888,pathogenic,CYP24A1,131.0
Q07973,I131L,0.1962,benign,CYP24A1,131.0
Q07973,I131M,0.137,benign,CYP24A1,131.0
Q07973,I131N,0.6679,pathogenic,CYP24A1,131.0
Q07973,I131P,0.8477,pathogenic,CYP24A1,131.0
Q07973,I131Q,0.8774,pathogenic,CYP24A1,131.0
Q07973,I131R,0.8439,pathogenic,CYP24A1,131.0
Q07973,I131S,0.7896,pathogenic,CYP24A1,131.0
Q07973,I131T,0.8598,pathogenic,CYP24A1,131.0
Q07973,I131V,0.1615,benign,CYP24A1,131.0
Q07973,I131W,0.8799,pathogenic,CYP24A1,131.0
Q07973,I131Y,0.7826,pathogenic,CYP24A1,131.0
Q07973,K132A,0.4053,ambiguous,CYP24A1,132.0
Q07973,K132C,0.8195,pathogenic,CYP24A1,132.0
Q07973,K132D,0.8341,pathogenic,CYP24A1,132.0
Q07973,K132E,0.293,benign,CYP24A1,132.0
Q07973,K132F,0.7824,pathogenic,CYP24A1,132.0
Q07973,K132G,0.6225,pathogenic,CYP24A1,132.0
Q07973,K132H,0.4588,ambiguous,CYP24A1,132.0
Q07973,K132I,0.4321,ambiguous,CYP24A1,132.0
Q07973,K132L,0.3418,ambiguous,CYP24A1,132.0
Q07973,K132M,0.2986,benign,CYP24A1,132.0
Q07973,K132N,0.6914,pathogenic,CYP24A1,132.0
Q07973,K132P,0.5453,ambiguous,CYP24A1,132.0
Q07973,K132Q,0.1663,benign,CYP24A1,132.0
Q07973,K132R,0.1125,benign,CYP24A1,132.0
Q07973,K132S,0.542,ambiguous,CYP24A1,132.0
Q07973,K132T,0.2264,benign,CYP24A1,132.0
Q07973,K132V,0.4159,ambiguous,CYP24A1,132.0
Q07973,K132W,0.8106,pathogenic,CYP24A1,132.0
Q07973,K132Y,0.7022,pathogenic,CYP24A1,132.0
Q07973,P133A,0.1954,benign,CYP24A1,133.0
Q07973,P133C,0.8587,pathogenic,CYP24A1,133.0
Q07973,P133D,0.9691,pathogenic,CYP24A1,133.0
Q07973,P133E,0.9229,pathogenic,CYP24A1,133.0
Q07973,P133F,0.9707,pathogenic,CYP24A1,133.0
Q07973,P133G,0.759,pathogenic,CYP24A1,133.0
Q07973,P133H,0.8786,pathogenic,CYP24A1,133.0
Q07973,P133I,0.8729,pathogenic,CYP24A1,133.0
Q07973,P133K,0.9821,pathogenic,CYP24A1,133.0
Q07973,P133L,0.6902,pathogenic,CYP24A1,133.0
Q07973,P133M,0.8883,pathogenic,CYP24A1,133.0
Q07973,P133N,0.9253,pathogenic,CYP24A1,133.0
Q07973,P133Q,0.8549,pathogenic,CYP24A1,133.0
Q07973,P133R,0.9422,pathogenic,CYP24A1,133.0
Q07973,P133S,0.4408,ambiguous,CYP24A1,133.0
Q07973,P133T,0.4829,ambiguous,CYP24A1,133.0
Q07973,P133V,0.6984,pathogenic,CYP24A1,133.0
Q07973,P133W,0.986,pathogenic,CYP24A1,133.0
Q07973,P133Y,0.963,pathogenic,CYP24A1,133.0
Q07973,W134A,0.9595,pathogenic,CYP24A1,134.0
Q07973,W134C,0.9803,pathogenic,CYP24A1,134.0
Q07973,W134D,0.9979,pathogenic,CYP24A1,134.0
Q07973,W134E,0.9938,pathogenic,CYP24A1,134.0
Q07973,W134F,0.705,pathogenic,CYP24A1,134.0
Q07973,W134G,0.9292,pathogenic,CYP24A1,134.0
Q07973,W134H,0.9898,pathogenic,CYP24A1,134.0
Q07973,W134I,0.9559,pathogenic,CYP24A1,134.0
Q07973,W134K,0.9983,pathogenic,CYP24A1,134.0
Q07973,W134L,0.8602,pathogenic,CYP24A1,134.0
Q07973,W134M,0.9541,pathogenic,CYP24A1,134.0
Q07973,W134N,0.9958,pathogenic,CYP24A1,134.0
Q07973,W134P,0.9928,pathogenic,CYP24A1,134.0
Q07973,W134Q,0.9934,pathogenic,CYP24A1,134.0
Q07973,W134R,0.9952,pathogenic,CYP24A1,134.0
Q07973,W134S,0.9524,pathogenic,CYP24A1,134.0
Q07973,W134T,0.9822,pathogenic,CYP24A1,134.0
Q07973,W134V,0.936,pathogenic,CYP24A1,134.0
Q07973,W134Y,0.916,pathogenic,CYP24A1,134.0
Q07973,K135A,0.5625,ambiguous,CYP24A1,135.0
Q07973,K135C,0.8438,pathogenic,CYP24A1,135.0
Q07973,K135D,0.953,pathogenic,CYP24A1,135.0
Q07973,K135E,0.3968,ambiguous,CYP24A1,135.0
Q07973,K135F,0.917,pathogenic,CYP24A1,135.0
Q07973,K135G,0.8225,pathogenic,CYP24A1,135.0
Q07973,K135H,0.6028,pathogenic,CYP24A1,135.0
Q07973,K135I,0.4171,ambiguous,CYP24A1,135.0
Q07973,K135L,0.51,ambiguous,CYP24A1,135.0
Q07973,K135M,0.2894,benign,CYP24A1,135.0
Q07973,K135N,0.8241,pathogenic,CYP24A1,135.0
Q07973,K135P,0.9767,pathogenic,CYP24A1,135.0
Q07973,K135Q,0.2127,benign,CYP24A1,135.0
Q07973,K135R,0.1187,benign,CYP24A1,135.0
Q07973,K135S,0.7776,pathogenic,CYP24A1,135.0
Q07973,K135T,0.2775,benign,CYP24A1,135.0
Q07973,K135V,0.3747,ambiguous,CYP24A1,135.0
Q07973,K135W,0.9162,pathogenic,CYP24A1,135.0
Q07973,K135Y,0.8578,pathogenic,CYP24A1,135.0
Q07973,A136C,0.5201,ambiguous,CYP24A1,136.0
Q07973,A136D,0.3279,benign,CYP24A1,136.0
Q07973,A136E,0.244,benign,CYP24A1,136.0
Q07973,A136F,0.3232,benign,CYP24A1,136.0
Q07973,A136G,0.2528,benign,CYP24A1,136.0
Q07973,A136H,0.4674,ambiguous,CYP24A1,136.0
Q07973,A136I,0.2118,benign,CYP24A1,136.0
Q07973,A136K,0.4742,ambiguous,CYP24A1,136.0
Q07973,A136L,0.1876,benign,CYP24A1,136.0
Q07973,A136M,0.2043,benign,CYP24A1,136.0
Q07973,A136N,0.3166,benign,CYP24A1,136.0
Q07973,A136P,0.8946,pathogenic,CYP24A1,136.0
Q07973,A136Q,0.3479,ambiguous,CYP24A1,136.0
Q07973,A136R,0.3889,ambiguous,CYP24A1,136.0
Q07973,A136S,0.1353,benign,CYP24A1,136.0
Q07973,A136T,0.1081,benign,CYP24A1,136.0
Q07973,A136V,0.1037,benign,CYP24A1,136.0
Q07973,A136W,0.7394,pathogenic,CYP24A1,136.0
Q07973,A136Y,0.4235,ambiguous,CYP24A1,136.0
Q07973,Y137A,0.9703,pathogenic,CYP24A1,137.0
Q07973,Y137C,0.6594,pathogenic,CYP24A1,137.0
Q07973,Y137D,0.982,pathogenic,CYP24A1,137.0
Q07973,Y137E,0.9932,pathogenic,CYP24A1,137.0
Q07973,Y137F,0.3338,benign,CYP24A1,137.0
Q07973,Y137G,0.9585,pathogenic,CYP24A1,137.0
Q07973,Y137H,0.6291,pathogenic,CYP24A1,137.0
Q07973,Y137I,0.9613,pathogenic,CYP24A1,137.0
Q07973,Y137K,0.9946,pathogenic,CYP24A1,137.0
Q07973,Y137L,0.9107,pathogenic,CYP24A1,137.0
Q07973,Y137M,0.9779,pathogenic,CYP24A1,137.0
Q07973,Y137N,0.9227,pathogenic,CYP24A1,137.0
Q07973,Y137P,0.9901,pathogenic,CYP24A1,137.0
Q07973,Y137Q,0.9826,pathogenic,CYP24A1,137.0
Q07973,Y137R,0.964,pathogenic,CYP24A1,137.0
Q07973,Y137S,0.8945,pathogenic,CYP24A1,137.0
Q07973,Y137T,0.9811,pathogenic,CYP24A1,137.0
Q07973,Y137V,0.911,pathogenic,CYP24A1,137.0
Q07973,Y137W,0.5211,ambiguous,CYP24A1,137.0
Q07973,R138A,0.982,pathogenic,CYP24A1,138.0
Q07973,R138C,0.704,pathogenic,CYP24A1,138.0
Q07973,R138D,0.9971,pathogenic,CYP24A1,138.0
Q07973,R138E,0.9663,pathogenic,CYP24A1,138.0
Q07973,R138F,0.9924,pathogenic,CYP24A1,138.0
Q07973,R138G,0.9594,pathogenic,CYP24A1,138.0
Q07973,R138H,0.6429,pathogenic,CYP24A1,138.0
Q07973,R138I,0.9737,pathogenic,CYP24A1,138.0
Q07973,R138K,0.6999,pathogenic,CYP24A1,138.0
Q07973,R138L,0.9258,pathogenic,CYP24A1,138.0
Q07973,R138M,0.972,pathogenic,CYP24A1,138.0
Q07973,R138N,0.9909,pathogenic,CYP24A1,138.0
Q07973,R138P,0.9957,pathogenic,CYP24A1,138.0
Q07973,R138Q,0.636,pathogenic,CYP24A1,138.0
Q07973,R138S,0.9904,pathogenic,CYP24A1,138.0
Q07973,R138T,0.9839,pathogenic,CYP24A1,138.0
Q07973,R138V,0.9768,pathogenic,CYP24A1,138.0
Q07973,R138W,0.7715,pathogenic,CYP24A1,138.0
Q07973,R138Y,0.9549,pathogenic,CYP24A1,138.0
Q07973,D139A,0.2185,benign,CYP24A1,139.0
Q07973,D139C,0.6611,pathogenic,CYP24A1,139.0
Q07973,D139E,0.2079,benign,CYP24A1,139.0
Q07973,D139F,0.7127,pathogenic,CYP24A1,139.0
Q07973,D139G,0.3167,benign,CYP24A1,139.0
Q07973,D139H,0.3198,benign,CYP24A1,139.0
Q07973,D139I,0.3824,ambiguous,CYP24A1,139.0
Q07973,D139K,0.4065,ambiguous,CYP24A1,139.0
Q07973,D139L,0.4267,ambiguous,CYP24A1,139.0
Q07973,D139M,0.6536,pathogenic,CYP24A1,139.0
Q07973,D139N,0.1173,benign,CYP24A1,139.0
Q07973,D139P,0.9522,pathogenic,CYP24A1,139.0
Q07973,D139Q,0.3586,ambiguous,CYP24A1,139.0
Q07973,D139R,0.3972,ambiguous,CYP24A1,139.0
Q07973,D139S,0.2032,benign,CYP24A1,139.0
Q07973,D139T,0.2997,benign,CYP24A1,139.0
Q07973,D139V,0.2324,benign,CYP24A1,139.0
Q07973,D139W,0.9106,pathogenic,CYP24A1,139.0
Q07973,D139Y,0.2878,benign,CYP24A1,139.0
Q07973,Y140A,0.1621,benign,CYP24A1,140.0
Q07973,Y140C,0.0717,benign,CYP24A1,140.0
Q07973,Y140D,0.0979,benign,CYP24A1,140.0
Q07973,Y140E,0.1854,benign,CYP24A1,140.0
Q07973,Y140F,0.0736,benign,CYP24A1,140.0
Q07973,Y140G,0.2006,benign,CYP24A1,140.0
Q07973,Y140H,0.0621,benign,CYP24A1,140.0
Q07973,Y140I,0.1549,benign,CYP24A1,140.0
Q07973,Y140K,0.1902,benign,CYP24A1,140.0
Q07973,Y140L,0.1486,benign,CYP24A1,140.0
Q07973,Y140M,0.2476,benign,CYP24A1,140.0
Q07973,Y140N,0.086,benign,CYP24A1,140.0
Q07973,Y140P,0.8727,pathogenic,CYP24A1,140.0
Q07973,Y140Q,0.1272,benign,CYP24A1,140.0
Q07973,Y140R,0.1212,benign,CYP24A1,140.0
Q07973,Y140S,0.082,benign,CYP24A1,140.0
Q07973,Y140T,0.1526,benign,CYP24A1,140.0
Q07973,Y140V,0.143,benign,CYP24A1,140.0
Q07973,Y140W,0.2253,benign,CYP24A1,140.0
Q07973,R141A,0.8299,pathogenic,CYP24A1,141.0
Q07973,R141C,0.243,benign,CYP24A1,141.0
Q07973,R141D,0.9623,pathogenic,CYP24A1,141.0
Q07973,R141E,0.7038,pathogenic,CYP24A1,141.0
Q07973,R141F,0.8713,pathogenic,CYP24A1,141.0
Q07973,R141G,0.6661,pathogenic,CYP24A1,141.0
Q07973,R141H,0.1941,benign,CYP24A1,141.0
Q07973,R141I,0.7878,pathogenic,CYP24A1,141.0
Q07973,R141K,0.2344,benign,CYP24A1,141.0
Q07973,R141L,0.6312,pathogenic,CYP24A1,141.0
Q07973,R141M,0.7343,pathogenic,CYP24A1,141.0
Q07973,R141N,0.8738,pathogenic,CYP24A1,141.0
Q07973,R141P,0.9773,pathogenic,CYP24A1,141.0
Q07973,R141Q,0.1501,benign,CYP24A1,141.0
Q07973,R141S,0.8548,pathogenic,CYP24A1,141.0
Q07973,R141T,0.7376,pathogenic,CYP24A1,141.0
Q07973,R141V,0.7892,pathogenic,CYP24A1,141.0
Q07973,R141W,0.3715,ambiguous,CYP24A1,141.0
Q07973,R141Y,0.6865,pathogenic,CYP24A1,141.0
Q07973,K142A,0.1032,benign,CYP24A1,142.0
Q07973,K142C,0.2675,benign,CYP24A1,142.0
Q07973,K142D,0.1026,benign,CYP24A1,142.0
Q07973,K142E,0.0579,benign,CYP24A1,142.0
Q07973,K142F,0.474,ambiguous,CYP24A1,142.0
Q07973,K142G,0.0844,benign,CYP24A1,142.0
Q07973,K142H,0.1204,benign,CYP24A1,142.0
Q07973,K142I,0.2713,benign,CYP24A1,142.0
Q07973,K142L,0.1632,benign,CYP24A1,142.0
Q07973,K142M,0.1311,benign,CYP24A1,142.0
Q07973,K142N,0.0843,benign,CYP24A1,142.0
Q07973,K142P,0.3888,ambiguous,CYP24A1,142.0
Q07973,K142Q,0.0678,benign,CYP24A1,142.0
Q07973,K142R,0.0716,benign,CYP24A1,142.0
Q07973,K142S,0.0979,benign,CYP24A1,142.0
Q07973,K142T,0.0946,benign,CYP24A1,142.0
Q07973,K142V,0.1971,benign,CYP24A1,142.0
Q07973,K142W,0.4225,ambiguous,CYP24A1,142.0
Q07973,K142Y,0.3003,benign,CYP24A1,142.0
Q07973,E143A,0.2775,benign,CYP24A1,143.0
Q07973,E143C,0.886,pathogenic,CYP24A1,143.0
Q07973,E143D,0.5073,ambiguous,CYP24A1,143.0
Q07973,E143F,0.8676,pathogenic,CYP24A1,143.0
Q07973,E143G,0.4796,ambiguous,CYP24A1,143.0
Q07973,E143H,0.7561,pathogenic,CYP24A1,143.0
Q07973,E143I,0.5731,pathogenic,CYP24A1,143.0
Q07973,E143K,0.5354,ambiguous,CYP24A1,143.0
Q07973,E143L,0.6014,pathogenic,CYP24A1,143.0
Q07973,E143M,0.6586,pathogenic,CYP24A1,143.0
Q07973,E143N,0.7071,pathogenic,CYP24A1,143.0
Q07973,E143P,0.9724,pathogenic,CYP24A1,143.0
Q07973,E143Q,0.3146,benign,CYP24A1,143.0
Q07973,E143R,0.6338,pathogenic,CYP24A1,143.0
Q07973,E143S,0.5775,pathogenic,CYP24A1,143.0
Q07973,E143T,0.5216,ambiguous,CYP24A1,143.0
Q07973,E143V,0.3299,benign,CYP24A1,143.0
Q07973,E143W,0.9558,pathogenic,CYP24A1,143.0
Q07973,E143Y,0.7637,pathogenic,CYP24A1,143.0
Q07973,G144A,0.0701,benign,CYP24A1,144.0
Q07973,G144C,0.1894,benign,CYP24A1,144.0
Q07973,G144D,0.205,benign,CYP24A1,144.0
Q07973,G144E,0.2528,benign,CYP24A1,144.0
Q07973,G144F,0.6462,pathogenic,CYP24A1,144.0
Q07973,G144H,0.4292,ambiguous,CYP24A1,144.0
Q07973,G144I,0.384,ambiguous,CYP24A1,144.0
Q07973,G144K,0.4901,ambiguous,CYP24A1,144.0
Q07973,G144L,0.4693,ambiguous,CYP24A1,144.0
Q07973,G144M,0.5125,ambiguous,CYP24A1,144.0
Q07973,G144N,0.2932,benign,CYP24A1,144.0
Q07973,G144P,0.5415,ambiguous,CYP24A1,144.0
Q07973,G144Q,0.3819,ambiguous,CYP24A1,144.0
Q07973,G144R,0.3643,ambiguous,CYP24A1,144.0
Q07973,G144S,0.0868,benign,CYP24A1,144.0
Q07973,G144T,0.1599,benign,CYP24A1,144.0
Q07973,G144V,0.2325,benign,CYP24A1,144.0
Q07973,G144W,0.5065,ambiguous,CYP24A1,144.0
Q07973,G144Y,0.4444,ambiguous,CYP24A1,144.0
Q07973,Y145A,0.531,ambiguous,CYP24A1,145.0
Q07973,Y145C,0.1335,benign,CYP24A1,145.0
Q07973,Y145D,0.3799,ambiguous,CYP24A1,145.0
Q07973,Y145E,0.67,pathogenic,CYP24A1,145.0
Q07973,Y145F,0.1731,benign,CYP24A1,145.0
Q07973,Y145G,0.3929,ambiguous,CYP24A1,145.0
Q07973,Y145H,0.2809,benign,CYP24A1,145.0
Q07973,Y145I,0.697,pathogenic,CYP24A1,145.0
Q07973,Y145K,0.5778,pathogenic,CYP24A1,145.0
Q07973,Y145L,0.5234,ambiguous,CYP24A1,145.0
Q07973,Y145M,0.7098,pathogenic,CYP24A1,145.0
Q07973,Y145N,0.2361,benign,CYP24A1,145.0
Q07973,Y145P,0.7186,pathogenic,CYP24A1,145.0
Q07973,Y145Q,0.5543,ambiguous,CYP24A1,145.0
Q07973,Y145R,0.3917,ambiguous,CYP24A1,145.0
Q07973,Y145S,0.2572,benign,CYP24A1,145.0
Q07973,Y145T,0.482,ambiguous,CYP24A1,145.0
Q07973,Y145V,0.5366,ambiguous,CYP24A1,145.0
Q07973,Y145W,0.4562,ambiguous,CYP24A1,145.0
Q07973,G146A,0.7253,pathogenic,CYP24A1,146.0
Q07973,G146C,0.8893,pathogenic,CYP24A1,146.0
Q07973,G146D,0.9725,pathogenic,CYP24A1,146.0
Q07973,G146E,0.9821,pathogenic,CYP24A1,146.0
Q07973,G146F,0.9889,pathogenic,CYP24A1,146.0
Q07973,G146H,0.9877,pathogenic,CYP24A1,146.0
Q07973,G146I,0.9743,pathogenic,CYP24A1,146.0
Q07973,G146K,0.9939,pathogenic,CYP24A1,146.0
Q07973,G146L,0.9763,pathogenic,CYP24A1,146.0
Q07973,G146M,0.9897,pathogenic,CYP24A1,146.0
Q07973,G146N,0.9761,pathogenic,CYP24A1,146.0
Q07973,G146P,0.9831,pathogenic,CYP24A1,146.0
Q07973,G146Q,0.9826,pathogenic,CYP24A1,146.0
Q07973,G146R,0.9729,pathogenic,CYP24A1,146.0
Q07973,G146S,0.5518,ambiguous,CYP24A1,146.0
Q07973,G146T,0.9046,pathogenic,CYP24A1,146.0
Q07973,G146V,0.9488,pathogenic,CYP24A1,146.0
Q07973,G146W,0.983,pathogenic,CYP24A1,146.0
Q07973,G146Y,0.9884,pathogenic,CYP24A1,146.0
Q07973,L147A,0.8104,pathogenic,CYP24A1,147.0
Q07973,L147C,0.8676,pathogenic,CYP24A1,147.0
Q07973,L147D,0.9901,pathogenic,CYP24A1,147.0
Q07973,L147E,0.9631,pathogenic,CYP24A1,147.0
Q07973,L147F,0.4313,ambiguous,CYP24A1,147.0
Q07973,L147G,0.9366,pathogenic,CYP24A1,147.0
Q07973,L147H,0.9329,pathogenic,CYP24A1,147.0
Q07973,L147I,0.1457,benign,CYP24A1,147.0
Q07973,L147K,0.9617,pathogenic,CYP24A1,147.0
Q07973,L147M,0.2361,benign,CYP24A1,147.0
Q07973,L147N,0.9311,pathogenic,CYP24A1,147.0
Q07973,L147P,0.6325,pathogenic,CYP24A1,147.0
Q07973,L147Q,0.886,pathogenic,CYP24A1,147.0
Q07973,L147R,0.9291,pathogenic,CYP24A1,147.0
Q07973,L147S,0.9004,pathogenic,CYP24A1,147.0
Q07973,L147T,0.795,pathogenic,CYP24A1,147.0
Q07973,L147V,0.1912,benign,CYP24A1,147.0
Q07973,L147W,0.8367,pathogenic,CYP24A1,147.0
Q07973,L147Y,0.8915,pathogenic,CYP24A1,147.0
Q07973,L148A,0.6287,pathogenic,CYP24A1,148.0
Q07973,L148C,0.7628,pathogenic,CYP24A1,148.0
Q07973,L148D,0.9744,pathogenic,CYP24A1,148.0
Q07973,L148E,0.9142,pathogenic,CYP24A1,148.0
Q07973,L148F,0.2542,benign,CYP24A1,148.0
Q07973,L148G,0.7826,pathogenic,CYP24A1,148.0
Q07973,L148H,0.7897,pathogenic,CYP24A1,148.0
Q07973,L148I,0.2751,benign,CYP24A1,148.0
Q07973,L148K,0.9159,pathogenic,CYP24A1,148.0
Q07973,L148M,0.1414,benign,CYP24A1,148.0
Q07973,L148N,0.8368,pathogenic,CYP24A1,148.0
Q07973,L148P,0.7548,pathogenic,CYP24A1,148.0
Q07973,L148Q,0.7,pathogenic,CYP24A1,148.0
Q07973,L148R,0.8429,pathogenic,CYP24A1,148.0
Q07973,L148S,0.8002,pathogenic,CYP24A1,148.0
Q07973,L148T,0.7004,pathogenic,CYP24A1,148.0
Q07973,L148V,0.2396,benign,CYP24A1,148.0
Q07973,L148W,0.6509,pathogenic,CYP24A1,148.0
Q07973,L148Y,0.7463,pathogenic,CYP24A1,148.0
Q07973,I149A,0.7341,pathogenic,CYP24A1,149.0
Q07973,I149C,0.8611,pathogenic,CYP24A1,149.0
Q07973,I149D,0.9481,pathogenic,CYP24A1,149.0
Q07973,I149E,0.9318,pathogenic,CYP24A1,149.0
Q07973,I149F,0.3793,ambiguous,CYP24A1,149.0
Q07973,I149G,0.8758,pathogenic,CYP24A1,149.0
Q07973,I149H,0.8752,pathogenic,CYP24A1,149.0
Q07973,I149K,0.9217,pathogenic,CYP24A1,149.0
Q07973,I149L,0.1419,benign,CYP24A1,149.0
Q07973,I149M,0.2123,benign,CYP24A1,149.0
Q07973,I149N,0.5941,pathogenic,CYP24A1,149.0
Q07973,I149P,0.8892,pathogenic,CYP24A1,149.0
Q07973,I149Q,0.8677,pathogenic,CYP24A1,149.0
Q07973,I149R,0.8776,pathogenic,CYP24A1,149.0
Q07973,I149S,0.6186,pathogenic,CYP24A1,149.0
Q07973,I149T,0.5743,pathogenic,CYP24A1,149.0
Q07973,I149V,0.1938,benign,CYP24A1,149.0
Q07973,I149W,0.9345,pathogenic,CYP24A1,149.0
Q07973,I149Y,0.8188,pathogenic,CYP24A1,149.0
Q07973,L150A,0.2722,benign,CYP24A1,150.0
Q07973,L150C,0.5657,pathogenic,CYP24A1,150.0
Q07973,L150D,0.8725,pathogenic,CYP24A1,150.0
Q07973,L150E,0.4059,ambiguous,CYP24A1,150.0
Q07973,L150F,0.371,ambiguous,CYP24A1,150.0
Q07973,L150G,0.5668,pathogenic,CYP24A1,150.0
Q07973,L150H,0.4734,ambiguous,CYP24A1,150.0
Q07973,L150I,0.2697,benign,CYP24A1,150.0
Q07973,L150K,0.3848,ambiguous,CYP24A1,150.0
Q07973,L150M,0.1307,benign,CYP24A1,150.0
Q07973,L150N,0.6713,pathogenic,CYP24A1,150.0
Q07973,L150P,0.864,pathogenic,CYP24A1,150.0
Q07973,L150Q,0.2025,benign,CYP24A1,150.0
Q07973,L150R,0.257,benign,CYP24A1,150.0
Q07973,L150S,0.3286,benign,CYP24A1,150.0
Q07973,L150T,0.265,benign,CYP24A1,150.0
Q07973,L150V,0.1937,benign,CYP24A1,150.0
Q07973,L150W,0.5594,ambiguous,CYP24A1,150.0
Q07973,L150Y,0.6794,pathogenic,CYP24A1,150.0
Q07973,E151A,0.4051,ambiguous,CYP24A1,151.0
Q07973,E151C,0.9414,pathogenic,CYP24A1,151.0
Q07973,E151D,0.3015,benign,CYP24A1,151.0
Q07973,E151F,0.9703,pathogenic,CYP24A1,151.0
Q07973,E151G,0.3285,benign,CYP24A1,151.0
Q07973,E151H,0.7984,pathogenic,CYP24A1,151.0
Q07973,E151I,0.9261,pathogenic,CYP24A1,151.0
Q07973,E151K,0.5741,pathogenic,CYP24A1,151.0
Q07973,E151L,0.8588,pathogenic,CYP24A1,151.0
Q07973,E151M,0.8666,pathogenic,CYP24A1,151.0
Q07973,E151N,0.4924,ambiguous,CYP24A1,151.0
Q07973,E151P,0.8569,pathogenic,CYP24A1,151.0
Q07973,E151Q,0.2853,benign,CYP24A1,151.0
Q07973,E151R,0.6416,pathogenic,CYP24A1,151.0
Q07973,E151S,0.3892,ambiguous,CYP24A1,151.0
Q07973,E151T,0.5319,ambiguous,CYP24A1,151.0
Q07973,E151V,0.7502,pathogenic,CYP24A1,151.0
Q07973,E151W,0.9822,pathogenic,CYP24A1,151.0
Q07973,E151Y,0.9344,pathogenic,CYP24A1,151.0
Q07973,G152A,0.5606,ambiguous,CYP24A1,152.0
Q07973,G152C,0.7552,pathogenic,CYP24A1,152.0
Q07973,G152D,0.4545,ambiguous,CYP24A1,152.0
Q07973,G152E,0.646,pathogenic,CYP24A1,152.0
Q07973,G152F,0.9762,pathogenic,CYP24A1,152.0
Q07973,G152H,0.8311,pathogenic,CYP24A1,152.0
Q07973,G152I,0.9692,pathogenic,CYP24A1,152.0
Q07973,G152K,0.7599,pathogenic,CYP24A1,152.0
Q07973,G152L,0.9471,pathogenic,CYP24A1,152.0
Q07973,G152M,0.9401,pathogenic,CYP24A1,152.0
Q07973,G152N,0.642,pathogenic,CYP24A1,152.0
Q07973,G152P,0.9879,pathogenic,CYP24A1,152.0
Q07973,G152Q,0.7795,pathogenic,CYP24A1,152.0
Q07973,G152R,0.7367,pathogenic,CYP24A1,152.0
Q07973,G152S,0.3399,benign,CYP24A1,152.0
Q07973,G152T,0.7247,pathogenic,CYP24A1,152.0
Q07973,G152V,0.9097,pathogenic,CYP24A1,152.0
Q07973,G152W,0.8873,pathogenic,CYP24A1,152.0
Q07973,G152Y,0.9021,pathogenic,CYP24A1,152.0
Q07973,E153A,0.0844,benign,CYP24A1,153.0
Q07973,E153C,0.5712,pathogenic,CYP24A1,153.0
Q07973,E153D,0.1444,benign,CYP24A1,153.0
Q07973,E153F,0.5905,pathogenic,CYP24A1,153.0
Q07973,E153G,0.1076,benign,CYP24A1,153.0
Q07973,E153H,0.2753,benign,CYP24A1,153.0
Q07973,E153I,0.217,benign,CYP24A1,153.0
Q07973,E153K,0.061,benign,CYP24A1,153.0
Q07973,E153L,0.2259,benign,CYP24A1,153.0
Q07973,E153M,0.2225,benign,CYP24A1,153.0
Q07973,E153N,0.1896,benign,CYP24A1,153.0
Q07973,E153P,0.1936,benign,CYP24A1,153.0
Q07973,E153Q,0.0874,benign,CYP24A1,153.0
Q07973,E153R,0.1012,benign,CYP24A1,153.0
Q07973,E153S,0.1264,benign,CYP24A1,153.0
Q07973,E153T,0.1264,benign,CYP24A1,153.0
Q07973,E153V,0.1264,benign,CYP24A1,153.0
Q07973,E153W,0.6881,pathogenic,CYP24A1,153.0
Q07973,E153Y,0.4594,ambiguous,CYP24A1,153.0
Q07973,D154A,0.0846,benign,CYP24A1,154.0
Q07973,D154C,0.3863,ambiguous,CYP24A1,154.0
Q07973,D154E,0.0841,benign,CYP24A1,154.0
Q07973,D154F,0.4824,ambiguous,CYP24A1,154.0
Q07973,D154G,0.1044,benign,CYP24A1,154.0
Q07973,D154H,0.166,benign,CYP24A1,154.0
Q07973,D154I,0.2318,benign,CYP24A1,154.0
Q07973,D154K,0.1689,benign,CYP24A1,154.0
Q07973,D154L,0.2613,benign,CYP24A1,154.0
Q07973,D154M,0.4338,ambiguous,CYP24A1,154.0
Q07973,D154N,0.0846,benign,CYP24A1,154.0
Q07973,D154P,0.3269,benign,CYP24A1,154.0
Q07973,D154Q,0.1607,benign,CYP24A1,154.0
Q07973,D154R,0.1946,benign,CYP24A1,154.0
Q07973,D154S,0.0955,benign,CYP24A1,154.0
Q07973,D154T,0.1479,benign,CYP24A1,154.0
Q07973,D154V,0.1292,benign,CYP24A1,154.0
Q07973,D154W,0.7638,pathogenic,CYP24A1,154.0
Q07973,D154Y,0.1709,benign,CYP24A1,154.0
Q07973,W155A,0.9796,pathogenic,CYP24A1,155.0
Q07973,W155C,0.9868,pathogenic,CYP24A1,155.0
Q07973,W155D,0.9961,pathogenic,CYP24A1,155.0
Q07973,W155E,0.9944,pathogenic,CYP24A1,155.0
Q07973,W155F,0.8307,pathogenic,CYP24A1,155.0
Q07973,W155G,0.9095,pathogenic,CYP24A1,155.0
Q07973,W155H,0.9744,pathogenic,CYP24A1,155.0
Q07973,W155I,0.99,pathogenic,CYP24A1,155.0
Q07973,W155K,0.9966,pathogenic,CYP24A1,155.0
Q07973,W155L,0.955,pathogenic,CYP24A1,155.0
Q07973,W155M,0.9918,pathogenic,CYP24A1,155.0
Q07973,W155N,0.9949,pathogenic,CYP24A1,155.0
Q07973,W155P,0.9966,pathogenic,CYP24A1,155.0
Q07973,W155Q,0.9945,pathogenic,CYP24A1,155.0
Q07973,W155R,0.9877,pathogenic,CYP24A1,155.0
Q07973,W155S,0.9459,pathogenic,CYP24A1,155.0
Q07973,W155T,0.9822,pathogenic,CYP24A1,155.0
Q07973,W155V,0.9856,pathogenic,CYP24A1,155.0
Q07973,W155Y,0.9165,pathogenic,CYP24A1,155.0
Q07973,Q156A,0.3264,benign,CYP24A1,156.0
Q07973,Q156C,0.6187,pathogenic,CYP24A1,156.0
Q07973,Q156D,0.7495,pathogenic,CYP24A1,156.0
Q07973,Q156E,0.1325,benign,CYP24A1,156.0
Q07973,Q156F,0.6147,pathogenic,CYP24A1,156.0
Q07973,Q156G,0.2871,benign,CYP24A1,156.0
Q07973,Q156H,0.2632,benign,CYP24A1,156.0
Q07973,Q156I,0.5061,ambiguous,CYP24A1,156.0
Q07973,Q156K,0.1176,benign,CYP24A1,156.0
Q07973,Q156L,0.1286,benign,CYP24A1,156.0
Q07973,Q156M,0.4121,ambiguous,CYP24A1,156.0
Q07973,Q156N,0.4769,ambiguous,CYP24A1,156.0
Q07973,Q156P,0.6086,pathogenic,CYP24A1,156.0
Q07973,Q156R,0.1078,benign,CYP24A1,156.0
Q07973,Q156S,0.4528,ambiguous,CYP24A1,156.0
Q07973,Q156T,0.4366,ambiguous,CYP24A1,156.0
Q07973,Q156V,0.3573,ambiguous,CYP24A1,156.0
Q07973,Q156W,0.474,ambiguous,CYP24A1,156.0
Q07973,Q156Y,0.3954,ambiguous,CYP24A1,156.0
Q07973,R157A,0.3408,ambiguous,CYP24A1,157.0
Q07973,R157C,0.1592,benign,CYP24A1,157.0
Q07973,R157D,0.5648,pathogenic,CYP24A1,157.0
Q07973,R157E,0.3107,benign,CYP24A1,157.0
Q07973,R157F,0.5141,ambiguous,CYP24A1,157.0
Q07973,R157G,0.2521,benign,CYP24A1,157.0
Q07973,R157H,0.1047,benign,CYP24A1,157.0
Q07973,R157I,0.2891,benign,CYP24A1,157.0
Q07973,R157K,0.1114,benign,CYP24A1,157.0
Q07973,R157L,0.2397,benign,CYP24A1,157.0
Q07973,R157M,0.2743,benign,CYP24A1,157.0
Q07973,R157N,0.4634,ambiguous,CYP24A1,157.0
Q07973,R157P,0.885,pathogenic,CYP24A1,157.0
Q07973,R157Q,0.1047,benign,CYP24A1,157.0
Q07973,R157S,0.422,ambiguous,CYP24A1,157.0
Q07973,R157T,0.2268,benign,CYP24A1,157.0
Q07973,R157V,0.3343,benign,CYP24A1,157.0
Q07973,R157W,0.1928,benign,CYP24A1,157.0
Q07973,R157Y,0.3319,benign,CYP24A1,157.0
Q07973,V158A,0.3202,benign,CYP24A1,158.0
Q07973,V158C,0.7463,pathogenic,CYP24A1,158.0
Q07973,V158D,0.7219,pathogenic,CYP24A1,158.0
Q07973,V158E,0.5064,ambiguous,CYP24A1,158.0
Q07973,V158F,0.2163,benign,CYP24A1,158.0
Q07973,V158G,0.3289,benign,CYP24A1,158.0
Q07973,V158H,0.7441,pathogenic,CYP24A1,158.0
Q07973,V158I,0.0931,benign,CYP24A1,158.0
Q07973,V158K,0.6285,pathogenic,CYP24A1,158.0
Q07973,V158L,0.24,benign,CYP24A1,158.0
Q07973,V158M,0.1467,benign,CYP24A1,158.0
Q07973,V158N,0.4817,ambiguous,CYP24A1,158.0
Q07973,V158P,0.8969,pathogenic,CYP24A1,158.0
Q07973,V158Q,0.4607,ambiguous,CYP24A1,158.0
Q07973,V158R,0.5748,pathogenic,CYP24A1,158.0
Q07973,V158S,0.3774,ambiguous,CYP24A1,158.0
Q07973,V158T,0.2982,benign,CYP24A1,158.0
Q07973,V158W,0.8309,pathogenic,CYP24A1,158.0
Q07973,V158Y,0.636,pathogenic,CYP24A1,158.0
Q07973,R159A,0.9895,pathogenic,CYP24A1,159.0
Q07973,R159C,0.736,pathogenic,CYP24A1,159.0
Q07973,R159D,0.9965,pathogenic,CYP24A1,159.0
Q07973,R159E,0.9787,pathogenic,CYP24A1,159.0
Q07973,R159F,0.9904,pathogenic,CYP24A1,159.0
Q07973,R159G,0.9669,pathogenic,CYP24A1,159.0
Q07973,R159H,0.6942,pathogenic,CYP24A1,159.0
Q07973,R159I,0.9826,pathogenic,CYP24A1,159.0
Q07973,R159K,0.8216,pathogenic,CYP24A1,159.0
Q07973,R159L,0.9453,pathogenic,CYP24A1,159.0
Q07973,R159M,0.9901,pathogenic,CYP24A1,159.0
Q07973,R159N,0.9925,pathogenic,CYP24A1,159.0
Q07973,R159P,0.991,pathogenic,CYP24A1,159.0
Q07973,R159Q,0.7397,pathogenic,CYP24A1,159.0
Q07973,R159S,0.9874,pathogenic,CYP24A1,159.0
Q07973,R159T,0.991,pathogenic,CYP24A1,159.0
Q07973,R159V,0.9863,pathogenic,CYP24A1,159.0
Q07973,R159W,0.7958,pathogenic,CYP24A1,159.0
Q07973,R159Y,0.9476,pathogenic,CYP24A1,159.0
Q07973,S160A,0.086,benign,CYP24A1,160.0
Q07973,S160C,0.0958,benign,CYP24A1,160.0
Q07973,S160D,0.4639,ambiguous,CYP24A1,160.0
Q07973,S160E,0.523,ambiguous,CYP24A1,160.0
Q07973,S160F,0.2278,benign,CYP24A1,160.0
Q07973,S160G,0.0736,benign,CYP24A1,160.0
Q07973,S160H,0.2981,benign,CYP24A1,160.0
Q07973,S160I,0.1707,benign,CYP24A1,160.0
Q07973,S160K,0.4594,ambiguous,CYP24A1,160.0
Q07973,S160L,0.1066,benign,CYP24A1,160.0
Q07973,S160M,0.174,benign,CYP24A1,160.0
Q07973,S160N,0.1452,benign,CYP24A1,160.0
Q07973,S160P,0.8287,pathogenic,CYP24A1,160.0
Q07973,S160Q,0.4038,ambiguous,CYP24A1,160.0
Q07973,S160R,0.3648,ambiguous,CYP24A1,160.0
Q07973,S160T,0.0865,benign,CYP24A1,160.0
Q07973,S160V,0.1682,benign,CYP24A1,160.0
Q07973,S160W,0.3303,benign,CYP24A1,160.0
Q07973,S160Y,0.1997,benign,CYP24A1,160.0
Q07973,A161C,0.3171,benign,CYP24A1,161.0
Q07973,A161D,0.3901,ambiguous,CYP24A1,161.0
Q07973,A161E,0.3515,ambiguous,CYP24A1,161.0
Q07973,A161F,0.3371,benign,CYP24A1,161.0
Q07973,A161G,0.1646,benign,CYP24A1,161.0
Q07973,A161H,0.4794,ambiguous,CYP24A1,161.0
Q07973,A161I,0.1453,benign,CYP24A1,161.0
Q07973,A161K,0.5505,ambiguous,CYP24A1,161.0
Q07973,A161L,0.1819,benign,CYP24A1,161.0
Q07973,A161M,0.218,benign,CYP24A1,161.0
Q07973,A161N,0.2779,benign,CYP24A1,161.0
Q07973,A161P,0.4993,ambiguous,CYP24A1,161.0
Q07973,A161Q,0.4201,ambiguous,CYP24A1,161.0
Q07973,A161R,0.4297,ambiguous,CYP24A1,161.0
Q07973,A161S,0.0999,benign,CYP24A1,161.0
Q07973,A161T,0.0825,benign,CYP24A1,161.0
Q07973,A161V,0.0802,benign,CYP24A1,161.0
Q07973,A161W,0.7563,pathogenic,CYP24A1,161.0
Q07973,A161Y,0.4679,ambiguous,CYP24A1,161.0
Q07973,F162A,0.8633,pathogenic,CYP24A1,162.0
Q07973,F162C,0.5711,pathogenic,CYP24A1,162.0
Q07973,F162D,0.9949,pathogenic,CYP24A1,162.0
Q07973,F162E,0.9923,pathogenic,CYP24A1,162.0
Q07973,F162G,0.9543,pathogenic,CYP24A1,162.0
Q07973,F162H,0.9574,pathogenic,CYP24A1,162.0
Q07973,F162I,0.4531,ambiguous,CYP24A1,162.0
Q07973,F162K,0.9938,pathogenic,CYP24A1,162.0
Q07973,F162L,0.8706,pathogenic,CYP24A1,162.0
Q07973,F162M,0.671,pathogenic,CYP24A1,162.0
Q07973,F162N,0.9697,pathogenic,CYP24A1,162.0
Q07973,F162P,0.9966,pathogenic,CYP24A1,162.0
Q07973,F162Q,0.9812,pathogenic,CYP24A1,162.0
Q07973,F162R,0.9855,pathogenic,CYP24A1,162.0
Q07973,F162S,0.8382,pathogenic,CYP24A1,162.0
Q07973,F162T,0.8538,pathogenic,CYP24A1,162.0
Q07973,F162V,0.3911,ambiguous,CYP24A1,162.0
Q07973,F162W,0.7977,pathogenic,CYP24A1,162.0
Q07973,F162Y,0.5249,ambiguous,CYP24A1,162.0
Q07973,Q163A,0.4487,ambiguous,CYP24A1,163.0
Q07973,Q163C,0.8875,pathogenic,CYP24A1,163.0
Q07973,Q163D,0.8709,pathogenic,CYP24A1,163.0
Q07973,Q163E,0.2588,benign,CYP24A1,163.0
Q07973,Q163F,0.964,pathogenic,CYP24A1,163.0
Q07973,Q163G,0.3633,ambiguous,CYP24A1,163.0
Q07973,Q163H,0.6935,pathogenic,CYP24A1,163.0
Q07973,Q163I,0.8837,pathogenic,CYP24A1,163.0
Q07973,Q163K,0.5485,ambiguous,CYP24A1,163.0
Q07973,Q163L,0.4791,ambiguous,CYP24A1,163.0
Q07973,Q163M,0.7543,pathogenic,CYP24A1,163.0
Q07973,Q163N,0.5691,pathogenic,CYP24A1,163.0
Q07973,Q163P,0.8102,pathogenic,CYP24A1,163.0
Q07973,Q163R,0.3771,ambiguous,CYP24A1,163.0
Q07973,Q163S,0.3413,ambiguous,CYP24A1,163.0
Q07973,Q163T,0.5959,pathogenic,CYP24A1,163.0
Q07973,Q163V,0.7205,pathogenic,CYP24A1,163.0
Q07973,Q163W,0.9202,pathogenic,CYP24A1,163.0
Q07973,Q163Y,0.9019,pathogenic,CYP24A1,163.0
Q07973,K164A,0.2863,benign,CYP24A1,164.0
Q07973,K164C,0.5614,ambiguous,CYP24A1,164.0
Q07973,K164D,0.48,ambiguous,CYP24A1,164.0
Q07973,K164E,0.145,benign,CYP24A1,164.0
Q07973,K164F,0.7091,pathogenic,CYP24A1,164.0
Q07973,K164G,0.2631,benign,CYP24A1,164.0
Q07973,K164H,0.2643,benign,CYP24A1,164.0
Q07973,K164I,0.3609,ambiguous,CYP24A1,164.0
Q07973,K164L,0.287,benign,CYP24A1,164.0
Q07973,K164M,0.1945,benign,CYP24A1,164.0
Q07973,K164N,0.2923,benign,CYP24A1,164.0
Q07973,K164P,0.363,ambiguous,CYP24A1,164.0
Q07973,K164Q,0.0973,benign,CYP24A1,164.0
Q07973,K164R,0.0831,benign,CYP24A1,164.0
Q07973,K164S,0.2988,benign,CYP24A1,164.0
Q07973,K164T,0.1613,benign,CYP24A1,164.0
Q07973,K164V,0.2946,benign,CYP24A1,164.0
Q07973,K164W,0.6173,pathogenic,CYP24A1,164.0
Q07973,K164Y,0.5148,ambiguous,CYP24A1,164.0
Q07973,K165A,0.4438,ambiguous,CYP24A1,165.0
Q07973,K165C,0.6427,pathogenic,CYP24A1,165.0
Q07973,K165D,0.768,pathogenic,CYP24A1,165.0
Q07973,K165E,0.3487,ambiguous,CYP24A1,165.0
Q07973,K165F,0.7312,pathogenic,CYP24A1,165.0
Q07973,K165G,0.592,pathogenic,CYP24A1,165.0
Q07973,K165H,0.2981,benign,CYP24A1,165.0
Q07973,K165I,0.3095,benign,CYP24A1,165.0
Q07973,K165L,0.3437,ambiguous,CYP24A1,165.0
Q07973,K165M,0.2264,benign,CYP24A1,165.0
Q07973,K165N,0.5106,ambiguous,CYP24A1,165.0
Q07973,K165P,0.5545,ambiguous,CYP24A1,165.0
Q07973,K165Q,0.1687,benign,CYP24A1,165.0
Q07973,K165R,0.0985,benign,CYP24A1,165.0
Q07973,K165S,0.5334,ambiguous,CYP24A1,165.0
Q07973,K165T,0.2206,benign,CYP24A1,165.0
Q07973,K165V,0.2986,benign,CYP24A1,165.0
Q07973,K165W,0.7282,pathogenic,CYP24A1,165.0
Q07973,K165Y,0.4991,ambiguous,CYP24A1,165.0
Q07973,L166A,0.7154,pathogenic,CYP24A1,166.0
Q07973,L166C,0.7667,pathogenic,CYP24A1,166.0
Q07973,L166D,0.9909,pathogenic,CYP24A1,166.0
Q07973,L166E,0.9598,pathogenic,CYP24A1,166.0
Q07973,L166F,0.2002,benign,CYP24A1,166.0
Q07973,L166G,0.9176,pathogenic,CYP24A1,166.0
Q07973,L166H,0.8929,pathogenic,CYP24A1,166.0
Q07973,L166I,0.1465,benign,CYP24A1,166.0
Q07973,L166K,0.9559,pathogenic,CYP24A1,166.0
Q07973,L166M,0.1407,benign,CYP24A1,166.0
Q07973,L166N,0.9478,pathogenic,CYP24A1,166.0
Q07973,L166P,0.9147,pathogenic,CYP24A1,166.0
Q07973,L166Q,0.8584,pathogenic,CYP24A1,166.0
Q07973,L166R,0.909,pathogenic,CYP24A1,166.0
Q07973,L166S,0.8956,pathogenic,CYP24A1,166.0
Q07973,L166T,0.7763,pathogenic,CYP24A1,166.0
Q07973,L166V,0.1786,benign,CYP24A1,166.0
Q07973,L166W,0.5224,ambiguous,CYP24A1,166.0
Q07973,L166Y,0.7206,pathogenic,CYP24A1,166.0
Q07973,M167A,0.8194,pathogenic,CYP24A1,167.0
Q07973,M167C,0.8819,pathogenic,CYP24A1,167.0
Q07973,M167D,0.9879,pathogenic,CYP24A1,167.0
Q07973,M167E,0.9357,pathogenic,CYP24A1,167.0
Q07973,M167F,0.6887,pathogenic,CYP24A1,167.0
Q07973,M167G,0.8622,pathogenic,CYP24A1,167.0
Q07973,M167H,0.9075,pathogenic,CYP24A1,167.0
Q07973,M167I,0.7922,pathogenic,CYP24A1,167.0
Q07973,M167K,0.7571,pathogenic,CYP24A1,167.0
Q07973,M167L,0.118,benign,CYP24A1,167.0
Q07973,M167N,0.8956,pathogenic,CYP24A1,167.0
Q07973,M167P,0.9488,pathogenic,CYP24A1,167.0
Q07973,M167Q,0.6236,pathogenic,CYP24A1,167.0
Q07973,M167R,0.6477,pathogenic,CYP24A1,167.0
Q07973,M167S,0.8313,pathogenic,CYP24A1,167.0
Q07973,M167T,0.735,pathogenic,CYP24A1,167.0
Q07973,M167V,0.3125,benign,CYP24A1,167.0
Q07973,M167W,0.8784,pathogenic,CYP24A1,167.0
Q07973,M167Y,0.914,pathogenic,CYP24A1,167.0
Q07973,K168A,0.4871,ambiguous,CYP24A1,168.0
Q07973,K168C,0.7009,pathogenic,CYP24A1,168.0
Q07973,K168D,0.8059,pathogenic,CYP24A1,168.0
Q07973,K168E,0.4458,ambiguous,CYP24A1,168.0
Q07973,K168F,0.7858,pathogenic,CYP24A1,168.0
Q07973,K168G,0.6477,pathogenic,CYP24A1,168.0
Q07973,K168H,0.3303,benign,CYP24A1,168.0
Q07973,K168I,0.3797,ambiguous,CYP24A1,168.0
Q07973,K168L,0.3324,benign,CYP24A1,168.0
Q07973,K168M,0.2328,benign,CYP24A1,168.0
Q07973,K168N,0.5476,ambiguous,CYP24A1,168.0
Q07973,K168P,0.8065,pathogenic,CYP24A1,168.0
Q07973,K168Q,0.1598,benign,CYP24A1,168.0
Q07973,K168R,0.0853,benign,CYP24A1,168.0
Q07973,K168S,0.584,pathogenic,CYP24A1,168.0
Q07973,K168T,0.3224,benign,CYP24A1,168.0
Q07973,K168V,0.374,ambiguous,CYP24A1,168.0
Q07973,K168W,0.7462,pathogenic,CYP24A1,168.0
Q07973,K168Y,0.6011,pathogenic,CYP24A1,168.0
Q07973,P169A,0.1378,benign,CYP24A1,169.0
Q07973,P169C,0.7258,pathogenic,CYP24A1,169.0
Q07973,P169D,0.7749,pathogenic,CYP24A1,169.0
Q07973,P169E,0.5557,ambiguous,CYP24A1,169.0
Q07973,P169F,0.6275,pathogenic,CYP24A1,169.0
Q07973,P169G,0.5112,ambiguous,CYP24A1,169.0
Q07973,P169H,0.3504,ambiguous,CYP24A1,169.0
Q07973,P169I,0.375,ambiguous,CYP24A1,169.0
Q07973,P169K,0.5001,ambiguous,CYP24A1,169.0
Q07973,P169L,0.1684,benign,CYP24A1,169.0
Q07973,P169M,0.3727,ambiguous,CYP24A1,169.0
Q07973,P169N,0.596,pathogenic,CYP24A1,169.0
Q07973,P169Q,0.2809,benign,CYP24A1,169.0
Q07973,P169R,0.2958,benign,CYP24A1,169.0
Q07973,P169S,0.2773,benign,CYP24A1,169.0
Q07973,P169T,0.1619,benign,CYP24A1,169.0
Q07973,P169V,0.2526,benign,CYP24A1,169.0
Q07973,P169W,0.7031,pathogenic,CYP24A1,169.0
Q07973,P169Y,0.6204,pathogenic,CYP24A1,169.0
Q07973,G170A,0.0506,benign,CYP24A1,170.0
Q07973,G170C,0.1392,benign,CYP24A1,170.0
Q07973,G170D,0.1295,benign,CYP24A1,170.0
Q07973,G170E,0.0792,benign,CYP24A1,170.0
Q07973,G170F,0.1604,benign,CYP24A1,170.0
Q07973,G170H,0.1466,benign,CYP24A1,170.0
Q07973,G170I,0.0723,benign,CYP24A1,170.0
Q07973,G170K,0.089,benign,CYP24A1,170.0
Q07973,G170L,0.0908,benign,CYP24A1,170.0
Q07973,G170M,0.0825,benign,CYP24A1,170.0
Q07973,G170N,0.1254,benign,CYP24A1,170.0
Q07973,G170P,0.2485,benign,CYP24A1,170.0
Q07973,G170Q,0.0887,benign,CYP24A1,170.0
Q07973,G170R,0.0763,benign,CYP24A1,170.0
Q07973,G170S,0.0719,benign,CYP24A1,170.0
Q07973,G170T,0.0574,benign,CYP24A1,170.0
Q07973,G170V,0.0507,benign,CYP24A1,170.0
Q07973,G170W,0.1586,benign,CYP24A1,170.0
Q07973,G170Y,0.1811,benign,CYP24A1,170.0
Q07973,E171A,0.1441,benign,CYP24A1,171.0
Q07973,E171C,0.836,pathogenic,CYP24A1,171.0
Q07973,E171D,0.1638,benign,CYP24A1,171.0
Q07973,E171F,0.7489,pathogenic,CYP24A1,171.0
Q07973,E171G,0.2599,benign,CYP24A1,171.0
Q07973,E171H,0.5272,ambiguous,CYP24A1,171.0
Q07973,E171I,0.3912,ambiguous,CYP24A1,171.0
Q07973,E171K,0.2607,benign,CYP24A1,171.0
Q07973,E171L,0.4391,ambiguous,CYP24A1,171.0
Q07973,E171M,0.4968,ambiguous,CYP24A1,171.0
Q07973,E171N,0.3449,ambiguous,CYP24A1,171.0
Q07973,E171P,0.744,pathogenic,CYP24A1,171.0
Q07973,E171Q,0.1903,benign,CYP24A1,171.0
Q07973,E171R,0.3855,ambiguous,CYP24A1,171.0
Q07973,E171S,0.2456,benign,CYP24A1,171.0
Q07973,E171T,0.2736,benign,CYP24A1,171.0
Q07973,E171V,0.2183,benign,CYP24A1,171.0
Q07973,E171W,0.8947,pathogenic,CYP24A1,171.0
Q07973,E171Y,0.6367,pathogenic,CYP24A1,171.0
Q07973,V172A,0.2997,benign,CYP24A1,172.0
Q07973,V172C,0.716,pathogenic,CYP24A1,172.0
Q07973,V172D,0.7732,pathogenic,CYP24A1,172.0
Q07973,V172E,0.7064,pathogenic,CYP24A1,172.0
Q07973,V172F,0.2452,benign,CYP24A1,172.0
Q07973,V172G,0.4156,ambiguous,CYP24A1,172.0
Q07973,V172H,0.8319,pathogenic,CYP24A1,172.0
Q07973,V172I,0.0593,benign,CYP24A1,172.0
Q07973,V172K,0.803,pathogenic,CYP24A1,172.0
Q07973,V172L,0.1763,benign,CYP24A1,172.0
Q07973,V172M,0.1428,benign,CYP24A1,172.0
Q07973,V172N,0.4476,ambiguous,CYP24A1,172.0
Q07973,V172P,0.7673,pathogenic,CYP24A1,172.0
Q07973,V172Q,0.7031,pathogenic,CYP24A1,172.0
Q07973,V172R,0.7283,pathogenic,CYP24A1,172.0
Q07973,V172S,0.3712,ambiguous,CYP24A1,172.0
Q07973,V172T,0.3041,benign,CYP24A1,172.0
Q07973,V172W,0.8506,pathogenic,CYP24A1,172.0
Q07973,V172Y,0.6744,pathogenic,CYP24A1,172.0
Q07973,M173A,0.1763,benign,CYP24A1,173.0
Q07973,M173C,0.5957,pathogenic,CYP24A1,173.0
Q07973,M173D,0.6813,pathogenic,CYP24A1,173.0
Q07973,M173E,0.2765,benign,CYP24A1,173.0
Q07973,M173F,0.3395,benign,CYP24A1,173.0
Q07973,M173G,0.3079,benign,CYP24A1,173.0
Q07973,M173H,0.4095,ambiguous,CYP24A1,173.0
Q07973,M173I,0.2152,benign,CYP24A1,173.0
Q07973,M173K,0.1072,benign,CYP24A1,173.0
Q07973,M173L,0.0934,benign,CYP24A1,173.0
Q07973,M173N,0.4117,ambiguous,CYP24A1,173.0
Q07973,M173P,0.6078,pathogenic,CYP24A1,173.0
Q07973,M173Q,0.1557,benign,CYP24A1,173.0
Q07973,M173R,0.1039,benign,CYP24A1,173.0
Q07973,M173S,0.2452,benign,CYP24A1,173.0
Q07973,M173T,0.1276,benign,CYP24A1,173.0
Q07973,M173V,0.0738,benign,CYP24A1,173.0
Q07973,M173W,0.4852,ambiguous,CYP24A1,173.0
Q07973,M173Y,0.5296,ambiguous,CYP24A1,173.0
Q07973,K174A,0.1867,benign,CYP24A1,174.0
Q07973,K174C,0.4113,ambiguous,CYP24A1,174.0
Q07973,K174D,0.3937,ambiguous,CYP24A1,174.0
Q07973,K174E,0.126,benign,CYP24A1,174.0
Q07973,K174F,0.504,ambiguous,CYP24A1,174.0
Q07973,K174G,0.2379,benign,CYP24A1,174.0
Q07973,K174H,0.201,benign,CYP24A1,174.0
Q07973,K174I,0.2087,benign,CYP24A1,174.0
Q07973,K174L,0.1654,benign,CYP24A1,174.0
Q07973,K174M,0.1338,benign,CYP24A1,174.0
Q07973,K174N,0.2444,benign,CYP24A1,174.0
Q07973,K174P,0.4744,ambiguous,CYP24A1,174.0
Q07973,K174Q,0.0929,benign,CYP24A1,174.0
Q07973,K174R,0.0759,benign,CYP24A1,174.0
Q07973,K174S,0.2519,benign,CYP24A1,174.0
Q07973,K174T,0.1214,benign,CYP24A1,174.0
Q07973,K174V,0.1896,benign,CYP24A1,174.0
Q07973,K174W,0.5266,ambiguous,CYP24A1,174.0
Q07973,K174Y,0.385,ambiguous,CYP24A1,174.0
Q07973,L175A,0.2305,benign,CYP24A1,175.0
Q07973,L175C,0.4609,ambiguous,CYP24A1,175.0
Q07973,L175D,0.6488,pathogenic,CYP24A1,175.0
Q07973,L175E,0.3538,ambiguous,CYP24A1,175.0
Q07973,L175F,0.1182,benign,CYP24A1,175.0
Q07973,L175G,0.4918,ambiguous,CYP24A1,175.0
Q07973,L175H,0.2166,benign,CYP24A1,175.0
Q07973,L175I,0.1157,benign,CYP24A1,175.0
Q07973,L175K,0.3228,benign,CYP24A1,175.0
Q07973,L175M,0.0883,benign,CYP24A1,175.0
Q07973,L175N,0.3921,ambiguous,CYP24A1,175.0
Q07973,L175P,0.5725,pathogenic,CYP24A1,175.0
Q07973,L175Q,0.1523,benign,CYP24A1,175.0
Q07973,L175R,0.2211,benign,CYP24A1,175.0
Q07973,L175S,0.2846,benign,CYP24A1,175.0
Q07973,L175T,0.1902,benign,CYP24A1,175.0
Q07973,L175V,0.1127,benign,CYP24A1,175.0
Q07973,L175W,0.1414,benign,CYP24A1,175.0
Q07973,L175Y,0.2435,benign,CYP24A1,175.0
Q07973,D176A,0.4319,ambiguous,CYP24A1,176.0
Q07973,D176C,0.8175,pathogenic,CYP24A1,176.0
Q07973,D176E,0.548,ambiguous,CYP24A1,176.0
Q07973,D176F,0.9472,pathogenic,CYP24A1,176.0
Q07973,D176G,0.2976,benign,CYP24A1,176.0
Q07973,D176H,0.6602,pathogenic,CYP24A1,176.0
Q07973,D176I,0.8437,pathogenic,CYP24A1,176.0
Q07973,D176K,0.8973,pathogenic,CYP24A1,176.0
Q07973,D176L,0.8853,pathogenic,CYP24A1,176.0
Q07973,D176M,0.9532,pathogenic,CYP24A1,176.0
Q07973,D176N,0.3127,benign,CYP24A1,176.0
Q07973,D176P,0.9054,pathogenic,CYP24A1,176.0
Q07973,D176Q,0.7775,pathogenic,CYP24A1,176.0
Q07973,D176R,0.8629,pathogenic,CYP24A1,176.0
Q07973,D176S,0.292,benign,CYP24A1,176.0
Q07973,D176T,0.6341,pathogenic,CYP24A1,176.0
Q07973,D176V,0.6335,pathogenic,CYP24A1,176.0
Q07973,D176W,0.972,pathogenic,CYP24A1,176.0
Q07973,D176Y,0.6538,pathogenic,CYP24A1,176.0
Q07973,N177A,0.0864,benign,CYP24A1,177.0
Q07973,N177C,0.0973,benign,CYP24A1,177.0
Q07973,N177D,0.0635,benign,CYP24A1,177.0
Q07973,N177E,0.1182,benign,CYP24A1,177.0
Q07973,N177F,0.2194,benign,CYP24A1,177.0
Q07973,N177G,0.0963,benign,CYP24A1,177.0
Q07973,N177H,0.0584,benign,CYP24A1,177.0
Q07973,N177I,0.0902,benign,CYP24A1,177.0
Q07973,N177K,0.0819,benign,CYP24A1,177.0
Q07973,N177L,0.098,benign,CYP24A1,177.0
Q07973,N177M,0.1485,benign,CYP24A1,177.0
Q07973,N177P,0.234,benign,CYP24A1,177.0
Q07973,N177Q,0.11,benign,CYP24A1,177.0
Q07973,N177R,0.0882,benign,CYP24A1,177.0
Q07973,N177S,0.0563,benign,CYP24A1,177.0
Q07973,N177T,0.0705,benign,CYP24A1,177.0
Q07973,N177V,0.0873,benign,CYP24A1,177.0
Q07973,N177W,0.3252,benign,CYP24A1,177.0
Q07973,N177Y,0.0785,benign,CYP24A1,177.0
Q07973,K178A,0.3531,ambiguous,CYP24A1,178.0
Q07973,K178C,0.6389,pathogenic,CYP24A1,178.0
Q07973,K178D,0.5275,ambiguous,CYP24A1,178.0
Q07973,K178E,0.1806,benign,CYP24A1,178.0
Q07973,K178F,0.8188,pathogenic,CYP24A1,178.0
Q07973,K178G,0.4329,ambiguous,CYP24A1,178.0
Q07973,K178H,0.3326,benign,CYP24A1,178.0
Q07973,K178I,0.3889,ambiguous,CYP24A1,178.0
Q07973,K178L,0.375,ambiguous,CYP24A1,178.0
Q07973,K178M,0.2518,benign,CYP24A1,178.0
Q07973,K178N,0.4436,ambiguous,CYP24A1,178.0
Q07973,K178P,0.6651,pathogenic,CYP24A1,178.0
Q07973,K178Q,0.138,benign,CYP24A1,178.0
Q07973,K178R,0.0893,benign,CYP24A1,178.0
Q07973,K178S,0.4024,ambiguous,CYP24A1,178.0
Q07973,K178T,0.1682,benign,CYP24A1,178.0
Q07973,K178V,0.3396,benign,CYP24A1,178.0
Q07973,K178W,0.7694,pathogenic,CYP24A1,178.0
Q07973,K178Y,0.6353,pathogenic,CYP24A1,178.0
Q07973,I179A,0.6118,pathogenic,CYP24A1,179.0
Q07973,I179C,0.7,pathogenic,CYP24A1,179.0
Q07973,I179D,0.919,pathogenic,CYP24A1,179.0
Q07973,I179E,0.8464,pathogenic,CYP24A1,179.0
Q07973,I179F,0.245,benign,CYP24A1,179.0
Q07973,I179G,0.8192,pathogenic,CYP24A1,179.0
Q07973,I179H,0.7944,pathogenic,CYP24A1,179.0
Q07973,I179K,0.8021,pathogenic,CYP24A1,179.0
Q07973,I179L,0.1464,benign,CYP24A1,179.0
Q07973,I179M,0.1021,benign,CYP24A1,179.0
Q07973,I179N,0.4725,ambiguous,CYP24A1,179.0
Q07973,I179P,0.9321,pathogenic,CYP24A1,179.0
Q07973,I179Q,0.7229,pathogenic,CYP24A1,179.0
Q07973,I179R,0.7239,pathogenic,CYP24A1,179.0
Q07973,I179S,0.5548,ambiguous,CYP24A1,179.0
Q07973,I179T,0.4629,ambiguous,CYP24A1,179.0
Q07973,I179V,0.1062,benign,CYP24A1,179.0
Q07973,I179W,0.8088,pathogenic,CYP24A1,179.0
Q07973,I179Y,0.6348,pathogenic,CYP24A1,179.0
Q07973,N180A,0.5323,ambiguous,CYP24A1,180.0
Q07973,N180C,0.423,ambiguous,CYP24A1,180.0
Q07973,N180D,0.3662,ambiguous,CYP24A1,180.0
Q07973,N180E,0.7595,pathogenic,CYP24A1,180.0
Q07973,N180F,0.9147,pathogenic,CYP24A1,180.0
Q07973,N180G,0.4551,ambiguous,CYP24A1,180.0
Q07973,N180H,0.3322,benign,CYP24A1,180.0
Q07973,N180I,0.5721,pathogenic,CYP24A1,180.0
Q07973,N180K,0.7966,pathogenic,CYP24A1,180.0
Q07973,N180L,0.5193,ambiguous,CYP24A1,180.0
Q07973,N180M,0.6641,pathogenic,CYP24A1,180.0
Q07973,N180P,0.896,pathogenic,CYP24A1,180.0
Q07973,N180Q,0.7247,pathogenic,CYP24A1,180.0
Q07973,N180R,0.7116,pathogenic,CYP24A1,180.0
Q07973,N180S,0.1082,benign,CYP24A1,180.0
Q07973,N180T,0.306,benign,CYP24A1,180.0
Q07973,N180V,0.5332,ambiguous,CYP24A1,180.0
Q07973,N180W,0.9364,pathogenic,CYP24A1,180.0
Q07973,N180Y,0.5519,ambiguous,CYP24A1,180.0
Q07973,E181A,0.1052,benign,CYP24A1,181.0
Q07973,E181C,0.6264,pathogenic,CYP24A1,181.0
Q07973,E181D,0.1234,benign,CYP24A1,181.0
Q07973,E181F,0.6123,pathogenic,CYP24A1,181.0
Q07973,E181G,0.1149,benign,CYP24A1,181.0
Q07973,E181H,0.3047,benign,CYP24A1,181.0
Q07973,E181I,0.2695,benign,CYP24A1,181.0
Q07973,E181K,0.1052,benign,CYP24A1,181.0
Q07973,E181L,0.2484,benign,CYP24A1,181.0
Q07973,E181M,0.3068,benign,CYP24A1,181.0
Q07973,E181N,0.2278,benign,CYP24A1,181.0
Q07973,E181P,0.8207,pathogenic,CYP24A1,181.0
Q07973,E181Q,0.111,benign,CYP24A1,181.0
Q07973,E181R,0.1637,benign,CYP24A1,181.0
Q07973,E181S,0.1693,benign,CYP24A1,181.0
Q07973,E181T,0.1538,benign,CYP24A1,181.0
Q07973,E181V,0.1543,benign,CYP24A1,181.0
Q07973,E181W,0.7591,pathogenic,CYP24A1,181.0
Q07973,E181Y,0.4497,ambiguous,CYP24A1,181.0
Q07973,V182A,0.4807,ambiguous,CYP24A1,182.0
Q07973,V182C,0.9041,pathogenic,CYP24A1,182.0
Q07973,V182D,0.8777,pathogenic,CYP24A1,182.0
Q07973,V182E,0.8098,pathogenic,CYP24A1,182.0
Q07973,V182F,0.8003,pathogenic,CYP24A1,182.0
Q07973,V182G,0.4535,ambiguous,CYP24A1,182.0
Q07973,V182H,0.9633,pathogenic,CYP24A1,182.0
Q07973,V182I,0.1461,benign,CYP24A1,182.0
Q07973,V182K,0.9274,pathogenic,CYP24A1,182.0
Q07973,V182L,0.712,pathogenic,CYP24A1,182.0
Q07973,V182M,0.5821,pathogenic,CYP24A1,182.0
Q07973,V182N,0.7319,pathogenic,CYP24A1,182.0
Q07973,V182P,0.9243,pathogenic,CYP24A1,182.0
Q07973,V182Q,0.8803,pathogenic,CYP24A1,182.0
Q07973,V182R,0.9079,pathogenic,CYP24A1,182.0
Q07973,V182S,0.57,pathogenic,CYP24A1,182.0
Q07973,V182T,0.4665,ambiguous,CYP24A1,182.0
Q07973,V182W,0.9918,pathogenic,CYP24A1,182.0
Q07973,V182Y,0.951,pathogenic,CYP24A1,182.0
Q07973,L183A,0.302,benign,CYP24A1,183.0
Q07973,L183C,0.5688,pathogenic,CYP24A1,183.0
Q07973,L183D,0.952,pathogenic,CYP24A1,183.0
Q07973,L183E,0.7623,pathogenic,CYP24A1,183.0
Q07973,L183F,0.345,ambiguous,CYP24A1,183.0
Q07973,L183G,0.6774,pathogenic,CYP24A1,183.0
Q07973,L183H,0.6603,pathogenic,CYP24A1,183.0
Q07973,L183I,0.1548,benign,CYP24A1,183.0
Q07973,L183K,0.8353,pathogenic,CYP24A1,183.0
Q07973,L183M,0.1362,benign,CYP24A1,183.0
Q07973,L183N,0.6944,pathogenic,CYP24A1,183.0
Q07973,L183P,0.8985,pathogenic,CYP24A1,183.0
Q07973,L183Q,0.475,ambiguous,CYP24A1,183.0
Q07973,L183R,0.7251,pathogenic,CYP24A1,183.0
Q07973,L183S,0.4106,ambiguous,CYP24A1,183.0
Q07973,L183T,0.2926,benign,CYP24A1,183.0
Q07973,L183V,0.1352,benign,CYP24A1,183.0
Q07973,L183W,0.7034,pathogenic,CYP24A1,183.0
Q07973,L183Y,0.7914,pathogenic,CYP24A1,183.0
Q07973,A184C,0.2745,benign,CYP24A1,184.0
Q07973,A184D,0.1197,benign,CYP24A1,184.0
Q07973,A184E,0.1139,benign,CYP24A1,184.0
Q07973,A184F,0.1879,benign,CYP24A1,184.0
Q07973,A184G,0.0897,benign,CYP24A1,184.0
Q07973,A184H,0.2322,benign,CYP24A1,184.0
Q07973,A184I,0.1485,benign,CYP24A1,184.0
Q07973,A184K,0.1811,benign,CYP24A1,184.0
Q07973,A184L,0.1038,benign,CYP24A1,184.0
Q07973,A184M,0.1413,benign,CYP24A1,184.0
Q07973,A184N,0.1537,benign,CYP24A1,184.0
Q07973,A184P,0.3589,ambiguous,CYP24A1,184.0
Q07973,A184Q,0.1723,benign,CYP24A1,184.0
Q07973,A184R,0.1531,benign,CYP24A1,184.0
Q07973,A184S,0.0829,benign,CYP24A1,184.0
Q07973,A184T,0.0759,benign,CYP24A1,184.0
Q07973,A184V,0.0825,benign,CYP24A1,184.0
Q07973,A184W,0.3742,ambiguous,CYP24A1,184.0
Q07973,A184Y,0.2361,benign,CYP24A1,184.0
Q07973,D185A,0.256,benign,CYP24A1,185.0
Q07973,D185C,0.6488,pathogenic,CYP24A1,185.0
Q07973,D185E,0.3788,ambiguous,CYP24A1,185.0
Q07973,D185F,0.7802,pathogenic,CYP24A1,185.0
Q07973,D185G,0.2726,benign,CYP24A1,185.0
Q07973,D185H,0.4812,ambiguous,CYP24A1,185.0
Q07973,D185I,0.5403,ambiguous,CYP24A1,185.0
Q07973,D185K,0.7068,pathogenic,CYP24A1,185.0
Q07973,D185L,0.5898,pathogenic,CYP24A1,185.0
Q07973,D185M,0.8189,pathogenic,CYP24A1,185.0
Q07973,D185N,0.2173,benign,CYP24A1,185.0
Q07973,D185P,0.9093,pathogenic,CYP24A1,185.0
Q07973,D185Q,0.5939,pathogenic,CYP24A1,185.0
Q07973,D185R,0.6447,pathogenic,CYP24A1,185.0
Q07973,D185S,0.1897,benign,CYP24A1,185.0
Q07973,D185T,0.4124,ambiguous,CYP24A1,185.0
Q07973,D185V,0.3036,benign,CYP24A1,185.0
Q07973,D185W,0.9416,pathogenic,CYP24A1,185.0
Q07973,D185Y,0.3586,ambiguous,CYP24A1,185.0
Q07973,F186A,0.6552,pathogenic,CYP24A1,186.0
Q07973,F186C,0.2867,benign,CYP24A1,186.0
Q07973,F186D,0.9634,pathogenic,CYP24A1,186.0
Q07973,F186E,0.9684,pathogenic,CYP24A1,186.0
Q07973,F186G,0.82,pathogenic,CYP24A1,186.0
Q07973,F186H,0.8604,pathogenic,CYP24A1,186.0
Q07973,F186I,0.2542,benign,CYP24A1,186.0
Q07973,F186K,0.9699,pathogenic,CYP24A1,186.0
Q07973,F186L,0.5784,pathogenic,CYP24A1,186.0
Q07973,F186M,0.3874,ambiguous,CYP24A1,186.0
Q07973,F186N,0.9038,pathogenic,CYP24A1,186.0
Q07973,F186P,0.9952,pathogenic,CYP24A1,186.0
Q07973,F186Q,0.9374,pathogenic,CYP24A1,186.0
Q07973,F186R,0.938,pathogenic,CYP24A1,186.0
Q07973,F186S,0.7,pathogenic,CYP24A1,186.0
Q07973,F186T,0.6445,pathogenic,CYP24A1,186.0
Q07973,F186V,0.1976,benign,CYP24A1,186.0
Q07973,F186W,0.5986,pathogenic,CYP24A1,186.0
Q07973,F186Y,0.2965,benign,CYP24A1,186.0
Q07973,M187A,0.198,benign,CYP24A1,187.0
Q07973,M187C,0.525,ambiguous,CYP24A1,187.0
Q07973,M187D,0.7759,pathogenic,CYP24A1,187.0
Q07973,M187E,0.4131,ambiguous,CYP24A1,187.0
Q07973,M187F,0.3573,ambiguous,CYP24A1,187.0
Q07973,M187G,0.4403,ambiguous,CYP24A1,187.0
Q07973,M187H,0.4939,ambiguous,CYP24A1,187.0
Q07973,M187I,0.1707,benign,CYP24A1,187.0
Q07973,M187K,0.2195,benign,CYP24A1,187.0
Q07973,M187L,0.0993,benign,CYP24A1,187.0
Q07973,M187N,0.4569,ambiguous,CYP24A1,187.0
Q07973,M187P,0.7455,pathogenic,CYP24A1,187.0
Q07973,M187Q,0.2716,benign,CYP24A1,187.0
Q07973,M187R,0.1922,benign,CYP24A1,187.0
Q07973,M187S,0.2586,benign,CYP24A1,187.0
Q07973,M187T,0.0885,benign,CYP24A1,187.0
Q07973,M187V,0.0606,benign,CYP24A1,187.0
Q07973,M187W,0.6239,pathogenic,CYP24A1,187.0
Q07973,M187Y,0.6552,pathogenic,CYP24A1,187.0
Q07973,G188A,0.0787,benign,CYP24A1,188.0
Q07973,G188C,0.0974,benign,CYP24A1,188.0
Q07973,G188D,0.08,benign,CYP24A1,188.0
Q07973,G188E,0.0816,benign,CYP24A1,188.0
Q07973,G188F,0.2139,benign,CYP24A1,188.0
Q07973,G188H,0.1193,benign,CYP24A1,188.0
Q07973,G188I,0.1128,benign,CYP24A1,188.0
Q07973,G188K,0.1184,benign,CYP24A1,188.0
Q07973,G188L,0.142,benign,CYP24A1,188.0
Q07973,G188M,0.2063,benign,CYP24A1,188.0
Q07973,G188N,0.1196,benign,CYP24A1,188.0
Q07973,G188P,0.5724,pathogenic,CYP24A1,188.0
Q07973,G188Q,0.1063,benign,CYP24A1,188.0
Q07973,G188R,0.0905,benign,CYP24A1,188.0
Q07973,G188S,0.0797,benign,CYP24A1,188.0
Q07973,G188T,0.0908,benign,CYP24A1,188.0
Q07973,G188V,0.0815,benign,CYP24A1,188.0
Q07973,G188W,0.1486,benign,CYP24A1,188.0
Q07973,G188Y,0.1349,benign,CYP24A1,188.0
Q07973,R189A,0.4096,ambiguous,CYP24A1,189.0
Q07973,R189C,0.1214,benign,CYP24A1,189.0
Q07973,R189D,0.5749,pathogenic,CYP24A1,189.0
Q07973,R189E,0.3203,benign,CYP24A1,189.0
Q07973,R189F,0.4158,ambiguous,CYP24A1,189.0
Q07973,R189G,0.2314,benign,CYP24A1,189.0
Q07973,R189H,0.0843,benign,CYP24A1,189.0
Q07973,R189I,0.2408,benign,CYP24A1,189.0
Q07973,R189K,0.1208,benign,CYP24A1,189.0
Q07973,R189L,0.2088,benign,CYP24A1,189.0
Q07973,R189M,0.2863,benign,CYP24A1,189.0
Q07973,R189N,0.4762,ambiguous,CYP24A1,189.0
Q07973,R189P,0.7877,pathogenic,CYP24A1,189.0
Q07973,R189Q,0.0974,benign,CYP24A1,189.0
Q07973,R189S,0.4213,ambiguous,CYP24A1,189.0
Q07973,R189T,0.29,benign,CYP24A1,189.0
Q07973,R189V,0.3378,benign,CYP24A1,189.0
Q07973,R189W,0.1348,benign,CYP24A1,189.0
Q07973,R189Y,0.2431,benign,CYP24A1,189.0
Q07973,I190A,0.1853,benign,CYP24A1,190.0
Q07973,I190C,0.5202,ambiguous,CYP24A1,190.0
Q07973,I190D,0.7888,pathogenic,CYP24A1,190.0
Q07973,I190E,0.5952,pathogenic,CYP24A1,190.0
Q07973,I190F,0.1176,benign,CYP24A1,190.0
Q07973,I190G,0.5425,ambiguous,CYP24A1,190.0
Q07973,I190H,0.5194,ambiguous,CYP24A1,190.0
Q07973,I190K,0.378,ambiguous,CYP24A1,190.0
Q07973,I190L,0.0577,benign,CYP24A1,190.0
Q07973,I190M,0.0513,benign,CYP24A1,190.0
Q07973,I190N,0.3749,ambiguous,CYP24A1,190.0
Q07973,I190P,0.7463,pathogenic,CYP24A1,190.0
Q07973,I190Q,0.4315,ambiguous,CYP24A1,190.0
Q07973,I190R,0.2934,benign,CYP24A1,190.0
Q07973,I190S,0.284,benign,CYP24A1,190.0
Q07973,I190T,0.1121,benign,CYP24A1,190.0
Q07973,I190V,0.073,benign,CYP24A1,190.0
Q07973,I190W,0.4414,ambiguous,CYP24A1,190.0
Q07973,I190Y,0.4389,ambiguous,CYP24A1,190.0
Q07973,D191A,0.0875,benign,CYP24A1,191.0
Q07973,D191C,0.2886,benign,CYP24A1,191.0
Q07973,D191E,0.1085,benign,CYP24A1,191.0
Q07973,D191F,0.3953,ambiguous,CYP24A1,191.0
Q07973,D191G,0.071,benign,CYP24A1,191.0
Q07973,D191H,0.1151,benign,CYP24A1,191.0
Q07973,D191I,0.2417,benign,CYP24A1,191.0
Q07973,D191K,0.1394,benign,CYP24A1,191.0
Q07973,D191L,0.2307,benign,CYP24A1,191.0
Q07973,D191M,0.3851,ambiguous,CYP24A1,191.0
Q07973,D191N,0.0784,benign,CYP24A1,191.0
Q07973,D191P,0.4916,ambiguous,CYP24A1,191.0
Q07973,D191Q,0.1447,benign,CYP24A1,191.0
Q07973,D191R,0.1322,benign,CYP24A1,191.0
Q07973,D191S,0.075,benign,CYP24A1,191.0
Q07973,D191T,0.1296,benign,CYP24A1,191.0
Q07973,D191V,0.1433,benign,CYP24A1,191.0
Q07973,D191W,0.6015,pathogenic,CYP24A1,191.0
Q07973,D191Y,0.1401,benign,CYP24A1,191.0
Q07973,E192A,0.0916,benign,CYP24A1,192.0
Q07973,E192C,0.4289,ambiguous,CYP24A1,192.0
Q07973,E192D,0.09,benign,CYP24A1,192.0
Q07973,E192F,0.3396,benign,CYP24A1,192.0
Q07973,E192G,0.0767,benign,CYP24A1,192.0
Q07973,E192H,0.1739,benign,CYP24A1,192.0
Q07973,E192I,0.1736,benign,CYP24A1,192.0
Q07973,E192K,0.0789,benign,CYP24A1,192.0
Q07973,E192L,0.1683,benign,CYP24A1,192.0
Q07973,E192M,0.2127,benign,CYP24A1,192.0
Q07973,E192N,0.1406,benign,CYP24A1,192.0
Q07973,E192P,0.5956,pathogenic,CYP24A1,192.0
Q07973,E192Q,0.0823,benign,CYP24A1,192.0
Q07973,E192R,0.1089,benign,CYP24A1,192.0
Q07973,E192S,0.1122,benign,CYP24A1,192.0
Q07973,E192T,0.1119,benign,CYP24A1,192.0
Q07973,E192V,0.1133,benign,CYP24A1,192.0
Q07973,E192W,0.4961,ambiguous,CYP24A1,192.0
Q07973,E192Y,0.2371,benign,CYP24A1,192.0
Q07973,L193A,0.1459,benign,CYP24A1,193.0
Q07973,L193C,0.2446,benign,CYP24A1,193.0
Q07973,L193D,0.3551,ambiguous,CYP24A1,193.0
Q07973,L193E,0.2028,benign,CYP24A1,193.0
Q07973,L193F,0.1002,benign,CYP24A1,193.0
Q07973,L193G,0.2602,benign,CYP24A1,193.0
Q07973,L193H,0.119,benign,CYP24A1,193.0
Q07973,L193I,0.0768,benign,CYP24A1,193.0
Q07973,L193K,0.1372,benign,CYP24A1,193.0
Q07973,L193M,0.0984,benign,CYP24A1,193.0
Q07973,L193N,0.1896,benign,CYP24A1,193.0
Q07973,L193P,0.4706,ambiguous,CYP24A1,193.0
Q07973,L193Q,0.0969,benign,CYP24A1,193.0
Q07973,L193R,0.0892,benign,CYP24A1,193.0
Q07973,L193S,0.1578,benign,CYP24A1,193.0
Q07973,L193T,0.1325,benign,CYP24A1,193.0
Q07973,L193V,0.0784,benign,CYP24A1,193.0
Q07973,L193W,0.1421,benign,CYP24A1,193.0
Q07973,L193Y,0.1873,benign,CYP24A1,193.0
Q07973,C194A,0.1437,benign,CYP24A1,194.0
Q07973,C194D,0.2514,benign,CYP24A1,194.0
Q07973,C194E,0.2802,benign,CYP24A1,194.0
Q07973,C194F,0.1215,benign,CYP24A1,194.0
Q07973,C194G,0.0709,benign,CYP24A1,194.0
Q07973,C194H,0.1114,benign,CYP24A1,194.0
Q07973,C194I,0.2236,benign,CYP24A1,194.0
Q07973,C194K,0.1675,benign,CYP24A1,194.0
Q07973,C194L,0.1782,benign,CYP24A1,194.0
Q07973,C194M,0.347,ambiguous,CYP24A1,194.0
Q07973,C194N,0.1935,benign,CYP24A1,194.0
Q07973,C194P,0.4647,ambiguous,CYP24A1,194.0
Q07973,C194Q,0.1293,benign,CYP24A1,194.0
Q07973,C194R,0.0605,benign,CYP24A1,194.0
Q07973,C194S,0.1066,benign,CYP24A1,194.0
Q07973,C194T,0.1675,benign,CYP24A1,194.0
Q07973,C194V,0.2106,benign,CYP24A1,194.0
Q07973,C194W,0.158,benign,CYP24A1,194.0
Q07973,C194Y,0.1111,benign,CYP24A1,194.0
Q07973,D195A,0.1301,benign,CYP24A1,195.0
Q07973,D195C,0.2676,benign,CYP24A1,195.0
Q07973,D195E,0.1825,benign,CYP24A1,195.0
Q07973,D195F,0.3683,ambiguous,CYP24A1,195.0
Q07973,D195G,0.0817,benign,CYP24A1,195.0
Q07973,D195H,0.1374,benign,CYP24A1,195.0
Q07973,D195I,0.2656,benign,CYP24A1,195.0
Q07973,D195K,0.1897,benign,CYP24A1,195.0
Q07973,D195L,0.2227,benign,CYP24A1,195.0
Q07973,D195M,0.3996,ambiguous,CYP24A1,195.0
Q07973,D195N,0.0678,benign,CYP24A1,195.0
Q07973,D195P,0.4338,ambiguous,CYP24A1,195.0
Q07973,D195Q,0.2061,benign,CYP24A1,195.0
Q07973,D195R,0.1684,benign,CYP24A1,195.0
Q07973,D195S,0.0804,benign,CYP24A1,195.0
Q07973,D195T,0.1454,benign,CYP24A1,195.0
Q07973,D195V,0.163,benign,CYP24A1,195.0
Q07973,D195W,0.6033,pathogenic,CYP24A1,195.0
Q07973,D195Y,0.1407,benign,CYP24A1,195.0
Q07973,E196A,0.0842,benign,CYP24A1,196.0
Q07973,E196C,0.3438,ambiguous,CYP24A1,196.0
Q07973,E196D,0.0838,benign,CYP24A1,196.0
Q07973,E196F,0.3239,benign,CYP24A1,196.0
Q07973,E196G,0.056,benign,CYP24A1,196.0
Q07973,E196H,0.1431,benign,CYP24A1,196.0
Q07973,E196I,0.1703,benign,CYP24A1,196.0
Q07973,E196K,0.0602,benign,CYP24A1,196.0
Q07973,E196L,0.1699,benign,CYP24A1,196.0
Q07973,E196M,0.2062,benign,CYP24A1,196.0
Q07973,E196N,0.112,benign,CYP24A1,196.0
Q07973,E196P,0.2079,benign,CYP24A1,196.0
Q07973,E196Q,0.0724,benign,CYP24A1,196.0
Q07973,E196R,0.0811,benign,CYP24A1,196.0
Q07973,E196S,0.0876,benign,CYP24A1,196.0
Q07973,E196T,0.1008,benign,CYP24A1,196.0
Q07973,E196V,0.1125,benign,CYP24A1,196.0
Q07973,E196W,0.3822,ambiguous,CYP24A1,196.0
Q07973,E196Y,0.2226,benign,CYP24A1,196.0
Q07973,R197A,0.0948,benign,CYP24A1,197.0
Q07973,R197C,0.0984,benign,CYP24A1,197.0
Q07973,R197D,0.1327,benign,CYP24A1,197.0
Q07973,R197E,0.101,benign,CYP24A1,197.0
Q07973,R197F,0.2054,benign,CYP24A1,197.0
Q07973,R197G,0.059,benign,CYP24A1,197.0
Q07973,R197H,0.0692,benign,CYP24A1,197.0
Q07973,R197I,0.1176,benign,CYP24A1,197.0
Q07973,R197K,0.0677,benign,CYP24A1,197.0
Q07973,R197L,0.1026,benign,CYP24A1,197.0
Q07973,R197M,0.1029,benign,CYP24A1,197.0
Q07973,R197N,0.1244,benign,CYP24A1,197.0
Q07973,R197P,0.2324,benign,CYP24A1,197.0
Q07973,R197Q,0.068,benign,CYP24A1,197.0
Q07973,R197S,0.099,benign,CYP24A1,197.0
Q07973,R197T,0.0665,benign,CYP24A1,197.0
Q07973,R197V,0.1367,benign,CYP24A1,197.0
Q07973,R197W,0.0974,benign,CYP24A1,197.0
Q07973,R197Y,0.1532,benign,CYP24A1,197.0
Q07973,G198A,0.2021,benign,CYP24A1,198.0
Q07973,G198C,0.1922,benign,CYP24A1,198.0
Q07973,G198D,0.2795,benign,CYP24A1,198.0
Q07973,G198E,0.249,benign,CYP24A1,198.0
Q07973,G198F,0.5464,ambiguous,CYP24A1,198.0
Q07973,G198H,0.352,ambiguous,CYP24A1,198.0
Q07973,G198I,0.3644,ambiguous,CYP24A1,198.0
Q07973,G198K,0.3495,ambiguous,CYP24A1,198.0
Q07973,G198L,0.4431,ambiguous,CYP24A1,198.0
Q07973,G198M,0.4941,ambiguous,CYP24A1,198.0
Q07973,G198N,0.3173,benign,CYP24A1,198.0
Q07973,G198P,0.8438,pathogenic,CYP24A1,198.0
Q07973,G198Q,0.2832,benign,CYP24A1,198.0
Q07973,G198R,0.2321,benign,CYP24A1,198.0
Q07973,G198S,0.1416,benign,CYP24A1,198.0
Q07973,G198T,0.2818,benign,CYP24A1,198.0
Q07973,G198V,0.2773,benign,CYP24A1,198.0
Q07973,G198W,0.3184,benign,CYP24A1,198.0
Q07973,G198Y,0.3333,benign,CYP24A1,198.0
Q07973,H199A,0.1213,benign,CYP24A1,199.0
Q07973,H199C,0.0703,benign,CYP24A1,199.0
Q07973,H199D,0.1048,benign,CYP24A1,199.0
Q07973,H199E,0.1235,benign,CYP24A1,199.0
Q07973,H199F,0.13,benign,CYP24A1,199.0
Q07973,H199G,0.1092,benign,CYP24A1,199.0
Q07973,H199I,0.1239,benign,CYP24A1,199.0
Q07973,H199K,0.0993,benign,CYP24A1,199.0
Q07973,H199L,0.077,benign,CYP24A1,199.0
Q07973,H199M,0.2208,benign,CYP24A1,199.0
Q07973,H199N,0.0817,benign,CYP24A1,199.0
Q07973,H199P,0.1741,benign,CYP24A1,199.0
Q07973,H199Q,0.0815,benign,CYP24A1,199.0
Q07973,H199R,0.0532,benign,CYP24A1,199.0
Q07973,H199S,0.1019,benign,CYP24A1,199.0
Q07973,H199T,0.1127,benign,CYP24A1,199.0
Q07973,H199V,0.1133,benign,CYP24A1,199.0
Q07973,H199W,0.1352,benign,CYP24A1,199.0
Q07973,H199Y,0.0673,benign,CYP24A1,199.0
Q07973,V200A,0.1414,benign,CYP24A1,200.0
Q07973,V200C,0.4435,ambiguous,CYP24A1,200.0
Q07973,V200D,0.451,ambiguous,CYP24A1,200.0
Q07973,V200E,0.3656,ambiguous,CYP24A1,200.0
Q07973,V200F,0.1101,benign,CYP24A1,200.0
Q07973,V200G,0.1993,benign,CYP24A1,200.0
Q07973,V200H,0.423,ambiguous,CYP24A1,200.0
Q07973,V200I,0.0648,benign,CYP24A1,200.0
Q07973,V200K,0.2949,benign,CYP24A1,200.0
Q07973,V200L,0.0912,benign,CYP24A1,200.0
Q07973,V200M,0.0804,benign,CYP24A1,200.0
Q07973,V200N,0.2869,benign,CYP24A1,200.0
Q07973,V200P,0.3294,benign,CYP24A1,200.0
Q07973,V200Q,0.3179,benign,CYP24A1,200.0
Q07973,V200R,0.2041,benign,CYP24A1,200.0
Q07973,V200S,0.1902,benign,CYP24A1,200.0
Q07973,V200T,0.1285,benign,CYP24A1,200.0
Q07973,V200W,0.4811,ambiguous,CYP24A1,200.0
Q07973,V200Y,0.3833,ambiguous,CYP24A1,200.0
Q07973,E201A,0.0798,benign,CYP24A1,201.0
Q07973,E201C,0.4158,ambiguous,CYP24A1,201.0
Q07973,E201D,0.0963,benign,CYP24A1,201.0
Q07973,E201F,0.4214,ambiguous,CYP24A1,201.0
Q07973,E201G,0.0692,benign,CYP24A1,201.0
Q07973,E201H,0.1711,benign,CYP24A1,201.0
Q07973,E201I,0.1993,benign,CYP24A1,201.0
Q07973,E201K,0.0587,benign,CYP24A1,201.0
Q07973,E201L,0.1816,benign,CYP24A1,201.0
Q07973,E201M,0.2244,benign,CYP24A1,201.0
Q07973,E201N,0.1324,benign,CYP24A1,201.0
Q07973,E201P,0.1606,benign,CYP24A1,201.0
Q07973,E201Q,0.0761,benign,CYP24A1,201.0
Q07973,E201R,0.0841,benign,CYP24A1,201.0
Q07973,E201S,0.1024,benign,CYP24A1,201.0
Q07973,E201T,0.1004,benign,CYP24A1,201.0
Q07973,E201V,0.1239,benign,CYP24A1,201.0
Q07973,E201W,0.4513,ambiguous,CYP24A1,201.0
Q07973,E201Y,0.2768,benign,CYP24A1,201.0
Q07973,D202A,0.1655,benign,CYP24A1,202.0
Q07973,D202C,0.437,ambiguous,CYP24A1,202.0
Q07973,D202E,0.2358,benign,CYP24A1,202.0
Q07973,D202F,0.4628,ambiguous,CYP24A1,202.0
Q07973,D202G,0.1226,benign,CYP24A1,202.0
Q07973,D202H,0.2368,benign,CYP24A1,202.0
Q07973,D202I,0.3094,benign,CYP24A1,202.0
Q07973,D202K,0.3585,ambiguous,CYP24A1,202.0
Q07973,D202L,0.3248,benign,CYP24A1,202.0
Q07973,D202M,0.5083,ambiguous,CYP24A1,202.0
Q07973,D202N,0.0849,benign,CYP24A1,202.0
Q07973,D202P,0.659,pathogenic,CYP24A1,202.0
Q07973,D202Q,0.3315,benign,CYP24A1,202.0
Q07973,D202R,0.3565,ambiguous,CYP24A1,202.0
Q07973,D202S,0.1472,benign,CYP24A1,202.0
Q07973,D202T,0.2678,benign,CYP24A1,202.0
Q07973,D202V,0.1831,benign,CYP24A1,202.0
Q07973,D202W,0.7652,pathogenic,CYP24A1,202.0
Q07973,D202Y,0.1447,benign,CYP24A1,202.0
Q07973,L203A,0.4576,ambiguous,CYP24A1,203.0
Q07973,L203C,0.5373,ambiguous,CYP24A1,203.0
Q07973,L203D,0.9116,pathogenic,CYP24A1,203.0
Q07973,L203E,0.796,pathogenic,CYP24A1,203.0
Q07973,L203F,0.1303,benign,CYP24A1,203.0
Q07973,L203G,0.7248,pathogenic,CYP24A1,203.0
Q07973,L203H,0.5394,ambiguous,CYP24A1,203.0
Q07973,L203I,0.0738,benign,CYP24A1,203.0
Q07973,L203K,0.7216,pathogenic,CYP24A1,203.0
Q07973,L203M,0.1323,benign,CYP24A1,203.0
Q07973,L203N,0.7487,pathogenic,CYP24A1,203.0
Q07973,L203P,0.4669,ambiguous,CYP24A1,203.0
Q07973,L203Q,0.548,ambiguous,CYP24A1,203.0
Q07973,L203R,0.5466,ambiguous,CYP24A1,203.0
Q07973,L203S,0.6038,pathogenic,CYP24A1,203.0
Q07973,L203T,0.3609,ambiguous,CYP24A1,203.0
Q07973,L203V,0.0897,benign,CYP24A1,203.0
Q07973,L203W,0.3164,benign,CYP24A1,203.0
Q07973,L203Y,0.498,ambiguous,CYP24A1,203.0
Q07973,Y204A,0.3496,ambiguous,CYP24A1,204.0
Q07973,Y204C,0.1207,benign,CYP24A1,204.0
Q07973,Y204D,0.2089,benign,CYP24A1,204.0
Q07973,Y204E,0.4552,ambiguous,CYP24A1,204.0
Q07973,Y204F,0.1121,benign,CYP24A1,204.0
Q07973,Y204G,0.2454,benign,CYP24A1,204.0
Q07973,Y204H,0.1424,benign,CYP24A1,204.0
Q07973,Y204I,0.4568,ambiguous,CYP24A1,204.0
Q07973,Y204K,0.4745,ambiguous,CYP24A1,204.0
Q07973,Y204L,0.3515,ambiguous,CYP24A1,204.0
Q07973,Y204M,0.6242,pathogenic,CYP24A1,204.0
Q07973,Y204N,0.1451,benign,CYP24A1,204.0
Q07973,Y204P,0.3639,ambiguous,CYP24A1,204.0
Q07973,Y204Q,0.3101,benign,CYP24A1,204.0
Q07973,Y204R,0.2738,benign,CYP24A1,204.0
Q07973,Y204S,0.1407,benign,CYP24A1,204.0
Q07973,Y204T,0.3541,ambiguous,CYP24A1,204.0
Q07973,Y204V,0.3544,ambiguous,CYP24A1,204.0
Q07973,Y204W,0.3523,ambiguous,CYP24A1,204.0
Q07973,S205A,0.0713,benign,CYP24A1,205.0
Q07973,S205C,0.0717,benign,CYP24A1,205.0
Q07973,S205D,0.1465,benign,CYP24A1,205.0
Q07973,S205E,0.2079,benign,CYP24A1,205.0
Q07973,S205F,0.1262,benign,CYP24A1,205.0
Q07973,S205G,0.0587,benign,CYP24A1,205.0
Q07973,S205H,0.129,benign,CYP24A1,205.0
Q07973,S205I,0.111,benign,CYP24A1,205.0
Q07973,S205K,0.1826,benign,CYP24A1,205.0
Q07973,S205L,0.0814,benign,CYP24A1,205.0
Q07973,S205M,0.1422,benign,CYP24A1,205.0
Q07973,S205N,0.0853,benign,CYP24A1,205.0
Q07973,S205P,0.1909,benign,CYP24A1,205.0
Q07973,S205Q,0.1995,benign,CYP24A1,205.0
Q07973,S205R,0.1343,benign,CYP24A1,205.0
Q07973,S205T,0.0752,benign,CYP24A1,205.0
Q07973,S205V,0.1239,benign,CYP24A1,205.0
Q07973,S205W,0.1293,benign,CYP24A1,205.0
Q07973,S205Y,0.098,benign,CYP24A1,205.0
Q07973,E206A,0.253,benign,CYP24A1,206.0
Q07973,E206C,0.8462,pathogenic,CYP24A1,206.0
Q07973,E206D,0.4088,ambiguous,CYP24A1,206.0
Q07973,E206F,0.7848,pathogenic,CYP24A1,206.0
Q07973,E206G,0.4102,ambiguous,CYP24A1,206.0
Q07973,E206H,0.614,pathogenic,CYP24A1,206.0
Q07973,E206I,0.4289,ambiguous,CYP24A1,206.0
Q07973,E206K,0.4063,ambiguous,CYP24A1,206.0
Q07973,E206L,0.4514,ambiguous,CYP24A1,206.0
Q07973,E206M,0.5581,ambiguous,CYP24A1,206.0
Q07973,E206N,0.5483,ambiguous,CYP24A1,206.0
Q07973,E206P,0.9013,pathogenic,CYP24A1,206.0
Q07973,E206Q,0.2226,benign,CYP24A1,206.0
Q07973,E206R,0.5207,ambiguous,CYP24A1,206.0
Q07973,E206S,0.3896,ambiguous,CYP24A1,206.0
Q07973,E206T,0.4233,ambiguous,CYP24A1,206.0
Q07973,E206V,0.2627,benign,CYP24A1,206.0
Q07973,E206W,0.9065,pathogenic,CYP24A1,206.0
Q07973,E206Y,0.6665,pathogenic,CYP24A1,206.0
Q07973,L207A,0.6183,pathogenic,CYP24A1,207.0
Q07973,L207C,0.6178,pathogenic,CYP24A1,207.0
Q07973,L207D,0.988,pathogenic,CYP24A1,207.0
Q07973,L207E,0.9517,pathogenic,CYP24A1,207.0
Q07973,L207F,0.1814,benign,CYP24A1,207.0
Q07973,L207G,0.8479,pathogenic,CYP24A1,207.0
Q07973,L207H,0.8876,pathogenic,CYP24A1,207.0
Q07973,L207I,0.1651,benign,CYP24A1,207.0
Q07973,L207K,0.9544,pathogenic,CYP24A1,207.0
Q07973,L207M,0.1354,benign,CYP24A1,207.0
Q07973,L207N,0.9258,pathogenic,CYP24A1,207.0
Q07973,L207P,0.9595,pathogenic,CYP24A1,207.0
Q07973,L207Q,0.8326,pathogenic,CYP24A1,207.0
Q07973,L207R,0.906,pathogenic,CYP24A1,207.0
Q07973,L207S,0.8265,pathogenic,CYP24A1,207.0
Q07973,L207T,0.637,pathogenic,CYP24A1,207.0
Q07973,L207V,0.1688,benign,CYP24A1,207.0
Q07973,L207W,0.5493,ambiguous,CYP24A1,207.0
Q07973,L207Y,0.7448,pathogenic,CYP24A1,207.0
Q07973,N208A,0.5239,ambiguous,CYP24A1,208.0
Q07973,N208C,0.2843,benign,CYP24A1,208.0
Q07973,N208D,0.4502,ambiguous,CYP24A1,208.0
Q07973,N208E,0.7162,pathogenic,CYP24A1,208.0
Q07973,N208F,0.6838,pathogenic,CYP24A1,208.0
Q07973,N208G,0.4437,ambiguous,CYP24A1,208.0
Q07973,N208H,0.1804,benign,CYP24A1,208.0
Q07973,N208I,0.4556,ambiguous,CYP24A1,208.0
Q07973,N208K,0.6661,pathogenic,CYP24A1,208.0
Q07973,N208L,0.3837,ambiguous,CYP24A1,208.0
Q07973,N208M,0.4824,ambiguous,CYP24A1,208.0
Q07973,N208P,0.8953,pathogenic,CYP24A1,208.0
Q07973,N208Q,0.5243,ambiguous,CYP24A1,208.0
Q07973,N208R,0.5926,pathogenic,CYP24A1,208.0
Q07973,N208S,0.1295,benign,CYP24A1,208.0
Q07973,N208T,0.3142,benign,CYP24A1,208.0
Q07973,N208V,0.4283,ambiguous,CYP24A1,208.0
Q07973,N208W,0.7827,pathogenic,CYP24A1,208.0
Q07973,N208Y,0.2069,benign,CYP24A1,208.0
Q07973,K209A,0.6799,pathogenic,CYP24A1,209.0
Q07973,K209C,0.7133,pathogenic,CYP24A1,209.0
Q07973,K209D,0.9088,pathogenic,CYP24A1,209.0
Q07973,K209E,0.5134,ambiguous,CYP24A1,209.0
Q07973,K209F,0.8862,pathogenic,CYP24A1,209.0
Q07973,K209G,0.7262,pathogenic,CYP24A1,209.0
Q07973,K209H,0.5085,ambiguous,CYP24A1,209.0
Q07973,K209I,0.6265,pathogenic,CYP24A1,209.0
Q07973,K209L,0.4829,ambiguous,CYP24A1,209.0
Q07973,K209M,0.4076,ambiguous,CYP24A1,209.0
Q07973,K209N,0.7688,pathogenic,CYP24A1,209.0
Q07973,K209P,0.9765,pathogenic,CYP24A1,209.0
Q07973,K209Q,0.2558,benign,CYP24A1,209.0
Q07973,K209R,0.0868,benign,CYP24A1,209.0
Q07973,K209S,0.7558,pathogenic,CYP24A1,209.0
Q07973,K209T,0.4968,ambiguous,CYP24A1,209.0
Q07973,K209V,0.6199,pathogenic,CYP24A1,209.0
Q07973,K209W,0.8191,pathogenic,CYP24A1,209.0
Q07973,K209Y,0.7411,pathogenic,CYP24A1,209.0
Q07973,W210A,0.855,pathogenic,CYP24A1,210.0
Q07973,W210C,0.8405,pathogenic,CYP24A1,210.0
Q07973,W210D,0.9933,pathogenic,CYP24A1,210.0
Q07973,W210E,0.9911,pathogenic,CYP24A1,210.0
Q07973,W210F,0.2847,benign,CYP24A1,210.0
Q07973,W210G,0.7221,pathogenic,CYP24A1,210.0
Q07973,W210H,0.9701,pathogenic,CYP24A1,210.0
Q07973,W210I,0.7543,pathogenic,CYP24A1,210.0
Q07973,W210K,0.9964,pathogenic,CYP24A1,210.0
Q07973,W210L,0.4169,ambiguous,CYP24A1,210.0
Q07973,W210M,0.7897,pathogenic,CYP24A1,210.0
Q07973,W210N,0.982,pathogenic,CYP24A1,210.0
Q07973,W210P,0.9948,pathogenic,CYP24A1,210.0
Q07973,W210Q,0.99,pathogenic,CYP24A1,210.0
Q07973,W210R,0.9909,pathogenic,CYP24A1,210.0
Q07973,W210S,0.8484,pathogenic,CYP24A1,210.0
Q07973,W210T,0.8989,pathogenic,CYP24A1,210.0
Q07973,W210V,0.7032,pathogenic,CYP24A1,210.0
Q07973,W210Y,0.4947,ambiguous,CYP24A1,210.0
Q07973,S211A,0.1282,benign,CYP24A1,211.0
Q07973,S211C,0.2139,benign,CYP24A1,211.0
Q07973,S211D,0.9727,pathogenic,CYP24A1,211.0
Q07973,S211E,0.9787,pathogenic,CYP24A1,211.0
Q07973,S211F,0.9019,pathogenic,CYP24A1,211.0
Q07973,S211G,0.1942,benign,CYP24A1,211.0
Q07973,S211H,0.9601,pathogenic,CYP24A1,211.0
Q07973,S211I,0.7456,pathogenic,CYP24A1,211.0
Q07973,S211K,0.9971,pathogenic,CYP24A1,211.0
Q07973,S211L,0.5149,ambiguous,CYP24A1,211.0
Q07973,S211M,0.6836,pathogenic,CYP24A1,211.0
Q07973,S211N,0.763,pathogenic,CYP24A1,211.0
Q07973,S211P,0.9148,pathogenic,CYP24A1,211.0
Q07973,S211Q,0.9671,pathogenic,CYP24A1,211.0
Q07973,S211R,0.9922,pathogenic,CYP24A1,211.0
Q07973,S211T,0.2357,benign,CYP24A1,211.0
Q07973,S211V,0.6573,pathogenic,CYP24A1,211.0
Q07973,S211W,0.9545,pathogenic,CYP24A1,211.0
Q07973,S211Y,0.9007,pathogenic,CYP24A1,211.0
Q07973,F212A,0.7675,pathogenic,CYP24A1,212.0
Q07973,F212C,0.5768,pathogenic,CYP24A1,212.0
Q07973,F212D,0.9825,pathogenic,CYP24A1,212.0
Q07973,F212E,0.9784,pathogenic,CYP24A1,212.0
Q07973,F212G,0.919,pathogenic,CYP24A1,212.0
Q07973,F212H,0.899,pathogenic,CYP24A1,212.0
Q07973,F212I,0.4991,ambiguous,CYP24A1,212.0
Q07973,F212K,0.9793,pathogenic,CYP24A1,212.0
Q07973,F212L,0.8241,pathogenic,CYP24A1,212.0
Q07973,F212M,0.604,pathogenic,CYP24A1,212.0
Q07973,F212N,0.9231,pathogenic,CYP24A1,212.0
Q07973,F212P,0.9973,pathogenic,CYP24A1,212.0
Q07973,F212Q,0.9511,pathogenic,CYP24A1,212.0
Q07973,F212R,0.9457,pathogenic,CYP24A1,212.0
Q07973,F212S,0.7399,pathogenic,CYP24A1,212.0
Q07973,F212T,0.7784,pathogenic,CYP24A1,212.0
Q07973,F212V,0.4244,ambiguous,CYP24A1,212.0
Q07973,F212W,0.6709,pathogenic,CYP24A1,212.0
Q07973,F212Y,0.3254,benign,CYP24A1,212.0
Q07973,E213A,0.9263,pathogenic,CYP24A1,213.0
Q07973,E213C,0.9872,pathogenic,CYP24A1,213.0
Q07973,E213D,0.8201,pathogenic,CYP24A1,213.0
Q07973,E213F,0.997,pathogenic,CYP24A1,213.0
Q07973,E213G,0.9015,pathogenic,CYP24A1,213.0
Q07973,E213H,0.9814,pathogenic,CYP24A1,213.0
Q07973,E213I,0.9907,pathogenic,CYP24A1,213.0
Q07973,E213K,0.9448,pathogenic,CYP24A1,213.0
Q07973,E213L,0.9868,pathogenic,CYP24A1,213.0
Q07973,E213M,0.9922,pathogenic,CYP24A1,213.0
Q07973,E213N,0.97,pathogenic,CYP24A1,213.0
Q07973,E213P,0.9962,pathogenic,CYP24A1,213.0
Q07973,E213Q,0.8253,pathogenic,CYP24A1,213.0
Q07973,E213R,0.9412,pathogenic,CYP24A1,213.0
Q07973,E213S,0.9121,pathogenic,CYP24A1,213.0
Q07973,E213T,0.9745,pathogenic,CYP24A1,213.0
Q07973,E213V,0.9707,pathogenic,CYP24A1,213.0
Q07973,E213W,0.998,pathogenic,CYP24A1,213.0
Q07973,E213Y,0.991,pathogenic,CYP24A1,213.0
Q07973,S214A,0.1163,benign,CYP24A1,214.0
Q07973,S214C,0.1394,benign,CYP24A1,214.0
Q07973,S214D,0.9021,pathogenic,CYP24A1,214.0
Q07973,S214E,0.9477,pathogenic,CYP24A1,214.0
Q07973,S214F,0.724,pathogenic,CYP24A1,214.0
Q07973,S214G,0.1146,benign,CYP24A1,214.0
Q07973,S214H,0.9126,pathogenic,CYP24A1,214.0
Q07973,S214I,0.4509,ambiguous,CYP24A1,214.0
Q07973,S214K,0.9919,pathogenic,CYP24A1,214.0
Q07973,S214L,0.2602,benign,CYP24A1,214.0
Q07973,S214M,0.3169,benign,CYP24A1,214.0
Q07973,S214N,0.442,ambiguous,CYP24A1,214.0
Q07973,S214P,0.9551,pathogenic,CYP24A1,214.0
Q07973,S214Q,0.9443,pathogenic,CYP24A1,214.0
Q07973,S214R,0.986,pathogenic,CYP24A1,214.0
Q07973,S214T,0.0903,benign,CYP24A1,214.0
Q07973,S214V,0.3643,ambiguous,CYP24A1,214.0
Q07973,S214W,0.8617,pathogenic,CYP24A1,214.0
Q07973,S214Y,0.7328,pathogenic,CYP24A1,214.0
Q07973,I215A,0.4105,ambiguous,CYP24A1,215.0
Q07973,I215C,0.8076,pathogenic,CYP24A1,215.0
Q07973,I215D,0.9482,pathogenic,CYP24A1,215.0
Q07973,I215E,0.9368,pathogenic,CYP24A1,215.0
Q07973,I215F,0.4285,ambiguous,CYP24A1,215.0
Q07973,I215G,0.7757,pathogenic,CYP24A1,215.0
Q07973,I215H,0.9145,pathogenic,CYP24A1,215.0
Q07973,I215K,0.9349,pathogenic,CYP24A1,215.0
Q07973,I215L,0.196,benign,CYP24A1,215.0
Q07973,I215M,0.1869,benign,CYP24A1,215.0
Q07973,I215N,0.582,pathogenic,CYP24A1,215.0
Q07973,I215P,0.9332,pathogenic,CYP24A1,215.0
Q07973,I215Q,0.8923,pathogenic,CYP24A1,215.0
Q07973,I215R,0.8894,pathogenic,CYP24A1,215.0
Q07973,I215S,0.3953,ambiguous,CYP24A1,215.0
Q07973,I215T,0.3496,ambiguous,CYP24A1,215.0
Q07973,I215V,0.0926,benign,CYP24A1,215.0
Q07973,I215W,0.9701,pathogenic,CYP24A1,215.0
Q07973,I215Y,0.8945,pathogenic,CYP24A1,215.0
Q07973,C216A,0.4519,ambiguous,CYP24A1,216.0
Q07973,C216D,0.9645,pathogenic,CYP24A1,216.0
Q07973,C216E,0.983,pathogenic,CYP24A1,216.0
Q07973,C216F,0.6363,pathogenic,CYP24A1,216.0
Q07973,C216G,0.166,benign,CYP24A1,216.0
Q07973,C216H,0.9103,pathogenic,CYP24A1,216.0
Q07973,C216I,0.8716,pathogenic,CYP24A1,216.0
Q07973,C216K,0.9916,pathogenic,CYP24A1,216.0
Q07973,C216L,0.7448,pathogenic,CYP24A1,216.0
Q07973,C216M,0.8712,pathogenic,CYP24A1,216.0
Q07973,C216N,0.8058,pathogenic,CYP24A1,216.0
Q07973,C216P,0.9816,pathogenic,CYP24A1,216.0
Q07973,C216Q,0.9396,pathogenic,CYP24A1,216.0
Q07973,C216R,0.9355,pathogenic,CYP24A1,216.0
Q07973,C216S,0.2558,benign,CYP24A1,216.0
Q07973,C216T,0.6273,pathogenic,CYP24A1,216.0
Q07973,C216V,0.7586,pathogenic,CYP24A1,216.0
Q07973,C216W,0.9214,pathogenic,CYP24A1,216.0
Q07973,C216Y,0.8305,pathogenic,CYP24A1,216.0
Q07973,L217A,0.1994,benign,CYP24A1,217.0
Q07973,L217C,0.2944,benign,CYP24A1,217.0
Q07973,L217D,0.6942,pathogenic,CYP24A1,217.0
Q07973,L217E,0.3877,ambiguous,CYP24A1,217.0
Q07973,L217F,0.0791,benign,CYP24A1,217.0
Q07973,L217G,0.4378,ambiguous,CYP24A1,217.0
Q07973,L217H,0.1408,benign,CYP24A1,217.0
Q07973,L217I,0.1206,benign,CYP24A1,217.0
Q07973,L217K,0.3029,benign,CYP24A1,217.0
Q07973,L217M,0.1018,benign,CYP24A1,217.0
Q07973,L217N,0.3948,ambiguous,CYP24A1,217.0
Q07973,L217P,0.8258,pathogenic,CYP24A1,217.0
Q07973,L217Q,0.1485,benign,CYP24A1,217.0
Q07973,L217R,0.1625,benign,CYP24A1,217.0
Q07973,L217S,0.1879,benign,CYP24A1,217.0
Q07973,L217T,0.1721,benign,CYP24A1,217.0
Q07973,L217V,0.0913,benign,CYP24A1,217.0
Q07973,L217W,0.1367,benign,CYP24A1,217.0
Q07973,L217Y,0.1653,benign,CYP24A1,217.0
Q07973,V218A,0.4018,ambiguous,CYP24A1,218.0
Q07973,V218C,0.7575,pathogenic,CYP24A1,218.0
Q07973,V218D,0.8704,pathogenic,CYP24A1,218.0
Q07973,V218E,0.8186,pathogenic,CYP24A1,218.0
Q07973,V218F,0.2033,benign,CYP24A1,218.0
Q07973,V218G,0.5026,ambiguous,CYP24A1,218.0
Q07973,V218H,0.8669,pathogenic,CYP24A1,218.0
Q07973,V218I,0.0733,benign,CYP24A1,218.0
Q07973,V218K,0.8803,pathogenic,CYP24A1,218.0
Q07973,V218L,0.1872,benign,CYP24A1,218.0
Q07973,V218M,0.2248,benign,CYP24A1,218.0
Q07973,V218N,0.7009,pathogenic,CYP24A1,218.0
Q07973,V218P,0.8342,pathogenic,CYP24A1,218.0
Q07973,V218Q,0.7776,pathogenic,CYP24A1,218.0
Q07973,V218R,0.8296,pathogenic,CYP24A1,218.0
Q07973,V218S,0.5266,ambiguous,CYP24A1,218.0
Q07973,V218T,0.4403,ambiguous,CYP24A1,218.0
Q07973,V218W,0.8838,pathogenic,CYP24A1,218.0
Q07973,V218Y,0.7047,pathogenic,CYP24A1,218.0
Q07973,L219A,0.6506,pathogenic,CYP24A1,219.0
Q07973,L219C,0.726,pathogenic,CYP24A1,219.0
Q07973,L219D,0.9865,pathogenic,CYP24A1,219.0
Q07973,L219E,0.9406,pathogenic,CYP24A1,219.0
Q07973,L219F,0.2956,benign,CYP24A1,219.0
Q07973,L219G,0.8847,pathogenic,CYP24A1,219.0
Q07973,L219H,0.8547,pathogenic,CYP24A1,219.0
Q07973,L219I,0.115,benign,CYP24A1,219.0
Q07973,L219K,0.9454,pathogenic,CYP24A1,219.0
Q07973,L219M,0.1957,benign,CYP24A1,219.0
Q07973,L219N,0.905,pathogenic,CYP24A1,219.0
Q07973,L219P,0.9181,pathogenic,CYP24A1,219.0
Q07973,L219Q,0.7897,pathogenic,CYP24A1,219.0
Q07973,L219R,0.8711,pathogenic,CYP24A1,219.0
Q07973,L219S,0.7886,pathogenic,CYP24A1,219.0
Q07973,L219T,0.621,pathogenic,CYP24A1,219.0
Q07973,L219V,0.1514,benign,CYP24A1,219.0
Q07973,L219W,0.6981,pathogenic,CYP24A1,219.0
Q07973,L219Y,0.8275,pathogenic,CYP24A1,219.0
Q07973,Y220A,0.8306,pathogenic,CYP24A1,220.0
Q07973,Y220C,0.258,benign,CYP24A1,220.0
Q07973,Y220D,0.7102,pathogenic,CYP24A1,220.0
Q07973,Y220E,0.9033,pathogenic,CYP24A1,220.0
Q07973,Y220F,0.1725,benign,CYP24A1,220.0
Q07973,Y220G,0.5575,ambiguous,CYP24A1,220.0
Q07973,Y220H,0.3952,ambiguous,CYP24A1,220.0
Q07973,Y220I,0.9166,pathogenic,CYP24A1,220.0
Q07973,Y220K,0.9308,pathogenic,CYP24A1,220.0
Q07973,Y220L,0.5747,pathogenic,CYP24A1,220.0
Q07973,Y220M,0.8374,pathogenic,CYP24A1,220.0
Q07973,Y220N,0.4675,ambiguous,CYP24A1,220.0
Q07973,Y220P,0.9535,pathogenic,CYP24A1,220.0
Q07973,Y220Q,0.824,pathogenic,CYP24A1,220.0
Q07973,Y220R,0.8201,pathogenic,CYP24A1,220.0
Q07973,Y220S,0.5018,ambiguous,CYP24A1,220.0
Q07973,Y220T,0.7859,pathogenic,CYP24A1,220.0
Q07973,Y220V,0.831,pathogenic,CYP24A1,220.0
Q07973,Y220W,0.5383,ambiguous,CYP24A1,220.0
Q07973,E221A,0.3477,ambiguous,CYP24A1,221.0
Q07973,E221C,0.8764,pathogenic,CYP24A1,221.0
Q07973,E221D,0.1477,benign,CYP24A1,221.0
Q07973,E221F,0.9542,pathogenic,CYP24A1,221.0
Q07973,E221G,0.1003,benign,CYP24A1,221.0
Q07973,E221H,0.5445,ambiguous,CYP24A1,221.0
Q07973,E221I,0.8923,pathogenic,CYP24A1,221.0
Q07973,E221K,0.179,benign,CYP24A1,221.0
Q07973,E221L,0.8029,pathogenic,CYP24A1,221.0
Q07973,E221M,0.8396,pathogenic,CYP24A1,221.0
Q07973,E221N,0.298,benign,CYP24A1,221.0
Q07973,E221P,0.8792,pathogenic,CYP24A1,221.0
Q07973,E221Q,0.143,benign,CYP24A1,221.0
Q07973,E221R,0.2444,benign,CYP24A1,221.0
Q07973,E221S,0.2534,benign,CYP24A1,221.0
Q07973,E221T,0.5243,ambiguous,CYP24A1,221.0
Q07973,E221V,0.7288,pathogenic,CYP24A1,221.0
Q07973,E221W,0.9555,pathogenic,CYP24A1,221.0
Q07973,E221Y,0.8365,pathogenic,CYP24A1,221.0
Q07973,K222A,0.4957,ambiguous,CYP24A1,222.0
Q07973,K222C,0.6699,pathogenic,CYP24A1,222.0
Q07973,K222D,0.5803,pathogenic,CYP24A1,222.0
Q07973,K222E,0.1318,benign,CYP24A1,222.0
Q07973,K222F,0.8466,pathogenic,CYP24A1,222.0
Q07973,K222G,0.5529,ambiguous,CYP24A1,222.0
Q07973,K222H,0.3294,benign,CYP24A1,222.0
Q07973,K222I,0.497,ambiguous,CYP24A1,222.0
Q07973,K222L,0.5227,ambiguous,CYP24A1,222.0
Q07973,K222M,0.2698,benign,CYP24A1,222.0
Q07973,K222N,0.416,ambiguous,CYP24A1,222.0
Q07973,K222P,0.9617,pathogenic,CYP24A1,222.0
Q07973,K222Q,0.1088,benign,CYP24A1,222.0
Q07973,K222R,0.0896,benign,CYP24A1,222.0
Q07973,K222S,0.4489,ambiguous,CYP24A1,222.0
Q07973,K222T,0.1987,benign,CYP24A1,222.0
Q07973,K222V,0.4354,ambiguous,CYP24A1,222.0
Q07973,K222W,0.7774,pathogenic,CYP24A1,222.0
Q07973,K222Y,0.6407,pathogenic,CYP24A1,222.0
Q07973,R223A,0.896,pathogenic,CYP24A1,223.0
Q07973,R223C,0.3435,ambiguous,CYP24A1,223.0
Q07973,R223D,0.9066,pathogenic,CYP24A1,223.0
Q07973,R223E,0.7185,pathogenic,CYP24A1,223.0
Q07973,R223F,0.9526,pathogenic,CYP24A1,223.0
Q07973,R223G,0.7273,pathogenic,CYP24A1,223.0
Q07973,R223H,0.2424,benign,CYP24A1,223.0
Q07973,R223I,0.8453,pathogenic,CYP24A1,223.0
Q07973,R223K,0.3597,ambiguous,CYP24A1,223.0
Q07973,R223L,0.8029,pathogenic,CYP24A1,223.0
Q07973,R223M,0.8714,pathogenic,CYP24A1,223.0
Q07973,R223N,0.8639,pathogenic,CYP24A1,223.0
Q07973,R223P,0.7598,pathogenic,CYP24A1,223.0
Q07973,R223Q,0.2383,benign,CYP24A1,223.0
Q07973,R223S,0.8493,pathogenic,CYP24A1,223.0
Q07973,R223T,0.7642,pathogenic,CYP24A1,223.0
Q07973,R223V,0.8778,pathogenic,CYP24A1,223.0
Q07973,R223W,0.4588,ambiguous,CYP24A1,223.0
Q07973,R223Y,0.7275,pathogenic,CYP24A1,223.0
Q07973,F224A,0.6298,pathogenic,CYP24A1,224.0
Q07973,F224C,0.4501,ambiguous,CYP24A1,224.0
Q07973,F224D,0.8952,pathogenic,CYP24A1,224.0
Q07973,F224E,0.8929,pathogenic,CYP24A1,224.0
Q07973,F224G,0.8221,pathogenic,CYP24A1,224.0
Q07973,F224H,0.718,pathogenic,CYP24A1,224.0
Q07973,F224I,0.4192,ambiguous,CYP24A1,224.0
Q07973,F224K,0.9189,pathogenic,CYP24A1,224.0
Q07973,F224L,0.8896,pathogenic,CYP24A1,224.0
Q07973,F224M,0.6518,pathogenic,CYP24A1,224.0
Q07973,F224N,0.7852,pathogenic,CYP24A1,224.0
Q07973,F224P,0.9565,pathogenic,CYP24A1,224.0
Q07973,F224Q,0.8534,pathogenic,CYP24A1,224.0
Q07973,F224R,0.8325,pathogenic,CYP24A1,224.0
Q07973,F224S,0.5398,ambiguous,CYP24A1,224.0
Q07973,F224T,0.6913,pathogenic,CYP24A1,224.0
Q07973,F224V,0.4249,ambiguous,CYP24A1,224.0
Q07973,F224W,0.4796,ambiguous,CYP24A1,224.0
Q07973,F224Y,0.2079,benign,CYP24A1,224.0
Q07973,G225A,0.3666,ambiguous,CYP24A1,225.0
Q07973,G225C,0.3491,ambiguous,CYP24A1,225.0
Q07973,G225D,0.4093,ambiguous,CYP24A1,225.0
Q07973,G225E,0.5572,ambiguous,CYP24A1,225.0
Q07973,G225F,0.8501,pathogenic,CYP24A1,225.0
Q07973,G225H,0.5175,ambiguous,CYP24A1,225.0
Q07973,G225I,0.8024,pathogenic,CYP24A1,225.0
Q07973,G225K,0.7174,pathogenic,CYP24A1,225.0
Q07973,G225L,0.754,pathogenic,CYP24A1,225.0
Q07973,G225M,0.836,pathogenic,CYP24A1,225.0
Q07973,G225N,0.5116,ambiguous,CYP24A1,225.0
Q07973,G225P,0.9446,pathogenic,CYP24A1,225.0
Q07973,G225Q,0.5238,ambiguous,CYP24A1,225.0
Q07973,G225R,0.4923,ambiguous,CYP24A1,225.0
Q07973,G225S,0.2016,benign,CYP24A1,225.0
Q07973,G225T,0.594,pathogenic,CYP24A1,225.0
Q07973,G225V,0.691,pathogenic,CYP24A1,225.0
Q07973,G225W,0.6779,pathogenic,CYP24A1,225.0
Q07973,G225Y,0.684,pathogenic,CYP24A1,225.0
Q07973,L226A,0.5542,ambiguous,CYP24A1,226.0
Q07973,L226C,0.5607,ambiguous,CYP24A1,226.0
Q07973,L226D,0.9454,pathogenic,CYP24A1,226.0
Q07973,L226E,0.8292,pathogenic,CYP24A1,226.0
Q07973,L226F,0.2114,benign,CYP24A1,226.0
Q07973,L226G,0.7832,pathogenic,CYP24A1,226.0
Q07973,L226H,0.6033,pathogenic,CYP24A1,226.0
Q07973,L226I,0.1528,benign,CYP24A1,226.0
Q07973,L226K,0.7846,pathogenic,CYP24A1,226.0
Q07973,L226M,0.1663,benign,CYP24A1,226.0
Q07973,L226N,0.7658,pathogenic,CYP24A1,226.0
Q07973,L226P,0.7812,pathogenic,CYP24A1,226.0
Q07973,L226Q,0.5458,ambiguous,CYP24A1,226.0
Q07973,L226R,0.6164,pathogenic,CYP24A1,226.0
Q07973,L226S,0.6434,pathogenic,CYP24A1,226.0
Q07973,L226T,0.5784,pathogenic,CYP24A1,226.0
Q07973,L226V,0.1586,benign,CYP24A1,226.0
Q07973,L226W,0.4939,ambiguous,CYP24A1,226.0
Q07973,L226Y,0.6044,pathogenic,CYP24A1,226.0
Q07973,L227A,0.7742,pathogenic,CYP24A1,227.0
Q07973,L227C,0.799,pathogenic,CYP24A1,227.0
Q07973,L227D,0.968,pathogenic,CYP24A1,227.0
Q07973,L227E,0.8735,pathogenic,CYP24A1,227.0
Q07973,L227F,0.1831,benign,CYP24A1,227.0
Q07973,L227G,0.8688,pathogenic,CYP24A1,227.0
Q07973,L227H,0.6344,pathogenic,CYP24A1,227.0
Q07973,L227I,0.2181,benign,CYP24A1,227.0
Q07973,L227K,0.8406,pathogenic,CYP24A1,227.0
Q07973,L227M,0.2149,benign,CYP24A1,227.0
Q07973,L227N,0.8789,pathogenic,CYP24A1,227.0
Q07973,L227P,0.7712,pathogenic,CYP24A1,227.0
Q07973,L227Q,0.5559,ambiguous,CYP24A1,227.0
Q07973,L227R,0.6674,pathogenic,CYP24A1,227.0
Q07973,L227S,0.8089,pathogenic,CYP24A1,227.0
Q07973,L227T,0.715,pathogenic,CYP24A1,227.0
Q07973,L227V,0.2892,benign,CYP24A1,227.0
Q07973,L227W,0.4148,ambiguous,CYP24A1,227.0
Q07973,L227Y,0.6461,pathogenic,CYP24A1,227.0
Q07973,Q228A,0.2307,benign,CYP24A1,228.0
Q07973,Q228C,0.4342,ambiguous,CYP24A1,228.0
Q07973,Q228D,0.2708,benign,CYP24A1,228.0
Q07973,Q228E,0.0776,benign,CYP24A1,228.0
Q07973,Q228F,0.6431,pathogenic,CYP24A1,228.0
Q07973,Q228G,0.1342,benign,CYP24A1,228.0
Q07973,Q228H,0.1816,benign,CYP24A1,228.0
Q07973,Q228I,0.4672,ambiguous,CYP24A1,228.0
Q07973,Q228K,0.091,benign,CYP24A1,228.0
Q07973,Q228L,0.1455,benign,CYP24A1,228.0
Q07973,Q228M,0.3843,ambiguous,CYP24A1,228.0
Q07973,Q228N,0.274,benign,CYP24A1,228.0
Q07973,Q228P,0.1999,benign,CYP24A1,228.0
Q07973,Q228R,0.0784,benign,CYP24A1,228.0
Q07973,Q228S,0.2278,benign,CYP24A1,228.0
Q07973,Q228T,0.2213,benign,CYP24A1,228.0
Q07973,Q228V,0.3078,benign,CYP24A1,228.0
Q07973,Q228W,0.2722,benign,CYP24A1,228.0
Q07973,Q228Y,0.3706,ambiguous,CYP24A1,228.0
Q07973,K229A,0.1548,benign,CYP24A1,229.0
Q07973,K229C,0.3799,ambiguous,CYP24A1,229.0
Q07973,K229D,0.1571,benign,CYP24A1,229.0
Q07973,K229E,0.069,benign,CYP24A1,229.0
Q07973,K229F,0.52,ambiguous,CYP24A1,229.0
Q07973,K229G,0.1348,benign,CYP24A1,229.0
Q07973,K229H,0.1863,benign,CYP24A1,229.0
Q07973,K229I,0.2284,benign,CYP24A1,229.0
Q07973,K229L,0.2053,benign,CYP24A1,229.0
Q07973,K229M,0.1483,benign,CYP24A1,229.0
Q07973,K229N,0.1263,benign,CYP24A1,229.0
Q07973,K229P,0.2302,benign,CYP24A1,229.0
Q07973,K229Q,0.0856,benign,CYP24A1,229.0
Q07973,K229R,0.0705,benign,CYP24A1,229.0
Q07973,K229S,0.1539,benign,CYP24A1,229.0
Q07973,K229T,0.1037,benign,CYP24A1,229.0
Q07973,K229V,0.2,benign,CYP24A1,229.0
Q07973,K229W,0.442,ambiguous,CYP24A1,229.0
Q07973,K229Y,0.3386,benign,CYP24A1,229.0
Q07973,N230A,0.0946,benign,CYP24A1,230.0
Q07973,N230C,0.1309,benign,CYP24A1,230.0
Q07973,N230D,0.061,benign,CYP24A1,230.0
Q07973,N230E,0.1027,benign,CYP24A1,230.0
Q07973,N230F,0.2584,benign,CYP24A1,230.0
Q07973,N230G,0.1293,benign,CYP24A1,230.0
Q07973,N230H,0.0709,benign,CYP24A1,230.0
Q07973,N230I,0.1042,benign,CYP24A1,230.0
Q07973,N230K,0.0986,benign,CYP24A1,230.0
Q07973,N230L,0.1419,benign,CYP24A1,230.0
Q07973,N230M,0.1686,benign,CYP24A1,230.0
Q07973,N230P,0.2166,benign,CYP24A1,230.0
Q07973,N230Q,0.1196,benign,CYP24A1,230.0
Q07973,N230R,0.1154,benign,CYP24A1,230.0
Q07973,N230S,0.0712,benign,CYP24A1,230.0
Q07973,N230T,0.0723,benign,CYP24A1,230.0
Q07973,N230V,0.0944,benign,CYP24A1,230.0
Q07973,N230W,0.3952,ambiguous,CYP24A1,230.0
Q07973,N230Y,0.0865,benign,CYP24A1,230.0
Q07973,A231C,0.2349,benign,CYP24A1,231.0
Q07973,A231D,0.1343,benign,CYP24A1,231.0
Q07973,A231E,0.1302,benign,CYP24A1,231.0
Q07973,A231F,0.204,benign,CYP24A1,231.0
Q07973,A231G,0.0967,benign,CYP24A1,231.0
Q07973,A231H,0.223,benign,CYP24A1,231.0
Q07973,A231I,0.1162,benign,CYP24A1,231.0
Q07973,A231K,0.1743,benign,CYP24A1,231.0
Q07973,A231L,0.1151,benign,CYP24A1,231.0
Q07973,A231M,0.1313,benign,CYP24A1,231.0
Q07973,A231N,0.1447,benign,CYP24A1,231.0
Q07973,A231P,0.1006,benign,CYP24A1,231.0
Q07973,A231Q,0.1884,benign,CYP24A1,231.0
Q07973,A231R,0.1573,benign,CYP24A1,231.0
Q07973,A231S,0.0822,benign,CYP24A1,231.0
Q07973,A231T,0.0662,benign,CYP24A1,231.0
Q07973,A231V,0.0783,benign,CYP24A1,231.0
Q07973,A231W,0.4097,ambiguous,CYP24A1,231.0
Q07973,A231Y,0.2403,benign,CYP24A1,231.0
Q07973,G232A,0.0862,benign,CYP24A1,232.0
Q07973,G232C,0.1251,benign,CYP24A1,232.0
Q07973,G232D,0.0878,benign,CYP24A1,232.0
Q07973,G232E,0.0777,benign,CYP24A1,232.0
Q07973,G232F,0.3625,ambiguous,CYP24A1,232.0
Q07973,G232H,0.1529,benign,CYP24A1,232.0
Q07973,G232I,0.1779,benign,CYP24A1,232.0
Q07973,G232K,0.1111,benign,CYP24A1,232.0
Q07973,G232L,0.2253,benign,CYP24A1,232.0
Q07973,G232M,0.26,benign,CYP24A1,232.0
Q07973,G232N,0.1509,benign,CYP24A1,232.0
Q07973,G232P,0.2795,benign,CYP24A1,232.0
Q07973,G232Q,0.1099,benign,CYP24A1,232.0
Q07973,G232R,0.0847,benign,CYP24A1,232.0
Q07973,G232S,0.0795,benign,CYP24A1,232.0
Q07973,G232T,0.0908,benign,CYP24A1,232.0
Q07973,G232V,0.1119,benign,CYP24A1,232.0
Q07973,G232W,0.1839,benign,CYP24A1,232.0
Q07973,G232Y,0.227,benign,CYP24A1,232.0
Q07973,D233A,0.0727,benign,CYP24A1,233.0
Q07973,D233C,0.1942,benign,CYP24A1,233.0
Q07973,D233E,0.0624,benign,CYP24A1,233.0
Q07973,D233F,0.2329,benign,CYP24A1,233.0
Q07973,D233G,0.0693,benign,CYP24A1,233.0
Q07973,D233H,0.0943,benign,CYP24A1,233.0
Q07973,D233I,0.1227,benign,CYP24A1,233.0
Q07973,D233K,0.0798,benign,CYP24A1,233.0
Q07973,D233L,0.1319,benign,CYP24A1,233.0
Q07973,D233M,0.2115,benign,CYP24A1,233.0
Q07973,D233N,0.0692,benign,CYP24A1,233.0
Q07973,D233P,0.183,benign,CYP24A1,233.0
Q07973,D233Q,0.0905,benign,CYP24A1,233.0
Q07973,D233R,0.0884,benign,CYP24A1,233.0
Q07973,D233S,0.0701,benign,CYP24A1,233.0
Q07973,D233T,0.0933,benign,CYP24A1,233.0
Q07973,D233V,0.0821,benign,CYP24A1,233.0
Q07973,D233W,0.4184,ambiguous,CYP24A1,233.0
Q07973,D233Y,0.0988,benign,CYP24A1,233.0
Q07973,E234A,0.1137,benign,CYP24A1,234.0
Q07973,E234C,0.6188,pathogenic,CYP24A1,234.0
Q07973,E234D,0.0822,benign,CYP24A1,234.0
Q07973,E234F,0.5233,ambiguous,CYP24A1,234.0
Q07973,E234G,0.1096,benign,CYP24A1,234.0
Q07973,E234H,0.2583,benign,CYP24A1,234.0
Q07973,E234I,0.2568,benign,CYP24A1,234.0
Q07973,E234K,0.0889,benign,CYP24A1,234.0
Q07973,E234L,0.268,benign,CYP24A1,234.0
Q07973,E234M,0.3178,benign,CYP24A1,234.0
Q07973,E234N,0.1704,benign,CYP24A1,234.0
Q07973,E234P,0.4186,ambiguous,CYP24A1,234.0
Q07973,E234Q,0.1222,benign,CYP24A1,234.0
Q07973,E234R,0.1466,benign,CYP24A1,234.0
Q07973,E234S,0.1468,benign,CYP24A1,234.0
Q07973,E234T,0.1503,benign,CYP24A1,234.0
Q07973,E234V,0.1448,benign,CYP24A1,234.0
Q07973,E234W,0.6986,pathogenic,CYP24A1,234.0
Q07973,E234Y,0.3552,ambiguous,CYP24A1,234.0
Q07973,A235C,0.5828,pathogenic,CYP24A1,235.0
Q07973,A235D,0.342,ambiguous,CYP24A1,235.0
Q07973,A235E,0.3349,benign,CYP24A1,235.0
Q07973,A235F,0.5688,pathogenic,CYP24A1,235.0
Q07973,A235G,0.1294,benign,CYP24A1,235.0
Q07973,A235H,0.6214,pathogenic,CYP24A1,235.0
Q07973,A235I,0.3853,ambiguous,CYP24A1,235.0
Q07973,A235K,0.6148,pathogenic,CYP24A1,235.0
Q07973,A235L,0.3808,ambiguous,CYP24A1,235.0
Q07973,A235M,0.3573,ambiguous,CYP24A1,235.0
Q07973,A235N,0.3929,ambiguous,CYP24A1,235.0
Q07973,A235P,0.2381,benign,CYP24A1,235.0
Q07973,A235Q,0.5159,ambiguous,CYP24A1,235.0
Q07973,A235R,0.5848,pathogenic,CYP24A1,235.0
Q07973,A235S,0.1104,benign,CYP24A1,235.0
Q07973,A235T,0.1194,benign,CYP24A1,235.0
Q07973,A235V,0.1734,benign,CYP24A1,235.0
Q07973,A235W,0.8342,pathogenic,CYP24A1,235.0
Q07973,A235Y,0.6347,pathogenic,CYP24A1,235.0
Q07973,V236A,0.0908,benign,CYP24A1,236.0
Q07973,V236C,0.3276,benign,CYP24A1,236.0
Q07973,V236D,0.1445,benign,CYP24A1,236.0
Q07973,V236E,0.1,benign,CYP24A1,236.0
Q07973,V236F,0.0975,benign,CYP24A1,236.0
Q07973,V236G,0.0884,benign,CYP24A1,236.0
Q07973,V236H,0.1745,benign,CYP24A1,236.0
Q07973,V236I,0.0682,benign,CYP24A1,236.0
Q07973,V236K,0.0953,benign,CYP24A1,236.0
Q07973,V236L,0.063,benign,CYP24A1,236.0
Q07973,V236M,0.0692,benign,CYP24A1,236.0
Q07973,V236N,0.1195,benign,CYP24A1,236.0
Q07973,V236P,0.2844,benign,CYP24A1,236.0
Q07973,V236Q,0.0905,benign,CYP24A1,236.0
Q07973,V236R,0.0808,benign,CYP24A1,236.0
Q07973,V236S,0.0965,benign,CYP24A1,236.0
Q07973,V236T,0.0886,benign,CYP24A1,236.0
Q07973,V236W,0.2438,benign,CYP24A1,236.0
Q07973,V236Y,0.2182,benign,CYP24A1,236.0
Q07973,N237A,0.0988,benign,CYP24A1,237.0
Q07973,N237C,0.1273,benign,CYP24A1,237.0
Q07973,N237D,0.0654,benign,CYP24A1,237.0
Q07973,N237E,0.1442,benign,CYP24A1,237.0
Q07973,N237F,0.2919,benign,CYP24A1,237.0
Q07973,N237G,0.1389,benign,CYP24A1,237.0
Q07973,N237H,0.0682,benign,CYP24A1,237.0
Q07973,N237I,0.1151,benign,CYP24A1,237.0
Q07973,N237K,0.1081,benign,CYP24A1,237.0
Q07973,N237L,0.1298,benign,CYP24A1,237.0
Q07973,N237M,0.2051,benign,CYP24A1,237.0
Q07973,N237P,0.3102,benign,CYP24A1,237.0
Q07973,N237Q,0.1462,benign,CYP24A1,237.0
Q07973,N237R,0.1144,benign,CYP24A1,237.0
Q07973,N237S,0.0667,benign,CYP24A1,237.0
Q07973,N237T,0.0753,benign,CYP24A1,237.0
Q07973,N237V,0.1156,benign,CYP24A1,237.0
Q07973,N237W,0.465,ambiguous,CYP24A1,237.0
Q07973,N237Y,0.0934,benign,CYP24A1,237.0
Q07973,F238A,0.8744,pathogenic,CYP24A1,238.0
Q07973,F238C,0.5998,pathogenic,CYP24A1,238.0
Q07973,F238D,0.9447,pathogenic,CYP24A1,238.0
Q07973,F238E,0.9606,pathogenic,CYP24A1,238.0
Q07973,F238G,0.9311,pathogenic,CYP24A1,238.0
Q07973,F238H,0.8235,pathogenic,CYP24A1,238.0
Q07973,F238I,0.4189,ambiguous,CYP24A1,238.0
Q07973,F238K,0.965,pathogenic,CYP24A1,238.0
Q07973,F238L,0.893,pathogenic,CYP24A1,238.0
Q07973,F238M,0.6738,pathogenic,CYP24A1,238.0
Q07973,F238N,0.8733,pathogenic,CYP24A1,238.0
Q07973,F238P,0.9968,pathogenic,CYP24A1,238.0
Q07973,F238Q,0.935,pathogenic,CYP24A1,238.0
Q07973,F238R,0.9268,pathogenic,CYP24A1,238.0
Q07973,F238S,0.8063,pathogenic,CYP24A1,238.0
Q07973,F238T,0.78,pathogenic,CYP24A1,238.0
Q07973,F238V,0.3894,ambiguous,CYP24A1,238.0
Q07973,F238W,0.7506,pathogenic,CYP24A1,238.0
Q07973,F238Y,0.2602,benign,CYP24A1,238.0
Q07973,I239A,0.6338,pathogenic,CYP24A1,239.0
Q07973,I239C,0.7823,pathogenic,CYP24A1,239.0
Q07973,I239D,0.9443,pathogenic,CYP24A1,239.0
Q07973,I239E,0.8601,pathogenic,CYP24A1,239.0
Q07973,I239F,0.2844,benign,CYP24A1,239.0
Q07973,I239G,0.8321,pathogenic,CYP24A1,239.0
Q07973,I239H,0.7668,pathogenic,CYP24A1,239.0
Q07973,I239K,0.6946,pathogenic,CYP24A1,239.0
Q07973,I239L,0.1436,benign,CYP24A1,239.0
Q07973,I239M,0.1676,benign,CYP24A1,239.0
Q07973,I239N,0.6087,pathogenic,CYP24A1,239.0
Q07973,I239P,0.8886,pathogenic,CYP24A1,239.0
Q07973,I239Q,0.6807,pathogenic,CYP24A1,239.0
Q07973,I239R,0.5355,ambiguous,CYP24A1,239.0
Q07973,I239S,0.5426,ambiguous,CYP24A1,239.0
Q07973,I239T,0.5125,ambiguous,CYP24A1,239.0
Q07973,I239V,0.1388,benign,CYP24A1,239.0
Q07973,I239W,0.867,pathogenic,CYP24A1,239.0
Q07973,I239Y,0.7204,pathogenic,CYP24A1,239.0
Q07973,M240A,0.0881,benign,CYP24A1,240.0
Q07973,M240C,0.3761,ambiguous,CYP24A1,240.0
Q07973,M240D,0.2761,benign,CYP24A1,240.0
Q07973,M240E,0.1454,benign,CYP24A1,240.0
Q07973,M240F,0.1956,benign,CYP24A1,240.0
Q07973,M240G,0.1683,benign,CYP24A1,240.0
Q07973,M240H,0.1623,benign,CYP24A1,240.0
Q07973,M240I,0.124,benign,CYP24A1,240.0
Q07973,M240K,0.0589,benign,CYP24A1,240.0
Q07973,M240L,0.0805,benign,CYP24A1,240.0
Q07973,M240N,0.1408,benign,CYP24A1,240.0
Q07973,M240P,0.5415,ambiguous,CYP24A1,240.0
Q07973,M240Q,0.1063,benign,CYP24A1,240.0
Q07973,M240R,0.0647,benign,CYP24A1,240.0
Q07973,M240S,0.1084,benign,CYP24A1,240.0
Q07973,M240T,0.0501,benign,CYP24A1,240.0
Q07973,M240V,0.0621,benign,CYP24A1,240.0
Q07973,M240W,0.3294,benign,CYP24A1,240.0
Q07973,M240Y,0.2782,benign,CYP24A1,240.0
Q07973,A241C,0.621,pathogenic,CYP24A1,241.0
Q07973,A241D,0.5685,pathogenic,CYP24A1,241.0
Q07973,A241E,0.6885,pathogenic,CYP24A1,241.0
Q07973,A241F,0.8474,pathogenic,CYP24A1,241.0
Q07973,A241G,0.1687,benign,CYP24A1,241.0
Q07973,A241H,0.7506,pathogenic,CYP24A1,241.0
Q07973,A241I,0.866,pathogenic,CYP24A1,241.0
Q07973,A241K,0.8715,pathogenic,CYP24A1,241.0
Q07973,A241L,0.7264,pathogenic,CYP24A1,241.0
Q07973,A241M,0.7178,pathogenic,CYP24A1,241.0
Q07973,A241N,0.4792,ambiguous,CYP24A1,241.0
Q07973,A241P,0.9412,pathogenic,CYP24A1,241.0
Q07973,A241Q,0.704,pathogenic,CYP24A1,241.0
Q07973,A241R,0.8206,pathogenic,CYP24A1,241.0
Q07973,A241S,0.0882,benign,CYP24A1,241.0
Q07973,A241T,0.29,benign,CYP24A1,241.0
Q07973,A241V,0.5503,ambiguous,CYP24A1,241.0
Q07973,A241W,0.9578,pathogenic,CYP24A1,241.0
Q07973,A241Y,0.8338,pathogenic,CYP24A1,241.0
Q07973,I242A,0.4829,ambiguous,CYP24A1,242.0
Q07973,I242C,0.7326,pathogenic,CYP24A1,242.0
Q07973,I242D,0.9405,pathogenic,CYP24A1,242.0
Q07973,I242E,0.8345,pathogenic,CYP24A1,242.0
Q07973,I242F,0.4427,ambiguous,CYP24A1,242.0
Q07973,I242G,0.7703,pathogenic,CYP24A1,242.0
Q07973,I242H,0.8797,pathogenic,CYP24A1,242.0
Q07973,I242K,0.7784,pathogenic,CYP24A1,242.0
Q07973,I242L,0.1646,benign,CYP24A1,242.0
Q07973,I242M,0.1393,benign,CYP24A1,242.0
Q07973,I242N,0.5321,ambiguous,CYP24A1,242.0
Q07973,I242P,0.9541,pathogenic,CYP24A1,242.0
Q07973,I242Q,0.7524,pathogenic,CYP24A1,242.0
Q07973,I242R,0.7213,pathogenic,CYP24A1,242.0
Q07973,I242S,0.4643,ambiguous,CYP24A1,242.0
Q07973,I242T,0.3851,ambiguous,CYP24A1,242.0
Q07973,I242V,0.066,benign,CYP24A1,242.0
Q07973,I242W,0.9363,pathogenic,CYP24A1,242.0
Q07973,I242Y,0.8472,pathogenic,CYP24A1,242.0
Q07973,K243A,0.7503,pathogenic,CYP24A1,243.0
Q07973,K243C,0.8599,pathogenic,CYP24A1,243.0
Q07973,K243D,0.8237,pathogenic,CYP24A1,243.0
Q07973,K243E,0.3129,benign,CYP24A1,243.0
Q07973,K243F,0.9464,pathogenic,CYP24A1,243.0
Q07973,K243G,0.6738,pathogenic,CYP24A1,243.0
Q07973,K243H,0.4478,ambiguous,CYP24A1,243.0
Q07973,K243I,0.8077,pathogenic,CYP24A1,243.0
Q07973,K243L,0.7682,pathogenic,CYP24A1,243.0
Q07973,K243M,0.604,pathogenic,CYP24A1,243.0
Q07973,K243N,0.6988,pathogenic,CYP24A1,243.0
Q07973,K243P,0.9504,pathogenic,CYP24A1,243.0
Q07973,K243Q,0.1978,benign,CYP24A1,243.0
Q07973,K243R,0.1079,benign,CYP24A1,243.0
Q07973,K243S,0.7182,pathogenic,CYP24A1,243.0
Q07973,K243T,0.4672,ambiguous,CYP24A1,243.0
Q07973,K243V,0.7728,pathogenic,CYP24A1,243.0
Q07973,K243W,0.8805,pathogenic,CYP24A1,243.0
Q07973,K243Y,0.8271,pathogenic,CYP24A1,243.0
Q07973,T244A,0.0982,benign,CYP24A1,244.0
Q07973,T244C,0.3751,ambiguous,CYP24A1,244.0
Q07973,T244D,0.2855,benign,CYP24A1,244.0
Q07973,T244E,0.1965,benign,CYP24A1,244.0
Q07973,T244F,0.2665,benign,CYP24A1,244.0
Q07973,T244G,0.2252,benign,CYP24A1,244.0
Q07973,T244H,0.1945,benign,CYP24A1,244.0
Q07973,T244I,0.136,benign,CYP24A1,244.0
Q07973,T244K,0.0961,benign,CYP24A1,244.0
Q07973,T244L,0.0914,benign,CYP24A1,244.0
Q07973,T244M,0.0852,benign,CYP24A1,244.0
Q07973,T244N,0.1128,benign,CYP24A1,244.0
Q07973,T244P,0.5722,pathogenic,CYP24A1,244.0
Q07973,T244Q,0.1504,benign,CYP24A1,244.0
Q07973,T244R,0.0932,benign,CYP24A1,244.0
Q07973,T244S,0.1314,benign,CYP24A1,244.0
Q07973,T244V,0.1249,benign,CYP24A1,244.0
Q07973,T244W,0.5466,ambiguous,CYP24A1,244.0
Q07973,T244Y,0.2562,benign,CYP24A1,244.0
Q07973,M245A,0.6576,pathogenic,CYP24A1,245.0
Q07973,M245C,0.8769,pathogenic,CYP24A1,245.0
Q07973,M245D,0.9932,pathogenic,CYP24A1,245.0
Q07973,M245E,0.9268,pathogenic,CYP24A1,245.0
Q07973,M245F,0.7626,pathogenic,CYP24A1,245.0
Q07973,M245G,0.9139,pathogenic,CYP24A1,245.0
Q07973,M245H,0.9584,pathogenic,CYP24A1,245.0
Q07973,M245I,0.7976,pathogenic,CYP24A1,245.0
Q07973,M245K,0.8264,pathogenic,CYP24A1,245.0
Q07973,M245L,0.3965,ambiguous,CYP24A1,245.0
Q07973,M245N,0.9296,pathogenic,CYP24A1,245.0
Q07973,M245P,0.9907,pathogenic,CYP24A1,245.0
Q07973,M245Q,0.7128,pathogenic,CYP24A1,245.0
Q07973,M245R,0.7994,pathogenic,CYP24A1,245.0
Q07973,M245S,0.7958,pathogenic,CYP24A1,245.0
Q07973,M245T,0.6044,pathogenic,CYP24A1,245.0
Q07973,M245V,0.1626,benign,CYP24A1,245.0
Q07973,M245W,0.9769,pathogenic,CYP24A1,245.0
Q07973,M245Y,0.9623,pathogenic,CYP24A1,245.0
Q07973,M246A,0.7411,pathogenic,CYP24A1,246.0
Q07973,M246C,0.8817,pathogenic,CYP24A1,246.0
Q07973,M246D,0.9655,pathogenic,CYP24A1,246.0
Q07973,M246E,0.8587,pathogenic,CYP24A1,246.0
Q07973,M246F,0.3567,ambiguous,CYP24A1,246.0
Q07973,M246G,0.8005,pathogenic,CYP24A1,246.0
Q07973,M246H,0.7523,pathogenic,CYP24A1,246.0
Q07973,M246I,0.7684,pathogenic,CYP24A1,246.0
Q07973,M246K,0.5455,ambiguous,CYP24A1,246.0
Q07973,M246L,0.2051,benign,CYP24A1,246.0
Q07973,M246N,0.7084,pathogenic,CYP24A1,246.0
Q07973,M246P,0.9758,pathogenic,CYP24A1,246.0
Q07973,M246Q,0.4843,ambiguous,CYP24A1,246.0
Q07973,M246R,0.5217,ambiguous,CYP24A1,246.0
Q07973,M246S,0.727,pathogenic,CYP24A1,246.0
Q07973,M246T,0.5845,pathogenic,CYP24A1,246.0
Q07973,M246V,0.338,benign,CYP24A1,246.0
Q07973,M246W,0.7737,pathogenic,CYP24A1,246.0
Q07973,M246Y,0.7262,pathogenic,CYP24A1,246.0
Q07973,S247A,0.0654,benign,CYP24A1,247.0
Q07973,S247C,0.1008,benign,CYP24A1,247.0
Q07973,S247D,0.1678,benign,CYP24A1,247.0
Q07973,S247E,0.2221,benign,CYP24A1,247.0
Q07973,S247F,0.1729,benign,CYP24A1,247.0
Q07973,S247G,0.0622,benign,CYP24A1,247.0
Q07973,S247H,0.1682,benign,CYP24A1,247.0
Q07973,S247I,0.1264,benign,CYP24A1,247.0
Q07973,S247K,0.2276,benign,CYP24A1,247.0
Q07973,S247L,0.1069,benign,CYP24A1,247.0
Q07973,S247M,0.1571,benign,CYP24A1,247.0
Q07973,S247N,0.085,benign,CYP24A1,247.0
Q07973,S247P,0.7486,pathogenic,CYP24A1,247.0
Q07973,S247Q,0.2271,benign,CYP24A1,247.0
Q07973,S247R,0.1867,benign,CYP24A1,247.0
Q07973,S247T,0.0715,benign,CYP24A1,247.0
Q07973,S247V,0.1315,benign,CYP24A1,247.0
Q07973,S247W,0.2694,benign,CYP24A1,247.0
Q07973,S247Y,0.1288,benign,CYP24A1,247.0
Q07973,T248A,0.1671,benign,CYP24A1,248.0
Q07973,T248C,0.3825,ambiguous,CYP24A1,248.0
Q07973,T248D,0.6832,pathogenic,CYP24A1,248.0
Q07973,T248E,0.6307,pathogenic,CYP24A1,248.0
Q07973,T248F,0.5349,ambiguous,CYP24A1,248.0
Q07973,T248G,0.3229,benign,CYP24A1,248.0
Q07973,T248H,0.3088,benign,CYP24A1,248.0
Q07973,T248I,0.5486,ambiguous,CYP24A1,248.0
Q07973,T248K,0.3946,ambiguous,CYP24A1,248.0
Q07973,T248L,0.2696,benign,CYP24A1,248.0
Q07973,T248M,0.1825,benign,CYP24A1,248.0
Q07973,T248N,0.2633,benign,CYP24A1,248.0
Q07973,T248P,0.7082,pathogenic,CYP24A1,248.0
Q07973,T248Q,0.3889,ambiguous,CYP24A1,248.0
Q07973,T248R,0.3366,benign,CYP24A1,248.0
Q07973,T248S,0.1352,benign,CYP24A1,248.0
Q07973,T248V,0.3635,ambiguous,CYP24A1,248.0
Q07973,T248W,0.7224,pathogenic,CYP24A1,248.0
Q07973,T248Y,0.421,ambiguous,CYP24A1,248.0
Q07973,F249A,0.6802,pathogenic,CYP24A1,249.0
Q07973,F249C,0.7124,pathogenic,CYP24A1,249.0
Q07973,F249D,0.9814,pathogenic,CYP24A1,249.0
Q07973,F249E,0.9739,pathogenic,CYP24A1,249.0
Q07973,F249G,0.8904,pathogenic,CYP24A1,249.0
Q07973,F249H,0.9043,pathogenic,CYP24A1,249.0
Q07973,F249I,0.5987,pathogenic,CYP24A1,249.0
Q07973,F249K,0.9817,pathogenic,CYP24A1,249.0
Q07973,F249L,0.9049,pathogenic,CYP24A1,249.0
Q07973,F249M,0.6349,pathogenic,CYP24A1,249.0
Q07973,F249N,0.921,pathogenic,CYP24A1,249.0
Q07973,F249P,0.996,pathogenic,CYP24A1,249.0
Q07973,F249Q,0.9459,pathogenic,CYP24A1,249.0
Q07973,F249R,0.9569,pathogenic,CYP24A1,249.0
Q07973,F249S,0.6212,pathogenic,CYP24A1,249.0
Q07973,F249T,0.5604,ambiguous,CYP24A1,249.0
Q07973,F249V,0.4793,ambiguous,CYP24A1,249.0
Q07973,F249W,0.6936,pathogenic,CYP24A1,249.0
Q07973,F249Y,0.4329,ambiguous,CYP24A1,249.0
Q07973,G250A,0.2517,benign,CYP24A1,250.0
Q07973,G250C,0.4456,ambiguous,CYP24A1,250.0
Q07973,G250D,0.8274,pathogenic,CYP24A1,250.0
Q07973,G250E,0.7447,pathogenic,CYP24A1,250.0
Q07973,G250F,0.8401,pathogenic,CYP24A1,250.0
Q07973,G250H,0.8083,pathogenic,CYP24A1,250.0
Q07973,G250I,0.6444,pathogenic,CYP24A1,250.0
Q07973,G250K,0.8848,pathogenic,CYP24A1,250.0
Q07973,G250L,0.726,pathogenic,CYP24A1,250.0
Q07973,G250M,0.8,pathogenic,CYP24A1,250.0
Q07973,G250N,0.7605,pathogenic,CYP24A1,250.0
Q07973,G250P,0.8329,pathogenic,CYP24A1,250.0
Q07973,G250Q,0.6826,pathogenic,CYP24A1,250.0
Q07973,G250R,0.7321,pathogenic,CYP24A1,250.0
Q07973,G250S,0.1813,benign,CYP24A1,250.0
Q07973,G250T,0.4191,ambiguous,CYP24A1,250.0
Q07973,G250V,0.4945,ambiguous,CYP24A1,250.0
Q07973,G250W,0.6886,pathogenic,CYP24A1,250.0
Q07973,G250Y,0.8058,pathogenic,CYP24A1,250.0
Q07973,R251A,0.1585,benign,CYP24A1,251.0
Q07973,R251C,0.1502,benign,CYP24A1,251.0
Q07973,R251D,0.419,ambiguous,CYP24A1,251.0
Q07973,R251E,0.1763,benign,CYP24A1,251.0
Q07973,R251F,0.2691,benign,CYP24A1,251.0
Q07973,R251G,0.1199,benign,CYP24A1,251.0
Q07973,R251H,0.1075,benign,CYP24A1,251.0
Q07973,R251I,0.1145,benign,CYP24A1,251.0
Q07973,R251K,0.058,benign,CYP24A1,251.0
Q07973,R251L,0.1065,benign,CYP24A1,251.0
Q07973,R251M,0.1068,benign,CYP24A1,251.0
Q07973,R251N,0.2784,benign,CYP24A1,251.0
Q07973,R251P,0.3798,ambiguous,CYP24A1,251.0
Q07973,R251Q,0.0791,benign,CYP24A1,251.0
Q07973,R251S,0.1924,benign,CYP24A1,251.0
Q07973,R251T,0.1005,benign,CYP24A1,251.0
Q07973,R251V,0.1412,benign,CYP24A1,251.0
Q07973,R251W,0.1029,benign,CYP24A1,251.0
Q07973,R251Y,0.2088,benign,CYP24A1,251.0
Q07973,M252A,0.8692,pathogenic,CYP24A1,252.0
Q07973,M252C,0.9198,pathogenic,CYP24A1,252.0
Q07973,M252D,0.99,pathogenic,CYP24A1,252.0
Q07973,M252E,0.9437,pathogenic,CYP24A1,252.0
Q07973,M252F,0.7451,pathogenic,CYP24A1,252.0
Q07973,M252G,0.9408,pathogenic,CYP24A1,252.0
Q07973,M252H,0.9544,pathogenic,CYP24A1,252.0
Q07973,M252I,0.7989,pathogenic,CYP24A1,252.0
Q07973,M252K,0.8568,pathogenic,CYP24A1,252.0
Q07973,M252L,0.1541,benign,CYP24A1,252.0
Q07973,M252N,0.9246,pathogenic,CYP24A1,252.0
Q07973,M252P,0.987,pathogenic,CYP24A1,252.0
Q07973,M252Q,0.7854,pathogenic,CYP24A1,252.0
Q07973,M252R,0.877,pathogenic,CYP24A1,252.0
Q07973,M252S,0.9012,pathogenic,CYP24A1,252.0
Q07973,M252T,0.7856,pathogenic,CYP24A1,252.0
Q07973,M252V,0.4218,ambiguous,CYP24A1,252.0
Q07973,M252W,0.9505,pathogenic,CYP24A1,252.0
Q07973,M252Y,0.9331,pathogenic,CYP24A1,252.0
Q07973,M253A,0.5731,pathogenic,CYP24A1,253.0
Q07973,M253C,0.9049,pathogenic,CYP24A1,253.0
Q07973,M253D,0.9831,pathogenic,CYP24A1,253.0
Q07973,M253E,0.8955,pathogenic,CYP24A1,253.0
Q07973,M253F,0.6082,pathogenic,CYP24A1,253.0
Q07973,M253G,0.8886,pathogenic,CYP24A1,253.0
Q07973,M253H,0.9016,pathogenic,CYP24A1,253.0
Q07973,M253I,0.4818,ambiguous,CYP24A1,253.0
Q07973,M253K,0.7902,pathogenic,CYP24A1,253.0
Q07973,M253L,0.1412,benign,CYP24A1,253.0
Q07973,M253N,0.8547,pathogenic,CYP24A1,253.0
Q07973,M253P,0.9672,pathogenic,CYP24A1,253.0
Q07973,M253Q,0.6811,pathogenic,CYP24A1,253.0
Q07973,M253R,0.7446,pathogenic,CYP24A1,253.0
Q07973,M253S,0.7273,pathogenic,CYP24A1,253.0
Q07973,M253T,0.4634,ambiguous,CYP24A1,253.0
Q07973,M253V,0.1755,benign,CYP24A1,253.0
Q07973,M253W,0.8853,pathogenic,CYP24A1,253.0
Q07973,M253Y,0.8967,pathogenic,CYP24A1,253.0
Q07973,V254A,0.3952,ambiguous,CYP24A1,254.0
Q07973,V254C,0.8882,pathogenic,CYP24A1,254.0
Q07973,V254D,0.871,pathogenic,CYP24A1,254.0
Q07973,V254E,0.7833,pathogenic,CYP24A1,254.0
Q07973,V254F,0.3175,benign,CYP24A1,254.0
Q07973,V254G,0.4104,ambiguous,CYP24A1,254.0
Q07973,V254H,0.9152,pathogenic,CYP24A1,254.0
Q07973,V254I,0.1185,benign,CYP24A1,254.0
Q07973,V254K,0.8517,pathogenic,CYP24A1,254.0
Q07973,V254L,0.3648,ambiguous,CYP24A1,254.0
Q07973,V254M,0.3261,benign,CYP24A1,254.0
Q07973,V254N,0.7525,pathogenic,CYP24A1,254.0
Q07973,V254P,0.8501,pathogenic,CYP24A1,254.0
Q07973,V254Q,0.803,pathogenic,CYP24A1,254.0
Q07973,V254R,0.7862,pathogenic,CYP24A1,254.0
Q07973,V254S,0.5938,pathogenic,CYP24A1,254.0
Q07973,V254T,0.555,ambiguous,CYP24A1,254.0
Q07973,V254W,0.9186,pathogenic,CYP24A1,254.0
Q07973,V254Y,0.812,pathogenic,CYP24A1,254.0
Q07973,T255A,0.2289,benign,CYP24A1,255.0
Q07973,T255C,0.6962,pathogenic,CYP24A1,255.0
Q07973,T255D,0.8813,pathogenic,CYP24A1,255.0
Q07973,T255E,0.8027,pathogenic,CYP24A1,255.0
Q07973,T255F,0.3503,ambiguous,CYP24A1,255.0
Q07973,T255G,0.5664,pathogenic,CYP24A1,255.0
Q07973,T255H,0.5946,pathogenic,CYP24A1,255.0
Q07973,T255I,0.3552,ambiguous,CYP24A1,255.0
Q07973,T255K,0.6682,pathogenic,CYP24A1,255.0
Q07973,T255L,0.1349,benign,CYP24A1,255.0
Q07973,T255M,0.1054,benign,CYP24A1,255.0
Q07973,T255N,0.5176,ambiguous,CYP24A1,255.0
Q07973,T255P,0.509,ambiguous,CYP24A1,255.0
Q07973,T255Q,0.6038,pathogenic,CYP24A1,255.0
Q07973,T255R,0.5951,pathogenic,CYP24A1,255.0
Q07973,T255S,0.2336,benign,CYP24A1,255.0
Q07973,T255V,0.3058,benign,CYP24A1,255.0
Q07973,T255W,0.6688,pathogenic,CYP24A1,255.0
Q07973,T255Y,0.5488,ambiguous,CYP24A1,255.0
Q07973,P256A,0.2672,benign,CYP24A1,256.0
Q07973,P256C,0.8276,pathogenic,CYP24A1,256.0
Q07973,P256D,0.6409,pathogenic,CYP24A1,256.0
Q07973,P256E,0.6745,pathogenic,CYP24A1,256.0
Q07973,P256F,0.9378,pathogenic,CYP24A1,256.0
Q07973,P256G,0.6025,pathogenic,CYP24A1,256.0
Q07973,P256H,0.4392,ambiguous,CYP24A1,256.0
Q07973,P256I,0.9335,pathogenic,CYP24A1,256.0
Q07973,P256K,0.686,pathogenic,CYP24A1,256.0
Q07973,P256L,0.665,pathogenic,CYP24A1,256.0
Q07973,P256M,0.8649,pathogenic,CYP24A1,256.0
Q07973,P256N,0.6067,pathogenic,CYP24A1,256.0
Q07973,P256Q,0.5005,ambiguous,CYP24A1,256.0
Q07973,P256R,0.4354,ambiguous,CYP24A1,256.0
Q07973,P256S,0.2175,benign,CYP24A1,256.0
Q07973,P256T,0.339,benign,CYP24A1,256.0
Q07973,P256V,0.8097,pathogenic,CYP24A1,256.0
Q07973,P256W,0.871,pathogenic,CYP24A1,256.0
Q07973,P256Y,0.8618,pathogenic,CYP24A1,256.0
Q07973,V257A,0.1405,benign,CYP24A1,257.0
Q07973,V257C,0.8692,pathogenic,CYP24A1,257.0
Q07973,V257D,0.6907,pathogenic,CYP24A1,257.0
Q07973,V257E,0.4577,ambiguous,CYP24A1,257.0
Q07973,V257F,0.3981,ambiguous,CYP24A1,257.0
Q07973,V257G,0.3357,benign,CYP24A1,257.0
Q07973,V257H,0.8446,pathogenic,CYP24A1,257.0
Q07973,V257I,0.102,benign,CYP24A1,257.0
Q07973,V257K,0.593,pathogenic,CYP24A1,257.0
Q07973,V257L,0.3175,benign,CYP24A1,257.0
Q07973,V257M,0.1857,benign,CYP24A1,257.0
Q07973,V257N,0.6281,pathogenic,CYP24A1,257.0
Q07973,V257P,0.3143,benign,CYP24A1,257.0
Q07973,V257Q,0.5744,pathogenic,CYP24A1,257.0
Q07973,V257R,0.5563,ambiguous,CYP24A1,257.0
Q07973,V257S,0.321,benign,CYP24A1,257.0
Q07973,V257T,0.1718,benign,CYP24A1,257.0
Q07973,V257W,0.9076,pathogenic,CYP24A1,257.0
Q07973,V257Y,0.8254,pathogenic,CYP24A1,257.0
Q07973,E258A,0.0807,benign,CYP24A1,258.0
Q07973,E258C,0.5942,pathogenic,CYP24A1,258.0
Q07973,E258D,0.1309,benign,CYP24A1,258.0
Q07973,E258F,0.4957,ambiguous,CYP24A1,258.0
Q07973,E258G,0.1077,benign,CYP24A1,258.0
Q07973,E258H,0.2252,benign,CYP24A1,258.0
Q07973,E258I,0.2604,benign,CYP24A1,258.0
Q07973,E258K,0.117,benign,CYP24A1,258.0
Q07973,E258L,0.2398,benign,CYP24A1,258.0
Q07973,E258M,0.326,benign,CYP24A1,258.0
Q07973,E258N,0.2155,benign,CYP24A1,258.0
Q07973,E258P,0.3262,benign,CYP24A1,258.0
Q07973,E258Q,0.0958,benign,CYP24A1,258.0
Q07973,E258R,0.1496,benign,CYP24A1,258.0
Q07973,E258S,0.1282,benign,CYP24A1,258.0
Q07973,E258T,0.1355,benign,CYP24A1,258.0
Q07973,E258V,0.1457,benign,CYP24A1,258.0
Q07973,E258W,0.5976,pathogenic,CYP24A1,258.0
Q07973,E258Y,0.3287,benign,CYP24A1,258.0
Q07973,L259A,0.2733,benign,CYP24A1,259.0
Q07973,L259C,0.4786,ambiguous,CYP24A1,259.0
Q07973,L259D,0.8757,pathogenic,CYP24A1,259.0
Q07973,L259E,0.6741,pathogenic,CYP24A1,259.0
Q07973,L259F,0.1007,benign,CYP24A1,259.0
Q07973,L259G,0.569,pathogenic,CYP24A1,259.0
Q07973,L259H,0.4489,ambiguous,CYP24A1,259.0
Q07973,L259I,0.077,benign,CYP24A1,259.0
Q07973,L259K,0.4494,ambiguous,CYP24A1,259.0
Q07973,L259M,0.1049,benign,CYP24A1,259.0
Q07973,L259N,0.6989,pathogenic,CYP24A1,259.0
Q07973,L259P,0.557,ambiguous,CYP24A1,259.0
Q07973,L259Q,0.3684,ambiguous,CYP24A1,259.0
Q07973,L259R,0.3255,benign,CYP24A1,259.0
Q07973,L259S,0.48,ambiguous,CYP24A1,259.0
Q07973,L259T,0.306,benign,CYP24A1,259.0
Q07973,L259V,0.083,benign,CYP24A1,259.0
Q07973,L259W,0.1262,benign,CYP24A1,259.0
Q07973,L259Y,0.3128,benign,CYP24A1,259.0
Q07973,H260A,0.8755,pathogenic,CYP24A1,260.0
Q07973,H260C,0.4904,ambiguous,CYP24A1,260.0
Q07973,H260D,0.896,pathogenic,CYP24A1,260.0
Q07973,H260E,0.8863,pathogenic,CYP24A1,260.0
Q07973,H260F,0.6883,pathogenic,CYP24A1,260.0
Q07973,H260G,0.875,pathogenic,CYP24A1,260.0
Q07973,H260I,0.919,pathogenic,CYP24A1,260.0
Q07973,H260K,0.9209,pathogenic,CYP24A1,260.0
Q07973,H260L,0.4616,ambiguous,CYP24A1,260.0
Q07973,H260M,0.8828,pathogenic,CYP24A1,260.0
Q07973,H260N,0.6197,pathogenic,CYP24A1,260.0
Q07973,H260P,0.6403,pathogenic,CYP24A1,260.0
Q07973,H260Q,0.68,pathogenic,CYP24A1,260.0
Q07973,H260R,0.6994,pathogenic,CYP24A1,260.0
Q07973,H260S,0.8323,pathogenic,CYP24A1,260.0
Q07973,H260T,0.9273,pathogenic,CYP24A1,260.0
Q07973,H260V,0.8824,pathogenic,CYP24A1,260.0
Q07973,H260W,0.6286,pathogenic,CYP24A1,260.0
Q07973,H260Y,0.2744,benign,CYP24A1,260.0
Q07973,K261A,0.2959,benign,CYP24A1,261.0
Q07973,K261C,0.4094,ambiguous,CYP24A1,261.0
Q07973,K261D,0.7042,pathogenic,CYP24A1,261.0
Q07973,K261E,0.1542,benign,CYP24A1,261.0
Q07973,K261F,0.6206,pathogenic,CYP24A1,261.0
Q07973,K261G,0.3798,ambiguous,CYP24A1,261.0
Q07973,K261H,0.2467,benign,CYP24A1,261.0
Q07973,K261I,0.2625,benign,CYP24A1,261.0
Q07973,K261L,0.2319,benign,CYP24A1,261.0
Q07973,K261M,0.1956,benign,CYP24A1,261.0
Q07973,K261N,0.4886,ambiguous,CYP24A1,261.0
Q07973,K261P,0.828,pathogenic,CYP24A1,261.0
Q07973,K261Q,0.0941,benign,CYP24A1,261.0
Q07973,K261R,0.0625,benign,CYP24A1,261.0
Q07973,K261S,0.3761,ambiguous,CYP24A1,261.0
Q07973,K261T,0.1746,benign,CYP24A1,261.0
Q07973,K261V,0.2385,benign,CYP24A1,261.0
Q07973,K261W,0.4992,ambiguous,CYP24A1,261.0
Q07973,K261Y,0.4576,ambiguous,CYP24A1,261.0
Q07973,S262A,0.0745,benign,CYP24A1,262.0
Q07973,S262C,0.0657,benign,CYP24A1,262.0
Q07973,S262D,0.1602,benign,CYP24A1,262.0
Q07973,S262E,0.1837,benign,CYP24A1,262.0
Q07973,S262F,0.1108,benign,CYP24A1,262.0
Q07973,S262G,0.0649,benign,CYP24A1,262.0
Q07973,S262H,0.077,benign,CYP24A1,262.0
Q07973,S262I,0.0826,benign,CYP24A1,262.0
Q07973,S262K,0.107,benign,CYP24A1,262.0
Q07973,S262L,0.0961,benign,CYP24A1,262.0
Q07973,S262M,0.1248,benign,CYP24A1,262.0
Q07973,S262N,0.0746,benign,CYP24A1,262.0
Q07973,S262P,0.4092,ambiguous,CYP24A1,262.0
Q07973,S262Q,0.1164,benign,CYP24A1,262.0
Q07973,S262R,0.0794,benign,CYP24A1,262.0
Q07973,S262T,0.0654,benign,CYP24A1,262.0
Q07973,S262V,0.1,benign,CYP24A1,262.0
Q07973,S262W,0.1199,benign,CYP24A1,262.0
Q07973,S262Y,0.0701,benign,CYP24A1,262.0
Q07973,L263A,0.2961,benign,CYP24A1,263.0
Q07973,L263C,0.2552,benign,CYP24A1,263.0
Q07973,L263D,0.9033,pathogenic,CYP24A1,263.0
Q07973,L263E,0.666,pathogenic,CYP24A1,263.0
Q07973,L263F,0.0716,benign,CYP24A1,263.0
Q07973,L263G,0.5253,ambiguous,CYP24A1,263.0
Q07973,L263H,0.2921,benign,CYP24A1,263.0
Q07973,L263I,0.1187,benign,CYP24A1,263.0
Q07973,L263K,0.3505,ambiguous,CYP24A1,263.0
Q07973,L263M,0.105,benign,CYP24A1,263.0
Q07973,L263N,0.6505,pathogenic,CYP24A1,263.0
Q07973,L263P,0.7587,pathogenic,CYP24A1,263.0
Q07973,L263Q,0.2365,benign,CYP24A1,263.0
Q07973,L263R,0.1932,benign,CYP24A1,263.0
Q07973,L263S,0.4376,ambiguous,CYP24A1,263.0
Q07973,L263T,0.3565,ambiguous,CYP24A1,263.0
Q07973,L263V,0.1084,benign,CYP24A1,263.0
Q07973,L263W,0.0966,benign,CYP24A1,263.0
Q07973,L263Y,0.259,benign,CYP24A1,263.0
Q07973,N264A,0.3025,benign,CYP24A1,264.0
Q07973,N264C,0.276,benign,CYP24A1,264.0
Q07973,N264D,0.1279,benign,CYP24A1,264.0
Q07973,N264E,0.3793,ambiguous,CYP24A1,264.0
Q07973,N264F,0.6982,pathogenic,CYP24A1,264.0
Q07973,N264G,0.2175,benign,CYP24A1,264.0
Q07973,N264H,0.0884,benign,CYP24A1,264.0
Q07973,N264I,0.5666,pathogenic,CYP24A1,264.0
Q07973,N264K,0.1718,benign,CYP24A1,264.0
Q07973,N264L,0.4416,ambiguous,CYP24A1,264.0
Q07973,N264M,0.5446,ambiguous,CYP24A1,264.0
Q07973,N264P,0.6601,pathogenic,CYP24A1,264.0
Q07973,N264Q,0.2408,benign,CYP24A1,264.0
Q07973,N264R,0.1792,benign,CYP24A1,264.0
Q07973,N264S,0.1272,benign,CYP24A1,264.0
Q07973,N264T,0.3375,benign,CYP24A1,264.0
Q07973,N264V,0.5306,ambiguous,CYP24A1,264.0
Q07973,N264W,0.7772,pathogenic,CYP24A1,264.0
Q07973,N264Y,0.2017,benign,CYP24A1,264.0
Q07973,T265A,0.3272,benign,CYP24A1,265.0
Q07973,T265C,0.641,pathogenic,CYP24A1,265.0
Q07973,T265D,0.8399,pathogenic,CYP24A1,265.0
Q07973,T265E,0.8435,pathogenic,CYP24A1,265.0
Q07973,T265F,0.7588,pathogenic,CYP24A1,265.0
Q07973,T265G,0.4624,ambiguous,CYP24A1,265.0
Q07973,T265H,0.5703,pathogenic,CYP24A1,265.0
Q07973,T265I,0.8273,pathogenic,CYP24A1,265.0
Q07973,T265K,0.5817,pathogenic,CYP24A1,265.0
Q07973,T265L,0.38,ambiguous,CYP24A1,265.0
Q07973,T265M,0.2611,benign,CYP24A1,265.0
Q07973,T265N,0.4567,ambiguous,CYP24A1,265.0
Q07973,T265P,0.5729,pathogenic,CYP24A1,265.0
Q07973,T265Q,0.627,pathogenic,CYP24A1,265.0
Q07973,T265R,0.4744,ambiguous,CYP24A1,265.0
Q07973,T265S,0.219,benign,CYP24A1,265.0
Q07973,T265V,0.6774,pathogenic,CYP24A1,265.0
Q07973,T265W,0.8005,pathogenic,CYP24A1,265.0
Q07973,T265Y,0.7469,pathogenic,CYP24A1,265.0
Q07973,K266A,0.1604,benign,CYP24A1,266.0
Q07973,K266C,0.5086,ambiguous,CYP24A1,266.0
Q07973,K266D,0.3958,ambiguous,CYP24A1,266.0
Q07973,K266E,0.1325,benign,CYP24A1,266.0
Q07973,K266F,0.6642,pathogenic,CYP24A1,266.0
Q07973,K266G,0.2062,benign,CYP24A1,266.0
Q07973,K266H,0.2377,benign,CYP24A1,266.0
Q07973,K266I,0.2863,benign,CYP24A1,266.0
Q07973,K266L,0.2727,benign,CYP24A1,266.0
Q07973,K266M,0.2161,benign,CYP24A1,266.0
Q07973,K266N,0.3121,benign,CYP24A1,266.0
Q07973,K266P,0.3527,ambiguous,CYP24A1,266.0
Q07973,K266Q,0.1058,benign,CYP24A1,266.0
Q07973,K266R,0.0624,benign,CYP24A1,266.0
Q07973,K266S,0.2212,benign,CYP24A1,266.0
Q07973,K266T,0.1177,benign,CYP24A1,266.0
Q07973,K266V,0.2279,benign,CYP24A1,266.0
Q07973,K266W,0.5142,ambiguous,CYP24A1,266.0
Q07973,K266Y,0.5178,ambiguous,CYP24A1,266.0
Q07973,V267A,0.133,benign,CYP24A1,267.0
Q07973,V267C,0.6375,pathogenic,CYP24A1,267.0
Q07973,V267D,0.2125,benign,CYP24A1,267.0
Q07973,V267E,0.229,benign,CYP24A1,267.0
Q07973,V267F,0.1483,benign,CYP24A1,267.0
Q07973,V267G,0.1672,benign,CYP24A1,267.0
Q07973,V267H,0.4699,ambiguous,CYP24A1,267.0
Q07973,V267I,0.0727,benign,CYP24A1,267.0
Q07973,V267K,0.3228,benign,CYP24A1,267.0
Q07973,V267L,0.1462,benign,CYP24A1,267.0
Q07973,V267M,0.1395,benign,CYP24A1,267.0
Q07973,V267N,0.1939,benign,CYP24A1,267.0
Q07973,V267P,0.3224,benign,CYP24A1,267.0
Q07973,V267Q,0.3015,benign,CYP24A1,267.0
Q07973,V267R,0.2827,benign,CYP24A1,267.0
Q07973,V267S,0.1625,benign,CYP24A1,267.0
Q07973,V267T,0.1154,benign,CYP24A1,267.0
Q07973,V267W,0.6383,pathogenic,CYP24A1,267.0
Q07973,V267Y,0.4127,ambiguous,CYP24A1,267.0
Q07973,W268A,0.9803,pathogenic,CYP24A1,268.0
Q07973,W268C,0.9751,pathogenic,CYP24A1,268.0
Q07973,W268D,0.9972,pathogenic,CYP24A1,268.0
Q07973,W268E,0.9952,pathogenic,CYP24A1,268.0
Q07973,W268F,0.5759,pathogenic,CYP24A1,268.0
Q07973,W268G,0.9191,pathogenic,CYP24A1,268.0
Q07973,W268H,0.9785,pathogenic,CYP24A1,268.0
Q07973,W268I,0.9684,pathogenic,CYP24A1,268.0
Q07973,W268K,0.9966,pathogenic,CYP24A1,268.0
Q07973,W268L,0.8834,pathogenic,CYP24A1,268.0
Q07973,W268M,0.9746,pathogenic,CYP24A1,268.0
Q07973,W268N,0.9959,pathogenic,CYP24A1,268.0
Q07973,W268P,0.9972,pathogenic,CYP24A1,268.0
Q07973,W268Q,0.9935,pathogenic,CYP24A1,268.0
Q07973,W268R,0.9878,pathogenic,CYP24A1,268.0
Q07973,W268S,0.9612,pathogenic,CYP24A1,268.0
Q07973,W268T,0.9857,pathogenic,CYP24A1,268.0
Q07973,W268V,0.9663,pathogenic,CYP24A1,268.0
Q07973,W268Y,0.7667,pathogenic,CYP24A1,268.0
Q07973,Q269A,0.226,benign,CYP24A1,269.0
Q07973,Q269C,0.3952,ambiguous,CYP24A1,269.0
Q07973,Q269D,0.474,ambiguous,CYP24A1,269.0
Q07973,Q269E,0.097,benign,CYP24A1,269.0
Q07973,Q269F,0.648,pathogenic,CYP24A1,269.0
Q07973,Q269G,0.2308,benign,CYP24A1,269.0
Q07973,Q269H,0.1693,benign,CYP24A1,269.0
Q07973,Q269I,0.3199,benign,CYP24A1,269.0
Q07973,Q269K,0.063,benign,CYP24A1,269.0
Q07973,Q269L,0.1279,benign,CYP24A1,269.0
Q07973,Q269M,0.3241,benign,CYP24A1,269.0
Q07973,Q269N,0.3118,benign,CYP24A1,269.0
Q07973,Q269P,0.734,pathogenic,CYP24A1,269.0
Q07973,Q269R,0.0579,benign,CYP24A1,269.0
Q07973,Q269S,0.3242,benign,CYP24A1,269.0
Q07973,Q269T,0.2159,benign,CYP24A1,269.0
Q07973,Q269V,0.2453,benign,CYP24A1,269.0
Q07973,Q269W,0.3366,benign,CYP24A1,269.0
Q07973,Q269Y,0.364,ambiguous,CYP24A1,269.0
Q07973,D270A,0.044,benign,CYP24A1,270.0
Q07973,D270C,0.2266,benign,CYP24A1,270.0
Q07973,D270E,0.0724,benign,CYP24A1,270.0
Q07973,D270F,0.2357,benign,CYP24A1,270.0
Q07973,D270G,0.1003,benign,CYP24A1,270.0
Q07973,D270H,0.0933,benign,CYP24A1,270.0
Q07973,D270I,0.1435,benign,CYP24A1,270.0
Q07973,D270K,0.0905,benign,CYP24A1,270.0
Q07973,D270L,0.1229,benign,CYP24A1,270.0
Q07973,D270M,0.1799,benign,CYP24A1,270.0
Q07973,D270N,0.0618,benign,CYP24A1,270.0
Q07973,D270P,0.803,pathogenic,CYP24A1,270.0
Q07973,D270Q,0.0823,benign,CYP24A1,270.0
Q07973,D270R,0.0892,benign,CYP24A1,270.0
Q07973,D270S,0.0598,benign,CYP24A1,270.0
Q07973,D270T,0.0743,benign,CYP24A1,270.0
Q07973,D270V,0.0846,benign,CYP24A1,270.0
Q07973,D270W,0.5029,ambiguous,CYP24A1,270.0
Q07973,D270Y,0.0942,benign,CYP24A1,270.0
Q07973,H271A,0.9455,pathogenic,CYP24A1,271.0
Q07973,H271C,0.5957,pathogenic,CYP24A1,271.0
Q07973,H271D,0.9511,pathogenic,CYP24A1,271.0
Q07973,H271E,0.9605,pathogenic,CYP24A1,271.0
Q07973,H271F,0.6303,pathogenic,CYP24A1,271.0
Q07973,H271G,0.955,pathogenic,CYP24A1,271.0
Q07973,H271I,0.9016,pathogenic,CYP24A1,271.0
Q07973,H271K,0.967,pathogenic,CYP24A1,271.0
Q07973,H271L,0.5907,pathogenic,CYP24A1,271.0
Q07973,H271M,0.8726,pathogenic,CYP24A1,271.0
Q07973,H271N,0.5841,pathogenic,CYP24A1,271.0
Q07973,H271P,0.9642,pathogenic,CYP24A1,271.0
Q07973,H271Q,0.8582,pathogenic,CYP24A1,271.0
Q07973,H271R,0.878,pathogenic,CYP24A1,271.0
Q07973,H271S,0.8888,pathogenic,CYP24A1,271.0
Q07973,H271T,0.9162,pathogenic,CYP24A1,271.0
Q07973,H271V,0.8879,pathogenic,CYP24A1,271.0
Q07973,H271W,0.8778,pathogenic,CYP24A1,271.0
Q07973,H271Y,0.3897,ambiguous,CYP24A1,271.0
Q07973,T272A,0.1047,benign,CYP24A1,272.0
Q07973,T272C,0.3044,benign,CYP24A1,272.0
Q07973,T272D,0.7232,pathogenic,CYP24A1,272.0
Q07973,T272E,0.4001,ambiguous,CYP24A1,272.0
Q07973,T272F,0.4699,ambiguous,CYP24A1,272.0
Q07973,T272G,0.3828,ambiguous,CYP24A1,272.0
Q07973,T272H,0.3845,ambiguous,CYP24A1,272.0
Q07973,T272I,0.1704,benign,CYP24A1,272.0
Q07973,T272K,0.278,benign,CYP24A1,272.0
Q07973,T272L,0.1452,benign,CYP24A1,272.0
Q07973,T272M,0.1098,benign,CYP24A1,272.0
Q07973,T272N,0.2542,benign,CYP24A1,272.0
Q07973,T272P,0.8396,pathogenic,CYP24A1,272.0
Q07973,T272Q,0.2729,benign,CYP24A1,272.0
Q07973,T272R,0.2195,benign,CYP24A1,272.0
Q07973,T272S,0.1634,benign,CYP24A1,272.0
Q07973,T272V,0.1327,benign,CYP24A1,272.0
Q07973,T272W,0.8546,pathogenic,CYP24A1,272.0
Q07973,T272Y,0.5219,ambiguous,CYP24A1,272.0
Q07973,L273A,0.0685,benign,CYP24A1,273.0
Q07973,L273C,0.1701,benign,CYP24A1,273.0
Q07973,L273D,0.1818,benign,CYP24A1,273.0
Q07973,L273E,0.0953,benign,CYP24A1,273.0
Q07973,L273F,0.0902,benign,CYP24A1,273.0
Q07973,L273G,0.149,benign,CYP24A1,273.0
Q07973,L273H,0.0647,benign,CYP24A1,273.0
Q07973,L273I,0.0755,benign,CYP24A1,273.0
Q07973,L273K,0.0598,benign,CYP24A1,273.0
Q07973,L273M,0.0746,benign,CYP24A1,273.0
Q07973,L273N,0.1121,benign,CYP24A1,273.0
Q07973,L273P,0.7143,pathogenic,CYP24A1,273.0
Q07973,L273Q,0.0511,benign,CYP24A1,273.0
Q07973,L273R,0.0483,benign,CYP24A1,273.0
Q07973,L273S,0.0785,benign,CYP24A1,273.0
Q07973,L273T,0.0737,benign,CYP24A1,273.0
Q07973,L273V,0.0707,benign,CYP24A1,273.0
Q07973,L273W,0.0993,benign,CYP24A1,273.0
Q07973,L273Y,0.1348,benign,CYP24A1,273.0
Q07973,A274C,0.5776,pathogenic,CYP24A1,274.0
Q07973,A274D,0.8978,pathogenic,CYP24A1,274.0
Q07973,A274E,0.9101,pathogenic,CYP24A1,274.0
Q07973,A274F,0.8683,pathogenic,CYP24A1,274.0
Q07973,A274G,0.2729,benign,CYP24A1,274.0
Q07973,A274H,0.8397,pathogenic,CYP24A1,274.0
Q07973,A274I,0.8683,pathogenic,CYP24A1,274.0
Q07973,A274K,0.9637,pathogenic,CYP24A1,274.0
Q07973,A274L,0.7824,pathogenic,CYP24A1,274.0
Q07973,A274M,0.8301,pathogenic,CYP24A1,274.0
Q07973,A274N,0.7895,pathogenic,CYP24A1,274.0
Q07973,A274P,0.9433,pathogenic,CYP24A1,274.0
Q07973,A274Q,0.8491,pathogenic,CYP24A1,274.0
Q07973,A274R,0.8991,pathogenic,CYP24A1,274.0
Q07973,A274S,0.1132,benign,CYP24A1,274.0
Q07973,A274T,0.4517,ambiguous,CYP24A1,274.0
Q07973,A274V,0.5743,pathogenic,CYP24A1,274.0
Q07973,A274W,0.9702,pathogenic,CYP24A1,274.0
Q07973,A274Y,0.8754,pathogenic,CYP24A1,274.0
Q07973,W275A,0.9125,pathogenic,CYP24A1,275.0
Q07973,W275C,0.9217,pathogenic,CYP24A1,275.0
Q07973,W275D,0.9975,pathogenic,CYP24A1,275.0
Q07973,W275E,0.991,pathogenic,CYP24A1,275.0
Q07973,W275F,0.6953,pathogenic,CYP24A1,275.0
Q07973,W275G,0.8457,pathogenic,CYP24A1,275.0
Q07973,W275H,0.9791,pathogenic,CYP24A1,275.0
Q07973,W275I,0.9605,pathogenic,CYP24A1,275.0
Q07973,W275K,0.9964,pathogenic,CYP24A1,275.0
Q07973,W275L,0.8602,pathogenic,CYP24A1,275.0
Q07973,W275M,0.9199,pathogenic,CYP24A1,275.0
Q07973,W275N,0.9878,pathogenic,CYP24A1,275.0
Q07973,W275P,0.9989,pathogenic,CYP24A1,275.0
Q07973,W275Q,0.9874,pathogenic,CYP24A1,275.0
Q07973,W275R,0.9898,pathogenic,CYP24A1,275.0
Q07973,W275S,0.8675,pathogenic,CYP24A1,275.0
Q07973,W275T,0.9463,pathogenic,CYP24A1,275.0
Q07973,W275V,0.9256,pathogenic,CYP24A1,275.0
Q07973,W275Y,0.8689,pathogenic,CYP24A1,275.0
Q07973,D276A,0.8627,pathogenic,CYP24A1,276.0
Q07973,D276C,0.9834,pathogenic,CYP24A1,276.0
Q07973,D276E,0.7033,pathogenic,CYP24A1,276.0
Q07973,D276F,0.99,pathogenic,CYP24A1,276.0
Q07973,D276G,0.7213,pathogenic,CYP24A1,276.0
Q07973,D276H,0.9177,pathogenic,CYP24A1,276.0
Q07973,D276I,0.9602,pathogenic,CYP24A1,276.0
Q07973,D276K,0.9176,pathogenic,CYP24A1,276.0
Q07973,D276L,0.9527,pathogenic,CYP24A1,276.0
Q07973,D276M,0.9818,pathogenic,CYP24A1,276.0
Q07973,D276N,0.3376,benign,CYP24A1,276.0
Q07973,D276P,0.9946,pathogenic,CYP24A1,276.0
Q07973,D276Q,0.9239,pathogenic,CYP24A1,276.0
Q07973,D276R,0.9328,pathogenic,CYP24A1,276.0
Q07973,D276S,0.7379,pathogenic,CYP24A1,276.0
Q07973,D276T,0.8809,pathogenic,CYP24A1,276.0
Q07973,D276V,0.8743,pathogenic,CYP24A1,276.0
Q07973,D276W,0.9962,pathogenic,CYP24A1,276.0
Q07973,D276Y,0.8668,pathogenic,CYP24A1,276.0
Q07973,T277A,0.0765,benign,CYP24A1,277.0
Q07973,T277C,0.2609,benign,CYP24A1,277.0
Q07973,T277D,0.2035,benign,CYP24A1,277.0
Q07973,T277E,0.1882,benign,CYP24A1,277.0
Q07973,T277F,0.1663,benign,CYP24A1,277.0
Q07973,T277G,0.1741,benign,CYP24A1,277.0
Q07973,T277H,0.1409,benign,CYP24A1,277.0
Q07973,T277I,0.1124,benign,CYP24A1,277.0
Q07973,T277K,0.1131,benign,CYP24A1,277.0
Q07973,T277L,0.0911,benign,CYP24A1,277.0
Q07973,T277M,0.0885,benign,CYP24A1,277.0
Q07973,T277N,0.087,benign,CYP24A1,277.0
Q07973,T277P,0.6377,pathogenic,CYP24A1,277.0
Q07973,T277Q,0.158,benign,CYP24A1,277.0
Q07973,T277R,0.0833,benign,CYP24A1,277.0
Q07973,T277S,0.1022,benign,CYP24A1,277.0
Q07973,T277V,0.1028,benign,CYP24A1,277.0
Q07973,T277W,0.45,ambiguous,CYP24A1,277.0
Q07973,T277Y,0.1613,benign,CYP24A1,277.0
Q07973,I278A,0.7357,pathogenic,CYP24A1,278.0
Q07973,I278C,0.9041,pathogenic,CYP24A1,278.0
Q07973,I278D,0.9911,pathogenic,CYP24A1,278.0
Q07973,I278E,0.9824,pathogenic,CYP24A1,278.0
Q07973,I278F,0.6414,pathogenic,CYP24A1,278.0
Q07973,I278G,0.9582,pathogenic,CYP24A1,278.0
Q07973,I278H,0.9701,pathogenic,CYP24A1,278.0
Q07973,I278K,0.9737,pathogenic,CYP24A1,278.0
Q07973,I278L,0.1975,benign,CYP24A1,278.0
Q07973,I278M,0.2275,benign,CYP24A1,278.0
Q07973,I278N,0.8636,pathogenic,CYP24A1,278.0
Q07973,I278P,0.9829,pathogenic,CYP24A1,278.0
Q07973,I278Q,0.9659,pathogenic,CYP24A1,278.0
Q07973,I278R,0.9521,pathogenic,CYP24A1,278.0
Q07973,I278S,0.791,pathogenic,CYP24A1,278.0
Q07973,I278T,0.7595,pathogenic,CYP24A1,278.0
Q07973,I278V,0.1111,benign,CYP24A1,278.0
Q07973,I278W,0.9874,pathogenic,CYP24A1,278.0
Q07973,I278Y,0.9331,pathogenic,CYP24A1,278.0
Q07973,F279A,0.9053,pathogenic,CYP24A1,279.0
Q07973,F279C,0.6262,pathogenic,CYP24A1,279.0
Q07973,F279D,0.9566,pathogenic,CYP24A1,279.0
Q07973,F279E,0.9426,pathogenic,CYP24A1,279.0
Q07973,F279G,0.9215,pathogenic,CYP24A1,279.0
Q07973,F279H,0.7498,pathogenic,CYP24A1,279.0
Q07973,F279I,0.6386,pathogenic,CYP24A1,279.0
Q07973,F279K,0.9529,pathogenic,CYP24A1,279.0
Q07973,F279L,0.9357,pathogenic,CYP24A1,279.0
Q07973,F279M,0.7793,pathogenic,CYP24A1,279.0
Q07973,F279N,0.8517,pathogenic,CYP24A1,279.0
Q07973,F279P,0.9981,pathogenic,CYP24A1,279.0
Q07973,F279Q,0.8849,pathogenic,CYP24A1,279.0
Q07973,F279R,0.8746,pathogenic,CYP24A1,279.0
Q07973,F279S,0.7577,pathogenic,CYP24A1,279.0
Q07973,F279T,0.8695,pathogenic,CYP24A1,279.0
Q07973,F279V,0.6338,pathogenic,CYP24A1,279.0
Q07973,F279W,0.603,pathogenic,CYP24A1,279.0
Q07973,F279Y,0.2392,benign,CYP24A1,279.0
Q07973,K280A,0.1241,benign,CYP24A1,280.0
Q07973,K280C,0.2659,benign,CYP24A1,280.0
Q07973,K280D,0.2229,benign,CYP24A1,280.0
Q07973,K280E,0.0901,benign,CYP24A1,280.0
Q07973,K280F,0.3646,ambiguous,CYP24A1,280.0
Q07973,K280G,0.1376,benign,CYP24A1,280.0
Q07973,K280H,0.1299,benign,CYP24A1,280.0
Q07973,K280I,0.1635,benign,CYP24A1,280.0
Q07973,K280L,0.1277,benign,CYP24A1,280.0
Q07973,K280M,0.1162,benign,CYP24A1,280.0
Q07973,K280N,0.1459,benign,CYP24A1,280.0
Q07973,K280P,0.6625,pathogenic,CYP24A1,280.0
Q07973,K280Q,0.0761,benign,CYP24A1,280.0
Q07973,K280R,0.0632,benign,CYP24A1,280.0
Q07973,K280S,0.1266,benign,CYP24A1,280.0
Q07973,K280T,0.0775,benign,CYP24A1,280.0
Q07973,K280V,0.1527,benign,CYP24A1,280.0
Q07973,K280W,0.36,ambiguous,CYP24A1,280.0
Q07973,K280Y,0.2572,benign,CYP24A1,280.0
Q07973,S281A,0.0733,benign,CYP24A1,281.0
Q07973,S281C,0.105,benign,CYP24A1,281.0
Q07973,S281D,0.3219,benign,CYP24A1,281.0
Q07973,S281E,0.3832,ambiguous,CYP24A1,281.0
Q07973,S281F,0.1909,benign,CYP24A1,281.0
Q07973,S281G,0.0961,benign,CYP24A1,281.0
Q07973,S281H,0.2925,benign,CYP24A1,281.0
Q07973,S281I,0.1877,benign,CYP24A1,281.0
Q07973,S281K,0.5758,pathogenic,CYP24A1,281.0
Q07973,S281L,0.1166,benign,CYP24A1,281.0
Q07973,S281M,0.195,benign,CYP24A1,281.0
Q07973,S281N,0.1417,benign,CYP24A1,281.0
Q07973,S281P,0.5945,pathogenic,CYP24A1,281.0
Q07973,S281Q,0.4556,ambiguous,CYP24A1,281.0
Q07973,S281R,0.4996,ambiguous,CYP24A1,281.0
Q07973,S281T,0.0739,benign,CYP24A1,281.0
Q07973,S281V,0.1643,benign,CYP24A1,281.0
Q07973,S281W,0.2765,benign,CYP24A1,281.0
Q07973,S281Y,0.125,benign,CYP24A1,281.0
Q07973,V282A,0.1468,benign,CYP24A1,282.0
Q07973,V282C,0.7771,pathogenic,CYP24A1,282.0
Q07973,V282D,0.8181,pathogenic,CYP24A1,282.0
Q07973,V282E,0.7009,pathogenic,CYP24A1,282.0
Q07973,V282F,0.5572,ambiguous,CYP24A1,282.0
Q07973,V282G,0.2484,benign,CYP24A1,282.0
Q07973,V282H,0.9143,pathogenic,CYP24A1,282.0
Q07973,V282I,0.1199,benign,CYP24A1,282.0
Q07973,V282K,0.8668,pathogenic,CYP24A1,282.0
Q07973,V282L,0.4804,ambiguous,CYP24A1,282.0
Q07973,V282M,0.2775,benign,CYP24A1,282.0
Q07973,V282N,0.5749,pathogenic,CYP24A1,282.0
Q07973,V282P,0.9408,pathogenic,CYP24A1,282.0
Q07973,V282Q,0.7154,pathogenic,CYP24A1,282.0
Q07973,V282R,0.8144,pathogenic,CYP24A1,282.0
Q07973,V282S,0.2234,benign,CYP24A1,282.0
Q07973,V282T,0.2006,benign,CYP24A1,282.0
Q07973,V282W,0.9787,pathogenic,CYP24A1,282.0
Q07973,V282Y,0.9151,pathogenic,CYP24A1,282.0
Q07973,K283A,0.4506,ambiguous,CYP24A1,283.0
Q07973,K283C,0.7017,pathogenic,CYP24A1,283.0
Q07973,K283D,0.834,pathogenic,CYP24A1,283.0
Q07973,K283E,0.2344,benign,CYP24A1,283.0
Q07973,K283F,0.8806,pathogenic,CYP24A1,283.0
Q07973,K283G,0.5523,ambiguous,CYP24A1,283.0
Q07973,K283H,0.4349,ambiguous,CYP24A1,283.0
Q07973,K283I,0.5727,pathogenic,CYP24A1,283.0
Q07973,K283L,0.5193,ambiguous,CYP24A1,283.0
Q07973,K283M,0.3135,benign,CYP24A1,283.0
Q07973,K283N,0.6608,pathogenic,CYP24A1,283.0
Q07973,K283P,0.9394,pathogenic,CYP24A1,283.0
Q07973,K283Q,0.1438,benign,CYP24A1,283.0
Q07973,K283R,0.0947,benign,CYP24A1,283.0
Q07973,K283S,0.5415,ambiguous,CYP24A1,283.0
Q07973,K283T,0.2802,benign,CYP24A1,283.0
Q07973,K283V,0.4924,ambiguous,CYP24A1,283.0
Q07973,K283W,0.8416,pathogenic,CYP24A1,283.0
Q07973,K283Y,0.7695,pathogenic,CYP24A1,283.0
Q07973,A284C,0.1615,benign,CYP24A1,284.0
Q07973,A284D,0.0855,benign,CYP24A1,284.0
Q07973,A284E,0.1045,benign,CYP24A1,284.0
Q07973,A284F,0.107,benign,CYP24A1,284.0
Q07973,A284G,0.0718,benign,CYP24A1,284.0
Q07973,A284H,0.1482,benign,CYP24A1,284.0
Q07973,A284I,0.0953,benign,CYP24A1,284.0
Q07973,A284K,0.1439,benign,CYP24A1,284.0
Q07973,A284L,0.0754,benign,CYP24A1,284.0
Q07973,A284M,0.1178,benign,CYP24A1,284.0
Q07973,A284N,0.0898,benign,CYP24A1,284.0
Q07973,A284P,0.1508,benign,CYP24A1,284.0
Q07973,A284Q,0.1417,benign,CYP24A1,284.0
Q07973,A284R,0.1296,benign,CYP24A1,284.0
Q07973,A284S,0.0656,benign,CYP24A1,284.0
Q07973,A284T,0.0634,benign,CYP24A1,284.0
Q07973,A284V,0.0692,benign,CYP24A1,284.0
Q07973,A284W,0.2357,benign,CYP24A1,284.0
Q07973,A284Y,0.1268,benign,CYP24A1,284.0
Q07973,C285A,0.1837,benign,CYP24A1,285.0
Q07973,C285D,0.297,benign,CYP24A1,285.0
Q07973,C285E,0.4666,ambiguous,CYP24A1,285.0
Q07973,C285F,0.1212,benign,CYP24A1,285.0
Q07973,C285G,0.0997,benign,CYP24A1,285.0
Q07973,C285H,0.2124,benign,CYP24A1,285.0
Q07973,C285I,0.327,benign,CYP24A1,285.0
Q07973,C285K,0.5038,ambiguous,CYP24A1,285.0
Q07973,C285L,0.2914,benign,CYP24A1,285.0
Q07973,C285M,0.4289,ambiguous,CYP24A1,285.0
Q07973,C285N,0.1932,benign,CYP24A1,285.0
Q07973,C285P,0.7659,pathogenic,CYP24A1,285.0
Q07973,C285Q,0.3283,benign,CYP24A1,285.0
Q07973,C285R,0.2325,benign,CYP24A1,285.0
Q07973,C285S,0.1047,benign,CYP24A1,285.0
Q07973,C285T,0.2196,benign,CYP24A1,285.0
Q07973,C285V,0.2654,benign,CYP24A1,285.0
Q07973,C285W,0.2988,benign,CYP24A1,285.0
Q07973,C285Y,0.1299,benign,CYP24A1,285.0
Q07973,I286A,0.262,benign,CYP24A1,286.0
Q07973,I286C,0.7319,pathogenic,CYP24A1,286.0
Q07973,I286D,0.9442,pathogenic,CYP24A1,286.0
Q07973,I286E,0.88,pathogenic,CYP24A1,286.0
Q07973,I286F,0.335,benign,CYP24A1,286.0
Q07973,I286G,0.7459,pathogenic,CYP24A1,286.0
Q07973,I286H,0.8652,pathogenic,CYP24A1,286.0
Q07973,I286K,0.8188,pathogenic,CYP24A1,286.0
Q07973,I286L,0.145,benign,CYP24A1,286.0
Q07973,I286M,0.1119,benign,CYP24A1,286.0
Q07973,I286N,0.6803,pathogenic,CYP24A1,286.0
Q07973,I286P,0.9059,pathogenic,CYP24A1,286.0
Q07973,I286Q,0.8128,pathogenic,CYP24A1,286.0
Q07973,I286R,0.7184,pathogenic,CYP24A1,286.0
Q07973,I286S,0.434,ambiguous,CYP24A1,286.0
Q07973,I286T,0.1467,benign,CYP24A1,286.0
Q07973,I286V,0.0559,benign,CYP24A1,286.0
Q07973,I286W,0.9032,pathogenic,CYP24A1,286.0
Q07973,I286Y,0.8027,pathogenic,CYP24A1,286.0
Q07973,D287A,0.1384,benign,CYP24A1,287.0
Q07973,D287C,0.3386,benign,CYP24A1,287.0
Q07973,D287E,0.1551,benign,CYP24A1,287.0
Q07973,D287F,0.5323,ambiguous,CYP24A1,287.0
Q07973,D287G,0.1274,benign,CYP24A1,287.0
Q07973,D287H,0.1669,benign,CYP24A1,287.0
Q07973,D287I,0.2753,benign,CYP24A1,287.0
Q07973,D287K,0.2564,benign,CYP24A1,287.0
Q07973,D287L,0.3194,benign,CYP24A1,287.0
Q07973,D287M,0.4557,ambiguous,CYP24A1,287.0
Q07973,D287N,0.0678,benign,CYP24A1,287.0
Q07973,D287P,0.7591,pathogenic,CYP24A1,287.0
Q07973,D287Q,0.2094,benign,CYP24A1,287.0
Q07973,D287R,0.2354,benign,CYP24A1,287.0
Q07973,D287S,0.0896,benign,CYP24A1,287.0
Q07973,D287T,0.1444,benign,CYP24A1,287.0
Q07973,D287V,0.1876,benign,CYP24A1,287.0
Q07973,D287W,0.7251,pathogenic,CYP24A1,287.0
Q07973,D287Y,0.1796,benign,CYP24A1,287.0
Q07973,N288A,0.0731,benign,CYP24A1,288.0
Q07973,N288C,0.0859,benign,CYP24A1,288.0
Q07973,N288D,0.0651,benign,CYP24A1,288.0
Q07973,N288E,0.1037,benign,CYP24A1,288.0
Q07973,N288F,0.1661,benign,CYP24A1,288.0
Q07973,N288G,0.0907,benign,CYP24A1,288.0
Q07973,N288H,0.0583,benign,CYP24A1,288.0
Q07973,N288I,0.0773,benign,CYP24A1,288.0
Q07973,N288K,0.08,benign,CYP24A1,288.0
Q07973,N288L,0.0891,benign,CYP24A1,288.0
Q07973,N288M,0.1375,benign,CYP24A1,288.0
Q07973,N288P,0.3705,ambiguous,CYP24A1,288.0
Q07973,N288Q,0.0992,benign,CYP24A1,288.0
Q07973,N288R,0.0801,benign,CYP24A1,288.0
Q07973,N288S,0.0534,benign,CYP24A1,288.0
Q07973,N288T,0.0621,benign,CYP24A1,288.0
Q07973,N288V,0.0813,benign,CYP24A1,288.0
Q07973,N288W,0.2734,benign,CYP24A1,288.0
Q07973,N288Y,0.0686,benign,CYP24A1,288.0
Q07973,R289A,0.2697,benign,CYP24A1,289.0
Q07973,R289C,0.1016,benign,CYP24A1,289.0
Q07973,R289D,0.4236,ambiguous,CYP24A1,289.0
Q07973,R289E,0.2327,benign,CYP24A1,289.0
Q07973,R289F,0.4094,ambiguous,CYP24A1,289.0
Q07973,R289G,0.1462,benign,CYP24A1,289.0
Q07973,R289H,0.0846,benign,CYP24A1,289.0
Q07973,R289I,0.2481,benign,CYP24A1,289.0
Q07973,R289K,0.1161,benign,CYP24A1,289.0
Q07973,R289L,0.2169,benign,CYP24A1,289.0
Q07973,R289M,0.3021,benign,CYP24A1,289.0
Q07973,R289N,0.3149,benign,CYP24A1,289.0
Q07973,R289P,0.6384,pathogenic,CYP24A1,289.0
Q07973,R289Q,0.0788,benign,CYP24A1,289.0
Q07973,R289S,0.243,benign,CYP24A1,289.0
Q07973,R289T,0.1796,benign,CYP24A1,289.0
Q07973,R289V,0.2983,benign,CYP24A1,289.0
Q07973,R289W,0.1574,benign,CYP24A1,289.0
Q07973,R289Y,0.2101,benign,CYP24A1,289.0
Q07973,L290A,0.2324,benign,CYP24A1,290.0
Q07973,L290C,0.4524,ambiguous,CYP24A1,290.0
Q07973,L290D,0.7197,pathogenic,CYP24A1,290.0
Q07973,L290E,0.2956,benign,CYP24A1,290.0
Q07973,L290F,0.1449,benign,CYP24A1,290.0
Q07973,L290G,0.4812,ambiguous,CYP24A1,290.0
Q07973,L290H,0.2798,benign,CYP24A1,290.0
Q07973,L290I,0.0944,benign,CYP24A1,290.0
Q07973,L290K,0.2477,benign,CYP24A1,290.0
Q07973,L290M,0.0894,benign,CYP24A1,290.0
Q07973,L290N,0.494,ambiguous,CYP24A1,290.0
Q07973,L290P,0.6757,pathogenic,CYP24A1,290.0
Q07973,L290Q,0.1569,benign,CYP24A1,290.0
Q07973,L290R,0.1798,benign,CYP24A1,290.0
Q07973,L290S,0.3142,benign,CYP24A1,290.0
Q07973,L290T,0.1936,benign,CYP24A1,290.0
Q07973,L290V,0.1001,benign,CYP24A1,290.0
Q07973,L290W,0.1879,benign,CYP24A1,290.0
Q07973,L290Y,0.3727,ambiguous,CYP24A1,290.0
Q07973,E291A,0.0806,benign,CYP24A1,291.0
Q07973,E291C,0.3522,ambiguous,CYP24A1,291.0
Q07973,E291D,0.0994,benign,CYP24A1,291.0
Q07973,E291F,0.3942,ambiguous,CYP24A1,291.0
Q07973,E291G,0.0606,benign,CYP24A1,291.0
Q07973,E291H,0.1603,benign,CYP24A1,291.0
Q07973,E291I,0.1749,benign,CYP24A1,291.0
Q07973,E291K,0.0679,benign,CYP24A1,291.0
Q07973,E291L,0.1457,benign,CYP24A1,291.0
Q07973,E291M,0.2077,benign,CYP24A1,291.0
Q07973,E291N,0.1283,benign,CYP24A1,291.0
Q07973,E291P,0.3525,ambiguous,CYP24A1,291.0
Q07973,E291Q,0.0677,benign,CYP24A1,291.0
Q07973,E291R,0.0882,benign,CYP24A1,291.0
Q07973,E291S,0.1031,benign,CYP24A1,291.0
Q07973,E291T,0.1136,benign,CYP24A1,291.0
Q07973,E291V,0.1116,benign,CYP24A1,291.0
Q07973,E291W,0.4232,ambiguous,CYP24A1,291.0
Q07973,E291Y,0.2569,benign,CYP24A1,291.0
Q07973,K292A,0.1217,benign,CYP24A1,292.0
Q07973,K292C,0.2891,benign,CYP24A1,292.0
Q07973,K292D,0.176,benign,CYP24A1,292.0
Q07973,K292E,0.0798,benign,CYP24A1,292.0
Q07973,K292F,0.3426,ambiguous,CYP24A1,292.0
Q07973,K292G,0.1417,benign,CYP24A1,292.0
Q07973,K292H,0.1383,benign,CYP24A1,292.0
Q07973,K292I,0.1189,benign,CYP24A1,292.0
Q07973,K292L,0.1306,benign,CYP24A1,292.0
Q07973,K292M,0.0903,benign,CYP24A1,292.0
Q07973,K292N,0.1056,benign,CYP24A1,292.0
Q07973,K292P,0.382,ambiguous,CYP24A1,292.0
Q07973,K292Q,0.0817,benign,CYP24A1,292.0
Q07973,K292R,0.0675,benign,CYP24A1,292.0
Q07973,K292S,0.1274,benign,CYP24A1,292.0
Q07973,K292T,0.0719,benign,CYP24A1,292.0
Q07973,K292V,0.1282,benign,CYP24A1,292.0
Q07973,K292W,0.378,ambiguous,CYP24A1,292.0
Q07973,K292Y,0.23,benign,CYP24A1,292.0
Q07973,Y293A,0.1612,benign,CYP24A1,293.0
Q07973,Y293C,0.0757,benign,CYP24A1,293.0
Q07973,Y293D,0.091,benign,CYP24A1,293.0
Q07973,Y293E,0.2319,benign,CYP24A1,293.0
Q07973,Y293F,0.0976,benign,CYP24A1,293.0
Q07973,Y293G,0.1397,benign,CYP24A1,293.0
Q07973,Y293H,0.0841,benign,CYP24A1,293.0
Q07973,Y293I,0.1896,benign,CYP24A1,293.0
Q07973,Y293K,0.2353,benign,CYP24A1,293.0
Q07973,Y293L,0.2301,benign,CYP24A1,293.0
Q07973,Y293M,0.3272,benign,CYP24A1,293.0
Q07973,Y293N,0.0675,benign,CYP24A1,293.0
Q07973,Y293P,0.2773,benign,CYP24A1,293.0
Q07973,Y293Q,0.1783,benign,CYP24A1,293.0
Q07973,Y293R,0.1635,benign,CYP24A1,293.0
Q07973,Y293S,0.0839,benign,CYP24A1,293.0
Q07973,Y293T,0.1437,benign,CYP24A1,293.0
Q07973,Y293V,0.1599,benign,CYP24A1,293.0
Q07973,Y293W,0.2607,benign,CYP24A1,293.0
Q07973,S294A,0.0644,benign,CYP24A1,294.0
Q07973,S294C,0.0774,benign,CYP24A1,294.0
Q07973,S294D,0.1399,benign,CYP24A1,294.0
Q07973,S294E,0.1728,benign,CYP24A1,294.0
Q07973,S294F,0.1143,benign,CYP24A1,294.0
Q07973,S294G,0.0757,benign,CYP24A1,294.0
Q07973,S294H,0.1346,benign,CYP24A1,294.0
Q07973,S294I,0.1037,benign,CYP24A1,294.0
Q07973,S294K,0.2144,benign,CYP24A1,294.0
Q07973,S294L,0.0751,benign,CYP24A1,294.0
Q07973,S294M,0.1522,benign,CYP24A1,294.0
Q07973,S294N,0.1052,benign,CYP24A1,294.0
Q07973,S294P,0.0891,benign,CYP24A1,294.0
Q07973,S294Q,0.1891,benign,CYP24A1,294.0
Q07973,S294R,0.1674,benign,CYP24A1,294.0
Q07973,S294T,0.0748,benign,CYP24A1,294.0
Q07973,S294V,0.1039,benign,CYP24A1,294.0
Q07973,S294W,0.1365,benign,CYP24A1,294.0
Q07973,S294Y,0.0906,benign,CYP24A1,294.0
Q07973,Q295A,0.0879,benign,CYP24A1,295.0
Q07973,Q295C,0.1944,benign,CYP24A1,295.0
Q07973,Q295D,0.1167,benign,CYP24A1,295.0
Q07973,Q295E,0.0606,benign,CYP24A1,295.0
Q07973,Q295F,0.2969,benign,CYP24A1,295.0
Q07973,Q295G,0.0769,benign,CYP24A1,295.0
Q07973,Q295H,0.0939,benign,CYP24A1,295.0
Q07973,Q295I,0.1632,benign,CYP24A1,295.0
Q07973,Q295K,0.0696,benign,CYP24A1,295.0
Q07973,Q295L,0.075,benign,CYP24A1,295.0
Q07973,Q295M,0.1787,benign,CYP24A1,295.0
Q07973,Q295N,0.1267,benign,CYP24A1,295.0
Q07973,Q295P,0.0787,benign,CYP24A1,295.0
Q07973,Q295R,0.0651,benign,CYP24A1,295.0
Q07973,Q295S,0.0903,benign,CYP24A1,295.0
Q07973,Q295T,0.0901,benign,CYP24A1,295.0
Q07973,Q295V,0.1098,benign,CYP24A1,295.0
Q07973,Q295W,0.1698,benign,CYP24A1,295.0
Q07973,Q295Y,0.1709,benign,CYP24A1,295.0
Q07973,Q296A,0.1039,benign,CYP24A1,296.0
Q07973,Q296C,0.1915,benign,CYP24A1,296.0
Q07973,Q296D,0.1205,benign,CYP24A1,296.0
Q07973,Q296E,0.0669,benign,CYP24A1,296.0
Q07973,Q296F,0.2542,benign,CYP24A1,296.0
Q07973,Q296G,0.1102,benign,CYP24A1,296.0
Q07973,Q296H,0.0851,benign,CYP24A1,296.0
Q07973,Q296I,0.1526,benign,CYP24A1,296.0
Q07973,Q296K,0.0721,benign,CYP24A1,296.0
Q07973,Q296L,0.0752,benign,CYP24A1,296.0
Q07973,Q296M,0.1719,benign,CYP24A1,296.0
Q07973,Q296N,0.1069,benign,CYP24A1,296.0
Q07973,Q296P,0.1007,benign,CYP24A1,296.0
Q07973,Q296R,0.0739,benign,CYP24A1,296.0
Q07973,Q296S,0.1008,benign,CYP24A1,296.0
Q07973,Q296T,0.0955,benign,CYP24A1,296.0
Q07973,Q296V,0.1111,benign,CYP24A1,296.0
Q07973,Q296W,0.1797,benign,CYP24A1,296.0
Q07973,Q296Y,0.135,benign,CYP24A1,296.0
Q07973,P297A,0.0695,benign,CYP24A1,297.0
Q07973,P297C,0.2255,benign,CYP24A1,297.0
Q07973,P297D,0.1858,benign,CYP24A1,297.0
Q07973,P297E,0.1373,benign,CYP24A1,297.0
Q07973,P297F,0.2549,benign,CYP24A1,297.0
Q07973,P297G,0.1559,benign,CYP24A1,297.0
Q07973,P297H,0.1116,benign,CYP24A1,297.0
Q07973,P297I,0.1802,benign,CYP24A1,297.0
Q07973,P297K,0.1382,benign,CYP24A1,297.0
Q07973,P297L,0.0906,benign,CYP24A1,297.0
Q07973,P297M,0.1971,benign,CYP24A1,297.0
Q07973,P297N,0.1635,benign,CYP24A1,297.0
Q07973,P297Q,0.1012,benign,CYP24A1,297.0
Q07973,P297R,0.0964,benign,CYP24A1,297.0
Q07973,P297S,0.0854,benign,CYP24A1,297.0
Q07973,P297T,0.0757,benign,CYP24A1,297.0
Q07973,P297V,0.1293,benign,CYP24A1,297.0
Q07973,P297W,0.3233,benign,CYP24A1,297.0
Q07973,P297Y,0.2034,benign,CYP24A1,297.0
Q07973,S298A,0.0601,benign,CYP24A1,298.0
Q07973,S298C,0.066,benign,CYP24A1,298.0
Q07973,S298D,0.0785,benign,CYP24A1,298.0
Q07973,S298E,0.112,benign,CYP24A1,298.0
Q07973,S298F,0.1404,benign,CYP24A1,298.0
Q07973,S298G,0.049,benign,CYP24A1,298.0
Q07973,S298H,0.1046,benign,CYP24A1,298.0
Q07973,S298I,0.0925,benign,CYP24A1,298.0
Q07973,S298K,0.1345,benign,CYP24A1,298.0
Q07973,S298L,0.0966,benign,CYP24A1,298.0
Q07973,S298M,0.139,benign,CYP24A1,298.0
Q07973,S298N,0.0718,benign,CYP24A1,298.0
Q07973,S298P,0.1079,benign,CYP24A1,298.0
Q07973,S298Q,0.1374,benign,CYP24A1,298.0
Q07973,S298R,0.1097,benign,CYP24A1,298.0
Q07973,S298T,0.0662,benign,CYP24A1,298.0
Q07973,S298V,0.0855,benign,CYP24A1,298.0
Q07973,S298W,0.1595,benign,CYP24A1,298.0
Q07973,S298Y,0.0984,benign,CYP24A1,298.0
Q07973,A299C,0.1959,benign,CYP24A1,299.0
Q07973,A299D,0.0889,benign,CYP24A1,299.0
Q07973,A299E,0.0868,benign,CYP24A1,299.0
Q07973,A299F,0.1561,benign,CYP24A1,299.0
Q07973,A299G,0.0795,benign,CYP24A1,299.0
Q07973,A299H,0.1463,benign,CYP24A1,299.0
Q07973,A299I,0.1095,benign,CYP24A1,299.0
Q07973,A299K,0.1054,benign,CYP24A1,299.0
Q07973,A299L,0.0895,benign,CYP24A1,299.0
Q07973,A299M,0.102,benign,CYP24A1,299.0
Q07973,A299N,0.1034,benign,CYP24A1,299.0
Q07973,A299P,0.0982,benign,CYP24A1,299.0
Q07973,A299Q,0.115,benign,CYP24A1,299.0
Q07973,A299R,0.1035,benign,CYP24A1,299.0
Q07973,A299S,0.071,benign,CYP24A1,299.0
Q07973,A299T,0.0622,benign,CYP24A1,299.0
Q07973,A299V,0.074,benign,CYP24A1,299.0
Q07973,A299W,0.2672,benign,CYP24A1,299.0
Q07973,A299Y,0.1757,benign,CYP24A1,299.0
Q07973,D300A,0.2729,benign,CYP24A1,300.0
Q07973,D300C,0.5948,pathogenic,CYP24A1,300.0
Q07973,D300E,0.4339,ambiguous,CYP24A1,300.0
Q07973,D300F,0.7473,pathogenic,CYP24A1,300.0
Q07973,D300G,0.2412,benign,CYP24A1,300.0
Q07973,D300H,0.463,ambiguous,CYP24A1,300.0
Q07973,D300I,0.5896,pathogenic,CYP24A1,300.0
Q07973,D300K,0.7464,pathogenic,CYP24A1,300.0
Q07973,D300L,0.5956,pathogenic,CYP24A1,300.0
Q07973,D300M,0.8181,pathogenic,CYP24A1,300.0
Q07973,D300N,0.1727,benign,CYP24A1,300.0
Q07973,D300P,0.7402,pathogenic,CYP24A1,300.0
Q07973,D300Q,0.6656,pathogenic,CYP24A1,300.0
Q07973,D300R,0.6744,pathogenic,CYP24A1,300.0
Q07973,D300S,0.1867,benign,CYP24A1,300.0
Q07973,D300T,0.3963,ambiguous,CYP24A1,300.0
Q07973,D300V,0.3556,ambiguous,CYP24A1,300.0
Q07973,D300W,0.9377,pathogenic,CYP24A1,300.0
Q07973,D300Y,0.3585,ambiguous,CYP24A1,300.0
Q07973,F301A,0.6484,pathogenic,CYP24A1,301.0
Q07973,F301C,0.4582,ambiguous,CYP24A1,301.0
Q07973,F301D,0.8431,pathogenic,CYP24A1,301.0
Q07973,F301E,0.9108,pathogenic,CYP24A1,301.0
Q07973,F301G,0.807,pathogenic,CYP24A1,301.0
Q07973,F301H,0.7802,pathogenic,CYP24A1,301.0
Q07973,F301I,0.1275,benign,CYP24A1,301.0
Q07973,F301K,0.9216,pathogenic,CYP24A1,301.0
Q07973,F301L,0.5676,pathogenic,CYP24A1,301.0
Q07973,F301M,0.4046,ambiguous,CYP24A1,301.0
Q07973,F301N,0.7756,pathogenic,CYP24A1,301.0
Q07973,F301P,0.8711,pathogenic,CYP24A1,301.0
Q07973,F301Q,0.8978,pathogenic,CYP24A1,301.0
Q07973,F301R,0.8704,pathogenic,CYP24A1,301.0
Q07973,F301S,0.6027,pathogenic,CYP24A1,301.0
Q07973,F301T,0.5713,pathogenic,CYP24A1,301.0
Q07973,F301V,0.1634,benign,CYP24A1,301.0
Q07973,F301W,0.5327,ambiguous,CYP24A1,301.0
Q07973,F301Y,0.2527,benign,CYP24A1,301.0
Q07973,L302A,0.5482,ambiguous,CYP24A1,302.0
Q07973,L302C,0.64,pathogenic,CYP24A1,302.0
Q07973,L302D,0.9547,pathogenic,CYP24A1,302.0
Q07973,L302E,0.8526,pathogenic,CYP24A1,302.0
Q07973,L302F,0.1941,benign,CYP24A1,302.0
Q07973,L302G,0.8109,pathogenic,CYP24A1,302.0
Q07973,L302H,0.6006,pathogenic,CYP24A1,302.0
Q07973,L302I,0.0942,benign,CYP24A1,302.0
Q07973,L302K,0.843,pathogenic,CYP24A1,302.0
Q07973,L302M,0.2035,benign,CYP24A1,302.0
Q07973,L302N,0.8287,pathogenic,CYP24A1,302.0
Q07973,L302P,0.5251,ambiguous,CYP24A1,302.0
Q07973,L302Q,0.6121,pathogenic,CYP24A1,302.0
Q07973,L302R,0.6709,pathogenic,CYP24A1,302.0
Q07973,L302S,0.6379,pathogenic,CYP24A1,302.0
Q07973,L302T,0.5026,ambiguous,CYP24A1,302.0
Q07973,L302V,0.124,benign,CYP24A1,302.0
Q07973,L302W,0.4437,ambiguous,CYP24A1,302.0
Q07973,L302Y,0.6143,pathogenic,CYP24A1,302.0
Q07973,C303A,0.1604,benign,CYP24A1,303.0
Q07973,C303D,0.3124,benign,CYP24A1,303.0
Q07973,C303E,0.4412,ambiguous,CYP24A1,303.0
Q07973,C303F,0.1404,benign,CYP24A1,303.0
Q07973,C303G,0.063,benign,CYP24A1,303.0
Q07973,C303H,0.2213,benign,CYP24A1,303.0
Q07973,C303I,0.3566,ambiguous,CYP24A1,303.0
Q07973,C303K,0.4507,ambiguous,CYP24A1,303.0
Q07973,C303L,0.3008,benign,CYP24A1,303.0
Q07973,C303M,0.4414,ambiguous,CYP24A1,303.0
Q07973,C303N,0.2318,benign,CYP24A1,303.0
Q07973,C303P,0.6289,pathogenic,CYP24A1,303.0
Q07973,C303Q,0.3091,benign,CYP24A1,303.0
Q07973,C303R,0.2029,benign,CYP24A1,303.0
Q07973,C303S,0.1122,benign,CYP24A1,303.0
Q07973,C303T,0.2209,benign,CYP24A1,303.0
Q07973,C303V,0.2975,benign,CYP24A1,303.0
Q07973,C303W,0.1952,benign,CYP24A1,303.0
Q07973,C303Y,0.1319,benign,CYP24A1,303.0
Q07973,D304A,0.1324,benign,CYP24A1,304.0
Q07973,D304C,0.3722,ambiguous,CYP24A1,304.0
Q07973,D304E,0.1484,benign,CYP24A1,304.0
Q07973,D304F,0.4549,ambiguous,CYP24A1,304.0
Q07973,D304G,0.1329,benign,CYP24A1,304.0
Q07973,D304H,0.1527,benign,CYP24A1,304.0
Q07973,D304I,0.3189,benign,CYP24A1,304.0
Q07973,D304K,0.3075,benign,CYP24A1,304.0
Q07973,D304L,0.3413,ambiguous,CYP24A1,304.0
Q07973,D304M,0.4822,ambiguous,CYP24A1,304.0
Q07973,D304N,0.0862,benign,CYP24A1,304.0
Q07973,D304P,0.7215,pathogenic,CYP24A1,304.0
Q07973,D304Q,0.2369,benign,CYP24A1,304.0
Q07973,D304R,0.2778,benign,CYP24A1,304.0
Q07973,D304S,0.0974,benign,CYP24A1,304.0
Q07973,D304T,0.1796,benign,CYP24A1,304.0
Q07973,D304V,0.2007,benign,CYP24A1,304.0
Q07973,D304W,0.7336,pathogenic,CYP24A1,304.0
Q07973,D304Y,0.167,benign,CYP24A1,304.0
Q07973,I305A,0.4418,ambiguous,CYP24A1,305.0
Q07973,I305C,0.6878,pathogenic,CYP24A1,305.0
Q07973,I305D,0.9003,pathogenic,CYP24A1,305.0
Q07973,I305E,0.8753,pathogenic,CYP24A1,305.0
Q07973,I305F,0.2436,benign,CYP24A1,305.0
Q07973,I305G,0.7938,pathogenic,CYP24A1,305.0
Q07973,I305H,0.7747,pathogenic,CYP24A1,305.0
Q07973,I305K,0.8087,pathogenic,CYP24A1,305.0
Q07973,I305L,0.1231,benign,CYP24A1,305.0
Q07973,I305M,0.1266,benign,CYP24A1,305.0
Q07973,I305N,0.5376,ambiguous,CYP24A1,305.0
Q07973,I305P,0.9067,pathogenic,CYP24A1,305.0
Q07973,I305Q,0.807,pathogenic,CYP24A1,305.0
Q07973,I305R,0.7104,pathogenic,CYP24A1,305.0
Q07973,I305S,0.4867,ambiguous,CYP24A1,305.0
Q07973,I305T,0.3673,ambiguous,CYP24A1,305.0
Q07973,I305V,0.0858,benign,CYP24A1,305.0
Q07973,I305W,0.8865,pathogenic,CYP24A1,305.0
Q07973,I305Y,0.6483,pathogenic,CYP24A1,305.0
Q07973,Y306A,0.2159,benign,CYP24A1,306.0
Q07973,Y306C,0.073,benign,CYP24A1,306.0
Q07973,Y306D,0.1921,benign,CYP24A1,306.0
Q07973,Y306E,0.3973,ambiguous,CYP24A1,306.0
Q07973,Y306F,0.0922,benign,CYP24A1,306.0
Q07973,Y306G,0.2222,benign,CYP24A1,306.0
Q07973,Y306H,0.0988,benign,CYP24A1,306.0
Q07973,Y306I,0.2311,benign,CYP24A1,306.0
Q07973,Y306K,0.3639,ambiguous,CYP24A1,306.0
Q07973,Y306L,0.2179,benign,CYP24A1,306.0
Q07973,Y306M,0.4201,ambiguous,CYP24A1,306.0
Q07973,Y306N,0.1506,benign,CYP24A1,306.0
Q07973,Y306P,0.6236,pathogenic,CYP24A1,306.0
Q07973,Y306Q,0.2301,benign,CYP24A1,306.0
Q07973,Y306R,0.1958,benign,CYP24A1,306.0
Q07973,Y306S,0.0997,benign,CYP24A1,306.0
Q07973,Y306T,0.2241,benign,CYP24A1,306.0
Q07973,Y306V,0.207,benign,CYP24A1,306.0
Q07973,Y306W,0.2554,benign,CYP24A1,306.0
Q07973,H307A,0.1027,benign,CYP24A1,307.0
Q07973,H307C,0.0774,benign,CYP24A1,307.0
Q07973,H307D,0.0868,benign,CYP24A1,307.0
Q07973,H307E,0.097,benign,CYP24A1,307.0
Q07973,H307F,0.1475,benign,CYP24A1,307.0
Q07973,H307G,0.0973,benign,CYP24A1,307.0
Q07973,H307I,0.1354,benign,CYP24A1,307.0
Q07973,H307K,0.0989,benign,CYP24A1,307.0
Q07973,H307L,0.0701,benign,CYP24A1,307.0
Q07973,H307M,0.2154,benign,CYP24A1,307.0
Q07973,H307N,0.0749,benign,CYP24A1,307.0
Q07973,H307P,0.1569,benign,CYP24A1,307.0
Q07973,H307Q,0.0731,benign,CYP24A1,307.0
Q07973,H307R,0.06,benign,CYP24A1,307.0
Q07973,H307S,0.083,benign,CYP24A1,307.0
Q07973,H307T,0.0985,benign,CYP24A1,307.0
Q07973,H307V,0.1119,benign,CYP24A1,307.0
Q07973,H307W,0.1651,benign,CYP24A1,307.0
Q07973,H307Y,0.07,benign,CYP24A1,307.0
Q07973,Q308A,0.1129,benign,CYP24A1,308.0
Q07973,Q308C,0.1395,benign,CYP24A1,308.0
Q07973,Q308D,0.1006,benign,CYP24A1,308.0
Q07973,Q308E,0.0651,benign,CYP24A1,308.0
Q07973,Q308F,0.3112,benign,CYP24A1,308.0
Q07973,Q308G,0.0873,benign,CYP24A1,308.0
Q07973,Q308H,0.0666,benign,CYP24A1,308.0
Q07973,Q308I,0.2346,benign,CYP24A1,308.0
Q07973,Q308K,0.0758,benign,CYP24A1,308.0
Q07973,Q308L,0.1094,benign,CYP24A1,308.0
Q07973,Q308M,0.2578,benign,CYP24A1,308.0
Q07973,Q308N,0.0922,benign,CYP24A1,308.0
Q07973,Q308P,0.1167,benign,CYP24A1,308.0
Q07973,Q308R,0.0618,benign,CYP24A1,308.0
Q07973,Q308S,0.1004,benign,CYP24A1,308.0
Q07973,Q308T,0.1054,benign,CYP24A1,308.0
Q07973,Q308V,0.1597,benign,CYP24A1,308.0
Q07973,Q308W,0.1839,benign,CYP24A1,308.0
Q07973,Q308Y,0.1449,benign,CYP24A1,308.0
Q07973,N309A,0.1033,benign,CYP24A1,309.0
Q07973,N309C,0.1,benign,CYP24A1,309.0
Q07973,N309D,0.0692,benign,CYP24A1,309.0
Q07973,N309E,0.1187,benign,CYP24A1,309.0
Q07973,N309F,0.2977,benign,CYP24A1,309.0
Q07973,N309G,0.1048,benign,CYP24A1,309.0
Q07973,N309H,0.0623,benign,CYP24A1,309.0
Q07973,N309I,0.1346,benign,CYP24A1,309.0
Q07973,N309K,0.0974,benign,CYP24A1,309.0
Q07973,N309L,0.155,benign,CYP24A1,309.0
Q07973,N309M,0.2178,benign,CYP24A1,309.0
Q07973,N309P,0.1779,benign,CYP24A1,309.0
Q07973,N309Q,0.1141,benign,CYP24A1,309.0
Q07973,N309R,0.1105,benign,CYP24A1,309.0
Q07973,N309S,0.0642,benign,CYP24A1,309.0
Q07973,N309T,0.0769,benign,CYP24A1,309.0
Q07973,N309V,0.1258,benign,CYP24A1,309.0
Q07973,N309W,0.3762,ambiguous,CYP24A1,309.0
Q07973,N309Y,0.0866,benign,CYP24A1,309.0
Q07973,R310A,0.0876,benign,CYP24A1,310.0
Q07973,R310C,0.0747,benign,CYP24A1,310.0
Q07973,R310D,0.1081,benign,CYP24A1,310.0
Q07973,R310E,0.0935,benign,CYP24A1,310.0
Q07973,R310F,0.1727,benign,CYP24A1,310.0
Q07973,R310G,0.0564,benign,CYP24A1,310.0
Q07973,R310H,0.0603,benign,CYP24A1,310.0
Q07973,R310I,0.1034,benign,CYP24A1,310.0
Q07973,R310K,0.0686,benign,CYP24A1,310.0
Q07973,R310L,0.0845,benign,CYP24A1,310.0
Q07973,R310M,0.1174,benign,CYP24A1,310.0
Q07973,R310N,0.1078,benign,CYP24A1,310.0
Q07973,R310P,0.1117,benign,CYP24A1,310.0
Q07973,R310Q,0.0602,benign,CYP24A1,310.0
Q07973,R310S,0.0872,benign,CYP24A1,310.0
Q07973,R310T,0.0707,benign,CYP24A1,310.0
Q07973,R310V,0.1089,benign,CYP24A1,310.0
Q07973,R310W,0.09,benign,CYP24A1,310.0
Q07973,R310Y,0.1135,benign,CYP24A1,310.0
Q07973,L311A,0.6884,pathogenic,CYP24A1,311.0
Q07973,L311C,0.7056,pathogenic,CYP24A1,311.0
Q07973,L311D,0.9432,pathogenic,CYP24A1,311.0
Q07973,L311E,0.8341,pathogenic,CYP24A1,311.0
Q07973,L311F,0.1876,benign,CYP24A1,311.0
Q07973,L311G,0.8409,pathogenic,CYP24A1,311.0
Q07973,L311H,0.6406,pathogenic,CYP24A1,311.0
Q07973,L311I,0.121,benign,CYP24A1,311.0
Q07973,L311K,0.785,pathogenic,CYP24A1,311.0
Q07973,L311M,0.1684,benign,CYP24A1,311.0
Q07973,L311N,0.8294,pathogenic,CYP24A1,311.0
Q07973,L311P,0.6255,pathogenic,CYP24A1,311.0
Q07973,L311Q,0.609,pathogenic,CYP24A1,311.0
Q07973,L311R,0.652,pathogenic,CYP24A1,311.0
Q07973,L311S,0.8008,pathogenic,CYP24A1,311.0
Q07973,L311T,0.6866,pathogenic,CYP24A1,311.0
Q07973,L311V,0.1623,benign,CYP24A1,311.0
Q07973,L311W,0.4406,ambiguous,CYP24A1,311.0
Q07973,L311Y,0.5646,pathogenic,CYP24A1,311.0
Q07973,S312A,0.1278,benign,CYP24A1,312.0
Q07973,S312C,0.1219,benign,CYP24A1,312.0
Q07973,S312D,0.2479,benign,CYP24A1,312.0
Q07973,S312E,0.4233,ambiguous,CYP24A1,312.0
Q07973,S312F,0.403,ambiguous,CYP24A1,312.0
Q07973,S312G,0.0872,benign,CYP24A1,312.0
Q07973,S312H,0.3851,ambiguous,CYP24A1,312.0
Q07973,S312I,0.443,ambiguous,CYP24A1,312.0
Q07973,S312K,0.6125,pathogenic,CYP24A1,312.0
Q07973,S312L,0.1411,benign,CYP24A1,312.0
Q07973,S312M,0.3168,benign,CYP24A1,312.0
Q07973,S312N,0.1386,benign,CYP24A1,312.0
Q07973,S312P,0.177,benign,CYP24A1,312.0
Q07973,S312Q,0.4879,ambiguous,CYP24A1,312.0
Q07973,S312R,0.5341,ambiguous,CYP24A1,312.0
Q07973,S312T,0.0746,benign,CYP24A1,312.0
Q07973,S312V,0.3598,ambiguous,CYP24A1,312.0
Q07973,S312W,0.3939,ambiguous,CYP24A1,312.0
Q07973,S312Y,0.272,benign,CYP24A1,312.0
Q07973,K313A,0.2221,benign,CYP24A1,313.0
Q07973,K313C,0.4908,ambiguous,CYP24A1,313.0
Q07973,K313D,0.3896,ambiguous,CYP24A1,313.0
Q07973,K313E,0.0958,benign,CYP24A1,313.0
Q07973,K313F,0.5801,pathogenic,CYP24A1,313.0
Q07973,K313G,0.232,benign,CYP24A1,313.0
Q07973,K313H,0.2487,benign,CYP24A1,313.0
Q07973,K313I,0.2452,benign,CYP24A1,313.0
Q07973,K313L,0.2041,benign,CYP24A1,313.0
Q07973,K313M,0.1646,benign,CYP24A1,313.0
Q07973,K313N,0.3346,benign,CYP24A1,313.0
Q07973,K313P,0.2945,benign,CYP24A1,313.0
Q07973,K313Q,0.0979,benign,CYP24A1,313.0
Q07973,K313R,0.0631,benign,CYP24A1,313.0
Q07973,K313S,0.2679,benign,CYP24A1,313.0
Q07973,K313T,0.1391,benign,CYP24A1,313.0
Q07973,K313V,0.2034,benign,CYP24A1,313.0
Q07973,K313W,0.4854,ambiguous,CYP24A1,313.0
Q07973,K313Y,0.4302,ambiguous,CYP24A1,313.0
Q07973,K314A,0.2304,benign,CYP24A1,314.0
Q07973,K314C,0.6368,pathogenic,CYP24A1,314.0
Q07973,K314D,0.3402,ambiguous,CYP24A1,314.0
Q07973,K314E,0.1018,benign,CYP24A1,314.0
Q07973,K314F,0.7439,pathogenic,CYP24A1,314.0
Q07973,K314G,0.3274,benign,CYP24A1,314.0
Q07973,K314H,0.3244,benign,CYP24A1,314.0
Q07973,K314I,0.272,benign,CYP24A1,314.0
Q07973,K314L,0.2894,benign,CYP24A1,314.0
Q07973,K314M,0.1648,benign,CYP24A1,314.0
Q07973,K314N,0.2708,benign,CYP24A1,314.0
Q07973,K314P,0.447,ambiguous,CYP24A1,314.0
Q07973,K314Q,0.1179,benign,CYP24A1,314.0
Q07973,K314R,0.092,benign,CYP24A1,314.0
Q07973,K314S,0.2899,benign,CYP24A1,314.0
Q07973,K314T,0.0956,benign,CYP24A1,314.0
Q07973,K314V,0.2363,benign,CYP24A1,314.0
Q07973,K314W,0.6876,pathogenic,CYP24A1,314.0
Q07973,K314Y,0.562,ambiguous,CYP24A1,314.0
Q07973,E315A,0.3499,ambiguous,CYP24A1,315.0
Q07973,E315C,0.9336,pathogenic,CYP24A1,315.0
Q07973,E315D,0.2844,benign,CYP24A1,315.0
Q07973,E315F,0.9479,pathogenic,CYP24A1,315.0
Q07973,E315G,0.4901,ambiguous,CYP24A1,315.0
Q07973,E315H,0.8326,pathogenic,CYP24A1,315.0
Q07973,E315I,0.7268,pathogenic,CYP24A1,315.0
Q07973,E315K,0.6618,pathogenic,CYP24A1,315.0
Q07973,E315L,0.7567,pathogenic,CYP24A1,315.0
Q07973,E315M,0.7723,pathogenic,CYP24A1,315.0
Q07973,E315N,0.6248,pathogenic,CYP24A1,315.0
Q07973,E315P,0.9527,pathogenic,CYP24A1,315.0
Q07973,E315Q,0.3229,benign,CYP24A1,315.0
Q07973,E315R,0.7748,pathogenic,CYP24A1,315.0
Q07973,E315S,0.5173,ambiguous,CYP24A1,315.0
Q07973,E315T,0.5999,pathogenic,CYP24A1,315.0
Q07973,E315V,0.51,ambiguous,CYP24A1,315.0
Q07973,E315W,0.9744,pathogenic,CYP24A1,315.0
Q07973,E315Y,0.8634,pathogenic,CYP24A1,315.0
Q07973,L316A,0.5705,pathogenic,CYP24A1,316.0
Q07973,L316C,0.6611,pathogenic,CYP24A1,316.0
Q07973,L316D,0.9713,pathogenic,CYP24A1,316.0
Q07973,L316E,0.891,pathogenic,CYP24A1,316.0
Q07973,L316F,0.3138,benign,CYP24A1,316.0
Q07973,L316G,0.8303,pathogenic,CYP24A1,316.0
Q07973,L316H,0.7678,pathogenic,CYP24A1,316.0
Q07973,L316I,0.1272,benign,CYP24A1,316.0
Q07973,L316K,0.8334,pathogenic,CYP24A1,316.0
Q07973,L316M,0.1645,benign,CYP24A1,316.0
Q07973,L316N,0.8518,pathogenic,CYP24A1,316.0
Q07973,L316P,0.9502,pathogenic,CYP24A1,316.0
Q07973,L316Q,0.6676,pathogenic,CYP24A1,316.0
Q07973,L316R,0.7026,pathogenic,CYP24A1,316.0
Q07973,L316S,0.7841,pathogenic,CYP24A1,316.0
Q07973,L316T,0.5122,ambiguous,CYP24A1,316.0
Q07973,L316V,0.1386,benign,CYP24A1,316.0
Q07973,L316W,0.5896,pathogenic,CYP24A1,316.0
Q07973,L316Y,0.6838,pathogenic,CYP24A1,316.0
Q07973,Y317A,0.4006,ambiguous,CYP24A1,317.0
Q07973,Y317C,0.1157,benign,CYP24A1,317.0
Q07973,Y317D,0.4502,ambiguous,CYP24A1,317.0
Q07973,Y317E,0.6604,pathogenic,CYP24A1,317.0
Q07973,Y317F,0.1584,benign,CYP24A1,317.0
Q07973,Y317G,0.3597,ambiguous,CYP24A1,317.0
Q07973,Y317H,0.2119,benign,CYP24A1,317.0
Q07973,Y317I,0.4906,ambiguous,CYP24A1,317.0
Q07973,Y317K,0.6642,pathogenic,CYP24A1,317.0
Q07973,Y317L,0.3505,ambiguous,CYP24A1,317.0
Q07973,Y317M,0.6099,pathogenic,CYP24A1,317.0
Q07973,Y317N,0.2589,benign,CYP24A1,317.0
Q07973,Y317P,0.8812,pathogenic,CYP24A1,317.0
Q07973,Y317Q,0.4653,ambiguous,CYP24A1,317.0
Q07973,Y317R,0.4227,ambiguous,CYP24A1,317.0
Q07973,Y317S,0.2,benign,CYP24A1,317.0
Q07973,Y317T,0.3905,ambiguous,CYP24A1,317.0
Q07973,Y317V,0.3719,ambiguous,CYP24A1,317.0
Q07973,Y317W,0.4094,ambiguous,CYP24A1,317.0
Q07973,A318C,0.6715,pathogenic,CYP24A1,318.0
Q07973,A318D,0.943,pathogenic,CYP24A1,318.0
Q07973,A318E,0.9332,pathogenic,CYP24A1,318.0
Q07973,A318F,0.8827,pathogenic,CYP24A1,318.0
Q07973,A318G,0.1648,benign,CYP24A1,318.0
Q07973,A318H,0.9434,pathogenic,CYP24A1,318.0
Q07973,A318I,0.7781,pathogenic,CYP24A1,318.0
Q07973,A318K,0.977,pathogenic,CYP24A1,318.0
Q07973,A318L,0.6813,pathogenic,CYP24A1,318.0
Q07973,A318M,0.7502,pathogenic,CYP24A1,318.0
Q07973,A318N,0.8798,pathogenic,CYP24A1,318.0
Q07973,A318P,0.8616,pathogenic,CYP24A1,318.0
Q07973,A318Q,0.9087,pathogenic,CYP24A1,318.0
Q07973,A318R,0.933,pathogenic,CYP24A1,318.0
Q07973,A318S,0.1662,benign,CYP24A1,318.0
Q07973,A318T,0.3735,ambiguous,CYP24A1,318.0
Q07973,A318V,0.4957,ambiguous,CYP24A1,318.0
Q07973,A318W,0.975,pathogenic,CYP24A1,318.0
Q07973,A318Y,0.9384,pathogenic,CYP24A1,318.0
Q07973,A319C,0.4389,ambiguous,CYP24A1,319.0
Q07973,A319D,0.8415,pathogenic,CYP24A1,319.0
Q07973,A319E,0.7837,pathogenic,CYP24A1,319.0
Q07973,A319F,0.6186,pathogenic,CYP24A1,319.0
Q07973,A319G,0.2159,benign,CYP24A1,319.0
Q07973,A319H,0.8615,pathogenic,CYP24A1,319.0
Q07973,A319I,0.3012,benign,CYP24A1,319.0
Q07973,A319K,0.9404,pathogenic,CYP24A1,319.0
Q07973,A319L,0.3283,benign,CYP24A1,319.0
Q07973,A319M,0.2955,benign,CYP24A1,319.0
Q07973,A319N,0.6103,pathogenic,CYP24A1,319.0
Q07973,A319P,0.9167,pathogenic,CYP24A1,319.0
Q07973,A319Q,0.7984,pathogenic,CYP24A1,319.0
Q07973,A319R,0.9119,pathogenic,CYP24A1,319.0
Q07973,A319S,0.1199,benign,CYP24A1,319.0
Q07973,A319T,0.0967,benign,CYP24A1,319.0
Q07973,A319V,0.1442,benign,CYP24A1,319.0
Q07973,A319W,0.9382,pathogenic,CYP24A1,319.0
Q07973,A319Y,0.8245,pathogenic,CYP24A1,319.0
Q07973,V320A,0.1938,benign,CYP24A1,320.0
Q07973,V320C,0.6735,pathogenic,CYP24A1,320.0
Q07973,V320D,0.8701,pathogenic,CYP24A1,320.0
Q07973,V320E,0.8011,pathogenic,CYP24A1,320.0
Q07973,V320F,0.2413,benign,CYP24A1,320.0
Q07973,V320G,0.3658,ambiguous,CYP24A1,320.0
Q07973,V320H,0.8939,pathogenic,CYP24A1,320.0
Q07973,V320I,0.0712,benign,CYP24A1,320.0
Q07973,V320K,0.8736,pathogenic,CYP24A1,320.0
Q07973,V320L,0.2029,benign,CYP24A1,320.0
Q07973,V320M,0.1419,benign,CYP24A1,320.0
Q07973,V320N,0.6282,pathogenic,CYP24A1,320.0
Q07973,V320P,0.9426,pathogenic,CYP24A1,320.0
Q07973,V320Q,0.7853,pathogenic,CYP24A1,320.0
Q07973,V320R,0.844,pathogenic,CYP24A1,320.0
Q07973,V320S,0.3288,benign,CYP24A1,320.0
Q07973,V320T,0.2086,benign,CYP24A1,320.0
Q07973,V320W,0.9224,pathogenic,CYP24A1,320.0
Q07973,V320Y,0.7762,pathogenic,CYP24A1,320.0
Q07973,T321A,0.0917,benign,CYP24A1,321.0
Q07973,T321C,0.4467,ambiguous,CYP24A1,321.0
Q07973,T321D,0.9431,pathogenic,CYP24A1,321.0
Q07973,T321E,0.9059,pathogenic,CYP24A1,321.0
Q07973,T321F,0.8004,pathogenic,CYP24A1,321.0
Q07973,T321G,0.3756,ambiguous,CYP24A1,321.0
Q07973,T321H,0.8655,pathogenic,CYP24A1,321.0
Q07973,T321I,0.4918,ambiguous,CYP24A1,321.0
Q07973,T321K,0.8855,pathogenic,CYP24A1,321.0
Q07973,T321L,0.294,benign,CYP24A1,321.0
Q07973,T321M,0.1783,benign,CYP24A1,321.0
Q07973,T321N,0.592,pathogenic,CYP24A1,321.0
Q07973,T321P,0.5887,pathogenic,CYP24A1,321.0
Q07973,T321Q,0.8151,pathogenic,CYP24A1,321.0
Q07973,T321R,0.8264,pathogenic,CYP24A1,321.0
Q07973,T321S,0.222,benign,CYP24A1,321.0
Q07973,T321V,0.2856,benign,CYP24A1,321.0
Q07973,T321W,0.9565,pathogenic,CYP24A1,321.0
Q07973,T321Y,0.8814,pathogenic,CYP24A1,321.0
Q07973,E322A,0.9372,pathogenic,CYP24A1,322.0
Q07973,E322C,0.9932,pathogenic,CYP24A1,322.0
Q07973,E322D,0.6288,pathogenic,CYP24A1,322.0
Q07973,E322F,0.9971,pathogenic,CYP24A1,322.0
Q07973,E322G,0.8826,pathogenic,CYP24A1,322.0
Q07973,E322H,0.9873,pathogenic,CYP24A1,322.0
Q07973,E322I,0.9885,pathogenic,CYP24A1,322.0
Q07973,E322K,0.9494,pathogenic,CYP24A1,322.0
Q07973,E322L,0.9898,pathogenic,CYP24A1,322.0
Q07973,E322M,0.9885,pathogenic,CYP24A1,322.0
Q07973,E322N,0.9502,pathogenic,CYP24A1,322.0
Q07973,E322P,0.9958,pathogenic,CYP24A1,322.0
Q07973,E322Q,0.8981,pathogenic,CYP24A1,322.0
Q07973,E322R,0.9713,pathogenic,CYP24A1,322.0
Q07973,E322S,0.9176,pathogenic,CYP24A1,322.0
Q07973,E322T,0.9646,pathogenic,CYP24A1,322.0
Q07973,E322V,0.9612,pathogenic,CYP24A1,322.0
Q07973,E322W,0.9988,pathogenic,CYP24A1,322.0
Q07973,E322Y,0.9928,pathogenic,CYP24A1,322.0
Q07973,L323A,0.7243,pathogenic,CYP24A1,323.0
Q07973,L323C,0.7176,pathogenic,CYP24A1,323.0
Q07973,L323D,0.9859,pathogenic,CYP24A1,323.0
Q07973,L323E,0.944,pathogenic,CYP24A1,323.0
Q07973,L323F,0.1844,benign,CYP24A1,323.0
Q07973,L323G,0.9039,pathogenic,CYP24A1,323.0
Q07973,L323H,0.8621,pathogenic,CYP24A1,323.0
Q07973,L323I,0.0947,benign,CYP24A1,323.0
Q07973,L323K,0.9453,pathogenic,CYP24A1,323.0
Q07973,L323M,0.1187,benign,CYP24A1,323.0
Q07973,L323N,0.8852,pathogenic,CYP24A1,323.0
Q07973,L323P,0.9727,pathogenic,CYP24A1,323.0
Q07973,L323Q,0.8183,pathogenic,CYP24A1,323.0
Q07973,L323R,0.9142,pathogenic,CYP24A1,323.0
Q07973,L323S,0.8409,pathogenic,CYP24A1,323.0
Q07973,L323T,0.6379,pathogenic,CYP24A1,323.0
Q07973,L323V,0.1572,benign,CYP24A1,323.0
Q07973,L323W,0.5914,pathogenic,CYP24A1,323.0
Q07973,L323Y,0.7001,pathogenic,CYP24A1,323.0
Q07973,Q324A,0.6083,pathogenic,CYP24A1,324.0
Q07973,Q324C,0.8412,pathogenic,CYP24A1,324.0
Q07973,Q324D,0.9502,pathogenic,CYP24A1,324.0
Q07973,Q324E,0.2026,benign,CYP24A1,324.0
Q07973,Q324F,0.895,pathogenic,CYP24A1,324.0
Q07973,Q324G,0.7224,pathogenic,CYP24A1,324.0
Q07973,Q324H,0.6032,pathogenic,CYP24A1,324.0
Q07973,Q324I,0.6121,pathogenic,CYP24A1,324.0
Q07973,Q324K,0.7226,pathogenic,CYP24A1,324.0
Q07973,Q324L,0.252,benign,CYP24A1,324.0
Q07973,Q324M,0.4577,ambiguous,CYP24A1,324.0
Q07973,Q324N,0.653,pathogenic,CYP24A1,324.0
Q07973,Q324P,0.7735,pathogenic,CYP24A1,324.0
Q07973,Q324R,0.7471,pathogenic,CYP24A1,324.0
Q07973,Q324S,0.5167,ambiguous,CYP24A1,324.0
Q07973,Q324T,0.4303,ambiguous,CYP24A1,324.0
Q07973,Q324V,0.5184,ambiguous,CYP24A1,324.0
Q07973,Q324W,0.9545,pathogenic,CYP24A1,324.0
Q07973,Q324Y,0.8661,pathogenic,CYP24A1,324.0
Q07973,L325A,0.4855,ambiguous,CYP24A1,325.0
Q07973,L325C,0.7314,pathogenic,CYP24A1,325.0
Q07973,L325D,0.9829,pathogenic,CYP24A1,325.0
Q07973,L325E,0.9353,pathogenic,CYP24A1,325.0
Q07973,L325F,0.301,benign,CYP24A1,325.0
Q07973,L325G,0.7473,pathogenic,CYP24A1,325.0
Q07973,L325H,0.8713,pathogenic,CYP24A1,325.0
Q07973,L325I,0.1145,benign,CYP24A1,325.0
Q07973,L325K,0.9495,pathogenic,CYP24A1,325.0
Q07973,L325M,0.1506,benign,CYP24A1,325.0
Q07973,L325N,0.8451,pathogenic,CYP24A1,325.0
Q07973,L325P,0.9148,pathogenic,CYP24A1,325.0
Q07973,L325Q,0.8275,pathogenic,CYP24A1,325.0
Q07973,L325R,0.9123,pathogenic,CYP24A1,325.0
Q07973,L325S,0.7243,pathogenic,CYP24A1,325.0
Q07973,L325T,0.5194,ambiguous,CYP24A1,325.0
Q07973,L325V,0.1394,benign,CYP24A1,325.0
Q07973,L325W,0.7367,pathogenic,CYP24A1,325.0
Q07973,L325Y,0.7862,pathogenic,CYP24A1,325.0
Q07973,A326C,0.8241,pathogenic,CYP24A1,326.0
Q07973,A326D,0.9168,pathogenic,CYP24A1,326.0
Q07973,A326E,0.9175,pathogenic,CYP24A1,326.0
Q07973,A326F,0.7857,pathogenic,CYP24A1,326.0
Q07973,A326G,0.0993,benign,CYP24A1,326.0
Q07973,A326H,0.9604,pathogenic,CYP24A1,326.0
Q07973,A326I,0.8506,pathogenic,CYP24A1,326.0
Q07973,A326K,0.9718,pathogenic,CYP24A1,326.0
Q07973,A326L,0.6566,pathogenic,CYP24A1,326.0
Q07973,A326M,0.7598,pathogenic,CYP24A1,326.0
Q07973,A326N,0.8941,pathogenic,CYP24A1,326.0
Q07973,A326P,0.8169,pathogenic,CYP24A1,326.0
Q07973,A326Q,0.9154,pathogenic,CYP24A1,326.0
Q07973,A326R,0.9486,pathogenic,CYP24A1,326.0
Q07973,A326S,0.3377,benign,CYP24A1,326.0
Q07973,A326T,0.4302,ambiguous,CYP24A1,326.0
Q07973,A326V,0.6082,pathogenic,CYP24A1,326.0
Q07973,A326W,0.9749,pathogenic,CYP24A1,326.0
Q07973,A326Y,0.9086,pathogenic,CYP24A1,326.0
Q07973,A327C,0.7878,pathogenic,CYP24A1,327.0
Q07973,A327D,0.9431,pathogenic,CYP24A1,327.0
Q07973,A327E,0.9436,pathogenic,CYP24A1,327.0
Q07973,A327F,0.9238,pathogenic,CYP24A1,327.0
Q07973,A327G,0.1075,benign,CYP24A1,327.0
Q07973,A327H,0.9698,pathogenic,CYP24A1,327.0
Q07973,A327I,0.9198,pathogenic,CYP24A1,327.0
Q07973,A327K,0.985,pathogenic,CYP24A1,327.0
Q07973,A327L,0.8221,pathogenic,CYP24A1,327.0
Q07973,A327M,0.8245,pathogenic,CYP24A1,327.0
Q07973,A327N,0.9065,pathogenic,CYP24A1,327.0
Q07973,A327P,0.9594,pathogenic,CYP24A1,327.0
Q07973,A327Q,0.929,pathogenic,CYP24A1,327.0
Q07973,A327R,0.9595,pathogenic,CYP24A1,327.0
Q07973,A327S,0.1862,benign,CYP24A1,327.0
Q07973,A327T,0.4706,ambiguous,CYP24A1,327.0
Q07973,A327V,0.7218,pathogenic,CYP24A1,327.0
Q07973,A327W,0.9873,pathogenic,CYP24A1,327.0
Q07973,A327Y,0.9653,pathogenic,CYP24A1,327.0
Q07973,V328A,0.2728,benign,CYP24A1,328.0
Q07973,V328C,0.8727,pathogenic,CYP24A1,328.0
Q07973,V328D,0.8944,pathogenic,CYP24A1,328.0
Q07973,V328E,0.8126,pathogenic,CYP24A1,328.0
Q07973,V328F,0.4562,ambiguous,CYP24A1,328.0
Q07973,V328G,0.4606,ambiguous,CYP24A1,328.0
Q07973,V328H,0.939,pathogenic,CYP24A1,328.0
Q07973,V328I,0.0773,benign,CYP24A1,328.0
Q07973,V328K,0.8839,pathogenic,CYP24A1,328.0
Q07973,V328L,0.4313,ambiguous,CYP24A1,328.0
Q07973,V328M,0.233,benign,CYP24A1,328.0
Q07973,V328N,0.7085,pathogenic,CYP24A1,328.0
Q07973,V328P,0.9268,pathogenic,CYP24A1,328.0
Q07973,V328Q,0.7908,pathogenic,CYP24A1,328.0
Q07973,V328R,0.8381,pathogenic,CYP24A1,328.0
Q07973,V328S,0.4096,ambiguous,CYP24A1,328.0
Q07973,V328T,0.2333,benign,CYP24A1,328.0
Q07973,V328W,0.9639,pathogenic,CYP24A1,328.0
Q07973,V328Y,0.9143,pathogenic,CYP24A1,328.0
Q07973,E329A,0.8436,pathogenic,CYP24A1,329.0
Q07973,E329C,0.9912,pathogenic,CYP24A1,329.0
Q07973,E329D,0.4061,ambiguous,CYP24A1,329.0
Q07973,E329F,0.9862,pathogenic,CYP24A1,329.0
Q07973,E329G,0.7319,pathogenic,CYP24A1,329.0
Q07973,E329H,0.9629,pathogenic,CYP24A1,329.0
Q07973,E329I,0.9627,pathogenic,CYP24A1,329.0
Q07973,E329K,0.8649,pathogenic,CYP24A1,329.0
Q07973,E329L,0.9647,pathogenic,CYP24A1,329.0
Q07973,E329M,0.9663,pathogenic,CYP24A1,329.0
Q07973,E329N,0.8887,pathogenic,CYP24A1,329.0
Q07973,E329P,0.9829,pathogenic,CYP24A1,329.0
Q07973,E329Q,0.7227,pathogenic,CYP24A1,329.0
Q07973,E329R,0.9086,pathogenic,CYP24A1,329.0
Q07973,E329S,0.8328,pathogenic,CYP24A1,329.0
Q07973,E329T,0.9101,pathogenic,CYP24A1,329.0
Q07973,E329V,0.909,pathogenic,CYP24A1,329.0
Q07973,E329W,0.9936,pathogenic,CYP24A1,329.0
Q07973,E329Y,0.9779,pathogenic,CYP24A1,329.0
Q07973,T330A,0.518,ambiguous,CYP24A1,330.0
Q07973,T330C,0.9106,pathogenic,CYP24A1,330.0
Q07973,T330D,0.8651,pathogenic,CYP24A1,330.0
Q07973,T330E,0.8675,pathogenic,CYP24A1,330.0
Q07973,T330F,0.809,pathogenic,CYP24A1,330.0
Q07973,T330G,0.6418,pathogenic,CYP24A1,330.0
Q07973,T330H,0.8165,pathogenic,CYP24A1,330.0
Q07973,T330I,0.8637,pathogenic,CYP24A1,330.0
Q07973,T330K,0.7925,pathogenic,CYP24A1,330.0
Q07973,T330L,0.6883,pathogenic,CYP24A1,330.0
Q07973,T330M,0.2616,benign,CYP24A1,330.0
Q07973,T330N,0.5736,pathogenic,CYP24A1,330.0
Q07973,T330P,0.677,pathogenic,CYP24A1,330.0
Q07973,T330Q,0.7899,pathogenic,CYP24A1,330.0
Q07973,T330R,0.8417,pathogenic,CYP24A1,330.0
Q07973,T330S,0.4423,ambiguous,CYP24A1,330.0
Q07973,T330V,0.7698,pathogenic,CYP24A1,330.0
Q07973,T330W,0.9436,pathogenic,CYP24A1,330.0
Q07973,T330Y,0.8594,pathogenic,CYP24A1,330.0
Q07973,T331A,0.1592,benign,CYP24A1,331.0
Q07973,T331C,0.7434,pathogenic,CYP24A1,331.0
Q07973,T331D,0.9235,pathogenic,CYP24A1,331.0
Q07973,T331E,0.8526,pathogenic,CYP24A1,331.0
Q07973,T331F,0.781,pathogenic,CYP24A1,331.0
Q07973,T331G,0.5727,pathogenic,CYP24A1,331.0
Q07973,T331H,0.8254,pathogenic,CYP24A1,331.0
Q07973,T331I,0.4328,ambiguous,CYP24A1,331.0
Q07973,T331K,0.799,pathogenic,CYP24A1,331.0
Q07973,T331L,0.3336,benign,CYP24A1,331.0
Q07973,T331M,0.1631,benign,CYP24A1,331.0
Q07973,T331N,0.5742,pathogenic,CYP24A1,331.0
Q07973,T331P,0.4655,ambiguous,CYP24A1,331.0
Q07973,T331Q,0.7335,pathogenic,CYP24A1,331.0
Q07973,T331R,0.7555,pathogenic,CYP24A1,331.0
Q07973,T331S,0.2408,benign,CYP24A1,331.0
Q07973,T331V,0.2376,benign,CYP24A1,331.0
Q07973,T331W,0.9572,pathogenic,CYP24A1,331.0
Q07973,T331Y,0.881,pathogenic,CYP24A1,331.0
Q07973,A332C,0.7911,pathogenic,CYP24A1,332.0
Q07973,A332D,0.9438,pathogenic,CYP24A1,332.0
Q07973,A332E,0.9169,pathogenic,CYP24A1,332.0
Q07973,A332F,0.939,pathogenic,CYP24A1,332.0
Q07973,A332G,0.2155,benign,CYP24A1,332.0
Q07973,A332H,0.9529,pathogenic,CYP24A1,332.0
Q07973,A332I,0.9016,pathogenic,CYP24A1,332.0
Q07973,A332K,0.9684,pathogenic,CYP24A1,332.0
Q07973,A332L,0.8449,pathogenic,CYP24A1,332.0
Q07973,A332M,0.7827,pathogenic,CYP24A1,332.0
Q07973,A332N,0.8577,pathogenic,CYP24A1,332.0
Q07973,A332P,0.9498,pathogenic,CYP24A1,332.0
Q07973,A332Q,0.8719,pathogenic,CYP24A1,332.0
Q07973,A332R,0.9184,pathogenic,CYP24A1,332.0
Q07973,A332S,0.1076,benign,CYP24A1,332.0
Q07973,A332T,0.2253,benign,CYP24A1,332.0
Q07973,A332V,0.596,pathogenic,CYP24A1,332.0
Q07973,A332W,0.989,pathogenic,CYP24A1,332.0
Q07973,A332Y,0.9716,pathogenic,CYP24A1,332.0
Q07973,N333A,0.3468,ambiguous,CYP24A1,333.0
Q07973,N333C,0.2944,benign,CYP24A1,333.0
Q07973,N333D,0.4417,ambiguous,CYP24A1,333.0
Q07973,N333E,0.8236,pathogenic,CYP24A1,333.0
Q07973,N333F,0.6512,pathogenic,CYP24A1,333.0
Q07973,N333G,0.3488,ambiguous,CYP24A1,333.0
Q07973,N333H,0.2091,benign,CYP24A1,333.0
Q07973,N333I,0.3284,benign,CYP24A1,333.0
Q07973,N333K,0.7468,pathogenic,CYP24A1,333.0
Q07973,N333L,0.3883,ambiguous,CYP24A1,333.0
Q07973,N333M,0.5226,ambiguous,CYP24A1,333.0
Q07973,N333P,0.8919,pathogenic,CYP24A1,333.0
Q07973,N333Q,0.6589,pathogenic,CYP24A1,333.0
Q07973,N333R,0.6946,pathogenic,CYP24A1,333.0
Q07973,N333S,0.0945,benign,CYP24A1,333.0
Q07973,N333T,0.2081,benign,CYP24A1,333.0
Q07973,N333V,0.2749,benign,CYP24A1,333.0
Q07973,N333W,0.877,pathogenic,CYP24A1,333.0
Q07973,N333Y,0.2851,benign,CYP24A1,333.0
Q07973,S334A,0.1199,benign,CYP24A1,334.0
Q07973,S334C,0.1381,benign,CYP24A1,334.0
Q07973,S334D,0.9352,pathogenic,CYP24A1,334.0
Q07973,S334E,0.962,pathogenic,CYP24A1,334.0
Q07973,S334F,0.7003,pathogenic,CYP24A1,334.0
Q07973,S334G,0.108,benign,CYP24A1,334.0
Q07973,S334H,0.9013,pathogenic,CYP24A1,334.0
Q07973,S334I,0.5027,ambiguous,CYP24A1,334.0
Q07973,S334K,0.9923,pathogenic,CYP24A1,334.0
Q07973,S334L,0.3268,benign,CYP24A1,334.0
Q07973,S334M,0.4769,ambiguous,CYP24A1,334.0
Q07973,S334N,0.5287,ambiguous,CYP24A1,334.0
Q07973,S334P,0.8256,pathogenic,CYP24A1,334.0
Q07973,S334Q,0.9414,pathogenic,CYP24A1,334.0
Q07973,S334R,0.9848,pathogenic,CYP24A1,334.0
Q07973,S334T,0.1144,benign,CYP24A1,334.0
Q07973,S334V,0.4307,ambiguous,CYP24A1,334.0
Q07973,S334W,0.8806,pathogenic,CYP24A1,334.0
Q07973,S334Y,0.7352,pathogenic,CYP24A1,334.0
Q07973,L335A,0.3766,ambiguous,CYP24A1,335.0
Q07973,L335C,0.5554,ambiguous,CYP24A1,335.0
Q07973,L335D,0.9722,pathogenic,CYP24A1,335.0
Q07973,L335E,0.8647,pathogenic,CYP24A1,335.0
Q07973,L335F,0.1395,benign,CYP24A1,335.0
Q07973,L335G,0.7088,pathogenic,CYP24A1,335.0
Q07973,L335H,0.6742,pathogenic,CYP24A1,335.0
Q07973,L335I,0.1519,benign,CYP24A1,335.0
Q07973,L335K,0.8759,pathogenic,CYP24A1,335.0
Q07973,L335M,0.0993,benign,CYP24A1,335.0
Q07973,L335N,0.8032,pathogenic,CYP24A1,335.0
Q07973,L335P,0.9544,pathogenic,CYP24A1,335.0
Q07973,L335Q,0.5419,ambiguous,CYP24A1,335.0
Q07973,L335R,0.8084,pathogenic,CYP24A1,335.0
Q07973,L335S,0.4793,ambiguous,CYP24A1,335.0
Q07973,L335T,0.304,benign,CYP24A1,335.0
Q07973,L335V,0.1341,benign,CYP24A1,335.0
Q07973,L335W,0.5238,ambiguous,CYP24A1,335.0
Q07973,L335Y,0.6594,pathogenic,CYP24A1,335.0
Q07973,M336A,0.3554,ambiguous,CYP24A1,336.0
Q07973,M336C,0.6901,pathogenic,CYP24A1,336.0
Q07973,M336D,0.9298,pathogenic,CYP24A1,336.0
Q07973,M336E,0.6396,pathogenic,CYP24A1,336.0
Q07973,M336F,0.4869,ambiguous,CYP24A1,336.0
Q07973,M336G,0.5346,ambiguous,CYP24A1,336.0
Q07973,M336H,0.633,pathogenic,CYP24A1,336.0
Q07973,M336I,0.4175,ambiguous,CYP24A1,336.0
Q07973,M336K,0.2826,benign,CYP24A1,336.0
Q07973,M336L,0.0816,benign,CYP24A1,336.0
Q07973,M336N,0.5865,pathogenic,CYP24A1,336.0
Q07973,M336P,0.8699,pathogenic,CYP24A1,336.0
Q07973,M336Q,0.2891,benign,CYP24A1,336.0
Q07973,M336R,0.3072,benign,CYP24A1,336.0
Q07973,M336S,0.3757,ambiguous,CYP24A1,336.0
Q07973,M336T,0.215,benign,CYP24A1,336.0
Q07973,M336V,0.1469,benign,CYP24A1,336.0
Q07973,M336W,0.7963,pathogenic,CYP24A1,336.0
Q07973,M336Y,0.7539,pathogenic,CYP24A1,336.0
Q07973,W337A,0.7637,pathogenic,CYP24A1,337.0
Q07973,W337C,0.8073,pathogenic,CYP24A1,337.0
Q07973,W337D,0.9684,pathogenic,CYP24A1,337.0
Q07973,W337E,0.9651,pathogenic,CYP24A1,337.0
Q07973,W337F,0.2858,benign,CYP24A1,337.0
Q07973,W337G,0.4614,ambiguous,CYP24A1,337.0
Q07973,W337H,0.8963,pathogenic,CYP24A1,337.0
Q07973,W337I,0.8772,pathogenic,CYP24A1,337.0
Q07973,W337K,0.9828,pathogenic,CYP24A1,337.0
Q07973,W337L,0.6159,pathogenic,CYP24A1,337.0
Q07973,W337M,0.7864,pathogenic,CYP24A1,337.0
Q07973,W337N,0.8916,pathogenic,CYP24A1,337.0
Q07973,W337P,0.983,pathogenic,CYP24A1,337.0
Q07973,W337Q,0.9539,pathogenic,CYP24A1,337.0
Q07973,W337R,0.9599,pathogenic,CYP24A1,337.0
Q07973,W337S,0.6365,pathogenic,CYP24A1,337.0
Q07973,W337T,0.8194,pathogenic,CYP24A1,337.0
Q07973,W337V,0.7813,pathogenic,CYP24A1,337.0
Q07973,W337Y,0.5377,ambiguous,CYP24A1,337.0
Q07973,I338A,0.2374,benign,CYP24A1,338.0
Q07973,I338C,0.448,ambiguous,CYP24A1,338.0
Q07973,I338D,0.8337,pathogenic,CYP24A1,338.0
Q07973,I338E,0.8361,pathogenic,CYP24A1,338.0
Q07973,I338F,0.2211,benign,CYP24A1,338.0
Q07973,I338G,0.4414,ambiguous,CYP24A1,338.0
Q07973,I338H,0.7389,pathogenic,CYP24A1,338.0
Q07973,I338K,0.8381,pathogenic,CYP24A1,338.0
Q07973,I338L,0.0957,benign,CYP24A1,338.0
Q07973,I338M,0.0937,benign,CYP24A1,338.0
Q07973,I338N,0.3013,benign,CYP24A1,338.0
Q07973,I338P,0.8875,pathogenic,CYP24A1,338.0
Q07973,I338Q,0.74,pathogenic,CYP24A1,338.0
Q07973,I338R,0.7848,pathogenic,CYP24A1,338.0
Q07973,I338S,0.2129,benign,CYP24A1,338.0
Q07973,I338T,0.2231,benign,CYP24A1,338.0
Q07973,I338V,0.0715,benign,CYP24A1,338.0
Q07973,I338W,0.8787,pathogenic,CYP24A1,338.0
Q07973,I338Y,0.6628,pathogenic,CYP24A1,338.0
Q07973,L339A,0.4945,ambiguous,CYP24A1,339.0
Q07973,L339C,0.4831,ambiguous,CYP24A1,339.0
Q07973,L339D,0.9724,pathogenic,CYP24A1,339.0
Q07973,L339E,0.9039,pathogenic,CYP24A1,339.0
Q07973,L339F,0.1574,benign,CYP24A1,339.0
Q07973,L339G,0.7765,pathogenic,CYP24A1,339.0
Q07973,L339H,0.7273,pathogenic,CYP24A1,339.0
Q07973,L339I,0.1069,benign,CYP24A1,339.0
Q07973,L339K,0.9111,pathogenic,CYP24A1,339.0
Q07973,L339M,0.1345,benign,CYP24A1,339.0
Q07973,L339N,0.8298,pathogenic,CYP24A1,339.0
Q07973,L339P,0.8852,pathogenic,CYP24A1,339.0
Q07973,L339Q,0.7202,pathogenic,CYP24A1,339.0
Q07973,L339R,0.8256,pathogenic,CYP24A1,339.0
Q07973,L339S,0.5785,pathogenic,CYP24A1,339.0
Q07973,L339T,0.427,ambiguous,CYP24A1,339.0
Q07973,L339V,0.13,benign,CYP24A1,339.0
Q07973,L339W,0.47,ambiguous,CYP24A1,339.0
Q07973,L339Y,0.6341,pathogenic,CYP24A1,339.0
Q07973,Y340A,0.7804,pathogenic,CYP24A1,340.0
Q07973,Y340C,0.1774,benign,CYP24A1,340.0
Q07973,Y340D,0.682,pathogenic,CYP24A1,340.0
Q07973,Y340E,0.8892,pathogenic,CYP24A1,340.0
Q07973,Y340F,0.1331,benign,CYP24A1,340.0
Q07973,Y340G,0.6399,pathogenic,CYP24A1,340.0
Q07973,Y340H,0.2119,benign,CYP24A1,340.0
Q07973,Y340I,0.7688,pathogenic,CYP24A1,340.0
Q07973,Y340K,0.8596,pathogenic,CYP24A1,340.0
Q07973,Y340L,0.5519,ambiguous,CYP24A1,340.0
Q07973,Y340M,0.8172,pathogenic,CYP24A1,340.0
Q07973,Y340N,0.4275,ambiguous,CYP24A1,340.0
Q07973,Y340P,0.9691,pathogenic,CYP24A1,340.0
Q07973,Y340Q,0.7003,pathogenic,CYP24A1,340.0
Q07973,Y340R,0.6398,pathogenic,CYP24A1,340.0
Q07973,Y340S,0.4807,ambiguous,CYP24A1,340.0
Q07973,Y340T,0.8208,pathogenic,CYP24A1,340.0
Q07973,Y340V,0.6573,pathogenic,CYP24A1,340.0
Q07973,Y340W,0.3312,benign,CYP24A1,340.0
Q07973,N341A,0.3709,ambiguous,CYP24A1,341.0
Q07973,N341C,0.1402,benign,CYP24A1,341.0
Q07973,N341D,0.3344,benign,CYP24A1,341.0
Q07973,N341E,0.496,ambiguous,CYP24A1,341.0
Q07973,N341F,0.4419,ambiguous,CYP24A1,341.0
Q07973,N341G,0.4266,ambiguous,CYP24A1,341.0
Q07973,N341H,0.0561,benign,CYP24A1,341.0
Q07973,N341I,0.2908,benign,CYP24A1,341.0
Q07973,N341K,0.4609,ambiguous,CYP24A1,341.0
Q07973,N341L,0.2534,benign,CYP24A1,341.0
Q07973,N341M,0.4374,ambiguous,CYP24A1,341.0
Q07973,N341P,0.8867,pathogenic,CYP24A1,341.0
Q07973,N341Q,0.3535,ambiguous,CYP24A1,341.0
Q07973,N341R,0.3852,ambiguous,CYP24A1,341.0
Q07973,N341S,0.1071,benign,CYP24A1,341.0
Q07973,N341T,0.2251,benign,CYP24A1,341.0
Q07973,N341V,0.3104,benign,CYP24A1,341.0
Q07973,N341W,0.6769,pathogenic,CYP24A1,341.0
Q07973,N341Y,0.1151,benign,CYP24A1,341.0
Q07973,L342A,0.6235,pathogenic,CYP24A1,342.0
Q07973,L342C,0.6335,pathogenic,CYP24A1,342.0
Q07973,L342D,0.988,pathogenic,CYP24A1,342.0
Q07973,L342E,0.9441,pathogenic,CYP24A1,342.0
Q07973,L342F,0.2582,benign,CYP24A1,342.0
Q07973,L342G,0.9165,pathogenic,CYP24A1,342.0
Q07973,L342H,0.8239,pathogenic,CYP24A1,342.0
Q07973,L342I,0.077,benign,CYP24A1,342.0
Q07973,L342K,0.9402,pathogenic,CYP24A1,342.0
Q07973,L342M,0.1439,benign,CYP24A1,342.0
Q07973,L342N,0.9099,pathogenic,CYP24A1,342.0
Q07973,L342P,0.9725,pathogenic,CYP24A1,342.0
Q07973,L342Q,0.8116,pathogenic,CYP24A1,342.0
Q07973,L342R,0.8762,pathogenic,CYP24A1,342.0
Q07973,L342S,0.7839,pathogenic,CYP24A1,342.0
Q07973,L342T,0.5455,ambiguous,CYP24A1,342.0
Q07973,L342V,0.096,benign,CYP24A1,342.0
Q07973,L342W,0.7151,pathogenic,CYP24A1,342.0
Q07973,L342Y,0.7617,pathogenic,CYP24A1,342.0
Q07973,S343A,0.0935,benign,CYP24A1,343.0
Q07973,S343C,0.1758,benign,CYP24A1,343.0
Q07973,S343D,0.9795,pathogenic,CYP24A1,343.0
Q07973,S343E,0.9786,pathogenic,CYP24A1,343.0
Q07973,S343F,0.886,pathogenic,CYP24A1,343.0
Q07973,S343G,0.1266,benign,CYP24A1,343.0
Q07973,S343H,0.9463,pathogenic,CYP24A1,343.0
Q07973,S343I,0.7975,pathogenic,CYP24A1,343.0
Q07973,S343K,0.9937,pathogenic,CYP24A1,343.0
Q07973,S343L,0.5115,ambiguous,CYP24A1,343.0
Q07973,S343M,0.7756,pathogenic,CYP24A1,343.0
Q07973,S343N,0.8852,pathogenic,CYP24A1,343.0
Q07973,S343P,0.8878,pathogenic,CYP24A1,343.0
Q07973,S343Q,0.9561,pathogenic,CYP24A1,343.0
Q07973,S343R,0.9801,pathogenic,CYP24A1,343.0
Q07973,S343T,0.3687,ambiguous,CYP24A1,343.0
Q07973,S343V,0.6716,pathogenic,CYP24A1,343.0
Q07973,S343W,0.9247,pathogenic,CYP24A1,343.0
Q07973,S343Y,0.8869,pathogenic,CYP24A1,343.0
Q07973,R344A,0.3998,ambiguous,CYP24A1,344.0
Q07973,R344C,0.1094,benign,CYP24A1,344.0
Q07973,R344D,0.7224,pathogenic,CYP24A1,344.0
Q07973,R344E,0.3374,benign,CYP24A1,344.0
Q07973,R344F,0.5096,ambiguous,CYP24A1,344.0
Q07973,R344G,0.2381,benign,CYP24A1,344.0
Q07973,R344H,0.1138,benign,CYP24A1,344.0
Q07973,R344I,0.2628,benign,CYP24A1,344.0
Q07973,R344K,0.1111,benign,CYP24A1,344.0
Q07973,R344L,0.2099,benign,CYP24A1,344.0
Q07973,R344M,0.3023,benign,CYP24A1,344.0
Q07973,R344N,0.5745,pathogenic,CYP24A1,344.0
Q07973,R344P,0.8493,pathogenic,CYP24A1,344.0
Q07973,R344Q,0.0865,benign,CYP24A1,344.0
Q07973,R344S,0.4671,ambiguous,CYP24A1,344.0
Q07973,R344T,0.2847,benign,CYP24A1,344.0
Q07973,R344V,0.3234,benign,CYP24A1,344.0
Q07973,R344W,0.1489,benign,CYP24A1,344.0
Q07973,R344Y,0.3733,ambiguous,CYP24A1,344.0
Q07973,N345A,0.3356,benign,CYP24A1,345.0
Q07973,N345C,0.1665,benign,CYP24A1,345.0
Q07973,N345D,0.1565,benign,CYP24A1,345.0
Q07973,N345E,0.2828,benign,CYP24A1,345.0
Q07973,N345F,0.3187,benign,CYP24A1,345.0
Q07973,N345G,0.5119,ambiguous,CYP24A1,345.0
Q07973,N345H,0.0555,benign,CYP24A1,345.0
Q07973,N345I,0.2038,benign,CYP24A1,345.0
Q07973,N345K,0.211,benign,CYP24A1,345.0
Q07973,N345L,0.2951,benign,CYP24A1,345.0
Q07973,N345M,0.2837,benign,CYP24A1,345.0
Q07973,N345P,0.8837,pathogenic,CYP24A1,345.0
Q07973,N345Q,0.2192,benign,CYP24A1,345.0
Q07973,N345R,0.2187,benign,CYP24A1,345.0
Q07973,N345S,0.1193,benign,CYP24A1,345.0
Q07973,N345T,0.1741,benign,CYP24A1,345.0
Q07973,N345V,0.237,benign,CYP24A1,345.0
Q07973,N345W,0.5026,ambiguous,CYP24A1,345.0
Q07973,N345Y,0.078,benign,CYP24A1,345.0
Q07973,P346A,0.0918,benign,CYP24A1,346.0
Q07973,P346C,0.2608,benign,CYP24A1,346.0
Q07973,P346D,0.3257,benign,CYP24A1,346.0
Q07973,P346E,0.1858,benign,CYP24A1,346.0
Q07973,P346F,0.36,ambiguous,CYP24A1,346.0
Q07973,P346G,0.2038,benign,CYP24A1,346.0
Q07973,P346H,0.1053,benign,CYP24A1,346.0
Q07973,P346I,0.2169,benign,CYP24A1,346.0
Q07973,P346K,0.1259,benign,CYP24A1,346.0
Q07973,P346L,0.1104,benign,CYP24A1,346.0
Q07973,P346M,0.2574,benign,CYP24A1,346.0
Q07973,P346N,0.248,benign,CYP24A1,346.0
Q07973,P346Q,0.0958,benign,CYP24A1,346.0
Q07973,P346R,0.0722,benign,CYP24A1,346.0
Q07973,P346S,0.1065,benign,CYP24A1,346.0
Q07973,P346T,0.0904,benign,CYP24A1,346.0
Q07973,P346V,0.1623,benign,CYP24A1,346.0
Q07973,P346W,0.3473,ambiguous,CYP24A1,346.0
Q07973,P346Y,0.2796,benign,CYP24A1,346.0
Q07973,Q347A,0.0808,benign,CYP24A1,347.0
Q07973,Q347C,0.1827,benign,CYP24A1,347.0
Q07973,Q347D,0.1126,benign,CYP24A1,347.0
Q07973,Q347E,0.0592,benign,CYP24A1,347.0
Q07973,Q347F,0.2656,benign,CYP24A1,347.0
Q07973,Q347G,0.1029,benign,CYP24A1,347.0
Q07973,Q347H,0.0724,benign,CYP24A1,347.0
Q07973,Q347I,0.156,benign,CYP24A1,347.0
Q07973,Q347K,0.0659,benign,CYP24A1,347.0
Q07973,Q347L,0.0758,benign,CYP24A1,347.0
Q07973,Q347M,0.1878,benign,CYP24A1,347.0
Q07973,Q347N,0.1187,benign,CYP24A1,347.0
Q07973,Q347P,0.0834,benign,CYP24A1,347.0
Q07973,Q347R,0.0602,benign,CYP24A1,347.0
Q07973,Q347S,0.0957,benign,CYP24A1,347.0
Q07973,Q347T,0.0884,benign,CYP24A1,347.0
Q07973,Q347V,0.1048,benign,CYP24A1,347.0
Q07973,Q347W,0.1558,benign,CYP24A1,347.0
Q07973,Q347Y,0.1505,benign,CYP24A1,347.0
Q07973,V348A,0.0875,benign,CYP24A1,348.0
Q07973,V348C,0.4903,ambiguous,CYP24A1,348.0
Q07973,V348D,0.2802,benign,CYP24A1,348.0
Q07973,V348E,0.2305,benign,CYP24A1,348.0
Q07973,V348F,0.1812,benign,CYP24A1,348.0
Q07973,V348G,0.141,benign,CYP24A1,348.0
Q07973,V348H,0.4011,ambiguous,CYP24A1,348.0
Q07973,V348I,0.0892,benign,CYP24A1,348.0
Q07973,V348K,0.2764,benign,CYP24A1,348.0
Q07973,V348L,0.2397,benign,CYP24A1,348.0
Q07973,V348M,0.1448,benign,CYP24A1,348.0
Q07973,V348N,0.2344,benign,CYP24A1,348.0
Q07973,V348P,0.4712,ambiguous,CYP24A1,348.0
Q07973,V348Q,0.2384,benign,CYP24A1,348.0
Q07973,V348R,0.2489,benign,CYP24A1,348.0
Q07973,V348S,0.1274,benign,CYP24A1,348.0
Q07973,V348T,0.1328,benign,CYP24A1,348.0
Q07973,V348W,0.6589,pathogenic,CYP24A1,348.0
Q07973,V348Y,0.3991,ambiguous,CYP24A1,348.0
Q07973,Q349A,0.5902,pathogenic,CYP24A1,349.0
Q07973,Q349C,0.929,pathogenic,CYP24A1,349.0
Q07973,Q349D,0.9647,pathogenic,CYP24A1,349.0
Q07973,Q349E,0.2777,benign,CYP24A1,349.0
Q07973,Q349F,0.9688,pathogenic,CYP24A1,349.0
Q07973,Q349G,0.5587,ambiguous,CYP24A1,349.0
Q07973,Q349H,0.8398,pathogenic,CYP24A1,349.0
Q07973,Q349I,0.8707,pathogenic,CYP24A1,349.0
Q07973,Q349K,0.4138,ambiguous,CYP24A1,349.0
Q07973,Q349L,0.5663,pathogenic,CYP24A1,349.0
Q07973,Q349M,0.7868,pathogenic,CYP24A1,349.0
Q07973,Q349N,0.8734,pathogenic,CYP24A1,349.0
Q07973,Q349P,0.7711,pathogenic,CYP24A1,349.0
Q07973,Q349R,0.3349,benign,CYP24A1,349.0
Q07973,Q349S,0.6546,pathogenic,CYP24A1,349.0
Q07973,Q349T,0.7193,pathogenic,CYP24A1,349.0
Q07973,Q349V,0.7616,pathogenic,CYP24A1,349.0
Q07973,Q349W,0.9541,pathogenic,CYP24A1,349.0
Q07973,Q349Y,0.9392,pathogenic,CYP24A1,349.0
Q07973,Q350A,0.1511,benign,CYP24A1,350.0
Q07973,Q350C,0.3313,benign,CYP24A1,350.0
Q07973,Q350D,0.2061,benign,CYP24A1,350.0
Q07973,Q350E,0.07,benign,CYP24A1,350.0
Q07973,Q350F,0.4973,ambiguous,CYP24A1,350.0
Q07973,Q350G,0.1179,benign,CYP24A1,350.0
Q07973,Q350H,0.1543,benign,CYP24A1,350.0
Q07973,Q350I,0.3064,benign,CYP24A1,350.0
Q07973,Q350K,0.0707,benign,CYP24A1,350.0
Q07973,Q350L,0.1048,benign,CYP24A1,350.0
Q07973,Q350M,0.2601,benign,CYP24A1,350.0
Q07973,Q350N,0.2004,benign,CYP24A1,350.0
Q07973,Q350P,0.32,benign,CYP24A1,350.0
Q07973,Q350R,0.0713,benign,CYP24A1,350.0
Q07973,Q350S,0.1848,benign,CYP24A1,350.0
Q07973,Q350T,0.1633,benign,CYP24A1,350.0
Q07973,Q350V,0.1962,benign,CYP24A1,350.0
Q07973,Q350W,0.236,benign,CYP24A1,350.0
Q07973,Q350Y,0.2829,benign,CYP24A1,350.0
Q07973,K351A,0.1992,benign,CYP24A1,351.0
Q07973,K351C,0.3581,ambiguous,CYP24A1,351.0
Q07973,K351D,0.3851,ambiguous,CYP24A1,351.0
Q07973,K351E,0.1198,benign,CYP24A1,351.0
Q07973,K351F,0.5038,ambiguous,CYP24A1,351.0
Q07973,K351G,0.3118,benign,CYP24A1,351.0
Q07973,K351H,0.1734,benign,CYP24A1,351.0
Q07973,K351I,0.1581,benign,CYP24A1,351.0
Q07973,K351L,0.1479,benign,CYP24A1,351.0
Q07973,K351M,0.1039,benign,CYP24A1,351.0
Q07973,K351N,0.2175,benign,CYP24A1,351.0
Q07973,K351P,0.8274,pathogenic,CYP24A1,351.0
Q07973,K351Q,0.0878,benign,CYP24A1,351.0
Q07973,K351R,0.0696,benign,CYP24A1,351.0
Q07973,K351S,0.2602,benign,CYP24A1,351.0
Q07973,K351T,0.1008,benign,CYP24A1,351.0
Q07973,K351V,0.1694,benign,CYP24A1,351.0
Q07973,K351W,0.4942,ambiguous,CYP24A1,351.0
Q07973,K351Y,0.3586,ambiguous,CYP24A1,351.0
Q07973,L352A,0.6859,pathogenic,CYP24A1,352.0
Q07973,L352C,0.7047,pathogenic,CYP24A1,352.0
Q07973,L352D,0.9946,pathogenic,CYP24A1,352.0
Q07973,L352E,0.9694,pathogenic,CYP24A1,352.0
Q07973,L352F,0.5208,ambiguous,CYP24A1,352.0
Q07973,L352G,0.9199,pathogenic,CYP24A1,352.0
Q07973,L352H,0.9259,pathogenic,CYP24A1,352.0
Q07973,L352I,0.1807,benign,CYP24A1,352.0
Q07973,L352K,0.9683,pathogenic,CYP24A1,352.0
Q07973,L352M,0.265,benign,CYP24A1,352.0
Q07973,L352N,0.9673,pathogenic,CYP24A1,352.0
Q07973,L352P,0.9705,pathogenic,CYP24A1,352.0
Q07973,L352Q,0.8918,pathogenic,CYP24A1,352.0
Q07973,L352R,0.9095,pathogenic,CYP24A1,352.0
Q07973,L352S,0.9065,pathogenic,CYP24A1,352.0
Q07973,L352T,0.7797,pathogenic,CYP24A1,352.0
Q07973,L352V,0.1539,benign,CYP24A1,352.0
Q07973,L352W,0.8481,pathogenic,CYP24A1,352.0
Q07973,L352Y,0.8804,pathogenic,CYP24A1,352.0
Q07973,L353A,0.1748,benign,CYP24A1,353.0
Q07973,L353C,0.235,benign,CYP24A1,353.0
Q07973,L353D,0.5493,ambiguous,CYP24A1,353.0
Q07973,L353E,0.2196,benign,CYP24A1,353.0
Q07973,L353F,0.0884,benign,CYP24A1,353.0
Q07973,L353G,0.3041,benign,CYP24A1,353.0
Q07973,L353H,0.096,benign,CYP24A1,353.0
Q07973,L353I,0.1161,benign,CYP24A1,353.0
Q07973,L353K,0.1251,benign,CYP24A1,353.0
Q07973,L353M,0.1186,benign,CYP24A1,353.0
Q07973,L353N,0.3063,benign,CYP24A1,353.0
Q07973,L353P,0.7244,pathogenic,CYP24A1,353.0
Q07973,L353Q,0.0685,benign,CYP24A1,353.0
Q07973,L353R,0.0662,benign,CYP24A1,353.0
Q07973,L353S,0.1812,benign,CYP24A1,353.0
Q07973,L353T,0.2134,benign,CYP24A1,353.0
Q07973,L353V,0.0984,benign,CYP24A1,353.0
Q07973,L353W,0.0793,benign,CYP24A1,353.0
Q07973,L353Y,0.1519,benign,CYP24A1,353.0
Q07973,K354A,0.1039,benign,CYP24A1,354.0
Q07973,K354C,0.2827,benign,CYP24A1,354.0
Q07973,K354D,0.1603,benign,CYP24A1,354.0
Q07973,K354E,0.0614,benign,CYP24A1,354.0
Q07973,K354F,0.4116,ambiguous,CYP24A1,354.0
Q07973,K354G,0.1264,benign,CYP24A1,354.0
Q07973,K354H,0.133,benign,CYP24A1,354.0
Q07973,K354I,0.1874,benign,CYP24A1,354.0
Q07973,K354L,0.1133,benign,CYP24A1,354.0
Q07973,K354M,0.0984,benign,CYP24A1,354.0
Q07973,K354N,0.1218,benign,CYP24A1,354.0
Q07973,K354P,0.5901,pathogenic,CYP24A1,354.0
Q07973,K354Q,0.0651,benign,CYP24A1,354.0
Q07973,K354R,0.0664,benign,CYP24A1,354.0
Q07973,K354S,0.1192,benign,CYP24A1,354.0
Q07973,K354T,0.0782,benign,CYP24A1,354.0
Q07973,K354V,0.1469,benign,CYP24A1,354.0
Q07973,K354W,0.3279,benign,CYP24A1,354.0
Q07973,K354Y,0.2883,benign,CYP24A1,354.0
Q07973,E355A,0.7027,pathogenic,CYP24A1,355.0
Q07973,E355C,0.9715,pathogenic,CYP24A1,355.0
Q07973,E355D,0.6664,pathogenic,CYP24A1,355.0
Q07973,E355F,0.9891,pathogenic,CYP24A1,355.0
Q07973,E355G,0.7158,pathogenic,CYP24A1,355.0
Q07973,E355H,0.9359,pathogenic,CYP24A1,355.0
Q07973,E355I,0.9176,pathogenic,CYP24A1,355.0
Q07973,E355K,0.8044,pathogenic,CYP24A1,355.0
Q07973,E355L,0.9389,pathogenic,CYP24A1,355.0
Q07973,E355M,0.9048,pathogenic,CYP24A1,355.0
Q07973,E355N,0.8356,pathogenic,CYP24A1,355.0
Q07973,E355P,0.9941,pathogenic,CYP24A1,355.0
Q07973,E355Q,0.5022,ambiguous,CYP24A1,355.0
Q07973,E355R,0.8736,pathogenic,CYP24A1,355.0
Q07973,E355S,0.8062,pathogenic,CYP24A1,355.0
Q07973,E355T,0.8475,pathogenic,CYP24A1,355.0
Q07973,E355V,0.8205,pathogenic,CYP24A1,355.0
Q07973,E355W,0.9958,pathogenic,CYP24A1,355.0
Q07973,E355Y,0.9648,pathogenic,CYP24A1,355.0
Q07973,I356A,0.6831,pathogenic,CYP24A1,356.0
Q07973,I356C,0.7945,pathogenic,CYP24A1,356.0
Q07973,I356D,0.9494,pathogenic,CYP24A1,356.0
Q07973,I356E,0.8772,pathogenic,CYP24A1,356.0
Q07973,I356F,0.2966,benign,CYP24A1,356.0
Q07973,I356G,0.8692,pathogenic,CYP24A1,356.0
Q07973,I356H,0.8546,pathogenic,CYP24A1,356.0
Q07973,I356K,0.8132,pathogenic,CYP24A1,356.0
Q07973,I356L,0.1352,benign,CYP24A1,356.0
Q07973,I356M,0.1112,benign,CYP24A1,356.0
Q07973,I356N,0.597,pathogenic,CYP24A1,356.0
Q07973,I356P,0.9721,pathogenic,CYP24A1,356.0
Q07973,I356Q,0.8004,pathogenic,CYP24A1,356.0
Q07973,I356R,0.7658,pathogenic,CYP24A1,356.0
Q07973,I356S,0.6067,pathogenic,CYP24A1,356.0
Q07973,I356T,0.5464,ambiguous,CYP24A1,356.0
Q07973,I356V,0.1319,benign,CYP24A1,356.0
Q07973,I356W,0.882,pathogenic,CYP24A1,356.0
Q07973,I356Y,0.7381,pathogenic,CYP24A1,356.0
Q07973,Q357A,0.1441,benign,CYP24A1,357.0
Q07973,Q357C,0.2498,benign,CYP24A1,357.0
Q07973,Q357D,0.2014,benign,CYP24A1,357.0
Q07973,Q357E,0.0743,benign,CYP24A1,357.0
Q07973,Q357F,0.4169,ambiguous,CYP24A1,357.0
Q07973,Q357G,0.1274,benign,CYP24A1,357.0
Q07973,Q357H,0.1153,benign,CYP24A1,357.0
Q07973,Q357I,0.2426,benign,CYP24A1,357.0
Q07973,Q357K,0.0824,benign,CYP24A1,357.0
Q07973,Q357L,0.0897,benign,CYP24A1,357.0
Q07973,Q357M,0.2641,benign,CYP24A1,357.0
Q07973,Q357N,0.186,benign,CYP24A1,357.0
Q07973,Q357P,0.3342,benign,CYP24A1,357.0
Q07973,Q357R,0.0649,benign,CYP24A1,357.0
Q07973,Q357S,0.152,benign,CYP24A1,357.0
Q07973,Q357T,0.1318,benign,CYP24A1,357.0
Q07973,Q357V,0.1783,benign,CYP24A1,357.0
Q07973,Q357W,0.215,benign,CYP24A1,357.0
Q07973,Q357Y,0.2294,benign,CYP24A1,357.0
Q07973,S358A,0.0641,benign,CYP24A1,358.0
Q07973,S358C,0.0705,benign,CYP24A1,358.0
Q07973,S358D,0.1133,benign,CYP24A1,358.0
Q07973,S358E,0.156,benign,CYP24A1,358.0
Q07973,S358F,0.148,benign,CYP24A1,358.0
Q07973,S358G,0.0584,benign,CYP24A1,358.0
Q07973,S358H,0.1148,benign,CYP24A1,358.0
Q07973,S358I,0.1141,benign,CYP24A1,358.0
Q07973,S358K,0.1603,benign,CYP24A1,358.0
Q07973,S358L,0.0825,benign,CYP24A1,358.0
Q07973,S358M,0.1142,benign,CYP24A1,358.0
Q07973,S358N,0.0683,benign,CYP24A1,358.0
Q07973,S358P,0.5226,ambiguous,CYP24A1,358.0
Q07973,S358Q,0.159,benign,CYP24A1,358.0
Q07973,S358R,0.1183,benign,CYP24A1,358.0
Q07973,S358T,0.0675,benign,CYP24A1,358.0
Q07973,S358V,0.1206,benign,CYP24A1,358.0
Q07973,S358W,0.1606,benign,CYP24A1,358.0
Q07973,S358Y,0.1112,benign,CYP24A1,358.0
Q07973,V359A,0.1363,benign,CYP24A1,359.0
Q07973,V359C,0.4519,ambiguous,CYP24A1,359.0
Q07973,V359D,0.27,benign,CYP24A1,359.0
Q07973,V359E,0.2084,benign,CYP24A1,359.0
Q07973,V359F,0.115,benign,CYP24A1,359.0
Q07973,V359G,0.1629,benign,CYP24A1,359.0
Q07973,V359H,0.2827,benign,CYP24A1,359.0
Q07973,V359I,0.0701,benign,CYP24A1,359.0
Q07973,V359K,0.1941,benign,CYP24A1,359.0
Q07973,V359L,0.1508,benign,CYP24A1,359.0
Q07973,V359M,0.1074,benign,CYP24A1,359.0
Q07973,V359N,0.1586,benign,CYP24A1,359.0
Q07973,V359P,0.6271,pathogenic,CYP24A1,359.0
Q07973,V359Q,0.1852,benign,CYP24A1,359.0
Q07973,V359R,0.155,benign,CYP24A1,359.0
Q07973,V359S,0.1441,benign,CYP24A1,359.0
Q07973,V359T,0.1426,benign,CYP24A1,359.0
Q07973,V359W,0.5954,pathogenic,CYP24A1,359.0
Q07973,V359Y,0.3349,benign,CYP24A1,359.0
Q07973,L360A,0.2754,benign,CYP24A1,360.0
Q07973,L360C,0.3039,benign,CYP24A1,360.0
Q07973,L360D,0.7082,pathogenic,CYP24A1,360.0
Q07973,L360E,0.4293,ambiguous,CYP24A1,360.0
Q07973,L360F,0.094,benign,CYP24A1,360.0
Q07973,L360G,0.5051,ambiguous,CYP24A1,360.0
Q07973,L360H,0.2147,benign,CYP24A1,360.0
Q07973,L360I,0.081,benign,CYP24A1,360.0
Q07973,L360K,0.3525,ambiguous,CYP24A1,360.0
Q07973,L360M,0.1109,benign,CYP24A1,360.0
Q07973,L360N,0.4446,ambiguous,CYP24A1,360.0
Q07973,L360P,0.5643,pathogenic,CYP24A1,360.0
Q07973,L360Q,0.1913,benign,CYP24A1,360.0
Q07973,L360R,0.2052,benign,CYP24A1,360.0
Q07973,L360S,0.2802,benign,CYP24A1,360.0
Q07973,L360T,0.2439,benign,CYP24A1,360.0
Q07973,L360V,0.0773,benign,CYP24A1,360.0
Q07973,L360W,0.1848,benign,CYP24A1,360.0
Q07973,L360Y,0.2815,benign,CYP24A1,360.0
Q07973,P361A,0.0783,benign,CYP24A1,361.0
Q07973,P361C,0.2353,benign,CYP24A1,361.0
Q07973,P361D,0.2337,benign,CYP24A1,361.0
Q07973,P361E,0.1686,benign,CYP24A1,361.0
Q07973,P361F,0.2964,benign,CYP24A1,361.0
Q07973,P361G,0.1612,benign,CYP24A1,361.0
Q07973,P361H,0.1118,benign,CYP24A1,361.0
Q07973,P361I,0.264,benign,CYP24A1,361.0
Q07973,P361K,0.151,benign,CYP24A1,361.0
Q07973,P361L,0.1002,benign,CYP24A1,361.0
Q07973,P361M,0.2267,benign,CYP24A1,361.0
Q07973,P361N,0.2139,benign,CYP24A1,361.0
Q07973,P361Q,0.1078,benign,CYP24A1,361.0
Q07973,P361R,0.0948,benign,CYP24A1,361.0
Q07973,P361S,0.0904,benign,CYP24A1,361.0
Q07973,P361T,0.0873,benign,CYP24A1,361.0
Q07973,P361V,0.1719,benign,CYP24A1,361.0
Q07973,P361W,0.2981,benign,CYP24A1,361.0
Q07973,P361Y,0.2633,benign,CYP24A1,361.0
Q07973,E362A,0.0761,benign,CYP24A1,362.0
Q07973,E362C,0.3684,ambiguous,CYP24A1,362.0
Q07973,E362D,0.0767,benign,CYP24A1,362.0
Q07973,E362F,0.3521,ambiguous,CYP24A1,362.0
Q07973,E362G,0.0626,benign,CYP24A1,362.0
Q07973,E362H,0.1597,benign,CYP24A1,362.0
Q07973,E362I,0.1647,benign,CYP24A1,362.0
Q07973,E362K,0.064,benign,CYP24A1,362.0
Q07973,E362L,0.1634,benign,CYP24A1,362.0
Q07973,E362M,0.2124,benign,CYP24A1,362.0
Q07973,E362N,0.1168,benign,CYP24A1,362.0
Q07973,E362P,0.1507,benign,CYP24A1,362.0
Q07973,E362Q,0.0762,benign,CYP24A1,362.0
Q07973,E362R,0.0851,benign,CYP24A1,362.0
Q07973,E362S,0.094,benign,CYP24A1,362.0
Q07973,E362T,0.1073,benign,CYP24A1,362.0
Q07973,E362V,0.1058,benign,CYP24A1,362.0
Q07973,E362W,0.4008,ambiguous,CYP24A1,362.0
Q07973,E362Y,0.2314,benign,CYP24A1,362.0
Q07973,N363A,0.1189,benign,CYP24A1,363.0
Q07973,N363C,0.1438,benign,CYP24A1,363.0
Q07973,N363D,0.0738,benign,CYP24A1,363.0
Q07973,N363E,0.1395,benign,CYP24A1,363.0
Q07973,N363F,0.2563,benign,CYP24A1,363.0
Q07973,N363G,0.1337,benign,CYP24A1,363.0
Q07973,N363H,0.0789,benign,CYP24A1,363.0
Q07973,N363I,0.1123,benign,CYP24A1,363.0
Q07973,N363K,0.0987,benign,CYP24A1,363.0
Q07973,N363L,0.1481,benign,CYP24A1,363.0
Q07973,N363M,0.17,benign,CYP24A1,363.0
Q07973,N363P,0.2922,benign,CYP24A1,363.0
Q07973,N363Q,0.1419,benign,CYP24A1,363.0
Q07973,N363R,0.1277,benign,CYP24A1,363.0
Q07973,N363S,0.08,benign,CYP24A1,363.0
Q07973,N363T,0.0875,benign,CYP24A1,363.0
Q07973,N363V,0.1158,benign,CYP24A1,363.0
Q07973,N363W,0.395,ambiguous,CYP24A1,363.0
Q07973,N363Y,0.0845,benign,CYP24A1,363.0
Q07973,Q364A,0.1185,benign,CYP24A1,364.0
Q07973,Q364C,0.2477,benign,CYP24A1,364.0
Q07973,Q364D,0.1773,benign,CYP24A1,364.0
Q07973,Q364E,0.0677,benign,CYP24A1,364.0
Q07973,Q364F,0.4414,ambiguous,CYP24A1,364.0
Q07973,Q364G,0.1098,benign,CYP24A1,364.0
Q07973,Q364H,0.1142,benign,CYP24A1,364.0
Q07973,Q364I,0.2231,benign,CYP24A1,364.0
Q07973,Q364K,0.0721,benign,CYP24A1,364.0
Q07973,Q364L,0.1033,benign,CYP24A1,364.0
Q07973,Q364M,0.2352,benign,CYP24A1,364.0
Q07973,Q364N,0.1796,benign,CYP24A1,364.0
Q07973,Q364P,0.1543,benign,CYP24A1,364.0
Q07973,Q364R,0.0611,benign,CYP24A1,364.0
Q07973,Q364S,0.135,benign,CYP24A1,364.0
Q07973,Q364T,0.1031,benign,CYP24A1,364.0
Q07973,Q364V,0.147,benign,CYP24A1,364.0
Q07973,Q364W,0.2262,benign,CYP24A1,364.0
Q07973,Q364Y,0.2365,benign,CYP24A1,364.0
Q07973,V365A,0.0757,benign,CYP24A1,365.0
Q07973,V365C,0.322,benign,CYP24A1,365.0
Q07973,V365D,0.1013,benign,CYP24A1,365.0
Q07973,V365E,0.0893,benign,CYP24A1,365.0
Q07973,V365F,0.0827,benign,CYP24A1,365.0
Q07973,V365G,0.0893,benign,CYP24A1,365.0
Q07973,V365H,0.1598,benign,CYP24A1,365.0
Q07973,V365I,0.0692,benign,CYP24A1,365.0
Q07973,V365K,0.0921,benign,CYP24A1,365.0
Q07973,V365L,0.0801,benign,CYP24A1,365.0
Q07973,V365M,0.0673,benign,CYP24A1,365.0
Q07973,V365N,0.0928,benign,CYP24A1,365.0
Q07973,V365P,0.0916,benign,CYP24A1,365.0
Q07973,V365Q,0.0969,benign,CYP24A1,365.0
Q07973,V365R,0.0879,benign,CYP24A1,365.0
Q07973,V365S,0.0793,benign,CYP24A1,365.0
Q07973,V365T,0.0789,benign,CYP24A1,365.0
Q07973,V365W,0.3006,benign,CYP24A1,365.0
Q07973,V365Y,0.1892,benign,CYP24A1,365.0
Q07973,P366A,0.1196,benign,CYP24A1,366.0
Q07973,P366C,0.5177,ambiguous,CYP24A1,366.0
Q07973,P366D,0.892,pathogenic,CYP24A1,366.0
Q07973,P366E,0.6913,pathogenic,CYP24A1,366.0
Q07973,P366F,0.6328,pathogenic,CYP24A1,366.0
Q07973,P366G,0.5352,ambiguous,CYP24A1,366.0
Q07973,P366H,0.5729,pathogenic,CYP24A1,366.0
Q07973,P366I,0.3277,benign,CYP24A1,366.0
Q07973,P366K,0.752,pathogenic,CYP24A1,366.0
Q07973,P366L,0.1545,benign,CYP24A1,366.0
Q07973,P366M,0.4474,ambiguous,CYP24A1,366.0
Q07973,P366N,0.8017,pathogenic,CYP24A1,366.0
Q07973,P366Q,0.5127,ambiguous,CYP24A1,366.0
Q07973,P366R,0.5318,ambiguous,CYP24A1,366.0
Q07973,P366S,0.3391,benign,CYP24A1,366.0
Q07973,P366T,0.27,benign,CYP24A1,366.0
Q07973,P366V,0.2229,benign,CYP24A1,366.0
Q07973,P366W,0.7945,pathogenic,CYP24A1,366.0
Q07973,P366Y,0.6756,pathogenic,CYP24A1,366.0
Q07973,R367A,0.1294,benign,CYP24A1,367.0
Q07973,R367C,0.0861,benign,CYP24A1,367.0
Q07973,R367D,0.2528,benign,CYP24A1,367.0
Q07973,R367E,0.1396,benign,CYP24A1,367.0
Q07973,R367F,0.2669,benign,CYP24A1,367.0
Q07973,R367G,0.0735,benign,CYP24A1,367.0
Q07973,R367H,0.0753,benign,CYP24A1,367.0
Q07973,R367I,0.1855,benign,CYP24A1,367.0
Q07973,R367K,0.0719,benign,CYP24A1,367.0
Q07973,R367L,0.1198,benign,CYP24A1,367.0
Q07973,R367M,0.1587,benign,CYP24A1,367.0
Q07973,R367N,0.2219,benign,CYP24A1,367.0
Q07973,R367P,0.3665,ambiguous,CYP24A1,367.0
Q07973,R367Q,0.0699,benign,CYP24A1,367.0
Q07973,R367S,0.1454,benign,CYP24A1,367.0
Q07973,R367T,0.0936,benign,CYP24A1,367.0
Q07973,R367V,0.1753,benign,CYP24A1,367.0
Q07973,R367W,0.1179,benign,CYP24A1,367.0
Q07973,R367Y,0.1972,benign,CYP24A1,367.0
Q07973,A368C,0.4771,ambiguous,CYP24A1,368.0
Q07973,A368D,0.521,ambiguous,CYP24A1,368.0
Q07973,A368E,0.4326,ambiguous,CYP24A1,368.0
Q07973,A368F,0.4313,ambiguous,CYP24A1,368.0
Q07973,A368G,0.1056,benign,CYP24A1,368.0
Q07973,A368H,0.6255,pathogenic,CYP24A1,368.0
Q07973,A368I,0.3305,benign,CYP24A1,368.0
Q07973,A368K,0.6265,pathogenic,CYP24A1,368.0
Q07973,A368L,0.2846,benign,CYP24A1,368.0
Q07973,A368M,0.2715,benign,CYP24A1,368.0
Q07973,A368N,0.4444,ambiguous,CYP24A1,368.0
Q07973,A368P,0.2412,benign,CYP24A1,368.0
Q07973,A368Q,0.5271,ambiguous,CYP24A1,368.0
Q07973,A368R,0.5437,ambiguous,CYP24A1,368.0
Q07973,A368S,0.1273,benign,CYP24A1,368.0
Q07973,A368T,0.1219,benign,CYP24A1,368.0
Q07973,A368V,0.1468,benign,CYP24A1,368.0
Q07973,A368W,0.7237,pathogenic,CYP24A1,368.0
Q07973,A368Y,0.5301,ambiguous,CYP24A1,368.0
Q07973,E369A,0.0833,benign,CYP24A1,369.0
Q07973,E369C,0.5765,pathogenic,CYP24A1,369.0
Q07973,E369D,0.124,benign,CYP24A1,369.0
Q07973,E369F,0.5991,pathogenic,CYP24A1,369.0
Q07973,E369G,0.0867,benign,CYP24A1,369.0
Q07973,E369H,0.2716,benign,CYP24A1,369.0
Q07973,E369I,0.259,benign,CYP24A1,369.0
Q07973,E369K,0.0832,benign,CYP24A1,369.0
Q07973,E369L,0.2715,benign,CYP24A1,369.0
Q07973,E369M,0.3095,benign,CYP24A1,369.0
Q07973,E369N,0.2015,benign,CYP24A1,369.0
Q07973,E369P,0.3932,ambiguous,CYP24A1,369.0
Q07973,E369Q,0.0933,benign,CYP24A1,369.0
Q07973,E369R,0.1187,benign,CYP24A1,369.0
Q07973,E369S,0.1244,benign,CYP24A1,369.0
Q07973,E369T,0.1317,benign,CYP24A1,369.0
Q07973,E369V,0.1387,benign,CYP24A1,369.0
Q07973,E369W,0.6349,pathogenic,CYP24A1,369.0
Q07973,E369Y,0.4526,ambiguous,CYP24A1,369.0
Q07973,D370A,0.1636,benign,CYP24A1,370.0
Q07973,D370C,0.3987,ambiguous,CYP24A1,370.0
Q07973,D370E,0.2419,benign,CYP24A1,370.0
Q07973,D370F,0.4227,ambiguous,CYP24A1,370.0
Q07973,D370G,0.225,benign,CYP24A1,370.0
Q07973,D370H,0.1526,benign,CYP24A1,370.0
Q07973,D370I,0.2497,benign,CYP24A1,370.0
Q07973,D370K,0.4188,ambiguous,CYP24A1,370.0
Q07973,D370L,0.3455,ambiguous,CYP24A1,370.0
Q07973,D370M,0.4502,ambiguous,CYP24A1,370.0
Q07973,D370N,0.1167,benign,CYP24A1,370.0
Q07973,D370P,0.842,pathogenic,CYP24A1,370.0
Q07973,D370Q,0.3072,benign,CYP24A1,370.0
Q07973,D370R,0.4634,ambiguous,CYP24A1,370.0
Q07973,D370S,0.1596,benign,CYP24A1,370.0
Q07973,D370T,0.2486,benign,CYP24A1,370.0
Q07973,D370V,0.1567,benign,CYP24A1,370.0
Q07973,D370W,0.7604,pathogenic,CYP24A1,370.0
Q07973,D370Y,0.1269,benign,CYP24A1,370.0
Q07973,L371A,0.5313,ambiguous,CYP24A1,371.0
Q07973,L371C,0.5923,pathogenic,CYP24A1,371.0
Q07973,L371D,0.9571,pathogenic,CYP24A1,371.0
Q07973,L371E,0.8168,pathogenic,CYP24A1,371.0
Q07973,L371F,0.2538,benign,CYP24A1,371.0
Q07973,L371G,0.7912,pathogenic,CYP24A1,371.0
Q07973,L371H,0.6639,pathogenic,CYP24A1,371.0
Q07973,L371I,0.0866,benign,CYP24A1,371.0
Q07973,L371K,0.7719,pathogenic,CYP24A1,371.0
Q07973,L371M,0.1433,benign,CYP24A1,371.0
Q07973,L371N,0.8055,pathogenic,CYP24A1,371.0
Q07973,L371P,0.8499,pathogenic,CYP24A1,371.0
Q07973,L371Q,0.5698,pathogenic,CYP24A1,371.0
Q07973,L371R,0.6206,pathogenic,CYP24A1,371.0
Q07973,L371S,0.6722,pathogenic,CYP24A1,371.0
Q07973,L371T,0.4445,ambiguous,CYP24A1,371.0
Q07973,L371V,0.0897,benign,CYP24A1,371.0
Q07973,L371W,0.4908,ambiguous,CYP24A1,371.0
Q07973,L371Y,0.6397,pathogenic,CYP24A1,371.0
Q07973,R372A,0.2034,benign,CYP24A1,372.0
Q07973,R372C,0.1366,benign,CYP24A1,372.0
Q07973,R372D,0.4945,ambiguous,CYP24A1,372.0
Q07973,R372E,0.2204,benign,CYP24A1,372.0
Q07973,R372F,0.4659,ambiguous,CYP24A1,372.0
Q07973,R372G,0.1084,benign,CYP24A1,372.0
Q07973,R372H,0.1061,benign,CYP24A1,372.0
Q07973,R372I,0.2295,benign,CYP24A1,372.0
Q07973,R372K,0.0686,benign,CYP24A1,372.0
Q07973,R372L,0.1641,benign,CYP24A1,372.0
Q07973,R372M,0.1906,benign,CYP24A1,372.0
Q07973,R372N,0.3646,ambiguous,CYP24A1,372.0
Q07973,R372P,0.3119,benign,CYP24A1,372.0
Q07973,R372Q,0.0755,benign,CYP24A1,372.0
Q07973,R372S,0.2709,benign,CYP24A1,372.0
Q07973,R372T,0.172,benign,CYP24A1,372.0
Q07973,R372V,0.2594,benign,CYP24A1,372.0
Q07973,R372W,0.1248,benign,CYP24A1,372.0
Q07973,R372Y,0.3186,benign,CYP24A1,372.0
Q07973,N373A,0.1256,benign,CYP24A1,373.0
Q07973,N373C,0.1401,benign,CYP24A1,373.0
Q07973,N373D,0.0967,benign,CYP24A1,373.0
Q07973,N373E,0.1562,benign,CYP24A1,373.0
Q07973,N373F,0.3244,benign,CYP24A1,373.0
Q07973,N373G,0.1582,benign,CYP24A1,373.0
Q07973,N373H,0.0623,benign,CYP24A1,373.0
Q07973,N373I,0.1589,benign,CYP24A1,373.0
Q07973,N373K,0.0858,benign,CYP24A1,373.0
Q07973,N373L,0.1431,benign,CYP24A1,373.0
Q07973,N373M,0.1967,benign,CYP24A1,373.0
Q07973,N373P,0.549,ambiguous,CYP24A1,373.0
Q07973,N373Q,0.1221,benign,CYP24A1,373.0
Q07973,N373R,0.0988,benign,CYP24A1,373.0
Q07973,N373S,0.0775,benign,CYP24A1,373.0
Q07973,N373T,0.1079,benign,CYP24A1,373.0
Q07973,N373V,0.1497,benign,CYP24A1,373.0
Q07973,N373W,0.4302,ambiguous,CYP24A1,373.0
Q07973,N373Y,0.1004,benign,CYP24A1,373.0
Q07973,M374A,0.7586,pathogenic,CYP24A1,374.0
Q07973,M374C,0.7819,pathogenic,CYP24A1,374.0
Q07973,M374D,0.9791,pathogenic,CYP24A1,374.0
Q07973,M374E,0.9178,pathogenic,CYP24A1,374.0
Q07973,M374F,0.5583,ambiguous,CYP24A1,374.0
Q07973,M374G,0.9209,pathogenic,CYP24A1,374.0
Q07973,M374H,0.8327,pathogenic,CYP24A1,374.0
Q07973,M374I,0.5303,ambiguous,CYP24A1,374.0
Q07973,M374K,0.6584,pathogenic,CYP24A1,374.0
Q07973,M374L,0.1143,benign,CYP24A1,374.0
Q07973,M374N,0.8709,pathogenic,CYP24A1,374.0
Q07973,M374P,0.972,pathogenic,CYP24A1,374.0
Q07973,M374Q,0.7065,pathogenic,CYP24A1,374.0
Q07973,M374R,0.6748,pathogenic,CYP24A1,374.0
Q07973,M374S,0.8041,pathogenic,CYP24A1,374.0
Q07973,M374T,0.6113,pathogenic,CYP24A1,374.0
Q07973,M374V,0.2225,benign,CYP24A1,374.0
Q07973,M374W,0.8342,pathogenic,CYP24A1,374.0
Q07973,M374Y,0.8321,pathogenic,CYP24A1,374.0
Q07973,P375A,0.1156,benign,CYP24A1,375.0
Q07973,P375C,0.3817,ambiguous,CYP24A1,375.0
Q07973,P375D,0.4977,ambiguous,CYP24A1,375.0
Q07973,P375E,0.3257,benign,CYP24A1,375.0
Q07973,P375F,0.4648,ambiguous,CYP24A1,375.0
Q07973,P375G,0.3157,benign,CYP24A1,375.0
Q07973,P375H,0.1521,benign,CYP24A1,375.0
Q07973,P375I,0.2647,benign,CYP24A1,375.0
Q07973,P375K,0.2321,benign,CYP24A1,375.0
Q07973,P375L,0.1348,benign,CYP24A1,375.0
Q07973,P375M,0.3595,ambiguous,CYP24A1,375.0
Q07973,P375N,0.3423,ambiguous,CYP24A1,375.0
Q07973,P375Q,0.1764,benign,CYP24A1,375.0
Q07973,P375R,0.1302,benign,CYP24A1,375.0
Q07973,P375S,0.1506,benign,CYP24A1,375.0
Q07973,P375T,0.1104,benign,CYP24A1,375.0
Q07973,P375V,0.1877,benign,CYP24A1,375.0
Q07973,P375W,0.5117,ambiguous,CYP24A1,375.0
Q07973,P375Y,0.3959,ambiguous,CYP24A1,375.0
Q07973,Y376A,0.8242,pathogenic,CYP24A1,376.0
Q07973,Y376C,0.3157,benign,CYP24A1,376.0
Q07973,Y376D,0.8084,pathogenic,CYP24A1,376.0
Q07973,Y376E,0.9438,pathogenic,CYP24A1,376.0
Q07973,Y376F,0.0978,benign,CYP24A1,376.0
Q07973,Y376G,0.7702,pathogenic,CYP24A1,376.0
Q07973,Y376H,0.5525,ambiguous,CYP24A1,376.0
Q07973,Y376I,0.7115,pathogenic,CYP24A1,376.0
Q07973,Y376K,0.9438,pathogenic,CYP24A1,376.0
Q07973,Y376L,0.4429,ambiguous,CYP24A1,376.0
Q07973,Y376M,0.7498,pathogenic,CYP24A1,376.0
Q07973,Y376N,0.6346,pathogenic,CYP24A1,376.0
Q07973,Y376P,0.9556,pathogenic,CYP24A1,376.0
Q07973,Y376Q,0.8972,pathogenic,CYP24A1,376.0
Q07973,Y376R,0.8563,pathogenic,CYP24A1,376.0
Q07973,Y376S,0.5859,pathogenic,CYP24A1,376.0
Q07973,Y376T,0.815,pathogenic,CYP24A1,376.0
Q07973,Y376V,0.5865,pathogenic,CYP24A1,376.0
Q07973,Y376W,0.3904,ambiguous,CYP24A1,376.0
Q07973,L377A,0.5922,pathogenic,CYP24A1,377.0
Q07973,L377C,0.7111,pathogenic,CYP24A1,377.0
Q07973,L377D,0.9917,pathogenic,CYP24A1,377.0
Q07973,L377E,0.9169,pathogenic,CYP24A1,377.0
Q07973,L377F,0.3738,ambiguous,CYP24A1,377.0
Q07973,L377G,0.8365,pathogenic,CYP24A1,377.0
Q07973,L377H,0.845,pathogenic,CYP24A1,377.0
Q07973,L377I,0.182,benign,CYP24A1,377.0
Q07973,L377K,0.9072,pathogenic,CYP24A1,377.0
Q07973,L377M,0.1765,benign,CYP24A1,377.0
Q07973,L377N,0.9353,pathogenic,CYP24A1,377.0
Q07973,L377P,0.8995,pathogenic,CYP24A1,377.0
Q07973,L377Q,0.6556,pathogenic,CYP24A1,377.0
Q07973,L377R,0.806,pathogenic,CYP24A1,377.0
Q07973,L377S,0.751,pathogenic,CYP24A1,377.0
Q07973,L377T,0.4913,ambiguous,CYP24A1,377.0
Q07973,L377V,0.1438,benign,CYP24A1,377.0
Q07973,L377W,0.7414,pathogenic,CYP24A1,377.0
Q07973,L377Y,0.8733,pathogenic,CYP24A1,377.0
Q07973,K378A,0.75,pathogenic,CYP24A1,378.0
Q07973,K378C,0.8367,pathogenic,CYP24A1,378.0
Q07973,K378D,0.9371,pathogenic,CYP24A1,378.0
Q07973,K378E,0.6292,pathogenic,CYP24A1,378.0
Q07973,K378F,0.9392,pathogenic,CYP24A1,378.0
Q07973,K378G,0.781,pathogenic,CYP24A1,378.0
Q07973,K378H,0.4959,ambiguous,CYP24A1,378.0
Q07973,K378I,0.7477,pathogenic,CYP24A1,378.0
Q07973,K378L,0.6465,pathogenic,CYP24A1,378.0
Q07973,K378M,0.5248,ambiguous,CYP24A1,378.0
Q07973,K378N,0.8569,pathogenic,CYP24A1,378.0
Q07973,K378P,0.919,pathogenic,CYP24A1,378.0
Q07973,K378Q,0.2741,benign,CYP24A1,378.0
Q07973,K378R,0.0806,benign,CYP24A1,378.0
Q07973,K378S,0.8244,pathogenic,CYP24A1,378.0
Q07973,K378T,0.5582,ambiguous,CYP24A1,378.0
Q07973,K378V,0.6966,pathogenic,CYP24A1,378.0
Q07973,K378W,0.8268,pathogenic,CYP24A1,378.0
Q07973,K378Y,0.8275,pathogenic,CYP24A1,378.0
Q07973,A379C,0.6996,pathogenic,CYP24A1,379.0
Q07973,A379D,0.9037,pathogenic,CYP24A1,379.0
Q07973,A379E,0.9228,pathogenic,CYP24A1,379.0
Q07973,A379F,0.8523,pathogenic,CYP24A1,379.0
Q07973,A379G,0.156,benign,CYP24A1,379.0
Q07973,A379H,0.9164,pathogenic,CYP24A1,379.0
Q07973,A379I,0.8949,pathogenic,CYP24A1,379.0
Q07973,A379K,0.9619,pathogenic,CYP24A1,379.0
Q07973,A379L,0.7274,pathogenic,CYP24A1,379.0
Q07973,A379M,0.7826,pathogenic,CYP24A1,379.0
Q07973,A379N,0.7873,pathogenic,CYP24A1,379.0
Q07973,A379P,0.9485,pathogenic,CYP24A1,379.0
Q07973,A379Q,0.8872,pathogenic,CYP24A1,379.0
Q07973,A379R,0.9152,pathogenic,CYP24A1,379.0
Q07973,A379S,0.1725,benign,CYP24A1,379.0
Q07973,A379T,0.5691,pathogenic,CYP24A1,379.0
Q07973,A379V,0.6573,pathogenic,CYP24A1,379.0
Q07973,A379W,0.9704,pathogenic,CYP24A1,379.0
Q07973,A379Y,0.8656,pathogenic,CYP24A1,379.0
Q07973,C380A,0.5358,ambiguous,CYP24A1,380.0
Q07973,C380D,0.9911,pathogenic,CYP24A1,380.0
Q07973,C380E,0.9955,pathogenic,CYP24A1,380.0
Q07973,C380F,0.5283,ambiguous,CYP24A1,380.0
Q07973,C380G,0.398,ambiguous,CYP24A1,380.0
Q07973,C380H,0.9699,pathogenic,CYP24A1,380.0
Q07973,C380I,0.606,pathogenic,CYP24A1,380.0
Q07973,C380K,0.9974,pathogenic,CYP24A1,380.0
Q07973,C380L,0.65,pathogenic,CYP24A1,380.0
Q07973,C380M,0.827,pathogenic,CYP24A1,380.0
Q07973,C380N,0.9499,pathogenic,CYP24A1,380.0
Q07973,C380P,0.9906,pathogenic,CYP24A1,380.0
Q07973,C380Q,0.9835,pathogenic,CYP24A1,380.0
Q07973,C380R,0.9743,pathogenic,CYP24A1,380.0
Q07973,C380S,0.4264,ambiguous,CYP24A1,380.0
Q07973,C380T,0.5326,ambiguous,CYP24A1,380.0
Q07973,C380V,0.4019,ambiguous,CYP24A1,380.0
Q07973,C380W,0.9195,pathogenic,CYP24A1,380.0
Q07973,C380Y,0.8548,pathogenic,CYP24A1,380.0
Q07973,L381A,0.5259,ambiguous,CYP24A1,381.0
Q07973,L381C,0.5729,pathogenic,CYP24A1,381.0
Q07973,L381D,0.9744,pathogenic,CYP24A1,381.0
Q07973,L381E,0.7839,pathogenic,CYP24A1,381.0
Q07973,L381F,0.2365,benign,CYP24A1,381.0
Q07973,L381G,0.7976,pathogenic,CYP24A1,381.0
Q07973,L381H,0.5439,ambiguous,CYP24A1,381.0
Q07973,L381I,0.1094,benign,CYP24A1,381.0
Q07973,L381K,0.7173,pathogenic,CYP24A1,381.0
Q07973,L381M,0.1413,benign,CYP24A1,381.0
Q07973,L381N,0.8134,pathogenic,CYP24A1,381.0
Q07973,L381P,0.9176,pathogenic,CYP24A1,381.0
Q07973,L381Q,0.3666,ambiguous,CYP24A1,381.0
Q07973,L381R,0.5456,ambiguous,CYP24A1,381.0
Q07973,L381S,0.6207,pathogenic,CYP24A1,381.0
Q07973,L381T,0.4815,ambiguous,CYP24A1,381.0
Q07973,L381V,0.1129,benign,CYP24A1,381.0
Q07973,L381W,0.4456,ambiguous,CYP24A1,381.0
Q07973,L381Y,0.6639,pathogenic,CYP24A1,381.0
Q07973,K382A,0.8583,pathogenic,CYP24A1,382.0
Q07973,K382C,0.9034,pathogenic,CYP24A1,382.0
Q07973,K382D,0.9671,pathogenic,CYP24A1,382.0
Q07973,K382E,0.7182,pathogenic,CYP24A1,382.0
Q07973,K382F,0.9691,pathogenic,CYP24A1,382.0
Q07973,K382G,0.8932,pathogenic,CYP24A1,382.0
Q07973,K382H,0.6796,pathogenic,CYP24A1,382.0
Q07973,K382I,0.8833,pathogenic,CYP24A1,382.0
Q07973,K382L,0.7376,pathogenic,CYP24A1,382.0
Q07973,K382M,0.6197,pathogenic,CYP24A1,382.0
Q07973,K382N,0.9275,pathogenic,CYP24A1,382.0
Q07973,K382P,0.9824,pathogenic,CYP24A1,382.0
Q07973,K382Q,0.3937,ambiguous,CYP24A1,382.0
Q07973,K382R,0.1126,benign,CYP24A1,382.0
Q07973,K382S,0.9152,pathogenic,CYP24A1,382.0
Q07973,K382T,0.7429,pathogenic,CYP24A1,382.0
Q07973,K382V,0.8397,pathogenic,CYP24A1,382.0
Q07973,K382W,0.8897,pathogenic,CYP24A1,382.0
Q07973,K382Y,0.9058,pathogenic,CYP24A1,382.0
Q07973,E383A,0.9322,pathogenic,CYP24A1,383.0
Q07973,E383C,0.9925,pathogenic,CYP24A1,383.0
Q07973,E383D,0.9567,pathogenic,CYP24A1,383.0
Q07973,E383F,0.9984,pathogenic,CYP24A1,383.0
Q07973,E383G,0.9155,pathogenic,CYP24A1,383.0
Q07973,E383H,0.9924,pathogenic,CYP24A1,383.0
Q07973,E383I,0.9928,pathogenic,CYP24A1,383.0
Q07973,E383K,0.9659,pathogenic,CYP24A1,383.0
Q07973,E383L,0.9919,pathogenic,CYP24A1,383.0
Q07973,E383M,0.9932,pathogenic,CYP24A1,383.0
Q07973,E383N,0.9884,pathogenic,CYP24A1,383.0
Q07973,E383P,0.9979,pathogenic,CYP24A1,383.0
Q07973,E383Q,0.9537,pathogenic,CYP24A1,383.0
Q07973,E383R,0.9744,pathogenic,CYP24A1,383.0
Q07973,E383S,0.9719,pathogenic,CYP24A1,383.0
Q07973,E383T,0.9857,pathogenic,CYP24A1,383.0
Q07973,E383V,0.9734,pathogenic,CYP24A1,383.0
Q07973,E383W,0.9991,pathogenic,CYP24A1,383.0
Q07973,E383Y,0.9934,pathogenic,CYP24A1,383.0
Q07973,S384A,0.1455,benign,CYP24A1,384.0
Q07973,S384C,0.235,benign,CYP24A1,384.0
Q07973,S384D,0.961,pathogenic,CYP24A1,384.0
Q07973,S384E,0.9765,pathogenic,CYP24A1,384.0
Q07973,S384F,0.9135,pathogenic,CYP24A1,384.0
Q07973,S384G,0.1343,benign,CYP24A1,384.0
Q07973,S384H,0.9591,pathogenic,CYP24A1,384.0
Q07973,S384I,0.7819,pathogenic,CYP24A1,384.0
Q07973,S384K,0.9965,pathogenic,CYP24A1,384.0
Q07973,S384L,0.6457,pathogenic,CYP24A1,384.0
Q07973,S384M,0.6769,pathogenic,CYP24A1,384.0
Q07973,S384N,0.7475,pathogenic,CYP24A1,384.0
Q07973,S384P,0.9739,pathogenic,CYP24A1,384.0
Q07973,S384Q,0.9708,pathogenic,CYP24A1,384.0
Q07973,S384R,0.9931,pathogenic,CYP24A1,384.0
Q07973,S384T,0.1818,benign,CYP24A1,384.0
Q07973,S384V,0.6493,pathogenic,CYP24A1,384.0
Q07973,S384W,0.9466,pathogenic,CYP24A1,384.0
Q07973,S384Y,0.8934,pathogenic,CYP24A1,384.0
Q07973,M385A,0.6751,pathogenic,CYP24A1,385.0
Q07973,M385C,0.8127,pathogenic,CYP24A1,385.0
Q07973,M385D,0.9791,pathogenic,CYP24A1,385.0
Q07973,M385E,0.8457,pathogenic,CYP24A1,385.0
Q07973,M385F,0.4435,ambiguous,CYP24A1,385.0
Q07973,M385G,0.8243,pathogenic,CYP24A1,385.0
Q07973,M385H,0.7875,pathogenic,CYP24A1,385.0
Q07973,M385I,0.7683,pathogenic,CYP24A1,385.0
Q07973,M385K,0.6549,pathogenic,CYP24A1,385.0
Q07973,M385L,0.1629,benign,CYP24A1,385.0
Q07973,M385N,0.8159,pathogenic,CYP24A1,385.0
Q07973,M385P,0.9865,pathogenic,CYP24A1,385.0
Q07973,M385Q,0.4432,ambiguous,CYP24A1,385.0
Q07973,M385R,0.6173,pathogenic,CYP24A1,385.0
Q07973,M385S,0.6783,pathogenic,CYP24A1,385.0
Q07973,M385T,0.5562,ambiguous,CYP24A1,385.0
Q07973,M385V,0.2211,benign,CYP24A1,385.0
Q07973,M385W,0.82,pathogenic,CYP24A1,385.0
Q07973,M385Y,0.8106,pathogenic,CYP24A1,385.0
Q07973,R386A,0.9792,pathogenic,CYP24A1,386.0
Q07973,R386C,0.7007,pathogenic,CYP24A1,386.0
Q07973,R386D,0.9958,pathogenic,CYP24A1,386.0
Q07973,R386E,0.9701,pathogenic,CYP24A1,386.0
Q07973,R386F,0.9757,pathogenic,CYP24A1,386.0
Q07973,R386G,0.9559,pathogenic,CYP24A1,386.0
Q07973,R386H,0.6482,pathogenic,CYP24A1,386.0
Q07973,R386I,0.9451,pathogenic,CYP24A1,386.0
Q07973,R386K,0.8613,pathogenic,CYP24A1,386.0
Q07973,R386L,0.8294,pathogenic,CYP24A1,386.0
Q07973,R386M,0.9695,pathogenic,CYP24A1,386.0
Q07973,R386N,0.9889,pathogenic,CYP24A1,386.0
Q07973,R386P,0.9867,pathogenic,CYP24A1,386.0
Q07973,R386Q,0.7448,pathogenic,CYP24A1,386.0
Q07973,R386S,0.9871,pathogenic,CYP24A1,386.0
Q07973,R386T,0.988,pathogenic,CYP24A1,386.0
Q07973,R386V,0.9672,pathogenic,CYP24A1,386.0
Q07973,R386W,0.7011,pathogenic,CYP24A1,386.0
Q07973,R386Y,0.9059,pathogenic,CYP24A1,386.0
Q07973,L387A,0.4608,ambiguous,CYP24A1,387.0
Q07973,L387C,0.4284,ambiguous,CYP24A1,387.0
Q07973,L387D,0.8865,pathogenic,CYP24A1,387.0
Q07973,L387E,0.548,ambiguous,CYP24A1,387.0
Q07973,L387F,0.2145,benign,CYP24A1,387.0
Q07973,L387G,0.733,pathogenic,CYP24A1,387.0
Q07973,L387H,0.335,benign,CYP24A1,387.0
Q07973,L387I,0.0769,benign,CYP24A1,387.0
Q07973,L387K,0.2912,benign,CYP24A1,387.0
Q07973,L387M,0.1099,benign,CYP24A1,387.0
Q07973,L387N,0.5599,ambiguous,CYP24A1,387.0
Q07973,L387P,0.9127,pathogenic,CYP24A1,387.0
Q07973,L387Q,0.2197,benign,CYP24A1,387.0
Q07973,L387R,0.2102,benign,CYP24A1,387.0
Q07973,L387S,0.5347,ambiguous,CYP24A1,387.0
Q07973,L387T,0.3901,ambiguous,CYP24A1,387.0
Q07973,L387V,0.0888,benign,CYP24A1,387.0
Q07973,L387W,0.331,benign,CYP24A1,387.0
Q07973,L387Y,0.4259,ambiguous,CYP24A1,387.0
Q07973,T388A,0.1167,benign,CYP24A1,388.0
Q07973,T388C,0.2621,benign,CYP24A1,388.0
Q07973,T388D,0.5428,ambiguous,CYP24A1,388.0
Q07973,T388E,0.4572,ambiguous,CYP24A1,388.0
Q07973,T388F,0.1912,benign,CYP24A1,388.0
Q07973,T388G,0.3498,ambiguous,CYP24A1,388.0
Q07973,T388H,0.1529,benign,CYP24A1,388.0
Q07973,T388I,0.2006,benign,CYP24A1,388.0
Q07973,T388K,0.2653,benign,CYP24A1,388.0
Q07973,T388L,0.1314,benign,CYP24A1,388.0
Q07973,T388M,0.0984,benign,CYP24A1,388.0
Q07973,T388N,0.1095,benign,CYP24A1,388.0
Q07973,T388P,0.5182,ambiguous,CYP24A1,388.0
Q07973,T388Q,0.2384,benign,CYP24A1,388.0
Q07973,T388R,0.195,benign,CYP24A1,388.0
Q07973,T388S,0.105,benign,CYP24A1,388.0
Q07973,T388V,0.1832,benign,CYP24A1,388.0
Q07973,T388W,0.4395,ambiguous,CYP24A1,388.0
Q07973,T388Y,0.1758,benign,CYP24A1,388.0
Q07973,P389A,0.188,benign,CYP24A1,389.0
Q07973,P389C,0.7128,pathogenic,CYP24A1,389.0
Q07973,P389D,0.9628,pathogenic,CYP24A1,389.0
Q07973,P389E,0.9105,pathogenic,CYP24A1,389.0
Q07973,P389F,0.8844,pathogenic,CYP24A1,389.0
Q07973,P389G,0.6759,pathogenic,CYP24A1,389.0
Q07973,P389H,0.7062,pathogenic,CYP24A1,389.0
Q07973,P389I,0.7927,pathogenic,CYP24A1,389.0
Q07973,P389K,0.9331,pathogenic,CYP24A1,389.0
Q07973,P389L,0.4518,ambiguous,CYP24A1,389.0
Q07973,P389M,0.739,pathogenic,CYP24A1,389.0
Q07973,P389N,0.8412,pathogenic,CYP24A1,389.0
Q07973,P389Q,0.6603,pathogenic,CYP24A1,389.0
Q07973,P389R,0.783,pathogenic,CYP24A1,389.0
Q07973,P389S,0.3133,benign,CYP24A1,389.0
Q07973,P389T,0.3337,benign,CYP24A1,389.0
Q07973,P389V,0.5893,pathogenic,CYP24A1,389.0
Q07973,P389W,0.9569,pathogenic,CYP24A1,389.0
Q07973,P389Y,0.9053,pathogenic,CYP24A1,389.0
Q07973,S390A,0.0817,benign,CYP24A1,390.0
Q07973,S390C,0.1609,benign,CYP24A1,390.0
Q07973,S390D,0.9373,pathogenic,CYP24A1,390.0
Q07973,S390E,0.9583,pathogenic,CYP24A1,390.0
Q07973,S390F,0.6278,pathogenic,CYP24A1,390.0
Q07973,S390G,0.1715,benign,CYP24A1,390.0
Q07973,S390H,0.9085,pathogenic,CYP24A1,390.0
Q07973,S390I,0.2992,benign,CYP24A1,390.0
Q07973,S390K,0.9899,pathogenic,CYP24A1,390.0
Q07973,S390L,0.2216,benign,CYP24A1,390.0
Q07973,S390M,0.3679,ambiguous,CYP24A1,390.0
Q07973,S390N,0.5603,ambiguous,CYP24A1,390.0
Q07973,S390P,0.2073,benign,CYP24A1,390.0
Q07973,S390Q,0.9358,pathogenic,CYP24A1,390.0
Q07973,S390R,0.9807,pathogenic,CYP24A1,390.0
Q07973,S390T,0.0744,benign,CYP24A1,390.0
Q07973,S390V,0.215,benign,CYP24A1,390.0
Q07973,S390W,0.8489,pathogenic,CYP24A1,390.0
Q07973,S390Y,0.7386,pathogenic,CYP24A1,390.0
Q07973,V391A,0.4684,ambiguous,CYP24A1,391.0
Q07973,V391C,0.8652,pathogenic,CYP24A1,391.0
Q07973,V391D,0.9573,pathogenic,CYP24A1,391.0
Q07973,V391E,0.917,pathogenic,CYP24A1,391.0
Q07973,V391F,0.3201,benign,CYP24A1,391.0
Q07973,V391G,0.6401,pathogenic,CYP24A1,391.0
Q07973,V391H,0.9537,pathogenic,CYP24A1,391.0
Q07973,V391I,0.0737,benign,CYP24A1,391.0
Q07973,V391K,0.9476,pathogenic,CYP24A1,391.0
Q07973,V391L,0.285,benign,CYP24A1,391.0
Q07973,V391M,0.297,benign,CYP24A1,391.0
Q07973,V391N,0.7857,pathogenic,CYP24A1,391.0
Q07973,V391P,0.8956,pathogenic,CYP24A1,391.0
Q07973,V391Q,0.8914,pathogenic,CYP24A1,391.0
Q07973,V391R,0.919,pathogenic,CYP24A1,391.0
Q07973,V391S,0.5979,pathogenic,CYP24A1,391.0
Q07973,V391T,0.588,pathogenic,CYP24A1,391.0
Q07973,V391W,0.9528,pathogenic,CYP24A1,391.0
Q07973,V391Y,0.8552,pathogenic,CYP24A1,391.0
Q07973,P392A,0.2038,benign,CYP24A1,392.0
Q07973,P392C,0.7448,pathogenic,CYP24A1,392.0
Q07973,P392D,0.973,pathogenic,CYP24A1,392.0
Q07973,P392E,0.9461,pathogenic,CYP24A1,392.0
Q07973,P392F,0.8162,pathogenic,CYP24A1,392.0
Q07973,P392G,0.699,pathogenic,CYP24A1,392.0
Q07973,P392H,0.8042,pathogenic,CYP24A1,392.0
Q07973,P392I,0.5786,pathogenic,CYP24A1,392.0
Q07973,P392K,0.9729,pathogenic,CYP24A1,392.0
Q07973,P392L,0.3769,ambiguous,CYP24A1,392.0
Q07973,P392M,0.6989,pathogenic,CYP24A1,392.0
Q07973,P392N,0.8835,pathogenic,CYP24A1,392.0
Q07973,P392Q,0.8208,pathogenic,CYP24A1,392.0
Q07973,P392R,0.9026,pathogenic,CYP24A1,392.0
Q07973,P392S,0.3869,ambiguous,CYP24A1,392.0
Q07973,P392T,0.3324,benign,CYP24A1,392.0
Q07973,P392V,0.45,ambiguous,CYP24A1,392.0
Q07973,P392W,0.9444,pathogenic,CYP24A1,392.0
Q07973,P392Y,0.888,pathogenic,CYP24A1,392.0
Q07973,F393A,0.9,pathogenic,CYP24A1,393.0
Q07973,F393C,0.7076,pathogenic,CYP24A1,393.0
Q07973,F393D,0.9927,pathogenic,CYP24A1,393.0
Q07973,F393E,0.9922,pathogenic,CYP24A1,393.0
Q07973,F393G,0.9506,pathogenic,CYP24A1,393.0
Q07973,F393H,0.9469,pathogenic,CYP24A1,393.0
Q07973,F393I,0.6545,pathogenic,CYP24A1,393.0
Q07973,F393K,0.9958,pathogenic,CYP24A1,393.0
Q07973,F393L,0.9555,pathogenic,CYP24A1,393.0
Q07973,F393M,0.7927,pathogenic,CYP24A1,393.0
Q07973,F393N,0.9627,pathogenic,CYP24A1,393.0
Q07973,F393P,0.9986,pathogenic,CYP24A1,393.0
Q07973,F393Q,0.9796,pathogenic,CYP24A1,393.0
Q07973,F393R,0.9869,pathogenic,CYP24A1,393.0
Q07973,F393S,0.8608,pathogenic,CYP24A1,393.0
Q07973,F393T,0.9292,pathogenic,CYP24A1,393.0
Q07973,F393V,0.5722,pathogenic,CYP24A1,393.0
Q07973,F393W,0.8094,pathogenic,CYP24A1,393.0
Q07973,F393Y,0.4601,ambiguous,CYP24A1,393.0
Q07973,T394A,0.1949,benign,CYP24A1,394.0
Q07973,T394C,0.6199,pathogenic,CYP24A1,394.0
Q07973,T394D,0.9049,pathogenic,CYP24A1,394.0
Q07973,T394E,0.8879,pathogenic,CYP24A1,394.0
Q07973,T394F,0.5458,ambiguous,CYP24A1,394.0
Q07973,T394G,0.527,ambiguous,CYP24A1,394.0
Q07973,T394H,0.6333,pathogenic,CYP24A1,394.0
Q07973,T394I,0.3532,ambiguous,CYP24A1,394.0
Q07973,T394K,0.8449,pathogenic,CYP24A1,394.0
Q07973,T394L,0.2031,benign,CYP24A1,394.0
Q07973,T394M,0.1583,benign,CYP24A1,394.0
Q07973,T394N,0.356,ambiguous,CYP24A1,394.0
Q07973,T394P,0.5286,ambiguous,CYP24A1,394.0
Q07973,T394Q,0.6938,pathogenic,CYP24A1,394.0
Q07973,T394R,0.7562,pathogenic,CYP24A1,394.0
Q07973,T394S,0.2296,benign,CYP24A1,394.0
Q07973,T394V,0.2669,benign,CYP24A1,394.0
Q07973,T394W,0.8834,pathogenic,CYP24A1,394.0
Q07973,T394Y,0.7165,pathogenic,CYP24A1,394.0
Q07973,T395A,0.1219,benign,CYP24A1,395.0
Q07973,T395C,0.609,pathogenic,CYP24A1,395.0
Q07973,T395D,0.9118,pathogenic,CYP24A1,395.0
Q07973,T395E,0.8892,pathogenic,CYP24A1,395.0
Q07973,T395F,0.802,pathogenic,CYP24A1,395.0
Q07973,T395G,0.2901,benign,CYP24A1,395.0
Q07973,T395H,0.8037,pathogenic,CYP24A1,395.0
Q07973,T395I,0.7496,pathogenic,CYP24A1,395.0
Q07973,T395K,0.9097,pathogenic,CYP24A1,395.0
Q07973,T395L,0.4239,ambiguous,CYP24A1,395.0
Q07973,T395M,0.2404,benign,CYP24A1,395.0
Q07973,T395N,0.5263,ambiguous,CYP24A1,395.0
Q07973,T395P,0.4386,ambiguous,CYP24A1,395.0
Q07973,T395Q,0.7594,pathogenic,CYP24A1,395.0
Q07973,T395R,0.8657,pathogenic,CYP24A1,395.0
Q07973,T395S,0.1124,benign,CYP24A1,395.0
Q07973,T395V,0.4907,ambiguous,CYP24A1,395.0
Q07973,T395W,0.951,pathogenic,CYP24A1,395.0
Q07973,T395Y,0.858,pathogenic,CYP24A1,395.0
Q07973,R396A,0.9858,pathogenic,CYP24A1,396.0
Q07973,R396C,0.71,pathogenic,CYP24A1,396.0
Q07973,R396D,0.9956,pathogenic,CYP24A1,396.0
Q07973,R396E,0.9598,pathogenic,CYP24A1,396.0
Q07973,R396F,0.9833,pathogenic,CYP24A1,396.0
Q07973,R396G,0.9673,pathogenic,CYP24A1,396.0
Q07973,R396H,0.5313,ambiguous,CYP24A1,396.0
Q07973,R396I,0.9603,pathogenic,CYP24A1,396.0
Q07973,R396K,0.6975,pathogenic,CYP24A1,396.0
Q07973,R396L,0.9283,pathogenic,CYP24A1,396.0
Q07973,R396M,0.9716,pathogenic,CYP24A1,396.0
Q07973,R396N,0.9922,pathogenic,CYP24A1,396.0
Q07973,R396P,0.9938,pathogenic,CYP24A1,396.0
Q07973,R396Q,0.6199,pathogenic,CYP24A1,396.0
Q07973,R396S,0.9881,pathogenic,CYP24A1,396.0
Q07973,R396T,0.9834,pathogenic,CYP24A1,396.0
Q07973,R396V,0.9584,pathogenic,CYP24A1,396.0
Q07973,R396W,0.6993,pathogenic,CYP24A1,396.0
Q07973,R396Y,0.9385,pathogenic,CYP24A1,396.0
Q07973,T397A,0.1475,benign,CYP24A1,397.0
Q07973,T397C,0.4511,ambiguous,CYP24A1,397.0
Q07973,T397D,0.7742,pathogenic,CYP24A1,397.0
Q07973,T397E,0.5305,ambiguous,CYP24A1,397.0
Q07973,T397F,0.319,benign,CYP24A1,397.0
Q07973,T397G,0.4626,ambiguous,CYP24A1,397.0
Q07973,T397H,0.359,ambiguous,CYP24A1,397.0
Q07973,T397I,0.176,benign,CYP24A1,397.0
Q07973,T397K,0.2578,benign,CYP24A1,397.0
Q07973,T397L,0.1283,benign,CYP24A1,397.0
Q07973,T397M,0.0961,benign,CYP24A1,397.0
Q07973,T397N,0.2759,benign,CYP24A1,397.0
Q07973,T397P,0.5903,pathogenic,CYP24A1,397.0
Q07973,T397Q,0.3088,benign,CYP24A1,397.0
Q07973,T397R,0.21,benign,CYP24A1,397.0
Q07973,T397S,0.2078,benign,CYP24A1,397.0
Q07973,T397V,0.1494,benign,CYP24A1,397.0
Q07973,T397W,0.7387,pathogenic,CYP24A1,397.0
Q07973,T397Y,0.3697,ambiguous,CYP24A1,397.0
Q07973,L398A,0.3371,benign,CYP24A1,398.0
Q07973,L398C,0.6994,pathogenic,CYP24A1,398.0
Q07973,L398D,0.9594,pathogenic,CYP24A1,398.0
Q07973,L398E,0.799,pathogenic,CYP24A1,398.0
Q07973,L398F,0.3384,benign,CYP24A1,398.0
Q07973,L398G,0.7699,pathogenic,CYP24A1,398.0
Q07973,L398H,0.7358,pathogenic,CYP24A1,398.0
Q07973,L398I,0.117,benign,CYP24A1,398.0
Q07973,L398K,0.8052,pathogenic,CYP24A1,398.0
Q07973,L398M,0.1283,benign,CYP24A1,398.0
Q07973,L398N,0.7658,pathogenic,CYP24A1,398.0
Q07973,L398P,0.478,ambiguous,CYP24A1,398.0
Q07973,L398Q,0.5214,ambiguous,CYP24A1,398.0
Q07973,L398R,0.6595,pathogenic,CYP24A1,398.0
Q07973,L398S,0.5291,ambiguous,CYP24A1,398.0
Q07973,L398T,0.2438,benign,CYP24A1,398.0
Q07973,L398V,0.099,benign,CYP24A1,398.0
Q07973,L398W,0.6651,pathogenic,CYP24A1,398.0
Q07973,L398Y,0.8281,pathogenic,CYP24A1,398.0
Q07973,D399A,0.1542,benign,CYP24A1,399.0
Q07973,D399C,0.5287,ambiguous,CYP24A1,399.0
Q07973,D399E,0.1407,benign,CYP24A1,399.0
Q07973,D399F,0.6446,pathogenic,CYP24A1,399.0
Q07973,D399G,0.1112,benign,CYP24A1,399.0
Q07973,D399H,0.2207,benign,CYP24A1,399.0
Q07973,D399I,0.4539,ambiguous,CYP24A1,399.0
Q07973,D399K,0.3416,ambiguous,CYP24A1,399.0
Q07973,D399L,0.3789,ambiguous,CYP24A1,399.0
Q07973,D399M,0.6277,pathogenic,CYP24A1,399.0
Q07973,D399N,0.1082,benign,CYP24A1,399.0
Q07973,D399P,0.4325,ambiguous,CYP24A1,399.0
Q07973,D399Q,0.2272,benign,CYP24A1,399.0
Q07973,D399R,0.3291,benign,CYP24A1,399.0
Q07973,D399S,0.1081,benign,CYP24A1,399.0
Q07973,D399T,0.2147,benign,CYP24A1,399.0
Q07973,D399V,0.2485,benign,CYP24A1,399.0
Q07973,D399W,0.8441,pathogenic,CYP24A1,399.0
Q07973,D399Y,0.2708,benign,CYP24A1,399.0
Q07973,K400A,0.191,benign,CYP24A1,400.0
Q07973,K400C,0.435,ambiguous,CYP24A1,400.0
Q07973,K400D,0.3359,benign,CYP24A1,400.0
Q07973,K400E,0.0892,benign,CYP24A1,400.0
Q07973,K400F,0.6329,pathogenic,CYP24A1,400.0
Q07973,K400G,0.249,benign,CYP24A1,400.0
Q07973,K400H,0.2043,benign,CYP24A1,400.0
Q07973,K400I,0.294,benign,CYP24A1,400.0
Q07973,K400L,0.2936,benign,CYP24A1,400.0
Q07973,K400M,0.183,benign,CYP24A1,400.0
Q07973,K400N,0.2666,benign,CYP24A1,400.0
Q07973,K400P,0.7574,pathogenic,CYP24A1,400.0
Q07973,K400Q,0.0906,benign,CYP24A1,400.0
Q07973,K400R,0.0727,benign,CYP24A1,400.0
Q07973,K400S,0.2266,benign,CYP24A1,400.0
Q07973,K400T,0.1028,benign,CYP24A1,400.0
Q07973,K400V,0.2269,benign,CYP24A1,400.0
Q07973,K400W,0.6213,pathogenic,CYP24A1,400.0
Q07973,K400Y,0.4838,ambiguous,CYP24A1,400.0
Q07973,A401C,0.3432,ambiguous,CYP24A1,401.0
Q07973,A401D,0.0842,benign,CYP24A1,401.0
Q07973,A401E,0.0905,benign,CYP24A1,401.0
Q07973,A401F,0.2515,benign,CYP24A1,401.0
Q07973,A401G,0.1169,benign,CYP24A1,401.0
Q07973,A401H,0.2234,benign,CYP24A1,401.0
Q07973,A401I,0.1676,benign,CYP24A1,401.0
Q07973,A401K,0.178,benign,CYP24A1,401.0
Q07973,A401L,0.1319,benign,CYP24A1,401.0
Q07973,A401M,0.1483,benign,CYP24A1,401.0
Q07973,A401N,0.1158,benign,CYP24A1,401.0
Q07973,A401P,0.0802,benign,CYP24A1,401.0
Q07973,A401Q,0.15,benign,CYP24A1,401.0
Q07973,A401R,0.1847,benign,CYP24A1,401.0
Q07973,A401S,0.0835,benign,CYP24A1,401.0
Q07973,A401T,0.068,benign,CYP24A1,401.0
Q07973,A401V,0.0935,benign,CYP24A1,401.0
Q07973,A401W,0.4949,ambiguous,CYP24A1,401.0
Q07973,A401Y,0.2688,benign,CYP24A1,401.0
Q07973,T402A,0.0663,benign,CYP24A1,402.0
Q07973,T402C,0.3345,benign,CYP24A1,402.0
Q07973,T402D,0.4107,ambiguous,CYP24A1,402.0
Q07973,T402E,0.2508,benign,CYP24A1,402.0
Q07973,T402F,0.2154,benign,CYP24A1,402.0
Q07973,T402G,0.2153,benign,CYP24A1,402.0
Q07973,T402H,0.258,benign,CYP24A1,402.0
Q07973,T402I,0.1138,benign,CYP24A1,402.0
Q07973,T402K,0.1837,benign,CYP24A1,402.0
Q07973,T402L,0.0802,benign,CYP24A1,402.0
Q07973,T402M,0.0737,benign,CYP24A1,402.0
Q07973,T402N,0.1985,benign,CYP24A1,402.0
Q07973,T402P,0.3209,benign,CYP24A1,402.0
Q07973,T402Q,0.1989,benign,CYP24A1,402.0
Q07973,T402R,0.1311,benign,CYP24A1,402.0
Q07973,T402S,0.1251,benign,CYP24A1,402.0
Q07973,T402V,0.079,benign,CYP24A1,402.0
Q07973,T402W,0.5028,ambiguous,CYP24A1,402.0
Q07973,T402Y,0.3111,benign,CYP24A1,402.0
Q07973,V403A,0.1142,benign,CYP24A1,403.0
Q07973,V403C,0.5659,pathogenic,CYP24A1,403.0
Q07973,V403D,0.1976,benign,CYP24A1,403.0
Q07973,V403E,0.1368,benign,CYP24A1,403.0
Q07973,V403F,0.1076,benign,CYP24A1,403.0
Q07973,V403G,0.157,benign,CYP24A1,403.0
Q07973,V403H,0.2962,benign,CYP24A1,403.0
Q07973,V403I,0.0772,benign,CYP24A1,403.0
Q07973,V403K,0.159,benign,CYP24A1,403.0
Q07973,V403L,0.1176,benign,CYP24A1,403.0
Q07973,V403M,0.0969,benign,CYP24A1,403.0
Q07973,V403N,0.162,benign,CYP24A1,403.0
Q07973,V403P,0.3516,ambiguous,CYP24A1,403.0
Q07973,V403Q,0.1569,benign,CYP24A1,403.0
Q07973,V403R,0.1353,benign,CYP24A1,403.0
Q07973,V403S,0.136,benign,CYP24A1,403.0
Q07973,V403T,0.1165,benign,CYP24A1,403.0
Q07973,V403W,0.5716,pathogenic,CYP24A1,403.0
Q07973,V403Y,0.35,ambiguous,CYP24A1,403.0
Q07973,L404A,0.4113,ambiguous,CYP24A1,404.0
Q07973,L404C,0.6819,pathogenic,CYP24A1,404.0
Q07973,L404D,0.9513,pathogenic,CYP24A1,404.0
Q07973,L404E,0.825,pathogenic,CYP24A1,404.0
Q07973,L404F,0.1736,benign,CYP24A1,404.0
Q07973,L404G,0.8473,pathogenic,CYP24A1,404.0
Q07973,L404H,0.6802,pathogenic,CYP24A1,404.0
Q07973,L404I,0.0914,benign,CYP24A1,404.0
Q07973,L404K,0.8273,pathogenic,CYP24A1,404.0
Q07973,L404M,0.1776,benign,CYP24A1,404.0
Q07973,L404N,0.8842,pathogenic,CYP24A1,404.0
Q07973,L404P,0.6819,pathogenic,CYP24A1,404.0
Q07973,L404Q,0.6335,pathogenic,CYP24A1,404.0
Q07973,L404R,0.6604,pathogenic,CYP24A1,404.0
Q07973,L404S,0.6869,pathogenic,CYP24A1,404.0
Q07973,L404T,0.4485,ambiguous,CYP24A1,404.0
Q07973,L404V,0.1021,benign,CYP24A1,404.0
Q07973,L404W,0.3951,ambiguous,CYP24A1,404.0
Q07973,L404Y,0.6458,pathogenic,CYP24A1,404.0
Q07973,G405A,0.2154,benign,CYP24A1,405.0
Q07973,G405C,0.3157,benign,CYP24A1,405.0
Q07973,G405D,0.2031,benign,CYP24A1,405.0
Q07973,G405E,0.2244,benign,CYP24A1,405.0
Q07973,G405F,0.8141,pathogenic,CYP24A1,405.0
Q07973,G405H,0.4576,ambiguous,CYP24A1,405.0
Q07973,G405I,0.7918,pathogenic,CYP24A1,405.0
Q07973,G405K,0.4482,ambiguous,CYP24A1,405.0
Q07973,G405L,0.6214,pathogenic,CYP24A1,405.0
Q07973,G405M,0.73,pathogenic,CYP24A1,405.0
Q07973,G405N,0.36,ambiguous,CYP24A1,405.0
Q07973,G405P,0.8116,pathogenic,CYP24A1,405.0
Q07973,G405Q,0.3371,benign,CYP24A1,405.0
Q07973,G405R,0.3222,benign,CYP24A1,405.0
Q07973,G405S,0.1542,benign,CYP24A1,405.0
Q07973,G405T,0.429,ambiguous,CYP24A1,405.0
Q07973,G405V,0.5852,pathogenic,CYP24A1,405.0
Q07973,G405W,0.5289,ambiguous,CYP24A1,405.0
Q07973,G405Y,0.5961,pathogenic,CYP24A1,405.0
Q07973,E406A,0.0906,benign,CYP24A1,406.0
Q07973,E406C,0.4942,ambiguous,CYP24A1,406.0
Q07973,E406D,0.0656,benign,CYP24A1,406.0
Q07973,E406F,0.5524,ambiguous,CYP24A1,406.0
Q07973,E406G,0.0727,benign,CYP24A1,406.0
Q07973,E406H,0.1901,benign,CYP24A1,406.0
Q07973,E406I,0.2827,benign,CYP24A1,406.0
Q07973,E406K,0.0745,benign,CYP24A1,406.0
Q07973,E406L,0.2574,benign,CYP24A1,406.0
Q07973,E406M,0.3187,benign,CYP24A1,406.0
Q07973,E406N,0.1034,benign,CYP24A1,406.0
Q07973,E406P,0.1846,benign,CYP24A1,406.0
Q07973,E406Q,0.0884,benign,CYP24A1,406.0
Q07973,E406R,0.1128,benign,CYP24A1,406.0
Q07973,E406S,0.0948,benign,CYP24A1,406.0
Q07973,E406T,0.1191,benign,CYP24A1,406.0
Q07973,E406V,0.1748,benign,CYP24A1,406.0
Q07973,E406W,0.6277,pathogenic,CYP24A1,406.0
Q07973,E406Y,0.3528,ambiguous,CYP24A1,406.0
Q07973,Y407A,0.6489,pathogenic,CYP24A1,407.0
Q07973,Y407C,0.2997,benign,CYP24A1,407.0
Q07973,Y407D,0.5789,pathogenic,CYP24A1,407.0
Q07973,Y407E,0.7767,pathogenic,CYP24A1,407.0
Q07973,Y407F,0.1267,benign,CYP24A1,407.0
Q07973,Y407G,0.6438,pathogenic,CYP24A1,407.0
Q07973,Y407H,0.3144,benign,CYP24A1,407.0
Q07973,Y407I,0.5591,ambiguous,CYP24A1,407.0
Q07973,Y407K,0.7499,pathogenic,CYP24A1,407.0
Q07973,Y407L,0.6424,pathogenic,CYP24A1,407.0
Q07973,Y407M,0.6832,pathogenic,CYP24A1,407.0
Q07973,Y407N,0.3831,ambiguous,CYP24A1,407.0
Q07973,Y407P,0.9532,pathogenic,CYP24A1,407.0
Q07973,Y407Q,0.6648,pathogenic,CYP24A1,407.0
Q07973,Y407R,0.6101,pathogenic,CYP24A1,407.0
Q07973,Y407S,0.5136,ambiguous,CYP24A1,407.0
Q07973,Y407T,0.6041,pathogenic,CYP24A1,407.0
Q07973,Y407V,0.4455,ambiguous,CYP24A1,407.0
Q07973,Y407W,0.5173,ambiguous,CYP24A1,407.0
Q07973,A408C,0.2,benign,CYP24A1,408.0
Q07973,A408D,0.1084,benign,CYP24A1,408.0
Q07973,A408E,0.1105,benign,CYP24A1,408.0
Q07973,A408F,0.1296,benign,CYP24A1,408.0
Q07973,A408G,0.1124,benign,CYP24A1,408.0
Q07973,A408H,0.1453,benign,CYP24A1,408.0
Q07973,A408I,0.0981,benign,CYP24A1,408.0
Q07973,A408K,0.1518,benign,CYP24A1,408.0
Q07973,A408L,0.0844,benign,CYP24A1,408.0
Q07973,A408M,0.1157,benign,CYP24A1,408.0
Q07973,A408N,0.1193,benign,CYP24A1,408.0
Q07973,A408P,0.145,benign,CYP24A1,408.0
Q07973,A408Q,0.1388,benign,CYP24A1,408.0
Q07973,A408R,0.1252,benign,CYP24A1,408.0
Q07973,A408S,0.0755,benign,CYP24A1,408.0
Q07973,A408T,0.0665,benign,CYP24A1,408.0
Q07973,A408V,0.0715,benign,CYP24A1,408.0
Q07973,A408W,0.3243,benign,CYP24A1,408.0
Q07973,A408Y,0.1731,benign,CYP24A1,408.0
Q07973,L409A,0.7645,pathogenic,CYP24A1,409.0
Q07973,L409C,0.7559,pathogenic,CYP24A1,409.0
Q07973,L409D,0.9905,pathogenic,CYP24A1,409.0
Q07973,L409E,0.9462,pathogenic,CYP24A1,409.0
Q07973,L409F,0.1477,benign,CYP24A1,409.0
Q07973,L409G,0.9448,pathogenic,CYP24A1,409.0
Q07973,L409H,0.8386,pathogenic,CYP24A1,409.0
Q07973,L409I,0.0806,benign,CYP24A1,409.0
Q07973,L409K,0.9333,pathogenic,CYP24A1,409.0
Q07973,L409M,0.1888,benign,CYP24A1,409.0
Q07973,L409N,0.9621,pathogenic,CYP24A1,409.0
Q07973,L409P,0.8524,pathogenic,CYP24A1,409.0
Q07973,L409Q,0.8366,pathogenic,CYP24A1,409.0
Q07973,L409R,0.8602,pathogenic,CYP24A1,409.0
Q07973,L409S,0.9024,pathogenic,CYP24A1,409.0
Q07973,L409T,0.8233,pathogenic,CYP24A1,409.0
Q07973,L409V,0.0987,benign,CYP24A1,409.0
Q07973,L409W,0.5456,ambiguous,CYP24A1,409.0
Q07973,L409Y,0.6981,pathogenic,CYP24A1,409.0
Q07973,P410A,0.1165,benign,CYP24A1,410.0
Q07973,P410C,0.4493,ambiguous,CYP24A1,410.0
Q07973,P410D,0.3819,ambiguous,CYP24A1,410.0
Q07973,P410E,0.2071,benign,CYP24A1,410.0
Q07973,P410F,0.6335,pathogenic,CYP24A1,410.0
Q07973,P410G,0.3034,benign,CYP24A1,410.0
Q07973,P410H,0.1926,benign,CYP24A1,410.0
Q07973,P410I,0.5551,ambiguous,CYP24A1,410.0
Q07973,P410K,0.2354,benign,CYP24A1,410.0
Q07973,P410L,0.1754,benign,CYP24A1,410.0
Q07973,P410M,0.4546,ambiguous,CYP24A1,410.0
Q07973,P410N,0.3672,ambiguous,CYP24A1,410.0
Q07973,P410Q,0.1324,benign,CYP24A1,410.0
Q07973,P410R,0.1395,benign,CYP24A1,410.0
Q07973,P410S,0.1336,benign,CYP24A1,410.0
Q07973,P410T,0.1581,benign,CYP24A1,410.0
Q07973,P410V,0.3751,ambiguous,CYP24A1,410.0
Q07973,P410W,0.6104,pathogenic,CYP24A1,410.0
Q07973,P410Y,0.533,ambiguous,CYP24A1,410.0
Q07973,K411A,0.1283,benign,CYP24A1,411.0
Q07973,K411C,0.4797,ambiguous,CYP24A1,411.0
Q07973,K411D,0.3696,ambiguous,CYP24A1,411.0
Q07973,K411E,0.0809,benign,CYP24A1,411.0
Q07973,K411F,0.7329,pathogenic,CYP24A1,411.0
Q07973,K411G,0.2322,benign,CYP24A1,411.0
Q07973,K411H,0.2866,benign,CYP24A1,411.0
Q07973,K411I,0.3169,benign,CYP24A1,411.0
Q07973,K411L,0.2825,benign,CYP24A1,411.0
Q07973,K411M,0.1977,benign,CYP24A1,411.0
Q07973,K411N,0.315,benign,CYP24A1,411.0
Q07973,K411P,0.2597,benign,CYP24A1,411.0
Q07973,K411Q,0.0951,benign,CYP24A1,411.0
Q07973,K411R,0.0737,benign,CYP24A1,411.0
Q07973,K411S,0.2014,benign,CYP24A1,411.0
Q07973,K411T,0.131,benign,CYP24A1,411.0
Q07973,K411V,0.2275,benign,CYP24A1,411.0
Q07973,K411W,0.7284,pathogenic,CYP24A1,411.0
Q07973,K411Y,0.5895,pathogenic,CYP24A1,411.0
Q07973,G412A,0.3177,benign,CYP24A1,412.0
Q07973,G412C,0.4307,ambiguous,CYP24A1,412.0
Q07973,G412D,0.126,benign,CYP24A1,412.0
Q07973,G412E,0.2243,benign,CYP24A1,412.0
Q07973,G412F,0.8346,pathogenic,CYP24A1,412.0
Q07973,G412H,0.4593,ambiguous,CYP24A1,412.0
Q07973,G412I,0.8287,pathogenic,CYP24A1,412.0
Q07973,G412K,0.4851,ambiguous,CYP24A1,412.0
Q07973,G412L,0.7971,pathogenic,CYP24A1,412.0
Q07973,G412M,0.7863,pathogenic,CYP24A1,412.0
Q07973,G412N,0.2383,benign,CYP24A1,412.0
Q07973,G412P,0.9517,pathogenic,CYP24A1,412.0
Q07973,G412Q,0.4115,ambiguous,CYP24A1,412.0
Q07973,G412R,0.4311,ambiguous,CYP24A1,412.0
Q07973,G412S,0.1816,benign,CYP24A1,412.0
Q07973,G412T,0.4381,ambiguous,CYP24A1,412.0
Q07973,G412V,0.6554,pathogenic,CYP24A1,412.0
Q07973,G412W,0.649,pathogenic,CYP24A1,412.0
Q07973,G412Y,0.5477,ambiguous,CYP24A1,412.0
Q07973,T413A,0.101,benign,CYP24A1,413.0
Q07973,T413C,0.3877,ambiguous,CYP24A1,413.0
Q07973,T413D,0.5626,ambiguous,CYP24A1,413.0
Q07973,T413E,0.4418,ambiguous,CYP24A1,413.0
Q07973,T413F,0.3815,ambiguous,CYP24A1,413.0
Q07973,T413G,0.3927,ambiguous,CYP24A1,413.0
Q07973,T413H,0.3728,ambiguous,CYP24A1,413.0
Q07973,T413I,0.2724,benign,CYP24A1,413.0
Q07973,T413K,0.3288,benign,CYP24A1,413.0
Q07973,T413L,0.1789,benign,CYP24A1,413.0
Q07973,T413M,0.096,benign,CYP24A1,413.0
Q07973,T413N,0.2963,benign,CYP24A1,413.0
Q07973,T413P,0.7245,pathogenic,CYP24A1,413.0
Q07973,T413Q,0.2897,benign,CYP24A1,413.0
Q07973,T413R,0.2479,benign,CYP24A1,413.0
Q07973,T413S,0.143,benign,CYP24A1,413.0
Q07973,T413V,0.1698,benign,CYP24A1,413.0
Q07973,T413W,0.6563,pathogenic,CYP24A1,413.0
Q07973,T413Y,0.4776,ambiguous,CYP24A1,413.0
Q07973,V414A,0.361,ambiguous,CYP24A1,414.0
Q07973,V414C,0.863,pathogenic,CYP24A1,414.0
Q07973,V414D,0.8239,pathogenic,CYP24A1,414.0
Q07973,V414E,0.6917,pathogenic,CYP24A1,414.0
Q07973,V414F,0.3408,ambiguous,CYP24A1,414.0
Q07973,V414G,0.5152,ambiguous,CYP24A1,414.0
Q07973,V414H,0.863,pathogenic,CYP24A1,414.0
Q07973,V414I,0.0787,benign,CYP24A1,414.0
Q07973,V414K,0.7455,pathogenic,CYP24A1,414.0
Q07973,V414L,0.2349,benign,CYP24A1,414.0
Q07973,V414M,0.1903,benign,CYP24A1,414.0
Q07973,V414N,0.58,pathogenic,CYP24A1,414.0
Q07973,V414P,0.6546,pathogenic,CYP24A1,414.0
Q07973,V414Q,0.666,pathogenic,CYP24A1,414.0
Q07973,V414R,0.6896,pathogenic,CYP24A1,414.0
Q07973,V414S,0.473,ambiguous,CYP24A1,414.0
Q07973,V414T,0.3306,benign,CYP24A1,414.0
Q07973,V414W,0.9325,pathogenic,CYP24A1,414.0
Q07973,V414Y,0.8198,pathogenic,CYP24A1,414.0
Q07973,L415A,0.6312,pathogenic,CYP24A1,415.0
Q07973,L415C,0.6804,pathogenic,CYP24A1,415.0
Q07973,L415D,0.9962,pathogenic,CYP24A1,415.0
Q07973,L415E,0.9758,pathogenic,CYP24A1,415.0
Q07973,L415F,0.2548,benign,CYP24A1,415.0
Q07973,L415G,0.9225,pathogenic,CYP24A1,415.0
Q07973,L415H,0.904,pathogenic,CYP24A1,415.0
Q07973,L415I,0.1094,benign,CYP24A1,415.0
Q07973,L415K,0.9672,pathogenic,CYP24A1,415.0
Q07973,L415M,0.1925,benign,CYP24A1,415.0
Q07973,L415N,0.9726,pathogenic,CYP24A1,415.0
Q07973,L415P,0.9556,pathogenic,CYP24A1,415.0
Q07973,L415Q,0.8711,pathogenic,CYP24A1,415.0
Q07973,L415R,0.9096,pathogenic,CYP24A1,415.0
Q07973,L415S,0.884,pathogenic,CYP24A1,415.0
Q07973,L415T,0.7115,pathogenic,CYP24A1,415.0
Q07973,L415V,0.0907,benign,CYP24A1,415.0
Q07973,L415W,0.7344,pathogenic,CYP24A1,415.0
Q07973,L415Y,0.8166,pathogenic,CYP24A1,415.0
Q07973,M416A,0.4218,ambiguous,CYP24A1,416.0
Q07973,M416C,0.7126,pathogenic,CYP24A1,416.0
Q07973,M416D,0.9565,pathogenic,CYP24A1,416.0
Q07973,M416E,0.861,pathogenic,CYP24A1,416.0
Q07973,M416F,0.4836,ambiguous,CYP24A1,416.0
Q07973,M416G,0.7274,pathogenic,CYP24A1,416.0
Q07973,M416H,0.7498,pathogenic,CYP24A1,416.0
Q07973,M416I,0.5037,ambiguous,CYP24A1,416.0
Q07973,M416K,0.7752,pathogenic,CYP24A1,416.0
Q07973,M416L,0.1714,benign,CYP24A1,416.0
Q07973,M416N,0.6543,pathogenic,CYP24A1,416.0
Q07973,M416P,0.9516,pathogenic,CYP24A1,416.0
Q07973,M416Q,0.5425,ambiguous,CYP24A1,416.0
Q07973,M416R,0.7392,pathogenic,CYP24A1,416.0
Q07973,M416S,0.4368,ambiguous,CYP24A1,416.0
Q07973,M416T,0.1709,benign,CYP24A1,416.0
Q07973,M416V,0.1348,benign,CYP24A1,416.0
Q07973,M416W,0.87,pathogenic,CYP24A1,416.0
Q07973,M416Y,0.8239,pathogenic,CYP24A1,416.0
Q07973,L417A,0.5852,pathogenic,CYP24A1,417.0
Q07973,L417C,0.6475,pathogenic,CYP24A1,417.0
Q07973,L417D,0.9783,pathogenic,CYP24A1,417.0
Q07973,L417E,0.9034,pathogenic,CYP24A1,417.0
Q07973,L417F,0.2478,benign,CYP24A1,417.0
Q07973,L417G,0.8449,pathogenic,CYP24A1,417.0
Q07973,L417H,0.7659,pathogenic,CYP24A1,417.0
Q07973,L417I,0.1003,benign,CYP24A1,417.0
Q07973,L417K,0.9015,pathogenic,CYP24A1,417.0
Q07973,L417M,0.1448,benign,CYP24A1,417.0
Q07973,L417N,0.8422,pathogenic,CYP24A1,417.0
Q07973,L417P,0.7334,pathogenic,CYP24A1,417.0
Q07973,L417Q,0.6594,pathogenic,CYP24A1,417.0
Q07973,L417R,0.8213,pathogenic,CYP24A1,417.0
Q07973,L417S,0.8014,pathogenic,CYP24A1,417.0
Q07973,L417T,0.6702,pathogenic,CYP24A1,417.0
Q07973,L417V,0.119,benign,CYP24A1,417.0
Q07973,L417W,0.6312,pathogenic,CYP24A1,417.0
Q07973,L417Y,0.7119,pathogenic,CYP24A1,417.0
Q07973,N418A,0.6403,pathogenic,CYP24A1,418.0
Q07973,N418C,0.3211,benign,CYP24A1,418.0
Q07973,N418D,0.5751,pathogenic,CYP24A1,418.0
Q07973,N418E,0.9164,pathogenic,CYP24A1,418.0
Q07973,N418F,0.946,pathogenic,CYP24A1,418.0
Q07973,N418G,0.6519,pathogenic,CYP24A1,418.0
Q07973,N418H,0.378,ambiguous,CYP24A1,418.0
Q07973,N418I,0.7633,pathogenic,CYP24A1,418.0
Q07973,N418K,0.9595,pathogenic,CYP24A1,418.0
Q07973,N418L,0.6684,pathogenic,CYP24A1,418.0
Q07973,N418M,0.7687,pathogenic,CYP24A1,418.0
Q07973,N418P,0.8235,pathogenic,CYP24A1,418.0
Q07973,N418Q,0.824,pathogenic,CYP24A1,418.0
Q07973,N418R,0.9518,pathogenic,CYP24A1,418.0
Q07973,N418S,0.1584,benign,CYP24A1,418.0
Q07973,N418T,0.5364,ambiguous,CYP24A1,418.0
Q07973,N418V,0.7194,pathogenic,CYP24A1,418.0
Q07973,N418W,0.9783,pathogenic,CYP24A1,418.0
Q07973,N418Y,0.7069,pathogenic,CYP24A1,418.0
Q07973,T419A,0.0969,benign,CYP24A1,419.0
Q07973,T419C,0.2909,benign,CYP24A1,419.0
Q07973,T419D,0.6822,pathogenic,CYP24A1,419.0
Q07973,T419E,0.6749,pathogenic,CYP24A1,419.0
Q07973,T419F,0.2898,benign,CYP24A1,419.0
Q07973,T419G,0.2132,benign,CYP24A1,419.0
Q07973,T419H,0.3052,benign,CYP24A1,419.0
Q07973,T419I,0.1968,benign,CYP24A1,419.0
Q07973,T419K,0.595,pathogenic,CYP24A1,419.0
Q07973,T419L,0.1159,benign,CYP24A1,419.0
Q07973,T419M,0.1012,benign,CYP24A1,419.0
Q07973,T419N,0.1454,benign,CYP24A1,419.0
Q07973,T419P,0.1646,benign,CYP24A1,419.0
Q07973,T419Q,0.4318,ambiguous,CYP24A1,419.0
Q07973,T419R,0.4915,ambiguous,CYP24A1,419.0
Q07973,T419S,0.1063,benign,CYP24A1,419.0
Q07973,T419V,0.166,benign,CYP24A1,419.0
Q07973,T419W,0.6691,pathogenic,CYP24A1,419.0
Q07973,T419Y,0.3551,ambiguous,CYP24A1,419.0
Q07973,Q420A,0.1531,benign,CYP24A1,420.0
Q07973,Q420C,0.3386,benign,CYP24A1,420.0
Q07973,Q420D,0.4078,ambiguous,CYP24A1,420.0
Q07973,Q420E,0.0986,benign,CYP24A1,420.0
Q07973,Q420F,0.3194,benign,CYP24A1,420.0
Q07973,Q420G,0.2186,benign,CYP24A1,420.0
Q07973,Q420H,0.095,benign,CYP24A1,420.0
Q07973,Q420I,0.2753,benign,CYP24A1,420.0
Q07973,Q420K,0.1155,benign,CYP24A1,420.0
Q07973,Q420L,0.0957,benign,CYP24A1,420.0
Q07973,Q420M,0.2455,benign,CYP24A1,420.0
Q07973,Q420N,0.2238,benign,CYP24A1,420.0
Q07973,Q420P,0.2111,benign,CYP24A1,420.0
Q07973,Q420R,0.0844,benign,CYP24A1,420.0
Q07973,Q420S,0.1907,benign,CYP24A1,420.0
Q07973,Q420T,0.188,benign,CYP24A1,420.0
Q07973,Q420V,0.1789,benign,CYP24A1,420.0
Q07973,Q420W,0.2385,benign,CYP24A1,420.0
Q07973,Q420Y,0.1359,benign,CYP24A1,420.0
Q07973,V421A,0.1196,benign,CYP24A1,421.0
Q07973,V421C,0.6574,pathogenic,CYP24A1,421.0
Q07973,V421D,0.4905,ambiguous,CYP24A1,421.0
Q07973,V421E,0.4343,ambiguous,CYP24A1,421.0
Q07973,V421F,0.1659,benign,CYP24A1,421.0
Q07973,V421G,0.1854,benign,CYP24A1,421.0
Q07973,V421H,0.6177,pathogenic,CYP24A1,421.0
Q07973,V421I,0.0949,benign,CYP24A1,421.0
Q07973,V421K,0.6209,pathogenic,CYP24A1,421.0
Q07973,V421L,0.2695,benign,CYP24A1,421.0
Q07973,V421M,0.185,benign,CYP24A1,421.0
Q07973,V421N,0.3449,ambiguous,CYP24A1,421.0
Q07973,V421P,0.6049,pathogenic,CYP24A1,421.0
Q07973,V421Q,0.4877,ambiguous,CYP24A1,421.0
Q07973,V421R,0.5364,ambiguous,CYP24A1,421.0
Q07973,V421S,0.1902,benign,CYP24A1,421.0
Q07973,V421T,0.229,benign,CYP24A1,421.0
Q07973,V421W,0.798,pathogenic,CYP24A1,421.0
Q07973,V421Y,0.4953,ambiguous,CYP24A1,421.0
Q07973,L422A,0.2859,benign,CYP24A1,422.0
Q07973,L422C,0.6578,pathogenic,CYP24A1,422.0
Q07973,L422D,0.9545,pathogenic,CYP24A1,422.0
Q07973,L422E,0.7897,pathogenic,CYP24A1,422.0
Q07973,L422F,0.2621,benign,CYP24A1,422.0
Q07973,L422G,0.7284,pathogenic,CYP24A1,422.0
Q07973,L422H,0.652,pathogenic,CYP24A1,422.0
Q07973,L422I,0.1107,benign,CYP24A1,422.0
Q07973,L422K,0.8387,pathogenic,CYP24A1,422.0
Q07973,L422M,0.1366,benign,CYP24A1,422.0
Q07973,L422N,0.7659,pathogenic,CYP24A1,422.0
Q07973,L422P,0.5323,ambiguous,CYP24A1,422.0
Q07973,L422Q,0.4731,ambiguous,CYP24A1,422.0
Q07973,L422R,0.6734,pathogenic,CYP24A1,422.0
Q07973,L422S,0.4533,ambiguous,CYP24A1,422.0
Q07973,L422T,0.2556,benign,CYP24A1,422.0
Q07973,L422V,0.1176,benign,CYP24A1,422.0
Q07973,L422W,0.5354,ambiguous,CYP24A1,422.0
Q07973,L422Y,0.7346,pathogenic,CYP24A1,422.0
Q07973,G423A,0.1278,benign,CYP24A1,423.0
Q07973,G423C,0.1735,benign,CYP24A1,423.0
Q07973,G423D,0.7649,pathogenic,CYP24A1,423.0
Q07973,G423E,0.7016,pathogenic,CYP24A1,423.0
Q07973,G423F,0.7535,pathogenic,CYP24A1,423.0
Q07973,G423H,0.7472,pathogenic,CYP24A1,423.0
Q07973,G423I,0.5301,ambiguous,CYP24A1,423.0
Q07973,G423K,0.9346,pathogenic,CYP24A1,423.0
Q07973,G423L,0.5471,ambiguous,CYP24A1,423.0
Q07973,G423M,0.6483,pathogenic,CYP24A1,423.0
Q07973,G423N,0.5995,pathogenic,CYP24A1,423.0
Q07973,G423P,0.9345,pathogenic,CYP24A1,423.0
Q07973,G423Q,0.7143,pathogenic,CYP24A1,423.0
Q07973,G423R,0.8249,pathogenic,CYP24A1,423.0
Q07973,G423S,0.1149,benign,CYP24A1,423.0
Q07973,G423T,0.2751,benign,CYP24A1,423.0
Q07973,G423V,0.3684,ambiguous,CYP24A1,423.0
Q07973,G423W,0.7023,pathogenic,CYP24A1,423.0
Q07973,G423Y,0.6874,pathogenic,CYP24A1,423.0
Q07973,S424A,0.0707,benign,CYP24A1,424.0
Q07973,S424C,0.0733,benign,CYP24A1,424.0
Q07973,S424D,0.262,benign,CYP24A1,424.0
Q07973,S424E,0.3426,ambiguous,CYP24A1,424.0
Q07973,S424F,0.0963,benign,CYP24A1,424.0
Q07973,S424G,0.0801,benign,CYP24A1,424.0
Q07973,S424H,0.1833,benign,CYP24A1,424.0
Q07973,S424I,0.123,benign,CYP24A1,424.0
Q07973,S424K,0.3847,ambiguous,CYP24A1,424.0
Q07973,S424L,0.0844,benign,CYP24A1,424.0
Q07973,S424M,0.1662,benign,CYP24A1,424.0
Q07973,S424N,0.1071,benign,CYP24A1,424.0
Q07973,S424P,0.5415,ambiguous,CYP24A1,424.0
Q07973,S424Q,0.3094,benign,CYP24A1,424.0
Q07973,S424R,0.2681,benign,CYP24A1,424.0
Q07973,S424T,0.0863,benign,CYP24A1,424.0
Q07973,S424V,0.1333,benign,CYP24A1,424.0
Q07973,S424W,0.1595,benign,CYP24A1,424.0
Q07973,S424Y,0.0925,benign,CYP24A1,424.0
Q07973,S425A,0.109,benign,CYP24A1,425.0
Q07973,S425C,0.0866,benign,CYP24A1,425.0
Q07973,S425D,0.0859,benign,CYP24A1,425.0
Q07973,S425E,0.2356,benign,CYP24A1,425.0
Q07973,S425F,0.3513,ambiguous,CYP24A1,425.0
Q07973,S425G,0.0985,benign,CYP24A1,425.0
Q07973,S425H,0.1434,benign,CYP24A1,425.0
Q07973,S425I,0.1759,benign,CYP24A1,425.0
Q07973,S425K,0.2928,benign,CYP24A1,425.0
Q07973,S425L,0.1642,benign,CYP24A1,425.0
Q07973,S425M,0.2123,benign,CYP24A1,425.0
Q07973,S425N,0.0675,benign,CYP24A1,425.0
Q07973,S425P,0.5323,ambiguous,CYP24A1,425.0
Q07973,S425Q,0.2334,benign,CYP24A1,425.0
Q07973,S425R,0.2433,benign,CYP24A1,425.0
Q07973,S425T,0.1007,benign,CYP24A1,425.0
Q07973,S425V,0.1761,benign,CYP24A1,425.0
Q07973,S425W,0.3194,benign,CYP24A1,425.0
Q07973,S425Y,0.1867,benign,CYP24A1,425.0
Q07973,E426A,0.0949,benign,CYP24A1,426.0
Q07973,E426C,0.5813,pathogenic,CYP24A1,426.0
Q07973,E426D,0.1115,benign,CYP24A1,426.0
Q07973,E426F,0.6235,pathogenic,CYP24A1,426.0
Q07973,E426G,0.0887,benign,CYP24A1,426.0
Q07973,E426H,0.2627,benign,CYP24A1,426.0
Q07973,E426I,0.2929,benign,CYP24A1,426.0
Q07973,E426K,0.0638,benign,CYP24A1,426.0
Q07973,E426L,0.2686,benign,CYP24A1,426.0
Q07973,E426M,0.3016,benign,CYP24A1,426.0
Q07973,E426N,0.1864,benign,CYP24A1,426.0
Q07973,E426P,0.2008,benign,CYP24A1,426.0
Q07973,E426Q,0.0947,benign,CYP24A1,426.0
Q07973,E426R,0.1032,benign,CYP24A1,426.0
Q07973,E426S,0.1275,benign,CYP24A1,426.0
Q07973,E426T,0.132,benign,CYP24A1,426.0
Q07973,E426V,0.1675,benign,CYP24A1,426.0
Q07973,E426W,0.6807,pathogenic,CYP24A1,426.0
Q07973,E426Y,0.4725,ambiguous,CYP24A1,426.0
Q07973,D427A,0.0812,benign,CYP24A1,427.0
Q07973,D427C,0.239,benign,CYP24A1,427.0
Q07973,D427E,0.0688,benign,CYP24A1,427.0
Q07973,D427F,0.2963,benign,CYP24A1,427.0
Q07973,D427G,0.0777,benign,CYP24A1,427.0
Q07973,D427H,0.1178,benign,CYP24A1,427.0
Q07973,D427I,0.1569,benign,CYP24A1,427.0
Q07973,D427K,0.1181,benign,CYP24A1,427.0
Q07973,D427L,0.1742,benign,CYP24A1,427.0
Q07973,D427M,0.2763,benign,CYP24A1,427.0
Q07973,D427N,0.0796,benign,CYP24A1,427.0
Q07973,D427P,0.4368,ambiguous,CYP24A1,427.0
Q07973,D427Q,0.1186,benign,CYP24A1,427.0
Q07973,D427R,0.1333,benign,CYP24A1,427.0
Q07973,D427S,0.0826,benign,CYP24A1,427.0
Q07973,D427T,0.1162,benign,CYP24A1,427.0
Q07973,D427V,0.0963,benign,CYP24A1,427.0
Q07973,D427W,0.5118,ambiguous,CYP24A1,427.0
Q07973,D427Y,0.1098,benign,CYP24A1,427.0
Q07973,N428A,0.1358,benign,CYP24A1,428.0
Q07973,N428C,0.1132,benign,CYP24A1,428.0
Q07973,N428D,0.1388,benign,CYP24A1,428.0
Q07973,N428E,0.314,benign,CYP24A1,428.0
Q07973,N428F,0.2205,benign,CYP24A1,428.0
Q07973,N428G,0.2199,benign,CYP24A1,428.0
Q07973,N428H,0.0728,benign,CYP24A1,428.0
Q07973,N428I,0.0757,benign,CYP24A1,428.0
Q07973,N428K,0.2913,benign,CYP24A1,428.0
Q07973,N428L,0.1157,benign,CYP24A1,428.0
Q07973,N428M,0.2063,benign,CYP24A1,428.0
Q07973,N428P,0.5989,pathogenic,CYP24A1,428.0
Q07973,N428Q,0.2781,benign,CYP24A1,428.0
Q07973,N428R,0.2589,benign,CYP24A1,428.0
Q07973,N428S,0.0652,benign,CYP24A1,428.0
Q07973,N428T,0.083,benign,CYP24A1,428.0
Q07973,N428V,0.09,benign,CYP24A1,428.0
Q07973,N428W,0.5093,ambiguous,CYP24A1,428.0
Q07973,N428Y,0.0677,benign,CYP24A1,428.0
Q07973,F429A,0.8989,pathogenic,CYP24A1,429.0
Q07973,F429C,0.8144,pathogenic,CYP24A1,429.0
Q07973,F429D,0.9626,pathogenic,CYP24A1,429.0
Q07973,F429E,0.9675,pathogenic,CYP24A1,429.0
Q07973,F429G,0.9431,pathogenic,CYP24A1,429.0
Q07973,F429H,0.8577,pathogenic,CYP24A1,429.0
Q07973,F429I,0.6628,pathogenic,CYP24A1,429.0
Q07973,F429K,0.9688,pathogenic,CYP24A1,429.0
Q07973,F429L,0.966,pathogenic,CYP24A1,429.0
Q07973,F429M,0.8652,pathogenic,CYP24A1,429.0
Q07973,F429N,0.9374,pathogenic,CYP24A1,429.0
Q07973,F429P,0.9869,pathogenic,CYP24A1,429.0
Q07973,F429Q,0.9551,pathogenic,CYP24A1,429.0
Q07973,F429R,0.9257,pathogenic,CYP24A1,429.0
Q07973,F429S,0.8406,pathogenic,CYP24A1,429.0
Q07973,F429T,0.8604,pathogenic,CYP24A1,429.0
Q07973,F429V,0.6123,pathogenic,CYP24A1,429.0
Q07973,F429W,0.567,pathogenic,CYP24A1,429.0
Q07973,F429Y,0.347,ambiguous,CYP24A1,429.0
Q07973,E430A,0.0754,benign,CYP24A1,430.0
Q07973,E430C,0.3602,ambiguous,CYP24A1,430.0
Q07973,E430D,0.1015,benign,CYP24A1,430.0
Q07973,E430F,0.3817,ambiguous,CYP24A1,430.0
Q07973,E430G,0.0726,benign,CYP24A1,430.0
Q07973,E430H,0.1563,benign,CYP24A1,430.0
Q07973,E430I,0.1665,benign,CYP24A1,430.0
Q07973,E430K,0.0586,benign,CYP24A1,430.0
Q07973,E430L,0.1464,benign,CYP24A1,430.0
Q07973,E430M,0.1983,benign,CYP24A1,430.0
Q07973,E430N,0.1467,benign,CYP24A1,430.0
Q07973,E430P,0.1371,benign,CYP24A1,430.0
Q07973,E430Q,0.0732,benign,CYP24A1,430.0
Q07973,E430R,0.0783,benign,CYP24A1,430.0
Q07973,E430S,0.1006,benign,CYP24A1,430.0
Q07973,E430T,0.097,benign,CYP24A1,430.0
Q07973,E430V,0.1086,benign,CYP24A1,430.0
Q07973,E430W,0.3822,ambiguous,CYP24A1,430.0
Q07973,E430Y,0.2682,benign,CYP24A1,430.0
Q07973,D431A,0.0923,benign,CYP24A1,431.0
Q07973,D431C,0.2644,benign,CYP24A1,431.0
Q07973,D431E,0.1272,benign,CYP24A1,431.0
Q07973,D431F,0.2941,benign,CYP24A1,431.0
Q07973,D431G,0.0889,benign,CYP24A1,431.0
Q07973,D431H,0.15,benign,CYP24A1,431.0
Q07973,D431I,0.18,benign,CYP24A1,431.0
Q07973,D431K,0.1892,benign,CYP24A1,431.0
Q07973,D431L,0.2131,benign,CYP24A1,431.0
Q07973,D431M,0.3345,benign,CYP24A1,431.0
Q07973,D431N,0.0757,benign,CYP24A1,431.0
Q07973,D431P,0.513,ambiguous,CYP24A1,431.0
Q07973,D431Q,0.185,benign,CYP24A1,431.0
Q07973,D431R,0.2022,benign,CYP24A1,431.0
Q07973,D431S,0.1044,benign,CYP24A1,431.0
Q07973,D431T,0.1513,benign,CYP24A1,431.0
Q07973,D431V,0.1122,benign,CYP24A1,431.0
Q07973,D431W,0.6023,pathogenic,CYP24A1,431.0
Q07973,D431Y,0.1014,benign,CYP24A1,431.0
Q07973,S432A,0.0606,benign,CYP24A1,432.0
Q07973,S432C,0.061,benign,CYP24A1,432.0
Q07973,S432D,0.3111,benign,CYP24A1,432.0
Q07973,S432E,0.3818,ambiguous,CYP24A1,432.0
Q07973,S432F,0.1423,benign,CYP24A1,432.0
Q07973,S432G,0.0656,benign,CYP24A1,432.0
Q07973,S432H,0.184,benign,CYP24A1,432.0
Q07973,S432I,0.1565,benign,CYP24A1,432.0
Q07973,S432K,0.4051,ambiguous,CYP24A1,432.0
Q07973,S432L,0.1421,benign,CYP24A1,432.0
Q07973,S432M,0.2589,benign,CYP24A1,432.0
Q07973,S432N,0.1708,benign,CYP24A1,432.0
Q07973,S432P,0.0654,benign,CYP24A1,432.0
Q07973,S432Q,0.3215,benign,CYP24A1,432.0
Q07973,S432R,0.2641,benign,CYP24A1,432.0
Q07973,S432T,0.1067,benign,CYP24A1,432.0
Q07973,S432V,0.1454,benign,CYP24A1,432.0
Q07973,S432W,0.1283,benign,CYP24A1,432.0
Q07973,S432Y,0.1087,benign,CYP24A1,432.0
Q07973,S433A,0.0757,benign,CYP24A1,433.0
Q07973,S433C,0.0706,benign,CYP24A1,433.0
Q07973,S433D,0.0909,benign,CYP24A1,433.0
Q07973,S433E,0.1286,benign,CYP24A1,433.0
Q07973,S433F,0.107,benign,CYP24A1,433.0
Q07973,S433G,0.0667,benign,CYP24A1,433.0
Q07973,S433H,0.0873,benign,CYP24A1,433.0
Q07973,S433I,0.0945,benign,CYP24A1,433.0
Q07973,S433K,0.1195,benign,CYP24A1,433.0
Q07973,S433L,0.085,benign,CYP24A1,433.0
Q07973,S433M,0.1474,benign,CYP24A1,433.0
Q07973,S433N,0.0715,benign,CYP24A1,433.0
Q07973,S433P,0.1401,benign,CYP24A1,433.0
Q07973,S433Q,0.1294,benign,CYP24A1,433.0
Q07973,S433R,0.0983,benign,CYP24A1,433.0
Q07973,S433T,0.0738,benign,CYP24A1,433.0
Q07973,S433V,0.1085,benign,CYP24A1,433.0
Q07973,S433W,0.1213,benign,CYP24A1,433.0
Q07973,S433Y,0.0873,benign,CYP24A1,433.0
Q07973,Q434A,0.1276,benign,CYP24A1,434.0
Q07973,Q434C,0.2104,benign,CYP24A1,434.0
Q07973,Q434D,0.1928,benign,CYP24A1,434.0
Q07973,Q434E,0.0694,benign,CYP24A1,434.0
Q07973,Q434F,0.3208,benign,CYP24A1,434.0
Q07973,Q434G,0.1502,benign,CYP24A1,434.0
Q07973,Q434H,0.1044,benign,CYP24A1,434.0
Q07973,Q434I,0.1635,benign,CYP24A1,434.0
Q07973,Q434K,0.0753,benign,CYP24A1,434.0
Q07973,Q434L,0.0783,benign,CYP24A1,434.0
Q07973,Q434M,0.2036,benign,CYP24A1,434.0
Q07973,Q434N,0.1685,benign,CYP24A1,434.0
Q07973,Q434P,0.241,benign,CYP24A1,434.0
Q07973,Q434R,0.0652,benign,CYP24A1,434.0
Q07973,Q434S,0.1322,benign,CYP24A1,434.0
Q07973,Q434T,0.1068,benign,CYP24A1,434.0
Q07973,Q434V,0.1188,benign,CYP24A1,434.0
Q07973,Q434W,0.1973,benign,CYP24A1,434.0
Q07973,Q434Y,0.1907,benign,CYP24A1,434.0
Q07973,F435A,0.9792,pathogenic,CYP24A1,435.0
Q07973,F435C,0.9031,pathogenic,CYP24A1,435.0
Q07973,F435D,0.9879,pathogenic,CYP24A1,435.0
Q07973,F435E,0.9916,pathogenic,CYP24A1,435.0
Q07973,F435G,0.9809,pathogenic,CYP24A1,435.0
Q07973,F435H,0.9385,pathogenic,CYP24A1,435.0
Q07973,F435I,0.7814,pathogenic,CYP24A1,435.0
Q07973,F435K,0.9897,pathogenic,CYP24A1,435.0
Q07973,F435L,0.9739,pathogenic,CYP24A1,435.0
Q07973,F435M,0.9273,pathogenic,CYP24A1,435.0
Q07973,F435N,0.9638,pathogenic,CYP24A1,435.0
Q07973,F435P,0.9936,pathogenic,CYP24A1,435.0
Q07973,F435Q,0.9866,pathogenic,CYP24A1,435.0
Q07973,F435R,0.978,pathogenic,CYP24A1,435.0
Q07973,F435S,0.9606,pathogenic,CYP24A1,435.0
Q07973,F435T,0.9801,pathogenic,CYP24A1,435.0
Q07973,F435V,0.8201,pathogenic,CYP24A1,435.0
Q07973,F435W,0.6783,pathogenic,CYP24A1,435.0
Q07973,F435Y,0.1797,benign,CYP24A1,435.0
Q07973,R436A,0.3018,benign,CYP24A1,436.0
Q07973,R436C,0.0897,benign,CYP24A1,436.0
Q07973,R436D,0.5471,ambiguous,CYP24A1,436.0
Q07973,R436E,0.2564,benign,CYP24A1,436.0
Q07973,R436F,0.2987,benign,CYP24A1,436.0
Q07973,R436G,0.2914,benign,CYP24A1,436.0
Q07973,R436H,0.0772,benign,CYP24A1,436.0
Q07973,R436I,0.1126,benign,CYP24A1,436.0
Q07973,R436K,0.0777,benign,CYP24A1,436.0
Q07973,R436L,0.1051,benign,CYP24A1,436.0
Q07973,R436M,0.1524,benign,CYP24A1,436.0
Q07973,R436N,0.4321,ambiguous,CYP24A1,436.0
Q07973,R436P,0.833,pathogenic,CYP24A1,436.0
Q07973,R436Q,0.079,benign,CYP24A1,436.0
Q07973,R436S,0.3237,benign,CYP24A1,436.0
Q07973,R436T,0.1802,benign,CYP24A1,436.0
Q07973,R436V,0.174,benign,CYP24A1,436.0
Q07973,R436W,0.0959,benign,CYP24A1,436.0
Q07973,R436Y,0.2126,benign,CYP24A1,436.0
Q07973,P437A,0.5579,ambiguous,CYP24A1,437.0
Q07973,P437C,0.9415,pathogenic,CYP24A1,437.0
Q07973,P437D,0.9934,pathogenic,CYP24A1,437.0
Q07973,P437E,0.9671,pathogenic,CYP24A1,437.0
Q07973,P437F,0.9886,pathogenic,CYP24A1,437.0
Q07973,P437G,0.944,pathogenic,CYP24A1,437.0
Q07973,P437H,0.9601,pathogenic,CYP24A1,437.0
Q07973,P437I,0.9136,pathogenic,CYP24A1,437.0
Q07973,P437K,0.974,pathogenic,CYP24A1,437.0
Q07973,P437L,0.7011,pathogenic,CYP24A1,437.0
Q07973,P437M,0.9435,pathogenic,CYP24A1,437.0
Q07973,P437N,0.993,pathogenic,CYP24A1,437.0
Q07973,P437Q,0.9436,pathogenic,CYP24A1,437.0
Q07973,P437R,0.916,pathogenic,CYP24A1,437.0
Q07973,P437S,0.9014,pathogenic,CYP24A1,437.0
Q07973,P437T,0.8244,pathogenic,CYP24A1,437.0
Q07973,P437V,0.8082,pathogenic,CYP24A1,437.0
Q07973,P437W,0.9864,pathogenic,CYP24A1,437.0
Q07973,P437Y,0.9873,pathogenic,CYP24A1,437.0
Q07973,E438A,0.296,benign,CYP24A1,438.0
Q07973,E438C,0.8775,pathogenic,CYP24A1,438.0
Q07973,E438D,0.3251,benign,CYP24A1,438.0
Q07973,E438F,0.9205,pathogenic,CYP24A1,438.0
Q07973,E438G,0.2558,benign,CYP24A1,438.0
Q07973,E438H,0.6093,pathogenic,CYP24A1,438.0
Q07973,E438I,0.7541,pathogenic,CYP24A1,438.0
Q07973,E438K,0.2807,benign,CYP24A1,438.0
Q07973,E438L,0.7322,pathogenic,CYP24A1,438.0
Q07973,E438M,0.7463,pathogenic,CYP24A1,438.0
Q07973,E438N,0.591,pathogenic,CYP24A1,438.0
Q07973,E438P,0.9097,pathogenic,CYP24A1,438.0
Q07973,E438Q,0.1876,benign,CYP24A1,438.0
Q07973,E438R,0.3784,ambiguous,CYP24A1,438.0
Q07973,E438S,0.3675,ambiguous,CYP24A1,438.0
Q07973,E438T,0.5456,ambiguous,CYP24A1,438.0
Q07973,E438V,0.544,ambiguous,CYP24A1,438.0
Q07973,E438W,0.9286,pathogenic,CYP24A1,438.0
Q07973,E438Y,0.8303,pathogenic,CYP24A1,438.0
Q07973,R439A,0.9452,pathogenic,CYP24A1,439.0
Q07973,R439C,0.5501,ambiguous,CYP24A1,439.0
Q07973,R439D,0.9659,pathogenic,CYP24A1,439.0
Q07973,R439E,0.8538,pathogenic,CYP24A1,439.0
Q07973,R439F,0.9468,pathogenic,CYP24A1,439.0
Q07973,R439G,0.8603,pathogenic,CYP24A1,439.0
Q07973,R439H,0.3366,benign,CYP24A1,439.0
Q07973,R439I,0.8409,pathogenic,CYP24A1,439.0
Q07973,R439K,0.565,pathogenic,CYP24A1,439.0
Q07973,R439L,0.7398,pathogenic,CYP24A1,439.0
Q07973,R439M,0.9027,pathogenic,CYP24A1,439.0
Q07973,R439N,0.9059,pathogenic,CYP24A1,439.0
Q07973,R439P,0.9579,pathogenic,CYP24A1,439.0
Q07973,R439Q,0.4477,ambiguous,CYP24A1,439.0
Q07973,R439S,0.9558,pathogenic,CYP24A1,439.0
Q07973,R439T,0.9258,pathogenic,CYP24A1,439.0
Q07973,R439V,0.9062,pathogenic,CYP24A1,439.0
Q07973,R439W,0.5079,ambiguous,CYP24A1,439.0
Q07973,R439Y,0.8031,pathogenic,CYP24A1,439.0
Q07973,W440A,0.9767,pathogenic,CYP24A1,440.0
Q07973,W440C,0.9794,pathogenic,CYP24A1,440.0
Q07973,W440D,0.9912,pathogenic,CYP24A1,440.0
Q07973,W440E,0.9893,pathogenic,CYP24A1,440.0
Q07973,W440F,0.5422,ambiguous,CYP24A1,440.0
Q07973,W440G,0.9093,pathogenic,CYP24A1,440.0
Q07973,W440H,0.9422,pathogenic,CYP24A1,440.0
Q07973,W440I,0.9614,pathogenic,CYP24A1,440.0
Q07973,W440K,0.9931,pathogenic,CYP24A1,440.0
Q07973,W440L,0.915,pathogenic,CYP24A1,440.0
Q07973,W440M,0.9786,pathogenic,CYP24A1,440.0
Q07973,W440N,0.9849,pathogenic,CYP24A1,440.0
Q07973,W440P,0.994,pathogenic,CYP24A1,440.0
Q07973,W440Q,0.9906,pathogenic,CYP24A1,440.0
Q07973,W440R,0.9841,pathogenic,CYP24A1,440.0
Q07973,W440S,0.941,pathogenic,CYP24A1,440.0
Q07973,W440T,0.9807,pathogenic,CYP24A1,440.0
Q07973,W440V,0.9631,pathogenic,CYP24A1,440.0
Q07973,W440Y,0.7954,pathogenic,CYP24A1,440.0
Q07973,L441A,0.4089,ambiguous,CYP24A1,441.0
Q07973,L441C,0.3962,ambiguous,CYP24A1,441.0
Q07973,L441D,0.7036,pathogenic,CYP24A1,441.0
Q07973,L441E,0.3179,benign,CYP24A1,441.0
Q07973,L441F,0.1337,benign,CYP24A1,441.0
Q07973,L441G,0.5305,ambiguous,CYP24A1,441.0
Q07973,L441H,0.2342,benign,CYP24A1,441.0
Q07973,L441I,0.1022,benign,CYP24A1,441.0
Q07973,L441K,0.2596,benign,CYP24A1,441.0
Q07973,L441M,0.1178,benign,CYP24A1,441.0
Q07973,L441N,0.4351,ambiguous,CYP24A1,441.0
Q07973,L441P,0.7891,pathogenic,CYP24A1,441.0
Q07973,L441Q,0.1424,benign,CYP24A1,441.0
Q07973,L441R,0.1711,benign,CYP24A1,441.0
Q07973,L441S,0.3954,ambiguous,CYP24A1,441.0
Q07973,L441T,0.3351,benign,CYP24A1,441.0
Q07973,L441V,0.1272,benign,CYP24A1,441.0
Q07973,L441W,0.1732,benign,CYP24A1,441.0
Q07973,L441Y,0.3282,benign,CYP24A1,441.0
Q07973,Q442A,0.1259,benign,CYP24A1,442.0
Q07973,Q442C,0.2921,benign,CYP24A1,442.0
Q07973,Q442D,0.2049,benign,CYP24A1,442.0
Q07973,Q442E,0.072,benign,CYP24A1,442.0
Q07973,Q442F,0.4359,ambiguous,CYP24A1,442.0
Q07973,Q442G,0.1042,benign,CYP24A1,442.0
Q07973,Q442H,0.1212,benign,CYP24A1,442.0
Q07973,Q442I,0.254,benign,CYP24A1,442.0
Q07973,Q442K,0.0695,benign,CYP24A1,442.0
Q07973,Q442L,0.0847,benign,CYP24A1,442.0
Q07973,Q442M,0.2469,benign,CYP24A1,442.0
Q07973,Q442N,0.1967,benign,CYP24A1,442.0
Q07973,Q442P,0.098,benign,CYP24A1,442.0
Q07973,Q442R,0.0626,benign,CYP24A1,442.0
Q07973,Q442S,0.1557,benign,CYP24A1,442.0
Q07973,Q442T,0.1297,benign,CYP24A1,442.0
Q07973,Q442V,0.1663,benign,CYP24A1,442.0
Q07973,Q442W,0.2053,benign,CYP24A1,442.0
Q07973,Q442Y,0.265,benign,CYP24A1,442.0
Q07973,E443A,0.1054,benign,CYP24A1,443.0
Q07973,E443C,0.4959,ambiguous,CYP24A1,443.0
Q07973,E443D,0.0919,benign,CYP24A1,443.0
Q07973,E443F,0.5138,ambiguous,CYP24A1,443.0
Q07973,E443G,0.0681,benign,CYP24A1,443.0
Q07973,E443H,0.2048,benign,CYP24A1,443.0
Q07973,E443I,0.2456,benign,CYP24A1,443.0
Q07973,E443K,0.0714,benign,CYP24A1,443.0
Q07973,E443L,0.2084,benign,CYP24A1,443.0
Q07973,E443M,0.2693,benign,CYP24A1,443.0
Q07973,E443N,0.1316,benign,CYP24A1,443.0
Q07973,E443P,0.2144,benign,CYP24A1,443.0
Q07973,E443Q,0.0796,benign,CYP24A1,443.0
Q07973,E443R,0.1035,benign,CYP24A1,443.0
Q07973,E443S,0.1286,benign,CYP24A1,443.0
Q07973,E443T,0.1292,benign,CYP24A1,443.0
Q07973,E443V,0.1449,benign,CYP24A1,443.0
Q07973,E443W,0.5261,ambiguous,CYP24A1,443.0
Q07973,E443Y,0.3194,benign,CYP24A1,443.0
Q07973,K444A,0.145,benign,CYP24A1,444.0
Q07973,K444C,0.426,ambiguous,CYP24A1,444.0
Q07973,K444D,0.1829,benign,CYP24A1,444.0
Q07973,K444E,0.0709,benign,CYP24A1,444.0
Q07973,K444F,0.547,ambiguous,CYP24A1,444.0
Q07973,K444G,0.1377,benign,CYP24A1,444.0
Q07973,K444H,0.1961,benign,CYP24A1,444.0
Q07973,K444I,0.2364,benign,CYP24A1,444.0
Q07973,K444L,0.2169,benign,CYP24A1,444.0
Q07973,K444M,0.1443,benign,CYP24A1,444.0
Q07973,K444N,0.1382,benign,CYP24A1,444.0
Q07973,K444P,0.247,benign,CYP24A1,444.0
Q07973,K444Q,0.0917,benign,CYP24A1,444.0
Q07973,K444R,0.0738,benign,CYP24A1,444.0
Q07973,K444S,0.1494,benign,CYP24A1,444.0
Q07973,K444T,0.0861,benign,CYP24A1,444.0
Q07973,K444V,0.1956,benign,CYP24A1,444.0
Q07973,K444W,0.4865,ambiguous,CYP24A1,444.0
Q07973,K444Y,0.3607,ambiguous,CYP24A1,444.0
Q07973,E445A,0.1038,benign,CYP24A1,445.0
Q07973,E445C,0.4207,ambiguous,CYP24A1,445.0
Q07973,E445D,0.1134,benign,CYP24A1,445.0
Q07973,E445F,0.4454,ambiguous,CYP24A1,445.0
Q07973,E445G,0.0685,benign,CYP24A1,445.0
Q07973,E445H,0.1924,benign,CYP24A1,445.0
Q07973,E445I,0.2064,benign,CYP24A1,445.0
Q07973,E445K,0.0617,benign,CYP24A1,445.0
Q07973,E445L,0.1805,benign,CYP24A1,445.0
Q07973,E445M,0.209,benign,CYP24A1,445.0
Q07973,E445N,0.1219,benign,CYP24A1,445.0
Q07973,E445P,0.1999,benign,CYP24A1,445.0
Q07973,E445Q,0.0763,benign,CYP24A1,445.0
Q07973,E445R,0.0867,benign,CYP24A1,445.0
Q07973,E445S,0.1128,benign,CYP24A1,445.0
Q07973,E445T,0.1102,benign,CYP24A1,445.0
Q07973,E445V,0.1375,benign,CYP24A1,445.0
Q07973,E445W,0.4334,ambiguous,CYP24A1,445.0
Q07973,E445Y,0.28,benign,CYP24A1,445.0
Q07973,K446A,0.1455,benign,CYP24A1,446.0
Q07973,K446C,0.4055,ambiguous,CYP24A1,446.0
Q07973,K446D,0.2097,benign,CYP24A1,446.0
Q07973,K446E,0.0871,benign,CYP24A1,446.0
Q07973,K446F,0.4501,ambiguous,CYP24A1,446.0
Q07973,K446G,0.1627,benign,CYP24A1,446.0
Q07973,K446H,0.186,benign,CYP24A1,446.0
Q07973,K446I,0.1635,benign,CYP24A1,446.0
Q07973,K446L,0.176,benign,CYP24A1,446.0
Q07973,K446M,0.1132,benign,CYP24A1,446.0
Q07973,K446N,0.131,benign,CYP24A1,446.0
Q07973,K446P,0.2577,benign,CYP24A1,446.0
Q07973,K446Q,0.0969,benign,CYP24A1,446.0
Q07973,K446R,0.0717,benign,CYP24A1,446.0
Q07973,K446S,0.1624,benign,CYP24A1,446.0
Q07973,K446T,0.0842,benign,CYP24A1,446.0
Q07973,K446V,0.1557,benign,CYP24A1,446.0
Q07973,K446W,0.4609,ambiguous,CYP24A1,446.0
Q07973,K446Y,0.3052,benign,CYP24A1,446.0
Q07973,I447A,0.3514,ambiguous,CYP24A1,447.0
Q07973,I447C,0.61,pathogenic,CYP24A1,447.0
Q07973,I447D,0.5695,pathogenic,CYP24A1,447.0
Q07973,I447E,0.415,ambiguous,CYP24A1,447.0
Q07973,I447F,0.1467,benign,CYP24A1,447.0
Q07973,I447G,0.4724,ambiguous,CYP24A1,447.0
Q07973,I447H,0.3918,ambiguous,CYP24A1,447.0
Q07973,I447K,0.245,benign,CYP24A1,447.0
Q07973,I447L,0.1266,benign,CYP24A1,447.0
Q07973,I447M,0.094,benign,CYP24A1,447.0
Q07973,I447N,0.1827,benign,CYP24A1,447.0
Q07973,I447P,0.412,ambiguous,CYP24A1,447.0
Q07973,I447Q,0.325,benign,CYP24A1,447.0
Q07973,I447R,0.1755,benign,CYP24A1,447.0
Q07973,I447S,0.257,benign,CYP24A1,447.0
Q07973,I447T,0.2952,benign,CYP24A1,447.0
Q07973,I447V,0.1055,benign,CYP24A1,447.0
Q07973,I447W,0.525,ambiguous,CYP24A1,447.0
Q07973,I447Y,0.3506,ambiguous,CYP24A1,447.0
Q07973,N448A,0.2211,benign,CYP24A1,448.0
Q07973,N448C,0.1705,benign,CYP24A1,448.0
Q07973,N448D,0.1293,benign,CYP24A1,448.0
Q07973,N448E,0.3605,ambiguous,CYP24A1,448.0
Q07973,N448F,0.4213,ambiguous,CYP24A1,448.0
Q07973,N448G,0.32,benign,CYP24A1,448.0
Q07973,N448H,0.051,benign,CYP24A1,448.0
Q07973,N448I,0.1658,benign,CYP24A1,448.0
Q07973,N448K,0.3181,benign,CYP24A1,448.0
Q07973,N448L,0.1662,benign,CYP24A1,448.0
Q07973,N448M,0.2941,benign,CYP24A1,448.0
Q07973,N448P,0.2011,benign,CYP24A1,448.0
Q07973,N448Q,0.3008,benign,CYP24A1,448.0
Q07973,N448R,0.32,benign,CYP24A1,448.0
Q07973,N448S,0.0711,benign,CYP24A1,448.0
Q07973,N448T,0.1378,benign,CYP24A1,448.0
Q07973,N448V,0.2089,benign,CYP24A1,448.0
Q07973,N448W,0.5556,ambiguous,CYP24A1,448.0
Q07973,N448Y,0.122,benign,CYP24A1,448.0
Q07973,P449A,0.0844,benign,CYP24A1,449.0
Q07973,P449C,0.4371,ambiguous,CYP24A1,449.0
Q07973,P449D,0.6613,pathogenic,CYP24A1,449.0
Q07973,P449E,0.4787,ambiguous,CYP24A1,449.0
Q07973,P449F,0.5553,ambiguous,CYP24A1,449.0
Q07973,P449G,0.3709,ambiguous,CYP24A1,449.0
Q07973,P449H,0.1999,benign,CYP24A1,449.0
Q07973,P449I,0.3125,benign,CYP24A1,449.0
Q07973,P449K,0.3979,ambiguous,CYP24A1,449.0
Q07973,P449L,0.1437,benign,CYP24A1,449.0
Q07973,P449M,0.3997,ambiguous,CYP24A1,449.0
Q07973,P449N,0.4445,ambiguous,CYP24A1,449.0
Q07973,P449Q,0.2248,benign,CYP24A1,449.0
Q07973,P449R,0.1651,benign,CYP24A1,449.0
Q07973,P449S,0.149,benign,CYP24A1,449.0
Q07973,P449T,0.1206,benign,CYP24A1,449.0
Q07973,P449V,0.2028,benign,CYP24A1,449.0
Q07973,P449W,0.643,pathogenic,CYP24A1,449.0
Q07973,P449Y,0.4704,ambiguous,CYP24A1,449.0
Q07973,F450A,0.7709,pathogenic,CYP24A1,450.0
Q07973,F450C,0.6807,pathogenic,CYP24A1,450.0
Q07973,F450D,0.9677,pathogenic,CYP24A1,450.0
Q07973,F450E,0.9727,pathogenic,CYP24A1,450.0
Q07973,F450G,0.9211,pathogenic,CYP24A1,450.0
Q07973,F450H,0.7927,pathogenic,CYP24A1,450.0
Q07973,F450I,0.6433,pathogenic,CYP24A1,450.0
Q07973,F450K,0.9717,pathogenic,CYP24A1,450.0
Q07973,F450L,0.9356,pathogenic,CYP24A1,450.0
Q07973,F450M,0.7945,pathogenic,CYP24A1,450.0
Q07973,F450N,0.9151,pathogenic,CYP24A1,450.0
Q07973,F450P,0.9846,pathogenic,CYP24A1,450.0
Q07973,F450Q,0.9329,pathogenic,CYP24A1,450.0
Q07973,F450R,0.9154,pathogenic,CYP24A1,450.0
Q07973,F450S,0.701,pathogenic,CYP24A1,450.0
Q07973,F450T,0.87,pathogenic,CYP24A1,450.0
Q07973,F450V,0.5585,ambiguous,CYP24A1,450.0
Q07973,F450W,0.585,pathogenic,CYP24A1,450.0
Q07973,F450Y,0.2677,benign,CYP24A1,450.0
Q07973,A451C,0.3971,ambiguous,CYP24A1,451.0
Q07973,A451D,0.7063,pathogenic,CYP24A1,451.0
Q07973,A451E,0.6339,pathogenic,CYP24A1,451.0
Q07973,A451F,0.5446,ambiguous,CYP24A1,451.0
Q07973,A451G,0.1711,benign,CYP24A1,451.0
Q07973,A451H,0.706,pathogenic,CYP24A1,451.0
Q07973,A451I,0.3243,benign,CYP24A1,451.0
Q07973,A451K,0.7764,pathogenic,CYP24A1,451.0
Q07973,A451L,0.2788,benign,CYP24A1,451.0
Q07973,A451M,0.3756,ambiguous,CYP24A1,451.0
Q07973,A451N,0.5474,ambiguous,CYP24A1,451.0
Q07973,A451P,0.7065,pathogenic,CYP24A1,451.0
Q07973,A451Q,0.5946,pathogenic,CYP24A1,451.0
Q07973,A451R,0.628,pathogenic,CYP24A1,451.0
Q07973,A451S,0.0983,benign,CYP24A1,451.0
Q07973,A451T,0.1153,benign,CYP24A1,451.0
Q07973,A451V,0.153,benign,CYP24A1,451.0
Q07973,A451W,0.8488,pathogenic,CYP24A1,451.0
Q07973,A451Y,0.6865,pathogenic,CYP24A1,451.0
Q07973,H452A,0.4512,ambiguous,CYP24A1,452.0
Q07973,H452C,0.1491,benign,CYP24A1,452.0
Q07973,H452D,0.5758,pathogenic,CYP24A1,452.0
Q07973,H452E,0.6727,pathogenic,CYP24A1,452.0
Q07973,H452F,0.1947,benign,CYP24A1,452.0
Q07973,H452G,0.5352,ambiguous,CYP24A1,452.0
Q07973,H452I,0.3284,benign,CYP24A1,452.0
Q07973,H452K,0.7586,pathogenic,CYP24A1,452.0
Q07973,H452L,0.1425,benign,CYP24A1,452.0
Q07973,H452M,0.5226,ambiguous,CYP24A1,452.0
Q07973,H452N,0.1878,benign,CYP24A1,452.0
Q07973,H452P,0.4812,ambiguous,CYP24A1,452.0
Q07973,H452Q,0.4006,ambiguous,CYP24A1,452.0
Q07973,H452R,0.373,ambiguous,CYP24A1,452.0
Q07973,H452S,0.2872,benign,CYP24A1,452.0
Q07973,H452T,0.4107,ambiguous,CYP24A1,452.0
Q07973,H452V,0.2751,benign,CYP24A1,452.0
Q07973,H452W,0.3475,ambiguous,CYP24A1,452.0
Q07973,H452Y,0.0725,benign,CYP24A1,452.0
Q07973,L453A,0.3787,ambiguous,CYP24A1,453.0
Q07973,L453C,0.5579,ambiguous,CYP24A1,453.0
Q07973,L453D,0.9478,pathogenic,CYP24A1,453.0
Q07973,L453E,0.7554,pathogenic,CYP24A1,453.0
Q07973,L453F,0.2448,benign,CYP24A1,453.0
Q07973,L453G,0.7452,pathogenic,CYP24A1,453.0
Q07973,L453H,0.476,ambiguous,CYP24A1,453.0
Q07973,L453I,0.0991,benign,CYP24A1,453.0
Q07973,L453K,0.706,pathogenic,CYP24A1,453.0
Q07973,L453M,0.134,benign,CYP24A1,453.0
Q07973,L453N,0.6483,pathogenic,CYP24A1,453.0
Q07973,L453P,0.7126,pathogenic,CYP24A1,453.0
Q07973,L453Q,0.3378,benign,CYP24A1,453.0
Q07973,L453R,0.5266,ambiguous,CYP24A1,453.0
Q07973,L453S,0.43,ambiguous,CYP24A1,453.0
Q07973,L453T,0.3115,benign,CYP24A1,453.0
Q07973,L453V,0.0909,benign,CYP24A1,453.0
Q07973,L453W,0.509,ambiguous,CYP24A1,453.0
Q07973,L453Y,0.6201,pathogenic,CYP24A1,453.0
Q07973,P454A,0.2698,benign,CYP24A1,454.0
Q07973,P454C,0.77,pathogenic,CYP24A1,454.0
Q07973,P454D,0.9779,pathogenic,CYP24A1,454.0
Q07973,P454E,0.9455,pathogenic,CYP24A1,454.0
Q07973,P454F,0.9044,pathogenic,CYP24A1,454.0
Q07973,P454G,0.7753,pathogenic,CYP24A1,454.0
Q07973,P454H,0.7539,pathogenic,CYP24A1,454.0
Q07973,P454I,0.7499,pathogenic,CYP24A1,454.0
Q07973,P454K,0.9632,pathogenic,CYP24A1,454.0
Q07973,P454L,0.4425,ambiguous,CYP24A1,454.0
Q07973,P454M,0.8243,pathogenic,CYP24A1,454.0
Q07973,P454N,0.9133,pathogenic,CYP24A1,454.0
Q07973,P454Q,0.7586,pathogenic,CYP24A1,454.0
Q07973,P454R,0.8461,pathogenic,CYP24A1,454.0
Q07973,P454S,0.4709,ambiguous,CYP24A1,454.0
Q07973,P454T,0.4758,ambiguous,CYP24A1,454.0
Q07973,P454V,0.5873,pathogenic,CYP24A1,454.0
Q07973,P454W,0.9536,pathogenic,CYP24A1,454.0
Q07973,P454Y,0.9123,pathogenic,CYP24A1,454.0
Q07973,F455A,0.9542,pathogenic,CYP24A1,455.0
Q07973,F455C,0.9347,pathogenic,CYP24A1,455.0
Q07973,F455D,0.9937,pathogenic,CYP24A1,455.0
Q07973,F455E,0.9955,pathogenic,CYP24A1,455.0
Q07973,F455G,0.972,pathogenic,CYP24A1,455.0
Q07973,F455H,0.9685,pathogenic,CYP24A1,455.0
Q07973,F455I,0.9649,pathogenic,CYP24A1,455.0
Q07973,F455K,0.9961,pathogenic,CYP24A1,455.0
Q07973,F455L,0.991,pathogenic,CYP24A1,455.0
Q07973,F455M,0.9652,pathogenic,CYP24A1,455.0
Q07973,F455N,0.9827,pathogenic,CYP24A1,455.0
Q07973,F455P,0.996,pathogenic,CYP24A1,455.0
Q07973,F455Q,0.991,pathogenic,CYP24A1,455.0
Q07973,F455R,0.9841,pathogenic,CYP24A1,455.0
Q07973,F455S,0.9116,pathogenic,CYP24A1,455.0
Q07973,F455T,0.9755,pathogenic,CYP24A1,455.0
Q07973,F455V,0.9344,pathogenic,CYP24A1,455.0
Q07973,F455W,0.7422,pathogenic,CYP24A1,455.0
Q07973,F455Y,0.6228,pathogenic,CYP24A1,455.0
Q07973,G456A,0.5099,ambiguous,CYP24A1,456.0
Q07973,G456C,0.8111,pathogenic,CYP24A1,456.0
Q07973,G456D,0.9742,pathogenic,CYP24A1,456.0
Q07973,G456E,0.9753,pathogenic,CYP24A1,456.0
Q07973,G456F,0.971,pathogenic,CYP24A1,456.0
Q07973,G456H,0.9745,pathogenic,CYP24A1,456.0
Q07973,G456I,0.9579,pathogenic,CYP24A1,456.0
Q07973,G456K,0.9902,pathogenic,CYP24A1,456.0
Q07973,G456L,0.9355,pathogenic,CYP24A1,456.0
Q07973,G456M,0.9681,pathogenic,CYP24A1,456.0
Q07973,G456N,0.9689,pathogenic,CYP24A1,456.0
Q07973,G456P,0.9905,pathogenic,CYP24A1,456.0
Q07973,G456Q,0.9564,pathogenic,CYP24A1,456.0
Q07973,G456R,0.9436,pathogenic,CYP24A1,456.0
Q07973,G456S,0.4387,ambiguous,CYP24A1,456.0
Q07973,G456T,0.8483,pathogenic,CYP24A1,456.0
Q07973,G456V,0.918,pathogenic,CYP24A1,456.0
Q07973,G456W,0.954,pathogenic,CYP24A1,456.0
Q07973,G456Y,0.9728,pathogenic,CYP24A1,456.0
Q07973,V457A,0.1443,benign,CYP24A1,457.0
Q07973,V457C,0.5253,ambiguous,CYP24A1,457.0
Q07973,V457D,0.6074,pathogenic,CYP24A1,457.0
Q07973,V457E,0.4805,ambiguous,CYP24A1,457.0
Q07973,V457F,0.0853,benign,CYP24A1,457.0
Q07973,V457G,0.2513,benign,CYP24A1,457.0
Q07973,V457H,0.4102,ambiguous,CYP24A1,457.0
Q07973,V457I,0.0565,benign,CYP24A1,457.0
Q07973,V457K,0.3941,ambiguous,CYP24A1,457.0
Q07973,V457L,0.086,benign,CYP24A1,457.0
Q07973,V457M,0.0881,benign,CYP24A1,457.0
Q07973,V457N,0.3297,benign,CYP24A1,457.0
Q07973,V457P,0.6348,pathogenic,CYP24A1,457.0
Q07973,V457Q,0.3501,ambiguous,CYP24A1,457.0
Q07973,V457R,0.2773,benign,CYP24A1,457.0
Q07973,V457S,0.2227,benign,CYP24A1,457.0
Q07973,V457T,0.1543,benign,CYP24A1,457.0
Q07973,V457W,0.4529,ambiguous,CYP24A1,457.0
Q07973,V457Y,0.3335,benign,CYP24A1,457.0
Q07973,G458A,0.8587,pathogenic,CYP24A1,458.0
Q07973,G458C,0.8962,pathogenic,CYP24A1,458.0
Q07973,G458D,0.9787,pathogenic,CYP24A1,458.0
Q07973,G458E,0.9765,pathogenic,CYP24A1,458.0
Q07973,G458F,0.9855,pathogenic,CYP24A1,458.0
Q07973,G458H,0.9857,pathogenic,CYP24A1,458.0
Q07973,G458I,0.9866,pathogenic,CYP24A1,458.0
Q07973,G458K,0.9846,pathogenic,CYP24A1,458.0
Q07973,G458L,0.9787,pathogenic,CYP24A1,458.0
Q07973,G458M,0.9893,pathogenic,CYP24A1,458.0
Q07973,G458N,0.9828,pathogenic,CYP24A1,458.0
Q07973,G458P,0.9894,pathogenic,CYP24A1,458.0
Q07973,G458Q,0.9687,pathogenic,CYP24A1,458.0
Q07973,G458R,0.9411,pathogenic,CYP24A1,458.0
Q07973,G458S,0.7177,pathogenic,CYP24A1,458.0
Q07973,G458T,0.9489,pathogenic,CYP24A1,458.0
Q07973,G458V,0.9664,pathogenic,CYP24A1,458.0
Q07973,G458W,0.939,pathogenic,CYP24A1,458.0
Q07973,G458Y,0.9801,pathogenic,CYP24A1,458.0
Q07973,K459A,0.6797,pathogenic,CYP24A1,459.0
Q07973,K459C,0.8572,pathogenic,CYP24A1,459.0
Q07973,K459D,0.9533,pathogenic,CYP24A1,459.0
Q07973,K459E,0.633,pathogenic,CYP24A1,459.0
Q07973,K459F,0.96,pathogenic,CYP24A1,459.0
Q07973,K459G,0.7402,pathogenic,CYP24A1,459.0
Q07973,K459H,0.6155,pathogenic,CYP24A1,459.0
Q07973,K459I,0.7277,pathogenic,CYP24A1,459.0
Q07973,K459L,0.6882,pathogenic,CYP24A1,459.0
Q07973,K459M,0.5899,pathogenic,CYP24A1,459.0
Q07973,K459N,0.8233,pathogenic,CYP24A1,459.0
Q07973,K459P,0.5971,pathogenic,CYP24A1,459.0
Q07973,K459Q,0.2513,benign,CYP24A1,459.0
Q07973,K459R,0.084,benign,CYP24A1,459.0
Q07973,K459S,0.7484,pathogenic,CYP24A1,459.0
Q07973,K459T,0.5109,ambiguous,CYP24A1,459.0
Q07973,K459V,0.6428,pathogenic,CYP24A1,459.0
Q07973,K459W,0.9144,pathogenic,CYP24A1,459.0
Q07973,K459Y,0.9016,pathogenic,CYP24A1,459.0
Q07973,R460A,0.9861,pathogenic,CYP24A1,460.0
Q07973,R460C,0.8446,pathogenic,CYP24A1,460.0
Q07973,R460D,0.9872,pathogenic,CYP24A1,460.0
Q07973,R460E,0.9478,pathogenic,CYP24A1,460.0
Q07973,R460F,0.9895,pathogenic,CYP24A1,460.0
Q07973,R460G,0.9396,pathogenic,CYP24A1,460.0
Q07973,R460H,0.7192,pathogenic,CYP24A1,460.0
Q07973,R460I,0.9806,pathogenic,CYP24A1,460.0
Q07973,R460K,0.8205,pathogenic,CYP24A1,460.0
Q07973,R460L,0.944,pathogenic,CYP24A1,460.0
Q07973,R460M,0.9824,pathogenic,CYP24A1,460.0
Q07973,R460N,0.9815,pathogenic,CYP24A1,460.0
Q07973,R460P,0.9784,pathogenic,CYP24A1,460.0
Q07973,R460Q,0.7387,pathogenic,CYP24A1,460.0
Q07973,R460S,0.9883,pathogenic,CYP24A1,460.0
Q07973,R460T,0.9839,pathogenic,CYP24A1,460.0
Q07973,R460V,0.9809,pathogenic,CYP24A1,460.0
Q07973,R460W,0.7756,pathogenic,CYP24A1,460.0
Q07973,R460Y,0.9355,pathogenic,CYP24A1,460.0
Q07973,M461A,0.594,pathogenic,CYP24A1,461.0
Q07973,M461C,0.8885,pathogenic,CYP24A1,461.0
Q07973,M461D,0.9769,pathogenic,CYP24A1,461.0
Q07973,M461E,0.8682,pathogenic,CYP24A1,461.0
Q07973,M461F,0.7016,pathogenic,CYP24A1,461.0
Q07973,M461G,0.7214,pathogenic,CYP24A1,461.0
Q07973,M461H,0.8685,pathogenic,CYP24A1,461.0
Q07973,M461I,0.7889,pathogenic,CYP24A1,461.0
Q07973,M461K,0.6885,pathogenic,CYP24A1,461.0
Q07973,M461L,0.4382,ambiguous,CYP24A1,461.0
Q07973,M461N,0.7259,pathogenic,CYP24A1,461.0
Q07973,M461P,0.9751,pathogenic,CYP24A1,461.0
Q07973,M461Q,0.3762,ambiguous,CYP24A1,461.0
Q07973,M461R,0.5891,pathogenic,CYP24A1,461.0
Q07973,M461S,0.4036,ambiguous,CYP24A1,461.0
Q07973,M461T,0.5695,pathogenic,CYP24A1,461.0
Q07973,M461V,0.3686,ambiguous,CYP24A1,461.0
Q07973,M461W,0.9373,pathogenic,CYP24A1,461.0
Q07973,M461Y,0.9088,pathogenic,CYP24A1,461.0
Q07973,C462A,0.9785,pathogenic,CYP24A1,462.0
Q07973,C462D,0.9729,pathogenic,CYP24A1,462.0
Q07973,C462E,0.9932,pathogenic,CYP24A1,462.0
Q07973,C462F,0.9168,pathogenic,CYP24A1,462.0
Q07973,C462G,0.8641,pathogenic,CYP24A1,462.0
Q07973,C462H,0.9834,pathogenic,CYP24A1,462.0
Q07973,C462I,0.9891,pathogenic,CYP24A1,462.0
Q07973,C462K,0.9973,pathogenic,CYP24A1,462.0
Q07973,C462L,0.9733,pathogenic,CYP24A1,462.0
Q07973,C462M,0.9858,pathogenic,CYP24A1,462.0
Q07973,C462N,0.9789,pathogenic,CYP24A1,462.0
Q07973,C462P,0.9949,pathogenic,CYP24A1,462.0
Q07973,C462Q,0.9866,pathogenic,CYP24A1,462.0
Q07973,C462R,0.9819,pathogenic,CYP24A1,462.0
Q07973,C462S,0.9573,pathogenic,CYP24A1,462.0
Q07973,C462T,0.9906,pathogenic,CYP24A1,462.0
Q07973,C462V,0.9822,pathogenic,CYP24A1,462.0
Q07973,C462W,0.986,pathogenic,CYP24A1,462.0
Q07973,C462Y,0.947,pathogenic,CYP24A1,462.0
Q07973,I463A,0.2282,benign,CYP24A1,463.0
Q07973,I463C,0.8218,pathogenic,CYP24A1,463.0
Q07973,I463D,0.9817,pathogenic,CYP24A1,463.0
Q07973,I463E,0.9602,pathogenic,CYP24A1,463.0
Q07973,I463F,0.4014,ambiguous,CYP24A1,463.0
Q07973,I463G,0.8129,pathogenic,CYP24A1,463.0
Q07973,I463H,0.9608,pathogenic,CYP24A1,463.0
Q07973,I463K,0.9448,pathogenic,CYP24A1,463.0
Q07973,I463L,0.1292,benign,CYP24A1,463.0
Q07973,I463M,0.1525,benign,CYP24A1,463.0
Q07973,I463N,0.8573,pathogenic,CYP24A1,463.0
Q07973,I463P,0.5262,ambiguous,CYP24A1,463.0
Q07973,I463Q,0.9242,pathogenic,CYP24A1,463.0
Q07973,I463R,0.8916,pathogenic,CYP24A1,463.0
Q07973,I463S,0.5388,ambiguous,CYP24A1,463.0
Q07973,I463T,0.2215,benign,CYP24A1,463.0
Q07973,I463V,0.0634,benign,CYP24A1,463.0
Q07973,I463W,0.9587,pathogenic,CYP24A1,463.0
Q07973,I463Y,0.9221,pathogenic,CYP24A1,463.0
Q07973,G464A,0.5781,pathogenic,CYP24A1,464.0
Q07973,G464C,0.8352,pathogenic,CYP24A1,464.0
Q07973,G464D,0.9792,pathogenic,CYP24A1,464.0
Q07973,G464E,0.9794,pathogenic,CYP24A1,464.0
Q07973,G464F,0.9647,pathogenic,CYP24A1,464.0
Q07973,G464H,0.9878,pathogenic,CYP24A1,464.0
Q07973,G464I,0.9733,pathogenic,CYP24A1,464.0
Q07973,G464K,0.9883,pathogenic,CYP24A1,464.0
Q07973,G464L,0.9466,pathogenic,CYP24A1,464.0
Q07973,G464M,0.9704,pathogenic,CYP24A1,464.0
Q07973,G464N,0.9832,pathogenic,CYP24A1,464.0
Q07973,G464P,0.9892,pathogenic,CYP24A1,464.0
Q07973,G464Q,0.9652,pathogenic,CYP24A1,464.0
Q07973,G464R,0.9422,pathogenic,CYP24A1,464.0
Q07973,G464S,0.6491,pathogenic,CYP24A1,464.0
Q07973,G464T,0.9053,pathogenic,CYP24A1,464.0
Q07973,G464V,0.9388,pathogenic,CYP24A1,464.0
Q07973,G464W,0.957,pathogenic,CYP24A1,464.0
Q07973,G464Y,0.9753,pathogenic,CYP24A1,464.0
Q07973,R465A,0.8863,pathogenic,CYP24A1,465.0
Q07973,R465C,0.3682,ambiguous,CYP24A1,465.0
Q07973,R465D,0.986,pathogenic,CYP24A1,465.0
Q07973,R465E,0.8477,pathogenic,CYP24A1,465.0
Q07973,R465F,0.8617,pathogenic,CYP24A1,465.0
Q07973,R465G,0.7421,pathogenic,CYP24A1,465.0
Q07973,R465H,0.2675,benign,CYP24A1,465.0
Q07973,R465I,0.8095,pathogenic,CYP24A1,465.0
Q07973,R465K,0.2076,benign,CYP24A1,465.0
Q07973,R465L,0.7017,pathogenic,CYP24A1,465.0
Q07973,R465M,0.7267,pathogenic,CYP24A1,465.0
Q07973,R465N,0.9442,pathogenic,CYP24A1,465.0
Q07973,R465P,0.985,pathogenic,CYP24A1,465.0
Q07973,R465Q,0.1812,benign,CYP24A1,465.0
Q07973,R465S,0.9035,pathogenic,CYP24A1,465.0
Q07973,R465T,0.8894,pathogenic,CYP24A1,465.0
Q07973,R465V,0.8553,pathogenic,CYP24A1,465.0
Q07973,R465W,0.2877,benign,CYP24A1,465.0
Q07973,R465Y,0.6663,pathogenic,CYP24A1,465.0
Q07973,R466A,0.9328,pathogenic,CYP24A1,466.0
Q07973,R466C,0.5194,ambiguous,CYP24A1,466.0
Q07973,R466D,0.9802,pathogenic,CYP24A1,466.0
Q07973,R466E,0.9267,pathogenic,CYP24A1,466.0
Q07973,R466F,0.9191,pathogenic,CYP24A1,466.0
Q07973,R466G,0.8169,pathogenic,CYP24A1,466.0
Q07973,R466H,0.3418,ambiguous,CYP24A1,466.0
Q07973,R466I,0.8762,pathogenic,CYP24A1,466.0
Q07973,R466K,0.4854,ambiguous,CYP24A1,466.0
Q07973,R466L,0.768,pathogenic,CYP24A1,466.0
Q07973,R466M,0.9021,pathogenic,CYP24A1,466.0
Q07973,R466N,0.9413,pathogenic,CYP24A1,466.0
Q07973,R466P,0.9084,pathogenic,CYP24A1,466.0
Q07973,R466Q,0.3681,ambiguous,CYP24A1,466.0
Q07973,R466S,0.9345,pathogenic,CYP24A1,466.0
Q07973,R466T,0.9162,pathogenic,CYP24A1,466.0
Q07973,R466V,0.9057,pathogenic,CYP24A1,466.0
Q07973,R466W,0.4513,ambiguous,CYP24A1,466.0
Q07973,R466Y,0.7505,pathogenic,CYP24A1,466.0
Q07973,L467A,0.6338,pathogenic,CYP24A1,467.0
Q07973,L467C,0.84,pathogenic,CYP24A1,467.0
Q07973,L467D,0.9888,pathogenic,CYP24A1,467.0
Q07973,L467E,0.9306,pathogenic,CYP24A1,467.0
Q07973,L467F,0.234,benign,CYP24A1,467.0
Q07973,L467G,0.9077,pathogenic,CYP24A1,467.0
Q07973,L467H,0.8628,pathogenic,CYP24A1,467.0
Q07973,L467I,0.1197,benign,CYP24A1,467.0
Q07973,L467K,0.9276,pathogenic,CYP24A1,467.0
Q07973,L467M,0.176,benign,CYP24A1,467.0
Q07973,L467N,0.9405,pathogenic,CYP24A1,467.0
Q07973,L467P,0.7898,pathogenic,CYP24A1,467.0
Q07973,L467Q,0.7984,pathogenic,CYP24A1,467.0
Q07973,L467R,0.8849,pathogenic,CYP24A1,467.0
Q07973,L467S,0.8594,pathogenic,CYP24A1,467.0
Q07973,L467T,0.6294,pathogenic,CYP24A1,467.0
Q07973,L467V,0.1188,benign,CYP24A1,467.0
Q07973,L467W,0.6157,pathogenic,CYP24A1,467.0
Q07973,L467Y,0.7626,pathogenic,CYP24A1,467.0
Q07973,A468C,0.855,pathogenic,CYP24A1,468.0
Q07973,A468D,0.9684,pathogenic,CYP24A1,468.0
Q07973,A468E,0.9455,pathogenic,CYP24A1,468.0
Q07973,A468F,0.9094,pathogenic,CYP24A1,468.0
Q07973,A468G,0.2652,benign,CYP24A1,468.0
Q07973,A468H,0.9771,pathogenic,CYP24A1,468.0
Q07973,A468I,0.8559,pathogenic,CYP24A1,468.0
Q07973,A468K,0.9832,pathogenic,CYP24A1,468.0
Q07973,A468L,0.7131,pathogenic,CYP24A1,468.0
Q07973,A468M,0.7874,pathogenic,CYP24A1,468.0
Q07973,A468N,0.9402,pathogenic,CYP24A1,468.0
Q07973,A468P,0.914,pathogenic,CYP24A1,468.0
Q07973,A468Q,0.9128,pathogenic,CYP24A1,468.0
Q07973,A468R,0.9439,pathogenic,CYP24A1,468.0
Q07973,A468S,0.2642,benign,CYP24A1,468.0
Q07973,A468T,0.4944,ambiguous,CYP24A1,468.0
Q07973,A468V,0.5618,ambiguous,CYP24A1,468.0
Q07973,A468W,0.9866,pathogenic,CYP24A1,468.0
Q07973,A468Y,0.9715,pathogenic,CYP24A1,468.0
Q07973,E469A,0.4765,ambiguous,CYP24A1,469.0
Q07973,E469C,0.9562,pathogenic,CYP24A1,469.0
Q07973,E469D,0.5439,ambiguous,CYP24A1,469.0
Q07973,E469F,0.9125,pathogenic,CYP24A1,469.0
Q07973,E469G,0.4812,ambiguous,CYP24A1,469.0
Q07973,E469H,0.8261,pathogenic,CYP24A1,469.0
Q07973,E469I,0.719,pathogenic,CYP24A1,469.0
Q07973,E469K,0.5139,ambiguous,CYP24A1,469.0
Q07973,E469L,0.7217,pathogenic,CYP24A1,469.0
Q07973,E469M,0.7037,pathogenic,CYP24A1,469.0
Q07973,E469N,0.735,pathogenic,CYP24A1,469.0
Q07973,E469P,0.9881,pathogenic,CYP24A1,469.0
Q07973,E469Q,0.3032,benign,CYP24A1,469.0
Q07973,E469R,0.6372,pathogenic,CYP24A1,469.0
Q07973,E469S,0.5663,pathogenic,CYP24A1,469.0
Q07973,E469T,0.6447,pathogenic,CYP24A1,469.0
Q07973,E469V,0.5161,ambiguous,CYP24A1,469.0
Q07973,E469W,0.9752,pathogenic,CYP24A1,469.0
Q07973,E469Y,0.8718,pathogenic,CYP24A1,469.0
Q07973,L470A,0.5535,ambiguous,CYP24A1,470.0
Q07973,L470C,0.721,pathogenic,CYP24A1,470.0
Q07973,L470D,0.9462,pathogenic,CYP24A1,470.0
Q07973,L470E,0.733,pathogenic,CYP24A1,470.0
Q07973,L470F,0.3195,benign,CYP24A1,470.0
Q07973,L470G,0.7685,pathogenic,CYP24A1,470.0
Q07973,L470H,0.566,pathogenic,CYP24A1,470.0
Q07973,L470I,0.161,benign,CYP24A1,470.0
Q07973,L470K,0.6338,pathogenic,CYP24A1,470.0
Q07973,L470M,0.1353,benign,CYP24A1,470.0
Q07973,L470N,0.6716,pathogenic,CYP24A1,470.0
Q07973,L470P,0.9594,pathogenic,CYP24A1,470.0
Q07973,L470Q,0.3328,benign,CYP24A1,470.0
Q07973,L470R,0.5072,ambiguous,CYP24A1,470.0
Q07973,L470S,0.6351,pathogenic,CYP24A1,470.0
Q07973,L470T,0.3848,ambiguous,CYP24A1,470.0
Q07973,L470V,0.1717,benign,CYP24A1,470.0
Q07973,L470W,0.4857,ambiguous,CYP24A1,470.0
Q07973,L470Y,0.6009,pathogenic,CYP24A1,470.0
Q07973,Q471A,0.5084,ambiguous,CYP24A1,471.0
Q07973,Q471C,0.7883,pathogenic,CYP24A1,471.0
Q07973,Q471D,0.8308,pathogenic,CYP24A1,471.0
Q07973,Q471E,0.105,benign,CYP24A1,471.0
Q07973,Q471F,0.8418,pathogenic,CYP24A1,471.0
Q07973,Q471G,0.5782,pathogenic,CYP24A1,471.0
Q07973,Q471H,0.3999,ambiguous,CYP24A1,471.0
Q07973,Q471I,0.6222,pathogenic,CYP24A1,471.0
Q07973,Q471K,0.5401,ambiguous,CYP24A1,471.0
Q07973,Q471L,0.3027,benign,CYP24A1,471.0
Q07973,Q471M,0.4833,ambiguous,CYP24A1,471.0
Q07973,Q471N,0.4805,ambiguous,CYP24A1,471.0
Q07973,Q471P,0.7499,pathogenic,CYP24A1,471.0
Q07973,Q471R,0.608,pathogenic,CYP24A1,471.0
Q07973,Q471S,0.404,ambiguous,CYP24A1,471.0
Q07973,Q471T,0.4446,ambiguous,CYP24A1,471.0
Q07973,Q471V,0.5423,ambiguous,CYP24A1,471.0
Q07973,Q471W,0.9039,pathogenic,CYP24A1,471.0
Q07973,Q471Y,0.7821,pathogenic,CYP24A1,471.0
Q07973,L472A,0.6601,pathogenic,CYP24A1,472.0
Q07973,L472C,0.6651,pathogenic,CYP24A1,472.0
Q07973,L472D,0.9756,pathogenic,CYP24A1,472.0
Q07973,L472E,0.8711,pathogenic,CYP24A1,472.0
Q07973,L472F,0.4079,ambiguous,CYP24A1,472.0
Q07973,L472G,0.8102,pathogenic,CYP24A1,472.0
Q07973,L472H,0.7712,pathogenic,CYP24A1,472.0
Q07973,L472I,0.1173,benign,CYP24A1,472.0
Q07973,L472K,0.884,pathogenic,CYP24A1,472.0
Q07973,L472M,0.1408,benign,CYP24A1,472.0
Q07973,L472N,0.7868,pathogenic,CYP24A1,472.0
Q07973,L472P,0.9714,pathogenic,CYP24A1,472.0
Q07973,L472Q,0.6095,pathogenic,CYP24A1,472.0
Q07973,L472R,0.8266,pathogenic,CYP24A1,472.0
Q07973,L472S,0.7401,pathogenic,CYP24A1,472.0
Q07973,L472T,0.5835,pathogenic,CYP24A1,472.0
Q07973,L472V,0.1612,benign,CYP24A1,472.0
Q07973,L472W,0.7396,pathogenic,CYP24A1,472.0
Q07973,L472Y,0.7856,pathogenic,CYP24A1,472.0
Q07973,H473A,0.3353,benign,CYP24A1,473.0
Q07973,H473C,0.1577,benign,CYP24A1,473.0
Q07973,H473D,0.517,ambiguous,CYP24A1,473.0
Q07973,H473E,0.4084,ambiguous,CYP24A1,473.0
Q07973,H473F,0.2839,benign,CYP24A1,473.0
Q07973,H473G,0.356,ambiguous,CYP24A1,473.0
Q07973,H473I,0.3409,ambiguous,CYP24A1,473.0
Q07973,H473K,0.4367,ambiguous,CYP24A1,473.0
Q07973,H473L,0.1169,benign,CYP24A1,473.0
Q07973,H473M,0.436,ambiguous,CYP24A1,473.0
Q07973,H473N,0.161,benign,CYP24A1,473.0
Q07973,H473P,0.4393,ambiguous,CYP24A1,473.0
Q07973,H473Q,0.1877,benign,CYP24A1,473.0
Q07973,H473R,0.2081,benign,CYP24A1,473.0
Q07973,H473S,0.2621,benign,CYP24A1,473.0
Q07973,H473T,0.3413,ambiguous,CYP24A1,473.0
Q07973,H473V,0.3017,benign,CYP24A1,473.0
Q07973,H473W,0.3516,ambiguous,CYP24A1,473.0
Q07973,H473Y,0.0884,benign,CYP24A1,473.0
Q07973,L474A,0.5339,ambiguous,CYP24A1,474.0
Q07973,L474C,0.6786,pathogenic,CYP24A1,474.0
Q07973,L474D,0.9693,pathogenic,CYP24A1,474.0
Q07973,L474E,0.8078,pathogenic,CYP24A1,474.0
Q07973,L474F,0.2271,benign,CYP24A1,474.0
Q07973,L474G,0.7873,pathogenic,CYP24A1,474.0
Q07973,L474H,0.5609,ambiguous,CYP24A1,474.0
Q07973,L474I,0.1539,benign,CYP24A1,474.0
Q07973,L474K,0.7541,pathogenic,CYP24A1,474.0
Q07973,L474M,0.1354,benign,CYP24A1,474.0
Q07973,L474N,0.7927,pathogenic,CYP24A1,474.0
Q07973,L474P,0.9591,pathogenic,CYP24A1,474.0
Q07973,L474Q,0.4923,ambiguous,CYP24A1,474.0
Q07973,L474R,0.595,pathogenic,CYP24A1,474.0
Q07973,L474S,0.6035,pathogenic,CYP24A1,474.0
Q07973,L474T,0.4381,ambiguous,CYP24A1,474.0
Q07973,L474V,0.1517,benign,CYP24A1,474.0
Q07973,L474W,0.5704,pathogenic,CYP24A1,474.0
Q07973,L474Y,0.6534,pathogenic,CYP24A1,474.0
Q07973,A475C,0.52,ambiguous,CYP24A1,475.0
Q07973,A475D,0.9159,pathogenic,CYP24A1,475.0
Q07973,A475E,0.916,pathogenic,CYP24A1,475.0
Q07973,A475F,0.5823,pathogenic,CYP24A1,475.0
Q07973,A475G,0.1254,benign,CYP24A1,475.0
Q07973,A475H,0.9281,pathogenic,CYP24A1,475.0
Q07973,A475I,0.49,ambiguous,CYP24A1,475.0
Q07973,A475K,0.9708,pathogenic,CYP24A1,475.0
Q07973,A475L,0.3415,ambiguous,CYP24A1,475.0
Q07973,A475M,0.4154,ambiguous,CYP24A1,475.0
Q07973,A475N,0.7995,pathogenic,CYP24A1,475.0
Q07973,A475P,0.8952,pathogenic,CYP24A1,475.0
Q07973,A475Q,0.8807,pathogenic,CYP24A1,475.0
Q07973,A475R,0.943,pathogenic,CYP24A1,475.0
Q07973,A475S,0.1517,benign,CYP24A1,475.0
Q07973,A475T,0.1753,benign,CYP24A1,475.0
Q07973,A475V,0.2357,benign,CYP24A1,475.0
Q07973,A475W,0.941,pathogenic,CYP24A1,475.0
Q07973,A475Y,0.8589,pathogenic,CYP24A1,475.0
Q07973,L476A,0.3052,benign,CYP24A1,476.0
Q07973,L476C,0.5567,ambiguous,CYP24A1,476.0
Q07973,L476D,0.9713,pathogenic,CYP24A1,476.0
Q07973,L476E,0.8973,pathogenic,CYP24A1,476.0
Q07973,L476F,0.2368,benign,CYP24A1,476.0
Q07973,L476G,0.6807,pathogenic,CYP24A1,476.0
Q07973,L476H,0.7704,pathogenic,CYP24A1,476.0
Q07973,L476I,0.0822,benign,CYP24A1,476.0
Q07973,L476K,0.9012,pathogenic,CYP24A1,476.0
Q07973,L476M,0.1298,benign,CYP24A1,476.0
Q07973,L476N,0.8058,pathogenic,CYP24A1,476.0
Q07973,L476P,0.8966,pathogenic,CYP24A1,476.0
Q07973,L476Q,0.6857,pathogenic,CYP24A1,476.0
Q07973,L476R,0.8312,pathogenic,CYP24A1,476.0
Q07973,L476S,0.4777,ambiguous,CYP24A1,476.0
Q07973,L476T,0.2627,benign,CYP24A1,476.0
Q07973,L476V,0.0749,benign,CYP24A1,476.0
Q07973,L476W,0.6524,pathogenic,CYP24A1,476.0
Q07973,L476Y,0.7482,pathogenic,CYP24A1,476.0
Q07973,C477A,0.3535,ambiguous,CYP24A1,477.0
Q07973,C477D,0.9411,pathogenic,CYP24A1,477.0
Q07973,C477E,0.9645,pathogenic,CYP24A1,477.0
Q07973,C477F,0.32,benign,CYP24A1,477.0
Q07973,C477G,0.1771,benign,CYP24A1,477.0
Q07973,C477H,0.8061,pathogenic,CYP24A1,477.0
Q07973,C477I,0.4697,ambiguous,CYP24A1,477.0
Q07973,C477K,0.9705,pathogenic,CYP24A1,477.0
Q07973,C477L,0.4169,ambiguous,CYP24A1,477.0
Q07973,C477M,0.714,pathogenic,CYP24A1,477.0
Q07973,C477N,0.7947,pathogenic,CYP24A1,477.0
Q07973,C477P,0.9022,pathogenic,CYP24A1,477.0
Q07973,C477Q,0.895,pathogenic,CYP24A1,477.0
Q07973,C477R,0.8452,pathogenic,CYP24A1,477.0
Q07973,C477S,0.2584,benign,CYP24A1,477.0
Q07973,C477T,0.4434,ambiguous,CYP24A1,477.0
Q07973,C477V,0.3879,ambiguous,CYP24A1,477.0
Q07973,C477W,0.6866,pathogenic,CYP24A1,477.0
Q07973,C477Y,0.5342,ambiguous,CYP24A1,477.0
Q07973,W478A,0.2898,benign,CYP24A1,478.0
Q07973,W478C,0.3667,ambiguous,CYP24A1,478.0
Q07973,W478D,0.6839,pathogenic,CYP24A1,478.0
Q07973,W478E,0.5201,ambiguous,CYP24A1,478.0
Q07973,W478F,0.2493,benign,CYP24A1,478.0
Q07973,W478G,0.1593,benign,CYP24A1,478.0
Q07973,W478H,0.3203,benign,CYP24A1,478.0
Q07973,W478I,0.5057,ambiguous,CYP24A1,478.0
Q07973,W478K,0.4681,ambiguous,CYP24A1,478.0
Q07973,W478L,0.2499,benign,CYP24A1,478.0
Q07973,W478M,0.4488,ambiguous,CYP24A1,478.0
Q07973,W478N,0.4878,ambiguous,CYP24A1,478.0
Q07973,W478P,0.948,pathogenic,CYP24A1,478.0
Q07973,W478Q,0.3392,benign,CYP24A1,478.0
Q07973,W478R,0.2942,benign,CYP24A1,478.0
Q07973,W478S,0.1802,benign,CYP24A1,478.0
Q07973,W478T,0.3176,benign,CYP24A1,478.0
Q07973,W478V,0.372,ambiguous,CYP24A1,478.0
Q07973,W478Y,0.3087,benign,CYP24A1,478.0
Q07973,I479A,0.3188,benign,CYP24A1,479.0
Q07973,I479C,0.6919,pathogenic,CYP24A1,479.0
Q07973,I479D,0.9467,pathogenic,CYP24A1,479.0
Q07973,I479E,0.8979,pathogenic,CYP24A1,479.0
Q07973,I479F,0.1647,benign,CYP24A1,479.0
Q07973,I479G,0.7489,pathogenic,CYP24A1,479.0
Q07973,I479H,0.8426,pathogenic,CYP24A1,479.0
Q07973,I479K,0.8445,pathogenic,CYP24A1,479.0
Q07973,I479L,0.0742,benign,CYP24A1,479.0
Q07973,I479M,0.0694,benign,CYP24A1,479.0
Q07973,I479N,0.668,pathogenic,CYP24A1,479.0
Q07973,I479P,0.933,pathogenic,CYP24A1,479.0
Q07973,I479Q,0.8365,pathogenic,CYP24A1,479.0
Q07973,I479R,0.7972,pathogenic,CYP24A1,479.0
Q07973,I479S,0.5079,ambiguous,CYP24A1,479.0
Q07973,I479T,0.2419,benign,CYP24A1,479.0
Q07973,I479V,0.0841,benign,CYP24A1,479.0
Q07973,I479W,0.7805,pathogenic,CYP24A1,479.0
Q07973,I479Y,0.6761,pathogenic,CYP24A1,479.0
Q07973,V480A,0.2696,benign,CYP24A1,480.0
Q07973,V480C,0.6656,pathogenic,CYP24A1,480.0
Q07973,V480D,0.8228,pathogenic,CYP24A1,480.0
Q07973,V480E,0.7819,pathogenic,CYP24A1,480.0
Q07973,V480F,0.1992,benign,CYP24A1,480.0
Q07973,V480G,0.3535,ambiguous,CYP24A1,480.0
Q07973,V480H,0.8471,pathogenic,CYP24A1,480.0
Q07973,V480I,0.0689,benign,CYP24A1,480.0
Q07973,V480K,0.8189,pathogenic,CYP24A1,480.0
Q07973,V480L,0.132,benign,CYP24A1,480.0
Q07973,V480M,0.163,benign,CYP24A1,480.0
Q07973,V480N,0.6227,pathogenic,CYP24A1,480.0
Q07973,V480P,0.827,pathogenic,CYP24A1,480.0
Q07973,V480Q,0.7287,pathogenic,CYP24A1,480.0
Q07973,V480R,0.7448,pathogenic,CYP24A1,480.0
Q07973,V480S,0.3808,ambiguous,CYP24A1,480.0
Q07973,V480T,0.3178,benign,CYP24A1,480.0
Q07973,V480W,0.8595,pathogenic,CYP24A1,480.0
Q07973,V480Y,0.7106,pathogenic,CYP24A1,480.0
Q07973,R481A,0.2572,benign,CYP24A1,481.0
Q07973,R481C,0.1186,benign,CYP24A1,481.0
Q07973,R481D,0.5435,ambiguous,CYP24A1,481.0
Q07973,R481E,0.2216,benign,CYP24A1,481.0
Q07973,R481F,0.4459,ambiguous,CYP24A1,481.0
Q07973,R481G,0.1216,benign,CYP24A1,481.0
Q07973,R481H,0.1037,benign,CYP24A1,481.0
Q07973,R481I,0.2676,benign,CYP24A1,481.0
Q07973,R481K,0.1,benign,CYP24A1,481.0
Q07973,R481L,0.1678,benign,CYP24A1,481.0
Q07973,R481M,0.2344,benign,CYP24A1,481.0
Q07973,R481N,0.4097,ambiguous,CYP24A1,481.0
Q07973,R481P,0.6481,pathogenic,CYP24A1,481.0
Q07973,R481Q,0.0658,benign,CYP24A1,481.0
Q07973,R481S,0.2924,benign,CYP24A1,481.0
Q07973,R481T,0.1953,benign,CYP24A1,481.0
Q07973,R481V,0.3118,benign,CYP24A1,481.0
Q07973,R481W,0.1169,benign,CYP24A1,481.0
Q07973,R481Y,0.2875,benign,CYP24A1,481.0
Q07973,K482A,0.2642,benign,CYP24A1,482.0
Q07973,K482C,0.4278,ambiguous,CYP24A1,482.0
Q07973,K482D,0.3796,ambiguous,CYP24A1,482.0
Q07973,K482E,0.1267,benign,CYP24A1,482.0
Q07973,K482F,0.6191,pathogenic,CYP24A1,482.0
Q07973,K482G,0.2759,benign,CYP24A1,482.0
Q07973,K482H,0.1894,benign,CYP24A1,482.0
Q07973,K482I,0.3,benign,CYP24A1,482.0
Q07973,K482L,0.2746,benign,CYP24A1,482.0
Q07973,K482M,0.1847,benign,CYP24A1,482.0
Q07973,K482N,0.213,benign,CYP24A1,482.0
Q07973,K482P,0.8292,pathogenic,CYP24A1,482.0
Q07973,K482Q,0.0975,benign,CYP24A1,482.0
Q07973,K482R,0.065,benign,CYP24A1,482.0
Q07973,K482S,0.2498,benign,CYP24A1,482.0
Q07973,K482T,0.1387,benign,CYP24A1,482.0
Q07973,K482V,0.3037,benign,CYP24A1,482.0
Q07973,K482W,0.5403,ambiguous,CYP24A1,482.0
Q07973,K482Y,0.3984,ambiguous,CYP24A1,482.0
Q07973,Y483A,0.8821,pathogenic,CYP24A1,483.0
Q07973,Y483C,0.3345,benign,CYP24A1,483.0
Q07973,Y483D,0.8614,pathogenic,CYP24A1,483.0
Q07973,Y483E,0.9531,pathogenic,CYP24A1,483.0
Q07973,Y483F,0.1637,benign,CYP24A1,483.0
Q07973,Y483G,0.774,pathogenic,CYP24A1,483.0
Q07973,Y483H,0.4745,ambiguous,CYP24A1,483.0
Q07973,Y483I,0.8709,pathogenic,CYP24A1,483.0
Q07973,Y483K,0.9032,pathogenic,CYP24A1,483.0
Q07973,Y483L,0.8106,pathogenic,CYP24A1,483.0
Q07973,Y483M,0.8646,pathogenic,CYP24A1,483.0
Q07973,Y483N,0.5846,pathogenic,CYP24A1,483.0
Q07973,Y483P,0.9815,pathogenic,CYP24A1,483.0
Q07973,Y483Q,0.8871,pathogenic,CYP24A1,483.0
Q07973,Y483R,0.7953,pathogenic,CYP24A1,483.0
Q07973,Y483S,0.7437,pathogenic,CYP24A1,483.0
Q07973,Y483T,0.8702,pathogenic,CYP24A1,483.0
Q07973,Y483V,0.7823,pathogenic,CYP24A1,483.0
Q07973,Y483W,0.4454,ambiguous,CYP24A1,483.0
Q07973,D484A,0.0894,benign,CYP24A1,484.0
Q07973,D484C,0.2112,benign,CYP24A1,484.0
Q07973,D484E,0.1006,benign,CYP24A1,484.0
Q07973,D484F,0.2814,benign,CYP24A1,484.0
Q07973,D484G,0.1196,benign,CYP24A1,484.0
Q07973,D484H,0.0806,benign,CYP24A1,484.0
Q07973,D484I,0.1412,benign,CYP24A1,484.0
Q07973,D484K,0.1155,benign,CYP24A1,484.0
Q07973,D484L,0.1757,benign,CYP24A1,484.0
Q07973,D484M,0.3072,benign,CYP24A1,484.0
Q07973,D484N,0.0658,benign,CYP24A1,484.0
Q07973,D484P,0.7175,pathogenic,CYP24A1,484.0
Q07973,D484Q,0.109,benign,CYP24A1,484.0
Q07973,D484R,0.0998,benign,CYP24A1,484.0
Q07973,D484S,0.0759,benign,CYP24A1,484.0
Q07973,D484T,0.1133,benign,CYP24A1,484.0
Q07973,D484V,0.094,benign,CYP24A1,484.0
Q07973,D484W,0.547,ambiguous,CYP24A1,484.0
Q07973,D484Y,0.0949,benign,CYP24A1,484.0
Q07973,I485A,0.7267,pathogenic,CYP24A1,485.0
Q07973,I485C,0.7358,pathogenic,CYP24A1,485.0
Q07973,I485D,0.9761,pathogenic,CYP24A1,485.0
Q07973,I485E,0.9602,pathogenic,CYP24A1,485.0
Q07973,I485F,0.1696,benign,CYP24A1,485.0
Q07973,I485G,0.901,pathogenic,CYP24A1,485.0
Q07973,I485H,0.9113,pathogenic,CYP24A1,485.0
Q07973,I485K,0.9097,pathogenic,CYP24A1,485.0
Q07973,I485L,0.0801,benign,CYP24A1,485.0
Q07973,I485M,0.1347,benign,CYP24A1,485.0
Q07973,I485N,0.8402,pathogenic,CYP24A1,485.0
Q07973,I485P,0.8707,pathogenic,CYP24A1,485.0
Q07973,I485Q,0.9191,pathogenic,CYP24A1,485.0
Q07973,I485R,0.856,pathogenic,CYP24A1,485.0
Q07973,I485S,0.79,pathogenic,CYP24A1,485.0
Q07973,I485T,0.7064,pathogenic,CYP24A1,485.0
Q07973,I485V,0.0857,benign,CYP24A1,485.0
Q07973,I485W,0.832,pathogenic,CYP24A1,485.0
Q07973,I485Y,0.7217,pathogenic,CYP24A1,485.0
Q07973,Q486A,0.0983,benign,CYP24A1,486.0
Q07973,Q486C,0.2077,benign,CYP24A1,486.0
Q07973,Q486D,0.2646,benign,CYP24A1,486.0
Q07973,Q486E,0.07,benign,CYP24A1,486.0
Q07973,Q486F,0.23,benign,CYP24A1,486.0
Q07973,Q486G,0.1472,benign,CYP24A1,486.0
Q07973,Q486H,0.1126,benign,CYP24A1,486.0
Q07973,Q486I,0.091,benign,CYP24A1,486.0
Q07973,Q486K,0.0626,benign,CYP24A1,486.0
Q07973,Q486L,0.0673,benign,CYP24A1,486.0
Q07973,Q486M,0.1371,benign,CYP24A1,486.0
Q07973,Q486N,0.206,benign,CYP24A1,486.0
Q07973,Q486P,0.3873,ambiguous,CYP24A1,486.0
Q07973,Q486R,0.0587,benign,CYP24A1,486.0
Q07973,Q486S,0.1285,benign,CYP24A1,486.0
Q07973,Q486T,0.0823,benign,CYP24A1,486.0
Q07973,Q486V,0.0639,benign,CYP24A1,486.0
Q07973,Q486W,0.206,benign,CYP24A1,486.0
Q07973,Q486Y,0.1882,benign,CYP24A1,486.0
Q07973,A487C,0.5114,ambiguous,CYP24A1,487.0
Q07973,A487D,0.4657,ambiguous,CYP24A1,487.0
Q07973,A487E,0.4211,ambiguous,CYP24A1,487.0
Q07973,A487F,0.4712,ambiguous,CYP24A1,487.0
Q07973,A487G,0.1678,benign,CYP24A1,487.0
Q07973,A487H,0.6373,pathogenic,CYP24A1,487.0
Q07973,A487I,0.412,ambiguous,CYP24A1,487.0
Q07973,A487K,0.6024,pathogenic,CYP24A1,487.0
Q07973,A487L,0.3229,benign,CYP24A1,487.0
Q07973,A487M,0.3648,ambiguous,CYP24A1,487.0
Q07973,A487N,0.4488,ambiguous,CYP24A1,487.0
Q07973,A487P,0.1808,benign,CYP24A1,487.0
Q07973,A487Q,0.499,ambiguous,CYP24A1,487.0
Q07973,A487R,0.5136,ambiguous,CYP24A1,487.0
Q07973,A487S,0.1301,benign,CYP24A1,487.0
Q07973,A487T,0.1624,benign,CYP24A1,487.0
Q07973,A487V,0.1862,benign,CYP24A1,487.0
Q07973,A487W,0.7902,pathogenic,CYP24A1,487.0
Q07973,A487Y,0.5596,ambiguous,CYP24A1,487.0
Q07973,T488A,0.078,benign,CYP24A1,488.0
Q07973,T488C,0.369,ambiguous,CYP24A1,488.0
Q07973,T488D,0.3328,benign,CYP24A1,488.0
Q07973,T488E,0.2199,benign,CYP24A1,488.0
Q07973,T488F,0.244,benign,CYP24A1,488.0
Q07973,T488G,0.2069,benign,CYP24A1,488.0
Q07973,T488H,0.2835,benign,CYP24A1,488.0
Q07973,T488I,0.134,benign,CYP24A1,488.0
Q07973,T488K,0.1276,benign,CYP24A1,488.0
Q07973,T488L,0.0949,benign,CYP24A1,488.0
Q07973,T488M,0.0864,benign,CYP24A1,488.0
Q07973,T488N,0.1544,benign,CYP24A1,488.0
Q07973,T488P,0.1632,benign,CYP24A1,488.0
Q07973,T488Q,0.2092,benign,CYP24A1,488.0
Q07973,T488R,0.102,benign,CYP24A1,488.0
Q07973,T488S,0.1221,benign,CYP24A1,488.0
Q07973,T488V,0.1126,benign,CYP24A1,488.0
Q07973,T488W,0.4926,ambiguous,CYP24A1,488.0
Q07973,T488Y,0.3206,benign,CYP24A1,488.0
Q07973,D489A,0.2497,benign,CYP24A1,489.0
Q07973,D489C,0.6098,pathogenic,CYP24A1,489.0
Q07973,D489E,0.3797,ambiguous,CYP24A1,489.0
Q07973,D489F,0.7867,pathogenic,CYP24A1,489.0
Q07973,D489G,0.1463,benign,CYP24A1,489.0
Q07973,D489H,0.4248,ambiguous,CYP24A1,489.0
Q07973,D489I,0.6075,pathogenic,CYP24A1,489.0
Q07973,D489K,0.5213,ambiguous,CYP24A1,489.0
Q07973,D489L,0.5971,pathogenic,CYP24A1,489.0
Q07973,D489M,0.781,pathogenic,CYP24A1,489.0
Q07973,D489N,0.1254,benign,CYP24A1,489.0
Q07973,D489P,0.7304,pathogenic,CYP24A1,489.0
Q07973,D489Q,0.5004,ambiguous,CYP24A1,489.0
Q07973,D489R,0.4703,ambiguous,CYP24A1,489.0
Q07973,D489S,0.147,benign,CYP24A1,489.0
Q07973,D489T,0.3071,benign,CYP24A1,489.0
Q07973,D489V,0.3587,ambiguous,CYP24A1,489.0
Q07973,D489W,0.9063,pathogenic,CYP24A1,489.0
Q07973,D489Y,0.3881,ambiguous,CYP24A1,489.0
Q07973,N490A,0.0736,benign,CYP24A1,490.0
Q07973,N490C,0.0928,benign,CYP24A1,490.0
Q07973,N490D,0.057,benign,CYP24A1,490.0
Q07973,N490E,0.0939,benign,CYP24A1,490.0
Q07973,N490F,0.1892,benign,CYP24A1,490.0
Q07973,N490G,0.0942,benign,CYP24A1,490.0
Q07973,N490H,0.0606,benign,CYP24A1,490.0
Q07973,N490I,0.0881,benign,CYP24A1,490.0
Q07973,N490K,0.0726,benign,CYP24A1,490.0
Q07973,N490L,0.0859,benign,CYP24A1,490.0
Q07973,N490M,0.1254,benign,CYP24A1,490.0
Q07973,N490P,0.1665,benign,CYP24A1,490.0
Q07973,N490Q,0.0986,benign,CYP24A1,490.0
Q07973,N490R,0.0778,benign,CYP24A1,490.0
Q07973,N490S,0.0533,benign,CYP24A1,490.0
Q07973,N490T,0.0625,benign,CYP24A1,490.0
Q07973,N490V,0.0854,benign,CYP24A1,490.0
Q07973,N490W,0.2516,benign,CYP24A1,490.0
Q07973,N490Y,0.0783,benign,CYP24A1,490.0
Q07973,E491A,0.0903,benign,CYP24A1,491.0
Q07973,E491C,0.4113,ambiguous,CYP24A1,491.0
Q07973,E491D,0.0948,benign,CYP24A1,491.0
Q07973,E491F,0.3459,ambiguous,CYP24A1,491.0
Q07973,E491G,0.0892,benign,CYP24A1,491.0
Q07973,E491H,0.1681,benign,CYP24A1,491.0
Q07973,E491I,0.1613,benign,CYP24A1,491.0
Q07973,E491K,0.0603,benign,CYP24A1,491.0
Q07973,E491L,0.1506,benign,CYP24A1,491.0
Q07973,E491M,0.1982,benign,CYP24A1,491.0
Q07973,E491N,0.14,benign,CYP24A1,491.0
Q07973,E491P,0.4356,ambiguous,CYP24A1,491.0
Q07973,E491Q,0.0742,benign,CYP24A1,491.0
Q07973,E491R,0.0919,benign,CYP24A1,491.0
Q07973,E491S,0.1161,benign,CYP24A1,491.0
Q07973,E491T,0.1125,benign,CYP24A1,491.0
Q07973,E491V,0.1094,benign,CYP24A1,491.0
Q07973,E491W,0.4989,ambiguous,CYP24A1,491.0
Q07973,E491Y,0.2348,benign,CYP24A1,491.0
Q07973,P492A,0.0629,benign,CYP24A1,492.0
Q07973,P492C,0.2434,benign,CYP24A1,492.0
Q07973,P492D,0.186,benign,CYP24A1,492.0
Q07973,P492E,0.1372,benign,CYP24A1,492.0
Q07973,P492F,0.2412,benign,CYP24A1,492.0
Q07973,P492G,0.2101,benign,CYP24A1,492.0
Q07973,P492H,0.1164,benign,CYP24A1,492.0
Q07973,P492I,0.1632,benign,CYP24A1,492.0
Q07973,P492K,0.1311,benign,CYP24A1,492.0
Q07973,P492L,0.0833,benign,CYP24A1,492.0
Q07973,P492M,0.164,benign,CYP24A1,492.0
Q07973,P492N,0.1719,benign,CYP24A1,492.0
Q07973,P492Q,0.1069,benign,CYP24A1,492.0
Q07973,P492R,0.0944,benign,CYP24A1,492.0
Q07973,P492S,0.0962,benign,CYP24A1,492.0
Q07973,P492T,0.0707,benign,CYP24A1,492.0
Q07973,P492V,0.1222,benign,CYP24A1,492.0
Q07973,P492W,0.3106,benign,CYP24A1,492.0
Q07973,P492Y,0.2169,benign,CYP24A1,492.0
Q07973,V493A,0.231,benign,CYP24A1,493.0
Q07973,V493C,0.8138,pathogenic,CYP24A1,493.0
Q07973,V493D,0.7334,pathogenic,CYP24A1,493.0
Q07973,V493E,0.5801,pathogenic,CYP24A1,493.0
Q07973,V493F,0.3265,benign,CYP24A1,493.0
Q07973,V493G,0.3819,ambiguous,CYP24A1,493.0
Q07973,V493H,0.8592,pathogenic,CYP24A1,493.0
Q07973,V493I,0.0873,benign,CYP24A1,493.0
Q07973,V493K,0.6858,pathogenic,CYP24A1,493.0
Q07973,V493L,0.1871,benign,CYP24A1,493.0
Q07973,V493M,0.1825,benign,CYP24A1,493.0
Q07973,V493N,0.6567,pathogenic,CYP24A1,493.0
Q07973,V493P,0.543,ambiguous,CYP24A1,493.0
Q07973,V493Q,0.6462,pathogenic,CYP24A1,493.0
Q07973,V493R,0.6102,pathogenic,CYP24A1,493.0
Q07973,V493S,0.4474,ambiguous,CYP24A1,493.0
Q07973,V493T,0.2423,benign,CYP24A1,493.0
Q07973,V493W,0.8764,pathogenic,CYP24A1,493.0
Q07973,V493Y,0.7932,pathogenic,CYP24A1,493.0
Q07973,E494A,0.0808,benign,CYP24A1,494.0
Q07973,E494C,0.4246,ambiguous,CYP24A1,494.0
Q07973,E494D,0.0934,benign,CYP24A1,494.0
Q07973,E494F,0.4223,ambiguous,CYP24A1,494.0
Q07973,E494G,0.0655,benign,CYP24A1,494.0
Q07973,E494H,0.1877,benign,CYP24A1,494.0
Q07973,E494I,0.1965,benign,CYP24A1,494.0
Q07973,E494K,0.0723,benign,CYP24A1,494.0
Q07973,E494L,0.1615,benign,CYP24A1,494.0
Q07973,E494M,0.2403,benign,CYP24A1,494.0
Q07973,E494N,0.1418,benign,CYP24A1,494.0
Q07973,E494P,0.2027,benign,CYP24A1,494.0
Q07973,E494Q,0.0762,benign,CYP24A1,494.0
Q07973,E494R,0.1005,benign,CYP24A1,494.0
Q07973,E494S,0.1082,benign,CYP24A1,494.0
Q07973,E494T,0.1114,benign,CYP24A1,494.0
Q07973,E494V,0.1115,benign,CYP24A1,494.0
Q07973,E494W,0.5264,ambiguous,CYP24A1,494.0
Q07973,E494Y,0.2878,benign,CYP24A1,494.0
Q07973,M495A,0.237,benign,CYP24A1,495.0
Q07973,M495C,0.5598,ambiguous,CYP24A1,495.0
Q07973,M495D,0.664,pathogenic,CYP24A1,495.0
Q07973,M495E,0.4051,ambiguous,CYP24A1,495.0
Q07973,M495F,0.2572,benign,CYP24A1,495.0
Q07973,M495G,0.4413,ambiguous,CYP24A1,495.0
Q07973,M495H,0.4189,ambiguous,CYP24A1,495.0
Q07973,M495I,0.1444,benign,CYP24A1,495.0
Q07973,M495K,0.1779,benign,CYP24A1,495.0
Q07973,M495L,0.1184,benign,CYP24A1,495.0
Q07973,M495N,0.3074,benign,CYP24A1,495.0
Q07973,M495P,0.3139,benign,CYP24A1,495.0
Q07973,M495Q,0.241,benign,CYP24A1,495.0
Q07973,M495R,0.1784,benign,CYP24A1,495.0
Q07973,M495S,0.2653,benign,CYP24A1,495.0
Q07973,M495T,0.161,benign,CYP24A1,495.0
Q07973,M495V,0.0775,benign,CYP24A1,495.0
Q07973,M495W,0.5563,ambiguous,CYP24A1,495.0
Q07973,M495Y,0.4296,ambiguous,CYP24A1,495.0
Q07973,L496A,0.1987,benign,CYP24A1,496.0
Q07973,L496C,0.3026,benign,CYP24A1,496.0
Q07973,L496D,0.4697,ambiguous,CYP24A1,496.0
Q07973,L496E,0.1821,benign,CYP24A1,496.0
Q07973,L496F,0.0987,benign,CYP24A1,496.0
Q07973,L496G,0.3971,ambiguous,CYP24A1,496.0
Q07973,L496H,0.1356,benign,CYP24A1,496.0
Q07973,L496I,0.0652,benign,CYP24A1,496.0
Q07973,L496K,0.1475,benign,CYP24A1,496.0
Q07973,L496M,0.0996,benign,CYP24A1,496.0
Q07973,L496N,0.2698,benign,CYP24A1,496.0
Q07973,L496P,0.574,pathogenic,CYP24A1,496.0
Q07973,L496Q,0.0972,benign,CYP24A1,496.0
Q07973,L496R,0.1033,benign,CYP24A1,496.0
Q07973,L496S,0.1918,benign,CYP24A1,496.0
Q07973,L496T,0.1455,benign,CYP24A1,496.0
Q07973,L496V,0.0736,benign,CYP24A1,496.0
Q07973,L496W,0.1499,benign,CYP24A1,496.0
Q07973,L496Y,0.2043,benign,CYP24A1,496.0
Q07973,H497A,0.6554,pathogenic,CYP24A1,497.0
Q07973,H497C,0.3198,benign,CYP24A1,497.0
Q07973,H497D,0.7632,pathogenic,CYP24A1,497.0
Q07973,H497E,0.8132,pathogenic,CYP24A1,497.0
Q07973,H497F,0.3848,ambiguous,CYP24A1,497.0
Q07973,H497G,0.7031,pathogenic,CYP24A1,497.0
Q07973,H497I,0.4865,ambiguous,CYP24A1,497.0
Q07973,H497K,0.8622,pathogenic,CYP24A1,497.0
Q07973,H497L,0.1872,benign,CYP24A1,497.0
Q07973,H497M,0.6354,pathogenic,CYP24A1,497.0
Q07973,H497N,0.3301,benign,CYP24A1,497.0
Q07973,H497P,0.3417,ambiguous,CYP24A1,497.0
Q07973,H497Q,0.5538,ambiguous,CYP24A1,497.0
Q07973,H497R,0.6094,pathogenic,CYP24A1,497.0
Q07973,H497S,0.5436,ambiguous,CYP24A1,497.0
Q07973,H497T,0.6322,pathogenic,CYP24A1,497.0
Q07973,H497V,0.4591,ambiguous,CYP24A1,497.0
Q07973,H497W,0.6103,pathogenic,CYP24A1,497.0
Q07973,H497Y,0.1888,benign,CYP24A1,497.0
Q07973,S498A,0.0638,benign,CYP24A1,498.0
Q07973,S498C,0.1021,benign,CYP24A1,498.0
Q07973,S498D,0.4102,ambiguous,CYP24A1,498.0
Q07973,S498E,0.3035,benign,CYP24A1,498.0
Q07973,S498F,0.1108,benign,CYP24A1,498.0
Q07973,S498G,0.1281,benign,CYP24A1,498.0
Q07973,S498H,0.1798,benign,CYP24A1,498.0
Q07973,S498I,0.1038,benign,CYP24A1,498.0
Q07973,S498K,0.3211,benign,CYP24A1,498.0
Q07973,S498L,0.0427,benign,CYP24A1,498.0
Q07973,S498M,0.106,benign,CYP24A1,498.0
Q07973,S498N,0.2139,benign,CYP24A1,498.0
Q07973,S498P,0.5511,ambiguous,CYP24A1,498.0
Q07973,S498Q,0.2235,benign,CYP24A1,498.0
Q07973,S498R,0.2525,benign,CYP24A1,498.0
Q07973,S498T,0.075,benign,CYP24A1,498.0
Q07973,S498V,0.09,benign,CYP24A1,498.0
Q07973,S498W,0.1218,benign,CYP24A1,498.0
Q07973,S498Y,0.1162,benign,CYP24A1,498.0
Q07973,G499A,0.2413,benign,CYP24A1,499.0
Q07973,G499C,0.6058,pathogenic,CYP24A1,499.0
Q07973,G499D,0.9193,pathogenic,CYP24A1,499.0
Q07973,G499E,0.9193,pathogenic,CYP24A1,499.0
Q07973,G499F,0.8138,pathogenic,CYP24A1,499.0
Q07973,G499H,0.9425,pathogenic,CYP24A1,499.0
Q07973,G499I,0.6622,pathogenic,CYP24A1,499.0
Q07973,G499K,0.9636,pathogenic,CYP24A1,499.0
Q07973,G499L,0.7038,pathogenic,CYP24A1,499.0
Q07973,G499M,0.7658,pathogenic,CYP24A1,499.0
Q07973,G499N,0.8579,pathogenic,CYP24A1,499.0
Q07973,G499P,0.9314,pathogenic,CYP24A1,499.0
Q07973,G499Q,0.8945,pathogenic,CYP24A1,499.0
Q07973,G499R,0.8914,pathogenic,CYP24A1,499.0
Q07973,G499S,0.3164,benign,CYP24A1,499.0
Q07973,G499T,0.5299,ambiguous,CYP24A1,499.0
Q07973,G499V,0.5377,ambiguous,CYP24A1,499.0
Q07973,G499W,0.8638,pathogenic,CYP24A1,499.0
Q07973,G499Y,0.8919,pathogenic,CYP24A1,499.0
Q07973,T500A,0.1379,benign,CYP24A1,500.0
Q07973,T500C,0.4881,ambiguous,CYP24A1,500.0
Q07973,T500D,0.7877,pathogenic,CYP24A1,500.0
Q07973,T500E,0.708,pathogenic,CYP24A1,500.0
Q07973,T500F,0.2423,benign,CYP24A1,500.0
Q07973,T500G,0.416,ambiguous,CYP24A1,500.0
Q07973,T500H,0.5696,pathogenic,CYP24A1,500.0
Q07973,T500I,0.0529,benign,CYP24A1,500.0
Q07973,T500K,0.6026,pathogenic,CYP24A1,500.0
Q07973,T500L,0.0448,benign,CYP24A1,500.0
Q07973,T500M,0.0747,benign,CYP24A1,500.0
Q07973,T500N,0.2386,benign,CYP24A1,500.0
Q07973,T500P,0.3277,benign,CYP24A1,500.0
Q07973,T500Q,0.5382,ambiguous,CYP24A1,500.0
Q07973,T500R,0.5755,pathogenic,CYP24A1,500.0
Q07973,T500S,0.2245,benign,CYP24A1,500.0
Q07973,T500V,0.0831,benign,CYP24A1,500.0
Q07973,T500W,0.769,pathogenic,CYP24A1,500.0
Q07973,T500Y,0.4966,ambiguous,CYP24A1,500.0
Q07973,L501A,0.362,ambiguous,CYP24A1,501.0
Q07973,L501C,0.634,pathogenic,CYP24A1,501.0
Q07973,L501D,0.94,pathogenic,CYP24A1,501.0
Q07973,L501E,0.7309,pathogenic,CYP24A1,501.0
Q07973,L501F,0.2709,benign,CYP24A1,501.0
Q07973,L501G,0.6996,pathogenic,CYP24A1,501.0
Q07973,L501H,0.5808,pathogenic,CYP24A1,501.0
Q07973,L501I,0.1411,benign,CYP24A1,501.0
Q07973,L501K,0.6572,pathogenic,CYP24A1,501.0
Q07973,L501M,0.1077,benign,CYP24A1,501.0
Q07973,L501N,0.6484,pathogenic,CYP24A1,501.0
Q07973,L501P,0.7981,pathogenic,CYP24A1,501.0
Q07973,L501Q,0.3595,ambiguous,CYP24A1,501.0
Q07973,L501R,0.4888,ambiguous,CYP24A1,501.0
Q07973,L501S,0.4635,ambiguous,CYP24A1,501.0
Q07973,L501T,0.3273,benign,CYP24A1,501.0
Q07973,L501V,0.1259,benign,CYP24A1,501.0
Q07973,L501W,0.5376,ambiguous,CYP24A1,501.0
Q07973,L501Y,0.6258,pathogenic,CYP24A1,501.0
Q07973,V502A,0.1962,benign,CYP24A1,502.0
Q07973,V502C,0.594,pathogenic,CYP24A1,502.0
Q07973,V502D,0.5211,ambiguous,CYP24A1,502.0
Q07973,V502E,0.3146,benign,CYP24A1,502.0
Q07973,V502F,0.1441,benign,CYP24A1,502.0
Q07973,V502G,0.221,benign,CYP24A1,502.0
Q07973,V502H,0.466,ambiguous,CYP24A1,502.0
Q07973,V502I,0.0768,benign,CYP24A1,502.0
Q07973,V502K,0.3194,benign,CYP24A1,502.0
Q07973,V502L,0.1359,benign,CYP24A1,502.0
Q07973,V502M,0.1295,benign,CYP24A1,502.0
Q07973,V502N,0.3718,ambiguous,CYP24A1,502.0
Q07973,V502P,0.7965,pathogenic,CYP24A1,502.0
Q07973,V502Q,0.2633,benign,CYP24A1,502.0
Q07973,V502R,0.2534,benign,CYP24A1,502.0
Q07973,V502S,0.2251,benign,CYP24A1,502.0
Q07973,V502T,0.2004,benign,CYP24A1,502.0
Q07973,V502W,0.6325,pathogenic,CYP24A1,502.0
Q07973,V502Y,0.4405,ambiguous,CYP24A1,502.0
Q07973,P503A,0.2589,benign,CYP24A1,503.0
Q07973,P503C,0.8138,pathogenic,CYP24A1,503.0
Q07973,P503D,0.9737,pathogenic,CYP24A1,503.0
Q07973,P503E,0.9202,pathogenic,CYP24A1,503.0
Q07973,P503F,0.9223,pathogenic,CYP24A1,503.0
Q07973,P503G,0.7833,pathogenic,CYP24A1,503.0
Q07973,P503H,0.8342,pathogenic,CYP24A1,503.0
Q07973,P503I,0.8353,pathogenic,CYP24A1,503.0
Q07973,P503K,0.9291,pathogenic,CYP24A1,503.0
Q07973,P503L,0.5208,ambiguous,CYP24A1,503.0
Q07973,P503M,0.8585,pathogenic,CYP24A1,503.0
Q07973,P503N,0.9472,pathogenic,CYP24A1,503.0
Q07973,P503Q,0.7985,pathogenic,CYP24A1,503.0
Q07973,P503R,0.7642,pathogenic,CYP24A1,503.0
Q07973,P503S,0.609,pathogenic,CYP24A1,503.0
Q07973,P503T,0.5862,pathogenic,CYP24A1,503.0
Q07973,P503V,0.6676,pathogenic,CYP24A1,503.0
Q07973,P503W,0.9641,pathogenic,CYP24A1,503.0
Q07973,P503Y,0.932,pathogenic,CYP24A1,503.0
Q07973,S504A,0.1004,benign,CYP24A1,504.0
Q07973,S504C,0.1046,benign,CYP24A1,504.0
Q07973,S504D,0.1521,benign,CYP24A1,504.0
Q07973,S504E,0.293,benign,CYP24A1,504.0
Q07973,S504F,0.3452,ambiguous,CYP24A1,504.0
Q07973,S504G,0.0657,benign,CYP24A1,504.0
Q07973,S504H,0.2339,benign,CYP24A1,504.0
Q07973,S504I,0.1998,benign,CYP24A1,504.0
Q07973,S504K,0.3493,ambiguous,CYP24A1,504.0
Q07973,S504L,0.1943,benign,CYP24A1,504.0
Q07973,S504M,0.2842,benign,CYP24A1,504.0
Q07973,S504N,0.0958,benign,CYP24A1,504.0
Q07973,S504P,0.4715,ambiguous,CYP24A1,504.0
Q07973,S504Q,0.3072,benign,CYP24A1,504.0
Q07973,S504R,0.2806,benign,CYP24A1,504.0
Q07973,S504T,0.1012,benign,CYP24A1,504.0
Q07973,S504V,0.2105,benign,CYP24A1,504.0
Q07973,S504W,0.3778,ambiguous,CYP24A1,504.0
Q07973,S504Y,0.2295,benign,CYP24A1,504.0
Q07973,R505A,0.4309,ambiguous,CYP24A1,505.0
Q07973,R505C,0.1839,benign,CYP24A1,505.0
Q07973,R505D,0.6397,pathogenic,CYP24A1,505.0
Q07973,R505E,0.3089,benign,CYP24A1,505.0
Q07973,R505F,0.6542,pathogenic,CYP24A1,505.0
Q07973,R505G,0.2198,benign,CYP24A1,505.0
Q07973,R505H,0.147,benign,CYP24A1,505.0
Q07973,R505I,0.4147,ambiguous,CYP24A1,505.0
Q07973,R505K,0.1267,benign,CYP24A1,505.0
Q07973,R505L,0.349,ambiguous,CYP24A1,505.0
Q07973,R505M,0.4015,ambiguous,CYP24A1,505.0
Q07973,R505N,0.6357,pathogenic,CYP24A1,505.0
Q07973,R505P,0.7505,pathogenic,CYP24A1,505.0
Q07973,R505Q,0.1126,benign,CYP24A1,505.0
Q07973,R505S,0.482,ambiguous,CYP24A1,505.0
Q07973,R505T,0.2686,benign,CYP24A1,505.0
Q07973,R505V,0.443,ambiguous,CYP24A1,505.0
Q07973,R505W,0.1949,benign,CYP24A1,505.0
Q07973,R505Y,0.4733,ambiguous,CYP24A1,505.0
Q07973,E506A,0.0886,benign,CYP24A1,506.0
Q07973,E506C,0.4921,ambiguous,CYP24A1,506.0
Q07973,E506D,0.1159,benign,CYP24A1,506.0
Q07973,E506F,0.4646,ambiguous,CYP24A1,506.0
Q07973,E506G,0.0956,benign,CYP24A1,506.0
Q07973,E506H,0.2081,benign,CYP24A1,506.0
Q07973,E506I,0.2147,benign,CYP24A1,506.0
Q07973,E506K,0.0734,benign,CYP24A1,506.0
Q07973,E506L,0.1879,benign,CYP24A1,506.0
Q07973,E506M,0.2655,benign,CYP24A1,506.0
Q07973,E506N,0.1534,benign,CYP24A1,506.0
Q07973,E506P,0.1396,benign,CYP24A1,506.0
Q07973,E506Q,0.0718,benign,CYP24A1,506.0
Q07973,E506R,0.1015,benign,CYP24A1,506.0
Q07973,E506S,0.1169,benign,CYP24A1,506.0
Q07973,E506T,0.1224,benign,CYP24A1,506.0
Q07973,E506V,0.1271,benign,CYP24A1,506.0
Q07973,E506W,0.612,pathogenic,CYP24A1,506.0
Q07973,E506Y,0.3128,benign,CYP24A1,506.0
Q07973,L507A,0.6151,pathogenic,CYP24A1,507.0
Q07973,L507C,0.73,pathogenic,CYP24A1,507.0
Q07973,L507D,0.96,pathogenic,CYP24A1,507.0
Q07973,L507E,0.8743,pathogenic,CYP24A1,507.0
Q07973,L507F,0.2826,benign,CYP24A1,507.0
Q07973,L507G,0.8486,pathogenic,CYP24A1,507.0
Q07973,L507H,0.7479,pathogenic,CYP24A1,507.0
Q07973,L507I,0.1058,benign,CYP24A1,507.0
Q07973,L507K,0.7994,pathogenic,CYP24A1,507.0
Q07973,L507M,0.1736,benign,CYP24A1,507.0
Q07973,L507N,0.8206,pathogenic,CYP24A1,507.0
Q07973,L507P,0.4454,ambiguous,CYP24A1,507.0
Q07973,L507Q,0.6873,pathogenic,CYP24A1,507.0
Q07973,L507R,0.7154,pathogenic,CYP24A1,507.0
Q07973,L507S,0.7801,pathogenic,CYP24A1,507.0
Q07973,L507T,0.6069,pathogenic,CYP24A1,507.0
Q07973,L507V,0.1314,benign,CYP24A1,507.0
Q07973,L507W,0.5789,pathogenic,CYP24A1,507.0
Q07973,L507Y,0.6621,pathogenic,CYP24A1,507.0
Q07973,P508A,0.2243,benign,CYP24A1,508.0
Q07973,P508C,0.6737,pathogenic,CYP24A1,508.0
Q07973,P508D,0.7503,pathogenic,CYP24A1,508.0
Q07973,P508E,0.606,pathogenic,CYP24A1,508.0
Q07973,P508F,0.7872,pathogenic,CYP24A1,508.0
Q07973,P508G,0.5217,ambiguous,CYP24A1,508.0
Q07973,P508H,0.4102,ambiguous,CYP24A1,508.0
Q07973,P508I,0.7554,pathogenic,CYP24A1,508.0
Q07973,P508K,0.572,pathogenic,CYP24A1,508.0
Q07973,P508L,0.361,ambiguous,CYP24A1,508.0
Q07973,P508M,0.7363,pathogenic,CYP24A1,508.0
Q07973,P508N,0.647,pathogenic,CYP24A1,508.0
Q07973,P508Q,0.3896,ambiguous,CYP24A1,508.0
Q07973,P508R,0.3181,benign,CYP24A1,508.0
Q07973,P508S,0.326,benign,CYP24A1,508.0
Q07973,P508T,0.367,ambiguous,CYP24A1,508.0
Q07973,P508V,0.5695,pathogenic,CYP24A1,508.0
Q07973,P508W,0.8388,pathogenic,CYP24A1,508.0
Q07973,P508Y,0.7267,pathogenic,CYP24A1,508.0
Q07973,I509A,0.3442,ambiguous,CYP24A1,509.0
Q07973,I509C,0.7517,pathogenic,CYP24A1,509.0
Q07973,I509D,0.9661,pathogenic,CYP24A1,509.0
Q07973,I509E,0.9359,pathogenic,CYP24A1,509.0
Q07973,I509F,0.2029,benign,CYP24A1,509.0
Q07973,I509G,0.8119,pathogenic,CYP24A1,509.0
Q07973,I509H,0.9078,pathogenic,CYP24A1,509.0
Q07973,I509K,0.8977,pathogenic,CYP24A1,509.0
Q07973,I509L,0.0999,benign,CYP24A1,509.0
Q07973,I509M,0.1159,benign,CYP24A1,509.0
Q07973,I509N,0.813,pathogenic,CYP24A1,509.0
Q07973,I509P,0.8466,pathogenic,CYP24A1,509.0
Q07973,I509Q,0.9014,pathogenic,CYP24A1,509.0
Q07973,I509R,0.835,pathogenic,CYP24A1,509.0
Q07973,I509S,0.6388,pathogenic,CYP24A1,509.0
Q07973,I509T,0.3259,benign,CYP24A1,509.0
Q07973,I509V,0.0536,benign,CYP24A1,509.0
Q07973,I509W,0.9008,pathogenic,CYP24A1,509.0
Q07973,I509Y,0.7636,pathogenic,CYP24A1,509.0
Q07973,A510C,0.36,ambiguous,CYP24A1,510.0
Q07973,A510D,0.3959,ambiguous,CYP24A1,510.0
Q07973,A510E,0.3162,benign,CYP24A1,510.0
Q07973,A510F,0.2898,benign,CYP24A1,510.0
Q07973,A510G,0.1376,benign,CYP24A1,510.0
Q07973,A510H,0.3886,ambiguous,CYP24A1,510.0
Q07973,A510I,0.2078,benign,CYP24A1,510.0
Q07973,A510K,0.3283,benign,CYP24A1,510.0
Q07973,A510L,0.2148,benign,CYP24A1,510.0
Q07973,A510M,0.2474,benign,CYP24A1,510.0
Q07973,A510N,0.3395,benign,CYP24A1,510.0
Q07973,A510P,0.8447,pathogenic,CYP24A1,510.0
Q07973,A510Q,0.3211,benign,CYP24A1,510.0
Q07973,A510R,0.231,benign,CYP24A1,510.0
Q07973,A510S,0.0977,benign,CYP24A1,510.0
Q07973,A510T,0.0903,benign,CYP24A1,510.0
Q07973,A510V,0.1161,benign,CYP24A1,510.0
Q07973,A510W,0.6685,pathogenic,CYP24A1,510.0
Q07973,A510Y,0.3891,ambiguous,CYP24A1,510.0
Q07973,F511A,0.9193,pathogenic,CYP24A1,511.0
Q07973,F511C,0.7171,pathogenic,CYP24A1,511.0
Q07973,F511D,0.993,pathogenic,CYP24A1,511.0
Q07973,F511E,0.9928,pathogenic,CYP24A1,511.0
Q07973,F511G,0.964,pathogenic,CYP24A1,511.0
Q07973,F511H,0.9655,pathogenic,CYP24A1,511.0
Q07973,F511I,0.3691,ambiguous,CYP24A1,511.0
Q07973,F511K,0.9901,pathogenic,CYP24A1,511.0
Q07973,F511L,0.8247,pathogenic,CYP24A1,511.0
Q07973,F511M,0.7618,pathogenic,CYP24A1,511.0
Q07973,F511N,0.982,pathogenic,CYP24A1,511.0
Q07973,F511P,0.9866,pathogenic,CYP24A1,511.0
Q07973,F511Q,0.9878,pathogenic,CYP24A1,511.0
Q07973,F511R,0.9715,pathogenic,CYP24A1,511.0
Q07973,F511S,0.9374,pathogenic,CYP24A1,511.0
Q07973,F511T,0.9528,pathogenic,CYP24A1,511.0
Q07973,F511V,0.4254,ambiguous,CYP24A1,511.0
Q07973,F511W,0.7137,pathogenic,CYP24A1,511.0
Q07973,F511Y,0.5288,ambiguous,CYP24A1,511.0
Q07973,C512A,0.1508,benign,CYP24A1,512.0
Q07973,C512D,0.167,benign,CYP24A1,512.0
Q07973,C512E,0.1851,benign,CYP24A1,512.0
Q07973,C512F,0.0663,benign,CYP24A1,512.0
Q07973,C512G,0.0772,benign,CYP24A1,512.0
Q07973,C512H,0.0599,benign,CYP24A1,512.0
Q07973,C512I,0.1095,benign,CYP24A1,512.0
Q07973,C512K,0.1159,benign,CYP24A1,512.0
Q07973,C512L,0.0991,benign,CYP24A1,512.0
Q07973,C512M,0.2768,benign,CYP24A1,512.0
Q07973,C512N,0.1315,benign,CYP24A1,512.0
Q07973,C512P,0.3911,ambiguous,CYP24A1,512.0
Q07973,C512Q,0.0797,benign,CYP24A1,512.0
Q07973,C512R,0.0446,benign,CYP24A1,512.0
Q07973,C512S,0.0958,benign,CYP24A1,512.0
Q07973,C512T,0.1448,benign,CYP24A1,512.0
Q07973,C512V,0.1302,benign,CYP24A1,512.0
Q07973,C512W,0.1121,benign,CYP24A1,512.0
Q07973,C512Y,0.0692,benign,CYP24A1,512.0
Q07973,Q513A,0.1182,benign,CYP24A1,513.0
Q07973,Q513C,0.252,benign,CYP24A1,513.0
Q07973,Q513D,0.2322,benign,CYP24A1,513.0
Q07973,Q513E,0.0798,benign,CYP24A1,513.0
Q07973,Q513F,0.3629,ambiguous,CYP24A1,513.0
Q07973,Q513G,0.1158,benign,CYP24A1,513.0
Q07973,Q513H,0.1068,benign,CYP24A1,513.0
Q07973,Q513I,0.2591,benign,CYP24A1,513.0
Q07973,Q513K,0.0673,benign,CYP24A1,513.0
Q07973,Q513L,0.1083,benign,CYP24A1,513.0
Q07973,Q513M,0.283,benign,CYP24A1,513.0
Q07973,Q513N,0.1902,benign,CYP24A1,513.0
Q07973,Q513P,0.0597,benign,CYP24A1,513.0
Q07973,Q513R,0.0524,benign,CYP24A1,513.0
Q07973,Q513S,0.1229,benign,CYP24A1,513.0
Q07973,Q513T,0.125,benign,CYP24A1,513.0
Q07973,Q513V,0.1909,benign,CYP24A1,513.0
Q07973,Q513W,0.1896,benign,CYP24A1,513.0
Q07973,Q513Y,0.2279,benign,CYP24A1,513.0
Q07973,R514A,0.5397,ambiguous,CYP24A1,514.0
Q07973,R514C,0.2505,benign,CYP24A1,514.0
Q07973,R514D,0.8027,pathogenic,CYP24A1,514.0
Q07973,R514E,0.4462,ambiguous,CYP24A1,514.0
Q07973,R514F,0.7348,pathogenic,CYP24A1,514.0
Q07973,R514G,0.3289,benign,CYP24A1,514.0
Q07973,R514H,0.1636,benign,CYP24A1,514.0
Q07973,R514I,0.4406,ambiguous,CYP24A1,514.0
Q07973,R514K,0.132,benign,CYP24A1,514.0
Q07973,R514L,0.3293,benign,CYP24A1,514.0
Q07973,R514M,0.4058,ambiguous,CYP24A1,514.0
Q07973,R514N,0.628,pathogenic,CYP24A1,514.0
Q07973,R514P,0.6021,pathogenic,CYP24A1,514.0
Q07973,R514Q,0.1277,benign,CYP24A1,514.0
Q07973,R514S,0.6291,pathogenic,CYP24A1,514.0
Q07973,R514T,0.4344,ambiguous,CYP24A1,514.0
Q07973,R514V,0.5215,ambiguous,CYP24A1,514.0
Q07973,R514W,0.2884,benign,CYP24A1,514.0
Q07973,R514Y,0.5318,ambiguous,CYP24A1,514.0
