uniprot,protein_variant,am_pathogenicity,am_class,gene,resnum
A4FU01,M1A,0.5605,ambiguous,FREM1,1.0
A4FU01,M1C,0.3964,ambiguous,FREM1,1.0
A4FU01,M1D,0.9619,pathogenic,FREM1,1.0
A4FU01,M1E,0.8526,pathogenic,FREM1,1.0
A4FU01,M1F,0.2538,benign,FREM1,1.0
A4FU01,M1G,0.6591,pathogenic,FREM1,1.0
A4FU01,M1H,0.8018,pathogenic,FREM1,1.0
A4FU01,M1I,0.6211,pathogenic,FREM1,1.0
A4FU01,M1K,0.6938,pathogenic,FREM1,1.0
A4FU01,M1L,0.1943,benign,FREM1,1.0
A4FU01,M1N,0.8392,pathogenic,FREM1,1.0
A4FU01,M1P,0.6563,pathogenic,FREM1,1.0
A4FU01,M1Q,0.4523,ambiguous,FREM1,1.0
A4FU01,M1R,0.5193,ambiguous,FREM1,1.0
A4FU01,M1S,0.6167,pathogenic,FREM1,1.0
A4FU01,M1T,0.6811,pathogenic,FREM1,1.0
A4FU01,M1V,0.185,benign,FREM1,1.0
A4FU01,M1W,0.5015,ambiguous,FREM1,1.0
A4FU01,M1Y,0.6455,pathogenic,FREM1,1.0
A4FU01,W2A,0.4383,ambiguous,FREM1,2.0
A4FU01,W2C,0.7252,pathogenic,FREM1,2.0
A4FU01,W2D,0.7757,pathogenic,FREM1,2.0
A4FU01,W2E,0.7999,pathogenic,FREM1,2.0
A4FU01,W2F,0.196,benign,FREM1,2.0
A4FU01,W2G,0.2335,benign,FREM1,2.0
A4FU01,W2H,0.7645,pathogenic,FREM1,2.0
A4FU01,W2I,0.5839,pathogenic,FREM1,2.0
A4FU01,W2K,0.8686,pathogenic,FREM1,2.0
A4FU01,W2L,0.3954,ambiguous,FREM1,2.0
A4FU01,W2M,0.6814,pathogenic,FREM1,2.0
A4FU01,W2N,0.7434,pathogenic,FREM1,2.0
A4FU01,W2P,0.6115,pathogenic,FREM1,2.0
A4FU01,W2Q,0.8342,pathogenic,FREM1,2.0
A4FU01,W2R,0.8073,pathogenic,FREM1,2.0
A4FU01,W2S,0.4209,ambiguous,FREM1,2.0
A4FU01,W2T,0.5152,ambiguous,FREM1,2.0
A4FU01,W2V,0.5474,ambiguous,FREM1,2.0
A4FU01,W2Y,0.4427,ambiguous,FREM1,2.0
A4FU01,W3A,0.4154,ambiguous,FREM1,3.0
A4FU01,W3C,0.7035,pathogenic,FREM1,3.0
A4FU01,W3D,0.7123,pathogenic,FREM1,3.0
A4FU01,W3E,0.6913,pathogenic,FREM1,3.0
A4FU01,W3F,0.2282,benign,FREM1,3.0
A4FU01,W3G,0.1762,benign,FREM1,3.0
A4FU01,W3H,0.7339,pathogenic,FREM1,3.0
A4FU01,W3I,0.6118,pathogenic,FREM1,3.0
A4FU01,W3K,0.7795,pathogenic,FREM1,3.0
A4FU01,W3L,0.3804,ambiguous,FREM1,3.0
A4FU01,W3M,0.6197,pathogenic,FREM1,3.0
A4FU01,W3N,0.7246,pathogenic,FREM1,3.0
A4FU01,W3P,0.723,pathogenic,FREM1,3.0
A4FU01,W3Q,0.7459,pathogenic,FREM1,3.0
A4FU01,W3R,0.7147,pathogenic,FREM1,3.0
A4FU01,W3S,0.4123,ambiguous,FREM1,3.0
A4FU01,W3T,0.4804,ambiguous,FREM1,3.0
A4FU01,W3V,0.5018,ambiguous,FREM1,3.0
A4FU01,W3Y,0.449,ambiguous,FREM1,3.0
A4FU01,G4A,0.2118,benign,FREM1,4.0
A4FU01,G4C,0.3694,ambiguous,FREM1,4.0
A4FU01,G4D,0.4431,ambiguous,FREM1,4.0
A4FU01,G4E,0.3904,ambiguous,FREM1,4.0
A4FU01,G4F,0.6412,pathogenic,FREM1,4.0
A4FU01,G4H,0.6081,pathogenic,FREM1,4.0
A4FU01,G4I,0.5204,ambiguous,FREM1,4.0
A4FU01,G4K,0.6316,pathogenic,FREM1,4.0
A4FU01,G4L,0.6057,pathogenic,FREM1,4.0
A4FU01,G4M,0.6801,pathogenic,FREM1,4.0
A4FU01,G4N,0.535,ambiguous,FREM1,4.0
A4FU01,G4P,0.7116,pathogenic,FREM1,4.0
A4FU01,G4Q,0.56,ambiguous,FREM1,4.0
A4FU01,G4R,0.4669,ambiguous,FREM1,4.0
A4FU01,G4S,0.2265,benign,FREM1,4.0
A4FU01,G4T,0.3651,ambiguous,FREM1,4.0
A4FU01,G4V,0.3678,ambiguous,FREM1,4.0
A4FU01,G4W,0.3817,ambiguous,FREM1,4.0
A4FU01,G4Y,0.4999,ambiguous,FREM1,4.0
A4FU01,G5A,0.1416,benign,FREM1,5.0
A4FU01,G5C,0.1641,benign,FREM1,5.0
A4FU01,G5D,0.2577,benign,FREM1,5.0
A4FU01,G5E,0.2441,benign,FREM1,5.0
A4FU01,G5F,0.3897,ambiguous,FREM1,5.0
A4FU01,G5H,0.3518,ambiguous,FREM1,5.0
A4FU01,G5I,0.2728,benign,FREM1,5.0
A4FU01,G5K,0.3787,ambiguous,FREM1,5.0
A4FU01,G5L,0.382,ambiguous,FREM1,5.0
A4FU01,G5M,0.4602,ambiguous,FREM1,5.0
A4FU01,G5N,0.2919,benign,FREM1,5.0
A4FU01,G5P,0.5188,ambiguous,FREM1,5.0
A4FU01,G5Q,0.307,benign,FREM1,5.0
A4FU01,G5R,0.2414,benign,FREM1,5.0
A4FU01,G5S,0.108,benign,FREM1,5.0
A4FU01,G5T,0.1898,benign,FREM1,5.0
A4FU01,G5V,0.1889,benign,FREM1,5.0
A4FU01,G5W,0.2698,benign,FREM1,5.0
A4FU01,G5Y,0.3158,benign,FREM1,5.0
A4FU01,R6A,0.3946,ambiguous,FREM1,6.0
A4FU01,R6C,0.2957,benign,FREM1,6.0
A4FU01,R6D,0.6205,pathogenic,FREM1,6.0
A4FU01,R6E,0.3254,benign,FREM1,6.0
A4FU01,R6F,0.5195,ambiguous,FREM1,6.0
A4FU01,R6G,0.1953,benign,FREM1,6.0
A4FU01,R6H,0.1923,benign,FREM1,6.0
A4FU01,R6I,0.3927,ambiguous,FREM1,6.0
A4FU01,R6K,0.1408,benign,FREM1,6.0
A4FU01,R6L,0.3143,benign,FREM1,6.0
A4FU01,R6M,0.4192,ambiguous,FREM1,6.0
A4FU01,R6N,0.6152,pathogenic,FREM1,6.0
A4FU01,R6P,0.351,ambiguous,FREM1,6.0
A4FU01,R6Q,0.1409,benign,FREM1,6.0
A4FU01,R6S,0.5006,ambiguous,FREM1,6.0
A4FU01,R6T,0.3478,ambiguous,FREM1,6.0
A4FU01,R6V,0.4614,ambiguous,FREM1,6.0
A4FU01,R6W,0.2041,benign,FREM1,6.0
A4FU01,R6Y,0.445,ambiguous,FREM1,6.0
A4FU01,G7A,0.2109,benign,FREM1,7.0
A4FU01,G7C,0.3097,benign,FREM1,7.0
A4FU01,G7D,0.4092,ambiguous,FREM1,7.0
A4FU01,G7E,0.3057,benign,FREM1,7.0
A4FU01,G7F,0.5693,pathogenic,FREM1,7.0
A4FU01,G7H,0.5184,ambiguous,FREM1,7.0
A4FU01,G7I,0.4038,ambiguous,FREM1,7.0
A4FU01,G7K,0.4749,ambiguous,FREM1,7.0
A4FU01,G7L,0.5129,ambiguous,FREM1,7.0
A4FU01,G7M,0.5969,pathogenic,FREM1,7.0
A4FU01,G7N,0.4739,ambiguous,FREM1,7.0
A4FU01,G7P,0.6988,pathogenic,FREM1,7.0
A4FU01,G7Q,0.4182,ambiguous,FREM1,7.0
A4FU01,G7R,0.3479,ambiguous,FREM1,7.0
A4FU01,G7S,0.1807,benign,FREM1,7.0
A4FU01,G7T,0.3165,benign,FREM1,7.0
A4FU01,G7V,0.2786,benign,FREM1,7.0
A4FU01,G7W,0.3415,ambiguous,FREM1,7.0
A4FU01,G7Y,0.4263,ambiguous,FREM1,7.0
A4FU01,Q8A,0.1669,benign,FREM1,8.0
A4FU01,Q8C,0.3974,ambiguous,FREM1,8.0
A4FU01,Q8D,0.2914,benign,FREM1,8.0
A4FU01,Q8E,0.102,benign,FREM1,8.0
A4FU01,Q8F,0.4245,ambiguous,FREM1,8.0
A4FU01,Q8G,0.1653,benign,FREM1,8.0
A4FU01,Q8H,0.1436,benign,FREM1,8.0
A4FU01,Q8I,0.3047,benign,FREM1,8.0
A4FU01,Q8K,0.0891,benign,FREM1,8.0
A4FU01,Q8L,0.1267,benign,FREM1,8.0
A4FU01,Q8M,0.3142,benign,FREM1,8.0
A4FU01,Q8N,0.2039,benign,FREM1,8.0
A4FU01,Q8P,0.1034,benign,FREM1,8.0
A4FU01,Q8R,0.0793,benign,FREM1,8.0
A4FU01,Q8S,0.1778,benign,FREM1,8.0
A4FU01,Q8T,0.1861,benign,FREM1,8.0
A4FU01,Q8V,0.2118,benign,FREM1,8.0
A4FU01,Q8W,0.2817,benign,FREM1,8.0
A4FU01,Q8Y,0.2731,benign,FREM1,8.0
A4FU01,S9A,0.1627,benign,FREM1,9.0
A4FU01,S9C,0.212,benign,FREM1,9.0
A4FU01,S9D,0.6026,pathogenic,FREM1,9.0
A4FU01,S9E,0.6894,pathogenic,FREM1,9.0
A4FU01,S9F,0.358,ambiguous,FREM1,9.0
A4FU01,S9G,0.1748,benign,FREM1,9.0
A4FU01,S9H,0.5174,ambiguous,FREM1,9.0
A4FU01,S9I,0.3816,ambiguous,FREM1,9.0
A4FU01,S9K,0.7684,pathogenic,FREM1,9.0
A4FU01,S9L,0.3173,benign,FREM1,9.0
A4FU01,S9M,0.4546,ambiguous,FREM1,9.0
A4FU01,S9N,0.3233,benign,FREM1,9.0
A4FU01,S9P,0.2546,benign,FREM1,9.0
A4FU01,S9Q,0.6668,pathogenic,FREM1,9.0
A4FU01,S9R,0.6948,pathogenic,FREM1,9.0
A4FU01,S9T,0.1638,benign,FREM1,9.0
A4FU01,S9V,0.3872,ambiguous,FREM1,9.0
A4FU01,S9W,0.3658,ambiguous,FREM1,9.0
A4FU01,S9Y,0.2699,benign,FREM1,9.0
A4FU01,F10A,0.6774,pathogenic,FREM1,10.0
A4FU01,F10C,0.4167,ambiguous,FREM1,10.0
A4FU01,F10D,0.8347,pathogenic,FREM1,10.0
A4FU01,F10E,0.8368,pathogenic,FREM1,10.0
A4FU01,F10G,0.7516,pathogenic,FREM1,10.0
A4FU01,F10H,0.734,pathogenic,FREM1,10.0
A4FU01,F10I,0.4035,ambiguous,FREM1,10.0
A4FU01,F10K,0.8307,pathogenic,FREM1,10.0
A4FU01,F10L,0.9003,pathogenic,FREM1,10.0
A4FU01,F10M,0.7231,pathogenic,FREM1,10.0
A4FU01,F10N,0.7689,pathogenic,FREM1,10.0
A4FU01,F10P,0.9098,pathogenic,FREM1,10.0
A4FU01,F10Q,0.7845,pathogenic,FREM1,10.0
A4FU01,F10R,0.6526,pathogenic,FREM1,10.0
A4FU01,F10S,0.5575,ambiguous,FREM1,10.0
A4FU01,F10T,0.7308,pathogenic,FREM1,10.0
A4FU01,F10V,0.3823,ambiguous,FREM1,10.0
A4FU01,F10W,0.3789,ambiguous,FREM1,10.0
A4FU01,F10Y,0.2435,benign,FREM1,10.0
A4FU01,N11A,0.3102,benign,FREM1,11.0
A4FU01,N11C,0.2461,benign,FREM1,11.0
A4FU01,N11D,0.2767,benign,FREM1,11.0
A4FU01,N11E,0.5425,ambiguous,FREM1,11.0
A4FU01,N11F,0.543,ambiguous,FREM1,11.0
A4FU01,N11G,0.3467,ambiguous,FREM1,11.0
A4FU01,N11H,0.1214,benign,FREM1,11.0
A4FU01,N11I,0.3063,benign,FREM1,11.0
A4FU01,N11K,0.3524,ambiguous,FREM1,11.0
A4FU01,N11L,0.2633,benign,FREM1,11.0
A4FU01,N11M,0.4801,ambiguous,FREM1,11.0
A4FU01,N11P,0.3709,ambiguous,FREM1,11.0
A4FU01,N11Q,0.3888,ambiguous,FREM1,11.0
A4FU01,N11R,0.282,benign,FREM1,11.0
A4FU01,N11S,0.1096,benign,FREM1,11.0
A4FU01,N11T,0.218,benign,FREM1,11.0
A4FU01,N11V,0.3172,benign,FREM1,11.0
A4FU01,N11W,0.6781,pathogenic,FREM1,11.0
A4FU01,N11Y,0.1913,benign,FREM1,11.0
A4FU01,I12A,0.3175,benign,FREM1,12.0
A4FU01,I12C,0.6985,pathogenic,FREM1,12.0
A4FU01,I12D,0.6784,pathogenic,FREM1,12.0
A4FU01,I12E,0.5779,pathogenic,FREM1,12.0
A4FU01,I12F,0.1483,benign,FREM1,12.0
A4FU01,I12G,0.62,pathogenic,FREM1,12.0
A4FU01,I12H,0.5068,ambiguous,FREM1,12.0
A4FU01,I12K,0.4077,ambiguous,FREM1,12.0
A4FU01,I12L,0.1514,benign,FREM1,12.0
A4FU01,I12M,0.134,benign,FREM1,12.0
A4FU01,I12N,0.3879,ambiguous,FREM1,12.0
A4FU01,I12P,0.4953,ambiguous,FREM1,12.0
A4FU01,I12Q,0.4809,ambiguous,FREM1,12.0
A4FU01,I12R,0.2795,benign,FREM1,12.0
A4FU01,I12S,0.37,ambiguous,FREM1,12.0
A4FU01,I12T,0.2271,benign,FREM1,12.0
A4FU01,I12V,0.1035,benign,FREM1,12.0
A4FU01,I12W,0.604,pathogenic,FREM1,12.0
A4FU01,I12Y,0.4606,ambiguous,FREM1,12.0
A4FU01,A13C,0.3153,benign,FREM1,13.0
A4FU01,A13D,0.196,benign,FREM1,13.0
A4FU01,A13E,0.1792,benign,FREM1,13.0
A4FU01,A13F,0.1854,benign,FREM1,13.0
A4FU01,A13G,0.1365,benign,FREM1,13.0
A4FU01,A13H,0.2474,benign,FREM1,13.0
A4FU01,A13I,0.1648,benign,FREM1,13.0
A4FU01,A13K,0.2255,benign,FREM1,13.0
A4FU01,A13L,0.1302,benign,FREM1,13.0
A4FU01,A13M,0.2023,benign,FREM1,13.0
A4FU01,A13N,0.2017,benign,FREM1,13.0
A4FU01,A13P,0.09,benign,FREM1,13.0
A4FU01,A13Q,0.1896,benign,FREM1,13.0
A4FU01,A13R,0.1708,benign,FREM1,13.0
A4FU01,A13S,0.0929,benign,FREM1,13.0
A4FU01,A13T,0.0767,benign,FREM1,13.0
A4FU01,A13V,0.0974,benign,FREM1,13.0
A4FU01,A13W,0.4409,ambiguous,FREM1,13.0
A4FU01,A13Y,0.2549,benign,FREM1,13.0
A4FU01,P14A,0.075,benign,FREM1,14.0
A4FU01,P14C,0.3266,benign,FREM1,14.0
A4FU01,P14D,0.3143,benign,FREM1,14.0
A4FU01,P14E,0.1795,benign,FREM1,14.0
A4FU01,P14F,0.3206,benign,FREM1,14.0
A4FU01,P14G,0.2108,benign,FREM1,14.0
A4FU01,P14H,0.1377,benign,FREM1,14.0
A4FU01,P14I,0.2607,benign,FREM1,14.0
A4FU01,P14K,0.1924,benign,FREM1,14.0
A4FU01,P14L,0.1041,benign,FREM1,14.0
A4FU01,P14M,0.2948,benign,FREM1,14.0
A4FU01,P14N,0.2832,benign,FREM1,14.0
A4FU01,P14Q,0.1108,benign,FREM1,14.0
A4FU01,P14R,0.098,benign,FREM1,14.0
A4FU01,P14S,0.103,benign,FREM1,14.0
A4FU01,P14T,0.096,benign,FREM1,14.0
A4FU01,P14V,0.171,benign,FREM1,14.0
A4FU01,P14W,0.3448,ambiguous,FREM1,14.0
A4FU01,P14Y,0.2956,benign,FREM1,14.0
A4FU01,Q15A,0.1342,benign,FREM1,15.0
A4FU01,Q15C,0.3443,ambiguous,FREM1,15.0
A4FU01,Q15D,0.2335,benign,FREM1,15.0
A4FU01,Q15E,0.0781,benign,FREM1,15.0
A4FU01,Q15F,0.4496,ambiguous,FREM1,15.0
A4FU01,Q15G,0.1325,benign,FREM1,15.0
A4FU01,Q15H,0.1465,benign,FREM1,15.0
A4FU01,Q15I,0.2797,benign,FREM1,15.0
A4FU01,Q15K,0.0825,benign,FREM1,15.0
A4FU01,Q15L,0.113,benign,FREM1,15.0
A4FU01,Q15M,0.2935,benign,FREM1,15.0
A4FU01,Q15N,0.2305,benign,FREM1,15.0
A4FU01,Q15P,0.0791,benign,FREM1,15.0
A4FU01,Q15R,0.0721,benign,FREM1,15.0
A4FU01,Q15S,0.1632,benign,FREM1,15.0
A4FU01,Q15T,0.1653,benign,FREM1,15.0
A4FU01,Q15V,0.1767,benign,FREM1,15.0
A4FU01,Q15W,0.2154,benign,FREM1,15.0
A4FU01,Q15Y,0.2892,benign,FREM1,15.0
A4FU01,K16A,0.1845,benign,FREM1,16.0
A4FU01,K16C,0.5673,pathogenic,FREM1,16.0
A4FU01,K16D,0.2928,benign,FREM1,16.0
A4FU01,K16E,0.0838,benign,FREM1,16.0
A4FU01,K16F,0.592,pathogenic,FREM1,16.0
A4FU01,K16G,0.1966,benign,FREM1,16.0
A4FU01,K16H,0.2884,benign,FREM1,16.0
A4FU01,K16I,0.2729,benign,FREM1,16.0
A4FU01,K16L,0.2338,benign,FREM1,16.0
A4FU01,K16M,0.1804,benign,FREM1,16.0
A4FU01,K16N,0.2357,benign,FREM1,16.0
A4FU01,K16P,0.2661,benign,FREM1,16.0
A4FU01,K16Q,0.1057,benign,FREM1,16.0
A4FU01,K16R,0.0807,benign,FREM1,16.0
A4FU01,K16S,0.247,benign,FREM1,16.0
A4FU01,K16T,0.1297,benign,FREM1,16.0
A4FU01,K16V,0.2315,benign,FREM1,16.0
A4FU01,K16W,0.5637,ambiguous,FREM1,16.0
A4FU01,K16Y,0.4708,ambiguous,FREM1,16.0
A4FU01,E17A,0.075,benign,FREM1,17.0
A4FU01,E17C,0.4882,ambiguous,FREM1,17.0
A4FU01,E17D,0.1045,benign,FREM1,17.0
A4FU01,E17F,0.4,ambiguous,FREM1,17.0
A4FU01,E17G,0.07,benign,FREM1,17.0
A4FU01,E17H,0.2276,benign,FREM1,17.0
A4FU01,E17I,0.2085,benign,FREM1,17.0
A4FU01,E17K,0.0726,benign,FREM1,17.0
A4FU01,E17L,0.1752,benign,FREM1,17.0
A4FU01,E17M,0.2305,benign,FREM1,17.0
A4FU01,E17N,0.1561,benign,FREM1,17.0
A4FU01,E17P,0.171,benign,FREM1,17.0
A4FU01,E17Q,0.0866,benign,FREM1,17.0
A4FU01,E17R,0.1037,benign,FREM1,17.0
A4FU01,E17S,0.1223,benign,FREM1,17.0
A4FU01,E17T,0.1179,benign,FREM1,17.0
A4FU01,E17V,0.1151,benign,FREM1,17.0
A4FU01,E17W,0.4545,ambiguous,FREM1,17.0
A4FU01,E17Y,0.2857,benign,FREM1,17.0
A4FU01,E18A,0.0874,benign,FREM1,18.0
A4FU01,E18C,0.4793,ambiguous,FREM1,18.0
A4FU01,E18D,0.0959,benign,FREM1,18.0
A4FU01,E18F,0.325,benign,FREM1,18.0
A4FU01,E18G,0.0783,benign,FREM1,18.0
A4FU01,E18H,0.2196,benign,FREM1,18.0
A4FU01,E18I,0.1528,benign,FREM1,18.0
A4FU01,E18K,0.0818,benign,FREM1,18.0
A4FU01,E18L,0.1641,benign,FREM1,18.0
A4FU01,E18M,0.2128,benign,FREM1,18.0
A4FU01,E18N,0.133,benign,FREM1,18.0
A4FU01,E18P,0.2,benign,FREM1,18.0
A4FU01,E18Q,0.0956,benign,FREM1,18.0
A4FU01,E18R,0.1287,benign,FREM1,18.0
A4FU01,E18S,0.1276,benign,FREM1,18.0
A4FU01,E18T,0.123,benign,FREM1,18.0
A4FU01,E18V,0.1025,benign,FREM1,18.0
A4FU01,E18W,0.5009,ambiguous,FREM1,18.0
A4FU01,E18Y,0.2377,benign,FREM1,18.0
A4FU01,P19A,0.0664,benign,FREM1,19.0
A4FU01,P19C,0.2497,benign,FREM1,19.0
A4FU01,P19D,0.1784,benign,FREM1,19.0
A4FU01,P19E,0.1156,benign,FREM1,19.0
A4FU01,P19F,0.2401,benign,FREM1,19.0
A4FU01,P19G,0.1441,benign,FREM1,19.0
A4FU01,P19H,0.1178,benign,FREM1,19.0
A4FU01,P19I,0.1762,benign,FREM1,19.0
A4FU01,P19K,0.1242,benign,FREM1,19.0
A4FU01,P19L,0.0873,benign,FREM1,19.0
A4FU01,P19M,0.1782,benign,FREM1,19.0
A4FU01,P19N,0.1703,benign,FREM1,19.0
A4FU01,P19Q,0.0925,benign,FREM1,19.0
A4FU01,P19R,0.0876,benign,FREM1,19.0
A4FU01,P19S,0.0906,benign,FREM1,19.0
A4FU01,P19T,0.0709,benign,FREM1,19.0
A4FU01,P19V,0.1279,benign,FREM1,19.0
A4FU01,P19W,0.2347,benign,FREM1,19.0
A4FU01,P19Y,0.2168,benign,FREM1,19.0
A4FU01,E20A,0.0866,benign,FREM1,20.0
A4FU01,E20C,0.4332,ambiguous,FREM1,20.0
A4FU01,E20D,0.0986,benign,FREM1,20.0
A4FU01,E20F,0.3361,benign,FREM1,20.0
A4FU01,E20G,0.0813,benign,FREM1,20.0
A4FU01,E20H,0.1993,benign,FREM1,20.0
A4FU01,E20I,0.1927,benign,FREM1,20.0
A4FU01,E20K,0.0825,benign,FREM1,20.0
A4FU01,E20L,0.1609,benign,FREM1,20.0
A4FU01,E20M,0.2413,benign,FREM1,20.0
A4FU01,E20N,0.1527,benign,FREM1,20.0
A4FU01,E20P,0.1815,benign,FREM1,20.0
A4FU01,E20Q,0.0832,benign,FREM1,20.0
A4FU01,E20R,0.1011,benign,FREM1,20.0
A4FU01,E20S,0.1221,benign,FREM1,20.0
A4FU01,E20T,0.1346,benign,FREM1,20.0
A4FU01,E20V,0.115,benign,FREM1,20.0
A4FU01,E20W,0.4307,ambiguous,FREM1,20.0
A4FU01,E20Y,0.2705,benign,FREM1,20.0
A4FU01,M21A,0.1719,benign,FREM1,21.0
A4FU01,M21C,0.4573,ambiguous,FREM1,21.0
A4FU01,M21D,0.3543,ambiguous,FREM1,21.0
A4FU01,M21E,0.1951,benign,FREM1,21.0
A4FU01,M21F,0.1839,benign,FREM1,21.0
A4FU01,M21G,0.2317,benign,FREM1,21.0
A4FU01,M21H,0.2694,benign,FREM1,21.0
A4FU01,M21I,0.1749,benign,FREM1,21.0
A4FU01,M21K,0.1101,benign,FREM1,21.0
A4FU01,M21L,0.0967,benign,FREM1,21.0
A4FU01,M21N,0.2183,benign,FREM1,21.0
A4FU01,M21P,0.2041,benign,FREM1,21.0
A4FU01,M21Q,0.1598,benign,FREM1,21.0
A4FU01,M21R,0.1022,benign,FREM1,21.0
A4FU01,M21S,0.2051,benign,FREM1,21.0
A4FU01,M21T,0.1164,benign,FREM1,21.0
A4FU01,M21V,0.0925,benign,FREM1,21.0
A4FU01,M21W,0.2641,benign,FREM1,21.0
A4FU01,M21Y,0.2857,benign,FREM1,21.0
A4FU01,G22A,0.0885,benign,FREM1,22.0
A4FU01,G22C,0.133,benign,FREM1,22.0
A4FU01,G22D,0.0916,benign,FREM1,22.0
A4FU01,G22E,0.0917,benign,FREM1,22.0
A4FU01,G22F,0.2579,benign,FREM1,22.0
A4FU01,G22H,0.2019,benign,FREM1,22.0
A4FU01,G22I,0.1432,benign,FREM1,22.0
A4FU01,G22K,0.1884,benign,FREM1,22.0
A4FU01,G22L,0.1994,benign,FREM1,22.0
A4FU01,G22M,0.2678,benign,FREM1,22.0
A4FU01,G22N,0.1819,benign,FREM1,22.0
A4FU01,G22P,0.2601,benign,FREM1,22.0
A4FU01,G22Q,0.1701,benign,FREM1,22.0
A4FU01,G22R,0.1335,benign,FREM1,22.0
A4FU01,G22S,0.099,benign,FREM1,22.0
A4FU01,G22T,0.1211,benign,FREM1,22.0
A4FU01,G22V,0.0962,benign,FREM1,22.0
A4FU01,G22W,0.1592,benign,FREM1,22.0
A4FU01,G22Y,0.183,benign,FREM1,22.0
A4FU01,S23A,0.0702,benign,FREM1,23.0
A4FU01,S23C,0.0758,benign,FREM1,23.0
A4FU01,S23D,0.1426,benign,FREM1,23.0
A4FU01,S23E,0.1783,benign,FREM1,23.0
A4FU01,S23F,0.1061,benign,FREM1,23.0
A4FU01,S23G,0.0729,benign,FREM1,23.0
A4FU01,S23H,0.1631,benign,FREM1,23.0
A4FU01,S23I,0.1045,benign,FREM1,23.0
A4FU01,S23K,0.2456,benign,FREM1,23.0
A4FU01,S23L,0.089,benign,FREM1,23.0
A4FU01,S23M,0.1516,benign,FREM1,23.0
A4FU01,S23N,0.0994,benign,FREM1,23.0
A4FU01,S23P,0.0792,benign,FREM1,23.0
A4FU01,S23Q,0.2274,benign,FREM1,23.0
A4FU01,S23R,0.1815,benign,FREM1,23.0
A4FU01,S23T,0.0765,benign,FREM1,23.0
A4FU01,S23V,0.1127,benign,FREM1,23.0
A4FU01,S23W,0.1172,benign,FREM1,23.0
A4FU01,S23Y,0.0942,benign,FREM1,23.0
A4FU01,V24A,0.0737,benign,FREM1,24.0
A4FU01,V24C,0.264,benign,FREM1,24.0
A4FU01,V24D,0.0768,benign,FREM1,24.0
A4FU01,V24E,0.0775,benign,FREM1,24.0
A4FU01,V24F,0.0697,benign,FREM1,24.0
A4FU01,V24G,0.0706,benign,FREM1,24.0
A4FU01,V24H,0.1491,benign,FREM1,24.0
A4FU01,V24I,0.0726,benign,FREM1,24.0
A4FU01,V24K,0.1002,benign,FREM1,24.0
A4FU01,V24L,0.0838,benign,FREM1,24.0
A4FU01,V24M,0.0874,benign,FREM1,24.0
A4FU01,V24N,0.0955,benign,FREM1,24.0
A4FU01,V24P,0.1068,benign,FREM1,24.0
A4FU01,V24Q,0.0878,benign,FREM1,24.0
A4FU01,V24R,0.0745,benign,FREM1,24.0
A4FU01,V24S,0.0796,benign,FREM1,24.0
A4FU01,V24T,0.0916,benign,FREM1,24.0
A4FU01,V24W,0.2269,benign,FREM1,24.0
A4FU01,V24Y,0.1714,benign,FREM1,24.0
A4FU01,Q25A,0.0984,benign,FREM1,25.0
A4FU01,Q25C,0.2773,benign,FREM1,25.0
A4FU01,Q25D,0.1733,benign,FREM1,25.0
A4FU01,Q25E,0.0673,benign,FREM1,25.0
A4FU01,Q25F,0.3448,ambiguous,FREM1,25.0
A4FU01,Q25G,0.0987,benign,FREM1,25.0
A4FU01,Q25H,0.127,benign,FREM1,25.0
A4FU01,Q25I,0.2196,benign,FREM1,25.0
A4FU01,Q25K,0.0747,benign,FREM1,25.0
A4FU01,Q25L,0.0904,benign,FREM1,25.0
A4FU01,Q25M,0.222,benign,FREM1,25.0
A4FU01,Q25N,0.1956,benign,FREM1,25.0
A4FU01,Q25P,0.0598,benign,FREM1,25.0
A4FU01,Q25R,0.0639,benign,FREM1,25.0
A4FU01,Q25S,0.1203,benign,FREM1,25.0
A4FU01,Q25T,0.1097,benign,FREM1,25.0
A4FU01,Q25V,0.145,benign,FREM1,25.0
A4FU01,Q25W,0.136,benign,FREM1,25.0
A4FU01,Q25Y,0.224,benign,FREM1,25.0
A4FU01,E26A,0.0842,benign,FREM1,26.0
A4FU01,E26C,0.3116,benign,FREM1,26.0
A4FU01,E26D,0.0909,benign,FREM1,26.0
A4FU01,E26F,0.3424,ambiguous,FREM1,26.0
A4FU01,E26G,0.0492,benign,FREM1,26.0
A4FU01,E26H,0.1834,benign,FREM1,26.0
A4FU01,E26I,0.1876,benign,FREM1,26.0
A4FU01,E26K,0.0777,benign,FREM1,26.0
A4FU01,E26L,0.1713,benign,FREM1,26.0
A4FU01,E26M,0.2234,benign,FREM1,26.0
A4FU01,E26N,0.1314,benign,FREM1,26.0
A4FU01,E26P,0.1606,benign,FREM1,26.0
A4FU01,E26Q,0.081,benign,FREM1,26.0
A4FU01,E26R,0.0866,benign,FREM1,26.0
A4FU01,E26S,0.1063,benign,FREM1,26.0
A4FU01,E26T,0.1155,benign,FREM1,26.0
A4FU01,E26V,0.1162,benign,FREM1,26.0
A4FU01,E26W,0.3016,benign,FREM1,26.0
A4FU01,E26Y,0.2332,benign,FREM1,26.0
A4FU01,N27A,0.0853,benign,FREM1,27.0
A4FU01,N27C,0.1022,benign,FREM1,27.0
A4FU01,N27D,0.0761,benign,FREM1,27.0
A4FU01,N27E,0.1154,benign,FREM1,27.0
A4FU01,N27F,0.2067,benign,FREM1,27.0
A4FU01,N27G,0.0992,benign,FREM1,27.0
A4FU01,N27H,0.0755,benign,FREM1,27.0
A4FU01,N27I,0.0909,benign,FREM1,27.0
A4FU01,N27K,0.0904,benign,FREM1,27.0
A4FU01,N27L,0.1147,benign,FREM1,27.0
A4FU01,N27M,0.1474,benign,FREM1,27.0
A4FU01,N27P,0.1281,benign,FREM1,27.0
A4FU01,N27Q,0.1244,benign,FREM1,27.0
A4FU01,N27R,0.0974,benign,FREM1,27.0
A4FU01,N27S,0.0615,benign,FREM1,27.0
A4FU01,N27T,0.0691,benign,FREM1,27.0
A4FU01,N27V,0.0959,benign,FREM1,27.0
A4FU01,N27W,0.261,benign,FREM1,27.0
A4FU01,N27Y,0.0739,benign,FREM1,27.0
A4FU01,R28A,0.097,benign,FREM1,28.0
A4FU01,R28C,0.1126,benign,FREM1,28.0
A4FU01,R28D,0.1746,benign,FREM1,28.0
A4FU01,R28E,0.1118,benign,FREM1,28.0
A4FU01,R28F,0.2102,benign,FREM1,28.0
A4FU01,R28G,0.057,benign,FREM1,28.0
A4FU01,R28H,0.0937,benign,FREM1,28.0
A4FU01,R28I,0.1069,benign,FREM1,28.0
A4FU01,R28K,0.0792,benign,FREM1,28.0
A4FU01,R28L,0.1012,benign,FREM1,28.0
A4FU01,R28M,0.1271,benign,FREM1,28.0
A4FU01,R28N,0.1989,benign,FREM1,28.0
A4FU01,R28P,0.1232,benign,FREM1,28.0
A4FU01,R28Q,0.0743,benign,FREM1,28.0
A4FU01,R28S,0.1274,benign,FREM1,28.0
A4FU01,R28T,0.0852,benign,FREM1,28.0
A4FU01,R28V,0.1239,benign,FREM1,28.0
A4FU01,R28W,0.0943,benign,FREM1,28.0
A4FU01,R28Y,0.1786,benign,FREM1,28.0
A4FU01,M29A,0.3282,benign,FREM1,29.0
A4FU01,M29C,0.5824,pathogenic,FREM1,29.0
A4FU01,M29D,0.5353,ambiguous,FREM1,29.0
A4FU01,M29E,0.305,benign,FREM1,29.0
A4FU01,M29F,0.2463,benign,FREM1,29.0
A4FU01,M29G,0.36,ambiguous,FREM1,29.0
A4FU01,M29H,0.3223,benign,FREM1,29.0
A4FU01,M29I,0.2841,benign,FREM1,29.0
A4FU01,M29K,0.134,benign,FREM1,29.0
A4FU01,M29L,0.1187,benign,FREM1,29.0
A4FU01,M29N,0.3321,benign,FREM1,29.0
A4FU01,M29P,0.2826,benign,FREM1,29.0
A4FU01,M29Q,0.1822,benign,FREM1,29.0
A4FU01,M29R,0.1303,benign,FREM1,29.0
A4FU01,M29S,0.3169,benign,FREM1,29.0
A4FU01,M29T,0.2548,benign,FREM1,29.0
A4FU01,M29V,0.1273,benign,FREM1,29.0
A4FU01,M29W,0.3485,ambiguous,FREM1,29.0
A4FU01,M29Y,0.3649,ambiguous,FREM1,29.0
A4FU01,P30A,0.0644,benign,FREM1,30.0
A4FU01,P30C,0.2322,benign,FREM1,30.0
A4FU01,P30D,0.1836,benign,FREM1,30.0
A4FU01,P30E,0.1106,benign,FREM1,30.0
A4FU01,P30F,0.1963,benign,FREM1,30.0
A4FU01,P30G,0.1389,benign,FREM1,30.0
A4FU01,P30H,0.1058,benign,FREM1,30.0
A4FU01,P30I,0.151,benign,FREM1,30.0
A4FU01,P30K,0.1251,benign,FREM1,30.0
A4FU01,P30L,0.0712,benign,FREM1,30.0
A4FU01,P30M,0.1591,benign,FREM1,30.0
A4FU01,P30N,0.1725,benign,FREM1,30.0
A4FU01,P30Q,0.0849,benign,FREM1,30.0
A4FU01,P30R,0.0823,benign,FREM1,30.0
A4FU01,P30S,0.0884,benign,FREM1,30.0
A4FU01,P30T,0.0746,benign,FREM1,30.0
A4FU01,P30V,0.1105,benign,FREM1,30.0
A4FU01,P30W,0.1847,benign,FREM1,30.0
A4FU01,P30Y,0.1992,benign,FREM1,30.0
A4FU01,E31A,0.0871,benign,FREM1,31.0
A4FU01,E31C,0.4862,ambiguous,FREM1,31.0
A4FU01,E31D,0.1159,benign,FREM1,31.0
A4FU01,E31F,0.3435,ambiguous,FREM1,31.0
A4FU01,E31G,0.08,benign,FREM1,31.0
A4FU01,E31H,0.2155,benign,FREM1,31.0
A4FU01,E31I,0.1979,benign,FREM1,31.0
A4FU01,E31K,0.085,benign,FREM1,31.0
A4FU01,E31L,0.1641,benign,FREM1,31.0
A4FU01,E31M,0.2478,benign,FREM1,31.0
A4FU01,E31N,0.1831,benign,FREM1,31.0
A4FU01,E31P,0.1814,benign,FREM1,31.0
A4FU01,E31Q,0.0876,benign,FREM1,31.0
A4FU01,E31R,0.1094,benign,FREM1,31.0
A4FU01,E31S,0.1281,benign,FREM1,31.0
A4FU01,E31T,0.1429,benign,FREM1,31.0
A4FU01,E31V,0.1174,benign,FREM1,31.0
A4FU01,E31W,0.4918,ambiguous,FREM1,31.0
A4FU01,E31Y,0.276,benign,FREM1,31.0
A4FU01,P32A,0.0674,benign,FREM1,32.0
A4FU01,P32C,0.186,benign,FREM1,32.0
A4FU01,P32D,0.1464,benign,FREM1,32.0
A4FU01,P32E,0.1114,benign,FREM1,32.0
A4FU01,P32F,0.1701,benign,FREM1,32.0
A4FU01,P32G,0.125,benign,FREM1,32.0
A4FU01,P32H,0.0857,benign,FREM1,32.0
A4FU01,P32I,0.1422,benign,FREM1,32.0
A4FU01,P32K,0.112,benign,FREM1,32.0
A4FU01,P32L,0.0804,benign,FREM1,32.0
A4FU01,P32M,0.1655,benign,FREM1,32.0
A4FU01,P32N,0.1337,benign,FREM1,32.0
A4FU01,P32Q,0.0799,benign,FREM1,32.0
A4FU01,P32R,0.0754,benign,FREM1,32.0
A4FU01,P32S,0.0802,benign,FREM1,32.0
A4FU01,P32T,0.0721,benign,FREM1,32.0
A4FU01,P32V,0.1105,benign,FREM1,32.0
A4FU01,P32W,0.1835,benign,FREM1,32.0
A4FU01,P32Y,0.1471,benign,FREM1,32.0
A4FU01,R33A,0.0959,benign,FREM1,33.0
A4FU01,R33C,0.111,benign,FREM1,33.0
A4FU01,R33D,0.1744,benign,FREM1,33.0
A4FU01,R33E,0.1113,benign,FREM1,33.0
A4FU01,R33F,0.1895,benign,FREM1,33.0
A4FU01,R33G,0.0641,benign,FREM1,33.0
A4FU01,R33H,0.0943,benign,FREM1,33.0
A4FU01,R33I,0.1055,benign,FREM1,33.0
A4FU01,R33K,0.0785,benign,FREM1,33.0
A4FU01,R33L,0.0958,benign,FREM1,33.0
A4FU01,R33M,0.1261,benign,FREM1,33.0
A4FU01,R33N,0.182,benign,FREM1,33.0
A4FU01,R33P,0.114,benign,FREM1,33.0
A4FU01,R33Q,0.0763,benign,FREM1,33.0
A4FU01,R33S,0.118,benign,FREM1,33.0
A4FU01,R33T,0.0884,benign,FREM1,33.0
A4FU01,R33V,0.1226,benign,FREM1,33.0
A4FU01,R33W,0.0933,benign,FREM1,33.0
A4FU01,R33Y,0.1696,benign,FREM1,33.0
A4FU01,S34A,0.0878,benign,FREM1,34.0
A4FU01,S34C,0.0707,benign,FREM1,34.0
A4FU01,S34D,0.1409,benign,FREM1,34.0
A4FU01,S34E,0.1722,benign,FREM1,34.0
A4FU01,S34F,0.1238,benign,FREM1,34.0
A4FU01,S34G,0.0667,benign,FREM1,34.0
A4FU01,S34H,0.1279,benign,FREM1,34.0
A4FU01,S34I,0.1022,benign,FREM1,34.0
A4FU01,S34K,0.2008,benign,FREM1,34.0
A4FU01,S34L,0.1004,benign,FREM1,34.0
A4FU01,S34M,0.1685,benign,FREM1,34.0
A4FU01,S34N,0.0813,benign,FREM1,34.0
A4FU01,S34P,0.0853,benign,FREM1,34.0
A4FU01,S34Q,0.1692,benign,FREM1,34.0
A4FU01,S34R,0.1287,benign,FREM1,34.0
A4FU01,S34T,0.0848,benign,FREM1,34.0
A4FU01,S34V,0.1234,benign,FREM1,34.0
A4FU01,S34W,0.1161,benign,FREM1,34.0
A4FU01,S34Y,0.0978,benign,FREM1,34.0
A4FU01,R35A,0.1064,benign,FREM1,35.0
A4FU01,R35C,0.0788,benign,FREM1,35.0
A4FU01,R35D,0.1442,benign,FREM1,35.0
A4FU01,R35E,0.1193,benign,FREM1,35.0
A4FU01,R35F,0.1493,benign,FREM1,35.0
A4FU01,R35G,0.0695,benign,FREM1,35.0
A4FU01,R35H,0.0727,benign,FREM1,35.0
A4FU01,R35I,0.115,benign,FREM1,35.0
A4FU01,R35K,0.0963,benign,FREM1,35.0
A4FU01,R35L,0.0882,benign,FREM1,35.0
A4FU01,R35M,0.1544,benign,FREM1,35.0
A4FU01,R35N,0.1509,benign,FREM1,35.0
A4FU01,R35P,0.0924,benign,FREM1,35.0
A4FU01,R35Q,0.0709,benign,FREM1,35.0
A4FU01,R35S,0.1067,benign,FREM1,35.0
A4FU01,R35T,0.1023,benign,FREM1,35.0
A4FU01,R35V,0.1255,benign,FREM1,35.0
A4FU01,R35W,0.0823,benign,FREM1,35.0
A4FU01,R35Y,0.1268,benign,FREM1,35.0
A4FU01,Q36A,0.1214,benign,FREM1,36.0
A4FU01,Q36C,0.2966,benign,FREM1,36.0
A4FU01,Q36D,0.1844,benign,FREM1,36.0
A4FU01,Q36E,0.0802,benign,FREM1,36.0
A4FU01,Q36F,0.2844,benign,FREM1,36.0
A4FU01,Q36G,0.1235,benign,FREM1,36.0
A4FU01,Q36H,0.116,benign,FREM1,36.0
A4FU01,Q36I,0.1832,benign,FREM1,36.0
A4FU01,Q36K,0.083,benign,FREM1,36.0
A4FU01,Q36L,0.0806,benign,FREM1,36.0
A4FU01,Q36M,0.2241,benign,FREM1,36.0
A4FU01,Q36N,0.1724,benign,FREM1,36.0
A4FU01,Q36P,0.0704,benign,FREM1,36.0
A4FU01,Q36R,0.0764,benign,FREM1,36.0
A4FU01,Q36S,0.1241,benign,FREM1,36.0
A4FU01,Q36T,0.1289,benign,FREM1,36.0
A4FU01,Q36V,0.1373,benign,FREM1,36.0
A4FU01,Q36W,0.1815,benign,FREM1,36.0
A4FU01,Q36Y,0.1872,benign,FREM1,36.0
A4FU01,P37A,0.0655,benign,FREM1,37.0
A4FU01,P37C,0.167,benign,FREM1,37.0
A4FU01,P37D,0.1424,benign,FREM1,37.0
A4FU01,P37E,0.1096,benign,FREM1,37.0
A4FU01,P37F,0.1282,benign,FREM1,37.0
A4FU01,P37G,0.1113,benign,FREM1,37.0
A4FU01,P37H,0.0748,benign,FREM1,37.0
A4FU01,P37I,0.1108,benign,FREM1,37.0
A4FU01,P37K,0.1121,benign,FREM1,37.0
A4FU01,P37L,0.0605,benign,FREM1,37.0
A4FU01,P37M,0.1401,benign,FREM1,37.0
A4FU01,P37N,0.1239,benign,FREM1,37.0
A4FU01,P37Q,0.0728,benign,FREM1,37.0
A4FU01,P37R,0.0692,benign,FREM1,37.0
A4FU01,P37S,0.074,benign,FREM1,37.0
A4FU01,P37T,0.072,benign,FREM1,37.0
A4FU01,P37V,0.0923,benign,FREM1,37.0
A4FU01,P37W,0.1423,benign,FREM1,37.0
A4FU01,P37Y,0.1342,benign,FREM1,37.0
A4FU01,S38A,0.0692,benign,FREM1,38.0
A4FU01,S38C,0.0689,benign,FREM1,38.0
A4FU01,S38D,0.1054,benign,FREM1,38.0
A4FU01,S38E,0.1399,benign,FREM1,38.0
A4FU01,S38F,0.1251,benign,FREM1,38.0
A4FU01,S38G,0.0494,benign,FREM1,38.0
A4FU01,S38H,0.1206,benign,FREM1,38.0
A4FU01,S38I,0.0909,benign,FREM1,38.0
A4FU01,S38K,0.1679,benign,FREM1,38.0
A4FU01,S38L,0.1039,benign,FREM1,38.0
A4FU01,S38M,0.1756,benign,FREM1,38.0
A4FU01,S38N,0.0846,benign,FREM1,38.0
A4FU01,S38P,0.0899,benign,FREM1,38.0
A4FU01,S38Q,0.1548,benign,FREM1,38.0
A4FU01,S38R,0.1135,benign,FREM1,38.0
A4FU01,S38T,0.0775,benign,FREM1,38.0
A4FU01,S38V,0.0954,benign,FREM1,38.0
A4FU01,S38W,0.1332,benign,FREM1,38.0
A4FU01,S38Y,0.1005,benign,FREM1,38.0
A4FU01,S39A,0.0755,benign,FREM1,39.0
A4FU01,S39C,0.0711,benign,FREM1,39.0
A4FU01,S39D,0.1203,benign,FREM1,39.0
A4FU01,S39E,0.184,benign,FREM1,39.0
A4FU01,S39F,0.1222,benign,FREM1,39.0
A4FU01,S39G,0.0592,benign,FREM1,39.0
A4FU01,S39H,0.1168,benign,FREM1,39.0
A4FU01,S39I,0.0902,benign,FREM1,39.0
A4FU01,S39K,0.2095,benign,FREM1,39.0
A4FU01,S39L,0.0999,benign,FREM1,39.0
A4FU01,S39M,0.1842,benign,FREM1,39.0
A4FU01,S39N,0.0835,benign,FREM1,39.0
A4FU01,S39P,0.0869,benign,FREM1,39.0
A4FU01,S39Q,0.1833,benign,FREM1,39.0
A4FU01,S39R,0.1315,benign,FREM1,39.0
A4FU01,S39T,0.0779,benign,FREM1,39.0
A4FU01,S39V,0.1079,benign,FREM1,39.0
A4FU01,S39W,0.1331,benign,FREM1,39.0
A4FU01,S39Y,0.0994,benign,FREM1,39.0
A4FU01,C40A,0.1129,benign,FREM1,40.0
A4FU01,C40D,0.1181,benign,FREM1,40.0
A4FU01,C40E,0.1922,benign,FREM1,40.0
A4FU01,C40F,0.0672,benign,FREM1,40.0
A4FU01,C40G,0.0632,benign,FREM1,40.0
A4FU01,C40H,0.0913,benign,FREM1,40.0
A4FU01,C40I,0.1511,benign,FREM1,40.0
A4FU01,C40K,0.1968,benign,FREM1,40.0
A4FU01,C40L,0.1275,benign,FREM1,40.0
A4FU01,C40M,0.283,benign,FREM1,40.0
A4FU01,C40N,0.1137,benign,FREM1,40.0
A4FU01,C40P,0.1257,benign,FREM1,40.0
A4FU01,C40Q,0.1344,benign,FREM1,40.0
A4FU01,C40R,0.0774,benign,FREM1,40.0
A4FU01,C40S,0.0759,benign,FREM1,40.0
A4FU01,C40T,0.1356,benign,FREM1,40.0
A4FU01,C40V,0.1422,benign,FREM1,40.0
A4FU01,C40W,0.1193,benign,FREM1,40.0
A4FU01,C40Y,0.0736,benign,FREM1,40.0
A4FU01,L41A,0.0982,benign,FREM1,41.0
A4FU01,L41C,0.2341,benign,FREM1,41.0
A4FU01,L41D,0.2577,benign,FREM1,41.0
A4FU01,L41E,0.1386,benign,FREM1,41.0
A4FU01,L41F,0.0745,benign,FREM1,41.0
A4FU01,L41G,0.176,benign,FREM1,41.0
A4FU01,L41H,0.1068,benign,FREM1,41.0
A4FU01,L41I,0.086,benign,FREM1,41.0
A4FU01,L41K,0.1392,benign,FREM1,41.0
A4FU01,L41M,0.1079,benign,FREM1,41.0
A4FU01,L41N,0.1953,benign,FREM1,41.0
A4FU01,L41P,0.0658,benign,FREM1,41.0
A4FU01,L41Q,0.082,benign,FREM1,41.0
A4FU01,L41R,0.0824,benign,FREM1,41.0
A4FU01,L41S,0.1054,benign,FREM1,41.0
A4FU01,L41T,0.1056,benign,FREM1,41.0
A4FU01,L41V,0.078,benign,FREM1,41.0
A4FU01,L41W,0.0924,benign,FREM1,41.0
A4FU01,L41Y,0.1722,benign,FREM1,41.0
A4FU01,A42C,0.3042,benign,FREM1,42.0
A4FU01,A42D,0.1322,benign,FREM1,42.0
A4FU01,A42E,0.1435,benign,FREM1,42.0
A4FU01,A42F,0.1606,benign,FREM1,42.0
A4FU01,A42G,0.093,benign,FREM1,42.0
A4FU01,A42H,0.234,benign,FREM1,42.0
A4FU01,A42I,0.1592,benign,FREM1,42.0
A4FU01,A42K,0.2395,benign,FREM1,42.0
A4FU01,A42L,0.1093,benign,FREM1,42.0
A4FU01,A42M,0.1959,benign,FREM1,42.0
A4FU01,A42N,0.1627,benign,FREM1,42.0
A4FU01,A42P,0.0748,benign,FREM1,42.0
A4FU01,A42Q,0.197,benign,FREM1,42.0
A4FU01,A42R,0.1832,benign,FREM1,42.0
A4FU01,A42S,0.0845,benign,FREM1,42.0
A4FU01,A42T,0.0815,benign,FREM1,42.0
A4FU01,A42V,0.0944,benign,FREM1,42.0
A4FU01,A42W,0.3425,ambiguous,FREM1,42.0
A4FU01,A42Y,0.2164,benign,FREM1,42.0
A4FU01,S43A,0.0743,benign,FREM1,43.0
A4FU01,S43C,0.097,benign,FREM1,43.0
A4FU01,S43D,0.2142,benign,FREM1,43.0
A4FU01,S43E,0.2535,benign,FREM1,43.0
A4FU01,S43F,0.1217,benign,FREM1,43.0
A4FU01,S43G,0.0778,benign,FREM1,43.0
A4FU01,S43H,0.1988,benign,FREM1,43.0
A4FU01,S43I,0.1554,benign,FREM1,43.0
A4FU01,S43K,0.3394,benign,FREM1,43.0
A4FU01,S43L,0.094,benign,FREM1,43.0
A4FU01,S43M,0.2049,benign,FREM1,43.0
A4FU01,S43N,0.1293,benign,FREM1,43.0
A4FU01,S43P,0.0762,benign,FREM1,43.0
A4FU01,S43Q,0.2654,benign,FREM1,43.0
A4FU01,S43R,0.2413,benign,FREM1,43.0
A4FU01,S43T,0.0896,benign,FREM1,43.0
A4FU01,S43V,0.1435,benign,FREM1,43.0
A4FU01,S43W,0.135,benign,FREM1,43.0
A4FU01,S43Y,0.1135,benign,FREM1,43.0
A4FU01,R44A,0.0875,benign,FREM1,44.0
A4FU01,R44C,0.094,benign,FREM1,44.0
A4FU01,R44D,0.1463,benign,FREM1,44.0
A4FU01,R44E,0.1241,benign,FREM1,44.0
A4FU01,R44F,0.1794,benign,FREM1,44.0
A4FU01,R44G,0.047,benign,FREM1,44.0
A4FU01,R44H,0.0864,benign,FREM1,44.0
A4FU01,R44I,0.1127,benign,FREM1,44.0
A4FU01,R44K,0.0938,benign,FREM1,44.0
A4FU01,R44L,0.098,benign,FREM1,44.0
A4FU01,R44M,0.1593,benign,FREM1,44.0
A4FU01,R44N,0.1549,benign,FREM1,44.0
A4FU01,R44P,0.106,benign,FREM1,44.0
A4FU01,R44Q,0.0808,benign,FREM1,44.0
A4FU01,R44S,0.0996,benign,FREM1,44.0
A4FU01,R44T,0.0918,benign,FREM1,44.0
A4FU01,R44V,0.1165,benign,FREM1,44.0
A4FU01,R44W,0.0985,benign,FREM1,44.0
A4FU01,R44Y,0.1352,benign,FREM1,44.0
A4FU01,C45A,0.1833,benign,FREM1,45.0
A4FU01,C45D,0.2387,benign,FREM1,45.0
A4FU01,C45E,0.3371,benign,FREM1,45.0
A4FU01,C45F,0.0903,benign,FREM1,45.0
A4FU01,C45G,0.0782,benign,FREM1,45.0
A4FU01,C45H,0.1656,benign,FREM1,45.0
A4FU01,C45I,0.2284,benign,FREM1,45.0
A4FU01,C45K,0.2966,benign,FREM1,45.0
A4FU01,C45L,0.1732,benign,FREM1,45.0
A4FU01,C45M,0.3792,ambiguous,FREM1,45.0
A4FU01,C45N,0.1922,benign,FREM1,45.0
A4FU01,C45P,0.2188,benign,FREM1,45.0
A4FU01,C45Q,0.2138,benign,FREM1,45.0
A4FU01,C45R,0.1177,benign,FREM1,45.0
A4FU01,C45S,0.1275,benign,FREM1,45.0
A4FU01,C45T,0.2245,benign,FREM1,45.0
A4FU01,C45V,0.214,benign,FREM1,45.0
A4FU01,C45W,0.1715,benign,FREM1,45.0
A4FU01,C45Y,0.1051,benign,FREM1,45.0
A4FU01,L46A,0.3713,ambiguous,FREM1,46.0
A4FU01,L46C,0.4786,ambiguous,FREM1,46.0
A4FU01,L46D,0.7492,pathogenic,FREM1,46.0
A4FU01,L46E,0.4786,ambiguous,FREM1,46.0
A4FU01,L46F,0.0993,benign,FREM1,46.0
A4FU01,L46G,0.5215,ambiguous,FREM1,46.0
A4FU01,L46H,0.2589,benign,FREM1,46.0
A4FU01,L46I,0.101,benign,FREM1,46.0
A4FU01,L46K,0.3636,ambiguous,FREM1,46.0
A4FU01,L46M,0.1691,benign,FREM1,46.0
A4FU01,L46N,0.5216,ambiguous,FREM1,46.0
A4FU01,L46P,0.2402,benign,FREM1,46.0
A4FU01,L46Q,0.2138,benign,FREM1,46.0
A4FU01,L46R,0.2083,benign,FREM1,46.0
A4FU01,L46S,0.3735,ambiguous,FREM1,46.0
A4FU01,L46T,0.3841,ambiguous,FREM1,46.0
A4FU01,L46V,0.1282,benign,FREM1,46.0
A4FU01,L46W,0.1956,benign,FREM1,46.0
A4FU01,L46Y,0.3203,benign,FREM1,46.0
A4FU01,P47A,0.087,benign,FREM1,47.0
A4FU01,P47C,0.3541,ambiguous,FREM1,47.0
A4FU01,P47D,0.3277,benign,FREM1,47.0
A4FU01,P47E,0.2073,benign,FREM1,47.0
A4FU01,P47F,0.3706,ambiguous,FREM1,47.0
A4FU01,P47G,0.236,benign,FREM1,47.0
A4FU01,P47H,0.1641,benign,FREM1,47.0
A4FU01,P47I,0.305,benign,FREM1,47.0
A4FU01,P47K,0.2474,benign,FREM1,47.0
A4FU01,P47L,0.1188,benign,FREM1,47.0
A4FU01,P47M,0.3288,benign,FREM1,47.0
A4FU01,P47N,0.3168,benign,FREM1,47.0
A4FU01,P47Q,0.1366,benign,FREM1,47.0
A4FU01,P47R,0.1252,benign,FREM1,47.0
A4FU01,P47S,0.1207,benign,FREM1,47.0
A4FU01,P47T,0.1194,benign,FREM1,47.0
A4FU01,P47V,0.2102,benign,FREM1,47.0
A4FU01,P47W,0.3592,ambiguous,FREM1,47.0
A4FU01,P47Y,0.3325,benign,FREM1,47.0
A4FU01,G48A,0.274,benign,FREM1,48.0
A4FU01,G48C,0.4345,ambiguous,FREM1,48.0
A4FU01,G48D,0.3026,benign,FREM1,48.0
A4FU01,G48E,0.2915,benign,FREM1,48.0
A4FU01,G48F,0.7578,pathogenic,FREM1,48.0
A4FU01,G48H,0.5881,pathogenic,FREM1,48.0
A4FU01,G48I,0.7563,pathogenic,FREM1,48.0
A4FU01,G48K,0.5375,ambiguous,FREM1,48.0
A4FU01,G48L,0.6674,pathogenic,FREM1,48.0
A4FU01,G48M,0.7043,pathogenic,FREM1,48.0
A4FU01,G48N,0.5022,ambiguous,FREM1,48.0
A4FU01,G48P,0.8505,pathogenic,FREM1,48.0
A4FU01,G48Q,0.4287,ambiguous,FREM1,48.0
A4FU01,G48R,0.3616,ambiguous,FREM1,48.0
A4FU01,G48S,0.2171,benign,FREM1,48.0
A4FU01,G48T,0.3988,ambiguous,FREM1,48.0
A4FU01,G48V,0.5409,ambiguous,FREM1,48.0
A4FU01,G48W,0.4689,ambiguous,FREM1,48.0
A4FU01,G48Y,0.6315,pathogenic,FREM1,48.0
A4FU01,E49A,0.8709,pathogenic,FREM1,49.0
A4FU01,E49C,0.9754,pathogenic,FREM1,49.0
A4FU01,E49D,0.8342,pathogenic,FREM1,49.0
A4FU01,E49F,0.989,pathogenic,FREM1,49.0
A4FU01,E49G,0.8305,pathogenic,FREM1,49.0
A4FU01,E49H,0.957,pathogenic,FREM1,49.0
A4FU01,E49I,0.9627,pathogenic,FREM1,49.0
A4FU01,E49K,0.751,pathogenic,FREM1,49.0
A4FU01,E49L,0.9654,pathogenic,FREM1,49.0
A4FU01,E49M,0.9551,pathogenic,FREM1,49.0
A4FU01,E49N,0.9499,pathogenic,FREM1,49.0
A4FU01,E49P,0.9822,pathogenic,FREM1,49.0
A4FU01,E49Q,0.5963,pathogenic,FREM1,49.0
A4FU01,E49R,0.8318,pathogenic,FREM1,49.0
A4FU01,E49S,0.9192,pathogenic,FREM1,49.0
A4FU01,E49T,0.9447,pathogenic,FREM1,49.0
A4FU01,E49V,0.9178,pathogenic,FREM1,49.0
A4FU01,E49W,0.9935,pathogenic,FREM1,49.0
A4FU01,E49Y,0.975,pathogenic,FREM1,49.0
A4FU01,Q50A,0.1854,benign,FREM1,50.0
A4FU01,Q50C,0.3964,ambiguous,FREM1,50.0
A4FU01,Q50D,0.2429,benign,FREM1,50.0
A4FU01,Q50E,0.076,benign,FREM1,50.0
A4FU01,Q50F,0.4813,ambiguous,FREM1,50.0
A4FU01,Q50G,0.1912,benign,FREM1,50.0
A4FU01,Q50H,0.1324,benign,FREM1,50.0
A4FU01,Q50I,0.2804,benign,FREM1,50.0
A4FU01,Q50K,0.0683,benign,FREM1,50.0
A4FU01,Q50L,0.131,benign,FREM1,50.0
A4FU01,Q50M,0.2637,benign,FREM1,50.0
A4FU01,Q50N,0.181,benign,FREM1,50.0
A4FU01,Q50P,0.3216,benign,FREM1,50.0
A4FU01,Q50R,0.0732,benign,FREM1,50.0
A4FU01,Q50S,0.2058,benign,FREM1,50.0
A4FU01,Q50T,0.145,benign,FREM1,50.0
A4FU01,Q50V,0.1894,benign,FREM1,50.0
A4FU01,Q50W,0.3075,benign,FREM1,50.0
A4FU01,Q50Y,0.2778,benign,FREM1,50.0
A4FU01,I51A,0.5858,pathogenic,FREM1,51.0
A4FU01,I51C,0.6564,pathogenic,FREM1,51.0
A4FU01,I51D,0.7208,pathogenic,FREM1,51.0
A4FU01,I51E,0.6409,pathogenic,FREM1,51.0
A4FU01,I51F,0.1834,benign,FREM1,51.0
A4FU01,I51G,0.7484,pathogenic,FREM1,51.0
A4FU01,I51H,0.569,pathogenic,FREM1,51.0
A4FU01,I51K,0.4928,ambiguous,FREM1,51.0
A4FU01,I51L,0.1482,benign,FREM1,51.0
A4FU01,I51M,0.1506,benign,FREM1,51.0
A4FU01,I51N,0.3426,ambiguous,FREM1,51.0
A4FU01,I51P,0.5862,pathogenic,FREM1,51.0
A4FU01,I51Q,0.5536,ambiguous,FREM1,51.0
A4FU01,I51R,0.4054,ambiguous,FREM1,51.0
A4FU01,I51S,0.5035,ambiguous,FREM1,51.0
A4FU01,I51T,0.5263,ambiguous,FREM1,51.0
A4FU01,I51V,0.0993,benign,FREM1,51.0
A4FU01,I51W,0.7302,pathogenic,FREM1,51.0
A4FU01,I51Y,0.4525,ambiguous,FREM1,51.0
A4FU01,L52A,0.2752,benign,FREM1,52.0
A4FU01,L52C,0.4875,ambiguous,FREM1,52.0
A4FU01,L52D,0.7611,pathogenic,FREM1,52.0
A4FU01,L52E,0.3123,benign,FREM1,52.0
A4FU01,L52F,0.1485,benign,FREM1,52.0
A4FU01,L52G,0.5919,pathogenic,FREM1,52.0
A4FU01,L52H,0.2438,benign,FREM1,52.0
A4FU01,L52I,0.0912,benign,FREM1,52.0
A4FU01,L52K,0.2252,benign,FREM1,52.0
A4FU01,L52M,0.131,benign,FREM1,52.0
A4FU01,L52N,0.5888,pathogenic,FREM1,52.0
A4FU01,L52P,0.6242,pathogenic,FREM1,52.0
A4FU01,L52Q,0.1318,benign,FREM1,52.0
A4FU01,L52R,0.1321,benign,FREM1,52.0
A4FU01,L52S,0.372,ambiguous,FREM1,52.0
A4FU01,L52T,0.2439,benign,FREM1,52.0
A4FU01,L52V,0.0923,benign,FREM1,52.0
A4FU01,L52W,0.1971,benign,FREM1,52.0
A4FU01,L52Y,0.3835,ambiguous,FREM1,52.0
A4FU01,A53C,0.5668,pathogenic,FREM1,53.0
A4FU01,A53D,0.5199,ambiguous,FREM1,53.0
A4FU01,A53E,0.4913,ambiguous,FREM1,53.0
A4FU01,A53F,0.5814,pathogenic,FREM1,53.0
A4FU01,A53G,0.1504,benign,FREM1,53.0
A4FU01,A53H,0.6969,pathogenic,FREM1,53.0
A4FU01,A53I,0.6162,pathogenic,FREM1,53.0
A4FU01,A53K,0.7426,pathogenic,FREM1,53.0
A4FU01,A53L,0.4462,ambiguous,FREM1,53.0
A4FU01,A53M,0.5859,pathogenic,FREM1,53.0
A4FU01,A53N,0.5782,pathogenic,FREM1,53.0
A4FU01,A53P,0.8651,pathogenic,FREM1,53.0
A4FU01,A53Q,0.576,pathogenic,FREM1,53.0
A4FU01,A53R,0.593,pathogenic,FREM1,53.0
A4FU01,A53S,0.1389,benign,FREM1,53.0
A4FU01,A53T,0.2003,benign,FREM1,53.0
A4FU01,A53V,0.3017,benign,FREM1,53.0
A4FU01,A53W,0.8673,pathogenic,FREM1,53.0
A4FU01,A53Y,0.7099,pathogenic,FREM1,53.0
A4FU01,W54A,0.1596,benign,FREM1,54.0
A4FU01,W54C,0.3466,ambiguous,FREM1,54.0
A4FU01,W54D,0.5535,ambiguous,FREM1,54.0
A4FU01,W54E,0.3105,benign,FREM1,54.0
A4FU01,W54F,0.1685,benign,FREM1,54.0
A4FU01,W54G,0.1705,benign,FREM1,54.0
A4FU01,W54H,0.3189,benign,FREM1,54.0
A4FU01,W54I,0.3097,benign,FREM1,54.0
A4FU01,W54K,0.3519,ambiguous,FREM1,54.0
A4FU01,W54L,0.2042,benign,FREM1,54.0
A4FU01,W54M,0.2858,benign,FREM1,54.0
A4FU01,W54N,0.5197,ambiguous,FREM1,54.0
A4FU01,W54P,0.9103,pathogenic,FREM1,54.0
A4FU01,W54Q,0.2584,benign,FREM1,54.0
A4FU01,W54R,0.2536,benign,FREM1,54.0
A4FU01,W54S,0.123,benign,FREM1,54.0
A4FU01,W54T,0.1645,benign,FREM1,54.0
A4FU01,W54V,0.1918,benign,FREM1,54.0
A4FU01,W54Y,0.2856,benign,FREM1,54.0
A4FU01,A55C,0.5539,ambiguous,FREM1,55.0
A4FU01,A55D,0.749,pathogenic,FREM1,55.0
A4FU01,A55E,0.6724,pathogenic,FREM1,55.0
A4FU01,A55F,0.4921,ambiguous,FREM1,55.0
A4FU01,A55G,0.2951,benign,FREM1,55.0
A4FU01,A55H,0.7258,pathogenic,FREM1,55.0
A4FU01,A55I,0.3554,ambiguous,FREM1,55.0
A4FU01,A55K,0.8029,pathogenic,FREM1,55.0
A4FU01,A55L,0.306,benign,FREM1,55.0
A4FU01,A55M,0.346,ambiguous,FREM1,55.0
A4FU01,A55N,0.6351,pathogenic,FREM1,55.0
A4FU01,A55P,0.8764,pathogenic,FREM1,55.0
A4FU01,A55Q,0.6357,pathogenic,FREM1,55.0
A4FU01,A55R,0.7153,pathogenic,FREM1,55.0
A4FU01,A55S,0.1572,benign,FREM1,55.0
A4FU01,A55T,0.2118,benign,FREM1,55.0
A4FU01,A55V,0.1653,benign,FREM1,55.0
A4FU01,A55W,0.8504,pathogenic,FREM1,55.0
A4FU01,A55Y,0.6694,pathogenic,FREM1,55.0
A4FU01,P56A,0.0707,benign,FREM1,56.0
A4FU01,P56C,0.2735,benign,FREM1,56.0
A4FU01,P56D,0.2766,benign,FREM1,56.0
A4FU01,P56E,0.167,benign,FREM1,56.0
A4FU01,P56F,0.3288,benign,FREM1,56.0
A4FU01,P56G,0.1931,benign,FREM1,56.0
A4FU01,P56H,0.136,benign,FREM1,56.0
A4FU01,P56I,0.2814,benign,FREM1,56.0
A4FU01,P56K,0.1878,benign,FREM1,56.0
A4FU01,P56L,0.1046,benign,FREM1,56.0
A4FU01,P56M,0.2692,benign,FREM1,56.0
A4FU01,P56N,0.254,benign,FREM1,56.0
A4FU01,P56Q,0.1124,benign,FREM1,56.0
A4FU01,P56R,0.0996,benign,FREM1,56.0
A4FU01,P56S,0.0942,benign,FREM1,56.0
A4FU01,P56T,0.095,benign,FREM1,56.0
A4FU01,P56V,0.1775,benign,FREM1,56.0
A4FU01,P56W,0.3193,benign,FREM1,56.0
A4FU01,P56Y,0.2915,benign,FREM1,56.0
A4FU01,G57A,0.1196,benign,FREM1,57.0
A4FU01,G57C,0.2003,benign,FREM1,57.0
A4FU01,G57D,0.1641,benign,FREM1,57.0
A4FU01,G57E,0.1539,benign,FREM1,57.0
A4FU01,G57F,0.452,ambiguous,FREM1,57.0
A4FU01,G57H,0.2801,benign,FREM1,57.0
A4FU01,G57I,0.3747,ambiguous,FREM1,57.0
A4FU01,G57K,0.2834,benign,FREM1,57.0
A4FU01,G57L,0.3579,ambiguous,FREM1,57.0
A4FU01,G57M,0.4063,ambiguous,FREM1,57.0
A4FU01,G57N,0.2596,benign,FREM1,57.0
A4FU01,G57P,0.7299,pathogenic,FREM1,57.0
A4FU01,G57Q,0.222,benign,FREM1,57.0
A4FU01,G57R,0.173,benign,FREM1,57.0
A4FU01,G57S,0.1233,benign,FREM1,57.0
A4FU01,G57T,0.1904,benign,FREM1,57.0
A4FU01,G57V,0.2258,benign,FREM1,57.0
A4FU01,G57W,0.2722,benign,FREM1,57.0
A4FU01,G57Y,0.3234,benign,FREM1,57.0
A4FU01,V58A,0.2566,benign,FREM1,58.0
A4FU01,V58C,0.6069,pathogenic,FREM1,58.0
A4FU01,V58D,0.7786,pathogenic,FREM1,58.0
A4FU01,V58E,0.5694,pathogenic,FREM1,58.0
A4FU01,V58F,0.2823,benign,FREM1,58.0
A4FU01,V58G,0.2753,benign,FREM1,58.0
A4FU01,V58H,0.7795,pathogenic,FREM1,58.0
A4FU01,V58I,0.0868,benign,FREM1,58.0
A4FU01,V58K,0.5455,ambiguous,FREM1,58.0
A4FU01,V58L,0.1132,benign,FREM1,58.0
A4FU01,V58M,0.1834,benign,FREM1,58.0
A4FU01,V58N,0.6232,pathogenic,FREM1,58.0
A4FU01,V58P,0.631,pathogenic,FREM1,58.0
A4FU01,V58Q,0.5015,ambiguous,FREM1,58.0
A4FU01,V58R,0.422,ambiguous,FREM1,58.0
A4FU01,V58S,0.4359,ambiguous,FREM1,58.0
A4FU01,V58T,0.3779,ambiguous,FREM1,58.0
A4FU01,V58W,0.7634,pathogenic,FREM1,58.0
A4FU01,V58Y,0.705,pathogenic,FREM1,58.0
A4FU01,R59A,0.3739,ambiguous,FREM1,59.0
A4FU01,R59C,0.1463,benign,FREM1,59.0
A4FU01,R59D,0.6725,pathogenic,FREM1,59.0
A4FU01,R59E,0.3092,benign,FREM1,59.0
A4FU01,R59F,0.4454,ambiguous,FREM1,59.0
A4FU01,R59G,0.2132,benign,FREM1,59.0
A4FU01,R59H,0.1215,benign,FREM1,59.0
A4FU01,R59I,0.263,benign,FREM1,59.0
A4FU01,R59K,0.1161,benign,FREM1,59.0
A4FU01,R59L,0.2219,benign,FREM1,59.0
A4FU01,R59M,0.2888,benign,FREM1,59.0
A4FU01,R59N,0.5761,pathogenic,FREM1,59.0
A4FU01,R59P,0.6711,pathogenic,FREM1,59.0
A4FU01,R59Q,0.0922,benign,FREM1,59.0
A4FU01,R59S,0.4264,ambiguous,FREM1,59.0
A4FU01,R59T,0.2467,benign,FREM1,59.0
A4FU01,R59V,0.314,benign,FREM1,59.0
A4FU01,R59W,0.1259,benign,FREM1,59.0
A4FU01,R59Y,0.3517,ambiguous,FREM1,59.0
A4FU01,K60A,0.5148,ambiguous,FREM1,60.0
A4FU01,K60C,0.6922,pathogenic,FREM1,60.0
A4FU01,K60D,0.8775,pathogenic,FREM1,60.0
A4FU01,K60E,0.3907,ambiguous,FREM1,60.0
A4FU01,K60F,0.809,pathogenic,FREM1,60.0
A4FU01,K60G,0.6058,pathogenic,FREM1,60.0
A4FU01,K60H,0.4905,ambiguous,FREM1,60.0
A4FU01,K60I,0.504,ambiguous,FREM1,60.0
A4FU01,K60L,0.4149,ambiguous,FREM1,60.0
A4FU01,K60M,0.3322,benign,FREM1,60.0
A4FU01,K60N,0.7407,pathogenic,FREM1,60.0
A4FU01,K60P,0.8016,pathogenic,FREM1,60.0
A4FU01,K60Q,0.227,benign,FREM1,60.0
A4FU01,K60R,0.0901,benign,FREM1,60.0
A4FU01,K60S,0.6955,pathogenic,FREM1,60.0
A4FU01,K60T,0.4281,ambiguous,FREM1,60.0
A4FU01,K60V,0.4674,ambiguous,FREM1,60.0
A4FU01,K60W,0.7148,pathogenic,FREM1,60.0
A4FU01,K60Y,0.6572,pathogenic,FREM1,60.0
A4FU01,G61A,0.1362,benign,FREM1,61.0
A4FU01,G61C,0.2035,benign,FREM1,61.0
A4FU01,G61D,0.2504,benign,FREM1,61.0
A4FU01,G61E,0.257,benign,FREM1,61.0
A4FU01,G61F,0.4419,ambiguous,FREM1,61.0
A4FU01,G61H,0.4078,ambiguous,FREM1,61.0
A4FU01,G61I,0.2538,benign,FREM1,61.0
A4FU01,G61K,0.4881,ambiguous,FREM1,61.0
A4FU01,G61L,0.3917,ambiguous,FREM1,61.0
A4FU01,G61M,0.4571,ambiguous,FREM1,61.0
A4FU01,G61N,0.3499,ambiguous,FREM1,61.0
A4FU01,G61P,0.7153,pathogenic,FREM1,61.0
A4FU01,G61Q,0.4089,ambiguous,FREM1,61.0
A4FU01,G61R,0.3392,benign,FREM1,61.0
A4FU01,G61S,0.1345,benign,FREM1,61.0
A4FU01,G61T,0.2087,benign,FREM1,61.0
A4FU01,G61V,0.1732,benign,FREM1,61.0
A4FU01,G61W,0.3095,benign,FREM1,61.0
A4FU01,G61Y,0.3172,benign,FREM1,61.0
A4FU01,L62A,0.0952,benign,FREM1,62.0
A4FU01,L62C,0.2239,benign,FREM1,62.0
A4FU01,L62D,0.2361,benign,FREM1,62.0
A4FU01,L62E,0.1233,benign,FREM1,62.0
A4FU01,L62F,0.0903,benign,FREM1,62.0
A4FU01,L62G,0.1535,benign,FREM1,62.0
A4FU01,L62H,0.1161,benign,FREM1,62.0
A4FU01,L62I,0.0922,benign,FREM1,62.0
A4FU01,L62K,0.113,benign,FREM1,62.0
A4FU01,L62M,0.0917,benign,FREM1,62.0
A4FU01,L62N,0.1686,benign,FREM1,62.0
A4FU01,L62P,0.0744,benign,FREM1,62.0
A4FU01,L62Q,0.0723,benign,FREM1,62.0
A4FU01,L62R,0.0775,benign,FREM1,62.0
A4FU01,L62S,0.105,benign,FREM1,62.0
A4FU01,L62T,0.1012,benign,FREM1,62.0
A4FU01,L62V,0.0804,benign,FREM1,62.0
A4FU01,L62W,0.0919,benign,FREM1,62.0
A4FU01,L62Y,0.1934,benign,FREM1,62.0
A4FU01,E63A,0.1017,benign,FREM1,63.0
A4FU01,E63C,0.5249,ambiguous,FREM1,63.0
A4FU01,E63D,0.1169,benign,FREM1,63.0
A4FU01,E63F,0.3962,ambiguous,FREM1,63.0
A4FU01,E63G,0.0922,benign,FREM1,63.0
A4FU01,E63H,0.2275,benign,FREM1,63.0
A4FU01,E63I,0.2429,benign,FREM1,63.0
A4FU01,E63K,0.1232,benign,FREM1,63.0
A4FU01,E63L,0.1857,benign,FREM1,63.0
A4FU01,E63M,0.3024,benign,FREM1,63.0
A4FU01,E63N,0.216,benign,FREM1,63.0
A4FU01,E63P,0.2108,benign,FREM1,63.0
A4FU01,E63Q,0.0899,benign,FREM1,63.0
A4FU01,E63R,0.1458,benign,FREM1,63.0
A4FU01,E63S,0.1394,benign,FREM1,63.0
A4FU01,E63T,0.1683,benign,FREM1,63.0
A4FU01,E63V,0.1456,benign,FREM1,63.0
A4FU01,E63W,0.5559,ambiguous,FREM1,63.0
A4FU01,E63Y,0.312,benign,FREM1,63.0
A4FU01,P64A,0.0766,benign,FREM1,64.0
A4FU01,P64C,0.3306,benign,FREM1,64.0
A4FU01,P64D,0.2412,benign,FREM1,64.0
A4FU01,P64E,0.1579,benign,FREM1,64.0
A4FU01,P64F,0.3648,ambiguous,FREM1,64.0
A4FU01,P64G,0.1666,benign,FREM1,64.0
A4FU01,P64H,0.1501,benign,FREM1,64.0
A4FU01,P64I,0.254,benign,FREM1,64.0
A4FU01,P64K,0.1703,benign,FREM1,64.0
A4FU01,P64L,0.104,benign,FREM1,64.0
A4FU01,P64M,0.2166,benign,FREM1,64.0
A4FU01,P64N,0.2196,benign,FREM1,64.0
A4FU01,P64Q,0.1196,benign,FREM1,64.0
A4FU01,P64R,0.112,benign,FREM1,64.0
A4FU01,P64S,0.1157,benign,FREM1,64.0
A4FU01,P64T,0.0899,benign,FREM1,64.0
A4FU01,P64V,0.1566,benign,FREM1,64.0
A4FU01,P64W,0.3241,benign,FREM1,64.0
A4FU01,P64Y,0.2893,benign,FREM1,64.0
A4FU01,E65A,0.0949,benign,FREM1,65.0
A4FU01,E65C,0.5313,ambiguous,FREM1,65.0
A4FU01,E65D,0.1367,benign,FREM1,65.0
A4FU01,E65F,0.4147,ambiguous,FREM1,65.0
A4FU01,E65G,0.0991,benign,FREM1,65.0
A4FU01,E65H,0.2528,benign,FREM1,65.0
A4FU01,E65I,0.2422,benign,FREM1,65.0
A4FU01,E65K,0.117,benign,FREM1,65.0
A4FU01,E65L,0.2094,benign,FREM1,65.0
A4FU01,E65M,0.2991,benign,FREM1,65.0
A4FU01,E65N,0.2149,benign,FREM1,65.0
A4FU01,E65P,0.2025,benign,FREM1,65.0
A4FU01,E65Q,0.0952,benign,FREM1,65.0
A4FU01,E65R,0.1384,benign,FREM1,65.0
A4FU01,E65S,0.1365,benign,FREM1,65.0
A4FU01,E65T,0.1569,benign,FREM1,65.0
A4FU01,E65V,0.1387,benign,FREM1,65.0
A4FU01,E65W,0.5704,pathogenic,FREM1,65.0
A4FU01,E65Y,0.3386,benign,FREM1,65.0
A4FU01,L66A,0.1679,benign,FREM1,66.0
A4FU01,L66C,0.2653,benign,FREM1,66.0
A4FU01,L66D,0.3572,ambiguous,FREM1,66.0
A4FU01,L66E,0.171,benign,FREM1,66.0
A4FU01,L66F,0.0919,benign,FREM1,66.0
A4FU01,L66G,0.2766,benign,FREM1,66.0
A4FU01,L66H,0.1387,benign,FREM1,66.0
A4FU01,L66I,0.0656,benign,FREM1,66.0
A4FU01,L66K,0.1458,benign,FREM1,66.0
A4FU01,L66M,0.0993,benign,FREM1,66.0
A4FU01,L66N,0.2148,benign,FREM1,66.0
A4FU01,L66P,0.2308,benign,FREM1,66.0
A4FU01,L66Q,0.0967,benign,FREM1,66.0
A4FU01,L66R,0.0964,benign,FREM1,66.0
A4FU01,L66S,0.1928,benign,FREM1,66.0
A4FU01,L66T,0.1561,benign,FREM1,66.0
A4FU01,L66V,0.0724,benign,FREM1,66.0
A4FU01,L66W,0.1301,benign,FREM1,66.0
A4FU01,L66Y,0.1846,benign,FREM1,66.0
A4FU01,S67A,0.0594,benign,FREM1,67.0
A4FU01,S67C,0.082,benign,FREM1,67.0
A4FU01,S67D,0.1879,benign,FREM1,67.0
A4FU01,S67E,0.1652,benign,FREM1,67.0
A4FU01,S67F,0.122,benign,FREM1,67.0
A4FU01,S67G,0.0972,benign,FREM1,67.0
A4FU01,S67H,0.1061,benign,FREM1,67.0
A4FU01,S67I,0.1191,benign,FREM1,67.0
A4FU01,S67K,0.192,benign,FREM1,67.0
A4FU01,S67L,0.0735,benign,FREM1,67.0
A4FU01,S67M,0.1602,benign,FREM1,67.0
A4FU01,S67N,0.1273,benign,FREM1,67.0
A4FU01,S67P,0.0423,benign,FREM1,67.0
A4FU01,S67Q,0.1306,benign,FREM1,67.0
A4FU01,S67R,0.1234,benign,FREM1,67.0
A4FU01,S67T,0.0752,benign,FREM1,67.0
A4FU01,S67V,0.1134,benign,FREM1,67.0
A4FU01,S67W,0.0957,benign,FREM1,67.0
A4FU01,S67Y,0.0981,benign,FREM1,67.0
A4FU01,G68A,0.5799,pathogenic,FREM1,68.0
A4FU01,G68C,0.8503,pathogenic,FREM1,68.0
A4FU01,G68D,0.9293,pathogenic,FREM1,68.0
A4FU01,G68E,0.9431,pathogenic,FREM1,68.0
A4FU01,G68F,0.9806,pathogenic,FREM1,68.0
A4FU01,G68H,0.9792,pathogenic,FREM1,68.0
A4FU01,G68I,0.9624,pathogenic,FREM1,68.0
A4FU01,G68K,0.9703,pathogenic,FREM1,68.0
A4FU01,G68L,0.9664,pathogenic,FREM1,68.0
A4FU01,G68M,0.9804,pathogenic,FREM1,68.0
A4FU01,G68N,0.9701,pathogenic,FREM1,68.0
A4FU01,G68P,0.9836,pathogenic,FREM1,68.0
A4FU01,G68Q,0.9592,pathogenic,FREM1,68.0
A4FU01,G68R,0.9036,pathogenic,FREM1,68.0
A4FU01,G68S,0.648,pathogenic,FREM1,68.0
A4FU01,G68T,0.9051,pathogenic,FREM1,68.0
A4FU01,G68V,0.9014,pathogenic,FREM1,68.0
A4FU01,G68W,0.948,pathogenic,FREM1,68.0
A4FU01,G68Y,0.9703,pathogenic,FREM1,68.0
A4FU01,T69A,0.101,benign,FREM1,69.0
A4FU01,T69C,0.3525,ambiguous,FREM1,69.0
A4FU01,T69D,0.418,ambiguous,FREM1,69.0
A4FU01,T69E,0.284,benign,FREM1,69.0
A4FU01,T69F,0.1902,benign,FREM1,69.0
A4FU01,T69G,0.346,ambiguous,FREM1,69.0
A4FU01,T69H,0.2056,benign,FREM1,69.0
A4FU01,T69I,0.1081,benign,FREM1,69.0
A4FU01,T69K,0.1574,benign,FREM1,69.0
A4FU01,T69L,0.0996,benign,FREM1,69.0
A4FU01,T69M,0.0819,benign,FREM1,69.0
A4FU01,T69N,0.1507,benign,FREM1,69.0
A4FU01,T69P,0.4562,ambiguous,FREM1,69.0
A4FU01,T69Q,0.1893,benign,FREM1,69.0
A4FU01,T69R,0.1189,benign,FREM1,69.0
A4FU01,T69S,0.1396,benign,FREM1,69.0
A4FU01,T69V,0.1169,benign,FREM1,69.0
A4FU01,T69W,0.4343,ambiguous,FREM1,69.0
A4FU01,T69Y,0.2002,benign,FREM1,69.0
A4FU01,L70A,0.8343,pathogenic,FREM1,70.0
A4FU01,L70C,0.8595,pathogenic,FREM1,70.0
A4FU01,L70D,0.9964,pathogenic,FREM1,70.0
A4FU01,L70E,0.9782,pathogenic,FREM1,70.0
A4FU01,L70F,0.3767,ambiguous,FREM1,70.0
A4FU01,L70G,0.9625,pathogenic,FREM1,70.0
A4FU01,L70H,0.9593,pathogenic,FREM1,70.0
A4FU01,L70I,0.146,benign,FREM1,70.0
A4FU01,L70K,0.9691,pathogenic,FREM1,70.0
A4FU01,L70M,0.2821,benign,FREM1,70.0
A4FU01,L70N,0.9885,pathogenic,FREM1,70.0
A4FU01,L70P,0.9419,pathogenic,FREM1,70.0
A4FU01,L70Q,0.9311,pathogenic,FREM1,70.0
A4FU01,L70R,0.9176,pathogenic,FREM1,70.0
A4FU01,L70S,0.9711,pathogenic,FREM1,70.0
A4FU01,L70T,0.9209,pathogenic,FREM1,70.0
A4FU01,L70V,0.1389,benign,FREM1,70.0
A4FU01,L70W,0.788,pathogenic,FREM1,70.0
A4FU01,L70Y,0.9082,pathogenic,FREM1,70.0
A4FU01,I71A,0.4528,ambiguous,FREM1,71.0
A4FU01,I71C,0.5685,pathogenic,FREM1,71.0
A4FU01,I71D,0.8763,pathogenic,FREM1,71.0
A4FU01,I71E,0.7568,pathogenic,FREM1,71.0
A4FU01,I71F,0.1168,benign,FREM1,71.0
A4FU01,I71G,0.7268,pathogenic,FREM1,71.0
A4FU01,I71H,0.4719,ambiguous,FREM1,71.0
A4FU01,I71K,0.4944,ambiguous,FREM1,71.0
A4FU01,I71L,0.1033,benign,FREM1,71.0
A4FU01,I71M,0.1301,benign,FREM1,71.0
A4FU01,I71N,0.4574,ambiguous,FREM1,71.0
A4FU01,I71P,0.9196,pathogenic,FREM1,71.0
A4FU01,I71Q,0.5119,ambiguous,FREM1,71.0
A4FU01,I71R,0.3338,benign,FREM1,71.0
A4FU01,I71S,0.4119,ambiguous,FREM1,71.0
A4FU01,I71T,0.3822,ambiguous,FREM1,71.0
A4FU01,I71V,0.0986,benign,FREM1,71.0
A4FU01,I71W,0.5921,pathogenic,FREM1,71.0
A4FU01,I71Y,0.3307,benign,FREM1,71.0
A4FU01,C72A,0.7971,pathogenic,FREM1,72.0
A4FU01,C72D,0.9968,pathogenic,FREM1,72.0
A4FU01,C72E,0.9979,pathogenic,FREM1,72.0
A4FU01,C72F,0.8329,pathogenic,FREM1,72.0
A4FU01,C72G,0.7152,pathogenic,FREM1,72.0
A4FU01,C72H,0.9874,pathogenic,FREM1,72.0
A4FU01,C72I,0.7457,pathogenic,FREM1,72.0
A4FU01,C72K,0.9977,pathogenic,FREM1,72.0
A4FU01,C72L,0.7523,pathogenic,FREM1,72.0
A4FU01,C72M,0.9451,pathogenic,FREM1,72.0
A4FU01,C72N,0.9888,pathogenic,FREM1,72.0
A4FU01,C72P,0.9869,pathogenic,FREM1,72.0
A4FU01,C72Q,0.9912,pathogenic,FREM1,72.0
A4FU01,C72R,0.9677,pathogenic,FREM1,72.0
A4FU01,C72S,0.8477,pathogenic,FREM1,72.0
A4FU01,C72T,0.889,pathogenic,FREM1,72.0
A4FU01,C72V,0.6308,pathogenic,FREM1,72.0
A4FU01,C72W,0.9744,pathogenic,FREM1,72.0
A4FU01,C72Y,0.9478,pathogenic,FREM1,72.0
A4FU01,T73A,0.5532,ambiguous,FREM1,73.0
A4FU01,T73C,0.7747,pathogenic,FREM1,73.0
A4FU01,T73D,0.8943,pathogenic,FREM1,73.0
A4FU01,T73E,0.9219,pathogenic,FREM1,73.0
A4FU01,T73F,0.9426,pathogenic,FREM1,73.0
A4FU01,T73G,0.5753,pathogenic,FREM1,73.0
A4FU01,T73H,0.7687,pathogenic,FREM1,73.0
A4FU01,T73I,0.968,pathogenic,FREM1,73.0
A4FU01,T73K,0.8183,pathogenic,FREM1,73.0
A4FU01,T73L,0.749,pathogenic,FREM1,73.0
A4FU01,T73M,0.5892,pathogenic,FREM1,73.0
A4FU01,T73N,0.6004,pathogenic,FREM1,73.0
A4FU01,T73P,0.6986,pathogenic,FREM1,73.0
A4FU01,T73Q,0.8147,pathogenic,FREM1,73.0
A4FU01,T73R,0.7071,pathogenic,FREM1,73.0
A4FU01,T73S,0.2161,benign,FREM1,73.0
A4FU01,T73V,0.8994,pathogenic,FREM1,73.0
A4FU01,T73W,0.9403,pathogenic,FREM1,73.0
A4FU01,T73Y,0.9098,pathogenic,FREM1,73.0
A4FU01,N74A,0.4048,ambiguous,FREM1,74.0
A4FU01,N74C,0.5886,pathogenic,FREM1,74.0
A4FU01,N74D,0.1527,benign,FREM1,74.0
A4FU01,N74E,0.616,pathogenic,FREM1,74.0
A4FU01,N74F,0.9034,pathogenic,FREM1,74.0
A4FU01,N74G,0.4676,ambiguous,FREM1,74.0
A4FU01,N74H,0.3193,benign,FREM1,74.0
A4FU01,N74I,0.6264,pathogenic,FREM1,74.0
A4FU01,N74K,0.6562,pathogenic,FREM1,74.0
A4FU01,N74L,0.625,pathogenic,FREM1,74.0
A4FU01,N74M,0.737,pathogenic,FREM1,74.0
A4FU01,N74P,0.6012,pathogenic,FREM1,74.0
A4FU01,N74Q,0.6501,pathogenic,FREM1,74.0
A4FU01,N74R,0.5538,ambiguous,FREM1,74.0
A4FU01,N74S,0.0989,benign,FREM1,74.0
A4FU01,N74T,0.2314,benign,FREM1,74.0
A4FU01,N74V,0.56,ambiguous,FREM1,74.0
A4FU01,N74W,0.9168,pathogenic,FREM1,74.0
A4FU01,N74Y,0.5221,ambiguous,FREM1,74.0
A4FU01,F75A,0.3095,benign,FREM1,75.0
A4FU01,F75C,0.1575,benign,FREM1,75.0
A4FU01,F75D,0.582,pathogenic,FREM1,75.0
A4FU01,F75E,0.5297,ambiguous,FREM1,75.0
A4FU01,F75G,0.4987,ambiguous,FREM1,75.0
A4FU01,F75H,0.2428,benign,FREM1,75.0
A4FU01,F75I,0.1111,benign,FREM1,75.0
A4FU01,F75K,0.4322,ambiguous,FREM1,75.0
A4FU01,F75L,0.2556,benign,FREM1,75.0
A4FU01,F75M,0.2372,benign,FREM1,75.0
A4FU01,F75N,0.4053,ambiguous,FREM1,75.0
A4FU01,F75P,0.9456,pathogenic,FREM1,75.0
A4FU01,F75Q,0.2963,benign,FREM1,75.0
A4FU01,F75R,0.2267,benign,FREM1,75.0
A4FU01,F75S,0.2573,benign,FREM1,75.0
A4FU01,F75T,0.3096,benign,FREM1,75.0
A4FU01,F75V,0.1063,benign,FREM1,75.0
A4FU01,F75W,0.186,benign,FREM1,75.0
A4FU01,F75Y,0.1091,benign,FREM1,75.0
A4FU01,R76A,0.9192,pathogenic,FREM1,76.0
A4FU01,R76C,0.423,ambiguous,FREM1,76.0
A4FU01,R76D,0.9851,pathogenic,FREM1,76.0
A4FU01,R76E,0.8843,pathogenic,FREM1,76.0
A4FU01,R76F,0.9407,pathogenic,FREM1,76.0
A4FU01,R76G,0.8221,pathogenic,FREM1,76.0
A4FU01,R76H,0.3284,benign,FREM1,76.0
A4FU01,R76I,0.8695,pathogenic,FREM1,76.0
A4FU01,R76K,0.3943,ambiguous,FREM1,76.0
A4FU01,R76L,0.7181,pathogenic,FREM1,76.0
A4FU01,R76M,0.8872,pathogenic,FREM1,76.0
A4FU01,R76N,0.9731,pathogenic,FREM1,76.0
A4FU01,R76P,0.9608,pathogenic,FREM1,76.0
A4FU01,R76Q,0.297,benign,FREM1,76.0
A4FU01,R76S,0.9305,pathogenic,FREM1,76.0
A4FU01,R76T,0.8794,pathogenic,FREM1,76.0
A4FU01,R76V,0.889,pathogenic,FREM1,76.0
A4FU01,R76W,0.4367,ambiguous,FREM1,76.0
A4FU01,R76Y,0.8584,pathogenic,FREM1,76.0
A4FU01,V77A,0.5945,pathogenic,FREM1,77.0
A4FU01,V77C,0.8873,pathogenic,FREM1,77.0
A4FU01,V77D,0.9658,pathogenic,FREM1,77.0
A4FU01,V77E,0.9181,pathogenic,FREM1,77.0
A4FU01,V77F,0.5102,ambiguous,FREM1,77.0
A4FU01,V77G,0.6595,pathogenic,FREM1,77.0
A4FU01,V77H,0.9788,pathogenic,FREM1,77.0
A4FU01,V77I,0.0952,benign,FREM1,77.0
A4FU01,V77K,0.9485,pathogenic,FREM1,77.0
A4FU01,V77L,0.2714,benign,FREM1,77.0
A4FU01,V77M,0.3265,benign,FREM1,77.0
A4FU01,V77N,0.9336,pathogenic,FREM1,77.0
A4FU01,V77P,0.9663,pathogenic,FREM1,77.0
A4FU01,V77Q,0.9301,pathogenic,FREM1,77.0
A4FU01,V77R,0.9257,pathogenic,FREM1,77.0
A4FU01,V77S,0.8641,pathogenic,FREM1,77.0
A4FU01,V77T,0.7073,pathogenic,FREM1,77.0
A4FU01,V77W,0.9666,pathogenic,FREM1,77.0
A4FU01,V77Y,0.9153,pathogenic,FREM1,77.0
A4FU01,T78A,0.0849,benign,FREM1,78.0
A4FU01,T78C,0.3032,benign,FREM1,78.0
A4FU01,T78D,0.4792,ambiguous,FREM1,78.0
A4FU01,T78E,0.4307,ambiguous,FREM1,78.0
A4FU01,T78F,0.2243,benign,FREM1,78.0
A4FU01,T78G,0.2624,benign,FREM1,78.0
A4FU01,T78H,0.25,benign,FREM1,78.0
A4FU01,T78I,0.1028,benign,FREM1,78.0
A4FU01,T78K,0.247,benign,FREM1,78.0
A4FU01,T78L,0.0849,benign,FREM1,78.0
A4FU01,T78M,0.0844,benign,FREM1,78.0
A4FU01,T78N,0.1475,benign,FREM1,78.0
A4FU01,T78P,0.5,ambiguous,FREM1,78.0
A4FU01,T78Q,0.271,benign,FREM1,78.0
A4FU01,T78R,0.1663,benign,FREM1,78.0
A4FU01,T78S,0.1163,benign,FREM1,78.0
A4FU01,T78V,0.1221,benign,FREM1,78.0
A4FU01,T78W,0.5226,ambiguous,FREM1,78.0
A4FU01,T78Y,0.2988,benign,FREM1,78.0
A4FU01,F79A,0.9767,pathogenic,FREM1,79.0
A4FU01,F79C,0.9167,pathogenic,FREM1,79.0
A4FU01,F79D,0.9963,pathogenic,FREM1,79.0
A4FU01,F79E,0.9958,pathogenic,FREM1,79.0
A4FU01,F79G,0.9868,pathogenic,FREM1,79.0
A4FU01,F79H,0.9627,pathogenic,FREM1,79.0
A4FU01,F79I,0.7471,pathogenic,FREM1,79.0
A4FU01,F79K,0.9948,pathogenic,FREM1,79.0
A4FU01,F79L,0.9723,pathogenic,FREM1,79.0
A4FU01,F79M,0.9333,pathogenic,FREM1,79.0
A4FU01,F79N,0.9904,pathogenic,FREM1,79.0
A4FU01,F79P,0.9966,pathogenic,FREM1,79.0
A4FU01,F79Q,0.9915,pathogenic,FREM1,79.0
A4FU01,F79R,0.9806,pathogenic,FREM1,79.0
A4FU01,F79S,0.9666,pathogenic,FREM1,79.0
A4FU01,F79T,0.9806,pathogenic,FREM1,79.0
A4FU01,F79V,0.7564,pathogenic,FREM1,79.0
A4FU01,F79W,0.7354,pathogenic,FREM1,79.0
A4FU01,F79Y,0.5191,ambiguous,FREM1,79.0
A4FU01,Q80A,0.3066,benign,FREM1,80.0
A4FU01,Q80C,0.4085,ambiguous,FREM1,80.0
A4FU01,Q80D,0.5862,pathogenic,FREM1,80.0
A4FU01,Q80E,0.1169,benign,FREM1,80.0
A4FU01,Q80F,0.5,ambiguous,FREM1,80.0
A4FU01,Q80G,0.4199,ambiguous,FREM1,80.0
A4FU01,Q80H,0.1917,benign,FREM1,80.0
A4FU01,Q80I,0.2855,benign,FREM1,80.0
A4FU01,Q80K,0.1177,benign,FREM1,80.0
A4FU01,Q80L,0.107,benign,FREM1,80.0
A4FU01,Q80M,0.3513,ambiguous,FREM1,80.0
A4FU01,Q80N,0.4592,ambiguous,FREM1,80.0
A4FU01,Q80P,0.545,ambiguous,FREM1,80.0
A4FU01,Q80R,0.0858,benign,FREM1,80.0
A4FU01,Q80S,0.3418,ambiguous,FREM1,80.0
A4FU01,Q80T,0.2747,benign,FREM1,80.0
A4FU01,Q80V,0.2133,benign,FREM1,80.0
A4FU01,Q80W,0.3124,benign,FREM1,80.0
A4FU01,Q80Y,0.323,benign,FREM1,80.0
A4FU01,P81A,0.1703,benign,FREM1,81.0
A4FU01,P81C,0.6902,pathogenic,FREM1,81.0
A4FU01,P81D,0.6979,pathogenic,FREM1,81.0
A4FU01,P81E,0.5547,ambiguous,FREM1,81.0
A4FU01,P81F,0.7926,pathogenic,FREM1,81.0
A4FU01,P81G,0.5064,ambiguous,FREM1,81.0
A4FU01,P81H,0.4455,ambiguous,FREM1,81.0
A4FU01,P81I,0.6282,pathogenic,FREM1,81.0
A4FU01,P81K,0.6005,pathogenic,FREM1,81.0
A4FU01,P81L,0.2657,benign,FREM1,81.0
A4FU01,P81M,0.6592,pathogenic,FREM1,81.0
A4FU01,P81N,0.6287,pathogenic,FREM1,81.0
A4FU01,P81Q,0.4149,ambiguous,FREM1,81.0
A4FU01,P81R,0.3534,ambiguous,FREM1,81.0
A4FU01,P81S,0.2891,benign,FREM1,81.0
A4FU01,P81T,0.2605,benign,FREM1,81.0
A4FU01,P81V,0.4387,ambiguous,FREM1,81.0
A4FU01,P81W,0.8414,pathogenic,FREM1,81.0
A4FU01,P81Y,0.7088,pathogenic,FREM1,81.0
A4FU01,C82A,0.1028,benign,FREM1,82.0
A4FU01,C82D,0.1058,benign,FREM1,82.0
A4FU01,C82E,0.1415,benign,FREM1,82.0
A4FU01,C82F,0.0939,benign,FREM1,82.0
A4FU01,C82G,0.061,benign,FREM1,82.0
A4FU01,C82H,0.0849,benign,FREM1,82.0
A4FU01,C82I,0.1748,benign,FREM1,82.0
A4FU01,C82K,0.1381,benign,FREM1,82.0
A4FU01,C82L,0.1343,benign,FREM1,82.0
A4FU01,C82M,0.256,benign,FREM1,82.0
A4FU01,C82N,0.1121,benign,FREM1,82.0
A4FU01,C82P,0.1664,benign,FREM1,82.0
A4FU01,C82Q,0.0957,benign,FREM1,82.0
A4FU01,C82R,0.0592,benign,FREM1,82.0
A4FU01,C82S,0.0819,benign,FREM1,82.0
A4FU01,C82T,0.137,benign,FREM1,82.0
A4FU01,C82V,0.1569,benign,FREM1,82.0
A4FU01,C82W,0.1098,benign,FREM1,82.0
A4FU01,C82Y,0.0778,benign,FREM1,82.0
A4FU01,G83A,0.1289,benign,FREM1,83.0
A4FU01,G83C,0.1471,benign,FREM1,83.0
A4FU01,G83D,0.1099,benign,FREM1,83.0
A4FU01,G83E,0.1378,benign,FREM1,83.0
A4FU01,G83F,0.3945,ambiguous,FREM1,83.0
A4FU01,G83H,0.1961,benign,FREM1,83.0
A4FU01,G83I,0.2223,benign,FREM1,83.0
A4FU01,G83K,0.2594,benign,FREM1,83.0
A4FU01,G83L,0.2888,benign,FREM1,83.0
A4FU01,G83M,0.4001,ambiguous,FREM1,83.0
A4FU01,G83N,0.1864,benign,FREM1,83.0
A4FU01,G83P,0.4185,ambiguous,FREM1,83.0
A4FU01,G83Q,0.1881,benign,FREM1,83.0
A4FU01,G83R,0.1494,benign,FREM1,83.0
A4FU01,G83S,0.0929,benign,FREM1,83.0
A4FU01,G83T,0.16,benign,FREM1,83.0
A4FU01,G83V,0.1758,benign,FREM1,83.0
A4FU01,G83W,0.2382,benign,FREM1,83.0
A4FU01,G83Y,0.2523,benign,FREM1,83.0
A4FU01,W84A,0.2849,benign,FREM1,84.0
A4FU01,W84C,0.4018,ambiguous,FREM1,84.0
A4FU01,W84D,0.3964,ambiguous,FREM1,84.0
A4FU01,W84E,0.3492,ambiguous,FREM1,84.0
A4FU01,W84F,0.2002,benign,FREM1,84.0
A4FU01,W84G,0.1224,benign,FREM1,84.0
A4FU01,W84H,0.3732,ambiguous,FREM1,84.0
A4FU01,W84I,0.3471,ambiguous,FREM1,84.0
A4FU01,W84K,0.4066,ambiguous,FREM1,84.0
A4FU01,W84L,0.209,benign,FREM1,84.0
A4FU01,W84M,0.3682,ambiguous,FREM1,84.0
A4FU01,W84N,0.4279,ambiguous,FREM1,84.0
A4FU01,W84P,0.4908,ambiguous,FREM1,84.0
A4FU01,W84Q,0.3317,benign,FREM1,84.0
A4FU01,W84R,0.3347,benign,FREM1,84.0
A4FU01,W84S,0.1763,benign,FREM1,84.0
A4FU01,W84T,0.2559,benign,FREM1,84.0
A4FU01,W84V,0.2916,benign,FREM1,84.0
A4FU01,W84Y,0.311,benign,FREM1,84.0
A4FU01,Q85A,0.1526,benign,FREM1,85.0
A4FU01,Q85C,0.3398,benign,FREM1,85.0
A4FU01,Q85D,0.1823,benign,FREM1,85.0
A4FU01,Q85E,0.0732,benign,FREM1,85.0
A4FU01,Q85F,0.4212,ambiguous,FREM1,85.0
A4FU01,Q85G,0.1473,benign,FREM1,85.0
A4FU01,Q85H,0.128,benign,FREM1,85.0
A4FU01,Q85I,0.2377,benign,FREM1,85.0
A4FU01,Q85K,0.0811,benign,FREM1,85.0
A4FU01,Q85L,0.0962,benign,FREM1,85.0
A4FU01,Q85M,0.2623,benign,FREM1,85.0
A4FU01,Q85N,0.1637,benign,FREM1,85.0
A4FU01,Q85P,0.092,benign,FREM1,85.0
A4FU01,Q85R,0.0793,benign,FREM1,85.0
A4FU01,Q85S,0.1531,benign,FREM1,85.0
A4FU01,Q85T,0.1496,benign,FREM1,85.0
A4FU01,Q85V,0.1737,benign,FREM1,85.0
A4FU01,Q85W,0.2621,benign,FREM1,85.0
A4FU01,Q85Y,0.2685,benign,FREM1,85.0
A4FU01,W86A,0.0947,benign,FREM1,86.0
A4FU01,W86C,0.1432,benign,FREM1,86.0
A4FU01,W86D,0.118,benign,FREM1,86.0
A4FU01,W86E,0.0929,benign,FREM1,86.0
A4FU01,W86F,0.1529,benign,FREM1,86.0
A4FU01,W86G,0.0471,benign,FREM1,86.0
A4FU01,W86H,0.104,benign,FREM1,86.0
A4FU01,W86I,0.1444,benign,FREM1,86.0
A4FU01,W86K,0.0922,benign,FREM1,86.0
A4FU01,W86L,0.0974,benign,FREM1,86.0
A4FU01,W86M,0.1514,benign,FREM1,86.0
A4FU01,W86N,0.1287,benign,FREM1,86.0
A4FU01,W86P,0.1302,benign,FREM1,86.0
A4FU01,W86Q,0.0805,benign,FREM1,86.0
A4FU01,W86R,0.068,benign,FREM1,86.0
A4FU01,W86S,0.0836,benign,FREM1,86.0
A4FU01,W86T,0.0913,benign,FREM1,86.0
A4FU01,W86V,0.1157,benign,FREM1,86.0
A4FU01,W86Y,0.1542,benign,FREM1,86.0
A4FU01,N87A,0.1104,benign,FREM1,87.0
A4FU01,N87C,0.1135,benign,FREM1,87.0
A4FU01,N87D,0.0824,benign,FREM1,87.0
A4FU01,N87E,0.1258,benign,FREM1,87.0
A4FU01,N87F,0.2423,benign,FREM1,87.0
A4FU01,N87G,0.1297,benign,FREM1,87.0
A4FU01,N87H,0.0706,benign,FREM1,87.0
A4FU01,N87I,0.0966,benign,FREM1,87.0
A4FU01,N87K,0.094,benign,FREM1,87.0
A4FU01,N87L,0.1163,benign,FREM1,87.0
A4FU01,N87M,0.1549,benign,FREM1,87.0
A4FU01,N87P,0.1683,benign,FREM1,87.0
A4FU01,N87Q,0.1164,benign,FREM1,87.0
A4FU01,N87R,0.1048,benign,FREM1,87.0
A4FU01,N87S,0.0681,benign,FREM1,87.0
A4FU01,N87T,0.0828,benign,FREM1,87.0
A4FU01,N87V,0.111,benign,FREM1,87.0
A4FU01,N87W,0.314,benign,FREM1,87.0
A4FU01,N87Y,0.0891,benign,FREM1,87.0
A4FU01,Q88A,0.1249,benign,FREM1,88.0
A4FU01,Q88C,0.3269,benign,FREM1,88.0
A4FU01,Q88D,0.1527,benign,FREM1,88.0
A4FU01,Q88E,0.0628,benign,FREM1,88.0
A4FU01,Q88F,0.4471,ambiguous,FREM1,88.0
A4FU01,Q88G,0.1166,benign,FREM1,88.0
A4FU01,Q88H,0.1256,benign,FREM1,88.0
A4FU01,Q88I,0.2461,benign,FREM1,88.0
A4FU01,Q88K,0.0758,benign,FREM1,88.0
A4FU01,Q88L,0.1115,benign,FREM1,88.0
A4FU01,Q88M,0.2482,benign,FREM1,88.0
A4FU01,Q88N,0.1763,benign,FREM1,88.0
A4FU01,Q88P,0.0846,benign,FREM1,88.0
A4FU01,Q88R,0.0722,benign,FREM1,88.0
A4FU01,Q88S,0.1383,benign,FREM1,88.0
A4FU01,Q88T,0.1246,benign,FREM1,88.0
A4FU01,Q88V,0.1669,benign,FREM1,88.0
A4FU01,Q88W,0.2383,benign,FREM1,88.0
A4FU01,Q88Y,0.2726,benign,FREM1,88.0
A4FU01,D89A,0.1046,benign,FREM1,89.0
A4FU01,D89C,0.3059,benign,FREM1,89.0
A4FU01,D89E,0.0959,benign,FREM1,89.0
A4FU01,D89F,0.321,benign,FREM1,89.0
A4FU01,D89G,0.0836,benign,FREM1,89.0
A4FU01,D89H,0.1468,benign,FREM1,89.0
A4FU01,D89I,0.1962,benign,FREM1,89.0
A4FU01,D89K,0.166,benign,FREM1,89.0
A4FU01,D89L,0.2096,benign,FREM1,89.0
A4FU01,D89M,0.3582,ambiguous,FREM1,89.0
A4FU01,D89N,0.0826,benign,FREM1,89.0
A4FU01,D89P,0.3041,benign,FREM1,89.0
A4FU01,D89Q,0.1594,benign,FREM1,89.0
A4FU01,D89R,0.1717,benign,FREM1,89.0
A4FU01,D89S,0.1043,benign,FREM1,89.0
A4FU01,D89T,0.1486,benign,FREM1,89.0
A4FU01,D89V,0.1201,benign,FREM1,89.0
A4FU01,D89W,0.5624,ambiguous,FREM1,89.0
A4FU01,D89Y,0.122,benign,FREM1,89.0
A4FU01,T90A,0.0722,benign,FREM1,90.0
A4FU01,T90C,0.2414,benign,FREM1,90.0
A4FU01,T90D,0.2233,benign,FREM1,90.0
A4FU01,T90E,0.2069,benign,FREM1,90.0
A4FU01,T90F,0.1494,benign,FREM1,90.0
A4FU01,T90G,0.175,benign,FREM1,90.0
A4FU01,T90H,0.1486,benign,FREM1,90.0
A4FU01,T90I,0.1054,benign,FREM1,90.0
A4FU01,T90K,0.1366,benign,FREM1,90.0
A4FU01,T90L,0.0857,benign,FREM1,90.0
A4FU01,T90M,0.0851,benign,FREM1,90.0
A4FU01,T90N,0.0917,benign,FREM1,90.0
A4FU01,T90P,0.103,benign,FREM1,90.0
A4FU01,T90Q,0.1638,benign,FREM1,90.0
A4FU01,T90R,0.1088,benign,FREM1,90.0
A4FU01,T90S,0.0905,benign,FREM1,90.0
A4FU01,T90V,0.1055,benign,FREM1,90.0
A4FU01,T90W,0.3533,ambiguous,FREM1,90.0
A4FU01,T90Y,0.1733,benign,FREM1,90.0
A4FU01,P91A,0.0738,benign,FREM1,91.0
A4FU01,P91C,0.2186,benign,FREM1,91.0
A4FU01,P91D,0.2906,benign,FREM1,91.0
A4FU01,P91E,0.2106,benign,FREM1,91.0
A4FU01,P91F,0.1819,benign,FREM1,91.0
A4FU01,P91G,0.2133,benign,FREM1,91.0
A4FU01,P91H,0.1091,benign,FREM1,91.0
A4FU01,P91I,0.1249,benign,FREM1,91.0
A4FU01,P91K,0.1985,benign,FREM1,91.0
A4FU01,P91L,0.073,benign,FREM1,91.0
A4FU01,P91M,0.1835,benign,FREM1,91.0
A4FU01,P91N,0.2117,benign,FREM1,91.0
A4FU01,P91Q,0.123,benign,FREM1,91.0
A4FU01,P91R,0.1076,benign,FREM1,91.0
A4FU01,P91S,0.0999,benign,FREM1,91.0
A4FU01,P91T,0.0853,benign,FREM1,91.0
A4FU01,P91V,0.1049,benign,FREM1,91.0
A4FU01,P91W,0.2734,benign,FREM1,91.0
A4FU01,P91Y,0.1851,benign,FREM1,91.0
A4FU01,L92A,0.2851,benign,FREM1,92.0
A4FU01,L92C,0.4221,ambiguous,FREM1,92.0
A4FU01,L92D,0.7066,pathogenic,FREM1,92.0
A4FU01,L92E,0.3866,ambiguous,FREM1,92.0
A4FU01,L92F,0.1161,benign,FREM1,92.0
A4FU01,L92G,0.4659,ambiguous,FREM1,92.0
A4FU01,L92H,0.288,benign,FREM1,92.0
A4FU01,L92I,0.1079,benign,FREM1,92.0
A4FU01,L92K,0.3351,benign,FREM1,92.0
A4FU01,L92M,0.1323,benign,FREM1,92.0
A4FU01,L92N,0.5211,ambiguous,FREM1,92.0
A4FU01,L92P,0.2895,benign,FREM1,92.0
A4FU01,L92Q,0.1857,benign,FREM1,92.0
A4FU01,L92R,0.2062,benign,FREM1,92.0
A4FU01,L92S,0.3378,benign,FREM1,92.0
A4FU01,L92T,0.3189,benign,FREM1,92.0
A4FU01,L92V,0.102,benign,FREM1,92.0
A4FU01,L92W,0.1616,benign,FREM1,92.0
A4FU01,L92Y,0.3446,ambiguous,FREM1,92.0
A4FU01,N93A,0.1343,benign,FREM1,93.0
A4FU01,N93C,0.1053,benign,FREM1,93.0
A4FU01,N93D,0.1009,benign,FREM1,93.0
A4FU01,N93E,0.2838,benign,FREM1,93.0
A4FU01,N93F,0.3329,benign,FREM1,93.0
A4FU01,N93G,0.1493,benign,FREM1,93.0
A4FU01,N93H,0.0858,benign,FREM1,93.0
A4FU01,N93I,0.1314,benign,FREM1,93.0
A4FU01,N93K,0.2481,benign,FREM1,93.0
A4FU01,N93L,0.1452,benign,FREM1,93.0
A4FU01,N93M,0.2337,benign,FREM1,93.0
A4FU01,N93P,0.2715,benign,FREM1,93.0
A4FU01,N93Q,0.2364,benign,FREM1,93.0
A4FU01,N93R,0.2327,benign,FREM1,93.0
A4FU01,N93S,0.0567,benign,FREM1,93.0
A4FU01,N93T,0.0888,benign,FREM1,93.0
A4FU01,N93V,0.1561,benign,FREM1,93.0
A4FU01,N93W,0.4455,ambiguous,FREM1,93.0
A4FU01,N93Y,0.106,benign,FREM1,93.0
A4FU01,S94A,0.1062,benign,FREM1,94.0
A4FU01,S94C,0.1373,benign,FREM1,94.0
A4FU01,S94D,0.4365,ambiguous,FREM1,94.0
A4FU01,S94E,0.5717,pathogenic,FREM1,94.0
A4FU01,S94F,0.3703,ambiguous,FREM1,94.0
A4FU01,S94G,0.0969,benign,FREM1,94.0
A4FU01,S94H,0.4547,ambiguous,FREM1,94.0
A4FU01,S94I,0.3436,ambiguous,FREM1,94.0
A4FU01,S94K,0.7482,pathogenic,FREM1,94.0
A4FU01,S94L,0.1558,benign,FREM1,94.0
A4FU01,S94M,0.3086,benign,FREM1,94.0
A4FU01,S94N,0.2249,benign,FREM1,94.0
A4FU01,S94P,0.1659,benign,FREM1,94.0
A4FU01,S94Q,0.6081,pathogenic,FREM1,94.0
A4FU01,S94R,0.6158,pathogenic,FREM1,94.0
A4FU01,S94T,0.0976,benign,FREM1,94.0
A4FU01,S94V,0.2962,benign,FREM1,94.0
A4FU01,S94W,0.3517,ambiguous,FREM1,94.0
A4FU01,S94Y,0.2968,benign,FREM1,94.0
A4FU01,E95A,0.1245,benign,FREM1,95.0
A4FU01,E95C,0.636,pathogenic,FREM1,95.0
A4FU01,E95D,0.0908,benign,FREM1,95.0
A4FU01,E95F,0.6258,pathogenic,FREM1,95.0
A4FU01,E95G,0.1505,benign,FREM1,95.0
A4FU01,E95H,0.3178,benign,FREM1,95.0
A4FU01,E95I,0.3383,benign,FREM1,95.0
A4FU01,E95K,0.1538,benign,FREM1,95.0
A4FU01,E95L,0.3457,ambiguous,FREM1,95.0
A4FU01,E95M,0.4178,ambiguous,FREM1,95.0
A4FU01,E95N,0.1781,benign,FREM1,95.0
A4FU01,E95P,0.3163,benign,FREM1,95.0
A4FU01,E95Q,0.1378,benign,FREM1,95.0
A4FU01,E95R,0.193,benign,FREM1,95.0
A4FU01,E95S,0.1616,benign,FREM1,95.0
A4FU01,E95T,0.1997,benign,FREM1,95.0
A4FU01,E95V,0.2109,benign,FREM1,95.0
A4FU01,E95W,0.7446,pathogenic,FREM1,95.0
A4FU01,E95Y,0.449,ambiguous,FREM1,95.0
A4FU01,Y96A,0.6583,pathogenic,FREM1,96.0
A4FU01,Y96C,0.3253,benign,FREM1,96.0
A4FU01,Y96D,0.2771,benign,FREM1,96.0
A4FU01,Y96E,0.733,pathogenic,FREM1,96.0
A4FU01,Y96F,0.1979,benign,FREM1,96.0
A4FU01,Y96G,0.4901,ambiguous,FREM1,96.0
A4FU01,Y96H,0.3255,benign,FREM1,96.0
A4FU01,Y96I,0.8019,pathogenic,FREM1,96.0
A4FU01,Y96K,0.8154,pathogenic,FREM1,96.0
A4FU01,Y96L,0.6904,pathogenic,FREM1,96.0
A4FU01,Y96M,0.7392,pathogenic,FREM1,96.0
A4FU01,Y96N,0.1818,benign,FREM1,96.0
A4FU01,Y96P,0.9293,pathogenic,FREM1,96.0
A4FU01,Y96Q,0.7278,pathogenic,FREM1,96.0
A4FU01,Y96R,0.7043,pathogenic,FREM1,96.0
A4FU01,Y96S,0.3795,ambiguous,FREM1,96.0
A4FU01,Y96T,0.6161,pathogenic,FREM1,96.0
A4FU01,Y96V,0.6813,pathogenic,FREM1,96.0
A4FU01,Y96W,0.4317,ambiguous,FREM1,96.0
A4FU01,D97A,0.4268,ambiguous,FREM1,97.0
A4FU01,D97C,0.7628,pathogenic,FREM1,97.0
A4FU01,D97E,0.4793,ambiguous,FREM1,97.0
A4FU01,D97F,0.9039,pathogenic,FREM1,97.0
A4FU01,D97G,0.4719,ambiguous,FREM1,97.0
A4FU01,D97H,0.5629,ambiguous,FREM1,97.0
A4FU01,D97I,0.724,pathogenic,FREM1,97.0
A4FU01,D97K,0.8725,pathogenic,FREM1,97.0
A4FU01,D97L,0.7785,pathogenic,FREM1,97.0
A4FU01,D97M,0.9174,pathogenic,FREM1,97.0
A4FU01,D97N,0.2052,benign,FREM1,97.0
A4FU01,D97P,0.9458,pathogenic,FREM1,97.0
A4FU01,D97Q,0.7428,pathogenic,FREM1,97.0
A4FU01,D97R,0.7898,pathogenic,FREM1,97.0
A4FU01,D97S,0.2459,benign,FREM1,97.0
A4FU01,D97T,0.5365,ambiguous,FREM1,97.0
A4FU01,D97V,0.5404,ambiguous,FREM1,97.0
A4FU01,D97W,0.9666,pathogenic,FREM1,97.0
A4FU01,D97Y,0.5232,ambiguous,FREM1,97.0
A4FU01,F98A,0.8841,pathogenic,FREM1,98.0
A4FU01,F98C,0.6649,pathogenic,FREM1,98.0
A4FU01,F98D,0.9759,pathogenic,FREM1,98.0
A4FU01,F98E,0.9807,pathogenic,FREM1,98.0
A4FU01,F98G,0.9642,pathogenic,FREM1,98.0
A4FU01,F98H,0.9101,pathogenic,FREM1,98.0
A4FU01,F98I,0.3373,benign,FREM1,98.0
A4FU01,F98K,0.9855,pathogenic,FREM1,98.0
A4FU01,F98L,0.8901,pathogenic,FREM1,98.0
A4FU01,F98M,0.7064,pathogenic,FREM1,98.0
A4FU01,F98N,0.9595,pathogenic,FREM1,98.0
A4FU01,F98P,0.9952,pathogenic,FREM1,98.0
A4FU01,F98Q,0.9729,pathogenic,FREM1,98.0
A4FU01,F98R,0.9628,pathogenic,FREM1,98.0
A4FU01,F98S,0.8736,pathogenic,FREM1,98.0
A4FU01,F98T,0.8431,pathogenic,FREM1,98.0
A4FU01,F98V,0.3336,benign,FREM1,98.0
A4FU01,F98W,0.7009,pathogenic,FREM1,98.0
A4FU01,F98Y,0.3974,ambiguous,FREM1,98.0
A4FU01,A99C,0.2668,benign,FREM1,99.0
A4FU01,A99D,0.3741,ambiguous,FREM1,99.0
A4FU01,A99E,0.3913,ambiguous,FREM1,99.0
A4FU01,A99F,0.3404,ambiguous,FREM1,99.0
A4FU01,A99G,0.1527,benign,FREM1,99.0
A4FU01,A99H,0.4437,ambiguous,FREM1,99.0
A4FU01,A99I,0.2493,benign,FREM1,99.0
A4FU01,A99K,0.6005,pathogenic,FREM1,99.0
A4FU01,A99L,0.1748,benign,FREM1,99.0
A4FU01,A99M,0.2325,benign,FREM1,99.0
A4FU01,A99N,0.2702,benign,FREM1,99.0
A4FU01,A99P,0.1404,benign,FREM1,99.0
A4FU01,A99Q,0.4053,ambiguous,FREM1,99.0
A4FU01,A99R,0.4646,ambiguous,FREM1,99.0
A4FU01,A99S,0.0807,benign,FREM1,99.0
A4FU01,A99T,0.0814,benign,FREM1,99.0
A4FU01,A99V,0.1166,benign,FREM1,99.0
A4FU01,A99W,0.6774,pathogenic,FREM1,99.0
A4FU01,A99Y,0.4808,ambiguous,FREM1,99.0
A4FU01,L100A,0.5915,pathogenic,FREM1,100.0
A4FU01,L100C,0.8365,pathogenic,FREM1,100.0
A4FU01,L100D,0.9793,pathogenic,FREM1,100.0
A4FU01,L100E,0.891,pathogenic,FREM1,100.0
A4FU01,L100F,0.3801,ambiguous,FREM1,100.0
A4FU01,L100G,0.8763,pathogenic,FREM1,100.0
A4FU01,L100H,0.8148,pathogenic,FREM1,100.0
A4FU01,L100I,0.1878,benign,FREM1,100.0
A4FU01,L100K,0.842,pathogenic,FREM1,100.0
A4FU01,L100M,0.2075,benign,FREM1,100.0
A4FU01,L100N,0.9016,pathogenic,FREM1,100.0
A4FU01,L100P,0.6135,pathogenic,FREM1,100.0
A4FU01,L100Q,0.6986,pathogenic,FREM1,100.0
A4FU01,L100R,0.7186,pathogenic,FREM1,100.0
A4FU01,L100S,0.7836,pathogenic,FREM1,100.0
A4FU01,L100T,0.5781,pathogenic,FREM1,100.0
A4FU01,L100V,0.1725,benign,FREM1,100.0
A4FU01,L100W,0.6454,pathogenic,FREM1,100.0
A4FU01,L100Y,0.8483,pathogenic,FREM1,100.0
A4FU01,V101A,0.0815,benign,FREM1,101.0
A4FU01,V101C,0.3263,benign,FREM1,101.0
A4FU01,V101D,0.1459,benign,FREM1,101.0
A4FU01,V101E,0.1392,benign,FREM1,101.0
A4FU01,V101F,0.1103,benign,FREM1,101.0
A4FU01,V101G,0.0817,benign,FREM1,101.0
A4FU01,V101H,0.2431,benign,FREM1,101.0
A4FU01,V101I,0.0751,benign,FREM1,101.0
A4FU01,V101K,0.1804,benign,FREM1,101.0
A4FU01,V101L,0.1027,benign,FREM1,101.0
A4FU01,V101M,0.1068,benign,FREM1,101.0
A4FU01,V101N,0.1228,benign,FREM1,101.0
A4FU01,V101P,0.1378,benign,FREM1,101.0
A4FU01,V101Q,0.1576,benign,FREM1,101.0
A4FU01,V101R,0.1378,benign,FREM1,101.0
A4FU01,V101S,0.0945,benign,FREM1,101.0
A4FU01,V101T,0.1007,benign,FREM1,101.0
A4FU01,V101W,0.3876,ambiguous,FREM1,101.0
A4FU01,V101Y,0.2792,benign,FREM1,101.0
A4FU01,N102A,0.5713,pathogenic,FREM1,102.0
A4FU01,N102C,0.3411,ambiguous,FREM1,102.0
A4FU01,N102D,0.461,ambiguous,FREM1,102.0
A4FU01,N102E,0.8267,pathogenic,FREM1,102.0
A4FU01,N102F,0.9237,pathogenic,FREM1,102.0
A4FU01,N102G,0.5092,ambiguous,FREM1,102.0
A4FU01,N102H,0.2978,benign,FREM1,102.0
A4FU01,N102I,0.7476,pathogenic,FREM1,102.0
A4FU01,N102K,0.8739,pathogenic,FREM1,102.0
A4FU01,N102L,0.6875,pathogenic,FREM1,102.0
A4FU01,N102M,0.7788,pathogenic,FREM1,102.0
A4FU01,N102P,0.8431,pathogenic,FREM1,102.0
A4FU01,N102Q,0.7473,pathogenic,FREM1,102.0
A4FU01,N102R,0.8228,pathogenic,FREM1,102.0
A4FU01,N102S,0.1422,benign,FREM1,102.0
A4FU01,N102T,0.4027,ambiguous,FREM1,102.0
A4FU01,N102V,0.6963,pathogenic,FREM1,102.0
A4FU01,N102W,0.9337,pathogenic,FREM1,102.0
A4FU01,N102Y,0.5828,pathogenic,FREM1,102.0
A4FU01,I103A,0.4286,ambiguous,FREM1,103.0
A4FU01,I103C,0.8797,pathogenic,FREM1,103.0
A4FU01,I103D,0.9741,pathogenic,FREM1,103.0
A4FU01,I103E,0.9455,pathogenic,FREM1,103.0
A4FU01,I103F,0.4321,ambiguous,FREM1,103.0
A4FU01,I103G,0.899,pathogenic,FREM1,103.0
A4FU01,I103H,0.9385,pathogenic,FREM1,103.0
A4FU01,I103K,0.9242,pathogenic,FREM1,103.0
A4FU01,I103L,0.2148,benign,FREM1,103.0
A4FU01,I103M,0.1666,benign,FREM1,103.0
A4FU01,I103N,0.8586,pathogenic,FREM1,103.0
A4FU01,I103P,0.8927,pathogenic,FREM1,103.0
A4FU01,I103Q,0.9211,pathogenic,FREM1,103.0
A4FU01,I103R,0.8706,pathogenic,FREM1,103.0
A4FU01,I103S,0.6624,pathogenic,FREM1,103.0
A4FU01,I103T,0.244,benign,FREM1,103.0
A4FU01,I103V,0.116,benign,FREM1,103.0
A4FU01,I103W,0.9317,pathogenic,FREM1,103.0
A4FU01,I103Y,0.8952,pathogenic,FREM1,103.0
A4FU01,G104A,0.0829,benign,FREM1,104.0
A4FU01,G104C,0.1447,benign,FREM1,104.0
A4FU01,G104D,0.1375,benign,FREM1,104.0
A4FU01,G104E,0.0806,benign,FREM1,104.0
A4FU01,G104F,0.3727,ambiguous,FREM1,104.0
A4FU01,G104H,0.2054,benign,FREM1,104.0
A4FU01,G104I,0.2106,benign,FREM1,104.0
A4FU01,G104K,0.233,benign,FREM1,104.0
A4FU01,G104L,0.2332,benign,FREM1,104.0
A4FU01,G104M,0.3212,benign,FREM1,104.0
A4FU01,G104N,0.227,benign,FREM1,104.0
A4FU01,G104P,0.6744,pathogenic,FREM1,104.0
A4FU01,G104Q,0.1377,benign,FREM1,104.0
A4FU01,G104R,0.1446,benign,FREM1,104.0
A4FU01,G104S,0.0835,benign,FREM1,104.0
A4FU01,G104T,0.1171,benign,FREM1,104.0
A4FU01,G104V,0.1391,benign,FREM1,104.0
A4FU01,G104W,0.1995,benign,FREM1,104.0
A4FU01,G104Y,0.2697,benign,FREM1,104.0
A4FU01,R105A,0.2234,benign,FREM1,105.0
A4FU01,R105C,0.0924,benign,FREM1,105.0
A4FU01,R105D,0.3465,ambiguous,FREM1,105.0
A4FU01,R105E,0.1871,benign,FREM1,105.0
A4FU01,R105F,0.2737,benign,FREM1,105.0
A4FU01,R105G,0.1458,benign,FREM1,105.0
A4FU01,R105H,0.0708,benign,FREM1,105.0
A4FU01,R105I,0.2105,benign,FREM1,105.0
A4FU01,R105K,0.1167,benign,FREM1,105.0
A4FU01,R105L,0.1332,benign,FREM1,105.0
A4FU01,R105M,0.2374,benign,FREM1,105.0
A4FU01,R105N,0.2822,benign,FREM1,105.0
A4FU01,R105P,0.5073,ambiguous,FREM1,105.0
A4FU01,R105Q,0.0706,benign,FREM1,105.0
A4FU01,R105S,0.2161,benign,FREM1,105.0
A4FU01,R105T,0.1673,benign,FREM1,105.0
A4FU01,R105V,0.2274,benign,FREM1,105.0
A4FU01,R105W,0.1002,benign,FREM1,105.0
A4FU01,R105Y,0.1735,benign,FREM1,105.0
A4FU01,L106A,0.5559,ambiguous,FREM1,106.0
A4FU01,L106C,0.7328,pathogenic,FREM1,106.0
A4FU01,L106D,0.9791,pathogenic,FREM1,106.0
A4FU01,L106E,0.8448,pathogenic,FREM1,106.0
A4FU01,L106F,0.2976,benign,FREM1,106.0
A4FU01,L106G,0.8838,pathogenic,FREM1,106.0
A4FU01,L106H,0.8366,pathogenic,FREM1,106.0
A4FU01,L106I,0.0841,benign,FREM1,106.0
A4FU01,L106K,0.8433,pathogenic,FREM1,106.0
A4FU01,L106M,0.1465,benign,FREM1,106.0
A4FU01,L106N,0.94,pathogenic,FREM1,106.0
A4FU01,L106P,0.7745,pathogenic,FREM1,106.0
A4FU01,L106Q,0.6807,pathogenic,FREM1,106.0
A4FU01,L106R,0.7397,pathogenic,FREM1,106.0
A4FU01,L106S,0.8396,pathogenic,FREM1,106.0
A4FU01,L106T,0.5742,pathogenic,FREM1,106.0
A4FU01,L106V,0.0938,benign,FREM1,106.0
A4FU01,L106W,0.5149,ambiguous,FREM1,106.0
A4FU01,L106Y,0.7791,pathogenic,FREM1,106.0
A4FU01,E107A,0.2187,benign,FREM1,107.0
A4FU01,E107C,0.8466,pathogenic,FREM1,107.0
A4FU01,E107D,0.3469,ambiguous,FREM1,107.0
A4FU01,E107F,0.7956,pathogenic,FREM1,107.0
A4FU01,E107G,0.3828,ambiguous,FREM1,107.0
A4FU01,E107H,0.5184,ambiguous,FREM1,107.0
A4FU01,E107I,0.4959,ambiguous,FREM1,107.0
A4FU01,E107K,0.3002,benign,FREM1,107.0
A4FU01,E107L,0.4485,ambiguous,FREM1,107.0
A4FU01,E107M,0.5399,ambiguous,FREM1,107.0
A4FU01,E107N,0.6091,pathogenic,FREM1,107.0
A4FU01,E107P,0.9459,pathogenic,FREM1,107.0
A4FU01,E107Q,0.1559,benign,FREM1,107.0
A4FU01,E107R,0.3643,ambiguous,FREM1,107.0
A4FU01,E107S,0.3768,ambiguous,FREM1,107.0
A4FU01,E107T,0.3879,ambiguous,FREM1,107.0
A4FU01,E107V,0.2508,benign,FREM1,107.0
A4FU01,E107W,0.8835,pathogenic,FREM1,107.0
A4FU01,E107Y,0.6923,pathogenic,FREM1,107.0
A4FU01,A108C,0.661,pathogenic,FREM1,108.0
A4FU01,A108D,0.7403,pathogenic,FREM1,108.0
A4FU01,A108E,0.6275,pathogenic,FREM1,108.0
A4FU01,A108F,0.5587,ambiguous,FREM1,108.0
A4FU01,A108G,0.1991,benign,FREM1,108.0
A4FU01,A108H,0.8326,pathogenic,FREM1,108.0
A4FU01,A108I,0.3492,ambiguous,FREM1,108.0
A4FU01,A108K,0.8301,pathogenic,FREM1,108.0
A4FU01,A108L,0.3073,benign,FREM1,108.0
A4FU01,A108M,0.2835,benign,FREM1,108.0
A4FU01,A108N,0.6846,pathogenic,FREM1,108.0
A4FU01,A108P,0.8332,pathogenic,FREM1,108.0
A4FU01,A108Q,0.7077,pathogenic,FREM1,108.0
A4FU01,A108R,0.7606,pathogenic,FREM1,108.0
A4FU01,A108S,0.2041,benign,FREM1,108.0
A4FU01,A108T,0.1682,benign,FREM1,108.0
A4FU01,A108V,0.1367,benign,FREM1,108.0
A4FU01,A108W,0.851,pathogenic,FREM1,108.0
A4FU01,A108Y,0.7043,pathogenic,FREM1,108.0
A4FU01,V109A,0.1568,benign,FREM1,109.0
A4FU01,V109C,0.6863,pathogenic,FREM1,109.0
A4FU01,V109D,0.4536,ambiguous,FREM1,109.0
A4FU01,V109E,0.2936,benign,FREM1,109.0
A4FU01,V109F,0.1607,benign,FREM1,109.0
A4FU01,V109G,0.1907,benign,FREM1,109.0
A4FU01,V109H,0.5376,ambiguous,FREM1,109.0
A4FU01,V109I,0.0964,benign,FREM1,109.0
A4FU01,V109K,0.2943,benign,FREM1,109.0
A4FU01,V109L,0.2061,benign,FREM1,109.0
A4FU01,V109M,0.1357,benign,FREM1,109.0
A4FU01,V109N,0.3525,ambiguous,FREM1,109.0
A4FU01,V109P,0.7307,pathogenic,FREM1,109.0
A4FU01,V109Q,0.2726,benign,FREM1,109.0
A4FU01,V109R,0.2273,benign,FREM1,109.0
A4FU01,V109S,0.2325,benign,FREM1,109.0
A4FU01,V109T,0.2084,benign,FREM1,109.0
A4FU01,V109W,0.7141,pathogenic,FREM1,109.0
A4FU01,V109Y,0.5558,ambiguous,FREM1,109.0
A4FU01,S110A,0.1122,benign,FREM1,110.0
A4FU01,S110C,0.1053,benign,FREM1,110.0
A4FU01,S110D,0.3959,ambiguous,FREM1,110.0
A4FU01,S110E,0.5539,ambiguous,FREM1,110.0
A4FU01,S110F,0.322,benign,FREM1,110.0
A4FU01,S110G,0.0867,benign,FREM1,110.0
A4FU01,S110H,0.2784,benign,FREM1,110.0
A4FU01,S110I,0.2088,benign,FREM1,110.0
A4FU01,S110K,0.5519,ambiguous,FREM1,110.0
A4FU01,S110L,0.1593,benign,FREM1,110.0
A4FU01,S110M,0.2571,benign,FREM1,110.0
A4FU01,S110N,0.123,benign,FREM1,110.0
A4FU01,S110P,0.3265,benign,FREM1,110.0
A4FU01,S110Q,0.4285,ambiguous,FREM1,110.0
A4FU01,S110R,0.401,ambiguous,FREM1,110.0
A4FU01,S110T,0.1024,benign,FREM1,110.0
A4FU01,S110V,0.232,benign,FREM1,110.0
A4FU01,S110W,0.2965,benign,FREM1,110.0
A4FU01,S110Y,0.228,benign,FREM1,110.0
A4FU01,G111A,0.1407,benign,FREM1,111.0
A4FU01,G111C,0.1982,benign,FREM1,111.0
A4FU01,G111D,0.2612,benign,FREM1,111.0
A4FU01,G111E,0.2782,benign,FREM1,111.0
A4FU01,G111F,0.5475,ambiguous,FREM1,111.0
A4FU01,G111H,0.3076,benign,FREM1,111.0
A4FU01,G111I,0.3629,ambiguous,FREM1,111.0
A4FU01,G111K,0.4167,ambiguous,FREM1,111.0
A4FU01,G111L,0.4001,ambiguous,FREM1,111.0
A4FU01,G111M,0.5247,ambiguous,FREM1,111.0
A4FU01,G111N,0.3021,benign,FREM1,111.0
A4FU01,G111P,0.571,pathogenic,FREM1,111.0
A4FU01,G111Q,0.3151,benign,FREM1,111.0
A4FU01,G111R,0.2276,benign,FREM1,111.0
A4FU01,G111S,0.0913,benign,FREM1,111.0
A4FU01,G111T,0.1915,benign,FREM1,111.0
A4FU01,G111V,0.2316,benign,FREM1,111.0
A4FU01,G111W,0.3455,ambiguous,FREM1,111.0
A4FU01,G111Y,0.4111,ambiguous,FREM1,111.0
A4FU01,L112A,0.1193,benign,FREM1,112.0
A4FU01,L112C,0.2669,benign,FREM1,112.0
A4FU01,L112D,0.3104,benign,FREM1,112.0
A4FU01,L112E,0.1904,benign,FREM1,112.0
A4FU01,L112F,0.0848,benign,FREM1,112.0
A4FU01,L112G,0.1888,benign,FREM1,112.0
A4FU01,L112H,0.1254,benign,FREM1,112.0
A4FU01,L112I,0.094,benign,FREM1,112.0
A4FU01,L112K,0.1728,benign,FREM1,112.0
A4FU01,L112M,0.1096,benign,FREM1,112.0
A4FU01,L112N,0.1877,benign,FREM1,112.0
A4FU01,L112P,0.0708,benign,FREM1,112.0
A4FU01,L112Q,0.0931,benign,FREM1,112.0
A4FU01,L112R,0.1011,benign,FREM1,112.0
A4FU01,L112S,0.1244,benign,FREM1,112.0
A4FU01,L112T,0.1364,benign,FREM1,112.0
A4FU01,L112V,0.0861,benign,FREM1,112.0
A4FU01,L112W,0.1235,benign,FREM1,112.0
A4FU01,L112Y,0.1977,benign,FREM1,112.0
A4FU01,S113A,0.0783,benign,FREM1,113.0
A4FU01,S113C,0.0946,benign,FREM1,113.0
A4FU01,S113D,0.3295,benign,FREM1,113.0
A4FU01,S113E,0.404,ambiguous,FREM1,113.0
A4FU01,S113F,0.198,benign,FREM1,113.0
A4FU01,S113G,0.0689,benign,FREM1,113.0
A4FU01,S113H,0.2514,benign,FREM1,113.0
A4FU01,S113I,0.2326,benign,FREM1,113.0
A4FU01,S113K,0.4946,ambiguous,FREM1,113.0
A4FU01,S113L,0.1214,benign,FREM1,113.0
A4FU01,S113M,0.2324,benign,FREM1,113.0
A4FU01,S113N,0.1378,benign,FREM1,113.0
A4FU01,S113P,0.1091,benign,FREM1,113.0
A4FU01,S113Q,0.3479,ambiguous,FREM1,113.0
A4FU01,S113R,0.3909,ambiguous,FREM1,113.0
A4FU01,S113T,0.0903,benign,FREM1,113.0
A4FU01,S113V,0.1939,benign,FREM1,113.0
A4FU01,S113W,0.2017,benign,FREM1,113.0
A4FU01,S113Y,0.1614,benign,FREM1,113.0
A4FU01,R114A,0.4253,ambiguous,FREM1,114.0
A4FU01,R114C,0.2639,benign,FREM1,114.0
A4FU01,R114D,0.6968,pathogenic,FREM1,114.0
A4FU01,R114E,0.4242,ambiguous,FREM1,114.0
A4FU01,R114F,0.6957,pathogenic,FREM1,114.0
A4FU01,R114G,0.2335,benign,FREM1,114.0
A4FU01,R114H,0.1474,benign,FREM1,114.0
A4FU01,R114I,0.5003,ambiguous,FREM1,114.0
A4FU01,R114K,0.113,benign,FREM1,114.0
A4FU01,R114L,0.354,ambiguous,FREM1,114.0
A4FU01,R114M,0.4467,ambiguous,FREM1,114.0
A4FU01,R114N,0.6706,pathogenic,FREM1,114.0
A4FU01,R114P,0.4403,ambiguous,FREM1,114.0
A4FU01,R114Q,0.1273,benign,FREM1,114.0
A4FU01,R114S,0.5446,ambiguous,FREM1,114.0
A4FU01,R114T,0.3638,ambiguous,FREM1,114.0
A4FU01,R114V,0.4952,ambiguous,FREM1,114.0
A4FU01,R114W,0.2187,benign,FREM1,114.0
A4FU01,R114Y,0.5533,ambiguous,FREM1,114.0
A4FU01,V115A,0.126,benign,FREM1,115.0
A4FU01,V115C,0.5649,pathogenic,FREM1,115.0
A4FU01,V115D,0.2631,benign,FREM1,115.0
A4FU01,V115E,0.1861,benign,FREM1,115.0
A4FU01,V115F,0.1194,benign,FREM1,115.0
A4FU01,V115G,0.1199,benign,FREM1,115.0
A4FU01,V115H,0.352,ambiguous,FREM1,115.0
A4FU01,V115I,0.084,benign,FREM1,115.0
A4FU01,V115K,0.1943,benign,FREM1,115.0
A4FU01,V115L,0.1416,benign,FREM1,115.0
A4FU01,V115M,0.124,benign,FREM1,115.0
A4FU01,V115N,0.21,benign,FREM1,115.0
A4FU01,V115P,0.1826,benign,FREM1,115.0
A4FU01,V115Q,0.1836,benign,FREM1,115.0
A4FU01,V115R,0.161,benign,FREM1,115.0
A4FU01,V115S,0.1602,benign,FREM1,115.0
A4FU01,V115T,0.1575,benign,FREM1,115.0
A4FU01,V115W,0.4951,ambiguous,FREM1,115.0
A4FU01,V115Y,0.3786,ambiguous,FREM1,115.0
A4FU01,Q116A,0.2651,benign,FREM1,116.0
A4FU01,Q116C,0.6284,pathogenic,FREM1,116.0
A4FU01,Q116D,0.5927,pathogenic,FREM1,116.0
A4FU01,Q116E,0.139,benign,FREM1,116.0
A4FU01,Q116F,0.7295,pathogenic,FREM1,116.0
A4FU01,Q116G,0.336,benign,FREM1,116.0
A4FU01,Q116H,0.2388,benign,FREM1,116.0
A4FU01,Q116I,0.4207,ambiguous,FREM1,116.0
A4FU01,Q116K,0.1432,benign,FREM1,116.0
A4FU01,Q116L,0.1635,benign,FREM1,116.0
A4FU01,Q116M,0.4256,ambiguous,FREM1,116.0
A4FU01,Q116N,0.4217,ambiguous,FREM1,116.0
A4FU01,Q116P,0.1857,benign,FREM1,116.0
A4FU01,Q116R,0.1216,benign,FREM1,116.0
A4FU01,Q116S,0.3111,benign,FREM1,116.0
A4FU01,Q116T,0.2485,benign,FREM1,116.0
A4FU01,Q116V,0.2738,benign,FREM1,116.0
A4FU01,Q116W,0.5562,ambiguous,FREM1,116.0
A4FU01,Q116Y,0.4872,ambiguous,FREM1,116.0
A4FU01,L117A,0.1415,benign,FREM1,117.0
A4FU01,L117C,0.2978,benign,FREM1,117.0
A4FU01,L117D,0.3932,ambiguous,FREM1,117.0
A4FU01,L117E,0.2048,benign,FREM1,117.0
A4FU01,L117F,0.1058,benign,FREM1,117.0
A4FU01,L117G,0.2601,benign,FREM1,117.0
A4FU01,L117H,0.1424,benign,FREM1,117.0
A4FU01,L117I,0.0796,benign,FREM1,117.0
A4FU01,L117K,0.1797,benign,FREM1,117.0
A4FU01,L117M,0.1012,benign,FREM1,117.0
A4FU01,L117N,0.2215,benign,FREM1,117.0
A4FU01,L117P,0.0907,benign,FREM1,117.0
A4FU01,L117Q,0.1003,benign,FREM1,117.0
A4FU01,L117R,0.11,benign,FREM1,117.0
A4FU01,L117S,0.1729,benign,FREM1,117.0
A4FU01,L117T,0.1499,benign,FREM1,117.0
A4FU01,L117V,0.073,benign,FREM1,117.0
A4FU01,L117W,0.1474,benign,FREM1,117.0
A4FU01,L117Y,0.2299,benign,FREM1,117.0
A4FU01,L118A,0.3762,ambiguous,FREM1,118.0
A4FU01,L118C,0.4864,ambiguous,FREM1,118.0
A4FU01,L118D,0.8107,pathogenic,FREM1,118.0
A4FU01,L118E,0.5022,ambiguous,FREM1,118.0
A4FU01,L118F,0.1648,benign,FREM1,118.0
A4FU01,L118G,0.5517,ambiguous,FREM1,118.0
A4FU01,L118H,0.3095,benign,FREM1,118.0
A4FU01,L118I,0.1427,benign,FREM1,118.0
A4FU01,L118K,0.4233,ambiguous,FREM1,118.0
A4FU01,L118M,0.1833,benign,FREM1,118.0
A4FU01,L118N,0.6367,pathogenic,FREM1,118.0
A4FU01,L118P,0.2484,benign,FREM1,118.0
A4FU01,L118Q,0.209,benign,FREM1,118.0
A4FU01,L118R,0.2558,benign,FREM1,118.0
A4FU01,L118S,0.4827,ambiguous,FREM1,118.0
A4FU01,L118T,0.4488,ambiguous,FREM1,118.0
A4FU01,L118V,0.1326,benign,FREM1,118.0
A4FU01,L118W,0.2178,benign,FREM1,118.0
A4FU01,L118Y,0.4198,ambiguous,FREM1,118.0
A4FU01,R119A,0.2129,benign,FREM1,119.0
A4FU01,R119C,0.094,benign,FREM1,119.0
A4FU01,R119D,0.3826,ambiguous,FREM1,119.0
A4FU01,R119E,0.231,benign,FREM1,119.0
A4FU01,R119F,0.2743,benign,FREM1,119.0
A4FU01,R119G,0.117,benign,FREM1,119.0
A4FU01,R119H,0.0767,benign,FREM1,119.0
A4FU01,R119I,0.2214,benign,FREM1,119.0
A4FU01,R119K,0.1258,benign,FREM1,119.0
A4FU01,R119L,0.1182,benign,FREM1,119.0
A4FU01,R119M,0.2684,benign,FREM1,119.0
A4FU01,R119N,0.325,benign,FREM1,119.0
A4FU01,R119P,0.1604,benign,FREM1,119.0
A4FU01,R119Q,0.0845,benign,FREM1,119.0
A4FU01,R119S,0.2149,benign,FREM1,119.0
A4FU01,R119T,0.1805,benign,FREM1,119.0
A4FU01,R119V,0.2238,benign,FREM1,119.0
A4FU01,R119W,0.0946,benign,FREM1,119.0
A4FU01,R119Y,0.1796,benign,FREM1,119.0
A4FU01,P120A,0.0788,benign,FREM1,120.0
A4FU01,P120C,0.3587,ambiguous,FREM1,120.0
A4FU01,P120D,0.3005,benign,FREM1,120.0
A4FU01,P120E,0.1846,benign,FREM1,120.0
A4FU01,P120F,0.3986,ambiguous,FREM1,120.0
A4FU01,P120G,0.194,benign,FREM1,120.0
A4FU01,P120H,0.1475,benign,FREM1,120.0
A4FU01,P120I,0.3063,benign,FREM1,120.0
A4FU01,P120K,0.2421,benign,FREM1,120.0
A4FU01,P120L,0.1187,benign,FREM1,120.0
A4FU01,P120M,0.3066,benign,FREM1,120.0
A4FU01,P120N,0.2783,benign,FREM1,120.0
A4FU01,P120Q,0.1286,benign,FREM1,120.0
A4FU01,P120R,0.1279,benign,FREM1,120.0
A4FU01,P120S,0.1082,benign,FREM1,120.0
A4FU01,P120T,0.0954,benign,FREM1,120.0
A4FU01,P120V,0.1956,benign,FREM1,120.0
A4FU01,P120W,0.3864,ambiguous,FREM1,120.0
A4FU01,P120Y,0.3301,benign,FREM1,120.0
A4FU01,G121A,0.1218,benign,FREM1,121.0
A4FU01,G121C,0.1946,benign,FREM1,121.0
A4FU01,G121D,0.1351,benign,FREM1,121.0
A4FU01,G121E,0.1513,benign,FREM1,121.0
A4FU01,G121F,0.4538,ambiguous,FREM1,121.0
A4FU01,G121H,0.2489,benign,FREM1,121.0
A4FU01,G121I,0.2942,benign,FREM1,121.0
A4FU01,G121K,0.3031,benign,FREM1,121.0
A4FU01,G121L,0.3691,ambiguous,FREM1,121.0
A4FU01,G121M,0.4529,ambiguous,FREM1,121.0
A4FU01,G121N,0.2172,benign,FREM1,121.0
A4FU01,G121P,0.5274,ambiguous,FREM1,121.0
A4FU01,G121Q,0.2257,benign,FREM1,121.0
A4FU01,G121R,0.1763,benign,FREM1,121.0
A4FU01,G121S,0.0978,benign,FREM1,121.0
A4FU01,G121T,0.1613,benign,FREM1,121.0
A4FU01,G121V,0.1828,benign,FREM1,121.0
A4FU01,G121W,0.2939,benign,FREM1,121.0
A4FU01,G121Y,0.3166,benign,FREM1,121.0
A4FU01,S122A,0.0821,benign,FREM1,122.0
A4FU01,S122C,0.0798,benign,FREM1,122.0
A4FU01,S122D,0.321,benign,FREM1,122.0
A4FU01,S122E,0.399,ambiguous,FREM1,122.0
A4FU01,S122F,0.118,benign,FREM1,122.0
A4FU01,S122G,0.0938,benign,FREM1,122.0
A4FU01,S122H,0.2158,benign,FREM1,122.0
A4FU01,S122I,0.1168,benign,FREM1,122.0
A4FU01,S122K,0.4843,ambiguous,FREM1,122.0
A4FU01,S122L,0.0912,benign,FREM1,122.0
A4FU01,S122M,0.163,benign,FREM1,122.0
A4FU01,S122N,0.1345,benign,FREM1,122.0
A4FU01,S122P,0.1787,benign,FREM1,122.0
A4FU01,S122Q,0.3415,ambiguous,FREM1,122.0
A4FU01,S122R,0.3727,ambiguous,FREM1,122.0
A4FU01,S122T,0.0829,benign,FREM1,122.0
A4FU01,S122V,0.1216,benign,FREM1,122.0
A4FU01,S122W,0.1576,benign,FREM1,122.0
A4FU01,S122Y,0.1143,benign,FREM1,122.0
A4FU01,L123A,0.0998,benign,FREM1,123.0
A4FU01,L123C,0.2188,benign,FREM1,123.0
A4FU01,L123D,0.3072,benign,FREM1,123.0
A4FU01,L123E,0.1438,benign,FREM1,123.0
A4FU01,L123F,0.0932,benign,FREM1,123.0
A4FU01,L123G,0.1792,benign,FREM1,123.0
A4FU01,L123H,0.099,benign,FREM1,123.0
A4FU01,L123I,0.088,benign,FREM1,123.0
A4FU01,L123K,0.1285,benign,FREM1,123.0
A4FU01,L123M,0.1041,benign,FREM1,123.0
A4FU01,L123N,0.1847,benign,FREM1,123.0
A4FU01,L123P,0.0574,benign,FREM1,123.0
A4FU01,L123Q,0.0627,benign,FREM1,123.0
A4FU01,L123R,0.0734,benign,FREM1,123.0
A4FU01,L123S,0.1008,benign,FREM1,123.0
A4FU01,L123T,0.1066,benign,FREM1,123.0
A4FU01,L123V,0.0753,benign,FREM1,123.0
A4FU01,L123W,0.1026,benign,FREM1,123.0
A4FU01,L123Y,0.195,benign,FREM1,123.0
A4FU01,H124A,0.1588,benign,FREM1,124.0
A4FU01,H124C,0.1046,benign,FREM1,124.0
A4FU01,H124D,0.3012,benign,FREM1,124.0
A4FU01,H124E,0.2239,benign,FREM1,124.0
A4FU01,H124F,0.1893,benign,FREM1,124.0
A4FU01,H124G,0.177,benign,FREM1,124.0
A4FU01,H124I,0.1675,benign,FREM1,124.0
A4FU01,H124K,0.1773,benign,FREM1,124.0
A4FU01,H124L,0.0386,benign,FREM1,124.0
A4FU01,H124M,0.2092,benign,FREM1,124.0
A4FU01,H124N,0.1484,benign,FREM1,124.0
A4FU01,H124P,0.0461,benign,FREM1,124.0
A4FU01,H124Q,0.0947,benign,FREM1,124.0
A4FU01,H124R,0.071,benign,FREM1,124.0
A4FU01,H124S,0.1631,benign,FREM1,124.0
A4FU01,H124T,0.197,benign,FREM1,124.0
A4FU01,H124V,0.1197,benign,FREM1,124.0
A4FU01,H124W,0.1595,benign,FREM1,124.0
A4FU01,H124Y,0.1024,benign,FREM1,124.0
A4FU01,K125A,0.6188,pathogenic,FREM1,125.0
A4FU01,K125C,0.8269,pathogenic,FREM1,125.0
A4FU01,K125D,0.8032,pathogenic,FREM1,125.0
A4FU01,K125E,0.5561,ambiguous,FREM1,125.0
A4FU01,K125F,0.9442,pathogenic,FREM1,125.0
A4FU01,K125G,0.612,pathogenic,FREM1,125.0
A4FU01,K125H,0.4527,ambiguous,FREM1,125.0
A4FU01,K125I,0.7549,pathogenic,FREM1,125.0
A4FU01,K125L,0.6651,pathogenic,FREM1,125.0
A4FU01,K125M,0.6229,pathogenic,FREM1,125.0
A4FU01,K125N,0.6859,pathogenic,FREM1,125.0
A4FU01,K125P,0.6082,pathogenic,FREM1,125.0
A4FU01,K125Q,0.2787,benign,FREM1,125.0
A4FU01,K125R,0.0952,benign,FREM1,125.0
A4FU01,K125S,0.6477,pathogenic,FREM1,125.0
A4FU01,K125T,0.3978,ambiguous,FREM1,125.0
A4FU01,K125V,0.6898,pathogenic,FREM1,125.0
A4FU01,K125W,0.8786,pathogenic,FREM1,125.0
A4FU01,K125Y,0.8057,pathogenic,FREM1,125.0
A4FU01,F126A,0.6321,pathogenic,FREM1,126.0
A4FU01,F126C,0.5006,ambiguous,FREM1,126.0
A4FU01,F126D,0.7417,pathogenic,FREM1,126.0
A4FU01,F126E,0.7993,pathogenic,FREM1,126.0
A4FU01,F126G,0.7281,pathogenic,FREM1,126.0
A4FU01,F126H,0.6265,pathogenic,FREM1,126.0
A4FU01,F126I,0.3161,benign,FREM1,126.0
A4FU01,F126K,0.8311,pathogenic,FREM1,126.0
A4FU01,F126L,0.9161,pathogenic,FREM1,126.0
A4FU01,F126M,0.6541,pathogenic,FREM1,126.0
A4FU01,F126N,0.6033,pathogenic,FREM1,126.0
A4FU01,F126P,0.9609,pathogenic,FREM1,126.0
A4FU01,F126Q,0.7654,pathogenic,FREM1,126.0
A4FU01,F126R,0.7074,pathogenic,FREM1,126.0
A4FU01,F126S,0.5174,ambiguous,FREM1,126.0
A4FU01,F126T,0.6208,pathogenic,FREM1,126.0
A4FU01,F126V,0.3161,benign,FREM1,126.0
A4FU01,F126W,0.4695,ambiguous,FREM1,126.0
A4FU01,F126Y,0.1891,benign,FREM1,126.0
A4FU01,I127A,0.3688,ambiguous,FREM1,127.0
A4FU01,I127C,0.6147,pathogenic,FREM1,127.0
A4FU01,I127D,0.7114,pathogenic,FREM1,127.0
A4FU01,I127E,0.6153,pathogenic,FREM1,127.0
A4FU01,I127F,0.1419,benign,FREM1,127.0
A4FU01,I127G,0.6524,pathogenic,FREM1,127.0
A4FU01,I127H,0.4117,ambiguous,FREM1,127.0
A4FU01,I127K,0.3895,ambiguous,FREM1,127.0
A4FU01,I127L,0.1233,benign,FREM1,127.0
A4FU01,I127M,0.1242,benign,FREM1,127.0
A4FU01,I127N,0.296,benign,FREM1,127.0
A4FU01,I127P,0.4677,ambiguous,FREM1,127.0
A4FU01,I127Q,0.4029,ambiguous,FREM1,127.0
A4FU01,I127R,0.2742,benign,FREM1,127.0
A4FU01,I127S,0.2691,benign,FREM1,127.0
A4FU01,I127T,0.2338,benign,FREM1,127.0
A4FU01,I127V,0.0956,benign,FREM1,127.0
A4FU01,I127W,0.6425,pathogenic,FREM1,127.0
A4FU01,I127Y,0.4465,ambiguous,FREM1,127.0
A4FU01,P128A,0.3041,benign,FREM1,128.0
A4FU01,P128C,0.854,pathogenic,FREM1,128.0
A4FU01,P128D,0.9659,pathogenic,FREM1,128.0
A4FU01,P128E,0.8781,pathogenic,FREM1,128.0
A4FU01,P128F,0.9369,pathogenic,FREM1,128.0
A4FU01,P128G,0.8455,pathogenic,FREM1,128.0
A4FU01,P128H,0.8317,pathogenic,FREM1,128.0
A4FU01,P128I,0.7997,pathogenic,FREM1,128.0
A4FU01,P128K,0.9256,pathogenic,FREM1,128.0
A4FU01,P128L,0.4016,ambiguous,FREM1,128.0
A4FU01,P128M,0.8363,pathogenic,FREM1,128.0
A4FU01,P128N,0.9549,pathogenic,FREM1,128.0
A4FU01,P128Q,0.7713,pathogenic,FREM1,128.0
A4FU01,P128R,0.7502,pathogenic,FREM1,128.0
A4FU01,P128S,0.5951,pathogenic,FREM1,128.0
A4FU01,P128T,0.4527,ambiguous,FREM1,128.0
A4FU01,P128V,0.606,pathogenic,FREM1,128.0
A4FU01,P128W,0.9465,pathogenic,FREM1,128.0
A4FU01,P128Y,0.945,pathogenic,FREM1,128.0
A4FU01,E129A,0.2063,benign,FREM1,129.0
A4FU01,E129C,0.8912,pathogenic,FREM1,129.0
A4FU01,E129D,0.19,benign,FREM1,129.0
A4FU01,E129F,0.8927,pathogenic,FREM1,129.0
A4FU01,E129G,0.1743,benign,FREM1,129.0
A4FU01,E129H,0.5165,ambiguous,FREM1,129.0
A4FU01,E129I,0.6831,pathogenic,FREM1,129.0
A4FU01,E129K,0.1247,benign,FREM1,129.0
A4FU01,E129L,0.5559,ambiguous,FREM1,129.0
A4FU01,E129M,0.6247,pathogenic,FREM1,129.0
A4FU01,E129N,0.4022,ambiguous,FREM1,129.0
A4FU01,E129P,0.7128,pathogenic,FREM1,129.0
A4FU01,E129Q,0.1465,benign,FREM1,129.0
A4FU01,E129R,0.1958,benign,FREM1,129.0
A4FU01,E129S,0.2716,benign,FREM1,129.0
A4FU01,E129T,0.3121,benign,FREM1,129.0
A4FU01,E129V,0.3851,ambiguous,FREM1,129.0
A4FU01,E129W,0.8869,pathogenic,FREM1,129.0
A4FU01,E129Y,0.7666,pathogenic,FREM1,129.0
A4FU01,E130A,0.2387,benign,FREM1,130.0
A4FU01,E130C,0.8974,pathogenic,FREM1,130.0
A4FU01,E130D,0.3594,ambiguous,FREM1,130.0
A4FU01,E130F,0.8671,pathogenic,FREM1,130.0
A4FU01,E130G,0.3259,benign,FREM1,130.0
A4FU01,E130H,0.6557,pathogenic,FREM1,130.0
A4FU01,E130I,0.5606,ambiguous,FREM1,130.0
A4FU01,E130K,0.3322,benign,FREM1,130.0
A4FU01,E130L,0.6946,pathogenic,FREM1,130.0
A4FU01,E130M,0.5923,pathogenic,FREM1,130.0
A4FU01,E130N,0.5105,ambiguous,FREM1,130.0
A4FU01,E130P,0.9775,pathogenic,FREM1,130.0
A4FU01,E130Q,0.2191,benign,FREM1,130.0
A4FU01,E130R,0.4436,ambiguous,FREM1,130.0
A4FU01,E130S,0.4155,ambiguous,FREM1,130.0
A4FU01,E130T,0.3887,ambiguous,FREM1,130.0
A4FU01,E130V,0.3282,benign,FREM1,130.0
A4FU01,E130W,0.9314,pathogenic,FREM1,130.0
A4FU01,E130Y,0.7402,pathogenic,FREM1,130.0
A4FU01,I131A,0.9092,pathogenic,FREM1,131.0
A4FU01,I131C,0.9033,pathogenic,FREM1,131.0
A4FU01,I131D,0.9841,pathogenic,FREM1,131.0
A4FU01,I131E,0.9767,pathogenic,FREM1,131.0
A4FU01,I131F,0.3225,benign,FREM1,131.0
A4FU01,I131G,0.9634,pathogenic,FREM1,131.0
A4FU01,I131H,0.9417,pathogenic,FREM1,131.0
A4FU01,I131K,0.9402,pathogenic,FREM1,131.0
A4FU01,I131L,0.1168,benign,FREM1,131.0
A4FU01,I131M,0.1675,benign,FREM1,131.0
A4FU01,I131N,0.8664,pathogenic,FREM1,131.0
A4FU01,I131P,0.9755,pathogenic,FREM1,131.0
A4FU01,I131Q,0.9536,pathogenic,FREM1,131.0
A4FU01,I131R,0.9221,pathogenic,FREM1,131.0
A4FU01,I131S,0.9224,pathogenic,FREM1,131.0
A4FU01,I131T,0.9244,pathogenic,FREM1,131.0
A4FU01,I131V,0.2176,benign,FREM1,131.0
A4FU01,I131W,0.8928,pathogenic,FREM1,131.0
A4FU01,I131Y,0.7465,pathogenic,FREM1,131.0
A4FU01,L132A,0.2668,benign,FREM1,132.0
A4FU01,L132C,0.3388,benign,FREM1,132.0
A4FU01,L132D,0.7585,pathogenic,FREM1,132.0
A4FU01,L132E,0.376,ambiguous,FREM1,132.0
A4FU01,L132F,0.1426,benign,FREM1,132.0
A4FU01,L132G,0.5943,pathogenic,FREM1,132.0
A4FU01,L132H,0.2162,benign,FREM1,132.0
A4FU01,L132I,0.0892,benign,FREM1,132.0
A4FU01,L132K,0.3113,benign,FREM1,132.0
A4FU01,L132M,0.1258,benign,FREM1,132.0
A4FU01,L132N,0.5353,ambiguous,FREM1,132.0
A4FU01,L132P,0.9095,pathogenic,FREM1,132.0
A4FU01,L132Q,0.1472,benign,FREM1,132.0
A4FU01,L132R,0.1415,benign,FREM1,132.0
A4FU01,L132S,0.3321,benign,FREM1,132.0
A4FU01,L132T,0.2329,benign,FREM1,132.0
A4FU01,L132V,0.077,benign,FREM1,132.0
A4FU01,L132W,0.1957,benign,FREM1,132.0
A4FU01,L132Y,0.3552,ambiguous,FREM1,132.0
A4FU01,I133A,0.8909,pathogenic,FREM1,133.0
A4FU01,I133C,0.8721,pathogenic,FREM1,133.0
A4FU01,I133D,0.9935,pathogenic,FREM1,133.0
A4FU01,I133E,0.9839,pathogenic,FREM1,133.0
A4FU01,I133F,0.3484,ambiguous,FREM1,133.0
A4FU01,I133G,0.9688,pathogenic,FREM1,133.0
A4FU01,I133H,0.9601,pathogenic,FREM1,133.0
A4FU01,I133K,0.9638,pathogenic,FREM1,133.0
A4FU01,I133L,0.1212,benign,FREM1,133.0
A4FU01,I133M,0.2518,benign,FREM1,133.0
A4FU01,I133N,0.9513,pathogenic,FREM1,133.0
A4FU01,I133P,0.9654,pathogenic,FREM1,133.0
A4FU01,I133Q,0.9558,pathogenic,FREM1,133.0
A4FU01,I133R,0.934,pathogenic,FREM1,133.0
A4FU01,I133S,0.9305,pathogenic,FREM1,133.0
A4FU01,I133T,0.9323,pathogenic,FREM1,133.0
A4FU01,I133V,0.1566,benign,FREM1,133.0
A4FU01,I133W,0.9123,pathogenic,FREM1,133.0
A4FU01,I133Y,0.8576,pathogenic,FREM1,133.0
A4FU01,H134A,0.3585,ambiguous,FREM1,134.0
A4FU01,H134C,0.1527,benign,FREM1,134.0
A4FU01,H134D,0.4213,ambiguous,FREM1,134.0
A4FU01,H134E,0.3586,ambiguous,FREM1,134.0
A4FU01,H134F,0.2437,benign,FREM1,134.0
A4FU01,H134G,0.4164,ambiguous,FREM1,134.0
A4FU01,H134I,0.3386,benign,FREM1,134.0
A4FU01,H134K,0.3944,ambiguous,FREM1,134.0
A4FU01,H134L,0.1352,benign,FREM1,134.0
A4FU01,H134M,0.5647,pathogenic,FREM1,134.0
A4FU01,H134N,0.2351,benign,FREM1,134.0
A4FU01,H134P,0.4253,ambiguous,FREM1,134.0
A4FU01,H134Q,0.2295,benign,FREM1,134.0
A4FU01,H134R,0.1173,benign,FREM1,134.0
A4FU01,H134S,0.3123,benign,FREM1,134.0
A4FU01,H134T,0.3605,ambiguous,FREM1,134.0
A4FU01,H134V,0.2779,benign,FREM1,134.0
A4FU01,H134W,0.2089,benign,FREM1,134.0
A4FU01,H134Y,0.082,benign,FREM1,134.0
A4FU01,G135A,0.2838,benign,FREM1,135.0
A4FU01,G135C,0.3701,ambiguous,FREM1,135.0
A4FU01,G135D,0.9324,pathogenic,FREM1,135.0
A4FU01,G135E,0.9571,pathogenic,FREM1,135.0
A4FU01,G135F,0.9542,pathogenic,FREM1,135.0
A4FU01,G135H,0.9451,pathogenic,FREM1,135.0
A4FU01,G135I,0.9131,pathogenic,FREM1,135.0
A4FU01,G135K,0.9823,pathogenic,FREM1,135.0
A4FU01,G135L,0.8697,pathogenic,FREM1,135.0
A4FU01,G135M,0.9338,pathogenic,FREM1,135.0
A4FU01,G135N,0.922,pathogenic,FREM1,135.0
A4FU01,G135P,0.9822,pathogenic,FREM1,135.0
A4FU01,G135Q,0.9461,pathogenic,FREM1,135.0
A4FU01,G135R,0.9309,pathogenic,FREM1,135.0
A4FU01,G135S,0.2767,benign,FREM1,135.0
A4FU01,G135T,0.6488,pathogenic,FREM1,135.0
A4FU01,G135V,0.8043,pathogenic,FREM1,135.0
A4FU01,G135W,0.9206,pathogenic,FREM1,135.0
A4FU01,G135Y,0.945,pathogenic,FREM1,135.0
A4FU01,R136A,0.2353,benign,FREM1,136.0
A4FU01,R136C,0.1291,benign,FREM1,136.0
A4FU01,R136D,0.4756,ambiguous,FREM1,136.0
A4FU01,R136E,0.2194,benign,FREM1,136.0
A4FU01,R136F,0.4252,ambiguous,FREM1,136.0
A4FU01,R136G,0.1444,benign,FREM1,136.0
A4FU01,R136H,0.1017,benign,FREM1,136.0
A4FU01,R136I,0.2819,benign,FREM1,136.0
A4FU01,R136K,0.1054,benign,FREM1,136.0
A4FU01,R136L,0.1663,benign,FREM1,136.0
A4FU01,R136M,0.2732,benign,FREM1,136.0
A4FU01,R136N,0.3758,ambiguous,FREM1,136.0
A4FU01,R136P,0.4671,ambiguous,FREM1,136.0
A4FU01,R136Q,0.0747,benign,FREM1,136.0
A4FU01,R136S,0.2792,benign,FREM1,136.0
A4FU01,R136T,0.1974,benign,FREM1,136.0
A4FU01,R136V,0.3019,benign,FREM1,136.0
A4FU01,R136W,0.1233,benign,FREM1,136.0
A4FU01,R136Y,0.2764,benign,FREM1,136.0
A4FU01,D137A,0.9172,pathogenic,FREM1,137.0
A4FU01,D137C,0.9635,pathogenic,FREM1,137.0
A4FU01,D137E,0.9319,pathogenic,FREM1,137.0
A4FU01,D137F,0.9847,pathogenic,FREM1,137.0
A4FU01,D137G,0.7617,pathogenic,FREM1,137.0
A4FU01,D137H,0.9503,pathogenic,FREM1,137.0
A4FU01,D137I,0.9829,pathogenic,FREM1,137.0
A4FU01,D137K,0.9846,pathogenic,FREM1,137.0
A4FU01,D137L,0.9708,pathogenic,FREM1,137.0
A4FU01,D137M,0.9939,pathogenic,FREM1,137.0
A4FU01,D137N,0.5983,pathogenic,FREM1,137.0
A4FU01,D137P,0.9851,pathogenic,FREM1,137.0
A4FU01,D137Q,0.98,pathogenic,FREM1,137.0
A4FU01,D137R,0.9747,pathogenic,FREM1,137.0
A4FU01,D137S,0.7894,pathogenic,FREM1,137.0
A4FU01,D137T,0.9485,pathogenic,FREM1,137.0
A4FU01,D137V,0.9459,pathogenic,FREM1,137.0
A4FU01,D137W,0.995,pathogenic,FREM1,137.0
A4FU01,D137Y,0.8559,pathogenic,FREM1,137.0
A4FU01,F138A,0.924,pathogenic,FREM1,138.0
A4FU01,F138C,0.6243,pathogenic,FREM1,138.0
A4FU01,F138D,0.9723,pathogenic,FREM1,138.0
A4FU01,F138E,0.9832,pathogenic,FREM1,138.0
A4FU01,F138G,0.8721,pathogenic,FREM1,138.0
A4FU01,F138H,0.865,pathogenic,FREM1,138.0
A4FU01,F138I,0.8317,pathogenic,FREM1,138.0
A4FU01,F138K,0.9792,pathogenic,FREM1,138.0
A4FU01,F138L,0.884,pathogenic,FREM1,138.0
A4FU01,F138M,0.7596,pathogenic,FREM1,138.0
A4FU01,F138N,0.9167,pathogenic,FREM1,138.0
A4FU01,F138P,0.9949,pathogenic,FREM1,138.0
A4FU01,F138Q,0.947,pathogenic,FREM1,138.0
A4FU01,F138R,0.9313,pathogenic,FREM1,138.0
A4FU01,F138S,0.8567,pathogenic,FREM1,138.0
A4FU01,F138T,0.9412,pathogenic,FREM1,138.0
A4FU01,F138V,0.7837,pathogenic,FREM1,138.0
A4FU01,F138W,0.6574,pathogenic,FREM1,138.0
A4FU01,F138Y,0.3639,ambiguous,FREM1,138.0
A4FU01,R139A,0.9036,pathogenic,FREM1,139.0
A4FU01,R139C,0.2562,benign,FREM1,139.0
A4FU01,R139D,0.9751,pathogenic,FREM1,139.0
A4FU01,R139E,0.851,pathogenic,FREM1,139.0
A4FU01,R139F,0.9157,pathogenic,FREM1,139.0
A4FU01,R139G,0.7753,pathogenic,FREM1,139.0
A4FU01,R139H,0.2392,benign,FREM1,139.0
A4FU01,R139I,0.8227,pathogenic,FREM1,139.0
A4FU01,R139K,0.4847,ambiguous,FREM1,139.0
A4FU01,R139L,0.6344,pathogenic,FREM1,139.0
A4FU01,R139M,0.8671,pathogenic,FREM1,139.0
A4FU01,R139N,0.932,pathogenic,FREM1,139.0
A4FU01,R139P,0.9637,pathogenic,FREM1,139.0
A4FU01,R139Q,0.1865,benign,FREM1,139.0
A4FU01,R139S,0.8712,pathogenic,FREM1,139.0
A4FU01,R139T,0.8344,pathogenic,FREM1,139.0
A4FU01,R139V,0.859,pathogenic,FREM1,139.0
A4FU01,R139W,0.3871,ambiguous,FREM1,139.0
A4FU01,R139Y,0.7757,pathogenic,FREM1,139.0
A4FU01,L140A,0.3121,benign,FREM1,140.0
A4FU01,L140C,0.3566,ambiguous,FREM1,140.0
A4FU01,L140D,0.7398,pathogenic,FREM1,140.0
A4FU01,L140E,0.3074,benign,FREM1,140.0
A4FU01,L140F,0.1426,benign,FREM1,140.0
A4FU01,L140G,0.5518,ambiguous,FREM1,140.0
A4FU01,L140H,0.2331,benign,FREM1,140.0
A4FU01,L140I,0.0938,benign,FREM1,140.0
A4FU01,L140K,0.2587,benign,FREM1,140.0
A4FU01,L140M,0.1227,benign,FREM1,140.0
A4FU01,L140N,0.4999,ambiguous,FREM1,140.0
A4FU01,L140P,0.7007,pathogenic,FREM1,140.0
A4FU01,L140Q,0.1281,benign,FREM1,140.0
A4FU01,L140R,0.1491,benign,FREM1,140.0
A4FU01,L140S,0.3501,ambiguous,FREM1,140.0
A4FU01,L140T,0.2568,benign,FREM1,140.0
A4FU01,L140V,0.0834,benign,FREM1,140.0
A4FU01,L140W,0.1928,benign,FREM1,140.0
A4FU01,L140Y,0.3145,benign,FREM1,140.0
A4FU01,L141A,0.6647,pathogenic,FREM1,141.0
A4FU01,L141C,0.6671,pathogenic,FREM1,141.0
A4FU01,L141D,0.9614,pathogenic,FREM1,141.0
A4FU01,L141E,0.7684,pathogenic,FREM1,141.0
A4FU01,L141F,0.1951,benign,FREM1,141.0
A4FU01,L141G,0.8729,pathogenic,FREM1,141.0
A4FU01,L141H,0.5118,ambiguous,FREM1,141.0
A4FU01,L141I,0.1536,benign,FREM1,141.0
A4FU01,L141K,0.6685,pathogenic,FREM1,141.0
A4FU01,L141M,0.169,benign,FREM1,141.0
A4FU01,L141N,0.8805,pathogenic,FREM1,141.0
A4FU01,L141P,0.9237,pathogenic,FREM1,141.0
A4FU01,L141Q,0.3793,ambiguous,FREM1,141.0
A4FU01,L141R,0.493,ambiguous,FREM1,141.0
A4FU01,L141S,0.794,pathogenic,FREM1,141.0
A4FU01,L141T,0.7092,pathogenic,FREM1,141.0
A4FU01,L141V,0.1722,benign,FREM1,141.0
A4FU01,L141W,0.3051,benign,FREM1,141.0
A4FU01,L141Y,0.5547,ambiguous,FREM1,141.0
A4FU01,R142A,0.3891,ambiguous,FREM1,142.0
A4FU01,R142C,0.1499,benign,FREM1,142.0
A4FU01,R142D,0.6978,pathogenic,FREM1,142.0
A4FU01,R142E,0.352,ambiguous,FREM1,142.0
A4FU01,R142F,0.5746,pathogenic,FREM1,142.0
A4FU01,R142G,0.2846,benign,FREM1,142.0
A4FU01,R142H,0.1016,benign,FREM1,142.0
A4FU01,R142I,0.3887,ambiguous,FREM1,142.0
A4FU01,R142K,0.1369,benign,FREM1,142.0
A4FU01,R142L,0.2438,benign,FREM1,142.0
A4FU01,R142M,0.3772,ambiguous,FREM1,142.0
A4FU01,R142N,0.6109,pathogenic,FREM1,142.0
A4FU01,R142P,0.632,pathogenic,FREM1,142.0
A4FU01,R142Q,0.1011,benign,FREM1,142.0
A4FU01,R142S,0.4542,ambiguous,FREM1,142.0
A4FU01,R142T,0.2834,benign,FREM1,142.0
A4FU01,R142V,0.3839,ambiguous,FREM1,142.0
A4FU01,R142W,0.1439,benign,FREM1,142.0
A4FU01,R142Y,0.3872,ambiguous,FREM1,142.0
A4FU01,V143A,0.2585,benign,FREM1,143.0
A4FU01,V143C,0.7747,pathogenic,FREM1,143.0
A4FU01,V143D,0.9137,pathogenic,FREM1,143.0
A4FU01,V143E,0.8485,pathogenic,FREM1,143.0
A4FU01,V143F,0.209,benign,FREM1,143.0
A4FU01,V143G,0.4777,ambiguous,FREM1,143.0
A4FU01,V143H,0.918,pathogenic,FREM1,143.0
A4FU01,V143I,0.0949,benign,FREM1,143.0
A4FU01,V143K,0.8967,pathogenic,FREM1,143.0
A4FU01,V143L,0.2549,benign,FREM1,143.0
A4FU01,V143M,0.2417,benign,FREM1,143.0
A4FU01,V143N,0.8608,pathogenic,FREM1,143.0
A4FU01,V143P,0.8662,pathogenic,FREM1,143.0
A4FU01,V143Q,0.862,pathogenic,FREM1,143.0
A4FU01,V143R,0.8312,pathogenic,FREM1,143.0
A4FU01,V143S,0.6204,pathogenic,FREM1,143.0
A4FU01,V143T,0.3982,ambiguous,FREM1,143.0
A4FU01,V143W,0.841,pathogenic,FREM1,143.0
A4FU01,V143Y,0.7343,pathogenic,FREM1,143.0
A4FU01,G144A,0.079,benign,FREM1,144.0
A4FU01,G144C,0.1256,benign,FREM1,144.0
A4FU01,G144D,0.2025,benign,FREM1,144.0
A4FU01,G144E,0.1919,benign,FREM1,144.0
A4FU01,G144F,0.3555,ambiguous,FREM1,144.0
A4FU01,G144H,0.2213,benign,FREM1,144.0
A4FU01,G144I,0.1889,benign,FREM1,144.0
A4FU01,G144K,0.2782,benign,FREM1,144.0
A4FU01,G144L,0.2628,benign,FREM1,144.0
A4FU01,G144M,0.3461,ambiguous,FREM1,144.0
A4FU01,G144N,0.2514,benign,FREM1,144.0
A4FU01,G144P,0.7309,pathogenic,FREM1,144.0
A4FU01,G144Q,0.2116,benign,FREM1,144.0
A4FU01,G144R,0.1484,benign,FREM1,144.0
A4FU01,G144S,0.0876,benign,FREM1,144.0
A4FU01,G144T,0.1241,benign,FREM1,144.0
A4FU01,G144V,0.1302,benign,FREM1,144.0
A4FU01,G144W,0.2336,benign,FREM1,144.0
A4FU01,G144Y,0.2549,benign,FREM1,144.0
A4FU01,F145A,0.9509,pathogenic,FREM1,145.0
A4FU01,F145C,0.8645,pathogenic,FREM1,145.0
A4FU01,F145D,0.9863,pathogenic,FREM1,145.0
A4FU01,F145E,0.9865,pathogenic,FREM1,145.0
A4FU01,F145G,0.964,pathogenic,FREM1,145.0
A4FU01,F145H,0.9619,pathogenic,FREM1,145.0
A4FU01,F145I,0.7352,pathogenic,FREM1,145.0
A4FU01,F145K,0.9843,pathogenic,FREM1,145.0
A4FU01,F145L,0.9568,pathogenic,FREM1,145.0
A4FU01,F145M,0.8521,pathogenic,FREM1,145.0
A4FU01,F145N,0.9745,pathogenic,FREM1,145.0
A4FU01,F145P,0.9937,pathogenic,FREM1,145.0
A4FU01,F145Q,0.9793,pathogenic,FREM1,145.0
A4FU01,F145R,0.9633,pathogenic,FREM1,145.0
A4FU01,F145S,0.9369,pathogenic,FREM1,145.0
A4FU01,F145T,0.9499,pathogenic,FREM1,145.0
A4FU01,F145V,0.7482,pathogenic,FREM1,145.0
A4FU01,F145W,0.6638,pathogenic,FREM1,145.0
A4FU01,F145Y,0.608,pathogenic,FREM1,145.0
A4FU01,E146A,0.1057,benign,FREM1,146.0
A4FU01,E146C,0.6238,pathogenic,FREM1,146.0
A4FU01,E146D,0.1347,benign,FREM1,146.0
A4FU01,E146F,0.5487,ambiguous,FREM1,146.0
A4FU01,E146G,0.0942,benign,FREM1,146.0
A4FU01,E146H,0.2557,benign,FREM1,146.0
A4FU01,E146I,0.3384,benign,FREM1,146.0
A4FU01,E146K,0.0957,benign,FREM1,146.0
A4FU01,E146L,0.2422,benign,FREM1,146.0
A4FU01,E146M,0.3596,ambiguous,FREM1,146.0
A4FU01,E146N,0.2463,benign,FREM1,146.0
A4FU01,E146P,0.2428,benign,FREM1,146.0
A4FU01,E146Q,0.0981,benign,FREM1,146.0
A4FU01,E146R,0.1241,benign,FREM1,146.0
A4FU01,E146S,0.1483,benign,FREM1,146.0
A4FU01,E146T,0.1801,benign,FREM1,146.0
A4FU01,E146V,0.1848,benign,FREM1,146.0
A4FU01,E146W,0.6508,pathogenic,FREM1,146.0
A4FU01,E146Y,0.4335,ambiguous,FREM1,146.0
A4FU01,A147C,0.3233,benign,FREM1,147.0
A4FU01,A147D,0.1075,benign,FREM1,147.0
A4FU01,A147E,0.1105,benign,FREM1,147.0
A4FU01,A147F,0.2199,benign,FREM1,147.0
A4FU01,A147G,0.0928,benign,FREM1,147.0
A4FU01,A147H,0.2425,benign,FREM1,147.0
A4FU01,A147I,0.1965,benign,FREM1,147.0
A4FU01,A147K,0.1871,benign,FREM1,147.0
A4FU01,A147L,0.1434,benign,FREM1,147.0
A4FU01,A147M,0.1637,benign,FREM1,147.0
A4FU01,A147N,0.1453,benign,FREM1,147.0
A4FU01,A147P,0.1035,benign,FREM1,147.0
A4FU01,A147Q,0.1815,benign,FREM1,147.0
A4FU01,A147R,0.1783,benign,FREM1,147.0
A4FU01,A147S,0.0851,benign,FREM1,147.0
A4FU01,A147T,0.0769,benign,FREM1,147.0
A4FU01,A147V,0.0978,benign,FREM1,147.0
A4FU01,A147W,0.3782,ambiguous,FREM1,147.0
A4FU01,A147Y,0.2561,benign,FREM1,147.0
A4FU01,G148A,0.102,benign,FREM1,148.0
A4FU01,G148C,0.1682,benign,FREM1,148.0
A4FU01,G148D,0.141,benign,FREM1,148.0
A4FU01,G148E,0.125,benign,FREM1,148.0
A4FU01,G148F,0.4466,ambiguous,FREM1,148.0
A4FU01,G148H,0.239,benign,FREM1,148.0
A4FU01,G148I,0.289,benign,FREM1,148.0
A4FU01,G148K,0.1978,benign,FREM1,148.0
A4FU01,G148L,0.3134,benign,FREM1,148.0
A4FU01,G148M,0.3707,ambiguous,FREM1,148.0
A4FU01,G148N,0.2285,benign,FREM1,148.0
A4FU01,G148P,0.5222,ambiguous,FREM1,148.0
A4FU01,G148Q,0.1788,benign,FREM1,148.0
A4FU01,G148R,0.1241,benign,FREM1,148.0
A4FU01,G148S,0.0964,benign,FREM1,148.0
A4FU01,G148T,0.1407,benign,FREM1,148.0
A4FU01,G148V,0.175,benign,FREM1,148.0
A4FU01,G148W,0.2326,benign,FREM1,148.0
A4FU01,G148Y,0.3181,benign,FREM1,148.0
A4FU01,G149A,0.14,benign,FREM1,149.0
A4FU01,G149C,0.161,benign,FREM1,149.0
A4FU01,G149D,0.2102,benign,FREM1,149.0
A4FU01,G149E,0.2155,benign,FREM1,149.0
A4FU01,G149F,0.4122,ambiguous,FREM1,149.0
A4FU01,G149H,0.2982,benign,FREM1,149.0
A4FU01,G149I,0.2079,benign,FREM1,149.0
A4FU01,G149K,0.3561,ambiguous,FREM1,149.0
A4FU01,G149L,0.3265,benign,FREM1,149.0
A4FU01,G149M,0.3855,ambiguous,FREM1,149.0
A4FU01,G149N,0.2825,benign,FREM1,149.0
A4FU01,G149P,0.6351,pathogenic,FREM1,149.0
A4FU01,G149Q,0.2848,benign,FREM1,149.0
A4FU01,G149R,0.214,benign,FREM1,149.0
A4FU01,G149S,0.1002,benign,FREM1,149.0
A4FU01,G149T,0.1676,benign,FREM1,149.0
A4FU01,G149V,0.1493,benign,FREM1,149.0
A4FU01,G149W,0.2812,benign,FREM1,149.0
A4FU01,G149Y,0.3111,benign,FREM1,149.0
A4FU01,L150A,0.1897,benign,FREM1,150.0
A4FU01,L150C,0.4349,ambiguous,FREM1,150.0
A4FU01,L150D,0.5386,ambiguous,FREM1,150.0
A4FU01,L150E,0.2373,benign,FREM1,150.0
A4FU01,L150F,0.1358,benign,FREM1,150.0
A4FU01,L150G,0.3263,benign,FREM1,150.0
A4FU01,L150H,0.2065,benign,FREM1,150.0
A4FU01,L150I,0.1309,benign,FREM1,150.0
A4FU01,L150K,0.1776,benign,FREM1,150.0
A4FU01,L150M,0.1137,benign,FREM1,150.0
A4FU01,L150N,0.354,ambiguous,FREM1,150.0
A4FU01,L150P,0.1516,benign,FREM1,150.0
A4FU01,L150Q,0.1067,benign,FREM1,150.0
A4FU01,L150R,0.1119,benign,FREM1,150.0
A4FU01,L150S,0.2104,benign,FREM1,150.0
A4FU01,L150T,0.1888,benign,FREM1,150.0
A4FU01,L150V,0.1066,benign,FREM1,150.0
A4FU01,L150W,0.1347,benign,FREM1,150.0
A4FU01,L150Y,0.3425,ambiguous,FREM1,150.0
A4FU01,E151A,0.1094,benign,FREM1,151.0
A4FU01,E151C,0.7586,pathogenic,FREM1,151.0
A4FU01,E151D,0.2358,benign,FREM1,151.0
A4FU01,E151F,0.6053,pathogenic,FREM1,151.0
A4FU01,E151G,0.1041,benign,FREM1,151.0
A4FU01,E151H,0.3911,ambiguous,FREM1,151.0
A4FU01,E151I,0.3836,ambiguous,FREM1,151.0
A4FU01,E151K,0.1284,benign,FREM1,151.0
A4FU01,E151L,0.2431,benign,FREM1,151.0
A4FU01,E151M,0.3543,ambiguous,FREM1,151.0
A4FU01,E151N,0.3894,ambiguous,FREM1,151.0
A4FU01,E151P,0.3138,benign,FREM1,151.0
A4FU01,E151Q,0.1029,benign,FREM1,151.0
A4FU01,E151R,0.1896,benign,FREM1,151.0
A4FU01,E151S,0.1978,benign,FREM1,151.0
A4FU01,E151T,0.2494,benign,FREM1,151.0
A4FU01,E151V,0.2148,benign,FREM1,151.0
A4FU01,E151W,0.7718,pathogenic,FREM1,151.0
A4FU01,E151Y,0.5001,ambiguous,FREM1,151.0
A4FU01,P152A,0.0949,benign,FREM1,152.0
A4FU01,P152C,0.4799,ambiguous,FREM1,152.0
A4FU01,P152D,0.329,benign,FREM1,152.0
A4FU01,P152E,0.2041,benign,FREM1,152.0
A4FU01,P152F,0.4156,ambiguous,FREM1,152.0
A4FU01,P152G,0.2604,benign,FREM1,152.0
A4FU01,P152H,0.1606,benign,FREM1,152.0
A4FU01,P152I,0.3025,benign,FREM1,152.0
A4FU01,P152K,0.2216,benign,FREM1,152.0
A4FU01,P152L,0.1062,benign,FREM1,152.0
A4FU01,P152M,0.2845,benign,FREM1,152.0
A4FU01,P152N,0.296,benign,FREM1,152.0
A4FU01,P152Q,0.1322,benign,FREM1,152.0
A4FU01,P152R,0.1294,benign,FREM1,152.0
A4FU01,P152S,0.1385,benign,FREM1,152.0
A4FU01,P152T,0.1135,benign,FREM1,152.0
A4FU01,P152V,0.2057,benign,FREM1,152.0
A4FU01,P152W,0.4157,ambiguous,FREM1,152.0
A4FU01,P152Y,0.3375,benign,FREM1,152.0
A4FU01,Q153A,0.1595,benign,FREM1,153.0
A4FU01,Q153C,0.6115,pathogenic,FREM1,153.0
A4FU01,Q153D,0.3975,ambiguous,FREM1,153.0
A4FU01,Q153E,0.084,benign,FREM1,153.0
A4FU01,Q153F,0.6395,pathogenic,FREM1,153.0
A4FU01,Q153G,0.2147,benign,FREM1,153.0
A4FU01,Q153H,0.2763,benign,FREM1,153.0
A4FU01,Q153I,0.3552,ambiguous,FREM1,153.0
A4FU01,Q153K,0.1006,benign,FREM1,153.0
A4FU01,Q153L,0.0975,benign,FREM1,153.0
A4FU01,Q153M,0.318,benign,FREM1,153.0
A4FU01,Q153N,0.4124,ambiguous,FREM1,153.0
A4FU01,Q153P,0.1355,benign,FREM1,153.0
A4FU01,Q153R,0.0932,benign,FREM1,153.0
A4FU01,Q153S,0.2716,benign,FREM1,153.0
A4FU01,Q153T,0.2211,benign,FREM1,153.0
A4FU01,Q153V,0.2042,benign,FREM1,153.0
A4FU01,Q153W,0.3874,ambiguous,FREM1,153.0
A4FU01,Q153Y,0.4592,ambiguous,FREM1,153.0
A4FU01,A154C,0.7692,pathogenic,FREM1,154.0
A4FU01,A154D,0.6671,pathogenic,FREM1,154.0
A4FU01,A154E,0.6608,pathogenic,FREM1,154.0
A4FU01,A154F,0.7312,pathogenic,FREM1,154.0
A4FU01,A154G,0.2191,benign,FREM1,154.0
A4FU01,A154H,0.8406,pathogenic,FREM1,154.0
A4FU01,A154I,0.546,ambiguous,FREM1,154.0
A4FU01,A154K,0.8376,pathogenic,FREM1,154.0
A4FU01,A154L,0.4799,ambiguous,FREM1,154.0
A4FU01,A154M,0.558,ambiguous,FREM1,154.0
A4FU01,A154N,0.6473,pathogenic,FREM1,154.0
A4FU01,A154P,0.4847,ambiguous,FREM1,154.0
A4FU01,A154Q,0.7392,pathogenic,FREM1,154.0
A4FU01,A154R,0.7234,pathogenic,FREM1,154.0
A4FU01,A154S,0.1894,benign,FREM1,154.0
A4FU01,A154T,0.2702,benign,FREM1,154.0
A4FU01,A154V,0.2355,benign,FREM1,154.0
A4FU01,A154W,0.9312,pathogenic,FREM1,154.0
A4FU01,A154Y,0.8063,pathogenic,FREM1,154.0
A4FU01,F155A,0.5775,pathogenic,FREM1,155.0
A4FU01,F155C,0.4214,ambiguous,FREM1,155.0
A4FU01,F155D,0.8428,pathogenic,FREM1,155.0
A4FU01,F155E,0.8147,pathogenic,FREM1,155.0
A4FU01,F155G,0.7471,pathogenic,FREM1,155.0
A4FU01,F155H,0.5889,pathogenic,FREM1,155.0
A4FU01,F155I,0.2662,benign,FREM1,155.0
A4FU01,F155K,0.7756,pathogenic,FREM1,155.0
A4FU01,F155L,0.7985,pathogenic,FREM1,155.0
A4FU01,F155M,0.5614,ambiguous,FREM1,155.0
A4FU01,F155N,0.7366,pathogenic,FREM1,155.0
A4FU01,F155P,0.9369,pathogenic,FREM1,155.0
A4FU01,F155Q,0.6745,pathogenic,FREM1,155.0
A4FU01,F155R,0.587,pathogenic,FREM1,155.0
A4FU01,F155S,0.4406,ambiguous,FREM1,155.0
A4FU01,F155T,0.6343,pathogenic,FREM1,155.0
A4FU01,F155V,0.2757,benign,FREM1,155.0
A4FU01,F155W,0.3591,ambiguous,FREM1,155.0
A4FU01,F155Y,0.1752,benign,FREM1,155.0
A4FU01,Q156A,0.174,benign,FREM1,156.0
A4FU01,Q156C,0.4864,ambiguous,FREM1,156.0
A4FU01,Q156D,0.345,ambiguous,FREM1,156.0
A4FU01,Q156E,0.0786,benign,FREM1,156.0
A4FU01,Q156F,0.635,pathogenic,FREM1,156.0
A4FU01,Q156G,0.2216,benign,FREM1,156.0
A4FU01,Q156H,0.1836,benign,FREM1,156.0
A4FU01,Q156I,0.4231,ambiguous,FREM1,156.0
A4FU01,Q156K,0.0937,benign,FREM1,156.0
A4FU01,Q156L,0.113,benign,FREM1,156.0
A4FU01,Q156M,0.3603,ambiguous,FREM1,156.0
A4FU01,Q156N,0.3381,benign,FREM1,156.0
A4FU01,Q156P,0.199,benign,FREM1,156.0
A4FU01,Q156R,0.0701,benign,FREM1,156.0
A4FU01,Q156S,0.2427,benign,FREM1,156.0
A4FU01,Q156T,0.2141,benign,FREM1,156.0
A4FU01,Q156V,0.2633,benign,FREM1,156.0
A4FU01,Q156W,0.3173,benign,FREM1,156.0
A4FU01,Q156Y,0.4053,ambiguous,FREM1,156.0
A4FU01,V157A,0.4944,ambiguous,FREM1,157.0
A4FU01,V157C,0.9211,pathogenic,FREM1,157.0
A4FU01,V157D,0.9114,pathogenic,FREM1,157.0
A4FU01,V157E,0.8319,pathogenic,FREM1,157.0
A4FU01,V157F,0.4443,ambiguous,FREM1,157.0
A4FU01,V157G,0.5511,ambiguous,FREM1,157.0
A4FU01,V157H,0.9586,pathogenic,FREM1,157.0
A4FU01,V157I,0.1185,benign,FREM1,157.0
A4FU01,V157K,0.8848,pathogenic,FREM1,157.0
A4FU01,V157L,0.3488,ambiguous,FREM1,157.0
A4FU01,V157M,0.2581,benign,FREM1,157.0
A4FU01,V157N,0.8611,pathogenic,FREM1,157.0
A4FU01,V157P,0.9594,pathogenic,FREM1,157.0
A4FU01,V157Q,0.8814,pathogenic,FREM1,157.0
A4FU01,V157R,0.8723,pathogenic,FREM1,157.0
A4FU01,V157S,0.7942,pathogenic,FREM1,157.0
A4FU01,V157T,0.5946,pathogenic,FREM1,157.0
A4FU01,V157W,0.9512,pathogenic,FREM1,157.0
A4FU01,V157Y,0.8748,pathogenic,FREM1,157.0
A4FU01,T158A,0.0768,benign,FREM1,158.0
A4FU01,T158C,0.3884,ambiguous,FREM1,158.0
A4FU01,T158D,0.8406,pathogenic,FREM1,158.0
A4FU01,T158E,0.7601,pathogenic,FREM1,158.0
A4FU01,T158F,0.5297,ambiguous,FREM1,158.0
A4FU01,T158G,0.3523,ambiguous,FREM1,158.0
A4FU01,T158H,0.6457,pathogenic,FREM1,158.0
A4FU01,T158I,0.301,benign,FREM1,158.0
A4FU01,T158K,0.644,pathogenic,FREM1,158.0
A4FU01,T158L,0.1859,benign,FREM1,158.0
A4FU01,T158M,0.1098,benign,FREM1,158.0
A4FU01,T158N,0.4139,ambiguous,FREM1,158.0
A4FU01,T158P,0.5068,ambiguous,FREM1,158.0
A4FU01,T158Q,0.5803,pathogenic,FREM1,158.0
A4FU01,T158R,0.5385,ambiguous,FREM1,158.0
A4FU01,T158S,0.1909,benign,FREM1,158.0
A4FU01,T158V,0.1969,benign,FREM1,158.0
A4FU01,T158W,0.8349,pathogenic,FREM1,158.0
A4FU01,T158Y,0.6635,pathogenic,FREM1,158.0
A4FU01,M159A,0.183,benign,FREM1,159.0
A4FU01,M159C,0.6806,pathogenic,FREM1,159.0
A4FU01,M159D,0.7163,pathogenic,FREM1,159.0
A4FU01,M159E,0.3042,benign,FREM1,159.0
A4FU01,M159F,0.4782,ambiguous,FREM1,159.0
A4FU01,M159G,0.4052,ambiguous,FREM1,159.0
A4FU01,M159H,0.4342,ambiguous,FREM1,159.0
A4FU01,M159I,0.3927,ambiguous,FREM1,159.0
A4FU01,M159K,0.1521,benign,FREM1,159.0
A4FU01,M159L,0.1435,benign,FREM1,159.0
A4FU01,M159N,0.4295,ambiguous,FREM1,159.0
A4FU01,M159P,0.893,pathogenic,FREM1,159.0
A4FU01,M159Q,0.1839,benign,FREM1,159.0
A4FU01,M159R,0.126,benign,FREM1,159.0
A4FU01,M159S,0.2718,benign,FREM1,159.0
A4FU01,M159T,0.1144,benign,FREM1,159.0
A4FU01,M159V,0.081,benign,FREM1,159.0
A4FU01,M159W,0.5876,pathogenic,FREM1,159.0
A4FU01,M159Y,0.6176,pathogenic,FREM1,159.0
A4FU01,A160C,0.6863,pathogenic,FREM1,160.0
A4FU01,A160D,0.417,ambiguous,FREM1,160.0
A4FU01,A160E,0.3875,ambiguous,FREM1,160.0
A4FU01,A160F,0.6956,pathogenic,FREM1,160.0
A4FU01,A160G,0.1916,benign,FREM1,160.0
A4FU01,A160H,0.6471,pathogenic,FREM1,160.0
A4FU01,A160I,0.7101,pathogenic,FREM1,160.0
A4FU01,A160K,0.5836,pathogenic,FREM1,160.0
A4FU01,A160L,0.504,ambiguous,FREM1,160.0
A4FU01,A160M,0.4632,ambiguous,FREM1,160.0
A4FU01,A160N,0.4365,ambiguous,FREM1,160.0
A4FU01,A160P,0.9425,pathogenic,FREM1,160.0
A4FU01,A160Q,0.4807,ambiguous,FREM1,160.0
A4FU01,A160R,0.5155,ambiguous,FREM1,160.0
A4FU01,A160S,0.1456,benign,FREM1,160.0
A4FU01,A160T,0.19,benign,FREM1,160.0
A4FU01,A160V,0.3553,ambiguous,FREM1,160.0
A4FU01,A160W,0.908,pathogenic,FREM1,160.0
A4FU01,A160Y,0.7415,pathogenic,FREM1,160.0
A4FU01,I161A,0.6716,pathogenic,FREM1,161.0
A4FU01,I161C,0.9401,pathogenic,FREM1,161.0
A4FU01,I161D,0.9943,pathogenic,FREM1,161.0
A4FU01,I161E,0.9826,pathogenic,FREM1,161.0
A4FU01,I161F,0.5629,ambiguous,FREM1,161.0
A4FU01,I161G,0.9694,pathogenic,FREM1,161.0
A4FU01,I161H,0.985,pathogenic,FREM1,161.0
A4FU01,I161K,0.966,pathogenic,FREM1,161.0
A4FU01,I161L,0.2344,benign,FREM1,161.0
A4FU01,I161M,0.1409,benign,FREM1,161.0
A4FU01,I161N,0.9573,pathogenic,FREM1,161.0
A4FU01,I161P,0.98,pathogenic,FREM1,161.0
A4FU01,I161Q,0.9722,pathogenic,FREM1,161.0
A4FU01,I161R,0.9469,pathogenic,FREM1,161.0
A4FU01,I161S,0.8859,pathogenic,FREM1,161.0
A4FU01,I161T,0.7013,pathogenic,FREM1,161.0
A4FU01,I161V,0.1182,benign,FREM1,161.0
A4FU01,I161W,0.9673,pathogenic,FREM1,161.0
A4FU01,I161Y,0.9517,pathogenic,FREM1,161.0
A4FU01,V162A,0.1432,benign,FREM1,162.0
A4FU01,V162C,0.5406,ambiguous,FREM1,162.0
A4FU01,V162D,0.519,ambiguous,FREM1,162.0
A4FU01,V162E,0.3959,ambiguous,FREM1,162.0
A4FU01,V162F,0.1773,benign,FREM1,162.0
A4FU01,V162G,0.2308,benign,FREM1,162.0
A4FU01,V162H,0.562,ambiguous,FREM1,162.0
A4FU01,V162I,0.0737,benign,FREM1,162.0
A4FU01,V162K,0.474,ambiguous,FREM1,162.0
A4FU01,V162L,0.1342,benign,FREM1,162.0
A4FU01,V162M,0.1349,benign,FREM1,162.0
A4FU01,V162N,0.3515,ambiguous,FREM1,162.0
A4FU01,V162P,0.7992,pathogenic,FREM1,162.0
A4FU01,V162Q,0.3583,ambiguous,FREM1,162.0
A4FU01,V162R,0.3435,ambiguous,FREM1,162.0
A4FU01,V162S,0.2124,benign,FREM1,162.0
A4FU01,V162T,0.217,benign,FREM1,162.0
A4FU01,V162W,0.6705,pathogenic,FREM1,162.0
A4FU01,V162Y,0.5331,ambiguous,FREM1,162.0
A4FU01,Q163A,0.1764,benign,FREM1,163.0
A4FU01,Q163C,0.4468,ambiguous,FREM1,163.0
A4FU01,Q163D,0.3319,benign,FREM1,163.0
A4FU01,Q163E,0.0817,benign,FREM1,163.0
A4FU01,Q163F,0.618,pathogenic,FREM1,163.0
A4FU01,Q163G,0.1901,benign,FREM1,163.0
A4FU01,Q163H,0.1568,benign,FREM1,163.0
A4FU01,Q163I,0.4631,ambiguous,FREM1,163.0
A4FU01,Q163K,0.0767,benign,FREM1,163.0
A4FU01,Q163L,0.1263,benign,FREM1,163.0
A4FU01,Q163M,0.3558,ambiguous,FREM1,163.0
A4FU01,Q163N,0.2814,benign,FREM1,163.0
A4FU01,Q163P,0.3821,ambiguous,FREM1,163.0
A4FU01,Q163R,0.0652,benign,FREM1,163.0
A4FU01,Q163S,0.2324,benign,FREM1,163.0
A4FU01,Q163T,0.2152,benign,FREM1,163.0
A4FU01,Q163V,0.2979,benign,FREM1,163.0
A4FU01,Q163W,0.3119,benign,FREM1,163.0
A4FU01,Q163Y,0.3902,ambiguous,FREM1,163.0
A4FU01,A164C,0.4681,ambiguous,FREM1,164.0
A4FU01,A164D,0.4429,ambiguous,FREM1,164.0
A4FU01,A164E,0.3252,benign,FREM1,164.0
A4FU01,A164F,0.3915,ambiguous,FREM1,164.0
A4FU01,A164G,0.1469,benign,FREM1,164.0
A4FU01,A164H,0.4736,ambiguous,FREM1,164.0
A4FU01,A164I,0.4546,ambiguous,FREM1,164.0
A4FU01,A164K,0.5316,ambiguous,FREM1,164.0
A4FU01,A164L,0.3201,benign,FREM1,164.0
A4FU01,A164M,0.31,benign,FREM1,164.0
A4FU01,A164N,0.3587,ambiguous,FREM1,164.0
A4FU01,A164P,0.8657,pathogenic,FREM1,164.0
A4FU01,A164Q,0.3879,ambiguous,FREM1,164.0
A4FU01,A164R,0.4478,ambiguous,FREM1,164.0
A4FU01,A164S,0.1137,benign,FREM1,164.0
A4FU01,A164T,0.1474,benign,FREM1,164.0
A4FU01,A164V,0.1995,benign,FREM1,164.0
A4FU01,A164W,0.7017,pathogenic,FREM1,164.0
A4FU01,A164Y,0.4597,ambiguous,FREM1,164.0
A4FU01,R165A,0.1819,benign,FREM1,165.0
A4FU01,R165C,0.1411,benign,FREM1,165.0
A4FU01,R165D,0.5269,ambiguous,FREM1,165.0
A4FU01,R165E,0.1911,benign,FREM1,165.0
A4FU01,R165F,0.3535,ambiguous,FREM1,165.0
A4FU01,R165G,0.1249,benign,FREM1,165.0
A4FU01,R165H,0.1194,benign,FREM1,165.0
A4FU01,R165I,0.1797,benign,FREM1,165.0
A4FU01,R165K,0.0799,benign,FREM1,165.0
A4FU01,R165L,0.1342,benign,FREM1,165.0
A4FU01,R165M,0.1417,benign,FREM1,165.0
A4FU01,R165N,0.4196,ambiguous,FREM1,165.0
A4FU01,R165P,0.5788,pathogenic,FREM1,165.0
A4FU01,R165Q,0.0748,benign,FREM1,165.0
A4FU01,R165S,0.2689,benign,FREM1,165.0
A4FU01,R165T,0.1372,benign,FREM1,165.0
A4FU01,R165V,0.2128,benign,FREM1,165.0
A4FU01,R165W,0.1089,benign,FREM1,165.0
A4FU01,R165Y,0.2797,benign,FREM1,165.0
A4FU01,A166C,0.2699,benign,FREM1,166.0
A4FU01,A166D,0.1392,benign,FREM1,166.0
A4FU01,A166E,0.1077,benign,FREM1,166.0
A4FU01,A166F,0.1801,benign,FREM1,166.0
A4FU01,A166G,0.0939,benign,FREM1,166.0
A4FU01,A166H,0.2265,benign,FREM1,166.0
A4FU01,A166I,0.1441,benign,FREM1,166.0
A4FU01,A166K,0.1822,benign,FREM1,166.0
A4FU01,A166L,0.1064,benign,FREM1,166.0
A4FU01,A166M,0.1281,benign,FREM1,166.0
A4FU01,A166N,0.1414,benign,FREM1,166.0
A4FU01,A166P,0.2983,benign,FREM1,166.0
A4FU01,A166Q,0.1475,benign,FREM1,166.0
A4FU01,A166R,0.1577,benign,FREM1,166.0
A4FU01,A166S,0.0832,benign,FREM1,166.0
A4FU01,A166T,0.0706,benign,FREM1,166.0
A4FU01,A166V,0.0847,benign,FREM1,166.0
A4FU01,A166W,0.3341,benign,FREM1,166.0
A4FU01,A166Y,0.232,benign,FREM1,166.0
A4FU01,Q167A,0.1191,benign,FREM1,167.0
A4FU01,Q167C,0.2917,benign,FREM1,167.0
A4FU01,Q167D,0.2142,benign,FREM1,167.0
A4FU01,Q167E,0.0785,benign,FREM1,167.0
A4FU01,Q167F,0.3786,ambiguous,FREM1,167.0
A4FU01,Q167G,0.1273,benign,FREM1,167.0
A4FU01,Q167H,0.1276,benign,FREM1,167.0
A4FU01,Q167I,0.2326,benign,FREM1,167.0
A4FU01,Q167K,0.0753,benign,FREM1,167.0
A4FU01,Q167L,0.0853,benign,FREM1,167.0
A4FU01,Q167M,0.2386,benign,FREM1,167.0
A4FU01,Q167N,0.191,benign,FREM1,167.0
A4FU01,Q167P,0.1493,benign,FREM1,167.0
A4FU01,Q167R,0.0653,benign,FREM1,167.0
A4FU01,Q167S,0.1514,benign,FREM1,167.0
A4FU01,Q167T,0.1424,benign,FREM1,167.0
A4FU01,Q167V,0.1603,benign,FREM1,167.0
A4FU01,Q167W,0.2165,benign,FREM1,167.0
A4FU01,Q167Y,0.2498,benign,FREM1,167.0
A4FU01,S168A,0.0919,benign,FREM1,168.0
A4FU01,S168C,0.0679,benign,FREM1,168.0
A4FU01,S168D,0.1557,benign,FREM1,168.0
A4FU01,S168E,0.2259,benign,FREM1,168.0
A4FU01,S168F,0.21,benign,FREM1,168.0
A4FU01,S168G,0.0642,benign,FREM1,168.0
A4FU01,S168H,0.1389,benign,FREM1,168.0
A4FU01,S168I,0.116,benign,FREM1,168.0
A4FU01,S168K,0.243,benign,FREM1,168.0
A4FU01,S168L,0.1283,benign,FREM1,168.0
A4FU01,S168M,0.1721,benign,FREM1,168.0
A4FU01,S168N,0.0724,benign,FREM1,168.0
A4FU01,S168P,0.2056,benign,FREM1,168.0
A4FU01,S168Q,0.2051,benign,FREM1,168.0
A4FU01,S168R,0.1779,benign,FREM1,168.0
A4FU01,S168T,0.0857,benign,FREM1,168.0
A4FU01,S168V,0.145,benign,FREM1,168.0
A4FU01,S168W,0.1796,benign,FREM1,168.0
A4FU01,S168Y,0.1292,benign,FREM1,168.0
A4FU01,N169A,0.0775,benign,FREM1,169.0
A4FU01,N169C,0.0796,benign,FREM1,169.0
A4FU01,N169D,0.0723,benign,FREM1,169.0
A4FU01,N169E,0.1257,benign,FREM1,169.0
A4FU01,N169F,0.1746,benign,FREM1,169.0
A4FU01,N169G,0.0868,benign,FREM1,169.0
A4FU01,N169H,0.059,benign,FREM1,169.0
A4FU01,N169I,0.0834,benign,FREM1,169.0
A4FU01,N169K,0.0944,benign,FREM1,169.0
A4FU01,N169L,0.088,benign,FREM1,169.0
A4FU01,N169M,0.1613,benign,FREM1,169.0
A4FU01,N169P,0.1157,benign,FREM1,169.0
A4FU01,N169Q,0.1075,benign,FREM1,169.0
A4FU01,N169R,0.0808,benign,FREM1,169.0
A4FU01,N169S,0.0496,benign,FREM1,169.0
A4FU01,N169T,0.0654,benign,FREM1,169.0
A4FU01,N169V,0.0908,benign,FREM1,169.0
A4FU01,N169W,0.2396,benign,FREM1,169.0
A4FU01,N169Y,0.0735,benign,FREM1,169.0
A4FU01,Q170A,0.0863,benign,FREM1,170.0
A4FU01,Q170C,0.2139,benign,FREM1,170.0
A4FU01,Q170D,0.1249,benign,FREM1,170.0
A4FU01,Q170E,0.0642,benign,FREM1,170.0
A4FU01,Q170F,0.2581,benign,FREM1,170.0
A4FU01,Q170G,0.0979,benign,FREM1,170.0
A4FU01,Q170H,0.0857,benign,FREM1,170.0
A4FU01,Q170I,0.1533,benign,FREM1,170.0
A4FU01,Q170K,0.0709,benign,FREM1,170.0
A4FU01,Q170L,0.0753,benign,FREM1,170.0
A4FU01,Q170M,0.1776,benign,FREM1,170.0
A4FU01,Q170N,0.1368,benign,FREM1,170.0
A4FU01,Q170P,0.07,benign,FREM1,170.0
A4FU01,Q170R,0.0616,benign,FREM1,170.0
A4FU01,Q170S,0.1001,benign,FREM1,170.0
A4FU01,Q170T,0.0931,benign,FREM1,170.0
A4FU01,Q170V,0.1088,benign,FREM1,170.0
A4FU01,Q170W,0.1635,benign,FREM1,170.0
A4FU01,Q170Y,0.1738,benign,FREM1,170.0
A4FU01,A171C,0.1987,benign,FREM1,171.0
A4FU01,A171D,0.0949,benign,FREM1,171.0
A4FU01,A171E,0.0994,benign,FREM1,171.0
A4FU01,A171F,0.1245,benign,FREM1,171.0
A4FU01,A171G,0.0694,benign,FREM1,171.0
A4FU01,A171H,0.1542,benign,FREM1,171.0
A4FU01,A171I,0.1039,benign,FREM1,171.0
A4FU01,A171K,0.129,benign,FREM1,171.0
A4FU01,A171L,0.0849,benign,FREM1,171.0
A4FU01,A171M,0.1058,benign,FREM1,171.0
A4FU01,A171N,0.1032,benign,FREM1,171.0
A4FU01,A171P,0.0777,benign,FREM1,171.0
A4FU01,A171Q,0.1241,benign,FREM1,171.0
A4FU01,A171R,0.1142,benign,FREM1,171.0
A4FU01,A171S,0.0725,benign,FREM1,171.0
A4FU01,A171T,0.0647,benign,FREM1,171.0
A4FU01,A171V,0.0719,benign,FREM1,171.0
A4FU01,A171W,0.2311,benign,FREM1,171.0
A4FU01,A171Y,0.16,benign,FREM1,171.0
A4FU01,Q172A,0.1171,benign,FREM1,172.0
A4FU01,Q172C,0.2503,benign,FREM1,172.0
A4FU01,Q172D,0.173,benign,FREM1,172.0
A4FU01,Q172E,0.0762,benign,FREM1,172.0
A4FU01,Q172F,0.3127,benign,FREM1,172.0
A4FU01,Q172G,0.1076,benign,FREM1,172.0
A4FU01,Q172H,0.109,benign,FREM1,172.0
A4FU01,Q172I,0.1936,benign,FREM1,172.0
A4FU01,Q172K,0.0792,benign,FREM1,172.0
A4FU01,Q172L,0.0838,benign,FREM1,172.0
A4FU01,Q172M,0.2195,benign,FREM1,172.0
A4FU01,Q172N,0.1609,benign,FREM1,172.0
A4FU01,Q172P,0.0762,benign,FREM1,172.0
A4FU01,Q172R,0.0682,benign,FREM1,172.0
A4FU01,Q172S,0.1232,benign,FREM1,172.0
A4FU01,Q172T,0.1225,benign,FREM1,172.0
A4FU01,Q172V,0.1391,benign,FREM1,172.0
A4FU01,Q172W,0.1729,benign,FREM1,172.0
A4FU01,Q172Y,0.2009,benign,FREM1,172.0
A4FU01,Q173A,0.1001,benign,FREM1,173.0
A4FU01,Q173C,0.2076,benign,FREM1,173.0
A4FU01,Q173D,0.1454,benign,FREM1,173.0
A4FU01,Q173E,0.0764,benign,FREM1,173.0
A4FU01,Q173F,0.2743,benign,FREM1,173.0
A4FU01,Q173G,0.1035,benign,FREM1,173.0
A4FU01,Q173H,0.0917,benign,FREM1,173.0
A4FU01,Q173I,0.1491,benign,FREM1,173.0
A4FU01,Q173K,0.073,benign,FREM1,173.0
A4FU01,Q173L,0.0744,benign,FREM1,173.0
A4FU01,Q173M,0.1823,benign,FREM1,173.0
A4FU01,Q173N,0.1256,benign,FREM1,173.0
A4FU01,Q173P,0.0686,benign,FREM1,173.0
A4FU01,Q173R,0.07,benign,FREM1,173.0
A4FU01,Q173S,0.1076,benign,FREM1,173.0
A4FU01,Q173T,0.0995,benign,FREM1,173.0
A4FU01,Q173V,0.118,benign,FREM1,173.0
A4FU01,Q173W,0.1634,benign,FREM1,173.0
A4FU01,Q173Y,0.1699,benign,FREM1,173.0
A4FU01,Y174A,0.2253,benign,FREM1,174.0
A4FU01,Y174C,0.0949,benign,FREM1,174.0
A4FU01,Y174D,0.1472,benign,FREM1,174.0
A4FU01,Y174E,0.331,benign,FREM1,174.0
A4FU01,Y174F,0.1023,benign,FREM1,174.0
A4FU01,Y174G,0.1834,benign,FREM1,174.0
A4FU01,Y174H,0.1399,benign,FREM1,174.0
A4FU01,Y174I,0.2118,benign,FREM1,174.0
A4FU01,Y174K,0.3173,benign,FREM1,174.0
A4FU01,Y174L,0.2149,benign,FREM1,174.0
A4FU01,Y174M,0.343,ambiguous,FREM1,174.0
A4FU01,Y174N,0.1144,benign,FREM1,174.0
A4FU01,Y174P,0.2528,benign,FREM1,174.0
A4FU01,Y174Q,0.2672,benign,FREM1,174.0
A4FU01,Y174R,0.227,benign,FREM1,174.0
A4FU01,Y174S,0.1297,benign,FREM1,174.0
A4FU01,Y174T,0.2154,benign,FREM1,174.0
A4FU01,Y174V,0.1802,benign,FREM1,174.0
A4FU01,Y174W,0.2552,benign,FREM1,174.0
A4FU01,S175A,0.0568,benign,FREM1,175.0
A4FU01,S175C,0.0686,benign,FREM1,175.0
A4FU01,S175D,0.1053,benign,FREM1,175.0
A4FU01,S175E,0.1219,benign,FREM1,175.0
A4FU01,S175F,0.1037,benign,FREM1,175.0
A4FU01,S175G,0.0563,benign,FREM1,175.0
A4FU01,S175H,0.0944,benign,FREM1,175.0
A4FU01,S175I,0.0864,benign,FREM1,175.0
A4FU01,S175K,0.1242,benign,FREM1,175.0
A4FU01,S175L,0.0657,benign,FREM1,175.0
A4FU01,S175M,0.1185,benign,FREM1,175.0
A4FU01,S175N,0.0758,benign,FREM1,175.0
A4FU01,S175P,0.0626,benign,FREM1,175.0
A4FU01,S175Q,0.1206,benign,FREM1,175.0
A4FU01,S175R,0.0944,benign,FREM1,175.0
A4FU01,S175T,0.0625,benign,FREM1,175.0
A4FU01,S175V,0.0904,benign,FREM1,175.0
A4FU01,S175W,0.0974,benign,FREM1,175.0
A4FU01,S175Y,0.0837,benign,FREM1,175.0
A4FU01,G176A,0.0811,benign,FREM1,176.0
A4FU01,G176C,0.1098,benign,FREM1,176.0
A4FU01,G176D,0.089,benign,FREM1,176.0
A4FU01,G176E,0.1002,benign,FREM1,176.0
A4FU01,G176F,0.2491,benign,FREM1,176.0
A4FU01,G176H,0.1447,benign,FREM1,176.0
A4FU01,G176I,0.1389,benign,FREM1,176.0
A4FU01,G176K,0.1508,benign,FREM1,176.0
A4FU01,G176L,0.1921,benign,FREM1,176.0
A4FU01,G176M,0.2291,benign,FREM1,176.0
A4FU01,G176N,0.1363,benign,FREM1,176.0
A4FU01,G176P,0.2742,benign,FREM1,176.0
A4FU01,G176Q,0.1382,benign,FREM1,176.0
A4FU01,G176R,0.1015,benign,FREM1,176.0
A4FU01,G176S,0.0777,benign,FREM1,176.0
A4FU01,G176T,0.0945,benign,FREM1,176.0
A4FU01,G176V,0.1028,benign,FREM1,176.0
A4FU01,G176W,0.1584,benign,FREM1,176.0
A4FU01,G176Y,0.1696,benign,FREM1,176.0
A4FU01,I177A,0.1773,benign,FREM1,177.0
A4FU01,I177C,0.3102,benign,FREM1,177.0
A4FU01,I177D,0.2876,benign,FREM1,177.0
A4FU01,I177E,0.2595,benign,FREM1,177.0
A4FU01,I177F,0.0776,benign,FREM1,177.0
A4FU01,I177G,0.2931,benign,FREM1,177.0
A4FU01,I177H,0.2216,benign,FREM1,177.0
A4FU01,I177K,0.1762,benign,FREM1,177.0
A4FU01,I177L,0.0773,benign,FREM1,177.0
A4FU01,I177M,0.0676,benign,FREM1,177.0
A4FU01,I177N,0.1176,benign,FREM1,177.0
A4FU01,I177P,0.27,benign,FREM1,177.0
A4FU01,I177Q,0.2004,benign,FREM1,177.0
A4FU01,I177R,0.1258,benign,FREM1,177.0
A4FU01,I177S,0.1542,benign,FREM1,177.0
A4FU01,I177T,0.1661,benign,FREM1,177.0
A4FU01,I177V,0.0781,benign,FREM1,177.0
A4FU01,I177W,0.3427,ambiguous,FREM1,177.0
A4FU01,I177Y,0.2113,benign,FREM1,177.0
A4FU01,T178A,0.0657,benign,FREM1,178.0
A4FU01,T178C,0.1868,benign,FREM1,178.0
A4FU01,T178D,0.1737,benign,FREM1,178.0
A4FU01,T178E,0.1691,benign,FREM1,178.0
A4FU01,T178F,0.108,benign,FREM1,178.0
A4FU01,T178G,0.1382,benign,FREM1,178.0
A4FU01,T178H,0.1165,benign,FREM1,178.0
A4FU01,T178I,0.0773,benign,FREM1,178.0
A4FU01,T178K,0.1192,benign,FREM1,178.0
A4FU01,T178L,0.0682,benign,FREM1,178.0
A4FU01,T178M,0.079,benign,FREM1,178.0
A4FU01,T178N,0.0801,benign,FREM1,178.0
A4FU01,T178P,0.0669,benign,FREM1,178.0
A4FU01,T178Q,0.1283,benign,FREM1,178.0
A4FU01,T178R,0.0929,benign,FREM1,178.0
A4FU01,T178S,0.0787,benign,FREM1,178.0
A4FU01,T178V,0.0853,benign,FREM1,178.0
A4FU01,T178W,0.2626,benign,FREM1,178.0
A4FU01,T178Y,0.1283,benign,FREM1,178.0
A4FU01,L179A,0.1142,benign,FREM1,179.0
A4FU01,L179C,0.2149,benign,FREM1,179.0
A4FU01,L179D,0.2933,benign,FREM1,179.0
A4FU01,L179E,0.1619,benign,FREM1,179.0
A4FU01,L179F,0.0765,benign,FREM1,179.0
A4FU01,L179G,0.1854,benign,FREM1,179.0
A4FU01,L179H,0.1164,benign,FREM1,179.0
A4FU01,L179I,0.0818,benign,FREM1,179.0
A4FU01,L179K,0.1349,benign,FREM1,179.0
A4FU01,L179M,0.089,benign,FREM1,179.0
A4FU01,L179N,0.1933,benign,FREM1,179.0
A4FU01,L179P,0.0763,benign,FREM1,179.0
A4FU01,L179Q,0.0872,benign,FREM1,179.0
A4FU01,L179R,0.0873,benign,FREM1,179.0
A4FU01,L179S,0.1156,benign,FREM1,179.0
A4FU01,L179T,0.1175,benign,FREM1,179.0
A4FU01,L179V,0.0752,benign,FREM1,179.0
A4FU01,L179W,0.0973,benign,FREM1,179.0
A4FU01,L179Y,0.1635,benign,FREM1,179.0
A4FU01,S180A,0.0808,benign,FREM1,180.0
A4FU01,S180C,0.0722,benign,FREM1,180.0
A4FU01,S180D,0.1808,benign,FREM1,180.0
A4FU01,S180E,0.1905,benign,FREM1,180.0
A4FU01,S180F,0.1519,benign,FREM1,180.0
A4FU01,S180G,0.0702,benign,FREM1,180.0
A4FU01,S180H,0.1381,benign,FREM1,180.0
A4FU01,S180I,0.1318,benign,FREM1,180.0
A4FU01,S180K,0.2078,benign,FREM1,180.0
A4FU01,S180L,0.0923,benign,FREM1,180.0
A4FU01,S180M,0.1624,benign,FREM1,180.0
A4FU01,S180N,0.0988,benign,FREM1,180.0
A4FU01,S180P,0.0821,benign,FREM1,180.0
A4FU01,S180Q,0.1671,benign,FREM1,180.0
A4FU01,S180R,0.1414,benign,FREM1,180.0
A4FU01,S180T,0.0814,benign,FREM1,180.0
A4FU01,S180V,0.143,benign,FREM1,180.0
A4FU01,S180W,0.1235,benign,FREM1,180.0
A4FU01,S180Y,0.1108,benign,FREM1,180.0
A4FU01,K181A,0.1491,benign,FREM1,181.0
A4FU01,K181C,0.4193,ambiguous,FREM1,181.0
A4FU01,K181D,0.2425,benign,FREM1,181.0
A4FU01,K181E,0.0886,benign,FREM1,181.0
A4FU01,K181F,0.447,ambiguous,FREM1,181.0
A4FU01,K181G,0.1708,benign,FREM1,181.0
A4FU01,K181H,0.196,benign,FREM1,181.0
A4FU01,K181I,0.2159,benign,FREM1,181.0
A4FU01,K181L,0.1851,benign,FREM1,181.0
A4FU01,K181M,0.1434,benign,FREM1,181.0
A4FU01,K181N,0.1961,benign,FREM1,181.0
A4FU01,K181P,0.2357,benign,FREM1,181.0
A4FU01,K181Q,0.098,benign,FREM1,181.0
A4FU01,K181R,0.072,benign,FREM1,181.0
A4FU01,K181S,0.1892,benign,FREM1,181.0
A4FU01,K181T,0.1051,benign,FREM1,181.0
A4FU01,K181V,0.1855,benign,FREM1,181.0
A4FU01,K181W,0.4441,ambiguous,FREM1,181.0
A4FU01,K181Y,0.3388,benign,FREM1,181.0
A4FU01,A182C,0.2494,benign,FREM1,182.0
A4FU01,A182D,0.1056,benign,FREM1,182.0
A4FU01,A182E,0.1086,benign,FREM1,182.0
A4FU01,A182F,0.1559,benign,FREM1,182.0
A4FU01,A182G,0.0857,benign,FREM1,182.0
A4FU01,A182H,0.1993,benign,FREM1,182.0
A4FU01,A182I,0.1262,benign,FREM1,182.0
A4FU01,A182K,0.1579,benign,FREM1,182.0
A4FU01,A182L,0.1035,benign,FREM1,182.0
A4FU01,A182M,0.1234,benign,FREM1,182.0
A4FU01,A182N,0.1279,benign,FREM1,182.0
A4FU01,A182P,0.0905,benign,FREM1,182.0
A4FU01,A182Q,0.1584,benign,FREM1,182.0
A4FU01,A182R,0.1387,benign,FREM1,182.0
A4FU01,A182S,0.0817,benign,FREM1,182.0
A4FU01,A182T,0.0696,benign,FREM1,182.0
A4FU01,A182V,0.0797,benign,FREM1,182.0
A4FU01,A182W,0.292,benign,FREM1,182.0
A4FU01,A182Y,0.1883,benign,FREM1,182.0
A4FU01,G183A,0.0789,benign,FREM1,183.0
A4FU01,G183C,0.098,benign,FREM1,183.0
A4FU01,G183D,0.0945,benign,FREM1,183.0
A4FU01,G183E,0.0922,benign,FREM1,183.0
A4FU01,G183F,0.1755,benign,FREM1,183.0
A4FU01,G183H,0.1297,benign,FREM1,183.0
A4FU01,G183I,0.1098,benign,FREM1,183.0
A4FU01,G183K,0.1165,benign,FREM1,183.0
A4FU01,G183L,0.1441,benign,FREM1,183.0
A4FU01,G183M,0.1936,benign,FREM1,183.0
A4FU01,G183N,0.1333,benign,FREM1,183.0
A4FU01,G183P,0.2209,benign,FREM1,183.0
A4FU01,G183Q,0.1093,benign,FREM1,183.0
A4FU01,G183R,0.0807,benign,FREM1,183.0
A4FU01,G183S,0.0769,benign,FREM1,183.0
A4FU01,G183T,0.0913,benign,FREM1,183.0
A4FU01,G183V,0.0865,benign,FREM1,183.0
A4FU01,G183W,0.1246,benign,FREM1,183.0
A4FU01,G183Y,0.1364,benign,FREM1,183.0
A4FU01,Q184A,0.1003,benign,FREM1,184.0
A4FU01,Q184C,0.215,benign,FREM1,184.0
A4FU01,Q184D,0.1556,benign,FREM1,184.0
A4FU01,Q184E,0.073,benign,FREM1,184.0
A4FU01,Q184F,0.2622,benign,FREM1,184.0
A4FU01,Q184G,0.1068,benign,FREM1,184.0
A4FU01,Q184H,0.1004,benign,FREM1,184.0
A4FU01,Q184I,0.1591,benign,FREM1,184.0
A4FU01,Q184K,0.0652,benign,FREM1,184.0
A4FU01,Q184L,0.0797,benign,FREM1,184.0
A4FU01,Q184M,0.1792,benign,FREM1,184.0
A4FU01,Q184N,0.1366,benign,FREM1,184.0
A4FU01,Q184P,0.0748,benign,FREM1,184.0
A4FU01,Q184R,0.0663,benign,FREM1,184.0
A4FU01,Q184S,0.1105,benign,FREM1,184.0
A4FU01,Q184T,0.1019,benign,FREM1,184.0
A4FU01,Q184V,0.119,benign,FREM1,184.0
A4FU01,Q184W,0.1603,benign,FREM1,184.0
A4FU01,Q184Y,0.1737,benign,FREM1,184.0
A4FU01,G185A,0.0713,benign,FREM1,185.0
A4FU01,G185C,0.084,benign,FREM1,185.0
A4FU01,G185D,0.078,benign,FREM1,185.0
A4FU01,G185E,0.0917,benign,FREM1,185.0
A4FU01,G185F,0.1552,benign,FREM1,185.0
A4FU01,G185H,0.1174,benign,FREM1,185.0
A4FU01,G185I,0.0884,benign,FREM1,185.0
A4FU01,G185K,0.1281,benign,FREM1,185.0
A4FU01,G185L,0.1214,benign,FREM1,185.0
A4FU01,G185M,0.1689,benign,FREM1,185.0
A4FU01,G185N,0.1043,benign,FREM1,185.0
A4FU01,G185P,0.163,benign,FREM1,185.0
A4FU01,G185Q,0.1222,benign,FREM1,185.0
A4FU01,G185R,0.0945,benign,FREM1,185.0
A4FU01,G185S,0.0688,benign,FREM1,185.0
A4FU01,G185T,0.0772,benign,FREM1,185.0
A4FU01,G185V,0.0708,benign,FREM1,185.0
A4FU01,G185W,0.1437,benign,FREM1,185.0
A4FU01,G185Y,0.1104,benign,FREM1,185.0
A4FU01,S186A,0.0646,benign,FREM1,186.0
A4FU01,S186C,0.0719,benign,FREM1,186.0
A4FU01,S186D,0.1587,benign,FREM1,186.0
A4FU01,S186E,0.1766,benign,FREM1,186.0
A4FU01,S186F,0.0796,benign,FREM1,186.0
A4FU01,S186G,0.0733,benign,FREM1,186.0
A4FU01,S186H,0.1315,benign,FREM1,186.0
A4FU01,S186I,0.087,benign,FREM1,186.0
A4FU01,S186K,0.1963,benign,FREM1,186.0
A4FU01,S186L,0.0646,benign,FREM1,186.0
A4FU01,S186M,0.1309,benign,FREM1,186.0
A4FU01,S186N,0.0995,benign,FREM1,186.0
A4FU01,S186P,0.0664,benign,FREM1,186.0
A4FU01,S186Q,0.1755,benign,FREM1,186.0
A4FU01,S186R,0.1516,benign,FREM1,186.0
A4FU01,S186T,0.0697,benign,FREM1,186.0
A4FU01,S186V,0.0956,benign,FREM1,186.0
A4FU01,S186W,0.1002,benign,FREM1,186.0
A4FU01,S186Y,0.0814,benign,FREM1,186.0
A4FU01,G187A,0.0715,benign,FREM1,187.0
A4FU01,G187C,0.0836,benign,FREM1,187.0
A4FU01,G187D,0.0758,benign,FREM1,187.0
A4FU01,G187E,0.0944,benign,FREM1,187.0
A4FU01,G187F,0.1581,benign,FREM1,187.0
A4FU01,G187H,0.1159,benign,FREM1,187.0
A4FU01,G187I,0.0948,benign,FREM1,187.0
A4FU01,G187K,0.1305,benign,FREM1,187.0
A4FU01,G187L,0.1256,benign,FREM1,187.0
A4FU01,G187M,0.1894,benign,FREM1,187.0
A4FU01,G187N,0.1131,benign,FREM1,187.0
A4FU01,G187P,0.1702,benign,FREM1,187.0
A4FU01,G187Q,0.1186,benign,FREM1,187.0
A4FU01,G187R,0.0873,benign,FREM1,187.0
A4FU01,G187S,0.0683,benign,FREM1,187.0
A4FU01,G187T,0.0809,benign,FREM1,187.0
A4FU01,G187V,0.0755,benign,FREM1,187.0
A4FU01,G187W,0.131,benign,FREM1,187.0
A4FU01,G187Y,0.1196,benign,FREM1,187.0
A4FU01,S188A,0.0705,benign,FREM1,188.0
A4FU01,S188C,0.0687,benign,FREM1,188.0
A4FU01,S188D,0.1554,benign,FREM1,188.0
A4FU01,S188E,0.1762,benign,FREM1,188.0
A4FU01,S188F,0.082,benign,FREM1,188.0
A4FU01,S188G,0.0811,benign,FREM1,188.0
A4FU01,S188H,0.1252,benign,FREM1,188.0
A4FU01,S188I,0.0951,benign,FREM1,188.0
A4FU01,S188K,0.2046,benign,FREM1,188.0
A4FU01,S188L,0.0711,benign,FREM1,188.0
A4FU01,S188M,0.1429,benign,FREM1,188.0
A4FU01,S188N,0.0991,benign,FREM1,188.0
A4FU01,S188P,0.0625,benign,FREM1,188.0
A4FU01,S188Q,0.1626,benign,FREM1,188.0
A4FU01,S188R,0.1561,benign,FREM1,188.0
A4FU01,S188T,0.076,benign,FREM1,188.0
A4FU01,S188V,0.1009,benign,FREM1,188.0
A4FU01,S188W,0.1078,benign,FREM1,188.0
A4FU01,S188Y,0.0803,benign,FREM1,188.0
A4FU01,R189A,0.1207,benign,FREM1,189.0
A4FU01,R189C,0.1122,benign,FREM1,189.0
A4FU01,R189D,0.2104,benign,FREM1,189.0
A4FU01,R189E,0.1288,benign,FREM1,189.0
A4FU01,R189F,0.2334,benign,FREM1,189.0
A4FU01,R189G,0.068,benign,FREM1,189.0
A4FU01,R189H,0.0957,benign,FREM1,189.0
A4FU01,R189I,0.1297,benign,FREM1,189.0
A4FU01,R189K,0.0784,benign,FREM1,189.0
A4FU01,R189L,0.1116,benign,FREM1,189.0
A4FU01,R189M,0.1334,benign,FREM1,189.0
A4FU01,R189N,0.208,benign,FREM1,189.0
A4FU01,R189P,0.135,benign,FREM1,189.0
A4FU01,R189Q,0.071,benign,FREM1,189.0
A4FU01,R189S,0.1431,benign,FREM1,189.0
A4FU01,R189T,0.0966,benign,FREM1,189.0
A4FU01,R189V,0.1485,benign,FREM1,189.0
A4FU01,R189W,0.0931,benign,FREM1,189.0
A4FU01,R189Y,0.183,benign,FREM1,189.0
A4FU01,K190A,0.1898,benign,FREM1,190.0
A4FU01,K190C,0.4111,ambiguous,FREM1,190.0
A4FU01,K190D,0.2458,benign,FREM1,190.0
A4FU01,K190E,0.1047,benign,FREM1,190.0
A4FU01,K190F,0.3758,ambiguous,FREM1,190.0
A4FU01,K190G,0.2164,benign,FREM1,190.0
A4FU01,K190H,0.1927,benign,FREM1,190.0
A4FU01,K190I,0.1638,benign,FREM1,190.0
A4FU01,K190L,0.1576,benign,FREM1,190.0
A4FU01,K190M,0.1367,benign,FREM1,190.0
A4FU01,K190N,0.1661,benign,FREM1,190.0
A4FU01,K190P,0.2353,benign,FREM1,190.0
A4FU01,K190Q,0.101,benign,FREM1,190.0
A4FU01,K190R,0.0852,benign,FREM1,190.0
A4FU01,K190S,0.1915,benign,FREM1,190.0
A4FU01,K190T,0.1166,benign,FREM1,190.0
A4FU01,K190V,0.1726,benign,FREM1,190.0
A4FU01,K190W,0.4566,ambiguous,FREM1,190.0
A4FU01,K190Y,0.2846,benign,FREM1,190.0
A4FU01,P191A,0.072,benign,FREM1,191.0
A4FU01,P191C,0.2498,benign,FREM1,191.0
A4FU01,P191D,0.2258,benign,FREM1,191.0
A4FU01,P191E,0.155,benign,FREM1,191.0
A4FU01,P191F,0.2091,benign,FREM1,191.0
A4FU01,P191G,0.1866,benign,FREM1,191.0
A4FU01,P191H,0.1077,benign,FREM1,191.0
A4FU01,P191I,0.1526,benign,FREM1,191.0
A4FU01,P191K,0.1405,benign,FREM1,191.0
A4FU01,P191L,0.0799,benign,FREM1,191.0
A4FU01,P191M,0.169,benign,FREM1,191.0
A4FU01,P191N,0.1764,benign,FREM1,191.0
A4FU01,P191Q,0.0963,benign,FREM1,191.0
A4FU01,P191R,0.1031,benign,FREM1,191.0
A4FU01,P191S,0.0909,benign,FREM1,191.0
A4FU01,P191T,0.0774,benign,FREM1,191.0
A4FU01,P191V,0.1163,benign,FREM1,191.0
A4FU01,P191W,0.2889,benign,FREM1,191.0
A4FU01,P191Y,0.184,benign,FREM1,191.0
A4FU01,P192A,0.0622,benign,FREM1,192.0
A4FU01,P192C,0.1869,benign,FREM1,192.0
A4FU01,P192D,0.1946,benign,FREM1,192.0
A4FU01,P192E,0.1526,benign,FREM1,192.0
A4FU01,P192F,0.225,benign,FREM1,192.0
A4FU01,P192G,0.1611,benign,FREM1,192.0
A4FU01,P192H,0.1059,benign,FREM1,192.0
A4FU01,P192I,0.1744,benign,FREM1,192.0
A4FU01,P192K,0.152,benign,FREM1,192.0
A4FU01,P192L,0.0889,benign,FREM1,192.0
A4FU01,P192M,0.1975,benign,FREM1,192.0
A4FU01,P192N,0.1839,benign,FREM1,192.0
A4FU01,P192Q,0.0973,benign,FREM1,192.0
A4FU01,P192R,0.0924,benign,FREM1,192.0
A4FU01,P192S,0.0843,benign,FREM1,192.0
A4FU01,P192T,0.0787,benign,FREM1,192.0
A4FU01,P192V,0.1194,benign,FREM1,192.0
A4FU01,P192W,0.276,benign,FREM1,192.0
A4FU01,P192Y,0.2072,benign,FREM1,192.0
A4FU01,I193A,0.3494,ambiguous,FREM1,193.0
A4FU01,I193C,0.5639,ambiguous,FREM1,193.0
A4FU01,I193D,0.7639,pathogenic,FREM1,193.0
A4FU01,I193E,0.6647,pathogenic,FREM1,193.0
A4FU01,I193F,0.1512,benign,FREM1,193.0
A4FU01,I193G,0.6236,pathogenic,FREM1,193.0
A4FU01,I193H,0.5638,ambiguous,FREM1,193.0
A4FU01,I193K,0.5221,ambiguous,FREM1,193.0
A4FU01,I193L,0.1049,benign,FREM1,193.0
A4FU01,I193M,0.1175,benign,FREM1,193.0
A4FU01,I193N,0.3393,benign,FREM1,193.0
A4FU01,I193P,0.4576,ambiguous,FREM1,193.0
A4FU01,I193Q,0.532,ambiguous,FREM1,193.0
A4FU01,I193R,0.437,ambiguous,FREM1,193.0
A4FU01,I193S,0.3529,ambiguous,FREM1,193.0
A4FU01,I193T,0.2658,benign,FREM1,193.0
A4FU01,I193V,0.0619,benign,FREM1,193.0
A4FU01,I193W,0.7512,pathogenic,FREM1,193.0
A4FU01,I193Y,0.5122,ambiguous,FREM1,193.0
A4FU01,P194A,0.1015,benign,FREM1,194.0
A4FU01,P194C,0.296,benign,FREM1,194.0
A4FU01,P194D,0.4822,ambiguous,FREM1,194.0
A4FU01,P194E,0.3244,benign,FREM1,194.0
A4FU01,P194F,0.3194,benign,FREM1,194.0
A4FU01,P194G,0.3359,benign,FREM1,194.0
A4FU01,P194H,0.169,benign,FREM1,194.0
A4FU01,P194I,0.2395,benign,FREM1,194.0
A4FU01,P194K,0.3013,benign,FREM1,194.0
A4FU01,P194L,0.0975,benign,FREM1,194.0
A4FU01,P194M,0.318,benign,FREM1,194.0
A4FU01,P194N,0.3626,ambiguous,FREM1,194.0
A4FU01,P194Q,0.1695,benign,FREM1,194.0
A4FU01,P194R,0.1493,benign,FREM1,194.0
A4FU01,P194S,0.1429,benign,FREM1,194.0
A4FU01,P194T,0.1258,benign,FREM1,194.0
A4FU01,P194V,0.1738,benign,FREM1,194.0
A4FU01,P194W,0.4342,ambiguous,FREM1,194.0
A4FU01,P194Y,0.3029,benign,FREM1,194.0
A4FU01,L195A,0.1918,benign,FREM1,195.0
A4FU01,L195C,0.3793,ambiguous,FREM1,195.0
A4FU01,L195D,0.5252,ambiguous,FREM1,195.0
A4FU01,L195E,0.2589,benign,FREM1,195.0
A4FU01,L195F,0.097,benign,FREM1,195.0
A4FU01,L195G,0.3469,ambiguous,FREM1,195.0
A4FU01,L195H,0.1922,benign,FREM1,195.0
A4FU01,L195I,0.126,benign,FREM1,195.0
A4FU01,L195K,0.2285,benign,FREM1,195.0
A4FU01,L195M,0.1176,benign,FREM1,195.0
A4FU01,L195N,0.3443,ambiguous,FREM1,195.0
A4FU01,L195P,0.176,benign,FREM1,195.0
A4FU01,L195Q,0.1229,benign,FREM1,195.0
A4FU01,L195R,0.1441,benign,FREM1,195.0
A4FU01,L195S,0.194,benign,FREM1,195.0
A4FU01,L195T,0.199,benign,FREM1,195.0
A4FU01,L195V,0.1034,benign,FREM1,195.0
A4FU01,L195W,0.1554,benign,FREM1,195.0
A4FU01,L195Y,0.2639,benign,FREM1,195.0
A4FU01,M196A,0.3516,ambiguous,FREM1,196.0
A4FU01,M196C,0.5343,ambiguous,FREM1,196.0
A4FU01,M196D,0.8381,pathogenic,FREM1,196.0
A4FU01,M196E,0.5117,ambiguous,FREM1,196.0
A4FU01,M196F,0.1518,benign,FREM1,196.0
A4FU01,M196G,0.4335,ambiguous,FREM1,196.0
A4FU01,M196H,0.4625,ambiguous,FREM1,196.0
A4FU01,M196I,0.2982,benign,FREM1,196.0
A4FU01,M196K,0.3222,benign,FREM1,196.0
A4FU01,M196L,0.0531,benign,FREM1,196.0
A4FU01,M196N,0.606,pathogenic,FREM1,196.0
A4FU01,M196P,0.4242,ambiguous,FREM1,196.0
A4FU01,M196Q,0.3045,benign,FREM1,196.0
A4FU01,M196R,0.263,benign,FREM1,196.0
A4FU01,M196S,0.4883,ambiguous,FREM1,196.0
A4FU01,M196T,0.2911,benign,FREM1,196.0
A4FU01,M196V,0.1332,benign,FREM1,196.0
A4FU01,M196W,0.295,benign,FREM1,196.0
A4FU01,M196Y,0.3542,ambiguous,FREM1,196.0
A4FU01,E197A,0.2513,benign,FREM1,197.0
A4FU01,E197C,0.873,pathogenic,FREM1,197.0
A4FU01,E197D,0.1407,benign,FREM1,197.0
A4FU01,E197F,0.7931,pathogenic,FREM1,197.0
A4FU01,E197G,0.2138,benign,FREM1,197.0
A4FU01,E197H,0.5957,pathogenic,FREM1,197.0
A4FU01,E197I,0.5598,ambiguous,FREM1,197.0
A4FU01,E197K,0.3221,benign,FREM1,197.0
A4FU01,E197L,0.4805,ambiguous,FREM1,197.0
A4FU01,E197M,0.566,pathogenic,FREM1,197.0
A4FU01,E197N,0.3265,benign,FREM1,197.0
A4FU01,E197P,0.8488,pathogenic,FREM1,197.0
A4FU01,E197Q,0.231,benign,FREM1,197.0
A4FU01,E197R,0.4073,ambiguous,FREM1,197.0
A4FU01,E197S,0.3594,ambiguous,FREM1,197.0
A4FU01,E197T,0.3997,ambiguous,FREM1,197.0
A4FU01,E197V,0.3227,benign,FREM1,197.0
A4FU01,E197W,0.8764,pathogenic,FREM1,197.0
A4FU01,E197Y,0.6255,pathogenic,FREM1,197.0
A4FU01,T198A,0.0932,benign,FREM1,198.0
A4FU01,T198C,0.3449,ambiguous,FREM1,198.0
A4FU01,T198D,0.2395,benign,FREM1,198.0
A4FU01,T198E,0.2172,benign,FREM1,198.0
A4FU01,T198F,0.228,benign,FREM1,198.0
A4FU01,T198G,0.2181,benign,FREM1,198.0
A4FU01,T198H,0.2177,benign,FREM1,198.0
A4FU01,T198I,0.1982,benign,FREM1,198.0
A4FU01,T198K,0.1527,benign,FREM1,198.0
A4FU01,T198L,0.1195,benign,FREM1,198.0
A4FU01,T198M,0.0838,benign,FREM1,198.0
A4FU01,T198N,0.097,benign,FREM1,198.0
A4FU01,T198P,0.3913,ambiguous,FREM1,198.0
A4FU01,T198Q,0.1968,benign,FREM1,198.0
A4FU01,T198R,0.1273,benign,FREM1,198.0
A4FU01,T198S,0.1053,benign,FREM1,198.0
A4FU01,T198V,0.1672,benign,FREM1,198.0
A4FU01,T198W,0.4597,ambiguous,FREM1,198.0
A4FU01,T198Y,0.2527,benign,FREM1,198.0
A4FU01,A199C,0.2198,benign,FREM1,199.0
A4FU01,A199D,0.2171,benign,FREM1,199.0
A4FU01,A199E,0.1363,benign,FREM1,199.0
A4FU01,A199F,0.1691,benign,FREM1,199.0
A4FU01,A199G,0.1021,benign,FREM1,199.0
A4FU01,A199H,0.2437,benign,FREM1,199.0
A4FU01,A199I,0.1129,benign,FREM1,199.0
A4FU01,A199K,0.1872,benign,FREM1,199.0
A4FU01,A199L,0.0812,benign,FREM1,199.0
A4FU01,A199M,0.1157,benign,FREM1,199.0
A4FU01,A199N,0.2001,benign,FREM1,199.0
A4FU01,A199P,0.0742,benign,FREM1,199.0
A4FU01,A199Q,0.1622,benign,FREM1,199.0
A4FU01,A199R,0.1636,benign,FREM1,199.0
A4FU01,A199S,0.0798,benign,FREM1,199.0
A4FU01,A199T,0.0758,benign,FREM1,199.0
A4FU01,A199V,0.0772,benign,FREM1,199.0
A4FU01,A199W,0.2613,benign,FREM1,199.0
A4FU01,A199Y,0.2235,benign,FREM1,199.0
A4FU01,E200A,0.0846,benign,FREM1,200.0
A4FU01,E200C,0.6013,pathogenic,FREM1,200.0
A4FU01,E200D,0.1031,benign,FREM1,200.0
A4FU01,E200F,0.5282,ambiguous,FREM1,200.0
A4FU01,E200G,0.0928,benign,FREM1,200.0
A4FU01,E200H,0.2532,benign,FREM1,200.0
A4FU01,E200I,0.2603,benign,FREM1,200.0
A4FU01,E200K,0.0794,benign,FREM1,200.0
A4FU01,E200L,0.2206,benign,FREM1,200.0
A4FU01,E200M,0.2924,benign,FREM1,200.0
A4FU01,E200N,0.1872,benign,FREM1,200.0
A4FU01,E200P,0.3792,ambiguous,FREM1,200.0
A4FU01,E200Q,0.1005,benign,FREM1,200.0
A4FU01,E200R,0.118,benign,FREM1,200.0
A4FU01,E200S,0.129,benign,FREM1,200.0
A4FU01,E200T,0.1444,benign,FREM1,200.0
A4FU01,E200V,0.1506,benign,FREM1,200.0
A4FU01,E200W,0.5934,pathogenic,FREM1,200.0
A4FU01,E200Y,0.4058,ambiguous,FREM1,200.0
A4FU01,D201A,0.3837,ambiguous,FREM1,201.0
A4FU01,D201C,0.7577,pathogenic,FREM1,201.0
A4FU01,D201E,0.3805,ambiguous,FREM1,201.0
A4FU01,D201F,0.8018,pathogenic,FREM1,201.0
A4FU01,D201G,0.4058,ambiguous,FREM1,201.0
A4FU01,D201H,0.5355,ambiguous,FREM1,201.0
A4FU01,D201I,0.6434,pathogenic,FREM1,201.0
A4FU01,D201K,0.817,pathogenic,FREM1,201.0
A4FU01,D201L,0.6814,pathogenic,FREM1,201.0
A4FU01,D201M,0.79,pathogenic,FREM1,201.0
A4FU01,D201N,0.2399,benign,FREM1,201.0
A4FU01,D201P,0.9635,pathogenic,FREM1,201.0
A4FU01,D201Q,0.661,pathogenic,FREM1,201.0
A4FU01,D201R,0.8496,pathogenic,FREM1,201.0
A4FU01,D201S,0.3373,benign,FREM1,201.0
A4FU01,D201T,0.5922,pathogenic,FREM1,201.0
A4FU01,D201V,0.4799,ambiguous,FREM1,201.0
A4FU01,D201W,0.9348,pathogenic,FREM1,201.0
A4FU01,D201Y,0.3829,ambiguous,FREM1,201.0
A4FU01,W202A,0.9358,pathogenic,FREM1,202.0
A4FU01,W202C,0.9736,pathogenic,FREM1,202.0
A4FU01,W202D,0.9922,pathogenic,FREM1,202.0
A4FU01,W202E,0.9843,pathogenic,FREM1,202.0
A4FU01,W202F,0.6172,pathogenic,FREM1,202.0
A4FU01,W202G,0.8459,pathogenic,FREM1,202.0
A4FU01,W202H,0.9752,pathogenic,FREM1,202.0
A4FU01,W202I,0.9369,pathogenic,FREM1,202.0
A4FU01,W202K,0.9925,pathogenic,FREM1,202.0
A4FU01,W202L,0.8106,pathogenic,FREM1,202.0
A4FU01,W202M,0.9481,pathogenic,FREM1,202.0
A4FU01,W202N,0.9907,pathogenic,FREM1,202.0
A4FU01,W202P,0.9938,pathogenic,FREM1,202.0
A4FU01,W202Q,0.9862,pathogenic,FREM1,202.0
A4FU01,W202R,0.9784,pathogenic,FREM1,202.0
A4FU01,W202S,0.9307,pathogenic,FREM1,202.0
A4FU01,W202T,0.9547,pathogenic,FREM1,202.0
A4FU01,W202V,0.9175,pathogenic,FREM1,202.0
A4FU01,W202Y,0.8144,pathogenic,FREM1,202.0
A4FU01,E203A,0.278,benign,FREM1,203.0
A4FU01,E203C,0.9106,pathogenic,FREM1,203.0
A4FU01,E203D,0.2084,benign,FREM1,203.0
A4FU01,E203F,0.8511,pathogenic,FREM1,203.0
A4FU01,E203G,0.289,benign,FREM1,203.0
A4FU01,E203H,0.6141,pathogenic,FREM1,203.0
A4FU01,E203I,0.6169,pathogenic,FREM1,203.0
A4FU01,E203K,0.3166,benign,FREM1,203.0
A4FU01,E203L,0.5371,ambiguous,FREM1,203.0
A4FU01,E203M,0.6146,pathogenic,FREM1,203.0
A4FU01,E203N,0.3707,ambiguous,FREM1,203.0
A4FU01,E203P,0.9626,pathogenic,FREM1,203.0
A4FU01,E203Q,0.2341,benign,FREM1,203.0
A4FU01,E203R,0.4137,ambiguous,FREM1,203.0
A4FU01,E203S,0.407,ambiguous,FREM1,203.0
A4FU01,E203T,0.4807,ambiguous,FREM1,203.0
A4FU01,E203V,0.4031,ambiguous,FREM1,203.0
A4FU01,E203W,0.9268,pathogenic,FREM1,203.0
A4FU01,E203Y,0.7328,pathogenic,FREM1,203.0
A4FU01,T204A,0.06,benign,FREM1,204.0
A4FU01,T204C,0.2325,benign,FREM1,204.0
A4FU01,T204D,0.1654,benign,FREM1,204.0
A4FU01,T204E,0.1244,benign,FREM1,204.0
A4FU01,T204F,0.1325,benign,FREM1,204.0
A4FU01,T204G,0.1315,benign,FREM1,204.0
A4FU01,T204H,0.144,benign,FREM1,204.0
A4FU01,T204I,0.089,benign,FREM1,204.0
A4FU01,T204K,0.1009,benign,FREM1,204.0
A4FU01,T204L,0.0712,benign,FREM1,204.0
A4FU01,T204M,0.0665,benign,FREM1,204.0
A4FU01,T204N,0.0777,benign,FREM1,204.0
A4FU01,T204P,0.3356,benign,FREM1,204.0
A4FU01,T204Q,0.1245,benign,FREM1,204.0
A4FU01,T204R,0.0822,benign,FREM1,204.0
A4FU01,T204S,0.0836,benign,FREM1,204.0
A4FU01,T204V,0.0862,benign,FREM1,204.0
A4FU01,T204W,0.267,benign,FREM1,204.0
A4FU01,T204Y,0.1518,benign,FREM1,204.0
A4FU01,E205A,0.1456,benign,FREM1,205.0
A4FU01,E205C,0.7417,pathogenic,FREM1,205.0
A4FU01,E205D,0.3123,benign,FREM1,205.0
A4FU01,E205F,0.6591,pathogenic,FREM1,205.0
A4FU01,E205G,0.2496,benign,FREM1,205.0
A4FU01,E205H,0.4866,ambiguous,FREM1,205.0
A4FU01,E205I,0.3331,benign,FREM1,205.0
A4FU01,E205K,0.2522,benign,FREM1,205.0
A4FU01,E205L,0.3227,benign,FREM1,205.0
A4FU01,E205M,0.445,ambiguous,FREM1,205.0
A4FU01,E205N,0.4532,ambiguous,FREM1,205.0
A4FU01,E205P,0.9108,pathogenic,FREM1,205.0
A4FU01,E205Q,0.1478,benign,FREM1,205.0
A4FU01,E205R,0.3251,benign,FREM1,205.0
A4FU01,E205S,0.2835,benign,FREM1,205.0
A4FU01,E205T,0.2998,benign,FREM1,205.0
A4FU01,E205V,0.2218,benign,FREM1,205.0
A4FU01,E205W,0.8081,pathogenic,FREM1,205.0
A4FU01,E205Y,0.5891,pathogenic,FREM1,205.0
A4FU01,R206A,0.3921,ambiguous,FREM1,206.0
A4FU01,R206C,0.1453,benign,FREM1,206.0
A4FU01,R206D,0.8569,pathogenic,FREM1,206.0
A4FU01,R206E,0.4149,ambiguous,FREM1,206.0
A4FU01,R206F,0.6453,pathogenic,FREM1,206.0
A4FU01,R206G,0.2581,benign,FREM1,206.0
A4FU01,R206H,0.2048,benign,FREM1,206.0
A4FU01,R206I,0.2575,benign,FREM1,206.0
A4FU01,R206K,0.1335,benign,FREM1,206.0
A4FU01,R206L,0.1462,benign,FREM1,206.0
A4FU01,R206M,0.2851,benign,FREM1,206.0
A4FU01,R206N,0.7413,pathogenic,FREM1,206.0
A4FU01,R206P,0.8538,pathogenic,FREM1,206.0
A4FU01,R206Q,0.1047,benign,FREM1,206.0
A4FU01,R206S,0.6474,pathogenic,FREM1,206.0
A4FU01,R206T,0.4105,ambiguous,FREM1,206.0
A4FU01,R206V,0.3195,benign,FREM1,206.0
A4FU01,R206W,0.2186,benign,FREM1,206.0
A4FU01,R206Y,0.4504,ambiguous,FREM1,206.0
A4FU01,K207A,0.1891,benign,FREM1,207.0
A4FU01,K207C,0.3814,ambiguous,FREM1,207.0
A4FU01,K207D,0.3306,benign,FREM1,207.0
A4FU01,K207E,0.0864,benign,FREM1,207.0
A4FU01,K207F,0.5256,ambiguous,FREM1,207.0
A4FU01,K207G,0.2056,benign,FREM1,207.0
A4FU01,K207H,0.2117,benign,FREM1,207.0
A4FU01,K207I,0.2133,benign,FREM1,207.0
A4FU01,K207L,0.1783,benign,FREM1,207.0
A4FU01,K207M,0.1374,benign,FREM1,207.0
A4FU01,K207N,0.2275,benign,FREM1,207.0
A4FU01,K207P,0.7705,pathogenic,FREM1,207.0
A4FU01,K207Q,0.0786,benign,FREM1,207.0
A4FU01,K207R,0.0678,benign,FREM1,207.0
A4FU01,K207S,0.2268,benign,FREM1,207.0
A4FU01,K207T,0.1347,benign,FREM1,207.0
A4FU01,K207V,0.2006,benign,FREM1,207.0
A4FU01,K207W,0.4242,ambiguous,FREM1,207.0
A4FU01,K207Y,0.4051,ambiguous,FREM1,207.0
A4FU01,K208A,0.1855,benign,FREM1,208.0
A4FU01,K208C,0.4154,ambiguous,FREM1,208.0
A4FU01,K208D,0.3676,ambiguous,FREM1,208.0
A4FU01,K208E,0.1153,benign,FREM1,208.0
A4FU01,K208F,0.4946,ambiguous,FREM1,208.0
A4FU01,K208G,0.2163,benign,FREM1,208.0
A4FU01,K208H,0.1878,benign,FREM1,208.0
A4FU01,K208I,0.1956,benign,FREM1,208.0
A4FU01,K208L,0.1691,benign,FREM1,208.0
A4FU01,K208M,0.1381,benign,FREM1,208.0
A4FU01,K208N,0.2021,benign,FREM1,208.0
A4FU01,K208P,0.6049,pathogenic,FREM1,208.0
A4FU01,K208Q,0.0898,benign,FREM1,208.0
A4FU01,K208R,0.0681,benign,FREM1,208.0
A4FU01,K208S,0.2243,benign,FREM1,208.0
A4FU01,K208T,0.1202,benign,FREM1,208.0
A4FU01,K208V,0.2053,benign,FREM1,208.0
A4FU01,K208W,0.4572,ambiguous,FREM1,208.0
A4FU01,K208Y,0.3423,ambiguous,FREM1,208.0
A4FU01,Q209A,0.1787,benign,FREM1,209.0
A4FU01,Q209C,0.4421,ambiguous,FREM1,209.0
A4FU01,Q209D,0.3973,ambiguous,FREM1,209.0
A4FU01,Q209E,0.0954,benign,FREM1,209.0
A4FU01,Q209F,0.5305,ambiguous,FREM1,209.0
A4FU01,Q209G,0.1997,benign,FREM1,209.0
A4FU01,Q209H,0.1885,benign,FREM1,209.0
A4FU01,Q209I,0.3318,benign,FREM1,209.0
A4FU01,Q209K,0.1553,benign,FREM1,209.0
A4FU01,Q209L,0.0826,benign,FREM1,209.0
A4FU01,Q209M,0.2523,benign,FREM1,209.0
A4FU01,Q209N,0.2662,benign,FREM1,209.0
A4FU01,Q209P,0.2556,benign,FREM1,209.0
A4FU01,Q209R,0.1278,benign,FREM1,209.0
A4FU01,Q209S,0.2638,benign,FREM1,209.0
A4FU01,Q209T,0.1959,benign,FREM1,209.0
A4FU01,Q209V,0.2041,benign,FREM1,209.0
A4FU01,Q209W,0.3891,ambiguous,FREM1,209.0
A4FU01,Q209Y,0.3328,benign,FREM1,209.0
A4FU01,A210C,0.1698,benign,FREM1,210.0
A4FU01,A210D,0.0917,benign,FREM1,210.0
A4FU01,A210E,0.0972,benign,FREM1,210.0
A4FU01,A210F,0.1906,benign,FREM1,210.0
A4FU01,A210G,0.0449,benign,FREM1,210.0
A4FU01,A210H,0.1706,benign,FREM1,210.0
A4FU01,A210I,0.1852,benign,FREM1,210.0
A4FU01,A210K,0.1513,benign,FREM1,210.0
A4FU01,A210L,0.112,benign,FREM1,210.0
A4FU01,A210M,0.1463,benign,FREM1,210.0
A4FU01,A210N,0.108,benign,FREM1,210.0
A4FU01,A210P,0.2155,benign,FREM1,210.0
A4FU01,A210Q,0.124,benign,FREM1,210.0
A4FU01,A210R,0.1115,benign,FREM1,210.0
A4FU01,A210S,0.0739,benign,FREM1,210.0
A4FU01,A210T,0.0842,benign,FREM1,210.0
A4FU01,A210V,0.0978,benign,FREM1,210.0
A4FU01,A210W,0.2612,benign,FREM1,210.0
A4FU01,A210Y,0.205,benign,FREM1,210.0
A4FU01,A211C,0.3601,ambiguous,FREM1,211.0
A4FU01,A211D,0.5654,pathogenic,FREM1,211.0
A4FU01,A211E,0.5533,ambiguous,FREM1,211.0
A4FU01,A211F,0.5804,pathogenic,FREM1,211.0
A4FU01,A211G,0.1669,benign,FREM1,211.0
A4FU01,A211H,0.6971,pathogenic,FREM1,211.0
A4FU01,A211I,0.3664,ambiguous,FREM1,211.0
A4FU01,A211K,0.7041,pathogenic,FREM1,211.0
A4FU01,A211L,0.3208,benign,FREM1,211.0
A4FU01,A211M,0.4155,ambiguous,FREM1,211.0
A4FU01,A211N,0.5115,ambiguous,FREM1,211.0
A4FU01,A211P,0.4114,ambiguous,FREM1,211.0
A4FU01,A211Q,0.553,ambiguous,FREM1,211.0
A4FU01,A211R,0.5636,ambiguous,FREM1,211.0
A4FU01,A211S,0.1216,benign,FREM1,211.0
A4FU01,A211T,0.1286,benign,FREM1,211.0
A4FU01,A211V,0.1577,benign,FREM1,211.0
A4FU01,A211W,0.8118,pathogenic,FREM1,211.0
A4FU01,A211Y,0.7131,pathogenic,FREM1,211.0
A4FU01,R212A,0.0887,benign,FREM1,212.0
A4FU01,R212C,0.1125,benign,FREM1,212.0
A4FU01,R212D,0.1709,benign,FREM1,212.0
A4FU01,R212E,0.116,benign,FREM1,212.0
A4FU01,R212F,0.2144,benign,FREM1,212.0
A4FU01,R212G,0.0611,benign,FREM1,212.0
A4FU01,R212H,0.0868,benign,FREM1,212.0
A4FU01,R212I,0.125,benign,FREM1,212.0
A4FU01,R212K,0.0655,benign,FREM1,212.0
A4FU01,R212L,0.0986,benign,FREM1,212.0
A4FU01,R212M,0.1171,benign,FREM1,212.0
A4FU01,R212N,0.1571,benign,FREM1,212.0
A4FU01,R212P,0.133,benign,FREM1,212.0
A4FU01,R212Q,0.0727,benign,FREM1,212.0
A4FU01,R212S,0.108,benign,FREM1,212.0
A4FU01,R212T,0.0761,benign,FREM1,212.0
A4FU01,R212V,0.1245,benign,FREM1,212.0
A4FU01,R212W,0.1003,benign,FREM1,212.0
A4FU01,R212Y,0.1767,benign,FREM1,212.0
A4FU01,G213A,0.1066,benign,FREM1,213.0
A4FU01,G213C,0.1232,benign,FREM1,213.0
A4FU01,G213D,0.1337,benign,FREM1,213.0
A4FU01,G213E,0.1797,benign,FREM1,213.0
A4FU01,G213F,0.3411,ambiguous,FREM1,213.0
A4FU01,G213H,0.2477,benign,FREM1,213.0
A4FU01,G213I,0.2267,benign,FREM1,213.0
A4FU01,G213K,0.3628,ambiguous,FREM1,213.0
A4FU01,G213L,0.2829,benign,FREM1,213.0
A4FU01,G213M,0.3633,ambiguous,FREM1,213.0
A4FU01,G213N,0.1698,benign,FREM1,213.0
A4FU01,G213P,0.5182,ambiguous,FREM1,213.0
A4FU01,G213Q,0.2607,benign,FREM1,213.0
A4FU01,G213R,0.2578,benign,FREM1,213.0
A4FU01,G213S,0.0928,benign,FREM1,213.0
A4FU01,G213T,0.1378,benign,FREM1,213.0
A4FU01,G213V,0.1587,benign,FREM1,213.0
A4FU01,G213W,0.2642,benign,FREM1,213.0
A4FU01,G213Y,0.2464,benign,FREM1,213.0
A4FU01,W214A,0.9857,pathogenic,FREM1,214.0
A4FU01,W214C,0.9829,pathogenic,FREM1,214.0
A4FU01,W214D,0.9973,pathogenic,FREM1,214.0
A4FU01,W214E,0.9961,pathogenic,FREM1,214.0
A4FU01,W214F,0.6025,pathogenic,FREM1,214.0
A4FU01,W214G,0.9216,pathogenic,FREM1,214.0
A4FU01,W214H,0.9832,pathogenic,FREM1,214.0
A4FU01,W214I,0.9788,pathogenic,FREM1,214.0
A4FU01,W214K,0.9972,pathogenic,FREM1,214.0
A4FU01,W214L,0.9325,pathogenic,FREM1,214.0
A4FU01,W214M,0.9826,pathogenic,FREM1,214.0
A4FU01,W214N,0.9949,pathogenic,FREM1,214.0
A4FU01,W214P,0.9959,pathogenic,FREM1,214.0
A4FU01,W214Q,0.9955,pathogenic,FREM1,214.0
A4FU01,W214R,0.993,pathogenic,FREM1,214.0
A4FU01,W214S,0.9659,pathogenic,FREM1,214.0
A4FU01,W214T,0.9872,pathogenic,FREM1,214.0
A4FU01,W214V,0.9738,pathogenic,FREM1,214.0
A4FU01,W214Y,0.8294,pathogenic,FREM1,214.0
A4FU01,R215A,0.9462,pathogenic,FREM1,215.0
A4FU01,R215C,0.6186,pathogenic,FREM1,215.0
A4FU01,R215D,0.976,pathogenic,FREM1,215.0
A4FU01,R215E,0.8499,pathogenic,FREM1,215.0
A4FU01,R215F,0.9571,pathogenic,FREM1,215.0
A4FU01,R215G,0.8767,pathogenic,FREM1,215.0
A4FU01,R215H,0.4345,ambiguous,FREM1,215.0
A4FU01,R215I,0.8872,pathogenic,FREM1,215.0
A4FU01,R215K,0.4606,ambiguous,FREM1,215.0
A4FU01,R215L,0.8706,pathogenic,FREM1,215.0
A4FU01,R215M,0.9042,pathogenic,FREM1,215.0
A4FU01,R215N,0.9565,pathogenic,FREM1,215.0
A4FU01,R215P,0.989,pathogenic,FREM1,215.0
A4FU01,R215Q,0.3646,ambiguous,FREM1,215.0
A4FU01,R215S,0.9555,pathogenic,FREM1,215.0
A4FU01,R215T,0.888,pathogenic,FREM1,215.0
A4FU01,R215V,0.8943,pathogenic,FREM1,215.0
A4FU01,R215W,0.6133,pathogenic,FREM1,215.0
A4FU01,R215Y,0.8875,pathogenic,FREM1,215.0
A4FU01,V216A,0.6,pathogenic,FREM1,216.0
A4FU01,V216C,0.8694,pathogenic,FREM1,216.0
A4FU01,V216D,0.9673,pathogenic,FREM1,216.0
A4FU01,V216E,0.914,pathogenic,FREM1,216.0
A4FU01,V216F,0.7115,pathogenic,FREM1,216.0
A4FU01,V216G,0.6839,pathogenic,FREM1,216.0
A4FU01,V216H,0.9757,pathogenic,FREM1,216.0
A4FU01,V216I,0.1093,benign,FREM1,216.0
A4FU01,V216K,0.9389,pathogenic,FREM1,216.0
A4FU01,V216L,0.392,ambiguous,FREM1,216.0
A4FU01,V216M,0.5211,ambiguous,FREM1,216.0
A4FU01,V216N,0.9005,pathogenic,FREM1,216.0
A4FU01,V216P,0.7735,pathogenic,FREM1,216.0
A4FU01,V216Q,0.9246,pathogenic,FREM1,216.0
A4FU01,V216R,0.9122,pathogenic,FREM1,216.0
A4FU01,V216S,0.801,pathogenic,FREM1,216.0
A4FU01,V216T,0.6515,pathogenic,FREM1,216.0
A4FU01,V216W,0.9759,pathogenic,FREM1,216.0
A4FU01,V216Y,0.9377,pathogenic,FREM1,216.0
A4FU01,S217A,0.2819,benign,FREM1,217.0
A4FU01,S217C,0.2024,benign,FREM1,217.0
A4FU01,S217D,0.9766,pathogenic,FREM1,217.0
A4FU01,S217E,0.986,pathogenic,FREM1,217.0
A4FU01,S217F,0.9612,pathogenic,FREM1,217.0
A4FU01,S217G,0.4668,ambiguous,FREM1,217.0
A4FU01,S217H,0.9687,pathogenic,FREM1,217.0
A4FU01,S217I,0.8543,pathogenic,FREM1,217.0
A4FU01,S217K,0.9978,pathogenic,FREM1,217.0
A4FU01,S217L,0.6591,pathogenic,FREM1,217.0
A4FU01,S217M,0.7839,pathogenic,FREM1,217.0
A4FU01,S217N,0.8871,pathogenic,FREM1,217.0
A4FU01,S217P,0.9709,pathogenic,FREM1,217.0
A4FU01,S217Q,0.9836,pathogenic,FREM1,217.0
A4FU01,S217R,0.9955,pathogenic,FREM1,217.0
A4FU01,S217T,0.1389,benign,FREM1,217.0
A4FU01,S217V,0.6957,pathogenic,FREM1,217.0
A4FU01,S217W,0.9699,pathogenic,FREM1,217.0
A4FU01,S217Y,0.9534,pathogenic,FREM1,217.0
A4FU01,T218A,0.0656,benign,FREM1,218.0
A4FU01,T218C,0.2779,benign,FREM1,218.0
A4FU01,T218D,0.3233,benign,FREM1,218.0
A4FU01,T218E,0.2499,benign,FREM1,218.0
A4FU01,T218F,0.2079,benign,FREM1,218.0
A4FU01,T218G,0.1555,benign,FREM1,218.0
A4FU01,T218H,0.205,benign,FREM1,218.0
A4FU01,T218I,0.1586,benign,FREM1,218.0
A4FU01,T218K,0.1546,benign,FREM1,218.0
A4FU01,T218L,0.0734,benign,FREM1,218.0
A4FU01,T218M,0.0792,benign,FREM1,218.0
A4FU01,T218N,0.1246,benign,FREM1,218.0
A4FU01,T218P,0.0667,benign,FREM1,218.0
A4FU01,T218Q,0.1842,benign,FREM1,218.0
A4FU01,T218R,0.1185,benign,FREM1,218.0
A4FU01,T218S,0.0975,benign,FREM1,218.0
A4FU01,T218V,0.1149,benign,FREM1,218.0
A4FU01,T218W,0.4168,ambiguous,FREM1,218.0
A4FU01,T218Y,0.2691,benign,FREM1,218.0
A4FU01,V219A,0.2207,benign,FREM1,219.0
A4FU01,V219C,0.751,pathogenic,FREM1,219.0
A4FU01,V219D,0.8878,pathogenic,FREM1,219.0
A4FU01,V219E,0.8271,pathogenic,FREM1,219.0
A4FU01,V219F,0.5253,ambiguous,FREM1,219.0
A4FU01,V219G,0.4937,ambiguous,FREM1,219.0
A4FU01,V219H,0.9367,pathogenic,FREM1,219.0
A4FU01,V219I,0.0848,benign,FREM1,219.0
A4FU01,V219K,0.9207,pathogenic,FREM1,219.0
A4FU01,V219L,0.3573,ambiguous,FREM1,219.0
A4FU01,V219M,0.3172,benign,FREM1,219.0
A4FU01,V219N,0.7768,pathogenic,FREM1,219.0
A4FU01,V219P,0.8451,pathogenic,FREM1,219.0
A4FU01,V219Q,0.8381,pathogenic,FREM1,219.0
A4FU01,V219R,0.8741,pathogenic,FREM1,219.0
A4FU01,V219S,0.4308,ambiguous,FREM1,219.0
A4FU01,V219T,0.384,ambiguous,FREM1,219.0
A4FU01,V219W,0.9595,pathogenic,FREM1,219.0
A4FU01,V219Y,0.9075,pathogenic,FREM1,219.0
A4FU01,N220A,0.9579,pathogenic,FREM1,220.0
A4FU01,N220C,0.8555,pathogenic,FREM1,220.0
A4FU01,N220D,0.9502,pathogenic,FREM1,220.0
A4FU01,N220E,0.987,pathogenic,FREM1,220.0
A4FU01,N220F,0.9963,pathogenic,FREM1,220.0
A4FU01,N220G,0.9113,pathogenic,FREM1,220.0
A4FU01,N220H,0.9241,pathogenic,FREM1,220.0
A4FU01,N220I,0.9782,pathogenic,FREM1,220.0
A4FU01,N220K,0.988,pathogenic,FREM1,220.0
A4FU01,N220L,0.9175,pathogenic,FREM1,220.0
A4FU01,N220M,0.962,pathogenic,FREM1,220.0
A4FU01,N220P,0.9609,pathogenic,FREM1,220.0
A4FU01,N220Q,0.9843,pathogenic,FREM1,220.0
A4FU01,N220R,0.9817,pathogenic,FREM1,220.0
A4FU01,N220S,0.563,ambiguous,FREM1,220.0
A4FU01,N220T,0.8923,pathogenic,FREM1,220.0
A4FU01,N220V,0.9672,pathogenic,FREM1,220.0
A4FU01,N220W,0.997,pathogenic,FREM1,220.0
A4FU01,N220Y,0.9616,pathogenic,FREM1,220.0
A4FU01,E221A,0.2609,benign,FREM1,221.0
A4FU01,E221C,0.881,pathogenic,FREM1,221.0
A4FU01,E221D,0.2592,benign,FREM1,221.0
A4FU01,E221F,0.8715,pathogenic,FREM1,221.0
A4FU01,E221G,0.2458,benign,FREM1,221.0
A4FU01,E221H,0.542,ambiguous,FREM1,221.0
A4FU01,E221I,0.6277,pathogenic,FREM1,221.0
A4FU01,E221K,0.1938,benign,FREM1,221.0
A4FU01,E221L,0.5596,ambiguous,FREM1,221.0
A4FU01,E221M,0.6151,pathogenic,FREM1,221.0
A4FU01,E221N,0.4608,ambiguous,FREM1,221.0
A4FU01,E221P,0.9059,pathogenic,FREM1,221.0
A4FU01,E221Q,0.1496,benign,FREM1,221.0
A4FU01,E221R,0.2969,benign,FREM1,221.0
A4FU01,E221S,0.314,benign,FREM1,221.0
A4FU01,E221T,0.4185,ambiguous,FREM1,221.0
A4FU01,E221V,0.4116,ambiguous,FREM1,221.0
A4FU01,E221W,0.9225,pathogenic,FREM1,221.0
A4FU01,E221Y,0.7541,pathogenic,FREM1,221.0
A4FU01,R222A,0.7239,pathogenic,FREM1,222.0
A4FU01,R222C,0.311,benign,FREM1,222.0
A4FU01,R222D,0.7869,pathogenic,FREM1,222.0
A4FU01,R222E,0.657,pathogenic,FREM1,222.0
A4FU01,R222F,0.8036,pathogenic,FREM1,222.0
A4FU01,R222G,0.4407,ambiguous,FREM1,222.0
A4FU01,R222H,0.215,benign,FREM1,222.0
A4FU01,R222I,0.6683,pathogenic,FREM1,222.0
A4FU01,R222K,0.3138,benign,FREM1,222.0
A4FU01,R222L,0.5182,ambiguous,FREM1,222.0
A4FU01,R222M,0.6559,pathogenic,FREM1,222.0
A4FU01,R222N,0.739,pathogenic,FREM1,222.0
A4FU01,R222P,0.8353,pathogenic,FREM1,222.0
A4FU01,R222Q,0.239,benign,FREM1,222.0
A4FU01,R222S,0.7733,pathogenic,FREM1,222.0
A4FU01,R222T,0.6649,pathogenic,FREM1,222.0
A4FU01,R222V,0.7468,pathogenic,FREM1,222.0
A4FU01,R222W,0.2995,benign,FREM1,222.0
A4FU01,R222Y,0.5376,ambiguous,FREM1,222.0
A4FU01,F223A,0.8959,pathogenic,FREM1,223.0
A4FU01,F223C,0.5611,ambiguous,FREM1,223.0
A4FU01,F223D,0.9351,pathogenic,FREM1,223.0
A4FU01,F223E,0.9682,pathogenic,FREM1,223.0
A4FU01,F223G,0.8594,pathogenic,FREM1,223.0
A4FU01,F223H,0.7467,pathogenic,FREM1,223.0
A4FU01,F223I,0.9236,pathogenic,FREM1,223.0
A4FU01,F223K,0.9646,pathogenic,FREM1,223.0
A4FU01,F223L,0.9814,pathogenic,FREM1,223.0
A4FU01,F223M,0.8959,pathogenic,FREM1,223.0
A4FU01,F223N,0.8026,pathogenic,FREM1,223.0
A4FU01,F223P,0.9927,pathogenic,FREM1,223.0
A4FU01,F223Q,0.933,pathogenic,FREM1,223.0
A4FU01,F223R,0.9035,pathogenic,FREM1,223.0
A4FU01,F223S,0.764,pathogenic,FREM1,223.0
A4FU01,F223T,0.9318,pathogenic,FREM1,223.0
A4FU01,F223V,0.8734,pathogenic,FREM1,223.0
A4FU01,F223W,0.4423,ambiguous,FREM1,223.0
A4FU01,F223Y,0.1431,benign,FREM1,223.0
A4FU01,D224A,0.6184,pathogenic,FREM1,224.0
A4FU01,D224C,0.8855,pathogenic,FREM1,224.0
A4FU01,D224E,0.5814,pathogenic,FREM1,224.0
A4FU01,D224F,0.9099,pathogenic,FREM1,224.0
A4FU01,D224G,0.6743,pathogenic,FREM1,224.0
A4FU01,D224H,0.7241,pathogenic,FREM1,224.0
A4FU01,D224I,0.857,pathogenic,FREM1,224.0
A4FU01,D224K,0.9018,pathogenic,FREM1,224.0
A4FU01,D224L,0.813,pathogenic,FREM1,224.0
A4FU01,D224M,0.9344,pathogenic,FREM1,224.0
A4FU01,D224N,0.5052,ambiguous,FREM1,224.0
A4FU01,D224P,0.9663,pathogenic,FREM1,224.0
A4FU01,D224Q,0.8019,pathogenic,FREM1,224.0
A4FU01,D224R,0.8396,pathogenic,FREM1,224.0
A4FU01,D224S,0.5008,ambiguous,FREM1,224.0
A4FU01,D224T,0.7725,pathogenic,FREM1,224.0
A4FU01,D224V,0.7122,pathogenic,FREM1,224.0
A4FU01,D224W,0.9599,pathogenic,FREM1,224.0
A4FU01,D224Y,0.6443,pathogenic,FREM1,224.0
A4FU01,V225A,0.2886,benign,FREM1,225.0
A4FU01,V225C,0.7122,pathogenic,FREM1,225.0
A4FU01,V225D,0.8198,pathogenic,FREM1,225.0
A4FU01,V225E,0.7237,pathogenic,FREM1,225.0
A4FU01,V225F,0.2352,benign,FREM1,225.0
A4FU01,V225G,0.4879,ambiguous,FREM1,225.0
A4FU01,V225H,0.8237,pathogenic,FREM1,225.0
A4FU01,V225I,0.0691,benign,FREM1,225.0
A4FU01,V225K,0.7634,pathogenic,FREM1,225.0
A4FU01,V225L,0.1816,benign,FREM1,225.0
A4FU01,V225M,0.1322,benign,FREM1,225.0
A4FU01,V225N,0.6285,pathogenic,FREM1,225.0
A4FU01,V225P,0.9098,pathogenic,FREM1,225.0
A4FU01,V225Q,0.6992,pathogenic,FREM1,225.0
A4FU01,V225R,0.6952,pathogenic,FREM1,225.0
A4FU01,V225S,0.4536,ambiguous,FREM1,225.0
A4FU01,V225T,0.2201,benign,FREM1,225.0
A4FU01,V225W,0.8436,pathogenic,FREM1,225.0
A4FU01,V225Y,0.7196,pathogenic,FREM1,225.0
A4FU01,A226C,0.41,ambiguous,FREM1,226.0
A4FU01,A226D,0.7434,pathogenic,FREM1,226.0
A4FU01,A226E,0.8323,pathogenic,FREM1,226.0
A4FU01,A226F,0.8637,pathogenic,FREM1,226.0
A4FU01,A226G,0.2696,benign,FREM1,226.0
A4FU01,A226H,0.8576,pathogenic,FREM1,226.0
A4FU01,A226I,0.8555,pathogenic,FREM1,226.0
A4FU01,A226K,0.9589,pathogenic,FREM1,226.0
A4FU01,A226L,0.7209,pathogenic,FREM1,226.0
A4FU01,A226M,0.7411,pathogenic,FREM1,226.0
A4FU01,A226N,0.7288,pathogenic,FREM1,226.0
A4FU01,A226P,0.9457,pathogenic,FREM1,226.0
A4FU01,A226Q,0.8347,pathogenic,FREM1,226.0
A4FU01,A226R,0.9156,pathogenic,FREM1,226.0
A4FU01,A226S,0.0769,benign,FREM1,226.0
A4FU01,A226T,0.2143,benign,FREM1,226.0
A4FU01,A226V,0.4948,ambiguous,FREM1,226.0
A4FU01,A226W,0.9663,pathogenic,FREM1,226.0
A4FU01,A226Y,0.9034,pathogenic,FREM1,226.0
A4FU01,T227A,0.0892,benign,FREM1,227.0
A4FU01,T227C,0.4446,ambiguous,FREM1,227.0
A4FU01,T227D,0.5409,ambiguous,FREM1,227.0
A4FU01,T227E,0.44,ambiguous,FREM1,227.0
A4FU01,T227F,0.4453,ambiguous,FREM1,227.0
A4FU01,T227G,0.2719,benign,FREM1,227.0
A4FU01,T227H,0.3792,ambiguous,FREM1,227.0
A4FU01,T227I,0.3253,benign,FREM1,227.0
A4FU01,T227K,0.2962,benign,FREM1,227.0
A4FU01,T227L,0.1508,benign,FREM1,227.0
A4FU01,T227M,0.1353,benign,FREM1,227.0
A4FU01,T227N,0.2097,benign,FREM1,227.0
A4FU01,T227P,0.0844,benign,FREM1,227.0
A4FU01,T227Q,0.3124,benign,FREM1,227.0
A4FU01,T227R,0.2321,benign,FREM1,227.0
A4FU01,T227S,0.1526,benign,FREM1,227.0
A4FU01,T227V,0.2066,benign,FREM1,227.0
A4FU01,T227W,0.7143,pathogenic,FREM1,227.0
A4FU01,T227Y,0.4466,ambiguous,FREM1,227.0
A4FU01,S228A,0.2395,benign,FREM1,228.0
A4FU01,S228C,0.2541,benign,FREM1,228.0
A4FU01,S228D,0.8197,pathogenic,FREM1,228.0
A4FU01,S228E,0.9058,pathogenic,FREM1,228.0
A4FU01,S228F,0.7354,pathogenic,FREM1,228.0
A4FU01,S228G,0.2278,benign,FREM1,228.0
A4FU01,S228H,0.8284,pathogenic,FREM1,228.0
A4FU01,S228I,0.7524,pathogenic,FREM1,228.0
A4FU01,S228K,0.9863,pathogenic,FREM1,228.0
A4FU01,S228L,0.5325,ambiguous,FREM1,228.0
A4FU01,S228M,0.6664,pathogenic,FREM1,228.0
A4FU01,S228N,0.6049,pathogenic,FREM1,228.0
A4FU01,S228P,0.8741,pathogenic,FREM1,228.0
A4FU01,S228Q,0.9176,pathogenic,FREM1,228.0
A4FU01,S228R,0.9711,pathogenic,FREM1,228.0
A4FU01,S228T,0.1698,benign,FREM1,228.0
A4FU01,S228V,0.6283,pathogenic,FREM1,228.0
A4FU01,S228W,0.7761,pathogenic,FREM1,228.0
A4FU01,S228Y,0.6932,pathogenic,FREM1,228.0
A4FU01,L229A,0.8359,pathogenic,FREM1,229.0
A4FU01,L229C,0.8723,pathogenic,FREM1,229.0
A4FU01,L229D,0.9924,pathogenic,FREM1,229.0
A4FU01,L229E,0.9454,pathogenic,FREM1,229.0
A4FU01,L229F,0.4528,ambiguous,FREM1,229.0
A4FU01,L229G,0.9408,pathogenic,FREM1,229.0
A4FU01,L229H,0.8591,pathogenic,FREM1,229.0
A4FU01,L229I,0.3634,ambiguous,FREM1,229.0
A4FU01,L229K,0.9474,pathogenic,FREM1,229.0
A4FU01,L229M,0.2757,benign,FREM1,229.0
A4FU01,L229N,0.9395,pathogenic,FREM1,229.0
A4FU01,L229P,0.9692,pathogenic,FREM1,229.0
A4FU01,L229Q,0.7475,pathogenic,FREM1,229.0
A4FU01,L229R,0.8816,pathogenic,FREM1,229.0
A4FU01,L229S,0.8576,pathogenic,FREM1,229.0
A4FU01,L229T,0.83,pathogenic,FREM1,229.0
A4FU01,L229V,0.37,ambiguous,FREM1,229.0
A4FU01,L229W,0.8066,pathogenic,FREM1,229.0
A4FU01,L229Y,0.8487,pathogenic,FREM1,229.0
A4FU01,P230A,0.1522,benign,FREM1,230.0
A4FU01,P230C,0.5003,ambiguous,FREM1,230.0
A4FU01,P230D,0.8504,pathogenic,FREM1,230.0
A4FU01,P230E,0.8177,pathogenic,FREM1,230.0
A4FU01,P230F,0.9367,pathogenic,FREM1,230.0
A4FU01,P230G,0.3333,benign,FREM1,230.0
A4FU01,P230H,0.6471,pathogenic,FREM1,230.0
A4FU01,P230I,0.9192,pathogenic,FREM1,230.0
A4FU01,P230K,0.9316,pathogenic,FREM1,230.0
A4FU01,P230L,0.6312,pathogenic,FREM1,230.0
A4FU01,P230M,0.8172,pathogenic,FREM1,230.0
A4FU01,P230N,0.6811,pathogenic,FREM1,230.0
A4FU01,P230Q,0.6366,pathogenic,FREM1,230.0
A4FU01,P230R,0.8496,pathogenic,FREM1,230.0
A4FU01,P230S,0.1027,benign,FREM1,230.0
A4FU01,P230T,0.2904,benign,FREM1,230.0
A4FU01,P230V,0.78,pathogenic,FREM1,230.0
A4FU01,P230W,0.9357,pathogenic,FREM1,230.0
A4FU01,P230Y,0.9107,pathogenic,FREM1,230.0
A4FU01,R231A,0.1544,benign,FREM1,231.0
A4FU01,R231C,0.0928,benign,FREM1,231.0
A4FU01,R231D,0.4626,ambiguous,FREM1,231.0
A4FU01,R231E,0.2148,benign,FREM1,231.0
A4FU01,R231F,0.4321,ambiguous,FREM1,231.0
A4FU01,R231G,0.0944,benign,FREM1,231.0
A4FU01,R231H,0.1109,benign,FREM1,231.0
A4FU01,R231I,0.2591,benign,FREM1,231.0
A4FU01,R231K,0.0949,benign,FREM1,231.0
A4FU01,R231L,0.1705,benign,FREM1,231.0
A4FU01,R231M,0.246,benign,FREM1,231.0
A4FU01,R231N,0.3561,ambiguous,FREM1,231.0
A4FU01,R231P,0.1496,benign,FREM1,231.0
A4FU01,R231Q,0.0786,benign,FREM1,231.0
A4FU01,R231S,0.2177,benign,FREM1,231.0
A4FU01,R231T,0.1789,benign,FREM1,231.0
A4FU01,R231V,0.2673,benign,FREM1,231.0
A4FU01,R231W,0.1637,benign,FREM1,231.0
A4FU01,R231Y,0.2775,benign,FREM1,231.0
A4FU01,Y232A,0.699,pathogenic,FREM1,232.0
A4FU01,Y232C,0.1925,benign,FREM1,232.0
A4FU01,Y232D,0.6694,pathogenic,FREM1,232.0
A4FU01,Y232E,0.8988,pathogenic,FREM1,232.0
A4FU01,Y232F,0.129,benign,FREM1,232.0
A4FU01,Y232G,0.6721,pathogenic,FREM1,232.0
A4FU01,Y232H,0.2954,benign,FREM1,232.0
A4FU01,Y232I,0.6877,pathogenic,FREM1,232.0
A4FU01,Y232K,0.8499,pathogenic,FREM1,232.0
A4FU01,Y232L,0.6676,pathogenic,FREM1,232.0
A4FU01,Y232M,0.7917,pathogenic,FREM1,232.0
A4FU01,Y232N,0.3503,ambiguous,FREM1,232.0
A4FU01,Y232P,0.9662,pathogenic,FREM1,232.0
A4FU01,Y232Q,0.7766,pathogenic,FREM1,232.0
A4FU01,Y232R,0.6996,pathogenic,FREM1,232.0
A4FU01,Y232S,0.404,ambiguous,FREM1,232.0
A4FU01,Y232T,0.6798,pathogenic,FREM1,232.0
A4FU01,Y232V,0.5437,ambiguous,FREM1,232.0
A4FU01,Y232W,0.4892,ambiguous,FREM1,232.0
A4FU01,F233A,0.8761,pathogenic,FREM1,233.0
A4FU01,F233C,0.4683,ambiguous,FREM1,233.0
A4FU01,F233D,0.9844,pathogenic,FREM1,233.0
A4FU01,F233E,0.9863,pathogenic,FREM1,233.0
A4FU01,F233G,0.944,pathogenic,FREM1,233.0
A4FU01,F233H,0.8754,pathogenic,FREM1,233.0
A4FU01,F233I,0.2605,benign,FREM1,233.0
A4FU01,F233K,0.9909,pathogenic,FREM1,233.0
A4FU01,F233L,0.8255,pathogenic,FREM1,233.0
A4FU01,F233M,0.6891,pathogenic,FREM1,233.0
A4FU01,F233N,0.9114,pathogenic,FREM1,233.0
A4FU01,F233P,0.9959,pathogenic,FREM1,233.0
A4FU01,F233Q,0.9627,pathogenic,FREM1,233.0
A4FU01,F233R,0.9693,pathogenic,FREM1,233.0
A4FU01,F233S,0.8026,pathogenic,FREM1,233.0
A4FU01,F233T,0.8361,pathogenic,FREM1,233.0
A4FU01,F233V,0.3129,benign,FREM1,233.0
A4FU01,F233W,0.711,pathogenic,FREM1,233.0
A4FU01,F233Y,0.391,ambiguous,FREM1,233.0
A4FU01,W234A,0.5697,pathogenic,FREM1,234.0
A4FU01,W234C,0.622,pathogenic,FREM1,234.0
A4FU01,W234D,0.9795,pathogenic,FREM1,234.0
A4FU01,W234E,0.9646,pathogenic,FREM1,234.0
A4FU01,W234F,0.2731,benign,FREM1,234.0
A4FU01,W234G,0.5929,pathogenic,FREM1,234.0
A4FU01,W234H,0.8914,pathogenic,FREM1,234.0
A4FU01,W234I,0.4707,ambiguous,FREM1,234.0
A4FU01,W234K,0.9821,pathogenic,FREM1,234.0
A4FU01,W234L,0.2003,benign,FREM1,234.0
A4FU01,W234M,0.587,pathogenic,FREM1,234.0
A4FU01,W234N,0.9543,pathogenic,FREM1,234.0
A4FU01,W234P,0.883,pathogenic,FREM1,234.0
A4FU01,W234Q,0.9324,pathogenic,FREM1,234.0
A4FU01,W234R,0.945,pathogenic,FREM1,234.0
A4FU01,W234S,0.5965,pathogenic,FREM1,234.0
A4FU01,W234T,0.62,pathogenic,FREM1,234.0
A4FU01,W234V,0.3873,ambiguous,FREM1,234.0
A4FU01,W234Y,0.5591,ambiguous,FREM1,234.0
A4FU01,V235A,0.7129,pathogenic,FREM1,235.0
A4FU01,V235C,0.9034,pathogenic,FREM1,235.0
A4FU01,V235D,0.9874,pathogenic,FREM1,235.0
A4FU01,V235E,0.9559,pathogenic,FREM1,235.0
A4FU01,V235F,0.7463,pathogenic,FREM1,235.0
A4FU01,V235G,0.7287,pathogenic,FREM1,235.0
A4FU01,V235H,0.9826,pathogenic,FREM1,235.0
A4FU01,V235I,0.1558,benign,FREM1,235.0
A4FU01,V235K,0.9688,pathogenic,FREM1,235.0
A4FU01,V235L,0.6551,pathogenic,FREM1,235.0
A4FU01,V235M,0.6583,pathogenic,FREM1,235.0
A4FU01,V235N,0.9529,pathogenic,FREM1,235.0
A4FU01,V235P,0.9839,pathogenic,FREM1,235.0
A4FU01,V235Q,0.9443,pathogenic,FREM1,235.0
A4FU01,V235R,0.949,pathogenic,FREM1,235.0
A4FU01,V235S,0.8358,pathogenic,FREM1,235.0
A4FU01,V235T,0.697,pathogenic,FREM1,235.0
A4FU01,V235W,0.9922,pathogenic,FREM1,235.0
A4FU01,V235Y,0.9693,pathogenic,FREM1,235.0
A4FU01,P236A,0.7038,pathogenic,FREM1,236.0
A4FU01,P236C,0.9477,pathogenic,FREM1,236.0
A4FU01,P236D,0.9773,pathogenic,FREM1,236.0
A4FU01,P236E,0.9523,pathogenic,FREM1,236.0
A4FU01,P236F,0.9929,pathogenic,FREM1,236.0
A4FU01,P236G,0.9077,pathogenic,FREM1,236.0
A4FU01,P236H,0.909,pathogenic,FREM1,236.0
A4FU01,P236I,0.9863,pathogenic,FREM1,236.0
A4FU01,P236K,0.9711,pathogenic,FREM1,236.0
A4FU01,P236L,0.8256,pathogenic,FREM1,236.0
A4FU01,P236M,0.9687,pathogenic,FREM1,236.0
A4FU01,P236N,0.9621,pathogenic,FREM1,236.0
A4FU01,P236Q,0.8873,pathogenic,FREM1,236.0
A4FU01,P236R,0.9141,pathogenic,FREM1,236.0
A4FU01,P236S,0.7837,pathogenic,FREM1,236.0
A4FU01,P236T,0.8488,pathogenic,FREM1,236.0
A4FU01,P236V,0.955,pathogenic,FREM1,236.0
A4FU01,P236W,0.9899,pathogenic,FREM1,236.0
A4FU01,P236Y,0.9894,pathogenic,FREM1,236.0
A4FU01,N237A,0.095,benign,FREM1,237.0
A4FU01,N237C,0.1184,benign,FREM1,237.0
A4FU01,N237D,0.1021,benign,FREM1,237.0
A4FU01,N237E,0.1524,benign,FREM1,237.0
A4FU01,N237F,0.3448,ambiguous,FREM1,237.0
A4FU01,N237G,0.1143,benign,FREM1,237.0
A4FU01,N237H,0.0753,benign,FREM1,237.0
A4FU01,N237I,0.1522,benign,FREM1,237.0
A4FU01,N237K,0.1017,benign,FREM1,237.0
A4FU01,N237L,0.1355,benign,FREM1,237.0
A4FU01,N237M,0.1901,benign,FREM1,237.0
A4FU01,N237P,0.2883,benign,FREM1,237.0
A4FU01,N237Q,0.1224,benign,FREM1,237.0
A4FU01,N237R,0.1105,benign,FREM1,237.0
A4FU01,N237S,0.0562,benign,FREM1,237.0
A4FU01,N237T,0.0906,benign,FREM1,237.0
A4FU01,N237V,0.1299,benign,FREM1,237.0
A4FU01,N237W,0.4153,ambiguous,FREM1,237.0
A4FU01,N237Y,0.1175,benign,FREM1,237.0
A4FU01,R238A,0.189,benign,FREM1,238.0
A4FU01,R238C,0.1268,benign,FREM1,238.0
A4FU01,R238D,0.3292,benign,FREM1,238.0
A4FU01,R238E,0.2132,benign,FREM1,238.0
A4FU01,R238F,0.4052,ambiguous,FREM1,238.0
A4FU01,R238G,0.0897,benign,FREM1,238.0
A4FU01,R238H,0.0884,benign,FREM1,238.0
A4FU01,R238I,0.2511,benign,FREM1,238.0
A4FU01,R238K,0.0938,benign,FREM1,238.0
A4FU01,R238L,0.1864,benign,FREM1,238.0
A4FU01,R238M,0.227,benign,FREM1,238.0
A4FU01,R238N,0.2793,benign,FREM1,238.0
A4FU01,R238P,0.3213,benign,FREM1,238.0
A4FU01,R238Q,0.0851,benign,FREM1,238.0
A4FU01,R238S,0.2224,benign,FREM1,238.0
A4FU01,R238T,0.1429,benign,FREM1,238.0
A4FU01,R238V,0.2606,benign,FREM1,238.0
A4FU01,R238W,0.1495,benign,FREM1,238.0
A4FU01,R238Y,0.2667,benign,FREM1,238.0
A4FU01,I239A,0.2385,benign,FREM1,239.0
A4FU01,I239C,0.4051,ambiguous,FREM1,239.0
A4FU01,I239D,0.7388,pathogenic,FREM1,239.0
A4FU01,I239E,0.655,pathogenic,FREM1,239.0
A4FU01,I239F,0.138,benign,FREM1,239.0
A4FU01,I239G,0.5309,ambiguous,FREM1,239.0
A4FU01,I239H,0.4296,ambiguous,FREM1,239.0
A4FU01,I239K,0.5355,ambiguous,FREM1,239.0
A4FU01,I239L,0.0995,benign,FREM1,239.0
A4FU01,I239M,0.099,benign,FREM1,239.0
A4FU01,I239N,0.2573,benign,FREM1,239.0
A4FU01,I239P,0.646,pathogenic,FREM1,239.0
A4FU01,I239Q,0.4729,ambiguous,FREM1,239.0
A4FU01,I239R,0.4308,ambiguous,FREM1,239.0
A4FU01,I239S,0.239,benign,FREM1,239.0
A4FU01,I239T,0.1269,benign,FREM1,239.0
A4FU01,I239V,0.0772,benign,FREM1,239.0
A4FU01,I239W,0.6318,pathogenic,FREM1,239.0
A4FU01,I239Y,0.366,ambiguous,FREM1,239.0
A4FU01,L240A,0.3627,ambiguous,FREM1,240.0
A4FU01,L240C,0.5902,pathogenic,FREM1,240.0
A4FU01,L240D,0.8705,pathogenic,FREM1,240.0
A4FU01,L240E,0.6178,pathogenic,FREM1,240.0
A4FU01,L240F,0.2319,benign,FREM1,240.0
A4FU01,L240G,0.5813,pathogenic,FREM1,240.0
A4FU01,L240H,0.4039,ambiguous,FREM1,240.0
A4FU01,L240I,0.2289,benign,FREM1,240.0
A4FU01,L240K,0.4452,ambiguous,FREM1,240.0
A4FU01,L240M,0.173,benign,FREM1,240.0
A4FU01,L240N,0.6586,pathogenic,FREM1,240.0
A4FU01,L240P,0.279,benign,FREM1,240.0
A4FU01,L240Q,0.2831,benign,FREM1,240.0
A4FU01,L240R,0.2836,benign,FREM1,240.0
A4FU01,L240S,0.415,ambiguous,FREM1,240.0
A4FU01,L240T,0.294,benign,FREM1,240.0
A4FU01,L240V,0.1778,benign,FREM1,240.0
A4FU01,L240W,0.3186,benign,FREM1,240.0
A4FU01,L240Y,0.5372,ambiguous,FREM1,240.0
A4FU01,D241A,0.9162,pathogenic,FREM1,241.0
A4FU01,D241C,0.9867,pathogenic,FREM1,241.0
A4FU01,D241E,0.8215,pathogenic,FREM1,241.0
A4FU01,D241F,0.9903,pathogenic,FREM1,241.0
A4FU01,D241G,0.8714,pathogenic,FREM1,241.0
A4FU01,D241H,0.9577,pathogenic,FREM1,241.0
A4FU01,D241I,0.9854,pathogenic,FREM1,241.0
A4FU01,D241K,0.9809,pathogenic,FREM1,241.0
A4FU01,D241L,0.9732,pathogenic,FREM1,241.0
A4FU01,D241M,0.9946,pathogenic,FREM1,241.0
A4FU01,D241N,0.7049,pathogenic,FREM1,241.0
A4FU01,D241P,0.9702,pathogenic,FREM1,241.0
A4FU01,D241Q,0.9698,pathogenic,FREM1,241.0
A4FU01,D241R,0.9746,pathogenic,FREM1,241.0
A4FU01,D241S,0.812,pathogenic,FREM1,241.0
A4FU01,D241T,0.9486,pathogenic,FREM1,241.0
A4FU01,D241V,0.9476,pathogenic,FREM1,241.0
A4FU01,D241W,0.9968,pathogenic,FREM1,241.0
A4FU01,D241Y,0.9357,pathogenic,FREM1,241.0
A4FU01,S242A,0.118,benign,FREM1,242.0
A4FU01,S242C,0.1345,benign,FREM1,242.0
A4FU01,S242D,0.5775,pathogenic,FREM1,242.0
A4FU01,S242E,0.7005,pathogenic,FREM1,242.0
A4FU01,S242F,0.3901,ambiguous,FREM1,242.0
A4FU01,S242G,0.0971,benign,FREM1,242.0
A4FU01,S242H,0.4448,ambiguous,FREM1,242.0
A4FU01,S242I,0.2575,benign,FREM1,242.0
A4FU01,S242K,0.8134,pathogenic,FREM1,242.0
A4FU01,S242L,0.1835,benign,FREM1,242.0
A4FU01,S242M,0.2749,benign,FREM1,242.0
A4FU01,S242N,0.1634,benign,FREM1,242.0
A4FU01,S242P,0.3907,ambiguous,FREM1,242.0
A4FU01,S242Q,0.6515,pathogenic,FREM1,242.0
A4FU01,S242R,0.7523,pathogenic,FREM1,242.0
A4FU01,S242T,0.0994,benign,FREM1,242.0
A4FU01,S242V,0.2612,benign,FREM1,242.0
A4FU01,S242W,0.4333,ambiguous,FREM1,242.0
A4FU01,S242Y,0.2976,benign,FREM1,242.0
A4FU01,E243A,0.3545,ambiguous,FREM1,243.0
A4FU01,E243C,0.9558,pathogenic,FREM1,243.0
A4FU01,E243D,0.1996,benign,FREM1,243.0
A4FU01,E243F,0.9527,pathogenic,FREM1,243.0
A4FU01,E243G,0.5373,ambiguous,FREM1,243.0
A4FU01,E243H,0.7057,pathogenic,FREM1,243.0
A4FU01,E243I,0.8084,pathogenic,FREM1,243.0
A4FU01,E243K,0.4193,ambiguous,FREM1,243.0
A4FU01,E243L,0.792,pathogenic,FREM1,243.0
A4FU01,E243M,0.8086,pathogenic,FREM1,243.0
A4FU01,E243N,0.523,ambiguous,FREM1,243.0
A4FU01,E243P,0.962,pathogenic,FREM1,243.0
A4FU01,E243Q,0.2687,benign,FREM1,243.0
A4FU01,E243R,0.5615,ambiguous,FREM1,243.0
A4FU01,E243S,0.4248,ambiguous,FREM1,243.0
A4FU01,E243T,0.5231,ambiguous,FREM1,243.0
A4FU01,E243V,0.5481,ambiguous,FREM1,243.0
A4FU01,E243W,0.9784,pathogenic,FREM1,243.0
A4FU01,E243Y,0.8881,pathogenic,FREM1,243.0
A4FU01,V244A,0.5591,ambiguous,FREM1,244.0
A4FU01,V244C,0.8711,pathogenic,FREM1,244.0
A4FU01,V244D,0.9677,pathogenic,FREM1,244.0
A4FU01,V244E,0.9144,pathogenic,FREM1,244.0
A4FU01,V244F,0.5028,ambiguous,FREM1,244.0
A4FU01,V244G,0.6725,pathogenic,FREM1,244.0
A4FU01,V244H,0.9765,pathogenic,FREM1,244.0
A4FU01,V244I,0.094,benign,FREM1,244.0
A4FU01,V244K,0.958,pathogenic,FREM1,244.0
A4FU01,V244L,0.2808,benign,FREM1,244.0
A4FU01,V244M,0.312,benign,FREM1,244.0
A4FU01,V244N,0.9104,pathogenic,FREM1,244.0
A4FU01,V244P,0.9683,pathogenic,FREM1,244.0
A4FU01,V244Q,0.933,pathogenic,FREM1,244.0
A4FU01,V244R,0.9502,pathogenic,FREM1,244.0
A4FU01,V244S,0.8152,pathogenic,FREM1,244.0
A4FU01,V244T,0.6344,pathogenic,FREM1,244.0
A4FU01,V244W,0.9625,pathogenic,FREM1,244.0
A4FU01,V244Y,0.9039,pathogenic,FREM1,244.0
A4FU01,R245A,0.6273,pathogenic,FREM1,245.0
A4FU01,R245C,0.2516,benign,FREM1,245.0
A4FU01,R245D,0.9058,pathogenic,FREM1,245.0
A4FU01,R245E,0.5839,pathogenic,FREM1,245.0
A4FU01,R245F,0.7369,pathogenic,FREM1,245.0
A4FU01,R245G,0.4169,ambiguous,FREM1,245.0
A4FU01,R245H,0.1916,benign,FREM1,245.0
A4FU01,R245I,0.4986,ambiguous,FREM1,245.0
A4FU01,R245K,0.1352,benign,FREM1,245.0
A4FU01,R245L,0.3876,ambiguous,FREM1,245.0
A4FU01,R245M,0.5017,ambiguous,FREM1,245.0
A4FU01,R245N,0.8321,pathogenic,FREM1,245.0
A4FU01,R245P,0.8195,pathogenic,FREM1,245.0
A4FU01,R245Q,0.1439,benign,FREM1,245.0
A4FU01,R245S,0.7206,pathogenic,FREM1,245.0
A4FU01,R245T,0.5331,ambiguous,FREM1,245.0
A4FU01,R245V,0.5569,ambiguous,FREM1,245.0
A4FU01,R245W,0.2581,benign,FREM1,245.0
A4FU01,R245Y,0.5942,pathogenic,FREM1,245.0
A4FU01,R246A,0.3226,benign,FREM1,246.0
A4FU01,R246C,0.241,benign,FREM1,246.0
A4FU01,R246D,0.6592,pathogenic,FREM1,246.0
A4FU01,R246E,0.3427,ambiguous,FREM1,246.0
A4FU01,R246F,0.6083,pathogenic,FREM1,246.0
A4FU01,R246G,0.1999,benign,FREM1,246.0
A4FU01,R246H,0.1388,benign,FREM1,246.0
A4FU01,R246I,0.3487,ambiguous,FREM1,246.0
A4FU01,R246K,0.0881,benign,FREM1,246.0
A4FU01,R246L,0.2588,benign,FREM1,246.0
A4FU01,R246M,0.2925,benign,FREM1,246.0
A4FU01,R246N,0.5413,ambiguous,FREM1,246.0
A4FU01,R246P,0.7498,pathogenic,FREM1,246.0
A4FU01,R246Q,0.1089,benign,FREM1,246.0
A4FU01,R246S,0.4602,ambiguous,FREM1,246.0
A4FU01,R246T,0.2557,benign,FREM1,246.0
A4FU01,R246V,0.3864,ambiguous,FREM1,246.0
A4FU01,R246W,0.2228,benign,FREM1,246.0
A4FU01,R246Y,0.48,ambiguous,FREM1,246.0
A4FU01,A247C,0.3723,ambiguous,FREM1,247.0
A4FU01,A247D,0.8153,pathogenic,FREM1,247.0
A4FU01,A247E,0.7863,pathogenic,FREM1,247.0
A4FU01,A247F,0.5677,pathogenic,FREM1,247.0
A4FU01,A247G,0.2118,benign,FREM1,247.0
A4FU01,A247H,0.7855,pathogenic,FREM1,247.0
A4FU01,A247I,0.2817,benign,FREM1,247.0
A4FU01,A247K,0.9102,pathogenic,FREM1,247.0
A4FU01,A247L,0.2822,benign,FREM1,247.0
A4FU01,A247M,0.3247,benign,FREM1,247.0
A4FU01,A247N,0.5365,ambiguous,FREM1,247.0
A4FU01,A247P,0.8637,pathogenic,FREM1,247.0
A4FU01,A247Q,0.7588,pathogenic,FREM1,247.0
A4FU01,A247R,0.8395,pathogenic,FREM1,247.0
A4FU01,A247S,0.1185,benign,FREM1,247.0
A4FU01,A247T,0.0861,benign,FREM1,247.0
A4FU01,A247V,0.1261,benign,FREM1,247.0
A4FU01,A247W,0.8864,pathogenic,FREM1,247.0
A4FU01,A247Y,0.7375,pathogenic,FREM1,247.0
A4FU01,F248A,0.8427,pathogenic,FREM1,248.0
A4FU01,F248C,0.7225,pathogenic,FREM1,248.0
A4FU01,F248D,0.9914,pathogenic,FREM1,248.0
A4FU01,F248E,0.9901,pathogenic,FREM1,248.0
A4FU01,F248G,0.9422,pathogenic,FREM1,248.0
A4FU01,F248H,0.9292,pathogenic,FREM1,248.0
A4FU01,F248I,0.77,pathogenic,FREM1,248.0
A4FU01,F248K,0.9925,pathogenic,FREM1,248.0
A4FU01,F248L,0.9444,pathogenic,FREM1,248.0
A4FU01,F248M,0.8035,pathogenic,FREM1,248.0
A4FU01,F248N,0.9657,pathogenic,FREM1,248.0
A4FU01,F248P,0.9968,pathogenic,FREM1,248.0
A4FU01,F248Q,0.9741,pathogenic,FREM1,248.0
A4FU01,F248R,0.9729,pathogenic,FREM1,248.0
A4FU01,F248S,0.7937,pathogenic,FREM1,248.0
A4FU01,F248T,0.8909,pathogenic,FREM1,248.0
A4FU01,F248V,0.6851,pathogenic,FREM1,248.0
A4FU01,F248W,0.6745,pathogenic,FREM1,248.0
A4FU01,F248Y,0.4699,ambiguous,FREM1,248.0
A4FU01,G249A,0.0886,benign,FREM1,249.0
A4FU01,G249C,0.1216,benign,FREM1,249.0
A4FU01,G249D,0.3496,ambiguous,FREM1,249.0
A4FU01,G249E,0.3239,benign,FREM1,249.0
A4FU01,G249F,0.4876,ambiguous,FREM1,249.0
A4FU01,G249H,0.3295,benign,FREM1,249.0
A4FU01,G249I,0.2247,benign,FREM1,249.0
A4FU01,G249K,0.4965,ambiguous,FREM1,249.0
A4FU01,G249L,0.264,benign,FREM1,249.0
A4FU01,G249M,0.4339,ambiguous,FREM1,249.0
A4FU01,G249N,0.2946,benign,FREM1,249.0
A4FU01,G249P,0.5674,pathogenic,FREM1,249.0
A4FU01,G249Q,0.3107,benign,FREM1,249.0
A4FU01,G249R,0.2896,benign,FREM1,249.0
A4FU01,G249S,0.084,benign,FREM1,249.0
A4FU01,G249T,0.1404,benign,FREM1,249.0
A4FU01,G249V,0.1475,benign,FREM1,249.0
A4FU01,G249W,0.3674,ambiguous,FREM1,249.0
A4FU01,G249Y,0.3937,ambiguous,FREM1,249.0
A4FU01,H250A,0.8461,pathogenic,FREM1,250.0
A4FU01,H250C,0.3713,ambiguous,FREM1,250.0
A4FU01,H250D,0.8618,pathogenic,FREM1,250.0
A4FU01,H250E,0.9285,pathogenic,FREM1,250.0
A4FU01,H250F,0.5574,ambiguous,FREM1,250.0
A4FU01,H250G,0.8849,pathogenic,FREM1,250.0
A4FU01,H250I,0.7778,pathogenic,FREM1,250.0
A4FU01,H250K,0.8904,pathogenic,FREM1,250.0
A4FU01,H250L,0.4363,ambiguous,FREM1,250.0
A4FU01,H250M,0.8725,pathogenic,FREM1,250.0
A4FU01,H250N,0.4522,ambiguous,FREM1,250.0
A4FU01,H250P,0.5444,ambiguous,FREM1,250.0
A4FU01,H250Q,0.7831,pathogenic,FREM1,250.0
A4FU01,H250R,0.6566,pathogenic,FREM1,250.0
A4FU01,H250S,0.7523,pathogenic,FREM1,250.0
A4FU01,H250T,0.8806,pathogenic,FREM1,250.0
A4FU01,H250V,0.7547,pathogenic,FREM1,250.0
A4FU01,H250W,0.6965,pathogenic,FREM1,250.0
A4FU01,H250Y,0.2474,benign,FREM1,250.0
A4FU01,F251A,0.9839,pathogenic,FREM1,251.0
A4FU01,F251C,0.8715,pathogenic,FREM1,251.0
A4FU01,F251D,0.9957,pathogenic,FREM1,251.0
A4FU01,F251E,0.9967,pathogenic,FREM1,251.0
A4FU01,F251G,0.9828,pathogenic,FREM1,251.0
A4FU01,F251H,0.9418,pathogenic,FREM1,251.0
A4FU01,F251I,0.9153,pathogenic,FREM1,251.0
A4FU01,F251K,0.9954,pathogenic,FREM1,251.0
A4FU01,F251L,0.9824,pathogenic,FREM1,251.0
A4FU01,F251M,0.9578,pathogenic,FREM1,251.0
A4FU01,F251N,0.9858,pathogenic,FREM1,251.0
A4FU01,F251P,0.9985,pathogenic,FREM1,251.0
A4FU01,F251Q,0.9886,pathogenic,FREM1,251.0
A4FU01,F251R,0.9772,pathogenic,FREM1,251.0
A4FU01,F251S,0.966,pathogenic,FREM1,251.0
A4FU01,F251T,0.9822,pathogenic,FREM1,251.0
A4FU01,F251V,0.8888,pathogenic,FREM1,251.0
A4FU01,F251W,0.8212,pathogenic,FREM1,251.0
A4FU01,F251Y,0.472,ambiguous,FREM1,251.0
A4FU01,H252A,0.2063,benign,FREM1,252.0
A4FU01,H252C,0.1143,benign,FREM1,252.0
A4FU01,H252D,0.1875,benign,FREM1,252.0
A4FU01,H252E,0.2077,benign,FREM1,252.0
A4FU01,H252F,0.2182,benign,FREM1,252.0
A4FU01,H252G,0.2265,benign,FREM1,252.0
A4FU01,H252I,0.2483,benign,FREM1,252.0
A4FU01,H252K,0.2745,benign,FREM1,252.0
A4FU01,H252L,0.0981,benign,FREM1,252.0
A4FU01,H252M,0.4006,ambiguous,FREM1,252.0
A4FU01,H252N,0.1094,benign,FREM1,252.0
A4FU01,H252P,0.2316,benign,FREM1,252.0
A4FU01,H252Q,0.1278,benign,FREM1,252.0
A4FU01,H252R,0.0997,benign,FREM1,252.0
A4FU01,H252S,0.148,benign,FREM1,252.0
A4FU01,H252T,0.2224,benign,FREM1,252.0
A4FU01,H252V,0.1971,benign,FREM1,252.0
A4FU01,H252W,0.225,benign,FREM1,252.0
A4FU01,H252Y,0.0784,benign,FREM1,252.0
A4FU01,Q253A,0.1933,benign,FREM1,253.0
A4FU01,Q253C,0.4327,ambiguous,FREM1,253.0
A4FU01,Q253D,0.2169,benign,FREM1,253.0
A4FU01,Q253E,0.069,benign,FREM1,253.0
A4FU01,Q253F,0.597,pathogenic,FREM1,253.0
A4FU01,Q253G,0.1411,benign,FREM1,253.0
A4FU01,Q253H,0.185,benign,FREM1,253.0
A4FU01,Q253I,0.5455,ambiguous,FREM1,253.0
A4FU01,Q253K,0.1188,benign,FREM1,253.0
A4FU01,Q253L,0.1339,benign,FREM1,253.0
A4FU01,Q253M,0.3761,ambiguous,FREM1,253.0
A4FU01,Q253N,0.234,benign,FREM1,253.0
A4FU01,Q253P,0.3072,benign,FREM1,253.0
A4FU01,Q253R,0.0938,benign,FREM1,253.0
A4FU01,Q253S,0.2,benign,FREM1,253.0
A4FU01,Q253T,0.2805,benign,FREM1,253.0
A4FU01,Q253V,0.351,ambiguous,FREM1,253.0
A4FU01,Q253W,0.4357,ambiguous,FREM1,253.0
A4FU01,Q253Y,0.371,ambiguous,FREM1,253.0
A4FU01,G254A,0.1912,benign,FREM1,254.0
A4FU01,G254C,0.2088,benign,FREM1,254.0
A4FU01,G254D,0.4865,ambiguous,FREM1,254.0
A4FU01,G254E,0.4267,ambiguous,FREM1,254.0
A4FU01,G254F,0.7189,pathogenic,FREM1,254.0
A4FU01,G254H,0.4818,ambiguous,FREM1,254.0
A4FU01,G254I,0.6415,pathogenic,FREM1,254.0
A4FU01,G254K,0.578,pathogenic,FREM1,254.0
A4FU01,G254L,0.5912,pathogenic,FREM1,254.0
A4FU01,G254M,0.6136,pathogenic,FREM1,254.0
A4FU01,G254N,0.3591,ambiguous,FREM1,254.0
A4FU01,G254P,0.9431,pathogenic,FREM1,254.0
A4FU01,G254Q,0.3841,ambiguous,FREM1,254.0
A4FU01,G254R,0.3928,ambiguous,FREM1,254.0
A4FU01,G254S,0.1326,benign,FREM1,254.0
A4FU01,G254T,0.3439,ambiguous,FREM1,254.0
A4FU01,G254V,0.4744,ambiguous,FREM1,254.0
A4FU01,G254W,0.5458,ambiguous,FREM1,254.0
A4FU01,G254Y,0.5271,ambiguous,FREM1,254.0
A4FU01,R255A,0.9509,pathogenic,FREM1,255.0
A4FU01,R255C,0.5101,ambiguous,FREM1,255.0
A4FU01,R255D,0.9886,pathogenic,FREM1,255.0
A4FU01,R255E,0.9206,pathogenic,FREM1,255.0
A4FU01,R255F,0.9586,pathogenic,FREM1,255.0
A4FU01,R255G,0.8904,pathogenic,FREM1,255.0
A4FU01,R255H,0.4652,ambiguous,FREM1,255.0
A4FU01,R255I,0.9291,pathogenic,FREM1,255.0
A4FU01,R255K,0.6862,pathogenic,FREM1,255.0
A4FU01,R255L,0.8741,pathogenic,FREM1,255.0
A4FU01,R255M,0.9601,pathogenic,FREM1,255.0
A4FU01,R255N,0.9741,pathogenic,FREM1,255.0
A4FU01,R255P,0.9704,pathogenic,FREM1,255.0
A4FU01,R255Q,0.4846,ambiguous,FREM1,255.0
A4FU01,R255S,0.9681,pathogenic,FREM1,255.0
A4FU01,R255T,0.954,pathogenic,FREM1,255.0
A4FU01,R255V,0.9375,pathogenic,FREM1,255.0
A4FU01,R255W,0.6418,pathogenic,FREM1,255.0
A4FU01,R255Y,0.8864,pathogenic,FREM1,255.0
A4FU01,G256A,0.1741,benign,FREM1,256.0
A4FU01,G256C,0.3334,benign,FREM1,256.0
A4FU01,G256D,0.9792,pathogenic,FREM1,256.0
A4FU01,G256E,0.9622,pathogenic,FREM1,256.0
A4FU01,G256F,0.84,pathogenic,FREM1,256.0
A4FU01,G256H,0.9754,pathogenic,FREM1,256.0
A4FU01,G256I,0.4112,ambiguous,FREM1,256.0
A4FU01,G256K,0.9889,pathogenic,FREM1,256.0
A4FU01,G256L,0.6466,pathogenic,FREM1,256.0
A4FU01,G256M,0.7715,pathogenic,FREM1,256.0
A4FU01,G256N,0.959,pathogenic,FREM1,256.0
A4FU01,G256P,0.7897,pathogenic,FREM1,256.0
A4FU01,G256Q,0.9622,pathogenic,FREM1,256.0
A4FU01,G256R,0.9661,pathogenic,FREM1,256.0
A4FU01,G256S,0.398,ambiguous,FREM1,256.0
A4FU01,G256T,0.6372,pathogenic,FREM1,256.0
A4FU01,G256V,0.3219,benign,FREM1,256.0
A4FU01,G256W,0.8776,pathogenic,FREM1,256.0
A4FU01,G256Y,0.9085,pathogenic,FREM1,256.0
A4FU01,P257A,0.3177,benign,FREM1,257.0
A4FU01,P257C,0.8231,pathogenic,FREM1,257.0
A4FU01,P257D,0.9966,pathogenic,FREM1,257.0
A4FU01,P257E,0.9886,pathogenic,FREM1,257.0
A4FU01,P257F,0.945,pathogenic,FREM1,257.0
A4FU01,P257G,0.8605,pathogenic,FREM1,257.0
A4FU01,P257H,0.9686,pathogenic,FREM1,257.0
A4FU01,P257I,0.7341,pathogenic,FREM1,257.0
A4FU01,P257K,0.9916,pathogenic,FREM1,257.0
A4FU01,P257L,0.4788,ambiguous,FREM1,257.0
A4FU01,P257M,0.8453,pathogenic,FREM1,257.0
A4FU01,P257N,0.9873,pathogenic,FREM1,257.0
A4FU01,P257Q,0.9552,pathogenic,FREM1,257.0
A4FU01,P257R,0.9685,pathogenic,FREM1,257.0
A4FU01,P257S,0.7845,pathogenic,FREM1,257.0
A4FU01,P257T,0.7309,pathogenic,FREM1,257.0
A4FU01,P257V,0.5727,pathogenic,FREM1,257.0
A4FU01,P257W,0.9879,pathogenic,FREM1,257.0
A4FU01,P257Y,0.9814,pathogenic,FREM1,257.0
A4FU01,R258A,0.9073,pathogenic,FREM1,258.0
A4FU01,R258C,0.2898,benign,FREM1,258.0
A4FU01,R258D,0.9902,pathogenic,FREM1,258.0
A4FU01,R258E,0.908,pathogenic,FREM1,258.0
A4FU01,R258F,0.8538,pathogenic,FREM1,258.0
A4FU01,R258G,0.8476,pathogenic,FREM1,258.0
A4FU01,R258H,0.3664,ambiguous,FREM1,258.0
A4FU01,R258I,0.6946,pathogenic,FREM1,258.0
A4FU01,R258K,0.5312,ambiguous,FREM1,258.0
A4FU01,R258L,0.571,pathogenic,FREM1,258.0
A4FU01,R258M,0.8009,pathogenic,FREM1,258.0
A4FU01,R258N,0.9708,pathogenic,FREM1,258.0
A4FU01,R258P,0.9715,pathogenic,FREM1,258.0
A4FU01,R258Q,0.3114,benign,FREM1,258.0
A4FU01,R258S,0.9218,pathogenic,FREM1,258.0
A4FU01,R258T,0.8503,pathogenic,FREM1,258.0
A4FU01,R258V,0.6864,pathogenic,FREM1,258.0
A4FU01,R258W,0.3858,ambiguous,FREM1,258.0
A4FU01,R258Y,0.7388,pathogenic,FREM1,258.0
A4FU01,L259A,0.8186,pathogenic,FREM1,259.0
A4FU01,L259C,0.7765,pathogenic,FREM1,259.0
A4FU01,L259D,0.996,pathogenic,FREM1,259.0
A4FU01,L259E,0.976,pathogenic,FREM1,259.0
A4FU01,L259F,0.4604,ambiguous,FREM1,259.0
A4FU01,L259G,0.9364,pathogenic,FREM1,259.0
A4FU01,L259H,0.8833,pathogenic,FREM1,259.0
A4FU01,L259I,0.3285,benign,FREM1,259.0
A4FU01,L259K,0.9345,pathogenic,FREM1,259.0
A4FU01,L259M,0.3552,ambiguous,FREM1,259.0
A4FU01,L259N,0.965,pathogenic,FREM1,259.0
A4FU01,L259P,0.732,pathogenic,FREM1,259.0
A4FU01,L259Q,0.8474,pathogenic,FREM1,259.0
A4FU01,L259R,0.8277,pathogenic,FREM1,259.0
A4FU01,L259S,0.9501,pathogenic,FREM1,259.0
A4FU01,L259T,0.9224,pathogenic,FREM1,259.0
A4FU01,L259V,0.301,benign,FREM1,259.0
A4FU01,L259W,0.5466,ambiguous,FREM1,259.0
A4FU01,L259Y,0.7604,pathogenic,FREM1,259.0
A4FU01,S260A,0.1206,benign,FREM1,260.0
A4FU01,S260C,0.0624,benign,FREM1,260.0
A4FU01,S260D,0.9436,pathogenic,FREM1,260.0
A4FU01,S260E,0.9635,pathogenic,FREM1,260.0
A4FU01,S260F,0.7954,pathogenic,FREM1,260.0
A4FU01,S260G,0.2063,benign,FREM1,260.0
A4FU01,S260H,0.8897,pathogenic,FREM1,260.0
A4FU01,S260I,0.3988,ambiguous,FREM1,260.0
A4FU01,S260K,0.9939,pathogenic,FREM1,260.0
A4FU01,S260L,0.3553,ambiguous,FREM1,260.0
A4FU01,S260M,0.5484,ambiguous,FREM1,260.0
A4FU01,S260N,0.5913,pathogenic,FREM1,260.0
A4FU01,S260P,0.8347,pathogenic,FREM1,260.0
A4FU01,S260Q,0.9313,pathogenic,FREM1,260.0
A4FU01,S260R,0.9785,pathogenic,FREM1,260.0
A4FU01,S260T,0.1293,benign,FREM1,260.0
A4FU01,S260V,0.2642,benign,FREM1,260.0
A4FU01,S260W,0.892,pathogenic,FREM1,260.0
A4FU01,S260Y,0.8393,pathogenic,FREM1,260.0
A4FU01,W261A,0.8969,pathogenic,FREM1,261.0
A4FU01,W261C,0.9098,pathogenic,FREM1,261.0
A4FU01,W261D,0.9899,pathogenic,FREM1,261.0
A4FU01,W261E,0.9856,pathogenic,FREM1,261.0
A4FU01,W261F,0.3703,ambiguous,FREM1,261.0
A4FU01,W261G,0.7594,pathogenic,FREM1,261.0
A4FU01,W261H,0.8973,pathogenic,FREM1,261.0
A4FU01,W261I,0.9417,pathogenic,FREM1,261.0
A4FU01,W261K,0.9898,pathogenic,FREM1,261.0
A4FU01,W261L,0.8113,pathogenic,FREM1,261.0
A4FU01,W261M,0.9491,pathogenic,FREM1,261.0
A4FU01,W261N,0.9822,pathogenic,FREM1,261.0
A4FU01,W261P,0.9966,pathogenic,FREM1,261.0
A4FU01,W261Q,0.968,pathogenic,FREM1,261.0
A4FU01,W261R,0.9552,pathogenic,FREM1,261.0
A4FU01,W261S,0.787,pathogenic,FREM1,261.0
A4FU01,W261T,0.92,pathogenic,FREM1,261.0
A4FU01,W261V,0.8947,pathogenic,FREM1,261.0
A4FU01,W261Y,0.5493,ambiguous,FREM1,261.0
A4FU01,H262A,0.7837,pathogenic,FREM1,262.0
A4FU01,H262C,0.2844,benign,FREM1,262.0
A4FU01,H262D,0.8781,pathogenic,FREM1,262.0
A4FU01,H262E,0.8325,pathogenic,FREM1,262.0
A4FU01,H262F,0.6729,pathogenic,FREM1,262.0
A4FU01,H262G,0.6918,pathogenic,FREM1,262.0
A4FU01,H262I,0.8534,pathogenic,FREM1,262.0
A4FU01,H262K,0.5568,ambiguous,FREM1,262.0
A4FU01,H262L,0.5212,ambiguous,FREM1,262.0
A4FU01,H262M,0.8927,pathogenic,FREM1,262.0
A4FU01,H262N,0.4666,ambiguous,FREM1,262.0
A4FU01,H262P,0.7588,pathogenic,FREM1,262.0
A4FU01,H262Q,0.4714,ambiguous,FREM1,262.0
A4FU01,H262R,0.1728,benign,FREM1,262.0
A4FU01,H262S,0.6175,pathogenic,FREM1,262.0
A4FU01,H262T,0.7797,pathogenic,FREM1,262.0
A4FU01,H262V,0.7783,pathogenic,FREM1,262.0
A4FU01,H262W,0.5631,ambiguous,FREM1,262.0
A4FU01,H262Y,0.2638,benign,FREM1,262.0
A4FU01,H263A,0.7132,pathogenic,FREM1,263.0
A4FU01,H263C,0.342,ambiguous,FREM1,263.0
A4FU01,H263D,0.7439,pathogenic,FREM1,263.0
A4FU01,H263E,0.8968,pathogenic,FREM1,263.0
A4FU01,H263F,0.5703,pathogenic,FREM1,263.0
A4FU01,H263G,0.7597,pathogenic,FREM1,263.0
A4FU01,H263I,0.7715,pathogenic,FREM1,263.0
A4FU01,H263K,0.9298,pathogenic,FREM1,263.0
A4FU01,H263L,0.3765,ambiguous,FREM1,263.0
A4FU01,H263M,0.8579,pathogenic,FREM1,263.0
A4FU01,H263N,0.4072,ambiguous,FREM1,263.0
A4FU01,H263P,0.4487,ambiguous,FREM1,263.0
A4FU01,H263Q,0.7906,pathogenic,FREM1,263.0
A4FU01,H263R,0.7512,pathogenic,FREM1,263.0
A4FU01,H263S,0.4916,ambiguous,FREM1,263.0
A4FU01,H263T,0.7795,pathogenic,FREM1,263.0
A4FU01,H263V,0.7476,pathogenic,FREM1,263.0
A4FU01,H263W,0.6403,pathogenic,FREM1,263.0
A4FU01,H263Y,0.2391,benign,FREM1,263.0
A4FU01,P264A,0.0844,benign,FREM1,264.0
A4FU01,P264C,0.3082,benign,FREM1,264.0
A4FU01,P264D,0.4166,ambiguous,FREM1,264.0
A4FU01,P264E,0.2161,benign,FREM1,264.0
A4FU01,P264F,0.3552,ambiguous,FREM1,264.0
A4FU01,P264G,0.2446,benign,FREM1,264.0
A4FU01,P264H,0.1459,benign,FREM1,264.0
A4FU01,P264I,0.2653,benign,FREM1,264.0
A4FU01,P264K,0.2266,benign,FREM1,264.0
A4FU01,P264L,0.1034,benign,FREM1,264.0
A4FU01,P264M,0.2668,benign,FREM1,264.0
A4FU01,P264N,0.3573,ambiguous,FREM1,264.0
A4FU01,P264Q,0.1365,benign,FREM1,264.0
A4FU01,P264R,0.1068,benign,FREM1,264.0
A4FU01,P264S,0.1178,benign,FREM1,264.0
A4FU01,P264T,0.1069,benign,FREM1,264.0
A4FU01,P264V,0.1684,benign,FREM1,264.0
A4FU01,P264W,0.3852,ambiguous,FREM1,264.0
A4FU01,P264Y,0.3618,ambiguous,FREM1,264.0
A4FU01,G265A,0.0825,benign,FREM1,265.0
A4FU01,G265C,0.1359,benign,FREM1,265.0
A4FU01,G265D,0.1615,benign,FREM1,265.0
A4FU01,G265E,0.149,benign,FREM1,265.0
A4FU01,G265F,0.3589,ambiguous,FREM1,265.0
A4FU01,G265H,0.2086,benign,FREM1,265.0
A4FU01,G265I,0.3048,benign,FREM1,265.0
A4FU01,G265K,0.2385,benign,FREM1,265.0
A4FU01,G265L,0.2571,benign,FREM1,265.0
A4FU01,G265M,0.311,benign,FREM1,265.0
A4FU01,G265N,0.1981,benign,FREM1,265.0
A4FU01,G265P,0.7786,pathogenic,FREM1,265.0
A4FU01,G265Q,0.1679,benign,FREM1,265.0
A4FU01,G265R,0.1433,benign,FREM1,265.0
A4FU01,G265S,0.0931,benign,FREM1,265.0
A4FU01,G265T,0.138,benign,FREM1,265.0
A4FU01,G265V,0.1807,benign,FREM1,265.0
A4FU01,G265W,0.2409,benign,FREM1,265.0
A4FU01,G265Y,0.2705,benign,FREM1,265.0
A4FU01,G266A,0.4061,ambiguous,FREM1,266.0
A4FU01,G266C,0.4299,ambiguous,FREM1,266.0
A4FU01,G266D,0.5117,ambiguous,FREM1,266.0
A4FU01,G266E,0.5598,ambiguous,FREM1,266.0
A4FU01,G266F,0.8297,pathogenic,FREM1,266.0
A4FU01,G266H,0.6511,pathogenic,FREM1,266.0
A4FU01,G266I,0.7792,pathogenic,FREM1,266.0
A4FU01,G266K,0.6484,pathogenic,FREM1,266.0
A4FU01,G266L,0.7973,pathogenic,FREM1,266.0
A4FU01,G266M,0.8184,pathogenic,FREM1,266.0
A4FU01,G266N,0.524,ambiguous,FREM1,266.0
A4FU01,G266P,0.9595,pathogenic,FREM1,266.0
A4FU01,G266Q,0.5467,ambiguous,FREM1,266.0
A4FU01,G266R,0.4878,ambiguous,FREM1,266.0
A4FU01,G266S,0.2283,benign,FREM1,266.0
A4FU01,G266T,0.5189,ambiguous,FREM1,266.0
A4FU01,G266V,0.6694,pathogenic,FREM1,266.0
A4FU01,G266W,0.7535,pathogenic,FREM1,266.0
A4FU01,G266Y,0.7061,pathogenic,FREM1,266.0
A4FU01,S267A,0.1664,benign,FREM1,267.0
A4FU01,S267C,0.1517,benign,FREM1,267.0
A4FU01,S267D,0.9324,pathogenic,FREM1,267.0
A4FU01,S267E,0.9574,pathogenic,FREM1,267.0
A4FU01,S267F,0.8757,pathogenic,FREM1,267.0
A4FU01,S267G,0.1212,benign,FREM1,267.0
A4FU01,S267H,0.8805,pathogenic,FREM1,267.0
A4FU01,S267I,0.8448,pathogenic,FREM1,267.0
A4FU01,S267K,0.9812,pathogenic,FREM1,267.0
A4FU01,S267L,0.6559,pathogenic,FREM1,267.0
A4FU01,S267M,0.7557,pathogenic,FREM1,267.0
A4FU01,S267N,0.6671,pathogenic,FREM1,267.0
A4FU01,S267P,0.8611,pathogenic,FREM1,267.0
A4FU01,S267Q,0.9162,pathogenic,FREM1,267.0
A4FU01,S267R,0.9462,pathogenic,FREM1,267.0
A4FU01,S267T,0.3475,ambiguous,FREM1,267.0
A4FU01,S267V,0.7303,pathogenic,FREM1,267.0
A4FU01,S267W,0.8755,pathogenic,FREM1,267.0
A4FU01,S267Y,0.8514,pathogenic,FREM1,267.0
A4FU01,D268A,0.6861,pathogenic,FREM1,268.0
A4FU01,D268C,0.9099,pathogenic,FREM1,268.0
A4FU01,D268E,0.8457,pathogenic,FREM1,268.0
A4FU01,D268F,0.9533,pathogenic,FREM1,268.0
A4FU01,D268G,0.8162,pathogenic,FREM1,268.0
A4FU01,D268H,0.6547,pathogenic,FREM1,268.0
A4FU01,D268I,0.9402,pathogenic,FREM1,268.0
A4FU01,D268K,0.9683,pathogenic,FREM1,268.0
A4FU01,D268L,0.9436,pathogenic,FREM1,268.0
A4FU01,D268M,0.9758,pathogenic,FREM1,268.0
A4FU01,D268N,0.2866,benign,FREM1,268.0
A4FU01,D268P,0.9761,pathogenic,FREM1,268.0
A4FU01,D268Q,0.9078,pathogenic,FREM1,268.0
A4FU01,D268R,0.9473,pathogenic,FREM1,268.0
A4FU01,D268S,0.3287,benign,FREM1,268.0
A4FU01,D268T,0.8215,pathogenic,FREM1,268.0
A4FU01,D268V,0.8352,pathogenic,FREM1,268.0
A4FU01,D268W,0.988,pathogenic,FREM1,268.0
A4FU01,D268Y,0.7592,pathogenic,FREM1,268.0
A4FU01,L269A,0.9354,pathogenic,FREM1,269.0
A4FU01,L269C,0.8932,pathogenic,FREM1,269.0
A4FU01,L269D,0.9989,pathogenic,FREM1,269.0
A4FU01,L269E,0.9937,pathogenic,FREM1,269.0
A4FU01,L269F,0.6238,pathogenic,FREM1,269.0
A4FU01,L269G,0.9881,pathogenic,FREM1,269.0
A4FU01,L269H,0.9794,pathogenic,FREM1,269.0
A4FU01,L269I,0.127,benign,FREM1,269.0
A4FU01,L269K,0.9909,pathogenic,FREM1,269.0
A4FU01,L269M,0.3334,benign,FREM1,269.0
A4FU01,L269N,0.9925,pathogenic,FREM1,269.0
A4FU01,L269P,0.9919,pathogenic,FREM1,269.0
A4FU01,L269Q,0.9756,pathogenic,FREM1,269.0
A4FU01,L269R,0.9773,pathogenic,FREM1,269.0
A4FU01,L269S,0.9869,pathogenic,FREM1,269.0
A4FU01,L269T,0.935,pathogenic,FREM1,269.0
A4FU01,L269V,0.1571,benign,FREM1,269.0
A4FU01,L269W,0.9537,pathogenic,FREM1,269.0
A4FU01,L269Y,0.9597,pathogenic,FREM1,269.0
A4FU01,L270A,0.8312,pathogenic,FREM1,270.0
A4FU01,L270C,0.8169,pathogenic,FREM1,270.0
A4FU01,L270D,0.9979,pathogenic,FREM1,270.0
A4FU01,L270E,0.9755,pathogenic,FREM1,270.0
A4FU01,L270F,0.4903,ambiguous,FREM1,270.0
A4FU01,L270G,0.9521,pathogenic,FREM1,270.0
A4FU01,L270H,0.9151,pathogenic,FREM1,270.0
A4FU01,L270I,0.2431,benign,FREM1,270.0
A4FU01,L270K,0.9609,pathogenic,FREM1,270.0
A4FU01,L270M,0.2561,benign,FREM1,270.0
A4FU01,L270N,0.979,pathogenic,FREM1,270.0
A4FU01,L270P,0.9871,pathogenic,FREM1,270.0
A4FU01,L270Q,0.8049,pathogenic,FREM1,270.0
A4FU01,L270R,0.9063,pathogenic,FREM1,270.0
A4FU01,L270S,0.9333,pathogenic,FREM1,270.0
A4FU01,L270T,0.8911,pathogenic,FREM1,270.0
A4FU01,L270V,0.2443,benign,FREM1,270.0
A4FU01,L270W,0.8305,pathogenic,FREM1,270.0
A4FU01,L270Y,0.8974,pathogenic,FREM1,270.0
A4FU01,R271A,0.9486,pathogenic,FREM1,271.0
A4FU01,R271C,0.3919,ambiguous,FREM1,271.0
A4FU01,R271D,0.9935,pathogenic,FREM1,271.0
A4FU01,R271E,0.9536,pathogenic,FREM1,271.0
A4FU01,R271F,0.9547,pathogenic,FREM1,271.0
A4FU01,R271G,0.8895,pathogenic,FREM1,271.0
A4FU01,R271H,0.3895,ambiguous,FREM1,271.0
A4FU01,R271I,0.899,pathogenic,FREM1,271.0
A4FU01,R271K,0.6256,pathogenic,FREM1,271.0
A4FU01,R271L,0.753,pathogenic,FREM1,271.0
A4FU01,R271M,0.9561,pathogenic,FREM1,271.0
A4FU01,R271N,0.9839,pathogenic,FREM1,271.0
A4FU01,R271P,0.9668,pathogenic,FREM1,271.0
A4FU01,R271Q,0.4211,ambiguous,FREM1,271.0
A4FU01,R271S,0.9554,pathogenic,FREM1,271.0
A4FU01,R271T,0.9444,pathogenic,FREM1,271.0
A4FU01,R271V,0.9041,pathogenic,FREM1,271.0
A4FU01,R271W,0.5621,ambiguous,FREM1,271.0
A4FU01,R271Y,0.8697,pathogenic,FREM1,271.0
A4FU01,C272A,0.1889,benign,FREM1,272.0
A4FU01,C272D,0.9337,pathogenic,FREM1,272.0
A4FU01,C272E,0.9659,pathogenic,FREM1,272.0
A4FU01,C272F,0.4629,ambiguous,FREM1,272.0
A4FU01,C272G,0.1378,benign,FREM1,272.0
A4FU01,C272H,0.8511,pathogenic,FREM1,272.0
A4FU01,C272I,0.6472,pathogenic,FREM1,272.0
A4FU01,C272K,0.9812,pathogenic,FREM1,272.0
A4FU01,C272L,0.5236,ambiguous,FREM1,272.0
A4FU01,C272M,0.5802,pathogenic,FREM1,272.0
A4FU01,C272N,0.7494,pathogenic,FREM1,272.0
A4FU01,C272P,0.9811,pathogenic,FREM1,272.0
A4FU01,C272Q,0.8933,pathogenic,FREM1,272.0
A4FU01,C272R,0.9042,pathogenic,FREM1,272.0
A4FU01,C272S,0.1279,benign,FREM1,272.0
A4FU01,C272T,0.2785,benign,FREM1,272.0
A4FU01,C272V,0.4352,ambiguous,FREM1,272.0
A4FU01,C272W,0.8154,pathogenic,FREM1,272.0
A4FU01,C272Y,0.701,pathogenic,FREM1,272.0
A4FU01,G273A,0.1261,benign,FREM1,273.0
A4FU01,G273C,0.445,ambiguous,FREM1,273.0
A4FU01,G273D,0.8931,pathogenic,FREM1,273.0
A4FU01,G273E,0.9171,pathogenic,FREM1,273.0
A4FU01,G273F,0.9718,pathogenic,FREM1,273.0
A4FU01,G273H,0.9256,pathogenic,FREM1,273.0
A4FU01,G273I,0.9059,pathogenic,FREM1,273.0
A4FU01,G273K,0.9747,pathogenic,FREM1,273.0
A4FU01,G273L,0.9032,pathogenic,FREM1,273.0
A4FU01,G273M,0.9368,pathogenic,FREM1,273.0
A4FU01,G273N,0.8594,pathogenic,FREM1,273.0
A4FU01,G273P,0.9257,pathogenic,FREM1,273.0
A4FU01,G273Q,0.9132,pathogenic,FREM1,273.0
A4FU01,G273R,0.8942,pathogenic,FREM1,273.0
A4FU01,G273S,0.1149,benign,FREM1,273.0
A4FU01,G273T,0.5051,ambiguous,FREM1,273.0
A4FU01,G273V,0.7487,pathogenic,FREM1,273.0
A4FU01,G273W,0.9291,pathogenic,FREM1,273.0
A4FU01,G273Y,0.9595,pathogenic,FREM1,273.0
A4FU01,G274A,0.1026,benign,FREM1,274.0
A4FU01,G274C,0.147,benign,FREM1,274.0
A4FU01,G274D,0.2686,benign,FREM1,274.0
A4FU01,G274E,0.2829,benign,FREM1,274.0
A4FU01,G274F,0.5148,ambiguous,FREM1,274.0
A4FU01,G274H,0.3626,ambiguous,FREM1,274.0
A4FU01,G274I,0.2756,benign,FREM1,274.0
A4FU01,G274K,0.577,pathogenic,FREM1,274.0
A4FU01,G274L,0.3542,ambiguous,FREM1,274.0
A4FU01,G274M,0.4308,ambiguous,FREM1,274.0
A4FU01,G274N,0.2537,benign,FREM1,274.0
A4FU01,G274P,0.758,pathogenic,FREM1,274.0
A4FU01,G274Q,0.3643,ambiguous,FREM1,274.0
A4FU01,G274R,0.372,ambiguous,FREM1,274.0
A4FU01,G274S,0.0738,benign,FREM1,274.0
A4FU01,G274T,0.1376,benign,FREM1,274.0
A4FU01,G274V,0.184,benign,FREM1,274.0
A4FU01,G274W,0.4343,ambiguous,FREM1,274.0
A4FU01,G274Y,0.4036,ambiguous,FREM1,274.0
A4FU01,F275A,0.9437,pathogenic,FREM1,275.0
A4FU01,F275C,0.7703,pathogenic,FREM1,275.0
A4FU01,F275D,0.9834,pathogenic,FREM1,275.0
A4FU01,F275E,0.9855,pathogenic,FREM1,275.0
A4FU01,F275G,0.966,pathogenic,FREM1,275.0
A4FU01,F275H,0.9355,pathogenic,FREM1,275.0
A4FU01,F275I,0.6227,pathogenic,FREM1,275.0
A4FU01,F275K,0.9883,pathogenic,FREM1,275.0
A4FU01,F275L,0.9561,pathogenic,FREM1,275.0
A4FU01,F275M,0.867,pathogenic,FREM1,275.0
A4FU01,F275N,0.9563,pathogenic,FREM1,275.0
A4FU01,F275P,0.9758,pathogenic,FREM1,275.0
A4FU01,F275Q,0.9762,pathogenic,FREM1,275.0
A4FU01,F275R,0.965,pathogenic,FREM1,275.0
A4FU01,F275S,0.9174,pathogenic,FREM1,275.0
A4FU01,F275T,0.9515,pathogenic,FREM1,275.0
A4FU01,F275V,0.6741,pathogenic,FREM1,275.0
A4FU01,F275W,0.6841,pathogenic,FREM1,275.0
A4FU01,F275Y,0.3923,ambiguous,FREM1,275.0
A4FU01,Y276A,0.2687,benign,FREM1,276.0
A4FU01,Y276C,0.0806,benign,FREM1,276.0
A4FU01,Y276D,0.1708,benign,FREM1,276.0
A4FU01,Y276E,0.4095,ambiguous,FREM1,276.0
A4FU01,Y276F,0.1047,benign,FREM1,276.0
A4FU01,Y276G,0.2522,benign,FREM1,276.0
A4FU01,Y276H,0.1012,benign,FREM1,276.0
A4FU01,Y276I,0.3454,ambiguous,FREM1,276.0
A4FU01,Y276K,0.4405,ambiguous,FREM1,276.0
A4FU01,Y276L,0.2409,benign,FREM1,276.0
A4FU01,Y276M,0.4775,ambiguous,FREM1,276.0
A4FU01,Y276N,0.1207,benign,FREM1,276.0
A4FU01,Y276P,0.5395,ambiguous,FREM1,276.0
A4FU01,Y276Q,0.2491,benign,FREM1,276.0
A4FU01,Y276R,0.2218,benign,FREM1,276.0
A4FU01,Y276S,0.1069,benign,FREM1,276.0
A4FU01,Y276T,0.2785,benign,FREM1,276.0
A4FU01,Y276V,0.2439,benign,FREM1,276.0
A4FU01,Y276W,0.3435,ambiguous,FREM1,276.0
A4FU01,T277A,0.0579,benign,FREM1,277.0
A4FU01,T277C,0.2441,benign,FREM1,277.0
A4FU01,T277D,0.1805,benign,FREM1,277.0
A4FU01,T277E,0.1348,benign,FREM1,277.0
A4FU01,T277F,0.1763,benign,FREM1,277.0
A4FU01,T277G,0.1093,benign,FREM1,277.0
A4FU01,T277H,0.1461,benign,FREM1,277.0
A4FU01,T277I,0.105,benign,FREM1,277.0
A4FU01,T277K,0.1346,benign,FREM1,277.0
A4FU01,T277L,0.0715,benign,FREM1,277.0
A4FU01,T277M,0.074,benign,FREM1,277.0
A4FU01,T277N,0.0925,benign,FREM1,277.0
A4FU01,T277P,0.0605,benign,FREM1,277.0
A4FU01,T277Q,0.1279,benign,FREM1,277.0
A4FU01,T277R,0.1104,benign,FREM1,277.0
A4FU01,T277S,0.0784,benign,FREM1,277.0
A4FU01,T277V,0.0787,benign,FREM1,277.0
A4FU01,T277W,0.338,benign,FREM1,277.0
A4FU01,T277Y,0.2061,benign,FREM1,277.0
A4FU01,A278C,0.3688,ambiguous,FREM1,278.0
A4FU01,A278D,0.1698,benign,FREM1,278.0
A4FU01,A278E,0.196,benign,FREM1,278.0
A4FU01,A278F,0.3065,benign,FREM1,278.0
A4FU01,A278G,0.1037,benign,FREM1,278.0
A4FU01,A278H,0.3398,benign,FREM1,278.0
A4FU01,A278I,0.2403,benign,FREM1,278.0
A4FU01,A278K,0.3853,ambiguous,FREM1,278.0
A4FU01,A278L,0.1697,benign,FREM1,278.0
A4FU01,A278M,0.2031,benign,FREM1,278.0
A4FU01,A278N,0.1654,benign,FREM1,278.0
A4FU01,A278P,0.1882,benign,FREM1,278.0
A4FU01,A278Q,0.2692,benign,FREM1,278.0
A4FU01,A278R,0.3221,benign,FREM1,278.0
A4FU01,A278S,0.0793,benign,FREM1,278.0
A4FU01,A278T,0.0822,benign,FREM1,278.0
A4FU01,A278V,0.1135,benign,FREM1,278.0
A4FU01,A278W,0.6067,pathogenic,FREM1,278.0
A4FU01,A278Y,0.3832,ambiguous,FREM1,278.0
A4FU01,S279A,0.1393,benign,FREM1,279.0
A4FU01,S279C,0.2157,benign,FREM1,279.0
A4FU01,S279D,0.8767,pathogenic,FREM1,279.0
A4FU01,S279E,0.8895,pathogenic,FREM1,279.0
A4FU01,S279F,0.7646,pathogenic,FREM1,279.0
A4FU01,S279G,0.1905,benign,FREM1,279.0
A4FU01,S279H,0.8727,pathogenic,FREM1,279.0
A4FU01,S279I,0.6343,pathogenic,FREM1,279.0
A4FU01,S279K,0.97,pathogenic,FREM1,279.0
A4FU01,S279L,0.3263,benign,FREM1,279.0
A4FU01,S279M,0.4971,ambiguous,FREM1,279.0
A4FU01,S279N,0.6638,pathogenic,FREM1,279.0
A4FU01,S279P,0.752,pathogenic,FREM1,279.0
A4FU01,S279Q,0.8845,pathogenic,FREM1,279.0
A4FU01,S279R,0.9425,pathogenic,FREM1,279.0
A4FU01,S279T,0.1281,benign,FREM1,279.0
A4FU01,S279V,0.4856,ambiguous,FREM1,279.0
A4FU01,S279W,0.7596,pathogenic,FREM1,279.0
A4FU01,S279Y,0.7249,pathogenic,FREM1,279.0
A4FU01,D280A,0.31,benign,FREM1,280.0
A4FU01,D280C,0.7029,pathogenic,FREM1,280.0
A4FU01,D280E,0.2278,benign,FREM1,280.0
A4FU01,D280F,0.6411,pathogenic,FREM1,280.0
A4FU01,D280G,0.4785,ambiguous,FREM1,280.0
A4FU01,D280H,0.4013,ambiguous,FREM1,280.0
A4FU01,D280I,0.4603,ambiguous,FREM1,280.0
A4FU01,D280K,0.5765,pathogenic,FREM1,280.0
A4FU01,D280L,0.4771,ambiguous,FREM1,280.0
A4FU01,D280M,0.6934,pathogenic,FREM1,280.0
A4FU01,D280N,0.162,benign,FREM1,280.0
A4FU01,D280P,0.8154,pathogenic,FREM1,280.0
A4FU01,D280Q,0.4629,ambiguous,FREM1,280.0
A4FU01,D280R,0.5279,ambiguous,FREM1,280.0
A4FU01,D280S,0.2094,benign,FREM1,280.0
A4FU01,D280T,0.4112,ambiguous,FREM1,280.0
A4FU01,D280V,0.2858,benign,FREM1,280.0
A4FU01,D280W,0.9019,pathogenic,FREM1,280.0
A4FU01,D280Y,0.2731,benign,FREM1,280.0
A4FU01,P281A,0.3823,ambiguous,FREM1,281.0
A4FU01,P281C,0.8683,pathogenic,FREM1,281.0
A4FU01,P281D,0.9681,pathogenic,FREM1,281.0
A4FU01,P281E,0.9115,pathogenic,FREM1,281.0
A4FU01,P281F,0.9359,pathogenic,FREM1,281.0
A4FU01,P281G,0.8482,pathogenic,FREM1,281.0
A4FU01,P281H,0.8332,pathogenic,FREM1,281.0
A4FU01,P281I,0.748,pathogenic,FREM1,281.0
A4FU01,P281K,0.92,pathogenic,FREM1,281.0
A4FU01,P281L,0.5073,ambiguous,FREM1,281.0
A4FU01,P281M,0.7943,pathogenic,FREM1,281.0
A4FU01,P281N,0.9519,pathogenic,FREM1,281.0
A4FU01,P281Q,0.83,pathogenic,FREM1,281.0
A4FU01,P281R,0.792,pathogenic,FREM1,281.0
A4FU01,P281S,0.7377,pathogenic,FREM1,281.0
A4FU01,P281T,0.5473,ambiguous,FREM1,281.0
A4FU01,P281V,0.6035,pathogenic,FREM1,281.0
A4FU01,P281W,0.9628,pathogenic,FREM1,281.0
A4FU01,P281Y,0.9442,pathogenic,FREM1,281.0
A4FU01,N282A,0.1463,benign,FREM1,282.0
A4FU01,N282C,0.1632,benign,FREM1,282.0
A4FU01,N282D,0.1218,benign,FREM1,282.0
A4FU01,N282E,0.2594,benign,FREM1,282.0
A4FU01,N282F,0.5,ambiguous,FREM1,282.0
A4FU01,N282G,0.1429,benign,FREM1,282.0
A4FU01,N282H,0.0946,benign,FREM1,282.0
A4FU01,N282I,0.2189,benign,FREM1,282.0
A4FU01,N282K,0.2395,benign,FREM1,282.0
A4FU01,N282L,0.1846,benign,FREM1,282.0
A4FU01,N282M,0.2717,benign,FREM1,282.0
A4FU01,N282P,0.4483,ambiguous,FREM1,282.0
A4FU01,N282Q,0.2181,benign,FREM1,282.0
A4FU01,N282R,0.244,benign,FREM1,282.0
A4FU01,N282S,0.0635,benign,FREM1,282.0
A4FU01,N282T,0.1093,benign,FREM1,282.0
A4FU01,N282V,0.1817,benign,FREM1,282.0
A4FU01,N282W,0.6027,pathogenic,FREM1,282.0
A4FU01,N282Y,0.1746,benign,FREM1,282.0
A4FU01,K283A,0.4733,ambiguous,FREM1,283.0
A4FU01,K283C,0.8229,pathogenic,FREM1,283.0
A4FU01,K283D,0.7389,pathogenic,FREM1,283.0
A4FU01,K283E,0.2855,benign,FREM1,283.0
A4FU01,K283F,0.9305,pathogenic,FREM1,283.0
A4FU01,K283G,0.5086,ambiguous,FREM1,283.0
A4FU01,K283H,0.4786,ambiguous,FREM1,283.0
A4FU01,K283I,0.6713,pathogenic,FREM1,283.0
A4FU01,K283L,0.5769,pathogenic,FREM1,283.0
A4FU01,K283M,0.4732,ambiguous,FREM1,283.0
A4FU01,K283N,0.7151,pathogenic,FREM1,283.0
A4FU01,K283P,0.6263,pathogenic,FREM1,283.0
A4FU01,K283Q,0.2034,benign,FREM1,283.0
A4FU01,K283R,0.0814,benign,FREM1,283.0
A4FU01,K283S,0.5992,pathogenic,FREM1,283.0
A4FU01,K283T,0.3432,ambiguous,FREM1,283.0
A4FU01,K283V,0.5489,ambiguous,FREM1,283.0
A4FU01,K283W,0.8029,pathogenic,FREM1,283.0
A4FU01,K283Y,0.8049,pathogenic,FREM1,283.0
A4FU01,E284A,0.3136,benign,FREM1,284.0
A4FU01,E284C,0.94,pathogenic,FREM1,284.0
A4FU01,E284D,0.1235,benign,FREM1,284.0
A4FU01,E284F,0.9283,pathogenic,FREM1,284.0
A4FU01,E284G,0.2842,benign,FREM1,284.0
A4FU01,E284H,0.7373,pathogenic,FREM1,284.0
A4FU01,E284I,0.7569,pathogenic,FREM1,284.0
A4FU01,E284K,0.4174,ambiguous,FREM1,284.0
A4FU01,E284L,0.7306,pathogenic,FREM1,284.0
A4FU01,E284M,0.7723,pathogenic,FREM1,284.0
A4FU01,E284N,0.4485,ambiguous,FREM1,284.0
A4FU01,E284P,0.7784,pathogenic,FREM1,284.0
A4FU01,E284Q,0.3179,benign,FREM1,284.0
A4FU01,E284R,0.5364,ambiguous,FREM1,284.0
A4FU01,E284S,0.4002,ambiguous,FREM1,284.0
A4FU01,E284T,0.4845,ambiguous,FREM1,284.0
A4FU01,E284V,0.4888,ambiguous,FREM1,284.0
A4FU01,E284W,0.9503,pathogenic,FREM1,284.0
A4FU01,E284Y,0.8263,pathogenic,FREM1,284.0
A4FU01,D285A,0.6245,pathogenic,FREM1,285.0
A4FU01,D285C,0.9196,pathogenic,FREM1,285.0
A4FU01,D285E,0.4586,ambiguous,FREM1,285.0
A4FU01,D285F,0.941,pathogenic,FREM1,285.0
A4FU01,D285G,0.5951,pathogenic,FREM1,285.0
A4FU01,D285H,0.7687,pathogenic,FREM1,285.0
A4FU01,D285I,0.8765,pathogenic,FREM1,285.0
A4FU01,D285K,0.9122,pathogenic,FREM1,285.0
A4FU01,D285L,0.8929,pathogenic,FREM1,285.0
A4FU01,D285M,0.9313,pathogenic,FREM1,285.0
A4FU01,D285N,0.3324,benign,FREM1,285.0
A4FU01,D285P,0.986,pathogenic,FREM1,285.0
A4FU01,D285Q,0.8339,pathogenic,FREM1,285.0
A4FU01,D285R,0.9225,pathogenic,FREM1,285.0
A4FU01,D285S,0.5344,ambiguous,FREM1,285.0
A4FU01,D285T,0.7771,pathogenic,FREM1,285.0
A4FU01,D285V,0.7051,pathogenic,FREM1,285.0
A4FU01,D285W,0.9781,pathogenic,FREM1,285.0
A4FU01,D285Y,0.6428,pathogenic,FREM1,285.0
A4FU01,I286A,0.3767,ambiguous,FREM1,286.0
A4FU01,I286C,0.5739,pathogenic,FREM1,286.0
A4FU01,I286D,0.8288,pathogenic,FREM1,286.0
A4FU01,I286E,0.6601,pathogenic,FREM1,286.0
A4FU01,I286F,0.2154,benign,FREM1,286.0
A4FU01,I286G,0.5827,pathogenic,FREM1,286.0
A4FU01,I286H,0.595,pathogenic,FREM1,286.0
A4FU01,I286K,0.5364,ambiguous,FREM1,286.0
A4FU01,I286L,0.1205,benign,FREM1,286.0
A4FU01,I286M,0.0981,benign,FREM1,286.0
A4FU01,I286N,0.3852,ambiguous,FREM1,286.0
A4FU01,I286P,0.8849,pathogenic,FREM1,286.0
A4FU01,I286Q,0.4975,ambiguous,FREM1,286.0
A4FU01,I286R,0.4032,ambiguous,FREM1,286.0
A4FU01,I286S,0.3393,benign,FREM1,286.0
A4FU01,I286T,0.2851,benign,FREM1,286.0
A4FU01,I286V,0.0789,benign,FREM1,286.0
A4FU01,I286W,0.7313,pathogenic,FREM1,286.0
A4FU01,I286Y,0.5465,ambiguous,FREM1,286.0
A4FU01,R287A,0.4141,ambiguous,FREM1,287.0
A4FU01,R287C,0.2186,benign,FREM1,287.0
A4FU01,R287D,0.7005,pathogenic,FREM1,287.0
A4FU01,R287E,0.4215,ambiguous,FREM1,287.0
A4FU01,R287F,0.6148,pathogenic,FREM1,287.0
A4FU01,R287G,0.2847,benign,FREM1,287.0
A4FU01,R287H,0.1241,benign,FREM1,287.0
A4FU01,R287I,0.4853,ambiguous,FREM1,287.0
A4FU01,R287K,0.16,benign,FREM1,287.0
A4FU01,R287L,0.2902,benign,FREM1,287.0
A4FU01,R287M,0.47,ambiguous,FREM1,287.0
A4FU01,R287N,0.6845,pathogenic,FREM1,287.0
A4FU01,R287P,0.712,pathogenic,FREM1,287.0
A4FU01,R287Q,0.1207,benign,FREM1,287.0
A4FU01,R287S,0.5353,ambiguous,FREM1,287.0
A4FU01,R287T,0.3873,ambiguous,FREM1,287.0
A4FU01,R287V,0.4869,ambiguous,FREM1,287.0
A4FU01,R287W,0.2059,benign,FREM1,287.0
A4FU01,R287Y,0.4738,ambiguous,FREM1,287.0
A4FU01,A288C,0.343,ambiguous,FREM1,288.0
A4FU01,A288D,0.3734,ambiguous,FREM1,288.0
A4FU01,A288E,0.3497,ambiguous,FREM1,288.0
A4FU01,A288F,0.3784,ambiguous,FREM1,288.0
A4FU01,A288G,0.1489,benign,FREM1,288.0
A4FU01,A288H,0.4844,ambiguous,FREM1,288.0
A4FU01,A288I,0.2671,benign,FREM1,288.0
A4FU01,A288K,0.5763,pathogenic,FREM1,288.0
A4FU01,A288L,0.195,benign,FREM1,288.0
A4FU01,A288M,0.1954,benign,FREM1,288.0
A4FU01,A288N,0.2591,benign,FREM1,288.0
A4FU01,A288P,0.7343,pathogenic,FREM1,288.0
A4FU01,A288Q,0.4064,ambiguous,FREM1,288.0
A4FU01,A288R,0.4972,ambiguous,FREM1,288.0
A4FU01,A288S,0.0933,benign,FREM1,288.0
A4FU01,A288T,0.0852,benign,FREM1,288.0
A4FU01,A288V,0.1244,benign,FREM1,288.0
A4FU01,A288W,0.7045,pathogenic,FREM1,288.0
A4FU01,A288Y,0.4992,ambiguous,FREM1,288.0
A4FU01,V289A,0.2289,benign,FREM1,289.0
A4FU01,V289C,0.8262,pathogenic,FREM1,289.0
A4FU01,V289D,0.9419,pathogenic,FREM1,289.0
A4FU01,V289E,0.8132,pathogenic,FREM1,289.0
A4FU01,V289F,0.4618,ambiguous,FREM1,289.0
A4FU01,V289G,0.4804,ambiguous,FREM1,289.0
A4FU01,V289H,0.9428,pathogenic,FREM1,289.0
A4FU01,V289I,0.11,benign,FREM1,289.0
A4FU01,V289K,0.8709,pathogenic,FREM1,289.0
A4FU01,V289L,0.2575,benign,FREM1,289.0
A4FU01,V289M,0.1332,benign,FREM1,289.0
A4FU01,V289N,0.846,pathogenic,FREM1,289.0
A4FU01,V289P,0.9589,pathogenic,FREM1,289.0
A4FU01,V289Q,0.7852,pathogenic,FREM1,289.0
A4FU01,V289R,0.8313,pathogenic,FREM1,289.0
A4FU01,V289S,0.5212,ambiguous,FREM1,289.0
A4FU01,V289T,0.2505,benign,FREM1,289.0
A4FU01,V289W,0.9425,pathogenic,FREM1,289.0
A4FU01,V289Y,0.9162,pathogenic,FREM1,289.0
A4FU01,E290A,0.3617,ambiguous,FREM1,290.0
A4FU01,E290C,0.9218,pathogenic,FREM1,290.0
A4FU01,E290D,0.3612,ambiguous,FREM1,290.0
A4FU01,E290F,0.9252,pathogenic,FREM1,290.0
A4FU01,E290G,0.3512,ambiguous,FREM1,290.0
A4FU01,E290H,0.6727,pathogenic,FREM1,290.0
A4FU01,E290I,0.7822,pathogenic,FREM1,290.0
A4FU01,E290K,0.4133,ambiguous,FREM1,290.0
A4FU01,E290L,0.6967,pathogenic,FREM1,290.0
A4FU01,E290M,0.7381,pathogenic,FREM1,290.0
A4FU01,E290N,0.5295,ambiguous,FREM1,290.0
A4FU01,E290P,0.9599,pathogenic,FREM1,290.0
A4FU01,E290Q,0.2045,benign,FREM1,290.0
A4FU01,E290R,0.4989,ambiguous,FREM1,290.0
A4FU01,E290S,0.3927,ambiguous,FREM1,290.0
A4FU01,E290T,0.4599,ambiguous,FREM1,290.0
A4FU01,E290V,0.565,pathogenic,FREM1,290.0
A4FU01,E290W,0.9635,pathogenic,FREM1,290.0
A4FU01,E290Y,0.8455,pathogenic,FREM1,290.0
A4FU01,L291A,0.0581,benign,FREM1,291.0
A4FU01,L291C,0.1607,benign,FREM1,291.0
A4FU01,L291D,0.1982,benign,FREM1,291.0
A4FU01,L291E,0.1449,benign,FREM1,291.0
A4FU01,L291F,0.0807,benign,FREM1,291.0
A4FU01,L291G,0.1065,benign,FREM1,291.0
A4FU01,L291H,0.1084,benign,FREM1,291.0
A4FU01,L291I,0.0827,benign,FREM1,291.0
A4FU01,L291K,0.1335,benign,FREM1,291.0
A4FU01,L291M,0.0648,benign,FREM1,291.0
A4FU01,L291N,0.0997,benign,FREM1,291.0
A4FU01,L291P,0.5578,ambiguous,FREM1,291.0
A4FU01,L291Q,0.084,benign,FREM1,291.0
A4FU01,L291R,0.1144,benign,FREM1,291.0
A4FU01,L291S,0.0618,benign,FREM1,291.0
A4FU01,L291T,0.0614,benign,FREM1,291.0
A4FU01,L291V,0.0707,benign,FREM1,291.0
A4FU01,L291W,0.1119,benign,FREM1,291.0
A4FU01,L291Y,0.1308,benign,FREM1,291.0
A4FU01,M292A,0.6899,pathogenic,FREM1,292.0
A4FU01,M292C,0.8162,pathogenic,FREM1,292.0
A4FU01,M292D,0.9864,pathogenic,FREM1,292.0
A4FU01,M292E,0.9319,pathogenic,FREM1,292.0
A4FU01,M292F,0.4927,ambiguous,FREM1,292.0
A4FU01,M292G,0.8935,pathogenic,FREM1,292.0
A4FU01,M292H,0.9069,pathogenic,FREM1,292.0
A4FU01,M292I,0.4948,ambiguous,FREM1,292.0
A4FU01,M292K,0.8606,pathogenic,FREM1,292.0
A4FU01,M292L,0.0844,benign,FREM1,292.0
A4FU01,M292N,0.9157,pathogenic,FREM1,292.0
A4FU01,M292P,0.9588,pathogenic,FREM1,292.0
A4FU01,M292Q,0.7444,pathogenic,FREM1,292.0
A4FU01,M292R,0.8602,pathogenic,FREM1,292.0
A4FU01,M292S,0.7887,pathogenic,FREM1,292.0
A4FU01,M292T,0.5722,pathogenic,FREM1,292.0
A4FU01,M292V,0.1952,benign,FREM1,292.0
A4FU01,M292W,0.8971,pathogenic,FREM1,292.0
A4FU01,M292Y,0.8711,pathogenic,FREM1,292.0
A4FU01,L293A,0.6563,pathogenic,FREM1,293.0
A4FU01,L293C,0.7121,pathogenic,FREM1,293.0
A4FU01,L293D,0.9835,pathogenic,FREM1,293.0
A4FU01,L293E,0.8887,pathogenic,FREM1,293.0
A4FU01,L293F,0.2888,benign,FREM1,293.0
A4FU01,L293G,0.8527,pathogenic,FREM1,293.0
A4FU01,L293H,0.792,pathogenic,FREM1,293.0
A4FU01,L293I,0.1601,benign,FREM1,293.0
A4FU01,L293K,0.8651,pathogenic,FREM1,293.0
A4FU01,L293M,0.1428,benign,FREM1,293.0
A4FU01,L293N,0.9093,pathogenic,FREM1,293.0
A4FU01,L293P,0.9433,pathogenic,FREM1,293.0
A4FU01,L293Q,0.6219,pathogenic,FREM1,293.0
A4FU01,L293R,0.751,pathogenic,FREM1,293.0
A4FU01,L293S,0.83,pathogenic,FREM1,293.0
A4FU01,L293T,0.6591,pathogenic,FREM1,293.0
A4FU01,L293V,0.1572,benign,FREM1,293.0
A4FU01,L293W,0.5539,ambiguous,FREM1,293.0
A4FU01,L293Y,0.7257,pathogenic,FREM1,293.0
A4FU01,Q294A,0.2562,benign,FREM1,294.0
A4FU01,Q294C,0.507,ambiguous,FREM1,294.0
A4FU01,Q294D,0.526,ambiguous,FREM1,294.0
A4FU01,Q294E,0.1095,benign,FREM1,294.0
A4FU01,Q294F,0.6672,pathogenic,FREM1,294.0
A4FU01,Q294G,0.2161,benign,FREM1,294.0
A4FU01,Q294H,0.2297,benign,FREM1,294.0
A4FU01,Q294I,0.5655,pathogenic,FREM1,294.0
A4FU01,Q294K,0.1253,benign,FREM1,294.0
A4FU01,Q294L,0.1313,benign,FREM1,294.0
A4FU01,Q294M,0.4071,ambiguous,FREM1,294.0
A4FU01,Q294N,0.4021,ambiguous,FREM1,294.0
A4FU01,Q294P,0.4944,ambiguous,FREM1,294.0
A4FU01,Q294R,0.0949,benign,FREM1,294.0
A4FU01,Q294S,0.3188,benign,FREM1,294.0
A4FU01,Q294T,0.2786,benign,FREM1,294.0
A4FU01,Q294V,0.3554,ambiguous,FREM1,294.0
A4FU01,Q294W,0.5012,ambiguous,FREM1,294.0
A4FU01,Q294Y,0.4765,ambiguous,FREM1,294.0
A4FU01,A295C,0.5452,ambiguous,FREM1,295.0
A4FU01,A295D,0.5834,pathogenic,FREM1,295.0
A4FU01,A295E,0.593,pathogenic,FREM1,295.0
A4FU01,A295F,0.7465,pathogenic,FREM1,295.0
A4FU01,A295G,0.1125,benign,FREM1,295.0
A4FU01,A295H,0.7709,pathogenic,FREM1,295.0
A4FU01,A295I,0.6974,pathogenic,FREM1,295.0
A4FU01,A295K,0.839,pathogenic,FREM1,295.0
A4FU01,A295L,0.5036,ambiguous,FREM1,295.0
A4FU01,A295M,0.538,ambiguous,FREM1,295.0
A4FU01,A295N,0.5307,ambiguous,FREM1,295.0
A4FU01,A295P,0.6798,pathogenic,FREM1,295.0
A4FU01,A295Q,0.6644,pathogenic,FREM1,295.0
A4FU01,A295R,0.7296,pathogenic,FREM1,295.0
A4FU01,A295S,0.1225,benign,FREM1,295.0
A4FU01,A295T,0.2296,benign,FREM1,295.0
A4FU01,A295V,0.3129,benign,FREM1,295.0
A4FU01,A295W,0.9115,pathogenic,FREM1,295.0
A4FU01,A295Y,0.7882,pathogenic,FREM1,295.0
A4FU01,G296A,0.1576,benign,FREM1,296.0
A4FU01,G296C,0.1997,benign,FREM1,296.0
A4FU01,G296D,0.1753,benign,FREM1,296.0
A4FU01,G296E,0.2132,benign,FREM1,296.0
A4FU01,G296F,0.5999,pathogenic,FREM1,296.0
A4FU01,G296H,0.3309,benign,FREM1,296.0
A4FU01,G296I,0.4523,ambiguous,FREM1,296.0
A4FU01,G296K,0.4024,ambiguous,FREM1,296.0
A4FU01,G296L,0.4854,ambiguous,FREM1,296.0
A4FU01,G296M,0.5403,ambiguous,FREM1,296.0
A4FU01,G296N,0.2083,benign,FREM1,296.0
A4FU01,G296P,0.6895,pathogenic,FREM1,296.0
A4FU01,G296Q,0.2692,benign,FREM1,296.0
A4FU01,G296R,0.2606,benign,FREM1,296.0
A4FU01,G296S,0.0954,benign,FREM1,296.0
A4FU01,G296T,0.1894,benign,FREM1,296.0
A4FU01,G296V,0.3162,benign,FREM1,296.0
A4FU01,G296W,0.4195,ambiguous,FREM1,296.0
A4FU01,G296Y,0.4528,ambiguous,FREM1,296.0
A4FU01,H297A,0.5894,pathogenic,FREM1,297.0
A4FU01,H297C,0.2336,benign,FREM1,297.0
A4FU01,H297D,0.5829,pathogenic,FREM1,297.0
A4FU01,H297E,0.6238,pathogenic,FREM1,297.0
A4FU01,H297F,0.4632,ambiguous,FREM1,297.0
A4FU01,H297G,0.5416,ambiguous,FREM1,297.0
A4FU01,H297I,0.6274,pathogenic,FREM1,297.0
A4FU01,H297K,0.47,ambiguous,FREM1,297.0
A4FU01,H297L,0.2745,benign,FREM1,297.0
A4FU01,H297M,0.7209,pathogenic,FREM1,297.0
A4FU01,H297N,0.2458,benign,FREM1,297.0
A4FU01,H297P,0.4393,ambiguous,FREM1,297.0
A4FU01,H297Q,0.391,ambiguous,FREM1,297.0
A4FU01,H297R,0.203,benign,FREM1,297.0
A4FU01,H297S,0.4717,ambiguous,FREM1,297.0
A4FU01,H297T,0.6057,pathogenic,FREM1,297.0
A4FU01,H297V,0.5507,ambiguous,FREM1,297.0
A4FU01,H297W,0.5253,ambiguous,FREM1,297.0
A4FU01,H297Y,0.1827,benign,FREM1,297.0
A4FU01,S298A,0.0701,benign,FREM1,298.0
A4FU01,S298C,0.0984,benign,FREM1,298.0
A4FU01,S298D,0.2973,benign,FREM1,298.0
A4FU01,S298E,0.3301,benign,FREM1,298.0
A4FU01,S298F,0.2155,benign,FREM1,298.0
A4FU01,S298G,0.0748,benign,FREM1,298.0
A4FU01,S298H,0.2391,benign,FREM1,298.0
A4FU01,S298I,0.2347,benign,FREM1,298.0
A4FU01,S298K,0.3886,ambiguous,FREM1,298.0
A4FU01,S298L,0.1077,benign,FREM1,298.0
A4FU01,S298M,0.1921,benign,FREM1,298.0
A4FU01,S298N,0.1508,benign,FREM1,298.0
A4FU01,S298P,0.0999,benign,FREM1,298.0
A4FU01,S298Q,0.3013,benign,FREM1,298.0
A4FU01,S298R,0.3002,benign,FREM1,298.0
A4FU01,S298T,0.0793,benign,FREM1,298.0
A4FU01,S298V,0.1765,benign,FREM1,298.0
A4FU01,S298W,0.2253,benign,FREM1,298.0
A4FU01,S298Y,0.1855,benign,FREM1,298.0
A4FU01,D299A,0.196,benign,FREM1,299.0
A4FU01,D299C,0.5917,pathogenic,FREM1,299.0
A4FU01,D299E,0.1654,benign,FREM1,299.0
A4FU01,D299F,0.7257,pathogenic,FREM1,299.0
A4FU01,D299G,0.2473,benign,FREM1,299.0
A4FU01,D299H,0.3023,benign,FREM1,299.0
A4FU01,D299I,0.5726,pathogenic,FREM1,299.0
A4FU01,D299K,0.4892,ambiguous,FREM1,299.0
A4FU01,D299L,0.5138,ambiguous,FREM1,299.0
A4FU01,D299M,0.6718,pathogenic,FREM1,299.0
A4FU01,D299N,0.1313,benign,FREM1,299.0
A4FU01,D299P,0.7146,pathogenic,FREM1,299.0
A4FU01,D299Q,0.3312,benign,FREM1,299.0
A4FU01,D299R,0.4418,ambiguous,FREM1,299.0
A4FU01,D299S,0.1332,benign,FREM1,299.0
A4FU01,D299T,0.2914,benign,FREM1,299.0
A4FU01,D299V,0.3327,benign,FREM1,299.0
A4FU01,D299W,0.8774,pathogenic,FREM1,299.0
A4FU01,D299Y,0.3722,ambiguous,FREM1,299.0
A4FU01,V300A,0.1962,benign,FREM1,300.0
A4FU01,V300C,0.6086,pathogenic,FREM1,300.0
A4FU01,V300D,0.8087,pathogenic,FREM1,300.0
A4FU01,V300E,0.7387,pathogenic,FREM1,300.0
A4FU01,V300F,0.276,benign,FREM1,300.0
A4FU01,V300G,0.3867,ambiguous,FREM1,300.0
A4FU01,V300H,0.8161,pathogenic,FREM1,300.0
A4FU01,V300I,0.0737,benign,FREM1,300.0
A4FU01,V300K,0.7536,pathogenic,FREM1,300.0
A4FU01,V300L,0.1917,benign,FREM1,300.0
A4FU01,V300M,0.1388,benign,FREM1,300.0
A4FU01,V300N,0.603,pathogenic,FREM1,300.0
A4FU01,V300P,0.7646,pathogenic,FREM1,300.0
A4FU01,V300Q,0.7055,pathogenic,FREM1,300.0
A4FU01,V300R,0.6686,pathogenic,FREM1,300.0
A4FU01,V300S,0.3887,ambiguous,FREM1,300.0
A4FU01,V300T,0.1965,benign,FREM1,300.0
A4FU01,V300W,0.8637,pathogenic,FREM1,300.0
A4FU01,V300Y,0.7267,pathogenic,FREM1,300.0
A4FU01,V301A,0.6173,pathogenic,FREM1,301.0
A4FU01,V301C,0.8889,pathogenic,FREM1,301.0
A4FU01,V301D,0.9883,pathogenic,FREM1,301.0
A4FU01,V301E,0.9732,pathogenic,FREM1,301.0
A4FU01,V301F,0.728,pathogenic,FREM1,301.0
A4FU01,V301G,0.8381,pathogenic,FREM1,301.0
A4FU01,V301H,0.9852,pathogenic,FREM1,301.0
A4FU01,V301I,0.1339,benign,FREM1,301.0
A4FU01,V301K,0.9851,pathogenic,FREM1,301.0
A4FU01,V301L,0.5486,ambiguous,FREM1,301.0
A4FU01,V301M,0.6274,pathogenic,FREM1,301.0
A4FU01,V301N,0.9694,pathogenic,FREM1,301.0
A4FU01,V301P,0.975,pathogenic,FREM1,301.0
A4FU01,V301Q,0.9645,pathogenic,FREM1,301.0
A4FU01,V301R,0.9606,pathogenic,FREM1,301.0
A4FU01,V301S,0.8474,pathogenic,FREM1,301.0
A4FU01,V301T,0.7461,pathogenic,FREM1,301.0
A4FU01,V301W,0.9896,pathogenic,FREM1,301.0
A4FU01,V301Y,0.9595,pathogenic,FREM1,301.0
A4FU01,L302A,0.4663,ambiguous,FREM1,302.0
A4FU01,L302C,0.6265,pathogenic,FREM1,302.0
A4FU01,L302D,0.9638,pathogenic,FREM1,302.0
A4FU01,L302E,0.7695,pathogenic,FREM1,302.0
A4FU01,L302F,0.1949,benign,FREM1,302.0
A4FU01,L302G,0.8494,pathogenic,FREM1,302.0
A4FU01,L302H,0.5747,pathogenic,FREM1,302.0
A4FU01,L302I,0.0918,benign,FREM1,302.0
A4FU01,L302K,0.6867,pathogenic,FREM1,302.0
A4FU01,L302M,0.1253,benign,FREM1,302.0
A4FU01,L302N,0.8614,pathogenic,FREM1,302.0
A4FU01,L302P,0.8795,pathogenic,FREM1,302.0
A4FU01,L302Q,0.4302,ambiguous,FREM1,302.0
A4FU01,L302R,0.4976,ambiguous,FREM1,302.0
A4FU01,L302S,0.6958,pathogenic,FREM1,302.0
A4FU01,L302T,0.4505,ambiguous,FREM1,302.0
A4FU01,L302V,0.0851,benign,FREM1,302.0
A4FU01,L302W,0.3937,ambiguous,FREM1,302.0
A4FU01,L302Y,0.5946,pathogenic,FREM1,302.0
A4FU01,V303A,0.2329,benign,FREM1,303.0
A4FU01,V303C,0.8329,pathogenic,FREM1,303.0
A4FU01,V303D,0.9591,pathogenic,FREM1,303.0
A4FU01,V303E,0.8836,pathogenic,FREM1,303.0
A4FU01,V303F,0.5882,pathogenic,FREM1,303.0
A4FU01,V303G,0.582,pathogenic,FREM1,303.0
A4FU01,V303H,0.9613,pathogenic,FREM1,303.0
A4FU01,V303I,0.1336,benign,FREM1,303.0
A4FU01,V303K,0.961,pathogenic,FREM1,303.0
A4FU01,V303L,0.398,ambiguous,FREM1,303.0
A4FU01,V303M,0.3732,ambiguous,FREM1,303.0
A4FU01,V303N,0.9211,pathogenic,FREM1,303.0
A4FU01,V303P,0.9618,pathogenic,FREM1,303.0
A4FU01,V303Q,0.8916,pathogenic,FREM1,303.0
A4FU01,V303R,0.9282,pathogenic,FREM1,303.0
A4FU01,V303S,0.5835,pathogenic,FREM1,303.0
A4FU01,V303T,0.3907,ambiguous,FREM1,303.0
A4FU01,V303W,0.9667,pathogenic,FREM1,303.0
A4FU01,V303Y,0.9368,pathogenic,FREM1,303.0
A4FU01,D304A,0.3124,benign,FREM1,304.0
A4FU01,D304C,0.637,pathogenic,FREM1,304.0
A4FU01,D304E,0.1334,benign,FREM1,304.0
A4FU01,D304F,0.7703,pathogenic,FREM1,304.0
A4FU01,D304G,0.3223,benign,FREM1,304.0
A4FU01,D304H,0.3606,ambiguous,FREM1,304.0
A4FU01,D304I,0.665,pathogenic,FREM1,304.0
A4FU01,D304K,0.5917,pathogenic,FREM1,304.0
A4FU01,D304L,0.596,pathogenic,FREM1,304.0
A4FU01,D304M,0.7535,pathogenic,FREM1,304.0
A4FU01,D304N,0.1316,benign,FREM1,304.0
A4FU01,D304P,0.6752,pathogenic,FREM1,304.0
A4FU01,D304Q,0.3906,ambiguous,FREM1,304.0
A4FU01,D304R,0.5496,ambiguous,FREM1,304.0
A4FU01,D304S,0.1875,benign,FREM1,304.0
A4FU01,D304T,0.4343,ambiguous,FREM1,304.0
A4FU01,D304V,0.4688,ambiguous,FREM1,304.0
A4FU01,D304W,0.8976,pathogenic,FREM1,304.0
A4FU01,D304Y,0.3877,ambiguous,FREM1,304.0
A4FU01,T305A,0.0854,benign,FREM1,305.0
A4FU01,T305C,0.3031,benign,FREM1,305.0
A4FU01,T305D,0.7132,pathogenic,FREM1,305.0
A4FU01,T305E,0.736,pathogenic,FREM1,305.0
A4FU01,T305F,0.6739,pathogenic,FREM1,305.0
A4FU01,T305G,0.2276,benign,FREM1,305.0
A4FU01,T305H,0.6915,pathogenic,FREM1,305.0
A4FU01,T305I,0.2662,benign,FREM1,305.0
A4FU01,T305K,0.7995,pathogenic,FREM1,305.0
A4FU01,T305L,0.1623,benign,FREM1,305.0
A4FU01,T305M,0.155,benign,FREM1,305.0
A4FU01,T305N,0.2925,benign,FREM1,305.0
A4FU01,T305P,0.1956,benign,FREM1,305.0
A4FU01,T305Q,0.6677,pathogenic,FREM1,305.0
A4FU01,T305R,0.7096,pathogenic,FREM1,305.0
A4FU01,T305S,0.1383,benign,FREM1,305.0
A4FU01,T305V,0.1478,benign,FREM1,305.0
A4FU01,T305W,0.8992,pathogenic,FREM1,305.0
A4FU01,T305Y,0.7743,pathogenic,FREM1,305.0
A4FU01,M306A,0.0769,benign,FREM1,306.0
A4FU01,M306C,0.4009,ambiguous,FREM1,306.0
A4FU01,M306D,0.2969,benign,FREM1,306.0
A4FU01,M306E,0.149,benign,FREM1,306.0
A4FU01,M306F,0.2467,benign,FREM1,306.0
A4FU01,M306G,0.122,benign,FREM1,306.0
A4FU01,M306H,0.2539,benign,FREM1,306.0
A4FU01,M306I,0.1494,benign,FREM1,306.0
A4FU01,M306K,0.1181,benign,FREM1,306.0
A4FU01,M306L,0.0897,benign,FREM1,306.0
A4FU01,M306N,0.1871,benign,FREM1,306.0
A4FU01,M306P,0.2545,benign,FREM1,306.0
A4FU01,M306Q,0.1248,benign,FREM1,306.0
A4FU01,M306R,0.1012,benign,FREM1,306.0
A4FU01,M306S,0.1051,benign,FREM1,306.0
A4FU01,M306T,0.0602,benign,FREM1,306.0
A4FU01,M306V,0.0498,benign,FREM1,306.0
A4FU01,M306W,0.3981,ambiguous,FREM1,306.0
A4FU01,M306Y,0.4308,ambiguous,FREM1,306.0
A4FU01,D307A,0.1216,benign,FREM1,307.0
A4FU01,D307C,0.4946,ambiguous,FREM1,307.0
A4FU01,D307E,0.0828,benign,FREM1,307.0
A4FU01,D307F,0.5251,ambiguous,FREM1,307.0
A4FU01,D307G,0.1108,benign,FREM1,307.0
A4FU01,D307H,0.2399,benign,FREM1,307.0
A4FU01,D307I,0.3477,ambiguous,FREM1,307.0
A4FU01,D307K,0.3128,benign,FREM1,307.0
A4FU01,D307L,0.2894,benign,FREM1,307.0
A4FU01,D307M,0.4497,ambiguous,FREM1,307.0
A4FU01,D307N,0.113,benign,FREM1,307.0
A4FU01,D307P,0.4801,ambiguous,FREM1,307.0
A4FU01,D307Q,0.2237,benign,FREM1,307.0
A4FU01,D307R,0.3117,benign,FREM1,307.0
A4FU01,D307S,0.1173,benign,FREM1,307.0
A4FU01,D307T,0.184,benign,FREM1,307.0
A4FU01,D307V,0.1766,benign,FREM1,307.0
A4FU01,D307W,0.7135,pathogenic,FREM1,307.0
A4FU01,D307Y,0.2398,benign,FREM1,307.0
A4FU01,E308A,0.229,benign,FREM1,308.0
A4FU01,E308C,0.7857,pathogenic,FREM1,308.0
A4FU01,E308D,0.1102,benign,FREM1,308.0
A4FU01,E308F,0.761,pathogenic,FREM1,308.0
A4FU01,E308G,0.2079,benign,FREM1,308.0
A4FU01,E308H,0.4815,ambiguous,FREM1,308.0
A4FU01,E308I,0.5376,ambiguous,FREM1,308.0
A4FU01,E308K,0.3412,ambiguous,FREM1,308.0
A4FU01,E308L,0.5089,ambiguous,FREM1,308.0
A4FU01,E308M,0.5926,pathogenic,FREM1,308.0
A4FU01,E308N,0.3221,benign,FREM1,308.0
A4FU01,E308P,0.7481,pathogenic,FREM1,308.0
A4FU01,E308Q,0.2056,benign,FREM1,308.0
A4FU01,E308R,0.4009,ambiguous,FREM1,308.0
A4FU01,E308S,0.2299,benign,FREM1,308.0
A4FU01,E308T,0.3125,benign,FREM1,308.0
A4FU01,E308V,0.3313,benign,FREM1,308.0
A4FU01,E308W,0.9058,pathogenic,FREM1,308.0
A4FU01,E308Y,0.655,pathogenic,FREM1,308.0
A4FU01,L309A,0.4329,ambiguous,FREM1,309.0
A4FU01,L309C,0.4838,ambiguous,FREM1,309.0
A4FU01,L309D,0.94,pathogenic,FREM1,309.0
A4FU01,L309E,0.7668,pathogenic,FREM1,309.0
A4FU01,L309F,0.2025,benign,FREM1,309.0
A4FU01,L309G,0.6276,pathogenic,FREM1,309.0
A4FU01,L309H,0.6426,pathogenic,FREM1,309.0
A4FU01,L309I,0.145,benign,FREM1,309.0
A4FU01,L309K,0.8005,pathogenic,FREM1,309.0
A4FU01,L309M,0.1009,benign,FREM1,309.0
A4FU01,L309N,0.757,pathogenic,FREM1,309.0
A4FU01,L309P,0.7565,pathogenic,FREM1,309.0
A4FU01,L309Q,0.4861,ambiguous,FREM1,309.0
A4FU01,L309R,0.6923,pathogenic,FREM1,309.0
A4FU01,L309S,0.6013,pathogenic,FREM1,309.0
A4FU01,L309T,0.4454,ambiguous,FREM1,309.0
A4FU01,L309V,0.1319,benign,FREM1,309.0
A4FU01,L309W,0.3936,ambiguous,FREM1,309.0
A4FU01,L309Y,0.5683,pathogenic,FREM1,309.0
A4FU01,P310A,0.2926,benign,FREM1,310.0
A4FU01,P310C,0.7769,pathogenic,FREM1,310.0
A4FU01,P310D,0.9161,pathogenic,FREM1,310.0
A4FU01,P310E,0.8488,pathogenic,FREM1,310.0
A4FU01,P310F,0.8346,pathogenic,FREM1,310.0
A4FU01,P310G,0.6562,pathogenic,FREM1,310.0
A4FU01,P310H,0.7544,pathogenic,FREM1,310.0
A4FU01,P310I,0.7129,pathogenic,FREM1,310.0
A4FU01,P310K,0.9099,pathogenic,FREM1,310.0
A4FU01,P310L,0.352,ambiguous,FREM1,310.0
A4FU01,P310M,0.7898,pathogenic,FREM1,310.0
A4FU01,P310N,0.9002,pathogenic,FREM1,310.0
A4FU01,P310Q,0.7595,pathogenic,FREM1,310.0
A4FU01,P310R,0.7567,pathogenic,FREM1,310.0
A4FU01,P310S,0.5493,ambiguous,FREM1,310.0
A4FU01,P310T,0.5347,ambiguous,FREM1,310.0
A4FU01,P310V,0.5293,ambiguous,FREM1,310.0
A4FU01,P310W,0.9063,pathogenic,FREM1,310.0
A4FU01,P310Y,0.8593,pathogenic,FREM1,310.0
A4FU01,S311A,0.0914,benign,FREM1,311.0
A4FU01,S311C,0.0771,benign,FREM1,311.0
A4FU01,S311D,0.2077,benign,FREM1,311.0
A4FU01,S311E,0.3321,benign,FREM1,311.0
A4FU01,S311F,0.3157,benign,FREM1,311.0
A4FU01,S311G,0.056,benign,FREM1,311.0
A4FU01,S311H,0.2239,benign,FREM1,311.0
A4FU01,S311I,0.1799,benign,FREM1,311.0
A4FU01,S311K,0.4249,ambiguous,FREM1,311.0
A4FU01,S311L,0.1389,benign,FREM1,311.0
A4FU01,S311M,0.2292,benign,FREM1,311.0
A4FU01,S311N,0.1022,benign,FREM1,311.0
A4FU01,S311P,0.1435,benign,FREM1,311.0
A4FU01,S311Q,0.3146,benign,FREM1,311.0
A4FU01,S311R,0.3242,benign,FREM1,311.0
A4FU01,S311T,0.078,benign,FREM1,311.0
A4FU01,S311V,0.1489,benign,FREM1,311.0
A4FU01,S311W,0.3433,ambiguous,FREM1,311.0
A4FU01,S311Y,0.25,benign,FREM1,311.0
A4FU01,L312A,0.1325,benign,FREM1,312.0
A4FU01,L312C,0.4182,ambiguous,FREM1,312.0
A4FU01,L312D,0.6056,pathogenic,FREM1,312.0
A4FU01,L312E,0.2756,benign,FREM1,312.0
A4FU01,L312F,0.1719,benign,FREM1,312.0
A4FU01,L312G,0.3226,benign,FREM1,312.0
A4FU01,L312H,0.2452,benign,FREM1,312.0
A4FU01,L312I,0.107,benign,FREM1,312.0
A4FU01,L312K,0.325,benign,FREM1,312.0
A4FU01,L312M,0.1436,benign,FREM1,312.0
A4FU01,L312N,0.4218,ambiguous,FREM1,312.0
A4FU01,L312P,0.0712,benign,FREM1,312.0
A4FU01,L312Q,0.1598,benign,FREM1,312.0
A4FU01,L312R,0.179,benign,FREM1,312.0
A4FU01,L312S,0.2036,benign,FREM1,312.0
A4FU01,L312T,0.1486,benign,FREM1,312.0
A4FU01,L312V,0.0821,benign,FREM1,312.0
A4FU01,L312W,0.2454,benign,FREM1,312.0
A4FU01,L312Y,0.4062,ambiguous,FREM1,312.0
A4FU01,A313C,0.2552,benign,FREM1,313.0
A4FU01,A313D,0.142,benign,FREM1,313.0
A4FU01,A313E,0.1231,benign,FREM1,313.0
A4FU01,A313F,0.2296,benign,FREM1,313.0
A4FU01,A313G,0.0808,benign,FREM1,313.0
A4FU01,A313H,0.1985,benign,FREM1,313.0
A4FU01,A313I,0.1591,benign,FREM1,313.0
A4FU01,A313K,0.1852,benign,FREM1,313.0
A4FU01,A313L,0.1026,benign,FREM1,313.0
A4FU01,A313M,0.1351,benign,FREM1,313.0
A4FU01,A313N,0.1417,benign,FREM1,313.0
A4FU01,A313P,0.0758,benign,FREM1,313.0
A4FU01,A313Q,0.1439,benign,FREM1,313.0
A4FU01,A313R,0.1507,benign,FREM1,313.0
A4FU01,A313S,0.0807,benign,FREM1,313.0
A4FU01,A313T,0.0687,benign,FREM1,313.0
A4FU01,A313V,0.085,benign,FREM1,313.0
A4FU01,A313W,0.3463,ambiguous,FREM1,313.0
A4FU01,A313Y,0.2833,benign,FREM1,313.0
A4FU01,D314A,0.1967,benign,FREM1,314.0
A4FU01,D314C,0.7462,pathogenic,FREM1,314.0
A4FU01,D314E,0.1491,benign,FREM1,314.0
A4FU01,D314F,0.7894,pathogenic,FREM1,314.0
A4FU01,D314G,0.2624,benign,FREM1,314.0
A4FU01,D314H,0.3879,ambiguous,FREM1,314.0
A4FU01,D314I,0.6214,pathogenic,FREM1,314.0
A4FU01,D314K,0.538,ambiguous,FREM1,314.0
A4FU01,D314L,0.5643,pathogenic,FREM1,314.0
A4FU01,D314M,0.7293,pathogenic,FREM1,314.0
A4FU01,D314N,0.1591,benign,FREM1,314.0
A4FU01,D314P,0.8336,pathogenic,FREM1,314.0
A4FU01,D314Q,0.3891,ambiguous,FREM1,314.0
A4FU01,D314R,0.5374,ambiguous,FREM1,314.0
A4FU01,D314S,0.1644,benign,FREM1,314.0
A4FU01,D314T,0.3329,benign,FREM1,314.0
A4FU01,D314V,0.3695,ambiguous,FREM1,314.0
A4FU01,D314W,0.9284,pathogenic,FREM1,314.0
A4FU01,D314Y,0.4566,ambiguous,FREM1,314.0
A4FU01,V315A,0.4068,ambiguous,FREM1,315.0
A4FU01,V315C,0.7352,pathogenic,FREM1,315.0
A4FU01,V315D,0.9291,pathogenic,FREM1,315.0
A4FU01,V315E,0.8327,pathogenic,FREM1,315.0
A4FU01,V315F,0.2671,benign,FREM1,315.0
A4FU01,V315G,0.5459,ambiguous,FREM1,315.0
A4FU01,V315H,0.9196,pathogenic,FREM1,315.0
A4FU01,V315I,0.0639,benign,FREM1,315.0
A4FU01,V315K,0.9014,pathogenic,FREM1,315.0
A4FU01,V315L,0.1085,benign,FREM1,315.0
A4FU01,V315M,0.1385,benign,FREM1,315.0
A4FU01,V315N,0.7955,pathogenic,FREM1,315.0
A4FU01,V315P,0.9197,pathogenic,FREM1,315.0
A4FU01,V315Q,0.8277,pathogenic,FREM1,315.0
A4FU01,V315R,0.8602,pathogenic,FREM1,315.0
A4FU01,V315S,0.6043,pathogenic,FREM1,315.0
A4FU01,V315T,0.3925,ambiguous,FREM1,315.0
A4FU01,V315W,0.8762,pathogenic,FREM1,315.0
A4FU01,V315Y,0.7775,pathogenic,FREM1,315.0
A4FU01,Q316A,0.2319,benign,FREM1,316.0
A4FU01,Q316C,0.4812,ambiguous,FREM1,316.0
A4FU01,Q316D,0.5149,ambiguous,FREM1,316.0
A4FU01,Q316E,0.1269,benign,FREM1,316.0
A4FU01,Q316F,0.6154,pathogenic,FREM1,316.0
A4FU01,Q316G,0.1971,benign,FREM1,316.0
A4FU01,Q316H,0.1432,benign,FREM1,316.0
A4FU01,Q316I,0.6345,pathogenic,FREM1,316.0
A4FU01,Q316K,0.1747,benign,FREM1,316.0
A4FU01,Q316L,0.1933,benign,FREM1,316.0
A4FU01,Q316M,0.5538,ambiguous,FREM1,316.0
A4FU01,Q316N,0.2731,benign,FREM1,316.0
A4FU01,Q316P,0.3195,benign,FREM1,316.0
A4FU01,Q316R,0.0966,benign,FREM1,316.0
A4FU01,Q316S,0.2237,benign,FREM1,316.0
A4FU01,Q316T,0.3366,benign,FREM1,316.0
A4FU01,Q316V,0.4211,ambiguous,FREM1,316.0
A4FU01,Q316W,0.4459,ambiguous,FREM1,316.0
A4FU01,Q316Y,0.327,benign,FREM1,316.0
A4FU01,L317A,0.0861,benign,FREM1,317.0
A4FU01,L317C,0.341,ambiguous,FREM1,317.0
A4FU01,L317D,0.3834,ambiguous,FREM1,317.0
A4FU01,L317E,0.1928,benign,FREM1,317.0
A4FU01,L317F,0.1258,benign,FREM1,317.0
A4FU01,L317G,0.1803,benign,FREM1,317.0
A4FU01,L317H,0.1429,benign,FREM1,317.0
A4FU01,L317I,0.0822,benign,FREM1,317.0
A4FU01,L317K,0.1718,benign,FREM1,317.0
A4FU01,L317M,0.086,benign,FREM1,317.0
A4FU01,L317N,0.1772,benign,FREM1,317.0
A4FU01,L317P,0.3263,benign,FREM1,317.0
A4FU01,L317Q,0.0854,benign,FREM1,317.0
A4FU01,L317R,0.1114,benign,FREM1,317.0
A4FU01,L317S,0.1249,benign,FREM1,317.0
A4FU01,L317T,0.1003,benign,FREM1,317.0
A4FU01,L317V,0.0611,benign,FREM1,317.0
A4FU01,L317W,0.1931,benign,FREM1,317.0
A4FU01,L317Y,0.2629,benign,FREM1,317.0
A4FU01,A318C,0.6695,pathogenic,FREM1,318.0
A4FU01,A318D,0.926,pathogenic,FREM1,318.0
A4FU01,A318E,0.9223,pathogenic,FREM1,318.0
A4FU01,A318F,0.9074,pathogenic,FREM1,318.0
A4FU01,A318G,0.1382,benign,FREM1,318.0
A4FU01,A318H,0.9259,pathogenic,FREM1,318.0
A4FU01,A318I,0.9373,pathogenic,FREM1,318.0
A4FU01,A318K,0.9822,pathogenic,FREM1,318.0
A4FU01,A318L,0.7874,pathogenic,FREM1,318.0
A4FU01,A318M,0.8537,pathogenic,FREM1,318.0
A4FU01,A318N,0.861,pathogenic,FREM1,318.0
A4FU01,A318P,0.8844,pathogenic,FREM1,318.0
A4FU01,A318Q,0.8812,pathogenic,FREM1,318.0
A4FU01,A318R,0.9453,pathogenic,FREM1,318.0
A4FU01,A318S,0.0986,benign,FREM1,318.0
A4FU01,A318T,0.4877,ambiguous,FREM1,318.0
A4FU01,A318V,0.7027,pathogenic,FREM1,318.0
A4FU01,A318W,0.9773,pathogenic,FREM1,318.0
A4FU01,A318Y,0.9484,pathogenic,FREM1,318.0
A4FU01,H319A,0.4436,ambiguous,FREM1,319.0
A4FU01,H319C,0.2263,benign,FREM1,319.0
A4FU01,H319D,0.4848,ambiguous,FREM1,319.0
A4FU01,H319E,0.5312,ambiguous,FREM1,319.0
A4FU01,H319F,0.2493,benign,FREM1,319.0
A4FU01,H319G,0.437,ambiguous,FREM1,319.0
A4FU01,H319I,0.5384,ambiguous,FREM1,319.0
A4FU01,H319K,0.6686,pathogenic,FREM1,319.0
A4FU01,H319L,0.1898,benign,FREM1,319.0
A4FU01,H319M,0.6598,pathogenic,FREM1,319.0
A4FU01,H319N,0.2358,benign,FREM1,319.0
A4FU01,H319P,0.5642,pathogenic,FREM1,319.0
A4FU01,H319Q,0.3573,ambiguous,FREM1,319.0
A4FU01,H319R,0.2666,benign,FREM1,319.0
A4FU01,H319S,0.3269,benign,FREM1,319.0
A4FU01,H319T,0.5001,ambiguous,FREM1,319.0
A4FU01,H319V,0.4133,ambiguous,FREM1,319.0
A4FU01,H319W,0.2667,benign,FREM1,319.0
A4FU01,H319Y,0.076,benign,FREM1,319.0
A4FU01,L320A,0.09,benign,FREM1,320.0
A4FU01,L320C,0.2199,benign,FREM1,320.0
A4FU01,L320D,0.2923,benign,FREM1,320.0
A4FU01,L320E,0.1334,benign,FREM1,320.0
A4FU01,L320F,0.0905,benign,FREM1,320.0
A4FU01,L320G,0.1418,benign,FREM1,320.0
A4FU01,L320H,0.1073,benign,FREM1,320.0
A4FU01,L320I,0.0939,benign,FREM1,320.0
A4FU01,L320K,0.1488,benign,FREM1,320.0
A4FU01,L320M,0.0962,benign,FREM1,320.0
A4FU01,L320N,0.1684,benign,FREM1,320.0
A4FU01,L320P,0.4845,ambiguous,FREM1,320.0
A4FU01,L320Q,0.0694,benign,FREM1,320.0
A4FU01,L320R,0.0827,benign,FREM1,320.0
A4FU01,L320S,0.0896,benign,FREM1,320.0
A4FU01,L320T,0.0972,benign,FREM1,320.0
A4FU01,L320V,0.069,benign,FREM1,320.0
A4FU01,L320W,0.1327,benign,FREM1,320.0
A4FU01,L320Y,0.2013,benign,FREM1,320.0
A4FU01,R321A,0.4381,ambiguous,FREM1,321.0
A4FU01,R321C,0.2709,benign,FREM1,321.0
A4FU01,R321D,0.7705,pathogenic,FREM1,321.0
A4FU01,R321E,0.4615,ambiguous,FREM1,321.0
A4FU01,R321F,0.7873,pathogenic,FREM1,321.0
A4FU01,R321G,0.2621,benign,FREM1,321.0
A4FU01,R321H,0.1541,benign,FREM1,321.0
A4FU01,R321I,0.6086,pathogenic,FREM1,321.0
A4FU01,R321K,0.076,benign,FREM1,321.0
A4FU01,R321L,0.359,ambiguous,FREM1,321.0
A4FU01,R321M,0.4624,ambiguous,FREM1,321.0
A4FU01,R321N,0.6189,pathogenic,FREM1,321.0
A4FU01,R321P,0.7058,pathogenic,FREM1,321.0
A4FU01,R321Q,0.1124,benign,FREM1,321.0
A4FU01,R321S,0.5106,ambiguous,FREM1,321.0
A4FU01,R321T,0.3905,ambiguous,FREM1,321.0
A4FU01,R321V,0.5881,pathogenic,FREM1,321.0
A4FU01,R321W,0.2843,benign,FREM1,321.0
A4FU01,R321Y,0.5997,pathogenic,FREM1,321.0
A4FU01,L322A,0.847,pathogenic,FREM1,322.0
A4FU01,L322C,0.839,pathogenic,FREM1,322.0
A4FU01,L322D,0.9969,pathogenic,FREM1,322.0
A4FU01,L322E,0.9756,pathogenic,FREM1,322.0
A4FU01,L322F,0.2493,benign,FREM1,322.0
A4FU01,L322G,0.944,pathogenic,FREM1,322.0
A4FU01,L322H,0.9407,pathogenic,FREM1,322.0
A4FU01,L322I,0.2515,benign,FREM1,322.0
A4FU01,L322K,0.9725,pathogenic,FREM1,322.0
A4FU01,L322M,0.2716,benign,FREM1,322.0
A4FU01,L322N,0.9829,pathogenic,FREM1,322.0
A4FU01,L322P,0.9686,pathogenic,FREM1,322.0
A4FU01,L322Q,0.8961,pathogenic,FREM1,322.0
A4FU01,L322R,0.9212,pathogenic,FREM1,322.0
A4FU01,L322S,0.9612,pathogenic,FREM1,322.0
A4FU01,L322T,0.8855,pathogenic,FREM1,322.0
A4FU01,L322V,0.2509,benign,FREM1,322.0
A4FU01,L322W,0.6802,pathogenic,FREM1,322.0
A4FU01,L322Y,0.8499,pathogenic,FREM1,322.0
A4FU01,R323A,0.2489,benign,FREM1,323.0
A4FU01,R323C,0.1441,benign,FREM1,323.0
A4FU01,R323D,0.6077,pathogenic,FREM1,323.0
A4FU01,R323E,0.2445,benign,FREM1,323.0
A4FU01,R323F,0.4321,ambiguous,FREM1,323.0
A4FU01,R323G,0.1681,benign,FREM1,323.0
A4FU01,R323H,0.1014,benign,FREM1,323.0
A4FU01,R323I,0.3282,benign,FREM1,323.0
A4FU01,R323K,0.1343,benign,FREM1,323.0
A4FU01,R323L,0.1661,benign,FREM1,323.0
A4FU01,R323M,0.2943,benign,FREM1,323.0
A4FU01,R323N,0.52,ambiguous,FREM1,323.0
A4FU01,R323P,0.6765,pathogenic,FREM1,323.0
A4FU01,R323Q,0.0746,benign,FREM1,323.0
A4FU01,R323S,0.3373,benign,FREM1,323.0
A4FU01,R323T,0.2398,benign,FREM1,323.0
A4FU01,R323V,0.3002,benign,FREM1,323.0
A4FU01,R323W,0.1123,benign,FREM1,323.0
A4FU01,R323Y,0.2836,benign,FREM1,323.0
A4FU01,A324C,0.309,benign,FREM1,324.0
A4FU01,A324D,0.131,benign,FREM1,324.0
A4FU01,A324E,0.129,benign,FREM1,324.0
A4FU01,A324F,0.1937,benign,FREM1,324.0
A4FU01,A324G,0.0833,benign,FREM1,324.0
A4FU01,A324H,0.2324,benign,FREM1,324.0
A4FU01,A324I,0.1828,benign,FREM1,324.0
A4FU01,A324K,0.2448,benign,FREM1,324.0
A4FU01,A324L,0.1184,benign,FREM1,324.0
A4FU01,A324M,0.1469,benign,FREM1,324.0
A4FU01,A324N,0.1232,benign,FREM1,324.0
A4FU01,A324P,0.3587,ambiguous,FREM1,324.0
A4FU01,A324Q,0.1734,benign,FREM1,324.0
A4FU01,A324R,0.2096,benign,FREM1,324.0
A4FU01,A324S,0.073,benign,FREM1,324.0
A4FU01,A324T,0.0706,benign,FREM1,324.0
A4FU01,A324V,0.0925,benign,FREM1,324.0
A4FU01,A324W,0.4403,ambiguous,FREM1,324.0
A4FU01,A324Y,0.2557,benign,FREM1,324.0
A4FU01,L325A,0.3866,ambiguous,FREM1,325.0
A4FU01,L325C,0.5731,pathogenic,FREM1,325.0
A4FU01,L325D,0.939,pathogenic,FREM1,325.0
A4FU01,L325E,0.7613,pathogenic,FREM1,325.0
A4FU01,L325F,0.232,benign,FREM1,325.0
A4FU01,L325G,0.7486,pathogenic,FREM1,325.0
A4FU01,L325H,0.5339,ambiguous,FREM1,325.0
A4FU01,L325I,0.1413,benign,FREM1,325.0
A4FU01,L325K,0.7619,pathogenic,FREM1,325.0
A4FU01,L325M,0.2285,benign,FREM1,325.0
A4FU01,L325N,0.7361,pathogenic,FREM1,325.0
A4FU01,L325P,0.781,pathogenic,FREM1,325.0
A4FU01,L325Q,0.4354,ambiguous,FREM1,325.0
A4FU01,L325R,0.4805,ambiguous,FREM1,325.0
A4FU01,L325S,0.552,ambiguous,FREM1,325.0
A4FU01,L325T,0.4902,ambiguous,FREM1,325.0
A4FU01,L325V,0.1276,benign,FREM1,325.0
A4FU01,L325W,0.4887,ambiguous,FREM1,325.0
A4FU01,L325Y,0.5979,pathogenic,FREM1,325.0
A4FU01,C326A,0.653,pathogenic,FREM1,326.0
A4FU01,C326D,0.9804,pathogenic,FREM1,326.0
A4FU01,C326E,0.9896,pathogenic,FREM1,326.0
A4FU01,C326F,0.4219,ambiguous,FREM1,326.0
A4FU01,C326G,0.4645,ambiguous,FREM1,326.0
A4FU01,C326H,0.9308,pathogenic,FREM1,326.0
A4FU01,C326I,0.6789,pathogenic,FREM1,326.0
A4FU01,C326K,0.9936,pathogenic,FREM1,326.0
A4FU01,C326L,0.4715,ambiguous,FREM1,326.0
A4FU01,C326M,0.8236,pathogenic,FREM1,326.0
A4FU01,C326N,0.9356,pathogenic,FREM1,326.0
A4FU01,C326P,0.9437,pathogenic,FREM1,326.0
A4FU01,C326Q,0.9631,pathogenic,FREM1,326.0
A4FU01,C326R,0.9411,pathogenic,FREM1,326.0
A4FU01,C326S,0.6034,pathogenic,FREM1,326.0
A4FU01,C326T,0.7471,pathogenic,FREM1,326.0
A4FU01,C326V,0.5433,ambiguous,FREM1,326.0
A4FU01,C326W,0.8652,pathogenic,FREM1,326.0
A4FU01,C326Y,0.803,pathogenic,FREM1,326.0
A4FU01,L327A,0.184,benign,FREM1,327.0
A4FU01,L327C,0.3184,benign,FREM1,327.0
A4FU01,L327D,0.4884,ambiguous,FREM1,327.0
A4FU01,L327E,0.2074,benign,FREM1,327.0
A4FU01,L327F,0.1028,benign,FREM1,327.0
A4FU01,L327G,0.2982,benign,FREM1,327.0
A4FU01,L327H,0.1613,benign,FREM1,327.0
A4FU01,L327I,0.0986,benign,FREM1,327.0
A4FU01,L327K,0.2399,benign,FREM1,327.0
A4FU01,L327M,0.125,benign,FREM1,327.0
A4FU01,L327N,0.3093,benign,FREM1,327.0
A4FU01,L327P,0.4035,ambiguous,FREM1,327.0
A4FU01,L327Q,0.0984,benign,FREM1,327.0
A4FU01,L327R,0.1269,benign,FREM1,327.0
A4FU01,L327S,0.1686,benign,FREM1,327.0
A4FU01,L327T,0.1753,benign,FREM1,327.0
A4FU01,L327V,0.0841,benign,FREM1,327.0
A4FU01,L327W,0.175,benign,FREM1,327.0
A4FU01,L327Y,0.2828,benign,FREM1,327.0
A4FU01,P328A,0.0842,benign,FREM1,328.0
A4FU01,P328C,0.3301,benign,FREM1,328.0
A4FU01,P328D,0.2987,benign,FREM1,328.0
A4FU01,P328E,0.2017,benign,FREM1,328.0
A4FU01,P328F,0.3593,ambiguous,FREM1,328.0
A4FU01,P328G,0.1819,benign,FREM1,328.0
A4FU01,P328H,0.1497,benign,FREM1,328.0
A4FU01,P328I,0.2998,benign,FREM1,328.0
A4FU01,P328K,0.266,benign,FREM1,328.0
A4FU01,P328L,0.1098,benign,FREM1,328.0
A4FU01,P328M,0.2914,benign,FREM1,328.0
A4FU01,P328N,0.2821,benign,FREM1,328.0
A4FU01,P328Q,0.139,benign,FREM1,328.0
A4FU01,P328R,0.1393,benign,FREM1,328.0
A4FU01,P328S,0.1023,benign,FREM1,328.0
A4FU01,P328T,0.1016,benign,FREM1,328.0
A4FU01,P328V,0.1893,benign,FREM1,328.0
A4FU01,P328W,0.323,benign,FREM1,328.0
A4FU01,P328Y,0.3226,benign,FREM1,328.0
A4FU01,D329A,0.1142,benign,FREM1,329.0
A4FU01,D329C,0.4128,ambiguous,FREM1,329.0
A4FU01,D329E,0.1215,benign,FREM1,329.0
A4FU01,D329F,0.3811,ambiguous,FREM1,329.0
A4FU01,D329G,0.1007,benign,FREM1,329.0
A4FU01,D329H,0.1955,benign,FREM1,329.0
A4FU01,D329I,0.2931,benign,FREM1,329.0
A4FU01,D329K,0.3153,benign,FREM1,329.0
A4FU01,D329L,0.2558,benign,FREM1,329.0
A4FU01,D329M,0.5052,ambiguous,FREM1,329.0
A4FU01,D329N,0.1101,benign,FREM1,329.0
A4FU01,D329P,0.3209,benign,FREM1,329.0
A4FU01,D329Q,0.2307,benign,FREM1,329.0
A4FU01,D329R,0.2624,benign,FREM1,329.0
A4FU01,D329S,0.0983,benign,FREM1,329.0
A4FU01,D329T,0.1844,benign,FREM1,329.0
A4FU01,D329V,0.1614,benign,FREM1,329.0
A4FU01,D329W,0.6607,pathogenic,FREM1,329.0
A4FU01,D329Y,0.1795,benign,FREM1,329.0
A4FU01,S330A,0.0633,benign,FREM1,330.0
A4FU01,S330C,0.0865,benign,FREM1,330.0
A4FU01,S330D,0.2433,benign,FREM1,330.0
A4FU01,S330E,0.3116,benign,FREM1,330.0
A4FU01,S330F,0.1424,benign,FREM1,330.0
A4FU01,S330G,0.075,benign,FREM1,330.0
A4FU01,S330H,0.2375,benign,FREM1,330.0
A4FU01,S330I,0.137,benign,FREM1,330.0
A4FU01,S330K,0.4936,ambiguous,FREM1,330.0
A4FU01,S330L,0.0967,benign,FREM1,330.0
A4FU01,S330M,0.1902,benign,FREM1,330.0
A4FU01,S330N,0.1395,benign,FREM1,330.0
A4FU01,S330P,0.083,benign,FREM1,330.0
A4FU01,S330Q,0.3411,ambiguous,FREM1,330.0
A4FU01,S330R,0.3689,ambiguous,FREM1,330.0
A4FU01,S330T,0.0764,benign,FREM1,330.0
A4FU01,S330V,0.1165,benign,FREM1,330.0
A4FU01,S330W,0.2044,benign,FREM1,330.0
A4FU01,S330Y,0.1402,benign,FREM1,330.0
A4FU01,S331A,0.0617,benign,FREM1,331.0
A4FU01,S331C,0.0971,benign,FREM1,331.0
A4FU01,S331D,0.2241,benign,FREM1,331.0
A4FU01,S331E,0.276,benign,FREM1,331.0
A4FU01,S331F,0.1434,benign,FREM1,331.0
A4FU01,S331G,0.0728,benign,FREM1,331.0
A4FU01,S331H,0.2201,benign,FREM1,331.0
A4FU01,S331I,0.1494,benign,FREM1,331.0
A4FU01,S331K,0.4323,ambiguous,FREM1,331.0
A4FU01,S331L,0.087,benign,FREM1,331.0
A4FU01,S331M,0.1741,benign,FREM1,331.0
A4FU01,S331N,0.137,benign,FREM1,331.0
A4FU01,S331P,0.0726,benign,FREM1,331.0
A4FU01,S331Q,0.2999,benign,FREM1,331.0
A4FU01,S331R,0.3288,benign,FREM1,331.0
A4FU01,S331T,0.0757,benign,FREM1,331.0
A4FU01,S331V,0.118,benign,FREM1,331.0
A4FU01,S331W,0.1706,benign,FREM1,331.0
A4FU01,S331Y,0.1585,benign,FREM1,331.0
A4FU01,V332A,0.0747,benign,FREM1,332.0
A4FU01,V332C,0.527,ambiguous,FREM1,332.0
A4FU01,V332D,0.227,benign,FREM1,332.0
A4FU01,V332E,0.172,benign,FREM1,332.0
A4FU01,V332F,0.1444,benign,FREM1,332.0
A4FU01,V332G,0.1086,benign,FREM1,332.0
A4FU01,V332H,0.3789,ambiguous,FREM1,332.0
A4FU01,V332I,0.091,benign,FREM1,332.0
A4FU01,V332K,0.2592,benign,FREM1,332.0
A4FU01,V332L,0.124,benign,FREM1,332.0
A4FU01,V332M,0.106,benign,FREM1,332.0
A4FU01,V332N,0.2134,benign,FREM1,332.0
A4FU01,V332P,0.1513,benign,FREM1,332.0
A4FU01,V332Q,0.2048,benign,FREM1,332.0
A4FU01,V332R,0.2155,benign,FREM1,332.0
A4FU01,V332S,0.1248,benign,FREM1,332.0
A4FU01,V332T,0.1076,benign,FREM1,332.0
A4FU01,V332W,0.5547,ambiguous,FREM1,332.0
A4FU01,V332Y,0.413,ambiguous,FREM1,332.0
A4FU01,A333C,0.3914,ambiguous,FREM1,333.0
A4FU01,A333D,0.2861,benign,FREM1,333.0
A4FU01,A333E,0.2569,benign,FREM1,333.0
A4FU01,A333F,0.3484,ambiguous,FREM1,333.0
A4FU01,A333G,0.1001,benign,FREM1,333.0
A4FU01,A333H,0.406,ambiguous,FREM1,333.0
A4FU01,A333I,0.248,benign,FREM1,333.0
A4FU01,A333K,0.4575,ambiguous,FREM1,333.0
A4FU01,A333L,0.1485,benign,FREM1,333.0
A4FU01,A333M,0.1904,benign,FREM1,333.0
A4FU01,A333N,0.235,benign,FREM1,333.0
A4FU01,A333P,0.1019,benign,FREM1,333.0
A4FU01,A333Q,0.2812,benign,FREM1,333.0
A4FU01,A333R,0.3911,ambiguous,FREM1,333.0
A4FU01,A333S,0.0857,benign,FREM1,333.0
A4FU01,A333T,0.082,benign,FREM1,333.0
A4FU01,A333V,0.1076,benign,FREM1,333.0
A4FU01,A333W,0.6112,pathogenic,FREM1,333.0
A4FU01,A333Y,0.484,ambiguous,FREM1,333.0
A4FU01,E334A,0.1729,benign,FREM1,334.0
A4FU01,E334C,0.877,pathogenic,FREM1,334.0
A4FU01,E334D,0.1129,benign,FREM1,334.0
A4FU01,E334F,0.8352,pathogenic,FREM1,334.0
A4FU01,E334G,0.1394,benign,FREM1,334.0
A4FU01,E334H,0.493,ambiguous,FREM1,334.0
A4FU01,E334I,0.645,pathogenic,FREM1,334.0
A4FU01,E334K,0.1646,benign,FREM1,334.0
A4FU01,E334L,0.5057,ambiguous,FREM1,334.0
A4FU01,E334M,0.629,pathogenic,FREM1,334.0
A4FU01,E334N,0.3141,benign,FREM1,334.0
A4FU01,E334P,0.3382,benign,FREM1,334.0
A4FU01,E334Q,0.1724,benign,FREM1,334.0
A4FU01,E334R,0.2335,benign,FREM1,334.0
A4FU01,E334S,0.2126,benign,FREM1,334.0
A4FU01,E334T,0.3184,benign,FREM1,334.0
A4FU01,E334V,0.3591,ambiguous,FREM1,334.0
A4FU01,E334W,0.8712,pathogenic,FREM1,334.0
A4FU01,E334Y,0.7153,pathogenic,FREM1,334.0
A4FU01,D335A,0.2595,benign,FREM1,335.0
A4FU01,D335C,0.6928,pathogenic,FREM1,335.0
A4FU01,D335E,0.0865,benign,FREM1,335.0
A4FU01,D335F,0.7171,pathogenic,FREM1,335.0
A4FU01,D335G,0.1816,benign,FREM1,335.0
A4FU01,D335H,0.4352,ambiguous,FREM1,335.0
A4FU01,D335I,0.5146,ambiguous,FREM1,335.0
A4FU01,D335K,0.4459,ambiguous,FREM1,335.0
A4FU01,D335L,0.5078,ambiguous,FREM1,335.0
A4FU01,D335M,0.6772,pathogenic,FREM1,335.0
A4FU01,D335N,0.1767,benign,FREM1,335.0
A4FU01,D335P,0.649,pathogenic,FREM1,335.0
A4FU01,D335Q,0.374,ambiguous,FREM1,335.0
A4FU01,D335R,0.4827,ambiguous,FREM1,335.0
A4FU01,D335S,0.2237,benign,FREM1,335.0
A4FU01,D335T,0.3726,ambiguous,FREM1,335.0
A4FU01,D335V,0.2963,benign,FREM1,335.0
A4FU01,D335W,0.8656,pathogenic,FREM1,335.0
A4FU01,D335Y,0.3286,benign,FREM1,335.0
A4FU01,K336A,0.8491,pathogenic,FREM1,336.0
A4FU01,K336C,0.8899,pathogenic,FREM1,336.0
A4FU01,K336D,0.9459,pathogenic,FREM1,336.0
A4FU01,K336E,0.783,pathogenic,FREM1,336.0
A4FU01,K336F,0.9777,pathogenic,FREM1,336.0
A4FU01,K336G,0.7922,pathogenic,FREM1,336.0
A4FU01,K336H,0.5795,pathogenic,FREM1,336.0
A4FU01,K336I,0.9205,pathogenic,FREM1,336.0
A4FU01,K336L,0.8262,pathogenic,FREM1,336.0
A4FU01,K336M,0.8102,pathogenic,FREM1,336.0
A4FU01,K336N,0.9077,pathogenic,FREM1,336.0
A4FU01,K336P,0.9414,pathogenic,FREM1,336.0
A4FU01,K336Q,0.4478,ambiguous,FREM1,336.0
A4FU01,K336R,0.0881,benign,FREM1,336.0
A4FU01,K336S,0.8642,pathogenic,FREM1,336.0
A4FU01,K336T,0.7092,pathogenic,FREM1,336.0
A4FU01,K336V,0.8526,pathogenic,FREM1,336.0
A4FU01,K336W,0.926,pathogenic,FREM1,336.0
A4FU01,K336Y,0.9135,pathogenic,FREM1,336.0
A4FU01,W337A,0.845,pathogenic,FREM1,337.0
A4FU01,W337C,0.9383,pathogenic,FREM1,337.0
A4FU01,W337D,0.9612,pathogenic,FREM1,337.0
A4FU01,W337E,0.9527,pathogenic,FREM1,337.0
A4FU01,W337F,0.3762,ambiguous,FREM1,337.0
A4FU01,W337G,0.6482,pathogenic,FREM1,337.0
A4FU01,W337H,0.892,pathogenic,FREM1,337.0
A4FU01,W337I,0.8606,pathogenic,FREM1,337.0
A4FU01,W337K,0.9731,pathogenic,FREM1,337.0
A4FU01,W337L,0.6482,pathogenic,FREM1,337.0
A4FU01,W337M,0.8748,pathogenic,FREM1,337.0
A4FU01,W337N,0.9518,pathogenic,FREM1,337.0
A4FU01,W337P,0.9733,pathogenic,FREM1,337.0
A4FU01,W337Q,0.9533,pathogenic,FREM1,337.0
A4FU01,W337R,0.9521,pathogenic,FREM1,337.0
A4FU01,W337S,0.7872,pathogenic,FREM1,337.0
A4FU01,W337T,0.8494,pathogenic,FREM1,337.0
A4FU01,W337V,0.7997,pathogenic,FREM1,337.0
A4FU01,W337Y,0.5441,ambiguous,FREM1,337.0
A4FU01,L338A,0.6403,pathogenic,FREM1,338.0
A4FU01,L338C,0.5911,pathogenic,FREM1,338.0
A4FU01,L338D,0.9023,pathogenic,FREM1,338.0
A4FU01,L338E,0.7412,pathogenic,FREM1,338.0
A4FU01,L338F,0.1219,benign,FREM1,338.0
A4FU01,L338G,0.7079,pathogenic,FREM1,338.0
A4FU01,L338H,0.3382,benign,FREM1,338.0
A4FU01,L338I,0.2626,benign,FREM1,338.0
A4FU01,L338K,0.6169,pathogenic,FREM1,338.0
A4FU01,L338M,0.2273,benign,FREM1,338.0
A4FU01,L338N,0.6764,pathogenic,FREM1,338.0
A4FU01,L338P,0.5525,ambiguous,FREM1,338.0
A4FU01,L338Q,0.3994,ambiguous,FREM1,338.0
A4FU01,L338R,0.3651,ambiguous,FREM1,338.0
A4FU01,L338S,0.7372,pathogenic,FREM1,338.0
A4FU01,L338T,0.7238,pathogenic,FREM1,338.0
A4FU01,L338V,0.2751,benign,FREM1,338.0
A4FU01,L338W,0.2114,benign,FREM1,338.0
A4FU01,L338Y,0.2491,benign,FREM1,338.0
A4FU01,S339A,0.2136,benign,FREM1,339.0
A4FU01,S339C,0.4261,ambiguous,FREM1,339.0
A4FU01,S339D,0.9364,pathogenic,FREM1,339.0
A4FU01,S339E,0.9384,pathogenic,FREM1,339.0
A4FU01,S339F,0.6977,pathogenic,FREM1,339.0
A4FU01,S339G,0.2452,benign,FREM1,339.0
A4FU01,S339H,0.8334,pathogenic,FREM1,339.0
A4FU01,S339I,0.7715,pathogenic,FREM1,339.0
A4FU01,S339K,0.9746,pathogenic,FREM1,339.0
A4FU01,S339L,0.3858,ambiguous,FREM1,339.0
A4FU01,S339M,0.6302,pathogenic,FREM1,339.0
A4FU01,S339N,0.7869,pathogenic,FREM1,339.0
A4FU01,S339P,0.6182,pathogenic,FREM1,339.0
A4FU01,S339Q,0.884,pathogenic,FREM1,339.0
A4FU01,S339R,0.9601,pathogenic,FREM1,339.0
A4FU01,S339T,0.2713,benign,FREM1,339.0
A4FU01,S339V,0.684,pathogenic,FREM1,339.0
A4FU01,S339W,0.6905,pathogenic,FREM1,339.0
A4FU01,S339Y,0.6758,pathogenic,FREM1,339.0
A4FU01,A340C,0.3427,ambiguous,FREM1,340.0
A4FU01,A340D,0.3628,ambiguous,FREM1,340.0
A4FU01,A340E,0.3205,benign,FREM1,340.0
A4FU01,A340F,0.289,benign,FREM1,340.0
A4FU01,A340G,0.1227,benign,FREM1,340.0
A4FU01,A340H,0.4035,ambiguous,FREM1,340.0
A4FU01,A340I,0.2097,benign,FREM1,340.0
A4FU01,A340K,0.5586,ambiguous,FREM1,340.0
A4FU01,A340L,0.142,benign,FREM1,340.0
A4FU01,A340M,0.1737,benign,FREM1,340.0
A4FU01,A340N,0.2099,benign,FREM1,340.0
A4FU01,A340P,0.7776,pathogenic,FREM1,340.0
A4FU01,A340Q,0.3298,benign,FREM1,340.0
A4FU01,A340R,0.4575,ambiguous,FREM1,340.0
A4FU01,A340S,0.0821,benign,FREM1,340.0
A4FU01,A340T,0.0792,benign,FREM1,340.0
A4FU01,A340V,0.0981,benign,FREM1,340.0
A4FU01,A340W,0.699,pathogenic,FREM1,340.0
A4FU01,A340Y,0.4441,ambiguous,FREM1,340.0
A4FU01,L341A,0.5292,ambiguous,FREM1,341.0
A4FU01,L341C,0.8382,pathogenic,FREM1,341.0
A4FU01,L341D,0.9975,pathogenic,FREM1,341.0
A4FU01,L341E,0.9378,pathogenic,FREM1,341.0
A4FU01,L341F,0.5069,ambiguous,FREM1,341.0
A4FU01,L341G,0.9337,pathogenic,FREM1,341.0
A4FU01,L341H,0.9534,pathogenic,FREM1,341.0
A4FU01,L341I,0.1675,benign,FREM1,341.0
A4FU01,L341K,0.9378,pathogenic,FREM1,341.0
A4FU01,L341M,0.1751,benign,FREM1,341.0
A4FU01,L341N,0.9867,pathogenic,FREM1,341.0
A4FU01,L341P,0.9684,pathogenic,FREM1,341.0
A4FU01,L341Q,0.7844,pathogenic,FREM1,341.0
A4FU01,L341R,0.8579,pathogenic,FREM1,341.0
A4FU01,L341S,0.8862,pathogenic,FREM1,341.0
A4FU01,L341T,0.6056,pathogenic,FREM1,341.0
A4FU01,L341V,0.1074,benign,FREM1,341.0
A4FU01,L341W,0.7579,pathogenic,FREM1,341.0
A4FU01,L341Y,0.9302,pathogenic,FREM1,341.0
A4FU01,E342A,0.6787,pathogenic,FREM1,342.0
A4FU01,E342C,0.977,pathogenic,FREM1,342.0
A4FU01,E342D,0.5349,ambiguous,FREM1,342.0
A4FU01,E342F,0.9916,pathogenic,FREM1,342.0
A4FU01,E342G,0.6539,pathogenic,FREM1,342.0
A4FU01,E342H,0.9266,pathogenic,FREM1,342.0
A4FU01,E342I,0.9762,pathogenic,FREM1,342.0
A4FU01,E342K,0.8908,pathogenic,FREM1,342.0
A4FU01,E342L,0.9324,pathogenic,FREM1,342.0
A4FU01,E342M,0.9693,pathogenic,FREM1,342.0
A4FU01,E342N,0.9244,pathogenic,FREM1,342.0
A4FU01,E342P,0.9756,pathogenic,FREM1,342.0
A4FU01,E342Q,0.5919,pathogenic,FREM1,342.0
A4FU01,E342R,0.8357,pathogenic,FREM1,342.0
A4FU01,E342S,0.7402,pathogenic,FREM1,342.0
A4FU01,E342T,0.8973,pathogenic,FREM1,342.0
A4FU01,E342V,0.9022,pathogenic,FREM1,342.0
A4FU01,E342W,0.9904,pathogenic,FREM1,342.0
A4FU01,E342Y,0.975,pathogenic,FREM1,342.0
A4FU01,G343A,0.1388,benign,FREM1,343.0
A4FU01,G343C,0.2776,benign,FREM1,343.0
A4FU01,G343D,0.4498,ambiguous,FREM1,343.0
A4FU01,G343E,0.3905,ambiguous,FREM1,343.0
A4FU01,G343F,0.8059,pathogenic,FREM1,343.0
A4FU01,G343H,0.6485,pathogenic,FREM1,343.0
A4FU01,G343I,0.5206,ambiguous,FREM1,343.0
A4FU01,G343K,0.7883,pathogenic,FREM1,343.0
A4FU01,G343L,0.5672,pathogenic,FREM1,343.0
A4FU01,G343M,0.5704,pathogenic,FREM1,343.0
A4FU01,G343N,0.2585,benign,FREM1,343.0
A4FU01,G343P,0.9682,pathogenic,FREM1,343.0
A4FU01,G343Q,0.5643,pathogenic,FREM1,343.0
A4FU01,G343R,0.6951,pathogenic,FREM1,343.0
A4FU01,G343S,0.1075,benign,FREM1,343.0
A4FU01,G343T,0.2076,benign,FREM1,343.0
A4FU01,G343V,0.2821,benign,FREM1,343.0
A4FU01,G343W,0.7416,pathogenic,FREM1,343.0
A4FU01,G343Y,0.6671,pathogenic,FREM1,343.0
A4FU01,T344A,0.3002,benign,FREM1,344.0
A4FU01,T344C,0.6022,pathogenic,FREM1,344.0
A4FU01,T344D,0.9647,pathogenic,FREM1,344.0
A4FU01,T344E,0.9422,pathogenic,FREM1,344.0
A4FU01,T344F,0.9234,pathogenic,FREM1,344.0
A4FU01,T344G,0.5342,ambiguous,FREM1,344.0
A4FU01,T344H,0.9189,pathogenic,FREM1,344.0
A4FU01,T344I,0.8552,pathogenic,FREM1,344.0
A4FU01,T344K,0.9426,pathogenic,FREM1,344.0
A4FU01,T344L,0.5383,ambiguous,FREM1,344.0
A4FU01,T344M,0.3744,ambiguous,FREM1,344.0
A4FU01,T344N,0.6987,pathogenic,FREM1,344.0
A4FU01,T344P,0.6807,pathogenic,FREM1,344.0
A4FU01,T344Q,0.8774,pathogenic,FREM1,344.0
A4FU01,T344R,0.9066,pathogenic,FREM1,344.0
A4FU01,T344S,0.2001,benign,FREM1,344.0
A4FU01,T344V,0.6572,pathogenic,FREM1,344.0
A4FU01,T344W,0.9736,pathogenic,FREM1,344.0
A4FU01,T344Y,0.9534,pathogenic,FREM1,344.0
A4FU01,R345A,0.4484,ambiguous,FREM1,345.0
A4FU01,R345C,0.1374,benign,FREM1,345.0
A4FU01,R345D,0.7512,pathogenic,FREM1,345.0
A4FU01,R345E,0.5529,ambiguous,FREM1,345.0
A4FU01,R345F,0.6465,pathogenic,FREM1,345.0
A4FU01,R345G,0.1499,benign,FREM1,345.0
A4FU01,R345H,0.0931,benign,FREM1,345.0
A4FU01,R345I,0.7414,pathogenic,FREM1,345.0
A4FU01,R345K,0.1947,benign,FREM1,345.0
A4FU01,R345L,0.3309,benign,FREM1,345.0
A4FU01,R345M,0.6148,pathogenic,FREM1,345.0
A4FU01,R345N,0.6324,pathogenic,FREM1,345.0
A4FU01,R345P,0.6207,pathogenic,FREM1,345.0
A4FU01,R345Q,0.1287,benign,FREM1,345.0
A4FU01,R345S,0.5014,ambiguous,FREM1,345.0
A4FU01,R345T,0.5396,ambiguous,FREM1,345.0
A4FU01,R345V,0.6473,pathogenic,FREM1,345.0
A4FU01,R345W,0.2114,benign,FREM1,345.0
A4FU01,R345Y,0.4366,ambiguous,FREM1,345.0
A4FU01,W346A,0.9804,pathogenic,FREM1,346.0
A4FU01,W346C,0.9854,pathogenic,FREM1,346.0
A4FU01,W346D,0.9979,pathogenic,FREM1,346.0
A4FU01,W346E,0.9963,pathogenic,FREM1,346.0
A4FU01,W346F,0.5815,pathogenic,FREM1,346.0
A4FU01,W346G,0.928,pathogenic,FREM1,346.0
A4FU01,W346H,0.9731,pathogenic,FREM1,346.0
A4FU01,W346I,0.9735,pathogenic,FREM1,346.0
A4FU01,W346K,0.9981,pathogenic,FREM1,346.0
A4FU01,W346L,0.8636,pathogenic,FREM1,346.0
A4FU01,W346M,0.9796,pathogenic,FREM1,346.0
A4FU01,W346N,0.9966,pathogenic,FREM1,346.0
A4FU01,W346P,0.9955,pathogenic,FREM1,346.0
A4FU01,W346Q,0.9955,pathogenic,FREM1,346.0
A4FU01,W346R,0.9945,pathogenic,FREM1,346.0
A4FU01,W346S,0.9602,pathogenic,FREM1,346.0
A4FU01,W346T,0.9832,pathogenic,FREM1,346.0
A4FU01,W346V,0.9637,pathogenic,FREM1,346.0
A4FU01,W346Y,0.7381,pathogenic,FREM1,346.0
A4FU01,L347A,0.5606,ambiguous,FREM1,347.0
A4FU01,L347C,0.8146,pathogenic,FREM1,347.0
A4FU01,L347D,0.9584,pathogenic,FREM1,347.0
A4FU01,L347E,0.7766,pathogenic,FREM1,347.0
A4FU01,L347F,0.502,ambiguous,FREM1,347.0
A4FU01,L347G,0.6915,pathogenic,FREM1,347.0
A4FU01,L347H,0.7679,pathogenic,FREM1,347.0
A4FU01,L347I,0.3947,ambiguous,FREM1,347.0
A4FU01,L347K,0.7792,pathogenic,FREM1,347.0
A4FU01,L347M,0.1999,benign,FREM1,347.0
A4FU01,L347N,0.8209,pathogenic,FREM1,347.0
A4FU01,L347P,0.3462,ambiguous,FREM1,347.0
A4FU01,L347Q,0.5062,ambiguous,FREM1,347.0
A4FU01,L347R,0.6453,pathogenic,FREM1,347.0
A4FU01,L347S,0.7947,pathogenic,FREM1,347.0
A4FU01,L347T,0.5391,ambiguous,FREM1,347.0
A4FU01,L347V,0.3455,ambiguous,FREM1,347.0
A4FU01,L347W,0.6184,pathogenic,FREM1,347.0
A4FU01,L347Y,0.8366,pathogenic,FREM1,347.0
A4FU01,D348A,0.3986,ambiguous,FREM1,348.0
A4FU01,D348C,0.7808,pathogenic,FREM1,348.0
A4FU01,D348E,0.2032,benign,FREM1,348.0
A4FU01,D348F,0.7954,pathogenic,FREM1,348.0
A4FU01,D348G,0.3663,ambiguous,FREM1,348.0
A4FU01,D348H,0.5036,ambiguous,FREM1,348.0
A4FU01,D348I,0.7333,pathogenic,FREM1,348.0
A4FU01,D348K,0.8209,pathogenic,FREM1,348.0
A4FU01,D348L,0.6543,pathogenic,FREM1,348.0
A4FU01,D348M,0.8714,pathogenic,FREM1,348.0
A4FU01,D348N,0.2927,benign,FREM1,348.0
A4FU01,D348P,0.8644,pathogenic,FREM1,348.0
A4FU01,D348Q,0.5732,pathogenic,FREM1,348.0
A4FU01,D348R,0.7272,pathogenic,FREM1,348.0
A4FU01,D348S,0.2974,benign,FREM1,348.0
A4FU01,D348T,0.5301,ambiguous,FREM1,348.0
A4FU01,D348V,0.5056,ambiguous,FREM1,348.0
A4FU01,D348W,0.9308,pathogenic,FREM1,348.0
A4FU01,D348Y,0.4553,ambiguous,FREM1,348.0
A4FU01,Y349A,0.1821,benign,FREM1,349.0
A4FU01,Y349C,0.0882,benign,FREM1,349.0
A4FU01,Y349D,0.2345,benign,FREM1,349.0
A4FU01,Y349E,0.4796,ambiguous,FREM1,349.0
A4FU01,Y349F,0.0878,benign,FREM1,349.0
A4FU01,Y349G,0.1973,benign,FREM1,349.0
A4FU01,Y349H,0.0825,benign,FREM1,349.0
A4FU01,Y349I,0.2485,benign,FREM1,349.0
A4FU01,Y349K,0.6045,pathogenic,FREM1,349.0
A4FU01,Y349L,0.1989,benign,FREM1,349.0
A4FU01,Y349M,0.3845,ambiguous,FREM1,349.0
A4FU01,Y349N,0.1078,benign,FREM1,349.0
A4FU01,Y349P,0.7727,pathogenic,FREM1,349.0
A4FU01,Y349Q,0.3527,ambiguous,FREM1,349.0
A4FU01,Y349R,0.3857,ambiguous,FREM1,349.0
A4FU01,Y349S,0.0963,benign,FREM1,349.0
A4FU01,Y349T,0.1728,benign,FREM1,349.0
A4FU01,Y349V,0.1884,benign,FREM1,349.0
A4FU01,Y349W,0.3146,benign,FREM1,349.0
A4FU01,V350A,0.2461,benign,FREM1,350.0
A4FU01,V350C,0.7257,pathogenic,FREM1,350.0
A4FU01,V350D,0.9,pathogenic,FREM1,350.0
A4FU01,V350E,0.7871,pathogenic,FREM1,350.0
A4FU01,V350F,0.7558,pathogenic,FREM1,350.0
A4FU01,V350G,0.3851,ambiguous,FREM1,350.0
A4FU01,V350H,0.9282,pathogenic,FREM1,350.0
A4FU01,V350I,0.0751,benign,FREM1,350.0
A4FU01,V350K,0.891,pathogenic,FREM1,350.0
A4FU01,V350L,0.2476,benign,FREM1,350.0
A4FU01,V350M,0.3364,benign,FREM1,350.0
A4FU01,V350N,0.6045,pathogenic,FREM1,350.0
A4FU01,V350P,0.7788,pathogenic,FREM1,350.0
A4FU01,V350Q,0.7453,pathogenic,FREM1,350.0
A4FU01,V350R,0.8317,pathogenic,FREM1,350.0
A4FU01,V350S,0.2973,benign,FREM1,350.0
A4FU01,V350T,0.215,benign,FREM1,350.0
A4FU01,V350W,0.9823,pathogenic,FREM1,350.0
A4FU01,V350Y,0.9538,pathogenic,FREM1,350.0
A4FU01,R351A,0.7488,pathogenic,FREM1,351.0
A4FU01,R351C,0.416,ambiguous,FREM1,351.0
A4FU01,R351D,0.9646,pathogenic,FREM1,351.0
A4FU01,R351E,0.8016,pathogenic,FREM1,351.0
A4FU01,R351F,0.9248,pathogenic,FREM1,351.0
A4FU01,R351G,0.538,ambiguous,FREM1,351.0
A4FU01,R351H,0.3382,benign,FREM1,351.0
A4FU01,R351I,0.9027,pathogenic,FREM1,351.0
A4FU01,R351K,0.3874,ambiguous,FREM1,351.0
A4FU01,R351L,0.6856,pathogenic,FREM1,351.0
A4FU01,R351M,0.8827,pathogenic,FREM1,351.0
A4FU01,R351N,0.9456,pathogenic,FREM1,351.0
A4FU01,R351P,0.9363,pathogenic,FREM1,351.0
A4FU01,R351Q,0.2276,benign,FREM1,351.0
A4FU01,R351S,0.8201,pathogenic,FREM1,351.0
A4FU01,R351T,0.8038,pathogenic,FREM1,351.0
A4FU01,R351V,0.8498,pathogenic,FREM1,351.0
A4FU01,R351W,0.5188,ambiguous,FREM1,351.0
A4FU01,R351Y,0.8355,pathogenic,FREM1,351.0
A4FU01,A352C,0.1328,benign,FREM1,352.0
A4FU01,A352D,0.2425,benign,FREM1,352.0
A4FU01,A352E,0.2796,benign,FREM1,352.0
A4FU01,A352F,0.1646,benign,FREM1,352.0
A4FU01,A352G,0.0759,benign,FREM1,352.0
A4FU01,A352H,0.2783,benign,FREM1,352.0
A4FU01,A352I,0.1491,benign,FREM1,352.0
A4FU01,A352K,0.4938,ambiguous,FREM1,352.0
A4FU01,A352L,0.0951,benign,FREM1,352.0
A4FU01,A352M,0.151,benign,FREM1,352.0
A4FU01,A352N,0.1507,benign,FREM1,352.0
A4FU01,A352P,0.5611,ambiguous,FREM1,352.0
A4FU01,A352Q,0.2804,benign,FREM1,352.0
A4FU01,A352R,0.4065,ambiguous,FREM1,352.0
A4FU01,A352S,0.0621,benign,FREM1,352.0
A4FU01,A352T,0.0683,benign,FREM1,352.0
A4FU01,A352V,0.09,benign,FREM1,352.0
A4FU01,A352W,0.3494,ambiguous,FREM1,352.0
A4FU01,A352Y,0.2239,benign,FREM1,352.0
A4FU01,C353A,0.4008,ambiguous,FREM1,353.0
A4FU01,C353D,0.9842,pathogenic,FREM1,353.0
A4FU01,C353E,0.9927,pathogenic,FREM1,353.0
A4FU01,C353F,0.3899,ambiguous,FREM1,353.0
A4FU01,C353G,0.2671,benign,FREM1,353.0
A4FU01,C353H,0.9507,pathogenic,FREM1,353.0
A4FU01,C353I,0.6355,pathogenic,FREM1,353.0
A4FU01,C353K,0.997,pathogenic,FREM1,353.0
A4FU01,C353L,0.5146,ambiguous,FREM1,353.0
A4FU01,C353M,0.7467,pathogenic,FREM1,353.0
A4FU01,C353N,0.9112,pathogenic,FREM1,353.0
A4FU01,C353P,0.9708,pathogenic,FREM1,353.0
A4FU01,C353Q,0.9749,pathogenic,FREM1,353.0
A4FU01,C353R,0.9759,pathogenic,FREM1,353.0
A4FU01,C353S,0.3415,ambiguous,FREM1,353.0
A4FU01,C353T,0.5352,ambiguous,FREM1,353.0
A4FU01,C353V,0.424,ambiguous,FREM1,353.0
A4FU01,C353W,0.9039,pathogenic,FREM1,353.0
A4FU01,C353Y,0.8083,pathogenic,FREM1,353.0
A4FU01,L354A,0.8439,pathogenic,FREM1,354.0
A4FU01,L354C,0.8319,pathogenic,FREM1,354.0
A4FU01,L354D,0.9984,pathogenic,FREM1,354.0
A4FU01,L354E,0.9763,pathogenic,FREM1,354.0
A4FU01,L354F,0.6358,pathogenic,FREM1,354.0
A4FU01,L354G,0.9599,pathogenic,FREM1,354.0
A4FU01,L354H,0.9576,pathogenic,FREM1,354.0
A4FU01,L354I,0.1821,benign,FREM1,354.0
A4FU01,L354K,0.9793,pathogenic,FREM1,354.0
A4FU01,L354M,0.2842,benign,FREM1,354.0
A4FU01,L354N,0.98,pathogenic,FREM1,354.0
A4FU01,L354P,0.9901,pathogenic,FREM1,354.0
A4FU01,L354Q,0.8712,pathogenic,FREM1,354.0
A4FU01,L354R,0.943,pathogenic,FREM1,354.0
A4FU01,L354S,0.9415,pathogenic,FREM1,354.0
A4FU01,L354T,0.8078,pathogenic,FREM1,354.0
A4FU01,L354V,0.183,benign,FREM1,354.0
A4FU01,L354W,0.9051,pathogenic,FREM1,354.0
A4FU01,L354Y,0.9553,pathogenic,FREM1,354.0
A4FU01,R355A,0.6225,pathogenic,FREM1,355.0
A4FU01,R355C,0.2033,benign,FREM1,355.0
A4FU01,R355D,0.933,pathogenic,FREM1,355.0
A4FU01,R355E,0.6678,pathogenic,FREM1,355.0
A4FU01,R355F,0.8018,pathogenic,FREM1,355.0
A4FU01,R355G,0.4058,ambiguous,FREM1,355.0
A4FU01,R355H,0.1618,benign,FREM1,355.0
A4FU01,R355I,0.6811,pathogenic,FREM1,355.0
A4FU01,R355K,0.1805,benign,FREM1,355.0
A4FU01,R355L,0.3888,ambiguous,FREM1,355.0
A4FU01,R355M,0.6372,pathogenic,FREM1,355.0
A4FU01,R355N,0.8832,pathogenic,FREM1,355.0
A4FU01,R355P,0.9283,pathogenic,FREM1,355.0
A4FU01,R355Q,0.1234,benign,FREM1,355.0
A4FU01,R355S,0.7563,pathogenic,FREM1,355.0
A4FU01,R355T,0.6626,pathogenic,FREM1,355.0
A4FU01,R355V,0.64,pathogenic,FREM1,355.0
A4FU01,R355W,0.2668,benign,FREM1,355.0
A4FU01,R355Y,0.6232,pathogenic,FREM1,355.0
A4FU01,K356A,0.8763,pathogenic,FREM1,356.0
A4FU01,K356C,0.9084,pathogenic,FREM1,356.0
A4FU01,K356D,0.9818,pathogenic,FREM1,356.0
A4FU01,K356E,0.8415,pathogenic,FREM1,356.0
A4FU01,K356F,0.9773,pathogenic,FREM1,356.0
A4FU01,K356G,0.9355,pathogenic,FREM1,356.0
A4FU01,K356H,0.7227,pathogenic,FREM1,356.0
A4FU01,K356I,0.9036,pathogenic,FREM1,356.0
A4FU01,K356L,0.7783,pathogenic,FREM1,356.0
A4FU01,K356M,0.6949,pathogenic,FREM1,356.0
A4FU01,K356N,0.9537,pathogenic,FREM1,356.0
A4FU01,K356P,0.9914,pathogenic,FREM1,356.0
A4FU01,K356Q,0.5584,ambiguous,FREM1,356.0
A4FU01,K356R,0.1851,benign,FREM1,356.0
A4FU01,K356S,0.9424,pathogenic,FREM1,356.0
A4FU01,K356T,0.7064,pathogenic,FREM1,356.0
A4FU01,K356V,0.816,pathogenic,FREM1,356.0
A4FU01,K356W,0.9577,pathogenic,FREM1,356.0
A4FU01,K356Y,0.9359,pathogenic,FREM1,356.0
A4FU01,A357C,0.804,pathogenic,FREM1,357.0
A4FU01,A357D,0.9786,pathogenic,FREM1,357.0
A4FU01,A357E,0.9773,pathogenic,FREM1,357.0
A4FU01,A357F,0.964,pathogenic,FREM1,357.0
A4FU01,A357G,0.2122,benign,FREM1,357.0
A4FU01,A357H,0.9888,pathogenic,FREM1,357.0
A4FU01,A357I,0.877,pathogenic,FREM1,357.0
A4FU01,A357K,0.9972,pathogenic,FREM1,357.0
A4FU01,A357L,0.8313,pathogenic,FREM1,357.0
A4FU01,A357M,0.8221,pathogenic,FREM1,357.0
A4FU01,A357N,0.953,pathogenic,FREM1,357.0
A4FU01,A357P,0.989,pathogenic,FREM1,357.0
A4FU01,A357Q,0.9725,pathogenic,FREM1,357.0
A4FU01,A357R,0.9916,pathogenic,FREM1,357.0
A4FU01,A357S,0.1389,benign,FREM1,357.0
A4FU01,A357T,0.3105,benign,FREM1,357.0
A4FU01,A357V,0.5012,ambiguous,FREM1,357.0
A4FU01,A357W,0.9965,pathogenic,FREM1,357.0
A4FU01,A357Y,0.9865,pathogenic,FREM1,357.0
A4FU01,S358A,0.0981,benign,FREM1,358.0
A4FU01,S358C,0.1139,benign,FREM1,358.0
A4FU01,S358D,0.9302,pathogenic,FREM1,358.0
A4FU01,S358E,0.9307,pathogenic,FREM1,358.0
A4FU01,S358F,0.693,pathogenic,FREM1,358.0
A4FU01,S358G,0.106,benign,FREM1,358.0
A4FU01,S358H,0.8181,pathogenic,FREM1,358.0
A4FU01,S358I,0.5241,ambiguous,FREM1,358.0
A4FU01,S358K,0.9806,pathogenic,FREM1,358.0
A4FU01,S358L,0.3008,benign,FREM1,358.0
A4FU01,S358M,0.4299,ambiguous,FREM1,358.0
A4FU01,S358N,0.5545,ambiguous,FREM1,358.0
A4FU01,S358P,0.9621,pathogenic,FREM1,358.0
A4FU01,S358Q,0.872,pathogenic,FREM1,358.0
A4FU01,S358R,0.9462,pathogenic,FREM1,358.0
A4FU01,S358T,0.1396,benign,FREM1,358.0
A4FU01,S358V,0.3481,ambiguous,FREM1,358.0
A4FU01,S358W,0.7461,pathogenic,FREM1,358.0
A4FU01,S358Y,0.7338,pathogenic,FREM1,358.0
A4FU01,D359A,0.7111,pathogenic,FREM1,359.0
A4FU01,D359C,0.9361,pathogenic,FREM1,359.0
A4FU01,D359E,0.5053,ambiguous,FREM1,359.0
A4FU01,D359F,0.9474,pathogenic,FREM1,359.0
A4FU01,D359G,0.8021,pathogenic,FREM1,359.0
A4FU01,D359H,0.7939,pathogenic,FREM1,359.0
A4FU01,D359I,0.8993,pathogenic,FREM1,359.0
A4FU01,D359K,0.9427,pathogenic,FREM1,359.0
A4FU01,D359L,0.8774,pathogenic,FREM1,359.0
A4FU01,D359M,0.9544,pathogenic,FREM1,359.0
A4FU01,D359N,0.4283,ambiguous,FREM1,359.0
A4FU01,D359P,0.992,pathogenic,FREM1,359.0
A4FU01,D359Q,0.8522,pathogenic,FREM1,359.0
A4FU01,D359R,0.9243,pathogenic,FREM1,359.0
A4FU01,D359S,0.5739,pathogenic,FREM1,359.0
A4FU01,D359T,0.7992,pathogenic,FREM1,359.0
A4FU01,D359V,0.7557,pathogenic,FREM1,359.0
A4FU01,D359W,0.9869,pathogenic,FREM1,359.0
A4FU01,D359Y,0.7674,pathogenic,FREM1,359.0
A4FU01,I360A,0.7301,pathogenic,FREM1,360.0
A4FU01,I360C,0.8221,pathogenic,FREM1,360.0
A4FU01,I360D,0.9943,pathogenic,FREM1,360.0
A4FU01,I360E,0.992,pathogenic,FREM1,360.0
A4FU01,I360F,0.6527,pathogenic,FREM1,360.0
A4FU01,I360G,0.9551,pathogenic,FREM1,360.0
A4FU01,I360H,0.9852,pathogenic,FREM1,360.0
A4FU01,I360K,0.9913,pathogenic,FREM1,360.0
A4FU01,I360L,0.2012,benign,FREM1,360.0
A4FU01,I360M,0.3014,benign,FREM1,360.0
A4FU01,I360N,0.9382,pathogenic,FREM1,360.0
A4FU01,I360P,0.9911,pathogenic,FREM1,360.0
A4FU01,I360Q,0.9874,pathogenic,FREM1,360.0
A4FU01,I360R,0.9838,pathogenic,FREM1,360.0
A4FU01,I360S,0.8487,pathogenic,FREM1,360.0
A4FU01,I360T,0.6891,pathogenic,FREM1,360.0
A4FU01,I360V,0.0808,benign,FREM1,360.0
A4FU01,I360W,0.9897,pathogenic,FREM1,360.0
A4FU01,I360Y,0.9578,pathogenic,FREM1,360.0
A4FU01,S361A,0.074,benign,FREM1,361.0
A4FU01,S361C,0.0885,benign,FREM1,361.0
A4FU01,S361D,0.9519,pathogenic,FREM1,361.0
A4FU01,S361E,0.965,pathogenic,FREM1,361.0
A4FU01,S361F,0.7271,pathogenic,FREM1,361.0
A4FU01,S361G,0.1352,benign,FREM1,361.0
A4FU01,S361H,0.8815,pathogenic,FREM1,361.0
A4FU01,S361I,0.433,ambiguous,FREM1,361.0
A4FU01,S361K,0.9924,pathogenic,FREM1,361.0
A4FU01,S361L,0.2822,benign,FREM1,361.0
A4FU01,S361M,0.4166,ambiguous,FREM1,361.0
A4FU01,S361N,0.6248,pathogenic,FREM1,361.0
A4FU01,S361P,0.8684,pathogenic,FREM1,361.0
A4FU01,S361Q,0.9328,pathogenic,FREM1,361.0
A4FU01,S361R,0.9788,pathogenic,FREM1,361.0
A4FU01,S361T,0.0777,benign,FREM1,361.0
A4FU01,S361V,0.2599,benign,FREM1,361.0
A4FU01,S361W,0.8462,pathogenic,FREM1,361.0
A4FU01,S361Y,0.8039,pathogenic,FREM1,361.0
A4FU01,V362A,0.4626,ambiguous,FREM1,362.0
A4FU01,V362C,0.8058,pathogenic,FREM1,362.0
A4FU01,V362D,0.8864,pathogenic,FREM1,362.0
A4FU01,V362E,0.8107,pathogenic,FREM1,362.0
A4FU01,V362F,0.3633,ambiguous,FREM1,362.0
A4FU01,V362G,0.5653,pathogenic,FREM1,362.0
A4FU01,V362H,0.8988,pathogenic,FREM1,362.0
A4FU01,V362I,0.1059,benign,FREM1,362.0
A4FU01,V362K,0.902,pathogenic,FREM1,362.0
A4FU01,V362L,0.318,benign,FREM1,362.0
A4FU01,V362M,0.2784,benign,FREM1,362.0
A4FU01,V362N,0.7627,pathogenic,FREM1,362.0
A4FU01,V362P,0.9333,pathogenic,FREM1,362.0
A4FU01,V362Q,0.8064,pathogenic,FREM1,362.0
A4FU01,V362R,0.8261,pathogenic,FREM1,362.0
A4FU01,V362S,0.5451,ambiguous,FREM1,362.0
A4FU01,V362T,0.4972,ambiguous,FREM1,362.0
A4FU01,V362W,0.9458,pathogenic,FREM1,362.0
A4FU01,V362Y,0.8207,pathogenic,FREM1,362.0
A4FU01,L363A,0.7459,pathogenic,FREM1,363.0
A4FU01,L363C,0.8582,pathogenic,FREM1,363.0
A4FU01,L363D,0.9921,pathogenic,FREM1,363.0
A4FU01,L363E,0.9518,pathogenic,FREM1,363.0
A4FU01,L363F,0.3973,ambiguous,FREM1,363.0
A4FU01,L363G,0.9447,pathogenic,FREM1,363.0
A4FU01,L363H,0.8846,pathogenic,FREM1,363.0
A4FU01,L363I,0.2899,benign,FREM1,363.0
A4FU01,L363K,0.956,pathogenic,FREM1,363.0
A4FU01,L363M,0.2189,benign,FREM1,363.0
A4FU01,L363N,0.9637,pathogenic,FREM1,363.0
A4FU01,L363P,0.952,pathogenic,FREM1,363.0
A4FU01,L363Q,0.8243,pathogenic,FREM1,363.0
A4FU01,L363R,0.8794,pathogenic,FREM1,363.0
A4FU01,L363S,0.9144,pathogenic,FREM1,363.0
A4FU01,L363T,0.7895,pathogenic,FREM1,363.0
A4FU01,L363V,0.2811,benign,FREM1,363.0
A4FU01,L363W,0.6938,pathogenic,FREM1,363.0
A4FU01,L363Y,0.8552,pathogenic,FREM1,363.0
A4FU01,V364A,0.4344,ambiguous,FREM1,364.0
A4FU01,V364C,0.8125,pathogenic,FREM1,364.0
A4FU01,V364D,0.9604,pathogenic,FREM1,364.0
A4FU01,V364E,0.897,pathogenic,FREM1,364.0
A4FU01,V364F,0.5052,ambiguous,FREM1,364.0
A4FU01,V364G,0.5642,pathogenic,FREM1,364.0
A4FU01,V364H,0.9498,pathogenic,FREM1,364.0
A4FU01,V364I,0.1081,benign,FREM1,364.0
A4FU01,V364K,0.9452,pathogenic,FREM1,364.0
A4FU01,V364L,0.1893,benign,FREM1,364.0
A4FU01,V364M,0.2873,benign,FREM1,364.0
A4FU01,V364N,0.8614,pathogenic,FREM1,364.0
A4FU01,V364P,0.9441,pathogenic,FREM1,364.0
A4FU01,V364Q,0.8679,pathogenic,FREM1,364.0
A4FU01,V364R,0.9156,pathogenic,FREM1,364.0
A4FU01,V364S,0.6605,pathogenic,FREM1,364.0
A4FU01,V364T,0.5141,ambiguous,FREM1,364.0
A4FU01,V364W,0.9685,pathogenic,FREM1,364.0
A4FU01,V364Y,0.9208,pathogenic,FREM1,364.0
A4FU01,T365A,0.1192,benign,FREM1,365.0
A4FU01,T365C,0.3383,benign,FREM1,365.0
A4FU01,T365D,0.6432,pathogenic,FREM1,365.0
A4FU01,T365E,0.6004,pathogenic,FREM1,365.0
A4FU01,T365F,0.4372,ambiguous,FREM1,365.0
A4FU01,T365G,0.2702,benign,FREM1,365.0
A4FU01,T365H,0.4004,ambiguous,FREM1,365.0
A4FU01,T365I,0.4132,ambiguous,FREM1,365.0
A4FU01,T365K,0.5227,ambiguous,FREM1,365.0
A4FU01,T365L,0.1927,benign,FREM1,365.0
A4FU01,T365M,0.134,benign,FREM1,365.0
A4FU01,T365N,0.2229,benign,FREM1,365.0
A4FU01,T365P,0.4811,ambiguous,FREM1,365.0
A4FU01,T365Q,0.432,ambiguous,FREM1,365.0
A4FU01,T365R,0.3922,ambiguous,FREM1,365.0
A4FU01,T365S,0.143,benign,FREM1,365.0
A4FU01,T365V,0.2709,benign,FREM1,365.0
A4FU01,T365W,0.7689,pathogenic,FREM1,365.0
A4FU01,T365Y,0.5304,ambiguous,FREM1,365.0
A4FU01,S366A,0.1004,benign,FREM1,366.0
A4FU01,S366C,0.1067,benign,FREM1,366.0
A4FU01,S366D,0.6107,pathogenic,FREM1,366.0
A4FU01,S366E,0.6543,pathogenic,FREM1,366.0
A4FU01,S366F,0.4328,ambiguous,FREM1,366.0
A4FU01,S366G,0.1103,benign,FREM1,366.0
A4FU01,S366H,0.4771,ambiguous,FREM1,366.0
A4FU01,S366I,0.5112,ambiguous,FREM1,366.0
A4FU01,S366K,0.8581,pathogenic,FREM1,366.0
A4FU01,S366L,0.2175,benign,FREM1,366.0
A4FU01,S366M,0.3594,ambiguous,FREM1,366.0
A4FU01,S366N,0.3248,benign,FREM1,366.0
A4FU01,S366P,0.6605,pathogenic,FREM1,366.0
A4FU01,S366Q,0.618,pathogenic,FREM1,366.0
A4FU01,S366R,0.7772,pathogenic,FREM1,366.0
A4FU01,S366T,0.1244,benign,FREM1,366.0
A4FU01,S366V,0.3415,ambiguous,FREM1,366.0
A4FU01,S366W,0.4582,ambiguous,FREM1,366.0
A4FU01,S366Y,0.355,ambiguous,FREM1,366.0
A4FU01,R367A,0.6565,pathogenic,FREM1,367.0
A4FU01,R367C,0.3574,ambiguous,FREM1,367.0
A4FU01,R367D,0.8266,pathogenic,FREM1,367.0
A4FU01,R367E,0.5519,ambiguous,FREM1,367.0
A4FU01,R367F,0.8674,pathogenic,FREM1,367.0
A4FU01,R367G,0.3237,benign,FREM1,367.0
A4FU01,R367H,0.195,benign,FREM1,367.0
A4FU01,R367I,0.8582,pathogenic,FREM1,367.0
A4FU01,R367K,0.2283,benign,FREM1,367.0
A4FU01,R367L,0.5793,pathogenic,FREM1,367.0
A4FU01,R367M,0.7029,pathogenic,FREM1,367.0
A4FU01,R367N,0.8043,pathogenic,FREM1,367.0
A4FU01,R367P,0.7366,pathogenic,FREM1,367.0
A4FU01,R367Q,0.1536,benign,FREM1,367.0
A4FU01,R367S,0.7019,pathogenic,FREM1,367.0
A4FU01,R367T,0.6136,pathogenic,FREM1,367.0
A4FU01,R367V,0.7997,pathogenic,FREM1,367.0
A4FU01,R367W,0.366,ambiguous,FREM1,367.0
A4FU01,R367Y,0.7142,pathogenic,FREM1,367.0
A4FU01,V368A,0.179,benign,FREM1,368.0
A4FU01,V368C,0.5205,ambiguous,FREM1,368.0
A4FU01,V368D,0.3049,benign,FREM1,368.0
A4FU01,V368E,0.1994,benign,FREM1,368.0
A4FU01,V368F,0.1492,benign,FREM1,368.0
A4FU01,V368G,0.1366,benign,FREM1,368.0
A4FU01,V368H,0.3848,ambiguous,FREM1,368.0
A4FU01,V368I,0.1016,benign,FREM1,368.0
A4FU01,V368K,0.2295,benign,FREM1,368.0
A4FU01,V368L,0.2098,benign,FREM1,368.0
A4FU01,V368M,0.1678,benign,FREM1,368.0
A4FU01,V368N,0.2153,benign,FREM1,368.0
A4FU01,V368P,0.5052,ambiguous,FREM1,368.0
A4FU01,V368Q,0.1885,benign,FREM1,368.0
A4FU01,V368R,0.1758,benign,FREM1,368.0
A4FU01,V368S,0.1855,benign,FREM1,368.0
A4FU01,V368T,0.2182,benign,FREM1,368.0
A4FU01,V368W,0.6491,pathogenic,FREM1,368.0
A4FU01,V368Y,0.4281,ambiguous,FREM1,368.0
A4FU01,R369A,0.7361,pathogenic,FREM1,369.0
A4FU01,R369C,0.1766,benign,FREM1,369.0
A4FU01,R369D,0.9268,pathogenic,FREM1,369.0
A4FU01,R369E,0.7106,pathogenic,FREM1,369.0
A4FU01,R369F,0.7963,pathogenic,FREM1,369.0
A4FU01,R369G,0.5785,pathogenic,FREM1,369.0
A4FU01,R369H,0.1831,benign,FREM1,369.0
A4FU01,R369I,0.6502,pathogenic,FREM1,369.0
A4FU01,R369K,0.2573,benign,FREM1,369.0
A4FU01,R369L,0.4367,ambiguous,FREM1,369.0
A4FU01,R369M,0.6723,pathogenic,FREM1,369.0
A4FU01,R369N,0.8642,pathogenic,FREM1,369.0
A4FU01,R369P,0.8987,pathogenic,FREM1,369.0
A4FU01,R369Q,0.1584,benign,FREM1,369.0
A4FU01,R369S,0.7763,pathogenic,FREM1,369.0
A4FU01,R369T,0.6203,pathogenic,FREM1,369.0
A4FU01,R369V,0.6243,pathogenic,FREM1,369.0
A4FU01,R369W,0.3023,benign,FREM1,369.0
A4FU01,R369Y,0.6115,pathogenic,FREM1,369.0
A4FU01,S370A,0.35,ambiguous,FREM1,370.0
A4FU01,S370C,0.3684,ambiguous,FREM1,370.0
A4FU01,S370D,0.9187,pathogenic,FREM1,370.0
A4FU01,S370E,0.9821,pathogenic,FREM1,370.0
A4FU01,S370F,0.9638,pathogenic,FREM1,370.0
A4FU01,S370G,0.2983,benign,FREM1,370.0
A4FU01,S370H,0.9116,pathogenic,FREM1,370.0
A4FU01,S370I,0.9533,pathogenic,FREM1,370.0
A4FU01,S370K,0.9931,pathogenic,FREM1,370.0
A4FU01,S370L,0.8428,pathogenic,FREM1,370.0
A4FU01,S370M,0.8609,pathogenic,FREM1,370.0
A4FU01,S370N,0.7121,pathogenic,FREM1,370.0
A4FU01,S370P,0.7184,pathogenic,FREM1,370.0
A4FU01,S370Q,0.9688,pathogenic,FREM1,370.0
A4FU01,S370R,0.9885,pathogenic,FREM1,370.0
A4FU01,S370T,0.1536,benign,FREM1,370.0
A4FU01,S370V,0.8715,pathogenic,FREM1,370.0
A4FU01,S370W,0.9496,pathogenic,FREM1,370.0
A4FU01,S370Y,0.927,pathogenic,FREM1,370.0
A4FU01,V371A,0.6582,pathogenic,FREM1,371.0
A4FU01,V371C,0.911,pathogenic,FREM1,371.0
A4FU01,V371D,0.9956,pathogenic,FREM1,371.0
A4FU01,V371E,0.986,pathogenic,FREM1,371.0
A4FU01,V371F,0.8928,pathogenic,FREM1,371.0
A4FU01,V371G,0.8624,pathogenic,FREM1,371.0
A4FU01,V371H,0.9957,pathogenic,FREM1,371.0
A4FU01,V371I,0.1266,benign,FREM1,371.0
A4FU01,V371K,0.9926,pathogenic,FREM1,371.0
A4FU01,V371L,0.6405,pathogenic,FREM1,371.0
A4FU01,V371M,0.6746,pathogenic,FREM1,371.0
A4FU01,V371N,0.9793,pathogenic,FREM1,371.0
A4FU01,V371P,0.9799,pathogenic,FREM1,371.0
A4FU01,V371Q,0.982,pathogenic,FREM1,371.0
A4FU01,V371R,0.9812,pathogenic,FREM1,371.0
A4FU01,V371S,0.897,pathogenic,FREM1,371.0
A4FU01,V371T,0.7744,pathogenic,FREM1,371.0
A4FU01,V371W,0.9977,pathogenic,FREM1,371.0
A4FU01,V371Y,0.992,pathogenic,FREM1,371.0
A4FU01,I372A,0.5482,ambiguous,FREM1,372.0
A4FU01,I372C,0.7642,pathogenic,FREM1,372.0
A4FU01,I372D,0.9897,pathogenic,FREM1,372.0
A4FU01,I372E,0.9798,pathogenic,FREM1,372.0
A4FU01,I372F,0.4177,ambiguous,FREM1,372.0
A4FU01,I372G,0.8602,pathogenic,FREM1,372.0
A4FU01,I372H,0.9616,pathogenic,FREM1,372.0
A4FU01,I372K,0.9767,pathogenic,FREM1,372.0
A4FU01,I372L,0.1341,benign,FREM1,372.0
A4FU01,I372M,0.2032,benign,FREM1,372.0
A4FU01,I372N,0.907,pathogenic,FREM1,372.0
A4FU01,I372P,0.9763,pathogenic,FREM1,372.0
A4FU01,I372Q,0.9502,pathogenic,FREM1,372.0
A4FU01,I372R,0.953,pathogenic,FREM1,372.0
A4FU01,I372S,0.7611,pathogenic,FREM1,372.0
A4FU01,I372T,0.7244,pathogenic,FREM1,372.0
A4FU01,I372V,0.063,benign,FREM1,372.0
A4FU01,I372W,0.9602,pathogenic,FREM1,372.0
A4FU01,I372Y,0.8837,pathogenic,FREM1,372.0
A4FU01,L373A,0.9194,pathogenic,FREM1,373.0
A4FU01,L373C,0.8611,pathogenic,FREM1,373.0
A4FU01,L373D,0.9993,pathogenic,FREM1,373.0
A4FU01,L373E,0.993,pathogenic,FREM1,373.0
A4FU01,L373F,0.514,ambiguous,FREM1,373.0
A4FU01,L373G,0.9842,pathogenic,FREM1,373.0
A4FU01,L373H,0.982,pathogenic,FREM1,373.0
A4FU01,L373I,0.1478,benign,FREM1,373.0
A4FU01,L373K,0.9926,pathogenic,FREM1,373.0
A4FU01,L373M,0.3108,benign,FREM1,373.0
A4FU01,L373N,0.994,pathogenic,FREM1,373.0
A4FU01,L373P,0.9796,pathogenic,FREM1,373.0
A4FU01,L373Q,0.9566,pathogenic,FREM1,373.0
A4FU01,L373R,0.9766,pathogenic,FREM1,373.0
A4FU01,L373S,0.9804,pathogenic,FREM1,373.0
A4FU01,L373T,0.9337,pathogenic,FREM1,373.0
A4FU01,L373V,0.1915,benign,FREM1,373.0
A4FU01,L373W,0.9313,pathogenic,FREM1,373.0
A4FU01,L373Y,0.9683,pathogenic,FREM1,373.0
A4FU01,Q374A,0.5812,pathogenic,FREM1,374.0
A4FU01,Q374C,0.8393,pathogenic,FREM1,374.0
A4FU01,Q374D,0.9422,pathogenic,FREM1,374.0
A4FU01,Q374E,0.1946,benign,FREM1,374.0
A4FU01,Q374F,0.9308,pathogenic,FREM1,374.0
A4FU01,Q374G,0.6642,pathogenic,FREM1,374.0
A4FU01,Q374H,0.6845,pathogenic,FREM1,374.0
A4FU01,Q374I,0.7499,pathogenic,FREM1,374.0
A4FU01,Q374K,0.2788,benign,FREM1,374.0
A4FU01,Q374L,0.3034,benign,FREM1,374.0
A4FU01,Q374M,0.6082,pathogenic,FREM1,374.0
A4FU01,Q374N,0.8527,pathogenic,FREM1,374.0
A4FU01,Q374P,0.8811,pathogenic,FREM1,374.0
A4FU01,Q374R,0.211,benign,FREM1,374.0
A4FU01,Q374S,0.6904,pathogenic,FREM1,374.0
A4FU01,Q374T,0.5704,pathogenic,FREM1,374.0
A4FU01,Q374V,0.5122,ambiguous,FREM1,374.0
A4FU01,Q374W,0.8246,pathogenic,FREM1,374.0
A4FU01,Q374Y,0.8687,pathogenic,FREM1,374.0
A4FU01,E375A,0.8169,pathogenic,FREM1,375.0
A4FU01,E375C,0.9588,pathogenic,FREM1,375.0
A4FU01,E375D,0.6243,pathogenic,FREM1,375.0
A4FU01,E375F,0.9954,pathogenic,FREM1,375.0
A4FU01,E375G,0.4856,ambiguous,FREM1,375.0
A4FU01,E375H,0.9729,pathogenic,FREM1,375.0
A4FU01,E375I,0.988,pathogenic,FREM1,375.0
A4FU01,E375K,0.9334,pathogenic,FREM1,375.0
A4FU01,E375L,0.9786,pathogenic,FREM1,375.0
A4FU01,E375M,0.98,pathogenic,FREM1,375.0
A4FU01,E375N,0.9159,pathogenic,FREM1,375.0
A4FU01,E375P,0.992,pathogenic,FREM1,375.0
A4FU01,E375Q,0.7271,pathogenic,FREM1,375.0
A4FU01,E375R,0.9348,pathogenic,FREM1,375.0
A4FU01,E375S,0.8484,pathogenic,FREM1,375.0
A4FU01,E375T,0.9318,pathogenic,FREM1,375.0
A4FU01,E375V,0.9389,pathogenic,FREM1,375.0
A4FU01,E375W,0.998,pathogenic,FREM1,375.0
A4FU01,E375Y,0.9866,pathogenic,FREM1,375.0
A4FU01,R376A,0.1183,benign,FREM1,376.0
A4FU01,R376C,0.0946,benign,FREM1,376.0
A4FU01,R376D,0.1789,benign,FREM1,376.0
A4FU01,R376E,0.1259,benign,FREM1,376.0
A4FU01,R376F,0.2384,benign,FREM1,376.0
A4FU01,R376G,0.0802,benign,FREM1,376.0
A4FU01,R376H,0.0684,benign,FREM1,376.0
A4FU01,R376I,0.1676,benign,FREM1,376.0
A4FU01,R376K,0.0988,benign,FREM1,376.0
A4FU01,R376L,0.1109,benign,FREM1,376.0
A4FU01,R376M,0.1865,benign,FREM1,376.0
A4FU01,R376N,0.1882,benign,FREM1,376.0
A4FU01,R376P,0.1007,benign,FREM1,376.0
A4FU01,R376Q,0.0697,benign,FREM1,376.0
A4FU01,R376S,0.1399,benign,FREM1,376.0
A4FU01,R376T,0.109,benign,FREM1,376.0
A4FU01,R376V,0.1626,benign,FREM1,376.0
A4FU01,R376W,0.0956,benign,FREM1,376.0
A4FU01,R376Y,0.1477,benign,FREM1,376.0
A4FU01,G377A,0.1013,benign,FREM1,377.0
A4FU01,G377C,0.129,benign,FREM1,377.0
A4FU01,G377D,0.1272,benign,FREM1,377.0
A4FU01,G377E,0.1437,benign,FREM1,377.0
A4FU01,G377F,0.4268,ambiguous,FREM1,377.0
A4FU01,G377H,0.2689,benign,FREM1,377.0
A4FU01,G377I,0.3352,benign,FREM1,377.0
A4FU01,G377K,0.4042,ambiguous,FREM1,377.0
A4FU01,G377L,0.3054,benign,FREM1,377.0
A4FU01,G377M,0.3714,ambiguous,FREM1,377.0
A4FU01,G377N,0.1732,benign,FREM1,377.0
A4FU01,G377P,0.6079,pathogenic,FREM1,377.0
A4FU01,G377Q,0.2477,benign,FREM1,377.0
A4FU01,G377R,0.2786,benign,FREM1,377.0
A4FU01,G377S,0.0785,benign,FREM1,377.0
A4FU01,G377T,0.1234,benign,FREM1,377.0
A4FU01,G377V,0.204,benign,FREM1,377.0
A4FU01,G377W,0.2587,benign,FREM1,377.0
A4FU01,G377Y,0.293,benign,FREM1,377.0
A4FU01,D378A,0.8831,pathogenic,FREM1,378.0
A4FU01,D378C,0.9363,pathogenic,FREM1,378.0
A4FU01,D378E,0.8854,pathogenic,FREM1,378.0
A4FU01,D378F,0.9857,pathogenic,FREM1,378.0
A4FU01,D378G,0.6203,pathogenic,FREM1,378.0
A4FU01,D378H,0.9601,pathogenic,FREM1,378.0
A4FU01,D378I,0.9918,pathogenic,FREM1,378.0
A4FU01,D378K,0.9861,pathogenic,FREM1,378.0
A4FU01,D378L,0.9824,pathogenic,FREM1,378.0
A4FU01,D378M,0.9946,pathogenic,FREM1,378.0
A4FU01,D378N,0.7411,pathogenic,FREM1,378.0
A4FU01,D378P,0.9847,pathogenic,FREM1,378.0
A4FU01,D378Q,0.9669,pathogenic,FREM1,378.0
A4FU01,D378R,0.9693,pathogenic,FREM1,378.0
A4FU01,D378S,0.7163,pathogenic,FREM1,378.0
A4FU01,D378T,0.9661,pathogenic,FREM1,378.0
A4FU01,D378V,0.9661,pathogenic,FREM1,378.0
A4FU01,D378W,0.9945,pathogenic,FREM1,378.0
A4FU01,D378Y,0.8966,pathogenic,FREM1,378.0
A4FU01,R379A,0.4469,ambiguous,FREM1,379.0
A4FU01,R379C,0.1447,benign,FREM1,379.0
A4FU01,R379D,0.8386,pathogenic,FREM1,379.0
A4FU01,R379E,0.4389,ambiguous,FREM1,379.0
A4FU01,R379F,0.7235,pathogenic,FREM1,379.0
A4FU01,R379G,0.3106,benign,FREM1,379.0
A4FU01,R379H,0.2074,benign,FREM1,379.0
A4FU01,R379I,0.429,ambiguous,FREM1,379.0
A4FU01,R379K,0.2606,benign,FREM1,379.0
A4FU01,R379L,0.3691,ambiguous,FREM1,379.0
A4FU01,R379M,0.4713,ambiguous,FREM1,379.0
A4FU01,R379N,0.7407,pathogenic,FREM1,379.0
A4FU01,R379P,0.9312,pathogenic,FREM1,379.0
A4FU01,R379Q,0.1103,benign,FREM1,379.0
A4FU01,R379S,0.5335,ambiguous,FREM1,379.0
A4FU01,R379T,0.2856,benign,FREM1,379.0
A4FU01,R379V,0.3887,ambiguous,FREM1,379.0
A4FU01,R379W,0.278,benign,FREM1,379.0
A4FU01,R379Y,0.5703,pathogenic,FREM1,379.0
A4FU01,D380A,0.9472,pathogenic,FREM1,380.0
A4FU01,D380C,0.9749,pathogenic,FREM1,380.0
A4FU01,D380E,0.8932,pathogenic,FREM1,380.0
A4FU01,D380F,0.9835,pathogenic,FREM1,380.0
A4FU01,D380G,0.8987,pathogenic,FREM1,380.0
A4FU01,D380H,0.9242,pathogenic,FREM1,380.0
A4FU01,D380I,0.9845,pathogenic,FREM1,380.0
A4FU01,D380K,0.9872,pathogenic,FREM1,380.0
A4FU01,D380L,0.9745,pathogenic,FREM1,380.0
A4FU01,D380M,0.995,pathogenic,FREM1,380.0
A4FU01,D380N,0.8019,pathogenic,FREM1,380.0
A4FU01,D380P,0.9881,pathogenic,FREM1,380.0
A4FU01,D380Q,0.9752,pathogenic,FREM1,380.0
A4FU01,D380R,0.9772,pathogenic,FREM1,380.0
A4FU01,D380S,0.87,pathogenic,FREM1,380.0
A4FU01,D380T,0.9673,pathogenic,FREM1,380.0
A4FU01,D380V,0.9487,pathogenic,FREM1,380.0
A4FU01,D380W,0.9938,pathogenic,FREM1,380.0
A4FU01,D380Y,0.8873,pathogenic,FREM1,380.0
A4FU01,L381A,0.2199,benign,FREM1,381.0
A4FU01,L381C,0.1901,benign,FREM1,381.0
A4FU01,L381D,0.678,pathogenic,FREM1,381.0
A4FU01,L381E,0.5094,ambiguous,FREM1,381.0
A4FU01,L381F,0.0455,benign,FREM1,381.0
A4FU01,L381G,0.2937,benign,FREM1,381.0
A4FU01,L381H,0.2515,benign,FREM1,381.0
A4FU01,L381I,0.0944,benign,FREM1,381.0
A4FU01,L381K,0.4843,ambiguous,FREM1,381.0
A4FU01,L381M,0.0911,benign,FREM1,381.0
A4FU01,L381N,0.4013,ambiguous,FREM1,381.0
A4FU01,L381P,0.422,ambiguous,FREM1,381.0
A4FU01,L381Q,0.2436,benign,FREM1,381.0
A4FU01,L381R,0.3041,benign,FREM1,381.0
A4FU01,L381S,0.2721,benign,FREM1,381.0
A4FU01,L381T,0.2205,benign,FREM1,381.0
A4FU01,L381V,0.0823,benign,FREM1,381.0
A4FU01,L381W,0.1137,benign,FREM1,381.0
A4FU01,L381Y,0.1569,benign,FREM1,381.0
A4FU01,N382A,0.4355,ambiguous,FREM1,382.0
A4FU01,N382C,0.2065,benign,FREM1,382.0
A4FU01,N382D,0.6942,pathogenic,FREM1,382.0
A4FU01,N382E,0.9265,pathogenic,FREM1,382.0
A4FU01,N382F,0.9756,pathogenic,FREM1,382.0
A4FU01,N382G,0.3513,ambiguous,FREM1,382.0
A4FU01,N382H,0.5583,ambiguous,FREM1,382.0
A4FU01,N382I,0.8222,pathogenic,FREM1,382.0
A4FU01,N382K,0.9714,pathogenic,FREM1,382.0
A4FU01,N382L,0.6642,pathogenic,FREM1,382.0
A4FU01,N382M,0.8237,pathogenic,FREM1,382.0
A4FU01,N382P,0.8106,pathogenic,FREM1,382.0
A4FU01,N382Q,0.87,pathogenic,FREM1,382.0
A4FU01,N382R,0.9525,pathogenic,FREM1,382.0
A4FU01,N382S,0.1046,benign,FREM1,382.0
A4FU01,N382T,0.3446,ambiguous,FREM1,382.0
A4FU01,N382V,0.6756,pathogenic,FREM1,382.0
A4FU01,N382W,0.9896,pathogenic,FREM1,382.0
A4FU01,N382Y,0.8736,pathogenic,FREM1,382.0
A4FU01,G383A,0.0931,benign,FREM1,383.0
A4FU01,G383C,0.0953,benign,FREM1,383.0
A4FU01,G383D,0.8155,pathogenic,FREM1,383.0
A4FU01,G383E,0.7999,pathogenic,FREM1,383.0
A4FU01,G383F,0.85,pathogenic,FREM1,383.0
A4FU01,G383H,0.8297,pathogenic,FREM1,383.0
A4FU01,G383I,0.3288,benign,FREM1,383.0
A4FU01,G383K,0.9668,pathogenic,FREM1,383.0
A4FU01,G383L,0.4441,ambiguous,FREM1,383.0
A4FU01,G383M,0.6162,pathogenic,FREM1,383.0
A4FU01,G383N,0.5516,ambiguous,FREM1,383.0
A4FU01,G383P,0.7401,pathogenic,FREM1,383.0
A4FU01,G383Q,0.8251,pathogenic,FREM1,383.0
A4FU01,G383R,0.8964,pathogenic,FREM1,383.0
A4FU01,G383S,0.0984,benign,FREM1,383.0
A4FU01,G383T,0.182,benign,FREM1,383.0
A4FU01,G383V,0.1804,benign,FREM1,383.0
A4FU01,G383W,0.8386,pathogenic,FREM1,383.0
A4FU01,G383Y,0.809,pathogenic,FREM1,383.0
A4FU01,L384A,0.56,ambiguous,FREM1,384.0
A4FU01,L384C,0.6291,pathogenic,FREM1,384.0
A4FU01,L384D,0.9925,pathogenic,FREM1,384.0
A4FU01,L384E,0.9389,pathogenic,FREM1,384.0
A4FU01,L384F,0.3843,ambiguous,FREM1,384.0
A4FU01,L384G,0.874,pathogenic,FREM1,384.0
A4FU01,L384H,0.9034,pathogenic,FREM1,384.0
A4FU01,L384I,0.1217,benign,FREM1,384.0
A4FU01,L384K,0.9604,pathogenic,FREM1,384.0
A4FU01,L384M,0.2244,benign,FREM1,384.0
A4FU01,L384N,0.9471,pathogenic,FREM1,384.0
A4FU01,L384P,0.7548,pathogenic,FREM1,384.0
A4FU01,L384Q,0.7755,pathogenic,FREM1,384.0
A4FU01,L384R,0.9016,pathogenic,FREM1,384.0
A4FU01,L384S,0.8332,pathogenic,FREM1,384.0
A4FU01,L384T,0.6092,pathogenic,FREM1,384.0
A4FU01,L384V,0.0901,benign,FREM1,384.0
A4FU01,L384W,0.7989,pathogenic,FREM1,384.0
A4FU01,L384Y,0.888,pathogenic,FREM1,384.0
A4FU01,L385A,0.6741,pathogenic,FREM1,385.0
A4FU01,L385C,0.6694,pathogenic,FREM1,385.0
A4FU01,L385D,0.9943,pathogenic,FREM1,385.0
A4FU01,L385E,0.9703,pathogenic,FREM1,385.0
A4FU01,L385F,0.2926,benign,FREM1,385.0
A4FU01,L385G,0.9218,pathogenic,FREM1,385.0
A4FU01,L385H,0.9154,pathogenic,FREM1,385.0
A4FU01,L385I,0.1104,benign,FREM1,385.0
A4FU01,L385K,0.9817,pathogenic,FREM1,385.0
A4FU01,L385M,0.256,benign,FREM1,385.0
A4FU01,L385N,0.9592,pathogenic,FREM1,385.0
A4FU01,L385P,0.9278,pathogenic,FREM1,385.0
A4FU01,L385Q,0.886,pathogenic,FREM1,385.0
A4FU01,L385R,0.9501,pathogenic,FREM1,385.0
A4FU01,L385S,0.8783,pathogenic,FREM1,385.0
A4FU01,L385T,0.6667,pathogenic,FREM1,385.0
A4FU01,L385V,0.1008,benign,FREM1,385.0
A4FU01,L385W,0.7798,pathogenic,FREM1,385.0
A4FU01,L385Y,0.8322,pathogenic,FREM1,385.0
A4FU01,S386A,0.0738,benign,FREM1,386.0
A4FU01,S386C,0.1196,benign,FREM1,386.0
A4FU01,S386D,0.9717,pathogenic,FREM1,386.0
A4FU01,S386E,0.9817,pathogenic,FREM1,386.0
A4FU01,S386F,0.8515,pathogenic,FREM1,386.0
A4FU01,S386G,0.1719,benign,FREM1,386.0
A4FU01,S386H,0.9425,pathogenic,FREM1,386.0
A4FU01,S386I,0.76,pathogenic,FREM1,386.0
A4FU01,S386K,0.9974,pathogenic,FREM1,386.0
A4FU01,S386L,0.4488,ambiguous,FREM1,386.0
A4FU01,S386M,0.7292,pathogenic,FREM1,386.0
A4FU01,S386N,0.836,pathogenic,FREM1,386.0
A4FU01,S386P,0.8181,pathogenic,FREM1,386.0
A4FU01,S386Q,0.9656,pathogenic,FREM1,386.0
A4FU01,S386R,0.9912,pathogenic,FREM1,386.0
A4FU01,S386T,0.1877,benign,FREM1,386.0
A4FU01,S386V,0.5219,ambiguous,FREM1,386.0
A4FU01,S386W,0.9286,pathogenic,FREM1,386.0
A4FU01,S386Y,0.8925,pathogenic,FREM1,386.0
A4FU01,S387A,0.135,benign,FREM1,387.0
A4FU01,S387C,0.1018,benign,FREM1,387.0
A4FU01,S387D,0.9768,pathogenic,FREM1,387.0
A4FU01,S387E,0.9906,pathogenic,FREM1,387.0
A4FU01,S387F,0.9446,pathogenic,FREM1,387.0
A4FU01,S387G,0.1929,benign,FREM1,387.0
A4FU01,S387H,0.9704,pathogenic,FREM1,387.0
A4FU01,S387I,0.8533,pathogenic,FREM1,387.0
A4FU01,S387K,0.9989,pathogenic,FREM1,387.0
A4FU01,S387L,0.6558,pathogenic,FREM1,387.0
A4FU01,S387M,0.821,pathogenic,FREM1,387.0
A4FU01,S387N,0.8706,pathogenic,FREM1,387.0
A4FU01,S387P,0.8986,pathogenic,FREM1,387.0
A4FU01,S387Q,0.9832,pathogenic,FREM1,387.0
A4FU01,S387R,0.9956,pathogenic,FREM1,387.0
A4FU01,S387T,0.305,benign,FREM1,387.0
A4FU01,S387V,0.6537,pathogenic,FREM1,387.0
A4FU01,S387W,0.9823,pathogenic,FREM1,387.0
A4FU01,S387Y,0.9662,pathogenic,FREM1,387.0
A4FU01,L388A,0.6694,pathogenic,FREM1,388.0
A4FU01,L388C,0.8318,pathogenic,FREM1,388.0
A4FU01,L388D,0.9964,pathogenic,FREM1,388.0
A4FU01,L388E,0.9669,pathogenic,FREM1,388.0
A4FU01,L388F,0.5582,ambiguous,FREM1,388.0
A4FU01,L388G,0.9522,pathogenic,FREM1,388.0
A4FU01,L388H,0.9515,pathogenic,FREM1,388.0
A4FU01,L388I,0.1915,benign,FREM1,388.0
A4FU01,L388K,0.9756,pathogenic,FREM1,388.0
A4FU01,L388M,0.2236,benign,FREM1,388.0
A4FU01,L388N,0.9753,pathogenic,FREM1,388.0
A4FU01,L388P,0.9789,pathogenic,FREM1,388.0
A4FU01,L388Q,0.8802,pathogenic,FREM1,388.0
A4FU01,L388R,0.9428,pathogenic,FREM1,388.0
A4FU01,L388S,0.8905,pathogenic,FREM1,388.0
A4FU01,L388T,0.6183,pathogenic,FREM1,388.0
A4FU01,L388V,0.1543,benign,FREM1,388.0
A4FU01,L388W,0.8848,pathogenic,FREM1,388.0
A4FU01,L388Y,0.9467,pathogenic,FREM1,388.0
A4FU01,V389A,0.2103,benign,FREM1,389.0
A4FU01,V389C,0.757,pathogenic,FREM1,389.0
A4FU01,V389D,0.9675,pathogenic,FREM1,389.0
A4FU01,V389E,0.9296,pathogenic,FREM1,389.0
A4FU01,V389F,0.6968,pathogenic,FREM1,389.0
A4FU01,V389G,0.4157,ambiguous,FREM1,389.0
A4FU01,V389H,0.9674,pathogenic,FREM1,389.0
A4FU01,V389I,0.139,benign,FREM1,389.0
A4FU01,V389K,0.9759,pathogenic,FREM1,389.0
A4FU01,V389L,0.4579,ambiguous,FREM1,389.0
A4FU01,V389M,0.4929,ambiguous,FREM1,389.0
A4FU01,V389N,0.8788,pathogenic,FREM1,389.0
A4FU01,V389P,0.954,pathogenic,FREM1,389.0
A4FU01,V389Q,0.8963,pathogenic,FREM1,389.0
A4FU01,V389R,0.9441,pathogenic,FREM1,389.0
A4FU01,V389S,0.3552,ambiguous,FREM1,389.0
A4FU01,V389T,0.2583,benign,FREM1,389.0
A4FU01,V389W,0.9875,pathogenic,FREM1,389.0
A4FU01,V389Y,0.9647,pathogenic,FREM1,389.0
A4FU01,Q390A,0.5041,ambiguous,FREM1,390.0
A4FU01,Q390C,0.8468,pathogenic,FREM1,390.0
A4FU01,Q390D,0.9426,pathogenic,FREM1,390.0
A4FU01,Q390E,0.2465,benign,FREM1,390.0
A4FU01,Q390F,0.8924,pathogenic,FREM1,390.0
A4FU01,Q390G,0.6468,pathogenic,FREM1,390.0
A4FU01,Q390H,0.6862,pathogenic,FREM1,390.0
A4FU01,Q390I,0.6856,pathogenic,FREM1,390.0
A4FU01,Q390K,0.6367,pathogenic,FREM1,390.0
A4FU01,Q390L,0.2476,benign,FREM1,390.0
A4FU01,Q390M,0.5021,ambiguous,FREM1,390.0
A4FU01,Q390N,0.7802,pathogenic,FREM1,390.0
A4FU01,Q390P,0.6172,pathogenic,FREM1,390.0
A4FU01,Q390R,0.5534,ambiguous,FREM1,390.0
A4FU01,Q390S,0.5585,ambiguous,FREM1,390.0
A4FU01,Q390T,0.6046,pathogenic,FREM1,390.0
A4FU01,Q390V,0.5313,ambiguous,FREM1,390.0
A4FU01,Q390W,0.9243,pathogenic,FREM1,390.0
A4FU01,Q390Y,0.8711,pathogenic,FREM1,390.0
A4FU01,L391A,0.7456,pathogenic,FREM1,391.0
A4FU01,L391C,0.7301,pathogenic,FREM1,391.0
A4FU01,L391D,0.9951,pathogenic,FREM1,391.0
A4FU01,L391E,0.9697,pathogenic,FREM1,391.0
A4FU01,L391F,0.4621,ambiguous,FREM1,391.0
A4FU01,L391G,0.9325,pathogenic,FREM1,391.0
A4FU01,L391H,0.9411,pathogenic,FREM1,391.0
A4FU01,L391I,0.0957,benign,FREM1,391.0
A4FU01,L391K,0.9729,pathogenic,FREM1,391.0
A4FU01,L391M,0.2379,benign,FREM1,391.0
A4FU01,L391N,0.9638,pathogenic,FREM1,391.0
A4FU01,L391P,0.9691,pathogenic,FREM1,391.0
A4FU01,L391Q,0.9074,pathogenic,FREM1,391.0
A4FU01,L391R,0.9441,pathogenic,FREM1,391.0
A4FU01,L391S,0.9196,pathogenic,FREM1,391.0
A4FU01,L391T,0.7392,pathogenic,FREM1,391.0
A4FU01,L391V,0.0953,benign,FREM1,391.0
A4FU01,L391W,0.8382,pathogenic,FREM1,391.0
A4FU01,L391Y,0.8963,pathogenic,FREM1,391.0
A4FU01,L392A,0.5809,pathogenic,FREM1,392.0
A4FU01,L392C,0.6536,pathogenic,FREM1,392.0
A4FU01,L392D,0.981,pathogenic,FREM1,392.0
A4FU01,L392E,0.8744,pathogenic,FREM1,392.0
A4FU01,L392F,0.3426,ambiguous,FREM1,392.0
A4FU01,L392G,0.8626,pathogenic,FREM1,392.0
A4FU01,L392H,0.7398,pathogenic,FREM1,392.0
A4FU01,L392I,0.1506,benign,FREM1,392.0
A4FU01,L392K,0.9032,pathogenic,FREM1,392.0
A4FU01,L392M,0.1663,benign,FREM1,392.0
A4FU01,L392N,0.8658,pathogenic,FREM1,392.0
A4FU01,L392P,0.9458,pathogenic,FREM1,392.0
A4FU01,L392Q,0.5008,ambiguous,FREM1,392.0
A4FU01,L392R,0.7939,pathogenic,FREM1,392.0
A4FU01,L392S,0.7035,pathogenic,FREM1,392.0
A4FU01,L392T,0.5927,pathogenic,FREM1,392.0
A4FU01,L392V,0.1878,benign,FREM1,392.0
A4FU01,L392W,0.7555,pathogenic,FREM1,392.0
A4FU01,L392Y,0.8244,pathogenic,FREM1,392.0
A4FU01,S393A,0.062,benign,FREM1,393.0
A4FU01,S393C,0.0675,benign,FREM1,393.0
A4FU01,S393D,0.704,pathogenic,FREM1,393.0
A4FU01,S393E,0.655,pathogenic,FREM1,393.0
A4FU01,S393F,0.2521,benign,FREM1,393.0
A4FU01,S393G,0.0952,benign,FREM1,393.0
A4FU01,S393H,0.5364,ambiguous,FREM1,393.0
A4FU01,S393I,0.1676,benign,FREM1,393.0
A4FU01,S393K,0.8588,pathogenic,FREM1,393.0
A4FU01,S393L,0.0612,benign,FREM1,393.0
A4FU01,S393M,0.1441,benign,FREM1,393.0
A4FU01,S393N,0.3527,ambiguous,FREM1,393.0
A4FU01,S393P,0.6836,pathogenic,FREM1,393.0
A4FU01,S393Q,0.5979,pathogenic,FREM1,393.0
A4FU01,S393R,0.808,pathogenic,FREM1,393.0
A4FU01,S393T,0.0847,benign,FREM1,393.0
A4FU01,S393V,0.1127,benign,FREM1,393.0
A4FU01,S393W,0.359,ambiguous,FREM1,393.0
A4FU01,S393Y,0.3144,benign,FREM1,393.0
A4FU01,A394C,0.1925,benign,FREM1,394.0
A4FU01,A394D,0.085,benign,FREM1,394.0
A4FU01,A394E,0.1473,benign,FREM1,394.0
A4FU01,A394F,0.2326,benign,FREM1,394.0
A4FU01,A394G,0.1377,benign,FREM1,394.0
A4FU01,A394H,0.2096,benign,FREM1,394.0
A4FU01,A394I,0.2509,benign,FREM1,394.0
A4FU01,A394K,0.3557,ambiguous,FREM1,394.0
A4FU01,A394L,0.1705,benign,FREM1,394.0
A4FU01,A394M,0.2002,benign,FREM1,394.0
A4FU01,A394N,0.1354,benign,FREM1,394.0
A4FU01,A394P,0.6552,pathogenic,FREM1,394.0
A4FU01,A394Q,0.1912,benign,FREM1,394.0
A4FU01,A394R,0.2615,benign,FREM1,394.0
A4FU01,A394S,0.0654,benign,FREM1,394.0
A4FU01,A394T,0.096,benign,FREM1,394.0
A4FU01,A394V,0.1168,benign,FREM1,394.0
A4FU01,A394W,0.4426,ambiguous,FREM1,394.0
A4FU01,A394Y,0.2396,benign,FREM1,394.0
A4FU01,P395A,0.0935,benign,FREM1,395.0
A4FU01,P395C,0.3672,ambiguous,FREM1,395.0
A4FU01,P395D,0.3718,ambiguous,FREM1,395.0
A4FU01,P395E,0.211,benign,FREM1,395.0
A4FU01,P395F,0.5491,ambiguous,FREM1,395.0
A4FU01,P395G,0.2129,benign,FREM1,395.0
A4FU01,P395H,0.1703,benign,FREM1,395.0
A4FU01,P395I,0.4187,ambiguous,FREM1,395.0
A4FU01,P395K,0.1747,benign,FREM1,395.0
A4FU01,P395L,0.1888,benign,FREM1,395.0
A4FU01,P395M,0.4018,ambiguous,FREM1,395.0
A4FU01,P395N,0.3332,benign,FREM1,395.0
A4FU01,P395Q,0.1337,benign,FREM1,395.0
A4FU01,P395R,0.097,benign,FREM1,395.0
A4FU01,P395S,0.1218,benign,FREM1,395.0
A4FU01,P395T,0.12,benign,FREM1,395.0
A4FU01,P395V,0.2394,benign,FREM1,395.0
A4FU01,P395W,0.4633,ambiguous,FREM1,395.0
A4FU01,P395Y,0.4251,ambiguous,FREM1,395.0
A4FU01,E396A,0.0968,benign,FREM1,396.0
A4FU01,E396C,0.5419,ambiguous,FREM1,396.0
A4FU01,E396D,0.107,benign,FREM1,396.0
A4FU01,E396F,0.5152,ambiguous,FREM1,396.0
A4FU01,E396G,0.0924,benign,FREM1,396.0
A4FU01,E396H,0.1843,benign,FREM1,396.0
A4FU01,E396I,0.331,benign,FREM1,396.0
A4FU01,E396K,0.0979,benign,FREM1,396.0
A4FU01,E396L,0.2609,benign,FREM1,396.0
A4FU01,E396M,0.3599,ambiguous,FREM1,396.0
A4FU01,E396N,0.2021,benign,FREM1,396.0
A4FU01,E396P,0.2904,benign,FREM1,396.0
A4FU01,E396Q,0.0941,benign,FREM1,396.0
A4FU01,E396R,0.1247,benign,FREM1,396.0
A4FU01,E396S,0.1243,benign,FREM1,396.0
A4FU01,E396T,0.1662,benign,FREM1,396.0
A4FU01,E396V,0.1756,benign,FREM1,396.0
A4FU01,E396W,0.5585,ambiguous,FREM1,396.0
A4FU01,E396Y,0.3655,ambiguous,FREM1,396.0
A4FU01,A397C,0.3044,benign,FREM1,397.0
A4FU01,A397D,0.3304,benign,FREM1,397.0
A4FU01,A397E,0.3291,benign,FREM1,397.0
A4FU01,A397F,0.3009,benign,FREM1,397.0
A4FU01,A397G,0.1139,benign,FREM1,397.0
A4FU01,A397H,0.4831,ambiguous,FREM1,397.0
A4FU01,A397I,0.3248,benign,FREM1,397.0
A4FU01,A397K,0.6297,pathogenic,FREM1,397.0
A4FU01,A397L,0.2564,benign,FREM1,397.0
A4FU01,A397M,0.2577,benign,FREM1,397.0
A4FU01,A397N,0.2884,benign,FREM1,397.0
A4FU01,A397P,0.4382,ambiguous,FREM1,397.0
A4FU01,A397Q,0.4148,ambiguous,FREM1,397.0
A4FU01,A397R,0.5466,ambiguous,FREM1,397.0
A4FU01,A397S,0.0895,benign,FREM1,397.0
A4FU01,A397T,0.1111,benign,FREM1,397.0
A4FU01,A397V,0.1331,benign,FREM1,397.0
A4FU01,A397W,0.6237,pathogenic,FREM1,397.0
A4FU01,A397Y,0.3883,ambiguous,FREM1,397.0
A4FU01,R398A,0.9423,pathogenic,FREM1,398.0
A4FU01,R398C,0.5464,ambiguous,FREM1,398.0
A4FU01,R398D,0.9943,pathogenic,FREM1,398.0
A4FU01,R398E,0.9395,pathogenic,FREM1,398.0
A4FU01,R398F,0.9899,pathogenic,FREM1,398.0
A4FU01,R398G,0.8766,pathogenic,FREM1,398.0
A4FU01,R398H,0.6689,pathogenic,FREM1,398.0
A4FU01,R398I,0.9732,pathogenic,FREM1,398.0
A4FU01,R398K,0.5615,ambiguous,FREM1,398.0
A4FU01,R398L,0.8931,pathogenic,FREM1,398.0
A4FU01,R398M,0.9654,pathogenic,FREM1,398.0
A4FU01,R398N,0.986,pathogenic,FREM1,398.0
A4FU01,R398P,0.9663,pathogenic,FREM1,398.0
A4FU01,R398Q,0.4728,ambiguous,FREM1,398.0
A4FU01,R398S,0.9758,pathogenic,FREM1,398.0
A4FU01,R398T,0.963,pathogenic,FREM1,398.0
A4FU01,R398V,0.9572,pathogenic,FREM1,398.0
A4FU01,R398W,0.8546,pathogenic,FREM1,398.0
A4FU01,R398Y,0.9665,pathogenic,FREM1,398.0
A4FU01,T399A,0.402,ambiguous,FREM1,399.0
A4FU01,T399C,0.5708,pathogenic,FREM1,399.0
A4FU01,T399D,0.5527,ambiguous,FREM1,399.0
A4FU01,T399E,0.6584,pathogenic,FREM1,399.0
A4FU01,T399F,0.7069,pathogenic,FREM1,399.0
A4FU01,T399G,0.3708,ambiguous,FREM1,399.0
A4FU01,T399H,0.3448,ambiguous,FREM1,399.0
A4FU01,T399I,0.8195,pathogenic,FREM1,399.0
A4FU01,T399K,0.4236,ambiguous,FREM1,399.0
A4FU01,T399L,0.4373,ambiguous,FREM1,399.0
A4FU01,T399M,0.3101,benign,FREM1,399.0
A4FU01,T399N,0.1931,benign,FREM1,399.0
A4FU01,T399P,0.6046,pathogenic,FREM1,399.0
A4FU01,T399Q,0.446,ambiguous,FREM1,399.0
A4FU01,T399R,0.3572,ambiguous,FREM1,399.0
A4FU01,T399S,0.1269,benign,FREM1,399.0
A4FU01,T399V,0.6754,pathogenic,FREM1,399.0
A4FU01,T399W,0.8322,pathogenic,FREM1,399.0
A4FU01,T399Y,0.6119,pathogenic,FREM1,399.0
A4FU01,L400A,0.2241,benign,FREM1,400.0
A4FU01,L400C,0.3982,ambiguous,FREM1,400.0
A4FU01,L400D,0.6885,pathogenic,FREM1,400.0
A4FU01,L400E,0.3255,benign,FREM1,400.0
A4FU01,L400F,0.1538,benign,FREM1,400.0
A4FU01,L400G,0.4538,ambiguous,FREM1,400.0
A4FU01,L400H,0.2313,benign,FREM1,400.0
A4FU01,L400I,0.0778,benign,FREM1,400.0
A4FU01,L400K,0.2236,benign,FREM1,400.0
A4FU01,L400M,0.1339,benign,FREM1,400.0
A4FU01,L400N,0.402,ambiguous,FREM1,400.0
A4FU01,L400P,0.2075,benign,FREM1,400.0
A4FU01,L400Q,0.141,benign,FREM1,400.0
A4FU01,L400R,0.1198,benign,FREM1,400.0
A4FU01,L400S,0.2752,benign,FREM1,400.0
A4FU01,L400T,0.2054,benign,FREM1,400.0
A4FU01,L400V,0.0799,benign,FREM1,400.0
A4FU01,L400W,0.2254,benign,FREM1,400.0
A4FU01,L400Y,0.342,ambiguous,FREM1,400.0
A4FU01,F401A,0.0627,benign,FREM1,401.0
A4FU01,F401C,0.0839,benign,FREM1,401.0
A4FU01,F401D,0.1264,benign,FREM1,401.0
A4FU01,F401E,0.139,benign,FREM1,401.0
A4FU01,F401G,0.1309,benign,FREM1,401.0
A4FU01,F401H,0.0876,benign,FREM1,401.0
A4FU01,F401I,0.0686,benign,FREM1,401.0
A4FU01,F401K,0.137,benign,FREM1,401.0
A4FU01,F401L,0.1423,benign,FREM1,401.0
A4FU01,F401M,0.1466,benign,FREM1,401.0
A4FU01,F401N,0.1198,benign,FREM1,401.0
A4FU01,F401P,0.1097,benign,FREM1,401.0
A4FU01,F401Q,0.104,benign,FREM1,401.0
A4FU01,F401R,0.0758,benign,FREM1,401.0
A4FU01,F401S,0.0594,benign,FREM1,401.0
A4FU01,F401T,0.0739,benign,FREM1,401.0
A4FU01,F401V,0.0623,benign,FREM1,401.0
A4FU01,F401W,0.0902,benign,FREM1,401.0
A4FU01,F401Y,0.0735,benign,FREM1,401.0
A4FU01,G402A,0.4008,ambiguous,FREM1,402.0
A4FU01,G402C,0.599,pathogenic,FREM1,402.0
A4FU01,G402D,0.8366,pathogenic,FREM1,402.0
A4FU01,G402E,0.8565,pathogenic,FREM1,402.0
A4FU01,G402F,0.9256,pathogenic,FREM1,402.0
A4FU01,G402H,0.821,pathogenic,FREM1,402.0
A4FU01,G402I,0.8888,pathogenic,FREM1,402.0
A4FU01,G402K,0.9387,pathogenic,FREM1,402.0
A4FU01,G402L,0.8514,pathogenic,FREM1,402.0
A4FU01,G402M,0.9398,pathogenic,FREM1,402.0
A4FU01,G402N,0.8544,pathogenic,FREM1,402.0
A4FU01,G402P,0.9576,pathogenic,FREM1,402.0
A4FU01,G402Q,0.8292,pathogenic,FREM1,402.0
A4FU01,G402R,0.8205,pathogenic,FREM1,402.0
A4FU01,G402S,0.3201,benign,FREM1,402.0
A4FU01,G402T,0.6805,pathogenic,FREM1,402.0
A4FU01,G402V,0.8036,pathogenic,FREM1,402.0
A4FU01,G402W,0.7884,pathogenic,FREM1,402.0
A4FU01,G402Y,0.8621,pathogenic,FREM1,402.0
A4FU01,F403A,0.9261,pathogenic,FREM1,403.0
A4FU01,F403C,0.649,pathogenic,FREM1,403.0
A4FU01,F403D,0.9979,pathogenic,FREM1,403.0
A4FU01,F403E,0.9967,pathogenic,FREM1,403.0
A4FU01,F403G,0.9744,pathogenic,FREM1,403.0
A4FU01,F403H,0.9783,pathogenic,FREM1,403.0
A4FU01,F403I,0.3165,benign,FREM1,403.0
A4FU01,F403K,0.9955,pathogenic,FREM1,403.0
A4FU01,F403L,0.7036,pathogenic,FREM1,403.0
A4FU01,F403M,0.5938,pathogenic,FREM1,403.0
A4FU01,F403N,0.9904,pathogenic,FREM1,403.0
A4FU01,F403P,0.9961,pathogenic,FREM1,403.0
A4FU01,F403Q,0.9904,pathogenic,FREM1,403.0
A4FU01,F403R,0.9868,pathogenic,FREM1,403.0
A4FU01,F403S,0.9636,pathogenic,FREM1,403.0
A4FU01,F403T,0.9448,pathogenic,FREM1,403.0
A4FU01,F403V,0.378,ambiguous,FREM1,403.0
A4FU01,F403W,0.7597,pathogenic,FREM1,403.0
A4FU01,F403Y,0.6405,pathogenic,FREM1,403.0
A4FU01,Q404A,0.6109,pathogenic,FREM1,404.0
A4FU01,Q404C,0.8518,pathogenic,FREM1,404.0
A4FU01,Q404D,0.9781,pathogenic,FREM1,404.0
A4FU01,Q404E,0.1804,benign,FREM1,404.0
A4FU01,Q404F,0.9693,pathogenic,FREM1,404.0
A4FU01,Q404G,0.7357,pathogenic,FREM1,404.0
A4FU01,Q404H,0.7941,pathogenic,FREM1,404.0
A4FU01,Q404I,0.8903,pathogenic,FREM1,404.0
A4FU01,Q404K,0.4281,ambiguous,FREM1,404.0
A4FU01,Q404L,0.5759,pathogenic,FREM1,404.0
A4FU01,Q404M,0.7793,pathogenic,FREM1,404.0
A4FU01,Q404N,0.9194,pathogenic,FREM1,404.0
A4FU01,Q404P,0.8519,pathogenic,FREM1,404.0
A4FU01,Q404R,0.3169,benign,FREM1,404.0
A4FU01,Q404S,0.7052,pathogenic,FREM1,404.0
A4FU01,Q404T,0.7414,pathogenic,FREM1,404.0
A4FU01,Q404V,0.7858,pathogenic,FREM1,404.0
A4FU01,Q404W,0.9465,pathogenic,FREM1,404.0
A4FU01,Q404Y,0.9388,pathogenic,FREM1,404.0
A4FU01,S405A,0.0863,benign,FREM1,405.0
A4FU01,S405C,0.0779,benign,FREM1,405.0
A4FU01,S405D,0.3352,benign,FREM1,405.0
A4FU01,S405E,0.3841,ambiguous,FREM1,405.0
A4FU01,S405F,0.167,benign,FREM1,405.0
A4FU01,S405G,0.0927,benign,FREM1,405.0
A4FU01,S405H,0.2128,benign,FREM1,405.0
A4FU01,S405I,0.1846,benign,FREM1,405.0
A4FU01,S405K,0.4585,ambiguous,FREM1,405.0
A4FU01,S405L,0.1008,benign,FREM1,405.0
A4FU01,S405M,0.1529,benign,FREM1,405.0
A4FU01,S405N,0.126,benign,FREM1,405.0
A4FU01,S405P,0.7834,pathogenic,FREM1,405.0
A4FU01,S405Q,0.3238,benign,FREM1,405.0
A4FU01,S405R,0.3672,ambiguous,FREM1,405.0
A4FU01,S405T,0.0764,benign,FREM1,405.0
A4FU01,S405V,0.1724,benign,FREM1,405.0
A4FU01,S405W,0.2164,benign,FREM1,405.0
A4FU01,S405Y,0.1379,benign,FREM1,405.0
A4FU01,L406A,0.4342,ambiguous,FREM1,406.0
A4FU01,L406C,0.6833,pathogenic,FREM1,406.0
A4FU01,L406D,0.9774,pathogenic,FREM1,406.0
A4FU01,L406E,0.8628,pathogenic,FREM1,406.0
A4FU01,L406F,0.4641,ambiguous,FREM1,406.0
A4FU01,L406G,0.8563,pathogenic,FREM1,406.0
A4FU01,L406H,0.7728,pathogenic,FREM1,406.0
A4FU01,L406I,0.0961,benign,FREM1,406.0
A4FU01,L406K,0.8664,pathogenic,FREM1,406.0
A4FU01,L406M,0.1808,benign,FREM1,406.0
A4FU01,L406N,0.8607,pathogenic,FREM1,406.0
A4FU01,L406P,0.9241,pathogenic,FREM1,406.0
A4FU01,L406Q,0.6352,pathogenic,FREM1,406.0
A4FU01,L406R,0.7121,pathogenic,FREM1,406.0
A4FU01,L406S,0.716,pathogenic,FREM1,406.0
A4FU01,L406T,0.3757,ambiguous,FREM1,406.0
A4FU01,L406V,0.0926,benign,FREM1,406.0
A4FU01,L406W,0.7435,pathogenic,FREM1,406.0
A4FU01,L406Y,0.841,pathogenic,FREM1,406.0
A4FU01,V407A,0.6572,pathogenic,FREM1,407.0
A4FU01,V407C,0.8936,pathogenic,FREM1,407.0
A4FU01,V407D,0.9934,pathogenic,FREM1,407.0
A4FU01,V407E,0.9653,pathogenic,FREM1,407.0
A4FU01,V407F,0.599,pathogenic,FREM1,407.0
A4FU01,V407G,0.8274,pathogenic,FREM1,407.0
A4FU01,V407H,0.9851,pathogenic,FREM1,407.0
A4FU01,V407I,0.0782,benign,FREM1,407.0
A4FU01,V407K,0.9746,pathogenic,FREM1,407.0
A4FU01,V407L,0.2088,benign,FREM1,407.0
A4FU01,V407M,0.3748,ambiguous,FREM1,407.0
A4FU01,V407N,0.9746,pathogenic,FREM1,407.0
A4FU01,V407P,0.9586,pathogenic,FREM1,407.0
A4FU01,V407Q,0.9445,pathogenic,FREM1,407.0
A4FU01,V407R,0.9578,pathogenic,FREM1,407.0
A4FU01,V407S,0.8799,pathogenic,FREM1,407.0
A4FU01,V407T,0.7386,pathogenic,FREM1,407.0
A4FU01,V407W,0.9739,pathogenic,FREM1,407.0
A4FU01,V407Y,0.9621,pathogenic,FREM1,407.0
A4FU01,Q408A,0.6958,pathogenic,FREM1,408.0
A4FU01,Q408C,0.9651,pathogenic,FREM1,408.0
A4FU01,Q408D,0.9613,pathogenic,FREM1,408.0
A4FU01,Q408E,0.2056,benign,FREM1,408.0
A4FU01,Q408F,0.9813,pathogenic,FREM1,408.0
A4FU01,Q408G,0.7518,pathogenic,FREM1,408.0
A4FU01,Q408H,0.9135,pathogenic,FREM1,408.0
A4FU01,Q408I,0.9185,pathogenic,FREM1,408.0
A4FU01,Q408K,0.7168,pathogenic,FREM1,408.0
A4FU01,Q408L,0.6563,pathogenic,FREM1,408.0
A4FU01,Q408M,0.7963,pathogenic,FREM1,408.0
A4FU01,Q408N,0.8914,pathogenic,FREM1,408.0
A4FU01,Q408P,0.9255,pathogenic,FREM1,408.0
A4FU01,Q408R,0.6799,pathogenic,FREM1,408.0
A4FU01,Q408S,0.7486,pathogenic,FREM1,408.0
A4FU01,Q408T,0.838,pathogenic,FREM1,408.0
A4FU01,Q408V,0.8387,pathogenic,FREM1,408.0
A4FU01,Q408W,0.9823,pathogenic,FREM1,408.0
A4FU01,Q408Y,0.9759,pathogenic,FREM1,408.0
A4FU01,R409A,0.6963,pathogenic,FREM1,409.0
A4FU01,R409C,0.3459,ambiguous,FREM1,409.0
A4FU01,R409D,0.9156,pathogenic,FREM1,409.0
A4FU01,R409E,0.5619,ambiguous,FREM1,409.0
A4FU01,R409F,0.8789,pathogenic,FREM1,409.0
A4FU01,R409G,0.5118,ambiguous,FREM1,409.0
A4FU01,R409H,0.2195,benign,FREM1,409.0
A4FU01,R409I,0.7388,pathogenic,FREM1,409.0
A4FU01,R409K,0.1389,benign,FREM1,409.0
A4FU01,R409L,0.5119,ambiguous,FREM1,409.0
A4FU01,R409M,0.6071,pathogenic,FREM1,409.0
A4FU01,R409N,0.8514,pathogenic,FREM1,409.0
A4FU01,R409P,0.9777,pathogenic,FREM1,409.0
A4FU01,R409Q,0.1396,benign,FREM1,409.0
A4FU01,R409S,0.7956,pathogenic,FREM1,409.0
A4FU01,R409T,0.5698,pathogenic,FREM1,409.0
A4FU01,R409V,0.7377,pathogenic,FREM1,409.0
A4FU01,R409W,0.3424,ambiguous,FREM1,409.0
A4FU01,R409Y,0.7139,pathogenic,FREM1,409.0
A4FU01,E410A,0.9236,pathogenic,FREM1,410.0
A4FU01,E410C,0.9822,pathogenic,FREM1,410.0
A4FU01,E410D,0.6191,pathogenic,FREM1,410.0
A4FU01,E410F,0.9933,pathogenic,FREM1,410.0
A4FU01,E410G,0.8653,pathogenic,FREM1,410.0
A4FU01,E410H,0.9631,pathogenic,FREM1,410.0
A4FU01,E410I,0.9874,pathogenic,FREM1,410.0
A4FU01,E410K,0.9418,pathogenic,FREM1,410.0
A4FU01,E410L,0.9786,pathogenic,FREM1,410.0
A4FU01,E410M,0.984,pathogenic,FREM1,410.0
A4FU01,E410N,0.9161,pathogenic,FREM1,410.0
A4FU01,E410P,0.9973,pathogenic,FREM1,410.0
A4FU01,E410Q,0.7795,pathogenic,FREM1,410.0
A4FU01,E410R,0.9424,pathogenic,FREM1,410.0
A4FU01,E410S,0.9032,pathogenic,FREM1,410.0
A4FU01,E410T,0.9583,pathogenic,FREM1,410.0
A4FU01,E410V,0.9593,pathogenic,FREM1,410.0
A4FU01,E410W,0.9963,pathogenic,FREM1,410.0
A4FU01,E410Y,0.9832,pathogenic,FREM1,410.0
A4FU01,W411A,0.977,pathogenic,FREM1,411.0
A4FU01,W411C,0.9893,pathogenic,FREM1,411.0
A4FU01,W411D,0.9978,pathogenic,FREM1,411.0
A4FU01,W411E,0.9965,pathogenic,FREM1,411.0
A4FU01,W411F,0.4971,ambiguous,FREM1,411.0
A4FU01,W411G,0.9432,pathogenic,FREM1,411.0
A4FU01,W411H,0.9879,pathogenic,FREM1,411.0
A4FU01,W411I,0.9676,pathogenic,FREM1,411.0
A4FU01,W411K,0.9987,pathogenic,FREM1,411.0
A4FU01,W411L,0.9009,pathogenic,FREM1,411.0
A4FU01,W411M,0.9611,pathogenic,FREM1,411.0
A4FU01,W411N,0.9964,pathogenic,FREM1,411.0
A4FU01,W411P,0.9991,pathogenic,FREM1,411.0
A4FU01,W411Q,0.9976,pathogenic,FREM1,411.0
A4FU01,W411R,0.9971,pathogenic,FREM1,411.0
A4FU01,W411S,0.9787,pathogenic,FREM1,411.0
A4FU01,W411T,0.9807,pathogenic,FREM1,411.0
A4FU01,W411V,0.9598,pathogenic,FREM1,411.0
A4FU01,W411Y,0.8252,pathogenic,FREM1,411.0
A4FU01,V412A,0.392,ambiguous,FREM1,412.0
A4FU01,V412C,0.9083,pathogenic,FREM1,412.0
A4FU01,V412D,0.9408,pathogenic,FREM1,412.0
A4FU01,V412E,0.8071,pathogenic,FREM1,412.0
A4FU01,V412F,0.6754,pathogenic,FREM1,412.0
A4FU01,V412G,0.5848,pathogenic,FREM1,412.0
A4FU01,V412H,0.9549,pathogenic,FREM1,412.0
A4FU01,V412I,0.1174,benign,FREM1,412.0
A4FU01,V412K,0.8986,pathogenic,FREM1,412.0
A4FU01,V412L,0.4731,ambiguous,FREM1,412.0
A4FU01,V412M,0.4329,ambiguous,FREM1,412.0
A4FU01,V412N,0.8411,pathogenic,FREM1,412.0
A4FU01,V412P,0.9599,pathogenic,FREM1,412.0
A4FU01,V412Q,0.8449,pathogenic,FREM1,412.0
A4FU01,V412R,0.8539,pathogenic,FREM1,412.0
A4FU01,V412S,0.6685,pathogenic,FREM1,412.0
A4FU01,V412T,0.4392,ambiguous,FREM1,412.0
A4FU01,V412W,0.9745,pathogenic,FREM1,412.0
A4FU01,V412Y,0.9317,pathogenic,FREM1,412.0
A4FU01,A413C,0.4229,ambiguous,FREM1,413.0
A4FU01,A413D,0.6841,pathogenic,FREM1,413.0
A4FU01,A413E,0.5191,ambiguous,FREM1,413.0
A4FU01,A413F,0.5054,ambiguous,FREM1,413.0
A4FU01,A413G,0.2141,benign,FREM1,413.0
A4FU01,A413H,0.7674,pathogenic,FREM1,413.0
A4FU01,A413I,0.2626,benign,FREM1,413.0
A4FU01,A413K,0.8383,pathogenic,FREM1,413.0
A4FU01,A413L,0.2334,benign,FREM1,413.0
A4FU01,A413M,0.2385,benign,FREM1,413.0
A4FU01,A413N,0.5103,ambiguous,FREM1,413.0
A4FU01,A413P,0.8869,pathogenic,FREM1,413.0
A4FU01,A413Q,0.5783,pathogenic,FREM1,413.0
A4FU01,A413R,0.7352,pathogenic,FREM1,413.0
A4FU01,A413S,0.1136,benign,FREM1,413.0
A4FU01,A413T,0.1304,benign,FREM1,413.0
A4FU01,A413V,0.11,benign,FREM1,413.0
A4FU01,A413W,0.8559,pathogenic,FREM1,413.0
A4FU01,A413Y,0.7233,pathogenic,FREM1,413.0
A4FU01,A414C,0.4161,ambiguous,FREM1,414.0
A4FU01,A414D,0.6993,pathogenic,FREM1,414.0
A4FU01,A414E,0.6522,pathogenic,FREM1,414.0
A4FU01,A414F,0.5543,ambiguous,FREM1,414.0
A4FU01,A414G,0.1165,benign,FREM1,414.0
A4FU01,A414H,0.7956,pathogenic,FREM1,414.0
A4FU01,A414I,0.6314,pathogenic,FREM1,414.0
A4FU01,A414K,0.9036,pathogenic,FREM1,414.0
A4FU01,A414L,0.3416,ambiguous,FREM1,414.0
A4FU01,A414M,0.3823,ambiguous,FREM1,414.0
A4FU01,A414N,0.5601,ambiguous,FREM1,414.0
A4FU01,A414P,0.8701,pathogenic,FREM1,414.0
A4FU01,A414Q,0.6543,pathogenic,FREM1,414.0
A4FU01,A414R,0.7973,pathogenic,FREM1,414.0
A4FU01,A414S,0.1049,benign,FREM1,414.0
A4FU01,A414T,0.1865,benign,FREM1,414.0
A4FU01,A414V,0.2784,benign,FREM1,414.0
A4FU01,A414W,0.8693,pathogenic,FREM1,414.0
A4FU01,A414Y,0.7591,pathogenic,FREM1,414.0
A4FU01,G415A,0.44,ambiguous,FREM1,415.0
A4FU01,G415C,0.5844,pathogenic,FREM1,415.0
A4FU01,G415D,0.9327,pathogenic,FREM1,415.0
A4FU01,G415E,0.8609,pathogenic,FREM1,415.0
A4FU01,G415F,0.9859,pathogenic,FREM1,415.0
A4FU01,G415H,0.9669,pathogenic,FREM1,415.0
A4FU01,G415I,0.9693,pathogenic,FREM1,415.0
A4FU01,G415K,0.9735,pathogenic,FREM1,415.0
A4FU01,G415L,0.9595,pathogenic,FREM1,415.0
A4FU01,G415M,0.9713,pathogenic,FREM1,415.0
A4FU01,G415N,0.9179,pathogenic,FREM1,415.0
A4FU01,G415P,0.9889,pathogenic,FREM1,415.0
A4FU01,G415Q,0.8856,pathogenic,FREM1,415.0
A4FU01,G415R,0.8839,pathogenic,FREM1,415.0
A4FU01,G415S,0.3553,ambiguous,FREM1,415.0
A4FU01,G415T,0.8195,pathogenic,FREM1,415.0
A4FU01,G415V,0.9041,pathogenic,FREM1,415.0
A4FU01,G415W,0.9633,pathogenic,FREM1,415.0
A4FU01,G415Y,0.9739,pathogenic,FREM1,415.0
A4FU01,H416A,0.9712,pathogenic,FREM1,416.0
A4FU01,H416C,0.6286,pathogenic,FREM1,416.0
A4FU01,H416D,0.9778,pathogenic,FREM1,416.0
A4FU01,H416E,0.9769,pathogenic,FREM1,416.0
A4FU01,H416F,0.612,pathogenic,FREM1,416.0
A4FU01,H416G,0.9804,pathogenic,FREM1,416.0
A4FU01,H416I,0.9285,pathogenic,FREM1,416.0
A4FU01,H416K,0.9819,pathogenic,FREM1,416.0
A4FU01,H416L,0.7215,pathogenic,FREM1,416.0
A4FU01,H416M,0.9326,pathogenic,FREM1,416.0
A4FU01,H416N,0.8138,pathogenic,FREM1,416.0
A4FU01,H416P,0.7851,pathogenic,FREM1,416.0
A4FU01,H416Q,0.939,pathogenic,FREM1,416.0
A4FU01,H416R,0.9441,pathogenic,FREM1,416.0
A4FU01,H416S,0.9134,pathogenic,FREM1,416.0
A4FU01,H416T,0.9727,pathogenic,FREM1,416.0
A4FU01,H416V,0.933,pathogenic,FREM1,416.0
A4FU01,H416W,0.7595,pathogenic,FREM1,416.0
A4FU01,H416Y,0.3152,benign,FREM1,416.0
A4FU01,P417A,0.1365,benign,FREM1,417.0
A4FU01,P417C,0.4369,ambiguous,FREM1,417.0
A4FU01,P417D,0.7214,pathogenic,FREM1,417.0
A4FU01,P417E,0.5204,ambiguous,FREM1,417.0
A4FU01,P417F,0.8118,pathogenic,FREM1,417.0
A4FU01,P417G,0.4743,ambiguous,FREM1,417.0
A4FU01,P417H,0.3845,ambiguous,FREM1,417.0
A4FU01,P417I,0.7017,pathogenic,FREM1,417.0
A4FU01,P417K,0.6353,pathogenic,FREM1,417.0
A4FU01,P417L,0.3142,benign,FREM1,417.0
A4FU01,P417M,0.6575,pathogenic,FREM1,417.0
A4FU01,P417N,0.6127,pathogenic,FREM1,417.0
A4FU01,P417Q,0.2938,benign,FREM1,417.0
A4FU01,P417R,0.2487,benign,FREM1,417.0
A4FU01,P417S,0.2241,benign,FREM1,417.0
A4FU01,P417T,0.3043,benign,FREM1,417.0
A4FU01,P417V,0.4638,ambiguous,FREM1,417.0
A4FU01,P417W,0.7922,pathogenic,FREM1,417.0
A4FU01,P417Y,0.7142,pathogenic,FREM1,417.0
A4FU01,F418A,0.9832,pathogenic,FREM1,418.0
A4FU01,F418C,0.9539,pathogenic,FREM1,418.0
A4FU01,F418D,0.9978,pathogenic,FREM1,418.0
A4FU01,F418E,0.9978,pathogenic,FREM1,418.0
A4FU01,F418G,0.9925,pathogenic,FREM1,418.0
A4FU01,F418H,0.9774,pathogenic,FREM1,418.0
A4FU01,F418I,0.9089,pathogenic,FREM1,418.0
A4FU01,F418K,0.9979,pathogenic,FREM1,418.0
A4FU01,F418L,0.9784,pathogenic,FREM1,418.0
A4FU01,F418M,0.9579,pathogenic,FREM1,418.0
A4FU01,F418N,0.9936,pathogenic,FREM1,418.0
A4FU01,F418P,0.9943,pathogenic,FREM1,418.0
A4FU01,F418Q,0.9949,pathogenic,FREM1,418.0
A4FU01,F418R,0.9922,pathogenic,FREM1,418.0
A4FU01,F418S,0.9773,pathogenic,FREM1,418.0
A4FU01,F418T,0.9922,pathogenic,FREM1,418.0
A4FU01,F418V,0.8969,pathogenic,FREM1,418.0
A4FU01,F418W,0.8577,pathogenic,FREM1,418.0
A4FU01,F418Y,0.7271,pathogenic,FREM1,418.0
A4FU01,L419A,0.1399,benign,FREM1,419.0
A4FU01,L419C,0.2855,benign,FREM1,419.0
A4FU01,L419D,0.4523,ambiguous,FREM1,419.0
A4FU01,L419E,0.1961,benign,FREM1,419.0
A4FU01,L419F,0.1095,benign,FREM1,419.0
A4FU01,L419G,0.2577,benign,FREM1,419.0
A4FU01,L419H,0.1427,benign,FREM1,419.0
A4FU01,L419I,0.1205,benign,FREM1,419.0
A4FU01,L419K,0.1952,benign,FREM1,419.0
A4FU01,L419M,0.1314,benign,FREM1,419.0
A4FU01,L419N,0.2797,benign,FREM1,419.0
A4FU01,L419P,0.1652,benign,FREM1,419.0
A4FU01,L419Q,0.0895,benign,FREM1,419.0
A4FU01,L419R,0.1024,benign,FREM1,419.0
A4FU01,L419S,0.1455,benign,FREM1,419.0
A4FU01,L419T,0.1627,benign,FREM1,419.0
A4FU01,L419V,0.0939,benign,FREM1,419.0
A4FU01,L419W,0.1598,benign,FREM1,419.0
A4FU01,L419Y,0.2461,benign,FREM1,419.0
A4FU01,T420A,0.0772,benign,FREM1,420.0
A4FU01,T420C,0.2945,benign,FREM1,420.0
A4FU01,T420D,0.1787,benign,FREM1,420.0
A4FU01,T420E,0.1555,benign,FREM1,420.0
A4FU01,T420F,0.1697,benign,FREM1,420.0
A4FU01,T420G,0.1467,benign,FREM1,420.0
A4FU01,T420H,0.1452,benign,FREM1,420.0
A4FU01,T420I,0.1579,benign,FREM1,420.0
A4FU01,T420K,0.1573,benign,FREM1,420.0
A4FU01,T420L,0.0762,benign,FREM1,420.0
A4FU01,T420M,0.0858,benign,FREM1,420.0
A4FU01,T420N,0.0914,benign,FREM1,420.0
A4FU01,T420P,0.1036,benign,FREM1,420.0
A4FU01,T420Q,0.1358,benign,FREM1,420.0
A4FU01,T420R,0.1153,benign,FREM1,420.0
A4FU01,T420S,0.0842,benign,FREM1,420.0
A4FU01,T420V,0.1273,benign,FREM1,420.0
A4FU01,T420W,0.3252,benign,FREM1,420.0
A4FU01,T420Y,0.1975,benign,FREM1,420.0
A4FU01,R421A,0.8385,pathogenic,FREM1,421.0
A4FU01,R421C,0.4391,ambiguous,FREM1,421.0
A4FU01,R421D,0.9491,pathogenic,FREM1,421.0
A4FU01,R421E,0.7881,pathogenic,FREM1,421.0
A4FU01,R421F,0.9459,pathogenic,FREM1,421.0
A4FU01,R421G,0.7033,pathogenic,FREM1,421.0
A4FU01,R421H,0.41,ambiguous,FREM1,421.0
A4FU01,R421I,0.865,pathogenic,FREM1,421.0
A4FU01,R421K,0.6791,pathogenic,FREM1,421.0
A4FU01,R421L,0.7116,pathogenic,FREM1,421.0
A4FU01,R421M,0.9195,pathogenic,FREM1,421.0
A4FU01,R421N,0.8973,pathogenic,FREM1,421.0
A4FU01,R421P,0.87,pathogenic,FREM1,421.0
A4FU01,R421Q,0.3703,ambiguous,FREM1,421.0
A4FU01,R421S,0.8476,pathogenic,FREM1,421.0
A4FU01,R421T,0.8316,pathogenic,FREM1,421.0
A4FU01,R421V,0.8219,pathogenic,FREM1,421.0
A4FU01,R421W,0.6131,pathogenic,FREM1,421.0
A4FU01,R421Y,0.8185,pathogenic,FREM1,421.0
A4FU01,L422A,0.1812,benign,FREM1,422.0
A4FU01,L422C,0.2808,benign,FREM1,422.0
A4FU01,L422D,0.5579,ambiguous,FREM1,422.0
A4FU01,L422E,0.2946,benign,FREM1,422.0
A4FU01,L422F,0.0742,benign,FREM1,422.0
A4FU01,L422G,0.309,benign,FREM1,422.0
A4FU01,L422H,0.1753,benign,FREM1,422.0
A4FU01,L422I,0.0957,benign,FREM1,422.0
A4FU01,L422K,0.3225,benign,FREM1,422.0
A4FU01,L422M,0.112,benign,FREM1,422.0
A4FU01,L422N,0.3234,benign,FREM1,422.0
A4FU01,L422P,0.3451,ambiguous,FREM1,422.0
A4FU01,L422Q,0.1357,benign,FREM1,422.0
A4FU01,L422R,0.1753,benign,FREM1,422.0
A4FU01,L422S,0.2163,benign,FREM1,422.0
A4FU01,L422T,0.1695,benign,FREM1,422.0
A4FU01,L422V,0.0976,benign,FREM1,422.0
A4FU01,L422W,0.1163,benign,FREM1,422.0
A4FU01,L422Y,0.2434,benign,FREM1,422.0
A4FU01,G423A,0.1119,benign,FREM1,423.0
A4FU01,G423C,0.1645,benign,FREM1,423.0
A4FU01,G423D,0.1421,benign,FREM1,423.0
A4FU01,G423E,0.1443,benign,FREM1,423.0
A4FU01,G423F,0.434,ambiguous,FREM1,423.0
A4FU01,G423H,0.2248,benign,FREM1,423.0
A4FU01,G423I,0.3184,benign,FREM1,423.0
A4FU01,G423K,0.2882,benign,FREM1,423.0
A4FU01,G423L,0.3027,benign,FREM1,423.0
A4FU01,G423M,0.4192,ambiguous,FREM1,423.0
A4FU01,G423N,0.225,benign,FREM1,423.0
A4FU01,G423P,0.4406,ambiguous,FREM1,423.0
A4FU01,G423Q,0.1997,benign,FREM1,423.0
A4FU01,G423R,0.1669,benign,FREM1,423.0
A4FU01,G423S,0.1029,benign,FREM1,423.0
A4FU01,G423T,0.172,benign,FREM1,423.0
A4FU01,G423V,0.2041,benign,FREM1,423.0
A4FU01,G423W,0.2355,benign,FREM1,423.0
A4FU01,G423Y,0.3064,benign,FREM1,423.0
A4FU01,G424A,0.0738,benign,FREM1,424.0
A4FU01,G424C,0.0991,benign,FREM1,424.0
A4FU01,G424D,0.0847,benign,FREM1,424.0
A4FU01,G424E,0.0656,benign,FREM1,424.0
A4FU01,G424F,0.1887,benign,FREM1,424.0
A4FU01,G424H,0.1331,benign,FREM1,424.0
A4FU01,G424I,0.1027,benign,FREM1,424.0
A4FU01,G424K,0.1246,benign,FREM1,424.0
A4FU01,G424L,0.1425,benign,FREM1,424.0
A4FU01,G424M,0.1655,benign,FREM1,424.0
A4FU01,G424N,0.1266,benign,FREM1,424.0
A4FU01,G424P,0.2592,benign,FREM1,424.0
A4FU01,G424Q,0.1016,benign,FREM1,424.0
A4FU01,G424R,0.0934,benign,FREM1,424.0
A4FU01,G424S,0.077,benign,FREM1,424.0
A4FU01,G424T,0.0893,benign,FREM1,424.0
A4FU01,G424V,0.0745,benign,FREM1,424.0
A4FU01,G424W,0.1405,benign,FREM1,424.0
A4FU01,G424Y,0.1475,benign,FREM1,424.0
A4FU01,T425A,0.0653,benign,FREM1,425.0
A4FU01,T425C,0.2019,benign,FREM1,425.0
A4FU01,T425D,0.1413,benign,FREM1,425.0
A4FU01,T425E,0.1324,benign,FREM1,425.0
A4FU01,T425F,0.1299,benign,FREM1,425.0
A4FU01,T425G,0.1081,benign,FREM1,425.0
A4FU01,T425H,0.1301,benign,FREM1,425.0
A4FU01,T425I,0.1002,benign,FREM1,425.0
A4FU01,T425K,0.1131,benign,FREM1,425.0
A4FU01,T425L,0.0811,benign,FREM1,425.0
A4FU01,T425M,0.0823,benign,FREM1,425.0
A4FU01,T425N,0.0778,benign,FREM1,425.0
A4FU01,T425P,0.0715,benign,FREM1,425.0
A4FU01,T425Q,0.1241,benign,FREM1,425.0
A4FU01,T425R,0.0913,benign,FREM1,425.0
A4FU01,T425S,0.0756,benign,FREM1,425.0
A4FU01,T425V,0.094,benign,FREM1,425.0
A4FU01,T425W,0.245,benign,FREM1,425.0
A4FU01,T425Y,0.1513,benign,FREM1,425.0
A4FU01,G426A,0.068,benign,FREM1,426.0
A4FU01,G426C,0.1279,benign,FREM1,426.0
A4FU01,G426D,0.0907,benign,FREM1,426.0
A4FU01,G426E,0.0896,benign,FREM1,426.0
A4FU01,G426F,0.2366,benign,FREM1,426.0
A4FU01,G426H,0.1583,benign,FREM1,426.0
A4FU01,G426I,0.1351,benign,FREM1,426.0
A4FU01,G426K,0.1616,benign,FREM1,426.0
A4FU01,G426L,0.1632,benign,FREM1,426.0
A4FU01,G426M,0.1951,benign,FREM1,426.0
A4FU01,G426N,0.142,benign,FREM1,426.0
A4FU01,G426P,0.2241,benign,FREM1,426.0
A4FU01,G426Q,0.1413,benign,FREM1,426.0
A4FU01,G426R,0.1099,benign,FREM1,426.0
A4FU01,G426S,0.0751,benign,FREM1,426.0
A4FU01,G426T,0.0787,benign,FREM1,426.0
A4FU01,G426V,0.088,benign,FREM1,426.0
A4FU01,G426W,0.173,benign,FREM1,426.0
A4FU01,G426Y,0.1969,benign,FREM1,426.0
A4FU01,A427C,0.2111,benign,FREM1,427.0
A4FU01,A427D,0.0888,benign,FREM1,427.0
A4FU01,A427E,0.0922,benign,FREM1,427.0
A4FU01,A427F,0.1418,benign,FREM1,427.0
A4FU01,A427G,0.0716,benign,FREM1,427.0
A4FU01,A427H,0.1736,benign,FREM1,427.0
A4FU01,A427I,0.1171,benign,FREM1,427.0
A4FU01,A427K,0.1509,benign,FREM1,427.0
A4FU01,A427L,0.0927,benign,FREM1,427.0
A4FU01,A427M,0.1238,benign,FREM1,427.0
A4FU01,A427N,0.1098,benign,FREM1,427.0
A4FU01,A427P,0.079,benign,FREM1,427.0
A4FU01,A427Q,0.1311,benign,FREM1,427.0
A4FU01,A427R,0.1332,benign,FREM1,427.0
A4FU01,A427S,0.0766,benign,FREM1,427.0
A4FU01,A427T,0.0658,benign,FREM1,427.0
A4FU01,A427V,0.0749,benign,FREM1,427.0
A4FU01,A427W,0.274,benign,FREM1,427.0
A4FU01,A427Y,0.1898,benign,FREM1,427.0
A4FU01,S428A,0.0678,benign,FREM1,428.0
A4FU01,S428C,0.0943,benign,FREM1,428.0
A4FU01,S428D,0.1247,benign,FREM1,428.0
A4FU01,S428E,0.1563,benign,FREM1,428.0
A4FU01,S428F,0.1676,benign,FREM1,428.0
A4FU01,S428G,0.0576,benign,FREM1,428.0
A4FU01,S428H,0.1426,benign,FREM1,428.0
A4FU01,S428I,0.1238,benign,FREM1,428.0
A4FU01,S428K,0.189,benign,FREM1,428.0
A4FU01,S428L,0.1001,benign,FREM1,428.0
A4FU01,S428M,0.1522,benign,FREM1,428.0
A4FU01,S428N,0.0828,benign,FREM1,428.0
A4FU01,S428P,0.0916,benign,FREM1,428.0
A4FU01,S428Q,0.1631,benign,FREM1,428.0
A4FU01,S428R,0.1312,benign,FREM1,428.0
A4FU01,S428T,0.0713,benign,FREM1,428.0
A4FU01,S428V,0.1151,benign,FREM1,428.0
A4FU01,S428W,0.1628,benign,FREM1,428.0
A4FU01,S428Y,0.1538,benign,FREM1,428.0
A4FU01,E429A,0.1136,benign,FREM1,429.0
A4FU01,E429C,0.6511,pathogenic,FREM1,429.0
A4FU01,E429D,0.1064,benign,FREM1,429.0
A4FU01,E429F,0.6029,pathogenic,FREM1,429.0
A4FU01,E429G,0.1082,benign,FREM1,429.0
A4FU01,E429H,0.2851,benign,FREM1,429.0
A4FU01,E429I,0.3741,ambiguous,FREM1,429.0
A4FU01,E429K,0.1131,benign,FREM1,429.0
A4FU01,E429L,0.2573,benign,FREM1,429.0
A4FU01,E429M,0.3668,ambiguous,FREM1,429.0
A4FU01,E429N,0.2022,benign,FREM1,429.0
A4FU01,E429P,0.2952,benign,FREM1,429.0
A4FU01,E429Q,0.1111,benign,FREM1,429.0
A4FU01,E429R,0.1453,benign,FREM1,429.0
A4FU01,E429S,0.1421,benign,FREM1,429.0
A4FU01,E429T,0.1651,benign,FREM1,429.0
A4FU01,E429V,0.1921,benign,FREM1,429.0
A4FU01,E429W,0.6663,pathogenic,FREM1,429.0
A4FU01,E429Y,0.461,ambiguous,FREM1,429.0
A4FU01,E430A,0.1175,benign,FREM1,430.0
A4FU01,E430C,0.7833,pathogenic,FREM1,430.0
A4FU01,E430D,0.186,benign,FREM1,430.0
A4FU01,E430F,0.7319,pathogenic,FREM1,430.0
A4FU01,E430G,0.1484,benign,FREM1,430.0
A4FU01,E430H,0.4628,ambiguous,FREM1,430.0
A4FU01,E430I,0.4121,ambiguous,FREM1,430.0
A4FU01,E430K,0.1673,benign,FREM1,430.0
A4FU01,E430L,0.3719,ambiguous,FREM1,430.0
A4FU01,E430M,0.4005,ambiguous,FREM1,430.0
A4FU01,E430N,0.3333,benign,FREM1,430.0
A4FU01,E430P,0.3639,ambiguous,FREM1,430.0
A4FU01,E430Q,0.1471,benign,FREM1,430.0
A4FU01,E430R,0.2343,benign,FREM1,430.0
A4FU01,E430S,0.2203,benign,FREM1,430.0
A4FU01,E430T,0.2103,benign,FREM1,430.0
A4FU01,E430V,0.198,benign,FREM1,430.0
A4FU01,E430W,0.8372,pathogenic,FREM1,430.0
A4FU01,E430Y,0.5906,pathogenic,FREM1,430.0
A4FU01,A431C,0.4568,ambiguous,FREM1,431.0
A4FU01,A431D,0.6492,pathogenic,FREM1,431.0
A4FU01,A431E,0.5878,pathogenic,FREM1,431.0
A4FU01,A431F,0.5996,pathogenic,FREM1,431.0
A4FU01,A431G,0.1336,benign,FREM1,431.0
A4FU01,A431H,0.7697,pathogenic,FREM1,431.0
A4FU01,A431I,0.4174,ambiguous,FREM1,431.0
A4FU01,A431K,0.8476,pathogenic,FREM1,431.0
A4FU01,A431L,0.3862,ambiguous,FREM1,431.0
A4FU01,A431M,0.3623,ambiguous,FREM1,431.0
A4FU01,A431N,0.5557,ambiguous,FREM1,431.0
A4FU01,A431P,0.6219,pathogenic,FREM1,431.0
A4FU01,A431Q,0.6555,pathogenic,FREM1,431.0
A4FU01,A431R,0.7811,pathogenic,FREM1,431.0
A4FU01,A431S,0.0933,benign,FREM1,431.0
A4FU01,A431T,0.1373,benign,FREM1,431.0
A4FU01,A431V,0.1499,benign,FREM1,431.0
A4FU01,A431W,0.8975,pathogenic,FREM1,431.0
A4FU01,A431Y,0.7339,pathogenic,FREM1,431.0
A4FU01,P432A,0.2135,benign,FREM1,432.0
A4FU01,P432C,0.7963,pathogenic,FREM1,432.0
A4FU01,P432D,0.8839,pathogenic,FREM1,432.0
A4FU01,P432E,0.7529,pathogenic,FREM1,432.0
A4FU01,P432F,0.9238,pathogenic,FREM1,432.0
A4FU01,P432G,0.649,pathogenic,FREM1,432.0
A4FU01,P432H,0.7449,pathogenic,FREM1,432.0
A4FU01,P432I,0.8833,pathogenic,FREM1,432.0
A4FU01,P432K,0.8963,pathogenic,FREM1,432.0
A4FU01,P432L,0.5162,ambiguous,FREM1,432.0
A4FU01,P432M,0.8087,pathogenic,FREM1,432.0
A4FU01,P432N,0.8664,pathogenic,FREM1,432.0
A4FU01,P432Q,0.6528,pathogenic,FREM1,432.0
A4FU01,P432R,0.7234,pathogenic,FREM1,432.0
A4FU01,P432S,0.3768,ambiguous,FREM1,432.0
A4FU01,P432T,0.4529,ambiguous,FREM1,432.0
A4FU01,P432V,0.6713,pathogenic,FREM1,432.0
A4FU01,P432W,0.9292,pathogenic,FREM1,432.0
A4FU01,P432Y,0.9144,pathogenic,FREM1,432.0
A4FU01,V433A,0.3095,benign,FREM1,433.0
A4FU01,V433C,0.7756,pathogenic,FREM1,433.0
A4FU01,V433D,0.9017,pathogenic,FREM1,433.0
A4FU01,V433E,0.8056,pathogenic,FREM1,433.0
A4FU01,V433F,0.3656,ambiguous,FREM1,433.0
A4FU01,V433G,0.4371,ambiguous,FREM1,433.0
A4FU01,V433H,0.927,pathogenic,FREM1,433.0
A4FU01,V433I,0.0931,benign,FREM1,433.0
A4FU01,V433K,0.9354,pathogenic,FREM1,433.0
A4FU01,V433L,0.1673,benign,FREM1,433.0
A4FU01,V433M,0.2228,benign,FREM1,433.0
A4FU01,V433N,0.73,pathogenic,FREM1,433.0
A4FU01,V433P,0.684,pathogenic,FREM1,433.0
A4FU01,V433Q,0.8337,pathogenic,FREM1,433.0
A4FU01,V433R,0.8928,pathogenic,FREM1,433.0
A4FU01,V433S,0.4735,ambiguous,FREM1,433.0
A4FU01,V433T,0.3581,ambiguous,FREM1,433.0
A4FU01,V433W,0.9477,pathogenic,FREM1,433.0
A4FU01,V433Y,0.8532,pathogenic,FREM1,433.0
A4FU01,F434A,0.9647,pathogenic,FREM1,434.0
A4FU01,F434C,0.8917,pathogenic,FREM1,434.0
A4FU01,F434D,0.9969,pathogenic,FREM1,434.0
A4FU01,F434E,0.9967,pathogenic,FREM1,434.0
A4FU01,F434G,0.9752,pathogenic,FREM1,434.0
A4FU01,F434H,0.9768,pathogenic,FREM1,434.0
A4FU01,F434I,0.8216,pathogenic,FREM1,434.0
A4FU01,F434K,0.9978,pathogenic,FREM1,434.0
A4FU01,F434L,0.8923,pathogenic,FREM1,434.0
A4FU01,F434M,0.8793,pathogenic,FREM1,434.0
A4FU01,F434N,0.9899,pathogenic,FREM1,434.0
A4FU01,F434P,0.9863,pathogenic,FREM1,434.0
A4FU01,F434Q,0.9938,pathogenic,FREM1,434.0
A4FU01,F434R,0.9933,pathogenic,FREM1,434.0
A4FU01,F434S,0.9669,pathogenic,FREM1,434.0
A4FU01,F434T,0.9799,pathogenic,FREM1,434.0
A4FU01,F434V,0.8159,pathogenic,FREM1,434.0
A4FU01,F434W,0.8131,pathogenic,FREM1,434.0
A4FU01,F434Y,0.6151,pathogenic,FREM1,434.0
A4FU01,L435A,0.1977,benign,FREM1,435.0
A4FU01,L435C,0.3714,ambiguous,FREM1,435.0
A4FU01,L435D,0.7249,pathogenic,FREM1,435.0
A4FU01,L435E,0.358,ambiguous,FREM1,435.0
A4FU01,L435F,0.1852,benign,FREM1,435.0
A4FU01,L435G,0.3853,ambiguous,FREM1,435.0
A4FU01,L435H,0.2865,benign,FREM1,435.0
A4FU01,L435I,0.1316,benign,FREM1,435.0
A4FU01,L435K,0.5132,ambiguous,FREM1,435.0
A4FU01,L435M,0.1536,benign,FREM1,435.0
A4FU01,L435N,0.4502,ambiguous,FREM1,435.0
A4FU01,L435P,0.0944,benign,FREM1,435.0
A4FU01,L435Q,0.1797,benign,FREM1,435.0
A4FU01,L435R,0.3114,benign,FREM1,435.0
A4FU01,L435S,0.2284,benign,FREM1,435.0
A4FU01,L435T,0.1902,benign,FREM1,435.0
A4FU01,L435V,0.0943,benign,FREM1,435.0
A4FU01,L435W,0.271,benign,FREM1,435.0
A4FU01,L435Y,0.4261,ambiguous,FREM1,435.0
A4FU01,L436A,0.7718,pathogenic,FREM1,436.0
A4FU01,L436C,0.766,pathogenic,FREM1,436.0
A4FU01,L436D,0.9927,pathogenic,FREM1,436.0
A4FU01,L436E,0.9633,pathogenic,FREM1,436.0
A4FU01,L436F,0.2994,benign,FREM1,436.0
A4FU01,L436G,0.921,pathogenic,FREM1,436.0
A4FU01,L436H,0.8709,pathogenic,FREM1,436.0
A4FU01,L436I,0.2403,benign,FREM1,436.0
A4FU01,L436K,0.9731,pathogenic,FREM1,436.0
A4FU01,L436M,0.2393,benign,FREM1,436.0
A4FU01,L436N,0.9527,pathogenic,FREM1,436.0
A4FU01,L436P,0.8513,pathogenic,FREM1,436.0
A4FU01,L436Q,0.8309,pathogenic,FREM1,436.0
A4FU01,L436R,0.9194,pathogenic,FREM1,436.0
A4FU01,L436S,0.9103,pathogenic,FREM1,436.0
A4FU01,L436T,0.8011,pathogenic,FREM1,436.0
A4FU01,L436V,0.2178,benign,FREM1,436.0
A4FU01,L436W,0.727,pathogenic,FREM1,436.0
A4FU01,L436Y,0.8118,pathogenic,FREM1,436.0
A4FU01,F437A,0.9376,pathogenic,FREM1,437.0
A4FU01,F437C,0.8064,pathogenic,FREM1,437.0
A4FU01,F437D,0.9957,pathogenic,FREM1,437.0
A4FU01,F437E,0.9961,pathogenic,FREM1,437.0
A4FU01,F437G,0.9534,pathogenic,FREM1,437.0
A4FU01,F437H,0.9485,pathogenic,FREM1,437.0
A4FU01,F437I,0.8573,pathogenic,FREM1,437.0
A4FU01,F437K,0.9971,pathogenic,FREM1,437.0
A4FU01,F437L,0.8771,pathogenic,FREM1,437.0
A4FU01,F437M,0.8503,pathogenic,FREM1,437.0
A4FU01,F437N,0.9829,pathogenic,FREM1,437.0
A4FU01,F437P,0.9963,pathogenic,FREM1,437.0
A4FU01,F437Q,0.9899,pathogenic,FREM1,437.0
A4FU01,F437R,0.9915,pathogenic,FREM1,437.0
A4FU01,F437S,0.9329,pathogenic,FREM1,437.0
A4FU01,F437T,0.9632,pathogenic,FREM1,437.0
A4FU01,F437V,0.8054,pathogenic,FREM1,437.0
A4FU01,F437W,0.7606,pathogenic,FREM1,437.0
A4FU01,F437Y,0.3707,ambiguous,FREM1,437.0
A4FU01,L438A,0.5679,pathogenic,FREM1,438.0
A4FU01,L438C,0.6716,pathogenic,FREM1,438.0
A4FU01,L438D,0.9925,pathogenic,FREM1,438.0
A4FU01,L438E,0.934,pathogenic,FREM1,438.0
A4FU01,L438F,0.5665,pathogenic,FREM1,438.0
A4FU01,L438G,0.8962,pathogenic,FREM1,438.0
A4FU01,L438H,0.918,pathogenic,FREM1,438.0
A4FU01,L438I,0.214,benign,FREM1,438.0
A4FU01,L438K,0.9577,pathogenic,FREM1,438.0
A4FU01,L438M,0.2331,benign,FREM1,438.0
A4FU01,L438N,0.9407,pathogenic,FREM1,438.0
A4FU01,L438P,0.9285,pathogenic,FREM1,438.0
A4FU01,L438Q,0.7745,pathogenic,FREM1,438.0
A4FU01,L438R,0.8871,pathogenic,FREM1,438.0
A4FU01,L438S,0.801,pathogenic,FREM1,438.0
A4FU01,L438T,0.4844,ambiguous,FREM1,438.0
A4FU01,L438V,0.183,benign,FREM1,438.0
A4FU01,L438W,0.8083,pathogenic,FREM1,438.0
A4FU01,L438Y,0.9409,pathogenic,FREM1,438.0
A4FU01,D439A,0.9402,pathogenic,FREM1,439.0
A4FU01,D439C,0.9867,pathogenic,FREM1,439.0
A4FU01,D439E,0.8343,pathogenic,FREM1,439.0
A4FU01,D439F,0.9946,pathogenic,FREM1,439.0
A4FU01,D439G,0.9267,pathogenic,FREM1,439.0
A4FU01,D439H,0.9616,pathogenic,FREM1,439.0
A4FU01,D439I,0.9919,pathogenic,FREM1,439.0
A4FU01,D439K,0.9927,pathogenic,FREM1,439.0
A4FU01,D439L,0.9804,pathogenic,FREM1,439.0
A4FU01,D439M,0.9973,pathogenic,FREM1,439.0
A4FU01,D439N,0.8366,pathogenic,FREM1,439.0
A4FU01,D439P,0.9907,pathogenic,FREM1,439.0
A4FU01,D439Q,0.981,pathogenic,FREM1,439.0
A4FU01,D439R,0.986,pathogenic,FREM1,439.0
A4FU01,D439S,0.8556,pathogenic,FREM1,439.0
A4FU01,D439T,0.9725,pathogenic,FREM1,439.0
A4FU01,D439V,0.9673,pathogenic,FREM1,439.0
A4FU01,D439W,0.9974,pathogenic,FREM1,439.0
A4FU01,D439Y,0.9573,pathogenic,FREM1,439.0
A4FU01,C440A,0.3245,benign,FREM1,440.0
A4FU01,C440D,0.9695,pathogenic,FREM1,440.0
A4FU01,C440E,0.9892,pathogenic,FREM1,440.0
A4FU01,C440F,0.8742,pathogenic,FREM1,440.0
A4FU01,C440G,0.2093,benign,FREM1,440.0
A4FU01,C440H,0.9722,pathogenic,FREM1,440.0
A4FU01,C440I,0.8074,pathogenic,FREM1,440.0
A4FU01,C440K,0.9969,pathogenic,FREM1,440.0
A4FU01,C440L,0.7098,pathogenic,FREM1,440.0
A4FU01,C440M,0.8503,pathogenic,FREM1,440.0
A4FU01,C440N,0.8819,pathogenic,FREM1,440.0
A4FU01,C440P,0.9879,pathogenic,FREM1,440.0
A4FU01,C440Q,0.9776,pathogenic,FREM1,440.0
A4FU01,C440R,0.9733,pathogenic,FREM1,440.0
A4FU01,C440S,0.2482,benign,FREM1,440.0
A4FU01,C440T,0.3858,ambiguous,FREM1,440.0
A4FU01,C440V,0.5525,ambiguous,FREM1,440.0
A4FU01,C440W,0.9802,pathogenic,FREM1,440.0
A4FU01,C440Y,0.9621,pathogenic,FREM1,440.0
A4FU01,V441A,0.0963,benign,FREM1,441.0
A4FU01,V441C,0.5553,ambiguous,FREM1,441.0
A4FU01,V441D,0.8618,pathogenic,FREM1,441.0
A4FU01,V441E,0.7789,pathogenic,FREM1,441.0
A4FU01,V441F,0.4879,ambiguous,FREM1,441.0
A4FU01,V441G,0.2276,benign,FREM1,441.0
A4FU01,V441H,0.8967,pathogenic,FREM1,441.0
A4FU01,V441I,0.1092,benign,FREM1,441.0
A4FU01,V441K,0.9002,pathogenic,FREM1,441.0
A4FU01,V441L,0.223,benign,FREM1,441.0
A4FU01,V441M,0.2135,benign,FREM1,441.0
A4FU01,V441N,0.6124,pathogenic,FREM1,441.0
A4FU01,V441P,0.926,pathogenic,FREM1,441.0
A4FU01,V441Q,0.7135,pathogenic,FREM1,441.0
A4FU01,V441R,0.824,pathogenic,FREM1,441.0
A4FU01,V441S,0.1744,benign,FREM1,441.0
A4FU01,V441T,0.0984,benign,FREM1,441.0
A4FU01,V441W,0.966,pathogenic,FREM1,441.0
A4FU01,V441Y,0.9169,pathogenic,FREM1,441.0
A4FU01,W442A,0.8379,pathogenic,FREM1,442.0
A4FU01,W442C,0.8318,pathogenic,FREM1,442.0
A4FU01,W442D,0.9759,pathogenic,FREM1,442.0
A4FU01,W442E,0.9653,pathogenic,FREM1,442.0
A4FU01,W442F,0.4462,ambiguous,FREM1,442.0
A4FU01,W442G,0.6726,pathogenic,FREM1,442.0
A4FU01,W442H,0.7348,pathogenic,FREM1,442.0
A4FU01,W442I,0.9751,pathogenic,FREM1,442.0
A4FU01,W442K,0.985,pathogenic,FREM1,442.0
A4FU01,W442L,0.8502,pathogenic,FREM1,442.0
A4FU01,W442M,0.9609,pathogenic,FREM1,442.0
A4FU01,W442N,0.9232,pathogenic,FREM1,442.0
A4FU01,W442P,0.9938,pathogenic,FREM1,442.0
A4FU01,W442Q,0.9272,pathogenic,FREM1,442.0
A4FU01,W442R,0.9334,pathogenic,FREM1,442.0
A4FU01,W442S,0.6426,pathogenic,FREM1,442.0
A4FU01,W442T,0.9263,pathogenic,FREM1,442.0
A4FU01,W442V,0.9404,pathogenic,FREM1,442.0
A4FU01,W442Y,0.5616,ambiguous,FREM1,442.0
A4FU01,Q443A,0.7475,pathogenic,FREM1,443.0
A4FU01,Q443C,0.9742,pathogenic,FREM1,443.0
A4FU01,Q443D,0.9667,pathogenic,FREM1,443.0
A4FU01,Q443E,0.3637,ambiguous,FREM1,443.0
A4FU01,Q443F,0.9831,pathogenic,FREM1,443.0
A4FU01,Q443G,0.7969,pathogenic,FREM1,443.0
A4FU01,Q443H,0.8764,pathogenic,FREM1,443.0
A4FU01,Q443I,0.9204,pathogenic,FREM1,443.0
A4FU01,Q443K,0.8767,pathogenic,FREM1,443.0
A4FU01,Q443L,0.7123,pathogenic,FREM1,443.0
A4FU01,Q443M,0.7682,pathogenic,FREM1,443.0
A4FU01,Q443N,0.79,pathogenic,FREM1,443.0
A4FU01,Q443P,0.8961,pathogenic,FREM1,443.0
A4FU01,Q443R,0.9,pathogenic,FREM1,443.0
A4FU01,Q443S,0.7203,pathogenic,FREM1,443.0
A4FU01,Q443T,0.8299,pathogenic,FREM1,443.0
A4FU01,Q443V,0.8396,pathogenic,FREM1,443.0
A4FU01,Q443W,0.9934,pathogenic,FREM1,443.0
A4FU01,Q443Y,0.9803,pathogenic,FREM1,443.0
A4FU01,L444A,0.7001,pathogenic,FREM1,444.0
A4FU01,L444C,0.6982,pathogenic,FREM1,444.0
A4FU01,L444D,0.9927,pathogenic,FREM1,444.0
A4FU01,L444E,0.9562,pathogenic,FREM1,444.0
A4FU01,L444F,0.4648,ambiguous,FREM1,444.0
A4FU01,L444G,0.9096,pathogenic,FREM1,444.0
A4FU01,L444H,0.9168,pathogenic,FREM1,444.0
A4FU01,L444I,0.1454,benign,FREM1,444.0
A4FU01,L444K,0.9697,pathogenic,FREM1,444.0
A4FU01,L444M,0.1736,benign,FREM1,444.0
A4FU01,L444N,0.9477,pathogenic,FREM1,444.0
A4FU01,L444P,0.9897,pathogenic,FREM1,444.0
A4FU01,L444Q,0.8533,pathogenic,FREM1,444.0
A4FU01,L444R,0.9354,pathogenic,FREM1,444.0
A4FU01,L444S,0.8792,pathogenic,FREM1,444.0
A4FU01,L444T,0.691,pathogenic,FREM1,444.0
A4FU01,L444V,0.1401,benign,FREM1,444.0
A4FU01,L444W,0.8369,pathogenic,FREM1,444.0
A4FU01,L444Y,0.8621,pathogenic,FREM1,444.0
A4FU01,L445A,0.3111,benign,FREM1,445.0
A4FU01,L445C,0.3998,ambiguous,FREM1,445.0
A4FU01,L445D,0.8943,pathogenic,FREM1,445.0
A4FU01,L445E,0.4825,ambiguous,FREM1,445.0
A4FU01,L445F,0.2686,benign,FREM1,445.0
A4FU01,L445G,0.5202,ambiguous,FREM1,445.0
A4FU01,L445H,0.3291,benign,FREM1,445.0
A4FU01,L445I,0.1057,benign,FREM1,445.0
A4FU01,L445K,0.4514,ambiguous,FREM1,445.0
A4FU01,L445M,0.1356,benign,FREM1,445.0
A4FU01,L445N,0.539,ambiguous,FREM1,445.0
A4FU01,L445P,0.9223,pathogenic,FREM1,445.0
A4FU01,L445Q,0.1471,benign,FREM1,445.0
A4FU01,L445R,0.2637,benign,FREM1,445.0
A4FU01,L445S,0.3316,benign,FREM1,445.0
A4FU01,L445T,0.2069,benign,FREM1,445.0
A4FU01,L445V,0.0918,benign,FREM1,445.0
A4FU01,L445W,0.3291,benign,FREM1,445.0
A4FU01,L445Y,0.5336,ambiguous,FREM1,445.0
A4FU01,Q446A,0.2226,benign,FREM1,446.0
A4FU01,Q446C,0.318,benign,FREM1,446.0
A4FU01,Q446D,0.4475,ambiguous,FREM1,446.0
A4FU01,Q446E,0.0944,benign,FREM1,446.0
A4FU01,Q446F,0.5417,ambiguous,FREM1,446.0
A4FU01,Q446G,0.2249,benign,FREM1,446.0
A4FU01,Q446H,0.1613,benign,FREM1,446.0
A4FU01,Q446I,0.4004,ambiguous,FREM1,446.0
A4FU01,Q446K,0.1419,benign,FREM1,446.0
A4FU01,Q446L,0.1249,benign,FREM1,446.0
A4FU01,Q446M,0.3958,ambiguous,FREM1,446.0
A4FU01,Q446N,0.2926,benign,FREM1,446.0
A4FU01,Q446P,0.6342,pathogenic,FREM1,446.0
A4FU01,Q446R,0.0864,benign,FREM1,446.0
A4FU01,Q446S,0.2394,benign,FREM1,446.0
A4FU01,Q446T,0.2764,benign,FREM1,446.0
A4FU01,Q446V,0.243,benign,FREM1,446.0
A4FU01,Q446W,0.2834,benign,FREM1,446.0
A4FU01,Q446Y,0.3149,benign,FREM1,446.0
A4FU01,Q447A,0.562,ambiguous,FREM1,447.0
A4FU01,Q447C,0.9295,pathogenic,FREM1,447.0
A4FU01,Q447D,0.8417,pathogenic,FREM1,447.0
A4FU01,Q447E,0.2868,benign,FREM1,447.0
A4FU01,Q447F,0.9599,pathogenic,FREM1,447.0
A4FU01,Q447G,0.6527,pathogenic,FREM1,447.0
A4FU01,Q447H,0.786,pathogenic,FREM1,447.0
A4FU01,Q447I,0.8,pathogenic,FREM1,447.0
A4FU01,Q447K,0.6537,pathogenic,FREM1,447.0
A4FU01,Q447L,0.449,ambiguous,FREM1,447.0
A4FU01,Q447M,0.6413,pathogenic,FREM1,447.0
A4FU01,Q447N,0.6811,pathogenic,FREM1,447.0
A4FU01,Q447P,0.846,pathogenic,FREM1,447.0
A4FU01,Q447R,0.5845,pathogenic,FREM1,447.0
A4FU01,Q447S,0.602,pathogenic,FREM1,447.0
A4FU01,Q447T,0.6013,pathogenic,FREM1,447.0
A4FU01,Q447V,0.6832,pathogenic,FREM1,447.0
A4FU01,Q447W,0.9684,pathogenic,FREM1,447.0
A4FU01,Q447Y,0.9256,pathogenic,FREM1,447.0
A4FU01,F448A,0.7629,pathogenic,FREM1,448.0
A4FU01,F448C,0.3735,ambiguous,FREM1,448.0
A4FU01,F448D,0.8055,pathogenic,FREM1,448.0
A4FU01,F448E,0.8487,pathogenic,FREM1,448.0
A4FU01,F448G,0.8854,pathogenic,FREM1,448.0
A4FU01,F448H,0.3067,benign,FREM1,448.0
A4FU01,F448I,0.6335,pathogenic,FREM1,448.0
A4FU01,F448K,0.8052,pathogenic,FREM1,448.0
A4FU01,F448L,0.938,pathogenic,FREM1,448.0
A4FU01,F448M,0.7599,pathogenic,FREM1,448.0
A4FU01,F448N,0.543,ambiguous,FREM1,448.0
A4FU01,F448P,0.9959,pathogenic,FREM1,448.0
A4FU01,F448Q,0.6661,pathogenic,FREM1,448.0
A4FU01,F448R,0.6507,pathogenic,FREM1,448.0
A4FU01,F448S,0.5777,pathogenic,FREM1,448.0
A4FU01,F448T,0.8032,pathogenic,FREM1,448.0
A4FU01,F448V,0.576,pathogenic,FREM1,448.0
A4FU01,F448W,0.3945,ambiguous,FREM1,448.0
A4FU01,F448Y,0.0795,benign,FREM1,448.0
A4FU01,P449A,0.2064,benign,FREM1,449.0
A4FU01,P449C,0.6408,pathogenic,FREM1,449.0
A4FU01,P449D,0.7958,pathogenic,FREM1,449.0
A4FU01,P449E,0.5544,ambiguous,FREM1,449.0
A4FU01,P449F,0.8457,pathogenic,FREM1,449.0
A4FU01,P449G,0.5033,ambiguous,FREM1,449.0
A4FU01,P449H,0.3522,ambiguous,FREM1,449.0
A4FU01,P449I,0.7761,pathogenic,FREM1,449.0
A4FU01,P449K,0.5734,pathogenic,FREM1,449.0
A4FU01,P449L,0.3928,ambiguous,FREM1,449.0
A4FU01,P449M,0.7273,pathogenic,FREM1,449.0
A4FU01,P449N,0.7312,pathogenic,FREM1,449.0
A4FU01,P449Q,0.3054,benign,FREM1,449.0
A4FU01,P449R,0.269,benign,FREM1,449.0
A4FU01,P449S,0.2485,benign,FREM1,449.0
A4FU01,P449T,0.2961,benign,FREM1,449.0
A4FU01,P449V,0.5821,pathogenic,FREM1,449.0
A4FU01,P449W,0.7941,pathogenic,FREM1,449.0
A4FU01,P449Y,0.7717,pathogenic,FREM1,449.0
A4FU01,A450C,0.2674,benign,FREM1,450.0
A4FU01,A450D,0.1541,benign,FREM1,450.0
A4FU01,A450E,0.1429,benign,FREM1,450.0
A4FU01,A450F,0.2917,benign,FREM1,450.0
A4FU01,A450G,0.0956,benign,FREM1,450.0
A4FU01,A450H,0.2536,benign,FREM1,450.0
A4FU01,A450I,0.2092,benign,FREM1,450.0
A4FU01,A450K,0.1959,benign,FREM1,450.0
A4FU01,A450L,0.1478,benign,FREM1,450.0
A4FU01,A450M,0.176,benign,FREM1,450.0
A4FU01,A450N,0.1959,benign,FREM1,450.0
A4FU01,A450P,0.1976,benign,FREM1,450.0
A4FU01,A450Q,0.1841,benign,FREM1,450.0
A4FU01,A450R,0.156,benign,FREM1,450.0
A4FU01,A450S,0.0893,benign,FREM1,450.0
A4FU01,A450T,0.083,benign,FREM1,450.0
A4FU01,A450V,0.1019,benign,FREM1,450.0
A4FU01,A450W,0.4433,ambiguous,FREM1,450.0
A4FU01,A450Y,0.3297,benign,FREM1,450.0
A4FU01,D451A,0.0708,benign,FREM1,451.0
A4FU01,D451C,0.2318,benign,FREM1,451.0
A4FU01,D451E,0.065,benign,FREM1,451.0
A4FU01,D451F,0.3623,ambiguous,FREM1,451.0
A4FU01,D451G,0.1029,benign,FREM1,451.0
A4FU01,D451H,0.1094,benign,FREM1,451.0
A4FU01,D451I,0.2289,benign,FREM1,451.0
A4FU01,D451K,0.141,benign,FREM1,451.0
A4FU01,D451L,0.1965,benign,FREM1,451.0
A4FU01,D451M,0.3261,benign,FREM1,451.0
A4FU01,D451N,0.0889,benign,FREM1,451.0
A4FU01,D451P,0.5813,pathogenic,FREM1,451.0
A4FU01,D451Q,0.1014,benign,FREM1,451.0
A4FU01,D451R,0.1292,benign,FREM1,451.0
A4FU01,D451S,0.0748,benign,FREM1,451.0
A4FU01,D451T,0.1455,benign,FREM1,451.0
A4FU01,D451V,0.1239,benign,FREM1,451.0
A4FU01,D451W,0.5999,pathogenic,FREM1,451.0
A4FU01,D451Y,0.1179,benign,FREM1,451.0
A4FU01,F452A,0.9448,pathogenic,FREM1,452.0
A4FU01,F452C,0.7845,pathogenic,FREM1,452.0
A4FU01,F452D,0.9959,pathogenic,FREM1,452.0
A4FU01,F452E,0.9959,pathogenic,FREM1,452.0
A4FU01,F452G,0.97,pathogenic,FREM1,452.0
A4FU01,F452H,0.9682,pathogenic,FREM1,452.0
A4FU01,F452I,0.8585,pathogenic,FREM1,452.0
A4FU01,F452K,0.9947,pathogenic,FREM1,452.0
A4FU01,F452L,0.9446,pathogenic,FREM1,452.0
A4FU01,F452M,0.8277,pathogenic,FREM1,452.0
A4FU01,F452N,0.9876,pathogenic,FREM1,452.0
A4FU01,F452P,0.9984,pathogenic,FREM1,452.0
A4FU01,F452Q,0.9898,pathogenic,FREM1,452.0
A4FU01,F452R,0.9816,pathogenic,FREM1,452.0
A4FU01,F452S,0.959,pathogenic,FREM1,452.0
A4FU01,F452T,0.9346,pathogenic,FREM1,452.0
A4FU01,F452V,0.7536,pathogenic,FREM1,452.0
A4FU01,F452W,0.8125,pathogenic,FREM1,452.0
A4FU01,F452Y,0.6646,pathogenic,FREM1,452.0
A4FU01,E453A,0.1599,benign,FREM1,453.0
A4FU01,E453C,0.8135,pathogenic,FREM1,453.0
A4FU01,E453D,0.6248,pathogenic,FREM1,453.0
A4FU01,E453F,0.9183,pathogenic,FREM1,453.0
A4FU01,E453G,0.2042,benign,FREM1,453.0
A4FU01,E453H,0.6262,pathogenic,FREM1,453.0
A4FU01,E453I,0.8152,pathogenic,FREM1,453.0
A4FU01,E453K,0.3353,benign,FREM1,453.0
A4FU01,E453L,0.7467,pathogenic,FREM1,453.0
A4FU01,E453M,0.656,pathogenic,FREM1,453.0
A4FU01,E453N,0.682,pathogenic,FREM1,453.0
A4FU01,E453P,0.9142,pathogenic,FREM1,453.0
A4FU01,E453Q,0.077,benign,FREM1,453.0
A4FU01,E453R,0.3211,benign,FREM1,453.0
A4FU01,E453S,0.269,benign,FREM1,453.0
A4FU01,E453T,0.5519,ambiguous,FREM1,453.0
A4FU01,E453V,0.6266,pathogenic,FREM1,453.0
A4FU01,E453W,0.9732,pathogenic,FREM1,453.0
A4FU01,E453Y,0.8601,pathogenic,FREM1,453.0
A4FU01,F454A,0.9657,pathogenic,FREM1,454.0
A4FU01,F454C,0.8457,pathogenic,FREM1,454.0
A4FU01,F454D,0.9941,pathogenic,FREM1,454.0
A4FU01,F454E,0.9955,pathogenic,FREM1,454.0
A4FU01,F454G,0.9798,pathogenic,FREM1,454.0
A4FU01,F454H,0.9754,pathogenic,FREM1,454.0
A4FU01,F454I,0.5938,pathogenic,FREM1,454.0
A4FU01,F454K,0.9956,pathogenic,FREM1,454.0
A4FU01,F454L,0.9475,pathogenic,FREM1,454.0
A4FU01,F454M,0.807,pathogenic,FREM1,454.0
A4FU01,F454N,0.9763,pathogenic,FREM1,454.0
A4FU01,F454P,0.9966,pathogenic,FREM1,454.0
A4FU01,F454Q,0.993,pathogenic,FREM1,454.0
A4FU01,F454R,0.9918,pathogenic,FREM1,454.0
A4FU01,F454S,0.9715,pathogenic,FREM1,454.0
A4FU01,F454T,0.9693,pathogenic,FREM1,454.0
A4FU01,F454V,0.6492,pathogenic,FREM1,454.0
A4FU01,F454W,0.8365,pathogenic,FREM1,454.0
A4FU01,F454Y,0.3782,ambiguous,FREM1,454.0
A4FU01,S455A,0.3769,ambiguous,FREM1,455.0
A4FU01,S455C,0.2583,benign,FREM1,455.0
A4FU01,S455D,0.8499,pathogenic,FREM1,455.0
A4FU01,S455E,0.9543,pathogenic,FREM1,455.0
A4FU01,S455F,0.9512,pathogenic,FREM1,455.0
A4FU01,S455G,0.2094,benign,FREM1,455.0
A4FU01,S455H,0.8783,pathogenic,FREM1,455.0
A4FU01,S455I,0.9541,pathogenic,FREM1,455.0
A4FU01,S455K,0.9868,pathogenic,FREM1,455.0
A4FU01,S455L,0.6666,pathogenic,FREM1,455.0
A4FU01,S455M,0.8352,pathogenic,FREM1,455.0
A4FU01,S455N,0.5442,ambiguous,FREM1,455.0
A4FU01,S455P,0.9234,pathogenic,FREM1,455.0
A4FU01,S455Q,0.9374,pathogenic,FREM1,455.0
A4FU01,S455R,0.9693,pathogenic,FREM1,455.0
A4FU01,S455T,0.1212,benign,FREM1,455.0
A4FU01,S455V,0.8933,pathogenic,FREM1,455.0
A4FU01,S455W,0.917,pathogenic,FREM1,455.0
A4FU01,S455Y,0.8909,pathogenic,FREM1,455.0
A4FU01,E456A,0.4356,ambiguous,FREM1,456.0
A4FU01,E456C,0.9531,pathogenic,FREM1,456.0
A4FU01,E456D,0.3449,ambiguous,FREM1,456.0
A4FU01,E456F,0.9734,pathogenic,FREM1,456.0
A4FU01,E456G,0.4912,ambiguous,FREM1,456.0
A4FU01,E456H,0.8389,pathogenic,FREM1,456.0
A4FU01,E456I,0.8724,pathogenic,FREM1,456.0
A4FU01,E456K,0.6251,pathogenic,FREM1,456.0
A4FU01,E456L,0.8663,pathogenic,FREM1,456.0
A4FU01,E456M,0.9069,pathogenic,FREM1,456.0
A4FU01,E456N,0.7142,pathogenic,FREM1,456.0
A4FU01,E456P,0.618,pathogenic,FREM1,456.0
A4FU01,E456Q,0.4119,ambiguous,FREM1,456.0
A4FU01,E456R,0.6618,pathogenic,FREM1,456.0
A4FU01,E456S,0.4736,ambiguous,FREM1,456.0
A4FU01,E456T,0.6727,pathogenic,FREM1,456.0
A4FU01,E456V,0.704,pathogenic,FREM1,456.0
A4FU01,E456W,0.9858,pathogenic,FREM1,456.0
A4FU01,E456Y,0.9351,pathogenic,FREM1,456.0
A4FU01,F457A,0.3071,benign,FREM1,457.0
A4FU01,F457C,0.2017,benign,FREM1,457.0
A4FU01,F457D,0.3722,ambiguous,FREM1,457.0
A4FU01,F457E,0.5473,ambiguous,FREM1,457.0
A4FU01,F457G,0.5206,ambiguous,FREM1,457.0
A4FU01,F457H,0.3753,ambiguous,FREM1,457.0
A4FU01,F457I,0.1922,benign,FREM1,457.0
A4FU01,F457K,0.6956,pathogenic,FREM1,457.0
A4FU01,F457L,0.7871,pathogenic,FREM1,457.0
A4FU01,F457M,0.4964,ambiguous,FREM1,457.0
A4FU01,F457N,0.2966,benign,FREM1,457.0
A4FU01,F457P,0.7886,pathogenic,FREM1,457.0
A4FU01,F457Q,0.5919,pathogenic,FREM1,457.0
A4FU01,F457R,0.5445,ambiguous,FREM1,457.0
A4FU01,F457S,0.2069,benign,FREM1,457.0
A4FU01,F457T,0.3129,benign,FREM1,457.0
A4FU01,F457V,0.1783,benign,FREM1,457.0
A4FU01,F457W,0.3465,ambiguous,FREM1,457.0
A4FU01,F457Y,0.0769,benign,FREM1,457.0
A4FU01,F458A,0.842,pathogenic,FREM1,458.0
A4FU01,F458C,0.5694,pathogenic,FREM1,458.0
A4FU01,F458D,0.9857,pathogenic,FREM1,458.0
A4FU01,F458E,0.9856,pathogenic,FREM1,458.0
A4FU01,F458G,0.9224,pathogenic,FREM1,458.0
A4FU01,F458H,0.8533,pathogenic,FREM1,458.0
A4FU01,F458I,0.5837,pathogenic,FREM1,458.0
A4FU01,F458K,0.9855,pathogenic,FREM1,458.0
A4FU01,F458L,0.712,pathogenic,FREM1,458.0
A4FU01,F458M,0.7293,pathogenic,FREM1,458.0
A4FU01,F458N,0.9526,pathogenic,FREM1,458.0
A4FU01,F458P,0.9855,pathogenic,FREM1,458.0
A4FU01,F458Q,0.9584,pathogenic,FREM1,458.0
A4FU01,F458R,0.9529,pathogenic,FREM1,458.0
A4FU01,F458S,0.7978,pathogenic,FREM1,458.0
A4FU01,F458T,0.8759,pathogenic,FREM1,458.0
A4FU01,F458V,0.4945,ambiguous,FREM1,458.0
A4FU01,F458W,0.6728,pathogenic,FREM1,458.0
A4FU01,F458Y,0.2078,benign,FREM1,458.0
A4FU01,L459A,0.857,pathogenic,FREM1,459.0
A4FU01,L459C,0.807,pathogenic,FREM1,459.0
A4FU01,L459D,0.9979,pathogenic,FREM1,459.0
A4FU01,L459E,0.9859,pathogenic,FREM1,459.0
A4FU01,L459F,0.608,pathogenic,FREM1,459.0
A4FU01,L459G,0.9674,pathogenic,FREM1,459.0
A4FU01,L459H,0.9571,pathogenic,FREM1,459.0
A4FU01,L459I,0.2733,benign,FREM1,459.0
A4FU01,L459K,0.9877,pathogenic,FREM1,459.0
A4FU01,L459M,0.4343,ambiguous,FREM1,459.0
A4FU01,L459N,0.985,pathogenic,FREM1,459.0
A4FU01,L459P,0.8836,pathogenic,FREM1,459.0
A4FU01,L459Q,0.9355,pathogenic,FREM1,459.0
A4FU01,L459R,0.9575,pathogenic,FREM1,459.0
A4FU01,L459S,0.9513,pathogenic,FREM1,459.0
A4FU01,L459T,0.8754,pathogenic,FREM1,459.0
A4FU01,L459V,0.2612,benign,FREM1,459.0
A4FU01,L459W,0.8882,pathogenic,FREM1,459.0
A4FU01,L459Y,0.9431,pathogenic,FREM1,459.0
A4FU01,L460A,0.4206,ambiguous,FREM1,460.0
A4FU01,L460C,0.6509,pathogenic,FREM1,460.0
A4FU01,L460D,0.9213,pathogenic,FREM1,460.0
A4FU01,L460E,0.5744,pathogenic,FREM1,460.0
A4FU01,L460F,0.3636,ambiguous,FREM1,460.0
A4FU01,L460G,0.742,pathogenic,FREM1,460.0
A4FU01,L460H,0.5487,ambiguous,FREM1,460.0
A4FU01,L460I,0.1368,benign,FREM1,460.0
A4FU01,L460K,0.6525,pathogenic,FREM1,460.0
A4FU01,L460M,0.1797,benign,FREM1,460.0
A4FU01,L460N,0.7307,pathogenic,FREM1,460.0
A4FU01,L460P,0.7448,pathogenic,FREM1,460.0
A4FU01,L460Q,0.3227,benign,FREM1,460.0
A4FU01,L460R,0.4299,ambiguous,FREM1,460.0
A4FU01,L460S,0.5464,ambiguous,FREM1,460.0
A4FU01,L460T,0.3003,benign,FREM1,460.0
A4FU01,L460V,0.1147,benign,FREM1,460.0
A4FU01,L460W,0.4819,ambiguous,FREM1,460.0
A4FU01,L460Y,0.7057,pathogenic,FREM1,460.0
A4FU01,A461C,0.6476,pathogenic,FREM1,461.0
A4FU01,A461D,0.8969,pathogenic,FREM1,461.0
A4FU01,A461E,0.8382,pathogenic,FREM1,461.0
A4FU01,A461F,0.7775,pathogenic,FREM1,461.0
A4FU01,A461G,0.2621,benign,FREM1,461.0
A4FU01,A461H,0.8816,pathogenic,FREM1,461.0
A4FU01,A461I,0.7064,pathogenic,FREM1,461.0
A4FU01,A461K,0.9478,pathogenic,FREM1,461.0
A4FU01,A461L,0.5013,ambiguous,FREM1,461.0
A4FU01,A461M,0.6131,pathogenic,FREM1,461.0
A4FU01,A461N,0.8028,pathogenic,FREM1,461.0
A4FU01,A461P,0.895,pathogenic,FREM1,461.0
A4FU01,A461Q,0.8051,pathogenic,FREM1,461.0
A4FU01,A461R,0.8762,pathogenic,FREM1,461.0
A4FU01,A461S,0.1825,benign,FREM1,461.0
A4FU01,A461T,0.3204,benign,FREM1,461.0
A4FU01,A461V,0.3578,ambiguous,FREM1,461.0
A4FU01,A461W,0.9541,pathogenic,FREM1,461.0
A4FU01,A461Y,0.8825,pathogenic,FREM1,461.0
A4FU01,L462A,0.7267,pathogenic,FREM1,462.0
A4FU01,L462C,0.7727,pathogenic,FREM1,462.0
A4FU01,L462D,0.9974,pathogenic,FREM1,462.0
A4FU01,L462E,0.9667,pathogenic,FREM1,462.0
A4FU01,L462F,0.503,ambiguous,FREM1,462.0
A4FU01,L462G,0.9646,pathogenic,FREM1,462.0
A4FU01,L462H,0.9501,pathogenic,FREM1,462.0
A4FU01,L462I,0.1244,benign,FREM1,462.0
A4FU01,L462K,0.9747,pathogenic,FREM1,462.0
A4FU01,L462M,0.2066,benign,FREM1,462.0
A4FU01,L462N,0.9781,pathogenic,FREM1,462.0
A4FU01,L462P,0.9797,pathogenic,FREM1,462.0
A4FU01,L462Q,0.8667,pathogenic,FREM1,462.0
A4FU01,L462R,0.9368,pathogenic,FREM1,462.0
A4FU01,L462S,0.9081,pathogenic,FREM1,462.0
A4FU01,L462T,0.7114,pathogenic,FREM1,462.0
A4FU01,L462V,0.11,benign,FREM1,462.0
A4FU01,L462W,0.8447,pathogenic,FREM1,462.0
A4FU01,L462Y,0.9367,pathogenic,FREM1,462.0
A4FU01,H463A,0.6169,pathogenic,FREM1,463.0
A4FU01,H463C,0.3201,benign,FREM1,463.0
A4FU01,H463D,0.7381,pathogenic,FREM1,463.0
A4FU01,H463E,0.6992,pathogenic,FREM1,463.0
A4FU01,H463F,0.5238,ambiguous,FREM1,463.0
A4FU01,H463G,0.5947,pathogenic,FREM1,463.0
A4FU01,H463I,0.7809,pathogenic,FREM1,463.0
A4FU01,H463K,0.7582,pathogenic,FREM1,463.0
A4FU01,H463L,0.305,benign,FREM1,463.0
A4FU01,H463M,0.7566,pathogenic,FREM1,463.0
A4FU01,H463N,0.3518,ambiguous,FREM1,463.0
A4FU01,H463P,0.7441,pathogenic,FREM1,463.0
A4FU01,H463Q,0.4601,ambiguous,FREM1,463.0
A4FU01,H463R,0.3791,ambiguous,FREM1,463.0
A4FU01,H463S,0.4883,ambiguous,FREM1,463.0
A4FU01,H463T,0.6986,pathogenic,FREM1,463.0
A4FU01,H463V,0.6738,pathogenic,FREM1,463.0
A4FU01,H463W,0.3456,ambiguous,FREM1,463.0
A4FU01,H463Y,0.1631,benign,FREM1,463.0
A4FU01,D464A,0.8448,pathogenic,FREM1,464.0
A4FU01,D464C,0.9592,pathogenic,FREM1,464.0
A4FU01,D464E,0.727,pathogenic,FREM1,464.0
A4FU01,D464F,0.9766,pathogenic,FREM1,464.0
A4FU01,D464G,0.801,pathogenic,FREM1,464.0
A4FU01,D464H,0.8682,pathogenic,FREM1,464.0
A4FU01,D464I,0.9667,pathogenic,FREM1,464.0
A4FU01,D464K,0.9597,pathogenic,FREM1,464.0
A4FU01,D464L,0.9477,pathogenic,FREM1,464.0
A4FU01,D464M,0.9885,pathogenic,FREM1,464.0
A4FU01,D464N,0.5145,ambiguous,FREM1,464.0
A4FU01,D464P,0.9914,pathogenic,FREM1,464.0
A4FU01,D464Q,0.9211,pathogenic,FREM1,464.0
A4FU01,D464R,0.9263,pathogenic,FREM1,464.0
A4FU01,D464S,0.628,pathogenic,FREM1,464.0
A4FU01,D464T,0.9106,pathogenic,FREM1,464.0
A4FU01,D464V,0.9078,pathogenic,FREM1,464.0
A4FU01,D464W,0.9908,pathogenic,FREM1,464.0
A4FU01,D464Y,0.8267,pathogenic,FREM1,464.0
A4FU01,S465A,0.1249,benign,FREM1,465.0
A4FU01,S465C,0.1887,benign,FREM1,465.0
A4FU01,S465D,0.8911,pathogenic,FREM1,465.0
A4FU01,S465E,0.9358,pathogenic,FREM1,465.0
A4FU01,S465F,0.7893,pathogenic,FREM1,465.0
A4FU01,S465G,0.1753,benign,FREM1,465.0
A4FU01,S465H,0.8606,pathogenic,FREM1,465.0
A4FU01,S465I,0.6668,pathogenic,FREM1,465.0
A4FU01,S465K,0.9895,pathogenic,FREM1,465.0
A4FU01,S465L,0.4083,ambiguous,FREM1,465.0
A4FU01,S465M,0.554,ambiguous,FREM1,465.0
A4FU01,S465N,0.6302,pathogenic,FREM1,465.0
A4FU01,S465P,0.9555,pathogenic,FREM1,465.0
A4FU01,S465Q,0.9256,pathogenic,FREM1,465.0
A4FU01,S465R,0.9715,pathogenic,FREM1,465.0
A4FU01,S465T,0.1635,benign,FREM1,465.0
A4FU01,S465V,0.536,ambiguous,FREM1,465.0
A4FU01,S465W,0.8556,pathogenic,FREM1,465.0
A4FU01,S465Y,0.7698,pathogenic,FREM1,465.0
A4FU01,V466A,0.1076,benign,FREM1,466.0
A4FU01,V466C,0.5211,ambiguous,FREM1,466.0
A4FU01,V466D,0.5875,pathogenic,FREM1,466.0
A4FU01,V466E,0.457,ambiguous,FREM1,466.0
A4FU01,V466F,0.2228,benign,FREM1,466.0
A4FU01,V466G,0.1996,benign,FREM1,466.0
A4FU01,V466H,0.6965,pathogenic,FREM1,466.0
A4FU01,V466I,0.0788,benign,FREM1,466.0
A4FU01,V466K,0.6475,pathogenic,FREM1,466.0
A4FU01,V466L,0.1482,benign,FREM1,466.0
A4FU01,V466M,0.1471,benign,FREM1,466.0
A4FU01,V466N,0.355,ambiguous,FREM1,466.0
A4FU01,V466P,0.6221,pathogenic,FREM1,466.0
A4FU01,V466Q,0.4653,ambiguous,FREM1,466.0
A4FU01,V466R,0.5657,pathogenic,FREM1,466.0
A4FU01,V466S,0.1493,benign,FREM1,466.0
A4FU01,V466T,0.1453,benign,FREM1,466.0
A4FU01,V466W,0.807,pathogenic,FREM1,466.0
A4FU01,V466Y,0.6604,pathogenic,FREM1,466.0
A4FU01,R467A,0.2989,benign,FREM1,467.0
A4FU01,R467C,0.1297,benign,FREM1,467.0
A4FU01,R467D,0.5668,pathogenic,FREM1,467.0
A4FU01,R467E,0.3112,benign,FREM1,467.0
A4FU01,R467F,0.3426,ambiguous,FREM1,467.0
A4FU01,R467G,0.1762,benign,FREM1,467.0
A4FU01,R467H,0.098,benign,FREM1,467.0
A4FU01,R467I,0.3108,benign,FREM1,467.0
A4FU01,R467K,0.1923,benign,FREM1,467.0
A4FU01,R467L,0.1605,benign,FREM1,467.0
A4FU01,R467M,0.3011,benign,FREM1,467.0
A4FU01,R467N,0.4836,ambiguous,FREM1,467.0
A4FU01,R467P,0.5022,ambiguous,FREM1,467.0
A4FU01,R467Q,0.0935,benign,FREM1,467.0
A4FU01,R467S,0.3672,ambiguous,FREM1,467.0
A4FU01,R467T,0.2343,benign,FREM1,467.0
A4FU01,R467V,0.3183,benign,FREM1,467.0
A4FU01,R467W,0.0939,benign,FREM1,467.0
A4FU01,R467Y,0.2471,benign,FREM1,467.0
A4FU01,V468A,0.3177,benign,FREM1,468.0
A4FU01,V468C,0.6958,pathogenic,FREM1,468.0
A4FU01,V468D,0.5079,ambiguous,FREM1,468.0
A4FU01,V468E,0.4268,ambiguous,FREM1,468.0
A4FU01,V468F,0.2134,benign,FREM1,468.0
A4FU01,V468G,0.3357,benign,FREM1,468.0
A4FU01,V468H,0.6602,pathogenic,FREM1,468.0
A4FU01,V468I,0.0946,benign,FREM1,468.0
A4FU01,V468K,0.6308,pathogenic,FREM1,468.0
A4FU01,V468L,0.2207,benign,FREM1,468.0
A4FU01,V468M,0.203,benign,FREM1,468.0
A4FU01,V468N,0.3737,ambiguous,FREM1,468.0
A4FU01,V468P,0.7878,pathogenic,FREM1,468.0
A4FU01,V468Q,0.474,ambiguous,FREM1,468.0
A4FU01,V468R,0.5471,ambiguous,FREM1,468.0
A4FU01,V468S,0.321,benign,FREM1,468.0
A4FU01,V468T,0.3588,ambiguous,FREM1,468.0
A4FU01,V468W,0.8051,pathogenic,FREM1,468.0
A4FU01,V468Y,0.6218,pathogenic,FREM1,468.0
A4FU01,P469A,0.1554,benign,FREM1,469.0
A4FU01,P469C,0.5653,pathogenic,FREM1,469.0
A4FU01,P469D,0.7877,pathogenic,FREM1,469.0
A4FU01,P469E,0.5616,ambiguous,FREM1,469.0
A4FU01,P469F,0.742,pathogenic,FREM1,469.0
A4FU01,P469G,0.4895,ambiguous,FREM1,469.0
A4FU01,P469H,0.4327,ambiguous,FREM1,469.0
A4FU01,P469I,0.6411,pathogenic,FREM1,469.0
A4FU01,P469K,0.6579,pathogenic,FREM1,469.0
A4FU01,P469L,0.2516,benign,FREM1,469.0
A4FU01,P469M,0.5682,pathogenic,FREM1,469.0
A4FU01,P469N,0.6877,pathogenic,FREM1,469.0
A4FU01,P469Q,0.3729,ambiguous,FREM1,469.0
A4FU01,P469R,0.3658,ambiguous,FREM1,469.0
A4FU01,P469S,0.2497,benign,FREM1,469.0
A4FU01,P469T,0.227,benign,FREM1,469.0
A4FU01,P469V,0.4484,ambiguous,FREM1,469.0
A4FU01,P469W,0.7388,pathogenic,FREM1,469.0
A4FU01,P469Y,0.722,pathogenic,FREM1,469.0
A4FU01,D470A,0.3155,benign,FREM1,470.0
A4FU01,D470C,0.6752,pathogenic,FREM1,470.0
A4FU01,D470E,0.3604,ambiguous,FREM1,470.0
A4FU01,D470F,0.7255,pathogenic,FREM1,470.0
A4FU01,D470G,0.3051,benign,FREM1,470.0
A4FU01,D470H,0.4781,ambiguous,FREM1,470.0
A4FU01,D470I,0.64,pathogenic,FREM1,470.0
A4FU01,D470K,0.765,pathogenic,FREM1,470.0
A4FU01,D470L,0.6267,pathogenic,FREM1,470.0
A4FU01,D470M,0.8359,pathogenic,FREM1,470.0
A4FU01,D470N,0.2016,benign,FREM1,470.0
A4FU01,D470P,0.8371,pathogenic,FREM1,470.0
A4FU01,D470Q,0.6362,pathogenic,FREM1,470.0
A4FU01,D470R,0.7219,pathogenic,FREM1,470.0
A4FU01,D470S,0.2561,benign,FREM1,470.0
A4FU01,D470T,0.4947,ambiguous,FREM1,470.0
A4FU01,D470V,0.4107,ambiguous,FREM1,470.0
A4FU01,D470W,0.9293,pathogenic,FREM1,470.0
A4FU01,D470Y,0.3399,benign,FREM1,470.0
A4FU01,T471A,0.1456,benign,FREM1,471.0
A4FU01,T471C,0.3279,benign,FREM1,471.0
A4FU01,T471D,0.6014,pathogenic,FREM1,471.0
A4FU01,T471E,0.6255,pathogenic,FREM1,471.0
A4FU01,T471F,0.3521,ambiguous,FREM1,471.0
A4FU01,T471G,0.3322,benign,FREM1,471.0
A4FU01,T471H,0.3293,benign,FREM1,471.0
A4FU01,T471I,0.3994,ambiguous,FREM1,471.0
A4FU01,T471K,0.5169,ambiguous,FREM1,471.0
A4FU01,T471L,0.2269,benign,FREM1,471.0
A4FU01,T471M,0.1571,benign,FREM1,471.0
A4FU01,T471N,0.2076,benign,FREM1,471.0
A4FU01,T471P,0.3828,ambiguous,FREM1,471.0
A4FU01,T471Q,0.45,ambiguous,FREM1,471.0
A4FU01,T471R,0.3714,ambiguous,FREM1,471.0
A4FU01,T471S,0.1363,benign,FREM1,471.0
A4FU01,T471V,0.291,benign,FREM1,471.0
A4FU01,T471W,0.7321,pathogenic,FREM1,471.0
A4FU01,T471Y,0.3913,ambiguous,FREM1,471.0
A4FU01,L472A,0.0944,benign,FREM1,472.0
A4FU01,L472C,0.2571,benign,FREM1,472.0
A4FU01,L472D,0.2724,benign,FREM1,472.0
A4FU01,L472E,0.1545,benign,FREM1,472.0
A4FU01,L472F,0.0937,benign,FREM1,472.0
A4FU01,L472G,0.2149,benign,FREM1,472.0
A4FU01,L472H,0.1208,benign,FREM1,472.0
A4FU01,L472I,0.0965,benign,FREM1,472.0
A4FU01,L472K,0.1471,benign,FREM1,472.0
A4FU01,L472M,0.1029,benign,FREM1,472.0
A4FU01,L472N,0.1847,benign,FREM1,472.0
A4FU01,L472P,0.0692,benign,FREM1,472.0
A4FU01,L472Q,0.0832,benign,FREM1,472.0
A4FU01,L472R,0.1015,benign,FREM1,472.0
A4FU01,L472S,0.1026,benign,FREM1,472.0
A4FU01,L472T,0.1052,benign,FREM1,472.0
A4FU01,L472V,0.0754,benign,FREM1,472.0
A4FU01,L472W,0.1365,benign,FREM1,472.0
A4FU01,L472Y,0.1961,benign,FREM1,472.0
A4FU01,T473A,0.3786,ambiguous,FREM1,473.0
A4FU01,T473C,0.7249,pathogenic,FREM1,473.0
A4FU01,T473D,0.8389,pathogenic,FREM1,473.0
A4FU01,T473E,0.8687,pathogenic,FREM1,473.0
A4FU01,T473F,0.8295,pathogenic,FREM1,473.0
A4FU01,T473G,0.6765,pathogenic,FREM1,473.0
A4FU01,T473H,0.7194,pathogenic,FREM1,473.0
A4FU01,T473I,0.7638,pathogenic,FREM1,473.0
A4FU01,T473K,0.9029,pathogenic,FREM1,473.0
A4FU01,T473L,0.4681,ambiguous,FREM1,473.0
A4FU01,T473M,0.3687,ambiguous,FREM1,473.0
A4FU01,T473N,0.4929,ambiguous,FREM1,473.0
A4FU01,T473P,0.4228,ambiguous,FREM1,473.0
A4FU01,T473Q,0.7876,pathogenic,FREM1,473.0
A4FU01,T473R,0.8447,pathogenic,FREM1,473.0
A4FU01,T473S,0.2781,benign,FREM1,473.0
A4FU01,T473V,0.6053,pathogenic,FREM1,473.0
A4FU01,T473W,0.9328,pathogenic,FREM1,473.0
A4FU01,T473Y,0.8241,pathogenic,FREM1,473.0
A4FU01,F474A,0.9858,pathogenic,FREM1,474.0
A4FU01,F474C,0.931,pathogenic,FREM1,474.0
A4FU01,F474D,0.9975,pathogenic,FREM1,474.0
A4FU01,F474E,0.9982,pathogenic,FREM1,474.0
A4FU01,F474G,0.9902,pathogenic,FREM1,474.0
A4FU01,F474H,0.9772,pathogenic,FREM1,474.0
A4FU01,F474I,0.9089,pathogenic,FREM1,474.0
A4FU01,F474K,0.998,pathogenic,FREM1,474.0
A4FU01,F474L,0.9792,pathogenic,FREM1,474.0
A4FU01,F474M,0.953,pathogenic,FREM1,474.0
A4FU01,F474N,0.9913,pathogenic,FREM1,474.0
A4FU01,F474P,0.997,pathogenic,FREM1,474.0
A4FU01,F474Q,0.9959,pathogenic,FREM1,474.0
A4FU01,F474R,0.9933,pathogenic,FREM1,474.0
A4FU01,F474S,0.9793,pathogenic,FREM1,474.0
A4FU01,F474T,0.99,pathogenic,FREM1,474.0
A4FU01,F474V,0.8927,pathogenic,FREM1,474.0
A4FU01,F474W,0.882,pathogenic,FREM1,474.0
A4FU01,F474Y,0.7162,pathogenic,FREM1,474.0
A4FU01,L475A,0.26,benign,FREM1,475.0
A4FU01,L475C,0.348,ambiguous,FREM1,475.0
A4FU01,L475D,0.7273,pathogenic,FREM1,475.0
A4FU01,L475E,0.3088,benign,FREM1,475.0
A4FU01,L475F,0.1259,benign,FREM1,475.0
A4FU01,L475G,0.4505,ambiguous,FREM1,475.0
A4FU01,L475H,0.1907,benign,FREM1,475.0
A4FU01,L475I,0.1299,benign,FREM1,475.0
A4FU01,L475K,0.2574,benign,FREM1,475.0
A4FU01,L475M,0.1408,benign,FREM1,475.0
A4FU01,L475N,0.4583,ambiguous,FREM1,475.0
A4FU01,L475P,0.5662,pathogenic,FREM1,475.0
A4FU01,L475Q,0.0975,benign,FREM1,475.0
A4FU01,L475R,0.1259,benign,FREM1,475.0
A4FU01,L475S,0.2298,benign,FREM1,475.0
A4FU01,L475T,0.2379,benign,FREM1,475.0
A4FU01,L475V,0.1186,benign,FREM1,475.0
A4FU01,L475W,0.1647,benign,FREM1,475.0
A4FU01,L475Y,0.3336,benign,FREM1,475.0
A4FU01,R476A,0.3286,benign,FREM1,476.0
A4FU01,R476C,0.109,benign,FREM1,476.0
A4FU01,R476D,0.5427,ambiguous,FREM1,476.0
A4FU01,R476E,0.279,benign,FREM1,476.0
A4FU01,R476F,0.428,ambiguous,FREM1,476.0
A4FU01,R476G,0.1588,benign,FREM1,476.0
A4FU01,R476H,0.0926,benign,FREM1,476.0
A4FU01,R476I,0.3744,ambiguous,FREM1,476.0
A4FU01,R476K,0.1302,benign,FREM1,476.0
A4FU01,R476L,0.2123,benign,FREM1,476.0
A4FU01,R476M,0.3092,benign,FREM1,476.0
A4FU01,R476N,0.456,ambiguous,FREM1,476.0
A4FU01,R476P,0.6027,pathogenic,FREM1,476.0
A4FU01,R476Q,0.0861,benign,FREM1,476.0
A4FU01,R476S,0.3516,ambiguous,FREM1,476.0
A4FU01,R476T,0.2633,benign,FREM1,476.0
A4FU01,R476V,0.3932,ambiguous,FREM1,476.0
A4FU01,R476W,0.1075,benign,FREM1,476.0
A4FU01,R476Y,0.2289,benign,FREM1,476.0
A4FU01,N477A,0.5214,ambiguous,FREM1,477.0
A4FU01,N477C,0.5918,pathogenic,FREM1,477.0
A4FU01,N477D,0.0584,benign,FREM1,477.0
A4FU01,N477E,0.6369,pathogenic,FREM1,477.0
A4FU01,N477F,0.9494,pathogenic,FREM1,477.0
A4FU01,N477G,0.4292,ambiguous,FREM1,477.0
A4FU01,N477H,0.4306,ambiguous,FREM1,477.0
A4FU01,N477I,0.827,pathogenic,FREM1,477.0
A4FU01,N477K,0.8425,pathogenic,FREM1,477.0
A4FU01,N477L,0.7972,pathogenic,FREM1,477.0
A4FU01,N477M,0.8364,pathogenic,FREM1,477.0
A4FU01,N477P,0.8062,pathogenic,FREM1,477.0
A4FU01,N477Q,0.7466,pathogenic,FREM1,477.0
A4FU01,N477R,0.8253,pathogenic,FREM1,477.0
A4FU01,N477S,0.1316,benign,FREM1,477.0
A4FU01,N477T,0.3759,ambiguous,FREM1,477.0
A4FU01,N477V,0.7456,pathogenic,FREM1,477.0
A4FU01,N477W,0.9633,pathogenic,FREM1,477.0
A4FU01,N477Y,0.6034,pathogenic,FREM1,477.0
A4FU01,T478A,0.1379,benign,FREM1,478.0
A4FU01,T478C,0.3074,benign,FREM1,478.0
A4FU01,T478D,0.4451,ambiguous,FREM1,478.0
A4FU01,T478E,0.5604,ambiguous,FREM1,478.0
A4FU01,T478F,0.519,ambiguous,FREM1,478.0
A4FU01,T478G,0.2999,benign,FREM1,478.0
A4FU01,T478H,0.3018,benign,FREM1,478.0
A4FU01,T478I,0.4664,ambiguous,FREM1,478.0
A4FU01,T478K,0.4811,ambiguous,FREM1,478.0
A4FU01,T478L,0.2288,benign,FREM1,478.0
A4FU01,T478M,0.1617,benign,FREM1,478.0
A4FU01,T478N,0.115,benign,FREM1,478.0
A4FU01,T478P,0.4822,ambiguous,FREM1,478.0
A4FU01,T478Q,0.4365,ambiguous,FREM1,478.0
A4FU01,T478R,0.4095,ambiguous,FREM1,478.0
A4FU01,T478S,0.0867,benign,FREM1,478.0
A4FU01,T478V,0.3704,ambiguous,FREM1,478.0
A4FU01,T478W,0.8106,pathogenic,FREM1,478.0
A4FU01,T478Y,0.489,ambiguous,FREM1,478.0
A4FU01,P479A,0.0807,benign,FREM1,479.0
A4FU01,P479C,0.406,ambiguous,FREM1,479.0
A4FU01,P479D,0.6073,pathogenic,FREM1,479.0
A4FU01,P479E,0.3423,ambiguous,FREM1,479.0
A4FU01,P479F,0.5744,pathogenic,FREM1,479.0
A4FU01,P479G,0.3901,ambiguous,FREM1,479.0
A4FU01,P479H,0.2765,benign,FREM1,479.0
A4FU01,P479I,0.3863,ambiguous,FREM1,479.0
A4FU01,P479K,0.6169,pathogenic,FREM1,479.0
A4FU01,P479L,0.1792,benign,FREM1,479.0
A4FU01,P479M,0.4416,ambiguous,FREM1,479.0
A4FU01,P479N,0.4527,ambiguous,FREM1,479.0
A4FU01,P479Q,0.2233,benign,FREM1,479.0
A4FU01,P479R,0.3416,ambiguous,FREM1,479.0
A4FU01,P479S,0.1286,benign,FREM1,479.0
A4FU01,P479T,0.1341,benign,FREM1,479.0
A4FU01,P479V,0.2373,benign,FREM1,479.0
A4FU01,P479W,0.6578,pathogenic,FREM1,479.0
A4FU01,P479Y,0.5257,ambiguous,FREM1,479.0
A4FU01,W480A,0.2596,benign,FREM1,480.0
A4FU01,W480C,0.5103,ambiguous,FREM1,480.0
A4FU01,W480D,0.7745,pathogenic,FREM1,480.0
A4FU01,W480E,0.4889,ambiguous,FREM1,480.0
A4FU01,W480F,0.2678,benign,FREM1,480.0
A4FU01,W480G,0.1883,benign,FREM1,480.0
A4FU01,W480H,0.4121,ambiguous,FREM1,480.0
A4FU01,W480I,0.6096,pathogenic,FREM1,480.0
A4FU01,W480K,0.3826,ambiguous,FREM1,480.0
A4FU01,W480L,0.267,benign,FREM1,480.0
A4FU01,W480M,0.5161,ambiguous,FREM1,480.0
A4FU01,W480N,0.716,pathogenic,FREM1,480.0
A4FU01,W480P,0.8438,pathogenic,FREM1,480.0
A4FU01,W480Q,0.3321,benign,FREM1,480.0
A4FU01,W480R,0.2317,benign,FREM1,480.0
A4FU01,W480S,0.2888,benign,FREM1,480.0
A4FU01,W480T,0.4602,ambiguous,FREM1,480.0
A4FU01,W480V,0.4354,ambiguous,FREM1,480.0
A4FU01,W480Y,0.3529,ambiguous,FREM1,480.0
A4FU01,E481A,0.3359,benign,FREM1,481.0
A4FU01,E481C,0.9186,pathogenic,FREM1,481.0
A4FU01,E481D,0.3514,ambiguous,FREM1,481.0
A4FU01,E481F,0.9038,pathogenic,FREM1,481.0
A4FU01,E481G,0.3469,ambiguous,FREM1,481.0
A4FU01,E481H,0.6913,pathogenic,FREM1,481.0
A4FU01,E481I,0.7041,pathogenic,FREM1,481.0
A4FU01,E481K,0.4052,ambiguous,FREM1,481.0
A4FU01,E481L,0.6118,pathogenic,FREM1,481.0
A4FU01,E481M,0.6623,pathogenic,FREM1,481.0
A4FU01,E481N,0.6115,pathogenic,FREM1,481.0
A4FU01,E481P,0.9444,pathogenic,FREM1,481.0
A4FU01,E481Q,0.1797,benign,FREM1,481.0
A4FU01,E481R,0.5214,ambiguous,FREM1,481.0
A4FU01,E481S,0.5135,ambiguous,FREM1,481.0
A4FU01,E481T,0.6123,pathogenic,FREM1,481.0
A4FU01,E481V,0.4799,ambiguous,FREM1,481.0
A4FU01,E481W,0.9422,pathogenic,FREM1,481.0
A4FU01,E481Y,0.8287,pathogenic,FREM1,481.0
A4FU01,R482A,0.3612,ambiguous,FREM1,482.0
A4FU01,R482C,0.1919,benign,FREM1,482.0
A4FU01,R482D,0.657,pathogenic,FREM1,482.0
A4FU01,R482E,0.3063,benign,FREM1,482.0
A4FU01,R482F,0.5487,ambiguous,FREM1,482.0
A4FU01,R482G,0.2604,benign,FREM1,482.0
A4FU01,R482H,0.1336,benign,FREM1,482.0
A4FU01,R482I,0.2645,benign,FREM1,482.0
A4FU01,R482K,0.1344,benign,FREM1,482.0
A4FU01,R482L,0.2247,benign,FREM1,482.0
A4FU01,R482M,0.2698,benign,FREM1,482.0
A4FU01,R482N,0.5852,pathogenic,FREM1,482.0
A4FU01,R482P,0.7346,pathogenic,FREM1,482.0
A4FU01,R482Q,0.0968,benign,FREM1,482.0
A4FU01,R482S,0.5354,ambiguous,FREM1,482.0
A4FU01,R482T,0.2819,benign,FREM1,482.0
A4FU01,R482V,0.3589,ambiguous,FREM1,482.0
A4FU01,R482W,0.1439,benign,FREM1,482.0
A4FU01,R482Y,0.3446,ambiguous,FREM1,482.0
A4FU01,G483A,0.0894,benign,FREM1,483.0
A4FU01,G483C,0.143,benign,FREM1,483.0
A4FU01,G483D,0.1674,benign,FREM1,483.0
A4FU01,G483E,0.1116,benign,FREM1,483.0
A4FU01,G483F,0.3939,ambiguous,FREM1,483.0
A4FU01,G483H,0.2556,benign,FREM1,483.0
A4FU01,G483I,0.1982,benign,FREM1,483.0
A4FU01,G483K,0.2259,benign,FREM1,483.0
A4FU01,G483L,0.2375,benign,FREM1,483.0
A4FU01,G483M,0.2933,benign,FREM1,483.0
A4FU01,G483N,0.2111,benign,FREM1,483.0
A4FU01,G483P,0.7313,pathogenic,FREM1,483.0
A4FU01,G483Q,0.1663,benign,FREM1,483.0
A4FU01,G483R,0.1604,benign,FREM1,483.0
A4FU01,G483S,0.095,benign,FREM1,483.0
A4FU01,G483T,0.1303,benign,FREM1,483.0
A4FU01,G483V,0.1274,benign,FREM1,483.0
A4FU01,G483W,0.2132,benign,FREM1,483.0
A4FU01,G483Y,0.2728,benign,FREM1,483.0
A4FU01,K484A,0.3719,ambiguous,FREM1,484.0
A4FU01,K484C,0.5707,pathogenic,FREM1,484.0
A4FU01,K484D,0.6183,pathogenic,FREM1,484.0
A4FU01,K484E,0.1741,benign,FREM1,484.0
A4FU01,K484F,0.669,pathogenic,FREM1,484.0
A4FU01,K484G,0.3784,ambiguous,FREM1,484.0
A4FU01,K484H,0.2997,benign,FREM1,484.0
A4FU01,K484I,0.3173,benign,FREM1,484.0
A4FU01,K484L,0.2986,benign,FREM1,484.0
A4FU01,K484M,0.2237,benign,FREM1,484.0
A4FU01,K484N,0.4287,ambiguous,FREM1,484.0
A4FU01,K484P,0.6477,pathogenic,FREM1,484.0
A4FU01,K484Q,0.1119,benign,FREM1,484.0
A4FU01,K484R,0.0723,benign,FREM1,484.0
A4FU01,K484S,0.4112,ambiguous,FREM1,484.0
A4FU01,K484T,0.2403,benign,FREM1,484.0
A4FU01,K484V,0.3315,benign,FREM1,484.0
A4FU01,K484W,0.6218,pathogenic,FREM1,484.0
A4FU01,K484Y,0.523,ambiguous,FREM1,484.0
A4FU01,Q485A,0.1076,benign,FREM1,485.0
A4FU01,Q485C,0.2629,benign,FREM1,485.0
A4FU01,Q485D,0.161,benign,FREM1,485.0
A4FU01,Q485E,0.072,benign,FREM1,485.0
A4FU01,Q485F,0.3161,benign,FREM1,485.0
A4FU01,Q485G,0.1118,benign,FREM1,485.0
A4FU01,Q485H,0.1027,benign,FREM1,485.0
A4FU01,Q485I,0.177,benign,FREM1,485.0
A4FU01,Q485K,0.0721,benign,FREM1,485.0
A4FU01,Q485L,0.0881,benign,FREM1,485.0
A4FU01,Q485M,0.2068,benign,FREM1,485.0
A4FU01,Q485N,0.1391,benign,FREM1,485.0
A4FU01,Q485P,0.0764,benign,FREM1,485.0
A4FU01,Q485R,0.0729,benign,FREM1,485.0
A4FU01,Q485S,0.1226,benign,FREM1,485.0
A4FU01,Q485T,0.1095,benign,FREM1,485.0
A4FU01,Q485V,0.1228,benign,FREM1,485.0
A4FU01,Q485W,0.1955,benign,FREM1,485.0
A4FU01,Q485Y,0.1888,benign,FREM1,485.0
A4FU01,S486A,0.0822,benign,FREM1,486.0
A4FU01,S486C,0.0729,benign,FREM1,486.0
A4FU01,S486D,0.137,benign,FREM1,486.0
A4FU01,S486E,0.1765,benign,FREM1,486.0
A4FU01,S486F,0.1767,benign,FREM1,486.0
A4FU01,S486G,0.0618,benign,FREM1,486.0
A4FU01,S486H,0.119,benign,FREM1,486.0
A4FU01,S486I,0.1029,benign,FREM1,486.0
A4FU01,S486K,0.1811,benign,FREM1,486.0
A4FU01,S486L,0.113,benign,FREM1,486.0
A4FU01,S486M,0.1485,benign,FREM1,486.0
A4FU01,S486N,0.0716,benign,FREM1,486.0
A4FU01,S486P,0.1504,benign,FREM1,486.0
A4FU01,S486Q,0.1664,benign,FREM1,486.0
A4FU01,S486R,0.1419,benign,FREM1,486.0
A4FU01,S486T,0.0776,benign,FREM1,486.0
A4FU01,S486V,0.1273,benign,FREM1,486.0
A4FU01,S486W,0.1592,benign,FREM1,486.0
A4FU01,S486Y,0.1129,benign,FREM1,486.0
A4FU01,G487A,0.0928,benign,FREM1,487.0
A4FU01,G487C,0.1175,benign,FREM1,487.0
A4FU01,G487D,0.119,benign,FREM1,487.0
A4FU01,G487E,0.1067,benign,FREM1,487.0
A4FU01,G487F,0.2501,benign,FREM1,487.0
A4FU01,G487H,0.153,benign,FREM1,487.0
A4FU01,G487I,0.1474,benign,FREM1,487.0
A4FU01,G487K,0.139,benign,FREM1,487.0
A4FU01,G487L,0.1837,benign,FREM1,487.0
A4FU01,G487M,0.2446,benign,FREM1,487.0
A4FU01,G487N,0.1562,benign,FREM1,487.0
A4FU01,G487P,0.3065,benign,FREM1,487.0
A4FU01,G487Q,0.1232,benign,FREM1,487.0
A4FU01,G487R,0.0899,benign,FREM1,487.0
A4FU01,G487S,0.0811,benign,FREM1,487.0
A4FU01,G487T,0.1042,benign,FREM1,487.0
A4FU01,G487V,0.109,benign,FREM1,487.0
A4FU01,G487W,0.1562,benign,FREM1,487.0
A4FU01,G487Y,0.1818,benign,FREM1,487.0
A4FU01,Q488A,0.1379,benign,FREM1,488.0
A4FU01,Q488C,0.3254,benign,FREM1,488.0
A4FU01,Q488D,0.1735,benign,FREM1,488.0
A4FU01,Q488E,0.0783,benign,FREM1,488.0
A4FU01,Q488F,0.3352,benign,FREM1,488.0
A4FU01,Q488G,0.1472,benign,FREM1,488.0
A4FU01,Q488H,0.1157,benign,FREM1,488.0
A4FU01,Q488I,0.1915,benign,FREM1,488.0
A4FU01,Q488K,0.0799,benign,FREM1,488.0
A4FU01,Q488L,0.0896,benign,FREM1,488.0
A4FU01,Q488M,0.2222,benign,FREM1,488.0
A4FU01,Q488N,0.1558,benign,FREM1,488.0
A4FU01,Q488P,0.0853,benign,FREM1,488.0
A4FU01,Q488R,0.0794,benign,FREM1,488.0
A4FU01,Q488S,0.1399,benign,FREM1,488.0
A4FU01,Q488T,0.1323,benign,FREM1,488.0
A4FU01,Q488V,0.1461,benign,FREM1,488.0
A4FU01,Q488W,0.2366,benign,FREM1,488.0
A4FU01,Q488Y,0.2111,benign,FREM1,488.0
A4FU01,L489A,0.0903,benign,FREM1,489.0
A4FU01,L489C,0.0998,benign,FREM1,489.0
A4FU01,L489D,0.1607,benign,FREM1,489.0
A4FU01,L489E,0.1164,benign,FREM1,489.0
A4FU01,L489F,0.0456,benign,FREM1,489.0
A4FU01,L489G,0.1155,benign,FREM1,489.0
A4FU01,L489H,0.0662,benign,FREM1,489.0
A4FU01,L489I,0.0583,benign,FREM1,489.0
A4FU01,L489K,0.0977,benign,FREM1,489.0
A4FU01,L489M,0.0759,benign,FREM1,489.0
A4FU01,L489N,0.0944,benign,FREM1,489.0
A4FU01,L489P,0.0697,benign,FREM1,489.0
A4FU01,L489Q,0.0631,benign,FREM1,489.0
A4FU01,L489R,0.067,benign,FREM1,489.0
A4FU01,L489S,0.0838,benign,FREM1,489.0
A4FU01,L489T,0.0936,benign,FREM1,489.0
A4FU01,L489V,0.0568,benign,FREM1,489.0
A4FU01,L489W,0.0614,benign,FREM1,489.0
A4FU01,L489Y,0.0765,benign,FREM1,489.0
A4FU01,N490A,0.1169,benign,FREM1,490.0
A4FU01,N490C,0.1424,benign,FREM1,490.0
A4FU01,N490D,0.0975,benign,FREM1,490.0
A4FU01,N490E,0.1863,benign,FREM1,490.0
A4FU01,N490F,0.2777,benign,FREM1,490.0
A4FU01,N490G,0.1489,benign,FREM1,490.0
A4FU01,N490H,0.072,benign,FREM1,490.0
A4FU01,N490I,0.1225,benign,FREM1,490.0
A4FU01,N490K,0.1224,benign,FREM1,490.0
A4FU01,N490L,0.1275,benign,FREM1,490.0
A4FU01,N490M,0.22,benign,FREM1,490.0
A4FU01,N490P,0.1409,benign,FREM1,490.0
A4FU01,N490Q,0.1572,benign,FREM1,490.0
A4FU01,N490R,0.134,benign,FREM1,490.0
A4FU01,N490S,0.0711,benign,FREM1,490.0
A4FU01,N490T,0.0907,benign,FREM1,490.0
A4FU01,N490V,0.1328,benign,FREM1,490.0
A4FU01,N490W,0.4175,ambiguous,FREM1,490.0
A4FU01,N490Y,0.0999,benign,FREM1,490.0
A4FU01,S491A,0.0749,benign,FREM1,491.0
A4FU01,S491C,0.0843,benign,FREM1,491.0
A4FU01,S491D,0.2297,benign,FREM1,491.0
A4FU01,S491E,0.3173,benign,FREM1,491.0
A4FU01,S491F,0.1422,benign,FREM1,491.0
A4FU01,S491G,0.0809,benign,FREM1,491.0
A4FU01,S491H,0.2049,benign,FREM1,491.0
A4FU01,S491I,0.1361,benign,FREM1,491.0
A4FU01,S491K,0.4056,ambiguous,FREM1,491.0
A4FU01,S491L,0.096,benign,FREM1,491.0
A4FU01,S491M,0.1905,benign,FREM1,491.0
A4FU01,S491N,0.119,benign,FREM1,491.0
A4FU01,S491P,0.0982,benign,FREM1,491.0
A4FU01,S491Q,0.3159,benign,FREM1,491.0
A4FU01,S491R,0.3157,benign,FREM1,491.0
A4FU01,S491T,0.0719,benign,FREM1,491.0
A4FU01,S491V,0.1356,benign,FREM1,491.0
A4FU01,S491W,0.1814,benign,FREM1,491.0
A4FU01,S491Y,0.1157,benign,FREM1,491.0
A4FU01,Y492A,0.2795,benign,FREM1,492.0
A4FU01,Y492C,0.1023,benign,FREM1,492.0
A4FU01,Y492D,0.1755,benign,FREM1,492.0
A4FU01,Y492E,0.4499,ambiguous,FREM1,492.0
A4FU01,Y492F,0.1091,benign,FREM1,492.0
A4FU01,Y492G,0.241,benign,FREM1,492.0
A4FU01,Y492H,0.1737,benign,FREM1,492.0
A4FU01,Y492I,0.3552,ambiguous,FREM1,492.0
A4FU01,Y492K,0.4273,ambiguous,FREM1,492.0
A4FU01,Y492L,0.323,benign,FREM1,492.0
A4FU01,Y492M,0.4967,ambiguous,FREM1,492.0
A4FU01,Y492N,0.1494,benign,FREM1,492.0
A4FU01,Y492P,0.3673,ambiguous,FREM1,492.0
A4FU01,Y492Q,0.3654,ambiguous,FREM1,492.0
A4FU01,Y492R,0.2815,benign,FREM1,492.0
A4FU01,Y492S,0.1334,benign,FREM1,492.0
A4FU01,Y492T,0.273,benign,FREM1,492.0
A4FU01,Y492V,0.2517,benign,FREM1,492.0
A4FU01,Y492W,0.305,benign,FREM1,492.0
A4FU01,T493A,0.0852,benign,FREM1,493.0
A4FU01,T493C,0.3366,benign,FREM1,493.0
A4FU01,T493D,0.3088,benign,FREM1,493.0
A4FU01,T493E,0.25,benign,FREM1,493.0
A4FU01,T493F,0.2394,benign,FREM1,493.0
A4FU01,T493G,0.1811,benign,FREM1,493.0
A4FU01,T493H,0.1837,benign,FREM1,493.0
A4FU01,T493I,0.1984,benign,FREM1,493.0
A4FU01,T493K,0.1503,benign,FREM1,493.0
A4FU01,T493L,0.1146,benign,FREM1,493.0
A4FU01,T493M,0.1111,benign,FREM1,493.0
A4FU01,T493N,0.1282,benign,FREM1,493.0
A4FU01,T493P,0.085,benign,FREM1,493.0
A4FU01,T493Q,0.1694,benign,FREM1,493.0
A4FU01,T493R,0.1134,benign,FREM1,493.0
A4FU01,T493S,0.0997,benign,FREM1,493.0
A4FU01,T493V,0.1663,benign,FREM1,493.0
A4FU01,T493W,0.4552,ambiguous,FREM1,493.0
A4FU01,T493Y,0.2624,benign,FREM1,493.0
A4FU01,Q494A,0.16,benign,FREM1,494.0
A4FU01,Q494C,0.6018,pathogenic,FREM1,494.0
A4FU01,Q494D,0.2732,benign,FREM1,494.0
A4FU01,Q494E,0.0795,benign,FREM1,494.0
A4FU01,Q494F,0.693,pathogenic,FREM1,494.0
A4FU01,Q494G,0.2121,benign,FREM1,494.0
A4FU01,Q494H,0.2241,benign,FREM1,494.0
A4FU01,Q494I,0.4175,ambiguous,FREM1,494.0
A4FU01,Q494K,0.1062,benign,FREM1,494.0
A4FU01,Q494L,0.1687,benign,FREM1,494.0
A4FU01,Q494M,0.3527,ambiguous,FREM1,494.0
A4FU01,Q494N,0.2581,benign,FREM1,494.0
A4FU01,Q494P,0.0971,benign,FREM1,494.0
A4FU01,Q494R,0.1036,benign,FREM1,494.0
A4FU01,Q494S,0.1928,benign,FREM1,494.0
A4FU01,Q494T,0.1717,benign,FREM1,494.0
A4FU01,Q494V,0.24,benign,FREM1,494.0
A4FU01,Q494W,0.4908,ambiguous,FREM1,494.0
A4FU01,Q494Y,0.4722,ambiguous,FREM1,494.0
A4FU01,V495A,0.1629,benign,FREM1,495.0
A4FU01,V495C,0.5738,pathogenic,FREM1,495.0
A4FU01,V495D,0.1985,benign,FREM1,495.0
A4FU01,V495E,0.2103,benign,FREM1,495.0
A4FU01,V495F,0.1359,benign,FREM1,495.0
A4FU01,V495G,0.1358,benign,FREM1,495.0
A4FU01,V495H,0.415,ambiguous,FREM1,495.0
A4FU01,V495I,0.0853,benign,FREM1,495.0
A4FU01,V495K,0.2769,benign,FREM1,495.0
A4FU01,V495L,0.1758,benign,FREM1,495.0
A4FU01,V495M,0.1517,benign,FREM1,495.0
A4FU01,V495N,0.1811,benign,FREM1,495.0
A4FU01,V495P,0.312,benign,FREM1,495.0
A4FU01,V495Q,0.2776,benign,FREM1,495.0
A4FU01,V495R,0.2391,benign,FREM1,495.0
A4FU01,V495S,0.1754,benign,FREM1,495.0
A4FU01,V495T,0.178,benign,FREM1,495.0
A4FU01,V495W,0.603,pathogenic,FREM1,495.0
A4FU01,V495Y,0.3656,ambiguous,FREM1,495.0
A4FU01,Y496A,0.5147,ambiguous,FREM1,496.0
A4FU01,Y496C,0.1869,benign,FREM1,496.0
A4FU01,Y496D,0.3472,ambiguous,FREM1,496.0
A4FU01,Y496E,0.6522,pathogenic,FREM1,496.0
A4FU01,Y496F,0.1519,benign,FREM1,496.0
A4FU01,Y496G,0.4052,ambiguous,FREM1,496.0
A4FU01,Y496H,0.3123,benign,FREM1,496.0
A4FU01,Y496I,0.576,pathogenic,FREM1,496.0
A4FU01,Y496K,0.6523,pathogenic,FREM1,496.0
A4FU01,Y496L,0.4769,ambiguous,FREM1,496.0
A4FU01,Y496M,0.6791,pathogenic,FREM1,496.0
A4FU01,Y496N,0.2632,benign,FREM1,496.0
A4FU01,Y496P,0.5634,ambiguous,FREM1,496.0
A4FU01,Y496Q,0.5694,pathogenic,FREM1,496.0
A4FU01,Y496R,0.4751,ambiguous,FREM1,496.0
A4FU01,Y496S,0.272,benign,FREM1,496.0
A4FU01,Y496T,0.5091,ambiguous,FREM1,496.0
A4FU01,Y496V,0.4365,ambiguous,FREM1,496.0
A4FU01,Y496W,0.4425,ambiguous,FREM1,496.0
A4FU01,T497A,0.0773,benign,FREM1,497.0
A4FU01,T497C,0.2892,benign,FREM1,497.0
A4FU01,T497D,0.2315,benign,FREM1,497.0
A4FU01,T497E,0.1963,benign,FREM1,497.0
A4FU01,T497F,0.1617,benign,FREM1,497.0
A4FU01,T497G,0.1835,benign,FREM1,497.0
A4FU01,T497H,0.1474,benign,FREM1,497.0
A4FU01,T497I,0.1121,benign,FREM1,497.0
A4FU01,T497K,0.1337,benign,FREM1,497.0
A4FU01,T497L,0.0821,benign,FREM1,497.0
A4FU01,T497M,0.0915,benign,FREM1,497.0
A4FU01,T497N,0.0944,benign,FREM1,497.0
A4FU01,T497P,0.0891,benign,FREM1,497.0
A4FU01,T497Q,0.155,benign,FREM1,497.0
A4FU01,T497R,0.1071,benign,FREM1,497.0
A4FU01,T497S,0.0926,benign,FREM1,497.0
A4FU01,T497V,0.1083,benign,FREM1,497.0
A4FU01,T497W,0.4185,ambiguous,FREM1,497.0
A4FU01,T497Y,0.1937,benign,FREM1,497.0
A4FU01,P498A,0.0613,benign,FREM1,498.0
A4FU01,P498C,0.2378,benign,FREM1,498.0
A4FU01,P498D,0.1955,benign,FREM1,498.0
A4FU01,P498E,0.144,benign,FREM1,498.0
A4FU01,P498F,0.2726,benign,FREM1,498.0
A4FU01,P498G,0.1439,benign,FREM1,498.0
A4FU01,P498H,0.1184,benign,FREM1,498.0
A4FU01,P498I,0.2151,benign,FREM1,498.0
A4FU01,P498K,0.1612,benign,FREM1,498.0
A4FU01,P498L,0.0979,benign,FREM1,498.0
A4FU01,P498M,0.2107,benign,FREM1,498.0
A4FU01,P498N,0.1791,benign,FREM1,498.0
A4FU01,P498Q,0.1079,benign,FREM1,498.0
A4FU01,P498R,0.1052,benign,FREM1,498.0
A4FU01,P498S,0.0801,benign,FREM1,498.0
A4FU01,P498T,0.0758,benign,FREM1,498.0
A4FU01,P498V,0.1391,benign,FREM1,498.0
A4FU01,P498W,0.2896,benign,FREM1,498.0
A4FU01,P498Y,0.2236,benign,FREM1,498.0
A4FU01,G499A,0.0848,benign,FREM1,499.0
A4FU01,G499C,0.1292,benign,FREM1,499.0
A4FU01,G499D,0.0959,benign,FREM1,499.0
A4FU01,G499E,0.08,benign,FREM1,499.0
A4FU01,G499F,0.2854,benign,FREM1,499.0
A4FU01,G499H,0.1679,benign,FREM1,499.0
A4FU01,G499I,0.139,benign,FREM1,499.0
A4FU01,G499K,0.1508,benign,FREM1,499.0
A4FU01,G499L,0.2027,benign,FREM1,499.0
A4FU01,G499M,0.2463,benign,FREM1,499.0
A4FU01,G499N,0.1533,benign,FREM1,499.0
A4FU01,G499P,0.288,benign,FREM1,499.0
A4FU01,G499Q,0.1262,benign,FREM1,499.0
A4FU01,G499R,0.116,benign,FREM1,499.0
A4FU01,G499S,0.0855,benign,FREM1,499.0
A4FU01,G499T,0.0973,benign,FREM1,499.0
A4FU01,G499V,0.0975,benign,FREM1,499.0
A4FU01,G499W,0.1692,benign,FREM1,499.0
A4FU01,G499Y,0.1849,benign,FREM1,499.0
A4FU01,Y500A,0.1553,benign,FREM1,500.0
A4FU01,Y500C,0.079,benign,FREM1,500.0
A4FU01,Y500D,0.083,benign,FREM1,500.0
A4FU01,Y500E,0.2224,benign,FREM1,500.0
A4FU01,Y500F,0.0946,benign,FREM1,500.0
A4FU01,Y500G,0.1285,benign,FREM1,500.0
A4FU01,Y500H,0.0974,benign,FREM1,500.0
A4FU01,Y500I,0.1711,benign,FREM1,500.0
A4FU01,Y500K,0.2136,benign,FREM1,500.0
A4FU01,Y500L,0.1839,benign,FREM1,500.0
A4FU01,Y500M,0.2946,benign,FREM1,500.0
A4FU01,Y500N,0.0654,benign,FREM1,500.0
A4FU01,Y500P,0.2002,benign,FREM1,500.0
A4FU01,Y500Q,0.1838,benign,FREM1,500.0
A4FU01,Y500R,0.1589,benign,FREM1,500.0
A4FU01,Y500S,0.0769,benign,FREM1,500.0
A4FU01,Y500T,0.1426,benign,FREM1,500.0
A4FU01,Y500V,0.1492,benign,FREM1,500.0
A4FU01,Y500W,0.2475,benign,FREM1,500.0
A4FU01,S501A,0.068,benign,FREM1,501.0
A4FU01,S501C,0.0698,benign,FREM1,501.0
A4FU01,S501D,0.159,benign,FREM1,501.0
A4FU01,S501E,0.1896,benign,FREM1,501.0
A4FU01,S501F,0.1038,benign,FREM1,501.0
A4FU01,S501G,0.0723,benign,FREM1,501.0
A4FU01,S501H,0.1355,benign,FREM1,501.0
A4FU01,S501I,0.1023,benign,FREM1,501.0
A4FU01,S501K,0.2431,benign,FREM1,501.0
A4FU01,S501L,0.0755,benign,FREM1,501.0
A4FU01,S501M,0.1509,benign,FREM1,501.0
A4FU01,S501N,0.0973,benign,FREM1,501.0
A4FU01,S501P,0.0663,benign,FREM1,501.0
A4FU01,S501Q,0.1901,benign,FREM1,501.0
A4FU01,S501R,0.1794,benign,FREM1,501.0
A4FU01,S501T,0.0701,benign,FREM1,501.0
A4FU01,S501V,0.1041,benign,FREM1,501.0
A4FU01,S501W,0.1334,benign,FREM1,501.0
A4FU01,S501Y,0.0909,benign,FREM1,501.0
A4FU01,Q502A,0.1148,benign,FREM1,502.0
A4FU01,Q502C,0.2752,benign,FREM1,502.0
A4FU01,Q502D,0.1501,benign,FREM1,502.0
A4FU01,Q502E,0.0701,benign,FREM1,502.0
A4FU01,Q502F,0.3106,benign,FREM1,502.0
A4FU01,Q502G,0.1246,benign,FREM1,502.0
A4FU01,Q502H,0.1005,benign,FREM1,502.0
A4FU01,Q502I,0.1856,benign,FREM1,502.0
A4FU01,Q502K,0.0773,benign,FREM1,502.0
A4FU01,Q502L,0.0881,benign,FREM1,502.0
A4FU01,Q502M,0.2265,benign,FREM1,502.0
A4FU01,Q502N,0.1474,benign,FREM1,502.0
A4FU01,Q502P,0.0728,benign,FREM1,502.0
A4FU01,Q502R,0.076,benign,FREM1,502.0
A4FU01,Q502S,0.1047,benign,FREM1,502.0
A4FU01,Q502T,0.1112,benign,FREM1,502.0
A4FU01,Q502V,0.1296,benign,FREM1,502.0
A4FU01,Q502W,0.2072,benign,FREM1,502.0
A4FU01,Q502Y,0.1926,benign,FREM1,502.0
A4FU01,P503A,0.062,benign,FREM1,503.0
A4FU01,P503C,0.1397,benign,FREM1,503.0
A4FU01,P503D,0.1232,benign,FREM1,503.0
A4FU01,P503E,0.1056,benign,FREM1,503.0
A4FU01,P503F,0.1336,benign,FREM1,503.0
A4FU01,P503G,0.1138,benign,FREM1,503.0
A4FU01,P503H,0.0739,benign,FREM1,503.0
A4FU01,P503I,0.1007,benign,FREM1,503.0
A4FU01,P503K,0.1036,benign,FREM1,503.0
A4FU01,P503L,0.0652,benign,FREM1,503.0
A4FU01,P503M,0.12,benign,FREM1,503.0
A4FU01,P503N,0.1063,benign,FREM1,503.0
A4FU01,P503Q,0.0735,benign,FREM1,503.0
A4FU01,P503R,0.0857,benign,FREM1,503.0
A4FU01,P503S,0.0644,benign,FREM1,503.0
A4FU01,P503T,0.0616,benign,FREM1,503.0
A4FU01,P503V,0.0857,benign,FREM1,503.0
A4FU01,P503W,0.1768,benign,FREM1,503.0
A4FU01,P503Y,0.1186,benign,FREM1,503.0
A4FU01,P504A,0.0585,benign,FREM1,504.0
A4FU01,P504C,0.1701,benign,FREM1,504.0
A4FU01,P504D,0.1473,benign,FREM1,504.0
A4FU01,P504E,0.1094,benign,FREM1,504.0
A4FU01,P504F,0.1564,benign,FREM1,504.0
A4FU01,P504G,0.1283,benign,FREM1,504.0
A4FU01,P504H,0.0861,benign,FREM1,504.0
A4FU01,P504I,0.1203,benign,FREM1,504.0
A4FU01,P504K,0.1141,benign,FREM1,504.0
A4FU01,P504L,0.0673,benign,FREM1,504.0
A4FU01,P504M,0.1391,benign,FREM1,504.0
A4FU01,P504N,0.1427,benign,FREM1,504.0
A4FU01,P504Q,0.0786,benign,FREM1,504.0
A4FU01,P504R,0.0811,benign,FREM1,504.0
A4FU01,P504S,0.0721,benign,FREM1,504.0
A4FU01,P504T,0.0652,benign,FREM1,504.0
A4FU01,P504V,0.0918,benign,FREM1,504.0
A4FU01,P504W,0.1937,benign,FREM1,504.0
A4FU01,P504Y,0.1602,benign,FREM1,504.0
A4FU01,A505C,0.2306,benign,FREM1,505.0
A4FU01,A505D,0.0998,benign,FREM1,505.0
A4FU01,A505E,0.0987,benign,FREM1,505.0
A4FU01,A505F,0.1495,benign,FREM1,505.0
A4FU01,A505G,0.0834,benign,FREM1,505.0
A4FU01,A505H,0.1733,benign,FREM1,505.0
A4FU01,A505I,0.1236,benign,FREM1,505.0
A4FU01,A505K,0.1408,benign,FREM1,505.0
A4FU01,A505L,0.0959,benign,FREM1,505.0
A4FU01,A505M,0.1289,benign,FREM1,505.0
A4FU01,A505N,0.1239,benign,FREM1,505.0
A4FU01,A505P,0.0815,benign,FREM1,505.0
A4FU01,A505Q,0.1323,benign,FREM1,505.0
A4FU01,A505R,0.1225,benign,FREM1,505.0
A4FU01,A505S,0.0767,benign,FREM1,505.0
A4FU01,A505T,0.0706,benign,FREM1,505.0
A4FU01,A505V,0.0786,benign,FREM1,505.0
A4FU01,A505W,0.2828,benign,FREM1,505.0
A4FU01,A505Y,0.1974,benign,FREM1,505.0
A4FU01,G506A,0.085,benign,FREM1,506.0
A4FU01,G506C,0.1403,benign,FREM1,506.0
A4FU01,G506D,0.0921,benign,FREM1,506.0
A4FU01,G506E,0.0708,benign,FREM1,506.0
A4FU01,G506F,0.2907,benign,FREM1,506.0
A4FU01,G506H,0.1713,benign,FREM1,506.0
A4FU01,G506I,0.1454,benign,FREM1,506.0
A4FU01,G506K,0.1149,benign,FREM1,506.0
A4FU01,G506L,0.1928,benign,FREM1,506.0
A4FU01,G506M,0.2206,benign,FREM1,506.0
A4FU01,G506N,0.1561,benign,FREM1,506.0
A4FU01,G506P,0.2631,benign,FREM1,506.0
A4FU01,G506Q,0.1084,benign,FREM1,506.0
A4FU01,G506R,0.094,benign,FREM1,506.0
A4FU01,G506S,0.0901,benign,FREM1,506.0
A4FU01,G506T,0.0969,benign,FREM1,506.0
A4FU01,G506V,0.0995,benign,FREM1,506.0
A4FU01,G506W,0.1597,benign,FREM1,506.0
A4FU01,G506Y,0.2061,benign,FREM1,506.0
A4FU01,N507A,0.0999,benign,FREM1,507.0
A4FU01,N507C,0.1178,benign,FREM1,507.0
A4FU01,N507D,0.067,benign,FREM1,507.0
A4FU01,N507E,0.1295,benign,FREM1,507.0
A4FU01,N507F,0.2006,benign,FREM1,507.0
A4FU01,N507G,0.1246,benign,FREM1,507.0
A4FU01,N507H,0.0739,benign,FREM1,507.0
A4FU01,N507I,0.0934,benign,FREM1,507.0
A4FU01,N507K,0.1062,benign,FREM1,507.0
A4FU01,N507L,0.1146,benign,FREM1,507.0
A4FU01,N507M,0.1763,benign,FREM1,507.0
A4FU01,N507P,0.1432,benign,FREM1,507.0
A4FU01,N507Q,0.1359,benign,FREM1,507.0
A4FU01,N507R,0.1146,benign,FREM1,507.0
A4FU01,N507S,0.0657,benign,FREM1,507.0
A4FU01,N507T,0.0781,benign,FREM1,507.0
A4FU01,N507V,0.0995,benign,FREM1,507.0
A4FU01,N507W,0.362,ambiguous,FREM1,507.0
A4FU01,N507Y,0.0852,benign,FREM1,507.0
A4FU01,S508A,0.069,benign,FREM1,508.0
A4FU01,S508C,0.0753,benign,FREM1,508.0
A4FU01,S508D,0.14,benign,FREM1,508.0
A4FU01,S508E,0.1992,benign,FREM1,508.0
A4FU01,S508F,0.1064,benign,FREM1,508.0
A4FU01,S508G,0.0764,benign,FREM1,508.0
A4FU01,S508H,0.1267,benign,FREM1,508.0
A4FU01,S508I,0.0972,benign,FREM1,508.0
A4FU01,S508K,0.2413,benign,FREM1,508.0
A4FU01,S508L,0.078,benign,FREM1,508.0
A4FU01,S508M,0.1598,benign,FREM1,508.0
A4FU01,S508N,0.0971,benign,FREM1,508.0
A4FU01,S508P,0.0682,benign,FREM1,508.0
A4FU01,S508Q,0.1984,benign,FREM1,508.0
A4FU01,S508R,0.1742,benign,FREM1,508.0
A4FU01,S508T,0.0692,benign,FREM1,508.0
A4FU01,S508V,0.1024,benign,FREM1,508.0
A4FU01,S508W,0.1398,benign,FREM1,508.0
A4FU01,S508Y,0.089,benign,FREM1,508.0
A4FU01,F509A,0.0648,benign,FREM1,509.0
A4FU01,F509C,0.0641,benign,FREM1,509.0
A4FU01,F509D,0.0932,benign,FREM1,509.0
A4FU01,F509E,0.1309,benign,FREM1,509.0
A4FU01,F509G,0.0893,benign,FREM1,509.0
A4FU01,F509H,0.1138,benign,FREM1,509.0
A4FU01,F509I,0.0467,benign,FREM1,509.0
A4FU01,F509K,0.1148,benign,FREM1,509.0
A4FU01,F509L,0.123,benign,FREM1,509.0
A4FU01,F509M,0.0879,benign,FREM1,509.0
A4FU01,F509N,0.0789,benign,FREM1,509.0
A4FU01,F509P,0.0975,benign,FREM1,509.0
A4FU01,F509Q,0.1052,benign,FREM1,509.0
A4FU01,F509R,0.0847,benign,FREM1,509.0
A4FU01,F509S,0.0541,benign,FREM1,509.0
A4FU01,F509T,0.0674,benign,FREM1,509.0
A4FU01,F509V,0.044,benign,FREM1,509.0
A4FU01,F509W,0.1098,benign,FREM1,509.0
A4FU01,F509Y,0.085,benign,FREM1,509.0
A4FU01,N510A,0.1087,benign,FREM1,510.0
A4FU01,N510C,0.1131,benign,FREM1,510.0
A4FU01,N510D,0.0783,benign,FREM1,510.0
A4FU01,N510E,0.1651,benign,FREM1,510.0
A4FU01,N510F,0.2331,benign,FREM1,510.0
A4FU01,N510G,0.1386,benign,FREM1,510.0
A4FU01,N510H,0.0632,benign,FREM1,510.0
A4FU01,N510I,0.1108,benign,FREM1,510.0
A4FU01,N510K,0.1323,benign,FREM1,510.0
A4FU01,N510L,0.1106,benign,FREM1,510.0
A4FU01,N510M,0.2175,benign,FREM1,510.0
A4FU01,N510P,0.0988,benign,FREM1,510.0
A4FU01,N510Q,0.1435,benign,FREM1,510.0
A4FU01,N510R,0.1235,benign,FREM1,510.0
A4FU01,N510S,0.0651,benign,FREM1,510.0
A4FU01,N510T,0.0857,benign,FREM1,510.0
A4FU01,N510V,0.1196,benign,FREM1,510.0
A4FU01,N510W,0.3816,ambiguous,FREM1,510.0
A4FU01,N510Y,0.0932,benign,FREM1,510.0
A4FU01,L511A,0.083,benign,FREM1,511.0
A4FU01,L511C,0.149,benign,FREM1,511.0
A4FU01,L511D,0.1769,benign,FREM1,511.0
A4FU01,L511E,0.1113,benign,FREM1,511.0
A4FU01,L511F,0.0769,benign,FREM1,511.0
A4FU01,L511G,0.1366,benign,FREM1,511.0
A4FU01,L511H,0.0753,benign,FREM1,511.0
A4FU01,L511I,0.0737,benign,FREM1,511.0
A4FU01,L511K,0.0934,benign,FREM1,511.0
A4FU01,L511M,0.0874,benign,FREM1,511.0
A4FU01,L511N,0.1214,benign,FREM1,511.0
A4FU01,L511P,0.0519,benign,FREM1,511.0
A4FU01,L511Q,0.0645,benign,FREM1,511.0
A4FU01,L511R,0.0659,benign,FREM1,511.0
A4FU01,L511S,0.0785,benign,FREM1,511.0
A4FU01,L511T,0.0774,benign,FREM1,511.0
A4FU01,L511V,0.0669,benign,FREM1,511.0
A4FU01,L511W,0.09,benign,FREM1,511.0
A4FU01,L511Y,0.1289,benign,FREM1,511.0
A4FU01,Q512A,0.137,benign,FREM1,512.0
A4FU01,Q512C,0.3114,benign,FREM1,512.0
A4FU01,Q512D,0.1894,benign,FREM1,512.0
A4FU01,Q512E,0.0849,benign,FREM1,512.0
A4FU01,Q512F,0.3827,ambiguous,FREM1,512.0
A4FU01,Q512G,0.1602,benign,FREM1,512.0
A4FU01,Q512H,0.1093,benign,FREM1,512.0
A4FU01,Q512I,0.2501,benign,FREM1,512.0
A4FU01,Q512K,0.0891,benign,FREM1,512.0
A4FU01,Q512L,0.1035,benign,FREM1,512.0
A4FU01,Q512M,0.2723,benign,FREM1,512.0
A4FU01,Q512N,0.1634,benign,FREM1,512.0
A4FU01,Q512P,0.0608,benign,FREM1,512.0
A4FU01,Q512R,0.0859,benign,FREM1,512.0
A4FU01,Q512S,0.1326,benign,FREM1,512.0
A4FU01,Q512T,0.1335,benign,FREM1,512.0
A4FU01,Q512V,0.1726,benign,FREM1,512.0
A4FU01,Q512W,0.2504,benign,FREM1,512.0
A4FU01,Q512Y,0.2278,benign,FREM1,512.0
A4FU01,L513A,0.1652,benign,FREM1,513.0
A4FU01,L513C,0.281,benign,FREM1,513.0
A4FU01,L513D,0.4328,ambiguous,FREM1,513.0
A4FU01,L513E,0.2448,benign,FREM1,513.0
A4FU01,L513F,0.1099,benign,FREM1,513.0
A4FU01,L513G,0.2892,benign,FREM1,513.0
A4FU01,L513H,0.1509,benign,FREM1,513.0
A4FU01,L513I,0.0973,benign,FREM1,513.0
A4FU01,L513K,0.1783,benign,FREM1,513.0
A4FU01,L513M,0.1172,benign,FREM1,513.0
A4FU01,L513N,0.2673,benign,FREM1,513.0
A4FU01,L513P,0.077,benign,FREM1,513.0
A4FU01,L513Q,0.1177,benign,FREM1,513.0
A4FU01,L513R,0.1153,benign,FREM1,513.0
A4FU01,L513S,0.2069,benign,FREM1,513.0
A4FU01,L513T,0.1734,benign,FREM1,513.0
A4FU01,L513V,0.087,benign,FREM1,513.0
A4FU01,L513W,0.1474,benign,FREM1,513.0
A4FU01,L513Y,0.2092,benign,FREM1,513.0
A4FU01,S514A,0.137,benign,FREM1,514.0
A4FU01,S514C,0.1459,benign,FREM1,514.0
A4FU01,S514D,0.5448,ambiguous,FREM1,514.0
A4FU01,S514E,0.7242,pathogenic,FREM1,514.0
A4FU01,S514F,0.5311,ambiguous,FREM1,514.0
A4FU01,S514G,0.1332,benign,FREM1,514.0
A4FU01,S514H,0.5475,ambiguous,FREM1,514.0
A4FU01,S514I,0.5924,pathogenic,FREM1,514.0
A4FU01,S514K,0.8341,pathogenic,FREM1,514.0
A4FU01,S514L,0.205,benign,FREM1,514.0
A4FU01,S514M,0.3859,ambiguous,FREM1,514.0
A4FU01,S514N,0.2827,benign,FREM1,514.0
A4FU01,S514P,0.1401,benign,FREM1,514.0
A4FU01,S514Q,0.6952,pathogenic,FREM1,514.0
A4FU01,S514R,0.7725,pathogenic,FREM1,514.0
A4FU01,S514T,0.0833,benign,FREM1,514.0
A4FU01,S514V,0.4671,ambiguous,FREM1,514.0
A4FU01,S514W,0.5114,ambiguous,FREM1,514.0
A4FU01,S514Y,0.4187,ambiguous,FREM1,514.0
A4FU01,V515A,0.3138,benign,FREM1,515.0
A4FU01,V515C,0.8019,pathogenic,FREM1,515.0
A4FU01,V515D,0.8921,pathogenic,FREM1,515.0
A4FU01,V515E,0.8484,pathogenic,FREM1,515.0
A4FU01,V515F,0.6024,pathogenic,FREM1,515.0
A4FU01,V515G,0.6144,pathogenic,FREM1,515.0
A4FU01,V515H,0.951,pathogenic,FREM1,515.0
A4FU01,V515I,0.0997,benign,FREM1,515.0
A4FU01,V515K,0.9362,pathogenic,FREM1,515.0
A4FU01,V515L,0.4599,ambiguous,FREM1,515.0
A4FU01,V515M,0.4397,ambiguous,FREM1,515.0
A4FU01,V515N,0.8009,pathogenic,FREM1,515.0
A4FU01,V515P,0.609,pathogenic,FREM1,515.0
A4FU01,V515Q,0.8765,pathogenic,FREM1,515.0
A4FU01,V515R,0.881,pathogenic,FREM1,515.0
A4FU01,V515S,0.5199,ambiguous,FREM1,515.0
A4FU01,V515T,0.462,ambiguous,FREM1,515.0
A4FU01,V515W,0.9775,pathogenic,FREM1,515.0
A4FU01,V515Y,0.9322,pathogenic,FREM1,515.0
A4FU01,W516A,0.9693,pathogenic,FREM1,516.0
A4FU01,W516C,0.9831,pathogenic,FREM1,516.0
A4FU01,W516D,0.9912,pathogenic,FREM1,516.0
A4FU01,W516E,0.9883,pathogenic,FREM1,516.0
A4FU01,W516F,0.7187,pathogenic,FREM1,516.0
A4FU01,W516G,0.875,pathogenic,FREM1,516.0
A4FU01,W516H,0.9855,pathogenic,FREM1,516.0
A4FU01,W516I,0.9821,pathogenic,FREM1,516.0
A4FU01,W516K,0.9955,pathogenic,FREM1,516.0
A4FU01,W516L,0.912,pathogenic,FREM1,516.0
A4FU01,W516M,0.9765,pathogenic,FREM1,516.0
A4FU01,W516N,0.9919,pathogenic,FREM1,516.0
A4FU01,W516P,0.9926,pathogenic,FREM1,516.0
A4FU01,W516Q,0.9921,pathogenic,FREM1,516.0
A4FU01,W516R,0.9895,pathogenic,FREM1,516.0
A4FU01,W516S,0.934,pathogenic,FREM1,516.0
A4FU01,W516T,0.9592,pathogenic,FREM1,516.0
A4FU01,W516V,0.9746,pathogenic,FREM1,516.0
A4FU01,W516Y,0.907,pathogenic,FREM1,516.0
A4FU01,D517A,0.2522,benign,FREM1,517.0
A4FU01,D517C,0.6035,pathogenic,FREM1,517.0
A4FU01,D517E,0.2245,benign,FREM1,517.0
A4FU01,D517F,0.762,pathogenic,FREM1,517.0
A4FU01,D517G,0.2874,benign,FREM1,517.0
A4FU01,D517H,0.3185,benign,FREM1,517.0
A4FU01,D517I,0.6169,pathogenic,FREM1,517.0
A4FU01,D517K,0.4676,ambiguous,FREM1,517.0
A4FU01,D517L,0.5409,ambiguous,FREM1,517.0
A4FU01,D517M,0.72,pathogenic,FREM1,517.0
A4FU01,D517N,0.1156,benign,FREM1,517.0
A4FU01,D517P,0.9174,pathogenic,FREM1,517.0
A4FU01,D517Q,0.3371,benign,FREM1,517.0
A4FU01,D517R,0.4355,ambiguous,FREM1,517.0
A4FU01,D517S,0.1929,benign,FREM1,517.0
A4FU01,D517T,0.4634,ambiguous,FREM1,517.0
A4FU01,D517V,0.3956,ambiguous,FREM1,517.0
A4FU01,D517W,0.8719,pathogenic,FREM1,517.0
A4FU01,D517Y,0.2904,benign,FREM1,517.0
A4FU01,W518A,0.9383,pathogenic,FREM1,518.0
A4FU01,W518C,0.9698,pathogenic,FREM1,518.0
A4FU01,W518D,0.9853,pathogenic,FREM1,518.0
A4FU01,W518E,0.983,pathogenic,FREM1,518.0
A4FU01,W518F,0.6895,pathogenic,FREM1,518.0
A4FU01,W518G,0.8141,pathogenic,FREM1,518.0
A4FU01,W518H,0.9743,pathogenic,FREM1,518.0
A4FU01,W518I,0.9518,pathogenic,FREM1,518.0
A4FU01,W518K,0.9886,pathogenic,FREM1,518.0
A4FU01,W518L,0.8361,pathogenic,FREM1,518.0
A4FU01,W518M,0.9465,pathogenic,FREM1,518.0
A4FU01,W518N,0.9855,pathogenic,FREM1,518.0
A4FU01,W518P,0.9697,pathogenic,FREM1,518.0
A4FU01,W518Q,0.9868,pathogenic,FREM1,518.0
A4FU01,W518R,0.9771,pathogenic,FREM1,518.0
A4FU01,W518S,0.9016,pathogenic,FREM1,518.0
A4FU01,W518T,0.9355,pathogenic,FREM1,518.0
A4FU01,W518V,0.9356,pathogenic,FREM1,518.0
A4FU01,W518Y,0.855,pathogenic,FREM1,518.0
A4FU01,D519A,0.0983,benign,FREM1,519.0
A4FU01,D519C,0.2758,benign,FREM1,519.0
A4FU01,D519E,0.1136,benign,FREM1,519.0
A4FU01,D519F,0.3539,ambiguous,FREM1,519.0
A4FU01,D519G,0.0738,benign,FREM1,519.0
A4FU01,D519H,0.1201,benign,FREM1,519.0
A4FU01,D519I,0.2458,benign,FREM1,519.0
A4FU01,D519K,0.1622,benign,FREM1,519.0
A4FU01,D519L,0.2187,benign,FREM1,519.0
A4FU01,D519M,0.4051,ambiguous,FREM1,519.0
A4FU01,D519N,0.0789,benign,FREM1,519.0
A4FU01,D519P,0.2581,benign,FREM1,519.0
A4FU01,D519Q,0.1546,benign,FREM1,519.0
A4FU01,D519R,0.1573,benign,FREM1,519.0
A4FU01,D519S,0.0854,benign,FREM1,519.0
A4FU01,D519T,0.1597,benign,FREM1,519.0
A4FU01,D519V,0.1465,benign,FREM1,519.0
A4FU01,D519W,0.5748,pathogenic,FREM1,519.0
A4FU01,D519Y,0.125,benign,FREM1,519.0
A4FU01,L520A,0.234,benign,FREM1,520.0
A4FU01,L520C,0.3546,ambiguous,FREM1,520.0
A4FU01,L520D,0.6223,pathogenic,FREM1,520.0
A4FU01,L520E,0.2708,benign,FREM1,520.0
A4FU01,L520F,0.1231,benign,FREM1,520.0
A4FU01,L520G,0.4277,ambiguous,FREM1,520.0
A4FU01,L520H,0.186,benign,FREM1,520.0
A4FU01,L520I,0.091,benign,FREM1,520.0
A4FU01,L520K,0.1829,benign,FREM1,520.0
A4FU01,L520M,0.1134,benign,FREM1,520.0
A4FU01,L520N,0.3818,ambiguous,FREM1,520.0
A4FU01,L520P,0.5901,pathogenic,FREM1,520.0
A4FU01,L520Q,0.1139,benign,FREM1,520.0
A4FU01,L520R,0.1124,benign,FREM1,520.0
A4FU01,L520S,0.2393,benign,FREM1,520.0
A4FU01,L520T,0.2014,benign,FREM1,520.0
A4FU01,L520V,0.0926,benign,FREM1,520.0
A4FU01,L520W,0.1754,benign,FREM1,520.0
A4FU01,L520Y,0.2916,benign,FREM1,520.0
A4FU01,R521A,0.83,pathogenic,FREM1,521.0
A4FU01,R521C,0.2474,benign,FREM1,521.0
A4FU01,R521D,0.9274,pathogenic,FREM1,521.0
A4FU01,R521E,0.7119,pathogenic,FREM1,521.0
A4FU01,R521F,0.7697,pathogenic,FREM1,521.0
A4FU01,R521G,0.6699,pathogenic,FREM1,521.0
A4FU01,R521H,0.1861,benign,FREM1,521.0
A4FU01,R521I,0.6516,pathogenic,FREM1,521.0
A4FU01,R521K,0.3507,ambiguous,FREM1,521.0
A4FU01,R521L,0.4864,ambiguous,FREM1,521.0
A4FU01,R521M,0.7573,pathogenic,FREM1,521.0
A4FU01,R521N,0.875,pathogenic,FREM1,521.0
A4FU01,R521P,0.8496,pathogenic,FREM1,521.0
A4FU01,R521Q,0.2033,benign,FREM1,521.0
A4FU01,R521S,0.8409,pathogenic,FREM1,521.0
A4FU01,R521T,0.7437,pathogenic,FREM1,521.0
A4FU01,R521V,0.7355,pathogenic,FREM1,521.0
A4FU01,R521W,0.2262,benign,FREM1,521.0
A4FU01,R521Y,0.5415,ambiguous,FREM1,521.0
A4FU01,Y522A,0.932,pathogenic,FREM1,522.0
A4FU01,Y522C,0.4213,ambiguous,FREM1,522.0
A4FU01,Y522D,0.8632,pathogenic,FREM1,522.0
A4FU01,Y522E,0.9604,pathogenic,FREM1,522.0
A4FU01,Y522F,0.1844,benign,FREM1,522.0
A4FU01,Y522G,0.8224,pathogenic,FREM1,522.0
A4FU01,Y522H,0.5898,pathogenic,FREM1,522.0
A4FU01,Y522I,0.9027,pathogenic,FREM1,522.0
A4FU01,Y522K,0.9441,pathogenic,FREM1,522.0
A4FU01,Y522L,0.747,pathogenic,FREM1,522.0
A4FU01,Y522M,0.914,pathogenic,FREM1,522.0
A4FU01,Y522N,0.6899,pathogenic,FREM1,522.0
A4FU01,Y522P,0.9733,pathogenic,FREM1,522.0
A4FU01,Y522Q,0.9271,pathogenic,FREM1,522.0
A4FU01,Y522R,0.8659,pathogenic,FREM1,522.0
A4FU01,Y522S,0.7904,pathogenic,FREM1,522.0
A4FU01,Y522T,0.9233,pathogenic,FREM1,522.0
A4FU01,Y522V,0.8325,pathogenic,FREM1,522.0
A4FU01,Y522W,0.6122,pathogenic,FREM1,522.0
A4FU01,S523A,0.153,benign,FREM1,523.0
A4FU01,S523C,0.1105,benign,FREM1,523.0
A4FU01,S523D,0.1849,benign,FREM1,523.0
A4FU01,S523E,0.4403,ambiguous,FREM1,523.0
A4FU01,S523F,0.622,pathogenic,FREM1,523.0
A4FU01,S523G,0.0705,benign,FREM1,523.0
A4FU01,S523H,0.3003,benign,FREM1,523.0
A4FU01,S523I,0.4419,ambiguous,FREM1,523.0
A4FU01,S523K,0.508,ambiguous,FREM1,523.0
A4FU01,S523L,0.2821,benign,FREM1,523.0
A4FU01,S523M,0.4293,ambiguous,FREM1,523.0
A4FU01,S523N,0.0939,benign,FREM1,523.0
A4FU01,S523P,0.2572,benign,FREM1,523.0
A4FU01,S523Q,0.4293,ambiguous,FREM1,523.0
A4FU01,S523R,0.4061,ambiguous,FREM1,523.0
A4FU01,S523T,0.0905,benign,FREM1,523.0
A4FU01,S523V,0.4227,ambiguous,FREM1,523.0
A4FU01,S523W,0.5023,ambiguous,FREM1,523.0
A4FU01,S523Y,0.4021,ambiguous,FREM1,523.0
A4FU01,N524A,0.0959,benign,FREM1,524.0
A4FU01,N524C,0.1406,benign,FREM1,524.0
A4FU01,N524D,0.0663,benign,FREM1,524.0
A4FU01,N524E,0.1138,benign,FREM1,524.0
A4FU01,N524F,0.3229,benign,FREM1,524.0
A4FU01,N524G,0.1293,benign,FREM1,524.0
A4FU01,N524H,0.0585,benign,FREM1,524.0
A4FU01,N524I,0.1634,benign,FREM1,524.0
A4FU01,N524K,0.0846,benign,FREM1,524.0
A4FU01,N524L,0.1419,benign,FREM1,524.0
A4FU01,N524M,0.2142,benign,FREM1,524.0
A4FU01,N524P,0.1352,benign,FREM1,524.0
A4FU01,N524Q,0.1144,benign,FREM1,524.0
A4FU01,N524R,0.0868,benign,FREM1,524.0
A4FU01,N524S,0.0615,benign,FREM1,524.0
A4FU01,N524T,0.087,benign,FREM1,524.0
A4FU01,N524V,0.1453,benign,FREM1,524.0
A4FU01,N524W,0.3984,ambiguous,FREM1,524.0
A4FU01,N524Y,0.1085,benign,FREM1,524.0
A4FU01,A525C,0.302,benign,FREM1,525.0
A4FU01,A525D,0.0833,benign,FREM1,525.0
A4FU01,A525E,0.0529,benign,FREM1,525.0
A4FU01,A525F,0.214,benign,FREM1,525.0
A4FU01,A525G,0.0958,benign,FREM1,525.0
A4FU01,A525H,0.1474,benign,FREM1,525.0
A4FU01,A525I,0.1462,benign,FREM1,525.0
A4FU01,A525K,0.0846,benign,FREM1,525.0
A4FU01,A525L,0.1065,benign,FREM1,525.0
A4FU01,A525M,0.1417,benign,FREM1,525.0
A4FU01,A525N,0.1224,benign,FREM1,525.0
A4FU01,A525P,0.168,benign,FREM1,525.0
A4FU01,A525Q,0.0816,benign,FREM1,525.0
A4FU01,A525R,0.0911,benign,FREM1,525.0
A4FU01,A525S,0.0826,benign,FREM1,525.0
A4FU01,A525T,0.0691,benign,FREM1,525.0
A4FU01,A525V,0.0889,benign,FREM1,525.0
A4FU01,A525W,0.3311,benign,FREM1,525.0
A4FU01,A525Y,0.2099,benign,FREM1,525.0
A4FU01,Q526A,0.2957,benign,FREM1,526.0
A4FU01,Q526C,0.7778,pathogenic,FREM1,526.0
A4FU01,Q526D,0.4231,ambiguous,FREM1,526.0
A4FU01,Q526E,0.0908,benign,FREM1,526.0
A4FU01,Q526F,0.8819,pathogenic,FREM1,526.0
A4FU01,Q526G,0.3825,ambiguous,FREM1,526.0
A4FU01,Q526H,0.4602,ambiguous,FREM1,526.0
A4FU01,Q526I,0.6589,pathogenic,FREM1,526.0
A4FU01,Q526K,0.1783,benign,FREM1,526.0
A4FU01,Q526L,0.2737,benign,FREM1,526.0
A4FU01,Q526M,0.5207,ambiguous,FREM1,526.0
A4FU01,Q526N,0.4888,ambiguous,FREM1,526.0
A4FU01,Q526P,0.3884,ambiguous,FREM1,526.0
A4FU01,Q526R,0.1645,benign,FREM1,526.0
A4FU01,Q526S,0.4355,ambiguous,FREM1,526.0
A4FU01,Q526T,0.4086,ambiguous,FREM1,526.0
A4FU01,Q526V,0.4449,ambiguous,FREM1,526.0
A4FU01,Q526W,0.7309,pathogenic,FREM1,526.0
A4FU01,Q526Y,0.7119,pathogenic,FREM1,526.0
A4FU01,I527A,0.3286,benign,FREM1,527.0
A4FU01,I527C,0.5184,ambiguous,FREM1,527.0
A4FU01,I527D,0.6812,pathogenic,FREM1,527.0
A4FU01,I527E,0.471,ambiguous,FREM1,527.0
A4FU01,I527F,0.1783,benign,FREM1,527.0
A4FU01,I527G,0.5821,pathogenic,FREM1,527.0
A4FU01,I527H,0.3551,ambiguous,FREM1,527.0
A4FU01,I527K,0.1992,benign,FREM1,527.0
A4FU01,I527L,0.1027,benign,FREM1,527.0
A4FU01,I527M,0.095,benign,FREM1,527.0
A4FU01,I527N,0.2416,benign,FREM1,527.0
A4FU01,I527P,0.8413,pathogenic,FREM1,527.0
A4FU01,I527Q,0.2412,benign,FREM1,527.0
A4FU01,I527R,0.1302,benign,FREM1,527.0
A4FU01,I527S,0.3014,benign,FREM1,527.0
A4FU01,I527T,0.2654,benign,FREM1,527.0
A4FU01,I527V,0.1097,benign,FREM1,527.0
A4FU01,I527W,0.5794,pathogenic,FREM1,527.0
A4FU01,I527Y,0.379,ambiguous,FREM1,527.0
A4FU01,L528A,0.0854,benign,FREM1,528.0
A4FU01,L528C,0.1785,benign,FREM1,528.0
A4FU01,L528D,0.2647,benign,FREM1,528.0
A4FU01,L528E,0.1159,benign,FREM1,528.0
A4FU01,L528F,0.0867,benign,FREM1,528.0
A4FU01,L528G,0.1848,benign,FREM1,528.0
A4FU01,L528H,0.0974,benign,FREM1,528.0
A4FU01,L528I,0.0787,benign,FREM1,528.0
A4FU01,L528K,0.1076,benign,FREM1,528.0
A4FU01,L528M,0.0831,benign,FREM1,528.0
A4FU01,L528N,0.1784,benign,FREM1,528.0
A4FU01,L528P,0.3175,benign,FREM1,528.0
A4FU01,L528Q,0.0614,benign,FREM1,528.0
A4FU01,L528R,0.0674,benign,FREM1,528.0
A4FU01,L528S,0.0851,benign,FREM1,528.0
A4FU01,L528T,0.0895,benign,FREM1,528.0
A4FU01,L528V,0.0712,benign,FREM1,528.0
A4FU01,L528W,0.1005,benign,FREM1,528.0
A4FU01,L528Y,0.1686,benign,FREM1,528.0
A4FU01,Q529A,0.1889,benign,FREM1,529.0
A4FU01,Q529C,0.3399,benign,FREM1,529.0
A4FU01,Q529D,0.3755,ambiguous,FREM1,529.0
A4FU01,Q529E,0.1035,benign,FREM1,529.0
A4FU01,Q529F,0.5972,pathogenic,FREM1,529.0
A4FU01,Q529G,0.231,benign,FREM1,529.0
A4FU01,Q529H,0.1867,benign,FREM1,529.0
A4FU01,Q529I,0.4134,ambiguous,FREM1,529.0
A4FU01,Q529K,0.1154,benign,FREM1,529.0
A4FU01,Q529L,0.1106,benign,FREM1,529.0
A4FU01,Q529M,0.3611,ambiguous,FREM1,529.0
A4FU01,Q529N,0.2926,benign,FREM1,529.0
A4FU01,Q529P,0.2238,benign,FREM1,529.0
A4FU01,Q529R,0.0807,benign,FREM1,529.0
A4FU01,Q529S,0.2489,benign,FREM1,529.0
A4FU01,Q529T,0.2466,benign,FREM1,529.0
A4FU01,Q529V,0.2854,benign,FREM1,529.0
A4FU01,Q529W,0.3383,benign,FREM1,529.0
A4FU01,Q529Y,0.3441,ambiguous,FREM1,529.0
A4FU01,F530A,0.9798,pathogenic,FREM1,530.0
A4FU01,F530C,0.9207,pathogenic,FREM1,530.0
A4FU01,F530D,0.99,pathogenic,FREM1,530.0
A4FU01,F530E,0.9892,pathogenic,FREM1,530.0
A4FU01,F530G,0.9797,pathogenic,FREM1,530.0
A4FU01,F530H,0.9436,pathogenic,FREM1,530.0
A4FU01,F530I,0.8635,pathogenic,FREM1,530.0
A4FU01,F530K,0.9851,pathogenic,FREM1,530.0
A4FU01,F530L,0.9672,pathogenic,FREM1,530.0
A4FU01,F530M,0.8972,pathogenic,FREM1,530.0
A4FU01,F530N,0.9726,pathogenic,FREM1,530.0
A4FU01,F530P,0.9978,pathogenic,FREM1,530.0
A4FU01,F530Q,0.9775,pathogenic,FREM1,530.0
A4FU01,F530R,0.9683,pathogenic,FREM1,530.0
A4FU01,F530S,0.975,pathogenic,FREM1,530.0
A4FU01,F530T,0.9863,pathogenic,FREM1,530.0
A4FU01,F530V,0.9123,pathogenic,FREM1,530.0
A4FU01,F530W,0.7496,pathogenic,FREM1,530.0
A4FU01,F530Y,0.4647,ambiguous,FREM1,530.0
A4FU01,Q531A,0.1645,benign,FREM1,531.0
A4FU01,Q531C,0.1401,benign,FREM1,531.0
A4FU01,Q531D,0.2187,benign,FREM1,531.0
A4FU01,Q531E,0.0854,benign,FREM1,531.0
A4FU01,Q531F,0.275,benign,FREM1,531.0
A4FU01,Q531G,0.1444,benign,FREM1,531.0
A4FU01,Q531H,0.0679,benign,FREM1,531.0
A4FU01,Q531I,0.2158,benign,FREM1,531.0
A4FU01,Q531K,0.0818,benign,FREM1,531.0
A4FU01,Q531L,0.0839,benign,FREM1,531.0
A4FU01,Q531M,0.2773,benign,FREM1,531.0
A4FU01,Q531N,0.1532,benign,FREM1,531.0
A4FU01,Q531P,0.1969,benign,FREM1,531.0
A4FU01,Q531R,0.055,benign,FREM1,531.0
A4FU01,Q531S,0.1487,benign,FREM1,531.0
A4FU01,Q531T,0.1489,benign,FREM1,531.0
A4FU01,Q531V,0.1623,benign,FREM1,531.0
A4FU01,Q531W,0.1427,benign,FREM1,531.0
A4FU01,Q531Y,0.1385,benign,FREM1,531.0
A4FU01,N532A,0.7554,pathogenic,FREM1,532.0
A4FU01,N532C,0.5181,ambiguous,FREM1,532.0
A4FU01,N532D,0.7514,pathogenic,FREM1,532.0
A4FU01,N532E,0.8769,pathogenic,FREM1,532.0
A4FU01,N532F,0.8835,pathogenic,FREM1,532.0
A4FU01,N532G,0.8322,pathogenic,FREM1,532.0
A4FU01,N532H,0.3156,benign,FREM1,532.0
A4FU01,N532I,0.5066,ambiguous,FREM1,532.0
A4FU01,N532K,0.8157,pathogenic,FREM1,532.0
A4FU01,N532L,0.6073,pathogenic,FREM1,532.0
A4FU01,N532M,0.6783,pathogenic,FREM1,532.0
A4FU01,N532P,0.9138,pathogenic,FREM1,532.0
A4FU01,N532Q,0.7359,pathogenic,FREM1,532.0
A4FU01,N532R,0.8217,pathogenic,FREM1,532.0
A4FU01,N532S,0.3366,benign,FREM1,532.0
A4FU01,N532T,0.5704,pathogenic,FREM1,532.0
A4FU01,N532V,0.5759,pathogenic,FREM1,532.0
A4FU01,N532W,0.9388,pathogenic,FREM1,532.0
A4FU01,N532Y,0.452,ambiguous,FREM1,532.0
A4FU01,P533A,0.089,benign,FREM1,533.0
A4FU01,P533C,0.3198,benign,FREM1,533.0
A4FU01,P533D,0.388,ambiguous,FREM1,533.0
A4FU01,P533E,0.2224,benign,FREM1,533.0
A4FU01,P533F,0.3509,ambiguous,FREM1,533.0
A4FU01,P533G,0.2822,benign,FREM1,533.0
A4FU01,P533H,0.1568,benign,FREM1,533.0
A4FU01,P533I,0.2188,benign,FREM1,533.0
A4FU01,P533K,0.2152,benign,FREM1,533.0
A4FU01,P533L,0.1017,benign,FREM1,533.0
A4FU01,P533M,0.247,benign,FREM1,533.0
A4FU01,P533N,0.3308,benign,FREM1,533.0
A4FU01,P533Q,0.1482,benign,FREM1,533.0
A4FU01,P533R,0.1176,benign,FREM1,533.0
A4FU01,P533S,0.1346,benign,FREM1,533.0
A4FU01,P533T,0.0975,benign,FREM1,533.0
A4FU01,P533V,0.1616,benign,FREM1,533.0
A4FU01,P533W,0.3733,ambiguous,FREM1,533.0
A4FU01,P533Y,0.3512,ambiguous,FREM1,533.0
A4FU01,G534A,0.0777,benign,FREM1,534.0
A4FU01,G534C,0.09,benign,FREM1,534.0
A4FU01,G534D,0.1709,benign,FREM1,534.0
A4FU01,G534E,0.18,benign,FREM1,534.0
A4FU01,G534F,0.3051,benign,FREM1,534.0
A4FU01,G534H,0.2203,benign,FREM1,534.0
A4FU01,G534I,0.1466,benign,FREM1,534.0
A4FU01,G534K,0.3064,benign,FREM1,534.0
A4FU01,G534L,0.2051,benign,FREM1,534.0
A4FU01,G534M,0.298,benign,FREM1,534.0
A4FU01,G534N,0.2207,benign,FREM1,534.0
A4FU01,G534P,0.6511,pathogenic,FREM1,534.0
A4FU01,G534Q,0.2223,benign,FREM1,534.0
A4FU01,G534R,0.17,benign,FREM1,534.0
A4FU01,G534S,0.0876,benign,FREM1,534.0
A4FU01,G534T,0.1296,benign,FREM1,534.0
A4FU01,G534V,0.1054,benign,FREM1,534.0
A4FU01,G534W,0.2255,benign,FREM1,534.0
A4FU01,G534Y,0.2207,benign,FREM1,534.0
A4FU01,Y535A,0.5581,ambiguous,FREM1,535.0
A4FU01,Y535C,0.1668,benign,FREM1,535.0
A4FU01,Y535D,0.5534,ambiguous,FREM1,535.0
A4FU01,Y535E,0.7743,pathogenic,FREM1,535.0
A4FU01,Y535F,0.1077,benign,FREM1,535.0
A4FU01,Y535G,0.4143,ambiguous,FREM1,535.0
A4FU01,Y535H,0.2959,benign,FREM1,535.0
A4FU01,Y535I,0.6521,pathogenic,FREM1,535.0
A4FU01,Y535K,0.6709,pathogenic,FREM1,535.0
A4FU01,Y535L,0.6,pathogenic,FREM1,535.0
A4FU01,Y535M,0.7124,pathogenic,FREM1,535.0
A4FU01,Y535N,0.352,ambiguous,FREM1,535.0
A4FU01,Y535P,0.747,pathogenic,FREM1,535.0
A4FU01,Y535Q,0.6484,pathogenic,FREM1,535.0
A4FU01,Y535R,0.4744,ambiguous,FREM1,535.0
A4FU01,Y535S,0.3473,ambiguous,FREM1,535.0
A4FU01,Y535T,0.5974,pathogenic,FREM1,535.0
A4FU01,Y535V,0.525,ambiguous,FREM1,535.0
A4FU01,Y535W,0.3162,benign,FREM1,535.0
A4FU01,D536A,0.079,benign,FREM1,536.0
A4FU01,D536C,0.1712,benign,FREM1,536.0
A4FU01,D536E,0.0967,benign,FREM1,536.0
A4FU01,D536F,0.2192,benign,FREM1,536.0
A4FU01,D536G,0.1033,benign,FREM1,536.0
A4FU01,D536H,0.0831,benign,FREM1,536.0
A4FU01,D536I,0.1182,benign,FREM1,536.0
A4FU01,D536K,0.1181,benign,FREM1,536.0
A4FU01,D536L,0.119,benign,FREM1,536.0
A4FU01,D536M,0.2699,benign,FREM1,536.0
A4FU01,D536N,0.0686,benign,FREM1,536.0
A4FU01,D536P,0.2287,benign,FREM1,536.0
A4FU01,D536Q,0.1011,benign,FREM1,536.0
A4FU01,D536R,0.0935,benign,FREM1,536.0
A4FU01,D536S,0.0726,benign,FREM1,536.0
A4FU01,D536T,0.1069,benign,FREM1,536.0
A4FU01,D536V,0.083,benign,FREM1,536.0
A4FU01,D536W,0.4449,ambiguous,FREM1,536.0
A4FU01,D536Y,0.094,benign,FREM1,536.0
A4FU01,P537A,0.0643,benign,FREM1,537.0
A4FU01,P537C,0.227,benign,FREM1,537.0
A4FU01,P537D,0.2312,benign,FREM1,537.0
A4FU01,P537E,0.137,benign,FREM1,537.0
A4FU01,P537F,0.2585,benign,FREM1,537.0
A4FU01,P537G,0.1592,benign,FREM1,537.0
A4FU01,P537H,0.1078,benign,FREM1,537.0
A4FU01,P537I,0.1753,benign,FREM1,537.0
A4FU01,P537K,0.1232,benign,FREM1,537.0
A4FU01,P537L,0.0823,benign,FREM1,537.0
A4FU01,P537M,0.1785,benign,FREM1,537.0
A4FU01,P537N,0.2154,benign,FREM1,537.0
A4FU01,P537Q,0.0945,benign,FREM1,537.0
A4FU01,P537R,0.0747,benign,FREM1,537.0
A4FU01,P537S,0.0893,benign,FREM1,537.0
A4FU01,P537T,0.0748,benign,FREM1,537.0
A4FU01,P537V,0.1234,benign,FREM1,537.0
A4FU01,P537W,0.268,benign,FREM1,537.0
A4FU01,P537Y,0.2448,benign,FREM1,537.0
A4FU01,E538A,0.0754,benign,FREM1,538.0
A4FU01,E538C,0.3462,ambiguous,FREM1,538.0
A4FU01,E538D,0.0922,benign,FREM1,538.0
A4FU01,E538F,0.3233,benign,FREM1,538.0
A4FU01,E538G,0.0675,benign,FREM1,538.0
A4FU01,E538H,0.1468,benign,FREM1,538.0
A4FU01,E538I,0.1661,benign,FREM1,538.0
A4FU01,E538K,0.0644,benign,FREM1,538.0
A4FU01,E538L,0.1431,benign,FREM1,538.0
A4FU01,E538M,0.2162,benign,FREM1,538.0
A4FU01,E538N,0.1294,benign,FREM1,538.0
A4FU01,E538P,0.1846,benign,FREM1,538.0
A4FU01,E538Q,0.0694,benign,FREM1,538.0
A4FU01,E538R,0.0798,benign,FREM1,538.0
A4FU01,E538S,0.0915,benign,FREM1,538.0
A4FU01,E538T,0.1056,benign,FREM1,538.0
A4FU01,E538V,0.1066,benign,FREM1,538.0
A4FU01,E538W,0.4162,ambiguous,FREM1,538.0
A4FU01,E538Y,0.2399,benign,FREM1,538.0
A4FU01,H539A,0.1079,benign,FREM1,539.0
A4FU01,H539C,0.0965,benign,FREM1,539.0
A4FU01,H539D,0.1018,benign,FREM1,539.0
A4FU01,H539E,0.1336,benign,FREM1,539.0
A4FU01,H539F,0.1653,benign,FREM1,539.0
A4FU01,H539G,0.1154,benign,FREM1,539.0
A4FU01,H539I,0.1467,benign,FREM1,539.0
A4FU01,H539K,0.1295,benign,FREM1,539.0
A4FU01,H539L,0.0853,benign,FREM1,539.0
A4FU01,H539M,0.2561,benign,FREM1,539.0
A4FU01,H539N,0.0743,benign,FREM1,539.0
A4FU01,H539P,0.0793,benign,FREM1,539.0
A4FU01,H539Q,0.0981,benign,FREM1,539.0
A4FU01,H539R,0.0681,benign,FREM1,539.0
A4FU01,H539S,0.1048,benign,FREM1,539.0
A4FU01,H539T,0.1128,benign,FREM1,539.0
A4FU01,H539V,0.1224,benign,FREM1,539.0
A4FU01,H539W,0.2037,benign,FREM1,539.0
A4FU01,H539Y,0.0757,benign,FREM1,539.0
A4FU01,C540A,0.1135,benign,FREM1,540.0
A4FU01,C540D,0.1113,benign,FREM1,540.0
A4FU01,C540E,0.1694,benign,FREM1,540.0
A4FU01,C540F,0.083,benign,FREM1,540.0
A4FU01,C540G,0.0648,benign,FREM1,540.0
A4FU01,C540H,0.0823,benign,FREM1,540.0
A4FU01,C540I,0.1449,benign,FREM1,540.0
A4FU01,C540K,0.1462,benign,FREM1,540.0
A4FU01,C540L,0.1223,benign,FREM1,540.0
A4FU01,C540M,0.2736,benign,FREM1,540.0
A4FU01,C540N,0.1163,benign,FREM1,540.0
A4FU01,C540P,0.1334,benign,FREM1,540.0
A4FU01,C540Q,0.1052,benign,FREM1,540.0
A4FU01,C540R,0.0638,benign,FREM1,540.0
A4FU01,C540S,0.0837,benign,FREM1,540.0
A4FU01,C540T,0.1292,benign,FREM1,540.0
A4FU01,C540V,0.1386,benign,FREM1,540.0
A4FU01,C540W,0.1328,benign,FREM1,540.0
A4FU01,C540Y,0.078,benign,FREM1,540.0
A4FU01,P541A,0.0663,benign,FREM1,541.0
A4FU01,P541C,0.1669,benign,FREM1,541.0
A4FU01,P541D,0.179,benign,FREM1,541.0
A4FU01,P541E,0.1269,benign,FREM1,541.0
A4FU01,P541F,0.2069,benign,FREM1,541.0
A4FU01,P541G,0.1263,benign,FREM1,541.0
A4FU01,P541H,0.0899,benign,FREM1,541.0
A4FU01,P541I,0.1574,benign,FREM1,541.0
A4FU01,P541K,0.128,benign,FREM1,541.0
A4FU01,P541L,0.0799,benign,FREM1,541.0
A4FU01,P541M,0.1721,benign,FREM1,541.0
A4FU01,P541N,0.1709,benign,FREM1,541.0
A4FU01,P541Q,0.0875,benign,FREM1,541.0
A4FU01,P541R,0.079,benign,FREM1,541.0
A4FU01,P541S,0.0771,benign,FREM1,541.0
A4FU01,P541T,0.0701,benign,FREM1,541.0
A4FU01,P541V,0.1137,benign,FREM1,541.0
A4FU01,P541W,0.2097,benign,FREM1,541.0
A4FU01,P541Y,0.1946,benign,FREM1,541.0
A4FU01,D542A,0.067,benign,FREM1,542.0
A4FU01,D542C,0.1687,benign,FREM1,542.0
A4FU01,D542E,0.0887,benign,FREM1,542.0
A4FU01,D542F,0.213,benign,FREM1,542.0
A4FU01,D542G,0.0609,benign,FREM1,542.0
A4FU01,D542H,0.0935,benign,FREM1,542.0
A4FU01,D542I,0.1273,benign,FREM1,542.0
A4FU01,D542K,0.1219,benign,FREM1,542.0
A4FU01,D542L,0.1276,benign,FREM1,542.0
A4FU01,D542M,0.256,benign,FREM1,542.0
A4FU01,D542N,0.0754,benign,FREM1,542.0
A4FU01,D542P,0.1471,benign,FREM1,542.0
A4FU01,D542Q,0.1064,benign,FREM1,542.0
A4FU01,D542R,0.1063,benign,FREM1,542.0
A4FU01,D542S,0.066,benign,FREM1,542.0
A4FU01,D542T,0.0963,benign,FREM1,542.0
A4FU01,D542V,0.0833,benign,FREM1,542.0
A4FU01,D542W,0.3938,ambiguous,FREM1,542.0
A4FU01,D542Y,0.0945,benign,FREM1,542.0
A4FU01,S543A,0.0672,benign,FREM1,543.0
A4FU01,S543C,0.0727,benign,FREM1,543.0
A4FU01,S543D,0.1553,benign,FREM1,543.0
A4FU01,S543E,0.2042,benign,FREM1,543.0
A4FU01,S543F,0.1043,benign,FREM1,543.0
A4FU01,S543G,0.0707,benign,FREM1,543.0
A4FU01,S543H,0.1311,benign,FREM1,543.0
A4FU01,S543I,0.102,benign,FREM1,543.0
A4FU01,S543K,0.2546,benign,FREM1,543.0
A4FU01,S543L,0.0781,benign,FREM1,543.0
A4FU01,S543M,0.1521,benign,FREM1,543.0
A4FU01,S543N,0.1031,benign,FREM1,543.0
A4FU01,S543P,0.0822,benign,FREM1,543.0
A4FU01,S543Q,0.2086,benign,FREM1,543.0
A4FU01,S543R,0.1848,benign,FREM1,543.0
A4FU01,S543T,0.0702,benign,FREM1,543.0
A4FU01,S543V,0.1005,benign,FREM1,543.0
A4FU01,S543W,0.1323,benign,FREM1,543.0
A4FU01,S543Y,0.0922,benign,FREM1,543.0
A4FU01,W544A,0.1111,benign,FREM1,544.0
A4FU01,W544C,0.1676,benign,FREM1,544.0
A4FU01,W544D,0.165,benign,FREM1,544.0
A4FU01,W544E,0.199,benign,FREM1,544.0
A4FU01,W544F,0.0993,benign,FREM1,544.0
A4FU01,W544G,0.0804,benign,FREM1,544.0
A4FU01,W544H,0.1545,benign,FREM1,544.0
A4FU01,W544I,0.1491,benign,FREM1,544.0
A4FU01,W544K,0.2412,benign,FREM1,544.0
A4FU01,W544L,0.1074,benign,FREM1,544.0
A4FU01,W544M,0.2219,benign,FREM1,544.0
A4FU01,W544N,0.1816,benign,FREM1,544.0
A4FU01,W544P,0.1556,benign,FREM1,544.0
A4FU01,W544Q,0.188,benign,FREM1,544.0
A4FU01,W544R,0.1598,benign,FREM1,544.0
A4FU01,W544S,0.0821,benign,FREM1,544.0
A4FU01,W544T,0.107,benign,FREM1,544.0
A4FU01,W544V,0.1157,benign,FREM1,544.0
A4FU01,W544Y,0.1352,benign,FREM1,544.0
A4FU01,L545A,0.1055,benign,FREM1,545.0
A4FU01,L545C,0.1366,benign,FREM1,545.0
A4FU01,L545D,0.176,benign,FREM1,545.0
A4FU01,L545E,0.1143,benign,FREM1,545.0
A4FU01,L545F,0.0679,benign,FREM1,545.0
A4FU01,L545G,0.143,benign,FREM1,545.0
A4FU01,L545H,0.0738,benign,FREM1,545.0
A4FU01,L545I,0.0763,benign,FREM1,545.0
A4FU01,L545K,0.1021,benign,FREM1,545.0
A4FU01,L545M,0.089,benign,FREM1,545.0
A4FU01,L545N,0.1154,benign,FREM1,545.0
A4FU01,L545P,0.0732,benign,FREM1,545.0
A4FU01,L545Q,0.0647,benign,FREM1,545.0
A4FU01,L545R,0.0727,benign,FREM1,545.0
A4FU01,L545S,0.0985,benign,FREM1,545.0
A4FU01,L545T,0.1049,benign,FREM1,545.0
A4FU01,L545V,0.0716,benign,FREM1,545.0
A4FU01,L545W,0.0858,benign,FREM1,545.0
A4FU01,L545Y,0.1122,benign,FREM1,545.0
A4FU01,P546A,0.0711,benign,FREM1,546.0
A4FU01,P546C,0.1621,benign,FREM1,546.0
A4FU01,P546D,0.1743,benign,FREM1,546.0
A4FU01,P546E,0.1311,benign,FREM1,546.0
A4FU01,P546F,0.1883,benign,FREM1,546.0
A4FU01,P546G,0.1188,benign,FREM1,546.0
A4FU01,P546H,0.0903,benign,FREM1,546.0
A4FU01,P546I,0.1537,benign,FREM1,546.0
A4FU01,P546K,0.141,benign,FREM1,546.0
A4FU01,P546L,0.0827,benign,FREM1,546.0
A4FU01,P546M,0.1756,benign,FREM1,546.0
A4FU01,P546N,0.1559,benign,FREM1,546.0
A4FU01,P546Q,0.0917,benign,FREM1,546.0
A4FU01,P546R,0.0904,benign,FREM1,546.0
A4FU01,P546S,0.0782,benign,FREM1,546.0
A4FU01,P546T,0.0793,benign,FREM1,546.0
A4FU01,P546V,0.112,benign,FREM1,546.0
A4FU01,P546W,0.1975,benign,FREM1,546.0
A4FU01,P546Y,0.163,benign,FREM1,546.0
A4FU01,R547A,0.1053,benign,FREM1,547.0
A4FU01,R547C,0.0893,benign,FREM1,547.0
A4FU01,R547D,0.1687,benign,FREM1,547.0
A4FU01,R547E,0.1197,benign,FREM1,547.0
A4FU01,R547F,0.1893,benign,FREM1,547.0
A4FU01,R547G,0.0727,benign,FREM1,547.0
A4FU01,R547H,0.0737,benign,FREM1,547.0
A4FU01,R547I,0.126,benign,FREM1,547.0
A4FU01,R547K,0.0773,benign,FREM1,547.0
A4FU01,R547L,0.0873,benign,FREM1,547.0
A4FU01,R547M,0.135,benign,FREM1,547.0
A4FU01,R547N,0.1699,benign,FREM1,547.0
A4FU01,R547P,0.0913,benign,FREM1,547.0
A4FU01,R547Q,0.0692,benign,FREM1,547.0
A4FU01,R547S,0.1169,benign,FREM1,547.0
A4FU01,R547T,0.0988,benign,FREM1,547.0
A4FU01,R547V,0.1247,benign,FREM1,547.0
A4FU01,R547W,0.0952,benign,FREM1,547.0
A4FU01,R547Y,0.1438,benign,FREM1,547.0
A4FU01,P548A,0.0684,benign,FREM1,548.0
A4FU01,P548C,0.1293,benign,FREM1,548.0
A4FU01,P548D,0.1216,benign,FREM1,548.0
A4FU01,P548E,0.0757,benign,FREM1,548.0
A4FU01,P548F,0.1777,benign,FREM1,548.0
A4FU01,P548G,0.0969,benign,FREM1,548.0
A4FU01,P548H,0.0665,benign,FREM1,548.0
A4FU01,P548I,0.1313,benign,FREM1,548.0
A4FU01,P548K,0.0808,benign,FREM1,548.0
A4FU01,P548L,0.0727,benign,FREM1,548.0
A4FU01,P548M,0.1453,benign,FREM1,548.0
A4FU01,P548N,0.1163,benign,FREM1,548.0
A4FU01,P548Q,0.0513,benign,FREM1,548.0
A4FU01,P548R,0.0625,benign,FREM1,548.0
A4FU01,P548S,0.0702,benign,FREM1,548.0
A4FU01,P548T,0.0691,benign,FREM1,548.0
A4FU01,P548V,0.1004,benign,FREM1,548.0
A4FU01,P548W,0.1464,benign,FREM1,548.0
A4FU01,P548Y,0.1378,benign,FREM1,548.0
A4FU01,Q549A,0.1096,benign,FREM1,549.0
A4FU01,Q549C,0.2321,benign,FREM1,549.0
A4FU01,Q549D,0.1494,benign,FREM1,549.0
A4FU01,Q549E,0.0764,benign,FREM1,549.0
A4FU01,Q549F,0.2975,benign,FREM1,549.0
A4FU01,Q549G,0.117,benign,FREM1,549.0
A4FU01,Q549H,0.101,benign,FREM1,549.0
A4FU01,Q549I,0.1874,benign,FREM1,549.0
A4FU01,Q549K,0.0849,benign,FREM1,549.0
A4FU01,Q549L,0.0894,benign,FREM1,549.0
A4FU01,Q549M,0.2193,benign,FREM1,549.0
A4FU01,Q549N,0.1469,benign,FREM1,549.0
A4FU01,Q549P,0.0657,benign,FREM1,549.0
A4FU01,Q549R,0.0757,benign,FREM1,549.0
A4FU01,Q549S,0.1018,benign,FREM1,549.0
A4FU01,Q549T,0.1118,benign,FREM1,549.0
A4FU01,Q549V,0.1283,benign,FREM1,549.0
A4FU01,Q549W,0.2022,benign,FREM1,549.0
A4FU01,Q549Y,0.1923,benign,FREM1,549.0
A4FU01,P550A,0.06,benign,FREM1,550.0
A4FU01,P550C,0.1476,benign,FREM1,550.0
A4FU01,P550D,0.1306,benign,FREM1,550.0
A4FU01,P550E,0.1092,benign,FREM1,550.0
A4FU01,P550F,0.1716,benign,FREM1,550.0
A4FU01,P550G,0.1011,benign,FREM1,550.0
A4FU01,P550H,0.078,benign,FREM1,550.0
A4FU01,P550I,0.1384,benign,FREM1,550.0
A4FU01,P550K,0.1147,benign,FREM1,550.0
A4FU01,P550L,0.0803,benign,FREM1,550.0
A4FU01,P550M,0.1486,benign,FREM1,550.0
A4FU01,P550N,0.117,benign,FREM1,550.0
A4FU01,P550Q,0.079,benign,FREM1,550.0
A4FU01,P550R,0.0807,benign,FREM1,550.0
A4FU01,P550S,0.0665,benign,FREM1,550.0
A4FU01,P550T,0.0648,benign,FREM1,550.0
A4FU01,P550V,0.0974,benign,FREM1,550.0
A4FU01,P550W,0.1912,benign,FREM1,550.0
A4FU01,P550Y,0.1403,benign,FREM1,550.0
A4FU01,S551A,0.0711,benign,FREM1,551.0
A4FU01,S551C,0.0677,benign,FREM1,551.0
A4FU01,S551D,0.1323,benign,FREM1,551.0
A4FU01,S551E,0.2017,benign,FREM1,551.0
A4FU01,S551F,0.1322,benign,FREM1,551.0
A4FU01,S551G,0.0635,benign,FREM1,551.0
A4FU01,S551H,0.1245,benign,FREM1,551.0
A4FU01,S551I,0.1095,benign,FREM1,551.0
A4FU01,S551K,0.2504,benign,FREM1,551.0
A4FU01,S551L,0.0961,benign,FREM1,551.0
A4FU01,S551M,0.1683,benign,FREM1,551.0
A4FU01,S551N,0.0831,benign,FREM1,551.0
A4FU01,S551P,0.0779,benign,FREM1,551.0
A4FU01,S551Q,0.1948,benign,FREM1,551.0
A4FU01,S551R,0.1822,benign,FREM1,551.0
A4FU01,S551T,0.0733,benign,FREM1,551.0
A4FU01,S551V,0.1013,benign,FREM1,551.0
A4FU01,S551W,0.1654,benign,FREM1,551.0
A4FU01,S551Y,0.1094,benign,FREM1,551.0
A4FU01,F552A,0.1219,benign,FREM1,552.0
A4FU01,F552C,0.1028,benign,FREM1,552.0
A4FU01,F552D,0.1975,benign,FREM1,552.0
A4FU01,F552E,0.2838,benign,FREM1,552.0
A4FU01,F552G,0.1967,benign,FREM1,552.0
A4FU01,F552H,0.1759,benign,FREM1,552.0
A4FU01,F552I,0.1014,benign,FREM1,552.0
A4FU01,F552K,0.2916,benign,FREM1,552.0
A4FU01,F552L,0.3062,benign,FREM1,552.0
A4FU01,F552M,0.2041,benign,FREM1,552.0
A4FU01,F552N,0.1884,benign,FREM1,552.0
A4FU01,F552P,0.2205,benign,FREM1,552.0
A4FU01,F552Q,0.2418,benign,FREM1,552.0
A4FU01,F552R,0.1899,benign,FREM1,552.0
A4FU01,F552S,0.0923,benign,FREM1,552.0
A4FU01,F552T,0.1349,benign,FREM1,552.0
A4FU01,F552V,0.087,benign,FREM1,552.0
A4FU01,F552W,0.1655,benign,FREM1,552.0
A4FU01,F552Y,0.1014,benign,FREM1,552.0
A4FU01,M553A,0.1017,benign,FREM1,553.0
A4FU01,M553C,0.3254,benign,FREM1,553.0
A4FU01,M553D,0.304,benign,FREM1,553.0
A4FU01,M553E,0.1834,benign,FREM1,553.0
A4FU01,M553F,0.1675,benign,FREM1,553.0
A4FU01,M553G,0.1847,benign,FREM1,553.0
A4FU01,M553H,0.1578,benign,FREM1,553.0
A4FU01,M553I,0.126,benign,FREM1,553.0
A4FU01,M553K,0.1021,benign,FREM1,553.0
A4FU01,M553L,0.0813,benign,FREM1,553.0
A4FU01,M553N,0.2005,benign,FREM1,553.0
A4FU01,M553P,0.1083,benign,FREM1,553.0
A4FU01,M553Q,0.1127,benign,FREM1,553.0
A4FU01,M553R,0.0827,benign,FREM1,553.0
A4FU01,M553S,0.1202,benign,FREM1,553.0
A4FU01,M553T,0.0712,benign,FREM1,553.0
A4FU01,M553V,0.0628,benign,FREM1,553.0
A4FU01,M553W,0.2633,benign,FREM1,553.0
A4FU01,M553Y,0.2831,benign,FREM1,553.0
A4FU01,V554A,0.0808,benign,FREM1,554.0
A4FU01,V554C,0.336,benign,FREM1,554.0
A4FU01,V554D,0.1154,benign,FREM1,554.0
A4FU01,V554E,0.1154,benign,FREM1,554.0
A4FU01,V554F,0.0916,benign,FREM1,554.0
A4FU01,V554G,0.084,benign,FREM1,554.0
A4FU01,V554H,0.1809,benign,FREM1,554.0
A4FU01,V554I,0.0784,benign,FREM1,554.0
A4FU01,V554K,0.1356,benign,FREM1,554.0
A4FU01,V554L,0.088,benign,FREM1,554.0
A4FU01,V554M,0.094,benign,FREM1,554.0
A4FU01,V554N,0.1026,benign,FREM1,554.0
A4FU01,V554P,0.1131,benign,FREM1,554.0
A4FU01,V554Q,0.1227,benign,FREM1,554.0
A4FU01,V554R,0.1183,benign,FREM1,554.0
A4FU01,V554S,0.0859,benign,FREM1,554.0
A4FU01,V554T,0.0956,benign,FREM1,554.0
A4FU01,V554W,0.3738,ambiguous,FREM1,554.0
A4FU01,V554Y,0.2212,benign,FREM1,554.0
A4FU01,P555A,0.0638,benign,FREM1,555.0
A4FU01,P555C,0.182,benign,FREM1,555.0
A4FU01,P555D,0.1858,benign,FREM1,555.0
A4FU01,P555E,0.1371,benign,FREM1,555.0
A4FU01,P555F,0.2204,benign,FREM1,555.0
A4FU01,P555G,0.1254,benign,FREM1,555.0
A4FU01,P555H,0.0975,benign,FREM1,555.0
A4FU01,P555I,0.1843,benign,FREM1,555.0
A4FU01,P555K,0.1485,benign,FREM1,555.0
A4FU01,P555L,0.0913,benign,FREM1,555.0
A4FU01,P555M,0.175,benign,FREM1,555.0
A4FU01,P555N,0.1572,benign,FREM1,555.0
A4FU01,P555Q,0.0945,benign,FREM1,555.0
A4FU01,P555R,0.0947,benign,FREM1,555.0
A4FU01,P555S,0.0728,benign,FREM1,555.0
A4FU01,P555T,0.0684,benign,FREM1,555.0
A4FU01,P555V,0.1237,benign,FREM1,555.0
A4FU01,P555W,0.2345,benign,FREM1,555.0
A4FU01,P555Y,0.2015,benign,FREM1,555.0
A4FU01,G556A,0.0821,benign,FREM1,556.0
A4FU01,G556C,0.1091,benign,FREM1,556.0
A4FU01,G556D,0.1437,benign,FREM1,556.0
A4FU01,G556E,0.1301,benign,FREM1,556.0
A4FU01,G556F,0.2465,benign,FREM1,556.0
A4FU01,G556H,0.178,benign,FREM1,556.0
A4FU01,G556I,0.1441,benign,FREM1,556.0
A4FU01,G556K,0.2165,benign,FREM1,556.0
A4FU01,G556L,0.1682,benign,FREM1,556.0
A4FU01,G556M,0.2333,benign,FREM1,556.0
A4FU01,G556N,0.176,benign,FREM1,556.0
A4FU01,G556P,0.2352,benign,FREM1,556.0
A4FU01,G556Q,0.168,benign,FREM1,556.0
A4FU01,G556R,0.1555,benign,FREM1,556.0
A4FU01,G556S,0.0813,benign,FREM1,556.0
A4FU01,G556T,0.0976,benign,FREM1,556.0
A4FU01,G556V,0.098,benign,FREM1,556.0
A4FU01,G556W,0.2001,benign,FREM1,556.0
A4FU01,G556Y,0.204,benign,FREM1,556.0
A4FU01,P557A,0.0682,benign,FREM1,557.0
A4FU01,P557C,0.1594,benign,FREM1,557.0
A4FU01,P557D,0.2005,benign,FREM1,557.0
A4FU01,P557E,0.1406,benign,FREM1,557.0
A4FU01,P557F,0.1422,benign,FREM1,557.0
A4FU01,P557G,0.1247,benign,FREM1,557.0
A4FU01,P557H,0.085,benign,FREM1,557.0
A4FU01,P557I,0.1182,benign,FREM1,557.0
A4FU01,P557K,0.1346,benign,FREM1,557.0
A4FU01,P557L,0.0697,benign,FREM1,557.0
A4FU01,P557M,0.1365,benign,FREM1,557.0
A4FU01,P557N,0.14,benign,FREM1,557.0
A4FU01,P557Q,0.0817,benign,FREM1,557.0
A4FU01,P557R,0.0901,benign,FREM1,557.0
A4FU01,P557S,0.0714,benign,FREM1,557.0
A4FU01,P557T,0.0703,benign,FREM1,557.0
A4FU01,P557V,0.094,benign,FREM1,557.0
A4FU01,P557W,0.2101,benign,FREM1,557.0
A4FU01,P557Y,0.1511,benign,FREM1,557.0
A4FU01,P558A,0.0636,benign,FREM1,558.0
A4FU01,P558C,0.2139,benign,FREM1,558.0
A4FU01,P558D,0.2535,benign,FREM1,558.0
A4FU01,P558E,0.1849,benign,FREM1,558.0
A4FU01,P558F,0.2422,benign,FREM1,558.0
A4FU01,P558G,0.1417,benign,FREM1,558.0
A4FU01,P558H,0.1122,benign,FREM1,558.0
A4FU01,P558I,0.1947,benign,FREM1,558.0
A4FU01,P558K,0.1924,benign,FREM1,558.0
A4FU01,P558L,0.0945,benign,FREM1,558.0
A4FU01,P558M,0.2117,benign,FREM1,558.0
A4FU01,P558N,0.1982,benign,FREM1,558.0
A4FU01,P558Q,0.0999,benign,FREM1,558.0
A4FU01,P558R,0.1055,benign,FREM1,558.0
A4FU01,P558S,0.0786,benign,FREM1,558.0
A4FU01,P558T,0.0805,benign,FREM1,558.0
A4FU01,P558V,0.1229,benign,FREM1,558.0
A4FU01,P558W,0.3144,benign,FREM1,558.0
A4FU01,P558Y,0.2311,benign,FREM1,558.0
A4FU01,S559A,0.0686,benign,FREM1,559.0
A4FU01,S559C,0.0756,benign,FREM1,559.0
A4FU01,S559D,0.2348,benign,FREM1,559.0
A4FU01,S559E,0.2934,benign,FREM1,559.0
A4FU01,S559F,0.17,benign,FREM1,559.0
A4FU01,S559G,0.0639,benign,FREM1,559.0
A4FU01,S559H,0.1579,benign,FREM1,559.0
A4FU01,S559I,0.1474,benign,FREM1,559.0
A4FU01,S559K,0.2853,benign,FREM1,559.0
A4FU01,S559L,0.1124,benign,FREM1,559.0
A4FU01,S559M,0.1906,benign,FREM1,559.0
A4FU01,S559N,0.0991,benign,FREM1,559.0
A4FU01,S559P,0.0855,benign,FREM1,559.0
A4FU01,S559Q,0.2221,benign,FREM1,559.0
A4FU01,S559R,0.1961,benign,FREM1,559.0
A4FU01,S559T,0.0745,benign,FREM1,559.0
A4FU01,S559V,0.1229,benign,FREM1,559.0
A4FU01,S559W,0.2131,benign,FREM1,559.0
A4FU01,S559Y,0.1422,benign,FREM1,559.0
A4FU01,S560A,0.0725,benign,FREM1,560.0
A4FU01,S560C,0.095,benign,FREM1,560.0
A4FU01,S560D,0.3901,ambiguous,FREM1,560.0
A4FU01,S560E,0.4592,ambiguous,FREM1,560.0
A4FU01,S560F,0.2059,benign,FREM1,560.0
A4FU01,S560G,0.0904,benign,FREM1,560.0
A4FU01,S560H,0.2894,benign,FREM1,560.0
A4FU01,S560I,0.2409,benign,FREM1,560.0
A4FU01,S560K,0.5824,pathogenic,FREM1,560.0
A4FU01,S560L,0.1168,benign,FREM1,560.0
A4FU01,S560M,0.1979,benign,FREM1,560.0
A4FU01,S560N,0.1801,benign,FREM1,560.0
A4FU01,S560P,0.1408,benign,FREM1,560.0
A4FU01,S560Q,0.4007,ambiguous,FREM1,560.0
A4FU01,S560R,0.4797,ambiguous,FREM1,560.0
A4FU01,S560T,0.0823,benign,FREM1,560.0
A4FU01,S560V,0.168,benign,FREM1,560.0
A4FU01,S560W,0.2649,benign,FREM1,560.0
A4FU01,S560Y,0.1978,benign,FREM1,560.0
A4FU01,V561A,0.1542,benign,FREM1,561.0
A4FU01,V561C,0.4566,ambiguous,FREM1,561.0
A4FU01,V561D,0.5702,pathogenic,FREM1,561.0
A4FU01,V561E,0.442,ambiguous,FREM1,561.0
A4FU01,V561F,0.149,benign,FREM1,561.0
A4FU01,V561G,0.2308,benign,FREM1,561.0
A4FU01,V561H,0.4803,ambiguous,FREM1,561.0
A4FU01,V561I,0.0717,benign,FREM1,561.0
A4FU01,V561K,0.41,ambiguous,FREM1,561.0
A4FU01,V561L,0.1041,benign,FREM1,561.0
A4FU01,V561M,0.1056,benign,FREM1,561.0
A4FU01,V561N,0.3346,benign,FREM1,561.0
A4FU01,V561P,0.3862,ambiguous,FREM1,561.0
A4FU01,V561Q,0.3481,ambiguous,FREM1,561.0
A4FU01,V561R,0.3186,benign,FREM1,561.0
A4FU01,V561S,0.2081,benign,FREM1,561.0
A4FU01,V561T,0.1751,benign,FREM1,561.0
A4FU01,V561W,0.5838,pathogenic,FREM1,561.0
A4FU01,V561Y,0.4296,ambiguous,FREM1,561.0
A4FU01,W562A,0.4204,ambiguous,FREM1,562.0
A4FU01,W562C,0.3976,ambiguous,FREM1,562.0
A4FU01,W562D,0.8471,pathogenic,FREM1,562.0
A4FU01,W562E,0.7804,pathogenic,FREM1,562.0
A4FU01,W562F,0.1266,benign,FREM1,562.0
A4FU01,W562G,0.3256,benign,FREM1,562.0
A4FU01,W562H,0.5036,ambiguous,FREM1,562.0
A4FU01,W562I,0.3995,ambiguous,FREM1,562.0
A4FU01,W562K,0.7865,pathogenic,FREM1,562.0
A4FU01,W562L,0.1733,benign,FREM1,562.0
A4FU01,W562M,0.3875,ambiguous,FREM1,562.0
A4FU01,W562N,0.7323,pathogenic,FREM1,562.0
A4FU01,W562P,0.8618,pathogenic,FREM1,562.0
A4FU01,W562Q,0.6057,pathogenic,FREM1,562.0
A4FU01,W562R,0.6251,pathogenic,FREM1,562.0
A4FU01,W562S,0.3348,benign,FREM1,562.0
A4FU01,W562T,0.4237,ambiguous,FREM1,562.0
A4FU01,W562V,0.3074,benign,FREM1,562.0
A4FU01,W562Y,0.2295,benign,FREM1,562.0
A4FU01,L563A,0.261,benign,FREM1,563.0
A4FU01,L563C,0.31,benign,FREM1,563.0
A4FU01,L563D,0.7128,pathogenic,FREM1,563.0
A4FU01,L563E,0.4036,ambiguous,FREM1,563.0
A4FU01,L563F,0.1132,benign,FREM1,563.0
A4FU01,L563G,0.4461,ambiguous,FREM1,563.0
A4FU01,L563H,0.1628,benign,FREM1,563.0
A4FU01,L563I,0.0994,benign,FREM1,563.0
A4FU01,L563K,0.2938,benign,FREM1,563.0
A4FU01,L563M,0.1106,benign,FREM1,563.0
A4FU01,L563N,0.3529,ambiguous,FREM1,563.0
A4FU01,L563P,0.7235,pathogenic,FREM1,563.0
A4FU01,L563Q,0.1375,benign,FREM1,563.0
A4FU01,L563R,0.1526,benign,FREM1,563.0
A4FU01,L563S,0.31,benign,FREM1,563.0
A4FU01,L563T,0.2716,benign,FREM1,563.0
A4FU01,L563V,0.0925,benign,FREM1,563.0
A4FU01,L563W,0.1937,benign,FREM1,563.0
A4FU01,L563Y,0.2022,benign,FREM1,563.0
A4FU01,F564A,0.9284,pathogenic,FREM1,564.0
A4FU01,F564C,0.6811,pathogenic,FREM1,564.0
A4FU01,F564D,0.9898,pathogenic,FREM1,564.0
A4FU01,F564E,0.9885,pathogenic,FREM1,564.0
A4FU01,F564G,0.9597,pathogenic,FREM1,564.0
A4FU01,F564H,0.8834,pathogenic,FREM1,564.0
A4FU01,F564I,0.6778,pathogenic,FREM1,564.0
A4FU01,F564K,0.9846,pathogenic,FREM1,564.0
A4FU01,F564L,0.8107,pathogenic,FREM1,564.0
A4FU01,F564M,0.8093,pathogenic,FREM1,564.0
A4FU01,F564N,0.9669,pathogenic,FREM1,564.0
A4FU01,F564P,0.9846,pathogenic,FREM1,564.0
A4FU01,F564Q,0.9614,pathogenic,FREM1,564.0
A4FU01,F564R,0.9505,pathogenic,FREM1,564.0
A4FU01,F564S,0.9216,pathogenic,FREM1,564.0
A4FU01,F564T,0.9679,pathogenic,FREM1,564.0
A4FU01,F564V,0.6861,pathogenic,FREM1,564.0
A4FU01,F564W,0.6452,pathogenic,FREM1,564.0
A4FU01,F564Y,0.295,benign,FREM1,564.0
A4FU01,S565A,0.0951,benign,FREM1,565.0
A4FU01,S565C,0.0992,benign,FREM1,565.0
A4FU01,S565D,0.7162,pathogenic,FREM1,565.0
A4FU01,S565E,0.7181,pathogenic,FREM1,565.0
A4FU01,S565F,0.3031,benign,FREM1,565.0
A4FU01,S565G,0.1362,benign,FREM1,565.0
A4FU01,S565H,0.3821,ambiguous,FREM1,565.0
A4FU01,S565I,0.3956,ambiguous,FREM1,565.0
A4FU01,S565K,0.8082,pathogenic,FREM1,565.0
A4FU01,S565L,0.1622,benign,FREM1,565.0
A4FU01,S565M,0.3527,ambiguous,FREM1,565.0
A4FU01,S565N,0.3425,ambiguous,FREM1,565.0
A4FU01,S565P,0.5437,ambiguous,FREM1,565.0
A4FU01,S565Q,0.5146,ambiguous,FREM1,565.0
A4FU01,S565R,0.6756,pathogenic,FREM1,565.0
A4FU01,S565T,0.1153,benign,FREM1,565.0
A4FU01,S565V,0.2858,benign,FREM1,565.0
A4FU01,S565W,0.3938,ambiguous,FREM1,565.0
A4FU01,S565Y,0.2799,benign,FREM1,565.0
A4FU01,R566A,0.4048,ambiguous,FREM1,566.0
A4FU01,R566C,0.247,benign,FREM1,566.0
A4FU01,R566D,0.6604,pathogenic,FREM1,566.0
A4FU01,R566E,0.4123,ambiguous,FREM1,566.0
A4FU01,R566F,0.7482,pathogenic,FREM1,566.0
A4FU01,R566G,0.1934,benign,FREM1,566.0
A4FU01,R566H,0.1331,benign,FREM1,566.0
A4FU01,R566I,0.6757,pathogenic,FREM1,566.0
A4FU01,R566K,0.1068,benign,FREM1,566.0
A4FU01,R566L,0.4073,ambiguous,FREM1,566.0
A4FU01,R566M,0.5204,ambiguous,FREM1,566.0
A4FU01,R566N,0.627,pathogenic,FREM1,566.0
A4FU01,R566P,0.4472,ambiguous,FREM1,566.0
A4FU01,R566Q,0.1216,benign,FREM1,566.0
A4FU01,R566S,0.4848,ambiguous,FREM1,566.0
A4FU01,R566T,0.4094,ambiguous,FREM1,566.0
A4FU01,R566V,0.6249,pathogenic,FREM1,566.0
A4FU01,R566W,0.251,benign,FREM1,566.0
A4FU01,R566Y,0.565,pathogenic,FREM1,566.0
A4FU01,G567A,0.3154,benign,FREM1,567.0
A4FU01,G567C,0.4983,ambiguous,FREM1,567.0
A4FU01,G567D,0.627,pathogenic,FREM1,567.0
A4FU01,G567E,0.6461,pathogenic,FREM1,567.0
A4FU01,G567F,0.8741,pathogenic,FREM1,567.0
A4FU01,G567H,0.7529,pathogenic,FREM1,567.0
A4FU01,G567I,0.8063,pathogenic,FREM1,567.0
A4FU01,G567K,0.8701,pathogenic,FREM1,567.0
A4FU01,G567L,0.778,pathogenic,FREM1,567.0
A4FU01,G567M,0.7803,pathogenic,FREM1,567.0
A4FU01,G567N,0.5497,ambiguous,FREM1,567.0
A4FU01,G567P,0.9256,pathogenic,FREM1,567.0
A4FU01,G567Q,0.6991,pathogenic,FREM1,567.0
A4FU01,G567R,0.772,pathogenic,FREM1,567.0
A4FU01,G567S,0.214,benign,FREM1,567.0
A4FU01,G567T,0.4616,ambiguous,FREM1,567.0
A4FU01,G567V,0.6387,pathogenic,FREM1,567.0
A4FU01,G567W,0.74,pathogenic,FREM1,567.0
A4FU01,G567Y,0.7529,pathogenic,FREM1,567.0
A4FU01,A568C,0.2378,benign,FREM1,568.0
A4FU01,A568D,0.2768,benign,FREM1,568.0
A4FU01,A568E,0.2494,benign,FREM1,568.0
A4FU01,A568F,0.1913,benign,FREM1,568.0
A4FU01,A568G,0.1013,benign,FREM1,568.0
A4FU01,A568H,0.2723,benign,FREM1,568.0
A4FU01,A568I,0.1511,benign,FREM1,568.0
A4FU01,A568K,0.3635,ambiguous,FREM1,568.0
A4FU01,A568L,0.1177,benign,FREM1,568.0
A4FU01,A568M,0.1276,benign,FREM1,568.0
A4FU01,A568N,0.1514,benign,FREM1,568.0
A4FU01,A568P,0.4728,ambiguous,FREM1,568.0
A4FU01,A568Q,0.2194,benign,FREM1,568.0
A4FU01,A568R,0.2949,benign,FREM1,568.0
A4FU01,A568S,0.0717,benign,FREM1,568.0
A4FU01,A568T,0.0681,benign,FREM1,568.0
A4FU01,A568V,0.087,benign,FREM1,568.0
A4FU01,A568W,0.5134,ambiguous,FREM1,568.0
A4FU01,A568Y,0.2887,benign,FREM1,568.0
A4FU01,L569A,0.6412,pathogenic,FREM1,569.0
A4FU01,L569C,0.7584,pathogenic,FREM1,569.0
A4FU01,L569D,0.9767,pathogenic,FREM1,569.0
A4FU01,L569E,0.8928,pathogenic,FREM1,569.0
A4FU01,L569F,0.2388,benign,FREM1,569.0
A4FU01,L569G,0.8798,pathogenic,FREM1,569.0
A4FU01,L569H,0.8072,pathogenic,FREM1,569.0
A4FU01,L569I,0.1856,benign,FREM1,569.0
A4FU01,L569K,0.8401,pathogenic,FREM1,569.0
A4FU01,L569M,0.1894,benign,FREM1,569.0
A4FU01,L569N,0.9253,pathogenic,FREM1,569.0
A4FU01,L569P,0.6511,pathogenic,FREM1,569.0
A4FU01,L569Q,0.6917,pathogenic,FREM1,569.0
A4FU01,L569R,0.6919,pathogenic,FREM1,569.0
A4FU01,L569S,0.8495,pathogenic,FREM1,569.0
A4FU01,L569T,0.7429,pathogenic,FREM1,569.0
A4FU01,L569V,0.1631,benign,FREM1,569.0
A4FU01,L569W,0.5412,ambiguous,FREM1,569.0
A4FU01,L569Y,0.7377,pathogenic,FREM1,569.0
A4FU01,T570A,0.0734,benign,FREM1,570.0
A4FU01,T570C,0.2446,benign,FREM1,570.0
A4FU01,T570D,0.4007,ambiguous,FREM1,570.0
A4FU01,T570E,0.3386,benign,FREM1,570.0
A4FU01,T570F,0.1901,benign,FREM1,570.0
A4FU01,T570G,0.1485,benign,FREM1,570.0
A4FU01,T570H,0.1852,benign,FREM1,570.0
A4FU01,T570I,0.1503,benign,FREM1,570.0
A4FU01,T570K,0.2765,benign,FREM1,570.0
A4FU01,T570L,0.086,benign,FREM1,570.0
A4FU01,T570M,0.0917,benign,FREM1,570.0
A4FU01,T570N,0.12,benign,FREM1,570.0
A4FU01,T570P,0.194,benign,FREM1,570.0
A4FU01,T570Q,0.1978,benign,FREM1,570.0
A4FU01,T570R,0.222,benign,FREM1,570.0
A4FU01,T570S,0.0787,benign,FREM1,570.0
A4FU01,T570V,0.118,benign,FREM1,570.0
A4FU01,T570W,0.4406,ambiguous,FREM1,570.0
A4FU01,T570Y,0.2223,benign,FREM1,570.0
A4FU01,P571A,0.0701,benign,FREM1,571.0
A4FU01,P571C,0.2865,benign,FREM1,571.0
A4FU01,P571D,0.392,ambiguous,FREM1,571.0
A4FU01,P571E,0.24,benign,FREM1,571.0
A4FU01,P571F,0.3552,ambiguous,FREM1,571.0
A4FU01,P571G,0.2044,benign,FREM1,571.0
A4FU01,P571H,0.1357,benign,FREM1,571.0
A4FU01,P571I,0.2744,benign,FREM1,571.0
A4FU01,P571K,0.2693,benign,FREM1,571.0
A4FU01,P571L,0.1117,benign,FREM1,571.0
A4FU01,P571M,0.2648,benign,FREM1,571.0
A4FU01,P571N,0.2615,benign,FREM1,571.0
A4FU01,P571Q,0.112,benign,FREM1,571.0
A4FU01,P571R,0.1279,benign,FREM1,571.0
A4FU01,P571S,0.0941,benign,FREM1,571.0
A4FU01,P571T,0.1022,benign,FREM1,571.0
A4FU01,P571V,0.1616,benign,FREM1,571.0
A4FU01,P571W,0.4126,ambiguous,FREM1,571.0
A4FU01,P571Y,0.2973,benign,FREM1,571.0
A4FU01,L572A,0.2051,benign,FREM1,572.0
A4FU01,L572C,0.3872,ambiguous,FREM1,572.0
A4FU01,L572D,0.7239,pathogenic,FREM1,572.0
A4FU01,L572E,0.382,ambiguous,FREM1,572.0
A4FU01,L572F,0.1478,benign,FREM1,572.0
A4FU01,L572G,0.4049,ambiguous,FREM1,572.0
A4FU01,L572H,0.2694,benign,FREM1,572.0
A4FU01,L572I,0.1212,benign,FREM1,572.0
A4FU01,L572K,0.328,benign,FREM1,572.0
A4FU01,L572M,0.0988,benign,FREM1,572.0
A4FU01,L572N,0.4593,ambiguous,FREM1,572.0
A4FU01,L572P,0.2545,benign,FREM1,572.0
A4FU01,L572Q,0.1388,benign,FREM1,572.0
A4FU01,L572R,0.2133,benign,FREM1,572.0
A4FU01,L572S,0.2621,benign,FREM1,572.0
A4FU01,L572T,0.2499,benign,FREM1,572.0
A4FU01,L572V,0.0947,benign,FREM1,572.0
A4FU01,L572W,0.2351,benign,FREM1,572.0
A4FU01,L572Y,0.3594,ambiguous,FREM1,572.0
A4FU01,N573A,0.1383,benign,FREM1,573.0
A4FU01,N573C,0.1618,benign,FREM1,573.0
A4FU01,N573D,0.1425,benign,FREM1,573.0
A4FU01,N573E,0.2536,benign,FREM1,573.0
A4FU01,N573F,0.3651,ambiguous,FREM1,573.0
A4FU01,N573G,0.1382,benign,FREM1,573.0
A4FU01,N573H,0.066,benign,FREM1,573.0
A4FU01,N573I,0.2046,benign,FREM1,573.0
A4FU01,N573K,0.2056,benign,FREM1,573.0
A4FU01,N573L,0.1592,benign,FREM1,573.0
A4FU01,N573M,0.2745,benign,FREM1,573.0
A4FU01,N573P,0.1201,benign,FREM1,573.0
A4FU01,N573Q,0.1628,benign,FREM1,573.0
A4FU01,N573R,0.1862,benign,FREM1,573.0
A4FU01,N573S,0.0712,benign,FREM1,573.0
A4FU01,N573T,0.1061,benign,FREM1,573.0
A4FU01,N573V,0.186,benign,FREM1,573.0
A4FU01,N573W,0.4434,ambiguous,FREM1,573.0
A4FU01,N573Y,0.1177,benign,FREM1,573.0
A4FU01,Q574A,0.1835,benign,FREM1,574.0
A4FU01,Q574C,0.4585,ambiguous,FREM1,574.0
A4FU01,Q574D,0.2775,benign,FREM1,574.0
A4FU01,Q574E,0.1041,benign,FREM1,574.0
A4FU01,Q574F,0.5602,ambiguous,FREM1,574.0
A4FU01,Q574G,0.2025,benign,FREM1,574.0
A4FU01,Q574H,0.1259,benign,FREM1,574.0
A4FU01,Q574I,0.3732,ambiguous,FREM1,574.0
A4FU01,Q574K,0.1432,benign,FREM1,574.0
A4FU01,Q574L,0.1558,benign,FREM1,574.0
A4FU01,Q574M,0.3655,ambiguous,FREM1,574.0
A4FU01,Q574N,0.2087,benign,FREM1,574.0
A4FU01,Q574P,0.1283,benign,FREM1,574.0
A4FU01,Q574R,0.1046,benign,FREM1,574.0
A4FU01,Q574S,0.1754,benign,FREM1,574.0
A4FU01,Q574T,0.1722,benign,FREM1,574.0
A4FU01,Q574V,0.227,benign,FREM1,574.0
A4FU01,Q574W,0.4259,ambiguous,FREM1,574.0
A4FU01,Q574Y,0.3222,benign,FREM1,574.0
A4FU01,L575A,0.3609,ambiguous,FREM1,575.0
A4FU01,L575C,0.5475,ambiguous,FREM1,575.0
A4FU01,L575D,0.7903,pathogenic,FREM1,575.0
A4FU01,L575E,0.6125,pathogenic,FREM1,575.0
A4FU01,L575F,0.1499,benign,FREM1,575.0
A4FU01,L575G,0.579,pathogenic,FREM1,575.0
A4FU01,L575H,0.3719,ambiguous,FREM1,575.0
A4FU01,L575I,0.1148,benign,FREM1,575.0
A4FU01,L575K,0.5444,ambiguous,FREM1,575.0
A4FU01,L575M,0.1724,benign,FREM1,575.0
A4FU01,L575N,0.5826,pathogenic,FREM1,575.0
A4FU01,L575P,0.1659,benign,FREM1,575.0
A4FU01,L575Q,0.3366,benign,FREM1,575.0
A4FU01,L575R,0.3248,benign,FREM1,575.0
A4FU01,L575S,0.5087,ambiguous,FREM1,575.0
A4FU01,L575T,0.3987,ambiguous,FREM1,575.0
A4FU01,L575V,0.1208,benign,FREM1,575.0
A4FU01,L575W,0.2674,benign,FREM1,575.0
A4FU01,L575Y,0.3737,ambiguous,FREM1,575.0
A4FU01,C576A,0.3949,ambiguous,FREM1,576.0
A4FU01,C576D,0.8555,pathogenic,FREM1,576.0
A4FU01,C576E,0.8973,pathogenic,FREM1,576.0
A4FU01,C576F,0.2196,benign,FREM1,576.0
A4FU01,C576G,0.246,benign,FREM1,576.0
A4FU01,C576H,0.6392,pathogenic,FREM1,576.0
A4FU01,C576I,0.4664,ambiguous,FREM1,576.0
A4FU01,C576K,0.9059,pathogenic,FREM1,576.0
A4FU01,C576L,0.3048,benign,FREM1,576.0
A4FU01,C576M,0.596,pathogenic,FREM1,576.0
A4FU01,C576N,0.6579,pathogenic,FREM1,576.0
A4FU01,C576P,0.5611,ambiguous,FREM1,576.0
A4FU01,C576Q,0.7521,pathogenic,FREM1,576.0
A4FU01,C576R,0.6956,pathogenic,FREM1,576.0
A4FU01,C576S,0.2921,benign,FREM1,576.0
A4FU01,C576T,0.4647,ambiguous,FREM1,576.0
A4FU01,C576V,0.392,ambiguous,FREM1,576.0
A4FU01,C576W,0.4927,ambiguous,FREM1,576.0
A4FU01,C576Y,0.3947,ambiguous,FREM1,576.0
A4FU01,P577A,0.1888,benign,FREM1,577.0
A4FU01,P577C,0.5759,pathogenic,FREM1,577.0
A4FU01,P577D,0.7719,pathogenic,FREM1,577.0
A4FU01,P577E,0.5912,pathogenic,FREM1,577.0
A4FU01,P577F,0.6642,pathogenic,FREM1,577.0
A4FU01,P577G,0.4912,ambiguous,FREM1,577.0
A4FU01,P577H,0.3226,benign,FREM1,577.0
A4FU01,P577I,0.5504,ambiguous,FREM1,577.0
A4FU01,P577K,0.6566,pathogenic,FREM1,577.0
A4FU01,P577L,0.2351,benign,FREM1,577.0
A4FU01,P577M,0.5971,pathogenic,FREM1,577.0
A4FU01,P577N,0.652,pathogenic,FREM1,577.0
A4FU01,P577Q,0.3353,benign,FREM1,577.0
A4FU01,P577R,0.317,benign,FREM1,577.0
A4FU01,P577S,0.2394,benign,FREM1,577.0
A4FU01,P577T,0.2482,benign,FREM1,577.0
A4FU01,P577V,0.3791,ambiguous,FREM1,577.0
A4FU01,P577W,0.738,pathogenic,FREM1,577.0
A4FU01,P577Y,0.6422,pathogenic,FREM1,577.0
A4FU01,W578A,0.8643,pathogenic,FREM1,578.0
A4FU01,W578C,0.9168,pathogenic,FREM1,578.0
A4FU01,W578D,0.9697,pathogenic,FREM1,578.0
A4FU01,W578E,0.9567,pathogenic,FREM1,578.0
A4FU01,W578F,0.4492,ambiguous,FREM1,578.0
A4FU01,W578G,0.6597,pathogenic,FREM1,578.0
A4FU01,W578H,0.9179,pathogenic,FREM1,578.0
A4FU01,W578I,0.8803,pathogenic,FREM1,578.0
A4FU01,W578K,0.9727,pathogenic,FREM1,578.0
A4FU01,W578L,0.6951,pathogenic,FREM1,578.0
A4FU01,W578M,0.9,pathogenic,FREM1,578.0
A4FU01,W578N,0.9614,pathogenic,FREM1,578.0
A4FU01,W578P,0.9326,pathogenic,FREM1,578.0
A4FU01,W578Q,0.9473,pathogenic,FREM1,578.0
A4FU01,W578R,0.9414,pathogenic,FREM1,578.0
A4FU01,W578S,0.7674,pathogenic,FREM1,578.0
A4FU01,W578T,0.8847,pathogenic,FREM1,578.0
A4FU01,W578V,0.8448,pathogenic,FREM1,578.0
A4FU01,W578Y,0.689,pathogenic,FREM1,578.0
A4FU01,R579A,0.2168,benign,FREM1,579.0
A4FU01,R579C,0.1299,benign,FREM1,579.0
A4FU01,R579D,0.3812,ambiguous,FREM1,579.0
A4FU01,R579E,0.1816,benign,FREM1,579.0
A4FU01,R579F,0.3787,ambiguous,FREM1,579.0
A4FU01,R579G,0.1203,benign,FREM1,579.0
A4FU01,R579H,0.0893,benign,FREM1,579.0
A4FU01,R579I,0.2538,benign,FREM1,579.0
A4FU01,R579K,0.0915,benign,FREM1,579.0
A4FU01,R579L,0.1578,benign,FREM1,579.0
A4FU01,R579M,0.2302,benign,FREM1,579.0
A4FU01,R579N,0.3102,benign,FREM1,579.0
A4FU01,R579P,0.2578,benign,FREM1,579.0
A4FU01,R579Q,0.071,benign,FREM1,579.0
A4FU01,R579S,0.2562,benign,FREM1,579.0
A4FU01,R579T,0.178,benign,FREM1,579.0
A4FU01,R579V,0.2499,benign,FREM1,579.0
A4FU01,R579W,0.114,benign,FREM1,579.0
A4FU01,R579Y,0.238,benign,FREM1,579.0
A4FU01,D580A,0.1422,benign,FREM1,580.0
A4FU01,D580C,0.399,ambiguous,FREM1,580.0
A4FU01,D580E,0.0994,benign,FREM1,580.0
A4FU01,D580F,0.4073,ambiguous,FREM1,580.0
A4FU01,D580G,0.1086,benign,FREM1,580.0
A4FU01,D580H,0.1856,benign,FREM1,580.0
A4FU01,D580I,0.2834,benign,FREM1,580.0
A4FU01,D580K,0.2714,benign,FREM1,580.0
A4FU01,D580L,0.2771,benign,FREM1,580.0
A4FU01,D580M,0.4525,ambiguous,FREM1,580.0
A4FU01,D580N,0.0968,benign,FREM1,580.0
A4FU01,D580P,0.3416,ambiguous,FREM1,580.0
A4FU01,D580Q,0.2064,benign,FREM1,580.0
A4FU01,D580R,0.2594,benign,FREM1,580.0
A4FU01,D580S,0.1065,benign,FREM1,580.0
A4FU01,D580T,0.1788,benign,FREM1,580.0
A4FU01,D580V,0.1771,benign,FREM1,580.0
A4FU01,D580W,0.6647,pathogenic,FREM1,580.0
A4FU01,D580Y,0.1833,benign,FREM1,580.0
A4FU01,S581A,0.0836,benign,FREM1,581.0
A4FU01,S581C,0.081,benign,FREM1,581.0
A4FU01,S581D,0.2262,benign,FREM1,581.0
A4FU01,S581E,0.3246,benign,FREM1,581.0
A4FU01,S581F,0.152,benign,FREM1,581.0
A4FU01,S581G,0.066,benign,FREM1,581.0
A4FU01,S581H,0.1671,benign,FREM1,581.0
A4FU01,S581I,0.1168,benign,FREM1,581.0
A4FU01,S581K,0.3906,ambiguous,FREM1,581.0
A4FU01,S581L,0.1037,benign,FREM1,581.0
A4FU01,S581M,0.1635,benign,FREM1,581.0
A4FU01,S581N,0.09,benign,FREM1,581.0
A4FU01,S581P,0.1358,benign,FREM1,581.0
A4FU01,S581Q,0.2765,benign,FREM1,581.0
A4FU01,S581R,0.3201,benign,FREM1,581.0
A4FU01,S581T,0.0731,benign,FREM1,581.0
A4FU01,S581V,0.1199,benign,FREM1,581.0
A4FU01,S581W,0.2342,benign,FREM1,581.0
A4FU01,S581Y,0.1374,benign,FREM1,581.0
A4FU01,P582A,0.0675,benign,FREM1,582.0
A4FU01,P582C,0.1749,benign,FREM1,582.0
A4FU01,P582D,0.1913,benign,FREM1,582.0
A4FU01,P582E,0.1625,benign,FREM1,582.0
A4FU01,P582F,0.1828,benign,FREM1,582.0
A4FU01,P582G,0.1182,benign,FREM1,582.0
A4FU01,P582H,0.0846,benign,FREM1,582.0
A4FU01,P582I,0.1676,benign,FREM1,582.0
A4FU01,P582K,0.1743,benign,FREM1,582.0
A4FU01,P582L,0.0855,benign,FREM1,582.0
A4FU01,P582M,0.1854,benign,FREM1,582.0
A4FU01,P582N,0.1423,benign,FREM1,582.0
A4FU01,P582Q,0.0903,benign,FREM1,582.0
A4FU01,P582R,0.1007,benign,FREM1,582.0
A4FU01,P582S,0.0643,benign,FREM1,582.0
A4FU01,P582T,0.0726,benign,FREM1,582.0
A4FU01,P582V,0.1198,benign,FREM1,582.0
A4FU01,P582W,0.2276,benign,FREM1,582.0
A4FU01,P582Y,0.1662,benign,FREM1,582.0
A4FU01,S583A,0.0747,benign,FREM1,583.0
A4FU01,S583C,0.0887,benign,FREM1,583.0
A4FU01,S583D,0.3041,benign,FREM1,583.0
A4FU01,S583E,0.3975,ambiguous,FREM1,583.0
A4FU01,S583F,0.1324,benign,FREM1,583.0
A4FU01,S583G,0.0799,benign,FREM1,583.0
A4FU01,S583H,0.224,benign,FREM1,583.0
A4FU01,S583I,0.1617,benign,FREM1,583.0
A4FU01,S583K,0.5154,ambiguous,FREM1,583.0
A4FU01,S583L,0.0981,benign,FREM1,583.0
A4FU01,S583M,0.1859,benign,FREM1,583.0
A4FU01,S583N,0.1385,benign,FREM1,583.0
A4FU01,S583P,0.0855,benign,FREM1,583.0
A4FU01,S583Q,0.3517,ambiguous,FREM1,583.0
A4FU01,S583R,0.4302,ambiguous,FREM1,583.0
A4FU01,S583T,0.0833,benign,FREM1,583.0
A4FU01,S583V,0.1367,benign,FREM1,583.0
A4FU01,S583W,0.2134,benign,FREM1,583.0
A4FU01,S583Y,0.1352,benign,FREM1,583.0
A4FU01,L584A,0.0972,benign,FREM1,584.0
A4FU01,L584C,0.2248,benign,FREM1,584.0
A4FU01,L584D,0.2813,benign,FREM1,584.0
A4FU01,L584E,0.1895,benign,FREM1,584.0
A4FU01,L584F,0.0725,benign,FREM1,584.0
A4FU01,L584G,0.1579,benign,FREM1,584.0
A4FU01,L584H,0.1062,benign,FREM1,584.0
A4FU01,L584I,0.0859,benign,FREM1,584.0
A4FU01,L584K,0.1651,benign,FREM1,584.0
A4FU01,L584M,0.0779,benign,FREM1,584.0
A4FU01,L584N,0.1659,benign,FREM1,584.0
A4FU01,L584P,0.0829,benign,FREM1,584.0
A4FU01,L584Q,0.0917,benign,FREM1,584.0
A4FU01,L584R,0.1057,benign,FREM1,584.0
A4FU01,L584S,0.0933,benign,FREM1,584.0
A4FU01,L584T,0.1075,benign,FREM1,584.0
A4FU01,L584V,0.0735,benign,FREM1,584.0
A4FU01,L584W,0.1193,benign,FREM1,584.0
A4FU01,L584Y,0.1576,benign,FREM1,584.0
A4FU01,L585A,0.1079,benign,FREM1,585.0
A4FU01,L585C,0.2838,benign,FREM1,585.0
A4FU01,L585D,0.3473,ambiguous,FREM1,585.0
A4FU01,L585E,0.1961,benign,FREM1,585.0
A4FU01,L585F,0.0929,benign,FREM1,585.0
A4FU01,L585G,0.1867,benign,FREM1,585.0
A4FU01,L585H,0.1283,benign,FREM1,585.0
A4FU01,L585I,0.1019,benign,FREM1,585.0
A4FU01,L585K,0.1661,benign,FREM1,585.0
A4FU01,L585M,0.0837,benign,FREM1,585.0
A4FU01,L585N,0.2166,benign,FREM1,585.0
A4FU01,L585P,0.0805,benign,FREM1,585.0
A4FU01,L585Q,0.0904,benign,FREM1,585.0
A4FU01,L585R,0.1062,benign,FREM1,585.0
A4FU01,L585S,0.1268,benign,FREM1,585.0
A4FU01,L585T,0.1207,benign,FREM1,585.0
A4FU01,L585V,0.0835,benign,FREM1,585.0
A4FU01,L585W,0.1277,benign,FREM1,585.0
A4FU01,L585Y,0.202,benign,FREM1,585.0
A4FU01,A586C,0.2645,benign,FREM1,586.0
A4FU01,A586D,0.1847,benign,FREM1,586.0
A4FU01,A586E,0.177,benign,FREM1,586.0
A4FU01,A586F,0.2224,benign,FREM1,586.0
A4FU01,A586G,0.0822,benign,FREM1,586.0
A4FU01,A586H,0.2289,benign,FREM1,586.0
A4FU01,A586I,0.1823,benign,FREM1,586.0
A4FU01,A586K,0.2681,benign,FREM1,586.0
A4FU01,A586L,0.1101,benign,FREM1,586.0
A4FU01,A586M,0.1398,benign,FREM1,586.0
A4FU01,A586N,0.1607,benign,FREM1,586.0
A4FU01,A586P,0.0878,benign,FREM1,586.0
A4FU01,A586Q,0.1909,benign,FREM1,586.0
A4FU01,A586R,0.2267,benign,FREM1,586.0
A4FU01,A586S,0.0792,benign,FREM1,586.0
A4FU01,A586T,0.0756,benign,FREM1,586.0
A4FU01,A586V,0.0932,benign,FREM1,586.0
A4FU01,A586W,0.3783,ambiguous,FREM1,586.0
A4FU01,A586Y,0.2696,benign,FREM1,586.0
A4FU01,V587A,0.0853,benign,FREM1,587.0
A4FU01,V587C,0.4071,ambiguous,FREM1,587.0
A4FU01,V587D,0.1781,benign,FREM1,587.0
A4FU01,V587E,0.1909,benign,FREM1,587.0
A4FU01,V587F,0.0851,benign,FREM1,587.0
A4FU01,V587G,0.092,benign,FREM1,587.0
A4FU01,V587H,0.2559,benign,FREM1,587.0
A4FU01,V587I,0.075,benign,FREM1,587.0
A4FU01,V587K,0.2173,benign,FREM1,587.0
A4FU01,V587L,0.0988,benign,FREM1,587.0
A4FU01,V587M,0.0959,benign,FREM1,587.0
A4FU01,V587N,0.1352,benign,FREM1,587.0
A4FU01,V587P,0.1368,benign,FREM1,587.0
A4FU01,V587Q,0.1875,benign,FREM1,587.0
A4FU01,V587R,0.178,benign,FREM1,587.0
A4FU01,V587S,0.0967,benign,FREM1,587.0
A4FU01,V587T,0.1135,benign,FREM1,587.0
A4FU01,V587W,0.4209,ambiguous,FREM1,587.0
A4FU01,V587Y,0.2603,benign,FREM1,587.0
A4FU01,S588A,0.0738,benign,FREM1,588.0
A4FU01,S588C,0.0928,benign,FREM1,588.0
A4FU01,S588D,0.3766,ambiguous,FREM1,588.0
A4FU01,S588E,0.4295,ambiguous,FREM1,588.0
A4FU01,S588F,0.1801,benign,FREM1,588.0
A4FU01,S588G,0.0932,benign,FREM1,588.0
A4FU01,S588H,0.2317,benign,FREM1,588.0
A4FU01,S588I,0.219,benign,FREM1,588.0
A4FU01,S588K,0.5346,ambiguous,FREM1,588.0
A4FU01,S588L,0.1316,benign,FREM1,588.0
A4FU01,S588M,0.2286,benign,FREM1,588.0
A4FU01,S588N,0.1741,benign,FREM1,588.0
A4FU01,S588P,0.0644,benign,FREM1,588.0
A4FU01,S588Q,0.3235,benign,FREM1,588.0
A4FU01,S588R,0.4452,ambiguous,FREM1,588.0
A4FU01,S588T,0.0818,benign,FREM1,588.0
A4FU01,S588V,0.1717,benign,FREM1,588.0
A4FU01,S588W,0.2384,benign,FREM1,588.0
A4FU01,S588Y,0.1657,benign,FREM1,588.0
A4FU01,S589A,0.0811,benign,FREM1,589.0
A4FU01,S589C,0.0959,benign,FREM1,589.0
A4FU01,S589D,0.3933,ambiguous,FREM1,589.0
A4FU01,S589E,0.4701,ambiguous,FREM1,589.0
A4FU01,S589F,0.1883,benign,FREM1,589.0
A4FU01,S589G,0.081,benign,FREM1,589.0
A4FU01,S589H,0.2519,benign,FREM1,589.0
A4FU01,S589I,0.2438,benign,FREM1,589.0
A4FU01,S589K,0.5777,pathogenic,FREM1,589.0
A4FU01,S589L,0.1214,benign,FREM1,589.0
A4FU01,S589M,0.2321,benign,FREM1,589.0
A4FU01,S589N,0.1704,benign,FREM1,589.0
A4FU01,S589P,0.0843,benign,FREM1,589.0
A4FU01,S589Q,0.374,ambiguous,FREM1,589.0
A4FU01,S589R,0.478,ambiguous,FREM1,589.0
A4FU01,S589T,0.09,benign,FREM1,589.0
A4FU01,S589V,0.1877,benign,FREM1,589.0
A4FU01,S589W,0.2228,benign,FREM1,589.0
A4FU01,S589Y,0.1677,benign,FREM1,589.0
A4FU01,R590A,0.2551,benign,FREM1,590.0
A4FU01,R590C,0.1237,benign,FREM1,590.0
A4FU01,R590D,0.414,ambiguous,FREM1,590.0
A4FU01,R590E,0.3019,benign,FREM1,590.0
A4FU01,R590F,0.3696,ambiguous,FREM1,590.0
A4FU01,R590G,0.1394,benign,FREM1,590.0
A4FU01,R590H,0.09,benign,FREM1,590.0
A4FU01,R590I,0.3068,benign,FREM1,590.0
A4FU01,R590K,0.1494,benign,FREM1,590.0
A4FU01,R590L,0.1804,benign,FREM1,590.0
A4FU01,R590M,0.3648,ambiguous,FREM1,590.0
A4FU01,R590N,0.3823,ambiguous,FREM1,590.0
A4FU01,R590P,0.1755,benign,FREM1,590.0
A4FU01,R590Q,0.0978,benign,FREM1,590.0
A4FU01,R590S,0.2647,benign,FREM1,590.0
A4FU01,R590T,0.2372,benign,FREM1,590.0
A4FU01,R590V,0.3008,benign,FREM1,590.0
A4FU01,R590W,0.1304,benign,FREM1,590.0
A4FU01,R590Y,0.2416,benign,FREM1,590.0
A4FU01,W591A,0.3455,ambiguous,FREM1,591.0
A4FU01,W591C,0.5007,ambiguous,FREM1,591.0
A4FU01,W591D,0.5937,pathogenic,FREM1,591.0
A4FU01,W591E,0.6366,pathogenic,FREM1,591.0
A4FU01,W591F,0.1843,benign,FREM1,591.0
A4FU01,W591G,0.2038,benign,FREM1,591.0
A4FU01,W591H,0.4487,ambiguous,FREM1,591.0
A4FU01,W591I,0.3687,ambiguous,FREM1,591.0
A4FU01,W591K,0.6923,pathogenic,FREM1,591.0
A4FU01,W591L,0.2316,benign,FREM1,591.0
A4FU01,W591M,0.4706,ambiguous,FREM1,591.0
A4FU01,W591N,0.5343,ambiguous,FREM1,591.0
A4FU01,W591P,0.4627,ambiguous,FREM1,591.0
A4FU01,W591Q,0.5583,ambiguous,FREM1,591.0
A4FU01,W591R,0.5563,ambiguous,FREM1,591.0
A4FU01,W591S,0.2349,benign,FREM1,591.0
A4FU01,W591T,0.3411,ambiguous,FREM1,591.0
A4FU01,W591V,0.3151,benign,FREM1,591.0
A4FU01,W591Y,0.3007,benign,FREM1,591.0
A4FU01,L592A,0.231,benign,FREM1,592.0
A4FU01,L592C,0.367,ambiguous,FREM1,592.0
A4FU01,L592D,0.5862,pathogenic,FREM1,592.0
A4FU01,L592E,0.3437,ambiguous,FREM1,592.0
A4FU01,L592F,0.1134,benign,FREM1,592.0
A4FU01,L592G,0.3122,benign,FREM1,592.0
A4FU01,L592H,0.1705,benign,FREM1,592.0
A4FU01,L592I,0.1158,benign,FREM1,592.0
A4FU01,L592K,0.2738,benign,FREM1,592.0
A4FU01,L592M,0.119,benign,FREM1,592.0
A4FU01,L592N,0.3019,benign,FREM1,592.0
A4FU01,L592P,0.186,benign,FREM1,592.0
A4FU01,L592Q,0.1241,benign,FREM1,592.0
A4FU01,L592R,0.1697,benign,FREM1,592.0
A4FU01,L592S,0.2513,benign,FREM1,592.0
A4FU01,L592T,0.2628,benign,FREM1,592.0
A4FU01,L592V,0.1135,benign,FREM1,592.0
A4FU01,L592W,0.1585,benign,FREM1,592.0
A4FU01,L592Y,0.2479,benign,FREM1,592.0
A4FU01,P593A,0.0879,benign,FREM1,593.0
A4FU01,P593C,0.2839,benign,FREM1,593.0
A4FU01,P593D,0.4083,ambiguous,FREM1,593.0
A4FU01,P593E,0.2808,benign,FREM1,593.0
A4FU01,P593F,0.349,ambiguous,FREM1,593.0
A4FU01,P593G,0.1786,benign,FREM1,593.0
A4FU01,P593H,0.1295,benign,FREM1,593.0
A4FU01,P593I,0.2926,benign,FREM1,593.0
A4FU01,P593K,0.3163,benign,FREM1,593.0
A4FU01,P593L,0.1052,benign,FREM1,593.0
A4FU01,P593M,0.2793,benign,FREM1,593.0
A4FU01,P593N,0.2661,benign,FREM1,593.0
A4FU01,P593Q,0.1251,benign,FREM1,593.0
A4FU01,P593R,0.161,benign,FREM1,593.0
A4FU01,P593S,0.0935,benign,FREM1,593.0
A4FU01,P593T,0.1097,benign,FREM1,593.0
A4FU01,P593V,0.1773,benign,FREM1,593.0
A4FU01,P593W,0.3535,ambiguous,FREM1,593.0
A4FU01,P593Y,0.3088,benign,FREM1,593.0
A4FU01,R594A,0.3291,benign,FREM1,594.0
A4FU01,R594C,0.1614,benign,FREM1,594.0
A4FU01,R594D,0.6012,pathogenic,FREM1,594.0
A4FU01,R594E,0.3641,ambiguous,FREM1,594.0
A4FU01,R594F,0.4807,ambiguous,FREM1,594.0
A4FU01,R594G,0.1898,benign,FREM1,594.0
A4FU01,R594H,0.1198,benign,FREM1,594.0
A4FU01,R594I,0.3669,ambiguous,FREM1,594.0
A4FU01,R594K,0.1541,benign,FREM1,594.0
A4FU01,R594L,0.2164,benign,FREM1,594.0
A4FU01,R594M,0.4021,ambiguous,FREM1,594.0
A4FU01,R594N,0.5918,pathogenic,FREM1,594.0
A4FU01,R594P,0.2171,benign,FREM1,594.0
A4FU01,R594Q,0.1082,benign,FREM1,594.0
A4FU01,R594S,0.3993,ambiguous,FREM1,594.0
A4FU01,R594T,0.3246,benign,FREM1,594.0
A4FU01,R594V,0.3472,ambiguous,FREM1,594.0
A4FU01,R594W,0.1543,benign,FREM1,594.0
A4FU01,R594Y,0.3467,ambiguous,FREM1,594.0
A4FU01,P595A,0.0648,benign,FREM1,595.0
A4FU01,P595C,0.268,benign,FREM1,595.0
A4FU01,P595D,0.3065,benign,FREM1,595.0
A4FU01,P595E,0.1948,benign,FREM1,595.0
A4FU01,P595F,0.2888,benign,FREM1,595.0
A4FU01,P595G,0.1478,benign,FREM1,595.0
A4FU01,P595H,0.1082,benign,FREM1,595.0
A4FU01,P595I,0.2252,benign,FREM1,595.0
A4FU01,P595K,0.2109,benign,FREM1,595.0
A4FU01,P595L,0.0893,benign,FREM1,595.0
A4FU01,P595M,0.1933,benign,FREM1,595.0
A4FU01,P595N,0.215,benign,FREM1,595.0
A4FU01,P595Q,0.0983,benign,FREM1,595.0
A4FU01,P595R,0.1164,benign,FREM1,595.0
A4FU01,P595S,0.0928,benign,FREM1,595.0
A4FU01,P595T,0.0818,benign,FREM1,595.0
A4FU01,P595V,0.1323,benign,FREM1,595.0
A4FU01,P595W,0.2919,benign,FREM1,595.0
A4FU01,P595Y,0.2491,benign,FREM1,595.0
A4FU01,A596C,0.267,benign,FREM1,596.0
A4FU01,A596D,0.2112,benign,FREM1,596.0
A4FU01,A596E,0.2202,benign,FREM1,596.0
A4FU01,A596F,0.242,benign,FREM1,596.0
A4FU01,A596G,0.0907,benign,FREM1,596.0
A4FU01,A596H,0.2819,benign,FREM1,596.0
A4FU01,A596I,0.1825,benign,FREM1,596.0
A4FU01,A596K,0.3667,ambiguous,FREM1,596.0
A4FU01,A596L,0.1302,benign,FREM1,596.0
A4FU01,A596M,0.1822,benign,FREM1,596.0
A4FU01,A596N,0.1655,benign,FREM1,596.0
A4FU01,A596P,0.0998,benign,FREM1,596.0
A4FU01,A596Q,0.2305,benign,FREM1,596.0
A4FU01,A596R,0.2887,benign,FREM1,596.0
A4FU01,A596S,0.0829,benign,FREM1,596.0
A4FU01,A596T,0.0784,benign,FREM1,596.0
A4FU01,A596V,0.0922,benign,FREM1,596.0
A4FU01,A596W,0.476,ambiguous,FREM1,596.0
A4FU01,A596Y,0.3163,benign,FREM1,596.0
A4FU01,I597A,0.1107,benign,FREM1,597.0
A4FU01,I597C,0.2851,benign,FREM1,597.0
A4FU01,I597D,0.2999,benign,FREM1,597.0
A4FU01,I597E,0.295,benign,FREM1,597.0
A4FU01,I597F,0.0944,benign,FREM1,597.0
A4FU01,I597G,0.1959,benign,FREM1,597.0
A4FU01,I597H,0.2139,benign,FREM1,597.0
A4FU01,I597K,0.2382,benign,FREM1,597.0
A4FU01,I597L,0.0782,benign,FREM1,597.0
A4FU01,I597M,0.0905,benign,FREM1,597.0
A4FU01,I597N,0.1204,benign,FREM1,597.0
A4FU01,I597P,0.163,benign,FREM1,597.0
A4FU01,I597Q,0.2033,benign,FREM1,597.0
A4FU01,I597R,0.1462,benign,FREM1,597.0
A4FU01,I597S,0.1069,benign,FREM1,597.0
A4FU01,I597T,0.139,benign,FREM1,597.0
A4FU01,I597V,0.0618,benign,FREM1,597.0
A4FU01,I597W,0.3929,ambiguous,FREM1,597.0
A4FU01,I597Y,0.2427,benign,FREM1,597.0
A4FU01,S598A,0.1074,benign,FREM1,598.0
A4FU01,S598C,0.1582,benign,FREM1,598.0
A4FU01,S598D,0.7289,pathogenic,FREM1,598.0
A4FU01,S598E,0.7933,pathogenic,FREM1,598.0
A4FU01,S598F,0.3775,ambiguous,FREM1,598.0
A4FU01,S598G,0.1592,benign,FREM1,598.0
A4FU01,S598H,0.6187,pathogenic,FREM1,598.0
A4FU01,S598I,0.4578,ambiguous,FREM1,598.0
A4FU01,S598K,0.9236,pathogenic,FREM1,598.0
A4FU01,S598L,0.1933,benign,FREM1,598.0
A4FU01,S598M,0.4489,ambiguous,FREM1,598.0
A4FU01,S598N,0.5316,ambiguous,FREM1,598.0
A4FU01,S598P,0.1408,benign,FREM1,598.0
A4FU01,S598Q,0.7548,pathogenic,FREM1,598.0
A4FU01,S598R,0.856,pathogenic,FREM1,598.0
A4FU01,S598T,0.1277,benign,FREM1,598.0
A4FU01,S598V,0.3458,ambiguous,FREM1,598.0
A4FU01,S598W,0.4635,ambiguous,FREM1,598.0
A4FU01,S598Y,0.3733,ambiguous,FREM1,598.0
A4FU01,S599A,0.0751,benign,FREM1,599.0
A4FU01,S599C,0.1161,benign,FREM1,599.0
A4FU01,S599D,0.45,ambiguous,FREM1,599.0
A4FU01,S599E,0.4583,ambiguous,FREM1,599.0
A4FU01,S599F,0.251,benign,FREM1,599.0
A4FU01,S599G,0.0875,benign,FREM1,599.0
A4FU01,S599H,0.3985,ambiguous,FREM1,599.0
A4FU01,S599I,0.2683,benign,FREM1,599.0
A4FU01,S599K,0.6611,pathogenic,FREM1,599.0
A4FU01,S599L,0.1111,benign,FREM1,599.0
A4FU01,S599M,0.199,benign,FREM1,599.0
A4FU01,S599N,0.2309,benign,FREM1,599.0
A4FU01,S599P,0.1237,benign,FREM1,599.0
A4FU01,S599Q,0.4716,ambiguous,FREM1,599.0
A4FU01,S599R,0.5757,pathogenic,FREM1,599.0
A4FU01,S599T,0.0775,benign,FREM1,599.0
A4FU01,S599V,0.1842,benign,FREM1,599.0
A4FU01,S599W,0.2644,benign,FREM1,599.0
A4FU01,S599Y,0.2406,benign,FREM1,599.0
A4FU01,E600A,0.3457,ambiguous,FREM1,600.0
A4FU01,E600C,0.9018,pathogenic,FREM1,600.0
A4FU01,E600D,0.1447,benign,FREM1,600.0
A4FU01,E600F,0.897,pathogenic,FREM1,600.0
A4FU01,E600G,0.3196,benign,FREM1,600.0
A4FU01,E600H,0.6616,pathogenic,FREM1,600.0
A4FU01,E600I,0.7682,pathogenic,FREM1,600.0
A4FU01,E600K,0.4427,ambiguous,FREM1,600.0
A4FU01,E600L,0.6984,pathogenic,FREM1,600.0
A4FU01,E600M,0.79,pathogenic,FREM1,600.0
A4FU01,E600N,0.5024,ambiguous,FREM1,600.0
A4FU01,E600P,0.6245,pathogenic,FREM1,600.0
A4FU01,E600Q,0.2979,benign,FREM1,600.0
A4FU01,E600R,0.4799,ambiguous,FREM1,600.0
A4FU01,E600S,0.3675,ambiguous,FREM1,600.0
A4FU01,E600T,0.5125,ambiguous,FREM1,600.0
A4FU01,E600V,0.5419,ambiguous,FREM1,600.0
A4FU01,E600W,0.9432,pathogenic,FREM1,600.0
A4FU01,E600Y,0.8036,pathogenic,FREM1,600.0
A4FU01,S601A,0.1349,benign,FREM1,601.0
A4FU01,S601C,0.1299,benign,FREM1,601.0
A4FU01,S601D,0.4614,ambiguous,FREM1,601.0
A4FU01,S601E,0.6302,pathogenic,FREM1,601.0
A4FU01,S601F,0.3516,ambiguous,FREM1,601.0
A4FU01,S601G,0.115,benign,FREM1,601.0
A4FU01,S601H,0.4226,ambiguous,FREM1,601.0
A4FU01,S601I,0.2792,benign,FREM1,601.0
A4FU01,S601K,0.8301,pathogenic,FREM1,601.0
A4FU01,S601L,0.1988,benign,FREM1,601.0
A4FU01,S601M,0.2594,benign,FREM1,601.0
A4FU01,S601N,0.1532,benign,FREM1,601.0
A4FU01,S601P,0.3598,ambiguous,FREM1,601.0
A4FU01,S601Q,0.6124,pathogenic,FREM1,601.0
A4FU01,S601R,0.7933,pathogenic,FREM1,601.0
A4FU01,S601T,0.1067,benign,FREM1,601.0
A4FU01,S601V,0.2656,benign,FREM1,601.0
A4FU01,S601W,0.4274,ambiguous,FREM1,601.0
A4FU01,S601Y,0.2762,benign,FREM1,601.0
A4FU01,L602A,0.2993,benign,FREM1,602.0
A4FU01,L602C,0.6746,pathogenic,FREM1,602.0
A4FU01,L602D,0.8122,pathogenic,FREM1,602.0
A4FU01,L602E,0.4935,ambiguous,FREM1,602.0
A4FU01,L602F,0.2061,benign,FREM1,602.0
A4FU01,L602G,0.5859,pathogenic,FREM1,602.0
A4FU01,L602H,0.4206,ambiguous,FREM1,602.0
A4FU01,L602I,0.1588,benign,FREM1,602.0
A4FU01,L602K,0.4894,ambiguous,FREM1,602.0
A4FU01,L602M,0.1417,benign,FREM1,602.0
A4FU01,L602N,0.6568,pathogenic,FREM1,602.0
A4FU01,L602P,0.2211,benign,FREM1,602.0
A4FU01,L602Q,0.2485,benign,FREM1,602.0
A4FU01,L602R,0.3041,benign,FREM1,602.0
A4FU01,L602S,0.4322,ambiguous,FREM1,602.0
A4FU01,L602T,0.3418,ambiguous,FREM1,602.0
A4FU01,L602V,0.123,benign,FREM1,602.0
A4FU01,L602W,0.2995,benign,FREM1,602.0
A4FU01,L602Y,0.5291,ambiguous,FREM1,602.0
A4FU01,A603C,0.5148,ambiguous,FREM1,603.0
A4FU01,A603D,0.4121,ambiguous,FREM1,603.0
A4FU01,A603E,0.3381,benign,FREM1,603.0
A4FU01,A603F,0.5114,ambiguous,FREM1,603.0
A4FU01,A603G,0.1617,benign,FREM1,603.0
A4FU01,A603H,0.5592,ambiguous,FREM1,603.0
A4FU01,A603I,0.4083,ambiguous,FREM1,603.0
A4FU01,A603K,0.6487,pathogenic,FREM1,603.0
A4FU01,A603L,0.2149,benign,FREM1,603.0
A4FU01,A603M,0.3238,benign,FREM1,603.0
A4FU01,A603N,0.4285,ambiguous,FREM1,603.0
A4FU01,A603P,0.2297,benign,FREM1,603.0
A4FU01,A603Q,0.3999,ambiguous,FREM1,603.0
A4FU01,A603R,0.4766,ambiguous,FREM1,603.0
A4FU01,A603S,0.1208,benign,FREM1,603.0
A4FU01,A603T,0.1454,benign,FREM1,603.0
A4FU01,A603V,0.1831,benign,FREM1,603.0
A4FU01,A603W,0.7065,pathogenic,FREM1,603.0
A4FU01,A603Y,0.6087,pathogenic,FREM1,603.0
A4FU01,D604A,0.3941,ambiguous,FREM1,604.0
A4FU01,D604C,0.7856,pathogenic,FREM1,604.0
A4FU01,D604E,0.285,benign,FREM1,604.0
A4FU01,D604F,0.7818,pathogenic,FREM1,604.0
A4FU01,D604G,0.3421,ambiguous,FREM1,604.0
A4FU01,D604H,0.5594,ambiguous,FREM1,604.0
A4FU01,D604I,0.7202,pathogenic,FREM1,604.0
A4FU01,D604K,0.7481,pathogenic,FREM1,604.0
A4FU01,D604L,0.5773,pathogenic,FREM1,604.0
A4FU01,D604M,0.8265,pathogenic,FREM1,604.0
A4FU01,D604N,0.2561,benign,FREM1,604.0
A4FU01,D604P,0.7277,pathogenic,FREM1,604.0
A4FU01,D604Q,0.562,ambiguous,FREM1,604.0
A4FU01,D604R,0.6403,pathogenic,FREM1,604.0
A4FU01,D604S,0.2575,benign,FREM1,604.0
A4FU01,D604T,0.5533,ambiguous,FREM1,604.0
A4FU01,D604V,0.4988,ambiguous,FREM1,604.0
A4FU01,D604W,0.9126,pathogenic,FREM1,604.0
A4FU01,D604Y,0.4732,ambiguous,FREM1,604.0
A4FU01,Q605A,0.2321,benign,FREM1,605.0
A4FU01,Q605C,0.6722,pathogenic,FREM1,605.0
A4FU01,Q605D,0.4197,ambiguous,FREM1,605.0
A4FU01,Q605E,0.0921,benign,FREM1,605.0
A4FU01,Q605F,0.7625,pathogenic,FREM1,605.0
A4FU01,Q605G,0.2524,benign,FREM1,605.0
A4FU01,Q605H,0.2894,benign,FREM1,605.0
A4FU01,Q605I,0.5094,ambiguous,FREM1,605.0
A4FU01,Q605K,0.1496,benign,FREM1,605.0
A4FU01,Q605L,0.1751,benign,FREM1,605.0
A4FU01,Q605M,0.4331,ambiguous,FREM1,605.0
A4FU01,Q605N,0.4123,ambiguous,FREM1,605.0
A4FU01,Q605P,0.1423,benign,FREM1,605.0
A4FU01,Q605R,0.1096,benign,FREM1,605.0
A4FU01,Q605S,0.3003,benign,FREM1,605.0
A4FU01,Q605T,0.2641,benign,FREM1,605.0
A4FU01,Q605V,0.3101,benign,FREM1,605.0
A4FU01,Q605W,0.5302,ambiguous,FREM1,605.0
A4FU01,Q605Y,0.5898,pathogenic,FREM1,605.0
A4FU01,E606A,0.3678,ambiguous,FREM1,606.0
A4FU01,E606C,0.9164,pathogenic,FREM1,606.0
A4FU01,E606D,0.3066,benign,FREM1,606.0
A4FU01,E606F,0.9188,pathogenic,FREM1,606.0
A4FU01,E606G,0.3883,ambiguous,FREM1,606.0
A4FU01,E606H,0.7846,pathogenic,FREM1,606.0
A4FU01,E606I,0.7407,pathogenic,FREM1,606.0
A4FU01,E606K,0.6378,pathogenic,FREM1,606.0
A4FU01,E606L,0.6945,pathogenic,FREM1,606.0
A4FU01,E606M,0.7905,pathogenic,FREM1,606.0
A4FU01,E606N,0.6341,pathogenic,FREM1,606.0
A4FU01,E606P,0.7079,pathogenic,FREM1,606.0
A4FU01,E606Q,0.3442,ambiguous,FREM1,606.0
A4FU01,E606R,0.6277,pathogenic,FREM1,606.0
A4FU01,E606S,0.5024,ambiguous,FREM1,606.0
A4FU01,E606T,0.588,pathogenic,FREM1,606.0
A4FU01,E606V,0.5117,ambiguous,FREM1,606.0
A4FU01,E606W,0.9614,pathogenic,FREM1,606.0
A4FU01,E606Y,0.8317,pathogenic,FREM1,606.0
A4FU01,W607A,0.516,ambiguous,FREM1,607.0
A4FU01,W607C,0.7985,pathogenic,FREM1,607.0
A4FU01,W607D,0.7481,pathogenic,FREM1,607.0
A4FU01,W607E,0.7344,pathogenic,FREM1,607.0
A4FU01,W607F,0.3558,ambiguous,FREM1,607.0
A4FU01,W607G,0.3166,benign,FREM1,607.0
A4FU01,W607H,0.7593,pathogenic,FREM1,607.0
A4FU01,W607I,0.7015,pathogenic,FREM1,607.0
A4FU01,W607K,0.8559,pathogenic,FREM1,607.0
A4FU01,W607L,0.4671,ambiguous,FREM1,607.0
A4FU01,W607M,0.6548,pathogenic,FREM1,607.0
A4FU01,W607N,0.7722,pathogenic,FREM1,607.0
A4FU01,W607P,0.8277,pathogenic,FREM1,607.0
A4FU01,W607Q,0.7937,pathogenic,FREM1,607.0
A4FU01,W607R,0.7697,pathogenic,FREM1,607.0
A4FU01,W607S,0.4885,ambiguous,FREM1,607.0
A4FU01,W607T,0.5735,pathogenic,FREM1,607.0
A4FU01,W607V,0.5774,pathogenic,FREM1,607.0
A4FU01,W607Y,0.5079,ambiguous,FREM1,607.0
A4FU01,G608A,0.2223,benign,FREM1,608.0
A4FU01,G608C,0.3049,benign,FREM1,608.0
A4FU01,G608D,0.4637,ambiguous,FREM1,608.0
A4FU01,G608E,0.4352,ambiguous,FREM1,608.0
A4FU01,G608F,0.663,pathogenic,FREM1,608.0
A4FU01,G608H,0.6196,pathogenic,FREM1,608.0
A4FU01,G608I,0.4335,ambiguous,FREM1,608.0
A4FU01,G608K,0.7482,pathogenic,FREM1,608.0
A4FU01,G608L,0.4901,ambiguous,FREM1,608.0
A4FU01,G608M,0.5782,pathogenic,FREM1,608.0
A4FU01,G608N,0.4763,ambiguous,FREM1,608.0
A4FU01,G608P,0.7733,pathogenic,FREM1,608.0
A4FU01,G608Q,0.5538,ambiguous,FREM1,608.0
A4FU01,G608R,0.63,pathogenic,FREM1,608.0
A4FU01,G608S,0.2141,benign,FREM1,608.0
A4FU01,G608T,0.3753,ambiguous,FREM1,608.0
A4FU01,G608V,0.327,benign,FREM1,608.0
A4FU01,G608W,0.5598,ambiguous,FREM1,608.0
A4FU01,G608Y,0.5268,ambiguous,FREM1,608.0
A4FU01,L609A,0.4403,ambiguous,FREM1,609.0
A4FU01,L609C,0.5592,ambiguous,FREM1,609.0
A4FU01,L609D,0.7824,pathogenic,FREM1,609.0
A4FU01,L609E,0.5395,ambiguous,FREM1,609.0
A4FU01,L609F,0.1119,benign,FREM1,609.0
A4FU01,L609G,0.6018,pathogenic,FREM1,609.0
A4FU01,L609H,0.3313,benign,FREM1,609.0
A4FU01,L609I,0.1255,benign,FREM1,609.0
A4FU01,L609K,0.4499,ambiguous,FREM1,609.0
A4FU01,L609M,0.1539,benign,FREM1,609.0
A4FU01,L609N,0.5613,ambiguous,FREM1,609.0
A4FU01,L609P,0.3304,benign,FREM1,609.0
A4FU01,L609Q,0.2548,benign,FREM1,609.0
A4FU01,L609R,0.2917,benign,FREM1,609.0
A4FU01,L609S,0.4636,ambiguous,FREM1,609.0
A4FU01,L609T,0.4663,ambiguous,FREM1,609.0
A4FU01,L609V,0.1448,benign,FREM1,609.0
A4FU01,L609W,0.2349,benign,FREM1,609.0
A4FU01,L609Y,0.3492,ambiguous,FREM1,609.0
A4FU01,P610A,0.1775,benign,FREM1,610.0
A4FU01,P610C,0.6245,pathogenic,FREM1,610.0
A4FU01,P610D,0.6825,pathogenic,FREM1,610.0
A4FU01,P610E,0.5519,ambiguous,FREM1,610.0
A4FU01,P610F,0.628,pathogenic,FREM1,610.0
A4FU01,P610G,0.4432,ambiguous,FREM1,610.0
A4FU01,P610H,0.346,ambiguous,FREM1,610.0
A4FU01,P610I,0.5908,pathogenic,FREM1,610.0
A4FU01,P610K,0.6225,pathogenic,FREM1,610.0
A4FU01,P610L,0.2342,benign,FREM1,610.0
A4FU01,P610M,0.6053,pathogenic,FREM1,610.0
A4FU01,P610N,0.6334,pathogenic,FREM1,610.0
A4FU01,P610Q,0.3363,benign,FREM1,610.0
A4FU01,P610R,0.3423,ambiguous,FREM1,610.0
A4FU01,P610S,0.2429,benign,FREM1,610.0
A4FU01,P610T,0.2671,benign,FREM1,610.0
A4FU01,P610V,0.3834,ambiguous,FREM1,610.0
A4FU01,P610W,0.7374,pathogenic,FREM1,610.0
A4FU01,P610Y,0.5952,pathogenic,FREM1,610.0
A4FU01,S611A,0.0691,benign,FREM1,611.0
A4FU01,S611C,0.0905,benign,FREM1,611.0
A4FU01,S611D,0.3225,benign,FREM1,611.0
A4FU01,S611E,0.3678,ambiguous,FREM1,611.0
A4FU01,S611F,0.1614,benign,FREM1,611.0
A4FU01,S611G,0.0867,benign,FREM1,611.0
A4FU01,S611H,0.2397,benign,FREM1,611.0
A4FU01,S611I,0.1744,benign,FREM1,611.0
A4FU01,S611K,0.4996,ambiguous,FREM1,611.0
A4FU01,S611L,0.0961,benign,FREM1,611.0
A4FU01,S611M,0.2007,benign,FREM1,611.0
A4FU01,S611N,0.1701,benign,FREM1,611.0
A4FU01,S611P,0.0712,benign,FREM1,611.0
A4FU01,S611Q,0.3134,benign,FREM1,611.0
A4FU01,S611R,0.3812,ambiguous,FREM1,611.0
A4FU01,S611T,0.0911,benign,FREM1,611.0
A4FU01,S611V,0.1431,benign,FREM1,611.0
A4FU01,S611W,0.2023,benign,FREM1,611.0
A4FU01,S611Y,0.1582,benign,FREM1,611.0
A4FU01,H612A,0.1756,benign,FREM1,612.0
A4FU01,H612C,0.1257,benign,FREM1,612.0
A4FU01,H612D,0.1846,benign,FREM1,612.0
A4FU01,H612E,0.2322,benign,FREM1,612.0
A4FU01,H612F,0.1911,benign,FREM1,612.0
A4FU01,H612G,0.1795,benign,FREM1,612.0
A4FU01,H612I,0.2425,benign,FREM1,612.0
A4FU01,H612K,0.2855,benign,FREM1,612.0
A4FU01,H612L,0.1071,benign,FREM1,612.0
A4FU01,H612M,0.3901,ambiguous,FREM1,612.0
A4FU01,H612N,0.1101,benign,FREM1,612.0
A4FU01,H612P,0.0911,benign,FREM1,612.0
A4FU01,H612Q,0.1569,benign,FREM1,612.0
A4FU01,H612R,0.1114,benign,FREM1,612.0
A4FU01,H612S,0.1349,benign,FREM1,612.0
A4FU01,H612T,0.193,benign,FREM1,612.0
A4FU01,H612V,0.1915,benign,FREM1,612.0
A4FU01,H612W,0.2294,benign,FREM1,612.0
A4FU01,H612Y,0.081,benign,FREM1,612.0
A4FU01,W613A,0.5144,ambiguous,FREM1,613.0
A4FU01,W613C,0.718,pathogenic,FREM1,613.0
A4FU01,W613D,0.8323,pathogenic,FREM1,613.0
A4FU01,W613E,0.7891,pathogenic,FREM1,613.0
A4FU01,W613F,0.3151,benign,FREM1,613.0
A4FU01,W613G,0.3226,benign,FREM1,613.0
A4FU01,W613H,0.7149,pathogenic,FREM1,613.0
A4FU01,W613I,0.6879,pathogenic,FREM1,613.0
A4FU01,W613K,0.8644,pathogenic,FREM1,613.0
A4FU01,W613L,0.428,ambiguous,FREM1,613.0
A4FU01,W613M,0.7247,pathogenic,FREM1,613.0
A4FU01,W613N,0.8528,pathogenic,FREM1,613.0
A4FU01,W613P,0.7411,pathogenic,FREM1,613.0
A4FU01,W613Q,0.7521,pathogenic,FREM1,613.0
A4FU01,W613R,0.7209,pathogenic,FREM1,613.0
A4FU01,W613S,0.3931,ambiguous,FREM1,613.0
A4FU01,W613T,0.5315,ambiguous,FREM1,613.0
A4FU01,W613V,0.5716,pathogenic,FREM1,613.0
A4FU01,W613Y,0.5762,pathogenic,FREM1,613.0
A4FU01,G614A,0.1261,benign,FREM1,614.0
A4FU01,G614C,0.2484,benign,FREM1,614.0
A4FU01,G614D,0.2433,benign,FREM1,614.0
A4FU01,G614E,0.2016,benign,FREM1,614.0
A4FU01,G614F,0.5277,ambiguous,FREM1,614.0
A4FU01,G614H,0.3611,ambiguous,FREM1,614.0
A4FU01,G614I,0.3221,benign,FREM1,614.0
A4FU01,G614K,0.3993,ambiguous,FREM1,614.0
A4FU01,G614L,0.3649,ambiguous,FREM1,614.0
A4FU01,G614M,0.4152,ambiguous,FREM1,614.0
A4FU01,G614N,0.3177,benign,FREM1,614.0
A4FU01,G614P,0.5239,ambiguous,FREM1,614.0
A4FU01,G614Q,0.3056,benign,FREM1,614.0
A4FU01,G614R,0.3041,benign,FREM1,614.0
A4FU01,G614S,0.1349,benign,FREM1,614.0
A4FU01,G614T,0.1883,benign,FREM1,614.0
A4FU01,G614V,0.2019,benign,FREM1,614.0
A4FU01,G614W,0.3756,ambiguous,FREM1,614.0
A4FU01,G614Y,0.3926,ambiguous,FREM1,614.0
A4FU01,A615C,0.2347,benign,FREM1,615.0
A4FU01,A615D,0.1408,benign,FREM1,615.0
A4FU01,A615E,0.154,benign,FREM1,615.0
A4FU01,A615F,0.1867,benign,FREM1,615.0
A4FU01,A615G,0.088,benign,FREM1,615.0
A4FU01,A615H,0.2063,benign,FREM1,615.0
A4FU01,A615I,0.1425,benign,FREM1,615.0
A4FU01,A615K,0.2288,benign,FREM1,615.0
A4FU01,A615L,0.1054,benign,FREM1,615.0
A4FU01,A615M,0.1583,benign,FREM1,615.0
A4FU01,A615N,0.1361,benign,FREM1,615.0
A4FU01,A615P,0.0762,benign,FREM1,615.0
A4FU01,A615Q,0.1718,benign,FREM1,615.0
A4FU01,A615R,0.1731,benign,FREM1,615.0
A4FU01,A615S,0.075,benign,FREM1,615.0
A4FU01,A615T,0.074,benign,FREM1,615.0
A4FU01,A615V,0.0845,benign,FREM1,615.0
A4FU01,A615W,0.4139,ambiguous,FREM1,615.0
A4FU01,A615Y,0.2426,benign,FREM1,615.0
A4FU01,C616A,0.1616,benign,FREM1,616.0
A4FU01,C616D,0.2924,benign,FREM1,616.0
A4FU01,C616E,0.4141,ambiguous,FREM1,616.0
A4FU01,C616F,0.0928,benign,FREM1,616.0
A4FU01,C616G,0.0979,benign,FREM1,616.0
A4FU01,C616H,0.1938,benign,FREM1,616.0
A4FU01,C616I,0.2461,benign,FREM1,616.0
A4FU01,C616K,0.411,ambiguous,FREM1,616.0
A4FU01,C616L,0.2107,benign,FREM1,616.0
A4FU01,C616M,0.3488,ambiguous,FREM1,616.0
A4FU01,C616N,0.2118,benign,FREM1,616.0
A4FU01,C616P,0.2786,benign,FREM1,616.0
A4FU01,C616Q,0.2642,benign,FREM1,616.0
A4FU01,C616R,0.1758,benign,FREM1,616.0
A4FU01,C616S,0.1055,benign,FREM1,616.0
A4FU01,C616T,0.1936,benign,FREM1,616.0
A4FU01,C616V,0.1958,benign,FREM1,616.0
A4FU01,C616W,0.1953,benign,FREM1,616.0
A4FU01,C616Y,0.1219,benign,FREM1,616.0
A4FU01,P617A,0.081,benign,FREM1,617.0
A4FU01,P617C,0.232,benign,FREM1,617.0
A4FU01,P617D,0.285,benign,FREM1,617.0
A4FU01,P617E,0.2052,benign,FREM1,617.0
A4FU01,P617F,0.2804,benign,FREM1,617.0
A4FU01,P617G,0.2124,benign,FREM1,617.0
A4FU01,P617H,0.1063,benign,FREM1,617.0
A4FU01,P617I,0.2248,benign,FREM1,617.0
A4FU01,P617K,0.2354,benign,FREM1,617.0
A4FU01,P617L,0.0999,benign,FREM1,617.0
A4FU01,P617M,0.2605,benign,FREM1,617.0
A4FU01,P617N,0.2433,benign,FREM1,617.0
A4FU01,P617Q,0.108,benign,FREM1,617.0
A4FU01,P617R,0.1093,benign,FREM1,617.0
A4FU01,P617S,0.0896,benign,FREM1,617.0
A4FU01,P617T,0.0936,benign,FREM1,617.0
A4FU01,P617V,0.1471,benign,FREM1,617.0
A4FU01,P617W,0.3722,ambiguous,FREM1,617.0
A4FU01,P617Y,0.2596,benign,FREM1,617.0
A4FU01,L618A,0.2378,benign,FREM1,618.0
A4FU01,L618C,0.468,ambiguous,FREM1,618.0
A4FU01,L618D,0.6579,pathogenic,FREM1,618.0
A4FU01,L618E,0.3738,ambiguous,FREM1,618.0
A4FU01,L618F,0.1248,benign,FREM1,618.0
A4FU01,L618G,0.4463,ambiguous,FREM1,618.0
A4FU01,L618H,0.2684,benign,FREM1,618.0
A4FU01,L618I,0.1196,benign,FREM1,618.0
A4FU01,L618K,0.3521,ambiguous,FREM1,618.0
A4FU01,L618M,0.1429,benign,FREM1,618.0
A4FU01,L618N,0.4669,ambiguous,FREM1,618.0
A4FU01,L618P,0.134,benign,FREM1,618.0
A4FU01,L618Q,0.1839,benign,FREM1,618.0
A4FU01,L618R,0.212,benign,FREM1,618.0
A4FU01,L618S,0.2764,benign,FREM1,618.0
A4FU01,L618T,0.277,benign,FREM1,618.0
A4FU01,L618V,0.1015,benign,FREM1,618.0
A4FU01,L618W,0.2382,benign,FREM1,618.0
A4FU01,L618Y,0.3474,ambiguous,FREM1,618.0
A4FU01,P619A,0.1253,benign,FREM1,619.0
A4FU01,P619C,0.4342,ambiguous,FREM1,619.0
A4FU01,P619D,0.5019,ambiguous,FREM1,619.0
A4FU01,P619E,0.325,benign,FREM1,619.0
A4FU01,P619F,0.4651,ambiguous,FREM1,619.0
A4FU01,P619G,0.331,benign,FREM1,619.0
A4FU01,P619H,0.2131,benign,FREM1,619.0
A4FU01,P619I,0.3652,ambiguous,FREM1,619.0
A4FU01,P619K,0.3914,ambiguous,FREM1,619.0
A4FU01,P619L,0.1392,benign,FREM1,619.0
A4FU01,P619M,0.3848,ambiguous,FREM1,619.0
A4FU01,P619N,0.4398,ambiguous,FREM1,619.0
A4FU01,P619Q,0.1883,benign,FREM1,619.0
A4FU01,P619R,0.2236,benign,FREM1,619.0
A4FU01,P619S,0.1488,benign,FREM1,619.0
A4FU01,P619T,0.1526,benign,FREM1,619.0
A4FU01,P619V,0.2429,benign,FREM1,619.0
A4FU01,P619W,0.5803,pathogenic,FREM1,619.0
A4FU01,P619Y,0.4238,ambiguous,FREM1,619.0
A4FU01,P620A,0.0574,benign,FREM1,620.0
A4FU01,P620C,0.1923,benign,FREM1,620.0
A4FU01,P620D,0.1697,benign,FREM1,620.0
A4FU01,P620E,0.1132,benign,FREM1,620.0
A4FU01,P620F,0.2475,benign,FREM1,620.0
A4FU01,P620G,0.1264,benign,FREM1,620.0
A4FU01,P620H,0.09,benign,FREM1,620.0
A4FU01,P620I,0.1991,benign,FREM1,620.0
A4FU01,P620K,0.1246,benign,FREM1,620.0
A4FU01,P620L,0.0894,benign,FREM1,620.0
A4FU01,P620M,0.1762,benign,FREM1,620.0
A4FU01,P620N,0.1621,benign,FREM1,620.0
A4FU01,P620Q,0.0809,benign,FREM1,620.0
A4FU01,P620R,0.0814,benign,FREM1,620.0
A4FU01,P620S,0.0732,benign,FREM1,620.0
A4FU01,P620T,0.0757,benign,FREM1,620.0
A4FU01,P620V,0.1233,benign,FREM1,620.0
A4FU01,P620W,0.2322,benign,FREM1,620.0
A4FU01,P620Y,0.1955,benign,FREM1,620.0
A4FU01,G621A,0.2088,benign,FREM1,621.0
A4FU01,G621C,0.2645,benign,FREM1,621.0
A4FU01,G621D,0.2588,benign,FREM1,621.0
A4FU01,G621E,0.2648,benign,FREM1,621.0
A4FU01,G621F,0.6343,pathogenic,FREM1,621.0
A4FU01,G621H,0.3586,ambiguous,FREM1,621.0
A4FU01,G621I,0.5788,pathogenic,FREM1,621.0
A4FU01,G621K,0.5104,ambiguous,FREM1,621.0
A4FU01,G621L,0.5729,pathogenic,FREM1,621.0
A4FU01,G621M,0.629,pathogenic,FREM1,621.0
A4FU01,G621N,0.3343,benign,FREM1,621.0
A4FU01,G621P,0.7361,pathogenic,FREM1,621.0
A4FU01,G621Q,0.3496,ambiguous,FREM1,621.0
A4FU01,G621R,0.3596,ambiguous,FREM1,621.0
A4FU01,G621S,0.1487,benign,FREM1,621.0
A4FU01,G621T,0.2743,benign,FREM1,621.0
A4FU01,G621V,0.4033,ambiguous,FREM1,621.0
A4FU01,G621W,0.4527,ambiguous,FREM1,621.0
A4FU01,G621Y,0.476,ambiguous,FREM1,621.0
A4FU01,L622A,0.6319,pathogenic,FREM1,622.0
A4FU01,L622C,0.655,pathogenic,FREM1,622.0
A4FU01,L622D,0.9442,pathogenic,FREM1,622.0
A4FU01,L622E,0.7943,pathogenic,FREM1,622.0
A4FU01,L622F,0.2816,benign,FREM1,622.0
A4FU01,L622G,0.8305,pathogenic,FREM1,622.0
A4FU01,L622H,0.5971,pathogenic,FREM1,622.0
A4FU01,L622I,0.1421,benign,FREM1,622.0
A4FU01,L622K,0.7375,pathogenic,FREM1,622.0
A4FU01,L622M,0.1761,benign,FREM1,622.0
A4FU01,L622N,0.7868,pathogenic,FREM1,622.0
A4FU01,L622P,0.7546,pathogenic,FREM1,622.0
A4FU01,L622Q,0.4599,ambiguous,FREM1,622.0
A4FU01,L622R,0.5636,ambiguous,FREM1,622.0
A4FU01,L622S,0.7416,pathogenic,FREM1,622.0
A4FU01,L622T,0.5738,pathogenic,FREM1,622.0
A4FU01,L622V,0.1514,benign,FREM1,622.0
A4FU01,L622W,0.5306,ambiguous,FREM1,622.0
A4FU01,L622Y,0.6291,pathogenic,FREM1,622.0
A4FU01,L623A,0.7471,pathogenic,FREM1,623.0
A4FU01,L623C,0.734,pathogenic,FREM1,623.0
A4FU01,L623D,0.9852,pathogenic,FREM1,623.0
A4FU01,L623E,0.9124,pathogenic,FREM1,623.0
A4FU01,L623F,0.4103,ambiguous,FREM1,623.0
A4FU01,L623G,0.9222,pathogenic,FREM1,623.0
A4FU01,L623H,0.7034,pathogenic,FREM1,623.0
A4FU01,L623I,0.1636,benign,FREM1,623.0
A4FU01,L623K,0.7543,pathogenic,FREM1,623.0
A4FU01,L623M,0.3282,benign,FREM1,623.0
A4FU01,L623N,0.9339,pathogenic,FREM1,623.0
A4FU01,L623P,0.7959,pathogenic,FREM1,623.0
A4FU01,L623Q,0.608,pathogenic,FREM1,623.0
A4FU01,L623R,0.5271,ambiguous,FREM1,623.0
A4FU01,L623S,0.8859,pathogenic,FREM1,623.0
A4FU01,L623T,0.8102,pathogenic,FREM1,623.0
A4FU01,L623V,0.1941,benign,FREM1,623.0
A4FU01,L623W,0.6117,pathogenic,FREM1,623.0
A4FU01,L623Y,0.7439,pathogenic,FREM1,623.0
A4FU01,L624A,0.589,pathogenic,FREM1,624.0
A4FU01,L624C,0.6352,pathogenic,FREM1,624.0
A4FU01,L624D,0.952,pathogenic,FREM1,624.0
A4FU01,L624E,0.726,pathogenic,FREM1,624.0
A4FU01,L624F,0.2428,benign,FREM1,624.0
A4FU01,L624G,0.8415,pathogenic,FREM1,624.0
A4FU01,L624H,0.4973,ambiguous,FREM1,624.0
A4FU01,L624I,0.1383,benign,FREM1,624.0
A4FU01,L624K,0.605,pathogenic,FREM1,624.0
A4FU01,L624M,0.2108,benign,FREM1,624.0
A4FU01,L624N,0.8174,pathogenic,FREM1,624.0
A4FU01,L624P,0.6872,pathogenic,FREM1,624.0
A4FU01,L624Q,0.3392,benign,FREM1,624.0
A4FU01,L624R,0.3951,ambiguous,FREM1,624.0
A4FU01,L624S,0.7065,pathogenic,FREM1,624.0
A4FU01,L624T,0.5893,pathogenic,FREM1,624.0
A4FU01,L624V,0.1484,benign,FREM1,624.0
A4FU01,L624W,0.4237,ambiguous,FREM1,624.0
A4FU01,L624Y,0.5732,pathogenic,FREM1,624.0
A4FU01,P625A,0.5402,ambiguous,FREM1,625.0
A4FU01,P625C,0.927,pathogenic,FREM1,625.0
A4FU01,P625D,0.993,pathogenic,FREM1,625.0
A4FU01,P625E,0.9734,pathogenic,FREM1,625.0
A4FU01,P625F,0.9845,pathogenic,FREM1,625.0
A4FU01,P625G,0.9254,pathogenic,FREM1,625.0
A4FU01,P625H,0.9568,pathogenic,FREM1,625.0
A4FU01,P625I,0.9415,pathogenic,FREM1,625.0
A4FU01,P625K,0.985,pathogenic,FREM1,625.0
A4FU01,P625L,0.7226,pathogenic,FREM1,625.0
A4FU01,P625M,0.9584,pathogenic,FREM1,625.0
A4FU01,P625N,0.9914,pathogenic,FREM1,625.0
A4FU01,P625Q,0.9446,pathogenic,FREM1,625.0
A4FU01,P625R,0.9403,pathogenic,FREM1,625.0
A4FU01,P625S,0.8744,pathogenic,FREM1,625.0
A4FU01,P625T,0.812,pathogenic,FREM1,625.0
A4FU01,P625V,0.8273,pathogenic,FREM1,625.0
A4FU01,P625W,0.9901,pathogenic,FREM1,625.0
A4FU01,P625Y,0.9894,pathogenic,FREM1,625.0
A4FU01,G626A,0.086,benign,FREM1,626.0
A4FU01,G626C,0.1259,benign,FREM1,626.0
A4FU01,G626D,0.2041,benign,FREM1,626.0
A4FU01,G626E,0.1934,benign,FREM1,626.0
A4FU01,G626F,0.4434,ambiguous,FREM1,626.0
A4FU01,G626H,0.239,benign,FREM1,626.0
A4FU01,G626I,0.2554,benign,FREM1,626.0
A4FU01,G626K,0.3279,benign,FREM1,626.0
A4FU01,G626L,0.2799,benign,FREM1,626.0
A4FU01,G626M,0.4137,ambiguous,FREM1,626.0
A4FU01,G626N,0.2602,benign,FREM1,626.0
A4FU01,G626P,0.5201,ambiguous,FREM1,626.0
A4FU01,G626Q,0.2253,benign,FREM1,626.0
A4FU01,G626R,0.1775,benign,FREM1,626.0
A4FU01,G626S,0.0905,benign,FREM1,626.0
A4FU01,G626T,0.1423,benign,FREM1,626.0
A4FU01,G626V,0.1544,benign,FREM1,626.0
A4FU01,G626W,0.2897,benign,FREM1,626.0
A4FU01,G626Y,0.3078,benign,FREM1,626.0
A4FU01,Y627A,0.2627,benign,FREM1,627.0
A4FU01,Y627C,0.0744,benign,FREM1,627.0
A4FU01,Y627D,0.3679,ambiguous,FREM1,627.0
A4FU01,Y627E,0.6051,pathogenic,FREM1,627.0
A4FU01,Y627F,0.0721,benign,FREM1,627.0
A4FU01,Y627G,0.2846,benign,FREM1,627.0
A4FU01,Y627H,0.1892,benign,FREM1,627.0
A4FU01,Y627I,0.2271,benign,FREM1,627.0
A4FU01,Y627K,0.6379,pathogenic,FREM1,627.0
A4FU01,Y627L,0.1918,benign,FREM1,627.0
A4FU01,Y627M,0.3666,ambiguous,FREM1,627.0
A4FU01,Y627N,0.199,benign,FREM1,627.0
A4FU01,Y627P,0.4708,ambiguous,FREM1,627.0
A4FU01,Y627Q,0.4433,ambiguous,FREM1,627.0
A4FU01,Y627R,0.4576,ambiguous,FREM1,627.0
A4FU01,Y627S,0.1435,benign,FREM1,627.0
A4FU01,Y627T,0.2581,benign,FREM1,627.0
A4FU01,Y627V,0.176,benign,FREM1,627.0
A4FU01,Y627W,0.2778,benign,FREM1,627.0
A4FU01,L628A,0.1257,benign,FREM1,628.0
A4FU01,L628C,0.3119,benign,FREM1,628.0
A4FU01,L628D,0.6068,pathogenic,FREM1,628.0
A4FU01,L628E,0.2867,benign,FREM1,628.0
A4FU01,L628F,0.1364,benign,FREM1,628.0
A4FU01,L628G,0.2833,benign,FREM1,628.0
A4FU01,L628H,0.1908,benign,FREM1,628.0
A4FU01,L628I,0.1057,benign,FREM1,628.0
A4FU01,L628K,0.2857,benign,FREM1,628.0
A4FU01,L628M,0.1147,benign,FREM1,628.0
A4FU01,L628N,0.3897,ambiguous,FREM1,628.0
A4FU01,L628P,0.2096,benign,FREM1,628.0
A4FU01,L628Q,0.1238,benign,FREM1,628.0
A4FU01,L628R,0.135,benign,FREM1,628.0
A4FU01,L628S,0.1759,benign,FREM1,628.0
A4FU01,L628T,0.1358,benign,FREM1,628.0
A4FU01,L628V,0.0741,benign,FREM1,628.0
A4FU01,L628W,0.1706,benign,FREM1,628.0
A4FU01,L628Y,0.3135,benign,FREM1,628.0
A4FU01,G629A,0.3545,ambiguous,FREM1,629.0
A4FU01,G629C,0.6463,pathogenic,FREM1,629.0
A4FU01,G629D,0.906,pathogenic,FREM1,629.0
A4FU01,G629E,0.8764,pathogenic,FREM1,629.0
A4FU01,G629F,0.8774,pathogenic,FREM1,629.0
A4FU01,G629H,0.9174,pathogenic,FREM1,629.0
A4FU01,G629I,0.796,pathogenic,FREM1,629.0
A4FU01,G629K,0.9613,pathogenic,FREM1,629.0
A4FU01,G629L,0.7372,pathogenic,FREM1,629.0
A4FU01,G629M,0.8749,pathogenic,FREM1,629.0
A4FU01,G629N,0.905,pathogenic,FREM1,629.0
A4FU01,G629P,0.767,pathogenic,FREM1,629.0
A4FU01,G629Q,0.8993,pathogenic,FREM1,629.0
A4FU01,G629R,0.9187,pathogenic,FREM1,629.0
A4FU01,G629S,0.4256,ambiguous,FREM1,629.0
A4FU01,G629T,0.721,pathogenic,FREM1,629.0
A4FU01,G629V,0.6898,pathogenic,FREM1,629.0
A4FU01,G629W,0.8235,pathogenic,FREM1,629.0
A4FU01,G629Y,0.8656,pathogenic,FREM1,629.0
A4FU01,P630A,0.2559,benign,FREM1,630.0
A4FU01,P630C,0.6836,pathogenic,FREM1,630.0
A4FU01,P630D,0.867,pathogenic,FREM1,630.0
A4FU01,P630E,0.6946,pathogenic,FREM1,630.0
A4FU01,P630F,0.8227,pathogenic,FREM1,630.0
A4FU01,P630G,0.6265,pathogenic,FREM1,630.0
A4FU01,P630H,0.4971,ambiguous,FREM1,630.0
A4FU01,P630I,0.7029,pathogenic,FREM1,630.0
A4FU01,P630K,0.7611,pathogenic,FREM1,630.0
A4FU01,P630L,0.3567,ambiguous,FREM1,630.0
A4FU01,P630M,0.6864,pathogenic,FREM1,630.0
A4FU01,P630N,0.7868,pathogenic,FREM1,630.0
A4FU01,P630Q,0.4627,ambiguous,FREM1,630.0
A4FU01,P630R,0.4624,ambiguous,FREM1,630.0
A4FU01,P630S,0.377,ambiguous,FREM1,630.0
A4FU01,P630T,0.3381,benign,FREM1,630.0
A4FU01,P630V,0.498,ambiguous,FREM1,630.0
A4FU01,P630W,0.8297,pathogenic,FREM1,630.0
A4FU01,P630Y,0.8032,pathogenic,FREM1,630.0
A4FU01,Q631A,0.2204,benign,FREM1,631.0
A4FU01,Q631C,0.4797,ambiguous,FREM1,631.0
A4FU01,Q631D,0.3791,ambiguous,FREM1,631.0
A4FU01,Q631E,0.0989,benign,FREM1,631.0
A4FU01,Q631F,0.6953,pathogenic,FREM1,631.0
A4FU01,Q631G,0.2077,benign,FREM1,631.0
A4FU01,Q631H,0.2229,benign,FREM1,631.0
A4FU01,Q631I,0.6025,pathogenic,FREM1,631.0
A4FU01,Q631K,0.1654,benign,FREM1,631.0
A4FU01,Q631L,0.191,benign,FREM1,631.0
A4FU01,Q631M,0.4557,ambiguous,FREM1,631.0
A4FU01,Q631N,0.3316,benign,FREM1,631.0
A4FU01,Q631P,0.3081,benign,FREM1,631.0
A4FU01,Q631R,0.1135,benign,FREM1,631.0
A4FU01,Q631S,0.2497,benign,FREM1,631.0
A4FU01,Q631T,0.305,benign,FREM1,631.0
A4FU01,Q631V,0.3554,ambiguous,FREM1,631.0
A4FU01,Q631W,0.4424,ambiguous,FREM1,631.0
A4FU01,Q631Y,0.4471,ambiguous,FREM1,631.0
A4FU01,I632A,0.8701,pathogenic,FREM1,632.0
A4FU01,I632C,0.8679,pathogenic,FREM1,632.0
A4FU01,I632D,0.9866,pathogenic,FREM1,632.0
A4FU01,I632E,0.9592,pathogenic,FREM1,632.0
A4FU01,I632F,0.5149,ambiguous,FREM1,632.0
A4FU01,I632G,0.9379,pathogenic,FREM1,632.0
A4FU01,I632H,0.9557,pathogenic,FREM1,632.0
A4FU01,I632K,0.957,pathogenic,FREM1,632.0
A4FU01,I632L,0.1785,benign,FREM1,632.0
A4FU01,I632M,0.1886,benign,FREM1,632.0
A4FU01,I632N,0.8279,pathogenic,FREM1,632.0
A4FU01,I632P,0.9433,pathogenic,FREM1,632.0
A4FU01,I632Q,0.9251,pathogenic,FREM1,632.0
A4FU01,I632R,0.9364,pathogenic,FREM1,632.0
A4FU01,I632S,0.8666,pathogenic,FREM1,632.0
A4FU01,I632T,0.858,pathogenic,FREM1,632.0
A4FU01,I632V,0.1259,benign,FREM1,632.0
A4FU01,I632W,0.9467,pathogenic,FREM1,632.0
A4FU01,I632Y,0.8775,pathogenic,FREM1,632.0
A4FU01,R633A,0.2668,benign,FREM1,633.0
A4FU01,R633C,0.1023,benign,FREM1,633.0
A4FU01,R633D,0.6051,pathogenic,FREM1,633.0
A4FU01,R633E,0.317,benign,FREM1,633.0
A4FU01,R633F,0.3954,ambiguous,FREM1,633.0
A4FU01,R633G,0.1549,benign,FREM1,633.0
A4FU01,R633H,0.0991,benign,FREM1,633.0
A4FU01,R633I,0.2934,benign,FREM1,633.0
A4FU01,R633K,0.1163,benign,FREM1,633.0
A4FU01,R633L,0.1694,benign,FREM1,633.0
A4FU01,R633M,0.3087,benign,FREM1,633.0
A4FU01,R633N,0.4773,ambiguous,FREM1,633.0
A4FU01,R633P,0.6199,pathogenic,FREM1,633.0
A4FU01,R633Q,0.0848,benign,FREM1,633.0
A4FU01,R633S,0.2944,benign,FREM1,633.0
A4FU01,R633T,0.212,benign,FREM1,633.0
A4FU01,R633V,0.2764,benign,FREM1,633.0
A4FU01,R633W,0.1525,benign,FREM1,633.0
A4FU01,R633Y,0.2929,benign,FREM1,633.0
A4FU01,L634A,0.7103,pathogenic,FREM1,634.0
A4FU01,L634C,0.5199,ambiguous,FREM1,634.0
A4FU01,L634D,0.9804,pathogenic,FREM1,634.0
A4FU01,L634E,0.9412,pathogenic,FREM1,634.0
A4FU01,L634F,0.0739,benign,FREM1,634.0
A4FU01,L634G,0.8599,pathogenic,FREM1,634.0
A4FU01,L634H,0.7576,pathogenic,FREM1,634.0
A4FU01,L634I,0.122,benign,FREM1,634.0
A4FU01,L634K,0.9183,pathogenic,FREM1,634.0
A4FU01,L634M,0.2193,benign,FREM1,634.0
A4FU01,L634N,0.9247,pathogenic,FREM1,634.0
A4FU01,L634P,0.6102,pathogenic,FREM1,634.0
A4FU01,L634Q,0.8023,pathogenic,FREM1,634.0
A4FU01,L634R,0.7964,pathogenic,FREM1,634.0
A4FU01,L634S,0.8883,pathogenic,FREM1,634.0
A4FU01,L634T,0.7591,pathogenic,FREM1,634.0
A4FU01,L634V,0.1271,benign,FREM1,634.0
A4FU01,L634W,0.3445,ambiguous,FREM1,634.0
A4FU01,L634Y,0.4445,ambiguous,FREM1,634.0
A4FU01,W635A,0.979,pathogenic,FREM1,635.0
A4FU01,W635C,0.9829,pathogenic,FREM1,635.0
A4FU01,W635D,0.9965,pathogenic,FREM1,635.0
A4FU01,W635E,0.9942,pathogenic,FREM1,635.0
A4FU01,W635F,0.6951,pathogenic,FREM1,635.0
A4FU01,W635G,0.9167,pathogenic,FREM1,635.0
A4FU01,W635H,0.9715,pathogenic,FREM1,635.0
A4FU01,W635I,0.9855,pathogenic,FREM1,635.0
A4FU01,W635K,0.9968,pathogenic,FREM1,635.0
A4FU01,W635L,0.8864,pathogenic,FREM1,635.0
A4FU01,W635M,0.9851,pathogenic,FREM1,635.0
A4FU01,W635N,0.9949,pathogenic,FREM1,635.0
A4FU01,W635P,0.9839,pathogenic,FREM1,635.0
A4FU01,W635Q,0.9919,pathogenic,FREM1,635.0
A4FU01,W635R,0.9902,pathogenic,FREM1,635.0
A4FU01,W635S,0.9608,pathogenic,FREM1,635.0
A4FU01,W635T,0.9899,pathogenic,FREM1,635.0
A4FU01,W635V,0.9817,pathogenic,FREM1,635.0
A4FU01,W635Y,0.8714,pathogenic,FREM1,635.0
A4FU01,R636A,0.2975,benign,FREM1,636.0
A4FU01,R636C,0.1932,benign,FREM1,636.0
A4FU01,R636D,0.6237,pathogenic,FREM1,636.0
A4FU01,R636E,0.2361,benign,FREM1,636.0
A4FU01,R636F,0.5211,ambiguous,FREM1,636.0
A4FU01,R636G,0.1511,benign,FREM1,636.0
A4FU01,R636H,0.1203,benign,FREM1,636.0
A4FU01,R636I,0.3516,ambiguous,FREM1,636.0
A4FU01,R636K,0.0784,benign,FREM1,636.0
A4FU01,R636L,0.2092,benign,FREM1,636.0
A4FU01,R636M,0.2754,benign,FREM1,636.0
A4FU01,R636N,0.4825,ambiguous,FREM1,636.0
A4FU01,R636P,0.528,ambiguous,FREM1,636.0
A4FU01,R636Q,0.0817,benign,FREM1,636.0
A4FU01,R636S,0.3498,ambiguous,FREM1,636.0
A4FU01,R636T,0.2596,benign,FREM1,636.0
A4FU01,R636V,0.361,ambiguous,FREM1,636.0
A4FU01,R636W,0.1517,benign,FREM1,636.0
A4FU01,R636Y,0.3374,benign,FREM1,636.0
A4FU01,R637A,0.4176,ambiguous,FREM1,637.0
A4FU01,R637C,0.1991,benign,FREM1,637.0
A4FU01,R637D,0.5699,pathogenic,FREM1,637.0
A4FU01,R637E,0.3718,ambiguous,FREM1,637.0
A4FU01,R637F,0.6227,pathogenic,FREM1,637.0
A4FU01,R637G,0.2463,benign,FREM1,637.0
A4FU01,R637H,0.1373,benign,FREM1,637.0
A4FU01,R637I,0.4724,ambiguous,FREM1,637.0
A4FU01,R637K,0.2187,benign,FREM1,637.0
A4FU01,R637L,0.2666,benign,FREM1,637.0
A4FU01,R637M,0.4989,ambiguous,FREM1,637.0
A4FU01,R637N,0.5439,ambiguous,FREM1,637.0
A4FU01,R637P,0.4456,ambiguous,FREM1,637.0
A4FU01,R637Q,0.123,benign,FREM1,637.0
A4FU01,R637S,0.4498,ambiguous,FREM1,637.0
A4FU01,R637T,0.3801,ambiguous,FREM1,637.0
A4FU01,R637V,0.5035,ambiguous,FREM1,637.0
A4FU01,R637W,0.1999,benign,FREM1,637.0
A4FU01,R637Y,0.3859,ambiguous,FREM1,637.0
A4FU01,C638A,0.7089,pathogenic,FREM1,638.0
A4FU01,C638D,0.9767,pathogenic,FREM1,638.0
A4FU01,C638E,0.9866,pathogenic,FREM1,638.0
A4FU01,C638F,0.6916,pathogenic,FREM1,638.0
A4FU01,C638G,0.4417,ambiguous,FREM1,638.0
A4FU01,C638H,0.9301,pathogenic,FREM1,638.0
A4FU01,C638I,0.8481,pathogenic,FREM1,638.0
A4FU01,C638K,0.9879,pathogenic,FREM1,638.0
A4FU01,C638L,0.7749,pathogenic,FREM1,638.0
A4FU01,C638M,0.9209,pathogenic,FREM1,638.0
A4FU01,C638N,0.9113,pathogenic,FREM1,638.0
A4FU01,C638P,0.9346,pathogenic,FREM1,638.0
A4FU01,C638Q,0.9572,pathogenic,FREM1,638.0
A4FU01,C638R,0.886,pathogenic,FREM1,638.0
A4FU01,C638S,0.6955,pathogenic,FREM1,638.0
A4FU01,C638T,0.8639,pathogenic,FREM1,638.0
A4FU01,C638V,0.7276,pathogenic,FREM1,638.0
A4FU01,C638W,0.8839,pathogenic,FREM1,638.0
A4FU01,C638Y,0.7828,pathogenic,FREM1,638.0
A4FU01,Y639A,0.9287,pathogenic,FREM1,639.0
A4FU01,Y639C,0.5344,ambiguous,FREM1,639.0
A4FU01,Y639D,0.9621,pathogenic,FREM1,639.0
A4FU01,Y639E,0.988,pathogenic,FREM1,639.0
A4FU01,Y639F,0.2273,benign,FREM1,639.0
A4FU01,Y639G,0.9027,pathogenic,FREM1,639.0
A4FU01,Y639H,0.7965,pathogenic,FREM1,639.0
A4FU01,Y639I,0.8842,pathogenic,FREM1,639.0
A4FU01,Y639K,0.9881,pathogenic,FREM1,639.0
A4FU01,Y639L,0.6454,pathogenic,FREM1,639.0
A4FU01,Y639M,0.9321,pathogenic,FREM1,639.0
A4FU01,Y639N,0.8909,pathogenic,FREM1,639.0
A4FU01,Y639P,0.9643,pathogenic,FREM1,639.0
A4FU01,Y639Q,0.9716,pathogenic,FREM1,639.0
A4FU01,Y639R,0.9482,pathogenic,FREM1,639.0
A4FU01,Y639S,0.8087,pathogenic,FREM1,639.0
A4FU01,Y639T,0.9438,pathogenic,FREM1,639.0
A4FU01,Y639V,0.7817,pathogenic,FREM1,639.0
A4FU01,Y639W,0.6276,pathogenic,FREM1,639.0
A4FU01,L640A,0.5411,ambiguous,FREM1,640.0
A4FU01,L640C,0.5785,pathogenic,FREM1,640.0
A4FU01,L640D,0.9117,pathogenic,FREM1,640.0
A4FU01,L640E,0.6083,pathogenic,FREM1,640.0
A4FU01,L640F,0.1728,benign,FREM1,640.0
A4FU01,L640G,0.6528,pathogenic,FREM1,640.0
A4FU01,L640H,0.5336,ambiguous,FREM1,640.0
A4FU01,L640I,0.2231,benign,FREM1,640.0
A4FU01,L640K,0.6687,pathogenic,FREM1,640.0
A4FU01,L640M,0.2177,benign,FREM1,640.0
A4FU01,L640N,0.7945,pathogenic,FREM1,640.0
A4FU01,L640P,0.8573,pathogenic,FREM1,640.0
A4FU01,L640Q,0.3107,benign,FREM1,640.0
A4FU01,L640R,0.3741,ambiguous,FREM1,640.0
A4FU01,L640S,0.6327,pathogenic,FREM1,640.0
A4FU01,L640T,0.5072,ambiguous,FREM1,640.0
A4FU01,L640V,0.1797,benign,FREM1,640.0
A4FU01,L640W,0.3154,benign,FREM1,640.0
A4FU01,L640Y,0.5706,pathogenic,FREM1,640.0
A4FU01,R641A,0.9211,pathogenic,FREM1,641.0
A4FU01,R641C,0.607,pathogenic,FREM1,641.0
A4FU01,R641D,0.9797,pathogenic,FREM1,641.0
A4FU01,R641E,0.8581,pathogenic,FREM1,641.0
A4FU01,R641F,0.9635,pathogenic,FREM1,641.0
A4FU01,R641G,0.8362,pathogenic,FREM1,641.0
A4FU01,R641H,0.5167,ambiguous,FREM1,641.0
A4FU01,R641I,0.9318,pathogenic,FREM1,641.0
A4FU01,R641K,0.5937,pathogenic,FREM1,641.0
A4FU01,R641L,0.7944,pathogenic,FREM1,641.0
A4FU01,R641M,0.9395,pathogenic,FREM1,641.0
A4FU01,R641N,0.9736,pathogenic,FREM1,641.0
A4FU01,R641P,0.9199,pathogenic,FREM1,641.0
A4FU01,R641Q,0.3954,ambiguous,FREM1,641.0
A4FU01,R641S,0.9515,pathogenic,FREM1,641.0
A4FU01,R641T,0.9372,pathogenic,FREM1,641.0
A4FU01,R641V,0.9329,pathogenic,FREM1,641.0
A4FU01,R641W,0.5077,ambiguous,FREM1,641.0
A4FU01,R641Y,0.8835,pathogenic,FREM1,641.0
A4FU01,G642A,0.2557,benign,FREM1,642.0
A4FU01,G642C,0.3268,benign,FREM1,642.0
A4FU01,G642D,0.5541,ambiguous,FREM1,642.0
A4FU01,G642E,0.5344,ambiguous,FREM1,642.0
A4FU01,G642F,0.7007,pathogenic,FREM1,642.0
A4FU01,G642H,0.71,pathogenic,FREM1,642.0
A4FU01,G642I,0.6509,pathogenic,FREM1,642.0
A4FU01,G642K,0.8569,pathogenic,FREM1,642.0
A4FU01,G642L,0.6518,pathogenic,FREM1,642.0
A4FU01,G642M,0.7273,pathogenic,FREM1,642.0
A4FU01,G642N,0.5941,pathogenic,FREM1,642.0
A4FU01,G642P,0.873,pathogenic,FREM1,642.0
A4FU01,G642Q,0.6721,pathogenic,FREM1,642.0
A4FU01,G642R,0.7113,pathogenic,FREM1,642.0
A4FU01,G642S,0.2007,benign,FREM1,642.0
A4FU01,G642T,0.4605,ambiguous,FREM1,642.0
A4FU01,G642V,0.4938,ambiguous,FREM1,642.0
A4FU01,G642W,0.4612,ambiguous,FREM1,642.0
A4FU01,G642Y,0.5867,pathogenic,FREM1,642.0
A4FU01,R643A,0.3839,ambiguous,FREM1,643.0
A4FU01,R643C,0.1251,benign,FREM1,643.0
A4FU01,R643D,0.5844,pathogenic,FREM1,643.0
A4FU01,R643E,0.3256,benign,FREM1,643.0
A4FU01,R643F,0.3739,ambiguous,FREM1,643.0
A4FU01,R643G,0.2721,benign,FREM1,643.0
A4FU01,R643H,0.1045,benign,FREM1,643.0
A4FU01,R643I,0.2235,benign,FREM1,643.0
A4FU01,R643K,0.1275,benign,FREM1,643.0
A4FU01,R643L,0.1649,benign,FREM1,643.0
A4FU01,R643M,0.2624,benign,FREM1,643.0
A4FU01,R643N,0.4892,ambiguous,FREM1,643.0
A4FU01,R643P,0.6503,pathogenic,FREM1,643.0
A4FU01,R643Q,0.0913,benign,FREM1,643.0
A4FU01,R643S,0.4033,ambiguous,FREM1,643.0
A4FU01,R643T,0.296,benign,FREM1,643.0
A4FU01,R643V,0.2903,benign,FREM1,643.0
A4FU01,R643W,0.1301,benign,FREM1,643.0
A4FU01,R643Y,0.2726,benign,FREM1,643.0
A4FU01,P644A,0.0905,benign,FREM1,644.0
A4FU01,P644C,0.4463,ambiguous,FREM1,644.0
A4FU01,P644D,0.3961,ambiguous,FREM1,644.0
A4FU01,P644E,0.217,benign,FREM1,644.0
A4FU01,P644F,0.4606,ambiguous,FREM1,644.0
A4FU01,P644G,0.268,benign,FREM1,644.0
A4FU01,P644H,0.1951,benign,FREM1,644.0
A4FU01,P644I,0.3474,ambiguous,FREM1,644.0
A4FU01,P644K,0.2405,benign,FREM1,644.0
A4FU01,P644L,0.1151,benign,FREM1,644.0
A4FU01,P644M,0.2963,benign,FREM1,644.0
A4FU01,P644N,0.3948,ambiguous,FREM1,644.0
A4FU01,P644Q,0.1384,benign,FREM1,644.0
A4FU01,P644R,0.1315,benign,FREM1,644.0
A4FU01,P644S,0.1447,benign,FREM1,644.0
A4FU01,P644T,0.1205,benign,FREM1,644.0
A4FU01,P644V,0.2146,benign,FREM1,644.0
A4FU01,P644W,0.4036,ambiguous,FREM1,644.0
A4FU01,P644Y,0.4147,ambiguous,FREM1,644.0
A4FU01,E645A,0.1465,benign,FREM1,645.0
A4FU01,E645C,0.7969,pathogenic,FREM1,645.0
A4FU01,E645D,0.1827,benign,FREM1,645.0
A4FU01,E645F,0.7402,pathogenic,FREM1,645.0
A4FU01,E645G,0.1839,benign,FREM1,645.0
A4FU01,E645H,0.3778,ambiguous,FREM1,645.0
A4FU01,E645I,0.4859,ambiguous,FREM1,645.0
A4FU01,E645K,0.1825,benign,FREM1,645.0
A4FU01,E645L,0.4185,ambiguous,FREM1,645.0
A4FU01,E645M,0.5139,ambiguous,FREM1,645.0
A4FU01,E645N,0.374,ambiguous,FREM1,645.0
A4FU01,E645P,0.5019,ambiguous,FREM1,645.0
A4FU01,E645Q,0.1459,benign,FREM1,645.0
A4FU01,E645R,0.2208,benign,FREM1,645.0
A4FU01,E645S,0.2356,benign,FREM1,645.0
A4FU01,E645T,0.2928,benign,FREM1,645.0
A4FU01,E645V,0.2793,benign,FREM1,645.0
A4FU01,E645W,0.7911,pathogenic,FREM1,645.0
A4FU01,E645Y,0.5913,pathogenic,FREM1,645.0
A4FU01,V646A,0.0988,benign,FREM1,646.0
A4FU01,V646C,0.476,ambiguous,FREM1,646.0
A4FU01,V646D,0.1606,benign,FREM1,646.0
A4FU01,V646E,0.1411,benign,FREM1,646.0
A4FU01,V646F,0.1043,benign,FREM1,646.0
A4FU01,V646G,0.1069,benign,FREM1,646.0
A4FU01,V646H,0.3237,benign,FREM1,646.0
A4FU01,V646I,0.0738,benign,FREM1,646.0
A4FU01,V646K,0.2105,benign,FREM1,646.0
A4FU01,V646L,0.1205,benign,FREM1,646.0
A4FU01,V646M,0.1127,benign,FREM1,646.0
A4FU01,V646N,0.1467,benign,FREM1,646.0
A4FU01,V646P,0.3059,benign,FREM1,646.0
A4FU01,V646Q,0.193,benign,FREM1,646.0
A4FU01,V646R,0.169,benign,FREM1,646.0
A4FU01,V646S,0.126,benign,FREM1,646.0
A4FU01,V646T,0.1431,benign,FREM1,646.0
A4FU01,V646W,0.4492,ambiguous,FREM1,646.0
A4FU01,V646Y,0.2853,benign,FREM1,646.0
A4FU01,Q647A,0.3044,benign,FREM1,647.0
A4FU01,Q647C,0.7331,pathogenic,FREM1,647.0
A4FU01,Q647D,0.605,pathogenic,FREM1,647.0
A4FU01,Q647E,0.126,benign,FREM1,647.0
A4FU01,Q647F,0.8184,pathogenic,FREM1,647.0
A4FU01,Q647G,0.3206,benign,FREM1,647.0
A4FU01,Q647H,0.5151,ambiguous,FREM1,647.0
A4FU01,Q647I,0.5853,pathogenic,FREM1,647.0
A4FU01,Q647K,0.2414,benign,FREM1,647.0
A4FU01,Q647L,0.2239,benign,FREM1,647.0
A4FU01,Q647M,0.5275,ambiguous,FREM1,647.0
A4FU01,Q647N,0.5403,ambiguous,FREM1,647.0
A4FU01,Q647P,0.1836,benign,FREM1,647.0
A4FU01,Q647R,0.175,benign,FREM1,647.0
A4FU01,Q647S,0.3711,ambiguous,FREM1,647.0
A4FU01,Q647T,0.3536,ambiguous,FREM1,647.0
A4FU01,Q647V,0.3747,ambiguous,FREM1,647.0
A4FU01,Q647W,0.686,pathogenic,FREM1,647.0
A4FU01,Q647Y,0.7128,pathogenic,FREM1,647.0
A4FU01,M648A,0.1242,benign,FREM1,648.0
A4FU01,M648C,0.3969,ambiguous,FREM1,648.0
A4FU01,M648D,0.3609,ambiguous,FREM1,648.0
A4FU01,M648E,0.1673,benign,FREM1,648.0
A4FU01,M648F,0.1825,benign,FREM1,648.0
A4FU01,M648G,0.2158,benign,FREM1,648.0
A4FU01,M648H,0.1963,benign,FREM1,648.0
A4FU01,M648I,0.1238,benign,FREM1,648.0
A4FU01,M648K,0.0824,benign,FREM1,648.0
A4FU01,M648L,0.0913,benign,FREM1,648.0
A4FU01,M648N,0.1905,benign,FREM1,648.0
A4FU01,M648P,0.2362,benign,FREM1,648.0
A4FU01,M648Q,0.118,benign,FREM1,648.0
A4FU01,M648R,0.077,benign,FREM1,648.0
A4FU01,M648S,0.1543,benign,FREM1,648.0
A4FU01,M648T,0.0845,benign,FREM1,648.0
A4FU01,M648V,0.0719,benign,FREM1,648.0
A4FU01,M648W,0.2914,benign,FREM1,648.0
A4FU01,M648Y,0.3024,benign,FREM1,648.0
A4FU01,G649A,0.1446,benign,FREM1,649.0
A4FU01,G649C,0.2086,benign,FREM1,649.0
A4FU01,G649D,0.1734,benign,FREM1,649.0
A4FU01,G649E,0.1986,benign,FREM1,649.0
A4FU01,G649F,0.4361,ambiguous,FREM1,649.0
A4FU01,G649H,0.3385,benign,FREM1,649.0
A4FU01,G649I,0.2807,benign,FREM1,649.0
A4FU01,G649K,0.4268,ambiguous,FREM1,649.0
A4FU01,G649L,0.3497,ambiguous,FREM1,649.0
A4FU01,G649M,0.4343,ambiguous,FREM1,649.0
A4FU01,G649N,0.2646,benign,FREM1,649.0
A4FU01,G649P,0.4886,ambiguous,FREM1,649.0
A4FU01,G649Q,0.3328,benign,FREM1,649.0
A4FU01,G649R,0.3106,benign,FREM1,649.0
A4FU01,G649S,0.1374,benign,FREM1,649.0
A4FU01,G649T,0.2038,benign,FREM1,649.0
A4FU01,G649V,0.195,benign,FREM1,649.0
A4FU01,G649W,0.308,benign,FREM1,649.0
A4FU01,G649Y,0.293,benign,FREM1,649.0
A4FU01,L650A,0.127,benign,FREM1,650.0
A4FU01,L650C,0.2083,benign,FREM1,650.0
A4FU01,L650D,0.2851,benign,FREM1,650.0
A4FU01,L650E,0.1721,benign,FREM1,650.0
A4FU01,L650F,0.0778,benign,FREM1,650.0
A4FU01,L650G,0.195,benign,FREM1,650.0
A4FU01,L650H,0.1149,benign,FREM1,650.0
A4FU01,L650I,0.0844,benign,FREM1,650.0
A4FU01,L650K,0.1397,benign,FREM1,650.0
A4FU01,L650M,0.0985,benign,FREM1,650.0
A4FU01,L650N,0.1802,benign,FREM1,650.0
A4FU01,L650P,0.1145,benign,FREM1,650.0
A4FU01,L650Q,0.0902,benign,FREM1,650.0
A4FU01,L650R,0.086,benign,FREM1,650.0
A4FU01,L650S,0.1261,benign,FREM1,650.0
A4FU01,L650T,0.1363,benign,FREM1,650.0
A4FU01,L650V,0.0818,benign,FREM1,650.0
A4FU01,L650W,0.1061,benign,FREM1,650.0
A4FU01,L650Y,0.1587,benign,FREM1,650.0
A4FU01,S651A,0.0657,benign,FREM1,651.0
A4FU01,S651C,0.0759,benign,FREM1,651.0
A4FU01,S651D,0.2823,benign,FREM1,651.0
A4FU01,S651E,0.2873,benign,FREM1,651.0
A4FU01,S651F,0.1176,benign,FREM1,651.0
A4FU01,S651G,0.0912,benign,FREM1,651.0
A4FU01,S651H,0.1992,benign,FREM1,651.0
A4FU01,S651I,0.1501,benign,FREM1,651.0
A4FU01,S651K,0.389,ambiguous,FREM1,651.0
A4FU01,S651L,0.0748,benign,FREM1,651.0
A4FU01,S651M,0.1566,benign,FREM1,651.0
A4FU01,S651N,0.1743,benign,FREM1,651.0
A4FU01,S651P,0.083,benign,FREM1,651.0
A4FU01,S651Q,0.2704,benign,FREM1,651.0
A4FU01,S651R,0.3059,benign,FREM1,651.0
A4FU01,S651T,0.0803,benign,FREM1,651.0
A4FU01,S651V,0.1284,benign,FREM1,651.0
A4FU01,S651W,0.1229,benign,FREM1,651.0
A4FU01,S651Y,0.1116,benign,FREM1,651.0
A4FU01,A652C,0.3502,ambiguous,FREM1,652.0
A4FU01,A652D,0.3439,ambiguous,FREM1,652.0
A4FU01,A652E,0.3309,benign,FREM1,652.0
A4FU01,A652F,0.2758,benign,FREM1,652.0
A4FU01,A652G,0.1546,benign,FREM1,652.0
A4FU01,A652H,0.3971,ambiguous,FREM1,652.0
A4FU01,A652I,0.2482,benign,FREM1,652.0
A4FU01,A652K,0.4595,ambiguous,FREM1,652.0
A4FU01,A652L,0.1777,benign,FREM1,652.0
A4FU01,A652M,0.2531,benign,FREM1,652.0
A4FU01,A652N,0.3292,benign,FREM1,652.0
A4FU01,A652P,0.1064,benign,FREM1,652.0
A4FU01,A652Q,0.3428,ambiguous,FREM1,652.0
A4FU01,A652R,0.356,ambiguous,FREM1,652.0
A4FU01,A652S,0.1039,benign,FREM1,652.0
A4FU01,A652T,0.1096,benign,FREM1,652.0
A4FU01,A652V,0.1195,benign,FREM1,652.0
A4FU01,A652W,0.5967,pathogenic,FREM1,652.0
A4FU01,A652Y,0.3784,ambiguous,FREM1,652.0
A4FU01,P653A,0.0684,benign,FREM1,653.0
A4FU01,P653C,0.2464,benign,FREM1,653.0
A4FU01,P653D,0.2955,benign,FREM1,653.0
A4FU01,P653E,0.178,benign,FREM1,653.0
A4FU01,P653F,0.2633,benign,FREM1,653.0
A4FU01,P653G,0.195,benign,FREM1,653.0
A4FU01,P653H,0.1367,benign,FREM1,653.0
A4FU01,P653I,0.1802,benign,FREM1,653.0
A4FU01,P653K,0.1811,benign,FREM1,653.0
A4FU01,P653L,0.0749,benign,FREM1,653.0
A4FU01,P653M,0.18,benign,FREM1,653.0
A4FU01,P653N,0.248,benign,FREM1,653.0
A4FU01,P653Q,0.1157,benign,FREM1,653.0
A4FU01,P653R,0.1163,benign,FREM1,653.0
A4FU01,P653S,0.1069,benign,FREM1,653.0
A4FU01,P653T,0.0936,benign,FREM1,653.0
A4FU01,P653V,0.1197,benign,FREM1,653.0
A4FU01,P653W,0.2926,benign,FREM1,653.0
A4FU01,P653Y,0.2541,benign,FREM1,653.0
A4FU01,T654A,0.0897,benign,FREM1,654.0
A4FU01,T654C,0.3316,benign,FREM1,654.0
A4FU01,T654D,0.2619,benign,FREM1,654.0
A4FU01,T654E,0.2783,benign,FREM1,654.0
A4FU01,T654F,0.2882,benign,FREM1,654.0
A4FU01,T654G,0.1773,benign,FREM1,654.0
A4FU01,T654H,0.2371,benign,FREM1,654.0
A4FU01,T654I,0.2854,benign,FREM1,654.0
A4FU01,T654K,0.2329,benign,FREM1,654.0
A4FU01,T654L,0.1531,benign,FREM1,654.0
A4FU01,T654M,0.1253,benign,FREM1,654.0
A4FU01,T654N,0.1419,benign,FREM1,654.0
A4FU01,T654P,0.1477,benign,FREM1,654.0
A4FU01,T654Q,0.2351,benign,FREM1,654.0
A4FU01,T654R,0.1726,benign,FREM1,654.0
A4FU01,T654S,0.1007,benign,FREM1,654.0
A4FU01,T654V,0.1878,benign,FREM1,654.0
A4FU01,T654W,0.5157,ambiguous,FREM1,654.0
A4FU01,T654Y,0.3139,benign,FREM1,654.0
A4FU01,I655A,0.2647,benign,FREM1,655.0
A4FU01,I655C,0.5776,pathogenic,FREM1,655.0
A4FU01,I655D,0.6151,pathogenic,FREM1,655.0
A4FU01,I655E,0.5839,pathogenic,FREM1,655.0
A4FU01,I655F,0.1426,benign,FREM1,655.0
A4FU01,I655G,0.5274,ambiguous,FREM1,655.0
A4FU01,I655H,0.5145,ambiguous,FREM1,655.0
A4FU01,I655K,0.4907,ambiguous,FREM1,655.0
A4FU01,I655L,0.0944,benign,FREM1,655.0
A4FU01,I655M,0.1287,benign,FREM1,655.0
A4FU01,I655N,0.3243,benign,FREM1,655.0
A4FU01,I655P,0.3613,ambiguous,FREM1,655.0
A4FU01,I655Q,0.5289,ambiguous,FREM1,655.0
A4FU01,I655R,0.3627,ambiguous,FREM1,655.0
A4FU01,I655S,0.3117,benign,FREM1,655.0
A4FU01,I655T,0.2894,benign,FREM1,655.0
A4FU01,I655V,0.0625,benign,FREM1,655.0
A4FU01,I655W,0.6565,pathogenic,FREM1,655.0
A4FU01,I655Y,0.427,ambiguous,FREM1,655.0
A4FU01,S656A,0.0518,benign,FREM1,656.0
A4FU01,S656C,0.0882,benign,FREM1,656.0
A4FU01,S656D,0.228,benign,FREM1,656.0
A4FU01,S656E,0.227,benign,FREM1,656.0
A4FU01,S656F,0.1245,benign,FREM1,656.0
A4FU01,S656G,0.0855,benign,FREM1,656.0
A4FU01,S656H,0.1853,benign,FREM1,656.0
A4FU01,S656I,0.129,benign,FREM1,656.0
A4FU01,S656K,0.3008,benign,FREM1,656.0
A4FU01,S656L,0.0795,benign,FREM1,656.0
A4FU01,S656M,0.1691,benign,FREM1,656.0
A4FU01,S656N,0.1633,benign,FREM1,656.0
A4FU01,S656P,0.0958,benign,FREM1,656.0
A4FU01,S656Q,0.2399,benign,FREM1,656.0
A4FU01,S656R,0.2215,benign,FREM1,656.0
A4FU01,S656T,0.0719,benign,FREM1,656.0
A4FU01,S656V,0.1196,benign,FREM1,656.0
A4FU01,S656W,0.1369,benign,FREM1,656.0
A4FU01,S656Y,0.1188,benign,FREM1,656.0
A4FU01,G657A,0.0851,benign,FREM1,657.0
A4FU01,G657C,0.1321,benign,FREM1,657.0
A4FU01,G657D,0.1436,benign,FREM1,657.0
A4FU01,G657E,0.1404,benign,FREM1,657.0
A4FU01,G657F,0.3559,ambiguous,FREM1,657.0
A4FU01,G657H,0.2106,benign,FREM1,657.0
A4FU01,G657I,0.1754,benign,FREM1,657.0
A4FU01,G657K,0.2728,benign,FREM1,657.0
A4FU01,G657L,0.2338,benign,FREM1,657.0
A4FU01,G657M,0.3151,benign,FREM1,657.0
A4FU01,G657N,0.2382,benign,FREM1,657.0
A4FU01,G657P,0.7119,pathogenic,FREM1,657.0
A4FU01,G657Q,0.1869,benign,FREM1,657.0
A4FU01,G657R,0.1683,benign,FREM1,657.0
A4FU01,G657S,0.0905,benign,FREM1,657.0
A4FU01,G657T,0.1282,benign,FREM1,657.0
A4FU01,G657V,0.1216,benign,FREM1,657.0
A4FU01,G657W,0.2241,benign,FREM1,657.0
A4FU01,G657Y,0.2404,benign,FREM1,657.0
A4FU01,L658A,0.7412,pathogenic,FREM1,658.0
A4FU01,L658C,0.8037,pathogenic,FREM1,658.0
A4FU01,L658D,0.9612,pathogenic,FREM1,658.0
A4FU01,L658E,0.8247,pathogenic,FREM1,658.0
A4FU01,L658F,0.2635,benign,FREM1,658.0
A4FU01,L658G,0.89,pathogenic,FREM1,658.0
A4FU01,L658H,0.7279,pathogenic,FREM1,658.0
A4FU01,L658I,0.1606,benign,FREM1,658.0
A4FU01,L658K,0.7384,pathogenic,FREM1,658.0
A4FU01,L658M,0.2242,benign,FREM1,658.0
A4FU01,L658N,0.8925,pathogenic,FREM1,658.0
A4FU01,L658P,0.8289,pathogenic,FREM1,658.0
A4FU01,L658Q,0.583,pathogenic,FREM1,658.0
A4FU01,L658R,0.5959,pathogenic,FREM1,658.0
A4FU01,L658S,0.8543,pathogenic,FREM1,658.0
A4FU01,L658T,0.7732,pathogenic,FREM1,658.0
A4FU01,L658V,0.2164,benign,FREM1,658.0
A4FU01,L658W,0.4357,ambiguous,FREM1,658.0
A4FU01,L658Y,0.6658,pathogenic,FREM1,658.0
A4FU01,Q659A,0.1686,benign,FREM1,659.0
A4FU01,Q659C,0.3529,ambiguous,FREM1,659.0
A4FU01,Q659D,0.4014,ambiguous,FREM1,659.0
A4FU01,Q659E,0.0908,benign,FREM1,659.0
A4FU01,Q659F,0.5328,ambiguous,FREM1,659.0
A4FU01,Q659G,0.17,benign,FREM1,659.0
A4FU01,Q659H,0.1724,benign,FREM1,659.0
A4FU01,Q659I,0.3302,benign,FREM1,659.0
A4FU01,Q659K,0.0822,benign,FREM1,659.0
A4FU01,Q659L,0.11,benign,FREM1,659.0
A4FU01,Q659M,0.3151,benign,FREM1,659.0
A4FU01,Q659N,0.3214,benign,FREM1,659.0
A4FU01,Q659P,0.2486,benign,FREM1,659.0
A4FU01,Q659R,0.0658,benign,FREM1,659.0
A4FU01,Q659S,0.2254,benign,FREM1,659.0
A4FU01,Q659T,0.1912,benign,FREM1,659.0
A4FU01,Q659V,0.2212,benign,FREM1,659.0
A4FU01,Q659W,0.2598,benign,FREM1,659.0
A4FU01,Q659Y,0.3197,benign,FREM1,659.0
A4FU01,D660A,0.0819,benign,FREM1,660.0
A4FU01,D660C,0.314,benign,FREM1,660.0
A4FU01,D660E,0.0848,benign,FREM1,660.0
A4FU01,D660F,0.3338,benign,FREM1,660.0
A4FU01,D660G,0.0861,benign,FREM1,660.0
A4FU01,D660H,0.1349,benign,FREM1,660.0
A4FU01,D660I,0.2109,benign,FREM1,660.0
A4FU01,D660K,0.1382,benign,FREM1,660.0
A4FU01,D660L,0.1792,benign,FREM1,660.0
A4FU01,D660M,0.3005,benign,FREM1,660.0
A4FU01,D660N,0.0896,benign,FREM1,660.0
A4FU01,D660P,0.5796,pathogenic,FREM1,660.0
A4FU01,D660Q,0.1328,benign,FREM1,660.0
A4FU01,D660R,0.1423,benign,FREM1,660.0
A4FU01,D660S,0.096,benign,FREM1,660.0
A4FU01,D660T,0.1338,benign,FREM1,660.0
A4FU01,D660V,0.1188,benign,FREM1,660.0
A4FU01,D660W,0.5117,ambiguous,FREM1,660.0
A4FU01,D660Y,0.1141,benign,FREM1,660.0
A4FU01,E661A,0.48,ambiguous,FREM1,661.0
A4FU01,E661C,0.946,pathogenic,FREM1,661.0
A4FU01,E661D,0.4711,ambiguous,FREM1,661.0
A4FU01,E661F,0.9486,pathogenic,FREM1,661.0
A4FU01,E661G,0.563,ambiguous,FREM1,661.0
A4FU01,E661H,0.7149,pathogenic,FREM1,661.0
A4FU01,E661I,0.8086,pathogenic,FREM1,661.0
A4FU01,E661K,0.3723,ambiguous,FREM1,661.0
A4FU01,E661L,0.8224,pathogenic,FREM1,661.0
A4FU01,E661M,0.8287,pathogenic,FREM1,661.0
A4FU01,E661N,0.7201,pathogenic,FREM1,661.0
A4FU01,E661P,0.956,pathogenic,FREM1,661.0
A4FU01,E661Q,0.2615,benign,FREM1,661.0
A4FU01,E661R,0.4474,ambiguous,FREM1,661.0
A4FU01,E661S,0.5782,pathogenic,FREM1,661.0
A4FU01,E661T,0.5971,pathogenic,FREM1,661.0
A4FU01,E661V,0.6384,pathogenic,FREM1,661.0
A4FU01,E661W,0.979,pathogenic,FREM1,661.0
A4FU01,E661Y,0.8788,pathogenic,FREM1,661.0
A4FU01,L662A,0.5537,ambiguous,FREM1,662.0
A4FU01,L662C,0.6261,pathogenic,FREM1,662.0
A4FU01,L662D,0.8867,pathogenic,FREM1,662.0
A4FU01,L662E,0.7016,pathogenic,FREM1,662.0
A4FU01,L662F,0.2555,benign,FREM1,662.0
A4FU01,L662G,0.7811,pathogenic,FREM1,662.0
A4FU01,L662H,0.5037,ambiguous,FREM1,662.0
A4FU01,L662I,0.103,benign,FREM1,662.0
A4FU01,L662K,0.4919,ambiguous,FREM1,662.0
A4FU01,L662M,0.2028,benign,FREM1,662.0
A4FU01,L662N,0.6514,pathogenic,FREM1,662.0
A4FU01,L662P,0.8695,pathogenic,FREM1,662.0
A4FU01,L662Q,0.4394,ambiguous,FREM1,662.0
A4FU01,L662R,0.3296,benign,FREM1,662.0
A4FU01,L662S,0.7421,pathogenic,FREM1,662.0
A4FU01,L662T,0.6308,pathogenic,FREM1,662.0
A4FU01,L662V,0.1184,benign,FREM1,662.0
A4FU01,L662W,0.3708,ambiguous,FREM1,662.0
A4FU01,L662Y,0.4236,ambiguous,FREM1,662.0
A4FU01,S663A,0.0671,benign,FREM1,663.0
A4FU01,S663C,0.0762,benign,FREM1,663.0
A4FU01,S663D,0.1809,benign,FREM1,663.0
A4FU01,S663E,0.212,benign,FREM1,663.0
A4FU01,S663F,0.1067,benign,FREM1,663.0
A4FU01,S663G,0.0832,benign,FREM1,663.0
A4FU01,S663H,0.1442,benign,FREM1,663.0
A4FU01,S663I,0.1113,benign,FREM1,663.0
A4FU01,S663K,0.27,benign,FREM1,663.0
A4FU01,S663L,0.0782,benign,FREM1,663.0
A4FU01,S663M,0.1609,benign,FREM1,663.0
A4FU01,S663N,0.1079,benign,FREM1,663.0
A4FU01,S663P,0.3446,ambiguous,FREM1,663.0
A4FU01,S663Q,0.2115,benign,FREM1,663.0
A4FU01,S663R,0.1905,benign,FREM1,663.0
A4FU01,S663T,0.0798,benign,FREM1,663.0
A4FU01,S663V,0.1277,benign,FREM1,663.0
A4FU01,S663W,0.1292,benign,FREM1,663.0
A4FU01,S663Y,0.095,benign,FREM1,663.0
A4FU01,H664A,0.1423,benign,FREM1,664.0
A4FU01,H664C,0.0934,benign,FREM1,664.0
A4FU01,H664D,0.1306,benign,FREM1,664.0
A4FU01,H664E,0.1683,benign,FREM1,664.0
A4FU01,H664F,0.177,benign,FREM1,664.0
A4FU01,H664G,0.1492,benign,FREM1,664.0
A4FU01,H664I,0.1603,benign,FREM1,664.0
A4FU01,H664K,0.1617,benign,FREM1,664.0
A4FU01,H664L,0.0763,benign,FREM1,664.0
A4FU01,H664M,0.2886,benign,FREM1,664.0
A4FU01,H664N,0.099,benign,FREM1,664.0
A4FU01,H664P,0.2704,benign,FREM1,664.0
A4FU01,H664Q,0.1069,benign,FREM1,664.0
A4FU01,H664R,0.0705,benign,FREM1,664.0
A4FU01,H664S,0.126,benign,FREM1,664.0
A4FU01,H664T,0.1569,benign,FREM1,664.0
A4FU01,H664V,0.1364,benign,FREM1,664.0
A4FU01,H664W,0.196,benign,FREM1,664.0
A4FU01,H664Y,0.0722,benign,FREM1,664.0
A4FU01,L665A,0.707,pathogenic,FREM1,665.0
A4FU01,L665C,0.7577,pathogenic,FREM1,665.0
A4FU01,L665D,0.9759,pathogenic,FREM1,665.0
A4FU01,L665E,0.8447,pathogenic,FREM1,665.0
A4FU01,L665F,0.3,benign,FREM1,665.0
A4FU01,L665G,0.8924,pathogenic,FREM1,665.0
A4FU01,L665H,0.7014,pathogenic,FREM1,665.0
A4FU01,L665I,0.1989,benign,FREM1,665.0
A4FU01,L665K,0.7584,pathogenic,FREM1,665.0
A4FU01,L665M,0.2619,benign,FREM1,665.0
A4FU01,L665N,0.904,pathogenic,FREM1,665.0
A4FU01,L665P,0.9346,pathogenic,FREM1,665.0
A4FU01,L665Q,0.5407,ambiguous,FREM1,665.0
A4FU01,L665R,0.5439,ambiguous,FREM1,665.0
A4FU01,L665S,0.8224,pathogenic,FREM1,665.0
A4FU01,L665T,0.7241,pathogenic,FREM1,665.0
A4FU01,L665V,0.2269,benign,FREM1,665.0
A4FU01,L665W,0.4821,ambiguous,FREM1,665.0
A4FU01,L665Y,0.6615,pathogenic,FREM1,665.0
A4FU01,Q666A,0.3126,benign,FREM1,666.0
A4FU01,Q666C,0.6825,pathogenic,FREM1,666.0
A4FU01,Q666D,0.5538,ambiguous,FREM1,666.0
A4FU01,Q666E,0.0952,benign,FREM1,666.0
A4FU01,Q666F,0.8404,pathogenic,FREM1,666.0
A4FU01,Q666G,0.2784,benign,FREM1,666.0
A4FU01,Q666H,0.3407,ambiguous,FREM1,666.0
A4FU01,Q666I,0.6408,pathogenic,FREM1,666.0
A4FU01,Q666K,0.1114,benign,FREM1,666.0
A4FU01,Q666L,0.2226,benign,FREM1,666.0
A4FU01,Q666M,0.5247,ambiguous,FREM1,666.0
A4FU01,Q666N,0.5064,ambiguous,FREM1,666.0
A4FU01,Q666P,0.473,ambiguous,FREM1,666.0
A4FU01,Q666R,0.096,benign,FREM1,666.0
A4FU01,Q666S,0.4026,ambiguous,FREM1,666.0
A4FU01,Q666T,0.3398,benign,FREM1,666.0
A4FU01,Q666V,0.4203,ambiguous,FREM1,666.0
A4FU01,Q666W,0.5246,ambiguous,FREM1,666.0
A4FU01,Q666Y,0.6197,pathogenic,FREM1,666.0
A4FU01,E667A,0.0956,benign,FREM1,667.0
A4FU01,E667C,0.5401,ambiguous,FREM1,667.0
A4FU01,E667D,0.0923,benign,FREM1,667.0
A4FU01,E667F,0.4234,ambiguous,FREM1,667.0
A4FU01,E667G,0.0848,benign,FREM1,667.0
A4FU01,E667H,0.1995,benign,FREM1,667.0
A4FU01,E667I,0.2451,benign,FREM1,667.0
A4FU01,E667K,0.1081,benign,FREM1,667.0
A4FU01,E667L,0.2049,benign,FREM1,667.0
A4FU01,E667M,0.2675,benign,FREM1,667.0
A4FU01,E667N,0.1429,benign,FREM1,667.0
A4FU01,E667P,0.7023,pathogenic,FREM1,667.0
A4FU01,E667Q,0.0885,benign,FREM1,667.0
A4FU01,E667R,0.1405,benign,FREM1,667.0
A4FU01,E667S,0.129,benign,FREM1,667.0
A4FU01,E667T,0.1509,benign,FREM1,667.0
A4FU01,E667V,0.142,benign,FREM1,667.0
A4FU01,E667W,0.5529,ambiguous,FREM1,667.0
A4FU01,E667Y,0.2722,benign,FREM1,667.0
A4FU01,L668A,0.2081,benign,FREM1,668.0
A4FU01,L668C,0.3497,ambiguous,FREM1,668.0
A4FU01,L668D,0.5189,ambiguous,FREM1,668.0
A4FU01,L668E,0.2239,benign,FREM1,668.0
A4FU01,L668F,0.1625,benign,FREM1,668.0
A4FU01,L668G,0.4145,ambiguous,FREM1,668.0
A4FU01,L668H,0.191,benign,FREM1,668.0
A4FU01,L668I,0.099,benign,FREM1,668.0
A4FU01,L668K,0.1602,benign,FREM1,668.0
A4FU01,L668M,0.0992,benign,FREM1,668.0
A4FU01,L668N,0.2975,benign,FREM1,668.0
A4FU01,L668P,0.7312,pathogenic,FREM1,668.0
A4FU01,L668Q,0.0977,benign,FREM1,668.0
A4FU01,L668R,0.1141,benign,FREM1,668.0
A4FU01,L668S,0.2619,benign,FREM1,668.0
A4FU01,L668T,0.1942,benign,FREM1,668.0
A4FU01,L668V,0.0982,benign,FREM1,668.0
A4FU01,L668W,0.1991,benign,FREM1,668.0
A4FU01,L668Y,0.2489,benign,FREM1,668.0
A4FU01,L669A,0.5192,ambiguous,FREM1,669.0
A4FU01,L669C,0.6746,pathogenic,FREM1,669.0
A4FU01,L669D,0.9327,pathogenic,FREM1,669.0
A4FU01,L669E,0.6514,pathogenic,FREM1,669.0
A4FU01,L669F,0.3166,benign,FREM1,669.0
A4FU01,L669G,0.7779,pathogenic,FREM1,669.0
A4FU01,L669H,0.5124,ambiguous,FREM1,669.0
A4FU01,L669I,0.1771,benign,FREM1,669.0
A4FU01,L669K,0.5246,ambiguous,FREM1,669.0
A4FU01,L669M,0.2192,benign,FREM1,669.0
A4FU01,L669N,0.783,pathogenic,FREM1,669.0
A4FU01,L669P,0.8299,pathogenic,FREM1,669.0
A4FU01,L669Q,0.32,benign,FREM1,669.0
A4FU01,L669R,0.3538,ambiguous,FREM1,669.0
A4FU01,L669S,0.6282,pathogenic,FREM1,669.0
A4FU01,L669T,0.6067,pathogenic,FREM1,669.0
A4FU01,L669V,0.1902,benign,FREM1,669.0
A4FU01,L669W,0.368,ambiguous,FREM1,669.0
A4FU01,L669Y,0.607,pathogenic,FREM1,669.0
A4FU01,R670A,0.1765,benign,FREM1,670.0
A4FU01,R670C,0.1397,benign,FREM1,670.0
A4FU01,R670D,0.3671,ambiguous,FREM1,670.0
A4FU01,R670E,0.1542,benign,FREM1,670.0
A4FU01,R670F,0.38,ambiguous,FREM1,670.0
A4FU01,R670G,0.0956,benign,FREM1,670.0
A4FU01,R670H,0.1032,benign,FREM1,670.0
A4FU01,R670I,0.2038,benign,FREM1,670.0
A4FU01,R670K,0.0779,benign,FREM1,670.0
A4FU01,R670L,0.143,benign,FREM1,670.0
A4FU01,R670M,0.1611,benign,FREM1,670.0
A4FU01,R670N,0.306,benign,FREM1,670.0
A4FU01,R670P,0.5144,ambiguous,FREM1,670.0
A4FU01,R670Q,0.0745,benign,FREM1,670.0
A4FU01,R670S,0.2281,benign,FREM1,670.0
A4FU01,R670T,0.1476,benign,FREM1,670.0
A4FU01,R670V,0.2276,benign,FREM1,670.0
A4FU01,R670W,0.111,benign,FREM1,670.0
A4FU01,R670Y,0.2596,benign,FREM1,670.0
A4FU01,K671A,0.2058,benign,FREM1,671.0
A4FU01,K671C,0.435,ambiguous,FREM1,671.0
A4FU01,K671D,0.2936,benign,FREM1,671.0
A4FU01,K671E,0.1064,benign,FREM1,671.0
A4FU01,K671F,0.5389,ambiguous,FREM1,671.0
A4FU01,K671G,0.229,benign,FREM1,671.0
A4FU01,K671H,0.2049,benign,FREM1,671.0
A4FU01,K671I,0.2301,benign,FREM1,671.0
A4FU01,K671L,0.1961,benign,FREM1,671.0
A4FU01,K671M,0.1481,benign,FREM1,671.0
A4FU01,K671N,0.1979,benign,FREM1,671.0
A4FU01,K671P,0.5353,ambiguous,FREM1,671.0
A4FU01,K671Q,0.0935,benign,FREM1,671.0
A4FU01,K671R,0.0821,benign,FREM1,671.0
A4FU01,K671S,0.2295,benign,FREM1,671.0
A4FU01,K671T,0.1174,benign,FREM1,671.0
A4FU01,K671V,0.227,benign,FREM1,671.0
A4FU01,K671W,0.5299,ambiguous,FREM1,671.0
A4FU01,K671Y,0.3879,ambiguous,FREM1,671.0
A4FU01,W672A,0.4632,ambiguous,FREM1,672.0
A4FU01,W672C,0.6634,pathogenic,FREM1,672.0
A4FU01,W672D,0.6796,pathogenic,FREM1,672.0
A4FU01,W672E,0.6485,pathogenic,FREM1,672.0
A4FU01,W672F,0.304,benign,FREM1,672.0
A4FU01,W672G,0.2919,benign,FREM1,672.0
A4FU01,W672H,0.6241,pathogenic,FREM1,672.0
A4FU01,W672I,0.5143,ambiguous,FREM1,672.0
A4FU01,W672K,0.7508,pathogenic,FREM1,672.0
A4FU01,W672L,0.3596,ambiguous,FREM1,672.0
A4FU01,W672M,0.5293,ambiguous,FREM1,672.0
A4FU01,W672N,0.6313,pathogenic,FREM1,672.0
A4FU01,W672P,0.871,pathogenic,FREM1,672.0
A4FU01,W672Q,0.7069,pathogenic,FREM1,672.0
A4FU01,W672R,0.7264,pathogenic,FREM1,672.0
A4FU01,W672S,0.4202,ambiguous,FREM1,672.0
A4FU01,W672T,0.4938,ambiguous,FREM1,672.0
A4FU01,W672V,0.4418,ambiguous,FREM1,672.0
A4FU01,W672Y,0.3575,ambiguous,FREM1,672.0
A4FU01,T673A,0.0781,benign,FREM1,673.0
A4FU01,T673C,0.266,benign,FREM1,673.0
A4FU01,T673D,0.2082,benign,FREM1,673.0
A4FU01,T673E,0.1427,benign,FREM1,673.0
A4FU01,T673F,0.1577,benign,FREM1,673.0
A4FU01,T673G,0.1705,benign,FREM1,673.0
A4FU01,T673H,0.1272,benign,FREM1,673.0
A4FU01,T673I,0.1156,benign,FREM1,673.0
A4FU01,T673K,0.0964,benign,FREM1,673.0
A4FU01,T673L,0.0846,benign,FREM1,673.0
A4FU01,T673M,0.0805,benign,FREM1,673.0
A4FU01,T673N,0.0766,benign,FREM1,673.0
A4FU01,T673P,0.088,benign,FREM1,673.0
A4FU01,T673Q,0.1169,benign,FREM1,673.0
A4FU01,T673R,0.0902,benign,FREM1,673.0
A4FU01,T673S,0.0918,benign,FREM1,673.0
A4FU01,T673V,0.1121,benign,FREM1,673.0
A4FU01,T673W,0.3462,ambiguous,FREM1,673.0
A4FU01,T673Y,0.1533,benign,FREM1,673.0
A4FU01,P674A,0.0817,benign,FREM1,674.0
A4FU01,P674C,0.2654,benign,FREM1,674.0
A4FU01,P674D,0.2521,benign,FREM1,674.0
A4FU01,P674E,0.1719,benign,FREM1,674.0
A4FU01,P674F,0.3023,benign,FREM1,674.0
A4FU01,P674G,0.1692,benign,FREM1,674.0
A4FU01,P674H,0.127,benign,FREM1,674.0
A4FU01,P674I,0.2379,benign,FREM1,674.0
A4FU01,P674K,0.171,benign,FREM1,674.0
A4FU01,P674L,0.1045,benign,FREM1,674.0
A4FU01,P674M,0.2552,benign,FREM1,674.0
A4FU01,P674N,0.2277,benign,FREM1,674.0
A4FU01,P674Q,0.1132,benign,FREM1,674.0
A4FU01,P674R,0.1062,benign,FREM1,674.0
A4FU01,P674S,0.1017,benign,FREM1,674.0
A4FU01,P674T,0.0932,benign,FREM1,674.0
A4FU01,P674V,0.1534,benign,FREM1,674.0
A4FU01,P674W,0.3115,benign,FREM1,674.0
A4FU01,P674Y,0.2523,benign,FREM1,674.0
A4FU01,R675A,0.1243,benign,FREM1,675.0
A4FU01,R675C,0.1079,benign,FREM1,675.0
A4FU01,R675D,0.2084,benign,FREM1,675.0
A4FU01,R675E,0.1345,benign,FREM1,675.0
A4FU01,R675F,0.2447,benign,FREM1,675.0
A4FU01,R675G,0.0749,benign,FREM1,675.0
A4FU01,R675H,0.0876,benign,FREM1,675.0
A4FU01,R675I,0.1401,benign,FREM1,675.0
A4FU01,R675K,0.0852,benign,FREM1,675.0
A4FU01,R675L,0.1186,benign,FREM1,675.0
A4FU01,R675M,0.1481,benign,FREM1,675.0
A4FU01,R675N,0.2138,benign,FREM1,675.0
A4FU01,R675P,0.1359,benign,FREM1,675.0
A4FU01,R675Q,0.0767,benign,FREM1,675.0
A4FU01,R675S,0.1587,benign,FREM1,675.0
A4FU01,R675T,0.1068,benign,FREM1,675.0
A4FU01,R675V,0.1513,benign,FREM1,675.0
A4FU01,R675W,0.1004,benign,FREM1,675.0
A4FU01,R675Y,0.1799,benign,FREM1,675.0
A4FU01,I676A,0.1226,benign,FREM1,676.0
A4FU01,I676C,0.2354,benign,FREM1,676.0
A4FU01,I676D,0.1668,benign,FREM1,676.0
A4FU01,I676E,0.1539,benign,FREM1,676.0
A4FU01,I676F,0.0747,benign,FREM1,676.0
A4FU01,I676G,0.1857,benign,FREM1,676.0
A4FU01,I676H,0.1343,benign,FREM1,676.0
A4FU01,I676K,0.1131,benign,FREM1,676.0
A4FU01,I676L,0.0701,benign,FREM1,676.0
A4FU01,I676M,0.0781,benign,FREM1,676.0
A4FU01,I676N,0.0786,benign,FREM1,676.0
A4FU01,I676P,0.1511,benign,FREM1,676.0
A4FU01,I676Q,0.1275,benign,FREM1,676.0
A4FU01,I676R,0.0822,benign,FREM1,676.0
A4FU01,I676S,0.0993,benign,FREM1,676.0
A4FU01,I676T,0.1138,benign,FREM1,676.0
A4FU01,I676V,0.0683,benign,FREM1,676.0
A4FU01,I676W,0.2861,benign,FREM1,676.0
A4FU01,I676Y,0.1508,benign,FREM1,676.0
A4FU01,S677A,0.0722,benign,FREM1,677.0
A4FU01,S677C,0.0704,benign,FREM1,677.0
A4FU01,S677D,0.1578,benign,FREM1,677.0
A4FU01,S677E,0.1971,benign,FREM1,677.0
A4FU01,S677F,0.0835,benign,FREM1,677.0
A4FU01,S677G,0.0808,benign,FREM1,677.0
A4FU01,S677H,0.1178,benign,FREM1,677.0
A4FU01,S677I,0.0843,benign,FREM1,677.0
A4FU01,S677K,0.2297,benign,FREM1,677.0
A4FU01,S677L,0.0691,benign,FREM1,677.0
A4FU01,S677M,0.1505,benign,FREM1,677.0
A4FU01,S677N,0.1066,benign,FREM1,677.0
A4FU01,S677P,0.0684,benign,FREM1,677.0
A4FU01,S677Q,0.1887,benign,FREM1,677.0
A4FU01,S677R,0.1685,benign,FREM1,677.0
A4FU01,S677T,0.0704,benign,FREM1,677.0
A4FU01,S677V,0.0995,benign,FREM1,677.0
A4FU01,S677W,0.1107,benign,FREM1,677.0
A4FU01,S677Y,0.0794,benign,FREM1,677.0
A4FU01,P678A,0.064,benign,FREM1,678.0
A4FU01,P678C,0.1802,benign,FREM1,678.0
A4FU01,P678D,0.1524,benign,FREM1,678.0
A4FU01,P678E,0.1077,benign,FREM1,678.0
A4FU01,P678F,0.1892,benign,FREM1,678.0
A4FU01,P678G,0.1183,benign,FREM1,678.0
A4FU01,P678H,0.0871,benign,FREM1,678.0
A4FU01,P678I,0.1525,benign,FREM1,678.0
A4FU01,P678K,0.1109,benign,FREM1,678.0
A4FU01,P678L,0.0768,benign,FREM1,678.0
A4FU01,P678M,0.1557,benign,FREM1,678.0
A4FU01,P678N,0.1554,benign,FREM1,678.0
A4FU01,P678Q,0.0803,benign,FREM1,678.0
A4FU01,P678R,0.0746,benign,FREM1,678.0
A4FU01,P678S,0.0762,benign,FREM1,678.0
A4FU01,P678T,0.0673,benign,FREM1,678.0
A4FU01,P678V,0.1077,benign,FREM1,678.0
A4FU01,P678W,0.1829,benign,FREM1,678.0
A4FU01,P678Y,0.1735,benign,FREM1,678.0
A4FU01,E679A,0.0837,benign,FREM1,679.0
A4FU01,E679C,0.4169,ambiguous,FREM1,679.0
A4FU01,E679D,0.0969,benign,FREM1,679.0
A4FU01,E679F,0.3763,ambiguous,FREM1,679.0
A4FU01,E679G,0.0698,benign,FREM1,679.0
A4FU01,E679H,0.1876,benign,FREM1,679.0
A4FU01,E679I,0.1939,benign,FREM1,679.0
A4FU01,E679K,0.0696,benign,FREM1,679.0
A4FU01,E679L,0.1753,benign,FREM1,679.0
A4FU01,E679M,0.229,benign,FREM1,679.0
A4FU01,E679N,0.1605,benign,FREM1,679.0
A4FU01,E679P,0.1928,benign,FREM1,679.0
A4FU01,E679Q,0.0842,benign,FREM1,679.0
A4FU01,E679R,0.0912,benign,FREM1,679.0
A4FU01,E679S,0.1145,benign,FREM1,679.0
A4FU01,E679T,0.1159,benign,FREM1,679.0
A4FU01,E679V,0.1191,benign,FREM1,679.0
A4FU01,E679W,0.4142,ambiguous,FREM1,679.0
A4FU01,E679Y,0.2733,benign,FREM1,679.0
A4FU01,D680A,0.0841,benign,FREM1,680.0
A4FU01,D680C,0.2011,benign,FREM1,680.0
A4FU01,D680E,0.0944,benign,FREM1,680.0
A4FU01,D680F,0.2053,benign,FREM1,680.0
A4FU01,D680G,0.0718,benign,FREM1,680.0
A4FU01,D680H,0.1045,benign,FREM1,680.0
A4FU01,D680I,0.1191,benign,FREM1,680.0
A4FU01,D680K,0.1246,benign,FREM1,680.0
A4FU01,D680L,0.1426,benign,FREM1,680.0
A4FU01,D680M,0.2534,benign,FREM1,680.0
A4FU01,D680N,0.0777,benign,FREM1,680.0
A4FU01,D680P,0.2027,benign,FREM1,680.0
A4FU01,D680Q,0.1292,benign,FREM1,680.0
A4FU01,D680R,0.1225,benign,FREM1,680.0
A4FU01,D680S,0.0846,benign,FREM1,680.0
A4FU01,D680T,0.1094,benign,FREM1,680.0
A4FU01,D680V,0.087,benign,FREM1,680.0
A4FU01,D680W,0.3854,ambiguous,FREM1,680.0
A4FU01,D680Y,0.0826,benign,FREM1,680.0
A4FU01,H681A,0.0982,benign,FREM1,681.0
A4FU01,H681C,0.0843,benign,FREM1,681.0
A4FU01,H681D,0.0766,benign,FREM1,681.0
A4FU01,H681E,0.1127,benign,FREM1,681.0
A4FU01,H681F,0.1545,benign,FREM1,681.0
A4FU01,H681G,0.1036,benign,FREM1,681.0
A4FU01,H681I,0.1262,benign,FREM1,681.0
A4FU01,H681K,0.1169,benign,FREM1,681.0
A4FU01,H681L,0.0828,benign,FREM1,681.0
A4FU01,H681M,0.2394,benign,FREM1,681.0
A4FU01,H681N,0.0723,benign,FREM1,681.0
A4FU01,H681P,0.0694,benign,FREM1,681.0
A4FU01,H681Q,0.0907,benign,FREM1,681.0
A4FU01,H681R,0.0647,benign,FREM1,681.0
A4FU01,H681S,0.0918,benign,FREM1,681.0
A4FU01,H681T,0.1036,benign,FREM1,681.0
A4FU01,H681V,0.1112,benign,FREM1,681.0
A4FU01,H681W,0.1736,benign,FREM1,681.0
A4FU01,H681Y,0.0706,benign,FREM1,681.0
A4FU01,S682A,0.0702,benign,FREM1,682.0
A4FU01,S682C,0.0569,benign,FREM1,682.0
A4FU01,S682D,0.1264,benign,FREM1,682.0
A4FU01,S682E,0.1524,benign,FREM1,682.0
A4FU01,S682F,0.1065,benign,FREM1,682.0
A4FU01,S682G,0.0619,benign,FREM1,682.0
A4FU01,S682H,0.1109,benign,FREM1,682.0
A4FU01,S682I,0.094,benign,FREM1,682.0
A4FU01,S682K,0.1764,benign,FREM1,682.0
A4FU01,S682L,0.0801,benign,FREM1,682.0
A4FU01,S682M,0.1566,benign,FREM1,682.0
A4FU01,S682N,0.0856,benign,FREM1,682.0
A4FU01,S682P,0.0719,benign,FREM1,682.0
A4FU01,S682Q,0.1561,benign,FREM1,682.0
A4FU01,S682R,0.1258,benign,FREM1,682.0
A4FU01,S682T,0.0732,benign,FREM1,682.0
A4FU01,S682V,0.1056,benign,FREM1,682.0
A4FU01,S682W,0.1052,benign,FREM1,682.0
A4FU01,S682Y,0.083,benign,FREM1,682.0
A4FU01,K683A,0.1501,benign,FREM1,683.0
A4FU01,K683C,0.3439,ambiguous,FREM1,683.0
A4FU01,K683D,0.2312,benign,FREM1,683.0
A4FU01,K683E,0.0771,benign,FREM1,683.0
A4FU01,K683F,0.436,ambiguous,FREM1,683.0
A4FU01,K683G,0.1417,benign,FREM1,683.0
A4FU01,K683H,0.2046,benign,FREM1,683.0
A4FU01,K683I,0.2148,benign,FREM1,683.0
A4FU01,K683L,0.1735,benign,FREM1,683.0
A4FU01,K683M,0.1517,benign,FREM1,683.0
A4FU01,K683N,0.2133,benign,FREM1,683.0
A4FU01,K683P,0.2089,benign,FREM1,683.0
A4FU01,K683Q,0.0833,benign,FREM1,683.0
A4FU01,K683R,0.0635,benign,FREM1,683.0
A4FU01,K683S,0.1815,benign,FREM1,683.0
A4FU01,K683T,0.1198,benign,FREM1,683.0
A4FU01,K683V,0.1802,benign,FREM1,683.0
A4FU01,K683W,0.3729,ambiguous,FREM1,683.0
A4FU01,K683Y,0.3354,benign,FREM1,683.0
A4FU01,K684A,0.1541,benign,FREM1,684.0
A4FU01,K684C,0.3889,ambiguous,FREM1,684.0
A4FU01,K684D,0.2013,benign,FREM1,684.0
A4FU01,K684E,0.079,benign,FREM1,684.0
A4FU01,K684F,0.4091,ambiguous,FREM1,684.0
A4FU01,K684G,0.1524,benign,FREM1,684.0
A4FU01,K684H,0.1899,benign,FREM1,684.0
A4FU01,K684I,0.1701,benign,FREM1,684.0
A4FU01,K684L,0.1591,benign,FREM1,684.0
A4FU01,K684M,0.1243,benign,FREM1,684.0
A4FU01,K684N,0.1548,benign,FREM1,684.0
A4FU01,K684P,0.1994,benign,FREM1,684.0
A4FU01,K684Q,0.0851,benign,FREM1,684.0
A4FU01,K684R,0.07,benign,FREM1,684.0
A4FU01,K684S,0.1723,benign,FREM1,684.0
A4FU01,K684T,0.0986,benign,FREM1,684.0
A4FU01,K684V,0.1689,benign,FREM1,684.0
A4FU01,K684W,0.4209,ambiguous,FREM1,684.0
A4FU01,K684Y,0.2919,benign,FREM1,684.0
A4FU01,R685A,0.1118,benign,FREM1,685.0
A4FU01,R685C,0.1241,benign,FREM1,685.0
A4FU01,R685D,0.1822,benign,FREM1,685.0
A4FU01,R685E,0.1121,benign,FREM1,685.0
A4FU01,R685F,0.2609,benign,FREM1,685.0
A4FU01,R685G,0.0748,benign,FREM1,685.0
A4FU01,R685H,0.0939,benign,FREM1,685.0
A4FU01,R685I,0.1125,benign,FREM1,685.0
A4FU01,R685K,0.0749,benign,FREM1,685.0
A4FU01,R685L,0.1107,benign,FREM1,685.0
A4FU01,R685M,0.1186,benign,FREM1,685.0
A4FU01,R685N,0.2019,benign,FREM1,685.0
A4FU01,R685P,0.1227,benign,FREM1,685.0
A4FU01,R685Q,0.0765,benign,FREM1,685.0
A4FU01,R685S,0.1572,benign,FREM1,685.0
A4FU01,R685T,0.0863,benign,FREM1,685.0
A4FU01,R685V,0.1369,benign,FREM1,685.0
A4FU01,R685W,0.0968,benign,FREM1,685.0
A4FU01,R685Y,0.1816,benign,FREM1,685.0
A4FU01,D686A,0.1039,benign,FREM1,686.0
A4FU01,D686C,0.2318,benign,FREM1,686.0
A4FU01,D686E,0.1096,benign,FREM1,686.0
A4FU01,D686F,0.2123,benign,FREM1,686.0
A4FU01,D686G,0.1034,benign,FREM1,686.0
A4FU01,D686H,0.101,benign,FREM1,686.0
A4FU01,D686I,0.1306,benign,FREM1,686.0
A4FU01,D686K,0.149,benign,FREM1,686.0
A4FU01,D686L,0.1377,benign,FREM1,686.0
A4FU01,D686M,0.2995,benign,FREM1,686.0
A4FU01,D686N,0.0821,benign,FREM1,686.0
A4FU01,D686P,0.1999,benign,FREM1,686.0
A4FU01,D686Q,0.1413,benign,FREM1,686.0
A4FU01,D686R,0.1465,benign,FREM1,686.0
A4FU01,D686S,0.0998,benign,FREM1,686.0
A4FU01,D686T,0.1479,benign,FREM1,686.0
A4FU01,D686V,0.0996,benign,FREM1,686.0
A4FU01,D686W,0.453,ambiguous,FREM1,686.0
A4FU01,D686Y,0.0813,benign,FREM1,686.0
A4FU01,P687A,0.0734,benign,FREM1,687.0
A4FU01,P687C,0.1836,benign,FREM1,687.0
A4FU01,P687D,0.1835,benign,FREM1,687.0
A4FU01,P687E,0.144,benign,FREM1,687.0
A4FU01,P687F,0.2006,benign,FREM1,687.0
A4FU01,P687G,0.1542,benign,FREM1,687.0
A4FU01,P687H,0.0937,benign,FREM1,687.0
A4FU01,P687I,0.145,benign,FREM1,687.0
A4FU01,P687K,0.1481,benign,FREM1,687.0
A4FU01,P687L,0.0844,benign,FREM1,687.0
A4FU01,P687M,0.202,benign,FREM1,687.0
A4FU01,P687N,0.1668,benign,FREM1,687.0
A4FU01,P687Q,0.0972,benign,FREM1,687.0
A4FU01,P687R,0.0826,benign,FREM1,687.0
A4FU01,P687S,0.0807,benign,FREM1,687.0
A4FU01,P687T,0.0716,benign,FREM1,687.0
A4FU01,P687V,0.123,benign,FREM1,687.0
A4FU01,P687W,0.2472,benign,FREM1,687.0
A4FU01,P687Y,0.1867,benign,FREM1,687.0
A4FU01,H688A,0.0831,benign,FREM1,688.0
A4FU01,H688C,0.0758,benign,FREM1,688.0
A4FU01,H688D,0.0643,benign,FREM1,688.0
A4FU01,H688E,0.0971,benign,FREM1,688.0
A4FU01,H688F,0.1618,benign,FREM1,688.0
A4FU01,H688G,0.0893,benign,FREM1,688.0
A4FU01,H688I,0.134,benign,FREM1,688.0
A4FU01,H688K,0.0914,benign,FREM1,688.0
A4FU01,H688L,0.0834,benign,FREM1,688.0
A4FU01,H688M,0.2076,benign,FREM1,688.0
A4FU01,H688N,0.0569,benign,FREM1,688.0
A4FU01,H688P,0.0737,benign,FREM1,688.0
A4FU01,H688Q,0.0793,benign,FREM1,688.0
A4FU01,H688R,0.0649,benign,FREM1,688.0
A4FU01,H688S,0.0733,benign,FREM1,688.0
A4FU01,H688T,0.0903,benign,FREM1,688.0
A4FU01,H688V,0.1025,benign,FREM1,688.0
A4FU01,H688W,0.1864,benign,FREM1,688.0
A4FU01,H688Y,0.069,benign,FREM1,688.0
A4FU01,T689A,0.0591,benign,FREM1,689.0
A4FU01,T689C,0.1712,benign,FREM1,689.0
A4FU01,T689D,0.1286,benign,FREM1,689.0
A4FU01,T689E,0.1263,benign,FREM1,689.0
A4FU01,T689F,0.1293,benign,FREM1,689.0
A4FU01,T689G,0.1161,benign,FREM1,689.0
A4FU01,T689H,0.1012,benign,FREM1,689.0
A4FU01,T689I,0.0973,benign,FREM1,689.0
A4FU01,T689K,0.1012,benign,FREM1,689.0
A4FU01,T689L,0.0788,benign,FREM1,689.0
A4FU01,T689M,0.0895,benign,FREM1,689.0
A4FU01,T689N,0.0758,benign,FREM1,689.0
A4FU01,T689P,0.0674,benign,FREM1,689.0
A4FU01,T689Q,0.114,benign,FREM1,689.0
A4FU01,T689R,0.0754,benign,FREM1,689.0
A4FU01,T689S,0.0796,benign,FREM1,689.0
A4FU01,T689V,0.0923,benign,FREM1,689.0
A4FU01,T689W,0.246,benign,FREM1,689.0
A4FU01,T689Y,0.1192,benign,FREM1,689.0
A4FU01,I690A,0.1063,benign,FREM1,690.0
A4FU01,I690C,0.2581,benign,FREM1,690.0
A4FU01,I690D,0.1664,benign,FREM1,690.0
A4FU01,I690E,0.1747,benign,FREM1,690.0
A4FU01,I690F,0.0691,benign,FREM1,690.0
A4FU01,I690G,0.1883,benign,FREM1,690.0
A4FU01,I690H,0.144,benign,FREM1,690.0
A4FU01,I690K,0.1351,benign,FREM1,690.0
A4FU01,I690L,0.0708,benign,FREM1,690.0
A4FU01,I690M,0.0829,benign,FREM1,690.0
A4FU01,I690N,0.0888,benign,FREM1,690.0
A4FU01,I690P,0.1371,benign,FREM1,690.0
A4FU01,I690Q,0.1479,benign,FREM1,690.0
A4FU01,I690R,0.0885,benign,FREM1,690.0
A4FU01,I690S,0.0959,benign,FREM1,690.0
A4FU01,I690T,0.1104,benign,FREM1,690.0
A4FU01,I690V,0.0673,benign,FREM1,690.0
A4FU01,I690W,0.3234,benign,FREM1,690.0
A4FU01,I690Y,0.1749,benign,FREM1,690.0
A4FU01,L691A,0.0988,benign,FREM1,691.0
A4FU01,L691C,0.1482,benign,FREM1,691.0
A4FU01,L691D,0.2094,benign,FREM1,691.0
A4FU01,L691E,0.1191,benign,FREM1,691.0
A4FU01,L691F,0.07,benign,FREM1,691.0
A4FU01,L691G,0.1515,benign,FREM1,691.0
A4FU01,L691H,0.0865,benign,FREM1,691.0
A4FU01,L691I,0.071,benign,FREM1,691.0
A4FU01,L691K,0.1038,benign,FREM1,691.0
A4FU01,L691M,0.0958,benign,FREM1,691.0
A4FU01,L691N,0.1498,benign,FREM1,691.0
A4FU01,L691P,0.0723,benign,FREM1,691.0
A4FU01,L691Q,0.0662,benign,FREM1,691.0
A4FU01,L691R,0.0662,benign,FREM1,691.0
A4FU01,L691S,0.0908,benign,FREM1,691.0
A4FU01,L691T,0.0938,benign,FREM1,691.0
A4FU01,L691V,0.068,benign,FREM1,691.0
A4FU01,L691W,0.077,benign,FREM1,691.0
A4FU01,L691Y,0.1378,benign,FREM1,691.0
A4FU01,N692A,0.0915,benign,FREM1,692.0
A4FU01,N692C,0.1003,benign,FREM1,692.0
A4FU01,N692D,0.0757,benign,FREM1,692.0
A4FU01,N692E,0.1175,benign,FREM1,692.0
A4FU01,N692F,0.1839,benign,FREM1,692.0
A4FU01,N692G,0.1181,benign,FREM1,692.0
A4FU01,N692H,0.056,benign,FREM1,692.0
A4FU01,N692I,0.0932,benign,FREM1,692.0
A4FU01,N692K,0.085,benign,FREM1,692.0
A4FU01,N692L,0.0896,benign,FREM1,692.0
A4FU01,N692M,0.1623,benign,FREM1,692.0
A4FU01,N692P,0.0975,benign,FREM1,692.0
A4FU01,N692Q,0.1065,benign,FREM1,692.0
A4FU01,N692R,0.0971,benign,FREM1,692.0
A4FU01,N692S,0.0653,benign,FREM1,692.0
A4FU01,N692T,0.0718,benign,FREM1,692.0
A4FU01,N692V,0.1023,benign,FREM1,692.0
A4FU01,N692W,0.2733,benign,FREM1,692.0
A4FU01,N692Y,0.0661,benign,FREM1,692.0
A4FU01,P693A,0.0615,benign,FREM1,693.0
A4FU01,P693C,0.1802,benign,FREM1,693.0
A4FU01,P693D,0.1252,benign,FREM1,693.0
A4FU01,P693E,0.0861,benign,FREM1,693.0
A4FU01,P693F,0.2159,benign,FREM1,693.0
A4FU01,P693G,0.1064,benign,FREM1,693.0
A4FU01,P693H,0.0778,benign,FREM1,693.0
A4FU01,P693I,0.1496,benign,FREM1,693.0
A4FU01,P693K,0.0888,benign,FREM1,693.0
A4FU01,P693L,0.0891,benign,FREM1,693.0
A4FU01,P693M,0.1789,benign,FREM1,693.0
A4FU01,P693N,0.1312,benign,FREM1,693.0
A4FU01,P693Q,0.0618,benign,FREM1,693.0
A4FU01,P693R,0.0645,benign,FREM1,693.0
A4FU01,P693S,0.0717,benign,FREM1,693.0
A4FU01,P693T,0.0615,benign,FREM1,693.0
A4FU01,P693V,0.1097,benign,FREM1,693.0
A4FU01,P693W,0.2311,benign,FREM1,693.0
A4FU01,P693Y,0.1627,benign,FREM1,693.0
A4FU01,T694A,0.0557,benign,FREM1,694.0
A4FU01,T694C,0.2184,benign,FREM1,694.0
A4FU01,T694D,0.1249,benign,FREM1,694.0
A4FU01,T694E,0.0856,benign,FREM1,694.0
A4FU01,T694F,0.1406,benign,FREM1,694.0
A4FU01,T694G,0.0989,benign,FREM1,694.0
A4FU01,T694H,0.1231,benign,FREM1,694.0
A4FU01,T694I,0.0976,benign,FREM1,694.0
A4FU01,T694K,0.0751,benign,FREM1,694.0
A4FU01,T694L,0.0802,benign,FREM1,694.0
A4FU01,T694M,0.0845,benign,FREM1,694.0
A4FU01,T694N,0.0891,benign,FREM1,694.0
A4FU01,T694P,0.0634,benign,FREM1,694.0
A4FU01,T694Q,0.0939,benign,FREM1,694.0
A4FU01,T694R,0.0657,benign,FREM1,694.0
A4FU01,T694S,0.0786,benign,FREM1,694.0
A4FU01,T694V,0.0812,benign,FREM1,694.0
A4FU01,T694W,0.2425,benign,FREM1,694.0
A4FU01,T694Y,0.1411,benign,FREM1,694.0
A4FU01,E695A,0.0887,benign,FREM1,695.0
A4FU01,E695C,0.4395,ambiguous,FREM1,695.0
A4FU01,E695D,0.0835,benign,FREM1,695.0
A4FU01,E695F,0.3903,ambiguous,FREM1,695.0
A4FU01,E695G,0.0717,benign,FREM1,695.0
A4FU01,E695H,0.183,benign,FREM1,695.0
A4FU01,E695I,0.209,benign,FREM1,695.0
A4FU01,E695K,0.0897,benign,FREM1,695.0
A4FU01,E695L,0.2052,benign,FREM1,695.0
A4FU01,E695M,0.2747,benign,FREM1,695.0
A4FU01,E695N,0.1472,benign,FREM1,695.0
A4FU01,E695P,0.1804,benign,FREM1,695.0
A4FU01,E695Q,0.0898,benign,FREM1,695.0
A4FU01,E695R,0.1114,benign,FREM1,695.0
A4FU01,E695S,0.118,benign,FREM1,695.0
A4FU01,E695T,0.1328,benign,FREM1,695.0
A4FU01,E695V,0.1282,benign,FREM1,695.0
A4FU01,E695W,0.492,ambiguous,FREM1,695.0
A4FU01,E695Y,0.2534,benign,FREM1,695.0
A4FU01,I696A,0.0838,benign,FREM1,696.0
A4FU01,I696C,0.3034,benign,FREM1,696.0
A4FU01,I696D,0.1499,benign,FREM1,696.0
A4FU01,I696E,0.1254,benign,FREM1,696.0
A4FU01,I696F,0.0751,benign,FREM1,696.0
A4FU01,I696G,0.1762,benign,FREM1,696.0
A4FU01,I696H,0.1626,benign,FREM1,696.0
A4FU01,I696K,0.1076,benign,FREM1,696.0
A4FU01,I696L,0.083,benign,FREM1,696.0
A4FU01,I696M,0.0636,benign,FREM1,696.0
A4FU01,I696N,0.078,benign,FREM1,696.0
A4FU01,I696P,0.1484,benign,FREM1,696.0
A4FU01,I696Q,0.1389,benign,FREM1,696.0
A4FU01,I696R,0.0843,benign,FREM1,696.0
A4FU01,I696S,0.0915,benign,FREM1,696.0
A4FU01,I696T,0.07,benign,FREM1,696.0
A4FU01,I696V,0.0741,benign,FREM1,696.0
A4FU01,I696W,0.281,benign,FREM1,696.0
A4FU01,I696Y,0.1675,benign,FREM1,696.0
A4FU01,A697C,0.2308,benign,FREM1,697.0
A4FU01,A697D,0.1124,benign,FREM1,697.0
A4FU01,A697E,0.103,benign,FREM1,697.0
A4FU01,A697F,0.1704,benign,FREM1,697.0
A4FU01,A697G,0.0857,benign,FREM1,697.0
A4FU01,A697H,0.1886,benign,FREM1,697.0
A4FU01,A697I,0.1427,benign,FREM1,697.0
A4FU01,A697K,0.1533,benign,FREM1,697.0
A4FU01,A697L,0.1148,benign,FREM1,697.0
A4FU01,A697M,0.1592,benign,FREM1,697.0
A4FU01,A697N,0.1484,benign,FREM1,697.0
A4FU01,A697P,0.0814,benign,FREM1,697.0
A4FU01,A697Q,0.1452,benign,FREM1,697.0
A4FU01,A697R,0.126,benign,FREM1,697.0
A4FU01,A697S,0.0803,benign,FREM1,697.0
A4FU01,A697T,0.0741,benign,FREM1,697.0
A4FU01,A697V,0.0952,benign,FREM1,697.0
A4FU01,A697W,0.2924,benign,FREM1,697.0
A4FU01,A697Y,0.2085,benign,FREM1,697.0
A4FU01,G698A,0.075,benign,FREM1,698.0
A4FU01,G698C,0.108,benign,FREM1,698.0
A4FU01,G698D,0.0803,benign,FREM1,698.0
A4FU01,G698E,0.083,benign,FREM1,698.0
A4FU01,G698F,0.2257,benign,FREM1,698.0
A4FU01,G698H,0.1521,benign,FREM1,698.0
A4FU01,G698I,0.1292,benign,FREM1,698.0
A4FU01,G698K,0.1444,benign,FREM1,698.0
A4FU01,G698L,0.163,benign,FREM1,698.0
A4FU01,G698M,0.2213,benign,FREM1,698.0
A4FU01,G698N,0.1326,benign,FREM1,698.0
A4FU01,G698P,0.22,benign,FREM1,698.0
A4FU01,G698Q,0.1354,benign,FREM1,698.0
A4FU01,G698R,0.1113,benign,FREM1,698.0
A4FU01,G698S,0.0857,benign,FREM1,698.0
A4FU01,G698T,0.0954,benign,FREM1,698.0
A4FU01,G698V,0.09,benign,FREM1,698.0
A4FU01,G698W,0.1422,benign,FREM1,698.0
A4FU01,G698Y,0.1604,benign,FREM1,698.0
A4FU01,I699A,0.1359,benign,FREM1,699.0
A4FU01,I699C,0.2071,benign,FREM1,699.0
A4FU01,I699D,0.1505,benign,FREM1,699.0
A4FU01,I699E,0.1628,benign,FREM1,699.0
A4FU01,I699F,0.0645,benign,FREM1,699.0
A4FU01,I699G,0.1988,benign,FREM1,699.0
A4FU01,I699H,0.1336,benign,FREM1,699.0
A4FU01,I699K,0.1302,benign,FREM1,699.0
A4FU01,I699L,0.0752,benign,FREM1,699.0
A4FU01,I699M,0.0853,benign,FREM1,699.0
A4FU01,I699N,0.0766,benign,FREM1,699.0
A4FU01,I699P,0.1947,benign,FREM1,699.0
A4FU01,I699Q,0.1441,benign,FREM1,699.0
A4FU01,I699R,0.0934,benign,FREM1,699.0
A4FU01,I699S,0.0986,benign,FREM1,699.0
A4FU01,I699T,0.1378,benign,FREM1,699.0
A4FU01,I699V,0.0833,benign,FREM1,699.0
A4FU01,I699W,0.2838,benign,FREM1,699.0
A4FU01,I699Y,0.1387,benign,FREM1,699.0
A4FU01,L700A,0.077,benign,FREM1,700.0
A4FU01,L700C,0.1368,benign,FREM1,700.0
A4FU01,L700D,0.1658,benign,FREM1,700.0
A4FU01,L700E,0.0862,benign,FREM1,700.0
A4FU01,L700F,0.073,benign,FREM1,700.0
A4FU01,L700G,0.1127,benign,FREM1,700.0
A4FU01,L700H,0.0917,benign,FREM1,700.0
A4FU01,L700I,0.0738,benign,FREM1,700.0
A4FU01,L700K,0.0854,benign,FREM1,700.0
A4FU01,L700M,0.0928,benign,FREM1,700.0
A4FU01,L700N,0.1395,benign,FREM1,700.0
A4FU01,L700P,0.0598,benign,FREM1,700.0
A4FU01,L700Q,0.059,benign,FREM1,700.0
A4FU01,L700R,0.0629,benign,FREM1,700.0
A4FU01,L700S,0.0766,benign,FREM1,700.0
A4FU01,L700T,0.0788,benign,FREM1,700.0
A4FU01,L700V,0.0638,benign,FREM1,700.0
A4FU01,L700W,0.0759,benign,FREM1,700.0
A4FU01,L700Y,0.1384,benign,FREM1,700.0
A4FU01,K701A,0.1043,benign,FREM1,701.0
A4FU01,K701C,0.3131,benign,FREM1,701.0
A4FU01,K701D,0.1638,benign,FREM1,701.0
A4FU01,K701E,0.0752,benign,FREM1,701.0
A4FU01,K701F,0.3344,benign,FREM1,701.0
A4FU01,K701G,0.1138,benign,FREM1,701.0
A4FU01,K701H,0.1427,benign,FREM1,701.0
A4FU01,K701I,0.1816,benign,FREM1,701.0
A4FU01,K701L,0.1457,benign,FREM1,701.0
A4FU01,K701M,0.1413,benign,FREM1,701.0
A4FU01,K701N,0.1511,benign,FREM1,701.0
A4FU01,K701P,0.1268,benign,FREM1,701.0
A4FU01,K701Q,0.0808,benign,FREM1,701.0
A4FU01,K701R,0.0646,benign,FREM1,701.0
A4FU01,K701S,0.1355,benign,FREM1,701.0
A4FU01,K701T,0.0868,benign,FREM1,701.0
A4FU01,K701V,0.1618,benign,FREM1,701.0
A4FU01,K701W,0.34,ambiguous,FREM1,701.0
A4FU01,K701Y,0.2589,benign,FREM1,701.0
A4FU01,G702A,0.0874,benign,FREM1,702.0
A4FU01,G702C,0.1152,benign,FREM1,702.0
A4FU01,G702D,0.0721,benign,FREM1,702.0
A4FU01,G702E,0.0716,benign,FREM1,702.0
A4FU01,G702F,0.2275,benign,FREM1,702.0
A4FU01,G702H,0.1499,benign,FREM1,702.0
A4FU01,G702I,0.1325,benign,FREM1,702.0
A4FU01,G702K,0.1421,benign,FREM1,702.0
A4FU01,G702L,0.168,benign,FREM1,702.0
A4FU01,G702M,0.2322,benign,FREM1,702.0
A4FU01,G702N,0.1266,benign,FREM1,702.0
A4FU01,G702P,0.2203,benign,FREM1,702.0
A4FU01,G702Q,0.1292,benign,FREM1,702.0
A4FU01,G702R,0.121,benign,FREM1,702.0
A4FU01,G702S,0.0918,benign,FREM1,702.0
A4FU01,G702T,0.1039,benign,FREM1,702.0
A4FU01,G702V,0.0887,benign,FREM1,702.0
A4FU01,G702W,0.1459,benign,FREM1,702.0
A4FU01,G702Y,0.138,benign,FREM1,702.0
A4FU01,R703A,0.096,benign,FREM1,703.0
A4FU01,R703C,0.1276,benign,FREM1,703.0
A4FU01,R703D,0.1346,benign,FREM1,703.0
A4FU01,R703E,0.0959,benign,FREM1,703.0
A4FU01,R703F,0.1888,benign,FREM1,703.0
A4FU01,R703G,0.0694,benign,FREM1,703.0
A4FU01,R703H,0.0915,benign,FREM1,703.0
A4FU01,R703I,0.1076,benign,FREM1,703.0
A4FU01,R703K,0.0759,benign,FREM1,703.0
A4FU01,R703L,0.0977,benign,FREM1,703.0
A4FU01,R703M,0.128,benign,FREM1,703.0
A4FU01,R703N,0.1689,benign,FREM1,703.0
A4FU01,R703P,0.1072,benign,FREM1,703.0
A4FU01,R703Q,0.0768,benign,FREM1,703.0
A4FU01,R703S,0.1246,benign,FREM1,703.0
A4FU01,R703T,0.086,benign,FREM1,703.0
A4FU01,R703V,0.1205,benign,FREM1,703.0
A4FU01,R703W,0.1105,benign,FREM1,703.0
A4FU01,R703Y,0.1679,benign,FREM1,703.0
A4FU01,A704C,0.2127,benign,FREM1,704.0
A4FU01,A704D,0.0853,benign,FREM1,704.0
A4FU01,A704E,0.0754,benign,FREM1,704.0
A4FU01,A704F,0.1509,benign,FREM1,704.0
A4FU01,A704G,0.0708,benign,FREM1,704.0
A4FU01,A704H,0.1646,benign,FREM1,704.0
A4FU01,A704I,0.136,benign,FREM1,704.0
A4FU01,A704K,0.1197,benign,FREM1,704.0
A4FU01,A704L,0.098,benign,FREM1,704.0
A4FU01,A704M,0.14,benign,FREM1,704.0
A4FU01,A704N,0.1287,benign,FREM1,704.0
A4FU01,A704P,0.0749,benign,FREM1,704.0
A4FU01,A704Q,0.1132,benign,FREM1,704.0
A4FU01,A704R,0.0989,benign,FREM1,704.0
A4FU01,A704S,0.0788,benign,FREM1,704.0
A4FU01,A704T,0.0741,benign,FREM1,704.0
A4FU01,A704V,0.0835,benign,FREM1,704.0
A4FU01,A704W,0.2265,benign,FREM1,704.0
A4FU01,A704Y,0.1813,benign,FREM1,704.0
A4FU01,E705A,0.0662,benign,FREM1,705.0
A4FU01,E705C,0.2933,benign,FREM1,705.0
A4FU01,E705D,0.0849,benign,FREM1,705.0
A4FU01,E705F,0.2555,benign,FREM1,705.0
A4FU01,E705G,0.0601,benign,FREM1,705.0
A4FU01,E705H,0.1431,benign,FREM1,705.0
A4FU01,E705I,0.1663,benign,FREM1,705.0
A4FU01,E705K,0.0756,benign,FREM1,705.0
A4FU01,E705L,0.1404,benign,FREM1,705.0
A4FU01,E705M,0.2103,benign,FREM1,705.0
A4FU01,E705N,0.1372,benign,FREM1,705.0
A4FU01,E705P,0.1366,benign,FREM1,705.0
A4FU01,E705Q,0.0788,benign,FREM1,705.0
A4FU01,E705R,0.0829,benign,FREM1,705.0
A4FU01,E705S,0.0919,benign,FREM1,705.0
A4FU01,E705T,0.1003,benign,FREM1,705.0
A4FU01,E705V,0.1043,benign,FREM1,705.0
A4FU01,E705W,0.3016,benign,FREM1,705.0
A4FU01,E705Y,0.2066,benign,FREM1,705.0
A4FU01,G706A,0.0717,benign,FREM1,706.0
A4FU01,G706C,0.1121,benign,FREM1,706.0
A4FU01,G706D,0.068,benign,FREM1,706.0
A4FU01,G706E,0.0691,benign,FREM1,706.0
A4FU01,G706F,0.1899,benign,FREM1,706.0
A4FU01,G706H,0.1387,benign,FREM1,706.0
A4FU01,G706I,0.1142,benign,FREM1,706.0
A4FU01,G706K,0.1117,benign,FREM1,706.0
A4FU01,G706L,0.1387,benign,FREM1,706.0
A4FU01,G706M,0.164,benign,FREM1,706.0
A4FU01,G706N,0.1089,benign,FREM1,706.0
A4FU01,G706P,0.1894,benign,FREM1,706.0
A4FU01,G706Q,0.1228,benign,FREM1,706.0
A4FU01,G706R,0.0997,benign,FREM1,706.0
A4FU01,G706S,0.0823,benign,FREM1,706.0
A4FU01,G706T,0.0778,benign,FREM1,706.0
A4FU01,G706V,0.0831,benign,FREM1,706.0
A4FU01,G706W,0.1157,benign,FREM1,706.0
A4FU01,G706Y,0.1302,benign,FREM1,706.0
A4FU01,D707A,0.0717,benign,FREM1,707.0
A4FU01,D707C,0.1383,benign,FREM1,707.0
A4FU01,D707E,0.0924,benign,FREM1,707.0
A4FU01,D707F,0.1333,benign,FREM1,707.0
A4FU01,D707G,0.0747,benign,FREM1,707.0
A4FU01,D707H,0.0836,benign,FREM1,707.0
A4FU01,D707I,0.0925,benign,FREM1,707.0
A4FU01,D707K,0.1217,benign,FREM1,707.0
A4FU01,D707L,0.1016,benign,FREM1,707.0
A4FU01,D707M,0.2135,benign,FREM1,707.0
A4FU01,D707N,0.079,benign,FREM1,707.0
A4FU01,D707P,0.1355,benign,FREM1,707.0
A4FU01,D707Q,0.1117,benign,FREM1,707.0
A4FU01,D707R,0.1013,benign,FREM1,707.0
A4FU01,D707S,0.0734,benign,FREM1,707.0
A4FU01,D707T,0.0949,benign,FREM1,707.0
A4FU01,D707V,0.0778,benign,FREM1,707.0
A4FU01,D707W,0.2588,benign,FREM1,707.0
A4FU01,D707Y,0.0712,benign,FREM1,707.0
A4FU01,L708A,0.0522,benign,FREM1,708.0
A4FU01,L708C,0.1121,benign,FREM1,708.0
A4FU01,L708D,0.103,benign,FREM1,708.0
A4FU01,L708E,0.0766,benign,FREM1,708.0
A4FU01,L708F,0.0663,benign,FREM1,708.0
A4FU01,L708G,0.0833,benign,FREM1,708.0
A4FU01,L708H,0.0802,benign,FREM1,708.0
A4FU01,L708I,0.071,benign,FREM1,708.0
A4FU01,L708K,0.0768,benign,FREM1,708.0
A4FU01,L708M,0.0877,benign,FREM1,708.0
A4FU01,L708N,0.1045,benign,FREM1,708.0
A4FU01,L708P,0.0596,benign,FREM1,708.0
A4FU01,L708Q,0.0635,benign,FREM1,708.0
A4FU01,L708R,0.0551,benign,FREM1,708.0
A4FU01,L708S,0.062,benign,FREM1,708.0
A4FU01,L708T,0.0571,benign,FREM1,708.0
A4FU01,L708V,0.061,benign,FREM1,708.0
A4FU01,L708W,0.0731,benign,FREM1,708.0
A4FU01,L708Y,0.1191,benign,FREM1,708.0
A4FU01,G709A,0.0732,benign,FREM1,709.0
A4FU01,G709C,0.0877,benign,FREM1,709.0
A4FU01,G709D,0.0827,benign,FREM1,709.0
A4FU01,G709E,0.0794,benign,FREM1,709.0
A4FU01,G709F,0.1605,benign,FREM1,709.0
A4FU01,G709H,0.1399,benign,FREM1,709.0
A4FU01,G709I,0.1197,benign,FREM1,709.0
A4FU01,G709K,0.1432,benign,FREM1,709.0
A4FU01,G709L,0.1142,benign,FREM1,709.0
A4FU01,G709M,0.1867,benign,FREM1,709.0
A4FU01,G709N,0.1367,benign,FREM1,709.0
A4FU01,G709P,0.1444,benign,FREM1,709.0
A4FU01,G709Q,0.1221,benign,FREM1,709.0
A4FU01,G709R,0.106,benign,FREM1,709.0
A4FU01,G709S,0.0847,benign,FREM1,709.0
A4FU01,G709T,0.0951,benign,FREM1,709.0
A4FU01,G709V,0.0865,benign,FREM1,709.0
A4FU01,G709W,0.0995,benign,FREM1,709.0
A4FU01,G709Y,0.1313,benign,FREM1,709.0
