uniprot,protein_variant,am_pathogenicity,am_class,gene,resnum
Q02962,M1A,0.6627,pathogenic,PAX2,1.0
Q02962,M1C,0.4898,ambiguous,PAX2,1.0
Q02962,M1D,0.9723,pathogenic,PAX2,1.0
Q02962,M1E,0.8889,pathogenic,PAX2,1.0
Q02962,M1F,0.3697,ambiguous,PAX2,1.0
Q02962,M1G,0.7521,pathogenic,PAX2,1.0
Q02962,M1H,0.8852,pathogenic,PAX2,1.0
Q02962,M1I,0.7646,pathogenic,PAX2,1.0
Q02962,M1K,0.8274,pathogenic,PAX2,1.0
Q02962,M1L,0.2876,benign,PAX2,1.0
Q02962,M1N,0.876,pathogenic,PAX2,1.0
Q02962,M1P,0.9274,pathogenic,PAX2,1.0
Q02962,M1Q,0.6541,pathogenic,PAX2,1.0
Q02962,M1R,0.7578,pathogenic,PAX2,1.0
Q02962,M1S,0.7551,pathogenic,PAX2,1.0
Q02962,M1T,0.7532,pathogenic,PAX2,1.0
Q02962,M1V,0.1668,benign,PAX2,1.0
Q02962,M1W,0.8189,pathogenic,PAX2,1.0
Q02962,M1Y,0.8155,pathogenic,PAX2,1.0
Q02962,D2A,0.7468,pathogenic,PAX2,2.0
Q02962,D2C,0.9608,pathogenic,PAX2,2.0
Q02962,D2E,0.2435,benign,PAX2,2.0
Q02962,D2F,0.9474,pathogenic,PAX2,2.0
Q02962,D2G,0.6652,pathogenic,PAX2,2.0
Q02962,D2H,0.8482,pathogenic,PAX2,2.0
Q02962,D2I,0.9531,pathogenic,PAX2,2.0
Q02962,D2K,0.9186,pathogenic,PAX2,2.0
Q02962,D2L,0.9346,pathogenic,PAX2,2.0
Q02962,D2M,0.978,pathogenic,PAX2,2.0
Q02962,D2N,0.5962,pathogenic,PAX2,2.0
Q02962,D2P,0.9076,pathogenic,PAX2,2.0
Q02962,D2Q,0.8049,pathogenic,PAX2,2.0
Q02962,D2R,0.8857,pathogenic,PAX2,2.0
Q02962,D2S,0.6899,pathogenic,PAX2,2.0
Q02962,D2T,0.8283,pathogenic,PAX2,2.0
Q02962,D2V,0.8799,pathogenic,PAX2,2.0
Q02962,D2W,0.9866,pathogenic,PAX2,2.0
Q02962,D2Y,0.8279,pathogenic,PAX2,2.0
Q02962,M3A,0.4265,ambiguous,PAX2,3.0
Q02962,M3C,0.6634,pathogenic,PAX2,3.0
Q02962,M3D,0.8564,pathogenic,PAX2,3.0
Q02962,M3E,0.7371,pathogenic,PAX2,3.0
Q02962,M3F,0.1851,benign,PAX2,3.0
Q02962,M3G,0.6398,pathogenic,PAX2,3.0
Q02962,M3H,0.6328,pathogenic,PAX2,3.0
Q02962,M3I,0.104,benign,PAX2,3.0
Q02962,M3K,0.5707,pathogenic,PAX2,3.0
Q02962,M3L,0.1073,benign,PAX2,3.0
Q02962,M3N,0.5617,ambiguous,PAX2,3.0
Q02962,M3P,0.6704,pathogenic,PAX2,3.0
Q02962,M3Q,0.4584,ambiguous,PAX2,3.0
Q02962,M3R,0.5715,pathogenic,PAX2,3.0
Q02962,M3S,0.4965,ambiguous,PAX2,3.0
Q02962,M3T,0.3778,ambiguous,PAX2,3.0
Q02962,M3V,0.0769,benign,PAX2,3.0
Q02962,M3W,0.6967,pathogenic,PAX2,3.0
Q02962,M3Y,0.5667,pathogenic,PAX2,3.0
Q02962,H4A,0.4104,ambiguous,PAX2,4.0
Q02962,H4C,0.4578,ambiguous,PAX2,4.0
Q02962,H4D,0.4926,ambiguous,PAX2,4.0
Q02962,H4E,0.5504,ambiguous,PAX2,4.0
Q02962,H4F,0.5184,ambiguous,PAX2,4.0
Q02962,H4G,0.4184,ambiguous,PAX2,4.0
Q02962,H4I,0.6353,pathogenic,PAX2,4.0
Q02962,H4K,0.6492,pathogenic,PAX2,4.0
Q02962,H4L,0.3143,benign,PAX2,4.0
Q02962,H4M,0.7287,pathogenic,PAX2,4.0
Q02962,H4N,0.229,benign,PAX2,4.0
Q02962,H4P,0.175,benign,PAX2,4.0
Q02962,H4Q,0.4154,ambiguous,PAX2,4.0
Q02962,H4R,0.4101,ambiguous,PAX2,4.0
Q02962,H4S,0.3769,ambiguous,PAX2,4.0
Q02962,H4T,0.4975,ambiguous,PAX2,4.0
Q02962,H4V,0.5191,ambiguous,PAX2,4.0
Q02962,H4W,0.7978,pathogenic,PAX2,4.0
Q02962,H4Y,0.3569,ambiguous,PAX2,4.0
Q02962,C5A,0.6148,pathogenic,PAX2,5.0
Q02962,C5D,0.8645,pathogenic,PAX2,5.0
Q02962,C5E,0.8949,pathogenic,PAX2,5.0
Q02962,C5F,0.448,ambiguous,PAX2,5.0
Q02962,C5G,0.2887,benign,PAX2,5.0
Q02962,C5H,0.8456,pathogenic,PAX2,5.0
Q02962,C5I,0.8327,pathogenic,PAX2,5.0
Q02962,C5K,0.9501,pathogenic,PAX2,5.0
Q02962,C5L,0.7118,pathogenic,PAX2,5.0
Q02962,C5M,0.864,pathogenic,PAX2,5.0
Q02962,C5N,0.7854,pathogenic,PAX2,5.0
Q02962,C5P,0.8537,pathogenic,PAX2,5.0
Q02962,C5Q,0.8245,pathogenic,PAX2,5.0
Q02962,C5R,0.7746,pathogenic,PAX2,5.0
Q02962,C5S,0.5733,pathogenic,PAX2,5.0
Q02962,C5T,0.7301,pathogenic,PAX2,5.0
Q02962,C5V,0.665,pathogenic,PAX2,5.0
Q02962,C5W,0.8642,pathogenic,PAX2,5.0
Q02962,C5Y,0.7113,pathogenic,PAX2,5.0
Q02962,K6A,0.6989,pathogenic,PAX2,6.0
Q02962,K6C,0.9134,pathogenic,PAX2,6.0
Q02962,K6D,0.8575,pathogenic,PAX2,6.0
Q02962,K6E,0.7072,pathogenic,PAX2,6.0
Q02962,K6F,0.9585,pathogenic,PAX2,6.0
Q02962,K6G,0.6984,pathogenic,PAX2,6.0
Q02962,K6H,0.5812,pathogenic,PAX2,6.0
Q02962,K6I,0.8935,pathogenic,PAX2,6.0
Q02962,K6L,0.8299,pathogenic,PAX2,6.0
Q02962,K6M,0.8727,pathogenic,PAX2,6.0
Q02962,K6N,0.8787,pathogenic,PAX2,6.0
Q02962,K6P,0.7402,pathogenic,PAX2,6.0
Q02962,K6Q,0.4033,ambiguous,PAX2,6.0
Q02962,K6R,0.1138,benign,PAX2,6.0
Q02962,K6S,0.8107,pathogenic,PAX2,6.0
Q02962,K6T,0.6823,pathogenic,PAX2,6.0
Q02962,K6V,0.8134,pathogenic,PAX2,6.0
Q02962,K6W,0.9718,pathogenic,PAX2,6.0
Q02962,K6Y,0.938,pathogenic,PAX2,6.0
Q02962,A7C,0.3921,ambiguous,PAX2,7.0
Q02962,A7D,0.4209,ambiguous,PAX2,7.0
Q02962,A7E,0.4228,ambiguous,PAX2,7.0
Q02962,A7F,0.4079,ambiguous,PAX2,7.0
Q02962,A7G,0.0962,benign,PAX2,7.0
Q02962,A7H,0.3737,ambiguous,PAX2,7.0
Q02962,A7I,0.4022,ambiguous,PAX2,7.0
Q02962,A7K,0.6534,pathogenic,PAX2,7.0
Q02962,A7L,0.2806,benign,PAX2,7.0
Q02962,A7M,0.3746,ambiguous,PAX2,7.0
Q02962,A7N,0.2171,benign,PAX2,7.0
Q02962,A7P,0.1905,benign,PAX2,7.0
Q02962,A7Q,0.3328,benign,PAX2,7.0
Q02962,A7R,0.5707,pathogenic,PAX2,7.0
Q02962,A7S,0.0921,benign,PAX2,7.0
Q02962,A7T,0.1079,benign,PAX2,7.0
Q02962,A7V,0.1792,benign,PAX2,7.0
Q02962,A7W,0.7959,pathogenic,PAX2,7.0
Q02962,A7Y,0.5266,ambiguous,PAX2,7.0
Q02962,D8A,0.71,pathogenic,PAX2,8.0
Q02962,D8C,0.9406,pathogenic,PAX2,8.0
Q02962,D8E,0.5295,ambiguous,PAX2,8.0
Q02962,D8F,0.9284,pathogenic,PAX2,8.0
Q02962,D8G,0.7813,pathogenic,PAX2,8.0
Q02962,D8H,0.8805,pathogenic,PAX2,8.0
Q02962,D8I,0.9365,pathogenic,PAX2,8.0
Q02962,D8K,0.955,pathogenic,PAX2,8.0
Q02962,D8L,0.8844,pathogenic,PAX2,8.0
Q02962,D8M,0.9717,pathogenic,PAX2,8.0
Q02962,D8N,0.6955,pathogenic,PAX2,8.0
Q02962,D8P,0.8831,pathogenic,PAX2,8.0
Q02962,D8Q,0.8806,pathogenic,PAX2,8.0
Q02962,D8R,0.9223,pathogenic,PAX2,8.0
Q02962,D8S,0.6742,pathogenic,PAX2,8.0
Q02962,D8T,0.8644,pathogenic,PAX2,8.0
Q02962,D8V,0.8156,pathogenic,PAX2,8.0
Q02962,D8W,0.9859,pathogenic,PAX2,8.0
Q02962,D8Y,0.8202,pathogenic,PAX2,8.0
Q02962,P9A,0.1952,benign,PAX2,9.0
Q02962,P9C,0.7232,pathogenic,PAX2,9.0
Q02962,P9D,0.6992,pathogenic,PAX2,9.0
Q02962,P9E,0.6609,pathogenic,PAX2,9.0
Q02962,P9F,0.8134,pathogenic,PAX2,9.0
Q02962,P9G,0.4081,ambiguous,PAX2,9.0
Q02962,P9H,0.4689,ambiguous,PAX2,9.0
Q02962,P9I,0.6732,pathogenic,PAX2,9.0
Q02962,P9K,0.806,pathogenic,PAX2,9.0
Q02962,P9L,0.5845,pathogenic,PAX2,9.0
Q02962,P9M,0.7825,pathogenic,PAX2,9.0
Q02962,P9N,0.5873,pathogenic,PAX2,9.0
Q02962,P9Q,0.5064,ambiguous,PAX2,9.0
Q02962,P9R,0.5644,pathogenic,PAX2,9.0
Q02962,P9S,0.3065,benign,PAX2,9.0
Q02962,P9T,0.3002,benign,PAX2,9.0
Q02962,P9V,0.4604,ambiguous,PAX2,9.0
Q02962,P9W,0.93,pathogenic,PAX2,9.0
Q02962,P9Y,0.7717,pathogenic,PAX2,9.0
Q02962,F10A,0.7368,pathogenic,PAX2,10.0
Q02962,F10C,0.6625,pathogenic,PAX2,10.0
Q02962,F10D,0.9056,pathogenic,PAX2,10.0
Q02962,F10E,0.9086,pathogenic,PAX2,10.0
Q02962,F10G,0.8092,pathogenic,PAX2,10.0
Q02962,F10H,0.8262,pathogenic,PAX2,10.0
Q02962,F10I,0.6547,pathogenic,PAX2,10.0
Q02962,F10K,0.9505,pathogenic,PAX2,10.0
Q02962,F10L,0.9273,pathogenic,PAX2,10.0
Q02962,F10M,0.8225,pathogenic,PAX2,10.0
Q02962,F10N,0.8677,pathogenic,PAX2,10.0
Q02962,F10P,0.9505,pathogenic,PAX2,10.0
Q02962,F10Q,0.8855,pathogenic,PAX2,10.0
Q02962,F10R,0.8745,pathogenic,PAX2,10.0
Q02962,F10S,0.7315,pathogenic,PAX2,10.0
Q02962,F10T,0.8415,pathogenic,PAX2,10.0
Q02962,F10V,0.5151,ambiguous,PAX2,10.0
Q02962,F10W,0.7042,pathogenic,PAX2,10.0
Q02962,F10Y,0.3877,ambiguous,PAX2,10.0
Q02962,S11A,0.066,benign,PAX2,11.0
Q02962,S11C,0.1224,benign,PAX2,11.0
Q02962,S11D,0.702,pathogenic,PAX2,11.0
Q02962,S11E,0.697,pathogenic,PAX2,11.0
Q02962,S11F,0.3352,benign,PAX2,11.0
Q02962,S11G,0.1127,benign,PAX2,11.0
Q02962,S11H,0.5025,ambiguous,PAX2,11.0
Q02962,S11I,0.337,benign,PAX2,11.0
Q02962,S11K,0.8651,pathogenic,PAX2,11.0
Q02962,S11L,0.1707,benign,PAX2,11.0
Q02962,S11M,0.2996,benign,PAX2,11.0
Q02962,S11N,0.2983,benign,PAX2,11.0
Q02962,S11P,0.2525,benign,PAX2,11.0
Q02962,S11Q,0.5662,pathogenic,PAX2,11.0
Q02962,S11R,0.8185,pathogenic,PAX2,11.0
Q02962,S11T,0.0719,benign,PAX2,11.0
Q02962,S11V,0.2171,benign,PAX2,11.0
Q02962,S11W,0.5442,ambiguous,PAX2,11.0
Q02962,S11Y,0.3854,ambiguous,PAX2,11.0
Q02962,A12C,0.413,ambiguous,PAX2,12.0
Q02962,A12D,0.6671,pathogenic,PAX2,12.0
Q02962,A12E,0.6457,pathogenic,PAX2,12.0
Q02962,A12F,0.5952,pathogenic,PAX2,12.0
Q02962,A12G,0.1923,benign,PAX2,12.0
Q02962,A12H,0.5842,pathogenic,PAX2,12.0
Q02962,A12I,0.6614,pathogenic,PAX2,12.0
Q02962,A12K,0.8185,pathogenic,PAX2,12.0
Q02962,A12L,0.4441,ambiguous,PAX2,12.0
Q02962,A12M,0.6263,pathogenic,PAX2,12.0
Q02962,A12N,0.4505,ambiguous,PAX2,12.0
Q02962,A12P,0.3299,benign,PAX2,12.0
Q02962,A12Q,0.4907,ambiguous,PAX2,12.0
Q02962,A12R,0.6591,pathogenic,PAX2,12.0
Q02962,A12S,0.1108,benign,PAX2,12.0
Q02962,A12T,0.2367,benign,PAX2,12.0
Q02962,A12V,0.3548,ambiguous,PAX2,12.0
Q02962,A12W,0.9021,pathogenic,PAX2,12.0
Q02962,A12Y,0.693,pathogenic,PAX2,12.0
Q02962,M13A,0.2715,benign,PAX2,13.0
Q02962,M13C,0.5311,ambiguous,PAX2,13.0
Q02962,M13D,0.7537,pathogenic,PAX2,13.0
Q02962,M13E,0.6275,pathogenic,PAX2,13.0
Q02962,M13F,0.302,benign,PAX2,13.0
Q02962,M13G,0.3136,benign,PAX2,13.0
Q02962,M13H,0.5566,ambiguous,PAX2,13.0
Q02962,M13I,0.5247,ambiguous,PAX2,13.0
Q02962,M13K,0.4703,ambiguous,PAX2,13.0
Q02962,M13L,0.1257,benign,PAX2,13.0
Q02962,M13N,0.5291,ambiguous,PAX2,13.0
Q02962,M13P,0.3935,ambiguous,PAX2,13.0
Q02962,M13Q,0.2835,benign,PAX2,13.0
Q02962,M13R,0.3806,ambiguous,PAX2,13.0
Q02962,M13S,0.2921,benign,PAX2,13.0
Q02962,M13T,0.3717,ambiguous,PAX2,13.0
Q02962,M13V,0.1062,benign,PAX2,13.0
Q02962,M13W,0.6987,pathogenic,PAX2,13.0
Q02962,M13Y,0.596,pathogenic,PAX2,13.0
Q02962,H14A,0.2744,benign,PAX2,14.0
Q02962,H14C,0.3559,ambiguous,PAX2,14.0
Q02962,H14D,0.5199,ambiguous,PAX2,14.0
Q02962,H14E,0.4518,ambiguous,PAX2,14.0
Q02962,H14F,0.3367,benign,PAX2,14.0
Q02962,H14G,0.292,benign,PAX2,14.0
Q02962,H14I,0.4955,ambiguous,PAX2,14.0
Q02962,H14K,0.4908,ambiguous,PAX2,14.0
Q02962,H14L,0.2415,benign,PAX2,14.0
Q02962,H14M,0.5121,ambiguous,PAX2,14.0
Q02962,H14N,0.2458,benign,PAX2,14.0
Q02962,H14P,0.1364,benign,PAX2,14.0
Q02962,H14Q,0.3349,benign,PAX2,14.0
Q02962,H14R,0.3448,ambiguous,PAX2,14.0
Q02962,H14S,0.2684,benign,PAX2,14.0
Q02962,H14T,0.4017,ambiguous,PAX2,14.0
Q02962,H14V,0.3755,ambiguous,PAX2,14.0
Q02962,H14W,0.6796,pathogenic,PAX2,14.0
Q02962,H14Y,0.2568,benign,PAX2,14.0
Q02962,P15A,0.0649,benign,PAX2,15.0
Q02962,P15C,0.3484,ambiguous,PAX2,15.0
Q02962,P15D,0.3332,benign,PAX2,15.0
Q02962,P15E,0.1753,benign,PAX2,15.0
Q02962,P15F,0.4411,ambiguous,PAX2,15.0
Q02962,P15G,0.1315,benign,PAX2,15.0
Q02962,P15H,0.1941,benign,PAX2,15.0
Q02962,P15I,0.3557,ambiguous,PAX2,15.0
Q02962,P15K,0.1627,benign,PAX2,15.0
Q02962,P15L,0.1927,benign,PAX2,15.0
Q02962,P15M,0.4246,ambiguous,PAX2,15.0
Q02962,P15N,0.2986,benign,PAX2,15.0
Q02962,P15Q,0.111,benign,PAX2,15.0
Q02962,P15R,0.0487,benign,PAX2,15.0
Q02962,P15S,0.1437,benign,PAX2,15.0
Q02962,P15T,0.1438,benign,PAX2,15.0
Q02962,P15V,0.1416,benign,PAX2,15.0
Q02962,P15W,0.5693,pathogenic,PAX2,15.0
Q02962,P15Y,0.398,ambiguous,PAX2,15.0
Q02962,G16A,0.408,ambiguous,PAX2,16.0
Q02962,G16C,0.5326,ambiguous,PAX2,16.0
Q02962,G16D,0.7682,pathogenic,PAX2,16.0
Q02962,G16E,0.6698,pathogenic,PAX2,16.0
Q02962,G16F,0.7871,pathogenic,PAX2,16.0
Q02962,G16H,0.8763,pathogenic,PAX2,16.0
Q02962,G16I,0.9109,pathogenic,PAX2,16.0
Q02962,G16K,0.9029,pathogenic,PAX2,16.0
Q02962,G16L,0.7828,pathogenic,PAX2,16.0
Q02962,G16M,0.9131,pathogenic,PAX2,16.0
Q02962,G16N,0.8503,pathogenic,PAX2,16.0
Q02962,G16P,0.832,pathogenic,PAX2,16.0
Q02962,G16Q,0.7891,pathogenic,PAX2,16.0
Q02962,G16R,0.6556,pathogenic,PAX2,16.0
Q02962,G16S,0.4611,ambiguous,PAX2,16.0
Q02962,G16T,0.7027,pathogenic,PAX2,16.0
Q02962,G16V,0.6934,pathogenic,PAX2,16.0
Q02962,G16W,0.7433,pathogenic,PAX2,16.0
Q02962,G16Y,0.7453,pathogenic,PAX2,16.0
Q02962,H17A,0.8228,pathogenic,PAX2,17.0
Q02962,H17C,0.7497,pathogenic,PAX2,17.0
Q02962,H17D,0.9298,pathogenic,PAX2,17.0
Q02962,H17E,0.9066,pathogenic,PAX2,17.0
Q02962,H17F,0.7204,pathogenic,PAX2,17.0
Q02962,H17G,0.7732,pathogenic,PAX2,17.0
Q02962,H17I,0.9555,pathogenic,PAX2,17.0
Q02962,H17K,0.8473,pathogenic,PAX2,17.0
Q02962,H17L,0.792,pathogenic,PAX2,17.0
Q02962,H17M,0.903,pathogenic,PAX2,17.0
Q02962,H17N,0.7809,pathogenic,PAX2,17.0
Q02962,H17P,0.7372,pathogenic,PAX2,17.0
Q02962,H17Q,0.8081,pathogenic,PAX2,17.0
Q02962,H17R,0.764,pathogenic,PAX2,17.0
Q02962,H17S,0.7875,pathogenic,PAX2,17.0
Q02962,H17T,0.8993,pathogenic,PAX2,17.0
Q02962,H17V,0.9203,pathogenic,PAX2,17.0
Q02962,H17W,0.8111,pathogenic,PAX2,17.0
Q02962,H17Y,0.7551,pathogenic,PAX2,17.0
Q02962,G18A,0.8231,pathogenic,PAX2,18.0
Q02962,G18C,0.9494,pathogenic,PAX2,18.0
Q02962,G18D,0.9897,pathogenic,PAX2,18.0
Q02962,G18E,0.9913,pathogenic,PAX2,18.0
Q02962,G18F,0.9852,pathogenic,PAX2,18.0
Q02962,G18H,0.9912,pathogenic,PAX2,18.0
Q02962,G18I,0.9838,pathogenic,PAX2,18.0
Q02962,G18K,0.9953,pathogenic,PAX2,18.0
Q02962,G18L,0.9845,pathogenic,PAX2,18.0
Q02962,G18M,0.9914,pathogenic,PAX2,18.0
Q02962,G18N,0.9818,pathogenic,PAX2,18.0
Q02962,G18P,0.9927,pathogenic,PAX2,18.0
Q02962,G18Q,0.9855,pathogenic,PAX2,18.0
Q02962,G18R,0.9847,pathogenic,PAX2,18.0
Q02962,G18S,0.7733,pathogenic,PAX2,18.0
Q02962,G18T,0.8328,pathogenic,PAX2,18.0
Q02962,G18V,0.9554,pathogenic,PAX2,18.0
Q02962,G18W,0.9871,pathogenic,PAX2,18.0
Q02962,G18Y,0.989,pathogenic,PAX2,18.0
Q02962,G19A,0.8476,pathogenic,PAX2,19.0
Q02962,G19C,0.9618,pathogenic,PAX2,19.0
Q02962,G19D,0.9909,pathogenic,PAX2,19.0
Q02962,G19E,0.99,pathogenic,PAX2,19.0
Q02962,G19F,0.9853,pathogenic,PAX2,19.0
Q02962,G19H,0.9928,pathogenic,PAX2,19.0
Q02962,G19I,0.9796,pathogenic,PAX2,19.0
Q02962,G19K,0.9946,pathogenic,PAX2,19.0
Q02962,G19L,0.9854,pathogenic,PAX2,19.0
Q02962,G19M,0.9887,pathogenic,PAX2,19.0
Q02962,G19N,0.9767,pathogenic,PAX2,19.0
Q02962,G19P,0.9962,pathogenic,PAX2,19.0
Q02962,G19Q,0.9864,pathogenic,PAX2,19.0
Q02962,G19R,0.9855,pathogenic,PAX2,19.0
Q02962,G19S,0.867,pathogenic,PAX2,19.0
Q02962,G19T,0.9257,pathogenic,PAX2,19.0
Q02962,G19V,0.9561,pathogenic,PAX2,19.0
Q02962,G19W,0.9902,pathogenic,PAX2,19.0
Q02962,G19Y,0.9887,pathogenic,PAX2,19.0
Q02962,V20A,0.9851,pathogenic,PAX2,20.0
Q02962,V20C,0.9813,pathogenic,PAX2,20.0
Q02962,V20D,0.9963,pathogenic,PAX2,20.0
Q02962,V20E,0.9849,pathogenic,PAX2,20.0
Q02962,V20F,0.8864,pathogenic,PAX2,20.0
Q02962,V20G,0.9369,pathogenic,PAX2,20.0
Q02962,V20H,0.9962,pathogenic,PAX2,20.0
Q02962,V20I,0.296,benign,PAX2,20.0
Q02962,V20K,0.9859,pathogenic,PAX2,20.0
Q02962,V20L,0.8732,pathogenic,PAX2,20.0
Q02962,V20M,0.9264,pathogenic,PAX2,20.0
Q02962,V20N,0.9861,pathogenic,PAX2,20.0
Q02962,V20P,0.9881,pathogenic,PAX2,20.0
Q02962,V20Q,0.9806,pathogenic,PAX2,20.0
Q02962,V20R,0.9594,pathogenic,PAX2,20.0
Q02962,V20S,0.9823,pathogenic,PAX2,20.0
Q02962,V20T,0.9667,pathogenic,PAX2,20.0
Q02962,V20W,0.9954,pathogenic,PAX2,20.0
Q02962,V20Y,0.9849,pathogenic,PAX2,20.0
Q02962,N21A,0.9979,pathogenic,PAX2,21.0
Q02962,N21C,0.9946,pathogenic,PAX2,21.0
Q02962,N21D,0.9994,pathogenic,PAX2,21.0
Q02962,N21E,0.9991,pathogenic,PAX2,21.0
Q02962,N21F,0.9993,pathogenic,PAX2,21.0
Q02962,N21G,0.9944,pathogenic,PAX2,21.0
Q02962,N21H,0.9977,pathogenic,PAX2,21.0
Q02962,N21I,0.9987,pathogenic,PAX2,21.0
Q02962,N21K,0.9998,pathogenic,PAX2,21.0
Q02962,N21L,0.9955,pathogenic,PAX2,21.0
Q02962,N21M,0.9986,pathogenic,PAX2,21.0
Q02962,N21P,0.9919,pathogenic,PAX2,21.0
Q02962,N21Q,0.9989,pathogenic,PAX2,21.0
Q02962,N21R,0.999,pathogenic,PAX2,21.0
Q02962,N21S,0.9713,pathogenic,PAX2,21.0
Q02962,N21T,0.9942,pathogenic,PAX2,21.0
Q02962,N21V,0.9979,pathogenic,PAX2,21.0
Q02962,N21W,0.9995,pathogenic,PAX2,21.0
Q02962,N21Y,0.9968,pathogenic,PAX2,21.0
Q02962,Q22A,0.9639,pathogenic,PAX2,22.0
Q02962,Q22C,0.9998,pathogenic,PAX2,22.0
Q02962,Q22D,0.9991,pathogenic,PAX2,22.0
Q02962,Q22E,0.9728,pathogenic,PAX2,22.0
Q02962,Q22F,0.9979,pathogenic,PAX2,22.0
Q02962,Q22G,0.9756,pathogenic,PAX2,22.0
Q02962,Q22H,0.9995,pathogenic,PAX2,22.0
Q02962,Q22I,0.9945,pathogenic,PAX2,22.0
Q02962,Q22K,0.9976,pathogenic,PAX2,22.0
Q02962,Q22L,0.9934,pathogenic,PAX2,22.0
Q02962,Q22M,0.9872,pathogenic,PAX2,22.0
Q02962,Q22N,0.9915,pathogenic,PAX2,22.0
Q02962,Q22P,0.9955,pathogenic,PAX2,22.0
Q02962,Q22R,0.9971,pathogenic,PAX2,22.0
Q02962,Q22S,0.943,pathogenic,PAX2,22.0
Q02962,Q22T,0.963,pathogenic,PAX2,22.0
Q02962,Q22V,0.9903,pathogenic,PAX2,22.0
Q02962,Q22W,0.9997,pathogenic,PAX2,22.0
Q02962,Q22Y,0.9994,pathogenic,PAX2,22.0
Q02962,L23A,0.9938,pathogenic,PAX2,23.0
Q02962,L23C,0.9997,pathogenic,PAX2,23.0
Q02962,L23D,0.9997,pathogenic,PAX2,23.0
Q02962,L23E,0.999,pathogenic,PAX2,23.0
Q02962,L23F,0.9981,pathogenic,PAX2,23.0
Q02962,L23G,0.9968,pathogenic,PAX2,23.0
Q02962,L23H,0.9997,pathogenic,PAX2,23.0
Q02962,L23I,0.9861,pathogenic,PAX2,23.0
Q02962,L23K,0.9978,pathogenic,PAX2,23.0
Q02962,L23M,0.9838,pathogenic,PAX2,23.0
Q02962,L23N,0.9992,pathogenic,PAX2,23.0
Q02962,L23P,0.9997,pathogenic,PAX2,23.0
Q02962,L23Q,0.9995,pathogenic,PAX2,23.0
Q02962,L23R,0.9958,pathogenic,PAX2,23.0
Q02962,L23S,0.9998,pathogenic,PAX2,23.0
Q02962,L23T,0.9976,pathogenic,PAX2,23.0
Q02962,L23V,0.9921,pathogenic,PAX2,23.0
Q02962,L23W,0.9991,pathogenic,PAX2,23.0
Q02962,L23Y,0.9991,pathogenic,PAX2,23.0
Q02962,G24A,0.9962,pathogenic,PAX2,24.0
Q02962,G24C,0.9996,pathogenic,PAX2,24.0
Q02962,G24D,0.9998,pathogenic,PAX2,24.0
Q02962,G24E,0.9999,pathogenic,PAX2,24.0
Q02962,G24F,0.9998,pathogenic,PAX2,24.0
Q02962,G24H,1.0,pathogenic,PAX2,24.0
Q02962,G24I,0.9999,pathogenic,PAX2,24.0
Q02962,G24K,1.0,pathogenic,PAX2,24.0
Q02962,G24L,0.9997,pathogenic,PAX2,24.0
Q02962,G24M,1.0,pathogenic,PAX2,24.0
Q02962,G24N,0.9999,pathogenic,PAX2,24.0
Q02962,G24P,0.9997,pathogenic,PAX2,24.0
Q02962,G24Q,0.9999,pathogenic,PAX2,24.0
Q02962,G24R,0.9998,pathogenic,PAX2,24.0
Q02962,G24S,0.9988,pathogenic,PAX2,24.0
Q02962,G24T,0.9995,pathogenic,PAX2,24.0
Q02962,G24V,0.9997,pathogenic,PAX2,24.0
Q02962,G24W,0.9998,pathogenic,PAX2,24.0
Q02962,G24Y,0.9998,pathogenic,PAX2,24.0
Q02962,G25A,0.9955,pathogenic,PAX2,25.0
Q02962,G25C,0.9994,pathogenic,PAX2,25.0
Q02962,G25D,0.9998,pathogenic,PAX2,25.0
Q02962,G25E,0.9999,pathogenic,PAX2,25.0
Q02962,G25F,0.9995,pathogenic,PAX2,25.0
Q02962,G25H,1.0,pathogenic,PAX2,25.0
Q02962,G25I,0.9997,pathogenic,PAX2,25.0
Q02962,G25K,0.9999,pathogenic,PAX2,25.0
Q02962,G25L,0.9997,pathogenic,PAX2,25.0
Q02962,G25M,0.9999,pathogenic,PAX2,25.0
Q02962,G25N,0.9998,pathogenic,PAX2,25.0
Q02962,G25P,0.9999,pathogenic,PAX2,25.0
Q02962,G25Q,0.9999,pathogenic,PAX2,25.0
Q02962,G25R,0.9999,pathogenic,PAX2,25.0
Q02962,G25S,0.998,pathogenic,PAX2,25.0
Q02962,G25T,0.999,pathogenic,PAX2,25.0
Q02962,G25V,0.9992,pathogenic,PAX2,25.0
Q02962,G25W,0.9997,pathogenic,PAX2,25.0
Q02962,G25Y,0.9998,pathogenic,PAX2,25.0
Q02962,V26A,0.9413,pathogenic,PAX2,26.0
Q02962,V26C,0.9577,pathogenic,PAX2,26.0
Q02962,V26D,0.9973,pathogenic,PAX2,26.0
Q02962,V26E,0.9906,pathogenic,PAX2,26.0
Q02962,V26F,0.882,pathogenic,PAX2,26.0
Q02962,V26G,0.943,pathogenic,PAX2,26.0
Q02962,V26H,0.9962,pathogenic,PAX2,26.0
Q02962,V26I,0.4611,ambiguous,PAX2,26.0
Q02962,V26K,0.9953,pathogenic,PAX2,26.0
Q02962,V26L,0.8622,pathogenic,PAX2,26.0
Q02962,V26M,0.6894,pathogenic,PAX2,26.0
Q02962,V26N,0.9786,pathogenic,PAX2,26.0
Q02962,V26P,0.9941,pathogenic,PAX2,26.0
Q02962,V26Q,0.9759,pathogenic,PAX2,26.0
Q02962,V26R,0.9844,pathogenic,PAX2,26.0
Q02962,V26S,0.9523,pathogenic,PAX2,26.0
Q02962,V26T,0.9604,pathogenic,PAX2,26.0
Q02962,V26W,0.9978,pathogenic,PAX2,26.0
Q02962,V26Y,0.9841,pathogenic,PAX2,26.0
Q02962,F27A,0.9997,pathogenic,PAX2,27.0
Q02962,F27C,0.9999,pathogenic,PAX2,27.0
Q02962,F27D,0.9999,pathogenic,PAX2,27.0
Q02962,F27E,0.9999,pathogenic,PAX2,27.0
Q02962,F27G,0.9997,pathogenic,PAX2,27.0
Q02962,F27H,0.9993,pathogenic,PAX2,27.0
Q02962,F27I,0.9998,pathogenic,PAX2,27.0
Q02962,F27K,0.9999,pathogenic,PAX2,27.0
Q02962,F27L,1.0,pathogenic,PAX2,27.0
Q02962,F27M,0.9996,pathogenic,PAX2,27.0
Q02962,F27N,0.9997,pathogenic,PAX2,27.0
Q02962,F27P,1.0,pathogenic,PAX2,27.0
Q02962,F27Q,0.9999,pathogenic,PAX2,27.0
Q02962,F27R,0.9995,pathogenic,PAX2,27.0
Q02962,F27S,0.9998,pathogenic,PAX2,27.0
Q02962,F27T,0.9999,pathogenic,PAX2,27.0
Q02962,F27V,0.9996,pathogenic,PAX2,27.0
Q02962,F27W,0.9874,pathogenic,PAX2,27.0
Q02962,F27Y,0.8284,pathogenic,PAX2,27.0
Q02962,V28A,0.9989,pathogenic,PAX2,28.0
Q02962,V28C,0.9963,pathogenic,PAX2,28.0
Q02962,V28D,0.9998,pathogenic,PAX2,28.0
Q02962,V28E,0.9988,pathogenic,PAX2,28.0
Q02962,V28F,0.9962,pathogenic,PAX2,28.0
Q02962,V28G,0.9959,pathogenic,PAX2,28.0
Q02962,V28H,0.9996,pathogenic,PAX2,28.0
Q02962,V28I,0.7986,pathogenic,PAX2,28.0
Q02962,V28K,0.9994,pathogenic,PAX2,28.0
Q02962,V28L,0.9961,pathogenic,PAX2,28.0
Q02962,V28M,0.9988,pathogenic,PAX2,28.0
Q02962,V28N,0.9992,pathogenic,PAX2,28.0
Q02962,V28P,0.9984,pathogenic,PAX2,28.0
Q02962,V28Q,0.9976,pathogenic,PAX2,28.0
Q02962,V28R,0.9925,pathogenic,PAX2,28.0
Q02962,V28S,0.9961,pathogenic,PAX2,28.0
Q02962,V28T,0.9947,pathogenic,PAX2,28.0
Q02962,V28W,0.9997,pathogenic,PAX2,28.0
Q02962,V28Y,0.999,pathogenic,PAX2,28.0
Q02962,N29A,0.9793,pathogenic,PAX2,29.0
Q02962,N29C,0.9768,pathogenic,PAX2,29.0
Q02962,N29D,0.9936,pathogenic,PAX2,29.0
Q02962,N29E,0.999,pathogenic,PAX2,29.0
Q02962,N29F,0.998,pathogenic,PAX2,29.0
Q02962,N29G,0.8237,pathogenic,PAX2,29.0
Q02962,N29H,0.985,pathogenic,PAX2,29.0
Q02962,N29I,0.9992,pathogenic,PAX2,29.0
Q02962,N29K,0.9995,pathogenic,PAX2,29.0
Q02962,N29L,0.9906,pathogenic,PAX2,29.0
Q02962,N29M,0.9965,pathogenic,PAX2,29.0
Q02962,N29P,0.9928,pathogenic,PAX2,29.0
Q02962,N29Q,0.9952,pathogenic,PAX2,29.0
Q02962,N29R,0.997,pathogenic,PAX2,29.0
Q02962,N29S,0.7308,pathogenic,PAX2,29.0
Q02962,N29T,0.9902,pathogenic,PAX2,29.0
Q02962,N29V,0.9979,pathogenic,PAX2,29.0
Q02962,N29W,0.9989,pathogenic,PAX2,29.0
Q02962,N29Y,0.9898,pathogenic,PAX2,29.0
Q02962,G30A,0.9995,pathogenic,PAX2,30.0
Q02962,G30C,0.9999,pathogenic,PAX2,30.0
Q02962,G30D,0.9999,pathogenic,PAX2,30.0
Q02962,G30E,1.0,pathogenic,PAX2,30.0
Q02962,G30F,0.9999,pathogenic,PAX2,30.0
Q02962,G30H,1.0,pathogenic,PAX2,30.0
Q02962,G30I,1.0,pathogenic,PAX2,30.0
Q02962,G30K,1.0,pathogenic,PAX2,30.0
Q02962,G30L,0.9999,pathogenic,PAX2,30.0
Q02962,G30M,1.0,pathogenic,PAX2,30.0
Q02962,G30N,0.9999,pathogenic,PAX2,30.0
Q02962,G30P,1.0,pathogenic,PAX2,30.0
Q02962,G30Q,1.0,pathogenic,PAX2,30.0
Q02962,G30R,0.9999,pathogenic,PAX2,30.0
Q02962,G30S,0.9993,pathogenic,PAX2,30.0
Q02962,G30T,0.9998,pathogenic,PAX2,30.0
Q02962,G30V,0.9999,pathogenic,PAX2,30.0
Q02962,G30W,1.0,pathogenic,PAX2,30.0
Q02962,G30Y,0.9999,pathogenic,PAX2,30.0
Q02962,R31A,0.9993,pathogenic,PAX2,31.0
Q02962,R31C,0.9987,pathogenic,PAX2,31.0
Q02962,R31D,0.9997,pathogenic,PAX2,31.0
Q02962,R31E,0.9981,pathogenic,PAX2,31.0
Q02962,R31F,0.9996,pathogenic,PAX2,31.0
Q02962,R31G,0.9987,pathogenic,PAX2,31.0
Q02962,R31H,0.9962,pathogenic,PAX2,31.0
Q02962,R31I,0.9992,pathogenic,PAX2,31.0
Q02962,R31K,0.977,pathogenic,PAX2,31.0
Q02962,R31L,0.9974,pathogenic,PAX2,31.0
Q02962,R31M,0.9999,pathogenic,PAX2,31.0
Q02962,R31N,0.9996,pathogenic,PAX2,31.0
Q02962,R31P,0.9993,pathogenic,PAX2,31.0
Q02962,R31Q,0.996,pathogenic,PAX2,31.0
Q02962,R31S,0.9998,pathogenic,PAX2,31.0
Q02962,R31T,0.9997,pathogenic,PAX2,31.0
Q02962,R31V,0.999,pathogenic,PAX2,31.0
Q02962,R31W,0.9994,pathogenic,PAX2,31.0
Q02962,R31Y,0.9994,pathogenic,PAX2,31.0
Q02962,P32A,0.9951,pathogenic,PAX2,32.0
Q02962,P32C,0.9998,pathogenic,PAX2,32.0
Q02962,P32D,0.9998,pathogenic,PAX2,32.0
Q02962,P32E,0.9996,pathogenic,PAX2,32.0
Q02962,P32F,0.9999,pathogenic,PAX2,32.0
Q02962,P32G,0.9989,pathogenic,PAX2,32.0
Q02962,P32H,0.9997,pathogenic,PAX2,32.0
Q02962,P32I,0.9997,pathogenic,PAX2,32.0
Q02962,P32K,0.9997,pathogenic,PAX2,32.0
Q02962,P32L,0.9991,pathogenic,PAX2,32.0
Q02962,P32M,0.9999,pathogenic,PAX2,32.0
Q02962,P32N,0.9998,pathogenic,PAX2,32.0
Q02962,P32Q,0.9996,pathogenic,PAX2,32.0
Q02962,P32R,0.9987,pathogenic,PAX2,32.0
Q02962,P32S,0.9995,pathogenic,PAX2,32.0
Q02962,P32T,0.9992,pathogenic,PAX2,32.0
Q02962,P32V,0.9989,pathogenic,PAX2,32.0
Q02962,P32W,1.0,pathogenic,PAX2,32.0
Q02962,P32Y,0.9999,pathogenic,PAX2,32.0
Q02962,L33A,0.9985,pathogenic,PAX2,33.0
Q02962,L33C,0.9999,pathogenic,PAX2,33.0
Q02962,L33D,1.0,pathogenic,PAX2,33.0
Q02962,L33E,1.0,pathogenic,PAX2,33.0
Q02962,L33F,0.9995,pathogenic,PAX2,33.0
Q02962,L33G,0.9997,pathogenic,PAX2,33.0
Q02962,L33H,1.0,pathogenic,PAX2,33.0
Q02962,L33I,0.9904,pathogenic,PAX2,33.0
Q02962,L33K,0.9999,pathogenic,PAX2,33.0
Q02962,L33M,0.9957,pathogenic,PAX2,33.0
Q02962,L33N,0.9999,pathogenic,PAX2,33.0
Q02962,L33P,0.9998,pathogenic,PAX2,33.0
Q02962,L33Q,1.0,pathogenic,PAX2,33.0
Q02962,L33R,0.9998,pathogenic,PAX2,33.0
Q02962,L33S,1.0,pathogenic,PAX2,33.0
Q02962,L33T,0.9997,pathogenic,PAX2,33.0
Q02962,L33V,0.9956,pathogenic,PAX2,33.0
Q02962,L33W,0.9999,pathogenic,PAX2,33.0
Q02962,L33Y,0.9999,pathogenic,PAX2,33.0
Q02962,P34A,0.9972,pathogenic,PAX2,34.0
Q02962,P34C,0.9999,pathogenic,PAX2,34.0
Q02962,P34D,0.9997,pathogenic,PAX2,34.0
Q02962,P34E,0.9996,pathogenic,PAX2,34.0
Q02962,P34F,1.0,pathogenic,PAX2,34.0
Q02962,P34G,0.9988,pathogenic,PAX2,34.0
Q02962,P34H,0.9996,pathogenic,PAX2,34.0
Q02962,P34I,0.9999,pathogenic,PAX2,34.0
Q02962,P34K,0.9998,pathogenic,PAX2,34.0
Q02962,P34L,0.9993,pathogenic,PAX2,34.0
Q02962,P34M,0.9999,pathogenic,PAX2,34.0
Q02962,P34N,0.9998,pathogenic,PAX2,34.0
Q02962,P34Q,0.9997,pathogenic,PAX2,34.0
Q02962,P34R,0.9991,pathogenic,PAX2,34.0
Q02962,P34S,0.9992,pathogenic,PAX2,34.0
Q02962,P34T,0.999,pathogenic,PAX2,34.0
Q02962,P34V,0.9997,pathogenic,PAX2,34.0
Q02962,P34W,1.0,pathogenic,PAX2,34.0
Q02962,P34Y,1.0,pathogenic,PAX2,34.0
Q02962,D35A,0.9842,pathogenic,PAX2,35.0
Q02962,D35C,0.9993,pathogenic,PAX2,35.0
Q02962,D35E,0.8293,pathogenic,PAX2,35.0
Q02962,D35F,0.9989,pathogenic,PAX2,35.0
Q02962,D35G,0.9893,pathogenic,PAX2,35.0
Q02962,D35H,0.9964,pathogenic,PAX2,35.0
Q02962,D35I,0.9989,pathogenic,PAX2,35.0
Q02962,D35K,0.9986,pathogenic,PAX2,35.0
Q02962,D35L,0.9963,pathogenic,PAX2,35.0
Q02962,D35M,0.9993,pathogenic,PAX2,35.0
Q02962,D35N,0.9525,pathogenic,PAX2,35.0
Q02962,D35P,0.9976,pathogenic,PAX2,35.0
Q02962,D35Q,0.9966,pathogenic,PAX2,35.0
Q02962,D35R,0.998,pathogenic,PAX2,35.0
Q02962,D35S,0.9768,pathogenic,PAX2,35.0
Q02962,D35T,0.9939,pathogenic,PAX2,35.0
Q02962,D35V,0.9936,pathogenic,PAX2,35.0
Q02962,D35W,0.9997,pathogenic,PAX2,35.0
Q02962,D35Y,0.995,pathogenic,PAX2,35.0
Q02962,V36A,0.8409,pathogenic,PAX2,36.0
Q02962,V36C,0.9478,pathogenic,PAX2,36.0
Q02962,V36D,0.9877,pathogenic,PAX2,36.0
Q02962,V36E,0.9643,pathogenic,PAX2,36.0
Q02962,V36F,0.8442,pathogenic,PAX2,36.0
Q02962,V36G,0.8836,pathogenic,PAX2,36.0
Q02962,V36H,0.9747,pathogenic,PAX2,36.0
Q02962,V36I,0.1764,benign,PAX2,36.0
Q02962,V36K,0.982,pathogenic,PAX2,36.0
Q02962,V36L,0.861,pathogenic,PAX2,36.0
Q02962,V36M,0.6284,pathogenic,PAX2,36.0
Q02962,V36N,0.9108,pathogenic,PAX2,36.0
Q02962,V36P,0.9758,pathogenic,PAX2,36.0
Q02962,V36Q,0.9264,pathogenic,PAX2,36.0
Q02962,V36R,0.9753,pathogenic,PAX2,36.0
Q02962,V36S,0.8708,pathogenic,PAX2,36.0
Q02962,V36T,0.7843,pathogenic,PAX2,36.0
Q02962,V36W,0.9955,pathogenic,PAX2,36.0
Q02962,V36Y,0.9744,pathogenic,PAX2,36.0
Q02962,V37A,0.9975,pathogenic,PAX2,37.0
Q02962,V37C,0.999,pathogenic,PAX2,37.0
Q02962,V37D,0.9998,pathogenic,PAX2,37.0
Q02962,V37E,0.9987,pathogenic,PAX2,37.0
Q02962,V37F,0.9956,pathogenic,PAX2,37.0
Q02962,V37G,0.9969,pathogenic,PAX2,37.0
Q02962,V37H,0.9998,pathogenic,PAX2,37.0
Q02962,V37I,0.4909,ambiguous,PAX2,37.0
Q02962,V37K,0.9996,pathogenic,PAX2,37.0
Q02962,V37L,0.9933,pathogenic,PAX2,37.0
Q02962,V37M,0.9953,pathogenic,PAX2,37.0
Q02962,V37N,0.9993,pathogenic,PAX2,37.0
Q02962,V37P,0.9985,pathogenic,PAX2,37.0
Q02962,V37Q,0.9988,pathogenic,PAX2,37.0
Q02962,V37R,0.9986,pathogenic,PAX2,37.0
Q02962,V37S,0.9973,pathogenic,PAX2,37.0
Q02962,V37T,0.9862,pathogenic,PAX2,37.0
Q02962,V37W,0.9999,pathogenic,PAX2,37.0
Q02962,V37Y,0.9995,pathogenic,PAX2,37.0
Q02962,R38A,0.9997,pathogenic,PAX2,38.0
Q02962,R38C,0.9996,pathogenic,PAX2,38.0
Q02962,R38D,1.0,pathogenic,PAX2,38.0
Q02962,R38E,0.9992,pathogenic,PAX2,38.0
Q02962,R38F,1.0,pathogenic,PAX2,38.0
Q02962,R38G,0.9995,pathogenic,PAX2,38.0
Q02962,R38H,0.9998,pathogenic,PAX2,38.0
Q02962,R38I,0.9999,pathogenic,PAX2,38.0
Q02962,R38K,0.9978,pathogenic,PAX2,38.0
Q02962,R38L,0.9994,pathogenic,PAX2,38.0
Q02962,R38M,1.0,pathogenic,PAX2,38.0
Q02962,R38N,1.0,pathogenic,PAX2,38.0
Q02962,R38P,0.9997,pathogenic,PAX2,38.0
Q02962,R38Q,0.9986,pathogenic,PAX2,38.0
Q02962,R38S,0.9999,pathogenic,PAX2,38.0
Q02962,R38T,0.9999,pathogenic,PAX2,38.0
Q02962,R38V,0.9998,pathogenic,PAX2,38.0
Q02962,R38W,0.9998,pathogenic,PAX2,38.0
Q02962,R38Y,0.9999,pathogenic,PAX2,38.0
Q02962,Q39A,0.6072,pathogenic,PAX2,39.0
Q02962,Q39C,0.9739,pathogenic,PAX2,39.0
Q02962,Q39D,0.9801,pathogenic,PAX2,39.0
Q02962,Q39E,0.5568,ambiguous,PAX2,39.0
Q02962,Q39F,0.9856,pathogenic,PAX2,39.0
Q02962,Q39G,0.6278,pathogenic,PAX2,39.0
Q02962,Q39H,0.781,pathogenic,PAX2,39.0
Q02962,Q39I,0.9664,pathogenic,PAX2,39.0
Q02962,Q39K,0.8762,pathogenic,PAX2,39.0
Q02962,Q39L,0.7748,pathogenic,PAX2,39.0
Q02962,Q39M,0.7959,pathogenic,PAX2,39.0
Q02962,Q39N,0.6421,pathogenic,PAX2,39.0
Q02962,Q39P,0.9983,pathogenic,PAX2,39.0
Q02962,Q39R,0.8518,pathogenic,PAX2,39.0
Q02962,Q39S,0.4165,ambiguous,PAX2,39.0
Q02962,Q39T,0.4412,ambiguous,PAX2,39.0
Q02962,Q39V,0.8928,pathogenic,PAX2,39.0
Q02962,Q39W,0.9917,pathogenic,PAX2,39.0
Q02962,Q39Y,0.9787,pathogenic,PAX2,39.0
Q02962,R40A,0.9979,pathogenic,PAX2,40.0
Q02962,R40C,0.9949,pathogenic,PAX2,40.0
Q02962,R40D,0.9987,pathogenic,PAX2,40.0
Q02962,R40E,0.9927,pathogenic,PAX2,40.0
Q02962,R40F,0.9997,pathogenic,PAX2,40.0
Q02962,R40G,0.9953,pathogenic,PAX2,40.0
Q02962,R40H,0.9574,pathogenic,PAX2,40.0
Q02962,R40I,0.9992,pathogenic,PAX2,40.0
Q02962,R40K,0.8057,pathogenic,PAX2,40.0
Q02962,R40L,0.9953,pathogenic,PAX2,40.0
Q02962,R40M,0.9991,pathogenic,PAX2,40.0
Q02962,R40N,0.9985,pathogenic,PAX2,40.0
Q02962,R40P,0.9998,pathogenic,PAX2,40.0
Q02962,R40Q,0.9427,pathogenic,PAX2,40.0
Q02962,R40S,0.9992,pathogenic,PAX2,40.0
Q02962,R40T,0.998,pathogenic,PAX2,40.0
Q02962,R40V,0.9982,pathogenic,PAX2,40.0
Q02962,R40W,0.9985,pathogenic,PAX2,40.0
Q02962,R40Y,0.9985,pathogenic,PAX2,40.0
Q02962,I41A,0.9995,pathogenic,PAX2,41.0
Q02962,I41C,1.0,pathogenic,PAX2,41.0
Q02962,I41D,1.0,pathogenic,PAX2,41.0
Q02962,I41E,0.9999,pathogenic,PAX2,41.0
Q02962,I41F,0.9995,pathogenic,PAX2,41.0
Q02962,I41G,1.0,pathogenic,PAX2,41.0
Q02962,I41H,1.0,pathogenic,PAX2,41.0
Q02962,I41K,1.0,pathogenic,PAX2,41.0
Q02962,I41L,0.9953,pathogenic,PAX2,41.0
Q02962,I41M,0.9931,pathogenic,PAX2,41.0
Q02962,I41N,1.0,pathogenic,PAX2,41.0
Q02962,I41P,1.0,pathogenic,PAX2,41.0
Q02962,I41Q,1.0,pathogenic,PAX2,41.0
Q02962,I41R,1.0,pathogenic,PAX2,41.0
Q02962,I41S,1.0,pathogenic,PAX2,41.0
Q02962,I41T,0.9998,pathogenic,PAX2,41.0
Q02962,I41V,0.9807,pathogenic,PAX2,41.0
Q02962,I41W,1.0,pathogenic,PAX2,41.0
Q02962,I41Y,1.0,pathogenic,PAX2,41.0
Q02962,V42A,0.9987,pathogenic,PAX2,42.0
Q02962,V42C,0.9989,pathogenic,PAX2,42.0
Q02962,V42D,1.0,pathogenic,PAX2,42.0
Q02962,V42E,0.9997,pathogenic,PAX2,42.0
Q02962,V42F,0.9995,pathogenic,PAX2,42.0
Q02962,V42G,0.9974,pathogenic,PAX2,42.0
Q02962,V42H,1.0,pathogenic,PAX2,42.0
Q02962,V42I,0.7883,pathogenic,PAX2,42.0
Q02962,V42K,0.9996,pathogenic,PAX2,42.0
Q02962,V42L,0.9985,pathogenic,PAX2,42.0
Q02962,V42M,0.9989,pathogenic,PAX2,42.0
Q02962,V42N,0.9999,pathogenic,PAX2,42.0
Q02962,V42P,0.9997,pathogenic,PAX2,42.0
Q02962,V42Q,0.9996,pathogenic,PAX2,42.0
Q02962,V42R,0.9979,pathogenic,PAX2,42.0
Q02962,V42S,0.9987,pathogenic,PAX2,42.0
Q02962,V42T,0.9923,pathogenic,PAX2,42.0
Q02962,V42W,1.0,pathogenic,PAX2,42.0
Q02962,V42Y,0.9999,pathogenic,PAX2,42.0
Q02962,E43A,0.9658,pathogenic,PAX2,43.0
Q02962,E43C,0.9984,pathogenic,PAX2,43.0
Q02962,E43D,0.6348,pathogenic,PAX2,43.0
Q02962,E43F,0.9994,pathogenic,PAX2,43.0
Q02962,E43G,0.9809,pathogenic,PAX2,43.0
Q02962,E43H,0.9954,pathogenic,PAX2,43.0
Q02962,E43I,0.9986,pathogenic,PAX2,43.0
Q02962,E43K,0.997,pathogenic,PAX2,43.0
Q02962,E43L,0.9965,pathogenic,PAX2,43.0
Q02962,E43M,0.997,pathogenic,PAX2,43.0
Q02962,E43N,0.982,pathogenic,PAX2,43.0
Q02962,E43P,0.9999,pathogenic,PAX2,43.0
Q02962,E43Q,0.9329,pathogenic,PAX2,43.0
Q02962,E43R,0.9951,pathogenic,PAX2,43.0
Q02962,E43S,0.9627,pathogenic,PAX2,43.0
Q02962,E43T,0.9893,pathogenic,PAX2,43.0
Q02962,E43V,0.9946,pathogenic,PAX2,43.0
Q02962,E43W,0.9998,pathogenic,PAX2,43.0
Q02962,E43Y,0.9984,pathogenic,PAX2,43.0
Q02962,L44A,0.9948,pathogenic,PAX2,44.0
Q02962,L44C,0.999,pathogenic,PAX2,44.0
Q02962,L44D,0.9998,pathogenic,PAX2,44.0
Q02962,L44E,0.9988,pathogenic,PAX2,44.0
Q02962,L44F,0.9907,pathogenic,PAX2,44.0
Q02962,L44G,0.9987,pathogenic,PAX2,44.0
Q02962,L44H,0.9992,pathogenic,PAX2,44.0
Q02962,L44I,0.99,pathogenic,PAX2,44.0
Q02962,L44K,0.9978,pathogenic,PAX2,44.0
Q02962,L44M,0.7618,pathogenic,PAX2,44.0
Q02962,L44N,0.9992,pathogenic,PAX2,44.0
Q02962,L44P,1.0,pathogenic,PAX2,44.0
Q02962,L44Q,0.9986,pathogenic,PAX2,44.0
Q02962,L44R,0.998,pathogenic,PAX2,44.0
Q02962,L44S,0.9997,pathogenic,PAX2,44.0
Q02962,L44T,0.9991,pathogenic,PAX2,44.0
Q02962,L44V,0.9916,pathogenic,PAX2,44.0
Q02962,L44W,0.9984,pathogenic,PAX2,44.0
Q02962,L44Y,0.9952,pathogenic,PAX2,44.0
Q02962,A45C,0.9958,pathogenic,PAX2,45.0
Q02962,A45D,0.9999,pathogenic,PAX2,45.0
Q02962,A45E,0.9996,pathogenic,PAX2,45.0
Q02962,A45F,0.9986,pathogenic,PAX2,45.0
Q02962,A45G,0.9876,pathogenic,PAX2,45.0
Q02962,A45H,0.9992,pathogenic,PAX2,45.0
Q02962,A45I,0.9999,pathogenic,PAX2,45.0
Q02962,A45K,0.9999,pathogenic,PAX2,45.0
Q02962,A45L,0.996,pathogenic,PAX2,45.0
Q02962,A45M,0.9996,pathogenic,PAX2,45.0
Q02962,A45N,0.9998,pathogenic,PAX2,45.0
Q02962,A45P,0.9996,pathogenic,PAX2,45.0
Q02962,A45Q,0.9979,pathogenic,PAX2,45.0
Q02962,A45R,0.9964,pathogenic,PAX2,45.0
Q02962,A45S,0.9291,pathogenic,PAX2,45.0
Q02962,A45T,0.9994,pathogenic,PAX2,45.0
Q02962,A45V,0.9995,pathogenic,PAX2,45.0
Q02962,A45W,0.9996,pathogenic,PAX2,45.0
Q02962,A45Y,0.9993,pathogenic,PAX2,45.0
Q02962,H46A,0.9923,pathogenic,PAX2,46.0
Q02962,H46C,0.9558,pathogenic,PAX2,46.0
Q02962,H46D,0.9982,pathogenic,PAX2,46.0
Q02962,H46E,0.9941,pathogenic,PAX2,46.0
Q02962,H46F,0.9851,pathogenic,PAX2,46.0
Q02962,H46G,0.991,pathogenic,PAX2,46.0
Q02962,H46I,0.9983,pathogenic,PAX2,46.0
Q02962,H46K,0.9891,pathogenic,PAX2,46.0
Q02962,H46L,0.9671,pathogenic,PAX2,46.0
Q02962,H46M,0.9938,pathogenic,PAX2,46.0
Q02962,H46N,0.9769,pathogenic,PAX2,46.0
Q02962,H46P,0.9977,pathogenic,PAX2,46.0
Q02962,H46Q,0.9677,pathogenic,PAX2,46.0
Q02962,H46R,0.9705,pathogenic,PAX2,46.0
Q02962,H46S,0.9854,pathogenic,PAX2,46.0
Q02962,H46T,0.9965,pathogenic,PAX2,46.0
Q02962,H46V,0.9955,pathogenic,PAX2,46.0
Q02962,H46W,0.9719,pathogenic,PAX2,46.0
Q02962,H46Y,0.9755,pathogenic,PAX2,46.0
Q02962,Q47A,0.4462,ambiguous,PAX2,47.0
Q02962,Q47C,0.9475,pathogenic,PAX2,47.0
Q02962,Q47D,0.9626,pathogenic,PAX2,47.0
Q02962,Q47E,0.5109,ambiguous,PAX2,47.0
Q02962,Q47F,0.9928,pathogenic,PAX2,47.0
Q02962,Q47G,0.5798,pathogenic,PAX2,47.0
Q02962,Q47H,0.8455,pathogenic,PAX2,47.0
Q02962,Q47I,0.9781,pathogenic,PAX2,47.0
Q02962,Q47K,0.8729,pathogenic,PAX2,47.0
Q02962,Q47L,0.7167,pathogenic,PAX2,47.0
Q02962,Q47M,0.7791,pathogenic,PAX2,47.0
Q02962,Q47N,0.5781,pathogenic,PAX2,47.0
Q02962,Q47P,0.9995,pathogenic,PAX2,47.0
Q02962,Q47R,0.8344,pathogenic,PAX2,47.0
Q02962,Q47S,0.2315,benign,PAX2,47.0
Q02962,Q47T,0.677,pathogenic,PAX2,47.0
Q02962,Q47V,0.9266,pathogenic,PAX2,47.0
Q02962,Q47W,0.9956,pathogenic,PAX2,47.0
Q02962,Q47Y,0.9871,pathogenic,PAX2,47.0
Q02962,G48A,0.9953,pathogenic,PAX2,48.0
Q02962,G48C,0.9991,pathogenic,PAX2,48.0
Q02962,G48D,0.9992,pathogenic,PAX2,48.0
Q02962,G48E,0.9995,pathogenic,PAX2,48.0
Q02962,G48F,0.9998,pathogenic,PAX2,48.0
Q02962,G48H,0.9998,pathogenic,PAX2,48.0
Q02962,G48I,0.9998,pathogenic,PAX2,48.0
Q02962,G48K,0.9998,pathogenic,PAX2,48.0
Q02962,G48L,0.9996,pathogenic,PAX2,48.0
Q02962,G48M,0.9998,pathogenic,PAX2,48.0
Q02962,G48N,0.9983,pathogenic,PAX2,48.0
Q02962,G48P,1.0,pathogenic,PAX2,48.0
Q02962,G48Q,0.9995,pathogenic,PAX2,48.0
Q02962,G48R,0.9996,pathogenic,PAX2,48.0
Q02962,G48S,0.9952,pathogenic,PAX2,48.0
Q02962,G48T,0.9987,pathogenic,PAX2,48.0
Q02962,G48V,0.9994,pathogenic,PAX2,48.0
Q02962,G48W,0.9999,pathogenic,PAX2,48.0
Q02962,G48Y,0.9996,pathogenic,PAX2,48.0
Q02962,V49A,0.9931,pathogenic,PAX2,49.0
Q02962,V49C,0.9921,pathogenic,PAX2,49.0
Q02962,V49D,0.9996,pathogenic,PAX2,49.0
Q02962,V49E,0.9974,pathogenic,PAX2,49.0
Q02962,V49F,0.9854,pathogenic,PAX2,49.0
Q02962,V49G,0.9888,pathogenic,PAX2,49.0
Q02962,V49H,0.9993,pathogenic,PAX2,49.0
Q02962,V49I,0.5066,ambiguous,PAX2,49.0
Q02962,V49K,0.9976,pathogenic,PAX2,49.0
Q02962,V49L,0.991,pathogenic,PAX2,49.0
Q02962,V49M,0.9848,pathogenic,PAX2,49.0
Q02962,V49N,0.9976,pathogenic,PAX2,49.0
Q02962,V49P,0.9994,pathogenic,PAX2,49.0
Q02962,V49Q,0.9941,pathogenic,PAX2,49.0
Q02962,V49R,0.9926,pathogenic,PAX2,49.0
Q02962,V49S,0.9944,pathogenic,PAX2,49.0
Q02962,V49T,0.9818,pathogenic,PAX2,49.0
Q02962,V49W,0.9995,pathogenic,PAX2,49.0
Q02962,V49Y,0.9977,pathogenic,PAX2,49.0
Q02962,R50A,0.9996,pathogenic,PAX2,50.0
Q02962,R50C,0.9994,pathogenic,PAX2,50.0
Q02962,R50D,0.9999,pathogenic,PAX2,50.0
Q02962,R50E,0.9992,pathogenic,PAX2,50.0
Q02962,R50F,0.9999,pathogenic,PAX2,50.0
Q02962,R50G,0.9995,pathogenic,PAX2,50.0
Q02962,R50H,0.9982,pathogenic,PAX2,50.0
Q02962,R50I,0.9999,pathogenic,PAX2,50.0
Q02962,R50K,0.9918,pathogenic,PAX2,50.0
Q02962,R50L,0.9986,pathogenic,PAX2,50.0
Q02962,R50M,1.0,pathogenic,PAX2,50.0
Q02962,R50N,0.9999,pathogenic,PAX2,50.0
Q02962,R50P,0.9973,pathogenic,PAX2,50.0
Q02962,R50Q,0.9982,pathogenic,PAX2,50.0
Q02962,R50S,0.9997,pathogenic,PAX2,50.0
Q02962,R50T,0.9999,pathogenic,PAX2,50.0
Q02962,R50V,0.9998,pathogenic,PAX2,50.0
Q02962,R50W,0.9998,pathogenic,PAX2,50.0
Q02962,R50Y,0.9998,pathogenic,PAX2,50.0
Q02962,P51A,0.9939,pathogenic,PAX2,51.0
Q02962,P51C,0.9999,pathogenic,PAX2,51.0
Q02962,P51D,0.9999,pathogenic,PAX2,51.0
Q02962,P51E,0.9999,pathogenic,PAX2,51.0
Q02962,P51F,1.0,pathogenic,PAX2,51.0
Q02962,P51G,0.9993,pathogenic,PAX2,51.0
Q02962,P51H,0.9999,pathogenic,PAX2,51.0
Q02962,P51I,0.9999,pathogenic,PAX2,51.0
Q02962,P51K,1.0,pathogenic,PAX2,51.0
Q02962,P51L,0.9997,pathogenic,PAX2,51.0
Q02962,P51M,1.0,pathogenic,PAX2,51.0
Q02962,P51N,0.9999,pathogenic,PAX2,51.0
Q02962,P51Q,0.9999,pathogenic,PAX2,51.0
Q02962,P51R,0.9998,pathogenic,PAX2,51.0
Q02962,P51S,0.9994,pathogenic,PAX2,51.0
Q02962,P51T,0.9994,pathogenic,PAX2,51.0
Q02962,P51V,0.9997,pathogenic,PAX2,51.0
Q02962,P51W,1.0,pathogenic,PAX2,51.0
Q02962,P51Y,1.0,pathogenic,PAX2,51.0
Q02962,C52A,0.9978,pathogenic,PAX2,52.0
Q02962,C52D,1.0,pathogenic,PAX2,52.0
Q02962,C52E,1.0,pathogenic,PAX2,52.0
Q02962,C52F,0.9997,pathogenic,PAX2,52.0
Q02962,C52G,0.9978,pathogenic,PAX2,52.0
Q02962,C52H,1.0,pathogenic,PAX2,52.0
Q02962,C52I,0.9999,pathogenic,PAX2,52.0
Q02962,C52K,1.0,pathogenic,PAX2,52.0
Q02962,C52L,0.9997,pathogenic,PAX2,52.0
Q02962,C52M,0.9996,pathogenic,PAX2,52.0
Q02962,C52N,0.9999,pathogenic,PAX2,52.0
Q02962,C52P,0.9999,pathogenic,PAX2,52.0
Q02962,C52Q,1.0,pathogenic,PAX2,52.0
Q02962,C52R,0.9999,pathogenic,PAX2,52.0
Q02962,C52S,0.9985,pathogenic,PAX2,52.0
Q02962,C52T,0.9995,pathogenic,PAX2,52.0
Q02962,C52V,0.9985,pathogenic,PAX2,52.0
Q02962,C52W,0.9999,pathogenic,PAX2,52.0
Q02962,C52Y,1.0,pathogenic,PAX2,52.0
Q02962,D53A,0.9993,pathogenic,PAX2,53.0
Q02962,D53C,1.0,pathogenic,PAX2,53.0
Q02962,D53E,0.9961,pathogenic,PAX2,53.0
Q02962,D53F,0.9999,pathogenic,PAX2,53.0
Q02962,D53G,0.9999,pathogenic,PAX2,53.0
Q02962,D53H,0.9997,pathogenic,PAX2,53.0
Q02962,D53I,0.9998,pathogenic,PAX2,53.0
Q02962,D53K,0.9999,pathogenic,PAX2,53.0
Q02962,D53L,0.9998,pathogenic,PAX2,53.0
Q02962,D53M,1.0,pathogenic,PAX2,53.0
Q02962,D53N,0.9984,pathogenic,PAX2,53.0
Q02962,D53P,1.0,pathogenic,PAX2,53.0
Q02962,D53Q,0.9997,pathogenic,PAX2,53.0
Q02962,D53R,0.9998,pathogenic,PAX2,53.0
Q02962,D53S,0.999,pathogenic,PAX2,53.0
Q02962,D53T,0.9996,pathogenic,PAX2,53.0
Q02962,D53V,0.9987,pathogenic,PAX2,53.0
Q02962,D53W,1.0,pathogenic,PAX2,53.0
Q02962,D53Y,0.9996,pathogenic,PAX2,53.0
Q02962,I54A,0.9998,pathogenic,PAX2,54.0
Q02962,I54C,1.0,pathogenic,PAX2,54.0
Q02962,I54D,1.0,pathogenic,PAX2,54.0
Q02962,I54E,1.0,pathogenic,PAX2,54.0
Q02962,I54F,0.9997,pathogenic,PAX2,54.0
Q02962,I54G,1.0,pathogenic,PAX2,54.0
Q02962,I54H,1.0,pathogenic,PAX2,54.0
Q02962,I54K,1.0,pathogenic,PAX2,54.0
Q02962,I54L,0.9957,pathogenic,PAX2,54.0
Q02962,I54M,0.9985,pathogenic,PAX2,54.0
Q02962,I54N,1.0,pathogenic,PAX2,54.0
Q02962,I54P,1.0,pathogenic,PAX2,54.0
Q02962,I54Q,1.0,pathogenic,PAX2,54.0
Q02962,I54R,1.0,pathogenic,PAX2,54.0
Q02962,I54S,1.0,pathogenic,PAX2,54.0
Q02962,I54T,0.9999,pathogenic,PAX2,54.0
Q02962,I54V,0.9682,pathogenic,PAX2,54.0
Q02962,I54W,1.0,pathogenic,PAX2,54.0
Q02962,I54Y,1.0,pathogenic,PAX2,54.0
Q02962,S55A,0.9543,pathogenic,PAX2,55.0
Q02962,S55C,0.9994,pathogenic,PAX2,55.0
Q02962,S55D,0.9999,pathogenic,PAX2,55.0
Q02962,S55E,0.9995,pathogenic,PAX2,55.0
Q02962,S55F,1.0,pathogenic,PAX2,55.0
Q02962,S55G,0.9969,pathogenic,PAX2,55.0
Q02962,S55H,0.9998,pathogenic,PAX2,55.0
Q02962,S55I,1.0,pathogenic,PAX2,55.0
Q02962,S55K,1.0,pathogenic,PAX2,55.0
Q02962,S55L,1.0,pathogenic,PAX2,55.0
Q02962,S55M,0.9999,pathogenic,PAX2,55.0
Q02962,S55N,0.9999,pathogenic,PAX2,55.0
Q02962,S55P,0.9998,pathogenic,PAX2,55.0
Q02962,S55Q,0.9994,pathogenic,PAX2,55.0
Q02962,S55R,1.0,pathogenic,PAX2,55.0
Q02962,S55T,0.997,pathogenic,PAX2,55.0
Q02962,S55V,0.9999,pathogenic,PAX2,55.0
Q02962,S55W,0.9999,pathogenic,PAX2,55.0
Q02962,S55Y,0.9999,pathogenic,PAX2,55.0
Q02962,R56A,0.9999,pathogenic,PAX2,56.0
Q02962,R56C,0.9999,pathogenic,PAX2,56.0
Q02962,R56D,0.9999,pathogenic,PAX2,56.0
Q02962,R56E,0.9993,pathogenic,PAX2,56.0
Q02962,R56F,1.0,pathogenic,PAX2,56.0
Q02962,R56G,0.9998,pathogenic,PAX2,56.0
Q02962,R56H,0.9993,pathogenic,PAX2,56.0
Q02962,R56I,1.0,pathogenic,PAX2,56.0
Q02962,R56K,0.998,pathogenic,PAX2,56.0
Q02962,R56L,0.9994,pathogenic,PAX2,56.0
Q02962,R56M,1.0,pathogenic,PAX2,56.0
Q02962,R56N,0.9999,pathogenic,PAX2,56.0
Q02962,R56P,0.9999,pathogenic,PAX2,56.0
Q02962,R56Q,0.9992,pathogenic,PAX2,56.0
Q02962,R56S,1.0,pathogenic,PAX2,56.0
Q02962,R56T,0.9999,pathogenic,PAX2,56.0
Q02962,R56V,0.9999,pathogenic,PAX2,56.0
Q02962,R56W,0.9998,pathogenic,PAX2,56.0
Q02962,R56Y,0.9999,pathogenic,PAX2,56.0
Q02962,Q57A,0.9433,pathogenic,PAX2,57.0
Q02962,Q57C,0.9988,pathogenic,PAX2,57.0
Q02962,Q57D,0.9995,pathogenic,PAX2,57.0
Q02962,Q57E,0.9193,pathogenic,PAX2,57.0
Q02962,Q57F,0.9979,pathogenic,PAX2,57.0
Q02962,Q57G,0.9854,pathogenic,PAX2,57.0
Q02962,Q57H,0.9972,pathogenic,PAX2,57.0
Q02962,Q57I,0.9743,pathogenic,PAX2,57.0
Q02962,Q57K,0.9853,pathogenic,PAX2,57.0
Q02962,Q57L,0.9637,pathogenic,PAX2,57.0
Q02962,Q57M,0.924,pathogenic,PAX2,57.0
Q02962,Q57N,0.9888,pathogenic,PAX2,57.0
Q02962,Q57P,0.9999,pathogenic,PAX2,57.0
Q02962,Q57R,0.9869,pathogenic,PAX2,57.0
Q02962,Q57S,0.9568,pathogenic,PAX2,57.0
Q02962,Q57T,0.9263,pathogenic,PAX2,57.0
Q02962,Q57V,0.9736,pathogenic,PAX2,57.0
Q02962,Q57W,0.9996,pathogenic,PAX2,57.0
Q02962,Q57Y,0.9987,pathogenic,PAX2,57.0
Q02962,L58A,0.9992,pathogenic,PAX2,58.0
Q02962,L58C,0.9998,pathogenic,PAX2,58.0
Q02962,L58D,1.0,pathogenic,PAX2,58.0
Q02962,L58E,0.9998,pathogenic,PAX2,58.0
Q02962,L58F,0.9993,pathogenic,PAX2,58.0
Q02962,L58G,0.9996,pathogenic,PAX2,58.0
Q02962,L58H,0.9999,pathogenic,PAX2,58.0
Q02962,L58I,0.9966,pathogenic,PAX2,58.0
Q02962,L58K,0.9998,pathogenic,PAX2,58.0
Q02962,L58M,0.9892,pathogenic,PAX2,58.0
Q02962,L58N,0.9999,pathogenic,PAX2,58.0
Q02962,L58P,1.0,pathogenic,PAX2,58.0
Q02962,L58Q,0.9999,pathogenic,PAX2,58.0
Q02962,L58R,0.9997,pathogenic,PAX2,58.0
Q02962,L58S,1.0,pathogenic,PAX2,58.0
Q02962,L58T,0.9998,pathogenic,PAX2,58.0
Q02962,L58V,0.9978,pathogenic,PAX2,58.0
Q02962,L58W,0.9999,pathogenic,PAX2,58.0
Q02962,L58Y,0.9997,pathogenic,PAX2,58.0
Q02962,R59A,0.9984,pathogenic,PAX2,59.0
Q02962,R59C,0.9951,pathogenic,PAX2,59.0
Q02962,R59D,0.9997,pathogenic,PAX2,59.0
Q02962,R59E,0.9977,pathogenic,PAX2,59.0
Q02962,R59F,0.9997,pathogenic,PAX2,59.0
Q02962,R59G,0.9954,pathogenic,PAX2,59.0
Q02962,R59H,0.9919,pathogenic,PAX2,59.0
Q02962,R59I,0.9995,pathogenic,PAX2,59.0
Q02962,R59K,0.9609,pathogenic,PAX2,59.0
Q02962,R59L,0.9918,pathogenic,PAX2,59.0
Q02962,R59M,0.9994,pathogenic,PAX2,59.0
Q02962,R59N,0.9994,pathogenic,PAX2,59.0
Q02962,R59P,0.9997,pathogenic,PAX2,59.0
Q02962,R59Q,0.9727,pathogenic,PAX2,59.0
Q02962,R59S,0.9995,pathogenic,PAX2,59.0
Q02962,R59T,0.9996,pathogenic,PAX2,59.0
Q02962,R59V,0.9986,pathogenic,PAX2,59.0
Q02962,R59W,0.9992,pathogenic,PAX2,59.0
Q02962,R59Y,0.9995,pathogenic,PAX2,59.0
Q02962,V60A,0.9997,pathogenic,PAX2,60.0
Q02962,V60C,0.9994,pathogenic,PAX2,60.0
Q02962,V60D,0.9999,pathogenic,PAX2,60.0
Q02962,V60E,0.9997,pathogenic,PAX2,60.0
Q02962,V60F,0.9993,pathogenic,PAX2,60.0
Q02962,V60G,0.9955,pathogenic,PAX2,60.0
Q02962,V60H,0.9999,pathogenic,PAX2,60.0
Q02962,V60I,0.9595,pathogenic,PAX2,60.0
Q02962,V60K,0.9998,pathogenic,PAX2,60.0
Q02962,V60L,0.9994,pathogenic,PAX2,60.0
Q02962,V60M,0.9997,pathogenic,PAX2,60.0
Q02962,V60N,0.9995,pathogenic,PAX2,60.0
Q02962,V60P,0.9995,pathogenic,PAX2,60.0
Q02962,V60Q,0.9997,pathogenic,PAX2,60.0
Q02962,V60R,0.9989,pathogenic,PAX2,60.0
Q02962,V60S,0.9987,pathogenic,PAX2,60.0
Q02962,V60T,0.9974,pathogenic,PAX2,60.0
Q02962,V60W,1.0,pathogenic,PAX2,60.0
Q02962,V60Y,0.9998,pathogenic,PAX2,60.0
Q02962,S61A,0.9893,pathogenic,PAX2,61.0
Q02962,S61C,0.9995,pathogenic,PAX2,61.0
Q02962,S61D,0.9998,pathogenic,PAX2,61.0
Q02962,S61E,0.9991,pathogenic,PAX2,61.0
Q02962,S61F,1.0,pathogenic,PAX2,61.0
Q02962,S61G,0.9977,pathogenic,PAX2,61.0
Q02962,S61H,0.9995,pathogenic,PAX2,61.0
Q02962,S61I,1.0,pathogenic,PAX2,61.0
Q02962,S61K,1.0,pathogenic,PAX2,61.0
Q02962,S61L,1.0,pathogenic,PAX2,61.0
Q02962,S61M,0.9999,pathogenic,PAX2,61.0
Q02962,S61N,0.9998,pathogenic,PAX2,61.0
Q02962,S61P,0.9995,pathogenic,PAX2,61.0
Q02962,S61Q,0.9991,pathogenic,PAX2,61.0
Q02962,S61R,1.0,pathogenic,PAX2,61.0
Q02962,S61T,0.9965,pathogenic,PAX2,61.0
Q02962,S61V,1.0,pathogenic,PAX2,61.0
Q02962,S61W,0.9997,pathogenic,PAX2,61.0
Q02962,S61Y,0.9999,pathogenic,PAX2,61.0
Q02962,H62A,0.9998,pathogenic,PAX2,62.0
Q02962,H62C,0.9988,pathogenic,PAX2,62.0
Q02962,H62D,0.9999,pathogenic,PAX2,62.0
Q02962,H62E,0.9999,pathogenic,PAX2,62.0
Q02962,H62F,0.9996,pathogenic,PAX2,62.0
Q02962,H62G,0.9999,pathogenic,PAX2,62.0
Q02962,H62I,1.0,pathogenic,PAX2,62.0
Q02962,H62K,0.9999,pathogenic,PAX2,62.0
Q02962,H62L,0.9994,pathogenic,PAX2,62.0
Q02962,H62M,0.9999,pathogenic,PAX2,62.0
Q02962,H62N,0.9958,pathogenic,PAX2,62.0
Q02962,H62P,0.9986,pathogenic,PAX2,62.0
Q02962,H62Q,0.9998,pathogenic,PAX2,62.0
Q02962,H62R,0.9998,pathogenic,PAX2,62.0
Q02962,H62S,0.9992,pathogenic,PAX2,62.0
Q02962,H62T,0.9999,pathogenic,PAX2,62.0
Q02962,H62V,1.0,pathogenic,PAX2,62.0
Q02962,H62W,0.9959,pathogenic,PAX2,62.0
Q02962,H62Y,0.9996,pathogenic,PAX2,62.0
Q02962,G63A,0.9997,pathogenic,PAX2,63.0
Q02962,G63C,1.0,pathogenic,PAX2,63.0
Q02962,G63D,1.0,pathogenic,PAX2,63.0
Q02962,G63E,1.0,pathogenic,PAX2,63.0
Q02962,G63F,1.0,pathogenic,PAX2,63.0
Q02962,G63H,1.0,pathogenic,PAX2,63.0
Q02962,G63I,1.0,pathogenic,PAX2,63.0
Q02962,G63K,1.0,pathogenic,PAX2,63.0
Q02962,G63L,1.0,pathogenic,PAX2,63.0
Q02962,G63M,1.0,pathogenic,PAX2,63.0
Q02962,G63N,1.0,pathogenic,PAX2,63.0
Q02962,G63P,1.0,pathogenic,PAX2,63.0
Q02962,G63Q,1.0,pathogenic,PAX2,63.0
Q02962,G63R,1.0,pathogenic,PAX2,63.0
Q02962,G63S,0.9998,pathogenic,PAX2,63.0
Q02962,G63T,0.9998,pathogenic,PAX2,63.0
Q02962,G63V,1.0,pathogenic,PAX2,63.0
Q02962,G63W,1.0,pathogenic,PAX2,63.0
Q02962,G63Y,1.0,pathogenic,PAX2,63.0
Q02962,C64A,0.9954,pathogenic,PAX2,64.0
Q02962,C64D,1.0,pathogenic,PAX2,64.0
Q02962,C64E,1.0,pathogenic,PAX2,64.0
Q02962,C64F,0.9997,pathogenic,PAX2,64.0
Q02962,C64G,0.9971,pathogenic,PAX2,64.0
Q02962,C64H,1.0,pathogenic,PAX2,64.0
Q02962,C64I,0.9998,pathogenic,PAX2,64.0
Q02962,C64K,1.0,pathogenic,PAX2,64.0
Q02962,C64L,0.9995,pathogenic,PAX2,64.0
Q02962,C64M,0.9995,pathogenic,PAX2,64.0
Q02962,C64N,0.9999,pathogenic,PAX2,64.0
Q02962,C64P,1.0,pathogenic,PAX2,64.0
Q02962,C64Q,1.0,pathogenic,PAX2,64.0
Q02962,C64R,0.9999,pathogenic,PAX2,64.0
Q02962,C64S,0.9991,pathogenic,PAX2,64.0
Q02962,C64T,0.9993,pathogenic,PAX2,64.0
Q02962,C64V,0.9982,pathogenic,PAX2,64.0
Q02962,C64W,1.0,pathogenic,PAX2,64.0
Q02962,C64Y,1.0,pathogenic,PAX2,64.0
Q02962,V65A,0.9997,pathogenic,PAX2,65.0
Q02962,V65C,0.9997,pathogenic,PAX2,65.0
Q02962,V65D,1.0,pathogenic,PAX2,65.0
Q02962,V65E,0.9999,pathogenic,PAX2,65.0
Q02962,V65F,0.9999,pathogenic,PAX2,65.0
Q02962,V65G,0.9995,pathogenic,PAX2,65.0
Q02962,V65H,1.0,pathogenic,PAX2,65.0
Q02962,V65I,0.9203,pathogenic,PAX2,65.0
Q02962,V65K,1.0,pathogenic,PAX2,65.0
Q02962,V65L,0.9997,pathogenic,PAX2,65.0
Q02962,V65M,0.9999,pathogenic,PAX2,65.0
Q02962,V65N,0.9999,pathogenic,PAX2,65.0
Q02962,V65P,0.9997,pathogenic,PAX2,65.0
Q02962,V65Q,0.9999,pathogenic,PAX2,65.0
Q02962,V65R,0.9996,pathogenic,PAX2,65.0
Q02962,V65S,0.9995,pathogenic,PAX2,65.0
Q02962,V65T,0.9974,pathogenic,PAX2,65.0
Q02962,V65W,1.0,pathogenic,PAX2,65.0
Q02962,V65Y,1.0,pathogenic,PAX2,65.0
Q02962,S66A,0.9867,pathogenic,PAX2,66.0
Q02962,S66C,0.9993,pathogenic,PAX2,66.0
Q02962,S66D,0.9999,pathogenic,PAX2,66.0
Q02962,S66E,0.9993,pathogenic,PAX2,66.0
Q02962,S66F,1.0,pathogenic,PAX2,66.0
Q02962,S66G,0.9945,pathogenic,PAX2,66.0
Q02962,S66H,0.9997,pathogenic,PAX2,66.0
Q02962,S66I,1.0,pathogenic,PAX2,66.0
Q02962,S66K,1.0,pathogenic,PAX2,66.0
Q02962,S66L,0.9999,pathogenic,PAX2,66.0
Q02962,S66M,0.9998,pathogenic,PAX2,66.0
Q02962,S66N,0.9996,pathogenic,PAX2,66.0
Q02962,S66P,0.9999,pathogenic,PAX2,66.0
Q02962,S66Q,0.999,pathogenic,PAX2,66.0
Q02962,S66R,1.0,pathogenic,PAX2,66.0
Q02962,S66T,0.9901,pathogenic,PAX2,66.0
Q02962,S66V,0.9999,pathogenic,PAX2,66.0
Q02962,S66W,0.9998,pathogenic,PAX2,66.0
Q02962,S66Y,0.9999,pathogenic,PAX2,66.0
Q02962,K67A,0.9998,pathogenic,PAX2,67.0
Q02962,K67C,1.0,pathogenic,PAX2,67.0
Q02962,K67D,1.0,pathogenic,PAX2,67.0
Q02962,K67E,0.9999,pathogenic,PAX2,67.0
Q02962,K67F,1.0,pathogenic,PAX2,67.0
Q02962,K67G,0.9997,pathogenic,PAX2,67.0
Q02962,K67H,0.9995,pathogenic,PAX2,67.0
Q02962,K67I,1.0,pathogenic,PAX2,67.0
Q02962,K67L,0.9999,pathogenic,PAX2,67.0
Q02962,K67M,0.9998,pathogenic,PAX2,67.0
Q02962,K67N,1.0,pathogenic,PAX2,67.0
Q02962,K67P,0.9999,pathogenic,PAX2,67.0
Q02962,K67Q,0.9997,pathogenic,PAX2,67.0
Q02962,K67R,0.9712,pathogenic,PAX2,67.0
Q02962,K67S,0.9999,pathogenic,PAX2,67.0
Q02962,K67T,0.9995,pathogenic,PAX2,67.0
Q02962,K67V,0.9999,pathogenic,PAX2,67.0
Q02962,K67W,1.0,pathogenic,PAX2,67.0
Q02962,K67Y,0.9999,pathogenic,PAX2,67.0
Q02962,I68A,0.9999,pathogenic,PAX2,68.0
Q02962,I68C,1.0,pathogenic,PAX2,68.0
Q02962,I68D,1.0,pathogenic,PAX2,68.0
Q02962,I68E,1.0,pathogenic,PAX2,68.0
Q02962,I68F,0.9995,pathogenic,PAX2,68.0
Q02962,I68G,1.0,pathogenic,PAX2,68.0
Q02962,I68H,1.0,pathogenic,PAX2,68.0
Q02962,I68K,1.0,pathogenic,PAX2,68.0
Q02962,I68L,0.9921,pathogenic,PAX2,68.0
Q02962,I68M,0.9971,pathogenic,PAX2,68.0
Q02962,I68N,1.0,pathogenic,PAX2,68.0
Q02962,I68P,1.0,pathogenic,PAX2,68.0
Q02962,I68Q,1.0,pathogenic,PAX2,68.0
Q02962,I68R,1.0,pathogenic,PAX2,68.0
Q02962,I68S,1.0,pathogenic,PAX2,68.0
Q02962,I68T,1.0,pathogenic,PAX2,68.0
Q02962,I68V,0.9941,pathogenic,PAX2,68.0
Q02962,I68W,1.0,pathogenic,PAX2,68.0
Q02962,I68Y,0.9999,pathogenic,PAX2,68.0
Q02962,L69A,0.9985,pathogenic,PAX2,69.0
Q02962,L69C,0.9998,pathogenic,PAX2,69.0
Q02962,L69D,1.0,pathogenic,PAX2,69.0
Q02962,L69E,0.9999,pathogenic,PAX2,69.0
Q02962,L69F,0.9997,pathogenic,PAX2,69.0
Q02962,L69G,0.9997,pathogenic,PAX2,69.0
Q02962,L69H,1.0,pathogenic,PAX2,69.0
Q02962,L69I,0.9942,pathogenic,PAX2,69.0
Q02962,L69K,0.9998,pathogenic,PAX2,69.0
Q02962,L69M,0.995,pathogenic,PAX2,69.0
Q02962,L69N,0.9999,pathogenic,PAX2,69.0
Q02962,L69P,1.0,pathogenic,PAX2,69.0
Q02962,L69Q,1.0,pathogenic,PAX2,69.0
Q02962,L69R,0.9994,pathogenic,PAX2,69.0
Q02962,L69S,1.0,pathogenic,PAX2,69.0
Q02962,L69T,0.9995,pathogenic,PAX2,69.0
Q02962,L69V,0.9973,pathogenic,PAX2,69.0
Q02962,L69W,0.9999,pathogenic,PAX2,69.0
Q02962,L69Y,0.9999,pathogenic,PAX2,69.0
Q02962,G70A,0.9417,pathogenic,PAX2,70.0
Q02962,G70C,0.9224,pathogenic,PAX2,70.0
Q02962,G70D,0.9991,pathogenic,PAX2,70.0
Q02962,G70E,0.9989,pathogenic,PAX2,70.0
Q02962,G70F,0.9984,pathogenic,PAX2,70.0
Q02962,G70H,0.9984,pathogenic,PAX2,70.0
Q02962,G70I,0.9988,pathogenic,PAX2,70.0
Q02962,G70K,0.9994,pathogenic,PAX2,70.0
Q02962,G70L,0.996,pathogenic,PAX2,70.0
Q02962,G70M,0.9978,pathogenic,PAX2,70.0
Q02962,G70N,0.9943,pathogenic,PAX2,70.0
Q02962,G70P,0.9999,pathogenic,PAX2,70.0
Q02962,G70Q,0.9946,pathogenic,PAX2,70.0
Q02962,G70R,0.9971,pathogenic,PAX2,70.0
Q02962,G70S,0.9116,pathogenic,PAX2,70.0
Q02962,G70T,0.9815,pathogenic,PAX2,70.0
Q02962,G70V,0.9949,pathogenic,PAX2,70.0
Q02962,G70W,0.9987,pathogenic,PAX2,70.0
Q02962,G70Y,0.9981,pathogenic,PAX2,70.0
Q02962,R71A,0.9996,pathogenic,PAX2,71.0
Q02962,R71C,0.9995,pathogenic,PAX2,71.0
Q02962,R71D,0.9995,pathogenic,PAX2,71.0
Q02962,R71E,0.9985,pathogenic,PAX2,71.0
Q02962,R71F,0.9999,pathogenic,PAX2,71.0
Q02962,R71G,0.9988,pathogenic,PAX2,71.0
Q02962,R71H,0.9987,pathogenic,PAX2,71.0
Q02962,R71I,0.9998,pathogenic,PAX2,71.0
Q02962,R71K,0.9925,pathogenic,PAX2,71.0
Q02962,R71L,0.9985,pathogenic,PAX2,71.0
Q02962,R71M,1.0,pathogenic,PAX2,71.0
Q02962,R71N,0.9997,pathogenic,PAX2,71.0
Q02962,R71P,0.9996,pathogenic,PAX2,71.0
Q02962,R71Q,0.9985,pathogenic,PAX2,71.0
Q02962,R71S,0.9998,pathogenic,PAX2,71.0
Q02962,R71T,0.9998,pathogenic,PAX2,71.0
Q02962,R71V,0.9997,pathogenic,PAX2,71.0
Q02962,R71W,0.9994,pathogenic,PAX2,71.0
Q02962,R71Y,0.9996,pathogenic,PAX2,71.0
Q02962,Y72A,0.9996,pathogenic,PAX2,72.0
Q02962,Y72C,0.9993,pathogenic,PAX2,72.0
Q02962,Y72D,0.9996,pathogenic,PAX2,72.0
Q02962,Y72E,0.9999,pathogenic,PAX2,72.0
Q02962,Y72F,0.7008,pathogenic,PAX2,72.0
Q02962,Y72G,0.9976,pathogenic,PAX2,72.0
Q02962,Y72H,0.9996,pathogenic,PAX2,72.0
Q02962,Y72I,0.9989,pathogenic,PAX2,72.0
Q02962,Y72K,0.9998,pathogenic,PAX2,72.0
Q02962,Y72L,0.9962,pathogenic,PAX2,72.0
Q02962,Y72M,0.9994,pathogenic,PAX2,72.0
Q02962,Y72N,0.9993,pathogenic,PAX2,72.0
Q02962,Y72P,0.9998,pathogenic,PAX2,72.0
Q02962,Y72Q,0.9999,pathogenic,PAX2,72.0
Q02962,Y72R,0.9994,pathogenic,PAX2,72.0
Q02962,Y72S,0.9991,pathogenic,PAX2,72.0
Q02962,Y72T,0.9997,pathogenic,PAX2,72.0
Q02962,Y72V,0.9972,pathogenic,PAX2,72.0
Q02962,Y72W,0.9812,pathogenic,PAX2,72.0
Q02962,Y73A,0.9954,pathogenic,PAX2,73.0
Q02962,Y73C,0.9948,pathogenic,PAX2,73.0
Q02962,Y73D,0.9982,pathogenic,PAX2,73.0
Q02962,Y73E,0.9988,pathogenic,PAX2,73.0
Q02962,Y73F,0.8892,pathogenic,PAX2,73.0
Q02962,Y73G,0.9803,pathogenic,PAX2,73.0
Q02962,Y73H,0.9983,pathogenic,PAX2,73.0
Q02962,Y73I,0.9969,pathogenic,PAX2,73.0
Q02962,Y73K,0.9992,pathogenic,PAX2,73.0
Q02962,Y73L,0.9747,pathogenic,PAX2,73.0
Q02962,Y73M,0.9965,pathogenic,PAX2,73.0
Q02962,Y73N,0.9766,pathogenic,PAX2,73.0
Q02962,Y73P,0.9989,pathogenic,PAX2,73.0
Q02962,Y73Q,0.9979,pathogenic,PAX2,73.0
Q02962,Y73R,0.9956,pathogenic,PAX2,73.0
Q02962,Y73S,0.9808,pathogenic,PAX2,73.0
Q02962,Y73T,0.9962,pathogenic,PAX2,73.0
Q02962,Y73V,0.9863,pathogenic,PAX2,73.0
Q02962,Y73W,0.9773,pathogenic,PAX2,73.0
Q02962,E74A,0.9985,pathogenic,PAX2,74.0
Q02962,E74C,0.9998,pathogenic,PAX2,74.0
Q02962,E74D,0.9987,pathogenic,PAX2,74.0
Q02962,E74F,1.0,pathogenic,PAX2,74.0
Q02962,E74G,0.9984,pathogenic,PAX2,74.0
Q02962,E74H,0.9999,pathogenic,PAX2,74.0
Q02962,E74I,0.9999,pathogenic,PAX2,74.0
Q02962,E74K,0.9996,pathogenic,PAX2,74.0
Q02962,E74L,0.9999,pathogenic,PAX2,74.0
Q02962,E74M,0.9999,pathogenic,PAX2,74.0
Q02962,E74N,0.9997,pathogenic,PAX2,74.0
Q02962,E74P,1.0,pathogenic,PAX2,74.0
Q02962,E74Q,0.9937,pathogenic,PAX2,74.0
Q02962,E74R,0.9989,pathogenic,PAX2,74.0
Q02962,E74S,0.9984,pathogenic,PAX2,74.0
Q02962,E74T,0.9994,pathogenic,PAX2,74.0
Q02962,E74V,0.9996,pathogenic,PAX2,74.0
Q02962,E74W,1.0,pathogenic,PAX2,74.0
Q02962,E74Y,0.9999,pathogenic,PAX2,74.0
Q02962,T75A,0.9983,pathogenic,PAX2,75.0
Q02962,T75C,0.9997,pathogenic,PAX2,75.0
Q02962,T75D,0.9991,pathogenic,PAX2,75.0
Q02962,T75E,0.9987,pathogenic,PAX2,75.0
Q02962,T75F,0.9997,pathogenic,PAX2,75.0
Q02962,T75G,0.9937,pathogenic,PAX2,75.0
Q02962,T75H,0.9989,pathogenic,PAX2,75.0
Q02962,T75I,0.9999,pathogenic,PAX2,75.0
Q02962,T75K,0.9985,pathogenic,PAX2,75.0
Q02962,T75L,0.999,pathogenic,PAX2,75.0
Q02962,T75M,0.9988,pathogenic,PAX2,75.0
Q02962,T75N,0.9962,pathogenic,PAX2,75.0
Q02962,T75P,0.9993,pathogenic,PAX2,75.0
Q02962,T75Q,0.999,pathogenic,PAX2,75.0
Q02962,T75R,0.9983,pathogenic,PAX2,75.0
Q02962,T75S,0.995,pathogenic,PAX2,75.0
Q02962,T75V,0.9987,pathogenic,PAX2,75.0
Q02962,T75W,0.9998,pathogenic,PAX2,75.0
Q02962,T75Y,0.9997,pathogenic,PAX2,75.0
Q02962,G76A,0.9986,pathogenic,PAX2,76.0
Q02962,G76C,0.9998,pathogenic,PAX2,76.0
Q02962,G76D,0.9999,pathogenic,PAX2,76.0
Q02962,G76E,0.9999,pathogenic,PAX2,76.0
Q02962,G76F,0.9999,pathogenic,PAX2,76.0
Q02962,G76H,1.0,pathogenic,PAX2,76.0
Q02962,G76I,1.0,pathogenic,PAX2,76.0
Q02962,G76K,0.9999,pathogenic,PAX2,76.0
Q02962,G76L,0.9999,pathogenic,PAX2,76.0
Q02962,G76M,1.0,pathogenic,PAX2,76.0
Q02962,G76N,0.9998,pathogenic,PAX2,76.0
Q02962,G76P,1.0,pathogenic,PAX2,76.0
Q02962,G76Q,0.9999,pathogenic,PAX2,76.0
Q02962,G76R,0.9998,pathogenic,PAX2,76.0
Q02962,G76S,0.9986,pathogenic,PAX2,76.0
Q02962,G76T,0.9997,pathogenic,PAX2,76.0
Q02962,G76V,0.9999,pathogenic,PAX2,76.0
Q02962,G76W,1.0,pathogenic,PAX2,76.0
Q02962,G76Y,1.0,pathogenic,PAX2,76.0
Q02962,S77A,0.8946,pathogenic,PAX2,77.0
Q02962,S77C,0.9835,pathogenic,PAX2,77.0
Q02962,S77D,0.9985,pathogenic,PAX2,77.0
Q02962,S77E,0.9982,pathogenic,PAX2,77.0
Q02962,S77F,0.9992,pathogenic,PAX2,77.0
Q02962,S77G,0.9725,pathogenic,PAX2,77.0
Q02962,S77H,0.9969,pathogenic,PAX2,77.0
Q02962,S77I,0.9989,pathogenic,PAX2,77.0
Q02962,S77K,0.9998,pathogenic,PAX2,77.0
Q02962,S77L,0.9977,pathogenic,PAX2,77.0
Q02962,S77M,0.9957,pathogenic,PAX2,77.0
Q02962,S77N,0.9904,pathogenic,PAX2,77.0
Q02962,S77P,0.9999,pathogenic,PAX2,77.0
Q02962,S77Q,0.9971,pathogenic,PAX2,77.0
Q02962,S77R,0.9998,pathogenic,PAX2,77.0
Q02962,S77T,0.8728,pathogenic,PAX2,77.0
Q02962,S77V,0.9973,pathogenic,PAX2,77.0
Q02962,S77W,0.9989,pathogenic,PAX2,77.0
Q02962,S77Y,0.9987,pathogenic,PAX2,77.0
Q02962,I78A,0.9988,pathogenic,PAX2,78.0
Q02962,I78C,0.9998,pathogenic,PAX2,78.0
Q02962,I78D,1.0,pathogenic,PAX2,78.0
Q02962,I78E,0.9998,pathogenic,PAX2,78.0
Q02962,I78F,0.9828,pathogenic,PAX2,78.0
Q02962,I78G,0.9999,pathogenic,PAX2,78.0
Q02962,I78H,1.0,pathogenic,PAX2,78.0
Q02962,I78K,0.9999,pathogenic,PAX2,78.0
Q02962,I78L,0.9737,pathogenic,PAX2,78.0
Q02962,I78M,0.9822,pathogenic,PAX2,78.0
Q02962,I78N,0.9998,pathogenic,PAX2,78.0
Q02962,I78P,0.9995,pathogenic,PAX2,78.0
Q02962,I78Q,0.9999,pathogenic,PAX2,78.0
Q02962,I78R,0.9997,pathogenic,PAX2,78.0
Q02962,I78S,0.9994,pathogenic,PAX2,78.0
Q02962,I78T,0.999,pathogenic,PAX2,78.0
Q02962,I78V,0.7678,pathogenic,PAX2,78.0
Q02962,I78W,0.9995,pathogenic,PAX2,78.0
Q02962,I78Y,0.9991,pathogenic,PAX2,78.0
Q02962,K79A,0.9942,pathogenic,PAX2,79.0
Q02962,K79C,0.9921,pathogenic,PAX2,79.0
Q02962,K79D,0.9997,pathogenic,PAX2,79.0
Q02962,K79E,0.9977,pathogenic,PAX2,79.0
Q02962,K79F,0.9995,pathogenic,PAX2,79.0
Q02962,K79G,0.9971,pathogenic,PAX2,79.0
Q02962,K79H,0.9675,pathogenic,PAX2,79.0
Q02962,K79I,0.996,pathogenic,PAX2,79.0
Q02962,K79L,0.9867,pathogenic,PAX2,79.0
Q02962,K79M,0.9911,pathogenic,PAX2,79.0
Q02962,K79N,0.9989,pathogenic,PAX2,79.0
Q02962,K79P,0.9986,pathogenic,PAX2,79.0
Q02962,K79Q,0.9225,pathogenic,PAX2,79.0
Q02962,K79R,0.1376,benign,PAX2,79.0
Q02962,K79S,0.9978,pathogenic,PAX2,79.0
Q02962,K79T,0.9909,pathogenic,PAX2,79.0
Q02962,K79V,0.9904,pathogenic,PAX2,79.0
Q02962,K79W,0.9992,pathogenic,PAX2,79.0
Q02962,K79Y,0.9978,pathogenic,PAX2,79.0
Q02962,P80A,0.9742,pathogenic,PAX2,80.0
Q02962,P80C,0.9998,pathogenic,PAX2,80.0
Q02962,P80D,0.9997,pathogenic,PAX2,80.0
Q02962,P80E,0.9995,pathogenic,PAX2,80.0
Q02962,P80F,0.9999,pathogenic,PAX2,80.0
Q02962,P80G,0.9978,pathogenic,PAX2,80.0
Q02962,P80H,0.9995,pathogenic,PAX2,80.0
Q02962,P80I,0.9998,pathogenic,PAX2,80.0
Q02962,P80K,0.9995,pathogenic,PAX2,80.0
Q02962,P80L,0.9983,pathogenic,PAX2,80.0
Q02962,P80M,0.9998,pathogenic,PAX2,80.0
Q02962,P80N,0.9997,pathogenic,PAX2,80.0
Q02962,P80Q,0.9992,pathogenic,PAX2,80.0
Q02962,P80R,0.9981,pathogenic,PAX2,80.0
Q02962,P80S,0.9988,pathogenic,PAX2,80.0
Q02962,P80T,0.9986,pathogenic,PAX2,80.0
Q02962,P80V,0.9989,pathogenic,PAX2,80.0
Q02962,P80W,1.0,pathogenic,PAX2,80.0
Q02962,P80Y,0.9999,pathogenic,PAX2,80.0
Q02962,G81A,0.9951,pathogenic,PAX2,81.0
Q02962,G81C,0.999,pathogenic,PAX2,81.0
Q02962,G81D,0.9999,pathogenic,PAX2,81.0
Q02962,G81E,0.9999,pathogenic,PAX2,81.0
Q02962,G81F,0.9997,pathogenic,PAX2,81.0
Q02962,G81H,0.9999,pathogenic,PAX2,81.0
Q02962,G81I,0.9998,pathogenic,PAX2,81.0
Q02962,G81K,0.9998,pathogenic,PAX2,81.0
Q02962,G81L,0.9994,pathogenic,PAX2,81.0
Q02962,G81M,0.9998,pathogenic,PAX2,81.0
Q02962,G81N,0.9996,pathogenic,PAX2,81.0
Q02962,G81P,0.9999,pathogenic,PAX2,81.0
Q02962,G81Q,0.9997,pathogenic,PAX2,81.0
Q02962,G81R,0.9992,pathogenic,PAX2,81.0
Q02962,G81S,0.9961,pathogenic,PAX2,81.0
Q02962,G81T,0.9982,pathogenic,PAX2,81.0
Q02962,G81V,0.9993,pathogenic,PAX2,81.0
Q02962,G81W,0.9997,pathogenic,PAX2,81.0
Q02962,G81Y,0.9997,pathogenic,PAX2,81.0
Q02962,V82A,0.9897,pathogenic,PAX2,82.0
Q02962,V82C,0.9951,pathogenic,PAX2,82.0
Q02962,V82D,0.9993,pathogenic,PAX2,82.0
Q02962,V82E,0.9972,pathogenic,PAX2,82.0
Q02962,V82F,0.9763,pathogenic,PAX2,82.0
Q02962,V82G,0.9903,pathogenic,PAX2,82.0
Q02962,V82H,0.9991,pathogenic,PAX2,82.0
Q02962,V82I,0.4053,ambiguous,PAX2,82.0
Q02962,V82K,0.9977,pathogenic,PAX2,82.0
Q02962,V82L,0.9833,pathogenic,PAX2,82.0
Q02962,V82M,0.9559,pathogenic,PAX2,82.0
Q02962,V82N,0.9934,pathogenic,PAX2,82.0
Q02962,V82P,0.9996,pathogenic,PAX2,82.0
Q02962,V82Q,0.9926,pathogenic,PAX2,82.0
Q02962,V82R,0.9944,pathogenic,PAX2,82.0
Q02962,V82S,0.9887,pathogenic,PAX2,82.0
Q02962,V82T,0.9801,pathogenic,PAX2,82.0
Q02962,V82W,0.9997,pathogenic,PAX2,82.0
Q02962,V82Y,0.9976,pathogenic,PAX2,82.0
Q02962,I83A,0.9994,pathogenic,PAX2,83.0
Q02962,I83C,1.0,pathogenic,PAX2,83.0
Q02962,I83D,1.0,pathogenic,PAX2,83.0
Q02962,I83E,0.9999,pathogenic,PAX2,83.0
Q02962,I83F,0.9988,pathogenic,PAX2,83.0
Q02962,I83G,0.9999,pathogenic,PAX2,83.0
Q02962,I83H,1.0,pathogenic,PAX2,83.0
Q02962,I83K,1.0,pathogenic,PAX2,83.0
Q02962,I83L,0.9961,pathogenic,PAX2,83.0
Q02962,I83M,0.996,pathogenic,PAX2,83.0
Q02962,I83N,1.0,pathogenic,PAX2,83.0
Q02962,I83P,0.9996,pathogenic,PAX2,83.0
Q02962,I83Q,1.0,pathogenic,PAX2,83.0
Q02962,I83R,0.9999,pathogenic,PAX2,83.0
Q02962,I83S,0.9999,pathogenic,PAX2,83.0
Q02962,I83T,0.9992,pathogenic,PAX2,83.0
Q02962,I83V,0.9897,pathogenic,PAX2,83.0
Q02962,I83W,0.9999,pathogenic,PAX2,83.0
Q02962,I83Y,0.9999,pathogenic,PAX2,83.0
Q02962,G84A,0.9992,pathogenic,PAX2,84.0
Q02962,G84C,0.9999,pathogenic,PAX2,84.0
Q02962,G84D,1.0,pathogenic,PAX2,84.0
Q02962,G84E,1.0,pathogenic,PAX2,84.0
Q02962,G84F,0.9999,pathogenic,PAX2,84.0
Q02962,G84H,1.0,pathogenic,PAX2,84.0
Q02962,G84I,0.9999,pathogenic,PAX2,84.0
Q02962,G84K,1.0,pathogenic,PAX2,84.0
Q02962,G84L,0.9999,pathogenic,PAX2,84.0
Q02962,G84M,1.0,pathogenic,PAX2,84.0
Q02962,G84N,1.0,pathogenic,PAX2,84.0
Q02962,G84P,0.9999,pathogenic,PAX2,84.0
Q02962,G84Q,1.0,pathogenic,PAX2,84.0
Q02962,G84R,1.0,pathogenic,PAX2,84.0
Q02962,G84S,0.9995,pathogenic,PAX2,84.0
Q02962,G84T,0.9996,pathogenic,PAX2,84.0
Q02962,G84V,0.9999,pathogenic,PAX2,84.0
Q02962,G84W,0.9999,pathogenic,PAX2,84.0
Q02962,G84Y,1.0,pathogenic,PAX2,84.0
Q02962,G85A,0.9991,pathogenic,PAX2,85.0
Q02962,G85C,0.9998,pathogenic,PAX2,85.0
Q02962,G85D,1.0,pathogenic,PAX2,85.0
Q02962,G85E,1.0,pathogenic,PAX2,85.0
Q02962,G85F,0.9998,pathogenic,PAX2,85.0
Q02962,G85H,1.0,pathogenic,PAX2,85.0
Q02962,G85I,0.9999,pathogenic,PAX2,85.0
Q02962,G85K,1.0,pathogenic,PAX2,85.0
Q02962,G85L,0.9999,pathogenic,PAX2,85.0
Q02962,G85M,1.0,pathogenic,PAX2,85.0
Q02962,G85N,0.9999,pathogenic,PAX2,85.0
Q02962,G85P,0.9999,pathogenic,PAX2,85.0
Q02962,G85Q,1.0,pathogenic,PAX2,85.0
Q02962,G85R,0.9999,pathogenic,PAX2,85.0
Q02962,G85S,0.9993,pathogenic,PAX2,85.0
Q02962,G85T,0.9996,pathogenic,PAX2,85.0
Q02962,G85V,0.9998,pathogenic,PAX2,85.0
Q02962,G85W,0.9999,pathogenic,PAX2,85.0
Q02962,G85Y,0.9999,pathogenic,PAX2,85.0
Q02962,S86A,0.9805,pathogenic,PAX2,86.0
Q02962,S86C,0.9991,pathogenic,PAX2,86.0
Q02962,S86D,0.9997,pathogenic,PAX2,86.0
Q02962,S86E,0.9992,pathogenic,PAX2,86.0
Q02962,S86F,0.9999,pathogenic,PAX2,86.0
Q02962,S86G,0.9959,pathogenic,PAX2,86.0
Q02962,S86H,0.9994,pathogenic,PAX2,86.0
Q02962,S86I,0.9998,pathogenic,PAX2,86.0
Q02962,S86K,0.9999,pathogenic,PAX2,86.0
Q02962,S86L,0.9998,pathogenic,PAX2,86.0
Q02962,S86M,0.9997,pathogenic,PAX2,86.0
Q02962,S86N,0.9992,pathogenic,PAX2,86.0
Q02962,S86P,0.9994,pathogenic,PAX2,86.0
Q02962,S86Q,0.999,pathogenic,PAX2,86.0
Q02962,S86R,0.9999,pathogenic,PAX2,86.0
Q02962,S86T,0.9883,pathogenic,PAX2,86.0
Q02962,S86V,0.9997,pathogenic,PAX2,86.0
Q02962,S86W,0.9991,pathogenic,PAX2,86.0
Q02962,S86Y,0.9997,pathogenic,PAX2,86.0
Q02962,K87A,0.9997,pathogenic,PAX2,87.0
Q02962,K87C,1.0,pathogenic,PAX2,87.0
Q02962,K87D,1.0,pathogenic,PAX2,87.0
Q02962,K87E,0.9999,pathogenic,PAX2,87.0
Q02962,K87F,1.0,pathogenic,PAX2,87.0
Q02962,K87G,0.9998,pathogenic,PAX2,87.0
Q02962,K87H,0.9996,pathogenic,PAX2,87.0
Q02962,K87I,0.9999,pathogenic,PAX2,87.0
Q02962,K87L,0.9997,pathogenic,PAX2,87.0
Q02962,K87M,0.9998,pathogenic,PAX2,87.0
Q02962,K87N,1.0,pathogenic,PAX2,87.0
Q02962,K87P,0.9974,pathogenic,PAX2,87.0
Q02962,K87Q,0.9997,pathogenic,PAX2,87.0
Q02962,K87R,0.9476,pathogenic,PAX2,87.0
Q02962,K87S,0.9999,pathogenic,PAX2,87.0
Q02962,K87T,0.9994,pathogenic,PAX2,87.0
Q02962,K87V,0.9998,pathogenic,PAX2,87.0
Q02962,K87W,1.0,pathogenic,PAX2,87.0
Q02962,K87Y,0.9999,pathogenic,PAX2,87.0
Q02962,P88A,0.9993,pathogenic,PAX2,88.0
Q02962,P88C,1.0,pathogenic,PAX2,88.0
Q02962,P88D,1.0,pathogenic,PAX2,88.0
Q02962,P88E,0.9999,pathogenic,PAX2,88.0
Q02962,P88F,1.0,pathogenic,PAX2,88.0
Q02962,P88G,0.9996,pathogenic,PAX2,88.0
Q02962,P88H,1.0,pathogenic,PAX2,88.0
Q02962,P88I,1.0,pathogenic,PAX2,88.0
Q02962,P88K,0.9999,pathogenic,PAX2,88.0
Q02962,P88L,0.9998,pathogenic,PAX2,88.0
Q02962,P88M,1.0,pathogenic,PAX2,88.0
Q02962,P88N,0.9999,pathogenic,PAX2,88.0
Q02962,P88Q,0.9999,pathogenic,PAX2,88.0
Q02962,P88R,0.9998,pathogenic,PAX2,88.0
Q02962,P88S,0.9999,pathogenic,PAX2,88.0
Q02962,P88T,0.9998,pathogenic,PAX2,88.0
Q02962,P88V,0.9998,pathogenic,PAX2,88.0
Q02962,P88W,1.0,pathogenic,PAX2,88.0
Q02962,P88Y,1.0,pathogenic,PAX2,88.0
Q02962,K89A,0.998,pathogenic,PAX2,89.0
Q02962,K89C,0.9998,pathogenic,PAX2,89.0
Q02962,K89D,0.9999,pathogenic,PAX2,89.0
Q02962,K89E,0.9998,pathogenic,PAX2,89.0
Q02962,K89F,0.9999,pathogenic,PAX2,89.0
Q02962,K89G,0.999,pathogenic,PAX2,89.0
Q02962,K89H,0.9987,pathogenic,PAX2,89.0
Q02962,K89I,0.9996,pathogenic,PAX2,89.0
Q02962,K89L,0.9985,pathogenic,PAX2,89.0
Q02962,K89M,0.9989,pathogenic,PAX2,89.0
Q02962,K89N,0.9999,pathogenic,PAX2,89.0
Q02962,K89P,0.9974,pathogenic,PAX2,89.0
Q02962,K89Q,0.9979,pathogenic,PAX2,89.0
Q02962,K89R,0.6063,pathogenic,PAX2,89.0
Q02962,K89S,0.9997,pathogenic,PAX2,89.0
Q02962,K89T,0.9978,pathogenic,PAX2,89.0
Q02962,K89V,0.9982,pathogenic,PAX2,89.0
Q02962,K89W,0.9999,pathogenic,PAX2,89.0
Q02962,K89Y,0.9998,pathogenic,PAX2,89.0
Q02962,V90A,0.9996,pathogenic,PAX2,90.0
Q02962,V90C,0.9999,pathogenic,PAX2,90.0
Q02962,V90D,0.9998,pathogenic,PAX2,90.0
Q02962,V90E,0.9995,pathogenic,PAX2,90.0
Q02962,V90F,0.9991,pathogenic,PAX2,90.0
Q02962,V90G,0.9936,pathogenic,PAX2,90.0
Q02962,V90H,0.9999,pathogenic,PAX2,90.0
Q02962,V90I,0.9666,pathogenic,PAX2,90.0
Q02962,V90K,0.9995,pathogenic,PAX2,90.0
Q02962,V90L,0.9994,pathogenic,PAX2,90.0
Q02962,V90M,0.9996,pathogenic,PAX2,90.0
Q02962,V90N,0.9993,pathogenic,PAX2,90.0
Q02962,V90P,0.9992,pathogenic,PAX2,90.0
Q02962,V90Q,0.9996,pathogenic,PAX2,90.0
Q02962,V90R,0.9978,pathogenic,PAX2,90.0
Q02962,V90S,0.999,pathogenic,PAX2,90.0
Q02962,V90T,0.9958,pathogenic,PAX2,90.0
Q02962,V90W,1.0,pathogenic,PAX2,90.0
Q02962,V90Y,0.9997,pathogenic,PAX2,90.0
Q02962,A91C,0.9971,pathogenic,PAX2,91.0
Q02962,A91D,1.0,pathogenic,PAX2,91.0
Q02962,A91E,0.9999,pathogenic,PAX2,91.0
Q02962,A91F,0.999,pathogenic,PAX2,91.0
Q02962,A91G,0.9962,pathogenic,PAX2,91.0
Q02962,A91H,0.9999,pathogenic,PAX2,91.0
Q02962,A91I,0.9997,pathogenic,PAX2,91.0
Q02962,A91K,1.0,pathogenic,PAX2,91.0
Q02962,A91L,0.9932,pathogenic,PAX2,91.0
Q02962,A91M,0.9994,pathogenic,PAX2,91.0
Q02962,A91N,0.9998,pathogenic,PAX2,91.0
Q02962,A91P,0.999,pathogenic,PAX2,91.0
Q02962,A91Q,0.9995,pathogenic,PAX2,91.0
Q02962,A91R,0.9993,pathogenic,PAX2,91.0
Q02962,A91S,0.9699,pathogenic,PAX2,91.0
Q02962,A91T,0.9971,pathogenic,PAX2,91.0
Q02962,A91V,0.9989,pathogenic,PAX2,91.0
Q02962,A91W,0.9999,pathogenic,PAX2,91.0
Q02962,A91Y,0.9998,pathogenic,PAX2,91.0
Q02962,T92A,0.9945,pathogenic,PAX2,92.0
Q02962,T92C,0.9996,pathogenic,PAX2,92.0
Q02962,T92D,0.9995,pathogenic,PAX2,92.0
Q02962,T92E,0.9994,pathogenic,PAX2,92.0
Q02962,T92F,0.9993,pathogenic,PAX2,92.0
Q02962,T92G,0.9925,pathogenic,PAX2,92.0
Q02962,T92H,0.9985,pathogenic,PAX2,92.0
Q02962,T92I,0.9993,pathogenic,PAX2,92.0
Q02962,T92K,0.9984,pathogenic,PAX2,92.0
Q02962,T92L,0.9941,pathogenic,PAX2,92.0
Q02962,T92M,0.9975,pathogenic,PAX2,92.0
Q02962,T92N,0.9947,pathogenic,PAX2,92.0
Q02962,T92P,0.9722,pathogenic,PAX2,92.0
Q02962,T92Q,0.9981,pathogenic,PAX2,92.0
Q02962,T92R,0.9984,pathogenic,PAX2,92.0
Q02962,T92S,0.9829,pathogenic,PAX2,92.0
Q02962,T92V,0.9953,pathogenic,PAX2,92.0
Q02962,T92W,0.9998,pathogenic,PAX2,92.0
Q02962,T92Y,0.9996,pathogenic,PAX2,92.0
Q02962,P93A,0.6738,pathogenic,PAX2,93.0
Q02962,P93C,0.9942,pathogenic,PAX2,93.0
Q02962,P93D,0.9961,pathogenic,PAX2,93.0
Q02962,P93E,0.9891,pathogenic,PAX2,93.0
Q02962,P93F,0.9984,pathogenic,PAX2,93.0
Q02962,P93G,0.9135,pathogenic,PAX2,93.0
Q02962,P93H,0.9774,pathogenic,PAX2,93.0
Q02962,P93I,0.9937,pathogenic,PAX2,93.0
Q02962,P93K,0.9948,pathogenic,PAX2,93.0
Q02962,P93L,0.9368,pathogenic,PAX2,93.0
Q02962,P93M,0.9878,pathogenic,PAX2,93.0
Q02962,P93N,0.9699,pathogenic,PAX2,93.0
Q02962,P93Q,0.9432,pathogenic,PAX2,93.0
Q02962,P93R,0.9836,pathogenic,PAX2,93.0
Q02962,P93S,0.8796,pathogenic,PAX2,93.0
Q02962,P93T,0.9244,pathogenic,PAX2,93.0
Q02962,P93V,0.9696,pathogenic,PAX2,93.0
Q02962,P93W,0.9991,pathogenic,PAX2,93.0
Q02962,P93Y,0.9979,pathogenic,PAX2,93.0
Q02962,K94A,0.7749,pathogenic,PAX2,94.0
Q02962,K94C,0.9598,pathogenic,PAX2,94.0
Q02962,K94D,0.9672,pathogenic,PAX2,94.0
Q02962,K94E,0.8801,pathogenic,PAX2,94.0
Q02962,K94F,0.9902,pathogenic,PAX2,94.0
Q02962,K94G,0.8527,pathogenic,PAX2,94.0
Q02962,K94H,0.7372,pathogenic,PAX2,94.0
Q02962,K94I,0.9214,pathogenic,PAX2,94.0
Q02962,K94L,0.8204,pathogenic,PAX2,94.0
Q02962,K94M,0.8357,pathogenic,PAX2,94.0
Q02962,K94N,0.9288,pathogenic,PAX2,94.0
Q02962,K94P,0.9194,pathogenic,PAX2,94.0
Q02962,K94Q,0.4959,ambiguous,PAX2,94.0
Q02962,K94R,0.1226,benign,PAX2,94.0
Q02962,K94S,0.8956,pathogenic,PAX2,94.0
Q02962,K94T,0.7369,pathogenic,PAX2,94.0
Q02962,K94V,0.8011,pathogenic,PAX2,94.0
Q02962,K94W,0.9846,pathogenic,PAX2,94.0
Q02962,K94Y,0.9754,pathogenic,PAX2,94.0
Q02962,V95A,0.9981,pathogenic,PAX2,95.0
Q02962,V95C,0.9995,pathogenic,PAX2,95.0
Q02962,V95D,0.9999,pathogenic,PAX2,95.0
Q02962,V95E,0.9996,pathogenic,PAX2,95.0
Q02962,V95F,0.9997,pathogenic,PAX2,95.0
Q02962,V95G,0.9968,pathogenic,PAX2,95.0
Q02962,V95H,1.0,pathogenic,PAX2,95.0
Q02962,V95I,0.8565,pathogenic,PAX2,95.0
Q02962,V95K,0.9998,pathogenic,PAX2,95.0
Q02962,V95L,0.999,pathogenic,PAX2,95.0
Q02962,V95M,0.9988,pathogenic,PAX2,95.0
Q02962,V95N,0.9995,pathogenic,PAX2,95.0
Q02962,V95P,0.9997,pathogenic,PAX2,95.0
Q02962,V95Q,0.9996,pathogenic,PAX2,95.0
Q02962,V95R,0.9995,pathogenic,PAX2,95.0
Q02962,V95S,0.9989,pathogenic,PAX2,95.0
Q02962,V95T,0.9904,pathogenic,PAX2,95.0
Q02962,V95W,1.0,pathogenic,PAX2,95.0
Q02962,V95Y,0.9999,pathogenic,PAX2,95.0
Q02962,V96A,0.995,pathogenic,PAX2,96.0
Q02962,V96C,0.9974,pathogenic,PAX2,96.0
Q02962,V96D,0.9999,pathogenic,PAX2,96.0
Q02962,V96E,0.9984,pathogenic,PAX2,96.0
Q02962,V96F,0.9991,pathogenic,PAX2,96.0
Q02962,V96G,0.9919,pathogenic,PAX2,96.0
Q02962,V96H,0.9999,pathogenic,PAX2,96.0
Q02962,V96I,0.8627,pathogenic,PAX2,96.0
Q02962,V96K,0.9992,pathogenic,PAX2,96.0
Q02962,V96L,0.9988,pathogenic,PAX2,96.0
Q02962,V96M,0.9976,pathogenic,PAX2,96.0
Q02962,V96N,0.9992,pathogenic,PAX2,96.0
Q02962,V96P,0.9997,pathogenic,PAX2,96.0
Q02962,V96Q,0.9978,pathogenic,PAX2,96.0
Q02962,V96R,0.9952,pathogenic,PAX2,96.0
Q02962,V96S,0.9954,pathogenic,PAX2,96.0
Q02962,V96T,0.9717,pathogenic,PAX2,96.0
Q02962,V96W,0.9999,pathogenic,PAX2,96.0
Q02962,V96Y,0.9998,pathogenic,PAX2,96.0
Q02962,D97A,0.6981,pathogenic,PAX2,97.0
Q02962,D97C,0.9588,pathogenic,PAX2,97.0
Q02962,D97E,0.1235,benign,PAX2,97.0
Q02962,D97F,0.9832,pathogenic,PAX2,97.0
Q02962,D97G,0.646,pathogenic,PAX2,97.0
Q02962,D97H,0.9102,pathogenic,PAX2,97.0
Q02962,D97I,0.9613,pathogenic,PAX2,97.0
Q02962,D97K,0.9477,pathogenic,PAX2,97.0
Q02962,D97L,0.9109,pathogenic,PAX2,97.0
Q02962,D97M,0.9659,pathogenic,PAX2,97.0
Q02962,D97N,0.4091,ambiguous,PAX2,97.0
Q02962,D97P,0.9978,pathogenic,PAX2,97.0
Q02962,D97Q,0.7956,pathogenic,PAX2,97.0
Q02962,D97R,0.9548,pathogenic,PAX2,97.0
Q02962,D97S,0.5346,ambiguous,PAX2,97.0
Q02962,D97T,0.7839,pathogenic,PAX2,97.0
Q02962,D97V,0.8807,pathogenic,PAX2,97.0
Q02962,D97W,0.9958,pathogenic,PAX2,97.0
Q02962,D97Y,0.9256,pathogenic,PAX2,97.0
Q02962,K98A,0.8584,pathogenic,PAX2,98.0
Q02962,K98C,0.8976,pathogenic,PAX2,98.0
Q02962,K98D,0.9969,pathogenic,PAX2,98.0
Q02962,K98E,0.9683,pathogenic,PAX2,98.0
Q02962,K98F,0.9967,pathogenic,PAX2,98.0
Q02962,K98G,0.9791,pathogenic,PAX2,98.0
Q02962,K98H,0.754,pathogenic,PAX2,98.0
Q02962,K98I,0.9798,pathogenic,PAX2,98.0
Q02962,K98L,0.9549,pathogenic,PAX2,98.0
Q02962,K98M,0.8807,pathogenic,PAX2,98.0
Q02962,K98N,0.9845,pathogenic,PAX2,98.0
Q02962,K98P,0.9998,pathogenic,PAX2,98.0
Q02962,K98Q,0.639,pathogenic,PAX2,98.0
Q02962,K98R,0.1314,benign,PAX2,98.0
Q02962,K98S,0.9607,pathogenic,PAX2,98.0
Q02962,K98T,0.83,pathogenic,PAX2,98.0
Q02962,K98V,0.928,pathogenic,PAX2,98.0
Q02962,K98W,0.9942,pathogenic,PAX2,98.0
Q02962,K98Y,0.9854,pathogenic,PAX2,98.0
Q02962,I99A,0.9993,pathogenic,PAX2,99.0
Q02962,I99C,1.0,pathogenic,PAX2,99.0
Q02962,I99D,1.0,pathogenic,PAX2,99.0
Q02962,I99E,0.9999,pathogenic,PAX2,99.0
Q02962,I99F,0.9997,pathogenic,PAX2,99.0
Q02962,I99G,1.0,pathogenic,PAX2,99.0
Q02962,I99H,1.0,pathogenic,PAX2,99.0
Q02962,I99K,1.0,pathogenic,PAX2,99.0
Q02962,I99L,0.996,pathogenic,PAX2,99.0
Q02962,I99M,0.9931,pathogenic,PAX2,99.0
Q02962,I99N,1.0,pathogenic,PAX2,99.0
Q02962,I99P,1.0,pathogenic,PAX2,99.0
Q02962,I99Q,1.0,pathogenic,PAX2,99.0
Q02962,I99R,1.0,pathogenic,PAX2,99.0
Q02962,I99S,0.9999,pathogenic,PAX2,99.0
Q02962,I99T,0.9997,pathogenic,PAX2,99.0
Q02962,I99V,0.9586,pathogenic,PAX2,99.0
Q02962,I99W,1.0,pathogenic,PAX2,99.0
Q02962,I99Y,1.0,pathogenic,PAX2,99.0
Q02962,A100C,0.895,pathogenic,PAX2,100.0
Q02962,A100D,0.9977,pathogenic,PAX2,100.0
Q02962,A100E,0.9798,pathogenic,PAX2,100.0
Q02962,A100F,0.9634,pathogenic,PAX2,100.0
Q02962,A100G,0.3866,ambiguous,PAX2,100.0
Q02962,A100H,0.9823,pathogenic,PAX2,100.0
Q02962,A100I,0.9791,pathogenic,PAX2,100.0
Q02962,A100K,0.9958,pathogenic,PAX2,100.0
Q02962,A100L,0.8809,pathogenic,PAX2,100.0
Q02962,A100M,0.91,pathogenic,PAX2,100.0
Q02962,A100N,0.9646,pathogenic,PAX2,100.0
Q02962,A100P,0.9998,pathogenic,PAX2,100.0
Q02962,A100Q,0.9118,pathogenic,PAX2,100.0
Q02962,A100R,0.974,pathogenic,PAX2,100.0
Q02962,A100S,0.2698,benign,PAX2,100.0
Q02962,A100T,0.7493,pathogenic,PAX2,100.0
Q02962,A100V,0.916,pathogenic,PAX2,100.0
Q02962,A100W,0.9953,pathogenic,PAX2,100.0
Q02962,A100Y,0.9854,pathogenic,PAX2,100.0
Q02962,E101A,0.478,ambiguous,PAX2,101.0
Q02962,E101C,0.9687,pathogenic,PAX2,101.0
Q02962,E101D,0.0648,benign,PAX2,101.0
Q02962,E101F,0.9578,pathogenic,PAX2,101.0
Q02962,E101G,0.5813,pathogenic,PAX2,101.0
Q02962,E101H,0.8759,pathogenic,PAX2,101.0
Q02962,E101I,0.8767,pathogenic,PAX2,101.0
Q02962,E101K,0.8924,pathogenic,PAX2,101.0
Q02962,E101L,0.8295,pathogenic,PAX2,101.0
Q02962,E101M,0.8823,pathogenic,PAX2,101.0
Q02962,E101N,0.496,ambiguous,PAX2,101.0
Q02962,E101P,0.9982,pathogenic,PAX2,101.0
Q02962,E101Q,0.5281,ambiguous,PAX2,101.0
Q02962,E101R,0.9146,pathogenic,PAX2,101.0
Q02962,E101S,0.486,ambiguous,PAX2,101.0
Q02962,E101T,0.7042,pathogenic,PAX2,101.0
Q02962,E101V,0.7535,pathogenic,PAX2,101.0
Q02962,E101W,0.9891,pathogenic,PAX2,101.0
Q02962,E101Y,0.9176,pathogenic,PAX2,101.0
Q02962,Y102A,0.9996,pathogenic,PAX2,102.0
Q02962,Y102C,0.9981,pathogenic,PAX2,102.0
Q02962,Y102D,0.9998,pathogenic,PAX2,102.0
Q02962,Y102E,0.9999,pathogenic,PAX2,102.0
Q02962,Y102F,0.5399,ambiguous,PAX2,102.0
Q02962,Y102G,0.9989,pathogenic,PAX2,102.0
Q02962,Y102H,0.9996,pathogenic,PAX2,102.0
Q02962,Y102I,0.9963,pathogenic,PAX2,102.0
Q02962,Y102K,0.9999,pathogenic,PAX2,102.0
Q02962,Y102L,0.9644,pathogenic,PAX2,102.0
Q02962,Y102M,0.9957,pathogenic,PAX2,102.0
Q02962,Y102N,0.999,pathogenic,PAX2,102.0
Q02962,Y102P,1.0,pathogenic,PAX2,102.0
Q02962,Y102Q,0.9999,pathogenic,PAX2,102.0
Q02962,Y102R,0.9998,pathogenic,PAX2,102.0
Q02962,Y102S,0.9997,pathogenic,PAX2,102.0
Q02962,Y102T,0.9998,pathogenic,PAX2,102.0
Q02962,Y102V,0.9955,pathogenic,PAX2,102.0
Q02962,Y102W,0.9744,pathogenic,PAX2,102.0
Q02962,K103A,0.9994,pathogenic,PAX2,103.0
Q02962,K103C,0.9993,pathogenic,PAX2,103.0
Q02962,K103D,1.0,pathogenic,PAX2,103.0
Q02962,K103E,0.9999,pathogenic,PAX2,103.0
Q02962,K103F,1.0,pathogenic,PAX2,103.0
Q02962,K103G,0.9995,pathogenic,PAX2,103.0
Q02962,K103H,0.9985,pathogenic,PAX2,103.0
Q02962,K103I,0.9997,pathogenic,PAX2,103.0
Q02962,K103L,0.9995,pathogenic,PAX2,103.0
Q02962,K103M,0.9996,pathogenic,PAX2,103.0
Q02962,K103N,1.0,pathogenic,PAX2,103.0
Q02962,K103P,0.9996,pathogenic,PAX2,103.0
Q02962,K103Q,0.9989,pathogenic,PAX2,103.0
Q02962,K103R,0.8925,pathogenic,PAX2,103.0
Q02962,K103S,0.9999,pathogenic,PAX2,103.0
Q02962,K103T,0.9985,pathogenic,PAX2,103.0
Q02962,K103V,0.9993,pathogenic,PAX2,103.0
Q02962,K103W,0.9999,pathogenic,PAX2,103.0
Q02962,K103Y,0.9998,pathogenic,PAX2,103.0
Q02962,R104A,0.9441,pathogenic,PAX2,104.0
Q02962,R104C,0.7575,pathogenic,PAX2,104.0
Q02962,R104D,0.9884,pathogenic,PAX2,104.0
Q02962,R104E,0.8941,pathogenic,PAX2,104.0
Q02962,R104F,0.9826,pathogenic,PAX2,104.0
Q02962,R104G,0.9237,pathogenic,PAX2,104.0
Q02962,R104H,0.4686,ambiguous,PAX2,104.0
Q02962,R104I,0.9189,pathogenic,PAX2,104.0
Q02962,R104K,0.3463,ambiguous,PAX2,104.0
Q02962,R104L,0.7756,pathogenic,PAX2,104.0
Q02962,R104M,0.9152,pathogenic,PAX2,104.0
Q02962,R104N,0.9687,pathogenic,PAX2,104.0
Q02962,R104P,0.9995,pathogenic,PAX2,104.0
Q02962,R104Q,0.2836,benign,PAX2,104.0
Q02962,R104S,0.9667,pathogenic,PAX2,104.0
Q02962,R104T,0.9397,pathogenic,PAX2,104.0
Q02962,R104V,0.9155,pathogenic,PAX2,104.0
Q02962,R104W,0.8951,pathogenic,PAX2,104.0
Q02962,R104Y,0.9474,pathogenic,PAX2,104.0
Q02962,Q105A,0.3445,ambiguous,PAX2,105.0
Q02962,Q105C,0.8834,pathogenic,PAX2,105.0
Q02962,Q105D,0.8176,pathogenic,PAX2,105.0
Q02962,Q105E,0.2224,benign,PAX2,105.0
Q02962,Q105F,0.9528,pathogenic,PAX2,105.0
Q02962,Q105G,0.5034,ambiguous,PAX2,105.0
Q02962,Q105H,0.5293,ambiguous,PAX2,105.0
Q02962,Q105I,0.7879,pathogenic,PAX2,105.0
Q02962,Q105K,0.6136,pathogenic,PAX2,105.0
Q02962,Q105L,0.2893,benign,PAX2,105.0
Q02962,Q105M,0.5426,ambiguous,PAX2,105.0
Q02962,Q105N,0.376,ambiguous,PAX2,105.0
Q02962,Q105P,0.9952,pathogenic,PAX2,105.0
Q02962,Q105R,0.6202,pathogenic,PAX2,105.0
Q02962,Q105S,0.3566,ambiguous,PAX2,105.0
Q02962,Q105T,0.4632,ambiguous,PAX2,105.0
Q02962,Q105V,0.6453,pathogenic,PAX2,105.0
Q02962,Q105W,0.9716,pathogenic,PAX2,105.0
Q02962,Q105Y,0.9135,pathogenic,PAX2,105.0
Q02962,N106A,0.9965,pathogenic,PAX2,106.0
Q02962,N106C,0.9663,pathogenic,PAX2,106.0
Q02962,N106D,0.9967,pathogenic,PAX2,106.0
Q02962,N106E,0.9981,pathogenic,PAX2,106.0
Q02962,N106F,0.9981,pathogenic,PAX2,106.0
Q02962,N106G,0.9985,pathogenic,PAX2,106.0
Q02962,N106H,0.969,pathogenic,PAX2,106.0
Q02962,N106I,0.9965,pathogenic,PAX2,106.0
Q02962,N106K,0.9994,pathogenic,PAX2,106.0
Q02962,N106L,0.9958,pathogenic,PAX2,106.0
Q02962,N106M,0.9946,pathogenic,PAX2,106.0
Q02962,N106P,0.9992,pathogenic,PAX2,106.0
Q02962,N106Q,0.9959,pathogenic,PAX2,106.0
Q02962,N106R,0.9988,pathogenic,PAX2,106.0
Q02962,N106S,0.9644,pathogenic,PAX2,106.0
Q02962,N106T,0.9897,pathogenic,PAX2,106.0
Q02962,N106V,0.9946,pathogenic,PAX2,106.0
Q02962,N106W,0.9996,pathogenic,PAX2,106.0
Q02962,N106Y,0.9853,pathogenic,PAX2,106.0
Q02962,P107A,0.9833,pathogenic,PAX2,107.0
Q02962,P107C,0.9995,pathogenic,PAX2,107.0
Q02962,P107D,0.9992,pathogenic,PAX2,107.0
Q02962,P107E,0.9983,pathogenic,PAX2,107.0
Q02962,P107F,0.9999,pathogenic,PAX2,107.0
Q02962,P107G,0.996,pathogenic,PAX2,107.0
Q02962,P107H,0.9979,pathogenic,PAX2,107.0
Q02962,P107I,0.9998,pathogenic,PAX2,107.0
Q02962,P107K,0.9987,pathogenic,PAX2,107.0
Q02962,P107L,0.9979,pathogenic,PAX2,107.0
Q02962,P107M,0.9997,pathogenic,PAX2,107.0
Q02962,P107N,0.999,pathogenic,PAX2,107.0
Q02962,P107Q,0.9968,pathogenic,PAX2,107.0
Q02962,P107R,0.9938,pathogenic,PAX2,107.0
Q02962,P107S,0.9946,pathogenic,PAX2,107.0
Q02962,P107T,0.9966,pathogenic,PAX2,107.0
Q02962,P107V,0.9989,pathogenic,PAX2,107.0
Q02962,P107W,0.9999,pathogenic,PAX2,107.0
Q02962,P107Y,0.9998,pathogenic,PAX2,107.0
Q02962,T108A,0.9585,pathogenic,PAX2,108.0
Q02962,T108C,0.9977,pathogenic,PAX2,108.0
Q02962,T108D,0.9988,pathogenic,PAX2,108.0
Q02962,T108E,0.9984,pathogenic,PAX2,108.0
Q02962,T108F,0.9983,pathogenic,PAX2,108.0
Q02962,T108G,0.9573,pathogenic,PAX2,108.0
Q02962,T108H,0.9972,pathogenic,PAX2,108.0
Q02962,T108I,0.9994,pathogenic,PAX2,108.0
Q02962,T108K,0.9987,pathogenic,PAX2,108.0
Q02962,T108L,0.9847,pathogenic,PAX2,108.0
Q02962,T108M,0.9905,pathogenic,PAX2,108.0
Q02962,T108N,0.9902,pathogenic,PAX2,108.0
Q02962,T108P,0.9911,pathogenic,PAX2,108.0
Q02962,T108Q,0.9946,pathogenic,PAX2,108.0
Q02962,T108R,0.9966,pathogenic,PAX2,108.0
Q02962,T108S,0.9385,pathogenic,PAX2,108.0
Q02962,T108V,0.9908,pathogenic,PAX2,108.0
Q02962,T108W,0.9997,pathogenic,PAX2,108.0
Q02962,T108Y,0.9991,pathogenic,PAX2,108.0
Q02962,M109A,0.9968,pathogenic,PAX2,109.0
Q02962,M109C,0.9956,pathogenic,PAX2,109.0
Q02962,M109D,1.0,pathogenic,PAX2,109.0
Q02962,M109E,0.9997,pathogenic,PAX2,109.0
Q02962,M109F,0.9951,pathogenic,PAX2,109.0
Q02962,M109G,0.9997,pathogenic,PAX2,109.0
Q02962,M109H,0.9998,pathogenic,PAX2,109.0
Q02962,M109I,0.9884,pathogenic,PAX2,109.0
Q02962,M109K,0.9996,pathogenic,PAX2,109.0
Q02962,M109L,0.9192,pathogenic,PAX2,109.0
Q02962,M109N,0.9997,pathogenic,PAX2,109.0
Q02962,M109P,0.9999,pathogenic,PAX2,109.0
Q02962,M109Q,0.9952,pathogenic,PAX2,109.0
Q02962,M109R,0.9996,pathogenic,PAX2,109.0
Q02962,M109S,0.9983,pathogenic,PAX2,109.0
Q02962,M109T,0.9987,pathogenic,PAX2,109.0
Q02962,M109V,0.9027,pathogenic,PAX2,109.0
Q02962,M109W,0.9997,pathogenic,PAX2,109.0
Q02962,M109Y,0.9991,pathogenic,PAX2,109.0
Q02962,F110A,0.9999,pathogenic,PAX2,110.0
Q02962,F110C,1.0,pathogenic,PAX2,110.0
Q02962,F110D,1.0,pathogenic,PAX2,110.0
Q02962,F110E,1.0,pathogenic,PAX2,110.0
Q02962,F110G,0.9999,pathogenic,PAX2,110.0
Q02962,F110H,0.9999,pathogenic,PAX2,110.0
Q02962,F110I,1.0,pathogenic,PAX2,110.0
Q02962,F110K,1.0,pathogenic,PAX2,110.0
Q02962,F110L,1.0,pathogenic,PAX2,110.0
Q02962,F110M,0.9999,pathogenic,PAX2,110.0
Q02962,F110N,0.9999,pathogenic,PAX2,110.0
Q02962,F110P,1.0,pathogenic,PAX2,110.0
Q02962,F110Q,1.0,pathogenic,PAX2,110.0
Q02962,F110R,0.9999,pathogenic,PAX2,110.0
Q02962,F110S,1.0,pathogenic,PAX2,110.0
Q02962,F110T,1.0,pathogenic,PAX2,110.0
Q02962,F110V,1.0,pathogenic,PAX2,110.0
Q02962,F110W,0.9994,pathogenic,PAX2,110.0
Q02962,F110Y,0.9974,pathogenic,PAX2,110.0
Q02962,A111C,0.9988,pathogenic,PAX2,111.0
Q02962,A111D,1.0,pathogenic,PAX2,111.0
Q02962,A111E,0.9999,pathogenic,PAX2,111.0
Q02962,A111F,0.9994,pathogenic,PAX2,111.0
Q02962,A111G,0.9968,pathogenic,PAX2,111.0
Q02962,A111H,0.9999,pathogenic,PAX2,111.0
Q02962,A111I,0.9999,pathogenic,PAX2,111.0
Q02962,A111K,1.0,pathogenic,PAX2,111.0
Q02962,A111L,0.9974,pathogenic,PAX2,111.0
Q02962,A111M,0.9999,pathogenic,PAX2,111.0
Q02962,A111N,0.9999,pathogenic,PAX2,111.0
Q02962,A111P,0.9986,pathogenic,PAX2,111.0
Q02962,A111Q,0.9992,pathogenic,PAX2,111.0
Q02962,A111R,0.9991,pathogenic,PAX2,111.0
Q02962,A111S,0.9383,pathogenic,PAX2,111.0
Q02962,A111T,0.9994,pathogenic,PAX2,111.0
Q02962,A111V,0.9998,pathogenic,PAX2,111.0
Q02962,A111W,0.9999,pathogenic,PAX2,111.0
Q02962,A111Y,0.9998,pathogenic,PAX2,111.0
Q02962,W112A,1.0,pathogenic,PAX2,112.0
Q02962,W112C,1.0,pathogenic,PAX2,112.0
Q02962,W112D,1.0,pathogenic,PAX2,112.0
Q02962,W112E,1.0,pathogenic,PAX2,112.0
Q02962,W112F,0.9955,pathogenic,PAX2,112.0
Q02962,W112G,0.9997,pathogenic,PAX2,112.0
Q02962,W112H,1.0,pathogenic,PAX2,112.0
Q02962,W112I,1.0,pathogenic,PAX2,112.0
Q02962,W112K,1.0,pathogenic,PAX2,112.0
Q02962,W112L,0.9999,pathogenic,PAX2,112.0
Q02962,W112M,1.0,pathogenic,PAX2,112.0
Q02962,W112N,1.0,pathogenic,PAX2,112.0
Q02962,W112P,1.0,pathogenic,PAX2,112.0
Q02962,W112Q,1.0,pathogenic,PAX2,112.0
Q02962,W112R,1.0,pathogenic,PAX2,112.0
Q02962,W112S,0.9999,pathogenic,PAX2,112.0
Q02962,W112T,0.9999,pathogenic,PAX2,112.0
Q02962,W112V,0.9999,pathogenic,PAX2,112.0
Q02962,W112Y,0.9993,pathogenic,PAX2,112.0
Q02962,E113A,0.9995,pathogenic,PAX2,113.0
Q02962,E113C,0.9999,pathogenic,PAX2,113.0
Q02962,E113D,0.9998,pathogenic,PAX2,113.0
Q02962,E113F,1.0,pathogenic,PAX2,113.0
Q02962,E113G,0.9997,pathogenic,PAX2,113.0
Q02962,E113H,0.9999,pathogenic,PAX2,113.0
Q02962,E113I,1.0,pathogenic,PAX2,113.0
Q02962,E113K,0.9999,pathogenic,PAX2,113.0
Q02962,E113L,1.0,pathogenic,PAX2,113.0
Q02962,E113M,1.0,pathogenic,PAX2,113.0
Q02962,E113N,0.9999,pathogenic,PAX2,113.0
Q02962,E113P,1.0,pathogenic,PAX2,113.0
Q02962,E113Q,0.998,pathogenic,PAX2,113.0
Q02962,E113R,0.9998,pathogenic,PAX2,113.0
Q02962,E113S,0.9999,pathogenic,PAX2,113.0
Q02962,E113T,0.9999,pathogenic,PAX2,113.0
Q02962,E113V,0.9999,pathogenic,PAX2,113.0
Q02962,E113W,1.0,pathogenic,PAX2,113.0
Q02962,E113Y,1.0,pathogenic,PAX2,113.0
Q02962,I114A,0.9999,pathogenic,PAX2,114.0
Q02962,I114C,1.0,pathogenic,PAX2,114.0
Q02962,I114D,1.0,pathogenic,PAX2,114.0
Q02962,I114E,1.0,pathogenic,PAX2,114.0
Q02962,I114F,0.9997,pathogenic,PAX2,114.0
Q02962,I114G,1.0,pathogenic,PAX2,114.0
Q02962,I114H,1.0,pathogenic,PAX2,114.0
Q02962,I114K,1.0,pathogenic,PAX2,114.0
Q02962,I114L,0.9952,pathogenic,PAX2,114.0
Q02962,I114M,0.9939,pathogenic,PAX2,114.0
Q02962,I114N,1.0,pathogenic,PAX2,114.0
Q02962,I114P,1.0,pathogenic,PAX2,114.0
Q02962,I114Q,1.0,pathogenic,PAX2,114.0
Q02962,I114R,1.0,pathogenic,PAX2,114.0
Q02962,I114S,1.0,pathogenic,PAX2,114.0
Q02962,I114T,0.9999,pathogenic,PAX2,114.0
Q02962,I114V,0.9821,pathogenic,PAX2,114.0
Q02962,I114W,1.0,pathogenic,PAX2,114.0
Q02962,I114Y,1.0,pathogenic,PAX2,114.0
Q02962,R115A,0.9999,pathogenic,PAX2,115.0
Q02962,R115C,0.9996,pathogenic,PAX2,115.0
Q02962,R115D,1.0,pathogenic,PAX2,115.0
Q02962,R115E,0.9998,pathogenic,PAX2,115.0
Q02962,R115F,1.0,pathogenic,PAX2,115.0
Q02962,R115G,0.9996,pathogenic,PAX2,115.0
Q02962,R115H,0.9994,pathogenic,PAX2,115.0
Q02962,R115I,1.0,pathogenic,PAX2,115.0
Q02962,R115K,0.9944,pathogenic,PAX2,115.0
Q02962,R115L,0.9998,pathogenic,PAX2,115.0
Q02962,R115M,1.0,pathogenic,PAX2,115.0
Q02962,R115N,1.0,pathogenic,PAX2,115.0
Q02962,R115P,0.9999,pathogenic,PAX2,115.0
Q02962,R115Q,0.999,pathogenic,PAX2,115.0
Q02962,R115S,0.9999,pathogenic,PAX2,115.0
Q02962,R115T,0.9999,pathogenic,PAX2,115.0
Q02962,R115V,0.9999,pathogenic,PAX2,115.0
Q02962,R115W,0.9998,pathogenic,PAX2,115.0
Q02962,R115Y,0.9999,pathogenic,PAX2,115.0
Q02962,D116A,0.9996,pathogenic,PAX2,116.0
Q02962,D116C,1.0,pathogenic,PAX2,116.0
Q02962,D116E,0.9871,pathogenic,PAX2,116.0
Q02962,D116F,1.0,pathogenic,PAX2,116.0
Q02962,D116G,0.9989,pathogenic,PAX2,116.0
Q02962,D116H,0.9998,pathogenic,PAX2,116.0
Q02962,D116I,1.0,pathogenic,PAX2,116.0
Q02962,D116K,0.9999,pathogenic,PAX2,116.0
Q02962,D116L,0.9998,pathogenic,PAX2,116.0
Q02962,D116M,1.0,pathogenic,PAX2,116.0
Q02962,D116N,0.9971,pathogenic,PAX2,116.0
Q02962,D116P,1.0,pathogenic,PAX2,116.0
Q02962,D116Q,0.9996,pathogenic,PAX2,116.0
Q02962,D116R,0.9997,pathogenic,PAX2,116.0
Q02962,D116S,0.9989,pathogenic,PAX2,116.0
Q02962,D116T,0.9998,pathogenic,PAX2,116.0
Q02962,D116V,0.9998,pathogenic,PAX2,116.0
Q02962,D116W,1.0,pathogenic,PAX2,116.0
Q02962,D116Y,0.9993,pathogenic,PAX2,116.0
Q02962,R117A,0.9988,pathogenic,PAX2,117.0
Q02962,R117C,0.9901,pathogenic,PAX2,117.0
Q02962,R117D,0.9998,pathogenic,PAX2,117.0
Q02962,R117E,0.9978,pathogenic,PAX2,117.0
Q02962,R117F,0.9998,pathogenic,PAX2,117.0
Q02962,R117G,0.9987,pathogenic,PAX2,117.0
Q02962,R117H,0.9626,pathogenic,PAX2,117.0
Q02962,R117I,0.9988,pathogenic,PAX2,117.0
Q02962,R117K,0.8668,pathogenic,PAX2,117.0
Q02962,R117L,0.9941,pathogenic,PAX2,117.0
Q02962,R117M,0.9992,pathogenic,PAX2,117.0
Q02962,R117N,0.9993,pathogenic,PAX2,117.0
Q02962,R117P,1.0,pathogenic,PAX2,117.0
Q02962,R117Q,0.9579,pathogenic,PAX2,117.0
Q02962,R117S,0.9995,pathogenic,PAX2,117.0
Q02962,R117T,0.9989,pathogenic,PAX2,117.0
Q02962,R117V,0.9985,pathogenic,PAX2,117.0
Q02962,R117W,0.9979,pathogenic,PAX2,117.0
Q02962,R117Y,0.9991,pathogenic,PAX2,117.0
Q02962,L118A,0.9995,pathogenic,PAX2,118.0
Q02962,L118C,0.9997,pathogenic,PAX2,118.0
Q02962,L118D,1.0,pathogenic,PAX2,118.0
Q02962,L118E,1.0,pathogenic,PAX2,118.0
Q02962,L118F,0.9993,pathogenic,PAX2,118.0
Q02962,L118G,0.9999,pathogenic,PAX2,118.0
Q02962,L118H,1.0,pathogenic,PAX2,118.0
Q02962,L118I,0.9903,pathogenic,PAX2,118.0
Q02962,L118K,0.9999,pathogenic,PAX2,118.0
Q02962,L118M,0.9905,pathogenic,PAX2,118.0
Q02962,L118N,1.0,pathogenic,PAX2,118.0
Q02962,L118P,1.0,pathogenic,PAX2,118.0
Q02962,L118Q,1.0,pathogenic,PAX2,118.0
Q02962,L118R,0.9999,pathogenic,PAX2,118.0
Q02962,L118S,1.0,pathogenic,PAX2,118.0
Q02962,L118T,0.9999,pathogenic,PAX2,118.0
Q02962,L118V,0.9965,pathogenic,PAX2,118.0
Q02962,L118W,1.0,pathogenic,PAX2,118.0
Q02962,L118Y,0.9999,pathogenic,PAX2,118.0
Q02962,L119A,0.9916,pathogenic,PAX2,119.0
Q02962,L119C,0.9981,pathogenic,PAX2,119.0
Q02962,L119D,1.0,pathogenic,PAX2,119.0
Q02962,L119E,0.9993,pathogenic,PAX2,119.0
Q02962,L119F,0.9971,pathogenic,PAX2,119.0
Q02962,L119G,0.999,pathogenic,PAX2,119.0
Q02962,L119H,0.9988,pathogenic,PAX2,119.0
Q02962,L119I,0.8694,pathogenic,PAX2,119.0
Q02962,L119K,0.9966,pathogenic,PAX2,119.0
Q02962,L119M,0.9205,pathogenic,PAX2,119.0
Q02962,L119N,0.9993,pathogenic,PAX2,119.0
Q02962,L119P,0.9999,pathogenic,PAX2,119.0
Q02962,L119Q,0.996,pathogenic,PAX2,119.0
Q02962,L119R,0.9925,pathogenic,PAX2,119.0
Q02962,L119S,0.9995,pathogenic,PAX2,119.0
Q02962,L119T,0.9968,pathogenic,PAX2,119.0
Q02962,L119V,0.9112,pathogenic,PAX2,119.0
Q02962,L119W,0.9993,pathogenic,PAX2,119.0
Q02962,L119Y,0.9992,pathogenic,PAX2,119.0
Q02962,A120C,0.8865,pathogenic,PAX2,120.0
Q02962,A120D,0.9766,pathogenic,PAX2,120.0
Q02962,A120E,0.9238,pathogenic,PAX2,120.0
Q02962,A120F,0.9572,pathogenic,PAX2,120.0
Q02962,A120G,0.4992,ambiguous,PAX2,120.0
Q02962,A120H,0.9264,pathogenic,PAX2,120.0
Q02962,A120I,0.9475,pathogenic,PAX2,120.0
Q02962,A120K,0.9865,pathogenic,PAX2,120.0
Q02962,A120L,0.6894,pathogenic,PAX2,120.0
Q02962,A120M,0.7811,pathogenic,PAX2,120.0
Q02962,A120N,0.7577,pathogenic,PAX2,120.0
Q02962,A120P,0.9995,pathogenic,PAX2,120.0
Q02962,A120Q,0.6893,pathogenic,PAX2,120.0
Q02962,A120R,0.958,pathogenic,PAX2,120.0
Q02962,A120S,0.141,benign,PAX2,120.0
Q02962,A120T,0.5127,ambiguous,PAX2,120.0
Q02962,A120V,0.7773,pathogenic,PAX2,120.0
Q02962,A120W,0.9942,pathogenic,PAX2,120.0
Q02962,A120Y,0.977,pathogenic,PAX2,120.0
Q02962,E121A,0.9684,pathogenic,PAX2,121.0
Q02962,E121C,0.9977,pathogenic,PAX2,121.0
Q02962,E121D,0.6478,pathogenic,PAX2,121.0
Q02962,E121F,0.9998,pathogenic,PAX2,121.0
Q02962,E121G,0.9747,pathogenic,PAX2,121.0
Q02962,E121H,0.9971,pathogenic,PAX2,121.0
Q02962,E121I,0.9995,pathogenic,PAX2,121.0
Q02962,E121K,0.9955,pathogenic,PAX2,121.0
Q02962,E121L,0.9971,pathogenic,PAX2,121.0
Q02962,E121M,0.9978,pathogenic,PAX2,121.0
Q02962,E121N,0.9838,pathogenic,PAX2,121.0
Q02962,E121P,0.9997,pathogenic,PAX2,121.0
Q02962,E121Q,0.9568,pathogenic,PAX2,121.0
Q02962,E121R,0.9953,pathogenic,PAX2,121.0
Q02962,E121S,0.9764,pathogenic,PAX2,121.0
Q02962,E121T,0.9941,pathogenic,PAX2,121.0
Q02962,E121V,0.9965,pathogenic,PAX2,121.0
Q02962,E121W,0.9999,pathogenic,PAX2,121.0
Q02962,E121Y,0.9994,pathogenic,PAX2,121.0
Q02962,G122A,0.3571,ambiguous,PAX2,122.0
Q02962,G122C,0.5951,pathogenic,PAX2,122.0
Q02962,G122D,0.8329,pathogenic,PAX2,122.0
Q02962,G122E,0.8119,pathogenic,PAX2,122.0
Q02962,G122F,0.9864,pathogenic,PAX2,122.0
Q02962,G122H,0.8025,pathogenic,PAX2,122.0
Q02962,G122I,0.9742,pathogenic,PAX2,122.0
Q02962,G122K,0.8807,pathogenic,PAX2,122.0
Q02962,G122L,0.9312,pathogenic,PAX2,122.0
Q02962,G122M,0.9184,pathogenic,PAX2,122.0
Q02962,G122N,0.4564,ambiguous,PAX2,122.0
Q02962,G122P,0.9994,pathogenic,PAX2,122.0
Q02962,G122Q,0.5895,pathogenic,PAX2,122.0
Q02962,G122R,0.7905,pathogenic,PAX2,122.0
Q02962,G122S,0.2603,benign,PAX2,122.0
Q02962,G122T,0.778,pathogenic,PAX2,122.0
Q02962,G122V,0.9158,pathogenic,PAX2,122.0
Q02962,G122W,0.9834,pathogenic,PAX2,122.0
Q02962,G122Y,0.9572,pathogenic,PAX2,122.0
Q02962,I123A,0.9408,pathogenic,PAX2,123.0
Q02962,I123C,0.9321,pathogenic,PAX2,123.0
Q02962,I123D,0.9972,pathogenic,PAX2,123.0
Q02962,I123E,0.9938,pathogenic,PAX2,123.0
Q02962,I123F,0.7741,pathogenic,PAX2,123.0
Q02962,I123G,0.992,pathogenic,PAX2,123.0
Q02962,I123H,0.9835,pathogenic,PAX2,123.0
Q02962,I123K,0.9943,pathogenic,PAX2,123.0
Q02962,I123L,0.5664,pathogenic,PAX2,123.0
Q02962,I123M,0.6818,pathogenic,PAX2,123.0
Q02962,I123N,0.9621,pathogenic,PAX2,123.0
Q02962,I123P,0.997,pathogenic,PAX2,123.0
Q02962,I123Q,0.9904,pathogenic,PAX2,123.0
Q02962,I123R,0.9897,pathogenic,PAX2,123.0
Q02962,I123S,0.9515,pathogenic,PAX2,123.0
Q02962,I123T,0.8656,pathogenic,PAX2,123.0
Q02962,I123V,0.0842,benign,PAX2,123.0
Q02962,I123W,0.9931,pathogenic,PAX2,123.0
Q02962,I123Y,0.9697,pathogenic,PAX2,123.0
Q02962,C124A,0.9972,pathogenic,PAX2,124.0
Q02962,C124D,1.0,pathogenic,PAX2,124.0
Q02962,C124E,1.0,pathogenic,PAX2,124.0
Q02962,C124F,0.9997,pathogenic,PAX2,124.0
Q02962,C124G,0.9968,pathogenic,PAX2,124.0
Q02962,C124H,1.0,pathogenic,PAX2,124.0
Q02962,C124I,0.9995,pathogenic,PAX2,124.0
Q02962,C124K,1.0,pathogenic,PAX2,124.0
Q02962,C124L,0.9986,pathogenic,PAX2,124.0
Q02962,C124M,0.9997,pathogenic,PAX2,124.0
Q02962,C124N,1.0,pathogenic,PAX2,124.0
Q02962,C124P,0.9999,pathogenic,PAX2,124.0
Q02962,C124Q,1.0,pathogenic,PAX2,124.0
Q02962,C124R,0.9999,pathogenic,PAX2,124.0
Q02962,C124S,0.9993,pathogenic,PAX2,124.0
Q02962,C124T,0.9983,pathogenic,PAX2,124.0
Q02962,C124V,0.9972,pathogenic,PAX2,124.0
Q02962,C124W,0.9999,pathogenic,PAX2,124.0
Q02962,C124Y,0.9999,pathogenic,PAX2,124.0
Q02962,D125A,0.9713,pathogenic,PAX2,125.0
Q02962,D125C,0.9939,pathogenic,PAX2,125.0
Q02962,D125E,0.9202,pathogenic,PAX2,125.0
Q02962,D125F,0.9985,pathogenic,PAX2,125.0
Q02962,D125G,0.9173,pathogenic,PAX2,125.0
Q02962,D125H,0.9867,pathogenic,PAX2,125.0
Q02962,D125I,0.9977,pathogenic,PAX2,125.0
Q02962,D125K,0.9973,pathogenic,PAX2,125.0
Q02962,D125L,0.9923,pathogenic,PAX2,125.0
Q02962,D125M,0.9985,pathogenic,PAX2,125.0
Q02962,D125N,0.6069,pathogenic,PAX2,125.0
Q02962,D125P,0.9978,pathogenic,PAX2,125.0
Q02962,D125Q,0.9899,pathogenic,PAX2,125.0
Q02962,D125R,0.9958,pathogenic,PAX2,125.0
Q02962,D125S,0.7688,pathogenic,PAX2,125.0
Q02962,D125T,0.9035,pathogenic,PAX2,125.0
Q02962,D125V,0.9888,pathogenic,PAX2,125.0
Q02962,D125W,0.9998,pathogenic,PAX2,125.0
Q02962,D125Y,0.9925,pathogenic,PAX2,125.0
Q02962,N126A,0.3367,benign,PAX2,126.0
Q02962,N126C,0.5627,ambiguous,PAX2,126.0
Q02962,N126D,0.7916,pathogenic,PAX2,126.0
Q02962,N126E,0.9441,pathogenic,PAX2,126.0
Q02962,N126F,0.9615,pathogenic,PAX2,126.0
Q02962,N126G,0.2889,benign,PAX2,126.0
Q02962,N126H,0.4152,ambiguous,PAX2,126.0
Q02962,N126I,0.7541,pathogenic,PAX2,126.0
Q02962,N126K,0.9424,pathogenic,PAX2,126.0
Q02962,N126L,0.6236,pathogenic,PAX2,126.0
Q02962,N126M,0.7281,pathogenic,PAX2,126.0
Q02962,N126P,0.6136,pathogenic,PAX2,126.0
Q02962,N126Q,0.7181,pathogenic,PAX2,126.0
Q02962,N126R,0.9379,pathogenic,PAX2,126.0
Q02962,N126S,0.086,benign,PAX2,126.0
Q02962,N126T,0.2767,benign,PAX2,126.0
Q02962,N126V,0.6126,pathogenic,PAX2,126.0
Q02962,N126W,0.9868,pathogenic,PAX2,126.0
Q02962,N126Y,0.8151,pathogenic,PAX2,126.0
Q02962,D127A,0.9774,pathogenic,PAX2,127.0
Q02962,D127C,0.9987,pathogenic,PAX2,127.0
Q02962,D127E,0.659,pathogenic,PAX2,127.0
Q02962,D127F,0.9985,pathogenic,PAX2,127.0
Q02962,D127G,0.9797,pathogenic,PAX2,127.0
Q02962,D127H,0.9929,pathogenic,PAX2,127.0
Q02962,D127I,0.9977,pathogenic,PAX2,127.0
Q02962,D127K,0.9964,pathogenic,PAX2,127.0
Q02962,D127L,0.9926,pathogenic,PAX2,127.0
Q02962,D127M,0.9988,pathogenic,PAX2,127.0
Q02962,D127N,0.8899,pathogenic,PAX2,127.0
Q02962,D127P,0.9993,pathogenic,PAX2,127.0
Q02962,D127Q,0.9916,pathogenic,PAX2,127.0
Q02962,D127R,0.9954,pathogenic,PAX2,127.0
Q02962,D127S,0.9489,pathogenic,PAX2,127.0
Q02962,D127T,0.983,pathogenic,PAX2,127.0
Q02962,D127V,0.9903,pathogenic,PAX2,127.0
Q02962,D127W,0.9998,pathogenic,PAX2,127.0
Q02962,D127Y,0.9919,pathogenic,PAX2,127.0
Q02962,T128A,0.6013,pathogenic,PAX2,128.0
Q02962,T128C,0.9194,pathogenic,PAX2,128.0
Q02962,T128D,0.9734,pathogenic,PAX2,128.0
Q02962,T128E,0.983,pathogenic,PAX2,128.0
Q02962,T128F,0.9847,pathogenic,PAX2,128.0
Q02962,T128G,0.7064,pathogenic,PAX2,128.0
Q02962,T128H,0.9114,pathogenic,PAX2,128.0
Q02962,T128I,0.9905,pathogenic,PAX2,128.0
Q02962,T128K,0.9842,pathogenic,PAX2,128.0
Q02962,T128L,0.8859,pathogenic,PAX2,128.0
Q02962,T128M,0.7583,pathogenic,PAX2,128.0
Q02962,T128N,0.4956,ambiguous,PAX2,128.0
Q02962,T128P,0.9889,pathogenic,PAX2,128.0
Q02962,T128Q,0.9187,pathogenic,PAX2,128.0
Q02962,T128R,0.9733,pathogenic,PAX2,128.0
Q02962,T128S,0.1633,benign,PAX2,128.0
Q02962,T128V,0.9472,pathogenic,PAX2,128.0
Q02962,T128W,0.9963,pathogenic,PAX2,128.0
Q02962,T128Y,0.9824,pathogenic,PAX2,128.0
Q02962,V129A,0.9937,pathogenic,PAX2,129.0
Q02962,V129C,0.9971,pathogenic,PAX2,129.0
Q02962,V129D,1.0,pathogenic,PAX2,129.0
Q02962,V129E,0.9999,pathogenic,PAX2,129.0
Q02962,V129F,0.9994,pathogenic,PAX2,129.0
Q02962,V129G,0.9989,pathogenic,PAX2,129.0
Q02962,V129H,1.0,pathogenic,PAX2,129.0
Q02962,V129I,0.5324,ambiguous,PAX2,129.0
Q02962,V129K,0.9999,pathogenic,PAX2,129.0
Q02962,V129L,0.9948,pathogenic,PAX2,129.0
Q02962,V129M,0.9979,pathogenic,PAX2,129.0
Q02962,V129N,0.9999,pathogenic,PAX2,129.0
Q02962,V129P,0.9987,pathogenic,PAX2,129.0
Q02962,V129Q,0.9998,pathogenic,PAX2,129.0
Q02962,V129R,0.9994,pathogenic,PAX2,129.0
Q02962,V129S,0.998,pathogenic,PAX2,129.0
Q02962,V129T,0.9946,pathogenic,PAX2,129.0
Q02962,V129W,1.0,pathogenic,PAX2,129.0
Q02962,V129Y,0.9999,pathogenic,PAX2,129.0
Q02962,P130A,0.9995,pathogenic,PAX2,130.0
Q02962,P130C,1.0,pathogenic,PAX2,130.0
Q02962,P130D,1.0,pathogenic,PAX2,130.0
Q02962,P130E,1.0,pathogenic,PAX2,130.0
Q02962,P130F,1.0,pathogenic,PAX2,130.0
Q02962,P130G,0.9999,pathogenic,PAX2,130.0
Q02962,P130H,1.0,pathogenic,PAX2,130.0
Q02962,P130I,1.0,pathogenic,PAX2,130.0
Q02962,P130K,1.0,pathogenic,PAX2,130.0
Q02962,P130L,0.9997,pathogenic,PAX2,130.0
Q02962,P130M,1.0,pathogenic,PAX2,130.0
Q02962,P130N,1.0,pathogenic,PAX2,130.0
Q02962,P130Q,1.0,pathogenic,PAX2,130.0
Q02962,P130R,1.0,pathogenic,PAX2,130.0
Q02962,P130S,1.0,pathogenic,PAX2,130.0
Q02962,P130T,0.9999,pathogenic,PAX2,130.0
Q02962,P130V,0.9999,pathogenic,PAX2,130.0
Q02962,P130W,1.0,pathogenic,PAX2,130.0
Q02962,P130Y,1.0,pathogenic,PAX2,130.0
Q02962,S131A,0.9519,pathogenic,PAX2,131.0
Q02962,S131C,0.9996,pathogenic,PAX2,131.0
Q02962,S131D,0.9999,pathogenic,PAX2,131.0
Q02962,S131E,0.9996,pathogenic,PAX2,131.0
Q02962,S131F,1.0,pathogenic,PAX2,131.0
Q02962,S131G,0.9978,pathogenic,PAX2,131.0
Q02962,S131H,0.9998,pathogenic,PAX2,131.0
Q02962,S131I,0.9999,pathogenic,PAX2,131.0
Q02962,S131K,1.0,pathogenic,PAX2,131.0
Q02962,S131L,0.9998,pathogenic,PAX2,131.0
Q02962,S131M,0.9998,pathogenic,PAX2,131.0
Q02962,S131N,0.9998,pathogenic,PAX2,131.0
Q02962,S131P,0.999,pathogenic,PAX2,131.0
Q02962,S131Q,0.9996,pathogenic,PAX2,131.0
Q02962,S131R,0.9999,pathogenic,PAX2,131.0
Q02962,S131T,0.9846,pathogenic,PAX2,131.0
Q02962,S131V,0.9996,pathogenic,PAX2,131.0
Q02962,S131W,0.9998,pathogenic,PAX2,131.0
Q02962,S131Y,0.9999,pathogenic,PAX2,131.0
Q02962,V132A,0.9997,pathogenic,PAX2,132.0
Q02962,V132C,0.9999,pathogenic,PAX2,132.0
Q02962,V132D,1.0,pathogenic,PAX2,132.0
Q02962,V132E,0.9998,pathogenic,PAX2,132.0
Q02962,V132F,0.9992,pathogenic,PAX2,132.0
Q02962,V132G,0.9993,pathogenic,PAX2,132.0
Q02962,V132H,1.0,pathogenic,PAX2,132.0
Q02962,V132I,0.9346,pathogenic,PAX2,132.0
Q02962,V132K,0.9998,pathogenic,PAX2,132.0
Q02962,V132L,0.9993,pathogenic,PAX2,132.0
Q02962,V132M,0.9995,pathogenic,PAX2,132.0
Q02962,V132N,0.9997,pathogenic,PAX2,132.0
Q02962,V132P,0.9988,pathogenic,PAX2,132.0
Q02962,V132Q,0.9999,pathogenic,PAX2,132.0
Q02962,V132R,0.9991,pathogenic,PAX2,132.0
Q02962,V132S,0.9992,pathogenic,PAX2,132.0
Q02962,V132T,0.9971,pathogenic,PAX2,132.0
Q02962,V132W,1.0,pathogenic,PAX2,132.0
Q02962,V132Y,0.9999,pathogenic,PAX2,132.0
Q02962,S133A,0.9854,pathogenic,PAX2,133.0
Q02962,S133C,0.9999,pathogenic,PAX2,133.0
Q02962,S133D,0.9999,pathogenic,PAX2,133.0
Q02962,S133E,0.9994,pathogenic,PAX2,133.0
Q02962,S133F,0.9999,pathogenic,PAX2,133.0
Q02962,S133G,0.9983,pathogenic,PAX2,133.0
Q02962,S133H,0.9997,pathogenic,PAX2,133.0
Q02962,S133I,0.9999,pathogenic,PAX2,133.0
Q02962,S133K,1.0,pathogenic,PAX2,133.0
Q02962,S133L,0.9998,pathogenic,PAX2,133.0
Q02962,S133M,0.9999,pathogenic,PAX2,133.0
Q02962,S133N,0.9999,pathogenic,PAX2,133.0
Q02962,S133P,0.9994,pathogenic,PAX2,133.0
Q02962,S133Q,0.9995,pathogenic,PAX2,133.0
Q02962,S133R,1.0,pathogenic,PAX2,133.0
Q02962,S133T,0.9945,pathogenic,PAX2,133.0
Q02962,S133V,0.9999,pathogenic,PAX2,133.0
Q02962,S133W,0.9991,pathogenic,PAX2,133.0
Q02962,S133Y,0.9999,pathogenic,PAX2,133.0
Q02962,S134A,0.9542,pathogenic,PAX2,134.0
Q02962,S134C,0.9995,pathogenic,PAX2,134.0
Q02962,S134D,0.9999,pathogenic,PAX2,134.0
Q02962,S134E,0.9998,pathogenic,PAX2,134.0
Q02962,S134F,0.9999,pathogenic,PAX2,134.0
Q02962,S134G,0.9976,pathogenic,PAX2,134.0
Q02962,S134H,0.9998,pathogenic,PAX2,134.0
Q02962,S134I,0.9999,pathogenic,PAX2,134.0
Q02962,S134K,1.0,pathogenic,PAX2,134.0
Q02962,S134L,0.9998,pathogenic,PAX2,134.0
Q02962,S134M,0.9997,pathogenic,PAX2,134.0
Q02962,S134N,0.9998,pathogenic,PAX2,134.0
Q02962,S134P,0.9997,pathogenic,PAX2,134.0
Q02962,S134Q,0.9997,pathogenic,PAX2,134.0
Q02962,S134R,1.0,pathogenic,PAX2,134.0
Q02962,S134T,0.9949,pathogenic,PAX2,134.0
Q02962,S134V,0.9995,pathogenic,PAX2,134.0
Q02962,S134W,0.9999,pathogenic,PAX2,134.0
Q02962,S134Y,0.9999,pathogenic,PAX2,134.0
Q02962,I135A,0.9999,pathogenic,PAX2,135.0
Q02962,I135C,1.0,pathogenic,PAX2,135.0
Q02962,I135D,1.0,pathogenic,PAX2,135.0
Q02962,I135E,1.0,pathogenic,PAX2,135.0
Q02962,I135F,0.9998,pathogenic,PAX2,135.0
Q02962,I135G,1.0,pathogenic,PAX2,135.0
Q02962,I135H,1.0,pathogenic,PAX2,135.0
Q02962,I135K,1.0,pathogenic,PAX2,135.0
Q02962,I135L,0.995,pathogenic,PAX2,135.0
Q02962,I135M,0.9974,pathogenic,PAX2,135.0
Q02962,I135N,1.0,pathogenic,PAX2,135.0
Q02962,I135P,1.0,pathogenic,PAX2,135.0
Q02962,I135Q,1.0,pathogenic,PAX2,135.0
Q02962,I135R,1.0,pathogenic,PAX2,135.0
Q02962,I135S,1.0,pathogenic,PAX2,135.0
Q02962,I135T,0.9999,pathogenic,PAX2,135.0
Q02962,I135V,0.9111,pathogenic,PAX2,135.0
Q02962,I135W,1.0,pathogenic,PAX2,135.0
Q02962,I135Y,1.0,pathogenic,PAX2,135.0
Q02962,N136A,0.9992,pathogenic,PAX2,136.0
Q02962,N136C,0.9965,pathogenic,PAX2,136.0
Q02962,N136D,0.9999,pathogenic,PAX2,136.0
Q02962,N136E,0.9998,pathogenic,PAX2,136.0
Q02962,N136F,0.9999,pathogenic,PAX2,136.0
Q02962,N136G,0.9976,pathogenic,PAX2,136.0
Q02962,N136H,0.9987,pathogenic,PAX2,136.0
Q02962,N136I,0.9998,pathogenic,PAX2,136.0
Q02962,N136K,1.0,pathogenic,PAX2,136.0
Q02962,N136L,0.9984,pathogenic,PAX2,136.0
Q02962,N136M,0.9996,pathogenic,PAX2,136.0
Q02962,N136P,0.9985,pathogenic,PAX2,136.0
Q02962,N136Q,0.9995,pathogenic,PAX2,136.0
Q02962,N136R,0.9998,pathogenic,PAX2,136.0
Q02962,N136S,0.9404,pathogenic,PAX2,136.0
Q02962,N136T,0.9973,pathogenic,PAX2,136.0
Q02962,N136V,0.9997,pathogenic,PAX2,136.0
Q02962,N136W,0.9999,pathogenic,PAX2,136.0
Q02962,N136Y,0.9988,pathogenic,PAX2,136.0
Q02962,R137A,0.9999,pathogenic,PAX2,137.0
Q02962,R137C,0.9999,pathogenic,PAX2,137.0
Q02962,R137D,0.9998,pathogenic,PAX2,137.0
Q02962,R137E,0.9988,pathogenic,PAX2,137.0
Q02962,R137F,1.0,pathogenic,PAX2,137.0
Q02962,R137G,0.9996,pathogenic,PAX2,137.0
Q02962,R137H,0.9997,pathogenic,PAX2,137.0
Q02962,R137I,1.0,pathogenic,PAX2,137.0
Q02962,R137K,0.9987,pathogenic,PAX2,137.0
Q02962,R137L,0.9996,pathogenic,PAX2,137.0
Q02962,R137M,1.0,pathogenic,PAX2,137.0
Q02962,R137N,0.9999,pathogenic,PAX2,137.0
Q02962,R137P,0.9999,pathogenic,PAX2,137.0
Q02962,R137Q,0.9994,pathogenic,PAX2,137.0
Q02962,R137S,0.9999,pathogenic,PAX2,137.0
Q02962,R137T,1.0,pathogenic,PAX2,137.0
Q02962,R137V,0.9999,pathogenic,PAX2,137.0
Q02962,R137W,0.9998,pathogenic,PAX2,137.0
Q02962,R137Y,0.9998,pathogenic,PAX2,137.0
Q02962,I138A,0.9997,pathogenic,PAX2,138.0
Q02962,I138C,1.0,pathogenic,PAX2,138.0
Q02962,I138D,1.0,pathogenic,PAX2,138.0
Q02962,I138E,0.9999,pathogenic,PAX2,138.0
Q02962,I138F,0.9989,pathogenic,PAX2,138.0
Q02962,I138G,1.0,pathogenic,PAX2,138.0
Q02962,I138H,1.0,pathogenic,PAX2,138.0
Q02962,I138K,0.9999,pathogenic,PAX2,138.0
Q02962,I138L,0.9901,pathogenic,PAX2,138.0
Q02962,I138M,0.9941,pathogenic,PAX2,138.0
Q02962,I138N,0.9999,pathogenic,PAX2,138.0
Q02962,I138P,1.0,pathogenic,PAX2,138.0
Q02962,I138Q,0.9999,pathogenic,PAX2,138.0
Q02962,I138R,0.9998,pathogenic,PAX2,138.0
Q02962,I138S,0.9999,pathogenic,PAX2,138.0
Q02962,I138T,0.9999,pathogenic,PAX2,138.0
Q02962,I138V,0.9765,pathogenic,PAX2,138.0
Q02962,I138W,1.0,pathogenic,PAX2,138.0
Q02962,I138Y,0.9997,pathogenic,PAX2,138.0
Q02962,I139A,0.9994,pathogenic,PAX2,139.0
Q02962,I139C,0.9998,pathogenic,PAX2,139.0
Q02962,I139D,1.0,pathogenic,PAX2,139.0
Q02962,I139E,0.9999,pathogenic,PAX2,139.0
Q02962,I139F,0.9987,pathogenic,PAX2,139.0
Q02962,I139G,0.9999,pathogenic,PAX2,139.0
Q02962,I139H,1.0,pathogenic,PAX2,139.0
Q02962,I139K,0.9999,pathogenic,PAX2,139.0
Q02962,I139L,0.9158,pathogenic,PAX2,139.0
Q02962,I139M,0.993,pathogenic,PAX2,139.0
Q02962,I139N,0.9999,pathogenic,PAX2,139.0
Q02962,I139P,0.9997,pathogenic,PAX2,139.0
Q02962,I139Q,0.9999,pathogenic,PAX2,139.0
Q02962,I139R,0.9997,pathogenic,PAX2,139.0
Q02962,I139S,0.9995,pathogenic,PAX2,139.0
Q02962,I139T,0.9996,pathogenic,PAX2,139.0
Q02962,I139V,0.8794,pathogenic,PAX2,139.0
Q02962,I139W,0.9999,pathogenic,PAX2,139.0
Q02962,I139Y,0.9998,pathogenic,PAX2,139.0
Q02962,R140A,0.9999,pathogenic,PAX2,140.0
Q02962,R140C,0.9998,pathogenic,PAX2,140.0
Q02962,R140D,0.9999,pathogenic,PAX2,140.0
Q02962,R140E,0.9997,pathogenic,PAX2,140.0
Q02962,R140F,1.0,pathogenic,PAX2,140.0
Q02962,R140G,0.9996,pathogenic,PAX2,140.0
Q02962,R140H,0.9993,pathogenic,PAX2,140.0
Q02962,R140I,1.0,pathogenic,PAX2,140.0
Q02962,R140K,0.9971,pathogenic,PAX2,140.0
Q02962,R140L,0.9993,pathogenic,PAX2,140.0
Q02962,R140M,1.0,pathogenic,PAX2,140.0
Q02962,R140N,0.9999,pathogenic,PAX2,140.0
Q02962,R140P,0.9998,pathogenic,PAX2,140.0
Q02962,R140Q,0.9993,pathogenic,PAX2,140.0
Q02962,R140S,0.9999,pathogenic,PAX2,140.0
Q02962,R140T,0.9999,pathogenic,PAX2,140.0
Q02962,R140V,0.9999,pathogenic,PAX2,140.0
Q02962,R140W,0.9998,pathogenic,PAX2,140.0
Q02962,R140Y,0.9999,pathogenic,PAX2,140.0
Q02962,T141A,0.9239,pathogenic,PAX2,141.0
Q02962,T141C,0.9855,pathogenic,PAX2,141.0
Q02962,T141D,0.9883,pathogenic,PAX2,141.0
Q02962,T141E,0.9834,pathogenic,PAX2,141.0
Q02962,T141F,0.993,pathogenic,PAX2,141.0
Q02962,T141G,0.8607,pathogenic,PAX2,141.0
Q02962,T141H,0.9539,pathogenic,PAX2,141.0
Q02962,T141I,0.9969,pathogenic,PAX2,141.0
Q02962,T141K,0.9851,pathogenic,PAX2,141.0
Q02962,T141L,0.953,pathogenic,PAX2,141.0
Q02962,T141M,0.9455,pathogenic,PAX2,141.0
Q02962,T141N,0.5427,ambiguous,PAX2,141.0
Q02962,T141P,0.9788,pathogenic,PAX2,141.0
Q02962,T141Q,0.9282,pathogenic,PAX2,141.0
Q02962,T141R,0.9788,pathogenic,PAX2,141.0
Q02962,T141S,0.809,pathogenic,PAX2,141.0
Q02962,T141V,0.9796,pathogenic,PAX2,141.0
Q02962,T141W,0.9978,pathogenic,PAX2,141.0
Q02962,T141Y,0.992,pathogenic,PAX2,141.0
Q02962,K142A,0.9904,pathogenic,PAX2,142.0
Q02962,K142C,0.9957,pathogenic,PAX2,142.0
Q02962,K142D,0.9988,pathogenic,PAX2,142.0
Q02962,K142E,0.9965,pathogenic,PAX2,142.0
Q02962,K142F,0.9995,pathogenic,PAX2,142.0
Q02962,K142G,0.9934,pathogenic,PAX2,142.0
Q02962,K142H,0.9592,pathogenic,PAX2,142.0
Q02962,K142I,0.9963,pathogenic,PAX2,142.0
Q02962,K142L,0.9892,pathogenic,PAX2,142.0
Q02962,K142M,0.9902,pathogenic,PAX2,142.0
Q02962,K142N,0.9974,pathogenic,PAX2,142.0
Q02962,K142P,0.9969,pathogenic,PAX2,142.0
Q02962,K142Q,0.9631,pathogenic,PAX2,142.0
Q02962,K142R,0.2869,benign,PAX2,142.0
Q02962,K142S,0.9964,pathogenic,PAX2,142.0
Q02962,K142T,0.9813,pathogenic,PAX2,142.0
Q02962,K142V,0.9856,pathogenic,PAX2,142.0
Q02962,K142W,0.9991,pathogenic,PAX2,142.0
Q02962,K142Y,0.9977,pathogenic,PAX2,142.0
Q02962,V143A,0.9558,pathogenic,PAX2,143.0
Q02962,V143C,0.9837,pathogenic,PAX2,143.0
Q02962,V143D,0.99,pathogenic,PAX2,143.0
Q02962,V143E,0.9832,pathogenic,PAX2,143.0
Q02962,V143F,0.9127,pathogenic,PAX2,143.0
Q02962,V143G,0.8295,pathogenic,PAX2,143.0
Q02962,V143H,0.9942,pathogenic,PAX2,143.0
Q02962,V143I,0.3438,ambiguous,PAX2,143.0
Q02962,V143K,0.9906,pathogenic,PAX2,143.0
Q02962,V143L,0.9346,pathogenic,PAX2,143.0
Q02962,V143M,0.9349,pathogenic,PAX2,143.0
Q02962,V143N,0.9589,pathogenic,PAX2,143.0
Q02962,V143P,0.9872,pathogenic,PAX2,143.0
Q02962,V143Q,0.9748,pathogenic,PAX2,143.0
Q02962,V143R,0.9806,pathogenic,PAX2,143.0
Q02962,V143S,0.9468,pathogenic,PAX2,143.0
Q02962,V143T,0.9493,pathogenic,PAX2,143.0
Q02962,V143W,0.998,pathogenic,PAX2,143.0
Q02962,V143Y,0.984,pathogenic,PAX2,143.0
Q02962,Q144A,0.457,ambiguous,PAX2,144.0
Q02962,Q144C,0.9567,pathogenic,PAX2,144.0
Q02962,Q144D,0.9664,pathogenic,PAX2,144.0
Q02962,Q144E,0.6378,pathogenic,PAX2,144.0
Q02962,Q144F,0.9823,pathogenic,PAX2,144.0
Q02962,Q144G,0.4629,ambiguous,PAX2,144.0
Q02962,Q144H,0.8674,pathogenic,PAX2,144.0
Q02962,Q144I,0.9253,pathogenic,PAX2,144.0
Q02962,Q144K,0.8658,pathogenic,PAX2,144.0
Q02962,Q144L,0.5694,pathogenic,PAX2,144.0
Q02962,Q144M,0.7779,pathogenic,PAX2,144.0
Q02962,Q144N,0.6378,pathogenic,PAX2,144.0
Q02962,Q144P,0.6003,pathogenic,PAX2,144.0
Q02962,Q144R,0.8453,pathogenic,PAX2,144.0
Q02962,Q144S,0.3534,ambiguous,PAX2,144.0
Q02962,Q144T,0.5782,pathogenic,PAX2,144.0
Q02962,Q144V,0.8094,pathogenic,PAX2,144.0
Q02962,Q144W,0.9934,pathogenic,PAX2,144.0
Q02962,Q144Y,0.9831,pathogenic,PAX2,144.0
Q02962,Q145A,0.2998,benign,PAX2,145.0
Q02962,Q145C,0.905,pathogenic,PAX2,145.0
Q02962,Q145D,0.8436,pathogenic,PAX2,145.0
Q02962,Q145E,0.361,ambiguous,PAX2,145.0
Q02962,Q145F,0.9323,pathogenic,PAX2,145.0
Q02962,Q145G,0.3969,ambiguous,PAX2,145.0
Q02962,Q145H,0.5846,pathogenic,PAX2,145.0
Q02962,Q145I,0.6817,pathogenic,PAX2,145.0
Q02962,Q145K,0.6302,pathogenic,PAX2,145.0
Q02962,Q145L,0.2573,benign,PAX2,145.0
Q02962,Q145M,0.4571,ambiguous,PAX2,145.0
Q02962,Q145N,0.3958,ambiguous,PAX2,145.0
Q02962,Q145P,0.2942,benign,PAX2,145.0
Q02962,Q145R,0.7178,pathogenic,PAX2,145.0
Q02962,Q145S,0.2829,benign,PAX2,145.0
Q02962,Q145T,0.3114,benign,PAX2,145.0
Q02962,Q145V,0.4451,ambiguous,PAX2,145.0
Q02962,Q145W,0.977,pathogenic,PAX2,145.0
Q02962,Q145Y,0.9054,pathogenic,PAX2,145.0
Q02962,P146A,0.0803,benign,PAX2,146.0
Q02962,P146C,0.6733,pathogenic,PAX2,146.0
Q02962,P146D,0.7266,pathogenic,PAX2,146.0
Q02962,P146E,0.5665,pathogenic,PAX2,146.0
Q02962,P146F,0.844,pathogenic,PAX2,146.0
Q02962,P146G,0.31,benign,PAX2,146.0
Q02962,P146H,0.3434,ambiguous,PAX2,146.0
Q02962,P146I,0.5193,ambiguous,PAX2,146.0
Q02962,P146K,0.7049,pathogenic,PAX2,146.0
Q02962,P146L,0.2683,benign,PAX2,146.0
Q02962,P146M,0.4825,ambiguous,PAX2,146.0
Q02962,P146N,0.3282,benign,PAX2,146.0
Q02962,P146Q,0.1751,benign,PAX2,146.0
Q02962,P146R,0.5671,pathogenic,PAX2,146.0
Q02962,P146S,0.1269,benign,PAX2,146.0
Q02962,P146T,0.124,benign,PAX2,146.0
Q02962,P146V,0.3036,benign,PAX2,146.0
Q02962,P146W,0.9298,pathogenic,PAX2,146.0
Q02962,P146Y,0.7962,pathogenic,PAX2,146.0
Q02962,F147A,0.6337,pathogenic,PAX2,147.0
Q02962,F147C,0.3714,ambiguous,PAX2,147.0
Q02962,F147D,0.9095,pathogenic,PAX2,147.0
Q02962,F147E,0.9258,pathogenic,PAX2,147.0
Q02962,F147G,0.7479,pathogenic,PAX2,147.0
Q02962,F147H,0.6586,pathogenic,PAX2,147.0
Q02962,F147I,0.3815,ambiguous,PAX2,147.0
Q02962,F147K,0.9521,pathogenic,PAX2,147.0
Q02962,F147L,0.8932,pathogenic,PAX2,147.0
Q02962,F147M,0.6719,pathogenic,PAX2,147.0
Q02962,F147N,0.7103,pathogenic,PAX2,147.0
Q02962,F147P,0.9074,pathogenic,PAX2,147.0
Q02962,F147Q,0.8176,pathogenic,PAX2,147.0
Q02962,F147R,0.8975,pathogenic,PAX2,147.0
Q02962,F147S,0.4966,ambiguous,PAX2,147.0
Q02962,F147T,0.6654,pathogenic,PAX2,147.0
Q02962,F147V,0.3137,benign,PAX2,147.0
Q02962,F147W,0.6209,pathogenic,PAX2,147.0
Q02962,F147Y,0.1871,benign,PAX2,147.0
Q02962,H148A,0.3023,benign,PAX2,148.0
Q02962,H148C,0.2383,benign,PAX2,148.0
Q02962,H148D,0.5908,pathogenic,PAX2,148.0
Q02962,H148E,0.6149,pathogenic,PAX2,148.0
Q02962,H148F,0.3502,ambiguous,PAX2,148.0
Q02962,H148G,0.3611,ambiguous,PAX2,148.0
Q02962,H148I,0.2996,benign,PAX2,148.0
Q02962,H148K,0.6649,pathogenic,PAX2,148.0
Q02962,H148L,0.1174,benign,PAX2,148.0
Q02962,H148M,0.4579,ambiguous,PAX2,148.0
Q02962,H148N,0.1133,benign,PAX2,148.0
Q02962,H148P,0.1294,benign,PAX2,148.0
Q02962,H148Q,0.244,benign,PAX2,148.0
Q02962,H148R,0.3922,ambiguous,PAX2,148.0
Q02962,H148S,0.204,benign,PAX2,148.0
Q02962,H148T,0.2549,benign,PAX2,148.0
Q02962,H148V,0.2586,benign,PAX2,148.0
Q02962,H148W,0.7213,pathogenic,PAX2,148.0
Q02962,H148Y,0.2019,benign,PAX2,148.0
Q02962,P149A,0.0742,benign,PAX2,149.0
Q02962,P149C,0.3855,ambiguous,PAX2,149.0
Q02962,P149D,0.5739,pathogenic,PAX2,149.0
Q02962,P149E,0.4568,ambiguous,PAX2,149.0
Q02962,P149F,0.51,ambiguous,PAX2,149.0
Q02962,P149G,0.2195,benign,PAX2,149.0
Q02962,P149H,0.1962,benign,PAX2,149.0
Q02962,P149I,0.2793,benign,PAX2,149.0
Q02962,P149K,0.5533,ambiguous,PAX2,149.0
Q02962,P149L,0.1278,benign,PAX2,149.0
Q02962,P149M,0.283,benign,PAX2,149.0
Q02962,P149N,0.2607,benign,PAX2,149.0
Q02962,P149Q,0.156,benign,PAX2,149.0
Q02962,P149R,0.3916,ambiguous,PAX2,149.0
Q02962,P149S,0.0992,benign,PAX2,149.0
Q02962,P149T,0.089,benign,PAX2,149.0
Q02962,P149V,0.1621,benign,PAX2,149.0
Q02962,P149W,0.7631,pathogenic,PAX2,149.0
Q02962,P149Y,0.5075,ambiguous,PAX2,149.0
Q02962,T150A,0.0614,benign,PAX2,150.0
Q02962,T150C,0.2426,benign,PAX2,150.0
Q02962,T150D,0.4793,ambiguous,PAX2,150.0
Q02962,T150E,0.4724,ambiguous,PAX2,150.0
Q02962,T150F,0.2376,benign,PAX2,150.0
Q02962,T150G,0.1145,benign,PAX2,150.0
Q02962,T150H,0.249,benign,PAX2,150.0
Q02962,T150I,0.1483,benign,PAX2,150.0
Q02962,T150K,0.4963,ambiguous,PAX2,150.0
Q02962,T150L,0.0835,benign,PAX2,150.0
Q02962,T150M,0.0957,benign,PAX2,150.0
Q02962,T150N,0.1042,benign,PAX2,150.0
Q02962,T150P,0.0817,benign,PAX2,150.0
Q02962,T150Q,0.2525,benign,PAX2,150.0
Q02962,T150R,0.484,ambiguous,PAX2,150.0
Q02962,T150S,0.0683,benign,PAX2,150.0
Q02962,T150V,0.1001,benign,PAX2,150.0
Q02962,T150W,0.6428,pathogenic,PAX2,150.0
Q02962,T150Y,0.3318,benign,PAX2,150.0
Q02962,P151A,0.0566,benign,PAX2,151.0
Q02962,P151C,0.2991,benign,PAX2,151.0
Q02962,P151D,0.3987,ambiguous,PAX2,151.0
Q02962,P151E,0.3,benign,PAX2,151.0
Q02962,P151F,0.372,ambiguous,PAX2,151.0
Q02962,P151G,0.1317,benign,PAX2,151.0
Q02962,P151H,0.1537,benign,PAX2,151.0
Q02962,P151I,0.208,benign,PAX2,151.0
Q02962,P151K,0.4073,ambiguous,PAX2,151.0
Q02962,P151L,0.0955,benign,PAX2,151.0
Q02962,P151M,0.1905,benign,PAX2,151.0
Q02962,P151N,0.1795,benign,PAX2,151.0
Q02962,P151Q,0.1192,benign,PAX2,151.0
Q02962,P151R,0.2933,benign,PAX2,151.0
Q02962,P151S,0.071,benign,PAX2,151.0
Q02962,P151T,0.0669,benign,PAX2,151.0
Q02962,P151V,0.1255,benign,PAX2,151.0
Q02962,P151W,0.5858,pathogenic,PAX2,151.0
Q02962,P151Y,0.3832,ambiguous,PAX2,151.0
Q02962,D152A,0.2113,benign,PAX2,152.0
Q02962,D152C,0.6245,pathogenic,PAX2,152.0
Q02962,D152E,0.1092,benign,PAX2,152.0
Q02962,D152F,0.6943,pathogenic,PAX2,152.0
Q02962,D152G,0.1848,benign,PAX2,152.0
Q02962,D152H,0.4477,ambiguous,PAX2,152.0
Q02962,D152I,0.5256,ambiguous,PAX2,152.0
Q02962,D152K,0.6581,pathogenic,PAX2,152.0
Q02962,D152L,0.4776,ambiguous,PAX2,152.0
Q02962,D152M,0.6581,pathogenic,PAX2,152.0
Q02962,D152N,0.1418,benign,PAX2,152.0
Q02962,D152P,0.5647,pathogenic,PAX2,152.0
Q02962,D152Q,0.3936,ambiguous,PAX2,152.0
Q02962,D152R,0.6505,pathogenic,PAX2,152.0
Q02962,D152S,0.1441,benign,PAX2,152.0
Q02962,D152T,0.2765,benign,PAX2,152.0
Q02962,D152V,0.3217,benign,PAX2,152.0
Q02962,D152W,0.9256,pathogenic,PAX2,152.0
Q02962,D152Y,0.4675,ambiguous,PAX2,152.0
Q02962,G153A,0.0825,benign,PAX2,153.0
Q02962,G153C,0.1146,benign,PAX2,153.0
Q02962,G153D,0.3701,ambiguous,PAX2,153.0
Q02962,G153E,0.3786,ambiguous,PAX2,153.0
Q02962,G153F,0.3865,ambiguous,PAX2,153.0
Q02962,G153H,0.3425,ambiguous,PAX2,153.0
Q02962,G153I,0.1471,benign,PAX2,153.0
Q02962,G153K,0.6481,pathogenic,PAX2,153.0
Q02962,G153L,0.2129,benign,PAX2,153.0
Q02962,G153M,0.2495,benign,PAX2,153.0
Q02962,G153N,0.1855,benign,PAX2,153.0
Q02962,G153P,0.4514,ambiguous,PAX2,153.0
Q02962,G153Q,0.3867,ambiguous,PAX2,153.0
Q02962,G153R,0.5077,ambiguous,PAX2,153.0
Q02962,G153S,0.0715,benign,PAX2,153.0
Q02962,G153T,0.0779,benign,PAX2,153.0
Q02962,G153V,0.086,benign,PAX2,153.0
Q02962,G153W,0.4611,ambiguous,PAX2,153.0
Q02962,G153Y,0.3647,ambiguous,PAX2,153.0
Q02962,A154C,0.117,benign,PAX2,154.0
Q02962,A154D,0.2747,benign,PAX2,154.0
Q02962,A154E,0.282,benign,PAX2,154.0
Q02962,A154F,0.1577,benign,PAX2,154.0
Q02962,A154G,0.0661,benign,PAX2,154.0
Q02962,A154H,0.2259,benign,PAX2,154.0
Q02962,A154I,0.1068,benign,PAX2,154.0
Q02962,A154K,0.4146,ambiguous,PAX2,154.0
Q02962,A154L,0.0789,benign,PAX2,154.0
Q02962,A154M,0.1077,benign,PAX2,154.0
Q02962,A154N,0.107,benign,PAX2,154.0
Q02962,A154P,0.077,benign,PAX2,154.0
Q02962,A154Q,0.2065,benign,PAX2,154.0
Q02962,A154R,0.4162,ambiguous,PAX2,154.0
Q02962,A154S,0.0599,benign,PAX2,154.0
Q02962,A154T,0.0566,benign,PAX2,154.0
Q02962,A154V,0.076,benign,PAX2,154.0
Q02962,A154W,0.3906,ambiguous,PAX2,154.0
Q02962,A154Y,0.2227,benign,PAX2,154.0
Q02962,G155A,0.0659,benign,PAX2,155.0
Q02962,G155C,0.0998,benign,PAX2,155.0
Q02962,G155D,0.2861,benign,PAX2,155.0
Q02962,G155E,0.2726,benign,PAX2,155.0
Q02962,G155F,0.2876,benign,PAX2,155.0
Q02962,G155H,0.28,benign,PAX2,155.0
Q02962,G155I,0.1116,benign,PAX2,155.0
Q02962,G155K,0.5181,ambiguous,PAX2,155.0
Q02962,G155L,0.1445,benign,PAX2,155.0
Q02962,G155M,0.1757,benign,PAX2,155.0
Q02962,G155N,0.1518,benign,PAX2,155.0
Q02962,G155P,0.239,benign,PAX2,155.0
Q02962,G155Q,0.2707,benign,PAX2,155.0
Q02962,G155R,0.4111,ambiguous,PAX2,155.0
Q02962,G155S,0.0676,benign,PAX2,155.0
Q02962,G155T,0.0686,benign,PAX2,155.0
Q02962,G155V,0.0663,benign,PAX2,155.0
Q02962,G155W,0.3684,ambiguous,PAX2,155.0
Q02962,G155Y,0.3005,benign,PAX2,155.0
Q02962,T156A,0.0625,benign,PAX2,156.0
Q02962,T156C,0.1855,benign,PAX2,156.0
Q02962,T156D,0.3331,benign,PAX2,156.0
Q02962,T156E,0.3271,benign,PAX2,156.0
Q02962,T156F,0.189,benign,PAX2,156.0
Q02962,T156G,0.0865,benign,PAX2,156.0
Q02962,T156H,0.176,benign,PAX2,156.0
Q02962,T156I,0.1321,benign,PAX2,156.0
Q02962,T156K,0.3179,benign,PAX2,156.0
Q02962,T156L,0.0784,benign,PAX2,156.0
Q02962,T156M,0.097,benign,PAX2,156.0
Q02962,T156N,0.0907,benign,PAX2,156.0
Q02962,T156P,0.063,benign,PAX2,156.0
Q02962,T156Q,0.1793,benign,PAX2,156.0
Q02962,T156R,0.2954,benign,PAX2,156.0
Q02962,T156S,0.0715,benign,PAX2,156.0
Q02962,T156V,0.1012,benign,PAX2,156.0
Q02962,T156W,0.4622,ambiguous,PAX2,156.0
Q02962,T156Y,0.2529,benign,PAX2,156.0
Q02962,G157A,0.0594,benign,PAX2,157.0
Q02962,G157C,0.0973,benign,PAX2,157.0
Q02962,G157D,0.256,benign,PAX2,157.0
Q02962,G157E,0.2374,benign,PAX2,157.0
Q02962,G157F,0.3028,benign,PAX2,157.0
Q02962,G157H,0.2523,benign,PAX2,157.0
Q02962,G157I,0.1184,benign,PAX2,157.0
Q02962,G157K,0.4477,ambiguous,PAX2,157.0
Q02962,G157L,0.1447,benign,PAX2,157.0
Q02962,G157M,0.1729,benign,PAX2,157.0
Q02962,G157N,0.14,benign,PAX2,157.0
Q02962,G157P,0.1493,benign,PAX2,157.0
Q02962,G157Q,0.243,benign,PAX2,157.0
Q02962,G157R,0.3381,benign,PAX2,157.0
Q02962,G157S,0.0632,benign,PAX2,157.0
Q02962,G157T,0.0592,benign,PAX2,157.0
Q02962,G157V,0.0693,benign,PAX2,157.0
Q02962,G157W,0.3382,benign,PAX2,157.0
Q02962,G157Y,0.2926,benign,PAX2,157.0
Q02962,V158A,0.1026,benign,PAX2,158.0
Q02962,V158C,0.3921,ambiguous,PAX2,158.0
Q02962,V158D,0.2981,benign,PAX2,158.0
Q02962,V158E,0.3306,benign,PAX2,158.0
Q02962,V158F,0.0846,benign,PAX2,158.0
Q02962,V158G,0.0898,benign,PAX2,158.0
Q02962,V158H,0.3513,ambiguous,PAX2,158.0
Q02962,V158I,0.0669,benign,PAX2,158.0
Q02962,V158K,0.4487,ambiguous,PAX2,158.0
Q02962,V158L,0.085,benign,PAX2,158.0
Q02962,V158M,0.0835,benign,PAX2,158.0
Q02962,V158N,0.1316,benign,PAX2,158.0
Q02962,V158P,0.1809,benign,PAX2,158.0
Q02962,V158Q,0.2437,benign,PAX2,158.0
Q02962,V158R,0.4274,ambiguous,PAX2,158.0
Q02962,V158S,0.1051,benign,PAX2,158.0
Q02962,V158T,0.1163,benign,PAX2,158.0
Q02962,V158W,0.5543,ambiguous,PAX2,158.0
Q02962,V158Y,0.3509,ambiguous,PAX2,158.0
Q02962,T159A,0.0603,benign,PAX2,159.0
Q02962,T159C,0.2125,benign,PAX2,159.0
Q02962,T159D,0.4358,ambiguous,PAX2,159.0
Q02962,T159E,0.4439,ambiguous,PAX2,159.0
Q02962,T159F,0.2091,benign,PAX2,159.0
Q02962,T159G,0.0994,benign,PAX2,159.0
Q02962,T159H,0.2275,benign,PAX2,159.0
Q02962,T159I,0.1528,benign,PAX2,159.0
Q02962,T159K,0.4298,ambiguous,PAX2,159.0
Q02962,T159L,0.083,benign,PAX2,159.0
Q02962,T159M,0.0909,benign,PAX2,159.0
Q02962,T159N,0.1085,benign,PAX2,159.0
Q02962,T159P,0.0722,benign,PAX2,159.0
Q02962,T159Q,0.2473,benign,PAX2,159.0
Q02962,T159R,0.3827,ambiguous,PAX2,159.0
Q02962,T159S,0.0737,benign,PAX2,159.0
Q02962,T159V,0.1073,benign,PAX2,159.0
Q02962,T159W,0.5174,ambiguous,PAX2,159.0
Q02962,T159Y,0.2886,benign,PAX2,159.0
Q02962,A160C,0.2915,benign,PAX2,160.0
Q02962,A160D,0.4269,ambiguous,PAX2,160.0
Q02962,A160E,0.4245,ambiguous,PAX2,160.0
Q02962,A160F,0.2625,benign,PAX2,160.0
Q02962,A160G,0.0878,benign,PAX2,160.0
Q02962,A160H,0.3884,ambiguous,PAX2,160.0
Q02962,A160I,0.1564,benign,PAX2,160.0
Q02962,A160K,0.6329,pathogenic,PAX2,160.0
Q02962,A160L,0.1025,benign,PAX2,160.0
Q02962,A160M,0.1449,benign,PAX2,160.0
Q02962,A160N,0.1646,benign,PAX2,160.0
Q02962,A160P,0.1099,benign,PAX2,160.0
Q02962,A160Q,0.3182,benign,PAX2,160.0
Q02962,A160R,0.6106,pathogenic,PAX2,160.0
Q02962,A160S,0.0698,benign,PAX2,160.0
Q02962,A160T,0.0611,benign,PAX2,160.0
Q02962,A160V,0.0813,benign,PAX2,160.0
Q02962,A160W,0.6964,pathogenic,PAX2,160.0
Q02962,A160Y,0.4371,ambiguous,PAX2,160.0
Q02962,P161A,0.0524,benign,PAX2,161.0
Q02962,P161C,0.3783,ambiguous,PAX2,161.0
Q02962,P161D,0.5543,ambiguous,PAX2,161.0
Q02962,P161E,0.442,ambiguous,PAX2,161.0
Q02962,P161F,0.4669,ambiguous,PAX2,161.0
Q02962,P161G,0.1659,benign,PAX2,161.0
Q02962,P161H,0.2026,benign,PAX2,161.0
Q02962,P161I,0.2696,benign,PAX2,161.0
Q02962,P161K,0.5181,ambiguous,PAX2,161.0
Q02962,P161L,0.1147,benign,PAX2,161.0
Q02962,P161M,0.2563,benign,PAX2,161.0
Q02962,P161N,0.2377,benign,PAX2,161.0
Q02962,P161Q,0.1539,benign,PAX2,161.0
Q02962,P161R,0.3664,ambiguous,PAX2,161.0
Q02962,P161S,0.0779,benign,PAX2,161.0
Q02962,P161T,0.0715,benign,PAX2,161.0
Q02962,P161V,0.1599,benign,PAX2,161.0
Q02962,P161W,0.7061,pathogenic,PAX2,161.0
Q02962,P161Y,0.5094,ambiguous,PAX2,161.0
Q02962,G162A,0.1513,benign,PAX2,162.0
Q02962,G162C,0.2338,benign,PAX2,162.0
Q02962,G162D,0.7302,pathogenic,PAX2,162.0
Q02962,G162E,0.6724,pathogenic,PAX2,162.0
Q02962,G162F,0.7354,pathogenic,PAX2,162.0
Q02962,G162H,0.6953,pathogenic,PAX2,162.0
Q02962,G162I,0.3842,ambiguous,PAX2,162.0
Q02962,G162K,0.8995,pathogenic,PAX2,162.0
Q02962,G162L,0.4879,ambiguous,PAX2,162.0
Q02962,G162M,0.5681,pathogenic,PAX2,162.0
Q02962,G162N,0.4359,ambiguous,PAX2,162.0
Q02962,G162P,0.7052,pathogenic,PAX2,162.0
Q02962,G162Q,0.6304,pathogenic,PAX2,162.0
Q02962,G162R,0.7897,pathogenic,PAX2,162.0
Q02962,G162S,0.1078,benign,PAX2,162.0
Q02962,G162T,0.1773,benign,PAX2,162.0
Q02962,G162V,0.2128,benign,PAX2,162.0
Q02962,G162W,0.7646,pathogenic,PAX2,162.0
Q02962,G162Y,0.7374,pathogenic,PAX2,162.0
Q02962,H163A,0.4435,ambiguous,PAX2,163.0
Q02962,H163C,0.3412,ambiguous,PAX2,163.0
Q02962,H163D,0.5579,ambiguous,PAX2,163.0
Q02962,H163E,0.6215,pathogenic,PAX2,163.0
Q02962,H163F,0.4909,ambiguous,PAX2,163.0
Q02962,H163G,0.4076,ambiguous,PAX2,163.0
Q02962,H163I,0.57,pathogenic,PAX2,163.0
Q02962,H163K,0.7245,pathogenic,PAX2,163.0
Q02962,H163L,0.2136,benign,PAX2,163.0
Q02962,H163M,0.5875,pathogenic,PAX2,163.0
Q02962,H163N,0.1292,benign,PAX2,163.0
Q02962,H163P,0.1756,benign,PAX2,163.0
Q02962,H163Q,0.3131,benign,PAX2,163.0
Q02962,H163R,0.4383,ambiguous,PAX2,163.0
Q02962,H163S,0.3078,benign,PAX2,163.0
Q02962,H163T,0.4115,ambiguous,PAX2,163.0
Q02962,H163V,0.4508,ambiguous,PAX2,163.0
Q02962,H163W,0.7802,pathogenic,PAX2,163.0
Q02962,H163Y,0.2649,benign,PAX2,163.0
Q02962,T164A,0.131,benign,PAX2,164.0
Q02962,T164C,0.528,ambiguous,PAX2,164.0
Q02962,T164D,0.8159,pathogenic,PAX2,164.0
Q02962,T164E,0.8235,pathogenic,PAX2,164.0
Q02962,T164F,0.6405,pathogenic,PAX2,164.0
Q02962,T164G,0.2708,benign,PAX2,164.0
Q02962,T164H,0.522,ambiguous,PAX2,164.0
Q02962,T164I,0.5629,ambiguous,PAX2,164.0
Q02962,T164K,0.8077,pathogenic,PAX2,164.0
Q02962,T164L,0.2778,benign,PAX2,164.0
Q02962,T164M,0.2224,benign,PAX2,164.0
Q02962,T164N,0.2392,benign,PAX2,164.0
Q02962,T164P,0.21,benign,PAX2,164.0
Q02962,T164Q,0.5594,ambiguous,PAX2,164.0
Q02962,T164R,0.7401,pathogenic,PAX2,164.0
Q02962,T164S,0.1287,benign,PAX2,164.0
Q02962,T164V,0.3236,benign,PAX2,164.0
Q02962,T164W,0.8974,pathogenic,PAX2,164.0
Q02962,T164Y,0.7415,pathogenic,PAX2,164.0
Q02962,I165A,0.498,ambiguous,PAX2,165.0
Q02962,I165C,0.8949,pathogenic,PAX2,165.0
Q02962,I165D,0.9764,pathogenic,PAX2,165.0
Q02962,I165E,0.9613,pathogenic,PAX2,165.0
Q02962,I165F,0.2636,benign,PAX2,165.0
Q02962,I165G,0.8931,pathogenic,PAX2,165.0
Q02962,I165H,0.9285,pathogenic,PAX2,165.0
Q02962,I165K,0.9618,pathogenic,PAX2,165.0
Q02962,I165L,0.124,benign,PAX2,165.0
Q02962,I165M,0.1402,benign,PAX2,165.0
Q02962,I165N,0.8617,pathogenic,PAX2,165.0
Q02962,I165P,0.812,pathogenic,PAX2,165.0
Q02962,I165Q,0.9162,pathogenic,PAX2,165.0
Q02962,I165R,0.9276,pathogenic,PAX2,165.0
Q02962,I165S,0.7407,pathogenic,PAX2,165.0
Q02962,I165T,0.5878,pathogenic,PAX2,165.0
Q02962,I165V,0.0847,benign,PAX2,165.0
Q02962,I165W,0.9125,pathogenic,PAX2,165.0
Q02962,I165Y,0.8304,pathogenic,PAX2,165.0
Q02962,V166A,0.5897,pathogenic,PAX2,166.0
Q02962,V166C,0.8643,pathogenic,PAX2,166.0
Q02962,V166D,0.9477,pathogenic,PAX2,166.0
Q02962,V166E,0.9055,pathogenic,PAX2,166.0
Q02962,V166F,0.3869,ambiguous,PAX2,166.0
Q02962,V166G,0.5763,pathogenic,PAX2,166.0
Q02962,V166H,0.9343,pathogenic,PAX2,166.0
Q02962,V166I,0.1023,benign,PAX2,166.0
Q02962,V166K,0.9523,pathogenic,PAX2,166.0
Q02962,V166L,0.2914,benign,PAX2,166.0
Q02962,V166M,0.3757,ambiguous,PAX2,166.0
Q02962,V166N,0.8131,pathogenic,PAX2,166.0
Q02962,V166P,0.8212,pathogenic,PAX2,166.0
Q02962,V166Q,0.8288,pathogenic,PAX2,166.0
Q02962,V166R,0.9151,pathogenic,PAX2,166.0
Q02962,V166S,0.6144,pathogenic,PAX2,166.0
Q02962,V166T,0.6341,pathogenic,PAX2,166.0
Q02962,V166W,0.9722,pathogenic,PAX2,166.0
Q02962,V166Y,0.8839,pathogenic,PAX2,166.0
Q02962,P167A,0.2188,benign,PAX2,167.0
Q02962,P167C,0.851,pathogenic,PAX2,167.0
Q02962,P167D,0.9184,pathogenic,PAX2,167.0
Q02962,P167E,0.8332,pathogenic,PAX2,167.0
Q02962,P167F,0.9092,pathogenic,PAX2,167.0
Q02962,P167G,0.5794,pathogenic,PAX2,167.0
Q02962,P167H,0.5813,pathogenic,PAX2,167.0
Q02962,P167I,0.837,pathogenic,PAX2,167.0
Q02962,P167K,0.9147,pathogenic,PAX2,167.0
Q02962,P167L,0.4324,ambiguous,PAX2,167.0
Q02962,P167M,0.7823,pathogenic,PAX2,167.0
Q02962,P167N,0.7318,pathogenic,PAX2,167.0
Q02962,P167Q,0.5281,ambiguous,PAX2,167.0
Q02962,P167R,0.7721,pathogenic,PAX2,167.0
Q02962,P167S,0.2924,benign,PAX2,167.0
Q02962,P167T,0.3116,benign,PAX2,167.0
Q02962,P167V,0.6281,pathogenic,PAX2,167.0
Q02962,P167W,0.9674,pathogenic,PAX2,167.0
Q02962,P167Y,0.8994,pathogenic,PAX2,167.0
Q02962,S168A,0.138,benign,PAX2,168.0
Q02962,S168C,0.301,benign,PAX2,168.0
Q02962,S168D,0.9153,pathogenic,PAX2,168.0
Q02962,S168E,0.941,pathogenic,PAX2,168.0
Q02962,S168F,0.7042,pathogenic,PAX2,168.0
Q02962,S168G,0.1745,benign,PAX2,168.0
Q02962,S168H,0.8487,pathogenic,PAX2,168.0
Q02962,S168I,0.6497,pathogenic,PAX2,168.0
Q02962,S168K,0.9882,pathogenic,PAX2,168.0
Q02962,S168L,0.3124,benign,PAX2,168.0
Q02962,S168M,0.4864,ambiguous,PAX2,168.0
Q02962,S168N,0.4851,ambiguous,PAX2,168.0
Q02962,S168P,0.425,ambiguous,PAX2,168.0
Q02962,S168Q,0.8932,pathogenic,PAX2,168.0
Q02962,S168R,0.9831,pathogenic,PAX2,168.0
Q02962,S168T,0.1406,benign,PAX2,168.0
Q02962,S168V,0.4429,ambiguous,PAX2,168.0
Q02962,S168W,0.8782,pathogenic,PAX2,168.0
Q02962,S168Y,0.7463,pathogenic,PAX2,168.0
Q02962,T169A,0.0689,benign,PAX2,169.0
Q02962,T169C,0.4254,ambiguous,PAX2,169.0
Q02962,T169D,0.7021,pathogenic,PAX2,169.0
Q02962,T169E,0.6938,pathogenic,PAX2,169.0
Q02962,T169F,0.4014,ambiguous,PAX2,169.0
Q02962,T169G,0.1564,benign,PAX2,169.0
Q02962,T169H,0.4243,ambiguous,PAX2,169.0
Q02962,T169I,0.3109,benign,PAX2,169.0
Q02962,T169K,0.6941,pathogenic,PAX2,169.0
Q02962,T169L,0.1408,benign,PAX2,169.0
Q02962,T169M,0.1269,benign,PAX2,169.0
Q02962,T169N,0.1916,benign,PAX2,169.0
Q02962,T169P,0.1044,benign,PAX2,169.0
Q02962,T169Q,0.4397,ambiguous,PAX2,169.0
Q02962,T169R,0.6191,pathogenic,PAX2,169.0
Q02962,T169S,0.0909,benign,PAX2,169.0
Q02962,T169V,0.1706,benign,PAX2,169.0
Q02962,T169W,0.7997,pathogenic,PAX2,169.0
Q02962,T169Y,0.5486,ambiguous,PAX2,169.0
Q02962,A170C,0.3959,ambiguous,PAX2,170.0
Q02962,A170D,0.6161,pathogenic,PAX2,170.0
Q02962,A170E,0.6395,pathogenic,PAX2,170.0
Q02962,A170F,0.3699,ambiguous,PAX2,170.0
Q02962,A170G,0.1383,benign,PAX2,170.0
Q02962,A170H,0.5556,ambiguous,PAX2,170.0
Q02962,A170I,0.2044,benign,PAX2,170.0
Q02962,A170K,0.8476,pathogenic,PAX2,170.0
Q02962,A170L,0.1545,benign,PAX2,170.0
Q02962,A170M,0.2055,benign,PAX2,170.0
Q02962,A170N,0.2089,benign,PAX2,170.0
Q02962,A170P,0.2119,benign,PAX2,170.0
Q02962,A170Q,0.5036,ambiguous,PAX2,170.0
Q02962,A170R,0.7876,pathogenic,PAX2,170.0
Q02962,A170S,0.0834,benign,PAX2,170.0
Q02962,A170T,0.0746,benign,PAX2,170.0
Q02962,A170V,0.0884,benign,PAX2,170.0
Q02962,A170W,0.8499,pathogenic,PAX2,170.0
Q02962,A170Y,0.5976,pathogenic,PAX2,170.0
Q02962,S171A,0.0918,benign,PAX2,171.0
Q02962,S171C,0.1799,benign,PAX2,171.0
Q02962,S171D,0.8802,pathogenic,PAX2,171.0
Q02962,S171E,0.888,pathogenic,PAX2,171.0
Q02962,S171F,0.3225,benign,PAX2,171.0
Q02962,S171G,0.1527,benign,PAX2,171.0
Q02962,S171H,0.7212,pathogenic,PAX2,171.0
Q02962,S171I,0.2772,benign,PAX2,171.0
Q02962,S171K,0.973,pathogenic,PAX2,171.0
Q02962,S171L,0.129,benign,PAX2,171.0
Q02962,S171M,0.2676,benign,PAX2,171.0
Q02962,S171N,0.3727,ambiguous,PAX2,171.0
Q02962,S171P,0.2176,benign,PAX2,171.0
Q02962,S171Q,0.8121,pathogenic,PAX2,171.0
Q02962,S171R,0.9629,pathogenic,PAX2,171.0
Q02962,S171T,0.0983,benign,PAX2,171.0
Q02962,S171V,0.1988,benign,PAX2,171.0
Q02962,S171W,0.6767,pathogenic,PAX2,171.0
Q02962,S171Y,0.4742,ambiguous,PAX2,171.0
Q02962,P172A,0.1161,benign,PAX2,172.0
Q02962,P172C,0.6954,pathogenic,PAX2,172.0
Q02962,P172D,0.8809,pathogenic,PAX2,172.0
Q02962,P172E,0.7235,pathogenic,PAX2,172.0
Q02962,P172F,0.7123,pathogenic,PAX2,172.0
Q02962,P172G,0.4555,ambiguous,PAX2,172.0
Q02962,P172H,0.407,ambiguous,PAX2,172.0
Q02962,P172I,0.4365,ambiguous,PAX2,172.0
Q02962,P172K,0.7981,pathogenic,PAX2,172.0
Q02962,P172L,0.1861,benign,PAX2,172.0
Q02962,P172M,0.4228,ambiguous,PAX2,172.0
Q02962,P172N,0.5682,pathogenic,PAX2,172.0
Q02962,P172Q,0.347,ambiguous,PAX2,172.0
Q02962,P172R,0.6346,pathogenic,PAX2,172.0
Q02962,P172S,0.1872,benign,PAX2,172.0
Q02962,P172T,0.1299,benign,PAX2,172.0
Q02962,P172V,0.2529,benign,PAX2,172.0
Q02962,P172W,0.9134,pathogenic,PAX2,172.0
Q02962,P172Y,0.7505,pathogenic,PAX2,172.0
Q02962,P173A,0.1227,benign,PAX2,173.0
Q02962,P173C,0.7941,pathogenic,PAX2,173.0
Q02962,P173D,0.8852,pathogenic,PAX2,173.0
Q02962,P173E,0.7465,pathogenic,PAX2,173.0
Q02962,P173F,0.8422,pathogenic,PAX2,173.0
Q02962,P173G,0.5277,ambiguous,PAX2,173.0
Q02962,P173H,0.5222,ambiguous,PAX2,173.0
Q02962,P173I,0.5717,pathogenic,PAX2,173.0
Q02962,P173K,0.8462,pathogenic,PAX2,173.0
Q02962,P173L,0.2889,benign,PAX2,173.0
Q02962,P173M,0.5646,pathogenic,PAX2,173.0
Q02962,P173N,0.6718,pathogenic,PAX2,173.0
Q02962,P173Q,0.386,ambiguous,PAX2,173.0
Q02962,P173R,0.6862,pathogenic,PAX2,173.0
Q02962,P173S,0.2604,benign,PAX2,173.0
Q02962,P173T,0.214,benign,PAX2,173.0
Q02962,P173V,0.3204,benign,PAX2,173.0
Q02962,P173W,0.9511,pathogenic,PAX2,173.0
Q02962,P173Y,0.8555,pathogenic,PAX2,173.0
Q02962,V174A,0.2927,benign,PAX2,174.0
Q02962,V174C,0.8263,pathogenic,PAX2,174.0
Q02962,V174D,0.7948,pathogenic,PAX2,174.0
Q02962,V174E,0.7251,pathogenic,PAX2,174.0
Q02962,V174F,0.2859,benign,PAX2,174.0
Q02962,V174G,0.3447,ambiguous,PAX2,174.0
Q02962,V174H,0.8413,pathogenic,PAX2,174.0
Q02962,V174I,0.0945,benign,PAX2,174.0
Q02962,V174K,0.8788,pathogenic,PAX2,174.0
Q02962,V174L,0.1993,benign,PAX2,174.0
Q02962,V174M,0.1935,benign,PAX2,174.0
Q02962,V174N,0.525,ambiguous,PAX2,174.0
Q02962,V174P,0.5235,ambiguous,PAX2,174.0
Q02962,V174Q,0.6545,pathogenic,PAX2,174.0
Q02962,V174R,0.8467,pathogenic,PAX2,174.0
Q02962,V174S,0.3625,ambiguous,PAX2,174.0
Q02962,V174T,0.3614,ambiguous,PAX2,174.0
Q02962,V174W,0.9476,pathogenic,PAX2,174.0
Q02962,V174Y,0.8025,pathogenic,PAX2,174.0
Q02962,S175A,0.1091,benign,PAX2,175.0
Q02962,S175C,0.2386,benign,PAX2,175.0
Q02962,S175D,0.8449,pathogenic,PAX2,175.0
Q02962,S175E,0.8532,pathogenic,PAX2,175.0
Q02962,S175F,0.5146,ambiguous,PAX2,175.0
Q02962,S175G,0.1622,benign,PAX2,175.0
Q02962,S175H,0.7753,pathogenic,PAX2,175.0
Q02962,S175I,0.4354,ambiguous,PAX2,175.0
Q02962,S175K,0.9787,pathogenic,PAX2,175.0
Q02962,S175L,0.1973,benign,PAX2,175.0
Q02962,S175M,0.3226,benign,PAX2,175.0
Q02962,S175N,0.3747,ambiguous,PAX2,175.0
Q02962,S175P,0.2228,benign,PAX2,175.0
Q02962,S175Q,0.8246,pathogenic,PAX2,175.0
Q02962,S175R,0.9725,pathogenic,PAX2,175.0
Q02962,S175T,0.0709,benign,PAX2,175.0
Q02962,S175V,0.2924,benign,PAX2,175.0
Q02962,S175W,0.799,pathogenic,PAX2,175.0
Q02962,S175Y,0.6313,pathogenic,PAX2,175.0
Q02962,S176A,0.1007,benign,PAX2,176.0
Q02962,S176C,0.2429,benign,PAX2,176.0
Q02962,S176D,0.8829,pathogenic,PAX2,176.0
Q02962,S176E,0.9139,pathogenic,PAX2,176.0
Q02962,S176F,0.5209,ambiguous,PAX2,176.0
Q02962,S176G,0.1466,benign,PAX2,176.0
Q02962,S176H,0.7799,pathogenic,PAX2,176.0
Q02962,S176I,0.482,ambiguous,PAX2,176.0
Q02962,S176K,0.9828,pathogenic,PAX2,176.0
Q02962,S176L,0.1987,benign,PAX2,176.0
Q02962,S176M,0.3603,ambiguous,PAX2,176.0
Q02962,S176N,0.4257,ambiguous,PAX2,176.0
Q02962,S176P,0.2682,benign,PAX2,176.0
Q02962,S176Q,0.8576,pathogenic,PAX2,176.0
Q02962,S176R,0.975,pathogenic,PAX2,176.0
Q02962,S176T,0.0999,benign,PAX2,176.0
Q02962,S176V,0.3171,benign,PAX2,176.0
Q02962,S176W,0.7916,pathogenic,PAX2,176.0
Q02962,S176Y,0.6345,pathogenic,PAX2,176.0
Q02962,A177C,0.4365,ambiguous,PAX2,177.0
Q02962,A177D,0.7265,pathogenic,PAX2,177.0
Q02962,A177E,0.7367,pathogenic,PAX2,177.0
Q02962,A177F,0.4481,ambiguous,PAX2,177.0
Q02962,A177G,0.1273,benign,PAX2,177.0
Q02962,A177H,0.6369,pathogenic,PAX2,177.0
Q02962,A177I,0.2877,benign,PAX2,177.0
Q02962,A177K,0.8954,pathogenic,PAX2,177.0
Q02962,A177L,0.1946,benign,PAX2,177.0
Q02962,A177M,0.2692,benign,PAX2,177.0
Q02962,A177N,0.3044,benign,PAX2,177.0
Q02962,A177P,0.1754,benign,PAX2,177.0
Q02962,A177Q,0.5683,pathogenic,PAX2,177.0
Q02962,A177R,0.8477,pathogenic,PAX2,177.0
Q02962,A177S,0.0822,benign,PAX2,177.0
Q02962,A177T,0.0807,benign,PAX2,177.0
Q02962,A177V,0.1252,benign,PAX2,177.0
Q02962,A177W,0.8902,pathogenic,PAX2,177.0
Q02962,A177Y,0.6779,pathogenic,PAX2,177.0
Q02962,S178A,0.0869,benign,PAX2,178.0
Q02962,S178C,0.1835,benign,PAX2,178.0
Q02962,S178D,0.8671,pathogenic,PAX2,178.0
Q02962,S178E,0.8897,pathogenic,PAX2,178.0
Q02962,S178F,0.5022,ambiguous,PAX2,178.0
Q02962,S178G,0.1281,benign,PAX2,178.0
Q02962,S178H,0.7357,pathogenic,PAX2,178.0
Q02962,S178I,0.3995,ambiguous,PAX2,178.0
Q02962,S178K,0.9744,pathogenic,PAX2,178.0
Q02962,S178L,0.1968,benign,PAX2,178.0
Q02962,S178M,0.3328,benign,PAX2,178.0
Q02962,S178N,0.3371,benign,PAX2,178.0
Q02962,S178P,0.2516,benign,PAX2,178.0
Q02962,S178Q,0.784,pathogenic,PAX2,178.0
Q02962,S178R,0.9647,pathogenic,PAX2,178.0
Q02962,S178T,0.095,benign,PAX2,178.0
Q02962,S178V,0.2562,benign,PAX2,178.0
Q02962,S178W,0.7599,pathogenic,PAX2,178.0
Q02962,S178Y,0.6098,pathogenic,PAX2,178.0
Q02962,N179A,0.1641,benign,PAX2,179.0
Q02962,N179C,0.2586,benign,PAX2,179.0
Q02962,N179D,0.3626,ambiguous,PAX2,179.0
Q02962,N179E,0.71,pathogenic,PAX2,179.0
Q02962,N179F,0.6871,pathogenic,PAX2,179.0
Q02962,N179G,0.1646,benign,PAX2,179.0
Q02962,N179H,0.1844,benign,PAX2,179.0
Q02962,N179I,0.3387,benign,PAX2,179.0
Q02962,N179K,0.7572,pathogenic,PAX2,179.0
Q02962,N179L,0.288,benign,PAX2,179.0
Q02962,N179M,0.4037,ambiguous,PAX2,179.0
Q02962,N179P,0.3629,ambiguous,PAX2,179.0
Q02962,N179Q,0.5117,ambiguous,PAX2,179.0
Q02962,N179R,0.7355,pathogenic,PAX2,179.0
Q02962,N179S,0.0599,benign,PAX2,179.0
Q02962,N179T,0.1014,benign,PAX2,179.0
Q02962,N179V,0.2486,benign,PAX2,179.0
Q02962,N179W,0.8723,pathogenic,PAX2,179.0
Q02962,N179Y,0.3816,ambiguous,PAX2,179.0
Q02962,D180A,0.8122,pathogenic,PAX2,180.0
Q02962,D180C,0.9782,pathogenic,PAX2,180.0
Q02962,D180E,0.6683,pathogenic,PAX2,180.0
Q02962,D180F,0.9657,pathogenic,PAX2,180.0
Q02962,D180G,0.8375,pathogenic,PAX2,180.0
Q02962,D180H,0.9072,pathogenic,PAX2,180.0
Q02962,D180I,0.9348,pathogenic,PAX2,180.0
Q02962,D180K,0.9735,pathogenic,PAX2,180.0
Q02962,D180L,0.902,pathogenic,PAX2,180.0
Q02962,D180M,0.9749,pathogenic,PAX2,180.0
Q02962,D180N,0.5016,ambiguous,PAX2,180.0
Q02962,D180P,0.9478,pathogenic,PAX2,180.0
Q02962,D180Q,0.929,pathogenic,PAX2,180.0
Q02962,D180R,0.9649,pathogenic,PAX2,180.0
Q02962,D180S,0.6348,pathogenic,PAX2,180.0
Q02962,D180T,0.8484,pathogenic,PAX2,180.0
Q02962,D180V,0.8437,pathogenic,PAX2,180.0
Q02962,D180W,0.9946,pathogenic,PAX2,180.0
Q02962,D180Y,0.8672,pathogenic,PAX2,180.0
Q02962,P181A,0.1666,benign,PAX2,181.0
Q02962,P181C,0.8294,pathogenic,PAX2,181.0
Q02962,P181D,0.8614,pathogenic,PAX2,181.0
Q02962,P181E,0.8021,pathogenic,PAX2,181.0
Q02962,P181F,0.9128,pathogenic,PAX2,181.0
Q02962,P181G,0.5675,pathogenic,PAX2,181.0
Q02962,P181H,0.5727,pathogenic,PAX2,181.0
Q02962,P181I,0.7424,pathogenic,PAX2,181.0
Q02962,P181K,0.8875,pathogenic,PAX2,181.0
Q02962,P181L,0.4402,ambiguous,PAX2,181.0
Q02962,P181M,0.6878,pathogenic,PAX2,181.0
Q02962,P181N,0.6186,pathogenic,PAX2,181.0
Q02962,P181Q,0.5127,ambiguous,PAX2,181.0
Q02962,P181R,0.7508,pathogenic,PAX2,181.0
Q02962,P181S,0.2614,benign,PAX2,181.0
Q02962,P181T,0.2239,benign,PAX2,181.0
Q02962,P181V,0.5094,ambiguous,PAX2,181.0
Q02962,P181W,0.9733,pathogenic,PAX2,181.0
Q02962,P181Y,0.9111,pathogenic,PAX2,181.0
Q02962,V182A,0.1942,benign,PAX2,182.0
Q02962,V182C,0.8151,pathogenic,PAX2,182.0
Q02962,V182D,0.8459,pathogenic,PAX2,182.0
Q02962,V182E,0.8037,pathogenic,PAX2,182.0
Q02962,V182F,0.3849,ambiguous,PAX2,182.0
Q02962,V182G,0.2872,benign,PAX2,182.0
Q02962,V182H,0.8776,pathogenic,PAX2,182.0
Q02962,V182I,0.1232,benign,PAX2,182.0
Q02962,V182K,0.8956,pathogenic,PAX2,182.0
Q02962,V182L,0.2807,benign,PAX2,182.0
Q02962,V182M,0.2622,benign,PAX2,182.0
Q02962,V182N,0.5767,pathogenic,PAX2,182.0
Q02962,V182P,0.4968,ambiguous,PAX2,182.0
Q02962,V182Q,0.6811,pathogenic,PAX2,182.0
Q02962,V182R,0.8423,pathogenic,PAX2,182.0
Q02962,V182S,0.309,benign,PAX2,182.0
Q02962,V182T,0.2868,benign,PAX2,182.0
Q02962,V182W,0.959,pathogenic,PAX2,182.0
Q02962,V182Y,0.8617,pathogenic,PAX2,182.0
Q02962,G183A,0.7118,pathogenic,PAX2,183.0
Q02962,G183C,0.9134,pathogenic,PAX2,183.0
Q02962,G183D,0.9831,pathogenic,PAX2,183.0
Q02962,G183E,0.987,pathogenic,PAX2,183.0
Q02962,G183F,0.9862,pathogenic,PAX2,183.0
Q02962,G183H,0.9887,pathogenic,PAX2,183.0
Q02962,G183I,0.9754,pathogenic,PAX2,183.0
Q02962,G183K,0.9969,pathogenic,PAX2,183.0
Q02962,G183L,0.9726,pathogenic,PAX2,183.0
Q02962,G183M,0.9835,pathogenic,PAX2,183.0
Q02962,G183N,0.9437,pathogenic,PAX2,183.0
Q02962,G183P,0.9679,pathogenic,PAX2,183.0
Q02962,G183Q,0.9812,pathogenic,PAX2,183.0
Q02962,G183R,0.9905,pathogenic,PAX2,183.0
Q02962,G183S,0.5837,pathogenic,PAX2,183.0
Q02962,G183T,0.8481,pathogenic,PAX2,183.0
Q02962,G183V,0.9316,pathogenic,PAX2,183.0
Q02962,G183W,0.9904,pathogenic,PAX2,183.0
Q02962,G183Y,0.989,pathogenic,PAX2,183.0
Q02962,S184A,0.5529,ambiguous,PAX2,184.0
Q02962,S184C,0.8454,pathogenic,PAX2,184.0
Q02962,S184D,0.989,pathogenic,PAX2,184.0
Q02962,S184E,0.9931,pathogenic,PAX2,184.0
Q02962,S184F,0.9825,pathogenic,PAX2,184.0
Q02962,S184G,0.7065,pathogenic,PAX2,184.0
Q02962,S184H,0.98,pathogenic,PAX2,184.0
Q02962,S184I,0.985,pathogenic,PAX2,184.0
Q02962,S184K,0.9989,pathogenic,PAX2,184.0
Q02962,S184L,0.9437,pathogenic,PAX2,184.0
Q02962,S184M,0.9601,pathogenic,PAX2,184.0
Q02962,S184N,0.9381,pathogenic,PAX2,184.0
Q02962,S184P,0.9267,pathogenic,PAX2,184.0
Q02962,S184Q,0.9854,pathogenic,PAX2,184.0
Q02962,S184R,0.998,pathogenic,PAX2,184.0
Q02962,S184T,0.6767,pathogenic,PAX2,184.0
Q02962,S184V,0.9712,pathogenic,PAX2,184.0
Q02962,S184W,0.9863,pathogenic,PAX2,184.0
Q02962,S184Y,0.9771,pathogenic,PAX2,184.0
Q02962,Y185A,0.9986,pathogenic,PAX2,185.0
Q02962,Y185C,0.9951,pathogenic,PAX2,185.0
Q02962,Y185D,0.9993,pathogenic,PAX2,185.0
Q02962,Y185E,0.9999,pathogenic,PAX2,185.0
Q02962,Y185F,0.7118,pathogenic,PAX2,185.0
Q02962,Y185G,0.9931,pathogenic,PAX2,185.0
Q02962,Y185H,0.999,pathogenic,PAX2,185.0
Q02962,Y185I,0.9971,pathogenic,PAX2,185.0
Q02962,Y185K,0.9998,pathogenic,PAX2,185.0
Q02962,Y185L,0.984,pathogenic,PAX2,185.0
Q02962,Y185M,0.9979,pathogenic,PAX2,185.0
Q02962,Y185N,0.9976,pathogenic,PAX2,185.0
Q02962,Y185P,0.9972,pathogenic,PAX2,185.0
Q02962,Y185Q,0.9999,pathogenic,PAX2,185.0
Q02962,Y185R,0.9992,pathogenic,PAX2,185.0
Q02962,Y185S,0.9928,pathogenic,PAX2,185.0
Q02962,Y185T,0.9983,pathogenic,PAX2,185.0
Q02962,Y185V,0.9897,pathogenic,PAX2,185.0
Q02962,Y185W,0.9609,pathogenic,PAX2,185.0
Q02962,S186A,0.8883,pathogenic,PAX2,186.0
Q02962,S186C,0.9725,pathogenic,PAX2,186.0
Q02962,S186D,0.9967,pathogenic,PAX2,186.0
Q02962,S186E,0.9978,pathogenic,PAX2,186.0
Q02962,S186F,0.9985,pathogenic,PAX2,186.0
Q02962,S186G,0.9584,pathogenic,PAX2,186.0
Q02962,S186H,0.9927,pathogenic,PAX2,186.0
Q02962,S186I,0.9982,pathogenic,PAX2,186.0
Q02962,S186K,0.9997,pathogenic,PAX2,186.0
Q02962,S186L,0.9938,pathogenic,PAX2,186.0
Q02962,S186M,0.9947,pathogenic,PAX2,186.0
Q02962,S186N,0.9875,pathogenic,PAX2,186.0
Q02962,S186P,0.9982,pathogenic,PAX2,186.0
Q02962,S186Q,0.9933,pathogenic,PAX2,186.0
Q02962,S186R,0.9992,pathogenic,PAX2,186.0
Q02962,S186T,0.8466,pathogenic,PAX2,186.0
Q02962,S186V,0.996,pathogenic,PAX2,186.0
Q02962,S186W,0.9981,pathogenic,PAX2,186.0
Q02962,S186Y,0.9969,pathogenic,PAX2,186.0
Q02962,I187A,0.999,pathogenic,PAX2,187.0
Q02962,I187C,1.0,pathogenic,PAX2,187.0
Q02962,I187D,1.0,pathogenic,PAX2,187.0
Q02962,I187E,0.9998,pathogenic,PAX2,187.0
Q02962,I187F,0.9963,pathogenic,PAX2,187.0
Q02962,I187G,0.9999,pathogenic,PAX2,187.0
Q02962,I187H,1.0,pathogenic,PAX2,187.0
Q02962,I187K,0.9999,pathogenic,PAX2,187.0
Q02962,I187L,0.9654,pathogenic,PAX2,187.0
Q02962,I187M,0.9789,pathogenic,PAX2,187.0
Q02962,I187N,0.9998,pathogenic,PAX2,187.0
Q02962,I187P,0.999,pathogenic,PAX2,187.0
Q02962,I187Q,0.9999,pathogenic,PAX2,187.0
Q02962,I187R,0.9997,pathogenic,PAX2,187.0
Q02962,I187S,0.9995,pathogenic,PAX2,187.0
Q02962,I187T,0.9997,pathogenic,PAX2,187.0
Q02962,I187V,0.9254,pathogenic,PAX2,187.0
Q02962,I187W,0.9997,pathogenic,PAX2,187.0
Q02962,I187Y,0.9996,pathogenic,PAX2,187.0
Q02962,N188A,0.7803,pathogenic,PAX2,188.0
Q02962,N188C,0.7744,pathogenic,PAX2,188.0
Q02962,N188D,0.8593,pathogenic,PAX2,188.0
Q02962,N188E,0.9847,pathogenic,PAX2,188.0
Q02962,N188F,0.9897,pathogenic,PAX2,188.0
Q02962,N188G,0.672,pathogenic,PAX2,188.0
Q02962,N188H,0.6155,pathogenic,PAX2,188.0
Q02962,N188I,0.9783,pathogenic,PAX2,188.0
Q02962,N188K,0.992,pathogenic,PAX2,188.0
Q02962,N188L,0.8955,pathogenic,PAX2,188.0
Q02962,N188M,0.9524,pathogenic,PAX2,188.0
Q02962,N188P,0.9631,pathogenic,PAX2,188.0
Q02962,N188Q,0.9423,pathogenic,PAX2,188.0
Q02962,N188R,0.9797,pathogenic,PAX2,188.0
Q02962,N188S,0.1042,benign,PAX2,188.0
Q02962,N188T,0.5432,ambiguous,PAX2,188.0
Q02962,N188V,0.9533,pathogenic,PAX2,188.0
Q02962,N188W,0.9936,pathogenic,PAX2,188.0
Q02962,N188Y,0.9055,pathogenic,PAX2,188.0
Q02962,G189A,0.9801,pathogenic,PAX2,189.0
Q02962,G189C,0.9964,pathogenic,PAX2,189.0
Q02962,G189D,0.9954,pathogenic,PAX2,189.0
Q02962,G189E,0.9981,pathogenic,PAX2,189.0
Q02962,G189F,0.9992,pathogenic,PAX2,189.0
Q02962,G189H,0.9984,pathogenic,PAX2,189.0
Q02962,G189I,0.9992,pathogenic,PAX2,189.0
Q02962,G189K,0.9995,pathogenic,PAX2,189.0
Q02962,G189L,0.9986,pathogenic,PAX2,189.0
Q02962,G189M,0.999,pathogenic,PAX2,189.0
Q02962,G189N,0.9901,pathogenic,PAX2,189.0
Q02962,G189P,0.9999,pathogenic,PAX2,189.0
Q02962,G189Q,0.9973,pathogenic,PAX2,189.0
Q02962,G189R,0.9986,pathogenic,PAX2,189.0
Q02962,G189S,0.9482,pathogenic,PAX2,189.0
Q02962,G189T,0.9888,pathogenic,PAX2,189.0
Q02962,G189V,0.9977,pathogenic,PAX2,189.0
Q02962,G189W,0.9993,pathogenic,PAX2,189.0
Q02962,G189Y,0.9987,pathogenic,PAX2,189.0
Q02962,I190A,0.9995,pathogenic,PAX2,190.0
Q02962,I190C,1.0,pathogenic,PAX2,190.0
Q02962,I190D,0.9999,pathogenic,PAX2,190.0
Q02962,I190E,0.9998,pathogenic,PAX2,190.0
Q02962,I190F,0.9933,pathogenic,PAX2,190.0
Q02962,I190G,0.9999,pathogenic,PAX2,190.0
Q02962,I190H,0.9999,pathogenic,PAX2,190.0
Q02962,I190K,0.9999,pathogenic,PAX2,190.0
Q02962,I190L,0.7648,pathogenic,PAX2,190.0
Q02962,I190M,0.9745,pathogenic,PAX2,190.0
Q02962,I190N,0.9997,pathogenic,PAX2,190.0
Q02962,I190P,0.9997,pathogenic,PAX2,190.0
Q02962,I190Q,0.9999,pathogenic,PAX2,190.0
Q02962,I190R,0.9998,pathogenic,PAX2,190.0
Q02962,I190S,0.9997,pathogenic,PAX2,190.0
Q02962,I190T,0.9998,pathogenic,PAX2,190.0
Q02962,I190V,0.9724,pathogenic,PAX2,190.0
Q02962,I190W,0.9998,pathogenic,PAX2,190.0
Q02962,I190Y,0.9991,pathogenic,PAX2,190.0
Q02962,L191A,0.9963,pathogenic,PAX2,191.0
Q02962,L191C,0.9992,pathogenic,PAX2,191.0
Q02962,L191D,0.9999,pathogenic,PAX2,191.0
Q02962,L191E,0.9998,pathogenic,PAX2,191.0
Q02962,L191F,0.9964,pathogenic,PAX2,191.0
Q02962,L191G,0.9989,pathogenic,PAX2,191.0
Q02962,L191H,0.9998,pathogenic,PAX2,191.0
Q02962,L191I,0.9496,pathogenic,PAX2,191.0
Q02962,L191K,0.9996,pathogenic,PAX2,191.0
Q02962,L191M,0.9727,pathogenic,PAX2,191.0
Q02962,L191N,0.9998,pathogenic,PAX2,191.0
Q02962,L191P,0.9996,pathogenic,PAX2,191.0
Q02962,L191Q,0.9997,pathogenic,PAX2,191.0
Q02962,L191R,0.9983,pathogenic,PAX2,191.0
Q02962,L191S,0.9997,pathogenic,PAX2,191.0
Q02962,L191T,0.9975,pathogenic,PAX2,191.0
Q02962,L191V,0.9805,pathogenic,PAX2,191.0
Q02962,L191W,0.999,pathogenic,PAX2,191.0
Q02962,L191Y,0.9996,pathogenic,PAX2,191.0
Q02962,G192A,0.9858,pathogenic,PAX2,192.0
Q02962,G192C,0.9966,pathogenic,PAX2,192.0
Q02962,G192D,0.9964,pathogenic,PAX2,192.0
Q02962,G192E,0.9987,pathogenic,PAX2,192.0
Q02962,G192F,0.9996,pathogenic,PAX2,192.0
Q02962,G192H,0.9993,pathogenic,PAX2,192.0
Q02962,G192I,0.9995,pathogenic,PAX2,192.0
Q02962,G192K,0.9996,pathogenic,PAX2,192.0
Q02962,G192L,0.9982,pathogenic,PAX2,192.0
Q02962,G192M,0.9994,pathogenic,PAX2,192.0
Q02962,G192N,0.9952,pathogenic,PAX2,192.0
Q02962,G192P,0.9997,pathogenic,PAX2,192.0
Q02962,G192Q,0.9983,pathogenic,PAX2,192.0
Q02962,G192R,0.9989,pathogenic,PAX2,192.0
Q02962,G192S,0.9851,pathogenic,PAX2,192.0
Q02962,G192T,0.9973,pathogenic,PAX2,192.0
Q02962,G192V,0.9987,pathogenic,PAX2,192.0
Q02962,G192W,0.9997,pathogenic,PAX2,192.0
Q02962,G192Y,0.9994,pathogenic,PAX2,192.0
Q02962,I193A,0.9983,pathogenic,PAX2,193.0
Q02962,I193C,0.9996,pathogenic,PAX2,193.0
Q02962,I193D,0.9992,pathogenic,PAX2,193.0
Q02962,I193E,0.999,pathogenic,PAX2,193.0
Q02962,I193F,0.925,pathogenic,PAX2,193.0
Q02962,I193G,0.9988,pathogenic,PAX2,193.0
Q02962,I193H,0.9991,pathogenic,PAX2,193.0
Q02962,I193K,0.9989,pathogenic,PAX2,193.0
Q02962,I193L,0.8403,pathogenic,PAX2,193.0
Q02962,I193M,0.915,pathogenic,PAX2,193.0
Q02962,I193N,0.9954,pathogenic,PAX2,193.0
Q02962,I193P,0.9974,pathogenic,PAX2,193.0
Q02962,I193Q,0.9987,pathogenic,PAX2,193.0
Q02962,I193R,0.9982,pathogenic,PAX2,193.0
Q02962,I193S,0.9971,pathogenic,PAX2,193.0
Q02962,I193T,0.9993,pathogenic,PAX2,193.0
Q02962,I193V,0.9488,pathogenic,PAX2,193.0
Q02962,I193W,0.9973,pathogenic,PAX2,193.0
Q02962,I193Y,0.9906,pathogenic,PAX2,193.0
Q02962,P194A,0.4423,ambiguous,PAX2,194.0
Q02962,P194C,0.946,pathogenic,PAX2,194.0
Q02962,P194D,0.9614,pathogenic,PAX2,194.0
Q02962,P194E,0.9062,pathogenic,PAX2,194.0
Q02962,P194F,0.984,pathogenic,PAX2,194.0
Q02962,P194G,0.7652,pathogenic,PAX2,194.0
Q02962,P194H,0.7211,pathogenic,PAX2,194.0
Q02962,P194I,0.961,pathogenic,PAX2,194.0
Q02962,P194K,0.9526,pathogenic,PAX2,194.0
Q02962,P194L,0.8056,pathogenic,PAX2,194.0
Q02962,P194M,0.9494,pathogenic,PAX2,194.0
Q02962,P194N,0.8456,pathogenic,PAX2,194.0
Q02962,P194Q,0.6548,pathogenic,PAX2,194.0
Q02962,P194R,0.8605,pathogenic,PAX2,194.0
Q02962,P194S,0.4783,ambiguous,PAX2,194.0
Q02962,P194T,0.5569,ambiguous,PAX2,194.0
Q02962,P194V,0.8795,pathogenic,PAX2,194.0
Q02962,P194W,0.9908,pathogenic,PAX2,194.0
Q02962,P194Y,0.9737,pathogenic,PAX2,194.0
Q02962,R195A,0.7655,pathogenic,PAX2,195.0
Q02962,R195C,0.5566,ambiguous,PAX2,195.0
Q02962,R195D,0.9123,pathogenic,PAX2,195.0
Q02962,R195E,0.8268,pathogenic,PAX2,195.0
Q02962,R195F,0.9175,pathogenic,PAX2,195.0
Q02962,R195G,0.5735,pathogenic,PAX2,195.0
Q02962,R195H,0.3092,benign,PAX2,195.0
Q02962,R195I,0.8346,pathogenic,PAX2,195.0
Q02962,R195K,0.2796,benign,PAX2,195.0
Q02962,R195L,0.6676,pathogenic,PAX2,195.0
Q02962,R195M,0.8587,pathogenic,PAX2,195.0
Q02962,R195N,0.8806,pathogenic,PAX2,195.0
Q02962,R195P,0.7146,pathogenic,PAX2,195.0
Q02962,R195Q,0.3275,benign,PAX2,195.0
Q02962,R195S,0.8171,pathogenic,PAX2,195.0
Q02962,R195T,0.7645,pathogenic,PAX2,195.0
Q02962,R195V,0.7905,pathogenic,PAX2,195.0
Q02962,R195W,0.7368,pathogenic,PAX2,195.0
Q02962,R195Y,0.8486,pathogenic,PAX2,195.0
Q02962,S196A,0.139,benign,PAX2,196.0
Q02962,S196C,0.2529,benign,PAX2,196.0
Q02962,S196D,0.8874,pathogenic,PAX2,196.0
Q02962,S196E,0.9151,pathogenic,PAX2,196.0
Q02962,S196F,0.6889,pathogenic,PAX2,196.0
Q02962,S196G,0.1745,benign,PAX2,196.0
Q02962,S196H,0.7758,pathogenic,PAX2,196.0
Q02962,S196I,0.6108,pathogenic,PAX2,196.0
Q02962,S196K,0.9767,pathogenic,PAX2,196.0
Q02962,S196L,0.3372,benign,PAX2,196.0
Q02962,S196M,0.5188,ambiguous,PAX2,196.0
Q02962,S196N,0.4096,ambiguous,PAX2,196.0
Q02962,S196P,0.3196,benign,PAX2,196.0
Q02962,S196Q,0.8163,pathogenic,PAX2,196.0
Q02962,S196R,0.9664,pathogenic,PAX2,196.0
Q02962,S196T,0.1599,benign,PAX2,196.0
Q02962,S196V,0.4761,ambiguous,PAX2,196.0
Q02962,S196W,0.797,pathogenic,PAX2,196.0
Q02962,S196Y,0.6763,pathogenic,PAX2,196.0
Q02962,N197A,0.2605,benign,PAX2,197.0
Q02962,N197C,0.3783,ambiguous,PAX2,197.0
Q02962,N197D,0.4336,ambiguous,PAX2,197.0
Q02962,N197E,0.781,pathogenic,PAX2,197.0
Q02962,N197F,0.781,pathogenic,PAX2,197.0
Q02962,N197G,0.237,benign,PAX2,197.0
Q02962,N197H,0.244,benign,PAX2,197.0
Q02962,N197I,0.4829,ambiguous,PAX2,197.0
Q02962,N197K,0.8397,pathogenic,PAX2,197.0
Q02962,N197L,0.4068,ambiguous,PAX2,197.0
Q02962,N197M,0.5407,ambiguous,PAX2,197.0
Q02962,N197P,0.3988,ambiguous,PAX2,197.0
Q02962,N197Q,0.6091,pathogenic,PAX2,197.0
Q02962,N197R,0.8042,pathogenic,PAX2,197.0
Q02962,N197S,0.0844,benign,PAX2,197.0
Q02962,N197T,0.1775,benign,PAX2,197.0
Q02962,N197V,0.3613,ambiguous,PAX2,197.0
Q02962,N197W,0.9135,pathogenic,PAX2,197.0
Q02962,N197Y,0.4822,ambiguous,PAX2,197.0
Q02962,G198A,0.2149,benign,PAX2,198.0
Q02962,G198C,0.3822,ambiguous,PAX2,198.0
Q02962,G198D,0.8062,pathogenic,PAX2,198.0
Q02962,G198E,0.7823,pathogenic,PAX2,198.0
Q02962,G198F,0.8403,pathogenic,PAX2,198.0
Q02962,G198H,0.771,pathogenic,PAX2,198.0
Q02962,G198I,0.5202,ambiguous,PAX2,198.0
Q02962,G198K,0.9131,pathogenic,PAX2,198.0
Q02962,G198L,0.6374,pathogenic,PAX2,198.0
Q02962,G198M,0.6724,pathogenic,PAX2,198.0
Q02962,G198N,0.5168,ambiguous,PAX2,198.0
Q02962,G198P,0.8153,pathogenic,PAX2,198.0
Q02962,G198Q,0.7115,pathogenic,PAX2,198.0
Q02962,G198R,0.8118,pathogenic,PAX2,198.0
Q02962,G198S,0.1561,benign,PAX2,198.0
Q02962,G198T,0.2457,benign,PAX2,198.0
Q02962,G198V,0.3232,benign,PAX2,198.0
Q02962,G198W,0.7915,pathogenic,PAX2,198.0
Q02962,G198Y,0.7995,pathogenic,PAX2,198.0
Q02962,E199A,0.7536,pathogenic,PAX2,199.0
Q02962,E199C,0.977,pathogenic,PAX2,199.0
Q02962,E199D,0.2434,benign,PAX2,199.0
Q02962,E199F,0.9834,pathogenic,PAX2,199.0
Q02962,E199G,0.6048,pathogenic,PAX2,199.0
Q02962,E199H,0.9401,pathogenic,PAX2,199.0
Q02962,E199I,0.927,pathogenic,PAX2,199.0
Q02962,E199K,0.87,pathogenic,PAX2,199.0
Q02962,E199L,0.9273,pathogenic,PAX2,199.0
Q02962,E199M,0.9556,pathogenic,PAX2,199.0
Q02962,E199N,0.7636,pathogenic,PAX2,199.0
Q02962,E199P,0.8948,pathogenic,PAX2,199.0
Q02962,E199Q,0.6455,pathogenic,PAX2,199.0
Q02962,E199R,0.8819,pathogenic,PAX2,199.0
Q02962,E199S,0.7174,pathogenic,PAX2,199.0
Q02962,E199T,0.8275,pathogenic,PAX2,199.0
Q02962,E199V,0.8298,pathogenic,PAX2,199.0
Q02962,E199W,0.994,pathogenic,PAX2,199.0
Q02962,E199Y,0.9681,pathogenic,PAX2,199.0
Q02962,K200A,0.9592,pathogenic,PAX2,200.0
Q02962,K200C,0.9852,pathogenic,PAX2,200.0
Q02962,K200D,0.974,pathogenic,PAX2,200.0
Q02962,K200E,0.9616,pathogenic,PAX2,200.0
Q02962,K200F,0.9927,pathogenic,PAX2,200.0
Q02962,K200G,0.9155,pathogenic,PAX2,200.0
Q02962,K200H,0.9113,pathogenic,PAX2,200.0
Q02962,K200I,0.9642,pathogenic,PAX2,200.0
Q02962,K200L,0.9503,pathogenic,PAX2,200.0
Q02962,K200M,0.9467,pathogenic,PAX2,200.0
Q02962,K200N,0.9665,pathogenic,PAX2,200.0
Q02962,K200P,0.9413,pathogenic,PAX2,200.0
Q02962,K200Q,0.8594,pathogenic,PAX2,200.0
Q02962,K200R,0.2708,benign,PAX2,200.0
Q02962,K200S,0.9705,pathogenic,PAX2,200.0
Q02962,K200T,0.9257,pathogenic,PAX2,200.0
Q02962,K200V,0.9413,pathogenic,PAX2,200.0
Q02962,K200W,0.9918,pathogenic,PAX2,200.0
Q02962,K200Y,0.9725,pathogenic,PAX2,200.0
Q02962,R201A,0.9612,pathogenic,PAX2,201.0
Q02962,R201C,0.8925,pathogenic,PAX2,201.0
Q02962,R201D,0.9765,pathogenic,PAX2,201.0
Q02962,R201E,0.9208,pathogenic,PAX2,201.0
Q02962,R201F,0.9788,pathogenic,PAX2,201.0
Q02962,R201G,0.8655,pathogenic,PAX2,201.0
Q02962,R201H,0.7109,pathogenic,PAX2,201.0
Q02962,R201I,0.9249,pathogenic,PAX2,201.0
Q02962,R201K,0.4299,ambiguous,PAX2,201.0
Q02962,R201L,0.876,pathogenic,PAX2,201.0
Q02962,R201M,0.9611,pathogenic,PAX2,201.0
Q02962,R201N,0.974,pathogenic,PAX2,201.0
Q02962,R201P,0.9469,pathogenic,PAX2,201.0
Q02962,R201Q,0.6546,pathogenic,PAX2,201.0
Q02962,R201S,0.9804,pathogenic,PAX2,201.0
Q02962,R201T,0.9544,pathogenic,PAX2,201.0
Q02962,R201V,0.9134,pathogenic,PAX2,201.0
Q02962,R201W,0.9094,pathogenic,PAX2,201.0
Q02962,R201Y,0.9479,pathogenic,PAX2,201.0
Q02962,K202A,0.9345,pathogenic,PAX2,202.0
Q02962,K202C,0.9624,pathogenic,PAX2,202.0
Q02962,K202D,0.9728,pathogenic,PAX2,202.0
Q02962,K202E,0.9358,pathogenic,PAX2,202.0
Q02962,K202F,0.9885,pathogenic,PAX2,202.0
Q02962,K202G,0.8959,pathogenic,PAX2,202.0
Q02962,K202H,0.8264,pathogenic,PAX2,202.0
Q02962,K202I,0.9396,pathogenic,PAX2,202.0
Q02962,K202L,0.9023,pathogenic,PAX2,202.0
Q02962,K202M,0.9201,pathogenic,PAX2,202.0
Q02962,K202N,0.9581,pathogenic,PAX2,202.0
Q02962,K202P,0.9018,pathogenic,PAX2,202.0
Q02962,K202Q,0.6834,pathogenic,PAX2,202.0
Q02962,K202R,0.1705,benign,PAX2,202.0
Q02962,K202S,0.9447,pathogenic,PAX2,202.0
Q02962,K202T,0.897,pathogenic,PAX2,202.0
Q02962,K202V,0.9057,pathogenic,PAX2,202.0
Q02962,K202W,0.9862,pathogenic,PAX2,202.0
Q02962,K202Y,0.969,pathogenic,PAX2,202.0
Q02962,R203A,0.8452,pathogenic,PAX2,203.0
Q02962,R203C,0.7945,pathogenic,PAX2,203.0
Q02962,R203D,0.8698,pathogenic,PAX2,203.0
Q02962,R203E,0.7459,pathogenic,PAX2,203.0
Q02962,R203F,0.9391,pathogenic,PAX2,203.0
Q02962,R203G,0.5747,pathogenic,PAX2,203.0
Q02962,R203H,0.4652,ambiguous,PAX2,203.0
Q02962,R203I,0.8571,pathogenic,PAX2,203.0
Q02962,R203K,0.2558,benign,PAX2,203.0
Q02962,R203L,0.7642,pathogenic,PAX2,203.0
Q02962,R203M,0.8689,pathogenic,PAX2,203.0
Q02962,R203N,0.8894,pathogenic,PAX2,203.0
Q02962,R203P,0.8493,pathogenic,PAX2,203.0
Q02962,R203Q,0.4178,ambiguous,PAX2,203.0
Q02962,R203S,0.9012,pathogenic,PAX2,203.0
Q02962,R203T,0.8098,pathogenic,PAX2,203.0
Q02962,R203V,0.8517,pathogenic,PAX2,203.0
Q02962,R203W,0.7791,pathogenic,PAX2,203.0
Q02962,R203Y,0.8769,pathogenic,PAX2,203.0
Q02962,D204A,0.5487,ambiguous,PAX2,204.0
Q02962,D204C,0.8999,pathogenic,PAX2,204.0
Q02962,D204E,0.1764,benign,PAX2,204.0
Q02962,D204F,0.9185,pathogenic,PAX2,204.0
Q02962,D204G,0.3928,ambiguous,PAX2,204.0
Q02962,D204H,0.7804,pathogenic,PAX2,204.0
Q02962,D204I,0.8349,pathogenic,PAX2,204.0
Q02962,D204K,0.8337,pathogenic,PAX2,204.0
Q02962,D204L,0.7645,pathogenic,PAX2,204.0
Q02962,D204M,0.9102,pathogenic,PAX2,204.0
Q02962,D204N,0.3662,ambiguous,PAX2,204.0
Q02962,D204P,0.8208,pathogenic,PAX2,204.0
Q02962,D204Q,0.7066,pathogenic,PAX2,204.0
Q02962,D204R,0.8317,pathogenic,PAX2,204.0
Q02962,D204S,0.4455,ambiguous,PAX2,204.0
Q02962,D204T,0.6307,pathogenic,PAX2,204.0
Q02962,D204V,0.6397,pathogenic,PAX2,204.0
Q02962,D204W,0.9726,pathogenic,PAX2,204.0
Q02962,D204Y,0.7197,pathogenic,PAX2,204.0
Q02962,E205A,0.2757,benign,PAX2,205.0
Q02962,E205C,0.874,pathogenic,PAX2,205.0
Q02962,E205D,0.0721,benign,PAX2,205.0
Q02962,E205F,0.8439,pathogenic,PAX2,205.0
Q02962,E205G,0.2378,benign,PAX2,205.0
Q02962,E205H,0.6229,pathogenic,PAX2,205.0
Q02962,E205I,0.5989,pathogenic,PAX2,205.0
Q02962,E205K,0.5039,ambiguous,PAX2,205.0
Q02962,E205L,0.6311,pathogenic,PAX2,205.0
Q02962,E205M,0.7044,pathogenic,PAX2,205.0
Q02962,E205N,0.3173,benign,PAX2,205.0
Q02962,E205P,0.6337,pathogenic,PAX2,205.0
Q02962,E205Q,0.322,benign,PAX2,205.0
Q02962,E205R,0.554,ambiguous,PAX2,205.0
Q02962,E205S,0.3033,benign,PAX2,205.0
Q02962,E205T,0.3475,ambiguous,PAX2,205.0
Q02962,E205V,0.3903,ambiguous,PAX2,205.0
Q02962,E205W,0.9511,pathogenic,PAX2,205.0
Q02962,E205Y,0.7559,pathogenic,PAX2,205.0
Q02962,V206A,0.1005,benign,PAX2,206.0
Q02962,V206C,0.5326,ambiguous,PAX2,206.0
Q02962,V206D,0.1582,benign,PAX2,206.0
Q02962,V206E,0.1647,benign,PAX2,206.0
Q02962,V206F,0.1655,benign,PAX2,206.0
Q02962,V206G,0.0609,benign,PAX2,206.0
Q02962,V206H,0.4352,ambiguous,PAX2,206.0
Q02962,V206I,0.1159,benign,PAX2,206.0
Q02962,V206K,0.3164,benign,PAX2,206.0
Q02962,V206L,0.1631,benign,PAX2,206.0
Q02962,V206M,0.1685,benign,PAX2,206.0
Q02962,V206N,0.1713,benign,PAX2,206.0
Q02962,V206P,0.2163,benign,PAX2,206.0
Q02962,V206Q,0.254,benign,PAX2,206.0
Q02962,V206R,0.2899,benign,PAX2,206.0
Q02962,V206S,0.1327,benign,PAX2,206.0
Q02962,V206T,0.1413,benign,PAX2,206.0
Q02962,V206W,0.5891,pathogenic,PAX2,206.0
Q02962,V206Y,0.3796,ambiguous,PAX2,206.0
Q02962,E207A,0.1146,benign,PAX2,207.0
Q02962,E207C,0.5938,pathogenic,PAX2,207.0
Q02962,E207D,0.0895,benign,PAX2,207.0
Q02962,E207F,0.5614,ambiguous,PAX2,207.0
Q02962,E207G,0.1383,benign,PAX2,207.0
Q02962,E207H,0.2973,benign,PAX2,207.0
Q02962,E207I,0.3273,benign,PAX2,207.0
Q02962,E207K,0.2388,benign,PAX2,207.0
Q02962,E207L,0.3079,benign,PAX2,207.0
Q02962,E207M,0.3937,ambiguous,PAX2,207.0
Q02962,E207N,0.1879,benign,PAX2,207.0
Q02962,E207P,0.2787,benign,PAX2,207.0
Q02962,E207Q,0.1309,benign,PAX2,207.0
Q02962,E207R,0.2661,benign,PAX2,207.0
Q02962,E207S,0.1471,benign,PAX2,207.0
Q02962,E207T,0.1636,benign,PAX2,207.0
Q02962,E207V,0.1833,benign,PAX2,207.0
Q02962,E207W,0.7699,pathogenic,PAX2,207.0
Q02962,E207Y,0.4609,ambiguous,PAX2,207.0
Q02962,V208A,0.1073,benign,PAX2,208.0
Q02962,V208C,0.3788,ambiguous,PAX2,208.0
Q02962,V208D,0.1269,benign,PAX2,208.0
Q02962,V208E,0.1409,benign,PAX2,208.0
Q02962,V208F,0.0965,benign,PAX2,208.0
Q02962,V208G,0.0842,benign,PAX2,208.0
Q02962,V208H,0.2544,benign,PAX2,208.0
Q02962,V208I,0.0788,benign,PAX2,208.0
Q02962,V208K,0.2195,benign,PAX2,208.0
Q02962,V208L,0.1184,benign,PAX2,208.0
Q02962,V208M,0.121,benign,PAX2,208.0
Q02962,V208N,0.1018,benign,PAX2,208.0
Q02962,V208P,0.1727,benign,PAX2,208.0
Q02962,V208Q,0.1659,benign,PAX2,208.0
Q02962,V208R,0.1801,benign,PAX2,208.0
Q02962,V208S,0.1102,benign,PAX2,208.0
Q02962,V208T,0.1306,benign,PAX2,208.0
Q02962,V208W,0.434,ambiguous,PAX2,208.0
Q02962,V208Y,0.2261,benign,PAX2,208.0
Q02962,Y209A,0.1277,benign,PAX2,209.0
Q02962,Y209C,0.0865,benign,PAX2,209.0
Q02962,Y209D,0.1139,benign,PAX2,209.0
Q02962,Y209E,0.2107,benign,PAX2,209.0
Q02962,Y209F,0.0688,benign,PAX2,209.0
Q02962,Y209G,0.1235,benign,PAX2,209.0
Q02962,Y209H,0.1176,benign,PAX2,209.0
Q02962,Y209I,0.1963,benign,PAX2,209.0
Q02962,Y209K,0.2781,benign,PAX2,209.0
Q02962,Y209L,0.204,benign,PAX2,209.0
Q02962,Y209M,0.299,benign,PAX2,209.0
Q02962,Y209N,0.0815,benign,PAX2,209.0
Q02962,Y209P,0.1931,benign,PAX2,209.0
Q02962,Y209Q,0.1956,benign,PAX2,209.0
Q02962,Y209R,0.18,benign,PAX2,209.0
Q02962,Y209S,0.0741,benign,PAX2,209.0
Q02962,Y209T,0.1355,benign,PAX2,209.0
Q02962,Y209V,0.1372,benign,PAX2,209.0
Q02962,Y209W,0.2435,benign,PAX2,209.0
Q02962,T210A,0.0655,benign,PAX2,210.0
Q02962,T210C,0.2175,benign,PAX2,210.0
Q02962,T210D,0.1819,benign,PAX2,210.0
Q02962,T210E,0.1709,benign,PAX2,210.0
Q02962,T210F,0.1982,benign,PAX2,210.0
Q02962,T210G,0.0937,benign,PAX2,210.0
Q02962,T210H,0.1248,benign,PAX2,210.0
Q02962,T210I,0.1699,benign,PAX2,210.0
Q02962,T210K,0.144,benign,PAX2,210.0
Q02962,T210L,0.1073,benign,PAX2,210.0
Q02962,T210M,0.1315,benign,PAX2,210.0
Q02962,T210N,0.0892,benign,PAX2,210.0
Q02962,T210P,0.0698,benign,PAX2,210.0
Q02962,T210Q,0.127,benign,PAX2,210.0
Q02962,T210R,0.1036,benign,PAX2,210.0
Q02962,T210S,0.0732,benign,PAX2,210.0
Q02962,T210V,0.1247,benign,PAX2,210.0
Q02962,T210W,0.3105,benign,PAX2,210.0
Q02962,T210Y,0.1809,benign,PAX2,210.0
Q02962,D211A,0.1619,benign,PAX2,211.0
Q02962,D211C,0.509,ambiguous,PAX2,211.0
Q02962,D211E,0.1366,benign,PAX2,211.0
Q02962,D211F,0.4562,ambiguous,PAX2,211.0
Q02962,D211G,0.171,benign,PAX2,211.0
Q02962,D211H,0.2418,benign,PAX2,211.0
Q02962,D211I,0.3377,benign,PAX2,211.0
Q02962,D211K,0.3768,ambiguous,PAX2,211.0
Q02962,D211L,0.3208,benign,PAX2,211.0
Q02962,D211M,0.5217,ambiguous,PAX2,211.0
Q02962,D211N,0.1239,benign,PAX2,211.0
Q02962,D211P,0.3258,benign,PAX2,211.0
Q02962,D211Q,0.2559,benign,PAX2,211.0
Q02962,D211R,0.3552,ambiguous,PAX2,211.0
Q02962,D211S,0.1305,benign,PAX2,211.0
Q02962,D211T,0.2237,benign,PAX2,211.0
Q02962,D211V,0.2129,benign,PAX2,211.0
Q02962,D211W,0.7561,pathogenic,PAX2,211.0
Q02962,D211Y,0.2466,benign,PAX2,211.0
Q02962,P212A,0.063,benign,PAX2,212.0
Q02962,P212C,0.3128,benign,PAX2,212.0
Q02962,P212D,0.1836,benign,PAX2,212.0
Q02962,P212E,0.157,benign,PAX2,212.0
Q02962,P212F,0.2909,benign,PAX2,212.0
Q02962,P212G,0.1182,benign,PAX2,212.0
Q02962,P212H,0.1144,benign,PAX2,212.0
Q02962,P212I,0.2129,benign,PAX2,212.0
Q02962,P212K,0.1833,benign,PAX2,212.0
Q02962,P212L,0.1238,benign,PAX2,212.0
Q02962,P212M,0.2323,benign,PAX2,212.0
Q02962,P212N,0.1536,benign,PAX2,212.0
Q02962,P212Q,0.1068,benign,PAX2,212.0
Q02962,P212R,0.1156,benign,PAX2,212.0
Q02962,P212S,0.0808,benign,PAX2,212.0
Q02962,P212T,0.0711,benign,PAX2,212.0
Q02962,P212V,0.1386,benign,PAX2,212.0
Q02962,P212W,0.4236,ambiguous,PAX2,212.0
Q02962,P212Y,0.2485,benign,PAX2,212.0
Q02962,A213C,0.2043,benign,PAX2,213.0
Q02962,A213D,0.1529,benign,PAX2,213.0
Q02962,A213E,0.1495,benign,PAX2,213.0
Q02962,A213F,0.1656,benign,PAX2,213.0
Q02962,A213G,0.0799,benign,PAX2,213.0
Q02962,A213H,0.1946,benign,PAX2,213.0
Q02962,A213I,0.145,benign,PAX2,213.0
Q02962,A213K,0.2358,benign,PAX2,213.0
Q02962,A213L,0.1037,benign,PAX2,213.0
Q02962,A213M,0.1699,benign,PAX2,213.0
Q02962,A213N,0.1189,benign,PAX2,213.0
Q02962,A213P,0.1038,benign,PAX2,213.0
Q02962,A213Q,0.1526,benign,PAX2,213.0
Q02962,A213R,0.1905,benign,PAX2,213.0
Q02962,A213S,0.068,benign,PAX2,213.0
Q02962,A213T,0.0719,benign,PAX2,213.0
Q02962,A213V,0.0885,benign,PAX2,213.0
Q02962,A213W,0.3564,ambiguous,PAX2,213.0
Q02962,A213Y,0.2119,benign,PAX2,213.0
Q02962,H214A,0.1122,benign,PAX2,214.0
Q02962,H214C,0.1562,benign,PAX2,214.0
Q02962,H214D,0.1199,benign,PAX2,214.0
Q02962,H214E,0.1492,benign,PAX2,214.0
Q02962,H214F,0.1954,benign,PAX2,214.0
Q02962,H214G,0.1299,benign,PAX2,214.0
Q02962,H214I,0.1944,benign,PAX2,214.0
Q02962,H214K,0.1709,benign,PAX2,214.0
Q02962,H214L,0.1129,benign,PAX2,214.0
Q02962,H214M,0.2836,benign,PAX2,214.0
Q02962,H214N,0.0716,benign,PAX2,214.0
Q02962,H214P,0.0928,benign,PAX2,214.0
Q02962,H214Q,0.111,benign,PAX2,214.0
Q02962,H214R,0.0904,benign,PAX2,214.0
Q02962,H214S,0.1045,benign,PAX2,214.0
Q02962,H214T,0.1327,benign,PAX2,214.0
Q02962,H214V,0.1361,benign,PAX2,214.0
Q02962,H214W,0.3081,benign,PAX2,214.0
Q02962,H214Y,0.1,benign,PAX2,214.0
Q02962,I215A,0.1621,benign,PAX2,215.0
Q02962,I215C,0.2842,benign,PAX2,215.0
Q02962,I215D,0.2985,benign,PAX2,215.0
Q02962,I215E,0.2411,benign,PAX2,215.0
Q02962,I215F,0.0802,benign,PAX2,215.0
Q02962,I215G,0.2161,benign,PAX2,215.0
Q02962,I215H,0.1728,benign,PAX2,215.0
Q02962,I215K,0.2061,benign,PAX2,215.0
Q02962,I215L,0.0732,benign,PAX2,215.0
Q02962,I215M,0.0967,benign,PAX2,215.0
Q02962,I215N,0.1223,benign,PAX2,215.0
Q02962,I215P,0.2069,benign,PAX2,215.0
Q02962,I215Q,0.1548,benign,PAX2,215.0
Q02962,I215R,0.1323,benign,PAX2,215.0
Q02962,I215S,0.1235,benign,PAX2,215.0
Q02962,I215T,0.1765,benign,PAX2,215.0
Q02962,I215V,0.0754,benign,PAX2,215.0
Q02962,I215W,0.3285,benign,PAX2,215.0
Q02962,I215Y,0.2117,benign,PAX2,215.0
Q02962,R216A,0.1621,benign,PAX2,216.0
Q02962,R216C,0.1809,benign,PAX2,216.0
Q02962,R216D,0.2521,benign,PAX2,216.0
Q02962,R216E,0.1785,benign,PAX2,216.0
Q02962,R216F,0.2964,benign,PAX2,216.0
Q02962,R216G,0.1006,benign,PAX2,216.0
Q02962,R216H,0.1083,benign,PAX2,216.0
Q02962,R216I,0.2132,benign,PAX2,216.0
Q02962,R216K,0.1143,benign,PAX2,216.0
Q02962,R216L,0.1511,benign,PAX2,216.0
Q02962,R216M,0.2756,benign,PAX2,216.0
Q02962,R216N,0.2604,benign,PAX2,216.0
Q02962,R216P,0.1416,benign,PAX2,216.0
Q02962,R216Q,0.0926,benign,PAX2,216.0
Q02962,R216S,0.1876,benign,PAX2,216.0
Q02962,R216T,0.1392,benign,PAX2,216.0
Q02962,R216V,0.2149,benign,PAX2,216.0
Q02962,R216W,0.19,benign,PAX2,216.0
Q02962,R216Y,0.2852,benign,PAX2,216.0
Q02962,G217A,0.0891,benign,PAX2,217.0
Q02962,G217C,0.149,benign,PAX2,217.0
Q02962,G217D,0.152,benign,PAX2,217.0
Q02962,G217E,0.1398,benign,PAX2,217.0
Q02962,G217F,0.3207,benign,PAX2,217.0
Q02962,G217H,0.2427,benign,PAX2,217.0
Q02962,G217I,0.1982,benign,PAX2,217.0
Q02962,G217K,0.3401,ambiguous,PAX2,217.0
Q02962,G217L,0.2318,benign,PAX2,217.0
Q02962,G217M,0.2917,benign,PAX2,217.0
Q02962,G217N,0.1757,benign,PAX2,217.0
Q02962,G217P,0.2989,benign,PAX2,217.0
Q02962,G217Q,0.2283,benign,PAX2,217.0
Q02962,G217R,0.2352,benign,PAX2,217.0
Q02962,G217S,0.0946,benign,PAX2,217.0
Q02962,G217T,0.0998,benign,PAX2,217.0
Q02962,G217V,0.1179,benign,PAX2,217.0
Q02962,G217W,0.2579,benign,PAX2,217.0
Q02962,G217Y,0.2551,benign,PAX2,217.0
Q02962,G218A,0.0779,benign,PAX2,218.0
Q02962,G218C,0.1143,benign,PAX2,218.0
Q02962,G218D,0.144,benign,PAX2,218.0
Q02962,G218E,0.1363,benign,PAX2,218.0
Q02962,G218F,0.2492,benign,PAX2,218.0
Q02962,G218H,0.2019,benign,PAX2,218.0
Q02962,G218I,0.1417,benign,PAX2,218.0
Q02962,G218K,0.2751,benign,PAX2,218.0
Q02962,G218L,0.1899,benign,PAX2,218.0
Q02962,G218M,0.2344,benign,PAX2,218.0
Q02962,G218N,0.1526,benign,PAX2,218.0
Q02962,G218P,0.2599,benign,PAX2,218.0
Q02962,G218Q,0.1899,benign,PAX2,218.0
Q02962,G218R,0.1777,benign,PAX2,218.0
Q02962,G218S,0.0824,benign,PAX2,218.0
Q02962,G218T,0.0845,benign,PAX2,218.0
Q02962,G218V,0.0946,benign,PAX2,218.0
Q02962,G218W,0.2164,benign,PAX2,218.0
Q02962,G218Y,0.2224,benign,PAX2,218.0
Q02962,G219A,0.0784,benign,PAX2,219.0
Q02962,G219C,0.1234,benign,PAX2,219.0
Q02962,G219D,0.1484,benign,PAX2,219.0
Q02962,G219E,0.1349,benign,PAX2,219.0
Q02962,G219F,0.281,benign,PAX2,219.0
Q02962,G219H,0.2144,benign,PAX2,219.0
Q02962,G219I,0.1567,benign,PAX2,219.0
Q02962,G219K,0.2676,benign,PAX2,219.0
Q02962,G219L,0.2017,benign,PAX2,219.0
Q02962,G219M,0.2497,benign,PAX2,219.0
Q02962,G219N,0.1549,benign,PAX2,219.0
Q02962,G219P,0.2756,benign,PAX2,219.0
Q02962,G219Q,0.1923,benign,PAX2,219.0
Q02962,G219R,0.1832,benign,PAX2,219.0
Q02962,G219S,0.0804,benign,PAX2,219.0
Q02962,G219T,0.082,benign,PAX2,219.0
Q02962,G219V,0.1015,benign,PAX2,219.0
Q02962,G219W,0.2294,benign,PAX2,219.0
Q02962,G219Y,0.2337,benign,PAX2,219.0
Q02962,G220A,0.0839,benign,PAX2,220.0
Q02962,G220C,0.1144,benign,PAX2,220.0
Q02962,G220D,0.1612,benign,PAX2,220.0
Q02962,G220E,0.1737,benign,PAX2,220.0
Q02962,G220F,0.2531,benign,PAX2,220.0
Q02962,G220H,0.2264,benign,PAX2,220.0
Q02962,G220I,0.1405,benign,PAX2,220.0
Q02962,G220K,0.3525,ambiguous,PAX2,220.0
Q02962,G220L,0.1996,benign,PAX2,220.0
Q02962,G220M,0.239,benign,PAX2,220.0
Q02962,G220N,0.1571,benign,PAX2,220.0
Q02962,G220P,0.2976,benign,PAX2,220.0
Q02962,G220Q,0.2342,benign,PAX2,220.0
Q02962,G220R,0.2434,benign,PAX2,220.0
Q02962,G220S,0.079,benign,PAX2,220.0
Q02962,G220T,0.0931,benign,PAX2,220.0
Q02962,G220V,0.0972,benign,PAX2,220.0
Q02962,G220W,0.2528,benign,PAX2,220.0
Q02962,G220Y,0.2182,benign,PAX2,220.0
Q02962,L221A,0.1215,benign,PAX2,221.0
Q02962,L221C,0.2534,benign,PAX2,221.0
Q02962,L221D,0.2771,benign,PAX2,221.0
Q02962,L221E,0.1642,benign,PAX2,221.0
Q02962,L221F,0.0777,benign,PAX2,221.0
Q02962,L221G,0.1561,benign,PAX2,221.0
Q02962,L221H,0.1309,benign,PAX2,221.0
Q02962,L221I,0.0907,benign,PAX2,221.0
Q02962,L221K,0.1371,benign,PAX2,221.0
Q02962,L221M,0.1021,benign,PAX2,221.0
Q02962,L221N,0.151,benign,PAX2,221.0
Q02962,L221P,0.1129,benign,PAX2,221.0
Q02962,L221Q,0.0908,benign,PAX2,221.0
Q02962,L221R,0.0995,benign,PAX2,221.0
Q02962,L221S,0.13,benign,PAX2,221.0
Q02962,L221T,0.1383,benign,PAX2,221.0
Q02962,L221V,0.0808,benign,PAX2,221.0
Q02962,L221W,0.1374,benign,PAX2,221.0
Q02962,L221Y,0.1819,benign,PAX2,221.0
Q02962,H222A,0.1733,benign,PAX2,222.0
Q02962,H222C,0.1992,benign,PAX2,222.0
Q02962,H222D,0.167,benign,PAX2,222.0
Q02962,H222E,0.1944,benign,PAX2,222.0
Q02962,H222F,0.2654,benign,PAX2,222.0
Q02962,H222G,0.1627,benign,PAX2,222.0
Q02962,H222I,0.3537,ambiguous,PAX2,222.0
Q02962,H222K,0.2,benign,PAX2,222.0
Q02962,H222L,0.1662,benign,PAX2,222.0
Q02962,H222M,0.4019,ambiguous,PAX2,222.0
Q02962,H222N,0.0993,benign,PAX2,222.0
Q02962,H222P,0.0859,benign,PAX2,222.0
Q02962,H222Q,0.1262,benign,PAX2,222.0
Q02962,H222R,0.1005,benign,PAX2,222.0
Q02962,H222S,0.1271,benign,PAX2,222.0
Q02962,H222T,0.193,benign,PAX2,222.0
Q02962,H222V,0.2416,benign,PAX2,222.0
Q02962,H222W,0.3372,benign,PAX2,222.0
Q02962,H222Y,0.1251,benign,PAX2,222.0
Q02962,L223A,0.1286,benign,PAX2,223.0
Q02962,L223C,0.3278,benign,PAX2,223.0
Q02962,L223D,0.3546,ambiguous,PAX2,223.0
Q02962,L223E,0.2107,benign,PAX2,223.0
Q02962,L223F,0.0964,benign,PAX2,223.0
Q02962,L223G,0.2032,benign,PAX2,223.0
Q02962,L223H,0.167,benign,PAX2,223.0
Q02962,L223I,0.0933,benign,PAX2,223.0
Q02962,L223K,0.2028,benign,PAX2,223.0
Q02962,L223M,0.1044,benign,PAX2,223.0
Q02962,L223N,0.2294,benign,PAX2,223.0
Q02962,L223P,0.1456,benign,PAX2,223.0
Q02962,L223Q,0.1318,benign,PAX2,223.0
Q02962,L223R,0.1399,benign,PAX2,223.0
Q02962,L223S,0.1821,benign,PAX2,223.0
Q02962,L223T,0.1415,benign,PAX2,223.0
Q02962,L223V,0.0742,benign,PAX2,223.0
Q02962,L223W,0.1671,benign,PAX2,223.0
Q02962,L223Y,0.2233,benign,PAX2,223.0
Q02962,V224A,0.1331,benign,PAX2,224.0
Q02962,V224C,0.3894,ambiguous,PAX2,224.0
Q02962,V224D,0.1907,benign,PAX2,224.0
Q02962,V224E,0.1889,benign,PAX2,224.0
Q02962,V224F,0.0908,benign,PAX2,224.0
Q02962,V224G,0.0949,benign,PAX2,224.0
Q02962,V224H,0.2632,benign,PAX2,224.0
Q02962,V224I,0.0937,benign,PAX2,224.0
Q02962,V224K,0.2344,benign,PAX2,224.0
Q02962,V224L,0.1061,benign,PAX2,224.0
Q02962,V224M,0.1838,benign,PAX2,224.0
Q02962,V224N,0.1602,benign,PAX2,224.0
Q02962,V224P,0.1649,benign,PAX2,224.0
Q02962,V224Q,0.1621,benign,PAX2,224.0
Q02962,V224R,0.1572,benign,PAX2,224.0
Q02962,V224S,0.1265,benign,PAX2,224.0
Q02962,V224T,0.1756,benign,PAX2,224.0
Q02962,V224W,0.444,ambiguous,PAX2,224.0
Q02962,V224Y,0.2808,benign,PAX2,224.0
Q02962,W225A,0.2085,benign,PAX2,225.0
Q02962,W225C,0.4066,ambiguous,PAX2,225.0
Q02962,W225D,0.3632,ambiguous,PAX2,225.0
Q02962,W225E,0.4089,ambiguous,PAX2,225.0
Q02962,W225F,0.131,benign,PAX2,225.0
Q02962,W225G,0.1388,benign,PAX2,225.0
Q02962,W225H,0.3556,ambiguous,PAX2,225.0
Q02962,W225I,0.4124,ambiguous,PAX2,225.0
Q02962,W225K,0.5179,ambiguous,PAX2,225.0
Q02962,W225L,0.2183,benign,PAX2,225.0
Q02962,W225M,0.376,ambiguous,PAX2,225.0
Q02962,W225N,0.3616,ambiguous,PAX2,225.0
Q02962,W225P,0.4358,ambiguous,PAX2,225.0
Q02962,W225Q,0.4484,ambiguous,PAX2,225.0
Q02962,W225R,0.4122,ambiguous,PAX2,225.0
Q02962,W225S,0.1679,benign,PAX2,225.0
Q02962,W225T,0.2267,benign,PAX2,225.0
Q02962,W225V,0.2572,benign,PAX2,225.0
Q02962,W225Y,0.2433,benign,PAX2,225.0
Q02962,T226A,0.0882,benign,PAX2,226.0
Q02962,T226C,0.2752,benign,PAX2,226.0
Q02962,T226D,0.2177,benign,PAX2,226.0
Q02962,T226E,0.199,benign,PAX2,226.0
Q02962,T226F,0.2153,benign,PAX2,226.0
Q02962,T226G,0.1275,benign,PAX2,226.0
Q02962,T226H,0.1479,benign,PAX2,226.0
Q02962,T226I,0.2289,benign,PAX2,226.0
Q02962,T226K,0.1725,benign,PAX2,226.0
Q02962,T226L,0.1334,benign,PAX2,226.0
Q02962,T226M,0.1333,benign,PAX2,226.0
Q02962,T226N,0.0802,benign,PAX2,226.0
Q02962,T226P,0.0923,benign,PAX2,226.0
Q02962,T226Q,0.1444,benign,PAX2,226.0
Q02962,T226R,0.1504,benign,PAX2,226.0
Q02962,T226S,0.0904,benign,PAX2,226.0
Q02962,T226V,0.1677,benign,PAX2,226.0
Q02962,T226W,0.4015,ambiguous,PAX2,226.0
Q02962,T226Y,0.201,benign,PAX2,226.0
Q02962,L227A,0.1063,benign,PAX2,227.0
Q02962,L227C,0.3139,benign,PAX2,227.0
Q02962,L227D,0.2976,benign,PAX2,227.0
Q02962,L227E,0.1438,benign,PAX2,227.0
Q02962,L227F,0.0956,benign,PAX2,227.0
Q02962,L227G,0.1653,benign,PAX2,227.0
Q02962,L227H,0.129,benign,PAX2,227.0
Q02962,L227I,0.0971,benign,PAX2,227.0
Q02962,L227K,0.1328,benign,PAX2,227.0
Q02962,L227M,0.0955,benign,PAX2,227.0
Q02962,L227N,0.1698,benign,PAX2,227.0
Q02962,L227P,0.0814,benign,PAX2,227.0
Q02962,L227Q,0.0752,benign,PAX2,227.0
Q02962,L227R,0.101,benign,PAX2,227.0
Q02962,L227S,0.1203,benign,PAX2,227.0
Q02962,L227T,0.1225,benign,PAX2,227.0
Q02962,L227V,0.0728,benign,PAX2,227.0
Q02962,L227W,0.1623,benign,PAX2,227.0
Q02962,L227Y,0.2239,benign,PAX2,227.0
Q02962,R228A,0.2445,benign,PAX2,228.0
Q02962,R228C,0.2938,benign,PAX2,228.0
Q02962,R228D,0.3282,benign,PAX2,228.0
Q02962,R228E,0.2019,benign,PAX2,228.0
Q02962,R228F,0.5316,ambiguous,PAX2,228.0
Q02962,R228G,0.1192,benign,PAX2,228.0
Q02962,R228H,0.1328,benign,PAX2,228.0
Q02962,R228I,0.3779,ambiguous,PAX2,228.0
Q02962,R228K,0.1131,benign,PAX2,228.0
Q02962,R228L,0.2455,benign,PAX2,228.0
Q02962,R228M,0.3708,ambiguous,PAX2,228.0
Q02962,R228N,0.3551,ambiguous,PAX2,228.0
Q02962,R228P,0.1914,benign,PAX2,228.0
Q02962,R228Q,0.1009,benign,PAX2,228.0
Q02962,R228S,0.2804,benign,PAX2,228.0
Q02962,R228T,0.1869,benign,PAX2,228.0
Q02962,R228V,0.3512,ambiguous,PAX2,228.0
Q02962,R228W,0.2681,benign,PAX2,228.0
Q02962,R228Y,0.4271,ambiguous,PAX2,228.0
Q02962,D229A,0.2442,benign,PAX2,229.0
Q02962,D229C,0.6161,pathogenic,PAX2,229.0
Q02962,D229E,0.1672,benign,PAX2,229.0
Q02962,D229F,0.6552,pathogenic,PAX2,229.0
Q02962,D229G,0.1466,benign,PAX2,229.0
Q02962,D229H,0.3014,benign,PAX2,229.0
Q02962,D229I,0.589,pathogenic,PAX2,229.0
Q02962,D229K,0.4943,ambiguous,PAX2,229.0
Q02962,D229L,0.5232,ambiguous,PAX2,229.0
Q02962,D229M,0.7142,pathogenic,PAX2,229.0
Q02962,D229N,0.1226,benign,PAX2,229.0
Q02962,D229P,0.428,ambiguous,PAX2,229.0
Q02962,D229Q,0.3505,ambiguous,PAX2,229.0
Q02962,D229R,0.4581,ambiguous,PAX2,229.0
Q02962,D229S,0.1713,benign,PAX2,229.0
Q02962,D229T,0.3183,benign,PAX2,229.0
Q02962,D229V,0.3689,ambiguous,PAX2,229.0
Q02962,D229W,0.8198,pathogenic,PAX2,229.0
Q02962,D229Y,0.2781,benign,PAX2,229.0
Q02962,V230A,0.1257,benign,PAX2,230.0
Q02962,V230C,0.488,ambiguous,PAX2,230.0
Q02962,V230D,0.2043,benign,PAX2,230.0
Q02962,V230E,0.2545,benign,PAX2,230.0
Q02962,V230F,0.119,benign,PAX2,230.0
Q02962,V230G,0.0915,benign,PAX2,230.0
Q02962,V230H,0.3988,ambiguous,PAX2,230.0
Q02962,V230I,0.0793,benign,PAX2,230.0
Q02962,V230K,0.3716,ambiguous,PAX2,230.0
Q02962,V230L,0.1586,benign,PAX2,230.0
Q02962,V230M,0.1388,benign,PAX2,230.0
Q02962,V230N,0.1535,benign,PAX2,230.0
Q02962,V230P,0.2652,benign,PAX2,230.0
Q02962,V230Q,0.2808,benign,PAX2,230.0
Q02962,V230R,0.3123,benign,PAX2,230.0
Q02962,V230S,0.1359,benign,PAX2,230.0
Q02962,V230T,0.1465,benign,PAX2,230.0
Q02962,V230W,0.6505,pathogenic,PAX2,230.0
Q02962,V230Y,0.3839,ambiguous,PAX2,230.0
Q02962,S231A,0.0877,benign,PAX2,231.0
Q02962,S231C,0.1443,benign,PAX2,231.0
Q02962,S231D,0.5332,ambiguous,PAX2,231.0
Q02962,S231E,0.5557,ambiguous,PAX2,231.0
Q02962,S231F,0.3604,ambiguous,PAX2,231.0
Q02962,S231G,0.1007,benign,PAX2,231.0
Q02962,S231H,0.4578,ambiguous,PAX2,231.0
Q02962,S231I,0.3198,benign,PAX2,231.0
Q02962,S231K,0.7922,pathogenic,PAX2,231.0
Q02962,S231L,0.161,benign,PAX2,231.0
Q02962,S231M,0.3009,benign,PAX2,231.0
Q02962,S231N,0.2023,benign,PAX2,231.0
Q02962,S231P,0.1029,benign,PAX2,231.0
Q02962,S231Q,0.5163,ambiguous,PAX2,231.0
Q02962,S231R,0.7386,pathogenic,PAX2,231.0
Q02962,S231T,0.082,benign,PAX2,231.0
Q02962,S231V,0.2401,benign,PAX2,231.0
Q02962,S231W,0.495,ambiguous,PAX2,231.0
Q02962,S231Y,0.3707,ambiguous,PAX2,231.0
Q02962,E232A,0.2932,benign,PAX2,232.0
Q02962,E232C,0.8358,pathogenic,PAX2,232.0
Q02962,E232D,0.0736,benign,PAX2,232.0
Q02962,E232F,0.8633,pathogenic,PAX2,232.0
Q02962,E232G,0.1981,benign,PAX2,232.0
Q02962,E232H,0.5745,pathogenic,PAX2,232.0
Q02962,E232I,0.7014,pathogenic,PAX2,232.0
Q02962,E232K,0.4049,ambiguous,PAX2,232.0
Q02962,E232L,0.6703,pathogenic,PAX2,232.0
Q02962,E232M,0.7665,pathogenic,PAX2,232.0
Q02962,E232N,0.2972,benign,PAX2,232.0
Q02962,E232P,0.5443,ambiguous,PAX2,232.0
Q02962,E232Q,0.2667,benign,PAX2,232.0
Q02962,E232R,0.4708,ambiguous,PAX2,232.0
Q02962,E232S,0.2551,benign,PAX2,232.0
Q02962,E232T,0.3828,ambiguous,PAX2,232.0
Q02962,E232V,0.4817,ambiguous,PAX2,232.0
Q02962,E232W,0.9357,pathogenic,PAX2,232.0
Q02962,E232Y,0.7484,pathogenic,PAX2,232.0
Q02962,G233A,0.1343,benign,PAX2,233.0
Q02962,G233C,0.238,benign,PAX2,233.0
Q02962,G233D,0.3839,ambiguous,PAX2,233.0
Q02962,G233E,0.418,ambiguous,PAX2,233.0
Q02962,G233F,0.6565,pathogenic,PAX2,233.0
Q02962,G233H,0.5526,ambiguous,PAX2,233.0
Q02962,G233I,0.3303,benign,PAX2,233.0
Q02962,G233K,0.7948,pathogenic,PAX2,233.0
Q02962,G233L,0.4965,ambiguous,PAX2,233.0
Q02962,G233M,0.4993,ambiguous,PAX2,233.0
Q02962,G233N,0.2521,benign,PAX2,233.0
Q02962,G233P,0.6612,pathogenic,PAX2,233.0
Q02962,G233Q,0.5443,ambiguous,PAX2,233.0
Q02962,G233R,0.6833,pathogenic,PAX2,233.0
Q02962,G233S,0.1018,benign,PAX2,233.0
Q02962,G233T,0.148,benign,PAX2,233.0
Q02962,G233V,0.1795,benign,PAX2,233.0
Q02962,G233W,0.6664,pathogenic,PAX2,233.0
Q02962,G233Y,0.5138,ambiguous,PAX2,233.0
Q02962,S234A,0.0711,benign,PAX2,234.0
Q02962,S234C,0.1188,benign,PAX2,234.0
Q02962,S234D,0.6174,pathogenic,PAX2,234.0
Q02962,S234E,0.6801,pathogenic,PAX2,234.0
Q02962,S234F,0.2684,benign,PAX2,234.0
Q02962,S234G,0.0998,benign,PAX2,234.0
Q02962,S234H,0.5089,ambiguous,PAX2,234.0
Q02962,S234I,0.2411,benign,PAX2,234.0
Q02962,S234K,0.8811,pathogenic,PAX2,234.0
Q02962,S234L,0.134,benign,PAX2,234.0
Q02962,S234M,0.25,benign,PAX2,234.0
Q02962,S234N,0.2182,benign,PAX2,234.0
Q02962,S234P,0.1269,benign,PAX2,234.0
Q02962,S234Q,0.6445,pathogenic,PAX2,234.0
Q02962,S234R,0.8469,pathogenic,PAX2,234.0
Q02962,S234T,0.0834,benign,PAX2,234.0
Q02962,S234V,0.1755,benign,PAX2,234.0
Q02962,S234W,0.4941,ambiguous,PAX2,234.0
Q02962,S234Y,0.3205,benign,PAX2,234.0
Q02962,V235A,0.1435,benign,PAX2,235.0
Q02962,V235C,0.5745,pathogenic,PAX2,235.0
Q02962,V235D,0.4036,ambiguous,PAX2,235.0
Q02962,V235E,0.3974,ambiguous,PAX2,235.0
Q02962,V235F,0.1336,benign,PAX2,235.0
Q02962,V235G,0.1013,benign,PAX2,235.0
Q02962,V235H,0.533,ambiguous,PAX2,235.0
Q02962,V235I,0.0853,benign,PAX2,235.0
Q02962,V235K,0.5921,pathogenic,PAX2,235.0
Q02962,V235L,0.1283,benign,PAX2,235.0
Q02962,V235M,0.1213,benign,PAX2,235.0
Q02962,V235N,0.2235,benign,PAX2,235.0
Q02962,V235P,0.2775,benign,PAX2,235.0
Q02962,V235Q,0.3352,benign,PAX2,235.0
Q02962,V235R,0.5232,ambiguous,PAX2,235.0
Q02962,V235S,0.1529,benign,PAX2,235.0
Q02962,V235T,0.1794,benign,PAX2,235.0
Q02962,V235W,0.7468,pathogenic,PAX2,235.0
Q02962,V235Y,0.5083,ambiguous,PAX2,235.0
Q02962,P236A,0.0852,benign,PAX2,236.0
Q02962,P236C,0.4384,ambiguous,PAX2,236.0
Q02962,P236D,0.5338,ambiguous,PAX2,236.0
Q02962,P236E,0.3853,ambiguous,PAX2,236.0
Q02962,P236F,0.549,ambiguous,PAX2,236.0
Q02962,P236G,0.2372,benign,PAX2,236.0
Q02962,P236H,0.1929,benign,PAX2,236.0
Q02962,P236I,0.3395,benign,PAX2,236.0
Q02962,P236K,0.4889,ambiguous,PAX2,236.0
Q02962,P236L,0.1678,benign,PAX2,236.0
Q02962,P236M,0.36,ambiguous,PAX2,236.0
Q02962,P236N,0.2985,benign,PAX2,236.0
Q02962,P236Q,0.1359,benign,PAX2,236.0
Q02962,P236R,0.2974,benign,PAX2,236.0
Q02962,P236S,0.1133,benign,PAX2,236.0
Q02962,P236T,0.1087,benign,PAX2,236.0
Q02962,P236V,0.2157,benign,PAX2,236.0
Q02962,P236W,0.6944,pathogenic,PAX2,236.0
Q02962,P236Y,0.5365,ambiguous,PAX2,236.0
Q02962,N237A,0.1128,benign,PAX2,237.0
Q02962,N237C,0.1695,benign,PAX2,237.0
Q02962,N237D,0.2309,benign,PAX2,237.0
Q02962,N237E,0.4677,ambiguous,PAX2,237.0
Q02962,N237F,0.4884,ambiguous,PAX2,237.0
Q02962,N237G,0.1136,benign,PAX2,237.0
Q02962,N237H,0.1176,benign,PAX2,237.0
Q02962,N237I,0.2388,benign,PAX2,237.0
Q02962,N237K,0.4908,ambiguous,PAX2,237.0
Q02962,N237L,0.2101,benign,PAX2,237.0
Q02962,N237M,0.3114,benign,PAX2,237.0
Q02962,N237P,0.2534,benign,PAX2,237.0
Q02962,N237Q,0.3205,benign,PAX2,237.0
Q02962,N237R,0.4613,ambiguous,PAX2,237.0
Q02962,N237S,0.0618,benign,PAX2,237.0
Q02962,N237T,0.0948,benign,PAX2,237.0
Q02962,N237V,0.1783,benign,PAX2,237.0
Q02962,N237W,0.7377,pathogenic,PAX2,237.0
Q02962,N237Y,0.221,benign,PAX2,237.0
Q02962,G238A,0.1215,benign,PAX2,238.0
Q02962,G238C,0.175,benign,PAX2,238.0
Q02962,G238D,0.5657,pathogenic,PAX2,238.0
Q02962,G238E,0.5448,ambiguous,PAX2,238.0
Q02962,G238F,0.6758,pathogenic,PAX2,238.0
Q02962,G238H,0.5265,ambiguous,PAX2,238.0
Q02962,G238I,0.3112,benign,PAX2,238.0
Q02962,G238K,0.8155,pathogenic,PAX2,238.0
Q02962,G238L,0.4493,ambiguous,PAX2,238.0
Q02962,G238M,0.4849,ambiguous,PAX2,238.0
Q02962,G238N,0.3179,benign,PAX2,238.0
Q02962,G238P,0.7124,pathogenic,PAX2,238.0
Q02962,G238Q,0.5381,ambiguous,PAX2,238.0
Q02962,G238R,0.6397,pathogenic,PAX2,238.0
Q02962,G238S,0.0806,benign,PAX2,238.0
Q02962,G238T,0.1215,benign,PAX2,238.0
Q02962,G238V,0.1771,benign,PAX2,238.0
Q02962,G238W,0.5888,pathogenic,PAX2,238.0
Q02962,G238Y,0.5803,pathogenic,PAX2,238.0
Q02962,D239A,0.464,ambiguous,PAX2,239.0
Q02962,D239C,0.7956,pathogenic,PAX2,239.0
Q02962,D239E,0.2226,benign,PAX2,239.0
Q02962,D239F,0.7946,pathogenic,PAX2,239.0
Q02962,D239G,0.3846,ambiguous,PAX2,239.0
Q02962,D239H,0.5807,pathogenic,PAX2,239.0
Q02962,D239I,0.7229,pathogenic,PAX2,239.0
Q02962,D239K,0.8305,pathogenic,PAX2,239.0
Q02962,D239L,0.6935,pathogenic,PAX2,239.0
Q02962,D239M,0.8636,pathogenic,PAX2,239.0
Q02962,D239N,0.2335,benign,PAX2,239.0
Q02962,D239P,0.7976,pathogenic,PAX2,239.0
Q02962,D239Q,0.6481,pathogenic,PAX2,239.0
Q02962,D239R,0.7918,pathogenic,PAX2,239.0
Q02962,D239S,0.3013,benign,PAX2,239.0
Q02962,D239T,0.5442,ambiguous,PAX2,239.0
Q02962,D239V,0.5312,ambiguous,PAX2,239.0
Q02962,D239W,0.9663,pathogenic,PAX2,239.0
Q02962,D239Y,0.5352,ambiguous,PAX2,239.0
Q02962,S240A,0.1068,benign,PAX2,240.0
Q02962,S240C,0.1361,benign,PAX2,240.0
Q02962,S240D,0.7345,pathogenic,PAX2,240.0
Q02962,S240E,0.8135,pathogenic,PAX2,240.0
Q02962,S240F,0.3456,ambiguous,PAX2,240.0
Q02962,S240G,0.1043,benign,PAX2,240.0
Q02962,S240H,0.5752,pathogenic,PAX2,240.0
Q02962,S240I,0.274,benign,PAX2,240.0
Q02962,S240K,0.943,pathogenic,PAX2,240.0
Q02962,S240L,0.1648,benign,PAX2,240.0
Q02962,S240M,0.2926,benign,PAX2,240.0
Q02962,S240N,0.2359,benign,PAX2,240.0
Q02962,S240P,0.2529,benign,PAX2,240.0
Q02962,S240Q,0.731,pathogenic,PAX2,240.0
Q02962,S240R,0.9142,pathogenic,PAX2,240.0
Q02962,S240T,0.0852,benign,PAX2,240.0
Q02962,S240V,0.22,benign,PAX2,240.0
Q02962,S240W,0.6456,pathogenic,PAX2,240.0
Q02962,S240Y,0.4485,ambiguous,PAX2,240.0
Q02962,Q241A,0.1639,benign,PAX2,241.0
Q02962,Q241C,0.6308,pathogenic,PAX2,241.0
Q02962,Q241D,0.4772,ambiguous,PAX2,241.0
Q02962,Q241E,0.1654,benign,PAX2,241.0
Q02962,Q241F,0.6912,pathogenic,PAX2,241.0
Q02962,Q241G,0.2149,benign,PAX2,241.0
Q02962,Q241H,0.1858,benign,PAX2,241.0
Q02962,Q241I,0.3671,ambiguous,PAX2,241.0
Q02962,Q241K,0.2798,benign,PAX2,241.0
Q02962,Q241L,0.1536,benign,PAX2,241.0
Q02962,Q241M,0.3527,ambiguous,PAX2,241.0
Q02962,Q241N,0.2072,benign,PAX2,241.0
Q02962,Q241P,0.0798,benign,PAX2,241.0
Q02962,Q241R,0.2605,benign,PAX2,241.0
Q02962,Q241S,0.1457,benign,PAX2,241.0
Q02962,Q241T,0.1647,benign,PAX2,241.0
Q02962,Q241V,0.2329,benign,PAX2,241.0
Q02962,Q241W,0.7566,pathogenic,PAX2,241.0
Q02962,Q241Y,0.5722,pathogenic,PAX2,241.0
Q02962,S242A,0.0838,benign,PAX2,242.0
Q02962,S242C,0.0963,benign,PAX2,242.0
Q02962,S242D,0.5372,ambiguous,PAX2,242.0
Q02962,S242E,0.6548,pathogenic,PAX2,242.0
Q02962,S242F,0.3137,benign,PAX2,242.0
Q02962,S242G,0.0561,benign,PAX2,242.0
Q02962,S242H,0.3751,ambiguous,PAX2,242.0
Q02962,S242I,0.1674,benign,PAX2,242.0
Q02962,S242K,0.8117,pathogenic,PAX2,242.0
Q02962,S242L,0.1443,benign,PAX2,242.0
Q02962,S242M,0.2068,benign,PAX2,242.0
Q02962,S242N,0.1104,benign,PAX2,242.0
Q02962,S242P,0.1499,benign,PAX2,242.0
Q02962,S242Q,0.5132,ambiguous,PAX2,242.0
Q02962,S242R,0.7578,pathogenic,PAX2,242.0
Q02962,S242T,0.07,benign,PAX2,242.0
Q02962,S242V,0.1535,benign,PAX2,242.0
Q02962,S242W,0.4861,ambiguous,PAX2,242.0
Q02962,S242Y,0.338,benign,PAX2,242.0
Q02962,G243A,0.0824,benign,PAX2,243.0
Q02962,G243C,0.1124,benign,PAX2,243.0
Q02962,G243D,0.6001,pathogenic,PAX2,243.0
Q02962,G243E,0.618,pathogenic,PAX2,243.0
Q02962,G243F,0.6166,pathogenic,PAX2,243.0
Q02962,G243H,0.4833,ambiguous,PAX2,243.0
Q02962,G243I,0.2435,benign,PAX2,243.0
Q02962,G243K,0.8681,pathogenic,PAX2,243.0
Q02962,G243L,0.3413,ambiguous,PAX2,243.0
Q02962,G243M,0.3676,ambiguous,PAX2,243.0
Q02962,G243N,0.2303,benign,PAX2,243.0
Q02962,G243P,0.4484,ambiguous,PAX2,243.0
Q02962,G243Q,0.567,pathogenic,PAX2,243.0
Q02962,G243R,0.7289,pathogenic,PAX2,243.0
Q02962,G243S,0.0521,benign,PAX2,243.0
Q02962,G243T,0.0756,benign,PAX2,243.0
Q02962,G243V,0.1323,benign,PAX2,243.0
Q02962,G243W,0.5896,pathogenic,PAX2,243.0
Q02962,G243Y,0.5514,ambiguous,PAX2,243.0
Q02962,V244A,0.1917,benign,PAX2,244.0
Q02962,V244C,0.693,pathogenic,PAX2,244.0
Q02962,V244D,0.557,ambiguous,PAX2,244.0
Q02962,V244E,0.4947,ambiguous,PAX2,244.0
Q02962,V244F,0.1842,benign,PAX2,244.0
Q02962,V244G,0.1448,benign,PAX2,244.0
Q02962,V244H,0.6514,pathogenic,PAX2,244.0
Q02962,V244I,0.091,benign,PAX2,244.0
Q02962,V244K,0.6252,pathogenic,PAX2,244.0
Q02962,V244L,0.2061,benign,PAX2,244.0
Q02962,V244M,0.125,benign,PAX2,244.0
Q02962,V244N,0.339,benign,PAX2,244.0
Q02962,V244P,0.4044,ambiguous,PAX2,244.0
Q02962,V244Q,0.407,ambiguous,PAX2,244.0
Q02962,V244R,0.5469,ambiguous,PAX2,244.0
Q02962,V244S,0.2221,benign,PAX2,244.0
Q02962,V244T,0.2052,benign,PAX2,244.0
Q02962,V244W,0.7984,pathogenic,PAX2,244.0
Q02962,V244Y,0.6353,pathogenic,PAX2,244.0
Q02962,D245A,0.5931,pathogenic,PAX2,245.0
Q02962,D245C,0.9059,pathogenic,PAX2,245.0
Q02962,D245E,0.1711,benign,PAX2,245.0
Q02962,D245F,0.9156,pathogenic,PAX2,245.0
Q02962,D245G,0.5167,ambiguous,PAX2,245.0
Q02962,D245H,0.7789,pathogenic,PAX2,245.0
Q02962,D245I,0.8749,pathogenic,PAX2,245.0
Q02962,D245K,0.8955,pathogenic,PAX2,245.0
Q02962,D245L,0.798,pathogenic,PAX2,245.0
Q02962,D245M,0.9388,pathogenic,PAX2,245.0
Q02962,D245N,0.4025,ambiguous,PAX2,245.0
Q02962,D245P,0.8562,pathogenic,PAX2,245.0
Q02962,D245Q,0.7507,pathogenic,PAX2,245.0
Q02962,D245R,0.8739,pathogenic,PAX2,245.0
Q02962,D245S,0.4547,ambiguous,PAX2,245.0
Q02962,D245T,0.6936,pathogenic,PAX2,245.0
Q02962,D245V,0.7069,pathogenic,PAX2,245.0
Q02962,D245W,0.9813,pathogenic,PAX2,245.0
Q02962,D245Y,0.7366,pathogenic,PAX2,245.0
Q02962,S246A,0.1031,benign,PAX2,246.0
Q02962,S246C,0.1614,benign,PAX2,246.0
Q02962,S246D,0.8322,pathogenic,PAX2,246.0
Q02962,S246E,0.8934,pathogenic,PAX2,246.0
Q02962,S246F,0.3268,benign,PAX2,246.0
Q02962,S246G,0.1259,benign,PAX2,246.0
Q02962,S246H,0.6351,pathogenic,PAX2,246.0
Q02962,S246I,0.3076,benign,PAX2,246.0
Q02962,S246K,0.9719,pathogenic,PAX2,246.0
Q02962,S246L,0.1872,benign,PAX2,246.0
Q02962,S246M,0.3011,benign,PAX2,246.0
Q02962,S246N,0.278,benign,PAX2,246.0
Q02962,S246P,0.3494,ambiguous,PAX2,246.0
Q02962,S246Q,0.8054,pathogenic,PAX2,246.0
Q02962,S246R,0.9562,pathogenic,PAX2,246.0
Q02962,S246T,0.0937,benign,PAX2,246.0
Q02962,S246V,0.2524,benign,PAX2,246.0
Q02962,S246W,0.6376,pathogenic,PAX2,246.0
Q02962,S246Y,0.4057,ambiguous,PAX2,246.0
Q02962,L247A,0.6856,pathogenic,PAX2,247.0
Q02962,L247C,0.8966,pathogenic,PAX2,247.0
Q02962,L247D,0.9803,pathogenic,PAX2,247.0
Q02962,L247E,0.9158,pathogenic,PAX2,247.0
Q02962,L247F,0.4812,ambiguous,PAX2,247.0
Q02962,L247G,0.8915,pathogenic,PAX2,247.0
Q02962,L247H,0.792,pathogenic,PAX2,247.0
Q02962,L247I,0.247,benign,PAX2,247.0
Q02962,L247K,0.8465,pathogenic,PAX2,247.0
Q02962,L247M,0.2861,benign,PAX2,247.0
Q02962,L247N,0.8921,pathogenic,PAX2,247.0
Q02962,L247P,0.7092,pathogenic,PAX2,247.0
Q02962,L247Q,0.5865,pathogenic,PAX2,247.0
Q02962,L247R,0.7388,pathogenic,PAX2,247.0
Q02962,L247S,0.808,pathogenic,PAX2,247.0
Q02962,L247T,0.753,pathogenic,PAX2,247.0
Q02962,L247V,0.2129,benign,PAX2,247.0
Q02962,L247W,0.7619,pathogenic,PAX2,247.0
Q02962,L247Y,0.8497,pathogenic,PAX2,247.0
Q02962,R248A,0.9849,pathogenic,PAX2,248.0
Q02962,R248C,0.9078,pathogenic,PAX2,248.0
Q02962,R248D,0.9938,pathogenic,PAX2,248.0
Q02962,R248E,0.9663,pathogenic,PAX2,248.0
Q02962,R248F,0.9934,pathogenic,PAX2,248.0
Q02962,R248G,0.9357,pathogenic,PAX2,248.0
Q02962,R248H,0.7305,pathogenic,PAX2,248.0
Q02962,R248I,0.9884,pathogenic,PAX2,248.0
Q02962,R248K,0.5752,pathogenic,PAX2,248.0
Q02962,R248L,0.9301,pathogenic,PAX2,248.0
Q02962,R248M,0.9899,pathogenic,PAX2,248.0
Q02962,R248N,0.9917,pathogenic,PAX2,248.0
Q02962,R248P,0.971,pathogenic,PAX2,248.0
Q02962,R248Q,0.6599,pathogenic,PAX2,248.0
Q02962,R248S,0.9883,pathogenic,PAX2,248.0
Q02962,R248T,0.9882,pathogenic,PAX2,248.0
Q02962,R248V,0.9836,pathogenic,PAX2,248.0
Q02962,R248W,0.9341,pathogenic,PAX2,248.0
Q02962,R248Y,0.9807,pathogenic,PAX2,248.0
Q02962,K249A,0.9825,pathogenic,PAX2,249.0
Q02962,K249C,0.99,pathogenic,PAX2,249.0
Q02962,K249D,0.9934,pathogenic,PAX2,249.0
Q02962,K249E,0.9806,pathogenic,PAX2,249.0
Q02962,K249F,0.9979,pathogenic,PAX2,249.0
Q02962,K249G,0.9684,pathogenic,PAX2,249.0
Q02962,K249H,0.8967,pathogenic,PAX2,249.0
Q02962,K249I,0.9934,pathogenic,PAX2,249.0
Q02962,K249L,0.9769,pathogenic,PAX2,249.0
Q02962,K249M,0.9809,pathogenic,PAX2,249.0
Q02962,K249N,0.9866,pathogenic,PAX2,249.0
Q02962,K249P,0.9768,pathogenic,PAX2,249.0
Q02962,K249Q,0.8186,pathogenic,PAX2,249.0
Q02962,K249R,0.2291,benign,PAX2,249.0
Q02962,K249S,0.9846,pathogenic,PAX2,249.0
Q02962,K249T,0.9736,pathogenic,PAX2,249.0
Q02962,K249V,0.9874,pathogenic,PAX2,249.0
Q02962,K249W,0.995,pathogenic,PAX2,249.0
Q02962,K249Y,0.9907,pathogenic,PAX2,249.0
Q02962,H250A,0.6898,pathogenic,PAX2,250.0
Q02962,H250C,0.5662,pathogenic,PAX2,250.0
Q02962,H250D,0.8139,pathogenic,PAX2,250.0
Q02962,H250E,0.8047,pathogenic,PAX2,250.0
Q02962,H250F,0.6159,pathogenic,PAX2,250.0
Q02962,H250G,0.7192,pathogenic,PAX2,250.0
Q02962,H250I,0.7178,pathogenic,PAX2,250.0
Q02962,H250K,0.7787,pathogenic,PAX2,250.0
Q02962,H250L,0.3364,benign,PAX2,250.0
Q02962,H250M,0.7329,pathogenic,PAX2,250.0
Q02962,H250N,0.2796,benign,PAX2,250.0
Q02962,H250P,0.5496,ambiguous,PAX2,250.0
Q02962,H250Q,0.4236,ambiguous,PAX2,250.0
Q02962,H250R,0.5442,ambiguous,PAX2,250.0
Q02962,H250S,0.5878,pathogenic,PAX2,250.0
Q02962,H250T,0.6544,pathogenic,PAX2,250.0
Q02962,H250V,0.6061,pathogenic,PAX2,250.0
Q02962,H250W,0.8289,pathogenic,PAX2,250.0
Q02962,H250Y,0.2701,benign,PAX2,250.0
Q02962,L251A,0.921,pathogenic,PAX2,251.0
Q02962,L251C,0.9568,pathogenic,PAX2,251.0
Q02962,L251D,0.9966,pathogenic,PAX2,251.0
Q02962,L251E,0.9736,pathogenic,PAX2,251.0
Q02962,L251F,0.7136,pathogenic,PAX2,251.0
Q02962,L251G,0.9683,pathogenic,PAX2,251.0
Q02962,L251H,0.9264,pathogenic,PAX2,251.0
Q02962,L251I,0.424,ambiguous,PAX2,251.0
Q02962,L251K,0.9281,pathogenic,PAX2,251.0
Q02962,L251M,0.3421,ambiguous,PAX2,251.0
Q02962,L251N,0.9732,pathogenic,PAX2,251.0
Q02962,L251P,0.9631,pathogenic,PAX2,251.0
Q02962,L251Q,0.7792,pathogenic,PAX2,251.0
Q02962,L251R,0.8491,pathogenic,PAX2,251.0
Q02962,L251S,0.9678,pathogenic,PAX2,251.0
Q02962,L251T,0.9434,pathogenic,PAX2,251.0
Q02962,L251V,0.4518,ambiguous,PAX2,251.0
Q02962,L251W,0.9,pathogenic,PAX2,251.0
Q02962,L251Y,0.942,pathogenic,PAX2,251.0
Q02962,R252A,0.9685,pathogenic,PAX2,252.0
Q02962,R252C,0.9072,pathogenic,PAX2,252.0
Q02962,R252D,0.9841,pathogenic,PAX2,252.0
Q02962,R252E,0.9601,pathogenic,PAX2,252.0
Q02962,R252F,0.9856,pathogenic,PAX2,252.0
Q02962,R252G,0.8973,pathogenic,PAX2,252.0
Q02962,R252H,0.6196,pathogenic,PAX2,252.0
Q02962,R252I,0.9803,pathogenic,PAX2,252.0
Q02962,R252K,0.55,ambiguous,PAX2,252.0
Q02962,R252L,0.9034,pathogenic,PAX2,252.0
Q02962,R252M,0.9818,pathogenic,PAX2,252.0
Q02962,R252N,0.9814,pathogenic,PAX2,252.0
Q02962,R252P,0.9545,pathogenic,PAX2,252.0
Q02962,R252Q,0.6587,pathogenic,PAX2,252.0
Q02962,R252S,0.9763,pathogenic,PAX2,252.0
Q02962,R252T,0.9725,pathogenic,PAX2,252.0
Q02962,R252V,0.9694,pathogenic,PAX2,252.0
Q02962,R252W,0.9056,pathogenic,PAX2,252.0
Q02962,R252Y,0.9683,pathogenic,PAX2,252.0
Q02962,A253C,0.5683,pathogenic,PAX2,253.0
Q02962,A253D,0.7618,pathogenic,PAX2,253.0
Q02962,A253E,0.7415,pathogenic,PAX2,253.0
Q02962,A253F,0.7832,pathogenic,PAX2,253.0
Q02962,A253G,0.0633,benign,PAX2,253.0
Q02962,A253H,0.7859,pathogenic,PAX2,253.0
Q02962,A253I,0.6131,pathogenic,PAX2,253.0
Q02962,A253K,0.915,pathogenic,PAX2,253.0
Q02962,A253L,0.3984,ambiguous,PAX2,253.0
Q02962,A253M,0.4935,ambiguous,PAX2,253.0
Q02962,A253N,0.3477,ambiguous,PAX2,253.0
Q02962,A253P,0.4586,ambiguous,PAX2,253.0
Q02962,A253Q,0.6083,pathogenic,PAX2,253.0
Q02962,A253R,0.8531,pathogenic,PAX2,253.0
Q02962,A253S,0.0893,benign,PAX2,253.0
Q02962,A253T,0.1252,benign,PAX2,253.0
Q02962,A253V,0.2707,benign,PAX2,253.0
Q02962,A253W,0.9499,pathogenic,PAX2,253.0
Q02962,A253Y,0.8527,pathogenic,PAX2,253.0
Q02962,D254A,0.8985,pathogenic,PAX2,254.0
Q02962,D254C,0.9905,pathogenic,PAX2,254.0
Q02962,D254E,0.4379,ambiguous,PAX2,254.0
Q02962,D254F,0.9921,pathogenic,PAX2,254.0
Q02962,D254G,0.7874,pathogenic,PAX2,254.0
Q02962,D254H,0.9497,pathogenic,PAX2,254.0
Q02962,D254I,0.9902,pathogenic,PAX2,254.0
Q02962,D254K,0.9755,pathogenic,PAX2,254.0
Q02962,D254L,0.9799,pathogenic,PAX2,254.0
Q02962,D254M,0.9939,pathogenic,PAX2,254.0
Q02962,D254N,0.6223,pathogenic,PAX2,254.0
Q02962,D254P,0.9757,pathogenic,PAX2,254.0
Q02962,D254Q,0.935,pathogenic,PAX2,254.0
Q02962,D254R,0.973,pathogenic,PAX2,254.0
Q02962,D254S,0.7522,pathogenic,PAX2,254.0
Q02962,D254T,0.9278,pathogenic,PAX2,254.0
Q02962,D254V,0.9596,pathogenic,PAX2,254.0
Q02962,D254W,0.9986,pathogenic,PAX2,254.0
Q02962,D254Y,0.9621,pathogenic,PAX2,254.0
Q02962,T255A,0.0745,benign,PAX2,255.0
Q02962,T255C,0.4481,ambiguous,PAX2,255.0
Q02962,T255D,0.7332,pathogenic,PAX2,255.0
Q02962,T255E,0.8001,pathogenic,PAX2,255.0
Q02962,T255F,0.5815,pathogenic,PAX2,255.0
Q02962,T255G,0.221,benign,PAX2,255.0
Q02962,T255H,0.3485,ambiguous,PAX2,255.0
Q02962,T255I,0.4188,ambiguous,PAX2,255.0
Q02962,T255K,0.7367,pathogenic,PAX2,255.0
Q02962,T255L,0.1948,benign,PAX2,255.0
Q02962,T255M,0.1637,benign,PAX2,255.0
Q02962,T255N,0.105,benign,PAX2,255.0
Q02962,T255P,0.1988,benign,PAX2,255.0
Q02962,T255Q,0.4763,ambiguous,PAX2,255.0
Q02962,T255R,0.6643,pathogenic,PAX2,255.0
Q02962,T255S,0.099,benign,PAX2,255.0
Q02962,T255V,0.2597,benign,PAX2,255.0
Q02962,T255W,0.8948,pathogenic,PAX2,255.0
Q02962,T255Y,0.5969,pathogenic,PAX2,255.0
Q02962,F256A,0.997,pathogenic,PAX2,256.0
Q02962,F256C,0.9944,pathogenic,PAX2,256.0
Q02962,F256D,0.9995,pathogenic,PAX2,256.0
Q02962,F256E,0.9995,pathogenic,PAX2,256.0
Q02962,F256G,0.9979,pathogenic,PAX2,256.0
Q02962,F256H,0.9963,pathogenic,PAX2,256.0
Q02962,F256I,0.9859,pathogenic,PAX2,256.0
Q02962,F256K,0.9995,pathogenic,PAX2,256.0
Q02962,F256L,0.9984,pathogenic,PAX2,256.0
Q02962,F256M,0.991,pathogenic,PAX2,256.0
Q02962,F256N,0.9985,pathogenic,PAX2,256.0
Q02962,F256P,0.9998,pathogenic,PAX2,256.0
Q02962,F256Q,0.9989,pathogenic,PAX2,256.0
Q02962,F256R,0.9979,pathogenic,PAX2,256.0
Q02962,F256S,0.9984,pathogenic,PAX2,256.0
Q02962,F256T,0.9987,pathogenic,PAX2,256.0
Q02962,F256V,0.975,pathogenic,PAX2,256.0
Q02962,F256W,0.9764,pathogenic,PAX2,256.0
Q02962,F256Y,0.8794,pathogenic,PAX2,256.0
Q02962,T257A,0.6033,pathogenic,PAX2,257.0
Q02962,T257C,0.9114,pathogenic,PAX2,257.0
Q02962,T257D,0.936,pathogenic,PAX2,257.0
Q02962,T257E,0.9671,pathogenic,PAX2,257.0
Q02962,T257F,0.9791,pathogenic,PAX2,257.0
Q02962,T257G,0.6822,pathogenic,PAX2,257.0
Q02962,T257H,0.821,pathogenic,PAX2,257.0
Q02962,T257I,0.9826,pathogenic,PAX2,257.0
Q02962,T257K,0.9511,pathogenic,PAX2,257.0
Q02962,T257L,0.7893,pathogenic,PAX2,257.0
Q02962,T257M,0.7976,pathogenic,PAX2,257.0
Q02962,T257N,0.5109,ambiguous,PAX2,257.0
Q02962,T257P,0.677,pathogenic,PAX2,257.0
Q02962,T257Q,0.8344,pathogenic,PAX2,257.0
Q02962,T257R,0.9204,pathogenic,PAX2,257.0
Q02962,T257S,0.2124,benign,PAX2,257.0
Q02962,T257V,0.9291,pathogenic,PAX2,257.0
Q02962,T257W,0.9922,pathogenic,PAX2,257.0
Q02962,T257Y,0.9712,pathogenic,PAX2,257.0
Q02962,Q258A,0.2453,benign,PAX2,258.0
Q02962,Q258C,0.9417,pathogenic,PAX2,258.0
Q02962,Q258D,0.8122,pathogenic,PAX2,258.0
Q02962,Q258E,0.2348,benign,PAX2,258.0
Q02962,Q258F,0.9593,pathogenic,PAX2,258.0
Q02962,Q258G,0.4532,ambiguous,PAX2,258.0
Q02962,Q258H,0.5499,ambiguous,PAX2,258.0
Q02962,Q258I,0.7347,pathogenic,PAX2,258.0
Q02962,Q258K,0.4847,ambiguous,PAX2,258.0
Q02962,Q258L,0.3671,ambiguous,PAX2,258.0
Q02962,Q258M,0.6152,pathogenic,PAX2,258.0
Q02962,Q258N,0.4747,ambiguous,PAX2,258.0
Q02962,Q258P,0.1156,benign,PAX2,258.0
Q02962,Q258R,0.4848,ambiguous,PAX2,258.0
Q02962,Q258S,0.2754,benign,PAX2,258.0
Q02962,Q258T,0.3449,ambiguous,PAX2,258.0
Q02962,Q258V,0.5026,ambiguous,PAX2,258.0
Q02962,Q258W,0.9572,pathogenic,PAX2,258.0
Q02962,Q258Y,0.9218,pathogenic,PAX2,258.0
Q02962,Q259A,0.2985,benign,PAX2,259.0
Q02962,Q259C,0.9465,pathogenic,PAX2,259.0
Q02962,Q259D,0.7134,pathogenic,PAX2,259.0
Q02962,Q259E,0.1678,benign,PAX2,259.0
Q02962,Q259F,0.9526,pathogenic,PAX2,259.0
Q02962,Q259G,0.4803,ambiguous,PAX2,259.0
Q02962,Q259H,0.5061,ambiguous,PAX2,259.0
Q02962,Q259I,0.7699,pathogenic,PAX2,259.0
Q02962,Q259K,0.4334,ambiguous,PAX2,259.0
Q02962,Q259L,0.3621,ambiguous,PAX2,259.0
Q02962,Q259M,0.6475,pathogenic,PAX2,259.0
Q02962,Q259N,0.4545,ambiguous,PAX2,259.0
Q02962,Q259P,0.2613,benign,PAX2,259.0
Q02962,Q259R,0.5021,ambiguous,PAX2,259.0
Q02962,Q259S,0.3616,ambiguous,PAX2,259.0
Q02962,Q259T,0.4252,ambiguous,PAX2,259.0
Q02962,Q259V,0.5734,pathogenic,PAX2,259.0
Q02962,Q259W,0.9604,pathogenic,PAX2,259.0
Q02962,Q259Y,0.8925,pathogenic,PAX2,259.0
Q02962,Q260A,0.9303,pathogenic,PAX2,260.0
Q02962,Q260C,0.999,pathogenic,PAX2,260.0
Q02962,Q260D,0.9933,pathogenic,PAX2,260.0
Q02962,Q260E,0.7121,pathogenic,PAX2,260.0
Q02962,Q260F,0.9991,pathogenic,PAX2,260.0
Q02962,Q260G,0.9757,pathogenic,PAX2,260.0
Q02962,Q260H,0.9888,pathogenic,PAX2,260.0
Q02962,Q260I,0.993,pathogenic,PAX2,260.0
Q02962,Q260K,0.9826,pathogenic,PAX2,260.0
Q02962,Q260L,0.9764,pathogenic,PAX2,260.0
Q02962,Q260M,0.9494,pathogenic,PAX2,260.0
Q02962,Q260N,0.9771,pathogenic,PAX2,260.0
Q02962,Q260P,0.995,pathogenic,PAX2,260.0
Q02962,Q260R,0.9923,pathogenic,PAX2,260.0
Q02962,Q260S,0.9646,pathogenic,PAX2,260.0
Q02962,Q260T,0.9587,pathogenic,PAX2,260.0
Q02962,Q260V,0.9819,pathogenic,PAX2,260.0
Q02962,Q260W,0.9997,pathogenic,PAX2,260.0
Q02962,Q260Y,0.9989,pathogenic,PAX2,260.0
Q02962,L261A,0.9435,pathogenic,PAX2,261.0
Q02962,L261C,0.979,pathogenic,PAX2,261.0
Q02962,L261D,0.9985,pathogenic,PAX2,261.0
Q02962,L261E,0.9737,pathogenic,PAX2,261.0
Q02962,L261F,0.9426,pathogenic,PAX2,261.0
Q02962,L261G,0.9907,pathogenic,PAX2,261.0
Q02962,L261H,0.9839,pathogenic,PAX2,261.0
Q02962,L261I,0.3076,benign,PAX2,261.0
Q02962,L261K,0.9448,pathogenic,PAX2,261.0
Q02962,L261M,0.4054,ambiguous,PAX2,261.0
Q02962,L261N,0.9875,pathogenic,PAX2,261.0
Q02962,L261P,0.9987,pathogenic,PAX2,261.0
Q02962,L261Q,0.9065,pathogenic,PAX2,261.0
Q02962,L261R,0.9206,pathogenic,PAX2,261.0
Q02962,L261S,0.9918,pathogenic,PAX2,261.0
Q02962,L261T,0.9286,pathogenic,PAX2,261.0
Q02962,L261V,0.389,ambiguous,PAX2,261.0
Q02962,L261W,0.9685,pathogenic,PAX2,261.0
Q02962,L261Y,0.9796,pathogenic,PAX2,261.0
Q02962,E262A,0.7953,pathogenic,PAX2,262.0
Q02962,E262C,0.9946,pathogenic,PAX2,262.0
Q02962,E262D,0.5084,ambiguous,PAX2,262.0
Q02962,E262F,0.9966,pathogenic,PAX2,262.0
Q02962,E262G,0.8883,pathogenic,PAX2,262.0
Q02962,E262H,0.9763,pathogenic,PAX2,262.0
Q02962,E262I,0.9809,pathogenic,PAX2,262.0
Q02962,E262K,0.9503,pathogenic,PAX2,262.0
Q02962,E262L,0.9591,pathogenic,PAX2,262.0
Q02962,E262M,0.9745,pathogenic,PAX2,262.0
Q02962,E262N,0.9421,pathogenic,PAX2,262.0
Q02962,E262P,0.9977,pathogenic,PAX2,262.0
Q02962,E262Q,0.7329,pathogenic,PAX2,262.0
Q02962,E262R,0.9509,pathogenic,PAX2,262.0
Q02962,E262S,0.8998,pathogenic,PAX2,262.0
Q02962,E262T,0.9437,pathogenic,PAX2,262.0
Q02962,E262V,0.9357,pathogenic,PAX2,262.0
Q02962,E262W,0.9986,pathogenic,PAX2,262.0
Q02962,E262Y,0.9926,pathogenic,PAX2,262.0
Q02962,A263C,0.8446,pathogenic,PAX2,263.0
Q02962,A263D,0.9218,pathogenic,PAX2,263.0
Q02962,A263E,0.8352,pathogenic,PAX2,263.0
Q02962,A263F,0.8569,pathogenic,PAX2,263.0
Q02962,A263G,0.6465,pathogenic,PAX2,263.0
Q02962,A263H,0.9041,pathogenic,PAX2,263.0
Q02962,A263I,0.723,pathogenic,PAX2,263.0
Q02962,A263K,0.975,pathogenic,PAX2,263.0
Q02962,A263L,0.568,pathogenic,PAX2,263.0
Q02962,A263M,0.5911,pathogenic,PAX2,263.0
Q02962,A263N,0.7559,pathogenic,PAX2,263.0
Q02962,A263P,0.995,pathogenic,PAX2,263.0
Q02962,A263Q,0.8051,pathogenic,PAX2,263.0
Q02962,A263R,0.9462,pathogenic,PAX2,263.0
Q02962,A263S,0.2704,benign,PAX2,263.0
Q02962,A263T,0.4171,ambiguous,PAX2,263.0
Q02962,A263V,0.3771,ambiguous,PAX2,263.0
Q02962,A263W,0.9892,pathogenic,PAX2,263.0
Q02962,A263Y,0.9166,pathogenic,PAX2,263.0
Q02962,L264A,0.9812,pathogenic,PAX2,264.0
Q02962,L264C,0.9968,pathogenic,PAX2,264.0
Q02962,L264D,0.9998,pathogenic,PAX2,264.0
Q02962,L264E,0.9989,pathogenic,PAX2,264.0
Q02962,L264F,0.9828,pathogenic,PAX2,264.0
Q02962,L264G,0.9982,pathogenic,PAX2,264.0
Q02962,L264H,0.9993,pathogenic,PAX2,264.0
Q02962,L264I,0.8383,pathogenic,PAX2,264.0
Q02962,L264K,0.9982,pathogenic,PAX2,264.0
Q02962,L264M,0.8,pathogenic,PAX2,264.0
Q02962,L264N,0.9995,pathogenic,PAX2,264.0
Q02962,L264P,0.9994,pathogenic,PAX2,264.0
Q02962,L264Q,0.9982,pathogenic,PAX2,264.0
Q02962,L264R,0.9963,pathogenic,PAX2,264.0
Q02962,L264S,0.999,pathogenic,PAX2,264.0
Q02962,L264T,0.9942,pathogenic,PAX2,264.0
Q02962,L264V,0.8672,pathogenic,PAX2,264.0
Q02962,L264W,0.9958,pathogenic,PAX2,264.0
Q02962,L264Y,0.998,pathogenic,PAX2,264.0
Q02962,D265A,0.9796,pathogenic,PAX2,265.0
Q02962,D265C,0.9977,pathogenic,PAX2,265.0
Q02962,D265E,0.7121,pathogenic,PAX2,265.0
Q02962,D265F,0.9982,pathogenic,PAX2,265.0
Q02962,D265G,0.9459,pathogenic,PAX2,265.0
Q02962,D265H,0.985,pathogenic,PAX2,265.0
Q02962,D265I,0.9984,pathogenic,PAX2,265.0
Q02962,D265K,0.9946,pathogenic,PAX2,265.0
Q02962,D265L,0.9916,pathogenic,PAX2,265.0
Q02962,D265M,0.9989,pathogenic,PAX2,265.0
Q02962,D265N,0.8885,pathogenic,PAX2,265.0
Q02962,D265P,0.9984,pathogenic,PAX2,265.0
Q02962,D265Q,0.9729,pathogenic,PAX2,265.0
Q02962,D265R,0.9902,pathogenic,PAX2,265.0
Q02962,D265S,0.9354,pathogenic,PAX2,265.0
Q02962,D265T,0.9902,pathogenic,PAX2,265.0
Q02962,D265V,0.9926,pathogenic,PAX2,265.0
Q02962,D265W,0.9994,pathogenic,PAX2,265.0
Q02962,D265Y,0.9874,pathogenic,PAX2,265.0
Q02962,R266A,0.748,pathogenic,PAX2,266.0
Q02962,R266C,0.4422,ambiguous,PAX2,266.0
Q02962,R266D,0.8888,pathogenic,PAX2,266.0
Q02962,R266E,0.6963,pathogenic,PAX2,266.0
Q02962,R266F,0.9173,pathogenic,PAX2,266.0
Q02962,R266G,0.6089,pathogenic,PAX2,266.0
Q02962,R266H,0.1883,benign,PAX2,266.0
Q02962,R266I,0.7747,pathogenic,PAX2,266.0
Q02962,R266K,0.1956,benign,PAX2,266.0
Q02962,R266L,0.5743,pathogenic,PAX2,266.0
Q02962,R266M,0.7532,pathogenic,PAX2,266.0
Q02962,R266N,0.824,pathogenic,PAX2,266.0
Q02962,R266P,0.9883,pathogenic,PAX2,266.0
Q02962,R266Q,0.1627,benign,PAX2,266.0
Q02962,R266S,0.8046,pathogenic,PAX2,266.0
Q02962,R266T,0.6735,pathogenic,PAX2,266.0
Q02962,R266V,0.7668,pathogenic,PAX2,266.0
Q02962,R266W,0.6787,pathogenic,PAX2,266.0
Q02962,R266Y,0.8077,pathogenic,PAX2,266.0
Q02962,V267A,0.7802,pathogenic,PAX2,267.0
Q02962,V267C,0.9214,pathogenic,PAX2,267.0
Q02962,V267D,0.9848,pathogenic,PAX2,267.0
Q02962,V267E,0.9377,pathogenic,PAX2,267.0
Q02962,V267F,0.7591,pathogenic,PAX2,267.0
Q02962,V267G,0.8478,pathogenic,PAX2,267.0
Q02962,V267H,0.9745,pathogenic,PAX2,267.0
Q02962,V267I,0.2279,benign,PAX2,267.0
Q02962,V267K,0.9821,pathogenic,PAX2,267.0
Q02962,V267L,0.7429,pathogenic,PAX2,267.0
Q02962,V267M,0.7438,pathogenic,PAX2,267.0
Q02962,V267N,0.9314,pathogenic,PAX2,267.0
Q02962,V267P,0.988,pathogenic,PAX2,267.0
Q02962,V267Q,0.9293,pathogenic,PAX2,267.0
Q02962,V267R,0.9603,pathogenic,PAX2,267.0
Q02962,V267S,0.8706,pathogenic,PAX2,267.0
Q02962,V267T,0.8578,pathogenic,PAX2,267.0
Q02962,V267W,0.9937,pathogenic,PAX2,267.0
Q02962,V267Y,0.9498,pathogenic,PAX2,267.0
Q02962,F268A,0.9966,pathogenic,PAX2,268.0
Q02962,F268C,0.9928,pathogenic,PAX2,268.0
Q02962,F268D,0.9991,pathogenic,PAX2,268.0
Q02962,F268E,0.9987,pathogenic,PAX2,268.0
Q02962,F268G,0.9954,pathogenic,PAX2,268.0
Q02962,F268H,0.9964,pathogenic,PAX2,268.0
Q02962,F268I,0.9945,pathogenic,PAX2,268.0
Q02962,F268K,0.9991,pathogenic,PAX2,268.0
Q02962,F268L,0.9988,pathogenic,PAX2,268.0
Q02962,F268M,0.9913,pathogenic,PAX2,268.0
Q02962,F268N,0.9982,pathogenic,PAX2,268.0
Q02962,F268P,0.9998,pathogenic,PAX2,268.0
Q02962,F268Q,0.9976,pathogenic,PAX2,268.0
Q02962,F268R,0.9959,pathogenic,PAX2,268.0
Q02962,F268S,0.9971,pathogenic,PAX2,268.0
Q02962,F268T,0.9969,pathogenic,PAX2,268.0
Q02962,F268V,0.991,pathogenic,PAX2,268.0
Q02962,F268W,0.9716,pathogenic,PAX2,268.0
Q02962,F268Y,0.9559,pathogenic,PAX2,268.0
Q02962,E269A,0.7933,pathogenic,PAX2,269.0
Q02962,E269C,0.9794,pathogenic,PAX2,269.0
Q02962,E269D,0.5109,ambiguous,PAX2,269.0
Q02962,E269F,0.9946,pathogenic,PAX2,269.0
Q02962,E269G,0.7801,pathogenic,PAX2,269.0
Q02962,E269H,0.9472,pathogenic,PAX2,269.0
Q02962,E269I,0.9712,pathogenic,PAX2,269.0
Q02962,E269K,0.9328,pathogenic,PAX2,269.0
Q02962,E269L,0.9559,pathogenic,PAX2,269.0
Q02962,E269M,0.9758,pathogenic,PAX2,269.0
Q02962,E269N,0.8838,pathogenic,PAX2,269.0
Q02962,E269P,0.9895,pathogenic,PAX2,269.0
Q02962,E269Q,0.5558,ambiguous,PAX2,269.0
Q02962,E269R,0.9157,pathogenic,PAX2,269.0
Q02962,E269S,0.724,pathogenic,PAX2,269.0
Q02962,E269T,0.8919,pathogenic,PAX2,269.0
Q02962,E269V,0.9114,pathogenic,PAX2,269.0
Q02962,E269W,0.9979,pathogenic,PAX2,269.0
Q02962,E269Y,0.9882,pathogenic,PAX2,269.0
Q02962,R270A,0.9714,pathogenic,PAX2,270.0
Q02962,R270C,0.8664,pathogenic,PAX2,270.0
Q02962,R270D,0.9783,pathogenic,PAX2,270.0
Q02962,R270E,0.9345,pathogenic,PAX2,270.0
Q02962,R270F,0.9881,pathogenic,PAX2,270.0
Q02962,R270G,0.8853,pathogenic,PAX2,270.0
Q02962,R270H,0.616,pathogenic,PAX2,270.0
Q02962,R270I,0.9617,pathogenic,PAX2,270.0
Q02962,R270K,0.4043,ambiguous,PAX2,270.0
Q02962,R270L,0.9033,pathogenic,PAX2,270.0
Q02962,R270M,0.9687,pathogenic,PAX2,270.0
Q02962,R270N,0.971,pathogenic,PAX2,270.0
Q02962,R270P,0.9522,pathogenic,PAX2,270.0
Q02962,R270Q,0.5722,pathogenic,PAX2,270.0
Q02962,R270S,0.9781,pathogenic,PAX2,270.0
Q02962,R270T,0.9639,pathogenic,PAX2,270.0
Q02962,R270V,0.9574,pathogenic,PAX2,270.0
Q02962,R270W,0.9361,pathogenic,PAX2,270.0
Q02962,R270Y,0.9639,pathogenic,PAX2,270.0
Q02962,P271A,0.2331,benign,PAX2,271.0
Q02962,P271C,0.8495,pathogenic,PAX2,271.0
Q02962,P271D,0.8534,pathogenic,PAX2,271.0
Q02962,P271E,0.7008,pathogenic,PAX2,271.0
Q02962,P271F,0.9465,pathogenic,PAX2,271.0
Q02962,P271G,0.5861,pathogenic,PAX2,271.0
Q02962,P271H,0.4755,ambiguous,PAX2,271.0
Q02962,P271I,0.8324,pathogenic,PAX2,271.0
Q02962,P271K,0.8167,pathogenic,PAX2,271.0
Q02962,P271L,0.5447,ambiguous,PAX2,271.0
Q02962,P271M,0.8089,pathogenic,PAX2,271.0
Q02962,P271N,0.6124,pathogenic,PAX2,271.0
Q02962,P271Q,0.3445,ambiguous,PAX2,271.0
Q02962,P271R,0.6542,pathogenic,PAX2,271.0
Q02962,P271S,0.2797,benign,PAX2,271.0
Q02962,P271T,0.2624,benign,PAX2,271.0
Q02962,P271V,0.6328,pathogenic,PAX2,271.0
Q02962,P271W,0.9735,pathogenic,PAX2,271.0
Q02962,P271Y,0.9124,pathogenic,PAX2,271.0
Q02962,S272A,0.0634,benign,PAX2,272.0
Q02962,S272C,0.105,benign,PAX2,272.0
Q02962,S272D,0.7519,pathogenic,PAX2,272.0
Q02962,S272E,0.819,pathogenic,PAX2,272.0
Q02962,S272F,0.3158,benign,PAX2,272.0
Q02962,S272G,0.1045,benign,PAX2,272.0
Q02962,S272H,0.4947,ambiguous,PAX2,272.0
Q02962,S272I,0.2343,benign,PAX2,272.0
Q02962,S272K,0.9284,pathogenic,PAX2,272.0
Q02962,S272L,0.1237,benign,PAX2,272.0
Q02962,S272M,0.2494,benign,PAX2,272.0
Q02962,S272N,0.1928,benign,PAX2,272.0
Q02962,S272P,0.1424,benign,PAX2,272.0
Q02962,S272Q,0.6341,pathogenic,PAX2,272.0
Q02962,S272R,0.8951,pathogenic,PAX2,272.0
Q02962,S272T,0.0813,benign,PAX2,272.0
Q02962,S272V,0.1723,benign,PAX2,272.0
Q02962,S272W,0.6144,pathogenic,PAX2,272.0
Q02962,S272Y,0.4068,ambiguous,PAX2,272.0
Q02962,Y273A,0.8071,pathogenic,PAX2,273.0
Q02962,Y273C,0.3746,ambiguous,PAX2,273.0
Q02962,Y273D,0.9188,pathogenic,PAX2,273.0
Q02962,Y273E,0.9685,pathogenic,PAX2,273.0
Q02962,Y273F,0.1197,benign,PAX2,273.0
Q02962,Y273G,0.7918,pathogenic,PAX2,273.0
Q02962,Y273H,0.7475,pathogenic,PAX2,273.0
Q02962,Y273I,0.7748,pathogenic,PAX2,273.0
Q02962,Y273K,0.9798,pathogenic,PAX2,273.0
Q02962,Y273L,0.6782,pathogenic,PAX2,273.0
Q02962,Y273M,0.8413,pathogenic,PAX2,273.0
Q02962,Y273N,0.7341,pathogenic,PAX2,273.0
Q02962,Y273P,0.8835,pathogenic,PAX2,273.0
Q02962,Y273Q,0.9322,pathogenic,PAX2,273.0
Q02962,Y273R,0.94,pathogenic,PAX2,273.0
Q02962,Y273S,0.557,ambiguous,PAX2,273.0
Q02962,Y273T,0.7919,pathogenic,PAX2,273.0
Q02962,Y273V,0.5998,pathogenic,PAX2,273.0
Q02962,Y273W,0.6717,pathogenic,PAX2,273.0
Q02962,P274A,0.1783,benign,PAX2,274.0
Q02962,P274C,0.7927,pathogenic,PAX2,274.0
Q02962,P274D,0.8578,pathogenic,PAX2,274.0
Q02962,P274E,0.7068,pathogenic,PAX2,274.0
Q02962,P274F,0.9345,pathogenic,PAX2,274.0
Q02962,P274G,0.486,ambiguous,PAX2,274.0
Q02962,P274H,0.4918,ambiguous,PAX2,274.0
Q02962,P274I,0.806,pathogenic,PAX2,274.0
Q02962,P274K,0.8137,pathogenic,PAX2,274.0
Q02962,P274L,0.4579,ambiguous,PAX2,274.0
Q02962,P274M,0.7499,pathogenic,PAX2,274.0
Q02962,P274N,0.6119,pathogenic,PAX2,274.0
Q02962,P274Q,0.3512,ambiguous,PAX2,274.0
Q02962,P274R,0.613,pathogenic,PAX2,274.0
Q02962,P274S,0.2171,benign,PAX2,274.0
Q02962,P274T,0.2089,benign,PAX2,274.0
Q02962,P274V,0.5871,pathogenic,PAX2,274.0
Q02962,P274W,0.9658,pathogenic,PAX2,274.0
Q02962,P274Y,0.9141,pathogenic,PAX2,274.0
Q02962,D275A,0.6211,pathogenic,PAX2,275.0
Q02962,D275C,0.9405,pathogenic,PAX2,275.0
Q02962,D275E,0.2336,benign,PAX2,275.0
Q02962,D275F,0.9619,pathogenic,PAX2,275.0
Q02962,D275G,0.6067,pathogenic,PAX2,275.0
Q02962,D275H,0.8145,pathogenic,PAX2,275.0
Q02962,D275I,0.9199,pathogenic,PAX2,275.0
Q02962,D275K,0.918,pathogenic,PAX2,275.0
Q02962,D275L,0.8743,pathogenic,PAX2,275.0
Q02962,D275M,0.9509,pathogenic,PAX2,275.0
Q02962,D275N,0.3626,ambiguous,PAX2,275.0
Q02962,D275P,0.9172,pathogenic,PAX2,275.0
Q02962,D275Q,0.8006,pathogenic,PAX2,275.0
Q02962,D275R,0.9138,pathogenic,PAX2,275.0
Q02962,D275S,0.4496,ambiguous,PAX2,275.0
Q02962,D275T,0.742,pathogenic,PAX2,275.0
Q02962,D275V,0.749,pathogenic,PAX2,275.0
Q02962,D275W,0.9934,pathogenic,PAX2,275.0
Q02962,D275Y,0.837,pathogenic,PAX2,275.0
Q02962,V276A,0.4365,ambiguous,PAX2,276.0
Q02962,V276C,0.8551,pathogenic,PAX2,276.0
Q02962,V276D,0.8281,pathogenic,PAX2,276.0
Q02962,V276E,0.8285,pathogenic,PAX2,276.0
Q02962,V276F,0.4315,ambiguous,PAX2,276.0
Q02962,V276G,0.435,ambiguous,PAX2,276.0
Q02962,V276H,0.9028,pathogenic,PAX2,276.0
Q02962,V276I,0.1002,benign,PAX2,276.0
Q02962,V276K,0.923,pathogenic,PAX2,276.0
Q02962,V276L,0.433,ambiguous,PAX2,276.0
Q02962,V276M,0.3149,benign,PAX2,276.0
Q02962,V276N,0.5811,pathogenic,PAX2,276.0
Q02962,V276P,0.7197,pathogenic,PAX2,276.0
Q02962,V276Q,0.7875,pathogenic,PAX2,276.0
Q02962,V276R,0.8736,pathogenic,PAX2,276.0
Q02962,V276S,0.472,ambiguous,PAX2,276.0
Q02962,V276T,0.4544,ambiguous,PAX2,276.0
Q02962,V276W,0.9779,pathogenic,PAX2,276.0
Q02962,V276Y,0.8671,pathogenic,PAX2,276.0
Q02962,F277A,0.9391,pathogenic,PAX2,277.0
Q02962,F277C,0.8325,pathogenic,PAX2,277.0
Q02962,F277D,0.9806,pathogenic,PAX2,277.0
Q02962,F277E,0.9751,pathogenic,PAX2,277.0
Q02962,F277G,0.953,pathogenic,PAX2,277.0
Q02962,F277H,0.9088,pathogenic,PAX2,277.0
Q02962,F277I,0.7642,pathogenic,PAX2,277.0
Q02962,F277K,0.9884,pathogenic,PAX2,277.0
Q02962,F277L,0.9705,pathogenic,PAX2,277.0
Q02962,F277M,0.8938,pathogenic,PAX2,277.0
Q02962,F277N,0.9356,pathogenic,PAX2,277.0
Q02962,F277P,0.984,pathogenic,PAX2,277.0
Q02962,F277Q,0.9468,pathogenic,PAX2,277.0
Q02962,F277R,0.9655,pathogenic,PAX2,277.0
Q02962,F277S,0.879,pathogenic,PAX2,277.0
Q02962,F277T,0.927,pathogenic,PAX2,277.0
Q02962,F277V,0.7363,pathogenic,PAX2,277.0
Q02962,F277W,0.8555,pathogenic,PAX2,277.0
Q02962,F277Y,0.3988,ambiguous,PAX2,277.0
Q02962,Q278A,0.1194,benign,PAX2,278.0
Q02962,Q278C,0.5155,ambiguous,PAX2,278.0
Q02962,Q278D,0.4061,ambiguous,PAX2,278.0
Q02962,Q278E,0.1241,benign,PAX2,278.0
Q02962,Q278F,0.7059,pathogenic,PAX2,278.0
Q02962,Q278G,0.1838,benign,PAX2,278.0
Q02962,Q278H,0.1382,benign,PAX2,278.0
Q02962,Q278I,0.403,ambiguous,PAX2,278.0
Q02962,Q278K,0.1973,benign,PAX2,278.0
Q02962,Q278L,0.134,benign,PAX2,278.0
Q02962,Q278M,0.3677,ambiguous,PAX2,278.0
Q02962,Q278N,0.1891,benign,PAX2,278.0
Q02962,Q278P,0.0556,benign,PAX2,278.0
Q02962,Q278R,0.1992,benign,PAX2,278.0
Q02962,Q278S,0.1138,benign,PAX2,278.0
Q02962,Q278T,0.1164,benign,PAX2,278.0
Q02962,Q278V,0.2364,benign,PAX2,278.0
Q02962,Q278W,0.7256,pathogenic,PAX2,278.0
Q02962,Q278Y,0.5434,ambiguous,PAX2,278.0
Q02962,A279C,0.3375,benign,PAX2,279.0
Q02962,A279D,0.3601,ambiguous,PAX2,279.0
Q02962,A279E,0.3817,ambiguous,PAX2,279.0
Q02962,A279F,0.4173,ambiguous,PAX2,279.0
Q02962,A279G,0.0995,benign,PAX2,279.0
Q02962,A279H,0.4042,ambiguous,PAX2,279.0
Q02962,A279I,0.2471,benign,PAX2,279.0
Q02962,A279K,0.5874,pathogenic,PAX2,279.0
Q02962,A279L,0.1631,benign,PAX2,279.0
Q02962,A279M,0.2002,benign,PAX2,279.0
Q02962,A279N,0.1417,benign,PAX2,279.0
Q02962,A279P,0.101,benign,PAX2,279.0
Q02962,A279Q,0.3299,benign,PAX2,279.0
Q02962,A279R,0.5687,pathogenic,PAX2,279.0
Q02962,A279S,0.0687,benign,PAX2,279.0
Q02962,A279T,0.0576,benign,PAX2,279.0
Q02962,A279V,0.1168,benign,PAX2,279.0
Q02962,A279W,0.7708,pathogenic,PAX2,279.0
Q02962,A279Y,0.5113,ambiguous,PAX2,279.0
Q02962,S280A,0.0671,benign,PAX2,280.0
Q02962,S280C,0.1377,benign,PAX2,280.0
Q02962,S280D,0.6351,pathogenic,PAX2,280.0
Q02962,S280E,0.6961,pathogenic,PAX2,280.0
Q02962,S280F,0.3764,ambiguous,PAX2,280.0
Q02962,S280G,0.0911,benign,PAX2,280.0
Q02962,S280H,0.5554,ambiguous,PAX2,280.0
Q02962,S280I,0.2934,benign,PAX2,280.0
Q02962,S280K,0.8774,pathogenic,PAX2,280.0
Q02962,S280L,0.1463,benign,PAX2,280.0
Q02962,S280M,0.255,benign,PAX2,280.0
Q02962,S280N,0.1889,benign,PAX2,280.0
Q02962,S280P,0.102,benign,PAX2,280.0
Q02962,S280Q,0.6031,pathogenic,PAX2,280.0
Q02962,S280R,0.8667,pathogenic,PAX2,280.0
Q02962,S280T,0.0711,benign,PAX2,280.0
Q02962,S280V,0.1976,benign,PAX2,280.0
Q02962,S280W,0.6041,pathogenic,PAX2,280.0
Q02962,S280Y,0.4254,ambiguous,PAX2,280.0
Q02962,E281A,0.4323,ambiguous,PAX2,281.0
Q02962,E281C,0.9428,pathogenic,PAX2,281.0
Q02962,E281D,0.109,benign,PAX2,281.0
Q02962,E281F,0.9593,pathogenic,PAX2,281.0
Q02962,E281G,0.2939,benign,PAX2,281.0
Q02962,E281H,0.7585,pathogenic,PAX2,281.0
Q02962,E281I,0.841,pathogenic,PAX2,281.0
Q02962,E281K,0.5686,pathogenic,PAX2,281.0
Q02962,E281L,0.8215,pathogenic,PAX2,281.0
Q02962,E281M,0.8746,pathogenic,PAX2,281.0
Q02962,E281N,0.4098,ambiguous,PAX2,281.0
Q02962,E281P,0.6883,pathogenic,PAX2,281.0
Q02962,E281Q,0.3427,ambiguous,PAX2,281.0
Q02962,E281R,0.6921,pathogenic,PAX2,281.0
Q02962,E281S,0.3283,benign,PAX2,281.0
Q02962,E281T,0.5128,ambiguous,PAX2,281.0
Q02962,E281V,0.6617,pathogenic,PAX2,281.0
Q02962,E281W,0.9869,pathogenic,PAX2,281.0
Q02962,E281Y,0.9163,pathogenic,PAX2,281.0
Q02962,H282A,0.2833,benign,PAX2,282.0
Q02962,H282C,0.3313,benign,PAX2,282.0
Q02962,H282D,0.3405,ambiguous,PAX2,282.0
Q02962,H282E,0.4341,ambiguous,PAX2,282.0
Q02962,H282F,0.4661,ambiguous,PAX2,282.0
Q02962,H282G,0.3204,benign,PAX2,282.0
Q02962,H282I,0.4094,ambiguous,PAX2,282.0
Q02962,H282K,0.5188,ambiguous,PAX2,282.0
Q02962,H282L,0.1744,benign,PAX2,282.0
Q02962,H282M,0.5127,ambiguous,PAX2,282.0
Q02962,H282N,0.0857,benign,PAX2,282.0
Q02962,H282P,0.1183,benign,PAX2,282.0
Q02962,H282Q,0.2191,benign,PAX2,282.0
Q02962,H282R,0.2888,benign,PAX2,282.0
Q02962,H282S,0.2383,benign,PAX2,282.0
Q02962,H282T,0.2554,benign,PAX2,282.0
Q02962,H282V,0.3075,benign,PAX2,282.0
Q02962,H282W,0.7651,pathogenic,PAX2,282.0
Q02962,H282Y,0.2129,benign,PAX2,282.0
Q02962,I283A,0.4415,ambiguous,PAX2,283.0
Q02962,I283C,0.6879,pathogenic,PAX2,283.0
Q02962,I283D,0.8665,pathogenic,PAX2,283.0
Q02962,I283E,0.7876,pathogenic,PAX2,283.0
Q02962,I283F,0.192,benign,PAX2,283.0
Q02962,I283G,0.6401,pathogenic,PAX2,283.0
Q02962,I283H,0.653,pathogenic,PAX2,283.0
Q02962,I283K,0.7513,pathogenic,PAX2,283.0
Q02962,I283L,0.1237,benign,PAX2,283.0
Q02962,I283M,0.1314,benign,PAX2,283.0
Q02962,I283N,0.4131,ambiguous,PAX2,283.0
Q02962,I283P,0.5811,pathogenic,PAX2,283.0
Q02962,I283Q,0.6025,pathogenic,PAX2,283.0
Q02962,I283R,0.654,pathogenic,PAX2,283.0
Q02962,I283S,0.398,ambiguous,PAX2,283.0
Q02962,I283T,0.4354,ambiguous,PAX2,283.0
Q02962,I283V,0.0791,benign,PAX2,283.0
Q02962,I283W,0.8203,pathogenic,PAX2,283.0
Q02962,I283Y,0.6624,pathogenic,PAX2,283.0
Q02962,K284A,0.8434,pathogenic,PAX2,284.0
Q02962,K284C,0.9288,pathogenic,PAX2,284.0
Q02962,K284D,0.9454,pathogenic,PAX2,284.0
Q02962,K284E,0.8258,pathogenic,PAX2,284.0
Q02962,K284F,0.9853,pathogenic,PAX2,284.0
Q02962,K284G,0.8825,pathogenic,PAX2,284.0
Q02962,K284H,0.6639,pathogenic,PAX2,284.0
Q02962,K284I,0.8975,pathogenic,PAX2,284.0
Q02962,K284L,0.8671,pathogenic,PAX2,284.0
Q02962,K284M,0.8692,pathogenic,PAX2,284.0
Q02962,K284N,0.9122,pathogenic,PAX2,284.0
Q02962,K284P,0.8182,pathogenic,PAX2,284.0
Q02962,K284Q,0.4305,ambiguous,PAX2,284.0
Q02962,K284R,0.1304,benign,PAX2,284.0
Q02962,K284S,0.8696,pathogenic,PAX2,284.0
Q02962,K284T,0.6902,pathogenic,PAX2,284.0
Q02962,K284V,0.8475,pathogenic,PAX2,284.0
Q02962,K284W,0.9805,pathogenic,PAX2,284.0
Q02962,K284Y,0.9665,pathogenic,PAX2,284.0
Q02962,S285A,0.0729,benign,PAX2,285.0
Q02962,S285C,0.1417,benign,PAX2,285.0
Q02962,S285D,0.661,pathogenic,PAX2,285.0
Q02962,S285E,0.7277,pathogenic,PAX2,285.0
Q02962,S285F,0.3865,ambiguous,PAX2,285.0
Q02962,S285G,0.0943,benign,PAX2,285.0
Q02962,S285H,0.5052,ambiguous,PAX2,285.0
Q02962,S285I,0.263,benign,PAX2,285.0
Q02962,S285K,0.8803,pathogenic,PAX2,285.0
Q02962,S285L,0.1373,benign,PAX2,285.0
Q02962,S285M,0.2438,benign,PAX2,285.0
Q02962,S285N,0.1613,benign,PAX2,285.0
Q02962,S285P,0.0972,benign,PAX2,285.0
Q02962,S285Q,0.5758,pathogenic,PAX2,285.0
Q02962,S285R,0.8595,pathogenic,PAX2,285.0
Q02962,S285T,0.0762,benign,PAX2,285.0
Q02962,S285V,0.2087,benign,PAX2,285.0
Q02962,S285W,0.5713,pathogenic,PAX2,285.0
Q02962,S285Y,0.374,ambiguous,PAX2,285.0
Q02962,E286A,0.471,ambiguous,PAX2,286.0
Q02962,E286C,0.9559,pathogenic,PAX2,286.0
Q02962,E286D,0.2047,benign,PAX2,286.0
Q02962,E286F,0.9616,pathogenic,PAX2,286.0
Q02962,E286G,0.3698,ambiguous,PAX2,286.0
Q02962,E286H,0.8231,pathogenic,PAX2,286.0
Q02962,E286I,0.8176,pathogenic,PAX2,286.0
Q02962,E286K,0.6354,pathogenic,PAX2,286.0
Q02962,E286L,0.8,pathogenic,PAX2,286.0
Q02962,E286M,0.8749,pathogenic,PAX2,286.0
Q02962,E286N,0.6058,pathogenic,PAX2,286.0
Q02962,E286P,0.765,pathogenic,PAX2,286.0
Q02962,E286Q,0.3735,ambiguous,PAX2,286.0
Q02962,E286R,0.7428,pathogenic,PAX2,286.0
Q02962,E286S,0.4454,ambiguous,PAX2,286.0
Q02962,E286T,0.5856,pathogenic,PAX2,286.0
Q02962,E286V,0.6207,pathogenic,PAX2,286.0
Q02962,E286W,0.9908,pathogenic,PAX2,286.0
Q02962,E286Y,0.9372,pathogenic,PAX2,286.0
Q02962,Q287A,0.2125,benign,PAX2,287.0
Q02962,Q287C,0.8654,pathogenic,PAX2,287.0
Q02962,Q287D,0.5381,ambiguous,PAX2,287.0
Q02962,Q287E,0.1402,benign,PAX2,287.0
Q02962,Q287F,0.8687,pathogenic,PAX2,287.0
Q02962,Q287G,0.3066,benign,PAX2,287.0
Q02962,Q287H,0.3545,ambiguous,PAX2,287.0
Q02962,Q287I,0.5001,ambiguous,PAX2,287.0
Q02962,Q287K,0.2547,benign,PAX2,287.0
Q02962,Q287L,0.2177,benign,PAX2,287.0
Q02962,Q287M,0.4379,ambiguous,PAX2,287.0
Q02962,Q287N,0.3072,benign,PAX2,287.0
Q02962,Q287P,0.1335,benign,PAX2,287.0
Q02962,Q287R,0.329,benign,PAX2,287.0
Q02962,Q287S,0.272,benign,PAX2,287.0
Q02962,Q287T,0.2187,benign,PAX2,287.0
Q02962,Q287V,0.3227,benign,PAX2,287.0
Q02962,Q287W,0.9025,pathogenic,PAX2,287.0
Q02962,Q287Y,0.7558,pathogenic,PAX2,287.0
Q02962,G288A,0.0917,benign,PAX2,288.0
Q02962,G288C,0.158,benign,PAX2,288.0
Q02962,G288D,0.4457,ambiguous,PAX2,288.0
Q02962,G288E,0.4207,ambiguous,PAX2,288.0
Q02962,G288F,0.66,pathogenic,PAX2,288.0
Q02962,G288H,0.5597,ambiguous,PAX2,288.0
Q02962,G288I,0.2517,benign,PAX2,288.0
Q02962,G288K,0.7831,pathogenic,PAX2,288.0
Q02962,G288L,0.3395,benign,PAX2,288.0
Q02962,G288M,0.4036,ambiguous,PAX2,288.0
Q02962,G288N,0.2635,benign,PAX2,288.0
Q02962,G288P,0.5553,ambiguous,PAX2,288.0
Q02962,G288Q,0.4935,ambiguous,PAX2,288.0
Q02962,G288R,0.6817,pathogenic,PAX2,288.0
Q02962,G288S,0.0863,benign,PAX2,288.0
Q02962,G288T,0.105,benign,PAX2,288.0
Q02962,G288V,0.1209,benign,PAX2,288.0
Q02962,G288W,0.634,pathogenic,PAX2,288.0
Q02962,G288Y,0.5671,pathogenic,PAX2,288.0
Q02962,N289A,0.132,benign,PAX2,289.0
Q02962,N289C,0.1752,benign,PAX2,289.0
Q02962,N289D,0.2476,benign,PAX2,289.0
Q02962,N289E,0.4846,ambiguous,PAX2,289.0
Q02962,N289F,0.5128,ambiguous,PAX2,289.0
Q02962,N289G,0.1472,benign,PAX2,289.0
Q02962,N289H,0.1395,benign,PAX2,289.0
Q02962,N289I,0.196,benign,PAX2,289.0
Q02962,N289K,0.5219,ambiguous,PAX2,289.0
Q02962,N289L,0.1834,benign,PAX2,289.0
Q02962,N289M,0.2484,benign,PAX2,289.0
Q02962,N289P,0.2412,benign,PAX2,289.0
Q02962,N289Q,0.3228,benign,PAX2,289.0
Q02962,N289R,0.5687,pathogenic,PAX2,289.0
Q02962,N289S,0.0626,benign,PAX2,289.0
Q02962,N289T,0.0823,benign,PAX2,289.0
Q02962,N289V,0.1729,benign,PAX2,289.0
Q02962,N289W,0.7655,pathogenic,PAX2,289.0
Q02962,N289Y,0.2541,benign,PAX2,289.0
Q02962,E290A,0.4263,ambiguous,PAX2,290.0
Q02962,E290C,0.9366,pathogenic,PAX2,290.0
Q02962,E290D,0.0984,benign,PAX2,290.0
Q02962,E290F,0.947,pathogenic,PAX2,290.0
Q02962,E290G,0.3542,ambiguous,PAX2,290.0
Q02962,E290H,0.7847,pathogenic,PAX2,290.0
Q02962,E290I,0.7651,pathogenic,PAX2,290.0
Q02962,E290K,0.6216,pathogenic,PAX2,290.0
Q02962,E290L,0.7826,pathogenic,PAX2,290.0
Q02962,E290M,0.8356,pathogenic,PAX2,290.0
Q02962,E290N,0.4567,ambiguous,PAX2,290.0
Q02962,E290P,0.8131,pathogenic,PAX2,290.0
Q02962,E290Q,0.3988,ambiguous,PAX2,290.0
Q02962,E290R,0.7216,pathogenic,PAX2,290.0
Q02962,E290S,0.3968,ambiguous,PAX2,290.0
Q02962,E290T,0.4981,ambiguous,PAX2,290.0
Q02962,E290V,0.5811,pathogenic,PAX2,290.0
Q02962,E290W,0.9852,pathogenic,PAX2,290.0
Q02962,E290Y,0.8813,pathogenic,PAX2,290.0
Q02962,Y291A,0.7337,pathogenic,PAX2,291.0
Q02962,Y291C,0.5052,ambiguous,PAX2,291.0
Q02962,Y291D,0.717,pathogenic,PAX2,291.0
Q02962,Y291E,0.8991,pathogenic,PAX2,291.0
Q02962,Y291F,0.2184,benign,PAX2,291.0
Q02962,Y291G,0.6326,pathogenic,PAX2,291.0
Q02962,Y291H,0.7798,pathogenic,PAX2,291.0
Q02962,Y291I,0.7438,pathogenic,PAX2,291.0
Q02962,Y291K,0.9569,pathogenic,PAX2,291.0
Q02962,Y291L,0.6778,pathogenic,PAX2,291.0
Q02962,Y291M,0.7837,pathogenic,PAX2,291.0
Q02962,Y291N,0.4962,ambiguous,PAX2,291.0
Q02962,Y291P,0.8866,pathogenic,PAX2,291.0
Q02962,Y291Q,0.9048,pathogenic,PAX2,291.0
Q02962,Y291R,0.926,pathogenic,PAX2,291.0
Q02962,Y291S,0.5224,ambiguous,PAX2,291.0
Q02962,Y291T,0.7006,pathogenic,PAX2,291.0
Q02962,Y291V,0.5653,pathogenic,PAX2,291.0
Q02962,Y291W,0.8139,pathogenic,PAX2,291.0
Q02962,S292A,0.071,benign,PAX2,292.0
Q02962,S292C,0.1097,benign,PAX2,292.0
Q02962,S292D,0.7985,pathogenic,PAX2,292.0
Q02962,S292E,0.8432,pathogenic,PAX2,292.0
Q02962,S292F,0.3202,benign,PAX2,292.0
Q02962,S292G,0.1215,benign,PAX2,292.0
Q02962,S292H,0.5969,pathogenic,PAX2,292.0
Q02962,S292I,0.2619,benign,PAX2,292.0
Q02962,S292K,0.9466,pathogenic,PAX2,292.0
Q02962,S292L,0.1325,benign,PAX2,292.0
Q02962,S292M,0.2477,benign,PAX2,292.0
Q02962,S292N,0.2679,benign,PAX2,292.0
Q02962,S292P,0.1853,benign,PAX2,292.0
Q02962,S292Q,0.7086,pathogenic,PAX2,292.0
Q02962,S292R,0.9232,pathogenic,PAX2,292.0
Q02962,S292T,0.0773,benign,PAX2,292.0
Q02962,S292V,0.182,benign,PAX2,292.0
Q02962,S292W,0.6281,pathogenic,PAX2,292.0
Q02962,S292Y,0.4118,ambiguous,PAX2,292.0
Q02962,L293A,0.5312,ambiguous,PAX2,293.0
Q02962,L293C,0.8058,pathogenic,PAX2,293.0
Q02962,L293D,0.9547,pathogenic,PAX2,293.0
Q02962,L293E,0.8458,pathogenic,PAX2,293.0
Q02962,L293F,0.2223,benign,PAX2,293.0
Q02962,L293G,0.7806,pathogenic,PAX2,293.0
Q02962,L293H,0.6298,pathogenic,PAX2,293.0
Q02962,L293I,0.1521,benign,PAX2,293.0
Q02962,L293K,0.8284,pathogenic,PAX2,293.0
Q02962,L293M,0.147,benign,PAX2,293.0
Q02962,L293N,0.7744,pathogenic,PAX2,293.0
Q02962,L293P,0.5644,pathogenic,PAX2,293.0
Q02962,L293Q,0.471,ambiguous,PAX2,293.0
Q02962,L293R,0.7276,pathogenic,PAX2,293.0
Q02962,L293S,0.603,pathogenic,PAX2,293.0
Q02962,L293T,0.582,pathogenic,PAX2,293.0
Q02962,L293V,0.1499,benign,PAX2,293.0
Q02962,L293W,0.5603,ambiguous,PAX2,293.0
Q02962,L293Y,0.6533,pathogenic,PAX2,293.0
Q02962,P294A,0.1244,benign,PAX2,294.0
Q02962,P294C,0.7062,pathogenic,PAX2,294.0
Q02962,P294D,0.7884,pathogenic,PAX2,294.0
Q02962,P294E,0.671,pathogenic,PAX2,294.0
Q02962,P294F,0.8254,pathogenic,PAX2,294.0
Q02962,P294G,0.3672,ambiguous,PAX2,294.0
Q02962,P294H,0.3878,ambiguous,PAX2,294.0
Q02962,P294I,0.713,pathogenic,PAX2,294.0
Q02962,P294K,0.7965,pathogenic,PAX2,294.0
Q02962,P294L,0.3018,benign,PAX2,294.0
Q02962,P294M,0.6032,pathogenic,PAX2,294.0
Q02962,P294N,0.5045,ambiguous,PAX2,294.0
Q02962,P294Q,0.3113,benign,PAX2,294.0
Q02962,P294R,0.6153,pathogenic,PAX2,294.0
Q02962,P294S,0.1592,benign,PAX2,294.0
Q02962,P294T,0.1821,benign,PAX2,294.0
Q02962,P294V,0.4705,ambiguous,PAX2,294.0
Q02962,P294W,0.9093,pathogenic,PAX2,294.0
Q02962,P294Y,0.7989,pathogenic,PAX2,294.0
Q02962,A295C,0.3875,ambiguous,PAX2,295.0
Q02962,A295D,0.5674,pathogenic,PAX2,295.0
Q02962,A295E,0.5693,pathogenic,PAX2,295.0
Q02962,A295F,0.3593,ambiguous,PAX2,295.0
Q02962,A295G,0.1071,benign,PAX2,295.0
Q02962,A295H,0.5476,ambiguous,PAX2,295.0
Q02962,A295I,0.2507,benign,PAX2,295.0
Q02962,A295K,0.8192,pathogenic,PAX2,295.0
Q02962,A295L,0.1503,benign,PAX2,295.0
Q02962,A295M,0.2065,benign,PAX2,295.0
Q02962,A295N,0.2385,benign,PAX2,295.0
Q02962,A295P,0.1615,benign,PAX2,295.0
Q02962,A295Q,0.452,ambiguous,PAX2,295.0
Q02962,A295R,0.7735,pathogenic,PAX2,295.0
Q02962,A295S,0.0754,benign,PAX2,295.0
Q02962,A295T,0.0799,benign,PAX2,295.0
Q02962,A295V,0.1137,benign,PAX2,295.0
Q02962,A295W,0.8236,pathogenic,PAX2,295.0
Q02962,A295Y,0.5641,pathogenic,PAX2,295.0
Q02962,L296A,0.5169,ambiguous,PAX2,296.0
Q02962,L296C,0.8227,pathogenic,PAX2,296.0
Q02962,L296D,0.9514,pathogenic,PAX2,296.0
Q02962,L296E,0.8482,pathogenic,PAX2,296.0
Q02962,L296F,0.2745,benign,PAX2,296.0
Q02962,L296G,0.8002,pathogenic,PAX2,296.0
Q02962,L296H,0.715,pathogenic,PAX2,296.0
Q02962,L296I,0.1314,benign,PAX2,296.0
Q02962,L296K,0.8463,pathogenic,PAX2,296.0
Q02962,L296M,0.1653,benign,PAX2,296.0
Q02962,L296N,0.8013,pathogenic,PAX2,296.0
Q02962,L296P,0.5599,ambiguous,PAX2,296.0
Q02962,L296Q,0.5653,pathogenic,PAX2,296.0
Q02962,L296R,0.7442,pathogenic,PAX2,296.0
Q02962,L296S,0.6933,pathogenic,PAX2,296.0
Q02962,L296T,0.5985,pathogenic,PAX2,296.0
Q02962,L296V,0.1289,benign,PAX2,296.0
Q02962,L296W,0.667,pathogenic,PAX2,296.0
Q02962,L296Y,0.7479,pathogenic,PAX2,296.0
Q02962,T297A,0.0863,benign,PAX2,297.0
Q02962,T297C,0.3664,ambiguous,PAX2,297.0
Q02962,T297D,0.5791,pathogenic,PAX2,297.0
Q02962,T297E,0.5977,pathogenic,PAX2,297.0
Q02962,T297F,0.3709,ambiguous,PAX2,297.0
Q02962,T297G,0.1881,benign,PAX2,297.0
Q02962,T297H,0.2578,benign,PAX2,297.0
Q02962,T297I,0.2643,benign,PAX2,297.0
Q02962,T297K,0.5362,ambiguous,PAX2,297.0
Q02962,T297L,0.122,benign,PAX2,297.0
Q02962,T297M,0.1124,benign,PAX2,297.0
Q02962,T297N,0.0855,benign,PAX2,297.0
Q02962,T297P,0.0987,benign,PAX2,297.0
Q02962,T297Q,0.2946,benign,PAX2,297.0
Q02962,T297R,0.5051,ambiguous,PAX2,297.0
Q02962,T297S,0.086,benign,PAX2,297.0
Q02962,T297V,0.1894,benign,PAX2,297.0
Q02962,T297W,0.7481,pathogenic,PAX2,297.0
Q02962,T297Y,0.4342,ambiguous,PAX2,297.0
Q02962,P298A,0.0604,benign,PAX2,298.0
Q02962,P298C,0.3604,ambiguous,PAX2,298.0
Q02962,P298D,0.4998,ambiguous,PAX2,298.0
Q02962,P298E,0.4208,ambiguous,PAX2,298.0
Q02962,P298F,0.5382,ambiguous,PAX2,298.0
Q02962,P298G,0.136,benign,PAX2,298.0
Q02962,P298H,0.1881,benign,PAX2,298.0
Q02962,P298I,0.3749,ambiguous,PAX2,298.0
Q02962,P298K,0.5625,ambiguous,PAX2,298.0
Q02962,P298L,0.1555,benign,PAX2,298.0
Q02962,P298M,0.3037,benign,PAX2,298.0
Q02962,P298N,0.2016,benign,PAX2,298.0
Q02962,P298Q,0.1665,benign,PAX2,298.0
Q02962,P298R,0.3817,ambiguous,PAX2,298.0
Q02962,P298S,0.068,benign,PAX2,298.0
Q02962,P298T,0.0742,benign,PAX2,298.0
Q02962,P298V,0.2182,benign,PAX2,298.0
Q02962,P298W,0.6899,pathogenic,PAX2,298.0
Q02962,P298Y,0.5007,ambiguous,PAX2,298.0
Q02962,G299A,0.1183,benign,PAX2,299.0
Q02962,G299C,0.1785,benign,PAX2,299.0
Q02962,G299D,0.607,pathogenic,PAX2,299.0
Q02962,G299E,0.5962,pathogenic,PAX2,299.0
Q02962,G299F,0.6638,pathogenic,PAX2,299.0
Q02962,G299H,0.582,pathogenic,PAX2,299.0
Q02962,G299I,0.3443,ambiguous,PAX2,299.0
Q02962,G299K,0.8794,pathogenic,PAX2,299.0
Q02962,G299L,0.4555,ambiguous,PAX2,299.0
Q02962,G299M,0.5018,ambiguous,PAX2,299.0
Q02962,G299N,0.3313,benign,PAX2,299.0
Q02962,G299P,0.7204,pathogenic,PAX2,299.0
Q02962,G299Q,0.5882,pathogenic,PAX2,299.0
Q02962,G299R,0.7638,pathogenic,PAX2,299.0
Q02962,G299S,0.0762,benign,PAX2,299.0
Q02962,G299T,0.1419,benign,PAX2,299.0
Q02962,G299V,0.1879,benign,PAX2,299.0
Q02962,G299W,0.6927,pathogenic,PAX2,299.0
Q02962,G299Y,0.6138,pathogenic,PAX2,299.0
Q02962,L300A,0.4152,ambiguous,PAX2,300.0
Q02962,L300C,0.7509,pathogenic,PAX2,300.0
Q02962,L300D,0.8778,pathogenic,PAX2,300.0
Q02962,L300E,0.661,pathogenic,PAX2,300.0
Q02962,L300F,0.201,benign,PAX2,300.0
Q02962,L300G,0.6296,pathogenic,PAX2,300.0
Q02962,L300H,0.5118,ambiguous,PAX2,300.0
Q02962,L300I,0.1249,benign,PAX2,300.0
Q02962,L300K,0.6474,pathogenic,PAX2,300.0
Q02962,L300M,0.1106,benign,PAX2,300.0
Q02962,L300N,0.6376,pathogenic,PAX2,300.0
Q02962,L300P,0.4644,ambiguous,PAX2,300.0
Q02962,L300Q,0.3435,ambiguous,PAX2,300.0
Q02962,L300R,0.5531,ambiguous,PAX2,300.0
Q02962,L300S,0.5183,ambiguous,PAX2,300.0
Q02962,L300T,0.401,ambiguous,PAX2,300.0
Q02962,L300V,0.138,benign,PAX2,300.0
Q02962,L300W,0.4146,ambiguous,PAX2,300.0
Q02962,L300Y,0.5996,pathogenic,PAX2,300.0
Q02962,D301A,0.4966,ambiguous,PAX2,301.0
Q02962,D301C,0.8605,pathogenic,PAX2,301.0
Q02962,D301E,0.1153,benign,PAX2,301.0
Q02962,D301F,0.9291,pathogenic,PAX2,301.0
Q02962,D301G,0.3402,ambiguous,PAX2,301.0
Q02962,D301H,0.6967,pathogenic,PAX2,301.0
Q02962,D301I,0.8661,pathogenic,PAX2,301.0
Q02962,D301K,0.8175,pathogenic,PAX2,301.0
Q02962,D301L,0.765,pathogenic,PAX2,301.0
Q02962,D301M,0.8996,pathogenic,PAX2,301.0
Q02962,D301N,0.2725,benign,PAX2,301.0
Q02962,D301P,0.8394,pathogenic,PAX2,301.0
Q02962,D301Q,0.6044,pathogenic,PAX2,301.0
Q02962,D301R,0.8147,pathogenic,PAX2,301.0
Q02962,D301S,0.3312,benign,PAX2,301.0
Q02962,D301T,0.5921,pathogenic,PAX2,301.0
Q02962,D301V,0.6763,pathogenic,PAX2,301.0
Q02962,D301W,0.9744,pathogenic,PAX2,301.0
Q02962,D301Y,0.7347,pathogenic,PAX2,301.0
Q02962,E302A,0.4487,ambiguous,PAX2,302.0
Q02962,E302C,0.9461,pathogenic,PAX2,302.0
Q02962,E302D,0.0678,benign,PAX2,302.0
Q02962,E302F,0.9547,pathogenic,PAX2,302.0
Q02962,E302G,0.3489,ambiguous,PAX2,302.0
Q02962,E302H,0.7916,pathogenic,PAX2,302.0
Q02962,E302I,0.8413,pathogenic,PAX2,302.0
Q02962,E302K,0.6109,pathogenic,PAX2,302.0
Q02962,E302L,0.8407,pathogenic,PAX2,302.0
Q02962,E302M,0.8572,pathogenic,PAX2,302.0
Q02962,E302N,0.3979,ambiguous,PAX2,302.0
Q02962,E302P,0.8488,pathogenic,PAX2,302.0
Q02962,E302Q,0.4467,ambiguous,PAX2,302.0
Q02962,E302R,0.7359,pathogenic,PAX2,302.0
Q02962,E302S,0.4105,ambiguous,PAX2,302.0
Q02962,E302T,0.5285,ambiguous,PAX2,302.0
Q02962,E302V,0.6625,pathogenic,PAX2,302.0
Q02962,E302W,0.9852,pathogenic,PAX2,302.0
Q02962,E302Y,0.8951,pathogenic,PAX2,302.0
Q02962,V303A,0.2585,benign,PAX2,303.0
Q02962,V303C,0.7948,pathogenic,PAX2,303.0
Q02962,V303D,0.5269,ambiguous,PAX2,303.0
Q02962,V303E,0.4769,ambiguous,PAX2,303.0
Q02962,V303F,0.1979,benign,PAX2,303.0
Q02962,V303G,0.1646,benign,PAX2,303.0
Q02962,V303H,0.7603,pathogenic,PAX2,303.0
Q02962,V303I,0.1074,benign,PAX2,303.0
Q02962,V303K,0.7038,pathogenic,PAX2,303.0
Q02962,V303L,0.2519,benign,PAX2,303.0
Q02962,V303M,0.1288,benign,PAX2,303.0
Q02962,V303N,0.3466,ambiguous,PAX2,303.0
Q02962,V303P,0.562,ambiguous,PAX2,303.0
Q02962,V303Q,0.4803,ambiguous,PAX2,303.0
Q02962,V303R,0.689,pathogenic,PAX2,303.0
Q02962,V303S,0.3072,benign,PAX2,303.0
Q02962,V303T,0.3007,benign,PAX2,303.0
Q02962,V303W,0.8698,pathogenic,PAX2,303.0
Q02962,V303Y,0.6498,pathogenic,PAX2,303.0
Q02962,K304A,0.8457,pathogenic,PAX2,304.0
Q02962,K304C,0.9313,pathogenic,PAX2,304.0
Q02962,K304D,0.9289,pathogenic,PAX2,304.0
Q02962,K304E,0.7753,pathogenic,PAX2,304.0
Q02962,K304F,0.9864,pathogenic,PAX2,304.0
Q02962,K304G,0.8297,pathogenic,PAX2,304.0
Q02962,K304H,0.6775,pathogenic,PAX2,304.0
Q02962,K304I,0.9282,pathogenic,PAX2,304.0
Q02962,K304L,0.8845,pathogenic,PAX2,304.0
Q02962,K304M,0.8423,pathogenic,PAX2,304.0
Q02962,K304N,0.8569,pathogenic,PAX2,304.0
Q02962,K304P,0.8241,pathogenic,PAX2,304.0
Q02962,K304Q,0.3992,ambiguous,PAX2,304.0
Q02962,K304R,0.138,benign,PAX2,304.0
Q02962,K304S,0.8424,pathogenic,PAX2,304.0
Q02962,K304T,0.6676,pathogenic,PAX2,304.0
Q02962,K304V,0.8848,pathogenic,PAX2,304.0
Q02962,K304W,0.9793,pathogenic,PAX2,304.0
Q02962,K304Y,0.9657,pathogenic,PAX2,304.0
Q02962,S305A,0.0796,benign,PAX2,305.0
Q02962,S305C,0.1159,benign,PAX2,305.0
Q02962,S305D,0.5011,ambiguous,PAX2,305.0
Q02962,S305E,0.6562,pathogenic,PAX2,305.0
Q02962,S305F,0.3166,benign,PAX2,305.0
Q02962,S305G,0.0718,benign,PAX2,305.0
Q02962,S305H,0.3809,ambiguous,PAX2,305.0
Q02962,S305I,0.2607,benign,PAX2,305.0
Q02962,S305K,0.8163,pathogenic,PAX2,305.0
Q02962,S305L,0.1527,benign,PAX2,305.0
Q02962,S305M,0.2517,benign,PAX2,305.0
Q02962,S305N,0.1071,benign,PAX2,305.0
Q02962,S305P,0.0969,benign,PAX2,305.0
Q02962,S305Q,0.5278,ambiguous,PAX2,305.0
Q02962,S305R,0.7946,pathogenic,PAX2,305.0
Q02962,S305T,0.078,benign,PAX2,305.0
Q02962,S305V,0.2086,benign,PAX2,305.0
Q02962,S305W,0.5263,ambiguous,PAX2,305.0
Q02962,S305Y,0.3059,benign,PAX2,305.0
Q02962,S306A,0.0928,benign,PAX2,306.0
Q02962,S306C,0.1041,benign,PAX2,306.0
Q02962,S306D,0.6192,pathogenic,PAX2,306.0
Q02962,S306E,0.755,pathogenic,PAX2,306.0
Q02962,S306F,0.3685,ambiguous,PAX2,306.0
Q02962,S306G,0.0671,benign,PAX2,306.0
Q02962,S306H,0.4646,ambiguous,PAX2,306.0
Q02962,S306I,0.2205,benign,PAX2,306.0
Q02962,S306K,0.8874,pathogenic,PAX2,306.0
Q02962,S306L,0.179,benign,PAX2,306.0
Q02962,S306M,0.2702,benign,PAX2,306.0
Q02962,S306N,0.1485,benign,PAX2,306.0
Q02962,S306P,0.209,benign,PAX2,306.0
Q02962,S306Q,0.6356,pathogenic,PAX2,306.0
Q02962,S306R,0.8538,pathogenic,PAX2,306.0
Q02962,S306T,0.0772,benign,PAX2,306.0
Q02962,S306V,0.1785,benign,PAX2,306.0
Q02962,S306W,0.6203,pathogenic,PAX2,306.0
Q02962,S306Y,0.4152,ambiguous,PAX2,306.0
Q02962,L307A,0.3758,ambiguous,PAX2,307.0
Q02962,L307C,0.6639,pathogenic,PAX2,307.0
Q02962,L307D,0.8792,pathogenic,PAX2,307.0
Q02962,L307E,0.7347,pathogenic,PAX2,307.0
Q02962,L307F,0.1524,benign,PAX2,307.0
Q02962,L307G,0.6468,pathogenic,PAX2,307.0
Q02962,L307H,0.409,ambiguous,PAX2,307.0
Q02962,L307I,0.0964,benign,PAX2,307.0
Q02962,L307K,0.6905,pathogenic,PAX2,307.0
Q02962,L307M,0.142,benign,PAX2,307.0
Q02962,L307N,0.5658,pathogenic,PAX2,307.0
Q02962,L307P,0.3605,ambiguous,PAX2,307.0
Q02962,L307Q,0.3367,benign,PAX2,307.0
Q02962,L307R,0.531,ambiguous,PAX2,307.0
Q02962,L307S,0.4235,ambiguous,PAX2,307.0
Q02962,L307T,0.373,ambiguous,PAX2,307.0
Q02962,L307V,0.1027,benign,PAX2,307.0
Q02962,L307W,0.4294,ambiguous,PAX2,307.0
Q02962,L307Y,0.5119,ambiguous,PAX2,307.0
Q02962,S308A,0.0666,benign,PAX2,308.0
Q02962,S308C,0.1202,benign,PAX2,308.0
Q02962,S308D,0.671,pathogenic,PAX2,308.0
Q02962,S308E,0.748,pathogenic,PAX2,308.0
Q02962,S308F,0.2621,benign,PAX2,308.0
Q02962,S308G,0.0945,benign,PAX2,308.0
Q02962,S308H,0.498,ambiguous,PAX2,308.0
Q02962,S308I,0.2458,benign,PAX2,308.0
Q02962,S308K,0.8902,pathogenic,PAX2,308.0
Q02962,S308L,0.1054,benign,PAX2,308.0
Q02962,S308M,0.2368,benign,PAX2,308.0
Q02962,S308N,0.2042,benign,PAX2,308.0
Q02962,S308P,0.105,benign,PAX2,308.0
Q02962,S308Q,0.6225,pathogenic,PAX2,308.0
Q02962,S308R,0.8695,pathogenic,PAX2,308.0
Q02962,S308T,0.0713,benign,PAX2,308.0
Q02962,S308V,0.1799,benign,PAX2,308.0
Q02962,S308W,0.5372,ambiguous,PAX2,308.0
Q02962,S308Y,0.3365,benign,PAX2,308.0
Q02962,A309C,0.252,benign,PAX2,309.0
Q02962,A309D,0.3244,benign,PAX2,309.0
Q02962,A309E,0.3627,ambiguous,PAX2,309.0
Q02962,A309F,0.2496,benign,PAX2,309.0
Q02962,A309G,0.0827,benign,PAX2,309.0
Q02962,A309H,0.3465,ambiguous,PAX2,309.0
Q02962,A309I,0.1588,benign,PAX2,309.0
Q02962,A309K,0.547,ambiguous,PAX2,309.0
Q02962,A309L,0.1144,benign,PAX2,309.0
Q02962,A309M,0.1535,benign,PAX2,309.0
Q02962,A309N,0.1389,benign,PAX2,309.0
Q02962,A309P,0.0907,benign,PAX2,309.0
Q02962,A309Q,0.3052,benign,PAX2,309.0
Q02962,A309R,0.5199,ambiguous,PAX2,309.0
Q02962,A309S,0.0676,benign,PAX2,309.0
Q02962,A309T,0.0611,benign,PAX2,309.0
Q02962,A309V,0.0897,benign,PAX2,309.0
Q02962,A309W,0.6275,pathogenic,PAX2,309.0
Q02962,A309Y,0.3702,ambiguous,PAX2,309.0
Q02962,S310A,0.0622,benign,PAX2,310.0
Q02962,S310C,0.1065,benign,PAX2,310.0
Q02962,S310D,0.4888,ambiguous,PAX2,310.0
Q02962,S310E,0.6126,pathogenic,PAX2,310.0
Q02962,S310F,0.2294,benign,PAX2,310.0
Q02962,S310G,0.0696,benign,PAX2,310.0
Q02962,S310H,0.3913,ambiguous,PAX2,310.0
Q02962,S310I,0.1885,benign,PAX2,310.0
Q02962,S310K,0.7915,pathogenic,PAX2,310.0
Q02962,S310L,0.1155,benign,PAX2,310.0
Q02962,S310M,0.1915,benign,PAX2,310.0
Q02962,S310N,0.1297,benign,PAX2,310.0
Q02962,S310P,0.0945,benign,PAX2,310.0
Q02962,S310Q,0.4971,ambiguous,PAX2,310.0
Q02962,S310R,0.776,pathogenic,PAX2,310.0
Q02962,S310T,0.0642,benign,PAX2,310.0
Q02962,S310V,0.1384,benign,PAX2,310.0
Q02962,S310W,0.475,ambiguous,PAX2,310.0
Q02962,S310Y,0.2978,benign,PAX2,310.0
Q02962,T311A,0.0518,benign,PAX2,311.0
Q02962,T311C,0.1748,benign,PAX2,311.0
Q02962,T311D,0.2869,benign,PAX2,311.0
Q02962,T311E,0.3032,benign,PAX2,311.0
Q02962,T311F,0.2175,benign,PAX2,311.0
Q02962,T311G,0.0718,benign,PAX2,311.0
Q02962,T311H,0.1847,benign,PAX2,311.0
Q02962,T311I,0.142,benign,PAX2,311.0
Q02962,T311K,0.2938,benign,PAX2,311.0
Q02962,T311L,0.0903,benign,PAX2,311.0
Q02962,T311M,0.0993,benign,PAX2,311.0
Q02962,T311N,0.0799,benign,PAX2,311.0
Q02962,T311P,0.0701,benign,PAX2,311.0
Q02962,T311Q,0.1795,benign,PAX2,311.0
Q02962,T311R,0.2725,benign,PAX2,311.0
Q02962,T311S,0.062,benign,PAX2,311.0
Q02962,T311V,0.0924,benign,PAX2,311.0
Q02962,T311W,0.4544,ambiguous,PAX2,311.0
Q02962,T311Y,0.2467,benign,PAX2,311.0
Q02962,N312A,0.0865,benign,PAX2,312.0
Q02962,N312C,0.1268,benign,PAX2,312.0
Q02962,N312D,0.1712,benign,PAX2,312.0
Q02962,N312E,0.3352,benign,PAX2,312.0
Q02962,N312F,0.3193,benign,PAX2,312.0
Q02962,N312G,0.1134,benign,PAX2,312.0
Q02962,N312H,0.094,benign,PAX2,312.0
Q02962,N312I,0.1131,benign,PAX2,312.0
Q02962,N312K,0.3452,ambiguous,PAX2,312.0
Q02962,N312L,0.1221,benign,PAX2,312.0
Q02962,N312M,0.1954,benign,PAX2,312.0
Q02962,N312P,0.1461,benign,PAX2,312.0
Q02962,N312Q,0.2162,benign,PAX2,312.0
Q02962,N312R,0.3847,ambiguous,PAX2,312.0
Q02962,N312S,0.0575,benign,PAX2,312.0
Q02962,N312T,0.0638,benign,PAX2,312.0
Q02962,N312V,0.1015,benign,PAX2,312.0
Q02962,N312W,0.6685,pathogenic,PAX2,312.0
Q02962,N312Y,0.161,benign,PAX2,312.0
Q02962,P313A,0.0488,benign,PAX2,313.0
Q02962,P313C,0.2211,benign,PAX2,313.0
Q02962,P313D,0.309,benign,PAX2,313.0
Q02962,P313E,0.2326,benign,PAX2,313.0
Q02962,P313F,0.2993,benign,PAX2,313.0
Q02962,P313G,0.1134,benign,PAX2,313.0
Q02962,P313H,0.108,benign,PAX2,313.0
Q02962,P313I,0.1701,benign,PAX2,313.0
Q02962,P313K,0.2749,benign,PAX2,313.0
Q02962,P313L,0.0859,benign,PAX2,313.0
Q02962,P313M,0.1555,benign,PAX2,313.0
Q02962,P313N,0.1223,benign,PAX2,313.0
Q02962,P313Q,0.0873,benign,PAX2,313.0
Q02962,P313R,0.2041,benign,PAX2,313.0
Q02962,P313S,0.0557,benign,PAX2,313.0
Q02962,P313T,0.0482,benign,PAX2,313.0
Q02962,P313V,0.1138,benign,PAX2,313.0
Q02962,P313W,0.4822,ambiguous,PAX2,313.0
Q02962,P313Y,0.2814,benign,PAX2,313.0
Q02962,E314A,0.1931,benign,PAX2,314.0
Q02962,E314C,0.6965,pathogenic,PAX2,314.0
Q02962,E314D,0.0483,benign,PAX2,314.0
Q02962,E314F,0.7124,pathogenic,PAX2,314.0
Q02962,E314G,0.1589,benign,PAX2,314.0
Q02962,E314H,0.4401,ambiguous,PAX2,314.0
Q02962,E314I,0.4357,ambiguous,PAX2,314.0
Q02962,E314K,0.3827,ambiguous,PAX2,314.0
Q02962,E314L,0.405,ambiguous,PAX2,314.0
Q02962,E314M,0.5468,ambiguous,PAX2,314.0
Q02962,E314N,0.1517,benign,PAX2,314.0
Q02962,E314P,0.4177,ambiguous,PAX2,314.0
Q02962,E314Q,0.212,benign,PAX2,314.0
Q02962,E314R,0.4892,ambiguous,PAX2,314.0
Q02962,E314S,0.1519,benign,PAX2,314.0
Q02962,E314T,0.2576,benign,PAX2,314.0
Q02962,E314V,0.2733,benign,PAX2,314.0
Q02962,E314W,0.9072,pathogenic,PAX2,314.0
Q02962,E314Y,0.5761,pathogenic,PAX2,314.0
Q02962,L315A,0.1914,benign,PAX2,315.0
Q02962,L315C,0.5136,ambiguous,PAX2,315.0
Q02962,L315D,0.6838,pathogenic,PAX2,315.0
Q02962,L315E,0.456,ambiguous,PAX2,315.0
Q02962,L315F,0.1199,benign,PAX2,315.0
Q02962,L315G,0.3943,ambiguous,PAX2,315.0
Q02962,L315H,0.2596,benign,PAX2,315.0
Q02962,L315I,0.0767,benign,PAX2,315.0
Q02962,L315K,0.453,ambiguous,PAX2,315.0
Q02962,L315M,0.0957,benign,PAX2,315.0
Q02962,L315N,0.3295,benign,PAX2,315.0
Q02962,L315P,0.1922,benign,PAX2,315.0
Q02962,L315Q,0.1881,benign,PAX2,315.0
Q02962,L315R,0.3481,ambiguous,PAX2,315.0
Q02962,L315S,0.2797,benign,PAX2,315.0
Q02962,L315T,0.1765,benign,PAX2,315.0
Q02962,L315V,0.0843,benign,PAX2,315.0
Q02962,L315W,0.2579,benign,PAX2,315.0
Q02962,L315Y,0.3372,benign,PAX2,315.0
Q02962,G316A,0.1017,benign,PAX2,316.0
Q02962,G316C,0.1548,benign,PAX2,316.0
Q02962,G316D,0.433,ambiguous,PAX2,316.0
Q02962,G316E,0.4446,ambiguous,PAX2,316.0
Q02962,G316F,0.5625,ambiguous,PAX2,316.0
Q02962,G316H,0.464,ambiguous,PAX2,316.0
Q02962,G316I,0.2624,benign,PAX2,316.0
Q02962,G316K,0.7553,pathogenic,PAX2,316.0
Q02962,G316L,0.3162,benign,PAX2,316.0
Q02962,G316M,0.4345,ambiguous,PAX2,316.0
Q02962,G316N,0.2566,benign,PAX2,316.0
Q02962,G316P,0.4541,ambiguous,PAX2,316.0
Q02962,G316Q,0.449,ambiguous,PAX2,316.0
Q02962,G316R,0.6006,pathogenic,PAX2,316.0
Q02962,G316S,0.0785,benign,PAX2,316.0
Q02962,G316T,0.1214,benign,PAX2,316.0
Q02962,G316V,0.1489,benign,PAX2,316.0
Q02962,G316W,0.5852,pathogenic,PAX2,316.0
Q02962,G316Y,0.5004,ambiguous,PAX2,316.0
Q02962,S317A,0.0676,benign,PAX2,317.0
Q02962,S317C,0.0827,benign,PAX2,317.0
Q02962,S317D,0.4158,ambiguous,PAX2,317.0
Q02962,S317E,0.5266,ambiguous,PAX2,317.0
Q02962,S317F,0.2058,benign,PAX2,317.0
Q02962,S317G,0.0647,benign,PAX2,317.0
Q02962,S317H,0.2919,benign,PAX2,317.0
Q02962,S317I,0.1555,benign,PAX2,317.0
Q02962,S317K,0.6637,pathogenic,PAX2,317.0
Q02962,S317L,0.1031,benign,PAX2,317.0
Q02962,S317M,0.1651,benign,PAX2,317.0
Q02962,S317N,0.0925,benign,PAX2,317.0
Q02962,S317P,0.0906,benign,PAX2,317.0
Q02962,S317Q,0.3989,ambiguous,PAX2,317.0
Q02962,S317R,0.6381,pathogenic,PAX2,317.0
Q02962,S317T,0.063,benign,PAX2,317.0
Q02962,S317V,0.1325,benign,PAX2,317.0
Q02962,S317W,0.3943,ambiguous,PAX2,317.0
Q02962,S317Y,0.2266,benign,PAX2,317.0
Q02962,N318A,0.1047,benign,PAX2,318.0
Q02962,N318C,0.1492,benign,PAX2,318.0
Q02962,N318D,0.1918,benign,PAX2,318.0
Q02962,N318E,0.4662,ambiguous,PAX2,318.0
Q02962,N318F,0.4429,ambiguous,PAX2,318.0
Q02962,N318G,0.1223,benign,PAX2,318.0
Q02962,N318H,0.1099,benign,PAX2,318.0
Q02962,N318I,0.188,benign,PAX2,318.0
Q02962,N318K,0.4676,ambiguous,PAX2,318.0
Q02962,N318L,0.1831,benign,PAX2,318.0
Q02962,N318M,0.2683,benign,PAX2,318.0
Q02962,N318P,0.2016,benign,PAX2,318.0
Q02962,N318Q,0.3176,benign,PAX2,318.0
Q02962,N318R,0.4847,ambiguous,PAX2,318.0
Q02962,N318S,0.0573,benign,PAX2,318.0
Q02962,N318T,0.0726,benign,PAX2,318.0
Q02962,N318V,0.1523,benign,PAX2,318.0
Q02962,N318W,0.7542,pathogenic,PAX2,318.0
Q02962,N318Y,0.2233,benign,PAX2,318.0
Q02962,V319A,0.2013,benign,PAX2,319.0
Q02962,V319C,0.6112,pathogenic,PAX2,319.0
Q02962,V319D,0.5342,ambiguous,PAX2,319.0
Q02962,V319E,0.5566,ambiguous,PAX2,319.0
Q02962,V319F,0.147,benign,PAX2,319.0
Q02962,V319G,0.1944,benign,PAX2,319.0
Q02962,V319H,0.6108,pathogenic,PAX2,319.0
Q02962,V319I,0.0728,benign,PAX2,319.0
Q02962,V319K,0.7031,pathogenic,PAX2,319.0
Q02962,V319L,0.1498,benign,PAX2,319.0
Q02962,V319M,0.1257,benign,PAX2,319.0
Q02962,V319N,0.2843,benign,PAX2,319.0
Q02962,V319P,0.3894,ambiguous,PAX2,319.0
Q02962,V319Q,0.4723,ambiguous,PAX2,319.0
Q02962,V319R,0.6544,pathogenic,PAX2,319.0
Q02962,V319S,0.2309,benign,PAX2,319.0
Q02962,V319T,0.2154,benign,PAX2,319.0
Q02962,V319W,0.7962,pathogenic,PAX2,319.0
Q02962,V319Y,0.5403,ambiguous,PAX2,319.0
Q02962,S320A,0.0658,benign,PAX2,320.0
Q02962,S320C,0.0988,benign,PAX2,320.0
Q02962,S320D,0.6311,pathogenic,PAX2,320.0
Q02962,S320E,0.7066,pathogenic,PAX2,320.0
Q02962,S320F,0.2324,benign,PAX2,320.0
Q02962,S320G,0.0869,benign,PAX2,320.0
Q02962,S320H,0.4498,ambiguous,PAX2,320.0
Q02962,S320I,0.2052,benign,PAX2,320.0
Q02962,S320K,0.8547,pathogenic,PAX2,320.0
Q02962,S320L,0.105,benign,PAX2,320.0
Q02962,S320M,0.2106,benign,PAX2,320.0
Q02962,S320N,0.1725,benign,PAX2,320.0
Q02962,S320P,0.0891,benign,PAX2,320.0
Q02962,S320Q,0.5622,ambiguous,PAX2,320.0
Q02962,S320R,0.8192,pathogenic,PAX2,320.0
Q02962,S320T,0.07,benign,PAX2,320.0
Q02962,S320V,0.1659,benign,PAX2,320.0
Q02962,S320W,0.4765,ambiguous,PAX2,320.0
Q02962,S320Y,0.307,benign,PAX2,320.0
Q02962,G321A,0.0918,benign,PAX2,321.0
Q02962,G321C,0.1629,benign,PAX2,321.0
Q02962,G321D,0.4173,ambiguous,PAX2,321.0
Q02962,G321E,0.3444,ambiguous,PAX2,321.0
Q02962,G321F,0.5633,ambiguous,PAX2,321.0
Q02962,G321H,0.4096,ambiguous,PAX2,321.0
Q02962,G321I,0.2338,benign,PAX2,321.0
Q02962,G321K,0.629,pathogenic,PAX2,321.0
Q02962,G321L,0.3071,benign,PAX2,321.0
Q02962,G321M,0.3505,ambiguous,PAX2,321.0
Q02962,G321N,0.2253,benign,PAX2,321.0
Q02962,G321P,0.4293,ambiguous,PAX2,321.0
Q02962,G321Q,0.3435,ambiguous,PAX2,321.0
Q02962,G321R,0.4654,ambiguous,PAX2,321.0
Q02962,G321S,0.0726,benign,PAX2,321.0
Q02962,G321T,0.095,benign,PAX2,321.0
Q02962,G321V,0.123,benign,PAX2,321.0
Q02962,G321W,0.513,ambiguous,PAX2,321.0
Q02962,G321Y,0.4818,ambiguous,PAX2,321.0
Q02962,T322A,0.0677,benign,PAX2,322.0
Q02962,T322C,0.2405,benign,PAX2,322.0
Q02962,T322D,0.3723,ambiguous,PAX2,322.0
Q02962,T322E,0.3352,benign,PAX2,322.0
Q02962,T322F,0.2331,benign,PAX2,322.0
Q02962,T322G,0.1176,benign,PAX2,322.0
Q02962,T322H,0.1437,benign,PAX2,322.0
Q02962,T322I,0.1471,benign,PAX2,322.0
Q02962,T322K,0.3157,benign,PAX2,322.0
Q02962,T322L,0.0912,benign,PAX2,322.0
Q02962,T322M,0.0961,benign,PAX2,322.0
Q02962,T322N,0.0823,benign,PAX2,322.0
Q02962,T322P,0.0523,benign,PAX2,322.0
Q02962,T322Q,0.1527,benign,PAX2,322.0
Q02962,T322R,0.275,benign,PAX2,322.0
Q02962,T322S,0.0702,benign,PAX2,322.0
Q02962,T322V,0.1208,benign,PAX2,322.0
Q02962,T322W,0.5647,pathogenic,PAX2,322.0
Q02962,T322Y,0.2744,benign,PAX2,322.0
Q02962,Q323A,0.2081,benign,PAX2,323.0
Q02962,Q323C,0.7651,pathogenic,PAX2,323.0
Q02962,Q323D,0.4615,ambiguous,PAX2,323.0
Q02962,Q323E,0.1288,benign,PAX2,323.0
Q02962,Q323F,0.8845,pathogenic,PAX2,323.0
Q02962,Q323G,0.2563,benign,PAX2,323.0
Q02962,Q323H,0.211,benign,PAX2,323.0
Q02962,Q323I,0.6276,pathogenic,PAX2,323.0
Q02962,Q323K,0.2232,benign,PAX2,323.0
Q02962,Q323L,0.296,benign,PAX2,323.0
Q02962,Q323M,0.5102,ambiguous,PAX2,323.0
Q02962,Q323N,0.226,benign,PAX2,323.0
Q02962,Q323P,0.0953,benign,PAX2,323.0
Q02962,Q323R,0.2622,benign,PAX2,323.0
Q02962,Q323S,0.1794,benign,PAX2,323.0
Q02962,Q323T,0.1984,benign,PAX2,323.0
Q02962,Q323V,0.4027,ambiguous,PAX2,323.0
Q02962,Q323W,0.8657,pathogenic,PAX2,323.0
Q02962,Q323Y,0.6969,pathogenic,PAX2,323.0
Q02962,T324A,0.0688,benign,PAX2,324.0
Q02962,T324C,0.2941,benign,PAX2,324.0
Q02962,T324D,0.4769,ambiguous,PAX2,324.0
Q02962,T324E,0.5084,ambiguous,PAX2,324.0
Q02962,T324F,0.3723,ambiguous,PAX2,324.0
Q02962,T324G,0.1135,benign,PAX2,324.0
Q02962,T324H,0.2538,benign,PAX2,324.0
Q02962,T324I,0.2724,benign,PAX2,324.0
Q02962,T324K,0.4771,ambiguous,PAX2,324.0
Q02962,T324L,0.1491,benign,PAX2,324.0
Q02962,T324M,0.1246,benign,PAX2,324.0
Q02962,T324N,0.0851,benign,PAX2,324.0
Q02962,T324P,0.0741,benign,PAX2,324.0
Q02962,T324Q,0.2739,benign,PAX2,324.0
Q02962,T324R,0.4367,ambiguous,PAX2,324.0
Q02962,T324S,0.0677,benign,PAX2,324.0
Q02962,T324V,0.1804,benign,PAX2,324.0
Q02962,T324W,0.7275,pathogenic,PAX2,324.0
Q02962,T324Y,0.3959,ambiguous,PAX2,324.0
Q02962,Y325A,0.6648,pathogenic,PAX2,325.0
Q02962,Y325C,0.2499,benign,PAX2,325.0
Q02962,Y325D,0.848,pathogenic,PAX2,325.0
Q02962,Y325E,0.933,pathogenic,PAX2,325.0
Q02962,Y325F,0.1566,benign,PAX2,325.0
Q02962,Y325G,0.6455,pathogenic,PAX2,325.0
Q02962,Y325H,0.6282,pathogenic,PAX2,325.0
Q02962,Y325I,0.7135,pathogenic,PAX2,325.0
Q02962,Y325K,0.9609,pathogenic,PAX2,325.0
Q02962,Y325L,0.6053,pathogenic,PAX2,325.0
Q02962,Y325M,0.7654,pathogenic,PAX2,325.0
Q02962,Y325N,0.5701,pathogenic,PAX2,325.0
Q02962,Y325P,0.8003,pathogenic,PAX2,325.0
Q02962,Y325Q,0.8629,pathogenic,PAX2,325.0
Q02962,Y325R,0.8899,pathogenic,PAX2,325.0
Q02962,Y325S,0.385,ambiguous,PAX2,325.0
Q02962,Y325T,0.6734,pathogenic,PAX2,325.0
Q02962,Y325V,0.5251,ambiguous,PAX2,325.0
Q02962,Y325W,0.5541,ambiguous,PAX2,325.0
Q02962,P326A,0.102,benign,PAX2,326.0
Q02962,P326C,0.6184,pathogenic,PAX2,326.0
Q02962,P326D,0.695,pathogenic,PAX2,326.0
Q02962,P326E,0.5799,pathogenic,PAX2,326.0
Q02962,P326F,0.8815,pathogenic,PAX2,326.0
Q02962,P326G,0.237,benign,PAX2,326.0
Q02962,P326H,0.3028,benign,PAX2,326.0
Q02962,P326I,0.7894,pathogenic,PAX2,326.0
Q02962,P326K,0.7551,pathogenic,PAX2,326.0
Q02962,P326L,0.4335,ambiguous,PAX2,326.0
Q02962,P326M,0.646,pathogenic,PAX2,326.0
Q02962,P326N,0.3092,benign,PAX2,326.0
Q02962,P326Q,0.2367,benign,PAX2,326.0
Q02962,P326R,0.5848,pathogenic,PAX2,326.0
Q02962,P326S,0.0834,benign,PAX2,326.0
Q02962,P326T,0.1144,benign,PAX2,326.0
Q02962,P326V,0.5593,ambiguous,PAX2,326.0
Q02962,P326W,0.9246,pathogenic,PAX2,326.0
Q02962,P326Y,0.8325,pathogenic,PAX2,326.0
Q02962,V327A,0.2021,benign,PAX2,327.0
Q02962,V327C,0.8057,pathogenic,PAX2,327.0
Q02962,V327D,0.7299,pathogenic,PAX2,327.0
Q02962,V327E,0.6493,pathogenic,PAX2,327.0
Q02962,V327F,0.225,benign,PAX2,327.0
Q02962,V327G,0.2767,benign,PAX2,327.0
Q02962,V327H,0.7844,pathogenic,PAX2,327.0
Q02962,V327I,0.0863,benign,PAX2,327.0
Q02962,V327K,0.8026,pathogenic,PAX2,327.0
Q02962,V327L,0.1604,benign,PAX2,327.0
Q02962,V327M,0.1219,benign,PAX2,327.0
Q02962,V327N,0.456,ambiguous,PAX2,327.0
Q02962,V327P,0.4837,ambiguous,PAX2,327.0
Q02962,V327Q,0.5554,ambiguous,PAX2,327.0
Q02962,V327R,0.7552,pathogenic,PAX2,327.0
Q02962,V327S,0.3021,benign,PAX2,327.0
Q02962,V327T,0.2595,benign,PAX2,327.0
Q02962,V327W,0.9055,pathogenic,PAX2,327.0
Q02962,V327Y,0.749,pathogenic,PAX2,327.0
Q02962,V328A,0.38,ambiguous,PAX2,328.0
Q02962,V328C,0.8493,pathogenic,PAX2,328.0
Q02962,V328D,0.8114,pathogenic,PAX2,328.0
Q02962,V328E,0.7675,pathogenic,PAX2,328.0
Q02962,V328F,0.2681,benign,PAX2,328.0
Q02962,V328G,0.3389,benign,PAX2,328.0
Q02962,V328H,0.8736,pathogenic,PAX2,328.0
Q02962,V328I,0.0998,benign,PAX2,328.0
Q02962,V328K,0.8948,pathogenic,PAX2,328.0
Q02962,V328L,0.268,benign,PAX2,328.0
Q02962,V328M,0.2194,benign,PAX2,328.0
Q02962,V328N,0.5621,ambiguous,PAX2,328.0
Q02962,V328P,0.6306,pathogenic,PAX2,328.0
Q02962,V328Q,0.6989,pathogenic,PAX2,328.0
Q02962,V328R,0.8642,pathogenic,PAX2,328.0
Q02962,V328S,0.4473,ambiguous,PAX2,328.0
Q02962,V328T,0.431,ambiguous,PAX2,328.0
Q02962,V328W,0.9523,pathogenic,PAX2,328.0
Q02962,V328Y,0.8184,pathogenic,PAX2,328.0
Q02962,T329A,0.0763,benign,PAX2,329.0
Q02962,T329C,0.4607,ambiguous,PAX2,329.0
Q02962,T329D,0.6836,pathogenic,PAX2,329.0
Q02962,T329E,0.6248,pathogenic,PAX2,329.0
Q02962,T329F,0.6267,pathogenic,PAX2,329.0
Q02962,T329G,0.1659,benign,PAX2,329.0
Q02962,T329H,0.4306,ambiguous,PAX2,329.0
Q02962,T329I,0.4715,ambiguous,PAX2,329.0
Q02962,T329K,0.5715,pathogenic,PAX2,329.0
Q02962,T329L,0.2088,benign,PAX2,329.0
Q02962,T329M,0.1607,benign,PAX2,329.0
Q02962,T329N,0.1805,benign,PAX2,329.0
Q02962,T329P,0.0833,benign,PAX2,329.0
Q02962,T329Q,0.3405,ambiguous,PAX2,329.0
Q02962,T329R,0.5025,ambiguous,PAX2,329.0
Q02962,T329S,0.0941,benign,PAX2,329.0
Q02962,T329V,0.2752,benign,PAX2,329.0
Q02962,T329W,0.8632,pathogenic,PAX2,329.0
Q02962,T329Y,0.683,pathogenic,PAX2,329.0
Q02962,G330A,0.4666,ambiguous,PAX2,330.0
Q02962,G330C,0.6902,pathogenic,PAX2,330.0
Q02962,G330D,0.8566,pathogenic,PAX2,330.0
Q02962,G330E,0.8429,pathogenic,PAX2,330.0
Q02962,G330F,0.9701,pathogenic,PAX2,330.0
Q02962,G330H,0.945,pathogenic,PAX2,330.0
Q02962,G330I,0.9407,pathogenic,PAX2,330.0
Q02962,G330K,0.9828,pathogenic,PAX2,330.0
Q02962,G330L,0.9203,pathogenic,PAX2,330.0
Q02962,G330M,0.9455,pathogenic,PAX2,330.0
Q02962,G330N,0.7842,pathogenic,PAX2,330.0
Q02962,G330P,0.9227,pathogenic,PAX2,330.0
Q02962,G330Q,0.8957,pathogenic,PAX2,330.0
Q02962,G330R,0.9497,pathogenic,PAX2,330.0
Q02962,G330S,0.2985,benign,PAX2,330.0
Q02962,G330T,0.6472,pathogenic,PAX2,330.0
Q02962,G330V,0.8057,pathogenic,PAX2,330.0
Q02962,G330W,0.9692,pathogenic,PAX2,330.0
Q02962,G330Y,0.9566,pathogenic,PAX2,330.0
Q02962,R331A,0.9465,pathogenic,PAX2,331.0
Q02962,R331C,0.8745,pathogenic,PAX2,331.0
Q02962,R331D,0.956,pathogenic,PAX2,331.0
Q02962,R331E,0.8769,pathogenic,PAX2,331.0
Q02962,R331F,0.9868,pathogenic,PAX2,331.0
Q02962,R331G,0.7482,pathogenic,PAX2,331.0
Q02962,R331H,0.5955,pathogenic,PAX2,331.0
Q02962,R331I,0.9757,pathogenic,PAX2,331.0
Q02962,R331K,0.3823,ambiguous,PAX2,331.0
Q02962,R331L,0.9238,pathogenic,PAX2,331.0
Q02962,R331M,0.9652,pathogenic,PAX2,331.0
Q02962,R331N,0.9556,pathogenic,PAX2,331.0
Q02962,R331P,0.9231,pathogenic,PAX2,331.0
Q02962,R331Q,0.47,ambiguous,PAX2,331.0
Q02962,R331S,0.9502,pathogenic,PAX2,331.0
Q02962,R331T,0.9336,pathogenic,PAX2,331.0
Q02962,R331V,0.9653,pathogenic,PAX2,331.0
Q02962,R331W,0.9036,pathogenic,PAX2,331.0
Q02962,R331Y,0.9672,pathogenic,PAX2,331.0
Q02962,D332A,0.8916,pathogenic,PAX2,332.0
Q02962,D332C,0.9841,pathogenic,PAX2,332.0
Q02962,D332E,0.2126,benign,PAX2,332.0
Q02962,D332F,0.987,pathogenic,PAX2,332.0
Q02962,D332G,0.7805,pathogenic,PAX2,332.0
Q02962,D332H,0.9479,pathogenic,PAX2,332.0
Q02962,D332I,0.9793,pathogenic,PAX2,332.0
Q02962,D332K,0.9723,pathogenic,PAX2,332.0
Q02962,D332L,0.964,pathogenic,PAX2,332.0
Q02962,D332M,0.9885,pathogenic,PAX2,332.0
Q02962,D332N,0.6382,pathogenic,PAX2,332.0
Q02962,D332P,0.9647,pathogenic,PAX2,332.0
Q02962,D332Q,0.9092,pathogenic,PAX2,332.0
Q02962,D332R,0.9677,pathogenic,PAX2,332.0
Q02962,D332S,0.7884,pathogenic,PAX2,332.0
Q02962,D332T,0.9156,pathogenic,PAX2,332.0
Q02962,D332V,0.9275,pathogenic,PAX2,332.0
Q02962,D332W,0.9976,pathogenic,PAX2,332.0
Q02962,D332Y,0.9445,pathogenic,PAX2,332.0
Q02962,M333A,0.6846,pathogenic,PAX2,333.0
Q02962,M333C,0.9008,pathogenic,PAX2,333.0
Q02962,M333D,0.9801,pathogenic,PAX2,333.0
Q02962,M333E,0.9485,pathogenic,PAX2,333.0
Q02962,M333F,0.5416,ambiguous,PAX2,333.0
Q02962,M333G,0.8615,pathogenic,PAX2,333.0
Q02962,M333H,0.9055,pathogenic,PAX2,333.0
Q02962,M333I,0.623,pathogenic,PAX2,333.0
Q02962,M333K,0.8626,pathogenic,PAX2,333.0
Q02962,M333L,0.1534,benign,PAX2,333.0
Q02962,M333N,0.875,pathogenic,PAX2,333.0
Q02962,M333P,0.8812,pathogenic,PAX2,333.0
Q02962,M333Q,0.7909,pathogenic,PAX2,333.0
Q02962,M333R,0.834,pathogenic,PAX2,333.0
Q02962,M333S,0.7784,pathogenic,PAX2,333.0
Q02962,M333T,0.5981,pathogenic,PAX2,333.0
Q02962,M333V,0.1331,benign,PAX2,333.0
Q02962,M333W,0.9266,pathogenic,PAX2,333.0
Q02962,M333Y,0.8765,pathogenic,PAX2,333.0
Q02962,A334C,0.532,ambiguous,PAX2,334.0
Q02962,A334D,0.7413,pathogenic,PAX2,334.0
Q02962,A334E,0.715,pathogenic,PAX2,334.0
Q02962,A334F,0.6375,pathogenic,PAX2,334.0
Q02962,A334G,0.1298,benign,PAX2,334.0
Q02962,A334H,0.7139,pathogenic,PAX2,334.0
Q02962,A334I,0.443,ambiguous,PAX2,334.0
Q02962,A334K,0.8895,pathogenic,PAX2,334.0
Q02962,A334L,0.2938,benign,PAX2,334.0
Q02962,A334M,0.354,ambiguous,PAX2,334.0
Q02962,A334N,0.3061,benign,PAX2,334.0
Q02962,A334P,0.2846,benign,PAX2,334.0
Q02962,A334Q,0.5656,pathogenic,PAX2,334.0
Q02962,A334R,0.8491,pathogenic,PAX2,334.0
Q02962,A334S,0.0738,benign,PAX2,334.0
Q02962,A334T,0.0854,benign,PAX2,334.0
Q02962,A334V,0.1774,benign,PAX2,334.0
Q02962,A334W,0.9434,pathogenic,PAX2,334.0
Q02962,A334Y,0.7813,pathogenic,PAX2,334.0
Q02962,S335A,0.1609,benign,PAX2,335.0
Q02962,S335C,0.2405,benign,PAX2,335.0
Q02962,S335D,0.8109,pathogenic,PAX2,335.0
Q02962,S335E,0.9372,pathogenic,PAX2,335.0
Q02962,S335F,0.7985,pathogenic,PAX2,335.0
Q02962,S335G,0.0988,benign,PAX2,335.0
Q02962,S335H,0.7368,pathogenic,PAX2,335.0
Q02962,S335I,0.6691,pathogenic,PAX2,335.0
Q02962,S335K,0.9816,pathogenic,PAX2,335.0
Q02962,S335L,0.4496,ambiguous,PAX2,335.0
Q02962,S335M,0.5565,ambiguous,PAX2,335.0
Q02962,S335N,0.1636,benign,PAX2,335.0
Q02962,S335P,0.427,ambiguous,PAX2,335.0
Q02962,S335Q,0.8608,pathogenic,PAX2,335.0
Q02962,S335R,0.9731,pathogenic,PAX2,335.0
Q02962,S335T,0.152,benign,PAX2,335.0
Q02962,S335V,0.5374,ambiguous,PAX2,335.0
Q02962,S335W,0.9207,pathogenic,PAX2,335.0
Q02962,S335Y,0.7848,pathogenic,PAX2,335.0
Q02962,T336A,0.2023,benign,PAX2,336.0
Q02962,T336C,0.8288,pathogenic,PAX2,336.0
Q02962,T336D,0.9286,pathogenic,PAX2,336.0
Q02962,T336E,0.9299,pathogenic,PAX2,336.0
Q02962,T336F,0.923,pathogenic,PAX2,336.0
Q02962,T336G,0.3913,ambiguous,PAX2,336.0
Q02962,T336H,0.7708,pathogenic,PAX2,336.0
Q02962,T336I,0.9259,pathogenic,PAX2,336.0
Q02962,T336K,0.9245,pathogenic,PAX2,336.0
Q02962,T336L,0.6043,pathogenic,PAX2,336.0
Q02962,T336M,0.484,ambiguous,PAX2,336.0
Q02962,T336N,0.4652,ambiguous,PAX2,336.0
Q02962,T336P,0.2395,benign,PAX2,336.0
Q02962,T336Q,0.7385,pathogenic,PAX2,336.0
Q02962,T336R,0.8867,pathogenic,PAX2,336.0
Q02962,T336S,0.176,benign,PAX2,336.0
Q02962,T336V,0.6976,pathogenic,PAX2,336.0
Q02962,T336W,0.9837,pathogenic,PAX2,336.0
Q02962,T336Y,0.9387,pathogenic,PAX2,336.0
Q02962,T337A,0.3357,benign,PAX2,337.0
Q02962,T337C,0.921,pathogenic,PAX2,337.0
Q02962,T337D,0.9737,pathogenic,PAX2,337.0
Q02962,T337E,0.9613,pathogenic,PAX2,337.0
Q02962,T337F,0.9409,pathogenic,PAX2,337.0
Q02962,T337G,0.6662,pathogenic,PAX2,337.0
Q02962,T337H,0.8994,pathogenic,PAX2,337.0
Q02962,T337I,0.9018,pathogenic,PAX2,337.0
Q02962,T337K,0.9673,pathogenic,PAX2,337.0
Q02962,T337L,0.6117,pathogenic,PAX2,337.0
Q02962,T337M,0.5121,ambiguous,PAX2,337.0
Q02962,T337N,0.7048,pathogenic,PAX2,337.0
Q02962,T337P,0.5294,ambiguous,PAX2,337.0
Q02962,T337Q,0.858,pathogenic,PAX2,337.0
Q02962,T337R,0.9483,pathogenic,PAX2,337.0
Q02962,T337S,0.3727,ambiguous,PAX2,337.0
Q02962,T337V,0.6358,pathogenic,PAX2,337.0
Q02962,T337W,0.991,pathogenic,PAX2,337.0
Q02962,T337Y,0.9665,pathogenic,PAX2,337.0
Q02962,L338A,0.9624,pathogenic,PAX2,338.0
Q02962,L338C,0.9926,pathogenic,PAX2,338.0
Q02962,L338D,0.9993,pathogenic,PAX2,338.0
Q02962,L338E,0.9961,pathogenic,PAX2,338.0
Q02962,L338F,0.9104,pathogenic,PAX2,338.0
Q02962,L338G,0.99,pathogenic,PAX2,338.0
Q02962,L338H,0.9929,pathogenic,PAX2,338.0
Q02962,L338I,0.5543,ambiguous,PAX2,338.0
Q02962,L338K,0.993,pathogenic,PAX2,338.0
Q02962,L338M,0.6325,pathogenic,PAX2,338.0
Q02962,L338N,0.9943,pathogenic,PAX2,338.0
Q02962,L338P,0.9791,pathogenic,PAX2,338.0
Q02962,L338Q,0.9845,pathogenic,PAX2,338.0
Q02962,L338R,0.9858,pathogenic,PAX2,338.0
Q02962,L338S,0.9914,pathogenic,PAX2,338.0
Q02962,L338T,0.9782,pathogenic,PAX2,338.0
Q02962,L338V,0.6138,pathogenic,PAX2,338.0
Q02962,L338W,0.989,pathogenic,PAX2,338.0
Q02962,L338Y,0.9858,pathogenic,PAX2,338.0
Q02962,P339A,0.8761,pathogenic,PAX2,339.0
Q02962,P339C,0.9961,pathogenic,PAX2,339.0
Q02962,P339D,0.9961,pathogenic,PAX2,339.0
Q02962,P339E,0.9902,pathogenic,PAX2,339.0
Q02962,P339F,0.9981,pathogenic,PAX2,339.0
Q02962,P339G,0.9597,pathogenic,PAX2,339.0
Q02962,P339H,0.9829,pathogenic,PAX2,339.0
Q02962,P339I,0.9962,pathogenic,PAX2,339.0
Q02962,P339K,0.9965,pathogenic,PAX2,339.0
Q02962,P339L,0.958,pathogenic,PAX2,339.0
Q02962,P339M,0.9943,pathogenic,PAX2,339.0
Q02962,P339N,0.9933,pathogenic,PAX2,339.0
Q02962,P339Q,0.9758,pathogenic,PAX2,339.0
Q02962,P339R,0.9798,pathogenic,PAX2,339.0
Q02962,P339S,0.9579,pathogenic,PAX2,339.0
Q02962,P339T,0.9637,pathogenic,PAX2,339.0
Q02962,P339V,0.9835,pathogenic,PAX2,339.0
Q02962,P339W,0.9991,pathogenic,PAX2,339.0
Q02962,P339Y,0.9978,pathogenic,PAX2,339.0
Q02962,G340A,0.8325,pathogenic,PAX2,340.0
Q02962,G340C,0.9588,pathogenic,PAX2,340.0
Q02962,G340D,0.9924,pathogenic,PAX2,340.0
Q02962,G340E,0.9943,pathogenic,PAX2,340.0
Q02962,G340F,0.9934,pathogenic,PAX2,340.0
Q02962,G340H,0.9966,pathogenic,PAX2,340.0
Q02962,G340I,0.9879,pathogenic,PAX2,340.0
Q02962,G340K,0.9991,pathogenic,PAX2,340.0
Q02962,G340L,0.9841,pathogenic,PAX2,340.0
Q02962,G340M,0.9932,pathogenic,PAX2,340.0
Q02962,G340N,0.9791,pathogenic,PAX2,340.0
Q02962,G340P,0.99,pathogenic,PAX2,340.0
Q02962,G340Q,0.9927,pathogenic,PAX2,340.0
Q02962,G340R,0.9956,pathogenic,PAX2,340.0
Q02962,G340S,0.753,pathogenic,PAX2,340.0
Q02962,G340T,0.9407,pathogenic,PAX2,340.0
Q02962,G340V,0.9614,pathogenic,PAX2,340.0
Q02962,G340W,0.9961,pathogenic,PAX2,340.0
Q02962,G340Y,0.9945,pathogenic,PAX2,340.0
Q02962,Y341A,0.9929,pathogenic,PAX2,341.0
Q02962,Y341C,0.9813,pathogenic,PAX2,341.0
Q02962,Y341D,0.9952,pathogenic,PAX2,341.0
Q02962,Y341E,0.9981,pathogenic,PAX2,341.0
Q02962,Y341F,0.5959,pathogenic,PAX2,341.0
Q02962,Y341G,0.9736,pathogenic,PAX2,341.0
Q02962,Y341H,0.9966,pathogenic,PAX2,341.0
Q02962,Y341I,0.9818,pathogenic,PAX2,341.0
Q02962,Y341K,0.9991,pathogenic,PAX2,341.0
Q02962,Y341L,0.9374,pathogenic,PAX2,341.0
Q02962,Y341M,0.9884,pathogenic,PAX2,341.0
Q02962,Y341N,0.9819,pathogenic,PAX2,341.0
Q02962,Y341P,0.9807,pathogenic,PAX2,341.0
Q02962,Y341Q,0.9988,pathogenic,PAX2,341.0
Q02962,Y341R,0.9976,pathogenic,PAX2,341.0
Q02962,Y341S,0.9652,pathogenic,PAX2,341.0
Q02962,Y341T,0.9942,pathogenic,PAX2,341.0
Q02962,Y341V,0.9611,pathogenic,PAX2,341.0
Q02962,Y341W,0.9748,pathogenic,PAX2,341.0
Q02962,P342A,0.9284,pathogenic,PAX2,342.0
Q02962,P342C,0.9964,pathogenic,PAX2,342.0
Q02962,P342D,0.9989,pathogenic,PAX2,342.0
Q02962,P342E,0.9958,pathogenic,PAX2,342.0
Q02962,P342F,0.9985,pathogenic,PAX2,342.0
Q02962,P342G,0.9837,pathogenic,PAX2,342.0
Q02962,P342H,0.9923,pathogenic,PAX2,342.0
Q02962,P342I,0.9942,pathogenic,PAX2,342.0
Q02962,P342K,0.9976,pathogenic,PAX2,342.0
Q02962,P342L,0.9598,pathogenic,PAX2,342.0
Q02962,P342M,0.9956,pathogenic,PAX2,342.0
Q02962,P342N,0.9975,pathogenic,PAX2,342.0
Q02962,P342Q,0.9869,pathogenic,PAX2,342.0
Q02962,P342R,0.9864,pathogenic,PAX2,342.0
Q02962,P342S,0.9794,pathogenic,PAX2,342.0
Q02962,P342T,0.9793,pathogenic,PAX2,342.0
Q02962,P342V,0.98,pathogenic,PAX2,342.0
Q02962,P342W,0.9997,pathogenic,PAX2,342.0
Q02962,P342Y,0.9984,pathogenic,PAX2,342.0
Q02962,P343A,0.8374,pathogenic,PAX2,343.0
Q02962,P343C,0.9941,pathogenic,PAX2,343.0
Q02962,P343D,0.9972,pathogenic,PAX2,343.0
Q02962,P343E,0.9912,pathogenic,PAX2,343.0
Q02962,P343F,0.9982,pathogenic,PAX2,343.0
Q02962,P343G,0.9683,pathogenic,PAX2,343.0
Q02962,P343H,0.9835,pathogenic,PAX2,343.0
Q02962,P343I,0.9942,pathogenic,PAX2,343.0
Q02962,P343K,0.9965,pathogenic,PAX2,343.0
Q02962,P343L,0.9545,pathogenic,PAX2,343.0
Q02962,P343M,0.9929,pathogenic,PAX2,343.0
Q02962,P343N,0.9927,pathogenic,PAX2,343.0
Q02962,P343Q,0.9706,pathogenic,PAX2,343.0
Q02962,P343R,0.9807,pathogenic,PAX2,343.0
Q02962,P343S,0.9414,pathogenic,PAX2,343.0
Q02962,P343T,0.9631,pathogenic,PAX2,343.0
Q02962,P343V,0.9704,pathogenic,PAX2,343.0
Q02962,P343W,0.9994,pathogenic,PAX2,343.0
Q02962,P343Y,0.9974,pathogenic,PAX2,343.0
Q02962,H344A,0.9098,pathogenic,PAX2,344.0
Q02962,H344C,0.8179,pathogenic,PAX2,344.0
Q02962,H344D,0.9833,pathogenic,PAX2,344.0
Q02962,H344E,0.9812,pathogenic,PAX2,344.0
Q02962,H344F,0.8724,pathogenic,PAX2,344.0
Q02962,H344G,0.9475,pathogenic,PAX2,344.0
Q02962,H344I,0.9631,pathogenic,PAX2,344.0
Q02962,H344K,0.9896,pathogenic,PAX2,344.0
Q02962,H344L,0.7516,pathogenic,PAX2,344.0
Q02962,H344M,0.9458,pathogenic,PAX2,344.0
Q02962,H344N,0.8009,pathogenic,PAX2,344.0
Q02962,H344P,0.6079,pathogenic,PAX2,344.0
Q02962,H344Q,0.9277,pathogenic,PAX2,344.0
Q02962,H344R,0.9549,pathogenic,PAX2,344.0
Q02962,H344S,0.8651,pathogenic,PAX2,344.0
Q02962,H344T,0.954,pathogenic,PAX2,344.0
Q02962,H344V,0.925,pathogenic,PAX2,344.0
Q02962,H344W,0.952,pathogenic,PAX2,344.0
Q02962,H344Y,0.806,pathogenic,PAX2,344.0
Q02962,V345A,0.8812,pathogenic,PAX2,345.0
Q02962,V345C,0.963,pathogenic,PAX2,345.0
Q02962,V345D,0.9912,pathogenic,PAX2,345.0
Q02962,V345E,0.9764,pathogenic,PAX2,345.0
Q02962,V345F,0.7306,pathogenic,PAX2,345.0
Q02962,V345G,0.8898,pathogenic,PAX2,345.0
Q02962,V345H,0.9889,pathogenic,PAX2,345.0
Q02962,V345I,0.1236,benign,PAX2,345.0
Q02962,V345K,0.9888,pathogenic,PAX2,345.0
Q02962,V345L,0.6405,pathogenic,PAX2,345.0
Q02962,V345M,0.6532,pathogenic,PAX2,345.0
Q02962,V345N,0.9553,pathogenic,PAX2,345.0
Q02962,V345P,0.9464,pathogenic,PAX2,345.0
Q02962,V345Q,0.9573,pathogenic,PAX2,345.0
Q02962,V345R,0.9766,pathogenic,PAX2,345.0
Q02962,V345S,0.8958,pathogenic,PAX2,345.0
Q02962,V345T,0.8754,pathogenic,PAX2,345.0
Q02962,V345W,0.9957,pathogenic,PAX2,345.0
Q02962,V345Y,0.9728,pathogenic,PAX2,345.0
Q02962,P346A,0.4464,ambiguous,PAX2,346.0
Q02962,P346C,0.968,pathogenic,PAX2,346.0
Q02962,P346D,0.9894,pathogenic,PAX2,346.0
Q02962,P346E,0.9606,pathogenic,PAX2,346.0
Q02962,P346F,0.9721,pathogenic,PAX2,346.0
Q02962,P346G,0.8268,pathogenic,PAX2,346.0
Q02962,P346H,0.9068,pathogenic,PAX2,346.0
Q02962,P346I,0.9166,pathogenic,PAX2,346.0
Q02962,P346K,0.9822,pathogenic,PAX2,346.0
Q02962,P346L,0.6414,pathogenic,PAX2,346.0
Q02962,P346M,0.9017,pathogenic,PAX2,346.0
Q02962,P346N,0.9484,pathogenic,PAX2,346.0
Q02962,P346Q,0.8184,pathogenic,PAX2,346.0
Q02962,P346R,0.9358,pathogenic,PAX2,346.0
Q02962,P346S,0.6765,pathogenic,PAX2,346.0
Q02962,P346T,0.694,pathogenic,PAX2,346.0
Q02962,P346V,0.7733,pathogenic,PAX2,346.0
Q02962,P346W,0.9963,pathogenic,PAX2,346.0
Q02962,P346Y,0.9792,pathogenic,PAX2,346.0
Q02962,P347A,0.1576,benign,PAX2,347.0
Q02962,P347C,0.8663,pathogenic,PAX2,347.0
Q02962,P347D,0.928,pathogenic,PAX2,347.0
Q02962,P347E,0.8511,pathogenic,PAX2,347.0
Q02962,P347F,0.9326,pathogenic,PAX2,347.0
Q02962,P347G,0.445,ambiguous,PAX2,347.0
Q02962,P347H,0.663,pathogenic,PAX2,347.0
Q02962,P347I,0.838,pathogenic,PAX2,347.0
Q02962,P347K,0.9361,pathogenic,PAX2,347.0
Q02962,P347L,0.5042,ambiguous,PAX2,347.0
Q02962,P347M,0.7486,pathogenic,PAX2,347.0
Q02962,P347N,0.6753,pathogenic,PAX2,347.0
Q02962,P347Q,0.5023,ambiguous,PAX2,347.0
Q02962,P347R,0.8319,pathogenic,PAX2,347.0
Q02962,P347S,0.2251,benign,PAX2,347.0
Q02962,P347T,0.2512,benign,PAX2,347.0
Q02962,P347V,0.5521,ambiguous,PAX2,347.0
Q02962,P347W,0.9847,pathogenic,PAX2,347.0
Q02962,P347Y,0.9372,pathogenic,PAX2,347.0
Q02962,T348A,0.069,benign,PAX2,348.0
Q02962,T348C,0.5745,pathogenic,PAX2,348.0
Q02962,T348D,0.8138,pathogenic,PAX2,348.0
Q02962,T348E,0.7969,pathogenic,PAX2,348.0
Q02962,T348F,0.6797,pathogenic,PAX2,348.0
Q02962,T348G,0.1415,benign,PAX2,348.0
Q02962,T348H,0.6027,pathogenic,PAX2,348.0
Q02962,T348I,0.5336,ambiguous,PAX2,348.0
Q02962,T348K,0.8118,pathogenic,PAX2,348.0
Q02962,T348L,0.2152,benign,PAX2,348.0
Q02962,T348M,0.1999,benign,PAX2,348.0
Q02962,T348N,0.2242,benign,PAX2,348.0
Q02962,T348P,0.1046,benign,PAX2,348.0
Q02962,T348Q,0.516,ambiguous,PAX2,348.0
Q02962,T348R,0.7453,pathogenic,PAX2,348.0
Q02962,T348S,0.0965,benign,PAX2,348.0
Q02962,T348V,0.2682,benign,PAX2,348.0
Q02962,T348W,0.9242,pathogenic,PAX2,348.0
Q02962,T348Y,0.793,pathogenic,PAX2,348.0
Q02962,G349A,0.2309,benign,PAX2,349.0
Q02962,G349C,0.5319,ambiguous,PAX2,349.0
Q02962,G349D,0.9158,pathogenic,PAX2,349.0
Q02962,G349E,0.8881,pathogenic,PAX2,349.0
Q02962,G349F,0.9275,pathogenic,PAX2,349.0
Q02962,G349H,0.8948,pathogenic,PAX2,349.0
Q02962,G349I,0.7087,pathogenic,PAX2,349.0
Q02962,G349K,0.9805,pathogenic,PAX2,349.0
Q02962,G349L,0.7623,pathogenic,PAX2,349.0
Q02962,G349M,0.7953,pathogenic,PAX2,349.0
Q02962,G349N,0.6241,pathogenic,PAX2,349.0
Q02962,G349P,0.8623,pathogenic,PAX2,349.0
Q02962,G349Q,0.813,pathogenic,PAX2,349.0
Q02962,G349R,0.9443,pathogenic,PAX2,349.0
Q02962,G349S,0.1351,benign,PAX2,349.0
Q02962,G349T,0.2967,benign,PAX2,349.0
Q02962,G349V,0.4398,ambiguous,PAX2,349.0
Q02962,G349W,0.945,pathogenic,PAX2,349.0
Q02962,G349Y,0.9246,pathogenic,PAX2,349.0
Q02962,Q350A,0.3151,benign,PAX2,350.0
Q02962,Q350C,0.9457,pathogenic,PAX2,350.0
Q02962,Q350D,0.8137,pathogenic,PAX2,350.0
Q02962,Q350E,0.3059,benign,PAX2,350.0
Q02962,Q350F,0.9531,pathogenic,PAX2,350.0
Q02962,Q350G,0.3723,ambiguous,PAX2,350.0
Q02962,Q350H,0.5906,pathogenic,PAX2,350.0
Q02962,Q350I,0.8092,pathogenic,PAX2,350.0
Q02962,Q350K,0.662,pathogenic,PAX2,350.0
Q02962,Q350L,0.4579,ambiguous,PAX2,350.0
Q02962,Q350M,0.6445,pathogenic,PAX2,350.0
Q02962,Q350N,0.3933,ambiguous,PAX2,350.0
Q02962,Q350P,0.1782,benign,PAX2,350.0
Q02962,Q350R,0.6718,pathogenic,PAX2,350.0
Q02962,Q350S,0.2309,benign,PAX2,350.0
Q02962,Q350T,0.3436,ambiguous,PAX2,350.0
Q02962,Q350V,0.605,pathogenic,PAX2,350.0
Q02962,Q350W,0.9819,pathogenic,PAX2,350.0
Q02962,Q350Y,0.9351,pathogenic,PAX2,350.0
Q02962,G351A,0.2685,benign,PAX2,351.0
Q02962,G351C,0.5922,pathogenic,PAX2,351.0
Q02962,G351D,0.8646,pathogenic,PAX2,351.0
Q02962,G351E,0.8572,pathogenic,PAX2,351.0
Q02962,G351F,0.9378,pathogenic,PAX2,351.0
Q02962,G351H,0.9181,pathogenic,PAX2,351.0
Q02962,G351I,0.7643,pathogenic,PAX2,351.0
Q02962,G351K,0.9818,pathogenic,PAX2,351.0
Q02962,G351L,0.8112,pathogenic,PAX2,351.0
Q02962,G351M,0.8413,pathogenic,PAX2,351.0
Q02962,G351N,0.5963,pathogenic,PAX2,351.0
Q02962,G351P,0.8692,pathogenic,PAX2,351.0
Q02962,G351Q,0.8665,pathogenic,PAX2,351.0
Q02962,G351R,0.9621,pathogenic,PAX2,351.0
Q02962,G351S,0.1812,benign,PAX2,351.0
Q02962,G351T,0.3232,benign,PAX2,351.0
Q02962,G351V,0.4715,ambiguous,PAX2,351.0
Q02962,G351W,0.9618,pathogenic,PAX2,351.0
Q02962,G351Y,0.9219,pathogenic,PAX2,351.0
Q02962,S352A,0.1486,benign,PAX2,352.0
Q02962,S352C,0.2821,benign,PAX2,352.0
Q02962,S352D,0.9187,pathogenic,PAX2,352.0
Q02962,S352E,0.9538,pathogenic,PAX2,352.0
Q02962,S352F,0.6936,pathogenic,PAX2,352.0
Q02962,S352G,0.1293,benign,PAX2,352.0
Q02962,S352H,0.8315,pathogenic,PAX2,352.0
Q02962,S352I,0.5795,pathogenic,PAX2,352.0
Q02962,S352K,0.9901,pathogenic,PAX2,352.0
Q02962,S352L,0.3776,ambiguous,PAX2,352.0
Q02962,S352M,0.508,ambiguous,PAX2,352.0
Q02962,S352N,0.3214,benign,PAX2,352.0
Q02962,S352P,0.3775,ambiguous,PAX2,352.0
Q02962,S352Q,0.8863,pathogenic,PAX2,352.0
Q02962,S352R,0.9832,pathogenic,PAX2,352.0
Q02962,S352T,0.1223,benign,PAX2,352.0
Q02962,S352V,0.4412,ambiguous,PAX2,352.0
Q02962,S352W,0.8976,pathogenic,PAX2,352.0
Q02962,S352Y,0.7746,pathogenic,PAX2,352.0
Q02962,Y353A,0.8539,pathogenic,PAX2,353.0
Q02962,Y353C,0.6517,pathogenic,PAX2,353.0
Q02962,Y353D,0.9663,pathogenic,PAX2,353.0
Q02962,Y353E,0.9849,pathogenic,PAX2,353.0
Q02962,Y353F,0.2602,benign,PAX2,353.0
Q02962,Y353G,0.7689,pathogenic,PAX2,353.0
Q02962,Y353H,0.908,pathogenic,PAX2,353.0
Q02962,Y353I,0.8657,pathogenic,PAX2,353.0
Q02962,Y353K,0.9904,pathogenic,PAX2,353.0
Q02962,Y353L,0.6716,pathogenic,PAX2,353.0
Q02962,Y353M,0.8765,pathogenic,PAX2,353.0
Q02962,Y353N,0.846,pathogenic,PAX2,353.0
Q02962,Y353P,0.884,pathogenic,PAX2,353.0
Q02962,Y353Q,0.9683,pathogenic,PAX2,353.0
Q02962,Y353R,0.971,pathogenic,PAX2,353.0
Q02962,Y353S,0.6252,pathogenic,PAX2,353.0
Q02962,Y353T,0.8451,pathogenic,PAX2,353.0
Q02962,Y353V,0.6693,pathogenic,PAX2,353.0
Q02962,Y353W,0.8344,pathogenic,PAX2,353.0
Q02962,P354A,0.1311,benign,PAX2,354.0
Q02962,P354C,0.7929,pathogenic,PAX2,354.0
Q02962,P354D,0.8736,pathogenic,PAX2,354.0
Q02962,P354E,0.7944,pathogenic,PAX2,354.0
Q02962,P354F,0.9324,pathogenic,PAX2,354.0
Q02962,P354G,0.3341,benign,PAX2,354.0
Q02962,P354H,0.4876,ambiguous,PAX2,354.0
Q02962,P354I,0.8621,pathogenic,PAX2,354.0
Q02962,P354K,0.908,pathogenic,PAX2,354.0
Q02962,P354L,0.5639,ambiguous,PAX2,354.0
Q02962,P354M,0.7819,pathogenic,PAX2,354.0
Q02962,P354N,0.47,ambiguous,PAX2,354.0
Q02962,P354Q,0.3804,ambiguous,PAX2,354.0
Q02962,P354R,0.775,pathogenic,PAX2,354.0
Q02962,P354S,0.1127,benign,PAX2,354.0
Q02962,P354T,0.1595,benign,PAX2,354.0
Q02962,P354V,0.623,pathogenic,PAX2,354.0
Q02962,P354W,0.9774,pathogenic,PAX2,354.0
Q02962,P354Y,0.9213,pathogenic,PAX2,354.0
Q02962,T355A,0.0711,benign,PAX2,355.0
Q02962,T355C,0.6719,pathogenic,PAX2,355.0
Q02962,T355D,0.8589,pathogenic,PAX2,355.0
Q02962,T355E,0.848,pathogenic,PAX2,355.0
Q02962,T355F,0.8002,pathogenic,PAX2,355.0
Q02962,T355G,0.2064,benign,PAX2,355.0
Q02962,T355H,0.6701,pathogenic,PAX2,355.0
Q02962,T355I,0.6688,pathogenic,PAX2,355.0
Q02962,T355K,0.8685,pathogenic,PAX2,355.0
Q02962,T355L,0.3378,benign,PAX2,355.0
Q02962,T355M,0.2912,benign,PAX2,355.0
Q02962,T355N,0.2788,benign,PAX2,355.0
Q02962,T355P,0.1131,benign,PAX2,355.0
Q02962,T355Q,0.5818,pathogenic,PAX2,355.0
Q02962,T355R,0.8218,pathogenic,PAX2,355.0
Q02962,T355S,0.1022,benign,PAX2,355.0
Q02962,T355V,0.3424,ambiguous,PAX2,355.0
Q02962,T355W,0.9674,pathogenic,PAX2,355.0
Q02962,T355Y,0.8665,pathogenic,PAX2,355.0
Q02962,S356A,0.146,benign,PAX2,356.0
Q02962,S356C,0.4825,ambiguous,PAX2,356.0
Q02962,S356D,0.9431,pathogenic,PAX2,356.0
Q02962,S356E,0.9592,pathogenic,PAX2,356.0
Q02962,S356F,0.8997,pathogenic,PAX2,356.0
Q02962,S356G,0.1938,benign,PAX2,356.0
Q02962,S356H,0.8857,pathogenic,PAX2,356.0
Q02962,S356I,0.906,pathogenic,PAX2,356.0
Q02962,S356K,0.9935,pathogenic,PAX2,356.0
Q02962,S356L,0.6024,pathogenic,PAX2,356.0
Q02962,S356M,0.7441,pathogenic,PAX2,356.0
Q02962,S356N,0.4958,ambiguous,PAX2,356.0
Q02962,S356P,0.2739,benign,PAX2,356.0
Q02962,S356Q,0.8973,pathogenic,PAX2,356.0
Q02962,S356R,0.9902,pathogenic,PAX2,356.0
Q02962,S356T,0.203,benign,PAX2,356.0
Q02962,S356V,0.7337,pathogenic,PAX2,356.0
Q02962,S356W,0.9552,pathogenic,PAX2,356.0
Q02962,S356Y,0.8824,pathogenic,PAX2,356.0
Q02962,T357A,0.1212,benign,PAX2,357.0
Q02962,T357C,0.7966,pathogenic,PAX2,357.0
Q02962,T357D,0.9145,pathogenic,PAX2,357.0
Q02962,T357E,0.903,pathogenic,PAX2,357.0
Q02962,T357F,0.8723,pathogenic,PAX2,357.0
Q02962,T357G,0.3428,ambiguous,PAX2,357.0
Q02962,T357H,0.7157,pathogenic,PAX2,357.0
Q02962,T357I,0.8033,pathogenic,PAX2,357.0
Q02962,T357K,0.9076,pathogenic,PAX2,357.0
Q02962,T357L,0.4501,ambiguous,PAX2,357.0
Q02962,T357M,0.3492,ambiguous,PAX2,357.0
Q02962,T357N,0.3472,ambiguous,PAX2,357.0
Q02962,T357P,0.2057,benign,PAX2,357.0
Q02962,T357Q,0.6648,pathogenic,PAX2,357.0
Q02962,T357R,0.8773,pathogenic,PAX2,357.0
Q02962,T357S,0.1316,benign,PAX2,357.0
Q02962,T357V,0.5103,ambiguous,PAX2,357.0
Q02962,T357W,0.981,pathogenic,PAX2,357.0
Q02962,T357Y,0.9189,pathogenic,PAX2,357.0
Q02962,L358A,0.8029,pathogenic,PAX2,358.0
Q02962,L358C,0.9696,pathogenic,PAX2,358.0
Q02962,L358D,0.9951,pathogenic,PAX2,358.0
Q02962,L358E,0.9772,pathogenic,PAX2,358.0
Q02962,L358F,0.6059,pathogenic,PAX2,358.0
Q02962,L358G,0.9638,pathogenic,PAX2,358.0
Q02962,L358H,0.9568,pathogenic,PAX2,358.0
Q02962,L358I,0.2111,benign,PAX2,358.0
Q02962,L358K,0.9797,pathogenic,PAX2,358.0
Q02962,L358M,0.2676,benign,PAX2,358.0
Q02962,L358N,0.9766,pathogenic,PAX2,358.0
Q02962,L358P,0.8619,pathogenic,PAX2,358.0
Q02962,L358Q,0.923,pathogenic,PAX2,358.0
Q02962,L358R,0.9499,pathogenic,PAX2,358.0
Q02962,L358S,0.9444,pathogenic,PAX2,358.0
Q02962,L358T,0.8608,pathogenic,PAX2,358.0
Q02962,L358V,0.2126,benign,PAX2,358.0
Q02962,L358W,0.9104,pathogenic,PAX2,358.0
Q02962,L358Y,0.9431,pathogenic,PAX2,358.0
Q02962,A359C,0.8491,pathogenic,PAX2,359.0
Q02962,A359D,0.9552,pathogenic,PAX2,359.0
Q02962,A359E,0.9183,pathogenic,PAX2,359.0
Q02962,A359F,0.9246,pathogenic,PAX2,359.0
Q02962,A359G,0.345,ambiguous,PAX2,359.0
Q02962,A359H,0.9256,pathogenic,PAX2,359.0
Q02962,A359I,0.888,pathogenic,PAX2,359.0
Q02962,A359K,0.9791,pathogenic,PAX2,359.0
Q02962,A359L,0.5599,ambiguous,PAX2,359.0
Q02962,A359M,0.7191,pathogenic,PAX2,359.0
Q02962,A359N,0.7482,pathogenic,PAX2,359.0
Q02962,A359P,0.6702,pathogenic,PAX2,359.0
Q02962,A359Q,0.8038,pathogenic,PAX2,359.0
Q02962,A359R,0.9442,pathogenic,PAX2,359.0
Q02962,A359S,0.1675,benign,PAX2,359.0
Q02962,A359T,0.1969,benign,PAX2,359.0
Q02962,A359V,0.5229,ambiguous,PAX2,359.0
Q02962,A359W,0.9888,pathogenic,PAX2,359.0
Q02962,A359Y,0.9632,pathogenic,PAX2,359.0
Q02962,G360A,0.6124,pathogenic,PAX2,360.0
Q02962,G360C,0.9025,pathogenic,PAX2,360.0
Q02962,G360D,0.9707,pathogenic,PAX2,360.0
Q02962,G360E,0.9756,pathogenic,PAX2,360.0
Q02962,G360F,0.9893,pathogenic,PAX2,360.0
Q02962,G360H,0.9849,pathogenic,PAX2,360.0
Q02962,G360I,0.981,pathogenic,PAX2,360.0
Q02962,G360K,0.9964,pathogenic,PAX2,360.0
Q02962,G360L,0.9716,pathogenic,PAX2,360.0
Q02962,G360M,0.9774,pathogenic,PAX2,360.0
Q02962,G360N,0.9065,pathogenic,PAX2,360.0
Q02962,G360P,0.9824,pathogenic,PAX2,360.0
Q02962,G360Q,0.968,pathogenic,PAX2,360.0
Q02962,G360R,0.9877,pathogenic,PAX2,360.0
Q02962,G360S,0.4373,ambiguous,PAX2,360.0
Q02962,G360T,0.7767,pathogenic,PAX2,360.0
Q02962,G360V,0.9161,pathogenic,PAX2,360.0
Q02962,G360W,0.9908,pathogenic,PAX2,360.0
Q02962,G360Y,0.9897,pathogenic,PAX2,360.0
Q02962,M361A,0.9499,pathogenic,PAX2,361.0
Q02962,M361C,0.9792,pathogenic,PAX2,361.0
Q02962,M361D,0.9953,pathogenic,PAX2,361.0
Q02962,M361E,0.9843,pathogenic,PAX2,361.0
Q02962,M361F,0.7485,pathogenic,PAX2,361.0
Q02962,M361G,0.9716,pathogenic,PAX2,361.0
Q02962,M361H,0.9783,pathogenic,PAX2,361.0
Q02962,M361I,0.9423,pathogenic,PAX2,361.0
Q02962,M361K,0.9769,pathogenic,PAX2,361.0
Q02962,M361L,0.4879,ambiguous,PAX2,361.0
Q02962,M361N,0.962,pathogenic,PAX2,361.0
Q02962,M361P,0.9856,pathogenic,PAX2,361.0
Q02962,M361Q,0.9306,pathogenic,PAX2,361.0
Q02962,M361R,0.9689,pathogenic,PAX2,361.0
Q02962,M361S,0.9451,pathogenic,PAX2,361.0
Q02962,M361T,0.9547,pathogenic,PAX2,361.0
Q02962,M361V,0.4866,ambiguous,PAX2,361.0
Q02962,M361W,0.9788,pathogenic,PAX2,361.0
Q02962,M361Y,0.9526,pathogenic,PAX2,361.0
Q02962,V362A,0.8836,pathogenic,PAX2,362.0
Q02962,V362C,0.9813,pathogenic,PAX2,362.0
Q02962,V362D,0.9779,pathogenic,PAX2,362.0
Q02962,V362E,0.9459,pathogenic,PAX2,362.0
Q02962,V362F,0.8183,pathogenic,PAX2,362.0
Q02962,V362G,0.7378,pathogenic,PAX2,362.0
Q02962,V362H,0.9889,pathogenic,PAX2,362.0
Q02962,V362I,0.3159,benign,PAX2,362.0
Q02962,V362K,0.9821,pathogenic,PAX2,362.0
Q02962,V362L,0.7746,pathogenic,PAX2,362.0
Q02962,V362M,0.8308,pathogenic,PAX2,362.0
Q02962,V362N,0.9374,pathogenic,PAX2,362.0
Q02962,V362P,0.9102,pathogenic,PAX2,362.0
Q02962,V362Q,0.9382,pathogenic,PAX2,362.0
Q02962,V362R,0.9581,pathogenic,PAX2,362.0
Q02962,V362S,0.8757,pathogenic,PAX2,362.0
Q02962,V362T,0.8918,pathogenic,PAX2,362.0
Q02962,V362W,0.9966,pathogenic,PAX2,362.0
Q02962,V362Y,0.9773,pathogenic,PAX2,362.0
Q02962,P363A,0.2279,benign,PAX2,363.0
Q02962,P363C,0.9331,pathogenic,PAX2,363.0
Q02962,P363D,0.953,pathogenic,PAX2,363.0
Q02962,P363E,0.8908,pathogenic,PAX2,363.0
Q02962,P363F,0.9761,pathogenic,PAX2,363.0
Q02962,P363G,0.5689,pathogenic,PAX2,363.0
Q02962,P363H,0.7954,pathogenic,PAX2,363.0
Q02962,P363I,0.954,pathogenic,PAX2,363.0
Q02962,P363K,0.9585,pathogenic,PAX2,363.0
Q02962,P363L,0.7173,pathogenic,PAX2,363.0
Q02962,P363M,0.9082,pathogenic,PAX2,363.0
Q02962,P363N,0.8284,pathogenic,PAX2,363.0
Q02962,P363Q,0.6597,pathogenic,PAX2,363.0
Q02962,P363R,0.8666,pathogenic,PAX2,363.0
Q02962,P363S,0.341,ambiguous,PAX2,363.0
Q02962,P363T,0.3691,ambiguous,PAX2,363.0
Q02962,P363V,0.8092,pathogenic,PAX2,363.0
Q02962,P363W,0.9911,pathogenic,PAX2,363.0
Q02962,P363Y,0.9735,pathogenic,PAX2,363.0
Q02962,G364A,0.4513,ambiguous,PAX2,364.0
Q02962,G364C,0.7714,pathogenic,PAX2,364.0
Q02962,G364D,0.9074,pathogenic,PAX2,364.0
Q02962,G364E,0.8998,pathogenic,PAX2,364.0
Q02962,G364F,0.9606,pathogenic,PAX2,364.0
Q02962,G364H,0.9642,pathogenic,PAX2,364.0
Q02962,G364I,0.9129,pathogenic,PAX2,364.0
Q02962,G364K,0.9897,pathogenic,PAX2,364.0
Q02962,G364L,0.8988,pathogenic,PAX2,364.0
Q02962,G364M,0.94,pathogenic,PAX2,364.0
Q02962,G364N,0.8385,pathogenic,PAX2,364.0
Q02962,G364P,0.9008,pathogenic,PAX2,364.0
Q02962,G364Q,0.9305,pathogenic,PAX2,364.0
Q02962,G364R,0.9669,pathogenic,PAX2,364.0
Q02962,G364S,0.3406,ambiguous,PAX2,364.0
Q02962,G364T,0.5917,pathogenic,PAX2,364.0
Q02962,G364V,0.7171,pathogenic,PAX2,364.0
Q02962,G364W,0.9719,pathogenic,PAX2,364.0
Q02962,G364Y,0.9621,pathogenic,PAX2,364.0
Q02962,S365A,0.1386,benign,PAX2,365.0
Q02962,S365C,0.2526,benign,PAX2,365.0
Q02962,S365D,0.8396,pathogenic,PAX2,365.0
Q02962,S365E,0.8826,pathogenic,PAX2,365.0
Q02962,S365F,0.7656,pathogenic,PAX2,365.0
Q02962,S365G,0.076,benign,PAX2,365.0
Q02962,S365H,0.7774,pathogenic,PAX2,365.0
Q02962,S365I,0.6198,pathogenic,PAX2,365.0
Q02962,S365K,0.9737,pathogenic,PAX2,365.0
Q02962,S365L,0.4088,ambiguous,PAX2,365.0
Q02962,S365M,0.5221,ambiguous,PAX2,365.0
Q02962,S365N,0.2651,benign,PAX2,365.0
Q02962,S365P,0.3662,ambiguous,PAX2,365.0
Q02962,S365Q,0.807,pathogenic,PAX2,365.0
Q02962,S365R,0.9599,pathogenic,PAX2,365.0
Q02962,S365T,0.1343,benign,PAX2,365.0
Q02962,S365V,0.4906,ambiguous,PAX2,365.0
Q02962,S365W,0.8677,pathogenic,PAX2,365.0
Q02962,S365Y,0.7723,pathogenic,PAX2,365.0
Q02962,E366A,0.7419,pathogenic,PAX2,366.0
Q02962,E366C,0.9783,pathogenic,PAX2,366.0
Q02962,E366D,0.0684,benign,PAX2,366.0
Q02962,E366F,0.9879,pathogenic,PAX2,366.0
Q02962,E366G,0.648,pathogenic,PAX2,366.0
Q02962,E366H,0.9294,pathogenic,PAX2,366.0
Q02962,E366I,0.958,pathogenic,PAX2,366.0
Q02962,E366K,0.9253,pathogenic,PAX2,366.0
Q02962,E366L,0.9529,pathogenic,PAX2,366.0
Q02962,E366M,0.9716,pathogenic,PAX2,366.0
Q02962,E366N,0.6013,pathogenic,PAX2,366.0
Q02962,E366P,0.8909,pathogenic,PAX2,366.0
Q02962,E366Q,0.7027,pathogenic,PAX2,366.0
Q02962,E366R,0.9089,pathogenic,PAX2,366.0
Q02962,E366S,0.5833,pathogenic,PAX2,366.0
Q02962,E366T,0.825,pathogenic,PAX2,366.0
Q02962,E366V,0.8832,pathogenic,PAX2,366.0
Q02962,E366W,0.9961,pathogenic,PAX2,366.0
Q02962,E366Y,0.9639,pathogenic,PAX2,366.0
Q02962,F367A,0.9341,pathogenic,PAX2,367.0
Q02962,F367C,0.8937,pathogenic,PAX2,367.0
Q02962,F367D,0.9671,pathogenic,PAX2,367.0
Q02962,F367E,0.9696,pathogenic,PAX2,367.0
Q02962,F367G,0.9333,pathogenic,PAX2,367.0
Q02962,F367H,0.9492,pathogenic,PAX2,367.0
Q02962,F367I,0.7244,pathogenic,PAX2,367.0
Q02962,F367K,0.9932,pathogenic,PAX2,367.0
Q02962,F367L,0.9812,pathogenic,PAX2,367.0
Q02962,F367M,0.8748,pathogenic,PAX2,367.0
Q02962,F367N,0.9162,pathogenic,PAX2,367.0
Q02962,F367P,0.9911,pathogenic,PAX2,367.0
Q02962,F367Q,0.9718,pathogenic,PAX2,367.0
Q02962,F367R,0.9823,pathogenic,PAX2,367.0
Q02962,F367S,0.9133,pathogenic,PAX2,367.0
Q02962,F367T,0.9401,pathogenic,PAX2,367.0
Q02962,F367V,0.6857,pathogenic,PAX2,367.0
Q02962,F367W,0.8399,pathogenic,PAX2,367.0
Q02962,F367Y,0.2332,benign,PAX2,367.0
Q02962,S368A,0.1249,benign,PAX2,368.0
Q02962,S368C,0.2777,benign,PAX2,368.0
Q02962,S368D,0.9309,pathogenic,PAX2,368.0
Q02962,S368E,0.9402,pathogenic,PAX2,368.0
Q02962,S368F,0.6715,pathogenic,PAX2,368.0
Q02962,S368G,0.1619,benign,PAX2,368.0
Q02962,S368H,0.8235,pathogenic,PAX2,368.0
Q02962,S368I,0.6718,pathogenic,PAX2,368.0
Q02962,S368K,0.9886,pathogenic,PAX2,368.0
Q02962,S368L,0.3169,benign,PAX2,368.0
Q02962,S368M,0.5533,ambiguous,PAX2,368.0
Q02962,S368N,0.5458,ambiguous,PAX2,368.0
Q02962,S368P,0.2776,benign,PAX2,368.0
Q02962,S368Q,0.8698,pathogenic,PAX2,368.0
Q02962,S368R,0.977,pathogenic,PAX2,368.0
Q02962,S368T,0.1237,benign,PAX2,368.0
Q02962,S368V,0.5084,ambiguous,PAX2,368.0
Q02962,S368W,0.8307,pathogenic,PAX2,368.0
Q02962,S368Y,0.7316,pathogenic,PAX2,368.0
Q02962,G369A,0.2211,benign,PAX2,369.0
Q02962,G369C,0.48,ambiguous,PAX2,369.0
Q02962,G369D,0.8789,pathogenic,PAX2,369.0
Q02962,G369E,0.8704,pathogenic,PAX2,369.0
Q02962,G369F,0.9178,pathogenic,PAX2,369.0
Q02962,G369H,0.8748,pathogenic,PAX2,369.0
Q02962,G369I,0.7495,pathogenic,PAX2,369.0
Q02962,G369K,0.9793,pathogenic,PAX2,369.0
Q02962,G369L,0.7764,pathogenic,PAX2,369.0
Q02962,G369M,0.8313,pathogenic,PAX2,369.0
Q02962,G369N,0.5726,pathogenic,PAX2,369.0
Q02962,G369P,0.8032,pathogenic,PAX2,369.0
Q02962,G369Q,0.8134,pathogenic,PAX2,369.0
Q02962,G369R,0.9324,pathogenic,PAX2,369.0
Q02962,G369S,0.1198,benign,PAX2,369.0
Q02962,G369T,0.2925,benign,PAX2,369.0
Q02962,G369V,0.4828,ambiguous,PAX2,369.0
Q02962,G369W,0.9184,pathogenic,PAX2,369.0
Q02962,G369Y,0.9059,pathogenic,PAX2,369.0
Q02962,N370A,0.2213,benign,PAX2,370.0
Q02962,N370C,0.3072,benign,PAX2,370.0
Q02962,N370D,0.4563,ambiguous,PAX2,370.0
Q02962,N370E,0.7159,pathogenic,PAX2,370.0
Q02962,N370F,0.6742,pathogenic,PAX2,370.0
Q02962,N370G,0.214,benign,PAX2,370.0
Q02962,N370H,0.2101,benign,PAX2,370.0
Q02962,N370I,0.3193,benign,PAX2,370.0
Q02962,N370K,0.7976,pathogenic,PAX2,370.0
Q02962,N370L,0.3044,benign,PAX2,370.0
Q02962,N370M,0.4072,ambiguous,PAX2,370.0
Q02962,N370P,0.3372,benign,PAX2,370.0
Q02962,N370Q,0.4575,ambiguous,PAX2,370.0
Q02962,N370R,0.8323,pathogenic,PAX2,370.0
Q02962,N370S,0.0734,benign,PAX2,370.0
Q02962,N370T,0.1306,benign,PAX2,370.0
Q02962,N370V,0.2791,benign,PAX2,370.0
Q02962,N370W,0.9254,pathogenic,PAX2,370.0
Q02962,N370Y,0.3975,ambiguous,PAX2,370.0
Q02962,P371A,0.1049,benign,PAX2,371.0
Q02962,P371C,0.6998,pathogenic,PAX2,371.0
Q02962,P371D,0.7992,pathogenic,PAX2,371.0
Q02962,P371E,0.7207,pathogenic,PAX2,371.0
Q02962,P371F,0.8407,pathogenic,PAX2,371.0
Q02962,P371G,0.2975,benign,PAX2,371.0
Q02962,P371H,0.3925,ambiguous,PAX2,371.0
Q02962,P371I,0.6532,pathogenic,PAX2,371.0
Q02962,P371K,0.8798,pathogenic,PAX2,371.0
Q02962,P371L,0.3696,ambiguous,PAX2,371.0
Q02962,P371M,0.6314,pathogenic,PAX2,371.0
Q02962,P371N,0.392,ambiguous,PAX2,371.0
Q02962,P371Q,0.317,benign,PAX2,371.0
Q02962,P371R,0.6691,pathogenic,PAX2,371.0
Q02962,P371S,0.1216,benign,PAX2,371.0
Q02962,P371T,0.1264,benign,PAX2,371.0
Q02962,P371V,0.3912,ambiguous,PAX2,371.0
Q02962,P371W,0.9488,pathogenic,PAX2,371.0
Q02962,P371Y,0.7896,pathogenic,PAX2,371.0
Q02962,Y372A,0.691,pathogenic,PAX2,372.0
Q02962,Y372C,0.395,ambiguous,PAX2,372.0
Q02962,Y372D,0.897,pathogenic,PAX2,372.0
Q02962,Y372E,0.9598,pathogenic,PAX2,372.0
Q02962,Y372F,0.2448,benign,PAX2,372.0
Q02962,Y372G,0.584,pathogenic,PAX2,372.0
Q02962,Y372H,0.8001,pathogenic,PAX2,372.0
Q02962,Y372I,0.8682,pathogenic,PAX2,372.0
Q02962,Y372K,0.9862,pathogenic,PAX2,372.0
Q02962,Y372L,0.6684,pathogenic,PAX2,372.0
Q02962,Y372M,0.8878,pathogenic,PAX2,372.0
Q02962,Y372N,0.675,pathogenic,PAX2,372.0
Q02962,Y372P,0.7383,pathogenic,PAX2,372.0
Q02962,Y372Q,0.924,pathogenic,PAX2,372.0
Q02962,Y372R,0.9385,pathogenic,PAX2,372.0
Q02962,Y372S,0.3699,ambiguous,PAX2,372.0
Q02962,Y372T,0.7437,pathogenic,PAX2,372.0
Q02962,Y372V,0.608,pathogenic,PAX2,372.0
Q02962,Y372W,0.7687,pathogenic,PAX2,372.0
Q02962,S373A,0.0966,benign,PAX2,373.0
Q02962,S373C,0.1625,benign,PAX2,373.0
Q02962,S373D,0.8856,pathogenic,PAX2,373.0
Q02962,S373E,0.9179,pathogenic,PAX2,373.0
Q02962,S373F,0.5496,ambiguous,PAX2,373.0
Q02962,S373G,0.0942,benign,PAX2,373.0
Q02962,S373H,0.6909,pathogenic,PAX2,373.0
Q02962,S373I,0.3952,ambiguous,PAX2,373.0
Q02962,S373K,0.9761,pathogenic,PAX2,373.0
Q02962,S373L,0.2273,benign,PAX2,373.0
Q02962,S373M,0.3585,ambiguous,PAX2,373.0
Q02962,S373N,0.2573,benign,PAX2,373.0
Q02962,S373P,0.2008,benign,PAX2,373.0
Q02962,S373Q,0.7747,pathogenic,PAX2,373.0
Q02962,S373R,0.9605,pathogenic,PAX2,373.0
Q02962,S373T,0.071,benign,PAX2,373.0
Q02962,S373V,0.2771,benign,PAX2,373.0
Q02962,S373W,0.8102,pathogenic,PAX2,373.0
Q02962,S373Y,0.6641,pathogenic,PAX2,373.0
Q02962,H374A,0.7115,pathogenic,PAX2,374.0
Q02962,H374C,0.6582,pathogenic,PAX2,374.0
Q02962,H374D,0.909,pathogenic,PAX2,374.0
Q02962,H374E,0.9127,pathogenic,PAX2,374.0
Q02962,H374F,0.7766,pathogenic,PAX2,374.0
Q02962,H374G,0.7522,pathogenic,PAX2,374.0
Q02962,H374I,0.8677,pathogenic,PAX2,374.0
Q02962,H374K,0.9485,pathogenic,PAX2,374.0
Q02962,H374L,0.4575,ambiguous,PAX2,374.0
Q02962,H374M,0.871,pathogenic,PAX2,374.0
Q02962,H374N,0.3956,ambiguous,PAX2,374.0
Q02962,H374P,0.2901,benign,PAX2,374.0
Q02962,H374Q,0.6503,pathogenic,PAX2,374.0
Q02962,H374R,0.8358,pathogenic,PAX2,374.0
Q02962,H374S,0.5133,ambiguous,PAX2,374.0
Q02962,H374T,0.7396,pathogenic,PAX2,374.0
Q02962,H374V,0.798,pathogenic,PAX2,374.0
Q02962,H374W,0.9372,pathogenic,PAX2,374.0
Q02962,H374Y,0.5248,ambiguous,PAX2,374.0
Q02962,P375A,0.1169,benign,PAX2,375.0
Q02962,P375C,0.767,pathogenic,PAX2,375.0
Q02962,P375D,0.8632,pathogenic,PAX2,375.0
Q02962,P375E,0.7224,pathogenic,PAX2,375.0
Q02962,P375F,0.9006,pathogenic,PAX2,375.0
Q02962,P375G,0.3023,benign,PAX2,375.0
Q02962,P375H,0.4265,ambiguous,PAX2,375.0
Q02962,P375I,0.7704,pathogenic,PAX2,375.0
Q02962,P375K,0.8851,pathogenic,PAX2,375.0
Q02962,P375L,0.4465,ambiguous,PAX2,375.0
Q02962,P375M,0.6984,pathogenic,PAX2,375.0
Q02962,P375N,0.441,ambiguous,PAX2,375.0
Q02962,P375Q,0.2928,benign,PAX2,375.0
Q02962,P375R,0.7233,pathogenic,PAX2,375.0
Q02962,P375S,0.1164,benign,PAX2,375.0
Q02962,P375T,0.1455,benign,PAX2,375.0
Q02962,P375V,0.5069,ambiguous,PAX2,375.0
Q02962,P375W,0.9605,pathogenic,PAX2,375.0
Q02962,P375Y,0.8656,pathogenic,PAX2,375.0
Q02962,Q376A,0.1663,benign,PAX2,376.0
Q02962,Q376C,0.8217,pathogenic,PAX2,376.0
Q02962,Q376D,0.6708,pathogenic,PAX2,376.0
Q02962,Q376E,0.2146,benign,PAX2,376.0
Q02962,Q376F,0.907,pathogenic,PAX2,376.0
Q02962,Q376G,0.2429,benign,PAX2,376.0
Q02962,Q376H,0.3044,benign,PAX2,376.0
Q02962,Q376I,0.6747,pathogenic,PAX2,376.0
Q02962,Q376K,0.5071,ambiguous,PAX2,376.0
Q02962,Q376L,0.3001,benign,PAX2,376.0
Q02962,Q376M,0.5712,pathogenic,PAX2,376.0
Q02962,Q376N,0.237,benign,PAX2,376.0
Q02962,Q376P,0.0778,benign,PAX2,376.0
Q02962,Q376R,0.4704,ambiguous,PAX2,376.0
Q02962,Q376S,0.1222,benign,PAX2,376.0
Q02962,Q376T,0.2094,benign,PAX2,376.0
Q02962,Q376V,0.421,ambiguous,PAX2,376.0
Q02962,Q376W,0.9445,pathogenic,PAX2,376.0
Q02962,Q376Y,0.8114,pathogenic,PAX2,376.0
Q02962,Y377A,0.8634,pathogenic,PAX2,377.0
Q02962,Y377C,0.7065,pathogenic,PAX2,377.0
Q02962,Y377D,0.8936,pathogenic,PAX2,377.0
Q02962,Y377E,0.9594,pathogenic,PAX2,377.0
Q02962,Y377F,0.3182,benign,PAX2,377.0
Q02962,Y377G,0.6778,pathogenic,PAX2,377.0
Q02962,Y377H,0.8899,pathogenic,PAX2,377.0
Q02962,Y377I,0.9269,pathogenic,PAX2,377.0
Q02962,Y377K,0.9867,pathogenic,PAX2,377.0
Q02962,Y377L,0.8093,pathogenic,PAX2,377.0
Q02962,Y377M,0.9104,pathogenic,PAX2,377.0
Q02962,Y377N,0.6649,pathogenic,PAX2,377.0
Q02962,Y377P,0.8697,pathogenic,PAX2,377.0
Q02962,Y377Q,0.9555,pathogenic,PAX2,377.0
Q02962,Y377R,0.9664,pathogenic,PAX2,377.0
Q02962,Y377S,0.6879,pathogenic,PAX2,377.0
Q02962,Y377T,0.8794,pathogenic,PAX2,377.0
Q02962,Y377V,0.7524,pathogenic,PAX2,377.0
Q02962,Y377W,0.9,pathogenic,PAX2,377.0
Q02962,T378A,0.0806,benign,PAX2,378.0
Q02962,T378C,0.5198,ambiguous,PAX2,378.0
Q02962,T378D,0.7791,pathogenic,PAX2,378.0
Q02962,T378E,0.7816,pathogenic,PAX2,378.0
Q02962,T378F,0.7252,pathogenic,PAX2,378.0
Q02962,T378G,0.1641,benign,PAX2,378.0
Q02962,T378H,0.4569,ambiguous,PAX2,378.0
Q02962,T378I,0.6152,pathogenic,PAX2,378.0
Q02962,T378K,0.7829,pathogenic,PAX2,378.0
Q02962,T378L,0.2709,benign,PAX2,378.0
Q02962,T378M,0.2373,benign,PAX2,378.0
Q02962,T378N,0.1884,benign,PAX2,378.0
Q02962,T378P,0.0911,benign,PAX2,378.0
Q02962,T378Q,0.4458,ambiguous,PAX2,378.0
Q02962,T378R,0.7115,pathogenic,PAX2,378.0
Q02962,T378S,0.0838,benign,PAX2,378.0
Q02962,T378V,0.3538,ambiguous,PAX2,378.0
Q02962,T378W,0.9192,pathogenic,PAX2,378.0
Q02962,T378Y,0.7677,pathogenic,PAX2,378.0
Q02962,A379C,0.4751,ambiguous,PAX2,379.0
Q02962,A379D,0.6995,pathogenic,PAX2,379.0
Q02962,A379E,0.7307,pathogenic,PAX2,379.0
Q02962,A379F,0.6942,pathogenic,PAX2,379.0
Q02962,A379G,0.1177,benign,PAX2,379.0
Q02962,A379H,0.6565,pathogenic,PAX2,379.0
Q02962,A379I,0.4394,ambiguous,PAX2,379.0
Q02962,A379K,0.8956,pathogenic,PAX2,379.0
Q02962,A379L,0.2652,benign,PAX2,379.0
Q02962,A379M,0.2965,benign,PAX2,379.0
Q02962,A379N,0.2311,benign,PAX2,379.0
Q02962,A379P,0.1726,benign,PAX2,379.0
Q02962,A379Q,0.5471,ambiguous,PAX2,379.0
Q02962,A379R,0.8599,pathogenic,PAX2,379.0
Q02962,A379S,0.0676,benign,PAX2,379.0
Q02962,A379T,0.0621,benign,PAX2,379.0
Q02962,A379V,0.1868,benign,PAX2,379.0
Q02962,A379W,0.9314,pathogenic,PAX2,379.0
Q02962,A379Y,0.7982,pathogenic,PAX2,379.0
Q02962,Y380A,0.7976,pathogenic,PAX2,380.0
Q02962,Y380C,0.4417,ambiguous,PAX2,380.0
Q02962,Y380D,0.9103,pathogenic,PAX2,380.0
Q02962,Y380E,0.969,pathogenic,PAX2,380.0
Q02962,Y380F,0.3162,benign,PAX2,380.0
Q02962,Y380G,0.6146,pathogenic,PAX2,380.0
Q02962,Y380H,0.875,pathogenic,PAX2,380.0
Q02962,Y380I,0.944,pathogenic,PAX2,380.0
Q02962,Y380K,0.9885,pathogenic,PAX2,380.0
Q02962,Y380L,0.7831,pathogenic,PAX2,380.0
Q02962,Y380M,0.9273,pathogenic,PAX2,380.0
Q02962,Y380N,0.7263,pathogenic,PAX2,380.0
Q02962,Y380P,0.8356,pathogenic,PAX2,380.0
Q02962,Y380Q,0.9475,pathogenic,PAX2,380.0
Q02962,Y380R,0.9489,pathogenic,PAX2,380.0
Q02962,Y380S,0.4807,ambiguous,PAX2,380.0
Q02962,Y380T,0.8319,pathogenic,PAX2,380.0
Q02962,Y380V,0.7685,pathogenic,PAX2,380.0
Q02962,Y380W,0.7228,pathogenic,PAX2,380.0
Q02962,N381A,0.4737,ambiguous,PAX2,381.0
Q02962,N381C,0.6347,pathogenic,PAX2,381.0
Q02962,N381D,0.5057,ambiguous,PAX2,381.0
Q02962,N381E,0.8708,pathogenic,PAX2,381.0
Q02962,N381F,0.977,pathogenic,PAX2,381.0
Q02962,N381G,0.2325,benign,PAX2,381.0
Q02962,N381H,0.2939,benign,PAX2,381.0
Q02962,N381I,0.9178,pathogenic,PAX2,381.0
Q02962,N381K,0.9198,pathogenic,PAX2,381.0
Q02962,N381L,0.8137,pathogenic,PAX2,381.0
Q02962,N381M,0.8856,pathogenic,PAX2,381.0
Q02962,N381P,0.5191,ambiguous,PAX2,381.0
Q02962,N381Q,0.6687,pathogenic,PAX2,381.0
Q02962,N381R,0.9009,pathogenic,PAX2,381.0
Q02962,N381S,0.0813,benign,PAX2,381.0
Q02962,N381T,0.3098,benign,PAX2,381.0
Q02962,N381V,0.834,pathogenic,PAX2,381.0
Q02962,N381W,0.9866,pathogenic,PAX2,381.0
Q02962,N381Y,0.8006,pathogenic,PAX2,381.0
Q02962,E382A,0.8972,pathogenic,PAX2,382.0
Q02962,E382C,0.9963,pathogenic,PAX2,382.0
Q02962,E382D,0.1377,benign,PAX2,382.0
Q02962,E382F,0.9982,pathogenic,PAX2,382.0
Q02962,E382G,0.8045,pathogenic,PAX2,382.0
Q02962,E382H,0.9782,pathogenic,PAX2,382.0
Q02962,E382I,0.9937,pathogenic,PAX2,382.0
Q02962,E382K,0.9641,pathogenic,PAX2,382.0
Q02962,E382L,0.9897,pathogenic,PAX2,382.0
Q02962,E382M,0.9941,pathogenic,PAX2,382.0
Q02962,E382N,0.8429,pathogenic,PAX2,382.0
Q02962,E382P,0.9578,pathogenic,PAX2,382.0
Q02962,E382Q,0.8436,pathogenic,PAX2,382.0
Q02962,E382R,0.9626,pathogenic,PAX2,382.0
Q02962,E382S,0.8298,pathogenic,PAX2,382.0
Q02962,E382T,0.9343,pathogenic,PAX2,382.0
Q02962,E382V,0.9728,pathogenic,PAX2,382.0
Q02962,E382W,0.9992,pathogenic,PAX2,382.0
Q02962,E382Y,0.9938,pathogenic,PAX2,382.0
Q02962,A383C,0.8338,pathogenic,PAX2,383.0
Q02962,A383D,0.8795,pathogenic,PAX2,383.0
Q02962,A383E,0.8691,pathogenic,PAX2,383.0
Q02962,A383F,0.8694,pathogenic,PAX2,383.0
Q02962,A383G,0.2502,benign,PAX2,383.0
Q02962,A383H,0.8738,pathogenic,PAX2,383.0
Q02962,A383I,0.8215,pathogenic,PAX2,383.0
Q02962,A383K,0.9772,pathogenic,PAX2,383.0
Q02962,A383L,0.629,pathogenic,PAX2,383.0
Q02962,A383M,0.6613,pathogenic,PAX2,383.0
Q02962,A383N,0.3955,ambiguous,PAX2,383.0
Q02962,A383P,0.507,ambiguous,PAX2,383.0
Q02962,A383Q,0.729,pathogenic,PAX2,383.0
Q02962,A383R,0.9587,pathogenic,PAX2,383.0
Q02962,A383S,0.1007,benign,PAX2,383.0
Q02962,A383T,0.2056,benign,PAX2,383.0
Q02962,A383V,0.4713,ambiguous,PAX2,383.0
Q02962,A383W,0.9875,pathogenic,PAX2,383.0
Q02962,A383Y,0.9209,pathogenic,PAX2,383.0
Q02962,W384A,0.9694,pathogenic,PAX2,384.0
Q02962,W384C,0.9877,pathogenic,PAX2,384.0
Q02962,W384D,0.9974,pathogenic,PAX2,384.0
Q02962,W384E,0.9969,pathogenic,PAX2,384.0
Q02962,W384F,0.6584,pathogenic,PAX2,384.0
Q02962,W384G,0.8959,pathogenic,PAX2,384.0
Q02962,W384H,0.9924,pathogenic,PAX2,384.0
Q02962,W384I,0.9854,pathogenic,PAX2,384.0
Q02962,W384K,0.9994,pathogenic,PAX2,384.0
Q02962,W384L,0.945,pathogenic,PAX2,384.0
Q02962,W384M,0.9841,pathogenic,PAX2,384.0
Q02962,W384N,0.9947,pathogenic,PAX2,384.0
Q02962,W384P,0.9841,pathogenic,PAX2,384.0
Q02962,W384Q,0.9968,pathogenic,PAX2,384.0
Q02962,W384R,0.9976,pathogenic,PAX2,384.0
Q02962,W384S,0.9441,pathogenic,PAX2,384.0
Q02962,W384T,0.9821,pathogenic,PAX2,384.0
Q02962,W384V,0.9637,pathogenic,PAX2,384.0
Q02962,W384Y,0.8867,pathogenic,PAX2,384.0
Q02962,R385A,0.9579,pathogenic,PAX2,385.0
Q02962,R385C,0.9003,pathogenic,PAX2,385.0
Q02962,R385D,0.9729,pathogenic,PAX2,385.0
Q02962,R385E,0.9316,pathogenic,PAX2,385.0
Q02962,R385F,0.9876,pathogenic,PAX2,385.0
Q02962,R385G,0.856,pathogenic,PAX2,385.0
Q02962,R385H,0.6081,pathogenic,PAX2,385.0
Q02962,R385I,0.9701,pathogenic,PAX2,385.0
Q02962,R385K,0.4975,ambiguous,PAX2,385.0
Q02962,R385L,0.9056,pathogenic,PAX2,385.0
Q02962,R385M,0.9757,pathogenic,PAX2,385.0
Q02962,R385N,0.9561,pathogenic,PAX2,385.0
Q02962,R385P,0.9409,pathogenic,PAX2,385.0
Q02962,R385Q,0.548,ambiguous,PAX2,385.0
Q02962,R385S,0.9555,pathogenic,PAX2,385.0
Q02962,R385T,0.9535,pathogenic,PAX2,385.0
Q02962,R385V,0.959,pathogenic,PAX2,385.0
Q02962,R385W,0.9483,pathogenic,PAX2,385.0
Q02962,R385Y,0.9623,pathogenic,PAX2,385.0
Q02962,F386A,0.9848,pathogenic,PAX2,386.0
Q02962,F386C,0.9679,pathogenic,PAX2,386.0
Q02962,F386D,0.9966,pathogenic,PAX2,386.0
Q02962,F386E,0.9968,pathogenic,PAX2,386.0
Q02962,F386G,0.9855,pathogenic,PAX2,386.0
Q02962,F386H,0.9817,pathogenic,PAX2,386.0
Q02962,F386I,0.8998,pathogenic,PAX2,386.0
Q02962,F386K,0.998,pathogenic,PAX2,386.0
Q02962,F386L,0.9921,pathogenic,PAX2,386.0
Q02962,F386M,0.964,pathogenic,PAX2,386.0
Q02962,F386N,0.9858,pathogenic,PAX2,386.0
Q02962,F386P,0.9961,pathogenic,PAX2,386.0
Q02962,F386Q,0.9914,pathogenic,PAX2,386.0
Q02962,F386R,0.993,pathogenic,PAX2,386.0
Q02962,F386S,0.9814,pathogenic,PAX2,386.0
Q02962,F386T,0.9887,pathogenic,PAX2,386.0
Q02962,F386V,0.8875,pathogenic,PAX2,386.0
Q02962,F386W,0.9359,pathogenic,PAX2,386.0
Q02962,F386Y,0.6015,pathogenic,PAX2,386.0
Q02962,S387A,0.1374,benign,PAX2,387.0
Q02962,S387C,0.308,benign,PAX2,387.0
Q02962,S387D,0.9523,pathogenic,PAX2,387.0
Q02962,S387E,0.9609,pathogenic,PAX2,387.0
Q02962,S387F,0.8601,pathogenic,PAX2,387.0
Q02962,S387G,0.1642,benign,PAX2,387.0
Q02962,S387H,0.8364,pathogenic,PAX2,387.0
Q02962,S387I,0.8264,pathogenic,PAX2,387.0
Q02962,S387K,0.9887,pathogenic,PAX2,387.0
Q02962,S387L,0.5385,ambiguous,PAX2,387.0
Q02962,S387M,0.7522,pathogenic,PAX2,387.0
Q02962,S387N,0.4936,ambiguous,PAX2,387.0
Q02962,S387P,0.1878,benign,PAX2,387.0
Q02962,S387Q,0.8338,pathogenic,PAX2,387.0
Q02962,S387R,0.9762,pathogenic,PAX2,387.0
Q02962,S387T,0.1529,benign,PAX2,387.0
Q02962,S387V,0.6728,pathogenic,PAX2,387.0
Q02962,S387W,0.9198,pathogenic,PAX2,387.0
Q02962,S387Y,0.854,pathogenic,PAX2,387.0
Q02962,N388A,0.5844,pathogenic,PAX2,388.0
Q02962,N388C,0.7688,pathogenic,PAX2,388.0
Q02962,N388D,0.7783,pathogenic,PAX2,388.0
Q02962,N388E,0.9566,pathogenic,PAX2,388.0
Q02962,N388F,0.9759,pathogenic,PAX2,388.0
Q02962,N388G,0.4749,ambiguous,PAX2,388.0
Q02962,N388H,0.4469,ambiguous,PAX2,388.0
Q02962,N388I,0.8982,pathogenic,PAX2,388.0
Q02962,N388K,0.9647,pathogenic,PAX2,388.0
Q02962,N388L,0.7994,pathogenic,PAX2,388.0
Q02962,N388M,0.9127,pathogenic,PAX2,388.0
Q02962,N388P,0.5433,ambiguous,PAX2,388.0
Q02962,N388Q,0.796,pathogenic,PAX2,388.0
Q02962,N388R,0.9578,pathogenic,PAX2,388.0
Q02962,N388S,0.1156,benign,PAX2,388.0
Q02962,N388T,0.43,ambiguous,PAX2,388.0
Q02962,N388V,0.8081,pathogenic,PAX2,388.0
Q02962,N388W,0.993,pathogenic,PAX2,388.0
Q02962,N388Y,0.8493,pathogenic,PAX2,388.0
Q02962,P389A,0.2505,benign,PAX2,389.0
Q02962,P389C,0.9357,pathogenic,PAX2,389.0
Q02962,P389D,0.9365,pathogenic,PAX2,389.0
Q02962,P389E,0.895,pathogenic,PAX2,389.0
Q02962,P389F,0.986,pathogenic,PAX2,389.0
Q02962,P389G,0.5085,ambiguous,PAX2,389.0
Q02962,P389H,0.7321,pathogenic,PAX2,389.0
Q02962,P389I,0.9672,pathogenic,PAX2,389.0
Q02962,P389K,0.9673,pathogenic,PAX2,389.0
Q02962,P389L,0.8334,pathogenic,PAX2,389.0
Q02962,P389M,0.9405,pathogenic,PAX2,389.0
Q02962,P389N,0.7072,pathogenic,PAX2,389.0
Q02962,P389Q,0.6178,pathogenic,PAX2,389.0
Q02962,P389R,0.8972,pathogenic,PAX2,389.0
Q02962,P389S,0.2529,benign,PAX2,389.0
Q02962,P389T,0.3417,ambiguous,PAX2,389.0
Q02962,P389V,0.8597,pathogenic,PAX2,389.0
Q02962,P389W,0.9938,pathogenic,PAX2,389.0
Q02962,P389Y,0.9744,pathogenic,PAX2,389.0
Q02962,A390C,0.7523,pathogenic,PAX2,390.0
Q02962,A390D,0.8823,pathogenic,PAX2,390.0
Q02962,A390E,0.8666,pathogenic,PAX2,390.0
Q02962,A390F,0.8272,pathogenic,PAX2,390.0
Q02962,A390G,0.131,benign,PAX2,390.0
Q02962,A390H,0.819,pathogenic,PAX2,390.0
Q02962,A390I,0.744,pathogenic,PAX2,390.0
Q02962,A390K,0.9689,pathogenic,PAX2,390.0
Q02962,A390L,0.4789,ambiguous,PAX2,390.0
Q02962,A390M,0.6122,pathogenic,PAX2,390.0
Q02962,A390N,0.4424,ambiguous,PAX2,390.0
Q02962,A390P,0.3488,ambiguous,PAX2,390.0
Q02962,A390Q,0.6424,pathogenic,PAX2,390.0
Q02962,A390R,0.9373,pathogenic,PAX2,390.0
Q02962,A390S,0.081,benign,PAX2,390.0
Q02962,A390T,0.1651,benign,PAX2,390.0
Q02962,A390V,0.368,ambiguous,PAX2,390.0
Q02962,A390W,0.9831,pathogenic,PAX2,390.0
Q02962,A390Y,0.916,pathogenic,PAX2,390.0
Q02962,L391A,0.7129,pathogenic,PAX2,391.0
Q02962,L391C,0.9171,pathogenic,PAX2,391.0
Q02962,L391D,0.9921,pathogenic,PAX2,391.0
Q02962,L391E,0.967,pathogenic,PAX2,391.0
Q02962,L391F,0.4238,ambiguous,PAX2,391.0
Q02962,L391G,0.923,pathogenic,PAX2,391.0
Q02962,L391H,0.9169,pathogenic,PAX2,391.0
Q02962,L391I,0.1354,benign,PAX2,391.0
Q02962,L391K,0.9753,pathogenic,PAX2,391.0
Q02962,L391M,0.2705,benign,PAX2,391.0
Q02962,L391N,0.9335,pathogenic,PAX2,391.0
Q02962,L391P,0.8047,pathogenic,PAX2,391.0
Q02962,L391Q,0.8557,pathogenic,PAX2,391.0
Q02962,L391R,0.9354,pathogenic,PAX2,391.0
Q02962,L391S,0.9007,pathogenic,PAX2,391.0
Q02962,L391T,0.8095,pathogenic,PAX2,391.0
Q02962,L391V,0.1578,benign,PAX2,391.0
Q02962,L391W,0.8644,pathogenic,PAX2,391.0
Q02962,L391Y,0.8873,pathogenic,PAX2,391.0
Q02962,L392A,0.8147,pathogenic,PAX2,392.0
Q02962,L392C,0.9412,pathogenic,PAX2,392.0
Q02962,L392D,0.9918,pathogenic,PAX2,392.0
Q02962,L392E,0.9696,pathogenic,PAX2,392.0
Q02962,L392F,0.6826,pathogenic,PAX2,392.0
Q02962,L392G,0.9,pathogenic,PAX2,392.0
Q02962,L392H,0.9469,pathogenic,PAX2,392.0
Q02962,L392I,0.4433,ambiguous,PAX2,392.0
Q02962,L392K,0.9706,pathogenic,PAX2,392.0
Q02962,L392M,0.5341,ambiguous,PAX2,392.0
Q02962,L392N,0.9579,pathogenic,PAX2,392.0
Q02962,L392P,0.8393,pathogenic,PAX2,392.0
Q02962,L392Q,0.8875,pathogenic,PAX2,392.0
Q02962,L392R,0.9222,pathogenic,PAX2,392.0
Q02962,L392S,0.9359,pathogenic,PAX2,392.0
Q02962,L392T,0.8697,pathogenic,PAX2,392.0
Q02962,L392V,0.4465,ambiguous,PAX2,392.0
Q02962,L392W,0.9286,pathogenic,PAX2,392.0
Q02962,L392Y,0.9334,pathogenic,PAX2,392.0
Q02962,S393A,0.3141,benign,PAX2,393.0
Q02962,S393C,0.5414,ambiguous,PAX2,393.0
Q02962,S393D,0.9333,pathogenic,PAX2,393.0
Q02962,S393E,0.9406,pathogenic,PAX2,393.0
Q02962,S393F,0.9322,pathogenic,PAX2,393.0
Q02962,S393G,0.1018,benign,PAX2,393.0
Q02962,S393H,0.8935,pathogenic,PAX2,393.0
Q02962,S393I,0.9459,pathogenic,PAX2,393.0
Q02962,S393K,0.9898,pathogenic,PAX2,393.0
Q02962,S393L,0.8131,pathogenic,PAX2,393.0
Q02962,S393M,0.8415,pathogenic,PAX2,393.0
Q02962,S393N,0.6865,pathogenic,PAX2,393.0
Q02962,S393P,0.6092,pathogenic,PAX2,393.0
Q02962,S393Q,0.8529,pathogenic,PAX2,393.0
Q02962,S393R,0.9834,pathogenic,PAX2,393.0
Q02962,S393T,0.4263,ambiguous,PAX2,393.0
Q02962,S393V,0.8606,pathogenic,PAX2,393.0
Q02962,S393W,0.9633,pathogenic,PAX2,393.0
Q02962,S393Y,0.9143,pathogenic,PAX2,393.0
Q02962,S394A,0.4928,ambiguous,PAX2,394.0
Q02962,S394C,0.8002,pathogenic,PAX2,394.0
Q02962,S394D,0.9778,pathogenic,PAX2,394.0
Q02962,S394E,0.9679,pathogenic,PAX2,394.0
Q02962,S394F,0.9694,pathogenic,PAX2,394.0
Q02962,S394G,0.5678,pathogenic,PAX2,394.0
Q02962,S394H,0.9387,pathogenic,PAX2,394.0
Q02962,S394I,0.9822,pathogenic,PAX2,394.0
Q02962,S394K,0.9966,pathogenic,PAX2,394.0
Q02962,S394L,0.9195,pathogenic,PAX2,394.0
Q02962,S394M,0.9494,pathogenic,PAX2,394.0
Q02962,S394N,0.8884,pathogenic,PAX2,394.0
Q02962,S394P,0.752,pathogenic,PAX2,394.0
Q02962,S394Q,0.9406,pathogenic,PAX2,394.0
Q02962,S394R,0.995,pathogenic,PAX2,394.0
Q02962,S394T,0.5328,ambiguous,PAX2,394.0
Q02962,S394V,0.9417,pathogenic,PAX2,394.0
Q02962,S394W,0.9814,pathogenic,PAX2,394.0
Q02962,S394Y,0.9508,pathogenic,PAX2,394.0
Q02962,P395A,0.7306,pathogenic,PAX2,395.0
Q02962,P395C,0.9857,pathogenic,PAX2,395.0
Q02962,P395D,0.9782,pathogenic,PAX2,395.0
Q02962,P395E,0.9698,pathogenic,PAX2,395.0
Q02962,P395F,0.9958,pathogenic,PAX2,395.0
Q02962,P395G,0.835,pathogenic,PAX2,395.0
Q02962,P395H,0.9165,pathogenic,PAX2,395.0
Q02962,P395I,0.9956,pathogenic,PAX2,395.0
Q02962,P395K,0.9932,pathogenic,PAX2,395.0
Q02962,P395L,0.9785,pathogenic,PAX2,395.0
Q02962,P395M,0.9947,pathogenic,PAX2,395.0
Q02962,P395N,0.9377,pathogenic,PAX2,395.0
Q02962,P395Q,0.9017,pathogenic,PAX2,395.0
Q02962,P395R,0.9549,pathogenic,PAX2,395.0
Q02962,P395S,0.7084,pathogenic,PAX2,395.0
Q02962,P395T,0.854,pathogenic,PAX2,395.0
Q02962,P395V,0.9742,pathogenic,PAX2,395.0
Q02962,P395W,0.9978,pathogenic,PAX2,395.0
Q02962,P395Y,0.9876,pathogenic,PAX2,395.0
Q02962,Y396A,0.8443,pathogenic,PAX2,396.0
Q02962,Y396C,0.7164,pathogenic,PAX2,396.0
Q02962,Y396D,0.9697,pathogenic,PAX2,396.0
Q02962,Y396E,0.9883,pathogenic,PAX2,396.0
Q02962,Y396F,0.3769,ambiguous,PAX2,396.0
Q02962,Y396G,0.7389,pathogenic,PAX2,396.0
Q02962,Y396H,0.9537,pathogenic,PAX2,396.0
Q02962,Y396I,0.9597,pathogenic,PAX2,396.0
Q02962,Y396K,0.9965,pathogenic,PAX2,396.0
Q02962,Y396L,0.8156,pathogenic,PAX2,396.0
Q02962,Y396M,0.9678,pathogenic,PAX2,396.0
Q02962,Y396N,0.8876,pathogenic,PAX2,396.0
Q02962,Y396P,0.8405,pathogenic,PAX2,396.0
Q02962,Y396Q,0.9803,pathogenic,PAX2,396.0
Q02962,Y396R,0.9741,pathogenic,PAX2,396.0
Q02962,Y396S,0.6495,pathogenic,PAX2,396.0
Q02962,Y396T,0.921,pathogenic,PAX2,396.0
Q02962,Y396V,0.7992,pathogenic,PAX2,396.0
Q02962,Y396W,0.8288,pathogenic,PAX2,396.0
Q02962,Y397A,0.8748,pathogenic,PAX2,397.0
Q02962,Y397C,0.765,pathogenic,PAX2,397.0
Q02962,Y397D,0.968,pathogenic,PAX2,397.0
Q02962,Y397E,0.9868,pathogenic,PAX2,397.0
Q02962,Y397F,0.4483,ambiguous,PAX2,397.0
Q02962,Y397G,0.7023,pathogenic,PAX2,397.0
Q02962,Y397H,0.9477,pathogenic,PAX2,397.0
Q02962,Y397I,0.9566,pathogenic,PAX2,397.0
Q02962,Y397K,0.9951,pathogenic,PAX2,397.0
Q02962,Y397L,0.8114,pathogenic,PAX2,397.0
Q02962,Y397M,0.9761,pathogenic,PAX2,397.0
Q02962,Y397N,0.8826,pathogenic,PAX2,397.0
Q02962,Y397P,0.8751,pathogenic,PAX2,397.0
Q02962,Y397Q,0.9762,pathogenic,PAX2,397.0
Q02962,Y397R,0.9646,pathogenic,PAX2,397.0
Q02962,Y397S,0.6718,pathogenic,PAX2,397.0
Q02962,Y397T,0.9033,pathogenic,PAX2,397.0
Q02962,Y397V,0.8013,pathogenic,PAX2,397.0
Q02962,Y397W,0.9166,pathogenic,PAX2,397.0
Q02962,Y398A,0.8317,pathogenic,PAX2,398.0
Q02962,Y398C,0.7112,pathogenic,PAX2,398.0
Q02962,Y398D,0.9548,pathogenic,PAX2,398.0
Q02962,Y398E,0.984,pathogenic,PAX2,398.0
Q02962,Y398F,0.4513,ambiguous,PAX2,398.0
Q02962,Y398G,0.6232,pathogenic,PAX2,398.0
Q02962,Y398H,0.9177,pathogenic,PAX2,398.0
Q02962,Y398I,0.9585,pathogenic,PAX2,398.0
Q02962,Y398K,0.9927,pathogenic,PAX2,398.0
Q02962,Y398L,0.765,pathogenic,PAX2,398.0
Q02962,Y398M,0.9686,pathogenic,PAX2,398.0
Q02962,Y398N,0.8404,pathogenic,PAX2,398.0
Q02962,Y398P,0.8098,pathogenic,PAX2,398.0
Q02962,Y398Q,0.966,pathogenic,PAX2,398.0
Q02962,Y398R,0.9569,pathogenic,PAX2,398.0
Q02962,Y398S,0.5688,pathogenic,PAX2,398.0
Q02962,Y398T,0.8565,pathogenic,PAX2,398.0
Q02962,Y398V,0.7783,pathogenic,PAX2,398.0
Q02962,Y398W,0.9216,pathogenic,PAX2,398.0
Q02962,S399A,0.2105,benign,PAX2,399.0
Q02962,S399C,0.5821,pathogenic,PAX2,399.0
Q02962,S399D,0.9679,pathogenic,PAX2,399.0
Q02962,S399E,0.967,pathogenic,PAX2,399.0
Q02962,S399F,0.9484,pathogenic,PAX2,399.0
Q02962,S399G,0.2178,benign,PAX2,399.0
Q02962,S399H,0.9126,pathogenic,PAX2,399.0
Q02962,S399I,0.9681,pathogenic,PAX2,399.0
Q02962,S399K,0.995,pathogenic,PAX2,399.0
Q02962,S399L,0.8503,pathogenic,PAX2,399.0
Q02962,S399M,0.9252,pathogenic,PAX2,399.0
Q02962,S399N,0.786,pathogenic,PAX2,399.0
Q02962,S399P,0.566,pathogenic,PAX2,399.0
Q02962,S399Q,0.9173,pathogenic,PAX2,399.0
Q02962,S399R,0.9886,pathogenic,PAX2,399.0
Q02962,S399T,0.315,benign,PAX2,399.0
Q02962,S399V,0.8803,pathogenic,PAX2,399.0
Q02962,S399W,0.9676,pathogenic,PAX2,399.0
Q02962,S399Y,0.925,pathogenic,PAX2,399.0
Q02962,A400C,0.5651,pathogenic,PAX2,400.0
Q02962,A400D,0.8651,pathogenic,PAX2,400.0
Q02962,A400E,0.8599,pathogenic,PAX2,400.0
Q02962,A400F,0.7565,pathogenic,PAX2,400.0
Q02962,A400G,0.1494,benign,PAX2,400.0
Q02962,A400H,0.7345,pathogenic,PAX2,400.0
Q02962,A400I,0.6923,pathogenic,PAX2,400.0
Q02962,A400K,0.9549,pathogenic,PAX2,400.0
Q02962,A400L,0.4473,ambiguous,PAX2,400.0
Q02962,A400M,0.5949,pathogenic,PAX2,400.0
Q02962,A400N,0.4517,ambiguous,PAX2,400.0
Q02962,A400P,0.2422,benign,PAX2,400.0
Q02962,A400Q,0.6468,pathogenic,PAX2,400.0
Q02962,A400R,0.9062,pathogenic,PAX2,400.0
Q02962,A400S,0.0817,benign,PAX2,400.0
Q02962,A400T,0.1178,benign,PAX2,400.0
Q02962,A400V,0.2856,benign,PAX2,400.0
Q02962,A400W,0.9543,pathogenic,PAX2,400.0
Q02962,A400Y,0.844,pathogenic,PAX2,400.0
Q02962,A401C,0.4534,ambiguous,PAX2,401.0
Q02962,A401D,0.7878,pathogenic,PAX2,401.0
Q02962,A401E,0.715,pathogenic,PAX2,401.0
Q02962,A401F,0.5617,ambiguous,PAX2,401.0
Q02962,A401G,0.1183,benign,PAX2,401.0
Q02962,A401H,0.6376,pathogenic,PAX2,401.0
Q02962,A401I,0.3924,ambiguous,PAX2,401.0
Q02962,A401K,0.8673,pathogenic,PAX2,401.0
Q02962,A401L,0.2345,benign,PAX2,401.0
Q02962,A401M,0.3378,benign,PAX2,401.0
Q02962,A401N,0.2801,benign,PAX2,401.0
Q02962,A401P,0.1571,benign,PAX2,401.0
Q02962,A401Q,0.4532,ambiguous,PAX2,401.0
Q02962,A401R,0.8229,pathogenic,PAX2,401.0
Q02962,A401S,0.0808,benign,PAX2,401.0
Q02962,A401T,0.0696,benign,PAX2,401.0
Q02962,A401V,0.1498,benign,PAX2,401.0
Q02962,A401W,0.9064,pathogenic,PAX2,401.0
Q02962,A401Y,0.7426,pathogenic,PAX2,401.0
Q02962,P402A,0.0546,benign,PAX2,402.0
Q02962,P402C,0.4686,ambiguous,PAX2,402.0
Q02962,P402D,0.6366,pathogenic,PAX2,402.0
Q02962,P402E,0.5357,ambiguous,PAX2,402.0
Q02962,P402F,0.7471,pathogenic,PAX2,402.0
Q02962,P402G,0.1164,benign,PAX2,402.0
Q02962,P402H,0.301,benign,PAX2,402.0
Q02962,P402I,0.584,pathogenic,PAX2,402.0
Q02962,P402K,0.7598,pathogenic,PAX2,402.0
Q02962,P402L,0.3702,ambiguous,PAX2,402.0
Q02962,P402M,0.5471,ambiguous,PAX2,402.0
Q02962,P402N,0.2062,benign,PAX2,402.0
Q02962,P402Q,0.2109,benign,PAX2,402.0
Q02962,P402R,0.6039,pathogenic,PAX2,402.0
Q02962,P402S,0.0457,benign,PAX2,402.0
Q02962,P402T,0.0658,benign,PAX2,402.0
Q02962,P402V,0.3132,benign,PAX2,402.0
Q02962,P402W,0.8749,pathogenic,PAX2,402.0
Q02962,P402Y,0.7309,pathogenic,PAX2,402.0
Q02962,R403A,0.5728,pathogenic,PAX2,403.0
Q02962,R403C,0.87,pathogenic,PAX2,403.0
Q02962,R403D,0.8694,pathogenic,PAX2,403.0
Q02962,R403E,0.787,pathogenic,PAX2,403.0
Q02962,R403F,0.9536,pathogenic,PAX2,403.0
Q02962,R403G,0.3681,ambiguous,PAX2,403.0
Q02962,R403H,0.6647,pathogenic,PAX2,403.0
Q02962,R403I,0.9318,pathogenic,PAX2,403.0
Q02962,R403K,0.3397,benign,PAX2,403.0
Q02962,R403L,0.7336,pathogenic,PAX2,403.0
Q02962,R403M,0.9566,pathogenic,PAX2,403.0
Q02962,R403N,0.906,pathogenic,PAX2,403.0
Q02962,R403P,0.4765,ambiguous,PAX2,403.0
Q02962,R403Q,0.5131,ambiguous,PAX2,403.0
Q02962,R403S,0.7471,pathogenic,PAX2,403.0
Q02962,R403T,0.7488,pathogenic,PAX2,403.0
Q02962,R403V,0.8306,pathogenic,PAX2,403.0
Q02962,R403W,0.9396,pathogenic,PAX2,403.0
Q02962,R403Y,0.9445,pathogenic,PAX2,403.0
Q02962,G404A,0.1047,benign,PAX2,404.0
Q02962,G404C,0.3036,benign,PAX2,404.0
Q02962,G404D,0.7218,pathogenic,PAX2,404.0
Q02962,G404E,0.703,pathogenic,PAX2,404.0
Q02962,G404F,0.734,pathogenic,PAX2,404.0
Q02962,G404H,0.7244,pathogenic,PAX2,404.0
Q02962,G404I,0.4485,ambiguous,PAX2,404.0
Q02962,G404K,0.9493,pathogenic,PAX2,404.0
Q02962,G404L,0.5047,ambiguous,PAX2,404.0
Q02962,G404M,0.6406,pathogenic,PAX2,404.0
Q02962,G404N,0.3712,ambiguous,PAX2,404.0
Q02962,G404P,0.3461,ambiguous,PAX2,404.0
Q02962,G404Q,0.6796,pathogenic,PAX2,404.0
Q02962,G404R,0.9009,pathogenic,PAX2,404.0
Q02962,G404S,0.1024,benign,PAX2,404.0
Q02962,G404T,0.1322,benign,PAX2,404.0
Q02962,G404V,0.2209,benign,PAX2,404.0
Q02962,G404W,0.845,pathogenic,PAX2,404.0
Q02962,G404Y,0.7303,pathogenic,PAX2,404.0
Q02962,S405A,0.056,benign,PAX2,405.0
Q02962,S405C,0.1705,benign,PAX2,405.0
Q02962,S405D,0.6381,pathogenic,PAX2,405.0
Q02962,S405E,0.6324,pathogenic,PAX2,405.0
Q02962,S405F,0.338,benign,PAX2,405.0
Q02962,S405G,0.0778,benign,PAX2,405.0
Q02962,S405H,0.4683,ambiguous,PAX2,405.0
Q02962,S405I,0.2926,benign,PAX2,405.0
Q02962,S405K,0.8562,pathogenic,PAX2,405.0
Q02962,S405L,0.2249,benign,PAX2,405.0
Q02962,S405M,0.3209,benign,PAX2,405.0
Q02962,S405N,0.1719,benign,PAX2,405.0
Q02962,S405P,0.0839,benign,PAX2,405.0
Q02962,S405Q,0.4535,ambiguous,PAX2,405.0
Q02962,S405R,0.8168,pathogenic,PAX2,405.0
Q02962,S405T,0.0743,benign,PAX2,405.0
Q02962,S405V,0.172,benign,PAX2,405.0
Q02962,S405W,0.6717,pathogenic,PAX2,405.0
Q02962,S405Y,0.4375,ambiguous,PAX2,405.0
Q02962,A406C,0.4516,ambiguous,PAX2,406.0
Q02962,A406D,0.6802,pathogenic,PAX2,406.0
Q02962,A406E,0.6137,pathogenic,PAX2,406.0
Q02962,A406F,0.4107,ambiguous,PAX2,406.0
Q02962,A406G,0.069,benign,PAX2,406.0
Q02962,A406H,0.5782,pathogenic,PAX2,406.0
Q02962,A406I,0.2955,benign,PAX2,406.0
Q02962,A406K,0.84,pathogenic,PAX2,406.0
Q02962,A406L,0.1857,benign,PAX2,406.0
Q02962,A406M,0.3509,ambiguous,PAX2,406.0
Q02962,A406N,0.3053,benign,PAX2,406.0
Q02962,A406P,0.106,benign,PAX2,406.0
Q02962,A406Q,0.3973,ambiguous,PAX2,406.0
Q02962,A406R,0.7671,pathogenic,PAX2,406.0
Q02962,A406S,0.0837,benign,PAX2,406.0
Q02962,A406T,0.0971,benign,PAX2,406.0
Q02962,A406V,0.1178,benign,PAX2,406.0
Q02962,A406W,0.8706,pathogenic,PAX2,406.0
Q02962,A406Y,0.6435,pathogenic,PAX2,406.0
Q02962,P407A,0.0864,benign,PAX2,407.0
Q02962,P407C,0.7618,pathogenic,PAX2,407.0
Q02962,P407D,0.701,pathogenic,PAX2,407.0
Q02962,P407E,0.5636,ambiguous,PAX2,407.0
Q02962,P407F,0.8335,pathogenic,PAX2,407.0
Q02962,P407G,0.1859,benign,PAX2,407.0
Q02962,P407H,0.4247,ambiguous,PAX2,407.0
Q02962,P407I,0.6853,pathogenic,PAX2,407.0
Q02962,P407K,0.7501,pathogenic,PAX2,407.0
Q02962,P407L,0.4904,ambiguous,PAX2,407.0
Q02962,P407M,0.7248,pathogenic,PAX2,407.0
Q02962,P407N,0.3831,ambiguous,PAX2,407.0
Q02962,P407Q,0.2813,benign,PAX2,407.0
Q02962,P407R,0.5535,ambiguous,PAX2,407.0
Q02962,P407S,0.1156,benign,PAX2,407.0
Q02962,P407T,0.1179,benign,PAX2,407.0
Q02962,P407V,0.3954,ambiguous,PAX2,407.0
Q02962,P407W,0.9351,pathogenic,PAX2,407.0
Q02962,P407Y,0.8194,pathogenic,PAX2,407.0
Q02962,A408C,0.5037,ambiguous,PAX2,408.0
Q02962,A408D,0.5559,ambiguous,PAX2,408.0
Q02962,A408E,0.4676,ambiguous,PAX2,408.0
Q02962,A408F,0.5769,pathogenic,PAX2,408.0
Q02962,A408G,0.1048,benign,PAX2,408.0
Q02962,A408H,0.4778,ambiguous,PAX2,408.0
Q02962,A408I,0.3786,ambiguous,PAX2,408.0
Q02962,A408K,0.7364,pathogenic,PAX2,408.0
Q02962,A408L,0.2478,benign,PAX2,408.0
Q02962,A408M,0.4351,ambiguous,PAX2,408.0
Q02962,A408N,0.2662,benign,PAX2,408.0
Q02962,A408P,0.0657,benign,PAX2,408.0
Q02962,A408Q,0.288,benign,PAX2,408.0
Q02962,A408R,0.6288,pathogenic,PAX2,408.0
Q02962,A408S,0.0836,benign,PAX2,408.0
Q02962,A408T,0.093,benign,PAX2,408.0
Q02962,A408V,0.1565,benign,PAX2,408.0
Q02962,A408W,0.8785,pathogenic,PAX2,408.0
Q02962,A408Y,0.6985,pathogenic,PAX2,408.0
Q02962,A409C,0.4825,ambiguous,PAX2,409.0
Q02962,A409D,0.6357,pathogenic,PAX2,409.0
Q02962,A409E,0.5613,ambiguous,PAX2,409.0
Q02962,A409F,0.5907,pathogenic,PAX2,409.0
Q02962,A409G,0.1005,benign,PAX2,409.0
Q02962,A409H,0.6158,pathogenic,PAX2,409.0
Q02962,A409I,0.4284,ambiguous,PAX2,409.0
Q02962,A409K,0.7784,pathogenic,PAX2,409.0
Q02962,A409L,0.271,benign,PAX2,409.0
Q02962,A409M,0.3938,ambiguous,PAX2,409.0
Q02962,A409N,0.2765,benign,PAX2,409.0
Q02962,A409P,0.1029,benign,PAX2,409.0
Q02962,A409Q,0.4253,ambiguous,PAX2,409.0
Q02962,A409R,0.728,pathogenic,PAX2,409.0
Q02962,A409S,0.0869,benign,PAX2,409.0
Q02962,A409T,0.0683,benign,PAX2,409.0
Q02962,A409V,0.1712,benign,PAX2,409.0
Q02962,A409W,0.884,pathogenic,PAX2,409.0
Q02962,A409Y,0.7312,pathogenic,PAX2,409.0
Q02962,A410C,0.609,pathogenic,PAX2,410.0
Q02962,A410D,0.7441,pathogenic,PAX2,410.0
Q02962,A410E,0.6789,pathogenic,PAX2,410.0
Q02962,A410F,0.7088,pathogenic,PAX2,410.0
Q02962,A410G,0.1303,benign,PAX2,410.0
Q02962,A410H,0.7099,pathogenic,PAX2,410.0
Q02962,A410I,0.6424,pathogenic,PAX2,410.0
Q02962,A410K,0.8805,pathogenic,PAX2,410.0
Q02962,A410L,0.4323,ambiguous,PAX2,410.0
Q02962,A410M,0.6246,pathogenic,PAX2,410.0
Q02962,A410N,0.4198,ambiguous,PAX2,410.0
Q02962,A410P,0.1621,benign,PAX2,410.0
Q02962,A410Q,0.5278,ambiguous,PAX2,410.0
Q02962,A410R,0.8144,pathogenic,PAX2,410.0
Q02962,A410S,0.0986,benign,PAX2,410.0
Q02962,A410T,0.1138,benign,PAX2,410.0
Q02962,A410V,0.2622,benign,PAX2,410.0
Q02962,A410W,0.9441,pathogenic,PAX2,410.0
Q02962,A410Y,0.8147,pathogenic,PAX2,410.0
Q02962,A411C,0.6475,pathogenic,PAX2,411.0
Q02962,A411D,0.7933,pathogenic,PAX2,411.0
Q02962,A411E,0.7263,pathogenic,PAX2,411.0
Q02962,A411F,0.7581,pathogenic,PAX2,411.0
Q02962,A411G,0.1488,benign,PAX2,411.0
Q02962,A411H,0.7466,pathogenic,PAX2,411.0
Q02962,A411I,0.7429,pathogenic,PAX2,411.0
Q02962,A411K,0.9054,pathogenic,PAX2,411.0
Q02962,A411L,0.5212,ambiguous,PAX2,411.0
Q02962,A411M,0.7061,pathogenic,PAX2,411.0
Q02962,A411N,0.4762,ambiguous,PAX2,411.0
Q02962,A411P,0.2213,benign,PAX2,411.0
Q02962,A411Q,0.5865,pathogenic,PAX2,411.0
Q02962,A411R,0.8326,pathogenic,PAX2,411.0
Q02962,A411S,0.1096,benign,PAX2,411.0
Q02962,A411T,0.1423,benign,PAX2,411.0
Q02962,A411V,0.335,benign,PAX2,411.0
Q02962,A411W,0.9537,pathogenic,PAX2,411.0
Q02962,A411Y,0.84,pathogenic,PAX2,411.0
Q02962,A412C,0.5698,pathogenic,PAX2,412.0
Q02962,A412D,0.7569,pathogenic,PAX2,412.0
Q02962,A412E,0.6851,pathogenic,PAX2,412.0
Q02962,A412F,0.6984,pathogenic,PAX2,412.0
Q02962,A412G,0.1315,benign,PAX2,412.0
Q02962,A412H,0.7207,pathogenic,PAX2,412.0
Q02962,A412I,0.6177,pathogenic,PAX2,412.0
Q02962,A412K,0.8849,pathogenic,PAX2,412.0
Q02962,A412L,0.4117,ambiguous,PAX2,412.0
Q02962,A412M,0.5667,pathogenic,PAX2,412.0
Q02962,A412N,0.4089,ambiguous,PAX2,412.0
Q02962,A412P,0.221,benign,PAX2,412.0
Q02962,A412Q,0.5562,ambiguous,PAX2,412.0
Q02962,A412R,0.8185,pathogenic,PAX2,412.0
Q02962,A412S,0.0897,benign,PAX2,412.0
Q02962,A412T,0.0803,benign,PAX2,412.0
Q02962,A412V,0.2465,benign,PAX2,412.0
Q02962,A412W,0.9337,pathogenic,PAX2,412.0
Q02962,A412Y,0.8039,pathogenic,PAX2,412.0
Q02962,A413C,0.8168,pathogenic,PAX2,413.0
Q02962,A413D,0.9122,pathogenic,PAX2,413.0
Q02962,A413E,0.8858,pathogenic,PAX2,413.0
Q02962,A413F,0.8598,pathogenic,PAX2,413.0
Q02962,A413G,0.2707,benign,PAX2,413.0
Q02962,A413H,0.8882,pathogenic,PAX2,413.0
Q02962,A413I,0.9136,pathogenic,PAX2,413.0
Q02962,A413K,0.9739,pathogenic,PAX2,413.0
Q02962,A413L,0.7322,pathogenic,PAX2,413.0
Q02962,A413M,0.9285,pathogenic,PAX2,413.0
Q02962,A413N,0.6963,pathogenic,PAX2,413.0
Q02962,A413P,0.4314,ambiguous,PAX2,413.0
Q02962,A413Q,0.8067,pathogenic,PAX2,413.0
Q02962,A413R,0.9017,pathogenic,PAX2,413.0
Q02962,A413S,0.1719,benign,PAX2,413.0
Q02962,A413T,0.4172,ambiguous,PAX2,413.0
Q02962,A413V,0.6319,pathogenic,PAX2,413.0
Q02962,A413W,0.983,pathogenic,PAX2,413.0
Q02962,A413Y,0.8947,pathogenic,PAX2,413.0
Q02962,Y414A,0.5467,ambiguous,PAX2,414.0
Q02962,Y414C,0.3904,ambiguous,PAX2,414.0
Q02962,Y414D,0.833,pathogenic,PAX2,414.0
Q02962,Y414E,0.8969,pathogenic,PAX2,414.0
Q02962,Y414F,0.1175,benign,PAX2,414.0
Q02962,Y414G,0.4074,ambiguous,PAX2,414.0
Q02962,Y414H,0.7609,pathogenic,PAX2,414.0
Q02962,Y414I,0.8566,pathogenic,PAX2,414.0
Q02962,Y414K,0.9566,pathogenic,PAX2,414.0
Q02962,Y414L,0.6686,pathogenic,PAX2,414.0
Q02962,Y414M,0.8622,pathogenic,PAX2,414.0
Q02962,Y414N,0.6614,pathogenic,PAX2,414.0
Q02962,Y414P,0.7264,pathogenic,PAX2,414.0
Q02962,Y414Q,0.882,pathogenic,PAX2,414.0
Q02962,Y414R,0.8523,pathogenic,PAX2,414.0
Q02962,Y414S,0.4158,ambiguous,PAX2,414.0
Q02962,Y414T,0.6572,pathogenic,PAX2,414.0
Q02962,Y414V,0.5729,pathogenic,PAX2,414.0
Q02962,Y414W,0.5621,ambiguous,PAX2,414.0
Q02962,D415A,0.9369,pathogenic,PAX2,415.0
Q02962,D415C,0.9947,pathogenic,PAX2,415.0
Q02962,D415E,0.6974,pathogenic,PAX2,415.0
Q02962,D415F,0.9925,pathogenic,PAX2,415.0
Q02962,D415G,0.8756,pathogenic,PAX2,415.0
Q02962,D415H,0.9737,pathogenic,PAX2,415.0
Q02962,D415I,0.996,pathogenic,PAX2,415.0
Q02962,D415K,0.9919,pathogenic,PAX2,415.0
Q02962,D415L,0.984,pathogenic,PAX2,415.0
Q02962,D415M,0.999,pathogenic,PAX2,415.0
Q02962,D415N,0.9227,pathogenic,PAX2,415.0
Q02962,D415P,0.9431,pathogenic,PAX2,415.0
Q02962,D415Q,0.9585,pathogenic,PAX2,415.0
Q02962,D415R,0.9696,pathogenic,PAX2,415.0
Q02962,D415S,0.8726,pathogenic,PAX2,415.0
Q02962,D415T,0.9705,pathogenic,PAX2,415.0
Q02962,D415V,0.9832,pathogenic,PAX2,415.0
Q02962,D415W,0.9981,pathogenic,PAX2,415.0
Q02962,D415Y,0.9694,pathogenic,PAX2,415.0
Q02962,R416A,0.7593,pathogenic,PAX2,416.0
Q02962,R416C,0.9071,pathogenic,PAX2,416.0
Q02962,R416D,0.7917,pathogenic,PAX2,416.0
Q02962,R416E,0.7102,pathogenic,PAX2,416.0
Q02962,R416F,0.9437,pathogenic,PAX2,416.0
Q02962,R416G,0.5199,ambiguous,PAX2,416.0
Q02962,R416H,0.6053,pathogenic,PAX2,416.0
Q02962,R416I,0.9342,pathogenic,PAX2,416.0
Q02962,R416K,0.3786,ambiguous,PAX2,416.0
Q02962,R416L,0.8008,pathogenic,PAX2,416.0
Q02962,R416M,0.9679,pathogenic,PAX2,416.0
Q02962,R416N,0.8636,pathogenic,PAX2,416.0
Q02962,R416P,0.7154,pathogenic,PAX2,416.0
Q02962,R416Q,0.5175,ambiguous,PAX2,416.0
Q02962,R416S,0.8036,pathogenic,PAX2,416.0
Q02962,R416T,0.8012,pathogenic,PAX2,416.0
Q02962,R416V,0.8898,pathogenic,PAX2,416.0
Q02962,R416W,0.9477,pathogenic,PAX2,416.0
Q02962,R416Y,0.9264,pathogenic,PAX2,416.0
Q02962,H417A,0.5227,ambiguous,PAX2,417.0
Q02962,H417C,0.5232,ambiguous,PAX2,417.0
Q02962,H417D,0.6997,pathogenic,PAX2,417.0
Q02962,H417E,0.6109,pathogenic,PAX2,417.0
Q02962,H417F,0.5165,ambiguous,PAX2,417.0
Q02962,H417G,0.4843,ambiguous,PAX2,417.0
Q02962,H417I,0.7997,pathogenic,PAX2,417.0
Q02962,H417K,0.7735,pathogenic,PAX2,417.0
Q02962,H417L,0.4089,ambiguous,PAX2,417.0
Q02962,H417M,0.8252,pathogenic,PAX2,417.0
Q02962,H417N,0.283,benign,PAX2,417.0
Q02962,H417P,0.2769,benign,PAX2,417.0
Q02962,H417Q,0.4723,ambiguous,PAX2,417.0
Q02962,H417R,0.5512,ambiguous,PAX2,417.0
Q02962,H417S,0.3908,ambiguous,PAX2,417.0
Q02962,H417T,0.6197,pathogenic,PAX2,417.0
Q02962,H417V,0.6517,pathogenic,PAX2,417.0
Q02962,H417W,0.8027,pathogenic,PAX2,417.0
Q02962,H417Y,0.3222,benign,PAX2,417.0
