uniprot,protein_variant,am_pathogenicity,am_class,gene,resnum
Q86SQ7,M1A,0.4525,ambiguous,SDCCAG8,1.0
Q86SQ7,M1C,0.5111,ambiguous,SDCCAG8,1.0
Q86SQ7,M1D,0.8238,pathogenic,SDCCAG8,1.0
Q86SQ7,M1E,0.564,pathogenic,SDCCAG8,1.0
Q86SQ7,M1F,0.318,benign,SDCCAG8,1.0
Q86SQ7,M1G,0.678,pathogenic,SDCCAG8,1.0
Q86SQ7,M1H,0.6442,pathogenic,SDCCAG8,1.0
Q86SQ7,M1I,0.4443,ambiguous,SDCCAG8,1.0
Q86SQ7,M1K,0.3855,ambiguous,SDCCAG8,1.0
Q86SQ7,M1L,0.1611,benign,SDCCAG8,1.0
Q86SQ7,M1N,0.6311,pathogenic,SDCCAG8,1.0
Q86SQ7,M1P,0.702,pathogenic,SDCCAG8,1.0
Q86SQ7,M1Q,0.3748,ambiguous,SDCCAG8,1.0
Q86SQ7,M1R,0.364,ambiguous,SDCCAG8,1.0
Q86SQ7,M1S,0.5308,ambiguous,SDCCAG8,1.0
Q86SQ7,M1T,0.3933,ambiguous,SDCCAG8,1.0
Q86SQ7,M1V,0.1192,benign,SDCCAG8,1.0
Q86SQ7,M1W,0.5531,ambiguous,SDCCAG8,1.0
Q86SQ7,M1Y,0.5562,ambiguous,SDCCAG8,1.0
Q86SQ7,A2C,0.6185,pathogenic,SDCCAG8,2.0
Q86SQ7,A2D,0.2149,benign,SDCCAG8,2.0
Q86SQ7,A2E,0.1021,benign,SDCCAG8,2.0
Q86SQ7,A2F,0.4817,ambiguous,SDCCAG8,2.0
Q86SQ7,A2G,0.1222,benign,SDCCAG8,2.0
Q86SQ7,A2H,0.5219,ambiguous,SDCCAG8,2.0
Q86SQ7,A2I,0.5885,pathogenic,SDCCAG8,2.0
Q86SQ7,A2K,0.3365,benign,SDCCAG8,2.0
Q86SQ7,A2L,0.3349,benign,SDCCAG8,2.0
Q86SQ7,A2M,0.5169,ambiguous,SDCCAG8,2.0
Q86SQ7,A2N,0.2784,benign,SDCCAG8,2.0
Q86SQ7,A2P,0.2218,benign,SDCCAG8,2.0
Q86SQ7,A2Q,0.2428,benign,SDCCAG8,2.0
Q86SQ7,A2R,0.2796,benign,SDCCAG8,2.0
Q86SQ7,A2S,0.1303,benign,SDCCAG8,2.0
Q86SQ7,A2T,0.1779,benign,SDCCAG8,2.0
Q86SQ7,A2V,0.3668,ambiguous,SDCCAG8,2.0
Q86SQ7,A2W,0.7161,pathogenic,SDCCAG8,2.0
Q86SQ7,A2Y,0.5061,ambiguous,SDCCAG8,2.0
Q86SQ7,K3A,0.1685,benign,SDCCAG8,3.0
Q86SQ7,K3C,0.618,pathogenic,SDCCAG8,3.0
Q86SQ7,K3D,0.2359,benign,SDCCAG8,3.0
Q86SQ7,K3E,0.1058,benign,SDCCAG8,3.0
Q86SQ7,K3F,0.5297,ambiguous,SDCCAG8,3.0
Q86SQ7,K3G,0.2277,benign,SDCCAG8,3.0
Q86SQ7,K3H,0.3117,benign,SDCCAG8,3.0
Q86SQ7,K3I,0.2598,benign,SDCCAG8,3.0
Q86SQ7,K3L,0.2765,benign,SDCCAG8,3.0
Q86SQ7,K3M,0.234,benign,SDCCAG8,3.0
Q86SQ7,K3N,0.2189,benign,SDCCAG8,3.0
Q86SQ7,K3P,0.3274,benign,SDCCAG8,3.0
Q86SQ7,K3Q,0.147,benign,SDCCAG8,3.0
Q86SQ7,K3R,0.0912,benign,SDCCAG8,3.0
Q86SQ7,K3S,0.2253,benign,SDCCAG8,3.0
Q86SQ7,K3T,0.1194,benign,SDCCAG8,3.0
Q86SQ7,K3V,0.2269,benign,SDCCAG8,3.0
Q86SQ7,K3W,0.7097,pathogenic,SDCCAG8,3.0
Q86SQ7,K3Y,0.4577,ambiguous,SDCCAG8,3.0
Q86SQ7,S4A,0.091,benign,SDCCAG8,4.0
Q86SQ7,S4C,0.1241,benign,SDCCAG8,4.0
Q86SQ7,S4D,0.2714,benign,SDCCAG8,4.0
Q86SQ7,S4E,0.2943,benign,SDCCAG8,4.0
Q86SQ7,S4F,0.1585,benign,SDCCAG8,4.0
Q86SQ7,S4G,0.1386,benign,SDCCAG8,4.0
Q86SQ7,S4H,0.2916,benign,SDCCAG8,4.0
Q86SQ7,S4I,0.1508,benign,SDCCAG8,4.0
Q86SQ7,S4K,0.4795,ambiguous,SDCCAG8,4.0
Q86SQ7,S4L,0.1367,benign,SDCCAG8,4.0
Q86SQ7,S4M,0.2487,benign,SDCCAG8,4.0
Q86SQ7,S4N,0.1801,benign,SDCCAG8,4.0
Q86SQ7,S4P,0.105,benign,SDCCAG8,4.0
Q86SQ7,S4Q,0.3926,ambiguous,SDCCAG8,4.0
Q86SQ7,S4R,0.4616,ambiguous,SDCCAG8,4.0
Q86SQ7,S4T,0.0929,benign,SDCCAG8,4.0
Q86SQ7,S4V,0.1695,benign,SDCCAG8,4.0
Q86SQ7,S4W,0.2401,benign,SDCCAG8,4.0
Q86SQ7,S4Y,0.1303,benign,SDCCAG8,4.0
Q86SQ7,P5A,0.0815,benign,SDCCAG8,5.0
Q86SQ7,P5C,0.3544,ambiguous,SDCCAG8,5.0
Q86SQ7,P5D,0.2563,benign,SDCCAG8,5.0
Q86SQ7,P5E,0.1613,benign,SDCCAG8,5.0
Q86SQ7,P5F,0.367,ambiguous,SDCCAG8,5.0
Q86SQ7,P5G,0.1969,benign,SDCCAG8,5.0
Q86SQ7,P5H,0.1501,benign,SDCCAG8,5.0
Q86SQ7,P5I,0.2456,benign,SDCCAG8,5.0
Q86SQ7,P5K,0.1778,benign,SDCCAG8,5.0
Q86SQ7,P5L,0.1115,benign,SDCCAG8,5.0
Q86SQ7,P5M,0.2848,benign,SDCCAG8,5.0
Q86SQ7,P5N,0.2543,benign,SDCCAG8,5.0
Q86SQ7,P5Q,0.1325,benign,SDCCAG8,5.0
Q86SQ7,P5R,0.1153,benign,SDCCAG8,5.0
Q86SQ7,P5S,0.1058,benign,SDCCAG8,5.0
Q86SQ7,P5T,0.0822,benign,SDCCAG8,5.0
Q86SQ7,P5V,0.1704,benign,SDCCAG8,5.0
Q86SQ7,P5W,0.4033,ambiguous,SDCCAG8,5.0
Q86SQ7,P5Y,0.3255,benign,SDCCAG8,5.0
Q86SQ7,E6A,0.1087,benign,SDCCAG8,6.0
Q86SQ7,E6C,0.5901,pathogenic,SDCCAG8,6.0
Q86SQ7,E6D,0.1325,benign,SDCCAG8,6.0
Q86SQ7,E6F,0.5316,ambiguous,SDCCAG8,6.0
Q86SQ7,E6G,0.0525,benign,SDCCAG8,6.0
Q86SQ7,E6H,0.3338,benign,SDCCAG8,6.0
Q86SQ7,E6I,0.3124,benign,SDCCAG8,6.0
Q86SQ7,E6K,0.1082,benign,SDCCAG8,6.0
Q86SQ7,E6L,0.2996,benign,SDCCAG8,6.0
Q86SQ7,E6M,0.4084,ambiguous,SDCCAG8,6.0
Q86SQ7,E6N,0.2456,benign,SDCCAG8,6.0
Q86SQ7,E6P,0.2705,benign,SDCCAG8,6.0
Q86SQ7,E6Q,0.113,benign,SDCCAG8,6.0
Q86SQ7,E6R,0.1306,benign,SDCCAG8,6.0
Q86SQ7,E6S,0.1535,benign,SDCCAG8,6.0
Q86SQ7,E6T,0.1781,benign,SDCCAG8,6.0
Q86SQ7,E6V,0.1746,benign,SDCCAG8,6.0
Q86SQ7,E6W,0.6326,pathogenic,SDCCAG8,6.0
Q86SQ7,E6Y,0.4157,ambiguous,SDCCAG8,6.0
Q86SQ7,N7A,0.2253,benign,SDCCAG8,7.0
Q86SQ7,N7C,0.3252,benign,SDCCAG8,7.0
Q86SQ7,N7D,0.0949,benign,SDCCAG8,7.0
Q86SQ7,N7E,0.2459,benign,SDCCAG8,7.0
Q86SQ7,N7F,0.4288,ambiguous,SDCCAG8,7.0
Q86SQ7,N7G,0.2566,benign,SDCCAG8,7.0
Q86SQ7,N7H,0.1622,benign,SDCCAG8,7.0
Q86SQ7,N7I,0.1652,benign,SDCCAG8,7.0
Q86SQ7,N7K,0.2261,benign,SDCCAG8,7.0
Q86SQ7,N7L,0.2757,benign,SDCCAG8,7.0
Q86SQ7,N7M,0.3265,benign,SDCCAG8,7.0
Q86SQ7,N7P,0.3781,ambiguous,SDCCAG8,7.0
Q86SQ7,N7Q,0.3602,ambiguous,SDCCAG8,7.0
Q86SQ7,N7R,0.3099,benign,SDCCAG8,7.0
Q86SQ7,N7S,0.1278,benign,SDCCAG8,7.0
Q86SQ7,N7T,0.125,benign,SDCCAG8,7.0
Q86SQ7,N7V,0.1822,benign,SDCCAG8,7.0
Q86SQ7,N7W,0.6749,pathogenic,SDCCAG8,7.0
Q86SQ7,N7Y,0.1455,benign,SDCCAG8,7.0
Q86SQ7,S8A,0.0882,benign,SDCCAG8,8.0
Q86SQ7,S8C,0.0977,benign,SDCCAG8,8.0
Q86SQ7,S8D,0.2357,benign,SDCCAG8,8.0
Q86SQ7,S8E,0.3281,benign,SDCCAG8,8.0
Q86SQ7,S8F,0.1776,benign,SDCCAG8,8.0
Q86SQ7,S8G,0.096,benign,SDCCAG8,8.0
Q86SQ7,S8H,0.2968,benign,SDCCAG8,8.0
Q86SQ7,S8I,0.1894,benign,SDCCAG8,8.0
Q86SQ7,S8K,0.5137,ambiguous,SDCCAG8,8.0
Q86SQ7,S8L,0.1405,benign,SDCCAG8,8.0
Q86SQ7,S8M,0.2747,benign,SDCCAG8,8.0
Q86SQ7,S8N,0.1573,benign,SDCCAG8,8.0
Q86SQ7,S8P,0.1278,benign,SDCCAG8,8.0
Q86SQ7,S8Q,0.439,ambiguous,SDCCAG8,8.0
Q86SQ7,S8R,0.4175,ambiguous,SDCCAG8,8.0
Q86SQ7,S8T,0.0868,benign,SDCCAG8,8.0
Q86SQ7,S8V,0.1881,benign,SDCCAG8,8.0
Q86SQ7,S8W,0.2563,benign,SDCCAG8,8.0
Q86SQ7,S8Y,0.148,benign,SDCCAG8,8.0
Q86SQ7,T9A,0.0706,benign,SDCCAG8,9.0
Q86SQ7,T9C,0.3811,ambiguous,SDCCAG8,9.0
Q86SQ7,T9D,0.1868,benign,SDCCAG8,9.0
Q86SQ7,T9E,0.2214,benign,SDCCAG8,9.0
Q86SQ7,T9F,0.2057,benign,SDCCAG8,9.0
Q86SQ7,T9G,0.1933,benign,SDCCAG8,9.0
Q86SQ7,T9H,0.1833,benign,SDCCAG8,9.0
Q86SQ7,T9I,0.1893,benign,SDCCAG8,9.0
Q86SQ7,T9K,0.1747,benign,SDCCAG8,9.0
Q86SQ7,T9L,0.1241,benign,SDCCAG8,9.0
Q86SQ7,T9M,0.1359,benign,SDCCAG8,9.0
Q86SQ7,T9N,0.0979,benign,SDCCAG8,9.0
Q86SQ7,T9P,0.0787,benign,SDCCAG8,9.0
Q86SQ7,T9Q,0.2124,benign,SDCCAG8,9.0
Q86SQ7,T9R,0.1333,benign,SDCCAG8,9.0
Q86SQ7,T9S,0.1044,benign,SDCCAG8,9.0
Q86SQ7,T9V,0.1669,benign,SDCCAG8,9.0
Q86SQ7,T9W,0.4958,ambiguous,SDCCAG8,9.0
Q86SQ7,T9Y,0.2225,benign,SDCCAG8,9.0
Q86SQ7,L10A,0.1839,benign,SDCCAG8,10.0
Q86SQ7,L10C,0.5985,pathogenic,SDCCAG8,10.0
Q86SQ7,L10D,0.519,ambiguous,SDCCAG8,10.0
Q86SQ7,L10E,0.2008,benign,SDCCAG8,10.0
Q86SQ7,L10F,0.1707,benign,SDCCAG8,10.0
Q86SQ7,L10G,0.3805,ambiguous,SDCCAG8,10.0
Q86SQ7,L10H,0.2919,benign,SDCCAG8,10.0
Q86SQ7,L10I,0.1203,benign,SDCCAG8,10.0
Q86SQ7,L10K,0.2127,benign,SDCCAG8,10.0
Q86SQ7,L10M,0.1427,benign,SDCCAG8,10.0
Q86SQ7,L10N,0.4458,ambiguous,SDCCAG8,10.0
Q86SQ7,L10P,0.1904,benign,SDCCAG8,10.0
Q86SQ7,L10Q,0.1728,benign,SDCCAG8,10.0
Q86SQ7,L10R,0.1655,benign,SDCCAG8,10.0
Q86SQ7,L10S,0.2425,benign,SDCCAG8,10.0
Q86SQ7,L10T,0.1715,benign,SDCCAG8,10.0
Q86SQ7,L10V,0.102,benign,SDCCAG8,10.0
Q86SQ7,L10W,0.1932,benign,SDCCAG8,10.0
Q86SQ7,L10Y,0.4143,ambiguous,SDCCAG8,10.0
Q86SQ7,E11A,0.1853,benign,SDCCAG8,11.0
Q86SQ7,E11C,0.8002,pathogenic,SDCCAG8,11.0
Q86SQ7,E11D,0.2834,benign,SDCCAG8,11.0
Q86SQ7,E11F,0.7724,pathogenic,SDCCAG8,11.0
Q86SQ7,E11G,0.1437,benign,SDCCAG8,11.0
Q86SQ7,E11H,0.5068,ambiguous,SDCCAG8,11.0
Q86SQ7,E11I,0.5419,ambiguous,SDCCAG8,11.0
Q86SQ7,E11K,0.1734,benign,SDCCAG8,11.0
Q86SQ7,E11L,0.4314,ambiguous,SDCCAG8,11.0
Q86SQ7,E11M,0.5576,ambiguous,SDCCAG8,11.0
Q86SQ7,E11N,0.4829,ambiguous,SDCCAG8,11.0
Q86SQ7,E11P,0.527,ambiguous,SDCCAG8,11.0
Q86SQ7,E11Q,0.1479,benign,SDCCAG8,11.0
Q86SQ7,E11R,0.2158,benign,SDCCAG8,11.0
Q86SQ7,E11S,0.318,benign,SDCCAG8,11.0
Q86SQ7,E11T,0.3334,benign,SDCCAG8,11.0
Q86SQ7,E11V,0.2889,benign,SDCCAG8,11.0
Q86SQ7,E11W,0.8099,pathogenic,SDCCAG8,11.0
Q86SQ7,E11Y,0.6486,pathogenic,SDCCAG8,11.0
Q86SQ7,E12A,0.1645,benign,SDCCAG8,12.0
Q86SQ7,E12C,0.7945,pathogenic,SDCCAG8,12.0
Q86SQ7,E12D,0.1325,benign,SDCCAG8,12.0
Q86SQ7,E12F,0.6965,pathogenic,SDCCAG8,12.0
Q86SQ7,E12G,0.1242,benign,SDCCAG8,12.0
Q86SQ7,E12H,0.4493,ambiguous,SDCCAG8,12.0
Q86SQ7,E12I,0.4309,ambiguous,SDCCAG8,12.0
Q86SQ7,E12K,0.173,benign,SDCCAG8,12.0
Q86SQ7,E12L,0.4731,ambiguous,SDCCAG8,12.0
Q86SQ7,E12M,0.46,ambiguous,SDCCAG8,12.0
Q86SQ7,E12N,0.2695,benign,SDCCAG8,12.0
Q86SQ7,E12P,0.6644,pathogenic,SDCCAG8,12.0
Q86SQ7,E12Q,0.1711,benign,SDCCAG8,12.0
Q86SQ7,E12R,0.2672,benign,SDCCAG8,12.0
Q86SQ7,E12S,0.2742,benign,SDCCAG8,12.0
Q86SQ7,E12T,0.2695,benign,SDCCAG8,12.0
Q86SQ7,E12V,0.2352,benign,SDCCAG8,12.0
Q86SQ7,E12W,0.8113,pathogenic,SDCCAG8,12.0
Q86SQ7,E12Y,0.4915,ambiguous,SDCCAG8,12.0
Q86SQ7,I13A,0.2946,benign,SDCCAG8,13.0
Q86SQ7,I13C,0.5211,ambiguous,SDCCAG8,13.0
Q86SQ7,I13D,0.2959,benign,SDCCAG8,13.0
Q86SQ7,I13E,0.3227,benign,SDCCAG8,13.0
Q86SQ7,I13F,0.1256,benign,SDCCAG8,13.0
Q86SQ7,I13G,0.4414,ambiguous,SDCCAG8,13.0
Q86SQ7,I13H,0.2981,benign,SDCCAG8,13.0
Q86SQ7,I13K,0.2674,benign,SDCCAG8,13.0
Q86SQ7,I13L,0.1603,benign,SDCCAG8,13.0
Q86SQ7,I13M,0.1088,benign,SDCCAG8,13.0
Q86SQ7,I13N,0.1181,benign,SDCCAG8,13.0
Q86SQ7,I13P,0.6109,pathogenic,SDCCAG8,13.0
Q86SQ7,I13Q,0.317,benign,SDCCAG8,13.0
Q86SQ7,I13R,0.2242,benign,SDCCAG8,13.0
Q86SQ7,I13S,0.1441,benign,SDCCAG8,13.0
Q86SQ7,I13T,0.2284,benign,SDCCAG8,13.0
Q86SQ7,I13V,0.1424,benign,SDCCAG8,13.0
Q86SQ7,I13W,0.5378,ambiguous,SDCCAG8,13.0
Q86SQ7,I13Y,0.2589,benign,SDCCAG8,13.0
Q86SQ7,L14A,0.2657,benign,SDCCAG8,14.0
Q86SQ7,L14C,0.5641,pathogenic,SDCCAG8,14.0
Q86SQ7,L14D,0.6913,pathogenic,SDCCAG8,14.0
Q86SQ7,L14E,0.3977,ambiguous,SDCCAG8,14.0
Q86SQ7,L14F,0.1574,benign,SDCCAG8,14.0
Q86SQ7,L14G,0.5192,ambiguous,SDCCAG8,14.0
Q86SQ7,L14H,0.2906,benign,SDCCAG8,14.0
Q86SQ7,L14I,0.1319,benign,SDCCAG8,14.0
Q86SQ7,L14K,0.3157,benign,SDCCAG8,14.0
Q86SQ7,L14M,0.1871,benign,SDCCAG8,14.0
Q86SQ7,L14N,0.5775,pathogenic,SDCCAG8,14.0
Q86SQ7,L14P,0.3145,benign,SDCCAG8,14.0
Q86SQ7,L14Q,0.26,benign,SDCCAG8,14.0
Q86SQ7,L14R,0.2071,benign,SDCCAG8,14.0
Q86SQ7,L14S,0.3379,benign,SDCCAG8,14.0
Q86SQ7,L14T,0.2455,benign,SDCCAG8,14.0
Q86SQ7,L14V,0.1367,benign,SDCCAG8,14.0
Q86SQ7,L14W,0.1987,benign,SDCCAG8,14.0
Q86SQ7,L14Y,0.432,ambiguous,SDCCAG8,14.0
Q86SQ7,G15A,0.2027,benign,SDCCAG8,15.0
Q86SQ7,G15C,0.2283,benign,SDCCAG8,15.0
Q86SQ7,G15D,0.2867,benign,SDCCAG8,15.0
Q86SQ7,G15E,0.2206,benign,SDCCAG8,15.0
Q86SQ7,G15F,0.523,ambiguous,SDCCAG8,15.0
Q86SQ7,G15H,0.445,ambiguous,SDCCAG8,15.0
Q86SQ7,G15I,0.3567,ambiguous,SDCCAG8,15.0
Q86SQ7,G15K,0.4692,ambiguous,SDCCAG8,15.0
Q86SQ7,G15L,0.4122,ambiguous,SDCCAG8,15.0
Q86SQ7,G15M,0.6049,pathogenic,SDCCAG8,15.0
Q86SQ7,G15N,0.4658,ambiguous,SDCCAG8,15.0
Q86SQ7,G15P,0.7469,pathogenic,SDCCAG8,15.0
Q86SQ7,G15Q,0.3711,ambiguous,SDCCAG8,15.0
Q86SQ7,G15R,0.3179,benign,SDCCAG8,15.0
Q86SQ7,G15S,0.1862,benign,SDCCAG8,15.0
Q86SQ7,G15T,0.3048,benign,SDCCAG8,15.0
Q86SQ7,G15V,0.2322,benign,SDCCAG8,15.0
Q86SQ7,G15W,0.3506,ambiguous,SDCCAG8,15.0
Q86SQ7,G15Y,0.4242,ambiguous,SDCCAG8,15.0
Q86SQ7,Q16A,0.1952,benign,SDCCAG8,16.0
Q86SQ7,Q16C,0.5108,ambiguous,SDCCAG8,16.0
Q86SQ7,Q16D,0.2465,benign,SDCCAG8,16.0
Q86SQ7,Q16E,0.0838,benign,SDCCAG8,16.0
Q86SQ7,Q16F,0.5393,ambiguous,SDCCAG8,16.0
Q86SQ7,Q16G,0.2033,benign,SDCCAG8,16.0
Q86SQ7,Q16H,0.16,benign,SDCCAG8,16.0
Q86SQ7,Q16I,0.3133,benign,SDCCAG8,16.0
Q86SQ7,Q16K,0.0845,benign,SDCCAG8,16.0
Q86SQ7,Q16L,0.1467,benign,SDCCAG8,16.0
Q86SQ7,Q16M,0.359,ambiguous,SDCCAG8,16.0
Q86SQ7,Q16N,0.2097,benign,SDCCAG8,16.0
Q86SQ7,Q16P,0.1571,benign,SDCCAG8,16.0
Q86SQ7,Q16R,0.0907,benign,SDCCAG8,16.0
Q86SQ7,Q16S,0.2299,benign,SDCCAG8,16.0
Q86SQ7,Q16T,0.1911,benign,SDCCAG8,16.0
Q86SQ7,Q16V,0.2289,benign,SDCCAG8,16.0
Q86SQ7,Q16W,0.3855,ambiguous,SDCCAG8,16.0
Q86SQ7,Q16Y,0.3418,ambiguous,SDCCAG8,16.0
Q86SQ7,Y17A,0.6521,pathogenic,SDCCAG8,17.0
Q86SQ7,Y17C,0.2664,benign,SDCCAG8,17.0
Q86SQ7,Y17D,0.4738,ambiguous,SDCCAG8,17.0
Q86SQ7,Y17E,0.6343,pathogenic,SDCCAG8,17.0
Q86SQ7,Y17F,0.2385,benign,SDCCAG8,17.0
Q86SQ7,Y17G,0.4792,ambiguous,SDCCAG8,17.0
Q86SQ7,Y17H,0.3786,ambiguous,SDCCAG8,17.0
Q86SQ7,Y17I,0.6019,pathogenic,SDCCAG8,17.0
Q86SQ7,Y17K,0.5117,ambiguous,SDCCAG8,17.0
Q86SQ7,Y17L,0.5066,ambiguous,SDCCAG8,17.0
Q86SQ7,Y17M,0.6592,pathogenic,SDCCAG8,17.0
Q86SQ7,Y17N,0.3435,ambiguous,SDCCAG8,17.0
Q86SQ7,Y17P,0.864,pathogenic,SDCCAG8,17.0
Q86SQ7,Y17Q,0.5627,ambiguous,SDCCAG8,17.0
Q86SQ7,Y17R,0.4868,ambiguous,SDCCAG8,17.0
Q86SQ7,Y17S,0.4174,ambiguous,SDCCAG8,17.0
Q86SQ7,Y17T,0.6013,pathogenic,SDCCAG8,17.0
Q86SQ7,Y17V,0.4846,ambiguous,SDCCAG8,17.0
Q86SQ7,Y17W,0.5641,pathogenic,SDCCAG8,17.0
Q86SQ7,Q18A,0.3758,ambiguous,SDCCAG8,18.0
Q86SQ7,Q18C,0.6763,pathogenic,SDCCAG8,18.0
Q86SQ7,Q18D,0.6244,pathogenic,SDCCAG8,18.0
Q86SQ7,Q18E,0.1188,benign,SDCCAG8,18.0
Q86SQ7,Q18F,0.7571,pathogenic,SDCCAG8,18.0
Q86SQ7,Q18G,0.3111,benign,SDCCAG8,18.0
Q86SQ7,Q18H,0.3122,benign,SDCCAG8,18.0
Q86SQ7,Q18I,0.5436,ambiguous,SDCCAG8,18.0
Q86SQ7,Q18K,0.1107,benign,SDCCAG8,18.0
Q86SQ7,Q18L,0.232,benign,SDCCAG8,18.0
Q86SQ7,Q18M,0.5664,pathogenic,SDCCAG8,18.0
Q86SQ7,Q18N,0.496,ambiguous,SDCCAG8,18.0
Q86SQ7,Q18P,0.309,benign,SDCCAG8,18.0
Q86SQ7,Q18R,0.0902,benign,SDCCAG8,18.0
Q86SQ7,Q18S,0.4284,ambiguous,SDCCAG8,18.0
Q86SQ7,Q18T,0.3659,ambiguous,SDCCAG8,18.0
Q86SQ7,Q18V,0.3799,ambiguous,SDCCAG8,18.0
Q86SQ7,Q18W,0.5369,ambiguous,SDCCAG8,18.0
Q86SQ7,Q18Y,0.5638,ambiguous,SDCCAG8,18.0
Q86SQ7,R19A,0.3471,ambiguous,SDCCAG8,19.0
Q86SQ7,R19C,0.1937,benign,SDCCAG8,19.0
Q86SQ7,R19D,0.5531,ambiguous,SDCCAG8,19.0
Q86SQ7,R19E,0.2685,benign,SDCCAG8,19.0
Q86SQ7,R19F,0.4979,ambiguous,SDCCAG8,19.0
Q86SQ7,R19G,0.1897,benign,SDCCAG8,19.0
Q86SQ7,R19H,0.1371,benign,SDCCAG8,19.0
Q86SQ7,R19I,0.2142,benign,SDCCAG8,19.0
Q86SQ7,R19K,0.1211,benign,SDCCAG8,19.0
Q86SQ7,R19L,0.2169,benign,SDCCAG8,19.0
Q86SQ7,R19M,0.2483,benign,SDCCAG8,19.0
Q86SQ7,R19N,0.5238,ambiguous,SDCCAG8,19.0
Q86SQ7,R19P,0.679,pathogenic,SDCCAG8,19.0
Q86SQ7,R19Q,0.1151,benign,SDCCAG8,19.0
Q86SQ7,R19S,0.4681,ambiguous,SDCCAG8,19.0
Q86SQ7,R19T,0.2533,benign,SDCCAG8,19.0
Q86SQ7,R19V,0.31,benign,SDCCAG8,19.0
Q86SQ7,R19W,0.1972,benign,SDCCAG8,19.0
Q86SQ7,R19Y,0.3578,ambiguous,SDCCAG8,19.0
Q86SQ7,S20A,0.1338,benign,SDCCAG8,20.0
Q86SQ7,S20C,0.1341,benign,SDCCAG8,20.0
Q86SQ7,S20D,0.3352,benign,SDCCAG8,20.0
Q86SQ7,S20E,0.3952,ambiguous,SDCCAG8,20.0
Q86SQ7,S20F,0.2595,benign,SDCCAG8,20.0
Q86SQ7,S20G,0.1056,benign,SDCCAG8,20.0
Q86SQ7,S20H,0.2859,benign,SDCCAG8,20.0
Q86SQ7,S20I,0.194,benign,SDCCAG8,20.0
Q86SQ7,S20K,0.4963,ambiguous,SDCCAG8,20.0
Q86SQ7,S20L,0.2175,benign,SDCCAG8,20.0
Q86SQ7,S20M,0.308,benign,SDCCAG8,20.0
Q86SQ7,S20N,0.1721,benign,SDCCAG8,20.0
Q86SQ7,S20P,0.5174,ambiguous,SDCCAG8,20.0
Q86SQ7,S20Q,0.4052,ambiguous,SDCCAG8,20.0
Q86SQ7,S20R,0.3853,ambiguous,SDCCAG8,20.0
Q86SQ7,S20T,0.1269,benign,SDCCAG8,20.0
Q86SQ7,S20V,0.2379,benign,SDCCAG8,20.0
Q86SQ7,S20W,0.3304,benign,SDCCAG8,20.0
Q86SQ7,S20Y,0.2028,benign,SDCCAG8,20.0
Q86SQ7,L21A,0.4467,ambiguous,SDCCAG8,21.0
Q86SQ7,L21C,0.6212,pathogenic,SDCCAG8,21.0
Q86SQ7,L21D,0.8652,pathogenic,SDCCAG8,21.0
Q86SQ7,L21E,0.4848,ambiguous,SDCCAG8,21.0
Q86SQ7,L21F,0.2662,benign,SDCCAG8,21.0
Q86SQ7,L21G,0.6913,pathogenic,SDCCAG8,21.0
Q86SQ7,L21H,0.4243,ambiguous,SDCCAG8,21.0
Q86SQ7,L21I,0.128,benign,SDCCAG8,21.0
Q86SQ7,L21K,0.3155,benign,SDCCAG8,21.0
Q86SQ7,L21M,0.1963,benign,SDCCAG8,21.0
Q86SQ7,L21N,0.7028,pathogenic,SDCCAG8,21.0
Q86SQ7,L21P,0.6319,pathogenic,SDCCAG8,21.0
Q86SQ7,L21Q,0.2262,benign,SDCCAG8,21.0
Q86SQ7,L21R,0.2272,benign,SDCCAG8,21.0
Q86SQ7,L21S,0.5436,ambiguous,SDCCAG8,21.0
Q86SQ7,L21T,0.4571,ambiguous,SDCCAG8,21.0
Q86SQ7,L21V,0.1209,benign,SDCCAG8,21.0
Q86SQ7,L21W,0.3536,ambiguous,SDCCAG8,21.0
Q86SQ7,L21Y,0.5811,pathogenic,SDCCAG8,21.0
Q86SQ7,R22A,0.5527,ambiguous,SDCCAG8,22.0
Q86SQ7,R22C,0.3794,ambiguous,SDCCAG8,22.0
Q86SQ7,R22D,0.796,pathogenic,SDCCAG8,22.0
Q86SQ7,R22E,0.3952,ambiguous,SDCCAG8,22.0
Q86SQ7,R22F,0.7506,pathogenic,SDCCAG8,22.0
Q86SQ7,R22G,0.3813,ambiguous,SDCCAG8,22.0
Q86SQ7,R22H,0.2713,benign,SDCCAG8,22.0
Q86SQ7,R22I,0.5649,pathogenic,SDCCAG8,22.0
Q86SQ7,R22K,0.239,benign,SDCCAG8,22.0
Q86SQ7,R22L,0.4262,ambiguous,SDCCAG8,22.0
Q86SQ7,R22M,0.5638,ambiguous,SDCCAG8,22.0
Q86SQ7,R22N,0.826,pathogenic,SDCCAG8,22.0
Q86SQ7,R22P,0.7368,pathogenic,SDCCAG8,22.0
Q86SQ7,R22Q,0.1853,benign,SDCCAG8,22.0
Q86SQ7,R22S,0.7478,pathogenic,SDCCAG8,22.0
Q86SQ7,R22T,0.5111,ambiguous,SDCCAG8,22.0
Q86SQ7,R22V,0.5914,pathogenic,SDCCAG8,22.0
Q86SQ7,R22W,0.2537,benign,SDCCAG8,22.0
Q86SQ7,R22Y,0.6242,pathogenic,SDCCAG8,22.0
Q86SQ7,E23A,0.2225,benign,SDCCAG8,23.0
Q86SQ7,E23C,0.7844,pathogenic,SDCCAG8,23.0
Q86SQ7,E23D,0.1979,benign,SDCCAG8,23.0
Q86SQ7,E23F,0.73,pathogenic,SDCCAG8,23.0
Q86SQ7,E23G,0.1642,benign,SDCCAG8,23.0
Q86SQ7,E23H,0.4716,ambiguous,SDCCAG8,23.0
Q86SQ7,E23I,0.515,ambiguous,SDCCAG8,23.0
Q86SQ7,E23K,0.2135,benign,SDCCAG8,23.0
Q86SQ7,E23L,0.4812,ambiguous,SDCCAG8,23.0
Q86SQ7,E23M,0.5602,ambiguous,SDCCAG8,23.0
Q86SQ7,E23N,0.3888,ambiguous,SDCCAG8,23.0
Q86SQ7,E23P,0.7457,pathogenic,SDCCAG8,23.0
Q86SQ7,E23Q,0.1489,benign,SDCCAG8,23.0
Q86SQ7,E23R,0.2761,benign,SDCCAG8,23.0
Q86SQ7,E23S,0.3316,benign,SDCCAG8,23.0
Q86SQ7,E23T,0.3915,ambiguous,SDCCAG8,23.0
Q86SQ7,E23V,0.3057,benign,SDCCAG8,23.0
Q86SQ7,E23W,0.8064,pathogenic,SDCCAG8,23.0
Q86SQ7,E23Y,0.5559,ambiguous,SDCCAG8,23.0
Q86SQ7,H24A,0.2423,benign,SDCCAG8,24.0
Q86SQ7,H24C,0.1318,benign,SDCCAG8,24.0
Q86SQ7,H24D,0.1596,benign,SDCCAG8,24.0
Q86SQ7,H24E,0.1993,benign,SDCCAG8,24.0
Q86SQ7,H24F,0.3418,ambiguous,SDCCAG8,24.0
Q86SQ7,H24G,0.174,benign,SDCCAG8,24.0
Q86SQ7,H24I,0.3163,benign,SDCCAG8,24.0
Q86SQ7,H24K,0.1273,benign,SDCCAG8,24.0
Q86SQ7,H24L,0.1275,benign,SDCCAG8,24.0
Q86SQ7,H24M,0.4471,ambiguous,SDCCAG8,24.0
Q86SQ7,H24N,0.1349,benign,SDCCAG8,24.0
Q86SQ7,H24P,0.3263,benign,SDCCAG8,24.0
Q86SQ7,H24Q,0.1121,benign,SDCCAG8,24.0
Q86SQ7,H24R,0.0453,benign,SDCCAG8,24.0
Q86SQ7,H24S,0.246,benign,SDCCAG8,24.0
Q86SQ7,H24T,0.243,benign,SDCCAG8,24.0
Q86SQ7,H24V,0.2448,benign,SDCCAG8,24.0
Q86SQ7,H24W,0.2423,benign,SDCCAG8,24.0
Q86SQ7,H24Y,0.1081,benign,SDCCAG8,24.0
Q86SQ7,A25C,0.598,pathogenic,SDCCAG8,25.0
Q86SQ7,A25D,0.6104,pathogenic,SDCCAG8,25.0
Q86SQ7,A25E,0.557,ambiguous,SDCCAG8,25.0
Q86SQ7,A25F,0.5838,pathogenic,SDCCAG8,25.0
Q86SQ7,A25G,0.2561,benign,SDCCAG8,25.0
Q86SQ7,A25H,0.6325,pathogenic,SDCCAG8,25.0
Q86SQ7,A25I,0.5127,ambiguous,SDCCAG8,25.0
Q86SQ7,A25K,0.6558,pathogenic,SDCCAG8,25.0
Q86SQ7,A25L,0.4084,ambiguous,SDCCAG8,25.0
Q86SQ7,A25M,0.5739,pathogenic,SDCCAG8,25.0
Q86SQ7,A25N,0.5965,pathogenic,SDCCAG8,25.0
Q86SQ7,A25P,0.6009,pathogenic,SDCCAG8,25.0
Q86SQ7,A25Q,0.5531,ambiguous,SDCCAG8,25.0
Q86SQ7,A25R,0.4688,ambiguous,SDCCAG8,25.0
Q86SQ7,A25S,0.1665,benign,SDCCAG8,25.0
Q86SQ7,A25T,0.1948,benign,SDCCAG8,25.0
Q86SQ7,A25V,0.2618,benign,SDCCAG8,25.0
Q86SQ7,A25W,0.8496,pathogenic,SDCCAG8,25.0
Q86SQ7,A25Y,0.6512,pathogenic,SDCCAG8,25.0
Q86SQ7,S26A,0.1371,benign,SDCCAG8,26.0
Q86SQ7,S26C,0.115,benign,SDCCAG8,26.0
Q86SQ7,S26D,0.2459,benign,SDCCAG8,26.0
Q86SQ7,S26E,0.3934,ambiguous,SDCCAG8,26.0
Q86SQ7,S26F,0.3248,benign,SDCCAG8,26.0
Q86SQ7,S26G,0.0883,benign,SDCCAG8,26.0
Q86SQ7,S26H,0.2371,benign,SDCCAG8,26.0
Q86SQ7,S26I,0.1927,benign,SDCCAG8,26.0
Q86SQ7,S26K,0.437,ambiguous,SDCCAG8,26.0
Q86SQ7,S26L,0.1951,benign,SDCCAG8,26.0
Q86SQ7,S26M,0.2963,benign,SDCCAG8,26.0
Q86SQ7,S26N,0.0878,benign,SDCCAG8,26.0
Q86SQ7,S26P,0.56,ambiguous,SDCCAG8,26.0
Q86SQ7,S26Q,0.3742,ambiguous,SDCCAG8,26.0
Q86SQ7,S26R,0.3376,benign,SDCCAG8,26.0
Q86SQ7,S26T,0.1058,benign,SDCCAG8,26.0
Q86SQ7,S26V,0.2395,benign,SDCCAG8,26.0
Q86SQ7,S26W,0.3509,ambiguous,SDCCAG8,26.0
Q86SQ7,S26Y,0.2131,benign,SDCCAG8,26.0
Q86SQ7,R27A,0.2298,benign,SDCCAG8,27.0
Q86SQ7,R27C,0.1575,benign,SDCCAG8,27.0
Q86SQ7,R27D,0.3943,ambiguous,SDCCAG8,27.0
Q86SQ7,R27E,0.1813,benign,SDCCAG8,27.0
Q86SQ7,R27F,0.3856,ambiguous,SDCCAG8,27.0
Q86SQ7,R27G,0.1372,benign,SDCCAG8,27.0
Q86SQ7,R27H,0.1087,benign,SDCCAG8,27.0
Q86SQ7,R27I,0.1733,benign,SDCCAG8,27.0
Q86SQ7,R27K,0.1068,benign,SDCCAG8,27.0
Q86SQ7,R27L,0.1765,benign,SDCCAG8,27.0
Q86SQ7,R27M,0.1966,benign,SDCCAG8,27.0
Q86SQ7,R27N,0.3828,ambiguous,SDCCAG8,27.0
Q86SQ7,R27P,0.5241,ambiguous,SDCCAG8,27.0
Q86SQ7,R27Q,0.0949,benign,SDCCAG8,27.0
Q86SQ7,R27S,0.2846,benign,SDCCAG8,27.0
Q86SQ7,R27T,0.1534,benign,SDCCAG8,27.0
Q86SQ7,R27V,0.2452,benign,SDCCAG8,27.0
Q86SQ7,R27W,0.1491,benign,SDCCAG8,27.0
Q86SQ7,R27Y,0.3024,benign,SDCCAG8,27.0
Q86SQ7,S28A,0.1795,benign,SDCCAG8,28.0
Q86SQ7,S28C,0.2244,benign,SDCCAG8,28.0
Q86SQ7,S28D,0.577,pathogenic,SDCCAG8,28.0
Q86SQ7,S28E,0.6882,pathogenic,SDCCAG8,28.0
Q86SQ7,S28F,0.4678,ambiguous,SDCCAG8,28.0
Q86SQ7,S28G,0.1825,benign,SDCCAG8,28.0
Q86SQ7,S28H,0.513,ambiguous,SDCCAG8,28.0
Q86SQ7,S28I,0.4594,ambiguous,SDCCAG8,28.0
Q86SQ7,S28K,0.7859,pathogenic,SDCCAG8,28.0
Q86SQ7,S28L,0.3233,benign,SDCCAG8,28.0
Q86SQ7,S28M,0.4652,ambiguous,SDCCAG8,28.0
Q86SQ7,S28N,0.3385,benign,SDCCAG8,28.0
Q86SQ7,S28P,0.6291,pathogenic,SDCCAG8,28.0
Q86SQ7,S28Q,0.6851,pathogenic,SDCCAG8,28.0
Q86SQ7,S28R,0.6874,pathogenic,SDCCAG8,28.0
Q86SQ7,S28T,0.1718,benign,SDCCAG8,28.0
Q86SQ7,S28V,0.4423,ambiguous,SDCCAG8,28.0
Q86SQ7,S28W,0.4707,ambiguous,SDCCAG8,28.0
Q86SQ7,S28Y,0.3442,ambiguous,SDCCAG8,28.0
Q86SQ7,I29A,0.5555,ambiguous,SDCCAG8,29.0
Q86SQ7,I29C,0.733,pathogenic,SDCCAG8,29.0
Q86SQ7,I29D,0.7908,pathogenic,SDCCAG8,29.0
Q86SQ7,I29E,0.7131,pathogenic,SDCCAG8,29.0
Q86SQ7,I29F,0.1531,benign,SDCCAG8,29.0
Q86SQ7,I29G,0.7725,pathogenic,SDCCAG8,29.0
Q86SQ7,I29H,0.5038,ambiguous,SDCCAG8,29.0
Q86SQ7,I29K,0.4488,ambiguous,SDCCAG8,29.0
Q86SQ7,I29L,0.1032,benign,SDCCAG8,29.0
Q86SQ7,I29M,0.1411,benign,SDCCAG8,29.0
Q86SQ7,I29N,0.3687,ambiguous,SDCCAG8,29.0
Q86SQ7,I29P,0.7834,pathogenic,SDCCAG8,29.0
Q86SQ7,I29Q,0.5195,ambiguous,SDCCAG8,29.0
Q86SQ7,I29R,0.3344,benign,SDCCAG8,29.0
Q86SQ7,I29S,0.4229,ambiguous,SDCCAG8,29.0
Q86SQ7,I29T,0.4816,ambiguous,SDCCAG8,29.0
Q86SQ7,I29V,0.1676,benign,SDCCAG8,29.0
Q86SQ7,I29W,0.6267,pathogenic,SDCCAG8,29.0
Q86SQ7,I29Y,0.4729,ambiguous,SDCCAG8,29.0
Q86SQ7,H30A,0.2348,benign,SDCCAG8,30.0
Q86SQ7,H30C,0.1428,benign,SDCCAG8,30.0
Q86SQ7,H30D,0.1592,benign,SDCCAG8,30.0
Q86SQ7,H30E,0.2207,benign,SDCCAG8,30.0
Q86SQ7,H30F,0.288,benign,SDCCAG8,30.0
Q86SQ7,H30G,0.2145,benign,SDCCAG8,30.0
Q86SQ7,H30I,0.2708,benign,SDCCAG8,30.0
Q86SQ7,H30K,0.21,benign,SDCCAG8,30.0
Q86SQ7,H30L,0.1065,benign,SDCCAG8,30.0
Q86SQ7,H30M,0.4559,ambiguous,SDCCAG8,30.0
Q86SQ7,H30N,0.1041,benign,SDCCAG8,30.0
Q86SQ7,H30P,0.176,benign,SDCCAG8,30.0
Q86SQ7,H30Q,0.1449,benign,SDCCAG8,30.0
Q86SQ7,H30R,0.0837,benign,SDCCAG8,30.0
Q86SQ7,H30S,0.1723,benign,SDCCAG8,30.0
Q86SQ7,H30T,0.2347,benign,SDCCAG8,30.0
Q86SQ7,H30V,0.2324,benign,SDCCAG8,30.0
Q86SQ7,H30W,0.3192,benign,SDCCAG8,30.0
Q86SQ7,H30Y,0.0915,benign,SDCCAG8,30.0
Q86SQ7,Q31A,0.272,benign,SDCCAG8,31.0
Q86SQ7,Q31C,0.6119,pathogenic,SDCCAG8,31.0
Q86SQ7,Q31D,0.3533,ambiguous,SDCCAG8,31.0
Q86SQ7,Q31E,0.0963,benign,SDCCAG8,31.0
Q86SQ7,Q31F,0.623,pathogenic,SDCCAG8,31.0
Q86SQ7,Q31G,0.2752,benign,SDCCAG8,31.0
Q86SQ7,Q31H,0.1851,benign,SDCCAG8,31.0
Q86SQ7,Q31I,0.4151,ambiguous,SDCCAG8,31.0
Q86SQ7,Q31K,0.1057,benign,SDCCAG8,31.0
Q86SQ7,Q31L,0.1565,benign,SDCCAG8,31.0
Q86SQ7,Q31M,0.4275,ambiguous,SDCCAG8,31.0
Q86SQ7,Q31N,0.3157,benign,SDCCAG8,31.0
Q86SQ7,Q31P,0.2579,benign,SDCCAG8,31.0
Q86SQ7,Q31R,0.0961,benign,SDCCAG8,31.0
Q86SQ7,Q31S,0.3179,benign,SDCCAG8,31.0
Q86SQ7,Q31T,0.2767,benign,SDCCAG8,31.0
Q86SQ7,Q31V,0.3035,benign,SDCCAG8,31.0
Q86SQ7,Q31W,0.4442,ambiguous,SDCCAG8,31.0
Q86SQ7,Q31Y,0.4099,ambiguous,SDCCAG8,31.0
Q86SQ7,L32A,0.5809,pathogenic,SDCCAG8,32.0
Q86SQ7,L32C,0.7786,pathogenic,SDCCAG8,32.0
Q86SQ7,L32D,0.8593,pathogenic,SDCCAG8,32.0
Q86SQ7,L32E,0.6209,pathogenic,SDCCAG8,32.0
Q86SQ7,L32F,0.3304,benign,SDCCAG8,32.0
Q86SQ7,L32G,0.7273,pathogenic,SDCCAG8,32.0
Q86SQ7,L32H,0.5157,ambiguous,SDCCAG8,32.0
Q86SQ7,L32I,0.212,benign,SDCCAG8,32.0
Q86SQ7,L32K,0.4437,ambiguous,SDCCAG8,32.0
Q86SQ7,L32M,0.2207,benign,SDCCAG8,32.0
Q86SQ7,L32N,0.7388,pathogenic,SDCCAG8,32.0
Q86SQ7,L32P,0.6563,pathogenic,SDCCAG8,32.0
Q86SQ7,L32Q,0.3973,ambiguous,SDCCAG8,32.0
Q86SQ7,L32R,0.3788,ambiguous,SDCCAG8,32.0
Q86SQ7,L32S,0.7377,pathogenic,SDCCAG8,32.0
Q86SQ7,L32T,0.6424,pathogenic,SDCCAG8,32.0
Q86SQ7,L32V,0.2299,benign,SDCCAG8,32.0
Q86SQ7,L32W,0.4444,ambiguous,SDCCAG8,32.0
Q86SQ7,L32Y,0.5884,pathogenic,SDCCAG8,32.0
Q86SQ7,T33A,0.0841,benign,SDCCAG8,33.0
Q86SQ7,T33C,0.3388,benign,SDCCAG8,33.0
Q86SQ7,T33D,0.295,benign,SDCCAG8,33.0
Q86SQ7,T33E,0.144,benign,SDCCAG8,33.0
Q86SQ7,T33F,0.253,benign,SDCCAG8,33.0
Q86SQ7,T33G,0.1851,benign,SDCCAG8,33.0
Q86SQ7,T33H,0.1291,benign,SDCCAG8,33.0
Q86SQ7,T33I,0.1578,benign,SDCCAG8,33.0
Q86SQ7,T33K,0.0529,benign,SDCCAG8,33.0
Q86SQ7,T33L,0.1092,benign,SDCCAG8,33.0
Q86SQ7,T33M,0.0965,benign,SDCCAG8,33.0
Q86SQ7,T33N,0.11,benign,SDCCAG8,33.0
Q86SQ7,T33P,0.1628,benign,SDCCAG8,33.0
Q86SQ7,T33Q,0.0849,benign,SDCCAG8,33.0
Q86SQ7,T33R,0.0625,benign,SDCCAG8,33.0
Q86SQ7,T33S,0.1069,benign,SDCCAG8,33.0
Q86SQ7,T33V,0.1656,benign,SDCCAG8,33.0
Q86SQ7,T33W,0.3905,ambiguous,SDCCAG8,33.0
Q86SQ7,T33Y,0.2064,benign,SDCCAG8,33.0
Q86SQ7,C34A,0.144,benign,SDCCAG8,34.0
Q86SQ7,C34D,0.1481,benign,SDCCAG8,34.0
Q86SQ7,C34E,0.2772,benign,SDCCAG8,34.0
Q86SQ7,C34F,0.086,benign,SDCCAG8,34.0
Q86SQ7,C34G,0.0632,benign,SDCCAG8,34.0
Q86SQ7,C34H,0.1195,benign,SDCCAG8,34.0
Q86SQ7,C34I,0.2272,benign,SDCCAG8,34.0
Q86SQ7,C34K,0.2725,benign,SDCCAG8,34.0
Q86SQ7,C34L,0.2114,benign,SDCCAG8,34.0
Q86SQ7,C34M,0.3528,ambiguous,SDCCAG8,34.0
Q86SQ7,C34N,0.1403,benign,SDCCAG8,34.0
Q86SQ7,C34P,0.4769,ambiguous,SDCCAG8,34.0
Q86SQ7,C34Q,0.2155,benign,SDCCAG8,34.0
Q86SQ7,C34R,0.1057,benign,SDCCAG8,34.0
Q86SQ7,C34S,0.0917,benign,SDCCAG8,34.0
Q86SQ7,C34T,0.1639,benign,SDCCAG8,34.0
Q86SQ7,C34V,0.1973,benign,SDCCAG8,34.0
Q86SQ7,C34W,0.166,benign,SDCCAG8,34.0
Q86SQ7,C34Y,0.0792,benign,SDCCAG8,34.0
Q86SQ7,A35C,0.3544,ambiguous,SDCCAG8,35.0
Q86SQ7,A35D,0.225,benign,SDCCAG8,35.0
Q86SQ7,A35E,0.243,benign,SDCCAG8,35.0
Q86SQ7,A35F,0.211,benign,SDCCAG8,35.0
Q86SQ7,A35G,0.138,benign,SDCCAG8,35.0
Q86SQ7,A35H,0.339,benign,SDCCAG8,35.0
Q86SQ7,A35I,0.1672,benign,SDCCAG8,35.0
Q86SQ7,A35K,0.3456,ambiguous,SDCCAG8,35.0
Q86SQ7,A35L,0.1481,benign,SDCCAG8,35.0
Q86SQ7,A35M,0.2203,benign,SDCCAG8,35.0
Q86SQ7,A35N,0.2367,benign,SDCCAG8,35.0
Q86SQ7,A35P,0.2554,benign,SDCCAG8,35.0
Q86SQ7,A35Q,0.3097,benign,SDCCAG8,35.0
Q86SQ7,A35R,0.2623,benign,SDCCAG8,35.0
Q86SQ7,A35S,0.0977,benign,SDCCAG8,35.0
Q86SQ7,A35T,0.0815,benign,SDCCAG8,35.0
Q86SQ7,A35V,0.0956,benign,SDCCAG8,35.0
Q86SQ7,A35W,0.5729,pathogenic,SDCCAG8,35.0
Q86SQ7,A35Y,0.3328,benign,SDCCAG8,35.0
Q86SQ7,L36A,0.3217,benign,SDCCAG8,36.0
Q86SQ7,L36C,0.5122,ambiguous,SDCCAG8,36.0
Q86SQ7,L36D,0.7009,pathogenic,SDCCAG8,36.0
Q86SQ7,L36E,0.3744,ambiguous,SDCCAG8,36.0
Q86SQ7,L36F,0.1295,benign,SDCCAG8,36.0
Q86SQ7,L36G,0.478,ambiguous,SDCCAG8,36.0
Q86SQ7,L36H,0.2862,benign,SDCCAG8,36.0
Q86SQ7,L36I,0.111,benign,SDCCAG8,36.0
Q86SQ7,L36K,0.2638,benign,SDCCAG8,36.0
Q86SQ7,L36M,0.1367,benign,SDCCAG8,36.0
Q86SQ7,L36N,0.5069,ambiguous,SDCCAG8,36.0
Q86SQ7,L36P,0.3356,benign,SDCCAG8,36.0
Q86SQ7,L36Q,0.1887,benign,SDCCAG8,36.0
Q86SQ7,L36R,0.1898,benign,SDCCAG8,36.0
Q86SQ7,L36S,0.3646,ambiguous,SDCCAG8,36.0
Q86SQ7,L36T,0.3222,benign,SDCCAG8,36.0
Q86SQ7,L36V,0.1158,benign,SDCCAG8,36.0
Q86SQ7,L36W,0.1782,benign,SDCCAG8,36.0
Q86SQ7,L36Y,0.3871,ambiguous,SDCCAG8,36.0
Q86SQ7,K37A,0.1821,benign,SDCCAG8,37.0
Q86SQ7,K37C,0.4985,ambiguous,SDCCAG8,37.0
Q86SQ7,K37D,0.2714,benign,SDCCAG8,37.0
Q86SQ7,K37E,0.0804,benign,SDCCAG8,37.0
Q86SQ7,K37F,0.5519,ambiguous,SDCCAG8,37.0
Q86SQ7,K37G,0.167,benign,SDCCAG8,37.0
Q86SQ7,K37H,0.2151,benign,SDCCAG8,37.0
Q86SQ7,K37I,0.2571,benign,SDCCAG8,37.0
Q86SQ7,K37L,0.2149,benign,SDCCAG8,37.0
Q86SQ7,K37M,0.1646,benign,SDCCAG8,37.0
Q86SQ7,K37N,0.2026,benign,SDCCAG8,37.0
Q86SQ7,K37P,0.3534,ambiguous,SDCCAG8,37.0
Q86SQ7,K37Q,0.0908,benign,SDCCAG8,37.0
Q86SQ7,K37R,0.0626,benign,SDCCAG8,37.0
Q86SQ7,K37S,0.2153,benign,SDCCAG8,37.0
Q86SQ7,K37T,0.114,benign,SDCCAG8,37.0
Q86SQ7,K37V,0.2285,benign,SDCCAG8,37.0
Q86SQ7,K37W,0.4829,ambiguous,SDCCAG8,37.0
Q86SQ7,K37Y,0.4166,ambiguous,SDCCAG8,37.0
Q86SQ7,E38A,0.1137,benign,SDCCAG8,38.0
Q86SQ7,E38C,0.6624,pathogenic,SDCCAG8,38.0
Q86SQ7,E38D,0.0949,benign,SDCCAG8,38.0
Q86SQ7,E38F,0.5446,ambiguous,SDCCAG8,38.0
Q86SQ7,E38G,0.0863,benign,SDCCAG8,38.0
Q86SQ7,E38H,0.2881,benign,SDCCAG8,38.0
Q86SQ7,E38I,0.2957,benign,SDCCAG8,38.0
Q86SQ7,E38K,0.0906,benign,SDCCAG8,38.0
Q86SQ7,E38L,0.2957,benign,SDCCAG8,38.0
Q86SQ7,E38M,0.361,ambiguous,SDCCAG8,38.0
Q86SQ7,E38N,0.1773,benign,SDCCAG8,38.0
Q86SQ7,E38P,0.3405,ambiguous,SDCCAG8,38.0
Q86SQ7,E38Q,0.1222,benign,SDCCAG8,38.0
Q86SQ7,E38R,0.1477,benign,SDCCAG8,38.0
Q86SQ7,E38S,0.1639,benign,SDCCAG8,38.0
Q86SQ7,E38T,0.1732,benign,SDCCAG8,38.0
Q86SQ7,E38V,0.1616,benign,SDCCAG8,38.0
Q86SQ7,E38W,0.6503,pathogenic,SDCCAG8,38.0
Q86SQ7,E38Y,0.3684,ambiguous,SDCCAG8,38.0
Q86SQ7,G39A,0.104,benign,SDCCAG8,39.0
Q86SQ7,G39C,0.1591,benign,SDCCAG8,39.0
Q86SQ7,G39D,0.1001,benign,SDCCAG8,39.0
Q86SQ7,G39E,0.1106,benign,SDCCAG8,39.0
Q86SQ7,G39F,0.3903,ambiguous,SDCCAG8,39.0
Q86SQ7,G39H,0.2214,benign,SDCCAG8,39.0
Q86SQ7,G39I,0.1852,benign,SDCCAG8,39.0
Q86SQ7,G39K,0.1923,benign,SDCCAG8,39.0
Q86SQ7,G39L,0.3176,benign,SDCCAG8,39.0
Q86SQ7,G39M,0.323,benign,SDCCAG8,39.0
Q86SQ7,G39N,0.1735,benign,SDCCAG8,39.0
Q86SQ7,G39P,0.4684,ambiguous,SDCCAG8,39.0
Q86SQ7,G39Q,0.199,benign,SDCCAG8,39.0
Q86SQ7,G39R,0.1381,benign,SDCCAG8,39.0
Q86SQ7,G39S,0.0946,benign,SDCCAG8,39.0
Q86SQ7,G39T,0.1207,benign,SDCCAG8,39.0
Q86SQ7,G39V,0.1207,benign,SDCCAG8,39.0
Q86SQ7,G39W,0.2361,benign,SDCCAG8,39.0
Q86SQ7,G39Y,0.2239,benign,SDCCAG8,39.0
Q86SQ7,D40A,0.095,benign,SDCCAG8,40.0
Q86SQ7,D40C,0.2697,benign,SDCCAG8,40.0
Q86SQ7,D40E,0.119,benign,SDCCAG8,40.0
Q86SQ7,D40F,0.2602,benign,SDCCAG8,40.0
Q86SQ7,D40G,0.0857,benign,SDCCAG8,40.0
Q86SQ7,D40H,0.1185,benign,SDCCAG8,40.0
Q86SQ7,D40I,0.1663,benign,SDCCAG8,40.0
Q86SQ7,D40K,0.1592,benign,SDCCAG8,40.0
Q86SQ7,D40L,0.1814,benign,SDCCAG8,40.0
Q86SQ7,D40M,0.3318,benign,SDCCAG8,40.0
Q86SQ7,D40N,0.0733,benign,SDCCAG8,40.0
Q86SQ7,D40P,0.2846,benign,SDCCAG8,40.0
Q86SQ7,D40Q,0.1759,benign,SDCCAG8,40.0
Q86SQ7,D40R,0.1458,benign,SDCCAG8,40.0
Q86SQ7,D40S,0.0908,benign,SDCCAG8,40.0
Q86SQ7,D40T,0.1307,benign,SDCCAG8,40.0
Q86SQ7,D40V,0.1085,benign,SDCCAG8,40.0
Q86SQ7,D40W,0.5485,ambiguous,SDCCAG8,40.0
Q86SQ7,D40Y,0.1065,benign,SDCCAG8,40.0
Q86SQ7,V41A,0.0962,benign,SDCCAG8,41.0
Q86SQ7,V41C,0.3885,ambiguous,SDCCAG8,41.0
Q86SQ7,V41D,0.0908,benign,SDCCAG8,41.0
Q86SQ7,V41E,0.1187,benign,SDCCAG8,41.0
Q86SQ7,V41F,0.0878,benign,SDCCAG8,41.0
Q86SQ7,V41G,0.0867,benign,SDCCAG8,41.0
Q86SQ7,V41H,0.2336,benign,SDCCAG8,41.0
Q86SQ7,V41I,0.0786,benign,SDCCAG8,41.0
Q86SQ7,V41K,0.1581,benign,SDCCAG8,41.0
Q86SQ7,V41L,0.1211,benign,SDCCAG8,41.0
Q86SQ7,V41M,0.1004,benign,SDCCAG8,41.0
Q86SQ7,V41N,0.1146,benign,SDCCAG8,41.0
Q86SQ7,V41P,0.2053,benign,SDCCAG8,41.0
Q86SQ7,V41Q,0.1676,benign,SDCCAG8,41.0
Q86SQ7,V41R,0.1279,benign,SDCCAG8,41.0
Q86SQ7,V41S,0.1065,benign,SDCCAG8,41.0
Q86SQ7,V41T,0.1159,benign,SDCCAG8,41.0
Q86SQ7,V41W,0.4008,ambiguous,SDCCAG8,41.0
Q86SQ7,V41Y,0.2352,benign,SDCCAG8,41.0
Q86SQ7,T42A,0.0691,benign,SDCCAG8,42.0
Q86SQ7,T42C,0.271,benign,SDCCAG8,42.0
Q86SQ7,T42D,0.1749,benign,SDCCAG8,42.0
Q86SQ7,T42E,0.1669,benign,SDCCAG8,42.0
Q86SQ7,T42F,0.1574,benign,SDCCAG8,42.0
Q86SQ7,T42G,0.151,benign,SDCCAG8,42.0
Q86SQ7,T42H,0.1589,benign,SDCCAG8,42.0
Q86SQ7,T42I,0.1244,benign,SDCCAG8,42.0
Q86SQ7,T42K,0.1382,benign,SDCCAG8,42.0
Q86SQ7,T42L,0.0953,benign,SDCCAG8,42.0
Q86SQ7,T42M,0.0897,benign,SDCCAG8,42.0
Q86SQ7,T42N,0.0953,benign,SDCCAG8,42.0
Q86SQ7,T42P,0.0827,benign,SDCCAG8,42.0
Q86SQ7,T42Q,0.1595,benign,SDCCAG8,42.0
Q86SQ7,T42R,0.1093,benign,SDCCAG8,42.0
Q86SQ7,T42S,0.0952,benign,SDCCAG8,42.0
Q86SQ7,T42V,0.1218,benign,SDCCAG8,42.0
Q86SQ7,T42W,0.3331,benign,SDCCAG8,42.0
Q86SQ7,T42Y,0.1807,benign,SDCCAG8,42.0
Q86SQ7,I43A,0.0664,benign,SDCCAG8,43.0
Q86SQ7,I43C,0.3059,benign,SDCCAG8,43.0
Q86SQ7,I43D,0.1791,benign,SDCCAG8,43.0
Q86SQ7,I43E,0.1429,benign,SDCCAG8,43.0
Q86SQ7,I43F,0.0757,benign,SDCCAG8,43.0
Q86SQ7,I43G,0.1773,benign,SDCCAG8,43.0
Q86SQ7,I43H,0.1669,benign,SDCCAG8,43.0
Q86SQ7,I43K,0.1111,benign,SDCCAG8,43.0
Q86SQ7,I43L,0.0779,benign,SDCCAG8,43.0
Q86SQ7,I43M,0.0686,benign,SDCCAG8,43.0
Q86SQ7,I43N,0.1008,benign,SDCCAG8,43.0
Q86SQ7,I43P,0.1361,benign,SDCCAG8,43.0
Q86SQ7,I43Q,0.1509,benign,SDCCAG8,43.0
Q86SQ7,I43R,0.075,benign,SDCCAG8,43.0
Q86SQ7,I43S,0.0827,benign,SDCCAG8,43.0
Q86SQ7,I43T,0.0479,benign,SDCCAG8,43.0
Q86SQ7,I43V,0.0569,benign,SDCCAG8,43.0
Q86SQ7,I43W,0.3156,benign,SDCCAG8,43.0
Q86SQ7,I43Y,0.2255,benign,SDCCAG8,43.0
Q86SQ7,G44A,0.0996,benign,SDCCAG8,44.0
Q86SQ7,G44C,0.14,benign,SDCCAG8,44.0
Q86SQ7,G44D,0.1071,benign,SDCCAG8,44.0
Q86SQ7,G44E,0.0837,benign,SDCCAG8,44.0
Q86SQ7,G44F,0.3296,benign,SDCCAG8,44.0
Q86SQ7,G44H,0.1861,benign,SDCCAG8,44.0
Q86SQ7,G44I,0.1642,benign,SDCCAG8,44.0
Q86SQ7,G44K,0.1432,benign,SDCCAG8,44.0
Q86SQ7,G44L,0.2133,benign,SDCCAG8,44.0
Q86SQ7,G44M,0.2617,benign,SDCCAG8,44.0
Q86SQ7,G44N,0.2007,benign,SDCCAG8,44.0
Q86SQ7,G44P,0.3336,benign,SDCCAG8,44.0
Q86SQ7,G44Q,0.1307,benign,SDCCAG8,44.0
Q86SQ7,G44R,0.0939,benign,SDCCAG8,44.0
Q86SQ7,G44S,0.0934,benign,SDCCAG8,44.0
Q86SQ7,G44T,0.109,benign,SDCCAG8,44.0
Q86SQ7,G44V,0.1109,benign,SDCCAG8,44.0
Q86SQ7,G44W,0.1495,benign,SDCCAG8,44.0
Q86SQ7,G44Y,0.2278,benign,SDCCAG8,44.0
Q86SQ7,E45A,0.1142,benign,SDCCAG8,45.0
Q86SQ7,E45C,0.543,ambiguous,SDCCAG8,45.0
Q86SQ7,E45D,0.099,benign,SDCCAG8,45.0
Q86SQ7,E45F,0.4194,ambiguous,SDCCAG8,45.0
Q86SQ7,E45G,0.0756,benign,SDCCAG8,45.0
Q86SQ7,E45H,0.2448,benign,SDCCAG8,45.0
Q86SQ7,E45I,0.2344,benign,SDCCAG8,45.0
Q86SQ7,E45K,0.0719,benign,SDCCAG8,45.0
Q86SQ7,E45L,0.2246,benign,SDCCAG8,45.0
Q86SQ7,E45M,0.2647,benign,SDCCAG8,45.0
Q86SQ7,E45N,0.1625,benign,SDCCAG8,45.0
Q86SQ7,E45P,0.2825,benign,SDCCAG8,45.0
Q86SQ7,E45Q,0.1058,benign,SDCCAG8,45.0
Q86SQ7,E45R,0.1131,benign,SDCCAG8,45.0
Q86SQ7,E45S,0.1367,benign,SDCCAG8,45.0
Q86SQ7,E45T,0.1511,benign,SDCCAG8,45.0
Q86SQ7,E45V,0.1442,benign,SDCCAG8,45.0
Q86SQ7,E45W,0.5387,ambiguous,SDCCAG8,45.0
Q86SQ7,E45Y,0.3235,benign,SDCCAG8,45.0
Q86SQ7,D46A,0.086,benign,SDCCAG8,46.0
Q86SQ7,D46C,0.2722,benign,SDCCAG8,46.0
Q86SQ7,D46E,0.1087,benign,SDCCAG8,46.0
Q86SQ7,D46F,0.2527,benign,SDCCAG8,46.0
Q86SQ7,D46G,0.0671,benign,SDCCAG8,46.0
Q86SQ7,D46H,0.1321,benign,SDCCAG8,46.0
Q86SQ7,D46I,0.1573,benign,SDCCAG8,46.0
Q86SQ7,D46K,0.1576,benign,SDCCAG8,46.0
Q86SQ7,D46L,0.1731,benign,SDCCAG8,46.0
Q86SQ7,D46M,0.3128,benign,SDCCAG8,46.0
Q86SQ7,D46N,0.0808,benign,SDCCAG8,46.0
Q86SQ7,D46P,0.2685,benign,SDCCAG8,46.0
Q86SQ7,D46Q,0.1793,benign,SDCCAG8,46.0
Q86SQ7,D46R,0.1529,benign,SDCCAG8,46.0
Q86SQ7,D46S,0.0918,benign,SDCCAG8,46.0
Q86SQ7,D46T,0.1226,benign,SDCCAG8,46.0
Q86SQ7,D46V,0.0937,benign,SDCCAG8,46.0
Q86SQ7,D46W,0.5284,ambiguous,SDCCAG8,46.0
Q86SQ7,D46Y,0.0972,benign,SDCCAG8,46.0
Q86SQ7,A47C,0.2667,benign,SDCCAG8,47.0
Q86SQ7,A47D,0.1053,benign,SDCCAG8,47.0
Q86SQ7,A47E,0.1101,benign,SDCCAG8,47.0
Q86SQ7,A47F,0.1413,benign,SDCCAG8,47.0
Q86SQ7,A47G,0.0957,benign,SDCCAG8,47.0
Q86SQ7,A47H,0.202,benign,SDCCAG8,47.0
Q86SQ7,A47I,0.1187,benign,SDCCAG8,47.0
Q86SQ7,A47K,0.1655,benign,SDCCAG8,47.0
Q86SQ7,A47L,0.0986,benign,SDCCAG8,47.0
Q86SQ7,A47M,0.1263,benign,SDCCAG8,47.0
Q86SQ7,A47N,0.1351,benign,SDCCAG8,47.0
Q86SQ7,A47P,0.1005,benign,SDCCAG8,47.0
Q86SQ7,A47Q,0.1675,benign,SDCCAG8,47.0
Q86SQ7,A47R,0.146,benign,SDCCAG8,47.0
Q86SQ7,A47S,0.0794,benign,SDCCAG8,47.0
Q86SQ7,A47T,0.0657,benign,SDCCAG8,47.0
Q86SQ7,A47V,0.0782,benign,SDCCAG8,47.0
Q86SQ7,A47W,0.3639,ambiguous,SDCCAG8,47.0
Q86SQ7,A47Y,0.1987,benign,SDCCAG8,47.0
Q86SQ7,P48A,0.0661,benign,SDCCAG8,48.0
Q86SQ7,P48C,0.1961,benign,SDCCAG8,48.0
Q86SQ7,P48D,0.1457,benign,SDCCAG8,48.0
Q86SQ7,P48E,0.1074,benign,SDCCAG8,48.0
Q86SQ7,P48F,0.2191,benign,SDCCAG8,48.0
Q86SQ7,P48G,0.129,benign,SDCCAG8,48.0
Q86SQ7,P48H,0.0992,benign,SDCCAG8,48.0
Q86SQ7,P48I,0.1499,benign,SDCCAG8,48.0
Q86SQ7,P48K,0.1203,benign,SDCCAG8,48.0
Q86SQ7,P48L,0.0767,benign,SDCCAG8,48.0
Q86SQ7,P48M,0.1604,benign,SDCCAG8,48.0
Q86SQ7,P48N,0.1481,benign,SDCCAG8,48.0
Q86SQ7,P48Q,0.0849,benign,SDCCAG8,48.0
Q86SQ7,P48R,0.0865,benign,SDCCAG8,48.0
Q86SQ7,P48S,0.0789,benign,SDCCAG8,48.0
Q86SQ7,P48T,0.0675,benign,SDCCAG8,48.0
Q86SQ7,P48V,0.1129,benign,SDCCAG8,48.0
Q86SQ7,P48W,0.22,benign,SDCCAG8,48.0
Q86SQ7,P48Y,0.1929,benign,SDCCAG8,48.0
Q86SQ7,N49A,0.0993,benign,SDCCAG8,49.0
Q86SQ7,N49C,0.1367,benign,SDCCAG8,49.0
Q86SQ7,N49D,0.0578,benign,SDCCAG8,49.0
Q86SQ7,N49E,0.1292,benign,SDCCAG8,49.0
Q86SQ7,N49F,0.2284,benign,SDCCAG8,49.0
Q86SQ7,N49G,0.129,benign,SDCCAG8,49.0
Q86SQ7,N49H,0.0689,benign,SDCCAG8,49.0
Q86SQ7,N49I,0.0985,benign,SDCCAG8,49.0
Q86SQ7,N49K,0.1188,benign,SDCCAG8,49.0
Q86SQ7,N49L,0.116,benign,SDCCAG8,49.0
Q86SQ7,N49M,0.2055,benign,SDCCAG8,49.0
Q86SQ7,N49P,0.1465,benign,SDCCAG8,49.0
Q86SQ7,N49Q,0.1496,benign,SDCCAG8,49.0
Q86SQ7,N49R,0.1227,benign,SDCCAG8,49.0
Q86SQ7,N49S,0.066,benign,SDCCAG8,49.0
Q86SQ7,N49T,0.0799,benign,SDCCAG8,49.0
Q86SQ7,N49V,0.0984,benign,SDCCAG8,49.0
Q86SQ7,N49W,0.4232,ambiguous,SDCCAG8,49.0
Q86SQ7,N49Y,0.0877,benign,SDCCAG8,49.0
Q86SQ7,L50A,0.0926,benign,SDCCAG8,50.0
Q86SQ7,L50C,0.1794,benign,SDCCAG8,50.0
Q86SQ7,L50D,0.1652,benign,SDCCAG8,50.0
Q86SQ7,L50E,0.1212,benign,SDCCAG8,50.0
Q86SQ7,L50F,0.0738,benign,SDCCAG8,50.0
Q86SQ7,L50G,0.1564,benign,SDCCAG8,50.0
Q86SQ7,L50H,0.0767,benign,SDCCAG8,50.0
Q86SQ7,L50I,0.0701,benign,SDCCAG8,50.0
Q86SQ7,L50K,0.1221,benign,SDCCAG8,50.0
Q86SQ7,L50M,0.0966,benign,SDCCAG8,50.0
Q86SQ7,L50N,0.1251,benign,SDCCAG8,50.0
Q86SQ7,L50P,0.0521,benign,SDCCAG8,50.0
Q86SQ7,L50Q,0.0759,benign,SDCCAG8,50.0
Q86SQ7,L50R,0.0734,benign,SDCCAG8,50.0
Q86SQ7,L50S,0.0827,benign,SDCCAG8,50.0
Q86SQ7,L50T,0.0893,benign,SDCCAG8,50.0
Q86SQ7,L50V,0.0658,benign,SDCCAG8,50.0
Q86SQ7,L50W,0.1011,benign,SDCCAG8,50.0
Q86SQ7,L50Y,0.13,benign,SDCCAG8,50.0
Q86SQ7,S51A,0.078,benign,SDCCAG8,51.0
Q86SQ7,S51C,0.0826,benign,SDCCAG8,51.0
Q86SQ7,S51D,0.1947,benign,SDCCAG8,51.0
Q86SQ7,S51E,0.2568,benign,SDCCAG8,51.0
Q86SQ7,S51F,0.1163,benign,SDCCAG8,51.0
Q86SQ7,S51G,0.0907,benign,SDCCAG8,51.0
Q86SQ7,S51H,0.191,benign,SDCCAG8,51.0
Q86SQ7,S51I,0.115,benign,SDCCAG8,51.0
Q86SQ7,S51K,0.3924,ambiguous,SDCCAG8,51.0
Q86SQ7,S51L,0.0819,benign,SDCCAG8,51.0
Q86SQ7,S51M,0.1889,benign,SDCCAG8,51.0
Q86SQ7,S51N,0.1292,benign,SDCCAG8,51.0
Q86SQ7,S51P,0.0639,benign,SDCCAG8,51.0
Q86SQ7,S51Q,0.2947,benign,SDCCAG8,51.0
Q86SQ7,S51R,0.2833,benign,SDCCAG8,51.0
Q86SQ7,S51T,0.0759,benign,SDCCAG8,51.0
Q86SQ7,S51V,0.1281,benign,SDCCAG8,51.0
Q86SQ7,S51W,0.1603,benign,SDCCAG8,51.0
Q86SQ7,S51Y,0.107,benign,SDCCAG8,51.0
Q86SQ7,F52A,0.1442,benign,SDCCAG8,52.0
Q86SQ7,F52C,0.0935,benign,SDCCAG8,52.0
Q86SQ7,F52D,0.1676,benign,SDCCAG8,52.0
Q86SQ7,F52E,0.2744,benign,SDCCAG8,52.0
Q86SQ7,F52G,0.2172,benign,SDCCAG8,52.0
Q86SQ7,F52H,0.2202,benign,SDCCAG8,52.0
Q86SQ7,F52I,0.0698,benign,SDCCAG8,52.0
Q86SQ7,F52K,0.324,benign,SDCCAG8,52.0
Q86SQ7,F52L,0.409,ambiguous,SDCCAG8,52.0
Q86SQ7,F52M,0.2445,benign,SDCCAG8,52.0
Q86SQ7,F52N,0.1779,benign,SDCCAG8,52.0
Q86SQ7,F52P,0.2874,benign,SDCCAG8,52.0
Q86SQ7,F52Q,0.2875,benign,SDCCAG8,52.0
Q86SQ7,F52R,0.2214,benign,SDCCAG8,52.0
Q86SQ7,F52S,0.0969,benign,SDCCAG8,52.0
Q86SQ7,F52T,0.1445,benign,SDCCAG8,52.0
Q86SQ7,F52V,0.0714,benign,SDCCAG8,52.0
Q86SQ7,F52W,0.2263,benign,SDCCAG8,52.0
Q86SQ7,F52Y,0.0983,benign,SDCCAG8,52.0
Q86SQ7,S53A,0.0924,benign,SDCCAG8,53.0
Q86SQ7,S53C,0.0798,benign,SDCCAG8,53.0
Q86SQ7,S53D,0.1295,benign,SDCCAG8,53.0
Q86SQ7,S53E,0.2085,benign,SDCCAG8,53.0
Q86SQ7,S53F,0.148,benign,SDCCAG8,53.0
Q86SQ7,S53G,0.0634,benign,SDCCAG8,53.0
Q86SQ7,S53H,0.143,benign,SDCCAG8,53.0
Q86SQ7,S53I,0.0973,benign,SDCCAG8,53.0
Q86SQ7,S53K,0.2834,benign,SDCCAG8,53.0
Q86SQ7,S53L,0.102,benign,SDCCAG8,53.0
Q86SQ7,S53M,0.1882,benign,SDCCAG8,53.0
Q86SQ7,S53N,0.0889,benign,SDCCAG8,53.0
Q86SQ7,S53P,0.0983,benign,SDCCAG8,53.0
Q86SQ7,S53Q,0.2237,benign,SDCCAG8,53.0
Q86SQ7,S53R,0.1849,benign,SDCCAG8,53.0
Q86SQ7,S53T,0.0791,benign,SDCCAG8,53.0
Q86SQ7,S53V,0.1316,benign,SDCCAG8,53.0
Q86SQ7,S53W,0.1998,benign,SDCCAG8,53.0
Q86SQ7,S53Y,0.1277,benign,SDCCAG8,53.0
Q86SQ7,T54A,0.0649,benign,SDCCAG8,54.0
Q86SQ7,T54C,0.2526,benign,SDCCAG8,54.0
Q86SQ7,T54D,0.1533,benign,SDCCAG8,54.0
Q86SQ7,T54E,0.1465,benign,SDCCAG8,54.0
Q86SQ7,T54F,0.1475,benign,SDCCAG8,54.0
Q86SQ7,T54G,0.1365,benign,SDCCAG8,54.0
Q86SQ7,T54H,0.1386,benign,SDCCAG8,54.0
Q86SQ7,T54I,0.1111,benign,SDCCAG8,54.0
Q86SQ7,T54K,0.1269,benign,SDCCAG8,54.0
Q86SQ7,T54L,0.0865,benign,SDCCAG8,54.0
Q86SQ7,T54M,0.094,benign,SDCCAG8,54.0
Q86SQ7,T54N,0.0912,benign,SDCCAG8,54.0
Q86SQ7,T54P,0.0668,benign,SDCCAG8,54.0
Q86SQ7,T54Q,0.1479,benign,SDCCAG8,54.0
Q86SQ7,T54R,0.0983,benign,SDCCAG8,54.0
Q86SQ7,T54S,0.0885,benign,SDCCAG8,54.0
Q86SQ7,T54V,0.1044,benign,SDCCAG8,54.0
Q86SQ7,T54W,0.3062,benign,SDCCAG8,54.0
Q86SQ7,T54Y,0.1527,benign,SDCCAG8,54.0
Q86SQ7,S55A,0.0737,benign,SDCCAG8,55.0
Q86SQ7,S55C,0.0833,benign,SDCCAG8,55.0
Q86SQ7,S55D,0.1091,benign,SDCCAG8,55.0
Q86SQ7,S55E,0.1681,benign,SDCCAG8,55.0
Q86SQ7,S55F,0.146,benign,SDCCAG8,55.0
Q86SQ7,S55G,0.0601,benign,SDCCAG8,55.0
Q86SQ7,S55H,0.1327,benign,SDCCAG8,55.0
Q86SQ7,S55I,0.0947,benign,SDCCAG8,55.0
Q86SQ7,S55K,0.2225,benign,SDCCAG8,55.0
Q86SQ7,S55L,0.1028,benign,SDCCAG8,55.0
Q86SQ7,S55M,0.1635,benign,SDCCAG8,55.0
Q86SQ7,S55N,0.0763,benign,SDCCAG8,55.0
Q86SQ7,S55P,0.105,benign,SDCCAG8,55.0
Q86SQ7,S55Q,0.2062,benign,SDCCAG8,55.0
Q86SQ7,S55R,0.1483,benign,SDCCAG8,55.0
Q86SQ7,S55T,0.0687,benign,SDCCAG8,55.0
Q86SQ7,S55V,0.1151,benign,SDCCAG8,55.0
Q86SQ7,S55W,0.1774,benign,SDCCAG8,55.0
Q86SQ7,S55Y,0.1245,benign,SDCCAG8,55.0
Q86SQ7,V56A,0.0694,benign,SDCCAG8,56.0
Q86SQ7,V56C,0.3491,ambiguous,SDCCAG8,56.0
Q86SQ7,V56D,0.0931,benign,SDCCAG8,56.0
Q86SQ7,V56E,0.086,benign,SDCCAG8,56.0
Q86SQ7,V56F,0.0786,benign,SDCCAG8,56.0
Q86SQ7,V56G,0.0759,benign,SDCCAG8,56.0
Q86SQ7,V56H,0.1843,benign,SDCCAG8,56.0
Q86SQ7,V56I,0.0773,benign,SDCCAG8,56.0
Q86SQ7,V56K,0.1044,benign,SDCCAG8,56.0
Q86SQ7,V56L,0.0932,benign,SDCCAG8,56.0
Q86SQ7,V56M,0.0856,benign,SDCCAG8,56.0
Q86SQ7,V56N,0.1125,benign,SDCCAG8,56.0
Q86SQ7,V56P,0.1256,benign,SDCCAG8,56.0
Q86SQ7,V56Q,0.1182,benign,SDCCAG8,56.0
Q86SQ7,V56R,0.0873,benign,SDCCAG8,56.0
Q86SQ7,V56S,0.0876,benign,SDCCAG8,56.0
Q86SQ7,V56T,0.0815,benign,SDCCAG8,56.0
Q86SQ7,V56W,0.2836,benign,SDCCAG8,56.0
Q86SQ7,V56Y,0.2128,benign,SDCCAG8,56.0
Q86SQ7,G57A,0.1058,benign,SDCCAG8,57.0
Q86SQ7,G57C,0.1315,benign,SDCCAG8,57.0
Q86SQ7,G57D,0.0998,benign,SDCCAG8,57.0
Q86SQ7,G57E,0.091,benign,SDCCAG8,57.0
Q86SQ7,G57F,0.3057,benign,SDCCAG8,57.0
Q86SQ7,G57H,0.2018,benign,SDCCAG8,57.0
Q86SQ7,G57I,0.1542,benign,SDCCAG8,57.0
Q86SQ7,G57K,0.1795,benign,SDCCAG8,57.0
Q86SQ7,G57L,0.2161,benign,SDCCAG8,57.0
Q86SQ7,G57M,0.2635,benign,SDCCAG8,57.0
Q86SQ7,G57N,0.1725,benign,SDCCAG8,57.0
Q86SQ7,G57P,0.3032,benign,SDCCAG8,57.0
Q86SQ7,G57Q,0.1534,benign,SDCCAG8,57.0
Q86SQ7,G57R,0.1214,benign,SDCCAG8,57.0
Q86SQ7,G57S,0.0919,benign,SDCCAG8,57.0
Q86SQ7,G57T,0.1174,benign,SDCCAG8,57.0
Q86SQ7,G57V,0.1084,benign,SDCCAG8,57.0
Q86SQ7,G57W,0.1748,benign,SDCCAG8,57.0
Q86SQ7,G57Y,0.2093,benign,SDCCAG8,57.0
Q86SQ7,N58A,0.1156,benign,SDCCAG8,58.0
Q86SQ7,N58C,0.1513,benign,SDCCAG8,58.0
Q86SQ7,N58D,0.0662,benign,SDCCAG8,58.0
Q86SQ7,N58E,0.1276,benign,SDCCAG8,58.0
Q86SQ7,N58F,0.2556,benign,SDCCAG8,58.0
Q86SQ7,N58G,0.1377,benign,SDCCAG8,58.0
Q86SQ7,N58H,0.0762,benign,SDCCAG8,58.0
Q86SQ7,N58I,0.1078,benign,SDCCAG8,58.0
Q86SQ7,N58K,0.1155,benign,SDCCAG8,58.0
Q86SQ7,N58L,0.126,benign,SDCCAG8,58.0
Q86SQ7,N58M,0.1824,benign,SDCCAG8,58.0
Q86SQ7,N58P,0.2097,benign,SDCCAG8,58.0
Q86SQ7,N58Q,0.1578,benign,SDCCAG8,58.0
Q86SQ7,N58R,0.1225,benign,SDCCAG8,58.0
Q86SQ7,N58S,0.0636,benign,SDCCAG8,58.0
Q86SQ7,N58T,0.0811,benign,SDCCAG8,58.0
Q86SQ7,N58V,0.1163,benign,SDCCAG8,58.0
Q86SQ7,N58W,0.4111,ambiguous,SDCCAG8,58.0
Q86SQ7,N58Y,0.1011,benign,SDCCAG8,58.0
Q86SQ7,E59A,0.1299,benign,SDCCAG8,59.0
Q86SQ7,E59C,0.6243,pathogenic,SDCCAG8,59.0
Q86SQ7,E59D,0.1105,benign,SDCCAG8,59.0
Q86SQ7,E59F,0.5279,ambiguous,SDCCAG8,59.0
Q86SQ7,E59G,0.0904,benign,SDCCAG8,59.0
Q86SQ7,E59H,0.2831,benign,SDCCAG8,59.0
Q86SQ7,E59I,0.2656,benign,SDCCAG8,59.0
Q86SQ7,E59K,0.0795,benign,SDCCAG8,59.0
Q86SQ7,E59L,0.2746,benign,SDCCAG8,59.0
Q86SQ7,E59M,0.3165,benign,SDCCAG8,59.0
Q86SQ7,E59N,0.1981,benign,SDCCAG8,59.0
Q86SQ7,E59P,0.3311,benign,SDCCAG8,59.0
Q86SQ7,E59Q,0.121,benign,SDCCAG8,59.0
Q86SQ7,E59R,0.1296,benign,SDCCAG8,59.0
Q86SQ7,E59S,0.1662,benign,SDCCAG8,59.0
Q86SQ7,E59T,0.1639,benign,SDCCAG8,59.0
Q86SQ7,E59V,0.1604,benign,SDCCAG8,59.0
Q86SQ7,E59W,0.65,pathogenic,SDCCAG8,59.0
Q86SQ7,E59Y,0.3963,ambiguous,SDCCAG8,59.0
Q86SQ7,D60A,0.1044,benign,SDCCAG8,60.0
Q86SQ7,D60C,0.3344,benign,SDCCAG8,60.0
Q86SQ7,D60E,0.1341,benign,SDCCAG8,60.0
Q86SQ7,D60F,0.2862,benign,SDCCAG8,60.0
Q86SQ7,D60G,0.0819,benign,SDCCAG8,60.0
Q86SQ7,D60H,0.1545,benign,SDCCAG8,60.0
Q86SQ7,D60I,0.1791,benign,SDCCAG8,60.0
Q86SQ7,D60K,0.2048,benign,SDCCAG8,60.0
Q86SQ7,D60L,0.2032,benign,SDCCAG8,60.0
Q86SQ7,D60M,0.3707,ambiguous,SDCCAG8,60.0
Q86SQ7,D60N,0.0893,benign,SDCCAG8,60.0
Q86SQ7,D60P,0.3053,benign,SDCCAG8,60.0
Q86SQ7,D60Q,0.2283,benign,SDCCAG8,60.0
Q86SQ7,D60R,0.1964,benign,SDCCAG8,60.0
Q86SQ7,D60S,0.1117,benign,SDCCAG8,60.0
Q86SQ7,D60T,0.154,benign,SDCCAG8,60.0
Q86SQ7,D60V,0.106,benign,SDCCAG8,60.0
Q86SQ7,D60W,0.594,pathogenic,SDCCAG8,60.0
Q86SQ7,D60Y,0.1045,benign,SDCCAG8,60.0
Q86SQ7,A61C,0.2533,benign,SDCCAG8,61.0
Q86SQ7,A61D,0.1074,benign,SDCCAG8,61.0
Q86SQ7,A61E,0.1152,benign,SDCCAG8,61.0
Q86SQ7,A61F,0.1719,benign,SDCCAG8,61.0
Q86SQ7,A61G,0.0915,benign,SDCCAG8,61.0
Q86SQ7,A61H,0.2104,benign,SDCCAG8,61.0
Q86SQ7,A61I,0.1392,benign,SDCCAG8,61.0
Q86SQ7,A61K,0.1762,benign,SDCCAG8,61.0
Q86SQ7,A61L,0.1081,benign,SDCCAG8,61.0
Q86SQ7,A61M,0.1525,benign,SDCCAG8,61.0
Q86SQ7,A61N,0.1339,benign,SDCCAG8,61.0
Q86SQ7,A61P,0.0863,benign,SDCCAG8,61.0
Q86SQ7,A61Q,0.1702,benign,SDCCAG8,61.0
Q86SQ7,A61R,0.1453,benign,SDCCAG8,61.0
Q86SQ7,A61S,0.0789,benign,SDCCAG8,61.0
Q86SQ7,A61T,0.0675,benign,SDCCAG8,61.0
Q86SQ7,A61V,0.0864,benign,SDCCAG8,61.0
Q86SQ7,A61W,0.3564,ambiguous,SDCCAG8,61.0
Q86SQ7,A61Y,0.2217,benign,SDCCAG8,61.0
Q86SQ7,R62A,0.0897,benign,SDCCAG8,62.0
Q86SQ7,R62C,0.1085,benign,SDCCAG8,62.0
Q86SQ7,R62D,0.1472,benign,SDCCAG8,62.0
Q86SQ7,R62E,0.0981,benign,SDCCAG8,62.0
Q86SQ7,R62F,0.2162,benign,SDCCAG8,62.0
Q86SQ7,R62G,0.0506,benign,SDCCAG8,62.0
Q86SQ7,R62H,0.0904,benign,SDCCAG8,62.0
Q86SQ7,R62I,0.1066,benign,SDCCAG8,62.0
Q86SQ7,R62K,0.075,benign,SDCCAG8,62.0
Q86SQ7,R62L,0.1015,benign,SDCCAG8,62.0
Q86SQ7,R62M,0.1084,benign,SDCCAG8,62.0
Q86SQ7,R62N,0.1685,benign,SDCCAG8,62.0
Q86SQ7,R62P,0.1274,benign,SDCCAG8,62.0
Q86SQ7,R62Q,0.0718,benign,SDCCAG8,62.0
Q86SQ7,R62S,0.1156,benign,SDCCAG8,62.0
Q86SQ7,R62T,0.0733,benign,SDCCAG8,62.0
Q86SQ7,R62V,0.1171,benign,SDCCAG8,62.0
Q86SQ7,R62W,0.1045,benign,SDCCAG8,62.0
Q86SQ7,R62Y,0.1809,benign,SDCCAG8,62.0
Q86SQ7,T63A,0.0663,benign,SDCCAG8,63.0
Q86SQ7,T63C,0.3186,benign,SDCCAG8,63.0
Q86SQ7,T63D,0.1803,benign,SDCCAG8,63.0
Q86SQ7,T63E,0.144,benign,SDCCAG8,63.0
Q86SQ7,T63F,0.1606,benign,SDCCAG8,63.0
Q86SQ7,T63G,0.1626,benign,SDCCAG8,63.0
Q86SQ7,T63H,0.1607,benign,SDCCAG8,63.0
Q86SQ7,T63I,0.1173,benign,SDCCAG8,63.0
Q86SQ7,T63K,0.1155,benign,SDCCAG8,63.0
Q86SQ7,T63L,0.0858,benign,SDCCAG8,63.0
Q86SQ7,T63M,0.0764,benign,SDCCAG8,63.0
Q86SQ7,T63N,0.0888,benign,SDCCAG8,63.0
Q86SQ7,T63P,0.0839,benign,SDCCAG8,63.0
Q86SQ7,T63Q,0.1494,benign,SDCCAG8,63.0
Q86SQ7,T63R,0.0946,benign,SDCCAG8,63.0
Q86SQ7,T63S,0.0998,benign,SDCCAG8,63.0
Q86SQ7,T63V,0.1117,benign,SDCCAG8,63.0
Q86SQ7,T63W,0.3249,benign,SDCCAG8,63.0
Q86SQ7,T63Y,0.1787,benign,SDCCAG8,63.0
Q86SQ7,A64C,0.3836,ambiguous,SDCCAG8,64.0
Q86SQ7,A64D,0.1675,benign,SDCCAG8,64.0
Q86SQ7,A64E,0.1878,benign,SDCCAG8,64.0
Q86SQ7,A64F,0.2731,benign,SDCCAG8,64.0
Q86SQ7,A64G,0.1251,benign,SDCCAG8,64.0
Q86SQ7,A64H,0.3436,ambiguous,SDCCAG8,64.0
Q86SQ7,A64I,0.2222,benign,SDCCAG8,64.0
Q86SQ7,A64K,0.306,benign,SDCCAG8,64.0
Q86SQ7,A64L,0.1667,benign,SDCCAG8,64.0
Q86SQ7,A64M,0.2454,benign,SDCCAG8,64.0
Q86SQ7,A64N,0.2148,benign,SDCCAG8,64.0
Q86SQ7,A64P,0.1325,benign,SDCCAG8,64.0
Q86SQ7,A64Q,0.2778,benign,SDCCAG8,64.0
Q86SQ7,A64R,0.2473,benign,SDCCAG8,64.0
Q86SQ7,A64S,0.0949,benign,SDCCAG8,64.0
Q86SQ7,A64T,0.0849,benign,SDCCAG8,64.0
Q86SQ7,A64V,0.1171,benign,SDCCAG8,64.0
Q86SQ7,A64W,0.5507,ambiguous,SDCCAG8,64.0
Q86SQ7,A64Y,0.3495,ambiguous,SDCCAG8,64.0
Q86SQ7,W65A,0.317,benign,SDCCAG8,65.0
Q86SQ7,W65C,0.451,ambiguous,SDCCAG8,65.0
Q86SQ7,W65D,0.5213,ambiguous,SDCCAG8,65.0
Q86SQ7,W65E,0.4984,ambiguous,SDCCAG8,65.0
Q86SQ7,W65F,0.1827,benign,SDCCAG8,65.0
Q86SQ7,W65G,0.1691,benign,SDCCAG8,65.0
Q86SQ7,W65H,0.4832,ambiguous,SDCCAG8,65.0
Q86SQ7,W65I,0.3213,benign,SDCCAG8,65.0
Q86SQ7,W65K,0.5386,ambiguous,SDCCAG8,65.0
Q86SQ7,W65L,0.1985,benign,SDCCAG8,65.0
Q86SQ7,W65M,0.4028,ambiguous,SDCCAG8,65.0
Q86SQ7,W65N,0.5526,ambiguous,SDCCAG8,65.0
Q86SQ7,W65P,0.5809,pathogenic,SDCCAG8,65.0
Q86SQ7,W65Q,0.4837,ambiguous,SDCCAG8,65.0
Q86SQ7,W65R,0.4562,ambiguous,SDCCAG8,65.0
Q86SQ7,W65S,0.2129,benign,SDCCAG8,65.0
Q86SQ7,W65T,0.3104,benign,SDCCAG8,65.0
Q86SQ7,W65V,0.274,benign,SDCCAG8,65.0
Q86SQ7,W65Y,0.3281,benign,SDCCAG8,65.0
Q86SQ7,P66A,0.0803,benign,SDCCAG8,66.0
Q86SQ7,P66C,0.2033,benign,SDCCAG8,66.0
Q86SQ7,P66D,0.1925,benign,SDCCAG8,66.0
Q86SQ7,P66E,0.133,benign,SDCCAG8,66.0
Q86SQ7,P66F,0.2437,benign,SDCCAG8,66.0
Q86SQ7,P66G,0.1676,benign,SDCCAG8,66.0
Q86SQ7,P66H,0.0728,benign,SDCCAG8,66.0
Q86SQ7,P66I,0.1816,benign,SDCCAG8,66.0
Q86SQ7,P66K,0.1276,benign,SDCCAG8,66.0
Q86SQ7,P66L,0.0787,benign,SDCCAG8,66.0
Q86SQ7,P66M,0.213,benign,SDCCAG8,66.0
Q86SQ7,P66N,0.1595,benign,SDCCAG8,66.0
Q86SQ7,P66Q,0.0847,benign,SDCCAG8,66.0
Q86SQ7,P66R,0.0749,benign,SDCCAG8,66.0
Q86SQ7,P66S,0.1005,benign,SDCCAG8,66.0
Q86SQ7,P66T,0.0834,benign,SDCCAG8,66.0
Q86SQ7,P66V,0.1355,benign,SDCCAG8,66.0
Q86SQ7,P66W,0.249,benign,SDCCAG8,66.0
Q86SQ7,P66Y,0.1857,benign,SDCCAG8,66.0
Q86SQ7,E67A,0.1188,benign,SDCCAG8,67.0
Q86SQ7,E67C,0.6642,pathogenic,SDCCAG8,67.0
Q86SQ7,E67D,0.1496,benign,SDCCAG8,67.0
Q86SQ7,E67F,0.5171,ambiguous,SDCCAG8,67.0
Q86SQ7,E67G,0.1213,benign,SDCCAG8,67.0
Q86SQ7,E67H,0.293,benign,SDCCAG8,67.0
Q86SQ7,E67I,0.2648,benign,SDCCAG8,67.0
Q86SQ7,E67K,0.1094,benign,SDCCAG8,67.0
Q86SQ7,E67L,0.2504,benign,SDCCAG8,67.0
Q86SQ7,E67M,0.3454,ambiguous,SDCCAG8,67.0
Q86SQ7,E67N,0.2535,benign,SDCCAG8,67.0
Q86SQ7,E67P,0.3337,benign,SDCCAG8,67.0
Q86SQ7,E67Q,0.1102,benign,SDCCAG8,67.0
Q86SQ7,E67R,0.1633,benign,SDCCAG8,67.0
Q86SQ7,E67S,0.1785,benign,SDCCAG8,67.0
Q86SQ7,E67T,0.2013,benign,SDCCAG8,67.0
Q86SQ7,E67V,0.1545,benign,SDCCAG8,67.0
Q86SQ7,E67W,0.7172,pathogenic,SDCCAG8,67.0
Q86SQ7,E67Y,0.3988,ambiguous,SDCCAG8,67.0
Q86SQ7,L68A,0.248,benign,SDCCAG8,68.0
Q86SQ7,L68C,0.3852,ambiguous,SDCCAG8,68.0
Q86SQ7,L68D,0.4528,ambiguous,SDCCAG8,68.0
Q86SQ7,L68E,0.2392,benign,SDCCAG8,68.0
Q86SQ7,L68F,0.1253,benign,SDCCAG8,68.0
Q86SQ7,L68G,0.3366,benign,SDCCAG8,68.0
Q86SQ7,L68H,0.1527,benign,SDCCAG8,68.0
Q86SQ7,L68I,0.0965,benign,SDCCAG8,68.0
Q86SQ7,L68K,0.151,benign,SDCCAG8,68.0
Q86SQ7,L68M,0.1214,benign,SDCCAG8,68.0
Q86SQ7,L68N,0.2934,benign,SDCCAG8,68.0
Q86SQ7,L68P,0.1895,benign,SDCCAG8,68.0
Q86SQ7,L68Q,0.1157,benign,SDCCAG8,68.0
Q86SQ7,L68R,0.1069,benign,SDCCAG8,68.0
Q86SQ7,L68S,0.2594,benign,SDCCAG8,68.0
Q86SQ7,L68T,0.2413,benign,SDCCAG8,68.0
Q86SQ7,L68V,0.1058,benign,SDCCAG8,68.0
Q86SQ7,L68W,0.1369,benign,SDCCAG8,68.0
Q86SQ7,L68Y,0.2298,benign,SDCCAG8,68.0
Q86SQ7,Q69A,0.2546,benign,SDCCAG8,69.0
Q86SQ7,Q69C,0.5401,ambiguous,SDCCAG8,69.0
Q86SQ7,Q69D,0.4352,ambiguous,SDCCAG8,69.0
Q86SQ7,Q69E,0.101,benign,SDCCAG8,69.0
Q86SQ7,Q69F,0.6513,pathogenic,SDCCAG8,69.0
Q86SQ7,Q69G,0.2367,benign,SDCCAG8,69.0
Q86SQ7,Q69H,0.2224,benign,SDCCAG8,69.0
Q86SQ7,Q69I,0.4089,ambiguous,SDCCAG8,69.0
Q86SQ7,Q69K,0.0919,benign,SDCCAG8,69.0
Q86SQ7,Q69L,0.1383,benign,SDCCAG8,69.0
Q86SQ7,Q69M,0.4204,ambiguous,SDCCAG8,69.0
Q86SQ7,Q69N,0.3709,ambiguous,SDCCAG8,69.0
Q86SQ7,Q69P,0.1235,benign,SDCCAG8,69.0
Q86SQ7,Q69R,0.0894,benign,SDCCAG8,69.0
Q86SQ7,Q69S,0.3013,benign,SDCCAG8,69.0
Q86SQ7,Q69T,0.2697,benign,SDCCAG8,69.0
Q86SQ7,Q69V,0.2761,benign,SDCCAG8,69.0
Q86SQ7,Q69W,0.3866,ambiguous,SDCCAG8,69.0
Q86SQ7,Q69Y,0.4311,ambiguous,SDCCAG8,69.0
Q86SQ7,Q70A,0.1788,benign,SDCCAG8,70.0
Q86SQ7,Q70C,0.3559,ambiguous,SDCCAG8,70.0
Q86SQ7,Q70D,0.2303,benign,SDCCAG8,70.0
Q86SQ7,Q70E,0.0816,benign,SDCCAG8,70.0
Q86SQ7,Q70F,0.3879,ambiguous,SDCCAG8,70.0
Q86SQ7,Q70G,0.1586,benign,SDCCAG8,70.0
Q86SQ7,Q70H,0.1011,benign,SDCCAG8,70.0
Q86SQ7,Q70I,0.2983,benign,SDCCAG8,70.0
Q86SQ7,Q70K,0.0901,benign,SDCCAG8,70.0
Q86SQ7,Q70L,0.097,benign,SDCCAG8,70.0
Q86SQ7,Q70M,0.3066,benign,SDCCAG8,70.0
Q86SQ7,Q70N,0.1754,benign,SDCCAG8,70.0
Q86SQ7,Q70P,0.091,benign,SDCCAG8,70.0
Q86SQ7,Q70R,0.0853,benign,SDCCAG8,70.0
Q86SQ7,Q70S,0.1914,benign,SDCCAG8,70.0
Q86SQ7,Q70T,0.1801,benign,SDCCAG8,70.0
Q86SQ7,Q70V,0.1978,benign,SDCCAG8,70.0
Q86SQ7,Q70W,0.2644,benign,SDCCAG8,70.0
Q86SQ7,Q70Y,0.1903,benign,SDCCAG8,70.0
Q86SQ7,S71A,0.1827,benign,SDCCAG8,71.0
Q86SQ7,S71C,0.157,benign,SDCCAG8,71.0
Q86SQ7,S71D,0.4743,ambiguous,SDCCAG8,71.0
Q86SQ7,S71E,0.6162,pathogenic,SDCCAG8,71.0
Q86SQ7,S71F,0.3425,ambiguous,SDCCAG8,71.0
Q86SQ7,S71G,0.1493,benign,SDCCAG8,71.0
Q86SQ7,S71H,0.4021,ambiguous,SDCCAG8,71.0
Q86SQ7,S71I,0.3112,benign,SDCCAG8,71.0
Q86SQ7,S71K,0.7208,pathogenic,SDCCAG8,71.0
Q86SQ7,S71L,0.2155,benign,SDCCAG8,71.0
Q86SQ7,S71M,0.3785,ambiguous,SDCCAG8,71.0
Q86SQ7,S71N,0.2188,benign,SDCCAG8,71.0
Q86SQ7,S71P,0.3422,ambiguous,SDCCAG8,71.0
Q86SQ7,S71Q,0.6285,pathogenic,SDCCAG8,71.0
Q86SQ7,S71R,0.6441,pathogenic,SDCCAG8,71.0
Q86SQ7,S71T,0.1437,benign,SDCCAG8,71.0
Q86SQ7,S71V,0.3715,ambiguous,SDCCAG8,71.0
Q86SQ7,S71W,0.3523,ambiguous,SDCCAG8,71.0
Q86SQ7,S71Y,0.2388,benign,SDCCAG8,71.0
Q86SQ7,H72A,0.1984,benign,SDCCAG8,72.0
Q86SQ7,H72C,0.1528,benign,SDCCAG8,72.0
Q86SQ7,H72D,0.1175,benign,SDCCAG8,72.0
Q86SQ7,H72E,0.1894,benign,SDCCAG8,72.0
Q86SQ7,H72F,0.3031,benign,SDCCAG8,72.0
Q86SQ7,H72G,0.2178,benign,SDCCAG8,72.0
Q86SQ7,H72I,0.276,benign,SDCCAG8,72.0
Q86SQ7,H72K,0.1863,benign,SDCCAG8,72.0
Q86SQ7,H72L,0.1097,benign,SDCCAG8,72.0
Q86SQ7,H72M,0.4349,ambiguous,SDCCAG8,72.0
Q86SQ7,H72N,0.0976,benign,SDCCAG8,72.0
Q86SQ7,H72P,0.0983,benign,SDCCAG8,72.0
Q86SQ7,H72Q,0.1474,benign,SDCCAG8,72.0
Q86SQ7,H72R,0.0816,benign,SDCCAG8,72.0
Q86SQ7,H72S,0.1782,benign,SDCCAG8,72.0
Q86SQ7,H72T,0.2187,benign,SDCCAG8,72.0
Q86SQ7,H72V,0.2142,benign,SDCCAG8,72.0
Q86SQ7,H72W,0.327,benign,SDCCAG8,72.0
Q86SQ7,H72Y,0.1048,benign,SDCCAG8,72.0
Q86SQ7,A73C,0.6342,pathogenic,SDCCAG8,73.0
Q86SQ7,A73D,0.4975,ambiguous,SDCCAG8,73.0
Q86SQ7,A73E,0.4875,ambiguous,SDCCAG8,73.0
Q86SQ7,A73F,0.6014,pathogenic,SDCCAG8,73.0
Q86SQ7,A73G,0.2911,benign,SDCCAG8,73.0
Q86SQ7,A73H,0.6234,pathogenic,SDCCAG8,73.0
Q86SQ7,A73I,0.5348,ambiguous,SDCCAG8,73.0
Q86SQ7,A73K,0.6509,pathogenic,SDCCAG8,73.0
Q86SQ7,A73L,0.3818,ambiguous,SDCCAG8,73.0
Q86SQ7,A73M,0.5072,ambiguous,SDCCAG8,73.0
Q86SQ7,A73N,0.6217,pathogenic,SDCCAG8,73.0
Q86SQ7,A73P,0.4229,ambiguous,SDCCAG8,73.0
Q86SQ7,A73Q,0.5868,pathogenic,SDCCAG8,73.0
Q86SQ7,A73R,0.4853,ambiguous,SDCCAG8,73.0
Q86SQ7,A73S,0.179,benign,SDCCAG8,73.0
Q86SQ7,A73T,0.1866,benign,SDCCAG8,73.0
Q86SQ7,A73V,0.2386,benign,SDCCAG8,73.0
Q86SQ7,A73W,0.8386,pathogenic,SDCCAG8,73.0
Q86SQ7,A73Y,0.6828,pathogenic,SDCCAG8,73.0
Q86SQ7,V74A,0.3102,benign,SDCCAG8,74.0
Q86SQ7,V74C,0.8174,pathogenic,SDCCAG8,74.0
Q86SQ7,V74D,0.6182,pathogenic,SDCCAG8,74.0
Q86SQ7,V74E,0.4608,ambiguous,SDCCAG8,74.0
Q86SQ7,V74F,0.2972,benign,SDCCAG8,74.0
Q86SQ7,V74G,0.3214,benign,SDCCAG8,74.0
Q86SQ7,V74H,0.8261,pathogenic,SDCCAG8,74.0
Q86SQ7,V74I,0.1387,benign,SDCCAG8,74.0
Q86SQ7,V74K,0.5723,pathogenic,SDCCAG8,74.0
Q86SQ7,V74L,0.4623,ambiguous,SDCCAG8,74.0
Q86SQ7,V74M,0.2984,benign,SDCCAG8,74.0
Q86SQ7,V74N,0.6168,pathogenic,SDCCAG8,74.0
Q86SQ7,V74P,0.7943,pathogenic,SDCCAG8,74.0
Q86SQ7,V74Q,0.5788,pathogenic,SDCCAG8,74.0
Q86SQ7,V74R,0.502,ambiguous,SDCCAG8,74.0
Q86SQ7,V74S,0.4515,ambiguous,SDCCAG8,74.0
Q86SQ7,V74T,0.4559,ambiguous,SDCCAG8,74.0
Q86SQ7,V74W,0.8626,pathogenic,SDCCAG8,74.0
Q86SQ7,V74Y,0.7478,pathogenic,SDCCAG8,74.0
Q86SQ7,N75A,0.2337,benign,SDCCAG8,75.0
Q86SQ7,N75C,0.2564,benign,SDCCAG8,75.0
Q86SQ7,N75D,0.1471,benign,SDCCAG8,75.0
Q86SQ7,N75E,0.3361,benign,SDCCAG8,75.0
Q86SQ7,N75F,0.4451,ambiguous,SDCCAG8,75.0
Q86SQ7,N75G,0.2907,benign,SDCCAG8,75.0
Q86SQ7,N75H,0.1075,benign,SDCCAG8,75.0
Q86SQ7,N75I,0.1629,benign,SDCCAG8,75.0
Q86SQ7,N75K,0.2341,benign,SDCCAG8,75.0
Q86SQ7,N75L,0.2,benign,SDCCAG8,75.0
Q86SQ7,N75M,0.2726,benign,SDCCAG8,75.0
Q86SQ7,N75P,0.6453,pathogenic,SDCCAG8,75.0
Q86SQ7,N75Q,0.289,benign,SDCCAG8,75.0
Q86SQ7,N75R,0.246,benign,SDCCAG8,75.0
Q86SQ7,N75S,0.0873,benign,SDCCAG8,75.0
Q86SQ7,N75T,0.1215,benign,SDCCAG8,75.0
Q86SQ7,N75V,0.2139,benign,SDCCAG8,75.0
Q86SQ7,N75W,0.6525,pathogenic,SDCCAG8,75.0
Q86SQ7,N75Y,0.1521,benign,SDCCAG8,75.0
Q86SQ7,Q76A,0.329,benign,SDCCAG8,76.0
Q86SQ7,Q76C,0.6679,pathogenic,SDCCAG8,76.0
Q86SQ7,Q76D,0.4906,ambiguous,SDCCAG8,76.0
Q86SQ7,Q76E,0.0965,benign,SDCCAG8,76.0
Q86SQ7,Q76F,0.7279,pathogenic,SDCCAG8,76.0
Q86SQ7,Q76G,0.4086,ambiguous,SDCCAG8,76.0
Q86SQ7,Q76H,0.2767,benign,SDCCAG8,76.0
Q86SQ7,Q76I,0.4146,ambiguous,SDCCAG8,76.0
Q86SQ7,Q76K,0.1042,benign,SDCCAG8,76.0
Q86SQ7,Q76L,0.1679,benign,SDCCAG8,76.0
Q86SQ7,Q76M,0.4287,ambiguous,SDCCAG8,76.0
Q86SQ7,Q76N,0.4467,ambiguous,SDCCAG8,76.0
Q86SQ7,Q76P,0.4869,ambiguous,SDCCAG8,76.0
Q86SQ7,Q76R,0.1036,benign,SDCCAG8,76.0
Q86SQ7,Q76S,0.4501,ambiguous,SDCCAG8,76.0
Q86SQ7,Q76T,0.3204,benign,SDCCAG8,76.0
Q86SQ7,Q76V,0.3029,benign,SDCCAG8,76.0
Q86SQ7,Q76W,0.5661,pathogenic,SDCCAG8,76.0
Q86SQ7,Q76Y,0.5147,ambiguous,SDCCAG8,76.0
Q86SQ7,L77A,0.7866,pathogenic,SDCCAG8,77.0
Q86SQ7,L77C,0.8597,pathogenic,SDCCAG8,77.0
Q86SQ7,L77D,0.9533,pathogenic,SDCCAG8,77.0
Q86SQ7,L77E,0.7836,pathogenic,SDCCAG8,77.0
Q86SQ7,L77F,0.5098,ambiguous,SDCCAG8,77.0
Q86SQ7,L77G,0.859,pathogenic,SDCCAG8,77.0
Q86SQ7,L77H,0.7346,pathogenic,SDCCAG8,77.0
Q86SQ7,L77I,0.281,benign,SDCCAG8,77.0
Q86SQ7,L77K,0.6481,pathogenic,SDCCAG8,77.0
Q86SQ7,L77M,0.3196,benign,SDCCAG8,77.0
Q86SQ7,L77N,0.8912,pathogenic,SDCCAG8,77.0
Q86SQ7,L77P,0.8127,pathogenic,SDCCAG8,77.0
Q86SQ7,L77Q,0.6155,pathogenic,SDCCAG8,77.0
Q86SQ7,L77R,0.5713,pathogenic,SDCCAG8,77.0
Q86SQ7,L77S,0.8985,pathogenic,SDCCAG8,77.0
Q86SQ7,L77T,0.843,pathogenic,SDCCAG8,77.0
Q86SQ7,L77V,0.3254,benign,SDCCAG8,77.0
Q86SQ7,L77W,0.5593,ambiguous,SDCCAG8,77.0
Q86SQ7,L77Y,0.7427,pathogenic,SDCCAG8,77.0
Q86SQ7,K78A,0.426,ambiguous,SDCCAG8,78.0
Q86SQ7,K78C,0.6965,pathogenic,SDCCAG8,78.0
Q86SQ7,K78D,0.6808,pathogenic,SDCCAG8,78.0
Q86SQ7,K78E,0.1538,benign,SDCCAG8,78.0
Q86SQ7,K78F,0.8143,pathogenic,SDCCAG8,78.0
Q86SQ7,K78G,0.5123,ambiguous,SDCCAG8,78.0
Q86SQ7,K78H,0.3789,ambiguous,SDCCAG8,78.0
Q86SQ7,K78I,0.4455,ambiguous,SDCCAG8,78.0
Q86SQ7,K78L,0.4196,ambiguous,SDCCAG8,78.0
Q86SQ7,K78M,0.2645,benign,SDCCAG8,78.0
Q86SQ7,K78N,0.5241,ambiguous,SDCCAG8,78.0
Q86SQ7,K78P,0.8116,pathogenic,SDCCAG8,78.0
Q86SQ7,K78Q,0.1521,benign,SDCCAG8,78.0
Q86SQ7,K78R,0.0796,benign,SDCCAG8,78.0
Q86SQ7,K78S,0.5465,ambiguous,SDCCAG8,78.0
Q86SQ7,K78T,0.2392,benign,SDCCAG8,78.0
Q86SQ7,K78V,0.4352,ambiguous,SDCCAG8,78.0
Q86SQ7,K78W,0.6907,pathogenic,SDCCAG8,78.0
Q86SQ7,K78Y,0.6409,pathogenic,SDCCAG8,78.0
Q86SQ7,D79A,0.0725,benign,SDCCAG8,79.0
Q86SQ7,D79C,0.2892,benign,SDCCAG8,79.0
Q86SQ7,D79E,0.1455,benign,SDCCAG8,79.0
Q86SQ7,D79F,0.2564,benign,SDCCAG8,79.0
Q86SQ7,D79G,0.0943,benign,SDCCAG8,79.0
Q86SQ7,D79H,0.1187,benign,SDCCAG8,79.0
Q86SQ7,D79I,0.1719,benign,SDCCAG8,79.0
Q86SQ7,D79K,0.2074,benign,SDCCAG8,79.0
Q86SQ7,D79L,0.1727,benign,SDCCAG8,79.0
Q86SQ7,D79M,0.3538,ambiguous,SDCCAG8,79.0
Q86SQ7,D79N,0.0879,benign,SDCCAG8,79.0
Q86SQ7,D79P,0.5487,ambiguous,SDCCAG8,79.0
Q86SQ7,D79Q,0.2053,benign,SDCCAG8,79.0
Q86SQ7,D79R,0.184,benign,SDCCAG8,79.0
Q86SQ7,D79S,0.0929,benign,SDCCAG8,79.0
Q86SQ7,D79T,0.1353,benign,SDCCAG8,79.0
Q86SQ7,D79V,0.0972,benign,SDCCAG8,79.0
Q86SQ7,D79W,0.5993,pathogenic,SDCCAG8,79.0
Q86SQ7,D79Y,0.0792,benign,SDCCAG8,79.0
Q86SQ7,L80A,0.3922,ambiguous,SDCCAG8,80.0
Q86SQ7,L80C,0.5489,ambiguous,SDCCAG8,80.0
Q86SQ7,L80D,0.7829,pathogenic,SDCCAG8,80.0
Q86SQ7,L80E,0.5406,ambiguous,SDCCAG8,80.0
Q86SQ7,L80F,0.1681,benign,SDCCAG8,80.0
Q86SQ7,L80G,0.708,pathogenic,SDCCAG8,80.0
Q86SQ7,L80H,0.2818,benign,SDCCAG8,80.0
Q86SQ7,L80I,0.1159,benign,SDCCAG8,80.0
Q86SQ7,L80K,0.3599,ambiguous,SDCCAG8,80.0
Q86SQ7,L80M,0.1434,benign,SDCCAG8,80.0
Q86SQ7,L80N,0.6188,pathogenic,SDCCAG8,80.0
Q86SQ7,L80P,0.7108,pathogenic,SDCCAG8,80.0
Q86SQ7,L80Q,0.2815,benign,SDCCAG8,80.0
Q86SQ7,L80R,0.2571,benign,SDCCAG8,80.0
Q86SQ7,L80S,0.4427,ambiguous,SDCCAG8,80.0
Q86SQ7,L80T,0.3975,ambiguous,SDCCAG8,80.0
Q86SQ7,L80V,0.1379,benign,SDCCAG8,80.0
Q86SQ7,L80W,0.3062,benign,SDCCAG8,80.0
Q86SQ7,L80Y,0.3973,ambiguous,SDCCAG8,80.0
Q86SQ7,L81A,0.645,pathogenic,SDCCAG8,81.0
Q86SQ7,L81C,0.7395,pathogenic,SDCCAG8,81.0
Q86SQ7,L81D,0.9202,pathogenic,SDCCAG8,81.0
Q86SQ7,L81E,0.7018,pathogenic,SDCCAG8,81.0
Q86SQ7,L81F,0.3279,benign,SDCCAG8,81.0
Q86SQ7,L81G,0.8045,pathogenic,SDCCAG8,81.0
Q86SQ7,L81H,0.4893,ambiguous,SDCCAG8,81.0
Q86SQ7,L81I,0.1871,benign,SDCCAG8,81.0
Q86SQ7,L81K,0.5592,ambiguous,SDCCAG8,81.0
Q86SQ7,L81M,0.3085,benign,SDCCAG8,81.0
Q86SQ7,L81N,0.815,pathogenic,SDCCAG8,81.0
Q86SQ7,L81P,0.618,pathogenic,SDCCAG8,81.0
Q86SQ7,L81Q,0.4055,ambiguous,SDCCAG8,81.0
Q86SQ7,L81R,0.3898,ambiguous,SDCCAG8,81.0
Q86SQ7,L81S,0.701,pathogenic,SDCCAG8,81.0
Q86SQ7,L81T,0.6883,pathogenic,SDCCAG8,81.0
Q86SQ7,L81V,0.2289,benign,SDCCAG8,81.0
Q86SQ7,L81W,0.4259,ambiguous,SDCCAG8,81.0
Q86SQ7,L81Y,0.6537,pathogenic,SDCCAG8,81.0
Q86SQ7,R82A,0.2335,benign,SDCCAG8,82.0
Q86SQ7,R82C,0.0836,benign,SDCCAG8,82.0
Q86SQ7,R82D,0.3305,benign,SDCCAG8,82.0
Q86SQ7,R82E,0.208,benign,SDCCAG8,82.0
Q86SQ7,R82F,0.2361,benign,SDCCAG8,82.0
Q86SQ7,R82G,0.1353,benign,SDCCAG8,82.0
Q86SQ7,R82H,0.0696,benign,SDCCAG8,82.0
Q86SQ7,R82I,0.1636,benign,SDCCAG8,82.0
Q86SQ7,R82K,0.1204,benign,SDCCAG8,82.0
Q86SQ7,R82L,0.1177,benign,SDCCAG8,82.0
Q86SQ7,R82M,0.2362,benign,SDCCAG8,82.0
Q86SQ7,R82N,0.2823,benign,SDCCAG8,82.0
Q86SQ7,R82P,0.4391,ambiguous,SDCCAG8,82.0
Q86SQ7,R82Q,0.0839,benign,SDCCAG8,82.0
Q86SQ7,R82S,0.2255,benign,SDCCAG8,82.0
Q86SQ7,R82T,0.1962,benign,SDCCAG8,82.0
Q86SQ7,R82V,0.2138,benign,SDCCAG8,82.0
Q86SQ7,R82W,0.102,benign,SDCCAG8,82.0
Q86SQ7,R82Y,0.1476,benign,SDCCAG8,82.0
Q86SQ7,Q83A,0.2176,benign,SDCCAG8,83.0
Q86SQ7,Q83C,0.3252,benign,SDCCAG8,83.0
Q86SQ7,Q83D,0.3382,benign,SDCCAG8,83.0
Q86SQ7,Q83E,0.092,benign,SDCCAG8,83.0
Q86SQ7,Q83F,0.491,ambiguous,SDCCAG8,83.0
Q86SQ7,Q83G,0.1721,benign,SDCCAG8,83.0
Q86SQ7,Q83H,0.1544,benign,SDCCAG8,83.0
Q86SQ7,Q83I,0.3084,benign,SDCCAG8,83.0
Q86SQ7,Q83K,0.0826,benign,SDCCAG8,83.0
Q86SQ7,Q83L,0.1088,benign,SDCCAG8,83.0
Q86SQ7,Q83M,0.3375,benign,SDCCAG8,83.0
Q86SQ7,Q83N,0.2828,benign,SDCCAG8,83.0
Q86SQ7,Q83P,0.1874,benign,SDCCAG8,83.0
Q86SQ7,Q83R,0.0659,benign,SDCCAG8,83.0
Q86SQ7,Q83S,0.2547,benign,SDCCAG8,83.0
Q86SQ7,Q83T,0.2271,benign,SDCCAG8,83.0
Q86SQ7,Q83V,0.2238,benign,SDCCAG8,83.0
Q86SQ7,Q83W,0.2169,benign,SDCCAG8,83.0
Q86SQ7,Q83Y,0.3034,benign,SDCCAG8,83.0
Q86SQ7,Q84A,0.2495,benign,SDCCAG8,84.0
Q86SQ7,Q84C,0.6947,pathogenic,SDCCAG8,84.0
Q86SQ7,Q84D,0.4291,ambiguous,SDCCAG8,84.0
Q86SQ7,Q84E,0.0942,benign,SDCCAG8,84.0
Q86SQ7,Q84F,0.7214,pathogenic,SDCCAG8,84.0
Q86SQ7,Q84G,0.2743,benign,SDCCAG8,84.0
Q86SQ7,Q84H,0.2644,benign,SDCCAG8,84.0
Q86SQ7,Q84I,0.4262,ambiguous,SDCCAG8,84.0
Q86SQ7,Q84K,0.1028,benign,SDCCAG8,84.0
Q86SQ7,Q84L,0.1838,benign,SDCCAG8,84.0
Q86SQ7,Q84M,0.4211,ambiguous,SDCCAG8,84.0
Q86SQ7,Q84N,0.3641,ambiguous,SDCCAG8,84.0
Q86SQ7,Q84P,0.2105,benign,SDCCAG8,84.0
Q86SQ7,Q84R,0.1196,benign,SDCCAG8,84.0
Q86SQ7,Q84S,0.3747,ambiguous,SDCCAG8,84.0
Q86SQ7,Q84T,0.2798,benign,SDCCAG8,84.0
Q86SQ7,Q84V,0.2838,benign,SDCCAG8,84.0
Q86SQ7,Q84W,0.5403,ambiguous,SDCCAG8,84.0
Q86SQ7,Q84Y,0.4695,ambiguous,SDCCAG8,84.0
Q86SQ7,A85C,0.3756,ambiguous,SDCCAG8,85.0
Q86SQ7,A85D,0.1436,benign,SDCCAG8,85.0
Q86SQ7,A85E,0.1108,benign,SDCCAG8,85.0
Q86SQ7,A85F,0.289,benign,SDCCAG8,85.0
Q86SQ7,A85G,0.102,benign,SDCCAG8,85.0
Q86SQ7,A85H,0.2995,benign,SDCCAG8,85.0
Q86SQ7,A85I,0.2096,benign,SDCCAG8,85.0
Q86SQ7,A85K,0.175,benign,SDCCAG8,85.0
Q86SQ7,A85L,0.1678,benign,SDCCAG8,85.0
Q86SQ7,A85M,0.1871,benign,SDCCAG8,85.0
Q86SQ7,A85N,0.186,benign,SDCCAG8,85.0
Q86SQ7,A85P,0.1943,benign,SDCCAG8,85.0
Q86SQ7,A85Q,0.1963,benign,SDCCAG8,85.0
Q86SQ7,A85R,0.1642,benign,SDCCAG8,85.0
Q86SQ7,A85S,0.0985,benign,SDCCAG8,85.0
Q86SQ7,A85T,0.0801,benign,SDCCAG8,85.0
Q86SQ7,A85V,0.1091,benign,SDCCAG8,85.0
Q86SQ7,A85W,0.4568,ambiguous,SDCCAG8,85.0
Q86SQ7,A85Y,0.3172,benign,SDCCAG8,85.0
Q86SQ7,D86A,0.0624,benign,SDCCAG8,86.0
Q86SQ7,D86C,0.1939,benign,SDCCAG8,86.0
Q86SQ7,D86E,0.0873,benign,SDCCAG8,86.0
Q86SQ7,D86F,0.2129,benign,SDCCAG8,86.0
Q86SQ7,D86G,0.0638,benign,SDCCAG8,86.0
Q86SQ7,D86H,0.0942,benign,SDCCAG8,86.0
Q86SQ7,D86I,0.127,benign,SDCCAG8,86.0
Q86SQ7,D86K,0.1045,benign,SDCCAG8,86.0
Q86SQ7,D86L,0.1209,benign,SDCCAG8,86.0
Q86SQ7,D86M,0.2414,benign,SDCCAG8,86.0
Q86SQ7,D86N,0.0656,benign,SDCCAG8,86.0
Q86SQ7,D86P,0.2136,benign,SDCCAG8,86.0
Q86SQ7,D86Q,0.1152,benign,SDCCAG8,86.0
Q86SQ7,D86R,0.0993,benign,SDCCAG8,86.0
Q86SQ7,D86S,0.0652,benign,SDCCAG8,86.0
Q86SQ7,D86T,0.0886,benign,SDCCAG8,86.0
Q86SQ7,D86V,0.0806,benign,SDCCAG8,86.0
Q86SQ7,D86W,0.4482,ambiguous,SDCCAG8,86.0
Q86SQ7,D86Y,0.0903,benign,SDCCAG8,86.0
Q86SQ7,K87A,0.1984,benign,SDCCAG8,87.0
Q86SQ7,K87C,0.5437,ambiguous,SDCCAG8,87.0
Q86SQ7,K87D,0.3055,benign,SDCCAG8,87.0
Q86SQ7,K87E,0.0846,benign,SDCCAG8,87.0
Q86SQ7,K87F,0.5734,pathogenic,SDCCAG8,87.0
Q86SQ7,K87G,0.2181,benign,SDCCAG8,87.0
Q86SQ7,K87H,0.2717,benign,SDCCAG8,87.0
Q86SQ7,K87I,0.2215,benign,SDCCAG8,87.0
Q86SQ7,K87L,0.2389,benign,SDCCAG8,87.0
Q86SQ7,K87M,0.154,benign,SDCCAG8,87.0
Q86SQ7,K87N,0.2421,benign,SDCCAG8,87.0
Q86SQ7,K87P,0.469,ambiguous,SDCCAG8,87.0
Q86SQ7,K87Q,0.1153,benign,SDCCAG8,87.0
Q86SQ7,K87R,0.0781,benign,SDCCAG8,87.0
Q86SQ7,K87S,0.2577,benign,SDCCAG8,87.0
Q86SQ7,K87T,0.1121,benign,SDCCAG8,87.0
Q86SQ7,K87V,0.2077,benign,SDCCAG8,87.0
Q86SQ7,K87W,0.5855,pathogenic,SDCCAG8,87.0
Q86SQ7,K87Y,0.4448,ambiguous,SDCCAG8,87.0
Q86SQ7,E88A,0.1218,benign,SDCCAG8,88.0
Q86SQ7,E88C,0.6659,pathogenic,SDCCAG8,88.0
Q86SQ7,E88D,0.1212,benign,SDCCAG8,88.0
Q86SQ7,E88F,0.5336,ambiguous,SDCCAG8,88.0
Q86SQ7,E88G,0.0858,benign,SDCCAG8,88.0
Q86SQ7,E88H,0.3501,ambiguous,SDCCAG8,88.0
Q86SQ7,E88I,0.2495,benign,SDCCAG8,88.0
Q86SQ7,E88K,0.1133,benign,SDCCAG8,88.0
Q86SQ7,E88L,0.2921,benign,SDCCAG8,88.0
Q86SQ7,E88M,0.3611,ambiguous,SDCCAG8,88.0
Q86SQ7,E88N,0.2113,benign,SDCCAG8,88.0
Q86SQ7,E88P,0.3271,benign,SDCCAG8,88.0
Q86SQ7,E88Q,0.1383,benign,SDCCAG8,88.0
Q86SQ7,E88R,0.1842,benign,SDCCAG8,88.0
Q86SQ7,E88S,0.1909,benign,SDCCAG8,88.0
Q86SQ7,E88T,0.1878,benign,SDCCAG8,88.0
Q86SQ7,E88V,0.1409,benign,SDCCAG8,88.0
Q86SQ7,E88W,0.7084,pathogenic,SDCCAG8,88.0
Q86SQ7,E88Y,0.3924,ambiguous,SDCCAG8,88.0
Q86SQ7,S89A,0.0986,benign,SDCCAG8,89.0
Q86SQ7,S89C,0.0899,benign,SDCCAG8,89.0
Q86SQ7,S89D,0.1499,benign,SDCCAG8,89.0
Q86SQ7,S89E,0.2148,benign,SDCCAG8,89.0
Q86SQ7,S89F,0.2063,benign,SDCCAG8,89.0
Q86SQ7,S89G,0.0693,benign,SDCCAG8,89.0
Q86SQ7,S89H,0.1717,benign,SDCCAG8,89.0
Q86SQ7,S89I,0.099,benign,SDCCAG8,89.0
Q86SQ7,S89K,0.2443,benign,SDCCAG8,89.0
Q86SQ7,S89L,0.1238,benign,SDCCAG8,89.0
Q86SQ7,S89M,0.1621,benign,SDCCAG8,89.0
Q86SQ7,S89N,0.0752,benign,SDCCAG8,89.0
Q86SQ7,S89P,0.18,benign,SDCCAG8,89.0
Q86SQ7,S89Q,0.2529,benign,SDCCAG8,89.0
Q86SQ7,S89R,0.1849,benign,SDCCAG8,89.0
Q86SQ7,S89T,0.0815,benign,SDCCAG8,89.0
Q86SQ7,S89V,0.1403,benign,SDCCAG8,89.0
Q86SQ7,S89W,0.1918,benign,SDCCAG8,89.0
Q86SQ7,S89Y,0.1378,benign,SDCCAG8,89.0
Q86SQ7,E90A,0.1185,benign,SDCCAG8,90.0
Q86SQ7,E90C,0.6516,pathogenic,SDCCAG8,90.0
Q86SQ7,E90D,0.134,benign,SDCCAG8,90.0
Q86SQ7,E90F,0.5123,ambiguous,SDCCAG8,90.0
Q86SQ7,E90G,0.1113,benign,SDCCAG8,90.0
Q86SQ7,E90H,0.2865,benign,SDCCAG8,90.0
Q86SQ7,E90I,0.2622,benign,SDCCAG8,90.0
Q86SQ7,E90K,0.0828,benign,SDCCAG8,90.0
Q86SQ7,E90L,0.2566,benign,SDCCAG8,90.0
Q86SQ7,E90M,0.3146,benign,SDCCAG8,90.0
Q86SQ7,E90N,0.2184,benign,SDCCAG8,90.0
Q86SQ7,E90P,0.3266,benign,SDCCAG8,90.0
Q86SQ7,E90Q,0.1226,benign,SDCCAG8,90.0
Q86SQ7,E90R,0.138,benign,SDCCAG8,90.0
Q86SQ7,E90S,0.1722,benign,SDCCAG8,90.0
Q86SQ7,E90T,0.1651,benign,SDCCAG8,90.0
Q86SQ7,E90V,0.1523,benign,SDCCAG8,90.0
Q86SQ7,E90W,0.6886,pathogenic,SDCCAG8,90.0
Q86SQ7,E90Y,0.4085,ambiguous,SDCCAG8,90.0
Q86SQ7,V91A,0.1087,benign,SDCCAG8,91.0
Q86SQ7,V91C,0.433,ambiguous,SDCCAG8,91.0
Q86SQ7,V91D,0.0955,benign,SDCCAG8,91.0
Q86SQ7,V91E,0.1339,benign,SDCCAG8,91.0
Q86SQ7,V91F,0.0839,benign,SDCCAG8,91.0
Q86SQ7,V91G,0.0927,benign,SDCCAG8,91.0
Q86SQ7,V91H,0.2661,benign,SDCCAG8,91.0
Q86SQ7,V91I,0.079,benign,SDCCAG8,91.0
Q86SQ7,V91K,0.1868,benign,SDCCAG8,91.0
Q86SQ7,V91L,0.1157,benign,SDCCAG8,91.0
Q86SQ7,V91M,0.1147,benign,SDCCAG8,91.0
Q86SQ7,V91N,0.1186,benign,SDCCAG8,91.0
Q86SQ7,V91P,0.177,benign,SDCCAG8,91.0
Q86SQ7,V91Q,0.1976,benign,SDCCAG8,91.0
Q86SQ7,V91R,0.1573,benign,SDCCAG8,91.0
Q86SQ7,V91S,0.1157,benign,SDCCAG8,91.0
Q86SQ7,V91T,0.1309,benign,SDCCAG8,91.0
Q86SQ7,V91W,0.3878,ambiguous,SDCCAG8,91.0
Q86SQ7,V91Y,0.2237,benign,SDCCAG8,91.0
Q86SQ7,S92A,0.0992,benign,SDCCAG8,92.0
Q86SQ7,S92C,0.1162,benign,SDCCAG8,92.0
Q86SQ7,S92D,0.4429,ambiguous,SDCCAG8,92.0
Q86SQ7,S92E,0.4775,ambiguous,SDCCAG8,92.0
Q86SQ7,S92F,0.1236,benign,SDCCAG8,92.0
Q86SQ7,S92G,0.1696,benign,SDCCAG8,92.0
Q86SQ7,S92H,0.3336,benign,SDCCAG8,92.0
Q86SQ7,S92I,0.1737,benign,SDCCAG8,92.0
Q86SQ7,S92K,0.6451,pathogenic,SDCCAG8,92.0
Q86SQ7,S92L,0.092,benign,SDCCAG8,92.0
Q86SQ7,S92M,0.2535,benign,SDCCAG8,92.0
Q86SQ7,S92N,0.2719,benign,SDCCAG8,92.0
Q86SQ7,S92P,0.0932,benign,SDCCAG8,92.0
Q86SQ7,S92Q,0.5076,ambiguous,SDCCAG8,92.0
Q86SQ7,S92R,0.5484,ambiguous,SDCCAG8,92.0
Q86SQ7,S92T,0.0969,benign,SDCCAG8,92.0
Q86SQ7,S92V,0.177,benign,SDCCAG8,92.0
Q86SQ7,S92W,0.2104,benign,SDCCAG8,92.0
Q86SQ7,S92Y,0.1365,benign,SDCCAG8,92.0
Q86SQ7,P93A,0.0903,benign,SDCCAG8,93.0
Q86SQ7,P93C,0.2908,benign,SDCCAG8,93.0
Q86SQ7,P93D,0.3118,benign,SDCCAG8,93.0
Q86SQ7,P93E,0.2331,benign,SDCCAG8,93.0
Q86SQ7,P93F,0.2716,benign,SDCCAG8,93.0
Q86SQ7,P93G,0.2402,benign,SDCCAG8,93.0
Q86SQ7,P93H,0.1275,benign,SDCCAG8,93.0
Q86SQ7,P93I,0.1932,benign,SDCCAG8,93.0
Q86SQ7,P93K,0.2297,benign,SDCCAG8,93.0
Q86SQ7,P93L,0.0877,benign,SDCCAG8,93.0
Q86SQ7,P93M,0.2705,benign,SDCCAG8,93.0
Q86SQ7,P93N,0.2706,benign,SDCCAG8,93.0
Q86SQ7,P93Q,0.1441,benign,SDCCAG8,93.0
Q86SQ7,P93R,0.1238,benign,SDCCAG8,93.0
Q86SQ7,P93S,0.105,benign,SDCCAG8,93.0
Q86SQ7,P93T,0.0924,benign,SDCCAG8,93.0
Q86SQ7,P93V,0.1427,benign,SDCCAG8,93.0
Q86SQ7,P93W,0.3424,ambiguous,SDCCAG8,93.0
Q86SQ7,P93Y,0.2695,benign,SDCCAG8,93.0
Q86SQ7,S94A,0.0755,benign,SDCCAG8,94.0
Q86SQ7,S94C,0.0967,benign,SDCCAG8,94.0
Q86SQ7,S94D,0.2925,benign,SDCCAG8,94.0
Q86SQ7,S94E,0.2794,benign,SDCCAG8,94.0
Q86SQ7,S94F,0.1226,benign,SDCCAG8,94.0
Q86SQ7,S94G,0.1104,benign,SDCCAG8,94.0
Q86SQ7,S94H,0.2306,benign,SDCCAG8,94.0
Q86SQ7,S94I,0.1532,benign,SDCCAG8,94.0
Q86SQ7,S94K,0.3941,ambiguous,SDCCAG8,94.0
Q86SQ7,S94L,0.082,benign,SDCCAG8,94.0
Q86SQ7,S94M,0.2065,benign,SDCCAG8,94.0
Q86SQ7,S94N,0.1842,benign,SDCCAG8,94.0
Q86SQ7,S94P,0.0697,benign,SDCCAG8,94.0
Q86SQ7,S94Q,0.2934,benign,SDCCAG8,94.0
Q86SQ7,S94R,0.3178,benign,SDCCAG8,94.0
Q86SQ7,S94T,0.0841,benign,SDCCAG8,94.0
Q86SQ7,S94V,0.1342,benign,SDCCAG8,94.0
Q86SQ7,S94W,0.1541,benign,SDCCAG8,94.0
Q86SQ7,S94Y,0.1186,benign,SDCCAG8,94.0
Q86SQ7,R95A,0.2063,benign,SDCCAG8,95.0
Q86SQ7,R95C,0.1694,benign,SDCCAG8,95.0
Q86SQ7,R95D,0.4044,ambiguous,SDCCAG8,95.0
Q86SQ7,R95E,0.1937,benign,SDCCAG8,95.0
Q86SQ7,R95F,0.3607,ambiguous,SDCCAG8,95.0
Q86SQ7,R95G,0.0945,benign,SDCCAG8,95.0
Q86SQ7,R95H,0.1286,benign,SDCCAG8,95.0
Q86SQ7,R95I,0.1808,benign,SDCCAG8,95.0
Q86SQ7,R95K,0.1033,benign,SDCCAG8,95.0
Q86SQ7,R95L,0.1641,benign,SDCCAG8,95.0
Q86SQ7,R95M,0.2017,benign,SDCCAG8,95.0
Q86SQ7,R95N,0.3912,ambiguous,SDCCAG8,95.0
Q86SQ7,R95P,0.1935,benign,SDCCAG8,95.0
Q86SQ7,R95Q,0.0902,benign,SDCCAG8,95.0
Q86SQ7,R95S,0.265,benign,SDCCAG8,95.0
Q86SQ7,R95T,0.1517,benign,SDCCAG8,95.0
Q86SQ7,R95V,0.2187,benign,SDCCAG8,95.0
Q86SQ7,R95W,0.1247,benign,SDCCAG8,95.0
Q86SQ7,R95Y,0.3135,benign,SDCCAG8,95.0
Q86SQ7,R96A,0.2059,benign,SDCCAG8,96.0
Q86SQ7,R96C,0.1847,benign,SDCCAG8,96.0
Q86SQ7,R96D,0.3759,ambiguous,SDCCAG8,96.0
Q86SQ7,R96E,0.1788,benign,SDCCAG8,96.0
Q86SQ7,R96F,0.3522,ambiguous,SDCCAG8,96.0
Q86SQ7,R96G,0.0911,benign,SDCCAG8,96.0
Q86SQ7,R96H,0.1322,benign,SDCCAG8,96.0
Q86SQ7,R96I,0.1623,benign,SDCCAG8,96.0
Q86SQ7,R96K,0.0937,benign,SDCCAG8,96.0
Q86SQ7,R96L,0.156,benign,SDCCAG8,96.0
Q86SQ7,R96M,0.1666,benign,SDCCAG8,96.0
Q86SQ7,R96N,0.3267,benign,SDCCAG8,96.0
Q86SQ7,R96P,0.2127,benign,SDCCAG8,96.0
Q86SQ7,R96Q,0.0921,benign,SDCCAG8,96.0
Q86SQ7,R96S,0.2515,benign,SDCCAG8,96.0
Q86SQ7,R96T,0.1329,benign,SDCCAG8,96.0
Q86SQ7,R96V,0.2018,benign,SDCCAG8,96.0
Q86SQ7,R96W,0.1335,benign,SDCCAG8,96.0
Q86SQ7,R96Y,0.2933,benign,SDCCAG8,96.0
Q86SQ7,R97A,0.211,benign,SDCCAG8,97.0
Q86SQ7,R97C,0.1269,benign,SDCCAG8,97.0
Q86SQ7,R97D,0.3473,ambiguous,SDCCAG8,97.0
Q86SQ7,R97E,0.1578,benign,SDCCAG8,97.0
Q86SQ7,R97F,0.3348,benign,SDCCAG8,97.0
Q86SQ7,R97G,0.0926,benign,SDCCAG8,97.0
Q86SQ7,R97H,0.1047,benign,SDCCAG8,97.0
Q86SQ7,R97I,0.1857,benign,SDCCAG8,97.0
Q86SQ7,R97K,0.0943,benign,SDCCAG8,97.0
Q86SQ7,R97L,0.1469,benign,SDCCAG8,97.0
Q86SQ7,R97M,0.1857,benign,SDCCAG8,97.0
Q86SQ7,R97N,0.3201,benign,SDCCAG8,97.0
Q86SQ7,R97P,0.1821,benign,SDCCAG8,97.0
Q86SQ7,R97Q,0.0731,benign,SDCCAG8,97.0
Q86SQ7,R97S,0.264,benign,SDCCAG8,97.0
Q86SQ7,R97T,0.1553,benign,SDCCAG8,97.0
Q86SQ7,R97V,0.2117,benign,SDCCAG8,97.0
Q86SQ7,R97W,0.1044,benign,SDCCAG8,97.0
Q86SQ7,R97Y,0.25,benign,SDCCAG8,97.0
Q86SQ7,K98A,0.1907,benign,SDCCAG8,98.0
Q86SQ7,K98C,0.517,ambiguous,SDCCAG8,98.0
Q86SQ7,K98D,0.2414,benign,SDCCAG8,98.0
Q86SQ7,K98E,0.1009,benign,SDCCAG8,98.0
Q86SQ7,K98F,0.4848,ambiguous,SDCCAG8,98.0
Q86SQ7,K98G,0.2084,benign,SDCCAG8,98.0
Q86SQ7,K98H,0.2256,benign,SDCCAG8,98.0
Q86SQ7,K98I,0.2057,benign,SDCCAG8,98.0
Q86SQ7,K98L,0.2241,benign,SDCCAG8,98.0
Q86SQ7,K98M,0.1527,benign,SDCCAG8,98.0
Q86SQ7,K98N,0.1708,benign,SDCCAG8,98.0
Q86SQ7,K98P,0.2641,benign,SDCCAG8,98.0
Q86SQ7,K98Q,0.1102,benign,SDCCAG8,98.0
Q86SQ7,K98R,0.0784,benign,SDCCAG8,98.0
Q86SQ7,K98S,0.2121,benign,SDCCAG8,98.0
Q86SQ7,K98T,0.1124,benign,SDCCAG8,98.0
Q86SQ7,K98V,0.1992,benign,SDCCAG8,98.0
Q86SQ7,K98W,0.5536,ambiguous,SDCCAG8,98.0
Q86SQ7,K98Y,0.3827,ambiguous,SDCCAG8,98.0
Q86SQ7,M99A,0.2097,benign,SDCCAG8,99.0
Q86SQ7,M99C,0.5029,ambiguous,SDCCAG8,99.0
Q86SQ7,M99D,0.4195,ambiguous,SDCCAG8,99.0
Q86SQ7,M99E,0.2492,benign,SDCCAG8,99.0
Q86SQ7,M99F,0.205,benign,SDCCAG8,99.0
Q86SQ7,M99G,0.2999,benign,SDCCAG8,99.0
Q86SQ7,M99H,0.2809,benign,SDCCAG8,99.0
Q86SQ7,M99I,0.1781,benign,SDCCAG8,99.0
Q86SQ7,M99K,0.1191,benign,SDCCAG8,99.0
Q86SQ7,M99L,0.106,benign,SDCCAG8,99.0
Q86SQ7,M99N,0.2135,benign,SDCCAG8,99.0
Q86SQ7,M99P,0.2065,benign,SDCCAG8,99.0
Q86SQ7,M99Q,0.1708,benign,SDCCAG8,99.0
Q86SQ7,M99R,0.1087,benign,SDCCAG8,99.0
Q86SQ7,M99S,0.2069,benign,SDCCAG8,99.0
Q86SQ7,M99T,0.1265,benign,SDCCAG8,99.0
Q86SQ7,M99V,0.079,benign,SDCCAG8,99.0
Q86SQ7,M99W,0.3807,ambiguous,SDCCAG8,99.0
Q86SQ7,M99Y,0.3132,benign,SDCCAG8,99.0
Q86SQ7,S100A,0.0789,benign,SDCCAG8,100.0
Q86SQ7,S100C,0.1049,benign,SDCCAG8,100.0
Q86SQ7,S100D,0.305,benign,SDCCAG8,100.0
Q86SQ7,S100E,0.307,benign,SDCCAG8,100.0
Q86SQ7,S100F,0.1111,benign,SDCCAG8,100.0
Q86SQ7,S100G,0.1309,benign,SDCCAG8,100.0
Q86SQ7,S100H,0.23,benign,SDCCAG8,100.0
Q86SQ7,S100I,0.1415,benign,SDCCAG8,100.0
Q86SQ7,S100K,0.4464,ambiguous,SDCCAG8,100.0
Q86SQ7,S100L,0.0793,benign,SDCCAG8,100.0
Q86SQ7,S100M,0.1868,benign,SDCCAG8,100.0
Q86SQ7,S100N,0.1856,benign,SDCCAG8,100.0
Q86SQ7,S100P,0.0738,benign,SDCCAG8,100.0
Q86SQ7,S100Q,0.3307,benign,SDCCAG8,100.0
Q86SQ7,S100R,0.3801,ambiguous,SDCCAG8,100.0
Q86SQ7,S100T,0.0876,benign,SDCCAG8,100.0
Q86SQ7,S100V,0.1364,benign,SDCCAG8,100.0
Q86SQ7,S100W,0.1636,benign,SDCCAG8,100.0
Q86SQ7,S100Y,0.0974,benign,SDCCAG8,100.0
Q86SQ7,P101A,0.0834,benign,SDCCAG8,101.0
Q86SQ7,P101C,0.2455,benign,SDCCAG8,101.0
Q86SQ7,P101D,0.2393,benign,SDCCAG8,101.0
Q86SQ7,P101E,0.2051,benign,SDCCAG8,101.0
Q86SQ7,P101F,0.2409,benign,SDCCAG8,101.0
Q86SQ7,P101G,0.1944,benign,SDCCAG8,101.0
Q86SQ7,P101H,0.1018,benign,SDCCAG8,101.0
Q86SQ7,P101I,0.2013,benign,SDCCAG8,101.0
Q86SQ7,P101K,0.2028,benign,SDCCAG8,101.0
Q86SQ7,P101L,0.0966,benign,SDCCAG8,101.0
Q86SQ7,P101M,0.2502,benign,SDCCAG8,101.0
Q86SQ7,P101N,0.204,benign,SDCCAG8,101.0
Q86SQ7,P101Q,0.1238,benign,SDCCAG8,101.0
Q86SQ7,P101R,0.1131,benign,SDCCAG8,101.0
Q86SQ7,P101S,0.0829,benign,SDCCAG8,101.0
Q86SQ7,P101T,0.0842,benign,SDCCAG8,101.0
Q86SQ7,P101V,0.145,benign,SDCCAG8,101.0
Q86SQ7,P101W,0.314,benign,SDCCAG8,101.0
Q86SQ7,P101Y,0.2139,benign,SDCCAG8,101.0
Q86SQ7,L102A,0.0891,benign,SDCCAG8,102.0
Q86SQ7,L102C,0.2171,benign,SDCCAG8,102.0
Q86SQ7,L102D,0.2136,benign,SDCCAG8,102.0
Q86SQ7,L102E,0.1147,benign,SDCCAG8,102.0
Q86SQ7,L102F,0.0758,benign,SDCCAG8,102.0
Q86SQ7,L102G,0.1475,benign,SDCCAG8,102.0
Q86SQ7,L102H,0.0902,benign,SDCCAG8,102.0
Q86SQ7,L102I,0.0856,benign,SDCCAG8,102.0
Q86SQ7,L102K,0.1086,benign,SDCCAG8,102.0
Q86SQ7,L102M,0.0966,benign,SDCCAG8,102.0
Q86SQ7,L102N,0.1487,benign,SDCCAG8,102.0
Q86SQ7,L102P,0.0584,benign,SDCCAG8,102.0
Q86SQ7,L102Q,0.0642,benign,SDCCAG8,102.0
Q86SQ7,L102R,0.0752,benign,SDCCAG8,102.0
Q86SQ7,L102S,0.068,benign,SDCCAG8,102.0
Q86SQ7,L102T,0.0937,benign,SDCCAG8,102.0
Q86SQ7,L102V,0.0722,benign,SDCCAG8,102.0
Q86SQ7,L102W,0.0907,benign,SDCCAG8,102.0
Q86SQ7,L102Y,0.1564,benign,SDCCAG8,102.0
Q86SQ7,R103A,0.1246,benign,SDCCAG8,103.0
Q86SQ7,R103C,0.1324,benign,SDCCAG8,103.0
Q86SQ7,R103D,0.2187,benign,SDCCAG8,103.0
Q86SQ7,R103E,0.1354,benign,SDCCAG8,103.0
Q86SQ7,R103F,0.2451,benign,SDCCAG8,103.0
Q86SQ7,R103G,0.0678,benign,SDCCAG8,103.0
Q86SQ7,R103H,0.0973,benign,SDCCAG8,103.0
Q86SQ7,R103I,0.1142,benign,SDCCAG8,103.0
Q86SQ7,R103K,0.0849,benign,SDCCAG8,103.0
Q86SQ7,R103L,0.1099,benign,SDCCAG8,103.0
Q86SQ7,R103M,0.1313,benign,SDCCAG8,103.0
Q86SQ7,R103N,0.2227,benign,SDCCAG8,103.0
Q86SQ7,R103P,0.131,benign,SDCCAG8,103.0
Q86SQ7,R103Q,0.0845,benign,SDCCAG8,103.0
Q86SQ7,R103S,0.145,benign,SDCCAG8,103.0
Q86SQ7,R103T,0.0963,benign,SDCCAG8,103.0
Q86SQ7,R103V,0.142,benign,SDCCAG8,103.0
Q86SQ7,R103W,0.1146,benign,SDCCAG8,103.0
Q86SQ7,R103Y,0.1971,benign,SDCCAG8,103.0
Q86SQ7,S104A,0.0813,benign,SDCCAG8,104.0
Q86SQ7,S104C,0.0808,benign,SDCCAG8,104.0
Q86SQ7,S104D,0.2128,benign,SDCCAG8,104.0
Q86SQ7,S104E,0.2672,benign,SDCCAG8,104.0
Q86SQ7,S104F,0.109,benign,SDCCAG8,104.0
Q86SQ7,S104G,0.0919,benign,SDCCAG8,104.0
Q86SQ7,S104H,0.1861,benign,SDCCAG8,104.0
Q86SQ7,S104I,0.114,benign,SDCCAG8,104.0
Q86SQ7,S104K,0.3568,ambiguous,SDCCAG8,104.0
Q86SQ7,S104L,0.0889,benign,SDCCAG8,104.0
Q86SQ7,S104M,0.183,benign,SDCCAG8,104.0
Q86SQ7,S104N,0.1224,benign,SDCCAG8,104.0
Q86SQ7,S104P,0.0716,benign,SDCCAG8,104.0
Q86SQ7,S104Q,0.2995,benign,SDCCAG8,104.0
Q86SQ7,S104R,0.281,benign,SDCCAG8,104.0
Q86SQ7,S104T,0.0803,benign,SDCCAG8,104.0
Q86SQ7,S104V,0.1241,benign,SDCCAG8,104.0
Q86SQ7,S104W,0.1521,benign,SDCCAG8,104.0
Q86SQ7,S104Y,0.0931,benign,SDCCAG8,104.0
Q86SQ7,L105A,0.0702,benign,SDCCAG8,105.0
Q86SQ7,L105C,0.1868,benign,SDCCAG8,105.0
Q86SQ7,L105D,0.1812,benign,SDCCAG8,105.0
Q86SQ7,L105E,0.1089,benign,SDCCAG8,105.0
Q86SQ7,L105F,0.0781,benign,SDCCAG8,105.0
Q86SQ7,L105G,0.1303,benign,SDCCAG8,105.0
Q86SQ7,L105H,0.0837,benign,SDCCAG8,105.0
Q86SQ7,L105I,0.079,benign,SDCCAG8,105.0
Q86SQ7,L105K,0.0959,benign,SDCCAG8,105.0
Q86SQ7,L105M,0.0869,benign,SDCCAG8,105.0
Q86SQ7,L105N,0.1333,benign,SDCCAG8,105.0
Q86SQ7,L105P,0.0502,benign,SDCCAG8,105.0
Q86SQ7,L105Q,0.0673,benign,SDCCAG8,105.0
Q86SQ7,L105R,0.07,benign,SDCCAG8,105.0
Q86SQ7,L105S,0.0563,benign,SDCCAG8,105.0
Q86SQ7,L105T,0.0711,benign,SDCCAG8,105.0
Q86SQ7,L105V,0.0669,benign,SDCCAG8,105.0
Q86SQ7,L105W,0.086,benign,SDCCAG8,105.0
Q86SQ7,L105Y,0.1548,benign,SDCCAG8,105.0
Q86SQ7,E106A,0.0966,benign,SDCCAG8,106.0
Q86SQ7,E106C,0.4684,ambiguous,SDCCAG8,106.0
Q86SQ7,E106D,0.1092,benign,SDCCAG8,106.0
Q86SQ7,E106F,0.3903,ambiguous,SDCCAG8,106.0
Q86SQ7,E106G,0.077,benign,SDCCAG8,106.0
Q86SQ7,E106H,0.2007,benign,SDCCAG8,106.0
Q86SQ7,E106I,0.2009,benign,SDCCAG8,106.0
Q86SQ7,E106K,0.0821,benign,SDCCAG8,106.0
Q86SQ7,E106L,0.1718,benign,SDCCAG8,106.0
Q86SQ7,E106M,0.2545,benign,SDCCAG8,106.0
Q86SQ7,E106N,0.1708,benign,SDCCAG8,106.0
Q86SQ7,E106P,0.1715,benign,SDCCAG8,106.0
Q86SQ7,E106Q,0.0827,benign,SDCCAG8,106.0
Q86SQ7,E106R,0.1138,benign,SDCCAG8,106.0
Q86SQ7,E106S,0.1256,benign,SDCCAG8,106.0
Q86SQ7,E106T,0.1402,benign,SDCCAG8,106.0
Q86SQ7,E106V,0.1256,benign,SDCCAG8,106.0
Q86SQ7,E106W,0.4952,ambiguous,SDCCAG8,106.0
Q86SQ7,E106Y,0.2943,benign,SDCCAG8,106.0
Q86SQ7,H107A,0.1047,benign,SDCCAG8,107.0
Q86SQ7,H107C,0.0914,benign,SDCCAG8,107.0
Q86SQ7,H107D,0.0679,benign,SDCCAG8,107.0
Q86SQ7,H107E,0.1045,benign,SDCCAG8,107.0
Q86SQ7,H107F,0.182,benign,SDCCAG8,107.0
Q86SQ7,H107G,0.1012,benign,SDCCAG8,107.0
Q86SQ7,H107I,0.1524,benign,SDCCAG8,107.0
Q86SQ7,H107K,0.1099,benign,SDCCAG8,107.0
Q86SQ7,H107L,0.0816,benign,SDCCAG8,107.0
Q86SQ7,H107M,0.2373,benign,SDCCAG8,107.0
Q86SQ7,H107N,0.0624,benign,SDCCAG8,107.0
Q86SQ7,H107P,0.0693,benign,SDCCAG8,107.0
Q86SQ7,H107Q,0.0919,benign,SDCCAG8,107.0
Q86SQ7,H107R,0.0675,benign,SDCCAG8,107.0
Q86SQ7,H107S,0.096,benign,SDCCAG8,107.0
Q86SQ7,H107T,0.1035,benign,SDCCAG8,107.0
Q86SQ7,H107V,0.1166,benign,SDCCAG8,107.0
Q86SQ7,H107W,0.2054,benign,SDCCAG8,107.0
Q86SQ7,H107Y,0.0702,benign,SDCCAG8,107.0
Q86SQ7,E108A,0.1182,benign,SDCCAG8,108.0
Q86SQ7,E108C,0.5647,pathogenic,SDCCAG8,108.0
Q86SQ7,E108D,0.1112,benign,SDCCAG8,108.0
Q86SQ7,E108F,0.5054,ambiguous,SDCCAG8,108.0
Q86SQ7,E108G,0.0791,benign,SDCCAG8,108.0
Q86SQ7,E108H,0.251,benign,SDCCAG8,108.0
Q86SQ7,E108I,0.2507,benign,SDCCAG8,108.0
Q86SQ7,E108K,0.072,benign,SDCCAG8,108.0
Q86SQ7,E108L,0.2363,benign,SDCCAG8,108.0
Q86SQ7,E108M,0.2872,benign,SDCCAG8,108.0
Q86SQ7,E108N,0.1802,benign,SDCCAG8,108.0
Q86SQ7,E108P,0.2746,benign,SDCCAG8,108.0
Q86SQ7,E108Q,0.1031,benign,SDCCAG8,108.0
Q86SQ7,E108R,0.1137,benign,SDCCAG8,108.0
Q86SQ7,E108S,0.1431,benign,SDCCAG8,108.0
Q86SQ7,E108T,0.1483,benign,SDCCAG8,108.0
Q86SQ7,E108V,0.1528,benign,SDCCAG8,108.0
Q86SQ7,E108W,0.592,pathogenic,SDCCAG8,108.0
Q86SQ7,E108Y,0.3771,ambiguous,SDCCAG8,108.0
Q86SQ7,E109A,0.106,benign,SDCCAG8,109.0
Q86SQ7,E109C,0.6054,pathogenic,SDCCAG8,109.0
Q86SQ7,E109D,0.0873,benign,SDCCAG8,109.0
Q86SQ7,E109F,0.4818,ambiguous,SDCCAG8,109.0
Q86SQ7,E109G,0.0721,benign,SDCCAG8,109.0
Q86SQ7,E109H,0.2807,benign,SDCCAG8,109.0
Q86SQ7,E109I,0.2268,benign,SDCCAG8,109.0
Q86SQ7,E109K,0.0853,benign,SDCCAG8,109.0
Q86SQ7,E109L,0.2613,benign,SDCCAG8,109.0
Q86SQ7,E109M,0.2834,benign,SDCCAG8,109.0
Q86SQ7,E109N,0.1526,benign,SDCCAG8,109.0
Q86SQ7,E109P,0.2738,benign,SDCCAG8,109.0
Q86SQ7,E109Q,0.1188,benign,SDCCAG8,109.0
Q86SQ7,E109R,0.1443,benign,SDCCAG8,109.0
Q86SQ7,E109S,0.1483,benign,SDCCAG8,109.0
Q86SQ7,E109T,0.1488,benign,SDCCAG8,109.0
Q86SQ7,E109V,0.1282,benign,SDCCAG8,109.0
Q86SQ7,E109W,0.6395,pathogenic,SDCCAG8,109.0
Q86SQ7,E109Y,0.3376,benign,SDCCAG8,109.0
Q86SQ7,T110A,0.0697,benign,SDCCAG8,110.0
Q86SQ7,T110C,0.292,benign,SDCCAG8,110.0
Q86SQ7,T110D,0.1544,benign,SDCCAG8,110.0
Q86SQ7,T110E,0.1432,benign,SDCCAG8,110.0
Q86SQ7,T110F,0.1795,benign,SDCCAG8,110.0
Q86SQ7,T110G,0.1356,benign,SDCCAG8,110.0
Q86SQ7,T110H,0.167,benign,SDCCAG8,110.0
Q86SQ7,T110I,0.1255,benign,SDCCAG8,110.0
Q86SQ7,T110K,0.1161,benign,SDCCAG8,110.0
Q86SQ7,T110L,0.1037,benign,SDCCAG8,110.0
Q86SQ7,T110M,0.0861,benign,SDCCAG8,110.0
Q86SQ7,T110N,0.0793,benign,SDCCAG8,110.0
Q86SQ7,T110P,0.0899,benign,SDCCAG8,110.0
Q86SQ7,T110Q,0.1543,benign,SDCCAG8,110.0
Q86SQ7,T110R,0.0985,benign,SDCCAG8,110.0
Q86SQ7,T110S,0.0936,benign,SDCCAG8,110.0
Q86SQ7,T110V,0.1215,benign,SDCCAG8,110.0
Q86SQ7,T110W,0.3234,benign,SDCCAG8,110.0
Q86SQ7,T110Y,0.1729,benign,SDCCAG8,110.0
Q86SQ7,N111A,0.1035,benign,SDCCAG8,111.0
Q86SQ7,N111C,0.1493,benign,SDCCAG8,111.0
Q86SQ7,N111D,0.0718,benign,SDCCAG8,111.0
Q86SQ7,N111E,0.1744,benign,SDCCAG8,111.0
Q86SQ7,N111F,0.2759,benign,SDCCAG8,111.0
Q86SQ7,N111G,0.1429,benign,SDCCAG8,111.0
Q86SQ7,N111H,0.0796,benign,SDCCAG8,111.0
Q86SQ7,N111I,0.1039,benign,SDCCAG8,111.0
Q86SQ7,N111K,0.1378,benign,SDCCAG8,111.0
Q86SQ7,N111L,0.1334,benign,SDCCAG8,111.0
Q86SQ7,N111M,0.1993,benign,SDCCAG8,111.0
Q86SQ7,N111P,0.2021,benign,SDCCAG8,111.0
Q86SQ7,N111Q,0.1858,benign,SDCCAG8,111.0
Q86SQ7,N111R,0.1429,benign,SDCCAG8,111.0
Q86SQ7,N111S,0.0596,benign,SDCCAG8,111.0
Q86SQ7,N111T,0.076,benign,SDCCAG8,111.0
Q86SQ7,N111V,0.1084,benign,SDCCAG8,111.0
Q86SQ7,N111W,0.4887,ambiguous,SDCCAG8,111.0
Q86SQ7,N111Y,0.1126,benign,SDCCAG8,111.0
Q86SQ7,M112A,0.2144,benign,SDCCAG8,112.0
Q86SQ7,M112C,0.5054,ambiguous,SDCCAG8,112.0
Q86SQ7,M112D,0.4208,ambiguous,SDCCAG8,112.0
Q86SQ7,M112E,0.2306,benign,SDCCAG8,112.0
Q86SQ7,M112F,0.2102,benign,SDCCAG8,112.0
Q86SQ7,M112G,0.3154,benign,SDCCAG8,112.0
Q86SQ7,M112H,0.2623,benign,SDCCAG8,112.0
Q86SQ7,M112I,0.1544,benign,SDCCAG8,112.0
Q86SQ7,M112K,0.1032,benign,SDCCAG8,112.0
Q86SQ7,M112L,0.0975,benign,SDCCAG8,112.0
Q86SQ7,M112N,0.268,benign,SDCCAG8,112.0
Q86SQ7,M112P,0.3132,benign,SDCCAG8,112.0
Q86SQ7,M112Q,0.1663,benign,SDCCAG8,112.0
Q86SQ7,M112R,0.1025,benign,SDCCAG8,112.0
Q86SQ7,M112S,0.2271,benign,SDCCAG8,112.0
Q86SQ7,M112T,0.1072,benign,SDCCAG8,112.0
Q86SQ7,M112V,0.0639,benign,SDCCAG8,112.0
Q86SQ7,M112W,0.3779,ambiguous,SDCCAG8,112.0
Q86SQ7,M112Y,0.3386,benign,SDCCAG8,112.0
Q86SQ7,P113A,0.1151,benign,SDCCAG8,113.0
Q86SQ7,P113C,0.4699,ambiguous,SDCCAG8,113.0
Q86SQ7,P113D,0.4365,ambiguous,SDCCAG8,113.0
Q86SQ7,P113E,0.3185,benign,SDCCAG8,113.0
Q86SQ7,P113F,0.463,ambiguous,SDCCAG8,113.0
Q86SQ7,P113G,0.3439,ambiguous,SDCCAG8,113.0
Q86SQ7,P113H,0.196,benign,SDCCAG8,113.0
Q86SQ7,P113I,0.3435,ambiguous,SDCCAG8,113.0
Q86SQ7,P113K,0.2968,benign,SDCCAG8,113.0
Q86SQ7,P113L,0.1353,benign,SDCCAG8,113.0
Q86SQ7,P113M,0.3504,ambiguous,SDCCAG8,113.0
Q86SQ7,P113N,0.3879,ambiguous,SDCCAG8,113.0
Q86SQ7,P113Q,0.2023,benign,SDCCAG8,113.0
Q86SQ7,P113R,0.1978,benign,SDCCAG8,113.0
Q86SQ7,P113S,0.1809,benign,SDCCAG8,113.0
Q86SQ7,P113T,0.1367,benign,SDCCAG8,113.0
Q86SQ7,P113V,0.2438,benign,SDCCAG8,113.0
Q86SQ7,P113W,0.5464,ambiguous,SDCCAG8,113.0
Q86SQ7,P113Y,0.4278,ambiguous,SDCCAG8,113.0
Q86SQ7,T114A,0.0674,benign,SDCCAG8,114.0
Q86SQ7,T114C,0.3288,benign,SDCCAG8,114.0
Q86SQ7,T114D,0.2224,benign,SDCCAG8,114.0
Q86SQ7,T114E,0.1898,benign,SDCCAG8,114.0
Q86SQ7,T114F,0.1882,benign,SDCCAG8,114.0
Q86SQ7,T114G,0.1752,benign,SDCCAG8,114.0
Q86SQ7,T114H,0.1846,benign,SDCCAG8,114.0
Q86SQ7,T114I,0.1453,benign,SDCCAG8,114.0
Q86SQ7,T114K,0.1329,benign,SDCCAG8,114.0
Q86SQ7,T114L,0.0923,benign,SDCCAG8,114.0
Q86SQ7,T114M,0.093,benign,SDCCAG8,114.0
Q86SQ7,T114N,0.1113,benign,SDCCAG8,114.0
Q86SQ7,T114P,0.0865,benign,SDCCAG8,114.0
Q86SQ7,T114Q,0.1675,benign,SDCCAG8,114.0
Q86SQ7,T114R,0.1044,benign,SDCCAG8,114.0
Q86SQ7,T114S,0.0952,benign,SDCCAG8,114.0
Q86SQ7,T114V,0.1232,benign,SDCCAG8,114.0
Q86SQ7,T114W,0.4243,ambiguous,SDCCAG8,114.0
Q86SQ7,T114Y,0.2262,benign,SDCCAG8,114.0
Q86SQ7,M115A,0.1814,benign,SDCCAG8,115.0
Q86SQ7,M115C,0.5238,ambiguous,SDCCAG8,115.0
Q86SQ7,M115D,0.4719,ambiguous,SDCCAG8,115.0
Q86SQ7,M115E,0.2617,benign,SDCCAG8,115.0
Q86SQ7,M115F,0.2244,benign,SDCCAG8,115.0
Q86SQ7,M115G,0.3051,benign,SDCCAG8,115.0
Q86SQ7,M115H,0.3344,benign,SDCCAG8,115.0
Q86SQ7,M115I,0.1354,benign,SDCCAG8,115.0
Q86SQ7,M115K,0.1269,benign,SDCCAG8,115.0
Q86SQ7,M115L,0.0922,benign,SDCCAG8,115.0
Q86SQ7,M115N,0.3097,benign,SDCCAG8,115.0
Q86SQ7,M115P,0.2448,benign,SDCCAG8,115.0
Q86SQ7,M115Q,0.1909,benign,SDCCAG8,115.0
Q86SQ7,M115R,0.1161,benign,SDCCAG8,115.0
Q86SQ7,M115S,0.2198,benign,SDCCAG8,115.0
Q86SQ7,M115T,0.1027,benign,SDCCAG8,115.0
Q86SQ7,M115V,0.0511,benign,SDCCAG8,115.0
Q86SQ7,M115W,0.4013,ambiguous,SDCCAG8,115.0
Q86SQ7,M115Y,0.3965,ambiguous,SDCCAG8,115.0
Q86SQ7,H116A,0.1375,benign,SDCCAG8,116.0
Q86SQ7,H116C,0.1124,benign,SDCCAG8,116.0
Q86SQ7,H116D,0.0829,benign,SDCCAG8,116.0
Q86SQ7,H116E,0.1291,benign,SDCCAG8,116.0
Q86SQ7,H116F,0.2511,benign,SDCCAG8,116.0
Q86SQ7,H116G,0.1315,benign,SDCCAG8,116.0
Q86SQ7,H116I,0.2152,benign,SDCCAG8,116.0
Q86SQ7,H116K,0.1326,benign,SDCCAG8,116.0
Q86SQ7,H116L,0.0992,benign,SDCCAG8,116.0
Q86SQ7,H116M,0.3269,benign,SDCCAG8,116.0
Q86SQ7,H116N,0.0707,benign,SDCCAG8,116.0
Q86SQ7,H116P,0.0846,benign,SDCCAG8,116.0
Q86SQ7,H116Q,0.1038,benign,SDCCAG8,116.0
Q86SQ7,H116R,0.0709,benign,SDCCAG8,116.0
Q86SQ7,H116S,0.1183,benign,SDCCAG8,116.0
Q86SQ7,H116T,0.133,benign,SDCCAG8,116.0
Q86SQ7,H116V,0.1634,benign,SDCCAG8,116.0
Q86SQ7,H116W,0.2445,benign,SDCCAG8,116.0
Q86SQ7,H116Y,0.0808,benign,SDCCAG8,116.0
Q86SQ7,D117A,0.1485,benign,SDCCAG8,117.0
Q86SQ7,D117C,0.2772,benign,SDCCAG8,117.0
Q86SQ7,D117E,0.1841,benign,SDCCAG8,117.0
Q86SQ7,D117F,0.3923,ambiguous,SDCCAG8,117.0
Q86SQ7,D117G,0.1218,benign,SDCCAG8,117.0
Q86SQ7,D117H,0.1146,benign,SDCCAG8,117.0
Q86SQ7,D117I,0.2242,benign,SDCCAG8,117.0
Q86SQ7,D117K,0.2313,benign,SDCCAG8,117.0
Q86SQ7,D117L,0.2425,benign,SDCCAG8,117.0
Q86SQ7,D117M,0.4506,ambiguous,SDCCAG8,117.0
Q86SQ7,D117N,0.0663,benign,SDCCAG8,117.0
Q86SQ7,D117P,0.4462,ambiguous,SDCCAG8,117.0
Q86SQ7,D117Q,0.2392,benign,SDCCAG8,117.0
Q86SQ7,D117R,0.22,benign,SDCCAG8,117.0
Q86SQ7,D117S,0.0896,benign,SDCCAG8,117.0
Q86SQ7,D117T,0.1696,benign,SDCCAG8,117.0
Q86SQ7,D117V,0.1641,benign,SDCCAG8,117.0
Q86SQ7,D117W,0.6799,pathogenic,SDCCAG8,117.0
Q86SQ7,D117Y,0.1115,benign,SDCCAG8,117.0
Q86SQ7,L118A,0.2957,benign,SDCCAG8,118.0
Q86SQ7,L118C,0.4847,ambiguous,SDCCAG8,118.0
Q86SQ7,L118D,0.6765,pathogenic,SDCCAG8,118.0
Q86SQ7,L118E,0.4985,ambiguous,SDCCAG8,118.0
Q86SQ7,L118F,0.1188,benign,SDCCAG8,118.0
Q86SQ7,L118G,0.5975,pathogenic,SDCCAG8,118.0
Q86SQ7,L118H,0.2484,benign,SDCCAG8,118.0
Q86SQ7,L118I,0.0846,benign,SDCCAG8,118.0
Q86SQ7,L118K,0.3695,ambiguous,SDCCAG8,118.0
Q86SQ7,L118M,0.1198,benign,SDCCAG8,118.0
Q86SQ7,L118N,0.5331,ambiguous,SDCCAG8,118.0
Q86SQ7,L118P,0.4761,ambiguous,SDCCAG8,118.0
Q86SQ7,L118Q,0.2863,benign,SDCCAG8,118.0
Q86SQ7,L118R,0.2642,benign,SDCCAG8,118.0
Q86SQ7,L118S,0.3724,ambiguous,SDCCAG8,118.0
Q86SQ7,L118T,0.2364,benign,SDCCAG8,118.0
Q86SQ7,L118V,0.0928,benign,SDCCAG8,118.0
Q86SQ7,L118W,0.1879,benign,SDCCAG8,118.0
Q86SQ7,L118Y,0.345,ambiguous,SDCCAG8,118.0
Q86SQ7,V119A,0.2095,benign,SDCCAG8,119.0
Q86SQ7,V119C,0.6015,pathogenic,SDCCAG8,119.0
Q86SQ7,V119D,0.3331,benign,SDCCAG8,119.0
Q86SQ7,V119E,0.3202,benign,SDCCAG8,119.0
Q86SQ7,V119F,0.1252,benign,SDCCAG8,119.0
Q86SQ7,V119G,0.1896,benign,SDCCAG8,119.0
Q86SQ7,V119H,0.4996,ambiguous,SDCCAG8,119.0
Q86SQ7,V119I,0.0864,benign,SDCCAG8,119.0
Q86SQ7,V119K,0.3988,ambiguous,SDCCAG8,119.0
Q86SQ7,V119L,0.1713,benign,SDCCAG8,119.0
Q86SQ7,V119M,0.1822,benign,SDCCAG8,119.0
Q86SQ7,V119N,0.3323,benign,SDCCAG8,119.0
Q86SQ7,V119P,0.4101,ambiguous,SDCCAG8,119.0
Q86SQ7,V119Q,0.3305,benign,SDCCAG8,119.0
Q86SQ7,V119R,0.3139,benign,SDCCAG8,119.0
Q86SQ7,V119S,0.2344,benign,SDCCAG8,119.0
Q86SQ7,V119T,0.2803,benign,SDCCAG8,119.0
Q86SQ7,V119W,0.6281,pathogenic,SDCCAG8,119.0
Q86SQ7,V119Y,0.4701,ambiguous,SDCCAG8,119.0
Q86SQ7,H120A,0.1255,benign,SDCCAG8,120.0
Q86SQ7,H120C,0.1092,benign,SDCCAG8,120.0
Q86SQ7,H120D,0.1136,benign,SDCCAG8,120.0
Q86SQ7,H120E,0.1801,benign,SDCCAG8,120.0
Q86SQ7,H120F,0.2994,benign,SDCCAG8,120.0
Q86SQ7,H120G,0.1513,benign,SDCCAG8,120.0
Q86SQ7,H120I,0.2561,benign,SDCCAG8,120.0
Q86SQ7,H120K,0.1746,benign,SDCCAG8,120.0
Q86SQ7,H120L,0.0923,benign,SDCCAG8,120.0
Q86SQ7,H120M,0.3878,ambiguous,SDCCAG8,120.0
Q86SQ7,H120N,0.0891,benign,SDCCAG8,120.0
Q86SQ7,H120P,0.0364,benign,SDCCAG8,120.0
Q86SQ7,H120Q,0.1177,benign,SDCCAG8,120.0
Q86SQ7,H120R,0.0683,benign,SDCCAG8,120.0
Q86SQ7,H120S,0.1165,benign,SDCCAG8,120.0
Q86SQ7,H120T,0.1542,benign,SDCCAG8,120.0
Q86SQ7,H120V,0.1841,benign,SDCCAG8,120.0
Q86SQ7,H120W,0.3206,benign,SDCCAG8,120.0
Q86SQ7,H120Y,0.0944,benign,SDCCAG8,120.0
Q86SQ7,T121A,0.0828,benign,SDCCAG8,121.0
Q86SQ7,T121C,0.3332,benign,SDCCAG8,121.0
Q86SQ7,T121D,0.299,benign,SDCCAG8,121.0
Q86SQ7,T121E,0.2884,benign,SDCCAG8,121.0
Q86SQ7,T121F,0.1617,benign,SDCCAG8,121.0
Q86SQ7,T121G,0.2668,benign,SDCCAG8,121.0
Q86SQ7,T121H,0.1878,benign,SDCCAG8,121.0
Q86SQ7,T121I,0.0736,benign,SDCCAG8,121.0
Q86SQ7,T121K,0.1868,benign,SDCCAG8,121.0
Q86SQ7,T121L,0.0776,benign,SDCCAG8,121.0
Q86SQ7,T121M,0.0729,benign,SDCCAG8,121.0
Q86SQ7,T121N,0.1183,benign,SDCCAG8,121.0
Q86SQ7,T121P,0.1236,benign,SDCCAG8,121.0
Q86SQ7,T121Q,0.237,benign,SDCCAG8,121.0
Q86SQ7,T121R,0.126,benign,SDCCAG8,121.0
Q86SQ7,T121S,0.127,benign,SDCCAG8,121.0
Q86SQ7,T121V,0.0953,benign,SDCCAG8,121.0
Q86SQ7,T121W,0.4475,ambiguous,SDCCAG8,121.0
Q86SQ7,T121Y,0.2056,benign,SDCCAG8,121.0
Q86SQ7,I122A,0.4624,ambiguous,SDCCAG8,122.0
Q86SQ7,I122C,0.7192,pathogenic,SDCCAG8,122.0
Q86SQ7,I122D,0.7615,pathogenic,SDCCAG8,122.0
Q86SQ7,I122E,0.6744,pathogenic,SDCCAG8,122.0
Q86SQ7,I122F,0.1835,benign,SDCCAG8,122.0
Q86SQ7,I122G,0.7255,pathogenic,SDCCAG8,122.0
Q86SQ7,I122H,0.6321,pathogenic,SDCCAG8,122.0
Q86SQ7,I122K,0.495,ambiguous,SDCCAG8,122.0
Q86SQ7,I122L,0.142,benign,SDCCAG8,122.0
Q86SQ7,I122M,0.104,benign,SDCCAG8,122.0
Q86SQ7,I122N,0.3624,ambiguous,SDCCAG8,122.0
Q86SQ7,I122P,0.8039,pathogenic,SDCCAG8,122.0
Q86SQ7,I122Q,0.5643,pathogenic,SDCCAG8,122.0
Q86SQ7,I122R,0.3789,ambiguous,SDCCAG8,122.0
Q86SQ7,I122S,0.4067,ambiguous,SDCCAG8,122.0
Q86SQ7,I122T,0.384,ambiguous,SDCCAG8,122.0
Q86SQ7,I122V,0.0909,benign,SDCCAG8,122.0
Q86SQ7,I122W,0.6636,pathogenic,SDCCAG8,122.0
Q86SQ7,I122Y,0.5516,ambiguous,SDCCAG8,122.0
Q86SQ7,N123A,0.2149,benign,SDCCAG8,123.0
Q86SQ7,N123C,0.2184,benign,SDCCAG8,123.0
Q86SQ7,N123D,0.1231,benign,SDCCAG8,123.0
Q86SQ7,N123E,0.3084,benign,SDCCAG8,123.0
Q86SQ7,N123F,0.4505,ambiguous,SDCCAG8,123.0
Q86SQ7,N123G,0.2619,benign,SDCCAG8,123.0
Q86SQ7,N123H,0.0685,benign,SDCCAG8,123.0
Q86SQ7,N123I,0.196,benign,SDCCAG8,123.0
Q86SQ7,N123K,0.2162,benign,SDCCAG8,123.0
Q86SQ7,N123L,0.2173,benign,SDCCAG8,123.0
Q86SQ7,N123M,0.3115,benign,SDCCAG8,123.0
Q86SQ7,N123P,0.5802,pathogenic,SDCCAG8,123.0
Q86SQ7,N123Q,0.2586,benign,SDCCAG8,123.0
Q86SQ7,N123R,0.2068,benign,SDCCAG8,123.0
Q86SQ7,N123S,0.0779,benign,SDCCAG8,123.0
Q86SQ7,N123T,0.1095,benign,SDCCAG8,123.0
Q86SQ7,N123V,0.2351,benign,SDCCAG8,123.0
Q86SQ7,N123W,0.6023,pathogenic,SDCCAG8,123.0
Q86SQ7,N123Y,0.1207,benign,SDCCAG8,123.0
Q86SQ7,D124A,0.2547,benign,SDCCAG8,124.0
Q86SQ7,D124C,0.5996,pathogenic,SDCCAG8,124.0
Q86SQ7,D124E,0.2557,benign,SDCCAG8,124.0
Q86SQ7,D124F,0.5959,pathogenic,SDCCAG8,124.0
Q86SQ7,D124G,0.2044,benign,SDCCAG8,124.0
Q86SQ7,D124H,0.2367,benign,SDCCAG8,124.0
Q86SQ7,D124I,0.414,ambiguous,SDCCAG8,124.0
Q86SQ7,D124K,0.3672,ambiguous,SDCCAG8,124.0
Q86SQ7,D124L,0.4186,ambiguous,SDCCAG8,124.0
Q86SQ7,D124M,0.7155,pathogenic,SDCCAG8,124.0
Q86SQ7,D124N,0.1199,benign,SDCCAG8,124.0
Q86SQ7,D124P,0.8327,pathogenic,SDCCAG8,124.0
Q86SQ7,D124Q,0.3826,ambiguous,SDCCAG8,124.0
Q86SQ7,D124R,0.3493,ambiguous,SDCCAG8,124.0
Q86SQ7,D124S,0.1587,benign,SDCCAG8,124.0
Q86SQ7,D124T,0.327,benign,SDCCAG8,124.0
Q86SQ7,D124V,0.2652,benign,SDCCAG8,124.0
Q86SQ7,D124W,0.8705,pathogenic,SDCCAG8,124.0
Q86SQ7,D124Y,0.1918,benign,SDCCAG8,124.0
Q86SQ7,Q125A,0.4128,ambiguous,SDCCAG8,125.0
Q86SQ7,Q125C,0.8543,pathogenic,SDCCAG8,125.0
Q86SQ7,Q125D,0.6943,pathogenic,SDCCAG8,125.0
Q86SQ7,Q125E,0.1482,benign,SDCCAG8,125.0
Q86SQ7,Q125F,0.8437,pathogenic,SDCCAG8,125.0
Q86SQ7,Q125G,0.5452,ambiguous,SDCCAG8,125.0
Q86SQ7,Q125H,0.4539,ambiguous,SDCCAG8,125.0
Q86SQ7,Q125I,0.5573,ambiguous,SDCCAG8,125.0
Q86SQ7,Q125K,0.196,benign,SDCCAG8,125.0
Q86SQ7,Q125L,0.2899,benign,SDCCAG8,125.0
Q86SQ7,Q125M,0.5082,ambiguous,SDCCAG8,125.0
Q86SQ7,Q125N,0.5207,ambiguous,SDCCAG8,125.0
Q86SQ7,Q125P,0.4424,ambiguous,SDCCAG8,125.0
Q86SQ7,Q125R,0.2347,benign,SDCCAG8,125.0
Q86SQ7,Q125S,0.517,ambiguous,SDCCAG8,125.0
Q86SQ7,Q125T,0.3507,ambiguous,SDCCAG8,125.0
Q86SQ7,Q125V,0.4178,ambiguous,SDCCAG8,125.0
Q86SQ7,Q125W,0.7914,pathogenic,SDCCAG8,125.0
Q86SQ7,Q125Y,0.6913,pathogenic,SDCCAG8,125.0
Q86SQ7,S126A,0.1083,benign,SDCCAG8,126.0
Q86SQ7,S126C,0.1636,benign,SDCCAG8,126.0
Q86SQ7,S126D,0.627,pathogenic,SDCCAG8,126.0
Q86SQ7,S126E,0.604,pathogenic,SDCCAG8,126.0
Q86SQ7,S126F,0.3094,benign,SDCCAG8,126.0
Q86SQ7,S126G,0.1965,benign,SDCCAG8,126.0
Q86SQ7,S126H,0.4777,ambiguous,SDCCAG8,126.0
Q86SQ7,S126I,0.3551,ambiguous,SDCCAG8,126.0
Q86SQ7,S126K,0.7875,pathogenic,SDCCAG8,126.0
Q86SQ7,S126L,0.1608,benign,SDCCAG8,126.0
Q86SQ7,S126M,0.3307,benign,SDCCAG8,126.0
Q86SQ7,S126N,0.3487,ambiguous,SDCCAG8,126.0
Q86SQ7,S126P,0.5418,ambiguous,SDCCAG8,126.0
Q86SQ7,S126Q,0.6108,pathogenic,SDCCAG8,126.0
Q86SQ7,S126R,0.7226,pathogenic,SDCCAG8,126.0
Q86SQ7,S126T,0.1348,benign,SDCCAG8,126.0
Q86SQ7,S126V,0.3258,benign,SDCCAG8,126.0
Q86SQ7,S126W,0.3611,ambiguous,SDCCAG8,126.0
Q86SQ7,S126Y,0.2253,benign,SDCCAG8,126.0
Q86SQ7,Q127A,0.2607,benign,SDCCAG8,127.0
Q86SQ7,Q127C,0.6836,pathogenic,SDCCAG8,127.0
Q86SQ7,Q127D,0.3748,ambiguous,SDCCAG8,127.0
Q86SQ7,Q127E,0.0835,benign,SDCCAG8,127.0
Q86SQ7,Q127F,0.7796,pathogenic,SDCCAG8,127.0
Q86SQ7,Q127G,0.2985,benign,SDCCAG8,127.0
Q86SQ7,Q127H,0.2771,benign,SDCCAG8,127.0
Q86SQ7,Q127I,0.4721,ambiguous,SDCCAG8,127.0
Q86SQ7,Q127K,0.0996,benign,SDCCAG8,127.0
Q86SQ7,Q127L,0.1807,benign,SDCCAG8,127.0
Q86SQ7,Q127M,0.4351,ambiguous,SDCCAG8,127.0
Q86SQ7,Q127N,0.3349,benign,SDCCAG8,127.0
Q86SQ7,Q127P,0.2916,benign,SDCCAG8,127.0
Q86SQ7,Q127R,0.109,benign,SDCCAG8,127.0
Q86SQ7,Q127S,0.3195,benign,SDCCAG8,127.0
Q86SQ7,Q127T,0.2633,benign,SDCCAG8,127.0
Q86SQ7,Q127V,0.3201,benign,SDCCAG8,127.0
Q86SQ7,Q127W,0.559,ambiguous,SDCCAG8,127.0
Q86SQ7,Q127Y,0.5702,pathogenic,SDCCAG8,127.0
Q86SQ7,Y128A,0.8703,pathogenic,SDCCAG8,128.0
Q86SQ7,Y128C,0.5526,ambiguous,SDCCAG8,128.0
Q86SQ7,Y128D,0.6779,pathogenic,SDCCAG8,128.0
Q86SQ7,Y128E,0.911,pathogenic,SDCCAG8,128.0
Q86SQ7,Y128F,0.266,benign,SDCCAG8,128.0
Q86SQ7,Y128G,0.8017,pathogenic,SDCCAG8,128.0
Q86SQ7,Y128H,0.6605,pathogenic,SDCCAG8,128.0
Q86SQ7,Y128I,0.7498,pathogenic,SDCCAG8,128.0
Q86SQ7,Y128K,0.8938,pathogenic,SDCCAG8,128.0
Q86SQ7,Y128L,0.6804,pathogenic,SDCCAG8,128.0
Q86SQ7,Y128M,0.8153,pathogenic,SDCCAG8,128.0
Q86SQ7,Y128N,0.581,pathogenic,SDCCAG8,128.0
Q86SQ7,Y128P,0.9761,pathogenic,SDCCAG8,128.0
Q86SQ7,Y128Q,0.9035,pathogenic,SDCCAG8,128.0
Q86SQ7,Y128R,0.84,pathogenic,SDCCAG8,128.0
Q86SQ7,Y128S,0.7348,pathogenic,SDCCAG8,128.0
Q86SQ7,Y128T,0.8492,pathogenic,SDCCAG8,128.0
Q86SQ7,Y128V,0.6219,pathogenic,SDCCAG8,128.0
Q86SQ7,Y128W,0.7317,pathogenic,SDCCAG8,128.0
Q86SQ7,I129A,0.8435,pathogenic,SDCCAG8,129.0
Q86SQ7,I129C,0.8795,pathogenic,SDCCAG8,129.0
Q86SQ7,I129D,0.9449,pathogenic,SDCCAG8,129.0
Q86SQ7,I129E,0.9074,pathogenic,SDCCAG8,129.0
Q86SQ7,I129F,0.3972,ambiguous,SDCCAG8,129.0
Q86SQ7,I129G,0.9366,pathogenic,SDCCAG8,129.0
Q86SQ7,I129H,0.772,pathogenic,SDCCAG8,129.0
Q86SQ7,I129K,0.7257,pathogenic,SDCCAG8,129.0
Q86SQ7,I129L,0.3167,benign,SDCCAG8,129.0
Q86SQ7,I129M,0.3018,benign,SDCCAG8,129.0
Q86SQ7,I129N,0.6003,pathogenic,SDCCAG8,129.0
Q86SQ7,I129P,0.9538,pathogenic,SDCCAG8,129.0
Q86SQ7,I129Q,0.7858,pathogenic,SDCCAG8,129.0
Q86SQ7,I129R,0.6028,pathogenic,SDCCAG8,129.0
Q86SQ7,I129S,0.6717,pathogenic,SDCCAG8,129.0
Q86SQ7,I129T,0.6821,pathogenic,SDCCAG8,129.0
Q86SQ7,I129V,0.2345,benign,SDCCAG8,129.0
Q86SQ7,I129W,0.9022,pathogenic,SDCCAG8,129.0
Q86SQ7,I129Y,0.7615,pathogenic,SDCCAG8,129.0
Q86SQ7,H130A,0.3115,benign,SDCCAG8,130.0
Q86SQ7,H130C,0.1513,benign,SDCCAG8,130.0
Q86SQ7,H130D,0.2161,benign,SDCCAG8,130.0
Q86SQ7,H130E,0.2825,benign,SDCCAG8,130.0
Q86SQ7,H130F,0.3527,ambiguous,SDCCAG8,130.0
Q86SQ7,H130G,0.3034,benign,SDCCAG8,130.0
Q86SQ7,H130I,0.3615,ambiguous,SDCCAG8,130.0
Q86SQ7,H130K,0.2357,benign,SDCCAG8,130.0
Q86SQ7,H130L,0.1293,benign,SDCCAG8,130.0
Q86SQ7,H130M,0.5278,ambiguous,SDCCAG8,130.0
Q86SQ7,H130N,0.117,benign,SDCCAG8,130.0
Q86SQ7,H130P,0.393,ambiguous,SDCCAG8,130.0
Q86SQ7,H130Q,0.1566,benign,SDCCAG8,130.0
Q86SQ7,H130R,0.0901,benign,SDCCAG8,130.0
Q86SQ7,H130S,0.2208,benign,SDCCAG8,130.0
Q86SQ7,H130T,0.3028,benign,SDCCAG8,130.0
Q86SQ7,H130V,0.3054,benign,SDCCAG8,130.0
Q86SQ7,H130W,0.3698,ambiguous,SDCCAG8,130.0
Q86SQ7,H130Y,0.0969,benign,SDCCAG8,130.0
Q86SQ7,H131A,0.8054,pathogenic,SDCCAG8,131.0
Q86SQ7,H131C,0.5038,ambiguous,SDCCAG8,131.0
Q86SQ7,H131D,0.6386,pathogenic,SDCCAG8,131.0
Q86SQ7,H131E,0.7737,pathogenic,SDCCAG8,131.0
Q86SQ7,H131F,0.6187,pathogenic,SDCCAG8,131.0
Q86SQ7,H131G,0.827,pathogenic,SDCCAG8,131.0
Q86SQ7,H131I,0.7356,pathogenic,SDCCAG8,131.0
Q86SQ7,H131K,0.6769,pathogenic,SDCCAG8,131.0
Q86SQ7,H131L,0.3615,ambiguous,SDCCAG8,131.0
Q86SQ7,H131M,0.8596,pathogenic,SDCCAG8,131.0
Q86SQ7,H131N,0.4073,ambiguous,SDCCAG8,131.0
Q86SQ7,H131P,0.7558,pathogenic,SDCCAG8,131.0
Q86SQ7,H131Q,0.585,pathogenic,SDCCAG8,131.0
Q86SQ7,H131R,0.3298,benign,SDCCAG8,131.0
Q86SQ7,H131S,0.7175,pathogenic,SDCCAG8,131.0
Q86SQ7,H131T,0.7889,pathogenic,SDCCAG8,131.0
Q86SQ7,H131V,0.7037,pathogenic,SDCCAG8,131.0
Q86SQ7,H131W,0.7408,pathogenic,SDCCAG8,131.0
Q86SQ7,H131Y,0.244,benign,SDCCAG8,131.0
Q86SQ7,L132A,0.798,pathogenic,SDCCAG8,132.0
Q86SQ7,L132C,0.9018,pathogenic,SDCCAG8,132.0
Q86SQ7,L132D,0.9874,pathogenic,SDCCAG8,132.0
Q86SQ7,L132E,0.8833,pathogenic,SDCCAG8,132.0
Q86SQ7,L132F,0.7494,pathogenic,SDCCAG8,132.0
Q86SQ7,L132G,0.9457,pathogenic,SDCCAG8,132.0
Q86SQ7,L132H,0.8445,pathogenic,SDCCAG8,132.0
Q86SQ7,L132I,0.3217,benign,SDCCAG8,132.0
Q86SQ7,L132K,0.7475,pathogenic,SDCCAG8,132.0
Q86SQ7,L132M,0.3333,benign,SDCCAG8,132.0
Q86SQ7,L132N,0.9607,pathogenic,SDCCAG8,132.0
Q86SQ7,L132P,0.9408,pathogenic,SDCCAG8,132.0
Q86SQ7,L132Q,0.7084,pathogenic,SDCCAG8,132.0
Q86SQ7,L132R,0.66,pathogenic,SDCCAG8,132.0
Q86SQ7,L132S,0.9098,pathogenic,SDCCAG8,132.0
Q86SQ7,L132T,0.7767,pathogenic,SDCCAG8,132.0
Q86SQ7,L132V,0.316,benign,SDCCAG8,132.0
Q86SQ7,L132W,0.7484,pathogenic,SDCCAG8,132.0
Q86SQ7,L132Y,0.9194,pathogenic,SDCCAG8,132.0
Q86SQ7,E133A,0.5015,ambiguous,SDCCAG8,133.0
Q86SQ7,E133C,0.9758,pathogenic,SDCCAG8,133.0
Q86SQ7,E133D,0.8233,pathogenic,SDCCAG8,133.0
Q86SQ7,E133F,0.9723,pathogenic,SDCCAG8,133.0
Q86SQ7,E133G,0.6195,pathogenic,SDCCAG8,133.0
Q86SQ7,E133H,0.86,pathogenic,SDCCAG8,133.0
Q86SQ7,E133I,0.8805,pathogenic,SDCCAG8,133.0
Q86SQ7,E133K,0.3976,ambiguous,SDCCAG8,133.0
Q86SQ7,E133L,0.8334,pathogenic,SDCCAG8,133.0
Q86SQ7,E133M,0.8411,pathogenic,SDCCAG8,133.0
Q86SQ7,E133N,0.9077,pathogenic,SDCCAG8,133.0
Q86SQ7,E133P,0.9814,pathogenic,SDCCAG8,133.0
Q86SQ7,E133Q,0.3315,benign,SDCCAG8,133.0
Q86SQ7,E133R,0.5705,pathogenic,SDCCAG8,133.0
Q86SQ7,E133S,0.7818,pathogenic,SDCCAG8,133.0
Q86SQ7,E133T,0.757,pathogenic,SDCCAG8,133.0
Q86SQ7,E133V,0.6855,pathogenic,SDCCAG8,133.0
Q86SQ7,E133W,0.9857,pathogenic,SDCCAG8,133.0
Q86SQ7,E133Y,0.949,pathogenic,SDCCAG8,133.0
Q86SQ7,A134C,0.7656,pathogenic,SDCCAG8,134.0
Q86SQ7,A134D,0.32,benign,SDCCAG8,134.0
Q86SQ7,A134E,0.2467,benign,SDCCAG8,134.0
Q86SQ7,A134F,0.7085,pathogenic,SDCCAG8,134.0
Q86SQ7,A134G,0.2107,benign,SDCCAG8,134.0
Q86SQ7,A134H,0.6984,pathogenic,SDCCAG8,134.0
Q86SQ7,A134I,0.7255,pathogenic,SDCCAG8,134.0
Q86SQ7,A134K,0.5923,pathogenic,SDCCAG8,134.0
Q86SQ7,A134L,0.4959,ambiguous,SDCCAG8,134.0
Q86SQ7,A134M,0.4107,ambiguous,SDCCAG8,134.0
Q86SQ7,A134N,0.4014,ambiguous,SDCCAG8,134.0
Q86SQ7,A134P,0.9621,pathogenic,SDCCAG8,134.0
Q86SQ7,A134Q,0.4474,ambiguous,SDCCAG8,134.0
Q86SQ7,A134R,0.5073,ambiguous,SDCCAG8,134.0
Q86SQ7,A134S,0.1517,benign,SDCCAG8,134.0
Q86SQ7,A134T,0.1864,benign,SDCCAG8,134.0
Q86SQ7,A134V,0.3442,ambiguous,SDCCAG8,134.0
Q86SQ7,A134W,0.8816,pathogenic,SDCCAG8,134.0
Q86SQ7,A134Y,0.7199,pathogenic,SDCCAG8,134.0
Q86SQ7,E135A,0.4349,ambiguous,SDCCAG8,135.0
Q86SQ7,E135C,0.9819,pathogenic,SDCCAG8,135.0
Q86SQ7,E135D,0.6947,pathogenic,SDCCAG8,135.0
Q86SQ7,E135F,0.9807,pathogenic,SDCCAG8,135.0
Q86SQ7,E135G,0.6651,pathogenic,SDCCAG8,135.0
Q86SQ7,E135H,0.9014,pathogenic,SDCCAG8,135.0
Q86SQ7,E135I,0.8731,pathogenic,SDCCAG8,135.0
Q86SQ7,E135K,0.457,ambiguous,SDCCAG8,135.0
Q86SQ7,E135L,0.8871,pathogenic,SDCCAG8,135.0
Q86SQ7,E135M,0.8483,pathogenic,SDCCAG8,135.0
Q86SQ7,E135N,0.8528,pathogenic,SDCCAG8,135.0
Q86SQ7,E135P,0.9892,pathogenic,SDCCAG8,135.0
Q86SQ7,E135Q,0.3764,ambiguous,SDCCAG8,135.0
Q86SQ7,E135R,0.6721,pathogenic,SDCCAG8,135.0
Q86SQ7,E135S,0.6963,pathogenic,SDCCAG8,135.0
Q86SQ7,E135T,0.6705,pathogenic,SDCCAG8,135.0
Q86SQ7,E135V,0.6433,pathogenic,SDCCAG8,135.0
Q86SQ7,E135W,0.9928,pathogenic,SDCCAG8,135.0
Q86SQ7,E135Y,0.9638,pathogenic,SDCCAG8,135.0
Q86SQ7,V136A,0.6442,pathogenic,SDCCAG8,136.0
Q86SQ7,V136C,0.924,pathogenic,SDCCAG8,136.0
Q86SQ7,V136D,0.78,pathogenic,SDCCAG8,136.0
Q86SQ7,V136E,0.6375,pathogenic,SDCCAG8,136.0
Q86SQ7,V136F,0.5982,pathogenic,SDCCAG8,136.0
Q86SQ7,V136G,0.42,ambiguous,SDCCAG8,136.0
Q86SQ7,V136H,0.9099,pathogenic,SDCCAG8,136.0
Q86SQ7,V136I,0.1721,benign,SDCCAG8,136.0
Q86SQ7,V136K,0.785,pathogenic,SDCCAG8,136.0
Q86SQ7,V136L,0.598,pathogenic,SDCCAG8,136.0
Q86SQ7,V136M,0.4329,ambiguous,SDCCAG8,136.0
Q86SQ7,V136N,0.5181,ambiguous,SDCCAG8,136.0
Q86SQ7,V136P,0.9878,pathogenic,SDCCAG8,136.0
Q86SQ7,V136Q,0.7684,pathogenic,SDCCAG8,136.0
Q86SQ7,V136R,0.7517,pathogenic,SDCCAG8,136.0
Q86SQ7,V136S,0.6789,pathogenic,SDCCAG8,136.0
Q86SQ7,V136T,0.677,pathogenic,SDCCAG8,136.0
Q86SQ7,V136W,0.9581,pathogenic,SDCCAG8,136.0
Q86SQ7,V136Y,0.832,pathogenic,SDCCAG8,136.0
Q86SQ7,K137A,0.3628,ambiguous,SDCCAG8,137.0
Q86SQ7,K137C,0.7054,pathogenic,SDCCAG8,137.0
Q86SQ7,K137D,0.6393,pathogenic,SDCCAG8,137.0
Q86SQ7,K137E,0.2572,benign,SDCCAG8,137.0
Q86SQ7,K137F,0.8182,pathogenic,SDCCAG8,137.0
Q86SQ7,K137G,0.5518,ambiguous,SDCCAG8,137.0
Q86SQ7,K137H,0.3312,benign,SDCCAG8,137.0
Q86SQ7,K137I,0.3739,ambiguous,SDCCAG8,137.0
Q86SQ7,K137L,0.384,ambiguous,SDCCAG8,137.0
Q86SQ7,K137M,0.2335,benign,SDCCAG8,137.0
Q86SQ7,K137N,0.3871,ambiguous,SDCCAG8,137.0
Q86SQ7,K137P,0.9255,pathogenic,SDCCAG8,137.0
Q86SQ7,K137Q,0.1435,benign,SDCCAG8,137.0
Q86SQ7,K137R,0.093,benign,SDCCAG8,137.0
Q86SQ7,K137S,0.4599,ambiguous,SDCCAG8,137.0
Q86SQ7,K137T,0.1905,benign,SDCCAG8,137.0
Q86SQ7,K137V,0.403,ambiguous,SDCCAG8,137.0
Q86SQ7,K137W,0.809,pathogenic,SDCCAG8,137.0
Q86SQ7,K137Y,0.6247,pathogenic,SDCCAG8,137.0
Q86SQ7,F138A,0.747,pathogenic,SDCCAG8,138.0
Q86SQ7,F138C,0.5072,ambiguous,SDCCAG8,138.0
Q86SQ7,F138D,0.779,pathogenic,SDCCAG8,138.0
Q86SQ7,F138E,0.854,pathogenic,SDCCAG8,138.0
Q86SQ7,F138G,0.8468,pathogenic,SDCCAG8,138.0
Q86SQ7,F138H,0.693,pathogenic,SDCCAG8,138.0
Q86SQ7,F138I,0.3228,benign,SDCCAG8,138.0
Q86SQ7,F138K,0.8688,pathogenic,SDCCAG8,138.0
Q86SQ7,F138L,0.897,pathogenic,SDCCAG8,138.0
Q86SQ7,F138M,0.6968,pathogenic,SDCCAG8,138.0
Q86SQ7,F138N,0.7114,pathogenic,SDCCAG8,138.0
Q86SQ7,F138P,0.9949,pathogenic,SDCCAG8,138.0
Q86SQ7,F138Q,0.8461,pathogenic,SDCCAG8,138.0
Q86SQ7,F138R,0.7445,pathogenic,SDCCAG8,138.0
Q86SQ7,F138S,0.6699,pathogenic,SDCCAG8,138.0
Q86SQ7,F138T,0.7405,pathogenic,SDCCAG8,138.0
Q86SQ7,F138V,0.3593,ambiguous,SDCCAG8,138.0
Q86SQ7,F138W,0.5643,pathogenic,SDCCAG8,138.0
Q86SQ7,F138Y,0.138,benign,SDCCAG8,138.0
Q86SQ7,C139A,0.7368,pathogenic,SDCCAG8,139.0
Q86SQ7,C139D,0.9473,pathogenic,SDCCAG8,139.0
Q86SQ7,C139E,0.9582,pathogenic,SDCCAG8,139.0
Q86SQ7,C139F,0.2666,benign,SDCCAG8,139.0
Q86SQ7,C139G,0.4867,ambiguous,SDCCAG8,139.0
Q86SQ7,C139H,0.732,pathogenic,SDCCAG8,139.0
Q86SQ7,C139I,0.6751,pathogenic,SDCCAG8,139.0
Q86SQ7,C139K,0.959,pathogenic,SDCCAG8,139.0
Q86SQ7,C139L,0.5123,ambiguous,SDCCAG8,139.0
Q86SQ7,C139M,0.7933,pathogenic,SDCCAG8,139.0
Q86SQ7,C139N,0.8616,pathogenic,SDCCAG8,139.0
Q86SQ7,C139P,0.9871,pathogenic,SDCCAG8,139.0
Q86SQ7,C139Q,0.8539,pathogenic,SDCCAG8,139.0
Q86SQ7,C139R,0.7437,pathogenic,SDCCAG8,139.0
Q86SQ7,C139S,0.6085,pathogenic,SDCCAG8,139.0
Q86SQ7,C139T,0.7751,pathogenic,SDCCAG8,139.0
Q86SQ7,C139V,0.6552,pathogenic,SDCCAG8,139.0
Q86SQ7,C139W,0.5478,ambiguous,SDCCAG8,139.0
Q86SQ7,C139Y,0.3678,ambiguous,SDCCAG8,139.0
Q86SQ7,K140A,0.8448,pathogenic,SDCCAG8,140.0
Q86SQ7,K140C,0.9428,pathogenic,SDCCAG8,140.0
Q86SQ7,K140D,0.9508,pathogenic,SDCCAG8,140.0
Q86SQ7,K140E,0.4626,ambiguous,SDCCAG8,140.0
Q86SQ7,K140F,0.9741,pathogenic,SDCCAG8,140.0
Q86SQ7,K140G,0.8603,pathogenic,SDCCAG8,140.0
Q86SQ7,K140H,0.7374,pathogenic,SDCCAG8,140.0
Q86SQ7,K140I,0.8294,pathogenic,SDCCAG8,140.0
Q86SQ7,K140L,0.7787,pathogenic,SDCCAG8,140.0
Q86SQ7,K140M,0.5999,pathogenic,SDCCAG8,140.0
Q86SQ7,K140N,0.8992,pathogenic,SDCCAG8,140.0
Q86SQ7,K140P,0.9848,pathogenic,SDCCAG8,140.0
Q86SQ7,K140Q,0.3336,benign,SDCCAG8,140.0
Q86SQ7,K140R,0.1317,benign,SDCCAG8,140.0
Q86SQ7,K140S,0.8874,pathogenic,SDCCAG8,140.0
Q86SQ7,K140T,0.6274,pathogenic,SDCCAG8,140.0
Q86SQ7,K140V,0.8011,pathogenic,SDCCAG8,140.0
Q86SQ7,K140W,0.9444,pathogenic,SDCCAG8,140.0
Q86SQ7,K140Y,0.9262,pathogenic,SDCCAG8,140.0
Q86SQ7,E141A,0.2515,benign,SDCCAG8,141.0
Q86SQ7,E141C,0.9262,pathogenic,SDCCAG8,141.0
Q86SQ7,E141D,0.1329,benign,SDCCAG8,141.0
Q86SQ7,E141F,0.8964,pathogenic,SDCCAG8,141.0
Q86SQ7,E141G,0.1866,benign,SDCCAG8,141.0
Q86SQ7,E141H,0.6733,pathogenic,SDCCAG8,141.0
Q86SQ7,E141I,0.6703,pathogenic,SDCCAG8,141.0
Q86SQ7,E141K,0.2381,benign,SDCCAG8,141.0
Q86SQ7,E141L,0.634,pathogenic,SDCCAG8,141.0
Q86SQ7,E141M,0.6384,pathogenic,SDCCAG8,141.0
Q86SQ7,E141N,0.3776,ambiguous,SDCCAG8,141.0
Q86SQ7,E141P,0.9514,pathogenic,SDCCAG8,141.0
Q86SQ7,E141Q,0.2498,benign,SDCCAG8,141.0
Q86SQ7,E141R,0.3887,ambiguous,SDCCAG8,141.0
Q86SQ7,E141S,0.3794,ambiguous,SDCCAG8,141.0
Q86SQ7,E141T,0.4129,ambiguous,SDCCAG8,141.0
Q86SQ7,E141V,0.3777,ambiguous,SDCCAG8,141.0
Q86SQ7,E141W,0.9301,pathogenic,SDCCAG8,141.0
Q86SQ7,E141Y,0.753,pathogenic,SDCCAG8,141.0
Q86SQ7,E142A,0.2782,benign,SDCCAG8,142.0
Q86SQ7,E142C,0.9396,pathogenic,SDCCAG8,142.0
Q86SQ7,E142D,0.4748,ambiguous,SDCCAG8,142.0
Q86SQ7,E142F,0.9165,pathogenic,SDCCAG8,142.0
Q86SQ7,E142G,0.4622,ambiguous,SDCCAG8,142.0
Q86SQ7,E142H,0.7862,pathogenic,SDCCAG8,142.0
Q86SQ7,E142I,0.6357,pathogenic,SDCCAG8,142.0
Q86SQ7,E142K,0.4179,ambiguous,SDCCAG8,142.0
Q86SQ7,E142L,0.7492,pathogenic,SDCCAG8,142.0
Q86SQ7,E142M,0.6786,pathogenic,SDCCAG8,142.0
Q86SQ7,E142N,0.6693,pathogenic,SDCCAG8,142.0
Q86SQ7,E142P,0.9803,pathogenic,SDCCAG8,142.0
Q86SQ7,E142Q,0.2941,benign,SDCCAG8,142.0
Q86SQ7,E142R,0.5748,pathogenic,SDCCAG8,142.0
Q86SQ7,E142S,0.5461,ambiguous,SDCCAG8,142.0
Q86SQ7,E142T,0.5066,ambiguous,SDCCAG8,142.0
Q86SQ7,E142V,0.3898,ambiguous,SDCCAG8,142.0
Q86SQ7,E142W,0.9711,pathogenic,SDCCAG8,142.0
Q86SQ7,E142Y,0.8247,pathogenic,SDCCAG8,142.0
Q86SQ7,L143A,0.722,pathogenic,SDCCAG8,143.0
Q86SQ7,L143C,0.7972,pathogenic,SDCCAG8,143.0
Q86SQ7,L143D,0.9363,pathogenic,SDCCAG8,143.0
Q86SQ7,L143E,0.8258,pathogenic,SDCCAG8,143.0
Q86SQ7,L143F,0.3184,benign,SDCCAG8,143.0
Q86SQ7,L143G,0.8842,pathogenic,SDCCAG8,143.0
Q86SQ7,L143H,0.636,pathogenic,SDCCAG8,143.0
Q86SQ7,L143I,0.1245,benign,SDCCAG8,143.0
Q86SQ7,L143K,0.7293,pathogenic,SDCCAG8,143.0
Q86SQ7,L143M,0.1851,benign,SDCCAG8,143.0
Q86SQ7,L143N,0.7615,pathogenic,SDCCAG8,143.0
Q86SQ7,L143P,0.9244,pathogenic,SDCCAG8,143.0
Q86SQ7,L143Q,0.6277,pathogenic,SDCCAG8,143.0
Q86SQ7,L143R,0.6146,pathogenic,SDCCAG8,143.0
Q86SQ7,L143S,0.8253,pathogenic,SDCCAG8,143.0
Q86SQ7,L143T,0.6947,pathogenic,SDCCAG8,143.0
Q86SQ7,L143V,0.1842,benign,SDCCAG8,143.0
Q86SQ7,L143W,0.4679,ambiguous,SDCCAG8,143.0
Q86SQ7,L143Y,0.5756,pathogenic,SDCCAG8,143.0
Q86SQ7,S144A,0.0661,benign,SDCCAG8,144.0
Q86SQ7,S144C,0.0863,benign,SDCCAG8,144.0
Q86SQ7,S144D,0.3946,ambiguous,SDCCAG8,144.0
Q86SQ7,S144E,0.4131,ambiguous,SDCCAG8,144.0
Q86SQ7,S144F,0.1394,benign,SDCCAG8,144.0
Q86SQ7,S144G,0.1293,benign,SDCCAG8,144.0
Q86SQ7,S144H,0.2786,benign,SDCCAG8,144.0
Q86SQ7,S144I,0.1738,benign,SDCCAG8,144.0
Q86SQ7,S144K,0.5939,pathogenic,SDCCAG8,144.0
Q86SQ7,S144L,0.0889,benign,SDCCAG8,144.0
Q86SQ7,S144M,0.2141,benign,SDCCAG8,144.0
Q86SQ7,S144N,0.2171,benign,SDCCAG8,144.0
Q86SQ7,S144P,0.5548,ambiguous,SDCCAG8,144.0
Q86SQ7,S144Q,0.429,ambiguous,SDCCAG8,144.0
Q86SQ7,S144R,0.4616,ambiguous,SDCCAG8,144.0
Q86SQ7,S144T,0.0909,benign,SDCCAG8,144.0
Q86SQ7,S144V,0.1807,benign,SDCCAG8,144.0
Q86SQ7,S144W,0.1882,benign,SDCCAG8,144.0
Q86SQ7,S144Y,0.125,benign,SDCCAG8,144.0
Q86SQ7,G145A,0.1417,benign,SDCCAG8,145.0
Q86SQ7,G145C,0.1783,benign,SDCCAG8,145.0
Q86SQ7,G145D,0.2233,benign,SDCCAG8,145.0
Q86SQ7,G145E,0.1727,benign,SDCCAG8,145.0
Q86SQ7,G145F,0.4777,ambiguous,SDCCAG8,145.0
Q86SQ7,G145H,0.3234,benign,SDCCAG8,145.0
Q86SQ7,G145I,0.2328,benign,SDCCAG8,145.0
Q86SQ7,G145K,0.3289,benign,SDCCAG8,145.0
Q86SQ7,G145L,0.3526,ambiguous,SDCCAG8,145.0
Q86SQ7,G145M,0.4028,ambiguous,SDCCAG8,145.0
Q86SQ7,G145N,0.2924,benign,SDCCAG8,145.0
Q86SQ7,G145P,0.9004,pathogenic,SDCCAG8,145.0
Q86SQ7,G145Q,0.2449,benign,SDCCAG8,145.0
Q86SQ7,G145R,0.1869,benign,SDCCAG8,145.0
Q86SQ7,G145S,0.1102,benign,SDCCAG8,145.0
Q86SQ7,G145T,0.1672,benign,SDCCAG8,145.0
Q86SQ7,G145V,0.1529,benign,SDCCAG8,145.0
Q86SQ7,G145W,0.2752,benign,SDCCAG8,145.0
Q86SQ7,G145Y,0.378,ambiguous,SDCCAG8,145.0
Q86SQ7,M146A,0.7635,pathogenic,SDCCAG8,146.0
Q86SQ7,M146C,0.8363,pathogenic,SDCCAG8,146.0
Q86SQ7,M146D,0.9649,pathogenic,SDCCAG8,146.0
Q86SQ7,M146E,0.8166,pathogenic,SDCCAG8,146.0
Q86SQ7,M146F,0.4595,ambiguous,SDCCAG8,146.0
Q86SQ7,M146G,0.8941,pathogenic,SDCCAG8,146.0
Q86SQ7,M146H,0.8351,pathogenic,SDCCAG8,146.0
Q86SQ7,M146I,0.392,ambiguous,SDCCAG8,146.0
Q86SQ7,M146K,0.4953,ambiguous,SDCCAG8,146.0
Q86SQ7,M146L,0.1051,benign,SDCCAG8,146.0
Q86SQ7,M146N,0.8587,pathogenic,SDCCAG8,146.0
Q86SQ7,M146P,0.9581,pathogenic,SDCCAG8,146.0
Q86SQ7,M146Q,0.5608,ambiguous,SDCCAG8,146.0
Q86SQ7,M146R,0.5267,ambiguous,SDCCAG8,146.0
Q86SQ7,M146S,0.8452,pathogenic,SDCCAG8,146.0
Q86SQ7,M146T,0.6247,pathogenic,SDCCAG8,146.0
Q86SQ7,M146V,0.1296,benign,SDCCAG8,146.0
Q86SQ7,M146W,0.6297,pathogenic,SDCCAG8,146.0
Q86SQ7,M146Y,0.7522,pathogenic,SDCCAG8,146.0
Q86SQ7,K147A,0.7274,pathogenic,SDCCAG8,147.0
Q86SQ7,K147C,0.8941,pathogenic,SDCCAG8,147.0
Q86SQ7,K147D,0.8776,pathogenic,SDCCAG8,147.0
Q86SQ7,K147E,0.3805,ambiguous,SDCCAG8,147.0
Q86SQ7,K147F,0.9452,pathogenic,SDCCAG8,147.0
Q86SQ7,K147G,0.7329,pathogenic,SDCCAG8,147.0
Q86SQ7,K147H,0.617,pathogenic,SDCCAG8,147.0
Q86SQ7,K147I,0.6664,pathogenic,SDCCAG8,147.0
Q86SQ7,K147L,0.6479,pathogenic,SDCCAG8,147.0
Q86SQ7,K147M,0.4275,ambiguous,SDCCAG8,147.0
Q86SQ7,K147N,0.7224,pathogenic,SDCCAG8,147.0
Q86SQ7,K147P,0.9637,pathogenic,SDCCAG8,147.0
Q86SQ7,K147Q,0.2724,benign,SDCCAG8,147.0
Q86SQ7,K147R,0.1159,benign,SDCCAG8,147.0
Q86SQ7,K147S,0.8057,pathogenic,SDCCAG8,147.0
Q86SQ7,K147T,0.493,ambiguous,SDCCAG8,147.0
Q86SQ7,K147V,0.6639,pathogenic,SDCCAG8,147.0
Q86SQ7,K147W,0.8861,pathogenic,SDCCAG8,147.0
Q86SQ7,K147Y,0.82,pathogenic,SDCCAG8,147.0
Q86SQ7,N148A,0.2593,benign,SDCCAG8,148.0
Q86SQ7,N148C,0.3159,benign,SDCCAG8,148.0
Q86SQ7,N148D,0.1207,benign,SDCCAG8,148.0
Q86SQ7,N148E,0.2295,benign,SDCCAG8,148.0
Q86SQ7,N148F,0.5728,pathogenic,SDCCAG8,148.0
Q86SQ7,N148G,0.2805,benign,SDCCAG8,148.0
Q86SQ7,N148H,0.1144,benign,SDCCAG8,148.0
Q86SQ7,N148I,0.2501,benign,SDCCAG8,148.0
Q86SQ7,N148K,0.1806,benign,SDCCAG8,148.0
Q86SQ7,N148L,0.2686,benign,SDCCAG8,148.0
Q86SQ7,N148M,0.2918,benign,SDCCAG8,148.0
Q86SQ7,N148P,0.8077,pathogenic,SDCCAG8,148.0
Q86SQ7,N148Q,0.2308,benign,SDCCAG8,148.0
Q86SQ7,N148R,0.2322,benign,SDCCAG8,148.0
Q86SQ7,N148S,0.1142,benign,SDCCAG8,148.0
Q86SQ7,N148T,0.1566,benign,SDCCAG8,148.0
Q86SQ7,N148V,0.2716,benign,SDCCAG8,148.0
Q86SQ7,N148W,0.6472,pathogenic,SDCCAG8,148.0
Q86SQ7,N148Y,0.1518,benign,SDCCAG8,148.0
Q86SQ7,K149A,0.3512,ambiguous,SDCCAG8,149.0
Q86SQ7,K149C,0.5763,pathogenic,SDCCAG8,149.0
Q86SQ7,K149D,0.4687,ambiguous,SDCCAG8,149.0
Q86SQ7,K149E,0.1627,benign,SDCCAG8,149.0
Q86SQ7,K149F,0.7429,pathogenic,SDCCAG8,149.0
Q86SQ7,K149G,0.4455,ambiguous,SDCCAG8,149.0
Q86SQ7,K149H,0.247,benign,SDCCAG8,149.0
Q86SQ7,K149I,0.3166,benign,SDCCAG8,149.0
Q86SQ7,K149L,0.34,benign,SDCCAG8,149.0
Q86SQ7,K149M,0.2028,benign,SDCCAG8,149.0
Q86SQ7,K149N,0.3492,ambiguous,SDCCAG8,149.0
Q86SQ7,K149P,0.8802,pathogenic,SDCCAG8,149.0
Q86SQ7,K149Q,0.1205,benign,SDCCAG8,149.0
Q86SQ7,K149R,0.0636,benign,SDCCAG8,149.0
Q86SQ7,K149S,0.4212,ambiguous,SDCCAG8,149.0
Q86SQ7,K149T,0.1538,benign,SDCCAG8,149.0
Q86SQ7,K149V,0.3278,benign,SDCCAG8,149.0
Q86SQ7,K149W,0.655,pathogenic,SDCCAG8,149.0
Q86SQ7,K149Y,0.5374,ambiguous,SDCCAG8,149.0
Q86SQ7,I150A,0.6928,pathogenic,SDCCAG8,150.0
Q86SQ7,I150C,0.8053,pathogenic,SDCCAG8,150.0
Q86SQ7,I150D,0.85,pathogenic,SDCCAG8,150.0
Q86SQ7,I150E,0.749,pathogenic,SDCCAG8,150.0
Q86SQ7,I150F,0.2831,benign,SDCCAG8,150.0
Q86SQ7,I150G,0.8371,pathogenic,SDCCAG8,150.0
Q86SQ7,I150H,0.7363,pathogenic,SDCCAG8,150.0
Q86SQ7,I150K,0.6822,pathogenic,SDCCAG8,150.0
Q86SQ7,I150L,0.1958,benign,SDCCAG8,150.0
Q86SQ7,I150M,0.141,benign,SDCCAG8,150.0
Q86SQ7,I150N,0.3849,ambiguous,SDCCAG8,150.0
Q86SQ7,I150P,0.9323,pathogenic,SDCCAG8,150.0
Q86SQ7,I150Q,0.6953,pathogenic,SDCCAG8,150.0
Q86SQ7,I150R,0.5949,pathogenic,SDCCAG8,150.0
Q86SQ7,I150S,0.5417,ambiguous,SDCCAG8,150.0
Q86SQ7,I150T,0.5155,ambiguous,SDCCAG8,150.0
Q86SQ7,I150V,0.1252,benign,SDCCAG8,150.0
Q86SQ7,I150W,0.8001,pathogenic,SDCCAG8,150.0
Q86SQ7,I150Y,0.5905,pathogenic,SDCCAG8,150.0
Q86SQ7,Q151A,0.237,benign,SDCCAG8,151.0
Q86SQ7,Q151C,0.559,ambiguous,SDCCAG8,151.0
Q86SQ7,Q151D,0.351,ambiguous,SDCCAG8,151.0
Q86SQ7,Q151E,0.083,benign,SDCCAG8,151.0
Q86SQ7,Q151F,0.6803,pathogenic,SDCCAG8,151.0
Q86SQ7,Q151G,0.2469,benign,SDCCAG8,151.0
Q86SQ7,Q151H,0.1871,benign,SDCCAG8,151.0
Q86SQ7,Q151I,0.4419,ambiguous,SDCCAG8,151.0
Q86SQ7,Q151K,0.0925,benign,SDCCAG8,151.0
Q86SQ7,Q151L,0.1497,benign,SDCCAG8,151.0
Q86SQ7,Q151M,0.3856,ambiguous,SDCCAG8,151.0
Q86SQ7,Q151N,0.3027,benign,SDCCAG8,151.0
Q86SQ7,Q151P,0.3492,ambiguous,SDCCAG8,151.0
Q86SQ7,Q151R,0.0813,benign,SDCCAG8,151.0
Q86SQ7,Q151S,0.2997,benign,SDCCAG8,151.0
Q86SQ7,Q151T,0.2355,benign,SDCCAG8,151.0
Q86SQ7,Q151V,0.3049,benign,SDCCAG8,151.0
Q86SQ7,Q151W,0.4333,ambiguous,SDCCAG8,151.0
Q86SQ7,Q151Y,0.4474,ambiguous,SDCCAG8,151.0
Q86SQ7,V152A,0.0894,benign,SDCCAG8,152.0
Q86SQ7,V152C,0.58,pathogenic,SDCCAG8,152.0
Q86SQ7,V152D,0.1427,benign,SDCCAG8,152.0
Q86SQ7,V152E,0.1424,benign,SDCCAG8,152.0
Q86SQ7,V152F,0.1476,benign,SDCCAG8,152.0
Q86SQ7,V152G,0.1411,benign,SDCCAG8,152.0
Q86SQ7,V152H,0.388,ambiguous,SDCCAG8,152.0
Q86SQ7,V152I,0.1055,benign,SDCCAG8,152.0
Q86SQ7,V152K,0.2366,benign,SDCCAG8,152.0
Q86SQ7,V152L,0.2161,benign,SDCCAG8,152.0
Q86SQ7,V152M,0.1313,benign,SDCCAG8,152.0
Q86SQ7,V152N,0.1837,benign,SDCCAG8,152.0
Q86SQ7,V152P,0.6379,pathogenic,SDCCAG8,152.0
Q86SQ7,V152Q,0.2263,benign,SDCCAG8,152.0
Q86SQ7,V152R,0.2024,benign,SDCCAG8,152.0
Q86SQ7,V152S,0.1418,benign,SDCCAG8,152.0
Q86SQ7,V152T,0.1429,benign,SDCCAG8,152.0
Q86SQ7,V152W,0.6045,pathogenic,SDCCAG8,152.0
Q86SQ7,V152Y,0.3885,ambiguous,SDCCAG8,152.0
Q86SQ7,V153A,0.2574,benign,SDCCAG8,153.0
Q86SQ7,V153C,0.8076,pathogenic,SDCCAG8,153.0
Q86SQ7,V153D,0.6537,pathogenic,SDCCAG8,153.0
Q86SQ7,V153E,0.6116,pathogenic,SDCCAG8,153.0
Q86SQ7,V153F,0.3124,benign,SDCCAG8,153.0
Q86SQ7,V153G,0.4869,ambiguous,SDCCAG8,153.0
Q86SQ7,V153H,0.7995,pathogenic,SDCCAG8,153.0
Q86SQ7,V153I,0.0917,benign,SDCCAG8,153.0
Q86SQ7,V153K,0.677,pathogenic,SDCCAG8,153.0
Q86SQ7,V153L,0.2991,benign,SDCCAG8,153.0
Q86SQ7,V153M,0.2523,benign,SDCCAG8,153.0
Q86SQ7,V153N,0.6428,pathogenic,SDCCAG8,153.0
Q86SQ7,V153P,0.8785,pathogenic,SDCCAG8,153.0
Q86SQ7,V153Q,0.6724,pathogenic,SDCCAG8,153.0
Q86SQ7,V153R,0.5704,pathogenic,SDCCAG8,153.0
Q86SQ7,V153S,0.4774,ambiguous,SDCCAG8,153.0
Q86SQ7,V153T,0.3229,benign,SDCCAG8,153.0
Q86SQ7,V153W,0.876,pathogenic,SDCCAG8,153.0
Q86SQ7,V153Y,0.7682,pathogenic,SDCCAG8,153.0
Q86SQ7,V154A,0.321,benign,SDCCAG8,154.0
Q86SQ7,V154C,0.748,pathogenic,SDCCAG8,154.0
Q86SQ7,V154D,0.5021,ambiguous,SDCCAG8,154.0
Q86SQ7,V154E,0.4161,ambiguous,SDCCAG8,154.0
Q86SQ7,V154F,0.1886,benign,SDCCAG8,154.0
Q86SQ7,V154G,0.3481,ambiguous,SDCCAG8,154.0
Q86SQ7,V154H,0.672,pathogenic,SDCCAG8,154.0
Q86SQ7,V154I,0.0958,benign,SDCCAG8,154.0
Q86SQ7,V154K,0.525,ambiguous,SDCCAG8,154.0
Q86SQ7,V154L,0.2487,benign,SDCCAG8,154.0
Q86SQ7,V154M,0.2242,benign,SDCCAG8,154.0
Q86SQ7,V154N,0.5049,ambiguous,SDCCAG8,154.0
Q86SQ7,V154P,0.8688,pathogenic,SDCCAG8,154.0
Q86SQ7,V154Q,0.4639,ambiguous,SDCCAG8,154.0
Q86SQ7,V154R,0.4262,ambiguous,SDCCAG8,154.0
Q86SQ7,V154S,0.3871,ambiguous,SDCCAG8,154.0
Q86SQ7,V154T,0.4063,ambiguous,SDCCAG8,154.0
Q86SQ7,V154W,0.8176,pathogenic,SDCCAG8,154.0
Q86SQ7,V154Y,0.6181,pathogenic,SDCCAG8,154.0
Q86SQ7,L155A,0.1353,benign,SDCCAG8,155.0
Q86SQ7,L155C,0.3195,benign,SDCCAG8,155.0
Q86SQ7,L155D,0.3857,ambiguous,SDCCAG8,155.0
Q86SQ7,L155E,0.1746,benign,SDCCAG8,155.0
Q86SQ7,L155F,0.111,benign,SDCCAG8,155.0
Q86SQ7,L155G,0.2956,benign,SDCCAG8,155.0
Q86SQ7,L155H,0.1222,benign,SDCCAG8,155.0
Q86SQ7,L155I,0.0922,benign,SDCCAG8,155.0
Q86SQ7,L155K,0.132,benign,SDCCAG8,155.0
Q86SQ7,L155M,0.0967,benign,SDCCAG8,155.0
Q86SQ7,L155N,0.2538,benign,SDCCAG8,155.0
Q86SQ7,L155P,0.4851,ambiguous,SDCCAG8,155.0
Q86SQ7,L155Q,0.0875,benign,SDCCAG8,155.0
Q86SQ7,L155R,0.0931,benign,SDCCAG8,155.0
Q86SQ7,L155S,0.1391,benign,SDCCAG8,155.0
Q86SQ7,L155T,0.1181,benign,SDCCAG8,155.0
Q86SQ7,L155V,0.081,benign,SDCCAG8,155.0
Q86SQ7,L155W,0.1123,benign,SDCCAG8,155.0
Q86SQ7,L155Y,0.249,benign,SDCCAG8,155.0
Q86SQ7,E156A,0.3024,benign,SDCCAG8,156.0
Q86SQ7,E156C,0.8939,pathogenic,SDCCAG8,156.0
Q86SQ7,E156D,0.2215,benign,SDCCAG8,156.0
Q86SQ7,E156F,0.8804,pathogenic,SDCCAG8,156.0
Q86SQ7,E156G,0.2321,benign,SDCCAG8,156.0
Q86SQ7,E156H,0.5662,pathogenic,SDCCAG8,156.0
Q86SQ7,E156I,0.7349,pathogenic,SDCCAG8,156.0
Q86SQ7,E156K,0.2378,benign,SDCCAG8,156.0
Q86SQ7,E156L,0.6355,pathogenic,SDCCAG8,156.0
Q86SQ7,E156M,0.7219,pathogenic,SDCCAG8,156.0
Q86SQ7,E156N,0.493,ambiguous,SDCCAG8,156.0
Q86SQ7,E156P,0.8866,pathogenic,SDCCAG8,156.0
Q86SQ7,E156Q,0.1676,benign,SDCCAG8,156.0
Q86SQ7,E156R,0.31,benign,SDCCAG8,156.0
Q86SQ7,E156S,0.4227,ambiguous,SDCCAG8,156.0
Q86SQ7,E156T,0.5265,ambiguous,SDCCAG8,156.0
Q86SQ7,E156V,0.5057,ambiguous,SDCCAG8,156.0
Q86SQ7,E156W,0.8957,pathogenic,SDCCAG8,156.0
Q86SQ7,E156Y,0.7675,pathogenic,SDCCAG8,156.0
Q86SQ7,N157A,0.6583,pathogenic,SDCCAG8,157.0
Q86SQ7,N157C,0.6669,pathogenic,SDCCAG8,157.0
Q86SQ7,N157D,0.5094,ambiguous,SDCCAG8,157.0
Q86SQ7,N157E,0.6759,pathogenic,SDCCAG8,157.0
Q86SQ7,N157F,0.8827,pathogenic,SDCCAG8,157.0
Q86SQ7,N157G,0.6596,pathogenic,SDCCAG8,157.0
Q86SQ7,N157H,0.3807,ambiguous,SDCCAG8,157.0
Q86SQ7,N157I,0.4508,ambiguous,SDCCAG8,157.0
Q86SQ7,N157K,0.3881,ambiguous,SDCCAG8,157.0
Q86SQ7,N157L,0.5063,ambiguous,SDCCAG8,157.0
Q86SQ7,N157M,0.4769,ambiguous,SDCCAG8,157.0
Q86SQ7,N157P,0.956,pathogenic,SDCCAG8,157.0
Q86SQ7,N157Q,0.6996,pathogenic,SDCCAG8,157.0
Q86SQ7,N157R,0.5718,pathogenic,SDCCAG8,157.0
Q86SQ7,N157S,0.3929,ambiguous,SDCCAG8,157.0
Q86SQ7,N157T,0.3728,ambiguous,SDCCAG8,157.0
Q86SQ7,N157V,0.4742,ambiguous,SDCCAG8,157.0
Q86SQ7,N157W,0.8937,pathogenic,SDCCAG8,157.0
Q86SQ7,N157Y,0.3333,benign,SDCCAG8,157.0
Q86SQ7,E158A,0.165,benign,SDCCAG8,158.0
Q86SQ7,E158C,0.8177,pathogenic,SDCCAG8,158.0
Q86SQ7,E158D,0.1845,benign,SDCCAG8,158.0
Q86SQ7,E158F,0.7362,pathogenic,SDCCAG8,158.0
Q86SQ7,E158G,0.1875,benign,SDCCAG8,158.0
Q86SQ7,E158H,0.4256,ambiguous,SDCCAG8,158.0
Q86SQ7,E158I,0.374,ambiguous,SDCCAG8,158.0
Q86SQ7,E158K,0.0941,benign,SDCCAG8,158.0
Q86SQ7,E158L,0.4323,ambiguous,SDCCAG8,158.0
Q86SQ7,E158M,0.4499,ambiguous,SDCCAG8,158.0
Q86SQ7,E158N,0.3256,benign,SDCCAG8,158.0
Q86SQ7,E158P,0.8715,pathogenic,SDCCAG8,158.0
Q86SQ7,E158Q,0.1402,benign,SDCCAG8,158.0
Q86SQ7,E158R,0.1771,benign,SDCCAG8,158.0
Q86SQ7,E158S,0.2677,benign,SDCCAG8,158.0
Q86SQ7,E158T,0.2669,benign,SDCCAG8,158.0
Q86SQ7,E158V,0.2334,benign,SDCCAG8,158.0
Q86SQ7,E158W,0.8442,pathogenic,SDCCAG8,158.0
Q86SQ7,E158Y,0.5933,pathogenic,SDCCAG8,158.0
Q86SQ7,G159A,0.0871,benign,SDCCAG8,159.0
Q86SQ7,G159C,0.1196,benign,SDCCAG8,159.0
Q86SQ7,G159D,0.0905,benign,SDCCAG8,159.0
Q86SQ7,G159E,0.0847,benign,SDCCAG8,159.0
Q86SQ7,G159F,0.2536,benign,SDCCAG8,159.0
Q86SQ7,G159H,0.1333,benign,SDCCAG8,159.0
Q86SQ7,G159I,0.1128,benign,SDCCAG8,159.0
Q86SQ7,G159K,0.1271,benign,SDCCAG8,159.0
Q86SQ7,G159L,0.1749,benign,SDCCAG8,159.0
Q86SQ7,G159M,0.2077,benign,SDCCAG8,159.0
Q86SQ7,G159N,0.1295,benign,SDCCAG8,159.0
Q86SQ7,G159P,0.743,pathogenic,SDCCAG8,159.0
Q86SQ7,G159Q,0.1259,benign,SDCCAG8,159.0
Q86SQ7,G159R,0.0885,benign,SDCCAG8,159.0
Q86SQ7,G159S,0.0761,benign,SDCCAG8,159.0
Q86SQ7,G159T,0.094,benign,SDCCAG8,159.0
Q86SQ7,G159V,0.0928,benign,SDCCAG8,159.0
Q86SQ7,G159W,0.1731,benign,SDCCAG8,159.0
Q86SQ7,G159Y,0.1524,benign,SDCCAG8,159.0
Q86SQ7,L160A,0.5535,ambiguous,SDCCAG8,160.0
Q86SQ7,L160C,0.6688,pathogenic,SDCCAG8,160.0
Q86SQ7,L160D,0.8274,pathogenic,SDCCAG8,160.0
Q86SQ7,L160E,0.5866,pathogenic,SDCCAG8,160.0
Q86SQ7,L160F,0.2037,benign,SDCCAG8,160.0
Q86SQ7,L160G,0.7459,pathogenic,SDCCAG8,160.0
Q86SQ7,L160H,0.3827,ambiguous,SDCCAG8,160.0
Q86SQ7,L160I,0.1478,benign,SDCCAG8,160.0
Q86SQ7,L160K,0.3766,ambiguous,SDCCAG8,160.0
Q86SQ7,L160M,0.2014,benign,SDCCAG8,160.0
Q86SQ7,L160N,0.6115,pathogenic,SDCCAG8,160.0
Q86SQ7,L160P,0.7214,pathogenic,SDCCAG8,160.0
Q86SQ7,L160Q,0.3164,benign,SDCCAG8,160.0
Q86SQ7,L160R,0.3002,benign,SDCCAG8,160.0
Q86SQ7,L160S,0.615,pathogenic,SDCCAG8,160.0
Q86SQ7,L160T,0.5427,ambiguous,SDCCAG8,160.0
Q86SQ7,L160V,0.2112,benign,SDCCAG8,160.0
Q86SQ7,L160W,0.2765,benign,SDCCAG8,160.0
Q86SQ7,L160Y,0.4529,ambiguous,SDCCAG8,160.0
Q86SQ7,Q161A,0.3302,benign,SDCCAG8,161.0
Q86SQ7,Q161C,0.5843,pathogenic,SDCCAG8,161.0
Q86SQ7,Q161D,0.5836,pathogenic,SDCCAG8,161.0
Q86SQ7,Q161E,0.12,benign,SDCCAG8,161.0
Q86SQ7,Q161F,0.622,pathogenic,SDCCAG8,161.0
Q86SQ7,Q161G,0.3224,benign,SDCCAG8,161.0
Q86SQ7,Q161H,0.2356,benign,SDCCAG8,161.0
Q86SQ7,Q161I,0.3755,ambiguous,SDCCAG8,161.0
Q86SQ7,Q161K,0.1143,benign,SDCCAG8,161.0
Q86SQ7,Q161L,0.1087,benign,SDCCAG8,161.0
Q86SQ7,Q161M,0.402,ambiguous,SDCCAG8,161.0
Q86SQ7,Q161N,0.4227,ambiguous,SDCCAG8,161.0
Q86SQ7,Q161P,0.3388,benign,SDCCAG8,161.0
Q86SQ7,Q161R,0.1039,benign,SDCCAG8,161.0
Q86SQ7,Q161S,0.3971,ambiguous,SDCCAG8,161.0
Q86SQ7,Q161T,0.342,ambiguous,SDCCAG8,161.0
Q86SQ7,Q161V,0.2741,benign,SDCCAG8,161.0
Q86SQ7,Q161W,0.4192,ambiguous,SDCCAG8,161.0
Q86SQ7,Q161Y,0.4311,ambiguous,SDCCAG8,161.0
Q86SQ7,Q162A,0.2106,benign,SDCCAG8,162.0
Q86SQ7,Q162C,0.5237,ambiguous,SDCCAG8,162.0
Q86SQ7,Q162D,0.2907,benign,SDCCAG8,162.0
Q86SQ7,Q162E,0.0801,benign,SDCCAG8,162.0
Q86SQ7,Q162F,0.5759,pathogenic,SDCCAG8,162.0
Q86SQ7,Q162G,0.1966,benign,SDCCAG8,162.0
Q86SQ7,Q162H,0.1869,benign,SDCCAG8,162.0
Q86SQ7,Q162I,0.338,benign,SDCCAG8,162.0
Q86SQ7,Q162K,0.0886,benign,SDCCAG8,162.0
Q86SQ7,Q162L,0.1223,benign,SDCCAG8,162.0
Q86SQ7,Q162M,0.3318,benign,SDCCAG8,162.0
Q86SQ7,Q162N,0.2446,benign,SDCCAG8,162.0
Q86SQ7,Q162P,0.3584,ambiguous,SDCCAG8,162.0
Q86SQ7,Q162R,0.0959,benign,SDCCAG8,162.0
Q86SQ7,Q162S,0.2538,benign,SDCCAG8,162.0
Q86SQ7,Q162T,0.2315,benign,SDCCAG8,162.0
Q86SQ7,Q162V,0.2439,benign,SDCCAG8,162.0
Q86SQ7,Q162W,0.3588,ambiguous,SDCCAG8,162.0
Q86SQ7,Q162Y,0.3736,ambiguous,SDCCAG8,162.0
Q86SQ7,Q163A,0.1509,benign,SDCCAG8,163.0
Q86SQ7,Q163C,0.498,ambiguous,SDCCAG8,163.0
Q86SQ7,Q163D,0.2112,benign,SDCCAG8,163.0
Q86SQ7,Q163E,0.0614,benign,SDCCAG8,163.0
Q86SQ7,Q163F,0.4824,ambiguous,SDCCAG8,163.0
Q86SQ7,Q163G,0.2013,benign,SDCCAG8,163.0
Q86SQ7,Q163H,0.1655,benign,SDCCAG8,163.0
Q86SQ7,Q163I,0.242,benign,SDCCAG8,163.0
Q86SQ7,Q163K,0.0829,benign,SDCCAG8,163.0
Q86SQ7,Q163L,0.103,benign,SDCCAG8,163.0
Q86SQ7,Q163M,0.2483,benign,SDCCAG8,163.0
Q86SQ7,Q163N,0.21,benign,SDCCAG8,163.0
Q86SQ7,Q163P,0.3314,benign,SDCCAG8,163.0
Q86SQ7,Q163R,0.0975,benign,SDCCAG8,163.0
Q86SQ7,Q163S,0.2075,benign,SDCCAG8,163.0
Q86SQ7,Q163T,0.1704,benign,SDCCAG8,163.0
Q86SQ7,Q163V,0.1611,benign,SDCCAG8,163.0
Q86SQ7,Q163W,0.3846,ambiguous,SDCCAG8,163.0
Q86SQ7,Q163Y,0.3083,benign,SDCCAG8,163.0
Q86SQ7,L164A,0.4362,ambiguous,SDCCAG8,164.0
Q86SQ7,L164C,0.5727,pathogenic,SDCCAG8,164.0
Q86SQ7,L164D,0.7611,pathogenic,SDCCAG8,164.0
Q86SQ7,L164E,0.3814,ambiguous,SDCCAG8,164.0
Q86SQ7,L164F,0.2127,benign,SDCCAG8,164.0
Q86SQ7,L164G,0.5814,pathogenic,SDCCAG8,164.0
Q86SQ7,L164H,0.3382,benign,SDCCAG8,164.0
Q86SQ7,L164I,0.1166,benign,SDCCAG8,164.0
Q86SQ7,L164K,0.2883,benign,SDCCAG8,164.0
Q86SQ7,L164M,0.1337,benign,SDCCAG8,164.0
Q86SQ7,L164N,0.532,ambiguous,SDCCAG8,164.0
Q86SQ7,L164P,0.6909,pathogenic,SDCCAG8,164.0
Q86SQ7,L164Q,0.1941,benign,SDCCAG8,164.0
Q86SQ7,L164R,0.2315,benign,SDCCAG8,164.0
Q86SQ7,L164S,0.4934,ambiguous,SDCCAG8,164.0
Q86SQ7,L164T,0.4451,ambiguous,SDCCAG8,164.0
Q86SQ7,L164V,0.133,benign,SDCCAG8,164.0
Q86SQ7,L164W,0.2067,benign,SDCCAG8,164.0
Q86SQ7,L164Y,0.4078,ambiguous,SDCCAG8,164.0
Q86SQ7,K165A,0.3338,benign,SDCCAG8,165.0
Q86SQ7,K165C,0.6456,pathogenic,SDCCAG8,165.0
Q86SQ7,K165D,0.5541,ambiguous,SDCCAG8,165.0
Q86SQ7,K165E,0.1946,benign,SDCCAG8,165.0
Q86SQ7,K165F,0.6521,pathogenic,SDCCAG8,165.0
Q86SQ7,K165G,0.491,ambiguous,SDCCAG8,165.0
Q86SQ7,K165H,0.2803,benign,SDCCAG8,165.0
Q86SQ7,K165I,0.2565,benign,SDCCAG8,165.0
Q86SQ7,K165L,0.2805,benign,SDCCAG8,165.0
Q86SQ7,K165M,0.206,benign,SDCCAG8,165.0
Q86SQ7,K165N,0.3852,ambiguous,SDCCAG8,165.0
Q86SQ7,K165P,0.7201,pathogenic,SDCCAG8,165.0
Q86SQ7,K165Q,0.1355,benign,SDCCAG8,165.0
Q86SQ7,K165R,0.0913,benign,SDCCAG8,165.0
Q86SQ7,K165S,0.4398,ambiguous,SDCCAG8,165.0
Q86SQ7,K165T,0.1998,benign,SDCCAG8,165.0
Q86SQ7,K165V,0.3085,benign,SDCCAG8,165.0
Q86SQ7,K165W,0.6878,pathogenic,SDCCAG8,165.0
Q86SQ7,K165Y,0.5042,ambiguous,SDCCAG8,165.0
Q86SQ7,S166A,0.0794,benign,SDCCAG8,166.0
Q86SQ7,S166C,0.0854,benign,SDCCAG8,166.0
Q86SQ7,S166D,0.2591,benign,SDCCAG8,166.0
Q86SQ7,S166E,0.2916,benign,SDCCAG8,166.0
Q86SQ7,S166F,0.1168,benign,SDCCAG8,166.0
Q86SQ7,S166G,0.1159,benign,SDCCAG8,166.0
Q86SQ7,S166H,0.2134,benign,SDCCAG8,166.0
Q86SQ7,S166I,0.1371,benign,SDCCAG8,166.0
Q86SQ7,S166K,0.413,ambiguous,SDCCAG8,166.0
Q86SQ7,S166L,0.095,benign,SDCCAG8,166.0
Q86SQ7,S166M,0.1788,benign,SDCCAG8,166.0
Q86SQ7,S166N,0.144,benign,SDCCAG8,166.0
Q86SQ7,S166P,0.2995,benign,SDCCAG8,166.0
Q86SQ7,S166Q,0.3262,benign,SDCCAG8,166.0
Q86SQ7,S166R,0.3409,ambiguous,SDCCAG8,166.0
Q86SQ7,S166T,0.0899,benign,SDCCAG8,166.0
Q86SQ7,S166V,0.1477,benign,SDCCAG8,166.0
Q86SQ7,S166W,0.1516,benign,SDCCAG8,166.0
Q86SQ7,S166Y,0.0905,benign,SDCCAG8,166.0
Q86SQ7,Q167A,0.2172,benign,SDCCAG8,167.0
Q86SQ7,Q167C,0.511,ambiguous,SDCCAG8,167.0
Q86SQ7,Q167D,0.33,benign,SDCCAG8,167.0
Q86SQ7,Q167E,0.0843,benign,SDCCAG8,167.0
Q86SQ7,Q167F,0.567,pathogenic,SDCCAG8,167.0
Q86SQ7,Q167G,0.2006,benign,SDCCAG8,167.0
Q86SQ7,Q167H,0.2017,benign,SDCCAG8,167.0
Q86SQ7,Q167I,0.294,benign,SDCCAG8,167.0
Q86SQ7,Q167K,0.0834,benign,SDCCAG8,167.0
Q86SQ7,Q167L,0.1135,benign,SDCCAG8,167.0
Q86SQ7,Q167M,0.3351,benign,SDCCAG8,167.0
Q86SQ7,Q167N,0.3022,benign,SDCCAG8,167.0
Q86SQ7,Q167P,0.1848,benign,SDCCAG8,167.0
Q86SQ7,Q167R,0.082,benign,SDCCAG8,167.0
Q86SQ7,Q167S,0.2703,benign,SDCCAG8,167.0
Q86SQ7,Q167T,0.2242,benign,SDCCAG8,167.0
Q86SQ7,Q167V,0.2103,benign,SDCCAG8,167.0
Q86SQ7,Q167W,0.3539,ambiguous,SDCCAG8,167.0
Q86SQ7,Q167Y,0.4094,ambiguous,SDCCAG8,167.0
Q86SQ7,R168A,0.2026,benign,SDCCAG8,168.0
Q86SQ7,R168C,0.1753,benign,SDCCAG8,168.0
Q86SQ7,R168D,0.375,ambiguous,SDCCAG8,168.0
Q86SQ7,R168E,0.1874,benign,SDCCAG8,168.0
Q86SQ7,R168F,0.3046,benign,SDCCAG8,168.0
Q86SQ7,R168G,0.109,benign,SDCCAG8,168.0
Q86SQ7,R168H,0.1191,benign,SDCCAG8,168.0
Q86SQ7,R168I,0.0886,benign,SDCCAG8,168.0
Q86SQ7,R168K,0.0894,benign,SDCCAG8,168.0
Q86SQ7,R168L,0.1275,benign,SDCCAG8,168.0
Q86SQ7,R168M,0.119,benign,SDCCAG8,168.0
Q86SQ7,R168N,0.304,benign,SDCCAG8,168.0
Q86SQ7,R168P,0.3602,ambiguous,SDCCAG8,168.0
Q86SQ7,R168Q,0.0946,benign,SDCCAG8,168.0
Q86SQ7,R168S,0.235,benign,SDCCAG8,168.0
Q86SQ7,R168T,0.1165,benign,SDCCAG8,168.0
Q86SQ7,R168V,0.1668,benign,SDCCAG8,168.0
Q86SQ7,R168W,0.1257,benign,SDCCAG8,168.0
Q86SQ7,R168Y,0.26,benign,SDCCAG8,168.0
Q86SQ7,Q169A,0.127,benign,SDCCAG8,169.0
Q86SQ7,Q169C,0.5004,ambiguous,SDCCAG8,169.0
Q86SQ7,Q169D,0.2039,benign,SDCCAG8,169.0
Q86SQ7,Q169E,0.0647,benign,SDCCAG8,169.0
Q86SQ7,Q169F,0.5194,ambiguous,SDCCAG8,169.0
Q86SQ7,Q169G,0.1255,benign,SDCCAG8,169.0
Q86SQ7,Q169H,0.1962,benign,SDCCAG8,169.0
Q86SQ7,Q169I,0.2369,benign,SDCCAG8,169.0
Q86SQ7,Q169K,0.0744,benign,SDCCAG8,169.0
Q86SQ7,Q169L,0.0919,benign,SDCCAG8,169.0
Q86SQ7,Q169M,0.2458,benign,SDCCAG8,169.0
Q86SQ7,Q169N,0.2123,benign,SDCCAG8,169.0
Q86SQ7,Q169P,0.0824,benign,SDCCAG8,169.0
Q86SQ7,Q169R,0.0873,benign,SDCCAG8,169.0
Q86SQ7,Q169S,0.1848,benign,SDCCAG8,169.0
Q86SQ7,Q169T,0.1356,benign,SDCCAG8,169.0
Q86SQ7,Q169V,0.1494,benign,SDCCAG8,169.0
Q86SQ7,Q169W,0.3376,benign,SDCCAG8,169.0
Q86SQ7,Q169Y,0.3683,ambiguous,SDCCAG8,169.0
Q86SQ7,E170A,0.1295,benign,SDCCAG8,170.0
Q86SQ7,E170C,0.7525,pathogenic,SDCCAG8,170.0
Q86SQ7,E170D,0.1497,benign,SDCCAG8,170.0
Q86SQ7,E170F,0.6288,pathogenic,SDCCAG8,170.0
Q86SQ7,E170G,0.0907,benign,SDCCAG8,170.0
Q86SQ7,E170H,0.3901,ambiguous,SDCCAG8,170.0
Q86SQ7,E170I,0.3051,benign,SDCCAG8,170.0
Q86SQ7,E170K,0.1001,benign,SDCCAG8,170.0
Q86SQ7,E170L,0.2875,benign,SDCCAG8,170.0
Q86SQ7,E170M,0.3628,ambiguous,SDCCAG8,170.0
Q86SQ7,E170N,0.2552,benign,SDCCAG8,170.0
Q86SQ7,E170P,0.4327,ambiguous,SDCCAG8,170.0
Q86SQ7,E170Q,0.1318,benign,SDCCAG8,170.0
Q86SQ7,E170R,0.1711,benign,SDCCAG8,170.0
Q86SQ7,E170S,0.2195,benign,SDCCAG8,170.0
Q86SQ7,E170T,0.2068,benign,SDCCAG8,170.0
Q86SQ7,E170V,0.1644,benign,SDCCAG8,170.0
Q86SQ7,E170W,0.7231,pathogenic,SDCCAG8,170.0
Q86SQ7,E170Y,0.4856,ambiguous,SDCCAG8,170.0
Q86SQ7,E171A,0.114,benign,SDCCAG8,171.0
Q86SQ7,E171C,0.7208,pathogenic,SDCCAG8,171.0
Q86SQ7,E171D,0.12,benign,SDCCAG8,171.0
Q86SQ7,E171F,0.5643,pathogenic,SDCCAG8,171.0
Q86SQ7,E171G,0.0888,benign,SDCCAG8,171.0
Q86SQ7,E171H,0.3629,ambiguous,SDCCAG8,171.0
Q86SQ7,E171I,0.2667,benign,SDCCAG8,171.0
Q86SQ7,E171K,0.1072,benign,SDCCAG8,171.0
Q86SQ7,E171L,0.3073,benign,SDCCAG8,171.0
Q86SQ7,E171M,0.3339,benign,SDCCAG8,171.0
Q86SQ7,E171N,0.204,benign,SDCCAG8,171.0
Q86SQ7,E171P,0.4938,ambiguous,SDCCAG8,171.0
Q86SQ7,E171Q,0.1362,benign,SDCCAG8,171.0
Q86SQ7,E171R,0.1865,benign,SDCCAG8,171.0
Q86SQ7,E171S,0.2035,benign,SDCCAG8,171.0
Q86SQ7,E171T,0.1972,benign,SDCCAG8,171.0
Q86SQ7,E171V,0.1454,benign,SDCCAG8,171.0
Q86SQ7,E171W,0.714,pathogenic,SDCCAG8,171.0
Q86SQ7,E171Y,0.3959,ambiguous,SDCCAG8,171.0
Q86SQ7,T172A,0.0797,benign,SDCCAG8,172.0
Q86SQ7,T172C,0.4064,ambiguous,SDCCAG8,172.0
Q86SQ7,T172D,0.2308,benign,SDCCAG8,172.0
Q86SQ7,T172E,0.2037,benign,SDCCAG8,172.0
Q86SQ7,T172F,0.167,benign,SDCCAG8,172.0
Q86SQ7,T172G,0.1985,benign,SDCCAG8,172.0
Q86SQ7,T172H,0.1905,benign,SDCCAG8,172.0
Q86SQ7,T172I,0.112,benign,SDCCAG8,172.0
Q86SQ7,T172K,0.1339,benign,SDCCAG8,172.0
Q86SQ7,T172L,0.0915,benign,SDCCAG8,172.0
Q86SQ7,T172M,0.0827,benign,SDCCAG8,172.0
Q86SQ7,T172N,0.0923,benign,SDCCAG8,172.0
Q86SQ7,T172P,0.1216,benign,SDCCAG8,172.0
Q86SQ7,T172Q,0.188,benign,SDCCAG8,172.0
Q86SQ7,T172R,0.1188,benign,SDCCAG8,172.0
Q86SQ7,T172S,0.1132,benign,SDCCAG8,172.0
Q86SQ7,T172V,0.1273,benign,SDCCAG8,172.0
Q86SQ7,T172W,0.409,ambiguous,SDCCAG8,172.0
Q86SQ7,T172Y,0.1896,benign,SDCCAG8,172.0
Q86SQ7,L173A,0.1553,benign,SDCCAG8,173.0
Q86SQ7,L173C,0.3549,ambiguous,SDCCAG8,173.0
Q86SQ7,L173D,0.413,ambiguous,SDCCAG8,173.0
Q86SQ7,L173E,0.1692,benign,SDCCAG8,173.0
Q86SQ7,L173F,0.112,benign,SDCCAG8,173.0
Q86SQ7,L173G,0.2308,benign,SDCCAG8,173.0
Q86SQ7,L173H,0.1513,benign,SDCCAG8,173.0
Q86SQ7,L173I,0.0977,benign,SDCCAG8,173.0
Q86SQ7,L173K,0.1213,benign,SDCCAG8,173.0
Q86SQ7,L173M,0.0736,benign,SDCCAG8,173.0
Q86SQ7,L173N,0.2617,benign,SDCCAG8,173.0
Q86SQ7,L173P,0.1673,benign,SDCCAG8,173.0
Q86SQ7,L173Q,0.0816,benign,SDCCAG8,173.0
Q86SQ7,L173R,0.096,benign,SDCCAG8,173.0
Q86SQ7,L173S,0.1455,benign,SDCCAG8,173.0
Q86SQ7,L173T,0.1429,benign,SDCCAG8,173.0
Q86SQ7,L173V,0.0777,benign,SDCCAG8,173.0
Q86SQ7,L173W,0.1081,benign,SDCCAG8,173.0
Q86SQ7,L173Y,0.233,benign,SDCCAG8,173.0
Q86SQ7,R174A,0.2781,benign,SDCCAG8,174.0
Q86SQ7,R174C,0.2897,benign,SDCCAG8,174.0
Q86SQ7,R174D,0.5231,ambiguous,SDCCAG8,174.0
Q86SQ7,R174E,0.2216,benign,SDCCAG8,174.0
Q86SQ7,R174F,0.5307,ambiguous,SDCCAG8,174.0
Q86SQ7,R174G,0.1448,benign,SDCCAG8,174.0
Q86SQ7,R174H,0.1866,benign,SDCCAG8,174.0
Q86SQ7,R174I,0.193,benign,SDCCAG8,174.0
Q86SQ7,R174K,0.1059,benign,SDCCAG8,174.0
Q86SQ7,R174L,0.2222,benign,SDCCAG8,174.0
Q86SQ7,R174M,0.1934,benign,SDCCAG8,174.0
Q86SQ7,R174N,0.5168,ambiguous,SDCCAG8,174.0
Q86SQ7,R174P,0.4435,ambiguous,SDCCAG8,174.0
Q86SQ7,R174Q,0.1208,benign,SDCCAG8,174.0
Q86SQ7,R174S,0.3924,ambiguous,SDCCAG8,174.0
Q86SQ7,R174T,0.1674,benign,SDCCAG8,174.0
Q86SQ7,R174V,0.2774,benign,SDCCAG8,174.0
Q86SQ7,R174W,0.1563,benign,SDCCAG8,174.0
Q86SQ7,R174Y,0.4321,ambiguous,SDCCAG8,174.0
Q86SQ7,E175A,0.2067,benign,SDCCAG8,175.0
Q86SQ7,E175C,0.7995,pathogenic,SDCCAG8,175.0
Q86SQ7,E175D,0.2055,benign,SDCCAG8,175.0
Q86SQ7,E175F,0.6722,pathogenic,SDCCAG8,175.0
Q86SQ7,E175G,0.1159,benign,SDCCAG8,175.0
Q86SQ7,E175H,0.4739,ambiguous,SDCCAG8,175.0
Q86SQ7,E175I,0.3962,ambiguous,SDCCAG8,175.0
Q86SQ7,E175K,0.1351,benign,SDCCAG8,175.0
Q86SQ7,E175L,0.3673,ambiguous,SDCCAG8,175.0
Q86SQ7,E175M,0.4718,ambiguous,SDCCAG8,175.0
Q86SQ7,E175N,0.3308,benign,SDCCAG8,175.0
Q86SQ7,E175P,0.4697,ambiguous,SDCCAG8,175.0
Q86SQ7,E175Q,0.1496,benign,SDCCAG8,175.0
Q86SQ7,E175R,0.2326,benign,SDCCAG8,175.0
Q86SQ7,E175S,0.2832,benign,SDCCAG8,175.0
Q86SQ7,E175T,0.3245,benign,SDCCAG8,175.0
Q86SQ7,E175V,0.2344,benign,SDCCAG8,175.0
Q86SQ7,E175W,0.8019,pathogenic,SDCCAG8,175.0
Q86SQ7,E175Y,0.5423,ambiguous,SDCCAG8,175.0
Q86SQ7,Q176A,0.2263,benign,SDCCAG8,176.0
Q86SQ7,Q176C,0.6902,pathogenic,SDCCAG8,176.0
Q86SQ7,Q176D,0.2852,benign,SDCCAG8,176.0
Q86SQ7,Q176E,0.0821,benign,SDCCAG8,176.0
Q86SQ7,Q176F,0.6982,pathogenic,SDCCAG8,176.0
Q86SQ7,Q176G,0.1998,benign,SDCCAG8,176.0
Q86SQ7,Q176H,0.2903,benign,SDCCAG8,176.0
Q86SQ7,Q176I,0.367,ambiguous,SDCCAG8,176.0
Q86SQ7,Q176K,0.0956,benign,SDCCAG8,176.0
Q86SQ7,Q176L,0.1738,benign,SDCCAG8,176.0
Q86SQ7,Q176M,0.3238,benign,SDCCAG8,176.0
Q86SQ7,Q176N,0.2477,benign,SDCCAG8,176.0
Q86SQ7,Q176P,0.1545,benign,SDCCAG8,176.0
Q86SQ7,Q176R,0.1325,benign,SDCCAG8,176.0
Q86SQ7,Q176S,0.3074,benign,SDCCAG8,176.0
Q86SQ7,Q176T,0.2071,benign,SDCCAG8,176.0
Q86SQ7,Q176V,0.2463,benign,SDCCAG8,176.0
Q86SQ7,Q176W,0.5009,ambiguous,SDCCAG8,176.0
Q86SQ7,Q176Y,0.4649,ambiguous,SDCCAG8,176.0
Q86SQ7,T177A,0.1254,benign,SDCCAG8,177.0
Q86SQ7,T177C,0.529,ambiguous,SDCCAG8,177.0
Q86SQ7,T177D,0.3396,benign,SDCCAG8,177.0
Q86SQ7,T177E,0.3246,benign,SDCCAG8,177.0
Q86SQ7,T177F,0.282,benign,SDCCAG8,177.0
Q86SQ7,T177G,0.301,benign,SDCCAG8,177.0
Q86SQ7,T177H,0.2254,benign,SDCCAG8,177.0
Q86SQ7,T177I,0.2348,benign,SDCCAG8,177.0
Q86SQ7,T177K,0.1904,benign,SDCCAG8,177.0
Q86SQ7,T177L,0.1508,benign,SDCCAG8,177.0
Q86SQ7,T177M,0.1159,benign,SDCCAG8,177.0
Q86SQ7,T177N,0.1211,benign,SDCCAG8,177.0
Q86SQ7,T177P,0.1233,benign,SDCCAG8,177.0
Q86SQ7,T177Q,0.2412,benign,SDCCAG8,177.0
Q86SQ7,T177R,0.1594,benign,SDCCAG8,177.0
Q86SQ7,T177S,0.1627,benign,SDCCAG8,177.0
Q86SQ7,T177V,0.2397,benign,SDCCAG8,177.0
Q86SQ7,T177W,0.5573,ambiguous,SDCCAG8,177.0
Q86SQ7,T177Y,0.2667,benign,SDCCAG8,177.0
Q86SQ7,L178A,0.2271,benign,SDCCAG8,178.0
Q86SQ7,L178C,0.3875,ambiguous,SDCCAG8,178.0
Q86SQ7,L178D,0.4553,ambiguous,SDCCAG8,178.0
Q86SQ7,L178E,0.3011,benign,SDCCAG8,178.0
Q86SQ7,L178F,0.092,benign,SDCCAG8,178.0
Q86SQ7,L178G,0.3865,ambiguous,SDCCAG8,178.0
Q86SQ7,L178H,0.1682,benign,SDCCAG8,178.0
Q86SQ7,L178I,0.0789,benign,SDCCAG8,178.0
Q86SQ7,L178K,0.2375,benign,SDCCAG8,178.0
Q86SQ7,L178M,0.1255,benign,SDCCAG8,178.0
Q86SQ7,L178N,0.3006,benign,SDCCAG8,178.0
Q86SQ7,L178P,0.1879,benign,SDCCAG8,178.0
Q86SQ7,L178Q,0.1656,benign,SDCCAG8,178.0
Q86SQ7,L178R,0.1608,benign,SDCCAG8,178.0
Q86SQ7,L178S,0.2177,benign,SDCCAG8,178.0
Q86SQ7,L178T,0.2205,benign,SDCCAG8,178.0
Q86SQ7,L178V,0.0871,benign,SDCCAG8,178.0
Q86SQ7,L178W,0.1681,benign,SDCCAG8,178.0
Q86SQ7,L178Y,0.2385,benign,SDCCAG8,178.0
Q86SQ7,L179A,0.1362,benign,SDCCAG8,179.0
Q86SQ7,L179C,0.3315,benign,SDCCAG8,179.0
Q86SQ7,L179D,0.356,ambiguous,SDCCAG8,179.0
Q86SQ7,L179E,0.1822,benign,SDCCAG8,179.0
Q86SQ7,L179F,0.1192,benign,SDCCAG8,179.0
Q86SQ7,L179G,0.2538,benign,SDCCAG8,179.0
Q86SQ7,L179H,0.1353,benign,SDCCAG8,179.0
Q86SQ7,L179I,0.096,benign,SDCCAG8,179.0
Q86SQ7,L179K,0.1494,benign,SDCCAG8,179.0
Q86SQ7,L179M,0.1171,benign,SDCCAG8,179.0
Q86SQ7,L179N,0.2592,benign,SDCCAG8,179.0
Q86SQ7,L179P,0.08,benign,SDCCAG8,179.0
Q86SQ7,L179Q,0.0953,benign,SDCCAG8,179.0
Q86SQ7,L179R,0.1033,benign,SDCCAG8,179.0
Q86SQ7,L179S,0.139,benign,SDCCAG8,179.0
Q86SQ7,L179T,0.1284,benign,SDCCAG8,179.0
Q86SQ7,L179V,0.0941,benign,SDCCAG8,179.0
Q86SQ7,L179W,0.1209,benign,SDCCAG8,179.0
Q86SQ7,L179Y,0.2679,benign,SDCCAG8,179.0
Q86SQ7,D180A,0.1915,benign,SDCCAG8,180.0
Q86SQ7,D180C,0.5655,pathogenic,SDCCAG8,180.0
Q86SQ7,D180E,0.2737,benign,SDCCAG8,180.0
Q86SQ7,D180F,0.4937,ambiguous,SDCCAG8,180.0
Q86SQ7,D180G,0.1663,benign,SDCCAG8,180.0
Q86SQ7,D180H,0.2523,benign,SDCCAG8,180.0
Q86SQ7,D180I,0.3936,ambiguous,SDCCAG8,180.0
Q86SQ7,D180K,0.4269,ambiguous,SDCCAG8,180.0
Q86SQ7,D180L,0.3323,benign,SDCCAG8,180.0
Q86SQ7,D180M,0.6533,pathogenic,SDCCAG8,180.0
Q86SQ7,D180N,0.1457,benign,SDCCAG8,180.0
Q86SQ7,D180P,0.4484,ambiguous,SDCCAG8,180.0
Q86SQ7,D180Q,0.4001,ambiguous,SDCCAG8,180.0
Q86SQ7,D180R,0.3871,ambiguous,SDCCAG8,180.0
Q86SQ7,D180S,0.1814,benign,SDCCAG8,180.0
Q86SQ7,D180T,0.3228,benign,SDCCAG8,180.0
Q86SQ7,D180V,0.208,benign,SDCCAG8,180.0
Q86SQ7,D180W,0.7761,pathogenic,SDCCAG8,180.0
Q86SQ7,D180Y,0.1777,benign,SDCCAG8,180.0
Q86SQ7,A181C,0.3887,ambiguous,SDCCAG8,181.0
Q86SQ7,A181D,0.1765,benign,SDCCAG8,181.0
Q86SQ7,A181E,0.216,benign,SDCCAG8,181.0
Q86SQ7,A181F,0.2387,benign,SDCCAG8,181.0
Q86SQ7,A181G,0.1256,benign,SDCCAG8,181.0
Q86SQ7,A181H,0.3634,ambiguous,SDCCAG8,181.0
Q86SQ7,A181I,0.1881,benign,SDCCAG8,181.0
Q86SQ7,A181K,0.313,benign,SDCCAG8,181.0
Q86SQ7,A181L,0.1703,benign,SDCCAG8,181.0
Q86SQ7,A181M,0.2225,benign,SDCCAG8,181.0
Q86SQ7,A181N,0.2081,benign,SDCCAG8,181.0
Q86SQ7,A181P,0.1601,benign,SDCCAG8,181.0
Q86SQ7,A181Q,0.3117,benign,SDCCAG8,181.0
Q86SQ7,A181R,0.2571,benign,SDCCAG8,181.0
Q86SQ7,A181S,0.0976,benign,SDCCAG8,181.0
Q86SQ7,A181T,0.0828,benign,SDCCAG8,181.0
Q86SQ7,A181V,0.1042,benign,SDCCAG8,181.0
Q86SQ7,A181W,0.5825,pathogenic,SDCCAG8,181.0
Q86SQ7,A181Y,0.3392,benign,SDCCAG8,181.0
Q86SQ7,S182A,0.0781,benign,SDCCAG8,182.0
Q86SQ7,S182C,0.1194,benign,SDCCAG8,182.0
Q86SQ7,S182D,0.4162,ambiguous,SDCCAG8,182.0
Q86SQ7,S182E,0.4416,ambiguous,SDCCAG8,182.0
Q86SQ7,S182F,0.195,benign,SDCCAG8,182.0
Q86SQ7,S182G,0.1339,benign,SDCCAG8,182.0
Q86SQ7,S182H,0.3849,ambiguous,SDCCAG8,182.0
Q86SQ7,S182I,0.2408,benign,SDCCAG8,182.0
Q86SQ7,S182K,0.5972,pathogenic,SDCCAG8,182.0
Q86SQ7,S182L,0.1138,benign,SDCCAG8,182.0
Q86SQ7,S182M,0.266,benign,SDCCAG8,182.0
Q86SQ7,S182N,0.2858,benign,SDCCAG8,182.0
Q86SQ7,S182P,0.1232,benign,SDCCAG8,182.0
Q86SQ7,S182Q,0.5118,ambiguous,SDCCAG8,182.0
Q86SQ7,S182R,0.5269,ambiguous,SDCCAG8,182.0
Q86SQ7,S182T,0.087,benign,SDCCAG8,182.0
Q86SQ7,S182V,0.2017,benign,SDCCAG8,182.0
Q86SQ7,S182W,0.2692,benign,SDCCAG8,182.0
Q86SQ7,S182Y,0.1879,benign,SDCCAG8,182.0
Q86SQ7,G183A,0.1549,benign,SDCCAG8,183.0
Q86SQ7,G183C,0.2268,benign,SDCCAG8,183.0
Q86SQ7,G183D,0.2066,benign,SDCCAG8,183.0
Q86SQ7,G183E,0.1614,benign,SDCCAG8,183.0
Q86SQ7,G183F,0.5196,ambiguous,SDCCAG8,183.0
Q86SQ7,G183H,0.3871,ambiguous,SDCCAG8,183.0
Q86SQ7,G183I,0.281,benign,SDCCAG8,183.0
Q86SQ7,G183K,0.2857,benign,SDCCAG8,183.0
Q86SQ7,G183L,0.3862,ambiguous,SDCCAG8,183.0
Q86SQ7,G183M,0.4589,ambiguous,SDCCAG8,183.0
Q86SQ7,G183N,0.3441,ambiguous,SDCCAG8,183.0
Q86SQ7,G183P,0.6024,pathogenic,SDCCAG8,183.0
Q86SQ7,G183Q,0.2481,benign,SDCCAG8,183.0
Q86SQ7,G183R,0.1823,benign,SDCCAG8,183.0
Q86SQ7,G183S,0.132,benign,SDCCAG8,183.0
Q86SQ7,G183T,0.2014,benign,SDCCAG8,183.0
Q86SQ7,G183V,0.1781,benign,SDCCAG8,183.0
Q86SQ7,G183W,0.2729,benign,SDCCAG8,183.0
Q86SQ7,G183Y,0.407,ambiguous,SDCCAG8,183.0
Q86SQ7,N184A,0.2243,benign,SDCCAG8,184.0
Q86SQ7,N184C,0.2548,benign,SDCCAG8,184.0
Q86SQ7,N184D,0.1167,benign,SDCCAG8,184.0
Q86SQ7,N184E,0.279,benign,SDCCAG8,184.0
Q86SQ7,N184F,0.358,ambiguous,SDCCAG8,184.0
Q86SQ7,N184G,0.2681,benign,SDCCAG8,184.0
Q86SQ7,N184H,0.11,benign,SDCCAG8,184.0
Q86SQ7,N184I,0.1383,benign,SDCCAG8,184.0
Q86SQ7,N184K,0.1954,benign,SDCCAG8,184.0
Q86SQ7,N184L,0.1898,benign,SDCCAG8,184.0
Q86SQ7,N184M,0.2526,benign,SDCCAG8,184.0
Q86SQ7,N184P,0.4028,ambiguous,SDCCAG8,184.0
Q86SQ7,N184Q,0.291,benign,SDCCAG8,184.0
Q86SQ7,N184R,0.2282,benign,SDCCAG8,184.0
Q86SQ7,N184S,0.1019,benign,SDCCAG8,184.0
Q86SQ7,N184T,0.1285,benign,SDCCAG8,184.0
Q86SQ7,N184V,0.1667,benign,SDCCAG8,184.0
Q86SQ7,N184W,0.6321,pathogenic,SDCCAG8,184.0
Q86SQ7,N184Y,0.1331,benign,SDCCAG8,184.0
Q86SQ7,M185A,0.2028,benign,SDCCAG8,185.0
Q86SQ7,M185C,0.4586,ambiguous,SDCCAG8,185.0
Q86SQ7,M185D,0.3881,ambiguous,SDCCAG8,185.0
Q86SQ7,M185E,0.2095,benign,SDCCAG8,185.0
Q86SQ7,M185F,0.2042,benign,SDCCAG8,185.0
Q86SQ7,M185G,0.2778,benign,SDCCAG8,185.0
Q86SQ7,M185H,0.2565,benign,SDCCAG8,185.0
Q86SQ7,M185I,0.1512,benign,SDCCAG8,185.0
Q86SQ7,M185K,0.0938,benign,SDCCAG8,185.0
Q86SQ7,M185L,0.0948,benign,SDCCAG8,185.0
Q86SQ7,M185N,0.2358,benign,SDCCAG8,185.0
Q86SQ7,M185P,0.279,benign,SDCCAG8,185.0
Q86SQ7,M185Q,0.1429,benign,SDCCAG8,185.0
Q86SQ7,M185R,0.0862,benign,SDCCAG8,185.0
Q86SQ7,M185S,0.2047,benign,SDCCAG8,185.0
Q86SQ7,M185T,0.0983,benign,SDCCAG8,185.0
Q86SQ7,M185V,0.0629,benign,SDCCAG8,185.0
Q86SQ7,M185W,0.3433,ambiguous,SDCCAG8,185.0
Q86SQ7,M185Y,0.3389,benign,SDCCAG8,185.0
Q86SQ7,H186A,0.1121,benign,SDCCAG8,186.0
Q86SQ7,H186C,0.1011,benign,SDCCAG8,186.0
Q86SQ7,H186D,0.0839,benign,SDCCAG8,186.0
Q86SQ7,H186E,0.0887,benign,SDCCAG8,186.0
Q86SQ7,H186F,0.2366,benign,SDCCAG8,186.0
Q86SQ7,H186G,0.101,benign,SDCCAG8,186.0
Q86SQ7,H186I,0.1605,benign,SDCCAG8,186.0
Q86SQ7,H186K,0.0791,benign,SDCCAG8,186.0
Q86SQ7,H186L,0.0708,benign,SDCCAG8,186.0
Q86SQ7,H186M,0.2271,benign,SDCCAG8,186.0
Q86SQ7,H186N,0.0655,benign,SDCCAG8,186.0
Q86SQ7,H186P,0.0577,benign,SDCCAG8,186.0
Q86SQ7,H186Q,0.0598,benign,SDCCAG8,186.0
Q86SQ7,H186R,0.0572,benign,SDCCAG8,186.0
Q86SQ7,H186S,0.1071,benign,SDCCAG8,186.0
Q86SQ7,H186T,0.1153,benign,SDCCAG8,186.0
Q86SQ7,H186V,0.1235,benign,SDCCAG8,186.0
Q86SQ7,H186W,0.2048,benign,SDCCAG8,186.0
Q86SQ7,H186Y,0.0836,benign,SDCCAG8,186.0
Q86SQ7,N187A,0.1687,benign,SDCCAG8,187.0
Q86SQ7,N187C,0.1918,benign,SDCCAG8,187.0
Q86SQ7,N187D,0.0933,benign,SDCCAG8,187.0
Q86SQ7,N187E,0.2413,benign,SDCCAG8,187.0
Q86SQ7,N187F,0.3403,ambiguous,SDCCAG8,187.0
Q86SQ7,N187G,0.2004,benign,SDCCAG8,187.0
Q86SQ7,N187H,0.0805,benign,SDCCAG8,187.0
Q86SQ7,N187I,0.1345,benign,SDCCAG8,187.0
Q86SQ7,N187K,0.1512,benign,SDCCAG8,187.0
Q86SQ7,N187L,0.1618,benign,SDCCAG8,187.0
Q86SQ7,N187M,0.2643,benign,SDCCAG8,187.0
Q86SQ7,N187P,0.2646,benign,SDCCAG8,187.0
Q86SQ7,N187Q,0.2199,benign,SDCCAG8,187.0
Q86SQ7,N187R,0.167,benign,SDCCAG8,187.0
Q86SQ7,N187S,0.0784,benign,SDCCAG8,187.0
Q86SQ7,N187T,0.1096,benign,SDCCAG8,187.0
Q86SQ7,N187V,0.1545,benign,SDCCAG8,187.0
Q86SQ7,N187W,0.5684,pathogenic,SDCCAG8,187.0
Q86SQ7,N187Y,0.1142,benign,SDCCAG8,187.0
Q86SQ7,S188A,0.0901,benign,SDCCAG8,188.0
Q86SQ7,S188C,0.1121,benign,SDCCAG8,188.0
Q86SQ7,S188D,0.3351,benign,SDCCAG8,188.0
Q86SQ7,S188E,0.4223,ambiguous,SDCCAG8,188.0
Q86SQ7,S188F,0.1699,benign,SDCCAG8,188.0
Q86SQ7,S188G,0.126,benign,SDCCAG8,188.0
Q86SQ7,S188H,0.3258,benign,SDCCAG8,188.0
Q86SQ7,S188I,0.1881,benign,SDCCAG8,188.0
Q86SQ7,S188K,0.5833,pathogenic,SDCCAG8,188.0
Q86SQ7,S188L,0.1007,benign,SDCCAG8,188.0
Q86SQ7,S188M,0.2488,benign,SDCCAG8,188.0
Q86SQ7,S188N,0.2121,benign,SDCCAG8,188.0
Q86SQ7,S188P,0.1365,benign,SDCCAG8,188.0
Q86SQ7,S188Q,0.4827,ambiguous,SDCCAG8,188.0
Q86SQ7,S188R,0.4875,ambiguous,SDCCAG8,188.0
Q86SQ7,S188T,0.0972,benign,SDCCAG8,188.0
Q86SQ7,S188V,0.1853,benign,SDCCAG8,188.0
Q86SQ7,S188W,0.2338,benign,SDCCAG8,188.0
Q86SQ7,S188Y,0.1415,benign,SDCCAG8,188.0
Q86SQ7,W189A,0.2995,benign,SDCCAG8,189.0
Q86SQ7,W189C,0.4389,ambiguous,SDCCAG8,189.0
Q86SQ7,W189D,0.4587,ambiguous,SDCCAG8,189.0
Q86SQ7,W189E,0.5147,ambiguous,SDCCAG8,189.0
Q86SQ7,W189F,0.2088,benign,SDCCAG8,189.0
Q86SQ7,W189G,0.1706,benign,SDCCAG8,189.0
Q86SQ7,W189H,0.5134,ambiguous,SDCCAG8,189.0
Q86SQ7,W189I,0.3731,ambiguous,SDCCAG8,189.0
Q86SQ7,W189K,0.5719,pathogenic,SDCCAG8,189.0
Q86SQ7,W189L,0.2468,benign,SDCCAG8,189.0
Q86SQ7,W189M,0.4212,ambiguous,SDCCAG8,189.0
Q86SQ7,W189N,0.4966,ambiguous,SDCCAG8,189.0
Q86SQ7,W189P,0.5665,pathogenic,SDCCAG8,189.0
Q86SQ7,W189Q,0.5252,ambiguous,SDCCAG8,189.0
Q86SQ7,W189R,0.4741,ambiguous,SDCCAG8,189.0
Q86SQ7,W189S,0.2102,benign,SDCCAG8,189.0
Q86SQ7,W189T,0.2955,benign,SDCCAG8,189.0
Q86SQ7,W189V,0.2875,benign,SDCCAG8,189.0
Q86SQ7,W189Y,0.3609,ambiguous,SDCCAG8,189.0
Q86SQ7,I190A,0.2959,benign,SDCCAG8,190.0
Q86SQ7,I190C,0.4421,ambiguous,SDCCAG8,190.0
Q86SQ7,I190D,0.3631,ambiguous,SDCCAG8,190.0
Q86SQ7,I190E,0.2828,benign,SDCCAG8,190.0
Q86SQ7,I190F,0.1036,benign,SDCCAG8,190.0
Q86SQ7,I190G,0.4122,ambiguous,SDCCAG8,190.0
Q86SQ7,I190H,0.2736,benign,SDCCAG8,190.0
Q86SQ7,I190K,0.1755,benign,SDCCAG8,190.0
Q86SQ7,I190L,0.0961,benign,SDCCAG8,190.0
Q86SQ7,I190M,0.0749,benign,SDCCAG8,190.0
Q86SQ7,I190N,0.1255,benign,SDCCAG8,190.0
Q86SQ7,I190P,0.443,ambiguous,SDCCAG8,190.0
Q86SQ7,I190Q,0.2338,benign,SDCCAG8,190.0
Q86SQ7,I190R,0.1308,benign,SDCCAG8,190.0
Q86SQ7,I190S,0.2025,benign,SDCCAG8,190.0
Q86SQ7,I190T,0.2464,benign,SDCCAG8,190.0
Q86SQ7,I190V,0.092,benign,SDCCAG8,190.0
Q86SQ7,I190W,0.4475,ambiguous,SDCCAG8,190.0
Q86SQ7,I190Y,0.2569,benign,SDCCAG8,190.0
Q86SQ7,T191A,0.073,benign,SDCCAG8,191.0
Q86SQ7,T191C,0.3376,benign,SDCCAG8,191.0
Q86SQ7,T191D,0.2599,benign,SDCCAG8,191.0
Q86SQ7,T191E,0.2088,benign,SDCCAG8,191.0
Q86SQ7,T191F,0.1906,benign,SDCCAG8,191.0
Q86SQ7,T191G,0.2034,benign,SDCCAG8,191.0
Q86SQ7,T191H,0.2022,benign,SDCCAG8,191.0
Q86SQ7,T191I,0.1227,benign,SDCCAG8,191.0
Q86SQ7,T191K,0.1317,benign,SDCCAG8,191.0
Q86SQ7,T191L,0.0928,benign,SDCCAG8,191.0
Q86SQ7,T191M,0.0899,benign,SDCCAG8,191.0
Q86SQ7,T191N,0.1209,benign,SDCCAG8,191.0
Q86SQ7,T191P,0.0927,benign,SDCCAG8,191.0
Q86SQ7,T191Q,0.177,benign,SDCCAG8,191.0
Q86SQ7,T191R,0.1076,benign,SDCCAG8,191.0
Q86SQ7,T191S,0.1161,benign,SDCCAG8,191.0
Q86SQ7,T191V,0.1233,benign,SDCCAG8,191.0
Q86SQ7,T191W,0.4301,ambiguous,SDCCAG8,191.0
Q86SQ7,T191Y,0.2174,benign,SDCCAG8,191.0
Q86SQ7,T192A,0.0685,benign,SDCCAG8,192.0
Q86SQ7,T192C,0.3441,ambiguous,SDCCAG8,192.0
Q86SQ7,T192D,0.2444,benign,SDCCAG8,192.0
Q86SQ7,T192E,0.1844,benign,SDCCAG8,192.0
Q86SQ7,T192F,0.207,benign,SDCCAG8,192.0
Q86SQ7,T192G,0.1702,benign,SDCCAG8,192.0
Q86SQ7,T192H,0.1982,benign,SDCCAG8,192.0
Q86SQ7,T192I,0.1434,benign,SDCCAG8,192.0
Q86SQ7,T192K,0.1215,benign,SDCCAG8,192.0
Q86SQ7,T192L,0.1057,benign,SDCCAG8,192.0
Q86SQ7,T192M,0.0985,benign,SDCCAG8,192.0
Q86SQ7,T192N,0.1197,benign,SDCCAG8,192.0
Q86SQ7,T192P,0.086,benign,SDCCAG8,192.0
Q86SQ7,T192Q,0.1747,benign,SDCCAG8,192.0
Q86SQ7,T192R,0.0901,benign,SDCCAG8,192.0
Q86SQ7,T192S,0.1102,benign,SDCCAG8,192.0
Q86SQ7,T192V,0.1294,benign,SDCCAG8,192.0
Q86SQ7,T192W,0.3973,ambiguous,SDCCAG8,192.0
Q86SQ7,T192Y,0.239,benign,SDCCAG8,192.0
Q86SQ7,G193A,0.0994,benign,SDCCAG8,193.0
Q86SQ7,G193C,0.1538,benign,SDCCAG8,193.0
Q86SQ7,G193D,0.1296,benign,SDCCAG8,193.0
Q86SQ7,G193E,0.1265,benign,SDCCAG8,193.0
Q86SQ7,G193F,0.3745,ambiguous,SDCCAG8,193.0
Q86SQ7,G193H,0.2297,benign,SDCCAG8,193.0
Q86SQ7,G193I,0.1879,benign,SDCCAG8,193.0
Q86SQ7,G193K,0.1772,benign,SDCCAG8,193.0
Q86SQ7,G193L,0.2564,benign,SDCCAG8,193.0
Q86SQ7,G193M,0.3024,benign,SDCCAG8,193.0
Q86SQ7,G193N,0.2195,benign,SDCCAG8,193.0
Q86SQ7,G193P,0.4236,ambiguous,SDCCAG8,193.0
Q86SQ7,G193Q,0.1779,benign,SDCCAG8,193.0
Q86SQ7,G193R,0.1067,benign,SDCCAG8,193.0
Q86SQ7,G193S,0.0977,benign,SDCCAG8,193.0
Q86SQ7,G193T,0.1205,benign,SDCCAG8,193.0
Q86SQ7,G193V,0.1173,benign,SDCCAG8,193.0
Q86SQ7,G193W,0.1958,benign,SDCCAG8,193.0
Q86SQ7,G193Y,0.2664,benign,SDCCAG8,193.0
Q86SQ7,E194A,0.1143,benign,SDCCAG8,194.0
Q86SQ7,E194C,0.5445,ambiguous,SDCCAG8,194.0
Q86SQ7,E194D,0.0916,benign,SDCCAG8,194.0
Q86SQ7,E194F,0.4066,ambiguous,SDCCAG8,194.0
Q86SQ7,E194G,0.0822,benign,SDCCAG8,194.0
Q86SQ7,E194H,0.2402,benign,SDCCAG8,194.0
Q86SQ7,E194I,0.2086,benign,SDCCAG8,194.0
Q86SQ7,E194K,0.0748,benign,SDCCAG8,194.0
Q86SQ7,E194L,0.2162,benign,SDCCAG8,194.0
Q86SQ7,E194M,0.2609,benign,SDCCAG8,194.0
Q86SQ7,E194N,0.1508,benign,SDCCAG8,194.0
Q86SQ7,E194P,0.3029,benign,SDCCAG8,194.0
Q86SQ7,E194Q,0.1073,benign,SDCCAG8,194.0
Q86SQ7,E194R,0.1163,benign,SDCCAG8,194.0
Q86SQ7,E194S,0.138,benign,SDCCAG8,194.0
Q86SQ7,E194T,0.1535,benign,SDCCAG8,194.0
Q86SQ7,E194V,0.1291,benign,SDCCAG8,194.0
Q86SQ7,E194W,0.544,ambiguous,SDCCAG8,194.0
Q86SQ7,E194Y,0.3148,benign,SDCCAG8,194.0
Q86SQ7,D195A,0.0975,benign,SDCCAG8,195.0
Q86SQ7,D195C,0.2697,benign,SDCCAG8,195.0
Q86SQ7,D195E,0.143,benign,SDCCAG8,195.0
Q86SQ7,D195F,0.24,benign,SDCCAG8,195.0
Q86SQ7,D195G,0.0795,benign,SDCCAG8,195.0
Q86SQ7,D195H,0.1451,benign,SDCCAG8,195.0
Q86SQ7,D195I,0.1426,benign,SDCCAG8,195.0
Q86SQ7,D195K,0.1831,benign,SDCCAG8,195.0
Q86SQ7,D195L,0.1723,benign,SDCCAG8,195.0
Q86SQ7,D195M,0.3504,ambiguous,SDCCAG8,195.0
Q86SQ7,D195N,0.0828,benign,SDCCAG8,195.0
Q86SQ7,D195P,0.2971,benign,SDCCAG8,195.0
Q86SQ7,D195Q,0.21,benign,SDCCAG8,195.0
Q86SQ7,D195R,0.1761,benign,SDCCAG8,195.0
Q86SQ7,D195S,0.1006,benign,SDCCAG8,195.0
Q86SQ7,D195T,0.1434,benign,SDCCAG8,195.0
Q86SQ7,D195V,0.0922,benign,SDCCAG8,195.0
Q86SQ7,D195W,0.5666,pathogenic,SDCCAG8,195.0
Q86SQ7,D195Y,0.0878,benign,SDCCAG8,195.0
Q86SQ7,S196A,0.073,benign,SDCCAG8,196.0
Q86SQ7,S196C,0.0804,benign,SDCCAG8,196.0
Q86SQ7,S196D,0.2161,benign,SDCCAG8,196.0
Q86SQ7,S196E,0.2899,benign,SDCCAG8,196.0
Q86SQ7,S196F,0.1142,benign,SDCCAG8,196.0
Q86SQ7,S196G,0.0841,benign,SDCCAG8,196.0
Q86SQ7,S196H,0.1963,benign,SDCCAG8,196.0
Q86SQ7,S196I,0.1199,benign,SDCCAG8,196.0
Q86SQ7,S196K,0.356,ambiguous,SDCCAG8,196.0
Q86SQ7,S196L,0.0841,benign,SDCCAG8,196.0
Q86SQ7,S196M,0.1822,benign,SDCCAG8,196.0
Q86SQ7,S196N,0.1331,benign,SDCCAG8,196.0
Q86SQ7,S196P,0.1084,benign,SDCCAG8,196.0
Q86SQ7,S196Q,0.3408,ambiguous,SDCCAG8,196.0
Q86SQ7,S196R,0.2533,benign,SDCCAG8,196.0
Q86SQ7,S196T,0.0764,benign,SDCCAG8,196.0
Q86SQ7,S196V,0.1305,benign,SDCCAG8,196.0
Q86SQ7,S196W,0.1564,benign,SDCCAG8,196.0
Q86SQ7,S196Y,0.1001,benign,SDCCAG8,196.0
Q86SQ7,G197A,0.0848,benign,SDCCAG8,197.0
Q86SQ7,G197C,0.1384,benign,SDCCAG8,197.0
Q86SQ7,G197D,0.1207,benign,SDCCAG8,197.0
Q86SQ7,G197E,0.0974,benign,SDCCAG8,197.0
Q86SQ7,G197F,0.2451,benign,SDCCAG8,197.0
Q86SQ7,G197H,0.1735,benign,SDCCAG8,197.0
Q86SQ7,G197I,0.1234,benign,SDCCAG8,197.0
Q86SQ7,G197K,0.1315,benign,SDCCAG8,197.0
Q86SQ7,G197L,0.1824,benign,SDCCAG8,197.0
Q86SQ7,G197M,0.2127,benign,SDCCAG8,197.0
Q86SQ7,G197N,0.1941,benign,SDCCAG8,197.0
Q86SQ7,G197P,0.347,ambiguous,SDCCAG8,197.0
Q86SQ7,G197Q,0.1373,benign,SDCCAG8,197.0
Q86SQ7,G197R,0.0839,benign,SDCCAG8,197.0
Q86SQ7,G197S,0.0936,benign,SDCCAG8,197.0
Q86SQ7,G197T,0.0961,benign,SDCCAG8,197.0
Q86SQ7,G197V,0.0896,benign,SDCCAG8,197.0
Q86SQ7,G197W,0.1414,benign,SDCCAG8,197.0
Q86SQ7,G197Y,0.1928,benign,SDCCAG8,197.0
Q86SQ7,V198A,0.0835,benign,SDCCAG8,198.0
Q86SQ7,V198C,0.3866,ambiguous,SDCCAG8,198.0
Q86SQ7,V198D,0.1084,benign,SDCCAG8,198.0
Q86SQ7,V198E,0.1181,benign,SDCCAG8,198.0
Q86SQ7,V198F,0.0713,benign,SDCCAG8,198.0
Q86SQ7,V198G,0.0812,benign,SDCCAG8,198.0
Q86SQ7,V198H,0.2312,benign,SDCCAG8,198.0
Q86SQ7,V198I,0.0761,benign,SDCCAG8,198.0
Q86SQ7,V198K,0.1333,benign,SDCCAG8,198.0
Q86SQ7,V198L,0.1147,benign,SDCCAG8,198.0
Q86SQ7,V198M,0.0895,benign,SDCCAG8,198.0
Q86SQ7,V198N,0.1231,benign,SDCCAG8,198.0
Q86SQ7,V198P,0.1988,benign,SDCCAG8,198.0
Q86SQ7,V198Q,0.1597,benign,SDCCAG8,198.0
Q86SQ7,V198R,0.107,benign,SDCCAG8,198.0
Q86SQ7,V198S,0.1034,benign,SDCCAG8,198.0
Q86SQ7,V198T,0.1,benign,SDCCAG8,198.0
Q86SQ7,V198W,0.307,benign,SDCCAG8,198.0
Q86SQ7,V198Y,0.2393,benign,SDCCAG8,198.0
Q86SQ7,G199A,0.0866,benign,SDCCAG8,199.0
Q86SQ7,G199C,0.112,benign,SDCCAG8,199.0
Q86SQ7,G199D,0.0813,benign,SDCCAG8,199.0
Q86SQ7,G199E,0.0865,benign,SDCCAG8,199.0
Q86SQ7,G199F,0.2416,benign,SDCCAG8,199.0
Q86SQ7,G199H,0.1626,benign,SDCCAG8,199.0
Q86SQ7,G199I,0.1345,benign,SDCCAG8,199.0
Q86SQ7,G199K,0.1466,benign,SDCCAG8,199.0
Q86SQ7,G199L,0.1726,benign,SDCCAG8,199.0
Q86SQ7,G199M,0.2373,benign,SDCCAG8,199.0
Q86SQ7,G199N,0.1532,benign,SDCCAG8,199.0
Q86SQ7,G199P,0.2925,benign,SDCCAG8,199.0
Q86SQ7,G199Q,0.1398,benign,SDCCAG8,199.0
Q86SQ7,G199R,0.0989,benign,SDCCAG8,199.0
Q86SQ7,G199S,0.0865,benign,SDCCAG8,199.0
Q86SQ7,G199T,0.1034,benign,SDCCAG8,199.0
Q86SQ7,G199V,0.0909,benign,SDCCAG8,199.0
Q86SQ7,G199W,0.1415,benign,SDCCAG8,199.0
Q86SQ7,G199Y,0.1662,benign,SDCCAG8,199.0
Q86SQ7,E200A,0.1128,benign,SDCCAG8,200.0
Q86SQ7,E200C,0.5523,ambiguous,SDCCAG8,200.0
Q86SQ7,E200D,0.1032,benign,SDCCAG8,200.0
Q86SQ7,E200F,0.3941,ambiguous,SDCCAG8,200.0
Q86SQ7,E200G,0.0841,benign,SDCCAG8,200.0
Q86SQ7,E200H,0.2415,benign,SDCCAG8,200.0
Q86SQ7,E200I,0.192,benign,SDCCAG8,200.0
Q86SQ7,E200K,0.0754,benign,SDCCAG8,200.0
Q86SQ7,E200L,0.2083,benign,SDCCAG8,200.0
Q86SQ7,E200M,0.2483,benign,SDCCAG8,200.0
Q86SQ7,E200N,0.1592,benign,SDCCAG8,200.0
Q86SQ7,E200P,0.2962,benign,SDCCAG8,200.0
Q86SQ7,E200Q,0.1041,benign,SDCCAG8,200.0
Q86SQ7,E200R,0.1209,benign,SDCCAG8,200.0
Q86SQ7,E200S,0.1444,benign,SDCCAG8,200.0
Q86SQ7,E200T,0.149,benign,SDCCAG8,200.0
Q86SQ7,E200V,0.1216,benign,SDCCAG8,200.0
Q86SQ7,E200W,0.5577,ambiguous,SDCCAG8,200.0
Q86SQ7,E200Y,0.3069,benign,SDCCAG8,200.0
Q86SQ7,T201A,0.0648,benign,SDCCAG8,201.0
Q86SQ7,T201C,0.2916,benign,SDCCAG8,201.0
Q86SQ7,T201D,0.1642,benign,SDCCAG8,201.0
Q86SQ7,T201E,0.1749,benign,SDCCAG8,201.0
Q86SQ7,T201F,0.1391,benign,SDCCAG8,201.0
Q86SQ7,T201G,0.1426,benign,SDCCAG8,201.0
Q86SQ7,T201H,0.1628,benign,SDCCAG8,201.0
Q86SQ7,T201I,0.1021,benign,SDCCAG8,201.0
Q86SQ7,T201K,0.1219,benign,SDCCAG8,201.0
Q86SQ7,T201L,0.0873,benign,SDCCAG8,201.0
Q86SQ7,T201M,0.087,benign,SDCCAG8,201.0
Q86SQ7,T201N,0.0806,benign,SDCCAG8,201.0
Q86SQ7,T201P,0.0808,benign,SDCCAG8,201.0
Q86SQ7,T201Q,0.1726,benign,SDCCAG8,201.0
Q86SQ7,T201R,0.1019,benign,SDCCAG8,201.0
Q86SQ7,T201S,0.0921,benign,SDCCAG8,201.0
Q86SQ7,T201V,0.1029,benign,SDCCAG8,201.0
Q86SQ7,T201W,0.3597,ambiguous,SDCCAG8,201.0
Q86SQ7,T201Y,0.1553,benign,SDCCAG8,201.0
Q86SQ7,S202A,0.057,benign,SDCCAG8,202.0
Q86SQ7,S202C,0.0894,benign,SDCCAG8,202.0
Q86SQ7,S202D,0.1724,benign,SDCCAG8,202.0
Q86SQ7,S202E,0.1967,benign,SDCCAG8,202.0
Q86SQ7,S202F,0.1318,benign,SDCCAG8,202.0
Q86SQ7,S202G,0.0721,benign,SDCCAG8,202.0
Q86SQ7,S202H,0.1885,benign,SDCCAG8,202.0
Q86SQ7,S202I,0.1173,benign,SDCCAG8,202.0
Q86SQ7,S202K,0.2685,benign,SDCCAG8,202.0
Q86SQ7,S202L,0.0783,benign,SDCCAG8,202.0
Q86SQ7,S202M,0.1633,benign,SDCCAG8,202.0
Q86SQ7,S202N,0.1167,benign,SDCCAG8,202.0
Q86SQ7,S202P,0.0799,benign,SDCCAG8,202.0
Q86SQ7,S202Q,0.244,benign,SDCCAG8,202.0
Q86SQ7,S202R,0.2,benign,SDCCAG8,202.0
Q86SQ7,S202T,0.075,benign,SDCCAG8,202.0
Q86SQ7,S202V,0.1067,benign,SDCCAG8,202.0
Q86SQ7,S202W,0.1533,benign,SDCCAG8,202.0
Q86SQ7,S202Y,0.1064,benign,SDCCAG8,202.0
Q86SQ7,K203A,0.2095,benign,SDCCAG8,203.0
Q86SQ7,K203C,0.5034,ambiguous,SDCCAG8,203.0
Q86SQ7,K203D,0.316,benign,SDCCAG8,203.0
Q86SQ7,K203E,0.1008,benign,SDCCAG8,203.0
Q86SQ7,K203F,0.4874,ambiguous,SDCCAG8,203.0
Q86SQ7,K203G,0.2124,benign,SDCCAG8,203.0
Q86SQ7,K203H,0.248,benign,SDCCAG8,203.0
Q86SQ7,K203I,0.207,benign,SDCCAG8,203.0
Q86SQ7,K203L,0.2131,benign,SDCCAG8,203.0
Q86SQ7,K203M,0.1592,benign,SDCCAG8,203.0
Q86SQ7,K203N,0.2393,benign,SDCCAG8,203.0
Q86SQ7,K203P,0.3703,ambiguous,SDCCAG8,203.0
Q86SQ7,K203Q,0.1073,benign,SDCCAG8,203.0
Q86SQ7,K203R,0.072,benign,SDCCAG8,203.0
Q86SQ7,K203S,0.2393,benign,SDCCAG8,203.0
Q86SQ7,K203T,0.1321,benign,SDCCAG8,203.0
Q86SQ7,K203V,0.1975,benign,SDCCAG8,203.0
Q86SQ7,K203W,0.5293,ambiguous,SDCCAG8,203.0
Q86SQ7,K203Y,0.3991,ambiguous,SDCCAG8,203.0
Q86SQ7,R204A,0.1688,benign,SDCCAG8,204.0
Q86SQ7,R204C,0.1785,benign,SDCCAG8,204.0
Q86SQ7,R204D,0.282,benign,SDCCAG8,204.0
Q86SQ7,R204E,0.1621,benign,SDCCAG8,204.0
Q86SQ7,R204F,0.2801,benign,SDCCAG8,204.0
Q86SQ7,R204G,0.0951,benign,SDCCAG8,204.0
Q86SQ7,R204H,0.114,benign,SDCCAG8,204.0
Q86SQ7,R204I,0.099,benign,SDCCAG8,204.0
Q86SQ7,R204K,0.0794,benign,SDCCAG8,204.0
Q86SQ7,R204L,0.1219,benign,SDCCAG8,204.0
Q86SQ7,R204M,0.1095,benign,SDCCAG8,204.0
Q86SQ7,R204N,0.2501,benign,SDCCAG8,204.0
Q86SQ7,R204P,0.2475,benign,SDCCAG8,204.0
Q86SQ7,R204Q,0.0968,benign,SDCCAG8,204.0
Q86SQ7,R204S,0.1894,benign,SDCCAG8,204.0
Q86SQ7,R204T,0.1058,benign,SDCCAG8,204.0
Q86SQ7,R204V,0.1547,benign,SDCCAG8,204.0
Q86SQ7,R204W,0.1267,benign,SDCCAG8,204.0
Q86SQ7,R204Y,0.2345,benign,SDCCAG8,204.0
Q86SQ7,P205A,0.0769,benign,SDCCAG8,205.0
Q86SQ7,P205C,0.2121,benign,SDCCAG8,205.0
Q86SQ7,P205D,0.1975,benign,SDCCAG8,205.0
Q86SQ7,P205E,0.1754,benign,SDCCAG8,205.0
Q86SQ7,P205F,0.2369,benign,SDCCAG8,205.0
Q86SQ7,P205G,0.1679,benign,SDCCAG8,205.0
Q86SQ7,P205H,0.0985,benign,SDCCAG8,205.0
Q86SQ7,P205I,0.1557,benign,SDCCAG8,205.0
Q86SQ7,P205K,0.1479,benign,SDCCAG8,205.0
Q86SQ7,P205L,0.0859,benign,SDCCAG8,205.0
Q86SQ7,P205M,0.2104,benign,SDCCAG8,205.0
Q86SQ7,P205N,0.17,benign,SDCCAG8,205.0
Q86SQ7,P205Q,0.105,benign,SDCCAG8,205.0
Q86SQ7,P205R,0.0938,benign,SDCCAG8,205.0
Q86SQ7,P205S,0.0905,benign,SDCCAG8,205.0
Q86SQ7,P205T,0.0791,benign,SDCCAG8,205.0
Q86SQ7,P205V,0.1235,benign,SDCCAG8,205.0
Q86SQ7,P205W,0.273,benign,SDCCAG8,205.0
Q86SQ7,P205Y,0.1928,benign,SDCCAG8,205.0
Q86SQ7,F206A,0.1846,benign,SDCCAG8,206.0
Q86SQ7,F206C,0.1121,benign,SDCCAG8,206.0
Q86SQ7,F206D,0.2434,benign,SDCCAG8,206.0
Q86SQ7,F206E,0.387,ambiguous,SDCCAG8,206.0
Q86SQ7,F206G,0.3059,benign,SDCCAG8,206.0
Q86SQ7,F206H,0.2596,benign,SDCCAG8,206.0
Q86SQ7,F206I,0.0794,benign,SDCCAG8,206.0
Q86SQ7,F206K,0.3761,ambiguous,SDCCAG8,206.0
Q86SQ7,F206L,0.4752,ambiguous,SDCCAG8,206.0
Q86SQ7,F206M,0.2962,benign,SDCCAG8,206.0
Q86SQ7,F206N,0.2221,benign,SDCCAG8,206.0
Q86SQ7,F206P,0.409,ambiguous,SDCCAG8,206.0
Q86SQ7,F206Q,0.3522,ambiguous,SDCCAG8,206.0
Q86SQ7,F206R,0.2556,benign,SDCCAG8,206.0
Q86SQ7,F206S,0.1075,benign,SDCCAG8,206.0
Q86SQ7,F206T,0.1946,benign,SDCCAG8,206.0
Q86SQ7,F206V,0.0846,benign,SDCCAG8,206.0
Q86SQ7,F206W,0.2682,benign,SDCCAG8,206.0
Q86SQ7,F206Y,0.1052,benign,SDCCAG8,206.0
Q86SQ7,S207A,0.0802,benign,SDCCAG8,207.0
Q86SQ7,S207C,0.0741,benign,SDCCAG8,207.0
Q86SQ7,S207D,0.2539,benign,SDCCAG8,207.0
Q86SQ7,S207E,0.3157,benign,SDCCAG8,207.0
Q86SQ7,S207F,0.0949,benign,SDCCAG8,207.0
Q86SQ7,S207G,0.1007,benign,SDCCAG8,207.0
Q86SQ7,S207H,0.1785,benign,SDCCAG8,207.0
Q86SQ7,S207I,0.1114,benign,SDCCAG8,207.0
Q86SQ7,S207K,0.3901,ambiguous,SDCCAG8,207.0
Q86SQ7,S207L,0.0787,benign,SDCCAG8,207.0
Q86SQ7,S207M,0.1944,benign,SDCCAG8,207.0
Q86SQ7,S207N,0.1625,benign,SDCCAG8,207.0
Q86SQ7,S207P,0.0765,benign,SDCCAG8,207.0
Q86SQ7,S207Q,0.3031,benign,SDCCAG8,207.0
Q86SQ7,S207R,0.2668,benign,SDCCAG8,207.0
Q86SQ7,S207T,0.0867,benign,SDCCAG8,207.0
Q86SQ7,S207V,0.1245,benign,SDCCAG8,207.0
Q86SQ7,S207W,0.1335,benign,SDCCAG8,207.0
Q86SQ7,S207Y,0.0928,benign,SDCCAG8,207.0
Q86SQ7,H208A,0.1308,benign,SDCCAG8,208.0
Q86SQ7,H208C,0.0954,benign,SDCCAG8,208.0
Q86SQ7,H208D,0.0946,benign,SDCCAG8,208.0
Q86SQ7,H208E,0.1405,benign,SDCCAG8,208.0
Q86SQ7,H208F,0.2071,benign,SDCCAG8,208.0
Q86SQ7,H208G,0.1206,benign,SDCCAG8,208.0
Q86SQ7,H208I,0.1743,benign,SDCCAG8,208.0
Q86SQ7,H208K,0.1258,benign,SDCCAG8,208.0
Q86SQ7,H208L,0.0874,benign,SDCCAG8,208.0
Q86SQ7,H208M,0.2928,benign,SDCCAG8,208.0
Q86SQ7,H208N,0.0799,benign,SDCCAG8,208.0
Q86SQ7,H208P,0.0796,benign,SDCCAG8,208.0
Q86SQ7,H208Q,0.1067,benign,SDCCAG8,208.0
Q86SQ7,H208R,0.0642,benign,SDCCAG8,208.0
Q86SQ7,H208S,0.1141,benign,SDCCAG8,208.0
Q86SQ7,H208T,0.1328,benign,SDCCAG8,208.0
Q86SQ7,H208V,0.1374,benign,SDCCAG8,208.0
Q86SQ7,H208W,0.2162,benign,SDCCAG8,208.0
Q86SQ7,H208Y,0.0784,benign,SDCCAG8,208.0
Q86SQ7,D209A,0.0838,benign,SDCCAG8,209.0
Q86SQ7,D209C,0.1846,benign,SDCCAG8,209.0
Q86SQ7,D209E,0.1127,benign,SDCCAG8,209.0
Q86SQ7,D209F,0.2438,benign,SDCCAG8,209.0
Q86SQ7,D209G,0.0558,benign,SDCCAG8,209.0
Q86SQ7,D209H,0.0959,benign,SDCCAG8,209.0
Q86SQ7,D209I,0.1444,benign,SDCCAG8,209.0
Q86SQ7,D209K,0.1232,benign,SDCCAG8,209.0
Q86SQ7,D209L,0.1534,benign,SDCCAG8,209.0
Q86SQ7,D209M,0.3315,benign,SDCCAG8,209.0
Q86SQ7,D209N,0.0769,benign,SDCCAG8,209.0
Q86SQ7,D209P,0.2444,benign,SDCCAG8,209.0
Q86SQ7,D209Q,0.1346,benign,SDCCAG8,209.0
Q86SQ7,D209R,0.105,benign,SDCCAG8,209.0
Q86SQ7,D209S,0.074,benign,SDCCAG8,209.0
Q86SQ7,D209T,0.1145,benign,SDCCAG8,209.0
Q86SQ7,D209V,0.0973,benign,SDCCAG8,209.0
Q86SQ7,D209W,0.4768,ambiguous,SDCCAG8,209.0
Q86SQ7,D209Y,0.0878,benign,SDCCAG8,209.0
Q86SQ7,N210A,0.1077,benign,SDCCAG8,210.0
Q86SQ7,N210C,0.1492,benign,SDCCAG8,210.0
Q86SQ7,N210D,0.0684,benign,SDCCAG8,210.0
Q86SQ7,N210E,0.1533,benign,SDCCAG8,210.0
Q86SQ7,N210F,0.2539,benign,SDCCAG8,210.0
Q86SQ7,N210G,0.1427,benign,SDCCAG8,210.0
Q86SQ7,N210H,0.0718,benign,SDCCAG8,210.0
Q86SQ7,N210I,0.0972,benign,SDCCAG8,210.0
Q86SQ7,N210K,0.107,benign,SDCCAG8,210.0
Q86SQ7,N210L,0.1224,benign,SDCCAG8,210.0
Q86SQ7,N210M,0.188,benign,SDCCAG8,210.0
Q86SQ7,N210P,0.2266,benign,SDCCAG8,210.0
Q86SQ7,N210Q,0.1674,benign,SDCCAG8,210.0
Q86SQ7,N210R,0.1134,benign,SDCCAG8,210.0
Q86SQ7,N210S,0.0667,benign,SDCCAG8,210.0
Q86SQ7,N210T,0.0759,benign,SDCCAG8,210.0
Q86SQ7,N210V,0.1052,benign,SDCCAG8,210.0
Q86SQ7,N210W,0.4652,ambiguous,SDCCAG8,210.0
Q86SQ7,N210Y,0.0956,benign,SDCCAG8,210.0
Q86SQ7,A211C,0.2924,benign,SDCCAG8,211.0
Q86SQ7,A211D,0.1215,benign,SDCCAG8,211.0
Q86SQ7,A211E,0.1442,benign,SDCCAG8,211.0
Q86SQ7,A211F,0.1939,benign,SDCCAG8,211.0
Q86SQ7,A211G,0.0928,benign,SDCCAG8,211.0
Q86SQ7,A211H,0.2407,benign,SDCCAG8,211.0
Q86SQ7,A211I,0.1514,benign,SDCCAG8,211.0
Q86SQ7,A211K,0.1849,benign,SDCCAG8,211.0
Q86SQ7,A211L,0.1236,benign,SDCCAG8,211.0
Q86SQ7,A211M,0.1681,benign,SDCCAG8,211.0
Q86SQ7,A211N,0.1627,benign,SDCCAG8,211.0
Q86SQ7,A211P,0.1238,benign,SDCCAG8,211.0
Q86SQ7,A211Q,0.2125,benign,SDCCAG8,211.0
Q86SQ7,A211R,0.1488,benign,SDCCAG8,211.0
Q86SQ7,A211S,0.0897,benign,SDCCAG8,211.0
Q86SQ7,A211T,0.0738,benign,SDCCAG8,211.0
Q86SQ7,A211V,0.091,benign,SDCCAG8,211.0
Q86SQ7,A211W,0.3973,ambiguous,SDCCAG8,211.0
Q86SQ7,A211Y,0.2483,benign,SDCCAG8,211.0
Q86SQ7,D212A,0.0851,benign,SDCCAG8,212.0
Q86SQ7,D212C,0.2262,benign,SDCCAG8,212.0
Q86SQ7,D212E,0.1412,benign,SDCCAG8,212.0
Q86SQ7,D212F,0.2304,benign,SDCCAG8,212.0
Q86SQ7,D212G,0.0812,benign,SDCCAG8,212.0
Q86SQ7,D212H,0.1196,benign,SDCCAG8,212.0
Q86SQ7,D212I,0.1296,benign,SDCCAG8,212.0
Q86SQ7,D212K,0.1716,benign,SDCCAG8,212.0
Q86SQ7,D212L,0.1491,benign,SDCCAG8,212.0
Q86SQ7,D212M,0.3337,benign,SDCCAG8,212.0
Q86SQ7,D212N,0.0789,benign,SDCCAG8,212.0
Q86SQ7,D212P,0.2655,benign,SDCCAG8,212.0
Q86SQ7,D212Q,0.1842,benign,SDCCAG8,212.0
Q86SQ7,D212R,0.1463,benign,SDCCAG8,212.0
Q86SQ7,D212S,0.0814,benign,SDCCAG8,212.0
Q86SQ7,D212T,0.125,benign,SDCCAG8,212.0
Q86SQ7,D212V,0.086,benign,SDCCAG8,212.0
Q86SQ7,D212W,0.5519,ambiguous,SDCCAG8,212.0
Q86SQ7,D212Y,0.0893,benign,SDCCAG8,212.0
Q86SQ7,F213A,0.066,benign,SDCCAG8,213.0
Q86SQ7,F213C,0.0898,benign,SDCCAG8,213.0
Q86SQ7,F213D,0.1135,benign,SDCCAG8,213.0
Q86SQ7,F213E,0.1911,benign,SDCCAG8,213.0
Q86SQ7,F213G,0.13,benign,SDCCAG8,213.0
Q86SQ7,F213H,0.1526,benign,SDCCAG8,213.0
Q86SQ7,F213I,0.0474,benign,SDCCAG8,213.0
Q86SQ7,F213K,0.1416,benign,SDCCAG8,213.0
Q86SQ7,F213L,0.2009,benign,SDCCAG8,213.0
Q86SQ7,F213M,0.11,benign,SDCCAG8,213.0
Q86SQ7,F213N,0.0868,benign,SDCCAG8,213.0
Q86SQ7,F213P,0.1793,benign,SDCCAG8,213.0
Q86SQ7,F213Q,0.1866,benign,SDCCAG8,213.0
Q86SQ7,F213R,0.1107,benign,SDCCAG8,213.0
Q86SQ7,F213S,0.0547,benign,SDCCAG8,213.0
Q86SQ7,F213T,0.0503,benign,SDCCAG8,213.0
Q86SQ7,F213V,0.057,benign,SDCCAG8,213.0
Q86SQ7,F213W,0.1742,benign,SDCCAG8,213.0
Q86SQ7,F213Y,0.0928,benign,SDCCAG8,213.0
Q86SQ7,G214A,0.1021,benign,SDCCAG8,214.0
Q86SQ7,G214C,0.098,benign,SDCCAG8,214.0
Q86SQ7,G214D,0.1179,benign,SDCCAG8,214.0
Q86SQ7,G214E,0.1015,benign,SDCCAG8,214.0
Q86SQ7,G214F,0.2488,benign,SDCCAG8,214.0
Q86SQ7,G214H,0.1542,benign,SDCCAG8,214.0
Q86SQ7,G214I,0.1171,benign,SDCCAG8,214.0
Q86SQ7,G214K,0.1516,benign,SDCCAG8,214.0
Q86SQ7,G214L,0.1597,benign,SDCCAG8,214.0
Q86SQ7,G214M,0.2427,benign,SDCCAG8,214.0
Q86SQ7,G214N,0.1856,benign,SDCCAG8,214.0
Q86SQ7,G214P,0.286,benign,SDCCAG8,214.0
Q86SQ7,G214Q,0.1253,benign,SDCCAG8,214.0
Q86SQ7,G214R,0.0896,benign,SDCCAG8,214.0
Q86SQ7,G214S,0.0901,benign,SDCCAG8,214.0
Q86SQ7,G214T,0.1123,benign,SDCCAG8,214.0
Q86SQ7,G214V,0.0887,benign,SDCCAG8,214.0
Q86SQ7,G214W,0.1421,benign,SDCCAG8,214.0
Q86SQ7,G214Y,0.1778,benign,SDCCAG8,214.0
Q86SQ7,K215A,0.1732,benign,SDCCAG8,215.0
Q86SQ7,K215C,0.4962,ambiguous,SDCCAG8,215.0
Q86SQ7,K215D,0.243,benign,SDCCAG8,215.0
Q86SQ7,K215E,0.0952,benign,SDCCAG8,215.0
Q86SQ7,K215F,0.4191,ambiguous,SDCCAG8,215.0
Q86SQ7,K215G,0.2125,benign,SDCCAG8,215.0
Q86SQ7,K215H,0.2147,benign,SDCCAG8,215.0
Q86SQ7,K215I,0.159,benign,SDCCAG8,215.0
Q86SQ7,K215L,0.1813,benign,SDCCAG8,215.0
Q86SQ7,K215M,0.1353,benign,SDCCAG8,215.0
Q86SQ7,K215N,0.1702,benign,SDCCAG8,215.0
Q86SQ7,K215P,0.3144,benign,SDCCAG8,215.0
Q86SQ7,K215Q,0.1179,benign,SDCCAG8,215.0
Q86SQ7,K215R,0.0799,benign,SDCCAG8,215.0
Q86SQ7,K215S,0.2097,benign,SDCCAG8,215.0
Q86SQ7,K215T,0.1071,benign,SDCCAG8,215.0
Q86SQ7,K215V,0.1586,benign,SDCCAG8,215.0
Q86SQ7,K215W,0.5538,ambiguous,SDCCAG8,215.0
Q86SQ7,K215Y,0.3442,ambiguous,SDCCAG8,215.0
Q86SQ7,A216C,0.3423,ambiguous,SDCCAG8,216.0
Q86SQ7,A216D,0.1117,benign,SDCCAG8,216.0
Q86SQ7,A216E,0.1292,benign,SDCCAG8,216.0
Q86SQ7,A216F,0.1804,benign,SDCCAG8,216.0
Q86SQ7,A216G,0.0927,benign,SDCCAG8,216.0
Q86SQ7,A216H,0.2489,benign,SDCCAG8,216.0
Q86SQ7,A216I,0.1536,benign,SDCCAG8,216.0
Q86SQ7,A216K,0.2007,benign,SDCCAG8,216.0
Q86SQ7,A216L,0.1209,benign,SDCCAG8,216.0
Q86SQ7,A216M,0.1643,benign,SDCCAG8,216.0
Q86SQ7,A216N,0.1547,benign,SDCCAG8,216.0
Q86SQ7,A216P,0.1111,benign,SDCCAG8,216.0
Q86SQ7,A216Q,0.2051,benign,SDCCAG8,216.0
Q86SQ7,A216R,0.1747,benign,SDCCAG8,216.0
Q86SQ7,A216S,0.0937,benign,SDCCAG8,216.0
Q86SQ7,A216T,0.077,benign,SDCCAG8,216.0
Q86SQ7,A216V,0.0885,benign,SDCCAG8,216.0
Q86SQ7,A216W,0.413,ambiguous,SDCCAG8,216.0
Q86SQ7,A216Y,0.2494,benign,SDCCAG8,216.0
Q86SQ7,A217C,0.3287,benign,SDCCAG8,217.0
Q86SQ7,A217D,0.1519,benign,SDCCAG8,217.0
Q86SQ7,A217E,0.1533,benign,SDCCAG8,217.0
Q86SQ7,A217F,0.1896,benign,SDCCAG8,217.0
Q86SQ7,A217G,0.1114,benign,SDCCAG8,217.0
Q86SQ7,A217H,0.2777,benign,SDCCAG8,217.0
Q86SQ7,A217I,0.1521,benign,SDCCAG8,217.0
Q86SQ7,A217K,0.206,benign,SDCCAG8,217.0
Q86SQ7,A217L,0.1253,benign,SDCCAG8,217.0
Q86SQ7,A217M,0.1872,benign,SDCCAG8,217.0
Q86SQ7,A217N,0.1793,benign,SDCCAG8,217.0
Q86SQ7,A217P,0.1065,benign,SDCCAG8,217.0
Q86SQ7,A217Q,0.2098,benign,SDCCAG8,217.0
Q86SQ7,A217R,0.1825,benign,SDCCAG8,217.0
Q86SQ7,A217S,0.0906,benign,SDCCAG8,217.0
Q86SQ7,A217T,0.0758,benign,SDCCAG8,217.0
Q86SQ7,A217V,0.093,benign,SDCCAG8,217.0
Q86SQ7,A217W,0.427,ambiguous,SDCCAG8,217.0
Q86SQ7,A217Y,0.2673,benign,SDCCAG8,217.0
Q86SQ7,S218A,0.0625,benign,SDCCAG8,218.0
Q86SQ7,S218C,0.0936,benign,SDCCAG8,218.0
Q86SQ7,S218D,0.1963,benign,SDCCAG8,218.0
Q86SQ7,S218E,0.2564,benign,SDCCAG8,218.0
Q86SQ7,S218F,0.0915,benign,SDCCAG8,218.0
Q86SQ7,S218G,0.082,benign,SDCCAG8,218.0
Q86SQ7,S218H,0.2076,benign,SDCCAG8,218.0
Q86SQ7,S218I,0.1037,benign,SDCCAG8,218.0
Q86SQ7,S218K,0.3198,benign,SDCCAG8,218.0
Q86SQ7,S218L,0.0763,benign,SDCCAG8,218.0
Q86SQ7,S218M,0.1738,benign,SDCCAG8,218.0
Q86SQ7,S218N,0.1281,benign,SDCCAG8,218.0
Q86SQ7,S218P,0.0877,benign,SDCCAG8,218.0
Q86SQ7,S218Q,0.3165,benign,SDCCAG8,218.0
Q86SQ7,S218R,0.2536,benign,SDCCAG8,218.0
Q86SQ7,S218T,0.0715,benign,SDCCAG8,218.0
Q86SQ7,S218V,0.1077,benign,SDCCAG8,218.0
Q86SQ7,S218W,0.1712,benign,SDCCAG8,218.0
Q86SQ7,S218Y,0.0994,benign,SDCCAG8,218.0
Q86SQ7,A219C,0.3173,benign,SDCCAG8,219.0
Q86SQ7,A219D,0.1426,benign,SDCCAG8,219.0
Q86SQ7,A219E,0.1405,benign,SDCCAG8,219.0
Q86SQ7,A219F,0.1871,benign,SDCCAG8,219.0
Q86SQ7,A219G,0.1074,benign,SDCCAG8,219.0
Q86SQ7,A219H,0.2619,benign,SDCCAG8,219.0
Q86SQ7,A219I,0.1519,benign,SDCCAG8,219.0
Q86SQ7,A219K,0.1886,benign,SDCCAG8,219.0
Q86SQ7,A219L,0.121,benign,SDCCAG8,219.0
Q86SQ7,A219M,0.1757,benign,SDCCAG8,219.0
Q86SQ7,A219N,0.1842,benign,SDCCAG8,219.0
Q86SQ7,A219P,0.1127,benign,SDCCAG8,219.0
Q86SQ7,A219Q,0.2111,benign,SDCCAG8,219.0
Q86SQ7,A219R,0.1652,benign,SDCCAG8,219.0
Q86SQ7,A219S,0.0888,benign,SDCCAG8,219.0
Q86SQ7,A219T,0.074,benign,SDCCAG8,219.0
Q86SQ7,A219V,0.0927,benign,SDCCAG8,219.0
Q86SQ7,A219W,0.4139,ambiguous,SDCCAG8,219.0
Q86SQ7,A219Y,0.2738,benign,SDCCAG8,219.0
Q86SQ7,G220A,0.0781,benign,SDCCAG8,220.0
Q86SQ7,G220C,0.1464,benign,SDCCAG8,220.0
Q86SQ7,G220D,0.1064,benign,SDCCAG8,220.0
Q86SQ7,G220E,0.1028,benign,SDCCAG8,220.0
Q86SQ7,G220F,0.2678,benign,SDCCAG8,220.0
Q86SQ7,G220H,0.1971,benign,SDCCAG8,220.0
Q86SQ7,G220I,0.1347,benign,SDCCAG8,220.0
Q86SQ7,G220K,0.149,benign,SDCCAG8,220.0
Q86SQ7,G220L,0.1846,benign,SDCCAG8,220.0
Q86SQ7,G220M,0.2357,benign,SDCCAG8,220.0
Q86SQ7,G220N,0.1678,benign,SDCCAG8,220.0
Q86SQ7,G220P,0.3397,benign,SDCCAG8,220.0
Q86SQ7,G220Q,0.1561,benign,SDCCAG8,220.0
Q86SQ7,G220R,0.1069,benign,SDCCAG8,220.0
Q86SQ7,G220S,0.0837,benign,SDCCAG8,220.0
Q86SQ7,G220T,0.0914,benign,SDCCAG8,220.0
Q86SQ7,G220V,0.0908,benign,SDCCAG8,220.0
Q86SQ7,G220W,0.1942,benign,SDCCAG8,220.0
Q86SQ7,G220Y,0.2129,benign,SDCCAG8,220.0
Q86SQ7,E221A,0.1414,benign,SDCCAG8,221.0
Q86SQ7,E221C,0.6109,pathogenic,SDCCAG8,221.0
Q86SQ7,E221D,0.1078,benign,SDCCAG8,221.0
Q86SQ7,E221F,0.3569,ambiguous,SDCCAG8,221.0
Q86SQ7,E221G,0.0916,benign,SDCCAG8,221.0
Q86SQ7,E221H,0.259,benign,SDCCAG8,221.0
Q86SQ7,E221I,0.2126,benign,SDCCAG8,221.0
Q86SQ7,E221K,0.0855,benign,SDCCAG8,221.0
Q86SQ7,E221L,0.2006,benign,SDCCAG8,221.0
Q86SQ7,E221M,0.3039,benign,SDCCAG8,221.0
Q86SQ7,E221N,0.1915,benign,SDCCAG8,221.0
Q86SQ7,E221P,0.3281,benign,SDCCAG8,221.0
Q86SQ7,E221Q,0.1078,benign,SDCCAG8,221.0
Q86SQ7,E221R,0.1421,benign,SDCCAG8,221.0
Q86SQ7,E221S,0.1614,benign,SDCCAG8,221.0
Q86SQ7,E221T,0.1936,benign,SDCCAG8,221.0
Q86SQ7,E221V,0.1384,benign,SDCCAG8,221.0
Q86SQ7,E221W,0.4612,ambiguous,SDCCAG8,221.0
Q86SQ7,E221Y,0.2736,benign,SDCCAG8,221.0
Q86SQ7,Q222A,0.1244,benign,SDCCAG8,222.0
Q86SQ7,Q222C,0.3911,ambiguous,SDCCAG8,222.0
Q86SQ7,Q222D,0.1853,benign,SDCCAG8,222.0
Q86SQ7,Q222E,0.0752,benign,SDCCAG8,222.0
Q86SQ7,Q222F,0.351,ambiguous,SDCCAG8,222.0
Q86SQ7,Q222G,0.1338,benign,SDCCAG8,222.0
Q86SQ7,Q222H,0.1234,benign,SDCCAG8,222.0
Q86SQ7,Q222I,0.1745,benign,SDCCAG8,222.0
Q86SQ7,Q222K,0.0587,benign,SDCCAG8,222.0
Q86SQ7,Q222L,0.0788,benign,SDCCAG8,222.0
Q86SQ7,Q222M,0.1943,benign,SDCCAG8,222.0
Q86SQ7,Q222N,0.1496,benign,SDCCAG8,222.0
Q86SQ7,Q222P,0.0867,benign,SDCCAG8,222.0
Q86SQ7,Q222R,0.0744,benign,SDCCAG8,222.0
Q86SQ7,Q222S,0.15,benign,SDCCAG8,222.0
Q86SQ7,Q222T,0.114,benign,SDCCAG8,222.0
Q86SQ7,Q222V,0.1301,benign,SDCCAG8,222.0
Q86SQ7,Q222W,0.283,benign,SDCCAG8,222.0
Q86SQ7,Q222Y,0.2276,benign,SDCCAG8,222.0
Q86SQ7,L223A,0.1033,benign,SDCCAG8,223.0
Q86SQ7,L223C,0.2759,benign,SDCCAG8,223.0
Q86SQ7,L223D,0.2374,benign,SDCCAG8,223.0
Q86SQ7,L223E,0.1101,benign,SDCCAG8,223.0
Q86SQ7,L223F,0.1038,benign,SDCCAG8,223.0
Q86SQ7,L223G,0.1807,benign,SDCCAG8,223.0
Q86SQ7,L223H,0.0999,benign,SDCCAG8,223.0
Q86SQ7,L223I,0.0764,benign,SDCCAG8,223.0
Q86SQ7,L223K,0.0813,benign,SDCCAG8,223.0
Q86SQ7,L223M,0.0868,benign,SDCCAG8,223.0
Q86SQ7,L223N,0.1632,benign,SDCCAG8,223.0
Q86SQ7,L223P,0.1409,benign,SDCCAG8,223.0
Q86SQ7,L223Q,0.0643,benign,SDCCAG8,223.0
Q86SQ7,L223R,0.0696,benign,SDCCAG8,223.0
Q86SQ7,L223S,0.1036,benign,SDCCAG8,223.0
Q86SQ7,L223T,0.0969,benign,SDCCAG8,223.0
Q86SQ7,L223V,0.0722,benign,SDCCAG8,223.0
Q86SQ7,L223W,0.0944,benign,SDCCAG8,223.0
Q86SQ7,L223Y,0.1888,benign,SDCCAG8,223.0
Q86SQ7,E224A,0.1306,benign,SDCCAG8,224.0
Q86SQ7,E224C,0.6939,pathogenic,SDCCAG8,224.0
Q86SQ7,E224D,0.1899,benign,SDCCAG8,224.0
Q86SQ7,E224F,0.5474,ambiguous,SDCCAG8,224.0
Q86SQ7,E224G,0.1685,benign,SDCCAG8,224.0
Q86SQ7,E224H,0.3332,benign,SDCCAG8,224.0
Q86SQ7,E224I,0.2977,benign,SDCCAG8,224.0
Q86SQ7,E224K,0.1597,benign,SDCCAG8,224.0
Q86SQ7,E224L,0.2526,benign,SDCCAG8,224.0
Q86SQ7,E224M,0.3817,ambiguous,SDCCAG8,224.0
Q86SQ7,E224N,0.3181,benign,SDCCAG8,224.0
Q86SQ7,E224P,0.434,ambiguous,SDCCAG8,224.0
Q86SQ7,E224Q,0.1143,benign,SDCCAG8,224.0
Q86SQ7,E224R,0.217,benign,SDCCAG8,224.0
Q86SQ7,E224S,0.2367,benign,SDCCAG8,224.0
Q86SQ7,E224T,0.2526,benign,SDCCAG8,224.0
Q86SQ7,E224V,0.1707,benign,SDCCAG8,224.0
Q86SQ7,E224W,0.7514,pathogenic,SDCCAG8,224.0
Q86SQ7,E224Y,0.4382,ambiguous,SDCCAG8,224.0
Q86SQ7,L225A,0.1964,benign,SDCCAG8,225.0
Q86SQ7,L225C,0.5022,ambiguous,SDCCAG8,225.0
Q86SQ7,L225D,0.5231,ambiguous,SDCCAG8,225.0
Q86SQ7,L225E,0.2486,benign,SDCCAG8,225.0
Q86SQ7,L225F,0.1816,benign,SDCCAG8,225.0
Q86SQ7,L225G,0.3428,ambiguous,SDCCAG8,225.0
Q86SQ7,L225H,0.2429,benign,SDCCAG8,225.0
Q86SQ7,L225I,0.1001,benign,SDCCAG8,225.0
Q86SQ7,L225K,0.1503,benign,SDCCAG8,225.0
Q86SQ7,L225M,0.0992,benign,SDCCAG8,225.0
Q86SQ7,L225N,0.3482,ambiguous,SDCCAG8,225.0
Q86SQ7,L225P,0.3857,ambiguous,SDCCAG8,225.0
Q86SQ7,L225Q,0.1477,benign,SDCCAG8,225.0
Q86SQ7,L225R,0.1447,benign,SDCCAG8,225.0
Q86SQ7,L225S,0.2764,benign,SDCCAG8,225.0
Q86SQ7,L225T,0.1802,benign,SDCCAG8,225.0
Q86SQ7,L225V,0.0954,benign,SDCCAG8,225.0
Q86SQ7,L225W,0.1541,benign,SDCCAG8,225.0
Q86SQ7,L225Y,0.3241,benign,SDCCAG8,225.0
Q86SQ7,E226A,0.1654,benign,SDCCAG8,226.0
Q86SQ7,E226C,0.7552,pathogenic,SDCCAG8,226.0
Q86SQ7,E226D,0.2183,benign,SDCCAG8,226.0
Q86SQ7,E226F,0.7409,pathogenic,SDCCAG8,226.0
Q86SQ7,E226G,0.116,benign,SDCCAG8,226.0
Q86SQ7,E226H,0.4049,ambiguous,SDCCAG8,226.0
Q86SQ7,E226I,0.4598,ambiguous,SDCCAG8,226.0
Q86SQ7,E226K,0.1304,benign,SDCCAG8,226.0
Q86SQ7,E226L,0.3481,ambiguous,SDCCAG8,226.0
Q86SQ7,E226M,0.4573,ambiguous,SDCCAG8,226.0
Q86SQ7,E226N,0.3386,benign,SDCCAG8,226.0
Q86SQ7,E226P,0.647,pathogenic,SDCCAG8,226.0
Q86SQ7,E226Q,0.1054,benign,SDCCAG8,226.0
Q86SQ7,E226R,0.1855,benign,SDCCAG8,226.0
Q86SQ7,E226S,0.245,benign,SDCCAG8,226.0
Q86SQ7,E226T,0.3079,benign,SDCCAG8,226.0
Q86SQ7,E226V,0.2617,benign,SDCCAG8,226.0
Q86SQ7,E226W,0.7724,pathogenic,SDCCAG8,226.0
Q86SQ7,E226Y,0.5779,pathogenic,SDCCAG8,226.0
Q86SQ7,K227A,0.2335,benign,SDCCAG8,227.0
Q86SQ7,K227C,0.5741,pathogenic,SDCCAG8,227.0
Q86SQ7,K227D,0.3268,benign,SDCCAG8,227.0
Q86SQ7,K227E,0.1227,benign,SDCCAG8,227.0
Q86SQ7,K227F,0.5331,ambiguous,SDCCAG8,227.0
Q86SQ7,K227G,0.2652,benign,SDCCAG8,227.0
Q86SQ7,K227H,0.2267,benign,SDCCAG8,227.0
Q86SQ7,K227I,0.1884,benign,SDCCAG8,227.0
Q86SQ7,K227L,0.2114,benign,SDCCAG8,227.0
Q86SQ7,K227M,0.1265,benign,SDCCAG8,227.0
Q86SQ7,K227N,0.1746,benign,SDCCAG8,227.0
Q86SQ7,K227P,0.6909,pathogenic,SDCCAG8,227.0
Q86SQ7,K227Q,0.1132,benign,SDCCAG8,227.0
Q86SQ7,K227R,0.0783,benign,SDCCAG8,227.0
Q86SQ7,K227S,0.2532,benign,SDCCAG8,227.0
Q86SQ7,K227T,0.1115,benign,SDCCAG8,227.0
Q86SQ7,K227V,0.214,benign,SDCCAG8,227.0
Q86SQ7,K227W,0.5914,pathogenic,SDCCAG8,227.0
Q86SQ7,K227Y,0.3692,ambiguous,SDCCAG8,227.0
Q86SQ7,L228A,0.4098,ambiguous,SDCCAG8,228.0
Q86SQ7,L228C,0.5476,ambiguous,SDCCAG8,228.0
Q86SQ7,L228D,0.7248,pathogenic,SDCCAG8,228.0
Q86SQ7,L228E,0.3717,ambiguous,SDCCAG8,228.0
Q86SQ7,L228F,0.2405,benign,SDCCAG8,228.0
Q86SQ7,L228G,0.6014,pathogenic,SDCCAG8,228.0
Q86SQ7,L228H,0.3404,ambiguous,SDCCAG8,228.0
Q86SQ7,L228I,0.112,benign,SDCCAG8,228.0
Q86SQ7,L228K,0.2635,benign,SDCCAG8,228.0
Q86SQ7,L228M,0.1336,benign,SDCCAG8,228.0
Q86SQ7,L228N,0.5273,ambiguous,SDCCAG8,228.0
Q86SQ7,L228P,0.6775,pathogenic,SDCCAG8,228.0
Q86SQ7,L228Q,0.1961,benign,SDCCAG8,228.0
Q86SQ7,L228R,0.2107,benign,SDCCAG8,228.0
Q86SQ7,L228S,0.5021,ambiguous,SDCCAG8,228.0
Q86SQ7,L228T,0.3902,ambiguous,SDCCAG8,228.0
Q86SQ7,L228V,0.1287,benign,SDCCAG8,228.0
Q86SQ7,L228W,0.2242,benign,SDCCAG8,228.0
Q86SQ7,L228Y,0.3956,ambiguous,SDCCAG8,228.0
Q86SQ7,K229A,0.4294,ambiguous,SDCCAG8,229.0
Q86SQ7,K229C,0.6544,pathogenic,SDCCAG8,229.0
Q86SQ7,K229D,0.6835,pathogenic,SDCCAG8,229.0
Q86SQ7,K229E,0.2818,benign,SDCCAG8,229.0
Q86SQ7,K229F,0.7109,pathogenic,SDCCAG8,229.0
Q86SQ7,K229G,0.5078,ambiguous,SDCCAG8,229.0
Q86SQ7,K229H,0.2978,benign,SDCCAG8,229.0
Q86SQ7,K229I,0.302,benign,SDCCAG8,229.0
Q86SQ7,K229L,0.3023,benign,SDCCAG8,229.0
Q86SQ7,K229M,0.2268,benign,SDCCAG8,229.0
Q86SQ7,K229N,0.4339,ambiguous,SDCCAG8,229.0
Q86SQ7,K229P,0.7756,pathogenic,SDCCAG8,229.0
Q86SQ7,K229Q,0.1484,benign,SDCCAG8,229.0
Q86SQ7,K229R,0.0972,benign,SDCCAG8,229.0
Q86SQ7,K229S,0.4863,ambiguous,SDCCAG8,229.0
Q86SQ7,K229T,0.2274,benign,SDCCAG8,229.0
Q86SQ7,K229V,0.3455,ambiguous,SDCCAG8,229.0
Q86SQ7,K229W,0.7112,pathogenic,SDCCAG8,229.0
Q86SQ7,K229Y,0.5356,ambiguous,SDCCAG8,229.0
Q86SQ7,L230A,0.147,benign,SDCCAG8,230.0
Q86SQ7,L230C,0.2414,benign,SDCCAG8,230.0
Q86SQ7,L230D,0.3126,benign,SDCCAG8,230.0
Q86SQ7,L230E,0.1644,benign,SDCCAG8,230.0
Q86SQ7,L230F,0.0934,benign,SDCCAG8,230.0
Q86SQ7,L230G,0.2231,benign,SDCCAG8,230.0
Q86SQ7,L230H,0.1032,benign,SDCCAG8,230.0
Q86SQ7,L230I,0.0742,benign,SDCCAG8,230.0
Q86SQ7,L230K,0.0997,benign,SDCCAG8,230.0
Q86SQ7,L230M,0.0911,benign,SDCCAG8,230.0
Q86SQ7,L230N,0.1835,benign,SDCCAG8,230.0
Q86SQ7,L230P,0.3817,ambiguous,SDCCAG8,230.0
Q86SQ7,L230Q,0.0775,benign,SDCCAG8,230.0
Q86SQ7,L230R,0.0729,benign,SDCCAG8,230.0
Q86SQ7,L230S,0.1509,benign,SDCCAG8,230.0
Q86SQ7,L230T,0.1455,benign,SDCCAG8,230.0
Q86SQ7,L230V,0.0737,benign,SDCCAG8,230.0
Q86SQ7,L230W,0.1105,benign,SDCCAG8,230.0
Q86SQ7,L230Y,0.1678,benign,SDCCAG8,230.0
Q86SQ7,T231A,0.0905,benign,SDCCAG8,231.0
Q86SQ7,T231C,0.3492,ambiguous,SDCCAG8,231.0
Q86SQ7,T231D,0.3032,benign,SDCCAG8,231.0
Q86SQ7,T231E,0.2774,benign,SDCCAG8,231.0
Q86SQ7,T231F,0.2107,benign,SDCCAG8,231.0
Q86SQ7,T231G,0.2472,benign,SDCCAG8,231.0
Q86SQ7,T231H,0.1926,benign,SDCCAG8,231.0
Q86SQ7,T231I,0.1224,benign,SDCCAG8,231.0
Q86SQ7,T231K,0.1598,benign,SDCCAG8,231.0
Q86SQ7,T231L,0.0893,benign,SDCCAG8,231.0
Q86SQ7,T231M,0.1055,benign,SDCCAG8,231.0
Q86SQ7,T231N,0.1162,benign,SDCCAG8,231.0
Q86SQ7,T231P,0.1424,benign,SDCCAG8,231.0
Q86SQ7,T231Q,0.2044,benign,SDCCAG8,231.0
Q86SQ7,T231R,0.1248,benign,SDCCAG8,231.0
Q86SQ7,T231S,0.1263,benign,SDCCAG8,231.0
Q86SQ7,T231V,0.1561,benign,SDCCAG8,231.0
Q86SQ7,T231W,0.4251,ambiguous,SDCCAG8,231.0
Q86SQ7,T231Y,0.2213,benign,SDCCAG8,231.0
Q86SQ7,Y232A,0.3923,ambiguous,SDCCAG8,232.0
Q86SQ7,Y232C,0.1329,benign,SDCCAG8,232.0
Q86SQ7,Y232D,0.2903,benign,SDCCAG8,232.0
Q86SQ7,Y232E,0.5556,ambiguous,SDCCAG8,232.0
Q86SQ7,Y232F,0.1355,benign,SDCCAG8,232.0
Q86SQ7,Y232G,0.3449,ambiguous,SDCCAG8,232.0
Q86SQ7,Y232H,0.1727,benign,SDCCAG8,232.0
Q86SQ7,Y232I,0.49,ambiguous,SDCCAG8,232.0
Q86SQ7,Y232K,0.491,ambiguous,SDCCAG8,232.0
Q86SQ7,Y232L,0.397,ambiguous,SDCCAG8,232.0
Q86SQ7,Y232M,0.5689,pathogenic,SDCCAG8,232.0
Q86SQ7,Y232N,0.1804,benign,SDCCAG8,232.0
Q86SQ7,Y232P,0.8221,pathogenic,SDCCAG8,232.0
Q86SQ7,Y232Q,0.4605,ambiguous,SDCCAG8,232.0
Q86SQ7,Y232R,0.3321,benign,SDCCAG8,232.0
Q86SQ7,Y232S,0.1888,benign,SDCCAG8,232.0
Q86SQ7,Y232T,0.3842,ambiguous,SDCCAG8,232.0
Q86SQ7,Y232V,0.3615,ambiguous,SDCCAG8,232.0
Q86SQ7,Y232W,0.2764,benign,SDCCAG8,232.0
Q86SQ7,E233A,0.1175,benign,SDCCAG8,233.0
Q86SQ7,E233C,0.663,pathogenic,SDCCAG8,233.0
Q86SQ7,E233D,0.1974,benign,SDCCAG8,233.0
Q86SQ7,E233F,0.623,pathogenic,SDCCAG8,233.0
Q86SQ7,E233G,0.0978,benign,SDCCAG8,233.0
Q86SQ7,E233H,0.2968,benign,SDCCAG8,233.0
Q86SQ7,E233I,0.2835,benign,SDCCAG8,233.0
Q86SQ7,E233K,0.067,benign,SDCCAG8,233.0
Q86SQ7,E233L,0.2584,benign,SDCCAG8,233.0
Q86SQ7,E233M,0.2998,benign,SDCCAG8,233.0
Q86SQ7,E233N,0.2638,benign,SDCCAG8,233.0
Q86SQ7,E233P,0.6519,pathogenic,SDCCAG8,233.0
Q86SQ7,E233Q,0.0839,benign,SDCCAG8,233.0
Q86SQ7,E233R,0.1066,benign,SDCCAG8,233.0
Q86SQ7,E233S,0.1769,benign,SDCCAG8,233.0
Q86SQ7,E233T,0.165,benign,SDCCAG8,233.0
Q86SQ7,E233V,0.1718,benign,SDCCAG8,233.0
Q86SQ7,E233W,0.709,pathogenic,SDCCAG8,233.0
Q86SQ7,E233Y,0.4817,ambiguous,SDCCAG8,233.0
Q86SQ7,E234A,0.1089,benign,SDCCAG8,234.0
Q86SQ7,E234C,0.7216,pathogenic,SDCCAG8,234.0
Q86SQ7,E234D,0.1421,benign,SDCCAG8,234.0
Q86SQ7,E234F,0.6594,pathogenic,SDCCAG8,234.0
Q86SQ7,E234G,0.0752,benign,SDCCAG8,234.0
Q86SQ7,E234H,0.3316,benign,SDCCAG8,234.0
Q86SQ7,E234I,0.3437,ambiguous,SDCCAG8,234.0
Q86SQ7,E234K,0.0752,benign,SDCCAG8,234.0
Q86SQ7,E234L,0.2956,benign,SDCCAG8,234.0
Q86SQ7,E234M,0.3628,ambiguous,SDCCAG8,234.0
Q86SQ7,E234N,0.2051,benign,SDCCAG8,234.0
Q86SQ7,E234P,0.6751,pathogenic,SDCCAG8,234.0
Q86SQ7,E234Q,0.0953,benign,SDCCAG8,234.0
Q86SQ7,E234R,0.1299,benign,SDCCAG8,234.0
Q86SQ7,E234S,0.1676,benign,SDCCAG8,234.0
Q86SQ7,E234T,0.1895,benign,SDCCAG8,234.0
Q86SQ7,E234V,0.1858,benign,SDCCAG8,234.0
Q86SQ7,E234W,0.7435,pathogenic,SDCCAG8,234.0
Q86SQ7,E234Y,0.4577,ambiguous,SDCCAG8,234.0
Q86SQ7,K235A,0.3336,benign,SDCCAG8,235.0
Q86SQ7,K235C,0.6916,pathogenic,SDCCAG8,235.0
Q86SQ7,K235D,0.4903,ambiguous,SDCCAG8,235.0
Q86SQ7,K235E,0.1864,benign,SDCCAG8,235.0
Q86SQ7,K235F,0.6715,pathogenic,SDCCAG8,235.0
Q86SQ7,K235G,0.432,ambiguous,SDCCAG8,235.0
Q86SQ7,K235H,0.3191,benign,SDCCAG8,235.0
Q86SQ7,K235I,0.232,benign,SDCCAG8,235.0
Q86SQ7,K235L,0.2956,benign,SDCCAG8,235.0
Q86SQ7,K235M,0.1668,benign,SDCCAG8,235.0
Q86SQ7,K235N,0.2814,benign,SDCCAG8,235.0
Q86SQ7,K235P,0.787,pathogenic,SDCCAG8,235.0
Q86SQ7,K235Q,0.144,benign,SDCCAG8,235.0
Q86SQ7,K235R,0.0992,benign,SDCCAG8,235.0
Q86SQ7,K235S,0.3885,ambiguous,SDCCAG8,235.0
Q86SQ7,K235T,0.1498,benign,SDCCAG8,235.0
Q86SQ7,K235V,0.2897,benign,SDCCAG8,235.0
Q86SQ7,K235W,0.7279,pathogenic,SDCCAG8,235.0
Q86SQ7,K235Y,0.4974,ambiguous,SDCCAG8,235.0
Q86SQ7,C236A,0.1629,benign,SDCCAG8,236.0
Q86SQ7,C236D,0.1829,benign,SDCCAG8,236.0
Q86SQ7,C236E,0.2948,benign,SDCCAG8,236.0
Q86SQ7,C236F,0.0993,benign,SDCCAG8,236.0
Q86SQ7,C236G,0.0691,benign,SDCCAG8,236.0
Q86SQ7,C236H,0.1254,benign,SDCCAG8,236.0
Q86SQ7,C236I,0.1891,benign,SDCCAG8,236.0
Q86SQ7,C236K,0.2197,benign,SDCCAG8,236.0
Q86SQ7,C236L,0.1878,benign,SDCCAG8,236.0
Q86SQ7,C236M,0.3107,benign,SDCCAG8,236.0
Q86SQ7,C236N,0.1355,benign,SDCCAG8,236.0
Q86SQ7,C236P,0.6248,pathogenic,SDCCAG8,236.0
Q86SQ7,C236Q,0.1932,benign,SDCCAG8,236.0
Q86SQ7,C236R,0.0952,benign,SDCCAG8,236.0
Q86SQ7,C236S,0.1039,benign,SDCCAG8,236.0
Q86SQ7,C236T,0.1611,benign,SDCCAG8,236.0
Q86SQ7,C236V,0.1888,benign,SDCCAG8,236.0
Q86SQ7,C236W,0.1397,benign,SDCCAG8,236.0
Q86SQ7,C236Y,0.0769,benign,SDCCAG8,236.0
Q86SQ7,E237A,0.1063,benign,SDCCAG8,237.0
Q86SQ7,E237C,0.6041,pathogenic,SDCCAG8,237.0
Q86SQ7,E237D,0.1218,benign,SDCCAG8,237.0
Q86SQ7,E237F,0.5279,ambiguous,SDCCAG8,237.0
Q86SQ7,E237G,0.0892,benign,SDCCAG8,237.0
Q86SQ7,E237H,0.2323,benign,SDCCAG8,237.0
Q86SQ7,E237I,0.2332,benign,SDCCAG8,237.0
Q86SQ7,E237K,0.0678,benign,SDCCAG8,237.0
Q86SQ7,E237L,0.2247,benign,SDCCAG8,237.0
Q86SQ7,E237M,0.2881,benign,SDCCAG8,237.0
Q86SQ7,E237N,0.1741,benign,SDCCAG8,237.0
Q86SQ7,E237P,0.5107,ambiguous,SDCCAG8,237.0
Q86SQ7,E237Q,0.0912,benign,SDCCAG8,237.0
Q86SQ7,E237R,0.1089,benign,SDCCAG8,237.0
Q86SQ7,E237S,0.1497,benign,SDCCAG8,237.0
Q86SQ7,E237T,0.1559,benign,SDCCAG8,237.0
Q86SQ7,E237V,0.1468,benign,SDCCAG8,237.0
Q86SQ7,E237W,0.6622,pathogenic,SDCCAG8,237.0
Q86SQ7,E237Y,0.3934,ambiguous,SDCCAG8,237.0
Q86SQ7,I238A,0.1242,benign,SDCCAG8,238.0
Q86SQ7,I238C,0.4701,ambiguous,SDCCAG8,238.0
Q86SQ7,I238D,0.2815,benign,SDCCAG8,238.0
Q86SQ7,I238E,0.237,benign,SDCCAG8,238.0
Q86SQ7,I238F,0.1116,benign,SDCCAG8,238.0
Q86SQ7,I238G,0.3143,benign,SDCCAG8,238.0
Q86SQ7,I238H,0.2458,benign,SDCCAG8,238.0
Q86SQ7,I238K,0.1271,benign,SDCCAG8,238.0
Q86SQ7,I238L,0.0959,benign,SDCCAG8,238.0
Q86SQ7,I238M,0.0664,benign,SDCCAG8,238.0
Q86SQ7,I238N,0.1072,benign,SDCCAG8,238.0
Q86SQ7,I238P,0.4659,ambiguous,SDCCAG8,238.0
Q86SQ7,I238Q,0.199,benign,SDCCAG8,238.0
Q86SQ7,I238R,0.0934,benign,SDCCAG8,238.0
Q86SQ7,I238S,0.1186,benign,SDCCAG8,238.0
Q86SQ7,I238T,0.0661,benign,SDCCAG8,238.0
Q86SQ7,I238V,0.0882,benign,SDCCAG8,238.0
Q86SQ7,I238W,0.4038,ambiguous,SDCCAG8,238.0
Q86SQ7,I238Y,0.2733,benign,SDCCAG8,238.0
Q86SQ7,E239A,0.1108,benign,SDCCAG8,239.0
Q86SQ7,E239C,0.551,ambiguous,SDCCAG8,239.0
Q86SQ7,E239D,0.2625,benign,SDCCAG8,239.0
Q86SQ7,E239F,0.5035,ambiguous,SDCCAG8,239.0
Q86SQ7,E239G,0.1215,benign,SDCCAG8,239.0
Q86SQ7,E239H,0.2885,benign,SDCCAG8,239.0
Q86SQ7,E239I,0.2414,benign,SDCCAG8,239.0
Q86SQ7,E239K,0.0813,benign,SDCCAG8,239.0
Q86SQ7,E239L,0.1234,benign,SDCCAG8,239.0
Q86SQ7,E239M,0.2668,benign,SDCCAG8,239.0
Q86SQ7,E239N,0.2965,benign,SDCCAG8,239.0
Q86SQ7,E239P,0.4499,ambiguous,SDCCAG8,239.0
Q86SQ7,E239Q,0.0793,benign,SDCCAG8,239.0
Q86SQ7,E239R,0.1147,benign,SDCCAG8,239.0
Q86SQ7,E239S,0.1931,benign,SDCCAG8,239.0
Q86SQ7,E239T,0.1599,benign,SDCCAG8,239.0
Q86SQ7,E239V,0.1406,benign,SDCCAG8,239.0
Q86SQ7,E239W,0.6223,pathogenic,SDCCAG8,239.0
Q86SQ7,E239Y,0.379,ambiguous,SDCCAG8,239.0
Q86SQ7,E240A,0.0888,benign,SDCCAG8,240.0
Q86SQ7,E240C,0.7137,pathogenic,SDCCAG8,240.0
Q86SQ7,E240D,0.1256,benign,SDCCAG8,240.0
Q86SQ7,E240F,0.552,ambiguous,SDCCAG8,240.0
Q86SQ7,E240G,0.0837,benign,SDCCAG8,240.0
Q86SQ7,E240H,0.3283,benign,SDCCAG8,240.0
Q86SQ7,E240I,0.2369,benign,SDCCAG8,240.0
Q86SQ7,E240K,0.0871,benign,SDCCAG8,240.0
Q86SQ7,E240L,0.275,benign,SDCCAG8,240.0
Q86SQ7,E240M,0.336,benign,SDCCAG8,240.0
Q86SQ7,E240N,0.1759,benign,SDCCAG8,240.0
Q86SQ7,E240P,0.5758,pathogenic,SDCCAG8,240.0
Q86SQ7,E240Q,0.1174,benign,SDCCAG8,240.0
Q86SQ7,E240R,0.1573,benign,SDCCAG8,240.0
Q86SQ7,E240S,0.1636,benign,SDCCAG8,240.0
Q86SQ7,E240T,0.1666,benign,SDCCAG8,240.0
Q86SQ7,E240V,0.1394,benign,SDCCAG8,240.0
Q86SQ7,E240W,0.7456,pathogenic,SDCCAG8,240.0
Q86SQ7,E240Y,0.3885,ambiguous,SDCCAG8,240.0
Q86SQ7,S241A,0.0878,benign,SDCCAG8,241.0
Q86SQ7,S241C,0.0996,benign,SDCCAG8,241.0
Q86SQ7,S241D,0.2472,benign,SDCCAG8,241.0
Q86SQ7,S241E,0.3311,benign,SDCCAG8,241.0
Q86SQ7,S241F,0.1797,benign,SDCCAG8,241.0
Q86SQ7,S241G,0.0983,benign,SDCCAG8,241.0
Q86SQ7,S241H,0.2454,benign,SDCCAG8,241.0
Q86SQ7,S241I,0.1713,benign,SDCCAG8,241.0
Q86SQ7,S241K,0.3905,ambiguous,SDCCAG8,241.0
Q86SQ7,S241L,0.1162,benign,SDCCAG8,241.0
Q86SQ7,S241M,0.216,benign,SDCCAG8,241.0
Q86SQ7,S241N,0.1201,benign,SDCCAG8,241.0
Q86SQ7,S241P,0.3933,ambiguous,SDCCAG8,241.0
Q86SQ7,S241Q,0.3695,ambiguous,SDCCAG8,241.0
Q86SQ7,S241R,0.3281,benign,SDCCAG8,241.0
Q86SQ7,S241T,0.0892,benign,SDCCAG8,241.0
Q86SQ7,S241V,0.1928,benign,SDCCAG8,241.0
Q86SQ7,S241W,0.2181,benign,SDCCAG8,241.0
Q86SQ7,S241Y,0.1237,benign,SDCCAG8,241.0
Q86SQ7,Q242A,0.3511,ambiguous,SDCCAG8,242.0
Q86SQ7,Q242C,0.6503,pathogenic,SDCCAG8,242.0
Q86SQ7,Q242D,0.4554,ambiguous,SDCCAG8,242.0
Q86SQ7,Q242E,0.1,benign,SDCCAG8,242.0
Q86SQ7,Q242F,0.7223,pathogenic,SDCCAG8,242.0
Q86SQ7,Q242G,0.3778,ambiguous,SDCCAG8,242.0
Q86SQ7,Q242H,0.2326,benign,SDCCAG8,242.0
Q86SQ7,Q242I,0.4369,ambiguous,SDCCAG8,242.0
Q86SQ7,Q242K,0.0936,benign,SDCCAG8,242.0
Q86SQ7,Q242L,0.1812,benign,SDCCAG8,242.0
Q86SQ7,Q242M,0.4658,ambiguous,SDCCAG8,242.0
Q86SQ7,Q242N,0.3615,ambiguous,SDCCAG8,242.0
Q86SQ7,Q242P,0.3854,ambiguous,SDCCAG8,242.0
Q86SQ7,Q242R,0.095,benign,SDCCAG8,242.0
Q86SQ7,Q242S,0.3645,ambiguous,SDCCAG8,242.0
Q86SQ7,Q242T,0.2923,benign,SDCCAG8,242.0
Q86SQ7,Q242V,0.317,benign,SDCCAG8,242.0
Q86SQ7,Q242W,0.5054,ambiguous,SDCCAG8,242.0
Q86SQ7,Q242Y,0.4917,ambiguous,SDCCAG8,242.0
Q86SQ7,L243A,0.426,ambiguous,SDCCAG8,243.0
Q86SQ7,L243C,0.4705,ambiguous,SDCCAG8,243.0
Q86SQ7,L243D,0.7535,pathogenic,SDCCAG8,243.0
Q86SQ7,L243E,0.3478,ambiguous,SDCCAG8,243.0
Q86SQ7,L243F,0.2228,benign,SDCCAG8,243.0
Q86SQ7,L243G,0.536,ambiguous,SDCCAG8,243.0
Q86SQ7,L243H,0.2848,benign,SDCCAG8,243.0
Q86SQ7,L243I,0.0964,benign,SDCCAG8,243.0
Q86SQ7,L243K,0.2178,benign,SDCCAG8,243.0
Q86SQ7,L243M,0.1273,benign,SDCCAG8,243.0
Q86SQ7,L243N,0.4629,ambiguous,SDCCAG8,243.0
Q86SQ7,L243P,0.7505,pathogenic,SDCCAG8,243.0
Q86SQ7,L243Q,0.1612,benign,SDCCAG8,243.0
Q86SQ7,L243R,0.1672,benign,SDCCAG8,243.0
Q86SQ7,L243S,0.4575,ambiguous,SDCCAG8,243.0
Q86SQ7,L243T,0.3755,ambiguous,SDCCAG8,243.0
Q86SQ7,L243V,0.0924,benign,SDCCAG8,243.0
Q86SQ7,L243W,0.2039,benign,SDCCAG8,243.0
Q86SQ7,L243Y,0.367,ambiguous,SDCCAG8,243.0
Q86SQ7,K244A,0.1736,benign,SDCCAG8,244.0
Q86SQ7,K244C,0.4233,ambiguous,SDCCAG8,244.0
Q86SQ7,K244D,0.2846,benign,SDCCAG8,244.0
Q86SQ7,K244E,0.1209,benign,SDCCAG8,244.0
Q86SQ7,K244F,0.4443,ambiguous,SDCCAG8,244.0
Q86SQ7,K244G,0.2479,benign,SDCCAG8,244.0
Q86SQ7,K244H,0.1696,benign,SDCCAG8,244.0
Q86SQ7,K244I,0.1496,benign,SDCCAG8,244.0
Q86SQ7,K244L,0.1621,benign,SDCCAG8,244.0
Q86SQ7,K244M,0.1127,benign,SDCCAG8,244.0
Q86SQ7,K244N,0.1511,benign,SDCCAG8,244.0
Q86SQ7,K244P,0.5097,ambiguous,SDCCAG8,244.0
Q86SQ7,K244Q,0.0941,benign,SDCCAG8,244.0
Q86SQ7,K244R,0.075,benign,SDCCAG8,244.0
Q86SQ7,K244S,0.1924,benign,SDCCAG8,244.0
Q86SQ7,K244T,0.0796,benign,SDCCAG8,244.0
Q86SQ7,K244V,0.1704,benign,SDCCAG8,244.0
Q86SQ7,K244W,0.5159,ambiguous,SDCCAG8,244.0
Q86SQ7,K244Y,0.3089,benign,SDCCAG8,244.0
Q86SQ7,F245A,0.1748,benign,SDCCAG8,245.0
Q86SQ7,F245C,0.0981,benign,SDCCAG8,245.0
Q86SQ7,F245D,0.2295,benign,SDCCAG8,245.0
Q86SQ7,F245E,0.3694,ambiguous,SDCCAG8,245.0
Q86SQ7,F245G,0.3052,benign,SDCCAG8,245.0
Q86SQ7,F245H,0.23,benign,SDCCAG8,245.0
Q86SQ7,F245I,0.0533,benign,SDCCAG8,245.0
Q86SQ7,F245K,0.3253,benign,SDCCAG8,245.0
Q86SQ7,F245L,0.4739,ambiguous,SDCCAG8,245.0
Q86SQ7,F245M,0.2155,benign,SDCCAG8,245.0
Q86SQ7,F245N,0.1674,benign,SDCCAG8,245.0
Q86SQ7,F245P,0.7814,pathogenic,SDCCAG8,245.0
Q86SQ7,F245Q,0.3139,benign,SDCCAG8,245.0
Q86SQ7,F245R,0.2488,benign,SDCCAG8,245.0
Q86SQ7,F245S,0.1053,benign,SDCCAG8,245.0
Q86SQ7,F245T,0.152,benign,SDCCAG8,245.0
Q86SQ7,F245V,0.0673,benign,SDCCAG8,245.0
Q86SQ7,F245W,0.2756,benign,SDCCAG8,245.0
Q86SQ7,F245Y,0.0736,benign,SDCCAG8,245.0
Q86SQ7,L246A,0.369,ambiguous,SDCCAG8,246.0
Q86SQ7,L246C,0.5331,ambiguous,SDCCAG8,246.0
Q86SQ7,L246D,0.8287,pathogenic,SDCCAG8,246.0
Q86SQ7,L246E,0.5341,ambiguous,SDCCAG8,246.0
Q86SQ7,L246F,0.162,benign,SDCCAG8,246.0
Q86SQ7,L246G,0.6607,pathogenic,SDCCAG8,246.0
Q86SQ7,L246H,0.2937,benign,SDCCAG8,246.0
Q86SQ7,L246I,0.1414,benign,SDCCAG8,246.0
Q86SQ7,L246K,0.3706,ambiguous,SDCCAG8,246.0
Q86SQ7,L246M,0.1786,benign,SDCCAG8,246.0
Q86SQ7,L246N,0.6491,pathogenic,SDCCAG8,246.0
Q86SQ7,L246P,0.6979,pathogenic,SDCCAG8,246.0
Q86SQ7,L246Q,0.2214,benign,SDCCAG8,246.0
Q86SQ7,L246R,0.2568,benign,SDCCAG8,246.0
Q86SQ7,L246S,0.3555,ambiguous,SDCCAG8,246.0
Q86SQ7,L246T,0.358,ambiguous,SDCCAG8,246.0
Q86SQ7,L246V,0.1362,benign,SDCCAG8,246.0
Q86SQ7,L246W,0.2143,benign,SDCCAG8,246.0
Q86SQ7,L246Y,0.3942,ambiguous,SDCCAG8,246.0
Q86SQ7,R247A,0.5564,ambiguous,SDCCAG8,247.0
Q86SQ7,R247C,0.2437,benign,SDCCAG8,247.0
Q86SQ7,R247D,0.8114,pathogenic,SDCCAG8,247.0
Q86SQ7,R247E,0.3688,ambiguous,SDCCAG8,247.0
Q86SQ7,R247F,0.722,pathogenic,SDCCAG8,247.0
Q86SQ7,R247G,0.3019,benign,SDCCAG8,247.0
Q86SQ7,R247H,0.1914,benign,SDCCAG8,247.0
Q86SQ7,R247I,0.3514,ambiguous,SDCCAG8,247.0
Q86SQ7,R247K,0.1448,benign,SDCCAG8,247.0
Q86SQ7,R247L,0.3646,ambiguous,SDCCAG8,247.0
Q86SQ7,R247M,0.339,benign,SDCCAG8,247.0
Q86SQ7,R247N,0.7494,pathogenic,SDCCAG8,247.0
Q86SQ7,R247P,0.883,pathogenic,SDCCAG8,247.0
Q86SQ7,R247Q,0.1215,benign,SDCCAG8,247.0
Q86SQ7,R247S,0.633,pathogenic,SDCCAG8,247.0
Q86SQ7,R247T,0.3909,ambiguous,SDCCAG8,247.0
Q86SQ7,R247V,0.4795,ambiguous,SDCCAG8,247.0
Q86SQ7,R247W,0.1855,benign,SDCCAG8,247.0
Q86SQ7,R247Y,0.5359,ambiguous,SDCCAG8,247.0
Q86SQ7,N248A,0.1488,benign,SDCCAG8,248.0
Q86SQ7,N248C,0.2219,benign,SDCCAG8,248.0
Q86SQ7,N248D,0.0951,benign,SDCCAG8,248.0
Q86SQ7,N248E,0.1278,benign,SDCCAG8,248.0
Q86SQ7,N248F,0.4588,ambiguous,SDCCAG8,248.0
Q86SQ7,N248G,0.1823,benign,SDCCAG8,248.0
Q86SQ7,N248H,0.077,benign,SDCCAG8,248.0
Q86SQ7,N248I,0.1677,benign,SDCCAG8,248.0
Q86SQ7,N248K,0.0601,benign,SDCCAG8,248.0
Q86SQ7,N248L,0.1741,benign,SDCCAG8,248.0
Q86SQ7,N248M,0.1888,benign,SDCCAG8,248.0
Q86SQ7,N248P,0.6709,pathogenic,SDCCAG8,248.0
Q86SQ7,N248Q,0.1291,benign,SDCCAG8,248.0
Q86SQ7,N248R,0.0932,benign,SDCCAG8,248.0
Q86SQ7,N248S,0.0855,benign,SDCCAG8,248.0
Q86SQ7,N248T,0.1016,benign,SDCCAG8,248.0
Q86SQ7,N248V,0.1792,benign,SDCCAG8,248.0
Q86SQ7,N248W,0.5008,ambiguous,SDCCAG8,248.0
Q86SQ7,N248Y,0.122,benign,SDCCAG8,248.0
Q86SQ7,D249A,0.165,benign,SDCCAG8,249.0
Q86SQ7,D249C,0.4609,ambiguous,SDCCAG8,249.0
Q86SQ7,D249E,0.1831,benign,SDCCAG8,249.0
Q86SQ7,D249F,0.5675,pathogenic,SDCCAG8,249.0
Q86SQ7,D249G,0.1736,benign,SDCCAG8,249.0
Q86SQ7,D249H,0.1949,benign,SDCCAG8,249.0
Q86SQ7,D249I,0.2843,benign,SDCCAG8,249.0
Q86SQ7,D249K,0.2411,benign,SDCCAG8,249.0
Q86SQ7,D249L,0.3429,ambiguous,SDCCAG8,249.0
Q86SQ7,D249M,0.5806,pathogenic,SDCCAG8,249.0
Q86SQ7,D249N,0.1043,benign,SDCCAG8,249.0
Q86SQ7,D249P,0.8188,pathogenic,SDCCAG8,249.0
Q86SQ7,D249Q,0.2717,benign,SDCCAG8,249.0
Q86SQ7,D249R,0.25,benign,SDCCAG8,249.0
Q86SQ7,D249S,0.1282,benign,SDCCAG8,249.0
Q86SQ7,D249T,0.2038,benign,SDCCAG8,249.0
Q86SQ7,D249V,0.1707,benign,SDCCAG8,249.0
Q86SQ7,D249W,0.8244,pathogenic,SDCCAG8,249.0
Q86SQ7,D249Y,0.1669,benign,SDCCAG8,249.0
Q86SQ7,L250A,0.3614,ambiguous,SDCCAG8,250.0
Q86SQ7,L250C,0.5821,pathogenic,SDCCAG8,250.0
Q86SQ7,L250D,0.8335,pathogenic,SDCCAG8,250.0
Q86SQ7,L250E,0.5868,pathogenic,SDCCAG8,250.0
Q86SQ7,L250F,0.2519,benign,SDCCAG8,250.0
Q86SQ7,L250G,0.6903,pathogenic,SDCCAG8,250.0
Q86SQ7,L250H,0.345,ambiguous,SDCCAG8,250.0
Q86SQ7,L250I,0.1044,benign,SDCCAG8,250.0
Q86SQ7,L250K,0.3584,ambiguous,SDCCAG8,250.0
Q86SQ7,L250M,0.1671,benign,SDCCAG8,250.0
Q86SQ7,L250N,0.5685,pathogenic,SDCCAG8,250.0
Q86SQ7,L250P,0.8331,pathogenic,SDCCAG8,250.0
Q86SQ7,L250Q,0.3182,benign,SDCCAG8,250.0
Q86SQ7,L250R,0.2668,benign,SDCCAG8,250.0
Q86SQ7,L250S,0.453,ambiguous,SDCCAG8,250.0
Q86SQ7,L250T,0.3511,ambiguous,SDCCAG8,250.0
Q86SQ7,L250V,0.1072,benign,SDCCAG8,250.0
Q86SQ7,L250W,0.394,ambiguous,SDCCAG8,250.0
Q86SQ7,L250Y,0.4777,ambiguous,SDCCAG8,250.0
Q86SQ7,A251C,0.4191,ambiguous,SDCCAG8,251.0
Q86SQ7,A251D,0.1982,benign,SDCCAG8,251.0
Q86SQ7,A251E,0.1782,benign,SDCCAG8,251.0
Q86SQ7,A251F,0.2894,benign,SDCCAG8,251.0
Q86SQ7,A251G,0.1304,benign,SDCCAG8,251.0
Q86SQ7,A251H,0.3436,ambiguous,SDCCAG8,251.0
Q86SQ7,A251I,0.2272,benign,SDCCAG8,251.0
Q86SQ7,A251K,0.2429,benign,SDCCAG8,251.0
Q86SQ7,A251L,0.1454,benign,SDCCAG8,251.0
Q86SQ7,A251M,0.2285,benign,SDCCAG8,251.0
Q86SQ7,A251N,0.2377,benign,SDCCAG8,251.0
Q86SQ7,A251P,0.4647,ambiguous,SDCCAG8,251.0
Q86SQ7,A251Q,0.252,benign,SDCCAG8,251.0
Q86SQ7,A251R,0.1993,benign,SDCCAG8,251.0
Q86SQ7,A251S,0.0984,benign,SDCCAG8,251.0
Q86SQ7,A251T,0.0923,benign,SDCCAG8,251.0
Q86SQ7,A251V,0.1098,benign,SDCCAG8,251.0
Q86SQ7,A251W,0.5813,pathogenic,SDCCAG8,251.0
Q86SQ7,A251Y,0.3939,ambiguous,SDCCAG8,251.0
Q86SQ7,E252A,0.1042,benign,SDCCAG8,252.0
Q86SQ7,E252C,0.6802,pathogenic,SDCCAG8,252.0
Q86SQ7,E252D,0.134,benign,SDCCAG8,252.0
Q86SQ7,E252F,0.5608,ambiguous,SDCCAG8,252.0
Q86SQ7,E252G,0.0966,benign,SDCCAG8,252.0
Q86SQ7,E252H,0.2917,benign,SDCCAG8,252.0
Q86SQ7,E252I,0.2409,benign,SDCCAG8,252.0
Q86SQ7,E252K,0.0845,benign,SDCCAG8,252.0
Q86SQ7,E252L,0.2744,benign,SDCCAG8,252.0
Q86SQ7,E252M,0.3284,benign,SDCCAG8,252.0
Q86SQ7,E252N,0.1966,benign,SDCCAG8,252.0
Q86SQ7,E252P,0.7249,pathogenic,SDCCAG8,252.0
Q86SQ7,E252Q,0.1043,benign,SDCCAG8,252.0
Q86SQ7,E252R,0.1394,benign,SDCCAG8,252.0
Q86SQ7,E252S,0.158,benign,SDCCAG8,252.0
Q86SQ7,E252T,0.1625,benign,SDCCAG8,252.0
Q86SQ7,E252V,0.1424,benign,SDCCAG8,252.0
Q86SQ7,E252W,0.7464,pathogenic,SDCCAG8,252.0
Q86SQ7,E252Y,0.4145,ambiguous,SDCCAG8,252.0
Q86SQ7,Y253A,0.4304,ambiguous,SDCCAG8,253.0
Q86SQ7,Y253C,0.1446,benign,SDCCAG8,253.0
Q86SQ7,Y253D,0.3685,ambiguous,SDCCAG8,253.0
Q86SQ7,Y253E,0.6383,pathogenic,SDCCAG8,253.0
Q86SQ7,Y253F,0.1489,benign,SDCCAG8,253.0
Q86SQ7,Y253G,0.3864,ambiguous,SDCCAG8,253.0
Q86SQ7,Y253H,0.245,benign,SDCCAG8,253.0
Q86SQ7,Y253I,0.4203,ambiguous,SDCCAG8,253.0
Q86SQ7,Y253K,0.5099,ambiguous,SDCCAG8,253.0
Q86SQ7,Y253L,0.4062,ambiguous,SDCCAG8,253.0
Q86SQ7,Y253M,0.5119,ambiguous,SDCCAG8,253.0
Q86SQ7,Y253N,0.1689,benign,SDCCAG8,253.0
Q86SQ7,Y253P,0.9299,pathogenic,SDCCAG8,253.0
Q86SQ7,Y253Q,0.4759,ambiguous,SDCCAG8,253.0
Q86SQ7,Y253R,0.475,ambiguous,SDCCAG8,253.0
Q86SQ7,Y253S,0.1816,benign,SDCCAG8,253.0
Q86SQ7,Y253T,0.3741,ambiguous,SDCCAG8,253.0
Q86SQ7,Y253V,0.3686,ambiguous,SDCCAG8,253.0
Q86SQ7,Y253W,0.4771,ambiguous,SDCCAG8,253.0
Q86SQ7,Q254A,0.4271,ambiguous,SDCCAG8,254.0
Q86SQ7,Q254C,0.7147,pathogenic,SDCCAG8,254.0
Q86SQ7,Q254D,0.6994,pathogenic,SDCCAG8,254.0
Q86SQ7,Q254E,0.1145,benign,SDCCAG8,254.0
Q86SQ7,Q254F,0.8131,pathogenic,SDCCAG8,254.0
Q86SQ7,Q254G,0.3818,ambiguous,SDCCAG8,254.0
Q86SQ7,Q254H,0.3179,benign,SDCCAG8,254.0
Q86SQ7,Q254I,0.5142,ambiguous,SDCCAG8,254.0
Q86SQ7,Q254K,0.0907,benign,SDCCAG8,254.0
Q86SQ7,Q254L,0.2243,benign,SDCCAG8,254.0
Q86SQ7,Q254M,0.5388,ambiguous,SDCCAG8,254.0
Q86SQ7,Q254N,0.5448,ambiguous,SDCCAG8,254.0
Q86SQ7,Q254P,0.6677,pathogenic,SDCCAG8,254.0
Q86SQ7,Q254R,0.087,benign,SDCCAG8,254.0
Q86SQ7,Q254S,0.4924,ambiguous,SDCCAG8,254.0
Q86SQ7,Q254T,0.3978,ambiguous,SDCCAG8,254.0
Q86SQ7,Q254V,0.3767,ambiguous,SDCCAG8,254.0
Q86SQ7,Q254W,0.5884,pathogenic,SDCCAG8,254.0
Q86SQ7,Q254Y,0.6513,pathogenic,SDCCAG8,254.0
Q86SQ7,R255A,0.1851,benign,SDCCAG8,255.0
Q86SQ7,R255C,0.1949,benign,SDCCAG8,255.0
Q86SQ7,R255D,0.3591,ambiguous,SDCCAG8,255.0
Q86SQ7,R255E,0.1679,benign,SDCCAG8,255.0
Q86SQ7,R255F,0.4032,ambiguous,SDCCAG8,255.0
Q86SQ7,R255G,0.1068,benign,SDCCAG8,255.0
Q86SQ7,R255H,0.106,benign,SDCCAG8,255.0
Q86SQ7,R255I,0.1442,benign,SDCCAG8,255.0
Q86SQ7,R255K,0.0603,benign,SDCCAG8,255.0
Q86SQ7,R255L,0.1552,benign,SDCCAG8,255.0
Q86SQ7,R255M,0.1248,benign,SDCCAG8,255.0
Q86SQ7,R255N,0.2484,benign,SDCCAG8,255.0
Q86SQ7,R255P,0.7485,pathogenic,SDCCAG8,255.0
Q86SQ7,R255Q,0.0851,benign,SDCCAG8,255.0
Q86SQ7,R255S,0.2149,benign,SDCCAG8,255.0
Q86SQ7,R255T,0.1213,benign,SDCCAG8,255.0
Q86SQ7,R255V,0.2104,benign,SDCCAG8,255.0
Q86SQ7,R255W,0.1781,benign,SDCCAG8,255.0
Q86SQ7,R255Y,0.3146,benign,SDCCAG8,255.0
Q86SQ7,T256A,0.0858,benign,SDCCAG8,256.0
Q86SQ7,T256C,0.3455,ambiguous,SDCCAG8,256.0
Q86SQ7,T256D,0.223,benign,SDCCAG8,256.0
Q86SQ7,T256E,0.1884,benign,SDCCAG8,256.0
Q86SQ7,T256F,0.1962,benign,SDCCAG8,256.0
Q86SQ7,T256G,0.2303,benign,SDCCAG8,256.0
Q86SQ7,T256H,0.1366,benign,SDCCAG8,256.0
Q86SQ7,T256I,0.1183,benign,SDCCAG8,256.0
Q86SQ7,T256K,0.0954,benign,SDCCAG8,256.0
Q86SQ7,T256L,0.0893,benign,SDCCAG8,256.0
Q86SQ7,T256M,0.089,benign,SDCCAG8,256.0
Q86SQ7,T256N,0.0732,benign,SDCCAG8,256.0
Q86SQ7,T256P,0.2643,benign,SDCCAG8,256.0
Q86SQ7,T256Q,0.1341,benign,SDCCAG8,256.0
Q86SQ7,T256R,0.0838,benign,SDCCAG8,256.0
Q86SQ7,T256S,0.1064,benign,SDCCAG8,256.0
Q86SQ7,T256V,0.1371,benign,SDCCAG8,256.0
Q86SQ7,T256W,0.4286,ambiguous,SDCCAG8,256.0
Q86SQ7,T256Y,0.1822,benign,SDCCAG8,256.0
Q86SQ7,C257A,0.379,ambiguous,SDCCAG8,257.0
Q86SQ7,C257D,0.6805,pathogenic,SDCCAG8,257.0
Q86SQ7,C257E,0.7363,pathogenic,SDCCAG8,257.0
Q86SQ7,C257F,0.2066,benign,SDCCAG8,257.0
Q86SQ7,C257G,0.1879,benign,SDCCAG8,257.0
Q86SQ7,C257H,0.3865,ambiguous,SDCCAG8,257.0
Q86SQ7,C257I,0.431,ambiguous,SDCCAG8,257.0
Q86SQ7,C257K,0.6523,pathogenic,SDCCAG8,257.0
Q86SQ7,C257L,0.3991,ambiguous,SDCCAG8,257.0
Q86SQ7,C257M,0.6071,pathogenic,SDCCAG8,257.0
Q86SQ7,C257N,0.4396,ambiguous,SDCCAG8,257.0
Q86SQ7,C257P,0.9495,pathogenic,SDCCAG8,257.0
Q86SQ7,C257Q,0.5441,ambiguous,SDCCAG8,257.0
Q86SQ7,C257R,0.2913,benign,SDCCAG8,257.0
Q86SQ7,C257S,0.2705,benign,SDCCAG8,257.0
Q86SQ7,C257T,0.4221,ambiguous,SDCCAG8,257.0
Q86SQ7,C257V,0.3683,ambiguous,SDCCAG8,257.0
Q86SQ7,C257W,0.3946,ambiguous,SDCCAG8,257.0
Q86SQ7,C257Y,0.1883,benign,SDCCAG8,257.0
Q86SQ7,E258A,0.1402,benign,SDCCAG8,258.0
Q86SQ7,E258C,0.7857,pathogenic,SDCCAG8,258.0
Q86SQ7,E258D,0.1565,benign,SDCCAG8,258.0
Q86SQ7,E258F,0.7305,pathogenic,SDCCAG8,258.0
Q86SQ7,E258G,0.1256,benign,SDCCAG8,258.0
Q86SQ7,E258H,0.3619,ambiguous,SDCCAG8,258.0
Q86SQ7,E258I,0.3965,ambiguous,SDCCAG8,258.0
Q86SQ7,E258K,0.0859,benign,SDCCAG8,258.0
Q86SQ7,E258L,0.3889,ambiguous,SDCCAG8,258.0
Q86SQ7,E258M,0.4264,ambiguous,SDCCAG8,258.0
Q86SQ7,E258N,0.2444,benign,SDCCAG8,258.0
Q86SQ7,E258P,0.8777,pathogenic,SDCCAG8,258.0
Q86SQ7,E258Q,0.1193,benign,SDCCAG8,258.0
Q86SQ7,E258R,0.1463,benign,SDCCAG8,258.0
Q86SQ7,E258S,0.2073,benign,SDCCAG8,258.0
Q86SQ7,E258T,0.2295,benign,SDCCAG8,258.0
Q86SQ7,E258V,0.2264,benign,SDCCAG8,258.0
Q86SQ7,E258W,0.8283,pathogenic,SDCCAG8,258.0
Q86SQ7,E258Y,0.5762,pathogenic,SDCCAG8,258.0
Q86SQ7,D259A,0.1546,benign,SDCCAG8,259.0
Q86SQ7,D259C,0.4948,ambiguous,SDCCAG8,259.0
Q86SQ7,D259E,0.1736,benign,SDCCAG8,259.0
Q86SQ7,D259F,0.3895,ambiguous,SDCCAG8,259.0
Q86SQ7,D259G,0.1402,benign,SDCCAG8,259.0
Q86SQ7,D259H,0.187,benign,SDCCAG8,259.0
Q86SQ7,D259I,0.2102,benign,SDCCAG8,259.0
Q86SQ7,D259K,0.2388,benign,SDCCAG8,259.0
Q86SQ7,D259L,0.2806,benign,SDCCAG8,259.0
Q86SQ7,D259M,0.4775,ambiguous,SDCCAG8,259.0
Q86SQ7,D259N,0.0983,benign,SDCCAG8,259.0
Q86SQ7,D259P,0.8588,pathogenic,SDCCAG8,259.0
Q86SQ7,D259Q,0.2747,benign,SDCCAG8,259.0
Q86SQ7,D259R,0.2746,benign,SDCCAG8,259.0
Q86SQ7,D259S,0.1544,benign,SDCCAG8,259.0
Q86SQ7,D259T,0.2129,benign,SDCCAG8,259.0
Q86SQ7,D259V,0.1241,benign,SDCCAG8,259.0
Q86SQ7,D259W,0.7676,pathogenic,SDCCAG8,259.0
Q86SQ7,D259Y,0.1137,benign,SDCCAG8,259.0
Q86SQ7,L260A,0.4293,ambiguous,SDCCAG8,260.0
Q86SQ7,L260C,0.5758,pathogenic,SDCCAG8,260.0
Q86SQ7,L260D,0.8594,pathogenic,SDCCAG8,260.0
Q86SQ7,L260E,0.5758,pathogenic,SDCCAG8,260.0
Q86SQ7,L260F,0.1901,benign,SDCCAG8,260.0
Q86SQ7,L260G,0.6737,pathogenic,SDCCAG8,260.0
Q86SQ7,L260H,0.3525,ambiguous,SDCCAG8,260.0
Q86SQ7,L260I,0.139,benign,SDCCAG8,260.0
Q86SQ7,L260K,0.3329,benign,SDCCAG8,260.0
Q86SQ7,L260M,0.1345,benign,SDCCAG8,260.0
Q86SQ7,L260N,0.622,pathogenic,SDCCAG8,260.0
Q86SQ7,L260P,0.8972,pathogenic,SDCCAG8,260.0
Q86SQ7,L260Q,0.2604,benign,SDCCAG8,260.0
Q86SQ7,L260R,0.2572,benign,SDCCAG8,260.0
Q86SQ7,L260S,0.4972,ambiguous,SDCCAG8,260.0
Q86SQ7,L260T,0.3807,ambiguous,SDCCAG8,260.0
Q86SQ7,L260V,0.1242,benign,SDCCAG8,260.0
Q86SQ7,L260W,0.2232,benign,SDCCAG8,260.0
Q86SQ7,L260Y,0.3824,ambiguous,SDCCAG8,260.0
Q86SQ7,K261A,0.3923,ambiguous,SDCCAG8,261.0
Q86SQ7,K261C,0.7369,pathogenic,SDCCAG8,261.0
Q86SQ7,K261D,0.6522,pathogenic,SDCCAG8,261.0
Q86SQ7,K261E,0.1396,benign,SDCCAG8,261.0
Q86SQ7,K261F,0.826,pathogenic,SDCCAG8,261.0
Q86SQ7,K261G,0.4632,ambiguous,SDCCAG8,261.0
Q86SQ7,K261H,0.3723,ambiguous,SDCCAG8,261.0
Q86SQ7,K261I,0.4103,ambiguous,SDCCAG8,261.0
Q86SQ7,K261L,0.3673,ambiguous,SDCCAG8,261.0
Q86SQ7,K261M,0.2433,benign,SDCCAG8,261.0
Q86SQ7,K261N,0.4559,ambiguous,SDCCAG8,261.0
Q86SQ7,K261P,0.8794,pathogenic,SDCCAG8,261.0
Q86SQ7,K261Q,0.1238,benign,SDCCAG8,261.0
Q86SQ7,K261R,0.0885,benign,SDCCAG8,261.0
Q86SQ7,K261S,0.4687,ambiguous,SDCCAG8,261.0
Q86SQ7,K261T,0.2028,benign,SDCCAG8,261.0
Q86SQ7,K261V,0.3863,ambiguous,SDCCAG8,261.0
Q86SQ7,K261W,0.7502,pathogenic,SDCCAG8,261.0
Q86SQ7,K261Y,0.6656,pathogenic,SDCCAG8,261.0
Q86SQ7,E262A,0.1,benign,SDCCAG8,262.0
Q86SQ7,E262C,0.6829,pathogenic,SDCCAG8,262.0
Q86SQ7,E262D,0.1492,benign,SDCCAG8,262.0
Q86SQ7,E262F,0.5676,pathogenic,SDCCAG8,262.0
Q86SQ7,E262G,0.0631,benign,SDCCAG8,262.0
Q86SQ7,E262H,0.3174,benign,SDCCAG8,262.0
Q86SQ7,E262I,0.2439,benign,SDCCAG8,262.0
Q86SQ7,E262K,0.0871,benign,SDCCAG8,262.0
Q86SQ7,E262L,0.2233,benign,SDCCAG8,262.0
Q86SQ7,E262M,0.3152,benign,SDCCAG8,262.0
Q86SQ7,E262N,0.1983,benign,SDCCAG8,262.0
Q86SQ7,E262P,0.7045,pathogenic,SDCCAG8,262.0
Q86SQ7,E262Q,0.0882,benign,SDCCAG8,262.0
Q86SQ7,E262R,0.1485,benign,SDCCAG8,262.0
Q86SQ7,E262S,0.1593,benign,SDCCAG8,262.0
Q86SQ7,E262T,0.1739,benign,SDCCAG8,262.0
Q86SQ7,E262V,0.1352,benign,SDCCAG8,262.0
Q86SQ7,E262W,0.7186,pathogenic,SDCCAG8,262.0
Q86SQ7,E262Y,0.4035,ambiguous,SDCCAG8,262.0
Q86SQ7,Q263A,0.2766,benign,SDCCAG8,263.0
Q86SQ7,Q263C,0.518,ambiguous,SDCCAG8,263.0
Q86SQ7,Q263D,0.4182,ambiguous,SDCCAG8,263.0
Q86SQ7,Q263E,0.11,benign,SDCCAG8,263.0
Q86SQ7,Q263F,0.6878,pathogenic,SDCCAG8,263.0
Q86SQ7,Q263G,0.2881,benign,SDCCAG8,263.0
Q86SQ7,Q263H,0.203,benign,SDCCAG8,263.0
Q86SQ7,Q263I,0.401,ambiguous,SDCCAG8,263.0
Q86SQ7,Q263K,0.0804,benign,SDCCAG8,263.0
Q86SQ7,Q263L,0.1607,benign,SDCCAG8,263.0
Q86SQ7,Q263M,0.4063,ambiguous,SDCCAG8,263.0
Q86SQ7,Q263N,0.3161,benign,SDCCAG8,263.0
Q86SQ7,Q263P,0.4446,ambiguous,SDCCAG8,263.0
Q86SQ7,Q263R,0.0724,benign,SDCCAG8,263.0
Q86SQ7,Q263S,0.3206,benign,SDCCAG8,263.0
Q86SQ7,Q263T,0.234,benign,SDCCAG8,263.0
Q86SQ7,Q263V,0.2826,benign,SDCCAG8,263.0
Q86SQ7,Q263W,0.4321,ambiguous,SDCCAG8,263.0
Q86SQ7,Q263Y,0.4113,ambiguous,SDCCAG8,263.0
Q86SQ7,L264A,0.4872,ambiguous,SDCCAG8,264.0
Q86SQ7,L264C,0.6049,pathogenic,SDCCAG8,264.0
Q86SQ7,L264D,0.8836,pathogenic,SDCCAG8,264.0
Q86SQ7,L264E,0.5373,ambiguous,SDCCAG8,264.0
Q86SQ7,L264F,0.327,benign,SDCCAG8,264.0
Q86SQ7,L264G,0.6709,pathogenic,SDCCAG8,264.0
Q86SQ7,L264H,0.3897,ambiguous,SDCCAG8,264.0
Q86SQ7,L264I,0.1338,benign,SDCCAG8,264.0
Q86SQ7,L264K,0.3433,ambiguous,SDCCAG8,264.0
Q86SQ7,L264M,0.1706,benign,SDCCAG8,264.0
Q86SQ7,L264N,0.5829,pathogenic,SDCCAG8,264.0
Q86SQ7,L264P,0.897,pathogenic,SDCCAG8,264.0
Q86SQ7,L264Q,0.2244,benign,SDCCAG8,264.0
Q86SQ7,L264R,0.2561,benign,SDCCAG8,264.0
Q86SQ7,L264S,0.6051,pathogenic,SDCCAG8,264.0
Q86SQ7,L264T,0.5442,ambiguous,SDCCAG8,264.0
Q86SQ7,L264V,0.1363,benign,SDCCAG8,264.0
Q86SQ7,L264W,0.313,benign,SDCCAG8,264.0
Q86SQ7,L264Y,0.4648,ambiguous,SDCCAG8,264.0
Q86SQ7,K265A,0.3728,ambiguous,SDCCAG8,265.0
Q86SQ7,K265C,0.6773,pathogenic,SDCCAG8,265.0
Q86SQ7,K265D,0.6409,pathogenic,SDCCAG8,265.0
Q86SQ7,K265E,0.1909,benign,SDCCAG8,265.0
Q86SQ7,K265F,0.7632,pathogenic,SDCCAG8,265.0
Q86SQ7,K265G,0.443,ambiguous,SDCCAG8,265.0
Q86SQ7,K265H,0.298,benign,SDCCAG8,265.0
Q86SQ7,K265I,0.3622,ambiguous,SDCCAG8,265.0
Q86SQ7,K265L,0.3267,benign,SDCCAG8,265.0
Q86SQ7,K265M,0.2517,benign,SDCCAG8,265.0
Q86SQ7,K265N,0.4144,ambiguous,SDCCAG8,265.0
Q86SQ7,K265P,0.8219,pathogenic,SDCCAG8,265.0
Q86SQ7,K265Q,0.1201,benign,SDCCAG8,265.0
Q86SQ7,K265R,0.0748,benign,SDCCAG8,265.0
Q86SQ7,K265S,0.4423,ambiguous,SDCCAG8,265.0
Q86SQ7,K265T,0.2318,benign,SDCCAG8,265.0
Q86SQ7,K265V,0.3908,ambiguous,SDCCAG8,265.0
Q86SQ7,K265W,0.7148,pathogenic,SDCCAG8,265.0
Q86SQ7,K265Y,0.587,pathogenic,SDCCAG8,265.0
Q86SQ7,H266A,0.3531,ambiguous,SDCCAG8,266.0
Q86SQ7,H266C,0.2205,benign,SDCCAG8,266.0
Q86SQ7,H266D,0.2382,benign,SDCCAG8,266.0
Q86SQ7,H266E,0.2704,benign,SDCCAG8,266.0
Q86SQ7,H266F,0.4173,ambiguous,SDCCAG8,266.0
Q86SQ7,H266G,0.3113,benign,SDCCAG8,266.0
Q86SQ7,H266I,0.3585,ambiguous,SDCCAG8,266.0
Q86SQ7,H266K,0.2084,benign,SDCCAG8,266.0
Q86SQ7,H266L,0.1314,benign,SDCCAG8,266.0
Q86SQ7,H266M,0.4738,ambiguous,SDCCAG8,266.0
Q86SQ7,H266N,0.1289,benign,SDCCAG8,266.0
Q86SQ7,H266P,0.2956,benign,SDCCAG8,266.0
Q86SQ7,H266Q,0.1601,benign,SDCCAG8,266.0
Q86SQ7,H266R,0.0993,benign,SDCCAG8,266.0
Q86SQ7,H266S,0.3283,benign,SDCCAG8,266.0
Q86SQ7,H266T,0.3458,ambiguous,SDCCAG8,266.0
Q86SQ7,H266V,0.2946,benign,SDCCAG8,266.0
Q86SQ7,H266W,0.389,ambiguous,SDCCAG8,266.0
Q86SQ7,H266Y,0.1188,benign,SDCCAG8,266.0
Q86SQ7,K267A,0.5113,ambiguous,SDCCAG8,267.0
Q86SQ7,K267C,0.828,pathogenic,SDCCAG8,267.0
Q86SQ7,K267D,0.7079,pathogenic,SDCCAG8,267.0
Q86SQ7,K267E,0.1903,benign,SDCCAG8,267.0
Q86SQ7,K267F,0.9027,pathogenic,SDCCAG8,267.0
Q86SQ7,K267G,0.5275,ambiguous,SDCCAG8,267.0
Q86SQ7,K267H,0.4577,ambiguous,SDCCAG8,267.0
Q86SQ7,K267I,0.5738,pathogenic,SDCCAG8,267.0
Q86SQ7,K267L,0.5175,ambiguous,SDCCAG8,267.0
Q86SQ7,K267M,0.3578,ambiguous,SDCCAG8,267.0
Q86SQ7,K267N,0.5581,ambiguous,SDCCAG8,267.0
Q86SQ7,K267P,0.9019,pathogenic,SDCCAG8,267.0
Q86SQ7,K267Q,0.1517,benign,SDCCAG8,267.0
Q86SQ7,K267R,0.0995,benign,SDCCAG8,267.0
Q86SQ7,K267S,0.5623,ambiguous,SDCCAG8,267.0
Q86SQ7,K267T,0.2647,benign,SDCCAG8,267.0
Q86SQ7,K267V,0.527,ambiguous,SDCCAG8,267.0
Q86SQ7,K267W,0.8592,pathogenic,SDCCAG8,267.0
Q86SQ7,K267Y,0.7425,pathogenic,SDCCAG8,267.0
Q86SQ7,E268A,0.149,benign,SDCCAG8,268.0
Q86SQ7,E268C,0.8431,pathogenic,SDCCAG8,268.0
Q86SQ7,E268D,0.1371,benign,SDCCAG8,268.0
Q86SQ7,E268F,0.8053,pathogenic,SDCCAG8,268.0
Q86SQ7,E268G,0.1477,benign,SDCCAG8,268.0
Q86SQ7,E268H,0.4603,ambiguous,SDCCAG8,268.0
Q86SQ7,E268I,0.4464,ambiguous,SDCCAG8,268.0
Q86SQ7,E268K,0.1774,benign,SDCCAG8,268.0
Q86SQ7,E268L,0.4789,ambiguous,SDCCAG8,268.0
Q86SQ7,E268M,0.5258,ambiguous,SDCCAG8,268.0
Q86SQ7,E268N,0.2428,benign,SDCCAG8,268.0
Q86SQ7,E268P,0.6933,pathogenic,SDCCAG8,268.0
Q86SQ7,E268Q,0.1478,benign,SDCCAG8,268.0
Q86SQ7,E268R,0.272,benign,SDCCAG8,268.0
Q86SQ7,E268S,0.2281,benign,SDCCAG8,268.0
Q86SQ7,E268T,0.2553,benign,SDCCAG8,268.0
Q86SQ7,E268V,0.2415,benign,SDCCAG8,268.0
Q86SQ7,E268W,0.893,pathogenic,SDCCAG8,268.0
Q86SQ7,E268Y,0.5611,ambiguous,SDCCAG8,268.0
Q86SQ7,F269A,0.1384,benign,SDCCAG8,269.0
Q86SQ7,F269C,0.1074,benign,SDCCAG8,269.0
Q86SQ7,F269D,0.2335,benign,SDCCAG8,269.0
Q86SQ7,F269E,0.3727,ambiguous,SDCCAG8,269.0
Q86SQ7,F269G,0.2887,benign,SDCCAG8,269.0
Q86SQ7,F269H,0.2731,benign,SDCCAG8,269.0
Q86SQ7,F269I,0.0698,benign,SDCCAG8,269.0
Q86SQ7,F269K,0.3477,ambiguous,SDCCAG8,269.0
Q86SQ7,F269L,0.4547,ambiguous,SDCCAG8,269.0
Q86SQ7,F269M,0.2069,benign,SDCCAG8,269.0
Q86SQ7,F269N,0.1656,benign,SDCCAG8,269.0
Q86SQ7,F269P,0.7525,pathogenic,SDCCAG8,269.0
Q86SQ7,F269Q,0.3337,benign,SDCCAG8,269.0
Q86SQ7,F269R,0.2898,benign,SDCCAG8,269.0
Q86SQ7,F269S,0.0907,benign,SDCCAG8,269.0
Q86SQ7,F269T,0.1321,benign,SDCCAG8,269.0
Q86SQ7,F269V,0.0723,benign,SDCCAG8,269.0
Q86SQ7,F269W,0.2809,benign,SDCCAG8,269.0
Q86SQ7,F269Y,0.0764,benign,SDCCAG8,269.0
Q86SQ7,L270A,0.2211,benign,SDCCAG8,270.0
Q86SQ7,L270C,0.3891,ambiguous,SDCCAG8,270.0
Q86SQ7,L270D,0.5409,ambiguous,SDCCAG8,270.0
Q86SQ7,L270E,0.309,benign,SDCCAG8,270.0
Q86SQ7,L270F,0.1323,benign,SDCCAG8,270.0
Q86SQ7,L270G,0.4305,ambiguous,SDCCAG8,270.0
Q86SQ7,L270H,0.1664,benign,SDCCAG8,270.0
Q86SQ7,L270I,0.0876,benign,SDCCAG8,270.0
Q86SQ7,L270K,0.2506,benign,SDCCAG8,270.0
Q86SQ7,L270M,0.1236,benign,SDCCAG8,270.0
Q86SQ7,L270N,0.3562,ambiguous,SDCCAG8,270.0
Q86SQ7,L270P,0.2716,benign,SDCCAG8,270.0
Q86SQ7,L270Q,0.1276,benign,SDCCAG8,270.0
Q86SQ7,L270R,0.1588,benign,SDCCAG8,270.0
Q86SQ7,L270S,0.2036,benign,SDCCAG8,270.0
Q86SQ7,L270T,0.2004,benign,SDCCAG8,270.0
Q86SQ7,L270V,0.0876,benign,SDCCAG8,270.0
Q86SQ7,L270W,0.195,benign,SDCCAG8,270.0
Q86SQ7,L270Y,0.298,benign,SDCCAG8,270.0
Q86SQ7,L271A,0.1819,benign,SDCCAG8,271.0
Q86SQ7,L271C,0.4481,ambiguous,SDCCAG8,271.0
Q86SQ7,L271D,0.4842,ambiguous,SDCCAG8,271.0
Q86SQ7,L271E,0.2839,benign,SDCCAG8,271.0
Q86SQ7,L271F,0.1349,benign,SDCCAG8,271.0
Q86SQ7,L271G,0.3583,ambiguous,SDCCAG8,271.0
Q86SQ7,L271H,0.1775,benign,SDCCAG8,271.0
Q86SQ7,L271I,0.1042,benign,SDCCAG8,271.0
Q86SQ7,L271K,0.2384,benign,SDCCAG8,271.0
Q86SQ7,L271M,0.1412,benign,SDCCAG8,271.0
Q86SQ7,L271N,0.3168,benign,SDCCAG8,271.0
Q86SQ7,L271P,0.2128,benign,SDCCAG8,271.0
Q86SQ7,L271Q,0.1469,benign,SDCCAG8,271.0
Q86SQ7,L271R,0.1608,benign,SDCCAG8,271.0
Q86SQ7,L271S,0.2052,benign,SDCCAG8,271.0
Q86SQ7,L271T,0.189,benign,SDCCAG8,271.0
Q86SQ7,L271V,0.0936,benign,SDCCAG8,271.0
Q86SQ7,L271W,0.2,benign,SDCCAG8,271.0
Q86SQ7,L271Y,0.3235,benign,SDCCAG8,271.0
Q86SQ7,A272C,0.5133,ambiguous,SDCCAG8,272.0
Q86SQ7,A272D,0.2224,benign,SDCCAG8,272.0
Q86SQ7,A272E,0.2264,benign,SDCCAG8,272.0
Q86SQ7,A272F,0.3852,ambiguous,SDCCAG8,272.0
Q86SQ7,A272G,0.1286,benign,SDCCAG8,272.0
Q86SQ7,A272H,0.4203,ambiguous,SDCCAG8,272.0
Q86SQ7,A272I,0.3376,benign,SDCCAG8,272.0
Q86SQ7,A272K,0.3534,ambiguous,SDCCAG8,272.0
Q86SQ7,A272L,0.2019,benign,SDCCAG8,272.0
Q86SQ7,A272M,0.2999,benign,SDCCAG8,272.0
Q86SQ7,A272N,0.2657,benign,SDCCAG8,272.0
Q86SQ7,A272P,0.2476,benign,SDCCAG8,272.0
Q86SQ7,A272Q,0.3137,benign,SDCCAG8,272.0
Q86SQ7,A272R,0.3024,benign,SDCCAG8,272.0
Q86SQ7,A272S,0.1043,benign,SDCCAG8,272.0
Q86SQ7,A272T,0.1014,benign,SDCCAG8,272.0
Q86SQ7,A272V,0.1515,benign,SDCCAG8,272.0
Q86SQ7,A272W,0.6892,pathogenic,SDCCAG8,272.0
Q86SQ7,A272Y,0.4856,ambiguous,SDCCAG8,272.0
Q86SQ7,A273C,0.4596,ambiguous,SDCCAG8,273.0
Q86SQ7,A273D,0.2161,benign,SDCCAG8,273.0
Q86SQ7,A273E,0.2041,benign,SDCCAG8,273.0
Q86SQ7,A273F,0.3736,ambiguous,SDCCAG8,273.0
Q86SQ7,A273G,0.1209,benign,SDCCAG8,273.0
Q86SQ7,A273H,0.4481,ambiguous,SDCCAG8,273.0
Q86SQ7,A273I,0.2723,benign,SDCCAG8,273.0
Q86SQ7,A273K,0.3141,benign,SDCCAG8,273.0
Q86SQ7,A273L,0.2127,benign,SDCCAG8,273.0
Q86SQ7,A273M,0.2532,benign,SDCCAG8,273.0
Q86SQ7,A273N,0.2197,benign,SDCCAG8,273.0
Q86SQ7,A273P,0.2359,benign,SDCCAG8,273.0
Q86SQ7,A273Q,0.2868,benign,SDCCAG8,273.0
Q86SQ7,A273R,0.2724,benign,SDCCAG8,273.0
Q86SQ7,A273S,0.0945,benign,SDCCAG8,273.0
Q86SQ7,A273T,0.0778,benign,SDCCAG8,273.0
Q86SQ7,A273V,0.1326,benign,SDCCAG8,273.0
Q86SQ7,A273W,0.647,pathogenic,SDCCAG8,273.0
Q86SQ7,A273Y,0.4557,ambiguous,SDCCAG8,273.0
Q86SQ7,N274A,0.1325,benign,SDCCAG8,274.0
Q86SQ7,N274C,0.2178,benign,SDCCAG8,274.0
Q86SQ7,N274D,0.0894,benign,SDCCAG8,274.0
Q86SQ7,N274E,0.2201,benign,SDCCAG8,274.0
Q86SQ7,N274F,0.4146,ambiguous,SDCCAG8,274.0
Q86SQ7,N274G,0.1656,benign,SDCCAG8,274.0
Q86SQ7,N274H,0.0903,benign,SDCCAG8,274.0
Q86SQ7,N274I,0.1688,benign,SDCCAG8,274.0
Q86SQ7,N274K,0.1528,benign,SDCCAG8,274.0
Q86SQ7,N274L,0.1932,benign,SDCCAG8,274.0
Q86SQ7,N274M,0.2488,benign,SDCCAG8,274.0
Q86SQ7,N274P,0.2572,benign,SDCCAG8,274.0
Q86SQ7,N274Q,0.2078,benign,SDCCAG8,274.0
Q86SQ7,N274R,0.1789,benign,SDCCAG8,274.0
Q86SQ7,N274S,0.064,benign,SDCCAG8,274.0
Q86SQ7,N274T,0.0818,benign,SDCCAG8,274.0
Q86SQ7,N274V,0.1583,benign,SDCCAG8,274.0
Q86SQ7,N274W,0.6448,pathogenic,SDCCAG8,274.0
Q86SQ7,N274Y,0.1454,benign,SDCCAG8,274.0
Q86SQ7,T275A,0.0717,benign,SDCCAG8,275.0
Q86SQ7,T275C,0.2842,benign,SDCCAG8,275.0
Q86SQ7,T275D,0.1921,benign,SDCCAG8,275.0
Q86SQ7,T275E,0.2127,benign,SDCCAG8,275.0
Q86SQ7,T275F,0.1773,benign,SDCCAG8,275.0
Q86SQ7,T275G,0.1617,benign,SDCCAG8,275.0
Q86SQ7,T275H,0.151,benign,SDCCAG8,275.0
Q86SQ7,T275I,0.0985,benign,SDCCAG8,275.0
Q86SQ7,T275K,0.1539,benign,SDCCAG8,275.0
Q86SQ7,T275L,0.096,benign,SDCCAG8,275.0
Q86SQ7,T275M,0.099,benign,SDCCAG8,275.0
Q86SQ7,T275N,0.0841,benign,SDCCAG8,275.0
Q86SQ7,T275P,0.0831,benign,SDCCAG8,275.0
Q86SQ7,T275Q,0.1853,benign,SDCCAG8,275.0
Q86SQ7,T275R,0.1211,benign,SDCCAG8,275.0
Q86SQ7,T275S,0.0896,benign,SDCCAG8,275.0
Q86SQ7,T275V,0.1055,benign,SDCCAG8,275.0
Q86SQ7,T275W,0.4324,ambiguous,SDCCAG8,275.0
Q86SQ7,T275Y,0.1692,benign,SDCCAG8,275.0
Q86SQ7,C276A,0.1058,benign,SDCCAG8,276.0
Q86SQ7,C276D,0.1271,benign,SDCCAG8,276.0
Q86SQ7,C276E,0.2399,benign,SDCCAG8,276.0
Q86SQ7,C276F,0.0982,benign,SDCCAG8,276.0
Q86SQ7,C276G,0.0521,benign,SDCCAG8,276.0
Q86SQ7,C276H,0.1215,benign,SDCCAG8,276.0
Q86SQ7,C276I,0.2033,benign,SDCCAG8,276.0
Q86SQ7,C276K,0.2388,benign,SDCCAG8,276.0
Q86SQ7,C276L,0.1577,benign,SDCCAG8,276.0
Q86SQ7,C276M,0.3122,benign,SDCCAG8,276.0
Q86SQ7,C276N,0.1064,benign,SDCCAG8,276.0
Q86SQ7,C276P,0.152,benign,SDCCAG8,276.0
Q86SQ7,C276Q,0.1736,benign,SDCCAG8,276.0
Q86SQ7,C276R,0.0976,benign,SDCCAG8,276.0
Q86SQ7,C276S,0.0613,benign,SDCCAG8,276.0
Q86SQ7,C276T,0.1171,benign,SDCCAG8,276.0
Q86SQ7,C276V,0.1729,benign,SDCCAG8,276.0
Q86SQ7,C276W,0.1656,benign,SDCCAG8,276.0
Q86SQ7,C276Y,0.0852,benign,SDCCAG8,276.0
Q86SQ7,N277A,0.1588,benign,SDCCAG8,277.0
Q86SQ7,N277C,0.1729,benign,SDCCAG8,277.0
Q86SQ7,N277D,0.0907,benign,SDCCAG8,277.0
Q86SQ7,N277E,0.2202,benign,SDCCAG8,277.0
Q86SQ7,N277F,0.347,ambiguous,SDCCAG8,277.0
Q86SQ7,N277G,0.1841,benign,SDCCAG8,277.0
Q86SQ7,N277H,0.0709,benign,SDCCAG8,277.0
Q86SQ7,N277I,0.1343,benign,SDCCAG8,277.0
Q86SQ7,N277K,0.1576,benign,SDCCAG8,277.0
Q86SQ7,N277L,0.1526,benign,SDCCAG8,277.0
Q86SQ7,N277M,0.2627,benign,SDCCAG8,277.0
Q86SQ7,N277P,0.2425,benign,SDCCAG8,277.0
Q86SQ7,N277Q,0.1899,benign,SDCCAG8,277.0
Q86SQ7,N277R,0.1657,benign,SDCCAG8,277.0
Q86SQ7,N277S,0.0641,benign,SDCCAG8,277.0
Q86SQ7,N277T,0.0946,benign,SDCCAG8,277.0
Q86SQ7,N277V,0.1464,benign,SDCCAG8,277.0
Q86SQ7,N277W,0.5842,pathogenic,SDCCAG8,277.0
Q86SQ7,N277Y,0.1215,benign,SDCCAG8,277.0
Q86SQ7,R278A,0.2126,benign,SDCCAG8,278.0
Q86SQ7,R278C,0.1046,benign,SDCCAG8,278.0
Q86SQ7,R278D,0.3112,benign,SDCCAG8,278.0
Q86SQ7,R278E,0.2243,benign,SDCCAG8,278.0
Q86SQ7,R278F,0.2922,benign,SDCCAG8,278.0
Q86SQ7,R278G,0.1251,benign,SDCCAG8,278.0
Q86SQ7,R278H,0.0753,benign,SDCCAG8,278.0
Q86SQ7,R278I,0.1667,benign,SDCCAG8,278.0
Q86SQ7,R278K,0.1227,benign,SDCCAG8,278.0
Q86SQ7,R278L,0.1614,benign,SDCCAG8,278.0
Q86SQ7,R278M,0.2233,benign,SDCCAG8,278.0
Q86SQ7,R278N,0.2901,benign,SDCCAG8,278.0
Q86SQ7,R278P,0.2638,benign,SDCCAG8,278.0
Q86SQ7,R278Q,0.0941,benign,SDCCAG8,278.0
Q86SQ7,R278S,0.2378,benign,SDCCAG8,278.0
Q86SQ7,R278T,0.1415,benign,SDCCAG8,278.0
Q86SQ7,R278V,0.2061,benign,SDCCAG8,278.0
Q86SQ7,R278W,0.1132,benign,SDCCAG8,278.0
Q86SQ7,R278Y,0.1926,benign,SDCCAG8,278.0
Q86SQ7,V279A,0.1148,benign,SDCCAG8,279.0
Q86SQ7,V279C,0.7088,pathogenic,SDCCAG8,279.0
Q86SQ7,V279D,0.2587,benign,SDCCAG8,279.0
Q86SQ7,V279E,0.2657,benign,SDCCAG8,279.0
Q86SQ7,V279F,0.1801,benign,SDCCAG8,279.0
Q86SQ7,V279G,0.1526,benign,SDCCAG8,279.0
Q86SQ7,V279H,0.5354,ambiguous,SDCCAG8,279.0
Q86SQ7,V279I,0.1094,benign,SDCCAG8,279.0
Q86SQ7,V279K,0.3741,ambiguous,SDCCAG8,279.0
Q86SQ7,V279L,0.2922,benign,SDCCAG8,279.0
Q86SQ7,V279M,0.2134,benign,SDCCAG8,279.0
Q86SQ7,V279N,0.2867,benign,SDCCAG8,279.0
Q86SQ7,V279P,0.2616,benign,SDCCAG8,279.0
Q86SQ7,V279Q,0.3419,ambiguous,SDCCAG8,279.0
Q86SQ7,V279R,0.3049,benign,SDCCAG8,279.0
Q86SQ7,V279S,0.1835,benign,SDCCAG8,279.0
Q86SQ7,V279T,0.1561,benign,SDCCAG8,279.0
Q86SQ7,V279W,0.7404,pathogenic,SDCCAG8,279.0
Q86SQ7,V279Y,0.5628,ambiguous,SDCCAG8,279.0
Q86SQ7,G280A,0.1059,benign,SDCCAG8,280.0
Q86SQ7,G280C,0.2263,benign,SDCCAG8,280.0
Q86SQ7,G280D,0.2761,benign,SDCCAG8,280.0
Q86SQ7,G280E,0.3187,benign,SDCCAG8,280.0
Q86SQ7,G280F,0.6666,pathogenic,SDCCAG8,280.0
Q86SQ7,G280H,0.455,ambiguous,SDCCAG8,280.0
Q86SQ7,G280I,0.4676,ambiguous,SDCCAG8,280.0
Q86SQ7,G280K,0.5286,ambiguous,SDCCAG8,280.0
Q86SQ7,G280L,0.5211,ambiguous,SDCCAG8,280.0
Q86SQ7,G280M,0.6046,pathogenic,SDCCAG8,280.0
Q86SQ7,G280N,0.3873,ambiguous,SDCCAG8,280.0
Q86SQ7,G280P,0.6163,pathogenic,SDCCAG8,280.0
Q86SQ7,G280Q,0.4256,ambiguous,SDCCAG8,280.0
Q86SQ7,G280R,0.3177,benign,SDCCAG8,280.0
Q86SQ7,G280S,0.1026,benign,SDCCAG8,280.0
Q86SQ7,G280T,0.1979,benign,SDCCAG8,280.0
Q86SQ7,G280V,0.274,benign,SDCCAG8,280.0
Q86SQ7,G280W,0.4626,ambiguous,SDCCAG8,280.0
Q86SQ7,G280Y,0.5366,ambiguous,SDCCAG8,280.0
Q86SQ7,G281A,0.3779,ambiguous,SDCCAG8,281.0
Q86SQ7,G281C,0.4728,ambiguous,SDCCAG8,281.0
Q86SQ7,G281D,0.6455,pathogenic,SDCCAG8,281.0
Q86SQ7,G281E,0.6866,pathogenic,SDCCAG8,281.0
Q86SQ7,G281F,0.7816,pathogenic,SDCCAG8,281.0
Q86SQ7,G281H,0.7997,pathogenic,SDCCAG8,281.0
Q86SQ7,G281I,0.5253,ambiguous,SDCCAG8,281.0
Q86SQ7,G281K,0.8379,pathogenic,SDCCAG8,281.0
Q86SQ7,G281L,0.7691,pathogenic,SDCCAG8,281.0
Q86SQ7,G281M,0.7962,pathogenic,SDCCAG8,281.0
Q86SQ7,G281N,0.7233,pathogenic,SDCCAG8,281.0
Q86SQ7,G281P,0.9097,pathogenic,SDCCAG8,281.0
Q86SQ7,G281Q,0.7788,pathogenic,SDCCAG8,281.0
Q86SQ7,G281R,0.6946,pathogenic,SDCCAG8,281.0
Q86SQ7,G281S,0.2633,benign,SDCCAG8,281.0
Q86SQ7,G281T,0.4925,ambiguous,SDCCAG8,281.0
Q86SQ7,G281V,0.4107,ambiguous,SDCCAG8,281.0
Q86SQ7,G281W,0.6645,pathogenic,SDCCAG8,281.0
Q86SQ7,G281Y,0.7204,pathogenic,SDCCAG8,281.0
Q86SQ7,L282A,0.6863,pathogenic,SDCCAG8,282.0
Q86SQ7,L282C,0.7843,pathogenic,SDCCAG8,282.0
Q86SQ7,L282D,0.9157,pathogenic,SDCCAG8,282.0
Q86SQ7,L282E,0.7964,pathogenic,SDCCAG8,282.0
Q86SQ7,L282F,0.2719,benign,SDCCAG8,282.0
Q86SQ7,L282G,0.8166,pathogenic,SDCCAG8,282.0
Q86SQ7,L282H,0.5411,ambiguous,SDCCAG8,282.0
Q86SQ7,L282I,0.1733,benign,SDCCAG8,282.0
Q86SQ7,L282K,0.6168,pathogenic,SDCCAG8,282.0
Q86SQ7,L282M,0.1869,benign,SDCCAG8,282.0
Q86SQ7,L282N,0.773,pathogenic,SDCCAG8,282.0
Q86SQ7,L282P,0.6321,pathogenic,SDCCAG8,282.0
Q86SQ7,L282Q,0.4867,ambiguous,SDCCAG8,282.0
Q86SQ7,L282R,0.4865,ambiguous,SDCCAG8,282.0
Q86SQ7,L282S,0.7032,pathogenic,SDCCAG8,282.0
Q86SQ7,L282T,0.6393,pathogenic,SDCCAG8,282.0
Q86SQ7,L282V,0.2093,benign,SDCCAG8,282.0
Q86SQ7,L282W,0.4626,ambiguous,SDCCAG8,282.0
Q86SQ7,L282Y,0.6289,pathogenic,SDCCAG8,282.0
Q86SQ7,C283A,0.9474,pathogenic,SDCCAG8,283.0
Q86SQ7,C283D,0.9504,pathogenic,SDCCAG8,283.0
Q86SQ7,C283E,0.9886,pathogenic,SDCCAG8,283.0
Q86SQ7,C283F,0.7067,pathogenic,SDCCAG8,283.0
Q86SQ7,C283G,0.8305,pathogenic,SDCCAG8,283.0
Q86SQ7,C283H,0.9025,pathogenic,SDCCAG8,283.0
Q86SQ7,C283I,0.9572,pathogenic,SDCCAG8,283.0
Q86SQ7,C283K,0.9897,pathogenic,SDCCAG8,283.0
Q86SQ7,C283L,0.8764,pathogenic,SDCCAG8,283.0
Q86SQ7,C283M,0.9662,pathogenic,SDCCAG8,283.0
Q86SQ7,C283N,0.9608,pathogenic,SDCCAG8,283.0
Q86SQ7,C283P,0.9655,pathogenic,SDCCAG8,283.0
Q86SQ7,C283Q,0.9774,pathogenic,SDCCAG8,283.0
Q86SQ7,C283R,0.9282,pathogenic,SDCCAG8,283.0
Q86SQ7,C283S,0.8993,pathogenic,SDCCAG8,283.0
Q86SQ7,C283T,0.9713,pathogenic,SDCCAG8,283.0
Q86SQ7,C283V,0.9378,pathogenic,SDCCAG8,283.0
Q86SQ7,C283W,0.9028,pathogenic,SDCCAG8,283.0
Q86SQ7,C283Y,0.7999,pathogenic,SDCCAG8,283.0
Q86SQ7,L284A,0.5947,pathogenic,SDCCAG8,284.0
Q86SQ7,L284C,0.6969,pathogenic,SDCCAG8,284.0
Q86SQ7,L284D,0.9125,pathogenic,SDCCAG8,284.0
Q86SQ7,L284E,0.6903,pathogenic,SDCCAG8,284.0
Q86SQ7,L284F,0.2791,benign,SDCCAG8,284.0
Q86SQ7,L284G,0.783,pathogenic,SDCCAG8,284.0
Q86SQ7,L284H,0.4835,ambiguous,SDCCAG8,284.0
Q86SQ7,L284I,0.0874,benign,SDCCAG8,284.0
Q86SQ7,L284K,0.5401,ambiguous,SDCCAG8,284.0
Q86SQ7,L284M,0.1703,benign,SDCCAG8,284.0
Q86SQ7,L284N,0.7578,pathogenic,SDCCAG8,284.0
Q86SQ7,L284P,0.5848,pathogenic,SDCCAG8,284.0
Q86SQ7,L284Q,0.3783,ambiguous,SDCCAG8,284.0
Q86SQ7,L284R,0.3877,ambiguous,SDCCAG8,284.0
Q86SQ7,L284S,0.638,pathogenic,SDCCAG8,284.0
Q86SQ7,L284T,0.4905,ambiguous,SDCCAG8,284.0
Q86SQ7,L284V,0.0929,benign,SDCCAG8,284.0
Q86SQ7,L284W,0.4162,ambiguous,SDCCAG8,284.0
Q86SQ7,L284Y,0.6465,pathogenic,SDCCAG8,284.0
Q86SQ7,K285A,0.463,ambiguous,SDCCAG8,285.0
Q86SQ7,K285C,0.75,pathogenic,SDCCAG8,285.0
Q86SQ7,K285D,0.6082,pathogenic,SDCCAG8,285.0
Q86SQ7,K285E,0.2936,benign,SDCCAG8,285.0
Q86SQ7,K285F,0.8384,pathogenic,SDCCAG8,285.0
Q86SQ7,K285G,0.5596,ambiguous,SDCCAG8,285.0
Q86SQ7,K285H,0.3181,benign,SDCCAG8,285.0
Q86SQ7,K285I,0.4895,ambiguous,SDCCAG8,285.0
Q86SQ7,K285L,0.4299,ambiguous,SDCCAG8,285.0
Q86SQ7,K285M,0.3309,benign,SDCCAG8,285.0
Q86SQ7,K285N,0.3602,ambiguous,SDCCAG8,285.0
Q86SQ7,K285P,0.6754,pathogenic,SDCCAG8,285.0
Q86SQ7,K285Q,0.1601,benign,SDCCAG8,285.0
Q86SQ7,K285R,0.1038,benign,SDCCAG8,285.0
Q86SQ7,K285S,0.4623,ambiguous,SDCCAG8,285.0
Q86SQ7,K285T,0.2445,benign,SDCCAG8,285.0
Q86SQ7,K285V,0.4934,ambiguous,SDCCAG8,285.0
Q86SQ7,K285W,0.8215,pathogenic,SDCCAG8,285.0
Q86SQ7,K285Y,0.6414,pathogenic,SDCCAG8,285.0
Q86SQ7,C286A,0.9303,pathogenic,SDCCAG8,286.0
Q86SQ7,C286D,0.9005,pathogenic,SDCCAG8,286.0
Q86SQ7,C286E,0.9756,pathogenic,SDCCAG8,286.0
Q86SQ7,C286F,0.719,pathogenic,SDCCAG8,286.0
Q86SQ7,C286G,0.7098,pathogenic,SDCCAG8,286.0
Q86SQ7,C286H,0.9047,pathogenic,SDCCAG8,286.0
Q86SQ7,C286I,0.948,pathogenic,SDCCAG8,286.0
Q86SQ7,C286K,0.9835,pathogenic,SDCCAG8,286.0
Q86SQ7,C286L,0.8996,pathogenic,SDCCAG8,286.0
Q86SQ7,C286M,0.9464,pathogenic,SDCCAG8,286.0
Q86SQ7,C286N,0.9349,pathogenic,SDCCAG8,286.0
Q86SQ7,C286P,0.9793,pathogenic,SDCCAG8,286.0
Q86SQ7,C286Q,0.976,pathogenic,SDCCAG8,286.0
Q86SQ7,C286R,0.9108,pathogenic,SDCCAG8,286.0
Q86SQ7,C286S,0.915,pathogenic,SDCCAG8,286.0
Q86SQ7,C286T,0.9563,pathogenic,SDCCAG8,286.0
Q86SQ7,C286V,0.911,pathogenic,SDCCAG8,286.0
Q86SQ7,C286W,0.8517,pathogenic,SDCCAG8,286.0
Q86SQ7,C286Y,0.7125,pathogenic,SDCCAG8,286.0
Q86SQ7,A287C,0.7645,pathogenic,SDCCAG8,287.0
Q86SQ7,A287D,0.8439,pathogenic,SDCCAG8,287.0
Q86SQ7,A287E,0.8206,pathogenic,SDCCAG8,287.0
Q86SQ7,A287F,0.7399,pathogenic,SDCCAG8,287.0
Q86SQ7,A287G,0.3104,benign,SDCCAG8,287.0
Q86SQ7,A287H,0.8396,pathogenic,SDCCAG8,287.0
Q86SQ7,A287I,0.766,pathogenic,SDCCAG8,287.0
Q86SQ7,A287K,0.8988,pathogenic,SDCCAG8,287.0
Q86SQ7,A287L,0.5503,ambiguous,SDCCAG8,287.0
Q86SQ7,A287M,0.6729,pathogenic,SDCCAG8,287.0
Q86SQ7,A287N,0.798,pathogenic,SDCCAG8,287.0
Q86SQ7,A287P,0.763,pathogenic,SDCCAG8,287.0
Q86SQ7,A287Q,0.7819,pathogenic,SDCCAG8,287.0
Q86SQ7,A287R,0.7742,pathogenic,SDCCAG8,287.0
Q86SQ7,A287S,0.1503,benign,SDCCAG8,287.0
Q86SQ7,A287T,0.3256,benign,SDCCAG8,287.0
Q86SQ7,A287V,0.4578,ambiguous,SDCCAG8,287.0
Q86SQ7,A287W,0.9471,pathogenic,SDCCAG8,287.0
Q86SQ7,A287Y,0.8531,pathogenic,SDCCAG8,287.0
Q86SQ7,Q288A,0.4097,ambiguous,SDCCAG8,288.0
Q86SQ7,Q288C,0.8765,pathogenic,SDCCAG8,288.0
Q86SQ7,Q288D,0.7355,pathogenic,SDCCAG8,288.0
Q86SQ7,Q288E,0.1382,benign,SDCCAG8,288.0
Q86SQ7,Q288F,0.8922,pathogenic,SDCCAG8,288.0
Q86SQ7,Q288G,0.4559,ambiguous,SDCCAG8,288.0
Q86SQ7,Q288H,0.4803,ambiguous,SDCCAG8,288.0
Q86SQ7,Q288I,0.6773,pathogenic,SDCCAG8,288.0
Q86SQ7,Q288K,0.1754,benign,SDCCAG8,288.0
Q86SQ7,Q288L,0.3012,benign,SDCCAG8,288.0
Q86SQ7,Q288M,0.5979,pathogenic,SDCCAG8,288.0
Q86SQ7,Q288N,0.5762,pathogenic,SDCCAG8,288.0
Q86SQ7,Q288P,0.4017,ambiguous,SDCCAG8,288.0
Q86SQ7,Q288R,0.1783,benign,SDCCAG8,288.0
Q86SQ7,Q288S,0.477,ambiguous,SDCCAG8,288.0
Q86SQ7,Q288T,0.4255,ambiguous,SDCCAG8,288.0
Q86SQ7,Q288V,0.4684,ambiguous,SDCCAG8,288.0
Q86SQ7,Q288W,0.7879,pathogenic,SDCCAG8,288.0
Q86SQ7,Q288Y,0.7854,pathogenic,SDCCAG8,288.0
Q86SQ7,H289A,0.4663,ambiguous,SDCCAG8,289.0
Q86SQ7,H289C,0.3449,ambiguous,SDCCAG8,289.0
Q86SQ7,H289D,0.2853,benign,SDCCAG8,289.0
Q86SQ7,H289E,0.3418,ambiguous,SDCCAG8,289.0
Q86SQ7,H289F,0.4941,ambiguous,SDCCAG8,289.0
Q86SQ7,H289G,0.427,ambiguous,SDCCAG8,289.0
Q86SQ7,H289I,0.5288,ambiguous,SDCCAG8,289.0
Q86SQ7,H289K,0.3209,benign,SDCCAG8,289.0
Q86SQ7,H289L,0.1648,benign,SDCCAG8,289.0
Q86SQ7,H289M,0.5597,ambiguous,SDCCAG8,289.0
Q86SQ7,H289N,0.146,benign,SDCCAG8,289.0
Q86SQ7,H289P,0.3493,ambiguous,SDCCAG8,289.0
Q86SQ7,H289Q,0.2332,benign,SDCCAG8,289.0
Q86SQ7,H289R,0.1775,benign,SDCCAG8,289.0
Q86SQ7,H289S,0.399,ambiguous,SDCCAG8,289.0
Q86SQ7,H289T,0.4205,ambiguous,SDCCAG8,289.0
Q86SQ7,H289V,0.4232,ambiguous,SDCCAG8,289.0
Q86SQ7,H289W,0.5139,ambiguous,SDCCAG8,289.0
Q86SQ7,H289Y,0.1504,benign,SDCCAG8,289.0
Q86SQ7,E290A,0.3248,benign,SDCCAG8,290.0
Q86SQ7,E290C,0.9477,pathogenic,SDCCAG8,290.0
Q86SQ7,E290D,0.2873,benign,SDCCAG8,290.0
Q86SQ7,E290F,0.9289,pathogenic,SDCCAG8,290.0
Q86SQ7,E290G,0.309,benign,SDCCAG8,290.0
Q86SQ7,E290H,0.6933,pathogenic,SDCCAG8,290.0
Q86SQ7,E290I,0.755,pathogenic,SDCCAG8,290.0
Q86SQ7,E290K,0.2223,benign,SDCCAG8,290.0
Q86SQ7,E290L,0.7377,pathogenic,SDCCAG8,290.0
Q86SQ7,E290M,0.7505,pathogenic,SDCCAG8,290.0
Q86SQ7,E290N,0.583,pathogenic,SDCCAG8,290.0
Q86SQ7,E290P,0.8895,pathogenic,SDCCAG8,290.0
Q86SQ7,E290Q,0.2517,benign,SDCCAG8,290.0
Q86SQ7,E290R,0.4086,ambiguous,SDCCAG8,290.0
Q86SQ7,E290S,0.4438,ambiguous,SDCCAG8,290.0
Q86SQ7,E290T,0.5029,ambiguous,SDCCAG8,290.0
Q86SQ7,E290V,0.4868,ambiguous,SDCCAG8,290.0
Q86SQ7,E290W,0.974,pathogenic,SDCCAG8,290.0
Q86SQ7,E290Y,0.8556,pathogenic,SDCCAG8,290.0
Q86SQ7,A291C,0.907,pathogenic,SDCCAG8,291.0
Q86SQ7,A291D,0.7649,pathogenic,SDCCAG8,291.0
Q86SQ7,A291E,0.8041,pathogenic,SDCCAG8,291.0
Q86SQ7,A291F,0.8398,pathogenic,SDCCAG8,291.0
Q86SQ7,A291G,0.4606,ambiguous,SDCCAG8,291.0
Q86SQ7,A291H,0.9185,pathogenic,SDCCAG8,291.0
Q86SQ7,A291I,0.8418,pathogenic,SDCCAG8,291.0
Q86SQ7,A291K,0.9387,pathogenic,SDCCAG8,291.0
Q86SQ7,A291L,0.6813,pathogenic,SDCCAG8,291.0
Q86SQ7,A291M,0.7215,pathogenic,SDCCAG8,291.0
Q86SQ7,A291N,0.8163,pathogenic,SDCCAG8,291.0
Q86SQ7,A291P,0.889,pathogenic,SDCCAG8,291.0
Q86SQ7,A291Q,0.8945,pathogenic,SDCCAG8,291.0
Q86SQ7,A291R,0.8731,pathogenic,SDCCAG8,291.0
Q86SQ7,A291S,0.3506,ambiguous,SDCCAG8,291.0
Q86SQ7,A291T,0.4996,ambiguous,SDCCAG8,291.0
Q86SQ7,A291V,0.5193,ambiguous,SDCCAG8,291.0
Q86SQ7,A291W,0.9664,pathogenic,SDCCAG8,291.0
Q86SQ7,A291Y,0.8702,pathogenic,SDCCAG8,291.0
Q86SQ7,V292A,0.5725,pathogenic,SDCCAG8,292.0
Q86SQ7,V292C,0.9195,pathogenic,SDCCAG8,292.0
Q86SQ7,V292D,0.7907,pathogenic,SDCCAG8,292.0
Q86SQ7,V292E,0.7428,pathogenic,SDCCAG8,292.0
Q86SQ7,V292F,0.3397,benign,SDCCAG8,292.0
Q86SQ7,V292G,0.6024,pathogenic,SDCCAG8,292.0
Q86SQ7,V292H,0.9057,pathogenic,SDCCAG8,292.0
Q86SQ7,V292I,0.1172,benign,SDCCAG8,292.0
Q86SQ7,V292K,0.8253,pathogenic,SDCCAG8,292.0
Q86SQ7,V292L,0.4748,ambiguous,SDCCAG8,292.0
Q86SQ7,V292M,0.3395,benign,SDCCAG8,292.0
Q86SQ7,V292N,0.766,pathogenic,SDCCAG8,292.0
Q86SQ7,V292P,0.8919,pathogenic,SDCCAG8,292.0
Q86SQ7,V292Q,0.7926,pathogenic,SDCCAG8,292.0
Q86SQ7,V292R,0.7644,pathogenic,SDCCAG8,292.0
Q86SQ7,V292S,0.6558,pathogenic,SDCCAG8,292.0
Q86SQ7,V292T,0.6529,pathogenic,SDCCAG8,292.0
Q86SQ7,V292W,0.9568,pathogenic,SDCCAG8,292.0
Q86SQ7,V292Y,0.8577,pathogenic,SDCCAG8,292.0
Q86SQ7,L293A,0.5437,ambiguous,SDCCAG8,293.0
Q86SQ7,L293C,0.7403,pathogenic,SDCCAG8,293.0
Q86SQ7,L293D,0.8774,pathogenic,SDCCAG8,293.0
Q86SQ7,L293E,0.6966,pathogenic,SDCCAG8,293.0
Q86SQ7,L293F,0.2382,benign,SDCCAG8,293.0
Q86SQ7,L293G,0.7833,pathogenic,SDCCAG8,293.0
Q86SQ7,L293H,0.4944,ambiguous,SDCCAG8,293.0
Q86SQ7,L293I,0.1206,benign,SDCCAG8,293.0
Q86SQ7,L293K,0.6009,pathogenic,SDCCAG8,293.0
Q86SQ7,L293M,0.1901,benign,SDCCAG8,293.0
Q86SQ7,L293N,0.7355,pathogenic,SDCCAG8,293.0
Q86SQ7,L293P,0.5754,pathogenic,SDCCAG8,293.0
Q86SQ7,L293Q,0.4237,ambiguous,SDCCAG8,293.0
Q86SQ7,L293R,0.448,ambiguous,SDCCAG8,293.0
Q86SQ7,L293S,0.5859,pathogenic,SDCCAG8,293.0
Q86SQ7,L293T,0.5034,ambiguous,SDCCAG8,293.0
Q86SQ7,L293V,0.1454,benign,SDCCAG8,293.0
Q86SQ7,L293W,0.4599,ambiguous,SDCCAG8,293.0
Q86SQ7,L293Y,0.6244,pathogenic,SDCCAG8,293.0
Q86SQ7,S294A,0.0883,benign,SDCCAG8,294.0
Q86SQ7,S294C,0.1255,benign,SDCCAG8,294.0
Q86SQ7,S294D,0.7718,pathogenic,SDCCAG8,294.0
Q86SQ7,S294E,0.7807,pathogenic,SDCCAG8,294.0
Q86SQ7,S294F,0.345,ambiguous,SDCCAG8,294.0
Q86SQ7,S294G,0.2093,benign,SDCCAG8,294.0
Q86SQ7,S294H,0.5948,pathogenic,SDCCAG8,294.0
Q86SQ7,S294I,0.4278,ambiguous,SDCCAG8,294.0
Q86SQ7,S294K,0.9102,pathogenic,SDCCAG8,294.0
Q86SQ7,S294L,0.1528,benign,SDCCAG8,294.0
Q86SQ7,S294M,0.405,ambiguous,SDCCAG8,294.0
Q86SQ7,S294N,0.4434,ambiguous,SDCCAG8,294.0
Q86SQ7,S294P,0.3512,ambiguous,SDCCAG8,294.0
Q86SQ7,S294Q,0.7368,pathogenic,SDCCAG8,294.0
Q86SQ7,S294R,0.8402,pathogenic,SDCCAG8,294.0
Q86SQ7,S294T,0.1623,benign,SDCCAG8,294.0
Q86SQ7,S294V,0.3507,ambiguous,SDCCAG8,294.0
Q86SQ7,S294W,0.4461,ambiguous,SDCCAG8,294.0
Q86SQ7,S294Y,0.2884,benign,SDCCAG8,294.0
Q86SQ7,Q295A,0.2312,benign,SDCCAG8,295.0
Q86SQ7,Q295C,0.6625,pathogenic,SDCCAG8,295.0
Q86SQ7,Q295D,0.3106,benign,SDCCAG8,295.0
Q86SQ7,Q295E,0.078,benign,SDCCAG8,295.0
Q86SQ7,Q295F,0.7458,pathogenic,SDCCAG8,295.0
Q86SQ7,Q295G,0.2041,benign,SDCCAG8,295.0
Q86SQ7,Q295H,0.2315,benign,SDCCAG8,295.0
Q86SQ7,Q295I,0.5117,ambiguous,SDCCAG8,295.0
Q86SQ7,Q295K,0.0869,benign,SDCCAG8,295.0
Q86SQ7,Q295L,0.1897,benign,SDCCAG8,295.0
Q86SQ7,Q295M,0.42,ambiguous,SDCCAG8,295.0
Q86SQ7,Q295N,0.2833,benign,SDCCAG8,295.0
Q86SQ7,Q295P,0.141,benign,SDCCAG8,295.0
Q86SQ7,Q295R,0.103,benign,SDCCAG8,295.0
Q86SQ7,Q295S,0.2639,benign,SDCCAG8,295.0
Q86SQ7,Q295T,0.2322,benign,SDCCAG8,295.0
Q86SQ7,Q295V,0.312,benign,SDCCAG8,295.0
Q86SQ7,Q295W,0.5667,pathogenic,SDCCAG8,295.0
Q86SQ7,Q295Y,0.5281,ambiguous,SDCCAG8,295.0
Q86SQ7,T296A,0.2786,benign,SDCCAG8,296.0
Q86SQ7,T296C,0.7422,pathogenic,SDCCAG8,296.0
Q86SQ7,T296D,0.6753,pathogenic,SDCCAG8,296.0
Q86SQ7,T296E,0.6799,pathogenic,SDCCAG8,296.0
Q86SQ7,T296F,0.6984,pathogenic,SDCCAG8,296.0
Q86SQ7,T296G,0.4661,ambiguous,SDCCAG8,296.0
Q86SQ7,T296H,0.5233,ambiguous,SDCCAG8,296.0
Q86SQ7,T296I,0.6615,pathogenic,SDCCAG8,296.0
Q86SQ7,T296K,0.5359,ambiguous,SDCCAG8,296.0
Q86SQ7,T296L,0.4181,ambiguous,SDCCAG8,296.0
Q86SQ7,T296M,0.239,benign,SDCCAG8,296.0
Q86SQ7,T296N,0.3112,benign,SDCCAG8,296.0
Q86SQ7,T296P,0.305,benign,SDCCAG8,296.0
Q86SQ7,T296Q,0.535,ambiguous,SDCCAG8,296.0
Q86SQ7,T296R,0.479,ambiguous,SDCCAG8,296.0
Q86SQ7,T296S,0.2144,benign,SDCCAG8,296.0
Q86SQ7,T296V,0.572,pathogenic,SDCCAG8,296.0
Q86SQ7,T296W,0.854,pathogenic,SDCCAG8,296.0
Q86SQ7,T296Y,0.6462,pathogenic,SDCCAG8,296.0
Q86SQ7,H297A,0.6292,pathogenic,SDCCAG8,297.0
Q86SQ7,H297C,0.4029,ambiguous,SDCCAG8,297.0
Q86SQ7,H297D,0.4171,ambiguous,SDCCAG8,297.0
Q86SQ7,H297E,0.6562,pathogenic,SDCCAG8,297.0
Q86SQ7,H297F,0.6387,pathogenic,SDCCAG8,297.0
Q86SQ7,H297G,0.5938,pathogenic,SDCCAG8,297.0
Q86SQ7,H297I,0.7047,pathogenic,SDCCAG8,297.0
Q86SQ7,H297K,0.6517,pathogenic,SDCCAG8,297.0
Q86SQ7,H297L,0.3213,benign,SDCCAG8,297.0
Q86SQ7,H297M,0.7844,pathogenic,SDCCAG8,297.0
Q86SQ7,H297N,0.2343,benign,SDCCAG8,297.0
Q86SQ7,H297P,0.2498,benign,SDCCAG8,297.0
Q86SQ7,H297Q,0.5406,ambiguous,SDCCAG8,297.0
Q86SQ7,H297R,0.354,ambiguous,SDCCAG8,297.0
Q86SQ7,H297S,0.5011,ambiguous,SDCCAG8,297.0
Q86SQ7,H297T,0.6337,pathogenic,SDCCAG8,297.0
Q86SQ7,H297V,0.5987,pathogenic,SDCCAG8,297.0
Q86SQ7,H297W,0.7169,pathogenic,SDCCAG8,297.0
Q86SQ7,H297Y,0.2477,benign,SDCCAG8,297.0
Q86SQ7,T298A,0.0713,benign,SDCCAG8,298.0
Q86SQ7,T298C,0.2015,benign,SDCCAG8,298.0
Q86SQ7,T298D,0.194,benign,SDCCAG8,298.0
Q86SQ7,T298E,0.2667,benign,SDCCAG8,298.0
Q86SQ7,T298F,0.2701,benign,SDCCAG8,298.0
Q86SQ7,T298G,0.1171,benign,SDCCAG8,298.0
Q86SQ7,T298H,0.1404,benign,SDCCAG8,298.0
Q86SQ7,T298I,0.2094,benign,SDCCAG8,298.0
Q86SQ7,T298K,0.2031,benign,SDCCAG8,298.0
Q86SQ7,T298L,0.1228,benign,SDCCAG8,298.0
Q86SQ7,T298M,0.1308,benign,SDCCAG8,298.0
Q86SQ7,T298N,0.0583,benign,SDCCAG8,298.0
Q86SQ7,T298P,0.1157,benign,SDCCAG8,298.0
Q86SQ7,T298Q,0.1952,benign,SDCCAG8,298.0
Q86SQ7,T298R,0.1483,benign,SDCCAG8,298.0
Q86SQ7,T298S,0.0647,benign,SDCCAG8,298.0
Q86SQ7,T298V,0.1688,benign,SDCCAG8,298.0
Q86SQ7,T298W,0.5024,ambiguous,SDCCAG8,298.0
Q86SQ7,T298Y,0.1949,benign,SDCCAG8,298.0
Q86SQ7,N299A,0.218,benign,SDCCAG8,299.0
Q86SQ7,N299C,0.3029,benign,SDCCAG8,299.0
Q86SQ7,N299D,0.0821,benign,SDCCAG8,299.0
Q86SQ7,N299E,0.3873,ambiguous,SDCCAG8,299.0
Q86SQ7,N299F,0.5986,pathogenic,SDCCAG8,299.0
Q86SQ7,N299G,0.2594,benign,SDCCAG8,299.0
Q86SQ7,N299H,0.1034,benign,SDCCAG8,299.0
Q86SQ7,N299I,0.3077,benign,SDCCAG8,299.0
Q86SQ7,N299K,0.3629,ambiguous,SDCCAG8,299.0
Q86SQ7,N299L,0.3279,benign,SDCCAG8,299.0
Q86SQ7,N299M,0.4153,ambiguous,SDCCAG8,299.0
Q86SQ7,N299P,0.4974,ambiguous,SDCCAG8,299.0
Q86SQ7,N299Q,0.4007,ambiguous,SDCCAG8,299.0
Q86SQ7,N299R,0.382,ambiguous,SDCCAG8,299.0
Q86SQ7,N299S,0.0778,benign,SDCCAG8,299.0
Q86SQ7,N299T,0.137,benign,SDCCAG8,299.0
Q86SQ7,N299V,0.2759,benign,SDCCAG8,299.0
Q86SQ7,N299W,0.8071,pathogenic,SDCCAG8,299.0
Q86SQ7,N299Y,0.2095,benign,SDCCAG8,299.0
Q86SQ7,V300A,0.1494,benign,SDCCAG8,300.0
Q86SQ7,V300C,0.5674,pathogenic,SDCCAG8,300.0
Q86SQ7,V300D,0.2284,benign,SDCCAG8,300.0
Q86SQ7,V300E,0.2572,benign,SDCCAG8,300.0
Q86SQ7,V300F,0.1354,benign,SDCCAG8,300.0
Q86SQ7,V300G,0.16,benign,SDCCAG8,300.0
Q86SQ7,V300H,0.4471,ambiguous,SDCCAG8,300.0
Q86SQ7,V300I,0.076,benign,SDCCAG8,300.0
Q86SQ7,V300K,0.3182,benign,SDCCAG8,300.0
Q86SQ7,V300L,0.1557,benign,SDCCAG8,300.0
Q86SQ7,V300M,0.1267,benign,SDCCAG8,300.0
Q86SQ7,V300N,0.1879,benign,SDCCAG8,300.0
Q86SQ7,V300P,0.4329,ambiguous,SDCCAG8,300.0
Q86SQ7,V300Q,0.3015,benign,SDCCAG8,300.0
Q86SQ7,V300R,0.2549,benign,SDCCAG8,300.0
Q86SQ7,V300S,0.167,benign,SDCCAG8,300.0
Q86SQ7,V300T,0.1766,benign,SDCCAG8,300.0
Q86SQ7,V300W,0.6861,pathogenic,SDCCAG8,300.0
Q86SQ7,V300Y,0.4148,ambiguous,SDCCAG8,300.0
Q86SQ7,H301A,0.5062,ambiguous,SDCCAG8,301.0
Q86SQ7,H301C,0.3303,benign,SDCCAG8,301.0
Q86SQ7,H301D,0.4082,ambiguous,SDCCAG8,301.0
Q86SQ7,H301E,0.4937,ambiguous,SDCCAG8,301.0
Q86SQ7,H301F,0.5285,ambiguous,SDCCAG8,301.0
Q86SQ7,H301G,0.5558,ambiguous,SDCCAG8,301.0
Q86SQ7,H301I,0.5592,ambiguous,SDCCAG8,301.0
Q86SQ7,H301K,0.4996,ambiguous,SDCCAG8,301.0
Q86SQ7,H301L,0.1902,benign,SDCCAG8,301.0
Q86SQ7,H301M,0.6985,pathogenic,SDCCAG8,301.0
Q86SQ7,H301N,0.193,benign,SDCCAG8,301.0
Q86SQ7,H301P,0.1649,benign,SDCCAG8,301.0
Q86SQ7,H301Q,0.3409,ambiguous,SDCCAG8,301.0
Q86SQ7,H301R,0.2348,benign,SDCCAG8,301.0
Q86SQ7,H301S,0.4139,ambiguous,SDCCAG8,301.0
Q86SQ7,H301T,0.5087,ambiguous,SDCCAG8,301.0
Q86SQ7,H301V,0.4815,ambiguous,SDCCAG8,301.0
Q86SQ7,H301W,0.6149,pathogenic,SDCCAG8,301.0
Q86SQ7,H301Y,0.1625,benign,SDCCAG8,301.0
Q86SQ7,M302A,0.3559,ambiguous,SDCCAG8,302.0
Q86SQ7,M302C,0.6586,pathogenic,SDCCAG8,302.0
Q86SQ7,M302D,0.761,pathogenic,SDCCAG8,302.0
Q86SQ7,M302E,0.3675,ambiguous,SDCCAG8,302.0
Q86SQ7,M302F,0.3326,benign,SDCCAG8,302.0
Q86SQ7,M302G,0.4801,ambiguous,SDCCAG8,302.0
Q86SQ7,M302H,0.4364,ambiguous,SDCCAG8,302.0
Q86SQ7,M302I,0.2104,benign,SDCCAG8,302.0
Q86SQ7,M302K,0.1371,benign,SDCCAG8,302.0
Q86SQ7,M302L,0.1243,benign,SDCCAG8,302.0
Q86SQ7,M302N,0.491,ambiguous,SDCCAG8,302.0
Q86SQ7,M302P,0.7836,pathogenic,SDCCAG8,302.0
Q86SQ7,M302Q,0.1924,benign,SDCCAG8,302.0
Q86SQ7,M302R,0.145,benign,SDCCAG8,302.0
Q86SQ7,M302S,0.3716,ambiguous,SDCCAG8,302.0
Q86SQ7,M302T,0.1717,benign,SDCCAG8,302.0
Q86SQ7,M302V,0.0636,benign,SDCCAG8,302.0
Q86SQ7,M302W,0.5599,ambiguous,SDCCAG8,302.0
Q86SQ7,M302Y,0.5585,ambiguous,SDCCAG8,302.0
Q86SQ7,Q303A,0.2604,benign,SDCCAG8,303.0
Q86SQ7,Q303C,0.7346,pathogenic,SDCCAG8,303.0
Q86SQ7,Q303D,0.4136,ambiguous,SDCCAG8,303.0
Q86SQ7,Q303E,0.0835,benign,SDCCAG8,303.0
Q86SQ7,Q303F,0.8027,pathogenic,SDCCAG8,303.0
Q86SQ7,Q303G,0.2863,benign,SDCCAG8,303.0
Q86SQ7,Q303H,0.2901,benign,SDCCAG8,303.0
Q86SQ7,Q303I,0.4864,ambiguous,SDCCAG8,303.0
Q86SQ7,Q303K,0.0943,benign,SDCCAG8,303.0
Q86SQ7,Q303L,0.1577,benign,SDCCAG8,303.0
Q86SQ7,Q303M,0.415,ambiguous,SDCCAG8,303.0
Q86SQ7,Q303N,0.3513,ambiguous,SDCCAG8,303.0
Q86SQ7,Q303P,0.2599,benign,SDCCAG8,303.0
Q86SQ7,Q303R,0.1222,benign,SDCCAG8,303.0
Q86SQ7,Q303S,0.4033,ambiguous,SDCCAG8,303.0
Q86SQ7,Q303T,0.2992,benign,SDCCAG8,303.0
Q86SQ7,Q303V,0.302,benign,SDCCAG8,303.0
Q86SQ7,Q303W,0.6401,pathogenic,SDCCAG8,303.0
Q86SQ7,Q303Y,0.5989,pathogenic,SDCCAG8,303.0
Q86SQ7,T304A,0.102,benign,SDCCAG8,304.0
Q86SQ7,T304C,0.5943,pathogenic,SDCCAG8,304.0
Q86SQ7,T304D,0.5173,ambiguous,SDCCAG8,304.0
Q86SQ7,T304E,0.4255,ambiguous,SDCCAG8,304.0
Q86SQ7,T304F,0.4769,ambiguous,SDCCAG8,304.0
Q86SQ7,T304G,0.4012,ambiguous,SDCCAG8,304.0
Q86SQ7,T304H,0.403,ambiguous,SDCCAG8,304.0
Q86SQ7,T304I,0.2905,benign,SDCCAG8,304.0
Q86SQ7,T304K,0.3532,ambiguous,SDCCAG8,304.0
Q86SQ7,T304L,0.1891,benign,SDCCAG8,304.0
Q86SQ7,T304M,0.1141,benign,SDCCAG8,304.0
Q86SQ7,T304N,0.1663,benign,SDCCAG8,304.0
Q86SQ7,T304P,0.4846,ambiguous,SDCCAG8,304.0
Q86SQ7,T304Q,0.3566,ambiguous,SDCCAG8,304.0
Q86SQ7,T304R,0.2968,benign,SDCCAG8,304.0
Q86SQ7,T304S,0.1786,benign,SDCCAG8,304.0
Q86SQ7,T304V,0.2309,benign,SDCCAG8,304.0
Q86SQ7,T304W,0.8052,pathogenic,SDCCAG8,304.0
Q86SQ7,T304Y,0.4778,ambiguous,SDCCAG8,304.0
Q86SQ7,I305A,0.2999,benign,SDCCAG8,305.0
Q86SQ7,I305C,0.8347,pathogenic,SDCCAG8,305.0
Q86SQ7,I305D,0.914,pathogenic,SDCCAG8,305.0
Q86SQ7,I305E,0.7531,pathogenic,SDCCAG8,305.0
Q86SQ7,I305F,0.3524,ambiguous,SDCCAG8,305.0
Q86SQ7,I305G,0.7936,pathogenic,SDCCAG8,305.0
Q86SQ7,I305H,0.7923,pathogenic,SDCCAG8,305.0
Q86SQ7,I305K,0.5462,ambiguous,SDCCAG8,305.0
Q86SQ7,I305L,0.189,benign,SDCCAG8,305.0
Q86SQ7,I305M,0.1076,benign,SDCCAG8,305.0
Q86SQ7,I305N,0.5605,ambiguous,SDCCAG8,305.0
Q86SQ7,I305P,0.9043,pathogenic,SDCCAG8,305.0
Q86SQ7,I305Q,0.6544,pathogenic,SDCCAG8,305.0
Q86SQ7,I305R,0.4411,ambiguous,SDCCAG8,305.0
Q86SQ7,I305S,0.4381,ambiguous,SDCCAG8,305.0
Q86SQ7,I305T,0.1497,benign,SDCCAG8,305.0
Q86SQ7,I305V,0.0764,benign,SDCCAG8,305.0
Q86SQ7,I305W,0.8599,pathogenic,SDCCAG8,305.0
Q86SQ7,I305Y,0.7833,pathogenic,SDCCAG8,305.0
Q86SQ7,E306A,0.2887,benign,SDCCAG8,306.0
Q86SQ7,E306C,0.9143,pathogenic,SDCCAG8,306.0
Q86SQ7,E306D,0.2073,benign,SDCCAG8,306.0
Q86SQ7,E306F,0.9007,pathogenic,SDCCAG8,306.0
Q86SQ7,E306G,0.177,benign,SDCCAG8,306.0
Q86SQ7,E306H,0.5773,pathogenic,SDCCAG8,306.0
Q86SQ7,E306I,0.7463,pathogenic,SDCCAG8,306.0
Q86SQ7,E306K,0.1987,benign,SDCCAG8,306.0
Q86SQ7,E306L,0.6617,pathogenic,SDCCAG8,306.0
Q86SQ7,E306M,0.7207,pathogenic,SDCCAG8,306.0
Q86SQ7,E306N,0.4135,ambiguous,SDCCAG8,306.0
Q86SQ7,E306P,0.9141,pathogenic,SDCCAG8,306.0
Q86SQ7,E306Q,0.1687,benign,SDCCAG8,306.0
Q86SQ7,E306R,0.3152,benign,SDCCAG8,306.0
Q86SQ7,E306S,0.3304,benign,SDCCAG8,306.0
Q86SQ7,E306T,0.4465,ambiguous,SDCCAG8,306.0
Q86SQ7,E306V,0.5138,ambiguous,SDCCAG8,306.0
Q86SQ7,E306W,0.9485,pathogenic,SDCCAG8,306.0
Q86SQ7,E306Y,0.807,pathogenic,SDCCAG8,306.0
Q86SQ7,R307A,0.3433,ambiguous,SDCCAG8,307.0
Q86SQ7,R307C,0.1761,benign,SDCCAG8,307.0
Q86SQ7,R307D,0.585,pathogenic,SDCCAG8,307.0
Q86SQ7,R307E,0.3411,ambiguous,SDCCAG8,307.0
Q86SQ7,R307F,0.4872,ambiguous,SDCCAG8,307.0
Q86SQ7,R307G,0.1768,benign,SDCCAG8,307.0
Q86SQ7,R307H,0.1116,benign,SDCCAG8,307.0
Q86SQ7,R307I,0.1752,benign,SDCCAG8,307.0
Q86SQ7,R307K,0.1249,benign,SDCCAG8,307.0
Q86SQ7,R307L,0.2329,benign,SDCCAG8,307.0
Q86SQ7,R307M,0.1634,benign,SDCCAG8,307.0
Q86SQ7,R307N,0.4451,ambiguous,SDCCAG8,307.0
Q86SQ7,R307P,0.8904,pathogenic,SDCCAG8,307.0
Q86SQ7,R307Q,0.1137,benign,SDCCAG8,307.0
Q86SQ7,R307S,0.3919,ambiguous,SDCCAG8,307.0
Q86SQ7,R307T,0.164,benign,SDCCAG8,307.0
Q86SQ7,R307V,0.2792,benign,SDCCAG8,307.0
Q86SQ7,R307W,0.1868,benign,SDCCAG8,307.0
Q86SQ7,R307Y,0.3471,ambiguous,SDCCAG8,307.0
Q86SQ7,L308A,0.5401,ambiguous,SDCCAG8,308.0
Q86SQ7,L308C,0.7362,pathogenic,SDCCAG8,308.0
Q86SQ7,L308D,0.9587,pathogenic,SDCCAG8,308.0
Q86SQ7,L308E,0.8308,pathogenic,SDCCAG8,308.0
Q86SQ7,L308F,0.3662,ambiguous,SDCCAG8,308.0
Q86SQ7,L308G,0.8635,pathogenic,SDCCAG8,308.0
Q86SQ7,L308H,0.6604,pathogenic,SDCCAG8,308.0
Q86SQ7,L308I,0.1312,benign,SDCCAG8,308.0
Q86SQ7,L308K,0.7972,pathogenic,SDCCAG8,308.0
Q86SQ7,L308M,0.1946,benign,SDCCAG8,308.0
Q86SQ7,L308N,0.8386,pathogenic,SDCCAG8,308.0
Q86SQ7,L308P,0.9457,pathogenic,SDCCAG8,308.0
Q86SQ7,L308Q,0.6269,pathogenic,SDCCAG8,308.0
Q86SQ7,L308R,0.6823,pathogenic,SDCCAG8,308.0
Q86SQ7,L308S,0.7607,pathogenic,SDCCAG8,308.0
Q86SQ7,L308T,0.5411,ambiguous,SDCCAG8,308.0
Q86SQ7,L308V,0.1239,benign,SDCCAG8,308.0
Q86SQ7,L308W,0.5859,pathogenic,SDCCAG8,308.0
Q86SQ7,L308Y,0.7066,pathogenic,SDCCAG8,308.0
Q86SQ7,V309A,0.1249,benign,SDCCAG8,309.0
Q86SQ7,V309C,0.5115,ambiguous,SDCCAG8,309.0
Q86SQ7,V309D,0.3,benign,SDCCAG8,309.0
Q86SQ7,V309E,0.1799,benign,SDCCAG8,309.0
Q86SQ7,V309F,0.152,benign,SDCCAG8,309.0
Q86SQ7,V309G,0.1252,benign,SDCCAG8,309.0
Q86SQ7,V309H,0.3484,ambiguous,SDCCAG8,309.0
Q86SQ7,V309I,0.0789,benign,SDCCAG8,309.0
Q86SQ7,V309K,0.17,benign,SDCCAG8,309.0
Q86SQ7,V309L,0.1194,benign,SDCCAG8,309.0
Q86SQ7,V309M,0.0915,benign,SDCCAG8,309.0
Q86SQ7,V309N,0.1674,benign,SDCCAG8,309.0
Q86SQ7,V309P,0.7381,pathogenic,SDCCAG8,309.0
Q86SQ7,V309Q,0.1485,benign,SDCCAG8,309.0
Q86SQ7,V309R,0.1431,benign,SDCCAG8,309.0
Q86SQ7,V309S,0.1126,benign,SDCCAG8,309.0
Q86SQ7,V309T,0.0841,benign,SDCCAG8,309.0
Q86SQ7,V309W,0.5943,pathogenic,SDCCAG8,309.0
Q86SQ7,V309Y,0.4184,ambiguous,SDCCAG8,309.0
Q86SQ7,K310A,0.443,ambiguous,SDCCAG8,310.0
Q86SQ7,K310C,0.7723,pathogenic,SDCCAG8,310.0
Q86SQ7,K310D,0.7153,pathogenic,SDCCAG8,310.0
Q86SQ7,K310E,0.2162,benign,SDCCAG8,310.0
Q86SQ7,K310F,0.871,pathogenic,SDCCAG8,310.0
Q86SQ7,K310G,0.4612,ambiguous,SDCCAG8,310.0
Q86SQ7,K310H,0.4366,ambiguous,SDCCAG8,310.0
Q86SQ7,K310I,0.544,ambiguous,SDCCAG8,310.0
Q86SQ7,K310L,0.4865,ambiguous,SDCCAG8,310.0
Q86SQ7,K310M,0.3284,benign,SDCCAG8,310.0
Q86SQ7,K310N,0.5269,ambiguous,SDCCAG8,310.0
Q86SQ7,K310P,0.9159,pathogenic,SDCCAG8,310.0
Q86SQ7,K310Q,0.155,benign,SDCCAG8,310.0
Q86SQ7,K310R,0.0812,benign,SDCCAG8,310.0
Q86SQ7,K310S,0.535,ambiguous,SDCCAG8,310.0
Q86SQ7,K310T,0.262,benign,SDCCAG8,310.0
Q86SQ7,K310V,0.4809,ambiguous,SDCCAG8,310.0
Q86SQ7,K310W,0.8171,pathogenic,SDCCAG8,310.0
Q86SQ7,K310Y,0.764,pathogenic,SDCCAG8,310.0
Q86SQ7,E311A,0.641,pathogenic,SDCCAG8,311.0
Q86SQ7,E311C,0.9734,pathogenic,SDCCAG8,311.0
Q86SQ7,E311D,0.4828,ambiguous,SDCCAG8,311.0
Q86SQ7,E311F,0.9717,pathogenic,SDCCAG8,311.0
Q86SQ7,E311G,0.5402,ambiguous,SDCCAG8,311.0
Q86SQ7,E311H,0.9254,pathogenic,SDCCAG8,311.0
Q86SQ7,E311I,0.8839,pathogenic,SDCCAG8,311.0
Q86SQ7,E311K,0.6738,pathogenic,SDCCAG8,311.0
Q86SQ7,E311L,0.8733,pathogenic,SDCCAG8,311.0
Q86SQ7,E311M,0.8737,pathogenic,SDCCAG8,311.0
Q86SQ7,E311N,0.8498,pathogenic,SDCCAG8,311.0
Q86SQ7,E311P,0.9909,pathogenic,SDCCAG8,311.0
Q86SQ7,E311Q,0.5169,ambiguous,SDCCAG8,311.0
Q86SQ7,E311R,0.8164,pathogenic,SDCCAG8,311.0
Q86SQ7,E311S,0.7977,pathogenic,SDCCAG8,311.0
Q86SQ7,E311T,0.8225,pathogenic,SDCCAG8,311.0
Q86SQ7,E311V,0.7019,pathogenic,SDCCAG8,311.0
Q86SQ7,E311W,0.9868,pathogenic,SDCCAG8,311.0
Q86SQ7,E311Y,0.9313,pathogenic,SDCCAG8,311.0
Q86SQ7,R312A,0.8382,pathogenic,SDCCAG8,312.0
Q86SQ7,R312C,0.4809,ambiguous,SDCCAG8,312.0
Q86SQ7,R312D,0.9582,pathogenic,SDCCAG8,312.0
Q86SQ7,R312E,0.777,pathogenic,SDCCAG8,312.0
Q86SQ7,R312F,0.9642,pathogenic,SDCCAG8,312.0
Q86SQ7,R312G,0.5916,pathogenic,SDCCAG8,312.0
Q86SQ7,R312H,0.3184,benign,SDCCAG8,312.0
Q86SQ7,R312I,0.7164,pathogenic,SDCCAG8,312.0
Q86SQ7,R312K,0.1908,benign,SDCCAG8,312.0
Q86SQ7,R312L,0.7434,pathogenic,SDCCAG8,312.0
Q86SQ7,R312M,0.6812,pathogenic,SDCCAG8,312.0
Q86SQ7,R312N,0.8782,pathogenic,SDCCAG8,312.0
Q86SQ7,R312P,0.9821,pathogenic,SDCCAG8,312.0
Q86SQ7,R312Q,0.2633,benign,SDCCAG8,312.0
Q86SQ7,R312S,0.8876,pathogenic,SDCCAG8,312.0
Q86SQ7,R312T,0.6965,pathogenic,SDCCAG8,312.0
Q86SQ7,R312V,0.7908,pathogenic,SDCCAG8,312.0
Q86SQ7,R312W,0.6157,pathogenic,SDCCAG8,312.0
Q86SQ7,R312Y,0.8085,pathogenic,SDCCAG8,312.0
Q86SQ7,D313A,0.5755,pathogenic,SDCCAG8,313.0
Q86SQ7,D313C,0.9051,pathogenic,SDCCAG8,313.0
Q86SQ7,D313E,0.589,pathogenic,SDCCAG8,313.0
Q86SQ7,D313F,0.9276,pathogenic,SDCCAG8,313.0
Q86SQ7,D313G,0.374,ambiguous,SDCCAG8,313.0
Q86SQ7,D313H,0.6815,pathogenic,SDCCAG8,313.0
Q86SQ7,D313I,0.8375,pathogenic,SDCCAG8,313.0
Q86SQ7,D313K,0.7662,pathogenic,SDCCAG8,313.0
Q86SQ7,D313L,0.8557,pathogenic,SDCCAG8,313.0
Q86SQ7,D313M,0.9334,pathogenic,SDCCAG8,313.0
Q86SQ7,D313N,0.2094,benign,SDCCAG8,313.0
Q86SQ7,D313P,0.9821,pathogenic,SDCCAG8,313.0
Q86SQ7,D313Q,0.8078,pathogenic,SDCCAG8,313.0
Q86SQ7,D313R,0.7782,pathogenic,SDCCAG8,313.0
Q86SQ7,D313S,0.3871,ambiguous,SDCCAG8,313.0
Q86SQ7,D313T,0.6104,pathogenic,SDCCAG8,313.0
Q86SQ7,D313V,0.6122,pathogenic,SDCCAG8,313.0
Q86SQ7,D313W,0.9749,pathogenic,SDCCAG8,313.0
Q86SQ7,D313Y,0.526,ambiguous,SDCCAG8,313.0
Q86SQ7,D314A,0.2841,benign,SDCCAG8,314.0
Q86SQ7,D314C,0.6863,pathogenic,SDCCAG8,314.0
Q86SQ7,D314E,0.2589,benign,SDCCAG8,314.0
Q86SQ7,D314F,0.6389,pathogenic,SDCCAG8,314.0
Q86SQ7,D314G,0.2933,benign,SDCCAG8,314.0
Q86SQ7,D314H,0.3709,ambiguous,SDCCAG8,314.0
Q86SQ7,D314I,0.4048,ambiguous,SDCCAG8,314.0
Q86SQ7,D314K,0.5267,ambiguous,SDCCAG8,314.0
Q86SQ7,D314L,0.5057,ambiguous,SDCCAG8,314.0
Q86SQ7,D314M,0.7292,pathogenic,SDCCAG8,314.0
Q86SQ7,D314N,0.1436,benign,SDCCAG8,314.0
Q86SQ7,D314P,0.9687,pathogenic,SDCCAG8,314.0
Q86SQ7,D314Q,0.5363,ambiguous,SDCCAG8,314.0
Q86SQ7,D314R,0.5431,ambiguous,SDCCAG8,314.0
Q86SQ7,D314S,0.2202,benign,SDCCAG8,314.0
Q86SQ7,D314T,0.3573,ambiguous,SDCCAG8,314.0
Q86SQ7,D314V,0.2427,benign,SDCCAG8,314.0
Q86SQ7,D314W,0.9317,pathogenic,SDCCAG8,314.0
Q86SQ7,D314Y,0.2355,benign,SDCCAG8,314.0
Q86SQ7,L315A,0.5707,pathogenic,SDCCAG8,315.0
Q86SQ7,L315C,0.6547,pathogenic,SDCCAG8,315.0
Q86SQ7,L315D,0.9533,pathogenic,SDCCAG8,315.0
Q86SQ7,L315E,0.8641,pathogenic,SDCCAG8,315.0
Q86SQ7,L315F,0.2112,benign,SDCCAG8,315.0
Q86SQ7,L315G,0.8654,pathogenic,SDCCAG8,315.0
Q86SQ7,L315H,0.6164,pathogenic,SDCCAG8,315.0
Q86SQ7,L315I,0.1401,benign,SDCCAG8,315.0
Q86SQ7,L315K,0.7665,pathogenic,SDCCAG8,315.0
Q86SQ7,L315M,0.1707,benign,SDCCAG8,315.0
Q86SQ7,L315N,0.8185,pathogenic,SDCCAG8,315.0
Q86SQ7,L315P,0.9748,pathogenic,SDCCAG8,315.0
Q86SQ7,L315Q,0.6271,pathogenic,SDCCAG8,315.0
Q86SQ7,L315R,0.6696,pathogenic,SDCCAG8,315.0
Q86SQ7,L315S,0.7218,pathogenic,SDCCAG8,315.0
Q86SQ7,L315T,0.5029,ambiguous,SDCCAG8,315.0
Q86SQ7,L315V,0.1399,benign,SDCCAG8,315.0
Q86SQ7,L315W,0.4945,ambiguous,SDCCAG8,315.0
Q86SQ7,L315Y,0.5675,pathogenic,SDCCAG8,315.0
Q86SQ7,M316A,0.6487,pathogenic,SDCCAG8,316.0
Q86SQ7,M316C,0.8147,pathogenic,SDCCAG8,316.0
Q86SQ7,M316D,0.9134,pathogenic,SDCCAG8,316.0
Q86SQ7,M316E,0.7018,pathogenic,SDCCAG8,316.0
Q86SQ7,M316F,0.4824,ambiguous,SDCCAG8,316.0
Q86SQ7,M316G,0.7888,pathogenic,SDCCAG8,316.0
Q86SQ7,M316H,0.5913,pathogenic,SDCCAG8,316.0
Q86SQ7,M316I,0.5484,ambiguous,SDCCAG8,316.0
Q86SQ7,M316K,0.322,benign,SDCCAG8,316.0
Q86SQ7,M316L,0.1631,benign,SDCCAG8,316.0
Q86SQ7,M316N,0.6513,pathogenic,SDCCAG8,316.0
Q86SQ7,M316P,0.9533,pathogenic,SDCCAG8,316.0
Q86SQ7,M316Q,0.3552,ambiguous,SDCCAG8,316.0
Q86SQ7,M316R,0.3161,benign,SDCCAG8,316.0
Q86SQ7,M316S,0.5862,pathogenic,SDCCAG8,316.0
Q86SQ7,M316T,0.3536,ambiguous,SDCCAG8,316.0
Q86SQ7,M316V,0.1501,benign,SDCCAG8,316.0
Q86SQ7,M316W,0.7872,pathogenic,SDCCAG8,316.0
Q86SQ7,M316Y,0.7277,pathogenic,SDCCAG8,316.0
Q86SQ7,S317A,0.0689,benign,SDCCAG8,317.0
Q86SQ7,S317C,0.1164,benign,SDCCAG8,317.0
Q86SQ7,S317D,0.2875,benign,SDCCAG8,317.0
Q86SQ7,S317E,0.4154,ambiguous,SDCCAG8,317.0
Q86SQ7,S317F,0.1988,benign,SDCCAG8,317.0
Q86SQ7,S317G,0.0844,benign,SDCCAG8,317.0
Q86SQ7,S317H,0.3536,ambiguous,SDCCAG8,317.0
Q86SQ7,S317I,0.2011,benign,SDCCAG8,317.0
Q86SQ7,S317K,0.6288,pathogenic,SDCCAG8,317.0
Q86SQ7,S317L,0.0917,benign,SDCCAG8,317.0
Q86SQ7,S317M,0.2116,benign,SDCCAG8,317.0
Q86SQ7,S317N,0.1403,benign,SDCCAG8,317.0
Q86SQ7,S317P,0.6963,pathogenic,SDCCAG8,317.0
Q86SQ7,S317Q,0.5228,ambiguous,SDCCAG8,317.0
Q86SQ7,S317R,0.5282,ambiguous,SDCCAG8,317.0
Q86SQ7,S317T,0.0878,benign,SDCCAG8,317.0
Q86SQ7,S317V,0.1976,benign,SDCCAG8,317.0
Q86SQ7,S317W,0.3268,benign,SDCCAG8,317.0
Q86SQ7,S317Y,0.1669,benign,SDCCAG8,317.0
Q86SQ7,A318C,0.4761,ambiguous,SDCCAG8,318.0
Q86SQ7,A318D,0.464,ambiguous,SDCCAG8,318.0
Q86SQ7,A318E,0.3942,ambiguous,SDCCAG8,318.0
Q86SQ7,A318F,0.3894,ambiguous,SDCCAG8,318.0
Q86SQ7,A318G,0.2413,benign,SDCCAG8,318.0
Q86SQ7,A318H,0.5635,ambiguous,SDCCAG8,318.0
Q86SQ7,A318I,0.2648,benign,SDCCAG8,318.0
Q86SQ7,A318K,0.5985,pathogenic,SDCCAG8,318.0
Q86SQ7,A318L,0.2203,benign,SDCCAG8,318.0
Q86SQ7,A318M,0.2297,benign,SDCCAG8,318.0
Q86SQ7,A318N,0.3772,ambiguous,SDCCAG8,318.0
Q86SQ7,A318P,0.8431,pathogenic,SDCCAG8,318.0
Q86SQ7,A318Q,0.4596,ambiguous,SDCCAG8,318.0
Q86SQ7,A318R,0.5174,ambiguous,SDCCAG8,318.0
Q86SQ7,A318S,0.1123,benign,SDCCAG8,318.0
Q86SQ7,A318T,0.0887,benign,SDCCAG8,318.0
Q86SQ7,A318V,0.1069,benign,SDCCAG8,318.0
Q86SQ7,A318W,0.851,pathogenic,SDCCAG8,318.0
Q86SQ7,A318Y,0.5969,pathogenic,SDCCAG8,318.0
Q86SQ7,L319A,0.4794,ambiguous,SDCCAG8,319.0
Q86SQ7,L319C,0.7302,pathogenic,SDCCAG8,319.0
Q86SQ7,L319D,0.9516,pathogenic,SDCCAG8,319.0
Q86SQ7,L319E,0.7862,pathogenic,SDCCAG8,319.0
Q86SQ7,L319F,0.2669,benign,SDCCAG8,319.0
Q86SQ7,L319G,0.8499,pathogenic,SDCCAG8,319.0
Q86SQ7,L319H,0.5627,ambiguous,SDCCAG8,319.0
Q86SQ7,L319I,0.1504,benign,SDCCAG8,319.0
Q86SQ7,L319K,0.6722,pathogenic,SDCCAG8,319.0
Q86SQ7,L319M,0.1797,benign,SDCCAG8,319.0
Q86SQ7,L319N,0.7988,pathogenic,SDCCAG8,319.0
Q86SQ7,L319P,0.9291,pathogenic,SDCCAG8,319.0
Q86SQ7,L319Q,0.5028,ambiguous,SDCCAG8,319.0
Q86SQ7,L319R,0.5337,ambiguous,SDCCAG8,319.0
Q86SQ7,L319S,0.6111,pathogenic,SDCCAG8,319.0
Q86SQ7,L319T,0.4918,ambiguous,SDCCAG8,319.0
Q86SQ7,L319V,0.1219,benign,SDCCAG8,319.0
Q86SQ7,L319W,0.5163,ambiguous,SDCCAG8,319.0
Q86SQ7,L319Y,0.642,pathogenic,SDCCAG8,319.0
Q86SQ7,V320A,0.1809,benign,SDCCAG8,320.0
Q86SQ7,V320C,0.6536,pathogenic,SDCCAG8,320.0
Q86SQ7,V320D,0.2893,benign,SDCCAG8,320.0
Q86SQ7,V320E,0.2987,benign,SDCCAG8,320.0
Q86SQ7,V320F,0.1704,benign,SDCCAG8,320.0
Q86SQ7,V320G,0.1752,benign,SDCCAG8,320.0
Q86SQ7,V320H,0.4842,ambiguous,SDCCAG8,320.0
Q86SQ7,V320I,0.108,benign,SDCCAG8,320.0
Q86SQ7,V320K,0.3998,ambiguous,SDCCAG8,320.0
Q86SQ7,V320L,0.1917,benign,SDCCAG8,320.0
Q86SQ7,V320M,0.2187,benign,SDCCAG8,320.0
Q86SQ7,V320N,0.2867,benign,SDCCAG8,320.0
Q86SQ7,V320P,0.7524,pathogenic,SDCCAG8,320.0
Q86SQ7,V320Q,0.323,benign,SDCCAG8,320.0
Q86SQ7,V320R,0.3126,benign,SDCCAG8,320.0
Q86SQ7,V320S,0.1969,benign,SDCCAG8,320.0
Q86SQ7,V320T,0.2189,benign,SDCCAG8,320.0
Q86SQ7,V320W,0.776,pathogenic,SDCCAG8,320.0
Q86SQ7,V320Y,0.4972,ambiguous,SDCCAG8,320.0
Q86SQ7,S321A,0.0703,benign,SDCCAG8,321.0
Q86SQ7,S321C,0.1083,benign,SDCCAG8,321.0
Q86SQ7,S321D,0.4757,ambiguous,SDCCAG8,321.0
Q86SQ7,S321E,0.5747,pathogenic,SDCCAG8,321.0
Q86SQ7,S321F,0.1954,benign,SDCCAG8,321.0
Q86SQ7,S321G,0.1119,benign,SDCCAG8,321.0
Q86SQ7,S321H,0.4056,ambiguous,SDCCAG8,321.0
Q86SQ7,S321I,0.2432,benign,SDCCAG8,321.0
Q86SQ7,S321K,0.719,pathogenic,SDCCAG8,321.0
Q86SQ7,S321L,0.0982,benign,SDCCAG8,321.0
Q86SQ7,S321M,0.2295,benign,SDCCAG8,321.0
Q86SQ7,S321N,0.2246,benign,SDCCAG8,321.0
Q86SQ7,S321P,0.6665,pathogenic,SDCCAG8,321.0
Q86SQ7,S321Q,0.587,pathogenic,SDCCAG8,321.0
Q86SQ7,S321R,0.6095,pathogenic,SDCCAG8,321.0
Q86SQ7,S321T,0.0853,benign,SDCCAG8,321.0
Q86SQ7,S321V,0.2105,benign,SDCCAG8,321.0
Q86SQ7,S321W,0.3316,benign,SDCCAG8,321.0
Q86SQ7,S321Y,0.1816,benign,SDCCAG8,321.0
Q86SQ7,V322A,0.1889,benign,SDCCAG8,322.0
Q86SQ7,V322C,0.6966,pathogenic,SDCCAG8,322.0
Q86SQ7,V322D,0.6237,pathogenic,SDCCAG8,322.0
Q86SQ7,V322E,0.4751,ambiguous,SDCCAG8,322.0
Q86SQ7,V322F,0.1837,benign,SDCCAG8,322.0
Q86SQ7,V322G,0.3008,benign,SDCCAG8,322.0
Q86SQ7,V322H,0.7115,pathogenic,SDCCAG8,322.0
Q86SQ7,V322I,0.0886,benign,SDCCAG8,322.0
Q86SQ7,V322K,0.5696,pathogenic,SDCCAG8,322.0
Q86SQ7,V322L,0.1465,benign,SDCCAG8,322.0
Q86SQ7,V322M,0.1192,benign,SDCCAG8,322.0
Q86SQ7,V322N,0.4673,ambiguous,SDCCAG8,322.0
Q86SQ7,V322P,0.9197,pathogenic,SDCCAG8,322.0
Q86SQ7,V322Q,0.4478,ambiguous,SDCCAG8,322.0
Q86SQ7,V322R,0.5088,ambiguous,SDCCAG8,322.0
Q86SQ7,V322S,0.2955,benign,SDCCAG8,322.0
Q86SQ7,V322T,0.2504,benign,SDCCAG8,322.0
Q86SQ7,V322W,0.8179,pathogenic,SDCCAG8,322.0
Q86SQ7,V322Y,0.6263,pathogenic,SDCCAG8,322.0
Q86SQ7,R323A,0.6592,pathogenic,SDCCAG8,323.0
Q86SQ7,R323C,0.2739,benign,SDCCAG8,323.0
Q86SQ7,R323D,0.8438,pathogenic,SDCCAG8,323.0
Q86SQ7,R323E,0.4902,ambiguous,SDCCAG8,323.0
Q86SQ7,R323F,0.7886,pathogenic,SDCCAG8,323.0
Q86SQ7,R323G,0.3566,ambiguous,SDCCAG8,323.0
Q86SQ7,R323H,0.1639,benign,SDCCAG8,323.0
Q86SQ7,R323I,0.5175,ambiguous,SDCCAG8,323.0
Q86SQ7,R323K,0.1461,benign,SDCCAG8,323.0
Q86SQ7,R323L,0.5135,ambiguous,SDCCAG8,323.0
Q86SQ7,R323M,0.4505,ambiguous,SDCCAG8,323.0
Q86SQ7,R323N,0.73,pathogenic,SDCCAG8,323.0
Q86SQ7,R323P,0.9212,pathogenic,SDCCAG8,323.0
Q86SQ7,R323Q,0.1244,benign,SDCCAG8,323.0
Q86SQ7,R323S,0.6724,pathogenic,SDCCAG8,323.0
Q86SQ7,R323T,0.406,ambiguous,SDCCAG8,323.0
Q86SQ7,R323V,0.6317,pathogenic,SDCCAG8,323.0
Q86SQ7,R323W,0.269,benign,SDCCAG8,323.0
Q86SQ7,R323Y,0.6127,pathogenic,SDCCAG8,323.0
Q86SQ7,S324A,0.1094,benign,SDCCAG8,324.0
Q86SQ7,S324C,0.0912,benign,SDCCAG8,324.0
Q86SQ7,S324D,0.2384,benign,SDCCAG8,324.0
Q86SQ7,S324E,0.3555,ambiguous,SDCCAG8,324.0
Q86SQ7,S324F,0.286,benign,SDCCAG8,324.0
Q86SQ7,S324G,0.0717,benign,SDCCAG8,324.0
Q86SQ7,S324H,0.2001,benign,SDCCAG8,324.0
Q86SQ7,S324I,0.1292,benign,SDCCAG8,324.0
Q86SQ7,S324K,0.3446,ambiguous,SDCCAG8,324.0
Q86SQ7,S324L,0.1575,benign,SDCCAG8,324.0
Q86SQ7,S324M,0.2173,benign,SDCCAG8,324.0
Q86SQ7,S324N,0.0991,benign,SDCCAG8,324.0
Q86SQ7,S324P,0.7705,pathogenic,SDCCAG8,324.0
Q86SQ7,S324Q,0.3203,benign,SDCCAG8,324.0
Q86SQ7,S324R,0.2689,benign,SDCCAG8,324.0
Q86SQ7,S324T,0.0984,benign,SDCCAG8,324.0
Q86SQ7,S324V,0.186,benign,SDCCAG8,324.0
Q86SQ7,S324W,0.3512,ambiguous,SDCCAG8,324.0
Q86SQ7,S324Y,0.1873,benign,SDCCAG8,324.0
Q86SQ7,S325A,0.1165,benign,SDCCAG8,325.0
Q86SQ7,S325C,0.0936,benign,SDCCAG8,325.0
Q86SQ7,S325D,0.3093,benign,SDCCAG8,325.0
Q86SQ7,S325E,0.4959,ambiguous,SDCCAG8,325.0
Q86SQ7,S325F,0.2615,benign,SDCCAG8,325.0
Q86SQ7,S325G,0.0906,benign,SDCCAG8,325.0
Q86SQ7,S325H,0.2305,benign,SDCCAG8,325.0
Q86SQ7,S325I,0.1266,benign,SDCCAG8,325.0
Q86SQ7,S325K,0.5,ambiguous,SDCCAG8,325.0
Q86SQ7,S325L,0.1411,benign,SDCCAG8,325.0
Q86SQ7,S325M,0.2164,benign,SDCCAG8,325.0
Q86SQ7,S325N,0.1104,benign,SDCCAG8,325.0
Q86SQ7,S325P,0.8096,pathogenic,SDCCAG8,325.0
Q86SQ7,S325Q,0.3996,ambiguous,SDCCAG8,325.0
Q86SQ7,S325R,0.3809,ambiguous,SDCCAG8,325.0
Q86SQ7,S325T,0.0941,benign,SDCCAG8,325.0
Q86SQ7,S325V,0.1774,benign,SDCCAG8,325.0
Q86SQ7,S325W,0.3763,ambiguous,SDCCAG8,325.0
Q86SQ7,S325Y,0.2065,benign,SDCCAG8,325.0
Q86SQ7,L326A,0.3396,benign,SDCCAG8,326.0
Q86SQ7,L326C,0.5612,ambiguous,SDCCAG8,326.0
Q86SQ7,L326D,0.864,pathogenic,SDCCAG8,326.0
Q86SQ7,L326E,0.5238,ambiguous,SDCCAG8,326.0
Q86SQ7,L326F,0.1653,benign,SDCCAG8,326.0
Q86SQ7,L326G,0.692,pathogenic,SDCCAG8,326.0
Q86SQ7,L326H,0.2515,benign,SDCCAG8,326.0
Q86SQ7,L326I,0.1043,benign,SDCCAG8,326.0
Q86SQ7,L326K,0.3291,benign,SDCCAG8,326.0
Q86SQ7,L326M,0.1261,benign,SDCCAG8,326.0
Q86SQ7,L326N,0.5956,pathogenic,SDCCAG8,326.0
Q86SQ7,L326P,0.8654,pathogenic,SDCCAG8,326.0
Q86SQ7,L326Q,0.1953,benign,SDCCAG8,326.0
Q86SQ7,L326R,0.2382,benign,SDCCAG8,326.0
Q86SQ7,L326S,0.3945,ambiguous,SDCCAG8,326.0
Q86SQ7,L326T,0.326,benign,SDCCAG8,326.0
Q86SQ7,L326V,0.1014,benign,SDCCAG8,326.0
Q86SQ7,L326W,0.2837,benign,SDCCAG8,326.0
Q86SQ7,L326Y,0.4104,ambiguous,SDCCAG8,326.0
Q86SQ7,A327C,0.4142,ambiguous,SDCCAG8,327.0
Q86SQ7,A327D,0.2207,benign,SDCCAG8,327.0
Q86SQ7,A327E,0.1935,benign,SDCCAG8,327.0
Q86SQ7,A327F,0.3225,benign,SDCCAG8,327.0
Q86SQ7,A327G,0.1281,benign,SDCCAG8,327.0
Q86SQ7,A327H,0.3509,ambiguous,SDCCAG8,327.0
Q86SQ7,A327I,0.251,benign,SDCCAG8,327.0
Q86SQ7,A327K,0.288,benign,SDCCAG8,327.0
Q86SQ7,A327L,0.1621,benign,SDCCAG8,327.0
Q86SQ7,A327M,0.2263,benign,SDCCAG8,327.0
Q86SQ7,A327N,0.2257,benign,SDCCAG8,327.0
Q86SQ7,A327P,0.5401,ambiguous,SDCCAG8,327.0
Q86SQ7,A327Q,0.27,benign,SDCCAG8,327.0
Q86SQ7,A327R,0.2236,benign,SDCCAG8,327.0
Q86SQ7,A327S,0.0984,benign,SDCCAG8,327.0
Q86SQ7,A327T,0.0781,benign,SDCCAG8,327.0
Q86SQ7,A327V,0.1212,benign,SDCCAG8,327.0
Q86SQ7,A327W,0.6069,pathogenic,SDCCAG8,327.0
Q86SQ7,A327Y,0.4172,ambiguous,SDCCAG8,327.0
Q86SQ7,D328A,0.1202,benign,SDCCAG8,328.0
Q86SQ7,D328C,0.3873,ambiguous,SDCCAG8,328.0
Q86SQ7,D328E,0.1173,benign,SDCCAG8,328.0
Q86SQ7,D328F,0.3847,ambiguous,SDCCAG8,328.0
Q86SQ7,D328G,0.1139,benign,SDCCAG8,328.0
Q86SQ7,D328H,0.1692,benign,SDCCAG8,328.0
Q86SQ7,D328I,0.222,benign,SDCCAG8,328.0
Q86SQ7,D328K,0.2111,benign,SDCCAG8,328.0
Q86SQ7,D328L,0.2449,benign,SDCCAG8,328.0
Q86SQ7,D328M,0.4532,ambiguous,SDCCAG8,328.0
Q86SQ7,D328N,0.0852,benign,SDCCAG8,328.0
Q86SQ7,D328P,0.784,pathogenic,SDCCAG8,328.0
Q86SQ7,D328Q,0.2213,benign,SDCCAG8,328.0
Q86SQ7,D328R,0.2372,benign,SDCCAG8,328.0
Q86SQ7,D328S,0.1123,benign,SDCCAG8,328.0
Q86SQ7,D328T,0.1773,benign,SDCCAG8,328.0
Q86SQ7,D328V,0.1238,benign,SDCCAG8,328.0
Q86SQ7,D328W,0.7676,pathogenic,SDCCAG8,328.0
Q86SQ7,D328Y,0.1364,benign,SDCCAG8,328.0
Q86SQ7,T329A,0.0749,benign,SDCCAG8,329.0
Q86SQ7,T329C,0.3009,benign,SDCCAG8,329.0
Q86SQ7,T329D,0.4499,ambiguous,SDCCAG8,329.0
Q86SQ7,T329E,0.3661,ambiguous,SDCCAG8,329.0
Q86SQ7,T329F,0.2503,benign,SDCCAG8,329.0
Q86SQ7,T329G,0.2031,benign,SDCCAG8,329.0
Q86SQ7,T329H,0.2635,benign,SDCCAG8,329.0
Q86SQ7,T329I,0.132,benign,SDCCAG8,329.0
Q86SQ7,T329K,0.2443,benign,SDCCAG8,329.0
Q86SQ7,T329L,0.1111,benign,SDCCAG8,329.0
Q86SQ7,T329M,0.0872,benign,SDCCAG8,329.0
Q86SQ7,T329N,0.1386,benign,SDCCAG8,329.0
Q86SQ7,T329P,0.4707,ambiguous,SDCCAG8,329.0
Q86SQ7,T329Q,0.2543,benign,SDCCAG8,329.0
Q86SQ7,T329R,0.1848,benign,SDCCAG8,329.0
Q86SQ7,T329S,0.1111,benign,SDCCAG8,329.0
Q86SQ7,T329V,0.1165,benign,SDCCAG8,329.0
Q86SQ7,T329W,0.5771,pathogenic,SDCCAG8,329.0
Q86SQ7,T329Y,0.2731,benign,SDCCAG8,329.0
Q86SQ7,Q330A,0.3397,benign,SDCCAG8,330.0
Q86SQ7,Q330C,0.6626,pathogenic,SDCCAG8,330.0
Q86SQ7,Q330D,0.6899,pathogenic,SDCCAG8,330.0
Q86SQ7,Q330E,0.1199,benign,SDCCAG8,330.0
Q86SQ7,Q330F,0.789,pathogenic,SDCCAG8,330.0
Q86SQ7,Q330G,0.3396,benign,SDCCAG8,330.0
Q86SQ7,Q330H,0.3008,benign,SDCCAG8,330.0
Q86SQ7,Q330I,0.4954,ambiguous,SDCCAG8,330.0
Q86SQ7,Q330K,0.0922,benign,SDCCAG8,330.0
Q86SQ7,Q330L,0.1896,benign,SDCCAG8,330.0
Q86SQ7,Q330M,0.4757,ambiguous,SDCCAG8,330.0
Q86SQ7,Q330N,0.5132,ambiguous,SDCCAG8,330.0
Q86SQ7,Q330P,0.6709,pathogenic,SDCCAG8,330.0
Q86SQ7,Q330R,0.0864,benign,SDCCAG8,330.0
Q86SQ7,Q330S,0.4466,ambiguous,SDCCAG8,330.0
Q86SQ7,Q330T,0.3661,ambiguous,SDCCAG8,330.0
Q86SQ7,Q330V,0.3303,benign,SDCCAG8,330.0
Q86SQ7,Q330W,0.573,pathogenic,SDCCAG8,330.0
Q86SQ7,Q330Y,0.5875,pathogenic,SDCCAG8,330.0
Q86SQ7,Q331A,0.2289,benign,SDCCAG8,331.0
Q86SQ7,Q331C,0.5174,ambiguous,SDCCAG8,331.0
Q86SQ7,Q331D,0.3896,ambiguous,SDCCAG8,331.0
Q86SQ7,Q331E,0.0853,benign,SDCCAG8,331.0
Q86SQ7,Q331F,0.6405,pathogenic,SDCCAG8,331.0
Q86SQ7,Q331G,0.2146,benign,SDCCAG8,331.0
Q86SQ7,Q331H,0.1994,benign,SDCCAG8,331.0
Q86SQ7,Q331I,0.3546,ambiguous,SDCCAG8,331.0
Q86SQ7,Q331K,0.0727,benign,SDCCAG8,331.0
Q86SQ7,Q331L,0.1213,benign,SDCCAG8,331.0
Q86SQ7,Q331M,0.3259,benign,SDCCAG8,331.0
Q86SQ7,Q331N,0.2962,benign,SDCCAG8,331.0
Q86SQ7,Q331P,0.5593,ambiguous,SDCCAG8,331.0
Q86SQ7,Q331R,0.0856,benign,SDCCAG8,331.0
Q86SQ7,Q331S,0.3117,benign,SDCCAG8,331.0
Q86SQ7,Q331T,0.2567,benign,SDCCAG8,331.0
Q86SQ7,Q331V,0.2411,benign,SDCCAG8,331.0
Q86SQ7,Q331W,0.4267,ambiguous,SDCCAG8,331.0
Q86SQ7,Q331Y,0.4216,ambiguous,SDCCAG8,331.0
Q86SQ7,R332A,0.6033,pathogenic,SDCCAG8,332.0
Q86SQ7,R332C,0.3879,ambiguous,SDCCAG8,332.0
Q86SQ7,R332D,0.877,pathogenic,SDCCAG8,332.0
Q86SQ7,R332E,0.5074,ambiguous,SDCCAG8,332.0
Q86SQ7,R332F,0.8231,pathogenic,SDCCAG8,332.0
Q86SQ7,R332G,0.3942,ambiguous,SDCCAG8,332.0
Q86SQ7,R332H,0.2158,benign,SDCCAG8,332.0
Q86SQ7,R332I,0.4199,ambiguous,SDCCAG8,332.0
Q86SQ7,R332K,0.138,benign,SDCCAG8,332.0
Q86SQ7,R332L,0.4275,ambiguous,SDCCAG8,332.0
Q86SQ7,R332M,0.3216,benign,SDCCAG8,332.0
Q86SQ7,R332N,0.7998,pathogenic,SDCCAG8,332.0
Q86SQ7,R332P,0.9582,pathogenic,SDCCAG8,332.0
Q86SQ7,R332Q,0.1458,benign,SDCCAG8,332.0
Q86SQ7,R332S,0.7437,pathogenic,SDCCAG8,332.0
Q86SQ7,R332T,0.3989,ambiguous,SDCCAG8,332.0
Q86SQ7,R332V,0.5607,ambiguous,SDCCAG8,332.0
Q86SQ7,R332W,0.2945,benign,SDCCAG8,332.0
Q86SQ7,R332Y,0.6943,pathogenic,SDCCAG8,332.0
Q86SQ7,E333A,0.5089,ambiguous,SDCCAG8,333.0
Q86SQ7,E333C,0.9709,pathogenic,SDCCAG8,333.0
Q86SQ7,E333D,0.7731,pathogenic,SDCCAG8,333.0
Q86SQ7,E333F,0.9756,pathogenic,SDCCAG8,333.0
Q86SQ7,E333G,0.5228,ambiguous,SDCCAG8,333.0
Q86SQ7,E333H,0.8899,pathogenic,SDCCAG8,333.0
Q86SQ7,E333I,0.8527,pathogenic,SDCCAG8,333.0
Q86SQ7,E333K,0.499,ambiguous,SDCCAG8,333.0
Q86SQ7,E333L,0.8605,pathogenic,SDCCAG8,333.0
Q86SQ7,E333M,0.8567,pathogenic,SDCCAG8,333.0
Q86SQ7,E333N,0.865,pathogenic,SDCCAG8,333.0
Q86SQ7,E333P,0.9842,pathogenic,SDCCAG8,333.0
Q86SQ7,E333Q,0.4441,ambiguous,SDCCAG8,333.0
Q86SQ7,E333R,0.6856,pathogenic,SDCCAG8,333.0
Q86SQ7,E333S,0.7456,pathogenic,SDCCAG8,333.0
Q86SQ7,E333T,0.7283,pathogenic,SDCCAG8,333.0
Q86SQ7,E333V,0.6326,pathogenic,SDCCAG8,333.0
Q86SQ7,E333W,0.9895,pathogenic,SDCCAG8,333.0
Q86SQ7,E333Y,0.9457,pathogenic,SDCCAG8,333.0
Q86SQ7,A334C,0.4814,ambiguous,SDCCAG8,334.0
Q86SQ7,A334D,0.1699,benign,SDCCAG8,334.0
Q86SQ7,A334E,0.1865,benign,SDCCAG8,334.0
Q86SQ7,A334F,0.2788,benign,SDCCAG8,334.0
Q86SQ7,A334G,0.1208,benign,SDCCAG8,334.0
Q86SQ7,A334H,0.3869,ambiguous,SDCCAG8,334.0
Q86SQ7,A334I,0.2434,benign,SDCCAG8,334.0
Q86SQ7,A334K,0.2914,benign,SDCCAG8,334.0
Q86SQ7,A334L,0.1908,benign,SDCCAG8,334.0
Q86SQ7,A334M,0.2181,benign,SDCCAG8,334.0
Q86SQ7,A334N,0.1826,benign,SDCCAG8,334.0
Q86SQ7,A334P,0.7728,pathogenic,SDCCAG8,334.0
Q86SQ7,A334Q,0.2727,benign,SDCCAG8,334.0
Q86SQ7,A334R,0.2546,benign,SDCCAG8,334.0
Q86SQ7,A334S,0.0969,benign,SDCCAG8,334.0
Q86SQ7,A334T,0.0801,benign,SDCCAG8,334.0
Q86SQ7,A334V,0.1235,benign,SDCCAG8,334.0
Q86SQ7,A334W,0.635,pathogenic,SDCCAG8,334.0
Q86SQ7,A334Y,0.3617,ambiguous,SDCCAG8,334.0
Q86SQ7,S335A,0.0894,benign,SDCCAG8,335.0
Q86SQ7,S335C,0.0891,benign,SDCCAG8,335.0
Q86SQ7,S335D,0.1724,benign,SDCCAG8,335.0
Q86SQ7,S335E,0.2955,benign,SDCCAG8,335.0
Q86SQ7,S335F,0.2348,benign,SDCCAG8,335.0
Q86SQ7,S335G,0.0659,benign,SDCCAG8,335.0
Q86SQ7,S335H,0.1731,benign,SDCCAG8,335.0
Q86SQ7,S335I,0.1209,benign,SDCCAG8,335.0
Q86SQ7,S335K,0.2849,benign,SDCCAG8,335.0
Q86SQ7,S335L,0.1272,benign,SDCCAG8,335.0
Q86SQ7,S335M,0.1913,benign,SDCCAG8,335.0
Q86SQ7,S335N,0.0909,benign,SDCCAG8,335.0
Q86SQ7,S335P,0.6973,pathogenic,SDCCAG8,335.0
Q86SQ7,S335Q,0.2796,benign,SDCCAG8,335.0
Q86SQ7,S335R,0.2034,benign,SDCCAG8,335.0
Q86SQ7,S335T,0.0888,benign,SDCCAG8,335.0
Q86SQ7,S335V,0.1575,benign,SDCCAG8,335.0
Q86SQ7,S335W,0.3163,benign,SDCCAG8,335.0
Q86SQ7,S335Y,0.1735,benign,SDCCAG8,335.0
Q86SQ7,A336C,0.5428,ambiguous,SDCCAG8,336.0
Q86SQ7,A336D,0.7344,pathogenic,SDCCAG8,336.0
Q86SQ7,A336E,0.7242,pathogenic,SDCCAG8,336.0
Q86SQ7,A336F,0.6595,pathogenic,SDCCAG8,336.0
Q86SQ7,A336G,0.2848,benign,SDCCAG8,336.0
Q86SQ7,A336H,0.769,pathogenic,SDCCAG8,336.0
Q86SQ7,A336I,0.4819,ambiguous,SDCCAG8,336.0
Q86SQ7,A336K,0.8527,pathogenic,SDCCAG8,336.0
Q86SQ7,A336L,0.3442,ambiguous,SDCCAG8,336.0
Q86SQ7,A336M,0.4685,ambiguous,SDCCAG8,336.0
Q86SQ7,A336N,0.5966,pathogenic,SDCCAG8,336.0
Q86SQ7,A336P,0.8857,pathogenic,SDCCAG8,336.0
Q86SQ7,A336Q,0.7193,pathogenic,SDCCAG8,336.0
Q86SQ7,A336R,0.7269,pathogenic,SDCCAG8,336.0
Q86SQ7,A336S,0.1309,benign,SDCCAG8,336.0
Q86SQ7,A336T,0.1485,benign,SDCCAG8,336.0
Q86SQ7,A336V,0.2175,benign,SDCCAG8,336.0
Q86SQ7,A336W,0.9189,pathogenic,SDCCAG8,336.0
Q86SQ7,A336Y,0.7755,pathogenic,SDCCAG8,336.0
Q86SQ7,Y337A,0.446,ambiguous,SDCCAG8,337.0
Q86SQ7,Y337C,0.0978,benign,SDCCAG8,337.0
Q86SQ7,Y337D,0.4326,ambiguous,SDCCAG8,337.0
Q86SQ7,Y337E,0.6742,pathogenic,SDCCAG8,337.0
Q86SQ7,Y337F,0.121,benign,SDCCAG8,337.0
Q86SQ7,Y337G,0.3704,ambiguous,SDCCAG8,337.0
Q86SQ7,Y337H,0.2309,benign,SDCCAG8,337.0
Q86SQ7,Y337I,0.5002,ambiguous,SDCCAG8,337.0
Q86SQ7,Y337K,0.5483,ambiguous,SDCCAG8,337.0
Q86SQ7,Y337L,0.4616,ambiguous,SDCCAG8,337.0
Q86SQ7,Y337M,0.58,pathogenic,SDCCAG8,337.0
Q86SQ7,Y337N,0.2484,benign,SDCCAG8,337.0
Q86SQ7,Y337P,0.9377,pathogenic,SDCCAG8,337.0
Q86SQ7,Y337Q,0.5149,ambiguous,SDCCAG8,337.0
Q86SQ7,Y337R,0.3682,ambiguous,SDCCAG8,337.0
Q86SQ7,Y337S,0.2217,benign,SDCCAG8,337.0
Q86SQ7,Y337T,0.4312,ambiguous,SDCCAG8,337.0
Q86SQ7,Y337V,0.3663,ambiguous,SDCCAG8,337.0
Q86SQ7,Y337W,0.3726,ambiguous,SDCCAG8,337.0
Q86SQ7,E338A,0.1539,benign,SDCCAG8,338.0
Q86SQ7,E338C,0.7706,pathogenic,SDCCAG8,338.0
Q86SQ7,E338D,0.2014,benign,SDCCAG8,338.0
Q86SQ7,E338F,0.69,pathogenic,SDCCAG8,338.0
Q86SQ7,E338G,0.1261,benign,SDCCAG8,338.0
Q86SQ7,E338H,0.3218,benign,SDCCAG8,338.0
Q86SQ7,E338I,0.3721,ambiguous,SDCCAG8,338.0
Q86SQ7,E338K,0.0835,benign,SDCCAG8,338.0
Q86SQ7,E338L,0.3106,benign,SDCCAG8,338.0
Q86SQ7,E338M,0.3941,ambiguous,SDCCAG8,338.0
Q86SQ7,E338N,0.2729,benign,SDCCAG8,338.0
Q86SQ7,E338P,0.9038,pathogenic,SDCCAG8,338.0
Q86SQ7,E338Q,0.098,benign,SDCCAG8,338.0
Q86SQ7,E338R,0.142,benign,SDCCAG8,338.0
Q86SQ7,E338S,0.2171,benign,SDCCAG8,338.0
Q86SQ7,E338T,0.2309,benign,SDCCAG8,338.0
Q86SQ7,E338V,0.2242,benign,SDCCAG8,338.0
Q86SQ7,E338W,0.8417,pathogenic,SDCCAG8,338.0
Q86SQ7,E338Y,0.533,ambiguous,SDCCAG8,338.0
Q86SQ7,Q339A,0.4026,ambiguous,SDCCAG8,339.0
Q86SQ7,Q339C,0.8924,pathogenic,SDCCAG8,339.0
Q86SQ7,Q339D,0.625,pathogenic,SDCCAG8,339.0
Q86SQ7,Q339E,0.1195,benign,SDCCAG8,339.0
Q86SQ7,Q339F,0.9236,pathogenic,SDCCAG8,339.0
Q86SQ7,Q339G,0.5082,ambiguous,SDCCAG8,339.0
Q86SQ7,Q339H,0.4443,ambiguous,SDCCAG8,339.0
Q86SQ7,Q339I,0.6752,pathogenic,SDCCAG8,339.0
Q86SQ7,Q339K,0.1263,benign,SDCCAG8,339.0
Q86SQ7,Q339L,0.3008,benign,SDCCAG8,339.0
Q86SQ7,Q339M,0.5309,ambiguous,SDCCAG8,339.0
Q86SQ7,Q339N,0.5,ambiguous,SDCCAG8,339.0
Q86SQ7,Q339P,0.7951,pathogenic,SDCCAG8,339.0
Q86SQ7,Q339R,0.1711,benign,SDCCAG8,339.0
Q86SQ7,Q339S,0.5799,pathogenic,SDCCAG8,339.0
Q86SQ7,Q339T,0.4006,ambiguous,SDCCAG8,339.0
Q86SQ7,Q339V,0.4913,ambiguous,SDCCAG8,339.0
Q86SQ7,Q339W,0.8563,pathogenic,SDCCAG8,339.0
Q86SQ7,Q339Y,0.7671,pathogenic,SDCCAG8,339.0
Q86SQ7,V340A,0.4555,ambiguous,SDCCAG8,340.0
Q86SQ7,V340C,0.8563,pathogenic,SDCCAG8,340.0
Q86SQ7,V340D,0.7978,pathogenic,SDCCAG8,340.0
Q86SQ7,V340E,0.612,pathogenic,SDCCAG8,340.0
Q86SQ7,V340F,0.3469,ambiguous,SDCCAG8,340.0
Q86SQ7,V340G,0.3675,ambiguous,SDCCAG8,340.0
Q86SQ7,V340H,0.8586,pathogenic,SDCCAG8,340.0
Q86SQ7,V340I,0.1592,benign,SDCCAG8,340.0
Q86SQ7,V340K,0.7093,pathogenic,SDCCAG8,340.0
Q86SQ7,V340L,0.378,ambiguous,SDCCAG8,340.0
Q86SQ7,V340M,0.1829,benign,SDCCAG8,340.0
Q86SQ7,V340N,0.6572,pathogenic,SDCCAG8,340.0
Q86SQ7,V340P,0.9773,pathogenic,SDCCAG8,340.0
Q86SQ7,V340Q,0.5858,pathogenic,SDCCAG8,340.0
Q86SQ7,V340R,0.6717,pathogenic,SDCCAG8,340.0
Q86SQ7,V340S,0.5977,pathogenic,SDCCAG8,340.0
Q86SQ7,V340T,0.556,ambiguous,SDCCAG8,340.0
Q86SQ7,V340W,0.9174,pathogenic,SDCCAG8,340.0
Q86SQ7,V340Y,0.7795,pathogenic,SDCCAG8,340.0
Q86SQ7,K341A,0.6418,pathogenic,SDCCAG8,341.0
Q86SQ7,K341C,0.8083,pathogenic,SDCCAG8,341.0
Q86SQ7,K341D,0.8873,pathogenic,SDCCAG8,341.0
Q86SQ7,K341E,0.3299,benign,SDCCAG8,341.0
Q86SQ7,K341F,0.9276,pathogenic,SDCCAG8,341.0
Q86SQ7,K341G,0.7057,pathogenic,SDCCAG8,341.0
Q86SQ7,K341H,0.5274,ambiguous,SDCCAG8,341.0
Q86SQ7,K341I,0.6417,pathogenic,SDCCAG8,341.0
Q86SQ7,K341L,0.5613,ambiguous,SDCCAG8,341.0
Q86SQ7,K341M,0.3986,ambiguous,SDCCAG8,341.0
Q86SQ7,K341N,0.7046,pathogenic,SDCCAG8,341.0
Q86SQ7,K341P,0.9756,pathogenic,SDCCAG8,341.0
Q86SQ7,K341Q,0.1735,benign,SDCCAG8,341.0
Q86SQ7,K341R,0.1112,benign,SDCCAG8,341.0
Q86SQ7,K341S,0.6867,pathogenic,SDCCAG8,341.0
Q86SQ7,K341T,0.3966,ambiguous,SDCCAG8,341.0
Q86SQ7,K341V,0.6122,pathogenic,SDCCAG8,341.0
Q86SQ7,K341W,0.9075,pathogenic,SDCCAG8,341.0
Q86SQ7,K341Y,0.8368,pathogenic,SDCCAG8,341.0
Q86SQ7,Q342A,0.1805,benign,SDCCAG8,342.0
Q86SQ7,Q342C,0.4779,ambiguous,SDCCAG8,342.0
Q86SQ7,Q342D,0.2456,benign,SDCCAG8,342.0
Q86SQ7,Q342E,0.0725,benign,SDCCAG8,342.0
Q86SQ7,Q342F,0.5986,pathogenic,SDCCAG8,342.0
Q86SQ7,Q342G,0.2001,benign,SDCCAG8,342.0
Q86SQ7,Q342H,0.1312,benign,SDCCAG8,342.0
Q86SQ7,Q342I,0.3388,benign,SDCCAG8,342.0
Q86SQ7,Q342K,0.0762,benign,SDCCAG8,342.0
Q86SQ7,Q342L,0.1157,benign,SDCCAG8,342.0
Q86SQ7,Q342M,0.3031,benign,SDCCAG8,342.0
Q86SQ7,Q342N,0.192,benign,SDCCAG8,342.0
Q86SQ7,Q342P,0.4435,ambiguous,SDCCAG8,342.0
Q86SQ7,Q342R,0.083,benign,SDCCAG8,342.0
Q86SQ7,Q342S,0.2432,benign,SDCCAG8,342.0
Q86SQ7,Q342T,0.1783,benign,SDCCAG8,342.0
Q86SQ7,Q342V,0.211,benign,SDCCAG8,342.0
Q86SQ7,Q342W,0.399,ambiguous,SDCCAG8,342.0
Q86SQ7,Q342Y,0.3213,benign,SDCCAG8,342.0
Q86SQ7,V343A,0.1241,benign,SDCCAG8,343.0
Q86SQ7,V343C,0.7077,pathogenic,SDCCAG8,343.0
Q86SQ7,V343D,0.5248,ambiguous,SDCCAG8,343.0
Q86SQ7,V343E,0.5278,ambiguous,SDCCAG8,343.0
Q86SQ7,V343F,0.2296,benign,SDCCAG8,343.0
Q86SQ7,V343G,0.2296,benign,SDCCAG8,343.0
Q86SQ7,V343H,0.674,pathogenic,SDCCAG8,343.0
Q86SQ7,V343I,0.1262,benign,SDCCAG8,343.0
Q86SQ7,V343K,0.6373,pathogenic,SDCCAG8,343.0
Q86SQ7,V343L,0.2855,benign,SDCCAG8,343.0
Q86SQ7,V343M,0.1877,benign,SDCCAG8,343.0
Q86SQ7,V343N,0.383,ambiguous,SDCCAG8,343.0
Q86SQ7,V343P,0.9258,pathogenic,SDCCAG8,343.0
Q86SQ7,V343Q,0.5324,ambiguous,SDCCAG8,343.0
Q86SQ7,V343R,0.5853,pathogenic,SDCCAG8,343.0
Q86SQ7,V343S,0.2131,benign,SDCCAG8,343.0
Q86SQ7,V343T,0.2212,benign,SDCCAG8,343.0
Q86SQ7,V343W,0.888,pathogenic,SDCCAG8,343.0
Q86SQ7,V343Y,0.5967,pathogenic,SDCCAG8,343.0
Q86SQ7,L344A,0.2755,benign,SDCCAG8,344.0
Q86SQ7,L344C,0.449,ambiguous,SDCCAG8,344.0
Q86SQ7,L344D,0.8116,pathogenic,SDCCAG8,344.0
Q86SQ7,L344E,0.4449,ambiguous,SDCCAG8,344.0
Q86SQ7,L344F,0.1618,benign,SDCCAG8,344.0
Q86SQ7,L344G,0.54,ambiguous,SDCCAG8,344.0
Q86SQ7,L344H,0.2513,benign,SDCCAG8,344.0
Q86SQ7,L344I,0.0895,benign,SDCCAG8,344.0
Q86SQ7,L344K,0.2937,benign,SDCCAG8,344.0
Q86SQ7,L344M,0.0943,benign,SDCCAG8,344.0
Q86SQ7,L344N,0.5412,ambiguous,SDCCAG8,344.0
Q86SQ7,L344P,0.7981,pathogenic,SDCCAG8,344.0
Q86SQ7,L344Q,0.1582,benign,SDCCAG8,344.0
Q86SQ7,L344R,0.2122,benign,SDCCAG8,344.0
Q86SQ7,L344S,0.3106,benign,SDCCAG8,344.0
Q86SQ7,L344T,0.2391,benign,SDCCAG8,344.0
Q86SQ7,L344V,0.0792,benign,SDCCAG8,344.0
Q86SQ7,L344W,0.2089,benign,SDCCAG8,344.0
Q86SQ7,L344Y,0.3987,ambiguous,SDCCAG8,344.0
Q86SQ7,Q345A,0.2228,benign,SDCCAG8,345.0
Q86SQ7,Q345C,0.4449,ambiguous,SDCCAG8,345.0
Q86SQ7,Q345D,0.3739,ambiguous,SDCCAG8,345.0
Q86SQ7,Q345E,0.0921,benign,SDCCAG8,345.0
Q86SQ7,Q345F,0.5951,pathogenic,SDCCAG8,345.0
Q86SQ7,Q345G,0.2509,benign,SDCCAG8,345.0
Q86SQ7,Q345H,0.1483,benign,SDCCAG8,345.0
Q86SQ7,Q345I,0.3336,benign,SDCCAG8,345.0
Q86SQ7,Q345K,0.0823,benign,SDCCAG8,345.0
Q86SQ7,Q345L,0.1128,benign,SDCCAG8,345.0
Q86SQ7,Q345M,0.3169,benign,SDCCAG8,345.0
Q86SQ7,Q345N,0.2718,benign,SDCCAG8,345.0
Q86SQ7,Q345P,0.3735,ambiguous,SDCCAG8,345.0
Q86SQ7,Q345R,0.0852,benign,SDCCAG8,345.0
Q86SQ7,Q345S,0.3023,benign,SDCCAG8,345.0
Q86SQ7,Q345T,0.2249,benign,SDCCAG8,345.0
Q86SQ7,Q345V,0.219,benign,SDCCAG8,345.0
Q86SQ7,Q345W,0.3684,ambiguous,SDCCAG8,345.0
Q86SQ7,Q345Y,0.3536,ambiguous,SDCCAG8,345.0
Q86SQ7,I346A,0.2852,benign,SDCCAG8,346.0
Q86SQ7,I346C,0.527,ambiguous,SDCCAG8,346.0
Q86SQ7,I346D,0.4457,ambiguous,SDCCAG8,346.0
Q86SQ7,I346E,0.4424,ambiguous,SDCCAG8,346.0
Q86SQ7,I346F,0.1165,benign,SDCCAG8,346.0
Q86SQ7,I346G,0.5067,ambiguous,SDCCAG8,346.0
Q86SQ7,I346H,0.3339,benign,SDCCAG8,346.0
Q86SQ7,I346K,0.2826,benign,SDCCAG8,346.0
Q86SQ7,I346L,0.1043,benign,SDCCAG8,346.0
Q86SQ7,I346M,0.0834,benign,SDCCAG8,346.0
Q86SQ7,I346N,0.1604,benign,SDCCAG8,346.0
Q86SQ7,I346P,0.839,pathogenic,SDCCAG8,346.0
Q86SQ7,I346Q,0.319,benign,SDCCAG8,346.0
Q86SQ7,I346R,0.1997,benign,SDCCAG8,346.0
Q86SQ7,I346S,0.2088,benign,SDCCAG8,346.0
Q86SQ7,I346T,0.2032,benign,SDCCAG8,346.0
Q86SQ7,I346V,0.0768,benign,SDCCAG8,346.0
Q86SQ7,I346W,0.6088,pathogenic,SDCCAG8,346.0
Q86SQ7,I346Y,0.3152,benign,SDCCAG8,346.0
Q86SQ7,S347A,0.0771,benign,SDCCAG8,347.0
Q86SQ7,S347C,0.1114,benign,SDCCAG8,347.0
Q86SQ7,S347D,0.7667,pathogenic,SDCCAG8,347.0
Q86SQ7,S347E,0.7379,pathogenic,SDCCAG8,347.0
Q86SQ7,S347F,0.5056,ambiguous,SDCCAG8,347.0
Q86SQ7,S347G,0.1125,benign,SDCCAG8,347.0
Q86SQ7,S347H,0.5904,pathogenic,SDCCAG8,347.0
Q86SQ7,S347I,0.3795,ambiguous,SDCCAG8,347.0
Q86SQ7,S347K,0.8495,pathogenic,SDCCAG8,347.0
Q86SQ7,S347L,0.1928,benign,SDCCAG8,347.0
Q86SQ7,S347M,0.3328,benign,SDCCAG8,347.0
Q86SQ7,S347N,0.3162,benign,SDCCAG8,347.0
Q86SQ7,S347P,0.6645,pathogenic,SDCCAG8,347.0
Q86SQ7,S347Q,0.6966,pathogenic,SDCCAG8,347.0
Q86SQ7,S347R,0.7371,pathogenic,SDCCAG8,347.0
Q86SQ7,S347T,0.0745,benign,SDCCAG8,347.0
Q86SQ7,S347V,0.2817,benign,SDCCAG8,347.0
Q86SQ7,S347W,0.5618,ambiguous,SDCCAG8,347.0
Q86SQ7,S347Y,0.3665,ambiguous,SDCCAG8,347.0
Q86SQ7,E348A,0.4138,ambiguous,SDCCAG8,348.0
Q86SQ7,E348C,0.9733,pathogenic,SDCCAG8,348.0
Q86SQ7,E348D,0.5822,pathogenic,SDCCAG8,348.0
Q86SQ7,E348F,0.9732,pathogenic,SDCCAG8,348.0
Q86SQ7,E348G,0.3681,ambiguous,SDCCAG8,348.0
Q86SQ7,E348H,0.8211,pathogenic,SDCCAG8,348.0
Q86SQ7,E348I,0.8763,pathogenic,SDCCAG8,348.0
Q86SQ7,E348K,0.215,benign,SDCCAG8,348.0
Q86SQ7,E348L,0.8384,pathogenic,SDCCAG8,348.0
Q86SQ7,E348M,0.8264,pathogenic,SDCCAG8,348.0
Q86SQ7,E348N,0.7406,pathogenic,SDCCAG8,348.0
Q86SQ7,E348P,0.983,pathogenic,SDCCAG8,348.0
Q86SQ7,E348Q,0.2753,benign,SDCCAG8,348.0
Q86SQ7,E348R,0.3929,ambiguous,SDCCAG8,348.0
Q86SQ7,E348S,0.5864,pathogenic,SDCCAG8,348.0
Q86SQ7,E348T,0.6273,pathogenic,SDCCAG8,348.0
Q86SQ7,E348V,0.6425,pathogenic,SDCCAG8,348.0
Q86SQ7,E348W,0.9849,pathogenic,SDCCAG8,348.0
Q86SQ7,E348Y,0.9394,pathogenic,SDCCAG8,348.0
Q86SQ7,E349A,0.1849,benign,SDCCAG8,349.0
Q86SQ7,E349C,0.9311,pathogenic,SDCCAG8,349.0
Q86SQ7,E349D,0.173,benign,SDCCAG8,349.0
Q86SQ7,E349F,0.8563,pathogenic,SDCCAG8,349.0
Q86SQ7,E349G,0.2356,benign,SDCCAG8,349.0
Q86SQ7,E349H,0.6263,pathogenic,SDCCAG8,349.0
Q86SQ7,E349I,0.501,ambiguous,SDCCAG8,349.0
Q86SQ7,E349K,0.1733,benign,SDCCAG8,349.0
Q86SQ7,E349L,0.5454,ambiguous,SDCCAG8,349.0
Q86SQ7,E349M,0.5458,ambiguous,SDCCAG8,349.0
Q86SQ7,E349N,0.3787,ambiguous,SDCCAG8,349.0
Q86SQ7,E349P,0.9656,pathogenic,SDCCAG8,349.0
Q86SQ7,E349Q,0.2098,benign,SDCCAG8,349.0
Q86SQ7,E349R,0.3295,benign,SDCCAG8,349.0
Q86SQ7,E349S,0.3824,ambiguous,SDCCAG8,349.0
Q86SQ7,E349T,0.3436,ambiguous,SDCCAG8,349.0
Q86SQ7,E349V,0.2716,benign,SDCCAG8,349.0
Q86SQ7,E349W,0.9436,pathogenic,SDCCAG8,349.0
Q86SQ7,E349Y,0.7332,pathogenic,SDCCAG8,349.0
Q86SQ7,A350C,0.7223,pathogenic,SDCCAG8,350.0
Q86SQ7,A350D,0.6356,pathogenic,SDCCAG8,350.0
Q86SQ7,A350E,0.6012,pathogenic,SDCCAG8,350.0
Q86SQ7,A350F,0.7161,pathogenic,SDCCAG8,350.0
Q86SQ7,A350G,0.2613,benign,SDCCAG8,350.0
Q86SQ7,A350H,0.8039,pathogenic,SDCCAG8,350.0
Q86SQ7,A350I,0.6424,pathogenic,SDCCAG8,350.0
Q86SQ7,A350K,0.8296,pathogenic,SDCCAG8,350.0
Q86SQ7,A350L,0.4386,ambiguous,SDCCAG8,350.0
Q86SQ7,A350M,0.4027,ambiguous,SDCCAG8,350.0
Q86SQ7,A350N,0.5783,pathogenic,SDCCAG8,350.0
Q86SQ7,A350P,0.9775,pathogenic,SDCCAG8,350.0
Q86SQ7,A350Q,0.6673,pathogenic,SDCCAG8,350.0
Q86SQ7,A350R,0.7328,pathogenic,SDCCAG8,350.0
Q86SQ7,A350S,0.1875,benign,SDCCAG8,350.0
Q86SQ7,A350T,0.1988,benign,SDCCAG8,350.0
Q86SQ7,A350V,0.3074,benign,SDCCAG8,350.0
Q86SQ7,A350W,0.9074,pathogenic,SDCCAG8,350.0
Q86SQ7,A350Y,0.7497,pathogenic,SDCCAG8,350.0
Q86SQ7,N351A,0.2514,benign,SDCCAG8,351.0
Q86SQ7,N351C,0.2473,benign,SDCCAG8,351.0
Q86SQ7,N351D,0.2191,benign,SDCCAG8,351.0
Q86SQ7,N351E,0.566,pathogenic,SDCCAG8,351.0
Q86SQ7,N351F,0.6823,pathogenic,SDCCAG8,351.0
Q86SQ7,N351G,0.3275,benign,SDCCAG8,351.0
Q86SQ7,N351H,0.1385,benign,SDCCAG8,351.0
Q86SQ7,N351I,0.2472,benign,SDCCAG8,351.0
Q86SQ7,N351K,0.4122,ambiguous,SDCCAG8,351.0
Q86SQ7,N351L,0.3106,benign,SDCCAG8,351.0
Q86SQ7,N351M,0.4165,ambiguous,SDCCAG8,351.0
Q86SQ7,N351P,0.9183,pathogenic,SDCCAG8,351.0
Q86SQ7,N351Q,0.4588,ambiguous,SDCCAG8,351.0
Q86SQ7,N351R,0.4295,ambiguous,SDCCAG8,351.0
Q86SQ7,N351S,0.0748,benign,SDCCAG8,351.0
Q86SQ7,N351T,0.1426,benign,SDCCAG8,351.0
Q86SQ7,N351V,0.2295,benign,SDCCAG8,351.0
Q86SQ7,N351W,0.8703,pathogenic,SDCCAG8,351.0
Q86SQ7,N351Y,0.2245,benign,SDCCAG8,351.0
Q86SQ7,F352A,0.5546,ambiguous,SDCCAG8,352.0
Q86SQ7,F352C,0.3802,ambiguous,SDCCAG8,352.0
Q86SQ7,F352D,0.7565,pathogenic,SDCCAG8,352.0
Q86SQ7,F352E,0.7957,pathogenic,SDCCAG8,352.0
Q86SQ7,F352G,0.7811,pathogenic,SDCCAG8,352.0
Q86SQ7,F352H,0.5937,pathogenic,SDCCAG8,352.0
Q86SQ7,F352I,0.1973,benign,SDCCAG8,352.0
Q86SQ7,F352K,0.766,pathogenic,SDCCAG8,352.0
Q86SQ7,F352L,0.6409,pathogenic,SDCCAG8,352.0
Q86SQ7,F352M,0.417,ambiguous,SDCCAG8,352.0
Q86SQ7,F352N,0.6887,pathogenic,SDCCAG8,352.0
Q86SQ7,F352P,0.9932,pathogenic,SDCCAG8,352.0
Q86SQ7,F352Q,0.7438,pathogenic,SDCCAG8,352.0
Q86SQ7,F352R,0.5985,pathogenic,SDCCAG8,352.0
Q86SQ7,F352S,0.5124,ambiguous,SDCCAG8,352.0
Q86SQ7,F352T,0.5109,ambiguous,SDCCAG8,352.0
Q86SQ7,F352V,0.1999,benign,SDCCAG8,352.0
Q86SQ7,F352W,0.4746,ambiguous,SDCCAG8,352.0
Q86SQ7,F352Y,0.161,benign,SDCCAG8,352.0
Q86SQ7,E353A,0.3321,benign,SDCCAG8,353.0
Q86SQ7,E353C,0.8841,pathogenic,SDCCAG8,353.0
Q86SQ7,E353D,0.4926,ambiguous,SDCCAG8,353.0
Q86SQ7,E353F,0.8733,pathogenic,SDCCAG8,353.0
Q86SQ7,E353G,0.3332,benign,SDCCAG8,353.0
Q86SQ7,E353H,0.6084,pathogenic,SDCCAG8,353.0
Q86SQ7,E353I,0.6116,pathogenic,SDCCAG8,353.0
Q86SQ7,E353K,0.2473,benign,SDCCAG8,353.0
Q86SQ7,E353L,0.5391,ambiguous,SDCCAG8,353.0
Q86SQ7,E353M,0.6391,pathogenic,SDCCAG8,353.0
Q86SQ7,E353N,0.6437,pathogenic,SDCCAG8,353.0
Q86SQ7,E353P,0.9729,pathogenic,SDCCAG8,353.0
Q86SQ7,E353Q,0.1488,benign,SDCCAG8,353.0
Q86SQ7,E353R,0.3142,benign,SDCCAG8,353.0
Q86SQ7,E353S,0.4831,ambiguous,SDCCAG8,353.0
Q86SQ7,E353T,0.5285,ambiguous,SDCCAG8,353.0
Q86SQ7,E353V,0.3673,ambiguous,SDCCAG8,353.0
Q86SQ7,E353W,0.9251,pathogenic,SDCCAG8,353.0
Q86SQ7,E353Y,0.7751,pathogenic,SDCCAG8,353.0
Q86SQ7,K354A,0.8175,pathogenic,SDCCAG8,354.0
Q86SQ7,K354C,0.9267,pathogenic,SDCCAG8,354.0
Q86SQ7,K354D,0.9519,pathogenic,SDCCAG8,354.0
Q86SQ7,K354E,0.5569,ambiguous,SDCCAG8,354.0
Q86SQ7,K354F,0.9617,pathogenic,SDCCAG8,354.0
Q86SQ7,K354G,0.8278,pathogenic,SDCCAG8,354.0
Q86SQ7,K354H,0.6579,pathogenic,SDCCAG8,354.0
Q86SQ7,K354I,0.7596,pathogenic,SDCCAG8,354.0
Q86SQ7,K354L,0.703,pathogenic,SDCCAG8,354.0
Q86SQ7,K354M,0.4492,ambiguous,SDCCAG8,354.0
Q86SQ7,K354N,0.7909,pathogenic,SDCCAG8,354.0
Q86SQ7,K354P,0.9943,pathogenic,SDCCAG8,354.0
Q86SQ7,K354Q,0.3544,ambiguous,SDCCAG8,354.0
Q86SQ7,K354R,0.131,benign,SDCCAG8,354.0
Q86SQ7,K354S,0.8856,pathogenic,SDCCAG8,354.0
Q86SQ7,K354T,0.6368,pathogenic,SDCCAG8,354.0
Q86SQ7,K354V,0.7365,pathogenic,SDCCAG8,354.0
Q86SQ7,K354W,0.9547,pathogenic,SDCCAG8,354.0
Q86SQ7,K354Y,0.8294,pathogenic,SDCCAG8,354.0
Q86SQ7,T355A,0.1646,benign,SDCCAG8,355.0
Q86SQ7,T355C,0.7579,pathogenic,SDCCAG8,355.0
Q86SQ7,T355D,0.6432,pathogenic,SDCCAG8,355.0
Q86SQ7,T355E,0.4501,ambiguous,SDCCAG8,355.0
Q86SQ7,T355F,0.667,pathogenic,SDCCAG8,355.0
Q86SQ7,T355G,0.4799,ambiguous,SDCCAG8,355.0
Q86SQ7,T355H,0.5104,ambiguous,SDCCAG8,355.0
Q86SQ7,T355I,0.499,ambiguous,SDCCAG8,355.0
Q86SQ7,T355K,0.3699,ambiguous,SDCCAG8,355.0
Q86SQ7,T355L,0.2812,benign,SDCCAG8,355.0
Q86SQ7,T355M,0.1415,benign,SDCCAG8,355.0
Q86SQ7,T355N,0.2282,benign,SDCCAG8,355.0
Q86SQ7,T355P,0.7545,pathogenic,SDCCAG8,355.0
Q86SQ7,T355Q,0.3031,benign,SDCCAG8,355.0
Q86SQ7,T355R,0.2798,benign,SDCCAG8,355.0
Q86SQ7,T355S,0.2553,benign,SDCCAG8,355.0
Q86SQ7,T355V,0.3969,ambiguous,SDCCAG8,355.0
Q86SQ7,T355W,0.826,pathogenic,SDCCAG8,355.0
Q86SQ7,T355Y,0.6024,pathogenic,SDCCAG8,355.0
Q86SQ7,K356A,0.4514,ambiguous,SDCCAG8,356.0
Q86SQ7,K356C,0.8454,pathogenic,SDCCAG8,356.0
Q86SQ7,K356D,0.806,pathogenic,SDCCAG8,356.0
Q86SQ7,K356E,0.1688,benign,SDCCAG8,356.0
Q86SQ7,K356F,0.9062,pathogenic,SDCCAG8,356.0
Q86SQ7,K356G,0.658,pathogenic,SDCCAG8,356.0
Q86SQ7,K356H,0.5352,ambiguous,SDCCAG8,356.0
Q86SQ7,K356I,0.527,ambiguous,SDCCAG8,356.0
Q86SQ7,K356L,0.4791,ambiguous,SDCCAG8,356.0
Q86SQ7,K356M,0.2936,benign,SDCCAG8,356.0
Q86SQ7,K356N,0.6509,pathogenic,SDCCAG8,356.0
Q86SQ7,K356P,0.9717,pathogenic,SDCCAG8,356.0
Q86SQ7,K356Q,0.1542,benign,SDCCAG8,356.0
Q86SQ7,K356R,0.1028,benign,SDCCAG8,356.0
Q86SQ7,K356S,0.6141,pathogenic,SDCCAG8,356.0
Q86SQ7,K356T,0.2753,benign,SDCCAG8,356.0
Q86SQ7,K356V,0.4234,ambiguous,SDCCAG8,356.0
Q86SQ7,K356W,0.908,pathogenic,SDCCAG8,356.0
Q86SQ7,K356Y,0.8126,pathogenic,SDCCAG8,356.0
Q86SQ7,A357C,0.662,pathogenic,SDCCAG8,357.0
Q86SQ7,A357D,0.7291,pathogenic,SDCCAG8,357.0
Q86SQ7,A357E,0.6258,pathogenic,SDCCAG8,357.0
Q86SQ7,A357F,0.4768,ambiguous,SDCCAG8,357.0
Q86SQ7,A357G,0.2891,benign,SDCCAG8,357.0
Q86SQ7,A357H,0.7593,pathogenic,SDCCAG8,357.0
Q86SQ7,A357I,0.3696,ambiguous,SDCCAG8,357.0
Q86SQ7,A357K,0.8342,pathogenic,SDCCAG8,357.0
Q86SQ7,A357L,0.2381,benign,SDCCAG8,357.0
Q86SQ7,A357M,0.3061,benign,SDCCAG8,357.0
Q86SQ7,A357N,0.5941,pathogenic,SDCCAG8,357.0
Q86SQ7,A357P,0.9541,pathogenic,SDCCAG8,357.0
Q86SQ7,A357Q,0.6603,pathogenic,SDCCAG8,357.0
Q86SQ7,A357R,0.7386,pathogenic,SDCCAG8,357.0
Q86SQ7,A357S,0.1699,benign,SDCCAG8,357.0
Q86SQ7,A357T,0.175,benign,SDCCAG8,357.0
Q86SQ7,A357V,0.1441,benign,SDCCAG8,357.0
Q86SQ7,A357W,0.8829,pathogenic,SDCCAG8,357.0
Q86SQ7,A357Y,0.635,pathogenic,SDCCAG8,357.0
Q86SQ7,L358A,0.2335,benign,SDCCAG8,358.0
Q86SQ7,L358C,0.4654,ambiguous,SDCCAG8,358.0
Q86SQ7,L358D,0.6518,pathogenic,SDCCAG8,358.0
Q86SQ7,L358E,0.2821,benign,SDCCAG8,358.0
Q86SQ7,L358F,0.1535,benign,SDCCAG8,358.0
Q86SQ7,L358G,0.5226,ambiguous,SDCCAG8,358.0
Q86SQ7,L358H,0.2216,benign,SDCCAG8,358.0
Q86SQ7,L358I,0.0839,benign,SDCCAG8,358.0
Q86SQ7,L358K,0.2189,benign,SDCCAG8,358.0
Q86SQ7,L358M,0.0916,benign,SDCCAG8,358.0
Q86SQ7,L358N,0.3951,ambiguous,SDCCAG8,358.0
Q86SQ7,L358P,0.9099,pathogenic,SDCCAG8,358.0
Q86SQ7,L358Q,0.1155,benign,SDCCAG8,358.0
Q86SQ7,L358R,0.162,benign,SDCCAG8,358.0
Q86SQ7,L358S,0.2707,benign,SDCCAG8,358.0
Q86SQ7,L358T,0.2205,benign,SDCCAG8,358.0
Q86SQ7,L358V,0.0716,benign,SDCCAG8,358.0
Q86SQ7,L358W,0.2461,benign,SDCCAG8,358.0
Q86SQ7,L358Y,0.3534,ambiguous,SDCCAG8,358.0
Q86SQ7,I359A,0.7274,pathogenic,SDCCAG8,359.0
Q86SQ7,I359C,0.8211,pathogenic,SDCCAG8,359.0
Q86SQ7,I359D,0.8758,pathogenic,SDCCAG8,359.0
Q86SQ7,I359E,0.7945,pathogenic,SDCCAG8,359.0
Q86SQ7,I359F,0.2024,benign,SDCCAG8,359.0
Q86SQ7,I359G,0.8602,pathogenic,SDCCAG8,359.0
Q86SQ7,I359H,0.5892,pathogenic,SDCCAG8,359.0
Q86SQ7,I359K,0.6281,pathogenic,SDCCAG8,359.0
Q86SQ7,I359L,0.1499,benign,SDCCAG8,359.0
Q86SQ7,I359M,0.1789,benign,SDCCAG8,359.0
Q86SQ7,I359N,0.476,ambiguous,SDCCAG8,359.0
Q86SQ7,I359P,0.9502,pathogenic,SDCCAG8,359.0
Q86SQ7,I359Q,0.5763,pathogenic,SDCCAG8,359.0
Q86SQ7,I359R,0.4701,ambiguous,SDCCAG8,359.0
Q86SQ7,I359S,0.5647,pathogenic,SDCCAG8,359.0
Q86SQ7,I359T,0.625,pathogenic,SDCCAG8,359.0
Q86SQ7,I359V,0.2235,benign,SDCCAG8,359.0
Q86SQ7,I359W,0.7594,pathogenic,SDCCAG8,359.0
Q86SQ7,I359Y,0.5322,ambiguous,SDCCAG8,359.0
Q86SQ7,Q360A,0.3263,benign,SDCCAG8,360.0
Q86SQ7,Q360C,0.6014,pathogenic,SDCCAG8,360.0
Q86SQ7,Q360D,0.5412,ambiguous,SDCCAG8,360.0
Q86SQ7,Q360E,0.1007,benign,SDCCAG8,360.0
Q86SQ7,Q360F,0.6986,pathogenic,SDCCAG8,360.0
Q86SQ7,Q360G,0.4233,ambiguous,SDCCAG8,360.0
Q86SQ7,Q360H,0.2078,benign,SDCCAG8,360.0
Q86SQ7,Q360I,0.4501,ambiguous,SDCCAG8,360.0
Q86SQ7,Q360K,0.1306,benign,SDCCAG8,360.0
Q86SQ7,Q360L,0.1556,benign,SDCCAG8,360.0
Q86SQ7,Q360M,0.4561,ambiguous,SDCCAG8,360.0
Q86SQ7,Q360N,0.4298,ambiguous,SDCCAG8,360.0
Q86SQ7,Q360P,0.7007,pathogenic,SDCCAG8,360.0
Q86SQ7,Q360R,0.0979,benign,SDCCAG8,360.0
Q86SQ7,Q360S,0.4052,ambiguous,SDCCAG8,360.0
Q86SQ7,Q360T,0.3129,benign,SDCCAG8,360.0
Q86SQ7,Q360V,0.3186,benign,SDCCAG8,360.0
Q86SQ7,Q360W,0.5231,ambiguous,SDCCAG8,360.0
Q86SQ7,Q360Y,0.4377,ambiguous,SDCCAG8,360.0
Q86SQ7,C361A,0.5375,ambiguous,SDCCAG8,361.0
Q86SQ7,C361D,0.7919,pathogenic,SDCCAG8,361.0
Q86SQ7,C361E,0.8232,pathogenic,SDCCAG8,361.0
Q86SQ7,C361F,0.3674,ambiguous,SDCCAG8,361.0
Q86SQ7,C361G,0.2083,benign,SDCCAG8,361.0
Q86SQ7,C361H,0.5366,ambiguous,SDCCAG8,361.0
Q86SQ7,C361I,0.6386,pathogenic,SDCCAG8,361.0
Q86SQ7,C361K,0.7389,pathogenic,SDCCAG8,361.0
Q86SQ7,C361L,0.6099,pathogenic,SDCCAG8,361.0
Q86SQ7,C361M,0.6951,pathogenic,SDCCAG8,361.0
Q86SQ7,C361N,0.5499,ambiguous,SDCCAG8,361.0
Q86SQ7,C361P,0.9922,pathogenic,SDCCAG8,361.0
Q86SQ7,C361Q,0.6272,pathogenic,SDCCAG8,361.0
Q86SQ7,C361R,0.3963,ambiguous,SDCCAG8,361.0
Q86SQ7,C361S,0.4056,ambiguous,SDCCAG8,361.0
Q86SQ7,C361T,0.5528,ambiguous,SDCCAG8,361.0
Q86SQ7,C361V,0.5488,ambiguous,SDCCAG8,361.0
Q86SQ7,C361W,0.5852,pathogenic,SDCCAG8,361.0
Q86SQ7,C361Y,0.3731,ambiguous,SDCCAG8,361.0
Q86SQ7,D362A,0.1642,benign,SDCCAG8,362.0
Q86SQ7,D362C,0.4734,ambiguous,SDCCAG8,362.0
Q86SQ7,D362E,0.1234,benign,SDCCAG8,362.0
Q86SQ7,D362F,0.502,ambiguous,SDCCAG8,362.0
Q86SQ7,D362G,0.1421,benign,SDCCAG8,362.0
Q86SQ7,D362H,0.1506,benign,SDCCAG8,362.0
Q86SQ7,D362I,0.3072,benign,SDCCAG8,362.0
Q86SQ7,D362K,0.2246,benign,SDCCAG8,362.0
Q86SQ7,D362L,0.3097,benign,SDCCAG8,362.0
Q86SQ7,D362M,0.5605,ambiguous,SDCCAG8,362.0
Q86SQ7,D362N,0.0948,benign,SDCCAG8,362.0
Q86SQ7,D362P,0.9077,pathogenic,SDCCAG8,362.0
Q86SQ7,D362Q,0.2094,benign,SDCCAG8,362.0
Q86SQ7,D362R,0.2367,benign,SDCCAG8,362.0
Q86SQ7,D362S,0.1214,benign,SDCCAG8,362.0
Q86SQ7,D362T,0.2116,benign,SDCCAG8,362.0
Q86SQ7,D362V,0.1759,benign,SDCCAG8,362.0
Q86SQ7,D362W,0.8124,pathogenic,SDCCAG8,362.0
Q86SQ7,D362Y,0.1585,benign,SDCCAG8,362.0
Q86SQ7,Q363A,0.3683,ambiguous,SDCCAG8,363.0
Q86SQ7,Q363C,0.7876,pathogenic,SDCCAG8,363.0
Q86SQ7,Q363D,0.5861,pathogenic,SDCCAG8,363.0
Q86SQ7,Q363E,0.1431,benign,SDCCAG8,363.0
Q86SQ7,Q363F,0.7584,pathogenic,SDCCAG8,363.0
Q86SQ7,Q363G,0.4054,ambiguous,SDCCAG8,363.0
Q86SQ7,Q363H,0.2928,benign,SDCCAG8,363.0
Q86SQ7,Q363I,0.4725,ambiguous,SDCCAG8,363.0
Q86SQ7,Q363K,0.1702,benign,SDCCAG8,363.0
Q86SQ7,Q363L,0.2212,benign,SDCCAG8,363.0
Q86SQ7,Q363M,0.4716,ambiguous,SDCCAG8,363.0
Q86SQ7,Q363N,0.4011,ambiguous,SDCCAG8,363.0
Q86SQ7,Q363P,0.8477,pathogenic,SDCCAG8,363.0
Q86SQ7,Q363R,0.1499,benign,SDCCAG8,363.0
Q86SQ7,Q363S,0.4343,ambiguous,SDCCAG8,363.0
Q86SQ7,Q363T,0.3449,ambiguous,SDCCAG8,363.0
Q86SQ7,Q363V,0.3595,ambiguous,SDCCAG8,363.0
Q86SQ7,Q363W,0.7339,pathogenic,SDCCAG8,363.0
Q86SQ7,Q363Y,0.5955,pathogenic,SDCCAG8,363.0
Q86SQ7,L364A,0.5019,ambiguous,SDCCAG8,364.0
Q86SQ7,L364C,0.6006,pathogenic,SDCCAG8,364.0
Q86SQ7,L364D,0.8613,pathogenic,SDCCAG8,364.0
Q86SQ7,L364E,0.608,pathogenic,SDCCAG8,364.0
Q86SQ7,L364F,0.1613,benign,SDCCAG8,364.0
Q86SQ7,L364G,0.72,pathogenic,SDCCAG8,364.0
Q86SQ7,L364H,0.3241,benign,SDCCAG8,364.0
Q86SQ7,L364I,0.1573,benign,SDCCAG8,364.0
Q86SQ7,L364K,0.4476,ambiguous,SDCCAG8,364.0
Q86SQ7,L364M,0.1585,benign,SDCCAG8,364.0
Q86SQ7,L364N,0.6407,pathogenic,SDCCAG8,364.0
Q86SQ7,L364P,0.9568,pathogenic,SDCCAG8,364.0
Q86SQ7,L364Q,0.274,benign,SDCCAG8,364.0
Q86SQ7,L364R,0.3142,benign,SDCCAG8,364.0
Q86SQ7,L364S,0.6071,pathogenic,SDCCAG8,364.0
Q86SQ7,L364T,0.5186,ambiguous,SDCCAG8,364.0
Q86SQ7,L364V,0.1555,benign,SDCCAG8,364.0
Q86SQ7,L364W,0.2277,benign,SDCCAG8,364.0
Q86SQ7,L364Y,0.3178,benign,SDCCAG8,364.0
Q86SQ7,R365A,0.2829,benign,SDCCAG8,365.0
Q86SQ7,R365C,0.1781,benign,SDCCAG8,365.0
Q86SQ7,R365D,0.5985,pathogenic,SDCCAG8,365.0
Q86SQ7,R365E,0.2326,benign,SDCCAG8,365.0
Q86SQ7,R365F,0.518,ambiguous,SDCCAG8,365.0
Q86SQ7,R365G,0.1323,benign,SDCCAG8,365.0
Q86SQ7,R365H,0.1168,benign,SDCCAG8,365.0
Q86SQ7,R365I,0.2219,benign,SDCCAG8,365.0
Q86SQ7,R365K,0.0792,benign,SDCCAG8,365.0
Q86SQ7,R365L,0.207,benign,SDCCAG8,365.0
Q86SQ7,R365M,0.1901,benign,SDCCAG8,365.0
Q86SQ7,R365N,0.4565,ambiguous,SDCCAG8,365.0
Q86SQ7,R365P,0.8019,pathogenic,SDCCAG8,365.0
Q86SQ7,R365Q,0.0822,benign,SDCCAG8,365.0
Q86SQ7,R365S,0.3357,benign,SDCCAG8,365.0
Q86SQ7,R365T,0.1644,benign,SDCCAG8,365.0
Q86SQ7,R365V,0.2904,benign,SDCCAG8,365.0
Q86SQ7,R365W,0.1597,benign,SDCCAG8,365.0
Q86SQ7,R365Y,0.3798,ambiguous,SDCCAG8,365.0
Q86SQ7,K366A,0.1878,benign,SDCCAG8,366.0
Q86SQ7,K366C,0.4982,ambiguous,SDCCAG8,366.0
Q86SQ7,K366D,0.268,benign,SDCCAG8,366.0
Q86SQ7,K366E,0.0954,benign,SDCCAG8,366.0
Q86SQ7,K366F,0.6062,pathogenic,SDCCAG8,366.0
Q86SQ7,K366G,0.1924,benign,SDCCAG8,366.0
Q86SQ7,K366H,0.2059,benign,SDCCAG8,366.0
Q86SQ7,K366I,0.2409,benign,SDCCAG8,366.0
Q86SQ7,K366L,0.222,benign,SDCCAG8,366.0
Q86SQ7,K366M,0.1371,benign,SDCCAG8,366.0
Q86SQ7,K366N,0.1381,benign,SDCCAG8,366.0
Q86SQ7,K366P,0.8392,pathogenic,SDCCAG8,366.0
Q86SQ7,K366Q,0.1034,benign,SDCCAG8,366.0
Q86SQ7,K366R,0.0808,benign,SDCCAG8,366.0
Q86SQ7,K366S,0.1652,benign,SDCCAG8,366.0
Q86SQ7,K366T,0.0914,benign,SDCCAG8,366.0
Q86SQ7,K366V,0.2138,benign,SDCCAG8,366.0
Q86SQ7,K366W,0.6449,pathogenic,SDCCAG8,366.0
Q86SQ7,K366Y,0.4112,ambiguous,SDCCAG8,366.0
Q86SQ7,E367A,0.235,benign,SDCCAG8,367.0
Q86SQ7,E367C,0.9113,pathogenic,SDCCAG8,367.0
Q86SQ7,E367D,0.212,benign,SDCCAG8,367.0
Q86SQ7,E367F,0.8679,pathogenic,SDCCAG8,367.0
Q86SQ7,E367G,0.2628,benign,SDCCAG8,367.0
Q86SQ7,E367H,0.6149,pathogenic,SDCCAG8,367.0
Q86SQ7,E367I,0.5598,ambiguous,SDCCAG8,367.0
Q86SQ7,E367K,0.2842,benign,SDCCAG8,367.0
Q86SQ7,E367L,0.58,pathogenic,SDCCAG8,367.0
Q86SQ7,E367M,0.6093,pathogenic,SDCCAG8,367.0
Q86SQ7,E367N,0.431,ambiguous,SDCCAG8,367.0
Q86SQ7,E367P,0.971,pathogenic,SDCCAG8,367.0
Q86SQ7,E367Q,0.2084,benign,SDCCAG8,367.0
Q86SQ7,E367R,0.435,ambiguous,SDCCAG8,367.0
Q86SQ7,E367S,0.4011,ambiguous,SDCCAG8,367.0
Q86SQ7,E367T,0.3833,ambiguous,SDCCAG8,367.0
Q86SQ7,E367V,0.3055,benign,SDCCAG8,367.0
Q86SQ7,E367W,0.9476,pathogenic,SDCCAG8,367.0
Q86SQ7,E367Y,0.6894,pathogenic,SDCCAG8,367.0
Q86SQ7,L368A,0.2969,benign,SDCCAG8,368.0
Q86SQ7,L368C,0.5958,pathogenic,SDCCAG8,368.0
Q86SQ7,L368D,0.8305,pathogenic,SDCCAG8,368.0
Q86SQ7,L368E,0.4749,ambiguous,SDCCAG8,368.0
Q86SQ7,L368F,0.277,benign,SDCCAG8,368.0
Q86SQ7,L368G,0.5385,ambiguous,SDCCAG8,368.0
Q86SQ7,L368H,0.2993,benign,SDCCAG8,368.0
Q86SQ7,L368I,0.1165,benign,SDCCAG8,368.0
Q86SQ7,L368K,0.2769,benign,SDCCAG8,368.0
Q86SQ7,L368M,0.115,benign,SDCCAG8,368.0
Q86SQ7,L368N,0.4899,ambiguous,SDCCAG8,368.0
Q86SQ7,L368P,0.939,pathogenic,SDCCAG8,368.0
Q86SQ7,L368Q,0.1974,benign,SDCCAG8,368.0
Q86SQ7,L368R,0.1972,benign,SDCCAG8,368.0
Q86SQ7,L368S,0.4346,ambiguous,SDCCAG8,368.0
Q86SQ7,L368T,0.2629,benign,SDCCAG8,368.0
Q86SQ7,L368V,0.1014,benign,SDCCAG8,368.0
Q86SQ7,L368W,0.2715,benign,SDCCAG8,368.0
Q86SQ7,L368Y,0.4634,ambiguous,SDCCAG8,368.0
Q86SQ7,E369A,0.1247,benign,SDCCAG8,369.0
Q86SQ7,E369C,0.6978,pathogenic,SDCCAG8,369.0
Q86SQ7,E369D,0.1711,benign,SDCCAG8,369.0
Q86SQ7,E369F,0.6399,pathogenic,SDCCAG8,369.0
Q86SQ7,E369G,0.0918,benign,SDCCAG8,369.0
Q86SQ7,E369H,0.3051,benign,SDCCAG8,369.0
Q86SQ7,E369I,0.306,benign,SDCCAG8,369.0
Q86SQ7,E369K,0.1009,benign,SDCCAG8,369.0
Q86SQ7,E369L,0.2659,benign,SDCCAG8,369.0
Q86SQ7,E369M,0.3723,ambiguous,SDCCAG8,369.0
Q86SQ7,E369N,0.2649,benign,SDCCAG8,369.0
Q86SQ7,E369P,0.8055,pathogenic,SDCCAG8,369.0
Q86SQ7,E369Q,0.0849,benign,SDCCAG8,369.0
Q86SQ7,E369R,0.1483,benign,SDCCAG8,369.0
Q86SQ7,E369S,0.1899,benign,SDCCAG8,369.0
Q86SQ7,E369T,0.2099,benign,SDCCAG8,369.0
Q86SQ7,E369V,0.1708,benign,SDCCAG8,369.0
Q86SQ7,E369W,0.7435,pathogenic,SDCCAG8,369.0
Q86SQ7,E369Y,0.5009,ambiguous,SDCCAG8,369.0
Q86SQ7,R370A,0.42,ambiguous,SDCCAG8,370.0
Q86SQ7,R370C,0.2039,benign,SDCCAG8,370.0
Q86SQ7,R370D,0.6409,pathogenic,SDCCAG8,370.0
Q86SQ7,R370E,0.3388,benign,SDCCAG8,370.0
Q86SQ7,R370F,0.5299,ambiguous,SDCCAG8,370.0
Q86SQ7,R370G,0.208,benign,SDCCAG8,370.0
Q86SQ7,R370H,0.1192,benign,SDCCAG8,370.0
Q86SQ7,R370I,0.1887,benign,SDCCAG8,370.0
Q86SQ7,R370K,0.1224,benign,SDCCAG8,370.0
Q86SQ7,R370L,0.2526,benign,SDCCAG8,370.0
Q86SQ7,R370M,0.2012,benign,SDCCAG8,370.0
Q86SQ7,R370N,0.5151,ambiguous,SDCCAG8,370.0
Q86SQ7,R370P,0.9209,pathogenic,SDCCAG8,370.0
Q86SQ7,R370Q,0.1167,benign,SDCCAG8,370.0
Q86SQ7,R370S,0.4807,ambiguous,SDCCAG8,370.0
Q86SQ7,R370T,0.2437,benign,SDCCAG8,370.0
Q86SQ7,R370V,0.3237,benign,SDCCAG8,370.0
Q86SQ7,R370W,0.1779,benign,SDCCAG8,370.0
Q86SQ7,R370Y,0.375,ambiguous,SDCCAG8,370.0
Q86SQ7,Q371A,0.3955,ambiguous,SDCCAG8,371.0
Q86SQ7,Q371C,0.791,pathogenic,SDCCAG8,371.0
Q86SQ7,Q371D,0.6569,pathogenic,SDCCAG8,371.0
Q86SQ7,Q371E,0.1109,benign,SDCCAG8,371.0
Q86SQ7,Q371F,0.837,pathogenic,SDCCAG8,371.0
Q86SQ7,Q371G,0.4377,ambiguous,SDCCAG8,371.0
Q86SQ7,Q371H,0.3432,ambiguous,SDCCAG8,371.0
Q86SQ7,Q371I,0.6046,pathogenic,SDCCAG8,371.0
Q86SQ7,Q371K,0.1402,benign,SDCCAG8,371.0
Q86SQ7,Q371L,0.2467,benign,SDCCAG8,371.0
Q86SQ7,Q371M,0.552,ambiguous,SDCCAG8,371.0
Q86SQ7,Q371N,0.4464,ambiguous,SDCCAG8,371.0
Q86SQ7,Q371P,0.791,pathogenic,SDCCAG8,371.0
Q86SQ7,Q371R,0.1481,benign,SDCCAG8,371.0
Q86SQ7,Q371S,0.4782,ambiguous,SDCCAG8,371.0
Q86SQ7,Q371T,0.3837,ambiguous,SDCCAG8,371.0
Q86SQ7,Q371V,0.4096,ambiguous,SDCCAG8,371.0
Q86SQ7,Q371W,0.7127,pathogenic,SDCCAG8,371.0
Q86SQ7,Q371Y,0.6126,pathogenic,SDCCAG8,371.0
Q86SQ7,A372C,0.4211,ambiguous,SDCCAG8,372.0
Q86SQ7,A372D,0.2506,benign,SDCCAG8,372.0
Q86SQ7,A372E,0.1622,benign,SDCCAG8,372.0
Q86SQ7,A372F,0.3826,ambiguous,SDCCAG8,372.0
Q86SQ7,A372G,0.1058,benign,SDCCAG8,372.0
Q86SQ7,A372H,0.318,benign,SDCCAG8,372.0
Q86SQ7,A372I,0.2856,benign,SDCCAG8,372.0
Q86SQ7,A372K,0.1714,benign,SDCCAG8,372.0
Q86SQ7,A372L,0.2093,benign,SDCCAG8,372.0
Q86SQ7,A372M,0.219,benign,SDCCAG8,372.0
Q86SQ7,A372N,0.2077,benign,SDCCAG8,372.0
Q86SQ7,A372P,0.7624,pathogenic,SDCCAG8,372.0
Q86SQ7,A372Q,0.1963,benign,SDCCAG8,372.0
Q86SQ7,A372R,0.1486,benign,SDCCAG8,372.0
Q86SQ7,A372S,0.0954,benign,SDCCAG8,372.0
Q86SQ7,A372T,0.0709,benign,SDCCAG8,372.0
Q86SQ7,A372V,0.1282,benign,SDCCAG8,372.0
Q86SQ7,A372W,0.6137,pathogenic,SDCCAG8,372.0
Q86SQ7,A372Y,0.4033,ambiguous,SDCCAG8,372.0
Q86SQ7,E373A,0.1217,benign,SDCCAG8,373.0
Q86SQ7,E373C,0.7274,pathogenic,SDCCAG8,373.0
Q86SQ7,E373D,0.1153,benign,SDCCAG8,373.0
Q86SQ7,E373F,0.5701,pathogenic,SDCCAG8,373.0
Q86SQ7,E373G,0.0868,benign,SDCCAG8,373.0
Q86SQ7,E373H,0.3213,benign,SDCCAG8,373.0
Q86SQ7,E373I,0.274,benign,SDCCAG8,373.0
Q86SQ7,E373K,0.0863,benign,SDCCAG8,373.0
Q86SQ7,E373L,0.261,benign,SDCCAG8,373.0
Q86SQ7,E373M,0.3587,ambiguous,SDCCAG8,373.0
Q86SQ7,E373N,0.203,benign,SDCCAG8,373.0
Q86SQ7,E373P,0.8338,pathogenic,SDCCAG8,373.0
Q86SQ7,E373Q,0.1094,benign,SDCCAG8,373.0
Q86SQ7,E373R,0.1521,benign,SDCCAG8,373.0
Q86SQ7,E373S,0.163,benign,SDCCAG8,373.0
Q86SQ7,E373T,0.1898,benign,SDCCAG8,373.0
Q86SQ7,E373V,0.151,benign,SDCCAG8,373.0
Q86SQ7,E373W,0.7567,pathogenic,SDCCAG8,373.0
Q86SQ7,E373Y,0.4586,ambiguous,SDCCAG8,373.0
Q86SQ7,R374A,0.4503,ambiguous,SDCCAG8,374.0
Q86SQ7,R374C,0.1558,benign,SDCCAG8,374.0
Q86SQ7,R374D,0.5863,pathogenic,SDCCAG8,374.0
Q86SQ7,R374E,0.384,ambiguous,SDCCAG8,374.0
Q86SQ7,R374F,0.4266,ambiguous,SDCCAG8,374.0
Q86SQ7,R374G,0.2612,benign,SDCCAG8,374.0
Q86SQ7,R374H,0.1029,benign,SDCCAG8,374.0
Q86SQ7,R374I,0.1813,benign,SDCCAG8,374.0
Q86SQ7,R374K,0.1581,benign,SDCCAG8,374.0
Q86SQ7,R374L,0.2293,benign,SDCCAG8,374.0
Q86SQ7,R374M,0.245,benign,SDCCAG8,374.0
Q86SQ7,R374N,0.4961,ambiguous,SDCCAG8,374.0
Q86SQ7,R374P,0.9029,pathogenic,SDCCAG8,374.0
Q86SQ7,R374Q,0.1293,benign,SDCCAG8,374.0
Q86SQ7,R374S,0.5225,ambiguous,SDCCAG8,374.0
Q86SQ7,R374T,0.2921,benign,SDCCAG8,374.0
Q86SQ7,R374V,0.3119,benign,SDCCAG8,374.0
Q86SQ7,R374W,0.1613,benign,SDCCAG8,374.0
Q86SQ7,R374Y,0.254,benign,SDCCAG8,374.0
Q86SQ7,L375A,0.3571,ambiguous,SDCCAG8,375.0
Q86SQ7,L375C,0.6121,pathogenic,SDCCAG8,375.0
Q86SQ7,L375D,0.803,pathogenic,SDCCAG8,375.0
Q86SQ7,L375E,0.4843,ambiguous,SDCCAG8,375.0
Q86SQ7,L375F,0.2007,benign,SDCCAG8,375.0
Q86SQ7,L375G,0.5811,pathogenic,SDCCAG8,375.0
Q86SQ7,L375H,0.271,benign,SDCCAG8,375.0
Q86SQ7,L375I,0.1376,benign,SDCCAG8,375.0
Q86SQ7,L375K,0.3098,benign,SDCCAG8,375.0
Q86SQ7,L375M,0.1474,benign,SDCCAG8,375.0
Q86SQ7,L375N,0.5439,ambiguous,SDCCAG8,375.0
Q86SQ7,L375P,0.8784,pathogenic,SDCCAG8,375.0
Q86SQ7,L375Q,0.2104,benign,SDCCAG8,375.0
Q86SQ7,L375R,0.2104,benign,SDCCAG8,375.0
Q86SQ7,L375S,0.4492,ambiguous,SDCCAG8,375.0
Q86SQ7,L375T,0.2977,benign,SDCCAG8,375.0
Q86SQ7,L375V,0.1387,benign,SDCCAG8,375.0
Q86SQ7,L375W,0.2014,benign,SDCCAG8,375.0
Q86SQ7,L375Y,0.402,ambiguous,SDCCAG8,375.0
Q86SQ7,E376A,0.1435,benign,SDCCAG8,376.0
Q86SQ7,E376C,0.7167,pathogenic,SDCCAG8,376.0
Q86SQ7,E376D,0.1821,benign,SDCCAG8,376.0
Q86SQ7,E376F,0.6824,pathogenic,SDCCAG8,376.0
Q86SQ7,E376G,0.0693,benign,SDCCAG8,376.0
Q86SQ7,E376H,0.327,benign,SDCCAG8,376.0
Q86SQ7,E376I,0.3996,ambiguous,SDCCAG8,376.0
Q86SQ7,E376K,0.0948,benign,SDCCAG8,376.0
Q86SQ7,E376L,0.3257,benign,SDCCAG8,376.0
Q86SQ7,E376M,0.4418,ambiguous,SDCCAG8,376.0
Q86SQ7,E376N,0.2487,benign,SDCCAG8,376.0
Q86SQ7,E376P,0.7935,pathogenic,SDCCAG8,376.0
Q86SQ7,E376Q,0.0883,benign,SDCCAG8,376.0
Q86SQ7,E376R,0.1321,benign,SDCCAG8,376.0
Q86SQ7,E376S,0.1824,benign,SDCCAG8,376.0
Q86SQ7,E376T,0.2257,benign,SDCCAG8,376.0
Q86SQ7,E376V,0.2182,benign,SDCCAG8,376.0
Q86SQ7,E376W,0.7446,pathogenic,SDCCAG8,376.0
Q86SQ7,E376Y,0.5151,ambiguous,SDCCAG8,376.0
Q86SQ7,K377A,0.3246,benign,SDCCAG8,377.0
Q86SQ7,K377C,0.7467,pathogenic,SDCCAG8,377.0
Q86SQ7,K377D,0.5212,ambiguous,SDCCAG8,377.0
Q86SQ7,K377E,0.1442,benign,SDCCAG8,377.0
Q86SQ7,K377F,0.7778,pathogenic,SDCCAG8,377.0
Q86SQ7,K377G,0.3643,ambiguous,SDCCAG8,377.0
Q86SQ7,K377H,0.3866,ambiguous,SDCCAG8,377.0
Q86SQ7,K377I,0.3094,benign,SDCCAG8,377.0
Q86SQ7,K377L,0.3379,benign,SDCCAG8,377.0
Q86SQ7,K377M,0.1767,benign,SDCCAG8,377.0
Q86SQ7,K377N,0.3105,benign,SDCCAG8,377.0
Q86SQ7,K377P,0.9358,pathogenic,SDCCAG8,377.0
Q86SQ7,K377Q,0.1617,benign,SDCCAG8,377.0
Q86SQ7,K377R,0.0946,benign,SDCCAG8,377.0
Q86SQ7,K377S,0.4227,ambiguous,SDCCAG8,377.0
Q86SQ7,K377T,0.1626,benign,SDCCAG8,377.0
Q86SQ7,K377V,0.2936,benign,SDCCAG8,377.0
Q86SQ7,K377W,0.7747,pathogenic,SDCCAG8,377.0
Q86SQ7,K377Y,0.5925,pathogenic,SDCCAG8,377.0
Q86SQ7,E378A,0.1921,benign,SDCCAG8,378.0
Q86SQ7,E378C,0.8807,pathogenic,SDCCAG8,378.0
Q86SQ7,E378D,0.3199,benign,SDCCAG8,378.0
Q86SQ7,E378F,0.8062,pathogenic,SDCCAG8,378.0
Q86SQ7,E378G,0.2687,benign,SDCCAG8,378.0
Q86SQ7,E378H,0.6431,pathogenic,SDCCAG8,378.0
Q86SQ7,E378I,0.4304,ambiguous,SDCCAG8,378.0
Q86SQ7,E378K,0.3228,benign,SDCCAG8,378.0
Q86SQ7,E378L,0.4884,ambiguous,SDCCAG8,378.0
Q86SQ7,E378M,0.5382,ambiguous,SDCCAG8,378.0
Q86SQ7,E378N,0.5238,ambiguous,SDCCAG8,378.0
Q86SQ7,E378P,0.9753,pathogenic,SDCCAG8,378.0
Q86SQ7,E378Q,0.2512,benign,SDCCAG8,378.0
Q86SQ7,E378R,0.4691,ambiguous,SDCCAG8,378.0
Q86SQ7,E378S,0.4305,ambiguous,SDCCAG8,378.0
Q86SQ7,E378T,0.3704,ambiguous,SDCCAG8,378.0
Q86SQ7,E378V,0.2232,benign,SDCCAG8,378.0
Q86SQ7,E378W,0.9272,pathogenic,SDCCAG8,378.0
Q86SQ7,E378Y,0.6083,pathogenic,SDCCAG8,378.0
Q86SQ7,L379A,0.2899,benign,SDCCAG8,379.0
Q86SQ7,L379C,0.5444,ambiguous,SDCCAG8,379.0
Q86SQ7,L379D,0.705,pathogenic,SDCCAG8,379.0
Q86SQ7,L379E,0.4309,ambiguous,SDCCAG8,379.0
Q86SQ7,L379F,0.1801,benign,SDCCAG8,379.0
Q86SQ7,L379G,0.5525,ambiguous,SDCCAG8,379.0
Q86SQ7,L379H,0.2296,benign,SDCCAG8,379.0
Q86SQ7,L379I,0.0929,benign,SDCCAG8,379.0
Q86SQ7,L379K,0.2382,benign,SDCCAG8,379.0
Q86SQ7,L379M,0.1319,benign,SDCCAG8,379.0
Q86SQ7,L379N,0.4145,ambiguous,SDCCAG8,379.0
Q86SQ7,L379P,0.8372,pathogenic,SDCCAG8,379.0
Q86SQ7,L379Q,0.2233,benign,SDCCAG8,379.0
Q86SQ7,L379R,0.1775,benign,SDCCAG8,379.0
Q86SQ7,L379S,0.3766,ambiguous,SDCCAG8,379.0
Q86SQ7,L379T,0.246,benign,SDCCAG8,379.0
Q86SQ7,L379V,0.1024,benign,SDCCAG8,379.0
Q86SQ7,L379W,0.2325,benign,SDCCAG8,379.0
Q86SQ7,L379Y,0.3207,benign,SDCCAG8,379.0
Q86SQ7,A380C,0.3733,ambiguous,SDCCAG8,380.0
Q86SQ7,A380D,0.2065,benign,SDCCAG8,380.0
Q86SQ7,A380E,0.2097,benign,SDCCAG8,380.0
Q86SQ7,A380F,0.2431,benign,SDCCAG8,380.0
Q86SQ7,A380G,0.1285,benign,SDCCAG8,380.0
Q86SQ7,A380H,0.3266,benign,SDCCAG8,380.0
Q86SQ7,A380I,0.1988,benign,SDCCAG8,380.0
Q86SQ7,A380K,0.3123,benign,SDCCAG8,380.0
Q86SQ7,A380L,0.1563,benign,SDCCAG8,380.0
Q86SQ7,A380M,0.2582,benign,SDCCAG8,380.0
Q86SQ7,A380N,0.22,benign,SDCCAG8,380.0
Q86SQ7,A380P,0.4994,ambiguous,SDCCAG8,380.0
Q86SQ7,A380Q,0.2569,benign,SDCCAG8,380.0
Q86SQ7,A380R,0.2379,benign,SDCCAG8,380.0
Q86SQ7,A380S,0.098,benign,SDCCAG8,380.0
Q86SQ7,A380T,0.0868,benign,SDCCAG8,380.0
Q86SQ7,A380V,0.1075,benign,SDCCAG8,380.0
Q86SQ7,A380W,0.6011,pathogenic,SDCCAG8,380.0
Q86SQ7,A380Y,0.343,ambiguous,SDCCAG8,380.0
Q86SQ7,S381A,0.0633,benign,SDCCAG8,381.0
Q86SQ7,S381C,0.0883,benign,SDCCAG8,381.0
Q86SQ7,S381D,0.3259,benign,SDCCAG8,381.0
Q86SQ7,S381E,0.3866,ambiguous,SDCCAG8,381.0
Q86SQ7,S381F,0.1278,benign,SDCCAG8,381.0
Q86SQ7,S381G,0.0918,benign,SDCCAG8,381.0
Q86SQ7,S381H,0.2847,benign,SDCCAG8,381.0
Q86SQ7,S381I,0.1225,benign,SDCCAG8,381.0
Q86SQ7,S381K,0.515,ambiguous,SDCCAG8,381.0
Q86SQ7,S381L,0.078,benign,SDCCAG8,381.0
Q86SQ7,S381M,0.1952,benign,SDCCAG8,381.0
Q86SQ7,S381N,0.1647,benign,SDCCAG8,381.0
Q86SQ7,S381P,0.5059,ambiguous,SDCCAG8,381.0
Q86SQ7,S381Q,0.4421,ambiguous,SDCCAG8,381.0
Q86SQ7,S381R,0.4137,ambiguous,SDCCAG8,381.0
Q86SQ7,S381T,0.0829,benign,SDCCAG8,381.0
Q86SQ7,S381V,0.1276,benign,SDCCAG8,381.0
Q86SQ7,S381W,0.2122,benign,SDCCAG8,381.0
Q86SQ7,S381Y,0.1139,benign,SDCCAG8,381.0
Q86SQ7,Q382A,0.3634,ambiguous,SDCCAG8,382.0
Q86SQ7,Q382C,0.7379,pathogenic,SDCCAG8,382.0
Q86SQ7,Q382D,0.7528,pathogenic,SDCCAG8,382.0
Q86SQ7,Q382E,0.1093,benign,SDCCAG8,382.0
Q86SQ7,Q382F,0.8013,pathogenic,SDCCAG8,382.0
Q86SQ7,Q382G,0.4252,ambiguous,SDCCAG8,382.0
Q86SQ7,Q382H,0.4146,ambiguous,SDCCAG8,382.0
Q86SQ7,Q382I,0.4856,ambiguous,SDCCAG8,382.0
Q86SQ7,Q382K,0.2025,benign,SDCCAG8,382.0
Q86SQ7,Q382L,0.1973,benign,SDCCAG8,382.0
Q86SQ7,Q382M,0.4997,ambiguous,SDCCAG8,382.0
Q86SQ7,Q382N,0.547,ambiguous,SDCCAG8,382.0
Q86SQ7,Q382P,0.7554,pathogenic,SDCCAG8,382.0
Q86SQ7,Q382R,0.1788,benign,SDCCAG8,382.0
Q86SQ7,Q382S,0.4451,ambiguous,SDCCAG8,382.0
Q86SQ7,Q382T,0.3775,ambiguous,SDCCAG8,382.0
Q86SQ7,Q382V,0.3339,benign,SDCCAG8,382.0
Q86SQ7,Q382W,0.6815,pathogenic,SDCCAG8,382.0
Q86SQ7,Q382Y,0.6324,pathogenic,SDCCAG8,382.0
Q86SQ7,Q383A,0.2764,benign,SDCCAG8,383.0
Q86SQ7,Q383C,0.6725,pathogenic,SDCCAG8,383.0
Q86SQ7,Q383D,0.4865,ambiguous,SDCCAG8,383.0
Q86SQ7,Q383E,0.0897,benign,SDCCAG8,383.0
Q86SQ7,Q383F,0.7927,pathogenic,SDCCAG8,383.0
Q86SQ7,Q383G,0.2541,benign,SDCCAG8,383.0
Q86SQ7,Q383H,0.2953,benign,SDCCAG8,383.0
Q86SQ7,Q383I,0.4265,ambiguous,SDCCAG8,383.0
Q86SQ7,Q383K,0.0864,benign,SDCCAG8,383.0
Q86SQ7,Q383L,0.1699,benign,SDCCAG8,383.0
Q86SQ7,Q383M,0.415,ambiguous,SDCCAG8,383.0
Q86SQ7,Q383N,0.3616,ambiguous,SDCCAG8,383.0
Q86SQ7,Q383P,0.6318,pathogenic,SDCCAG8,383.0
Q86SQ7,Q383R,0.0977,benign,SDCCAG8,383.0
Q86SQ7,Q383S,0.398,ambiguous,SDCCAG8,383.0
Q86SQ7,Q383T,0.2683,benign,SDCCAG8,383.0
Q86SQ7,Q383V,0.2964,benign,SDCCAG8,383.0
Q86SQ7,Q383W,0.5466,ambiguous,SDCCAG8,383.0
Q86SQ7,Q383Y,0.549,ambiguous,SDCCAG8,383.0
Q86SQ7,E384A,0.1673,benign,SDCCAG8,384.0
Q86SQ7,E384C,0.8044,pathogenic,SDCCAG8,384.0
Q86SQ7,E384D,0.1661,benign,SDCCAG8,384.0
Q86SQ7,E384F,0.731,pathogenic,SDCCAG8,384.0
Q86SQ7,E384G,0.0977,benign,SDCCAG8,384.0
Q86SQ7,E384H,0.4134,ambiguous,SDCCAG8,384.0
Q86SQ7,E384I,0.3805,ambiguous,SDCCAG8,384.0
Q86SQ7,E384K,0.1047,benign,SDCCAG8,384.0
Q86SQ7,E384L,0.3631,ambiguous,SDCCAG8,384.0
Q86SQ7,E384M,0.4491,ambiguous,SDCCAG8,384.0
Q86SQ7,E384N,0.2672,benign,SDCCAG8,384.0
Q86SQ7,E384P,0.8524,pathogenic,SDCCAG8,384.0
Q86SQ7,E384Q,0.1186,benign,SDCCAG8,384.0
Q86SQ7,E384R,0.1716,benign,SDCCAG8,384.0
Q86SQ7,E384S,0.2548,benign,SDCCAG8,384.0
Q86SQ7,E384T,0.2749,benign,SDCCAG8,384.0
Q86SQ7,E384V,0.2114,benign,SDCCAG8,384.0
Q86SQ7,E384W,0.8134,pathogenic,SDCCAG8,384.0
Q86SQ7,E384Y,0.5399,ambiguous,SDCCAG8,384.0
Q86SQ7,K385A,0.4326,ambiguous,SDCCAG8,385.0
Q86SQ7,K385C,0.7698,pathogenic,SDCCAG8,385.0
Q86SQ7,K385D,0.5953,pathogenic,SDCCAG8,385.0
Q86SQ7,K385E,0.1797,benign,SDCCAG8,385.0
Q86SQ7,K385F,0.7965,pathogenic,SDCCAG8,385.0
Q86SQ7,K385G,0.5087,ambiguous,SDCCAG8,385.0
Q86SQ7,K385H,0.4344,ambiguous,SDCCAG8,385.0
Q86SQ7,K385I,0.303,benign,SDCCAG8,385.0
Q86SQ7,K385L,0.3707,ambiguous,SDCCAG8,385.0
Q86SQ7,K385M,0.1907,benign,SDCCAG8,385.0
Q86SQ7,K385N,0.3743,ambiguous,SDCCAG8,385.0
Q86SQ7,K385P,0.9522,pathogenic,SDCCAG8,385.0
Q86SQ7,K385Q,0.1665,benign,SDCCAG8,385.0
Q86SQ7,K385R,0.111,benign,SDCCAG8,385.0
Q86SQ7,K385S,0.5277,ambiguous,SDCCAG8,385.0
Q86SQ7,K385T,0.2303,benign,SDCCAG8,385.0
Q86SQ7,K385V,0.3417,ambiguous,SDCCAG8,385.0
Q86SQ7,K385W,0.8024,pathogenic,SDCCAG8,385.0
Q86SQ7,K385Y,0.6129,pathogenic,SDCCAG8,385.0
Q86SQ7,R386A,0.4217,ambiguous,SDCCAG8,386.0
Q86SQ7,R386C,0.2926,benign,SDCCAG8,386.0
Q86SQ7,R386D,0.7361,pathogenic,SDCCAG8,386.0
Q86SQ7,R386E,0.3668,ambiguous,SDCCAG8,386.0
Q86SQ7,R386F,0.6191,pathogenic,SDCCAG8,386.0
Q86SQ7,R386G,0.274,benign,SDCCAG8,386.0
Q86SQ7,R386H,0.1826,benign,SDCCAG8,386.0
Q86SQ7,R386I,0.1842,benign,SDCCAG8,386.0
Q86SQ7,R386K,0.1569,benign,SDCCAG8,386.0
Q86SQ7,R386L,0.2583,benign,SDCCAG8,386.0
Q86SQ7,R386M,0.1975,benign,SDCCAG8,386.0
Q86SQ7,R386N,0.6224,pathogenic,SDCCAG8,386.0
Q86SQ7,R386P,0.9085,pathogenic,SDCCAG8,386.0
Q86SQ7,R386Q,0.1525,benign,SDCCAG8,386.0
Q86SQ7,R386S,0.5918,pathogenic,SDCCAG8,386.0
Q86SQ7,R386T,0.2631,benign,SDCCAG8,386.0
Q86SQ7,R386V,0.3362,benign,SDCCAG8,386.0
Q86SQ7,R386W,0.2182,benign,SDCCAG8,386.0
Q86SQ7,R386Y,0.4337,ambiguous,SDCCAG8,386.0
Q86SQ7,A387C,0.4107,ambiguous,SDCCAG8,387.0
Q86SQ7,A387D,0.1529,benign,SDCCAG8,387.0
Q86SQ7,A387E,0.1821,benign,SDCCAG8,387.0
Q86SQ7,A387F,0.2777,benign,SDCCAG8,387.0
Q86SQ7,A387G,0.1161,benign,SDCCAG8,387.0
Q86SQ7,A387H,0.3721,ambiguous,SDCCAG8,387.0
Q86SQ7,A387I,0.2258,benign,SDCCAG8,387.0
Q86SQ7,A387K,0.3119,benign,SDCCAG8,387.0
Q86SQ7,A387L,0.1762,benign,SDCCAG8,387.0
Q86SQ7,A387M,0.2223,benign,SDCCAG8,387.0
Q86SQ7,A387N,0.1639,benign,SDCCAG8,387.0
Q86SQ7,A387P,0.6176,pathogenic,SDCCAG8,387.0
Q86SQ7,A387Q,0.2707,benign,SDCCAG8,387.0
Q86SQ7,A387R,0.2549,benign,SDCCAG8,387.0
Q86SQ7,A387S,0.096,benign,SDCCAG8,387.0
Q86SQ7,A387T,0.0806,benign,SDCCAG8,387.0
Q86SQ7,A387V,0.1203,benign,SDCCAG8,387.0
Q86SQ7,A387W,0.6117,pathogenic,SDCCAG8,387.0
Q86SQ7,A387Y,0.3532,ambiguous,SDCCAG8,387.0
Q86SQ7,I388A,0.0912,benign,SDCCAG8,388.0
Q86SQ7,I388C,0.3779,ambiguous,SDCCAG8,388.0
Q86SQ7,I388D,0.2083,benign,SDCCAG8,388.0
Q86SQ7,I388E,0.1676,benign,SDCCAG8,388.0
Q86SQ7,I388F,0.0824,benign,SDCCAG8,388.0
Q86SQ7,I388G,0.2185,benign,SDCCAG8,388.0
Q86SQ7,I388H,0.1874,benign,SDCCAG8,388.0
Q86SQ7,I388K,0.1023,benign,SDCCAG8,388.0
Q86SQ7,I388L,0.0762,benign,SDCCAG8,388.0
Q86SQ7,I388M,0.0655,benign,SDCCAG8,388.0
Q86SQ7,I388N,0.087,benign,SDCCAG8,388.0
Q86SQ7,I388P,0.4725,ambiguous,SDCCAG8,388.0
Q86SQ7,I388Q,0.1473,benign,SDCCAG8,388.0
Q86SQ7,I388R,0.0718,benign,SDCCAG8,388.0
Q86SQ7,I388S,0.0843,benign,SDCCAG8,388.0
Q86SQ7,I388T,0.0581,benign,SDCCAG8,388.0
Q86SQ7,I388V,0.0657,benign,SDCCAG8,388.0
Q86SQ7,I388W,0.3757,ambiguous,SDCCAG8,388.0
Q86SQ7,I388Y,0.2295,benign,SDCCAG8,388.0
Q86SQ7,E389A,0.2565,benign,SDCCAG8,389.0
Q86SQ7,E389C,0.8932,pathogenic,SDCCAG8,389.0
Q86SQ7,E389D,0.2206,benign,SDCCAG8,389.0
Q86SQ7,E389F,0.8614,pathogenic,SDCCAG8,389.0
Q86SQ7,E389G,0.2231,benign,SDCCAG8,389.0
Q86SQ7,E389H,0.6207,pathogenic,SDCCAG8,389.0
Q86SQ7,E389I,0.5952,pathogenic,SDCCAG8,389.0
Q86SQ7,E389K,0.2218,benign,SDCCAG8,389.0
Q86SQ7,E389L,0.5597,ambiguous,SDCCAG8,389.0
Q86SQ7,E389M,0.6499,pathogenic,SDCCAG8,389.0
Q86SQ7,E389N,0.5008,ambiguous,SDCCAG8,389.0
Q86SQ7,E389P,0.9114,pathogenic,SDCCAG8,389.0
Q86SQ7,E389Q,0.1775,benign,SDCCAG8,389.0
Q86SQ7,E389R,0.3082,benign,SDCCAG8,389.0
Q86SQ7,E389S,0.3767,ambiguous,SDCCAG8,389.0
Q86SQ7,E389T,0.4204,ambiguous,SDCCAG8,389.0
Q86SQ7,E389V,0.3581,ambiguous,SDCCAG8,389.0
Q86SQ7,E389W,0.9169,pathogenic,SDCCAG8,389.0
Q86SQ7,E389Y,0.7413,pathogenic,SDCCAG8,389.0
Q86SQ7,K390A,0.4124,ambiguous,SDCCAG8,390.0
Q86SQ7,K390C,0.7774,pathogenic,SDCCAG8,390.0
Q86SQ7,K390D,0.653,pathogenic,SDCCAG8,390.0
Q86SQ7,K390E,0.1938,benign,SDCCAG8,390.0
Q86SQ7,K390F,0.8599,pathogenic,SDCCAG8,390.0
Q86SQ7,K390G,0.4904,ambiguous,SDCCAG8,390.0
Q86SQ7,K390H,0.4941,ambiguous,SDCCAG8,390.0
Q86SQ7,K390I,0.3949,ambiguous,SDCCAG8,390.0
Q86SQ7,K390L,0.441,ambiguous,SDCCAG8,390.0
Q86SQ7,K390M,0.2394,benign,SDCCAG8,390.0
Q86SQ7,K390N,0.4352,ambiguous,SDCCAG8,390.0
Q86SQ7,K390P,0.9474,pathogenic,SDCCAG8,390.0
Q86SQ7,K390Q,0.2302,benign,SDCCAG8,390.0
Q86SQ7,K390R,0.1048,benign,SDCCAG8,390.0
Q86SQ7,K390S,0.5675,pathogenic,SDCCAG8,390.0
Q86SQ7,K390T,0.224,benign,SDCCAG8,390.0
Q86SQ7,K390V,0.3729,ambiguous,SDCCAG8,390.0
Q86SQ7,K390W,0.828,pathogenic,SDCCAG8,390.0
Q86SQ7,K390Y,0.6585,pathogenic,SDCCAG8,390.0
Q86SQ7,D391A,0.1215,benign,SDCCAG8,391.0
Q86SQ7,D391C,0.4287,ambiguous,SDCCAG8,391.0
Q86SQ7,D391E,0.1125,benign,SDCCAG8,391.0
Q86SQ7,D391F,0.4162,ambiguous,SDCCAG8,391.0
Q86SQ7,D391G,0.109,benign,SDCCAG8,391.0
Q86SQ7,D391H,0.1713,benign,SDCCAG8,391.0
Q86SQ7,D391I,0.2106,benign,SDCCAG8,391.0
Q86SQ7,D391K,0.2257,benign,SDCCAG8,391.0
Q86SQ7,D391L,0.2419,benign,SDCCAG8,391.0
Q86SQ7,D391M,0.4293,ambiguous,SDCCAG8,391.0
Q86SQ7,D391N,0.0932,benign,SDCCAG8,391.0
Q86SQ7,D391P,0.8089,pathogenic,SDCCAG8,391.0
Q86SQ7,D391Q,0.2257,benign,SDCCAG8,391.0
Q86SQ7,D391R,0.2472,benign,SDCCAG8,391.0
Q86SQ7,D391S,0.1387,benign,SDCCAG8,391.0
Q86SQ7,D391T,0.1705,benign,SDCCAG8,391.0
Q86SQ7,D391V,0.1132,benign,SDCCAG8,391.0
Q86SQ7,D391W,0.7198,pathogenic,SDCCAG8,391.0
Q86SQ7,D391Y,0.1213,benign,SDCCAG8,391.0
Q86SQ7,M392A,0.1743,benign,SDCCAG8,392.0
Q86SQ7,M392C,0.5156,ambiguous,SDCCAG8,392.0
Q86SQ7,M392D,0.4198,ambiguous,SDCCAG8,392.0
Q86SQ7,M392E,0.2205,benign,SDCCAG8,392.0
Q86SQ7,M392F,0.2697,benign,SDCCAG8,392.0
Q86SQ7,M392G,0.2945,benign,SDCCAG8,392.0
Q86SQ7,M392H,0.2866,benign,SDCCAG8,392.0
Q86SQ7,M392I,0.202,benign,SDCCAG8,392.0
Q86SQ7,M392K,0.0944,benign,SDCCAG8,392.0
Q86SQ7,M392L,0.1128,benign,SDCCAG8,392.0
Q86SQ7,M392N,0.2245,benign,SDCCAG8,392.0
Q86SQ7,M392P,0.8435,pathogenic,SDCCAG8,392.0
Q86SQ7,M392Q,0.1542,benign,SDCCAG8,392.0
Q86SQ7,M392R,0.0865,benign,SDCCAG8,392.0
Q86SQ7,M392S,0.2105,benign,SDCCAG8,392.0
Q86SQ7,M392T,0.0839,benign,SDCCAG8,392.0
Q86SQ7,M392V,0.071,benign,SDCCAG8,392.0
Q86SQ7,M392W,0.4224,ambiguous,SDCCAG8,392.0
Q86SQ7,M392Y,0.4173,ambiguous,SDCCAG8,392.0
Q86SQ7,M393A,0.4409,ambiguous,SDCCAG8,393.0
Q86SQ7,M393C,0.7508,pathogenic,SDCCAG8,393.0
Q86SQ7,M393D,0.8611,pathogenic,SDCCAG8,393.0
Q86SQ7,M393E,0.459,ambiguous,SDCCAG8,393.0
Q86SQ7,M393F,0.4215,ambiguous,SDCCAG8,393.0
Q86SQ7,M393G,0.605,pathogenic,SDCCAG8,393.0
Q86SQ7,M393H,0.5846,pathogenic,SDCCAG8,393.0
Q86SQ7,M393I,0.3338,benign,SDCCAG8,393.0
Q86SQ7,M393K,0.2128,benign,SDCCAG8,393.0
Q86SQ7,M393L,0.0992,benign,SDCCAG8,393.0
Q86SQ7,M393N,0.6106,pathogenic,SDCCAG8,393.0
Q86SQ7,M393P,0.8716,pathogenic,SDCCAG8,393.0
Q86SQ7,M393Q,0.2282,benign,SDCCAG8,393.0
Q86SQ7,M393R,0.1736,benign,SDCCAG8,393.0
Q86SQ7,M393S,0.551,ambiguous,SDCCAG8,393.0
Q86SQ7,M393T,0.3314,benign,SDCCAG8,393.0
Q86SQ7,M393V,0.1206,benign,SDCCAG8,393.0
Q86SQ7,M393W,0.5469,ambiguous,SDCCAG8,393.0
Q86SQ7,M393Y,0.6197,pathogenic,SDCCAG8,393.0
Q86SQ7,K394A,0.3341,benign,SDCCAG8,394.0
Q86SQ7,K394C,0.67,pathogenic,SDCCAG8,394.0
Q86SQ7,K394D,0.595,pathogenic,SDCCAG8,394.0
Q86SQ7,K394E,0.1363,benign,SDCCAG8,394.0
Q86SQ7,K394F,0.7329,pathogenic,SDCCAG8,394.0
Q86SQ7,K394G,0.354,ambiguous,SDCCAG8,394.0
Q86SQ7,K394H,0.3564,ambiguous,SDCCAG8,394.0
Q86SQ7,K394I,0.2969,benign,SDCCAG8,394.0
Q86SQ7,K394L,0.288,benign,SDCCAG8,394.0
Q86SQ7,K394M,0.1849,benign,SDCCAG8,394.0
Q86SQ7,K394N,0.3675,ambiguous,SDCCAG8,394.0
Q86SQ7,K394P,0.8477,pathogenic,SDCCAG8,394.0
Q86SQ7,K394Q,0.1163,benign,SDCCAG8,394.0
Q86SQ7,K394R,0.0763,benign,SDCCAG8,394.0
Q86SQ7,K394S,0.4254,ambiguous,SDCCAG8,394.0
Q86SQ7,K394T,0.1982,benign,SDCCAG8,394.0
Q86SQ7,K394V,0.2951,benign,SDCCAG8,394.0
Q86SQ7,K394W,0.7059,pathogenic,SDCCAG8,394.0
Q86SQ7,K394Y,0.5666,pathogenic,SDCCAG8,394.0
Q86SQ7,K395A,0.1868,benign,SDCCAG8,395.0
Q86SQ7,K395C,0.6079,pathogenic,SDCCAG8,395.0
Q86SQ7,K395D,0.2944,benign,SDCCAG8,395.0
Q86SQ7,K395E,0.0827,benign,SDCCAG8,395.0
Q86SQ7,K395F,0.6337,pathogenic,SDCCAG8,395.0
Q86SQ7,K395G,0.2365,benign,SDCCAG8,395.0
Q86SQ7,K395H,0.2879,benign,SDCCAG8,395.0
Q86SQ7,K395I,0.212,benign,SDCCAG8,395.0
Q86SQ7,K395L,0.2266,benign,SDCCAG8,395.0
Q86SQ7,K395M,0.1207,benign,SDCCAG8,395.0
Q86SQ7,K395N,0.1782,benign,SDCCAG8,395.0
Q86SQ7,K395P,0.7735,pathogenic,SDCCAG8,395.0
Q86SQ7,K395Q,0.1056,benign,SDCCAG8,395.0
Q86SQ7,K395R,0.0863,benign,SDCCAG8,395.0
Q86SQ7,K395S,0.2257,benign,SDCCAG8,395.0
Q86SQ7,K395T,0.0901,benign,SDCCAG8,395.0
Q86SQ7,K395V,0.2033,benign,SDCCAG8,395.0
Q86SQ7,K395W,0.6339,pathogenic,SDCCAG8,395.0
Q86SQ7,K395Y,0.451,ambiguous,SDCCAG8,395.0
Q86SQ7,E396A,0.1615,benign,SDCCAG8,396.0
Q86SQ7,E396C,0.8476,pathogenic,SDCCAG8,396.0
Q86SQ7,E396D,0.1133,benign,SDCCAG8,396.0
Q86SQ7,E396F,0.7686,pathogenic,SDCCAG8,396.0
Q86SQ7,E396G,0.1404,benign,SDCCAG8,396.0
Q86SQ7,E396H,0.4834,ambiguous,SDCCAG8,396.0
Q86SQ7,E396I,0.4079,ambiguous,SDCCAG8,396.0
Q86SQ7,E396K,0.1821,benign,SDCCAG8,396.0
Q86SQ7,E396L,0.4813,ambiguous,SDCCAG8,396.0
Q86SQ7,E396M,0.4798,ambiguous,SDCCAG8,396.0
Q86SQ7,E396N,0.2505,benign,SDCCAG8,396.0
Q86SQ7,E396P,0.8794,pathogenic,SDCCAG8,396.0
Q86SQ7,E396Q,0.1759,benign,SDCCAG8,396.0
Q86SQ7,E396R,0.279,benign,SDCCAG8,396.0
Q86SQ7,E396S,0.2704,benign,SDCCAG8,396.0
Q86SQ7,E396T,0.2703,benign,SDCCAG8,396.0
Q86SQ7,E396V,0.2172,benign,SDCCAG8,396.0
Q86SQ7,E396W,0.8563,pathogenic,SDCCAG8,396.0
Q86SQ7,E396Y,0.5517,ambiguous,SDCCAG8,396.0
Q86SQ7,I397A,0.2643,benign,SDCCAG8,397.0
Q86SQ7,I397C,0.5439,ambiguous,SDCCAG8,397.0
Q86SQ7,I397D,0.4034,ambiguous,SDCCAG8,397.0
Q86SQ7,I397E,0.363,ambiguous,SDCCAG8,397.0
Q86SQ7,I397F,0.1206,benign,SDCCAG8,397.0
Q86SQ7,I397G,0.4488,ambiguous,SDCCAG8,397.0
Q86SQ7,I397H,0.3398,benign,SDCCAG8,397.0
Q86SQ7,I397K,0.2297,benign,SDCCAG8,397.0
Q86SQ7,I397L,0.1034,benign,SDCCAG8,397.0
Q86SQ7,I397M,0.0703,benign,SDCCAG8,397.0
Q86SQ7,I397N,0.1136,benign,SDCCAG8,397.0
Q86SQ7,I397P,0.822,pathogenic,SDCCAG8,397.0
Q86SQ7,I397Q,0.3075,benign,SDCCAG8,397.0
Q86SQ7,I397R,0.1549,benign,SDCCAG8,397.0
Q86SQ7,I397S,0.1948,benign,SDCCAG8,397.0
Q86SQ7,I397T,0.1867,benign,SDCCAG8,397.0
Q86SQ7,I397V,0.092,benign,SDCCAG8,397.0
Q86SQ7,I397W,0.5439,ambiguous,SDCCAG8,397.0
Q86SQ7,I397Y,0.2712,benign,SDCCAG8,397.0
Q86SQ7,T398A,0.0789,benign,SDCCAG8,398.0
Q86SQ7,T398C,0.4213,ambiguous,SDCCAG8,398.0
Q86SQ7,T398D,0.2814,benign,SDCCAG8,398.0
Q86SQ7,T398E,0.1841,benign,SDCCAG8,398.0
Q86SQ7,T398F,0.2487,benign,SDCCAG8,398.0
Q86SQ7,T398G,0.2066,benign,SDCCAG8,398.0
Q86SQ7,T398H,0.2271,benign,SDCCAG8,398.0
Q86SQ7,T398I,0.1548,benign,SDCCAG8,398.0
Q86SQ7,T398K,0.1541,benign,SDCCAG8,398.0
Q86SQ7,T398L,0.1185,benign,SDCCAG8,398.0
Q86SQ7,T398M,0.1073,benign,SDCCAG8,398.0
Q86SQ7,T398N,0.1247,benign,SDCCAG8,398.0
Q86SQ7,T398P,0.2322,benign,SDCCAG8,398.0
Q86SQ7,T398Q,0.1686,benign,SDCCAG8,398.0
Q86SQ7,T398R,0.1147,benign,SDCCAG8,398.0
Q86SQ7,T398S,0.1226,benign,SDCCAG8,398.0
Q86SQ7,T398V,0.1531,benign,SDCCAG8,398.0
Q86SQ7,T398W,0.5076,ambiguous,SDCCAG8,398.0
Q86SQ7,T398Y,0.273,benign,SDCCAG8,398.0
Q86SQ7,K399A,0.1932,benign,SDCCAG8,399.0
Q86SQ7,K399C,0.6558,pathogenic,SDCCAG8,399.0
Q86SQ7,K399D,0.3939,ambiguous,SDCCAG8,399.0
Q86SQ7,K399E,0.0893,benign,SDCCAG8,399.0
Q86SQ7,K399F,0.7121,pathogenic,SDCCAG8,399.0
Q86SQ7,K399G,0.2592,benign,SDCCAG8,399.0
Q86SQ7,K399H,0.3326,benign,SDCCAG8,399.0
Q86SQ7,K399I,0.2778,benign,SDCCAG8,399.0
Q86SQ7,K399L,0.2758,benign,SDCCAG8,399.0
Q86SQ7,K399M,0.1683,benign,SDCCAG8,399.0
Q86SQ7,K399N,0.2845,benign,SDCCAG8,399.0
Q86SQ7,K399P,0.812,pathogenic,SDCCAG8,399.0
Q86SQ7,K399Q,0.1198,benign,SDCCAG8,399.0
Q86SQ7,K399R,0.0769,benign,SDCCAG8,399.0
Q86SQ7,K399S,0.2833,benign,SDCCAG8,399.0
Q86SQ7,K399T,0.1262,benign,SDCCAG8,399.0
Q86SQ7,K399V,0.2348,benign,SDCCAG8,399.0
Q86SQ7,K399W,0.6757,pathogenic,SDCCAG8,399.0
Q86SQ7,K399Y,0.5552,ambiguous,SDCCAG8,399.0
Q86SQ7,E400A,0.2524,benign,SDCCAG8,400.0
Q86SQ7,E400C,0.9103,pathogenic,SDCCAG8,400.0
Q86SQ7,E400D,0.2221,benign,SDCCAG8,400.0
Q86SQ7,E400F,0.8606,pathogenic,SDCCAG8,400.0
Q86SQ7,E400G,0.1928,benign,SDCCAG8,400.0
Q86SQ7,E400H,0.6051,pathogenic,SDCCAG8,400.0
Q86SQ7,E400I,0.5705,pathogenic,SDCCAG8,400.0
Q86SQ7,E400K,0.2265,benign,SDCCAG8,400.0
Q86SQ7,E400L,0.5658,pathogenic,SDCCAG8,400.0
Q86SQ7,E400M,0.6072,pathogenic,SDCCAG8,400.0
Q86SQ7,E400N,0.4091,ambiguous,SDCCAG8,400.0
Q86SQ7,E400P,0.9335,pathogenic,SDCCAG8,400.0
Q86SQ7,E400Q,0.1766,benign,SDCCAG8,400.0
Q86SQ7,E400R,0.3494,ambiguous,SDCCAG8,400.0
Q86SQ7,E400S,0.3713,ambiguous,SDCCAG8,400.0
Q86SQ7,E400T,0.406,ambiguous,SDCCAG8,400.0
Q86SQ7,E400V,0.344,ambiguous,SDCCAG8,400.0
Q86SQ7,E400W,0.9055,pathogenic,SDCCAG8,400.0
Q86SQ7,E400Y,0.7078,pathogenic,SDCCAG8,400.0
Q86SQ7,R401A,0.3025,benign,SDCCAG8,401.0
Q86SQ7,R401C,0.3168,benign,SDCCAG8,401.0
Q86SQ7,R401D,0.6006,pathogenic,SDCCAG8,401.0
Q86SQ7,R401E,0.2437,benign,SDCCAG8,401.0
Q86SQ7,R401F,0.6165,pathogenic,SDCCAG8,401.0
Q86SQ7,R401G,0.1675,benign,SDCCAG8,401.0
Q86SQ7,R401H,0.185,benign,SDCCAG8,401.0
Q86SQ7,R401I,0.1792,benign,SDCCAG8,401.0
Q86SQ7,R401K,0.0914,benign,SDCCAG8,401.0
Q86SQ7,R401L,0.2623,benign,SDCCAG8,401.0
Q86SQ7,R401M,0.1642,benign,SDCCAG8,401.0
Q86SQ7,R401N,0.4452,ambiguous,SDCCAG8,401.0
Q86SQ7,R401P,0.8642,pathogenic,SDCCAG8,401.0
Q86SQ7,R401Q,0.1172,benign,SDCCAG8,401.0
Q86SQ7,R401S,0.407,ambiguous,SDCCAG8,401.0
Q86SQ7,R401T,0.1496,benign,SDCCAG8,401.0
Q86SQ7,R401V,0.3008,benign,SDCCAG8,401.0
Q86SQ7,R401W,0.1968,benign,SDCCAG8,401.0
Q86SQ7,R401Y,0.4591,ambiguous,SDCCAG8,401.0
Q86SQ7,E402A,0.1344,benign,SDCCAG8,402.0
Q86SQ7,E402C,0.7754,pathogenic,SDCCAG8,402.0
Q86SQ7,E402D,0.1415,benign,SDCCAG8,402.0
Q86SQ7,E402F,0.6887,pathogenic,SDCCAG8,402.0
Q86SQ7,E402G,0.1194,benign,SDCCAG8,402.0
Q86SQ7,E402H,0.3991,ambiguous,SDCCAG8,402.0
Q86SQ7,E402I,0.3175,benign,SDCCAG8,402.0
Q86SQ7,E402K,0.1205,benign,SDCCAG8,402.0
Q86SQ7,E402L,0.3489,ambiguous,SDCCAG8,402.0
Q86SQ7,E402M,0.3779,ambiguous,SDCCAG8,402.0
Q86SQ7,E402N,0.2255,benign,SDCCAG8,402.0
Q86SQ7,E402P,0.8207,pathogenic,SDCCAG8,402.0
Q86SQ7,E402Q,0.1207,benign,SDCCAG8,402.0
Q86SQ7,E402R,0.1959,benign,SDCCAG8,402.0
Q86SQ7,E402S,0.2107,benign,SDCCAG8,402.0
Q86SQ7,E402T,0.2059,benign,SDCCAG8,402.0
Q86SQ7,E402V,0.1893,benign,SDCCAG8,402.0
Q86SQ7,E402W,0.7916,pathogenic,SDCCAG8,402.0
Q86SQ7,E402Y,0.5068,ambiguous,SDCCAG8,402.0
Q86SQ7,Y403A,0.0929,benign,SDCCAG8,403.0
Q86SQ7,Y403C,0.0773,benign,SDCCAG8,403.0
Q86SQ7,Y403D,0.0445,benign,SDCCAG8,403.0
Q86SQ7,Y403E,0.1347,benign,SDCCAG8,403.0
Q86SQ7,Y403F,0.0986,benign,SDCCAG8,403.0
Q86SQ7,Y403G,0.0881,benign,SDCCAG8,403.0
Q86SQ7,Y403H,0.0971,benign,SDCCAG8,403.0
Q86SQ7,Y403I,0.1254,benign,SDCCAG8,403.0
Q86SQ7,Y403K,0.171,benign,SDCCAG8,403.0
Q86SQ7,Y403L,0.1515,benign,SDCCAG8,403.0
Q86SQ7,Y403M,0.1905,benign,SDCCAG8,403.0
Q86SQ7,Y403N,0.0372,benign,SDCCAG8,403.0
Q86SQ7,Y403P,0.6321,pathogenic,SDCCAG8,403.0
Q86SQ7,Y403Q,0.16,benign,SDCCAG8,403.0
Q86SQ7,Y403R,0.1421,benign,SDCCAG8,403.0
Q86SQ7,Y403S,0.0469,benign,SDCCAG8,403.0
Q86SQ7,Y403T,0.0803,benign,SDCCAG8,403.0
Q86SQ7,Y403V,0.1046,benign,SDCCAG8,403.0
Q86SQ7,Y403W,0.3419,ambiguous,SDCCAG8,403.0
Q86SQ7,M404A,0.2009,benign,SDCCAG8,404.0
Q86SQ7,M404C,0.6083,pathogenic,SDCCAG8,404.0
Q86SQ7,M404D,0.637,pathogenic,SDCCAG8,404.0
Q86SQ7,M404E,0.2975,benign,SDCCAG8,404.0
Q86SQ7,M404F,0.3227,benign,SDCCAG8,404.0
Q86SQ7,M404G,0.4145,ambiguous,SDCCAG8,404.0
Q86SQ7,M404H,0.3755,ambiguous,SDCCAG8,404.0
Q86SQ7,M404I,0.2609,benign,SDCCAG8,404.0
Q86SQ7,M404K,0.1474,benign,SDCCAG8,404.0
Q86SQ7,M404L,0.1145,benign,SDCCAG8,404.0
Q86SQ7,M404N,0.4069,ambiguous,SDCCAG8,404.0
Q86SQ7,M404P,0.7926,pathogenic,SDCCAG8,404.0
Q86SQ7,M404Q,0.1738,benign,SDCCAG8,404.0
Q86SQ7,M404R,0.1191,benign,SDCCAG8,404.0
Q86SQ7,M404S,0.2543,benign,SDCCAG8,404.0
Q86SQ7,M404T,0.102,benign,SDCCAG8,404.0
Q86SQ7,M404V,0.0781,benign,SDCCAG8,404.0
Q86SQ7,M404W,0.4773,ambiguous,SDCCAG8,404.0
Q86SQ7,M404Y,0.51,ambiguous,SDCCAG8,404.0
Q86SQ7,G405A,0.0982,benign,SDCCAG8,405.0
Q86SQ7,G405C,0.2064,benign,SDCCAG8,405.0
Q86SQ7,G405D,0.1787,benign,SDCCAG8,405.0
Q86SQ7,G405E,0.1009,benign,SDCCAG8,405.0
Q86SQ7,G405F,0.4957,ambiguous,SDCCAG8,405.0
Q86SQ7,G405H,0.276,benign,SDCCAG8,405.0
Q86SQ7,G405I,0.2018,benign,SDCCAG8,405.0
Q86SQ7,G405K,0.2142,benign,SDCCAG8,405.0
Q86SQ7,G405L,0.3078,benign,SDCCAG8,405.0
Q86SQ7,G405M,0.3529,ambiguous,SDCCAG8,405.0
Q86SQ7,G405N,0.2471,benign,SDCCAG8,405.0
Q86SQ7,G405P,0.8272,pathogenic,SDCCAG8,405.0
Q86SQ7,G405Q,0.1752,benign,SDCCAG8,405.0
Q86SQ7,G405R,0.1496,benign,SDCCAG8,405.0
Q86SQ7,G405S,0.1118,benign,SDCCAG8,405.0
Q86SQ7,G405T,0.1325,benign,SDCCAG8,405.0
Q86SQ7,G405V,0.1325,benign,SDCCAG8,405.0
Q86SQ7,G405W,0.29,benign,SDCCAG8,405.0
Q86SQ7,G405Y,0.3104,benign,SDCCAG8,405.0
Q86SQ7,S406A,0.0846,benign,SDCCAG8,406.0
Q86SQ7,S406C,0.1127,benign,SDCCAG8,406.0
Q86SQ7,S406D,0.2774,benign,SDCCAG8,406.0
Q86SQ7,S406E,0.3039,benign,SDCCAG8,406.0
Q86SQ7,S406F,0.2099,benign,SDCCAG8,406.0
Q86SQ7,S406G,0.1009,benign,SDCCAG8,406.0
Q86SQ7,S406H,0.2977,benign,SDCCAG8,406.0
Q86SQ7,S406I,0.219,benign,SDCCAG8,406.0
Q86SQ7,S406K,0.4776,ambiguous,SDCCAG8,406.0
Q86SQ7,S406L,0.1117,benign,SDCCAG8,406.0
Q86SQ7,S406M,0.225,benign,SDCCAG8,406.0
Q86SQ7,S406N,0.1425,benign,SDCCAG8,406.0
Q86SQ7,S406P,0.36,ambiguous,SDCCAG8,406.0
Q86SQ7,S406Q,0.3902,ambiguous,SDCCAG8,406.0
Q86SQ7,S406R,0.4108,ambiguous,SDCCAG8,406.0
Q86SQ7,S406T,0.0974,benign,SDCCAG8,406.0
Q86SQ7,S406V,0.2051,benign,SDCCAG8,406.0
Q86SQ7,S406W,0.2363,benign,SDCCAG8,406.0
Q86SQ7,S406Y,0.1463,benign,SDCCAG8,406.0
Q86SQ7,K407A,0.3557,ambiguous,SDCCAG8,407.0
Q86SQ7,K407C,0.7454,pathogenic,SDCCAG8,407.0
Q86SQ7,K407D,0.4975,ambiguous,SDCCAG8,407.0
Q86SQ7,K407E,0.1101,benign,SDCCAG8,407.0
Q86SQ7,K407F,0.843,pathogenic,SDCCAG8,407.0
Q86SQ7,K407G,0.4718,ambiguous,SDCCAG8,407.0
Q86SQ7,K407H,0.343,ambiguous,SDCCAG8,407.0
Q86SQ7,K407I,0.4632,ambiguous,SDCCAG8,407.0
Q86SQ7,K407L,0.4117,ambiguous,SDCCAG8,407.0
Q86SQ7,K407M,0.2413,benign,SDCCAG8,407.0
Q86SQ7,K407N,0.3661,ambiguous,SDCCAG8,407.0
Q86SQ7,K407P,0.8859,pathogenic,SDCCAG8,407.0
Q86SQ7,K407Q,0.1027,benign,SDCCAG8,407.0
Q86SQ7,K407R,0.0926,benign,SDCCAG8,407.0
Q86SQ7,K407S,0.391,ambiguous,SDCCAG8,407.0
Q86SQ7,K407T,0.1625,benign,SDCCAG8,407.0
Q86SQ7,K407V,0.3997,ambiguous,SDCCAG8,407.0
Q86SQ7,K407W,0.8312,pathogenic,SDCCAG8,407.0
Q86SQ7,K407Y,0.6692,pathogenic,SDCCAG8,407.0
Q86SQ7,M408A,0.5391,ambiguous,SDCCAG8,408.0
Q86SQ7,M408C,0.7502,pathogenic,SDCCAG8,408.0
Q86SQ7,M408D,0.808,pathogenic,SDCCAG8,408.0
Q86SQ7,M408E,0.5579,ambiguous,SDCCAG8,408.0
Q86SQ7,M408F,0.3719,ambiguous,SDCCAG8,408.0
Q86SQ7,M408G,0.6812,pathogenic,SDCCAG8,408.0
Q86SQ7,M408H,0.5574,ambiguous,SDCCAG8,408.0
Q86SQ7,M408I,0.2788,benign,SDCCAG8,408.0
Q86SQ7,M408K,0.3452,ambiguous,SDCCAG8,408.0
Q86SQ7,M408L,0.1479,benign,SDCCAG8,408.0
Q86SQ7,M408N,0.445,ambiguous,SDCCAG8,408.0
Q86SQ7,M408P,0.9126,pathogenic,SDCCAG8,408.0
Q86SQ7,M408Q,0.3616,ambiguous,SDCCAG8,408.0
Q86SQ7,M408R,0.307,benign,SDCCAG8,408.0
Q86SQ7,M408S,0.497,ambiguous,SDCCAG8,408.0
Q86SQ7,M408T,0.2997,benign,SDCCAG8,408.0
Q86SQ7,M408V,0.1203,benign,SDCCAG8,408.0
Q86SQ7,M408W,0.6775,pathogenic,SDCCAG8,408.0
Q86SQ7,M408Y,0.5625,ambiguous,SDCCAG8,408.0
Q86SQ7,L409A,0.1877,benign,SDCCAG8,409.0
Q86SQ7,L409C,0.397,ambiguous,SDCCAG8,409.0
Q86SQ7,L409D,0.3934,ambiguous,SDCCAG8,409.0
Q86SQ7,L409E,0.2118,benign,SDCCAG8,409.0
Q86SQ7,L409F,0.1289,benign,SDCCAG8,409.0
Q86SQ7,L409G,0.3106,benign,SDCCAG8,409.0
Q86SQ7,L409H,0.1416,benign,SDCCAG8,409.0
Q86SQ7,L409I,0.1064,benign,SDCCAG8,409.0
Q86SQ7,L409K,0.1761,benign,SDCCAG8,409.0
Q86SQ7,L409M,0.089,benign,SDCCAG8,409.0
Q86SQ7,L409N,0.2384,benign,SDCCAG8,409.0
Q86SQ7,L409P,0.5143,ambiguous,SDCCAG8,409.0
Q86SQ7,L409Q,0.1021,benign,SDCCAG8,409.0
Q86SQ7,L409R,0.1296,benign,SDCCAG8,409.0
Q86SQ7,L409S,0.1923,benign,SDCCAG8,409.0
Q86SQ7,L409T,0.1592,benign,SDCCAG8,409.0
Q86SQ7,L409V,0.0976,benign,SDCCAG8,409.0
Q86SQ7,L409W,0.1724,benign,SDCCAG8,409.0
Q86SQ7,L409Y,0.2466,benign,SDCCAG8,409.0
Q86SQ7,I410A,0.1556,benign,SDCCAG8,410.0
Q86SQ7,I410C,0.3666,ambiguous,SDCCAG8,410.0
Q86SQ7,I410D,0.2752,benign,SDCCAG8,410.0
Q86SQ7,I410E,0.2887,benign,SDCCAG8,410.0
Q86SQ7,I410F,0.0965,benign,SDCCAG8,410.0
Q86SQ7,I410G,0.3349,benign,SDCCAG8,410.0
Q86SQ7,I410H,0.2057,benign,SDCCAG8,410.0
Q86SQ7,I410K,0.203,benign,SDCCAG8,410.0
Q86SQ7,I410L,0.0756,benign,SDCCAG8,410.0
Q86SQ7,I410M,0.0807,benign,SDCCAG8,410.0
Q86SQ7,I410N,0.1046,benign,SDCCAG8,410.0
Q86SQ7,I410P,0.509,ambiguous,SDCCAG8,410.0
Q86SQ7,I410Q,0.2174,benign,SDCCAG8,410.0
Q86SQ7,I410R,0.1408,benign,SDCCAG8,410.0
Q86SQ7,I410S,0.1048,benign,SDCCAG8,410.0
Q86SQ7,I410T,0.1026,benign,SDCCAG8,410.0
Q86SQ7,I410V,0.079,benign,SDCCAG8,410.0
Q86SQ7,I410W,0.5222,ambiguous,SDCCAG8,410.0
Q86SQ7,I410Y,0.2406,benign,SDCCAG8,410.0
Q86SQ7,L411A,0.35,ambiguous,SDCCAG8,411.0
Q86SQ7,L411C,0.5547,ambiguous,SDCCAG8,411.0
Q86SQ7,L411D,0.7562,pathogenic,SDCCAG8,411.0
Q86SQ7,L411E,0.4712,ambiguous,SDCCAG8,411.0
Q86SQ7,L411F,0.1572,benign,SDCCAG8,411.0
Q86SQ7,L411G,0.653,pathogenic,SDCCAG8,411.0
Q86SQ7,L411H,0.2887,benign,SDCCAG8,411.0
Q86SQ7,L411I,0.1202,benign,SDCCAG8,411.0
Q86SQ7,L411K,0.4649,ambiguous,SDCCAG8,411.0
Q86SQ7,L411M,0.1092,benign,SDCCAG8,411.0
Q86SQ7,L411N,0.5441,ambiguous,SDCCAG8,411.0
Q86SQ7,L411P,0.8166,pathogenic,SDCCAG8,411.0
Q86SQ7,L411Q,0.2358,benign,SDCCAG8,411.0
Q86SQ7,L411R,0.329,benign,SDCCAG8,411.0
Q86SQ7,L411S,0.3362,benign,SDCCAG8,411.0
Q86SQ7,L411T,0.301,benign,SDCCAG8,411.0
Q86SQ7,L411V,0.1201,benign,SDCCAG8,411.0
Q86SQ7,L411W,0.2943,benign,SDCCAG8,411.0
Q86SQ7,L411Y,0.3984,ambiguous,SDCCAG8,411.0
Q86SQ7,S412A,0.1339,benign,SDCCAG8,412.0
Q86SQ7,S412C,0.1392,benign,SDCCAG8,412.0
Q86SQ7,S412D,0.6285,pathogenic,SDCCAG8,412.0
Q86SQ7,S412E,0.5854,pathogenic,SDCCAG8,412.0
Q86SQ7,S412F,0.3302,benign,SDCCAG8,412.0
Q86SQ7,S412G,0.1574,benign,SDCCAG8,412.0
Q86SQ7,S412H,0.4515,ambiguous,SDCCAG8,412.0
Q86SQ7,S412I,0.4027,ambiguous,SDCCAG8,412.0
Q86SQ7,S412K,0.8087,pathogenic,SDCCAG8,412.0
Q86SQ7,S412L,0.1752,benign,SDCCAG8,412.0
Q86SQ7,S412M,0.3414,ambiguous,SDCCAG8,412.0
Q86SQ7,S412N,0.3233,benign,SDCCAG8,412.0
Q86SQ7,S412P,0.773,pathogenic,SDCCAG8,412.0
Q86SQ7,S412Q,0.5899,pathogenic,SDCCAG8,412.0
Q86SQ7,S412R,0.7298,pathogenic,SDCCAG8,412.0
Q86SQ7,S412T,0.1099,benign,SDCCAG8,412.0
Q86SQ7,S412V,0.3739,ambiguous,SDCCAG8,412.0
Q86SQ7,S412W,0.3962,ambiguous,SDCCAG8,412.0
Q86SQ7,S412Y,0.2257,benign,SDCCAG8,412.0
Q86SQ7,Q413A,0.3401,ambiguous,SDCCAG8,413.0
Q86SQ7,Q413C,0.726,pathogenic,SDCCAG8,413.0
Q86SQ7,Q413D,0.4028,ambiguous,SDCCAG8,413.0
Q86SQ7,Q413E,0.0726,benign,SDCCAG8,413.0
Q86SQ7,Q413F,0.8676,pathogenic,SDCCAG8,413.0
Q86SQ7,Q413G,0.2512,benign,SDCCAG8,413.0
Q86SQ7,Q413H,0.2963,benign,SDCCAG8,413.0
Q86SQ7,Q413I,0.6336,pathogenic,SDCCAG8,413.0
Q86SQ7,Q413K,0.101,benign,SDCCAG8,413.0
Q86SQ7,Q413L,0.2767,benign,SDCCAG8,413.0
Q86SQ7,Q413M,0.5218,ambiguous,SDCCAG8,413.0
Q86SQ7,Q413N,0.3523,ambiguous,SDCCAG8,413.0
Q86SQ7,Q413P,0.6918,pathogenic,SDCCAG8,413.0
Q86SQ7,Q413R,0.111,benign,SDCCAG8,413.0
Q86SQ7,Q413S,0.3757,ambiguous,SDCCAG8,413.0
Q86SQ7,Q413T,0.3134,benign,SDCCAG8,413.0
Q86SQ7,Q413V,0.4309,ambiguous,SDCCAG8,413.0
Q86SQ7,Q413W,0.6323,pathogenic,SDCCAG8,413.0
Q86SQ7,Q413Y,0.6377,pathogenic,SDCCAG8,413.0
Q86SQ7,N414A,0.3594,ambiguous,SDCCAG8,414.0
Q86SQ7,N414C,0.4398,ambiguous,SDCCAG8,414.0
Q86SQ7,N414D,0.1232,benign,SDCCAG8,414.0
Q86SQ7,N414E,0.3445,ambiguous,SDCCAG8,414.0
Q86SQ7,N414F,0.7708,pathogenic,SDCCAG8,414.0
Q86SQ7,N414G,0.3587,ambiguous,SDCCAG8,414.0
Q86SQ7,N414H,0.1347,benign,SDCCAG8,414.0
Q86SQ7,N414I,0.3911,ambiguous,SDCCAG8,414.0
Q86SQ7,N414K,0.2689,benign,SDCCAG8,414.0
Q86SQ7,N414L,0.4586,ambiguous,SDCCAG8,414.0
Q86SQ7,N414M,0.445,ambiguous,SDCCAG8,414.0
Q86SQ7,N414P,0.9272,pathogenic,SDCCAG8,414.0
Q86SQ7,N414Q,0.3526,ambiguous,SDCCAG8,414.0
Q86SQ7,N414R,0.3439,ambiguous,SDCCAG8,414.0
Q86SQ7,N414S,0.132,benign,SDCCAG8,414.0
Q86SQ7,N414T,0.1677,benign,SDCCAG8,414.0
Q86SQ7,N414V,0.3932,ambiguous,SDCCAG8,414.0
Q86SQ7,N414W,0.8534,pathogenic,SDCCAG8,414.0
Q86SQ7,N414Y,0.2501,benign,SDCCAG8,414.0
Q86SQ7,I415A,0.2827,benign,SDCCAG8,415.0
Q86SQ7,I415C,0.7439,pathogenic,SDCCAG8,415.0
Q86SQ7,I415D,0.763,pathogenic,SDCCAG8,415.0
Q86SQ7,I415E,0.6527,pathogenic,SDCCAG8,415.0
Q86SQ7,I415F,0.2193,benign,SDCCAG8,415.0
Q86SQ7,I415G,0.6938,pathogenic,SDCCAG8,415.0
Q86SQ7,I415H,0.5465,ambiguous,SDCCAG8,415.0
Q86SQ7,I415K,0.4186,ambiguous,SDCCAG8,415.0
Q86SQ7,I415L,0.1767,benign,SDCCAG8,415.0
Q86SQ7,I415M,0.0984,benign,SDCCAG8,415.0
Q86SQ7,I415N,0.3007,benign,SDCCAG8,415.0
Q86SQ7,I415P,0.926,pathogenic,SDCCAG8,415.0
Q86SQ7,I415Q,0.5443,ambiguous,SDCCAG8,415.0
Q86SQ7,I415R,0.3166,benign,SDCCAG8,415.0
Q86SQ7,I415S,0.302,benign,SDCCAG8,415.0
Q86SQ7,I415T,0.1298,benign,SDCCAG8,415.0
Q86SQ7,I415V,0.0887,benign,SDCCAG8,415.0
Q86SQ7,I415W,0.8238,pathogenic,SDCCAG8,415.0
Q86SQ7,I415Y,0.5997,pathogenic,SDCCAG8,415.0
Q86SQ7,A416C,0.5722,pathogenic,SDCCAG8,416.0
Q86SQ7,A416D,0.4759,ambiguous,SDCCAG8,416.0
Q86SQ7,A416E,0.4601,ambiguous,SDCCAG8,416.0
Q86SQ7,A416F,0.4312,ambiguous,SDCCAG8,416.0
Q86SQ7,A416G,0.1909,benign,SDCCAG8,416.0
Q86SQ7,A416H,0.5926,pathogenic,SDCCAG8,416.0
Q86SQ7,A416I,0.3737,ambiguous,SDCCAG8,416.0
Q86SQ7,A416K,0.642,pathogenic,SDCCAG8,416.0
Q86SQ7,A416L,0.2624,benign,SDCCAG8,416.0
Q86SQ7,A416M,0.3718,ambiguous,SDCCAG8,416.0
Q86SQ7,A416N,0.4645,ambiguous,SDCCAG8,416.0
Q86SQ7,A416P,0.782,pathogenic,SDCCAG8,416.0
Q86SQ7,A416Q,0.4776,ambiguous,SDCCAG8,416.0
Q86SQ7,A416R,0.4925,ambiguous,SDCCAG8,416.0
Q86SQ7,A416S,0.1118,benign,SDCCAG8,416.0
Q86SQ7,A416T,0.1186,benign,SDCCAG8,416.0
Q86SQ7,A416V,0.1765,benign,SDCCAG8,416.0
Q86SQ7,A416W,0.8412,pathogenic,SDCCAG8,416.0
Q86SQ7,A416Y,0.6514,pathogenic,SDCCAG8,416.0
Q86SQ7,Q417A,0.1926,benign,SDCCAG8,417.0
Q86SQ7,Q417C,0.4908,ambiguous,SDCCAG8,417.0
Q86SQ7,Q417D,0.2397,benign,SDCCAG8,417.0
Q86SQ7,Q417E,0.0738,benign,SDCCAG8,417.0
Q86SQ7,Q417F,0.536,ambiguous,SDCCAG8,417.0
Q86SQ7,Q417G,0.2047,benign,SDCCAG8,417.0
Q86SQ7,Q417H,0.1385,benign,SDCCAG8,417.0
Q86SQ7,Q417I,0.3003,benign,SDCCAG8,417.0
Q86SQ7,Q417K,0.0862,benign,SDCCAG8,417.0
Q86SQ7,Q417L,0.1088,benign,SDCCAG8,417.0
Q86SQ7,Q417M,0.3031,benign,SDCCAG8,417.0
Q86SQ7,Q417N,0.207,benign,SDCCAG8,417.0
Q86SQ7,Q417P,0.4159,ambiguous,SDCCAG8,417.0
Q86SQ7,Q417R,0.0955,benign,SDCCAG8,417.0
Q86SQ7,Q417S,0.2182,benign,SDCCAG8,417.0
Q86SQ7,Q417T,0.1784,benign,SDCCAG8,417.0
Q86SQ7,Q417V,0.199,benign,SDCCAG8,417.0
Q86SQ7,Q417W,0.4108,ambiguous,SDCCAG8,417.0
Q86SQ7,Q417Y,0.316,benign,SDCCAG8,417.0
Q86SQ7,L418A,0.2767,benign,SDCCAG8,418.0
Q86SQ7,L418C,0.5821,pathogenic,SDCCAG8,418.0
Q86SQ7,L418D,0.8075,pathogenic,SDCCAG8,418.0
Q86SQ7,L418E,0.4356,ambiguous,SDCCAG8,418.0
Q86SQ7,L418F,0.2742,benign,SDCCAG8,418.0
Q86SQ7,L418G,0.5174,ambiguous,SDCCAG8,418.0
Q86SQ7,L418H,0.336,benign,SDCCAG8,418.0
Q86SQ7,L418I,0.1655,benign,SDCCAG8,418.0
Q86SQ7,L418K,0.2967,benign,SDCCAG8,418.0
Q86SQ7,L418M,0.1214,benign,SDCCAG8,418.0
Q86SQ7,L418N,0.5294,ambiguous,SDCCAG8,418.0
Q86SQ7,L418P,0.9184,pathogenic,SDCCAG8,418.0
Q86SQ7,L418Q,0.2116,benign,SDCCAG8,418.0
Q86SQ7,L418R,0.2472,benign,SDCCAG8,418.0
Q86SQ7,L418S,0.3711,ambiguous,SDCCAG8,418.0
Q86SQ7,L418T,0.2507,benign,SDCCAG8,418.0
Q86SQ7,L418V,0.1378,benign,SDCCAG8,418.0
Q86SQ7,L418W,0.2612,benign,SDCCAG8,418.0
Q86SQ7,L418Y,0.4519,ambiguous,SDCCAG8,418.0
Q86SQ7,E419A,0.3466,ambiguous,SDCCAG8,419.0
Q86SQ7,E419C,0.9373,pathogenic,SDCCAG8,419.0
Q86SQ7,E419D,0.4703,ambiguous,SDCCAG8,419.0
Q86SQ7,E419F,0.9371,pathogenic,SDCCAG8,419.0
Q86SQ7,E419G,0.3094,benign,SDCCAG8,419.0
Q86SQ7,E419H,0.6795,pathogenic,SDCCAG8,419.0
Q86SQ7,E419I,0.7418,pathogenic,SDCCAG8,419.0
Q86SQ7,E419K,0.2575,benign,SDCCAG8,419.0
Q86SQ7,E419L,0.6994,pathogenic,SDCCAG8,419.0
Q86SQ7,E419M,0.7117,pathogenic,SDCCAG8,419.0
Q86SQ7,E419N,0.6245,pathogenic,SDCCAG8,419.0
Q86SQ7,E419P,0.9773,pathogenic,SDCCAG8,419.0
Q86SQ7,E419Q,0.2071,benign,SDCCAG8,419.0
Q86SQ7,E419R,0.4141,ambiguous,SDCCAG8,419.0
Q86SQ7,E419S,0.4789,ambiguous,SDCCAG8,419.0
Q86SQ7,E419T,0.4572,ambiguous,SDCCAG8,419.0
Q86SQ7,E419V,0.4719,ambiguous,SDCCAG8,419.0
Q86SQ7,E419W,0.9673,pathogenic,SDCCAG8,419.0
Q86SQ7,E419Y,0.8697,pathogenic,SDCCAG8,419.0
Q86SQ7,A420C,0.4648,ambiguous,SDCCAG8,420.0
Q86SQ7,A420D,0.1844,benign,SDCCAG8,420.0
Q86SQ7,A420E,0.2199,benign,SDCCAG8,420.0
Q86SQ7,A420F,0.2704,benign,SDCCAG8,420.0
Q86SQ7,A420G,0.1032,benign,SDCCAG8,420.0
Q86SQ7,A420H,0.4343,ambiguous,SDCCAG8,420.0
Q86SQ7,A420I,0.2572,benign,SDCCAG8,420.0
Q86SQ7,A420K,0.4122,ambiguous,SDCCAG8,420.0
Q86SQ7,A420L,0.1915,benign,SDCCAG8,420.0
Q86SQ7,A420M,0.2082,benign,SDCCAG8,420.0
Q86SQ7,A420N,0.1988,benign,SDCCAG8,420.0
Q86SQ7,A420P,0.801,pathogenic,SDCCAG8,420.0
Q86SQ7,A420Q,0.3409,ambiguous,SDCCAG8,420.0
Q86SQ7,A420R,0.351,ambiguous,SDCCAG8,420.0
Q86SQ7,A420S,0.0905,benign,SDCCAG8,420.0
Q86SQ7,A420T,0.0857,benign,SDCCAG8,420.0
Q86SQ7,A420V,0.1242,benign,SDCCAG8,420.0
Q86SQ7,A420W,0.6392,pathogenic,SDCCAG8,420.0
Q86SQ7,A420Y,0.3731,ambiguous,SDCCAG8,420.0
Q86SQ7,Q421A,0.1867,benign,SDCCAG8,421.0
Q86SQ7,Q421C,0.5979,pathogenic,SDCCAG8,421.0
Q86SQ7,Q421D,0.2441,benign,SDCCAG8,421.0
Q86SQ7,Q421E,0.0584,benign,SDCCAG8,421.0
Q86SQ7,Q421F,0.7118,pathogenic,SDCCAG8,421.0
Q86SQ7,Q421G,0.2656,benign,SDCCAG8,421.0
Q86SQ7,Q421H,0.2118,benign,SDCCAG8,421.0
Q86SQ7,Q421I,0.3619,ambiguous,SDCCAG8,421.0
Q86SQ7,Q421K,0.0866,benign,SDCCAG8,421.0
Q86SQ7,Q421L,0.1444,benign,SDCCAG8,421.0
Q86SQ7,Q421M,0.3175,benign,SDCCAG8,421.0
Q86SQ7,Q421N,0.2444,benign,SDCCAG8,421.0
Q86SQ7,Q421P,0.637,pathogenic,SDCCAG8,421.0
Q86SQ7,Q421R,0.104,benign,SDCCAG8,421.0
Q86SQ7,Q421S,0.2548,benign,SDCCAG8,421.0
Q86SQ7,Q421T,0.1726,benign,SDCCAG8,421.0
Q86SQ7,Q421V,0.2228,benign,SDCCAG8,421.0
Q86SQ7,Q421W,0.5406,ambiguous,SDCCAG8,421.0
Q86SQ7,Q421Y,0.4668,ambiguous,SDCCAG8,421.0
Q86SQ7,V422A,0.1699,benign,SDCCAG8,422.0
Q86SQ7,V422C,0.7147,pathogenic,SDCCAG8,422.0
Q86SQ7,V422D,0.485,ambiguous,SDCCAG8,422.0
Q86SQ7,V422E,0.3128,benign,SDCCAG8,422.0
Q86SQ7,V422F,0.2351,benign,SDCCAG8,422.0
Q86SQ7,V422G,0.2018,benign,SDCCAG8,422.0
Q86SQ7,V422H,0.6438,pathogenic,SDCCAG8,422.0
Q86SQ7,V422I,0.1,benign,SDCCAG8,422.0
Q86SQ7,V422K,0.399,ambiguous,SDCCAG8,422.0
Q86SQ7,V422L,0.1991,benign,SDCCAG8,422.0
Q86SQ7,V422M,0.1147,benign,SDCCAG8,422.0
Q86SQ7,V422N,0.3945,ambiguous,SDCCAG8,422.0
Q86SQ7,V422P,0.9541,pathogenic,SDCCAG8,422.0
Q86SQ7,V422Q,0.3775,ambiguous,SDCCAG8,422.0
Q86SQ7,V422R,0.3578,ambiguous,SDCCAG8,422.0
Q86SQ7,V422S,0.2993,benign,SDCCAG8,422.0
Q86SQ7,V422T,0.1969,benign,SDCCAG8,422.0
Q86SQ7,V422W,0.7505,pathogenic,SDCCAG8,422.0
Q86SQ7,V422Y,0.6015,pathogenic,SDCCAG8,422.0
Q86SQ7,E423A,0.2099,benign,SDCCAG8,423.0
Q86SQ7,E423C,0.8768,pathogenic,SDCCAG8,423.0
Q86SQ7,E423D,0.178,benign,SDCCAG8,423.0
Q86SQ7,E423F,0.847,pathogenic,SDCCAG8,423.0
Q86SQ7,E423G,0.142,benign,SDCCAG8,423.0
Q86SQ7,E423H,0.5703,pathogenic,SDCCAG8,423.0
Q86SQ7,E423I,0.5872,pathogenic,SDCCAG8,423.0
Q86SQ7,E423K,0.1698,benign,SDCCAG8,423.0
Q86SQ7,E423L,0.5158,ambiguous,SDCCAG8,423.0
Q86SQ7,E423M,0.5816,pathogenic,SDCCAG8,423.0
Q86SQ7,E423N,0.369,ambiguous,SDCCAG8,423.0
Q86SQ7,E423P,0.9222,pathogenic,SDCCAG8,423.0
Q86SQ7,E423Q,0.1623,benign,SDCCAG8,423.0
Q86SQ7,E423R,0.2739,benign,SDCCAG8,423.0
Q86SQ7,E423S,0.3028,benign,SDCCAG8,423.0
Q86SQ7,E423T,0.3528,ambiguous,SDCCAG8,423.0
Q86SQ7,E423V,0.3482,ambiguous,SDCCAG8,423.0
Q86SQ7,E423W,0.8932,pathogenic,SDCCAG8,423.0
Q86SQ7,E423Y,0.7179,pathogenic,SDCCAG8,423.0
Q86SQ7,K424A,0.2764,benign,SDCCAG8,424.0
Q86SQ7,K424C,0.7254,pathogenic,SDCCAG8,424.0
Q86SQ7,K424D,0.4632,ambiguous,SDCCAG8,424.0
Q86SQ7,K424E,0.1582,benign,SDCCAG8,424.0
Q86SQ7,K424F,0.7594,pathogenic,SDCCAG8,424.0
Q86SQ7,K424G,0.4299,ambiguous,SDCCAG8,424.0
Q86SQ7,K424H,0.3377,benign,SDCCAG8,424.0
Q86SQ7,K424I,0.2558,benign,SDCCAG8,424.0
Q86SQ7,K424L,0.3207,benign,SDCCAG8,424.0
Q86SQ7,K424M,0.1492,benign,SDCCAG8,424.0
Q86SQ7,K424N,0.2761,benign,SDCCAG8,424.0
Q86SQ7,K424P,0.9326,pathogenic,SDCCAG8,424.0
Q86SQ7,K424Q,0.159,benign,SDCCAG8,424.0
Q86SQ7,K424R,0.0917,benign,SDCCAG8,424.0
Q86SQ7,K424S,0.3902,ambiguous,SDCCAG8,424.0
Q86SQ7,K424T,0.1271,benign,SDCCAG8,424.0
Q86SQ7,K424V,0.2543,benign,SDCCAG8,424.0
Q86SQ7,K424W,0.7871,pathogenic,SDCCAG8,424.0
Q86SQ7,K424Y,0.5671,pathogenic,SDCCAG8,424.0
Q86SQ7,V425A,0.1279,benign,SDCCAG8,425.0
Q86SQ7,V425C,0.5939,pathogenic,SDCCAG8,425.0
Q86SQ7,V425D,0.2941,benign,SDCCAG8,425.0
Q86SQ7,V425E,0.2857,benign,SDCCAG8,425.0
Q86SQ7,V425F,0.1709,benign,SDCCAG8,425.0
Q86SQ7,V425G,0.1579,benign,SDCCAG8,425.0
Q86SQ7,V425H,0.5524,ambiguous,SDCCAG8,425.0
Q86SQ7,V425I,0.0907,benign,SDCCAG8,425.0
Q86SQ7,V425K,0.4418,ambiguous,SDCCAG8,425.0
Q86SQ7,V425L,0.1854,benign,SDCCAG8,425.0
Q86SQ7,V425M,0.1443,benign,SDCCAG8,425.0
Q86SQ7,V425N,0.2529,benign,SDCCAG8,425.0
Q86SQ7,V425P,0.8851,pathogenic,SDCCAG8,425.0
Q86SQ7,V425Q,0.3737,ambiguous,SDCCAG8,425.0
Q86SQ7,V425R,0.3903,ambiguous,SDCCAG8,425.0
Q86SQ7,V425S,0.1965,benign,SDCCAG8,425.0
Q86SQ7,V425T,0.1875,benign,SDCCAG8,425.0
Q86SQ7,V425W,0.7427,pathogenic,SDCCAG8,425.0
Q86SQ7,V425Y,0.4467,ambiguous,SDCCAG8,425.0
Q86SQ7,T426A,0.1132,benign,SDCCAG8,426.0
Q86SQ7,T426C,0.5018,ambiguous,SDCCAG8,426.0
Q86SQ7,T426D,0.4649,ambiguous,SDCCAG8,426.0
Q86SQ7,T426E,0.2831,benign,SDCCAG8,426.0
Q86SQ7,T426F,0.4012,ambiguous,SDCCAG8,426.0
Q86SQ7,T426G,0.277,benign,SDCCAG8,426.0
Q86SQ7,T426H,0.3365,benign,SDCCAG8,426.0
Q86SQ7,T426I,0.2588,benign,SDCCAG8,426.0
Q86SQ7,T426K,0.2149,benign,SDCCAG8,426.0
Q86SQ7,T426L,0.1711,benign,SDCCAG8,426.0
Q86SQ7,T426M,0.1219,benign,SDCCAG8,426.0
Q86SQ7,T426N,0.163,benign,SDCCAG8,426.0
Q86SQ7,T426P,0.4461,ambiguous,SDCCAG8,426.0
Q86SQ7,T426Q,0.2187,benign,SDCCAG8,426.0
Q86SQ7,T426R,0.1644,benign,SDCCAG8,426.0
Q86SQ7,T426S,0.1487,benign,SDCCAG8,426.0
Q86SQ7,T426V,0.2237,benign,SDCCAG8,426.0
Q86SQ7,T426W,0.6189,pathogenic,SDCCAG8,426.0
Q86SQ7,T426Y,0.3983,ambiguous,SDCCAG8,426.0
Q86SQ7,K427A,0.238,benign,SDCCAG8,427.0
Q86SQ7,K427C,0.645,pathogenic,SDCCAG8,427.0
Q86SQ7,K427D,0.5099,ambiguous,SDCCAG8,427.0
Q86SQ7,K427E,0.11,benign,SDCCAG8,427.0
Q86SQ7,K427F,0.7847,pathogenic,SDCCAG8,427.0
Q86SQ7,K427G,0.2463,benign,SDCCAG8,427.0
Q86SQ7,K427H,0.3371,benign,SDCCAG8,427.0
Q86SQ7,K427I,0.354,ambiguous,SDCCAG8,427.0
Q86SQ7,K427L,0.3342,benign,SDCCAG8,427.0
Q86SQ7,K427M,0.1898,benign,SDCCAG8,427.0
Q86SQ7,K427N,0.3457,ambiguous,SDCCAG8,427.0
Q86SQ7,K427P,0.9044,pathogenic,SDCCAG8,427.0
Q86SQ7,K427Q,0.1181,benign,SDCCAG8,427.0
Q86SQ7,K427R,0.0586,benign,SDCCAG8,427.0
Q86SQ7,K427S,0.3407,ambiguous,SDCCAG8,427.0
Q86SQ7,K427T,0.137,benign,SDCCAG8,427.0
Q86SQ7,K427V,0.2861,benign,SDCCAG8,427.0
Q86SQ7,K427W,0.7221,pathogenic,SDCCAG8,427.0
Q86SQ7,K427Y,0.5926,pathogenic,SDCCAG8,427.0
Q86SQ7,E428A,0.3525,ambiguous,SDCCAG8,428.0
Q86SQ7,E428C,0.938,pathogenic,SDCCAG8,428.0
Q86SQ7,E428D,0.1824,benign,SDCCAG8,428.0
Q86SQ7,E428F,0.9284,pathogenic,SDCCAG8,428.0
Q86SQ7,E428G,0.2222,benign,SDCCAG8,428.0
Q86SQ7,E428H,0.7732,pathogenic,SDCCAG8,428.0
Q86SQ7,E428I,0.6981,pathogenic,SDCCAG8,428.0
Q86SQ7,E428K,0.3282,benign,SDCCAG8,428.0
Q86SQ7,E428L,0.6783,pathogenic,SDCCAG8,428.0
Q86SQ7,E428M,0.6935,pathogenic,SDCCAG8,428.0
Q86SQ7,E428N,0.4728,ambiguous,SDCCAG8,428.0
Q86SQ7,E428P,0.9743,pathogenic,SDCCAG8,428.0
Q86SQ7,E428Q,0.2672,benign,SDCCAG8,428.0
Q86SQ7,E428R,0.4895,ambiguous,SDCCAG8,428.0
Q86SQ7,E428S,0.511,ambiguous,SDCCAG8,428.0
Q86SQ7,E428T,0.5408,ambiguous,SDCCAG8,428.0
Q86SQ7,E428V,0.4292,ambiguous,SDCCAG8,428.0
Q86SQ7,E428W,0.945,pathogenic,SDCCAG8,428.0
Q86SQ7,E428Y,0.8005,pathogenic,SDCCAG8,428.0
Q86SQ7,K429A,0.7301,pathogenic,SDCCAG8,429.0
Q86SQ7,K429C,0.8742,pathogenic,SDCCAG8,429.0
Q86SQ7,K429D,0.8048,pathogenic,SDCCAG8,429.0
Q86SQ7,K429E,0.391,ambiguous,SDCCAG8,429.0
Q86SQ7,K429F,0.9507,pathogenic,SDCCAG8,429.0
Q86SQ7,K429G,0.6922,pathogenic,SDCCAG8,429.0
Q86SQ7,K429H,0.5394,ambiguous,SDCCAG8,429.0
Q86SQ7,K429I,0.6351,pathogenic,SDCCAG8,429.0
Q86SQ7,K429L,0.6613,pathogenic,SDCCAG8,429.0
Q86SQ7,K429M,0.3788,ambiguous,SDCCAG8,429.0
Q86SQ7,K429N,0.505,ambiguous,SDCCAG8,429.0
Q86SQ7,K429P,0.9874,pathogenic,SDCCAG8,429.0
Q86SQ7,K429Q,0.3104,benign,SDCCAG8,429.0
Q86SQ7,K429R,0.1359,benign,SDCCAG8,429.0
Q86SQ7,K429S,0.7258,pathogenic,SDCCAG8,429.0
Q86SQ7,K429T,0.3924,ambiguous,SDCCAG8,429.0
Q86SQ7,K429V,0.6268,pathogenic,SDCCAG8,429.0
Q86SQ7,K429W,0.9276,pathogenic,SDCCAG8,429.0
Q86SQ7,K429Y,0.7355,pathogenic,SDCCAG8,429.0
Q86SQ7,I430A,0.2049,benign,SDCCAG8,430.0
Q86SQ7,I430C,0.449,ambiguous,SDCCAG8,430.0
Q86SQ7,I430D,0.2674,benign,SDCCAG8,430.0
Q86SQ7,I430E,0.2918,benign,SDCCAG8,430.0
Q86SQ7,I430F,0.1075,benign,SDCCAG8,430.0
Q86SQ7,I430G,0.357,ambiguous,SDCCAG8,430.0
Q86SQ7,I430H,0.2501,benign,SDCCAG8,430.0
Q86SQ7,I430K,0.1925,benign,SDCCAG8,430.0
Q86SQ7,I430L,0.0986,benign,SDCCAG8,430.0
Q86SQ7,I430M,0.0846,benign,SDCCAG8,430.0
Q86SQ7,I430N,0.0762,benign,SDCCAG8,430.0
Q86SQ7,I430P,0.7565,pathogenic,SDCCAG8,430.0
Q86SQ7,I430Q,0.2371,benign,SDCCAG8,430.0
Q86SQ7,I430R,0.1415,benign,SDCCAG8,430.0
Q86SQ7,I430S,0.1222,benign,SDCCAG8,430.0
Q86SQ7,I430T,0.112,benign,SDCCAG8,430.0
Q86SQ7,I430V,0.0782,benign,SDCCAG8,430.0
Q86SQ7,I430W,0.5582,ambiguous,SDCCAG8,430.0
Q86SQ7,I430Y,0.2515,benign,SDCCAG8,430.0
Q86SQ7,S431A,0.0642,benign,SDCCAG8,431.0
Q86SQ7,S431C,0.1102,benign,SDCCAG8,431.0
Q86SQ7,S431D,0.4573,ambiguous,SDCCAG8,431.0
Q86SQ7,S431E,0.5434,ambiguous,SDCCAG8,431.0
Q86SQ7,S431F,0.1809,benign,SDCCAG8,431.0
Q86SQ7,S431G,0.1515,benign,SDCCAG8,431.0
Q86SQ7,S431H,0.4137,ambiguous,SDCCAG8,431.0
Q86SQ7,S431I,0.2204,benign,SDCCAG8,431.0
Q86SQ7,S431K,0.7614,pathogenic,SDCCAG8,431.0
Q86SQ7,S431L,0.0816,benign,SDCCAG8,431.0
Q86SQ7,S431M,0.2309,benign,SDCCAG8,431.0
Q86SQ7,S431N,0.2952,benign,SDCCAG8,431.0
Q86SQ7,S431P,0.5243,ambiguous,SDCCAG8,431.0
Q86SQ7,S431Q,0.5998,pathogenic,SDCCAG8,431.0
Q86SQ7,S431R,0.6721,pathogenic,SDCCAG8,431.0
Q86SQ7,S431T,0.0932,benign,SDCCAG8,431.0
Q86SQ7,S431V,0.1912,benign,SDCCAG8,431.0
Q86SQ7,S431W,0.2953,benign,SDCCAG8,431.0
Q86SQ7,S431Y,0.1649,benign,SDCCAG8,431.0
Q86SQ7,A432C,0.4597,ambiguous,SDCCAG8,432.0
Q86SQ7,A432D,0.5177,ambiguous,SDCCAG8,432.0
Q86SQ7,A432E,0.4811,ambiguous,SDCCAG8,432.0
Q86SQ7,A432F,0.4966,ambiguous,SDCCAG8,432.0
Q86SQ7,A432G,0.211,benign,SDCCAG8,432.0
Q86SQ7,A432H,0.6563,pathogenic,SDCCAG8,432.0
Q86SQ7,A432I,0.3148,benign,SDCCAG8,432.0
Q86SQ7,A432K,0.6823,pathogenic,SDCCAG8,432.0
Q86SQ7,A432L,0.2457,benign,SDCCAG8,432.0
Q86SQ7,A432M,0.2935,benign,SDCCAG8,432.0
Q86SQ7,A432N,0.4257,ambiguous,SDCCAG8,432.0
Q86SQ7,A432P,0.8734,pathogenic,SDCCAG8,432.0
Q86SQ7,A432Q,0.565,pathogenic,SDCCAG8,432.0
Q86SQ7,A432R,0.5894,pathogenic,SDCCAG8,432.0
Q86SQ7,A432S,0.1312,benign,SDCCAG8,432.0
Q86SQ7,A432T,0.0996,benign,SDCCAG8,432.0
Q86SQ7,A432V,0.1467,benign,SDCCAG8,432.0
Q86SQ7,A432W,0.8468,pathogenic,SDCCAG8,432.0
Q86SQ7,A432Y,0.6167,pathogenic,SDCCAG8,432.0
Q86SQ7,I433A,0.1677,benign,SDCCAG8,433.0
Q86SQ7,I433C,0.4281,ambiguous,SDCCAG8,433.0
Q86SQ7,I433D,0.4526,ambiguous,SDCCAG8,433.0
Q86SQ7,I433E,0.3652,ambiguous,SDCCAG8,433.0
Q86SQ7,I433F,0.1388,benign,SDCCAG8,433.0
Q86SQ7,I433G,0.3183,benign,SDCCAG8,433.0
Q86SQ7,I433H,0.3596,ambiguous,SDCCAG8,433.0
Q86SQ7,I433K,0.2295,benign,SDCCAG8,433.0
Q86SQ7,I433L,0.1011,benign,SDCCAG8,433.0
Q86SQ7,I433M,0.0775,benign,SDCCAG8,433.0
Q86SQ7,I433N,0.1392,benign,SDCCAG8,433.0
Q86SQ7,I433P,0.8261,pathogenic,SDCCAG8,433.0
Q86SQ7,I433Q,0.2734,benign,SDCCAG8,433.0
Q86SQ7,I433R,0.1625,benign,SDCCAG8,433.0
Q86SQ7,I433S,0.1398,benign,SDCCAG8,433.0
Q86SQ7,I433T,0.1063,benign,SDCCAG8,433.0
Q86SQ7,I433V,0.0574,benign,SDCCAG8,433.0
Q86SQ7,I433W,0.6057,pathogenic,SDCCAG8,433.0
Q86SQ7,I433Y,0.3952,ambiguous,SDCCAG8,433.0
Q86SQ7,N434A,0.1923,benign,SDCCAG8,434.0
Q86SQ7,N434C,0.1932,benign,SDCCAG8,434.0
Q86SQ7,N434D,0.1408,benign,SDCCAG8,434.0
Q86SQ7,N434E,0.3589,ambiguous,SDCCAG8,434.0
Q86SQ7,N434F,0.4221,ambiguous,SDCCAG8,434.0
Q86SQ7,N434G,0.2017,benign,SDCCAG8,434.0
Q86SQ7,N434H,0.0723,benign,SDCCAG8,434.0
Q86SQ7,N434I,0.164,benign,SDCCAG8,434.0
Q86SQ7,N434K,0.2156,benign,SDCCAG8,434.0
Q86SQ7,N434L,0.1821,benign,SDCCAG8,434.0
Q86SQ7,N434M,0.2759,benign,SDCCAG8,434.0
Q86SQ7,N434P,0.7287,pathogenic,SDCCAG8,434.0
Q86SQ7,N434Q,0.2573,benign,SDCCAG8,434.0
Q86SQ7,N434R,0.2246,benign,SDCCAG8,434.0
Q86SQ7,N434S,0.0661,benign,SDCCAG8,434.0
Q86SQ7,N434T,0.0977,benign,SDCCAG8,434.0
Q86SQ7,N434V,0.2025,benign,SDCCAG8,434.0
Q86SQ7,N434W,0.6544,pathogenic,SDCCAG8,434.0
Q86SQ7,N434Y,0.1381,benign,SDCCAG8,434.0
Q86SQ7,Q435A,0.3526,ambiguous,SDCCAG8,435.0
Q86SQ7,Q435C,0.6667,pathogenic,SDCCAG8,435.0
Q86SQ7,Q435D,0.4219,ambiguous,SDCCAG8,435.0
Q86SQ7,Q435E,0.0906,benign,SDCCAG8,435.0
Q86SQ7,Q435F,0.7772,pathogenic,SDCCAG8,435.0
Q86SQ7,Q435G,0.3944,ambiguous,SDCCAG8,435.0
Q86SQ7,Q435H,0.2119,benign,SDCCAG8,435.0
Q86SQ7,Q435I,0.4845,ambiguous,SDCCAG8,435.0
Q86SQ7,Q435K,0.1138,benign,SDCCAG8,435.0
Q86SQ7,Q435L,0.1902,benign,SDCCAG8,435.0
Q86SQ7,Q435M,0.4683,ambiguous,SDCCAG8,435.0
Q86SQ7,Q435N,0.3638,ambiguous,SDCCAG8,435.0
Q86SQ7,Q435P,0.7502,pathogenic,SDCCAG8,435.0
Q86SQ7,Q435R,0.1135,benign,SDCCAG8,435.0
Q86SQ7,Q435S,0.3758,ambiguous,SDCCAG8,435.0
Q86SQ7,Q435T,0.2874,benign,SDCCAG8,435.0
Q86SQ7,Q435V,0.3562,ambiguous,SDCCAG8,435.0
Q86SQ7,Q435W,0.6505,pathogenic,SDCCAG8,435.0
Q86SQ7,Q435Y,0.5348,ambiguous,SDCCAG8,435.0
Q86SQ7,L436A,0.3223,benign,SDCCAG8,436.0
Q86SQ7,L436C,0.5482,ambiguous,SDCCAG8,436.0
Q86SQ7,L436D,0.8395,pathogenic,SDCCAG8,436.0
Q86SQ7,L436E,0.4659,ambiguous,SDCCAG8,436.0
Q86SQ7,L436F,0.282,benign,SDCCAG8,436.0
Q86SQ7,L436G,0.6025,pathogenic,SDCCAG8,436.0
Q86SQ7,L436H,0.3003,benign,SDCCAG8,436.0
Q86SQ7,L436I,0.136,benign,SDCCAG8,436.0
Q86SQ7,L436K,0.2983,benign,SDCCAG8,436.0
Q86SQ7,L436M,0.128,benign,SDCCAG8,436.0
Q86SQ7,L436N,0.5547,ambiguous,SDCCAG8,436.0
Q86SQ7,L436P,0.8984,pathogenic,SDCCAG8,436.0
Q86SQ7,L436Q,0.1986,benign,SDCCAG8,436.0
Q86SQ7,L436R,0.223,benign,SDCCAG8,436.0
Q86SQ7,L436S,0.4465,ambiguous,SDCCAG8,436.0
Q86SQ7,L436T,0.2989,benign,SDCCAG8,436.0
Q86SQ7,L436V,0.1271,benign,SDCCAG8,436.0
Q86SQ7,L436W,0.2538,benign,SDCCAG8,436.0
Q86SQ7,L436Y,0.4342,ambiguous,SDCCAG8,436.0
Q86SQ7,E437A,0.2249,benign,SDCCAG8,437.0
Q86SQ7,E437C,0.8695,pathogenic,SDCCAG8,437.0
Q86SQ7,E437D,0.25,benign,SDCCAG8,437.0
Q86SQ7,E437F,0.8575,pathogenic,SDCCAG8,437.0
Q86SQ7,E437G,0.1492,benign,SDCCAG8,437.0
Q86SQ7,E437H,0.5188,ambiguous,SDCCAG8,437.0
Q86SQ7,E437I,0.6057,pathogenic,SDCCAG8,437.0
Q86SQ7,E437K,0.1447,benign,SDCCAG8,437.0
Q86SQ7,E437L,0.4992,ambiguous,SDCCAG8,437.0
Q86SQ7,E437M,0.5676,pathogenic,SDCCAG8,437.0
Q86SQ7,E437N,0.4033,ambiguous,SDCCAG8,437.0
Q86SQ7,E437P,0.9239,pathogenic,SDCCAG8,437.0
Q86SQ7,E437Q,0.1603,benign,SDCCAG8,437.0
Q86SQ7,E437R,0.2373,benign,SDCCAG8,437.0
Q86SQ7,E437S,0.3203,benign,SDCCAG8,437.0
Q86SQ7,E437T,0.3424,ambiguous,SDCCAG8,437.0
Q86SQ7,E437V,0.3473,ambiguous,SDCCAG8,437.0
Q86SQ7,E437W,0.8875,pathogenic,SDCCAG8,437.0
Q86SQ7,E437Y,0.738,pathogenic,SDCCAG8,437.0
Q86SQ7,E438A,0.1226,benign,SDCCAG8,438.0
Q86SQ7,E438C,0.7832,pathogenic,SDCCAG8,438.0
Q86SQ7,E438D,0.1049,benign,SDCCAG8,438.0
Q86SQ7,E438F,0.6655,pathogenic,SDCCAG8,438.0
Q86SQ7,E438G,0.0855,benign,SDCCAG8,438.0
Q86SQ7,E438H,0.4068,ambiguous,SDCCAG8,438.0
Q86SQ7,E438I,0.3279,benign,SDCCAG8,438.0
Q86SQ7,E438K,0.1274,benign,SDCCAG8,438.0
Q86SQ7,E438L,0.3641,ambiguous,SDCCAG8,438.0
Q86SQ7,E438M,0.3522,ambiguous,SDCCAG8,438.0
Q86SQ7,E438N,0.196,benign,SDCCAG8,438.0
Q86SQ7,E438P,0.8934,pathogenic,SDCCAG8,438.0
Q86SQ7,E438Q,0.1556,benign,SDCCAG8,438.0
Q86SQ7,E438R,0.2366,benign,SDCCAG8,438.0
Q86SQ7,E438S,0.1985,benign,SDCCAG8,438.0
Q86SQ7,E438T,0.1908,benign,SDCCAG8,438.0
Q86SQ7,E438V,0.1667,benign,SDCCAG8,438.0
Q86SQ7,E438W,0.8318,pathogenic,SDCCAG8,438.0
Q86SQ7,E438Y,0.4615,ambiguous,SDCCAG8,438.0
Q86SQ7,I439A,0.2863,benign,SDCCAG8,439.0
Q86SQ7,I439C,0.5197,ambiguous,SDCCAG8,439.0
Q86SQ7,I439D,0.5698,pathogenic,SDCCAG8,439.0
Q86SQ7,I439E,0.5401,ambiguous,SDCCAG8,439.0
Q86SQ7,I439F,0.1379,benign,SDCCAG8,439.0
Q86SQ7,I439G,0.5144,ambiguous,SDCCAG8,439.0
Q86SQ7,I439H,0.387,ambiguous,SDCCAG8,439.0
Q86SQ7,I439K,0.3446,ambiguous,SDCCAG8,439.0
Q86SQ7,I439L,0.1297,benign,SDCCAG8,439.0
Q86SQ7,I439M,0.0871,benign,SDCCAG8,439.0
Q86SQ7,I439N,0.1491,benign,SDCCAG8,439.0
Q86SQ7,I439P,0.8792,pathogenic,SDCCAG8,439.0
Q86SQ7,I439Q,0.4092,ambiguous,SDCCAG8,439.0
Q86SQ7,I439R,0.2724,benign,SDCCAG8,439.0
Q86SQ7,I439S,0.2005,benign,SDCCAG8,439.0
Q86SQ7,I439T,0.164,benign,SDCCAG8,439.0
Q86SQ7,I439V,0.1005,benign,SDCCAG8,439.0
Q86SQ7,I439W,0.6314,pathogenic,SDCCAG8,439.0
Q86SQ7,I439Y,0.3509,ambiguous,SDCCAG8,439.0
Q86SQ7,Q440A,0.3856,ambiguous,SDCCAG8,440.0
Q86SQ7,Q440C,0.6733,pathogenic,SDCCAG8,440.0
Q86SQ7,Q440D,0.5591,ambiguous,SDCCAG8,440.0
Q86SQ7,Q440E,0.1088,benign,SDCCAG8,440.0
Q86SQ7,Q440F,0.8037,pathogenic,SDCCAG8,440.0
Q86SQ7,Q440G,0.3478,ambiguous,SDCCAG8,440.0
Q86SQ7,Q440H,0.2659,benign,SDCCAG8,440.0
Q86SQ7,Q440I,0.5607,ambiguous,SDCCAG8,440.0
Q86SQ7,Q440K,0.1,benign,SDCCAG8,440.0
Q86SQ7,Q440L,0.2549,benign,SDCCAG8,440.0
Q86SQ7,Q440M,0.5412,ambiguous,SDCCAG8,440.0
Q86SQ7,Q440N,0.3862,ambiguous,SDCCAG8,440.0
Q86SQ7,Q440P,0.5119,ambiguous,SDCCAG8,440.0
Q86SQ7,Q440R,0.1046,benign,SDCCAG8,440.0
Q86SQ7,Q440S,0.3777,ambiguous,SDCCAG8,440.0
Q86SQ7,Q440T,0.2835,benign,SDCCAG8,440.0
Q86SQ7,Q440V,0.4001,ambiguous,SDCCAG8,440.0
Q86SQ7,Q440W,0.6106,pathogenic,SDCCAG8,440.0
Q86SQ7,Q440Y,0.5866,pathogenic,SDCCAG8,440.0
Q86SQ7,S441A,0.1027,benign,SDCCAG8,441.0
Q86SQ7,S441C,0.0873,benign,SDCCAG8,441.0
Q86SQ7,S441D,0.1791,benign,SDCCAG8,441.0
Q86SQ7,S441E,0.2689,benign,SDCCAG8,441.0
Q86SQ7,S441F,0.2052,benign,SDCCAG8,441.0
Q86SQ7,S441G,0.0696,benign,SDCCAG8,441.0
Q86SQ7,S441H,0.1475,benign,SDCCAG8,441.0
Q86SQ7,S441I,0.1187,benign,SDCCAG8,441.0
Q86SQ7,S441K,0.237,benign,SDCCAG8,441.0
Q86SQ7,S441L,0.1233,benign,SDCCAG8,441.0
Q86SQ7,S441M,0.1805,benign,SDCCAG8,441.0
Q86SQ7,S441N,0.0688,benign,SDCCAG8,441.0
Q86SQ7,S441P,0.7144,pathogenic,SDCCAG8,441.0
Q86SQ7,S441Q,0.2529,benign,SDCCAG8,441.0
Q86SQ7,S441R,0.2034,benign,SDCCAG8,441.0
Q86SQ7,S441T,0.0885,benign,SDCCAG8,441.0
Q86SQ7,S441V,0.1734,benign,SDCCAG8,441.0
Q86SQ7,S441W,0.2557,benign,SDCCAG8,441.0
Q86SQ7,S441Y,0.1278,benign,SDCCAG8,441.0
Q86SQ7,Q442A,0.2924,benign,SDCCAG8,442.0
Q86SQ7,Q442C,0.5797,pathogenic,SDCCAG8,442.0
Q86SQ7,Q442D,0.3824,ambiguous,SDCCAG8,442.0
Q86SQ7,Q442E,0.0957,benign,SDCCAG8,442.0
Q86SQ7,Q442F,0.647,pathogenic,SDCCAG8,442.0
Q86SQ7,Q442G,0.3187,benign,SDCCAG8,442.0
Q86SQ7,Q442H,0.1787,benign,SDCCAG8,442.0
Q86SQ7,Q442I,0.375,ambiguous,SDCCAG8,442.0
Q86SQ7,Q442K,0.0932,benign,SDCCAG8,442.0
Q86SQ7,Q442L,0.1386,benign,SDCCAG8,442.0
Q86SQ7,Q442M,0.3874,ambiguous,SDCCAG8,442.0
Q86SQ7,Q442N,0.3,benign,SDCCAG8,442.0
Q86SQ7,Q442P,0.5297,ambiguous,SDCCAG8,442.0
Q86SQ7,Q442R,0.0968,benign,SDCCAG8,442.0
Q86SQ7,Q442S,0.3083,benign,SDCCAG8,442.0
Q86SQ7,Q442T,0.2467,benign,SDCCAG8,442.0
Q86SQ7,Q442V,0.2683,benign,SDCCAG8,442.0
Q86SQ7,Q442W,0.4844,ambiguous,SDCCAG8,442.0
Q86SQ7,Q442Y,0.432,ambiguous,SDCCAG8,442.0
Q86SQ7,L443A,0.2964,benign,SDCCAG8,443.0
Q86SQ7,L443C,0.4808,ambiguous,SDCCAG8,443.0
Q86SQ7,L443D,0.6898,pathogenic,SDCCAG8,443.0
Q86SQ7,L443E,0.4355,ambiguous,SDCCAG8,443.0
Q86SQ7,L443F,0.1438,benign,SDCCAG8,443.0
Q86SQ7,L443G,0.5393,ambiguous,SDCCAG8,443.0
Q86SQ7,L443H,0.2001,benign,SDCCAG8,443.0
Q86SQ7,L443I,0.1096,benign,SDCCAG8,443.0
Q86SQ7,L443K,0.3357,benign,SDCCAG8,443.0
Q86SQ7,L443M,0.1339,benign,SDCCAG8,443.0
Q86SQ7,L443N,0.3853,ambiguous,SDCCAG8,443.0
Q86SQ7,L443P,0.7964,pathogenic,SDCCAG8,443.0
Q86SQ7,L443Q,0.2158,benign,SDCCAG8,443.0
Q86SQ7,L443R,0.2339,benign,SDCCAG8,443.0
Q86SQ7,L443S,0.346,ambiguous,SDCCAG8,443.0
Q86SQ7,L443T,0.2693,benign,SDCCAG8,443.0
Q86SQ7,L443V,0.1095,benign,SDCCAG8,443.0
Q86SQ7,L443W,0.1924,benign,SDCCAG8,443.0
Q86SQ7,L443Y,0.2856,benign,SDCCAG8,443.0
Q86SQ7,A444C,0.3961,ambiguous,SDCCAG8,444.0
Q86SQ7,A444D,0.2072,benign,SDCCAG8,444.0
Q86SQ7,A444E,0.2024,benign,SDCCAG8,444.0
Q86SQ7,A444F,0.2812,benign,SDCCAG8,444.0
Q86SQ7,A444G,0.1309,benign,SDCCAG8,444.0
Q86SQ7,A444H,0.3597,ambiguous,SDCCAG8,444.0
Q86SQ7,A444I,0.2156,benign,SDCCAG8,444.0
Q86SQ7,A444K,0.3222,benign,SDCCAG8,444.0
Q86SQ7,A444L,0.165,benign,SDCCAG8,444.0
Q86SQ7,A444M,0.2362,benign,SDCCAG8,444.0
Q86SQ7,A444N,0.2026,benign,SDCCAG8,444.0
Q86SQ7,A444P,0.4226,ambiguous,SDCCAG8,444.0
Q86SQ7,A444Q,0.2731,benign,SDCCAG8,444.0
Q86SQ7,A444R,0.2604,benign,SDCCAG8,444.0
Q86SQ7,A444S,0.0897,benign,SDCCAG8,444.0
Q86SQ7,A444T,0.0746,benign,SDCCAG8,444.0
Q86SQ7,A444V,0.1178,benign,SDCCAG8,444.0
Q86SQ7,A444W,0.6153,pathogenic,SDCCAG8,444.0
Q86SQ7,A444Y,0.3709,ambiguous,SDCCAG8,444.0
Q86SQ7,S445A,0.0823,benign,SDCCAG8,445.0
Q86SQ7,S445C,0.0969,benign,SDCCAG8,445.0
Q86SQ7,S445D,0.3545,ambiguous,SDCCAG8,445.0
Q86SQ7,S445E,0.4596,ambiguous,SDCCAG8,445.0
Q86SQ7,S445F,0.1493,benign,SDCCAG8,445.0
Q86SQ7,S445G,0.0961,benign,SDCCAG8,445.0
Q86SQ7,S445H,0.3359,benign,SDCCAG8,445.0
Q86SQ7,S445I,0.1831,benign,SDCCAG8,445.0
Q86SQ7,S445K,0.6181,pathogenic,SDCCAG8,445.0
Q86SQ7,S445L,0.0988,benign,SDCCAG8,445.0
Q86SQ7,S445M,0.248,benign,SDCCAG8,445.0
Q86SQ7,S445N,0.1618,benign,SDCCAG8,445.0
Q86SQ7,S445P,0.5408,ambiguous,SDCCAG8,445.0
Q86SQ7,S445Q,0.491,ambiguous,SDCCAG8,445.0
Q86SQ7,S445R,0.4955,ambiguous,SDCCAG8,445.0
Q86SQ7,S445T,0.0981,benign,SDCCAG8,445.0
Q86SQ7,S445V,0.1868,benign,SDCCAG8,445.0
Q86SQ7,S445W,0.2569,benign,SDCCAG8,445.0
Q86SQ7,S445Y,0.1446,benign,SDCCAG8,445.0
Q86SQ7,R446A,0.2181,benign,SDCCAG8,446.0
Q86SQ7,R446C,0.1396,benign,SDCCAG8,446.0
Q86SQ7,R446D,0.4045,ambiguous,SDCCAG8,446.0
Q86SQ7,R446E,0.171,benign,SDCCAG8,446.0
Q86SQ7,R446F,0.3963,ambiguous,SDCCAG8,446.0
Q86SQ7,R446G,0.12,benign,SDCCAG8,446.0
Q86SQ7,R446H,0.0876,benign,SDCCAG8,446.0
Q86SQ7,R446I,0.2136,benign,SDCCAG8,446.0
Q86SQ7,R446K,0.0841,benign,SDCCAG8,446.0
Q86SQ7,R446L,0.1623,benign,SDCCAG8,446.0
Q86SQ7,R446M,0.182,benign,SDCCAG8,446.0
Q86SQ7,R446N,0.3309,benign,SDCCAG8,446.0
Q86SQ7,R446P,0.6479,pathogenic,SDCCAG8,446.0
Q86SQ7,R446Q,0.0712,benign,SDCCAG8,446.0
Q86SQ7,R446S,0.2575,benign,SDCCAG8,446.0
Q86SQ7,R446T,0.1267,benign,SDCCAG8,446.0
Q86SQ7,R446V,0.2479,benign,SDCCAG8,446.0
Q86SQ7,R446W,0.1186,benign,SDCCAG8,446.0
Q86SQ7,R446Y,0.2637,benign,SDCCAG8,446.0
Q86SQ7,E447A,0.2708,benign,SDCCAG8,447.0
Q86SQ7,E447C,0.9061,pathogenic,SDCCAG8,447.0
Q86SQ7,E447D,0.1535,benign,SDCCAG8,447.0
Q86SQ7,E447F,0.867,pathogenic,SDCCAG8,447.0
Q86SQ7,E447G,0.1804,benign,SDCCAG8,447.0
Q86SQ7,E447H,0.5911,pathogenic,SDCCAG8,447.0
Q86SQ7,E447I,0.5956,pathogenic,SDCCAG8,447.0
Q86SQ7,E447K,0.1918,benign,SDCCAG8,447.0
Q86SQ7,E447L,0.6024,pathogenic,SDCCAG8,447.0
Q86SQ7,E447M,0.628,pathogenic,SDCCAG8,447.0
Q86SQ7,E447N,0.3216,benign,SDCCAG8,447.0
Q86SQ7,E447P,0.9072,pathogenic,SDCCAG8,447.0
Q86SQ7,E447Q,0.2011,benign,SDCCAG8,447.0
Q86SQ7,E447R,0.3385,benign,SDCCAG8,447.0
Q86SQ7,E447S,0.3292,benign,SDCCAG8,447.0
Q86SQ7,E447T,0.3776,ambiguous,SDCCAG8,447.0
Q86SQ7,E447V,0.3514,ambiguous,SDCCAG8,447.0
Q86SQ7,E447W,0.9251,pathogenic,SDCCAG8,447.0
Q86SQ7,E447Y,0.7096,pathogenic,SDCCAG8,447.0
Q86SQ7,M448A,0.3092,benign,SDCCAG8,448.0
Q86SQ7,M448C,0.7721,pathogenic,SDCCAG8,448.0
Q86SQ7,M448D,0.601,pathogenic,SDCCAG8,448.0
Q86SQ7,M448E,0.3281,benign,SDCCAG8,448.0
Q86SQ7,M448F,0.4202,ambiguous,SDCCAG8,448.0
Q86SQ7,M448G,0.4505,ambiguous,SDCCAG8,448.0
Q86SQ7,M448H,0.4952,ambiguous,SDCCAG8,448.0
Q86SQ7,M448I,0.3025,benign,SDCCAG8,448.0
Q86SQ7,M448K,0.1406,benign,SDCCAG8,448.0
Q86SQ7,M448L,0.1427,benign,SDCCAG8,448.0
Q86SQ7,M448N,0.351,ambiguous,SDCCAG8,448.0
Q86SQ7,M448P,0.8644,pathogenic,SDCCAG8,448.0
Q86SQ7,M448Q,0.2482,benign,SDCCAG8,448.0
Q86SQ7,M448R,0.1493,benign,SDCCAG8,448.0
Q86SQ7,M448S,0.3586,ambiguous,SDCCAG8,448.0
Q86SQ7,M448T,0.1441,benign,SDCCAG8,448.0
Q86SQ7,M448V,0.0997,benign,SDCCAG8,448.0
Q86SQ7,M448W,0.6146,pathogenic,SDCCAG8,448.0
Q86SQ7,M448Y,0.5981,pathogenic,SDCCAG8,448.0
Q86SQ7,D449A,0.1905,benign,SDCCAG8,449.0
Q86SQ7,D449C,0.6428,pathogenic,SDCCAG8,449.0
Q86SQ7,D449E,0.1552,benign,SDCCAG8,449.0
Q86SQ7,D449F,0.6382,pathogenic,SDCCAG8,449.0
Q86SQ7,D449G,0.185,benign,SDCCAG8,449.0
Q86SQ7,D449H,0.308,benign,SDCCAG8,449.0
Q86SQ7,D449I,0.4078,ambiguous,SDCCAG8,449.0
Q86SQ7,D449K,0.4348,ambiguous,SDCCAG8,449.0
Q86SQ7,D449L,0.3979,ambiguous,SDCCAG8,449.0
Q86SQ7,D449M,0.6229,pathogenic,SDCCAG8,449.0
Q86SQ7,D449N,0.1289,benign,SDCCAG8,449.0
Q86SQ7,D449P,0.8532,pathogenic,SDCCAG8,449.0
Q86SQ7,D449Q,0.3967,ambiguous,SDCCAG8,449.0
Q86SQ7,D449R,0.4477,ambiguous,SDCCAG8,449.0
Q86SQ7,D449S,0.2015,benign,SDCCAG8,449.0
Q86SQ7,D449T,0.2937,benign,SDCCAG8,449.0
Q86SQ7,D449V,0.2081,benign,SDCCAG8,449.0
Q86SQ7,D449W,0.8709,pathogenic,SDCCAG8,449.0
Q86SQ7,D449Y,0.2398,benign,SDCCAG8,449.0
Q86SQ7,V450A,0.1607,benign,SDCCAG8,450.0
Q86SQ7,V450C,0.6585,pathogenic,SDCCAG8,450.0
Q86SQ7,V450D,0.3316,benign,SDCCAG8,450.0
Q86SQ7,V450E,0.3563,ambiguous,SDCCAG8,450.0
Q86SQ7,V450F,0.1709,benign,SDCCAG8,450.0
Q86SQ7,V450G,0.2212,benign,SDCCAG8,450.0
Q86SQ7,V450H,0.609,pathogenic,SDCCAG8,450.0
Q86SQ7,V450I,0.0785,benign,SDCCAG8,450.0
Q86SQ7,V450K,0.4717,ambiguous,SDCCAG8,450.0
Q86SQ7,V450L,0.2228,benign,SDCCAG8,450.0
Q86SQ7,V450M,0.1194,benign,SDCCAG8,450.0
Q86SQ7,V450N,0.2645,benign,SDCCAG8,450.0
Q86SQ7,V450P,0.8745,pathogenic,SDCCAG8,450.0
Q86SQ7,V450Q,0.4394,ambiguous,SDCCAG8,450.0
Q86SQ7,V450R,0.41,ambiguous,SDCCAG8,450.0
Q86SQ7,V450S,0.2234,benign,SDCCAG8,450.0
Q86SQ7,V450T,0.1851,benign,SDCCAG8,450.0
Q86SQ7,V450W,0.8008,pathogenic,SDCCAG8,450.0
Q86SQ7,V450Y,0.5265,ambiguous,SDCCAG8,450.0
Q86SQ7,T451A,0.1138,benign,SDCCAG8,451.0
Q86SQ7,T451C,0.5723,pathogenic,SDCCAG8,451.0
Q86SQ7,T451D,0.3806,ambiguous,SDCCAG8,451.0
Q86SQ7,T451E,0.3289,benign,SDCCAG8,451.0
Q86SQ7,T451F,0.4136,ambiguous,SDCCAG8,451.0
Q86SQ7,T451G,0.2929,benign,SDCCAG8,451.0
Q86SQ7,T451H,0.3301,benign,SDCCAG8,451.0
Q86SQ7,T451I,0.3595,ambiguous,SDCCAG8,451.0
Q86SQ7,T451K,0.273,benign,SDCCAG8,451.0
Q86SQ7,T451L,0.1877,benign,SDCCAG8,451.0
Q86SQ7,T451M,0.1347,benign,SDCCAG8,451.0
Q86SQ7,T451N,0.1379,benign,SDCCAG8,451.0
Q86SQ7,T451P,0.3447,ambiguous,SDCCAG8,451.0
Q86SQ7,T451Q,0.2585,benign,SDCCAG8,451.0
Q86SQ7,T451R,0.1979,benign,SDCCAG8,451.0
Q86SQ7,T451S,0.1278,benign,SDCCAG8,451.0
Q86SQ7,T451V,0.3059,benign,SDCCAG8,451.0
Q86SQ7,T451W,0.6708,pathogenic,SDCCAG8,451.0
Q86SQ7,T451Y,0.4362,ambiguous,SDCCAG8,451.0
Q86SQ7,K452A,0.2602,benign,SDCCAG8,452.0
Q86SQ7,K452C,0.7656,pathogenic,SDCCAG8,452.0
Q86SQ7,K452D,0.5243,ambiguous,SDCCAG8,452.0
Q86SQ7,K452E,0.1156,benign,SDCCAG8,452.0
Q86SQ7,K452F,0.8147,pathogenic,SDCCAG8,452.0
Q86SQ7,K452G,0.4312,ambiguous,SDCCAG8,452.0
Q86SQ7,K452H,0.3706,ambiguous,SDCCAG8,452.0
Q86SQ7,K452I,0.3424,ambiguous,SDCCAG8,452.0
Q86SQ7,K452L,0.3493,ambiguous,SDCCAG8,452.0
Q86SQ7,K452M,0.1863,benign,SDCCAG8,452.0
Q86SQ7,K452N,0.3699,ambiguous,SDCCAG8,452.0
Q86SQ7,K452P,0.8901,pathogenic,SDCCAG8,452.0
Q86SQ7,K452Q,0.1325,benign,SDCCAG8,452.0
Q86SQ7,K452R,0.0937,benign,SDCCAG8,452.0
Q86SQ7,K452S,0.375,ambiguous,SDCCAG8,452.0
Q86SQ7,K452T,0.1258,benign,SDCCAG8,452.0
Q86SQ7,K452V,0.2735,benign,SDCCAG8,452.0
Q86SQ7,K452W,0.8245,pathogenic,SDCCAG8,452.0
Q86SQ7,K452Y,0.6595,pathogenic,SDCCAG8,452.0
Q86SQ7,V453A,0.2941,benign,SDCCAG8,453.0
Q86SQ7,V453C,0.8319,pathogenic,SDCCAG8,453.0
Q86SQ7,V453D,0.3568,ambiguous,SDCCAG8,453.0
Q86SQ7,V453E,0.3107,benign,SDCCAG8,453.0
Q86SQ7,V453F,0.2268,benign,SDCCAG8,453.0
Q86SQ7,V453G,0.3036,benign,SDCCAG8,453.0
Q86SQ7,V453H,0.6937,pathogenic,SDCCAG8,453.0
Q86SQ7,V453I,0.1189,benign,SDCCAG8,453.0
Q86SQ7,V453K,0.5538,ambiguous,SDCCAG8,453.0
Q86SQ7,V453L,0.3743,ambiguous,SDCCAG8,453.0
Q86SQ7,V453M,0.222,benign,SDCCAG8,453.0
Q86SQ7,V453N,0.4141,ambiguous,SDCCAG8,453.0
Q86SQ7,V453P,0.9081,pathogenic,SDCCAG8,453.0
Q86SQ7,V453Q,0.4947,ambiguous,SDCCAG8,453.0
Q86SQ7,V453R,0.5041,ambiguous,SDCCAG8,453.0
Q86SQ7,V453S,0.369,ambiguous,SDCCAG8,453.0
Q86SQ7,V453T,0.3349,benign,SDCCAG8,453.0
Q86SQ7,V453W,0.8437,pathogenic,SDCCAG8,453.0
Q86SQ7,V453Y,0.6029,pathogenic,SDCCAG8,453.0
Q86SQ7,C454A,0.4675,ambiguous,SDCCAG8,454.0
Q86SQ7,C454D,0.7446,pathogenic,SDCCAG8,454.0
Q86SQ7,C454E,0.8284,pathogenic,SDCCAG8,454.0
Q86SQ7,C454F,0.243,benign,SDCCAG8,454.0
Q86SQ7,C454G,0.2171,benign,SDCCAG8,454.0
Q86SQ7,C454H,0.5298,ambiguous,SDCCAG8,454.0
Q86SQ7,C454I,0.6065,pathogenic,SDCCAG8,454.0
Q86SQ7,C454K,0.8173,pathogenic,SDCCAG8,454.0
Q86SQ7,C454L,0.5129,ambiguous,SDCCAG8,454.0
Q86SQ7,C454M,0.7024,pathogenic,SDCCAG8,454.0
Q86SQ7,C454N,0.5853,pathogenic,SDCCAG8,454.0
Q86SQ7,C454P,0.9622,pathogenic,SDCCAG8,454.0
Q86SQ7,C454Q,0.677,pathogenic,SDCCAG8,454.0
Q86SQ7,C454R,0.4526,ambiguous,SDCCAG8,454.0
Q86SQ7,C454S,0.317,benign,SDCCAG8,454.0
Q86SQ7,C454T,0.5037,ambiguous,SDCCAG8,454.0
Q86SQ7,C454V,0.5495,ambiguous,SDCCAG8,454.0
Q86SQ7,C454W,0.4808,ambiguous,SDCCAG8,454.0
Q86SQ7,C454Y,0.3303,benign,SDCCAG8,454.0
Q86SQ7,G455A,0.1972,benign,SDCCAG8,455.0
Q86SQ7,G455C,0.367,ambiguous,SDCCAG8,455.0
Q86SQ7,G455D,0.4708,ambiguous,SDCCAG8,455.0
Q86SQ7,G455E,0.2676,benign,SDCCAG8,455.0
Q86SQ7,G455F,0.7626,pathogenic,SDCCAG8,455.0
Q86SQ7,G455H,0.6175,pathogenic,SDCCAG8,455.0
Q86SQ7,G455I,0.4596,ambiguous,SDCCAG8,455.0
Q86SQ7,G455K,0.5108,ambiguous,SDCCAG8,455.0
Q86SQ7,G455L,0.5655,pathogenic,SDCCAG8,455.0
Q86SQ7,G455M,0.573,pathogenic,SDCCAG8,455.0
Q86SQ7,G455N,0.5611,ambiguous,SDCCAG8,455.0
Q86SQ7,G455P,0.9623,pathogenic,SDCCAG8,455.0
Q86SQ7,G455Q,0.4048,ambiguous,SDCCAG8,455.0
Q86SQ7,G455R,0.3092,benign,SDCCAG8,455.0
Q86SQ7,G455S,0.1504,benign,SDCCAG8,455.0
Q86SQ7,G455T,0.2452,benign,SDCCAG8,455.0
Q86SQ7,G455V,0.2899,benign,SDCCAG8,455.0
Q86SQ7,G455W,0.4653,ambiguous,SDCCAG8,455.0
Q86SQ7,G455Y,0.6521,pathogenic,SDCCAG8,455.0
Q86SQ7,E456A,0.321,benign,SDCCAG8,456.0
Q86SQ7,E456C,0.9401,pathogenic,SDCCAG8,456.0
Q86SQ7,E456D,0.2221,benign,SDCCAG8,456.0
Q86SQ7,E456F,0.8811,pathogenic,SDCCAG8,456.0
Q86SQ7,E456G,0.3026,benign,SDCCAG8,456.0
Q86SQ7,E456H,0.6823,pathogenic,SDCCAG8,456.0
Q86SQ7,E456I,0.6338,pathogenic,SDCCAG8,456.0
Q86SQ7,E456K,0.2163,benign,SDCCAG8,456.0
Q86SQ7,E456L,0.6295,pathogenic,SDCCAG8,456.0
Q86SQ7,E456M,0.6344,pathogenic,SDCCAG8,456.0
Q86SQ7,E456N,0.4585,ambiguous,SDCCAG8,456.0
Q86SQ7,E456P,0.946,pathogenic,SDCCAG8,456.0
Q86SQ7,E456Q,0.2504,benign,SDCCAG8,456.0
Q86SQ7,E456R,0.4007,ambiguous,SDCCAG8,456.0
Q86SQ7,E456S,0.4656,ambiguous,SDCCAG8,456.0
Q86SQ7,E456T,0.4886,ambiguous,SDCCAG8,456.0
Q86SQ7,E456V,0.3945,ambiguous,SDCCAG8,456.0
Q86SQ7,E456W,0.9438,pathogenic,SDCCAG8,456.0
Q86SQ7,E456Y,0.7557,pathogenic,SDCCAG8,456.0
Q86SQ7,M457A,0.79,pathogenic,SDCCAG8,457.0
Q86SQ7,M457C,0.9144,pathogenic,SDCCAG8,457.0
Q86SQ7,M457D,0.9595,pathogenic,SDCCAG8,457.0
Q86SQ7,M457E,0.8365,pathogenic,SDCCAG8,457.0
Q86SQ7,M457F,0.5082,ambiguous,SDCCAG8,457.0
Q86SQ7,M457G,0.8802,pathogenic,SDCCAG8,457.0
Q86SQ7,M457H,0.8388,pathogenic,SDCCAG8,457.0
Q86SQ7,M457I,0.4788,ambiguous,SDCCAG8,457.0
Q86SQ7,M457K,0.508,ambiguous,SDCCAG8,457.0
Q86SQ7,M457L,0.1419,benign,SDCCAG8,457.0
Q86SQ7,M457N,0.7758,pathogenic,SDCCAG8,457.0
Q86SQ7,M457P,0.9831,pathogenic,SDCCAG8,457.0
Q86SQ7,M457Q,0.6093,pathogenic,SDCCAG8,457.0
Q86SQ7,M457R,0.5553,ambiguous,SDCCAG8,457.0
Q86SQ7,M457S,0.8212,pathogenic,SDCCAG8,457.0
Q86SQ7,M457T,0.6696,pathogenic,SDCCAG8,457.0
Q86SQ7,M457V,0.2238,benign,SDCCAG8,457.0
Q86SQ7,M457W,0.769,pathogenic,SDCCAG8,457.0
Q86SQ7,M457Y,0.7276,pathogenic,SDCCAG8,457.0
Q86SQ7,R458A,0.5439,ambiguous,SDCCAG8,458.0
Q86SQ7,R458C,0.1595,benign,SDCCAG8,458.0
Q86SQ7,R458D,0.7647,pathogenic,SDCCAG8,458.0
Q86SQ7,R458E,0.4511,ambiguous,SDCCAG8,458.0
Q86SQ7,R458F,0.6403,pathogenic,SDCCAG8,458.0
Q86SQ7,R458G,0.3667,ambiguous,SDCCAG8,458.0
Q86SQ7,R458H,0.1227,benign,SDCCAG8,458.0
Q86SQ7,R458I,0.296,benign,SDCCAG8,458.0
Q86SQ7,R458K,0.1989,benign,SDCCAG8,458.0
Q86SQ7,R458L,0.2891,benign,SDCCAG8,458.0
Q86SQ7,R458M,0.3529,ambiguous,SDCCAG8,458.0
Q86SQ7,R458N,0.6441,pathogenic,SDCCAG8,458.0
Q86SQ7,R458P,0.904,pathogenic,SDCCAG8,458.0
Q86SQ7,R458Q,0.1246,benign,SDCCAG8,458.0
Q86SQ7,R458S,0.6016,pathogenic,SDCCAG8,458.0
Q86SQ7,R458T,0.3551,ambiguous,SDCCAG8,458.0
Q86SQ7,R458V,0.4622,ambiguous,SDCCAG8,458.0
Q86SQ7,R458W,0.182,benign,SDCCAG8,458.0
Q86SQ7,R458Y,0.3882,ambiguous,SDCCAG8,458.0
Q86SQ7,Y459A,0.8109,pathogenic,SDCCAG8,459.0
Q86SQ7,Y459C,0.2458,benign,SDCCAG8,459.0
Q86SQ7,Y459D,0.5877,pathogenic,SDCCAG8,459.0
Q86SQ7,Y459E,0.8609,pathogenic,SDCCAG8,459.0
Q86SQ7,Y459F,0.121,benign,SDCCAG8,459.0
Q86SQ7,Y459G,0.6823,pathogenic,SDCCAG8,459.0
Q86SQ7,Y459H,0.3431,ambiguous,SDCCAG8,459.0
Q86SQ7,Y459I,0.6663,pathogenic,SDCCAG8,459.0
Q86SQ7,Y459K,0.821,pathogenic,SDCCAG8,459.0
Q86SQ7,Y459L,0.6249,pathogenic,SDCCAG8,459.0
Q86SQ7,Y459M,0.7588,pathogenic,SDCCAG8,459.0
Q86SQ7,Y459N,0.4304,ambiguous,SDCCAG8,459.0
Q86SQ7,Y459P,0.9776,pathogenic,SDCCAG8,459.0
Q86SQ7,Y459Q,0.7743,pathogenic,SDCCAG8,459.0
Q86SQ7,Y459R,0.6947,pathogenic,SDCCAG8,459.0
Q86SQ7,Y459S,0.5514,ambiguous,SDCCAG8,459.0
Q86SQ7,Y459T,0.7949,pathogenic,SDCCAG8,459.0
Q86SQ7,Y459V,0.6091,pathogenic,SDCCAG8,459.0
Q86SQ7,Y459W,0.4874,ambiguous,SDCCAG8,459.0
Q86SQ7,Q460A,0.4159,ambiguous,SDCCAG8,460.0
Q86SQ7,Q460C,0.6808,pathogenic,SDCCAG8,460.0
Q86SQ7,Q460D,0.586,pathogenic,SDCCAG8,460.0
Q86SQ7,Q460E,0.109,benign,SDCCAG8,460.0
Q86SQ7,Q460F,0.7469,pathogenic,SDCCAG8,460.0
Q86SQ7,Q460G,0.5061,ambiguous,SDCCAG8,460.0
Q86SQ7,Q460H,0.244,benign,SDCCAG8,460.0
Q86SQ7,Q460I,0.4387,ambiguous,SDCCAG8,460.0
Q86SQ7,Q460K,0.131,benign,SDCCAG8,460.0
Q86SQ7,Q460L,0.158,benign,SDCCAG8,460.0
Q86SQ7,Q460M,0.4497,ambiguous,SDCCAG8,460.0
Q86SQ7,Q460N,0.4419,ambiguous,SDCCAG8,460.0
Q86SQ7,Q460P,0.8037,pathogenic,SDCCAG8,460.0
Q86SQ7,Q460R,0.1202,benign,SDCCAG8,460.0
Q86SQ7,Q460S,0.4844,ambiguous,SDCCAG8,460.0
Q86SQ7,Q460T,0.3769,ambiguous,SDCCAG8,460.0
Q86SQ7,Q460V,0.3463,ambiguous,SDCCAG8,460.0
Q86SQ7,Q460W,0.5827,pathogenic,SDCCAG8,460.0
Q86SQ7,Q460Y,0.5217,ambiguous,SDCCAG8,460.0
Q86SQ7,L461A,0.5073,ambiguous,SDCCAG8,461.0
Q86SQ7,L461C,0.5647,pathogenic,SDCCAG8,461.0
Q86SQ7,L461D,0.8849,pathogenic,SDCCAG8,461.0
Q86SQ7,L461E,0.5886,pathogenic,SDCCAG8,461.0
Q86SQ7,L461F,0.2835,benign,SDCCAG8,461.0
Q86SQ7,L461G,0.7085,pathogenic,SDCCAG8,461.0
Q86SQ7,L461H,0.3768,ambiguous,SDCCAG8,461.0
Q86SQ7,L461I,0.1369,benign,SDCCAG8,461.0
Q86SQ7,L461K,0.3915,ambiguous,SDCCAG8,461.0
Q86SQ7,L461M,0.1293,benign,SDCCAG8,461.0
Q86SQ7,L461N,0.6394,pathogenic,SDCCAG8,461.0
Q86SQ7,L461P,0.9343,pathogenic,SDCCAG8,461.0
Q86SQ7,L461Q,0.2567,benign,SDCCAG8,461.0
Q86SQ7,L461R,0.292,benign,SDCCAG8,461.0
Q86SQ7,L461S,0.6028,pathogenic,SDCCAG8,461.0
Q86SQ7,L461T,0.5276,ambiguous,SDCCAG8,461.0
Q86SQ7,L461V,0.1441,benign,SDCCAG8,461.0
Q86SQ7,L461W,0.2461,benign,SDCCAG8,461.0
Q86SQ7,L461Y,0.4475,ambiguous,SDCCAG8,461.0
Q86SQ7,N462A,0.425,ambiguous,SDCCAG8,462.0
Q86SQ7,N462C,0.421,ambiguous,SDCCAG8,462.0
Q86SQ7,N462D,0.312,benign,SDCCAG8,462.0
Q86SQ7,N462E,0.5991,pathogenic,SDCCAG8,462.0
Q86SQ7,N462F,0.7545,pathogenic,SDCCAG8,462.0
Q86SQ7,N462G,0.4189,ambiguous,SDCCAG8,462.0
Q86SQ7,N462H,0.1606,benign,SDCCAG8,462.0
Q86SQ7,N462I,0.4402,ambiguous,SDCCAG8,462.0
Q86SQ7,N462K,0.4875,ambiguous,SDCCAG8,462.0
Q86SQ7,N462L,0.3773,ambiguous,SDCCAG8,462.0
Q86SQ7,N462M,0.4809,ambiguous,SDCCAG8,462.0
Q86SQ7,N462P,0.8949,pathogenic,SDCCAG8,462.0
Q86SQ7,N462Q,0.4692,ambiguous,SDCCAG8,462.0
Q86SQ7,N462R,0.4844,ambiguous,SDCCAG8,462.0
Q86SQ7,N462S,0.1058,benign,SDCCAG8,462.0
Q86SQ7,N462T,0.2277,benign,SDCCAG8,462.0
Q86SQ7,N462V,0.4809,ambiguous,SDCCAG8,462.0
Q86SQ7,N462W,0.8313,pathogenic,SDCCAG8,462.0
Q86SQ7,N462Y,0.287,benign,SDCCAG8,462.0
Q86SQ7,K463A,0.412,ambiguous,SDCCAG8,463.0
Q86SQ7,K463C,0.7571,pathogenic,SDCCAG8,463.0
Q86SQ7,K463D,0.7138,pathogenic,SDCCAG8,463.0
Q86SQ7,K463E,0.1721,benign,SDCCAG8,463.0
Q86SQ7,K463F,0.8505,pathogenic,SDCCAG8,463.0
Q86SQ7,K463G,0.5955,pathogenic,SDCCAG8,463.0
Q86SQ7,K463H,0.4002,ambiguous,SDCCAG8,463.0
Q86SQ7,K463I,0.3432,ambiguous,SDCCAG8,463.0
Q86SQ7,K463L,0.403,ambiguous,SDCCAG8,463.0
Q86SQ7,K463M,0.2164,benign,SDCCAG8,463.0
Q86SQ7,K463N,0.4884,ambiguous,SDCCAG8,463.0
Q86SQ7,K463P,0.9597,pathogenic,SDCCAG8,463.0
Q86SQ7,K463Q,0.1201,benign,SDCCAG8,463.0
Q86SQ7,K463R,0.096,benign,SDCCAG8,463.0
Q86SQ7,K463S,0.5301,ambiguous,SDCCAG8,463.0
Q86SQ7,K463T,0.2047,benign,SDCCAG8,463.0
Q86SQ7,K463V,0.3549,ambiguous,SDCCAG8,463.0
Q86SQ7,K463W,0.8425,pathogenic,SDCCAG8,463.0
Q86SQ7,K463Y,0.7053,pathogenic,SDCCAG8,463.0
Q86SQ7,T464A,0.065,benign,SDCCAG8,464.0
Q86SQ7,T464C,0.3601,ambiguous,SDCCAG8,464.0
Q86SQ7,T464D,0.4442,ambiguous,SDCCAG8,464.0
Q86SQ7,T464E,0.3577,ambiguous,SDCCAG8,464.0
Q86SQ7,T464F,0.3276,benign,SDCCAG8,464.0
Q86SQ7,T464G,0.2627,benign,SDCCAG8,464.0
Q86SQ7,T464H,0.3133,benign,SDCCAG8,464.0
Q86SQ7,T464I,0.1711,benign,SDCCAG8,464.0
Q86SQ7,T464K,0.2447,benign,SDCCAG8,464.0
Q86SQ7,T464L,0.1412,benign,SDCCAG8,464.0
Q86SQ7,T464M,0.1037,benign,SDCCAG8,464.0
Q86SQ7,T464N,0.1529,benign,SDCCAG8,464.0
Q86SQ7,T464P,0.65,pathogenic,SDCCAG8,464.0
Q86SQ7,T464Q,0.2766,benign,SDCCAG8,464.0
Q86SQ7,T464R,0.185,benign,SDCCAG8,464.0
Q86SQ7,T464S,0.1309,benign,SDCCAG8,464.0
Q86SQ7,T464V,0.1459,benign,SDCCAG8,464.0
Q86SQ7,T464W,0.5659,pathogenic,SDCCAG8,464.0
Q86SQ7,T464Y,0.3138,benign,SDCCAG8,464.0
Q86SQ7,N465A,0.1215,benign,SDCCAG8,465.0
Q86SQ7,N465C,0.1736,benign,SDCCAG8,465.0
Q86SQ7,N465D,0.1278,benign,SDCCAG8,465.0
Q86SQ7,N465E,0.2134,benign,SDCCAG8,465.0
Q86SQ7,N465F,0.3753,ambiguous,SDCCAG8,465.0
Q86SQ7,N465G,0.203,benign,SDCCAG8,465.0
Q86SQ7,N465H,0.0733,benign,SDCCAG8,465.0
Q86SQ7,N465I,0.1092,benign,SDCCAG8,465.0
Q86SQ7,N465K,0.1103,benign,SDCCAG8,465.0
Q86SQ7,N465L,0.1425,benign,SDCCAG8,465.0
Q86SQ7,N465M,0.1865,benign,SDCCAG8,465.0
Q86SQ7,N465P,0.8082,pathogenic,SDCCAG8,465.0
Q86SQ7,N465Q,0.1655,benign,SDCCAG8,465.0
Q86SQ7,N465R,0.1346,benign,SDCCAG8,465.0
Q86SQ7,N465S,0.0748,benign,SDCCAG8,465.0
Q86SQ7,N465T,0.0829,benign,SDCCAG8,465.0
Q86SQ7,N465V,0.1147,benign,SDCCAG8,465.0
Q86SQ7,N465W,0.5647,pathogenic,SDCCAG8,465.0
Q86SQ7,N465Y,0.1109,benign,SDCCAG8,465.0
Q86SQ7,M466A,0.4601,ambiguous,SDCCAG8,466.0
Q86SQ7,M466C,0.7748,pathogenic,SDCCAG8,466.0
Q86SQ7,M466D,0.8806,pathogenic,SDCCAG8,466.0
Q86SQ7,M466E,0.5519,ambiguous,SDCCAG8,466.0
Q86SQ7,M466F,0.5092,ambiguous,SDCCAG8,466.0
Q86SQ7,M466G,0.6598,pathogenic,SDCCAG8,466.0
Q86SQ7,M466H,0.6,pathogenic,SDCCAG8,466.0
Q86SQ7,M466I,0.3682,ambiguous,SDCCAG8,466.0
Q86SQ7,M466K,0.1754,benign,SDCCAG8,466.0
Q86SQ7,M466L,0.1383,benign,SDCCAG8,466.0
Q86SQ7,M466N,0.6938,pathogenic,SDCCAG8,466.0
Q86SQ7,M466P,0.9449,pathogenic,SDCCAG8,466.0
Q86SQ7,M466Q,0.2815,benign,SDCCAG8,466.0
Q86SQ7,M466R,0.1553,benign,SDCCAG8,466.0
Q86SQ7,M466S,0.5841,pathogenic,SDCCAG8,466.0
Q86SQ7,M466T,0.2449,benign,SDCCAG8,466.0
Q86SQ7,M466V,0.0957,benign,SDCCAG8,466.0
Q86SQ7,M466W,0.6219,pathogenic,SDCCAG8,466.0
Q86SQ7,M466Y,0.7342,pathogenic,SDCCAG8,466.0
Q86SQ7,E467A,0.1637,benign,SDCCAG8,467.0
Q86SQ7,E467C,0.8544,pathogenic,SDCCAG8,467.0
Q86SQ7,E467D,0.2066,benign,SDCCAG8,467.0
Q86SQ7,E467F,0.7867,pathogenic,SDCCAG8,467.0
Q86SQ7,E467G,0.1718,benign,SDCCAG8,467.0
Q86SQ7,E467H,0.538,ambiguous,SDCCAG8,467.0
Q86SQ7,E467I,0.4139,ambiguous,SDCCAG8,467.0
Q86SQ7,E467K,0.1351,benign,SDCCAG8,467.0
Q86SQ7,E467L,0.3453,ambiguous,SDCCAG8,467.0
Q86SQ7,E467M,0.4473,ambiguous,SDCCAG8,467.0
Q86SQ7,E467N,0.3928,ambiguous,SDCCAG8,467.0
Q86SQ7,E467P,0.9194,pathogenic,SDCCAG8,467.0
Q86SQ7,E467Q,0.1327,benign,SDCCAG8,467.0
Q86SQ7,E467R,0.2159,benign,SDCCAG8,467.0
Q86SQ7,E467S,0.35,ambiguous,SDCCAG8,467.0
Q86SQ7,E467T,0.3474,ambiguous,SDCCAG8,467.0
Q86SQ7,E467V,0.2145,benign,SDCCAG8,467.0
Q86SQ7,E467W,0.8669,pathogenic,SDCCAG8,467.0
Q86SQ7,E467Y,0.6687,pathogenic,SDCCAG8,467.0
Q86SQ7,K468A,0.606,pathogenic,SDCCAG8,468.0
Q86SQ7,K468C,0.8553,pathogenic,SDCCAG8,468.0
Q86SQ7,K468D,0.8608,pathogenic,SDCCAG8,468.0
Q86SQ7,K468E,0.3769,ambiguous,SDCCAG8,468.0
Q86SQ7,K468F,0.9173,pathogenic,SDCCAG8,468.0
Q86SQ7,K468G,0.6722,pathogenic,SDCCAG8,468.0
Q86SQ7,K468H,0.5682,pathogenic,SDCCAG8,468.0
Q86SQ7,K468I,0.5229,ambiguous,SDCCAG8,468.0
Q86SQ7,K468L,0.5428,ambiguous,SDCCAG8,468.0
Q86SQ7,K468M,0.3346,benign,SDCCAG8,468.0
Q86SQ7,K468N,0.6311,pathogenic,SDCCAG8,468.0
Q86SQ7,K468P,0.9795,pathogenic,SDCCAG8,468.0
Q86SQ7,K468Q,0.3109,benign,SDCCAG8,468.0
Q86SQ7,K468R,0.0993,benign,SDCCAG8,468.0
Q86SQ7,K468S,0.7545,pathogenic,SDCCAG8,468.0
Q86SQ7,K468T,0.3712,ambiguous,SDCCAG8,468.0
Q86SQ7,K468V,0.5304,ambiguous,SDCCAG8,468.0
Q86SQ7,K468W,0.8746,pathogenic,SDCCAG8,468.0
Q86SQ7,K468Y,0.7612,pathogenic,SDCCAG8,468.0
Q86SQ7,D469A,0.1413,benign,SDCCAG8,469.0
Q86SQ7,D469C,0.5457,ambiguous,SDCCAG8,469.0
Q86SQ7,D469E,0.1449,benign,SDCCAG8,469.0
Q86SQ7,D469F,0.5179,ambiguous,SDCCAG8,469.0
Q86SQ7,D469G,0.1208,benign,SDCCAG8,469.0
Q86SQ7,D469H,0.2487,benign,SDCCAG8,469.0
Q86SQ7,D469I,0.2821,benign,SDCCAG8,469.0
Q86SQ7,D469K,0.2756,benign,SDCCAG8,469.0
Q86SQ7,D469L,0.3051,benign,SDCCAG8,469.0
Q86SQ7,D469M,0.4957,ambiguous,SDCCAG8,469.0
Q86SQ7,D469N,0.1093,benign,SDCCAG8,469.0
Q86SQ7,D469P,0.9152,pathogenic,SDCCAG8,469.0
Q86SQ7,D469Q,0.296,benign,SDCCAG8,469.0
Q86SQ7,D469R,0.3097,benign,SDCCAG8,469.0
Q86SQ7,D469S,0.1546,benign,SDCCAG8,469.0
Q86SQ7,D469T,0.2049,benign,SDCCAG8,469.0
Q86SQ7,D469V,0.1438,benign,SDCCAG8,469.0
Q86SQ7,D469W,0.7964,pathogenic,SDCCAG8,469.0
Q86SQ7,D469Y,0.1567,benign,SDCCAG8,469.0
Q86SQ7,E470A,0.1669,benign,SDCCAG8,470.0
Q86SQ7,E470C,0.8882,pathogenic,SDCCAG8,470.0
Q86SQ7,E470D,0.19,benign,SDCCAG8,470.0
Q86SQ7,E470F,0.7911,pathogenic,SDCCAG8,470.0
Q86SQ7,E470G,0.2114,benign,SDCCAG8,470.0
Q86SQ7,E470H,0.5098,ambiguous,SDCCAG8,470.0
Q86SQ7,E470I,0.405,ambiguous,SDCCAG8,470.0
Q86SQ7,E470K,0.1093,benign,SDCCAG8,470.0
Q86SQ7,E470L,0.4806,ambiguous,SDCCAG8,470.0
Q86SQ7,E470M,0.4621,ambiguous,SDCCAG8,470.0
Q86SQ7,E470N,0.3398,benign,SDCCAG8,470.0
Q86SQ7,E470P,0.9642,pathogenic,SDCCAG8,470.0
Q86SQ7,E470Q,0.1747,benign,SDCCAG8,470.0
Q86SQ7,E470R,0.2139,benign,SDCCAG8,470.0
Q86SQ7,E470S,0.3217,benign,SDCCAG8,470.0
Q86SQ7,E470T,0.2878,benign,SDCCAG8,470.0
Q86SQ7,E470V,0.2447,benign,SDCCAG8,470.0
Q86SQ7,E470W,0.9194,pathogenic,SDCCAG8,470.0
Q86SQ7,E470Y,0.6841,pathogenic,SDCCAG8,470.0
Q86SQ7,A471C,0.6417,pathogenic,SDCCAG8,471.0
Q86SQ7,A471D,0.4728,ambiguous,SDCCAG8,471.0
Q86SQ7,A471E,0.4383,ambiguous,SDCCAG8,471.0
Q86SQ7,A471F,0.5257,ambiguous,SDCCAG8,471.0
Q86SQ7,A471G,0.2291,benign,SDCCAG8,471.0
Q86SQ7,A471H,0.6803,pathogenic,SDCCAG8,471.0
Q86SQ7,A471I,0.3816,ambiguous,SDCCAG8,471.0
Q86SQ7,A471K,0.5923,pathogenic,SDCCAG8,471.0
Q86SQ7,A471L,0.2764,benign,SDCCAG8,471.0
Q86SQ7,A471M,0.2628,benign,SDCCAG8,471.0
Q86SQ7,A471N,0.4419,ambiguous,SDCCAG8,471.0
Q86SQ7,A471P,0.9641,pathogenic,SDCCAG8,471.0
Q86SQ7,A471Q,0.528,ambiguous,SDCCAG8,471.0
Q86SQ7,A471R,0.5023,ambiguous,SDCCAG8,471.0
Q86SQ7,A471S,0.1582,benign,SDCCAG8,471.0
Q86SQ7,A471T,0.1087,benign,SDCCAG8,471.0
Q86SQ7,A471V,0.1571,benign,SDCCAG8,471.0
Q86SQ7,A471W,0.8222,pathogenic,SDCCAG8,471.0
Q86SQ7,A471Y,0.6527,pathogenic,SDCCAG8,471.0
Q86SQ7,E472A,0.204,benign,SDCCAG8,472.0
Q86SQ7,E472C,0.8952,pathogenic,SDCCAG8,472.0
Q86SQ7,E472D,0.3964,ambiguous,SDCCAG8,472.0
Q86SQ7,E472F,0.829,pathogenic,SDCCAG8,472.0
Q86SQ7,E472G,0.1676,benign,SDCCAG8,472.0
Q86SQ7,E472H,0.6275,pathogenic,SDCCAG8,472.0
Q86SQ7,E472I,0.4554,ambiguous,SDCCAG8,472.0
Q86SQ7,E472K,0.112,benign,SDCCAG8,472.0
Q86SQ7,E472L,0.4182,ambiguous,SDCCAG8,472.0
Q86SQ7,E472M,0.4736,ambiguous,SDCCAG8,472.0
Q86SQ7,E472N,0.4905,ambiguous,SDCCAG8,472.0
Q86SQ7,E472P,0.9576,pathogenic,SDCCAG8,472.0
Q86SQ7,E472Q,0.1434,benign,SDCCAG8,472.0
Q86SQ7,E472R,0.2053,benign,SDCCAG8,472.0
Q86SQ7,E472S,0.3799,ambiguous,SDCCAG8,472.0
Q86SQ7,E472T,0.3613,ambiguous,SDCCAG8,472.0
Q86SQ7,E472V,0.2508,benign,SDCCAG8,472.0
Q86SQ7,E472W,0.9031,pathogenic,SDCCAG8,472.0
Q86SQ7,E472Y,0.751,pathogenic,SDCCAG8,472.0
Q86SQ7,K473A,0.5857,pathogenic,SDCCAG8,473.0
Q86SQ7,K473C,0.882,pathogenic,SDCCAG8,473.0
Q86SQ7,K473D,0.7537,pathogenic,SDCCAG8,473.0
Q86SQ7,K473E,0.2726,benign,SDCCAG8,473.0
Q86SQ7,K473F,0.9189,pathogenic,SDCCAG8,473.0
Q86SQ7,K473G,0.6354,pathogenic,SDCCAG8,473.0
Q86SQ7,K473H,0.5705,pathogenic,SDCCAG8,473.0
Q86SQ7,K473I,0.5477,ambiguous,SDCCAG8,473.0
Q86SQ7,K473L,0.5696,pathogenic,SDCCAG8,473.0
Q86SQ7,K473M,0.3209,benign,SDCCAG8,473.0
Q86SQ7,K473N,0.562,ambiguous,SDCCAG8,473.0
Q86SQ7,K473P,0.9774,pathogenic,SDCCAG8,473.0
Q86SQ7,K473Q,0.2458,benign,SDCCAG8,473.0
Q86SQ7,K473R,0.1144,benign,SDCCAG8,473.0
Q86SQ7,K473S,0.714,pathogenic,SDCCAG8,473.0
Q86SQ7,K473T,0.3574,ambiguous,SDCCAG8,473.0
Q86SQ7,K473V,0.554,ambiguous,SDCCAG8,473.0
Q86SQ7,K473W,0.8684,pathogenic,SDCCAG8,473.0
Q86SQ7,K473Y,0.7853,pathogenic,SDCCAG8,473.0
Q86SQ7,E474A,0.1554,benign,SDCCAG8,474.0
Q86SQ7,E474C,0.8501,pathogenic,SDCCAG8,474.0
Q86SQ7,E474D,0.2487,benign,SDCCAG8,474.0
Q86SQ7,E474F,0.7779,pathogenic,SDCCAG8,474.0
Q86SQ7,E474G,0.1865,benign,SDCCAG8,474.0
Q86SQ7,E474H,0.5578,ambiguous,SDCCAG8,474.0
Q86SQ7,E474I,0.3928,ambiguous,SDCCAG8,474.0
Q86SQ7,E474K,0.1831,benign,SDCCAG8,474.0
Q86SQ7,E474L,0.4006,ambiguous,SDCCAG8,474.0
Q86SQ7,E474M,0.4508,ambiguous,SDCCAG8,474.0
Q86SQ7,E474N,0.3735,ambiguous,SDCCAG8,474.0
Q86SQ7,E474P,0.9537,pathogenic,SDCCAG8,474.0
Q86SQ7,E474Q,0.1565,benign,SDCCAG8,474.0
Q86SQ7,E474R,0.2836,benign,SDCCAG8,474.0
Q86SQ7,E474S,0.3163,benign,SDCCAG8,474.0
Q86SQ7,E474T,0.3079,benign,SDCCAG8,474.0
Q86SQ7,E474V,0.2223,benign,SDCCAG8,474.0
Q86SQ7,E474W,0.8868,pathogenic,SDCCAG8,474.0
Q86SQ7,E474Y,0.6509,pathogenic,SDCCAG8,474.0
Q86SQ7,H475A,0.4374,ambiguous,SDCCAG8,475.0
Q86SQ7,H475C,0.2191,benign,SDCCAG8,475.0
Q86SQ7,H475D,0.432,ambiguous,SDCCAG8,475.0
Q86SQ7,H475E,0.4323,ambiguous,SDCCAG8,475.0
Q86SQ7,H475F,0.3476,ambiguous,SDCCAG8,475.0
Q86SQ7,H475G,0.4366,ambiguous,SDCCAG8,475.0
Q86SQ7,H475I,0.3208,benign,SDCCAG8,475.0
Q86SQ7,H475K,0.2989,benign,SDCCAG8,475.0
Q86SQ7,H475L,0.1006,benign,SDCCAG8,475.0
Q86SQ7,H475M,0.4889,ambiguous,SDCCAG8,475.0
Q86SQ7,H475N,0.1666,benign,SDCCAG8,475.0
Q86SQ7,H475P,0.5331,ambiguous,SDCCAG8,475.0
Q86SQ7,H475Q,0.2442,benign,SDCCAG8,475.0
Q86SQ7,H475R,0.1462,benign,SDCCAG8,475.0
Q86SQ7,H475S,0.4302,ambiguous,SDCCAG8,475.0
Q86SQ7,H475T,0.455,ambiguous,SDCCAG8,475.0
Q86SQ7,H475V,0.294,benign,SDCCAG8,475.0
Q86SQ7,H475W,0.3696,ambiguous,SDCCAG8,475.0
Q86SQ7,H475Y,0.089,benign,SDCCAG8,475.0
Q86SQ7,R476A,0.3561,ambiguous,SDCCAG8,476.0
Q86SQ7,R476C,0.2812,benign,SDCCAG8,476.0
Q86SQ7,R476D,0.6988,pathogenic,SDCCAG8,476.0
Q86SQ7,R476E,0.3159,benign,SDCCAG8,476.0
Q86SQ7,R476F,0.6369,pathogenic,SDCCAG8,476.0
Q86SQ7,R476G,0.1864,benign,SDCCAG8,476.0
Q86SQ7,R476H,0.1766,benign,SDCCAG8,476.0
Q86SQ7,R476I,0.2255,benign,SDCCAG8,476.0
Q86SQ7,R476K,0.0983,benign,SDCCAG8,476.0
Q86SQ7,R476L,0.2783,benign,SDCCAG8,476.0
Q86SQ7,R476M,0.2226,benign,SDCCAG8,476.0
Q86SQ7,R476N,0.613,pathogenic,SDCCAG8,476.0
Q86SQ7,R476P,0.8926,pathogenic,SDCCAG8,476.0
Q86SQ7,R476Q,0.1127,benign,SDCCAG8,476.0
Q86SQ7,R476S,0.4791,ambiguous,SDCCAG8,476.0
Q86SQ7,R476T,0.2039,benign,SDCCAG8,476.0
Q86SQ7,R476V,0.3475,ambiguous,SDCCAG8,476.0
Q86SQ7,R476W,0.1926,benign,SDCCAG8,476.0
Q86SQ7,R476Y,0.5456,ambiguous,SDCCAG8,476.0
Q86SQ7,E477A,0.1044,benign,SDCCAG8,477.0
Q86SQ7,E477C,0.7435,pathogenic,SDCCAG8,477.0
Q86SQ7,E477D,0.1341,benign,SDCCAG8,477.0
Q86SQ7,E477F,0.6179,pathogenic,SDCCAG8,477.0
Q86SQ7,E477G,0.1203,benign,SDCCAG8,477.0
Q86SQ7,E477H,0.3629,ambiguous,SDCCAG8,477.0
Q86SQ7,E477I,0.2547,benign,SDCCAG8,477.0
Q86SQ7,E477K,0.1275,benign,SDCCAG8,477.0
Q86SQ7,E477L,0.2758,benign,SDCCAG8,477.0
Q86SQ7,E477M,0.33,benign,SDCCAG8,477.0
Q86SQ7,E477N,0.2216,benign,SDCCAG8,477.0
Q86SQ7,E477P,0.8429,pathogenic,SDCCAG8,477.0
Q86SQ7,E477Q,0.1139,benign,SDCCAG8,477.0
Q86SQ7,E477R,0.1923,benign,SDCCAG8,477.0
Q86SQ7,E477S,0.1919,benign,SDCCAG8,477.0
Q86SQ7,E477T,0.1809,benign,SDCCAG8,477.0
Q86SQ7,E477V,0.1413,benign,SDCCAG8,477.0
Q86SQ7,E477W,0.7846,pathogenic,SDCCAG8,477.0
Q86SQ7,E477Y,0.4424,ambiguous,SDCCAG8,477.0
Q86SQ7,F478A,0.4063,ambiguous,SDCCAG8,478.0
Q86SQ7,F478C,0.1587,benign,SDCCAG8,478.0
Q86SQ7,F478D,0.4255,ambiguous,SDCCAG8,478.0
Q86SQ7,F478E,0.5533,ambiguous,SDCCAG8,478.0
Q86SQ7,F478G,0.5263,ambiguous,SDCCAG8,478.0
Q86SQ7,F478H,0.3514,ambiguous,SDCCAG8,478.0
Q86SQ7,F478I,0.1269,benign,SDCCAG8,478.0
Q86SQ7,F478K,0.572,pathogenic,SDCCAG8,478.0
Q86SQ7,F478L,0.643,pathogenic,SDCCAG8,478.0
Q86SQ7,F478M,0.3462,ambiguous,SDCCAG8,478.0
Q86SQ7,F478N,0.2993,benign,SDCCAG8,478.0
Q86SQ7,F478P,0.9813,pathogenic,SDCCAG8,478.0
Q86SQ7,F478Q,0.4943,ambiguous,SDCCAG8,478.0
Q86SQ7,F478R,0.4486,ambiguous,SDCCAG8,478.0
Q86SQ7,F478S,0.279,benign,SDCCAG8,478.0
Q86SQ7,F478T,0.3303,benign,SDCCAG8,478.0
Q86SQ7,F478V,0.1465,benign,SDCCAG8,478.0
Q86SQ7,F478W,0.2612,benign,SDCCAG8,478.0
Q86SQ7,F478Y,0.0462,benign,SDCCAG8,478.0
Q86SQ7,R479A,0.3666,ambiguous,SDCCAG8,479.0
Q86SQ7,R479C,0.2,benign,SDCCAG8,479.0
Q86SQ7,R479D,0.7602,pathogenic,SDCCAG8,479.0
Q86SQ7,R479E,0.3479,ambiguous,SDCCAG8,479.0
Q86SQ7,R479F,0.5464,ambiguous,SDCCAG8,479.0
Q86SQ7,R479G,0.2603,benign,SDCCAG8,479.0
Q86SQ7,R479H,0.1313,benign,SDCCAG8,479.0
Q86SQ7,R479I,0.204,benign,SDCCAG8,479.0
Q86SQ7,R479K,0.1004,benign,SDCCAG8,479.0
Q86SQ7,R479L,0.2249,benign,SDCCAG8,479.0
Q86SQ7,R479M,0.2135,benign,SDCCAG8,479.0
Q86SQ7,R479N,0.6578,pathogenic,SDCCAG8,479.0
Q86SQ7,R479P,0.836,pathogenic,SDCCAG8,479.0
Q86SQ7,R479Q,0.105,benign,SDCCAG8,479.0
Q86SQ7,R479S,0.4864,ambiguous,SDCCAG8,479.0
Q86SQ7,R479T,0.2083,benign,SDCCAG8,479.0
Q86SQ7,R479V,0.3042,benign,SDCCAG8,479.0
Q86SQ7,R479W,0.1578,benign,SDCCAG8,479.0
Q86SQ7,R479Y,0.4485,ambiguous,SDCCAG8,479.0
Q86SQ7,A480C,0.4191,ambiguous,SDCCAG8,480.0
Q86SQ7,A480D,0.2012,benign,SDCCAG8,480.0
Q86SQ7,A480E,0.1637,benign,SDCCAG8,480.0
Q86SQ7,A480F,0.3074,benign,SDCCAG8,480.0
Q86SQ7,A480G,0.1227,benign,SDCCAG8,480.0
Q86SQ7,A480H,0.3818,ambiguous,SDCCAG8,480.0
Q86SQ7,A480I,0.228,benign,SDCCAG8,480.0
Q86SQ7,A480K,0.2891,benign,SDCCAG8,480.0
Q86SQ7,A480L,0.1508,benign,SDCCAG8,480.0
Q86SQ7,A480M,0.1919,benign,SDCCAG8,480.0
Q86SQ7,A480N,0.1943,benign,SDCCAG8,480.0
Q86SQ7,A480P,0.6134,pathogenic,SDCCAG8,480.0
Q86SQ7,A480Q,0.2478,benign,SDCCAG8,480.0
Q86SQ7,A480R,0.2457,benign,SDCCAG8,480.0
Q86SQ7,A480S,0.096,benign,SDCCAG8,480.0
Q86SQ7,A480T,0.0748,benign,SDCCAG8,480.0
Q86SQ7,A480V,0.1161,benign,SDCCAG8,480.0
Q86SQ7,A480W,0.5614,ambiguous,SDCCAG8,480.0
Q86SQ7,A480Y,0.3945,ambiguous,SDCCAG8,480.0
Q86SQ7,K481A,0.4189,ambiguous,SDCCAG8,481.0
Q86SQ7,K481C,0.8382,pathogenic,SDCCAG8,481.0
Q86SQ7,K481D,0.7113,pathogenic,SDCCAG8,481.0
Q86SQ7,K481E,0.2205,benign,SDCCAG8,481.0
Q86SQ7,K481F,0.8735,pathogenic,SDCCAG8,481.0
Q86SQ7,K481G,0.5722,pathogenic,SDCCAG8,481.0
Q86SQ7,K481H,0.5043,ambiguous,SDCCAG8,481.0
Q86SQ7,K481I,0.4379,ambiguous,SDCCAG8,481.0
Q86SQ7,K481L,0.4928,ambiguous,SDCCAG8,481.0
Q86SQ7,K481M,0.2787,benign,SDCCAG8,481.0
Q86SQ7,K481N,0.5293,ambiguous,SDCCAG8,481.0
Q86SQ7,K481P,0.9444,pathogenic,SDCCAG8,481.0
Q86SQ7,K481Q,0.172,benign,SDCCAG8,481.0
Q86SQ7,K481R,0.1053,benign,SDCCAG8,481.0
Q86SQ7,K481S,0.5652,pathogenic,SDCCAG8,481.0
Q86SQ7,K481T,0.2379,benign,SDCCAG8,481.0
Q86SQ7,K481V,0.4008,ambiguous,SDCCAG8,481.0
Q86SQ7,K481W,0.8611,pathogenic,SDCCAG8,481.0
Q86SQ7,K481Y,0.7976,pathogenic,SDCCAG8,481.0
Q86SQ7,T482A,0.0914,benign,SDCCAG8,482.0
Q86SQ7,T482C,0.3999,ambiguous,SDCCAG8,482.0
Q86SQ7,T482D,0.4829,ambiguous,SDCCAG8,482.0
Q86SQ7,T482E,0.4021,ambiguous,SDCCAG8,482.0
Q86SQ7,T482F,0.4026,ambiguous,SDCCAG8,482.0
Q86SQ7,T482G,0.2891,benign,SDCCAG8,482.0
Q86SQ7,T482H,0.2824,benign,SDCCAG8,482.0
Q86SQ7,T482I,0.2711,benign,SDCCAG8,482.0
Q86SQ7,T482K,0.2645,benign,SDCCAG8,482.0
Q86SQ7,T482L,0.1619,benign,SDCCAG8,482.0
Q86SQ7,T482M,0.1157,benign,SDCCAG8,482.0
Q86SQ7,T482N,0.1017,benign,SDCCAG8,482.0
Q86SQ7,T482P,0.5539,ambiguous,SDCCAG8,482.0
Q86SQ7,T482Q,0.2605,benign,SDCCAG8,482.0
Q86SQ7,T482R,0.1848,benign,SDCCAG8,482.0
Q86SQ7,T482S,0.1389,benign,SDCCAG8,482.0
Q86SQ7,T482V,0.2321,benign,SDCCAG8,482.0
Q86SQ7,T482W,0.5667,pathogenic,SDCCAG8,482.0
Q86SQ7,T482Y,0.3048,benign,SDCCAG8,482.0
Q86SQ7,N483A,0.1267,benign,SDCCAG8,483.0
Q86SQ7,N483C,0.1726,benign,SDCCAG8,483.0
Q86SQ7,N483D,0.1059,benign,SDCCAG8,483.0
Q86SQ7,N483E,0.1706,benign,SDCCAG8,483.0
Q86SQ7,N483F,0.3635,ambiguous,SDCCAG8,483.0
Q86SQ7,N483G,0.1906,benign,SDCCAG8,483.0
Q86SQ7,N483H,0.0711,benign,SDCCAG8,483.0
Q86SQ7,N483I,0.1063,benign,SDCCAG8,483.0
Q86SQ7,N483K,0.0997,benign,SDCCAG8,483.0
Q86SQ7,N483L,0.1426,benign,SDCCAG8,483.0
Q86SQ7,N483M,0.1952,benign,SDCCAG8,483.0
Q86SQ7,N483P,0.7301,pathogenic,SDCCAG8,483.0
Q86SQ7,N483Q,0.1546,benign,SDCCAG8,483.0
Q86SQ7,N483R,0.122,benign,SDCCAG8,483.0
Q86SQ7,N483S,0.0743,benign,SDCCAG8,483.0
Q86SQ7,N483T,0.0895,benign,SDCCAG8,483.0
Q86SQ7,N483V,0.1195,benign,SDCCAG8,483.0
Q86SQ7,N483W,0.5257,ambiguous,SDCCAG8,483.0
Q86SQ7,N483Y,0.1069,benign,SDCCAG8,483.0
Q86SQ7,R484A,0.3761,ambiguous,SDCCAG8,484.0
Q86SQ7,R484C,0.251,benign,SDCCAG8,484.0
Q86SQ7,R484D,0.6857,pathogenic,SDCCAG8,484.0
Q86SQ7,R484E,0.3356,benign,SDCCAG8,484.0
Q86SQ7,R484F,0.6319,pathogenic,SDCCAG8,484.0
Q86SQ7,R484G,0.2038,benign,SDCCAG8,484.0
Q86SQ7,R484H,0.1351,benign,SDCCAG8,484.0
Q86SQ7,R484I,0.245,benign,SDCCAG8,484.0
Q86SQ7,R484K,0.1123,benign,SDCCAG8,484.0
Q86SQ7,R484L,0.2876,benign,SDCCAG8,484.0
Q86SQ7,R484M,0.2255,benign,SDCCAG8,484.0
Q86SQ7,R484N,0.6056,pathogenic,SDCCAG8,484.0
Q86SQ7,R484P,0.8898,pathogenic,SDCCAG8,484.0
Q86SQ7,R484Q,0.1138,benign,SDCCAG8,484.0
Q86SQ7,R484S,0.4991,ambiguous,SDCCAG8,484.0
Q86SQ7,R484T,0.2083,benign,SDCCAG8,484.0
Q86SQ7,R484V,0.3793,ambiguous,SDCCAG8,484.0
Q86SQ7,R484W,0.175,benign,SDCCAG8,484.0
Q86SQ7,R484Y,0.4835,ambiguous,SDCCAG8,484.0
Q86SQ7,D485A,0.1815,benign,SDCCAG8,485.0
Q86SQ7,D485C,0.53,ambiguous,SDCCAG8,485.0
Q86SQ7,D485E,0.1888,benign,SDCCAG8,485.0
Q86SQ7,D485F,0.4702,ambiguous,SDCCAG8,485.0
Q86SQ7,D485G,0.2115,benign,SDCCAG8,485.0
Q86SQ7,D485H,0.2325,benign,SDCCAG8,485.0
Q86SQ7,D485I,0.2631,benign,SDCCAG8,485.0
Q86SQ7,D485K,0.3363,benign,SDCCAG8,485.0
Q86SQ7,D485L,0.2814,benign,SDCCAG8,485.0
Q86SQ7,D485M,0.5253,ambiguous,SDCCAG8,485.0
Q86SQ7,D485N,0.1173,benign,SDCCAG8,485.0
Q86SQ7,D485P,0.9133,pathogenic,SDCCAG8,485.0
Q86SQ7,D485Q,0.3128,benign,SDCCAG8,485.0
Q86SQ7,D485R,0.3575,ambiguous,SDCCAG8,485.0
Q86SQ7,D485S,0.1827,benign,SDCCAG8,485.0
Q86SQ7,D485T,0.2544,benign,SDCCAG8,485.0
Q86SQ7,D485V,0.155,benign,SDCCAG8,485.0
Q86SQ7,D485W,0.7971,pathogenic,SDCCAG8,485.0
Q86SQ7,D485Y,0.145,benign,SDCCAG8,485.0
Q86SQ7,L486A,0.285,benign,SDCCAG8,486.0
Q86SQ7,L486C,0.499,ambiguous,SDCCAG8,486.0
Q86SQ7,L486D,0.7642,pathogenic,SDCCAG8,486.0
Q86SQ7,L486E,0.3839,ambiguous,SDCCAG8,486.0
Q86SQ7,L486F,0.1878,benign,SDCCAG8,486.0
Q86SQ7,L486G,0.5204,ambiguous,SDCCAG8,486.0
Q86SQ7,L486H,0.2445,benign,SDCCAG8,486.0
Q86SQ7,L486I,0.0953,benign,SDCCAG8,486.0
Q86SQ7,L486K,0.2134,benign,SDCCAG8,486.0
Q86SQ7,L486M,0.0982,benign,SDCCAG8,486.0
Q86SQ7,L486N,0.4586,ambiguous,SDCCAG8,486.0
Q86SQ7,L486P,0.8647,pathogenic,SDCCAG8,486.0
Q86SQ7,L486Q,0.1644,benign,SDCCAG8,486.0
Q86SQ7,L486R,0.1511,benign,SDCCAG8,486.0
Q86SQ7,L486S,0.33,benign,SDCCAG8,486.0
Q86SQ7,L486T,0.2272,benign,SDCCAG8,486.0
Q86SQ7,L486V,0.0991,benign,SDCCAG8,486.0
Q86SQ7,L486W,0.1892,benign,SDCCAG8,486.0
Q86SQ7,L486Y,0.4111,ambiguous,SDCCAG8,486.0
Q86SQ7,E487A,0.1479,benign,SDCCAG8,487.0
Q86SQ7,E487C,0.8212,pathogenic,SDCCAG8,487.0
Q86SQ7,E487D,0.2016,benign,SDCCAG8,487.0
Q86SQ7,E487F,0.735,pathogenic,SDCCAG8,487.0
Q86SQ7,E487G,0.1546,benign,SDCCAG8,487.0
Q86SQ7,E487H,0.4244,ambiguous,SDCCAG8,487.0
Q86SQ7,E487I,0.4296,ambiguous,SDCCAG8,487.0
Q86SQ7,E487K,0.1527,benign,SDCCAG8,487.0
Q86SQ7,E487L,0.3826,ambiguous,SDCCAG8,487.0
Q86SQ7,E487M,0.4574,ambiguous,SDCCAG8,487.0
Q86SQ7,E487N,0.3656,ambiguous,SDCCAG8,487.0
Q86SQ7,E487P,0.8875,pathogenic,SDCCAG8,487.0
Q86SQ7,E487Q,0.1286,benign,SDCCAG8,487.0
Q86SQ7,E487R,0.2194,benign,SDCCAG8,487.0
Q86SQ7,E487S,0.2938,benign,SDCCAG8,487.0
Q86SQ7,E487T,0.3068,benign,SDCCAG8,487.0
Q86SQ7,E487V,0.2297,benign,SDCCAG8,487.0
Q86SQ7,E487W,0.8433,pathogenic,SDCCAG8,487.0
Q86SQ7,E487Y,0.6034,pathogenic,SDCCAG8,487.0
Q86SQ7,I488A,0.3389,benign,SDCCAG8,488.0
Q86SQ7,I488C,0.5213,ambiguous,SDCCAG8,488.0
Q86SQ7,I488D,0.4453,ambiguous,SDCCAG8,488.0
Q86SQ7,I488E,0.324,benign,SDCCAG8,488.0
Q86SQ7,I488F,0.1246,benign,SDCCAG8,488.0
Q86SQ7,I488G,0.4467,ambiguous,SDCCAG8,488.0
Q86SQ7,I488H,0.3175,benign,SDCCAG8,488.0
Q86SQ7,I488K,0.1846,benign,SDCCAG8,488.0
Q86SQ7,I488L,0.1077,benign,SDCCAG8,488.0
Q86SQ7,I488M,0.0662,benign,SDCCAG8,488.0
Q86SQ7,I488N,0.1315,benign,SDCCAG8,488.0
Q86SQ7,I488P,0.8756,pathogenic,SDCCAG8,488.0
Q86SQ7,I488Q,0.247,benign,SDCCAG8,488.0
Q86SQ7,I488R,0.1309,benign,SDCCAG8,488.0
Q86SQ7,I488S,0.2131,benign,SDCCAG8,488.0
Q86SQ7,I488T,0.2491,benign,SDCCAG8,488.0
Q86SQ7,I488V,0.1099,benign,SDCCAG8,488.0
Q86SQ7,I488W,0.4598,ambiguous,SDCCAG8,488.0
Q86SQ7,I488Y,0.2903,benign,SDCCAG8,488.0
Q86SQ7,K489A,0.595,pathogenic,SDCCAG8,489.0
Q86SQ7,K489C,0.8449,pathogenic,SDCCAG8,489.0
Q86SQ7,K489D,0.8931,pathogenic,SDCCAG8,489.0
Q86SQ7,K489E,0.3639,ambiguous,SDCCAG8,489.0
Q86SQ7,K489F,0.9353,pathogenic,SDCCAG8,489.0
Q86SQ7,K489G,0.7274,pathogenic,SDCCAG8,489.0
Q86SQ7,K489H,0.5697,pathogenic,SDCCAG8,489.0
Q86SQ7,K489I,0.6375,pathogenic,SDCCAG8,489.0
Q86SQ7,K489L,0.5991,pathogenic,SDCCAG8,489.0
Q86SQ7,K489M,0.391,ambiguous,SDCCAG8,489.0
Q86SQ7,K489N,0.7579,pathogenic,SDCCAG8,489.0
Q86SQ7,K489P,0.9648,pathogenic,SDCCAG8,489.0
Q86SQ7,K489Q,0.243,benign,SDCCAG8,489.0
Q86SQ7,K489R,0.1062,benign,SDCCAG8,489.0
Q86SQ7,K489S,0.712,pathogenic,SDCCAG8,489.0
Q86SQ7,K489T,0.3424,ambiguous,SDCCAG8,489.0
Q86SQ7,K489V,0.6068,pathogenic,SDCCAG8,489.0
Q86SQ7,K489W,0.8788,pathogenic,SDCCAG8,489.0
Q86SQ7,K489Y,0.8263,pathogenic,SDCCAG8,489.0
Q86SQ7,D490A,0.2035,benign,SDCCAG8,490.0
Q86SQ7,D490C,0.5676,pathogenic,SDCCAG8,490.0
Q86SQ7,D490E,0.2013,benign,SDCCAG8,490.0
Q86SQ7,D490F,0.5452,ambiguous,SDCCAG8,490.0
Q86SQ7,D490G,0.1296,benign,SDCCAG8,490.0
Q86SQ7,D490H,0.2328,benign,SDCCAG8,490.0
Q86SQ7,D490I,0.322,benign,SDCCAG8,490.0
Q86SQ7,D490K,0.2993,benign,SDCCAG8,490.0
Q86SQ7,D490L,0.3503,ambiguous,SDCCAG8,490.0
Q86SQ7,D490M,0.5827,pathogenic,SDCCAG8,490.0
Q86SQ7,D490N,0.0966,benign,SDCCAG8,490.0
Q86SQ7,D490P,0.9055,pathogenic,SDCCAG8,490.0
Q86SQ7,D490Q,0.3086,benign,SDCCAG8,490.0
Q86SQ7,D490R,0.3214,benign,SDCCAG8,490.0
Q86SQ7,D490S,0.1676,benign,SDCCAG8,490.0
Q86SQ7,D490T,0.2601,benign,SDCCAG8,490.0
Q86SQ7,D490V,0.1824,benign,SDCCAG8,490.0
Q86SQ7,D490W,0.8047,pathogenic,SDCCAG8,490.0
Q86SQ7,D490Y,0.1573,benign,SDCCAG8,490.0
Q86SQ7,Q491A,0.2869,benign,SDCCAG8,491.0
Q86SQ7,Q491C,0.7937,pathogenic,SDCCAG8,491.0
Q86SQ7,Q491D,0.4912,ambiguous,SDCCAG8,491.0
Q86SQ7,Q491E,0.076,benign,SDCCAG8,491.0
Q86SQ7,Q491F,0.8518,pathogenic,SDCCAG8,491.0
Q86SQ7,Q491G,0.2684,benign,SDCCAG8,491.0
Q86SQ7,Q491H,0.3951,ambiguous,SDCCAG8,491.0
Q86SQ7,Q491I,0.508,ambiguous,SDCCAG8,491.0
Q86SQ7,Q491K,0.094,benign,SDCCAG8,491.0
Q86SQ7,Q491L,0.2086,benign,SDCCAG8,491.0
Q86SQ7,Q491M,0.4321,ambiguous,SDCCAG8,491.0
Q86SQ7,Q491N,0.4635,ambiguous,SDCCAG8,491.0
Q86SQ7,Q491P,0.6658,pathogenic,SDCCAG8,491.0
Q86SQ7,Q491R,0.1104,benign,SDCCAG8,491.0
Q86SQ7,Q491S,0.4385,ambiguous,SDCCAG8,491.0
Q86SQ7,Q491T,0.2907,benign,SDCCAG8,491.0
Q86SQ7,Q491V,0.3253,benign,SDCCAG8,491.0
Q86SQ7,Q491W,0.6435,pathogenic,SDCCAG8,491.0
Q86SQ7,Q491Y,0.6955,pathogenic,SDCCAG8,491.0
Q86SQ7,E492A,0.263,benign,SDCCAG8,492.0
Q86SQ7,E492C,0.914,pathogenic,SDCCAG8,492.0
Q86SQ7,E492D,0.3407,ambiguous,SDCCAG8,492.0
Q86SQ7,E492F,0.8853,pathogenic,SDCCAG8,492.0
Q86SQ7,E492G,0.3045,benign,SDCCAG8,492.0
Q86SQ7,E492H,0.6541,pathogenic,SDCCAG8,492.0
Q86SQ7,E492I,0.567,pathogenic,SDCCAG8,492.0
Q86SQ7,E492K,0.2225,benign,SDCCAG8,492.0
Q86SQ7,E492L,0.5637,ambiguous,SDCCAG8,492.0
Q86SQ7,E492M,0.576,pathogenic,SDCCAG8,492.0
Q86SQ7,E492N,0.5382,ambiguous,SDCCAG8,492.0
Q86SQ7,E492P,0.9772,pathogenic,SDCCAG8,492.0
Q86SQ7,E492Q,0.1945,benign,SDCCAG8,492.0
Q86SQ7,E492R,0.3667,ambiguous,SDCCAG8,492.0
Q86SQ7,E492S,0.5365,ambiguous,SDCCAG8,492.0
Q86SQ7,E492T,0.4323,ambiguous,SDCCAG8,492.0
Q86SQ7,E492V,0.3149,benign,SDCCAG8,492.0
Q86SQ7,E492W,0.9386,pathogenic,SDCCAG8,492.0
Q86SQ7,E492Y,0.7576,pathogenic,SDCCAG8,492.0
Q86SQ7,I493A,0.2512,benign,SDCCAG8,493.0
Q86SQ7,I493C,0.7271,pathogenic,SDCCAG8,493.0
Q86SQ7,I493D,0.7131,pathogenic,SDCCAG8,493.0
Q86SQ7,I493E,0.5477,ambiguous,SDCCAG8,493.0
Q86SQ7,I493F,0.2481,benign,SDCCAG8,493.0
Q86SQ7,I493G,0.5867,pathogenic,SDCCAG8,493.0
Q86SQ7,I493H,0.5358,ambiguous,SDCCAG8,493.0
Q86SQ7,I493K,0.3057,benign,SDCCAG8,493.0
Q86SQ7,I493L,0.1552,benign,SDCCAG8,493.0
Q86SQ7,I493M,0.0808,benign,SDCCAG8,493.0
Q86SQ7,I493N,0.2473,benign,SDCCAG8,493.0
Q86SQ7,I493P,0.9074,pathogenic,SDCCAG8,493.0
Q86SQ7,I493Q,0.4374,ambiguous,SDCCAG8,493.0
Q86SQ7,I493R,0.226,benign,SDCCAG8,493.0
Q86SQ7,I493S,0.2894,benign,SDCCAG8,493.0
Q86SQ7,I493T,0.1115,benign,SDCCAG8,493.0
Q86SQ7,I493V,0.1037,benign,SDCCAG8,493.0
Q86SQ7,I493W,0.6464,pathogenic,SDCCAG8,493.0
Q86SQ7,I493Y,0.5532,ambiguous,SDCCAG8,493.0
Q86SQ7,E494A,0.18,benign,SDCCAG8,494.0
Q86SQ7,E494C,0.8254,pathogenic,SDCCAG8,494.0
Q86SQ7,E494D,0.2593,benign,SDCCAG8,494.0
Q86SQ7,E494F,0.7861,pathogenic,SDCCAG8,494.0
Q86SQ7,E494G,0.1199,benign,SDCCAG8,494.0
Q86SQ7,E494H,0.446,ambiguous,SDCCAG8,494.0
Q86SQ7,E494I,0.4766,ambiguous,SDCCAG8,494.0
Q86SQ7,E494K,0.1094,benign,SDCCAG8,494.0
Q86SQ7,E494L,0.4196,ambiguous,SDCCAG8,494.0
Q86SQ7,E494M,0.489,ambiguous,SDCCAG8,494.0
Q86SQ7,E494N,0.3713,ambiguous,SDCCAG8,494.0
Q86SQ7,E494P,0.8863,pathogenic,SDCCAG8,494.0
Q86SQ7,E494Q,0.1071,benign,SDCCAG8,494.0
Q86SQ7,E494R,0.1705,benign,SDCCAG8,494.0
Q86SQ7,E494S,0.2529,benign,SDCCAG8,494.0
Q86SQ7,E494T,0.2708,benign,SDCCAG8,494.0
Q86SQ7,E494V,0.2751,benign,SDCCAG8,494.0
Q86SQ7,E494W,0.8484,pathogenic,SDCCAG8,494.0
Q86SQ7,E494Y,0.6607,pathogenic,SDCCAG8,494.0
Q86SQ7,K495A,0.4174,ambiguous,SDCCAG8,495.0
Q86SQ7,K495C,0.7151,pathogenic,SDCCAG8,495.0
Q86SQ7,K495D,0.58,pathogenic,SDCCAG8,495.0
Q86SQ7,K495E,0.238,benign,SDCCAG8,495.0
Q86SQ7,K495F,0.7663,pathogenic,SDCCAG8,495.0
Q86SQ7,K495G,0.4745,ambiguous,SDCCAG8,495.0
Q86SQ7,K495H,0.3158,benign,SDCCAG8,495.0
Q86SQ7,K495I,0.3293,benign,SDCCAG8,495.0
Q86SQ7,K495L,0.3659,ambiguous,SDCCAG8,495.0
Q86SQ7,K495M,0.1989,benign,SDCCAG8,495.0
Q86SQ7,K495N,0.3305,benign,SDCCAG8,495.0
Q86SQ7,K495P,0.9379,pathogenic,SDCCAG8,495.0
Q86SQ7,K495Q,0.1678,benign,SDCCAG8,495.0
Q86SQ7,K495R,0.1012,benign,SDCCAG8,495.0
Q86SQ7,K495S,0.5023,ambiguous,SDCCAG8,495.0
Q86SQ7,K495T,0.2002,benign,SDCCAG8,495.0
Q86SQ7,K495V,0.3614,ambiguous,SDCCAG8,495.0
Q86SQ7,K495W,0.7444,pathogenic,SDCCAG8,495.0
Q86SQ7,K495Y,0.5522,ambiguous,SDCCAG8,495.0
Q86SQ7,L496A,0.3936,ambiguous,SDCCAG8,496.0
Q86SQ7,L496C,0.5383,ambiguous,SDCCAG8,496.0
Q86SQ7,L496D,0.8116,pathogenic,SDCCAG8,496.0
Q86SQ7,L496E,0.4706,ambiguous,SDCCAG8,496.0
Q86SQ7,L496F,0.2371,benign,SDCCAG8,496.0
Q86SQ7,L496G,0.5465,ambiguous,SDCCAG8,496.0
Q86SQ7,L496H,0.2795,benign,SDCCAG8,496.0
Q86SQ7,L496I,0.1717,benign,SDCCAG8,496.0
Q86SQ7,L496K,0.3184,benign,SDCCAG8,496.0
Q86SQ7,L496M,0.1567,benign,SDCCAG8,496.0
Q86SQ7,L496N,0.5102,ambiguous,SDCCAG8,496.0
Q86SQ7,L496P,0.9081,pathogenic,SDCCAG8,496.0
Q86SQ7,L496Q,0.2008,benign,SDCCAG8,496.0
Q86SQ7,L496R,0.2117,benign,SDCCAG8,496.0
Q86SQ7,L496S,0.4768,ambiguous,SDCCAG8,496.0
Q86SQ7,L496T,0.4079,ambiguous,SDCCAG8,496.0
Q86SQ7,L496V,0.1607,benign,SDCCAG8,496.0
Q86SQ7,L496W,0.1952,benign,SDCCAG8,496.0
Q86SQ7,L496Y,0.3516,ambiguous,SDCCAG8,496.0
Q86SQ7,R497A,0.1919,benign,SDCCAG8,497.0
Q86SQ7,R497C,0.1493,benign,SDCCAG8,497.0
Q86SQ7,R497D,0.434,ambiguous,SDCCAG8,497.0
Q86SQ7,R497E,0.2096,benign,SDCCAG8,497.0
Q86SQ7,R497F,0.4027,ambiguous,SDCCAG8,497.0
Q86SQ7,R497G,0.0965,benign,SDCCAG8,497.0
Q86SQ7,R497H,0.0911,benign,SDCCAG8,497.0
Q86SQ7,R497I,0.1744,benign,SDCCAG8,497.0
Q86SQ7,R497K,0.0813,benign,SDCCAG8,497.0
Q86SQ7,R497L,0.169,benign,SDCCAG8,497.0
Q86SQ7,R497M,0.1474,benign,SDCCAG8,497.0
Q86SQ7,R497N,0.3166,benign,SDCCAG8,497.0
Q86SQ7,R497P,0.7013,pathogenic,SDCCAG8,497.0
Q86SQ7,R497Q,0.0811,benign,SDCCAG8,497.0
Q86SQ7,R497S,0.2131,benign,SDCCAG8,497.0
Q86SQ7,R497T,0.0919,benign,SDCCAG8,497.0
Q86SQ7,R497V,0.2304,benign,SDCCAG8,497.0
Q86SQ7,R497W,0.1368,benign,SDCCAG8,497.0
Q86SQ7,R497Y,0.3131,benign,SDCCAG8,497.0
Q86SQ7,I498A,0.1273,benign,SDCCAG8,498.0
Q86SQ7,I498C,0.4003,ambiguous,SDCCAG8,498.0
Q86SQ7,I498D,0.3197,benign,SDCCAG8,498.0
Q86SQ7,I498E,0.2427,benign,SDCCAG8,498.0
Q86SQ7,I498F,0.1163,benign,SDCCAG8,498.0
Q86SQ7,I498G,0.2446,benign,SDCCAG8,498.0
Q86SQ7,I498H,0.2276,benign,SDCCAG8,498.0
Q86SQ7,I498K,0.1218,benign,SDCCAG8,498.0
Q86SQ7,I498L,0.0692,benign,SDCCAG8,498.0
Q86SQ7,I498M,0.0615,benign,SDCCAG8,498.0
Q86SQ7,I498N,0.1212,benign,SDCCAG8,498.0
Q86SQ7,I498P,0.6257,pathogenic,SDCCAG8,498.0
Q86SQ7,I498Q,0.1681,benign,SDCCAG8,498.0
Q86SQ7,I498R,0.0839,benign,SDCCAG8,498.0
Q86SQ7,I498S,0.1165,benign,SDCCAG8,498.0
Q86SQ7,I498T,0.079,benign,SDCCAG8,498.0
Q86SQ7,I498V,0.0815,benign,SDCCAG8,498.0
Q86SQ7,I498W,0.3609,ambiguous,SDCCAG8,498.0
Q86SQ7,I498Y,0.2965,benign,SDCCAG8,498.0
Q86SQ7,E499A,0.143,benign,SDCCAG8,499.0
Q86SQ7,E499C,0.7739,pathogenic,SDCCAG8,499.0
Q86SQ7,E499D,0.2855,benign,SDCCAG8,499.0
Q86SQ7,E499F,0.6964,pathogenic,SDCCAG8,499.0
Q86SQ7,E499G,0.2075,benign,SDCCAG8,499.0
Q86SQ7,E499H,0.3676,ambiguous,SDCCAG8,499.0
Q86SQ7,E499I,0.326,benign,SDCCAG8,499.0
Q86SQ7,E499K,0.1125,benign,SDCCAG8,499.0
Q86SQ7,E499L,0.3226,benign,SDCCAG8,499.0
Q86SQ7,E499M,0.3933,ambiguous,SDCCAG8,499.0
Q86SQ7,E499N,0.3949,ambiguous,SDCCAG8,499.0
Q86SQ7,E499P,0.8869,pathogenic,SDCCAG8,499.0
Q86SQ7,E499Q,0.1001,benign,SDCCAG8,499.0
Q86SQ7,E499R,0.1749,benign,SDCCAG8,499.0
Q86SQ7,E499S,0.2652,benign,SDCCAG8,499.0
Q86SQ7,E499T,0.2294,benign,SDCCAG8,499.0
Q86SQ7,E499V,0.2023,benign,SDCCAG8,499.0
Q86SQ7,E499W,0.8498,pathogenic,SDCCAG8,499.0
Q86SQ7,E499Y,0.588,pathogenic,SDCCAG8,499.0
Q86SQ7,L500A,0.234,benign,SDCCAG8,500.0
Q86SQ7,L500C,0.4171,ambiguous,SDCCAG8,500.0
Q86SQ7,L500D,0.7145,pathogenic,SDCCAG8,500.0
Q86SQ7,L500E,0.3907,ambiguous,SDCCAG8,500.0
Q86SQ7,L500F,0.2691,benign,SDCCAG8,500.0
Q86SQ7,L500G,0.4235,ambiguous,SDCCAG8,500.0
Q86SQ7,L500H,0.2197,benign,SDCCAG8,500.0
Q86SQ7,L500I,0.1036,benign,SDCCAG8,500.0
Q86SQ7,L500K,0.2018,benign,SDCCAG8,500.0
Q86SQ7,L500M,0.1294,benign,SDCCAG8,500.0
Q86SQ7,L500N,0.3929,ambiguous,SDCCAG8,500.0
Q86SQ7,L500P,0.7674,pathogenic,SDCCAG8,500.0
Q86SQ7,L500Q,0.159,benign,SDCCAG8,500.0
Q86SQ7,L500R,0.115,benign,SDCCAG8,500.0
Q86SQ7,L500S,0.343,ambiguous,SDCCAG8,500.0
Q86SQ7,L500T,0.2252,benign,SDCCAG8,500.0
Q86SQ7,L500V,0.0853,benign,SDCCAG8,500.0
Q86SQ7,L500W,0.1958,benign,SDCCAG8,500.0
Q86SQ7,L500Y,0.3696,ambiguous,SDCCAG8,500.0
Q86SQ7,D501A,0.069,benign,SDCCAG8,501.0
Q86SQ7,D501C,0.1768,benign,SDCCAG8,501.0
Q86SQ7,D501E,0.1107,benign,SDCCAG8,501.0
Q86SQ7,D501F,0.3015,benign,SDCCAG8,501.0
Q86SQ7,D501G,0.0533,benign,SDCCAG8,501.0
Q86SQ7,D501H,0.0927,benign,SDCCAG8,501.0
Q86SQ7,D501I,0.1591,benign,SDCCAG8,501.0
Q86SQ7,D501K,0.1324,benign,SDCCAG8,501.0
Q86SQ7,D501L,0.1579,benign,SDCCAG8,501.0
Q86SQ7,D501M,0.2944,benign,SDCCAG8,501.0
Q86SQ7,D501N,0.0755,benign,SDCCAG8,501.0
Q86SQ7,D501P,0.6508,pathogenic,SDCCAG8,501.0
Q86SQ7,D501Q,0.1233,benign,SDCCAG8,501.0
Q86SQ7,D501R,0.0974,benign,SDCCAG8,501.0
Q86SQ7,D501S,0.0598,benign,SDCCAG8,501.0
Q86SQ7,D501T,0.0858,benign,SDCCAG8,501.0
Q86SQ7,D501V,0.1041,benign,SDCCAG8,501.0
Q86SQ7,D501W,0.436,ambiguous,SDCCAG8,501.0
Q86SQ7,D501Y,0.1093,benign,SDCCAG8,501.0
Q86SQ7,E502A,0.1018,benign,SDCCAG8,502.0
Q86SQ7,E502C,0.6718,pathogenic,SDCCAG8,502.0
Q86SQ7,E502D,0.1336,benign,SDCCAG8,502.0
Q86SQ7,E502F,0.5565,ambiguous,SDCCAG8,502.0
Q86SQ7,E502G,0.0855,benign,SDCCAG8,502.0
Q86SQ7,E502H,0.2579,benign,SDCCAG8,502.0
Q86SQ7,E502I,0.2515,benign,SDCCAG8,502.0
Q86SQ7,E502K,0.0621,benign,SDCCAG8,502.0
Q86SQ7,E502L,0.2853,benign,SDCCAG8,502.0
Q86SQ7,E502M,0.3213,benign,SDCCAG8,502.0
Q86SQ7,E502N,0.1867,benign,SDCCAG8,502.0
Q86SQ7,E502P,0.7814,pathogenic,SDCCAG8,502.0
Q86SQ7,E502Q,0.0944,benign,SDCCAG8,502.0
Q86SQ7,E502R,0.1095,benign,SDCCAG8,502.0
Q86SQ7,E502S,0.15,benign,SDCCAG8,502.0
Q86SQ7,E502T,0.141,benign,SDCCAG8,502.0
Q86SQ7,E502V,0.1535,benign,SDCCAG8,502.0
Q86SQ7,E502W,0.7138,pathogenic,SDCCAG8,502.0
Q86SQ7,E502Y,0.4195,ambiguous,SDCCAG8,502.0
Q86SQ7,S503A,0.1239,benign,SDCCAG8,503.0
Q86SQ7,S503C,0.0959,benign,SDCCAG8,503.0
Q86SQ7,S503D,0.3409,ambiguous,SDCCAG8,503.0
Q86SQ7,S503E,0.4142,ambiguous,SDCCAG8,503.0
Q86SQ7,S503F,0.3878,ambiguous,SDCCAG8,503.0
Q86SQ7,S503G,0.0832,benign,SDCCAG8,503.0
Q86SQ7,S503H,0.2428,benign,SDCCAG8,503.0
Q86SQ7,S503I,0.1783,benign,SDCCAG8,503.0
Q86SQ7,S503K,0.422,ambiguous,SDCCAG8,503.0
Q86SQ7,S503L,0.1994,benign,SDCCAG8,503.0
Q86SQ7,S503M,0.2303,benign,SDCCAG8,503.0
Q86SQ7,S503N,0.1102,benign,SDCCAG8,503.0
Q86SQ7,S503P,0.8265,pathogenic,SDCCAG8,503.0
Q86SQ7,S503Q,0.3511,ambiguous,SDCCAG8,503.0
Q86SQ7,S503R,0.3028,benign,SDCCAG8,503.0
Q86SQ7,S503T,0.0933,benign,SDCCAG8,503.0
Q86SQ7,S503V,0.2442,benign,SDCCAG8,503.0
Q86SQ7,S503W,0.2881,benign,SDCCAG8,503.0
Q86SQ7,S503Y,0.1925,benign,SDCCAG8,503.0
Q86SQ7,K504A,0.4499,ambiguous,SDCCAG8,504.0
Q86SQ7,K504C,0.6984,pathogenic,SDCCAG8,504.0
Q86SQ7,K504D,0.7404,pathogenic,SDCCAG8,504.0
Q86SQ7,K504E,0.1968,benign,SDCCAG8,504.0
Q86SQ7,K504F,0.7687,pathogenic,SDCCAG8,504.0
Q86SQ7,K504G,0.4686,ambiguous,SDCCAG8,504.0
Q86SQ7,K504H,0.3238,benign,SDCCAG8,504.0
Q86SQ7,K504I,0.3871,ambiguous,SDCCAG8,504.0
Q86SQ7,K504L,0.3992,ambiguous,SDCCAG8,504.0
Q86SQ7,K504M,0.2983,benign,SDCCAG8,504.0
Q86SQ7,K504N,0.4996,ambiguous,SDCCAG8,504.0
Q86SQ7,K504P,0.9183,pathogenic,SDCCAG8,504.0
Q86SQ7,K504Q,0.1292,benign,SDCCAG8,504.0
Q86SQ7,K504R,0.0719,benign,SDCCAG8,504.0
Q86SQ7,K504S,0.5021,ambiguous,SDCCAG8,504.0
Q86SQ7,K504T,0.2316,benign,SDCCAG8,504.0
Q86SQ7,K504V,0.3879,ambiguous,SDCCAG8,504.0
Q86SQ7,K504W,0.7223,pathogenic,SDCCAG8,504.0
Q86SQ7,K504Y,0.623,pathogenic,SDCCAG8,504.0
Q86SQ7,Q505A,0.2326,benign,SDCCAG8,505.0
Q86SQ7,Q505C,0.4914,ambiguous,SDCCAG8,505.0
Q86SQ7,Q505D,0.4116,ambiguous,SDCCAG8,505.0
Q86SQ7,Q505E,0.1025,benign,SDCCAG8,505.0
Q86SQ7,Q505F,0.6216,pathogenic,SDCCAG8,505.0
Q86SQ7,Q505G,0.2152,benign,SDCCAG8,505.0
Q86SQ7,Q505H,0.1864,benign,SDCCAG8,505.0
Q86SQ7,Q505I,0.3187,benign,SDCCAG8,505.0
Q86SQ7,Q505K,0.0743,benign,SDCCAG8,505.0
Q86SQ7,Q505L,0.1255,benign,SDCCAG8,505.0
Q86SQ7,Q505M,0.3366,benign,SDCCAG8,505.0
Q86SQ7,Q505N,0.2842,benign,SDCCAG8,505.0
Q86SQ7,Q505P,0.4318,ambiguous,SDCCAG8,505.0
Q86SQ7,Q505R,0.0749,benign,SDCCAG8,505.0
Q86SQ7,Q505S,0.3061,benign,SDCCAG8,505.0
Q86SQ7,Q505T,0.2225,benign,SDCCAG8,505.0
Q86SQ7,Q505V,0.2325,benign,SDCCAG8,505.0
Q86SQ7,Q505W,0.364,ambiguous,SDCCAG8,505.0
Q86SQ7,Q505Y,0.3837,ambiguous,SDCCAG8,505.0
Q86SQ7,H506A,0.2613,benign,SDCCAG8,506.0
Q86SQ7,H506C,0.1377,benign,SDCCAG8,506.0
Q86SQ7,H506D,0.2413,benign,SDCCAG8,506.0
Q86SQ7,H506E,0.2723,benign,SDCCAG8,506.0
Q86SQ7,H506F,0.277,benign,SDCCAG8,506.0
Q86SQ7,H506G,0.2942,benign,SDCCAG8,506.0
Q86SQ7,H506I,0.2119,benign,SDCCAG8,506.0
Q86SQ7,H506K,0.1964,benign,SDCCAG8,506.0
Q86SQ7,H506L,0.1,benign,SDCCAG8,506.0
Q86SQ7,H506M,0.3945,ambiguous,SDCCAG8,506.0
Q86SQ7,H506N,0.1324,benign,SDCCAG8,506.0
Q86SQ7,H506P,0.459,ambiguous,SDCCAG8,506.0
Q86SQ7,H506Q,0.1482,benign,SDCCAG8,506.0
Q86SQ7,H506R,0.0796,benign,SDCCAG8,506.0
Q86SQ7,H506S,0.2613,benign,SDCCAG8,506.0
Q86SQ7,H506T,0.2465,benign,SDCCAG8,506.0
Q86SQ7,H506V,0.192,benign,SDCCAG8,506.0
Q86SQ7,H506W,0.2904,benign,SDCCAG8,506.0
Q86SQ7,H506Y,0.0958,benign,SDCCAG8,506.0
Q86SQ7,L507A,0.2367,benign,SDCCAG8,507.0
Q86SQ7,L507C,0.4837,ambiguous,SDCCAG8,507.0
Q86SQ7,L507D,0.7883,pathogenic,SDCCAG8,507.0
Q86SQ7,L507E,0.3849,ambiguous,SDCCAG8,507.0
Q86SQ7,L507F,0.2188,benign,SDCCAG8,507.0
Q86SQ7,L507G,0.4762,ambiguous,SDCCAG8,507.0
Q86SQ7,L507H,0.2418,benign,SDCCAG8,507.0
Q86SQ7,L507I,0.0961,benign,SDCCAG8,507.0
Q86SQ7,L507K,0.2325,benign,SDCCAG8,507.0
Q86SQ7,L507M,0.119,benign,SDCCAG8,507.0
Q86SQ7,L507N,0.5515,ambiguous,SDCCAG8,507.0
Q86SQ7,L507P,0.7585,pathogenic,SDCCAG8,507.0
Q86SQ7,L507Q,0.1537,benign,SDCCAG8,507.0
Q86SQ7,L507R,0.1404,benign,SDCCAG8,507.0
Q86SQ7,L507S,0.3229,benign,SDCCAG8,507.0
Q86SQ7,L507T,0.1957,benign,SDCCAG8,507.0
Q86SQ7,L507V,0.0799,benign,SDCCAG8,507.0
Q86SQ7,L507W,0.2195,benign,SDCCAG8,507.0
Q86SQ7,L507Y,0.4207,ambiguous,SDCCAG8,507.0
Q86SQ7,E508A,0.1263,benign,SDCCAG8,508.0
Q86SQ7,E508C,0.7521,pathogenic,SDCCAG8,508.0
Q86SQ7,E508D,0.2051,benign,SDCCAG8,508.0
Q86SQ7,E508F,0.6094,pathogenic,SDCCAG8,508.0
Q86SQ7,E508G,0.1201,benign,SDCCAG8,508.0
Q86SQ7,E508H,0.3117,benign,SDCCAG8,508.0
Q86SQ7,E508I,0.3007,benign,SDCCAG8,508.0
Q86SQ7,E508K,0.0996,benign,SDCCAG8,508.0
Q86SQ7,E508L,0.2393,benign,SDCCAG8,508.0
Q86SQ7,E508M,0.376,ambiguous,SDCCAG8,508.0
Q86SQ7,E508N,0.3118,benign,SDCCAG8,508.0
Q86SQ7,E508P,0.7997,pathogenic,SDCCAG8,508.0
Q86SQ7,E508Q,0.0841,benign,SDCCAG8,508.0
Q86SQ7,E508R,0.141,benign,SDCCAG8,508.0
Q86SQ7,E508S,0.2222,benign,SDCCAG8,508.0
Q86SQ7,E508T,0.2295,benign,SDCCAG8,508.0
Q86SQ7,E508V,0.1752,benign,SDCCAG8,508.0
Q86SQ7,E508W,0.7529,pathogenic,SDCCAG8,508.0
Q86SQ7,E508Y,0.4892,ambiguous,SDCCAG8,508.0
Q86SQ7,Q509A,0.1735,benign,SDCCAG8,509.0
Q86SQ7,Q509C,0.5343,ambiguous,SDCCAG8,509.0
Q86SQ7,Q509D,0.2869,benign,SDCCAG8,509.0
Q86SQ7,Q509E,0.0747,benign,SDCCAG8,509.0
Q86SQ7,Q509F,0.6117,pathogenic,SDCCAG8,509.0
Q86SQ7,Q509G,0.1712,benign,SDCCAG8,509.0
Q86SQ7,Q509H,0.1934,benign,SDCCAG8,509.0
Q86SQ7,Q509I,0.3192,benign,SDCCAG8,509.0
Q86SQ7,Q509K,0.0701,benign,SDCCAG8,509.0
Q86SQ7,Q509L,0.1171,benign,SDCCAG8,509.0
Q86SQ7,Q509M,0.297,benign,SDCCAG8,509.0
Q86SQ7,Q509N,0.2508,benign,SDCCAG8,509.0
Q86SQ7,Q509P,0.391,ambiguous,SDCCAG8,509.0
Q86SQ7,Q509R,0.0729,benign,SDCCAG8,509.0
Q86SQ7,Q509S,0.2609,benign,SDCCAG8,509.0
Q86SQ7,Q509T,0.1773,benign,SDCCAG8,509.0
Q86SQ7,Q509V,0.2033,benign,SDCCAG8,509.0
Q86SQ7,Q509W,0.3478,ambiguous,SDCCAG8,509.0
Q86SQ7,Q509Y,0.3962,ambiguous,SDCCAG8,509.0
Q86SQ7,E510A,0.1231,benign,SDCCAG8,510.0
Q86SQ7,E510C,0.7955,pathogenic,SDCCAG8,510.0
Q86SQ7,E510D,0.4312,ambiguous,SDCCAG8,510.0
Q86SQ7,E510F,0.7613,pathogenic,SDCCAG8,510.0
Q86SQ7,E510G,0.1715,benign,SDCCAG8,510.0
Q86SQ7,E510H,0.493,ambiguous,SDCCAG8,510.0
Q86SQ7,E510I,0.404,ambiguous,SDCCAG8,510.0
Q86SQ7,E510K,0.2003,benign,SDCCAG8,510.0
Q86SQ7,E510L,0.4096,ambiguous,SDCCAG8,510.0
Q86SQ7,E510M,0.4773,ambiguous,SDCCAG8,510.0
Q86SQ7,E510N,0.4137,ambiguous,SDCCAG8,510.0
Q86SQ7,E510P,0.9455,pathogenic,SDCCAG8,510.0
Q86SQ7,E510Q,0.1199,benign,SDCCAG8,510.0
Q86SQ7,E510R,0.2957,benign,SDCCAG8,510.0
Q86SQ7,E510S,0.2664,benign,SDCCAG8,510.0
Q86SQ7,E510T,0.2808,benign,SDCCAG8,510.0
Q86SQ7,E510V,0.2042,benign,SDCCAG8,510.0
Q86SQ7,E510W,0.8902,pathogenic,SDCCAG8,510.0
Q86SQ7,E510Y,0.5892,pathogenic,SDCCAG8,510.0
Q86SQ7,Q511A,0.3548,ambiguous,SDCCAG8,511.0
Q86SQ7,Q511C,0.7322,pathogenic,SDCCAG8,511.0
Q86SQ7,Q511D,0.6269,pathogenic,SDCCAG8,511.0
Q86SQ7,Q511E,0.1159,benign,SDCCAG8,511.0
Q86SQ7,Q511F,0.8041,pathogenic,SDCCAG8,511.0
Q86SQ7,Q511G,0.3259,benign,SDCCAG8,511.0
Q86SQ7,Q511H,0.3406,ambiguous,SDCCAG8,511.0
Q86SQ7,Q511I,0.4511,ambiguous,SDCCAG8,511.0
Q86SQ7,Q511K,0.0956,benign,SDCCAG8,511.0
Q86SQ7,Q511L,0.1754,benign,SDCCAG8,511.0
Q86SQ7,Q511M,0.4353,ambiguous,SDCCAG8,511.0
Q86SQ7,Q511N,0.4378,ambiguous,SDCCAG8,511.0
Q86SQ7,Q511P,0.6472,pathogenic,SDCCAG8,511.0
Q86SQ7,Q511R,0.1088,benign,SDCCAG8,511.0
Q86SQ7,Q511S,0.4923,ambiguous,SDCCAG8,511.0
Q86SQ7,Q511T,0.3397,benign,SDCCAG8,511.0
Q86SQ7,Q511V,0.3304,benign,SDCCAG8,511.0
Q86SQ7,Q511W,0.5992,pathogenic,SDCCAG8,511.0
Q86SQ7,Q511Y,0.5986,pathogenic,SDCCAG8,511.0
Q86SQ7,Q512A,0.3039,benign,SDCCAG8,512.0
Q86SQ7,Q512C,0.6595,pathogenic,SDCCAG8,512.0
Q86SQ7,Q512D,0.4907,ambiguous,SDCCAG8,512.0
Q86SQ7,Q512E,0.0937,benign,SDCCAG8,512.0
Q86SQ7,Q512F,0.7897,pathogenic,SDCCAG8,512.0
Q86SQ7,Q512G,0.254,benign,SDCCAG8,512.0
Q86SQ7,Q512H,0.2757,benign,SDCCAG8,512.0
Q86SQ7,Q512I,0.4624,ambiguous,SDCCAG8,512.0
Q86SQ7,Q512K,0.0865,benign,SDCCAG8,512.0
Q86SQ7,Q512L,0.1649,benign,SDCCAG8,512.0
Q86SQ7,Q512M,0.4181,ambiguous,SDCCAG8,512.0
Q86SQ7,Q512N,0.3723,ambiguous,SDCCAG8,512.0
Q86SQ7,Q512P,0.5159,ambiguous,SDCCAG8,512.0
Q86SQ7,Q512R,0.0951,benign,SDCCAG8,512.0
Q86SQ7,Q512S,0.4117,ambiguous,SDCCAG8,512.0
Q86SQ7,Q512T,0.3191,benign,SDCCAG8,512.0
Q86SQ7,Q512V,0.3177,benign,SDCCAG8,512.0
Q86SQ7,Q512W,0.515,ambiguous,SDCCAG8,512.0
Q86SQ7,Q512Y,0.5644,pathogenic,SDCCAG8,512.0
Q86SQ7,K513A,0.3056,benign,SDCCAG8,513.0
Q86SQ7,K513C,0.7471,pathogenic,SDCCAG8,513.0
Q86SQ7,K513D,0.4004,ambiguous,SDCCAG8,513.0
Q86SQ7,K513E,0.1335,benign,SDCCAG8,513.0
Q86SQ7,K513F,0.7431,pathogenic,SDCCAG8,513.0
Q86SQ7,K513G,0.4008,ambiguous,SDCCAG8,513.0
Q86SQ7,K513H,0.3198,benign,SDCCAG8,513.0
Q86SQ7,K513I,0.3317,benign,SDCCAG8,513.0
Q86SQ7,K513L,0.3066,benign,SDCCAG8,513.0
Q86SQ7,K513M,0.201,benign,SDCCAG8,513.0
Q86SQ7,K513N,0.2585,benign,SDCCAG8,513.0
Q86SQ7,K513P,0.8412,pathogenic,SDCCAG8,513.0
Q86SQ7,K513Q,0.1422,benign,SDCCAG8,513.0
Q86SQ7,K513R,0.108,benign,SDCCAG8,513.0
Q86SQ7,K513S,0.4024,ambiguous,SDCCAG8,513.0
Q86SQ7,K513T,0.1639,benign,SDCCAG8,513.0
Q86SQ7,K513V,0.316,benign,SDCCAG8,513.0
Q86SQ7,K513W,0.7653,pathogenic,SDCCAG8,513.0
Q86SQ7,K513Y,0.5646,pathogenic,SDCCAG8,513.0
Q86SQ7,A514C,0.5851,pathogenic,SDCCAG8,514.0
Q86SQ7,A514D,0.2976,benign,SDCCAG8,514.0
Q86SQ7,A514E,0.2156,benign,SDCCAG8,514.0
Q86SQ7,A514F,0.4362,ambiguous,SDCCAG8,514.0
Q86SQ7,A514G,0.0967,benign,SDCCAG8,514.0
Q86SQ7,A514H,0.5794,pathogenic,SDCCAG8,514.0
Q86SQ7,A514I,0.3415,ambiguous,SDCCAG8,514.0
Q86SQ7,A514K,0.5095,ambiguous,SDCCAG8,514.0
Q86SQ7,A514L,0.2376,benign,SDCCAG8,514.0
Q86SQ7,A514M,0.2858,benign,SDCCAG8,514.0
Q86SQ7,A514N,0.3329,benign,SDCCAG8,514.0
Q86SQ7,A514P,0.6661,pathogenic,SDCCAG8,514.0
Q86SQ7,A514Q,0.4013,ambiguous,SDCCAG8,514.0
Q86SQ7,A514R,0.4482,ambiguous,SDCCAG8,514.0
Q86SQ7,A514S,0.133,benign,SDCCAG8,514.0
Q86SQ7,A514T,0.1035,benign,SDCCAG8,514.0
Q86SQ7,A514V,0.1429,benign,SDCCAG8,514.0
Q86SQ7,A514W,0.7428,pathogenic,SDCCAG8,514.0
Q86SQ7,A514Y,0.5218,ambiguous,SDCCAG8,514.0
Q86SQ7,A515C,0.4633,ambiguous,SDCCAG8,515.0
Q86SQ7,A515D,0.2164,benign,SDCCAG8,515.0
Q86SQ7,A515E,0.2175,benign,SDCCAG8,515.0
Q86SQ7,A515F,0.276,benign,SDCCAG8,515.0
Q86SQ7,A515G,0.1298,benign,SDCCAG8,515.0
Q86SQ7,A515H,0.3806,ambiguous,SDCCAG8,515.0
Q86SQ7,A515I,0.2285,benign,SDCCAG8,515.0
Q86SQ7,A515K,0.3239,benign,SDCCAG8,515.0
Q86SQ7,A515L,0.1638,benign,SDCCAG8,515.0
Q86SQ7,A515M,0.2363,benign,SDCCAG8,515.0
Q86SQ7,A515N,0.2011,benign,SDCCAG8,515.0
Q86SQ7,A515P,0.4818,ambiguous,SDCCAG8,515.0
Q86SQ7,A515Q,0.2884,benign,SDCCAG8,515.0
Q86SQ7,A515R,0.2598,benign,SDCCAG8,515.0
Q86SQ7,A515S,0.0926,benign,SDCCAG8,515.0
Q86SQ7,A515T,0.0788,benign,SDCCAG8,515.0
Q86SQ7,A515V,0.1196,benign,SDCCAG8,515.0
Q86SQ7,A515W,0.6235,pathogenic,SDCCAG8,515.0
Q86SQ7,A515Y,0.3898,ambiguous,SDCCAG8,515.0
Q86SQ7,L516A,0.0815,benign,SDCCAG8,516.0
Q86SQ7,L516C,0.168,benign,SDCCAG8,516.0
Q86SQ7,L516D,0.1947,benign,SDCCAG8,516.0
Q86SQ7,L516E,0.0913,benign,SDCCAG8,516.0
Q86SQ7,L516F,0.1023,benign,SDCCAG8,516.0
Q86SQ7,L516G,0.0828,benign,SDCCAG8,516.0
Q86SQ7,L516H,0.0773,benign,SDCCAG8,516.0
Q86SQ7,L516I,0.095,benign,SDCCAG8,516.0
Q86SQ7,L516K,0.0642,benign,SDCCAG8,516.0
Q86SQ7,L516M,0.0999,benign,SDCCAG8,516.0
Q86SQ7,L516N,0.1393,benign,SDCCAG8,516.0
Q86SQ7,L516P,0.2299,benign,SDCCAG8,516.0
Q86SQ7,L516Q,0.0475,benign,SDCCAG8,516.0
Q86SQ7,L516R,0.0417,benign,SDCCAG8,516.0
Q86SQ7,L516S,0.1059,benign,SDCCAG8,516.0
Q86SQ7,L516T,0.0902,benign,SDCCAG8,516.0
Q86SQ7,L516V,0.0793,benign,SDCCAG8,516.0
Q86SQ7,L516W,0.0846,benign,SDCCAG8,516.0
Q86SQ7,L516Y,0.1547,benign,SDCCAG8,516.0
Q86SQ7,A517C,0.5625,ambiguous,SDCCAG8,517.0
Q86SQ7,A517D,0.3879,ambiguous,SDCCAG8,517.0
Q86SQ7,A517E,0.3626,ambiguous,SDCCAG8,517.0
Q86SQ7,A517F,0.4175,ambiguous,SDCCAG8,517.0
Q86SQ7,A517G,0.1847,benign,SDCCAG8,517.0
Q86SQ7,A517H,0.537,ambiguous,SDCCAG8,517.0
Q86SQ7,A517I,0.4693,ambiguous,SDCCAG8,517.0
Q86SQ7,A517K,0.6323,pathogenic,SDCCAG8,517.0
Q86SQ7,A517L,0.2503,benign,SDCCAG8,517.0
Q86SQ7,A517M,0.3955,ambiguous,SDCCAG8,517.0
Q86SQ7,A517N,0.4132,ambiguous,SDCCAG8,517.0
Q86SQ7,A517P,0.6949,pathogenic,SDCCAG8,517.0
Q86SQ7,A517Q,0.4379,ambiguous,SDCCAG8,517.0
Q86SQ7,A517R,0.4939,ambiguous,SDCCAG8,517.0
Q86SQ7,A517S,0.1146,benign,SDCCAG8,517.0
Q86SQ7,A517T,0.1311,benign,SDCCAG8,517.0
Q86SQ7,A517V,0.2104,benign,SDCCAG8,517.0
Q86SQ7,A517W,0.7207,pathogenic,SDCCAG8,517.0
Q86SQ7,A517Y,0.539,ambiguous,SDCCAG8,517.0
Q86SQ7,R518A,0.3046,benign,SDCCAG8,518.0
Q86SQ7,R518C,0.3108,benign,SDCCAG8,518.0
Q86SQ7,R518D,0.6383,pathogenic,SDCCAG8,518.0
Q86SQ7,R518E,0.2716,benign,SDCCAG8,518.0
Q86SQ7,R518F,0.6319,pathogenic,SDCCAG8,518.0
Q86SQ7,R518G,0.1415,benign,SDCCAG8,518.0
Q86SQ7,R518H,0.158,benign,SDCCAG8,518.0
Q86SQ7,R518I,0.3136,benign,SDCCAG8,518.0
Q86SQ7,R518K,0.1059,benign,SDCCAG8,518.0
Q86SQ7,R518L,0.2833,benign,SDCCAG8,518.0
Q86SQ7,R518M,0.2594,benign,SDCCAG8,518.0
Q86SQ7,R518N,0.587,pathogenic,SDCCAG8,518.0
Q86SQ7,R518P,0.7914,pathogenic,SDCCAG8,518.0
Q86SQ7,R518Q,0.1093,benign,SDCCAG8,518.0
Q86SQ7,R518S,0.406,ambiguous,SDCCAG8,518.0
Q86SQ7,R518T,0.1814,benign,SDCCAG8,518.0
Q86SQ7,R518V,0.368,ambiguous,SDCCAG8,518.0
Q86SQ7,R518W,0.1945,benign,SDCCAG8,518.0
Q86SQ7,R518Y,0.4992,ambiguous,SDCCAG8,518.0
Q86SQ7,E519A,0.1402,benign,SDCCAG8,519.0
Q86SQ7,E519C,0.8601,pathogenic,SDCCAG8,519.0
Q86SQ7,E519D,0.175,benign,SDCCAG8,519.0
Q86SQ7,E519F,0.7902,pathogenic,SDCCAG8,519.0
Q86SQ7,E519G,0.1109,benign,SDCCAG8,519.0
Q86SQ7,E519H,0.46,ambiguous,SDCCAG8,519.0
Q86SQ7,E519I,0.4476,ambiguous,SDCCAG8,519.0
Q86SQ7,E519K,0.1027,benign,SDCCAG8,519.0
Q86SQ7,E519L,0.3999,ambiguous,SDCCAG8,519.0
Q86SQ7,E519M,0.4441,ambiguous,SDCCAG8,519.0
Q86SQ7,E519N,0.2839,benign,SDCCAG8,519.0
Q86SQ7,E519P,0.8405,pathogenic,SDCCAG8,519.0
Q86SQ7,E519Q,0.1209,benign,SDCCAG8,519.0
Q86SQ7,E519R,0.1801,benign,SDCCAG8,519.0
Q86SQ7,E519S,0.2281,benign,SDCCAG8,519.0
Q86SQ7,E519T,0.2235,benign,SDCCAG8,519.0
Q86SQ7,E519V,0.2387,benign,SDCCAG8,519.0
Q86SQ7,E519W,0.8594,pathogenic,SDCCAG8,519.0
Q86SQ7,E519Y,0.6491,pathogenic,SDCCAG8,519.0
Q86SQ7,E520A,0.181,benign,SDCCAG8,520.0
Q86SQ7,E520C,0.8921,pathogenic,SDCCAG8,520.0
Q86SQ7,E520D,0.1906,benign,SDCCAG8,520.0
Q86SQ7,E520F,0.827,pathogenic,SDCCAG8,520.0
Q86SQ7,E520G,0.2127,benign,SDCCAG8,520.0
Q86SQ7,E520H,0.501,ambiguous,SDCCAG8,520.0
Q86SQ7,E520I,0.5283,ambiguous,SDCCAG8,520.0
Q86SQ7,E520K,0.1898,benign,SDCCAG8,520.0
Q86SQ7,E520L,0.5558,ambiguous,SDCCAG8,520.0
Q86SQ7,E520M,0.5876,pathogenic,SDCCAG8,520.0
Q86SQ7,E520N,0.3276,benign,SDCCAG8,520.0
Q86SQ7,E520P,0.9261,pathogenic,SDCCAG8,520.0
Q86SQ7,E520Q,0.1945,benign,SDCCAG8,520.0
Q86SQ7,E520R,0.3057,benign,SDCCAG8,520.0
Q86SQ7,E520S,0.3169,benign,SDCCAG8,520.0
Q86SQ7,E520T,0.3132,benign,SDCCAG8,520.0
Q86SQ7,E520V,0.301,benign,SDCCAG8,520.0
Q86SQ7,E520W,0.9137,pathogenic,SDCCAG8,520.0
Q86SQ7,E520Y,0.6315,pathogenic,SDCCAG8,520.0
Q86SQ7,C521A,0.3743,ambiguous,SDCCAG8,521.0
Q86SQ7,C521D,0.621,pathogenic,SDCCAG8,521.0
Q86SQ7,C521E,0.7165,pathogenic,SDCCAG8,521.0
Q86SQ7,C521F,0.2237,benign,SDCCAG8,521.0
Q86SQ7,C521G,0.1618,benign,SDCCAG8,521.0
Q86SQ7,C521H,0.3852,ambiguous,SDCCAG8,521.0
Q86SQ7,C521I,0.3877,ambiguous,SDCCAG8,521.0
Q86SQ7,C521K,0.6598,pathogenic,SDCCAG8,521.0
Q86SQ7,C521L,0.345,ambiguous,SDCCAG8,521.0
Q86SQ7,C521M,0.5114,ambiguous,SDCCAG8,521.0
Q86SQ7,C521N,0.3437,ambiguous,SDCCAG8,521.0
Q86SQ7,C521P,0.9641,pathogenic,SDCCAG8,521.0
Q86SQ7,C521Q,0.54,ambiguous,SDCCAG8,521.0
Q86SQ7,C521R,0.3717,ambiguous,SDCCAG8,521.0
Q86SQ7,C521S,0.2505,benign,SDCCAG8,521.0
Q86SQ7,C521T,0.3994,ambiguous,SDCCAG8,521.0
Q86SQ7,C521V,0.3519,ambiguous,SDCCAG8,521.0
Q86SQ7,C521W,0.4681,ambiguous,SDCCAG8,521.0
Q86SQ7,C521Y,0.1984,benign,SDCCAG8,521.0
Q86SQ7,L522A,0.4054,ambiguous,SDCCAG8,522.0
Q86SQ7,L522C,0.5517,ambiguous,SDCCAG8,522.0
Q86SQ7,L522D,0.7747,pathogenic,SDCCAG8,522.0
Q86SQ7,L522E,0.4351,ambiguous,SDCCAG8,522.0
Q86SQ7,L522F,0.1872,benign,SDCCAG8,522.0
Q86SQ7,L522G,0.5846,pathogenic,SDCCAG8,522.0
Q86SQ7,L522H,0.2587,benign,SDCCAG8,522.0
Q86SQ7,L522I,0.0973,benign,SDCCAG8,522.0
Q86SQ7,L522K,0.3202,benign,SDCCAG8,522.0
Q86SQ7,L522M,0.1517,benign,SDCCAG8,522.0
Q86SQ7,L522N,0.5435,ambiguous,SDCCAG8,522.0
Q86SQ7,L522P,0.8018,pathogenic,SDCCAG8,522.0
Q86SQ7,L522Q,0.1783,benign,SDCCAG8,522.0
Q86SQ7,L522R,0.1832,benign,SDCCAG8,522.0
Q86SQ7,L522S,0.4111,ambiguous,SDCCAG8,522.0
Q86SQ7,L522T,0.3683,ambiguous,SDCCAG8,522.0
Q86SQ7,L522V,0.1129,benign,SDCCAG8,522.0
Q86SQ7,L522W,0.2582,benign,SDCCAG8,522.0
Q86SQ7,L522Y,0.4715,ambiguous,SDCCAG8,522.0
Q86SQ7,R523A,0.185,benign,SDCCAG8,523.0
Q86SQ7,R523C,0.1454,benign,SDCCAG8,523.0
Q86SQ7,R523D,0.4086,ambiguous,SDCCAG8,523.0
Q86SQ7,R523E,0.1865,benign,SDCCAG8,523.0
Q86SQ7,R523F,0.3417,ambiguous,SDCCAG8,523.0
Q86SQ7,R523G,0.1182,benign,SDCCAG8,523.0
Q86SQ7,R523H,0.0795,benign,SDCCAG8,523.0
Q86SQ7,R523I,0.1635,benign,SDCCAG8,523.0
Q86SQ7,R523K,0.0678,benign,SDCCAG8,523.0
Q86SQ7,R523L,0.1193,benign,SDCCAG8,523.0
Q86SQ7,R523M,0.1381,benign,SDCCAG8,523.0
Q86SQ7,R523N,0.302,benign,SDCCAG8,523.0
Q86SQ7,R523P,0.5925,pathogenic,SDCCAG8,523.0
Q86SQ7,R523Q,0.0766,benign,SDCCAG8,523.0
Q86SQ7,R523S,0.2219,benign,SDCCAG8,523.0
Q86SQ7,R523T,0.106,benign,SDCCAG8,523.0
Q86SQ7,R523V,0.2113,benign,SDCCAG8,523.0
Q86SQ7,R523W,0.1219,benign,SDCCAG8,523.0
Q86SQ7,R523Y,0.2525,benign,SDCCAG8,523.0
Q86SQ7,L524A,0.5114,ambiguous,SDCCAG8,524.0
Q86SQ7,L524C,0.6811,pathogenic,SDCCAG8,524.0
Q86SQ7,L524D,0.8824,pathogenic,SDCCAG8,524.0
Q86SQ7,L524E,0.6155,pathogenic,SDCCAG8,524.0
Q86SQ7,L524F,0.3607,ambiguous,SDCCAG8,524.0
Q86SQ7,L524G,0.7035,pathogenic,SDCCAG8,524.0
Q86SQ7,L524H,0.4973,ambiguous,SDCCAG8,524.0
Q86SQ7,L524I,0.1835,benign,SDCCAG8,524.0
Q86SQ7,L524K,0.4733,ambiguous,SDCCAG8,524.0
Q86SQ7,L524M,0.1633,benign,SDCCAG8,524.0
Q86SQ7,L524N,0.6566,pathogenic,SDCCAG8,524.0
Q86SQ7,L524P,0.9031,pathogenic,SDCCAG8,524.0
Q86SQ7,L524Q,0.3148,benign,SDCCAG8,524.0
Q86SQ7,L524R,0.3627,ambiguous,SDCCAG8,524.0
Q86SQ7,L524S,0.6404,pathogenic,SDCCAG8,524.0
Q86SQ7,L524T,0.4988,ambiguous,SDCCAG8,524.0
Q86SQ7,L524V,0.1382,benign,SDCCAG8,524.0
Q86SQ7,L524W,0.3983,ambiguous,SDCCAG8,524.0
Q86SQ7,L524Y,0.5417,ambiguous,SDCCAG8,524.0
Q86SQ7,T525A,0.1373,benign,SDCCAG8,525.0
Q86SQ7,T525C,0.68,pathogenic,SDCCAG8,525.0
Q86SQ7,T525D,0.6389,pathogenic,SDCCAG8,525.0
Q86SQ7,T525E,0.397,ambiguous,SDCCAG8,525.0
Q86SQ7,T525F,0.5674,pathogenic,SDCCAG8,525.0
Q86SQ7,T525G,0.3349,benign,SDCCAG8,525.0
Q86SQ7,T525H,0.3788,ambiguous,SDCCAG8,525.0
Q86SQ7,T525I,0.4614,ambiguous,SDCCAG8,525.0
Q86SQ7,T525K,0.2154,benign,SDCCAG8,525.0
Q86SQ7,T525L,0.2225,benign,SDCCAG8,525.0
Q86SQ7,T525M,0.1346,benign,SDCCAG8,525.0
Q86SQ7,T525N,0.2733,benign,SDCCAG8,525.0
Q86SQ7,T525P,0.453,ambiguous,SDCCAG8,525.0
Q86SQ7,T525Q,0.2523,benign,SDCCAG8,525.0
Q86SQ7,T525R,0.1512,benign,SDCCAG8,525.0
Q86SQ7,T525S,0.212,benign,SDCCAG8,525.0
Q86SQ7,T525V,0.3778,ambiguous,SDCCAG8,525.0
Q86SQ7,T525W,0.6964,pathogenic,SDCCAG8,525.0
Q86SQ7,T525Y,0.5594,ambiguous,SDCCAG8,525.0
Q86SQ7,E526A,0.1353,benign,SDCCAG8,526.0
Q86SQ7,E526C,0.8212,pathogenic,SDCCAG8,526.0
Q86SQ7,E526D,0.1777,benign,SDCCAG8,526.0
Q86SQ7,E526F,0.7087,pathogenic,SDCCAG8,526.0
Q86SQ7,E526G,0.1253,benign,SDCCAG8,526.0
Q86SQ7,E526H,0.3362,benign,SDCCAG8,526.0
Q86SQ7,E526I,0.4493,ambiguous,SDCCAG8,526.0
Q86SQ7,E526K,0.1132,benign,SDCCAG8,526.0
Q86SQ7,E526L,0.4234,ambiguous,SDCCAG8,526.0
Q86SQ7,E526M,0.4442,ambiguous,SDCCAG8,526.0
Q86SQ7,E526N,0.2653,benign,SDCCAG8,526.0
Q86SQ7,E526P,0.8764,pathogenic,SDCCAG8,526.0
Q86SQ7,E526Q,0.1126,benign,SDCCAG8,526.0
Q86SQ7,E526R,0.1697,benign,SDCCAG8,526.0
Q86SQ7,E526S,0.1864,benign,SDCCAG8,526.0
Q86SQ7,E526T,0.2254,benign,SDCCAG8,526.0
Q86SQ7,E526V,0.2353,benign,SDCCAG8,526.0
Q86SQ7,E526W,0.8519,pathogenic,SDCCAG8,526.0
Q86SQ7,E526Y,0.5551,ambiguous,SDCCAG8,526.0
Q86SQ7,L527A,0.2253,benign,SDCCAG8,527.0
Q86SQ7,L527C,0.3885,ambiguous,SDCCAG8,527.0
Q86SQ7,L527D,0.5044,ambiguous,SDCCAG8,527.0
Q86SQ7,L527E,0.2146,benign,SDCCAG8,527.0
Q86SQ7,L527F,0.1584,benign,SDCCAG8,527.0
Q86SQ7,L527G,0.4003,ambiguous,SDCCAG8,527.0
Q86SQ7,L527H,0.141,benign,SDCCAG8,527.0
Q86SQ7,L527I,0.1096,benign,SDCCAG8,527.0
Q86SQ7,L527K,0.1036,benign,SDCCAG8,527.0
Q86SQ7,L527M,0.0959,benign,SDCCAG8,527.0
Q86SQ7,L527N,0.3148,benign,SDCCAG8,527.0
Q86SQ7,L527P,0.8,pathogenic,SDCCAG8,527.0
Q86SQ7,L527Q,0.0795,benign,SDCCAG8,527.0
Q86SQ7,L527R,0.0739,benign,SDCCAG8,527.0
Q86SQ7,L527S,0.2612,benign,SDCCAG8,527.0
Q86SQ7,L527T,0.2123,benign,SDCCAG8,527.0
Q86SQ7,L527V,0.1032,benign,SDCCAG8,527.0
Q86SQ7,L527W,0.1695,benign,SDCCAG8,527.0
Q86SQ7,L527Y,0.2671,benign,SDCCAG8,527.0
Q86SQ7,L528A,0.3532,ambiguous,SDCCAG8,528.0
Q86SQ7,L528C,0.6472,pathogenic,SDCCAG8,528.0
Q86SQ7,L528D,0.9004,pathogenic,SDCCAG8,528.0
Q86SQ7,L528E,0.6617,pathogenic,SDCCAG8,528.0
Q86SQ7,L528F,0.3376,benign,SDCCAG8,528.0
Q86SQ7,L528G,0.7235,pathogenic,SDCCAG8,528.0
Q86SQ7,L528H,0.3407,ambiguous,SDCCAG8,528.0
Q86SQ7,L528I,0.176,benign,SDCCAG8,528.0
Q86SQ7,L528K,0.4545,ambiguous,SDCCAG8,528.0
Q86SQ7,L528M,0.2355,benign,SDCCAG8,528.0
Q86SQ7,L528N,0.7324,pathogenic,SDCCAG8,528.0
Q86SQ7,L528P,0.7939,pathogenic,SDCCAG8,528.0
Q86SQ7,L528Q,0.292,benign,SDCCAG8,528.0
Q86SQ7,L528R,0.2567,benign,SDCCAG8,528.0
Q86SQ7,L528S,0.4907,ambiguous,SDCCAG8,528.0
Q86SQ7,L528T,0.3998,ambiguous,SDCCAG8,528.0
Q86SQ7,L528V,0.179,benign,SDCCAG8,528.0
Q86SQ7,L528W,0.344,ambiguous,SDCCAG8,528.0
Q86SQ7,L528Y,0.5711,pathogenic,SDCCAG8,528.0
Q86SQ7,G529A,0.1348,benign,SDCCAG8,529.0
Q86SQ7,G529C,0.234,benign,SDCCAG8,529.0
Q86SQ7,G529D,0.3019,benign,SDCCAG8,529.0
Q86SQ7,G529E,0.3142,benign,SDCCAG8,529.0
Q86SQ7,G529F,0.7227,pathogenic,SDCCAG8,529.0
Q86SQ7,G529H,0.4127,ambiguous,SDCCAG8,529.0
Q86SQ7,G529I,0.4456,ambiguous,SDCCAG8,529.0
Q86SQ7,G529K,0.4929,ambiguous,SDCCAG8,529.0
Q86SQ7,G529L,0.4874,ambiguous,SDCCAG8,529.0
Q86SQ7,G529M,0.6016,pathogenic,SDCCAG8,529.0
Q86SQ7,G529N,0.369,ambiguous,SDCCAG8,529.0
Q86SQ7,G529P,0.9415,pathogenic,SDCCAG8,529.0
Q86SQ7,G529Q,0.3913,ambiguous,SDCCAG8,529.0
Q86SQ7,G529R,0.3059,benign,SDCCAG8,529.0
Q86SQ7,G529S,0.1058,benign,SDCCAG8,529.0
Q86SQ7,G529T,0.1953,benign,SDCCAG8,529.0
Q86SQ7,G529V,0.2687,benign,SDCCAG8,529.0
Q86SQ7,G529W,0.4579,ambiguous,SDCCAG8,529.0
Q86SQ7,G529Y,0.5316,ambiguous,SDCCAG8,529.0
Q86SQ7,E530A,0.1,benign,SDCCAG8,530.0
Q86SQ7,E530C,0.7007,pathogenic,SDCCAG8,530.0
Q86SQ7,E530D,0.1517,benign,SDCCAG8,530.0
Q86SQ7,E530F,0.5618,ambiguous,SDCCAG8,530.0
Q86SQ7,E530G,0.1305,benign,SDCCAG8,530.0
Q86SQ7,E530H,0.2642,benign,SDCCAG8,530.0
Q86SQ7,E530I,0.2554,benign,SDCCAG8,530.0
Q86SQ7,E530K,0.0629,benign,SDCCAG8,530.0
Q86SQ7,E530L,0.2645,benign,SDCCAG8,530.0
Q86SQ7,E530M,0.301,benign,SDCCAG8,530.0
Q86SQ7,E530N,0.1968,benign,SDCCAG8,530.0
Q86SQ7,E530P,0.7021,pathogenic,SDCCAG8,530.0
Q86SQ7,E530Q,0.0921,benign,SDCCAG8,530.0
Q86SQ7,E530R,0.1146,benign,SDCCAG8,530.0
Q86SQ7,E530S,0.1683,benign,SDCCAG8,530.0
Q86SQ7,E530T,0.1523,benign,SDCCAG8,530.0
Q86SQ7,E530V,0.1535,benign,SDCCAG8,530.0
Q86SQ7,E530W,0.7386,pathogenic,SDCCAG8,530.0
Q86SQ7,E530Y,0.3971,ambiguous,SDCCAG8,530.0
Q86SQ7,S531A,0.0603,benign,SDCCAG8,531.0
Q86SQ7,S531C,0.098,benign,SDCCAG8,531.0
Q86SQ7,S531D,0.7009,pathogenic,SDCCAG8,531.0
Q86SQ7,S531E,0.6699,pathogenic,SDCCAG8,531.0
Q86SQ7,S531F,0.4246,ambiguous,SDCCAG8,531.0
Q86SQ7,S531G,0.1426,benign,SDCCAG8,531.0
Q86SQ7,S531H,0.5668,pathogenic,SDCCAG8,531.0
Q86SQ7,S531I,0.327,benign,SDCCAG8,531.0
Q86SQ7,S531K,0.7591,pathogenic,SDCCAG8,531.0
Q86SQ7,S531L,0.1422,benign,SDCCAG8,531.0
Q86SQ7,S531M,0.2575,benign,SDCCAG8,531.0
Q86SQ7,S531N,0.324,benign,SDCCAG8,531.0
Q86SQ7,S531P,0.8588,pathogenic,SDCCAG8,531.0
Q86SQ7,S531Q,0.6475,pathogenic,SDCCAG8,531.0
Q86SQ7,S531R,0.6956,pathogenic,SDCCAG8,531.0
Q86SQ7,S531T,0.0817,benign,SDCCAG8,531.0
Q86SQ7,S531V,0.2386,benign,SDCCAG8,531.0
Q86SQ7,S531W,0.4883,ambiguous,SDCCAG8,531.0
Q86SQ7,S531Y,0.272,benign,SDCCAG8,531.0
Q86SQ7,E532A,0.2155,benign,SDCCAG8,532.0
Q86SQ7,E532C,0.9067,pathogenic,SDCCAG8,532.0
Q86SQ7,E532D,0.499,ambiguous,SDCCAG8,532.0
Q86SQ7,E532F,0.8601,pathogenic,SDCCAG8,532.0
Q86SQ7,E532G,0.2249,benign,SDCCAG8,532.0
Q86SQ7,E532H,0.5727,pathogenic,SDCCAG8,532.0
Q86SQ7,E532I,0.5098,ambiguous,SDCCAG8,532.0
Q86SQ7,E532K,0.1177,benign,SDCCAG8,532.0
Q86SQ7,E532L,0.5056,ambiguous,SDCCAG8,532.0
Q86SQ7,E532M,0.5259,ambiguous,SDCCAG8,532.0
Q86SQ7,E532N,0.5014,ambiguous,SDCCAG8,532.0
Q86SQ7,E532P,0.9521,pathogenic,SDCCAG8,532.0
Q86SQ7,E532Q,0.1033,benign,SDCCAG8,532.0
Q86SQ7,E532R,0.1893,benign,SDCCAG8,532.0
Q86SQ7,E532S,0.3409,ambiguous,SDCCAG8,532.0
Q86SQ7,E532T,0.3088,benign,SDCCAG8,532.0
Q86SQ7,E532V,0.3024,benign,SDCCAG8,532.0
Q86SQ7,E532W,0.9374,pathogenic,SDCCAG8,532.0
Q86SQ7,E532Y,0.7832,pathogenic,SDCCAG8,532.0
Q86SQ7,H533A,0.4869,ambiguous,SDCCAG8,533.0
Q86SQ7,H533C,0.2615,benign,SDCCAG8,533.0
Q86SQ7,H533D,0.4072,ambiguous,SDCCAG8,533.0
Q86SQ7,H533E,0.4496,ambiguous,SDCCAG8,533.0
Q86SQ7,H533F,0.4627,ambiguous,SDCCAG8,533.0
Q86SQ7,H533G,0.4435,ambiguous,SDCCAG8,533.0
Q86SQ7,H533I,0.4599,ambiguous,SDCCAG8,533.0
Q86SQ7,H533K,0.247,benign,SDCCAG8,533.0
Q86SQ7,H533L,0.1847,benign,SDCCAG8,533.0
Q86SQ7,H533M,0.609,pathogenic,SDCCAG8,533.0
Q86SQ7,H533N,0.1926,benign,SDCCAG8,533.0
Q86SQ7,H533P,0.681,pathogenic,SDCCAG8,533.0
Q86SQ7,H533Q,0.2259,benign,SDCCAG8,533.0
Q86SQ7,H533R,0.0928,benign,SDCCAG8,533.0
Q86SQ7,H533S,0.4388,ambiguous,SDCCAG8,533.0
Q86SQ7,H533T,0.4653,ambiguous,SDCCAG8,533.0
Q86SQ7,H533V,0.4231,ambiguous,SDCCAG8,533.0
Q86SQ7,H533W,0.4283,ambiguous,SDCCAG8,533.0
Q86SQ7,H533Y,0.1392,benign,SDCCAG8,533.0
Q86SQ7,Q534A,0.4291,ambiguous,SDCCAG8,534.0
Q86SQ7,Q534C,0.7459,pathogenic,SDCCAG8,534.0
Q86SQ7,Q534D,0.65,pathogenic,SDCCAG8,534.0
Q86SQ7,Q534E,0.1334,benign,SDCCAG8,534.0
Q86SQ7,Q534F,0.8407,pathogenic,SDCCAG8,534.0
Q86SQ7,Q534G,0.5304,ambiguous,SDCCAG8,534.0
Q86SQ7,Q534H,0.3341,benign,SDCCAG8,534.0
Q86SQ7,Q534I,0.5607,ambiguous,SDCCAG8,534.0
Q86SQ7,Q534K,0.1279,benign,SDCCAG8,534.0
Q86SQ7,Q534L,0.215,benign,SDCCAG8,534.0
Q86SQ7,Q534M,0.5425,ambiguous,SDCCAG8,534.0
Q86SQ7,Q534N,0.5323,ambiguous,SDCCAG8,534.0
Q86SQ7,Q534P,0.8182,pathogenic,SDCCAG8,534.0
Q86SQ7,Q534R,0.1104,benign,SDCCAG8,534.0
Q86SQ7,Q534S,0.5283,ambiguous,SDCCAG8,534.0
Q86SQ7,Q534T,0.3981,ambiguous,SDCCAG8,534.0
Q86SQ7,Q534V,0.4163,ambiguous,SDCCAG8,534.0
Q86SQ7,Q534W,0.6525,pathogenic,SDCCAG8,534.0
Q86SQ7,Q534Y,0.6525,pathogenic,SDCCAG8,534.0
Q86SQ7,L535A,0.6247,pathogenic,SDCCAG8,535.0
Q86SQ7,L535C,0.6305,pathogenic,SDCCAG8,535.0
Q86SQ7,L535D,0.9112,pathogenic,SDCCAG8,535.0
Q86SQ7,L535E,0.6873,pathogenic,SDCCAG8,535.0
Q86SQ7,L535F,0.3428,ambiguous,SDCCAG8,535.0
Q86SQ7,L535G,0.7682,pathogenic,SDCCAG8,535.0
Q86SQ7,L535H,0.4167,ambiguous,SDCCAG8,535.0
Q86SQ7,L535I,0.2058,benign,SDCCAG8,535.0
Q86SQ7,L535K,0.5324,ambiguous,SDCCAG8,535.0
Q86SQ7,L535M,0.2351,benign,SDCCAG8,535.0
Q86SQ7,L535N,0.6965,pathogenic,SDCCAG8,535.0
Q86SQ7,L535P,0.9437,pathogenic,SDCCAG8,535.0
Q86SQ7,L535Q,0.3508,ambiguous,SDCCAG8,535.0
Q86SQ7,L535R,0.3215,benign,SDCCAG8,535.0
Q86SQ7,L535S,0.7038,pathogenic,SDCCAG8,535.0
Q86SQ7,L535T,0.6889,pathogenic,SDCCAG8,535.0
Q86SQ7,L535V,0.2137,benign,SDCCAG8,535.0
Q86SQ7,L535W,0.352,ambiguous,SDCCAG8,535.0
Q86SQ7,L535Y,0.4873,ambiguous,SDCCAG8,535.0
Q86SQ7,H536A,0.6174,pathogenic,SDCCAG8,536.0
Q86SQ7,H536C,0.358,ambiguous,SDCCAG8,536.0
Q86SQ7,H536D,0.5823,pathogenic,SDCCAG8,536.0
Q86SQ7,H536E,0.6654,pathogenic,SDCCAG8,536.0
Q86SQ7,H536F,0.4071,ambiguous,SDCCAG8,536.0
Q86SQ7,H536G,0.6801,pathogenic,SDCCAG8,536.0
Q86SQ7,H536I,0.5316,ambiguous,SDCCAG8,536.0
Q86SQ7,H536K,0.577,pathogenic,SDCCAG8,536.0
Q86SQ7,H536L,0.2072,benign,SDCCAG8,536.0
Q86SQ7,H536M,0.7354,pathogenic,SDCCAG8,536.0
Q86SQ7,H536N,0.3041,benign,SDCCAG8,536.0
Q86SQ7,H536P,0.6569,pathogenic,SDCCAG8,536.0
Q86SQ7,H536Q,0.4479,ambiguous,SDCCAG8,536.0
Q86SQ7,H536R,0.242,benign,SDCCAG8,536.0
Q86SQ7,H536S,0.5514,ambiguous,SDCCAG8,536.0
Q86SQ7,H536T,0.6626,pathogenic,SDCCAG8,536.0
Q86SQ7,H536V,0.5097,ambiguous,SDCCAG8,536.0
Q86SQ7,H536W,0.5127,ambiguous,SDCCAG8,536.0
Q86SQ7,H536Y,0.1281,benign,SDCCAG8,536.0
Q86SQ7,L537A,0.282,benign,SDCCAG8,537.0
Q86SQ7,L537C,0.3667,ambiguous,SDCCAG8,537.0
Q86SQ7,L537D,0.6754,pathogenic,SDCCAG8,537.0
Q86SQ7,L537E,0.3013,benign,SDCCAG8,537.0
Q86SQ7,L537F,0.1767,benign,SDCCAG8,537.0
Q86SQ7,L537G,0.5226,ambiguous,SDCCAG8,537.0
Q86SQ7,L537H,0.1958,benign,SDCCAG8,537.0
Q86SQ7,L537I,0.0823,benign,SDCCAG8,537.0
Q86SQ7,L537K,0.2046,benign,SDCCAG8,537.0
Q86SQ7,L537M,0.1137,benign,SDCCAG8,537.0
Q86SQ7,L537N,0.4438,ambiguous,SDCCAG8,537.0
Q86SQ7,L537P,0.8576,pathogenic,SDCCAG8,537.0
Q86SQ7,L537Q,0.1188,benign,SDCCAG8,537.0
Q86SQ7,L537R,0.1275,benign,SDCCAG8,537.0
Q86SQ7,L537S,0.326,benign,SDCCAG8,537.0
Q86SQ7,L537T,0.2494,benign,SDCCAG8,537.0
Q86SQ7,L537V,0.0822,benign,SDCCAG8,537.0
Q86SQ7,L537W,0.2067,benign,SDCCAG8,537.0
Q86SQ7,L537Y,0.3485,ambiguous,SDCCAG8,537.0
Q86SQ7,T538A,0.1502,benign,SDCCAG8,538.0
Q86SQ7,T538C,0.5417,ambiguous,SDCCAG8,538.0
Q86SQ7,T538D,0.7209,pathogenic,SDCCAG8,538.0
Q86SQ7,T538E,0.5907,pathogenic,SDCCAG8,538.0
Q86SQ7,T538F,0.5199,ambiguous,SDCCAG8,538.0
Q86SQ7,T538G,0.4161,ambiguous,SDCCAG8,538.0
Q86SQ7,T538H,0.4195,ambiguous,SDCCAG8,538.0
Q86SQ7,T538I,0.4513,ambiguous,SDCCAG8,538.0
Q86SQ7,T538K,0.4411,ambiguous,SDCCAG8,538.0
Q86SQ7,T538L,0.18,benign,SDCCAG8,538.0
Q86SQ7,T538M,0.1597,benign,SDCCAG8,538.0
Q86SQ7,T538N,0.3176,benign,SDCCAG8,538.0
Q86SQ7,T538P,0.63,pathogenic,SDCCAG8,538.0
Q86SQ7,T538Q,0.3891,ambiguous,SDCCAG8,538.0
Q86SQ7,T538R,0.3524,ambiguous,SDCCAG8,538.0
Q86SQ7,T538S,0.1683,benign,SDCCAG8,538.0
Q86SQ7,T538V,0.386,ambiguous,SDCCAG8,538.0
Q86SQ7,T538W,0.739,pathogenic,SDCCAG8,538.0
Q86SQ7,T538Y,0.4921,ambiguous,SDCCAG8,538.0
Q86SQ7,R539A,0.6606,pathogenic,SDCCAG8,539.0
Q86SQ7,R539C,0.2951,benign,SDCCAG8,539.0
Q86SQ7,R539D,0.8925,pathogenic,SDCCAG8,539.0
Q86SQ7,R539E,0.4773,ambiguous,SDCCAG8,539.0
Q86SQ7,R539F,0.7458,pathogenic,SDCCAG8,539.0
Q86SQ7,R539G,0.455,ambiguous,SDCCAG8,539.0
Q86SQ7,R539H,0.2346,benign,SDCCAG8,539.0
Q86SQ7,R539I,0.4163,ambiguous,SDCCAG8,539.0
Q86SQ7,R539K,0.2505,benign,SDCCAG8,539.0
Q86SQ7,R539L,0.45,ambiguous,SDCCAG8,539.0
Q86SQ7,R539M,0.4468,ambiguous,SDCCAG8,539.0
Q86SQ7,R539N,0.8377,pathogenic,SDCCAG8,539.0
Q86SQ7,R539P,0.9587,pathogenic,SDCCAG8,539.0
Q86SQ7,R539Q,0.1465,benign,SDCCAG8,539.0
Q86SQ7,R539S,0.7293,pathogenic,SDCCAG8,539.0
Q86SQ7,R539T,0.503,ambiguous,SDCCAG8,539.0
Q86SQ7,R539V,0.5476,ambiguous,SDCCAG8,539.0
Q86SQ7,R539W,0.2352,benign,SDCCAG8,539.0
Q86SQ7,R539Y,0.6129,pathogenic,SDCCAG8,539.0
Q86SQ7,Q540A,0.2297,benign,SDCCAG8,540.0
Q86SQ7,Q540C,0.5597,ambiguous,SDCCAG8,540.0
Q86SQ7,Q540D,0.5271,ambiguous,SDCCAG8,540.0
Q86SQ7,Q540E,0.0934,benign,SDCCAG8,540.0
Q86SQ7,Q540F,0.6728,pathogenic,SDCCAG8,540.0
Q86SQ7,Q540G,0.2574,benign,SDCCAG8,540.0
Q86SQ7,Q540H,0.2905,benign,SDCCAG8,540.0
Q86SQ7,Q540I,0.3238,benign,SDCCAG8,540.0
Q86SQ7,Q540K,0.0786,benign,SDCCAG8,540.0
Q86SQ7,Q540L,0.0794,benign,SDCCAG8,540.0
Q86SQ7,Q540M,0.253,benign,SDCCAG8,540.0
Q86SQ7,Q540N,0.411,ambiguous,SDCCAG8,540.0
Q86SQ7,Q540P,0.5335,ambiguous,SDCCAG8,540.0
Q86SQ7,Q540R,0.0921,benign,SDCCAG8,540.0
Q86SQ7,Q540S,0.3599,ambiguous,SDCCAG8,540.0
Q86SQ7,Q540T,0.2469,benign,SDCCAG8,540.0
Q86SQ7,Q540V,0.2011,benign,SDCCAG8,540.0
Q86SQ7,Q540W,0.443,ambiguous,SDCCAG8,540.0
Q86SQ7,Q540Y,0.5091,ambiguous,SDCCAG8,540.0
Q86SQ7,E541A,0.2689,benign,SDCCAG8,541.0
Q86SQ7,E541C,0.9324,pathogenic,SDCCAG8,541.0
Q86SQ7,E541D,0.3408,ambiguous,SDCCAG8,541.0
Q86SQ7,E541F,0.9044,pathogenic,SDCCAG8,541.0
Q86SQ7,E541G,0.2072,benign,SDCCAG8,541.0
Q86SQ7,E541H,0.6684,pathogenic,SDCCAG8,541.0
Q86SQ7,E541I,0.6196,pathogenic,SDCCAG8,541.0
Q86SQ7,E541K,0.1619,benign,SDCCAG8,541.0
Q86SQ7,E541L,0.5718,pathogenic,SDCCAG8,541.0
Q86SQ7,E541M,0.6178,pathogenic,SDCCAG8,541.0
Q86SQ7,E541N,0.5537,ambiguous,SDCCAG8,541.0
Q86SQ7,E541P,0.9565,pathogenic,SDCCAG8,541.0
Q86SQ7,E541Q,0.1707,benign,SDCCAG8,541.0
Q86SQ7,E541R,0.2968,benign,SDCCAG8,541.0
Q86SQ7,E541S,0.493,ambiguous,SDCCAG8,541.0
Q86SQ7,E541T,0.452,ambiguous,SDCCAG8,541.0
Q86SQ7,E541V,0.37,ambiguous,SDCCAG8,541.0
Q86SQ7,E541W,0.9395,pathogenic,SDCCAG8,541.0
Q86SQ7,E541Y,0.7842,pathogenic,SDCCAG8,541.0
Q86SQ7,K542A,0.6464,pathogenic,SDCCAG8,542.0
Q86SQ7,K542C,0.9154,pathogenic,SDCCAG8,542.0
Q86SQ7,K542D,0.8718,pathogenic,SDCCAG8,542.0
Q86SQ7,K542E,0.4298,ambiguous,SDCCAG8,542.0
Q86SQ7,K542F,0.9429,pathogenic,SDCCAG8,542.0
Q86SQ7,K542G,0.6928,pathogenic,SDCCAG8,542.0
Q86SQ7,K542H,0.6643,pathogenic,SDCCAG8,542.0
Q86SQ7,K542I,0.5995,pathogenic,SDCCAG8,542.0
Q86SQ7,K542L,0.6091,pathogenic,SDCCAG8,542.0
Q86SQ7,K542M,0.3683,ambiguous,SDCCAG8,542.0
Q86SQ7,K542N,0.6668,pathogenic,SDCCAG8,542.0
Q86SQ7,K542P,0.9794,pathogenic,SDCCAG8,542.0
Q86SQ7,K542Q,0.3785,ambiguous,SDCCAG8,542.0
Q86SQ7,K542R,0.141,benign,SDCCAG8,542.0
Q86SQ7,K542S,0.7884,pathogenic,SDCCAG8,542.0
Q86SQ7,K542T,0.4145,ambiguous,SDCCAG8,542.0
Q86SQ7,K542V,0.6006,pathogenic,SDCCAG8,542.0
Q86SQ7,K542W,0.9152,pathogenic,SDCCAG8,542.0
Q86SQ7,K542Y,0.7929,pathogenic,SDCCAG8,542.0
Q86SQ7,D543A,0.1418,benign,SDCCAG8,543.0
Q86SQ7,D543C,0.5405,ambiguous,SDCCAG8,543.0
Q86SQ7,D543E,0.1392,benign,SDCCAG8,543.0
Q86SQ7,D543F,0.4594,ambiguous,SDCCAG8,543.0
Q86SQ7,D543G,0.1212,benign,SDCCAG8,543.0
Q86SQ7,D543H,0.2357,benign,SDCCAG8,543.0
Q86SQ7,D543I,0.2576,benign,SDCCAG8,543.0
Q86SQ7,D543K,0.3086,benign,SDCCAG8,543.0
Q86SQ7,D543L,0.2788,benign,SDCCAG8,543.0
Q86SQ7,D543M,0.547,ambiguous,SDCCAG8,543.0
Q86SQ7,D543N,0.1119,benign,SDCCAG8,543.0
Q86SQ7,D543P,0.8629,pathogenic,SDCCAG8,543.0
Q86SQ7,D543Q,0.3087,benign,SDCCAG8,543.0
Q86SQ7,D543R,0.3211,benign,SDCCAG8,543.0
Q86SQ7,D543S,0.1595,benign,SDCCAG8,543.0
Q86SQ7,D543T,0.2316,benign,SDCCAG8,543.0
Q86SQ7,D543V,0.1431,benign,SDCCAG8,543.0
Q86SQ7,D543W,0.7819,pathogenic,SDCCAG8,543.0
Q86SQ7,D543Y,0.1409,benign,SDCCAG8,543.0
Q86SQ7,S544A,0.0836,benign,SDCCAG8,544.0
Q86SQ7,S544C,0.1087,benign,SDCCAG8,544.0
Q86SQ7,S544D,0.2058,benign,SDCCAG8,544.0
Q86SQ7,S544E,0.3882,ambiguous,SDCCAG8,544.0
Q86SQ7,S544F,0.207,benign,SDCCAG8,544.0
Q86SQ7,S544G,0.0768,benign,SDCCAG8,544.0
Q86SQ7,S544H,0.2345,benign,SDCCAG8,544.0
Q86SQ7,S544I,0.1395,benign,SDCCAG8,544.0
Q86SQ7,S544K,0.4682,ambiguous,SDCCAG8,544.0
Q86SQ7,S544L,0.114,benign,SDCCAG8,544.0
Q86SQ7,S544M,0.2118,benign,SDCCAG8,544.0
Q86SQ7,S544N,0.096,benign,SDCCAG8,544.0
Q86SQ7,S544P,0.6753,pathogenic,SDCCAG8,544.0
Q86SQ7,S544Q,0.4138,ambiguous,SDCCAG8,544.0
Q86SQ7,S544R,0.3267,benign,SDCCAG8,544.0
Q86SQ7,S544T,0.079,benign,SDCCAG8,544.0
Q86SQ7,S544V,0.1825,benign,SDCCAG8,544.0
Q86SQ7,S544W,0.3003,benign,SDCCAG8,544.0
Q86SQ7,S544Y,0.1709,benign,SDCCAG8,544.0
Q86SQ7,I545A,0.5342,ambiguous,SDCCAG8,545.0
Q86SQ7,I545C,0.7539,pathogenic,SDCCAG8,545.0
Q86SQ7,I545D,0.7916,pathogenic,SDCCAG8,545.0
Q86SQ7,I545E,0.7226,pathogenic,SDCCAG8,545.0
Q86SQ7,I545F,0.1717,benign,SDCCAG8,545.0
Q86SQ7,I545G,0.8046,pathogenic,SDCCAG8,545.0
Q86SQ7,I545H,0.5469,ambiguous,SDCCAG8,545.0
Q86SQ7,I545K,0.5101,ambiguous,SDCCAG8,545.0
Q86SQ7,I545L,0.1331,benign,SDCCAG8,545.0
Q86SQ7,I545M,0.1563,benign,SDCCAG8,545.0
Q86SQ7,I545N,0.393,ambiguous,SDCCAG8,545.0
Q86SQ7,I545P,0.89,pathogenic,SDCCAG8,545.0
Q86SQ7,I545Q,0.558,ambiguous,SDCCAG8,545.0
Q86SQ7,I545R,0.3707,ambiguous,SDCCAG8,545.0
Q86SQ7,I545S,0.4216,ambiguous,SDCCAG8,545.0
Q86SQ7,I545T,0.4277,ambiguous,SDCCAG8,545.0
Q86SQ7,I545V,0.129,benign,SDCCAG8,545.0
Q86SQ7,I545W,0.7189,pathogenic,SDCCAG8,545.0
Q86SQ7,I545Y,0.5364,ambiguous,SDCCAG8,545.0
Q86SQ7,Q546A,0.3122,benign,SDCCAG8,546.0
Q86SQ7,Q546C,0.6311,pathogenic,SDCCAG8,546.0
Q86SQ7,Q546D,0.5826,pathogenic,SDCCAG8,546.0
Q86SQ7,Q546E,0.0955,benign,SDCCAG8,546.0
Q86SQ7,Q546F,0.7012,pathogenic,SDCCAG8,546.0
Q86SQ7,Q546G,0.338,benign,SDCCAG8,546.0
Q86SQ7,Q546H,0.3081,benign,SDCCAG8,546.0
Q86SQ7,Q546I,0.3655,ambiguous,SDCCAG8,546.0
Q86SQ7,Q546K,0.121,benign,SDCCAG8,546.0
Q86SQ7,Q546L,0.1429,benign,SDCCAG8,546.0
Q86SQ7,Q546M,0.4225,ambiguous,SDCCAG8,546.0
Q86SQ7,Q546N,0.4826,ambiguous,SDCCAG8,546.0
Q86SQ7,Q546P,0.4323,ambiguous,SDCCAG8,546.0
Q86SQ7,Q546R,0.1032,benign,SDCCAG8,546.0
Q86SQ7,Q546S,0.4238,ambiguous,SDCCAG8,546.0
Q86SQ7,Q546T,0.3075,benign,SDCCAG8,546.0
Q86SQ7,Q546V,0.2691,benign,SDCCAG8,546.0
Q86SQ7,Q546W,0.468,ambiguous,SDCCAG8,546.0
Q86SQ7,Q546Y,0.4936,ambiguous,SDCCAG8,546.0
Q86SQ7,Q547A,0.2211,benign,SDCCAG8,547.0
Q86SQ7,Q547C,0.5838,pathogenic,SDCCAG8,547.0
Q86SQ7,Q547D,0.3135,benign,SDCCAG8,547.0
Q86SQ7,Q547E,0.084,benign,SDCCAG8,547.0
Q86SQ7,Q547F,0.631,pathogenic,SDCCAG8,547.0
Q86SQ7,Q547G,0.2477,benign,SDCCAG8,547.0
Q86SQ7,Q547H,0.1835,benign,SDCCAG8,547.0
Q86SQ7,Q547I,0.3646,ambiguous,SDCCAG8,547.0
Q86SQ7,Q547K,0.0943,benign,SDCCAG8,547.0
Q86SQ7,Q547L,0.1147,benign,SDCCAG8,547.0
Q86SQ7,Q547M,0.3442,ambiguous,SDCCAG8,547.0
Q86SQ7,Q547N,0.2639,benign,SDCCAG8,547.0
Q86SQ7,Q547P,0.4043,ambiguous,SDCCAG8,547.0
Q86SQ7,Q547R,0.0964,benign,SDCCAG8,547.0
Q86SQ7,Q547S,0.3151,benign,SDCCAG8,547.0
Q86SQ7,Q547T,0.2454,benign,SDCCAG8,547.0
Q86SQ7,Q547V,0.2451,benign,SDCCAG8,547.0
Q86SQ7,Q547W,0.3996,ambiguous,SDCCAG8,547.0
Q86SQ7,Q547Y,0.3765,ambiguous,SDCCAG8,547.0
Q86SQ7,S548A,0.1201,benign,SDCCAG8,548.0
Q86SQ7,S548C,0.1003,benign,SDCCAG8,548.0
Q86SQ7,S548D,0.241,benign,SDCCAG8,548.0
Q86SQ7,S548E,0.4027,ambiguous,SDCCAG8,548.0
Q86SQ7,S548F,0.3074,benign,SDCCAG8,548.0
Q86SQ7,S548G,0.0883,benign,SDCCAG8,548.0
Q86SQ7,S548H,0.1953,benign,SDCCAG8,548.0
Q86SQ7,S548I,0.1336,benign,SDCCAG8,548.0
Q86SQ7,S548K,0.3874,ambiguous,SDCCAG8,548.0
Q86SQ7,S548L,0.1715,benign,SDCCAG8,548.0
Q86SQ7,S548M,0.2405,benign,SDCCAG8,548.0
Q86SQ7,S548N,0.1062,benign,SDCCAG8,548.0
Q86SQ7,S548P,0.731,pathogenic,SDCCAG8,548.0
Q86SQ7,S548Q,0.3454,ambiguous,SDCCAG8,548.0
Q86SQ7,S548R,0.2542,benign,SDCCAG8,548.0
Q86SQ7,S548T,0.0893,benign,SDCCAG8,548.0
Q86SQ7,S548V,0.1985,benign,SDCCAG8,548.0
Q86SQ7,S548W,0.3404,ambiguous,SDCCAG8,548.0
Q86SQ7,S548Y,0.1776,benign,SDCCAG8,548.0
Q86SQ7,F549A,0.3366,benign,SDCCAG8,549.0
Q86SQ7,F549C,0.1346,benign,SDCCAG8,549.0
Q86SQ7,F549D,0.4881,ambiguous,SDCCAG8,549.0
Q86SQ7,F549E,0.6207,pathogenic,SDCCAG8,549.0
Q86SQ7,F549G,0.5457,ambiguous,SDCCAG8,549.0
Q86SQ7,F549H,0.3203,benign,SDCCAG8,549.0
Q86SQ7,F549I,0.0776,benign,SDCCAG8,549.0
Q86SQ7,F549K,0.5197,ambiguous,SDCCAG8,549.0
Q86SQ7,F549L,0.4643,ambiguous,SDCCAG8,549.0
Q86SQ7,F549M,0.3091,benign,SDCCAG8,549.0
Q86SQ7,F549N,0.3217,benign,SDCCAG8,549.0
Q86SQ7,F549P,0.9269,pathogenic,SDCCAG8,549.0
Q86SQ7,F549Q,0.4756,ambiguous,SDCCAG8,549.0
Q86SQ7,F549R,0.3479,ambiguous,SDCCAG8,549.0
Q86SQ7,F549S,0.2413,benign,SDCCAG8,549.0
Q86SQ7,F549T,0.3169,benign,SDCCAG8,549.0
Q86SQ7,F549V,0.0916,benign,SDCCAG8,549.0
Q86SQ7,F549W,0.3474,ambiguous,SDCCAG8,549.0
Q86SQ7,F549Y,0.1146,benign,SDCCAG8,549.0
Q86SQ7,S550A,0.1183,benign,SDCCAG8,550.0
Q86SQ7,S550C,0.0997,benign,SDCCAG8,550.0
Q86SQ7,S550D,0.2808,benign,SDCCAG8,550.0
Q86SQ7,S550E,0.4008,ambiguous,SDCCAG8,550.0
Q86SQ7,S550F,0.2669,benign,SDCCAG8,550.0
Q86SQ7,S550G,0.0822,benign,SDCCAG8,550.0
Q86SQ7,S550H,0.2442,benign,SDCCAG8,550.0
Q86SQ7,S550I,0.15,benign,SDCCAG8,550.0
Q86SQ7,S550K,0.5166,ambiguous,SDCCAG8,550.0
Q86SQ7,S550L,0.1153,benign,SDCCAG8,550.0
Q86SQ7,S550M,0.2676,benign,SDCCAG8,550.0
Q86SQ7,S550N,0.1271,benign,SDCCAG8,550.0
Q86SQ7,S550P,0.4643,ambiguous,SDCCAG8,550.0
Q86SQ7,S550Q,0.3696,ambiguous,SDCCAG8,550.0
Q86SQ7,S550R,0.331,benign,SDCCAG8,550.0
Q86SQ7,S550T,0.0953,benign,SDCCAG8,550.0
Q86SQ7,S550V,0.2153,benign,SDCCAG8,550.0
Q86SQ7,S550W,0.3043,benign,SDCCAG8,550.0
Q86SQ7,S550Y,0.2127,benign,SDCCAG8,550.0
Q86SQ7,K551A,0.1559,benign,SDCCAG8,551.0
Q86SQ7,K551C,0.4789,ambiguous,SDCCAG8,551.0
Q86SQ7,K551D,0.2002,benign,SDCCAG8,551.0
Q86SQ7,K551E,0.0738,benign,SDCCAG8,551.0
Q86SQ7,K551F,0.5804,pathogenic,SDCCAG8,551.0
Q86SQ7,K551G,0.1835,benign,SDCCAG8,551.0
Q86SQ7,K551H,0.1933,benign,SDCCAG8,551.0
Q86SQ7,K551I,0.2318,benign,SDCCAG8,551.0
Q86SQ7,K551L,0.2026,benign,SDCCAG8,551.0
Q86SQ7,K551M,0.1367,benign,SDCCAG8,551.0
Q86SQ7,K551N,0.1238,benign,SDCCAG8,551.0
Q86SQ7,K551P,0.6182,pathogenic,SDCCAG8,551.0
Q86SQ7,K551Q,0.0943,benign,SDCCAG8,551.0
Q86SQ7,K551R,0.0774,benign,SDCCAG8,551.0
Q86SQ7,K551S,0.1488,benign,SDCCAG8,551.0
Q86SQ7,K551T,0.0866,benign,SDCCAG8,551.0
Q86SQ7,K551V,0.1908,benign,SDCCAG8,551.0
Q86SQ7,K551W,0.5923,pathogenic,SDCCAG8,551.0
Q86SQ7,K551Y,0.3823,ambiguous,SDCCAG8,551.0
Q86SQ7,E552A,0.1132,benign,SDCCAG8,552.0
Q86SQ7,E552C,0.8346,pathogenic,SDCCAG8,552.0
Q86SQ7,E552D,0.1224,benign,SDCCAG8,552.0
Q86SQ7,E552F,0.6944,pathogenic,SDCCAG8,552.0
Q86SQ7,E552G,0.1246,benign,SDCCAG8,552.0
Q86SQ7,E552H,0.418,ambiguous,SDCCAG8,552.0
Q86SQ7,E552I,0.3131,benign,SDCCAG8,552.0
Q86SQ7,E552K,0.1112,benign,SDCCAG8,552.0
Q86SQ7,E552L,0.3304,benign,SDCCAG8,552.0
Q86SQ7,E552M,0.3693,ambiguous,SDCCAG8,552.0
Q86SQ7,E552N,0.2427,benign,SDCCAG8,552.0
Q86SQ7,E552P,0.7204,pathogenic,SDCCAG8,552.0
Q86SQ7,E552Q,0.1445,benign,SDCCAG8,552.0
Q86SQ7,E552R,0.206,benign,SDCCAG8,552.0
Q86SQ7,E552S,0.2285,benign,SDCCAG8,552.0
Q86SQ7,E552T,0.1751,benign,SDCCAG8,552.0
Q86SQ7,E552V,0.1583,benign,SDCCAG8,552.0
Q86SQ7,E552W,0.828,pathogenic,SDCCAG8,552.0
Q86SQ7,E552Y,0.5009,ambiguous,SDCCAG8,552.0
Q86SQ7,A553C,0.6704,pathogenic,SDCCAG8,553.0
Q86SQ7,A553D,0.4046,ambiguous,SDCCAG8,553.0
Q86SQ7,A553E,0.3102,benign,SDCCAG8,553.0
Q86SQ7,A553F,0.5128,ambiguous,SDCCAG8,553.0
Q86SQ7,A553G,0.178,benign,SDCCAG8,553.0
Q86SQ7,A553H,0.6598,pathogenic,SDCCAG8,553.0
Q86SQ7,A553I,0.3942,ambiguous,SDCCAG8,553.0
Q86SQ7,A553K,0.5283,ambiguous,SDCCAG8,553.0
Q86SQ7,A553L,0.2909,benign,SDCCAG8,553.0
Q86SQ7,A553M,0.3224,benign,SDCCAG8,553.0
Q86SQ7,A553N,0.3865,ambiguous,SDCCAG8,553.0
Q86SQ7,A553P,0.8096,pathogenic,SDCCAG8,553.0
Q86SQ7,A553Q,0.4448,ambiguous,SDCCAG8,553.0
Q86SQ7,A553R,0.4488,ambiguous,SDCCAG8,553.0
Q86SQ7,A553S,0.1511,benign,SDCCAG8,553.0
Q86SQ7,A553T,0.1256,benign,SDCCAG8,553.0
Q86SQ7,A553V,0.1657,benign,SDCCAG8,553.0
Q86SQ7,A553W,0.8045,pathogenic,SDCCAG8,553.0
Q86SQ7,A553Y,0.5979,pathogenic,SDCCAG8,553.0
Q86SQ7,K554A,0.2764,benign,SDCCAG8,554.0
Q86SQ7,K554C,0.7881,pathogenic,SDCCAG8,554.0
Q86SQ7,K554D,0.5689,pathogenic,SDCCAG8,554.0
Q86SQ7,K554E,0.1171,benign,SDCCAG8,554.0
Q86SQ7,K554F,0.805,pathogenic,SDCCAG8,554.0
Q86SQ7,K554G,0.4569,ambiguous,SDCCAG8,554.0
Q86SQ7,K554H,0.3888,ambiguous,SDCCAG8,554.0
Q86SQ7,K554I,0.3572,ambiguous,SDCCAG8,554.0
Q86SQ7,K554L,0.3696,ambiguous,SDCCAG8,554.0
Q86SQ7,K554M,0.2237,benign,SDCCAG8,554.0
Q86SQ7,K554N,0.4344,ambiguous,SDCCAG8,554.0
Q86SQ7,K554P,0.8569,pathogenic,SDCCAG8,554.0
Q86SQ7,K554Q,0.1359,benign,SDCCAG8,554.0
Q86SQ7,K554R,0.0931,benign,SDCCAG8,554.0
Q86SQ7,K554S,0.4347,ambiguous,SDCCAG8,554.0
Q86SQ7,K554T,0.1677,benign,SDCCAG8,554.0
Q86SQ7,K554V,0.3082,benign,SDCCAG8,554.0
Q86SQ7,K554W,0.8323,pathogenic,SDCCAG8,554.0
Q86SQ7,K554Y,0.6817,pathogenic,SDCCAG8,554.0
Q86SQ7,A555C,0.5738,pathogenic,SDCCAG8,555.0
Q86SQ7,A555D,0.1987,benign,SDCCAG8,555.0
Q86SQ7,A555E,0.185,benign,SDCCAG8,555.0
Q86SQ7,A555F,0.3387,benign,SDCCAG8,555.0
Q86SQ7,A555G,0.147,benign,SDCCAG8,555.0
Q86SQ7,A555H,0.4373,ambiguous,SDCCAG8,555.0
Q86SQ7,A555I,0.2914,benign,SDCCAG8,555.0
Q86SQ7,A555K,0.3607,ambiguous,SDCCAG8,555.0
Q86SQ7,A555L,0.199,benign,SDCCAG8,555.0
Q86SQ7,A555M,0.2703,benign,SDCCAG8,555.0
Q86SQ7,A555N,0.2296,benign,SDCCAG8,555.0
Q86SQ7,A555P,0.674,pathogenic,SDCCAG8,555.0
Q86SQ7,A555Q,0.2829,benign,SDCCAG8,555.0
Q86SQ7,A555R,0.3139,benign,SDCCAG8,555.0
Q86SQ7,A555S,0.1091,benign,SDCCAG8,555.0
Q86SQ7,A555T,0.094,benign,SDCCAG8,555.0
Q86SQ7,A555V,0.134,benign,SDCCAG8,555.0
Q86SQ7,A555W,0.6849,pathogenic,SDCCAG8,555.0
Q86SQ7,A555Y,0.4334,ambiguous,SDCCAG8,555.0
Q86SQ7,Q556A,0.2136,benign,SDCCAG8,556.0
Q86SQ7,Q556C,0.6213,pathogenic,SDCCAG8,556.0
Q86SQ7,Q556D,0.5488,ambiguous,SDCCAG8,556.0
Q86SQ7,Q556E,0.1026,benign,SDCCAG8,556.0
Q86SQ7,Q556F,0.6708,pathogenic,SDCCAG8,556.0
Q86SQ7,Q556G,0.289,benign,SDCCAG8,556.0
Q86SQ7,Q556H,0.267,benign,SDCCAG8,556.0
Q86SQ7,Q556I,0.3672,ambiguous,SDCCAG8,556.0
Q86SQ7,Q556K,0.0889,benign,SDCCAG8,556.0
Q86SQ7,Q556L,0.119,benign,SDCCAG8,556.0
Q86SQ7,Q556M,0.3758,ambiguous,SDCCAG8,556.0
Q86SQ7,Q556N,0.4224,ambiguous,SDCCAG8,556.0
Q86SQ7,Q556P,0.3914,ambiguous,SDCCAG8,556.0
Q86SQ7,Q556R,0.0782,benign,SDCCAG8,556.0
Q86SQ7,Q556S,0.3656,ambiguous,SDCCAG8,556.0
Q86SQ7,Q556T,0.2413,benign,SDCCAG8,556.0
Q86SQ7,Q556V,0.2282,benign,SDCCAG8,556.0
Q86SQ7,Q556W,0.462,ambiguous,SDCCAG8,556.0
Q86SQ7,Q556Y,0.4865,ambiguous,SDCCAG8,556.0
Q86SQ7,A557C,0.6084,pathogenic,SDCCAG8,557.0
Q86SQ7,A557D,0.3208,benign,SDCCAG8,557.0
Q86SQ7,A557E,0.297,benign,SDCCAG8,557.0
Q86SQ7,A557F,0.3655,ambiguous,SDCCAG8,557.0
Q86SQ7,A557G,0.2066,benign,SDCCAG8,557.0
Q86SQ7,A557H,0.4971,ambiguous,SDCCAG8,557.0
Q86SQ7,A557I,0.3327,benign,SDCCAG8,557.0
Q86SQ7,A557K,0.4997,ambiguous,SDCCAG8,557.0
Q86SQ7,A557L,0.2479,benign,SDCCAG8,557.0
Q86SQ7,A557M,0.314,benign,SDCCAG8,557.0
Q86SQ7,A557N,0.3016,benign,SDCCAG8,557.0
Q86SQ7,A557P,0.7855,pathogenic,SDCCAG8,557.0
Q86SQ7,A557Q,0.4057,ambiguous,SDCCAG8,557.0
Q86SQ7,A557R,0.4172,ambiguous,SDCCAG8,557.0
Q86SQ7,A557S,0.1301,benign,SDCCAG8,557.0
Q86SQ7,A557T,0.1136,benign,SDCCAG8,557.0
Q86SQ7,A557V,0.1466,benign,SDCCAG8,557.0
Q86SQ7,A557W,0.7792,pathogenic,SDCCAG8,557.0
Q86SQ7,A557Y,0.4741,ambiguous,SDCCAG8,557.0
Q86SQ7,L558A,0.2334,benign,SDCCAG8,558.0
Q86SQ7,L558C,0.4906,ambiguous,SDCCAG8,558.0
Q86SQ7,L558D,0.5707,pathogenic,SDCCAG8,558.0
Q86SQ7,L558E,0.2508,benign,SDCCAG8,558.0
Q86SQ7,L558F,0.1095,benign,SDCCAG8,558.0
Q86SQ7,L558G,0.4653,ambiguous,SDCCAG8,558.0
Q86SQ7,L558H,0.1826,benign,SDCCAG8,558.0
Q86SQ7,L558I,0.0948,benign,SDCCAG8,558.0
Q86SQ7,L558K,0.2049,benign,SDCCAG8,558.0
Q86SQ7,L558M,0.1201,benign,SDCCAG8,558.0
Q86SQ7,L558N,0.3647,ambiguous,SDCCAG8,558.0
Q86SQ7,L558P,0.7088,pathogenic,SDCCAG8,558.0
Q86SQ7,L558Q,0.1123,benign,SDCCAG8,558.0
Q86SQ7,L558R,0.1404,benign,SDCCAG8,558.0
Q86SQ7,L558S,0.2345,benign,SDCCAG8,558.0
Q86SQ7,L558T,0.2359,benign,SDCCAG8,558.0
Q86SQ7,L558V,0.0937,benign,SDCCAG8,558.0
Q86SQ7,L558W,0.1731,benign,SDCCAG8,558.0
Q86SQ7,L558Y,0.2909,benign,SDCCAG8,558.0
Q86SQ7,Q559A,0.2082,benign,SDCCAG8,559.0
Q86SQ7,Q559C,0.6715,pathogenic,SDCCAG8,559.0
Q86SQ7,Q559D,0.4592,ambiguous,SDCCAG8,559.0
Q86SQ7,Q559E,0.09,benign,SDCCAG8,559.0
Q86SQ7,Q559F,0.6953,pathogenic,SDCCAG8,559.0
Q86SQ7,Q559G,0.3211,benign,SDCCAG8,559.0
Q86SQ7,Q559H,0.2465,benign,SDCCAG8,559.0
Q86SQ7,Q559I,0.3891,ambiguous,SDCCAG8,559.0
Q86SQ7,Q559K,0.0966,benign,SDCCAG8,559.0
Q86SQ7,Q559L,0.11,benign,SDCCAG8,559.0
Q86SQ7,Q559M,0.3836,ambiguous,SDCCAG8,559.0
Q86SQ7,Q559N,0.4175,ambiguous,SDCCAG8,559.0
Q86SQ7,Q559P,0.3446,ambiguous,SDCCAG8,559.0
Q86SQ7,Q559R,0.0984,benign,SDCCAG8,559.0
Q86SQ7,Q559S,0.3641,ambiguous,SDCCAG8,559.0
Q86SQ7,Q559T,0.273,benign,SDCCAG8,559.0
Q86SQ7,Q559V,0.2577,benign,SDCCAG8,559.0
Q86SQ7,Q559W,0.5129,ambiguous,SDCCAG8,559.0
Q86SQ7,Q559Y,0.5213,ambiguous,SDCCAG8,559.0
Q86SQ7,A560C,0.637,pathogenic,SDCCAG8,560.0
Q86SQ7,A560D,0.5528,ambiguous,SDCCAG8,560.0
Q86SQ7,A560E,0.5583,ambiguous,SDCCAG8,560.0
Q86SQ7,A560F,0.4535,ambiguous,SDCCAG8,560.0
Q86SQ7,A560G,0.2477,benign,SDCCAG8,560.0
Q86SQ7,A560H,0.6315,pathogenic,SDCCAG8,560.0
Q86SQ7,A560I,0.5072,ambiguous,SDCCAG8,560.0
Q86SQ7,A560K,0.7556,pathogenic,SDCCAG8,560.0
Q86SQ7,A560L,0.3316,benign,SDCCAG8,560.0
Q86SQ7,A560M,0.4134,ambiguous,SDCCAG8,560.0
Q86SQ7,A560N,0.4541,ambiguous,SDCCAG8,560.0
Q86SQ7,A560P,0.9277,pathogenic,SDCCAG8,560.0
Q86SQ7,A560Q,0.592,pathogenic,SDCCAG8,560.0
Q86SQ7,A560R,0.6273,pathogenic,SDCCAG8,560.0
Q86SQ7,A560S,0.153,benign,SDCCAG8,560.0
Q86SQ7,A560T,0.2034,benign,SDCCAG8,560.0
Q86SQ7,A560V,0.2215,benign,SDCCAG8,560.0
Q86SQ7,A560W,0.8011,pathogenic,SDCCAG8,560.0
Q86SQ7,A560Y,0.5339,ambiguous,SDCCAG8,560.0
Q86SQ7,Q561A,0.2359,benign,SDCCAG8,561.0
Q86SQ7,Q561C,0.5883,pathogenic,SDCCAG8,561.0
Q86SQ7,Q561D,0.5111,ambiguous,SDCCAG8,561.0
Q86SQ7,Q561E,0.0932,benign,SDCCAG8,561.0
Q86SQ7,Q561F,0.6499,pathogenic,SDCCAG8,561.0
Q86SQ7,Q561G,0.2731,benign,SDCCAG8,561.0
Q86SQ7,Q561H,0.258,benign,SDCCAG8,561.0
Q86SQ7,Q561I,0.3276,benign,SDCCAG8,561.0
Q86SQ7,Q561K,0.0874,benign,SDCCAG8,561.0
Q86SQ7,Q561L,0.1088,benign,SDCCAG8,561.0
Q86SQ7,Q561M,0.3303,benign,SDCCAG8,561.0
Q86SQ7,Q561N,0.4014,ambiguous,SDCCAG8,561.0
Q86SQ7,Q561P,0.5649,pathogenic,SDCCAG8,561.0
Q86SQ7,Q561R,0.0854,benign,SDCCAG8,561.0
Q86SQ7,Q561S,0.3568,ambiguous,SDCCAG8,561.0
Q86SQ7,Q561T,0.268,benign,SDCCAG8,561.0
Q86SQ7,Q561V,0.2135,benign,SDCCAG8,561.0
Q86SQ7,Q561W,0.4242,ambiguous,SDCCAG8,561.0
Q86SQ7,Q561Y,0.4699,ambiguous,SDCCAG8,561.0
Q86SQ7,Q562A,0.2844,benign,SDCCAG8,562.0
Q86SQ7,Q562C,0.6836,pathogenic,SDCCAG8,562.0
Q86SQ7,Q562D,0.5171,ambiguous,SDCCAG8,562.0
Q86SQ7,Q562E,0.0969,benign,SDCCAG8,562.0
Q86SQ7,Q562F,0.7576,pathogenic,SDCCAG8,562.0
Q86SQ7,Q562G,0.3244,benign,SDCCAG8,562.0
Q86SQ7,Q562H,0.2712,benign,SDCCAG8,562.0
Q86SQ7,Q562I,0.3757,ambiguous,SDCCAG8,562.0
Q86SQ7,Q562K,0.0903,benign,SDCCAG8,562.0
Q86SQ7,Q562L,0.1436,benign,SDCCAG8,562.0
Q86SQ7,Q562M,0.3742,ambiguous,SDCCAG8,562.0
Q86SQ7,Q562N,0.3955,ambiguous,SDCCAG8,562.0
Q86SQ7,Q562P,0.68,pathogenic,SDCCAG8,562.0
Q86SQ7,Q562R,0.1076,benign,SDCCAG8,562.0
Q86SQ7,Q562S,0.4273,ambiguous,SDCCAG8,562.0
Q86SQ7,Q562T,0.2908,benign,SDCCAG8,562.0
Q86SQ7,Q562V,0.263,benign,SDCCAG8,562.0
Q86SQ7,Q562W,0.5408,ambiguous,SDCCAG8,562.0
Q86SQ7,Q562Y,0.5384,ambiguous,SDCCAG8,562.0
Q86SQ7,R563A,0.5808,pathogenic,SDCCAG8,563.0
Q86SQ7,R563C,0.2777,benign,SDCCAG8,563.0
Q86SQ7,R563D,0.8058,pathogenic,SDCCAG8,563.0
Q86SQ7,R563E,0.4428,ambiguous,SDCCAG8,563.0
Q86SQ7,R563F,0.7329,pathogenic,SDCCAG8,563.0
Q86SQ7,R563G,0.4205,ambiguous,SDCCAG8,563.0
Q86SQ7,R563H,0.1334,benign,SDCCAG8,563.0
Q86SQ7,R563I,0.3806,ambiguous,SDCCAG8,563.0
Q86SQ7,R563K,0.1448,benign,SDCCAG8,563.0
Q86SQ7,R563L,0.3406,ambiguous,SDCCAG8,563.0
Q86SQ7,R563M,0.3459,ambiguous,SDCCAG8,563.0
Q86SQ7,R563N,0.7411,pathogenic,SDCCAG8,563.0
Q86SQ7,R563P,0.9587,pathogenic,SDCCAG8,563.0
Q86SQ7,R563Q,0.1315,benign,SDCCAG8,563.0
Q86SQ7,R563S,0.734,pathogenic,SDCCAG8,563.0
Q86SQ7,R563T,0.3459,ambiguous,SDCCAG8,563.0
Q86SQ7,R563V,0.5114,ambiguous,SDCCAG8,563.0
Q86SQ7,R563W,0.224,benign,SDCCAG8,563.0
Q86SQ7,R563Y,0.51,ambiguous,SDCCAG8,563.0
Q86SQ7,E564A,0.4362,ambiguous,SDCCAG8,564.0
Q86SQ7,E564C,0.9481,pathogenic,SDCCAG8,564.0
Q86SQ7,E564D,0.7021,pathogenic,SDCCAG8,564.0
Q86SQ7,E564F,0.9464,pathogenic,SDCCAG8,564.0
Q86SQ7,E564G,0.3995,ambiguous,SDCCAG8,564.0
Q86SQ7,E564H,0.8127,pathogenic,SDCCAG8,564.0
Q86SQ7,E564I,0.7357,pathogenic,SDCCAG8,564.0
Q86SQ7,E564K,0.3967,ambiguous,SDCCAG8,564.0
Q86SQ7,E564L,0.7504,pathogenic,SDCCAG8,564.0
Q86SQ7,E564M,0.7622,pathogenic,SDCCAG8,564.0
Q86SQ7,E564N,0.7621,pathogenic,SDCCAG8,564.0
Q86SQ7,E564P,0.9832,pathogenic,SDCCAG8,564.0
Q86SQ7,E564Q,0.2882,benign,SDCCAG8,564.0
Q86SQ7,E564R,0.5692,pathogenic,SDCCAG8,564.0
Q86SQ7,E564S,0.6367,pathogenic,SDCCAG8,564.0
Q86SQ7,E564T,0.6327,pathogenic,SDCCAG8,564.0
Q86SQ7,E564V,0.5203,ambiguous,SDCCAG8,564.0
Q86SQ7,E564W,0.9805,pathogenic,SDCCAG8,564.0
Q86SQ7,E564Y,0.8858,pathogenic,SDCCAG8,564.0
Q86SQ7,Q565A,0.2303,benign,SDCCAG8,565.0
Q86SQ7,Q565C,0.6591,pathogenic,SDCCAG8,565.0
Q86SQ7,Q565D,0.3948,ambiguous,SDCCAG8,565.0
Q86SQ7,Q565E,0.0852,benign,SDCCAG8,565.0
Q86SQ7,Q565F,0.724,pathogenic,SDCCAG8,565.0
Q86SQ7,Q565G,0.2354,benign,SDCCAG8,565.0
Q86SQ7,Q565H,0.2544,benign,SDCCAG8,565.0
Q86SQ7,Q565I,0.3967,ambiguous,SDCCAG8,565.0
Q86SQ7,Q565K,0.0856,benign,SDCCAG8,565.0
Q86SQ7,Q565L,0.1389,benign,SDCCAG8,565.0
Q86SQ7,Q565M,0.3375,benign,SDCCAG8,565.0
Q86SQ7,Q565N,0.3289,benign,SDCCAG8,565.0
Q86SQ7,Q565P,0.7319,pathogenic,SDCCAG8,565.0
Q86SQ7,Q565R,0.0916,benign,SDCCAG8,565.0
Q86SQ7,Q565S,0.3705,ambiguous,SDCCAG8,565.0
Q86SQ7,Q565T,0.2434,benign,SDCCAG8,565.0
Q86SQ7,Q565V,0.2664,benign,SDCCAG8,565.0
Q86SQ7,Q565W,0.4299,ambiguous,SDCCAG8,565.0
Q86SQ7,Q565Y,0.5019,ambiguous,SDCCAG8,565.0
Q86SQ7,E566A,0.183,benign,SDCCAG8,566.0
Q86SQ7,E566C,0.8988,pathogenic,SDCCAG8,566.0
Q86SQ7,E566D,0.2153,benign,SDCCAG8,566.0
Q86SQ7,E566F,0.8075,pathogenic,SDCCAG8,566.0
Q86SQ7,E566G,0.2815,benign,SDCCAG8,566.0
Q86SQ7,E566H,0.5747,pathogenic,SDCCAG8,566.0
Q86SQ7,E566I,0.423,ambiguous,SDCCAG8,566.0
Q86SQ7,E566K,0.248,benign,SDCCAG8,566.0
Q86SQ7,E566L,0.4545,ambiguous,SDCCAG8,566.0
Q86SQ7,E566M,0.4855,ambiguous,SDCCAG8,566.0
Q86SQ7,E566N,0.4273,ambiguous,SDCCAG8,566.0
Q86SQ7,E566P,0.9699,pathogenic,SDCCAG8,566.0
Q86SQ7,E566Q,0.1907,benign,SDCCAG8,566.0
Q86SQ7,E566R,0.4111,ambiguous,SDCCAG8,566.0
Q86SQ7,E566S,0.395,ambiguous,SDCCAG8,566.0
Q86SQ7,E566T,0.3512,ambiguous,SDCCAG8,566.0
Q86SQ7,E566V,0.2377,benign,SDCCAG8,566.0
Q86SQ7,E566W,0.9292,pathogenic,SDCCAG8,566.0
Q86SQ7,E566Y,0.6484,pathogenic,SDCCAG8,566.0
Q86SQ7,L567A,0.7855,pathogenic,SDCCAG8,567.0
Q86SQ7,L567C,0.8517,pathogenic,SDCCAG8,567.0
Q86SQ7,L567D,0.9569,pathogenic,SDCCAG8,567.0
Q86SQ7,L567E,0.8387,pathogenic,SDCCAG8,567.0
Q86SQ7,L567F,0.4694,ambiguous,SDCCAG8,567.0
Q86SQ7,L567G,0.899,pathogenic,SDCCAG8,567.0
Q86SQ7,L567H,0.7409,pathogenic,SDCCAG8,567.0
Q86SQ7,L567I,0.2971,benign,SDCCAG8,567.0
Q86SQ7,L567K,0.755,pathogenic,SDCCAG8,567.0
Q86SQ7,L567M,0.2356,benign,SDCCAG8,567.0
Q86SQ7,L567N,0.8309,pathogenic,SDCCAG8,567.0
Q86SQ7,L567P,0.9802,pathogenic,SDCCAG8,567.0
Q86SQ7,L567Q,0.6819,pathogenic,SDCCAG8,567.0
Q86SQ7,L567R,0.6502,pathogenic,SDCCAG8,567.0
Q86SQ7,L567S,0.9127,pathogenic,SDCCAG8,567.0
Q86SQ7,L567T,0.8047,pathogenic,SDCCAG8,567.0
Q86SQ7,L567V,0.2956,benign,SDCCAG8,567.0
Q86SQ7,L567W,0.5886,pathogenic,SDCCAG8,567.0
Q86SQ7,L567Y,0.6587,pathogenic,SDCCAG8,567.0
Q86SQ7,T568A,0.1589,benign,SDCCAG8,568.0
Q86SQ7,T568C,0.5875,pathogenic,SDCCAG8,568.0
Q86SQ7,T568D,0.6192,pathogenic,SDCCAG8,568.0
Q86SQ7,T568E,0.4033,ambiguous,SDCCAG8,568.0
Q86SQ7,T568F,0.3582,ambiguous,SDCCAG8,568.0
Q86SQ7,T568G,0.4064,ambiguous,SDCCAG8,568.0
Q86SQ7,T568H,0.2927,benign,SDCCAG8,568.0
Q86SQ7,T568I,0.2475,benign,SDCCAG8,568.0
Q86SQ7,T568K,0.2289,benign,SDCCAG8,568.0
Q86SQ7,T568L,0.1451,benign,SDCCAG8,568.0
Q86SQ7,T568M,0.122,benign,SDCCAG8,568.0
Q86SQ7,T568N,0.2011,benign,SDCCAG8,568.0
Q86SQ7,T568P,0.624,pathogenic,SDCCAG8,568.0
Q86SQ7,T568Q,0.2428,benign,SDCCAG8,568.0
Q86SQ7,T568R,0.1824,benign,SDCCAG8,568.0
Q86SQ7,T568S,0.1943,benign,SDCCAG8,568.0
Q86SQ7,T568V,0.2706,benign,SDCCAG8,568.0
Q86SQ7,T568W,0.6685,pathogenic,SDCCAG8,568.0
Q86SQ7,T568Y,0.4256,ambiguous,SDCCAG8,568.0
Q86SQ7,Q569A,0.2581,benign,SDCCAG8,569.0
Q86SQ7,Q569C,0.6998,pathogenic,SDCCAG8,569.0
Q86SQ7,Q569D,0.4256,ambiguous,SDCCAG8,569.0
Q86SQ7,Q569E,0.0831,benign,SDCCAG8,569.0
Q86SQ7,Q569F,0.7811,pathogenic,SDCCAG8,569.0
Q86SQ7,Q569G,0.2381,benign,SDCCAG8,569.0
Q86SQ7,Q569H,0.2885,benign,SDCCAG8,569.0
Q86SQ7,Q569I,0.4743,ambiguous,SDCCAG8,569.0
Q86SQ7,Q569K,0.107,benign,SDCCAG8,569.0
Q86SQ7,Q569L,0.1541,benign,SDCCAG8,569.0
Q86SQ7,Q569M,0.4194,ambiguous,SDCCAG8,569.0
Q86SQ7,Q569N,0.3858,ambiguous,SDCCAG8,569.0
Q86SQ7,Q569P,0.6784,pathogenic,SDCCAG8,569.0
Q86SQ7,Q569R,0.1057,benign,SDCCAG8,569.0
Q86SQ7,Q569S,0.3759,ambiguous,SDCCAG8,569.0
Q86SQ7,Q569T,0.2909,benign,SDCCAG8,569.0
Q86SQ7,Q569V,0.2931,benign,SDCCAG8,569.0
Q86SQ7,Q569W,0.5279,ambiguous,SDCCAG8,569.0
Q86SQ7,Q569Y,0.587,pathogenic,SDCCAG8,569.0
Q86SQ7,K570A,0.6163,pathogenic,SDCCAG8,570.0
Q86SQ7,K570C,0.8445,pathogenic,SDCCAG8,570.0
Q86SQ7,K570D,0.8367,pathogenic,SDCCAG8,570.0
Q86SQ7,K570E,0.3241,benign,SDCCAG8,570.0
Q86SQ7,K570F,0.9006,pathogenic,SDCCAG8,570.0
Q86SQ7,K570G,0.8084,pathogenic,SDCCAG8,570.0
Q86SQ7,K570H,0.4561,ambiguous,SDCCAG8,570.0
Q86SQ7,K570I,0.4697,ambiguous,SDCCAG8,570.0
Q86SQ7,K570L,0.4473,ambiguous,SDCCAG8,570.0
Q86SQ7,K570M,0.2182,benign,SDCCAG8,570.0
Q86SQ7,K570N,0.624,pathogenic,SDCCAG8,570.0
Q86SQ7,K570P,0.9894,pathogenic,SDCCAG8,570.0
Q86SQ7,K570Q,0.2272,benign,SDCCAG8,570.0
Q86SQ7,K570R,0.1262,benign,SDCCAG8,570.0
Q86SQ7,K570S,0.7474,pathogenic,SDCCAG8,570.0
Q86SQ7,K570T,0.2719,benign,SDCCAG8,570.0
Q86SQ7,K570V,0.4774,ambiguous,SDCCAG8,570.0
Q86SQ7,K570W,0.8915,pathogenic,SDCCAG8,570.0
Q86SQ7,K570Y,0.7282,pathogenic,SDCCAG8,570.0
Q86SQ7,I571A,0.8635,pathogenic,SDCCAG8,571.0
Q86SQ7,I571C,0.9059,pathogenic,SDCCAG8,571.0
Q86SQ7,I571D,0.9547,pathogenic,SDCCAG8,571.0
Q86SQ7,I571E,0.878,pathogenic,SDCCAG8,571.0
Q86SQ7,I571F,0.2412,benign,SDCCAG8,571.0
Q86SQ7,I571G,0.9334,pathogenic,SDCCAG8,571.0
Q86SQ7,I571H,0.7437,pathogenic,SDCCAG8,571.0
Q86SQ7,I571K,0.7414,pathogenic,SDCCAG8,571.0
Q86SQ7,I571L,0.1602,benign,SDCCAG8,571.0
Q86SQ7,I571M,0.0835,benign,SDCCAG8,571.0
Q86SQ7,I571N,0.5564,ambiguous,SDCCAG8,571.0
Q86SQ7,I571P,0.9809,pathogenic,SDCCAG8,571.0
Q86SQ7,I571Q,0.7057,pathogenic,SDCCAG8,571.0
Q86SQ7,I571R,0.6456,pathogenic,SDCCAG8,571.0
Q86SQ7,I571S,0.7381,pathogenic,SDCCAG8,571.0
Q86SQ7,I571T,0.851,pathogenic,SDCCAG8,571.0
Q86SQ7,I571V,0.3878,ambiguous,SDCCAG8,571.0
Q86SQ7,I571W,0.7744,pathogenic,SDCCAG8,571.0
Q86SQ7,I571Y,0.5581,ambiguous,SDCCAG8,571.0
Q86SQ7,Q572A,0.2536,benign,SDCCAG8,572.0
Q86SQ7,Q572C,0.5808,pathogenic,SDCCAG8,572.0
Q86SQ7,Q572D,0.4977,ambiguous,SDCCAG8,572.0
Q86SQ7,Q572E,0.0824,benign,SDCCAG8,572.0
Q86SQ7,Q572F,0.7047,pathogenic,SDCCAG8,572.0
Q86SQ7,Q572G,0.2572,benign,SDCCAG8,572.0
Q86SQ7,Q572H,0.259,benign,SDCCAG8,572.0
Q86SQ7,Q572I,0.4089,ambiguous,SDCCAG8,572.0
Q86SQ7,Q572K,0.1047,benign,SDCCAG8,572.0
Q86SQ7,Q572L,0.1454,benign,SDCCAG8,572.0
Q86SQ7,Q572M,0.3879,ambiguous,SDCCAG8,572.0
Q86SQ7,Q572N,0.4023,ambiguous,SDCCAG8,572.0
Q86SQ7,Q572P,0.6321,pathogenic,SDCCAG8,572.0
Q86SQ7,Q572R,0.0926,benign,SDCCAG8,572.0
Q86SQ7,Q572S,0.3432,ambiguous,SDCCAG8,572.0
Q86SQ7,Q572T,0.2697,benign,SDCCAG8,572.0
Q86SQ7,Q572V,0.2828,benign,SDCCAG8,572.0
Q86SQ7,Q572W,0.4604,ambiguous,SDCCAG8,572.0
Q86SQ7,Q572Y,0.5003,ambiguous,SDCCAG8,572.0
Q86SQ7,Q573A,0.2805,benign,SDCCAG8,573.0
Q86SQ7,Q573C,0.7241,pathogenic,SDCCAG8,573.0
Q86SQ7,Q573D,0.4108,ambiguous,SDCCAG8,573.0
Q86SQ7,Q573E,0.0859,benign,SDCCAG8,573.0
Q86SQ7,Q573F,0.7704,pathogenic,SDCCAG8,573.0
Q86SQ7,Q573G,0.3442,ambiguous,SDCCAG8,573.0
Q86SQ7,Q573H,0.2805,benign,SDCCAG8,573.0
Q86SQ7,Q573I,0.4602,ambiguous,SDCCAG8,573.0
Q86SQ7,Q573K,0.1138,benign,SDCCAG8,573.0
Q86SQ7,Q573L,0.1516,benign,SDCCAG8,573.0
Q86SQ7,Q573M,0.389,ambiguous,SDCCAG8,573.0
Q86SQ7,Q573N,0.3759,ambiguous,SDCCAG8,573.0
Q86SQ7,Q573P,0.7942,pathogenic,SDCCAG8,573.0
Q86SQ7,Q573R,0.1334,benign,SDCCAG8,573.0
Q86SQ7,Q573S,0.4495,ambiguous,SDCCAG8,573.0
Q86SQ7,Q573T,0.3025,benign,SDCCAG8,573.0
Q86SQ7,Q573V,0.3134,benign,SDCCAG8,573.0
Q86SQ7,Q573W,0.5795,pathogenic,SDCCAG8,573.0
Q86SQ7,Q573Y,0.5517,ambiguous,SDCCAG8,573.0
Q86SQ7,M574A,0.7283,pathogenic,SDCCAG8,574.0
Q86SQ7,M574C,0.944,pathogenic,SDCCAG8,574.0
Q86SQ7,M574D,0.9621,pathogenic,SDCCAG8,574.0
Q86SQ7,M574E,0.8076,pathogenic,SDCCAG8,574.0
Q86SQ7,M574F,0.7349,pathogenic,SDCCAG8,574.0
Q86SQ7,M574G,0.8883,pathogenic,SDCCAG8,574.0
Q86SQ7,M574H,0.8801,pathogenic,SDCCAG8,574.0
Q86SQ7,M574I,0.7642,pathogenic,SDCCAG8,574.0
Q86SQ7,M574K,0.5022,ambiguous,SDCCAG8,574.0
Q86SQ7,M574L,0.2235,benign,SDCCAG8,574.0
Q86SQ7,M574N,0.8533,pathogenic,SDCCAG8,574.0
Q86SQ7,M574P,0.9914,pathogenic,SDCCAG8,574.0
Q86SQ7,M574Q,0.5828,pathogenic,SDCCAG8,574.0
Q86SQ7,M574R,0.516,ambiguous,SDCCAG8,574.0
Q86SQ7,M574S,0.8272,pathogenic,SDCCAG8,574.0
Q86SQ7,M574T,0.5762,pathogenic,SDCCAG8,574.0
Q86SQ7,M574V,0.2984,benign,SDCCAG8,574.0
Q86SQ7,M574W,0.8643,pathogenic,SDCCAG8,574.0
Q86SQ7,M574Y,0.8747,pathogenic,SDCCAG8,574.0
Q86SQ7,E575A,0.3268,benign,SDCCAG8,575.0
Q86SQ7,E575C,0.9725,pathogenic,SDCCAG8,575.0
Q86SQ7,E575D,0.5129,ambiguous,SDCCAG8,575.0
Q86SQ7,E575F,0.9551,pathogenic,SDCCAG8,575.0
Q86SQ7,E575G,0.3717,ambiguous,SDCCAG8,575.0
Q86SQ7,E575H,0.8177,pathogenic,SDCCAG8,575.0
Q86SQ7,E575I,0.7597,pathogenic,SDCCAG8,575.0
Q86SQ7,E575K,0.3691,ambiguous,SDCCAG8,575.0
Q86SQ7,E575L,0.7707,pathogenic,SDCCAG8,575.0
Q86SQ7,E575M,0.7523,pathogenic,SDCCAG8,575.0
Q86SQ7,E575N,0.7192,pathogenic,SDCCAG8,575.0
Q86SQ7,E575P,0.9816,pathogenic,SDCCAG8,575.0
Q86SQ7,E575Q,0.3037,benign,SDCCAG8,575.0
Q86SQ7,E575R,0.5453,ambiguous,SDCCAG8,575.0
Q86SQ7,E575S,0.5832,pathogenic,SDCCAG8,575.0
Q86SQ7,E575T,0.5142,ambiguous,SDCCAG8,575.0
Q86SQ7,E575V,0.4813,ambiguous,SDCCAG8,575.0
Q86SQ7,E575W,0.9781,pathogenic,SDCCAG8,575.0
Q86SQ7,E575Y,0.9061,pathogenic,SDCCAG8,575.0
Q86SQ7,A576C,0.5025,ambiguous,SDCCAG8,576.0
Q86SQ7,A576D,0.1604,benign,SDCCAG8,576.0
Q86SQ7,A576E,0.166,benign,SDCCAG8,576.0
Q86SQ7,A576F,0.2714,benign,SDCCAG8,576.0
Q86SQ7,A576G,0.1324,benign,SDCCAG8,576.0
Q86SQ7,A576H,0.3791,ambiguous,SDCCAG8,576.0
Q86SQ7,A576I,0.2535,benign,SDCCAG8,576.0
Q86SQ7,A576K,0.3094,benign,SDCCAG8,576.0
Q86SQ7,A576L,0.1748,benign,SDCCAG8,576.0
Q86SQ7,A576M,0.198,benign,SDCCAG8,576.0
Q86SQ7,A576N,0.1771,benign,SDCCAG8,576.0
Q86SQ7,A576P,0.8027,pathogenic,SDCCAG8,576.0
Q86SQ7,A576Q,0.2579,benign,SDCCAG8,576.0
Q86SQ7,A576R,0.2623,benign,SDCCAG8,576.0
Q86SQ7,A576S,0.0928,benign,SDCCAG8,576.0
Q86SQ7,A576T,0.0751,benign,SDCCAG8,576.0
Q86SQ7,A576V,0.1235,benign,SDCCAG8,576.0
Q86SQ7,A576W,0.6152,pathogenic,SDCCAG8,576.0
Q86SQ7,A576Y,0.3719,ambiguous,SDCCAG8,576.0
Q86SQ7,Q577A,0.2762,benign,SDCCAG8,577.0
Q86SQ7,Q577C,0.7395,pathogenic,SDCCAG8,577.0
Q86SQ7,Q577D,0.483,ambiguous,SDCCAG8,577.0
Q86SQ7,Q577E,0.0977,benign,SDCCAG8,577.0
Q86SQ7,Q577F,0.8038,pathogenic,SDCCAG8,577.0
Q86SQ7,Q577G,0.3657,ambiguous,SDCCAG8,577.0
Q86SQ7,Q577H,0.3483,ambiguous,SDCCAG8,577.0
Q86SQ7,Q577I,0.4198,ambiguous,SDCCAG8,577.0
Q86SQ7,Q577K,0.1183,benign,SDCCAG8,577.0
Q86SQ7,Q577L,0.169,benign,SDCCAG8,577.0
Q86SQ7,Q577M,0.4214,ambiguous,SDCCAG8,577.0
Q86SQ7,Q577N,0.4254,ambiguous,SDCCAG8,577.0
Q86SQ7,Q577P,0.6984,pathogenic,SDCCAG8,577.0
Q86SQ7,Q577R,0.1219,benign,SDCCAG8,577.0
Q86SQ7,Q577S,0.4084,ambiguous,SDCCAG8,577.0
Q86SQ7,Q577T,0.2902,benign,SDCCAG8,577.0
Q86SQ7,Q577V,0.2881,benign,SDCCAG8,577.0
Q86SQ7,Q577W,0.6173,pathogenic,SDCCAG8,577.0
Q86SQ7,Q577Y,0.6372,pathogenic,SDCCAG8,577.0
Q86SQ7,H578A,0.6698,pathogenic,SDCCAG8,578.0
Q86SQ7,H578C,0.4548,ambiguous,SDCCAG8,578.0
Q86SQ7,H578D,0.6161,pathogenic,SDCCAG8,578.0
Q86SQ7,H578E,0.6785,pathogenic,SDCCAG8,578.0
Q86SQ7,H578F,0.6489,pathogenic,SDCCAG8,578.0
Q86SQ7,H578G,0.6594,pathogenic,SDCCAG8,578.0
Q86SQ7,H578I,0.7079,pathogenic,SDCCAG8,578.0
Q86SQ7,H578K,0.508,ambiguous,SDCCAG8,578.0
Q86SQ7,H578L,0.3147,benign,SDCCAG8,578.0
Q86SQ7,H578M,0.7697,pathogenic,SDCCAG8,578.0
Q86SQ7,H578N,0.2916,benign,SDCCAG8,578.0
Q86SQ7,H578P,0.8147,pathogenic,SDCCAG8,578.0
Q86SQ7,H578Q,0.4456,ambiguous,SDCCAG8,578.0
Q86SQ7,H578R,0.2076,benign,SDCCAG8,578.0
Q86SQ7,H578S,0.6624,pathogenic,SDCCAG8,578.0
Q86SQ7,H578T,0.6806,pathogenic,SDCCAG8,578.0
Q86SQ7,H578V,0.6401,pathogenic,SDCCAG8,578.0
Q86SQ7,H578W,0.59,pathogenic,SDCCAG8,578.0
Q86SQ7,H578Y,0.2185,benign,SDCCAG8,578.0
Q86SQ7,D579A,0.2328,benign,SDCCAG8,579.0
Q86SQ7,D579C,0.5433,ambiguous,SDCCAG8,579.0
Q86SQ7,D579E,0.1958,benign,SDCCAG8,579.0
Q86SQ7,D579F,0.5791,pathogenic,SDCCAG8,579.0
Q86SQ7,D579G,0.1684,benign,SDCCAG8,579.0
Q86SQ7,D579H,0.2473,benign,SDCCAG8,579.0
Q86SQ7,D579I,0.3776,ambiguous,SDCCAG8,579.0
Q86SQ7,D579K,0.3334,benign,SDCCAG8,579.0
Q86SQ7,D579L,0.3874,ambiguous,SDCCAG8,579.0
Q86SQ7,D579M,0.662,pathogenic,SDCCAG8,579.0
Q86SQ7,D579N,0.1078,benign,SDCCAG8,579.0
Q86SQ7,D579P,0.9262,pathogenic,SDCCAG8,579.0
Q86SQ7,D579Q,0.3173,benign,SDCCAG8,579.0
Q86SQ7,D579R,0.3131,benign,SDCCAG8,579.0
Q86SQ7,D579S,0.1601,benign,SDCCAG8,579.0
Q86SQ7,D579T,0.2982,benign,SDCCAG8,579.0
Q86SQ7,D579V,0.2322,benign,SDCCAG8,579.0
Q86SQ7,D579W,0.8422,pathogenic,SDCCAG8,579.0
Q86SQ7,D579Y,0.2109,benign,SDCCAG8,579.0
Q86SQ7,K580A,0.2287,benign,SDCCAG8,580.0
Q86SQ7,K580C,0.6149,pathogenic,SDCCAG8,580.0
Q86SQ7,K580D,0.4134,ambiguous,SDCCAG8,580.0
Q86SQ7,K580E,0.1006,benign,SDCCAG8,580.0
Q86SQ7,K580F,0.6742,pathogenic,SDCCAG8,580.0
Q86SQ7,K580G,0.3435,ambiguous,SDCCAG8,580.0
Q86SQ7,K580H,0.2562,benign,SDCCAG8,580.0
Q86SQ7,K580I,0.2232,benign,SDCCAG8,580.0
Q86SQ7,K580L,0.265,benign,SDCCAG8,580.0
Q86SQ7,K580M,0.1538,benign,SDCCAG8,580.0
Q86SQ7,K580N,0.2745,benign,SDCCAG8,580.0
Q86SQ7,K580P,0.8287,pathogenic,SDCCAG8,580.0
Q86SQ7,K580Q,0.1004,benign,SDCCAG8,580.0
Q86SQ7,K580R,0.0783,benign,SDCCAG8,580.0
Q86SQ7,K580S,0.3141,benign,SDCCAG8,580.0
Q86SQ7,K580T,0.1155,benign,SDCCAG8,580.0
Q86SQ7,K580V,0.2278,benign,SDCCAG8,580.0
Q86SQ7,K580W,0.7027,pathogenic,SDCCAG8,580.0
Q86SQ7,K580Y,0.5134,ambiguous,SDCCAG8,580.0
Q86SQ7,T581A,0.1282,benign,SDCCAG8,581.0
Q86SQ7,T581C,0.6911,pathogenic,SDCCAG8,581.0
Q86SQ7,T581D,0.5328,ambiguous,SDCCAG8,581.0
Q86SQ7,T581E,0.3805,ambiguous,SDCCAG8,581.0
Q86SQ7,T581F,0.5533,ambiguous,SDCCAG8,581.0
Q86SQ7,T581G,0.3981,ambiguous,SDCCAG8,581.0
Q86SQ7,T581H,0.4279,ambiguous,SDCCAG8,581.0
Q86SQ7,T581I,0.3972,ambiguous,SDCCAG8,581.0
Q86SQ7,T581K,0.2745,benign,SDCCAG8,581.0
Q86SQ7,T581L,0.215,benign,SDCCAG8,581.0
Q86SQ7,T581M,0.1161,benign,SDCCAG8,581.0
Q86SQ7,T581N,0.205,benign,SDCCAG8,581.0
Q86SQ7,T581P,0.4969,ambiguous,SDCCAG8,581.0
Q86SQ7,T581Q,0.3206,benign,SDCCAG8,581.0
Q86SQ7,T581R,0.2088,benign,SDCCAG8,581.0
Q86SQ7,T581S,0.2152,benign,SDCCAG8,581.0
Q86SQ7,T581V,0.3118,benign,SDCCAG8,581.0
Q86SQ7,T581W,0.7423,pathogenic,SDCCAG8,581.0
Q86SQ7,T581Y,0.5252,ambiguous,SDCCAG8,581.0
Q86SQ7,E582A,0.2227,benign,SDCCAG8,582.0
Q86SQ7,E582C,0.8973,pathogenic,SDCCAG8,582.0
Q86SQ7,E582D,0.2987,benign,SDCCAG8,582.0
Q86SQ7,E582F,0.8815,pathogenic,SDCCAG8,582.0
Q86SQ7,E582G,0.1753,benign,SDCCAG8,582.0
Q86SQ7,E582H,0.6909,pathogenic,SDCCAG8,582.0
Q86SQ7,E582I,0.5272,ambiguous,SDCCAG8,582.0
Q86SQ7,E582K,0.1816,benign,SDCCAG8,582.0
Q86SQ7,E582L,0.587,pathogenic,SDCCAG8,582.0
Q86SQ7,E582M,0.5834,pathogenic,SDCCAG8,582.0
Q86SQ7,E582N,0.5083,ambiguous,SDCCAG8,582.0
Q86SQ7,E582P,0.9077,pathogenic,SDCCAG8,582.0
Q86SQ7,E582Q,0.1963,benign,SDCCAG8,582.0
Q86SQ7,E582R,0.2884,benign,SDCCAG8,582.0
Q86SQ7,E582S,0.369,ambiguous,SDCCAG8,582.0
Q86SQ7,E582T,0.3766,ambiguous,SDCCAG8,582.0
Q86SQ7,E582V,0.2485,benign,SDCCAG8,582.0
Q86SQ7,E582W,0.9385,pathogenic,SDCCAG8,582.0
Q86SQ7,E582Y,0.8006,pathogenic,SDCCAG8,582.0
Q86SQ7,N583A,0.2071,benign,SDCCAG8,583.0
Q86SQ7,N583C,0.3275,benign,SDCCAG8,583.0
Q86SQ7,N583D,0.121,benign,SDCCAG8,583.0
Q86SQ7,N583E,0.2294,benign,SDCCAG8,583.0
Q86SQ7,N583F,0.5519,ambiguous,SDCCAG8,583.0
Q86SQ7,N583G,0.2516,benign,SDCCAG8,583.0
Q86SQ7,N583H,0.1134,benign,SDCCAG8,583.0
Q86SQ7,N583I,0.2127,benign,SDCCAG8,583.0
Q86SQ7,N583K,0.1646,benign,SDCCAG8,583.0
Q86SQ7,N583L,0.2651,benign,SDCCAG8,583.0
Q86SQ7,N583M,0.2408,benign,SDCCAG8,583.0
Q86SQ7,N583P,0.8243,pathogenic,SDCCAG8,583.0
Q86SQ7,N583Q,0.234,benign,SDCCAG8,583.0
Q86SQ7,N583R,0.214,benign,SDCCAG8,583.0
Q86SQ7,N583S,0.0915,benign,SDCCAG8,583.0
Q86SQ7,N583T,0.1111,benign,SDCCAG8,583.0
Q86SQ7,N583V,0.2385,benign,SDCCAG8,583.0
Q86SQ7,N583W,0.6709,pathogenic,SDCCAG8,583.0
Q86SQ7,N583Y,0.1677,benign,SDCCAG8,583.0
Q86SQ7,E584A,0.2989,benign,SDCCAG8,584.0
Q86SQ7,E584C,0.9401,pathogenic,SDCCAG8,584.0
Q86SQ7,E584D,0.2421,benign,SDCCAG8,584.0
Q86SQ7,E584F,0.9182,pathogenic,SDCCAG8,584.0
Q86SQ7,E584G,0.2695,benign,SDCCAG8,584.0
Q86SQ7,E584H,0.6489,pathogenic,SDCCAG8,584.0
Q86SQ7,E584I,0.6521,pathogenic,SDCCAG8,584.0
Q86SQ7,E584K,0.1754,benign,SDCCAG8,584.0
Q86SQ7,E584L,0.6597,pathogenic,SDCCAG8,584.0
Q86SQ7,E584M,0.6839,pathogenic,SDCCAG8,584.0
Q86SQ7,E584N,0.4908,ambiguous,SDCCAG8,584.0
Q86SQ7,E584P,0.9614,pathogenic,SDCCAG8,584.0
Q86SQ7,E584Q,0.182,benign,SDCCAG8,584.0
Q86SQ7,E584R,0.3201,benign,SDCCAG8,584.0
Q86SQ7,E584S,0.402,ambiguous,SDCCAG8,584.0
Q86SQ7,E584T,0.4159,ambiguous,SDCCAG8,584.0
Q86SQ7,E584V,0.446,ambiguous,SDCCAG8,584.0
Q86SQ7,E584W,0.9614,pathogenic,SDCCAG8,584.0
Q86SQ7,E584Y,0.822,pathogenic,SDCCAG8,584.0
Q86SQ7,Q585A,0.3004,benign,SDCCAG8,585.0
Q86SQ7,Q585C,0.7467,pathogenic,SDCCAG8,585.0
Q86SQ7,Q585D,0.5775,pathogenic,SDCCAG8,585.0
Q86SQ7,Q585E,0.1066,benign,SDCCAG8,585.0
Q86SQ7,Q585F,0.8422,pathogenic,SDCCAG8,585.0
Q86SQ7,Q585G,0.3422,ambiguous,SDCCAG8,585.0
Q86SQ7,Q585H,0.3727,ambiguous,SDCCAG8,585.0
Q86SQ7,Q585I,0.5054,ambiguous,SDCCAG8,585.0
Q86SQ7,Q585K,0.1367,benign,SDCCAG8,585.0
Q86SQ7,Q585L,0.1589,benign,SDCCAG8,585.0
Q86SQ7,Q585M,0.3861,ambiguous,SDCCAG8,585.0
Q86SQ7,Q585N,0.3525,ambiguous,SDCCAG8,585.0
Q86SQ7,Q585P,0.5619,ambiguous,SDCCAG8,585.0
Q86SQ7,Q585R,0.1537,benign,SDCCAG8,585.0
Q86SQ7,Q585S,0.413,ambiguous,SDCCAG8,585.0
Q86SQ7,Q585T,0.2206,benign,SDCCAG8,585.0
Q86SQ7,Q585V,0.3551,ambiguous,SDCCAG8,585.0
Q86SQ7,Q585W,0.7184,pathogenic,SDCCAG8,585.0
Q86SQ7,Q585Y,0.5952,pathogenic,SDCCAG8,585.0
Q86SQ7,Y586A,0.4992,ambiguous,SDCCAG8,586.0
Q86SQ7,Y586C,0.1975,benign,SDCCAG8,586.0
Q86SQ7,Y586D,0.2462,benign,SDCCAG8,586.0
Q86SQ7,Y586E,0.5621,ambiguous,SDCCAG8,586.0
Q86SQ7,Y586F,0.1167,benign,SDCCAG8,586.0
Q86SQ7,Y586G,0.4194,ambiguous,SDCCAG8,586.0
Q86SQ7,Y586H,0.2056,benign,SDCCAG8,586.0
Q86SQ7,Y586I,0.4021,ambiguous,SDCCAG8,586.0
Q86SQ7,Y586K,0.5751,pathogenic,SDCCAG8,586.0
Q86SQ7,Y586L,0.442,ambiguous,SDCCAG8,586.0
Q86SQ7,Y586M,0.5352,ambiguous,SDCCAG8,586.0
Q86SQ7,Y586N,0.1533,benign,SDCCAG8,586.0
Q86SQ7,Y586P,0.9203,pathogenic,SDCCAG8,586.0
Q86SQ7,Y586Q,0.4955,ambiguous,SDCCAG8,586.0
Q86SQ7,Y586R,0.4736,ambiguous,SDCCAG8,586.0
Q86SQ7,Y586S,0.2593,benign,SDCCAG8,586.0
Q86SQ7,Y586T,0.4258,ambiguous,SDCCAG8,586.0
Q86SQ7,Y586V,0.3451,ambiguous,SDCCAG8,586.0
Q86SQ7,Y586W,0.5253,ambiguous,SDCCAG8,586.0
Q86SQ7,L587A,0.0958,benign,SDCCAG8,587.0
Q86SQ7,L587C,0.2408,benign,SDCCAG8,587.0
Q86SQ7,L587D,0.2732,benign,SDCCAG8,587.0
Q86SQ7,L587E,0.1617,benign,SDCCAG8,587.0
Q86SQ7,L587F,0.0943,benign,SDCCAG8,587.0
Q86SQ7,L587G,0.1995,benign,SDCCAG8,587.0
Q86SQ7,L587H,0.0999,benign,SDCCAG8,587.0
Q86SQ7,L587I,0.085,benign,SDCCAG8,587.0
Q86SQ7,L587K,0.148,benign,SDCCAG8,587.0
Q86SQ7,L587M,0.086,benign,SDCCAG8,587.0
Q86SQ7,L587N,0.1603,benign,SDCCAG8,587.0
Q86SQ7,L587P,0.5105,ambiguous,SDCCAG8,587.0
Q86SQ7,L587Q,0.0773,benign,SDCCAG8,587.0
Q86SQ7,L587R,0.1054,benign,SDCCAG8,587.0
Q86SQ7,L587S,0.0737,benign,SDCCAG8,587.0
Q86SQ7,L587T,0.0908,benign,SDCCAG8,587.0
Q86SQ7,L587V,0.0716,benign,SDCCAG8,587.0
Q86SQ7,L587W,0.1238,benign,SDCCAG8,587.0
Q86SQ7,L587Y,0.1736,benign,SDCCAG8,587.0
Q86SQ7,L588A,0.6605,pathogenic,SDCCAG8,588.0
Q86SQ7,L588C,0.7762,pathogenic,SDCCAG8,588.0
Q86SQ7,L588D,0.936,pathogenic,SDCCAG8,588.0
Q86SQ7,L588E,0.7951,pathogenic,SDCCAG8,588.0
Q86SQ7,L588F,0.3452,ambiguous,SDCCAG8,588.0
Q86SQ7,L588G,0.8865,pathogenic,SDCCAG8,588.0
Q86SQ7,L588H,0.525,ambiguous,SDCCAG8,588.0
Q86SQ7,L588I,0.1986,benign,SDCCAG8,588.0
Q86SQ7,L588K,0.708,pathogenic,SDCCAG8,588.0
Q86SQ7,L588M,0.2096,benign,SDCCAG8,588.0
Q86SQ7,L588N,0.8315,pathogenic,SDCCAG8,588.0
Q86SQ7,L588P,0.9103,pathogenic,SDCCAG8,588.0
Q86SQ7,L588Q,0.4621,ambiguous,SDCCAG8,588.0
Q86SQ7,L588R,0.5217,ambiguous,SDCCAG8,588.0
Q86SQ7,L588S,0.7445,pathogenic,SDCCAG8,588.0
Q86SQ7,L588T,0.6389,pathogenic,SDCCAG8,588.0
Q86SQ7,L588V,0.1941,benign,SDCCAG8,588.0
Q86SQ7,L588W,0.5624,ambiguous,SDCCAG8,588.0
Q86SQ7,L588Y,0.6539,pathogenic,SDCCAG8,588.0
Q86SQ7,L589A,0.5925,pathogenic,SDCCAG8,589.0
Q86SQ7,L589C,0.7085,pathogenic,SDCCAG8,589.0
Q86SQ7,L589D,0.9445,pathogenic,SDCCAG8,589.0
Q86SQ7,L589E,0.7005,pathogenic,SDCCAG8,589.0
Q86SQ7,L589F,0.3225,benign,SDCCAG8,589.0
Q86SQ7,L589G,0.7995,pathogenic,SDCCAG8,589.0
Q86SQ7,L589H,0.5145,ambiguous,SDCCAG8,589.0
Q86SQ7,L589I,0.2117,benign,SDCCAG8,589.0
Q86SQ7,L589K,0.5352,ambiguous,SDCCAG8,589.0
Q86SQ7,L589M,0.1003,benign,SDCCAG8,589.0
Q86SQ7,L589N,0.7998,pathogenic,SDCCAG8,589.0
Q86SQ7,L589P,0.8644,pathogenic,SDCCAG8,589.0
Q86SQ7,L589Q,0.3336,benign,SDCCAG8,589.0
Q86SQ7,L589R,0.4493,ambiguous,SDCCAG8,589.0
Q86SQ7,L589S,0.6642,pathogenic,SDCCAG8,589.0
Q86SQ7,L589T,0.5786,pathogenic,SDCCAG8,589.0
Q86SQ7,L589V,0.177,benign,SDCCAG8,589.0
Q86SQ7,L589W,0.4474,ambiguous,SDCCAG8,589.0
Q86SQ7,L589Y,0.6427,pathogenic,SDCCAG8,589.0
Q86SQ7,T590A,0.0903,benign,SDCCAG8,590.0
Q86SQ7,T590C,0.4575,ambiguous,SDCCAG8,590.0
Q86SQ7,T590D,0.411,ambiguous,SDCCAG8,590.0
Q86SQ7,T590E,0.3132,benign,SDCCAG8,590.0
Q86SQ7,T590F,0.3099,benign,SDCCAG8,590.0
Q86SQ7,T590G,0.3022,benign,SDCCAG8,590.0
Q86SQ7,T590H,0.2264,benign,SDCCAG8,590.0
Q86SQ7,T590I,0.2279,benign,SDCCAG8,590.0
Q86SQ7,T590K,0.1991,benign,SDCCAG8,590.0
Q86SQ7,T590L,0.1332,benign,SDCCAG8,590.0
Q86SQ7,T590M,0.1103,benign,SDCCAG8,590.0
Q86SQ7,T590N,0.1346,benign,SDCCAG8,590.0
Q86SQ7,T590P,0.3706,ambiguous,SDCCAG8,590.0
Q86SQ7,T590Q,0.2119,benign,SDCCAG8,590.0
Q86SQ7,T590R,0.1624,benign,SDCCAG8,590.0
Q86SQ7,T590S,0.124,benign,SDCCAG8,590.0
Q86SQ7,T590V,0.2116,benign,SDCCAG8,590.0
Q86SQ7,T590W,0.6596,pathogenic,SDCCAG8,590.0
Q86SQ7,T590Y,0.3261,benign,SDCCAG8,590.0
Q86SQ7,S591A,0.0962,benign,SDCCAG8,591.0
Q86SQ7,S591C,0.1755,benign,SDCCAG8,591.0
Q86SQ7,S591D,0.6204,pathogenic,SDCCAG8,591.0
Q86SQ7,S591E,0.614,pathogenic,SDCCAG8,591.0
Q86SQ7,S591F,0.406,ambiguous,SDCCAG8,591.0
Q86SQ7,S591G,0.194,benign,SDCCAG8,591.0
Q86SQ7,S591H,0.5286,ambiguous,SDCCAG8,591.0
Q86SQ7,S591I,0.4688,ambiguous,SDCCAG8,591.0
Q86SQ7,S591K,0.7967,pathogenic,SDCCAG8,591.0
Q86SQ7,S591L,0.1862,benign,SDCCAG8,591.0
Q86SQ7,S591M,0.3705,ambiguous,SDCCAG8,591.0
Q86SQ7,S591N,0.3803,ambiguous,SDCCAG8,591.0
Q86SQ7,S591P,0.8724,pathogenic,SDCCAG8,591.0
Q86SQ7,S591Q,0.6258,pathogenic,SDCCAG8,591.0
Q86SQ7,S591R,0.7302,pathogenic,SDCCAG8,591.0
Q86SQ7,S591T,0.1298,benign,SDCCAG8,591.0
Q86SQ7,S591V,0.3725,ambiguous,SDCCAG8,591.0
Q86SQ7,S591W,0.4983,ambiguous,SDCCAG8,591.0
Q86SQ7,S591Y,0.2969,benign,SDCCAG8,591.0
Q86SQ7,Q592A,0.6387,pathogenic,SDCCAG8,592.0
Q86SQ7,Q592C,0.9469,pathogenic,SDCCAG8,592.0
Q86SQ7,Q592D,0.9176,pathogenic,SDCCAG8,592.0
Q86SQ7,Q592E,0.2011,benign,SDCCAG8,592.0
Q86SQ7,Q592F,0.9707,pathogenic,SDCCAG8,592.0
Q86SQ7,Q592G,0.6645,pathogenic,SDCCAG8,592.0
Q86SQ7,Q592H,0.6372,pathogenic,SDCCAG8,592.0
Q86SQ7,Q592I,0.8912,pathogenic,SDCCAG8,592.0
Q86SQ7,Q592K,0.4226,ambiguous,SDCCAG8,592.0
Q86SQ7,Q592L,0.5871,pathogenic,SDCCAG8,592.0
Q86SQ7,Q592M,0.7212,pathogenic,SDCCAG8,592.0
Q86SQ7,Q592N,0.6988,pathogenic,SDCCAG8,592.0
Q86SQ7,Q592P,0.8505,pathogenic,SDCCAG8,592.0
Q86SQ7,Q592R,0.4547,ambiguous,SDCCAG8,592.0
Q86SQ7,Q592S,0.6678,pathogenic,SDCCAG8,592.0
Q86SQ7,Q592T,0.5936,pathogenic,SDCCAG8,592.0
Q86SQ7,Q592V,0.7208,pathogenic,SDCCAG8,592.0
Q86SQ7,Q592W,0.9201,pathogenic,SDCCAG8,592.0
Q86SQ7,Q592Y,0.9128,pathogenic,SDCCAG8,592.0
Q86SQ7,N593A,0.7143,pathogenic,SDCCAG8,593.0
Q86SQ7,N593C,0.7407,pathogenic,SDCCAG8,593.0
Q86SQ7,N593D,0.4209,ambiguous,SDCCAG8,593.0
Q86SQ7,N593E,0.7418,pathogenic,SDCCAG8,593.0
Q86SQ7,N593F,0.9016,pathogenic,SDCCAG8,593.0
Q86SQ7,N593G,0.6628,pathogenic,SDCCAG8,593.0
Q86SQ7,N593H,0.313,benign,SDCCAG8,593.0
Q86SQ7,N593I,0.5276,ambiguous,SDCCAG8,593.0
Q86SQ7,N593K,0.5818,pathogenic,SDCCAG8,593.0
Q86SQ7,N593L,0.6522,pathogenic,SDCCAG8,593.0
Q86SQ7,N593M,0.596,pathogenic,SDCCAG8,593.0
Q86SQ7,N593P,0.9773,pathogenic,SDCCAG8,593.0
Q86SQ7,N593Q,0.713,pathogenic,SDCCAG8,593.0
Q86SQ7,N593R,0.6902,pathogenic,SDCCAG8,593.0
Q86SQ7,N593S,0.3248,benign,SDCCAG8,593.0
Q86SQ7,N593T,0.3964,ambiguous,SDCCAG8,593.0
Q86SQ7,N593V,0.5669,pathogenic,SDCCAG8,593.0
Q86SQ7,N593W,0.9457,pathogenic,SDCCAG8,593.0
Q86SQ7,N593Y,0.4181,ambiguous,SDCCAG8,593.0
Q86SQ7,T594A,0.0762,benign,SDCCAG8,594.0
Q86SQ7,T594C,0.4217,ambiguous,SDCCAG8,594.0
Q86SQ7,T594D,0.2806,benign,SDCCAG8,594.0
Q86SQ7,T594E,0.266,benign,SDCCAG8,594.0
Q86SQ7,T594F,0.2797,benign,SDCCAG8,594.0
Q86SQ7,T594G,0.2528,benign,SDCCAG8,594.0
Q86SQ7,T594H,0.1957,benign,SDCCAG8,594.0
Q86SQ7,T594I,0.1418,benign,SDCCAG8,594.0
Q86SQ7,T594K,0.1547,benign,SDCCAG8,594.0
Q86SQ7,T594L,0.1188,benign,SDCCAG8,594.0
Q86SQ7,T594M,0.1067,benign,SDCCAG8,594.0
Q86SQ7,T594N,0.1172,benign,SDCCAG8,594.0
Q86SQ7,T594P,0.387,ambiguous,SDCCAG8,594.0
Q86SQ7,T594Q,0.2108,benign,SDCCAG8,594.0
Q86SQ7,T594R,0.1267,benign,SDCCAG8,594.0
Q86SQ7,T594S,0.1153,benign,SDCCAG8,594.0
Q86SQ7,T594V,0.1458,benign,SDCCAG8,594.0
Q86SQ7,T594W,0.6028,pathogenic,SDCCAG8,594.0
Q86SQ7,T594Y,0.2664,benign,SDCCAG8,594.0
Q86SQ7,F595A,0.6746,pathogenic,SDCCAG8,595.0
Q86SQ7,F595C,0.3721,ambiguous,SDCCAG8,595.0
Q86SQ7,F595D,0.8782,pathogenic,SDCCAG8,595.0
Q86SQ7,F595E,0.9008,pathogenic,SDCCAG8,595.0
Q86SQ7,F595G,0.889,pathogenic,SDCCAG8,595.0
Q86SQ7,F595H,0.7088,pathogenic,SDCCAG8,595.0
Q86SQ7,F595I,0.1838,benign,SDCCAG8,595.0
Q86SQ7,F595K,0.8924,pathogenic,SDCCAG8,595.0
Q86SQ7,F595L,0.7416,pathogenic,SDCCAG8,595.0
Q86SQ7,F595M,0.5059,ambiguous,SDCCAG8,595.0
Q86SQ7,F595N,0.7576,pathogenic,SDCCAG8,595.0
Q86SQ7,F595P,0.9918,pathogenic,SDCCAG8,595.0
Q86SQ7,F595Q,0.8345,pathogenic,SDCCAG8,595.0
Q86SQ7,F595R,0.7857,pathogenic,SDCCAG8,595.0
Q86SQ7,F595S,0.5782,pathogenic,SDCCAG8,595.0
Q86SQ7,F595T,0.6118,pathogenic,SDCCAG8,595.0
Q86SQ7,F595V,0.177,benign,SDCCAG8,595.0
Q86SQ7,F595W,0.7115,pathogenic,SDCCAG8,595.0
Q86SQ7,F595Y,0.2315,benign,SDCCAG8,595.0
Q86SQ7,L596A,0.6363,pathogenic,SDCCAG8,596.0
Q86SQ7,L596C,0.7117,pathogenic,SDCCAG8,596.0
Q86SQ7,L596D,0.958,pathogenic,SDCCAG8,596.0
Q86SQ7,L596E,0.8152,pathogenic,SDCCAG8,596.0
Q86SQ7,L596F,0.2623,benign,SDCCAG8,596.0
Q86SQ7,L596G,0.8633,pathogenic,SDCCAG8,596.0
Q86SQ7,L596H,0.4989,ambiguous,SDCCAG8,596.0
Q86SQ7,L596I,0.1246,benign,SDCCAG8,596.0
Q86SQ7,L596K,0.7532,pathogenic,SDCCAG8,596.0
Q86SQ7,L596M,0.1583,benign,SDCCAG8,596.0
Q86SQ7,L596N,0.7939,pathogenic,SDCCAG8,596.0
Q86SQ7,L596P,0.935,pathogenic,SDCCAG8,596.0
Q86SQ7,L596Q,0.4614,ambiguous,SDCCAG8,596.0
Q86SQ7,L596R,0.5705,pathogenic,SDCCAG8,596.0
Q86SQ7,L596S,0.6364,pathogenic,SDCCAG8,596.0
Q86SQ7,L596T,0.5334,ambiguous,SDCCAG8,596.0
Q86SQ7,L596V,0.1521,benign,SDCCAG8,596.0
Q86SQ7,L596W,0.493,ambiguous,SDCCAG8,596.0
Q86SQ7,L596Y,0.6498,pathogenic,SDCCAG8,596.0
Q86SQ7,T597A,0.0871,benign,SDCCAG8,597.0
Q86SQ7,T597C,0.3869,ambiguous,SDCCAG8,597.0
Q86SQ7,T597D,0.3389,benign,SDCCAG8,597.0
Q86SQ7,T597E,0.2435,benign,SDCCAG8,597.0
Q86SQ7,T597F,0.2283,benign,SDCCAG8,597.0
Q86SQ7,T597G,0.1956,benign,SDCCAG8,597.0
Q86SQ7,T597H,0.2043,benign,SDCCAG8,597.0
Q86SQ7,T597I,0.1312,benign,SDCCAG8,597.0
Q86SQ7,T597K,0.1343,benign,SDCCAG8,597.0
Q86SQ7,T597L,0.0893,benign,SDCCAG8,597.0
Q86SQ7,T597M,0.0886,benign,SDCCAG8,597.0
Q86SQ7,T597N,0.113,benign,SDCCAG8,597.0
Q86SQ7,T597P,0.3496,ambiguous,SDCCAG8,597.0
Q86SQ7,T597Q,0.1735,benign,SDCCAG8,597.0
Q86SQ7,T597R,0.1119,benign,SDCCAG8,597.0
Q86SQ7,T597S,0.1228,benign,SDCCAG8,597.0
Q86SQ7,T597V,0.1524,benign,SDCCAG8,597.0
Q86SQ7,T597W,0.4493,ambiguous,SDCCAG8,597.0
Q86SQ7,T597Y,0.2507,benign,SDCCAG8,597.0
Q86SQ7,K598A,0.4916,ambiguous,SDCCAG8,598.0
Q86SQ7,K598C,0.8246,pathogenic,SDCCAG8,598.0
Q86SQ7,K598D,0.7774,pathogenic,SDCCAG8,598.0
Q86SQ7,K598E,0.331,benign,SDCCAG8,598.0
Q86SQ7,K598F,0.9014,pathogenic,SDCCAG8,598.0
Q86SQ7,K598G,0.6619,pathogenic,SDCCAG8,598.0
Q86SQ7,K598H,0.4075,ambiguous,SDCCAG8,598.0
Q86SQ7,K598I,0.5133,ambiguous,SDCCAG8,598.0
Q86SQ7,K598L,0.5175,ambiguous,SDCCAG8,598.0
Q86SQ7,K598M,0.3229,benign,SDCCAG8,598.0
Q86SQ7,K598N,0.5939,pathogenic,SDCCAG8,598.0
Q86SQ7,K598P,0.9685,pathogenic,SDCCAG8,598.0
Q86SQ7,K598Q,0.1866,benign,SDCCAG8,598.0
Q86SQ7,K598R,0.1022,benign,SDCCAG8,598.0
Q86SQ7,K598S,0.6087,pathogenic,SDCCAG8,598.0
Q86SQ7,K598T,0.2485,benign,SDCCAG8,598.0
Q86SQ7,K598V,0.4475,ambiguous,SDCCAG8,598.0
Q86SQ7,K598W,0.8896,pathogenic,SDCCAG8,598.0
Q86SQ7,K598Y,0.7768,pathogenic,SDCCAG8,598.0
Q86SQ7,L599A,0.8144,pathogenic,SDCCAG8,599.0
Q86SQ7,L599C,0.8455,pathogenic,SDCCAG8,599.0
Q86SQ7,L599D,0.9847,pathogenic,SDCCAG8,599.0
Q86SQ7,L599E,0.8779,pathogenic,SDCCAG8,599.0
Q86SQ7,L599F,0.5304,ambiguous,SDCCAG8,599.0
Q86SQ7,L599G,0.9204,pathogenic,SDCCAG8,599.0
Q86SQ7,L599H,0.803,pathogenic,SDCCAG8,599.0
Q86SQ7,L599I,0.3291,benign,SDCCAG8,599.0
Q86SQ7,L599K,0.8419,pathogenic,SDCCAG8,599.0
Q86SQ7,L599M,0.2433,benign,SDCCAG8,599.0
Q86SQ7,L599N,0.9182,pathogenic,SDCCAG8,599.0
Q86SQ7,L599P,0.9815,pathogenic,SDCCAG8,599.0
Q86SQ7,L599Q,0.6606,pathogenic,SDCCAG8,599.0
Q86SQ7,L599R,0.758,pathogenic,SDCCAG8,599.0
Q86SQ7,L599S,0.921,pathogenic,SDCCAG8,599.0
Q86SQ7,L599T,0.8336,pathogenic,SDCCAG8,599.0
Q86SQ7,L599V,0.3308,benign,SDCCAG8,599.0
Q86SQ7,L599W,0.5726,pathogenic,SDCCAG8,599.0
Q86SQ7,L599Y,0.7337,pathogenic,SDCCAG8,599.0
Q86SQ7,K600A,0.7525,pathogenic,SDCCAG8,600.0
Q86SQ7,K600C,0.9206,pathogenic,SDCCAG8,600.0
Q86SQ7,K600D,0.9097,pathogenic,SDCCAG8,600.0
Q86SQ7,K600E,0.4114,ambiguous,SDCCAG8,600.0
Q86SQ7,K600F,0.9562,pathogenic,SDCCAG8,600.0
Q86SQ7,K600G,0.7601,pathogenic,SDCCAG8,600.0
Q86SQ7,K600H,0.5631,ambiguous,SDCCAG8,600.0
Q86SQ7,K600I,0.7804,pathogenic,SDCCAG8,600.0
Q86SQ7,K600L,0.6624,pathogenic,SDCCAG8,600.0
Q86SQ7,K600M,0.429,ambiguous,SDCCAG8,600.0
Q86SQ7,K600N,0.7879,pathogenic,SDCCAG8,600.0
Q86SQ7,K600P,0.9785,pathogenic,SDCCAG8,600.0
Q86SQ7,K600Q,0.2486,benign,SDCCAG8,600.0
Q86SQ7,K600R,0.1099,benign,SDCCAG8,600.0
Q86SQ7,K600S,0.7896,pathogenic,SDCCAG8,600.0
Q86SQ7,K600T,0.4241,ambiguous,SDCCAG8,600.0
Q86SQ7,K600V,0.7299,pathogenic,SDCCAG8,600.0
Q86SQ7,K600W,0.886,pathogenic,SDCCAG8,600.0
Q86SQ7,K600Y,0.8515,pathogenic,SDCCAG8,600.0
Q86SQ7,E601A,0.1526,benign,SDCCAG8,601.0
Q86SQ7,E601C,0.8782,pathogenic,SDCCAG8,601.0
Q86SQ7,E601D,0.1407,benign,SDCCAG8,601.0
Q86SQ7,E601F,0.8016,pathogenic,SDCCAG8,601.0
Q86SQ7,E601G,0.1188,benign,SDCCAG8,601.0
Q86SQ7,E601H,0.486,ambiguous,SDCCAG8,601.0
Q86SQ7,E601I,0.4295,ambiguous,SDCCAG8,601.0
Q86SQ7,E601K,0.1135,benign,SDCCAG8,601.0
Q86SQ7,E601L,0.4182,ambiguous,SDCCAG8,601.0
Q86SQ7,E601M,0.4303,ambiguous,SDCCAG8,601.0
Q86SQ7,E601N,0.2704,benign,SDCCAG8,601.0
Q86SQ7,E601P,0.9465,pathogenic,SDCCAG8,601.0
Q86SQ7,E601Q,0.1441,benign,SDCCAG8,601.0
Q86SQ7,E601R,0.2255,benign,SDCCAG8,601.0
Q86SQ7,E601S,0.2504,benign,SDCCAG8,601.0
Q86SQ7,E601T,0.2246,benign,SDCCAG8,601.0
Q86SQ7,E601V,0.2242,benign,SDCCAG8,601.0
Q86SQ7,E601W,0.8598,pathogenic,SDCCAG8,601.0
Q86SQ7,E601Y,0.6203,pathogenic,SDCCAG8,601.0
Q86SQ7,E602A,0.3743,ambiguous,SDCCAG8,602.0
Q86SQ7,E602C,0.9708,pathogenic,SDCCAG8,602.0
Q86SQ7,E602D,0.5622,ambiguous,SDCCAG8,602.0
Q86SQ7,E602F,0.964,pathogenic,SDCCAG8,602.0
Q86SQ7,E602G,0.5433,ambiguous,SDCCAG8,602.0
Q86SQ7,E602H,0.8503,pathogenic,SDCCAG8,602.0
Q86SQ7,E602I,0.7754,pathogenic,SDCCAG8,602.0
Q86SQ7,E602K,0.4856,ambiguous,SDCCAG8,602.0
Q86SQ7,E602L,0.8645,pathogenic,SDCCAG8,602.0
Q86SQ7,E602M,0.8238,pathogenic,SDCCAG8,602.0
Q86SQ7,E602N,0.7443,pathogenic,SDCCAG8,602.0
Q86SQ7,E602P,0.991,pathogenic,SDCCAG8,602.0
Q86SQ7,E602Q,0.4031,ambiguous,SDCCAG8,602.0
Q86SQ7,E602R,0.6661,pathogenic,SDCCAG8,602.0
Q86SQ7,E602S,0.6493,pathogenic,SDCCAG8,602.0
Q86SQ7,E602T,0.582,pathogenic,SDCCAG8,602.0
Q86SQ7,E602V,0.534,ambiguous,SDCCAG8,602.0
Q86SQ7,E602W,0.9873,pathogenic,SDCCAG8,602.0
Q86SQ7,E602Y,0.9048,pathogenic,SDCCAG8,602.0
Q86SQ7,C603A,0.6401,pathogenic,SDCCAG8,603.0
Q86SQ7,C603D,0.8832,pathogenic,SDCCAG8,603.0
Q86SQ7,C603E,0.9438,pathogenic,SDCCAG8,603.0
Q86SQ7,C603F,0.3605,ambiguous,SDCCAG8,603.0
Q86SQ7,C603G,0.2632,benign,SDCCAG8,603.0
Q86SQ7,C603H,0.7661,pathogenic,SDCCAG8,603.0
Q86SQ7,C603I,0.7146,pathogenic,SDCCAG8,603.0
Q86SQ7,C603K,0.9461,pathogenic,SDCCAG8,603.0
Q86SQ7,C603L,0.6252,pathogenic,SDCCAG8,603.0
Q86SQ7,C603M,0.7725,pathogenic,SDCCAG8,603.0
Q86SQ7,C603N,0.6409,pathogenic,SDCCAG8,603.0
Q86SQ7,C603P,0.9935,pathogenic,SDCCAG8,603.0
Q86SQ7,C603Q,0.875,pathogenic,SDCCAG8,603.0
Q86SQ7,C603R,0.7914,pathogenic,SDCCAG8,603.0
Q86SQ7,C603S,0.5205,ambiguous,SDCCAG8,603.0
Q86SQ7,C603T,0.6779,pathogenic,SDCCAG8,603.0
Q86SQ7,C603V,0.6262,pathogenic,SDCCAG8,603.0
Q86SQ7,C603W,0.7535,pathogenic,SDCCAG8,603.0
Q86SQ7,C603Y,0.3624,ambiguous,SDCCAG8,603.0
Q86SQ7,C604A,0.2549,benign,SDCCAG8,604.0
Q86SQ7,C604D,0.2609,benign,SDCCAG8,604.0
Q86SQ7,C604E,0.3914,ambiguous,SDCCAG8,604.0
Q86SQ7,C604F,0.1114,benign,SDCCAG8,604.0
Q86SQ7,C604G,0.0915,benign,SDCCAG8,604.0
Q86SQ7,C604H,0.1406,benign,SDCCAG8,604.0
Q86SQ7,C604I,0.2849,benign,SDCCAG8,604.0
Q86SQ7,C604K,0.3136,benign,SDCCAG8,604.0
Q86SQ7,C604L,0.2753,benign,SDCCAG8,604.0
Q86SQ7,C604M,0.4409,ambiguous,SDCCAG8,604.0
Q86SQ7,C604N,0.1933,benign,SDCCAG8,604.0
Q86SQ7,C604P,0.921,pathogenic,SDCCAG8,604.0
Q86SQ7,C604Q,0.2012,benign,SDCCAG8,604.0
Q86SQ7,C604R,0.0996,benign,SDCCAG8,604.0
Q86SQ7,C604S,0.1477,benign,SDCCAG8,604.0
Q86SQ7,C604T,0.2582,benign,SDCCAG8,604.0
Q86SQ7,C604V,0.2664,benign,SDCCAG8,604.0
Q86SQ7,C604W,0.274,benign,SDCCAG8,604.0
Q86SQ7,C604Y,0.1255,benign,SDCCAG8,604.0
Q86SQ7,T605A,0.0785,benign,SDCCAG8,605.0
Q86SQ7,T605C,0.3306,benign,SDCCAG8,605.0
Q86SQ7,T605D,0.2688,benign,SDCCAG8,605.0
Q86SQ7,T605E,0.2251,benign,SDCCAG8,605.0
Q86SQ7,T605F,0.1462,benign,SDCCAG8,605.0
Q86SQ7,T605G,0.2042,benign,SDCCAG8,605.0
Q86SQ7,T605H,0.155,benign,SDCCAG8,605.0
Q86SQ7,T605I,0.0943,benign,SDCCAG8,605.0
Q86SQ7,T605K,0.1377,benign,SDCCAG8,605.0
Q86SQ7,T605L,0.0661,benign,SDCCAG8,605.0
Q86SQ7,T605M,0.0777,benign,SDCCAG8,605.0
Q86SQ7,T605N,0.1004,benign,SDCCAG8,605.0
Q86SQ7,T605P,0.3053,benign,SDCCAG8,605.0
Q86SQ7,T605Q,0.165,benign,SDCCAG8,605.0
Q86SQ7,T605R,0.1134,benign,SDCCAG8,605.0
Q86SQ7,T605S,0.1034,benign,SDCCAG8,605.0
Q86SQ7,T605V,0.0991,benign,SDCCAG8,605.0
Q86SQ7,T605W,0.4112,ambiguous,SDCCAG8,605.0
Q86SQ7,T605Y,0.189,benign,SDCCAG8,605.0
Q86SQ7,L606A,0.4113,ambiguous,SDCCAG8,606.0
Q86SQ7,L606C,0.7888,pathogenic,SDCCAG8,606.0
Q86SQ7,L606D,0.9128,pathogenic,SDCCAG8,606.0
Q86SQ7,L606E,0.6461,pathogenic,SDCCAG8,606.0
Q86SQ7,L606F,0.3695,ambiguous,SDCCAG8,606.0
Q86SQ7,L606G,0.8161,pathogenic,SDCCAG8,606.0
Q86SQ7,L606H,0.4859,ambiguous,SDCCAG8,606.0
Q86SQ7,L606I,0.1725,benign,SDCCAG8,606.0
Q86SQ7,L606K,0.577,pathogenic,SDCCAG8,606.0
Q86SQ7,L606M,0.1856,benign,SDCCAG8,606.0
Q86SQ7,L606N,0.7202,pathogenic,SDCCAG8,606.0
Q86SQ7,L606P,0.9227,pathogenic,SDCCAG8,606.0
Q86SQ7,L606Q,0.3539,ambiguous,SDCCAG8,606.0
Q86SQ7,L606R,0.4289,ambiguous,SDCCAG8,606.0
Q86SQ7,L606S,0.5467,ambiguous,SDCCAG8,606.0
Q86SQ7,L606T,0.3506,ambiguous,SDCCAG8,606.0
Q86SQ7,L606V,0.1392,benign,SDCCAG8,606.0
Q86SQ7,L606W,0.5175,ambiguous,SDCCAG8,606.0
Q86SQ7,L606Y,0.6591,pathogenic,SDCCAG8,606.0
Q86SQ7,A607C,0.5939,pathogenic,SDCCAG8,607.0
Q86SQ7,A607D,0.5796,pathogenic,SDCCAG8,607.0
Q86SQ7,A607E,0.4692,ambiguous,SDCCAG8,607.0
Q86SQ7,A607F,0.5549,ambiguous,SDCCAG8,607.0
Q86SQ7,A607G,0.1508,benign,SDCCAG8,607.0
Q86SQ7,A607H,0.6741,pathogenic,SDCCAG8,607.0
Q86SQ7,A607I,0.4577,ambiguous,SDCCAG8,607.0
Q86SQ7,A607K,0.6992,pathogenic,SDCCAG8,607.0
Q86SQ7,A607L,0.3204,benign,SDCCAG8,607.0
Q86SQ7,A607M,0.405,ambiguous,SDCCAG8,607.0
Q86SQ7,A607N,0.4542,ambiguous,SDCCAG8,607.0
Q86SQ7,A607P,0.8624,pathogenic,SDCCAG8,607.0
Q86SQ7,A607Q,0.4861,ambiguous,SDCCAG8,607.0
Q86SQ7,A607R,0.56,ambiguous,SDCCAG8,607.0
Q86SQ7,A607S,0.1236,benign,SDCCAG8,607.0
Q86SQ7,A607T,0.1245,benign,SDCCAG8,607.0
Q86SQ7,A607V,0.1893,benign,SDCCAG8,607.0
Q86SQ7,A607W,0.8423,pathogenic,SDCCAG8,607.0
Q86SQ7,A607Y,0.6664,pathogenic,SDCCAG8,607.0
Q86SQ7,K608A,0.2165,benign,SDCCAG8,608.0
Q86SQ7,K608C,0.6216,pathogenic,SDCCAG8,608.0
Q86SQ7,K608D,0.3781,ambiguous,SDCCAG8,608.0
Q86SQ7,K608E,0.0938,benign,SDCCAG8,608.0
Q86SQ7,K608F,0.64,pathogenic,SDCCAG8,608.0
Q86SQ7,K608G,0.223,benign,SDCCAG8,608.0
Q86SQ7,K608H,0.2759,benign,SDCCAG8,608.0
Q86SQ7,K608I,0.2901,benign,SDCCAG8,608.0
Q86SQ7,K608L,0.246,benign,SDCCAG8,608.0
Q86SQ7,K608M,0.1696,benign,SDCCAG8,608.0
Q86SQ7,K608N,0.2506,benign,SDCCAG8,608.0
Q86SQ7,K608P,0.841,pathogenic,SDCCAG8,608.0
Q86SQ7,K608Q,0.0997,benign,SDCCAG8,608.0
Q86SQ7,K608R,0.0787,benign,SDCCAG8,608.0
Q86SQ7,K608S,0.2609,benign,SDCCAG8,608.0
Q86SQ7,K608T,0.1341,benign,SDCCAG8,608.0
Q86SQ7,K608V,0.2258,benign,SDCCAG8,608.0
Q86SQ7,K608W,0.618,pathogenic,SDCCAG8,608.0
Q86SQ7,K608Y,0.5028,ambiguous,SDCCAG8,608.0
Q86SQ7,K609A,0.4416,ambiguous,SDCCAG8,609.0
Q86SQ7,K609C,0.7546,pathogenic,SDCCAG8,609.0
Q86SQ7,K609D,0.5443,ambiguous,SDCCAG8,609.0
Q86SQ7,K609E,0.1888,benign,SDCCAG8,609.0
Q86SQ7,K609F,0.8163,pathogenic,SDCCAG8,609.0
Q86SQ7,K609G,0.5469,ambiguous,SDCCAG8,609.0
Q86SQ7,K609H,0.2812,benign,SDCCAG8,609.0
Q86SQ7,K609I,0.3737,ambiguous,SDCCAG8,609.0
Q86SQ7,K609L,0.3993,ambiguous,SDCCAG8,609.0
Q86SQ7,K609M,0.211,benign,SDCCAG8,609.0
Q86SQ7,K609N,0.3181,benign,SDCCAG8,609.0
Q86SQ7,K609P,0.9473,pathogenic,SDCCAG8,609.0
Q86SQ7,K609Q,0.1241,benign,SDCCAG8,609.0
Q86SQ7,K609R,0.1093,benign,SDCCAG8,609.0
Q86SQ7,K609S,0.4528,ambiguous,SDCCAG8,609.0
Q86SQ7,K609T,0.1636,benign,SDCCAG8,609.0
Q86SQ7,K609V,0.3782,ambiguous,SDCCAG8,609.0
Q86SQ7,K609W,0.7984,pathogenic,SDCCAG8,609.0
Q86SQ7,K609Y,0.5585,ambiguous,SDCCAG8,609.0
Q86SQ7,L610A,0.5008,ambiguous,SDCCAG8,610.0
Q86SQ7,L610C,0.7776,pathogenic,SDCCAG8,610.0
Q86SQ7,L610D,0.9359,pathogenic,SDCCAG8,610.0
Q86SQ7,L610E,0.6738,pathogenic,SDCCAG8,610.0
Q86SQ7,L610F,0.4283,ambiguous,SDCCAG8,610.0
Q86SQ7,L610G,0.7625,pathogenic,SDCCAG8,610.0
Q86SQ7,L610H,0.5582,ambiguous,SDCCAG8,610.0
Q86SQ7,L610I,0.203,benign,SDCCAG8,610.0
Q86SQ7,L610K,0.5974,pathogenic,SDCCAG8,610.0
Q86SQ7,L610M,0.142,benign,SDCCAG8,610.0
Q86SQ7,L610N,0.7461,pathogenic,SDCCAG8,610.0
Q86SQ7,L610P,0.9478,pathogenic,SDCCAG8,610.0
Q86SQ7,L610Q,0.4035,ambiguous,SDCCAG8,610.0
Q86SQ7,L610R,0.4945,ambiguous,SDCCAG8,610.0
Q86SQ7,L610S,0.6812,pathogenic,SDCCAG8,610.0
Q86SQ7,L610T,0.4189,ambiguous,SDCCAG8,610.0
Q86SQ7,L610V,0.1714,benign,SDCCAG8,610.0
Q86SQ7,L610W,0.3869,ambiguous,SDCCAG8,610.0
Q86SQ7,L610Y,0.6313,pathogenic,SDCCAG8,610.0
Q86SQ7,E611A,0.2393,benign,SDCCAG8,611.0
Q86SQ7,E611C,0.8971,pathogenic,SDCCAG8,611.0
Q86SQ7,E611D,0.289,benign,SDCCAG8,611.0
Q86SQ7,E611F,0.8418,pathogenic,SDCCAG8,611.0
Q86SQ7,E611G,0.1874,benign,SDCCAG8,611.0
Q86SQ7,E611H,0.5381,ambiguous,SDCCAG8,611.0
Q86SQ7,E611I,0.6265,pathogenic,SDCCAG8,611.0
Q86SQ7,E611K,0.2567,benign,SDCCAG8,611.0
Q86SQ7,E611L,0.5494,ambiguous,SDCCAG8,611.0
Q86SQ7,E611M,0.6404,pathogenic,SDCCAG8,611.0
Q86SQ7,E611N,0.4786,ambiguous,SDCCAG8,611.0
Q86SQ7,E611P,0.9522,pathogenic,SDCCAG8,611.0
Q86SQ7,E611Q,0.1508,benign,SDCCAG8,611.0
Q86SQ7,E611R,0.3418,ambiguous,SDCCAG8,611.0
Q86SQ7,E611S,0.3297,benign,SDCCAG8,611.0
Q86SQ7,E611T,0.3998,ambiguous,SDCCAG8,611.0
Q86SQ7,E611V,0.3841,ambiguous,SDCCAG8,611.0
Q86SQ7,E611W,0.9182,pathogenic,SDCCAG8,611.0
Q86SQ7,E611Y,0.7218,pathogenic,SDCCAG8,611.0
Q86SQ7,Q612A,0.1516,benign,SDCCAG8,612.0
Q86SQ7,Q612C,0.4892,ambiguous,SDCCAG8,612.0
Q86SQ7,Q612D,0.1765,benign,SDCCAG8,612.0
Q86SQ7,Q612E,0.066,benign,SDCCAG8,612.0
Q86SQ7,Q612F,0.5211,ambiguous,SDCCAG8,612.0
Q86SQ7,Q612G,0.1495,benign,SDCCAG8,612.0
Q86SQ7,Q612H,0.1483,benign,SDCCAG8,612.0
Q86SQ7,Q612I,0.2441,benign,SDCCAG8,612.0
Q86SQ7,Q612K,0.0646,benign,SDCCAG8,612.0
Q86SQ7,Q612L,0.1047,benign,SDCCAG8,612.0
Q86SQ7,Q612M,0.2251,benign,SDCCAG8,612.0
Q86SQ7,Q612N,0.1544,benign,SDCCAG8,612.0
Q86SQ7,Q612P,0.4185,ambiguous,SDCCAG8,612.0
Q86SQ7,Q612R,0.0901,benign,SDCCAG8,612.0
Q86SQ7,Q612S,0.2117,benign,SDCCAG8,612.0
Q86SQ7,Q612T,0.1284,benign,SDCCAG8,612.0
Q86SQ7,Q612V,0.155,benign,SDCCAG8,612.0
Q86SQ7,Q612W,0.3521,ambiguous,SDCCAG8,612.0
Q86SQ7,Q612Y,0.294,benign,SDCCAG8,612.0
Q86SQ7,I613A,0.4043,ambiguous,SDCCAG8,613.0
Q86SQ7,I613C,0.5885,pathogenic,SDCCAG8,613.0
Q86SQ7,I613D,0.5377,ambiguous,SDCCAG8,613.0
Q86SQ7,I613E,0.4817,ambiguous,SDCCAG8,613.0
Q86SQ7,I613F,0.1395,benign,SDCCAG8,613.0
Q86SQ7,I613G,0.615,pathogenic,SDCCAG8,613.0
Q86SQ7,I613H,0.3586,ambiguous,SDCCAG8,613.0
Q86SQ7,I613K,0.3089,benign,SDCCAG8,613.0
Q86SQ7,I613L,0.1194,benign,SDCCAG8,613.0
Q86SQ7,I613M,0.0896,benign,SDCCAG8,613.0
Q86SQ7,I613N,0.1633,benign,SDCCAG8,613.0
Q86SQ7,I613P,0.9014,pathogenic,SDCCAG8,613.0
Q86SQ7,I613Q,0.3606,ambiguous,SDCCAG8,613.0
Q86SQ7,I613R,0.2349,benign,SDCCAG8,613.0
Q86SQ7,I613S,0.2683,benign,SDCCAG8,613.0
Q86SQ7,I613T,0.2598,benign,SDCCAG8,613.0
Q86SQ7,I613V,0.1005,benign,SDCCAG8,613.0
Q86SQ7,I613W,0.6102,pathogenic,SDCCAG8,613.0
Q86SQ7,I613Y,0.3254,benign,SDCCAG8,613.0
Q86SQ7,S614A,0.1238,benign,SDCCAG8,614.0
Q86SQ7,S614C,0.1502,benign,SDCCAG8,614.0
Q86SQ7,S614D,0.6949,pathogenic,SDCCAG8,614.0
Q86SQ7,S614E,0.7351,pathogenic,SDCCAG8,614.0
Q86SQ7,S614F,0.3627,ambiguous,SDCCAG8,614.0
Q86SQ7,S614G,0.1415,benign,SDCCAG8,614.0
Q86SQ7,S614H,0.5307,ambiguous,SDCCAG8,614.0
Q86SQ7,S614I,0.365,ambiguous,SDCCAG8,614.0
Q86SQ7,S614K,0.863,pathogenic,SDCCAG8,614.0
Q86SQ7,S614L,0.1936,benign,SDCCAG8,614.0
Q86SQ7,S614M,0.397,ambiguous,SDCCAG8,614.0
Q86SQ7,S614N,0.3131,benign,SDCCAG8,614.0
Q86SQ7,S614P,0.7409,pathogenic,SDCCAG8,614.0
Q86SQ7,S614Q,0.6928,pathogenic,SDCCAG8,614.0
Q86SQ7,S614R,0.7671,pathogenic,SDCCAG8,614.0
Q86SQ7,S614T,0.0939,benign,SDCCAG8,614.0
Q86SQ7,S614V,0.3534,ambiguous,SDCCAG8,614.0
Q86SQ7,S614W,0.4713,ambiguous,SDCCAG8,614.0
Q86SQ7,S614Y,0.27,benign,SDCCAG8,614.0
Q86SQ7,Q615A,0.1675,benign,SDCCAG8,615.0
Q86SQ7,Q615C,0.4868,ambiguous,SDCCAG8,615.0
Q86SQ7,Q615D,0.2961,benign,SDCCAG8,615.0
Q86SQ7,Q615E,0.0722,benign,SDCCAG8,615.0
Q86SQ7,Q615F,0.5311,ambiguous,SDCCAG8,615.0
Q86SQ7,Q615G,0.1441,benign,SDCCAG8,615.0
Q86SQ7,Q615H,0.1801,benign,SDCCAG8,615.0
Q86SQ7,Q615I,0.2797,benign,SDCCAG8,615.0
Q86SQ7,Q615K,0.0616,benign,SDCCAG8,615.0
Q86SQ7,Q615L,0.0969,benign,SDCCAG8,615.0
Q86SQ7,Q615M,0.253,benign,SDCCAG8,615.0
Q86SQ7,Q615N,0.2387,benign,SDCCAG8,615.0
Q86SQ7,Q615P,0.3392,benign,SDCCAG8,615.0
Q86SQ7,Q615R,0.0799,benign,SDCCAG8,615.0
Q86SQ7,Q615S,0.2203,benign,SDCCAG8,615.0
Q86SQ7,Q615T,0.1553,benign,SDCCAG8,615.0
Q86SQ7,Q615V,0.1684,benign,SDCCAG8,615.0
Q86SQ7,Q615W,0.324,benign,SDCCAG8,615.0
Q86SQ7,Q615Y,0.3563,ambiguous,SDCCAG8,615.0
Q86SQ7,K616A,0.3498,ambiguous,SDCCAG8,616.0
Q86SQ7,K616C,0.7374,pathogenic,SDCCAG8,616.0
Q86SQ7,K616D,0.4536,ambiguous,SDCCAG8,616.0
Q86SQ7,K616E,0.1538,benign,SDCCAG8,616.0
Q86SQ7,K616F,0.7859,pathogenic,SDCCAG8,616.0
Q86SQ7,K616G,0.4258,ambiguous,SDCCAG8,616.0
Q86SQ7,K616H,0.2845,benign,SDCCAG8,616.0
Q86SQ7,K616I,0.3316,benign,SDCCAG8,616.0
Q86SQ7,K616L,0.3865,ambiguous,SDCCAG8,616.0
Q86SQ7,K616M,0.1926,benign,SDCCAG8,616.0
Q86SQ7,K616N,0.2792,benign,SDCCAG8,616.0
Q86SQ7,K616P,0.9067,pathogenic,SDCCAG8,616.0
Q86SQ7,K616Q,0.1289,benign,SDCCAG8,616.0
Q86SQ7,K616R,0.0979,benign,SDCCAG8,616.0
Q86SQ7,K616S,0.41,ambiguous,SDCCAG8,616.0
Q86SQ7,K616T,0.1549,benign,SDCCAG8,616.0
Q86SQ7,K616V,0.3251,benign,SDCCAG8,616.0
Q86SQ7,K616W,0.7782,pathogenic,SDCCAG8,616.0
Q86SQ7,K616Y,0.5903,pathogenic,SDCCAG8,616.0
Q86SQ7,T617A,0.0887,benign,SDCCAG8,617.0
Q86SQ7,T617C,0.3184,benign,SDCCAG8,617.0
Q86SQ7,T617D,0.3733,ambiguous,SDCCAG8,617.0
Q86SQ7,T617E,0.3265,benign,SDCCAG8,617.0
Q86SQ7,T617F,0.2871,benign,SDCCAG8,617.0
Q86SQ7,T617G,0.175,benign,SDCCAG8,617.0
Q86SQ7,T617H,0.1629,benign,SDCCAG8,617.0
Q86SQ7,T617I,0.2856,benign,SDCCAG8,617.0
Q86SQ7,T617K,0.2207,benign,SDCCAG8,617.0
Q86SQ7,T617L,0.1634,benign,SDCCAG8,617.0
Q86SQ7,T617M,0.1287,benign,SDCCAG8,617.0
Q86SQ7,T617N,0.0815,benign,SDCCAG8,617.0
Q86SQ7,T617P,0.3859,ambiguous,SDCCAG8,617.0
Q86SQ7,T617Q,0.209,benign,SDCCAG8,617.0
Q86SQ7,T617R,0.1536,benign,SDCCAG8,617.0
Q86SQ7,T617S,0.0718,benign,SDCCAG8,617.0
Q86SQ7,T617V,0.2344,benign,SDCCAG8,617.0
Q86SQ7,T617W,0.4658,ambiguous,SDCCAG8,617.0
Q86SQ7,T617Y,0.1548,benign,SDCCAG8,617.0
Q86SQ7,R618A,0.544,ambiguous,SDCCAG8,618.0
Q86SQ7,R618C,0.2543,benign,SDCCAG8,618.0
Q86SQ7,R618D,0.7871,pathogenic,SDCCAG8,618.0
Q86SQ7,R618E,0.4633,ambiguous,SDCCAG8,618.0
Q86SQ7,R618F,0.7411,pathogenic,SDCCAG8,618.0
Q86SQ7,R618G,0.3382,benign,SDCCAG8,618.0
Q86SQ7,R618H,0.1775,benign,SDCCAG8,618.0
Q86SQ7,R618I,0.4262,ambiguous,SDCCAG8,618.0
Q86SQ7,R618K,0.2263,benign,SDCCAG8,618.0
Q86SQ7,R618L,0.4605,ambiguous,SDCCAG8,618.0
Q86SQ7,R618M,0.4838,ambiguous,SDCCAG8,618.0
Q86SQ7,R618N,0.7413,pathogenic,SDCCAG8,618.0
Q86SQ7,R618P,0.914,pathogenic,SDCCAG8,618.0
Q86SQ7,R618Q,0.145,benign,SDCCAG8,618.0
Q86SQ7,R618S,0.6149,pathogenic,SDCCAG8,618.0
Q86SQ7,R618T,0.4016,ambiguous,SDCCAG8,618.0
Q86SQ7,R618V,0.5215,ambiguous,SDCCAG8,618.0
Q86SQ7,R618W,0.2532,benign,SDCCAG8,618.0
Q86SQ7,R618Y,0.5251,ambiguous,SDCCAG8,618.0
Q86SQ7,S619A,0.0744,benign,SDCCAG8,619.0
Q86SQ7,S619C,0.0967,benign,SDCCAG8,619.0
Q86SQ7,S619D,0.3086,benign,SDCCAG8,619.0
Q86SQ7,S619E,0.3814,ambiguous,SDCCAG8,619.0
Q86SQ7,S619F,0.1705,benign,SDCCAG8,619.0
Q86SQ7,S619G,0.0884,benign,SDCCAG8,619.0
Q86SQ7,S619H,0.3079,benign,SDCCAG8,619.0
Q86SQ7,S619I,0.1755,benign,SDCCAG8,619.0
Q86SQ7,S619K,0.5073,ambiguous,SDCCAG8,619.0
Q86SQ7,S619L,0.0923,benign,SDCCAG8,619.0
Q86SQ7,S619M,0.2005,benign,SDCCAG8,619.0
Q86SQ7,S619N,0.1588,benign,SDCCAG8,619.0
Q86SQ7,S619P,0.5892,pathogenic,SDCCAG8,619.0
Q86SQ7,S619Q,0.436,ambiguous,SDCCAG8,619.0
Q86SQ7,S619R,0.4222,ambiguous,SDCCAG8,619.0
Q86SQ7,S619T,0.0815,benign,SDCCAG8,619.0
Q86SQ7,S619V,0.1725,benign,SDCCAG8,619.0
Q86SQ7,S619W,0.2099,benign,SDCCAG8,619.0
Q86SQ7,S619Y,0.1359,benign,SDCCAG8,619.0
Q86SQ7,E620A,0.1638,benign,SDCCAG8,620.0
Q86SQ7,E620C,0.8532,pathogenic,SDCCAG8,620.0
Q86SQ7,E620D,0.1668,benign,SDCCAG8,620.0
Q86SQ7,E620F,0.7931,pathogenic,SDCCAG8,620.0
Q86SQ7,E620G,0.1798,benign,SDCCAG8,620.0
Q86SQ7,E620H,0.402,ambiguous,SDCCAG8,620.0
Q86SQ7,E620I,0.4266,ambiguous,SDCCAG8,620.0
Q86SQ7,E620K,0.1038,benign,SDCCAG8,620.0
Q86SQ7,E620L,0.4583,ambiguous,SDCCAG8,620.0
Q86SQ7,E620M,0.4547,ambiguous,SDCCAG8,620.0
Q86SQ7,E620N,0.2856,benign,SDCCAG8,620.0
Q86SQ7,E620P,0.8928,pathogenic,SDCCAG8,620.0
Q86SQ7,E620Q,0.1274,benign,SDCCAG8,620.0
Q86SQ7,E620R,0.1916,benign,SDCCAG8,620.0
Q86SQ7,E620S,0.2391,benign,SDCCAG8,620.0
Q86SQ7,E620T,0.2049,benign,SDCCAG8,620.0
Q86SQ7,E620V,0.2434,benign,SDCCAG8,620.0
Q86SQ7,E620W,0.8832,pathogenic,SDCCAG8,620.0
Q86SQ7,E620Y,0.6277,pathogenic,SDCCAG8,620.0
Q86SQ7,I621A,0.2687,benign,SDCCAG8,621.0
Q86SQ7,I621C,0.7115,pathogenic,SDCCAG8,621.0
Q86SQ7,I621D,0.6782,pathogenic,SDCCAG8,621.0
Q86SQ7,I621E,0.5275,ambiguous,SDCCAG8,621.0
Q86SQ7,I621F,0.2005,benign,SDCCAG8,621.0
Q86SQ7,I621G,0.6043,pathogenic,SDCCAG8,621.0
Q86SQ7,I621H,0.4839,ambiguous,SDCCAG8,621.0
Q86SQ7,I621K,0.2922,benign,SDCCAG8,621.0
Q86SQ7,I621L,0.1325,benign,SDCCAG8,621.0
Q86SQ7,I621M,0.0765,benign,SDCCAG8,621.0
Q86SQ7,I621N,0.1921,benign,SDCCAG8,621.0
Q86SQ7,I621P,0.8878,pathogenic,SDCCAG8,621.0
Q86SQ7,I621Q,0.4345,ambiguous,SDCCAG8,621.0
Q86SQ7,I621R,0.2488,benign,SDCCAG8,621.0
Q86SQ7,I621S,0.2963,benign,SDCCAG8,621.0
Q86SQ7,I621T,0.1216,benign,SDCCAG8,621.0
Q86SQ7,I621V,0.1018,benign,SDCCAG8,621.0
Q86SQ7,I621W,0.7089,pathogenic,SDCCAG8,621.0
Q86SQ7,I621Y,0.4779,ambiguous,SDCCAG8,621.0
Q86SQ7,A622C,0.3473,ambiguous,SDCCAG8,622.0
Q86SQ7,A622D,0.1752,benign,SDCCAG8,622.0
Q86SQ7,A622E,0.1904,benign,SDCCAG8,622.0
Q86SQ7,A622F,0.2119,benign,SDCCAG8,622.0
Q86SQ7,A622G,0.1222,benign,SDCCAG8,622.0
Q86SQ7,A622H,0.3055,benign,SDCCAG8,622.0
Q86SQ7,A622I,0.1803,benign,SDCCAG8,622.0
Q86SQ7,A622K,0.3139,benign,SDCCAG8,622.0
Q86SQ7,A622L,0.1456,benign,SDCCAG8,622.0
Q86SQ7,A622M,0.2084,benign,SDCCAG8,622.0
Q86SQ7,A622N,0.1782,benign,SDCCAG8,622.0
Q86SQ7,A622P,0.5551,ambiguous,SDCCAG8,622.0
Q86SQ7,A622Q,0.2442,benign,SDCCAG8,622.0
Q86SQ7,A622R,0.2472,benign,SDCCAG8,622.0
Q86SQ7,A622S,0.0813,benign,SDCCAG8,622.0
Q86SQ7,A622T,0.0721,benign,SDCCAG8,622.0
Q86SQ7,A622V,0.1007,benign,SDCCAG8,622.0
Q86SQ7,A622W,0.5484,ambiguous,SDCCAG8,622.0
Q86SQ7,A622Y,0.3152,benign,SDCCAG8,622.0
Q86SQ7,Q623A,0.1802,benign,SDCCAG8,623.0
Q86SQ7,Q623C,0.4726,ambiguous,SDCCAG8,623.0
Q86SQ7,Q623D,0.3163,benign,SDCCAG8,623.0
Q86SQ7,Q623E,0.0853,benign,SDCCAG8,623.0
Q86SQ7,Q623F,0.4826,ambiguous,SDCCAG8,623.0
Q86SQ7,Q623G,0.2158,benign,SDCCAG8,623.0
Q86SQ7,Q623H,0.1508,benign,SDCCAG8,623.0
Q86SQ7,Q623I,0.2297,benign,SDCCAG8,623.0
Q86SQ7,Q623K,0.081,benign,SDCCAG8,623.0
Q86SQ7,Q623L,0.0904,benign,SDCCAG8,623.0
Q86SQ7,Q623M,0.2663,benign,SDCCAG8,623.0
Q86SQ7,Q623N,0.2403,benign,SDCCAG8,623.0
Q86SQ7,Q623P,0.3796,ambiguous,SDCCAG8,623.0
Q86SQ7,Q623R,0.0844,benign,SDCCAG8,623.0
Q86SQ7,Q623S,0.2333,benign,SDCCAG8,623.0
Q86SQ7,Q623T,0.1687,benign,SDCCAG8,623.0
Q86SQ7,Q623V,0.1539,benign,SDCCAG8,623.0
Q86SQ7,Q623W,0.3267,benign,SDCCAG8,623.0
Q86SQ7,Q623Y,0.3092,benign,SDCCAG8,623.0
Q86SQ7,L624A,0.417,ambiguous,SDCCAG8,624.0
Q86SQ7,L624C,0.4911,ambiguous,SDCCAG8,624.0
Q86SQ7,L624D,0.7501,pathogenic,SDCCAG8,624.0
Q86SQ7,L624E,0.5046,ambiguous,SDCCAG8,624.0
Q86SQ7,L624F,0.1854,benign,SDCCAG8,624.0
Q86SQ7,L624G,0.6234,pathogenic,SDCCAG8,624.0
Q86SQ7,L624H,0.2711,benign,SDCCAG8,624.0
Q86SQ7,L624I,0.1279,benign,SDCCAG8,624.0
Q86SQ7,L624K,0.3886,ambiguous,SDCCAG8,624.0
Q86SQ7,L624M,0.1664,benign,SDCCAG8,624.0
Q86SQ7,L624N,0.4797,ambiguous,SDCCAG8,624.0
Q86SQ7,L624P,0.9156,pathogenic,SDCCAG8,624.0
Q86SQ7,L624Q,0.2403,benign,SDCCAG8,624.0
Q86SQ7,L624R,0.2544,benign,SDCCAG8,624.0
Q86SQ7,L624S,0.488,ambiguous,SDCCAG8,624.0
Q86SQ7,L624T,0.4087,ambiguous,SDCCAG8,624.0
Q86SQ7,L624V,0.1358,benign,SDCCAG8,624.0
Q86SQ7,L624W,0.2408,benign,SDCCAG8,624.0
Q86SQ7,L624Y,0.3113,benign,SDCCAG8,624.0
Q86SQ7,S625A,0.13,benign,SDCCAG8,625.0
Q86SQ7,S625C,0.1086,benign,SDCCAG8,625.0
Q86SQ7,S625D,0.2487,benign,SDCCAG8,625.0
Q86SQ7,S625E,0.392,ambiguous,SDCCAG8,625.0
Q86SQ7,S625F,0.2843,benign,SDCCAG8,625.0
Q86SQ7,S625G,0.0917,benign,SDCCAG8,625.0
Q86SQ7,S625H,0.2138,benign,SDCCAG8,625.0
Q86SQ7,S625I,0.1379,benign,SDCCAG8,625.0
Q86SQ7,S625K,0.4505,ambiguous,SDCCAG8,625.0
Q86SQ7,S625L,0.1601,benign,SDCCAG8,625.0
Q86SQ7,S625M,0.2373,benign,SDCCAG8,625.0
Q86SQ7,S625N,0.0971,benign,SDCCAG8,625.0
Q86SQ7,S625P,0.7473,pathogenic,SDCCAG8,625.0
Q86SQ7,S625Q,0.3667,ambiguous,SDCCAG8,625.0
Q86SQ7,S625R,0.3557,ambiguous,SDCCAG8,625.0
Q86SQ7,S625T,0.0838,benign,SDCCAG8,625.0
Q86SQ7,S625V,0.2107,benign,SDCCAG8,625.0
Q86SQ7,S625W,0.3191,benign,SDCCAG8,625.0
Q86SQ7,S625Y,0.1917,benign,SDCCAG8,625.0
Q86SQ7,Q626A,0.2453,benign,SDCCAG8,626.0
Q86SQ7,Q626C,0.7098,pathogenic,SDCCAG8,626.0
Q86SQ7,Q626D,0.3909,ambiguous,SDCCAG8,626.0
Q86SQ7,Q626E,0.0782,benign,SDCCAG8,626.0
Q86SQ7,Q626F,0.7475,pathogenic,SDCCAG8,626.0
Q86SQ7,Q626G,0.2688,benign,SDCCAG8,626.0
Q86SQ7,Q626H,0.2855,benign,SDCCAG8,626.0
Q86SQ7,Q626I,0.4197,ambiguous,SDCCAG8,626.0
Q86SQ7,Q626K,0.0951,benign,SDCCAG8,626.0
Q86SQ7,Q626L,0.1524,benign,SDCCAG8,626.0
Q86SQ7,Q626M,0.3881,ambiguous,SDCCAG8,626.0
Q86SQ7,Q626N,0.3591,ambiguous,SDCCAG8,626.0
Q86SQ7,Q626P,0.6113,pathogenic,SDCCAG8,626.0
Q86SQ7,Q626R,0.0974,benign,SDCCAG8,626.0
Q86SQ7,Q626S,0.3329,benign,SDCCAG8,626.0
Q86SQ7,Q626T,0.2515,benign,SDCCAG8,626.0
Q86SQ7,Q626V,0.2774,benign,SDCCAG8,626.0
Q86SQ7,Q626W,0.5049,ambiguous,SDCCAG8,626.0
Q86SQ7,Q626Y,0.5678,pathogenic,SDCCAG8,626.0
Q86SQ7,E627A,0.345,ambiguous,SDCCAG8,627.0
Q86SQ7,E627C,0.9464,pathogenic,SDCCAG8,627.0
Q86SQ7,E627D,0.3112,benign,SDCCAG8,627.0
Q86SQ7,E627F,0.9222,pathogenic,SDCCAG8,627.0
Q86SQ7,E627G,0.259,benign,SDCCAG8,627.0
Q86SQ7,E627H,0.7043,pathogenic,SDCCAG8,627.0
Q86SQ7,E627I,0.6641,pathogenic,SDCCAG8,627.0
Q86SQ7,E627K,0.2409,benign,SDCCAG8,627.0
Q86SQ7,E627L,0.6631,pathogenic,SDCCAG8,627.0
Q86SQ7,E627M,0.6863,pathogenic,SDCCAG8,627.0
Q86SQ7,E627N,0.5155,ambiguous,SDCCAG8,627.0
Q86SQ7,E627P,0.9807,pathogenic,SDCCAG8,627.0
Q86SQ7,E627Q,0.2086,benign,SDCCAG8,627.0
Q86SQ7,E627R,0.4002,ambiguous,SDCCAG8,627.0
Q86SQ7,E627S,0.5052,ambiguous,SDCCAG8,627.0
Q86SQ7,E627T,0.5006,ambiguous,SDCCAG8,627.0
Q86SQ7,E627V,0.4183,ambiguous,SDCCAG8,627.0
Q86SQ7,E627W,0.9487,pathogenic,SDCCAG8,627.0
Q86SQ7,E627Y,0.8197,pathogenic,SDCCAG8,627.0
Q86SQ7,K628A,0.506,ambiguous,SDCCAG8,628.0
Q86SQ7,K628C,0.7549,pathogenic,SDCCAG8,628.0
Q86SQ7,K628D,0.6328,pathogenic,SDCCAG8,628.0
Q86SQ7,K628E,0.2396,benign,SDCCAG8,628.0
Q86SQ7,K628F,0.8444,pathogenic,SDCCAG8,628.0
Q86SQ7,K628G,0.4769,ambiguous,SDCCAG8,628.0
Q86SQ7,K628H,0.3687,ambiguous,SDCCAG8,628.0
Q86SQ7,K628I,0.3824,ambiguous,SDCCAG8,628.0
Q86SQ7,K628L,0.4072,ambiguous,SDCCAG8,628.0
Q86SQ7,K628M,0.2264,benign,SDCCAG8,628.0
Q86SQ7,K628N,0.2366,benign,SDCCAG8,628.0
Q86SQ7,K628P,0.9613,pathogenic,SDCCAG8,628.0
Q86SQ7,K628Q,0.1746,benign,SDCCAG8,628.0
Q86SQ7,K628R,0.1116,benign,SDCCAG8,628.0
Q86SQ7,K628S,0.4744,ambiguous,SDCCAG8,628.0
Q86SQ7,K628T,0.2293,benign,SDCCAG8,628.0
Q86SQ7,K628V,0.3847,ambiguous,SDCCAG8,628.0
Q86SQ7,K628W,0.8165,pathogenic,SDCCAG8,628.0
Q86SQ7,K628Y,0.5702,pathogenic,SDCCAG8,628.0
Q86SQ7,R629A,0.1562,benign,SDCCAG8,629.0
Q86SQ7,R629C,0.185,benign,SDCCAG8,629.0
Q86SQ7,R629D,0.3195,benign,SDCCAG8,629.0
Q86SQ7,R629E,0.1442,benign,SDCCAG8,629.0
Q86SQ7,R629F,0.3372,benign,SDCCAG8,629.0
Q86SQ7,R629G,0.1006,benign,SDCCAG8,629.0
Q86SQ7,R629H,0.1112,benign,SDCCAG8,629.0
Q86SQ7,R629I,0.0897,benign,SDCCAG8,629.0
Q86SQ7,R629K,0.0801,benign,SDCCAG8,629.0
Q86SQ7,R629L,0.1342,benign,SDCCAG8,629.0
Q86SQ7,R629M,0.0834,benign,SDCCAG8,629.0
Q86SQ7,R629N,0.2422,benign,SDCCAG8,629.0
Q86SQ7,R629P,0.7145,pathogenic,SDCCAG8,629.0
Q86SQ7,R629Q,0.0807,benign,SDCCAG8,629.0
Q86SQ7,R629S,0.1761,benign,SDCCAG8,629.0
Q86SQ7,R629T,0.0812,benign,SDCCAG8,629.0
Q86SQ7,R629V,0.1409,benign,SDCCAG8,629.0
Q86SQ7,R629W,0.1384,benign,SDCCAG8,629.0
Q86SQ7,R629Y,0.2567,benign,SDCCAG8,629.0
Q86SQ7,Y630A,0.6391,pathogenic,SDCCAG8,630.0
Q86SQ7,Y630C,0.2263,benign,SDCCAG8,630.0
Q86SQ7,Y630D,0.3099,benign,SDCCAG8,630.0
Q86SQ7,Y630E,0.6526,pathogenic,SDCCAG8,630.0
Q86SQ7,Y630F,0.1526,benign,SDCCAG8,630.0
Q86SQ7,Y630G,0.5244,ambiguous,SDCCAG8,630.0
Q86SQ7,Y630H,0.2335,benign,SDCCAG8,630.0
Q86SQ7,Y630I,0.572,pathogenic,SDCCAG8,630.0
Q86SQ7,Y630K,0.6422,pathogenic,SDCCAG8,630.0
Q86SQ7,Y630L,0.5312,ambiguous,SDCCAG8,630.0
Q86SQ7,Y630M,0.6928,pathogenic,SDCCAG8,630.0
Q86SQ7,Y630N,0.2391,benign,SDCCAG8,630.0
Q86SQ7,Y630P,0.9306,pathogenic,SDCCAG8,630.0
Q86SQ7,Y630Q,0.6031,pathogenic,SDCCAG8,630.0
Q86SQ7,Y630R,0.4977,ambiguous,SDCCAG8,630.0
Q86SQ7,Y630S,0.3774,ambiguous,SDCCAG8,630.0
Q86SQ7,Y630T,0.6148,pathogenic,SDCCAG8,630.0
Q86SQ7,Y630V,0.4749,ambiguous,SDCCAG8,630.0
Q86SQ7,Y630W,0.5474,ambiguous,SDCCAG8,630.0
Q86SQ7,T631A,0.0767,benign,SDCCAG8,631.0
Q86SQ7,T631C,0.3049,benign,SDCCAG8,631.0
Q86SQ7,T631D,0.4014,ambiguous,SDCCAG8,631.0
Q86SQ7,T631E,0.3336,benign,SDCCAG8,631.0
Q86SQ7,T631F,0.2299,benign,SDCCAG8,631.0
Q86SQ7,T631G,0.2726,benign,SDCCAG8,631.0
Q86SQ7,T631H,0.2426,benign,SDCCAG8,631.0
Q86SQ7,T631I,0.1147,benign,SDCCAG8,631.0
Q86SQ7,T631K,0.2505,benign,SDCCAG8,631.0
Q86SQ7,T631L,0.0838,benign,SDCCAG8,631.0
Q86SQ7,T631M,0.0992,benign,SDCCAG8,631.0
Q86SQ7,T631N,0.1426,benign,SDCCAG8,631.0
Q86SQ7,T631P,0.3486,ambiguous,SDCCAG8,631.0
Q86SQ7,T631Q,0.273,benign,SDCCAG8,631.0
Q86SQ7,T631R,0.1807,benign,SDCCAG8,631.0
Q86SQ7,T631S,0.1196,benign,SDCCAG8,631.0
Q86SQ7,T631V,0.1157,benign,SDCCAG8,631.0
Q86SQ7,T631W,0.5065,ambiguous,SDCCAG8,631.0
Q86SQ7,T631Y,0.2398,benign,SDCCAG8,631.0
Q86SQ7,Y632A,0.1519,benign,SDCCAG8,632.0
Q86SQ7,Y632C,0.0673,benign,SDCCAG8,632.0
Q86SQ7,Y632D,0.081,benign,SDCCAG8,632.0
Q86SQ7,Y632E,0.211,benign,SDCCAG8,632.0
Q86SQ7,Y632F,0.1093,benign,SDCCAG8,632.0
Q86SQ7,Y632G,0.1386,benign,SDCCAG8,632.0
Q86SQ7,Y632H,0.0779,benign,SDCCAG8,632.0
Q86SQ7,Y632I,0.2197,benign,SDCCAG8,632.0
Q86SQ7,Y632K,0.1878,benign,SDCCAG8,632.0
Q86SQ7,Y632L,0.2255,benign,SDCCAG8,632.0
Q86SQ7,Y632M,0.3163,benign,SDCCAG8,632.0
Q86SQ7,Y632N,0.069,benign,SDCCAG8,632.0
Q86SQ7,Y632P,0.7514,pathogenic,SDCCAG8,632.0
Q86SQ7,Y632Q,0.1586,benign,SDCCAG8,632.0
Q86SQ7,Y632R,0.1121,benign,SDCCAG8,632.0
Q86SQ7,Y632S,0.0742,benign,SDCCAG8,632.0
Q86SQ7,Y632T,0.1306,benign,SDCCAG8,632.0
Q86SQ7,Y632V,0.1607,benign,SDCCAG8,632.0
Q86SQ7,Y632W,0.2748,benign,SDCCAG8,632.0
Q86SQ7,D633A,0.1313,benign,SDCCAG8,633.0
Q86SQ7,D633C,0.3553,ambiguous,SDCCAG8,633.0
Q86SQ7,D633E,0.1228,benign,SDCCAG8,633.0
Q86SQ7,D633F,0.4164,ambiguous,SDCCAG8,633.0
Q86SQ7,D633G,0.0963,benign,SDCCAG8,633.0
Q86SQ7,D633H,0.1393,benign,SDCCAG8,633.0
Q86SQ7,D633I,0.2467,benign,SDCCAG8,633.0
Q86SQ7,D633K,0.2141,benign,SDCCAG8,633.0
Q86SQ7,D633L,0.2553,benign,SDCCAG8,633.0
Q86SQ7,D633M,0.4879,ambiguous,SDCCAG8,633.0
Q86SQ7,D633N,0.0871,benign,SDCCAG8,633.0
Q86SQ7,D633P,0.732,pathogenic,SDCCAG8,633.0
Q86SQ7,D633Q,0.1923,benign,SDCCAG8,633.0
Q86SQ7,D633R,0.2017,benign,SDCCAG8,633.0
Q86SQ7,D633S,0.1013,benign,SDCCAG8,633.0
Q86SQ7,D633T,0.1623,benign,SDCCAG8,633.0
Q86SQ7,D633V,0.15,benign,SDCCAG8,633.0
Q86SQ7,D633W,0.6868,pathogenic,SDCCAG8,633.0
Q86SQ7,D633Y,0.1479,benign,SDCCAG8,633.0
Q86SQ7,K634A,0.4325,ambiguous,SDCCAG8,634.0
Q86SQ7,K634C,0.6903,pathogenic,SDCCAG8,634.0
Q86SQ7,K634D,0.7672,pathogenic,SDCCAG8,634.0
Q86SQ7,K634E,0.2471,benign,SDCCAG8,634.0
Q86SQ7,K634F,0.8072,pathogenic,SDCCAG8,634.0
Q86SQ7,K634G,0.6162,pathogenic,SDCCAG8,634.0
Q86SQ7,K634H,0.333,benign,SDCCAG8,634.0
Q86SQ7,K634I,0.3288,benign,SDCCAG8,634.0
Q86SQ7,K634L,0.3455,ambiguous,SDCCAG8,634.0
Q86SQ7,K634M,0.2233,benign,SDCCAG8,634.0
Q86SQ7,K634N,0.5601,ambiguous,SDCCAG8,634.0
Q86SQ7,K634P,0.9531,pathogenic,SDCCAG8,634.0
Q86SQ7,K634Q,0.1464,benign,SDCCAG8,634.0
Q86SQ7,K634R,0.0854,benign,SDCCAG8,634.0
Q86SQ7,K634S,0.5395,ambiguous,SDCCAG8,634.0
Q86SQ7,K634T,0.1639,benign,SDCCAG8,634.0
Q86SQ7,K634V,0.3264,benign,SDCCAG8,634.0
Q86SQ7,K634W,0.8186,pathogenic,SDCCAG8,634.0
Q86SQ7,K634Y,0.6261,pathogenic,SDCCAG8,634.0
Q86SQ7,L635A,0.26,benign,SDCCAG8,635.0
Q86SQ7,L635C,0.5725,pathogenic,SDCCAG8,635.0
Q86SQ7,L635D,0.777,pathogenic,SDCCAG8,635.0
Q86SQ7,L635E,0.4365,ambiguous,SDCCAG8,635.0
Q86SQ7,L635F,0.2713,benign,SDCCAG8,635.0
Q86SQ7,L635G,0.6054,pathogenic,SDCCAG8,635.0
Q86SQ7,L635H,0.3264,benign,SDCCAG8,635.0
Q86SQ7,L635I,0.1028,benign,SDCCAG8,635.0
Q86SQ7,L635K,0.4012,ambiguous,SDCCAG8,635.0
Q86SQ7,L635M,0.1246,benign,SDCCAG8,635.0
Q86SQ7,L635N,0.4834,ambiguous,SDCCAG8,635.0
Q86SQ7,L635P,0.8303,pathogenic,SDCCAG8,635.0
Q86SQ7,L635Q,0.2353,benign,SDCCAG8,635.0
Q86SQ7,L635R,0.2743,benign,SDCCAG8,635.0
Q86SQ7,L635S,0.3969,ambiguous,SDCCAG8,635.0
Q86SQ7,L635T,0.2248,benign,SDCCAG8,635.0
Q86SQ7,L635V,0.1076,benign,SDCCAG8,635.0
Q86SQ7,L635W,0.3178,benign,SDCCAG8,635.0
Q86SQ7,L635Y,0.4589,ambiguous,SDCCAG8,635.0
Q86SQ7,G636A,0.0928,benign,SDCCAG8,636.0
Q86SQ7,G636C,0.1593,benign,SDCCAG8,636.0
Q86SQ7,G636D,0.1375,benign,SDCCAG8,636.0
Q86SQ7,G636E,0.0657,benign,SDCCAG8,636.0
Q86SQ7,G636F,0.3967,ambiguous,SDCCAG8,636.0
Q86SQ7,G636H,0.203,benign,SDCCAG8,636.0
Q86SQ7,G636I,0.1648,benign,SDCCAG8,636.0
Q86SQ7,G636K,0.1287,benign,SDCCAG8,636.0
Q86SQ7,G636L,0.1951,benign,SDCCAG8,636.0
Q86SQ7,G636M,0.2492,benign,SDCCAG8,636.0
Q86SQ7,G636N,0.2002,benign,SDCCAG8,636.0
Q86SQ7,G636P,0.7638,pathogenic,SDCCAG8,636.0
Q86SQ7,G636Q,0.1115,benign,SDCCAG8,636.0
Q86SQ7,G636R,0.1029,benign,SDCCAG8,636.0
Q86SQ7,G636S,0.1145,benign,SDCCAG8,636.0
Q86SQ7,G636T,0.1108,benign,SDCCAG8,636.0
Q86SQ7,G636V,0.1027,benign,SDCCAG8,636.0
Q86SQ7,G636W,0.1871,benign,SDCCAG8,636.0
Q86SQ7,G636Y,0.2645,benign,SDCCAG8,636.0
Q86SQ7,K637A,0.4482,ambiguous,SDCCAG8,637.0
Q86SQ7,K637C,0.7226,pathogenic,SDCCAG8,637.0
Q86SQ7,K637D,0.5526,ambiguous,SDCCAG8,637.0
Q86SQ7,K637E,0.226,benign,SDCCAG8,637.0
Q86SQ7,K637F,0.7202,pathogenic,SDCCAG8,637.0
Q86SQ7,K637G,0.5403,ambiguous,SDCCAG8,637.0
Q86SQ7,K637H,0.2981,benign,SDCCAG8,637.0
Q86SQ7,K637I,0.2998,benign,SDCCAG8,637.0
Q86SQ7,K637L,0.3512,ambiguous,SDCCAG8,637.0
Q86SQ7,K637M,0.2125,benign,SDCCAG8,637.0
Q86SQ7,K637N,0.3863,ambiguous,SDCCAG8,637.0
Q86SQ7,K637P,0.8911,pathogenic,SDCCAG8,637.0
Q86SQ7,K637Q,0.1665,benign,SDCCAG8,637.0
Q86SQ7,K637R,0.1007,benign,SDCCAG8,637.0
Q86SQ7,K637S,0.4771,ambiguous,SDCCAG8,637.0
Q86SQ7,K637T,0.2132,benign,SDCCAG8,637.0
Q86SQ7,K637V,0.3246,benign,SDCCAG8,637.0
Q86SQ7,K637W,0.7487,pathogenic,SDCCAG8,637.0
Q86SQ7,K637Y,0.5413,ambiguous,SDCCAG8,637.0
Q86SQ7,L638A,0.4283,ambiguous,SDCCAG8,638.0
Q86SQ7,L638C,0.5879,pathogenic,SDCCAG8,638.0
Q86SQ7,L638D,0.8495,pathogenic,SDCCAG8,638.0
Q86SQ7,L638E,0.4868,ambiguous,SDCCAG8,638.0
Q86SQ7,L638F,0.2455,benign,SDCCAG8,638.0
Q86SQ7,L638G,0.6823,pathogenic,SDCCAG8,638.0
Q86SQ7,L638H,0.3741,ambiguous,SDCCAG8,638.0
Q86SQ7,L638I,0.1462,benign,SDCCAG8,638.0
Q86SQ7,L638K,0.4393,ambiguous,SDCCAG8,638.0
Q86SQ7,L638M,0.1233,benign,SDCCAG8,638.0
Q86SQ7,L638N,0.5865,pathogenic,SDCCAG8,638.0
Q86SQ7,L638P,0.923,pathogenic,SDCCAG8,638.0
Q86SQ7,L638Q,0.2113,benign,SDCCAG8,638.0
Q86SQ7,L638R,0.3133,benign,SDCCAG8,638.0
Q86SQ7,L638S,0.5065,ambiguous,SDCCAG8,638.0
Q86SQ7,L638T,0.361,ambiguous,SDCCAG8,638.0
Q86SQ7,L638V,0.1318,benign,SDCCAG8,638.0
Q86SQ7,L638W,0.2607,benign,SDCCAG8,638.0
Q86SQ7,L638Y,0.4163,ambiguous,SDCCAG8,638.0
Q86SQ7,Q639A,0.285,benign,SDCCAG8,639.0
Q86SQ7,Q639C,0.5946,pathogenic,SDCCAG8,639.0
Q86SQ7,Q639D,0.4828,ambiguous,SDCCAG8,639.0
Q86SQ7,Q639E,0.0913,benign,SDCCAG8,639.0
Q86SQ7,Q639F,0.6948,pathogenic,SDCCAG8,639.0
Q86SQ7,Q639G,0.2431,benign,SDCCAG8,639.0
Q86SQ7,Q639H,0.2422,benign,SDCCAG8,639.0
Q86SQ7,Q639I,0.4008,ambiguous,SDCCAG8,639.0
Q86SQ7,Q639K,0.1007,benign,SDCCAG8,639.0
Q86SQ7,Q639L,0.1418,benign,SDCCAG8,639.0
Q86SQ7,Q639M,0.3941,ambiguous,SDCCAG8,639.0
Q86SQ7,Q639N,0.3686,ambiguous,SDCCAG8,639.0
Q86SQ7,Q639P,0.5257,ambiguous,SDCCAG8,639.0
Q86SQ7,Q639R,0.0938,benign,SDCCAG8,639.0
Q86SQ7,Q639S,0.3546,ambiguous,SDCCAG8,639.0
Q86SQ7,Q639T,0.2635,benign,SDCCAG8,639.0
Q86SQ7,Q639V,0.2732,benign,SDCCAG8,639.0
Q86SQ7,Q639W,0.4047,ambiguous,SDCCAG8,639.0
Q86SQ7,Q639Y,0.4723,ambiguous,SDCCAG8,639.0
Q86SQ7,R640A,0.148,benign,SDCCAG8,640.0
Q86SQ7,R640C,0.1725,benign,SDCCAG8,640.0
Q86SQ7,R640D,0.3083,benign,SDCCAG8,640.0
Q86SQ7,R640E,0.1274,benign,SDCCAG8,640.0
Q86SQ7,R640F,0.3305,benign,SDCCAG8,640.0
Q86SQ7,R640G,0.0975,benign,SDCCAG8,640.0
Q86SQ7,R640H,0.106,benign,SDCCAG8,640.0
Q86SQ7,R640I,0.1121,benign,SDCCAG8,640.0
Q86SQ7,R640K,0.0638,benign,SDCCAG8,640.0
Q86SQ7,R640L,0.1218,benign,SDCCAG8,640.0
Q86SQ7,R640M,0.0979,benign,SDCCAG8,640.0
Q86SQ7,R640N,0.2271,benign,SDCCAG8,640.0
Q86SQ7,R640P,0.7206,pathogenic,SDCCAG8,640.0
Q86SQ7,R640Q,0.0738,benign,SDCCAG8,640.0
Q86SQ7,R640S,0.1812,benign,SDCCAG8,640.0
Q86SQ7,R640T,0.094,benign,SDCCAG8,640.0
Q86SQ7,R640V,0.151,benign,SDCCAG8,640.0
Q86SQ7,R640W,0.1324,benign,SDCCAG8,640.0
Q86SQ7,R640Y,0.2595,benign,SDCCAG8,640.0
Q86SQ7,R641A,0.6808,pathogenic,SDCCAG8,641.0
Q86SQ7,R641C,0.2804,benign,SDCCAG8,641.0
Q86SQ7,R641D,0.8222,pathogenic,SDCCAG8,641.0
Q86SQ7,R641E,0.4958,ambiguous,SDCCAG8,641.0
Q86SQ7,R641F,0.8115,pathogenic,SDCCAG8,641.0
Q86SQ7,R641G,0.4836,ambiguous,SDCCAG8,641.0
Q86SQ7,R641H,0.1624,benign,SDCCAG8,641.0
Q86SQ7,R641I,0.4332,ambiguous,SDCCAG8,641.0
Q86SQ7,R641K,0.1755,benign,SDCCAG8,641.0
Q86SQ7,R641L,0.4334,ambiguous,SDCCAG8,641.0
Q86SQ7,R641M,0.4319,ambiguous,SDCCAG8,641.0
Q86SQ7,R641N,0.8024,pathogenic,SDCCAG8,641.0
Q86SQ7,R641P,0.9636,pathogenic,SDCCAG8,641.0
Q86SQ7,R641Q,0.1224,benign,SDCCAG8,641.0
Q86SQ7,R641S,0.7767,pathogenic,SDCCAG8,641.0
Q86SQ7,R641T,0.4711,ambiguous,SDCCAG8,641.0
Q86SQ7,R641V,0.5703,pathogenic,SDCCAG8,641.0
Q86SQ7,R641W,0.2597,benign,SDCCAG8,641.0
Q86SQ7,R641Y,0.5793,pathogenic,SDCCAG8,641.0
Q86SQ7,N642A,0.4243,ambiguous,SDCCAG8,642.0
Q86SQ7,N642C,0.3042,benign,SDCCAG8,642.0
Q86SQ7,N642D,0.3385,benign,SDCCAG8,642.0
Q86SQ7,N642E,0.5339,ambiguous,SDCCAG8,642.0
Q86SQ7,N642F,0.8069,pathogenic,SDCCAG8,642.0
Q86SQ7,N642G,0.4224,ambiguous,SDCCAG8,642.0
Q86SQ7,N642H,0.1883,benign,SDCCAG8,642.0
Q86SQ7,N642I,0.293,benign,SDCCAG8,642.0
Q86SQ7,N642K,0.4504,ambiguous,SDCCAG8,642.0
Q86SQ7,N642L,0.381,ambiguous,SDCCAG8,642.0
Q86SQ7,N642M,0.4153,ambiguous,SDCCAG8,642.0
Q86SQ7,N642P,0.9616,pathogenic,SDCCAG8,642.0
Q86SQ7,N642Q,0.5248,ambiguous,SDCCAG8,642.0
Q86SQ7,N642R,0.5083,ambiguous,SDCCAG8,642.0
Q86SQ7,N642S,0.1497,benign,SDCCAG8,642.0
Q86SQ7,N642T,0.1986,benign,SDCCAG8,642.0
Q86SQ7,N642V,0.3041,benign,SDCCAG8,642.0
Q86SQ7,N642W,0.8328,pathogenic,SDCCAG8,642.0
Q86SQ7,N642Y,0.2649,benign,SDCCAG8,642.0
Q86SQ7,E643A,0.0994,benign,SDCCAG8,643.0
Q86SQ7,E643C,0.5549,ambiguous,SDCCAG8,643.0
Q86SQ7,E643D,0.0777,benign,SDCCAG8,643.0
Q86SQ7,E643F,0.5017,ambiguous,SDCCAG8,643.0
Q86SQ7,E643G,0.0846,benign,SDCCAG8,643.0
Q86SQ7,E643H,0.208,benign,SDCCAG8,643.0
Q86SQ7,E643I,0.2144,benign,SDCCAG8,643.0
Q86SQ7,E643K,0.0742,benign,SDCCAG8,643.0
Q86SQ7,E643L,0.2192,benign,SDCCAG8,643.0
Q86SQ7,E643M,0.2767,benign,SDCCAG8,643.0
Q86SQ7,E643N,0.1172,benign,SDCCAG8,643.0
Q86SQ7,E643P,0.8194,pathogenic,SDCCAG8,643.0
Q86SQ7,E643Q,0.0912,benign,SDCCAG8,643.0
Q86SQ7,E643R,0.1115,benign,SDCCAG8,643.0
Q86SQ7,E643S,0.1206,benign,SDCCAG8,643.0
Q86SQ7,E643T,0.1258,benign,SDCCAG8,643.0
Q86SQ7,E643V,0.13,benign,SDCCAG8,643.0
Q86SQ7,E643W,0.6258,pathogenic,SDCCAG8,643.0
Q86SQ7,E643Y,0.3315,benign,SDCCAG8,643.0
Q86SQ7,E644A,0.1366,benign,SDCCAG8,644.0
Q86SQ7,E644C,0.8489,pathogenic,SDCCAG8,644.0
Q86SQ7,E644D,0.1543,benign,SDCCAG8,644.0
Q86SQ7,E644F,0.7033,pathogenic,SDCCAG8,644.0
Q86SQ7,E644G,0.202,benign,SDCCAG8,644.0
Q86SQ7,E644H,0.4655,ambiguous,SDCCAG8,644.0
Q86SQ7,E644I,0.3064,benign,SDCCAG8,644.0
Q86SQ7,E644K,0.1864,benign,SDCCAG8,644.0
Q86SQ7,E644L,0.368,ambiguous,SDCCAG8,644.0
Q86SQ7,E644M,0.3929,ambiguous,SDCCAG8,644.0
Q86SQ7,E644N,0.3162,benign,SDCCAG8,644.0
Q86SQ7,E644P,0.9371,pathogenic,SDCCAG8,644.0
Q86SQ7,E644Q,0.1592,benign,SDCCAG8,644.0
Q86SQ7,E644R,0.3126,benign,SDCCAG8,644.0
Q86SQ7,E644S,0.2794,benign,SDCCAG8,644.0
Q86SQ7,E644T,0.2335,benign,SDCCAG8,644.0
Q86SQ7,E644V,0.1701,benign,SDCCAG8,644.0
Q86SQ7,E644W,0.8801,pathogenic,SDCCAG8,644.0
Q86SQ7,E644Y,0.5564,ambiguous,SDCCAG8,644.0
Q86SQ7,L645A,0.5751,pathogenic,SDCCAG8,645.0
Q86SQ7,L645C,0.8534,pathogenic,SDCCAG8,645.0
Q86SQ7,L645D,0.9244,pathogenic,SDCCAG8,645.0
Q86SQ7,L645E,0.7162,pathogenic,SDCCAG8,645.0
Q86SQ7,L645F,0.4157,ambiguous,SDCCAG8,645.0
Q86SQ7,L645G,0.8033,pathogenic,SDCCAG8,645.0
Q86SQ7,L645H,0.6414,pathogenic,SDCCAG8,645.0
Q86SQ7,L645I,0.2637,benign,SDCCAG8,645.0
Q86SQ7,L645K,0.633,pathogenic,SDCCAG8,645.0
Q86SQ7,L645M,0.1491,benign,SDCCAG8,645.0
Q86SQ7,L645N,0.778,pathogenic,SDCCAG8,645.0
Q86SQ7,L645P,0.9577,pathogenic,SDCCAG8,645.0
Q86SQ7,L645Q,0.4905,ambiguous,SDCCAG8,645.0
Q86SQ7,L645R,0.5079,ambiguous,SDCCAG8,645.0
Q86SQ7,L645S,0.7704,pathogenic,SDCCAG8,645.0
Q86SQ7,L645T,0.5206,ambiguous,SDCCAG8,645.0
Q86SQ7,L645V,0.2384,benign,SDCCAG8,645.0
Q86SQ7,L645W,0.4456,ambiguous,SDCCAG8,645.0
Q86SQ7,L645Y,0.6599,pathogenic,SDCCAG8,645.0
Q86SQ7,E646A,0.3316,benign,SDCCAG8,646.0
Q86SQ7,E646C,0.9513,pathogenic,SDCCAG8,646.0
Q86SQ7,E646D,0.4513,ambiguous,SDCCAG8,646.0
Q86SQ7,E646F,0.9445,pathogenic,SDCCAG8,646.0
Q86SQ7,E646G,0.3186,benign,SDCCAG8,646.0
Q86SQ7,E646H,0.7706,pathogenic,SDCCAG8,646.0
Q86SQ7,E646I,0.7755,pathogenic,SDCCAG8,646.0
Q86SQ7,E646K,0.3509,ambiguous,SDCCAG8,646.0
Q86SQ7,E646L,0.6885,pathogenic,SDCCAG8,646.0
Q86SQ7,E646M,0.744,pathogenic,SDCCAG8,646.0
Q86SQ7,E646N,0.6961,pathogenic,SDCCAG8,646.0
Q86SQ7,E646P,0.9708,pathogenic,SDCCAG8,646.0
Q86SQ7,E646Q,0.2658,benign,SDCCAG8,646.0
Q86SQ7,E646R,0.4606,ambiguous,SDCCAG8,646.0
Q86SQ7,E646S,0.499,ambiguous,SDCCAG8,646.0
Q86SQ7,E646T,0.4926,ambiguous,SDCCAG8,646.0
Q86SQ7,E646V,0.5047,ambiguous,SDCCAG8,646.0
Q86SQ7,E646W,0.9647,pathogenic,SDCCAG8,646.0
Q86SQ7,E646Y,0.8911,pathogenic,SDCCAG8,646.0
Q86SQ7,E647A,0.0901,benign,SDCCAG8,647.0
Q86SQ7,E647C,0.6859,pathogenic,SDCCAG8,647.0
Q86SQ7,E647D,0.1061,benign,SDCCAG8,647.0
Q86SQ7,E647F,0.5182,ambiguous,SDCCAG8,647.0
Q86SQ7,E647G,0.0864,benign,SDCCAG8,647.0
Q86SQ7,E647H,0.2574,benign,SDCCAG8,647.0
Q86SQ7,E647I,0.2235,benign,SDCCAG8,647.0
Q86SQ7,E647K,0.0744,benign,SDCCAG8,647.0
Q86SQ7,E647L,0.205,benign,SDCCAG8,647.0
Q86SQ7,E647M,0.2547,benign,SDCCAG8,647.0
Q86SQ7,E647N,0.1556,benign,SDCCAG8,647.0
Q86SQ7,E647P,0.8383,pathogenic,SDCCAG8,647.0
Q86SQ7,E647Q,0.0834,benign,SDCCAG8,647.0
Q86SQ7,E647R,0.1282,benign,SDCCAG8,647.0
Q86SQ7,E647S,0.1399,benign,SDCCAG8,647.0
Q86SQ7,E647T,0.1384,benign,SDCCAG8,647.0
Q86SQ7,E647V,0.132,benign,SDCCAG8,647.0
Q86SQ7,E647W,0.6354,pathogenic,SDCCAG8,647.0
Q86SQ7,E647Y,0.3498,ambiguous,SDCCAG8,647.0
Q86SQ7,Q648A,0.3468,ambiguous,SDCCAG8,648.0
Q86SQ7,Q648C,0.9021,pathogenic,SDCCAG8,648.0
Q86SQ7,Q648D,0.6087,pathogenic,SDCCAG8,648.0
Q86SQ7,Q648E,0.1126,benign,SDCCAG8,648.0
Q86SQ7,Q648F,0.9111,pathogenic,SDCCAG8,648.0
Q86SQ7,Q648G,0.5347,ambiguous,SDCCAG8,648.0
Q86SQ7,Q648H,0.618,pathogenic,SDCCAG8,648.0
Q86SQ7,Q648I,0.5343,ambiguous,SDCCAG8,648.0
Q86SQ7,Q648K,0.2057,benign,SDCCAG8,648.0
Q86SQ7,Q648L,0.2656,benign,SDCCAG8,648.0
Q86SQ7,Q648M,0.489,ambiguous,SDCCAG8,648.0
Q86SQ7,Q648N,0.5103,ambiguous,SDCCAG8,648.0
Q86SQ7,Q648P,0.8386,pathogenic,SDCCAG8,648.0
Q86SQ7,Q648R,0.2676,benign,SDCCAG8,648.0
Q86SQ7,Q648S,0.5282,ambiguous,SDCCAG8,648.0
Q86SQ7,Q648T,0.3483,ambiguous,SDCCAG8,648.0
Q86SQ7,Q648V,0.3936,ambiguous,SDCCAG8,648.0
Q86SQ7,Q648W,0.8791,pathogenic,SDCCAG8,648.0
Q86SQ7,Q648Y,0.7887,pathogenic,SDCCAG8,648.0
Q86SQ7,C649A,0.6622,pathogenic,SDCCAG8,649.0
Q86SQ7,C649D,0.9121,pathogenic,SDCCAG8,649.0
Q86SQ7,C649E,0.9572,pathogenic,SDCCAG8,649.0
Q86SQ7,C649F,0.6253,pathogenic,SDCCAG8,649.0
Q86SQ7,C649G,0.3846,ambiguous,SDCCAG8,649.0
Q86SQ7,C649H,0.833,pathogenic,SDCCAG8,649.0
Q86SQ7,C649I,0.7732,pathogenic,SDCCAG8,649.0
Q86SQ7,C649K,0.9632,pathogenic,SDCCAG8,649.0
Q86SQ7,C649L,0.6842,pathogenic,SDCCAG8,649.0
Q86SQ7,C649M,0.8084,pathogenic,SDCCAG8,649.0
Q86SQ7,C649N,0.7083,pathogenic,SDCCAG8,649.0
Q86SQ7,C649P,0.9959,pathogenic,SDCCAG8,649.0
Q86SQ7,C649Q,0.9123,pathogenic,SDCCAG8,649.0
Q86SQ7,C649R,0.8092,pathogenic,SDCCAG8,649.0
Q86SQ7,C649S,0.5849,pathogenic,SDCCAG8,649.0
Q86SQ7,C649T,0.7143,pathogenic,SDCCAG8,649.0
Q86SQ7,C649V,0.6422,pathogenic,SDCCAG8,649.0
Q86SQ7,C649W,0.8472,pathogenic,SDCCAG8,649.0
Q86SQ7,C649Y,0.673,pathogenic,SDCCAG8,649.0
Q86SQ7,V650A,0.4385,ambiguous,SDCCAG8,650.0
Q86SQ7,V650C,0.7292,pathogenic,SDCCAG8,650.0
Q86SQ7,V650D,0.5376,ambiguous,SDCCAG8,650.0
Q86SQ7,V650E,0.4288,ambiguous,SDCCAG8,650.0
Q86SQ7,V650F,0.2025,benign,SDCCAG8,650.0
Q86SQ7,V650G,0.424,ambiguous,SDCCAG8,650.0
Q86SQ7,V650H,0.6217,pathogenic,SDCCAG8,650.0
Q86SQ7,V650I,0.0692,benign,SDCCAG8,650.0
Q86SQ7,V650K,0.4598,ambiguous,SDCCAG8,650.0
Q86SQ7,V650L,0.2461,benign,SDCCAG8,650.0
Q86SQ7,V650M,0.2137,benign,SDCCAG8,650.0
Q86SQ7,V650N,0.4742,ambiguous,SDCCAG8,650.0
Q86SQ7,V650P,0.9125,pathogenic,SDCCAG8,650.0
Q86SQ7,V650Q,0.4222,ambiguous,SDCCAG8,650.0
Q86SQ7,V650R,0.3514,ambiguous,SDCCAG8,650.0
Q86SQ7,V650S,0.4447,ambiguous,SDCCAG8,650.0
Q86SQ7,V650T,0.4228,ambiguous,SDCCAG8,650.0
Q86SQ7,V650W,0.7808,pathogenic,SDCCAG8,650.0
Q86SQ7,V650Y,0.5944,pathogenic,SDCCAG8,650.0
Q86SQ7,Q651A,0.2861,benign,SDCCAG8,651.0
Q86SQ7,Q651C,0.6954,pathogenic,SDCCAG8,651.0
Q86SQ7,Q651D,0.469,ambiguous,SDCCAG8,651.0
Q86SQ7,Q651E,0.091,benign,SDCCAG8,651.0
Q86SQ7,Q651F,0.7315,pathogenic,SDCCAG8,651.0
Q86SQ7,Q651G,0.3616,ambiguous,SDCCAG8,651.0
Q86SQ7,Q651H,0.2889,benign,SDCCAG8,651.0
Q86SQ7,Q651I,0.4304,ambiguous,SDCCAG8,651.0
Q86SQ7,Q651K,0.1179,benign,SDCCAG8,651.0
Q86SQ7,Q651L,0.1588,benign,SDCCAG8,651.0
Q86SQ7,Q651M,0.4254,ambiguous,SDCCAG8,651.0
Q86SQ7,Q651N,0.3885,ambiguous,SDCCAG8,651.0
Q86SQ7,Q651P,0.6077,pathogenic,SDCCAG8,651.0
Q86SQ7,Q651R,0.1142,benign,SDCCAG8,651.0
Q86SQ7,Q651S,0.3767,ambiguous,SDCCAG8,651.0
Q86SQ7,Q651T,0.2966,benign,SDCCAG8,651.0
Q86SQ7,Q651V,0.3092,benign,SDCCAG8,651.0
Q86SQ7,Q651W,0.5138,ambiguous,SDCCAG8,651.0
Q86SQ7,Q651Y,0.534,ambiguous,SDCCAG8,651.0
Q86SQ7,H652A,0.9368,pathogenic,SDCCAG8,652.0
Q86SQ7,H652C,0.7788,pathogenic,SDCCAG8,652.0
Q86SQ7,H652D,0.8557,pathogenic,SDCCAG8,652.0
Q86SQ7,H652E,0.9097,pathogenic,SDCCAG8,652.0
Q86SQ7,H652F,0.8509,pathogenic,SDCCAG8,652.0
Q86SQ7,H652G,0.9411,pathogenic,SDCCAG8,652.0
Q86SQ7,H652I,0.9495,pathogenic,SDCCAG8,652.0
Q86SQ7,H652K,0.8963,pathogenic,SDCCAG8,652.0
Q86SQ7,H652L,0.6388,pathogenic,SDCCAG8,652.0
Q86SQ7,H652M,0.9402,pathogenic,SDCCAG8,652.0
Q86SQ7,H652N,0.6596,pathogenic,SDCCAG8,652.0
Q86SQ7,H652P,0.9184,pathogenic,SDCCAG8,652.0
Q86SQ7,H652Q,0.8668,pathogenic,SDCCAG8,652.0
Q86SQ7,H652R,0.7195,pathogenic,SDCCAG8,652.0
Q86SQ7,H652S,0.925,pathogenic,SDCCAG8,652.0
Q86SQ7,H652T,0.9426,pathogenic,SDCCAG8,652.0
Q86SQ7,H652V,0.9234,pathogenic,SDCCAG8,652.0
Q86SQ7,H652W,0.8265,pathogenic,SDCCAG8,652.0
Q86SQ7,H652Y,0.4626,ambiguous,SDCCAG8,652.0
Q86SQ7,G653A,0.4909,ambiguous,SDCCAG8,653.0
Q86SQ7,G653C,0.6962,pathogenic,SDCCAG8,653.0
Q86SQ7,G653D,0.844,pathogenic,SDCCAG8,653.0
Q86SQ7,G653E,0.8339,pathogenic,SDCCAG8,653.0
Q86SQ7,G653F,0.9371,pathogenic,SDCCAG8,653.0
Q86SQ7,G653H,0.8874,pathogenic,SDCCAG8,653.0
Q86SQ7,G653I,0.8213,pathogenic,SDCCAG8,653.0
Q86SQ7,G653K,0.9093,pathogenic,SDCCAG8,653.0
Q86SQ7,G653L,0.889,pathogenic,SDCCAG8,653.0
Q86SQ7,G653M,0.9236,pathogenic,SDCCAG8,653.0
Q86SQ7,G653N,0.8587,pathogenic,SDCCAG8,653.0
Q86SQ7,G653P,0.9949,pathogenic,SDCCAG8,653.0
Q86SQ7,G653Q,0.8345,pathogenic,SDCCAG8,653.0
Q86SQ7,G653R,0.7834,pathogenic,SDCCAG8,653.0
Q86SQ7,G653S,0.3782,ambiguous,SDCCAG8,653.0
Q86SQ7,G653T,0.7068,pathogenic,SDCCAG8,653.0
Q86SQ7,G653V,0.7249,pathogenic,SDCCAG8,653.0
Q86SQ7,G653W,0.8161,pathogenic,SDCCAG8,653.0
Q86SQ7,G653Y,0.8861,pathogenic,SDCCAG8,653.0
Q86SQ7,R654A,0.1997,benign,SDCCAG8,654.0
Q86SQ7,R654C,0.2054,benign,SDCCAG8,654.0
Q86SQ7,R654D,0.478,ambiguous,SDCCAG8,654.0
Q86SQ7,R654E,0.1793,benign,SDCCAG8,654.0
Q86SQ7,R654F,0.3735,ambiguous,SDCCAG8,654.0
Q86SQ7,R654G,0.1736,benign,SDCCAG8,654.0
Q86SQ7,R654H,0.119,benign,SDCCAG8,654.0
Q86SQ7,R654I,0.108,benign,SDCCAG8,654.0
Q86SQ7,R654K,0.0751,benign,SDCCAG8,654.0
Q86SQ7,R654L,0.1424,benign,SDCCAG8,654.0
Q86SQ7,R654M,0.1124,benign,SDCCAG8,654.0
Q86SQ7,R654N,0.3418,ambiguous,SDCCAG8,654.0
Q86SQ7,R654P,0.827,pathogenic,SDCCAG8,654.0
Q86SQ7,R654Q,0.0922,benign,SDCCAG8,654.0
Q86SQ7,R654S,0.2832,benign,SDCCAG8,654.0
Q86SQ7,R654T,0.1018,benign,SDCCAG8,654.0
Q86SQ7,R654V,0.1597,benign,SDCCAG8,654.0
Q86SQ7,R654W,0.1567,benign,SDCCAG8,654.0
Q86SQ7,R654Y,0.3431,ambiguous,SDCCAG8,654.0
Q86SQ7,V655A,0.455,ambiguous,SDCCAG8,655.0
Q86SQ7,V655C,0.8072,pathogenic,SDCCAG8,655.0
Q86SQ7,V655D,0.6016,pathogenic,SDCCAG8,655.0
Q86SQ7,V655E,0.4794,ambiguous,SDCCAG8,655.0
Q86SQ7,V655F,0.2381,benign,SDCCAG8,655.0
Q86SQ7,V655G,0.3816,ambiguous,SDCCAG8,655.0
Q86SQ7,V655H,0.7242,pathogenic,SDCCAG8,655.0
Q86SQ7,V655I,0.1052,benign,SDCCAG8,655.0
Q86SQ7,V655K,0.5355,ambiguous,SDCCAG8,655.0
Q86SQ7,V655L,0.1528,benign,SDCCAG8,655.0
Q86SQ7,V655M,0.1464,benign,SDCCAG8,655.0
Q86SQ7,V655N,0.5252,ambiguous,SDCCAG8,655.0
Q86SQ7,V655P,0.9378,pathogenic,SDCCAG8,655.0
Q86SQ7,V655Q,0.457,ambiguous,SDCCAG8,655.0
Q86SQ7,V655R,0.4705,ambiguous,SDCCAG8,655.0
Q86SQ7,V655S,0.5285,ambiguous,SDCCAG8,655.0
Q86SQ7,V655T,0.4461,ambiguous,SDCCAG8,655.0
Q86SQ7,V655W,0.7794,pathogenic,SDCCAG8,655.0
Q86SQ7,V655Y,0.6475,pathogenic,SDCCAG8,655.0
Q86SQ7,H656A,0.9145,pathogenic,SDCCAG8,656.0
Q86SQ7,H656C,0.7555,pathogenic,SDCCAG8,656.0
Q86SQ7,H656D,0.8684,pathogenic,SDCCAG8,656.0
Q86SQ7,H656E,0.87,pathogenic,SDCCAG8,656.0
Q86SQ7,H656F,0.8522,pathogenic,SDCCAG8,656.0
Q86SQ7,H656G,0.9191,pathogenic,SDCCAG8,656.0
Q86SQ7,H656I,0.9205,pathogenic,SDCCAG8,656.0
Q86SQ7,H656K,0.8943,pathogenic,SDCCAG8,656.0
Q86SQ7,H656L,0.5842,pathogenic,SDCCAG8,656.0
Q86SQ7,H656M,0.9108,pathogenic,SDCCAG8,656.0
Q86SQ7,H656N,0.6356,pathogenic,SDCCAG8,656.0
Q86SQ7,H656P,0.864,pathogenic,SDCCAG8,656.0
Q86SQ7,H656Q,0.766,pathogenic,SDCCAG8,656.0
Q86SQ7,H656R,0.7069,pathogenic,SDCCAG8,656.0
Q86SQ7,H656S,0.8764,pathogenic,SDCCAG8,656.0
Q86SQ7,H656T,0.9035,pathogenic,SDCCAG8,656.0
Q86SQ7,H656V,0.8887,pathogenic,SDCCAG8,656.0
Q86SQ7,H656W,0.8313,pathogenic,SDCCAG8,656.0
Q86SQ7,H656Y,0.5387,ambiguous,SDCCAG8,656.0
Q86SQ7,E657A,0.2238,benign,SDCCAG8,657.0
Q86SQ7,E657C,0.8886,pathogenic,SDCCAG8,657.0
Q86SQ7,E657D,0.1493,benign,SDCCAG8,657.0
Q86SQ7,E657F,0.8293,pathogenic,SDCCAG8,657.0
Q86SQ7,E657G,0.201,benign,SDCCAG8,657.0
Q86SQ7,E657H,0.4663,ambiguous,SDCCAG8,657.0
Q86SQ7,E657I,0.5497,ambiguous,SDCCAG8,657.0
Q86SQ7,E657K,0.1531,benign,SDCCAG8,657.0
Q86SQ7,E657L,0.5445,ambiguous,SDCCAG8,657.0
Q86SQ7,E657M,0.5619,ambiguous,SDCCAG8,657.0
Q86SQ7,E657N,0.3058,benign,SDCCAG8,657.0
Q86SQ7,E657P,0.9647,pathogenic,SDCCAG8,657.0
Q86SQ7,E657Q,0.1521,benign,SDCCAG8,657.0
Q86SQ7,E657R,0.2532,benign,SDCCAG8,657.0
Q86SQ7,E657S,0.3036,benign,SDCCAG8,657.0
Q86SQ7,E657T,0.3282,benign,SDCCAG8,657.0
Q86SQ7,E657V,0.3326,benign,SDCCAG8,657.0
Q86SQ7,E657W,0.9102,pathogenic,SDCCAG8,657.0
Q86SQ7,E657Y,0.6635,pathogenic,SDCCAG8,657.0
Q86SQ7,T658A,0.0912,benign,SDCCAG8,658.0
Q86SQ7,T658C,0.4181,ambiguous,SDCCAG8,658.0
Q86SQ7,T658D,0.3165,benign,SDCCAG8,658.0
Q86SQ7,T658E,0.232,benign,SDCCAG8,658.0
Q86SQ7,T658F,0.2108,benign,SDCCAG8,658.0
Q86SQ7,T658G,0.248,benign,SDCCAG8,658.0
Q86SQ7,T658H,0.2098,benign,SDCCAG8,658.0
Q86SQ7,T658I,0.0819,benign,SDCCAG8,658.0
Q86SQ7,T658K,0.1216,benign,SDCCAG8,658.0
Q86SQ7,T658L,0.0915,benign,SDCCAG8,658.0
Q86SQ7,T658M,0.0852,benign,SDCCAG8,658.0
Q86SQ7,T658N,0.1071,benign,SDCCAG8,658.0
Q86SQ7,T658P,0.4621,ambiguous,SDCCAG8,658.0
Q86SQ7,T658Q,0.176,benign,SDCCAG8,658.0
Q86SQ7,T658R,0.0998,benign,SDCCAG8,658.0
Q86SQ7,T658S,0.1356,benign,SDCCAG8,658.0
Q86SQ7,T658V,0.1109,benign,SDCCAG8,658.0
Q86SQ7,T658W,0.4488,ambiguous,SDCCAG8,658.0
Q86SQ7,T658Y,0.2473,benign,SDCCAG8,658.0
Q86SQ7,M659A,0.8735,pathogenic,SDCCAG8,659.0
Q86SQ7,M659C,0.9589,pathogenic,SDCCAG8,659.0
Q86SQ7,M659D,0.9933,pathogenic,SDCCAG8,659.0
Q86SQ7,M659E,0.9271,pathogenic,SDCCAG8,659.0
Q86SQ7,M659F,0.8513,pathogenic,SDCCAG8,659.0
Q86SQ7,M659G,0.9471,pathogenic,SDCCAG8,659.0
Q86SQ7,M659H,0.9614,pathogenic,SDCCAG8,659.0
Q86SQ7,M659I,0.9481,pathogenic,SDCCAG8,659.0
Q86SQ7,M659K,0.8103,pathogenic,SDCCAG8,659.0
Q86SQ7,M659L,0.4148,ambiguous,SDCCAG8,659.0
Q86SQ7,M659N,0.9506,pathogenic,SDCCAG8,659.0
Q86SQ7,M659P,0.9941,pathogenic,SDCCAG8,659.0
Q86SQ7,M659Q,0.7256,pathogenic,SDCCAG8,659.0
Q86SQ7,M659R,0.7855,pathogenic,SDCCAG8,659.0
Q86SQ7,M659S,0.8979,pathogenic,SDCCAG8,659.0
Q86SQ7,M659T,0.812,pathogenic,SDCCAG8,659.0
Q86SQ7,M659V,0.3709,ambiguous,SDCCAG8,659.0
Q86SQ7,M659W,0.943,pathogenic,SDCCAG8,659.0
Q86SQ7,M659Y,0.9479,pathogenic,SDCCAG8,659.0
Q86SQ7,K660A,0.7806,pathogenic,SDCCAG8,660.0
Q86SQ7,K660C,0.8921,pathogenic,SDCCAG8,660.0
Q86SQ7,K660D,0.9522,pathogenic,SDCCAG8,660.0
Q86SQ7,K660E,0.5209,ambiguous,SDCCAG8,660.0
Q86SQ7,K660F,0.9438,pathogenic,SDCCAG8,660.0
Q86SQ7,K660G,0.819,pathogenic,SDCCAG8,660.0
Q86SQ7,K660H,0.6662,pathogenic,SDCCAG8,660.0
Q86SQ7,K660I,0.6136,pathogenic,SDCCAG8,660.0
Q86SQ7,K660L,0.5702,pathogenic,SDCCAG8,660.0
Q86SQ7,K660M,0.4029,ambiguous,SDCCAG8,660.0
Q86SQ7,K660N,0.8424,pathogenic,SDCCAG8,660.0
Q86SQ7,K660P,0.9852,pathogenic,SDCCAG8,660.0
Q86SQ7,K660Q,0.2902,benign,SDCCAG8,660.0
Q86SQ7,K660R,0.1462,benign,SDCCAG8,660.0
Q86SQ7,K660S,0.8558,pathogenic,SDCCAG8,660.0
Q86SQ7,K660T,0.477,ambiguous,SDCCAG8,660.0
Q86SQ7,K660V,0.6117,pathogenic,SDCCAG8,660.0
Q86SQ7,K660W,0.9233,pathogenic,SDCCAG8,660.0
Q86SQ7,K660Y,0.8483,pathogenic,SDCCAG8,660.0
Q86SQ7,Q661A,0.1738,benign,SDCCAG8,661.0
Q86SQ7,Q661C,0.5524,ambiguous,SDCCAG8,661.0
Q86SQ7,Q661D,0.2361,benign,SDCCAG8,661.0
Q86SQ7,Q661E,0.0629,benign,SDCCAG8,661.0
Q86SQ7,Q661F,0.5657,pathogenic,SDCCAG8,661.0
Q86SQ7,Q661G,0.1659,benign,SDCCAG8,661.0
Q86SQ7,Q661H,0.1993,benign,SDCCAG8,661.0
Q86SQ7,Q661I,0.2968,benign,SDCCAG8,661.0
Q86SQ7,Q661K,0.0895,benign,SDCCAG8,661.0
Q86SQ7,Q661L,0.097,benign,SDCCAG8,661.0
Q86SQ7,Q661M,0.2731,benign,SDCCAG8,661.0
Q86SQ7,Q661N,0.2096,benign,SDCCAG8,661.0
Q86SQ7,Q661P,0.5582,ambiguous,SDCCAG8,661.0
Q86SQ7,Q661R,0.1094,benign,SDCCAG8,661.0
Q86SQ7,Q661S,0.2353,benign,SDCCAG8,661.0
Q86SQ7,Q661T,0.1824,benign,SDCCAG8,661.0
Q86SQ7,Q661V,0.1851,benign,SDCCAG8,661.0
Q86SQ7,Q661W,0.3806,ambiguous,SDCCAG8,661.0
Q86SQ7,Q661Y,0.3546,ambiguous,SDCCAG8,661.0
Q86SQ7,R662A,0.8967,pathogenic,SDCCAG8,662.0
Q86SQ7,R662C,0.5012,ambiguous,SDCCAG8,662.0
Q86SQ7,R662D,0.9228,pathogenic,SDCCAG8,662.0
Q86SQ7,R662E,0.7014,pathogenic,SDCCAG8,662.0
Q86SQ7,R662F,0.9183,pathogenic,SDCCAG8,662.0
Q86SQ7,R662G,0.7412,pathogenic,SDCCAG8,662.0
Q86SQ7,R662H,0.3053,benign,SDCCAG8,662.0
Q86SQ7,R662I,0.7707,pathogenic,SDCCAG8,662.0
Q86SQ7,R662K,0.381,ambiguous,SDCCAG8,662.0
Q86SQ7,R662L,0.7033,pathogenic,SDCCAG8,662.0
Q86SQ7,R662M,0.7547,pathogenic,SDCCAG8,662.0
Q86SQ7,R662N,0.9008,pathogenic,SDCCAG8,662.0
Q86SQ7,R662P,0.9811,pathogenic,SDCCAG8,662.0
Q86SQ7,R662Q,0.2834,benign,SDCCAG8,662.0
Q86SQ7,R662S,0.9142,pathogenic,SDCCAG8,662.0
Q86SQ7,R662T,0.7842,pathogenic,SDCCAG8,662.0
Q86SQ7,R662V,0.8188,pathogenic,SDCCAG8,662.0
Q86SQ7,R662W,0.4551,ambiguous,SDCCAG8,662.0
Q86SQ7,R662Y,0.7464,pathogenic,SDCCAG8,662.0
Q86SQ7,L663A,0.8481,pathogenic,SDCCAG8,663.0
Q86SQ7,L663C,0.8558,pathogenic,SDCCAG8,663.0
Q86SQ7,L663D,0.9881,pathogenic,SDCCAG8,663.0
Q86SQ7,L663E,0.9123,pathogenic,SDCCAG8,663.0
Q86SQ7,L663F,0.6778,pathogenic,SDCCAG8,663.0
Q86SQ7,L663G,0.9182,pathogenic,SDCCAG8,663.0
Q86SQ7,L663H,0.8505,pathogenic,SDCCAG8,663.0
Q86SQ7,L663I,0.3272,benign,SDCCAG8,663.0
Q86SQ7,L663K,0.8832,pathogenic,SDCCAG8,663.0
Q86SQ7,L663M,0.3545,ambiguous,SDCCAG8,663.0
Q86SQ7,L663N,0.9088,pathogenic,SDCCAG8,663.0
Q86SQ7,L663P,0.9807,pathogenic,SDCCAG8,663.0
Q86SQ7,L663Q,0.7426,pathogenic,SDCCAG8,663.0
Q86SQ7,L663R,0.7887,pathogenic,SDCCAG8,663.0
Q86SQ7,L663S,0.9232,pathogenic,SDCCAG8,663.0
Q86SQ7,L663T,0.8658,pathogenic,SDCCAG8,663.0
Q86SQ7,L663V,0.3217,benign,SDCCAG8,663.0
Q86SQ7,L663W,0.7679,pathogenic,SDCCAG8,663.0
Q86SQ7,L663Y,0.853,pathogenic,SDCCAG8,663.0
Q86SQ7,R664A,0.1862,benign,SDCCAG8,664.0
Q86SQ7,R664C,0.1324,benign,SDCCAG8,664.0
Q86SQ7,R664D,0.4491,ambiguous,SDCCAG8,664.0
Q86SQ7,R664E,0.1814,benign,SDCCAG8,664.0
Q86SQ7,R664F,0.3181,benign,SDCCAG8,664.0
Q86SQ7,R664G,0.1067,benign,SDCCAG8,664.0
Q86SQ7,R664H,0.0906,benign,SDCCAG8,664.0
Q86SQ7,R664I,0.1263,benign,SDCCAG8,664.0
Q86SQ7,R664K,0.0745,benign,SDCCAG8,664.0
Q86SQ7,R664L,0.1207,benign,SDCCAG8,664.0
Q86SQ7,R664M,0.1187,benign,SDCCAG8,664.0
Q86SQ7,R664N,0.3226,benign,SDCCAG8,664.0
Q86SQ7,R664P,0.7473,pathogenic,SDCCAG8,664.0
Q86SQ7,R664Q,0.0733,benign,SDCCAG8,664.0
Q86SQ7,R664S,0.2229,benign,SDCCAG8,664.0
Q86SQ7,R664T,0.1167,benign,SDCCAG8,664.0
Q86SQ7,R664V,0.1728,benign,SDCCAG8,664.0
Q86SQ7,R664W,0.1104,benign,SDCCAG8,664.0
Q86SQ7,R664Y,0.2222,benign,SDCCAG8,664.0
Q86SQ7,Q665A,0.3228,benign,SDCCAG8,665.0
Q86SQ7,Q665C,0.8119,pathogenic,SDCCAG8,665.0
Q86SQ7,Q665D,0.4259,ambiguous,SDCCAG8,665.0
Q86SQ7,Q665E,0.1009,benign,SDCCAG8,665.0
Q86SQ7,Q665F,0.7714,pathogenic,SDCCAG8,665.0
Q86SQ7,Q665G,0.4129,ambiguous,SDCCAG8,665.0
Q86SQ7,Q665H,0.3417,ambiguous,SDCCAG8,665.0
Q86SQ7,Q665I,0.4374,ambiguous,SDCCAG8,665.0
Q86SQ7,Q665K,0.1358,benign,SDCCAG8,665.0
Q86SQ7,Q665L,0.1753,benign,SDCCAG8,665.0
Q86SQ7,Q665M,0.4139,ambiguous,SDCCAG8,665.0
Q86SQ7,Q665N,0.3889,ambiguous,SDCCAG8,665.0
Q86SQ7,Q665P,0.7519,pathogenic,SDCCAG8,665.0
Q86SQ7,Q665R,0.1766,benign,SDCCAG8,665.0
Q86SQ7,Q665S,0.438,ambiguous,SDCCAG8,665.0
Q86SQ7,Q665T,0.3087,benign,SDCCAG8,665.0
Q86SQ7,Q665V,0.3074,benign,SDCCAG8,665.0
Q86SQ7,Q665W,0.7072,pathogenic,SDCCAG8,665.0
Q86SQ7,Q665Y,0.6116,pathogenic,SDCCAG8,665.0
Q86SQ7,L666A,0.6049,pathogenic,SDCCAG8,666.0
Q86SQ7,L666C,0.8285,pathogenic,SDCCAG8,666.0
Q86SQ7,L666D,0.9549,pathogenic,SDCCAG8,666.0
Q86SQ7,L666E,0.786,pathogenic,SDCCAG8,666.0
Q86SQ7,L666F,0.5501,ambiguous,SDCCAG8,666.0
Q86SQ7,L666G,0.8505,pathogenic,SDCCAG8,666.0
Q86SQ7,L666H,0.6645,pathogenic,SDCCAG8,666.0
Q86SQ7,L666I,0.317,benign,SDCCAG8,666.0
Q86SQ7,L666K,0.7048,pathogenic,SDCCAG8,666.0
Q86SQ7,L666M,0.1916,benign,SDCCAG8,666.0
Q86SQ7,L666N,0.8351,pathogenic,SDCCAG8,666.0
Q86SQ7,L666P,0.9698,pathogenic,SDCCAG8,666.0
Q86SQ7,L666Q,0.5178,ambiguous,SDCCAG8,666.0
Q86SQ7,L666R,0.5884,pathogenic,SDCCAG8,666.0
Q86SQ7,L666S,0.7896,pathogenic,SDCCAG8,666.0
Q86SQ7,L666T,0.5852,pathogenic,SDCCAG8,666.0
Q86SQ7,L666V,0.2569,benign,SDCCAG8,666.0
Q86SQ7,L666W,0.5875,pathogenic,SDCCAG8,666.0
Q86SQ7,L666Y,0.7628,pathogenic,SDCCAG8,666.0
Q86SQ7,D667A,0.6375,pathogenic,SDCCAG8,667.0
Q86SQ7,D667C,0.9368,pathogenic,SDCCAG8,667.0
Q86SQ7,D667E,0.606,pathogenic,SDCCAG8,667.0
Q86SQ7,D667F,0.9272,pathogenic,SDCCAG8,667.0
Q86SQ7,D667G,0.4082,ambiguous,SDCCAG8,667.0
Q86SQ7,D667H,0.6892,pathogenic,SDCCAG8,667.0
Q86SQ7,D667I,0.9193,pathogenic,SDCCAG8,667.0
Q86SQ7,D667K,0.8762,pathogenic,SDCCAG8,667.0
Q86SQ7,D667L,0.8619,pathogenic,SDCCAG8,667.0
Q86SQ7,D667M,0.9668,pathogenic,SDCCAG8,667.0
Q86SQ7,D667N,0.4422,ambiguous,SDCCAG8,667.0
Q86SQ7,D667P,0.9686,pathogenic,SDCCAG8,667.0
Q86SQ7,D667Q,0.7929,pathogenic,SDCCAG8,667.0
Q86SQ7,D667R,0.8335,pathogenic,SDCCAG8,667.0
Q86SQ7,D667S,0.4821,ambiguous,SDCCAG8,667.0
Q86SQ7,D667T,0.8036,pathogenic,SDCCAG8,667.0
Q86SQ7,D667V,0.7419,pathogenic,SDCCAG8,667.0
Q86SQ7,D667W,0.9706,pathogenic,SDCCAG8,667.0
Q86SQ7,D667Y,0.6108,pathogenic,SDCCAG8,667.0
Q86SQ7,K668A,0.1949,benign,SDCCAG8,668.0
Q86SQ7,K668C,0.5562,ambiguous,SDCCAG8,668.0
Q86SQ7,K668D,0.3699,ambiguous,SDCCAG8,668.0
Q86SQ7,K668E,0.0892,benign,SDCCAG8,668.0
Q86SQ7,K668F,0.6041,pathogenic,SDCCAG8,668.0
Q86SQ7,K668G,0.2678,benign,SDCCAG8,668.0
Q86SQ7,K668H,0.2223,benign,SDCCAG8,668.0
Q86SQ7,K668I,0.2037,benign,SDCCAG8,668.0
Q86SQ7,K668L,0.2133,benign,SDCCAG8,668.0
Q86SQ7,K668M,0.1473,benign,SDCCAG8,668.0
Q86SQ7,K668N,0.2464,benign,SDCCAG8,668.0
Q86SQ7,K668P,0.856,pathogenic,SDCCAG8,668.0
Q86SQ7,K668Q,0.0838,benign,SDCCAG8,668.0
Q86SQ7,K668R,0.0738,benign,SDCCAG8,668.0
Q86SQ7,K668S,0.2502,benign,SDCCAG8,668.0
Q86SQ7,K668T,0.1055,benign,SDCCAG8,668.0
Q86SQ7,K668V,0.1971,benign,SDCCAG8,668.0
Q86SQ7,K668W,0.6125,pathogenic,SDCCAG8,668.0
Q86SQ7,K668Y,0.4437,ambiguous,SDCCAG8,668.0
Q86SQ7,H669A,0.6183,pathogenic,SDCCAG8,669.0
Q86SQ7,H669C,0.4578,ambiguous,SDCCAG8,669.0
Q86SQ7,H669D,0.4262,ambiguous,SDCCAG8,669.0
Q86SQ7,H669E,0.5752,pathogenic,SDCCAG8,669.0
Q86SQ7,H669F,0.5269,ambiguous,SDCCAG8,669.0
Q86SQ7,H669G,0.6257,pathogenic,SDCCAG8,669.0
Q86SQ7,H669I,0.5755,pathogenic,SDCCAG8,669.0
Q86SQ7,H669K,0.5166,ambiguous,SDCCAG8,669.0
Q86SQ7,H669L,0.2708,benign,SDCCAG8,669.0
Q86SQ7,H669M,0.7347,pathogenic,SDCCAG8,669.0
Q86SQ7,H669N,0.2247,benign,SDCCAG8,669.0
Q86SQ7,H669P,0.6863,pathogenic,SDCCAG8,669.0
Q86SQ7,H669Q,0.4189,ambiguous,SDCCAG8,669.0
Q86SQ7,H669R,0.2741,benign,SDCCAG8,669.0
Q86SQ7,H669S,0.5805,pathogenic,SDCCAG8,669.0
Q86SQ7,H669T,0.58,pathogenic,SDCCAG8,669.0
Q86SQ7,H669V,0.5068,ambiguous,SDCCAG8,669.0
Q86SQ7,H669W,0.6938,pathogenic,SDCCAG8,669.0
Q86SQ7,H669Y,0.1727,benign,SDCCAG8,669.0
Q86SQ7,S670A,0.1704,benign,SDCCAG8,670.0
Q86SQ7,S670C,0.1242,benign,SDCCAG8,670.0
Q86SQ7,S670D,0.736,pathogenic,SDCCAG8,670.0
Q86SQ7,S670E,0.826,pathogenic,SDCCAG8,670.0
Q86SQ7,S670F,0.7575,pathogenic,SDCCAG8,670.0
Q86SQ7,S670G,0.0751,benign,SDCCAG8,670.0
Q86SQ7,S670H,0.6087,pathogenic,SDCCAG8,670.0
Q86SQ7,S670I,0.3545,ambiguous,SDCCAG8,670.0
Q86SQ7,S670K,0.9104,pathogenic,SDCCAG8,670.0
Q86SQ7,S670L,0.4482,ambiguous,SDCCAG8,670.0
Q86SQ7,S670M,0.5388,ambiguous,SDCCAG8,670.0
Q86SQ7,S670N,0.3129,benign,SDCCAG8,670.0
Q86SQ7,S670P,0.9395,pathogenic,SDCCAG8,670.0
Q86SQ7,S670Q,0.7565,pathogenic,SDCCAG8,670.0
Q86SQ7,S670R,0.831,pathogenic,SDCCAG8,670.0
Q86SQ7,S670T,0.1614,benign,SDCCAG8,670.0
Q86SQ7,S670V,0.4151,ambiguous,SDCCAG8,670.0
Q86SQ7,S670W,0.7953,pathogenic,SDCCAG8,670.0
Q86SQ7,S670Y,0.6056,pathogenic,SDCCAG8,670.0
Q86SQ7,Q671A,0.301,benign,SDCCAG8,671.0
Q86SQ7,Q671C,0.7366,pathogenic,SDCCAG8,671.0
Q86SQ7,Q671D,0.541,ambiguous,SDCCAG8,671.0
Q86SQ7,Q671E,0.0936,benign,SDCCAG8,671.0
Q86SQ7,Q671F,0.7612,pathogenic,SDCCAG8,671.0
Q86SQ7,Q671G,0.3527,ambiguous,SDCCAG8,671.0
Q86SQ7,Q671H,0.2678,benign,SDCCAG8,671.0
Q86SQ7,Q671I,0.5019,ambiguous,SDCCAG8,671.0
Q86SQ7,Q671K,0.0997,benign,SDCCAG8,671.0
Q86SQ7,Q671L,0.1876,benign,SDCCAG8,671.0
Q86SQ7,Q671M,0.4389,ambiguous,SDCCAG8,671.0
Q86SQ7,Q671N,0.414,ambiguous,SDCCAG8,671.0
Q86SQ7,Q671P,0.6266,pathogenic,SDCCAG8,671.0
Q86SQ7,Q671R,0.1016,benign,SDCCAG8,671.0
Q86SQ7,Q671S,0.4118,ambiguous,SDCCAG8,671.0
Q86SQ7,Q671T,0.319,benign,SDCCAG8,671.0
Q86SQ7,Q671V,0.3219,benign,SDCCAG8,671.0
Q86SQ7,Q671W,0.5991,pathogenic,SDCCAG8,671.0
Q86SQ7,Q671Y,0.569,pathogenic,SDCCAG8,671.0
Q86SQ7,A672C,0.5094,ambiguous,SDCCAG8,672.0
Q86SQ7,A672D,0.1588,benign,SDCCAG8,672.0
Q86SQ7,A672E,0.1732,benign,SDCCAG8,672.0
Q86SQ7,A672F,0.3472,ambiguous,SDCCAG8,672.0
Q86SQ7,A672G,0.1333,benign,SDCCAG8,672.0
Q86SQ7,A672H,0.3943,ambiguous,SDCCAG8,672.0
Q86SQ7,A672I,0.313,benign,SDCCAG8,672.0
Q86SQ7,A672K,0.3423,ambiguous,SDCCAG8,672.0
Q86SQ7,A672L,0.2194,benign,SDCCAG8,672.0
Q86SQ7,A672M,0.257,benign,SDCCAG8,672.0
Q86SQ7,A672N,0.192,benign,SDCCAG8,672.0
Q86SQ7,A672P,0.7809,pathogenic,SDCCAG8,672.0
Q86SQ7,A672Q,0.2722,benign,SDCCAG8,672.0
Q86SQ7,A672R,0.3117,benign,SDCCAG8,672.0
Q86SQ7,A672S,0.1014,benign,SDCCAG8,672.0
Q86SQ7,A672T,0.0848,benign,SDCCAG8,672.0
Q86SQ7,A672V,0.1374,benign,SDCCAG8,672.0
Q86SQ7,A672W,0.7227,pathogenic,SDCCAG8,672.0
Q86SQ7,A672Y,0.413,ambiguous,SDCCAG8,672.0
Q86SQ7,T673A,0.0885,benign,SDCCAG8,673.0
Q86SQ7,T673C,0.5706,pathogenic,SDCCAG8,673.0
Q86SQ7,T673D,0.668,pathogenic,SDCCAG8,673.0
Q86SQ7,T673E,0.5862,pathogenic,SDCCAG8,673.0
Q86SQ7,T673F,0.5432,ambiguous,SDCCAG8,673.0
Q86SQ7,T673G,0.3105,benign,SDCCAG8,673.0
Q86SQ7,T673H,0.4571,ambiguous,SDCCAG8,673.0
Q86SQ7,T673I,0.4611,ambiguous,SDCCAG8,673.0
Q86SQ7,T673K,0.4883,ambiguous,SDCCAG8,673.0
Q86SQ7,T673L,0.219,benign,SDCCAG8,673.0
Q86SQ7,T673M,0.1433,benign,SDCCAG8,673.0
Q86SQ7,T673N,0.216,benign,SDCCAG8,673.0
Q86SQ7,T673P,0.4414,ambiguous,SDCCAG8,673.0
Q86SQ7,T673Q,0.4286,ambiguous,SDCCAG8,673.0
Q86SQ7,T673R,0.4036,ambiguous,SDCCAG8,673.0
Q86SQ7,T673S,0.1251,benign,SDCCAG8,673.0
Q86SQ7,T673V,0.2892,benign,SDCCAG8,673.0
Q86SQ7,T673W,0.8468,pathogenic,SDCCAG8,673.0
Q86SQ7,T673Y,0.5498,ambiguous,SDCCAG8,673.0
Q86SQ7,A674C,0.7305,pathogenic,SDCCAG8,674.0
Q86SQ7,A674D,0.8445,pathogenic,SDCCAG8,674.0
Q86SQ7,A674E,0.7823,pathogenic,SDCCAG8,674.0
Q86SQ7,A674F,0.7769,pathogenic,SDCCAG8,674.0
Q86SQ7,A674G,0.2006,benign,SDCCAG8,674.0
Q86SQ7,A674H,0.8497,pathogenic,SDCCAG8,674.0
Q86SQ7,A674I,0.7707,pathogenic,SDCCAG8,674.0
Q86SQ7,A674K,0.9103,pathogenic,SDCCAG8,674.0
Q86SQ7,A674L,0.6084,pathogenic,SDCCAG8,674.0
Q86SQ7,A674M,0.6521,pathogenic,SDCCAG8,674.0
Q86SQ7,A674N,0.7323,pathogenic,SDCCAG8,674.0
Q86SQ7,A674P,0.9277,pathogenic,SDCCAG8,674.0
Q86SQ7,A674Q,0.7301,pathogenic,SDCCAG8,674.0
Q86SQ7,A674R,0.8001,pathogenic,SDCCAG8,674.0
Q86SQ7,A674S,0.1275,benign,SDCCAG8,674.0
Q86SQ7,A674T,0.2576,benign,SDCCAG8,674.0
Q86SQ7,A674V,0.4378,ambiguous,SDCCAG8,674.0
Q86SQ7,A674W,0.9542,pathogenic,SDCCAG8,674.0
Q86SQ7,A674Y,0.8543,pathogenic,SDCCAG8,674.0
Q86SQ7,Q675A,0.2481,benign,SDCCAG8,675.0
Q86SQ7,Q675C,0.5852,pathogenic,SDCCAG8,675.0
Q86SQ7,Q675D,0.4567,ambiguous,SDCCAG8,675.0
Q86SQ7,Q675E,0.0924,benign,SDCCAG8,675.0
Q86SQ7,Q675F,0.6384,pathogenic,SDCCAG8,675.0
Q86SQ7,Q675G,0.2275,benign,SDCCAG8,675.0
Q86SQ7,Q675H,0.2521,benign,SDCCAG8,675.0
Q86SQ7,Q675I,0.3796,ambiguous,SDCCAG8,675.0
Q86SQ7,Q675K,0.0888,benign,SDCCAG8,675.0
Q86SQ7,Q675L,0.1187,benign,SDCCAG8,675.0
Q86SQ7,Q675M,0.3565,ambiguous,SDCCAG8,675.0
Q86SQ7,Q675N,0.3521,ambiguous,SDCCAG8,675.0
Q86SQ7,Q675P,0.528,ambiguous,SDCCAG8,675.0
Q86SQ7,Q675R,0.0869,benign,SDCCAG8,675.0
Q86SQ7,Q675S,0.3282,benign,SDCCAG8,675.0
Q86SQ7,Q675T,0.2608,benign,SDCCAG8,675.0
Q86SQ7,Q675V,0.236,benign,SDCCAG8,675.0
Q86SQ7,Q675W,0.4212,ambiguous,SDCCAG8,675.0
Q86SQ7,Q675Y,0.4529,ambiguous,SDCCAG8,675.0
Q86SQ7,Q676A,0.404,ambiguous,SDCCAG8,676.0
Q86SQ7,Q676C,0.8587,pathogenic,SDCCAG8,676.0
Q86SQ7,Q676D,0.5914,pathogenic,SDCCAG8,676.0
Q86SQ7,Q676E,0.1396,benign,SDCCAG8,676.0
Q86SQ7,Q676F,0.858,pathogenic,SDCCAG8,676.0
Q86SQ7,Q676G,0.4679,ambiguous,SDCCAG8,676.0
Q86SQ7,Q676H,0.3768,ambiguous,SDCCAG8,676.0
Q86SQ7,Q676I,0.6318,pathogenic,SDCCAG8,676.0
Q86SQ7,Q676K,0.1906,benign,SDCCAG8,676.0
Q86SQ7,Q676L,0.2588,benign,SDCCAG8,676.0
Q86SQ7,Q676M,0.5385,ambiguous,SDCCAG8,676.0
Q86SQ7,Q676N,0.4757,ambiguous,SDCCAG8,676.0
Q86SQ7,Q676P,0.7029,pathogenic,SDCCAG8,676.0
Q86SQ7,Q676R,0.2064,benign,SDCCAG8,676.0
Q86SQ7,Q676S,0.5017,ambiguous,SDCCAG8,676.0
Q86SQ7,Q676T,0.406,ambiguous,SDCCAG8,676.0
Q86SQ7,Q676V,0.4432,ambiguous,SDCCAG8,676.0
Q86SQ7,Q676W,0.8089,pathogenic,SDCCAG8,676.0
Q86SQ7,Q676Y,0.67,pathogenic,SDCCAG8,676.0
Q86SQ7,L677A,0.4578,ambiguous,SDCCAG8,677.0
Q86SQ7,L677C,0.7222,pathogenic,SDCCAG8,677.0
Q86SQ7,L677D,0.9179,pathogenic,SDCCAG8,677.0
Q86SQ7,L677E,0.6923,pathogenic,SDCCAG8,677.0
Q86SQ7,L677F,0.447,ambiguous,SDCCAG8,677.0
Q86SQ7,L677G,0.7937,pathogenic,SDCCAG8,677.0
Q86SQ7,L677H,0.5588,ambiguous,SDCCAG8,677.0
Q86SQ7,L677I,0.1506,benign,SDCCAG8,677.0
Q86SQ7,L677K,0.6443,pathogenic,SDCCAG8,677.0
Q86SQ7,L677M,0.1632,benign,SDCCAG8,677.0
Q86SQ7,L677N,0.6866,pathogenic,SDCCAG8,677.0
Q86SQ7,L677P,0.9508,pathogenic,SDCCAG8,677.0
Q86SQ7,L677Q,0.4511,ambiguous,SDCCAG8,677.0
Q86SQ7,L677R,0.507,ambiguous,SDCCAG8,677.0
Q86SQ7,L677S,0.6648,pathogenic,SDCCAG8,677.0
Q86SQ7,L677T,0.3629,ambiguous,SDCCAG8,677.0
Q86SQ7,L677V,0.113,benign,SDCCAG8,677.0
Q86SQ7,L677W,0.542,ambiguous,SDCCAG8,677.0
Q86SQ7,L677Y,0.684,pathogenic,SDCCAG8,677.0
Q86SQ7,V678A,0.239,benign,SDCCAG8,678.0
Q86SQ7,V678C,0.6198,pathogenic,SDCCAG8,678.0
Q86SQ7,V678D,0.5149,ambiguous,SDCCAG8,678.0
Q86SQ7,V678E,0.4069,ambiguous,SDCCAG8,678.0
Q86SQ7,V678F,0.1914,benign,SDCCAG8,678.0
Q86SQ7,V678G,0.2092,benign,SDCCAG8,678.0
Q86SQ7,V678H,0.5667,pathogenic,SDCCAG8,678.0
Q86SQ7,V678I,0.1429,benign,SDCCAG8,678.0
Q86SQ7,V678K,0.4941,ambiguous,SDCCAG8,678.0
Q86SQ7,V678L,0.2386,benign,SDCCAG8,678.0
Q86SQ7,V678M,0.2484,benign,SDCCAG8,678.0
Q86SQ7,V678N,0.4451,ambiguous,SDCCAG8,678.0
Q86SQ7,V678P,0.8444,pathogenic,SDCCAG8,678.0
Q86SQ7,V678Q,0.3488,ambiguous,SDCCAG8,678.0
Q86SQ7,V678R,0.3857,ambiguous,SDCCAG8,678.0
Q86SQ7,V678S,0.291,benign,SDCCAG8,678.0
Q86SQ7,V678T,0.3557,ambiguous,SDCCAG8,678.0
Q86SQ7,V678W,0.7739,pathogenic,SDCCAG8,678.0
Q86SQ7,V678Y,0.5306,ambiguous,SDCCAG8,678.0
Q86SQ7,Q679A,0.1831,benign,SDCCAG8,679.0
Q86SQ7,Q679C,0.4723,ambiguous,SDCCAG8,679.0
Q86SQ7,Q679D,0.2401,benign,SDCCAG8,679.0
Q86SQ7,Q679E,0.0748,benign,SDCCAG8,679.0
Q86SQ7,Q679F,0.5156,ambiguous,SDCCAG8,679.0
Q86SQ7,Q679G,0.2018,benign,SDCCAG8,679.0
Q86SQ7,Q679H,0.153,benign,SDCCAG8,679.0
Q86SQ7,Q679I,0.3089,benign,SDCCAG8,679.0
Q86SQ7,Q679K,0.0945,benign,SDCCAG8,679.0
Q86SQ7,Q679L,0.1042,benign,SDCCAG8,679.0
Q86SQ7,Q679M,0.3101,benign,SDCCAG8,679.0
Q86SQ7,Q679N,0.2134,benign,SDCCAG8,679.0
Q86SQ7,Q679P,0.3046,benign,SDCCAG8,679.0
Q86SQ7,Q679R,0.0912,benign,SDCCAG8,679.0
Q86SQ7,Q679S,0.2145,benign,SDCCAG8,679.0
Q86SQ7,Q679T,0.1756,benign,SDCCAG8,679.0
Q86SQ7,Q679V,0.1939,benign,SDCCAG8,679.0
Q86SQ7,Q679W,0.3428,ambiguous,SDCCAG8,679.0
Q86SQ7,Q679Y,0.3068,benign,SDCCAG8,679.0
Q86SQ7,L680A,0.6237,pathogenic,SDCCAG8,680.0
Q86SQ7,L680C,0.7428,pathogenic,SDCCAG8,680.0
Q86SQ7,L680D,0.9292,pathogenic,SDCCAG8,680.0
Q86SQ7,L680E,0.7597,pathogenic,SDCCAG8,680.0
Q86SQ7,L680F,0.4571,ambiguous,SDCCAG8,680.0
Q86SQ7,L680G,0.849,pathogenic,SDCCAG8,680.0
Q86SQ7,L680H,0.6007,pathogenic,SDCCAG8,680.0
Q86SQ7,L680I,0.1984,benign,SDCCAG8,680.0
Q86SQ7,L680K,0.7302,pathogenic,SDCCAG8,680.0
Q86SQ7,L680M,0.276,benign,SDCCAG8,680.0
Q86SQ7,L680N,0.776,pathogenic,SDCCAG8,680.0
Q86SQ7,L680P,0.9646,pathogenic,SDCCAG8,680.0
Q86SQ7,L680Q,0.5552,ambiguous,SDCCAG8,680.0
Q86SQ7,L680R,0.566,pathogenic,SDCCAG8,680.0
Q86SQ7,L680S,0.787,pathogenic,SDCCAG8,680.0
Q86SQ7,L680T,0.6352,pathogenic,SDCCAG8,680.0
Q86SQ7,L680V,0.1707,benign,SDCCAG8,680.0
Q86SQ7,L680W,0.6503,pathogenic,SDCCAG8,680.0
Q86SQ7,L680Y,0.6435,pathogenic,SDCCAG8,680.0
Q86SQ7,L681A,0.7344,pathogenic,SDCCAG8,681.0
Q86SQ7,L681C,0.8263,pathogenic,SDCCAG8,681.0
Q86SQ7,L681D,0.9725,pathogenic,SDCCAG8,681.0
Q86SQ7,L681E,0.8838,pathogenic,SDCCAG8,681.0
Q86SQ7,L681F,0.4757,ambiguous,SDCCAG8,681.0
Q86SQ7,L681G,0.9023,pathogenic,SDCCAG8,681.0
Q86SQ7,L681H,0.6923,pathogenic,SDCCAG8,681.0
Q86SQ7,L681I,0.2895,benign,SDCCAG8,681.0
Q86SQ7,L681K,0.7997,pathogenic,SDCCAG8,681.0
Q86SQ7,L681M,0.3945,ambiguous,SDCCAG8,681.0
Q86SQ7,L681N,0.905,pathogenic,SDCCAG8,681.0
Q86SQ7,L681P,0.9265,pathogenic,SDCCAG8,681.0
Q86SQ7,L681Q,0.6553,pathogenic,SDCCAG8,681.0
Q86SQ7,L681R,0.6103,pathogenic,SDCCAG8,681.0
Q86SQ7,L681S,0.8516,pathogenic,SDCCAG8,681.0
Q86SQ7,L681T,0.7854,pathogenic,SDCCAG8,681.0
Q86SQ7,L681V,0.2845,benign,SDCCAG8,681.0
Q86SQ7,L681W,0.6784,pathogenic,SDCCAG8,681.0
Q86SQ7,L681Y,0.7854,pathogenic,SDCCAG8,681.0
Q86SQ7,S682A,0.108,benign,SDCCAG8,682.0
Q86SQ7,S682C,0.0959,benign,SDCCAG8,682.0
Q86SQ7,S682D,0.1246,benign,SDCCAG8,682.0
Q86SQ7,S682E,0.2011,benign,SDCCAG8,682.0
Q86SQ7,S682F,0.3066,benign,SDCCAG8,682.0
Q86SQ7,S682G,0.0693,benign,SDCCAG8,682.0
Q86SQ7,S682H,0.1071,benign,SDCCAG8,682.0
Q86SQ7,S682I,0.1519,benign,SDCCAG8,682.0
Q86SQ7,S682K,0.1928,benign,SDCCAG8,682.0
Q86SQ7,S682L,0.1478,benign,SDCCAG8,682.0
Q86SQ7,S682M,0.2085,benign,SDCCAG8,682.0
Q86SQ7,S682N,0.06,benign,SDCCAG8,682.0
Q86SQ7,S682P,0.6797,pathogenic,SDCCAG8,682.0
Q86SQ7,S682Q,0.1859,benign,SDCCAG8,682.0
Q86SQ7,S682R,0.1834,benign,SDCCAG8,682.0
Q86SQ7,S682T,0.085,benign,SDCCAG8,682.0
Q86SQ7,S682V,0.1827,benign,SDCCAG8,682.0
Q86SQ7,S682W,0.2869,benign,SDCCAG8,682.0
Q86SQ7,S682Y,0.1372,benign,SDCCAG8,682.0
Q86SQ7,K683A,0.373,ambiguous,SDCCAG8,683.0
Q86SQ7,K683C,0.6808,pathogenic,SDCCAG8,683.0
Q86SQ7,K683D,0.6204,pathogenic,SDCCAG8,683.0
Q86SQ7,K683E,0.1596,benign,SDCCAG8,683.0
Q86SQ7,K683F,0.8108,pathogenic,SDCCAG8,683.0
Q86SQ7,K683G,0.4394,ambiguous,SDCCAG8,683.0
Q86SQ7,K683H,0.2978,benign,SDCCAG8,683.0
Q86SQ7,K683I,0.4235,ambiguous,SDCCAG8,683.0
Q86SQ7,K683L,0.3865,ambiguous,SDCCAG8,683.0
Q86SQ7,K683M,0.288,benign,SDCCAG8,683.0
Q86SQ7,K683N,0.4745,ambiguous,SDCCAG8,683.0
Q86SQ7,K683P,0.9057,pathogenic,SDCCAG8,683.0
Q86SQ7,K683Q,0.1099,benign,SDCCAG8,683.0
Q86SQ7,K683R,0.0758,benign,SDCCAG8,683.0
Q86SQ7,K683S,0.4114,ambiguous,SDCCAG8,683.0
Q86SQ7,K683T,0.1835,benign,SDCCAG8,683.0
Q86SQ7,K683V,0.3794,ambiguous,SDCCAG8,683.0
Q86SQ7,K683W,0.7677,pathogenic,SDCCAG8,683.0
Q86SQ7,K683Y,0.6315,pathogenic,SDCCAG8,683.0
Q86SQ7,Q684A,0.5847,pathogenic,SDCCAG8,684.0
Q86SQ7,Q684C,0.9232,pathogenic,SDCCAG8,684.0
Q86SQ7,Q684D,0.7833,pathogenic,SDCCAG8,684.0
Q86SQ7,Q684E,0.132,benign,SDCCAG8,684.0
Q86SQ7,Q684F,0.9559,pathogenic,SDCCAG8,684.0
Q86SQ7,Q684G,0.4983,ambiguous,SDCCAG8,684.0
Q86SQ7,Q684H,0.5789,pathogenic,SDCCAG8,684.0
Q86SQ7,Q684I,0.8761,pathogenic,SDCCAG8,684.0
Q86SQ7,Q684K,0.274,benign,SDCCAG8,684.0
Q86SQ7,Q684L,0.612,pathogenic,SDCCAG8,684.0
Q86SQ7,Q684M,0.7339,pathogenic,SDCCAG8,684.0
Q86SQ7,Q684N,0.4859,ambiguous,SDCCAG8,684.0
Q86SQ7,Q684P,0.8406,pathogenic,SDCCAG8,684.0
Q86SQ7,Q684R,0.2948,benign,SDCCAG8,684.0
Q86SQ7,Q684S,0.612,pathogenic,SDCCAG8,684.0
Q86SQ7,Q684T,0.5561,ambiguous,SDCCAG8,684.0
Q86SQ7,Q684V,0.6871,pathogenic,SDCCAG8,684.0
Q86SQ7,Q684W,0.8881,pathogenic,SDCCAG8,684.0
Q86SQ7,Q684Y,0.7549,pathogenic,SDCCAG8,684.0
Q86SQ7,N685A,0.4606,ambiguous,SDCCAG8,685.0
Q86SQ7,N685C,0.5547,ambiguous,SDCCAG8,685.0
Q86SQ7,N685D,0.2313,benign,SDCCAG8,685.0
Q86SQ7,N685E,0.5082,ambiguous,SDCCAG8,685.0
Q86SQ7,N685F,0.8334,pathogenic,SDCCAG8,685.0
Q86SQ7,N685G,0.3739,ambiguous,SDCCAG8,685.0
Q86SQ7,N685H,0.1836,benign,SDCCAG8,685.0
Q86SQ7,N685I,0.5114,ambiguous,SDCCAG8,685.0
Q86SQ7,N685K,0.3781,ambiguous,SDCCAG8,685.0
Q86SQ7,N685L,0.5809,pathogenic,SDCCAG8,685.0
Q86SQ7,N685M,0.5751,pathogenic,SDCCAG8,685.0
Q86SQ7,N685P,0.9231,pathogenic,SDCCAG8,685.0
Q86SQ7,N685Q,0.4261,ambiguous,SDCCAG8,685.0
Q86SQ7,N685R,0.467,ambiguous,SDCCAG8,685.0
Q86SQ7,N685S,0.1251,benign,SDCCAG8,685.0
Q86SQ7,N685T,0.2043,benign,SDCCAG8,685.0
Q86SQ7,N685V,0.5131,ambiguous,SDCCAG8,685.0
Q86SQ7,N685W,0.885,pathogenic,SDCCAG8,685.0
Q86SQ7,N685Y,0.3222,benign,SDCCAG8,685.0
Q86SQ7,Q686A,0.1776,benign,SDCCAG8,686.0
Q86SQ7,Q686C,0.5498,ambiguous,SDCCAG8,686.0
Q86SQ7,Q686D,0.2452,benign,SDCCAG8,686.0
Q86SQ7,Q686E,0.0654,benign,SDCCAG8,686.0
Q86SQ7,Q686F,0.6273,pathogenic,SDCCAG8,686.0
Q86SQ7,Q686G,0.2019,benign,SDCCAG8,686.0
Q86SQ7,Q686H,0.1767,benign,SDCCAG8,686.0
Q86SQ7,Q686I,0.313,benign,SDCCAG8,686.0
Q86SQ7,Q686K,0.0891,benign,SDCCAG8,686.0
Q86SQ7,Q686L,0.1363,benign,SDCCAG8,686.0
Q86SQ7,Q686M,0.3095,benign,SDCCAG8,686.0
Q86SQ7,Q686N,0.2436,benign,SDCCAG8,686.0
Q86SQ7,Q686P,0.4899,ambiguous,SDCCAG8,686.0
Q86SQ7,Q686R,0.0928,benign,SDCCAG8,686.0
Q86SQ7,Q686S,0.2286,benign,SDCCAG8,686.0
Q86SQ7,Q686T,0.1703,benign,SDCCAG8,686.0
Q86SQ7,Q686V,0.2059,benign,SDCCAG8,686.0
Q86SQ7,Q686W,0.4578,ambiguous,SDCCAG8,686.0
Q86SQ7,Q686Y,0.399,ambiguous,SDCCAG8,686.0
Q86SQ7,L687A,0.6743,pathogenic,SDCCAG8,687.0
Q86SQ7,L687C,0.7693,pathogenic,SDCCAG8,687.0
Q86SQ7,L687D,0.9076,pathogenic,SDCCAG8,687.0
Q86SQ7,L687E,0.7384,pathogenic,SDCCAG8,687.0
Q86SQ7,L687F,0.3909,ambiguous,SDCCAG8,687.0
Q86SQ7,L687G,0.8562,pathogenic,SDCCAG8,687.0
Q86SQ7,L687H,0.5461,ambiguous,SDCCAG8,687.0
Q86SQ7,L687I,0.2253,benign,SDCCAG8,687.0
Q86SQ7,L687K,0.6793,pathogenic,SDCCAG8,687.0
Q86SQ7,L687M,0.2634,benign,SDCCAG8,687.0
Q86SQ7,L687N,0.7572,pathogenic,SDCCAG8,687.0
Q86SQ7,L687P,0.9346,pathogenic,SDCCAG8,687.0
Q86SQ7,L687Q,0.499,ambiguous,SDCCAG8,687.0
Q86SQ7,L687R,0.5077,ambiguous,SDCCAG8,687.0
Q86SQ7,L687S,0.8176,pathogenic,SDCCAG8,687.0
Q86SQ7,L687T,0.6897,pathogenic,SDCCAG8,687.0
Q86SQ7,L687V,0.2249,benign,SDCCAG8,687.0
Q86SQ7,L687W,0.5439,ambiguous,SDCCAG8,687.0
Q86SQ7,L687Y,0.5445,ambiguous,SDCCAG8,687.0
Q86SQ7,L688A,0.4325,ambiguous,SDCCAG8,688.0
Q86SQ7,L688C,0.5741,pathogenic,SDCCAG8,688.0
Q86SQ7,L688D,0.8038,pathogenic,SDCCAG8,688.0
Q86SQ7,L688E,0.5388,ambiguous,SDCCAG8,688.0
Q86SQ7,L688F,0.144,benign,SDCCAG8,688.0
Q86SQ7,L688G,0.6763,pathogenic,SDCCAG8,688.0
Q86SQ7,L688H,0.2442,benign,SDCCAG8,688.0
Q86SQ7,L688I,0.1378,benign,SDCCAG8,688.0
Q86SQ7,L688K,0.4522,ambiguous,SDCCAG8,688.0
Q86SQ7,L688M,0.1336,benign,SDCCAG8,688.0
Q86SQ7,L688N,0.5617,ambiguous,SDCCAG8,688.0
Q86SQ7,L688P,0.809,pathogenic,SDCCAG8,688.0
Q86SQ7,L688Q,0.2117,benign,SDCCAG8,688.0
Q86SQ7,L688R,0.2555,benign,SDCCAG8,688.0
Q86SQ7,L688S,0.4532,ambiguous,SDCCAG8,688.0
Q86SQ7,L688T,0.4191,ambiguous,SDCCAG8,688.0
Q86SQ7,L688V,0.135,benign,SDCCAG8,688.0
Q86SQ7,L688W,0.2553,benign,SDCCAG8,688.0
Q86SQ7,L688Y,0.3205,benign,SDCCAG8,688.0
Q86SQ7,L689A,0.1208,benign,SDCCAG8,689.0
Q86SQ7,L689C,0.3563,ambiguous,SDCCAG8,689.0
Q86SQ7,L689D,0.3942,ambiguous,SDCCAG8,689.0
Q86SQ7,L689E,0.1333,benign,SDCCAG8,689.0
Q86SQ7,L689F,0.1308,benign,SDCCAG8,689.0
Q86SQ7,L689G,0.2496,benign,SDCCAG8,689.0
Q86SQ7,L689H,0.1225,benign,SDCCAG8,689.0
Q86SQ7,L689I,0.0995,benign,SDCCAG8,689.0
Q86SQ7,L689K,0.1063,benign,SDCCAG8,689.0
Q86SQ7,L689M,0.0959,benign,SDCCAG8,689.0
Q86SQ7,L689N,0.2452,benign,SDCCAG8,689.0
Q86SQ7,L689P,0.4447,ambiguous,SDCCAG8,689.0
Q86SQ7,L689Q,0.0645,benign,SDCCAG8,689.0
Q86SQ7,L689R,0.0807,benign,SDCCAG8,689.0
Q86SQ7,L689S,0.1424,benign,SDCCAG8,689.0
Q86SQ7,L689T,0.1213,benign,SDCCAG8,689.0
Q86SQ7,L689V,0.0841,benign,SDCCAG8,689.0
Q86SQ7,L689W,0.1357,benign,SDCCAG8,689.0
Q86SQ7,L689Y,0.2565,benign,SDCCAG8,689.0
Q86SQ7,E690A,0.3115,benign,SDCCAG8,690.0
Q86SQ7,E690C,0.9337,pathogenic,SDCCAG8,690.0
Q86SQ7,E690D,0.221,benign,SDCCAG8,690.0
Q86SQ7,E690F,0.8936,pathogenic,SDCCAG8,690.0
Q86SQ7,E690G,0.3132,benign,SDCCAG8,690.0
Q86SQ7,E690H,0.6115,pathogenic,SDCCAG8,690.0
Q86SQ7,E690I,0.7241,pathogenic,SDCCAG8,690.0
Q86SQ7,E690K,0.3061,benign,SDCCAG8,690.0
Q86SQ7,E690L,0.5931,pathogenic,SDCCAG8,690.0
Q86SQ7,E690M,0.732,pathogenic,SDCCAG8,690.0
Q86SQ7,E690N,0.5342,ambiguous,SDCCAG8,690.0
Q86SQ7,E690P,0.8887,pathogenic,SDCCAG8,690.0
Q86SQ7,E690Q,0.1668,benign,SDCCAG8,690.0
Q86SQ7,E690R,0.4136,ambiguous,SDCCAG8,690.0
Q86SQ7,E690S,0.4078,ambiguous,SDCCAG8,690.0
Q86SQ7,E690T,0.5137,ambiguous,SDCCAG8,690.0
Q86SQ7,E690V,0.483,ambiguous,SDCCAG8,690.0
Q86SQ7,E690W,0.9338,pathogenic,SDCCAG8,690.0
Q86SQ7,E690Y,0.8027,pathogenic,SDCCAG8,690.0
Q86SQ7,R691A,0.6751,pathogenic,SDCCAG8,691.0
Q86SQ7,R691C,0.2783,benign,SDCCAG8,691.0
Q86SQ7,R691D,0.8288,pathogenic,SDCCAG8,691.0
Q86SQ7,R691E,0.4714,ambiguous,SDCCAG8,691.0
Q86SQ7,R691F,0.7971,pathogenic,SDCCAG8,691.0
Q86SQ7,R691G,0.3519,ambiguous,SDCCAG8,691.0
Q86SQ7,R691H,0.1695,benign,SDCCAG8,691.0
Q86SQ7,R691I,0.4354,ambiguous,SDCCAG8,691.0
Q86SQ7,R691K,0.1519,benign,SDCCAG8,691.0
Q86SQ7,R691L,0.4413,ambiguous,SDCCAG8,691.0
Q86SQ7,R691M,0.444,ambiguous,SDCCAG8,691.0
Q86SQ7,R691N,0.6439,pathogenic,SDCCAG8,691.0
Q86SQ7,R691P,0.9389,pathogenic,SDCCAG8,691.0
Q86SQ7,R691Q,0.1362,benign,SDCCAG8,691.0
Q86SQ7,R691S,0.6961,pathogenic,SDCCAG8,691.0
Q86SQ7,R691T,0.4728,ambiguous,SDCCAG8,691.0
Q86SQ7,R691V,0.555,ambiguous,SDCCAG8,691.0
Q86SQ7,R691W,0.2912,benign,SDCCAG8,691.0
Q86SQ7,R691Y,0.4929,ambiguous,SDCCAG8,691.0
Q86SQ7,Q692A,0.3228,benign,SDCCAG8,692.0
Q86SQ7,Q692C,0.733,pathogenic,SDCCAG8,692.0
Q86SQ7,Q692D,0.4282,ambiguous,SDCCAG8,692.0
Q86SQ7,Q692E,0.1069,benign,SDCCAG8,692.0
Q86SQ7,Q692F,0.7935,pathogenic,SDCCAG8,692.0
Q86SQ7,Q692G,0.3108,benign,SDCCAG8,692.0
Q86SQ7,Q692H,0.2773,benign,SDCCAG8,692.0
Q86SQ7,Q692I,0.521,ambiguous,SDCCAG8,692.0
Q86SQ7,Q692K,0.1104,benign,SDCCAG8,692.0
Q86SQ7,Q692L,0.2316,benign,SDCCAG8,692.0
Q86SQ7,Q692M,0.4793,ambiguous,SDCCAG8,692.0
Q86SQ7,Q692N,0.3369,benign,SDCCAG8,692.0
Q86SQ7,Q692P,0.5485,ambiguous,SDCCAG8,692.0
Q86SQ7,Q692R,0.1154,benign,SDCCAG8,692.0
Q86SQ7,Q692S,0.3781,ambiguous,SDCCAG8,692.0
Q86SQ7,Q692T,0.3087,benign,SDCCAG8,692.0
Q86SQ7,Q692V,0.3647,ambiguous,SDCCAG8,692.0
Q86SQ7,Q692W,0.5924,pathogenic,SDCCAG8,692.0
Q86SQ7,Q692Y,0.5732,pathogenic,SDCCAG8,692.0
Q86SQ7,S693A,0.0977,benign,SDCCAG8,693.0
Q86SQ7,S693C,0.0879,benign,SDCCAG8,693.0
Q86SQ7,S693D,0.1686,benign,SDCCAG8,693.0
Q86SQ7,S693E,0.2585,benign,SDCCAG8,693.0
Q86SQ7,S693F,0.1823,benign,SDCCAG8,693.0
Q86SQ7,S693G,0.0791,benign,SDCCAG8,693.0
Q86SQ7,S693H,0.1504,benign,SDCCAG8,693.0
Q86SQ7,S693I,0.0947,benign,SDCCAG8,693.0
Q86SQ7,S693K,0.2886,benign,SDCCAG8,693.0
Q86SQ7,S693L,0.1153,benign,SDCCAG8,693.0
Q86SQ7,S693M,0.1599,benign,SDCCAG8,693.0
Q86SQ7,S693N,0.0704,benign,SDCCAG8,693.0
Q86SQ7,S693P,0.5554,ambiguous,SDCCAG8,693.0
Q86SQ7,S693Q,0.2517,benign,SDCCAG8,693.0
Q86SQ7,S693R,0.2364,benign,SDCCAG8,693.0
Q86SQ7,S693T,0.0695,benign,SDCCAG8,693.0
Q86SQ7,S693V,0.1323,benign,SDCCAG8,693.0
Q86SQ7,S693W,0.2344,benign,SDCCAG8,693.0
Q86SQ7,S693Y,0.1299,benign,SDCCAG8,693.0
Q86SQ7,L694A,0.5076,ambiguous,SDCCAG8,694.0
Q86SQ7,L694C,0.6872,pathogenic,SDCCAG8,694.0
Q86SQ7,L694D,0.8771,pathogenic,SDCCAG8,694.0
Q86SQ7,L694E,0.715,pathogenic,SDCCAG8,694.0
Q86SQ7,L694F,0.2372,benign,SDCCAG8,694.0
Q86SQ7,L694G,0.7927,pathogenic,SDCCAG8,694.0
Q86SQ7,L694H,0.4639,ambiguous,SDCCAG8,694.0
Q86SQ7,L694I,0.1635,benign,SDCCAG8,694.0
Q86SQ7,L694K,0.5749,pathogenic,SDCCAG8,694.0
Q86SQ7,L694M,0.2242,benign,SDCCAG8,694.0
Q86SQ7,L694N,0.7298,pathogenic,SDCCAG8,694.0
Q86SQ7,L694P,0.7629,pathogenic,SDCCAG8,694.0
Q86SQ7,L694Q,0.4129,ambiguous,SDCCAG8,694.0
Q86SQ7,L694R,0.3875,ambiguous,SDCCAG8,694.0
Q86SQ7,L694S,0.6231,pathogenic,SDCCAG8,694.0
Q86SQ7,L694T,0.5143,ambiguous,SDCCAG8,694.0
Q86SQ7,L694V,0.1578,benign,SDCCAG8,694.0
Q86SQ7,L694W,0.4205,ambiguous,SDCCAG8,694.0
Q86SQ7,L694Y,0.526,ambiguous,SDCCAG8,694.0
Q86SQ7,S695A,0.0599,benign,SDCCAG8,695.0
Q86SQ7,S695C,0.1125,benign,SDCCAG8,695.0
Q86SQ7,S695D,0.4678,ambiguous,SDCCAG8,695.0
Q86SQ7,S695E,0.3747,ambiguous,SDCCAG8,695.0
Q86SQ7,S695F,0.2505,benign,SDCCAG8,695.0
Q86SQ7,S695G,0.1155,benign,SDCCAG8,695.0
Q86SQ7,S695H,0.3618,ambiguous,SDCCAG8,695.0
Q86SQ7,S695I,0.2311,benign,SDCCAG8,695.0
Q86SQ7,S695K,0.5188,ambiguous,SDCCAG8,695.0
Q86SQ7,S695L,0.1027,benign,SDCCAG8,695.0
Q86SQ7,S695M,0.2055,benign,SDCCAG8,695.0
Q86SQ7,S695N,0.2631,benign,SDCCAG8,695.0
Q86SQ7,S695P,0.4545,ambiguous,SDCCAG8,695.0
Q86SQ7,S695Q,0.3688,ambiguous,SDCCAG8,695.0
Q86SQ7,S695R,0.447,ambiguous,SDCCAG8,695.0
Q86SQ7,S695T,0.072,benign,SDCCAG8,695.0
Q86SQ7,S695V,0.1728,benign,SDCCAG8,695.0
Q86SQ7,S695W,0.2665,benign,SDCCAG8,695.0
Q86SQ7,S695Y,0.1974,benign,SDCCAG8,695.0
Q86SQ7,E696A,0.1426,benign,SDCCAG8,696.0
Q86SQ7,E696C,0.8013,pathogenic,SDCCAG8,696.0
Q86SQ7,E696D,0.1908,benign,SDCCAG8,696.0
Q86SQ7,E696F,0.7227,pathogenic,SDCCAG8,696.0
Q86SQ7,E696G,0.124,benign,SDCCAG8,696.0
Q86SQ7,E696H,0.3763,ambiguous,SDCCAG8,696.0
Q86SQ7,E696I,0.4317,ambiguous,SDCCAG8,696.0
Q86SQ7,E696K,0.0886,benign,SDCCAG8,696.0
Q86SQ7,E696L,0.3599,ambiguous,SDCCAG8,696.0
Q86SQ7,E696M,0.4478,ambiguous,SDCCAG8,696.0
Q86SQ7,E696N,0.3071,benign,SDCCAG8,696.0
Q86SQ7,E696P,0.7685,pathogenic,SDCCAG8,696.0
Q86SQ7,E696Q,0.112,benign,SDCCAG8,696.0
Q86SQ7,E696R,0.1462,benign,SDCCAG8,696.0
Q86SQ7,E696S,0.2218,benign,SDCCAG8,696.0
Q86SQ7,E696T,0.2356,benign,SDCCAG8,696.0
Q86SQ7,E696V,0.2208,benign,SDCCAG8,696.0
Q86SQ7,E696W,0.8094,pathogenic,SDCCAG8,696.0
Q86SQ7,E696Y,0.603,pathogenic,SDCCAG8,696.0
Q86SQ7,E697A,0.2074,benign,SDCCAG8,697.0
Q86SQ7,E697C,0.9372,pathogenic,SDCCAG8,697.0
Q86SQ7,E697D,0.2604,benign,SDCCAG8,697.0
Q86SQ7,E697F,0.8952,pathogenic,SDCCAG8,697.0
Q86SQ7,E697G,0.3452,ambiguous,SDCCAG8,697.0
Q86SQ7,E697H,0.6782,pathogenic,SDCCAG8,697.0
Q86SQ7,E697I,0.5806,pathogenic,SDCCAG8,697.0
Q86SQ7,E697K,0.2647,benign,SDCCAG8,697.0
Q86SQ7,E697L,0.6262,pathogenic,SDCCAG8,697.0
Q86SQ7,E697M,0.6277,pathogenic,SDCCAG8,697.0
Q86SQ7,E697N,0.5194,ambiguous,SDCCAG8,697.0
Q86SQ7,E697P,0.932,pathogenic,SDCCAG8,697.0
Q86SQ7,E697Q,0.2554,benign,SDCCAG8,697.0
Q86SQ7,E697R,0.4162,ambiguous,SDCCAG8,697.0
Q86SQ7,E697S,0.4413,ambiguous,SDCCAG8,697.0
Q86SQ7,E697T,0.345,ambiguous,SDCCAG8,697.0
Q86SQ7,E697V,0.3182,benign,SDCCAG8,697.0
Q86SQ7,E697W,0.956,pathogenic,SDCCAG8,697.0
Q86SQ7,E697Y,0.7894,pathogenic,SDCCAG8,697.0
Q86SQ7,V698A,0.181,benign,SDCCAG8,698.0
Q86SQ7,V698C,0.7895,pathogenic,SDCCAG8,698.0
Q86SQ7,V698D,0.4651,ambiguous,SDCCAG8,698.0
Q86SQ7,V698E,0.355,ambiguous,SDCCAG8,698.0
Q86SQ7,V698F,0.316,benign,SDCCAG8,698.0
Q86SQ7,V698G,0.1946,benign,SDCCAG8,698.0
Q86SQ7,V698H,0.6947,pathogenic,SDCCAG8,698.0
Q86SQ7,V698I,0.1572,benign,SDCCAG8,698.0
Q86SQ7,V698K,0.445,ambiguous,SDCCAG8,698.0
Q86SQ7,V698L,0.329,benign,SDCCAG8,698.0
Q86SQ7,V698M,0.2241,benign,SDCCAG8,698.0
Q86SQ7,V698N,0.3743,ambiguous,SDCCAG8,698.0
Q86SQ7,V698P,0.8694,pathogenic,SDCCAG8,698.0
Q86SQ7,V698Q,0.4658,ambiguous,SDCCAG8,698.0
Q86SQ7,V698R,0.368,ambiguous,SDCCAG8,698.0
Q86SQ7,V698S,0.3677,ambiguous,SDCCAG8,698.0
Q86SQ7,V698T,0.2666,benign,SDCCAG8,698.0
Q86SQ7,V698W,0.8165,pathogenic,SDCCAG8,698.0
Q86SQ7,V698Y,0.6394,pathogenic,SDCCAG8,698.0
Q86SQ7,D699A,0.0928,benign,SDCCAG8,699.0
Q86SQ7,D699C,0.296,benign,SDCCAG8,699.0
Q86SQ7,D699E,0.1054,benign,SDCCAG8,699.0
Q86SQ7,D699F,0.3406,ambiguous,SDCCAG8,699.0
Q86SQ7,D699G,0.0758,benign,SDCCAG8,699.0
Q86SQ7,D699H,0.1311,benign,SDCCAG8,699.0
Q86SQ7,D699I,0.2176,benign,SDCCAG8,699.0
Q86SQ7,D699K,0.1956,benign,SDCCAG8,699.0
Q86SQ7,D699L,0.2015,benign,SDCCAG8,699.0
Q86SQ7,D699M,0.4218,ambiguous,SDCCAG8,699.0
Q86SQ7,D699N,0.0859,benign,SDCCAG8,699.0
Q86SQ7,D699P,0.5318,ambiguous,SDCCAG8,699.0
Q86SQ7,D699Q,0.1551,benign,SDCCAG8,699.0
Q86SQ7,D699R,0.1832,benign,SDCCAG8,699.0
Q86SQ7,D699S,0.09,benign,SDCCAG8,699.0
Q86SQ7,D699T,0.1434,benign,SDCCAG8,699.0
Q86SQ7,D699V,0.1225,benign,SDCCAG8,699.0
Q86SQ7,D699W,0.6288,pathogenic,SDCCAG8,699.0
Q86SQ7,D699Y,0.1265,benign,SDCCAG8,699.0
Q86SQ7,R700A,0.1886,benign,SDCCAG8,700.0
Q86SQ7,R700C,0.0927,benign,SDCCAG8,700.0
Q86SQ7,R700D,0.2234,benign,SDCCAG8,700.0
Q86SQ7,R700E,0.1736,benign,SDCCAG8,700.0
Q86SQ7,R700F,0.2089,benign,SDCCAG8,700.0
Q86SQ7,R700G,0.1052,benign,SDCCAG8,700.0
Q86SQ7,R700H,0.0638,benign,SDCCAG8,700.0
Q86SQ7,R700I,0.1374,benign,SDCCAG8,700.0
Q86SQ7,R700K,0.115,benign,SDCCAG8,700.0
Q86SQ7,R700L,0.1153,benign,SDCCAG8,700.0
Q86SQ7,R700M,0.2047,benign,SDCCAG8,700.0
Q86SQ7,R700N,0.2049,benign,SDCCAG8,700.0
Q86SQ7,R700P,0.4864,ambiguous,SDCCAG8,700.0
Q86SQ7,R700Q,0.0781,benign,SDCCAG8,700.0
Q86SQ7,R700S,0.1763,benign,SDCCAG8,700.0
Q86SQ7,R700T,0.1257,benign,SDCCAG8,700.0
Q86SQ7,R700V,0.1739,benign,SDCCAG8,700.0
Q86SQ7,R700W,0.107,benign,SDCCAG8,700.0
Q86SQ7,R700Y,0.1385,benign,SDCCAG8,700.0
Q86SQ7,L701A,0.5959,pathogenic,SDCCAG8,701.0
Q86SQ7,L701C,0.7177,pathogenic,SDCCAG8,701.0
Q86SQ7,L701D,0.9021,pathogenic,SDCCAG8,701.0
Q86SQ7,L701E,0.6223,pathogenic,SDCCAG8,701.0
Q86SQ7,L701F,0.2839,benign,SDCCAG8,701.0
Q86SQ7,L701G,0.7544,pathogenic,SDCCAG8,701.0
Q86SQ7,L701H,0.5015,ambiguous,SDCCAG8,701.0
Q86SQ7,L701I,0.2146,benign,SDCCAG8,701.0
Q86SQ7,L701K,0.5561,ambiguous,SDCCAG8,701.0
Q86SQ7,L701M,0.2579,benign,SDCCAG8,701.0
Q86SQ7,L701N,0.7649,pathogenic,SDCCAG8,701.0
Q86SQ7,L701P,0.7997,pathogenic,SDCCAG8,701.0
Q86SQ7,L701Q,0.3664,ambiguous,SDCCAG8,701.0
Q86SQ7,L701R,0.4139,ambiguous,SDCCAG8,701.0
Q86SQ7,L701S,0.7022,pathogenic,SDCCAG8,701.0
Q86SQ7,L701T,0.642,pathogenic,SDCCAG8,701.0
Q86SQ7,L701V,0.2254,benign,SDCCAG8,701.0
Q86SQ7,L701W,0.3107,benign,SDCCAG8,701.0
Q86SQ7,L701Y,0.516,ambiguous,SDCCAG8,701.0
Q86SQ7,R702A,0.3373,benign,SDCCAG8,702.0
Q86SQ7,R702C,0.1816,benign,SDCCAG8,702.0
Q86SQ7,R702D,0.6173,pathogenic,SDCCAG8,702.0
Q86SQ7,R702E,0.2661,benign,SDCCAG8,702.0
Q86SQ7,R702F,0.5276,ambiguous,SDCCAG8,702.0
Q86SQ7,R702G,0.2006,benign,SDCCAG8,702.0
Q86SQ7,R702H,0.1116,benign,SDCCAG8,702.0
Q86SQ7,R702I,0.2614,benign,SDCCAG8,702.0
Q86SQ7,R702K,0.1017,benign,SDCCAG8,702.0
Q86SQ7,R702L,0.2102,benign,SDCCAG8,702.0
Q86SQ7,R702M,0.2626,benign,SDCCAG8,702.0
Q86SQ7,R702N,0.5129,ambiguous,SDCCAG8,702.0
Q86SQ7,R702P,0.6166,pathogenic,SDCCAG8,702.0
Q86SQ7,R702Q,0.0929,benign,SDCCAG8,702.0
Q86SQ7,R702S,0.4323,ambiguous,SDCCAG8,702.0
Q86SQ7,R702T,0.2168,benign,SDCCAG8,702.0
Q86SQ7,R702V,0.3153,benign,SDCCAG8,702.0
Q86SQ7,R702W,0.1611,benign,SDCCAG8,702.0
Q86SQ7,R702Y,0.3555,ambiguous,SDCCAG8,702.0
Q86SQ7,T703A,0.0634,benign,SDCCAG8,703.0
Q86SQ7,T703C,0.2578,benign,SDCCAG8,703.0
Q86SQ7,T703D,0.1863,benign,SDCCAG8,703.0
Q86SQ7,T703E,0.1648,benign,SDCCAG8,703.0
Q86SQ7,T703F,0.1633,benign,SDCCAG8,703.0
Q86SQ7,T703G,0.1274,benign,SDCCAG8,703.0
Q86SQ7,T703H,0.1488,benign,SDCCAG8,703.0
Q86SQ7,T703I,0.1289,benign,SDCCAG8,703.0
Q86SQ7,T703K,0.1304,benign,SDCCAG8,703.0
Q86SQ7,T703L,0.0938,benign,SDCCAG8,703.0
Q86SQ7,T703M,0.1005,benign,SDCCAG8,703.0
Q86SQ7,T703N,0.085,benign,SDCCAG8,703.0
Q86SQ7,T703P,0.1379,benign,SDCCAG8,703.0
Q86SQ7,T703Q,0.1412,benign,SDCCAG8,703.0
Q86SQ7,T703R,0.1123,benign,SDCCAG8,703.0
Q86SQ7,T703S,0.0748,benign,SDCCAG8,703.0
Q86SQ7,T703V,0.1161,benign,SDCCAG8,703.0
Q86SQ7,T703W,0.3517,ambiguous,SDCCAG8,703.0
Q86SQ7,T703Y,0.16,benign,SDCCAG8,703.0
Q86SQ7,Q704A,0.246,benign,SDCCAG8,704.0
Q86SQ7,Q704C,0.7213,pathogenic,SDCCAG8,704.0
Q86SQ7,Q704D,0.376,ambiguous,SDCCAG8,704.0
Q86SQ7,Q704E,0.0877,benign,SDCCAG8,704.0
Q86SQ7,Q704F,0.7258,pathogenic,SDCCAG8,704.0
Q86SQ7,Q704G,0.2908,benign,SDCCAG8,704.0
Q86SQ7,Q704H,0.3311,benign,SDCCAG8,704.0
Q86SQ7,Q704I,0.4071,ambiguous,SDCCAG8,704.0
Q86SQ7,Q704K,0.1336,benign,SDCCAG8,704.0
Q86SQ7,Q704L,0.1896,benign,SDCCAG8,704.0
Q86SQ7,Q704M,0.411,ambiguous,SDCCAG8,704.0
Q86SQ7,Q704N,0.3829,ambiguous,SDCCAG8,704.0
Q86SQ7,Q704P,0.2444,benign,SDCCAG8,704.0
Q86SQ7,Q704R,0.1337,benign,SDCCAG8,704.0
Q86SQ7,Q704S,0.3072,benign,SDCCAG8,704.0
Q86SQ7,Q704T,0.2503,benign,SDCCAG8,704.0
Q86SQ7,Q704V,0.2462,benign,SDCCAG8,704.0
Q86SQ7,Q704W,0.6075,pathogenic,SDCCAG8,704.0
Q86SQ7,Q704Y,0.5616,ambiguous,SDCCAG8,704.0
Q86SQ7,L705A,0.3089,benign,SDCCAG8,705.0
Q86SQ7,L705C,0.5342,ambiguous,SDCCAG8,705.0
Q86SQ7,L705D,0.5208,ambiguous,SDCCAG8,705.0
Q86SQ7,L705E,0.2755,benign,SDCCAG8,705.0
Q86SQ7,L705F,0.2206,benign,SDCCAG8,705.0
Q86SQ7,L705G,0.3839,ambiguous,SDCCAG8,705.0
Q86SQ7,L705H,0.3287,benign,SDCCAG8,705.0
Q86SQ7,L705I,0.1203,benign,SDCCAG8,705.0
Q86SQ7,L705K,0.2517,benign,SDCCAG8,705.0
Q86SQ7,L705M,0.1749,benign,SDCCAG8,705.0
Q86SQ7,L705N,0.387,ambiguous,SDCCAG8,705.0
Q86SQ7,L705P,0.3228,benign,SDCCAG8,705.0
Q86SQ7,L705Q,0.2073,benign,SDCCAG8,705.0
Q86SQ7,L705R,0.209,benign,SDCCAG8,705.0
Q86SQ7,L705S,0.4175,ambiguous,SDCCAG8,705.0
Q86SQ7,L705T,0.3279,benign,SDCCAG8,705.0
Q86SQ7,L705V,0.1036,benign,SDCCAG8,705.0
Q86SQ7,L705W,0.3021,benign,SDCCAG8,705.0
Q86SQ7,L705Y,0.3425,ambiguous,SDCCAG8,705.0
Q86SQ7,P706A,0.1146,benign,SDCCAG8,706.0
Q86SQ7,P706C,0.4008,ambiguous,SDCCAG8,706.0
Q86SQ7,P706D,0.3636,ambiguous,SDCCAG8,706.0
Q86SQ7,P706E,0.2689,benign,SDCCAG8,706.0
Q86SQ7,P706F,0.4326,ambiguous,SDCCAG8,706.0
Q86SQ7,P706G,0.2529,benign,SDCCAG8,706.0
Q86SQ7,P706H,0.1747,benign,SDCCAG8,706.0
Q86SQ7,P706I,0.3307,benign,SDCCAG8,706.0
Q86SQ7,P706K,0.2983,benign,SDCCAG8,706.0
Q86SQ7,P706L,0.1511,benign,SDCCAG8,706.0
Q86SQ7,P706M,0.4127,ambiguous,SDCCAG8,706.0
Q86SQ7,P706N,0.3481,ambiguous,SDCCAG8,706.0
Q86SQ7,P706Q,0.1795,benign,SDCCAG8,706.0
Q86SQ7,P706R,0.1611,benign,SDCCAG8,706.0
Q86SQ7,P706S,0.149,benign,SDCCAG8,706.0
Q86SQ7,P706T,0.1342,benign,SDCCAG8,706.0
Q86SQ7,P706V,0.218,benign,SDCCAG8,706.0
Q86SQ7,P706W,0.4803,ambiguous,SDCCAG8,706.0
Q86SQ7,P706Y,0.3522,ambiguous,SDCCAG8,706.0
Q86SQ7,S707A,0.068,benign,SDCCAG8,707.0
Q86SQ7,S707C,0.102,benign,SDCCAG8,707.0
Q86SQ7,S707D,0.2641,benign,SDCCAG8,707.0
Q86SQ7,S707E,0.2967,benign,SDCCAG8,707.0
Q86SQ7,S707F,0.1596,benign,SDCCAG8,707.0
Q86SQ7,S707G,0.0917,benign,SDCCAG8,707.0
Q86SQ7,S707H,0.2642,benign,SDCCAG8,707.0
Q86SQ7,S707I,0.1672,benign,SDCCAG8,707.0
Q86SQ7,S707K,0.4577,ambiguous,SDCCAG8,707.0
Q86SQ7,S707L,0.1128,benign,SDCCAG8,707.0
Q86SQ7,S707M,0.251,benign,SDCCAG8,707.0
Q86SQ7,S707N,0.1728,benign,SDCCAG8,707.0
Q86SQ7,S707P,0.0961,benign,SDCCAG8,707.0
Q86SQ7,S707Q,0.354,ambiguous,SDCCAG8,707.0
Q86SQ7,S707R,0.3505,ambiguous,SDCCAG8,707.0
Q86SQ7,S707T,0.0845,benign,SDCCAG8,707.0
Q86SQ7,S707V,0.1428,benign,SDCCAG8,707.0
Q86SQ7,S707W,0.2251,benign,SDCCAG8,707.0
Q86SQ7,S707Y,0.1412,benign,SDCCAG8,707.0
Q86SQ7,M708A,0.4104,ambiguous,SDCCAG8,708.0
Q86SQ7,M708C,0.7312,pathogenic,SDCCAG8,708.0
Q86SQ7,M708D,0.693,pathogenic,SDCCAG8,708.0
Q86SQ7,M708E,0.4554,ambiguous,SDCCAG8,708.0
Q86SQ7,M708F,0.3238,benign,SDCCAG8,708.0
Q86SQ7,M708G,0.5495,ambiguous,SDCCAG8,708.0
Q86SQ7,M708H,0.4693,ambiguous,SDCCAG8,708.0
Q86SQ7,M708I,0.5082,ambiguous,SDCCAG8,708.0
Q86SQ7,M708K,0.2189,benign,SDCCAG8,708.0
Q86SQ7,M708L,0.1544,benign,SDCCAG8,708.0
Q86SQ7,M708N,0.5516,ambiguous,SDCCAG8,708.0
Q86SQ7,M708P,0.4466,ambiguous,SDCCAG8,708.0
Q86SQ7,M708Q,0.2538,benign,SDCCAG8,708.0
Q86SQ7,M708R,0.2207,benign,SDCCAG8,708.0
Q86SQ7,M708S,0.4034,ambiguous,SDCCAG8,708.0
Q86SQ7,M708T,0.371,ambiguous,SDCCAG8,708.0
Q86SQ7,M708V,0.122,benign,SDCCAG8,708.0
Q86SQ7,M708W,0.5804,pathogenic,SDCCAG8,708.0
Q86SQ7,M708Y,0.5217,ambiguous,SDCCAG8,708.0
Q86SQ7,P709A,0.1075,benign,SDCCAG8,709.0
Q86SQ7,P709C,0.4487,ambiguous,SDCCAG8,709.0
Q86SQ7,P709D,0.3734,ambiguous,SDCCAG8,709.0
Q86SQ7,P709E,0.2044,benign,SDCCAG8,709.0
Q86SQ7,P709F,0.4468,ambiguous,SDCCAG8,709.0
Q86SQ7,P709G,0.233,benign,SDCCAG8,709.0
Q86SQ7,P709H,0.1653,benign,SDCCAG8,709.0
Q86SQ7,P709I,0.3172,benign,SDCCAG8,709.0
Q86SQ7,P709K,0.1978,benign,SDCCAG8,709.0
Q86SQ7,P709L,0.1464,benign,SDCCAG8,709.0
Q86SQ7,P709M,0.3776,ambiguous,SDCCAG8,709.0
Q86SQ7,P709N,0.3234,benign,SDCCAG8,709.0
Q86SQ7,P709Q,0.1259,benign,SDCCAG8,709.0
Q86SQ7,P709R,0.0916,benign,SDCCAG8,709.0
Q86SQ7,P709S,0.1622,benign,SDCCAG8,709.0
Q86SQ7,P709T,0.1242,benign,SDCCAG8,709.0
Q86SQ7,P709V,0.2144,benign,SDCCAG8,709.0
Q86SQ7,P709W,0.4408,ambiguous,SDCCAG8,709.0
Q86SQ7,P709Y,0.3657,ambiguous,SDCCAG8,709.0
Q86SQ7,Q710A,0.1455,benign,SDCCAG8,710.0
Q86SQ7,Q710C,0.5764,pathogenic,SDCCAG8,710.0
Q86SQ7,Q710D,0.2411,benign,SDCCAG8,710.0
Q86SQ7,Q710E,0.081,benign,SDCCAG8,710.0
Q86SQ7,Q710F,0.5413,ambiguous,SDCCAG8,710.0
Q86SQ7,Q710G,0.1803,benign,SDCCAG8,710.0
Q86SQ7,Q710H,0.2294,benign,SDCCAG8,710.0
Q86SQ7,Q710I,0.3172,benign,SDCCAG8,710.0
Q86SQ7,Q710K,0.1075,benign,SDCCAG8,710.0
Q86SQ7,Q710L,0.1434,benign,SDCCAG8,710.0
Q86SQ7,Q710M,0.3697,ambiguous,SDCCAG8,710.0
Q86SQ7,Q710N,0.2645,benign,SDCCAG8,710.0
Q86SQ7,Q710P,0.0816,benign,SDCCAG8,710.0
Q86SQ7,Q710R,0.0998,benign,SDCCAG8,710.0
Q86SQ7,Q710S,0.1808,benign,SDCCAG8,710.0
Q86SQ7,Q710T,0.1674,benign,SDCCAG8,710.0
Q86SQ7,Q710V,0.1938,benign,SDCCAG8,710.0
Q86SQ7,Q710W,0.4432,ambiguous,SDCCAG8,710.0
Q86SQ7,Q710Y,0.3985,ambiguous,SDCCAG8,710.0
Q86SQ7,S711A,0.0925,benign,SDCCAG8,711.0
Q86SQ7,S711C,0.1679,benign,SDCCAG8,711.0
Q86SQ7,S711D,0.3253,benign,SDCCAG8,711.0
Q86SQ7,S711E,0.3386,benign,SDCCAG8,711.0
Q86SQ7,S711F,0.2595,benign,SDCCAG8,711.0
Q86SQ7,S711G,0.1196,benign,SDCCAG8,711.0
Q86SQ7,S711H,0.3817,ambiguous,SDCCAG8,711.0
Q86SQ7,S711I,0.2792,benign,SDCCAG8,711.0
Q86SQ7,S711K,0.5671,pathogenic,SDCCAG8,711.0
Q86SQ7,S711L,0.1742,benign,SDCCAG8,711.0
Q86SQ7,S711M,0.3192,benign,SDCCAG8,711.0
Q86SQ7,S711N,0.2226,benign,SDCCAG8,711.0
Q86SQ7,S711P,0.1333,benign,SDCCAG8,711.0
Q86SQ7,S711Q,0.4523,ambiguous,SDCCAG8,711.0
Q86SQ7,S711R,0.4872,ambiguous,SDCCAG8,711.0
Q86SQ7,S711T,0.1023,benign,SDCCAG8,711.0
Q86SQ7,S711V,0.2465,benign,SDCCAG8,711.0
Q86SQ7,S711W,0.2702,benign,SDCCAG8,711.0
Q86SQ7,S711Y,0.1902,benign,SDCCAG8,711.0
Q86SQ7,D712A,0.1944,benign,SDCCAG8,712.0
Q86SQ7,D712C,0.5516,ambiguous,SDCCAG8,712.0
Q86SQ7,D712E,0.2414,benign,SDCCAG8,712.0
Q86SQ7,D712F,0.4879,ambiguous,SDCCAG8,712.0
Q86SQ7,D712G,0.169,benign,SDCCAG8,712.0
Q86SQ7,D712H,0.2677,benign,SDCCAG8,712.0
Q86SQ7,D712I,0.3629,ambiguous,SDCCAG8,712.0
Q86SQ7,D712K,0.4591,ambiguous,SDCCAG8,712.0
Q86SQ7,D712L,0.4122,ambiguous,SDCCAG8,712.0
Q86SQ7,D712M,0.7235,pathogenic,SDCCAG8,712.0
Q86SQ7,D712N,0.1264,benign,SDCCAG8,712.0
Q86SQ7,D712P,0.4451,ambiguous,SDCCAG8,712.0
Q86SQ7,D712Q,0.3826,ambiguous,SDCCAG8,712.0
Q86SQ7,D712R,0.363,ambiguous,SDCCAG8,712.0
Q86SQ7,D712S,0.1445,benign,SDCCAG8,712.0
Q86SQ7,D712T,0.2747,benign,SDCCAG8,712.0
Q86SQ7,D712V,0.2267,benign,SDCCAG8,712.0
Q86SQ7,D712W,0.8282,pathogenic,SDCCAG8,712.0
Q86SQ7,D712Y,0.2089,benign,SDCCAG8,712.0
Q86SQ7,C713A,0.3126,benign,SDCCAG8,713.0
Q86SQ7,C713D,0.3846,ambiguous,SDCCAG8,713.0
Q86SQ7,C713E,0.561,ambiguous,SDCCAG8,713.0
Q86SQ7,C713F,0.1379,benign,SDCCAG8,713.0
Q86SQ7,C713G,0.1441,benign,SDCCAG8,713.0
Q86SQ7,C713H,0.4311,ambiguous,SDCCAG8,713.0
Q86SQ7,C713I,0.376,ambiguous,SDCCAG8,713.0
Q86SQ7,C713K,0.6425,pathogenic,SDCCAG8,713.0
Q86SQ7,C713L,0.2988,benign,SDCCAG8,713.0
Q86SQ7,C713M,0.5306,ambiguous,SDCCAG8,713.0
Q86SQ7,C713N,0.3921,ambiguous,SDCCAG8,713.0
Q86SQ7,C713P,0.5645,pathogenic,SDCCAG8,713.0
Q86SQ7,C713Q,0.4911,ambiguous,SDCCAG8,713.0
Q86SQ7,C713R,0.3269,benign,SDCCAG8,713.0
Q86SQ7,C713S,0.2165,benign,SDCCAG8,713.0
Q86SQ7,C713T,0.3391,benign,SDCCAG8,713.0
Q86SQ7,C713V,0.2978,benign,SDCCAG8,713.0
Q86SQ7,C713W,0.4334,ambiguous,SDCCAG8,713.0
Q86SQ7,C713Y,0.1928,benign,SDCCAG8,713.0
