uniprot,protein_variant,am_pathogenicity,am_class,gene,resnum
Q07837,M1A,0.3511,ambiguous,SLC3A1,1.0
Q07837,M1C,0.5007,ambiguous,SLC3A1,1.0
Q07837,M1D,0.697,pathogenic,SLC3A1,1.0
Q07837,M1E,0.4259,ambiguous,SLC3A1,1.0
Q07837,M1F,0.2615,benign,SLC3A1,1.0
Q07837,M1G,0.5732,pathogenic,SLC3A1,1.0
Q07837,M1H,0.5352,ambiguous,SLC3A1,1.0
Q07837,M1I,0.3214,benign,SLC3A1,1.0
Q07837,M1K,0.2446,benign,SLC3A1,1.0
Q07837,M1L,0.1518,benign,SLC3A1,1.0
Q07837,M1N,0.4818,ambiguous,SLC3A1,1.0
Q07837,M1P,0.5621,ambiguous,SLC3A1,1.0
Q07837,M1Q,0.2786,benign,SLC3A1,1.0
Q07837,M1R,0.24,benign,SLC3A1,1.0
Q07837,M1S,0.3973,ambiguous,SLC3A1,1.0
Q07837,M1T,0.2836,benign,SLC3A1,1.0
Q07837,M1V,0.1052,benign,SLC3A1,1.0
Q07837,M1W,0.488,ambiguous,SLC3A1,1.0
Q07837,M1Y,0.5042,ambiguous,SLC3A1,1.0
Q07837,A2C,0.3984,ambiguous,SLC3A1,2.0
Q07837,A2D,0.0763,benign,SLC3A1,2.0
Q07837,A2E,0.0871,benign,SLC3A1,2.0
Q07837,A2F,0.1896,benign,SLC3A1,2.0
Q07837,A2G,0.0831,benign,SLC3A1,2.0
Q07837,A2H,0.2194,benign,SLC3A1,2.0
Q07837,A2I,0.1883,benign,SLC3A1,2.0
Q07837,A2K,0.1314,benign,SLC3A1,2.0
Q07837,A2L,0.1328,benign,SLC3A1,2.0
Q07837,A2M,0.2004,benign,SLC3A1,2.0
Q07837,A2N,0.1092,benign,SLC3A1,2.0
Q07837,A2P,0.0965,benign,SLC3A1,2.0
Q07837,A2Q,0.1468,benign,SLC3A1,2.0
Q07837,A2R,0.1152,benign,SLC3A1,2.0
Q07837,A2S,0.0724,benign,SLC3A1,2.0
Q07837,A2T,0.0763,benign,SLC3A1,2.0
Q07837,A2V,0.1236,benign,SLC3A1,2.0
Q07837,A2W,0.3742,ambiguous,SLC3A1,2.0
Q07837,A2Y,0.2273,benign,SLC3A1,2.0
Q07837,E3A,0.0791,benign,SLC3A1,3.0
Q07837,E3C,0.4915,ambiguous,SLC3A1,3.0
Q07837,E3D,0.086,benign,SLC3A1,3.0
Q07837,E3F,0.3179,benign,SLC3A1,3.0
Q07837,E3G,0.0705,benign,SLC3A1,3.0
Q07837,E3H,0.2037,benign,SLC3A1,3.0
Q07837,E3I,0.1767,benign,SLC3A1,3.0
Q07837,E3K,0.0717,benign,SLC3A1,3.0
Q07837,E3L,0.168,benign,SLC3A1,3.0
Q07837,E3M,0.2355,benign,SLC3A1,3.0
Q07837,E3N,0.1207,benign,SLC3A1,3.0
Q07837,E3P,0.2328,benign,SLC3A1,3.0
Q07837,E3Q,0.0938,benign,SLC3A1,3.0
Q07837,E3R,0.0955,benign,SLC3A1,3.0
Q07837,E3S,0.098,benign,SLC3A1,3.0
Q07837,E3T,0.1036,benign,SLC3A1,3.0
Q07837,E3V,0.1193,benign,SLC3A1,3.0
Q07837,E3W,0.4438,ambiguous,SLC3A1,3.0
Q07837,E3Y,0.2474,benign,SLC3A1,3.0
Q07837,D4A,0.0877,benign,SLC3A1,4.0
Q07837,D4C,0.2734,benign,SLC3A1,4.0
Q07837,D4E,0.0676,benign,SLC3A1,4.0
Q07837,D4F,0.2016,benign,SLC3A1,4.0
Q07837,D4G,0.0687,benign,SLC3A1,4.0
Q07837,D4H,0.1185,benign,SLC3A1,4.0
Q07837,D4I,0.1311,benign,SLC3A1,4.0
Q07837,D4K,0.1035,benign,SLC3A1,4.0
Q07837,D4L,0.1465,benign,SLC3A1,4.0
Q07837,D4M,0.2591,benign,SLC3A1,4.0
Q07837,D4N,0.0723,benign,SLC3A1,4.0
Q07837,D4P,0.235,benign,SLC3A1,4.0
Q07837,D4Q,0.1166,benign,SLC3A1,4.0
Q07837,D4R,0.1144,benign,SLC3A1,4.0
Q07837,D4S,0.0862,benign,SLC3A1,4.0
Q07837,D4T,0.1035,benign,SLC3A1,4.0
Q07837,D4V,0.0951,benign,SLC3A1,4.0
Q07837,D4W,0.4016,ambiguous,SLC3A1,4.0
Q07837,D4Y,0.0879,benign,SLC3A1,4.0
Q07837,K5A,0.1096,benign,SLC3A1,5.0
Q07837,K5C,0.347,ambiguous,SLC3A1,5.0
Q07837,K5D,0.1244,benign,SLC3A1,5.0
Q07837,K5E,0.0634,benign,SLC3A1,5.0
Q07837,K5F,0.2617,benign,SLC3A1,5.0
Q07837,K5G,0.1173,benign,SLC3A1,5.0
Q07837,K5H,0.1564,benign,SLC3A1,5.0
Q07837,K5I,0.1124,benign,SLC3A1,5.0
Q07837,K5L,0.1351,benign,SLC3A1,5.0
Q07837,K5M,0.1192,benign,SLC3A1,5.0
Q07837,K5N,0.1028,benign,SLC3A1,5.0
Q07837,K5P,0.2239,benign,SLC3A1,5.0
Q07837,K5Q,0.089,benign,SLC3A1,5.0
Q07837,K5R,0.069,benign,SLC3A1,5.0
Q07837,K5S,0.1136,benign,SLC3A1,5.0
Q07837,K5T,0.0731,benign,SLC3A1,5.0
Q07837,K5V,0.1189,benign,SLC3A1,5.0
Q07837,K5W,0.3743,ambiguous,SLC3A1,5.0
Q07837,K5Y,0.2222,benign,SLC3A1,5.0
Q07837,S6A,0.0844,benign,SLC3A1,6.0
Q07837,S6C,0.0804,benign,SLC3A1,6.0
Q07837,S6D,0.0806,benign,SLC3A1,6.0
Q07837,S6E,0.1012,benign,SLC3A1,6.0
Q07837,S6F,0.1405,benign,SLC3A1,6.0
Q07837,S6G,0.0592,benign,SLC3A1,6.0
Q07837,S6H,0.1212,benign,SLC3A1,6.0
Q07837,S6I,0.0893,benign,SLC3A1,6.0
Q07837,S6K,0.1318,benign,SLC3A1,6.0
Q07837,S6L,0.1097,benign,SLC3A1,6.0
Q07837,S6M,0.1567,benign,SLC3A1,6.0
Q07837,S6N,0.0657,benign,SLC3A1,6.0
Q07837,S6P,0.1219,benign,SLC3A1,6.0
Q07837,S6Q,0.1357,benign,SLC3A1,6.0
Q07837,S6R,0.1052,benign,SLC3A1,6.0
Q07837,S6T,0.0797,benign,SLC3A1,6.0
Q07837,S6V,0.1067,benign,SLC3A1,6.0
Q07837,S6W,0.1365,benign,SLC3A1,6.0
Q07837,S6Y,0.0939,benign,SLC3A1,6.0
Q07837,K7A,0.1605,benign,SLC3A1,7.0
Q07837,K7C,0.3839,ambiguous,SLC3A1,7.0
Q07837,K7D,0.1976,benign,SLC3A1,7.0
Q07837,K7E,0.0755,benign,SLC3A1,7.0
Q07837,K7F,0.3411,ambiguous,SLC3A1,7.0
Q07837,K7G,0.1454,benign,SLC3A1,7.0
Q07837,K7H,0.1878,benign,SLC3A1,7.0
Q07837,K7I,0.1552,benign,SLC3A1,7.0
Q07837,K7L,0.1709,benign,SLC3A1,7.0
Q07837,K7M,0.1489,benign,SLC3A1,7.0
Q07837,K7N,0.1506,benign,SLC3A1,7.0
Q07837,K7P,0.2992,benign,SLC3A1,7.0
Q07837,K7Q,0.0891,benign,SLC3A1,7.0
Q07837,K7R,0.0644,benign,SLC3A1,7.0
Q07837,K7S,0.1526,benign,SLC3A1,7.0
Q07837,K7T,0.1101,benign,SLC3A1,7.0
Q07837,K7V,0.1549,benign,SLC3A1,7.0
Q07837,K7W,0.3892,ambiguous,SLC3A1,7.0
Q07837,K7Y,0.2829,benign,SLC3A1,7.0
Q07837,R8A,0.1084,benign,SLC3A1,8.0
Q07837,R8C,0.2365,benign,SLC3A1,8.0
Q07837,R8D,0.1638,benign,SLC3A1,8.0
Q07837,R8E,0.0954,benign,SLC3A1,8.0
Q07837,R8F,0.2511,benign,SLC3A1,8.0
Q07837,R8G,0.0674,benign,SLC3A1,8.0
Q07837,R8H,0.1273,benign,SLC3A1,8.0
Q07837,R8I,0.1004,benign,SLC3A1,8.0
Q07837,R8K,0.066,benign,SLC3A1,8.0
Q07837,R8L,0.1235,benign,SLC3A1,8.0
Q07837,R8M,0.1102,benign,SLC3A1,8.0
Q07837,R8N,0.1737,benign,SLC3A1,8.0
Q07837,R8P,0.1925,benign,SLC3A1,8.0
Q07837,R8Q,0.091,benign,SLC3A1,8.0
Q07837,R8S,0.1339,benign,SLC3A1,8.0
Q07837,R8T,0.0719,benign,SLC3A1,8.0
Q07837,R8V,0.1379,benign,SLC3A1,8.0
Q07837,R8W,0.1358,benign,SLC3A1,8.0
Q07837,R8Y,0.2241,benign,SLC3A1,8.0
Q07837,D9A,0.0955,benign,SLC3A1,9.0
Q07837,D9C,0.2589,benign,SLC3A1,9.0
Q07837,D9E,0.1066,benign,SLC3A1,9.0
Q07837,D9F,0.2085,benign,SLC3A1,9.0
Q07837,D9G,0.0723,benign,SLC3A1,9.0
Q07837,D9H,0.1242,benign,SLC3A1,9.0
Q07837,D9I,0.1496,benign,SLC3A1,9.0
Q07837,D9K,0.1501,benign,SLC3A1,9.0
Q07837,D9L,0.1629,benign,SLC3A1,9.0
Q07837,D9M,0.3405,ambiguous,SLC3A1,9.0
Q07837,D9N,0.0809,benign,SLC3A1,9.0
Q07837,D9P,0.239,benign,SLC3A1,9.0
Q07837,D9Q,0.1589,benign,SLC3A1,9.0
Q07837,D9R,0.138,benign,SLC3A1,9.0
Q07837,D9S,0.0893,benign,SLC3A1,9.0
Q07837,D9T,0.1344,benign,SLC3A1,9.0
Q07837,D9V,0.1039,benign,SLC3A1,9.0
Q07837,D9W,0.4433,ambiguous,SLC3A1,9.0
Q07837,D9Y,0.0824,benign,SLC3A1,9.0
Q07837,S10A,0.0719,benign,SLC3A1,10.0
Q07837,S10C,0.0978,benign,SLC3A1,10.0
Q07837,S10D,0.1223,benign,SLC3A1,10.0
Q07837,S10E,0.1919,benign,SLC3A1,10.0
Q07837,S10F,0.1162,benign,SLC3A1,10.0
Q07837,S10G,0.0617,benign,SLC3A1,10.0
Q07837,S10H,0.1802,benign,SLC3A1,10.0
Q07837,S10I,0.106,benign,SLC3A1,10.0
Q07837,S10K,0.2547,benign,SLC3A1,10.0
Q07837,S10L,0.1029,benign,SLC3A1,10.0
Q07837,S10M,0.1801,benign,SLC3A1,10.0
Q07837,S10N,0.0881,benign,SLC3A1,10.0
Q07837,S10P,0.0963,benign,SLC3A1,10.0
Q07837,S10Q,0.2601,benign,SLC3A1,10.0
Q07837,S10R,0.1787,benign,SLC3A1,10.0
Q07837,S10T,0.0744,benign,SLC3A1,10.0
Q07837,S10V,0.1176,benign,SLC3A1,10.0
Q07837,S10W,0.1668,benign,SLC3A1,10.0
Q07837,S10Y,0.0988,benign,SLC3A1,10.0
Q07837,I11A,0.0743,benign,SLC3A1,11.0
Q07837,I11C,0.3235,benign,SLC3A1,11.0
Q07837,I11D,0.1742,benign,SLC3A1,11.0
Q07837,I11E,0.1295,benign,SLC3A1,11.0
Q07837,I11F,0.0687,benign,SLC3A1,11.0
Q07837,I11G,0.1628,benign,SLC3A1,11.0
Q07837,I11H,0.1764,benign,SLC3A1,11.0
Q07837,I11K,0.0994,benign,SLC3A1,11.0
Q07837,I11L,0.0635,benign,SLC3A1,11.0
Q07837,I11M,0.0645,benign,SLC3A1,11.0
Q07837,I11N,0.1001,benign,SLC3A1,11.0
Q07837,I11P,0.1276,benign,SLC3A1,11.0
Q07837,I11Q,0.1303,benign,SLC3A1,11.0
Q07837,I11R,0.0668,benign,SLC3A1,11.0
Q07837,I11S,0.0854,benign,SLC3A1,11.0
Q07837,I11T,0.0575,benign,SLC3A1,11.0
Q07837,I11V,0.0587,benign,SLC3A1,11.0
Q07837,I11W,0.2383,benign,SLC3A1,11.0
Q07837,I11Y,0.1841,benign,SLC3A1,11.0
Q07837,E12A,0.0808,benign,SLC3A1,12.0
Q07837,E12C,0.3481,ambiguous,SLC3A1,12.0
Q07837,E12D,0.0987,benign,SLC3A1,12.0
Q07837,E12F,0.2835,benign,SLC3A1,12.0
Q07837,E12G,0.0538,benign,SLC3A1,12.0
Q07837,E12H,0.1658,benign,SLC3A1,12.0
Q07837,E12I,0.1443,benign,SLC3A1,12.0
Q07837,E12K,0.0685,benign,SLC3A1,12.0
Q07837,E12L,0.1427,benign,SLC3A1,12.0
Q07837,E12M,0.1889,benign,SLC3A1,12.0
Q07837,E12N,0.1215,benign,SLC3A1,12.0
Q07837,E12P,0.1881,benign,SLC3A1,12.0
Q07837,E12Q,0.074,benign,SLC3A1,12.0
Q07837,E12R,0.0753,benign,SLC3A1,12.0
Q07837,E12S,0.092,benign,SLC3A1,12.0
Q07837,E12T,0.0875,benign,SLC3A1,12.0
Q07837,E12V,0.1078,benign,SLC3A1,12.0
Q07837,E12W,0.2574,benign,SLC3A1,12.0
Q07837,E12Y,0.2,benign,SLC3A1,12.0
Q07837,M13A,0.2602,benign,SLC3A1,13.0
Q07837,M13C,0.6097,pathogenic,SLC3A1,13.0
Q07837,M13D,0.4164,ambiguous,SLC3A1,13.0
Q07837,M13E,0.256,benign,SLC3A1,13.0
Q07837,M13F,0.1894,benign,SLC3A1,13.0
Q07837,M13G,0.3055,benign,SLC3A1,13.0
Q07837,M13H,0.319,benign,SLC3A1,13.0
Q07837,M13I,0.1779,benign,SLC3A1,13.0
Q07837,M13K,0.1125,benign,SLC3A1,13.0
Q07837,M13L,0.0838,benign,SLC3A1,13.0
Q07837,M13N,0.2471,benign,SLC3A1,13.0
Q07837,M13P,0.3098,benign,SLC3A1,13.0
Q07837,M13Q,0.1924,benign,SLC3A1,13.0
Q07837,M13R,0.1097,benign,SLC3A1,13.0
Q07837,M13S,0.2662,benign,SLC3A1,13.0
Q07837,M13T,0.1857,benign,SLC3A1,13.0
Q07837,M13V,0.0936,benign,SLC3A1,13.0
Q07837,M13W,0.2967,benign,SLC3A1,13.0
Q07837,M13Y,0.2966,benign,SLC3A1,13.0
Q07837,S14A,0.0856,benign,SLC3A1,14.0
Q07837,S14C,0.1208,benign,SLC3A1,14.0
Q07837,S14D,0.0924,benign,SLC3A1,14.0
Q07837,S14E,0.1248,benign,SLC3A1,14.0
Q07837,S14F,0.1767,benign,SLC3A1,14.0
Q07837,S14G,0.069,benign,SLC3A1,14.0
Q07837,S14H,0.1122,benign,SLC3A1,14.0
Q07837,S14I,0.1001,benign,SLC3A1,14.0
Q07837,S14K,0.1203,benign,SLC3A1,14.0
Q07837,S14L,0.1167,benign,SLC3A1,14.0
Q07837,S14M,0.1572,benign,SLC3A1,14.0
Q07837,S14N,0.064,benign,SLC3A1,14.0
Q07837,S14P,0.1271,benign,SLC3A1,14.0
Q07837,S14Q,0.1427,benign,SLC3A1,14.0
Q07837,S14R,0.0985,benign,SLC3A1,14.0
Q07837,S14T,0.0751,benign,SLC3A1,14.0
Q07837,S14V,0.1276,benign,SLC3A1,14.0
Q07837,S14W,0.1853,benign,SLC3A1,14.0
Q07837,S14Y,0.114,benign,SLC3A1,14.0
Q07837,M15A,0.1255,benign,SLC3A1,15.0
Q07837,M15C,0.4775,ambiguous,SLC3A1,15.0
Q07837,M15D,0.2577,benign,SLC3A1,15.0
Q07837,M15E,0.1069,benign,SLC3A1,15.0
Q07837,M15F,0.1766,benign,SLC3A1,15.0
Q07837,M15G,0.1877,benign,SLC3A1,15.0
Q07837,M15H,0.2067,benign,SLC3A1,15.0
Q07837,M15I,0.1496,benign,SLC3A1,15.0
Q07837,M15K,0.0622,benign,SLC3A1,15.0
Q07837,M15L,0.0787,benign,SLC3A1,15.0
Q07837,M15N,0.1717,benign,SLC3A1,15.0
Q07837,M15P,0.1655,benign,SLC3A1,15.0
Q07837,M15Q,0.0949,benign,SLC3A1,15.0
Q07837,M15R,0.058,benign,SLC3A1,15.0
Q07837,M15S,0.1351,benign,SLC3A1,15.0
Q07837,M15T,0.0766,benign,SLC3A1,15.0
Q07837,M15V,0.0652,benign,SLC3A1,15.0
Q07837,M15W,0.2283,benign,SLC3A1,15.0
Q07837,M15Y,0.2616,benign,SLC3A1,15.0
Q07837,K16A,0.1653,benign,SLC3A1,16.0
Q07837,K16C,0.5751,pathogenic,SLC3A1,16.0
Q07837,K16D,0.2257,benign,SLC3A1,16.0
Q07837,K16E,0.0801,benign,SLC3A1,16.0
Q07837,K16F,0.4765,ambiguous,SLC3A1,16.0
Q07837,K16G,0.1846,benign,SLC3A1,16.0
Q07837,K16H,0.2218,benign,SLC3A1,16.0
Q07837,K16I,0.226,benign,SLC3A1,16.0
Q07837,K16L,0.1974,benign,SLC3A1,16.0
Q07837,K16M,0.1602,benign,SLC3A1,16.0
Q07837,K16N,0.1737,benign,SLC3A1,16.0
Q07837,K16P,0.2656,benign,SLC3A1,16.0
Q07837,K16Q,0.1045,benign,SLC3A1,16.0
Q07837,K16R,0.0764,benign,SLC3A1,16.0
Q07837,K16S,0.1888,benign,SLC3A1,16.0
Q07837,K16T,0.112,benign,SLC3A1,16.0
Q07837,K16V,0.2154,benign,SLC3A1,16.0
Q07837,K16W,0.4864,ambiguous,SLC3A1,16.0
Q07837,K16Y,0.353,ambiguous,SLC3A1,16.0
Q07837,G17A,0.0878,benign,SLC3A1,17.0
Q07837,G17C,0.1744,benign,SLC3A1,17.0
Q07837,G17D,0.0852,benign,SLC3A1,17.0
Q07837,G17E,0.0766,benign,SLC3A1,17.0
Q07837,G17F,0.2711,benign,SLC3A1,17.0
Q07837,G17H,0.1827,benign,SLC3A1,17.0
Q07837,G17I,0.129,benign,SLC3A1,17.0
Q07837,G17K,0.1562,benign,SLC3A1,17.0
Q07837,G17L,0.2139,benign,SLC3A1,17.0
Q07837,G17M,0.2492,benign,SLC3A1,17.0
Q07837,G17N,0.1477,benign,SLC3A1,17.0
Q07837,G17P,0.3531,ambiguous,SLC3A1,17.0
Q07837,G17Q,0.1491,benign,SLC3A1,17.0
Q07837,G17R,0.1221,benign,SLC3A1,17.0
Q07837,G17S,0.0881,benign,SLC3A1,17.0
Q07837,G17T,0.1047,benign,SLC3A1,17.0
Q07837,G17V,0.0945,benign,SLC3A1,17.0
Q07837,G17W,0.1571,benign,SLC3A1,17.0
Q07837,G17Y,0.1592,benign,SLC3A1,17.0
Q07837,C18A,0.2326,benign,SLC3A1,18.0
Q07837,C18D,0.2189,benign,SLC3A1,18.0
Q07837,C18E,0.3303,benign,SLC3A1,18.0
Q07837,C18F,0.1095,benign,SLC3A1,18.0
Q07837,C18G,0.0746,benign,SLC3A1,18.0
Q07837,C18H,0.2373,benign,SLC3A1,18.0
Q07837,C18I,0.2925,benign,SLC3A1,18.0
Q07837,C18K,0.3364,benign,SLC3A1,18.0
Q07837,C18L,0.2745,benign,SLC3A1,18.0
Q07837,C18M,0.4287,ambiguous,SLC3A1,18.0
Q07837,C18N,0.2116,benign,SLC3A1,18.0
Q07837,C18P,0.3888,ambiguous,SLC3A1,18.0
Q07837,C18Q,0.2705,benign,SLC3A1,18.0
Q07837,C18R,0.1728,benign,SLC3A1,18.0
Q07837,C18S,0.1554,benign,SLC3A1,18.0
Q07837,C18T,0.2651,benign,SLC3A1,18.0
Q07837,C18V,0.2831,benign,SLC3A1,18.0
Q07837,C18W,0.2229,benign,SLC3A1,18.0
Q07837,C18Y,0.1236,benign,SLC3A1,18.0
Q07837,Q19A,0.1465,benign,SLC3A1,19.0
Q07837,Q19C,0.2758,benign,SLC3A1,19.0
Q07837,Q19D,0.1921,benign,SLC3A1,19.0
Q07837,Q19E,0.0691,benign,SLC3A1,19.0
Q07837,Q19F,0.31,benign,SLC3A1,19.0
Q07837,Q19G,0.1201,benign,SLC3A1,19.0
Q07837,Q19H,0.1088,benign,SLC3A1,19.0
Q07837,Q19I,0.1908,benign,SLC3A1,19.0
Q07837,Q19K,0.0712,benign,SLC3A1,19.0
Q07837,Q19L,0.0925,benign,SLC3A1,19.0
Q07837,Q19M,0.2347,benign,SLC3A1,19.0
Q07837,Q19N,0.1753,benign,SLC3A1,19.0
Q07837,Q19P,0.1019,benign,SLC3A1,19.0
Q07837,Q19R,0.0575,benign,SLC3A1,19.0
Q07837,Q19S,0.1497,benign,SLC3A1,19.0
Q07837,Q19T,0.1249,benign,SLC3A1,19.0
Q07837,Q19V,0.1514,benign,SLC3A1,19.0
Q07837,Q19W,0.1459,benign,SLC3A1,19.0
Q07837,Q19Y,0.19,benign,SLC3A1,19.0
Q07837,T20A,0.0771,benign,SLC3A1,20.0
Q07837,T20C,0.4342,ambiguous,SLC3A1,20.0
Q07837,T20D,0.1785,benign,SLC3A1,20.0
Q07837,T20E,0.1119,benign,SLC3A1,20.0
Q07837,T20F,0.1734,benign,SLC3A1,20.0
Q07837,T20G,0.1706,benign,SLC3A1,20.0
Q07837,T20H,0.1635,benign,SLC3A1,20.0
Q07837,T20I,0.1128,benign,SLC3A1,20.0
Q07837,T20K,0.0871,benign,SLC3A1,20.0
Q07837,T20L,0.0935,benign,SLC3A1,20.0
Q07837,T20M,0.0846,benign,SLC3A1,20.0
Q07837,T20N,0.0873,benign,SLC3A1,20.0
Q07837,T20P,0.0898,benign,SLC3A1,20.0
Q07837,T20Q,0.1192,benign,SLC3A1,20.0
Q07837,T20R,0.0751,benign,SLC3A1,20.0
Q07837,T20S,0.101,benign,SLC3A1,20.0
Q07837,T20V,0.1143,benign,SLC3A1,20.0
Q07837,T20W,0.3384,benign,SLC3A1,20.0
Q07837,T20Y,0.1777,benign,SLC3A1,20.0
Q07837,N21A,0.4499,ambiguous,SLC3A1,21.0
Q07837,N21C,0.6288,pathogenic,SLC3A1,21.0
Q07837,N21D,0.2552,benign,SLC3A1,21.0
Q07837,N21E,0.5907,pathogenic,SLC3A1,21.0
Q07837,N21F,0.7763,pathogenic,SLC3A1,21.0
Q07837,N21G,0.4295,ambiguous,SLC3A1,21.0
Q07837,N21H,0.2767,benign,SLC3A1,21.0
Q07837,N21I,0.47,ambiguous,SLC3A1,21.0
Q07837,N21K,0.5602,ambiguous,SLC3A1,21.0
Q07837,N21L,0.49,ambiguous,SLC3A1,21.0
Q07837,N21M,0.6269,pathogenic,SLC3A1,21.0
Q07837,N21P,0.6171,pathogenic,SLC3A1,21.0
Q07837,N21Q,0.6027,pathogenic,SLC3A1,21.0
Q07837,N21R,0.492,ambiguous,SLC3A1,21.0
Q07837,N21S,0.1264,benign,SLC3A1,21.0
Q07837,N21T,0.3317,benign,SLC3A1,21.0
Q07837,N21V,0.4381,ambiguous,SLC3A1,21.0
Q07837,N21W,0.8514,pathogenic,SLC3A1,21.0
Q07837,N21Y,0.3295,benign,SLC3A1,21.0
Q07837,N22A,0.2164,benign,SLC3A1,22.0
Q07837,N22C,0.3529,ambiguous,SLC3A1,22.0
Q07837,N22D,0.1184,benign,SLC3A1,22.0
Q07837,N22E,0.2705,benign,SLC3A1,22.0
Q07837,N22F,0.4276,ambiguous,SLC3A1,22.0
Q07837,N22G,0.2571,benign,SLC3A1,22.0
Q07837,N22H,0.0995,benign,SLC3A1,22.0
Q07837,N22I,0.1971,benign,SLC3A1,22.0
Q07837,N22K,0.1782,benign,SLC3A1,22.0
Q07837,N22L,0.2116,benign,SLC3A1,22.0
Q07837,N22M,0.3321,benign,SLC3A1,22.0
Q07837,N22P,0.3417,ambiguous,SLC3A1,22.0
Q07837,N22Q,0.2644,benign,SLC3A1,22.0
Q07837,N22R,0.1661,benign,SLC3A1,22.0
Q07837,N22S,0.0898,benign,SLC3A1,22.0
Q07837,N22T,0.1503,benign,SLC3A1,22.0
Q07837,N22V,0.2186,benign,SLC3A1,22.0
Q07837,N22W,0.6245,pathogenic,SLC3A1,22.0
Q07837,N22Y,0.1271,benign,SLC3A1,22.0
Q07837,G23A,0.2689,benign,SLC3A1,23.0
Q07837,G23C,0.563,ambiguous,SLC3A1,23.0
Q07837,G23D,0.5089,ambiguous,SLC3A1,23.0
Q07837,G23E,0.5286,ambiguous,SLC3A1,23.0
Q07837,G23F,0.7933,pathogenic,SLC3A1,23.0
Q07837,G23H,0.7008,pathogenic,SLC3A1,23.0
Q07837,G23I,0.5271,ambiguous,SLC3A1,23.0
Q07837,G23K,0.7278,pathogenic,SLC3A1,23.0
Q07837,G23L,0.7113,pathogenic,SLC3A1,23.0
Q07837,G23M,0.7829,pathogenic,SLC3A1,23.0
Q07837,G23N,0.6064,pathogenic,SLC3A1,23.0
Q07837,G23P,0.9037,pathogenic,SLC3A1,23.0
Q07837,G23Q,0.6568,pathogenic,SLC3A1,23.0
Q07837,G23R,0.4917,ambiguous,SLC3A1,23.0
Q07837,G23S,0.197,benign,SLC3A1,23.0
Q07837,G23T,0.4415,ambiguous,SLC3A1,23.0
Q07837,G23V,0.44,ambiguous,SLC3A1,23.0
Q07837,G23W,0.6578,pathogenic,SLC3A1,23.0
Q07837,G23Y,0.6427,pathogenic,SLC3A1,23.0
Q07837,F24A,0.712,pathogenic,SLC3A1,24.0
Q07837,F24C,0.7396,pathogenic,SLC3A1,24.0
Q07837,F24D,0.7851,pathogenic,SLC3A1,24.0
Q07837,F24E,0.8438,pathogenic,SLC3A1,24.0
Q07837,F24G,0.8509,pathogenic,SLC3A1,24.0
Q07837,F24H,0.7633,pathogenic,SLC3A1,24.0
Q07837,F24I,0.3997,ambiguous,SLC3A1,24.0
Q07837,F24K,0.8693,pathogenic,SLC3A1,24.0
Q07837,F24L,0.9292,pathogenic,SLC3A1,24.0
Q07837,F24M,0.7163,pathogenic,SLC3A1,24.0
Q07837,F24N,0.7205,pathogenic,SLC3A1,24.0
Q07837,F24P,0.9606,pathogenic,SLC3A1,24.0
Q07837,F24Q,0.8641,pathogenic,SLC3A1,24.0
Q07837,F24R,0.7903,pathogenic,SLC3A1,24.0
Q07837,F24S,0.5856,pathogenic,SLC3A1,24.0
Q07837,F24T,0.7043,pathogenic,SLC3A1,24.0
Q07837,F24V,0.4165,ambiguous,SLC3A1,24.0
Q07837,F24W,0.5896,pathogenic,SLC3A1,24.0
Q07837,F24Y,0.2139,benign,SLC3A1,24.0
Q07837,V25A,0.1815,benign,SLC3A1,25.0
Q07837,V25C,0.7068,pathogenic,SLC3A1,25.0
Q07837,V25D,0.2231,benign,SLC3A1,25.0
Q07837,V25E,0.1745,benign,SLC3A1,25.0
Q07837,V25F,0.1031,benign,SLC3A1,25.0
Q07837,V25G,0.1726,benign,SLC3A1,25.0
Q07837,V25H,0.4055,ambiguous,SLC3A1,25.0
Q07837,V25I,0.0781,benign,SLC3A1,25.0
Q07837,V25K,0.252,benign,SLC3A1,25.0
Q07837,V25L,0.1412,benign,SLC3A1,25.0
Q07837,V25M,0.1539,benign,SLC3A1,25.0
Q07837,V25N,0.2274,benign,SLC3A1,25.0
Q07837,V25P,0.3821,ambiguous,SLC3A1,25.0
Q07837,V25Q,0.2118,benign,SLC3A1,25.0
Q07837,V25R,0.1932,benign,SLC3A1,25.0
Q07837,V25S,0.1761,benign,SLC3A1,25.0
Q07837,V25T,0.2063,benign,SLC3A1,25.0
Q07837,V25W,0.5718,pathogenic,SLC3A1,25.0
Q07837,V25Y,0.3881,ambiguous,SLC3A1,25.0
Q07837,H26A,0.098,benign,SLC3A1,26.0
Q07837,H26C,0.1267,benign,SLC3A1,26.0
Q07837,H26D,0.0715,benign,SLC3A1,26.0
Q07837,H26E,0.0732,benign,SLC3A1,26.0
Q07837,H26F,0.2,benign,SLC3A1,26.0
Q07837,H26G,0.098,benign,SLC3A1,26.0
Q07837,H26I,0.1502,benign,SLC3A1,26.0
Q07837,H26K,0.0824,benign,SLC3A1,26.0
Q07837,H26L,0.0676,benign,SLC3A1,26.0
Q07837,H26M,0.2179,benign,SLC3A1,26.0
Q07837,H26N,0.0625,benign,SLC3A1,26.0
Q07837,H26P,0.0566,benign,SLC3A1,26.0
Q07837,H26Q,0.0564,benign,SLC3A1,26.0
Q07837,H26R,0.0557,benign,SLC3A1,26.0
Q07837,H26S,0.0896,benign,SLC3A1,26.0
Q07837,H26T,0.1044,benign,SLC3A1,26.0
Q07837,H26V,0.1176,benign,SLC3A1,26.0
Q07837,H26W,0.1638,benign,SLC3A1,26.0
Q07837,H26Y,0.0728,benign,SLC3A1,26.0
Q07837,N27A,0.1404,benign,SLC3A1,27.0
Q07837,N27C,0.2606,benign,SLC3A1,27.0
Q07837,N27D,0.074,benign,SLC3A1,27.0
Q07837,N27E,0.1548,benign,SLC3A1,27.0
Q07837,N27F,0.3461,ambiguous,SLC3A1,27.0
Q07837,N27G,0.148,benign,SLC3A1,27.0
Q07837,N27H,0.0808,benign,SLC3A1,27.0
Q07837,N27I,0.1587,benign,SLC3A1,27.0
Q07837,N27K,0.1322,benign,SLC3A1,27.0
Q07837,N27L,0.1584,benign,SLC3A1,27.0
Q07837,N27M,0.2447,benign,SLC3A1,27.0
Q07837,N27P,0.2065,benign,SLC3A1,27.0
Q07837,N27Q,0.1693,benign,SLC3A1,27.0
Q07837,N27R,0.1353,benign,SLC3A1,27.0
Q07837,N27S,0.0679,benign,SLC3A1,27.0
Q07837,N27T,0.0976,benign,SLC3A1,27.0
Q07837,N27V,0.1638,benign,SLC3A1,27.0
Q07837,N27W,0.4856,ambiguous,SLC3A1,27.0
Q07837,N27Y,0.1211,benign,SLC3A1,27.0
Q07837,E28A,0.1553,benign,SLC3A1,28.0
Q07837,E28C,0.7813,pathogenic,SLC3A1,28.0
Q07837,E28D,0.1058,benign,SLC3A1,28.0
Q07837,E28F,0.6614,pathogenic,SLC3A1,28.0
Q07837,E28G,0.1001,benign,SLC3A1,28.0
Q07837,E28H,0.3233,benign,SLC3A1,28.0
Q07837,E28I,0.3622,ambiguous,SLC3A1,28.0
Q07837,E28K,0.0871,benign,SLC3A1,28.0
Q07837,E28L,0.3543,ambiguous,SLC3A1,28.0
Q07837,E28M,0.4139,ambiguous,SLC3A1,28.0
Q07837,E28N,0.2005,benign,SLC3A1,28.0
Q07837,E28P,0.3822,ambiguous,SLC3A1,28.0
Q07837,E28Q,0.1251,benign,SLC3A1,28.0
Q07837,E28R,0.1511,benign,SLC3A1,28.0
Q07837,E28S,0.1829,benign,SLC3A1,28.0
Q07837,E28T,0.1877,benign,SLC3A1,28.0
Q07837,E28V,0.2212,benign,SLC3A1,28.0
Q07837,E28W,0.7571,pathogenic,SLC3A1,28.0
Q07837,E28Y,0.4617,ambiguous,SLC3A1,28.0
Q07837,D29A,0.1002,benign,SLC3A1,29.0
Q07837,D29C,0.4257,ambiguous,SLC3A1,29.0
Q07837,D29E,0.1092,benign,SLC3A1,29.0
Q07837,D29F,0.2902,benign,SLC3A1,29.0
Q07837,D29G,0.082,benign,SLC3A1,29.0
Q07837,D29H,0.1607,benign,SLC3A1,29.0
Q07837,D29I,0.1851,benign,SLC3A1,29.0
Q07837,D29K,0.1747,benign,SLC3A1,29.0
Q07837,D29L,0.2165,benign,SLC3A1,29.0
Q07837,D29M,0.3553,ambiguous,SLC3A1,29.0
Q07837,D29N,0.0771,benign,SLC3A1,29.0
Q07837,D29P,0.3025,benign,SLC3A1,29.0
Q07837,D29Q,0.1923,benign,SLC3A1,29.0
Q07837,D29R,0.1804,benign,SLC3A1,29.0
Q07837,D29S,0.1007,benign,SLC3A1,29.0
Q07837,D29T,0.1402,benign,SLC3A1,29.0
Q07837,D29V,0.1147,benign,SLC3A1,29.0
Q07837,D29W,0.6115,pathogenic,SLC3A1,29.0
Q07837,D29Y,0.1175,benign,SLC3A1,29.0
Q07837,I30A,0.0986,benign,SLC3A1,30.0
Q07837,I30C,0.2978,benign,SLC3A1,30.0
Q07837,I30D,0.1185,benign,SLC3A1,30.0
Q07837,I30E,0.1344,benign,SLC3A1,30.0
Q07837,I30F,0.0639,benign,SLC3A1,30.0
Q07837,I30G,0.1724,benign,SLC3A1,30.0
Q07837,I30H,0.1264,benign,SLC3A1,30.0
Q07837,I30K,0.1137,benign,SLC3A1,30.0
Q07837,I30L,0.0677,benign,SLC3A1,30.0
Q07837,I30M,0.0778,benign,SLC3A1,30.0
Q07837,I30N,0.0623,benign,SLC3A1,30.0
Q07837,I30P,0.1406,benign,SLC3A1,30.0
Q07837,I30Q,0.1286,benign,SLC3A1,30.0
Q07837,I30R,0.0858,benign,SLC3A1,30.0
Q07837,I30S,0.0787,benign,SLC3A1,30.0
Q07837,I30T,0.0823,benign,SLC3A1,30.0
Q07837,I30V,0.0674,benign,SLC3A1,30.0
Q07837,I30W,0.3066,benign,SLC3A1,30.0
Q07837,I30Y,0.1575,benign,SLC3A1,30.0
Q07837,L31A,0.066,benign,SLC3A1,31.0
Q07837,L31C,0.2361,benign,SLC3A1,31.0
Q07837,L31D,0.1395,benign,SLC3A1,31.0
Q07837,L31E,0.0825,benign,SLC3A1,31.0
Q07837,L31F,0.0743,benign,SLC3A1,31.0
Q07837,L31G,0.1245,benign,SLC3A1,31.0
Q07837,L31H,0.0784,benign,SLC3A1,31.0
Q07837,L31I,0.0701,benign,SLC3A1,31.0
Q07837,L31K,0.0814,benign,SLC3A1,31.0
Q07837,L31M,0.084,benign,SLC3A1,31.0
Q07837,L31N,0.1137,benign,SLC3A1,31.0
Q07837,L31P,0.047,benign,SLC3A1,31.0
Q07837,L31Q,0.0594,benign,SLC3A1,31.0
Q07837,L31R,0.0612,benign,SLC3A1,31.0
Q07837,L31S,0.0647,benign,SLC3A1,31.0
Q07837,L31T,0.0644,benign,SLC3A1,31.0
Q07837,L31V,0.0661,benign,SLC3A1,31.0
Q07837,L31W,0.084,benign,SLC3A1,31.0
Q07837,L31Y,0.1375,benign,SLC3A1,31.0
Q07837,E32A,0.1027,benign,SLC3A1,32.0
Q07837,E32C,0.5465,ambiguous,SLC3A1,32.0
Q07837,E32D,0.0907,benign,SLC3A1,32.0
Q07837,E32F,0.3293,benign,SLC3A1,32.0
Q07837,E32G,0.0768,benign,SLC3A1,32.0
Q07837,E32H,0.1799,benign,SLC3A1,32.0
Q07837,E32I,0.1812,benign,SLC3A1,32.0
Q07837,E32K,0.0835,benign,SLC3A1,32.0
Q07837,E32L,0.1429,benign,SLC3A1,32.0
Q07837,E32M,0.2558,benign,SLC3A1,32.0
Q07837,E32N,0.1436,benign,SLC3A1,32.0
Q07837,E32P,0.157,benign,SLC3A1,32.0
Q07837,E32Q,0.0783,benign,SLC3A1,32.0
Q07837,E32R,0.113,benign,SLC3A1,32.0
Q07837,E32S,0.1151,benign,SLC3A1,32.0
Q07837,E32T,0.131,benign,SLC3A1,32.0
Q07837,E32V,0.1213,benign,SLC3A1,32.0
Q07837,E32W,0.4621,ambiguous,SLC3A1,32.0
Q07837,E32Y,0.2389,benign,SLC3A1,32.0
Q07837,Q33A,0.0841,benign,SLC3A1,33.0
Q07837,Q33C,0.2913,benign,SLC3A1,33.0
Q07837,Q33D,0.0957,benign,SLC3A1,33.0
Q07837,Q33E,0.0564,benign,SLC3A1,33.0
Q07837,Q33F,0.2697,benign,SLC3A1,33.0
Q07837,Q33G,0.0867,benign,SLC3A1,33.0
Q07837,Q33H,0.0931,benign,SLC3A1,33.0
Q07837,Q33I,0.1421,benign,SLC3A1,33.0
Q07837,Q33K,0.0558,benign,SLC3A1,33.0
Q07837,Q33L,0.0814,benign,SLC3A1,33.0
Q07837,Q33M,0.1511,benign,SLC3A1,33.0
Q07837,Q33N,0.0902,benign,SLC3A1,33.0
Q07837,Q33P,0.0629,benign,SLC3A1,33.0
Q07837,Q33R,0.0673,benign,SLC3A1,33.0
Q07837,Q33S,0.0871,benign,SLC3A1,33.0
Q07837,Q33T,0.0727,benign,SLC3A1,33.0
Q07837,Q33V,0.1069,benign,SLC3A1,33.0
Q07837,Q33W,0.1737,benign,SLC3A1,33.0
Q07837,Q33Y,0.1557,benign,SLC3A1,33.0
Q07837,T34A,0.061,benign,SLC3A1,34.0
Q07837,T34C,0.196,benign,SLC3A1,34.0
Q07837,T34D,0.0767,benign,SLC3A1,34.0
Q07837,T34E,0.0768,benign,SLC3A1,34.0
Q07837,T34F,0.101,benign,SLC3A1,34.0
Q07837,T34G,0.103,benign,SLC3A1,34.0
Q07837,T34H,0.083,benign,SLC3A1,34.0
Q07837,T34I,0.0695,benign,SLC3A1,34.0
Q07837,T34K,0.0662,benign,SLC3A1,34.0
Q07837,T34L,0.0669,benign,SLC3A1,34.0
Q07837,T34M,0.0736,benign,SLC3A1,34.0
Q07837,T34N,0.0549,benign,SLC3A1,34.0
Q07837,T34P,0.0609,benign,SLC3A1,34.0
Q07837,T34Q,0.0799,benign,SLC3A1,34.0
Q07837,T34R,0.0671,benign,SLC3A1,34.0
Q07837,T34S,0.0664,benign,SLC3A1,34.0
Q07837,T34V,0.0732,benign,SLC3A1,34.0
Q07837,T34W,0.2124,benign,SLC3A1,34.0
Q07837,T34Y,0.0919,benign,SLC3A1,34.0
Q07837,P35A,0.0548,benign,SLC3A1,35.0
Q07837,P35C,0.1692,benign,SLC3A1,35.0
Q07837,P35D,0.1078,benign,SLC3A1,35.0
Q07837,P35E,0.0878,benign,SLC3A1,35.0
Q07837,P35F,0.1336,benign,SLC3A1,35.0
Q07837,P35G,0.1086,benign,SLC3A1,35.0
Q07837,P35H,0.0759,benign,SLC3A1,35.0
Q07837,P35I,0.0996,benign,SLC3A1,35.0
Q07837,P35K,0.0918,benign,SLC3A1,35.0
Q07837,P35L,0.0637,benign,SLC3A1,35.0
Q07837,P35M,0.1224,benign,SLC3A1,35.0
Q07837,P35N,0.1102,benign,SLC3A1,35.0
Q07837,P35Q,0.0727,benign,SLC3A1,35.0
Q07837,P35R,0.0685,benign,SLC3A1,35.0
Q07837,P35S,0.0637,benign,SLC3A1,35.0
Q07837,P35T,0.0565,benign,SLC3A1,35.0
Q07837,P35V,0.0832,benign,SLC3A1,35.0
Q07837,P35W,0.1498,benign,SLC3A1,35.0
Q07837,P35Y,0.1299,benign,SLC3A1,35.0
Q07837,D36A,0.0747,benign,SLC3A1,36.0
Q07837,D36C,0.2298,benign,SLC3A1,36.0
Q07837,D36E,0.0795,benign,SLC3A1,36.0
Q07837,D36F,0.1572,benign,SLC3A1,36.0
Q07837,D36G,0.0757,benign,SLC3A1,36.0
Q07837,D36H,0.0941,benign,SLC3A1,36.0
Q07837,D36I,0.1013,benign,SLC3A1,36.0
Q07837,D36K,0.1086,benign,SLC3A1,36.0
Q07837,D36L,0.1051,benign,SLC3A1,36.0
Q07837,D36M,0.2132,benign,SLC3A1,36.0
Q07837,D36N,0.0694,benign,SLC3A1,36.0
Q07837,D36P,0.1807,benign,SLC3A1,36.0
Q07837,D36Q,0.1081,benign,SLC3A1,36.0
Q07837,D36R,0.1098,benign,SLC3A1,36.0
Q07837,D36S,0.0744,benign,SLC3A1,36.0
Q07837,D36T,0.0947,benign,SLC3A1,36.0
Q07837,D36V,0.0737,benign,SLC3A1,36.0
Q07837,D36W,0.4125,ambiguous,SLC3A1,36.0
Q07837,D36Y,0.0854,benign,SLC3A1,36.0
Q07837,P37A,0.0601,benign,SLC3A1,37.0
Q07837,P37C,0.1779,benign,SLC3A1,37.0
Q07837,P37D,0.1164,benign,SLC3A1,37.0
Q07837,P37E,0.0982,benign,SLC3A1,37.0
Q07837,P37F,0.1308,benign,SLC3A1,37.0
Q07837,P37G,0.117,benign,SLC3A1,37.0
Q07837,P37H,0.0816,benign,SLC3A1,37.0
Q07837,P37I,0.1078,benign,SLC3A1,37.0
Q07837,P37K,0.0991,benign,SLC3A1,37.0
Q07837,P37L,0.0692,benign,SLC3A1,37.0
Q07837,P37M,0.1289,benign,SLC3A1,37.0
Q07837,P37N,0.1163,benign,SLC3A1,37.0
Q07837,P37Q,0.0822,benign,SLC3A1,37.0
Q07837,P37R,0.0733,benign,SLC3A1,37.0
Q07837,P37S,0.0703,benign,SLC3A1,37.0
Q07837,P37T,0.0576,benign,SLC3A1,37.0
Q07837,P37V,0.0922,benign,SLC3A1,37.0
Q07837,P37W,0.18,benign,SLC3A1,37.0
Q07837,P37Y,0.1343,benign,SLC3A1,37.0
Q07837,G38A,0.0669,benign,SLC3A1,38.0
Q07837,G38C,0.0962,benign,SLC3A1,38.0
Q07837,G38D,0.0618,benign,SLC3A1,38.0
Q07837,G38E,0.0684,benign,SLC3A1,38.0
Q07837,G38F,0.1471,benign,SLC3A1,38.0
Q07837,G38H,0.0993,benign,SLC3A1,38.0
Q07837,G38I,0.0858,benign,SLC3A1,38.0
Q07837,G38K,0.0983,benign,SLC3A1,38.0
Q07837,G38L,0.1151,benign,SLC3A1,38.0
Q07837,G38M,0.1594,benign,SLC3A1,38.0
Q07837,G38N,0.0945,benign,SLC3A1,38.0
Q07837,G38P,0.1669,benign,SLC3A1,38.0
Q07837,G38Q,0.0906,benign,SLC3A1,38.0
Q07837,G38R,0.0757,benign,SLC3A1,38.0
Q07837,G38S,0.0641,benign,SLC3A1,38.0
Q07837,G38T,0.0725,benign,SLC3A1,38.0
Q07837,G38V,0.0693,benign,SLC3A1,38.0
Q07837,G38W,0.1236,benign,SLC3A1,38.0
Q07837,G38Y,0.101,benign,SLC3A1,38.0
Q07837,S39A,0.0683,benign,SLC3A1,39.0
Q07837,S39C,0.0842,benign,SLC3A1,39.0
Q07837,S39D,0.1101,benign,SLC3A1,39.0
Q07837,S39E,0.1486,benign,SLC3A1,39.0
Q07837,S39F,0.0795,benign,SLC3A1,39.0
Q07837,S39G,0.0696,benign,SLC3A1,39.0
Q07837,S39H,0.1256,benign,SLC3A1,39.0
Q07837,S39I,0.0778,benign,SLC3A1,39.0
Q07837,S39K,0.1993,benign,SLC3A1,39.0
Q07837,S39L,0.0704,benign,SLC3A1,39.0
Q07837,S39M,0.1403,benign,SLC3A1,39.0
Q07837,S39N,0.0807,benign,SLC3A1,39.0
Q07837,S39P,0.0704,benign,SLC3A1,39.0
Q07837,S39Q,0.181,benign,SLC3A1,39.0
Q07837,S39R,0.1523,benign,SLC3A1,39.0
Q07837,S39T,0.069,benign,SLC3A1,39.0
Q07837,S39V,0.0897,benign,SLC3A1,39.0
Q07837,S39W,0.1204,benign,SLC3A1,39.0
Q07837,S39Y,0.074,benign,SLC3A1,39.0
Q07837,S40A,0.0599,benign,SLC3A1,40.0
Q07837,S40C,0.0914,benign,SLC3A1,40.0
Q07837,S40D,0.0993,benign,SLC3A1,40.0
Q07837,S40E,0.1227,benign,SLC3A1,40.0
Q07837,S40F,0.0916,benign,SLC3A1,40.0
Q07837,S40G,0.0686,benign,SLC3A1,40.0
Q07837,S40H,0.1094,benign,SLC3A1,40.0
Q07837,S40I,0.0867,benign,SLC3A1,40.0
Q07837,S40K,0.1651,benign,SLC3A1,40.0
Q07837,S40L,0.0712,benign,SLC3A1,40.0
Q07837,S40M,0.141,benign,SLC3A1,40.0
Q07837,S40N,0.0838,benign,SLC3A1,40.0
Q07837,S40P,0.0543,benign,SLC3A1,40.0
Q07837,S40Q,0.1415,benign,SLC3A1,40.0
Q07837,S40R,0.1245,benign,SLC3A1,40.0
Q07837,S40T,0.0648,benign,SLC3A1,40.0
Q07837,S40V,0.0867,benign,SLC3A1,40.0
Q07837,S40W,0.1206,benign,SLC3A1,40.0
Q07837,S40Y,0.0856,benign,SLC3A1,40.0
Q07837,T41A,0.056,benign,SLC3A1,41.0
Q07837,T41C,0.2487,benign,SLC3A1,41.0
Q07837,T41D,0.0991,benign,SLC3A1,41.0
Q07837,T41E,0.0779,benign,SLC3A1,41.0
Q07837,T41F,0.1273,benign,SLC3A1,41.0
Q07837,T41G,0.0882,benign,SLC3A1,41.0
Q07837,T41H,0.1137,benign,SLC3A1,41.0
Q07837,T41I,0.0847,benign,SLC3A1,41.0
Q07837,T41K,0.0754,benign,SLC3A1,41.0
Q07837,T41L,0.0741,benign,SLC3A1,41.0
Q07837,T41M,0.0802,benign,SLC3A1,41.0
Q07837,T41N,0.0808,benign,SLC3A1,41.0
Q07837,T41P,0.0634,benign,SLC3A1,41.0
Q07837,T41Q,0.0905,benign,SLC3A1,41.0
Q07837,T41R,0.0666,benign,SLC3A1,41.0
Q07837,T41S,0.0732,benign,SLC3A1,41.0
Q07837,T41V,0.0777,benign,SLC3A1,41.0
Q07837,T41W,0.21,benign,SLC3A1,41.0
Q07837,T41Y,0.1277,benign,SLC3A1,41.0
Q07837,D42A,0.0698,benign,SLC3A1,42.0
Q07837,D42C,0.2091,benign,SLC3A1,42.0
Q07837,D42E,0.0804,benign,SLC3A1,42.0
Q07837,D42F,0.201,benign,SLC3A1,42.0
Q07837,D42G,0.0613,benign,SLC3A1,42.0
Q07837,D42H,0.0993,benign,SLC3A1,42.0
Q07837,D42I,0.1304,benign,SLC3A1,42.0
Q07837,D42K,0.1037,benign,SLC3A1,42.0
Q07837,D42L,0.1305,benign,SLC3A1,42.0
Q07837,D42M,0.2386,benign,SLC3A1,42.0
Q07837,D42N,0.0711,benign,SLC3A1,42.0
Q07837,D42P,0.1694,benign,SLC3A1,42.0
Q07837,D42Q,0.1091,benign,SLC3A1,42.0
Q07837,D42R,0.0988,benign,SLC3A1,42.0
Q07837,D42S,0.0697,benign,SLC3A1,42.0
Q07837,D42T,0.0921,benign,SLC3A1,42.0
Q07837,D42V,0.0891,benign,SLC3A1,42.0
Q07837,D42W,0.3714,ambiguous,SLC3A1,42.0
Q07837,D42Y,0.0913,benign,SLC3A1,42.0
Q07837,N43A,0.0741,benign,SLC3A1,43.0
Q07837,N43C,0.1082,benign,SLC3A1,43.0
Q07837,N43D,0.0549,benign,SLC3A1,43.0
Q07837,N43E,0.0968,benign,SLC3A1,43.0
Q07837,N43F,0.1502,benign,SLC3A1,43.0
Q07837,N43G,0.0958,benign,SLC3A1,43.0
Q07837,N43H,0.0635,benign,SLC3A1,43.0
Q07837,N43I,0.0715,benign,SLC3A1,43.0
Q07837,N43K,0.0888,benign,SLC3A1,43.0
Q07837,N43L,0.0866,benign,SLC3A1,43.0
Q07837,N43M,0.146,benign,SLC3A1,43.0
Q07837,N43P,0.1068,benign,SLC3A1,43.0
Q07837,N43Q,0.1104,benign,SLC3A1,43.0
Q07837,N43R,0.0897,benign,SLC3A1,43.0
Q07837,N43S,0.0596,benign,SLC3A1,43.0
Q07837,N43T,0.0629,benign,SLC3A1,43.0
Q07837,N43V,0.0766,benign,SLC3A1,43.0
Q07837,N43W,0.27,benign,SLC3A1,43.0
Q07837,N43Y,0.0665,benign,SLC3A1,43.0
Q07837,L44A,0.0663,benign,SLC3A1,44.0
Q07837,L44C,0.1594,benign,SLC3A1,44.0
Q07837,L44D,0.1173,benign,SLC3A1,44.0
Q07837,L44E,0.0742,benign,SLC3A1,44.0
Q07837,L44F,0.0701,benign,SLC3A1,44.0
Q07837,L44G,0.1114,benign,SLC3A1,44.0
Q07837,L44H,0.0711,benign,SLC3A1,44.0
Q07837,L44I,0.0685,benign,SLC3A1,44.0
Q07837,L44K,0.0756,benign,SLC3A1,44.0
Q07837,L44M,0.0836,benign,SLC3A1,44.0
Q07837,L44N,0.1,benign,SLC3A1,44.0
Q07837,L44P,0.0465,benign,SLC3A1,44.0
Q07837,L44Q,0.0542,benign,SLC3A1,44.0
Q07837,L44R,0.0567,benign,SLC3A1,44.0
Q07837,L44S,0.0618,benign,SLC3A1,44.0
Q07837,L44T,0.066,benign,SLC3A1,44.0
Q07837,L44V,0.0617,benign,SLC3A1,44.0
Q07837,L44W,0.0789,benign,SLC3A1,44.0
Q07837,L44Y,0.1108,benign,SLC3A1,44.0
Q07837,K45A,0.1026,benign,SLC3A1,45.0
Q07837,K45C,0.2213,benign,SLC3A1,45.0
Q07837,K45D,0.1345,benign,SLC3A1,45.0
Q07837,K45E,0.0624,benign,SLC3A1,45.0
Q07837,K45F,0.26,benign,SLC3A1,45.0
Q07837,K45G,0.1043,benign,SLC3A1,45.0
Q07837,K45H,0.1007,benign,SLC3A1,45.0
Q07837,K45I,0.1162,benign,SLC3A1,45.0
Q07837,K45L,0.0951,benign,SLC3A1,45.0
Q07837,K45M,0.1096,benign,SLC3A1,45.0
Q07837,K45N,0.1036,benign,SLC3A1,45.0
Q07837,K45P,0.0965,benign,SLC3A1,45.0
Q07837,K45Q,0.0569,benign,SLC3A1,45.0
Q07837,K45R,0.0642,benign,SLC3A1,45.0
Q07837,K45S,0.1016,benign,SLC3A1,45.0
Q07837,K45T,0.0722,benign,SLC3A1,45.0
Q07837,K45V,0.1165,benign,SLC3A1,45.0
Q07837,K45W,0.2435,benign,SLC3A1,45.0
Q07837,K45Y,0.1721,benign,SLC3A1,45.0
Q07837,H46A,0.0744,benign,SLC3A1,46.0
Q07837,H46C,0.0891,benign,SLC3A1,46.0
Q07837,H46D,0.0573,benign,SLC3A1,46.0
Q07837,H46E,0.0793,benign,SLC3A1,46.0
Q07837,H46F,0.1386,benign,SLC3A1,46.0
Q07837,H46G,0.0808,benign,SLC3A1,46.0
Q07837,H46I,0.1086,benign,SLC3A1,46.0
Q07837,H46K,0.0871,benign,SLC3A1,46.0
Q07837,H46L,0.0686,benign,SLC3A1,46.0
Q07837,H46M,0.1863,benign,SLC3A1,46.0
Q07837,H46N,0.0539,benign,SLC3A1,46.0
Q07837,H46P,0.0514,benign,SLC3A1,46.0
Q07837,H46Q,0.0686,benign,SLC3A1,46.0
Q07837,H46R,0.0599,benign,SLC3A1,46.0
Q07837,H46S,0.0704,benign,SLC3A1,46.0
Q07837,H46T,0.0771,benign,SLC3A1,46.0
Q07837,H46V,0.0879,benign,SLC3A1,46.0
Q07837,H46W,0.1587,benign,SLC3A1,46.0
Q07837,H46Y,0.0621,benign,SLC3A1,46.0
Q07837,S47A,0.066,benign,SLC3A1,47.0
Q07837,S47C,0.0688,benign,SLC3A1,47.0
Q07837,S47D,0.0736,benign,SLC3A1,47.0
Q07837,S47E,0.1093,benign,SLC3A1,47.0
Q07837,S47F,0.1075,benign,SLC3A1,47.0
Q07837,S47G,0.0551,benign,SLC3A1,47.0
Q07837,S47H,0.0938,benign,SLC3A1,47.0
Q07837,S47I,0.0801,benign,SLC3A1,47.0
Q07837,S47K,0.1391,benign,SLC3A1,47.0
Q07837,S47L,0.0884,benign,SLC3A1,47.0
Q07837,S47M,0.146,benign,SLC3A1,47.0
Q07837,S47N,0.0614,benign,SLC3A1,47.0
Q07837,S47P,0.0727,benign,SLC3A1,47.0
Q07837,S47Q,0.1283,benign,SLC3A1,47.0
Q07837,S47R,0.1031,benign,SLC3A1,47.0
Q07837,S47T,0.0673,benign,SLC3A1,47.0
Q07837,S47V,0.093,benign,SLC3A1,47.0
Q07837,S47W,0.1193,benign,SLC3A1,47.0
Q07837,S47Y,0.076,benign,SLC3A1,47.0
Q07837,T48A,0.058,benign,SLC3A1,48.0
Q07837,T48C,0.1996,benign,SLC3A1,48.0
Q07837,T48D,0.1022,benign,SLC3A1,48.0
Q07837,T48E,0.0952,benign,SLC3A1,48.0
Q07837,T48F,0.1083,benign,SLC3A1,48.0
Q07837,T48G,0.0992,benign,SLC3A1,48.0
Q07837,T48H,0.1048,benign,SLC3A1,48.0
Q07837,T48I,0.0828,benign,SLC3A1,48.0
Q07837,T48K,0.0897,benign,SLC3A1,48.0
Q07837,T48L,0.0743,benign,SLC3A1,48.0
Q07837,T48M,0.0868,benign,SLC3A1,48.0
Q07837,T48N,0.0742,benign,SLC3A1,48.0
Q07837,T48P,0.0608,benign,SLC3A1,48.0
Q07837,T48Q,0.098,benign,SLC3A1,48.0
Q07837,T48R,0.0723,benign,SLC3A1,48.0
Q07837,T48S,0.0691,benign,SLC3A1,48.0
Q07837,T48V,0.0793,benign,SLC3A1,48.0
Q07837,T48W,0.2196,benign,SLC3A1,48.0
Q07837,T48Y,0.1143,benign,SLC3A1,48.0
Q07837,R49A,0.0642,benign,SLC3A1,49.0
Q07837,R49C,0.1017,benign,SLC3A1,49.0
Q07837,R49D,0.1049,benign,SLC3A1,49.0
Q07837,R49E,0.0826,benign,SLC3A1,49.0
Q07837,R49F,0.1305,benign,SLC3A1,49.0
Q07837,R49G,0.0561,benign,SLC3A1,49.0
Q07837,R49H,0.0763,benign,SLC3A1,49.0
Q07837,R49I,0.0689,benign,SLC3A1,49.0
Q07837,R49K,0.0698,benign,SLC3A1,49.0
Q07837,R49L,0.0659,benign,SLC3A1,49.0
Q07837,R49M,0.0787,benign,SLC3A1,49.0
Q07837,R49N,0.1063,benign,SLC3A1,49.0
Q07837,R49P,0.0767,benign,SLC3A1,49.0
Q07837,R49Q,0.0672,benign,SLC3A1,49.0
Q07837,R49S,0.0796,benign,SLC3A1,49.0
Q07837,R49T,0.0566,benign,SLC3A1,49.0
Q07837,R49V,0.0768,benign,SLC3A1,49.0
Q07837,R49W,0.0865,benign,SLC3A1,49.0
Q07837,R49Y,0.118,benign,SLC3A1,49.0
Q07837,G50A,0.0706,benign,SLC3A1,50.0
Q07837,G50C,0.0947,benign,SLC3A1,50.0
Q07837,G50D,0.0532,benign,SLC3A1,50.0
Q07837,G50E,0.067,benign,SLC3A1,50.0
Q07837,G50F,0.1731,benign,SLC3A1,50.0
Q07837,G50H,0.1,benign,SLC3A1,50.0
Q07837,G50I,0.0956,benign,SLC3A1,50.0
Q07837,G50K,0.1174,benign,SLC3A1,50.0
Q07837,G50L,0.1259,benign,SLC3A1,50.0
Q07837,G50M,0.1738,benign,SLC3A1,50.0
Q07837,G50N,0.0837,benign,SLC3A1,50.0
Q07837,G50P,0.1535,benign,SLC3A1,50.0
Q07837,G50Q,0.1035,benign,SLC3A1,50.0
Q07837,G50R,0.091,benign,SLC3A1,50.0
Q07837,G50S,0.0669,benign,SLC3A1,50.0
Q07837,G50T,0.0766,benign,SLC3A1,50.0
Q07837,G50V,0.0746,benign,SLC3A1,50.0
Q07837,G50W,0.1408,benign,SLC3A1,50.0
Q07837,G50Y,0.1021,benign,SLC3A1,50.0
Q07837,I51A,0.1166,benign,SLC3A1,51.0
Q07837,I51C,0.2639,benign,SLC3A1,51.0
Q07837,I51D,0.1404,benign,SLC3A1,51.0
Q07837,I51E,0.1471,benign,SLC3A1,51.0
Q07837,I51F,0.0541,benign,SLC3A1,51.0
Q07837,I51G,0.1821,benign,SLC3A1,51.0
Q07837,I51H,0.1318,benign,SLC3A1,51.0
Q07837,I51K,0.1188,benign,SLC3A1,51.0
Q07837,I51L,0.066,benign,SLC3A1,51.0
Q07837,I51M,0.0757,benign,SLC3A1,51.0
Q07837,I51N,0.0727,benign,SLC3A1,51.0
Q07837,I51P,0.1438,benign,SLC3A1,51.0
Q07837,I51Q,0.1338,benign,SLC3A1,51.0
Q07837,I51R,0.089,benign,SLC3A1,51.0
Q07837,I51S,0.0892,benign,SLC3A1,51.0
Q07837,I51T,0.1072,benign,SLC3A1,51.0
Q07837,I51V,0.0698,benign,SLC3A1,51.0
Q07837,I51W,0.2829,benign,SLC3A1,51.0
Q07837,I51Y,0.1509,benign,SLC3A1,51.0
Q07837,L52A,0.0589,benign,SLC3A1,52.0
Q07837,L52C,0.1621,benign,SLC3A1,52.0
Q07837,L52D,0.1276,benign,SLC3A1,52.0
Q07837,L52E,0.0877,benign,SLC3A1,52.0
Q07837,L52F,0.0601,benign,SLC3A1,52.0
Q07837,L52G,0.1109,benign,SLC3A1,52.0
Q07837,L52H,0.0705,benign,SLC3A1,52.0
Q07837,L52I,0.064,benign,SLC3A1,52.0
Q07837,L52K,0.0882,benign,SLC3A1,52.0
Q07837,L52M,0.0838,benign,SLC3A1,52.0
Q07837,L52N,0.1024,benign,SLC3A1,52.0
Q07837,L52P,0.046,benign,SLC3A1,52.0
Q07837,L52Q,0.0634,benign,SLC3A1,52.0
Q07837,L52R,0.0599,benign,SLC3A1,52.0
Q07837,L52S,0.0567,benign,SLC3A1,52.0
Q07837,L52T,0.0565,benign,SLC3A1,52.0
Q07837,L52V,0.0624,benign,SLC3A1,52.0
Q07837,L52W,0.074,benign,SLC3A1,52.0
Q07837,L52Y,0.1167,benign,SLC3A1,52.0
Q07837,G53A,0.0694,benign,SLC3A1,53.0
Q07837,G53C,0.1047,benign,SLC3A1,53.0
Q07837,G53D,0.0602,benign,SLC3A1,53.0
Q07837,G53E,0.0669,benign,SLC3A1,53.0
Q07837,G53F,0.1606,benign,SLC3A1,53.0
Q07837,G53H,0.1063,benign,SLC3A1,53.0
Q07837,G53I,0.0948,benign,SLC3A1,53.0
Q07837,G53K,0.1152,benign,SLC3A1,53.0
Q07837,G53L,0.1157,benign,SLC3A1,53.0
Q07837,G53M,0.1852,benign,SLC3A1,53.0
Q07837,G53N,0.1072,benign,SLC3A1,53.0
Q07837,G53P,0.1385,benign,SLC3A1,53.0
Q07837,G53Q,0.0998,benign,SLC3A1,53.0
Q07837,G53R,0.0893,benign,SLC3A1,53.0
Q07837,G53S,0.073,benign,SLC3A1,53.0
Q07837,G53T,0.0798,benign,SLC3A1,53.0
Q07837,G53V,0.0726,benign,SLC3A1,53.0
Q07837,G53W,0.1208,benign,SLC3A1,53.0
Q07837,G53Y,0.11,benign,SLC3A1,53.0
Q07837,S54A,0.0667,benign,SLC3A1,54.0
Q07837,S54C,0.0876,benign,SLC3A1,54.0
Q07837,S54D,0.1107,benign,SLC3A1,54.0
Q07837,S54E,0.1248,benign,SLC3A1,54.0
Q07837,S54F,0.0836,benign,SLC3A1,54.0
Q07837,S54G,0.0762,benign,SLC3A1,54.0
Q07837,S54H,0.1046,benign,SLC3A1,54.0
Q07837,S54I,0.0816,benign,SLC3A1,54.0
Q07837,S54K,0.1633,benign,SLC3A1,54.0
Q07837,S54L,0.0678,benign,SLC3A1,54.0
Q07837,S54M,0.1295,benign,SLC3A1,54.0
Q07837,S54N,0.0829,benign,SLC3A1,54.0
Q07837,S54P,0.0531,benign,SLC3A1,54.0
Q07837,S54Q,0.1327,benign,SLC3A1,54.0
Q07837,S54R,0.123,benign,SLC3A1,54.0
Q07837,S54T,0.069,benign,SLC3A1,54.0
Q07837,S54V,0.0889,benign,SLC3A1,54.0
Q07837,S54W,0.1084,benign,SLC3A1,54.0
Q07837,S54Y,0.0796,benign,SLC3A1,54.0
Q07837,Q55A,0.0732,benign,SLC3A1,55.0
Q07837,Q55C,0.2358,benign,SLC3A1,55.0
Q07837,Q55D,0.0984,benign,SLC3A1,55.0
Q07837,Q55E,0.0539,benign,SLC3A1,55.0
Q07837,Q55F,0.2646,benign,SLC3A1,55.0
Q07837,Q55G,0.0739,benign,SLC3A1,55.0
Q07837,Q55H,0.095,benign,SLC3A1,55.0
Q07837,Q55I,0.136,benign,SLC3A1,55.0
Q07837,Q55K,0.0614,benign,SLC3A1,55.0
Q07837,Q55L,0.0775,benign,SLC3A1,55.0
Q07837,Q55M,0.1625,benign,SLC3A1,55.0
Q07837,Q55N,0.1097,benign,SLC3A1,55.0
Q07837,Q55P,0.0571,benign,SLC3A1,55.0
Q07837,Q55R,0.0632,benign,SLC3A1,55.0
Q07837,Q55S,0.0816,benign,SLC3A1,55.0
Q07837,Q55T,0.0748,benign,SLC3A1,55.0
Q07837,Q55V,0.0955,benign,SLC3A1,55.0
Q07837,Q55W,0.1535,benign,SLC3A1,55.0
Q07837,Q55Y,0.1749,benign,SLC3A1,55.0
Q07837,E56A,0.0799,benign,SLC3A1,56.0
Q07837,E56C,0.4285,ambiguous,SLC3A1,56.0
Q07837,E56D,0.0735,benign,SLC3A1,56.0
Q07837,E56F,0.2603,benign,SLC3A1,56.0
Q07837,E56G,0.069,benign,SLC3A1,56.0
Q07837,E56H,0.1611,benign,SLC3A1,56.0
Q07837,E56I,0.1247,benign,SLC3A1,56.0
Q07837,E56K,0.0735,benign,SLC3A1,56.0
Q07837,E56L,0.126,benign,SLC3A1,56.0
Q07837,E56M,0.1856,benign,SLC3A1,56.0
Q07837,E56N,0.1102,benign,SLC3A1,56.0
Q07837,E56P,0.1537,benign,SLC3A1,56.0
Q07837,E56Q,0.0823,benign,SLC3A1,56.0
Q07837,E56R,0.111,benign,SLC3A1,56.0
Q07837,E56S,0.0973,benign,SLC3A1,56.0
Q07837,E56T,0.1014,benign,SLC3A1,56.0
Q07837,E56V,0.0882,benign,SLC3A1,56.0
Q07837,E56W,0.4178,ambiguous,SLC3A1,56.0
Q07837,E56Y,0.188,benign,SLC3A1,56.0
Q07837,P57A,0.062,benign,SLC3A1,57.0
Q07837,P57C,0.2186,benign,SLC3A1,57.0
Q07837,P57D,0.1263,benign,SLC3A1,57.0
Q07837,P57E,0.0989,benign,SLC3A1,57.0
Q07837,P57F,0.1632,benign,SLC3A1,57.0
Q07837,P57G,0.1236,benign,SLC3A1,57.0
Q07837,P57H,0.0895,benign,SLC3A1,57.0
Q07837,P57I,0.1181,benign,SLC3A1,57.0
Q07837,P57K,0.1019,benign,SLC3A1,57.0
Q07837,P57L,0.0719,benign,SLC3A1,57.0
Q07837,P57M,0.1335,benign,SLC3A1,57.0
Q07837,P57N,0.1217,benign,SLC3A1,57.0
Q07837,P57Q,0.0816,benign,SLC3A1,57.0
Q07837,P57R,0.076,benign,SLC3A1,57.0
Q07837,P57S,0.0759,benign,SLC3A1,57.0
Q07837,P57T,0.0598,benign,SLC3A1,57.0
Q07837,P57V,0.0977,benign,SLC3A1,57.0
Q07837,P57W,0.1904,benign,SLC3A1,57.0
Q07837,P57Y,0.1532,benign,SLC3A1,57.0
Q07837,D58A,0.0691,benign,SLC3A1,58.0
Q07837,D58C,0.2161,benign,SLC3A1,58.0
Q07837,D58E,0.0908,benign,SLC3A1,58.0
Q07837,D58F,0.1783,benign,SLC3A1,58.0
Q07837,D58G,0.0703,benign,SLC3A1,58.0
Q07837,D58H,0.0973,benign,SLC3A1,58.0
Q07837,D58I,0.1036,benign,SLC3A1,58.0
Q07837,D58K,0.1274,benign,SLC3A1,58.0
Q07837,D58L,0.1161,benign,SLC3A1,58.0
Q07837,D58M,0.2454,benign,SLC3A1,58.0
Q07837,D58N,0.0689,benign,SLC3A1,58.0
Q07837,D58P,0.1739,benign,SLC3A1,58.0
Q07837,D58Q,0.1228,benign,SLC3A1,58.0
Q07837,D58R,0.1112,benign,SLC3A1,58.0
Q07837,D58S,0.0704,benign,SLC3A1,58.0
Q07837,D58T,0.0996,benign,SLC3A1,58.0
Q07837,D58V,0.0751,benign,SLC3A1,58.0
Q07837,D58W,0.4227,ambiguous,SLC3A1,58.0
Q07837,D58Y,0.0867,benign,SLC3A1,58.0
Q07837,F59A,0.0794,benign,SLC3A1,59.0
Q07837,F59C,0.1,benign,SLC3A1,59.0
Q07837,F59D,0.1177,benign,SLC3A1,59.0
Q07837,F59E,0.1425,benign,SLC3A1,59.0
Q07837,F59G,0.1329,benign,SLC3A1,59.0
Q07837,F59H,0.1467,benign,SLC3A1,59.0
Q07837,F59I,0.0539,benign,SLC3A1,59.0
Q07837,F59K,0.1489,benign,SLC3A1,59.0
Q07837,F59L,0.1843,benign,SLC3A1,59.0
Q07837,F59M,0.132,benign,SLC3A1,59.0
Q07837,F59N,0.1186,benign,SLC3A1,59.0
Q07837,F59P,0.1357,benign,SLC3A1,59.0
Q07837,F59Q,0.1397,benign,SLC3A1,59.0
Q07837,F59R,0.1146,benign,SLC3A1,59.0
Q07837,F59S,0.0679,benign,SLC3A1,59.0
Q07837,F59T,0.0847,benign,SLC3A1,59.0
Q07837,F59V,0.0537,benign,SLC3A1,59.0
Q07837,F59W,0.1384,benign,SLC3A1,59.0
Q07837,F59Y,0.0839,benign,SLC3A1,59.0
Q07837,K60A,0.1156,benign,SLC3A1,60.0
Q07837,K60C,0.3145,benign,SLC3A1,60.0
Q07837,K60D,0.1541,benign,SLC3A1,60.0
Q07837,K60E,0.0676,benign,SLC3A1,60.0
Q07837,K60F,0.3339,benign,SLC3A1,60.0
Q07837,K60G,0.1255,benign,SLC3A1,60.0
Q07837,K60H,0.1288,benign,SLC3A1,60.0
Q07837,K60I,0.1565,benign,SLC3A1,60.0
Q07837,K60L,0.1331,benign,SLC3A1,60.0
Q07837,K60M,0.1322,benign,SLC3A1,60.0
Q07837,K60N,0.1347,benign,SLC3A1,60.0
Q07837,K60P,0.1553,benign,SLC3A1,60.0
Q07837,K60Q,0.0717,benign,SLC3A1,60.0
Q07837,K60R,0.0637,benign,SLC3A1,60.0
Q07837,K60S,0.1185,benign,SLC3A1,60.0
Q07837,K60T,0.0833,benign,SLC3A1,60.0
Q07837,K60V,0.1505,benign,SLC3A1,60.0
Q07837,K60W,0.318,benign,SLC3A1,60.0
Q07837,K60Y,0.2523,benign,SLC3A1,60.0
Q07837,G61A,0.0656,benign,SLC3A1,61.0
Q07837,G61C,0.123,benign,SLC3A1,61.0
Q07837,G61D,0.0605,benign,SLC3A1,61.0
Q07837,G61E,0.0663,benign,SLC3A1,61.0
Q07837,G61F,0.2064,benign,SLC3A1,61.0
Q07837,G61H,0.1258,benign,SLC3A1,61.0
Q07837,G61I,0.1009,benign,SLC3A1,61.0
Q07837,G61K,0.1181,benign,SLC3A1,61.0
Q07837,G61L,0.1423,benign,SLC3A1,61.0
Q07837,G61M,0.1759,benign,SLC3A1,61.0
Q07837,G61N,0.1039,benign,SLC3A1,61.0
Q07837,G61P,0.1833,benign,SLC3A1,61.0
Q07837,G61Q,0.1148,benign,SLC3A1,61.0
Q07837,G61R,0.099,benign,SLC3A1,61.0
Q07837,G61S,0.0758,benign,SLC3A1,61.0
Q07837,G61T,0.077,benign,SLC3A1,61.0
Q07837,G61V,0.0705,benign,SLC3A1,61.0
Q07837,G61W,0.1479,benign,SLC3A1,61.0
Q07837,G61Y,0.121,benign,SLC3A1,61.0
Q07837,V62A,0.1029,benign,SLC3A1,62.0
Q07837,V62C,0.3946,ambiguous,SLC3A1,62.0
Q07837,V62D,0.1211,benign,SLC3A1,62.0
Q07837,V62E,0.1218,benign,SLC3A1,62.0
Q07837,V62F,0.0691,benign,SLC3A1,62.0
Q07837,V62G,0.0916,benign,SLC3A1,62.0
Q07837,V62H,0.2131,benign,SLC3A1,62.0
Q07837,V62I,0.0621,benign,SLC3A1,62.0
Q07837,V62K,0.1281,benign,SLC3A1,62.0
Q07837,V62L,0.0848,benign,SLC3A1,62.0
Q07837,V62M,0.0882,benign,SLC3A1,62.0
Q07837,V62N,0.105,benign,SLC3A1,62.0
Q07837,V62P,0.1523,benign,SLC3A1,62.0
Q07837,V62Q,0.1313,benign,SLC3A1,62.0
Q07837,V62R,0.109,benign,SLC3A1,62.0
Q07837,V62S,0.1011,benign,SLC3A1,62.0
Q07837,V62T,0.1132,benign,SLC3A1,62.0
Q07837,V62W,0.3256,benign,SLC3A1,62.0
Q07837,V62Y,0.2037,benign,SLC3A1,62.0
Q07837,Q63A,0.1193,benign,SLC3A1,63.0
Q07837,Q63C,0.3539,ambiguous,SLC3A1,63.0
Q07837,Q63D,0.2344,benign,SLC3A1,63.0
Q07837,Q63E,0.0763,benign,SLC3A1,63.0
Q07837,Q63F,0.3377,benign,SLC3A1,63.0
Q07837,Q63G,0.1313,benign,SLC3A1,63.0
Q07837,Q63H,0.1276,benign,SLC3A1,63.0
Q07837,Q63I,0.2044,benign,SLC3A1,63.0
Q07837,Q63K,0.0639,benign,SLC3A1,63.0
Q07837,Q63L,0.0852,benign,SLC3A1,63.0
Q07837,Q63M,0.2295,benign,SLC3A1,63.0
Q07837,Q63N,0.2062,benign,SLC3A1,63.0
Q07837,Q63P,0.0772,benign,SLC3A1,63.0
Q07837,Q63R,0.0635,benign,SLC3A1,63.0
Q07837,Q63S,0.1348,benign,SLC3A1,63.0
Q07837,Q63T,0.1213,benign,SLC3A1,63.0
Q07837,Q63V,0.1478,benign,SLC3A1,63.0
Q07837,Q63W,0.2258,benign,SLC3A1,63.0
Q07837,Q63Y,0.2167,benign,SLC3A1,63.0
Q07837,P64A,0.1958,benign,SLC3A1,64.0
Q07837,P64C,0.8455,pathogenic,SLC3A1,64.0
Q07837,P64D,0.8593,pathogenic,SLC3A1,64.0
Q07837,P64E,0.685,pathogenic,SLC3A1,64.0
Q07837,P64F,0.8459,pathogenic,SLC3A1,64.0
Q07837,P64G,0.6837,pathogenic,SLC3A1,64.0
Q07837,P64H,0.5851,pathogenic,SLC3A1,64.0
Q07837,P64I,0.6134,pathogenic,SLC3A1,64.0
Q07837,P64K,0.6743,pathogenic,SLC3A1,64.0
Q07837,P64L,0.3413,ambiguous,SLC3A1,64.0
Q07837,P64M,0.7328,pathogenic,SLC3A1,64.0
Q07837,P64N,0.822,pathogenic,SLC3A1,64.0
Q07837,P64Q,0.5276,ambiguous,SLC3A1,64.0
Q07837,P64R,0.4258,ambiguous,SLC3A1,64.0
Q07837,P64S,0.4773,ambiguous,SLC3A1,64.0
Q07837,P64T,0.3945,ambiguous,SLC3A1,64.0
Q07837,P64V,0.4499,ambiguous,SLC3A1,64.0
Q07837,P64W,0.8869,pathogenic,SLC3A1,64.0
Q07837,P64Y,0.7696,pathogenic,SLC3A1,64.0
Q07837,Y65A,0.6805,pathogenic,SLC3A1,65.0
Q07837,Y65C,0.3231,benign,SLC3A1,65.0
Q07837,Y65D,0.5907,pathogenic,SLC3A1,65.0
Q07837,Y65E,0.8321,pathogenic,SLC3A1,65.0
Q07837,Y65F,0.0806,benign,SLC3A1,65.0
Q07837,Y65G,0.6506,pathogenic,SLC3A1,65.0
Q07837,Y65H,0.3416,ambiguous,SLC3A1,65.0
Q07837,Y65I,0.6902,pathogenic,SLC3A1,65.0
Q07837,Y65K,0.8024,pathogenic,SLC3A1,65.0
Q07837,Y65L,0.6416,pathogenic,SLC3A1,65.0
Q07837,Y65M,0.7613,pathogenic,SLC3A1,65.0
Q07837,Y65N,0.4945,ambiguous,SLC3A1,65.0
Q07837,Y65P,0.8465,pathogenic,SLC3A1,65.0
Q07837,Y65Q,0.7514,pathogenic,SLC3A1,65.0
Q07837,Y65R,0.6107,pathogenic,SLC3A1,65.0
Q07837,Y65S,0.4622,ambiguous,SLC3A1,65.0
Q07837,Y65T,0.7164,pathogenic,SLC3A1,65.0
Q07837,Y65V,0.5411,ambiguous,SLC3A1,65.0
Q07837,Y65W,0.3397,benign,SLC3A1,65.0
Q07837,A66C,0.785,pathogenic,SLC3A1,66.0
Q07837,A66D,0.6652,pathogenic,SLC3A1,66.0
Q07837,A66E,0.5173,ambiguous,SLC3A1,66.0
Q07837,A66F,0.6637,pathogenic,SLC3A1,66.0
Q07837,A66G,0.2794,benign,SLC3A1,66.0
Q07837,A66H,0.7339,pathogenic,SLC3A1,66.0
Q07837,A66I,0.5377,ambiguous,SLC3A1,66.0
Q07837,A66K,0.6394,pathogenic,SLC3A1,66.0
Q07837,A66L,0.4325,ambiguous,SLC3A1,66.0
Q07837,A66M,0.554,ambiguous,SLC3A1,66.0
Q07837,A66N,0.6955,pathogenic,SLC3A1,66.0
Q07837,A66P,0.3503,ambiguous,SLC3A1,66.0
Q07837,A66Q,0.5624,ambiguous,SLC3A1,66.0
Q07837,A66R,0.4597,ambiguous,SLC3A1,66.0
Q07837,A66S,0.1739,benign,SLC3A1,66.0
Q07837,A66T,0.2335,benign,SLC3A1,66.0
Q07837,A66V,0.2559,benign,SLC3A1,66.0
Q07837,A66W,0.8868,pathogenic,SLC3A1,66.0
Q07837,A66Y,0.7756,pathogenic,SLC3A1,66.0
Q07837,G67A,0.4188,ambiguous,SLC3A1,67.0
Q07837,G67C,0.7018,pathogenic,SLC3A1,67.0
Q07837,G67D,0.7073,pathogenic,SLC3A1,67.0
Q07837,G67E,0.7226,pathogenic,SLC3A1,67.0
Q07837,G67F,0.9078,pathogenic,SLC3A1,67.0
Q07837,G67H,0.8651,pathogenic,SLC3A1,67.0
Q07837,G67I,0.8426,pathogenic,SLC3A1,67.0
Q07837,G67K,0.8537,pathogenic,SLC3A1,67.0
Q07837,G67L,0.8519,pathogenic,SLC3A1,67.0
Q07837,G67M,0.8945,pathogenic,SLC3A1,67.0
Q07837,G67N,0.7957,pathogenic,SLC3A1,67.0
Q07837,G67P,0.9585,pathogenic,SLC3A1,67.0
Q07837,G67Q,0.7815,pathogenic,SLC3A1,67.0
Q07837,G67R,0.6747,pathogenic,SLC3A1,67.0
Q07837,G67S,0.3485,ambiguous,SLC3A1,67.0
Q07837,G67T,0.6965,pathogenic,SLC3A1,67.0
Q07837,G67V,0.7157,pathogenic,SLC3A1,67.0
Q07837,G67W,0.7804,pathogenic,SLC3A1,67.0
Q07837,G67Y,0.8615,pathogenic,SLC3A1,67.0
Q07837,M68A,0.9535,pathogenic,SLC3A1,68.0
Q07837,M68C,0.9794,pathogenic,SLC3A1,68.0
Q07837,M68D,0.9944,pathogenic,SLC3A1,68.0
Q07837,M68E,0.9651,pathogenic,SLC3A1,68.0
Q07837,M68F,0.5987,pathogenic,SLC3A1,68.0
Q07837,M68G,0.9848,pathogenic,SLC3A1,68.0
Q07837,M68H,0.9526,pathogenic,SLC3A1,68.0
Q07837,M68I,0.8569,pathogenic,SLC3A1,68.0
Q07837,M68K,0.8186,pathogenic,SLC3A1,68.0
Q07837,M68L,0.3816,ambiguous,SLC3A1,68.0
Q07837,M68N,0.9669,pathogenic,SLC3A1,68.0
Q07837,M68P,0.9939,pathogenic,SLC3A1,68.0
Q07837,M68Q,0.7858,pathogenic,SLC3A1,68.0
Q07837,M68R,0.8221,pathogenic,SLC3A1,68.0
Q07837,M68S,0.9489,pathogenic,SLC3A1,68.0
Q07837,M68T,0.9518,pathogenic,SLC3A1,68.0
Q07837,M68V,0.5861,pathogenic,SLC3A1,68.0
Q07837,M68W,0.8911,pathogenic,SLC3A1,68.0
Q07837,M68Y,0.8655,pathogenic,SLC3A1,68.0
Q07837,P69A,0.351,ambiguous,SLC3A1,69.0
Q07837,P69C,0.9294,pathogenic,SLC3A1,69.0
Q07837,P69D,0.8243,pathogenic,SLC3A1,69.0
Q07837,P69E,0.6725,pathogenic,SLC3A1,69.0
Q07837,P69F,0.9703,pathogenic,SLC3A1,69.0
Q07837,P69G,0.6483,pathogenic,SLC3A1,69.0
Q07837,P69H,0.6443,pathogenic,SLC3A1,69.0
Q07837,P69I,0.9576,pathogenic,SLC3A1,69.0
Q07837,P69K,0.716,pathogenic,SLC3A1,69.0
Q07837,P69L,0.6455,pathogenic,SLC3A1,69.0
Q07837,P69M,0.8951,pathogenic,SLC3A1,69.0
Q07837,P69N,0.8142,pathogenic,SLC3A1,69.0
Q07837,P69Q,0.5228,ambiguous,SLC3A1,69.0
Q07837,P69R,0.5127,ambiguous,SLC3A1,69.0
Q07837,P69S,0.4104,ambiguous,SLC3A1,69.0
Q07837,P69T,0.5251,ambiguous,SLC3A1,69.0
Q07837,P69V,0.8803,pathogenic,SLC3A1,69.0
Q07837,P69W,0.9575,pathogenic,SLC3A1,69.0
Q07837,P69Y,0.9367,pathogenic,SLC3A1,69.0
Q07837,K70A,0.6696,pathogenic,SLC3A1,70.0
Q07837,K70C,0.9675,pathogenic,SLC3A1,70.0
Q07837,K70D,0.9254,pathogenic,SLC3A1,70.0
Q07837,K70E,0.3595,ambiguous,SLC3A1,70.0
Q07837,K70F,0.9767,pathogenic,SLC3A1,70.0
Q07837,K70G,0.7879,pathogenic,SLC3A1,70.0
Q07837,K70H,0.8173,pathogenic,SLC3A1,70.0
Q07837,K70I,0.8168,pathogenic,SLC3A1,70.0
Q07837,K70L,0.7113,pathogenic,SLC3A1,70.0
Q07837,K70M,0.6071,pathogenic,SLC3A1,70.0
Q07837,K70N,0.9044,pathogenic,SLC3A1,70.0
Q07837,K70P,0.7502,pathogenic,SLC3A1,70.0
Q07837,K70Q,0.3482,ambiguous,SLC3A1,70.0
Q07837,K70R,0.1145,benign,SLC3A1,70.0
Q07837,K70S,0.8122,pathogenic,SLC3A1,70.0
Q07837,K70T,0.5741,pathogenic,SLC3A1,70.0
Q07837,K70V,0.6987,pathogenic,SLC3A1,70.0
Q07837,K70W,0.9516,pathogenic,SLC3A1,70.0
Q07837,K70Y,0.9351,pathogenic,SLC3A1,70.0
Q07837,E71A,0.331,benign,SLC3A1,71.0
Q07837,E71C,0.9707,pathogenic,SLC3A1,71.0
Q07837,E71D,0.2925,benign,SLC3A1,71.0
Q07837,E71F,0.9644,pathogenic,SLC3A1,71.0
Q07837,E71G,0.451,ambiguous,SLC3A1,71.0
Q07837,E71H,0.7572,pathogenic,SLC3A1,71.0
Q07837,E71I,0.8193,pathogenic,SLC3A1,71.0
Q07837,E71K,0.4549,ambiguous,SLC3A1,71.0
Q07837,E71L,0.8672,pathogenic,SLC3A1,71.0
Q07837,E71M,0.8437,pathogenic,SLC3A1,71.0
Q07837,E71N,0.6527,pathogenic,SLC3A1,71.0
Q07837,E71P,0.842,pathogenic,SLC3A1,71.0
Q07837,E71Q,0.3847,ambiguous,SLC3A1,71.0
Q07837,E71R,0.6099,pathogenic,SLC3A1,71.0
Q07837,E71S,0.519,ambiguous,SLC3A1,71.0
Q07837,E71T,0.596,pathogenic,SLC3A1,71.0
Q07837,E71V,0.5916,pathogenic,SLC3A1,71.0
Q07837,E71W,0.9681,pathogenic,SLC3A1,71.0
Q07837,E71Y,0.8622,pathogenic,SLC3A1,71.0
Q07837,V72A,0.3476,ambiguous,SLC3A1,72.0
Q07837,V72C,0.9394,pathogenic,SLC3A1,72.0
Q07837,V72D,0.4769,ambiguous,SLC3A1,72.0
Q07837,V72E,0.3325,benign,SLC3A1,72.0
Q07837,V72F,0.2526,benign,SLC3A1,72.0
Q07837,V72G,0.452,ambiguous,SLC3A1,72.0
Q07837,V72H,0.7435,pathogenic,SLC3A1,72.0
Q07837,V72I,0.1105,benign,SLC3A1,72.0
Q07837,V72K,0.4723,ambiguous,SLC3A1,72.0
Q07837,V72L,0.402,ambiguous,SLC3A1,72.0
Q07837,V72M,0.2296,benign,SLC3A1,72.0
Q07837,V72N,0.5384,ambiguous,SLC3A1,72.0
Q07837,V72P,0.9458,pathogenic,SLC3A1,72.0
Q07837,V72Q,0.4586,ambiguous,SLC3A1,72.0
Q07837,V72R,0.4626,ambiguous,SLC3A1,72.0
Q07837,V72S,0.4846,ambiguous,SLC3A1,72.0
Q07837,V72T,0.4053,ambiguous,SLC3A1,72.0
Q07837,V72W,0.8728,pathogenic,SLC3A1,72.0
Q07837,V72Y,0.6252,pathogenic,SLC3A1,72.0
Q07837,L73A,0.843,pathogenic,SLC3A1,73.0
Q07837,L73C,0.9605,pathogenic,SLC3A1,73.0
Q07837,L73D,0.9893,pathogenic,SLC3A1,73.0
Q07837,L73E,0.9533,pathogenic,SLC3A1,73.0
Q07837,L73F,0.5931,pathogenic,SLC3A1,73.0
Q07837,L73G,0.9601,pathogenic,SLC3A1,73.0
Q07837,L73H,0.9125,pathogenic,SLC3A1,73.0
Q07837,L73I,0.3299,benign,SLC3A1,73.0
Q07837,L73K,0.9273,pathogenic,SLC3A1,73.0
Q07837,L73M,0.49,ambiguous,SLC3A1,73.0
Q07837,L73N,0.9674,pathogenic,SLC3A1,73.0
Q07837,L73P,0.8925,pathogenic,SLC3A1,73.0
Q07837,L73Q,0.8456,pathogenic,SLC3A1,73.0
Q07837,L73R,0.7527,pathogenic,SLC3A1,73.0
Q07837,L73S,0.9315,pathogenic,SLC3A1,73.0
Q07837,L73T,0.8826,pathogenic,SLC3A1,73.0
Q07837,L73V,0.3844,ambiguous,SLC3A1,73.0
Q07837,L73W,0.7995,pathogenic,SLC3A1,73.0
Q07837,L73Y,0.8971,pathogenic,SLC3A1,73.0
Q07837,F74A,0.4764,ambiguous,SLC3A1,74.0
Q07837,F74C,0.33,benign,SLC3A1,74.0
Q07837,F74D,0.7657,pathogenic,SLC3A1,74.0
Q07837,F74E,0.711,pathogenic,SLC3A1,74.0
Q07837,F74G,0.6783,pathogenic,SLC3A1,74.0
Q07837,F74H,0.5165,ambiguous,SLC3A1,74.0
Q07837,F74I,0.1753,benign,SLC3A1,74.0
Q07837,F74K,0.6937,pathogenic,SLC3A1,74.0
Q07837,F74L,0.4538,ambiguous,SLC3A1,74.0
Q07837,F74M,0.3639,ambiguous,SLC3A1,74.0
Q07837,F74N,0.6462,pathogenic,SLC3A1,74.0
Q07837,F74P,0.9356,pathogenic,SLC3A1,74.0
Q07837,F74Q,0.5572,ambiguous,SLC3A1,74.0
Q07837,F74R,0.5037,ambiguous,SLC3A1,74.0
Q07837,F74S,0.3793,ambiguous,SLC3A1,74.0
Q07837,F74T,0.5337,ambiguous,SLC3A1,74.0
Q07837,F74V,0.1925,benign,SLC3A1,74.0
Q07837,F74W,0.3498,ambiguous,SLC3A1,74.0
Q07837,F74Y,0.1707,benign,SLC3A1,74.0
Q07837,Q75A,0.1718,benign,SLC3A1,75.0
Q07837,Q75C,0.4219,ambiguous,SLC3A1,75.0
Q07837,Q75D,0.2897,benign,SLC3A1,75.0
Q07837,Q75E,0.0882,benign,SLC3A1,75.0
Q07837,Q75F,0.4568,ambiguous,SLC3A1,75.0
Q07837,Q75G,0.211,benign,SLC3A1,75.0
Q07837,Q75H,0.115,benign,SLC3A1,75.0
Q07837,Q75I,0.2929,benign,SLC3A1,75.0
Q07837,Q75K,0.0856,benign,SLC3A1,75.0
Q07837,Q75L,0.094,benign,SLC3A1,75.0
Q07837,Q75M,0.319,benign,SLC3A1,75.0
Q07837,Q75N,0.2349,benign,SLC3A1,75.0
Q07837,Q75P,0.1832,benign,SLC3A1,75.0
Q07837,Q75R,0.0645,benign,SLC3A1,75.0
Q07837,Q75S,0.1975,benign,SLC3A1,75.0
Q07837,Q75T,0.1751,benign,SLC3A1,75.0
Q07837,Q75V,0.2108,benign,SLC3A1,75.0
Q07837,Q75W,0.2758,benign,SLC3A1,75.0
Q07837,Q75Y,0.2427,benign,SLC3A1,75.0
Q07837,F76A,0.8102,pathogenic,SLC3A1,76.0
Q07837,F76C,0.6619,pathogenic,SLC3A1,76.0
Q07837,F76D,0.8992,pathogenic,SLC3A1,76.0
Q07837,F76E,0.8898,pathogenic,SLC3A1,76.0
Q07837,F76G,0.9012,pathogenic,SLC3A1,76.0
Q07837,F76H,0.5577,ambiguous,SLC3A1,76.0
Q07837,F76I,0.4353,ambiguous,SLC3A1,76.0
Q07837,F76K,0.8765,pathogenic,SLC3A1,76.0
Q07837,F76L,0.9305,pathogenic,SLC3A1,76.0
Q07837,F76M,0.7783,pathogenic,SLC3A1,76.0
Q07837,F76N,0.7732,pathogenic,SLC3A1,76.0
Q07837,F76P,0.9919,pathogenic,SLC3A1,76.0
Q07837,F76Q,0.8296,pathogenic,SLC3A1,76.0
Q07837,F76R,0.7666,pathogenic,SLC3A1,76.0
Q07837,F76S,0.7102,pathogenic,SLC3A1,76.0
Q07837,F76T,0.8265,pathogenic,SLC3A1,76.0
Q07837,F76V,0.4207,ambiguous,SLC3A1,76.0
Q07837,F76W,0.5485,ambiguous,SLC3A1,76.0
Q07837,F76Y,0.1279,benign,SLC3A1,76.0
Q07837,S77A,0.1879,benign,SLC3A1,77.0
Q07837,S77C,0.3882,ambiguous,SLC3A1,77.0
Q07837,S77D,0.9476,pathogenic,SLC3A1,77.0
Q07837,S77E,0.9356,pathogenic,SLC3A1,77.0
Q07837,S77F,0.7493,pathogenic,SLC3A1,77.0
Q07837,S77G,0.2736,benign,SLC3A1,77.0
Q07837,S77H,0.8408,pathogenic,SLC3A1,77.0
Q07837,S77I,0.7021,pathogenic,SLC3A1,77.0
Q07837,S77K,0.9736,pathogenic,SLC3A1,77.0
Q07837,S77L,0.3934,ambiguous,SLC3A1,77.0
Q07837,S77M,0.7252,pathogenic,SLC3A1,77.0
Q07837,S77N,0.8224,pathogenic,SLC3A1,77.0
Q07837,S77P,0.7373,pathogenic,SLC3A1,77.0
Q07837,S77Q,0.8818,pathogenic,SLC3A1,77.0
Q07837,S77R,0.9172,pathogenic,SLC3A1,77.0
Q07837,S77T,0.2792,benign,SLC3A1,77.0
Q07837,S77V,0.6614,pathogenic,SLC3A1,77.0
Q07837,S77W,0.7312,pathogenic,SLC3A1,77.0
Q07837,S77Y,0.6961,pathogenic,SLC3A1,77.0
Q07837,G78A,0.0923,benign,SLC3A1,78.0
Q07837,G78C,0.1402,benign,SLC3A1,78.0
Q07837,G78D,0.138,benign,SLC3A1,78.0
Q07837,G78E,0.1229,benign,SLC3A1,78.0
Q07837,G78F,0.3215,benign,SLC3A1,78.0
Q07837,G78H,0.1471,benign,SLC3A1,78.0
Q07837,G78I,0.1724,benign,SLC3A1,78.0
Q07837,G78K,0.1511,benign,SLC3A1,78.0
Q07837,G78L,0.2117,benign,SLC3A1,78.0
Q07837,G78M,0.302,benign,SLC3A1,78.0
Q07837,G78N,0.1621,benign,SLC3A1,78.0
Q07837,G78P,0.5908,pathogenic,SLC3A1,78.0
Q07837,G78Q,0.129,benign,SLC3A1,78.0
Q07837,G78R,0.0945,benign,SLC3A1,78.0
Q07837,G78S,0.0698,benign,SLC3A1,78.0
Q07837,G78T,0.1042,benign,SLC3A1,78.0
Q07837,G78V,0.1218,benign,SLC3A1,78.0
Q07837,G78W,0.2058,benign,SLC3A1,78.0
Q07837,G78Y,0.213,benign,SLC3A1,78.0
Q07837,Q79A,0.2553,benign,SLC3A1,79.0
Q07837,Q79C,0.6307,pathogenic,SLC3A1,79.0
Q07837,Q79D,0.4481,ambiguous,SLC3A1,79.0
Q07837,Q79E,0.0968,benign,SLC3A1,79.0
Q07837,Q79F,0.6363,pathogenic,SLC3A1,79.0
Q07837,Q79G,0.2842,benign,SLC3A1,79.0
Q07837,Q79H,0.2252,benign,SLC3A1,79.0
Q07837,Q79I,0.4122,ambiguous,SLC3A1,79.0
Q07837,Q79K,0.0683,benign,SLC3A1,79.0
Q07837,Q79L,0.1495,benign,SLC3A1,79.0
Q07837,Q79M,0.3699,ambiguous,SLC3A1,79.0
Q07837,Q79N,0.3541,ambiguous,SLC3A1,79.0
Q07837,Q79P,0.2828,benign,SLC3A1,79.0
Q07837,Q79R,0.0753,benign,SLC3A1,79.0
Q07837,Q79S,0.3192,benign,SLC3A1,79.0
Q07837,Q79T,0.256,benign,SLC3A1,79.0
Q07837,Q79V,0.292,benign,SLC3A1,79.0
Q07837,Q79W,0.444,ambiguous,SLC3A1,79.0
Q07837,Q79Y,0.4498,ambiguous,SLC3A1,79.0
Q07837,A80C,0.6424,pathogenic,SLC3A1,80.0
Q07837,A80D,0.294,benign,SLC3A1,80.0
Q07837,A80E,0.2322,benign,SLC3A1,80.0
Q07837,A80F,0.3775,ambiguous,SLC3A1,80.0
Q07837,A80G,0.1567,benign,SLC3A1,80.0
Q07837,A80H,0.4521,ambiguous,SLC3A1,80.0
Q07837,A80I,0.3445,ambiguous,SLC3A1,80.0
Q07837,A80K,0.3548,ambiguous,SLC3A1,80.0
Q07837,A80L,0.2389,benign,SLC3A1,80.0
Q07837,A80M,0.323,benign,SLC3A1,80.0
Q07837,A80N,0.3183,benign,SLC3A1,80.0
Q07837,A80P,0.1524,benign,SLC3A1,80.0
Q07837,A80Q,0.3039,benign,SLC3A1,80.0
Q07837,A80R,0.2932,benign,SLC3A1,80.0
Q07837,A80S,0.1079,benign,SLC3A1,80.0
Q07837,A80T,0.1251,benign,SLC3A1,80.0
Q07837,A80V,0.156,benign,SLC3A1,80.0
Q07837,A80W,0.6476,pathogenic,SLC3A1,80.0
Q07837,A80Y,0.4598,ambiguous,SLC3A1,80.0
Q07837,R81A,0.2585,benign,SLC3A1,81.0
Q07837,R81C,0.1101,benign,SLC3A1,81.0
Q07837,R81D,0.6048,pathogenic,SLC3A1,81.0
Q07837,R81E,0.3389,benign,SLC3A1,81.0
Q07837,R81F,0.3679,ambiguous,SLC3A1,81.0
Q07837,R81G,0.1488,benign,SLC3A1,81.0
Q07837,R81H,0.1177,benign,SLC3A1,81.0
Q07837,R81I,0.2174,benign,SLC3A1,81.0
Q07837,R81K,0.1158,benign,SLC3A1,81.0
Q07837,R81L,0.2156,benign,SLC3A1,81.0
Q07837,R81M,0.3153,benign,SLC3A1,81.0
Q07837,R81N,0.4634,ambiguous,SLC3A1,81.0
Q07837,R81P,0.2954,benign,SLC3A1,81.0
Q07837,R81Q,0.1031,benign,SLC3A1,81.0
Q07837,R81S,0.3105,benign,SLC3A1,81.0
Q07837,R81T,0.2358,benign,SLC3A1,81.0
Q07837,R81V,0.2679,benign,SLC3A1,81.0
Q07837,R81W,0.125,benign,SLC3A1,81.0
Q07837,R81Y,0.2615,benign,SLC3A1,81.0
Q07837,Y82A,0.9168,pathogenic,SLC3A1,82.0
Q07837,Y82C,0.5555,ambiguous,SLC3A1,82.0
Q07837,Y82D,0.8327,pathogenic,SLC3A1,82.0
Q07837,Y82E,0.9568,pathogenic,SLC3A1,82.0
Q07837,Y82F,0.2082,benign,SLC3A1,82.0
Q07837,Y82G,0.7973,pathogenic,SLC3A1,82.0
Q07837,Y82H,0.6175,pathogenic,SLC3A1,82.0
Q07837,Y82I,0.8746,pathogenic,SLC3A1,82.0
Q07837,Y82K,0.937,pathogenic,SLC3A1,82.0
Q07837,Y82L,0.724,pathogenic,SLC3A1,82.0
Q07837,Y82M,0.9125,pathogenic,SLC3A1,82.0
Q07837,Y82N,0.6707,pathogenic,SLC3A1,82.0
Q07837,Y82P,0.9577,pathogenic,SLC3A1,82.0
Q07837,Y82Q,0.9017,pathogenic,SLC3A1,82.0
Q07837,Y82R,0.8414,pathogenic,SLC3A1,82.0
Q07837,Y82S,0.7137,pathogenic,SLC3A1,82.0
Q07837,Y82T,0.9211,pathogenic,SLC3A1,82.0
Q07837,Y82V,0.8124,pathogenic,SLC3A1,82.0
Q07837,Y82W,0.4518,ambiguous,SLC3A1,82.0
Q07837,R83A,0.5322,ambiguous,SLC3A1,83.0
Q07837,R83C,0.2069,benign,SLC3A1,83.0
Q07837,R83D,0.8548,pathogenic,SLC3A1,83.0
Q07837,R83E,0.5138,ambiguous,SLC3A1,83.0
Q07837,R83F,0.619,pathogenic,SLC3A1,83.0
Q07837,R83G,0.3504,ambiguous,SLC3A1,83.0
Q07837,R83H,0.1428,benign,SLC3A1,83.0
Q07837,R83I,0.3279,benign,SLC3A1,83.0
Q07837,R83K,0.1591,benign,SLC3A1,83.0
Q07837,R83L,0.3206,benign,SLC3A1,83.0
Q07837,R83M,0.4459,ambiguous,SLC3A1,83.0
Q07837,R83N,0.7572,pathogenic,SLC3A1,83.0
Q07837,R83P,0.8535,pathogenic,SLC3A1,83.0
Q07837,R83Q,0.1099,benign,SLC3A1,83.0
Q07837,R83S,0.6152,pathogenic,SLC3A1,83.0
Q07837,R83T,0.4169,ambiguous,SLC3A1,83.0
Q07837,R83V,0.4092,ambiguous,SLC3A1,83.0
Q07837,R83W,0.1833,benign,SLC3A1,83.0
Q07837,R83Y,0.4713,ambiguous,SLC3A1,83.0
Q07837,I84A,0.2561,benign,SLC3A1,84.0
Q07837,I84C,0.5214,ambiguous,SLC3A1,84.0
Q07837,I84D,0.6447,pathogenic,SLC3A1,84.0
Q07837,I84E,0.5788,pathogenic,SLC3A1,84.0
Q07837,I84F,0.0778,benign,SLC3A1,84.0
Q07837,I84G,0.3333,benign,SLC3A1,84.0
Q07837,I84H,0.3976,ambiguous,SLC3A1,84.0
Q07837,I84K,0.2782,benign,SLC3A1,84.0
Q07837,I84L,0.0701,benign,SLC3A1,84.0
Q07837,I84M,0.1004,benign,SLC3A1,84.0
Q07837,I84N,0.2439,benign,SLC3A1,84.0
Q07837,I84P,0.4915,ambiguous,SLC3A1,84.0
Q07837,I84Q,0.3767,ambiguous,SLC3A1,84.0
Q07837,I84R,0.2178,benign,SLC3A1,84.0
Q07837,I84S,0.2504,benign,SLC3A1,84.0
Q07837,I84T,0.2523,benign,SLC3A1,84.0
Q07837,I84V,0.0685,benign,SLC3A1,84.0
Q07837,I84W,0.434,ambiguous,SLC3A1,84.0
Q07837,I84Y,0.2658,benign,SLC3A1,84.0
Q07837,P85A,0.1119,benign,SLC3A1,85.0
Q07837,P85C,0.5255,ambiguous,SLC3A1,85.0
Q07837,P85D,0.8769,pathogenic,SLC3A1,85.0
Q07837,P85E,0.6932,pathogenic,SLC3A1,85.0
Q07837,P85F,0.3723,ambiguous,SLC3A1,85.0
Q07837,P85G,0.3515,ambiguous,SLC3A1,85.0
Q07837,P85H,0.4253,ambiguous,SLC3A1,85.0
Q07837,P85I,0.2791,benign,SLC3A1,85.0
Q07837,P85K,0.6615,pathogenic,SLC3A1,85.0
Q07837,P85L,0.1244,benign,SLC3A1,85.0
Q07837,P85M,0.3626,ambiguous,SLC3A1,85.0
Q07837,P85N,0.672,pathogenic,SLC3A1,85.0
Q07837,P85Q,0.3472,ambiguous,SLC3A1,85.0
Q07837,P85R,0.4085,ambiguous,SLC3A1,85.0
Q07837,P85S,0.1616,benign,SLC3A1,85.0
Q07837,P85T,0.0864,benign,SLC3A1,85.0
Q07837,P85V,0.2116,benign,SLC3A1,85.0
Q07837,P85W,0.5188,ambiguous,SLC3A1,85.0
Q07837,P85Y,0.5134,ambiguous,SLC3A1,85.0
Q07837,R86A,0.866,pathogenic,SLC3A1,86.0
Q07837,R86C,0.5884,pathogenic,SLC3A1,86.0
Q07837,R86D,0.9865,pathogenic,SLC3A1,86.0
Q07837,R86E,0.8302,pathogenic,SLC3A1,86.0
Q07837,R86F,0.9703,pathogenic,SLC3A1,86.0
Q07837,R86G,0.6871,pathogenic,SLC3A1,86.0
Q07837,R86H,0.6033,pathogenic,SLC3A1,86.0
Q07837,R86I,0.8919,pathogenic,SLC3A1,86.0
Q07837,R86K,0.4384,ambiguous,SLC3A1,86.0
Q07837,R86L,0.7675,pathogenic,SLC3A1,86.0
Q07837,R86M,0.8868,pathogenic,SLC3A1,86.0
Q07837,R86N,0.9788,pathogenic,SLC3A1,86.0
Q07837,R86P,0.9532,pathogenic,SLC3A1,86.0
Q07837,R86Q,0.2928,benign,SLC3A1,86.0
Q07837,R86S,0.9311,pathogenic,SLC3A1,86.0
Q07837,R86T,0.8649,pathogenic,SLC3A1,86.0
Q07837,R86V,0.8685,pathogenic,SLC3A1,86.0
Q07837,R86W,0.5738,pathogenic,SLC3A1,86.0
Q07837,R86Y,0.9312,pathogenic,SLC3A1,86.0
Q07837,E87A,0.4348,ambiguous,SLC3A1,87.0
Q07837,E87C,0.9582,pathogenic,SLC3A1,87.0
Q07837,E87D,0.5393,ambiguous,SLC3A1,87.0
Q07837,E87F,0.9049,pathogenic,SLC3A1,87.0
Q07837,E87G,0.4364,ambiguous,SLC3A1,87.0
Q07837,E87H,0.7749,pathogenic,SLC3A1,87.0
Q07837,E87I,0.7032,pathogenic,SLC3A1,87.0
Q07837,E87K,0.4505,ambiguous,SLC3A1,87.0
Q07837,E87L,0.7529,pathogenic,SLC3A1,87.0
Q07837,E87M,0.7646,pathogenic,SLC3A1,87.0
Q07837,E87N,0.5909,pathogenic,SLC3A1,87.0
Q07837,E87P,0.9741,pathogenic,SLC3A1,87.0
Q07837,E87Q,0.2814,benign,SLC3A1,87.0
Q07837,E87R,0.5744,pathogenic,SLC3A1,87.0
Q07837,E87S,0.5442,ambiguous,SLC3A1,87.0
Q07837,E87T,0.5922,pathogenic,SLC3A1,87.0
Q07837,E87V,0.5112,ambiguous,SLC3A1,87.0
Q07837,E87W,0.9507,pathogenic,SLC3A1,87.0
Q07837,E87Y,0.8079,pathogenic,SLC3A1,87.0
Q07837,I88A,0.2785,benign,SLC3A1,88.0
Q07837,I88C,0.5544,ambiguous,SLC3A1,88.0
Q07837,I88D,0.8952,pathogenic,SLC3A1,88.0
Q07837,I88E,0.8697,pathogenic,SLC3A1,88.0
Q07837,I88F,0.108,benign,SLC3A1,88.0
Q07837,I88G,0.451,ambiguous,SLC3A1,88.0
Q07837,I88H,0.7706,pathogenic,SLC3A1,88.0
Q07837,I88K,0.7668,pathogenic,SLC3A1,88.0
Q07837,I88L,0.102,benign,SLC3A1,88.0
Q07837,I88M,0.1016,benign,SLC3A1,88.0
Q07837,I88N,0.4969,ambiguous,SLC3A1,88.0
Q07837,I88P,0.8954,pathogenic,SLC3A1,88.0
Q07837,I88Q,0.7701,pathogenic,SLC3A1,88.0
Q07837,I88R,0.669,pathogenic,SLC3A1,88.0
Q07837,I88S,0.3355,benign,SLC3A1,88.0
Q07837,I88T,0.2895,benign,SLC3A1,88.0
Q07837,I88V,0.0752,benign,SLC3A1,88.0
Q07837,I88W,0.6855,pathogenic,SLC3A1,88.0
Q07837,I88Y,0.4755,ambiguous,SLC3A1,88.0
Q07837,L89A,0.2425,benign,SLC3A1,89.0
Q07837,L89C,0.3735,ambiguous,SLC3A1,89.0
Q07837,L89D,0.9489,pathogenic,SLC3A1,89.0
Q07837,L89E,0.8503,pathogenic,SLC3A1,89.0
Q07837,L89F,0.09,benign,SLC3A1,89.0
Q07837,L89G,0.4581,ambiguous,SLC3A1,89.0
Q07837,L89H,0.6487,pathogenic,SLC3A1,89.0
Q07837,L89I,0.083,benign,SLC3A1,89.0
Q07837,L89K,0.8389,pathogenic,SLC3A1,89.0
Q07837,L89M,0.1312,benign,SLC3A1,89.0
Q07837,L89N,0.7476,pathogenic,SLC3A1,89.0
Q07837,L89P,0.7003,pathogenic,SLC3A1,89.0
Q07837,L89Q,0.562,ambiguous,SLC3A1,89.0
Q07837,L89R,0.6704,pathogenic,SLC3A1,89.0
Q07837,L89S,0.3489,ambiguous,SLC3A1,89.0
Q07837,L89T,0.2807,benign,SLC3A1,89.0
Q07837,L89V,0.0946,benign,SLC3A1,89.0
Q07837,L89W,0.3101,benign,SLC3A1,89.0
Q07837,L89Y,0.4979,ambiguous,SLC3A1,89.0
Q07837,F90A,0.755,pathogenic,SLC3A1,90.0
Q07837,F90C,0.5063,ambiguous,SLC3A1,90.0
Q07837,F90D,0.9818,pathogenic,SLC3A1,90.0
Q07837,F90E,0.9794,pathogenic,SLC3A1,90.0
Q07837,F90G,0.8255,pathogenic,SLC3A1,90.0
Q07837,F90H,0.8891,pathogenic,SLC3A1,90.0
Q07837,F90I,0.4599,ambiguous,SLC3A1,90.0
Q07837,F90K,0.969,pathogenic,SLC3A1,90.0
Q07837,F90L,0.8336,pathogenic,SLC3A1,90.0
Q07837,F90M,0.7998,pathogenic,SLC3A1,90.0
Q07837,F90N,0.9271,pathogenic,SLC3A1,90.0
Q07837,F90P,0.9811,pathogenic,SLC3A1,90.0
Q07837,F90Q,0.9329,pathogenic,SLC3A1,90.0
Q07837,F90R,0.8916,pathogenic,SLC3A1,90.0
Q07837,F90S,0.6613,pathogenic,SLC3A1,90.0
Q07837,F90T,0.8,pathogenic,SLC3A1,90.0
Q07837,F90V,0.4412,ambiguous,SLC3A1,90.0
Q07837,F90W,0.6793,pathogenic,SLC3A1,90.0
Q07837,F90Y,0.3815,ambiguous,SLC3A1,90.0
Q07837,W91A,0.3919,ambiguous,SLC3A1,91.0
Q07837,W91C,0.4594,ambiguous,SLC3A1,91.0
Q07837,W91D,0.9658,pathogenic,SLC3A1,91.0
Q07837,W91E,0.935,pathogenic,SLC3A1,91.0
Q07837,W91F,0.1965,benign,SLC3A1,91.0
Q07837,W91G,0.1975,benign,SLC3A1,91.0
Q07837,W91H,0.8353,pathogenic,SLC3A1,91.0
Q07837,W91I,0.4451,ambiguous,SLC3A1,91.0
Q07837,W91K,0.9462,pathogenic,SLC3A1,91.0
Q07837,W91L,0.208,benign,SLC3A1,91.0
Q07837,W91M,0.6063,pathogenic,SLC3A1,91.0
Q07837,W91N,0.8871,pathogenic,SLC3A1,91.0
Q07837,W91P,0.9359,pathogenic,SLC3A1,91.0
Q07837,W91Q,0.8674,pathogenic,SLC3A1,91.0
Q07837,W91R,0.852,pathogenic,SLC3A1,91.0
Q07837,W91S,0.2924,benign,SLC3A1,91.0
Q07837,W91T,0.4528,ambiguous,SLC3A1,91.0
Q07837,W91V,0.394,ambiguous,SLC3A1,91.0
Q07837,W91Y,0.4255,ambiguous,SLC3A1,91.0
Q07837,L92A,0.2472,benign,SLC3A1,92.0
Q07837,L92C,0.4262,ambiguous,SLC3A1,92.0
Q07837,L92D,0.9451,pathogenic,SLC3A1,92.0
Q07837,L92E,0.8026,pathogenic,SLC3A1,92.0
Q07837,L92F,0.1204,benign,SLC3A1,92.0
Q07837,L92G,0.357,ambiguous,SLC3A1,92.0
Q07837,L92H,0.7098,pathogenic,SLC3A1,92.0
Q07837,L92I,0.1183,benign,SLC3A1,92.0
Q07837,L92K,0.8173,pathogenic,SLC3A1,92.0
Q07837,L92M,0.1156,benign,SLC3A1,92.0
Q07837,L92N,0.769,pathogenic,SLC3A1,92.0
Q07837,L92P,0.8316,pathogenic,SLC3A1,92.0
Q07837,L92Q,0.551,ambiguous,SLC3A1,92.0
Q07837,L92R,0.7353,pathogenic,SLC3A1,92.0
Q07837,L92S,0.3672,ambiguous,SLC3A1,92.0
Q07837,L92T,0.3071,benign,SLC3A1,92.0
Q07837,L92V,0.115,benign,SLC3A1,92.0
Q07837,L92W,0.4109,ambiguous,SLC3A1,92.0
Q07837,L92Y,0.6168,pathogenic,SLC3A1,92.0
Q07837,T93A,0.0757,benign,SLC3A1,93.0
Q07837,T93C,0.3344,benign,SLC3A1,93.0
Q07837,T93D,0.7817,pathogenic,SLC3A1,93.0
Q07837,T93E,0.712,pathogenic,SLC3A1,93.0
Q07837,T93F,0.2212,benign,SLC3A1,93.0
Q07837,T93G,0.2271,benign,SLC3A1,93.0
Q07837,T93H,0.5674,pathogenic,SLC3A1,93.0
Q07837,T93I,0.1023,benign,SLC3A1,93.0
Q07837,T93K,0.6355,pathogenic,SLC3A1,93.0
Q07837,T93L,0.0917,benign,SLC3A1,93.0
Q07837,T93M,0.0829,benign,SLC3A1,93.0
Q07837,T93N,0.2952,benign,SLC3A1,93.0
Q07837,T93P,0.298,benign,SLC3A1,93.0
Q07837,T93Q,0.5707,pathogenic,SLC3A1,93.0
Q07837,T93R,0.5548,ambiguous,SLC3A1,93.0
Q07837,T93S,0.1419,benign,SLC3A1,93.0
Q07837,T93V,0.0965,benign,SLC3A1,93.0
Q07837,T93W,0.598,pathogenic,SLC3A1,93.0
Q07837,T93Y,0.4189,ambiguous,SLC3A1,93.0
Q07837,V94A,0.1235,benign,SLC3A1,94.0
Q07837,V94C,0.6663,pathogenic,SLC3A1,94.0
Q07837,V94D,0.7972,pathogenic,SLC3A1,94.0
Q07837,V94E,0.666,pathogenic,SLC3A1,94.0
Q07837,V94F,0.1449,benign,SLC3A1,94.0
Q07837,V94G,0.1951,benign,SLC3A1,94.0
Q07837,V94H,0.8523,pathogenic,SLC3A1,94.0
Q07837,V94I,0.0742,benign,SLC3A1,94.0
Q07837,V94K,0.7707,pathogenic,SLC3A1,94.0
Q07837,V94L,0.1242,benign,SLC3A1,94.0
Q07837,V94M,0.1097,benign,SLC3A1,94.0
Q07837,V94N,0.5731,pathogenic,SLC3A1,94.0
Q07837,V94P,0.8237,pathogenic,SLC3A1,94.0
Q07837,V94Q,0.685,pathogenic,SLC3A1,94.0
Q07837,V94R,0.7057,pathogenic,SLC3A1,94.0
Q07837,V94S,0.2505,benign,SLC3A1,94.0
Q07837,V94T,0.1643,benign,SLC3A1,94.0
Q07837,V94W,0.7623,pathogenic,SLC3A1,94.0
Q07837,V94Y,0.6566,pathogenic,SLC3A1,94.0
Q07837,A95C,0.3185,benign,SLC3A1,95.0
Q07837,A95D,0.6843,pathogenic,SLC3A1,95.0
Q07837,A95E,0.7023,pathogenic,SLC3A1,95.0
Q07837,A95F,0.1685,benign,SLC3A1,95.0
Q07837,A95G,0.1049,benign,SLC3A1,95.0
Q07837,A95H,0.7772,pathogenic,SLC3A1,95.0
Q07837,A95I,0.1168,benign,SLC3A1,95.0
Q07837,A95K,0.8259,pathogenic,SLC3A1,95.0
Q07837,A95L,0.1133,benign,SLC3A1,95.0
Q07837,A95M,0.1631,benign,SLC3A1,95.0
Q07837,A95N,0.4952,ambiguous,SLC3A1,95.0
Q07837,A95P,0.5057,ambiguous,SLC3A1,95.0
Q07837,A95Q,0.7026,pathogenic,SLC3A1,95.0
Q07837,A95R,0.7701,pathogenic,SLC3A1,95.0
Q07837,A95S,0.1129,benign,SLC3A1,95.0
Q07837,A95T,0.078,benign,SLC3A1,95.0
Q07837,A95V,0.0735,benign,SLC3A1,95.0
Q07837,A95W,0.6702,pathogenic,SLC3A1,95.0
Q07837,A95Y,0.5161,ambiguous,SLC3A1,95.0
Q07837,S96A,0.0498,benign,SLC3A1,96.0
Q07837,S96C,0.0851,benign,SLC3A1,96.0
Q07837,S96D,0.862,pathogenic,SLC3A1,96.0
Q07837,S96E,0.9119,pathogenic,SLC3A1,96.0
Q07837,S96F,0.1619,benign,SLC3A1,96.0
Q07837,S96G,0.0714,benign,SLC3A1,96.0
Q07837,S96H,0.8487,pathogenic,SLC3A1,96.0
Q07837,S96I,0.1622,benign,SLC3A1,96.0
Q07837,S96K,0.9756,pathogenic,SLC3A1,96.0
Q07837,S96L,0.0979,benign,SLC3A1,96.0
Q07837,S96M,0.1981,benign,SLC3A1,96.0
Q07837,S96N,0.5257,ambiguous,SLC3A1,96.0
Q07837,S96P,0.5397,ambiguous,SLC3A1,96.0
Q07837,S96Q,0.9101,pathogenic,SLC3A1,96.0
Q07837,S96R,0.9566,pathogenic,SLC3A1,96.0
Q07837,S96T,0.0825,benign,SLC3A1,96.0
Q07837,S96V,0.1232,benign,SLC3A1,96.0
Q07837,S96W,0.421,ambiguous,SLC3A1,96.0
Q07837,S96Y,0.381,ambiguous,SLC3A1,96.0
Q07837,V97A,0.1453,benign,SLC3A1,97.0
Q07837,V97C,0.6859,pathogenic,SLC3A1,97.0
Q07837,V97D,0.7114,pathogenic,SLC3A1,97.0
Q07837,V97E,0.6821,pathogenic,SLC3A1,97.0
Q07837,V97F,0.156,benign,SLC3A1,97.0
Q07837,V97G,0.1728,benign,SLC3A1,97.0
Q07837,V97H,0.8415,pathogenic,SLC3A1,97.0
Q07837,V97I,0.084,benign,SLC3A1,97.0
Q07837,V97K,0.8361,pathogenic,SLC3A1,97.0
Q07837,V97L,0.2133,benign,SLC3A1,97.0
Q07837,V97M,0.1501,benign,SLC3A1,97.0
Q07837,V97N,0.4672,ambiguous,SLC3A1,97.0
Q07837,V97P,0.7987,pathogenic,SLC3A1,97.0
Q07837,V97Q,0.6855,pathogenic,SLC3A1,97.0
Q07837,V97R,0.7837,pathogenic,SLC3A1,97.0
Q07837,V97S,0.175,benign,SLC3A1,97.0
Q07837,V97T,0.1514,benign,SLC3A1,97.0
Q07837,V97W,0.8403,pathogenic,SLC3A1,97.0
Q07837,V97Y,0.7245,pathogenic,SLC3A1,97.0
Q07837,L98A,0.0991,benign,SLC3A1,98.0
Q07837,L98C,0.2258,benign,SLC3A1,98.0
Q07837,L98D,0.8239,pathogenic,SLC3A1,98.0
Q07837,L98E,0.6994,pathogenic,SLC3A1,98.0
Q07837,L98F,0.0716,benign,SLC3A1,98.0
Q07837,L98G,0.2038,benign,SLC3A1,98.0
Q07837,L98H,0.5325,ambiguous,SLC3A1,98.0
Q07837,L98I,0.0752,benign,SLC3A1,98.0
Q07837,L98K,0.7557,pathogenic,SLC3A1,98.0
Q07837,L98M,0.0963,benign,SLC3A1,98.0
Q07837,L98N,0.5222,ambiguous,SLC3A1,98.0
Q07837,L98P,0.3219,benign,SLC3A1,98.0
Q07837,L98Q,0.4738,ambiguous,SLC3A1,98.0
Q07837,L98R,0.6274,pathogenic,SLC3A1,98.0
Q07837,L98S,0.1497,benign,SLC3A1,98.0
Q07837,L98T,0.115,benign,SLC3A1,98.0
Q07837,L98V,0.0703,benign,SLC3A1,98.0
Q07837,L98W,0.2218,benign,SLC3A1,98.0
Q07837,L98Y,0.4071,ambiguous,SLC3A1,98.0
Q07837,V99A,0.0892,benign,SLC3A1,99.0
Q07837,V99C,0.399,ambiguous,SLC3A1,99.0
Q07837,V99D,0.6384,pathogenic,SLC3A1,99.0
Q07837,V99E,0.6447,pathogenic,SLC3A1,99.0
Q07837,V99F,0.0807,benign,SLC3A1,99.0
Q07837,V99G,0.0938,benign,SLC3A1,99.0
Q07837,V99H,0.7231,pathogenic,SLC3A1,99.0
Q07837,V99I,0.0744,benign,SLC3A1,99.0
Q07837,V99K,0.7234,pathogenic,SLC3A1,99.0
Q07837,V99L,0.0719,benign,SLC3A1,99.0
Q07837,V99M,0.1135,benign,SLC3A1,99.0
Q07837,V99N,0.4388,ambiguous,SLC3A1,99.0
Q07837,V99P,0.4686,ambiguous,SLC3A1,99.0
Q07837,V99Q,0.5977,pathogenic,SLC3A1,99.0
Q07837,V99R,0.6712,pathogenic,SLC3A1,99.0
Q07837,V99S,0.1428,benign,SLC3A1,99.0
Q07837,V99T,0.1287,benign,SLC3A1,99.0
Q07837,V99W,0.578,pathogenic,SLC3A1,99.0
Q07837,V99Y,0.4731,ambiguous,SLC3A1,99.0
Q07837,L100A,0.3964,ambiguous,SLC3A1,100.0
Q07837,L100C,0.595,pathogenic,SLC3A1,100.0
Q07837,L100D,0.9556,pathogenic,SLC3A1,100.0
Q07837,L100E,0.8189,pathogenic,SLC3A1,100.0
Q07837,L100F,0.1549,benign,SLC3A1,100.0
Q07837,L100G,0.5942,pathogenic,SLC3A1,100.0
Q07837,L100H,0.7642,pathogenic,SLC3A1,100.0
Q07837,L100I,0.1315,benign,SLC3A1,100.0
Q07837,L100K,0.8707,pathogenic,SLC3A1,100.0
Q07837,L100M,0.1403,benign,SLC3A1,100.0
Q07837,L100N,0.7946,pathogenic,SLC3A1,100.0
Q07837,L100P,0.6789,pathogenic,SLC3A1,100.0
Q07837,L100Q,0.5647,pathogenic,SLC3A1,100.0
Q07837,L100R,0.7758,pathogenic,SLC3A1,100.0
Q07837,L100S,0.4506,ambiguous,SLC3A1,100.0
Q07837,L100T,0.3977,ambiguous,SLC3A1,100.0
Q07837,L100V,0.1338,benign,SLC3A1,100.0
Q07837,L100W,0.5057,ambiguous,SLC3A1,100.0
Q07837,L100Y,0.7337,pathogenic,SLC3A1,100.0
Q07837,I101A,0.0915,benign,SLC3A1,101.0
Q07837,I101C,0.4623,ambiguous,SLC3A1,101.0
Q07837,I101D,0.8081,pathogenic,SLC3A1,101.0
Q07837,I101E,0.724,pathogenic,SLC3A1,101.0
Q07837,I101F,0.1132,benign,SLC3A1,101.0
Q07837,I101G,0.2918,benign,SLC3A1,101.0
Q07837,I101H,0.7064,pathogenic,SLC3A1,101.0
Q07837,I101K,0.6824,pathogenic,SLC3A1,101.0
Q07837,I101L,0.0828,benign,SLC3A1,101.0
Q07837,I101M,0.0822,benign,SLC3A1,101.0
Q07837,I101N,0.3703,ambiguous,SLC3A1,101.0
Q07837,I101P,0.4533,ambiguous,SLC3A1,101.0
Q07837,I101Q,0.6151,pathogenic,SLC3A1,101.0
Q07837,I101R,0.57,pathogenic,SLC3A1,101.0
Q07837,I101S,0.1337,benign,SLC3A1,101.0
Q07837,I101T,0.0543,benign,SLC3A1,101.0
Q07837,I101V,0.07,benign,SLC3A1,101.0
Q07837,I101W,0.6966,pathogenic,SLC3A1,101.0
Q07837,I101Y,0.5957,pathogenic,SLC3A1,101.0
Q07837,A102C,0.2416,benign,SLC3A1,102.0
Q07837,A102D,0.6567,pathogenic,SLC3A1,102.0
Q07837,A102E,0.6751,pathogenic,SLC3A1,102.0
Q07837,A102F,0.1819,benign,SLC3A1,102.0
Q07837,A102G,0.0725,benign,SLC3A1,102.0
Q07837,A102H,0.7555,pathogenic,SLC3A1,102.0
Q07837,A102I,0.1479,benign,SLC3A1,102.0
Q07837,A102K,0.8201,pathogenic,SLC3A1,102.0
Q07837,A102L,0.1242,benign,SLC3A1,102.0
Q07837,A102M,0.1757,benign,SLC3A1,102.0
Q07837,A102N,0.511,ambiguous,SLC3A1,102.0
Q07837,A102P,0.4225,ambiguous,SLC3A1,102.0
Q07837,A102Q,0.6953,pathogenic,SLC3A1,102.0
Q07837,A102R,0.741,pathogenic,SLC3A1,102.0
Q07837,A102S,0.1051,benign,SLC3A1,102.0
Q07837,A102T,0.0743,benign,SLC3A1,102.0
Q07837,A102V,0.0866,benign,SLC3A1,102.0
Q07837,A102W,0.5376,ambiguous,SLC3A1,102.0
Q07837,A102Y,0.4859,ambiguous,SLC3A1,102.0
Q07837,A103C,0.3245,benign,SLC3A1,103.0
Q07837,A103D,0.6293,pathogenic,SLC3A1,103.0
Q07837,A103E,0.6195,pathogenic,SLC3A1,103.0
Q07837,A103F,0.1726,benign,SLC3A1,103.0
Q07837,A103G,0.1038,benign,SLC3A1,103.0
Q07837,A103H,0.7555,pathogenic,SLC3A1,103.0
Q07837,A103I,0.1294,benign,SLC3A1,103.0
Q07837,A103K,0.7903,pathogenic,SLC3A1,103.0
Q07837,A103L,0.1179,benign,SLC3A1,103.0
Q07837,A103M,0.1413,benign,SLC3A1,103.0
Q07837,A103N,0.4566,ambiguous,SLC3A1,103.0
Q07837,A103P,0.6659,pathogenic,SLC3A1,103.0
Q07837,A103Q,0.6495,pathogenic,SLC3A1,103.0
Q07837,A103R,0.7323,pathogenic,SLC3A1,103.0
Q07837,A103S,0.1097,benign,SLC3A1,103.0
Q07837,A103T,0.0756,benign,SLC3A1,103.0
Q07837,A103V,0.0805,benign,SLC3A1,103.0
Q07837,A103W,0.5913,pathogenic,SLC3A1,103.0
Q07837,A103Y,0.489,ambiguous,SLC3A1,103.0
Q07837,T104A,0.1068,benign,SLC3A1,104.0
Q07837,T104C,0.5799,pathogenic,SLC3A1,104.0
Q07837,T104D,0.8469,pathogenic,SLC3A1,104.0
Q07837,T104E,0.833,pathogenic,SLC3A1,104.0
Q07837,T104F,0.5817,pathogenic,SLC3A1,104.0
Q07837,T104G,0.343,ambiguous,SLC3A1,104.0
Q07837,T104H,0.8044,pathogenic,SLC3A1,104.0
Q07837,T104I,0.4366,ambiguous,SLC3A1,104.0
Q07837,T104K,0.8428,pathogenic,SLC3A1,104.0
Q07837,T104L,0.2953,benign,SLC3A1,104.0
Q07837,T104M,0.1752,benign,SLC3A1,104.0
Q07837,T104N,0.427,ambiguous,SLC3A1,104.0
Q07837,T104P,0.4118,ambiguous,SLC3A1,104.0
Q07837,T104Q,0.7487,pathogenic,SLC3A1,104.0
Q07837,T104R,0.7794,pathogenic,SLC3A1,104.0
Q07837,T104S,0.1758,benign,SLC3A1,104.0
Q07837,T104V,0.2562,benign,SLC3A1,104.0
Q07837,T104W,0.8954,pathogenic,SLC3A1,104.0
Q07837,T104Y,0.8009,pathogenic,SLC3A1,104.0
Q07837,I105A,0.0861,benign,SLC3A1,105.0
Q07837,I105C,0.4898,ambiguous,SLC3A1,105.0
Q07837,I105D,0.7912,pathogenic,SLC3A1,105.0
Q07837,I105E,0.7319,pathogenic,SLC3A1,105.0
Q07837,I105F,0.1074,benign,SLC3A1,105.0
Q07837,I105G,0.236,benign,SLC3A1,105.0
Q07837,I105H,0.722,pathogenic,SLC3A1,105.0
Q07837,I105K,0.679,pathogenic,SLC3A1,105.0
Q07837,I105L,0.0993,benign,SLC3A1,105.0
Q07837,I105M,0.0861,benign,SLC3A1,105.0
Q07837,I105N,0.4199,ambiguous,SLC3A1,105.0
Q07837,I105P,0.6127,pathogenic,SLC3A1,105.0
Q07837,I105Q,0.6597,pathogenic,SLC3A1,105.0
Q07837,I105R,0.5512,ambiguous,SLC3A1,105.0
Q07837,I105S,0.1573,benign,SLC3A1,105.0
Q07837,I105T,0.0774,benign,SLC3A1,105.0
Q07837,I105V,0.0527,benign,SLC3A1,105.0
Q07837,I105W,0.6746,pathogenic,SLC3A1,105.0
Q07837,I105Y,0.5298,ambiguous,SLC3A1,105.0
Q07837,A106C,0.3623,ambiguous,SLC3A1,106.0
Q07837,A106D,0.6039,pathogenic,SLC3A1,106.0
Q07837,A106E,0.6099,pathogenic,SLC3A1,106.0
Q07837,A106F,0.2042,benign,SLC3A1,106.0
Q07837,A106G,0.106,benign,SLC3A1,106.0
Q07837,A106H,0.6718,pathogenic,SLC3A1,106.0
Q07837,A106I,0.1772,benign,SLC3A1,106.0
Q07837,A106K,0.6995,pathogenic,SLC3A1,106.0
Q07837,A106L,0.1509,benign,SLC3A1,106.0
Q07837,A106M,0.1849,benign,SLC3A1,106.0
Q07837,A106N,0.4438,ambiguous,SLC3A1,106.0
Q07837,A106P,0.4955,ambiguous,SLC3A1,106.0
Q07837,A106Q,0.6021,pathogenic,SLC3A1,106.0
Q07837,A106R,0.625,pathogenic,SLC3A1,106.0
Q07837,A106S,0.105,benign,SLC3A1,106.0
Q07837,A106T,0.0695,benign,SLC3A1,106.0
Q07837,A106V,0.1014,benign,SLC3A1,106.0
Q07837,A106W,0.6015,pathogenic,SLC3A1,106.0
Q07837,A106Y,0.4647,ambiguous,SLC3A1,106.0
Q07837,I107A,0.2793,benign,SLC3A1,107.0
Q07837,I107C,0.6833,pathogenic,SLC3A1,107.0
Q07837,I107D,0.8724,pathogenic,SLC3A1,107.0
Q07837,I107E,0.8025,pathogenic,SLC3A1,107.0
Q07837,I107F,0.1688,benign,SLC3A1,107.0
Q07837,I107G,0.5479,ambiguous,SLC3A1,107.0
Q07837,I107H,0.8132,pathogenic,SLC3A1,107.0
Q07837,I107K,0.7438,pathogenic,SLC3A1,107.0
Q07837,I107L,0.1032,benign,SLC3A1,107.0
Q07837,I107M,0.1159,benign,SLC3A1,107.0
Q07837,I107N,0.4822,ambiguous,SLC3A1,107.0
Q07837,I107P,0.8683,pathogenic,SLC3A1,107.0
Q07837,I107Q,0.7406,pathogenic,SLC3A1,107.0
Q07837,I107R,0.6488,pathogenic,SLC3A1,107.0
Q07837,I107S,0.3366,benign,SLC3A1,107.0
Q07837,I107T,0.2745,benign,SLC3A1,107.0
Q07837,I107V,0.0654,benign,SLC3A1,107.0
Q07837,I107W,0.7986,pathogenic,SLC3A1,107.0
Q07837,I107Y,0.6505,pathogenic,SLC3A1,107.0
Q07837,I108A,0.2262,benign,SLC3A1,108.0
Q07837,I108C,0.8101,pathogenic,SLC3A1,108.0
Q07837,I108D,0.9268,pathogenic,SLC3A1,108.0
Q07837,I108E,0.8511,pathogenic,SLC3A1,108.0
Q07837,I108F,0.1839,benign,SLC3A1,108.0
Q07837,I108G,0.6381,pathogenic,SLC3A1,108.0
Q07837,I108H,0.8197,pathogenic,SLC3A1,108.0
Q07837,I108K,0.7306,pathogenic,SLC3A1,108.0
Q07837,I108L,0.1468,benign,SLC3A1,108.0
Q07837,I108M,0.1378,benign,SLC3A1,108.0
Q07837,I108N,0.6145,pathogenic,SLC3A1,108.0
Q07837,I108P,0.7182,pathogenic,SLC3A1,108.0
Q07837,I108Q,0.7633,pathogenic,SLC3A1,108.0
Q07837,I108R,0.6062,pathogenic,SLC3A1,108.0
Q07837,I108S,0.3226,benign,SLC3A1,108.0
Q07837,I108T,0.133,benign,SLC3A1,108.0
Q07837,I108V,0.0819,benign,SLC3A1,108.0
Q07837,I108W,0.8257,pathogenic,SLC3A1,108.0
Q07837,I108Y,0.7234,pathogenic,SLC3A1,108.0
Q07837,A109C,0.3768,ambiguous,SLC3A1,109.0
Q07837,A109D,0.4965,ambiguous,SLC3A1,109.0
Q07837,A109E,0.4592,ambiguous,SLC3A1,109.0
Q07837,A109F,0.1414,benign,SLC3A1,109.0
Q07837,A109G,0.1173,benign,SLC3A1,109.0
Q07837,A109H,0.4995,ambiguous,SLC3A1,109.0
Q07837,A109I,0.1048,benign,SLC3A1,109.0
Q07837,A109K,0.5148,ambiguous,SLC3A1,109.0
Q07837,A109L,0.0964,benign,SLC3A1,109.0
Q07837,A109M,0.1573,benign,SLC3A1,109.0
Q07837,A109N,0.3386,benign,SLC3A1,109.0
Q07837,A109P,0.3982,ambiguous,SLC3A1,109.0
Q07837,A109Q,0.4414,ambiguous,SLC3A1,109.0
Q07837,A109R,0.4176,ambiguous,SLC3A1,109.0
Q07837,A109S,0.0972,benign,SLC3A1,109.0
Q07837,A109T,0.0895,benign,SLC3A1,109.0
Q07837,A109V,0.0672,benign,SLC3A1,109.0
Q07837,A109W,0.4999,ambiguous,SLC3A1,109.0
Q07837,A109Y,0.3286,benign,SLC3A1,109.0
Q07837,L110A,0.1095,benign,SLC3A1,110.0
Q07837,L110C,0.3014,benign,SLC3A1,110.0
Q07837,L110D,0.4485,ambiguous,SLC3A1,110.0
Q07837,L110E,0.2998,benign,SLC3A1,110.0
Q07837,L110F,0.0763,benign,SLC3A1,110.0
Q07837,L110G,0.211,benign,SLC3A1,110.0
Q07837,L110H,0.1861,benign,SLC3A1,110.0
Q07837,L110I,0.0655,benign,SLC3A1,110.0
Q07837,L110K,0.1965,benign,SLC3A1,110.0
Q07837,L110M,0.0935,benign,SLC3A1,110.0
Q07837,L110N,0.2077,benign,SLC3A1,110.0
Q07837,L110P,0.3509,ambiguous,SLC3A1,110.0
Q07837,L110Q,0.1494,benign,SLC3A1,110.0
Q07837,L110R,0.1321,benign,SLC3A1,110.0
Q07837,L110S,0.123,benign,SLC3A1,110.0
Q07837,L110T,0.1226,benign,SLC3A1,110.0
Q07837,L110V,0.0649,benign,SLC3A1,110.0
Q07837,L110W,0.1495,benign,SLC3A1,110.0
Q07837,L110Y,0.1973,benign,SLC3A1,110.0
Q07837,S111A,0.1542,benign,SLC3A1,111.0
Q07837,S111C,0.3705,ambiguous,SLC3A1,111.0
Q07837,S111D,0.9319,pathogenic,SLC3A1,111.0
Q07837,S111E,0.9062,pathogenic,SLC3A1,111.0
Q07837,S111F,0.404,ambiguous,SLC3A1,111.0
Q07837,S111G,0.2662,benign,SLC3A1,111.0
Q07837,S111H,0.7538,pathogenic,SLC3A1,111.0
Q07837,S111I,0.4516,ambiguous,SLC3A1,111.0
Q07837,S111K,0.9592,pathogenic,SLC3A1,111.0
Q07837,S111L,0.2044,benign,SLC3A1,111.0
Q07837,S111M,0.4846,ambiguous,SLC3A1,111.0
Q07837,S111N,0.7046,pathogenic,SLC3A1,111.0
Q07837,S111P,0.5006,ambiguous,SLC3A1,111.0
Q07837,S111Q,0.8361,pathogenic,SLC3A1,111.0
Q07837,S111R,0.9255,pathogenic,SLC3A1,111.0
Q07837,S111T,0.2067,benign,SLC3A1,111.0
Q07837,S111V,0.421,ambiguous,SLC3A1,111.0
Q07837,S111W,0.5179,ambiguous,SLC3A1,111.0
Q07837,S111Y,0.4024,ambiguous,SLC3A1,111.0
Q07837,P112A,0.4231,ambiguous,SLC3A1,112.0
Q07837,P112C,0.9512,pathogenic,SLC3A1,112.0
Q07837,P112D,0.9136,pathogenic,SLC3A1,112.0
Q07837,P112E,0.7648,pathogenic,SLC3A1,112.0
Q07837,P112F,0.9391,pathogenic,SLC3A1,112.0
Q07837,P112G,0.7817,pathogenic,SLC3A1,112.0
Q07837,P112H,0.7049,pathogenic,SLC3A1,112.0
Q07837,P112I,0.866,pathogenic,SLC3A1,112.0
Q07837,P112K,0.7853,pathogenic,SLC3A1,112.0
Q07837,P112L,0.5701,pathogenic,SLC3A1,112.0
Q07837,P112M,0.8743,pathogenic,SLC3A1,112.0
Q07837,P112N,0.8858,pathogenic,SLC3A1,112.0
Q07837,P112Q,0.5864,pathogenic,SLC3A1,112.0
Q07837,P112R,0.5612,ambiguous,SLC3A1,112.0
Q07837,P112S,0.5194,ambiguous,SLC3A1,112.0
Q07837,P112T,0.507,ambiguous,SLC3A1,112.0
Q07837,P112V,0.7388,pathogenic,SLC3A1,112.0
Q07837,P112W,0.9375,pathogenic,SLC3A1,112.0
Q07837,P112Y,0.9193,pathogenic,SLC3A1,112.0
Q07837,K113A,0.2729,benign,SLC3A1,113.0
Q07837,K113C,0.7784,pathogenic,SLC3A1,113.0
Q07837,K113D,0.4985,ambiguous,SLC3A1,113.0
Q07837,K113E,0.1593,benign,SLC3A1,113.0
Q07837,K113F,0.7221,pathogenic,SLC3A1,113.0
Q07837,K113G,0.3028,benign,SLC3A1,113.0
Q07837,K113H,0.2934,benign,SLC3A1,113.0
Q07837,K113I,0.374,ambiguous,SLC3A1,113.0
Q07837,K113L,0.357,ambiguous,SLC3A1,113.0
Q07837,K113M,0.3465,ambiguous,SLC3A1,113.0
Q07837,K113N,0.4117,ambiguous,SLC3A1,113.0
Q07837,K113P,0.3422,ambiguous,SLC3A1,113.0
Q07837,K113Q,0.1344,benign,SLC3A1,113.0
Q07837,K113R,0.0666,benign,SLC3A1,113.0
Q07837,K113S,0.3146,benign,SLC3A1,113.0
Q07837,K113T,0.1911,benign,SLC3A1,113.0
Q07837,K113V,0.3223,benign,SLC3A1,113.0
Q07837,K113W,0.6931,pathogenic,SLC3A1,113.0
Q07837,K113Y,0.5723,pathogenic,SLC3A1,113.0
Q07837,C114A,0.9325,pathogenic,SLC3A1,114.0
Q07837,C114D,0.9382,pathogenic,SLC3A1,114.0
Q07837,C114E,0.9626,pathogenic,SLC3A1,114.0
Q07837,C114F,0.7509,pathogenic,SLC3A1,114.0
Q07837,C114G,0.6924,pathogenic,SLC3A1,114.0
Q07837,C114H,0.9258,pathogenic,SLC3A1,114.0
Q07837,C114I,0.9418,pathogenic,SLC3A1,114.0
Q07837,C114K,0.9732,pathogenic,SLC3A1,114.0
Q07837,C114L,0.9125,pathogenic,SLC3A1,114.0
Q07837,C114M,0.9472,pathogenic,SLC3A1,114.0
Q07837,C114N,0.9198,pathogenic,SLC3A1,114.0
Q07837,C114P,0.9526,pathogenic,SLC3A1,114.0
Q07837,C114Q,0.9522,pathogenic,SLC3A1,114.0
Q07837,C114R,0.8975,pathogenic,SLC3A1,114.0
Q07837,C114S,0.9018,pathogenic,SLC3A1,114.0
Q07837,C114T,0.9508,pathogenic,SLC3A1,114.0
Q07837,C114V,0.9279,pathogenic,SLC3A1,114.0
Q07837,C114W,0.8877,pathogenic,SLC3A1,114.0
Q07837,C114Y,0.7865,pathogenic,SLC3A1,114.0
Q07837,L115A,0.3375,benign,SLC3A1,115.0
Q07837,L115C,0.7944,pathogenic,SLC3A1,115.0
Q07837,L115D,0.7843,pathogenic,SLC3A1,115.0
Q07837,L115E,0.4149,ambiguous,SLC3A1,115.0
Q07837,L115F,0.2215,benign,SLC3A1,115.0
Q07837,L115G,0.5883,pathogenic,SLC3A1,115.0
Q07837,L115H,0.3424,ambiguous,SLC3A1,115.0
Q07837,L115I,0.1608,benign,SLC3A1,115.0
Q07837,L115K,0.2655,benign,SLC3A1,115.0
Q07837,L115M,0.1374,benign,SLC3A1,115.0
Q07837,L115N,0.5514,ambiguous,SLC3A1,115.0
Q07837,L115P,0.324,benign,SLC3A1,115.0
Q07837,L115Q,0.1861,benign,SLC3A1,115.0
Q07837,L115R,0.1731,benign,SLC3A1,115.0
Q07837,L115S,0.3444,ambiguous,SLC3A1,115.0
Q07837,L115T,0.2803,benign,SLC3A1,115.0
Q07837,L115V,0.1452,benign,SLC3A1,115.0
Q07837,L115W,0.2938,benign,SLC3A1,115.0
Q07837,L115Y,0.4974,ambiguous,SLC3A1,115.0
Q07837,D116A,0.0894,benign,SLC3A1,116.0
Q07837,D116C,0.5995,pathogenic,SLC3A1,116.0
Q07837,D116E,0.1303,benign,SLC3A1,116.0
Q07837,D116F,0.4328,ambiguous,SLC3A1,116.0
Q07837,D116G,0.0848,benign,SLC3A1,116.0
Q07837,D116H,0.16,benign,SLC3A1,116.0
Q07837,D116I,0.2972,benign,SLC3A1,116.0
Q07837,D116K,0.2125,benign,SLC3A1,116.0
Q07837,D116L,0.2303,benign,SLC3A1,116.0
Q07837,D116M,0.5195,ambiguous,SLC3A1,116.0
Q07837,D116N,0.09,benign,SLC3A1,116.0
Q07837,D116P,0.3483,ambiguous,SLC3A1,116.0
Q07837,D116Q,0.1896,benign,SLC3A1,116.0
Q07837,D116R,0.1985,benign,SLC3A1,116.0
Q07837,D116S,0.0786,benign,SLC3A1,116.0
Q07837,D116T,0.1769,benign,SLC3A1,116.0
Q07837,D116V,0.1656,benign,SLC3A1,116.0
Q07837,D116W,0.7467,pathogenic,SLC3A1,116.0
Q07837,D116Y,0.1459,benign,SLC3A1,116.0
Q07837,W117A,0.9076,pathogenic,SLC3A1,117.0
Q07837,W117C,0.9805,pathogenic,SLC3A1,117.0
Q07837,W117D,0.9715,pathogenic,SLC3A1,117.0
Q07837,W117E,0.9796,pathogenic,SLC3A1,117.0
Q07837,W117F,0.6029,pathogenic,SLC3A1,117.0
Q07837,W117G,0.7645,pathogenic,SLC3A1,117.0
Q07837,W117H,0.9478,pathogenic,SLC3A1,117.0
Q07837,W117I,0.9313,pathogenic,SLC3A1,117.0
Q07837,W117K,0.9829,pathogenic,SLC3A1,117.0
Q07837,W117L,0.8466,pathogenic,SLC3A1,117.0
Q07837,W117M,0.9562,pathogenic,SLC3A1,117.0
Q07837,W117N,0.9694,pathogenic,SLC3A1,117.0
Q07837,W117P,0.9613,pathogenic,SLC3A1,117.0
Q07837,W117Q,0.9792,pathogenic,SLC3A1,117.0
Q07837,W117R,0.9601,pathogenic,SLC3A1,117.0
Q07837,W117S,0.7753,pathogenic,SLC3A1,117.0
Q07837,W117T,0.8834,pathogenic,SLC3A1,117.0
Q07837,W117V,0.9162,pathogenic,SLC3A1,117.0
Q07837,W117Y,0.827,pathogenic,SLC3A1,117.0
Q07837,W118A,0.9585,pathogenic,SLC3A1,118.0
Q07837,W118C,0.99,pathogenic,SLC3A1,118.0
Q07837,W118D,0.9922,pathogenic,SLC3A1,118.0
Q07837,W118E,0.9859,pathogenic,SLC3A1,118.0
Q07837,W118F,0.6512,pathogenic,SLC3A1,118.0
Q07837,W118G,0.8679,pathogenic,SLC3A1,118.0
Q07837,W118H,0.9468,pathogenic,SLC3A1,118.0
Q07837,W118I,0.9644,pathogenic,SLC3A1,118.0
Q07837,W118K,0.9906,pathogenic,SLC3A1,118.0
Q07837,W118L,0.8984,pathogenic,SLC3A1,118.0
Q07837,W118M,0.9697,pathogenic,SLC3A1,118.0
Q07837,W118N,0.9862,pathogenic,SLC3A1,118.0
Q07837,W118P,0.9847,pathogenic,SLC3A1,118.0
Q07837,W118Q,0.984,pathogenic,SLC3A1,118.0
Q07837,W118R,0.9804,pathogenic,SLC3A1,118.0
Q07837,W118S,0.9046,pathogenic,SLC3A1,118.0
Q07837,W118T,0.9705,pathogenic,SLC3A1,118.0
Q07837,W118V,0.9589,pathogenic,SLC3A1,118.0
Q07837,W118Y,0.7765,pathogenic,SLC3A1,118.0
Q07837,Q119A,0.6524,pathogenic,SLC3A1,119.0
Q07837,Q119C,0.9771,pathogenic,SLC3A1,119.0
Q07837,Q119D,0.954,pathogenic,SLC3A1,119.0
Q07837,Q119E,0.1577,benign,SLC3A1,119.0
Q07837,Q119F,0.9848,pathogenic,SLC3A1,119.0
Q07837,Q119G,0.7535,pathogenic,SLC3A1,119.0
Q07837,Q119H,0.8104,pathogenic,SLC3A1,119.0
Q07837,Q119I,0.9072,pathogenic,SLC3A1,119.0
Q07837,Q119K,0.1536,benign,SLC3A1,119.0
Q07837,Q119L,0.621,pathogenic,SLC3A1,119.0
Q07837,Q119M,0.7656,pathogenic,SLC3A1,119.0
Q07837,Q119N,0.8946,pathogenic,SLC3A1,119.0
Q07837,Q119P,0.8742,pathogenic,SLC3A1,119.0
Q07837,Q119R,0.2102,benign,SLC3A1,119.0
Q07837,Q119S,0.8277,pathogenic,SLC3A1,119.0
Q07837,Q119T,0.8145,pathogenic,SLC3A1,119.0
Q07837,Q119V,0.8092,pathogenic,SLC3A1,119.0
Q07837,Q119W,0.9577,pathogenic,SLC3A1,119.0
Q07837,Q119Y,0.9471,pathogenic,SLC3A1,119.0
Q07837,E120A,0.0609,benign,SLC3A1,120.0
Q07837,E120C,0.6466,pathogenic,SLC3A1,120.0
Q07837,E120D,0.1204,benign,SLC3A1,120.0
Q07837,E120F,0.4177,ambiguous,SLC3A1,120.0
Q07837,E120G,0.0963,benign,SLC3A1,120.0
Q07837,E120H,0.2151,benign,SLC3A1,120.0
Q07837,E120I,0.1905,benign,SLC3A1,120.0
Q07837,E120K,0.0732,benign,SLC3A1,120.0
Q07837,E120L,0.1911,benign,SLC3A1,120.0
Q07837,E120M,0.2325,benign,SLC3A1,120.0
Q07837,E120N,0.1399,benign,SLC3A1,120.0
Q07837,E120P,0.6313,pathogenic,SLC3A1,120.0
Q07837,E120Q,0.0828,benign,SLC3A1,120.0
Q07837,E120R,0.1004,benign,SLC3A1,120.0
Q07837,E120S,0.0855,benign,SLC3A1,120.0
Q07837,E120T,0.0943,benign,SLC3A1,120.0
Q07837,E120V,0.1195,benign,SLC3A1,120.0
Q07837,E120W,0.6138,pathogenic,SLC3A1,120.0
Q07837,E120Y,0.3185,benign,SLC3A1,120.0
Q07837,G121A,0.1403,benign,SLC3A1,121.0
Q07837,G121C,0.3339,benign,SLC3A1,121.0
Q07837,G121D,0.3965,ambiguous,SLC3A1,121.0
Q07837,G121E,0.2763,benign,SLC3A1,121.0
Q07837,G121F,0.6487,pathogenic,SLC3A1,121.0
Q07837,G121H,0.5425,ambiguous,SLC3A1,121.0
Q07837,G121I,0.3897,ambiguous,SLC3A1,121.0
Q07837,G121K,0.5086,ambiguous,SLC3A1,121.0
Q07837,G121L,0.5495,ambiguous,SLC3A1,121.0
Q07837,G121M,0.5204,ambiguous,SLC3A1,121.0
Q07837,G121N,0.3871,ambiguous,SLC3A1,121.0
Q07837,G121P,0.9475,pathogenic,SLC3A1,121.0
Q07837,G121Q,0.414,ambiguous,SLC3A1,121.0
Q07837,G121R,0.4227,ambiguous,SLC3A1,121.0
Q07837,G121S,0.1011,benign,SLC3A1,121.0
Q07837,G121T,0.175,benign,SLC3A1,121.0
Q07837,G121V,0.2632,benign,SLC3A1,121.0
Q07837,G121W,0.5877,pathogenic,SLC3A1,121.0
Q07837,G121Y,0.5165,ambiguous,SLC3A1,121.0
Q07837,P122A,0.0992,benign,SLC3A1,122.0
Q07837,P122C,0.6001,pathogenic,SLC3A1,122.0
Q07837,P122D,0.8082,pathogenic,SLC3A1,122.0
Q07837,P122E,0.6271,pathogenic,SLC3A1,122.0
Q07837,P122F,0.6347,pathogenic,SLC3A1,122.0
Q07837,P122G,0.4469,ambiguous,SLC3A1,122.0
Q07837,P122H,0.3627,ambiguous,SLC3A1,122.0
Q07837,P122I,0.3048,benign,SLC3A1,122.0
Q07837,P122K,0.6041,pathogenic,SLC3A1,122.0
Q07837,P122L,0.1714,benign,SLC3A1,122.0
Q07837,P122M,0.402,ambiguous,SLC3A1,122.0
Q07837,P122N,0.5097,ambiguous,SLC3A1,122.0
Q07837,P122Q,0.3182,benign,SLC3A1,122.0
Q07837,P122R,0.417,ambiguous,SLC3A1,122.0
Q07837,P122S,0.1727,benign,SLC3A1,122.0
Q07837,P122T,0.138,benign,SLC3A1,122.0
Q07837,P122V,0.2267,benign,SLC3A1,122.0
Q07837,P122W,0.8108,pathogenic,SLC3A1,122.0
Q07837,P122Y,0.6529,pathogenic,SLC3A1,122.0
Q07837,M123A,0.3909,ambiguous,SLC3A1,123.0
Q07837,M123C,0.8124,pathogenic,SLC3A1,123.0
Q07837,M123D,0.9579,pathogenic,SLC3A1,123.0
Q07837,M123E,0.7707,pathogenic,SLC3A1,123.0
Q07837,M123F,0.3095,benign,SLC3A1,123.0
Q07837,M123G,0.7458,pathogenic,SLC3A1,123.0
Q07837,M123H,0.7752,pathogenic,SLC3A1,123.0
Q07837,M123I,0.1574,benign,SLC3A1,123.0
Q07837,M123K,0.5423,ambiguous,SLC3A1,123.0
Q07837,M123L,0.0989,benign,SLC3A1,123.0
Q07837,M123N,0.7859,pathogenic,SLC3A1,123.0
Q07837,M123P,0.9202,pathogenic,SLC3A1,123.0
Q07837,M123Q,0.5338,ambiguous,SLC3A1,123.0
Q07837,M123R,0.5191,ambiguous,SLC3A1,123.0
Q07837,M123S,0.5522,ambiguous,SLC3A1,123.0
Q07837,M123T,0.2635,benign,SLC3A1,123.0
Q07837,M123V,0.0575,benign,SLC3A1,123.0
Q07837,M123W,0.7882,pathogenic,SLC3A1,123.0
Q07837,M123Y,0.7443,pathogenic,SLC3A1,123.0
Q07837,Y124A,0.9572,pathogenic,SLC3A1,124.0
Q07837,Y124C,0.7863,pathogenic,SLC3A1,124.0
Q07837,Y124D,0.9624,pathogenic,SLC3A1,124.0
Q07837,Y124E,0.9843,pathogenic,SLC3A1,124.0
Q07837,Y124F,0.375,ambiguous,SLC3A1,124.0
Q07837,Y124G,0.9151,pathogenic,SLC3A1,124.0
Q07837,Y124H,0.904,pathogenic,SLC3A1,124.0
Q07837,Y124I,0.8617,pathogenic,SLC3A1,124.0
Q07837,Y124K,0.9874,pathogenic,SLC3A1,124.0
Q07837,Y124L,0.625,pathogenic,SLC3A1,124.0
Q07837,Y124M,0.9188,pathogenic,SLC3A1,124.0
Q07837,Y124N,0.8579,pathogenic,SLC3A1,124.0
Q07837,Y124P,0.9828,pathogenic,SLC3A1,124.0
Q07837,Y124Q,0.9771,pathogenic,SLC3A1,124.0
Q07837,Y124R,0.9706,pathogenic,SLC3A1,124.0
Q07837,Y124S,0.8875,pathogenic,SLC3A1,124.0
Q07837,Y124T,0.9537,pathogenic,SLC3A1,124.0
Q07837,Y124V,0.774,pathogenic,SLC3A1,124.0
Q07837,Y124W,0.8406,pathogenic,SLC3A1,124.0
Q07837,Q125A,0.4549,ambiguous,SLC3A1,125.0
Q07837,Q125C,0.7594,pathogenic,SLC3A1,125.0
Q07837,Q125D,0.8594,pathogenic,SLC3A1,125.0
Q07837,Q125E,0.1317,benign,SLC3A1,125.0
Q07837,Q125F,0.8679,pathogenic,SLC3A1,125.0
Q07837,Q125G,0.5452,ambiguous,SLC3A1,125.0
Q07837,Q125H,0.4174,ambiguous,SLC3A1,125.0
Q07837,Q125I,0.5863,pathogenic,SLC3A1,125.0
Q07837,Q125K,0.1674,benign,SLC3A1,125.0
Q07837,Q125L,0.3167,benign,SLC3A1,125.0
Q07837,Q125M,0.5055,ambiguous,SLC3A1,125.0
Q07837,Q125N,0.645,pathogenic,SLC3A1,125.0
Q07837,Q125P,0.8029,pathogenic,SLC3A1,125.0
Q07837,Q125R,0.1504,benign,SLC3A1,125.0
Q07837,Q125S,0.5396,ambiguous,SLC3A1,125.0
Q07837,Q125T,0.475,ambiguous,SLC3A1,125.0
Q07837,Q125V,0.4763,ambiguous,SLC3A1,125.0
Q07837,Q125W,0.7592,pathogenic,SLC3A1,125.0
Q07837,Q125Y,0.7394,pathogenic,SLC3A1,125.0
Q07837,I126A,0.8773,pathogenic,SLC3A1,126.0
Q07837,I126C,0.925,pathogenic,SLC3A1,126.0
Q07837,I126D,0.9902,pathogenic,SLC3A1,126.0
Q07837,I126E,0.9792,pathogenic,SLC3A1,126.0
Q07837,I126F,0.46,ambiguous,SLC3A1,126.0
Q07837,I126G,0.9683,pathogenic,SLC3A1,126.0
Q07837,I126H,0.9742,pathogenic,SLC3A1,126.0
Q07837,I126K,0.9591,pathogenic,SLC3A1,126.0
Q07837,I126L,0.215,benign,SLC3A1,126.0
Q07837,I126M,0.2672,benign,SLC3A1,126.0
Q07837,I126N,0.8981,pathogenic,SLC3A1,126.0
Q07837,I126P,0.9734,pathogenic,SLC3A1,126.0
Q07837,I126Q,0.9681,pathogenic,SLC3A1,126.0
Q07837,I126R,0.9454,pathogenic,SLC3A1,126.0
Q07837,I126S,0.8922,pathogenic,SLC3A1,126.0
Q07837,I126T,0.8417,pathogenic,SLC3A1,126.0
Q07837,I126V,0.103,benign,SLC3A1,126.0
Q07837,I126W,0.9732,pathogenic,SLC3A1,126.0
Q07837,I126Y,0.8989,pathogenic,SLC3A1,126.0
Q07837,Y127A,0.742,pathogenic,SLC3A1,127.0
Q07837,Y127C,0.3651,ambiguous,SLC3A1,127.0
Q07837,Y127D,0.6683,pathogenic,SLC3A1,127.0
Q07837,Y127E,0.8865,pathogenic,SLC3A1,127.0
Q07837,Y127F,0.1478,benign,SLC3A1,127.0
Q07837,Y127G,0.8222,pathogenic,SLC3A1,127.0
Q07837,Y127H,0.4535,ambiguous,SLC3A1,127.0
Q07837,Y127I,0.6746,pathogenic,SLC3A1,127.0
Q07837,Y127K,0.9389,pathogenic,SLC3A1,127.0
Q07837,Y127L,0.5773,pathogenic,SLC3A1,127.0
Q07837,Y127M,0.803,pathogenic,SLC3A1,127.0
Q07837,Y127N,0.4748,ambiguous,SLC3A1,127.0
Q07837,Y127P,0.9201,pathogenic,SLC3A1,127.0
Q07837,Y127Q,0.8234,pathogenic,SLC3A1,127.0
Q07837,Y127R,0.8404,pathogenic,SLC3A1,127.0
Q07837,Y127S,0.3585,ambiguous,SLC3A1,127.0
Q07837,Y127T,0.7333,pathogenic,SLC3A1,127.0
Q07837,Y127V,0.6283,pathogenic,SLC3A1,127.0
Q07837,Y127W,0.641,pathogenic,SLC3A1,127.0
Q07837,P128A,0.2144,benign,SLC3A1,128.0
Q07837,P128C,0.6688,pathogenic,SLC3A1,128.0
Q07837,P128D,0.9795,pathogenic,SLC3A1,128.0
Q07837,P128E,0.9089,pathogenic,SLC3A1,128.0
Q07837,P128F,0.8701,pathogenic,SLC3A1,128.0
Q07837,P128G,0.7937,pathogenic,SLC3A1,128.0
Q07837,P128H,0.7987,pathogenic,SLC3A1,128.0
Q07837,P128I,0.309,benign,SLC3A1,128.0
Q07837,P128K,0.9218,pathogenic,SLC3A1,128.0
Q07837,P128L,0.1443,benign,SLC3A1,128.0
Q07837,P128M,0.5174,ambiguous,SLC3A1,128.0
Q07837,P128N,0.8877,pathogenic,SLC3A1,128.0
Q07837,P128Q,0.7305,pathogenic,SLC3A1,128.0
Q07837,P128R,0.8289,pathogenic,SLC3A1,128.0
Q07837,P128S,0.4452,ambiguous,SLC3A1,128.0
Q07837,P128T,0.1907,benign,SLC3A1,128.0
Q07837,P128V,0.2251,benign,SLC3A1,128.0
Q07837,P128W,0.9624,pathogenic,SLC3A1,128.0
Q07837,P128Y,0.9281,pathogenic,SLC3A1,128.0
Q07837,R129A,0.7299,pathogenic,SLC3A1,129.0
Q07837,R129C,0.3229,benign,SLC3A1,129.0
Q07837,R129D,0.965,pathogenic,SLC3A1,129.0
Q07837,R129E,0.7233,pathogenic,SLC3A1,129.0
Q07837,R129F,0.8302,pathogenic,SLC3A1,129.0
Q07837,R129G,0.6665,pathogenic,SLC3A1,129.0
Q07837,R129H,0.3476,ambiguous,SLC3A1,129.0
Q07837,R129I,0.5741,pathogenic,SLC3A1,129.0
Q07837,R129K,0.2578,benign,SLC3A1,129.0
Q07837,R129L,0.4852,ambiguous,SLC3A1,129.0
Q07837,R129M,0.5832,pathogenic,SLC3A1,129.0
Q07837,R129N,0.929,pathogenic,SLC3A1,129.0
Q07837,R129P,0.8454,pathogenic,SLC3A1,129.0
Q07837,R129Q,0.187,benign,SLC3A1,129.0
Q07837,R129S,0.8498,pathogenic,SLC3A1,129.0
Q07837,R129T,0.7595,pathogenic,SLC3A1,129.0
Q07837,R129V,0.6799,pathogenic,SLC3A1,129.0
Q07837,R129W,0.3568,ambiguous,SLC3A1,129.0
Q07837,R129Y,0.6924,pathogenic,SLC3A1,129.0
Q07837,S130A,0.4224,ambiguous,SLC3A1,130.0
Q07837,S130C,0.652,pathogenic,SLC3A1,130.0
Q07837,S130D,0.9614,pathogenic,SLC3A1,130.0
Q07837,S130E,0.9824,pathogenic,SLC3A1,130.0
Q07837,S130F,0.9387,pathogenic,SLC3A1,130.0
Q07837,S130G,0.4457,ambiguous,SLC3A1,130.0
Q07837,S130H,0.9667,pathogenic,SLC3A1,130.0
Q07837,S130I,0.928,pathogenic,SLC3A1,130.0
Q07837,S130K,0.997,pathogenic,SLC3A1,130.0
Q07837,S130L,0.819,pathogenic,SLC3A1,130.0
Q07837,S130M,0.9013,pathogenic,SLC3A1,130.0
Q07837,S130N,0.8718,pathogenic,SLC3A1,130.0
Q07837,S130P,0.9706,pathogenic,SLC3A1,130.0
Q07837,S130Q,0.9815,pathogenic,SLC3A1,130.0
Q07837,S130R,0.993,pathogenic,SLC3A1,130.0
Q07837,S130T,0.4814,ambiguous,SLC3A1,130.0
Q07837,S130V,0.916,pathogenic,SLC3A1,130.0
Q07837,S130W,0.954,pathogenic,SLC3A1,130.0
Q07837,S130Y,0.9081,pathogenic,SLC3A1,130.0
Q07837,F131A,0.9675,pathogenic,SLC3A1,131.0
Q07837,F131C,0.8725,pathogenic,SLC3A1,131.0
Q07837,F131D,0.9953,pathogenic,SLC3A1,131.0
Q07837,F131E,0.9948,pathogenic,SLC3A1,131.0
Q07837,F131G,0.9851,pathogenic,SLC3A1,131.0
Q07837,F131H,0.9446,pathogenic,SLC3A1,131.0
Q07837,F131I,0.8074,pathogenic,SLC3A1,131.0
Q07837,F131K,0.9943,pathogenic,SLC3A1,131.0
Q07837,F131L,0.9583,pathogenic,SLC3A1,131.0
Q07837,F131M,0.8974,pathogenic,SLC3A1,131.0
Q07837,F131N,0.9792,pathogenic,SLC3A1,131.0
Q07837,F131P,0.9982,pathogenic,SLC3A1,131.0
Q07837,F131Q,0.9896,pathogenic,SLC3A1,131.0
Q07837,F131R,0.9833,pathogenic,SLC3A1,131.0
Q07837,F131S,0.9463,pathogenic,SLC3A1,131.0
Q07837,F131T,0.9774,pathogenic,SLC3A1,131.0
Q07837,F131V,0.7925,pathogenic,SLC3A1,131.0
Q07837,F131W,0.7715,pathogenic,SLC3A1,131.0
Q07837,F131Y,0.3758,ambiguous,SLC3A1,131.0
Q07837,K132A,0.4588,ambiguous,SLC3A1,132.0
Q07837,K132C,0.5525,ambiguous,SLC3A1,132.0
Q07837,K132D,0.8794,pathogenic,SLC3A1,132.0
Q07837,K132E,0.2747,benign,SLC3A1,132.0
Q07837,K132F,0.7087,pathogenic,SLC3A1,132.0
Q07837,K132G,0.5723,pathogenic,SLC3A1,132.0
Q07837,K132H,0.3582,ambiguous,SLC3A1,132.0
Q07837,K132I,0.5247,ambiguous,SLC3A1,132.0
Q07837,K132L,0.3963,ambiguous,SLC3A1,132.0
Q07837,K132M,0.206,benign,SLC3A1,132.0
Q07837,K132N,0.681,pathogenic,SLC3A1,132.0
Q07837,K132P,0.9672,pathogenic,SLC3A1,132.0
Q07837,K132Q,0.1185,benign,SLC3A1,132.0
Q07837,K132R,0.069,benign,SLC3A1,132.0
Q07837,K132S,0.5361,ambiguous,SLC3A1,132.0
Q07837,K132T,0.3809,ambiguous,SLC3A1,132.0
Q07837,K132V,0.4761,ambiguous,SLC3A1,132.0
Q07837,K132W,0.6669,pathogenic,SLC3A1,132.0
Q07837,K132Y,0.5658,pathogenic,SLC3A1,132.0
Q07837,D133A,0.9377,pathogenic,SLC3A1,133.0
Q07837,D133C,0.9887,pathogenic,SLC3A1,133.0
Q07837,D133E,0.9611,pathogenic,SLC3A1,133.0
Q07837,D133F,0.9905,pathogenic,SLC3A1,133.0
Q07837,D133G,0.8681,pathogenic,SLC3A1,133.0
Q07837,D133H,0.9772,pathogenic,SLC3A1,133.0
Q07837,D133I,0.9801,pathogenic,SLC3A1,133.0
Q07837,D133K,0.98,pathogenic,SLC3A1,133.0
Q07837,D133L,0.9809,pathogenic,SLC3A1,133.0
Q07837,D133M,0.996,pathogenic,SLC3A1,133.0
Q07837,D133N,0.8296,pathogenic,SLC3A1,133.0
Q07837,D133P,0.9938,pathogenic,SLC3A1,133.0
Q07837,D133Q,0.9915,pathogenic,SLC3A1,133.0
Q07837,D133R,0.9784,pathogenic,SLC3A1,133.0
Q07837,D133S,0.9196,pathogenic,SLC3A1,133.0
Q07837,D133T,0.9729,pathogenic,SLC3A1,133.0
Q07837,D133V,0.9133,pathogenic,SLC3A1,133.0
Q07837,D133W,0.9977,pathogenic,SLC3A1,133.0
Q07837,D133Y,0.8469,pathogenic,SLC3A1,133.0
Q07837,S134A,0.1224,benign,SLC3A1,134.0
Q07837,S134C,0.2155,benign,SLC3A1,134.0
Q07837,S134D,0.5895,pathogenic,SLC3A1,134.0
Q07837,S134E,0.7086,pathogenic,SLC3A1,134.0
Q07837,S134F,0.3722,ambiguous,SLC3A1,134.0
Q07837,S134G,0.1312,benign,SLC3A1,134.0
Q07837,S134H,0.5905,pathogenic,SLC3A1,134.0
Q07837,S134I,0.3801,ambiguous,SLC3A1,134.0
Q07837,S134K,0.8353,pathogenic,SLC3A1,134.0
Q07837,S134L,0.1991,benign,SLC3A1,134.0
Q07837,S134M,0.3655,ambiguous,SLC3A1,134.0
Q07837,S134N,0.2783,benign,SLC3A1,134.0
Q07837,S134P,0.8695,pathogenic,SLC3A1,134.0
Q07837,S134Q,0.7339,pathogenic,SLC3A1,134.0
Q07837,S134R,0.7188,pathogenic,SLC3A1,134.0
Q07837,S134T,0.0908,benign,SLC3A1,134.0
Q07837,S134V,0.3797,ambiguous,SLC3A1,134.0
Q07837,S134W,0.5478,ambiguous,SLC3A1,134.0
Q07837,S134Y,0.3485,ambiguous,SLC3A1,134.0
Q07837,N135A,0.3619,ambiguous,SLC3A1,135.0
Q07837,N135C,0.4751,ambiguous,SLC3A1,135.0
Q07837,N135D,0.0484,benign,SLC3A1,135.0
Q07837,N135E,0.4606,ambiguous,SLC3A1,135.0
Q07837,N135F,0.7523,pathogenic,SLC3A1,135.0
Q07837,N135G,0.2725,benign,SLC3A1,135.0
Q07837,N135H,0.2538,benign,SLC3A1,135.0
Q07837,N135I,0.4986,ambiguous,SLC3A1,135.0
Q07837,N135K,0.4566,ambiguous,SLC3A1,135.0
Q07837,N135L,0.4607,ambiguous,SLC3A1,135.0
Q07837,N135M,0.5526,ambiguous,SLC3A1,135.0
Q07837,N135P,0.8718,pathogenic,SLC3A1,135.0
Q07837,N135Q,0.5214,ambiguous,SLC3A1,135.0
Q07837,N135R,0.4992,ambiguous,SLC3A1,135.0
Q07837,N135S,0.0842,benign,SLC3A1,135.0
Q07837,N135T,0.155,benign,SLC3A1,135.0
Q07837,N135V,0.4262,ambiguous,SLC3A1,135.0
Q07837,N135W,0.8993,pathogenic,SLC3A1,135.0
Q07837,N135Y,0.3469,ambiguous,SLC3A1,135.0
Q07837,K136A,0.1386,benign,SLC3A1,136.0
Q07837,K136C,0.4287,ambiguous,SLC3A1,136.0
Q07837,K136D,0.2119,benign,SLC3A1,136.0
Q07837,K136E,0.0746,benign,SLC3A1,136.0
Q07837,K136F,0.4993,ambiguous,SLC3A1,136.0
Q07837,K136G,0.114,benign,SLC3A1,136.0
Q07837,K136H,0.1845,benign,SLC3A1,136.0
Q07837,K136I,0.2928,benign,SLC3A1,136.0
Q07837,K136L,0.1887,benign,SLC3A1,136.0
Q07837,K136M,0.124,benign,SLC3A1,136.0
Q07837,K136N,0.1259,benign,SLC3A1,136.0
Q07837,K136P,0.6742,pathogenic,SLC3A1,136.0
Q07837,K136Q,0.0832,benign,SLC3A1,136.0
Q07837,K136R,0.0727,benign,SLC3A1,136.0
Q07837,K136S,0.1361,benign,SLC3A1,136.0
Q07837,K136T,0.1034,benign,SLC3A1,136.0
Q07837,K136V,0.2407,benign,SLC3A1,136.0
Q07837,K136W,0.5772,pathogenic,SLC3A1,136.0
Q07837,K136Y,0.3688,ambiguous,SLC3A1,136.0
Q07837,D137A,0.6349,pathogenic,SLC3A1,137.0
Q07837,D137C,0.9089,pathogenic,SLC3A1,137.0
Q07837,D137E,0.6819,pathogenic,SLC3A1,137.0
Q07837,D137F,0.9118,pathogenic,SLC3A1,137.0
Q07837,D137G,0.4251,ambiguous,SLC3A1,137.0
Q07837,D137H,0.763,pathogenic,SLC3A1,137.0
Q07837,D137I,0.8103,pathogenic,SLC3A1,137.0
Q07837,D137K,0.7931,pathogenic,SLC3A1,137.0
Q07837,D137L,0.8184,pathogenic,SLC3A1,137.0
Q07837,D137M,0.9179,pathogenic,SLC3A1,137.0
Q07837,D137N,0.1991,benign,SLC3A1,137.0
Q07837,D137P,0.9715,pathogenic,SLC3A1,137.0
Q07837,D137Q,0.8406,pathogenic,SLC3A1,137.0
Q07837,D137R,0.7971,pathogenic,SLC3A1,137.0
Q07837,D137S,0.4069,ambiguous,SLC3A1,137.0
Q07837,D137T,0.6018,pathogenic,SLC3A1,137.0
Q07837,D137V,0.6138,pathogenic,SLC3A1,137.0
Q07837,D137W,0.9707,pathogenic,SLC3A1,137.0
Q07837,D137Y,0.48,ambiguous,SLC3A1,137.0
Q07837,G138A,0.6675,pathogenic,SLC3A1,138.0
Q07837,G138C,0.7777,pathogenic,SLC3A1,138.0
Q07837,G138D,0.8624,pathogenic,SLC3A1,138.0
Q07837,G138E,0.826,pathogenic,SLC3A1,138.0
Q07837,G138F,0.9748,pathogenic,SLC3A1,138.0
Q07837,G138H,0.9291,pathogenic,SLC3A1,138.0
Q07837,G138I,0.9516,pathogenic,SLC3A1,138.0
Q07837,G138K,0.8605,pathogenic,SLC3A1,138.0
Q07837,G138L,0.9588,pathogenic,SLC3A1,138.0
Q07837,G138M,0.9606,pathogenic,SLC3A1,138.0
Q07837,G138N,0.8528,pathogenic,SLC3A1,138.0
Q07837,G138P,0.9961,pathogenic,SLC3A1,138.0
Q07837,G138Q,0.838,pathogenic,SLC3A1,138.0
Q07837,G138R,0.7076,pathogenic,SLC3A1,138.0
Q07837,G138S,0.3797,ambiguous,SLC3A1,138.0
Q07837,G138T,0.825,pathogenic,SLC3A1,138.0
Q07837,G138V,0.919,pathogenic,SLC3A1,138.0
Q07837,G138W,0.9277,pathogenic,SLC3A1,138.0
Q07837,G138Y,0.9528,pathogenic,SLC3A1,138.0
Q07837,N139A,0.3319,benign,SLC3A1,139.0
Q07837,N139C,0.329,benign,SLC3A1,139.0
Q07837,N139D,0.1184,benign,SLC3A1,139.0
Q07837,N139E,0.3723,ambiguous,SLC3A1,139.0
Q07837,N139F,0.5009,ambiguous,SLC3A1,139.0
Q07837,N139G,0.5177,ambiguous,SLC3A1,139.0
Q07837,N139H,0.1326,benign,SLC3A1,139.0
Q07837,N139I,0.1516,benign,SLC3A1,139.0
Q07837,N139K,0.331,benign,SLC3A1,139.0
Q07837,N139L,0.3457,ambiguous,SLC3A1,139.0
Q07837,N139M,0.3785,ambiguous,SLC3A1,139.0
Q07837,N139P,0.9349,pathogenic,SLC3A1,139.0
Q07837,N139Q,0.3959,ambiguous,SLC3A1,139.0
Q07837,N139R,0.3744,ambiguous,SLC3A1,139.0
Q07837,N139S,0.1064,benign,SLC3A1,139.0
Q07837,N139T,0.161,benign,SLC3A1,139.0
Q07837,N139V,0.1798,benign,SLC3A1,139.0
Q07837,N139W,0.7768,pathogenic,SLC3A1,139.0
Q07837,N139Y,0.1499,benign,SLC3A1,139.0
Q07837,G140A,0.8109,pathogenic,SLC3A1,140.0
Q07837,G140C,0.9522,pathogenic,SLC3A1,140.0
Q07837,G140D,0.9795,pathogenic,SLC3A1,140.0
Q07837,G140E,0.9773,pathogenic,SLC3A1,140.0
Q07837,G140F,0.9961,pathogenic,SLC3A1,140.0
Q07837,G140H,0.9939,pathogenic,SLC3A1,140.0
Q07837,G140I,0.9868,pathogenic,SLC3A1,140.0
Q07837,G140K,0.9874,pathogenic,SLC3A1,140.0
Q07837,G140L,0.992,pathogenic,SLC3A1,140.0
Q07837,G140M,0.9954,pathogenic,SLC3A1,140.0
Q07837,G140N,0.99,pathogenic,SLC3A1,140.0
Q07837,G140P,0.9972,pathogenic,SLC3A1,140.0
Q07837,G140Q,0.9861,pathogenic,SLC3A1,140.0
Q07837,G140R,0.951,pathogenic,SLC3A1,140.0
Q07837,G140S,0.767,pathogenic,SLC3A1,140.0
Q07837,G140T,0.9644,pathogenic,SLC3A1,140.0
Q07837,G140V,0.9715,pathogenic,SLC3A1,140.0
Q07837,G140W,0.9859,pathogenic,SLC3A1,140.0
Q07837,G140Y,0.9925,pathogenic,SLC3A1,140.0
Q07837,D141A,0.9481,pathogenic,SLC3A1,141.0
Q07837,D141C,0.9811,pathogenic,SLC3A1,141.0
Q07837,D141E,0.9437,pathogenic,SLC3A1,141.0
Q07837,D141F,0.9841,pathogenic,SLC3A1,141.0
Q07837,D141G,0.907,pathogenic,SLC3A1,141.0
Q07837,D141H,0.9376,pathogenic,SLC3A1,141.0
Q07837,D141I,0.973,pathogenic,SLC3A1,141.0
Q07837,D141K,0.972,pathogenic,SLC3A1,141.0
Q07837,D141L,0.9734,pathogenic,SLC3A1,141.0
Q07837,D141M,0.9931,pathogenic,SLC3A1,141.0
Q07837,D141N,0.6065,pathogenic,SLC3A1,141.0
Q07837,D141P,0.9954,pathogenic,SLC3A1,141.0
Q07837,D141Q,0.9808,pathogenic,SLC3A1,141.0
Q07837,D141R,0.9647,pathogenic,SLC3A1,141.0
Q07837,D141S,0.8202,pathogenic,SLC3A1,141.0
Q07837,D141T,0.9491,pathogenic,SLC3A1,141.0
Q07837,D141V,0.9194,pathogenic,SLC3A1,141.0
Q07837,D141W,0.997,pathogenic,SLC3A1,141.0
Q07837,D141Y,0.8643,pathogenic,SLC3A1,141.0
Q07837,L142A,0.9016,pathogenic,SLC3A1,142.0
Q07837,L142C,0.9123,pathogenic,SLC3A1,142.0
Q07837,L142D,0.9937,pathogenic,SLC3A1,142.0
Q07837,L142E,0.9722,pathogenic,SLC3A1,142.0
Q07837,L142F,0.2715,benign,SLC3A1,142.0
Q07837,L142G,0.9703,pathogenic,SLC3A1,142.0
Q07837,L142H,0.9274,pathogenic,SLC3A1,142.0
Q07837,L142I,0.1096,benign,SLC3A1,142.0
Q07837,L142K,0.9465,pathogenic,SLC3A1,142.0
Q07837,L142M,0.263,benign,SLC3A1,142.0
Q07837,L142N,0.9696,pathogenic,SLC3A1,142.0
Q07837,L142P,0.9504,pathogenic,SLC3A1,142.0
Q07837,L142Q,0.9114,pathogenic,SLC3A1,142.0
Q07837,L142R,0.9022,pathogenic,SLC3A1,142.0
Q07837,L142S,0.9552,pathogenic,SLC3A1,142.0
Q07837,L142T,0.87,pathogenic,SLC3A1,142.0
Q07837,L142V,0.2299,benign,SLC3A1,142.0
Q07837,L142W,0.6504,pathogenic,SLC3A1,142.0
Q07837,L142Y,0.8575,pathogenic,SLC3A1,142.0
Q07837,K143A,0.2143,benign,SLC3A1,143.0
Q07837,K143C,0.5863,pathogenic,SLC3A1,143.0
Q07837,K143D,0.4879,ambiguous,SLC3A1,143.0
Q07837,K143E,0.1155,benign,SLC3A1,143.0
Q07837,K143F,0.6137,pathogenic,SLC3A1,143.0
Q07837,K143G,0.351,ambiguous,SLC3A1,143.0
Q07837,K143H,0.2732,benign,SLC3A1,143.0
Q07837,K143I,0.2074,benign,SLC3A1,143.0
Q07837,K143L,0.2054,benign,SLC3A1,143.0
Q07837,K143M,0.1566,benign,SLC3A1,143.0
Q07837,K143N,0.2662,benign,SLC3A1,143.0
Q07837,K143P,0.4857,ambiguous,SLC3A1,143.0
Q07837,K143Q,0.1027,benign,SLC3A1,143.0
Q07837,K143R,0.0744,benign,SLC3A1,143.0
Q07837,K143S,0.2848,benign,SLC3A1,143.0
Q07837,K143T,0.1447,benign,SLC3A1,143.0
Q07837,K143V,0.2208,benign,SLC3A1,143.0
Q07837,K143W,0.6308,pathogenic,SLC3A1,143.0
Q07837,K143Y,0.5016,ambiguous,SLC3A1,143.0
Q07837,G144A,0.6783,pathogenic,SLC3A1,144.0
Q07837,G144C,0.9269,pathogenic,SLC3A1,144.0
Q07837,G144D,0.9269,pathogenic,SLC3A1,144.0
Q07837,G144E,0.9232,pathogenic,SLC3A1,144.0
Q07837,G144F,0.9891,pathogenic,SLC3A1,144.0
Q07837,G144H,0.9898,pathogenic,SLC3A1,144.0
Q07837,G144I,0.9661,pathogenic,SLC3A1,144.0
Q07837,G144K,0.987,pathogenic,SLC3A1,144.0
Q07837,G144L,0.9795,pathogenic,SLC3A1,144.0
Q07837,G144M,0.9824,pathogenic,SLC3A1,144.0
Q07837,G144N,0.967,pathogenic,SLC3A1,144.0
Q07837,G144P,0.9971,pathogenic,SLC3A1,144.0
Q07837,G144Q,0.9809,pathogenic,SLC3A1,144.0
Q07837,G144R,0.9687,pathogenic,SLC3A1,144.0
Q07837,G144S,0.6734,pathogenic,SLC3A1,144.0
Q07837,G144T,0.9253,pathogenic,SLC3A1,144.0
Q07837,G144V,0.9132,pathogenic,SLC3A1,144.0
Q07837,G144W,0.9679,pathogenic,SLC3A1,144.0
Q07837,G144Y,0.9761,pathogenic,SLC3A1,144.0
Q07837,I145A,0.9196,pathogenic,SLC3A1,145.0
Q07837,I145C,0.9485,pathogenic,SLC3A1,145.0
Q07837,I145D,0.9938,pathogenic,SLC3A1,145.0
Q07837,I145E,0.9833,pathogenic,SLC3A1,145.0
Q07837,I145F,0.5041,ambiguous,SLC3A1,145.0
Q07837,I145G,0.983,pathogenic,SLC3A1,145.0
Q07837,I145H,0.9799,pathogenic,SLC3A1,145.0
Q07837,I145K,0.97,pathogenic,SLC3A1,145.0
Q07837,I145L,0.2371,benign,SLC3A1,145.0
Q07837,I145M,0.2427,benign,SLC3A1,145.0
Q07837,I145N,0.9274,pathogenic,SLC3A1,145.0
Q07837,I145P,0.9885,pathogenic,SLC3A1,145.0
Q07837,I145Q,0.9698,pathogenic,SLC3A1,145.0
Q07837,I145R,0.96,pathogenic,SLC3A1,145.0
Q07837,I145S,0.919,pathogenic,SLC3A1,145.0
Q07837,I145T,0.8977,pathogenic,SLC3A1,145.0
Q07837,I145V,0.1503,benign,SLC3A1,145.0
Q07837,I145W,0.9712,pathogenic,SLC3A1,145.0
Q07837,I145Y,0.9194,pathogenic,SLC3A1,145.0
Q07837,Q146A,0.1985,benign,SLC3A1,146.0
Q07837,Q146C,0.5831,pathogenic,SLC3A1,146.0
Q07837,Q146D,0.6805,pathogenic,SLC3A1,146.0
Q07837,Q146E,0.0794,benign,SLC3A1,146.0
Q07837,Q146F,0.7329,pathogenic,SLC3A1,146.0
Q07837,Q146G,0.2841,benign,SLC3A1,146.0
Q07837,Q146H,0.318,benign,SLC3A1,146.0
Q07837,Q146I,0.2857,benign,SLC3A1,146.0
Q07837,Q146K,0.0876,benign,SLC3A1,146.0
Q07837,Q146L,0.1143,benign,SLC3A1,146.0
Q07837,Q146M,0.3225,benign,SLC3A1,146.0
Q07837,Q146N,0.5296,ambiguous,SLC3A1,146.0
Q07837,Q146P,0.5276,ambiguous,SLC3A1,146.0
Q07837,Q146R,0.0888,benign,SLC3A1,146.0
Q07837,Q146S,0.3497,ambiguous,SLC3A1,146.0
Q07837,Q146T,0.1779,benign,SLC3A1,146.0
Q07837,Q146V,0.2436,benign,SLC3A1,146.0
Q07837,Q146W,0.5388,ambiguous,SLC3A1,146.0
Q07837,Q146Y,0.5343,ambiguous,SLC3A1,146.0
Q07837,D147A,0.093,benign,SLC3A1,147.0
Q07837,D147C,0.3555,ambiguous,SLC3A1,147.0
Q07837,D147E,0.0743,benign,SLC3A1,147.0
Q07837,D147F,0.4007,ambiguous,SLC3A1,147.0
Q07837,D147G,0.0838,benign,SLC3A1,147.0
Q07837,D147H,0.1314,benign,SLC3A1,147.0
Q07837,D147I,0.2689,benign,SLC3A1,147.0
Q07837,D147K,0.1538,benign,SLC3A1,147.0
Q07837,D147L,0.2138,benign,SLC3A1,147.0
Q07837,D147M,0.3786,ambiguous,SLC3A1,147.0
Q07837,D147N,0.0766,benign,SLC3A1,147.0
Q07837,D147P,0.8107,pathogenic,SLC3A1,147.0
Q07837,D147Q,0.1193,benign,SLC3A1,147.0
Q07837,D147R,0.1727,benign,SLC3A1,147.0
Q07837,D147S,0.0807,benign,SLC3A1,147.0
Q07837,D147T,0.1539,benign,SLC3A1,147.0
Q07837,D147V,0.1478,benign,SLC3A1,147.0
Q07837,D147W,0.6681,pathogenic,SLC3A1,147.0
Q07837,D147Y,0.1242,benign,SLC3A1,147.0
Q07837,K148A,0.5497,ambiguous,SLC3A1,148.0
Q07837,K148C,0.6737,pathogenic,SLC3A1,148.0
Q07837,K148D,0.7575,pathogenic,SLC3A1,148.0
Q07837,K148E,0.1806,benign,SLC3A1,148.0
Q07837,K148F,0.8828,pathogenic,SLC3A1,148.0
Q07837,K148G,0.599,pathogenic,SLC3A1,148.0
Q07837,K148H,0.3137,benign,SLC3A1,148.0
Q07837,K148I,0.6321,pathogenic,SLC3A1,148.0
Q07837,K148L,0.6083,pathogenic,SLC3A1,148.0
Q07837,K148M,0.3204,benign,SLC3A1,148.0
Q07837,K148N,0.4904,ambiguous,SLC3A1,148.0
Q07837,K148P,0.9646,pathogenic,SLC3A1,148.0
Q07837,K148Q,0.1189,benign,SLC3A1,148.0
Q07837,K148R,0.0941,benign,SLC3A1,148.0
Q07837,K148S,0.4982,ambiguous,SLC3A1,148.0
Q07837,K148T,0.2882,benign,SLC3A1,148.0
Q07837,K148V,0.5477,ambiguous,SLC3A1,148.0
Q07837,K148W,0.9057,pathogenic,SLC3A1,148.0
Q07837,K148Y,0.7321,pathogenic,SLC3A1,148.0
Q07837,L149A,0.4829,ambiguous,SLC3A1,149.0
Q07837,L149C,0.8675,pathogenic,SLC3A1,149.0
Q07837,L149D,0.9734,pathogenic,SLC3A1,149.0
Q07837,L149E,0.8812,pathogenic,SLC3A1,149.0
Q07837,L149F,0.4773,ambiguous,SLC3A1,149.0
Q07837,L149G,0.879,pathogenic,SLC3A1,149.0
Q07837,L149H,0.84,pathogenic,SLC3A1,149.0
Q07837,L149I,0.104,benign,SLC3A1,149.0
Q07837,L149K,0.8559,pathogenic,SLC3A1,149.0
Q07837,L149M,0.167,benign,SLC3A1,149.0
Q07837,L149N,0.8963,pathogenic,SLC3A1,149.0
Q07837,L149P,0.9219,pathogenic,SLC3A1,149.0
Q07837,L149Q,0.7152,pathogenic,SLC3A1,149.0
Q07837,L149R,0.752,pathogenic,SLC3A1,149.0
Q07837,L149S,0.7308,pathogenic,SLC3A1,149.0
Q07837,L149T,0.4009,ambiguous,SLC3A1,149.0
Q07837,L149V,0.1289,benign,SLC3A1,149.0
Q07837,L149W,0.6754,pathogenic,SLC3A1,149.0
Q07837,L149Y,0.8352,pathogenic,SLC3A1,149.0
Q07837,D150A,0.1145,benign,SLC3A1,150.0
Q07837,D150C,0.503,ambiguous,SLC3A1,150.0
Q07837,D150E,0.1632,benign,SLC3A1,150.0
Q07837,D150F,0.4611,ambiguous,SLC3A1,150.0
Q07837,D150G,0.0985,benign,SLC3A1,150.0
Q07837,D150H,0.1594,benign,SLC3A1,150.0
Q07837,D150I,0.2855,benign,SLC3A1,150.0
Q07837,D150K,0.2747,benign,SLC3A1,150.0
Q07837,D150L,0.2877,benign,SLC3A1,150.0
Q07837,D150M,0.5674,pathogenic,SLC3A1,150.0
Q07837,D150N,0.0965,benign,SLC3A1,150.0
Q07837,D150P,0.3336,benign,SLC3A1,150.0
Q07837,D150Q,0.2347,benign,SLC3A1,150.0
Q07837,D150R,0.2589,benign,SLC3A1,150.0
Q07837,D150S,0.0951,benign,SLC3A1,150.0
Q07837,D150T,0.1931,benign,SLC3A1,150.0
Q07837,D150V,0.1727,benign,SLC3A1,150.0
Q07837,D150W,0.7621,pathogenic,SLC3A1,150.0
Q07837,D150Y,0.1531,benign,SLC3A1,150.0
Q07837,Y151A,0.5565,ambiguous,SLC3A1,151.0
Q07837,Y151C,0.1965,benign,SLC3A1,151.0
Q07837,Y151D,0.2336,benign,SLC3A1,151.0
Q07837,Y151E,0.6346,pathogenic,SLC3A1,151.0
Q07837,Y151F,0.1826,benign,SLC3A1,151.0
Q07837,Y151G,0.4969,ambiguous,SLC3A1,151.0
Q07837,Y151H,0.1001,benign,SLC3A1,151.0
Q07837,Y151I,0.6016,pathogenic,SLC3A1,151.0
Q07837,Y151K,0.7151,pathogenic,SLC3A1,151.0
Q07837,Y151L,0.5096,ambiguous,SLC3A1,151.0
Q07837,Y151M,0.7491,pathogenic,SLC3A1,151.0
Q07837,Y151N,0.1739,benign,SLC3A1,151.0
Q07837,Y151P,0.7912,pathogenic,SLC3A1,151.0
Q07837,Y151Q,0.5548,ambiguous,SLC3A1,151.0
Q07837,Y151R,0.4903,ambiguous,SLC3A1,151.0
Q07837,Y151S,0.2157,benign,SLC3A1,151.0
Q07837,Y151T,0.4454,ambiguous,SLC3A1,151.0
Q07837,Y151V,0.474,ambiguous,SLC3A1,151.0
Q07837,Y151W,0.5689,pathogenic,SLC3A1,151.0
Q07837,I152A,0.6278,pathogenic,SLC3A1,152.0
Q07837,I152C,0.8166,pathogenic,SLC3A1,152.0
Q07837,I152D,0.9664,pathogenic,SLC3A1,152.0
Q07837,I152E,0.9294,pathogenic,SLC3A1,152.0
Q07837,I152F,0.129,benign,SLC3A1,152.0
Q07837,I152G,0.9133,pathogenic,SLC3A1,152.0
Q07837,I152H,0.8682,pathogenic,SLC3A1,152.0
Q07837,I152K,0.8277,pathogenic,SLC3A1,152.0
Q07837,I152L,0.0752,benign,SLC3A1,152.0
Q07837,I152M,0.1111,benign,SLC3A1,152.0
Q07837,I152N,0.7769,pathogenic,SLC3A1,152.0
Q07837,I152P,0.8741,pathogenic,SLC3A1,152.0
Q07837,I152Q,0.8599,pathogenic,SLC3A1,152.0
Q07837,I152R,0.7759,pathogenic,SLC3A1,152.0
Q07837,I152S,0.7622,pathogenic,SLC3A1,152.0
Q07837,I152T,0.6174,pathogenic,SLC3A1,152.0
Q07837,I152V,0.09,benign,SLC3A1,152.0
Q07837,I152W,0.8529,pathogenic,SLC3A1,152.0
Q07837,I152Y,0.6844,pathogenic,SLC3A1,152.0
Q07837,T153A,0.0635,benign,SLC3A1,153.0
Q07837,T153C,0.3206,benign,SLC3A1,153.0
Q07837,T153D,0.2369,benign,SLC3A1,153.0
Q07837,T153E,0.1434,benign,SLC3A1,153.0
Q07837,T153F,0.1616,benign,SLC3A1,153.0
Q07837,T153G,0.1663,benign,SLC3A1,153.0
Q07837,T153H,0.1401,benign,SLC3A1,153.0
Q07837,T153I,0.0997,benign,SLC3A1,153.0
Q07837,T153K,0.0833,benign,SLC3A1,153.0
Q07837,T153L,0.0726,benign,SLC3A1,153.0
Q07837,T153M,0.0791,benign,SLC3A1,153.0
Q07837,T153N,0.0956,benign,SLC3A1,153.0
Q07837,T153P,0.1623,benign,SLC3A1,153.0
Q07837,T153Q,0.118,benign,SLC3A1,153.0
Q07837,T153R,0.069,benign,SLC3A1,153.0
Q07837,T153S,0.0873,benign,SLC3A1,153.0
Q07837,T153V,0.0947,benign,SLC3A1,153.0
Q07837,T153W,0.3703,ambiguous,SLC3A1,153.0
Q07837,T153Y,0.1737,benign,SLC3A1,153.0
Q07837,A154C,0.3531,ambiguous,SLC3A1,154.0
Q07837,A154D,0.0836,benign,SLC3A1,154.0
Q07837,A154E,0.0994,benign,SLC3A1,154.0
Q07837,A154F,0.1482,benign,SLC3A1,154.0
Q07837,A154G,0.0968,benign,SLC3A1,154.0
Q07837,A154H,0.1745,benign,SLC3A1,154.0
Q07837,A154I,0.1434,benign,SLC3A1,154.0
Q07837,A154K,0.1428,benign,SLC3A1,154.0
Q07837,A154L,0.1071,benign,SLC3A1,154.0
Q07837,A154M,0.1259,benign,SLC3A1,154.0
Q07837,A154N,0.0908,benign,SLC3A1,154.0
Q07837,A154P,0.2869,benign,SLC3A1,154.0
Q07837,A154Q,0.1466,benign,SLC3A1,154.0
Q07837,A154R,0.1298,benign,SLC3A1,154.0
Q07837,A154S,0.0614,benign,SLC3A1,154.0
Q07837,A154T,0.0606,benign,SLC3A1,154.0
Q07837,A154V,0.0972,benign,SLC3A1,154.0
Q07837,A154W,0.4018,ambiguous,SLC3A1,154.0
Q07837,A154Y,0.1864,benign,SLC3A1,154.0
Q07837,L155A,0.4871,ambiguous,SLC3A1,155.0
Q07837,L155C,0.7547,pathogenic,SLC3A1,155.0
Q07837,L155D,0.9408,pathogenic,SLC3A1,155.0
Q07837,L155E,0.7057,pathogenic,SLC3A1,155.0
Q07837,L155F,0.3297,benign,SLC3A1,155.0
Q07837,L155G,0.8141,pathogenic,SLC3A1,155.0
Q07837,L155H,0.5925,pathogenic,SLC3A1,155.0
Q07837,L155I,0.1361,benign,SLC3A1,155.0
Q07837,L155K,0.6566,pathogenic,SLC3A1,155.0
Q07837,L155M,0.1524,benign,SLC3A1,155.0
Q07837,L155N,0.6706,pathogenic,SLC3A1,155.0
Q07837,L155P,0.8727,pathogenic,SLC3A1,155.0
Q07837,L155Q,0.3683,ambiguous,SLC3A1,155.0
Q07837,L155R,0.5211,ambiguous,SLC3A1,155.0
Q07837,L155S,0.5431,ambiguous,SLC3A1,155.0
Q07837,L155T,0.4493,ambiguous,SLC3A1,155.0
Q07837,L155V,0.17,benign,SLC3A1,155.0
Q07837,L155W,0.608,pathogenic,SLC3A1,155.0
Q07837,L155Y,0.7446,pathogenic,SLC3A1,155.0
Q07837,N156A,0.3682,ambiguous,SLC3A1,156.0
Q07837,N156C,0.4843,ambiguous,SLC3A1,156.0
Q07837,N156D,0.1549,benign,SLC3A1,156.0
Q07837,N156E,0.43,ambiguous,SLC3A1,156.0
Q07837,N156F,0.7016,pathogenic,SLC3A1,156.0
Q07837,N156G,0.2469,benign,SLC3A1,156.0
Q07837,N156H,0.0935,benign,SLC3A1,156.0
Q07837,N156I,0.5808,pathogenic,SLC3A1,156.0
Q07837,N156K,0.2258,benign,SLC3A1,156.0
Q07837,N156L,0.4697,ambiguous,SLC3A1,156.0
Q07837,N156M,0.5525,ambiguous,SLC3A1,156.0
Q07837,N156P,0.6861,pathogenic,SLC3A1,156.0
Q07837,N156Q,0.2847,benign,SLC3A1,156.0
Q07837,N156R,0.2709,benign,SLC3A1,156.0
Q07837,N156S,0.1161,benign,SLC3A1,156.0
Q07837,N156T,0.2962,benign,SLC3A1,156.0
Q07837,N156V,0.5771,pathogenic,SLC3A1,156.0
Q07837,N156W,0.8195,pathogenic,SLC3A1,156.0
Q07837,N156Y,0.2302,benign,SLC3A1,156.0
Q07837,I157A,0.4057,ambiguous,SLC3A1,157.0
Q07837,I157C,0.7137,pathogenic,SLC3A1,157.0
Q07837,I157D,0.8846,pathogenic,SLC3A1,157.0
Q07837,I157E,0.8367,pathogenic,SLC3A1,157.0
Q07837,I157F,0.3177,benign,SLC3A1,157.0
Q07837,I157G,0.7368,pathogenic,SLC3A1,157.0
Q07837,I157H,0.8182,pathogenic,SLC3A1,157.0
Q07837,I157K,0.764,pathogenic,SLC3A1,157.0
Q07837,I157L,0.2397,benign,SLC3A1,157.0
Q07837,I157M,0.1653,benign,SLC3A1,157.0
Q07837,I157N,0.4518,ambiguous,SLC3A1,157.0
Q07837,I157P,0.8542,pathogenic,SLC3A1,157.0
Q07837,I157Q,0.7218,pathogenic,SLC3A1,157.0
Q07837,I157R,0.644,pathogenic,SLC3A1,157.0
Q07837,I157S,0.3821,ambiguous,SLC3A1,157.0
Q07837,I157T,0.3462,ambiguous,SLC3A1,157.0
Q07837,I157V,0.062,benign,SLC3A1,157.0
Q07837,I157W,0.9272,pathogenic,SLC3A1,157.0
Q07837,I157Y,0.7735,pathogenic,SLC3A1,157.0
Q07837,K158A,0.5521,ambiguous,SLC3A1,158.0
Q07837,K158C,0.8492,pathogenic,SLC3A1,158.0
Q07837,K158D,0.5889,pathogenic,SLC3A1,158.0
Q07837,K158E,0.1927,benign,SLC3A1,158.0
Q07837,K158F,0.9297,pathogenic,SLC3A1,158.0
Q07837,K158G,0.4943,ambiguous,SLC3A1,158.0
Q07837,K158H,0.3442,ambiguous,SLC3A1,158.0
Q07837,K158I,0.756,pathogenic,SLC3A1,158.0
Q07837,K158L,0.6626,pathogenic,SLC3A1,158.0
Q07837,K158M,0.5031,ambiguous,SLC3A1,158.0
Q07837,K158N,0.4447,ambiguous,SLC3A1,158.0
Q07837,K158P,0.7741,pathogenic,SLC3A1,158.0
Q07837,K158Q,0.1423,benign,SLC3A1,158.0
Q07837,K158R,0.0899,benign,SLC3A1,158.0
Q07837,K158S,0.4476,ambiguous,SLC3A1,158.0
Q07837,K158T,0.2778,benign,SLC3A1,158.0
Q07837,K158V,0.6938,pathogenic,SLC3A1,158.0
Q07837,K158W,0.8741,pathogenic,SLC3A1,158.0
Q07837,K158Y,0.8191,pathogenic,SLC3A1,158.0
Q07837,T159A,0.0937,benign,SLC3A1,159.0
Q07837,T159C,0.4978,ambiguous,SLC3A1,159.0
Q07837,T159D,0.7222,pathogenic,SLC3A1,159.0
Q07837,T159E,0.7014,pathogenic,SLC3A1,159.0
Q07837,T159F,0.5586,ambiguous,SLC3A1,159.0
Q07837,T159G,0.3713,ambiguous,SLC3A1,159.0
Q07837,T159H,0.4895,ambiguous,SLC3A1,159.0
Q07837,T159I,0.3237,benign,SLC3A1,159.0
Q07837,T159K,0.575,pathogenic,SLC3A1,159.0
Q07837,T159L,0.2289,benign,SLC3A1,159.0
Q07837,T159M,0.1104,benign,SLC3A1,159.0
Q07837,T159N,0.1873,benign,SLC3A1,159.0
Q07837,T159P,0.5894,pathogenic,SLC3A1,159.0
Q07837,T159Q,0.5212,ambiguous,SLC3A1,159.0
Q07837,T159R,0.4687,ambiguous,SLC3A1,159.0
Q07837,T159S,0.1496,benign,SLC3A1,159.0
Q07837,T159V,0.233,benign,SLC3A1,159.0
Q07837,T159W,0.8328,pathogenic,SLC3A1,159.0
Q07837,T159Y,0.5205,ambiguous,SLC3A1,159.0
Q07837,V160A,0.3577,ambiguous,SLC3A1,160.0
Q07837,V160C,0.7985,pathogenic,SLC3A1,160.0
Q07837,V160D,0.9026,pathogenic,SLC3A1,160.0
Q07837,V160E,0.866,pathogenic,SLC3A1,160.0
Q07837,V160F,0.2142,benign,SLC3A1,160.0
Q07837,V160G,0.5849,pathogenic,SLC3A1,160.0
Q07837,V160H,0.9036,pathogenic,SLC3A1,160.0
Q07837,V160I,0.0601,benign,SLC3A1,160.0
Q07837,V160K,0.869,pathogenic,SLC3A1,160.0
Q07837,V160L,0.1237,benign,SLC3A1,160.0
Q07837,V160M,0.1456,benign,SLC3A1,160.0
Q07837,V160N,0.734,pathogenic,SLC3A1,160.0
Q07837,V160P,0.8515,pathogenic,SLC3A1,160.0
Q07837,V160Q,0.8296,pathogenic,SLC3A1,160.0
Q07837,V160R,0.81,pathogenic,SLC3A1,160.0
Q07837,V160S,0.5836,pathogenic,SLC3A1,160.0
Q07837,V160T,0.4233,ambiguous,SLC3A1,160.0
Q07837,V160W,0.887,pathogenic,SLC3A1,160.0
Q07837,V160Y,0.7489,pathogenic,SLC3A1,160.0
Q07837,W161A,0.5524,ambiguous,SLC3A1,161.0
Q07837,W161C,0.6341,pathogenic,SLC3A1,161.0
Q07837,W161D,0.934,pathogenic,SLC3A1,161.0
Q07837,W161E,0.8874,pathogenic,SLC3A1,161.0
Q07837,W161F,0.3482,ambiguous,SLC3A1,161.0
Q07837,W161G,0.4282,ambiguous,SLC3A1,161.0
Q07837,W161H,0.7408,pathogenic,SLC3A1,161.0
Q07837,W161I,0.6453,pathogenic,SLC3A1,161.0
Q07837,W161K,0.8634,pathogenic,SLC3A1,161.0
Q07837,W161L,0.356,ambiguous,SLC3A1,161.0
Q07837,W161M,0.6317,pathogenic,SLC3A1,161.0
Q07837,W161N,0.8387,pathogenic,SLC3A1,161.0
Q07837,W161P,0.9884,pathogenic,SLC3A1,161.0
Q07837,W161Q,0.7799,pathogenic,SLC3A1,161.0
Q07837,W161R,0.7443,pathogenic,SLC3A1,161.0
Q07837,W161S,0.3973,ambiguous,SLC3A1,161.0
Q07837,W161T,0.5932,pathogenic,SLC3A1,161.0
Q07837,W161V,0.5857,pathogenic,SLC3A1,161.0
Q07837,W161Y,0.5215,ambiguous,SLC3A1,161.0
Q07837,I162A,0.7134,pathogenic,SLC3A1,162.0
Q07837,I162C,0.8292,pathogenic,SLC3A1,162.0
Q07837,I162D,0.9656,pathogenic,SLC3A1,162.0
Q07837,I162E,0.9273,pathogenic,SLC3A1,162.0
Q07837,I162F,0.2763,benign,SLC3A1,162.0
Q07837,I162G,0.9002,pathogenic,SLC3A1,162.0
Q07837,I162H,0.9175,pathogenic,SLC3A1,162.0
Q07837,I162K,0.8777,pathogenic,SLC3A1,162.0
Q07837,I162L,0.089,benign,SLC3A1,162.0
Q07837,I162M,0.1119,benign,SLC3A1,162.0
Q07837,I162N,0.7445,pathogenic,SLC3A1,162.0
Q07837,I162P,0.934,pathogenic,SLC3A1,162.0
Q07837,I162Q,0.8836,pathogenic,SLC3A1,162.0
Q07837,I162R,0.8599,pathogenic,SLC3A1,162.0
Q07837,I162S,0.7693,pathogenic,SLC3A1,162.0
Q07837,I162T,0.7455,pathogenic,SLC3A1,162.0
Q07837,I162V,0.0936,benign,SLC3A1,162.0
Q07837,I162W,0.9206,pathogenic,SLC3A1,162.0
Q07837,I162Y,0.791,pathogenic,SLC3A1,162.0
Q07837,T163A,0.1224,benign,SLC3A1,163.0
Q07837,T163C,0.5048,ambiguous,SLC3A1,163.0
Q07837,T163D,0.5445,ambiguous,SLC3A1,163.0
Q07837,T163E,0.5561,ambiguous,SLC3A1,163.0
Q07837,T163F,0.5206,ambiguous,SLC3A1,163.0
Q07837,T163G,0.257,benign,SLC3A1,163.0
Q07837,T163H,0.3901,ambiguous,SLC3A1,163.0
Q07837,T163I,0.5417,ambiguous,SLC3A1,163.0
Q07837,T163K,0.422,ambiguous,SLC3A1,163.0
Q07837,T163L,0.2569,benign,SLC3A1,163.0
Q07837,T163M,0.1812,benign,SLC3A1,163.0
Q07837,T163N,0.1611,benign,SLC3A1,163.0
Q07837,T163P,0.1561,benign,SLC3A1,163.0
Q07837,T163Q,0.4116,ambiguous,SLC3A1,163.0
Q07837,T163R,0.3287,benign,SLC3A1,163.0
Q07837,T163S,0.1104,benign,SLC3A1,163.0
Q07837,T163V,0.4067,ambiguous,SLC3A1,163.0
Q07837,T163W,0.8321,pathogenic,SLC3A1,163.0
Q07837,T163Y,0.5401,ambiguous,SLC3A1,163.0
Q07837,S164A,0.1129,benign,SLC3A1,164.0
Q07837,S164C,0.2766,benign,SLC3A1,164.0
Q07837,S164D,0.7973,pathogenic,SLC3A1,164.0
Q07837,S164E,0.9076,pathogenic,SLC3A1,164.0
Q07837,S164F,0.6771,pathogenic,SLC3A1,164.0
Q07837,S164G,0.1592,benign,SLC3A1,164.0
Q07837,S164H,0.7888,pathogenic,SLC3A1,164.0
Q07837,S164I,0.7046,pathogenic,SLC3A1,164.0
Q07837,S164K,0.972,pathogenic,SLC3A1,164.0
Q07837,S164L,0.3592,ambiguous,SLC3A1,164.0
Q07837,S164M,0.6194,pathogenic,SLC3A1,164.0
Q07837,S164N,0.4506,ambiguous,SLC3A1,164.0
Q07837,S164P,0.1191,benign,SLC3A1,164.0
Q07837,S164Q,0.8792,pathogenic,SLC3A1,164.0
Q07837,S164R,0.9419,pathogenic,SLC3A1,164.0
Q07837,S164T,0.1735,benign,SLC3A1,164.0
Q07837,S164V,0.5918,pathogenic,SLC3A1,164.0
Q07837,S164W,0.7859,pathogenic,SLC3A1,164.0
Q07837,S164Y,0.5558,ambiguous,SLC3A1,164.0
Q07837,F165A,0.8028,pathogenic,SLC3A1,165.0
Q07837,F165C,0.4299,ambiguous,SLC3A1,165.0
Q07837,F165D,0.9838,pathogenic,SLC3A1,165.0
Q07837,F165E,0.9858,pathogenic,SLC3A1,165.0
Q07837,F165G,0.9448,pathogenic,SLC3A1,165.0
Q07837,F165H,0.9172,pathogenic,SLC3A1,165.0
Q07837,F165I,0.1691,benign,SLC3A1,165.0
Q07837,F165K,0.986,pathogenic,SLC3A1,165.0
Q07837,F165L,0.8168,pathogenic,SLC3A1,165.0
Q07837,F165M,0.6031,pathogenic,SLC3A1,165.0
Q07837,F165N,0.9332,pathogenic,SLC3A1,165.0
Q07837,F165P,0.9497,pathogenic,SLC3A1,165.0
Q07837,F165Q,0.9712,pathogenic,SLC3A1,165.0
Q07837,F165R,0.9677,pathogenic,SLC3A1,165.0
Q07837,F165S,0.7736,pathogenic,SLC3A1,165.0
Q07837,F165T,0.7896,pathogenic,SLC3A1,165.0
Q07837,F165V,0.2055,benign,SLC3A1,165.0
Q07837,F165W,0.7449,pathogenic,SLC3A1,165.0
Q07837,F165Y,0.4578,ambiguous,SLC3A1,165.0
Q07837,Y166A,0.7019,pathogenic,SLC3A1,166.0
Q07837,Y166C,0.1253,benign,SLC3A1,166.0
Q07837,Y166D,0.6406,pathogenic,SLC3A1,166.0
Q07837,Y166E,0.8295,pathogenic,SLC3A1,166.0
Q07837,Y166F,0.0957,benign,SLC3A1,166.0
Q07837,Y166G,0.5169,ambiguous,SLC3A1,166.0
Q07837,Y166H,0.2453,benign,SLC3A1,166.0
Q07837,Y166I,0.6646,pathogenic,SLC3A1,166.0
Q07837,Y166K,0.8351,pathogenic,SLC3A1,166.0
Q07837,Y166L,0.4186,ambiguous,SLC3A1,166.0
Q07837,Y166M,0.6715,pathogenic,SLC3A1,166.0
Q07837,Y166N,0.2655,benign,SLC3A1,166.0
Q07837,Y166P,0.8571,pathogenic,SLC3A1,166.0
Q07837,Y166Q,0.5853,pathogenic,SLC3A1,166.0
Q07837,Y166R,0.6511,pathogenic,SLC3A1,166.0
Q07837,Y166S,0.2981,benign,SLC3A1,166.0
Q07837,Y166T,0.6141,pathogenic,SLC3A1,166.0
Q07837,Y166V,0.5741,pathogenic,SLC3A1,166.0
Q07837,Y166W,0.4641,ambiguous,SLC3A1,166.0
Q07837,K167A,0.4069,ambiguous,SLC3A1,167.0
Q07837,K167C,0.7128,pathogenic,SLC3A1,167.0
Q07837,K167D,0.7187,pathogenic,SLC3A1,167.0
Q07837,K167E,0.2025,benign,SLC3A1,167.0
Q07837,K167F,0.8438,pathogenic,SLC3A1,167.0
Q07837,K167G,0.5327,ambiguous,SLC3A1,167.0
Q07837,K167H,0.3863,ambiguous,SLC3A1,167.0
Q07837,K167I,0.4299,ambiguous,SLC3A1,167.0
Q07837,K167L,0.4019,ambiguous,SLC3A1,167.0
Q07837,K167M,0.327,benign,SLC3A1,167.0
Q07837,K167N,0.5014,ambiguous,SLC3A1,167.0
Q07837,K167P,0.6226,pathogenic,SLC3A1,167.0
Q07837,K167Q,0.1411,benign,SLC3A1,167.0
Q07837,K167R,0.0866,benign,SLC3A1,167.0
Q07837,K167S,0.4541,ambiguous,SLC3A1,167.0
Q07837,K167T,0.2115,benign,SLC3A1,167.0
Q07837,K167V,0.4056,ambiguous,SLC3A1,167.0
Q07837,K167W,0.8551,pathogenic,SLC3A1,167.0
Q07837,K167Y,0.7277,pathogenic,SLC3A1,167.0
Q07837,S168A,0.1958,benign,SLC3A1,168.0
Q07837,S168C,0.2922,benign,SLC3A1,168.0
Q07837,S168D,0.7202,pathogenic,SLC3A1,168.0
Q07837,S168E,0.8424,pathogenic,SLC3A1,168.0
Q07837,S168F,0.5364,ambiguous,SLC3A1,168.0
Q07837,S168G,0.2024,benign,SLC3A1,168.0
Q07837,S168H,0.6934,pathogenic,SLC3A1,168.0
Q07837,S168I,0.5933,pathogenic,SLC3A1,168.0
Q07837,S168K,0.9375,pathogenic,SLC3A1,168.0
Q07837,S168L,0.3494,ambiguous,SLC3A1,168.0
Q07837,S168M,0.5563,ambiguous,SLC3A1,168.0
Q07837,S168N,0.431,ambiguous,SLC3A1,168.0
Q07837,S168P,0.6533,pathogenic,SLC3A1,168.0
Q07837,S168Q,0.842,pathogenic,SLC3A1,168.0
Q07837,S168R,0.9082,pathogenic,SLC3A1,168.0
Q07837,S168T,0.172,benign,SLC3A1,168.0
Q07837,S168V,0.5416,ambiguous,SLC3A1,168.0
Q07837,S168W,0.6632,pathogenic,SLC3A1,168.0
Q07837,S168Y,0.4108,ambiguous,SLC3A1,168.0
Q07837,S169A,0.0813,benign,SLC3A1,169.0
Q07837,S169C,0.1332,benign,SLC3A1,169.0
Q07837,S169D,0.2966,benign,SLC3A1,169.0
Q07837,S169E,0.3842,ambiguous,SLC3A1,169.0
Q07837,S169F,0.1823,benign,SLC3A1,169.0
Q07837,S169G,0.1281,benign,SLC3A1,169.0
Q07837,S169H,0.2691,benign,SLC3A1,169.0
Q07837,S169I,0.2133,benign,SLC3A1,169.0
Q07837,S169K,0.5491,ambiguous,SLC3A1,169.0
Q07837,S169L,0.1209,benign,SLC3A1,169.0
Q07837,S169M,0.2598,benign,SLC3A1,169.0
Q07837,S169N,0.1745,benign,SLC3A1,169.0
Q07837,S169P,0.0635,benign,SLC3A1,169.0
Q07837,S169Q,0.3803,ambiguous,SLC3A1,169.0
Q07837,S169R,0.4603,ambiguous,SLC3A1,169.0
Q07837,S169T,0.0914,benign,SLC3A1,169.0
Q07837,S169V,0.1906,benign,SLC3A1,169.0
Q07837,S169W,0.2717,benign,SLC3A1,169.0
Q07837,S169Y,0.1515,benign,SLC3A1,169.0
Q07837,L170A,0.1962,benign,SLC3A1,170.0
Q07837,L170C,0.5532,ambiguous,SLC3A1,170.0
Q07837,L170D,0.4495,ambiguous,SLC3A1,170.0
Q07837,L170E,0.211,benign,SLC3A1,170.0
Q07837,L170F,0.1065,benign,SLC3A1,170.0
Q07837,L170G,0.3246,benign,SLC3A1,170.0
Q07837,L170H,0.1837,benign,SLC3A1,170.0
Q07837,L170I,0.0943,benign,SLC3A1,170.0
Q07837,L170K,0.1891,benign,SLC3A1,170.0
Q07837,L170M,0.1051,benign,SLC3A1,170.0
Q07837,L170N,0.2651,benign,SLC3A1,170.0
Q07837,L170P,0.1816,benign,SLC3A1,170.0
Q07837,L170Q,0.1085,benign,SLC3A1,170.0
Q07837,L170R,0.141,benign,SLC3A1,170.0
Q07837,L170S,0.1517,benign,SLC3A1,170.0
Q07837,L170T,0.1681,benign,SLC3A1,170.0
Q07837,L170V,0.1011,benign,SLC3A1,170.0
Q07837,L170W,0.1704,benign,SLC3A1,170.0
Q07837,L170Y,0.3047,benign,SLC3A1,170.0
Q07837,K171A,0.2445,benign,SLC3A1,171.0
Q07837,K171C,0.6396,pathogenic,SLC3A1,171.0
Q07837,K171D,0.3388,benign,SLC3A1,171.0
Q07837,K171E,0.099,benign,SLC3A1,171.0
Q07837,K171F,0.613,pathogenic,SLC3A1,171.0
Q07837,K171G,0.2937,benign,SLC3A1,171.0
Q07837,K171H,0.2683,benign,SLC3A1,171.0
Q07837,K171I,0.2532,benign,SLC3A1,171.0
Q07837,K171L,0.2688,benign,SLC3A1,171.0
Q07837,K171M,0.1944,benign,SLC3A1,171.0
Q07837,K171N,0.2579,benign,SLC3A1,171.0
Q07837,K171P,0.4708,ambiguous,SLC3A1,171.0
Q07837,K171Q,0.1109,benign,SLC3A1,171.0
Q07837,K171R,0.078,benign,SLC3A1,171.0
Q07837,K171S,0.2694,benign,SLC3A1,171.0
Q07837,K171T,0.1348,benign,SLC3A1,171.0
Q07837,K171V,0.2536,benign,SLC3A1,171.0
Q07837,K171W,0.6011,pathogenic,SLC3A1,171.0
Q07837,K171Y,0.488,ambiguous,SLC3A1,171.0
Q07837,D172A,0.4039,ambiguous,SLC3A1,172.0
Q07837,D172C,0.8437,pathogenic,SLC3A1,172.0
Q07837,D172E,0.442,ambiguous,SLC3A1,172.0
Q07837,D172F,0.764,pathogenic,SLC3A1,172.0
Q07837,D172G,0.2939,benign,SLC3A1,172.0
Q07837,D172H,0.5752,pathogenic,SLC3A1,172.0
Q07837,D172I,0.6339,pathogenic,SLC3A1,172.0
Q07837,D172K,0.7464,pathogenic,SLC3A1,172.0
Q07837,D172L,0.6785,pathogenic,SLC3A1,172.0
Q07837,D172M,0.8851,pathogenic,SLC3A1,172.0
Q07837,D172N,0.2136,benign,SLC3A1,172.0
Q07837,D172P,0.8384,pathogenic,SLC3A1,172.0
Q07837,D172Q,0.7155,pathogenic,SLC3A1,172.0
Q07837,D172R,0.7397,pathogenic,SLC3A1,172.0
Q07837,D172S,0.3111,benign,SLC3A1,172.0
Q07837,D172T,0.5401,ambiguous,SLC3A1,172.0
Q07837,D172V,0.4257,ambiguous,SLC3A1,172.0
Q07837,D172W,0.9455,pathogenic,SLC3A1,172.0
Q07837,D172Y,0.3246,benign,SLC3A1,172.0
Q07837,F173A,0.3138,benign,SLC3A1,173.0
Q07837,F173C,0.278,benign,SLC3A1,173.0
Q07837,F173D,0.429,ambiguous,SLC3A1,173.0
Q07837,F173E,0.5444,ambiguous,SLC3A1,173.0
Q07837,F173G,0.4477,ambiguous,SLC3A1,173.0
Q07837,F173H,0.4197,ambiguous,SLC3A1,173.0
Q07837,F173I,0.137,benign,SLC3A1,173.0
Q07837,F173K,0.5812,pathogenic,SLC3A1,173.0
Q07837,F173L,0.6171,pathogenic,SLC3A1,173.0
Q07837,F173M,0.3786,ambiguous,SLC3A1,173.0
Q07837,F173N,0.3387,benign,SLC3A1,173.0
Q07837,F173P,0.7117,pathogenic,SLC3A1,173.0
Q07837,F173Q,0.5289,ambiguous,SLC3A1,173.0
Q07837,F173R,0.4612,ambiguous,SLC3A1,173.0
Q07837,F173S,0.1882,benign,SLC3A1,173.0
Q07837,F173T,0.2952,benign,SLC3A1,173.0
Q07837,F173V,0.1531,benign,SLC3A1,173.0
Q07837,F173W,0.4154,ambiguous,SLC3A1,173.0
Q07837,F173Y,0.1437,benign,SLC3A1,173.0
Q07837,R174A,0.3472,ambiguous,SLC3A1,174.0
Q07837,R174C,0.1818,benign,SLC3A1,174.0
Q07837,R174D,0.5058,ambiguous,SLC3A1,174.0
Q07837,R174E,0.3105,benign,SLC3A1,174.0
Q07837,R174F,0.4681,ambiguous,SLC3A1,174.0
Q07837,R174G,0.1454,benign,SLC3A1,174.0
Q07837,R174H,0.113,benign,SLC3A1,174.0
Q07837,R174I,0.2874,benign,SLC3A1,174.0
Q07837,R174K,0.1719,benign,SLC3A1,174.0
Q07837,R174L,0.2412,benign,SLC3A1,174.0
Q07837,R174M,0.3525,ambiguous,SLC3A1,174.0
Q07837,R174N,0.4821,ambiguous,SLC3A1,174.0
Q07837,R174P,0.3566,ambiguous,SLC3A1,174.0
Q07837,R174Q,0.1065,benign,SLC3A1,174.0
Q07837,R174S,0.2997,benign,SLC3A1,174.0
Q07837,R174T,0.2427,benign,SLC3A1,174.0
Q07837,R174V,0.3978,ambiguous,SLC3A1,174.0
Q07837,R174W,0.1513,benign,SLC3A1,174.0
Q07837,R174Y,0.3349,benign,SLC3A1,174.0
Q07837,Y175A,0.2686,benign,SLC3A1,175.0
Q07837,Y175C,0.1184,benign,SLC3A1,175.0
Q07837,Y175D,0.1392,benign,SLC3A1,175.0
Q07837,Y175E,0.3136,benign,SLC3A1,175.0
Q07837,Y175F,0.101,benign,SLC3A1,175.0
Q07837,Y175G,0.2126,benign,SLC3A1,175.0
Q07837,Y175H,0.0948,benign,SLC3A1,175.0
Q07837,Y175I,0.3628,ambiguous,SLC3A1,175.0
Q07837,Y175K,0.3161,benign,SLC3A1,175.0
Q07837,Y175L,0.3023,benign,SLC3A1,175.0
Q07837,Y175M,0.4823,ambiguous,SLC3A1,175.0
Q07837,Y175N,0.0963,benign,SLC3A1,175.0
Q07837,Y175P,0.5167,ambiguous,SLC3A1,175.0
Q07837,Y175Q,0.2333,benign,SLC3A1,175.0
Q07837,Y175R,0.1818,benign,SLC3A1,175.0
Q07837,Y175S,0.1208,benign,SLC3A1,175.0
Q07837,Y175T,0.2515,benign,SLC3A1,175.0
Q07837,Y175V,0.2707,benign,SLC3A1,175.0
Q07837,Y175W,0.2796,benign,SLC3A1,175.0
Q07837,G176A,0.0709,benign,SLC3A1,176.0
Q07837,G176C,0.2252,benign,SLC3A1,176.0
Q07837,G176D,0.263,benign,SLC3A1,176.0
Q07837,G176E,0.2313,benign,SLC3A1,176.0
Q07837,G176F,0.5984,pathogenic,SLC3A1,176.0
Q07837,G176H,0.4361,ambiguous,SLC3A1,176.0
Q07837,G176I,0.3002,benign,SLC3A1,176.0
Q07837,G176K,0.4709,ambiguous,SLC3A1,176.0
Q07837,G176L,0.3843,ambiguous,SLC3A1,176.0
Q07837,G176M,0.4557,ambiguous,SLC3A1,176.0
Q07837,G176N,0.3434,ambiguous,SLC3A1,176.0
Q07837,G176P,0.6575,pathogenic,SLC3A1,176.0
Q07837,G176Q,0.3579,ambiguous,SLC3A1,176.0
Q07837,G176R,0.2979,benign,SLC3A1,176.0
Q07837,G176S,0.0869,benign,SLC3A1,176.0
Q07837,G176T,0.1458,benign,SLC3A1,176.0
Q07837,G176V,0.1974,benign,SLC3A1,176.0
Q07837,G176W,0.4281,ambiguous,SLC3A1,176.0
Q07837,G176Y,0.4263,ambiguous,SLC3A1,176.0
Q07837,V177A,0.1291,benign,SLC3A1,177.0
Q07837,V177C,0.8129,pathogenic,SLC3A1,177.0
Q07837,V177D,0.5395,ambiguous,SLC3A1,177.0
Q07837,V177E,0.4523,ambiguous,SLC3A1,177.0
Q07837,V177F,0.2893,benign,SLC3A1,177.0
Q07837,V177G,0.2606,benign,SLC3A1,177.0
Q07837,V177H,0.7997,pathogenic,SLC3A1,177.0
Q07837,V177I,0.0667,benign,SLC3A1,177.0
Q07837,V177K,0.5892,pathogenic,SLC3A1,177.0
Q07837,V177L,0.2852,benign,SLC3A1,177.0
Q07837,V177M,0.1729,benign,SLC3A1,177.0
Q07837,V177N,0.3787,ambiguous,SLC3A1,177.0
Q07837,V177P,0.4232,ambiguous,SLC3A1,177.0
Q07837,V177Q,0.5466,ambiguous,SLC3A1,177.0
Q07837,V177R,0.5244,ambiguous,SLC3A1,177.0
Q07837,V177S,0.2423,benign,SLC3A1,177.0
Q07837,V177T,0.1662,benign,SLC3A1,177.0
Q07837,V177W,0.8766,pathogenic,SLC3A1,177.0
Q07837,V177Y,0.724,pathogenic,SLC3A1,177.0
Q07837,E178A,0.185,benign,SLC3A1,178.0
Q07837,E178C,0.8859,pathogenic,SLC3A1,178.0
Q07837,E178D,0.2324,benign,SLC3A1,178.0
Q07837,E178F,0.8394,pathogenic,SLC3A1,178.0
Q07837,E178G,0.2228,benign,SLC3A1,178.0
Q07837,E178H,0.5973,pathogenic,SLC3A1,178.0
Q07837,E178I,0.468,ambiguous,SLC3A1,178.0
Q07837,E178K,0.18,benign,SLC3A1,178.0
Q07837,E178L,0.4957,ambiguous,SLC3A1,178.0
Q07837,E178M,0.5342,ambiguous,SLC3A1,178.0
Q07837,E178N,0.3994,ambiguous,SLC3A1,178.0
Q07837,E178P,0.8648,pathogenic,SLC3A1,178.0
Q07837,E178Q,0.1656,benign,SLC3A1,178.0
Q07837,E178R,0.316,benign,SLC3A1,178.0
Q07837,E178S,0.2335,benign,SLC3A1,178.0
Q07837,E178T,0.2592,benign,SLC3A1,178.0
Q07837,E178V,0.2803,benign,SLC3A1,178.0
Q07837,E178W,0.9191,pathogenic,SLC3A1,178.0
Q07837,E178Y,0.7441,pathogenic,SLC3A1,178.0
Q07837,D179A,0.3607,ambiguous,SLC3A1,179.0
Q07837,D179C,0.8202,pathogenic,SLC3A1,179.0
Q07837,D179E,0.5002,ambiguous,SLC3A1,179.0
Q07837,D179F,0.8128,pathogenic,SLC3A1,179.0
Q07837,D179G,0.3974,ambiguous,SLC3A1,179.0
Q07837,D179H,0.5321,ambiguous,SLC3A1,179.0
Q07837,D179I,0.5828,pathogenic,SLC3A1,179.0
Q07837,D179K,0.7618,pathogenic,SLC3A1,179.0
Q07837,D179L,0.7193,pathogenic,SLC3A1,179.0
Q07837,D179M,0.8388,pathogenic,SLC3A1,179.0
Q07837,D179N,0.1163,benign,SLC3A1,179.0
Q07837,D179P,0.9369,pathogenic,SLC3A1,179.0
Q07837,D179Q,0.7224,pathogenic,SLC3A1,179.0
Q07837,D179R,0.7589,pathogenic,SLC3A1,179.0
Q07837,D179S,0.2495,benign,SLC3A1,179.0
Q07837,D179T,0.5042,ambiguous,SLC3A1,179.0
Q07837,D179V,0.3938,ambiguous,SLC3A1,179.0
Q07837,D179W,0.9586,pathogenic,SLC3A1,179.0
Q07837,D179Y,0.3281,benign,SLC3A1,179.0
Q07837,F180A,0.8033,pathogenic,SLC3A1,180.0
Q07837,F180C,0.592,pathogenic,SLC3A1,180.0
Q07837,F180D,0.911,pathogenic,SLC3A1,180.0
Q07837,F180E,0.9408,pathogenic,SLC3A1,180.0
Q07837,F180G,0.8921,pathogenic,SLC3A1,180.0
Q07837,F180H,0.6817,pathogenic,SLC3A1,180.0
Q07837,F180I,0.3609,ambiguous,SLC3A1,180.0
Q07837,F180K,0.9527,pathogenic,SLC3A1,180.0
Q07837,F180L,0.8386,pathogenic,SLC3A1,180.0
Q07837,F180M,0.6575,pathogenic,SLC3A1,180.0
Q07837,F180N,0.7913,pathogenic,SLC3A1,180.0
Q07837,F180P,0.9414,pathogenic,SLC3A1,180.0
Q07837,F180Q,0.9031,pathogenic,SLC3A1,180.0
Q07837,F180R,0.9096,pathogenic,SLC3A1,180.0
Q07837,F180S,0.6698,pathogenic,SLC3A1,180.0
Q07837,F180T,0.767,pathogenic,SLC3A1,180.0
Q07837,F180V,0.402,ambiguous,SLC3A1,180.0
Q07837,F180W,0.6244,pathogenic,SLC3A1,180.0
Q07837,F180Y,0.2083,benign,SLC3A1,180.0
Q07837,R181A,0.2275,benign,SLC3A1,181.0
Q07837,R181C,0.1114,benign,SLC3A1,181.0
Q07837,R181D,0.4161,ambiguous,SLC3A1,181.0
Q07837,R181E,0.1395,benign,SLC3A1,181.0
Q07837,R181F,0.3295,benign,SLC3A1,181.0
Q07837,R181G,0.1198,benign,SLC3A1,181.0
Q07837,R181H,0.0928,benign,SLC3A1,181.0
Q07837,R181I,0.1972,benign,SLC3A1,181.0
Q07837,R181K,0.0862,benign,SLC3A1,181.0
Q07837,R181L,0.1297,benign,SLC3A1,181.0
Q07837,R181M,0.1914,benign,SLC3A1,181.0
Q07837,R181N,0.3437,ambiguous,SLC3A1,181.0
Q07837,R181P,0.3887,ambiguous,SLC3A1,181.0
Q07837,R181Q,0.063,benign,SLC3A1,181.0
Q07837,R181S,0.2371,benign,SLC3A1,181.0
Q07837,R181T,0.1266,benign,SLC3A1,181.0
Q07837,R181V,0.2338,benign,SLC3A1,181.0
Q07837,R181W,0.0886,benign,SLC3A1,181.0
Q07837,R181Y,0.1988,benign,SLC3A1,181.0
Q07837,E182A,0.0828,benign,SLC3A1,182.0
Q07837,E182C,0.6343,pathogenic,SLC3A1,182.0
Q07837,E182D,0.0842,benign,SLC3A1,182.0
Q07837,E182F,0.5758,pathogenic,SLC3A1,182.0
Q07837,E182G,0.0897,benign,SLC3A1,182.0
Q07837,E182H,0.2662,benign,SLC3A1,182.0
Q07837,E182I,0.277,benign,SLC3A1,182.0
Q07837,E182K,0.0926,benign,SLC3A1,182.0
Q07837,E182L,0.221,benign,SLC3A1,182.0
Q07837,E182M,0.2873,benign,SLC3A1,182.0
Q07837,E182N,0.1341,benign,SLC3A1,182.0
Q07837,E182P,0.7795,pathogenic,SLC3A1,182.0
Q07837,E182Q,0.0923,benign,SLC3A1,182.0
Q07837,E182R,0.1513,benign,SLC3A1,182.0
Q07837,E182S,0.1188,benign,SLC3A1,182.0
Q07837,E182T,0.1403,benign,SLC3A1,182.0
Q07837,E182V,0.1609,benign,SLC3A1,182.0
Q07837,E182W,0.7195,pathogenic,SLC3A1,182.0
Q07837,E182Y,0.3866,ambiguous,SLC3A1,182.0
Q07837,V183A,0.3247,benign,SLC3A1,183.0
Q07837,V183C,0.8924,pathogenic,SLC3A1,183.0
Q07837,V183D,0.8704,pathogenic,SLC3A1,183.0
Q07837,V183E,0.8189,pathogenic,SLC3A1,183.0
Q07837,V183F,0.5075,ambiguous,SLC3A1,183.0
Q07837,V183G,0.597,pathogenic,SLC3A1,183.0
Q07837,V183H,0.9476,pathogenic,SLC3A1,183.0
Q07837,V183I,0.0644,benign,SLC3A1,183.0
Q07837,V183K,0.8586,pathogenic,SLC3A1,183.0
Q07837,V183L,0.3232,benign,SLC3A1,183.0
Q07837,V183M,0.2826,benign,SLC3A1,183.0
Q07837,V183N,0.7216,pathogenic,SLC3A1,183.0
Q07837,V183P,0.594,pathogenic,SLC3A1,183.0
Q07837,V183Q,0.8674,pathogenic,SLC3A1,183.0
Q07837,V183R,0.8192,pathogenic,SLC3A1,183.0
Q07837,V183S,0.5585,ambiguous,SLC3A1,183.0
Q07837,V183T,0.2946,benign,SLC3A1,183.0
Q07837,V183W,0.9627,pathogenic,SLC3A1,183.0
Q07837,V183Y,0.879,pathogenic,SLC3A1,183.0
Q07837,D184A,0.3356,benign,SLC3A1,184.0
Q07837,D184C,0.7768,pathogenic,SLC3A1,184.0
Q07837,D184E,0.4561,ambiguous,SLC3A1,184.0
Q07837,D184F,0.7727,pathogenic,SLC3A1,184.0
Q07837,D184G,0.6575,pathogenic,SLC3A1,184.0
Q07837,D184H,0.4251,ambiguous,SLC3A1,184.0
Q07837,D184I,0.7247,pathogenic,SLC3A1,184.0
Q07837,D184K,0.8633,pathogenic,SLC3A1,184.0
Q07837,D184L,0.67,pathogenic,SLC3A1,184.0
Q07837,D184M,0.8692,pathogenic,SLC3A1,184.0
Q07837,D184N,0.2074,benign,SLC3A1,184.0
Q07837,D184P,0.9331,pathogenic,SLC3A1,184.0
Q07837,D184Q,0.7289,pathogenic,SLC3A1,184.0
Q07837,D184R,0.8481,pathogenic,SLC3A1,184.0
Q07837,D184S,0.2344,benign,SLC3A1,184.0
Q07837,D184T,0.6607,pathogenic,SLC3A1,184.0
Q07837,D184V,0.5703,pathogenic,SLC3A1,184.0
Q07837,D184W,0.9546,pathogenic,SLC3A1,184.0
Q07837,D184Y,0.3521,ambiguous,SLC3A1,184.0
Q07837,P185A,0.0936,benign,SLC3A1,185.0
Q07837,P185C,0.3982,ambiguous,SLC3A1,185.0
Q07837,P185D,0.2333,benign,SLC3A1,185.0
Q07837,P185E,0.1745,benign,SLC3A1,185.0
Q07837,P185F,0.4087,ambiguous,SLC3A1,185.0
Q07837,P185G,0.2494,benign,SLC3A1,185.0
Q07837,P185H,0.1403,benign,SLC3A1,185.0
Q07837,P185I,0.2958,benign,SLC3A1,185.0
Q07837,P185K,0.1907,benign,SLC3A1,185.0
Q07837,P185L,0.1429,benign,SLC3A1,185.0
Q07837,P185M,0.2937,benign,SLC3A1,185.0
Q07837,P185N,0.2103,benign,SLC3A1,185.0
Q07837,P185Q,0.1435,benign,SLC3A1,185.0
Q07837,P185R,0.1353,benign,SLC3A1,185.0
Q07837,P185S,0.0999,benign,SLC3A1,185.0
Q07837,P185T,0.0964,benign,SLC3A1,185.0
Q07837,P185V,0.2241,benign,SLC3A1,185.0
Q07837,P185W,0.5185,ambiguous,SLC3A1,185.0
Q07837,P185Y,0.3399,benign,SLC3A1,185.0
Q07837,I186A,0.1714,benign,SLC3A1,186.0
Q07837,I186C,0.5019,ambiguous,SLC3A1,186.0
Q07837,I186D,0.3514,ambiguous,SLC3A1,186.0
Q07837,I186E,0.2893,benign,SLC3A1,186.0
Q07837,I186F,0.1159,benign,SLC3A1,186.0
Q07837,I186G,0.4136,ambiguous,SLC3A1,186.0
Q07837,I186H,0.3023,benign,SLC3A1,186.0
Q07837,I186K,0.1882,benign,SLC3A1,186.0
Q07837,I186L,0.066,benign,SLC3A1,186.0
Q07837,I186M,0.08,benign,SLC3A1,186.0
Q07837,I186N,0.1567,benign,SLC3A1,186.0
Q07837,I186P,0.5593,ambiguous,SLC3A1,186.0
Q07837,I186Q,0.242,benign,SLC3A1,186.0
Q07837,I186R,0.1262,benign,SLC3A1,186.0
Q07837,I186S,0.1603,benign,SLC3A1,186.0
Q07837,I186T,0.142,benign,SLC3A1,186.0
Q07837,I186V,0.0627,benign,SLC3A1,186.0
Q07837,I186W,0.6277,pathogenic,SLC3A1,186.0
Q07837,I186Y,0.3268,benign,SLC3A1,186.0
Q07837,F187A,0.8306,pathogenic,SLC3A1,187.0
Q07837,F187C,0.7227,pathogenic,SLC3A1,187.0
Q07837,F187D,0.9635,pathogenic,SLC3A1,187.0
Q07837,F187E,0.9692,pathogenic,SLC3A1,187.0
Q07837,F187G,0.9225,pathogenic,SLC3A1,187.0
Q07837,F187H,0.8217,pathogenic,SLC3A1,187.0
Q07837,F187I,0.662,pathogenic,SLC3A1,187.0
Q07837,F187K,0.9739,pathogenic,SLC3A1,187.0
Q07837,F187L,0.9039,pathogenic,SLC3A1,187.0
Q07837,F187M,0.7939,pathogenic,SLC3A1,187.0
Q07837,F187N,0.8892,pathogenic,SLC3A1,187.0
Q07837,F187P,0.9931,pathogenic,SLC3A1,187.0
Q07837,F187Q,0.9447,pathogenic,SLC3A1,187.0
Q07837,F187R,0.9238,pathogenic,SLC3A1,187.0
Q07837,F187S,0.6816,pathogenic,SLC3A1,187.0
Q07837,F187T,0.8082,pathogenic,SLC3A1,187.0
Q07837,F187V,0.6468,pathogenic,SLC3A1,187.0
Q07837,F187W,0.6293,pathogenic,SLC3A1,187.0
Q07837,F187Y,0.2879,benign,SLC3A1,187.0
Q07837,G188A,0.7071,pathogenic,SLC3A1,188.0
Q07837,G188C,0.8521,pathogenic,SLC3A1,188.0
Q07837,G188D,0.8685,pathogenic,SLC3A1,188.0
Q07837,G188E,0.9108,pathogenic,SLC3A1,188.0
Q07837,G188F,0.9834,pathogenic,SLC3A1,188.0
Q07837,G188H,0.9652,pathogenic,SLC3A1,188.0
Q07837,G188I,0.9632,pathogenic,SLC3A1,188.0
Q07837,G188K,0.964,pathogenic,SLC3A1,188.0
Q07837,G188L,0.9617,pathogenic,SLC3A1,188.0
Q07837,G188M,0.9813,pathogenic,SLC3A1,188.0
Q07837,G188N,0.9413,pathogenic,SLC3A1,188.0
Q07837,G188P,0.9912,pathogenic,SLC3A1,188.0
Q07837,G188Q,0.9448,pathogenic,SLC3A1,188.0
Q07837,G188R,0.8935,pathogenic,SLC3A1,188.0
Q07837,G188S,0.5098,ambiguous,SLC3A1,188.0
Q07837,G188T,0.8793,pathogenic,SLC3A1,188.0
Q07837,G188V,0.9227,pathogenic,SLC3A1,188.0
Q07837,G188W,0.9507,pathogenic,SLC3A1,188.0
Q07837,G188Y,0.9694,pathogenic,SLC3A1,188.0
Q07837,T189A,0.107,benign,SLC3A1,189.0
Q07837,T189C,0.4615,ambiguous,SLC3A1,189.0
Q07837,T189D,0.1718,benign,SLC3A1,189.0
Q07837,T189E,0.2007,benign,SLC3A1,189.0
Q07837,T189F,0.3689,ambiguous,SLC3A1,189.0
Q07837,T189G,0.2135,benign,SLC3A1,189.0
Q07837,T189H,0.2139,benign,SLC3A1,189.0
Q07837,T189I,0.3576,ambiguous,SLC3A1,189.0
Q07837,T189K,0.1284,benign,SLC3A1,189.0
Q07837,T189L,0.1779,benign,SLC3A1,189.0
Q07837,T189M,0.1333,benign,SLC3A1,189.0
Q07837,T189N,0.0773,benign,SLC3A1,189.0
Q07837,T189P,0.2535,benign,SLC3A1,189.0
Q07837,T189Q,0.1862,benign,SLC3A1,189.0
Q07837,T189R,0.1121,benign,SLC3A1,189.0
Q07837,T189S,0.0848,benign,SLC3A1,189.0
Q07837,T189V,0.2773,benign,SLC3A1,189.0
Q07837,T189W,0.6268,pathogenic,SLC3A1,189.0
Q07837,T189Y,0.3055,benign,SLC3A1,189.0
Q07837,M190A,0.3192,benign,SLC3A1,190.0
Q07837,M190C,0.8618,pathogenic,SLC3A1,190.0
Q07837,M190D,0.6425,pathogenic,SLC3A1,190.0
Q07837,M190E,0.3465,ambiguous,SLC3A1,190.0
Q07837,M190F,0.4496,ambiguous,SLC3A1,190.0
Q07837,M190G,0.5588,ambiguous,SLC3A1,190.0
Q07837,M190H,0.5382,ambiguous,SLC3A1,190.0
Q07837,M190I,0.3035,benign,SLC3A1,190.0
Q07837,M190K,0.1571,benign,SLC3A1,190.0
Q07837,M190L,0.1156,benign,SLC3A1,190.0
Q07837,M190N,0.417,ambiguous,SLC3A1,190.0
Q07837,M190P,0.5722,pathogenic,SLC3A1,190.0
Q07837,M190Q,0.2874,benign,SLC3A1,190.0
Q07837,M190R,0.1573,benign,SLC3A1,190.0
Q07837,M190S,0.3514,ambiguous,SLC3A1,190.0
Q07837,M190T,0.1407,benign,SLC3A1,190.0
Q07837,M190V,0.0763,benign,SLC3A1,190.0
Q07837,M190W,0.6105,pathogenic,SLC3A1,190.0
Q07837,M190Y,0.697,pathogenic,SLC3A1,190.0
Q07837,E191A,0.0807,benign,SLC3A1,191.0
Q07837,E191C,0.6091,pathogenic,SLC3A1,191.0
Q07837,E191D,0.0983,benign,SLC3A1,191.0
Q07837,E191F,0.5246,ambiguous,SLC3A1,191.0
Q07837,E191G,0.0756,benign,SLC3A1,191.0
Q07837,E191H,0.2336,benign,SLC3A1,191.0
Q07837,E191I,0.2259,benign,SLC3A1,191.0
Q07837,E191K,0.0626,benign,SLC3A1,191.0
Q07837,E191L,0.1942,benign,SLC3A1,191.0
Q07837,E191M,0.2375,benign,SLC3A1,191.0
Q07837,E191N,0.1274,benign,SLC3A1,191.0
Q07837,E191P,0.3087,benign,SLC3A1,191.0
Q07837,E191Q,0.0863,benign,SLC3A1,191.0
Q07837,E191R,0.0974,benign,SLC3A1,191.0
Q07837,E191S,0.1039,benign,SLC3A1,191.0
Q07837,E191T,0.105,benign,SLC3A1,191.0
Q07837,E191V,0.1468,benign,SLC3A1,191.0
Q07837,E191W,0.5584,ambiguous,SLC3A1,191.0
Q07837,E191Y,0.3482,ambiguous,SLC3A1,191.0
Q07837,D192A,0.2865,benign,SLC3A1,192.0
Q07837,D192C,0.7529,pathogenic,SLC3A1,192.0
Q07837,D192E,0.2553,benign,SLC3A1,192.0
Q07837,D192F,0.7826,pathogenic,SLC3A1,192.0
Q07837,D192G,0.3194,benign,SLC3A1,192.0
Q07837,D192H,0.4635,ambiguous,SLC3A1,192.0
Q07837,D192I,0.474,ambiguous,SLC3A1,192.0
Q07837,D192K,0.6498,pathogenic,SLC3A1,192.0
Q07837,D192L,0.637,pathogenic,SLC3A1,192.0
Q07837,D192M,0.7375,pathogenic,SLC3A1,192.0
Q07837,D192N,0.1702,benign,SLC3A1,192.0
Q07837,D192P,0.9406,pathogenic,SLC3A1,192.0
Q07837,D192Q,0.5299,ambiguous,SLC3A1,192.0
Q07837,D192R,0.7092,pathogenic,SLC3A1,192.0
Q07837,D192S,0.2487,benign,SLC3A1,192.0
Q07837,D192T,0.4002,ambiguous,SLC3A1,192.0
Q07837,D192V,0.3012,benign,SLC3A1,192.0
Q07837,D192W,0.9494,pathogenic,SLC3A1,192.0
Q07837,D192Y,0.3082,benign,SLC3A1,192.0
Q07837,F193A,0.6527,pathogenic,SLC3A1,193.0
Q07837,F193C,0.5196,ambiguous,SLC3A1,193.0
Q07837,F193D,0.978,pathogenic,SLC3A1,193.0
Q07837,F193E,0.9714,pathogenic,SLC3A1,193.0
Q07837,F193G,0.8896,pathogenic,SLC3A1,193.0
Q07837,F193H,0.916,pathogenic,SLC3A1,193.0
Q07837,F193I,0.2629,benign,SLC3A1,193.0
Q07837,F193K,0.9694,pathogenic,SLC3A1,193.0
Q07837,F193L,0.7254,pathogenic,SLC3A1,193.0
Q07837,F193M,0.4468,ambiguous,SLC3A1,193.0
Q07837,F193N,0.9388,pathogenic,SLC3A1,193.0
Q07837,F193P,0.996,pathogenic,SLC3A1,193.0
Q07837,F193Q,0.9504,pathogenic,SLC3A1,193.0
Q07837,F193R,0.9326,pathogenic,SLC3A1,193.0
Q07837,F193S,0.7137,pathogenic,SLC3A1,193.0
Q07837,F193T,0.6126,pathogenic,SLC3A1,193.0
Q07837,F193V,0.2363,benign,SLC3A1,193.0
Q07837,F193W,0.6378,pathogenic,SLC3A1,193.0
Q07837,F193Y,0.3731,ambiguous,SLC3A1,193.0
Q07837,E194A,0.2005,benign,SLC3A1,194.0
Q07837,E194C,0.8467,pathogenic,SLC3A1,194.0
Q07837,E194D,0.1322,benign,SLC3A1,194.0
Q07837,E194F,0.8092,pathogenic,SLC3A1,194.0
Q07837,E194G,0.1394,benign,SLC3A1,194.0
Q07837,E194H,0.4088,ambiguous,SLC3A1,194.0
Q07837,E194I,0.4515,ambiguous,SLC3A1,194.0
Q07837,E194K,0.1128,benign,SLC3A1,194.0
Q07837,E194L,0.4572,ambiguous,SLC3A1,194.0
Q07837,E194M,0.5633,ambiguous,SLC3A1,194.0
Q07837,E194N,0.2248,benign,SLC3A1,194.0
Q07837,E194P,0.881,pathogenic,SLC3A1,194.0
Q07837,E194Q,0.121,benign,SLC3A1,194.0
Q07837,E194R,0.1782,benign,SLC3A1,194.0
Q07837,E194S,0.1978,benign,SLC3A1,194.0
Q07837,E194T,0.2479,benign,SLC3A1,194.0
Q07837,E194V,0.294,benign,SLC3A1,194.0
Q07837,E194W,0.8465,pathogenic,SLC3A1,194.0
Q07837,E194Y,0.6124,pathogenic,SLC3A1,194.0
Q07837,N195A,0.1324,benign,SLC3A1,195.0
Q07837,N195C,0.2241,benign,SLC3A1,195.0
Q07837,N195D,0.0784,benign,SLC3A1,195.0
Q07837,N195E,0.1636,benign,SLC3A1,195.0
Q07837,N195F,0.2984,benign,SLC3A1,195.0
Q07837,N195G,0.2118,benign,SLC3A1,195.0
Q07837,N195H,0.084,benign,SLC3A1,195.0
Q07837,N195I,0.1255,benign,SLC3A1,195.0
Q07837,N195K,0.1271,benign,SLC3A1,195.0
Q07837,N195L,0.1563,benign,SLC3A1,195.0
Q07837,N195M,0.201,benign,SLC3A1,195.0
Q07837,N195P,0.7496,pathogenic,SLC3A1,195.0
Q07837,N195Q,0.1705,benign,SLC3A1,195.0
Q07837,N195R,0.1655,benign,SLC3A1,195.0
Q07837,N195S,0.0836,benign,SLC3A1,195.0
Q07837,N195T,0.097,benign,SLC3A1,195.0
Q07837,N195V,0.1383,benign,SLC3A1,195.0
Q07837,N195W,0.5284,ambiguous,SLC3A1,195.0
Q07837,N195Y,0.1034,benign,SLC3A1,195.0
Q07837,L196A,0.61,pathogenic,SLC3A1,196.0
Q07837,L196C,0.8154,pathogenic,SLC3A1,196.0
Q07837,L196D,0.9903,pathogenic,SLC3A1,196.0
Q07837,L196E,0.956,pathogenic,SLC3A1,196.0
Q07837,L196F,0.3206,benign,SLC3A1,196.0
Q07837,L196G,0.9185,pathogenic,SLC3A1,196.0
Q07837,L196H,0.8667,pathogenic,SLC3A1,196.0
Q07837,L196I,0.1885,benign,SLC3A1,196.0
Q07837,L196K,0.9502,pathogenic,SLC3A1,196.0
Q07837,L196M,0.1639,benign,SLC3A1,196.0
Q07837,L196N,0.9568,pathogenic,SLC3A1,196.0
Q07837,L196P,0.9831,pathogenic,SLC3A1,196.0
Q07837,L196Q,0.8409,pathogenic,SLC3A1,196.0
Q07837,L196R,0.8871,pathogenic,SLC3A1,196.0
Q07837,L196S,0.8379,pathogenic,SLC3A1,196.0
Q07837,L196T,0.4975,ambiguous,SLC3A1,196.0
Q07837,L196V,0.1656,benign,SLC3A1,196.0
Q07837,L196W,0.7736,pathogenic,SLC3A1,196.0
Q07837,L196Y,0.8722,pathogenic,SLC3A1,196.0
Q07837,V197A,0.128,benign,SLC3A1,197.0
Q07837,V197C,0.7222,pathogenic,SLC3A1,197.0
Q07837,V197D,0.5965,pathogenic,SLC3A1,197.0
Q07837,V197E,0.3739,ambiguous,SLC3A1,197.0
Q07837,V197F,0.2651,benign,SLC3A1,197.0
Q07837,V197G,0.2623,benign,SLC3A1,197.0
Q07837,V197H,0.591,pathogenic,SLC3A1,197.0
Q07837,V197I,0.0717,benign,SLC3A1,197.0
Q07837,V197K,0.3145,benign,SLC3A1,197.0
Q07837,V197L,0.0983,benign,SLC3A1,197.0
Q07837,V197M,0.1303,benign,SLC3A1,197.0
Q07837,V197N,0.3799,ambiguous,SLC3A1,197.0
Q07837,V197P,0.778,pathogenic,SLC3A1,197.0
Q07837,V197Q,0.3069,benign,SLC3A1,197.0
Q07837,V197R,0.2607,benign,SLC3A1,197.0
Q07837,V197S,0.2123,benign,SLC3A1,197.0
Q07837,V197T,0.1358,benign,SLC3A1,197.0
Q07837,V197W,0.7737,pathogenic,SLC3A1,197.0
Q07837,V197Y,0.6488,pathogenic,SLC3A1,197.0
Q07837,A198C,0.5148,ambiguous,SLC3A1,198.0
Q07837,A198D,0.2076,benign,SLC3A1,198.0
Q07837,A198E,0.1925,benign,SLC3A1,198.0
Q07837,A198F,0.2963,benign,SLC3A1,198.0
Q07837,A198G,0.1442,benign,SLC3A1,198.0
Q07837,A198H,0.3587,ambiguous,SLC3A1,198.0
Q07837,A198I,0.2135,benign,SLC3A1,198.0
Q07837,A198K,0.2558,benign,SLC3A1,198.0
Q07837,A198L,0.1649,benign,SLC3A1,198.0
Q07837,A198M,0.1957,benign,SLC3A1,198.0
Q07837,A198N,0.2161,benign,SLC3A1,198.0
Q07837,A198P,0.611,pathogenic,SLC3A1,198.0
Q07837,A198Q,0.2489,benign,SLC3A1,198.0
Q07837,A198R,0.2311,benign,SLC3A1,198.0
Q07837,A198S,0.0922,benign,SLC3A1,198.0
Q07837,A198T,0.0829,benign,SLC3A1,198.0
Q07837,A198V,0.1192,benign,SLC3A1,198.0
Q07837,A198W,0.6282,pathogenic,SLC3A1,198.0
Q07837,A198Y,0.3714,ambiguous,SLC3A1,198.0
Q07837,A199C,0.4858,ambiguous,SLC3A1,199.0
Q07837,A199D,0.1719,benign,SLC3A1,199.0
Q07837,A199E,0.1642,benign,SLC3A1,199.0
Q07837,A199F,0.3178,benign,SLC3A1,199.0
Q07837,A199G,0.1422,benign,SLC3A1,199.0
Q07837,A199H,0.3637,ambiguous,SLC3A1,199.0
Q07837,A199I,0.2237,benign,SLC3A1,199.0
Q07837,A199K,0.2664,benign,SLC3A1,199.0
Q07837,A199L,0.1946,benign,SLC3A1,199.0
Q07837,A199M,0.2103,benign,SLC3A1,199.0
Q07837,A199N,0.1909,benign,SLC3A1,199.0
Q07837,A199P,0.789,pathogenic,SLC3A1,199.0
Q07837,A199Q,0.2305,benign,SLC3A1,199.0
Q07837,A199R,0.2426,benign,SLC3A1,199.0
Q07837,A199S,0.0908,benign,SLC3A1,199.0
Q07837,A199T,0.0784,benign,SLC3A1,199.0
Q07837,A199V,0.1228,benign,SLC3A1,199.0
Q07837,A199W,0.6804,pathogenic,SLC3A1,199.0
Q07837,A199Y,0.3872,ambiguous,SLC3A1,199.0
Q07837,I200A,0.3707,ambiguous,SLC3A1,200.0
Q07837,I200C,0.7517,pathogenic,SLC3A1,200.0
Q07837,I200D,0.9382,pathogenic,SLC3A1,200.0
Q07837,I200E,0.8916,pathogenic,SLC3A1,200.0
Q07837,I200F,0.2486,benign,SLC3A1,200.0
Q07837,I200G,0.7983,pathogenic,SLC3A1,200.0
Q07837,I200H,0.8592,pathogenic,SLC3A1,200.0
Q07837,I200K,0.8214,pathogenic,SLC3A1,200.0
Q07837,I200L,0.1134,benign,SLC3A1,200.0
Q07837,I200M,0.0995,benign,SLC3A1,200.0
Q07837,I200N,0.61,pathogenic,SLC3A1,200.0
Q07837,I200P,0.9451,pathogenic,SLC3A1,200.0
Q07837,I200Q,0.8017,pathogenic,SLC3A1,200.0
Q07837,I200R,0.7364,pathogenic,SLC3A1,200.0
Q07837,I200S,0.4574,ambiguous,SLC3A1,200.0
Q07837,I200T,0.3562,ambiguous,SLC3A1,200.0
Q07837,I200V,0.0774,benign,SLC3A1,200.0
Q07837,I200W,0.9398,pathogenic,SLC3A1,200.0
Q07837,I200Y,0.8065,pathogenic,SLC3A1,200.0
Q07837,H201A,0.7736,pathogenic,SLC3A1,201.0
Q07837,H201C,0.5482,ambiguous,SLC3A1,201.0
Q07837,H201D,0.6697,pathogenic,SLC3A1,201.0
Q07837,H201E,0.6335,pathogenic,SLC3A1,201.0
Q07837,H201F,0.8394,pathogenic,SLC3A1,201.0
Q07837,H201G,0.6626,pathogenic,SLC3A1,201.0
Q07837,H201I,0.8527,pathogenic,SLC3A1,201.0
Q07837,H201K,0.2753,benign,SLC3A1,201.0
Q07837,H201L,0.4978,ambiguous,SLC3A1,201.0
Q07837,H201M,0.8856,pathogenic,SLC3A1,201.0
Q07837,H201N,0.3843,ambiguous,SLC3A1,201.0
Q07837,H201P,0.7483,pathogenic,SLC3A1,201.0
Q07837,H201Q,0.3657,ambiguous,SLC3A1,201.0
Q07837,H201R,0.1187,benign,SLC3A1,201.0
Q07837,H201S,0.6368,pathogenic,SLC3A1,201.0
Q07837,H201T,0.7398,pathogenic,SLC3A1,201.0
Q07837,H201V,0.8129,pathogenic,SLC3A1,201.0
Q07837,H201W,0.6494,pathogenic,SLC3A1,201.0
Q07837,H201Y,0.336,benign,SLC3A1,201.0
Q07837,D202A,0.1063,benign,SLC3A1,202.0
Q07837,D202C,0.4291,ambiguous,SLC3A1,202.0
Q07837,D202E,0.1063,benign,SLC3A1,202.0
Q07837,D202F,0.3924,ambiguous,SLC3A1,202.0
Q07837,D202G,0.0858,benign,SLC3A1,202.0
Q07837,D202H,0.1243,benign,SLC3A1,202.0
Q07837,D202I,0.2528,benign,SLC3A1,202.0
Q07837,D202K,0.1318,benign,SLC3A1,202.0
Q07837,D202L,0.2378,benign,SLC3A1,202.0
Q07837,D202M,0.4495,ambiguous,SLC3A1,202.0
Q07837,D202N,0.0709,benign,SLC3A1,202.0
Q07837,D202P,0.8061,pathogenic,SLC3A1,202.0
Q07837,D202Q,0.1368,benign,SLC3A1,202.0
Q07837,D202R,0.1352,benign,SLC3A1,202.0
Q07837,D202S,0.0793,benign,SLC3A1,202.0
Q07837,D202T,0.1595,benign,SLC3A1,202.0
Q07837,D202V,0.1517,benign,SLC3A1,202.0
Q07837,D202W,0.7257,pathogenic,SLC3A1,202.0
Q07837,D202Y,0.1244,benign,SLC3A1,202.0
Q07837,K203A,0.3078,benign,SLC3A1,203.0
Q07837,K203C,0.6198,pathogenic,SLC3A1,203.0
Q07837,K203D,0.4786,ambiguous,SLC3A1,203.0
Q07837,K203E,0.1246,benign,SLC3A1,203.0
Q07837,K203F,0.6962,pathogenic,SLC3A1,203.0
Q07837,K203G,0.3409,ambiguous,SLC3A1,203.0
Q07837,K203H,0.23,benign,SLC3A1,203.0
Q07837,K203I,0.3694,ambiguous,SLC3A1,203.0
Q07837,K203L,0.2931,benign,SLC3A1,203.0
Q07837,K203M,0.2174,benign,SLC3A1,203.0
Q07837,K203N,0.3005,benign,SLC3A1,203.0
Q07837,K203P,0.902,pathogenic,SLC3A1,203.0
Q07837,K203Q,0.1118,benign,SLC3A1,203.0
Q07837,K203R,0.0642,benign,SLC3A1,203.0
Q07837,K203S,0.3107,benign,SLC3A1,203.0
Q07837,K203T,0.2015,benign,SLC3A1,203.0
Q07837,K203V,0.3596,ambiguous,SLC3A1,203.0
Q07837,K203W,0.6576,pathogenic,SLC3A1,203.0
Q07837,K203Y,0.5059,ambiguous,SLC3A1,203.0
Q07837,G204A,0.3183,benign,SLC3A1,204.0
Q07837,G204C,0.4278,ambiguous,SLC3A1,204.0
Q07837,G204D,0.1262,benign,SLC3A1,204.0
Q07837,G204E,0.1659,benign,SLC3A1,204.0
Q07837,G204F,0.8262,pathogenic,SLC3A1,204.0
Q07837,G204H,0.3427,ambiguous,SLC3A1,204.0
Q07837,G204I,0.6907,pathogenic,SLC3A1,204.0
Q07837,G204K,0.3056,benign,SLC3A1,204.0
Q07837,G204L,0.7861,pathogenic,SLC3A1,204.0
Q07837,G204M,0.7671,pathogenic,SLC3A1,204.0
Q07837,G204N,0.2101,benign,SLC3A1,204.0
Q07837,G204P,0.9317,pathogenic,SLC3A1,204.0
Q07837,G204Q,0.262,benign,SLC3A1,204.0
Q07837,G204R,0.2691,benign,SLC3A1,204.0
Q07837,G204S,0.1397,benign,SLC3A1,204.0
Q07837,G204T,0.4217,ambiguous,SLC3A1,204.0
Q07837,G204V,0.5199,ambiguous,SLC3A1,204.0
Q07837,G204W,0.6168,pathogenic,SLC3A1,204.0
Q07837,G204Y,0.5335,ambiguous,SLC3A1,204.0
Q07837,L205A,0.6197,pathogenic,SLC3A1,205.0
Q07837,L205C,0.7363,pathogenic,SLC3A1,205.0
Q07837,L205D,0.9479,pathogenic,SLC3A1,205.0
Q07837,L205E,0.7159,pathogenic,SLC3A1,205.0
Q07837,L205F,0.2237,benign,SLC3A1,205.0
Q07837,L205G,0.8043,pathogenic,SLC3A1,205.0
Q07837,L205H,0.4966,ambiguous,SLC3A1,205.0
Q07837,L205I,0.1527,benign,SLC3A1,205.0
Q07837,L205K,0.4369,ambiguous,SLC3A1,205.0
Q07837,L205M,0.1215,benign,SLC3A1,205.0
Q07837,L205N,0.7622,pathogenic,SLC3A1,205.0
Q07837,L205P,0.9146,pathogenic,SLC3A1,205.0
Q07837,L205Q,0.2776,benign,SLC3A1,205.0
Q07837,L205R,0.3514,ambiguous,SLC3A1,205.0
Q07837,L205S,0.6528,pathogenic,SLC3A1,205.0
Q07837,L205T,0.6359,pathogenic,SLC3A1,205.0
Q07837,L205V,0.1764,benign,SLC3A1,205.0
Q07837,L205W,0.3899,ambiguous,SLC3A1,205.0
Q07837,L205Y,0.5774,pathogenic,SLC3A1,205.0
Q07837,K206A,0.8085,pathogenic,SLC3A1,206.0
Q07837,K206C,0.8272,pathogenic,SLC3A1,206.0
Q07837,K206D,0.931,pathogenic,SLC3A1,206.0
Q07837,K206E,0.6156,pathogenic,SLC3A1,206.0
Q07837,K206F,0.8695,pathogenic,SLC3A1,206.0
Q07837,K206G,0.82,pathogenic,SLC3A1,206.0
Q07837,K206H,0.2871,benign,SLC3A1,206.0
Q07837,K206I,0.8141,pathogenic,SLC3A1,206.0
Q07837,K206L,0.6909,pathogenic,SLC3A1,206.0
Q07837,K206M,0.5555,ambiguous,SLC3A1,206.0
Q07837,K206N,0.7554,pathogenic,SLC3A1,206.0
Q07837,K206P,0.9551,pathogenic,SLC3A1,206.0
Q07837,K206Q,0.2283,benign,SLC3A1,206.0
Q07837,K206R,0.0874,benign,SLC3A1,206.0
Q07837,K206S,0.773,pathogenic,SLC3A1,206.0
Q07837,K206T,0.6328,pathogenic,SLC3A1,206.0
Q07837,K206V,0.7811,pathogenic,SLC3A1,206.0
Q07837,K206W,0.8501,pathogenic,SLC3A1,206.0
Q07837,K206Y,0.726,pathogenic,SLC3A1,206.0
Q07837,L207A,0.6647,pathogenic,SLC3A1,207.0
Q07837,L207C,0.7024,pathogenic,SLC3A1,207.0
Q07837,L207D,0.9902,pathogenic,SLC3A1,207.0
Q07837,L207E,0.9503,pathogenic,SLC3A1,207.0
Q07837,L207F,0.2702,benign,SLC3A1,207.0
Q07837,L207G,0.875,pathogenic,SLC3A1,207.0
Q07837,L207H,0.8775,pathogenic,SLC3A1,207.0
Q07837,L207I,0.0842,benign,SLC3A1,207.0
Q07837,L207K,0.9349,pathogenic,SLC3A1,207.0
Q07837,L207M,0.151,benign,SLC3A1,207.0
Q07837,L207N,0.9406,pathogenic,SLC3A1,207.0
Q07837,L207P,0.8846,pathogenic,SLC3A1,207.0
Q07837,L207Q,0.8376,pathogenic,SLC3A1,207.0
Q07837,L207R,0.8781,pathogenic,SLC3A1,207.0
Q07837,L207S,0.8546,pathogenic,SLC3A1,207.0
Q07837,L207T,0.6657,pathogenic,SLC3A1,207.0
Q07837,L207V,0.0845,benign,SLC3A1,207.0
Q07837,L207W,0.6406,pathogenic,SLC3A1,207.0
Q07837,L207Y,0.7934,pathogenic,SLC3A1,207.0
Q07837,I208A,0.6572,pathogenic,SLC3A1,208.0
Q07837,I208C,0.8631,pathogenic,SLC3A1,208.0
Q07837,I208D,0.9707,pathogenic,SLC3A1,208.0
Q07837,I208E,0.9388,pathogenic,SLC3A1,208.0
Q07837,I208F,0.3145,benign,SLC3A1,208.0
Q07837,I208G,0.8959,pathogenic,SLC3A1,208.0
Q07837,I208H,0.8838,pathogenic,SLC3A1,208.0
Q07837,I208K,0.8524,pathogenic,SLC3A1,208.0
Q07837,I208L,0.1266,benign,SLC3A1,208.0
Q07837,I208M,0.1323,benign,SLC3A1,208.0
Q07837,I208N,0.7287,pathogenic,SLC3A1,208.0
Q07837,I208P,0.9513,pathogenic,SLC3A1,208.0
Q07837,I208Q,0.841,pathogenic,SLC3A1,208.0
Q07837,I208R,0.7969,pathogenic,SLC3A1,208.0
Q07837,I208S,0.6961,pathogenic,SLC3A1,208.0
Q07837,I208T,0.6193,pathogenic,SLC3A1,208.0
Q07837,I208V,0.1044,benign,SLC3A1,208.0
Q07837,I208W,0.9252,pathogenic,SLC3A1,208.0
Q07837,I208Y,0.8311,pathogenic,SLC3A1,208.0
Q07837,I209A,0.2541,benign,SLC3A1,209.0
Q07837,I209C,0.745,pathogenic,SLC3A1,209.0
Q07837,I209D,0.903,pathogenic,SLC3A1,209.0
Q07837,I209E,0.8122,pathogenic,SLC3A1,209.0
Q07837,I209F,0.2169,benign,SLC3A1,209.0
Q07837,I209G,0.734,pathogenic,SLC3A1,209.0
Q07837,I209H,0.7921,pathogenic,SLC3A1,209.0
Q07837,I209K,0.6734,pathogenic,SLC3A1,209.0
Q07837,I209L,0.0853,benign,SLC3A1,209.0
Q07837,I209M,0.0629,benign,SLC3A1,209.0
Q07837,I209N,0.568,pathogenic,SLC3A1,209.0
Q07837,I209P,0.8264,pathogenic,SLC3A1,209.0
Q07837,I209Q,0.6798,pathogenic,SLC3A1,209.0
Q07837,I209R,0.5764,pathogenic,SLC3A1,209.0
Q07837,I209S,0.359,ambiguous,SLC3A1,209.0
Q07837,I209T,0.1235,benign,SLC3A1,209.0
Q07837,I209V,0.0744,benign,SLC3A1,209.0
Q07837,I209W,0.8454,pathogenic,SLC3A1,209.0
Q07837,I209Y,0.7444,pathogenic,SLC3A1,209.0
Q07837,D210A,0.6181,pathogenic,SLC3A1,210.0
Q07837,D210C,0.9353,pathogenic,SLC3A1,210.0
Q07837,D210E,0.6754,pathogenic,SLC3A1,210.0
Q07837,D210F,0.9518,pathogenic,SLC3A1,210.0
Q07837,D210G,0.5382,ambiguous,SLC3A1,210.0
Q07837,D210H,0.676,pathogenic,SLC3A1,210.0
Q07837,D210I,0.9331,pathogenic,SLC3A1,210.0
Q07837,D210K,0.9011,pathogenic,SLC3A1,210.0
Q07837,D210L,0.8939,pathogenic,SLC3A1,210.0
Q07837,D210M,0.9763,pathogenic,SLC3A1,210.0
Q07837,D210N,0.273,benign,SLC3A1,210.0
Q07837,D210P,0.9412,pathogenic,SLC3A1,210.0
Q07837,D210Q,0.8576,pathogenic,SLC3A1,210.0
Q07837,D210R,0.8538,pathogenic,SLC3A1,210.0
Q07837,D210S,0.3081,benign,SLC3A1,210.0
Q07837,D210T,0.7304,pathogenic,SLC3A1,210.0
Q07837,D210V,0.8181,pathogenic,SLC3A1,210.0
Q07837,D210W,0.9861,pathogenic,SLC3A1,210.0
Q07837,D210Y,0.6687,pathogenic,SLC3A1,210.0
Q07837,F211A,0.6444,pathogenic,SLC3A1,211.0
Q07837,F211C,0.3186,benign,SLC3A1,211.0
Q07837,F211D,0.9409,pathogenic,SLC3A1,211.0
Q07837,F211E,0.9525,pathogenic,SLC3A1,211.0
Q07837,F211G,0.8397,pathogenic,SLC3A1,211.0
Q07837,F211H,0.8263,pathogenic,SLC3A1,211.0
Q07837,F211I,0.1387,benign,SLC3A1,211.0
Q07837,F211K,0.9679,pathogenic,SLC3A1,211.0
Q07837,F211L,0.6282,pathogenic,SLC3A1,211.0
Q07837,F211M,0.3863,ambiguous,SLC3A1,211.0
Q07837,F211N,0.8194,pathogenic,SLC3A1,211.0
Q07837,F211P,0.9904,pathogenic,SLC3A1,211.0
Q07837,F211Q,0.9246,pathogenic,SLC3A1,211.0
Q07837,F211R,0.9354,pathogenic,SLC3A1,211.0
Q07837,F211S,0.6462,pathogenic,SLC3A1,211.0
Q07837,F211T,0.6538,pathogenic,SLC3A1,211.0
Q07837,F211V,0.1468,benign,SLC3A1,211.0
Q07837,F211W,0.6505,pathogenic,SLC3A1,211.0
Q07837,F211Y,0.2321,benign,SLC3A1,211.0
Q07837,I212A,0.6936,pathogenic,SLC3A1,212.0
Q07837,I212C,0.8764,pathogenic,SLC3A1,212.0
Q07837,I212D,0.8899,pathogenic,SLC3A1,212.0
Q07837,I212E,0.7993,pathogenic,SLC3A1,212.0
Q07837,I212F,0.2929,benign,SLC3A1,212.0
Q07837,I212G,0.9297,pathogenic,SLC3A1,212.0
Q07837,I212H,0.6674,pathogenic,SLC3A1,212.0
Q07837,I212K,0.6297,pathogenic,SLC3A1,212.0
Q07837,I212L,0.1938,benign,SLC3A1,212.0
Q07837,I212M,0.2252,benign,SLC3A1,212.0
Q07837,I212N,0.4797,ambiguous,SLC3A1,212.0
Q07837,I212P,0.8265,pathogenic,SLC3A1,212.0
Q07837,I212Q,0.6453,pathogenic,SLC3A1,212.0
Q07837,I212R,0.5112,ambiguous,SLC3A1,212.0
Q07837,I212S,0.4906,ambiguous,SLC3A1,212.0
Q07837,I212T,0.4573,ambiguous,SLC3A1,212.0
Q07837,I212V,0.1292,benign,SLC3A1,212.0
Q07837,I212W,0.9192,pathogenic,SLC3A1,212.0
Q07837,I212Y,0.733,pathogenic,SLC3A1,212.0
Q07837,P213A,0.2997,benign,SLC3A1,213.0
Q07837,P213C,0.8399,pathogenic,SLC3A1,213.0
Q07837,P213D,0.9899,pathogenic,SLC3A1,213.0
Q07837,P213E,0.9574,pathogenic,SLC3A1,213.0
Q07837,P213F,0.8818,pathogenic,SLC3A1,213.0
Q07837,P213G,0.8625,pathogenic,SLC3A1,213.0
Q07837,P213H,0.8902,pathogenic,SLC3A1,213.0
Q07837,P213I,0.6056,pathogenic,SLC3A1,213.0
Q07837,P213K,0.9715,pathogenic,SLC3A1,213.0
Q07837,P213L,0.2776,benign,SLC3A1,213.0
Q07837,P213M,0.7279,pathogenic,SLC3A1,213.0
Q07837,P213N,0.9712,pathogenic,SLC3A1,213.0
Q07837,P213Q,0.8609,pathogenic,SLC3A1,213.0
Q07837,P213R,0.8923,pathogenic,SLC3A1,213.0
Q07837,P213S,0.6451,pathogenic,SLC3A1,213.0
Q07837,P213T,0.5355,ambiguous,SLC3A1,213.0
Q07837,P213V,0.5058,ambiguous,SLC3A1,213.0
Q07837,P213W,0.9606,pathogenic,SLC3A1,213.0
Q07837,P213Y,0.9423,pathogenic,SLC3A1,213.0
Q07837,N214A,0.6794,pathogenic,SLC3A1,214.0
Q07837,N214C,0.724,pathogenic,SLC3A1,214.0
Q07837,N214D,0.7542,pathogenic,SLC3A1,214.0
Q07837,N214E,0.9493,pathogenic,SLC3A1,214.0
Q07837,N214F,0.9756,pathogenic,SLC3A1,214.0
Q07837,N214G,0.6532,pathogenic,SLC3A1,214.0
Q07837,N214H,0.6647,pathogenic,SLC3A1,214.0
Q07837,N214I,0.8246,pathogenic,SLC3A1,214.0
Q07837,N214K,0.9461,pathogenic,SLC3A1,214.0
Q07837,N214L,0.7842,pathogenic,SLC3A1,214.0
Q07837,N214M,0.8949,pathogenic,SLC3A1,214.0
Q07837,N214P,0.89,pathogenic,SLC3A1,214.0
Q07837,N214Q,0.9151,pathogenic,SLC3A1,214.0
Q07837,N214R,0.9287,pathogenic,SLC3A1,214.0
Q07837,N214S,0.1424,benign,SLC3A1,214.0
Q07837,N214T,0.5522,ambiguous,SLC3A1,214.0
Q07837,N214V,0.7476,pathogenic,SLC3A1,214.0
Q07837,N214W,0.9922,pathogenic,SLC3A1,214.0
Q07837,N214Y,0.8276,pathogenic,SLC3A1,214.0
Q07837,H215A,0.9409,pathogenic,SLC3A1,215.0
Q07837,H215C,0.7517,pathogenic,SLC3A1,215.0
Q07837,H215D,0.9025,pathogenic,SLC3A1,215.0
Q07837,H215E,0.9161,pathogenic,SLC3A1,215.0
Q07837,H215F,0.8274,pathogenic,SLC3A1,215.0
Q07837,H215G,0.9511,pathogenic,SLC3A1,215.0
Q07837,H215I,0.9409,pathogenic,SLC3A1,215.0
Q07837,H215K,0.8637,pathogenic,SLC3A1,215.0
Q07837,H215L,0.7116,pathogenic,SLC3A1,215.0
Q07837,H215M,0.95,pathogenic,SLC3A1,215.0
Q07837,H215N,0.5965,pathogenic,SLC3A1,215.0
Q07837,H215P,0.9538,pathogenic,SLC3A1,215.0
Q07837,H215Q,0.7713,pathogenic,SLC3A1,215.0
Q07837,H215R,0.5749,pathogenic,SLC3A1,215.0
Q07837,H215S,0.8697,pathogenic,SLC3A1,215.0
Q07837,H215T,0.9164,pathogenic,SLC3A1,215.0
Q07837,H215V,0.9187,pathogenic,SLC3A1,215.0
Q07837,H215W,0.8953,pathogenic,SLC3A1,215.0
Q07837,H215Y,0.4882,ambiguous,SLC3A1,215.0
Q07837,T216A,0.4355,ambiguous,SLC3A1,216.0
Q07837,T216C,0.8535,pathogenic,SLC3A1,216.0
Q07837,T216D,0.9623,pathogenic,SLC3A1,216.0
Q07837,T216E,0.9686,pathogenic,SLC3A1,216.0
Q07837,T216F,0.9567,pathogenic,SLC3A1,216.0
Q07837,T216G,0.8075,pathogenic,SLC3A1,216.0
Q07837,T216H,0.8917,pathogenic,SLC3A1,216.0
Q07837,T216I,0.8659,pathogenic,SLC3A1,216.0
Q07837,T216K,0.9609,pathogenic,SLC3A1,216.0
Q07837,T216L,0.7143,pathogenic,SLC3A1,216.0
Q07837,T216M,0.4669,ambiguous,SLC3A1,216.0
Q07837,T216N,0.7886,pathogenic,SLC3A1,216.0
Q07837,T216P,0.8516,pathogenic,SLC3A1,216.0
Q07837,T216Q,0.9173,pathogenic,SLC3A1,216.0
Q07837,T216R,0.9395,pathogenic,SLC3A1,216.0
Q07837,T216S,0.1995,benign,SLC3A1,216.0
Q07837,T216V,0.7229,pathogenic,SLC3A1,216.0
Q07837,T216W,0.9915,pathogenic,SLC3A1,216.0
Q07837,T216Y,0.9687,pathogenic,SLC3A1,216.0
Q07837,S217A,0.1851,benign,SLC3A1,217.0
Q07837,S217C,0.4276,ambiguous,SLC3A1,217.0
Q07837,S217D,0.8421,pathogenic,SLC3A1,217.0
Q07837,S217E,0.9479,pathogenic,SLC3A1,217.0
Q07837,S217F,0.8444,pathogenic,SLC3A1,217.0
Q07837,S217G,0.2117,benign,SLC3A1,217.0
Q07837,S217H,0.8858,pathogenic,SLC3A1,217.0
Q07837,S217I,0.8547,pathogenic,SLC3A1,217.0
Q07837,S217K,0.9823,pathogenic,SLC3A1,217.0
Q07837,S217L,0.4898,ambiguous,SLC3A1,217.0
Q07837,S217M,0.7415,pathogenic,SLC3A1,217.0
Q07837,S217N,0.6118,pathogenic,SLC3A1,217.0
Q07837,S217P,0.9355,pathogenic,SLC3A1,217.0
Q07837,S217Q,0.9442,pathogenic,SLC3A1,217.0
Q07837,S217R,0.9543,pathogenic,SLC3A1,217.0
Q07837,S217T,0.2922,benign,SLC3A1,217.0
Q07837,S217V,0.8011,pathogenic,SLC3A1,217.0
Q07837,S217W,0.8624,pathogenic,SLC3A1,217.0
Q07837,S217Y,0.7872,pathogenic,SLC3A1,217.0
Q07837,D218A,0.2533,benign,SLC3A1,218.0
Q07837,D218C,0.7232,pathogenic,SLC3A1,218.0
Q07837,D218E,0.2581,benign,SLC3A1,218.0
Q07837,D218F,0.6752,pathogenic,SLC3A1,218.0
Q07837,D218G,0.2874,benign,SLC3A1,218.0
Q07837,D218H,0.3172,benign,SLC3A1,218.0
Q07837,D218I,0.4404,ambiguous,SLC3A1,218.0
Q07837,D218K,0.4739,ambiguous,SLC3A1,218.0
Q07837,D218L,0.5481,ambiguous,SLC3A1,218.0
Q07837,D218M,0.726,pathogenic,SLC3A1,218.0
Q07837,D218N,0.1019,benign,SLC3A1,218.0
Q07837,D218P,0.8255,pathogenic,SLC3A1,218.0
Q07837,D218Q,0.4657,ambiguous,SLC3A1,218.0
Q07837,D218R,0.5113,ambiguous,SLC3A1,218.0
Q07837,D218S,0.1412,benign,SLC3A1,218.0
Q07837,D218T,0.3418,ambiguous,SLC3A1,218.0
Q07837,D218V,0.3092,benign,SLC3A1,218.0
Q07837,D218W,0.902,pathogenic,SLC3A1,218.0
Q07837,D218Y,0.2729,benign,SLC3A1,218.0
Q07837,K219A,0.2881,benign,SLC3A1,219.0
Q07837,K219C,0.6186,pathogenic,SLC3A1,219.0
Q07837,K219D,0.4016,ambiguous,SLC3A1,219.0
Q07837,K219E,0.0928,benign,SLC3A1,219.0
Q07837,K219F,0.6721,pathogenic,SLC3A1,219.0
Q07837,K219G,0.3645,ambiguous,SLC3A1,219.0
Q07837,K219H,0.2588,benign,SLC3A1,219.0
Q07837,K219I,0.305,benign,SLC3A1,219.0
Q07837,K219L,0.2622,benign,SLC3A1,219.0
Q07837,K219M,0.185,benign,SLC3A1,219.0
Q07837,K219N,0.2589,benign,SLC3A1,219.0
Q07837,K219P,0.8866,pathogenic,SLC3A1,219.0
Q07837,K219Q,0.0903,benign,SLC3A1,219.0
Q07837,K219R,0.0821,benign,SLC3A1,219.0
Q07837,K219S,0.2765,benign,SLC3A1,219.0
Q07837,K219T,0.145,benign,SLC3A1,219.0
Q07837,K219V,0.2905,benign,SLC3A1,219.0
Q07837,K219W,0.6906,pathogenic,SLC3A1,219.0
Q07837,K219Y,0.5284,ambiguous,SLC3A1,219.0
Q07837,H220A,0.8252,pathogenic,SLC3A1,220.0
Q07837,H220C,0.3763,ambiguous,SLC3A1,220.0
Q07837,H220D,0.682,pathogenic,SLC3A1,220.0
Q07837,H220E,0.8931,pathogenic,SLC3A1,220.0
Q07837,H220F,0.9456,pathogenic,SLC3A1,220.0
Q07837,H220G,0.8048,pathogenic,SLC3A1,220.0
Q07837,H220I,0.9513,pathogenic,SLC3A1,220.0
Q07837,H220K,0.9512,pathogenic,SLC3A1,220.0
Q07837,H220L,0.7231,pathogenic,SLC3A1,220.0
Q07837,H220M,0.8958,pathogenic,SLC3A1,220.0
Q07837,H220N,0.2463,benign,SLC3A1,220.0
Q07837,H220P,0.8391,pathogenic,SLC3A1,220.0
Q07837,H220Q,0.8463,pathogenic,SLC3A1,220.0
Q07837,H220R,0.9217,pathogenic,SLC3A1,220.0
Q07837,H220S,0.4668,ambiguous,SLC3A1,220.0
Q07837,H220T,0.8252,pathogenic,SLC3A1,220.0
Q07837,H220V,0.9267,pathogenic,SLC3A1,220.0
Q07837,H220W,0.9638,pathogenic,SLC3A1,220.0
Q07837,H220Y,0.6821,pathogenic,SLC3A1,220.0
Q07837,I221A,0.0604,benign,SLC3A1,221.0
Q07837,I221C,0.3051,benign,SLC3A1,221.0
Q07837,I221D,0.0968,benign,SLC3A1,221.0
Q07837,I221E,0.0955,benign,SLC3A1,221.0
Q07837,I221F,0.0891,benign,SLC3A1,221.0
Q07837,I221G,0.1459,benign,SLC3A1,221.0
Q07837,I221H,0.098,benign,SLC3A1,221.0
Q07837,I221K,0.0672,benign,SLC3A1,221.0
Q07837,I221L,0.0647,benign,SLC3A1,221.0
Q07837,I221M,0.0763,benign,SLC3A1,221.0
Q07837,I221N,0.0606,benign,SLC3A1,221.0
Q07837,I221P,0.0748,benign,SLC3A1,221.0
Q07837,I221Q,0.0873,benign,SLC3A1,221.0
Q07837,I221R,0.0518,benign,SLC3A1,221.0
Q07837,I221S,0.0596,benign,SLC3A1,221.0
Q07837,I221T,0.059,benign,SLC3A1,221.0
Q07837,I221V,0.0636,benign,SLC3A1,221.0
Q07837,I221W,0.3506,ambiguous,SLC3A1,221.0
Q07837,I221Y,0.1563,benign,SLC3A1,221.0
Q07837,W222A,0.8295,pathogenic,SLC3A1,222.0
Q07837,W222C,0.926,pathogenic,SLC3A1,222.0
Q07837,W222D,0.9722,pathogenic,SLC3A1,222.0
Q07837,W222E,0.9769,pathogenic,SLC3A1,222.0
Q07837,W222F,0.4932,ambiguous,SLC3A1,222.0
Q07837,W222G,0.6584,pathogenic,SLC3A1,222.0
Q07837,W222H,0.9178,pathogenic,SLC3A1,222.0
Q07837,W222I,0.9047,pathogenic,SLC3A1,222.0
Q07837,W222K,0.984,pathogenic,SLC3A1,222.0
Q07837,W222L,0.6256,pathogenic,SLC3A1,222.0
Q07837,W222M,0.9205,pathogenic,SLC3A1,222.0
Q07837,W222N,0.9571,pathogenic,SLC3A1,222.0
Q07837,W222P,0.9484,pathogenic,SLC3A1,222.0
Q07837,W222Q,0.9723,pathogenic,SLC3A1,222.0
Q07837,W222R,0.9494,pathogenic,SLC3A1,222.0
Q07837,W222S,0.6697,pathogenic,SLC3A1,222.0
Q07837,W222T,0.8875,pathogenic,SLC3A1,222.0
Q07837,W222V,0.8829,pathogenic,SLC3A1,222.0
Q07837,W222Y,0.7287,pathogenic,SLC3A1,222.0
Q07837,F223A,0.9869,pathogenic,SLC3A1,223.0
Q07837,F223C,0.9533,pathogenic,SLC3A1,223.0
Q07837,F223D,0.9962,pathogenic,SLC3A1,223.0
Q07837,F223E,0.9953,pathogenic,SLC3A1,223.0
Q07837,F223G,0.9894,pathogenic,SLC3A1,223.0
Q07837,F223H,0.9348,pathogenic,SLC3A1,223.0
Q07837,F223I,0.9258,pathogenic,SLC3A1,223.0
Q07837,F223K,0.9902,pathogenic,SLC3A1,223.0
Q07837,F223L,0.9885,pathogenic,SLC3A1,223.0
Q07837,F223M,0.9589,pathogenic,SLC3A1,223.0
Q07837,F223N,0.9856,pathogenic,SLC3A1,223.0
Q07837,F223P,0.9985,pathogenic,SLC3A1,223.0
Q07837,F223Q,0.9904,pathogenic,SLC3A1,223.0
Q07837,F223R,0.98,pathogenic,SLC3A1,223.0
Q07837,F223S,0.9719,pathogenic,SLC3A1,223.0
Q07837,F223T,0.9915,pathogenic,SLC3A1,223.0
Q07837,F223V,0.9352,pathogenic,SLC3A1,223.0
Q07837,F223W,0.8472,pathogenic,SLC3A1,223.0
Q07837,F223Y,0.5017,ambiguous,SLC3A1,223.0
Q07837,Q224A,0.2604,benign,SLC3A1,224.0
Q07837,Q224C,0.5983,pathogenic,SLC3A1,224.0
Q07837,Q224D,0.3548,ambiguous,SLC3A1,224.0
Q07837,Q224E,0.0804,benign,SLC3A1,224.0
Q07837,Q224F,0.6469,pathogenic,SLC3A1,224.0
Q07837,Q224G,0.2588,benign,SLC3A1,224.0
Q07837,Q224H,0.1803,benign,SLC3A1,224.0
Q07837,Q224I,0.3239,benign,SLC3A1,224.0
Q07837,Q224K,0.0892,benign,SLC3A1,224.0
Q07837,Q224L,0.1253,benign,SLC3A1,224.0
Q07837,Q224M,0.4104,ambiguous,SLC3A1,224.0
Q07837,Q224N,0.2305,benign,SLC3A1,224.0
Q07837,Q224P,0.2336,benign,SLC3A1,224.0
Q07837,Q224R,0.0892,benign,SLC3A1,224.0
Q07837,Q224S,0.2553,benign,SLC3A1,224.0
Q07837,Q224T,0.2219,benign,SLC3A1,224.0
Q07837,Q224V,0.2517,benign,SLC3A1,224.0
Q07837,Q224W,0.4328,ambiguous,SLC3A1,224.0
Q07837,Q224Y,0.3973,ambiguous,SLC3A1,224.0
Q07837,L225A,0.1581,benign,SLC3A1,225.0
Q07837,L225C,0.3854,ambiguous,SLC3A1,225.0
Q07837,L225D,0.4168,ambiguous,SLC3A1,225.0
Q07837,L225E,0.1515,benign,SLC3A1,225.0
Q07837,L225F,0.1022,benign,SLC3A1,225.0
Q07837,L225G,0.3548,ambiguous,SLC3A1,225.0
Q07837,L225H,0.0958,benign,SLC3A1,225.0
Q07837,L225I,0.1686,benign,SLC3A1,225.0
Q07837,L225K,0.0874,benign,SLC3A1,225.0
Q07837,L225M,0.0835,benign,SLC3A1,225.0
Q07837,L225N,0.221,benign,SLC3A1,225.0
Q07837,L225P,0.6852,pathogenic,SLC3A1,225.0
Q07837,L225Q,0.0613,benign,SLC3A1,225.0
Q07837,L225R,0.0774,benign,SLC3A1,225.0
Q07837,L225S,0.1365,benign,SLC3A1,225.0
Q07837,L225T,0.1924,benign,SLC3A1,225.0
Q07837,L225V,0.1504,benign,SLC3A1,225.0
Q07837,L225W,0.0897,benign,SLC3A1,225.0
Q07837,L225Y,0.1614,benign,SLC3A1,225.0
Q07837,S226A,0.3203,benign,SLC3A1,226.0
Q07837,S226C,0.6619,pathogenic,SLC3A1,226.0
Q07837,S226D,0.9857,pathogenic,SLC3A1,226.0
Q07837,S226E,0.9776,pathogenic,SLC3A1,226.0
Q07837,S226F,0.9734,pathogenic,SLC3A1,226.0
Q07837,S226G,0.5123,ambiguous,SLC3A1,226.0
Q07837,S226H,0.9705,pathogenic,SLC3A1,226.0
Q07837,S226I,0.9576,pathogenic,SLC3A1,226.0
Q07837,S226K,0.9962,pathogenic,SLC3A1,226.0
Q07837,S226L,0.7649,pathogenic,SLC3A1,226.0
Q07837,S226M,0.9172,pathogenic,SLC3A1,226.0
Q07837,S226N,0.9394,pathogenic,SLC3A1,226.0
Q07837,S226P,0.9579,pathogenic,SLC3A1,226.0
Q07837,S226Q,0.9702,pathogenic,SLC3A1,226.0
Q07837,S226R,0.9892,pathogenic,SLC3A1,226.0
Q07837,S226T,0.6726,pathogenic,SLC3A1,226.0
Q07837,S226V,0.9308,pathogenic,SLC3A1,226.0
Q07837,S226W,0.9729,pathogenic,SLC3A1,226.0
Q07837,S226Y,0.9515,pathogenic,SLC3A1,226.0
Q07837,R227A,0.5557,ambiguous,SLC3A1,227.0
Q07837,R227C,0.1921,benign,SLC3A1,227.0
Q07837,R227D,0.9157,pathogenic,SLC3A1,227.0
Q07837,R227E,0.4716,ambiguous,SLC3A1,227.0
Q07837,R227F,0.8549,pathogenic,SLC3A1,227.0
Q07837,R227G,0.4379,ambiguous,SLC3A1,227.0
Q07837,R227H,0.1876,benign,SLC3A1,227.0
Q07837,R227I,0.448,ambiguous,SLC3A1,227.0
Q07837,R227K,0.1514,benign,SLC3A1,227.0
Q07837,R227L,0.4243,ambiguous,SLC3A1,227.0
Q07837,R227M,0.5244,ambiguous,SLC3A1,227.0
Q07837,R227N,0.8201,pathogenic,SLC3A1,227.0
Q07837,R227P,0.9244,pathogenic,SLC3A1,227.0
Q07837,R227Q,0.0981,benign,SLC3A1,227.0
Q07837,R227S,0.6307,pathogenic,SLC3A1,227.0
Q07837,R227T,0.4818,ambiguous,SLC3A1,227.0
Q07837,R227V,0.5163,ambiguous,SLC3A1,227.0
Q07837,R227W,0.4006,ambiguous,SLC3A1,227.0
Q07837,R227Y,0.6793,pathogenic,SLC3A1,227.0
Q07837,T228A,0.0731,benign,SLC3A1,228.0
Q07837,T228C,0.3108,benign,SLC3A1,228.0
Q07837,T228D,0.1425,benign,SLC3A1,228.0
Q07837,T228E,0.1154,benign,SLC3A1,228.0
Q07837,T228F,0.1421,benign,SLC3A1,228.0
Q07837,T228G,0.1572,benign,SLC3A1,228.0
Q07837,T228H,0.0946,benign,SLC3A1,228.0
Q07837,T228I,0.1396,benign,SLC3A1,228.0
Q07837,T228K,0.0847,benign,SLC3A1,228.0
Q07837,T228L,0.0768,benign,SLC3A1,228.0
Q07837,T228M,0.0816,benign,SLC3A1,228.0
Q07837,T228N,0.0389,benign,SLC3A1,228.0
Q07837,T228P,0.2055,benign,SLC3A1,228.0
Q07837,T228Q,0.0981,benign,SLC3A1,228.0
Q07837,T228R,0.0672,benign,SLC3A1,228.0
Q07837,T228S,0.0691,benign,SLC3A1,228.0
Q07837,T228V,0.1418,benign,SLC3A1,228.0
Q07837,T228W,0.3658,ambiguous,SLC3A1,228.0
Q07837,T228Y,0.1248,benign,SLC3A1,228.0
Q07837,R229A,0.2975,benign,SLC3A1,229.0
Q07837,R229C,0.1737,benign,SLC3A1,229.0
Q07837,R229D,0.4837,ambiguous,SLC3A1,229.0
Q07837,R229E,0.2495,benign,SLC3A1,229.0
Q07837,R229F,0.556,ambiguous,SLC3A1,229.0
Q07837,R229G,0.1179,benign,SLC3A1,229.0
Q07837,R229H,0.0986,benign,SLC3A1,229.0
Q07837,R229I,0.36,ambiguous,SLC3A1,229.0
Q07837,R229K,0.1006,benign,SLC3A1,229.0
Q07837,R229L,0.272,benign,SLC3A1,229.0
Q07837,R229M,0.2765,benign,SLC3A1,229.0
Q07837,R229N,0.3805,ambiguous,SLC3A1,229.0
Q07837,R229P,0.6641,pathogenic,SLC3A1,229.0
Q07837,R229Q,0.0817,benign,SLC3A1,229.0
Q07837,R229S,0.3043,benign,SLC3A1,229.0
Q07837,R229T,0.2275,benign,SLC3A1,229.0
Q07837,R229V,0.4276,ambiguous,SLC3A1,229.0
Q07837,R229W,0.1824,benign,SLC3A1,229.0
Q07837,R229Y,0.3448,ambiguous,SLC3A1,229.0
Q07837,T230A,0.0817,benign,SLC3A1,230.0
Q07837,T230C,0.4094,ambiguous,SLC3A1,230.0
Q07837,T230D,0.2015,benign,SLC3A1,230.0
Q07837,T230E,0.1346,benign,SLC3A1,230.0
Q07837,T230F,0.1913,benign,SLC3A1,230.0
Q07837,T230G,0.2116,benign,SLC3A1,230.0
Q07837,T230H,0.1677,benign,SLC3A1,230.0
Q07837,T230I,0.1306,benign,SLC3A1,230.0
Q07837,T230K,0.1047,benign,SLC3A1,230.0
Q07837,T230L,0.103,benign,SLC3A1,230.0
Q07837,T230M,0.0876,benign,SLC3A1,230.0
Q07837,T230N,0.0898,benign,SLC3A1,230.0
Q07837,T230P,0.194,benign,SLC3A1,230.0
Q07837,T230Q,0.1332,benign,SLC3A1,230.0
Q07837,T230R,0.0893,benign,SLC3A1,230.0
Q07837,T230S,0.094,benign,SLC3A1,230.0
Q07837,T230V,0.1268,benign,SLC3A1,230.0
Q07837,T230W,0.4112,ambiguous,SLC3A1,230.0
Q07837,T230Y,0.2032,benign,SLC3A1,230.0
Q07837,G231A,0.166,benign,SLC3A1,231.0
Q07837,G231C,0.3529,ambiguous,SLC3A1,231.0
Q07837,G231D,0.1249,benign,SLC3A1,231.0
Q07837,G231E,0.125,benign,SLC3A1,231.0
Q07837,G231F,0.6291,pathogenic,SLC3A1,231.0
Q07837,G231H,0.3338,benign,SLC3A1,231.0
Q07837,G231I,0.4218,ambiguous,SLC3A1,231.0
Q07837,G231K,0.2368,benign,SLC3A1,231.0
Q07837,G231L,0.4461,ambiguous,SLC3A1,231.0
Q07837,G231M,0.5248,ambiguous,SLC3A1,231.0
Q07837,G231N,0.2327,benign,SLC3A1,231.0
Q07837,G231P,0.6109,pathogenic,SLC3A1,231.0
Q07837,G231Q,0.2117,benign,SLC3A1,231.0
Q07837,G231R,0.1757,benign,SLC3A1,231.0
Q07837,G231S,0.1097,benign,SLC3A1,231.0
Q07837,G231T,0.2312,benign,SLC3A1,231.0
Q07837,G231V,0.2867,benign,SLC3A1,231.0
Q07837,G231W,0.4189,ambiguous,SLC3A1,231.0
Q07837,G231Y,0.4258,ambiguous,SLC3A1,231.0
Q07837,K232A,0.3107,benign,SLC3A1,232.0
Q07837,K232C,0.7243,pathogenic,SLC3A1,232.0
Q07837,K232D,0.3881,ambiguous,SLC3A1,232.0
Q07837,K232E,0.1348,benign,SLC3A1,232.0
Q07837,K232F,0.652,pathogenic,SLC3A1,232.0
Q07837,K232G,0.4176,ambiguous,SLC3A1,232.0
Q07837,K232H,0.3102,benign,SLC3A1,232.0
Q07837,K232I,0.2382,benign,SLC3A1,232.0
Q07837,K232L,0.2861,benign,SLC3A1,232.0
Q07837,K232M,0.2061,benign,SLC3A1,232.0
Q07837,K232N,0.2699,benign,SLC3A1,232.0
Q07837,K232P,0.3908,ambiguous,SLC3A1,232.0
Q07837,K232Q,0.1529,benign,SLC3A1,232.0
Q07837,K232R,0.0873,benign,SLC3A1,232.0
Q07837,K232S,0.3251,benign,SLC3A1,232.0
Q07837,K232T,0.1524,benign,SLC3A1,232.0
Q07837,K232V,0.2821,benign,SLC3A1,232.0
Q07837,K232W,0.7293,pathogenic,SLC3A1,232.0
Q07837,K232Y,0.5355,ambiguous,SLC3A1,232.0
Q07837,Y233A,0.8378,pathogenic,SLC3A1,233.0
Q07837,Y233C,0.5198,ambiguous,SLC3A1,233.0
Q07837,Y233D,0.7286,pathogenic,SLC3A1,233.0
Q07837,Y233E,0.8971,pathogenic,SLC3A1,233.0
Q07837,Y233F,0.1554,benign,SLC3A1,233.0
Q07837,Y233G,0.7744,pathogenic,SLC3A1,233.0
Q07837,Y233H,0.4267,ambiguous,SLC3A1,233.0
Q07837,Y233I,0.8633,pathogenic,SLC3A1,233.0
Q07837,Y233K,0.8346,pathogenic,SLC3A1,233.0
Q07837,Y233L,0.7984,pathogenic,SLC3A1,233.0
Q07837,Y233M,0.8492,pathogenic,SLC3A1,233.0
Q07837,Y233N,0.476,ambiguous,SLC3A1,233.0
Q07837,Y233P,0.9419,pathogenic,SLC3A1,233.0
Q07837,Y233Q,0.8277,pathogenic,SLC3A1,233.0
Q07837,Y233R,0.7303,pathogenic,SLC3A1,233.0
Q07837,Y233S,0.6731,pathogenic,SLC3A1,233.0
Q07837,Y233T,0.8772,pathogenic,SLC3A1,233.0
Q07837,Y233V,0.7851,pathogenic,SLC3A1,233.0
Q07837,Y233W,0.5975,pathogenic,SLC3A1,233.0
Q07837,T234A,0.0697,benign,SLC3A1,234.0
Q07837,T234C,0.4592,ambiguous,SLC3A1,234.0
Q07837,T234D,0.2091,benign,SLC3A1,234.0
Q07837,T234E,0.146,benign,SLC3A1,234.0
Q07837,T234F,0.2691,benign,SLC3A1,234.0
Q07837,T234G,0.1931,benign,SLC3A1,234.0
Q07837,T234H,0.187,benign,SLC3A1,234.0
Q07837,T234I,0.1856,benign,SLC3A1,234.0
Q07837,T234K,0.103,benign,SLC3A1,234.0
Q07837,T234L,0.1135,benign,SLC3A1,234.0
Q07837,T234M,0.1042,benign,SLC3A1,234.0
Q07837,T234N,0.1083,benign,SLC3A1,234.0
Q07837,T234P,0.1845,benign,SLC3A1,234.0
Q07837,T234Q,0.1473,benign,SLC3A1,234.0
Q07837,T234R,0.0827,benign,SLC3A1,234.0
Q07837,T234S,0.0876,benign,SLC3A1,234.0
Q07837,T234V,0.1543,benign,SLC3A1,234.0
Q07837,T234W,0.5065,ambiguous,SLC3A1,234.0
Q07837,T234Y,0.2822,benign,SLC3A1,234.0
Q07837,D235A,0.2673,benign,SLC3A1,235.0
Q07837,D235C,0.7558,pathogenic,SLC3A1,235.0
Q07837,D235E,0.2617,benign,SLC3A1,235.0
Q07837,D235F,0.7729,pathogenic,SLC3A1,235.0
Q07837,D235G,0.1958,benign,SLC3A1,235.0
Q07837,D235H,0.31,benign,SLC3A1,235.0
Q07837,D235I,0.6959,pathogenic,SLC3A1,235.0
Q07837,D235K,0.4533,ambiguous,SLC3A1,235.0
Q07837,D235L,0.6353,pathogenic,SLC3A1,235.0
Q07837,D235M,0.8112,pathogenic,SLC3A1,235.0
Q07837,D235N,0.0912,benign,SLC3A1,235.0
Q07837,D235P,0.8427,pathogenic,SLC3A1,235.0
Q07837,D235Q,0.4473,ambiguous,SLC3A1,235.0
Q07837,D235R,0.4386,ambiguous,SLC3A1,235.0
Q07837,D235S,0.1441,benign,SLC3A1,235.0
Q07837,D235T,0.3713,ambiguous,SLC3A1,235.0
Q07837,D235V,0.4978,ambiguous,SLC3A1,235.0
Q07837,D235W,0.9248,pathogenic,SLC3A1,235.0
Q07837,D235Y,0.3217,benign,SLC3A1,235.0
Q07837,Y236A,0.9194,pathogenic,SLC3A1,236.0
Q07837,Y236C,0.6263,pathogenic,SLC3A1,236.0
Q07837,Y236D,0.8686,pathogenic,SLC3A1,236.0
Q07837,Y236E,0.9766,pathogenic,SLC3A1,236.0
Q07837,Y236F,0.1348,benign,SLC3A1,236.0
Q07837,Y236G,0.8902,pathogenic,SLC3A1,236.0
Q07837,Y236H,0.6749,pathogenic,SLC3A1,236.0
Q07837,Y236I,0.882,pathogenic,SLC3A1,236.0
Q07837,Y236K,0.9622,pathogenic,SLC3A1,236.0
Q07837,Y236L,0.852,pathogenic,SLC3A1,236.0
Q07837,Y236M,0.9215,pathogenic,SLC3A1,236.0
Q07837,Y236N,0.7288,pathogenic,SLC3A1,236.0
Q07837,Y236P,0.9827,pathogenic,SLC3A1,236.0
Q07837,Y236Q,0.952,pathogenic,SLC3A1,236.0
Q07837,Y236R,0.8844,pathogenic,SLC3A1,236.0
Q07837,Y236S,0.7253,pathogenic,SLC3A1,236.0
Q07837,Y236T,0.9058,pathogenic,SLC3A1,236.0
Q07837,Y236V,0.8259,pathogenic,SLC3A1,236.0
Q07837,Y236W,0.5818,pathogenic,SLC3A1,236.0
Q07837,Y237A,0.9679,pathogenic,SLC3A1,237.0
Q07837,Y237C,0.6744,pathogenic,SLC3A1,237.0
Q07837,Y237D,0.959,pathogenic,SLC3A1,237.0
Q07837,Y237E,0.9896,pathogenic,SLC3A1,237.0
Q07837,Y237F,0.1298,benign,SLC3A1,237.0
Q07837,Y237G,0.9438,pathogenic,SLC3A1,237.0
Q07837,Y237H,0.8403,pathogenic,SLC3A1,237.0
Q07837,Y237I,0.9284,pathogenic,SLC3A1,237.0
Q07837,Y237K,0.9902,pathogenic,SLC3A1,237.0
Q07837,Y237L,0.8605,pathogenic,SLC3A1,237.0
Q07837,Y237M,0.9477,pathogenic,SLC3A1,237.0
Q07837,Y237N,0.8768,pathogenic,SLC3A1,237.0
Q07837,Y237P,0.9851,pathogenic,SLC3A1,237.0
Q07837,Y237Q,0.9834,pathogenic,SLC3A1,237.0
Q07837,Y237R,0.9656,pathogenic,SLC3A1,237.0
Q07837,Y237S,0.8712,pathogenic,SLC3A1,237.0
Q07837,Y237T,0.9642,pathogenic,SLC3A1,237.0
Q07837,Y237V,0.8738,pathogenic,SLC3A1,237.0
Q07837,Y237W,0.7944,pathogenic,SLC3A1,237.0
Q07837,I238A,0.6479,pathogenic,SLC3A1,238.0
Q07837,I238C,0.8331,pathogenic,SLC3A1,238.0
Q07837,I238D,0.8917,pathogenic,SLC3A1,238.0
Q07837,I238E,0.812,pathogenic,SLC3A1,238.0
Q07837,I238F,0.2425,benign,SLC3A1,238.0
Q07837,I238G,0.8736,pathogenic,SLC3A1,238.0
Q07837,I238H,0.7105,pathogenic,SLC3A1,238.0
Q07837,I238K,0.6565,pathogenic,SLC3A1,238.0
Q07837,I238L,0.1283,benign,SLC3A1,238.0
Q07837,I238M,0.1516,benign,SLC3A1,238.0
Q07837,I238N,0.5264,ambiguous,SLC3A1,238.0
Q07837,I238P,0.9248,pathogenic,SLC3A1,238.0
Q07837,I238Q,0.6917,pathogenic,SLC3A1,238.0
Q07837,I238R,0.5401,ambiguous,SLC3A1,238.0
Q07837,I238S,0.5507,ambiguous,SLC3A1,238.0
Q07837,I238T,0.4285,ambiguous,SLC3A1,238.0
Q07837,I238V,0.0833,benign,SLC3A1,238.0
Q07837,I238W,0.874,pathogenic,SLC3A1,238.0
Q07837,I238Y,0.6707,pathogenic,SLC3A1,238.0
Q07837,W239A,0.981,pathogenic,SLC3A1,239.0
Q07837,W239C,0.9837,pathogenic,SLC3A1,239.0
Q07837,W239D,0.9961,pathogenic,SLC3A1,239.0
Q07837,W239E,0.9931,pathogenic,SLC3A1,239.0
Q07837,W239F,0.7064,pathogenic,SLC3A1,239.0
Q07837,W239G,0.9172,pathogenic,SLC3A1,239.0
Q07837,W239H,0.9758,pathogenic,SLC3A1,239.0
Q07837,W239I,0.9692,pathogenic,SLC3A1,239.0
Q07837,W239K,0.9951,pathogenic,SLC3A1,239.0
Q07837,W239L,0.9023,pathogenic,SLC3A1,239.0
Q07837,W239M,0.9826,pathogenic,SLC3A1,239.0
Q07837,W239N,0.9951,pathogenic,SLC3A1,239.0
Q07837,W239P,0.9945,pathogenic,SLC3A1,239.0
Q07837,W239Q,0.9918,pathogenic,SLC3A1,239.0
Q07837,W239R,0.9832,pathogenic,SLC3A1,239.0
Q07837,W239S,0.9382,pathogenic,SLC3A1,239.0
Q07837,W239T,0.9745,pathogenic,SLC3A1,239.0
Q07837,W239V,0.9723,pathogenic,SLC3A1,239.0
Q07837,W239Y,0.8938,pathogenic,SLC3A1,239.0
Q07837,H240A,0.1683,benign,SLC3A1,240.0
Q07837,H240C,0.1425,benign,SLC3A1,240.0
Q07837,H240D,0.1486,benign,SLC3A1,240.0
Q07837,H240E,0.135,benign,SLC3A1,240.0
Q07837,H240F,0.2978,benign,SLC3A1,240.0
Q07837,H240G,0.2103,benign,SLC3A1,240.0
Q07837,H240I,0.2427,benign,SLC3A1,240.0
Q07837,H240K,0.1274,benign,SLC3A1,240.0
Q07837,H240L,0.1038,benign,SLC3A1,240.0
Q07837,H240M,0.351,ambiguous,SLC3A1,240.0
Q07837,H240N,0.086,benign,SLC3A1,240.0
Q07837,H240P,0.4744,ambiguous,SLC3A1,240.0
Q07837,H240Q,0.0909,benign,SLC3A1,240.0
Q07837,H240R,0.0631,benign,SLC3A1,240.0
Q07837,H240S,0.1422,benign,SLC3A1,240.0
Q07837,H240T,0.16,benign,SLC3A1,240.0
Q07837,H240V,0.1808,benign,SLC3A1,240.0
Q07837,H240W,0.2865,benign,SLC3A1,240.0
Q07837,H240Y,0.0952,benign,SLC3A1,240.0
Q07837,D241A,0.1628,benign,SLC3A1,241.0
Q07837,D241C,0.5657,pathogenic,SLC3A1,241.0
Q07837,D241E,0.1991,benign,SLC3A1,241.0
Q07837,D241F,0.5414,ambiguous,SLC3A1,241.0
Q07837,D241G,0.157,benign,SLC3A1,241.0
Q07837,D241H,0.1795,benign,SLC3A1,241.0
Q07837,D241I,0.3388,benign,SLC3A1,241.0
Q07837,D241K,0.2765,benign,SLC3A1,241.0
Q07837,D241L,0.3661,ambiguous,SLC3A1,241.0
Q07837,D241M,0.5999,pathogenic,SLC3A1,241.0
Q07837,D241N,0.068,benign,SLC3A1,241.0
Q07837,D241P,0.4127,ambiguous,SLC3A1,241.0
Q07837,D241Q,0.2896,benign,SLC3A1,241.0
Q07837,D241R,0.278,benign,SLC3A1,241.0
Q07837,D241S,0.1032,benign,SLC3A1,241.0
Q07837,D241T,0.205,benign,SLC3A1,241.0
Q07837,D241V,0.2297,benign,SLC3A1,241.0
Q07837,D241W,0.8465,pathogenic,SLC3A1,241.0
Q07837,D241Y,0.1855,benign,SLC3A1,241.0
Q07837,C242A,0.8829,pathogenic,SLC3A1,242.0
Q07837,C242D,0.9667,pathogenic,SLC3A1,242.0
Q07837,C242E,0.9805,pathogenic,SLC3A1,242.0
Q07837,C242F,0.7335,pathogenic,SLC3A1,242.0
Q07837,C242G,0.5412,ambiguous,SLC3A1,242.0
Q07837,C242H,0.9335,pathogenic,SLC3A1,242.0
Q07837,C242I,0.9229,pathogenic,SLC3A1,242.0
Q07837,C242K,0.9842,pathogenic,SLC3A1,242.0
Q07837,C242L,0.9169,pathogenic,SLC3A1,242.0
Q07837,C242M,0.9473,pathogenic,SLC3A1,242.0
Q07837,C242N,0.9372,pathogenic,SLC3A1,242.0
Q07837,C242P,0.9436,pathogenic,SLC3A1,242.0
Q07837,C242Q,0.9667,pathogenic,SLC3A1,242.0
Q07837,C242R,0.8809,pathogenic,SLC3A1,242.0
Q07837,C242S,0.8131,pathogenic,SLC3A1,242.0
Q07837,C242T,0.9291,pathogenic,SLC3A1,242.0
Q07837,C242V,0.9211,pathogenic,SLC3A1,242.0
Q07837,C242W,0.8991,pathogenic,SLC3A1,242.0
Q07837,C242Y,0.852,pathogenic,SLC3A1,242.0
Q07837,T243A,0.0634,benign,SLC3A1,243.0
Q07837,T243C,0.2771,benign,SLC3A1,243.0
Q07837,T243D,0.1477,benign,SLC3A1,243.0
Q07837,T243E,0.1242,benign,SLC3A1,243.0
Q07837,T243F,0.0993,benign,SLC3A1,243.0
Q07837,T243G,0.1325,benign,SLC3A1,243.0
Q07837,T243H,0.1021,benign,SLC3A1,243.0
Q07837,T243I,0.0696,benign,SLC3A1,243.0
Q07837,T243K,0.0765,benign,SLC3A1,243.0
Q07837,T243L,0.0578,benign,SLC3A1,243.0
Q07837,T243M,0.0784,benign,SLC3A1,243.0
Q07837,T243N,0.064,benign,SLC3A1,243.0
Q07837,T243P,0.0793,benign,SLC3A1,243.0
Q07837,T243Q,0.106,benign,SLC3A1,243.0
Q07837,T243R,0.0667,benign,SLC3A1,243.0
Q07837,T243S,0.0714,benign,SLC3A1,243.0
Q07837,T243V,0.0805,benign,SLC3A1,243.0
Q07837,T243W,0.2795,benign,SLC3A1,243.0
Q07837,T243Y,0.1267,benign,SLC3A1,243.0
Q07837,H244A,0.1066,benign,SLC3A1,244.0
Q07837,H244C,0.1145,benign,SLC3A1,244.0
Q07837,H244D,0.0914,benign,SLC3A1,244.0
Q07837,H244E,0.102,benign,SLC3A1,244.0
Q07837,H244F,0.1675,benign,SLC3A1,244.0
Q07837,H244G,0.121,benign,SLC3A1,244.0
Q07837,H244I,0.141,benign,SLC3A1,244.0
Q07837,H244K,0.0945,benign,SLC3A1,244.0
Q07837,H244L,0.0705,benign,SLC3A1,244.0
Q07837,H244M,0.2291,benign,SLC3A1,244.0
Q07837,H244N,0.073,benign,SLC3A1,244.0
Q07837,H244P,0.0821,benign,SLC3A1,244.0
Q07837,H244Q,0.0773,benign,SLC3A1,244.0
Q07837,H244R,0.0518,benign,SLC3A1,244.0
Q07837,H244S,0.0978,benign,SLC3A1,244.0
Q07837,H244T,0.0977,benign,SLC3A1,244.0
Q07837,H244V,0.1175,benign,SLC3A1,244.0
Q07837,H244W,0.1753,benign,SLC3A1,244.0
Q07837,H244Y,0.0676,benign,SLC3A1,244.0
Q07837,E245A,0.1013,benign,SLC3A1,245.0
Q07837,E245C,0.5643,pathogenic,SLC3A1,245.0
Q07837,E245D,0.0982,benign,SLC3A1,245.0
Q07837,E245F,0.3678,ambiguous,SLC3A1,245.0
Q07837,E245G,0.0829,benign,SLC3A1,245.0
Q07837,E245H,0.2045,benign,SLC3A1,245.0
Q07837,E245I,0.1446,benign,SLC3A1,245.0
Q07837,E245K,0.0677,benign,SLC3A1,245.0
Q07837,E245L,0.1822,benign,SLC3A1,245.0
Q07837,E245M,0.2238,benign,SLC3A1,245.0
Q07837,E245N,0.1297,benign,SLC3A1,245.0
Q07837,E245P,0.3233,benign,SLC3A1,245.0
Q07837,E245Q,0.0854,benign,SLC3A1,245.0
Q07837,E245R,0.1046,benign,SLC3A1,245.0
Q07837,E245S,0.1151,benign,SLC3A1,245.0
Q07837,E245T,0.1141,benign,SLC3A1,245.0
Q07837,E245V,0.1091,benign,SLC3A1,245.0
Q07837,E245W,0.5007,ambiguous,SLC3A1,245.0
Q07837,E245Y,0.2677,benign,SLC3A1,245.0
Q07837,N246A,0.1213,benign,SLC3A1,246.0
Q07837,N246C,0.2401,benign,SLC3A1,246.0
Q07837,N246D,0.0765,benign,SLC3A1,246.0
Q07837,N246E,0.1532,benign,SLC3A1,246.0
Q07837,N246F,0.278,benign,SLC3A1,246.0
Q07837,N246G,0.1516,benign,SLC3A1,246.0
Q07837,N246H,0.096,benign,SLC3A1,246.0
Q07837,N246I,0.1363,benign,SLC3A1,246.0
Q07837,N246K,0.1135,benign,SLC3A1,246.0
Q07837,N246L,0.158,benign,SLC3A1,246.0
Q07837,N246M,0.1918,benign,SLC3A1,246.0
Q07837,N246P,0.3238,benign,SLC3A1,246.0
Q07837,N246Q,0.169,benign,SLC3A1,246.0
Q07837,N246R,0.1425,benign,SLC3A1,246.0
Q07837,N246S,0.0852,benign,SLC3A1,246.0
Q07837,N246T,0.105,benign,SLC3A1,246.0
Q07837,N246V,0.1477,benign,SLC3A1,246.0
Q07837,N246W,0.4473,ambiguous,SLC3A1,246.0
Q07837,N246Y,0.0971,benign,SLC3A1,246.0
Q07837,G247A,0.1571,benign,SLC3A1,247.0
Q07837,G247C,0.2592,benign,SLC3A1,247.0
Q07837,G247D,0.1,benign,SLC3A1,247.0
Q07837,G247E,0.1093,benign,SLC3A1,247.0
Q07837,G247F,0.4509,ambiguous,SLC3A1,247.0
Q07837,G247H,0.214,benign,SLC3A1,247.0
Q07837,G247I,0.2507,benign,SLC3A1,247.0
Q07837,G247K,0.1771,benign,SLC3A1,247.0
Q07837,G247L,0.3405,ambiguous,SLC3A1,247.0
Q07837,G247M,0.3755,ambiguous,SLC3A1,247.0
Q07837,G247N,0.1459,benign,SLC3A1,247.0
Q07837,G247P,0.6759,pathogenic,SLC3A1,247.0
Q07837,G247Q,0.1535,benign,SLC3A1,247.0
Q07837,G247R,0.1327,benign,SLC3A1,247.0
Q07837,G247S,0.0911,benign,SLC3A1,247.0
Q07837,G247T,0.1652,benign,SLC3A1,247.0
Q07837,G247V,0.2016,benign,SLC3A1,247.0
Q07837,G247W,0.2781,benign,SLC3A1,247.0
Q07837,G247Y,0.2712,benign,SLC3A1,247.0
Q07837,K248A,0.0976,benign,SLC3A1,248.0
Q07837,K248C,0.3374,benign,SLC3A1,248.0
Q07837,K248D,0.143,benign,SLC3A1,248.0
Q07837,K248E,0.0681,benign,SLC3A1,248.0
Q07837,K248F,0.1934,benign,SLC3A1,248.0
Q07837,K248G,0.1541,benign,SLC3A1,248.0
Q07837,K248H,0.1242,benign,SLC3A1,248.0
Q07837,K248I,0.0682,benign,SLC3A1,248.0
Q07837,K248L,0.0939,benign,SLC3A1,248.0
Q07837,K248M,0.0683,benign,SLC3A1,248.0
Q07837,K248N,0.0819,benign,SLC3A1,248.0
Q07837,K248P,0.3686,ambiguous,SLC3A1,248.0
Q07837,K248Q,0.0773,benign,SLC3A1,248.0
Q07837,K248R,0.0673,benign,SLC3A1,248.0
Q07837,K248S,0.097,benign,SLC3A1,248.0
Q07837,K248T,0.0548,benign,SLC3A1,248.0
Q07837,K248V,0.0814,benign,SLC3A1,248.0
Q07837,K248W,0.3304,benign,SLC3A1,248.0
Q07837,K248Y,0.1884,benign,SLC3A1,248.0
Q07837,T249A,0.0771,benign,SLC3A1,249.0
Q07837,T249C,0.3993,ambiguous,SLC3A1,249.0
Q07837,T249D,0.2247,benign,SLC3A1,249.0
Q07837,T249E,0.1687,benign,SLC3A1,249.0
Q07837,T249F,0.1534,benign,SLC3A1,249.0
Q07837,T249G,0.2358,benign,SLC3A1,249.0
Q07837,T249H,0.1645,benign,SLC3A1,249.0
Q07837,T249I,0.0842,benign,SLC3A1,249.0
Q07837,T249K,0.1259,benign,SLC3A1,249.0
Q07837,T249L,0.0827,benign,SLC3A1,249.0
Q07837,T249M,0.0822,benign,SLC3A1,249.0
Q07837,T249N,0.0877,benign,SLC3A1,249.0
Q07837,T249P,0.0792,benign,SLC3A1,249.0
Q07837,T249Q,0.1555,benign,SLC3A1,249.0
Q07837,T249R,0.0962,benign,SLC3A1,249.0
Q07837,T249S,0.1094,benign,SLC3A1,249.0
Q07837,T249V,0.0925,benign,SLC3A1,249.0
Q07837,T249W,0.4046,ambiguous,SLC3A1,249.0
Q07837,T249Y,0.1575,benign,SLC3A1,249.0
Q07837,I250A,0.1126,benign,SLC3A1,250.0
Q07837,I250C,0.4291,ambiguous,SLC3A1,250.0
Q07837,I250D,0.2092,benign,SLC3A1,250.0
Q07837,I250E,0.1596,benign,SLC3A1,250.0
Q07837,I250F,0.0805,benign,SLC3A1,250.0
Q07837,I250G,0.2653,benign,SLC3A1,250.0
Q07837,I250H,0.1605,benign,SLC3A1,250.0
Q07837,I250K,0.0953,benign,SLC3A1,250.0
Q07837,I250L,0.0771,benign,SLC3A1,250.0
Q07837,I250M,0.0768,benign,SLC3A1,250.0
Q07837,I250N,0.0823,benign,SLC3A1,250.0
Q07837,I250P,0.3589,ambiguous,SLC3A1,250.0
Q07837,I250Q,0.1357,benign,SLC3A1,250.0
Q07837,I250R,0.08,benign,SLC3A1,250.0
Q07837,I250S,0.09,benign,SLC3A1,250.0
Q07837,I250T,0.0692,benign,SLC3A1,250.0
Q07837,I250V,0.062,benign,SLC3A1,250.0
Q07837,I250W,0.4362,ambiguous,SLC3A1,250.0
Q07837,I250Y,0.2021,benign,SLC3A1,250.0
Q07837,P251A,0.103,benign,SLC3A1,251.0
Q07837,P251C,0.5121,ambiguous,SLC3A1,251.0
Q07837,P251D,0.7308,pathogenic,SLC3A1,251.0
Q07837,P251E,0.3843,ambiguous,SLC3A1,251.0
Q07837,P251F,0.3642,ambiguous,SLC3A1,251.0
Q07837,P251G,0.4893,ambiguous,SLC3A1,251.0
Q07837,P251H,0.2306,benign,SLC3A1,251.0
Q07837,P251I,0.2254,benign,SLC3A1,251.0
Q07837,P251K,0.3231,benign,SLC3A1,251.0
Q07837,P251L,0.103,benign,SLC3A1,251.0
Q07837,P251M,0.3094,benign,SLC3A1,251.0
Q07837,P251N,0.5576,ambiguous,SLC3A1,251.0
Q07837,P251Q,0.1948,benign,SLC3A1,251.0
Q07837,P251R,0.1906,benign,SLC3A1,251.0
Q07837,P251S,0.1723,benign,SLC3A1,251.0
Q07837,P251T,0.1413,benign,SLC3A1,251.0
Q07837,P251V,0.1883,benign,SLC3A1,251.0
Q07837,P251W,0.5981,pathogenic,SLC3A1,251.0
Q07837,P251Y,0.3971,ambiguous,SLC3A1,251.0
Q07837,P252A,0.4163,ambiguous,SLC3A1,252.0
Q07837,P252C,0.9199,pathogenic,SLC3A1,252.0
Q07837,P252D,0.9594,pathogenic,SLC3A1,252.0
Q07837,P252E,0.8735,pathogenic,SLC3A1,252.0
Q07837,P252F,0.9453,pathogenic,SLC3A1,252.0
Q07837,P252G,0.8998,pathogenic,SLC3A1,252.0
Q07837,P252H,0.768,pathogenic,SLC3A1,252.0
Q07837,P252I,0.7977,pathogenic,SLC3A1,252.0
Q07837,P252K,0.8252,pathogenic,SLC3A1,252.0
Q07837,P252L,0.53,ambiguous,SLC3A1,252.0
Q07837,P252M,0.8629,pathogenic,SLC3A1,252.0
Q07837,P252N,0.9517,pathogenic,SLC3A1,252.0
Q07837,P252Q,0.7133,pathogenic,SLC3A1,252.0
Q07837,P252R,0.6473,pathogenic,SLC3A1,252.0
Q07837,P252S,0.6776,pathogenic,SLC3A1,252.0
Q07837,P252T,0.6107,pathogenic,SLC3A1,252.0
Q07837,P252V,0.6687,pathogenic,SLC3A1,252.0
Q07837,P252W,0.9608,pathogenic,SLC3A1,252.0
Q07837,P252Y,0.9356,pathogenic,SLC3A1,252.0
Q07837,N253A,0.7396,pathogenic,SLC3A1,253.0
Q07837,N253C,0.6025,pathogenic,SLC3A1,253.0
Q07837,N253D,0.6476,pathogenic,SLC3A1,253.0
Q07837,N253E,0.9556,pathogenic,SLC3A1,253.0
Q07837,N253F,0.9827,pathogenic,SLC3A1,253.0
Q07837,N253G,0.6482,pathogenic,SLC3A1,253.0
Q07837,N253H,0.6761,pathogenic,SLC3A1,253.0
Q07837,N253I,0.8961,pathogenic,SLC3A1,253.0
Q07837,N253K,0.9576,pathogenic,SLC3A1,253.0
Q07837,N253L,0.8703,pathogenic,SLC3A1,253.0
Q07837,N253M,0.9051,pathogenic,SLC3A1,253.0
Q07837,N253P,0.9493,pathogenic,SLC3A1,253.0
Q07837,N253Q,0.9349,pathogenic,SLC3A1,253.0
Q07837,N253R,0.9329,pathogenic,SLC3A1,253.0
Q07837,N253S,0.1221,benign,SLC3A1,253.0
Q07837,N253T,0.3411,ambiguous,SLC3A1,253.0
Q07837,N253V,0.786,pathogenic,SLC3A1,253.0
Q07837,N253W,0.9939,pathogenic,SLC3A1,253.0
Q07837,N253Y,0.8868,pathogenic,SLC3A1,253.0
Q07837,N254A,0.8933,pathogenic,SLC3A1,254.0
Q07837,N254C,0.8984,pathogenic,SLC3A1,254.0
Q07837,N254D,0.5744,pathogenic,SLC3A1,254.0
Q07837,N254E,0.9395,pathogenic,SLC3A1,254.0
Q07837,N254F,0.9666,pathogenic,SLC3A1,254.0
Q07837,N254G,0.8194,pathogenic,SLC3A1,254.0
Q07837,N254H,0.5721,pathogenic,SLC3A1,254.0
Q07837,N254I,0.8562,pathogenic,SLC3A1,254.0
Q07837,N254K,0.8904,pathogenic,SLC3A1,254.0
Q07837,N254L,0.8441,pathogenic,SLC3A1,254.0
Q07837,N254M,0.9178,pathogenic,SLC3A1,254.0
Q07837,N254P,0.9334,pathogenic,SLC3A1,254.0
Q07837,N254Q,0.9004,pathogenic,SLC3A1,254.0
Q07837,N254R,0.8342,pathogenic,SLC3A1,254.0
Q07837,N254S,0.2843,benign,SLC3A1,254.0
Q07837,N254T,0.6105,pathogenic,SLC3A1,254.0
Q07837,N254V,0.8811,pathogenic,SLC3A1,254.0
Q07837,N254W,0.9876,pathogenic,SLC3A1,254.0
Q07837,N254Y,0.7492,pathogenic,SLC3A1,254.0
Q07837,W255A,0.9743,pathogenic,SLC3A1,255.0
Q07837,W255C,0.983,pathogenic,SLC3A1,255.0
Q07837,W255D,0.9945,pathogenic,SLC3A1,255.0
Q07837,W255E,0.9933,pathogenic,SLC3A1,255.0
Q07837,W255F,0.6926,pathogenic,SLC3A1,255.0
Q07837,W255G,0.9115,pathogenic,SLC3A1,255.0
Q07837,W255H,0.9693,pathogenic,SLC3A1,255.0
Q07837,W255I,0.9499,pathogenic,SLC3A1,255.0
Q07837,W255K,0.9946,pathogenic,SLC3A1,255.0
Q07837,W255L,0.847,pathogenic,SLC3A1,255.0
Q07837,W255M,0.9729,pathogenic,SLC3A1,255.0
Q07837,W255N,0.9923,pathogenic,SLC3A1,255.0
Q07837,W255P,0.9937,pathogenic,SLC3A1,255.0
Q07837,W255Q,0.9916,pathogenic,SLC3A1,255.0
Q07837,W255R,0.9855,pathogenic,SLC3A1,255.0
Q07837,W255S,0.9335,pathogenic,SLC3A1,255.0
Q07837,W255T,0.971,pathogenic,SLC3A1,255.0
Q07837,W255V,0.9578,pathogenic,SLC3A1,255.0
Q07837,W255Y,0.8581,pathogenic,SLC3A1,255.0
Q07837,L256A,0.478,ambiguous,SLC3A1,256.0
Q07837,L256C,0.6185,pathogenic,SLC3A1,256.0
Q07837,L256D,0.9248,pathogenic,SLC3A1,256.0
Q07837,L256E,0.5587,ambiguous,SLC3A1,256.0
Q07837,L256F,0.3614,ambiguous,SLC3A1,256.0
Q07837,L256G,0.7499,pathogenic,SLC3A1,256.0
Q07837,L256H,0.4288,ambiguous,SLC3A1,256.0
Q07837,L256I,0.0936,benign,SLC3A1,256.0
Q07837,L256K,0.2923,benign,SLC3A1,256.0
Q07837,L256M,0.1796,benign,SLC3A1,256.0
Q07837,L256N,0.6873,pathogenic,SLC3A1,256.0
Q07837,L256P,0.8575,pathogenic,SLC3A1,256.0
Q07837,L256Q,0.208,benign,SLC3A1,256.0
Q07837,L256R,0.1828,benign,SLC3A1,256.0
Q07837,L256S,0.5972,pathogenic,SLC3A1,256.0
Q07837,L256T,0.4523,ambiguous,SLC3A1,256.0
Q07837,L256V,0.0891,benign,SLC3A1,256.0
Q07837,L256W,0.4928,ambiguous,SLC3A1,256.0
Q07837,L256Y,0.6164,pathogenic,SLC3A1,256.0
Q07837,S257A,0.207,benign,SLC3A1,257.0
Q07837,S257C,0.4051,ambiguous,SLC3A1,257.0
Q07837,S257D,0.8703,pathogenic,SLC3A1,257.0
Q07837,S257E,0.9348,pathogenic,SLC3A1,257.0
Q07837,S257F,0.8434,pathogenic,SLC3A1,257.0
Q07837,S257G,0.2522,benign,SLC3A1,257.0
Q07837,S257H,0.8778,pathogenic,SLC3A1,257.0
Q07837,S257I,0.8808,pathogenic,SLC3A1,257.0
Q07837,S257K,0.9856,pathogenic,SLC3A1,257.0
Q07837,S257L,0.4535,ambiguous,SLC3A1,257.0
Q07837,S257M,0.7114,pathogenic,SLC3A1,257.0
Q07837,S257N,0.6196,pathogenic,SLC3A1,257.0
Q07837,S257P,0.8936,pathogenic,SLC3A1,257.0
Q07837,S257Q,0.9209,pathogenic,SLC3A1,257.0
Q07837,S257R,0.9691,pathogenic,SLC3A1,257.0
Q07837,S257T,0.3613,ambiguous,SLC3A1,257.0
Q07837,S257V,0.8251,pathogenic,SLC3A1,257.0
Q07837,S257W,0.8568,pathogenic,SLC3A1,257.0
Q07837,S257Y,0.7695,pathogenic,SLC3A1,257.0
Q07837,V258A,0.2385,benign,SLC3A1,258.0
Q07837,V258C,0.8154,pathogenic,SLC3A1,258.0
Q07837,V258D,0.5222,ambiguous,SLC3A1,258.0
Q07837,V258E,0.3491,ambiguous,SLC3A1,258.0
Q07837,V258F,0.1912,benign,SLC3A1,258.0
Q07837,V258G,0.3408,ambiguous,SLC3A1,258.0
Q07837,V258H,0.661,pathogenic,SLC3A1,258.0
Q07837,V258I,0.0755,benign,SLC3A1,258.0
Q07837,V258K,0.3665,ambiguous,SLC3A1,258.0
Q07837,V258L,0.2383,benign,SLC3A1,258.0
Q07837,V258M,0.1651,benign,SLC3A1,258.0
Q07837,V258N,0.3689,ambiguous,SLC3A1,258.0
Q07837,V258P,0.6375,pathogenic,SLC3A1,258.0
Q07837,V258Q,0.3957,ambiguous,SLC3A1,258.0
Q07837,V258R,0.2945,benign,SLC3A1,258.0
Q07837,V258S,0.3214,benign,SLC3A1,258.0
Q07837,V258T,0.3062,benign,SLC3A1,258.0
Q07837,V258W,0.7885,pathogenic,SLC3A1,258.0
Q07837,V258Y,0.5452,ambiguous,SLC3A1,258.0
Q07837,Y259A,0.348,ambiguous,SLC3A1,259.0
Q07837,Y259C,0.1609,benign,SLC3A1,259.0
Q07837,Y259D,0.17,benign,SLC3A1,259.0
Q07837,Y259E,0.4221,ambiguous,SLC3A1,259.0
Q07837,Y259F,0.0919,benign,SLC3A1,259.0
Q07837,Y259G,0.2854,benign,SLC3A1,259.0
Q07837,Y259H,0.1402,benign,SLC3A1,259.0
Q07837,Y259I,0.4952,ambiguous,SLC3A1,259.0
Q07837,Y259K,0.4137,ambiguous,SLC3A1,259.0
Q07837,Y259L,0.3646,ambiguous,SLC3A1,259.0
Q07837,Y259M,0.5516,ambiguous,SLC3A1,259.0
Q07837,Y259N,0.1263,benign,SLC3A1,259.0
Q07837,Y259P,0.7537,pathogenic,SLC3A1,259.0
Q07837,Y259Q,0.3378,benign,SLC3A1,259.0
Q07837,Y259R,0.2498,benign,SLC3A1,259.0
Q07837,Y259S,0.1332,benign,SLC3A1,259.0
Q07837,Y259T,0.3511,ambiguous,SLC3A1,259.0
Q07837,Y259V,0.414,ambiguous,SLC3A1,259.0
Q07837,Y259W,0.3073,benign,SLC3A1,259.0
Q07837,G260A,0.4083,ambiguous,SLC3A1,260.0
Q07837,G260C,0.5906,pathogenic,SLC3A1,260.0
Q07837,G260D,0.4482,ambiguous,SLC3A1,260.0
Q07837,G260E,0.4479,ambiguous,SLC3A1,260.0
Q07837,G260F,0.879,pathogenic,SLC3A1,260.0
Q07837,G260H,0.6079,pathogenic,SLC3A1,260.0
Q07837,G260I,0.8324,pathogenic,SLC3A1,260.0
Q07837,G260K,0.5324,ambiguous,SLC3A1,260.0
Q07837,G260L,0.8082,pathogenic,SLC3A1,260.0
Q07837,G260M,0.84,pathogenic,SLC3A1,260.0
Q07837,G260N,0.4676,ambiguous,SLC3A1,260.0
Q07837,G260P,0.9582,pathogenic,SLC3A1,260.0
Q07837,G260Q,0.454,ambiguous,SLC3A1,260.0
Q07837,G260R,0.3553,ambiguous,SLC3A1,260.0
Q07837,G260S,0.1832,benign,SLC3A1,260.0
Q07837,G260T,0.5402,ambiguous,SLC3A1,260.0
Q07837,G260V,0.7443,pathogenic,SLC3A1,260.0
Q07837,G260W,0.6895,pathogenic,SLC3A1,260.0
Q07837,G260Y,0.7296,pathogenic,SLC3A1,260.0
Q07837,N261A,0.2239,benign,SLC3A1,261.0
Q07837,N261C,0.3628,ambiguous,SLC3A1,261.0
Q07837,N261D,0.0964,benign,SLC3A1,261.0
Q07837,N261E,0.2323,benign,SLC3A1,261.0
Q07837,N261F,0.353,ambiguous,SLC3A1,261.0
Q07837,N261G,0.2245,benign,SLC3A1,261.0
Q07837,N261H,0.1074,benign,SLC3A1,261.0
Q07837,N261I,0.2215,benign,SLC3A1,261.0
Q07837,N261K,0.1769,benign,SLC3A1,261.0
Q07837,N261L,0.23,benign,SLC3A1,261.0
Q07837,N261M,0.3362,benign,SLC3A1,261.0
Q07837,N261P,0.4961,ambiguous,SLC3A1,261.0
Q07837,N261Q,0.2546,benign,SLC3A1,261.0
Q07837,N261R,0.2264,benign,SLC3A1,261.0
Q07837,N261S,0.0889,benign,SLC3A1,261.0
Q07837,N261T,0.1531,benign,SLC3A1,261.0
Q07837,N261V,0.2413,benign,SLC3A1,261.0
Q07837,N261W,0.6362,pathogenic,SLC3A1,261.0
Q07837,N261Y,0.117,benign,SLC3A1,261.0
Q07837,S262A,0.1543,benign,SLC3A1,262.0
Q07837,S262C,0.308,benign,SLC3A1,262.0
Q07837,S262D,0.5595,ambiguous,SLC3A1,262.0
Q07837,S262E,0.7124,pathogenic,SLC3A1,262.0
Q07837,S262F,0.4467,ambiguous,SLC3A1,262.0
Q07837,S262G,0.1834,benign,SLC3A1,262.0
Q07837,S262H,0.5758,pathogenic,SLC3A1,262.0
Q07837,S262I,0.4228,ambiguous,SLC3A1,262.0
Q07837,S262K,0.8269,pathogenic,SLC3A1,262.0
Q07837,S262L,0.2008,benign,SLC3A1,262.0
Q07837,S262M,0.4642,ambiguous,SLC3A1,262.0
Q07837,S262N,0.3229,benign,SLC3A1,262.0
Q07837,S262P,0.198,benign,SLC3A1,262.0
Q07837,S262Q,0.7272,pathogenic,SLC3A1,262.0
Q07837,S262R,0.7368,pathogenic,SLC3A1,262.0
Q07837,S262T,0.1245,benign,SLC3A1,262.0
Q07837,S262V,0.4095,ambiguous,SLC3A1,262.0
Q07837,S262W,0.6032,pathogenic,SLC3A1,262.0
Q07837,S262Y,0.3466,ambiguous,SLC3A1,262.0
Q07837,S263A,0.0847,benign,SLC3A1,263.0
Q07837,S263C,0.2424,benign,SLC3A1,263.0
Q07837,S263D,0.9659,pathogenic,SLC3A1,263.0
Q07837,S263E,0.9761,pathogenic,SLC3A1,263.0
Q07837,S263F,0.8606,pathogenic,SLC3A1,263.0
Q07837,S263G,0.1604,benign,SLC3A1,263.0
Q07837,S263H,0.9597,pathogenic,SLC3A1,263.0
Q07837,S263I,0.7308,pathogenic,SLC3A1,263.0
Q07837,S263K,0.995,pathogenic,SLC3A1,263.0
Q07837,S263L,0.4155,ambiguous,SLC3A1,263.0
Q07837,S263M,0.647,pathogenic,SLC3A1,263.0
Q07837,S263N,0.7971,pathogenic,SLC3A1,263.0
Q07837,S263P,0.7085,pathogenic,SLC3A1,263.0
Q07837,S263Q,0.9601,pathogenic,SLC3A1,263.0
Q07837,S263R,0.9854,pathogenic,SLC3A1,263.0
Q07837,S263T,0.2403,benign,SLC3A1,263.0
Q07837,S263V,0.6131,pathogenic,SLC3A1,263.0
Q07837,S263W,0.957,pathogenic,SLC3A1,263.0
Q07837,S263Y,0.8921,pathogenic,SLC3A1,263.0
Q07837,W264A,0.9847,pathogenic,SLC3A1,264.0
Q07837,W264C,0.9873,pathogenic,SLC3A1,264.0
Q07837,W264D,0.9981,pathogenic,SLC3A1,264.0
Q07837,W264E,0.9969,pathogenic,SLC3A1,264.0
Q07837,W264F,0.7519,pathogenic,SLC3A1,264.0
Q07837,W264G,0.9445,pathogenic,SLC3A1,264.0
Q07837,W264H,0.9882,pathogenic,SLC3A1,264.0
Q07837,W264I,0.9781,pathogenic,SLC3A1,264.0
Q07837,W264K,0.998,pathogenic,SLC3A1,264.0
Q07837,W264L,0.9442,pathogenic,SLC3A1,264.0
Q07837,W264M,0.9881,pathogenic,SLC3A1,264.0
Q07837,W264N,0.9972,pathogenic,SLC3A1,264.0
Q07837,W264P,0.9972,pathogenic,SLC3A1,264.0
Q07837,W264Q,0.9968,pathogenic,SLC3A1,264.0
Q07837,W264R,0.9928,pathogenic,SLC3A1,264.0
Q07837,W264S,0.9554,pathogenic,SLC3A1,264.0
Q07837,W264T,0.9844,pathogenic,SLC3A1,264.0
Q07837,W264V,0.9736,pathogenic,SLC3A1,264.0
Q07837,W264Y,0.9083,pathogenic,SLC3A1,264.0
Q07837,H265A,0.1758,benign,SLC3A1,265.0
Q07837,H265C,0.1588,benign,SLC3A1,265.0
Q07837,H265D,0.1199,benign,SLC3A1,265.0
Q07837,H265E,0.1399,benign,SLC3A1,265.0
Q07837,H265F,0.2483,benign,SLC3A1,265.0
Q07837,H265G,0.2679,benign,SLC3A1,265.0
Q07837,H265I,0.1851,benign,SLC3A1,265.0
Q07837,H265K,0.1672,benign,SLC3A1,265.0
Q07837,H265L,0.0955,benign,SLC3A1,265.0
Q07837,H265M,0.346,ambiguous,SLC3A1,265.0
Q07837,H265N,0.0761,benign,SLC3A1,265.0
Q07837,H265P,0.5492,ambiguous,SLC3A1,265.0
Q07837,H265Q,0.1012,benign,SLC3A1,265.0
Q07837,H265R,0.0859,benign,SLC3A1,265.0
Q07837,H265S,0.1387,benign,SLC3A1,265.0
Q07837,H265T,0.139,benign,SLC3A1,265.0
Q07837,H265V,0.1594,benign,SLC3A1,265.0
Q07837,H265W,0.355,ambiguous,SLC3A1,265.0
Q07837,H265Y,0.0827,benign,SLC3A1,265.0
Q07837,F266A,0.3705,ambiguous,SLC3A1,266.0
Q07837,F266C,0.2745,benign,SLC3A1,266.0
Q07837,F266D,0.5674,pathogenic,SLC3A1,266.0
Q07837,F266E,0.6198,pathogenic,SLC3A1,266.0
Q07837,F266G,0.6175,pathogenic,SLC3A1,266.0
Q07837,F266H,0.2949,benign,SLC3A1,266.0
Q07837,F266I,0.1809,benign,SLC3A1,266.0
Q07837,F266K,0.534,ambiguous,SLC3A1,266.0
Q07837,F266L,0.7019,pathogenic,SLC3A1,266.0
Q07837,F266M,0.4658,ambiguous,SLC3A1,266.0
Q07837,F266N,0.467,ambiguous,SLC3A1,266.0
Q07837,F266P,0.7759,pathogenic,SLC3A1,266.0
Q07837,F266Q,0.5441,ambiguous,SLC3A1,266.0
Q07837,F266R,0.3562,ambiguous,SLC3A1,266.0
Q07837,F266S,0.2331,benign,SLC3A1,266.0
Q07837,F266T,0.3267,benign,SLC3A1,266.0
Q07837,F266V,0.1758,benign,SLC3A1,266.0
Q07837,F266W,0.2643,benign,SLC3A1,266.0
Q07837,F266Y,0.0811,benign,SLC3A1,266.0
Q07837,D267A,0.6022,pathogenic,SLC3A1,267.0
Q07837,D267C,0.8228,pathogenic,SLC3A1,267.0
Q07837,D267E,0.5747,pathogenic,SLC3A1,267.0
Q07837,D267F,0.9616,pathogenic,SLC3A1,267.0
Q07837,D267G,0.7369,pathogenic,SLC3A1,267.0
Q07837,D267H,0.7004,pathogenic,SLC3A1,267.0
Q07837,D267I,0.8574,pathogenic,SLC3A1,267.0
Q07837,D267K,0.9188,pathogenic,SLC3A1,267.0
Q07837,D267L,0.8625,pathogenic,SLC3A1,267.0
Q07837,D267M,0.9568,pathogenic,SLC3A1,267.0
Q07837,D267N,0.4379,ambiguous,SLC3A1,267.0
Q07837,D267P,0.9686,pathogenic,SLC3A1,267.0
Q07837,D267Q,0.8627,pathogenic,SLC3A1,267.0
Q07837,D267R,0.8775,pathogenic,SLC3A1,267.0
Q07837,D267S,0.379,ambiguous,SLC3A1,267.0
Q07837,D267T,0.7723,pathogenic,SLC3A1,267.0
Q07837,D267V,0.5708,pathogenic,SLC3A1,267.0
Q07837,D267W,0.9842,pathogenic,SLC3A1,267.0
Q07837,D267Y,0.7527,pathogenic,SLC3A1,267.0
Q07837,E268A,0.0903,benign,SLC3A1,268.0
Q07837,E268C,0.6251,pathogenic,SLC3A1,268.0
Q07837,E268D,0.0749,benign,SLC3A1,268.0
Q07837,E268F,0.458,ambiguous,SLC3A1,268.0
Q07837,E268G,0.0897,benign,SLC3A1,268.0
Q07837,E268H,0.2083,benign,SLC3A1,268.0
Q07837,E268I,0.2048,benign,SLC3A1,268.0
Q07837,E268K,0.072,benign,SLC3A1,268.0
Q07837,E268L,0.2304,benign,SLC3A1,268.0
Q07837,E268M,0.2662,benign,SLC3A1,268.0
Q07837,E268N,0.1171,benign,SLC3A1,268.0
Q07837,E268P,0.2124,benign,SLC3A1,268.0
Q07837,E268Q,0.1069,benign,SLC3A1,268.0
Q07837,E268R,0.1169,benign,SLC3A1,268.0
Q07837,E268S,0.1073,benign,SLC3A1,268.0
Q07837,E268T,0.1184,benign,SLC3A1,268.0
Q07837,E268V,0.1318,benign,SLC3A1,268.0
Q07837,E268W,0.6098,pathogenic,SLC3A1,268.0
Q07837,E268Y,0.3217,benign,SLC3A1,268.0
Q07837,V269A,0.102,benign,SLC3A1,269.0
Q07837,V269C,0.6544,pathogenic,SLC3A1,269.0
Q07837,V269D,0.1207,benign,SLC3A1,269.0
Q07837,V269E,0.0892,benign,SLC3A1,269.0
Q07837,V269F,0.107,benign,SLC3A1,269.0
Q07837,V269G,0.1024,benign,SLC3A1,269.0
Q07837,V269H,0.2949,benign,SLC3A1,269.0
Q07837,V269I,0.0754,benign,SLC3A1,269.0
Q07837,V269K,0.1233,benign,SLC3A1,269.0
Q07837,V269L,0.1396,benign,SLC3A1,269.0
Q07837,V269M,0.1025,benign,SLC3A1,269.0
Q07837,V269N,0.1211,benign,SLC3A1,269.0
Q07837,V269P,0.3653,ambiguous,SLC3A1,269.0
Q07837,V269Q,0.137,benign,SLC3A1,269.0
Q07837,V269R,0.1377,benign,SLC3A1,269.0
Q07837,V269S,0.1106,benign,SLC3A1,269.0
Q07837,V269T,0.1104,benign,SLC3A1,269.0
Q07837,V269W,0.5589,ambiguous,SLC3A1,269.0
Q07837,V269Y,0.303,benign,SLC3A1,269.0
Q07837,R270A,0.9193,pathogenic,SLC3A1,270.0
Q07837,R270C,0.4813,ambiguous,SLC3A1,270.0
Q07837,R270D,0.9775,pathogenic,SLC3A1,270.0
Q07837,R270E,0.8196,pathogenic,SLC3A1,270.0
Q07837,R270F,0.9683,pathogenic,SLC3A1,270.0
Q07837,R270G,0.7997,pathogenic,SLC3A1,270.0
Q07837,R270H,0.4145,ambiguous,SLC3A1,270.0
Q07837,R270I,0.8886,pathogenic,SLC3A1,270.0
Q07837,R270K,0.5011,ambiguous,SLC3A1,270.0
Q07837,R270L,0.7689,pathogenic,SLC3A1,270.0
Q07837,R270M,0.8766,pathogenic,SLC3A1,270.0
Q07837,R270N,0.9489,pathogenic,SLC3A1,270.0
Q07837,R270P,0.9526,pathogenic,SLC3A1,270.0
Q07837,R270Q,0.3018,benign,SLC3A1,270.0
Q07837,R270S,0.9226,pathogenic,SLC3A1,270.0
Q07837,R270T,0.8288,pathogenic,SLC3A1,270.0
Q07837,R270V,0.9082,pathogenic,SLC3A1,270.0
Q07837,R270W,0.4933,ambiguous,SLC3A1,270.0
Q07837,R270Y,0.9102,pathogenic,SLC3A1,270.0
Q07837,N271A,0.1562,benign,SLC3A1,271.0
Q07837,N271C,0.2469,benign,SLC3A1,271.0
Q07837,N271D,0.0827,benign,SLC3A1,271.0
Q07837,N271E,0.1322,benign,SLC3A1,271.0
Q07837,N271F,0.3952,ambiguous,SLC3A1,271.0
Q07837,N271G,0.133,benign,SLC3A1,271.0
Q07837,N271H,0.071,benign,SLC3A1,271.0
Q07837,N271I,0.235,benign,SLC3A1,271.0
Q07837,N271K,0.0762,benign,SLC3A1,271.0
Q07837,N271L,0.1591,benign,SLC3A1,271.0
Q07837,N271M,0.2281,benign,SLC3A1,271.0
Q07837,N271P,0.5994,pathogenic,SLC3A1,271.0
Q07837,N271Q,0.1072,benign,SLC3A1,271.0
Q07837,N271R,0.1067,benign,SLC3A1,271.0
Q07837,N271S,0.0735,benign,SLC3A1,271.0
Q07837,N271T,0.1301,benign,SLC3A1,271.0
Q07837,N271V,0.2328,benign,SLC3A1,271.0
Q07837,N271W,0.5274,ambiguous,SLC3A1,271.0
Q07837,N271Y,0.1191,benign,SLC3A1,271.0
Q07837,Q272A,0.4796,ambiguous,SLC3A1,272.0
Q07837,Q272C,0.9018,pathogenic,SLC3A1,272.0
Q07837,Q272D,0.8848,pathogenic,SLC3A1,272.0
Q07837,Q272E,0.1406,benign,SLC3A1,272.0
Q07837,Q272F,0.9567,pathogenic,SLC3A1,272.0
Q07837,Q272G,0.6574,pathogenic,SLC3A1,272.0
Q07837,Q272H,0.7422,pathogenic,SLC3A1,272.0
Q07837,Q272I,0.803,pathogenic,SLC3A1,272.0
Q07837,Q272K,0.2272,benign,SLC3A1,272.0
Q07837,Q272L,0.4818,ambiguous,SLC3A1,272.0
Q07837,Q272M,0.6726,pathogenic,SLC3A1,272.0
Q07837,Q272N,0.8037,pathogenic,SLC3A1,272.0
Q07837,Q272P,0.9571,pathogenic,SLC3A1,272.0
Q07837,Q272R,0.2409,benign,SLC3A1,272.0
Q07837,Q272S,0.6228,pathogenic,SLC3A1,272.0
Q07837,Q272T,0.6022,pathogenic,SLC3A1,272.0
Q07837,Q272V,0.674,pathogenic,SLC3A1,272.0
Q07837,Q272W,0.9522,pathogenic,SLC3A1,272.0
Q07837,Q272Y,0.9101,pathogenic,SLC3A1,272.0
Q07837,C273A,0.9677,pathogenic,SLC3A1,273.0
Q07837,C273D,0.9932,pathogenic,SLC3A1,273.0
Q07837,C273E,0.9967,pathogenic,SLC3A1,273.0
Q07837,C273F,0.7411,pathogenic,SLC3A1,273.0
Q07837,C273G,0.7909,pathogenic,SLC3A1,273.0
Q07837,C273H,0.9706,pathogenic,SLC3A1,273.0
Q07837,C273I,0.9811,pathogenic,SLC3A1,273.0
Q07837,C273K,0.9972,pathogenic,SLC3A1,273.0
Q07837,C273L,0.9641,pathogenic,SLC3A1,273.0
Q07837,C273M,0.9846,pathogenic,SLC3A1,273.0
Q07837,C273N,0.9802,pathogenic,SLC3A1,273.0
Q07837,C273P,0.9978,pathogenic,SLC3A1,273.0
Q07837,C273Q,0.9927,pathogenic,SLC3A1,273.0
Q07837,C273R,0.9713,pathogenic,SLC3A1,273.0
Q07837,C273S,0.9493,pathogenic,SLC3A1,273.0
Q07837,C273T,0.9869,pathogenic,SLC3A1,273.0
Q07837,C273V,0.9738,pathogenic,SLC3A1,273.0
Q07837,C273W,0.8702,pathogenic,SLC3A1,273.0
Q07837,C273Y,0.7406,pathogenic,SLC3A1,273.0
Q07837,Y274A,0.915,pathogenic,SLC3A1,274.0
Q07837,Y274C,0.5358,ambiguous,SLC3A1,274.0
Q07837,Y274D,0.9394,pathogenic,SLC3A1,274.0
Q07837,Y274E,0.9864,pathogenic,SLC3A1,274.0
Q07837,Y274F,0.1377,benign,SLC3A1,274.0
Q07837,Y274G,0.9108,pathogenic,SLC3A1,274.0
Q07837,Y274H,0.6688,pathogenic,SLC3A1,274.0
Q07837,Y274I,0.8378,pathogenic,SLC3A1,274.0
Q07837,Y274K,0.9829,pathogenic,SLC3A1,274.0
Q07837,Y274L,0.7937,pathogenic,SLC3A1,274.0
Q07837,Y274M,0.9331,pathogenic,SLC3A1,274.0
Q07837,Y274N,0.7636,pathogenic,SLC3A1,274.0
Q07837,Y274P,0.9868,pathogenic,SLC3A1,274.0
Q07837,Y274Q,0.9616,pathogenic,SLC3A1,274.0
Q07837,Y274R,0.9226,pathogenic,SLC3A1,274.0
Q07837,Y274S,0.6729,pathogenic,SLC3A1,274.0
Q07837,Y274T,0.9053,pathogenic,SLC3A1,274.0
Q07837,Y274V,0.7542,pathogenic,SLC3A1,274.0
Q07837,Y274W,0.6374,pathogenic,SLC3A1,274.0
Q07837,F275A,0.8036,pathogenic,SLC3A1,275.0
Q07837,F275C,0.4862,ambiguous,SLC3A1,275.0
Q07837,F275D,0.951,pathogenic,SLC3A1,275.0
Q07837,F275E,0.9592,pathogenic,SLC3A1,275.0
Q07837,F275G,0.8895,pathogenic,SLC3A1,275.0
Q07837,F275H,0.724,pathogenic,SLC3A1,275.0
Q07837,F275I,0.421,ambiguous,SLC3A1,275.0
Q07837,F275K,0.9408,pathogenic,SLC3A1,275.0
Q07837,F275L,0.6051,pathogenic,SLC3A1,275.0
Q07837,F275M,0.6283,pathogenic,SLC3A1,275.0
Q07837,F275N,0.8584,pathogenic,SLC3A1,275.0
Q07837,F275P,0.9909,pathogenic,SLC3A1,275.0
Q07837,F275Q,0.9092,pathogenic,SLC3A1,275.0
Q07837,F275R,0.8684,pathogenic,SLC3A1,275.0
Q07837,F275S,0.7249,pathogenic,SLC3A1,275.0
Q07837,F275T,0.8699,pathogenic,SLC3A1,275.0
Q07837,F275V,0.4278,ambiguous,SLC3A1,275.0
Q07837,F275W,0.5868,pathogenic,SLC3A1,275.0
Q07837,F275Y,0.0944,benign,SLC3A1,275.0
Q07837,H276A,0.9217,pathogenic,SLC3A1,276.0
Q07837,H276C,0.5949,pathogenic,SLC3A1,276.0
Q07837,H276D,0.935,pathogenic,SLC3A1,276.0
Q07837,H276E,0.9367,pathogenic,SLC3A1,276.0
Q07837,H276F,0.8513,pathogenic,SLC3A1,276.0
Q07837,H276G,0.9138,pathogenic,SLC3A1,276.0
Q07837,H276I,0.9592,pathogenic,SLC3A1,276.0
Q07837,H276K,0.847,pathogenic,SLC3A1,276.0
Q07837,H276L,0.6924,pathogenic,SLC3A1,276.0
Q07837,H276M,0.9665,pathogenic,SLC3A1,276.0
Q07837,H276N,0.6172,pathogenic,SLC3A1,276.0
Q07837,H276P,0.8924,pathogenic,SLC3A1,276.0
Q07837,H276Q,0.736,pathogenic,SLC3A1,276.0
Q07837,H276R,0.4127,ambiguous,SLC3A1,276.0
Q07837,H276S,0.7498,pathogenic,SLC3A1,276.0
Q07837,H276T,0.92,pathogenic,SLC3A1,276.0
Q07837,H276V,0.938,pathogenic,SLC3A1,276.0
Q07837,H276W,0.8491,pathogenic,SLC3A1,276.0
Q07837,H276Y,0.4778,ambiguous,SLC3A1,276.0
Q07837,Q277A,0.4131,ambiguous,SLC3A1,277.0
Q07837,Q277C,0.9261,pathogenic,SLC3A1,277.0
Q07837,Q277D,0.9455,pathogenic,SLC3A1,277.0
Q07837,Q277E,0.2639,benign,SLC3A1,277.0
Q07837,Q277F,0.9501,pathogenic,SLC3A1,277.0
Q07837,Q277G,0.6223,pathogenic,SLC3A1,277.0
Q07837,Q277H,0.7539,pathogenic,SLC3A1,277.0
Q07837,Q277I,0.7259,pathogenic,SLC3A1,277.0
Q07837,Q277K,0.4536,ambiguous,SLC3A1,277.0
Q07837,Q277L,0.4259,ambiguous,SLC3A1,277.0
Q07837,Q277M,0.6267,pathogenic,SLC3A1,277.0
Q07837,Q277N,0.6749,pathogenic,SLC3A1,277.0
Q07837,Q277P,0.7659,pathogenic,SLC3A1,277.0
Q07837,Q277R,0.4426,ambiguous,SLC3A1,277.0
Q07837,Q277S,0.4878,ambiguous,SLC3A1,277.0
Q07837,Q277T,0.4647,ambiguous,SLC3A1,277.0
Q07837,Q277V,0.6001,pathogenic,SLC3A1,277.0
Q07837,Q277W,0.9663,pathogenic,SLC3A1,277.0
Q07837,Q277Y,0.918,pathogenic,SLC3A1,277.0
Q07837,F278A,0.9407,pathogenic,SLC3A1,278.0
Q07837,F278C,0.8819,pathogenic,SLC3A1,278.0
Q07837,F278D,0.9509,pathogenic,SLC3A1,278.0
Q07837,F278E,0.9628,pathogenic,SLC3A1,278.0
Q07837,F278G,0.9433,pathogenic,SLC3A1,278.0
Q07837,F278H,0.8132,pathogenic,SLC3A1,278.0
Q07837,F278I,0.8531,pathogenic,SLC3A1,278.0
Q07837,F278K,0.9492,pathogenic,SLC3A1,278.0
Q07837,F278L,0.9721,pathogenic,SLC3A1,278.0
Q07837,F278M,0.9023,pathogenic,SLC3A1,278.0
Q07837,F278N,0.867,pathogenic,SLC3A1,278.0
Q07837,F278P,0.9975,pathogenic,SLC3A1,278.0
Q07837,F278Q,0.937,pathogenic,SLC3A1,278.0
Q07837,F278R,0.8957,pathogenic,SLC3A1,278.0
Q07837,F278S,0.8714,pathogenic,SLC3A1,278.0
Q07837,F278T,0.9404,pathogenic,SLC3A1,278.0
Q07837,F278V,0.8179,pathogenic,SLC3A1,278.0
Q07837,F278W,0.7285,pathogenic,SLC3A1,278.0
Q07837,F278Y,0.25,benign,SLC3A1,278.0
Q07837,M279A,0.1234,benign,SLC3A1,279.0
Q07837,M279C,0.5173,ambiguous,SLC3A1,279.0
Q07837,M279D,0.3873,ambiguous,SLC3A1,279.0
Q07837,M279E,0.1508,benign,SLC3A1,279.0
Q07837,M279F,0.2181,benign,SLC3A1,279.0
Q07837,M279G,0.1793,benign,SLC3A1,279.0
Q07837,M279H,0.2213,benign,SLC3A1,279.0
Q07837,M279I,0.1933,benign,SLC3A1,279.0
Q07837,M279K,0.0648,benign,SLC3A1,279.0
Q07837,M279L,0.0613,benign,SLC3A1,279.0
Q07837,M279N,0.2039,benign,SLC3A1,279.0
Q07837,M279P,0.443,ambiguous,SLC3A1,279.0
Q07837,M279Q,0.0899,benign,SLC3A1,279.0
Q07837,M279R,0.0599,benign,SLC3A1,279.0
Q07837,M279S,0.1304,benign,SLC3A1,279.0
Q07837,M279T,0.0629,benign,SLC3A1,279.0
Q07837,M279V,0.0847,benign,SLC3A1,279.0
Q07837,M279W,0.2897,benign,SLC3A1,279.0
Q07837,M279Y,0.3157,benign,SLC3A1,279.0
Q07837,K280A,0.2298,benign,SLC3A1,280.0
Q07837,K280C,0.7803,pathogenic,SLC3A1,280.0
Q07837,K280D,0.4586,ambiguous,SLC3A1,280.0
Q07837,K280E,0.1025,benign,SLC3A1,280.0
Q07837,K280F,0.7121,pathogenic,SLC3A1,280.0
Q07837,K280G,0.4052,ambiguous,SLC3A1,280.0
Q07837,K280H,0.362,ambiguous,SLC3A1,280.0
Q07837,K280I,0.2493,benign,SLC3A1,280.0
Q07837,K280L,0.2875,benign,SLC3A1,280.0
Q07837,K280M,0.1842,benign,SLC3A1,280.0
Q07837,K280N,0.3643,ambiguous,SLC3A1,280.0
Q07837,K280P,0.2988,benign,SLC3A1,280.0
Q07837,K280Q,0.1285,benign,SLC3A1,280.0
Q07837,K280R,0.0865,benign,SLC3A1,280.0
Q07837,K280S,0.3388,benign,SLC3A1,280.0
Q07837,K280T,0.1528,benign,SLC3A1,280.0
Q07837,K280V,0.2343,benign,SLC3A1,280.0
Q07837,K280W,0.6934,pathogenic,SLC3A1,280.0
Q07837,K280Y,0.5823,pathogenic,SLC3A1,280.0
Q07837,E281A,0.1908,benign,SLC3A1,281.0
Q07837,E281C,0.8749,pathogenic,SLC3A1,281.0
Q07837,E281D,0.2157,benign,SLC3A1,281.0
Q07837,E281F,0.7556,pathogenic,SLC3A1,281.0
Q07837,E281G,0.1552,benign,SLC3A1,281.0
Q07837,E281H,0.5538,ambiguous,SLC3A1,281.0
Q07837,E281I,0.4609,ambiguous,SLC3A1,281.0
Q07837,E281K,0.2114,benign,SLC3A1,281.0
Q07837,E281L,0.5554,ambiguous,SLC3A1,281.0
Q07837,E281M,0.5577,ambiguous,SLC3A1,281.0
Q07837,E281N,0.3583,ambiguous,SLC3A1,281.0
Q07837,E281P,0.7261,pathogenic,SLC3A1,281.0
Q07837,E281Q,0.1501,benign,SLC3A1,281.0
Q07837,E281R,0.3545,ambiguous,SLC3A1,281.0
Q07837,E281S,0.2542,benign,SLC3A1,281.0
Q07837,E281T,0.2947,benign,SLC3A1,281.0
Q07837,E281V,0.2975,benign,SLC3A1,281.0
Q07837,E281W,0.857,pathogenic,SLC3A1,281.0
Q07837,E281Y,0.6059,pathogenic,SLC3A1,281.0
Q07837,Q282A,0.5961,pathogenic,SLC3A1,282.0
Q07837,Q282C,0.9372,pathogenic,SLC3A1,282.0
Q07837,Q282D,0.8915,pathogenic,SLC3A1,282.0
Q07837,Q282E,0.1567,benign,SLC3A1,282.0
Q07837,Q282F,0.9005,pathogenic,SLC3A1,282.0
Q07837,Q282G,0.7453,pathogenic,SLC3A1,282.0
Q07837,Q282H,0.6879,pathogenic,SLC3A1,282.0
Q07837,Q282I,0.6482,pathogenic,SLC3A1,282.0
Q07837,Q282K,0.3584,ambiguous,SLC3A1,282.0
Q07837,Q282L,0.3407,ambiguous,SLC3A1,282.0
Q07837,Q282M,0.4486,ambiguous,SLC3A1,282.0
Q07837,Q282N,0.6901,pathogenic,SLC3A1,282.0
Q07837,Q282P,0.9091,pathogenic,SLC3A1,282.0
Q07837,Q282R,0.5119,ambiguous,SLC3A1,282.0
Q07837,Q282S,0.6934,pathogenic,SLC3A1,282.0
Q07837,Q282T,0.5999,pathogenic,SLC3A1,282.0
Q07837,Q282V,0.5766,pathogenic,SLC3A1,282.0
Q07837,Q282W,0.9315,pathogenic,SLC3A1,282.0
Q07837,Q282Y,0.8498,pathogenic,SLC3A1,282.0
Q07837,P283A,0.318,benign,SLC3A1,283.0
Q07837,P283C,0.9177,pathogenic,SLC3A1,283.0
Q07837,P283D,0.9925,pathogenic,SLC3A1,283.0
Q07837,P283E,0.9575,pathogenic,SLC3A1,283.0
Q07837,P283F,0.9896,pathogenic,SLC3A1,283.0
Q07837,P283G,0.9228,pathogenic,SLC3A1,283.0
Q07837,P283H,0.9589,pathogenic,SLC3A1,283.0
Q07837,P283I,0.8008,pathogenic,SLC3A1,283.0
Q07837,P283K,0.9645,pathogenic,SLC3A1,283.0
Q07837,P283L,0.6588,pathogenic,SLC3A1,283.0
Q07837,P283M,0.9103,pathogenic,SLC3A1,283.0
Q07837,P283N,0.9835,pathogenic,SLC3A1,283.0
Q07837,P283Q,0.9186,pathogenic,SLC3A1,283.0
Q07837,P283R,0.8858,pathogenic,SLC3A1,283.0
Q07837,P283S,0.8091,pathogenic,SLC3A1,283.0
Q07837,P283T,0.7088,pathogenic,SLC3A1,283.0
Q07837,P283V,0.5963,pathogenic,SLC3A1,283.0
Q07837,P283W,0.9935,pathogenic,SLC3A1,283.0
Q07837,P283Y,0.9874,pathogenic,SLC3A1,283.0
Q07837,D284A,0.8341,pathogenic,SLC3A1,284.0
Q07837,D284C,0.9728,pathogenic,SLC3A1,284.0
Q07837,D284E,0.7789,pathogenic,SLC3A1,284.0
Q07837,D284F,0.9873,pathogenic,SLC3A1,284.0
Q07837,D284G,0.8713,pathogenic,SLC3A1,284.0
Q07837,D284H,0.9311,pathogenic,SLC3A1,284.0
Q07837,D284I,0.952,pathogenic,SLC3A1,284.0
Q07837,D284K,0.963,pathogenic,SLC3A1,284.0
Q07837,D284L,0.9354,pathogenic,SLC3A1,284.0
Q07837,D284M,0.9855,pathogenic,SLC3A1,284.0
Q07837,D284N,0.6981,pathogenic,SLC3A1,284.0
Q07837,D284P,0.9881,pathogenic,SLC3A1,284.0
Q07837,D284Q,0.9568,pathogenic,SLC3A1,284.0
Q07837,D284R,0.9541,pathogenic,SLC3A1,284.0
Q07837,D284S,0.7008,pathogenic,SLC3A1,284.0
Q07837,D284T,0.9277,pathogenic,SLC3A1,284.0
Q07837,D284V,0.8504,pathogenic,SLC3A1,284.0
Q07837,D284W,0.9976,pathogenic,SLC3A1,284.0
Q07837,D284Y,0.91,pathogenic,SLC3A1,284.0
Q07837,L285A,0.9321,pathogenic,SLC3A1,285.0
Q07837,L285C,0.8839,pathogenic,SLC3A1,285.0
Q07837,L285D,0.9974,pathogenic,SLC3A1,285.0
Q07837,L285E,0.9854,pathogenic,SLC3A1,285.0
Q07837,L285F,0.4209,ambiguous,SLC3A1,285.0
Q07837,L285G,0.9771,pathogenic,SLC3A1,285.0
Q07837,L285H,0.9405,pathogenic,SLC3A1,285.0
Q07837,L285I,0.2917,benign,SLC3A1,285.0
Q07837,L285K,0.9581,pathogenic,SLC3A1,285.0
Q07837,L285M,0.3479,ambiguous,SLC3A1,285.0
Q07837,L285N,0.9821,pathogenic,SLC3A1,285.0
Q07837,L285P,0.9647,pathogenic,SLC3A1,285.0
Q07837,L285Q,0.9344,pathogenic,SLC3A1,285.0
Q07837,L285R,0.894,pathogenic,SLC3A1,285.0
Q07837,L285S,0.9757,pathogenic,SLC3A1,285.0
Q07837,L285T,0.9128,pathogenic,SLC3A1,285.0
Q07837,L285V,0.3327,benign,SLC3A1,285.0
Q07837,L285W,0.7969,pathogenic,SLC3A1,285.0
Q07837,L285Y,0.9014,pathogenic,SLC3A1,285.0
Q07837,N286A,0.7628,pathogenic,SLC3A1,286.0
Q07837,N286C,0.7748,pathogenic,SLC3A1,286.0
Q07837,N286D,0.2447,benign,SLC3A1,286.0
Q07837,N286E,0.9078,pathogenic,SLC3A1,286.0
Q07837,N286F,0.9378,pathogenic,SLC3A1,286.0
Q07837,N286G,0.8847,pathogenic,SLC3A1,286.0
Q07837,N286H,0.4447,ambiguous,SLC3A1,286.0
Q07837,N286I,0.7611,pathogenic,SLC3A1,286.0
Q07837,N286K,0.9172,pathogenic,SLC3A1,286.0
Q07837,N286L,0.7413,pathogenic,SLC3A1,286.0
Q07837,N286M,0.8535,pathogenic,SLC3A1,286.0
Q07837,N286P,0.9641,pathogenic,SLC3A1,286.0
Q07837,N286Q,0.8616,pathogenic,SLC3A1,286.0
Q07837,N286R,0.8757,pathogenic,SLC3A1,286.0
Q07837,N286S,0.2454,benign,SLC3A1,286.0
Q07837,N286T,0.703,pathogenic,SLC3A1,286.0
Q07837,N286V,0.7735,pathogenic,SLC3A1,286.0
Q07837,N286W,0.9742,pathogenic,SLC3A1,286.0
Q07837,N286Y,0.5795,pathogenic,SLC3A1,286.0
Q07837,F287A,0.8876,pathogenic,SLC3A1,287.0
Q07837,F287C,0.6687,pathogenic,SLC3A1,287.0
Q07837,F287D,0.9808,pathogenic,SLC3A1,287.0
Q07837,F287E,0.9842,pathogenic,SLC3A1,287.0
Q07837,F287G,0.9282,pathogenic,SLC3A1,287.0
Q07837,F287H,0.9089,pathogenic,SLC3A1,287.0
Q07837,F287I,0.3395,benign,SLC3A1,287.0
Q07837,F287K,0.9847,pathogenic,SLC3A1,287.0
Q07837,F287L,0.7231,pathogenic,SLC3A1,287.0
Q07837,F287M,0.6343,pathogenic,SLC3A1,287.0
Q07837,F287N,0.9429,pathogenic,SLC3A1,287.0
Q07837,F287P,0.9707,pathogenic,SLC3A1,287.0
Q07837,F287Q,0.9704,pathogenic,SLC3A1,287.0
Q07837,F287R,0.9616,pathogenic,SLC3A1,287.0
Q07837,F287S,0.8542,pathogenic,SLC3A1,287.0
Q07837,F287T,0.8847,pathogenic,SLC3A1,287.0
Q07837,F287V,0.3739,ambiguous,SLC3A1,287.0
Q07837,F287W,0.6129,pathogenic,SLC3A1,287.0
Q07837,F287Y,0.2811,benign,SLC3A1,287.0
Q07837,R288A,0.2896,benign,SLC3A1,288.0
Q07837,R288C,0.0935,benign,SLC3A1,288.0
Q07837,R288D,0.2882,benign,SLC3A1,288.0
Q07837,R288E,0.2326,benign,SLC3A1,288.0
Q07837,R288F,0.2799,benign,SLC3A1,288.0
Q07837,R288G,0.165,benign,SLC3A1,288.0
Q07837,R288H,0.0571,benign,SLC3A1,288.0
Q07837,R288I,0.2565,benign,SLC3A1,288.0
Q07837,R288K,0.1886,benign,SLC3A1,288.0
Q07837,R288L,0.1472,benign,SLC3A1,288.0
Q07837,R288M,0.344,ambiguous,SLC3A1,288.0
Q07837,R288N,0.2302,benign,SLC3A1,288.0
Q07837,R288P,0.5908,pathogenic,SLC3A1,288.0
Q07837,R288Q,0.0799,benign,SLC3A1,288.0
Q07837,R288S,0.2247,benign,SLC3A1,288.0
Q07837,R288T,0.2167,benign,SLC3A1,288.0
Q07837,R288V,0.3133,benign,SLC3A1,288.0
Q07837,R288W,0.0947,benign,SLC3A1,288.0
Q07837,R288Y,0.1194,benign,SLC3A1,288.0
Q07837,N289A,0.5604,ambiguous,SLC3A1,289.0
Q07837,N289C,0.2966,benign,SLC3A1,289.0
Q07837,N289D,0.3013,benign,SLC3A1,289.0
Q07837,N289E,0.582,pathogenic,SLC3A1,289.0
Q07837,N289F,0.7343,pathogenic,SLC3A1,289.0
Q07837,N289G,0.7427,pathogenic,SLC3A1,289.0
Q07837,N289H,0.1109,benign,SLC3A1,289.0
Q07837,N289I,0.2992,benign,SLC3A1,289.0
Q07837,N289K,0.5114,ambiguous,SLC3A1,289.0
Q07837,N289L,0.383,ambiguous,SLC3A1,289.0
Q07837,N289M,0.4709,ambiguous,SLC3A1,289.0
Q07837,N289P,0.9404,pathogenic,SLC3A1,289.0
Q07837,N289Q,0.4887,ambiguous,SLC3A1,289.0
Q07837,N289R,0.5695,pathogenic,SLC3A1,289.0
Q07837,N289S,0.1383,benign,SLC3A1,289.0
Q07837,N289T,0.3496,ambiguous,SLC3A1,289.0
Q07837,N289V,0.4058,ambiguous,SLC3A1,289.0
Q07837,N289W,0.8804,pathogenic,SLC3A1,289.0
Q07837,N289Y,0.26,benign,SLC3A1,289.0
Q07837,P290A,0.0717,benign,SLC3A1,290.0
Q07837,P290C,0.3611,ambiguous,SLC3A1,290.0
Q07837,P290D,0.2344,benign,SLC3A1,290.0
Q07837,P290E,0.1463,benign,SLC3A1,290.0
Q07837,P290F,0.2836,benign,SLC3A1,290.0
Q07837,P290G,0.2354,benign,SLC3A1,290.0
Q07837,P290H,0.1187,benign,SLC3A1,290.0
Q07837,P290I,0.1646,benign,SLC3A1,290.0
Q07837,P290K,0.1322,benign,SLC3A1,290.0
Q07837,P290L,0.085,benign,SLC3A1,290.0
Q07837,P290M,0.1828,benign,SLC3A1,290.0
Q07837,P290N,0.1942,benign,SLC3A1,290.0
Q07837,P290Q,0.1108,benign,SLC3A1,290.0
Q07837,P290R,0.0949,benign,SLC3A1,290.0
Q07837,P290S,0.097,benign,SLC3A1,290.0
Q07837,P290T,0.0747,benign,SLC3A1,290.0
Q07837,P290V,0.1316,benign,SLC3A1,290.0
Q07837,P290W,0.3426,ambiguous,SLC3A1,290.0
Q07837,P290Y,0.2702,benign,SLC3A1,290.0
Q07837,D291A,0.0473,benign,SLC3A1,291.0
Q07837,D291C,0.2991,benign,SLC3A1,291.0
Q07837,D291E,0.0968,benign,SLC3A1,291.0
Q07837,D291F,0.2114,benign,SLC3A1,291.0
Q07837,D291G,0.0994,benign,SLC3A1,291.0
Q07837,D291H,0.089,benign,SLC3A1,291.0
Q07837,D291I,0.1194,benign,SLC3A1,291.0
Q07837,D291K,0.1292,benign,SLC3A1,291.0
Q07837,D291L,0.1197,benign,SLC3A1,291.0
Q07837,D291M,0.2557,benign,SLC3A1,291.0
Q07837,D291N,0.0699,benign,SLC3A1,291.0
Q07837,D291P,0.4575,ambiguous,SLC3A1,291.0
Q07837,D291Q,0.1299,benign,SLC3A1,291.0
Q07837,D291R,0.1181,benign,SLC3A1,291.0
Q07837,D291S,0.0701,benign,SLC3A1,291.0
Q07837,D291T,0.0991,benign,SLC3A1,291.0
Q07837,D291V,0.0728,benign,SLC3A1,291.0
Q07837,D291W,0.5773,pathogenic,SLC3A1,291.0
Q07837,D291Y,0.0904,benign,SLC3A1,291.0
Q07837,V292A,0.6036,pathogenic,SLC3A1,292.0
Q07837,V292C,0.9374,pathogenic,SLC3A1,292.0
Q07837,V292D,0.9649,pathogenic,SLC3A1,292.0
Q07837,V292E,0.9154,pathogenic,SLC3A1,292.0
Q07837,V292F,0.7512,pathogenic,SLC3A1,292.0
Q07837,V292G,0.7286,pathogenic,SLC3A1,292.0
Q07837,V292H,0.9771,pathogenic,SLC3A1,292.0
Q07837,V292I,0.1109,benign,SLC3A1,292.0
Q07837,V292K,0.9319,pathogenic,SLC3A1,292.0
Q07837,V292L,0.3826,ambiguous,SLC3A1,292.0
Q07837,V292M,0.38,ambiguous,SLC3A1,292.0
Q07837,V292N,0.8878,pathogenic,SLC3A1,292.0
Q07837,V292P,0.9668,pathogenic,SLC3A1,292.0
Q07837,V292Q,0.9116,pathogenic,SLC3A1,292.0
Q07837,V292R,0.8936,pathogenic,SLC3A1,292.0
Q07837,V292S,0.7917,pathogenic,SLC3A1,292.0
Q07837,V292T,0.5983,pathogenic,SLC3A1,292.0
Q07837,V292W,0.9929,pathogenic,SLC3A1,292.0
Q07837,V292Y,0.9738,pathogenic,SLC3A1,292.0
Q07837,Q293A,0.2552,benign,SLC3A1,293.0
Q07837,Q293C,0.5834,pathogenic,SLC3A1,293.0
Q07837,Q293D,0.5882,pathogenic,SLC3A1,293.0
Q07837,Q293E,0.0865,benign,SLC3A1,293.0
Q07837,Q293F,0.6939,pathogenic,SLC3A1,293.0
Q07837,Q293G,0.2959,benign,SLC3A1,293.0
Q07837,Q293H,0.2691,benign,SLC3A1,293.0
Q07837,Q293I,0.2974,benign,SLC3A1,293.0
Q07837,Q293K,0.0839,benign,SLC3A1,293.0
Q07837,Q293L,0.1161,benign,SLC3A1,293.0
Q07837,Q293M,0.3681,ambiguous,SLC3A1,293.0
Q07837,Q293N,0.4576,ambiguous,SLC3A1,293.0
Q07837,Q293P,0.2926,benign,SLC3A1,293.0
Q07837,Q293R,0.0824,benign,SLC3A1,293.0
Q07837,Q293S,0.3893,ambiguous,SLC3A1,293.0
Q07837,Q293T,0.2419,benign,SLC3A1,293.0
Q07837,Q293V,0.2169,benign,SLC3A1,293.0
Q07837,Q293W,0.4236,ambiguous,SLC3A1,293.0
Q07837,Q293Y,0.4696,ambiguous,SLC3A1,293.0
Q07837,E294A,0.0917,benign,SLC3A1,294.0
Q07837,E294C,0.7123,pathogenic,SLC3A1,294.0
Q07837,E294D,0.1163,benign,SLC3A1,294.0
Q07837,E294F,0.546,ambiguous,SLC3A1,294.0
Q07837,E294G,0.0958,benign,SLC3A1,294.0
Q07837,E294H,0.2768,benign,SLC3A1,294.0
Q07837,E294I,0.2642,benign,SLC3A1,294.0
Q07837,E294K,0.0805,benign,SLC3A1,294.0
Q07837,E294L,0.2145,benign,SLC3A1,294.0
Q07837,E294M,0.2651,benign,SLC3A1,294.0
Q07837,E294N,0.1515,benign,SLC3A1,294.0
Q07837,E294P,0.7916,pathogenic,SLC3A1,294.0
Q07837,E294Q,0.0889,benign,SLC3A1,294.0
Q07837,E294R,0.1296,benign,SLC3A1,294.0
Q07837,E294S,0.14,benign,SLC3A1,294.0
Q07837,E294T,0.1437,benign,SLC3A1,294.0
Q07837,E294V,0.1564,benign,SLC3A1,294.0
Q07837,E294W,0.652,pathogenic,SLC3A1,294.0
Q07837,E294Y,0.3962,ambiguous,SLC3A1,294.0
Q07837,E295A,0.3103,benign,SLC3A1,295.0
Q07837,E295C,0.9602,pathogenic,SLC3A1,295.0
Q07837,E295D,0.3364,benign,SLC3A1,295.0
Q07837,E295F,0.9614,pathogenic,SLC3A1,295.0
Q07837,E295G,0.3815,ambiguous,SLC3A1,295.0
Q07837,E295H,0.8027,pathogenic,SLC3A1,295.0
Q07837,E295I,0.818,pathogenic,SLC3A1,295.0
Q07837,E295K,0.3853,ambiguous,SLC3A1,295.0
Q07837,E295L,0.843,pathogenic,SLC3A1,295.0
Q07837,E295M,0.8097,pathogenic,SLC3A1,295.0
Q07837,E295N,0.5799,pathogenic,SLC3A1,295.0
Q07837,E295P,0.9768,pathogenic,SLC3A1,295.0
Q07837,E295Q,0.3141,benign,SLC3A1,295.0
Q07837,E295R,0.5751,pathogenic,SLC3A1,295.0
Q07837,E295S,0.519,ambiguous,SLC3A1,295.0
Q07837,E295T,0.5954,pathogenic,SLC3A1,295.0
Q07837,E295V,0.6166,pathogenic,SLC3A1,295.0
Q07837,E295W,0.987,pathogenic,SLC3A1,295.0
Q07837,E295Y,0.904,pathogenic,SLC3A1,295.0
Q07837,I296A,0.5198,ambiguous,SLC3A1,296.0
Q07837,I296C,0.7527,pathogenic,SLC3A1,296.0
Q07837,I296D,0.8938,pathogenic,SLC3A1,296.0
Q07837,I296E,0.7409,pathogenic,SLC3A1,296.0
Q07837,I296F,0.1732,benign,SLC3A1,296.0
Q07837,I296G,0.7728,pathogenic,SLC3A1,296.0
Q07837,I296H,0.74,pathogenic,SLC3A1,296.0
Q07837,I296K,0.6685,pathogenic,SLC3A1,296.0
Q07837,I296L,0.1156,benign,SLC3A1,296.0
Q07837,I296M,0.0625,benign,SLC3A1,296.0
Q07837,I296N,0.4063,ambiguous,SLC3A1,296.0
Q07837,I296P,0.9454,pathogenic,SLC3A1,296.0
Q07837,I296Q,0.5888,pathogenic,SLC3A1,296.0
Q07837,I296R,0.5907,pathogenic,SLC3A1,296.0
Q07837,I296S,0.4462,ambiguous,SLC3A1,296.0
Q07837,I296T,0.3561,ambiguous,SLC3A1,296.0
Q07837,I296V,0.1078,benign,SLC3A1,296.0
Q07837,I296W,0.7764,pathogenic,SLC3A1,296.0
Q07837,I296Y,0.5921,pathogenic,SLC3A1,296.0
Q07837,K297A,0.2624,benign,SLC3A1,297.0
Q07837,K297C,0.6539,pathogenic,SLC3A1,297.0
Q07837,K297D,0.4577,ambiguous,SLC3A1,297.0
Q07837,K297E,0.0947,benign,SLC3A1,297.0
Q07837,K297F,0.6578,pathogenic,SLC3A1,297.0
Q07837,K297G,0.302,benign,SLC3A1,297.0
Q07837,K297H,0.2663,benign,SLC3A1,297.0
Q07837,K297I,0.3206,benign,SLC3A1,297.0
Q07837,K297L,0.2653,benign,SLC3A1,297.0
Q07837,K297M,0.1998,benign,SLC3A1,297.0
Q07837,K297N,0.3122,benign,SLC3A1,297.0
Q07837,K297P,0.811,pathogenic,SLC3A1,297.0
Q07837,K297Q,0.1088,benign,SLC3A1,297.0
Q07837,K297R,0.0812,benign,SLC3A1,297.0
Q07837,K297S,0.2851,benign,SLC3A1,297.0
Q07837,K297T,0.1309,benign,SLC3A1,297.0
Q07837,K297V,0.311,benign,SLC3A1,297.0
Q07837,K297W,0.6379,pathogenic,SLC3A1,297.0
Q07837,K297Y,0.5185,ambiguous,SLC3A1,297.0
Q07837,E298A,0.112,benign,SLC3A1,298.0
Q07837,E298C,0.7213,pathogenic,SLC3A1,298.0
Q07837,E298D,0.0846,benign,SLC3A1,298.0
Q07837,E298F,0.6397,pathogenic,SLC3A1,298.0
Q07837,E298G,0.0739,benign,SLC3A1,298.0
Q07837,E298H,0.3291,benign,SLC3A1,298.0
Q07837,E298I,0.3576,ambiguous,SLC3A1,298.0
Q07837,E298K,0.1229,benign,SLC3A1,298.0
Q07837,E298L,0.3239,benign,SLC3A1,298.0
Q07837,E298M,0.3916,ambiguous,SLC3A1,298.0
Q07837,E298N,0.1361,benign,SLC3A1,298.0
Q07837,E298P,0.7992,pathogenic,SLC3A1,298.0
Q07837,E298Q,0.1272,benign,SLC3A1,298.0
Q07837,E298R,0.2012,benign,SLC3A1,298.0
Q07837,E298S,0.1371,benign,SLC3A1,298.0
Q07837,E298T,0.1683,benign,SLC3A1,298.0
Q07837,E298V,0.2004,benign,SLC3A1,298.0
Q07837,E298W,0.7288,pathogenic,SLC3A1,298.0
Q07837,E298Y,0.4127,ambiguous,SLC3A1,298.0
Q07837,I299A,0.4412,ambiguous,SLC3A1,299.0
Q07837,I299C,0.6751,pathogenic,SLC3A1,299.0
Q07837,I299D,0.654,pathogenic,SLC3A1,299.0
Q07837,I299E,0.6167,pathogenic,SLC3A1,299.0
Q07837,I299F,0.2569,benign,SLC3A1,299.0
Q07837,I299G,0.6746,pathogenic,SLC3A1,299.0
Q07837,I299H,0.5734,pathogenic,SLC3A1,299.0
Q07837,I299K,0.525,ambiguous,SLC3A1,299.0
Q07837,I299L,0.1345,benign,SLC3A1,299.0
Q07837,I299M,0.1195,benign,SLC3A1,299.0
Q07837,I299N,0.1976,benign,SLC3A1,299.0
Q07837,I299P,0.902,pathogenic,SLC3A1,299.0
Q07837,I299Q,0.5584,ambiguous,SLC3A1,299.0
Q07837,I299R,0.4751,ambiguous,SLC3A1,299.0
Q07837,I299S,0.2922,benign,SLC3A1,299.0
Q07837,I299T,0.2625,benign,SLC3A1,299.0
Q07837,I299V,0.1093,benign,SLC3A1,299.0
Q07837,I299W,0.8323,pathogenic,SLC3A1,299.0
Q07837,I299Y,0.5538,ambiguous,SLC3A1,299.0
Q07837,L300A,0.4652,ambiguous,SLC3A1,300.0
Q07837,L300C,0.6128,pathogenic,SLC3A1,300.0
Q07837,L300D,0.9381,pathogenic,SLC3A1,300.0
Q07837,L300E,0.783,pathogenic,SLC3A1,300.0
Q07837,L300F,0.1651,benign,SLC3A1,300.0
Q07837,L300G,0.7315,pathogenic,SLC3A1,300.0
Q07837,L300H,0.5832,pathogenic,SLC3A1,300.0
Q07837,L300I,0.0812,benign,SLC3A1,300.0
Q07837,L300K,0.7406,pathogenic,SLC3A1,300.0
Q07837,L300M,0.1028,benign,SLC3A1,300.0
Q07837,L300N,0.691,pathogenic,SLC3A1,300.0
Q07837,L300P,0.8013,pathogenic,SLC3A1,300.0
Q07837,L300Q,0.504,ambiguous,SLC3A1,300.0
Q07837,L300R,0.6496,pathogenic,SLC3A1,300.0
Q07837,L300S,0.5481,ambiguous,SLC3A1,300.0
Q07837,L300T,0.4054,ambiguous,SLC3A1,300.0
Q07837,L300V,0.1262,benign,SLC3A1,300.0
Q07837,L300W,0.4192,ambiguous,SLC3A1,300.0
Q07837,L300Y,0.5477,ambiguous,SLC3A1,300.0
Q07837,R301A,0.1565,benign,SLC3A1,301.0
Q07837,R301C,0.1055,benign,SLC3A1,301.0
Q07837,R301D,0.2772,benign,SLC3A1,301.0
Q07837,R301E,0.1177,benign,SLC3A1,301.0
Q07837,R301F,0.2757,benign,SLC3A1,301.0
Q07837,R301G,0.0962,benign,SLC3A1,301.0
Q07837,R301H,0.0674,benign,SLC3A1,301.0
Q07837,R301I,0.1411,benign,SLC3A1,301.0
Q07837,R301K,0.0776,benign,SLC3A1,301.0
Q07837,R301L,0.0943,benign,SLC3A1,301.0
Q07837,R301M,0.171,benign,SLC3A1,301.0
Q07837,R301N,0.2016,benign,SLC3A1,301.0
Q07837,R301P,0.4709,ambiguous,SLC3A1,301.0
Q07837,R301Q,0.0571,benign,SLC3A1,301.0
Q07837,R301S,0.1578,benign,SLC3A1,301.0
Q07837,R301T,0.1012,benign,SLC3A1,301.0
Q07837,R301V,0.1737,benign,SLC3A1,301.0
Q07837,R301W,0.0862,benign,SLC3A1,301.0
Q07837,R301Y,0.1599,benign,SLC3A1,301.0
Q07837,F302A,0.7313,pathogenic,SLC3A1,302.0
Q07837,F302C,0.4824,ambiguous,SLC3A1,302.0
Q07837,F302D,0.726,pathogenic,SLC3A1,302.0
Q07837,F302E,0.8225,pathogenic,SLC3A1,302.0
Q07837,F302G,0.7991,pathogenic,SLC3A1,302.0
Q07837,F302H,0.5168,ambiguous,SLC3A1,302.0
Q07837,F302I,0.2748,benign,SLC3A1,302.0
Q07837,F302K,0.7977,pathogenic,SLC3A1,302.0
Q07837,F302L,0.8729,pathogenic,SLC3A1,302.0
Q07837,F302M,0.6677,pathogenic,SLC3A1,302.0
Q07837,F302N,0.5759,pathogenic,SLC3A1,302.0
Q07837,F302P,0.9778,pathogenic,SLC3A1,302.0
Q07837,F302Q,0.7884,pathogenic,SLC3A1,302.0
Q07837,F302R,0.7209,pathogenic,SLC3A1,302.0
Q07837,F302S,0.5024,ambiguous,SLC3A1,302.0
Q07837,F302T,0.5916,pathogenic,SLC3A1,302.0
Q07837,F302V,0.3115,benign,SLC3A1,302.0
Q07837,F302W,0.4793,ambiguous,SLC3A1,302.0
Q07837,F302Y,0.0982,benign,SLC3A1,302.0
Q07837,W303A,0.9315,pathogenic,SLC3A1,303.0
Q07837,W303C,0.9227,pathogenic,SLC3A1,303.0
Q07837,W303D,0.9954,pathogenic,SLC3A1,303.0
Q07837,W303E,0.9896,pathogenic,SLC3A1,303.0
Q07837,W303F,0.5485,ambiguous,SLC3A1,303.0
Q07837,W303G,0.8476,pathogenic,SLC3A1,303.0
Q07837,W303H,0.9384,pathogenic,SLC3A1,303.0
Q07837,W303I,0.9228,pathogenic,SLC3A1,303.0
Q07837,W303K,0.9941,pathogenic,SLC3A1,303.0
Q07837,W303L,0.7014,pathogenic,SLC3A1,303.0
Q07837,W303M,0.9433,pathogenic,SLC3A1,303.0
Q07837,W303N,0.9867,pathogenic,SLC3A1,303.0
Q07837,W303P,0.9902,pathogenic,SLC3A1,303.0
Q07837,W303Q,0.9801,pathogenic,SLC3A1,303.0
Q07837,W303R,0.9802,pathogenic,SLC3A1,303.0
Q07837,W303S,0.8358,pathogenic,SLC3A1,303.0
Q07837,W303T,0.9329,pathogenic,SLC3A1,303.0
Q07837,W303V,0.911,pathogenic,SLC3A1,303.0
Q07837,W303Y,0.7968,pathogenic,SLC3A1,303.0
Q07837,L304A,0.6842,pathogenic,SLC3A1,304.0
Q07837,L304C,0.7813,pathogenic,SLC3A1,304.0
Q07837,L304D,0.9711,pathogenic,SLC3A1,304.0
Q07837,L304E,0.8685,pathogenic,SLC3A1,304.0
Q07837,L304F,0.3176,benign,SLC3A1,304.0
Q07837,L304G,0.8462,pathogenic,SLC3A1,304.0
Q07837,L304H,0.7058,pathogenic,SLC3A1,304.0
Q07837,L304I,0.2281,benign,SLC3A1,304.0
Q07837,L304K,0.8165,pathogenic,SLC3A1,304.0
Q07837,L304M,0.1713,benign,SLC3A1,304.0
Q07837,L304N,0.8447,pathogenic,SLC3A1,304.0
Q07837,L304P,0.9621,pathogenic,SLC3A1,304.0
Q07837,L304Q,0.5776,pathogenic,SLC3A1,304.0
Q07837,L304R,0.692,pathogenic,SLC3A1,304.0
Q07837,L304S,0.7727,pathogenic,SLC3A1,304.0
Q07837,L304T,0.7039,pathogenic,SLC3A1,304.0
Q07837,L304V,0.254,benign,SLC3A1,304.0
Q07837,L304W,0.6343,pathogenic,SLC3A1,304.0
Q07837,L304Y,0.78,pathogenic,SLC3A1,304.0
Q07837,T305A,0.0629,benign,SLC3A1,305.0
Q07837,T305C,0.3047,benign,SLC3A1,305.0
Q07837,T305D,0.1323,benign,SLC3A1,305.0
Q07837,T305E,0.0972,benign,SLC3A1,305.0
Q07837,T305F,0.1563,benign,SLC3A1,305.0
Q07837,T305G,0.1079,benign,SLC3A1,305.0
Q07837,T305H,0.1307,benign,SLC3A1,305.0
Q07837,T305I,0.1153,benign,SLC3A1,305.0
Q07837,T305K,0.0852,benign,SLC3A1,305.0
Q07837,T305L,0.0776,benign,SLC3A1,305.0
Q07837,T305M,0.0867,benign,SLC3A1,305.0
Q07837,T305N,0.0735,benign,SLC3A1,305.0
Q07837,T305P,0.1574,benign,SLC3A1,305.0
Q07837,T305Q,0.1031,benign,SLC3A1,305.0
Q07837,T305R,0.0777,benign,SLC3A1,305.0
Q07837,T305S,0.0752,benign,SLC3A1,305.0
Q07837,T305V,0.1091,benign,SLC3A1,305.0
Q07837,T305W,0.3223,benign,SLC3A1,305.0
Q07837,T305Y,0.1604,benign,SLC3A1,305.0
Q07837,K306A,0.4976,ambiguous,SLC3A1,306.0
Q07837,K306C,0.7743,pathogenic,SLC3A1,306.0
Q07837,K306D,0.8298,pathogenic,SLC3A1,306.0
Q07837,K306E,0.205,benign,SLC3A1,306.0
Q07837,K306F,0.8709,pathogenic,SLC3A1,306.0
Q07837,K306G,0.6594,pathogenic,SLC3A1,306.0
Q07837,K306H,0.4103,ambiguous,SLC3A1,306.0
Q07837,K306I,0.5506,ambiguous,SLC3A1,306.0
Q07837,K306L,0.4297,ambiguous,SLC3A1,306.0
Q07837,K306M,0.3142,benign,SLC3A1,306.0
Q07837,K306N,0.6225,pathogenic,SLC3A1,306.0
Q07837,K306P,0.9583,pathogenic,SLC3A1,306.0
Q07837,K306Q,0.1723,benign,SLC3A1,306.0
Q07837,K306R,0.0871,benign,SLC3A1,306.0
Q07837,K306S,0.6039,pathogenic,SLC3A1,306.0
Q07837,K306T,0.3658,ambiguous,SLC3A1,306.0
Q07837,K306V,0.5074,ambiguous,SLC3A1,306.0
Q07837,K306W,0.8155,pathogenic,SLC3A1,306.0
Q07837,K306Y,0.743,pathogenic,SLC3A1,306.0
Q07837,G307A,0.4732,ambiguous,SLC3A1,307.0
Q07837,G307C,0.6801,pathogenic,SLC3A1,307.0
Q07837,G307D,0.3196,benign,SLC3A1,307.0
Q07837,G307E,0.4372,ambiguous,SLC3A1,307.0
Q07837,G307F,0.9445,pathogenic,SLC3A1,307.0
Q07837,G307H,0.7433,pathogenic,SLC3A1,307.0
Q07837,G307I,0.8766,pathogenic,SLC3A1,307.0
Q07837,G307K,0.6704,pathogenic,SLC3A1,307.0
Q07837,G307L,0.9185,pathogenic,SLC3A1,307.0
Q07837,G307M,0.8996,pathogenic,SLC3A1,307.0
Q07837,G307N,0.5057,ambiguous,SLC3A1,307.0
Q07837,G307P,0.977,pathogenic,SLC3A1,307.0
Q07837,G307Q,0.6342,pathogenic,SLC3A1,307.0
Q07837,G307R,0.5985,pathogenic,SLC3A1,307.0
Q07837,G307S,0.2582,benign,SLC3A1,307.0
Q07837,G307T,0.6283,pathogenic,SLC3A1,307.0
Q07837,G307V,0.7614,pathogenic,SLC3A1,307.0
Q07837,G307W,0.8224,pathogenic,SLC3A1,307.0
Q07837,G307Y,0.8078,pathogenic,SLC3A1,307.0
Q07837,V308A,0.2579,benign,SLC3A1,308.0
Q07837,V308C,0.9133,pathogenic,SLC3A1,308.0
Q07837,V308D,0.9542,pathogenic,SLC3A1,308.0
Q07837,V308E,0.9309,pathogenic,SLC3A1,308.0
Q07837,V308F,0.5622,ambiguous,SLC3A1,308.0
Q07837,V308G,0.5901,pathogenic,SLC3A1,308.0
Q07837,V308H,0.9808,pathogenic,SLC3A1,308.0
Q07837,V308I,0.0834,benign,SLC3A1,308.0
Q07837,V308K,0.9553,pathogenic,SLC3A1,308.0
Q07837,V308L,0.5202,ambiguous,SLC3A1,308.0
Q07837,V308M,0.3261,benign,SLC3A1,308.0
Q07837,V308N,0.8905,pathogenic,SLC3A1,308.0
Q07837,V308P,0.9087,pathogenic,SLC3A1,308.0
Q07837,V308Q,0.9298,pathogenic,SLC3A1,308.0
Q07837,V308R,0.9286,pathogenic,SLC3A1,308.0
Q07837,V308S,0.6045,pathogenic,SLC3A1,308.0
Q07837,V308T,0.3585,ambiguous,SLC3A1,308.0
Q07837,V308W,0.9802,pathogenic,SLC3A1,308.0
Q07837,V308Y,0.9533,pathogenic,SLC3A1,308.0
Q07837,D309A,0.6408,pathogenic,SLC3A1,309.0
Q07837,D309C,0.957,pathogenic,SLC3A1,309.0
Q07837,D309E,0.7985,pathogenic,SLC3A1,309.0
Q07837,D309F,0.9601,pathogenic,SLC3A1,309.0
Q07837,D309G,0.6943,pathogenic,SLC3A1,309.0
Q07837,D309H,0.7442,pathogenic,SLC3A1,309.0
Q07837,D309I,0.9472,pathogenic,SLC3A1,309.0
Q07837,D309K,0.9333,pathogenic,SLC3A1,309.0
Q07837,D309L,0.9375,pathogenic,SLC3A1,309.0
Q07837,D309M,0.975,pathogenic,SLC3A1,309.0
Q07837,D309N,0.3562,ambiguous,SLC3A1,309.0
Q07837,D309P,0.983,pathogenic,SLC3A1,309.0
Q07837,D309Q,0.9017,pathogenic,SLC3A1,309.0
Q07837,D309R,0.9039,pathogenic,SLC3A1,309.0
Q07837,D309S,0.3476,ambiguous,SLC3A1,309.0
Q07837,D309T,0.8222,pathogenic,SLC3A1,309.0
Q07837,D309V,0.8361,pathogenic,SLC3A1,309.0
Q07837,D309W,0.9882,pathogenic,SLC3A1,309.0
Q07837,D309Y,0.7548,pathogenic,SLC3A1,309.0
Q07837,G310A,0.7219,pathogenic,SLC3A1,310.0
Q07837,G310C,0.9279,pathogenic,SLC3A1,310.0
Q07837,G310D,0.9827,pathogenic,SLC3A1,310.0
Q07837,G310E,0.9876,pathogenic,SLC3A1,310.0
Q07837,G310F,0.9932,pathogenic,SLC3A1,310.0
Q07837,G310H,0.9925,pathogenic,SLC3A1,310.0
Q07837,G310I,0.9734,pathogenic,SLC3A1,310.0
Q07837,G310K,0.9937,pathogenic,SLC3A1,310.0
Q07837,G310L,0.987,pathogenic,SLC3A1,310.0
Q07837,G310M,0.9926,pathogenic,SLC3A1,310.0
Q07837,G310N,0.9898,pathogenic,SLC3A1,310.0
Q07837,G310P,0.9983,pathogenic,SLC3A1,310.0
Q07837,G310Q,0.9885,pathogenic,SLC3A1,310.0
Q07837,G310R,0.9679,pathogenic,SLC3A1,310.0
Q07837,G310S,0.6681,pathogenic,SLC3A1,310.0
Q07837,G310T,0.9444,pathogenic,SLC3A1,310.0
Q07837,G310V,0.9475,pathogenic,SLC3A1,310.0
Q07837,G310W,0.9814,pathogenic,SLC3A1,310.0
Q07837,G310Y,0.9899,pathogenic,SLC3A1,310.0
Q07837,F311A,0.9493,pathogenic,SLC3A1,311.0
Q07837,F311C,0.7041,pathogenic,SLC3A1,311.0
Q07837,F311D,0.9972,pathogenic,SLC3A1,311.0
Q07837,F311E,0.9966,pathogenic,SLC3A1,311.0
Q07837,F311G,0.9825,pathogenic,SLC3A1,311.0
Q07837,F311H,0.9757,pathogenic,SLC3A1,311.0
Q07837,F311I,0.3462,ambiguous,SLC3A1,311.0
Q07837,F311K,0.9961,pathogenic,SLC3A1,311.0
Q07837,F311L,0.913,pathogenic,SLC3A1,311.0
Q07837,F311M,0.7467,pathogenic,SLC3A1,311.0
Q07837,F311N,0.9834,pathogenic,SLC3A1,311.0
Q07837,F311P,0.9983,pathogenic,SLC3A1,311.0
Q07837,F311Q,0.9931,pathogenic,SLC3A1,311.0
Q07837,F311R,0.9905,pathogenic,SLC3A1,311.0
Q07837,F311S,0.9572,pathogenic,SLC3A1,311.0
Q07837,F311T,0.9672,pathogenic,SLC3A1,311.0
Q07837,F311V,0.4581,ambiguous,SLC3A1,311.0
Q07837,F311W,0.849,pathogenic,SLC3A1,311.0
Q07837,F311Y,0.474,ambiguous,SLC3A1,311.0
Q07837,S312A,0.1293,benign,SLC3A1,312.0
Q07837,S312C,0.0988,benign,SLC3A1,312.0
Q07837,S312D,0.6404,pathogenic,SLC3A1,312.0
Q07837,S312E,0.6828,pathogenic,SLC3A1,312.0
Q07837,S312F,0.3799,ambiguous,SLC3A1,312.0
Q07837,S312G,0.1301,benign,SLC3A1,312.0
Q07837,S312H,0.3034,benign,SLC3A1,312.0
Q07837,S312I,0.1846,benign,SLC3A1,312.0
Q07837,S312K,0.6767,pathogenic,SLC3A1,312.0
Q07837,S312L,0.2077,benign,SLC3A1,312.0
Q07837,S312M,0.3573,ambiguous,SLC3A1,312.0
Q07837,S312N,0.2166,benign,SLC3A1,312.0
Q07837,S312P,0.7693,pathogenic,SLC3A1,312.0
Q07837,S312Q,0.4891,ambiguous,SLC3A1,312.0
Q07837,S312R,0.4087,ambiguous,SLC3A1,312.0
Q07837,S312T,0.1217,benign,SLC3A1,312.0
Q07837,S312V,0.2544,benign,SLC3A1,312.0
Q07837,S312W,0.4496,ambiguous,SLC3A1,312.0
Q07837,S312Y,0.2604,benign,SLC3A1,312.0
Q07837,L313A,0.3034,benign,SLC3A1,313.0
Q07837,L313C,0.2281,benign,SLC3A1,313.0
Q07837,L313D,0.8644,pathogenic,SLC3A1,313.0
Q07837,L313E,0.7353,pathogenic,SLC3A1,313.0
Q07837,L313F,0.0387,benign,SLC3A1,313.0
Q07837,L313G,0.5499,ambiguous,SLC3A1,313.0
Q07837,L313H,0.471,ambiguous,SLC3A1,313.0
Q07837,L313I,0.0637,benign,SLC3A1,313.0
Q07837,L313K,0.7488,pathogenic,SLC3A1,313.0
Q07837,L313M,0.0826,benign,SLC3A1,313.0
Q07837,L313N,0.6044,pathogenic,SLC3A1,313.0
Q07837,L313P,0.6942,pathogenic,SLC3A1,313.0
Q07837,L313Q,0.4939,ambiguous,SLC3A1,313.0
Q07837,L313R,0.5986,pathogenic,SLC3A1,313.0
Q07837,L313S,0.3987,ambiguous,SLC3A1,313.0
Q07837,L313T,0.2857,benign,SLC3A1,313.0
Q07837,L313V,0.0654,benign,SLC3A1,313.0
Q07837,L313W,0.2006,benign,SLC3A1,313.0
Q07837,L313Y,0.2477,benign,SLC3A1,313.0
Q07837,D314A,0.1557,benign,SLC3A1,314.0
Q07837,D314C,0.5094,ambiguous,SLC3A1,314.0
Q07837,D314E,0.1546,benign,SLC3A1,314.0
Q07837,D314F,0.482,ambiguous,SLC3A1,314.0
Q07837,D314G,0.1245,benign,SLC3A1,314.0
Q07837,D314H,0.1971,benign,SLC3A1,314.0
Q07837,D314I,0.3344,benign,SLC3A1,314.0
Q07837,D314K,0.296,benign,SLC3A1,314.0
Q07837,D314L,0.3264,benign,SLC3A1,314.0
Q07837,D314M,0.5782,pathogenic,SLC3A1,314.0
Q07837,D314N,0.105,benign,SLC3A1,314.0
Q07837,D314P,0.6067,pathogenic,SLC3A1,314.0
Q07837,D314Q,0.2709,benign,SLC3A1,314.0
Q07837,D314R,0.2808,benign,SLC3A1,314.0
Q07837,D314S,0.115,benign,SLC3A1,314.0
Q07837,D314T,0.2295,benign,SLC3A1,314.0
Q07837,D314V,0.2097,benign,SLC3A1,314.0
Q07837,D314W,0.7601,pathogenic,SLC3A1,314.0
Q07837,D314Y,0.1824,benign,SLC3A1,314.0
Q07837,A315C,0.5944,pathogenic,SLC3A1,315.0
Q07837,A315D,0.3069,benign,SLC3A1,315.0
Q07837,A315E,0.3527,ambiguous,SLC3A1,315.0
Q07837,A315F,0.5357,ambiguous,SLC3A1,315.0
Q07837,A315G,0.1686,benign,SLC3A1,315.0
Q07837,A315H,0.561,ambiguous,SLC3A1,315.0
Q07837,A315I,0.5689,pathogenic,SLC3A1,315.0
Q07837,A315K,0.5249,ambiguous,SLC3A1,315.0
Q07837,A315L,0.4431,ambiguous,SLC3A1,315.0
Q07837,A315M,0.4013,ambiguous,SLC3A1,315.0
Q07837,A315N,0.3118,benign,SLC3A1,315.0
Q07837,A315P,0.7634,pathogenic,SLC3A1,315.0
Q07837,A315Q,0.4348,ambiguous,SLC3A1,315.0
Q07837,A315R,0.4071,ambiguous,SLC3A1,315.0
Q07837,A315S,0.0897,benign,SLC3A1,315.0
Q07837,A315T,0.1123,benign,SLC3A1,315.0
Q07837,A315V,0.2681,benign,SLC3A1,315.0
Q07837,A315W,0.8416,pathogenic,SLC3A1,315.0
Q07837,A315Y,0.6116,pathogenic,SLC3A1,315.0
Q07837,V316A,0.1862,benign,SLC3A1,316.0
Q07837,V316C,0.8322,pathogenic,SLC3A1,316.0
Q07837,V316D,0.687,pathogenic,SLC3A1,316.0
Q07837,V316E,0.5817,pathogenic,SLC3A1,316.0
Q07837,V316F,0.3228,benign,SLC3A1,316.0
Q07837,V316G,0.2913,benign,SLC3A1,316.0
Q07837,V316H,0.8781,pathogenic,SLC3A1,316.0
Q07837,V316I,0.0848,benign,SLC3A1,316.0
Q07837,V316K,0.7427,pathogenic,SLC3A1,316.0
Q07837,V316L,0.2117,benign,SLC3A1,316.0
Q07837,V316M,0.1697,benign,SLC3A1,316.0
Q07837,V316N,0.5695,pathogenic,SLC3A1,316.0
Q07837,V316P,0.5913,pathogenic,SLC3A1,316.0
Q07837,V316Q,0.6659,pathogenic,SLC3A1,316.0
Q07837,V316R,0.7364,pathogenic,SLC3A1,316.0
Q07837,V316S,0.3178,benign,SLC3A1,316.0
Q07837,V316T,0.2587,benign,SLC3A1,316.0
Q07837,V316W,0.9244,pathogenic,SLC3A1,316.0
Q07837,V316Y,0.8251,pathogenic,SLC3A1,316.0
Q07837,K317A,0.4165,ambiguous,SLC3A1,317.0
Q07837,K317C,0.7621,pathogenic,SLC3A1,317.0
Q07837,K317D,0.5968,pathogenic,SLC3A1,317.0
Q07837,K317E,0.1918,benign,SLC3A1,317.0
Q07837,K317F,0.8221,pathogenic,SLC3A1,317.0
Q07837,K317G,0.493,ambiguous,SLC3A1,317.0
Q07837,K317H,0.3431,ambiguous,SLC3A1,317.0
Q07837,K317I,0.4724,ambiguous,SLC3A1,317.0
Q07837,K317L,0.451,ambiguous,SLC3A1,317.0
Q07837,K317M,0.3086,benign,SLC3A1,317.0
Q07837,K317N,0.422,ambiguous,SLC3A1,317.0
Q07837,K317P,0.419,ambiguous,SLC3A1,317.0
Q07837,K317Q,0.134,benign,SLC3A1,317.0
Q07837,K317R,0.103,benign,SLC3A1,317.0
Q07837,K317S,0.4151,ambiguous,SLC3A1,317.0
Q07837,K317T,0.2212,benign,SLC3A1,317.0
Q07837,K317V,0.4557,ambiguous,SLC3A1,317.0
Q07837,K317W,0.7841,pathogenic,SLC3A1,317.0
Q07837,K317Y,0.6325,pathogenic,SLC3A1,317.0
Q07837,F318A,0.8851,pathogenic,SLC3A1,318.0
Q07837,F318C,0.5656,pathogenic,SLC3A1,318.0
Q07837,F318D,0.8868,pathogenic,SLC3A1,318.0
Q07837,F318E,0.9286,pathogenic,SLC3A1,318.0
Q07837,F318G,0.9146,pathogenic,SLC3A1,318.0
Q07837,F318H,0.5343,ambiguous,SLC3A1,318.0
Q07837,F318I,0.6637,pathogenic,SLC3A1,318.0
Q07837,F318K,0.9299,pathogenic,SLC3A1,318.0
Q07837,F318L,0.958,pathogenic,SLC3A1,318.0
Q07837,F318M,0.8392,pathogenic,SLC3A1,318.0
Q07837,F318N,0.6818,pathogenic,SLC3A1,318.0
Q07837,F318P,0.9892,pathogenic,SLC3A1,318.0
Q07837,F318Q,0.8908,pathogenic,SLC3A1,318.0
Q07837,F318R,0.8717,pathogenic,SLC3A1,318.0
Q07837,F318S,0.7115,pathogenic,SLC3A1,318.0
Q07837,F318T,0.8585,pathogenic,SLC3A1,318.0
Q07837,F318V,0.6282,pathogenic,SLC3A1,318.0
Q07837,F318W,0.539,ambiguous,SLC3A1,318.0
Q07837,F318Y,0.1042,benign,SLC3A1,318.0
Q07837,L319A,0.7189,pathogenic,SLC3A1,319.0
Q07837,L319C,0.832,pathogenic,SLC3A1,319.0
Q07837,L319D,0.9927,pathogenic,SLC3A1,319.0
Q07837,L319E,0.9531,pathogenic,SLC3A1,319.0
Q07837,L319F,0.2725,benign,SLC3A1,319.0
Q07837,L319G,0.9388,pathogenic,SLC3A1,319.0
Q07837,L319H,0.8543,pathogenic,SLC3A1,319.0
Q07837,L319I,0.1516,benign,SLC3A1,319.0
Q07837,L319K,0.9601,pathogenic,SLC3A1,319.0
Q07837,L319M,0.2056,benign,SLC3A1,319.0
Q07837,L319N,0.9479,pathogenic,SLC3A1,319.0
Q07837,L319P,0.9082,pathogenic,SLC3A1,319.0
Q07837,L319Q,0.7726,pathogenic,SLC3A1,319.0
Q07837,L319R,0.902,pathogenic,SLC3A1,319.0
Q07837,L319S,0.8142,pathogenic,SLC3A1,319.0
Q07837,L319T,0.7457,pathogenic,SLC3A1,319.0
Q07837,L319V,0.2034,benign,SLC3A1,319.0
Q07837,L319W,0.6991,pathogenic,SLC3A1,319.0
Q07837,L319Y,0.82,pathogenic,SLC3A1,319.0
Q07837,L320A,0.5602,ambiguous,SLC3A1,320.0
Q07837,L320C,0.7546,pathogenic,SLC3A1,320.0
Q07837,L320D,0.9415,pathogenic,SLC3A1,320.0
Q07837,L320E,0.7045,pathogenic,SLC3A1,320.0
Q07837,L320F,0.2298,benign,SLC3A1,320.0
Q07837,L320G,0.83,pathogenic,SLC3A1,320.0
Q07837,L320H,0.5174,ambiguous,SLC3A1,320.0
Q07837,L320I,0.1842,benign,SLC3A1,320.0
Q07837,L320K,0.6568,pathogenic,SLC3A1,320.0
Q07837,L320M,0.1883,benign,SLC3A1,320.0
Q07837,L320N,0.8205,pathogenic,SLC3A1,320.0
Q07837,L320P,0.8948,pathogenic,SLC3A1,320.0
Q07837,L320Q,0.4096,ambiguous,SLC3A1,320.0
Q07837,L320R,0.4713,ambiguous,SLC3A1,320.0
Q07837,L320S,0.6195,pathogenic,SLC3A1,320.0
Q07837,L320T,0.4849,ambiguous,SLC3A1,320.0
Q07837,L320V,0.1649,benign,SLC3A1,320.0
Q07837,L320W,0.3697,ambiguous,SLC3A1,320.0
Q07837,L320Y,0.5558,ambiguous,SLC3A1,320.0
Q07837,E321A,0.7448,pathogenic,SLC3A1,321.0
Q07837,E321C,0.9874,pathogenic,SLC3A1,321.0
Q07837,E321D,0.9561,pathogenic,SLC3A1,321.0
Q07837,E321F,0.9947,pathogenic,SLC3A1,321.0
Q07837,E321G,0.8182,pathogenic,SLC3A1,321.0
Q07837,E321H,0.9558,pathogenic,SLC3A1,321.0
Q07837,E321I,0.9514,pathogenic,SLC3A1,321.0
Q07837,E321K,0.5705,pathogenic,SLC3A1,321.0
Q07837,E321L,0.9594,pathogenic,SLC3A1,321.0
Q07837,E321M,0.9603,pathogenic,SLC3A1,321.0
Q07837,E321N,0.9806,pathogenic,SLC3A1,321.0
Q07837,E321P,0.9624,pathogenic,SLC3A1,321.0
Q07837,E321Q,0.6715,pathogenic,SLC3A1,321.0
Q07837,E321R,0.8399,pathogenic,SLC3A1,321.0
Q07837,E321S,0.9177,pathogenic,SLC3A1,321.0
Q07837,E321T,0.8985,pathogenic,SLC3A1,321.0
Q07837,E321V,0.8571,pathogenic,SLC3A1,321.0
Q07837,E321W,0.9974,pathogenic,SLC3A1,321.0
Q07837,E321Y,0.9877,pathogenic,SLC3A1,321.0
Q07837,A322C,0.7972,pathogenic,SLC3A1,322.0
Q07837,A322D,0.2713,benign,SLC3A1,322.0
Q07837,A322E,0.3419,ambiguous,SLC3A1,322.0
Q07837,A322F,0.8164,pathogenic,SLC3A1,322.0
Q07837,A322G,0.2071,benign,SLC3A1,322.0
Q07837,A322H,0.7056,pathogenic,SLC3A1,322.0
Q07837,A322I,0.7846,pathogenic,SLC3A1,322.0
Q07837,A322K,0.7211,pathogenic,SLC3A1,322.0
Q07837,A322L,0.6408,pathogenic,SLC3A1,322.0
Q07837,A322M,0.5995,pathogenic,SLC3A1,322.0
Q07837,A322N,0.4398,ambiguous,SLC3A1,322.0
Q07837,A322P,0.8029,pathogenic,SLC3A1,322.0
Q07837,A322Q,0.5422,ambiguous,SLC3A1,322.0
Q07837,A322R,0.6773,pathogenic,SLC3A1,322.0
Q07837,A322S,0.1187,benign,SLC3A1,322.0
Q07837,A322T,0.2144,benign,SLC3A1,322.0
Q07837,A322V,0.4248,ambiguous,SLC3A1,322.0
Q07837,A322W,0.9254,pathogenic,SLC3A1,322.0
Q07837,A322Y,0.7977,pathogenic,SLC3A1,322.0
Q07837,K323A,0.1381,benign,SLC3A1,323.0
Q07837,K323C,0.6137,pathogenic,SLC3A1,323.0
Q07837,K323D,0.1947,benign,SLC3A1,323.0
Q07837,K323E,0.0619,benign,SLC3A1,323.0
Q07837,K323F,0.5297,ambiguous,SLC3A1,323.0
Q07837,K323G,0.1906,benign,SLC3A1,323.0
Q07837,K323H,0.2377,benign,SLC3A1,323.0
Q07837,K323I,0.2156,benign,SLC3A1,323.0
Q07837,K323L,0.1994,benign,SLC3A1,323.0
Q07837,K323M,0.1599,benign,SLC3A1,323.0
Q07837,K323N,0.1625,benign,SLC3A1,323.0
Q07837,K323P,0.2309,benign,SLC3A1,323.0
Q07837,K323Q,0.092,benign,SLC3A1,323.0
Q07837,K323R,0.0835,benign,SLC3A1,323.0
Q07837,K323S,0.1451,benign,SLC3A1,323.0
Q07837,K323T,0.0828,benign,SLC3A1,323.0
Q07837,K323V,0.1848,benign,SLC3A1,323.0
Q07837,K323W,0.5847,pathogenic,SLC3A1,323.0
Q07837,K323Y,0.4341,ambiguous,SLC3A1,323.0
Q07837,H324A,0.315,benign,SLC3A1,324.0
Q07837,H324C,0.3751,ambiguous,SLC3A1,324.0
Q07837,H324D,0.072,benign,SLC3A1,324.0
Q07837,H324E,0.2696,benign,SLC3A1,324.0
Q07837,H324F,0.3938,ambiguous,SLC3A1,324.0
Q07837,H324G,0.3038,benign,SLC3A1,324.0
Q07837,H324I,0.3859,ambiguous,SLC3A1,324.0
Q07837,H324K,0.4893,ambiguous,SLC3A1,324.0
Q07837,H324L,0.1956,benign,SLC3A1,324.0
Q07837,H324M,0.55,ambiguous,SLC3A1,324.0
Q07837,H324N,0.0824,benign,SLC3A1,324.0
Q07837,H324P,0.1681,benign,SLC3A1,324.0
Q07837,H324Q,0.2904,benign,SLC3A1,324.0
Q07837,H324R,0.3432,ambiguous,SLC3A1,324.0
Q07837,H324S,0.2052,benign,SLC3A1,324.0
Q07837,H324T,0.2672,benign,SLC3A1,324.0
Q07837,H324V,0.3483,ambiguous,SLC3A1,324.0
Q07837,H324W,0.5629,ambiguous,SLC3A1,324.0
Q07837,H324Y,0.1282,benign,SLC3A1,324.0
Q07837,L325A,0.5281,ambiguous,SLC3A1,325.0
Q07837,L325C,0.6713,pathogenic,SLC3A1,325.0
Q07837,L325D,0.8378,pathogenic,SLC3A1,325.0
Q07837,L325E,0.4896,ambiguous,SLC3A1,325.0
Q07837,L325F,0.1145,benign,SLC3A1,325.0
Q07837,L325G,0.6501,pathogenic,SLC3A1,325.0
Q07837,L325H,0.2941,benign,SLC3A1,325.0
Q07837,L325I,0.1672,benign,SLC3A1,325.0
Q07837,L325K,0.3527,ambiguous,SLC3A1,325.0
Q07837,L325M,0.1497,benign,SLC3A1,325.0
Q07837,L325N,0.6307,pathogenic,SLC3A1,325.0
Q07837,L325P,0.5605,ambiguous,SLC3A1,325.0
Q07837,L325Q,0.2244,benign,SLC3A1,325.0
Q07837,L325R,0.2338,benign,SLC3A1,325.0
Q07837,L325S,0.4972,ambiguous,SLC3A1,325.0
Q07837,L325T,0.4534,ambiguous,SLC3A1,325.0
Q07837,L325V,0.1835,benign,SLC3A1,325.0
Q07837,L325W,0.2075,benign,SLC3A1,325.0
Q07837,L325Y,0.3852,ambiguous,SLC3A1,325.0
Q07837,R326A,0.6265,pathogenic,SLC3A1,326.0
Q07837,R326C,0.3115,benign,SLC3A1,326.0
Q07837,R326D,0.8217,pathogenic,SLC3A1,326.0
Q07837,R326E,0.4359,ambiguous,SLC3A1,326.0
Q07837,R326F,0.8007,pathogenic,SLC3A1,326.0
Q07837,R326G,0.442,ambiguous,SLC3A1,326.0
Q07837,R326H,0.1855,benign,SLC3A1,326.0
Q07837,R326I,0.581,pathogenic,SLC3A1,326.0
Q07837,R326K,0.2193,benign,SLC3A1,326.0
Q07837,R326L,0.4139,ambiguous,SLC3A1,326.0
Q07837,R326M,0.5122,ambiguous,SLC3A1,326.0
Q07837,R326N,0.8098,pathogenic,SLC3A1,326.0
Q07837,R326P,0.7321,pathogenic,SLC3A1,326.0
Q07837,R326Q,0.1309,benign,SLC3A1,326.0
Q07837,R326S,0.7353,pathogenic,SLC3A1,326.0
Q07837,R326T,0.5177,ambiguous,SLC3A1,326.0
Q07837,R326V,0.672,pathogenic,SLC3A1,326.0
Q07837,R326W,0.2094,benign,SLC3A1,326.0
Q07837,R326Y,0.6053,pathogenic,SLC3A1,326.0
Q07837,D327A,0.3307,benign,SLC3A1,327.0
Q07837,D327C,0.786,pathogenic,SLC3A1,327.0
Q07837,D327E,0.3763,ambiguous,SLC3A1,327.0
Q07837,D327F,0.8421,pathogenic,SLC3A1,327.0
Q07837,D327G,0.2545,benign,SLC3A1,327.0
Q07837,D327H,0.3834,ambiguous,SLC3A1,327.0
Q07837,D327I,0.7173,pathogenic,SLC3A1,327.0
Q07837,D327K,0.5443,ambiguous,SLC3A1,327.0
Q07837,D327L,0.6672,pathogenic,SLC3A1,327.0
Q07837,D327M,0.8258,pathogenic,SLC3A1,327.0
Q07837,D327N,0.0807,benign,SLC3A1,327.0
Q07837,D327P,0.6795,pathogenic,SLC3A1,327.0
Q07837,D327Q,0.5815,pathogenic,SLC3A1,327.0
Q07837,D327R,0.596,pathogenic,SLC3A1,327.0
Q07837,D327S,0.1671,benign,SLC3A1,327.0
Q07837,D327T,0.4127,ambiguous,SLC3A1,327.0
Q07837,D327V,0.5213,ambiguous,SLC3A1,327.0
Q07837,D327W,0.9294,pathogenic,SLC3A1,327.0
Q07837,D327Y,0.3733,ambiguous,SLC3A1,327.0
Q07837,E328A,0.875,pathogenic,SLC3A1,328.0
Q07837,E328C,0.9909,pathogenic,SLC3A1,328.0
Q07837,E328D,0.8095,pathogenic,SLC3A1,328.0
Q07837,E328F,0.9974,pathogenic,SLC3A1,328.0
Q07837,E328G,0.8279,pathogenic,SLC3A1,328.0
Q07837,E328H,0.9791,pathogenic,SLC3A1,328.0
Q07837,E328I,0.9775,pathogenic,SLC3A1,328.0
Q07837,E328K,0.8439,pathogenic,SLC3A1,328.0
Q07837,E328L,0.9863,pathogenic,SLC3A1,328.0
Q07837,E328M,0.9761,pathogenic,SLC3A1,328.0
Q07837,E328N,0.8339,pathogenic,SLC3A1,328.0
Q07837,E328P,0.9874,pathogenic,SLC3A1,328.0
Q07837,E328Q,0.7987,pathogenic,SLC3A1,328.0
Q07837,E328R,0.9202,pathogenic,SLC3A1,328.0
Q07837,E328S,0.9023,pathogenic,SLC3A1,328.0
Q07837,E328T,0.9419,pathogenic,SLC3A1,328.0
Q07837,E328V,0.9416,pathogenic,SLC3A1,328.0
Q07837,E328W,0.999,pathogenic,SLC3A1,328.0
Q07837,E328Y,0.9914,pathogenic,SLC3A1,328.0
Q07837,I329A,0.1198,benign,SLC3A1,329.0
Q07837,I329C,0.4732,ambiguous,SLC3A1,329.0
Q07837,I329D,0.2429,benign,SLC3A1,329.0
Q07837,I329E,0.1987,benign,SLC3A1,329.0
Q07837,I329F,0.1065,benign,SLC3A1,329.0
Q07837,I329G,0.3136,benign,SLC3A1,329.0
Q07837,I329H,0.2274,benign,SLC3A1,329.0
Q07837,I329K,0.1241,benign,SLC3A1,329.0
Q07837,I329L,0.0819,benign,SLC3A1,329.0
Q07837,I329M,0.0772,benign,SLC3A1,329.0
Q07837,I329N,0.0989,benign,SLC3A1,329.0
Q07837,I329P,0.1521,benign,SLC3A1,329.0
Q07837,I329Q,0.1675,benign,SLC3A1,329.0
Q07837,I329R,0.0964,benign,SLC3A1,329.0
Q07837,I329S,0.1182,benign,SLC3A1,329.0
Q07837,I329T,0.1026,benign,SLC3A1,329.0
Q07837,I329V,0.0722,benign,SLC3A1,329.0
Q07837,I329W,0.469,ambiguous,SLC3A1,329.0
Q07837,I329Y,0.2348,benign,SLC3A1,329.0
Q07837,Q330A,0.2278,benign,SLC3A1,330.0
Q07837,Q330C,0.8,pathogenic,SLC3A1,330.0
Q07837,Q330D,0.7122,pathogenic,SLC3A1,330.0
Q07837,Q330E,0.1098,benign,SLC3A1,330.0
Q07837,Q330F,0.7763,pathogenic,SLC3A1,330.0
Q07837,Q330G,0.4551,ambiguous,SLC3A1,330.0
Q07837,Q330H,0.4398,ambiguous,SLC3A1,330.0
Q07837,Q330I,0.3498,ambiguous,SLC3A1,330.0
Q07837,Q330K,0.127,benign,SLC3A1,330.0
Q07837,Q330L,0.1429,benign,SLC3A1,330.0
Q07837,Q330M,0.4216,ambiguous,SLC3A1,330.0
Q07837,Q330N,0.6174,pathogenic,SLC3A1,330.0
Q07837,Q330P,0.0829,benign,SLC3A1,330.0
Q07837,Q330R,0.1191,benign,SLC3A1,330.0
Q07837,Q330S,0.4239,ambiguous,SLC3A1,330.0
Q07837,Q330T,0.2621,benign,SLC3A1,330.0
Q07837,Q330V,0.2637,benign,SLC3A1,330.0
Q07837,Q330W,0.6367,pathogenic,SLC3A1,330.0
Q07837,Q330Y,0.6407,pathogenic,SLC3A1,330.0
Q07837,V331A,0.2545,benign,SLC3A1,331.0
Q07837,V331C,0.8646,pathogenic,SLC3A1,331.0
Q07837,V331D,0.3819,ambiguous,SLC3A1,331.0
Q07837,V331E,0.266,benign,SLC3A1,331.0
Q07837,V331F,0.2122,benign,SLC3A1,331.0
Q07837,V331G,0.2157,benign,SLC3A1,331.0
Q07837,V331H,0.6467,pathogenic,SLC3A1,331.0
Q07837,V331I,0.0925,benign,SLC3A1,331.0
Q07837,V331K,0.2998,benign,SLC3A1,331.0
Q07837,V331L,0.2861,benign,SLC3A1,331.0
Q07837,V331M,0.187,benign,SLC3A1,331.0
Q07837,V331N,0.3255,benign,SLC3A1,331.0
Q07837,V331P,0.756,pathogenic,SLC3A1,331.0
Q07837,V331Q,0.3377,benign,SLC3A1,331.0
Q07837,V331R,0.2869,benign,SLC3A1,331.0
Q07837,V331S,0.3198,benign,SLC3A1,331.0
Q07837,V331T,0.298,benign,SLC3A1,331.0
Q07837,V331W,0.806,pathogenic,SLC3A1,331.0
Q07837,V331Y,0.573,pathogenic,SLC3A1,331.0
Q07837,N332A,0.2541,benign,SLC3A1,332.0
Q07837,N332C,0.337,benign,SLC3A1,332.0
Q07837,N332D,0.0905,benign,SLC3A1,332.0
Q07837,N332E,0.2457,benign,SLC3A1,332.0
Q07837,N332F,0.4797,ambiguous,SLC3A1,332.0
Q07837,N332G,0.3088,benign,SLC3A1,332.0
Q07837,N332H,0.1091,benign,SLC3A1,332.0
Q07837,N332I,0.2162,benign,SLC3A1,332.0
Q07837,N332K,0.1841,benign,SLC3A1,332.0
Q07837,N332L,0.229,benign,SLC3A1,332.0
Q07837,N332M,0.3269,benign,SLC3A1,332.0
Q07837,N332P,0.5432,ambiguous,SLC3A1,332.0
Q07837,N332Q,0.2438,benign,SLC3A1,332.0
Q07837,N332R,0.207,benign,SLC3A1,332.0
Q07837,N332S,0.0918,benign,SLC3A1,332.0
Q07837,N332T,0.1561,benign,SLC3A1,332.0
Q07837,N332V,0.2462,benign,SLC3A1,332.0
Q07837,N332W,0.5871,pathogenic,SLC3A1,332.0
Q07837,N332Y,0.1447,benign,SLC3A1,332.0
Q07837,K333A,0.154,benign,SLC3A1,333.0
Q07837,K333C,0.5954,pathogenic,SLC3A1,333.0
Q07837,K333D,0.2238,benign,SLC3A1,333.0
Q07837,K333E,0.0721,benign,SLC3A1,333.0
Q07837,K333F,0.5083,ambiguous,SLC3A1,333.0
Q07837,K333G,0.2142,benign,SLC3A1,333.0
Q07837,K333H,0.2129,benign,SLC3A1,333.0
Q07837,K333I,0.1999,benign,SLC3A1,333.0
Q07837,K333L,0.1963,benign,SLC3A1,333.0
Q07837,K333M,0.1435,benign,SLC3A1,333.0
Q07837,K333N,0.1681,benign,SLC3A1,333.0
Q07837,K333P,0.2146,benign,SLC3A1,333.0
Q07837,K333Q,0.0986,benign,SLC3A1,333.0
Q07837,K333R,0.0818,benign,SLC3A1,333.0
Q07837,K333S,0.1719,benign,SLC3A1,333.0
Q07837,K333T,0.0913,benign,SLC3A1,333.0
Q07837,K333V,0.1873,benign,SLC3A1,333.0
Q07837,K333W,0.5592,ambiguous,SLC3A1,333.0
Q07837,K333Y,0.3669,ambiguous,SLC3A1,333.0
Q07837,T334A,0.0795,benign,SLC3A1,334.0
Q07837,T334C,0.3705,ambiguous,SLC3A1,334.0
Q07837,T334D,0.1401,benign,SLC3A1,334.0
Q07837,T334E,0.1378,benign,SLC3A1,334.0
Q07837,T334F,0.156,benign,SLC3A1,334.0
Q07837,T334G,0.1678,benign,SLC3A1,334.0
Q07837,T334H,0.1419,benign,SLC3A1,334.0
Q07837,T334I,0.1356,benign,SLC3A1,334.0
Q07837,T334K,0.108,benign,SLC3A1,334.0
Q07837,T334L,0.091,benign,SLC3A1,334.0
Q07837,T334M,0.083,benign,SLC3A1,334.0
Q07837,T334N,0.0743,benign,SLC3A1,334.0
Q07837,T334P,0.1156,benign,SLC3A1,334.0
Q07837,T334Q,0.1355,benign,SLC3A1,334.0
Q07837,T334R,0.0964,benign,SLC3A1,334.0
Q07837,T334S,0.0791,benign,SLC3A1,334.0
Q07837,T334V,0.1346,benign,SLC3A1,334.0
Q07837,T334W,0.3236,benign,SLC3A1,334.0
Q07837,T334Y,0.1564,benign,SLC3A1,334.0
Q07837,Q335A,0.1709,benign,SLC3A1,335.0
Q07837,Q335C,0.5338,ambiguous,SLC3A1,335.0
Q07837,Q335D,0.2803,benign,SLC3A1,335.0
Q07837,Q335E,0.0764,benign,SLC3A1,335.0
Q07837,Q335F,0.5315,ambiguous,SLC3A1,335.0
Q07837,Q335G,0.1759,benign,SLC3A1,335.0
Q07837,Q335H,0.1773,benign,SLC3A1,335.0
Q07837,Q335I,0.2401,benign,SLC3A1,335.0
Q07837,Q335K,0.0773,benign,SLC3A1,335.0
Q07837,Q335L,0.0933,benign,SLC3A1,335.0
Q07837,Q335M,0.2621,benign,SLC3A1,335.0
Q07837,Q335N,0.2381,benign,SLC3A1,335.0
Q07837,Q335P,0.2052,benign,SLC3A1,335.0
Q07837,Q335R,0.0798,benign,SLC3A1,335.0
Q07837,Q335S,0.2244,benign,SLC3A1,335.0
Q07837,Q335T,0.1706,benign,SLC3A1,335.0
Q07837,Q335V,0.1842,benign,SLC3A1,335.0
Q07837,Q335W,0.3163,benign,SLC3A1,335.0
Q07837,Q335Y,0.3121,benign,SLC3A1,335.0
Q07837,I336A,0.11,benign,SLC3A1,336.0
Q07837,I336C,0.297,benign,SLC3A1,336.0
Q07837,I336D,0.1033,benign,SLC3A1,336.0
Q07837,I336E,0.1328,benign,SLC3A1,336.0
Q07837,I336F,0.0749,benign,SLC3A1,336.0
Q07837,I336G,0.1987,benign,SLC3A1,336.0
Q07837,I336H,0.099,benign,SLC3A1,336.0
Q07837,I336K,0.0783,benign,SLC3A1,336.0
Q07837,I336L,0.0632,benign,SLC3A1,336.0
Q07837,I336M,0.0668,benign,SLC3A1,336.0
Q07837,I336N,0.0437,benign,SLC3A1,336.0
Q07837,I336P,0.1431,benign,SLC3A1,336.0
Q07837,I336Q,0.1035,benign,SLC3A1,336.0
Q07837,I336R,0.0724,benign,SLC3A1,336.0
Q07837,I336S,0.0629,benign,SLC3A1,336.0
Q07837,I336T,0.0839,benign,SLC3A1,336.0
Q07837,I336V,0.069,benign,SLC3A1,336.0
Q07837,I336W,0.3425,ambiguous,SLC3A1,336.0
Q07837,I336Y,0.1408,benign,SLC3A1,336.0
Q07837,P337A,0.0771,benign,SLC3A1,337.0
Q07837,P337C,0.4083,ambiguous,SLC3A1,337.0
Q07837,P337D,0.2855,benign,SLC3A1,337.0
Q07837,P337E,0.1866,benign,SLC3A1,337.0
Q07837,P337F,0.3072,benign,SLC3A1,337.0
Q07837,P337G,0.2307,benign,SLC3A1,337.0
Q07837,P337H,0.1368,benign,SLC3A1,337.0
Q07837,P337I,0.2211,benign,SLC3A1,337.0
Q07837,P337K,0.1616,benign,SLC3A1,337.0
Q07837,P337L,0.0958,benign,SLC3A1,337.0
Q07837,P337M,0.235,benign,SLC3A1,337.0
Q07837,P337N,0.2367,benign,SLC3A1,337.0
Q07837,P337Q,0.1203,benign,SLC3A1,337.0
Q07837,P337R,0.11,benign,SLC3A1,337.0
Q07837,P337S,0.1006,benign,SLC3A1,337.0
Q07837,P337T,0.0859,benign,SLC3A1,337.0
Q07837,P337V,0.1762,benign,SLC3A1,337.0
Q07837,P337W,0.3576,ambiguous,SLC3A1,337.0
Q07837,P337Y,0.2905,benign,SLC3A1,337.0
Q07837,D338A,0.0729,benign,SLC3A1,338.0
Q07837,D338C,0.2826,benign,SLC3A1,338.0
Q07837,D338E,0.0896,benign,SLC3A1,338.0
Q07837,D338F,0.2531,benign,SLC3A1,338.0
Q07837,D338G,0.0698,benign,SLC3A1,338.0
Q07837,D338H,0.1005,benign,SLC3A1,338.0
Q07837,D338I,0.1543,benign,SLC3A1,338.0
Q07837,D338K,0.1268,benign,SLC3A1,338.0
Q07837,D338L,0.1627,benign,SLC3A1,338.0
Q07837,D338M,0.3102,benign,SLC3A1,338.0
Q07837,D338N,0.0684,benign,SLC3A1,338.0
Q07837,D338P,0.297,benign,SLC3A1,338.0
Q07837,D338Q,0.1345,benign,SLC3A1,338.0
Q07837,D338R,0.1325,benign,SLC3A1,338.0
Q07837,D338S,0.0721,benign,SLC3A1,338.0
Q07837,D338T,0.114,benign,SLC3A1,338.0
Q07837,D338V,0.1006,benign,SLC3A1,338.0
Q07837,D338W,0.5514,ambiguous,SLC3A1,338.0
Q07837,D338Y,0.1015,benign,SLC3A1,338.0
Q07837,T339A,0.0704,benign,SLC3A1,339.0
Q07837,T339C,0.3718,ambiguous,SLC3A1,339.0
Q07837,T339D,0.1753,benign,SLC3A1,339.0
Q07837,T339E,0.1398,benign,SLC3A1,339.0
Q07837,T339F,0.1475,benign,SLC3A1,339.0
Q07837,T339G,0.1707,benign,SLC3A1,339.0
Q07837,T339H,0.1415,benign,SLC3A1,339.0
Q07837,T339I,0.1122,benign,SLC3A1,339.0
Q07837,T339K,0.0956,benign,SLC3A1,339.0
Q07837,T339L,0.0798,benign,SLC3A1,339.0
Q07837,T339M,0.0745,benign,SLC3A1,339.0
Q07837,T339N,0.0904,benign,SLC3A1,339.0
Q07837,T339P,0.1642,benign,SLC3A1,339.0
Q07837,T339Q,0.1337,benign,SLC3A1,339.0
Q07837,T339R,0.077,benign,SLC3A1,339.0
Q07837,T339S,0.0892,benign,SLC3A1,339.0
Q07837,T339V,0.109,benign,SLC3A1,339.0
Q07837,T339W,0.32,benign,SLC3A1,339.0
Q07837,T339Y,0.178,benign,SLC3A1,339.0
Q07837,V340A,0.2017,benign,SLC3A1,340.0
Q07837,V340C,0.8252,pathogenic,SLC3A1,340.0
Q07837,V340D,0.3666,ambiguous,SLC3A1,340.0
Q07837,V340E,0.3085,benign,SLC3A1,340.0
Q07837,V340F,0.1972,benign,SLC3A1,340.0
Q07837,V340G,0.2723,benign,SLC3A1,340.0
Q07837,V340H,0.6259,pathogenic,SLC3A1,340.0
Q07837,V340I,0.0743,benign,SLC3A1,340.0
Q07837,V340K,0.3624,ambiguous,SLC3A1,340.0
Q07837,V340L,0.1866,benign,SLC3A1,340.0
Q07837,V340M,0.1439,benign,SLC3A1,340.0
Q07837,V340N,0.3184,benign,SLC3A1,340.0
Q07837,V340P,0.5357,ambiguous,SLC3A1,340.0
Q07837,V340Q,0.3863,ambiguous,SLC3A1,340.0
Q07837,V340R,0.3424,ambiguous,SLC3A1,340.0
Q07837,V340S,0.2812,benign,SLC3A1,340.0
Q07837,V340T,0.2347,benign,SLC3A1,340.0
Q07837,V340W,0.7883,pathogenic,SLC3A1,340.0
Q07837,V340Y,0.5712,pathogenic,SLC3A1,340.0
Q07837,T341A,0.0832,benign,SLC3A1,341.0
Q07837,T341C,0.4024,ambiguous,SLC3A1,341.0
Q07837,T341D,0.2154,benign,SLC3A1,341.0
Q07837,T341E,0.1601,benign,SLC3A1,341.0
Q07837,T341F,0.133,benign,SLC3A1,341.0
Q07837,T341G,0.1832,benign,SLC3A1,341.0
Q07837,T341H,0.1484,benign,SLC3A1,341.0
Q07837,T341I,0.1107,benign,SLC3A1,341.0
Q07837,T341K,0.0981,benign,SLC3A1,341.0
Q07837,T341L,0.0744,benign,SLC3A1,341.0
Q07837,T341M,0.0782,benign,SLC3A1,341.0
Q07837,T341N,0.086,benign,SLC3A1,341.0
Q07837,T341P,0.1181,benign,SLC3A1,341.0
Q07837,T341Q,0.1322,benign,SLC3A1,341.0
Q07837,T341R,0.0815,benign,SLC3A1,341.0
Q07837,T341S,0.0914,benign,SLC3A1,341.0
Q07837,T341V,0.1176,benign,SLC3A1,341.0
Q07837,T341W,0.346,ambiguous,SLC3A1,341.0
Q07837,T341Y,0.1734,benign,SLC3A1,341.0
Q07837,Q342A,0.1069,benign,SLC3A1,342.0
Q07837,Q342C,0.2449,benign,SLC3A1,342.0
Q07837,Q342D,0.1086,benign,SLC3A1,342.0
Q07837,Q342E,0.0643,benign,SLC3A1,342.0
Q07837,Q342F,0.2837,benign,SLC3A1,342.0
Q07837,Q342G,0.109,benign,SLC3A1,342.0
Q07837,Q342H,0.0669,benign,SLC3A1,342.0
Q07837,Q342I,0.2193,benign,SLC3A1,342.0
Q07837,Q342K,0.0691,benign,SLC3A1,342.0
Q07837,Q342L,0.0902,benign,SLC3A1,342.0
Q07837,Q342M,0.2339,benign,SLC3A1,342.0
Q07837,Q342N,0.084,benign,SLC3A1,342.0
Q07837,Q342P,0.1489,benign,SLC3A1,342.0
Q07837,Q342R,0.0614,benign,SLC3A1,342.0
Q07837,Q342S,0.0947,benign,SLC3A1,342.0
Q07837,Q342T,0.0982,benign,SLC3A1,342.0
Q07837,Q342V,0.1592,benign,SLC3A1,342.0
Q07837,Q342W,0.1908,benign,SLC3A1,342.0
Q07837,Q342Y,0.1375,benign,SLC3A1,342.0
Q07837,Y343A,0.7541,pathogenic,SLC3A1,343.0
Q07837,Y343C,0.5711,pathogenic,SLC3A1,343.0
Q07837,Y343D,0.5442,ambiguous,SLC3A1,343.0
Q07837,Y343E,0.8039,pathogenic,SLC3A1,343.0
Q07837,Y343F,0.1923,benign,SLC3A1,343.0
Q07837,Y343G,0.6899,pathogenic,SLC3A1,343.0
Q07837,Y343H,0.4246,ambiguous,SLC3A1,343.0
Q07837,Y343I,0.7564,pathogenic,SLC3A1,343.0
Q07837,Y343K,0.8436,pathogenic,SLC3A1,343.0
Q07837,Y343L,0.7311,pathogenic,SLC3A1,343.0
Q07837,Y343M,0.8696,pathogenic,SLC3A1,343.0
Q07837,Y343N,0.4127,ambiguous,SLC3A1,343.0
Q07837,Y343P,0.7117,pathogenic,SLC3A1,343.0
Q07837,Y343Q,0.7961,pathogenic,SLC3A1,343.0
Q07837,Y343R,0.7207,pathogenic,SLC3A1,343.0
Q07837,Y343S,0.4974,ambiguous,SLC3A1,343.0
Q07837,Y343T,0.779,pathogenic,SLC3A1,343.0
Q07837,Y343V,0.6859,pathogenic,SLC3A1,343.0
Q07837,Y343W,0.5948,pathogenic,SLC3A1,343.0
Q07837,S344A,0.0768,benign,SLC3A1,344.0
Q07837,S344C,0.1855,benign,SLC3A1,344.0
Q07837,S344D,0.2109,benign,SLC3A1,344.0
Q07837,S344E,0.266,benign,SLC3A1,344.0
Q07837,S344F,0.1459,benign,SLC3A1,344.0
Q07837,S344G,0.1068,benign,SLC3A1,344.0
Q07837,S344H,0.2258,benign,SLC3A1,344.0
Q07837,S344I,0.2124,benign,SLC3A1,344.0
Q07837,S344K,0.4002,ambiguous,SLC3A1,344.0
Q07837,S344L,0.096,benign,SLC3A1,344.0
Q07837,S344M,0.2163,benign,SLC3A1,344.0
Q07837,S344N,0.1518,benign,SLC3A1,344.0
Q07837,S344P,0.1453,benign,SLC3A1,344.0
Q07837,S344Q,0.3569,ambiguous,SLC3A1,344.0
Q07837,S344R,0.3331,benign,SLC3A1,344.0
Q07837,S344T,0.091,benign,SLC3A1,344.0
Q07837,S344V,0.1996,benign,SLC3A1,344.0
Q07837,S344W,0.1238,benign,SLC3A1,344.0
Q07837,S344Y,0.1067,benign,SLC3A1,344.0
Q07837,E345A,0.1926,benign,SLC3A1,345.0
Q07837,E345C,0.888,pathogenic,SLC3A1,345.0
Q07837,E345D,0.1606,benign,SLC3A1,345.0
Q07837,E345F,0.7754,pathogenic,SLC3A1,345.0
Q07837,E345G,0.1934,benign,SLC3A1,345.0
Q07837,E345H,0.4654,ambiguous,SLC3A1,345.0
Q07837,E345I,0.5921,pathogenic,SLC3A1,345.0
Q07837,E345K,0.1767,benign,SLC3A1,345.0
Q07837,E345L,0.4528,ambiguous,SLC3A1,345.0
Q07837,E345M,0.4869,ambiguous,SLC3A1,345.0
Q07837,E345N,0.2895,benign,SLC3A1,345.0
Q07837,E345P,0.8457,pathogenic,SLC3A1,345.0
Q07837,E345Q,0.126,benign,SLC3A1,345.0
Q07837,E345R,0.3227,benign,SLC3A1,345.0
Q07837,E345S,0.215,benign,SLC3A1,345.0
Q07837,E345T,0.3355,benign,SLC3A1,345.0
Q07837,E345V,0.3663,ambiguous,SLC3A1,345.0
Q07837,E345W,0.9063,pathogenic,SLC3A1,345.0
Q07837,E345Y,0.6484,pathogenic,SLC3A1,345.0
Q07837,L346A,0.7628,pathogenic,SLC3A1,346.0
Q07837,L346C,0.782,pathogenic,SLC3A1,346.0
Q07837,L346D,0.9697,pathogenic,SLC3A1,346.0
Q07837,L346E,0.8543,pathogenic,SLC3A1,346.0
Q07837,L346F,0.3223,benign,SLC3A1,346.0
Q07837,L346G,0.8742,pathogenic,SLC3A1,346.0
Q07837,L346H,0.6579,pathogenic,SLC3A1,346.0
Q07837,L346I,0.2112,benign,SLC3A1,346.0
Q07837,L346K,0.6448,pathogenic,SLC3A1,346.0
Q07837,L346M,0.221,benign,SLC3A1,346.0
Q07837,L346N,0.812,pathogenic,SLC3A1,346.0
Q07837,L346P,0.9427,pathogenic,SLC3A1,346.0
Q07837,L346Q,0.523,ambiguous,SLC3A1,346.0
Q07837,L346R,0.4328,ambiguous,SLC3A1,346.0
Q07837,L346S,0.8388,pathogenic,SLC3A1,346.0
Q07837,L346T,0.5563,ambiguous,SLC3A1,346.0
Q07837,L346V,0.2124,benign,SLC3A1,346.0
Q07837,L346W,0.5361,ambiguous,SLC3A1,346.0
Q07837,L346Y,0.5686,pathogenic,SLC3A1,346.0
Q07837,Y347A,0.4786,ambiguous,SLC3A1,347.0
Q07837,Y347C,0.1663,benign,SLC3A1,347.0
Q07837,Y347D,0.2414,benign,SLC3A1,347.0
Q07837,Y347E,0.4717,ambiguous,SLC3A1,347.0
Q07837,Y347F,0.1057,benign,SLC3A1,347.0
Q07837,Y347G,0.4985,ambiguous,SLC3A1,347.0
Q07837,Y347H,0.0841,benign,SLC3A1,347.0
Q07837,Y347I,0.3895,ambiguous,SLC3A1,347.0
Q07837,Y347K,0.4171,ambiguous,SLC3A1,347.0
Q07837,Y347L,0.3586,ambiguous,SLC3A1,347.0
Q07837,Y347M,0.6242,pathogenic,SLC3A1,347.0
Q07837,Y347N,0.1459,benign,SLC3A1,347.0
Q07837,Y347P,0.8203,pathogenic,SLC3A1,347.0
Q07837,Y347Q,0.2927,benign,SLC3A1,347.0
Q07837,Y347R,0.2281,benign,SLC3A1,347.0
Q07837,Y347S,0.1769,benign,SLC3A1,347.0
Q07837,Y347T,0.4324,ambiguous,SLC3A1,347.0
Q07837,Y347V,0.3616,ambiguous,SLC3A1,347.0
Q07837,Y347W,0.3342,benign,SLC3A1,347.0
Q07837,H348A,0.9106,pathogenic,SLC3A1,348.0
Q07837,H348C,0.64,pathogenic,SLC3A1,348.0
Q07837,H348D,0.8385,pathogenic,SLC3A1,348.0
Q07837,H348E,0.8787,pathogenic,SLC3A1,348.0
Q07837,H348F,0.9169,pathogenic,SLC3A1,348.0
Q07837,H348G,0.8748,pathogenic,SLC3A1,348.0
Q07837,H348I,0.9626,pathogenic,SLC3A1,348.0
Q07837,H348K,0.6314,pathogenic,SLC3A1,348.0
Q07837,H348L,0.694,pathogenic,SLC3A1,348.0
Q07837,H348M,0.9644,pathogenic,SLC3A1,348.0
Q07837,H348N,0.6319,pathogenic,SLC3A1,348.0
Q07837,H348P,0.4682,ambiguous,SLC3A1,348.0
Q07837,H348Q,0.7353,pathogenic,SLC3A1,348.0
Q07837,H348R,0.2869,benign,SLC3A1,348.0
Q07837,H348S,0.802,pathogenic,SLC3A1,348.0
Q07837,H348T,0.9085,pathogenic,SLC3A1,348.0
Q07837,H348V,0.9392,pathogenic,SLC3A1,348.0
Q07837,H348W,0.8288,pathogenic,SLC3A1,348.0
Q07837,H348Y,0.5834,pathogenic,SLC3A1,348.0
Q07837,D349A,0.4867,ambiguous,SLC3A1,349.0
Q07837,D349C,0.8912,pathogenic,SLC3A1,349.0
Q07837,D349E,0.5246,ambiguous,SLC3A1,349.0
Q07837,D349F,0.8722,pathogenic,SLC3A1,349.0
Q07837,D349G,0.5433,ambiguous,SLC3A1,349.0
Q07837,D349H,0.5519,ambiguous,SLC3A1,349.0
Q07837,D349I,0.6482,pathogenic,SLC3A1,349.0
Q07837,D349K,0.7345,pathogenic,SLC3A1,349.0
Q07837,D349L,0.7193,pathogenic,SLC3A1,349.0
Q07837,D349M,0.9025,pathogenic,SLC3A1,349.0
Q07837,D349N,0.2061,benign,SLC3A1,349.0
Q07837,D349P,0.8899,pathogenic,SLC3A1,349.0
Q07837,D349Q,0.7451,pathogenic,SLC3A1,349.0
Q07837,D349R,0.7018,pathogenic,SLC3A1,349.0
Q07837,D349S,0.3353,benign,SLC3A1,349.0
Q07837,D349T,0.5504,ambiguous,SLC3A1,349.0
Q07837,D349V,0.4806,ambiguous,SLC3A1,349.0
Q07837,D349W,0.9724,pathogenic,SLC3A1,349.0
Q07837,D349Y,0.4023,ambiguous,SLC3A1,349.0
Q07837,F350A,0.8049,pathogenic,SLC3A1,350.0
Q07837,F350C,0.5253,ambiguous,SLC3A1,350.0
Q07837,F350D,0.9001,pathogenic,SLC3A1,350.0
Q07837,F350E,0.9265,pathogenic,SLC3A1,350.0
Q07837,F350G,0.9038,pathogenic,SLC3A1,350.0
Q07837,F350H,0.6649,pathogenic,SLC3A1,350.0
Q07837,F350I,0.4658,ambiguous,SLC3A1,350.0
Q07837,F350K,0.9238,pathogenic,SLC3A1,350.0
Q07837,F350L,0.8745,pathogenic,SLC3A1,350.0
Q07837,F350M,0.6957,pathogenic,SLC3A1,350.0
Q07837,F350N,0.7518,pathogenic,SLC3A1,350.0
Q07837,F350P,0.9925,pathogenic,SLC3A1,350.0
Q07837,F350Q,0.896,pathogenic,SLC3A1,350.0
Q07837,F350R,0.8382,pathogenic,SLC3A1,350.0
Q07837,F350S,0.659,pathogenic,SLC3A1,350.0
Q07837,F350T,0.8235,pathogenic,SLC3A1,350.0
Q07837,F350V,0.4337,ambiguous,SLC3A1,350.0
Q07837,F350W,0.6386,pathogenic,SLC3A1,350.0
Q07837,F350Y,0.1284,benign,SLC3A1,350.0
Q07837,T351A,0.4953,ambiguous,SLC3A1,351.0
Q07837,T351C,0.8907,pathogenic,SLC3A1,351.0
Q07837,T351D,0.9259,pathogenic,SLC3A1,351.0
Q07837,T351E,0.9096,pathogenic,SLC3A1,351.0
Q07837,T351F,0.9314,pathogenic,SLC3A1,351.0
Q07837,T351G,0.8438,pathogenic,SLC3A1,351.0
Q07837,T351H,0.831,pathogenic,SLC3A1,351.0
Q07837,T351I,0.7818,pathogenic,SLC3A1,351.0
Q07837,T351K,0.8828,pathogenic,SLC3A1,351.0
Q07837,T351L,0.5717,pathogenic,SLC3A1,351.0
Q07837,T351M,0.3607,ambiguous,SLC3A1,351.0
Q07837,T351N,0.6743,pathogenic,SLC3A1,351.0
Q07837,T351P,0.7534,pathogenic,SLC3A1,351.0
Q07837,T351Q,0.8062,pathogenic,SLC3A1,351.0
Q07837,T351R,0.8168,pathogenic,SLC3A1,351.0
Q07837,T351S,0.3049,benign,SLC3A1,351.0
Q07837,T351V,0.6679,pathogenic,SLC3A1,351.0
Q07837,T351W,0.9709,pathogenic,SLC3A1,351.0
Q07837,T351Y,0.9316,pathogenic,SLC3A1,351.0
Q07837,T352A,0.0758,benign,SLC3A1,352.0
Q07837,T352C,0.5581,ambiguous,SLC3A1,352.0
Q07837,T352D,0.4299,ambiguous,SLC3A1,352.0
Q07837,T352E,0.3025,benign,SLC3A1,352.0
Q07837,T352F,0.3976,ambiguous,SLC3A1,352.0
Q07837,T352G,0.3002,benign,SLC3A1,352.0
Q07837,T352H,0.4003,ambiguous,SLC3A1,352.0
Q07837,T352I,0.3016,benign,SLC3A1,352.0
Q07837,T352K,0.2522,benign,SLC3A1,352.0
Q07837,T352L,0.1715,benign,SLC3A1,352.0
Q07837,T352M,0.1104,benign,SLC3A1,352.0
Q07837,T352N,0.1933,benign,SLC3A1,352.0
Q07837,T352P,0.5708,pathogenic,SLC3A1,352.0
Q07837,T352Q,0.2784,benign,SLC3A1,352.0
Q07837,T352R,0.1866,benign,SLC3A1,352.0
Q07837,T352S,0.1324,benign,SLC3A1,352.0
Q07837,T352V,0.1885,benign,SLC3A1,352.0
Q07837,T352W,0.747,pathogenic,SLC3A1,352.0
Q07837,T352Y,0.429,ambiguous,SLC3A1,352.0
Q07837,T353A,0.1166,benign,SLC3A1,353.0
Q07837,T353C,0.7272,pathogenic,SLC3A1,353.0
Q07837,T353D,0.3433,ambiguous,SLC3A1,353.0
Q07837,T353E,0.3309,benign,SLC3A1,353.0
Q07837,T353F,0.4032,ambiguous,SLC3A1,353.0
Q07837,T353G,0.2775,benign,SLC3A1,353.0
Q07837,T353H,0.3472,ambiguous,SLC3A1,353.0
Q07837,T353I,0.4822,ambiguous,SLC3A1,353.0
Q07837,T353K,0.3319,benign,SLC3A1,353.0
Q07837,T353L,0.1952,benign,SLC3A1,353.0
Q07837,T353M,0.1313,benign,SLC3A1,353.0
Q07837,T353N,0.1592,benign,SLC3A1,353.0
Q07837,T353P,0.3842,ambiguous,SLC3A1,353.0
Q07837,T353Q,0.3191,benign,SLC3A1,353.0
Q07837,T353R,0.2409,benign,SLC3A1,353.0
Q07837,T353S,0.1044,benign,SLC3A1,353.0
Q07837,T353V,0.3524,ambiguous,SLC3A1,353.0
Q07837,T353W,0.7364,pathogenic,SLC3A1,353.0
Q07837,T353Y,0.4661,ambiguous,SLC3A1,353.0
Q07837,Q354A,0.515,ambiguous,SLC3A1,354.0
Q07837,Q354C,0.9532,pathogenic,SLC3A1,354.0
Q07837,Q354D,0.8565,pathogenic,SLC3A1,354.0
Q07837,Q354E,0.1413,benign,SLC3A1,354.0
Q07837,Q354F,0.9546,pathogenic,SLC3A1,354.0
Q07837,Q354G,0.668,pathogenic,SLC3A1,354.0
Q07837,Q354H,0.7771,pathogenic,SLC3A1,354.0
Q07837,Q354I,0.7523,pathogenic,SLC3A1,354.0
Q07837,Q354K,0.3607,ambiguous,SLC3A1,354.0
Q07837,Q354L,0.3618,ambiguous,SLC3A1,354.0
Q07837,Q354M,0.6478,pathogenic,SLC3A1,354.0
Q07837,Q354N,0.7142,pathogenic,SLC3A1,354.0
Q07837,Q354P,0.5702,pathogenic,SLC3A1,354.0
Q07837,Q354R,0.3117,benign,SLC3A1,354.0
Q07837,Q354S,0.6515,pathogenic,SLC3A1,354.0
Q07837,Q354T,0.5863,pathogenic,SLC3A1,354.0
Q07837,Q354V,0.5661,pathogenic,SLC3A1,354.0
Q07837,Q354W,0.9223,pathogenic,SLC3A1,354.0
Q07837,Q354Y,0.9188,pathogenic,SLC3A1,354.0
Q07837,V355A,0.1199,benign,SLC3A1,355.0
Q07837,V355C,0.8544,pathogenic,SLC3A1,355.0
Q07837,V355D,0.2403,benign,SLC3A1,355.0
Q07837,V355E,0.1585,benign,SLC3A1,355.0
Q07837,V355F,0.2226,benign,SLC3A1,355.0
Q07837,V355G,0.2138,benign,SLC3A1,355.0
Q07837,V355H,0.5844,pathogenic,SLC3A1,355.0
Q07837,V355I,0.0956,benign,SLC3A1,355.0
Q07837,V355K,0.3037,benign,SLC3A1,355.0
Q07837,V355L,0.2223,benign,SLC3A1,355.0
Q07837,V355M,0.1578,benign,SLC3A1,355.0
Q07837,V355N,0.3097,benign,SLC3A1,355.0
Q07837,V355P,0.2709,benign,SLC3A1,355.0
Q07837,V355Q,0.3055,benign,SLC3A1,355.0
Q07837,V355R,0.2942,benign,SLC3A1,355.0
Q07837,V355S,0.221,benign,SLC3A1,355.0
Q07837,V355T,0.1388,benign,SLC3A1,355.0
Q07837,V355W,0.7074,pathogenic,SLC3A1,355.0
Q07837,V355Y,0.5474,ambiguous,SLC3A1,355.0
Q07837,G356A,0.32,benign,SLC3A1,356.0
Q07837,G356C,0.6661,pathogenic,SLC3A1,356.0
Q07837,G356D,0.4856,ambiguous,SLC3A1,356.0
Q07837,G356E,0.3664,ambiguous,SLC3A1,356.0
Q07837,G356F,0.91,pathogenic,SLC3A1,356.0
Q07837,G356H,0.8296,pathogenic,SLC3A1,356.0
Q07837,G356I,0.8161,pathogenic,SLC3A1,356.0
Q07837,G356K,0.8049,pathogenic,SLC3A1,356.0
Q07837,G356L,0.8482,pathogenic,SLC3A1,356.0
Q07837,G356M,0.8515,pathogenic,SLC3A1,356.0
Q07837,G356N,0.7098,pathogenic,SLC3A1,356.0
Q07837,G356P,0.9332,pathogenic,SLC3A1,356.0
Q07837,G356Q,0.6572,pathogenic,SLC3A1,356.0
Q07837,G356R,0.6599,pathogenic,SLC3A1,356.0
Q07837,G356S,0.2957,benign,SLC3A1,356.0
Q07837,G356T,0.6102,pathogenic,SLC3A1,356.0
Q07837,G356V,0.6741,pathogenic,SLC3A1,356.0
Q07837,G356W,0.7601,pathogenic,SLC3A1,356.0
Q07837,G356Y,0.8236,pathogenic,SLC3A1,356.0
Q07837,M357A,0.6442,pathogenic,SLC3A1,357.0
Q07837,M357C,0.8642,pathogenic,SLC3A1,357.0
Q07837,M357D,0.9238,pathogenic,SLC3A1,357.0
Q07837,M357E,0.7139,pathogenic,SLC3A1,357.0
Q07837,M357F,0.5699,pathogenic,SLC3A1,357.0
Q07837,M357G,0.7891,pathogenic,SLC3A1,357.0
Q07837,M357H,0.8094,pathogenic,SLC3A1,357.0
Q07837,M357I,0.4269,ambiguous,SLC3A1,357.0
Q07837,M357K,0.5417,ambiguous,SLC3A1,357.0
Q07837,M357L,0.1327,benign,SLC3A1,357.0
Q07837,M357N,0.56,ambiguous,SLC3A1,357.0
Q07837,M357P,0.9355,pathogenic,SLC3A1,357.0
Q07837,M357Q,0.5075,ambiguous,SLC3A1,357.0
Q07837,M357R,0.5576,ambiguous,SLC3A1,357.0
Q07837,M357S,0.5906,pathogenic,SLC3A1,357.0
Q07837,M357T,0.345,ambiguous,SLC3A1,357.0
Q07837,M357V,0.154,benign,SLC3A1,357.0
Q07837,M357W,0.8746,pathogenic,SLC3A1,357.0
Q07837,M357Y,0.8552,pathogenic,SLC3A1,357.0
Q07837,H358A,0.9078,pathogenic,SLC3A1,358.0
Q07837,H358C,0.7039,pathogenic,SLC3A1,358.0
Q07837,H358D,0.8355,pathogenic,SLC3A1,358.0
Q07837,H358E,0.8595,pathogenic,SLC3A1,358.0
Q07837,H358F,0.8154,pathogenic,SLC3A1,358.0
Q07837,H358G,0.8662,pathogenic,SLC3A1,358.0
Q07837,H358I,0.9298,pathogenic,SLC3A1,358.0
Q07837,H358K,0.6414,pathogenic,SLC3A1,358.0
Q07837,H358L,0.5579,ambiguous,SLC3A1,358.0
Q07837,H358M,0.9264,pathogenic,SLC3A1,358.0
Q07837,H358N,0.6097,pathogenic,SLC3A1,358.0
Q07837,H358P,0.6218,pathogenic,SLC3A1,358.0
Q07837,H358Q,0.678,pathogenic,SLC3A1,358.0
Q07837,H358R,0.2731,benign,SLC3A1,358.0
Q07837,H358S,0.8876,pathogenic,SLC3A1,358.0
Q07837,H358T,0.9316,pathogenic,SLC3A1,358.0
Q07837,H358V,0.9108,pathogenic,SLC3A1,358.0
Q07837,H358W,0.6839,pathogenic,SLC3A1,358.0
Q07837,H358Y,0.3957,ambiguous,SLC3A1,358.0
Q07837,D359A,0.358,ambiguous,SLC3A1,359.0
Q07837,D359C,0.8354,pathogenic,SLC3A1,359.0
Q07837,D359E,0.2676,benign,SLC3A1,359.0
Q07837,D359F,0.7707,pathogenic,SLC3A1,359.0
Q07837,D359G,0.2886,benign,SLC3A1,359.0
Q07837,D359H,0.3799,ambiguous,SLC3A1,359.0
Q07837,D359I,0.6441,pathogenic,SLC3A1,359.0
Q07837,D359K,0.5514,ambiguous,SLC3A1,359.0
Q07837,D359L,0.6262,pathogenic,SLC3A1,359.0
Q07837,D359M,0.8162,pathogenic,SLC3A1,359.0
Q07837,D359N,0.1468,benign,SLC3A1,359.0
Q07837,D359P,0.8979,pathogenic,SLC3A1,359.0
Q07837,D359Q,0.5123,ambiguous,SLC3A1,359.0
Q07837,D359R,0.5434,ambiguous,SLC3A1,359.0
Q07837,D359S,0.2317,benign,SLC3A1,359.0
Q07837,D359T,0.4569,ambiguous,SLC3A1,359.0
Q07837,D359V,0.434,ambiguous,SLC3A1,359.0
Q07837,D359W,0.9291,pathogenic,SLC3A1,359.0
Q07837,D359Y,0.3234,benign,SLC3A1,359.0
Q07837,I360A,0.2961,benign,SLC3A1,360.0
Q07837,I360C,0.8271,pathogenic,SLC3A1,360.0
Q07837,I360D,0.8349,pathogenic,SLC3A1,360.0
Q07837,I360E,0.6959,pathogenic,SLC3A1,360.0
Q07837,I360F,0.2061,benign,SLC3A1,360.0
Q07837,I360G,0.7856,pathogenic,SLC3A1,360.0
Q07837,I360H,0.669,pathogenic,SLC3A1,360.0
Q07837,I360K,0.554,ambiguous,SLC3A1,360.0
Q07837,I360L,0.0811,benign,SLC3A1,360.0
Q07837,I360M,0.0897,benign,SLC3A1,360.0
Q07837,I360N,0.5132,ambiguous,SLC3A1,360.0
Q07837,I360P,0.8493,pathogenic,SLC3A1,360.0
Q07837,I360Q,0.6532,pathogenic,SLC3A1,360.0
Q07837,I360R,0.4521,ambiguous,SLC3A1,360.0
Q07837,I360S,0.4264,ambiguous,SLC3A1,360.0
Q07837,I360T,0.1488,benign,SLC3A1,360.0
Q07837,I360V,0.0803,benign,SLC3A1,360.0
Q07837,I360W,0.7755,pathogenic,SLC3A1,360.0
Q07837,I360Y,0.6376,pathogenic,SLC3A1,360.0
Q07837,V361A,0.3442,ambiguous,SLC3A1,361.0
Q07837,V361C,0.8563,pathogenic,SLC3A1,361.0
Q07837,V361D,0.8682,pathogenic,SLC3A1,361.0
Q07837,V361E,0.75,pathogenic,SLC3A1,361.0
Q07837,V361F,0.233,benign,SLC3A1,361.0
Q07837,V361G,0.4984,ambiguous,SLC3A1,361.0
Q07837,V361H,0.8779,pathogenic,SLC3A1,361.0
Q07837,V361I,0.0665,benign,SLC3A1,361.0
Q07837,V361K,0.8473,pathogenic,SLC3A1,361.0
Q07837,V361L,0.114,benign,SLC3A1,361.0
Q07837,V361M,0.1516,benign,SLC3A1,361.0
Q07837,V361N,0.6769,pathogenic,SLC3A1,361.0
Q07837,V361P,0.86,pathogenic,SLC3A1,361.0
Q07837,V361Q,0.7283,pathogenic,SLC3A1,361.0
Q07837,V361R,0.8003,pathogenic,SLC3A1,361.0
Q07837,V361S,0.4967,ambiguous,SLC3A1,361.0
Q07837,V361T,0.3869,ambiguous,SLC3A1,361.0
Q07837,V361W,0.8871,pathogenic,SLC3A1,361.0
Q07837,V361Y,0.7662,pathogenic,SLC3A1,361.0
Q07837,R362A,0.3422,ambiguous,SLC3A1,362.0
Q07837,R362C,0.1681,benign,SLC3A1,362.0
Q07837,R362D,0.7299,pathogenic,SLC3A1,362.0
Q07837,R362E,0.3181,benign,SLC3A1,362.0
Q07837,R362F,0.5297,ambiguous,SLC3A1,362.0
Q07837,R362G,0.2069,benign,SLC3A1,362.0
Q07837,R362H,0.1053,benign,SLC3A1,362.0
Q07837,R362I,0.3484,ambiguous,SLC3A1,362.0
Q07837,R362K,0.1536,benign,SLC3A1,362.0
Q07837,R362L,0.2258,benign,SLC3A1,362.0
Q07837,R362M,0.3176,benign,SLC3A1,362.0
Q07837,R362N,0.5748,pathogenic,SLC3A1,362.0
Q07837,R362P,0.8659,pathogenic,SLC3A1,362.0
Q07837,R362Q,0.0742,benign,SLC3A1,362.0
Q07837,R362S,0.3928,ambiguous,SLC3A1,362.0
Q07837,R362T,0.2648,benign,SLC3A1,362.0
Q07837,R362V,0.4027,ambiguous,SLC3A1,362.0
Q07837,R362W,0.1429,benign,SLC3A1,362.0
Q07837,R362Y,0.338,benign,SLC3A1,362.0
Q07837,S363A,0.1067,benign,SLC3A1,363.0
Q07837,S363C,0.1704,benign,SLC3A1,363.0
Q07837,S363D,0.1171,benign,SLC3A1,363.0
Q07837,S363E,0.2351,benign,SLC3A1,363.0
Q07837,S363F,0.3009,benign,SLC3A1,363.0
Q07837,S363G,0.0727,benign,SLC3A1,363.0
Q07837,S363H,0.1985,benign,SLC3A1,363.0
Q07837,S363I,0.158,benign,SLC3A1,363.0
Q07837,S363K,0.3715,ambiguous,SLC3A1,363.0
Q07837,S363L,0.1818,benign,SLC3A1,363.0
Q07837,S363M,0.2516,benign,SLC3A1,363.0
Q07837,S363N,0.0893,benign,SLC3A1,363.0
Q07837,S363P,0.7954,pathogenic,SLC3A1,363.0
Q07837,S363Q,0.282,benign,SLC3A1,363.0
Q07837,S363R,0.2792,benign,SLC3A1,363.0
Q07837,S363T,0.0995,benign,SLC3A1,363.0
Q07837,S363V,0.2,benign,SLC3A1,363.0
Q07837,S363W,0.3546,ambiguous,SLC3A1,363.0
Q07837,S363Y,0.1909,benign,SLC3A1,363.0
Q07837,F364A,0.9285,pathogenic,SLC3A1,364.0
Q07837,F364C,0.7463,pathogenic,SLC3A1,364.0
Q07837,F364D,0.9914,pathogenic,SLC3A1,364.0
Q07837,F364E,0.9924,pathogenic,SLC3A1,364.0
Q07837,F364G,0.9786,pathogenic,SLC3A1,364.0
Q07837,F364H,0.9454,pathogenic,SLC3A1,364.0
Q07837,F364I,0.2479,benign,SLC3A1,364.0
Q07837,F364K,0.9939,pathogenic,SLC3A1,364.0
Q07837,F364L,0.8097,pathogenic,SLC3A1,364.0
Q07837,F364M,0.5914,pathogenic,SLC3A1,364.0
Q07837,F364N,0.9681,pathogenic,SLC3A1,364.0
Q07837,F364P,0.9984,pathogenic,SLC3A1,364.0
Q07837,F364Q,0.9826,pathogenic,SLC3A1,364.0
Q07837,F364R,0.986,pathogenic,SLC3A1,364.0
Q07837,F364S,0.8893,pathogenic,SLC3A1,364.0
Q07837,F364T,0.9135,pathogenic,SLC3A1,364.0
Q07837,F364V,0.3929,ambiguous,SLC3A1,364.0
Q07837,F364W,0.4616,ambiguous,SLC3A1,364.0
Q07837,F364Y,0.3294,benign,SLC3A1,364.0
Q07837,R365A,0.9655,pathogenic,SLC3A1,365.0
Q07837,R365C,0.5649,pathogenic,SLC3A1,365.0
Q07837,R365D,0.9933,pathogenic,SLC3A1,365.0
Q07837,R365E,0.931,pathogenic,SLC3A1,365.0
Q07837,R365F,0.9747,pathogenic,SLC3A1,365.0
Q07837,R365G,0.9095,pathogenic,SLC3A1,365.0
Q07837,R365H,0.257,benign,SLC3A1,365.0
Q07837,R365I,0.9341,pathogenic,SLC3A1,365.0
Q07837,R365K,0.47,ambiguous,SLC3A1,365.0
Q07837,R365L,0.874,pathogenic,SLC3A1,365.0
Q07837,R365M,0.9575,pathogenic,SLC3A1,365.0
Q07837,R365N,0.9801,pathogenic,SLC3A1,365.0
Q07837,R365P,0.9922,pathogenic,SLC3A1,365.0
Q07837,R365Q,0.3023,benign,SLC3A1,365.0
Q07837,R365S,0.948,pathogenic,SLC3A1,365.0
Q07837,R365T,0.9571,pathogenic,SLC3A1,365.0
Q07837,R365V,0.956,pathogenic,SLC3A1,365.0
Q07837,R365W,0.5887,pathogenic,SLC3A1,365.0
Q07837,R365Y,0.8971,pathogenic,SLC3A1,365.0
Q07837,Q366A,0.2383,benign,SLC3A1,366.0
Q07837,Q366C,0.5971,pathogenic,SLC3A1,366.0
Q07837,Q366D,0.2826,benign,SLC3A1,366.0
Q07837,Q366E,0.0709,benign,SLC3A1,366.0
Q07837,Q366F,0.532,ambiguous,SLC3A1,366.0
Q07837,Q366G,0.2273,benign,SLC3A1,366.0
Q07837,Q366H,0.1402,benign,SLC3A1,366.0
Q07837,Q366I,0.3736,ambiguous,SLC3A1,366.0
Q07837,Q366K,0.0822,benign,SLC3A1,366.0
Q07837,Q366L,0.1207,benign,SLC3A1,366.0
Q07837,Q366M,0.334,benign,SLC3A1,366.0
Q07837,Q366N,0.2254,benign,SLC3A1,366.0
Q07837,Q366P,0.6216,pathogenic,SLC3A1,366.0
Q07837,Q366R,0.086,benign,SLC3A1,366.0
Q07837,Q366S,0.2605,benign,SLC3A1,366.0
Q07837,Q366T,0.2345,benign,SLC3A1,366.0
Q07837,Q366V,0.2994,benign,SLC3A1,366.0
Q07837,Q366W,0.3399,benign,SLC3A1,366.0
Q07837,Q366Y,0.297,benign,SLC3A1,366.0
Q07837,T367A,0.0804,benign,SLC3A1,367.0
Q07837,T367C,0.44,ambiguous,SLC3A1,367.0
Q07837,T367D,0.3203,benign,SLC3A1,367.0
Q07837,T367E,0.1928,benign,SLC3A1,367.0
Q07837,T367F,0.1985,benign,SLC3A1,367.0
Q07837,T367G,0.2881,benign,SLC3A1,367.0
Q07837,T367H,0.2466,benign,SLC3A1,367.0
Q07837,T367I,0.0877,benign,SLC3A1,367.0
Q07837,T367K,0.177,benign,SLC3A1,367.0
Q07837,T367L,0.0767,benign,SLC3A1,367.0
Q07837,T367M,0.0711,benign,SLC3A1,367.0
Q07837,T367N,0.1357,benign,SLC3A1,367.0
Q07837,T367P,0.4304,ambiguous,SLC3A1,367.0
Q07837,T367Q,0.1922,benign,SLC3A1,367.0
Q07837,T367R,0.1494,benign,SLC3A1,367.0
Q07837,T367S,0.1334,benign,SLC3A1,367.0
Q07837,T367V,0.0932,benign,SLC3A1,367.0
Q07837,T367W,0.4767,ambiguous,SLC3A1,367.0
Q07837,T367Y,0.2299,benign,SLC3A1,367.0
Q07837,M368A,0.5464,ambiguous,SLC3A1,368.0
Q07837,M368C,0.9076,pathogenic,SLC3A1,368.0
Q07837,M368D,0.989,pathogenic,SLC3A1,368.0
Q07837,M368E,0.9205,pathogenic,SLC3A1,368.0
Q07837,M368F,0.5302,ambiguous,SLC3A1,368.0
Q07837,M368G,0.8885,pathogenic,SLC3A1,368.0
Q07837,M368H,0.9555,pathogenic,SLC3A1,368.0
Q07837,M368I,0.3174,benign,SLC3A1,368.0
Q07837,M368K,0.8231,pathogenic,SLC3A1,368.0
Q07837,M368L,0.1099,benign,SLC3A1,368.0
Q07837,M368N,0.9277,pathogenic,SLC3A1,368.0
Q07837,M368P,0.9708,pathogenic,SLC3A1,368.0
Q07837,M368Q,0.8211,pathogenic,SLC3A1,368.0
Q07837,M368R,0.7911,pathogenic,SLC3A1,368.0
Q07837,M368S,0.7818,pathogenic,SLC3A1,368.0
Q07837,M368T,0.3455,ambiguous,SLC3A1,368.0
Q07837,M368V,0.0858,benign,SLC3A1,368.0
Q07837,M368W,0.9031,pathogenic,SLC3A1,368.0
Q07837,M368Y,0.9271,pathogenic,SLC3A1,368.0
Q07837,D369A,0.2199,benign,SLC3A1,369.0
Q07837,D369C,0.7486,pathogenic,SLC3A1,369.0
Q07837,D369E,0.2127,benign,SLC3A1,369.0
Q07837,D369F,0.6817,pathogenic,SLC3A1,369.0
Q07837,D369G,0.2197,benign,SLC3A1,369.0
Q07837,D369H,0.3112,benign,SLC3A1,369.0
Q07837,D369I,0.4078,ambiguous,SLC3A1,369.0
Q07837,D369K,0.3828,ambiguous,SLC3A1,369.0
Q07837,D369L,0.3893,ambiguous,SLC3A1,369.0
Q07837,D369M,0.6193,pathogenic,SLC3A1,369.0
Q07837,D369N,0.0733,benign,SLC3A1,369.0
Q07837,D369P,0.9366,pathogenic,SLC3A1,369.0
Q07837,D369Q,0.3383,benign,SLC3A1,369.0
Q07837,D369R,0.3979,ambiguous,SLC3A1,369.0
Q07837,D369S,0.1499,benign,SLC3A1,369.0
Q07837,D369T,0.2996,benign,SLC3A1,369.0
Q07837,D369V,0.2773,benign,SLC3A1,369.0
Q07837,D369W,0.8845,pathogenic,SLC3A1,369.0
Q07837,D369Y,0.2416,benign,SLC3A1,369.0
Q07837,Q370A,0.1119,benign,SLC3A1,370.0
Q07837,Q370C,0.4749,ambiguous,SLC3A1,370.0
Q07837,Q370D,0.1564,benign,SLC3A1,370.0
Q07837,Q370E,0.0569,benign,SLC3A1,370.0
Q07837,Q370F,0.381,ambiguous,SLC3A1,370.0
Q07837,Q370G,0.1345,benign,SLC3A1,370.0
Q07837,Q370H,0.1232,benign,SLC3A1,370.0
Q07837,Q370I,0.1638,benign,SLC3A1,370.0
Q07837,Q370K,0.0607,benign,SLC3A1,370.0
Q07837,Q370L,0.0856,benign,SLC3A1,370.0
Q07837,Q370M,0.1916,benign,SLC3A1,370.0
Q07837,Q370N,0.143,benign,SLC3A1,370.0
Q07837,Q370P,0.2036,benign,SLC3A1,370.0
Q07837,Q370R,0.071,benign,SLC3A1,370.0
Q07837,Q370S,0.1287,benign,SLC3A1,370.0
Q07837,Q370T,0.0958,benign,SLC3A1,370.0
Q07837,Q370V,0.1383,benign,SLC3A1,370.0
Q07837,Q370W,0.2683,benign,SLC3A1,370.0
Q07837,Q370Y,0.253,benign,SLC3A1,370.0
Q07837,Y371A,0.4701,ambiguous,SLC3A1,371.0
Q07837,Y371C,0.2144,benign,SLC3A1,371.0
Q07837,Y371D,0.3329,benign,SLC3A1,371.0
Q07837,Y371E,0.5685,pathogenic,SLC3A1,371.0
Q07837,Y371F,0.0777,benign,SLC3A1,371.0
Q07837,Y371G,0.4816,ambiguous,SLC3A1,371.0
Q07837,Y371H,0.1455,benign,SLC3A1,371.0
Q07837,Y371I,0.3226,benign,SLC3A1,371.0
Q07837,Y371K,0.5517,ambiguous,SLC3A1,371.0
Q07837,Y371L,0.4163,ambiguous,SLC3A1,371.0
Q07837,Y371M,0.5485,ambiguous,SLC3A1,371.0
Q07837,Y371N,0.214,benign,SLC3A1,371.0
Q07837,Y371P,0.776,pathogenic,SLC3A1,371.0
Q07837,Y371Q,0.4277,ambiguous,SLC3A1,371.0
Q07837,Y371R,0.4091,ambiguous,SLC3A1,371.0
Q07837,Y371S,0.2654,benign,SLC3A1,371.0
Q07837,Y371T,0.4789,ambiguous,SLC3A1,371.0
Q07837,Y371V,0.293,benign,SLC3A1,371.0
Q07837,Y371W,0.3325,benign,SLC3A1,371.0
Q07837,S372A,0.1741,benign,SLC3A1,372.0
Q07837,S372C,0.4945,ambiguous,SLC3A1,372.0
Q07837,S372D,0.8365,pathogenic,SLC3A1,372.0
Q07837,S372E,0.8511,pathogenic,SLC3A1,372.0
Q07837,S372F,0.7946,pathogenic,SLC3A1,372.0
Q07837,S372G,0.1778,benign,SLC3A1,372.0
Q07837,S372H,0.806,pathogenic,SLC3A1,372.0
Q07837,S372I,0.6928,pathogenic,SLC3A1,372.0
Q07837,S372K,0.9321,pathogenic,SLC3A1,372.0
Q07837,S372L,0.4105,ambiguous,SLC3A1,372.0
Q07837,S372M,0.6318,pathogenic,SLC3A1,372.0
Q07837,S372N,0.5592,ambiguous,SLC3A1,372.0
Q07837,S372P,0.88,pathogenic,SLC3A1,372.0
Q07837,S372Q,0.8219,pathogenic,SLC3A1,372.0
Q07837,S372R,0.8666,pathogenic,SLC3A1,372.0
Q07837,S372T,0.2129,benign,SLC3A1,372.0
Q07837,S372V,0.6337,pathogenic,SLC3A1,372.0
Q07837,S372W,0.8717,pathogenic,SLC3A1,372.0
Q07837,S372Y,0.7051,pathogenic,SLC3A1,372.0
Q07837,T373A,0.0687,benign,SLC3A1,373.0
Q07837,T373C,0.3619,ambiguous,SLC3A1,373.0
Q07837,T373D,0.204,benign,SLC3A1,373.0
Q07837,T373E,0.1097,benign,SLC3A1,373.0
Q07837,T373F,0.1694,benign,SLC3A1,373.0
Q07837,T373G,0.1205,benign,SLC3A1,373.0
Q07837,T373H,0.0968,benign,SLC3A1,373.0
Q07837,T373I,0.1084,benign,SLC3A1,373.0
Q07837,T373K,0.0595,benign,SLC3A1,373.0
Q07837,T373L,0.0728,benign,SLC3A1,373.0
Q07837,T373M,0.0836,benign,SLC3A1,373.0
Q07837,T373N,0.0932,benign,SLC3A1,373.0
Q07837,T373P,0.1599,benign,SLC3A1,373.0
Q07837,T373Q,0.0747,benign,SLC3A1,373.0
Q07837,T373R,0.0386,benign,SLC3A1,373.0
Q07837,T373S,0.084,benign,SLC3A1,373.0
Q07837,T373V,0.1086,benign,SLC3A1,373.0
Q07837,T373W,0.2292,benign,SLC3A1,373.0
Q07837,T373Y,0.1688,benign,SLC3A1,373.0
Q07837,E374A,0.196,benign,SLC3A1,374.0
Q07837,E374C,0.9356,pathogenic,SLC3A1,374.0
Q07837,E374D,0.27,benign,SLC3A1,374.0
Q07837,E374F,0.7326,pathogenic,SLC3A1,374.0
Q07837,E374G,0.2067,benign,SLC3A1,374.0
Q07837,E374H,0.5508,ambiguous,SLC3A1,374.0
Q07837,E374I,0.3723,ambiguous,SLC3A1,374.0
Q07837,E374K,0.1447,benign,SLC3A1,374.0
Q07837,E374L,0.4147,ambiguous,SLC3A1,374.0
Q07837,E374M,0.4796,ambiguous,SLC3A1,374.0
Q07837,E374N,0.4192,ambiguous,SLC3A1,374.0
Q07837,E374P,0.8094,pathogenic,SLC3A1,374.0
Q07837,E374Q,0.1471,benign,SLC3A1,374.0
Q07837,E374R,0.2748,benign,SLC3A1,374.0
Q07837,E374S,0.2717,benign,SLC3A1,374.0
Q07837,E374T,0.3042,benign,SLC3A1,374.0
Q07837,E374V,0.2281,benign,SLC3A1,374.0
Q07837,E374W,0.9286,pathogenic,SLC3A1,374.0
Q07837,E374Y,0.6357,pathogenic,SLC3A1,374.0
Q07837,P375A,0.1359,benign,SLC3A1,375.0
Q07837,P375C,0.8387,pathogenic,SLC3A1,375.0
Q07837,P375D,0.5392,ambiguous,SLC3A1,375.0
Q07837,P375E,0.3601,ambiguous,SLC3A1,375.0
Q07837,P375F,0.6353,pathogenic,SLC3A1,375.0
Q07837,P375G,0.4889,ambiguous,SLC3A1,375.0
Q07837,P375H,0.322,benign,SLC3A1,375.0
Q07837,P375I,0.4577,ambiguous,SLC3A1,375.0
Q07837,P375K,0.371,ambiguous,SLC3A1,375.0
Q07837,P375L,0.1914,benign,SLC3A1,375.0
Q07837,P375M,0.457,ambiguous,SLC3A1,375.0
Q07837,P375N,0.5087,ambiguous,SLC3A1,375.0
Q07837,P375Q,0.2724,benign,SLC3A1,375.0
Q07837,P375R,0.2402,benign,SLC3A1,375.0
Q07837,P375S,0.2392,benign,SLC3A1,375.0
Q07837,P375T,0.1661,benign,SLC3A1,375.0
Q07837,P375V,0.3527,ambiguous,SLC3A1,375.0
Q07837,P375W,0.729,pathogenic,SLC3A1,375.0
Q07837,P375Y,0.5583,ambiguous,SLC3A1,375.0
Q07837,G376A,0.2869,benign,SLC3A1,376.0
Q07837,G376C,0.5603,ambiguous,SLC3A1,376.0
Q07837,G376D,0.2501,benign,SLC3A1,376.0
Q07837,G376E,0.2392,benign,SLC3A1,376.0
Q07837,G376F,0.7036,pathogenic,SLC3A1,376.0
Q07837,G376H,0.4645,ambiguous,SLC3A1,376.0
Q07837,G376I,0.5936,pathogenic,SLC3A1,376.0
Q07837,G376K,0.417,ambiguous,SLC3A1,376.0
Q07837,G376L,0.6134,pathogenic,SLC3A1,376.0
Q07837,G376M,0.6758,pathogenic,SLC3A1,376.0
Q07837,G376N,0.3511,ambiguous,SLC3A1,376.0
Q07837,G376P,0.8925,pathogenic,SLC3A1,376.0
Q07837,G376Q,0.3361,benign,SLC3A1,376.0
Q07837,G376R,0.2877,benign,SLC3A1,376.0
Q07837,G376S,0.1634,benign,SLC3A1,376.0
Q07837,G376T,0.3541,ambiguous,SLC3A1,376.0
Q07837,G376V,0.4407,ambiguous,SLC3A1,376.0
Q07837,G376W,0.532,ambiguous,SLC3A1,376.0
Q07837,G376Y,0.5493,ambiguous,SLC3A1,376.0
Q07837,R377A,0.3835,ambiguous,SLC3A1,377.0
Q07837,R377C,0.2143,benign,SLC3A1,377.0
Q07837,R377D,0.5897,pathogenic,SLC3A1,377.0
Q07837,R377E,0.2723,benign,SLC3A1,377.0
Q07837,R377F,0.474,ambiguous,SLC3A1,377.0
Q07837,R377G,0.2273,benign,SLC3A1,377.0
Q07837,R377H,0.0974,benign,SLC3A1,377.0
Q07837,R377I,0.1995,benign,SLC3A1,377.0
Q07837,R377K,0.0945,benign,SLC3A1,377.0
Q07837,R377L,0.2322,benign,SLC3A1,377.0
Q07837,R377M,0.2367,benign,SLC3A1,377.0
Q07837,R377N,0.4515,ambiguous,SLC3A1,377.0
Q07837,R377P,0.7341,pathogenic,SLC3A1,377.0
Q07837,R377Q,0.0941,benign,SLC3A1,377.0
Q07837,R377S,0.3839,ambiguous,SLC3A1,377.0
Q07837,R377T,0.203,benign,SLC3A1,377.0
Q07837,R377V,0.2921,benign,SLC3A1,377.0
Q07837,R377W,0.1572,benign,SLC3A1,377.0
Q07837,R377Y,0.3342,benign,SLC3A1,377.0
Q07837,Y378A,0.652,pathogenic,SLC3A1,378.0
Q07837,Y378C,0.4174,ambiguous,SLC3A1,378.0
Q07837,Y378D,0.3905,ambiguous,SLC3A1,378.0
Q07837,Y378E,0.636,pathogenic,SLC3A1,378.0
Q07837,Y378F,0.2066,benign,SLC3A1,378.0
Q07837,Y378G,0.5234,ambiguous,SLC3A1,378.0
Q07837,Y378H,0.2387,benign,SLC3A1,378.0
Q07837,Y378I,0.6983,pathogenic,SLC3A1,378.0
Q07837,Y378K,0.4948,ambiguous,SLC3A1,378.0
Q07837,Y378L,0.624,pathogenic,SLC3A1,378.0
Q07837,Y378M,0.7986,pathogenic,SLC3A1,378.0
Q07837,Y378N,0.2376,benign,SLC3A1,378.0
Q07837,Y378P,0.6178,pathogenic,SLC3A1,378.0
Q07837,Y378Q,0.5191,ambiguous,SLC3A1,378.0
Q07837,Y378R,0.3672,ambiguous,SLC3A1,378.0
Q07837,Y378S,0.2791,benign,SLC3A1,378.0
Q07837,Y378T,0.5466,ambiguous,SLC3A1,378.0
Q07837,Y378V,0.562,ambiguous,SLC3A1,378.0
Q07837,Y378W,0.577,pathogenic,SLC3A1,378.0
Q07837,R379A,0.8321,pathogenic,SLC3A1,379.0
Q07837,R379C,0.2759,benign,SLC3A1,379.0
Q07837,R379D,0.9773,pathogenic,SLC3A1,379.0
Q07837,R379E,0.8619,pathogenic,SLC3A1,379.0
Q07837,R379F,0.8965,pathogenic,SLC3A1,379.0
Q07837,R379G,0.7472,pathogenic,SLC3A1,379.0
Q07837,R379H,0.2483,benign,SLC3A1,379.0
Q07837,R379I,0.5357,ambiguous,SLC3A1,379.0
Q07837,R379K,0.322,benign,SLC3A1,379.0
Q07837,R379L,0.5034,ambiguous,SLC3A1,379.0
Q07837,R379M,0.7448,pathogenic,SLC3A1,379.0
Q07837,R379N,0.9357,pathogenic,SLC3A1,379.0
Q07837,R379P,0.9161,pathogenic,SLC3A1,379.0
Q07837,R379Q,0.2404,benign,SLC3A1,379.0
Q07837,R379S,0.858,pathogenic,SLC3A1,379.0
Q07837,R379T,0.7172,pathogenic,SLC3A1,379.0
Q07837,R379V,0.6357,pathogenic,SLC3A1,379.0
Q07837,R379W,0.4334,ambiguous,SLC3A1,379.0
Q07837,R379Y,0.7347,pathogenic,SLC3A1,379.0
Q07837,F380A,0.9287,pathogenic,SLC3A1,380.0
Q07837,F380C,0.7622,pathogenic,SLC3A1,380.0
Q07837,F380D,0.9956,pathogenic,SLC3A1,380.0
Q07837,F380E,0.9943,pathogenic,SLC3A1,380.0
Q07837,F380G,0.9701,pathogenic,SLC3A1,380.0
Q07837,F380H,0.9648,pathogenic,SLC3A1,380.0
Q07837,F380I,0.4726,ambiguous,SLC3A1,380.0
Q07837,F380K,0.9908,pathogenic,SLC3A1,380.0
Q07837,F380L,0.9072,pathogenic,SLC3A1,380.0
Q07837,F380M,0.7927,pathogenic,SLC3A1,380.0
Q07837,F380N,0.9796,pathogenic,SLC3A1,380.0
Q07837,F380P,0.9951,pathogenic,SLC3A1,380.0
Q07837,F380Q,0.9863,pathogenic,SLC3A1,380.0
Q07837,F380R,0.9745,pathogenic,SLC3A1,380.0
Q07837,F380S,0.9421,pathogenic,SLC3A1,380.0
Q07837,F380T,0.9661,pathogenic,SLC3A1,380.0
Q07837,F380V,0.4988,ambiguous,SLC3A1,380.0
Q07837,F380W,0.8376,pathogenic,SLC3A1,380.0
Q07837,F380Y,0.4393,ambiguous,SLC3A1,380.0
Q07837,M381A,0.5717,pathogenic,SLC3A1,381.0
Q07837,M381C,0.8974,pathogenic,SLC3A1,381.0
Q07837,M381D,0.9871,pathogenic,SLC3A1,381.0
Q07837,M381E,0.9018,pathogenic,SLC3A1,381.0
Q07837,M381F,0.4192,ambiguous,SLC3A1,381.0
Q07837,M381G,0.8737,pathogenic,SLC3A1,381.0
Q07837,M381H,0.9061,pathogenic,SLC3A1,381.0
Q07837,M381I,0.3486,ambiguous,SLC3A1,381.0
Q07837,M381K,0.7705,pathogenic,SLC3A1,381.0
Q07837,M381L,0.0978,benign,SLC3A1,381.0
Q07837,M381N,0.9149,pathogenic,SLC3A1,381.0
Q07837,M381P,0.9627,pathogenic,SLC3A1,381.0
Q07837,M381Q,0.7234,pathogenic,SLC3A1,381.0
Q07837,M381R,0.741,pathogenic,SLC3A1,381.0
Q07837,M381S,0.6961,pathogenic,SLC3A1,381.0
Q07837,M381T,0.3532,ambiguous,SLC3A1,381.0
Q07837,M381V,0.1357,benign,SLC3A1,381.0
Q07837,M381W,0.8039,pathogenic,SLC3A1,381.0
Q07837,M381Y,0.8855,pathogenic,SLC3A1,381.0
Q07837,G382A,0.1055,benign,SLC3A1,382.0
Q07837,G382C,0.3756,ambiguous,SLC3A1,382.0
Q07837,G382D,0.8704,pathogenic,SLC3A1,382.0
Q07837,G382E,0.7869,pathogenic,SLC3A1,382.0
Q07837,G382F,0.8884,pathogenic,SLC3A1,382.0
Q07837,G382H,0.9222,pathogenic,SLC3A1,382.0
Q07837,G382I,0.4909,ambiguous,SLC3A1,382.0
Q07837,G382K,0.9352,pathogenic,SLC3A1,382.0
Q07837,G382L,0.6715,pathogenic,SLC3A1,382.0
Q07837,G382M,0.6867,pathogenic,SLC3A1,382.0
Q07837,G382N,0.8026,pathogenic,SLC3A1,382.0
Q07837,G382P,0.9787,pathogenic,SLC3A1,382.0
Q07837,G382Q,0.8535,pathogenic,SLC3A1,382.0
Q07837,G382R,0.8675,pathogenic,SLC3A1,382.0
Q07837,G382S,0.1763,benign,SLC3A1,382.0
Q07837,G382T,0.3485,ambiguous,SLC3A1,382.0
Q07837,G382V,0.2988,benign,SLC3A1,382.0
Q07837,G382W,0.8677,pathogenic,SLC3A1,382.0
Q07837,G382Y,0.8627,pathogenic,SLC3A1,382.0
Q07837,T383A,0.0931,benign,SLC3A1,383.0
Q07837,T383C,0.532,ambiguous,SLC3A1,383.0
Q07837,T383D,0.7338,pathogenic,SLC3A1,383.0
Q07837,T383E,0.5853,pathogenic,SLC3A1,383.0
Q07837,T383F,0.4114,ambiguous,SLC3A1,383.0
Q07837,T383G,0.3505,ambiguous,SLC3A1,383.0
Q07837,T383H,0.633,pathogenic,SLC3A1,383.0
Q07837,T383I,0.1699,benign,SLC3A1,383.0
Q07837,T383K,0.5242,ambiguous,SLC3A1,383.0
Q07837,T383L,0.116,benign,SLC3A1,383.0
Q07837,T383M,0.0811,benign,SLC3A1,383.0
Q07837,T383N,0.2882,benign,SLC3A1,383.0
Q07837,T383P,0.3428,ambiguous,SLC3A1,383.0
Q07837,T383Q,0.5082,ambiguous,SLC3A1,383.0
Q07837,T383R,0.4548,ambiguous,SLC3A1,383.0
Q07837,T383S,0.1536,benign,SLC3A1,383.0
Q07837,T383V,0.1436,benign,SLC3A1,383.0
Q07837,T383W,0.8091,pathogenic,SLC3A1,383.0
Q07837,T383Y,0.5875,pathogenic,SLC3A1,383.0
Q07837,E384A,0.1526,benign,SLC3A1,384.0
Q07837,E384C,0.8469,pathogenic,SLC3A1,384.0
Q07837,E384D,0.1933,benign,SLC3A1,384.0
Q07837,E384F,0.6938,pathogenic,SLC3A1,384.0
Q07837,E384G,0.1418,benign,SLC3A1,384.0
Q07837,E384H,0.4277,ambiguous,SLC3A1,384.0
Q07837,E384I,0.418,ambiguous,SLC3A1,384.0
Q07837,E384K,0.1163,benign,SLC3A1,384.0
Q07837,E384L,0.4361,ambiguous,SLC3A1,384.0
Q07837,E384M,0.4564,ambiguous,SLC3A1,384.0
Q07837,E384N,0.2592,benign,SLC3A1,384.0
Q07837,E384P,0.689,pathogenic,SLC3A1,384.0
Q07837,E384Q,0.1461,benign,SLC3A1,384.0
Q07837,E384R,0.1972,benign,SLC3A1,384.0
Q07837,E384S,0.1762,benign,SLC3A1,384.0
Q07837,E384T,0.2012,benign,SLC3A1,384.0
Q07837,E384V,0.2625,benign,SLC3A1,384.0
Q07837,E384W,0.8496,pathogenic,SLC3A1,384.0
Q07837,E384Y,0.5785,pathogenic,SLC3A1,384.0
Q07837,A385C,0.557,ambiguous,SLC3A1,385.0
Q07837,A385D,0.2188,benign,SLC3A1,385.0
Q07837,A385E,0.2859,benign,SLC3A1,385.0
Q07837,A385F,0.3813,ambiguous,SLC3A1,385.0
Q07837,A385G,0.1242,benign,SLC3A1,385.0
Q07837,A385H,0.5813,pathogenic,SLC3A1,385.0
Q07837,A385I,0.2274,benign,SLC3A1,385.0
Q07837,A385K,0.5812,pathogenic,SLC3A1,385.0
Q07837,A385L,0.2394,benign,SLC3A1,385.0
Q07837,A385M,0.2724,benign,SLC3A1,385.0
Q07837,A385N,0.2447,benign,SLC3A1,385.0
Q07837,A385P,0.2502,benign,SLC3A1,385.0
Q07837,A385Q,0.4835,ambiguous,SLC3A1,385.0
Q07837,A385R,0.5219,ambiguous,SLC3A1,385.0
Q07837,A385S,0.0953,benign,SLC3A1,385.0
Q07837,A385T,0.089,benign,SLC3A1,385.0
Q07837,A385V,0.1244,benign,SLC3A1,385.0
Q07837,A385W,0.7666,pathogenic,SLC3A1,385.0
Q07837,A385Y,0.5053,ambiguous,SLC3A1,385.0
Q07837,Y386A,0.1122,benign,SLC3A1,386.0
Q07837,Y386C,0.0808,benign,SLC3A1,386.0
Q07837,Y386D,0.0724,benign,SLC3A1,386.0
Q07837,Y386E,0.1668,benign,SLC3A1,386.0
Q07837,Y386F,0.0893,benign,SLC3A1,386.0
Q07837,Y386G,0.1108,benign,SLC3A1,386.0
Q07837,Y386H,0.0832,benign,SLC3A1,386.0
Q07837,Y386I,0.1635,benign,SLC3A1,386.0
Q07837,Y386K,0.1667,benign,SLC3A1,386.0
Q07837,Y386L,0.1822,benign,SLC3A1,386.0
Q07837,Y386M,0.2703,benign,SLC3A1,386.0
Q07837,Y386N,0.0598,benign,SLC3A1,386.0
Q07837,Y386P,0.2088,benign,SLC3A1,386.0
Q07837,Y386Q,0.1441,benign,SLC3A1,386.0
Q07837,Y386R,0.1161,benign,SLC3A1,386.0
Q07837,Y386S,0.0574,benign,SLC3A1,386.0
Q07837,Y386T,0.1087,benign,SLC3A1,386.0
Q07837,Y386V,0.129,benign,SLC3A1,386.0
Q07837,Y386W,0.2394,benign,SLC3A1,386.0
Q07837,A387C,0.3436,ambiguous,SLC3A1,387.0
Q07837,A387D,0.1106,benign,SLC3A1,387.0
Q07837,A387E,0.1159,benign,SLC3A1,387.0
Q07837,A387F,0.2086,benign,SLC3A1,387.0
Q07837,A387G,0.0725,benign,SLC3A1,387.0
Q07837,A387H,0.2751,benign,SLC3A1,387.0
Q07837,A387I,0.1714,benign,SLC3A1,387.0
Q07837,A387K,0.2076,benign,SLC3A1,387.0
Q07837,A387L,0.1323,benign,SLC3A1,387.0
Q07837,A387M,0.171,benign,SLC3A1,387.0
Q07837,A387N,0.1594,benign,SLC3A1,387.0
Q07837,A387P,0.1129,benign,SLC3A1,387.0
Q07837,A387Q,0.1896,benign,SLC3A1,387.0
Q07837,A387R,0.185,benign,SLC3A1,387.0
Q07837,A387S,0.0769,benign,SLC3A1,387.0
Q07837,A387T,0.0731,benign,SLC3A1,387.0
Q07837,A387V,0.0998,benign,SLC3A1,387.0
Q07837,A387W,0.3961,ambiguous,SLC3A1,387.0
Q07837,A387Y,0.2708,benign,SLC3A1,387.0
Q07837,E388A,0.1112,benign,SLC3A1,388.0
Q07837,E388C,0.6576,pathogenic,SLC3A1,388.0
Q07837,E388D,0.0751,benign,SLC3A1,388.0
Q07837,E388F,0.4978,ambiguous,SLC3A1,388.0
Q07837,E388G,0.0826,benign,SLC3A1,388.0
Q07837,E388H,0.2523,benign,SLC3A1,388.0
Q07837,E388I,0.2961,benign,SLC3A1,388.0
Q07837,E388K,0.0945,benign,SLC3A1,388.0
Q07837,E388L,0.2826,benign,SLC3A1,388.0
Q07837,E388M,0.3572,ambiguous,SLC3A1,388.0
Q07837,E388N,0.1287,benign,SLC3A1,388.0
Q07837,E388P,0.2618,benign,SLC3A1,388.0
Q07837,E388Q,0.1155,benign,SLC3A1,388.0
Q07837,E388R,0.1524,benign,SLC3A1,388.0
Q07837,E388S,0.1189,benign,SLC3A1,388.0
Q07837,E388T,0.1544,benign,SLC3A1,388.0
Q07837,E388V,0.1789,benign,SLC3A1,388.0
Q07837,E388W,0.6403,pathogenic,SLC3A1,388.0
Q07837,E388Y,0.3425,ambiguous,SLC3A1,388.0
Q07837,S389A,0.0937,benign,SLC3A1,389.0
Q07837,S389C,0.1691,benign,SLC3A1,389.0
Q07837,S389D,0.1103,benign,SLC3A1,389.0
Q07837,S389E,0.2138,benign,SLC3A1,389.0
Q07837,S389F,0.2325,benign,SLC3A1,389.0
Q07837,S389G,0.0692,benign,SLC3A1,389.0
Q07837,S389H,0.1869,benign,SLC3A1,389.0
Q07837,S389I,0.1649,benign,SLC3A1,389.0
Q07837,S389K,0.2775,benign,SLC3A1,389.0
Q07837,S389L,0.1401,benign,SLC3A1,389.0
Q07837,S389M,0.1688,benign,SLC3A1,389.0
Q07837,S389N,0.0699,benign,SLC3A1,389.0
Q07837,S389P,0.1799,benign,SLC3A1,389.0
Q07837,S389Q,0.2743,benign,SLC3A1,389.0
Q07837,S389R,0.2327,benign,SLC3A1,389.0
Q07837,S389T,0.0704,benign,SLC3A1,389.0
Q07837,S389V,0.1779,benign,SLC3A1,389.0
Q07837,S389W,0.279,benign,SLC3A1,389.0
Q07837,S389Y,0.1587,benign,SLC3A1,389.0
Q07837,I390A,0.1373,benign,SLC3A1,390.0
Q07837,I390C,0.7759,pathogenic,SLC3A1,390.0
Q07837,I390D,0.5217,ambiguous,SLC3A1,390.0
Q07837,I390E,0.3996,ambiguous,SLC3A1,390.0
Q07837,I390F,0.1399,benign,SLC3A1,390.0
Q07837,I390G,0.4362,ambiguous,SLC3A1,390.0
Q07837,I390H,0.5003,ambiguous,SLC3A1,390.0
Q07837,I390K,0.2845,benign,SLC3A1,390.0
Q07837,I390L,0.1021,benign,SLC3A1,390.0
Q07837,I390M,0.0836,benign,SLC3A1,390.0
Q07837,I390N,0.2666,benign,SLC3A1,390.0
Q07837,I390P,0.2798,benign,SLC3A1,390.0
Q07837,I390Q,0.3887,ambiguous,SLC3A1,390.0
Q07837,I390R,0.2119,benign,SLC3A1,390.0
Q07837,I390S,0.193,benign,SLC3A1,390.0
Q07837,I390T,0.0793,benign,SLC3A1,390.0
Q07837,I390V,0.0694,benign,SLC3A1,390.0
Q07837,I390W,0.5797,pathogenic,SLC3A1,390.0
Q07837,I390Y,0.4822,ambiguous,SLC3A1,390.0
Q07837,D391A,0.1187,benign,SLC3A1,391.0
Q07837,D391C,0.4743,ambiguous,SLC3A1,391.0
Q07837,D391E,0.0936,benign,SLC3A1,391.0
Q07837,D391F,0.3585,ambiguous,SLC3A1,391.0
Q07837,D391G,0.0962,benign,SLC3A1,391.0
Q07837,D391H,0.1318,benign,SLC3A1,391.0
Q07837,D391I,0.2557,benign,SLC3A1,391.0
Q07837,D391K,0.1535,benign,SLC3A1,391.0
Q07837,D391L,0.2395,benign,SLC3A1,391.0
Q07837,D391M,0.4521,ambiguous,SLC3A1,391.0
Q07837,D391N,0.0859,benign,SLC3A1,391.0
Q07837,D391P,0.3054,benign,SLC3A1,391.0
Q07837,D391Q,0.1559,benign,SLC3A1,391.0
Q07837,D391R,0.1575,benign,SLC3A1,391.0
Q07837,D391S,0.0879,benign,SLC3A1,391.0
Q07837,D391T,0.1624,benign,SLC3A1,391.0
Q07837,D391V,0.168,benign,SLC3A1,391.0
Q07837,D391W,0.6257,pathogenic,SLC3A1,391.0
Q07837,D391Y,0.1418,benign,SLC3A1,391.0
Q07837,R392A,0.1481,benign,SLC3A1,392.0
Q07837,R392C,0.2071,benign,SLC3A1,392.0
Q07837,R392D,0.2098,benign,SLC3A1,392.0
Q07837,R392E,0.1134,benign,SLC3A1,392.0
Q07837,R392F,0.3585,ambiguous,SLC3A1,392.0
Q07837,R392G,0.0841,benign,SLC3A1,392.0
Q07837,R392H,0.0946,benign,SLC3A1,392.0
Q07837,R392I,0.1594,benign,SLC3A1,392.0
Q07837,R392K,0.0718,benign,SLC3A1,392.0
Q07837,R392L,0.1656,benign,SLC3A1,392.0
Q07837,R392M,0.142,benign,SLC3A1,392.0
Q07837,R392N,0.2135,benign,SLC3A1,392.0
Q07837,R392P,0.4116,ambiguous,SLC3A1,392.0
Q07837,R392Q,0.0738,benign,SLC3A1,392.0
Q07837,R392S,0.1443,benign,SLC3A1,392.0
Q07837,R392T,0.0891,benign,SLC3A1,392.0
Q07837,R392V,0.2052,benign,SLC3A1,392.0
Q07837,R392W,0.1336,benign,SLC3A1,392.0
Q07837,R392Y,0.2401,benign,SLC3A1,392.0
Q07837,T393A,0.1123,benign,SLC3A1,393.0
Q07837,T393C,0.6693,pathogenic,SLC3A1,393.0
Q07837,T393D,0.4963,ambiguous,SLC3A1,393.0
Q07837,T393E,0.4373,ambiguous,SLC3A1,393.0
Q07837,T393F,0.4696,ambiguous,SLC3A1,393.0
Q07837,T393G,0.4027,ambiguous,SLC3A1,393.0
Q07837,T393H,0.4264,ambiguous,SLC3A1,393.0
Q07837,T393I,0.2454,benign,SLC3A1,393.0
Q07837,T393K,0.3434,ambiguous,SLC3A1,393.0
Q07837,T393L,0.1532,benign,SLC3A1,393.0
Q07837,T393M,0.1019,benign,SLC3A1,393.0
Q07837,T393N,0.1862,benign,SLC3A1,393.0
Q07837,T393P,0.2548,benign,SLC3A1,393.0
Q07837,T393Q,0.3639,ambiguous,SLC3A1,393.0
Q07837,T393R,0.2792,benign,SLC3A1,393.0
Q07837,T393S,0.1686,benign,SLC3A1,393.0
Q07837,T393V,0.2082,benign,SLC3A1,393.0
Q07837,T393W,0.7353,pathogenic,SLC3A1,393.0
Q07837,T393Y,0.5155,ambiguous,SLC3A1,393.0
Q07837,V394A,0.1653,benign,SLC3A1,394.0
Q07837,V394C,0.7678,pathogenic,SLC3A1,394.0
Q07837,V394D,0.549,ambiguous,SLC3A1,394.0
Q07837,V394E,0.3227,benign,SLC3A1,394.0
Q07837,V394F,0.2021,benign,SLC3A1,394.0
Q07837,V394G,0.2164,benign,SLC3A1,394.0
Q07837,V394H,0.603,pathogenic,SLC3A1,394.0
Q07837,V394I,0.0959,benign,SLC3A1,394.0
Q07837,V394K,0.2844,benign,SLC3A1,394.0
Q07837,V394L,0.1207,benign,SLC3A1,394.0
Q07837,V394M,0.0594,benign,SLC3A1,394.0
Q07837,V394N,0.3643,ambiguous,SLC3A1,394.0
Q07837,V394P,0.6199,pathogenic,SLC3A1,394.0
Q07837,V394Q,0.2735,benign,SLC3A1,394.0
Q07837,V394R,0.2348,benign,SLC3A1,394.0
Q07837,V394S,0.2089,benign,SLC3A1,394.0
Q07837,V394T,0.1561,benign,SLC3A1,394.0
Q07837,V394W,0.6837,pathogenic,SLC3A1,394.0
Q07837,V394Y,0.5901,pathogenic,SLC3A1,394.0
Q07837,M395A,0.2499,benign,SLC3A1,395.0
Q07837,M395C,0.7987,pathogenic,SLC3A1,395.0
Q07837,M395D,0.6756,pathogenic,SLC3A1,395.0
Q07837,M395E,0.3063,benign,SLC3A1,395.0
Q07837,M395F,0.3384,benign,SLC3A1,395.0
Q07837,M395G,0.4748,ambiguous,SLC3A1,395.0
Q07837,M395H,0.4395,ambiguous,SLC3A1,395.0
Q07837,M395I,0.305,benign,SLC3A1,395.0
Q07837,M395K,0.139,benign,SLC3A1,395.0
Q07837,M395L,0.0991,benign,SLC3A1,395.0
Q07837,M395N,0.4325,ambiguous,SLC3A1,395.0
Q07837,M395P,0.579,pathogenic,SLC3A1,395.0
Q07837,M395Q,0.1879,benign,SLC3A1,395.0
Q07837,M395R,0.1377,benign,SLC3A1,395.0
Q07837,M395S,0.3003,benign,SLC3A1,395.0
Q07837,M395T,0.154,benign,SLC3A1,395.0
Q07837,M395V,0.108,benign,SLC3A1,395.0
Q07837,M395W,0.524,ambiguous,SLC3A1,395.0
Q07837,M395Y,0.5305,ambiguous,SLC3A1,395.0
Q07837,Y396A,0.8675,pathogenic,SLC3A1,396.0
Q07837,Y396C,0.6025,pathogenic,SLC3A1,396.0
Q07837,Y396D,0.7873,pathogenic,SLC3A1,396.0
Q07837,Y396E,0.9473,pathogenic,SLC3A1,396.0
Q07837,Y396F,0.1432,benign,SLC3A1,396.0
Q07837,Y396G,0.7998,pathogenic,SLC3A1,396.0
Q07837,Y396H,0.601,pathogenic,SLC3A1,396.0
Q07837,Y396I,0.834,pathogenic,SLC3A1,396.0
Q07837,Y396K,0.9605,pathogenic,SLC3A1,396.0
Q07837,Y396L,0.6688,pathogenic,SLC3A1,396.0
Q07837,Y396M,0.8603,pathogenic,SLC3A1,396.0
Q07837,Y396N,0.5689,pathogenic,SLC3A1,396.0
Q07837,Y396P,0.9364,pathogenic,SLC3A1,396.0
Q07837,Y396Q,0.9121,pathogenic,SLC3A1,396.0
Q07837,Y396R,0.9053,pathogenic,SLC3A1,396.0
Q07837,Y396S,0.6493,pathogenic,SLC3A1,396.0
Q07837,Y396T,0.8514,pathogenic,SLC3A1,396.0
Q07837,Y396V,0.7649,pathogenic,SLC3A1,396.0
Q07837,Y396W,0.5687,pathogenic,SLC3A1,396.0
Q07837,Y397A,0.8597,pathogenic,SLC3A1,397.0
Q07837,Y397C,0.414,ambiguous,SLC3A1,397.0
Q07837,Y397D,0.7641,pathogenic,SLC3A1,397.0
Q07837,Y397E,0.9333,pathogenic,SLC3A1,397.0
Q07837,Y397F,0.1874,benign,SLC3A1,397.0
Q07837,Y397G,0.7131,pathogenic,SLC3A1,397.0
Q07837,Y397H,0.4716,ambiguous,SLC3A1,397.0
Q07837,Y397I,0.8984,pathogenic,SLC3A1,397.0
Q07837,Y397K,0.936,pathogenic,SLC3A1,397.0
Q07837,Y397L,0.7495,pathogenic,SLC3A1,397.0
Q07837,Y397M,0.8872,pathogenic,SLC3A1,397.0
Q07837,Y397N,0.5255,ambiguous,SLC3A1,397.0
Q07837,Y397P,0.9682,pathogenic,SLC3A1,397.0
Q07837,Y397Q,0.8562,pathogenic,SLC3A1,397.0
Q07837,Y397R,0.7763,pathogenic,SLC3A1,397.0
Q07837,Y397S,0.471,ambiguous,SLC3A1,397.0
Q07837,Y397T,0.7962,pathogenic,SLC3A1,397.0
Q07837,Y397V,0.8037,pathogenic,SLC3A1,397.0
Q07837,Y397W,0.5848,pathogenic,SLC3A1,397.0
Q07837,G398A,0.4255,ambiguous,SLC3A1,398.0
Q07837,G398C,0.731,pathogenic,SLC3A1,398.0
Q07837,G398D,0.6939,pathogenic,SLC3A1,398.0
Q07837,G398E,0.7341,pathogenic,SLC3A1,398.0
Q07837,G398F,0.9699,pathogenic,SLC3A1,398.0
Q07837,G398H,0.8524,pathogenic,SLC3A1,398.0
Q07837,G398I,0.9117,pathogenic,SLC3A1,398.0
Q07837,G398K,0.8721,pathogenic,SLC3A1,398.0
Q07837,G398L,0.9344,pathogenic,SLC3A1,398.0
Q07837,G398M,0.9527,pathogenic,SLC3A1,398.0
Q07837,G398N,0.741,pathogenic,SLC3A1,398.0
Q07837,G398P,0.9726,pathogenic,SLC3A1,398.0
Q07837,G398Q,0.7674,pathogenic,SLC3A1,398.0
Q07837,G398R,0.6822,pathogenic,SLC3A1,398.0
Q07837,G398S,0.1653,benign,SLC3A1,398.0
Q07837,G398T,0.6306,pathogenic,SLC3A1,398.0
Q07837,G398V,0.8282,pathogenic,SLC3A1,398.0
Q07837,G398W,0.9182,pathogenic,SLC3A1,398.0
Q07837,G398Y,0.9266,pathogenic,SLC3A1,398.0
Q07837,L399A,0.1887,benign,SLC3A1,399.0
Q07837,L399C,0.5073,ambiguous,SLC3A1,399.0
Q07837,L399D,0.3972,ambiguous,SLC3A1,399.0
Q07837,L399E,0.1617,benign,SLC3A1,399.0
Q07837,L399F,0.1031,benign,SLC3A1,399.0
Q07837,L399G,0.3285,benign,SLC3A1,399.0
Q07837,L399H,0.1254,benign,SLC3A1,399.0
Q07837,L399I,0.1151,benign,SLC3A1,399.0
Q07837,L399K,0.1142,benign,SLC3A1,399.0
Q07837,L399M,0.0922,benign,SLC3A1,399.0
Q07837,L399N,0.211,benign,SLC3A1,399.0
Q07837,L399P,0.2784,benign,SLC3A1,399.0
Q07837,L399Q,0.0813,benign,SLC3A1,399.0
Q07837,L399R,0.1004,benign,SLC3A1,399.0
Q07837,L399S,0.1248,benign,SLC3A1,399.0
Q07837,L399T,0.1296,benign,SLC3A1,399.0
Q07837,L399V,0.1028,benign,SLC3A1,399.0
Q07837,L399W,0.1728,benign,SLC3A1,399.0
Q07837,L399Y,0.2338,benign,SLC3A1,399.0
Q07837,P400A,0.1215,benign,SLC3A1,400.0
Q07837,P400C,0.6383,pathogenic,SLC3A1,400.0
Q07837,P400D,0.2736,benign,SLC3A1,400.0
Q07837,P400E,0.257,benign,SLC3A1,400.0
Q07837,P400F,0.5554,ambiguous,SLC3A1,400.0
Q07837,P400G,0.2708,benign,SLC3A1,400.0
Q07837,P400H,0.1658,benign,SLC3A1,400.0
Q07837,P400I,0.5149,ambiguous,SLC3A1,400.0
Q07837,P400K,0.287,benign,SLC3A1,400.0
Q07837,P400L,0.1952,benign,SLC3A1,400.0
Q07837,P400M,0.4774,ambiguous,SLC3A1,400.0
Q07837,P400N,0.2497,benign,SLC3A1,400.0
Q07837,P400Q,0.1744,benign,SLC3A1,400.0
Q07837,P400R,0.1633,benign,SLC3A1,400.0
Q07837,P400S,0.1081,benign,SLC3A1,400.0
Q07837,P400T,0.1342,benign,SLC3A1,400.0
Q07837,P400V,0.3664,ambiguous,SLC3A1,400.0
Q07837,P400W,0.5635,ambiguous,SLC3A1,400.0
Q07837,P400Y,0.4101,ambiguous,SLC3A1,400.0
Q07837,F401A,0.508,ambiguous,SLC3A1,401.0
Q07837,F401C,0.6174,pathogenic,SLC3A1,401.0
Q07837,F401D,0.6284,pathogenic,SLC3A1,401.0
Q07837,F401E,0.7222,pathogenic,SLC3A1,401.0
Q07837,F401G,0.6198,pathogenic,SLC3A1,401.0
Q07837,F401H,0.553,ambiguous,SLC3A1,401.0
Q07837,F401I,0.2886,benign,SLC3A1,401.0
Q07837,F401K,0.8356,pathogenic,SLC3A1,401.0
Q07837,F401L,0.7808,pathogenic,SLC3A1,401.0
Q07837,F401M,0.5496,ambiguous,SLC3A1,401.0
Q07837,F401N,0.5389,ambiguous,SLC3A1,401.0
Q07837,F401P,0.8898,pathogenic,SLC3A1,401.0
Q07837,F401Q,0.7332,pathogenic,SLC3A1,401.0
Q07837,F401R,0.7195,pathogenic,SLC3A1,401.0
Q07837,F401S,0.3318,benign,SLC3A1,401.0
Q07837,F401T,0.537,ambiguous,SLC3A1,401.0
Q07837,F401V,0.2717,benign,SLC3A1,401.0
Q07837,F401W,0.5135,ambiguous,SLC3A1,401.0
Q07837,F401Y,0.1842,benign,SLC3A1,401.0
Q07837,I402A,0.2798,benign,SLC3A1,402.0
Q07837,I402C,0.6399,pathogenic,SLC3A1,402.0
Q07837,I402D,0.4957,ambiguous,SLC3A1,402.0
Q07837,I402E,0.3623,ambiguous,SLC3A1,402.0
Q07837,I402F,0.1108,benign,SLC3A1,402.0
Q07837,I402G,0.4855,ambiguous,SLC3A1,402.0
Q07837,I402H,0.2998,benign,SLC3A1,402.0
Q07837,I402K,0.2585,benign,SLC3A1,402.0
Q07837,I402L,0.09,benign,SLC3A1,402.0
Q07837,I402M,0.1082,benign,SLC3A1,402.0
Q07837,I402N,0.1916,benign,SLC3A1,402.0
Q07837,I402P,0.6775,pathogenic,SLC3A1,402.0
Q07837,I402Q,0.2544,benign,SLC3A1,402.0
Q07837,I402R,0.1725,benign,SLC3A1,402.0
Q07837,I402S,0.1826,benign,SLC3A1,402.0
Q07837,I402T,0.1636,benign,SLC3A1,402.0
Q07837,I402V,0.071,benign,SLC3A1,402.0
Q07837,I402W,0.5931,pathogenic,SLC3A1,402.0
Q07837,I402Y,0.377,ambiguous,SLC3A1,402.0
Q07837,Q403A,0.2325,benign,SLC3A1,403.0
Q07837,Q403C,0.7443,pathogenic,SLC3A1,403.0
Q07837,Q403D,0.3336,benign,SLC3A1,403.0
Q07837,Q403E,0.0723,benign,SLC3A1,403.0
Q07837,Q403F,0.7494,pathogenic,SLC3A1,403.0
Q07837,Q403G,0.252,benign,SLC3A1,403.0
Q07837,Q403H,0.2046,benign,SLC3A1,403.0
Q07837,Q403I,0.4932,ambiguous,SLC3A1,403.0
Q07837,Q403K,0.0714,benign,SLC3A1,403.0
Q07837,Q403L,0.1787,benign,SLC3A1,403.0
Q07837,Q403M,0.4685,ambiguous,SLC3A1,403.0
Q07837,Q403N,0.3162,benign,SLC3A1,403.0
Q07837,Q403P,0.0984,benign,SLC3A1,403.0
Q07837,Q403R,0.0739,benign,SLC3A1,403.0
Q07837,Q403S,0.2476,benign,SLC3A1,403.0
Q07837,Q403T,0.2189,benign,SLC3A1,403.0
Q07837,Q403V,0.3398,benign,SLC3A1,403.0
Q07837,Q403W,0.4338,ambiguous,SLC3A1,403.0
Q07837,Q403Y,0.4794,ambiguous,SLC3A1,403.0
Q07837,E404A,0.6376,pathogenic,SLC3A1,404.0
Q07837,E404C,0.9863,pathogenic,SLC3A1,404.0
Q07837,E404D,0.8412,pathogenic,SLC3A1,404.0
Q07837,E404F,0.9886,pathogenic,SLC3A1,404.0
Q07837,E404G,0.497,ambiguous,SLC3A1,404.0
Q07837,E404H,0.9692,pathogenic,SLC3A1,404.0
Q07837,E404I,0.9044,pathogenic,SLC3A1,404.0
Q07837,E404K,0.787,pathogenic,SLC3A1,404.0
Q07837,E404L,0.9289,pathogenic,SLC3A1,404.0
Q07837,E404M,0.907,pathogenic,SLC3A1,404.0
Q07837,E404N,0.9279,pathogenic,SLC3A1,404.0
Q07837,E404P,0.9771,pathogenic,SLC3A1,404.0
Q07837,E404Q,0.6272,pathogenic,SLC3A1,404.0
Q07837,E404R,0.89,pathogenic,SLC3A1,404.0
Q07837,E404S,0.8293,pathogenic,SLC3A1,404.0
Q07837,E404T,0.858,pathogenic,SLC3A1,404.0
Q07837,E404V,0.7648,pathogenic,SLC3A1,404.0
Q07837,E404W,0.9962,pathogenic,SLC3A1,404.0
Q07837,E404Y,0.9758,pathogenic,SLC3A1,404.0
Q07837,A405C,0.7622,pathogenic,SLC3A1,405.0
Q07837,A405D,0.8744,pathogenic,SLC3A1,405.0
Q07837,A405E,0.8376,pathogenic,SLC3A1,405.0
Q07837,A405F,0.8243,pathogenic,SLC3A1,405.0
Q07837,A405G,0.2218,benign,SLC3A1,405.0
Q07837,A405H,0.9493,pathogenic,SLC3A1,405.0
Q07837,A405I,0.5429,ambiguous,SLC3A1,405.0
Q07837,A405K,0.9587,pathogenic,SLC3A1,405.0
Q07837,A405L,0.57,pathogenic,SLC3A1,405.0
Q07837,A405M,0.4558,ambiguous,SLC3A1,405.0
Q07837,A405N,0.7626,pathogenic,SLC3A1,405.0
Q07837,A405P,0.9229,pathogenic,SLC3A1,405.0
Q07837,A405Q,0.8763,pathogenic,SLC3A1,405.0
Q07837,A405R,0.9353,pathogenic,SLC3A1,405.0
Q07837,A405S,0.1253,benign,SLC3A1,405.0
Q07837,A405T,0.1443,benign,SLC3A1,405.0
Q07837,A405V,0.241,benign,SLC3A1,405.0
Q07837,A405W,0.9723,pathogenic,SLC3A1,405.0
Q07837,A405Y,0.9321,pathogenic,SLC3A1,405.0
Q07837,D406A,0.6555,pathogenic,SLC3A1,406.0
Q07837,D406C,0.9723,pathogenic,SLC3A1,406.0
Q07837,D406E,0.7524,pathogenic,SLC3A1,406.0
Q07837,D406F,0.9827,pathogenic,SLC3A1,406.0
Q07837,D406G,0.7647,pathogenic,SLC3A1,406.0
Q07837,D406H,0.6882,pathogenic,SLC3A1,406.0
Q07837,D406I,0.937,pathogenic,SLC3A1,406.0
Q07837,D406K,0.9503,pathogenic,SLC3A1,406.0
Q07837,D406L,0.9497,pathogenic,SLC3A1,406.0
Q07837,D406M,0.9775,pathogenic,SLC3A1,406.0
Q07837,D406N,0.2082,benign,SLC3A1,406.0
Q07837,D406P,0.9675,pathogenic,SLC3A1,406.0
Q07837,D406Q,0.8644,pathogenic,SLC3A1,406.0
Q07837,D406R,0.9462,pathogenic,SLC3A1,406.0
Q07837,D406S,0.3501,ambiguous,SLC3A1,406.0
Q07837,D406T,0.7354,pathogenic,SLC3A1,406.0
Q07837,D406V,0.8274,pathogenic,SLC3A1,406.0
Q07837,D406W,0.9975,pathogenic,SLC3A1,406.0
Q07837,D406Y,0.8749,pathogenic,SLC3A1,406.0
Q07837,F407A,0.9258,pathogenic,SLC3A1,407.0
Q07837,F407C,0.8387,pathogenic,SLC3A1,407.0
Q07837,F407D,0.9931,pathogenic,SLC3A1,407.0
Q07837,F407E,0.9931,pathogenic,SLC3A1,407.0
Q07837,F407G,0.9758,pathogenic,SLC3A1,407.0
Q07837,F407H,0.9428,pathogenic,SLC3A1,407.0
Q07837,F407I,0.3799,ambiguous,SLC3A1,407.0
Q07837,F407K,0.9913,pathogenic,SLC3A1,407.0
Q07837,F407L,0.9078,pathogenic,SLC3A1,407.0
Q07837,F407M,0.7124,pathogenic,SLC3A1,407.0
Q07837,F407N,0.9627,pathogenic,SLC3A1,407.0
Q07837,F407P,0.9987,pathogenic,SLC3A1,407.0
Q07837,F407Q,0.9788,pathogenic,SLC3A1,407.0
Q07837,F407R,0.9806,pathogenic,SLC3A1,407.0
Q07837,F407S,0.8695,pathogenic,SLC3A1,407.0
Q07837,F407T,0.917,pathogenic,SLC3A1,407.0
Q07837,F407V,0.4675,ambiguous,SLC3A1,407.0
Q07837,F407W,0.888,pathogenic,SLC3A1,407.0
Q07837,F407Y,0.4791,ambiguous,SLC3A1,407.0
Q07837,P408A,0.2764,benign,SLC3A1,408.0
Q07837,P408C,0.8069,pathogenic,SLC3A1,408.0
Q07837,P408D,0.9821,pathogenic,SLC3A1,408.0
Q07837,P408E,0.9592,pathogenic,SLC3A1,408.0
Q07837,P408F,0.9427,pathogenic,SLC3A1,408.0
Q07837,P408G,0.8509,pathogenic,SLC3A1,408.0
Q07837,P408H,0.8225,pathogenic,SLC3A1,408.0
Q07837,P408I,0.7247,pathogenic,SLC3A1,408.0
Q07837,P408K,0.969,pathogenic,SLC3A1,408.0
Q07837,P408L,0.3985,ambiguous,SLC3A1,408.0
Q07837,P408M,0.8319,pathogenic,SLC3A1,408.0
Q07837,P408N,0.9229,pathogenic,SLC3A1,408.0
Q07837,P408Q,0.8297,pathogenic,SLC3A1,408.0
Q07837,P408R,0.8715,pathogenic,SLC3A1,408.0
Q07837,P408S,0.4225,ambiguous,SLC3A1,408.0
Q07837,P408T,0.359,ambiguous,SLC3A1,408.0
Q07837,P408V,0.5703,pathogenic,SLC3A1,408.0
Q07837,P408W,0.9809,pathogenic,SLC3A1,408.0
Q07837,P408Y,0.9569,pathogenic,SLC3A1,408.0
Q07837,F409A,0.6089,pathogenic,SLC3A1,409.0
Q07837,F409C,0.4116,ambiguous,SLC3A1,409.0
Q07837,F409D,0.8858,pathogenic,SLC3A1,409.0
Q07837,F409E,0.8787,pathogenic,SLC3A1,409.0
Q07837,F409G,0.7978,pathogenic,SLC3A1,409.0
Q07837,F409H,0.7124,pathogenic,SLC3A1,409.0
Q07837,F409I,0.2076,benign,SLC3A1,409.0
Q07837,F409K,0.8617,pathogenic,SLC3A1,409.0
Q07837,F409L,0.6861,pathogenic,SLC3A1,409.0
Q07837,F409M,0.4656,ambiguous,SLC3A1,409.0
Q07837,F409N,0.7284,pathogenic,SLC3A1,409.0
Q07837,F409P,0.9663,pathogenic,SLC3A1,409.0
Q07837,F409Q,0.7871,pathogenic,SLC3A1,409.0
Q07837,F409R,0.7433,pathogenic,SLC3A1,409.0
Q07837,F409S,0.5139,ambiguous,SLC3A1,409.0
Q07837,F409T,0.6102,pathogenic,SLC3A1,409.0
Q07837,F409V,0.2212,benign,SLC3A1,409.0
Q07837,F409W,0.5213,ambiguous,SLC3A1,409.0
Q07837,F409Y,0.2223,benign,SLC3A1,409.0
Q07837,N410A,0.8176,pathogenic,SLC3A1,410.0
Q07837,N410C,0.6103,pathogenic,SLC3A1,410.0
Q07837,N410D,0.7686,pathogenic,SLC3A1,410.0
Q07837,N410E,0.9505,pathogenic,SLC3A1,410.0
Q07837,N410F,0.9474,pathogenic,SLC3A1,410.0
Q07837,N410G,0.8019,pathogenic,SLC3A1,410.0
Q07837,N410H,0.481,ambiguous,SLC3A1,410.0
Q07837,N410I,0.7165,pathogenic,SLC3A1,410.0
Q07837,N410K,0.9395,pathogenic,SLC3A1,410.0
Q07837,N410L,0.7183,pathogenic,SLC3A1,410.0
Q07837,N410M,0.8471,pathogenic,SLC3A1,410.0
Q07837,N410P,0.8642,pathogenic,SLC3A1,410.0
Q07837,N410Q,0.8591,pathogenic,SLC3A1,410.0
Q07837,N410R,0.8902,pathogenic,SLC3A1,410.0
Q07837,N410S,0.1966,benign,SLC3A1,410.0
Q07837,N410T,0.614,pathogenic,SLC3A1,410.0
Q07837,N410V,0.7384,pathogenic,SLC3A1,410.0
Q07837,N410W,0.9754,pathogenic,SLC3A1,410.0
Q07837,N410Y,0.6973,pathogenic,SLC3A1,410.0
Q07837,N411A,0.136,benign,SLC3A1,411.0
Q07837,N411C,0.1715,benign,SLC3A1,411.0
Q07837,N411D,0.0727,benign,SLC3A1,411.0
Q07837,N411E,0.1849,benign,SLC3A1,411.0
Q07837,N411F,0.2853,benign,SLC3A1,411.0
Q07837,N411G,0.142,benign,SLC3A1,411.0
Q07837,N411H,0.0673,benign,SLC3A1,411.0
Q07837,N411I,0.1554,benign,SLC3A1,411.0
Q07837,N411K,0.1415,benign,SLC3A1,411.0
Q07837,N411L,0.1735,benign,SLC3A1,411.0
Q07837,N411M,0.2626,benign,SLC3A1,411.0
Q07837,N411P,0.3006,benign,SLC3A1,411.0
Q07837,N411Q,0.1717,benign,SLC3A1,411.0
Q07837,N411R,0.1279,benign,SLC3A1,411.0
Q07837,N411S,0.0639,benign,SLC3A1,411.0
Q07837,N411T,0.1015,benign,SLC3A1,411.0
Q07837,N411V,0.1705,benign,SLC3A1,411.0
Q07837,N411W,0.419,ambiguous,SLC3A1,411.0
Q07837,N411Y,0.0783,benign,SLC3A1,411.0
Q07837,Y412A,0.3023,benign,SLC3A1,412.0
Q07837,Y412C,0.1604,benign,SLC3A1,412.0
Q07837,Y412D,0.1466,benign,SLC3A1,412.0
Q07837,Y412E,0.3962,ambiguous,SLC3A1,412.0
Q07837,Y412F,0.0926,benign,SLC3A1,412.0
Q07837,Y412G,0.3091,benign,SLC3A1,412.0
Q07837,Y412H,0.1215,benign,SLC3A1,412.0
Q07837,Y412I,0.3072,benign,SLC3A1,412.0
Q07837,Y412K,0.3492,ambiguous,SLC3A1,412.0
Q07837,Y412L,0.3401,ambiguous,SLC3A1,412.0
Q07837,Y412M,0.4669,ambiguous,SLC3A1,412.0
Q07837,Y412N,0.1184,benign,SLC3A1,412.0
Q07837,Y412P,0.705,pathogenic,SLC3A1,412.0
Q07837,Y412Q,0.2879,benign,SLC3A1,412.0
Q07837,Y412R,0.2416,benign,SLC3A1,412.0
Q07837,Y412S,0.1201,benign,SLC3A1,412.0
Q07837,Y412T,0.2571,benign,SLC3A1,412.0
Q07837,Y412V,0.2526,benign,SLC3A1,412.0
Q07837,Y412W,0.4034,ambiguous,SLC3A1,412.0
Q07837,L413A,0.7613,pathogenic,SLC3A1,413.0
Q07837,L413C,0.8363,pathogenic,SLC3A1,413.0
Q07837,L413D,0.9717,pathogenic,SLC3A1,413.0
Q07837,L413E,0.916,pathogenic,SLC3A1,413.0
Q07837,L413F,0.1112,benign,SLC3A1,413.0
Q07837,L413G,0.9055,pathogenic,SLC3A1,413.0
Q07837,L413H,0.7517,pathogenic,SLC3A1,413.0
Q07837,L413I,0.1236,benign,SLC3A1,413.0
Q07837,L413K,0.8797,pathogenic,SLC3A1,413.0
Q07837,L413M,0.2026,benign,SLC3A1,413.0
Q07837,L413N,0.9024,pathogenic,SLC3A1,413.0
Q07837,L413P,0.7186,pathogenic,SLC3A1,413.0
Q07837,L413Q,0.7524,pathogenic,SLC3A1,413.0
Q07837,L413R,0.7809,pathogenic,SLC3A1,413.0
Q07837,L413S,0.8482,pathogenic,SLC3A1,413.0
Q07837,L413T,0.7377,pathogenic,SLC3A1,413.0
Q07837,L413V,0.1993,benign,SLC3A1,413.0
Q07837,L413W,0.4572,ambiguous,SLC3A1,413.0
Q07837,L413Y,0.6313,pathogenic,SLC3A1,413.0
Q07837,S414A,0.0702,benign,SLC3A1,414.0
Q07837,S414C,0.1174,benign,SLC3A1,414.0
Q07837,S414D,0.2761,benign,SLC3A1,414.0
Q07837,S414E,0.3348,benign,SLC3A1,414.0
Q07837,S414F,0.1694,benign,SLC3A1,414.0
Q07837,S414G,0.0775,benign,SLC3A1,414.0
Q07837,S414H,0.2284,benign,SLC3A1,414.0
Q07837,S414I,0.1568,benign,SLC3A1,414.0
Q07837,S414K,0.3865,ambiguous,SLC3A1,414.0
Q07837,S414L,0.0973,benign,SLC3A1,414.0
Q07837,S414M,0.1477,benign,SLC3A1,414.0
Q07837,S414N,0.1119,benign,SLC3A1,414.0
Q07837,S414P,0.1578,benign,SLC3A1,414.0
Q07837,S414Q,0.3372,benign,SLC3A1,414.0
Q07837,S414R,0.2979,benign,SLC3A1,414.0
Q07837,S414T,0.0652,benign,SLC3A1,414.0
Q07837,S414V,0.1601,benign,SLC3A1,414.0
Q07837,S414W,0.2321,benign,SLC3A1,414.0
Q07837,S414Y,0.1256,benign,SLC3A1,414.0
Q07837,M415A,0.105,benign,SLC3A1,415.0
Q07837,M415C,0.44,ambiguous,SLC3A1,415.0
Q07837,M415D,0.2154,benign,SLC3A1,415.0
Q07837,M415E,0.1045,benign,SLC3A1,415.0
Q07837,M415F,0.1649,benign,SLC3A1,415.0
Q07837,M415G,0.1741,benign,SLC3A1,415.0
Q07837,M415H,0.1537,benign,SLC3A1,415.0
Q07837,M415I,0.1303,benign,SLC3A1,415.0
Q07837,M415K,0.0524,benign,SLC3A1,415.0
Q07837,M415L,0.0758,benign,SLC3A1,415.0
Q07837,M415N,0.1266,benign,SLC3A1,415.0
Q07837,M415P,0.3598,ambiguous,SLC3A1,415.0
Q07837,M415Q,0.0834,benign,SLC3A1,415.0
Q07837,M415R,0.053,benign,SLC3A1,415.0
Q07837,M415S,0.1067,benign,SLC3A1,415.0
Q07837,M415T,0.0612,benign,SLC3A1,415.0
Q07837,M415V,0.0661,benign,SLC3A1,415.0
Q07837,M415W,0.2917,benign,SLC3A1,415.0
Q07837,M415Y,0.2252,benign,SLC3A1,415.0
Q07837,L416A,0.2436,benign,SLC3A1,416.0
Q07837,L416C,0.6471,pathogenic,SLC3A1,416.0
Q07837,L416D,0.6442,pathogenic,SLC3A1,416.0
Q07837,L416E,0.3196,benign,SLC3A1,416.0
Q07837,L416F,0.1539,benign,SLC3A1,416.0
Q07837,L416G,0.4654,ambiguous,SLC3A1,416.0
Q07837,L416H,0.2874,benign,SLC3A1,416.0
Q07837,L416I,0.1161,benign,SLC3A1,416.0
Q07837,L416K,0.2437,benign,SLC3A1,416.0
Q07837,L416M,0.1122,benign,SLC3A1,416.0
Q07837,L416N,0.3948,ambiguous,SLC3A1,416.0
Q07837,L416P,0.2799,benign,SLC3A1,416.0
Q07837,L416Q,0.1723,benign,SLC3A1,416.0
Q07837,L416R,0.1929,benign,SLC3A1,416.0
Q07837,L416S,0.2767,benign,SLC3A1,416.0
Q07837,L416T,0.1949,benign,SLC3A1,416.0
Q07837,L416V,0.1351,benign,SLC3A1,416.0
Q07837,L416W,0.2541,benign,SLC3A1,416.0
Q07837,L416Y,0.4008,ambiguous,SLC3A1,416.0
Q07837,D417A,0.1108,benign,SLC3A1,417.0
Q07837,D417C,0.3785,ambiguous,SLC3A1,417.0
Q07837,D417E,0.1099,benign,SLC3A1,417.0
Q07837,D417F,0.3339,benign,SLC3A1,417.0
Q07837,D417G,0.0804,benign,SLC3A1,417.0
Q07837,D417H,0.1034,benign,SLC3A1,417.0
Q07837,D417I,0.2342,benign,SLC3A1,417.0
Q07837,D417K,0.1338,benign,SLC3A1,417.0
Q07837,D417L,0.2119,benign,SLC3A1,417.0
Q07837,D417M,0.4086,ambiguous,SLC3A1,417.0
Q07837,D417N,0.0687,benign,SLC3A1,417.0
Q07837,D417P,0.2365,benign,SLC3A1,417.0
Q07837,D417Q,0.1405,benign,SLC3A1,417.0
Q07837,D417R,0.1345,benign,SLC3A1,417.0
Q07837,D417S,0.0799,benign,SLC3A1,417.0
Q07837,D417T,0.1401,benign,SLC3A1,417.0
Q07837,D417V,0.1494,benign,SLC3A1,417.0
Q07837,D417W,0.5997,pathogenic,SLC3A1,417.0
Q07837,D417Y,0.115,benign,SLC3A1,417.0
Q07837,T418A,0.0688,benign,SLC3A1,418.0
Q07837,T418C,0.3615,ambiguous,SLC3A1,418.0
Q07837,T418D,0.1406,benign,SLC3A1,418.0
Q07837,T418E,0.1279,benign,SLC3A1,418.0
Q07837,T418F,0.149,benign,SLC3A1,418.0
Q07837,T418G,0.1566,benign,SLC3A1,418.0
Q07837,T418H,0.1305,benign,SLC3A1,418.0
Q07837,T418I,0.1125,benign,SLC3A1,418.0
Q07837,T418K,0.095,benign,SLC3A1,418.0
Q07837,T418L,0.0935,benign,SLC3A1,418.0
Q07837,T418M,0.0853,benign,SLC3A1,418.0
Q07837,T418N,0.0766,benign,SLC3A1,418.0
Q07837,T418P,0.1112,benign,SLC3A1,418.0
Q07837,T418Q,0.1402,benign,SLC3A1,418.0
Q07837,T418R,0.0809,benign,SLC3A1,418.0
Q07837,T418S,0.0839,benign,SLC3A1,418.0
Q07837,T418V,0.1034,benign,SLC3A1,418.0
Q07837,T418W,0.3471,ambiguous,SLC3A1,418.0
Q07837,T418Y,0.156,benign,SLC3A1,418.0
Q07837,V419A,0.0898,benign,SLC3A1,419.0
Q07837,V419C,0.5739,pathogenic,SLC3A1,419.0
Q07837,V419D,0.2197,benign,SLC3A1,419.0
Q07837,V419E,0.1866,benign,SLC3A1,419.0
Q07837,V419F,0.0946,benign,SLC3A1,419.0
Q07837,V419G,0.1351,benign,SLC3A1,419.0
Q07837,V419H,0.3059,benign,SLC3A1,419.0
Q07837,V419I,0.0689,benign,SLC3A1,419.0
Q07837,V419K,0.1979,benign,SLC3A1,419.0
Q07837,V419L,0.0763,benign,SLC3A1,419.0
Q07837,V419M,0.1004,benign,SLC3A1,419.0
Q07837,V419N,0.1755,benign,SLC3A1,419.0
Q07837,V419P,0.0898,benign,SLC3A1,419.0
Q07837,V419Q,0.1986,benign,SLC3A1,419.0
Q07837,V419R,0.1726,benign,SLC3A1,419.0
Q07837,V419S,0.1185,benign,SLC3A1,419.0
Q07837,V419T,0.1146,benign,SLC3A1,419.0
Q07837,V419W,0.4376,ambiguous,SLC3A1,419.0
Q07837,V419Y,0.3033,benign,SLC3A1,419.0
Q07837,S420A,0.1184,benign,SLC3A1,420.0
Q07837,S420C,0.2346,benign,SLC3A1,420.0
Q07837,S420D,0.307,benign,SLC3A1,420.0
Q07837,S420E,0.5538,ambiguous,SLC3A1,420.0
Q07837,S420F,0.2842,benign,SLC3A1,420.0
Q07837,S420G,0.1327,benign,SLC3A1,420.0
Q07837,S420H,0.4212,ambiguous,SLC3A1,420.0
Q07837,S420I,0.3674,ambiguous,SLC3A1,420.0
Q07837,S420K,0.6795,pathogenic,SLC3A1,420.0
Q07837,S420L,0.1338,benign,SLC3A1,420.0
Q07837,S420M,0.31,benign,SLC3A1,420.0
Q07837,S420N,0.1765,benign,SLC3A1,420.0
Q07837,S420P,0.3009,benign,SLC3A1,420.0
Q07837,S420Q,0.5964,pathogenic,SLC3A1,420.0
Q07837,S420R,0.571,pathogenic,SLC3A1,420.0
Q07837,S420T,0.0873,benign,SLC3A1,420.0
Q07837,S420V,0.3423,ambiguous,SLC3A1,420.0
Q07837,S420W,0.3865,ambiguous,SLC3A1,420.0
Q07837,S420Y,0.2383,benign,SLC3A1,420.0
Q07837,G421A,0.2244,benign,SLC3A1,421.0
Q07837,G421C,0.6892,pathogenic,SLC3A1,421.0
Q07837,G421D,0.8306,pathogenic,SLC3A1,421.0
Q07837,G421E,0.7715,pathogenic,SLC3A1,421.0
Q07837,G421F,0.9596,pathogenic,SLC3A1,421.0
Q07837,G421H,0.9448,pathogenic,SLC3A1,421.0
Q07837,G421I,0.7905,pathogenic,SLC3A1,421.0
Q07837,G421K,0.9169,pathogenic,SLC3A1,421.0
Q07837,G421L,0.8925,pathogenic,SLC3A1,421.0
Q07837,G421M,0.9164,pathogenic,SLC3A1,421.0
Q07837,G421N,0.8491,pathogenic,SLC3A1,421.0
Q07837,G421P,0.862,pathogenic,SLC3A1,421.0
Q07837,G421Q,0.8586,pathogenic,SLC3A1,421.0
Q07837,G421R,0.782,pathogenic,SLC3A1,421.0
Q07837,G421S,0.2019,benign,SLC3A1,421.0
Q07837,G421T,0.5912,pathogenic,SLC3A1,421.0
Q07837,G421V,0.6416,pathogenic,SLC3A1,421.0
Q07837,G421W,0.8771,pathogenic,SLC3A1,421.0
Q07837,G421Y,0.9397,pathogenic,SLC3A1,421.0
Q07837,N422A,0.2037,benign,SLC3A1,422.0
Q07837,N422C,0.3544,ambiguous,SLC3A1,422.0
Q07837,N422D,0.0856,benign,SLC3A1,422.0
Q07837,N422E,0.2084,benign,SLC3A1,422.0
Q07837,N422F,0.3783,ambiguous,SLC3A1,422.0
Q07837,N422G,0.243,benign,SLC3A1,422.0
Q07837,N422H,0.0963,benign,SLC3A1,422.0
Q07837,N422I,0.1677,benign,SLC3A1,422.0
Q07837,N422K,0.16,benign,SLC3A1,422.0
Q07837,N422L,0.2086,benign,SLC3A1,422.0
Q07837,N422M,0.2867,benign,SLC3A1,422.0
Q07837,N422P,0.4889,ambiguous,SLC3A1,422.0
Q07837,N422Q,0.2171,benign,SLC3A1,422.0
Q07837,N422R,0.1748,benign,SLC3A1,422.0
Q07837,N422S,0.0842,benign,SLC3A1,422.0
Q07837,N422T,0.1344,benign,SLC3A1,422.0
Q07837,N422V,0.1999,benign,SLC3A1,422.0
Q07837,N422W,0.5817,pathogenic,SLC3A1,422.0
Q07837,N422Y,0.1235,benign,SLC3A1,422.0
Q07837,S423A,0.072,benign,SLC3A1,423.0
Q07837,S423C,0.1519,benign,SLC3A1,423.0
Q07837,S423D,0.1206,benign,SLC3A1,423.0
Q07837,S423E,0.1974,benign,SLC3A1,423.0
Q07837,S423F,0.1829,benign,SLC3A1,423.0
Q07837,S423G,0.0744,benign,SLC3A1,423.0
Q07837,S423H,0.1554,benign,SLC3A1,423.0
Q07837,S423I,0.117,benign,SLC3A1,423.0
Q07837,S423K,0.1839,benign,SLC3A1,423.0
Q07837,S423L,0.0982,benign,SLC3A1,423.0
Q07837,S423M,0.1559,benign,SLC3A1,423.0
Q07837,S423N,0.0823,benign,SLC3A1,423.0
Q07837,S423P,0.3735,ambiguous,SLC3A1,423.0
Q07837,S423Q,0.2193,benign,SLC3A1,423.0
Q07837,S423R,0.1396,benign,SLC3A1,423.0
Q07837,S423T,0.07,benign,SLC3A1,423.0
Q07837,S423V,0.14,benign,SLC3A1,423.0
Q07837,S423W,0.2166,benign,SLC3A1,423.0
Q07837,S423Y,0.1351,benign,SLC3A1,423.0
Q07837,V424A,0.2654,benign,SLC3A1,424.0
Q07837,V424C,0.8544,pathogenic,SLC3A1,424.0
Q07837,V424D,0.8356,pathogenic,SLC3A1,424.0
Q07837,V424E,0.7929,pathogenic,SLC3A1,424.0
Q07837,V424F,0.2173,benign,SLC3A1,424.0
Q07837,V424G,0.4856,ambiguous,SLC3A1,424.0
Q07837,V424H,0.9024,pathogenic,SLC3A1,424.0
Q07837,V424I,0.073,benign,SLC3A1,424.0
Q07837,V424K,0.8642,pathogenic,SLC3A1,424.0
Q07837,V424L,0.2033,benign,SLC3A1,424.0
Q07837,V424M,0.175,benign,SLC3A1,424.0
Q07837,V424N,0.7007,pathogenic,SLC3A1,424.0
Q07837,V424P,0.8219,pathogenic,SLC3A1,424.0
Q07837,V424Q,0.8196,pathogenic,SLC3A1,424.0
Q07837,V424R,0.8041,pathogenic,SLC3A1,424.0
Q07837,V424S,0.5037,ambiguous,SLC3A1,424.0
Q07837,V424T,0.3614,ambiguous,SLC3A1,424.0
Q07837,V424W,0.8973,pathogenic,SLC3A1,424.0
Q07837,V424Y,0.7575,pathogenic,SLC3A1,424.0
Q07837,Y425A,0.2269,benign,SLC3A1,425.0
Q07837,Y425C,0.1234,benign,SLC3A1,425.0
Q07837,Y425D,0.1416,benign,SLC3A1,425.0
Q07837,Y425E,0.3091,benign,SLC3A1,425.0
Q07837,Y425F,0.0996,benign,SLC3A1,425.0
Q07837,Y425G,0.2165,benign,SLC3A1,425.0
Q07837,Y425H,0.0958,benign,SLC3A1,425.0
Q07837,Y425I,0.3515,ambiguous,SLC3A1,425.0
Q07837,Y425K,0.3181,benign,SLC3A1,425.0
Q07837,Y425L,0.3078,benign,SLC3A1,425.0
Q07837,Y425M,0.4241,ambiguous,SLC3A1,425.0
Q07837,Y425N,0.1043,benign,SLC3A1,425.0
Q07837,Y425P,0.7717,pathogenic,SLC3A1,425.0
Q07837,Y425Q,0.2245,benign,SLC3A1,425.0
Q07837,Y425R,0.1944,benign,SLC3A1,425.0
Q07837,Y425S,0.0889,benign,SLC3A1,425.0
Q07837,Y425T,0.2432,benign,SLC3A1,425.0
Q07837,Y425V,0.2703,benign,SLC3A1,425.0
Q07837,Y425W,0.273,benign,SLC3A1,425.0
Q07837,E426A,0.1414,benign,SLC3A1,426.0
Q07837,E426C,0.759,pathogenic,SLC3A1,426.0
Q07837,E426D,0.0995,benign,SLC3A1,426.0
Q07837,E426F,0.6735,pathogenic,SLC3A1,426.0
Q07837,E426G,0.1066,benign,SLC3A1,426.0
Q07837,E426H,0.2464,benign,SLC3A1,426.0
Q07837,E426I,0.4592,ambiguous,SLC3A1,426.0
Q07837,E426K,0.0811,benign,SLC3A1,426.0
Q07837,E426L,0.3579,ambiguous,SLC3A1,426.0
Q07837,E426M,0.4089,ambiguous,SLC3A1,426.0
Q07837,E426N,0.1596,benign,SLC3A1,426.0
Q07837,E426P,0.7308,pathogenic,SLC3A1,426.0
Q07837,E426Q,0.1081,benign,SLC3A1,426.0
Q07837,E426R,0.1238,benign,SLC3A1,426.0
Q07837,E426S,0.1407,benign,SLC3A1,426.0
Q07837,E426T,0.1864,benign,SLC3A1,426.0
Q07837,E426V,0.2874,benign,SLC3A1,426.0
Q07837,E426W,0.7036,pathogenic,SLC3A1,426.0
Q07837,E426Y,0.4509,ambiguous,SLC3A1,426.0
Q07837,V427A,0.1016,benign,SLC3A1,427.0
Q07837,V427C,0.6886,pathogenic,SLC3A1,427.0
Q07837,V427D,0.1955,benign,SLC3A1,427.0
Q07837,V427E,0.2067,benign,SLC3A1,427.0
Q07837,V427F,0.1644,benign,SLC3A1,427.0
Q07837,V427G,0.1327,benign,SLC3A1,427.0
Q07837,V427H,0.4689,ambiguous,SLC3A1,427.0
Q07837,V427I,0.0796,benign,SLC3A1,427.0
Q07837,V427K,0.2547,benign,SLC3A1,427.0
Q07837,V427L,0.1798,benign,SLC3A1,427.0
Q07837,V427M,0.1129,benign,SLC3A1,427.0
Q07837,V427N,0.1632,benign,SLC3A1,427.0
Q07837,V427P,0.743,pathogenic,SLC3A1,427.0
Q07837,V427Q,0.2831,benign,SLC3A1,427.0
Q07837,V427R,0.2494,benign,SLC3A1,427.0
Q07837,V427S,0.1403,benign,SLC3A1,427.0
Q07837,V427T,0.1264,benign,SLC3A1,427.0
Q07837,V427W,0.697,pathogenic,SLC3A1,427.0
Q07837,V427Y,0.4126,ambiguous,SLC3A1,427.0
Q07837,I428A,0.7252,pathogenic,SLC3A1,428.0
Q07837,I428C,0.9212,pathogenic,SLC3A1,428.0
Q07837,I428D,0.9836,pathogenic,SLC3A1,428.0
Q07837,I428E,0.9512,pathogenic,SLC3A1,428.0
Q07837,I428F,0.3526,ambiguous,SLC3A1,428.0
Q07837,I428G,0.9507,pathogenic,SLC3A1,428.0
Q07837,I428H,0.9522,pathogenic,SLC3A1,428.0
Q07837,I428K,0.9081,pathogenic,SLC3A1,428.0
Q07837,I428L,0.2125,benign,SLC3A1,428.0
Q07837,I428M,0.1414,benign,SLC3A1,428.0
Q07837,I428N,0.8342,pathogenic,SLC3A1,428.0
Q07837,I428P,0.9684,pathogenic,SLC3A1,428.0
Q07837,I428Q,0.9147,pathogenic,SLC3A1,428.0
Q07837,I428R,0.877,pathogenic,SLC3A1,428.0
Q07837,I428S,0.7657,pathogenic,SLC3A1,428.0
Q07837,I428T,0.5968,pathogenic,SLC3A1,428.0
Q07837,I428V,0.1154,benign,SLC3A1,428.0
Q07837,I428W,0.9554,pathogenic,SLC3A1,428.0
Q07837,I428Y,0.8919,pathogenic,SLC3A1,428.0
Q07837,T429A,0.0763,benign,SLC3A1,429.0
Q07837,T429C,0.3906,ambiguous,SLC3A1,429.0
Q07837,T429D,0.2658,benign,SLC3A1,429.0
Q07837,T429E,0.1828,benign,SLC3A1,429.0
Q07837,T429F,0.1574,benign,SLC3A1,429.0
Q07837,T429G,0.2083,benign,SLC3A1,429.0
Q07837,T429H,0.1485,benign,SLC3A1,429.0
Q07837,T429I,0.1106,benign,SLC3A1,429.0
Q07837,T429K,0.1109,benign,SLC3A1,429.0
Q07837,T429L,0.0752,benign,SLC3A1,429.0
Q07837,T429M,0.0793,benign,SLC3A1,429.0
Q07837,T429N,0.0907,benign,SLC3A1,429.0
Q07837,T429P,0.4143,ambiguous,SLC3A1,429.0
Q07837,T429Q,0.1476,benign,SLC3A1,429.0
Q07837,T429R,0.0836,benign,SLC3A1,429.0
Q07837,T429S,0.086,benign,SLC3A1,429.0
Q07837,T429V,0.113,benign,SLC3A1,429.0
Q07837,T429W,0.4026,ambiguous,SLC3A1,429.0
Q07837,T429Y,0.1919,benign,SLC3A1,429.0
Q07837,S430A,0.0741,benign,SLC3A1,430.0
Q07837,S430C,0.1617,benign,SLC3A1,430.0
Q07837,S430D,0.225,benign,SLC3A1,430.0
Q07837,S430E,0.2845,benign,SLC3A1,430.0
Q07837,S430F,0.1479,benign,SLC3A1,430.0
Q07837,S430G,0.1032,benign,SLC3A1,430.0
Q07837,S430H,0.2134,benign,SLC3A1,430.0
Q07837,S430I,0.179,benign,SLC3A1,430.0
Q07837,S430K,0.3,benign,SLC3A1,430.0
Q07837,S430L,0.0864,benign,SLC3A1,430.0
Q07837,S430M,0.1858,benign,SLC3A1,430.0
Q07837,S430N,0.1292,benign,SLC3A1,430.0
Q07837,S430P,0.6469,pathogenic,SLC3A1,430.0
Q07837,S430Q,0.3039,benign,SLC3A1,430.0
Q07837,S430R,0.2339,benign,SLC3A1,430.0
Q07837,S430T,0.0866,benign,SLC3A1,430.0
Q07837,S430V,0.1811,benign,SLC3A1,430.0
Q07837,S430W,0.1898,benign,SLC3A1,430.0
Q07837,S430Y,0.1099,benign,SLC3A1,430.0
Q07837,W431A,0.8819,pathogenic,SLC3A1,431.0
Q07837,W431C,0.9457,pathogenic,SLC3A1,431.0
Q07837,W431D,0.9828,pathogenic,SLC3A1,431.0
Q07837,W431E,0.9677,pathogenic,SLC3A1,431.0
Q07837,W431F,0.3876,ambiguous,SLC3A1,431.0
Q07837,W431G,0.7957,pathogenic,SLC3A1,431.0
Q07837,W431H,0.9215,pathogenic,SLC3A1,431.0
Q07837,W431I,0.9027,pathogenic,SLC3A1,431.0
Q07837,W431K,0.9799,pathogenic,SLC3A1,431.0
Q07837,W431L,0.6842,pathogenic,SLC3A1,431.0
Q07837,W431M,0.8753,pathogenic,SLC3A1,431.0
Q07837,W431N,0.9691,pathogenic,SLC3A1,431.0
Q07837,W431P,0.9969,pathogenic,SLC3A1,431.0
Q07837,W431Q,0.9609,pathogenic,SLC3A1,431.0
Q07837,W431R,0.9513,pathogenic,SLC3A1,431.0
Q07837,W431S,0.7764,pathogenic,SLC3A1,431.0
Q07837,W431T,0.8695,pathogenic,SLC3A1,431.0
Q07837,W431V,0.8468,pathogenic,SLC3A1,431.0
Q07837,W431Y,0.6203,pathogenic,SLC3A1,431.0
Q07837,M432A,0.7963,pathogenic,SLC3A1,432.0
Q07837,M432C,0.9644,pathogenic,SLC3A1,432.0
Q07837,M432D,0.9836,pathogenic,SLC3A1,432.0
Q07837,M432E,0.8267,pathogenic,SLC3A1,432.0
Q07837,M432F,0.5749,pathogenic,SLC3A1,432.0
Q07837,M432G,0.9303,pathogenic,SLC3A1,432.0
Q07837,M432H,0.8956,pathogenic,SLC3A1,432.0
Q07837,M432I,0.5448,ambiguous,SLC3A1,432.0
Q07837,M432K,0.5942,pathogenic,SLC3A1,432.0
Q07837,M432L,0.1527,benign,SLC3A1,432.0
Q07837,M432N,0.8879,pathogenic,SLC3A1,432.0
Q07837,M432P,0.9883,pathogenic,SLC3A1,432.0
Q07837,M432Q,0.6152,pathogenic,SLC3A1,432.0
Q07837,M432R,0.6019,pathogenic,SLC3A1,432.0
Q07837,M432S,0.8545,pathogenic,SLC3A1,432.0
Q07837,M432T,0.638,pathogenic,SLC3A1,432.0
Q07837,M432V,0.2517,benign,SLC3A1,432.0
Q07837,M432W,0.8523,pathogenic,SLC3A1,432.0
Q07837,M432Y,0.8576,pathogenic,SLC3A1,432.0
Q07837,E433A,0.1172,benign,SLC3A1,433.0
Q07837,E433C,0.7353,pathogenic,SLC3A1,433.0
Q07837,E433D,0.1617,benign,SLC3A1,433.0
Q07837,E433F,0.6436,pathogenic,SLC3A1,433.0
Q07837,E433G,0.091,benign,SLC3A1,433.0
Q07837,E433H,0.2953,benign,SLC3A1,433.0
Q07837,E433I,0.3247,benign,SLC3A1,433.0
Q07837,E433K,0.0734,benign,SLC3A1,433.0
Q07837,E433L,0.2683,benign,SLC3A1,433.0
Q07837,E433M,0.3198,benign,SLC3A1,433.0
Q07837,E433N,0.1816,benign,SLC3A1,433.0
Q07837,E433P,0.8386,pathogenic,SLC3A1,433.0
Q07837,E433Q,0.0866,benign,SLC3A1,433.0
Q07837,E433R,0.1081,benign,SLC3A1,433.0
Q07837,E433S,0.1562,benign,SLC3A1,433.0
Q07837,E433T,0.175,benign,SLC3A1,433.0
Q07837,E433V,0.1981,benign,SLC3A1,433.0
Q07837,E433W,0.6717,pathogenic,SLC3A1,433.0
Q07837,E433Y,0.4481,ambiguous,SLC3A1,433.0
Q07837,N434A,0.2179,benign,SLC3A1,434.0
Q07837,N434C,0.3884,ambiguous,SLC3A1,434.0
Q07837,N434D,0.1815,benign,SLC3A1,434.0
Q07837,N434E,0.2702,benign,SLC3A1,434.0
Q07837,N434F,0.4565,ambiguous,SLC3A1,434.0
Q07837,N434G,0.2703,benign,SLC3A1,434.0
Q07837,N434H,0.0858,benign,SLC3A1,434.0
Q07837,N434I,0.2159,benign,SLC3A1,434.0
Q07837,N434K,0.1412,benign,SLC3A1,434.0
Q07837,N434L,0.2641,benign,SLC3A1,434.0
Q07837,N434M,0.2794,benign,SLC3A1,434.0
Q07837,N434P,0.8836,pathogenic,SLC3A1,434.0
Q07837,N434Q,0.2037,benign,SLC3A1,434.0
Q07837,N434R,0.169,benign,SLC3A1,434.0
Q07837,N434S,0.108,benign,SLC3A1,434.0
Q07837,N434T,0.1514,benign,SLC3A1,434.0
Q07837,N434V,0.2514,benign,SLC3A1,434.0
Q07837,N434W,0.6336,pathogenic,SLC3A1,434.0
Q07837,N434Y,0.1231,benign,SLC3A1,434.0
Q07837,M435A,0.7178,pathogenic,SLC3A1,435.0
Q07837,M435C,0.9213,pathogenic,SLC3A1,435.0
Q07837,M435D,0.9814,pathogenic,SLC3A1,435.0
Q07837,M435E,0.8387,pathogenic,SLC3A1,435.0
Q07837,M435F,0.7122,pathogenic,SLC3A1,435.0
Q07837,M435G,0.9239,pathogenic,SLC3A1,435.0
Q07837,M435H,0.8812,pathogenic,SLC3A1,435.0
Q07837,M435I,0.3416,ambiguous,SLC3A1,435.0
Q07837,M435K,0.4265,ambiguous,SLC3A1,435.0
Q07837,M435L,0.1717,benign,SLC3A1,435.0
Q07837,M435N,0.8692,pathogenic,SLC3A1,435.0
Q07837,M435P,0.9701,pathogenic,SLC3A1,435.0
Q07837,M435Q,0.5426,ambiguous,SLC3A1,435.0
Q07837,M435R,0.5034,ambiguous,SLC3A1,435.0
Q07837,M435S,0.767,pathogenic,SLC3A1,435.0
Q07837,M435T,0.4244,ambiguous,SLC3A1,435.0
Q07837,M435V,0.1378,benign,SLC3A1,435.0
Q07837,M435W,0.9265,pathogenic,SLC3A1,435.0
Q07837,M435Y,0.9056,pathogenic,SLC3A1,435.0
Q07837,P436A,0.2761,benign,SLC3A1,436.0
Q07837,P436C,0.9179,pathogenic,SLC3A1,436.0
Q07837,P436D,0.7877,pathogenic,SLC3A1,436.0
Q07837,P436E,0.6042,pathogenic,SLC3A1,436.0
Q07837,P436F,0.8709,pathogenic,SLC3A1,436.0
Q07837,P436G,0.6444,pathogenic,SLC3A1,436.0
Q07837,P436H,0.5264,ambiguous,SLC3A1,436.0
Q07837,P436I,0.7393,pathogenic,SLC3A1,436.0
Q07837,P436K,0.5803,pathogenic,SLC3A1,436.0
Q07837,P436L,0.3303,benign,SLC3A1,436.0
Q07837,P436M,0.6878,pathogenic,SLC3A1,436.0
Q07837,P436N,0.7566,pathogenic,SLC3A1,436.0
Q07837,P436Q,0.4397,ambiguous,SLC3A1,436.0
Q07837,P436R,0.42,ambiguous,SLC3A1,436.0
Q07837,P436S,0.3994,ambiguous,SLC3A1,436.0
Q07837,P436T,0.3176,benign,SLC3A1,436.0
Q07837,P436V,0.5927,pathogenic,SLC3A1,436.0
Q07837,P436W,0.8789,pathogenic,SLC3A1,436.0
Q07837,P436Y,0.8382,pathogenic,SLC3A1,436.0
Q07837,E437A,0.1031,benign,SLC3A1,437.0
Q07837,E437C,0.7812,pathogenic,SLC3A1,437.0
Q07837,E437D,0.1408,benign,SLC3A1,437.0
Q07837,E437F,0.5649,pathogenic,SLC3A1,437.0
Q07837,E437G,0.1428,benign,SLC3A1,437.0
Q07837,E437H,0.2983,benign,SLC3A1,437.0
Q07837,E437I,0.2475,benign,SLC3A1,437.0
Q07837,E437K,0.0723,benign,SLC3A1,437.0
Q07837,E437L,0.2539,benign,SLC3A1,437.0
Q07837,E437M,0.3313,benign,SLC3A1,437.0
Q07837,E437N,0.2087,benign,SLC3A1,437.0
Q07837,E437P,0.2636,benign,SLC3A1,437.0
Q07837,E437Q,0.1037,benign,SLC3A1,437.0
Q07837,E437R,0.1138,benign,SLC3A1,437.0
Q07837,E437S,0.1459,benign,SLC3A1,437.0
Q07837,E437T,0.1695,benign,SLC3A1,437.0
Q07837,E437V,0.1502,benign,SLC3A1,437.0
Q07837,E437W,0.7144,pathogenic,SLC3A1,437.0
Q07837,E437Y,0.4318,ambiguous,SLC3A1,437.0
Q07837,G438A,0.3067,benign,SLC3A1,438.0
Q07837,G438C,0.5504,ambiguous,SLC3A1,438.0
Q07837,G438D,0.1692,benign,SLC3A1,438.0
Q07837,G438E,0.2029,benign,SLC3A1,438.0
Q07837,G438F,0.7192,pathogenic,SLC3A1,438.0
Q07837,G438H,0.4552,ambiguous,SLC3A1,438.0
Q07837,G438I,0.6154,pathogenic,SLC3A1,438.0
Q07837,G438K,0.4253,ambiguous,SLC3A1,438.0
Q07837,G438L,0.7024,pathogenic,SLC3A1,438.0
Q07837,G438M,0.6645,pathogenic,SLC3A1,438.0
Q07837,G438N,0.261,benign,SLC3A1,438.0
Q07837,G438P,0.9243,pathogenic,SLC3A1,438.0
Q07837,G438Q,0.354,ambiguous,SLC3A1,438.0
Q07837,G438R,0.3369,benign,SLC3A1,438.0
Q07837,G438S,0.1649,benign,SLC3A1,438.0
Q07837,G438T,0.3482,ambiguous,SLC3A1,438.0
Q07837,G438V,0.4682,ambiguous,SLC3A1,438.0
Q07837,G438W,0.4833,ambiguous,SLC3A1,438.0
Q07837,G438Y,0.4858,ambiguous,SLC3A1,438.0
Q07837,K439A,0.4856,ambiguous,SLC3A1,439.0
Q07837,K439C,0.7544,pathogenic,SLC3A1,439.0
Q07837,K439D,0.7424,pathogenic,SLC3A1,439.0
Q07837,K439E,0.228,benign,SLC3A1,439.0
Q07837,K439F,0.7565,pathogenic,SLC3A1,439.0
Q07837,K439G,0.4968,ambiguous,SLC3A1,439.0
Q07837,K439H,0.3213,benign,SLC3A1,439.0
Q07837,K439I,0.5188,ambiguous,SLC3A1,439.0
Q07837,K439L,0.4517,ambiguous,SLC3A1,439.0
Q07837,K439M,0.2639,benign,SLC3A1,439.0
Q07837,K439N,0.5087,ambiguous,SLC3A1,439.0
Q07837,K439P,0.939,pathogenic,SLC3A1,439.0
Q07837,K439Q,0.1205,benign,SLC3A1,439.0
Q07837,K439R,0.0831,benign,SLC3A1,439.0
Q07837,K439S,0.4394,ambiguous,SLC3A1,439.0
Q07837,K439T,0.3096,benign,SLC3A1,439.0
Q07837,K439V,0.4904,ambiguous,SLC3A1,439.0
Q07837,K439W,0.7482,pathogenic,SLC3A1,439.0
Q07837,K439Y,0.5635,ambiguous,SLC3A1,439.0
Q07837,W440A,0.8445,pathogenic,SLC3A1,440.0
Q07837,W440C,0.9496,pathogenic,SLC3A1,440.0
Q07837,W440D,0.9708,pathogenic,SLC3A1,440.0
Q07837,W440E,0.9548,pathogenic,SLC3A1,440.0
Q07837,W440F,0.5319,ambiguous,SLC3A1,440.0
Q07837,W440G,0.6929,pathogenic,SLC3A1,440.0
Q07837,W440H,0.8829,pathogenic,SLC3A1,440.0
Q07837,W440I,0.8393,pathogenic,SLC3A1,440.0
Q07837,W440K,0.9586,pathogenic,SLC3A1,440.0
Q07837,W440L,0.73,pathogenic,SLC3A1,440.0
Q07837,W440M,0.8754,pathogenic,SLC3A1,440.0
Q07837,W440N,0.9347,pathogenic,SLC3A1,440.0
Q07837,W440P,0.9711,pathogenic,SLC3A1,440.0
Q07837,W440Q,0.9256,pathogenic,SLC3A1,440.0
Q07837,W440R,0.9337,pathogenic,SLC3A1,440.0
Q07837,W440S,0.6545,pathogenic,SLC3A1,440.0
Q07837,W440T,0.7937,pathogenic,SLC3A1,440.0
Q07837,W440V,0.7943,pathogenic,SLC3A1,440.0
Q07837,W440Y,0.6706,pathogenic,SLC3A1,440.0
Q07837,P441A,0.1382,benign,SLC3A1,441.0
Q07837,P441C,0.852,pathogenic,SLC3A1,441.0
Q07837,P441D,0.967,pathogenic,SLC3A1,441.0
Q07837,P441E,0.9063,pathogenic,SLC3A1,441.0
Q07837,P441F,0.9249,pathogenic,SLC3A1,441.0
Q07837,P441G,0.6236,pathogenic,SLC3A1,441.0
Q07837,P441H,0.8036,pathogenic,SLC3A1,441.0
Q07837,P441I,0.8661,pathogenic,SLC3A1,441.0
Q07837,P441K,0.9445,pathogenic,SLC3A1,441.0
Q07837,P441L,0.5006,ambiguous,SLC3A1,441.0
Q07837,P441M,0.7969,pathogenic,SLC3A1,441.0
Q07837,P441N,0.9029,pathogenic,SLC3A1,441.0
Q07837,P441Q,0.7324,pathogenic,SLC3A1,441.0
Q07837,P441R,0.8463,pathogenic,SLC3A1,441.0
Q07837,P441S,0.3239,benign,SLC3A1,441.0
Q07837,P441T,0.4678,ambiguous,SLC3A1,441.0
Q07837,P441V,0.7198,pathogenic,SLC3A1,441.0
Q07837,P441W,0.961,pathogenic,SLC3A1,441.0
Q07837,P441Y,0.9342,pathogenic,SLC3A1,441.0
Q07837,N442A,0.5683,pathogenic,SLC3A1,442.0
Q07837,N442C,0.5288,ambiguous,SLC3A1,442.0
Q07837,N442D,0.7012,pathogenic,SLC3A1,442.0
Q07837,N442E,0.9642,pathogenic,SLC3A1,442.0
Q07837,N442F,0.9667,pathogenic,SLC3A1,442.0
Q07837,N442G,0.6191,pathogenic,SLC3A1,442.0
Q07837,N442H,0.6265,pathogenic,SLC3A1,442.0
Q07837,N442I,0.7195,pathogenic,SLC3A1,442.0
Q07837,N442K,0.9754,pathogenic,SLC3A1,442.0
Q07837,N442L,0.7517,pathogenic,SLC3A1,442.0
Q07837,N442M,0.8205,pathogenic,SLC3A1,442.0
Q07837,N442P,0.9507,pathogenic,SLC3A1,442.0
Q07837,N442Q,0.9202,pathogenic,SLC3A1,442.0
Q07837,N442R,0.9676,pathogenic,SLC3A1,442.0
Q07837,N442S,0.0947,benign,SLC3A1,442.0
Q07837,N442T,0.3155,benign,SLC3A1,442.0
Q07837,N442V,0.5522,ambiguous,SLC3A1,442.0
Q07837,N442W,0.9927,pathogenic,SLC3A1,442.0
Q07837,N442Y,0.8213,pathogenic,SLC3A1,442.0
Q07837,W443A,0.9555,pathogenic,SLC3A1,443.0
Q07837,W443C,0.9774,pathogenic,SLC3A1,443.0
Q07837,W443D,0.995,pathogenic,SLC3A1,443.0
Q07837,W443E,0.9922,pathogenic,SLC3A1,443.0
Q07837,W443F,0.407,ambiguous,SLC3A1,443.0
Q07837,W443G,0.872,pathogenic,SLC3A1,443.0
Q07837,W443H,0.9686,pathogenic,SLC3A1,443.0
Q07837,W443I,0.9192,pathogenic,SLC3A1,443.0
Q07837,W443K,0.9952,pathogenic,SLC3A1,443.0
Q07837,W443L,0.8124,pathogenic,SLC3A1,443.0
Q07837,W443M,0.941,pathogenic,SLC3A1,443.0
Q07837,W443N,0.9885,pathogenic,SLC3A1,443.0
Q07837,W443P,0.9969,pathogenic,SLC3A1,443.0
Q07837,W443Q,0.9911,pathogenic,SLC3A1,443.0
Q07837,W443R,0.9851,pathogenic,SLC3A1,443.0
Q07837,W443S,0.9036,pathogenic,SLC3A1,443.0
Q07837,W443T,0.9466,pathogenic,SLC3A1,443.0
Q07837,W443V,0.8988,pathogenic,SLC3A1,443.0
Q07837,W443Y,0.7245,pathogenic,SLC3A1,443.0
Q07837,M444A,0.4382,ambiguous,SLC3A1,444.0
Q07837,M444C,0.7937,pathogenic,SLC3A1,444.0
Q07837,M444D,0.8779,pathogenic,SLC3A1,444.0
Q07837,M444E,0.4891,ambiguous,SLC3A1,444.0
Q07837,M444F,0.4449,ambiguous,SLC3A1,444.0
Q07837,M444G,0.6273,pathogenic,SLC3A1,444.0
Q07837,M444H,0.5469,ambiguous,SLC3A1,444.0
Q07837,M444I,0.5169,ambiguous,SLC3A1,444.0
Q07837,M444K,0.1849,benign,SLC3A1,444.0
Q07837,M444L,0.1678,benign,SLC3A1,444.0
Q07837,M444N,0.5162,ambiguous,SLC3A1,444.0
Q07837,M444P,0.9701,pathogenic,SLC3A1,444.0
Q07837,M444Q,0.207,benign,SLC3A1,444.0
Q07837,M444R,0.1918,benign,SLC3A1,444.0
Q07837,M444S,0.446,ambiguous,SLC3A1,444.0
Q07837,M444T,0.3739,ambiguous,SLC3A1,444.0
Q07837,M444V,0.1719,benign,SLC3A1,444.0
Q07837,M444W,0.7202,pathogenic,SLC3A1,444.0
Q07837,M444Y,0.6355,pathogenic,SLC3A1,444.0
Q07837,I445A,0.105,benign,SLC3A1,445.0
Q07837,I445C,0.583,pathogenic,SLC3A1,445.0
Q07837,I445D,0.6261,pathogenic,SLC3A1,445.0
Q07837,I445E,0.526,ambiguous,SLC3A1,445.0
Q07837,I445F,0.1489,benign,SLC3A1,445.0
Q07837,I445G,0.3819,ambiguous,SLC3A1,445.0
Q07837,I445H,0.5374,ambiguous,SLC3A1,445.0
Q07837,I445K,0.4299,ambiguous,SLC3A1,445.0
Q07837,I445L,0.0715,benign,SLC3A1,445.0
Q07837,I445M,0.0812,benign,SLC3A1,445.0
Q07837,I445N,0.2019,benign,SLC3A1,445.0
Q07837,I445P,0.3029,benign,SLC3A1,445.0
Q07837,I445Q,0.4405,ambiguous,SLC3A1,445.0
Q07837,I445R,0.3092,benign,SLC3A1,445.0
Q07837,I445S,0.1435,benign,SLC3A1,445.0
Q07837,I445T,0.0606,benign,SLC3A1,445.0
Q07837,I445V,0.072,benign,SLC3A1,445.0
Q07837,I445W,0.6692,pathogenic,SLC3A1,445.0
Q07837,I445Y,0.4921,ambiguous,SLC3A1,445.0
Q07837,G446A,0.2326,benign,SLC3A1,446.0
Q07837,G446C,0.4605,ambiguous,SLC3A1,446.0
Q07837,G446D,0.654,pathogenic,SLC3A1,446.0
Q07837,G446E,0.6912,pathogenic,SLC3A1,446.0
Q07837,G446F,0.934,pathogenic,SLC3A1,446.0
Q07837,G446H,0.8472,pathogenic,SLC3A1,446.0
Q07837,G446I,0.7934,pathogenic,SLC3A1,446.0
Q07837,G446K,0.9079,pathogenic,SLC3A1,446.0
Q07837,G446L,0.8301,pathogenic,SLC3A1,446.0
Q07837,G446M,0.8819,pathogenic,SLC3A1,446.0
Q07837,G446N,0.6785,pathogenic,SLC3A1,446.0
Q07837,G446P,0.9676,pathogenic,SLC3A1,446.0
Q07837,G446Q,0.7897,pathogenic,SLC3A1,446.0
Q07837,G446R,0.7686,pathogenic,SLC3A1,446.0
Q07837,G446S,0.1264,benign,SLC3A1,446.0
Q07837,G446T,0.3904,ambiguous,SLC3A1,446.0
Q07837,G446V,0.6498,pathogenic,SLC3A1,446.0
Q07837,G446W,0.8464,pathogenic,SLC3A1,446.0
Q07837,G446Y,0.8918,pathogenic,SLC3A1,446.0
Q07837,G447A,0.1068,benign,SLC3A1,447.0
Q07837,G447C,0.1754,benign,SLC3A1,447.0
Q07837,G447D,0.151,benign,SLC3A1,447.0
Q07837,G447E,0.1558,benign,SLC3A1,447.0
Q07837,G447F,0.3763,ambiguous,SLC3A1,447.0
Q07837,G447H,0.2337,benign,SLC3A1,447.0
Q07837,G447I,0.2204,benign,SLC3A1,447.0
Q07837,G447K,0.2792,benign,SLC3A1,447.0
Q07837,G447L,0.3147,benign,SLC3A1,447.0
Q07837,G447M,0.3517,ambiguous,SLC3A1,447.0
Q07837,G447N,0.1896,benign,SLC3A1,447.0
Q07837,G447P,0.8777,pathogenic,SLC3A1,447.0
Q07837,G447Q,0.2255,benign,SLC3A1,447.0
Q07837,G447R,0.1851,benign,SLC3A1,447.0
Q07837,G447S,0.0769,benign,SLC3A1,447.0
Q07837,G447T,0.1351,benign,SLC3A1,447.0
Q07837,G447V,0.1677,benign,SLC3A1,447.0
Q07837,G447W,0.3265,benign,SLC3A1,447.0
Q07837,G447Y,0.2681,benign,SLC3A1,447.0
Q07837,P448A,0.0869,benign,SLC3A1,448.0
Q07837,P448C,0.4694,ambiguous,SLC3A1,448.0
Q07837,P448D,0.3549,ambiguous,SLC3A1,448.0
Q07837,P448E,0.2234,benign,SLC3A1,448.0
Q07837,P448F,0.3066,benign,SLC3A1,448.0
Q07837,P448G,0.2636,benign,SLC3A1,448.0
Q07837,P448H,0.1628,benign,SLC3A1,448.0
Q07837,P448I,0.2413,benign,SLC3A1,448.0
Q07837,P448K,0.2291,benign,SLC3A1,448.0
Q07837,P448L,0.1223,benign,SLC3A1,448.0
Q07837,P448M,0.2583,benign,SLC3A1,448.0
Q07837,P448N,0.27,benign,SLC3A1,448.0
Q07837,P448Q,0.1518,benign,SLC3A1,448.0
Q07837,P448R,0.1588,benign,SLC3A1,448.0
Q07837,P448S,0.1069,benign,SLC3A1,448.0
Q07837,P448T,0.1004,benign,SLC3A1,448.0
Q07837,P448V,0.2045,benign,SLC3A1,448.0
Q07837,P448W,0.4313,ambiguous,SLC3A1,448.0
Q07837,P448Y,0.3153,benign,SLC3A1,448.0
Q07837,D449A,0.119,benign,SLC3A1,449.0
Q07837,D449C,0.4177,ambiguous,SLC3A1,449.0
Q07837,D449E,0.1205,benign,SLC3A1,449.0
Q07837,D449F,0.3381,benign,SLC3A1,449.0
Q07837,D449G,0.1007,benign,SLC3A1,449.0
Q07837,D449H,0.1602,benign,SLC3A1,449.0
Q07837,D449I,0.2244,benign,SLC3A1,449.0
Q07837,D449K,0.2101,benign,SLC3A1,449.0
Q07837,D449L,0.2503,benign,SLC3A1,449.0
Q07837,D449M,0.4451,ambiguous,SLC3A1,449.0
Q07837,D449N,0.077,benign,SLC3A1,449.0
Q07837,D449P,0.5709,pathogenic,SLC3A1,449.0
Q07837,D449Q,0.1932,benign,SLC3A1,449.0
Q07837,D449R,0.2034,benign,SLC3A1,449.0
Q07837,D449S,0.0885,benign,SLC3A1,449.0
Q07837,D449T,0.16,benign,SLC3A1,449.0
Q07837,D449V,0.1482,benign,SLC3A1,449.0
Q07837,D449W,0.6791,pathogenic,SLC3A1,449.0
Q07837,D449Y,0.1373,benign,SLC3A1,449.0
Q07837,S450A,0.081,benign,SLC3A1,450.0
Q07837,S450C,0.1019,benign,SLC3A1,450.0
Q07837,S450D,0.1329,benign,SLC3A1,450.0
Q07837,S450E,0.211,benign,SLC3A1,450.0
Q07837,S450F,0.1407,benign,SLC3A1,450.0
Q07837,S450G,0.0719,benign,SLC3A1,450.0
Q07837,S450H,0.131,benign,SLC3A1,450.0
Q07837,S450I,0.0907,benign,SLC3A1,450.0
Q07837,S450K,0.1981,benign,SLC3A1,450.0
Q07837,S450L,0.1168,benign,SLC3A1,450.0
Q07837,S450M,0.1648,benign,SLC3A1,450.0
Q07837,S450N,0.0705,benign,SLC3A1,450.0
Q07837,S450P,0.3763,ambiguous,SLC3A1,450.0
Q07837,S450Q,0.2018,benign,SLC3A1,450.0
Q07837,S450R,0.1399,benign,SLC3A1,450.0
Q07837,S450T,0.0729,benign,SLC3A1,450.0
Q07837,S450V,0.1205,benign,SLC3A1,450.0
Q07837,S450W,0.2233,benign,SLC3A1,450.0
Q07837,S450Y,0.1047,benign,SLC3A1,450.0
Q07837,S451A,0.0665,benign,SLC3A1,451.0
Q07837,S451C,0.1211,benign,SLC3A1,451.0
Q07837,S451D,0.1601,benign,SLC3A1,451.0
Q07837,S451E,0.2101,benign,SLC3A1,451.0
Q07837,S451F,0.1231,benign,SLC3A1,451.0
Q07837,S451G,0.0958,benign,SLC3A1,451.0
Q07837,S451H,0.1755,benign,SLC3A1,451.0
Q07837,S451I,0.1197,benign,SLC3A1,451.0
Q07837,S451K,0.2764,benign,SLC3A1,451.0
Q07837,S451L,0.0831,benign,SLC3A1,451.0
Q07837,S451M,0.1712,benign,SLC3A1,451.0
Q07837,S451N,0.1045,benign,SLC3A1,451.0
Q07837,S451P,0.0725,benign,SLC3A1,451.0
Q07837,S451Q,0.2385,benign,SLC3A1,451.0
Q07837,S451R,0.2329,benign,SLC3A1,451.0
Q07837,S451T,0.0796,benign,SLC3A1,451.0
Q07837,S451V,0.1205,benign,SLC3A1,451.0
Q07837,S451W,0.1729,benign,SLC3A1,451.0
Q07837,S451Y,0.1051,benign,SLC3A1,451.0
Q07837,R452A,0.966,pathogenic,SLC3A1,452.0
Q07837,R452C,0.6413,pathogenic,SLC3A1,452.0
Q07837,R452D,0.985,pathogenic,SLC3A1,452.0
Q07837,R452E,0.9186,pathogenic,SLC3A1,452.0
Q07837,R452F,0.9622,pathogenic,SLC3A1,452.0
Q07837,R452G,0.9137,pathogenic,SLC3A1,452.0
Q07837,R452H,0.4483,ambiguous,SLC3A1,452.0
Q07837,R452I,0.9265,pathogenic,SLC3A1,452.0
Q07837,R452K,0.6749,pathogenic,SLC3A1,452.0
Q07837,R452L,0.8272,pathogenic,SLC3A1,452.0
Q07837,R452M,0.9439,pathogenic,SLC3A1,452.0
Q07837,R452N,0.9734,pathogenic,SLC3A1,452.0
Q07837,R452P,0.916,pathogenic,SLC3A1,452.0
Q07837,R452Q,0.5247,ambiguous,SLC3A1,452.0
Q07837,R452S,0.9606,pathogenic,SLC3A1,452.0
Q07837,R452T,0.9507,pathogenic,SLC3A1,452.0
Q07837,R452V,0.9452,pathogenic,SLC3A1,452.0
Q07837,R452W,0.6546,pathogenic,SLC3A1,452.0
Q07837,R452Y,0.8996,pathogenic,SLC3A1,452.0
Q07837,L453A,0.3888,ambiguous,SLC3A1,453.0
Q07837,L453C,0.6954,pathogenic,SLC3A1,453.0
Q07837,L453D,0.9119,pathogenic,SLC3A1,453.0
Q07837,L453E,0.7048,pathogenic,SLC3A1,453.0
Q07837,L453F,0.2112,benign,SLC3A1,453.0
Q07837,L453G,0.6943,pathogenic,SLC3A1,453.0
Q07837,L453H,0.5516,ambiguous,SLC3A1,453.0
Q07837,L453I,0.0881,benign,SLC3A1,453.0
Q07837,L453K,0.6964,pathogenic,SLC3A1,453.0
Q07837,L453M,0.1466,benign,SLC3A1,453.0
Q07837,L453N,0.6395,pathogenic,SLC3A1,453.0
Q07837,L453P,0.37,ambiguous,SLC3A1,453.0
Q07837,L453Q,0.4197,ambiguous,SLC3A1,453.0
Q07837,L453R,0.6001,pathogenic,SLC3A1,453.0
Q07837,L453S,0.483,ambiguous,SLC3A1,453.0
Q07837,L453T,0.3785,ambiguous,SLC3A1,453.0
Q07837,L453V,0.1023,benign,SLC3A1,453.0
Q07837,L453W,0.4866,ambiguous,SLC3A1,453.0
Q07837,L453Y,0.5975,pathogenic,SLC3A1,453.0
Q07837,T454A,0.0805,benign,SLC3A1,454.0
Q07837,T454C,0.4215,ambiguous,SLC3A1,454.0
Q07837,T454D,0.4259,ambiguous,SLC3A1,454.0
Q07837,T454E,0.3357,benign,SLC3A1,454.0
Q07837,T454F,0.2498,benign,SLC3A1,454.0
Q07837,T454G,0.2092,benign,SLC3A1,454.0
Q07837,T454H,0.2417,benign,SLC3A1,454.0
Q07837,T454I,0.1742,benign,SLC3A1,454.0
Q07837,T454K,0.1948,benign,SLC3A1,454.0
Q07837,T454L,0.1214,benign,SLC3A1,454.0
Q07837,T454M,0.111,benign,SLC3A1,454.0
Q07837,T454N,0.1258,benign,SLC3A1,454.0
Q07837,T454P,0.0826,benign,SLC3A1,454.0
Q07837,T454Q,0.2219,benign,SLC3A1,454.0
Q07837,T454R,0.1513,benign,SLC3A1,454.0
Q07837,T454S,0.099,benign,SLC3A1,454.0
Q07837,T454V,0.1606,benign,SLC3A1,454.0
Q07837,T454W,0.6358,pathogenic,SLC3A1,454.0
Q07837,T454Y,0.2919,benign,SLC3A1,454.0
Q07837,S455A,0.1413,benign,SLC3A1,455.0
Q07837,S455C,0.334,benign,SLC3A1,455.0
Q07837,S455D,0.4546,ambiguous,SLC3A1,455.0
Q07837,S455E,0.6563,pathogenic,SLC3A1,455.0
Q07837,S455F,0.454,ambiguous,SLC3A1,455.0
Q07837,S455G,0.1664,benign,SLC3A1,455.0
Q07837,S455H,0.599,pathogenic,SLC3A1,455.0
Q07837,S455I,0.5534,ambiguous,SLC3A1,455.0
Q07837,S455K,0.8802,pathogenic,SLC3A1,455.0
Q07837,S455L,0.2562,benign,SLC3A1,455.0
Q07837,S455M,0.4506,ambiguous,SLC3A1,455.0
Q07837,S455N,0.3142,benign,SLC3A1,455.0
Q07837,S455P,0.7171,pathogenic,SLC3A1,455.0
Q07837,S455Q,0.7463,pathogenic,SLC3A1,455.0
Q07837,S455R,0.8381,pathogenic,SLC3A1,455.0
Q07837,S455T,0.1058,benign,SLC3A1,455.0
Q07837,S455V,0.4547,ambiguous,SLC3A1,455.0
Q07837,S455W,0.5731,pathogenic,SLC3A1,455.0
Q07837,S455Y,0.3624,ambiguous,SLC3A1,455.0
Q07837,R456A,0.5553,ambiguous,SLC3A1,456.0
Q07837,R456C,0.2293,benign,SLC3A1,456.0
Q07837,R456D,0.7815,pathogenic,SLC3A1,456.0
Q07837,R456E,0.4596,ambiguous,SLC3A1,456.0
Q07837,R456F,0.6442,pathogenic,SLC3A1,456.0
Q07837,R456G,0.4072,ambiguous,SLC3A1,456.0
Q07837,R456H,0.1437,benign,SLC3A1,456.0
Q07837,R456I,0.3006,benign,SLC3A1,456.0
Q07837,R456K,0.1455,benign,SLC3A1,456.0
Q07837,R456L,0.3347,benign,SLC3A1,456.0
Q07837,R456M,0.3772,ambiguous,SLC3A1,456.0
Q07837,R456N,0.6697,pathogenic,SLC3A1,456.0
Q07837,R456P,0.8789,pathogenic,SLC3A1,456.0
Q07837,R456Q,0.1243,benign,SLC3A1,456.0
Q07837,R456S,0.5708,pathogenic,SLC3A1,456.0
Q07837,R456T,0.3654,ambiguous,SLC3A1,456.0
Q07837,R456V,0.44,ambiguous,SLC3A1,456.0
Q07837,R456W,0.2408,benign,SLC3A1,456.0
Q07837,R456Y,0.4713,ambiguous,SLC3A1,456.0
Q07837,L457A,0.303,benign,SLC3A1,457.0
Q07837,L457C,0.5236,ambiguous,SLC3A1,457.0
Q07837,L457D,0.8107,pathogenic,SLC3A1,457.0
Q07837,L457E,0.5592,ambiguous,SLC3A1,457.0
Q07837,L457F,0.075,benign,SLC3A1,457.0
Q07837,L457G,0.5761,pathogenic,SLC3A1,457.0
Q07837,L457H,0.2738,benign,SLC3A1,457.0
Q07837,L457I,0.0905,benign,SLC3A1,457.0
Q07837,L457K,0.4455,ambiguous,SLC3A1,457.0
Q07837,L457M,0.1196,benign,SLC3A1,457.0
Q07837,L457N,0.5623,ambiguous,SLC3A1,457.0
Q07837,L457P,0.6929,pathogenic,SLC3A1,457.0
Q07837,L457Q,0.2727,benign,SLC3A1,457.0
Q07837,L457R,0.3121,benign,SLC3A1,457.0
Q07837,L457S,0.3849,ambiguous,SLC3A1,457.0
Q07837,L457T,0.2887,benign,SLC3A1,457.0
Q07837,L457V,0.1079,benign,SLC3A1,457.0
Q07837,L457W,0.1432,benign,SLC3A1,457.0
Q07837,L457Y,0.2679,benign,SLC3A1,457.0
Q07837,G458A,0.3851,ambiguous,SLC3A1,458.0
Q07837,G458C,0.521,ambiguous,SLC3A1,458.0
Q07837,G458D,0.2543,benign,SLC3A1,458.0
Q07837,G458E,0.3446,ambiguous,SLC3A1,458.0
Q07837,G458F,0.8863,pathogenic,SLC3A1,458.0
Q07837,G458H,0.6032,pathogenic,SLC3A1,458.0
Q07837,G458I,0.8062,pathogenic,SLC3A1,458.0
Q07837,G458K,0.5593,ambiguous,SLC3A1,458.0
Q07837,G458L,0.8086,pathogenic,SLC3A1,458.0
Q07837,G458M,0.8413,pathogenic,SLC3A1,458.0
Q07837,G458N,0.4339,ambiguous,SLC3A1,458.0
Q07837,G458P,0.8549,pathogenic,SLC3A1,458.0
Q07837,G458Q,0.461,ambiguous,SLC3A1,458.0
Q07837,G458R,0.4257,ambiguous,SLC3A1,458.0
Q07837,G458S,0.1749,benign,SLC3A1,458.0
Q07837,G458T,0.4471,ambiguous,SLC3A1,458.0
Q07837,G458V,0.6589,pathogenic,SLC3A1,458.0
Q07837,G458W,0.6645,pathogenic,SLC3A1,458.0
Q07837,G458Y,0.7509,pathogenic,SLC3A1,458.0
Q07837,N459A,0.1142,benign,SLC3A1,459.0
Q07837,N459C,0.229,benign,SLC3A1,459.0
Q07837,N459D,0.0753,benign,SLC3A1,459.0
Q07837,N459E,0.1126,benign,SLC3A1,459.0
Q07837,N459F,0.2459,benign,SLC3A1,459.0
Q07837,N459G,0.1502,benign,SLC3A1,459.0
Q07837,N459H,0.0763,benign,SLC3A1,459.0
Q07837,N459I,0.1055,benign,SLC3A1,459.0
Q07837,N459K,0.0766,benign,SLC3A1,459.0
Q07837,N459L,0.1133,benign,SLC3A1,459.0
Q07837,N459M,0.1806,benign,SLC3A1,459.0
Q07837,N459P,0.1675,benign,SLC3A1,459.0
Q07837,N459Q,0.117,benign,SLC3A1,459.0
Q07837,N459R,0.0935,benign,SLC3A1,459.0
Q07837,N459S,0.0659,benign,SLC3A1,459.0
Q07837,N459T,0.0921,benign,SLC3A1,459.0
Q07837,N459V,0.1156,benign,SLC3A1,459.0
Q07837,N459W,0.4296,ambiguous,SLC3A1,459.0
Q07837,N459Y,0.0944,benign,SLC3A1,459.0
Q07837,Q460A,0.1056,benign,SLC3A1,460.0
Q07837,Q460C,0.5123,ambiguous,SLC3A1,460.0
Q07837,Q460D,0.1164,benign,SLC3A1,460.0
Q07837,Q460E,0.0446,benign,SLC3A1,460.0
Q07837,Q460F,0.4908,ambiguous,SLC3A1,460.0
Q07837,Q460G,0.1101,benign,SLC3A1,460.0
Q07837,Q460H,0.1468,benign,SLC3A1,460.0
Q07837,Q460I,0.2064,benign,SLC3A1,460.0
Q07837,Q460K,0.0636,benign,SLC3A1,460.0
Q07837,Q460L,0.1105,benign,SLC3A1,460.0
Q07837,Q460M,0.2412,benign,SLC3A1,460.0
Q07837,Q460N,0.1348,benign,SLC3A1,460.0
Q07837,Q460P,0.0949,benign,SLC3A1,460.0
Q07837,Q460R,0.0793,benign,SLC3A1,460.0
Q07837,Q460S,0.1159,benign,SLC3A1,460.0
Q07837,Q460T,0.0977,benign,SLC3A1,460.0
Q07837,Q460V,0.1429,benign,SLC3A1,460.0
Q07837,Q460W,0.3633,ambiguous,SLC3A1,460.0
Q07837,Q460Y,0.2907,benign,SLC3A1,460.0
Q07837,Y461A,0.5936,pathogenic,SLC3A1,461.0
Q07837,Y461C,0.3121,benign,SLC3A1,461.0
Q07837,Y461D,0.3609,ambiguous,SLC3A1,461.0
Q07837,Y461E,0.6969,pathogenic,SLC3A1,461.0
Q07837,Y461F,0.1419,benign,SLC3A1,461.0
Q07837,Y461G,0.5179,ambiguous,SLC3A1,461.0
Q07837,Y461H,0.2462,benign,SLC3A1,461.0
Q07837,Y461I,0.6706,pathogenic,SLC3A1,461.0
Q07837,Y461K,0.6754,pathogenic,SLC3A1,461.0
Q07837,Y461L,0.5277,ambiguous,SLC3A1,461.0
Q07837,Y461M,0.6539,pathogenic,SLC3A1,461.0
Q07837,Y461N,0.208,benign,SLC3A1,461.0
Q07837,Y461P,0.9137,pathogenic,SLC3A1,461.0
Q07837,Y461Q,0.5802,pathogenic,SLC3A1,461.0
Q07837,Y461R,0.524,ambiguous,SLC3A1,461.0
Q07837,Y461S,0.3158,benign,SLC3A1,461.0
Q07837,Y461T,0.5928,pathogenic,SLC3A1,461.0
Q07837,Y461V,0.5518,ambiguous,SLC3A1,461.0
Q07837,Y461W,0.4749,ambiguous,SLC3A1,461.0
Q07837,V462A,0.1453,benign,SLC3A1,462.0
Q07837,V462C,0.6872,pathogenic,SLC3A1,462.0
Q07837,V462D,0.4049,ambiguous,SLC3A1,462.0
Q07837,V462E,0.3115,benign,SLC3A1,462.0
Q07837,V462F,0.1979,benign,SLC3A1,462.0
Q07837,V462G,0.1725,benign,SLC3A1,462.0
Q07837,V462H,0.5705,pathogenic,SLC3A1,462.0
Q07837,V462I,0.0746,benign,SLC3A1,462.0
Q07837,V462K,0.361,ambiguous,SLC3A1,462.0
Q07837,V462L,0.193,benign,SLC3A1,462.0
Q07837,V462M,0.1397,benign,SLC3A1,462.0
Q07837,V462N,0.258,benign,SLC3A1,462.0
Q07837,V462P,0.6805,pathogenic,SLC3A1,462.0
Q07837,V462Q,0.3263,benign,SLC3A1,462.0
Q07837,V462R,0.2963,benign,SLC3A1,462.0
Q07837,V462S,0.179,benign,SLC3A1,462.0
Q07837,V462T,0.1489,benign,SLC3A1,462.0
Q07837,V462W,0.7841,pathogenic,SLC3A1,462.0
Q07837,V462Y,0.5531,ambiguous,SLC3A1,462.0
Q07837,N463A,0.2856,benign,SLC3A1,463.0
Q07837,N463C,0.372,ambiguous,SLC3A1,463.0
Q07837,N463D,0.1313,benign,SLC3A1,463.0
Q07837,N463E,0.442,ambiguous,SLC3A1,463.0
Q07837,N463F,0.6859,pathogenic,SLC3A1,463.0
Q07837,N463G,0.3381,benign,SLC3A1,463.0
Q07837,N463H,0.1171,benign,SLC3A1,463.0
Q07837,N463I,0.3718,ambiguous,SLC3A1,463.0
Q07837,N463K,0.3227,benign,SLC3A1,463.0
Q07837,N463L,0.347,ambiguous,SLC3A1,463.0
Q07837,N463M,0.4881,ambiguous,SLC3A1,463.0
Q07837,N463P,0.4114,ambiguous,SLC3A1,463.0
Q07837,N463Q,0.3878,ambiguous,SLC3A1,463.0
Q07837,N463R,0.3017,benign,SLC3A1,463.0
Q07837,N463S,0.1036,benign,SLC3A1,463.0
Q07837,N463T,0.1998,benign,SLC3A1,463.0
Q07837,N463V,0.3773,ambiguous,SLC3A1,463.0
Q07837,N463W,0.7951,pathogenic,SLC3A1,463.0
Q07837,N463Y,0.2065,benign,SLC3A1,463.0
Q07837,V464A,0.1232,benign,SLC3A1,464.0
Q07837,V464C,0.6981,pathogenic,SLC3A1,464.0
Q07837,V464D,0.5369,ambiguous,SLC3A1,464.0
Q07837,V464E,0.5144,ambiguous,SLC3A1,464.0
Q07837,V464F,0.3793,ambiguous,SLC3A1,464.0
Q07837,V464G,0.2168,benign,SLC3A1,464.0
Q07837,V464H,0.7765,pathogenic,SLC3A1,464.0
Q07837,V464I,0.0747,benign,SLC3A1,464.0
Q07837,V464K,0.6227,pathogenic,SLC3A1,464.0
Q07837,V464L,0.1858,benign,SLC3A1,464.0
Q07837,V464M,0.1378,benign,SLC3A1,464.0
Q07837,V464N,0.3197,benign,SLC3A1,464.0
Q07837,V464P,0.611,pathogenic,SLC3A1,464.0
Q07837,V464Q,0.545,ambiguous,SLC3A1,464.0
Q07837,V464R,0.5713,pathogenic,SLC3A1,464.0
Q07837,V464S,0.1796,benign,SLC3A1,464.0
Q07837,V464T,0.13,benign,SLC3A1,464.0
Q07837,V464W,0.9199,pathogenic,SLC3A1,464.0
Q07837,V464Y,0.7775,pathogenic,SLC3A1,464.0
Q07837,M465A,0.5185,ambiguous,SLC3A1,465.0
Q07837,M465C,0.8575,pathogenic,SLC3A1,465.0
Q07837,M465D,0.9749,pathogenic,SLC3A1,465.0
Q07837,M465E,0.8503,pathogenic,SLC3A1,465.0
Q07837,M465F,0.352,ambiguous,SLC3A1,465.0
Q07837,M465G,0.7712,pathogenic,SLC3A1,465.0
Q07837,M465H,0.8639,pathogenic,SLC3A1,465.0
Q07837,M465I,0.4002,ambiguous,SLC3A1,465.0
Q07837,M465K,0.6207,pathogenic,SLC3A1,465.0
Q07837,M465L,0.1412,benign,SLC3A1,465.0
Q07837,M465N,0.856,pathogenic,SLC3A1,465.0
Q07837,M465P,0.9555,pathogenic,SLC3A1,465.0
Q07837,M465Q,0.628,pathogenic,SLC3A1,465.0
Q07837,M465R,0.6033,pathogenic,SLC3A1,465.0
Q07837,M465S,0.6756,pathogenic,SLC3A1,465.0
Q07837,M465T,0.3977,ambiguous,SLC3A1,465.0
Q07837,M465V,0.1423,benign,SLC3A1,465.0
Q07837,M465W,0.7604,pathogenic,SLC3A1,465.0
Q07837,M465Y,0.7809,pathogenic,SLC3A1,465.0
Q07837,N466A,0.5451,ambiguous,SLC3A1,466.0
Q07837,N466C,0.554,ambiguous,SLC3A1,466.0
Q07837,N466D,0.5097,ambiguous,SLC3A1,466.0
Q07837,N466E,0.7596,pathogenic,SLC3A1,466.0
Q07837,N466F,0.8181,pathogenic,SLC3A1,466.0
Q07837,N466G,0.5572,ambiguous,SLC3A1,466.0
Q07837,N466H,0.1596,benign,SLC3A1,466.0
Q07837,N466I,0.4732,ambiguous,SLC3A1,466.0
Q07837,N466K,0.6879,pathogenic,SLC3A1,466.0
Q07837,N466L,0.4137,ambiguous,SLC3A1,466.0
Q07837,N466M,0.477,ambiguous,SLC3A1,466.0
Q07837,N466P,0.9279,pathogenic,SLC3A1,466.0
Q07837,N466Q,0.5945,pathogenic,SLC3A1,466.0
Q07837,N466R,0.7619,pathogenic,SLC3A1,466.0
Q07837,N466S,0.1925,benign,SLC3A1,466.0
Q07837,N466T,0.3163,benign,SLC3A1,466.0
Q07837,N466V,0.5299,ambiguous,SLC3A1,466.0
Q07837,N466W,0.9071,pathogenic,SLC3A1,466.0
Q07837,N466Y,0.3406,ambiguous,SLC3A1,466.0
Q07837,M467A,0.6572,pathogenic,SLC3A1,467.0
Q07837,M467C,0.9206,pathogenic,SLC3A1,467.0
Q07837,M467D,0.9884,pathogenic,SLC3A1,467.0
Q07837,M467E,0.934,pathogenic,SLC3A1,467.0
Q07837,M467F,0.622,pathogenic,SLC3A1,467.0
Q07837,M467G,0.9041,pathogenic,SLC3A1,467.0
Q07837,M467H,0.9452,pathogenic,SLC3A1,467.0
Q07837,M467I,0.5029,ambiguous,SLC3A1,467.0
Q07837,M467K,0.8123,pathogenic,SLC3A1,467.0
Q07837,M467L,0.1976,benign,SLC3A1,467.0
Q07837,M467N,0.9109,pathogenic,SLC3A1,467.0
Q07837,M467P,0.9886,pathogenic,SLC3A1,467.0
Q07837,M467Q,0.8073,pathogenic,SLC3A1,467.0
Q07837,M467R,0.8318,pathogenic,SLC3A1,467.0
Q07837,M467S,0.7622,pathogenic,SLC3A1,467.0
Q07837,M467T,0.3819,ambiguous,SLC3A1,467.0
Q07837,M467V,0.1367,benign,SLC3A1,467.0
Q07837,M467W,0.96,pathogenic,SLC3A1,467.0
Q07837,M467Y,0.9333,pathogenic,SLC3A1,467.0
Q07837,L468A,0.6829,pathogenic,SLC3A1,468.0
Q07837,L468C,0.8611,pathogenic,SLC3A1,468.0
Q07837,L468D,0.9934,pathogenic,SLC3A1,468.0
Q07837,L468E,0.9683,pathogenic,SLC3A1,468.0
Q07837,L468F,0.3687,ambiguous,SLC3A1,468.0
Q07837,L468G,0.9241,pathogenic,SLC3A1,468.0
Q07837,L468H,0.9145,pathogenic,SLC3A1,468.0
Q07837,L468I,0.2275,benign,SLC3A1,468.0
Q07837,L468K,0.9618,pathogenic,SLC3A1,468.0
Q07837,L468M,0.1894,benign,SLC3A1,468.0
Q07837,L468N,0.9668,pathogenic,SLC3A1,468.0
Q07837,L468P,0.9598,pathogenic,SLC3A1,468.0
Q07837,L468Q,0.8502,pathogenic,SLC3A1,468.0
Q07837,L468R,0.9329,pathogenic,SLC3A1,468.0
Q07837,L468S,0.8794,pathogenic,SLC3A1,468.0
Q07837,L468T,0.7759,pathogenic,SLC3A1,468.0
Q07837,L468V,0.2441,benign,SLC3A1,468.0
Q07837,L468W,0.8099,pathogenic,SLC3A1,468.0
Q07837,L468Y,0.8892,pathogenic,SLC3A1,468.0
Q07837,L469A,0.3461,ambiguous,SLC3A1,469.0
Q07837,L469C,0.6701,pathogenic,SLC3A1,469.0
Q07837,L469D,0.8767,pathogenic,SLC3A1,469.0
Q07837,L469E,0.6371,pathogenic,SLC3A1,469.0
Q07837,L469F,0.3496,ambiguous,SLC3A1,469.0
Q07837,L469G,0.6594,pathogenic,SLC3A1,469.0
Q07837,L469H,0.5056,ambiguous,SLC3A1,469.0
Q07837,L469I,0.0773,benign,SLC3A1,469.0
Q07837,L469K,0.6611,pathogenic,SLC3A1,469.0
Q07837,L469M,0.1575,benign,SLC3A1,469.0
Q07837,L469N,0.4439,ambiguous,SLC3A1,469.0
Q07837,L469P,0.7517,pathogenic,SLC3A1,469.0
Q07837,L469Q,0.3489,ambiguous,SLC3A1,469.0
Q07837,L469R,0.532,ambiguous,SLC3A1,469.0
Q07837,L469S,0.3987,ambiguous,SLC3A1,469.0
Q07837,L469T,0.2763,benign,SLC3A1,469.0
Q07837,L469V,0.0921,benign,SLC3A1,469.0
Q07837,L469W,0.64,pathogenic,SLC3A1,469.0
Q07837,L469Y,0.6523,pathogenic,SLC3A1,469.0
Q07837,F470A,0.5673,pathogenic,SLC3A1,470.0
Q07837,F470C,0.316,benign,SLC3A1,470.0
Q07837,F470D,0.8847,pathogenic,SLC3A1,470.0
Q07837,F470E,0.8976,pathogenic,SLC3A1,470.0
Q07837,F470G,0.7386,pathogenic,SLC3A1,470.0
Q07837,F470H,0.5577,ambiguous,SLC3A1,470.0
Q07837,F470I,0.281,benign,SLC3A1,470.0
Q07837,F470K,0.8977,pathogenic,SLC3A1,470.0
Q07837,F470L,0.4684,ambiguous,SLC3A1,470.0
Q07837,F470M,0.3752,ambiguous,SLC3A1,470.0
Q07837,F470N,0.6578,pathogenic,SLC3A1,470.0
Q07837,F470P,0.971,pathogenic,SLC3A1,470.0
Q07837,F470Q,0.7601,pathogenic,SLC3A1,470.0
Q07837,F470R,0.8285,pathogenic,SLC3A1,470.0
Q07837,F470S,0.4105,ambiguous,SLC3A1,470.0
Q07837,F470T,0.6329,pathogenic,SLC3A1,470.0
Q07837,F470V,0.279,benign,SLC3A1,470.0
Q07837,F470W,0.4982,ambiguous,SLC3A1,470.0
Q07837,F470Y,0.1797,benign,SLC3A1,470.0
Q07837,T471A,0.3521,ambiguous,SLC3A1,471.0
Q07837,T471C,0.7539,pathogenic,SLC3A1,471.0
Q07837,T471D,0.9527,pathogenic,SLC3A1,471.0
Q07837,T471E,0.953,pathogenic,SLC3A1,471.0
Q07837,T471F,0.8083,pathogenic,SLC3A1,471.0
Q07837,T471G,0.6263,pathogenic,SLC3A1,471.0
Q07837,T471H,0.8162,pathogenic,SLC3A1,471.0
Q07837,T471I,0.7075,pathogenic,SLC3A1,471.0
Q07837,T471K,0.9253,pathogenic,SLC3A1,471.0
Q07837,T471L,0.2986,benign,SLC3A1,471.0
Q07837,T471M,0.2323,benign,SLC3A1,471.0
Q07837,T471N,0.6764,pathogenic,SLC3A1,471.0
Q07837,T471P,0.7642,pathogenic,SLC3A1,471.0
Q07837,T471Q,0.8508,pathogenic,SLC3A1,471.0
Q07837,T471R,0.8839,pathogenic,SLC3A1,471.0
Q07837,T471S,0.2449,benign,SLC3A1,471.0
Q07837,T471V,0.5949,pathogenic,SLC3A1,471.0
Q07837,T471W,0.9681,pathogenic,SLC3A1,471.0
Q07837,T471Y,0.9188,pathogenic,SLC3A1,471.0
Q07837,L472A,0.7694,pathogenic,SLC3A1,472.0
Q07837,L472C,0.9246,pathogenic,SLC3A1,472.0
Q07837,L472D,0.997,pathogenic,SLC3A1,472.0
Q07837,L472E,0.9637,pathogenic,SLC3A1,472.0
Q07837,L472F,0.6209,pathogenic,SLC3A1,472.0
Q07837,L472G,0.967,pathogenic,SLC3A1,472.0
Q07837,L472H,0.9436,pathogenic,SLC3A1,472.0
Q07837,L472I,0.2298,benign,SLC3A1,472.0
Q07837,L472K,0.9634,pathogenic,SLC3A1,472.0
Q07837,L472M,0.2499,benign,SLC3A1,472.0
Q07837,L472N,0.9625,pathogenic,SLC3A1,472.0
Q07837,L472P,0.9846,pathogenic,SLC3A1,472.0
Q07837,L472Q,0.8302,pathogenic,SLC3A1,472.0
Q07837,L472R,0.9314,pathogenic,SLC3A1,472.0
Q07837,L472S,0.8634,pathogenic,SLC3A1,472.0
Q07837,L472T,0.7576,pathogenic,SLC3A1,472.0
Q07837,L472V,0.2525,benign,SLC3A1,472.0
Q07837,L472W,0.9421,pathogenic,SLC3A1,472.0
Q07837,L472Y,0.9591,pathogenic,SLC3A1,472.0
Q07837,P473A,0.3786,ambiguous,SLC3A1,473.0
Q07837,P473C,0.9338,pathogenic,SLC3A1,473.0
Q07837,P473D,0.9499,pathogenic,SLC3A1,473.0
Q07837,P473E,0.8586,pathogenic,SLC3A1,473.0
Q07837,P473F,0.9524,pathogenic,SLC3A1,473.0
Q07837,P473G,0.8273,pathogenic,SLC3A1,473.0
Q07837,P473H,0.6949,pathogenic,SLC3A1,473.0
Q07837,P473I,0.9116,pathogenic,SLC3A1,473.0
Q07837,P473K,0.8447,pathogenic,SLC3A1,473.0
Q07837,P473L,0.5552,ambiguous,SLC3A1,473.0
Q07837,P473M,0.8934,pathogenic,SLC3A1,473.0
Q07837,P473N,0.9244,pathogenic,SLC3A1,473.0
Q07837,P473Q,0.6178,pathogenic,SLC3A1,473.0
Q07837,P473R,0.5668,pathogenic,SLC3A1,473.0
Q07837,P473S,0.556,ambiguous,SLC3A1,473.0
Q07837,P473T,0.5654,pathogenic,SLC3A1,473.0
Q07837,P473V,0.8225,pathogenic,SLC3A1,473.0
Q07837,P473W,0.9503,pathogenic,SLC3A1,473.0
Q07837,P473Y,0.9376,pathogenic,SLC3A1,473.0
Q07837,G474A,0.7276,pathogenic,SLC3A1,474.0
Q07837,G474C,0.9562,pathogenic,SLC3A1,474.0
Q07837,G474D,0.9723,pathogenic,SLC3A1,474.0
Q07837,G474E,0.9728,pathogenic,SLC3A1,474.0
Q07837,G474F,0.9931,pathogenic,SLC3A1,474.0
Q07837,G474H,0.993,pathogenic,SLC3A1,474.0
Q07837,G474I,0.9921,pathogenic,SLC3A1,474.0
Q07837,G474K,0.9911,pathogenic,SLC3A1,474.0
Q07837,G474L,0.9873,pathogenic,SLC3A1,474.0
Q07837,G474M,0.9923,pathogenic,SLC3A1,474.0
Q07837,G474N,0.9842,pathogenic,SLC3A1,474.0
Q07837,G474P,0.9965,pathogenic,SLC3A1,474.0
Q07837,G474Q,0.9824,pathogenic,SLC3A1,474.0
Q07837,G474R,0.9655,pathogenic,SLC3A1,474.0
Q07837,G474S,0.6703,pathogenic,SLC3A1,474.0
Q07837,G474T,0.9598,pathogenic,SLC3A1,474.0
Q07837,G474V,0.9722,pathogenic,SLC3A1,474.0
Q07837,G474W,0.9871,pathogenic,SLC3A1,474.0
Q07837,G474Y,0.9925,pathogenic,SLC3A1,474.0
Q07837,T475A,0.4048,ambiguous,SLC3A1,475.0
Q07837,T475C,0.8641,pathogenic,SLC3A1,475.0
Q07837,T475D,0.9541,pathogenic,SLC3A1,475.0
Q07837,T475E,0.9322,pathogenic,SLC3A1,475.0
Q07837,T475F,0.8472,pathogenic,SLC3A1,475.0
Q07837,T475G,0.843,pathogenic,SLC3A1,475.0
Q07837,T475H,0.8239,pathogenic,SLC3A1,475.0
Q07837,T475I,0.5392,ambiguous,SLC3A1,475.0
Q07837,T475K,0.8489,pathogenic,SLC3A1,475.0
Q07837,T475L,0.3611,ambiguous,SLC3A1,475.0
Q07837,T475M,0.1884,benign,SLC3A1,475.0
Q07837,T475N,0.4973,ambiguous,SLC3A1,475.0
Q07837,T475P,0.7622,pathogenic,SLC3A1,475.0
Q07837,T475Q,0.7982,pathogenic,SLC3A1,475.0
Q07837,T475R,0.8221,pathogenic,SLC3A1,475.0
Q07837,T475S,0.342,ambiguous,SLC3A1,475.0
Q07837,T475V,0.4437,ambiguous,SLC3A1,475.0
Q07837,T475W,0.9694,pathogenic,SLC3A1,475.0
Q07837,T475Y,0.8931,pathogenic,SLC3A1,475.0
Q07837,P476A,0.1089,benign,SLC3A1,476.0
Q07837,P476C,0.6672,pathogenic,SLC3A1,476.0
Q07837,P476D,0.9228,pathogenic,SLC3A1,476.0
Q07837,P476E,0.7586,pathogenic,SLC3A1,476.0
Q07837,P476F,0.8222,pathogenic,SLC3A1,476.0
Q07837,P476G,0.5443,ambiguous,SLC3A1,476.0
Q07837,P476H,0.5236,ambiguous,SLC3A1,476.0
Q07837,P476I,0.528,ambiguous,SLC3A1,476.0
Q07837,P476K,0.7096,pathogenic,SLC3A1,476.0
Q07837,P476L,0.2642,benign,SLC3A1,476.0
Q07837,P476M,0.5506,ambiguous,SLC3A1,476.0
Q07837,P476N,0.7228,pathogenic,SLC3A1,476.0
Q07837,P476Q,0.3922,ambiguous,SLC3A1,476.0
Q07837,P476R,0.4497,ambiguous,SLC3A1,476.0
Q07837,P476S,0.2119,benign,SLC3A1,476.0
Q07837,P476T,0.2117,benign,SLC3A1,476.0
Q07837,P476V,0.3407,ambiguous,SLC3A1,476.0
Q07837,P476W,0.9037,pathogenic,SLC3A1,476.0
Q07837,P476Y,0.8235,pathogenic,SLC3A1,476.0
Q07837,I477A,0.5208,ambiguous,SLC3A1,477.0
Q07837,I477C,0.8532,pathogenic,SLC3A1,477.0
Q07837,I477D,0.9411,pathogenic,SLC3A1,477.0
Q07837,I477E,0.8683,pathogenic,SLC3A1,477.0
Q07837,I477F,0.25,benign,SLC3A1,477.0
Q07837,I477G,0.867,pathogenic,SLC3A1,477.0
Q07837,I477H,0.8225,pathogenic,SLC3A1,477.0
Q07837,I477K,0.7608,pathogenic,SLC3A1,477.0
Q07837,I477L,0.1873,benign,SLC3A1,477.0
Q07837,I477M,0.1522,benign,SLC3A1,477.0
Q07837,I477N,0.6099,pathogenic,SLC3A1,477.0
Q07837,I477P,0.949,pathogenic,SLC3A1,477.0
Q07837,I477Q,0.7793,pathogenic,SLC3A1,477.0
Q07837,I477R,0.6696,pathogenic,SLC3A1,477.0
Q07837,I477S,0.5708,pathogenic,SLC3A1,477.0
Q07837,I477T,0.3866,ambiguous,SLC3A1,477.0
Q07837,I477V,0.0679,benign,SLC3A1,477.0
Q07837,I477W,0.9033,pathogenic,SLC3A1,477.0
Q07837,I477Y,0.7507,pathogenic,SLC3A1,477.0
Q07837,T478A,0.1743,benign,SLC3A1,478.0
Q07837,T478C,0.5342,ambiguous,SLC3A1,478.0
Q07837,T478D,0.8477,pathogenic,SLC3A1,478.0
Q07837,T478E,0.8519,pathogenic,SLC3A1,478.0
Q07837,T478F,0.5647,pathogenic,SLC3A1,478.0
Q07837,T478G,0.5202,ambiguous,SLC3A1,478.0
Q07837,T478H,0.582,pathogenic,SLC3A1,478.0
Q07837,T478I,0.3495,ambiguous,SLC3A1,478.0
Q07837,T478K,0.7986,pathogenic,SLC3A1,478.0
Q07837,T478L,0.2471,benign,SLC3A1,478.0
Q07837,T478M,0.1702,benign,SLC3A1,478.0
Q07837,T478N,0.3248,benign,SLC3A1,478.0
Q07837,T478P,0.5346,ambiguous,SLC3A1,478.0
Q07837,T478Q,0.6756,pathogenic,SLC3A1,478.0
Q07837,T478R,0.6823,pathogenic,SLC3A1,478.0
Q07837,T478S,0.1695,benign,SLC3A1,478.0
Q07837,T478V,0.2833,benign,SLC3A1,478.0
Q07837,T478W,0.8906,pathogenic,SLC3A1,478.0
Q07837,T478Y,0.67,pathogenic,SLC3A1,478.0
Q07837,Y479A,0.8606,pathogenic,SLC3A1,479.0
Q07837,Y479C,0.4005,ambiguous,SLC3A1,479.0
Q07837,Y479D,0.8108,pathogenic,SLC3A1,479.0
Q07837,Y479E,0.9629,pathogenic,SLC3A1,479.0
Q07837,Y479F,0.1852,benign,SLC3A1,479.0
Q07837,Y479G,0.7932,pathogenic,SLC3A1,479.0
Q07837,Y479H,0.6833,pathogenic,SLC3A1,479.0
Q07837,Y479I,0.8709,pathogenic,SLC3A1,479.0
Q07837,Y479K,0.975,pathogenic,SLC3A1,479.0
Q07837,Y479L,0.6773,pathogenic,SLC3A1,479.0
Q07837,Y479M,0.8817,pathogenic,SLC3A1,479.0
Q07837,Y479N,0.5254,ambiguous,SLC3A1,479.0
Q07837,Y479P,0.9516,pathogenic,SLC3A1,479.0
Q07837,Y479Q,0.9359,pathogenic,SLC3A1,479.0
Q07837,Y479R,0.9027,pathogenic,SLC3A1,479.0
Q07837,Y479S,0.5025,ambiguous,SLC3A1,479.0
Q07837,Y479T,0.8105,pathogenic,SLC3A1,479.0
Q07837,Y479V,0.7638,pathogenic,SLC3A1,479.0
Q07837,Y479W,0.6248,pathogenic,SLC3A1,479.0
Q07837,Y480A,0.5821,pathogenic,SLC3A1,480.0
Q07837,Y480C,0.2043,benign,SLC3A1,480.0
Q07837,Y480D,0.5822,pathogenic,SLC3A1,480.0
Q07837,Y480E,0.8075,pathogenic,SLC3A1,480.0
Q07837,Y480F,0.1976,benign,SLC3A1,480.0
Q07837,Y480G,0.5368,ambiguous,SLC3A1,480.0
Q07837,Y480H,0.5027,ambiguous,SLC3A1,480.0
Q07837,Y480I,0.7894,pathogenic,SLC3A1,480.0
Q07837,Y480K,0.9193,pathogenic,SLC3A1,480.0
Q07837,Y480L,0.6402,pathogenic,SLC3A1,480.0
Q07837,Y480M,0.6715,pathogenic,SLC3A1,480.0
Q07837,Y480N,0.151,benign,SLC3A1,480.0
Q07837,Y480P,0.882,pathogenic,SLC3A1,480.0
Q07837,Y480Q,0.5416,ambiguous,SLC3A1,480.0
Q07837,Y480R,0.7803,pathogenic,SLC3A1,480.0
Q07837,Y480S,0.2039,benign,SLC3A1,480.0
Q07837,Y480T,0.6602,pathogenic,SLC3A1,480.0
Q07837,Y480V,0.6529,pathogenic,SLC3A1,480.0
Q07837,Y480W,0.7713,pathogenic,SLC3A1,480.0
Q07837,G481A,0.6766,pathogenic,SLC3A1,481.0
Q07837,G481C,0.9009,pathogenic,SLC3A1,481.0
Q07837,G481D,0.967,pathogenic,SLC3A1,481.0
Q07837,G481E,0.9523,pathogenic,SLC3A1,481.0
Q07837,G481F,0.994,pathogenic,SLC3A1,481.0
Q07837,G481H,0.9892,pathogenic,SLC3A1,481.0
Q07837,G481I,0.9914,pathogenic,SLC3A1,481.0
Q07837,G481K,0.98,pathogenic,SLC3A1,481.0
Q07837,G481L,0.982,pathogenic,SLC3A1,481.0
Q07837,G481M,0.9896,pathogenic,SLC3A1,481.0
Q07837,G481N,0.9799,pathogenic,SLC3A1,481.0
Q07837,G481P,0.9965,pathogenic,SLC3A1,481.0
Q07837,G481Q,0.9579,pathogenic,SLC3A1,481.0
Q07837,G481R,0.9106,pathogenic,SLC3A1,481.0
Q07837,G481S,0.5876,pathogenic,SLC3A1,481.0
Q07837,G481T,0.9405,pathogenic,SLC3A1,481.0
Q07837,G481V,0.9732,pathogenic,SLC3A1,481.0
Q07837,G481W,0.9779,pathogenic,SLC3A1,481.0
Q07837,G481Y,0.992,pathogenic,SLC3A1,481.0
Q07837,E482A,0.8439,pathogenic,SLC3A1,482.0
Q07837,E482C,0.9914,pathogenic,SLC3A1,482.0
Q07837,E482D,0.3543,ambiguous,SLC3A1,482.0
Q07837,E482F,0.9956,pathogenic,SLC3A1,482.0
Q07837,E482G,0.7632,pathogenic,SLC3A1,482.0
Q07837,E482H,0.9787,pathogenic,SLC3A1,482.0
Q07837,E482I,0.9754,pathogenic,SLC3A1,482.0
Q07837,E482K,0.8016,pathogenic,SLC3A1,482.0
Q07837,E482L,0.9757,pathogenic,SLC3A1,482.0
Q07837,E482M,0.9569,pathogenic,SLC3A1,482.0
Q07837,E482N,0.8487,pathogenic,SLC3A1,482.0
Q07837,E482P,0.9955,pathogenic,SLC3A1,482.0
Q07837,E482Q,0.7205,pathogenic,SLC3A1,482.0
Q07837,E482R,0.9087,pathogenic,SLC3A1,482.0
Q07837,E482S,0.8058,pathogenic,SLC3A1,482.0
Q07837,E482T,0.9006,pathogenic,SLC3A1,482.0
Q07837,E482V,0.9232,pathogenic,SLC3A1,482.0
Q07837,E482W,0.9967,pathogenic,SLC3A1,482.0
Q07837,E482Y,0.9889,pathogenic,SLC3A1,482.0
Q07837,E483A,0.9319,pathogenic,SLC3A1,483.0
Q07837,E483C,0.9961,pathogenic,SLC3A1,483.0
Q07837,E483D,0.9373,pathogenic,SLC3A1,483.0
Q07837,E483F,0.9983,pathogenic,SLC3A1,483.0
Q07837,E483G,0.927,pathogenic,SLC3A1,483.0
Q07837,E483H,0.992,pathogenic,SLC3A1,483.0
Q07837,E483I,0.9851,pathogenic,SLC3A1,483.0
Q07837,E483K,0.9338,pathogenic,SLC3A1,483.0
Q07837,E483L,0.992,pathogenic,SLC3A1,483.0
Q07837,E483M,0.9895,pathogenic,SLC3A1,483.0
Q07837,E483N,0.9862,pathogenic,SLC3A1,483.0
Q07837,E483P,0.9903,pathogenic,SLC3A1,483.0
Q07837,E483Q,0.9264,pathogenic,SLC3A1,483.0
Q07837,E483R,0.9666,pathogenic,SLC3A1,483.0
Q07837,E483S,0.977,pathogenic,SLC3A1,483.0
Q07837,E483T,0.9798,pathogenic,SLC3A1,483.0
Q07837,E483V,0.962,pathogenic,SLC3A1,483.0
Q07837,E483W,0.9994,pathogenic,SLC3A1,483.0
Q07837,E483Y,0.9962,pathogenic,SLC3A1,483.0
Q07837,I484A,0.5384,ambiguous,SLC3A1,484.0
Q07837,I484C,0.9566,pathogenic,SLC3A1,484.0
Q07837,I484D,0.9709,pathogenic,SLC3A1,484.0
Q07837,I484E,0.9296,pathogenic,SLC3A1,484.0
Q07837,I484F,0.5175,ambiguous,SLC3A1,484.0
Q07837,I484G,0.9358,pathogenic,SLC3A1,484.0
Q07837,I484H,0.9589,pathogenic,SLC3A1,484.0
Q07837,I484K,0.893,pathogenic,SLC3A1,484.0
Q07837,I484L,0.0914,benign,SLC3A1,484.0
Q07837,I484M,0.1423,benign,SLC3A1,484.0
Q07837,I484N,0.7532,pathogenic,SLC3A1,484.0
Q07837,I484P,0.9512,pathogenic,SLC3A1,484.0
Q07837,I484Q,0.9217,pathogenic,SLC3A1,484.0
Q07837,I484R,0.8421,pathogenic,SLC3A1,484.0
Q07837,I484S,0.7027,pathogenic,SLC3A1,484.0
Q07837,I484T,0.2337,benign,SLC3A1,484.0
Q07837,I484V,0.2,benign,SLC3A1,484.0
Q07837,I484W,0.9558,pathogenic,SLC3A1,484.0
Q07837,I484Y,0.9131,pathogenic,SLC3A1,484.0
Q07837,G485A,0.2317,benign,SLC3A1,485.0
Q07837,G485C,0.4327,ambiguous,SLC3A1,485.0
Q07837,G485D,0.7401,pathogenic,SLC3A1,485.0
Q07837,G485E,0.6671,pathogenic,SLC3A1,485.0
Q07837,G485F,0.8963,pathogenic,SLC3A1,485.0
Q07837,G485H,0.8384,pathogenic,SLC3A1,485.0
Q07837,G485I,0.847,pathogenic,SLC3A1,485.0
Q07837,G485K,0.8342,pathogenic,SLC3A1,485.0
Q07837,G485L,0.7749,pathogenic,SLC3A1,485.0
Q07837,G485M,0.8445,pathogenic,SLC3A1,485.0
Q07837,G485N,0.6863,pathogenic,SLC3A1,485.0
Q07837,G485P,0.9851,pathogenic,SLC3A1,485.0
Q07837,G485Q,0.6749,pathogenic,SLC3A1,485.0
Q07837,G485R,0.6015,pathogenic,SLC3A1,485.0
Q07837,G485S,0.1885,benign,SLC3A1,485.0
Q07837,G485T,0.5889,pathogenic,SLC3A1,485.0
Q07837,G485V,0.732,pathogenic,SLC3A1,485.0
Q07837,G485W,0.8465,pathogenic,SLC3A1,485.0
Q07837,G485Y,0.8512,pathogenic,SLC3A1,485.0
Q07837,M486A,0.8706,pathogenic,SLC3A1,486.0
Q07837,M486C,0.9734,pathogenic,SLC3A1,486.0
Q07837,M486D,0.9837,pathogenic,SLC3A1,486.0
Q07837,M486E,0.8347,pathogenic,SLC3A1,486.0
Q07837,M486F,0.7333,pathogenic,SLC3A1,486.0
Q07837,M486G,0.9586,pathogenic,SLC3A1,486.0
Q07837,M486H,0.9536,pathogenic,SLC3A1,486.0
Q07837,M486I,0.8048,pathogenic,SLC3A1,486.0
Q07837,M486K,0.8007,pathogenic,SLC3A1,486.0
Q07837,M486L,0.4358,ambiguous,SLC3A1,486.0
Q07837,M486N,0.9204,pathogenic,SLC3A1,486.0
Q07837,M486P,0.9911,pathogenic,SLC3A1,486.0
Q07837,M486Q,0.5948,pathogenic,SLC3A1,486.0
Q07837,M486R,0.8156,pathogenic,SLC3A1,486.0
Q07837,M486S,0.8774,pathogenic,SLC3A1,486.0
Q07837,M486T,0.8327,pathogenic,SLC3A1,486.0
Q07837,M486V,0.5105,ambiguous,SLC3A1,486.0
Q07837,M486W,0.9656,pathogenic,SLC3A1,486.0
Q07837,M486Y,0.9565,pathogenic,SLC3A1,486.0
Q07837,G487A,0.0955,benign,SLC3A1,487.0
Q07837,G487C,0.2317,benign,SLC3A1,487.0
Q07837,G487D,0.1458,benign,SLC3A1,487.0
Q07837,G487E,0.0684,benign,SLC3A1,487.0
Q07837,G487F,0.4904,ambiguous,SLC3A1,487.0
Q07837,G487H,0.2309,benign,SLC3A1,487.0
Q07837,G487I,0.203,benign,SLC3A1,487.0
Q07837,G487K,0.1132,benign,SLC3A1,487.0
Q07837,G487L,0.2802,benign,SLC3A1,487.0
Q07837,G487M,0.3239,benign,SLC3A1,487.0
Q07837,G487N,0.2002,benign,SLC3A1,487.0
Q07837,G487P,0.5752,pathogenic,SLC3A1,487.0
Q07837,G487Q,0.1131,benign,SLC3A1,487.0
Q07837,G487R,0.0931,benign,SLC3A1,487.0
Q07837,G487S,0.1018,benign,SLC3A1,487.0
Q07837,G487T,0.112,benign,SLC3A1,487.0
Q07837,G487V,0.1406,benign,SLC3A1,487.0
Q07837,G487W,0.2943,benign,SLC3A1,487.0
Q07837,G487Y,0.301,benign,SLC3A1,487.0
Q07837,N488A,0.408,ambiguous,SLC3A1,488.0
Q07837,N488C,0.5158,ambiguous,SLC3A1,488.0
Q07837,N488D,0.0588,benign,SLC3A1,488.0
Q07837,N488E,0.4041,ambiguous,SLC3A1,488.0
Q07837,N488F,0.7503,pathogenic,SLC3A1,488.0
Q07837,N488G,0.4085,ambiguous,SLC3A1,488.0
Q07837,N488H,0.2286,benign,SLC3A1,488.0
Q07837,N488I,0.4432,ambiguous,SLC3A1,488.0
Q07837,N488K,0.5691,pathogenic,SLC3A1,488.0
Q07837,N488L,0.5237,ambiguous,SLC3A1,488.0
Q07837,N488M,0.5581,ambiguous,SLC3A1,488.0
Q07837,N488P,0.7573,pathogenic,SLC3A1,488.0
Q07837,N488Q,0.5253,ambiguous,SLC3A1,488.0
Q07837,N488R,0.6068,pathogenic,SLC3A1,488.0
Q07837,N488S,0.1165,benign,SLC3A1,488.0
Q07837,N488T,0.2221,benign,SLC3A1,488.0
Q07837,N488V,0.4549,ambiguous,SLC3A1,488.0
Q07837,N488W,0.8856,pathogenic,SLC3A1,488.0
Q07837,N488Y,0.3036,benign,SLC3A1,488.0
Q07837,I489A,0.1256,benign,SLC3A1,489.0
Q07837,I489C,0.6509,pathogenic,SLC3A1,489.0
Q07837,I489D,0.3916,ambiguous,SLC3A1,489.0
Q07837,I489E,0.3475,ambiguous,SLC3A1,489.0
Q07837,I489F,0.1205,benign,SLC3A1,489.0
Q07837,I489G,0.3696,ambiguous,SLC3A1,489.0
Q07837,I489H,0.3741,ambiguous,SLC3A1,489.0
Q07837,I489K,0.2812,benign,SLC3A1,489.0
Q07837,I489L,0.1017,benign,SLC3A1,489.0
Q07837,I489M,0.0848,benign,SLC3A1,489.0
Q07837,I489N,0.1574,benign,SLC3A1,489.0
Q07837,I489P,0.3923,ambiguous,SLC3A1,489.0
Q07837,I489Q,0.3513,ambiguous,SLC3A1,489.0
Q07837,I489R,0.1826,benign,SLC3A1,489.0
Q07837,I489S,0.1404,benign,SLC3A1,489.0
Q07837,I489T,0.0697,benign,SLC3A1,489.0
Q07837,I489V,0.0703,benign,SLC3A1,489.0
Q07837,I489W,0.673,pathogenic,SLC3A1,489.0
Q07837,I489Y,0.4175,ambiguous,SLC3A1,489.0
Q07837,V490A,0.0645,benign,SLC3A1,490.0
Q07837,V490C,0.4315,ambiguous,SLC3A1,490.0
Q07837,V490D,0.0831,benign,SLC3A1,490.0
Q07837,V490E,0.0827,benign,SLC3A1,490.0
Q07837,V490F,0.0694,benign,SLC3A1,490.0
Q07837,V490G,0.0907,benign,SLC3A1,490.0
Q07837,V490H,0.1691,benign,SLC3A1,490.0
Q07837,V490I,0.0682,benign,SLC3A1,490.0
Q07837,V490K,0.1027,benign,SLC3A1,490.0
Q07837,V490L,0.0749,benign,SLC3A1,490.0
Q07837,V490M,0.0835,benign,SLC3A1,490.0
Q07837,V490N,0.0931,benign,SLC3A1,490.0
Q07837,V490P,0.1013,benign,SLC3A1,490.0
Q07837,V490Q,0.1104,benign,SLC3A1,490.0
Q07837,V490R,0.0984,benign,SLC3A1,490.0
Q07837,V490S,0.0693,benign,SLC3A1,490.0
Q07837,V490T,0.0706,benign,SLC3A1,490.0
Q07837,V490W,0.2809,benign,SLC3A1,490.0
Q07837,V490Y,0.1879,benign,SLC3A1,490.0
Q07837,A491C,0.3879,ambiguous,SLC3A1,491.0
Q07837,A491D,0.1129,benign,SLC3A1,491.0
Q07837,A491E,0.1189,benign,SLC3A1,491.0
Q07837,A491F,0.1838,benign,SLC3A1,491.0
Q07837,A491G,0.106,benign,SLC3A1,491.0
Q07837,A491H,0.2717,benign,SLC3A1,491.0
Q07837,A491I,0.13,benign,SLC3A1,491.0
Q07837,A491K,0.214,benign,SLC3A1,491.0
Q07837,A491L,0.1149,benign,SLC3A1,491.0
Q07837,A491M,0.1496,benign,SLC3A1,491.0
Q07837,A491N,0.1473,benign,SLC3A1,491.0
Q07837,A491P,0.095,benign,SLC3A1,491.0
Q07837,A491Q,0.2155,benign,SLC3A1,491.0
Q07837,A491R,0.2113,benign,SLC3A1,491.0
Q07837,A491S,0.0821,benign,SLC3A1,491.0
Q07837,A491T,0.0722,benign,SLC3A1,491.0
Q07837,A491V,0.0863,benign,SLC3A1,491.0
Q07837,A491W,0.447,ambiguous,SLC3A1,491.0
Q07837,A491Y,0.2375,benign,SLC3A1,491.0
Q07837,A492C,0.2886,benign,SLC3A1,492.0
Q07837,A492D,0.0927,benign,SLC3A1,492.0
Q07837,A492E,0.0901,benign,SLC3A1,492.0
Q07837,A492F,0.1559,benign,SLC3A1,492.0
Q07837,A492G,0.0947,benign,SLC3A1,492.0
Q07837,A492H,0.1913,benign,SLC3A1,492.0
Q07837,A492I,0.1088,benign,SLC3A1,492.0
Q07837,A492K,0.1186,benign,SLC3A1,492.0
Q07837,A492L,0.0957,benign,SLC3A1,492.0
Q07837,A492M,0.111,benign,SLC3A1,492.0
Q07837,A492N,0.0879,benign,SLC3A1,492.0
Q07837,A492P,0.0825,benign,SLC3A1,492.0
Q07837,A492Q,0.1387,benign,SLC3A1,492.0
Q07837,A492R,0.1206,benign,SLC3A1,492.0
Q07837,A492S,0.0705,benign,SLC3A1,492.0
Q07837,A492T,0.0602,benign,SLC3A1,492.0
Q07837,A492V,0.0847,benign,SLC3A1,492.0
Q07837,A492W,0.322,benign,SLC3A1,492.0
Q07837,A492Y,0.1803,benign,SLC3A1,492.0
Q07837,N493A,0.1095,benign,SLC3A1,493.0
Q07837,N493C,0.1837,benign,SLC3A1,493.0
Q07837,N493D,0.0637,benign,SLC3A1,493.0
Q07837,N493E,0.1402,benign,SLC3A1,493.0
Q07837,N493F,0.2503,benign,SLC3A1,493.0
Q07837,N493G,0.1441,benign,SLC3A1,493.0
Q07837,N493H,0.0748,benign,SLC3A1,493.0
Q07837,N493I,0.1139,benign,SLC3A1,493.0
Q07837,N493K,0.1164,benign,SLC3A1,493.0
Q07837,N493L,0.1444,benign,SLC3A1,493.0
Q07837,N493M,0.2197,benign,SLC3A1,493.0
Q07837,N493P,0.1942,benign,SLC3A1,493.0
Q07837,N493Q,0.1549,benign,SLC3A1,493.0
Q07837,N493R,0.1338,benign,SLC3A1,493.0
Q07837,N493S,0.0669,benign,SLC3A1,493.0
Q07837,N493T,0.08,benign,SLC3A1,493.0
Q07837,N493V,0.1186,benign,SLC3A1,493.0
Q07837,N493W,0.506,ambiguous,SLC3A1,493.0
Q07837,N493Y,0.1002,benign,SLC3A1,493.0
Q07837,L494A,0.1088,benign,SLC3A1,494.0
Q07837,L494C,0.2191,benign,SLC3A1,494.0
Q07837,L494D,0.1964,benign,SLC3A1,494.0
Q07837,L494E,0.1348,benign,SLC3A1,494.0
Q07837,L494F,0.0744,benign,SLC3A1,494.0
Q07837,L494G,0.1812,benign,SLC3A1,494.0
Q07837,L494H,0.1004,benign,SLC3A1,494.0
Q07837,L494I,0.0639,benign,SLC3A1,494.0
Q07837,L494K,0.1114,benign,SLC3A1,494.0
Q07837,L494M,0.0854,benign,SLC3A1,494.0
Q07837,L494N,0.123,benign,SLC3A1,494.0
Q07837,L494P,0.0948,benign,SLC3A1,494.0
Q07837,L494Q,0.088,benign,SLC3A1,494.0
Q07837,L494R,0.0923,benign,SLC3A1,494.0
Q07837,L494S,0.0899,benign,SLC3A1,494.0
Q07837,L494T,0.09,benign,SLC3A1,494.0
Q07837,L494V,0.0693,benign,SLC3A1,494.0
Q07837,L494W,0.0989,benign,SLC3A1,494.0
Q07837,L494Y,0.1384,benign,SLC3A1,494.0
Q07837,N495A,0.1088,benign,SLC3A1,495.0
Q07837,N495C,0.1794,benign,SLC3A1,495.0
Q07837,N495D,0.0721,benign,SLC3A1,495.0
Q07837,N495E,0.1197,benign,SLC3A1,495.0
Q07837,N495F,0.2301,benign,SLC3A1,495.0
Q07837,N495G,0.1356,benign,SLC3A1,495.0
Q07837,N495H,0.0724,benign,SLC3A1,495.0
Q07837,N495I,0.1039,benign,SLC3A1,495.0
Q07837,N495K,0.0967,benign,SLC3A1,495.0
Q07837,N495L,0.1193,benign,SLC3A1,495.0
Q07837,N495M,0.1778,benign,SLC3A1,495.0
Q07837,N495P,0.1527,benign,SLC3A1,495.0
Q07837,N495Q,0.1337,benign,SLC3A1,495.0
Q07837,N495R,0.1109,benign,SLC3A1,495.0
Q07837,N495S,0.0682,benign,SLC3A1,495.0
Q07837,N495T,0.0758,benign,SLC3A1,495.0
Q07837,N495V,0.1176,benign,SLC3A1,495.0
Q07837,N495W,0.3899,ambiguous,SLC3A1,495.0
Q07837,N495Y,0.0916,benign,SLC3A1,495.0
Q07837,E496A,0.113,benign,SLC3A1,496.0
Q07837,E496C,0.6205,pathogenic,SLC3A1,496.0
Q07837,E496D,0.0784,benign,SLC3A1,496.0
Q07837,E496F,0.4349,ambiguous,SLC3A1,496.0
Q07837,E496G,0.0764,benign,SLC3A1,496.0
Q07837,E496H,0.2313,benign,SLC3A1,496.0
Q07837,E496I,0.2185,benign,SLC3A1,496.0
Q07837,E496K,0.0794,benign,SLC3A1,496.0
Q07837,E496L,0.2394,benign,SLC3A1,496.0
Q07837,E496M,0.3057,benign,SLC3A1,496.0
Q07837,E496N,0.1295,benign,SLC3A1,496.0
Q07837,E496P,0.2666,benign,SLC3A1,496.0
Q07837,E496Q,0.1097,benign,SLC3A1,496.0
Q07837,E496R,0.1371,benign,SLC3A1,496.0
Q07837,E496S,0.1192,benign,SLC3A1,496.0
Q07837,E496T,0.1299,benign,SLC3A1,496.0
Q07837,E496V,0.1484,benign,SLC3A1,496.0
Q07837,E496W,0.6173,pathogenic,SLC3A1,496.0
Q07837,E496Y,0.2888,benign,SLC3A1,496.0
Q07837,S497A,0.0813,benign,SLC3A1,497.0
Q07837,S497C,0.1074,benign,SLC3A1,497.0
Q07837,S497D,0.0988,benign,SLC3A1,497.0
Q07837,S497E,0.1502,benign,SLC3A1,497.0
Q07837,S497F,0.1261,benign,SLC3A1,497.0
Q07837,S497G,0.0727,benign,SLC3A1,497.0
Q07837,S497H,0.1285,benign,SLC3A1,497.0
Q07837,S497I,0.0812,benign,SLC3A1,497.0
Q07837,S497K,0.1611,benign,SLC3A1,497.0
Q07837,S497L,0.1049,benign,SLC3A1,497.0
Q07837,S497M,0.1418,benign,SLC3A1,497.0
Q07837,S497N,0.0611,benign,SLC3A1,497.0
Q07837,S497P,0.0955,benign,SLC3A1,497.0
Q07837,S497Q,0.1753,benign,SLC3A1,497.0
Q07837,S497R,0.1429,benign,SLC3A1,497.0
Q07837,S497T,0.0666,benign,SLC3A1,497.0
Q07837,S497V,0.1066,benign,SLC3A1,497.0
Q07837,S497W,0.1827,benign,SLC3A1,497.0
Q07837,S497Y,0.0961,benign,SLC3A1,497.0
Q07837,Y498A,0.1716,benign,SLC3A1,498.0
Q07837,Y498C,0.103,benign,SLC3A1,498.0
Q07837,Y498D,0.0894,benign,SLC3A1,498.0
Q07837,Y498E,0.2147,benign,SLC3A1,498.0
Q07837,Y498F,0.0964,benign,SLC3A1,498.0
Q07837,Y498G,0.1578,benign,SLC3A1,498.0
Q07837,Y498H,0.1099,benign,SLC3A1,498.0
Q07837,Y498I,0.1875,benign,SLC3A1,498.0
Q07837,Y498K,0.205,benign,SLC3A1,498.0
Q07837,Y498L,0.2122,benign,SLC3A1,498.0
Q07837,Y498M,0.3302,benign,SLC3A1,498.0
Q07837,Y498N,0.0745,benign,SLC3A1,498.0
Q07837,Y498P,0.2657,benign,SLC3A1,498.0
Q07837,Y498Q,0.1908,benign,SLC3A1,498.0
Q07837,Y498R,0.1497,benign,SLC3A1,498.0
Q07837,Y498S,0.0763,benign,SLC3A1,498.0
Q07837,Y498T,0.1399,benign,SLC3A1,498.0
Q07837,Y498V,0.159,benign,SLC3A1,498.0
Q07837,Y498W,0.2618,benign,SLC3A1,498.0
Q07837,D499A,0.1416,benign,SLC3A1,499.0
Q07837,D499C,0.4264,ambiguous,SLC3A1,499.0
Q07837,D499E,0.156,benign,SLC3A1,499.0
Q07837,D499F,0.3665,ambiguous,SLC3A1,499.0
Q07837,D499G,0.1323,benign,SLC3A1,499.0
Q07837,D499H,0.1502,benign,SLC3A1,499.0
Q07837,D499I,0.2211,benign,SLC3A1,499.0
Q07837,D499K,0.2401,benign,SLC3A1,499.0
Q07837,D499L,0.2534,benign,SLC3A1,499.0
Q07837,D499M,0.4368,ambiguous,SLC3A1,499.0
Q07837,D499N,0.0753,benign,SLC3A1,499.0
Q07837,D499P,0.3802,ambiguous,SLC3A1,499.0
Q07837,D499Q,0.2198,benign,SLC3A1,499.0
Q07837,D499R,0.2345,benign,SLC3A1,499.0
Q07837,D499S,0.0985,benign,SLC3A1,499.0
Q07837,D499T,0.1703,benign,SLC3A1,499.0
Q07837,D499V,0.1605,benign,SLC3A1,499.0
Q07837,D499W,0.7009,pathogenic,SLC3A1,499.0
Q07837,D499Y,0.1369,benign,SLC3A1,499.0
Q07837,I500A,0.077,benign,SLC3A1,500.0
Q07837,I500C,0.2729,benign,SLC3A1,500.0
Q07837,I500D,0.1274,benign,SLC3A1,500.0
Q07837,I500E,0.1117,benign,SLC3A1,500.0
Q07837,I500F,0.0788,benign,SLC3A1,500.0
Q07837,I500G,0.1562,benign,SLC3A1,500.0
Q07837,I500H,0.1403,benign,SLC3A1,500.0
Q07837,I500K,0.0785,benign,SLC3A1,500.0
Q07837,I500L,0.0733,benign,SLC3A1,500.0
Q07837,I500M,0.0679,benign,SLC3A1,500.0
Q07837,I500N,0.0667,benign,SLC3A1,500.0
Q07837,I500P,0.1089,benign,SLC3A1,500.0
Q07837,I500Q,0.1122,benign,SLC3A1,500.0
Q07837,I500R,0.0686,benign,SLC3A1,500.0
Q07837,I500S,0.0713,benign,SLC3A1,500.0
Q07837,I500T,0.0595,benign,SLC3A1,500.0
Q07837,I500V,0.0634,benign,SLC3A1,500.0
Q07837,I500W,0.27,benign,SLC3A1,500.0
Q07837,I500Y,0.1554,benign,SLC3A1,500.0
Q07837,N501A,0.1091,benign,SLC3A1,501.0
Q07837,N501C,0.1756,benign,SLC3A1,501.0
Q07837,N501D,0.0631,benign,SLC3A1,501.0
Q07837,N501E,0.1334,benign,SLC3A1,501.0
Q07837,N501F,0.2323,benign,SLC3A1,501.0
Q07837,N501G,0.1405,benign,SLC3A1,501.0
Q07837,N501H,0.0734,benign,SLC3A1,501.0
Q07837,N501I,0.1106,benign,SLC3A1,501.0
Q07837,N501K,0.1162,benign,SLC3A1,501.0
Q07837,N501L,0.1307,benign,SLC3A1,501.0
Q07837,N501M,0.2047,benign,SLC3A1,501.0
Q07837,N501P,0.1945,benign,SLC3A1,501.0
Q07837,N501Q,0.1474,benign,SLC3A1,501.0
Q07837,N501R,0.1285,benign,SLC3A1,501.0
Q07837,N501S,0.0637,benign,SLC3A1,501.0
Q07837,N501T,0.0817,benign,SLC3A1,501.0
Q07837,N501V,0.1222,benign,SLC3A1,501.0
Q07837,N501W,0.4204,ambiguous,SLC3A1,501.0
Q07837,N501Y,0.087,benign,SLC3A1,501.0
Q07837,T502A,0.0713,benign,SLC3A1,502.0
Q07837,T502C,0.331,benign,SLC3A1,502.0
Q07837,T502D,0.1693,benign,SLC3A1,502.0
Q07837,T502E,0.16,benign,SLC3A1,502.0
Q07837,T502F,0.1301,benign,SLC3A1,502.0
Q07837,T502G,0.1699,benign,SLC3A1,502.0
Q07837,T502H,0.1374,benign,SLC3A1,502.0
Q07837,T502I,0.1003,benign,SLC3A1,502.0
Q07837,T502K,0.1224,benign,SLC3A1,502.0
Q07837,T502L,0.0821,benign,SLC3A1,502.0
Q07837,T502M,0.0903,benign,SLC3A1,502.0
Q07837,T502N,0.0814,benign,SLC3A1,502.0
Q07837,T502P,0.107,benign,SLC3A1,502.0
Q07837,T502Q,0.1541,benign,SLC3A1,502.0
Q07837,T502R,0.0995,benign,SLC3A1,502.0
Q07837,T502S,0.0858,benign,SLC3A1,502.0
Q07837,T502V,0.1043,benign,SLC3A1,502.0
Q07837,T502W,0.3637,ambiguous,SLC3A1,502.0
Q07837,T502Y,0.1388,benign,SLC3A1,502.0
Q07837,L503A,0.1687,benign,SLC3A1,503.0
Q07837,L503C,0.4754,ambiguous,SLC3A1,503.0
Q07837,L503D,0.4375,ambiguous,SLC3A1,503.0
Q07837,L503E,0.2184,benign,SLC3A1,503.0
Q07837,L503F,0.0864,benign,SLC3A1,503.0
Q07837,L503G,0.3716,ambiguous,SLC3A1,503.0
Q07837,L503H,0.1788,benign,SLC3A1,503.0
Q07837,L503I,0.0761,benign,SLC3A1,503.0
Q07837,L503K,0.2078,benign,SLC3A1,503.0
Q07837,L503M,0.1104,benign,SLC3A1,503.0
Q07837,L503N,0.2507,benign,SLC3A1,503.0
Q07837,L503P,0.272,benign,SLC3A1,503.0
Q07837,L503Q,0.125,benign,SLC3A1,503.0
Q07837,L503R,0.151,benign,SLC3A1,503.0
Q07837,L503S,0.147,benign,SLC3A1,503.0
Q07837,L503T,0.1517,benign,SLC3A1,503.0
Q07837,L503V,0.0818,benign,SLC3A1,503.0
Q07837,L503W,0.1427,benign,SLC3A1,503.0
Q07837,L503Y,0.2131,benign,SLC3A1,503.0
Q07837,R504A,0.1162,benign,SLC3A1,504.0
Q07837,R504C,0.0911,benign,SLC3A1,504.0
Q07837,R504D,0.2206,benign,SLC3A1,504.0
Q07837,R504E,0.136,benign,SLC3A1,504.0
Q07837,R504F,0.1214,benign,SLC3A1,504.0
Q07837,R504G,0.1038,benign,SLC3A1,504.0
Q07837,R504H,0.0732,benign,SLC3A1,504.0
Q07837,R504I,0.0859,benign,SLC3A1,504.0
Q07837,R504K,0.0908,benign,SLC3A1,504.0
Q07837,R504L,0.0636,benign,SLC3A1,504.0
Q07837,R504M,0.12,benign,SLC3A1,504.0
Q07837,R504N,0.1863,benign,SLC3A1,504.0
Q07837,R504P,0.1249,benign,SLC3A1,504.0
Q07837,R504Q,0.0742,benign,SLC3A1,504.0
Q07837,R504S,0.139,benign,SLC3A1,504.0
Q07837,R504T,0.1145,benign,SLC3A1,504.0
Q07837,R504V,0.1123,benign,SLC3A1,504.0
Q07837,R504W,0.0765,benign,SLC3A1,504.0
Q07837,R504Y,0.1029,benign,SLC3A1,504.0
Q07837,S505A,0.0777,benign,SLC3A1,505.0
Q07837,S505C,0.1164,benign,SLC3A1,505.0
Q07837,S505D,0.4251,ambiguous,SLC3A1,505.0
Q07837,S505E,0.4151,ambiguous,SLC3A1,505.0
Q07837,S505F,0.2764,benign,SLC3A1,505.0
Q07837,S505G,0.1025,benign,SLC3A1,505.0
Q07837,S505H,0.4815,ambiguous,SLC3A1,505.0
Q07837,S505I,0.2879,benign,SLC3A1,505.0
Q07837,S505K,0.7724,pathogenic,SLC3A1,505.0
Q07837,S505L,0.1517,benign,SLC3A1,505.0
Q07837,S505M,0.2946,benign,SLC3A1,505.0
Q07837,S505N,0.1863,benign,SLC3A1,505.0
Q07837,S505P,0.2324,benign,SLC3A1,505.0
Q07837,S505Q,0.5207,ambiguous,SLC3A1,505.0
Q07837,S505R,0.6725,pathogenic,SLC3A1,505.0
Q07837,S505T,0.1239,benign,SLC3A1,505.0
Q07837,S505V,0.2505,benign,SLC3A1,505.0
Q07837,S505W,0.3586,ambiguous,SLC3A1,505.0
Q07837,S505Y,0.2268,benign,SLC3A1,505.0
Q07837,K506A,0.6675,pathogenic,SLC3A1,506.0
Q07837,K506C,0.8526,pathogenic,SLC3A1,506.0
Q07837,K506D,0.9252,pathogenic,SLC3A1,506.0
Q07837,K506E,0.4489,ambiguous,SLC3A1,506.0
Q07837,K506F,0.89,pathogenic,SLC3A1,506.0
Q07837,K506G,0.8244,pathogenic,SLC3A1,506.0
Q07837,K506H,0.5789,pathogenic,SLC3A1,506.0
Q07837,K506I,0.6019,pathogenic,SLC3A1,506.0
Q07837,K506L,0.594,pathogenic,SLC3A1,506.0
Q07837,K506M,0.4384,ambiguous,SLC3A1,506.0
Q07837,K506N,0.8096,pathogenic,SLC3A1,506.0
Q07837,K506P,0.9418,pathogenic,SLC3A1,506.0
Q07837,K506Q,0.2574,benign,SLC3A1,506.0
Q07837,K506R,0.1005,benign,SLC3A1,506.0
Q07837,K506S,0.798,pathogenic,SLC3A1,506.0
Q07837,K506T,0.4712,ambiguous,SLC3A1,506.0
Q07837,K506V,0.5686,pathogenic,SLC3A1,506.0
Q07837,K506W,0.912,pathogenic,SLC3A1,506.0
Q07837,K506Y,0.795,pathogenic,SLC3A1,506.0
Q07837,S507A,0.1228,benign,SLC3A1,507.0
Q07837,S507C,0.2258,benign,SLC3A1,507.0
Q07837,S507D,0.8868,pathogenic,SLC3A1,507.0
Q07837,S507E,0.9037,pathogenic,SLC3A1,507.0
Q07837,S507F,0.5262,ambiguous,SLC3A1,507.0
Q07837,S507G,0.1393,benign,SLC3A1,507.0
Q07837,S507H,0.8276,pathogenic,SLC3A1,507.0
Q07837,S507I,0.4293,ambiguous,SLC3A1,507.0
Q07837,S507K,0.9684,pathogenic,SLC3A1,507.0
Q07837,S507L,0.229,benign,SLC3A1,507.0
Q07837,S507M,0.4302,ambiguous,SLC3A1,507.0
Q07837,S507N,0.497,ambiguous,SLC3A1,507.0
Q07837,S507P,0.5702,pathogenic,SLC3A1,507.0
Q07837,S507Q,0.8912,pathogenic,SLC3A1,507.0
Q07837,S507R,0.9506,pathogenic,SLC3A1,507.0
Q07837,S507T,0.1202,benign,SLC3A1,507.0
Q07837,S507V,0.4225,ambiguous,SLC3A1,507.0
Q07837,S507W,0.7673,pathogenic,SLC3A1,507.0
Q07837,S507Y,0.4833,ambiguous,SLC3A1,507.0
Q07837,P508A,0.3498,ambiguous,SLC3A1,508.0
Q07837,P508C,0.8984,pathogenic,SLC3A1,508.0
Q07837,P508D,0.9833,pathogenic,SLC3A1,508.0
Q07837,P508E,0.9244,pathogenic,SLC3A1,508.0
Q07837,P508F,0.9446,pathogenic,SLC3A1,508.0
Q07837,P508G,0.9056,pathogenic,SLC3A1,508.0
Q07837,P508H,0.8442,pathogenic,SLC3A1,508.0
Q07837,P508I,0.7396,pathogenic,SLC3A1,508.0
Q07837,P508K,0.9154,pathogenic,SLC3A1,508.0
Q07837,P508L,0.3891,ambiguous,SLC3A1,508.0
Q07837,P508M,0.8258,pathogenic,SLC3A1,508.0
Q07837,P508N,0.9552,pathogenic,SLC3A1,508.0
Q07837,P508Q,0.7646,pathogenic,SLC3A1,508.0
Q07837,P508R,0.7446,pathogenic,SLC3A1,508.0
Q07837,P508S,0.6768,pathogenic,SLC3A1,508.0
Q07837,P508T,0.6019,pathogenic,SLC3A1,508.0
Q07837,P508V,0.6113,pathogenic,SLC3A1,508.0
Q07837,P508W,0.9776,pathogenic,SLC3A1,508.0
Q07837,P508Y,0.9564,pathogenic,SLC3A1,508.0
Q07837,M509A,0.896,pathogenic,SLC3A1,509.0
Q07837,M509C,0.9528,pathogenic,SLC3A1,509.0
Q07837,M509D,0.9977,pathogenic,SLC3A1,509.0
Q07837,M509E,0.9692,pathogenic,SLC3A1,509.0
Q07837,M509F,0.4529,ambiguous,SLC3A1,509.0
Q07837,M509G,0.9799,pathogenic,SLC3A1,509.0
Q07837,M509H,0.9574,pathogenic,SLC3A1,509.0
Q07837,M509I,0.7448,pathogenic,SLC3A1,509.0
Q07837,M509K,0.8686,pathogenic,SLC3A1,509.0
Q07837,M509L,0.3313,benign,SLC3A1,509.0
Q07837,M509N,0.9773,pathogenic,SLC3A1,509.0
Q07837,M509P,0.9742,pathogenic,SLC3A1,509.0
Q07837,M509Q,0.8333,pathogenic,SLC3A1,509.0
Q07837,M509R,0.8483,pathogenic,SLC3A1,509.0
Q07837,M509S,0.9316,pathogenic,SLC3A1,509.0
Q07837,M509T,0.9076,pathogenic,SLC3A1,509.0
Q07837,M509V,0.2635,benign,SLC3A1,509.0
Q07837,M509W,0.9536,pathogenic,SLC3A1,509.0
Q07837,M509Y,0.9038,pathogenic,SLC3A1,509.0
Q07837,Q510A,0.3535,ambiguous,SLC3A1,510.0
Q07837,Q510C,0.8792,pathogenic,SLC3A1,510.0
Q07837,Q510D,0.9387,pathogenic,SLC3A1,510.0
Q07837,Q510E,0.2204,benign,SLC3A1,510.0
Q07837,Q510F,0.8831,pathogenic,SLC3A1,510.0
Q07837,Q510G,0.6555,pathogenic,SLC3A1,510.0
Q07837,Q510H,0.6526,pathogenic,SLC3A1,510.0
Q07837,Q510I,0.4573,ambiguous,SLC3A1,510.0
Q07837,Q510K,0.3663,ambiguous,SLC3A1,510.0
Q07837,Q510L,0.1773,benign,SLC3A1,510.0
Q07837,Q510M,0.4479,ambiguous,SLC3A1,510.0
Q07837,Q510N,0.6951,pathogenic,SLC3A1,510.0
Q07837,Q510P,0.2275,benign,SLC3A1,510.0
Q07837,Q510R,0.3785,ambiguous,SLC3A1,510.0
Q07837,Q510S,0.6541,pathogenic,SLC3A1,510.0
Q07837,Q510T,0.6189,pathogenic,SLC3A1,510.0
Q07837,Q510V,0.4034,ambiguous,SLC3A1,510.0
Q07837,Q510W,0.9184,pathogenic,SLC3A1,510.0
Q07837,Q510Y,0.8611,pathogenic,SLC3A1,510.0
Q07837,W511A,0.9849,pathogenic,SLC3A1,511.0
Q07837,W511C,0.9936,pathogenic,SLC3A1,511.0
Q07837,W511D,0.996,pathogenic,SLC3A1,511.0
Q07837,W511E,0.9933,pathogenic,SLC3A1,511.0
Q07837,W511F,0.8153,pathogenic,SLC3A1,511.0
Q07837,W511G,0.9318,pathogenic,SLC3A1,511.0
Q07837,W511H,0.9904,pathogenic,SLC3A1,511.0
Q07837,W511I,0.9762,pathogenic,SLC3A1,511.0
Q07837,W511K,0.9953,pathogenic,SLC3A1,511.0
Q07837,W511L,0.938,pathogenic,SLC3A1,511.0
Q07837,W511M,0.9818,pathogenic,SLC3A1,511.0
Q07837,W511N,0.9953,pathogenic,SLC3A1,511.0
Q07837,W511P,0.9973,pathogenic,SLC3A1,511.0
Q07837,W511Q,0.9957,pathogenic,SLC3A1,511.0
Q07837,W511R,0.9924,pathogenic,SLC3A1,511.0
Q07837,W511S,0.9696,pathogenic,SLC3A1,511.0
Q07837,W511T,0.9831,pathogenic,SLC3A1,511.0
Q07837,W511V,0.9777,pathogenic,SLC3A1,511.0
Q07837,W511Y,0.926,pathogenic,SLC3A1,511.0
Q07837,D512A,0.3989,ambiguous,SLC3A1,512.0
Q07837,D512C,0.7247,pathogenic,SLC3A1,512.0
Q07837,D512E,0.3673,ambiguous,SLC3A1,512.0
Q07837,D512F,0.7916,pathogenic,SLC3A1,512.0
Q07837,D512G,0.1954,benign,SLC3A1,512.0
Q07837,D512H,0.4984,ambiguous,SLC3A1,512.0
Q07837,D512I,0.6707,pathogenic,SLC3A1,512.0
Q07837,D512K,0.6137,pathogenic,SLC3A1,512.0
Q07837,D512L,0.6804,pathogenic,SLC3A1,512.0
Q07837,D512M,0.8009,pathogenic,SLC3A1,512.0
Q07837,D512N,0.105,benign,SLC3A1,512.0
Q07837,D512P,0.9539,pathogenic,SLC3A1,512.0
Q07837,D512Q,0.5817,pathogenic,SLC3A1,512.0
Q07837,D512R,0.65,pathogenic,SLC3A1,512.0
Q07837,D512S,0.1687,benign,SLC3A1,512.0
Q07837,D512T,0.3554,ambiguous,SLC3A1,512.0
Q07837,D512V,0.4558,ambiguous,SLC3A1,512.0
Q07837,D512W,0.9525,pathogenic,SLC3A1,512.0
Q07837,D512Y,0.4009,ambiguous,SLC3A1,512.0
Q07837,N513A,0.1538,benign,SLC3A1,513.0
Q07837,N513C,0.2692,benign,SLC3A1,513.0
Q07837,N513D,0.0796,benign,SLC3A1,513.0
Q07837,N513E,0.2589,benign,SLC3A1,513.0
Q07837,N513F,0.383,ambiguous,SLC3A1,513.0
Q07837,N513G,0.1873,benign,SLC3A1,513.0
Q07837,N513H,0.1079,benign,SLC3A1,513.0
Q07837,N513I,0.1827,benign,SLC3A1,513.0
Q07837,N513K,0.1889,benign,SLC3A1,513.0
Q07837,N513L,0.2013,benign,SLC3A1,513.0
Q07837,N513M,0.3185,benign,SLC3A1,513.0
Q07837,N513P,0.4277,ambiguous,SLC3A1,513.0
Q07837,N513Q,0.2802,benign,SLC3A1,513.0
Q07837,N513R,0.2037,benign,SLC3A1,513.0
Q07837,N513S,0.0669,benign,SLC3A1,513.0
Q07837,N513T,0.1165,benign,SLC3A1,513.0
Q07837,N513V,0.2029,benign,SLC3A1,513.0
Q07837,N513W,0.725,pathogenic,SLC3A1,513.0
Q07837,N513Y,0.1318,benign,SLC3A1,513.0
Q07837,S514A,0.1057,benign,SLC3A1,514.0
Q07837,S514C,0.1662,benign,SLC3A1,514.0
Q07837,S514D,0.2888,benign,SLC3A1,514.0
Q07837,S514E,0.4128,ambiguous,SLC3A1,514.0
Q07837,S514F,0.2237,benign,SLC3A1,514.0
Q07837,S514G,0.0853,benign,SLC3A1,514.0
Q07837,S514H,0.3141,benign,SLC3A1,514.0
Q07837,S514I,0.2377,benign,SLC3A1,514.0
Q07837,S514K,0.4705,ambiguous,SLC3A1,514.0
Q07837,S514L,0.1146,benign,SLC3A1,514.0
Q07837,S514M,0.2564,benign,SLC3A1,514.0
Q07837,S514N,0.1516,benign,SLC3A1,514.0
Q07837,S514P,0.6409,pathogenic,SLC3A1,514.0
Q07837,S514Q,0.4515,ambiguous,SLC3A1,514.0
Q07837,S514R,0.3672,ambiguous,SLC3A1,514.0
Q07837,S514T,0.0722,benign,SLC3A1,514.0
Q07837,S514V,0.2542,benign,SLC3A1,514.0
Q07837,S514W,0.3596,ambiguous,SLC3A1,514.0
Q07837,S514Y,0.1886,benign,SLC3A1,514.0
Q07837,S515A,0.0705,benign,SLC3A1,515.0
Q07837,S515C,0.1143,benign,SLC3A1,515.0
Q07837,S515D,0.2027,benign,SLC3A1,515.0
Q07837,S515E,0.2301,benign,SLC3A1,515.0
Q07837,S515F,0.1166,benign,SLC3A1,515.0
Q07837,S515G,0.0967,benign,SLC3A1,515.0
Q07837,S515H,0.2002,benign,SLC3A1,515.0
Q07837,S515I,0.1001,benign,SLC3A1,515.0
Q07837,S515K,0.2822,benign,SLC3A1,515.0
Q07837,S515L,0.0775,benign,SLC3A1,515.0
Q07837,S515M,0.1845,benign,SLC3A1,515.0
Q07837,S515N,0.1151,benign,SLC3A1,515.0
Q07837,S515P,0.0787,benign,SLC3A1,515.0
Q07837,S515Q,0.2644,benign,SLC3A1,515.0
Q07837,S515R,0.2145,benign,SLC3A1,515.0
Q07837,S515T,0.0779,benign,SLC3A1,515.0
Q07837,S515V,0.1193,benign,SLC3A1,515.0
Q07837,S515W,0.1617,benign,SLC3A1,515.0
Q07837,S515Y,0.1061,benign,SLC3A1,515.0
Q07837,N516A,0.2486,benign,SLC3A1,516.0
Q07837,N516C,0.2537,benign,SLC3A1,516.0
Q07837,N516D,0.1673,benign,SLC3A1,516.0
Q07837,N516E,0.4108,ambiguous,SLC3A1,516.0
Q07837,N516F,0.3044,benign,SLC3A1,516.0
Q07837,N516G,0.2823,benign,SLC3A1,516.0
Q07837,N516H,0.0898,benign,SLC3A1,516.0
Q07837,N516I,0.2842,benign,SLC3A1,516.0
Q07837,N516K,0.2803,benign,SLC3A1,516.0
Q07837,N516L,0.2248,benign,SLC3A1,516.0
Q07837,N516M,0.3445,ambiguous,SLC3A1,516.0
Q07837,N516P,0.7304,pathogenic,SLC3A1,516.0
Q07837,N516Q,0.3404,ambiguous,SLC3A1,516.0
Q07837,N516R,0.276,benign,SLC3A1,516.0
Q07837,N516S,0.0896,benign,SLC3A1,516.0
Q07837,N516T,0.1931,benign,SLC3A1,516.0
Q07837,N516V,0.2792,benign,SLC3A1,516.0
Q07837,N516W,0.6663,pathogenic,SLC3A1,516.0
Q07837,N516Y,0.1034,benign,SLC3A1,516.0
Q07837,A517C,0.7042,pathogenic,SLC3A1,517.0
Q07837,A517D,0.8226,pathogenic,SLC3A1,517.0
Q07837,A517E,0.8487,pathogenic,SLC3A1,517.0
Q07837,A517F,0.8126,pathogenic,SLC3A1,517.0
Q07837,A517G,0.1365,benign,SLC3A1,517.0
Q07837,A517H,0.8912,pathogenic,SLC3A1,517.0
Q07837,A517I,0.8404,pathogenic,SLC3A1,517.0
Q07837,A517K,0.9168,pathogenic,SLC3A1,517.0
Q07837,A517L,0.7075,pathogenic,SLC3A1,517.0
Q07837,A517M,0.7437,pathogenic,SLC3A1,517.0
Q07837,A517N,0.7709,pathogenic,SLC3A1,517.0
Q07837,A517P,0.9185,pathogenic,SLC3A1,517.0
Q07837,A517Q,0.8399,pathogenic,SLC3A1,517.0
Q07837,A517R,0.8139,pathogenic,SLC3A1,517.0
Q07837,A517S,0.1352,benign,SLC3A1,517.0
Q07837,A517T,0.3428,ambiguous,SLC3A1,517.0
Q07837,A517V,0.5581,ambiguous,SLC3A1,517.0
Q07837,A517W,0.962,pathogenic,SLC3A1,517.0
Q07837,A517Y,0.8753,pathogenic,SLC3A1,517.0
Q07837,G518A,0.4495,ambiguous,SLC3A1,518.0
Q07837,G518C,0.6502,pathogenic,SLC3A1,518.0
Q07837,G518D,0.6922,pathogenic,SLC3A1,518.0
Q07837,G518E,0.7632,pathogenic,SLC3A1,518.0
Q07837,G518F,0.9306,pathogenic,SLC3A1,518.0
Q07837,G518H,0.8773,pathogenic,SLC3A1,518.0
Q07837,G518I,0.8689,pathogenic,SLC3A1,518.0
Q07837,G518K,0.8734,pathogenic,SLC3A1,518.0
Q07837,G518L,0.8772,pathogenic,SLC3A1,518.0
Q07837,G518M,0.9138,pathogenic,SLC3A1,518.0
Q07837,G518N,0.7508,pathogenic,SLC3A1,518.0
Q07837,G518P,0.9774,pathogenic,SLC3A1,518.0
Q07837,G518Q,0.8244,pathogenic,SLC3A1,518.0
Q07837,G518R,0.7148,pathogenic,SLC3A1,518.0
Q07837,G518S,0.2575,benign,SLC3A1,518.0
Q07837,G518T,0.6759,pathogenic,SLC3A1,518.0
Q07837,G518V,0.779,pathogenic,SLC3A1,518.0
Q07837,G518W,0.8716,pathogenic,SLC3A1,518.0
Q07837,G518Y,0.8877,pathogenic,SLC3A1,518.0
Q07837,F519A,0.9872,pathogenic,SLC3A1,519.0
Q07837,F519C,0.949,pathogenic,SLC3A1,519.0
Q07837,F519D,0.9951,pathogenic,SLC3A1,519.0
Q07837,F519E,0.9962,pathogenic,SLC3A1,519.0
Q07837,F519G,0.9917,pathogenic,SLC3A1,519.0
Q07837,F519H,0.9715,pathogenic,SLC3A1,519.0
Q07837,F519I,0.8829,pathogenic,SLC3A1,519.0
Q07837,F519K,0.9942,pathogenic,SLC3A1,519.0
Q07837,F519L,0.9942,pathogenic,SLC3A1,519.0
Q07837,F519M,0.9667,pathogenic,SLC3A1,519.0
Q07837,F519N,0.9827,pathogenic,SLC3A1,519.0
Q07837,F519P,0.999,pathogenic,SLC3A1,519.0
Q07837,F519Q,0.9948,pathogenic,SLC3A1,519.0
Q07837,F519R,0.9871,pathogenic,SLC3A1,519.0
Q07837,F519S,0.9729,pathogenic,SLC3A1,519.0
Q07837,F519T,0.9885,pathogenic,SLC3A1,519.0
Q07837,F519V,0.9106,pathogenic,SLC3A1,519.0
Q07837,F519W,0.8764,pathogenic,SLC3A1,519.0
Q07837,F519Y,0.5964,pathogenic,SLC3A1,519.0
Q07837,S520A,0.2755,benign,SLC3A1,520.0
Q07837,S520C,0.2058,benign,SLC3A1,520.0
Q07837,S520D,0.8655,pathogenic,SLC3A1,520.0
Q07837,S520E,0.9423,pathogenic,SLC3A1,520.0
Q07837,S520F,0.819,pathogenic,SLC3A1,520.0
Q07837,S520G,0.1947,benign,SLC3A1,520.0
Q07837,S520H,0.8788,pathogenic,SLC3A1,520.0
Q07837,S520I,0.6804,pathogenic,SLC3A1,520.0
Q07837,S520K,0.9836,pathogenic,SLC3A1,520.0
Q07837,S520L,0.3606,ambiguous,SLC3A1,520.0
Q07837,S520M,0.6302,pathogenic,SLC3A1,520.0
Q07837,S520N,0.4528,ambiguous,SLC3A1,520.0
Q07837,S520P,0.8436,pathogenic,SLC3A1,520.0
Q07837,S520Q,0.9484,pathogenic,SLC3A1,520.0
Q07837,S520R,0.963,pathogenic,SLC3A1,520.0
Q07837,S520T,0.1051,benign,SLC3A1,520.0
Q07837,S520V,0.632,pathogenic,SLC3A1,520.0
Q07837,S520W,0.8523,pathogenic,SLC3A1,520.0
Q07837,S520Y,0.7592,pathogenic,SLC3A1,520.0
Q07837,E521A,0.1142,benign,SLC3A1,521.0
Q07837,E521C,0.7057,pathogenic,SLC3A1,521.0
Q07837,E521D,0.1106,benign,SLC3A1,521.0
Q07837,E521F,0.5383,ambiguous,SLC3A1,521.0
Q07837,E521G,0.1021,benign,SLC3A1,521.0
Q07837,E521H,0.2977,benign,SLC3A1,521.0
Q07837,E521I,0.279,benign,SLC3A1,521.0
Q07837,E521K,0.0821,benign,SLC3A1,521.0
Q07837,E521L,0.248,benign,SLC3A1,521.0
Q07837,E521M,0.3294,benign,SLC3A1,521.0
Q07837,E521N,0.1814,benign,SLC3A1,521.0
Q07837,E521P,0.4079,ambiguous,SLC3A1,521.0
Q07837,E521Q,0.1134,benign,SLC3A1,521.0
Q07837,E521R,0.1453,benign,SLC3A1,521.0
Q07837,E521S,0.1393,benign,SLC3A1,521.0
Q07837,E521T,0.1429,benign,SLC3A1,521.0
Q07837,E521V,0.166,benign,SLC3A1,521.0
Q07837,E521W,0.7281,pathogenic,SLC3A1,521.0
Q07837,E521Y,0.4269,ambiguous,SLC3A1,521.0
Q07837,A522C,0.4309,ambiguous,SLC3A1,522.0
Q07837,A522D,0.1928,benign,SLC3A1,522.0
Q07837,A522E,0.2391,benign,SLC3A1,522.0
Q07837,A522F,0.3893,ambiguous,SLC3A1,522.0
Q07837,A522G,0.0532,benign,SLC3A1,522.0
Q07837,A522H,0.4908,ambiguous,SLC3A1,522.0
Q07837,A522I,0.3448,ambiguous,SLC3A1,522.0
Q07837,A522K,0.4194,ambiguous,SLC3A1,522.0
Q07837,A522L,0.2923,benign,SLC3A1,522.0
Q07837,A522M,0.3284,benign,SLC3A1,522.0
Q07837,A522N,0.2,benign,SLC3A1,522.0
Q07837,A522P,0.4549,ambiguous,SLC3A1,522.0
Q07837,A522Q,0.376,ambiguous,SLC3A1,522.0
Q07837,A522R,0.3583,ambiguous,SLC3A1,522.0
Q07837,A522S,0.0828,benign,SLC3A1,522.0
Q07837,A522T,0.101,benign,SLC3A1,522.0
Q07837,A522V,0.1755,benign,SLC3A1,522.0
Q07837,A522W,0.7141,pathogenic,SLC3A1,522.0
Q07837,A522Y,0.4245,ambiguous,SLC3A1,522.0
Q07837,S523A,0.0774,benign,SLC3A1,523.0
Q07837,S523C,0.1127,benign,SLC3A1,523.0
Q07837,S523D,0.0976,benign,SLC3A1,523.0
Q07837,S523E,0.146,benign,SLC3A1,523.0
Q07837,S523F,0.1869,benign,SLC3A1,523.0
Q07837,S523G,0.0658,benign,SLC3A1,523.0
Q07837,S523H,0.1366,benign,SLC3A1,523.0
Q07837,S523I,0.1027,benign,SLC3A1,523.0
Q07837,S523K,0.1587,benign,SLC3A1,523.0
Q07837,S523L,0.1128,benign,SLC3A1,523.0
Q07837,S523M,0.1725,benign,SLC3A1,523.0
Q07837,S523N,0.0599,benign,SLC3A1,523.0
Q07837,S523P,0.1194,benign,SLC3A1,523.0
Q07837,S523Q,0.1726,benign,SLC3A1,523.0
Q07837,S523R,0.1359,benign,SLC3A1,523.0
Q07837,S523T,0.0736,benign,SLC3A1,523.0
Q07837,S523V,0.1271,benign,SLC3A1,523.0
Q07837,S523W,0.2371,benign,SLC3A1,523.0
Q07837,S523Y,0.1301,benign,SLC3A1,523.0
Q07837,N524A,0.1089,benign,SLC3A1,524.0
Q07837,N524C,0.1176,benign,SLC3A1,524.0
Q07837,N524D,0.0714,benign,SLC3A1,524.0
Q07837,N524E,0.124,benign,SLC3A1,524.0
Q07837,N524F,0.1916,benign,SLC3A1,524.0
Q07837,N524G,0.1443,benign,SLC3A1,524.0
Q07837,N524H,0.0513,benign,SLC3A1,524.0
Q07837,N524I,0.1045,benign,SLC3A1,524.0
Q07837,N524K,0.0917,benign,SLC3A1,524.0
Q07837,N524L,0.108,benign,SLC3A1,524.0
Q07837,N524M,0.2188,benign,SLC3A1,524.0
Q07837,N524P,0.2542,benign,SLC3A1,524.0
Q07837,N524Q,0.1051,benign,SLC3A1,524.0
Q07837,N524R,0.0885,benign,SLC3A1,524.0
Q07837,N524S,0.0698,benign,SLC3A1,524.0
Q07837,N524T,0.0782,benign,SLC3A1,524.0
Q07837,N524V,0.1123,benign,SLC3A1,524.0
Q07837,N524W,0.3816,ambiguous,SLC3A1,524.0
Q07837,N524Y,0.0722,benign,SLC3A1,524.0
Q07837,T525A,0.1007,benign,SLC3A1,525.0
Q07837,T525C,0.5023,ambiguous,SLC3A1,525.0
Q07837,T525D,0.5703,pathogenic,SLC3A1,525.0
Q07837,T525E,0.536,ambiguous,SLC3A1,525.0
Q07837,T525F,0.3742,ambiguous,SLC3A1,525.0
Q07837,T525G,0.3451,ambiguous,SLC3A1,525.0
Q07837,T525H,0.404,ambiguous,SLC3A1,525.0
Q07837,T525I,0.1688,benign,SLC3A1,525.0
Q07837,T525K,0.3595,ambiguous,SLC3A1,525.0
Q07837,T525L,0.0983,benign,SLC3A1,525.0
Q07837,T525M,0.1271,benign,SLC3A1,525.0
Q07837,T525N,0.1931,benign,SLC3A1,525.0
Q07837,T525P,0.0752,benign,SLC3A1,525.0
Q07837,T525Q,0.4062,ambiguous,SLC3A1,525.0
Q07837,T525R,0.2797,benign,SLC3A1,525.0
Q07837,T525S,0.1398,benign,SLC3A1,525.0
Q07837,T525V,0.1671,benign,SLC3A1,525.0
Q07837,T525W,0.7752,pathogenic,SLC3A1,525.0
Q07837,T525Y,0.4752,ambiguous,SLC3A1,525.0
Q07837,W526A,0.9014,pathogenic,SLC3A1,526.0
Q07837,W526C,0.9596,pathogenic,SLC3A1,526.0
Q07837,W526D,0.9718,pathogenic,SLC3A1,526.0
Q07837,W526E,0.9786,pathogenic,SLC3A1,526.0
Q07837,W526F,0.549,ambiguous,SLC3A1,526.0
Q07837,W526G,0.8093,pathogenic,SLC3A1,526.0
Q07837,W526H,0.94,pathogenic,SLC3A1,526.0
Q07837,W526I,0.8982,pathogenic,SLC3A1,526.0
Q07837,W526K,0.9888,pathogenic,SLC3A1,526.0
Q07837,W526L,0.8276,pathogenic,SLC3A1,526.0
Q07837,W526M,0.9566,pathogenic,SLC3A1,526.0
Q07837,W526N,0.9646,pathogenic,SLC3A1,526.0
Q07837,W526P,0.956,pathogenic,SLC3A1,526.0
Q07837,W526Q,0.9832,pathogenic,SLC3A1,526.0
Q07837,W526R,0.9763,pathogenic,SLC3A1,526.0
Q07837,W526S,0.7599,pathogenic,SLC3A1,526.0
Q07837,W526T,0.9056,pathogenic,SLC3A1,526.0
Q07837,W526V,0.9039,pathogenic,SLC3A1,526.0
Q07837,W526Y,0.7618,pathogenic,SLC3A1,526.0
Q07837,L527A,0.7026,pathogenic,SLC3A1,527.0
Q07837,L527C,0.7881,pathogenic,SLC3A1,527.0
Q07837,L527D,0.956,pathogenic,SLC3A1,527.0
Q07837,L527E,0.7727,pathogenic,SLC3A1,527.0
Q07837,L527F,0.3113,benign,SLC3A1,527.0
Q07837,L527G,0.8788,pathogenic,SLC3A1,527.0
Q07837,L527H,0.563,ambiguous,SLC3A1,527.0
Q07837,L527I,0.1268,benign,SLC3A1,527.0
Q07837,L527K,0.6144,pathogenic,SLC3A1,527.0
Q07837,L527M,0.2038,benign,SLC3A1,527.0
Q07837,L527N,0.7843,pathogenic,SLC3A1,527.0
Q07837,L527P,0.934,pathogenic,SLC3A1,527.0
Q07837,L527Q,0.4295,ambiguous,SLC3A1,527.0
Q07837,L527R,0.5081,ambiguous,SLC3A1,527.0
Q07837,L527S,0.7485,pathogenic,SLC3A1,527.0
Q07837,L527T,0.6609,pathogenic,SLC3A1,527.0
Q07837,L527V,0.2076,benign,SLC3A1,527.0
Q07837,L527W,0.5509,ambiguous,SLC3A1,527.0
Q07837,L527Y,0.6316,pathogenic,SLC3A1,527.0
Q07837,P528A,0.1132,benign,SLC3A1,528.0
Q07837,P528C,0.5876,pathogenic,SLC3A1,528.0
Q07837,P528D,0.4382,ambiguous,SLC3A1,528.0
Q07837,P528E,0.2916,benign,SLC3A1,528.0
Q07837,P528F,0.5006,ambiguous,SLC3A1,528.0
Q07837,P528G,0.4076,ambiguous,SLC3A1,528.0
Q07837,P528H,0.2176,benign,SLC3A1,528.0
Q07837,P528I,0.3772,ambiguous,SLC3A1,528.0
Q07837,P528K,0.278,benign,SLC3A1,528.0
Q07837,P528L,0.1403,benign,SLC3A1,528.0
Q07837,P528M,0.3886,ambiguous,SLC3A1,528.0
Q07837,P528N,0.3946,ambiguous,SLC3A1,528.0
Q07837,P528Q,0.1734,benign,SLC3A1,528.0
Q07837,P528R,0.1815,benign,SLC3A1,528.0
Q07837,P528S,0.1684,benign,SLC3A1,528.0
Q07837,P528T,0.1486,benign,SLC3A1,528.0
Q07837,P528V,0.2855,benign,SLC3A1,528.0
Q07837,P528W,0.6372,pathogenic,SLC3A1,528.0
Q07837,P528Y,0.4507,ambiguous,SLC3A1,528.0
Q07837,T529A,0.0652,benign,SLC3A1,529.0
Q07837,T529C,0.3132,benign,SLC3A1,529.0
Q07837,T529D,0.4005,ambiguous,SLC3A1,529.0
Q07837,T529E,0.2648,benign,SLC3A1,529.0
Q07837,T529F,0.2429,benign,SLC3A1,529.0
Q07837,T529G,0.2248,benign,SLC3A1,529.0
Q07837,T529H,0.3017,benign,SLC3A1,529.0
Q07837,T529I,0.0781,benign,SLC3A1,529.0
Q07837,T529K,0.2002,benign,SLC3A1,529.0
Q07837,T529L,0.0678,benign,SLC3A1,529.0
Q07837,T529M,0.0906,benign,SLC3A1,529.0
Q07837,T529N,0.1433,benign,SLC3A1,529.0
Q07837,T529P,0.0786,benign,SLC3A1,529.0
Q07837,T529Q,0.2339,benign,SLC3A1,529.0
Q07837,T529R,0.1603,benign,SLC3A1,529.0
Q07837,T529S,0.1209,benign,SLC3A1,529.0
Q07837,T529V,0.079,benign,SLC3A1,529.0
Q07837,T529W,0.6059,pathogenic,SLC3A1,529.0
Q07837,T529Y,0.31,benign,SLC3A1,529.0
Q07837,N530A,0.1023,benign,SLC3A1,530.0
Q07837,N530C,0.1478,benign,SLC3A1,530.0
Q07837,N530D,0.0916,benign,SLC3A1,530.0
Q07837,N530E,0.3061,benign,SLC3A1,530.0
Q07837,N530F,0.3768,ambiguous,SLC3A1,530.0
Q07837,N530G,0.128,benign,SLC3A1,530.0
Q07837,N530H,0.0861,benign,SLC3A1,530.0
Q07837,N530I,0.1646,benign,SLC3A1,530.0
Q07837,N530K,0.2839,benign,SLC3A1,530.0
Q07837,N530L,0.1755,benign,SLC3A1,530.0
Q07837,N530M,0.2702,benign,SLC3A1,530.0
Q07837,N530P,0.3375,benign,SLC3A1,530.0
Q07837,N530Q,0.2814,benign,SLC3A1,530.0
Q07837,N530R,0.2847,benign,SLC3A1,530.0
Q07837,N530S,0.0475,benign,SLC3A1,530.0
Q07837,N530T,0.0872,benign,SLC3A1,530.0
Q07837,N530V,0.1622,benign,SLC3A1,530.0
Q07837,N530W,0.6267,pathogenic,SLC3A1,530.0
Q07837,N530Y,0.1347,benign,SLC3A1,530.0
Q07837,S531A,0.064,benign,SLC3A1,531.0
Q07837,S531C,0.1266,benign,SLC3A1,531.0
Q07837,S531D,0.1578,benign,SLC3A1,531.0
Q07837,S531E,0.1843,benign,SLC3A1,531.0
Q07837,S531F,0.1277,benign,SLC3A1,531.0
Q07837,S531G,0.0946,benign,SLC3A1,531.0
Q07837,S531H,0.1848,benign,SLC3A1,531.0
Q07837,S531I,0.1018,benign,SLC3A1,531.0
Q07837,S531K,0.2267,benign,SLC3A1,531.0
Q07837,S531L,0.0718,benign,SLC3A1,531.0
Q07837,S531M,0.153,benign,SLC3A1,531.0
Q07837,S531N,0.1011,benign,SLC3A1,531.0
Q07837,S531P,0.0675,benign,SLC3A1,531.0
Q07837,S531Q,0.2341,benign,SLC3A1,531.0
Q07837,S531R,0.2012,benign,SLC3A1,531.0
Q07837,S531T,0.0676,benign,SLC3A1,531.0
Q07837,S531V,0.1131,benign,SLC3A1,531.0
Q07837,S531W,0.1719,benign,SLC3A1,531.0
Q07837,S531Y,0.1094,benign,SLC3A1,531.0
Q07837,D532A,0.1545,benign,SLC3A1,532.0
Q07837,D532C,0.5653,pathogenic,SLC3A1,532.0
Q07837,D532E,0.2027,benign,SLC3A1,532.0
Q07837,D532F,0.4748,ambiguous,SLC3A1,532.0
Q07837,D532G,0.1395,benign,SLC3A1,532.0
Q07837,D532H,0.2353,benign,SLC3A1,532.0
Q07837,D532I,0.3136,benign,SLC3A1,532.0
Q07837,D532K,0.3431,ambiguous,SLC3A1,532.0
Q07837,D532L,0.3183,benign,SLC3A1,532.0
Q07837,D532M,0.5857,pathogenic,SLC3A1,532.0
Q07837,D532N,0.08,benign,SLC3A1,532.0
Q07837,D532P,0.725,pathogenic,SLC3A1,532.0
Q07837,D532Q,0.3176,benign,SLC3A1,532.0
Q07837,D532R,0.3235,benign,SLC3A1,532.0
Q07837,D532S,0.108,benign,SLC3A1,532.0
Q07837,D532T,0.2107,benign,SLC3A1,532.0
Q07837,D532V,0.2031,benign,SLC3A1,532.0
Q07837,D532W,0.833,pathogenic,SLC3A1,532.0
Q07837,D532Y,0.1805,benign,SLC3A1,532.0
Q07837,Y533A,0.5491,ambiguous,SLC3A1,533.0
Q07837,Y533C,0.1845,benign,SLC3A1,533.0
Q07837,Y533D,0.4201,ambiguous,SLC3A1,533.0
Q07837,Y533E,0.7616,pathogenic,SLC3A1,533.0
Q07837,Y533F,0.1029,benign,SLC3A1,533.0
Q07837,Y533G,0.5047,ambiguous,SLC3A1,533.0
Q07837,Y533H,0.2358,benign,SLC3A1,533.0
Q07837,Y533I,0.526,ambiguous,SLC3A1,533.0
Q07837,Y533K,0.7111,pathogenic,SLC3A1,533.0
Q07837,Y533L,0.6161,pathogenic,SLC3A1,533.0
Q07837,Y533M,0.7524,pathogenic,SLC3A1,533.0
Q07837,Y533N,0.2677,benign,SLC3A1,533.0
Q07837,Y533P,0.8373,pathogenic,SLC3A1,533.0
Q07837,Y533Q,0.6064,pathogenic,SLC3A1,533.0
Q07837,Y533R,0.4766,ambiguous,SLC3A1,533.0
Q07837,Y533S,0.2271,benign,SLC3A1,533.0
Q07837,Y533T,0.5746,pathogenic,SLC3A1,533.0
Q07837,Y533V,0.4848,ambiguous,SLC3A1,533.0
Q07837,Y533W,0.4357,ambiguous,SLC3A1,533.0
Q07837,H534A,0.1288,benign,SLC3A1,534.0
Q07837,H534C,0.1215,benign,SLC3A1,534.0
Q07837,H534D,0.0937,benign,SLC3A1,534.0
Q07837,H534E,0.1187,benign,SLC3A1,534.0
Q07837,H534F,0.2013,benign,SLC3A1,534.0
Q07837,H534G,0.1448,benign,SLC3A1,534.0
Q07837,H534I,0.1582,benign,SLC3A1,534.0
Q07837,H534K,0.1033,benign,SLC3A1,534.0
Q07837,H534L,0.0742,benign,SLC3A1,534.0
Q07837,H534M,0.2885,benign,SLC3A1,534.0
Q07837,H534N,0.0713,benign,SLC3A1,534.0
Q07837,H534P,0.0868,benign,SLC3A1,534.0
Q07837,H534Q,0.0891,benign,SLC3A1,534.0
Q07837,H534R,0.0582,benign,SLC3A1,534.0
Q07837,H534S,0.1111,benign,SLC3A1,534.0
Q07837,H534T,0.13,benign,SLC3A1,534.0
Q07837,H534V,0.1346,benign,SLC3A1,534.0
Q07837,H534W,0.2401,benign,SLC3A1,534.0
Q07837,H534Y,0.0767,benign,SLC3A1,534.0
Q07837,T535A,0.074,benign,SLC3A1,535.0
Q07837,T535C,0.3831,ambiguous,SLC3A1,535.0
Q07837,T535D,0.2012,benign,SLC3A1,535.0
Q07837,T535E,0.1477,benign,SLC3A1,535.0
Q07837,T535F,0.1325,benign,SLC3A1,535.0
Q07837,T535G,0.213,benign,SLC3A1,535.0
Q07837,T535H,0.1441,benign,SLC3A1,535.0
Q07837,T535I,0.0899,benign,SLC3A1,535.0
Q07837,T535K,0.1021,benign,SLC3A1,535.0
Q07837,T535L,0.0719,benign,SLC3A1,535.0
Q07837,T535M,0.0785,benign,SLC3A1,535.0
Q07837,T535N,0.0932,benign,SLC3A1,535.0
Q07837,T535P,0.2418,benign,SLC3A1,535.0
Q07837,T535Q,0.142,benign,SLC3A1,535.0
Q07837,T535R,0.0803,benign,SLC3A1,535.0
Q07837,T535S,0.0955,benign,SLC3A1,535.0
Q07837,T535V,0.0942,benign,SLC3A1,535.0
Q07837,T535W,0.3496,ambiguous,SLC3A1,535.0
Q07837,T535Y,0.1574,benign,SLC3A1,535.0
Q07837,V536A,0.1883,benign,SLC3A1,536.0
Q07837,V536C,0.7024,pathogenic,SLC3A1,536.0
Q07837,V536D,0.2729,benign,SLC3A1,536.0
Q07837,V536E,0.2278,benign,SLC3A1,536.0
Q07837,V536F,0.143,benign,SLC3A1,536.0
Q07837,V536G,0.2136,benign,SLC3A1,536.0
Q07837,V536H,0.4594,ambiguous,SLC3A1,536.0
Q07837,V536I,0.0736,benign,SLC3A1,536.0
Q07837,V536K,0.2435,benign,SLC3A1,536.0
Q07837,V536L,0.1651,benign,SLC3A1,536.0
Q07837,V536M,0.1295,benign,SLC3A1,536.0
Q07837,V536N,0.1875,benign,SLC3A1,536.0
Q07837,V536P,0.8089,pathogenic,SLC3A1,536.0
Q07837,V536Q,0.2607,benign,SLC3A1,536.0
Q07837,V536R,0.2007,benign,SLC3A1,536.0
Q07837,V536S,0.198,benign,SLC3A1,536.0
Q07837,V536T,0.165,benign,SLC3A1,536.0
Q07837,V536W,0.6929,pathogenic,SLC3A1,536.0
Q07837,V536Y,0.4309,ambiguous,SLC3A1,536.0
Q07837,N537A,0.7811,pathogenic,SLC3A1,537.0
Q07837,N537C,0.6462,pathogenic,SLC3A1,537.0
Q07837,N537D,0.6765,pathogenic,SLC3A1,537.0
Q07837,N537E,0.9588,pathogenic,SLC3A1,537.0
Q07837,N537F,0.9512,pathogenic,SLC3A1,537.0
Q07837,N537G,0.7851,pathogenic,SLC3A1,537.0
Q07837,N537H,0.5119,ambiguous,SLC3A1,537.0
Q07837,N537I,0.8372,pathogenic,SLC3A1,537.0
Q07837,N537K,0.9375,pathogenic,SLC3A1,537.0
Q07837,N537L,0.8096,pathogenic,SLC3A1,537.0
Q07837,N537M,0.8466,pathogenic,SLC3A1,537.0
Q07837,N537P,0.953,pathogenic,SLC3A1,537.0
Q07837,N537Q,0.9349,pathogenic,SLC3A1,537.0
Q07837,N537R,0.9144,pathogenic,SLC3A1,537.0
Q07837,N537S,0.1881,benign,SLC3A1,537.0
Q07837,N537T,0.4426,ambiguous,SLC3A1,537.0
Q07837,N537V,0.819,pathogenic,SLC3A1,537.0
Q07837,N537W,0.9858,pathogenic,SLC3A1,537.0
Q07837,N537Y,0.7511,pathogenic,SLC3A1,537.0
Q07837,V538A,0.1959,benign,SLC3A1,538.0
Q07837,V538C,0.8927,pathogenic,SLC3A1,538.0
Q07837,V538D,0.8126,pathogenic,SLC3A1,538.0
Q07837,V538E,0.6389,pathogenic,SLC3A1,538.0
Q07837,V538F,0.4212,ambiguous,SLC3A1,538.0
Q07837,V538G,0.4165,ambiguous,SLC3A1,538.0
Q07837,V538H,0.8884,pathogenic,SLC3A1,538.0
Q07837,V538I,0.1277,benign,SLC3A1,538.0
Q07837,V538K,0.7302,pathogenic,SLC3A1,538.0
Q07837,V538L,0.5661,pathogenic,SLC3A1,538.0
Q07837,V538M,0.3006,benign,SLC3A1,538.0
Q07837,V538N,0.709,pathogenic,SLC3A1,538.0
Q07837,V538P,0.8926,pathogenic,SLC3A1,538.0
Q07837,V538Q,0.7161,pathogenic,SLC3A1,538.0
Q07837,V538R,0.6423,pathogenic,SLC3A1,538.0
Q07837,V538S,0.4119,ambiguous,SLC3A1,538.0
Q07837,V538T,0.282,benign,SLC3A1,538.0
Q07837,V538W,0.9325,pathogenic,SLC3A1,538.0
Q07837,V538Y,0.8162,pathogenic,SLC3A1,538.0
Q07837,D539A,0.0684,benign,SLC3A1,539.0
Q07837,D539C,0.325,benign,SLC3A1,539.0
Q07837,D539E,0.086,benign,SLC3A1,539.0
Q07837,D539F,0.3176,benign,SLC3A1,539.0
Q07837,D539G,0.0959,benign,SLC3A1,539.0
Q07837,D539H,0.1092,benign,SLC3A1,539.0
Q07837,D539I,0.1776,benign,SLC3A1,539.0
Q07837,D539K,0.1316,benign,SLC3A1,539.0
Q07837,D539L,0.1744,benign,SLC3A1,539.0
Q07837,D539M,0.3198,benign,SLC3A1,539.0
Q07837,D539N,0.0711,benign,SLC3A1,539.0
Q07837,D539P,0.6248,pathogenic,SLC3A1,539.0
Q07837,D539Q,0.1328,benign,SLC3A1,539.0
Q07837,D539R,0.1373,benign,SLC3A1,539.0
Q07837,D539S,0.0818,benign,SLC3A1,539.0
Q07837,D539T,0.1236,benign,SLC3A1,539.0
Q07837,D539V,0.1081,benign,SLC3A1,539.0
Q07837,D539W,0.6517,pathogenic,SLC3A1,539.0
Q07837,D539Y,0.1141,benign,SLC3A1,539.0
Q07837,V540A,0.1002,benign,SLC3A1,540.0
Q07837,V540C,0.6495,pathogenic,SLC3A1,540.0
Q07837,V540D,0.16,benign,SLC3A1,540.0
Q07837,V540E,0.1493,benign,SLC3A1,540.0
Q07837,V540F,0.1066,benign,SLC3A1,540.0
Q07837,V540G,0.1358,benign,SLC3A1,540.0
Q07837,V540H,0.3711,ambiguous,SLC3A1,540.0
Q07837,V540I,0.0757,benign,SLC3A1,540.0
Q07837,V540K,0.1917,benign,SLC3A1,540.0
Q07837,V540L,0.1585,benign,SLC3A1,540.0
Q07837,V540M,0.1044,benign,SLC3A1,540.0
Q07837,V540N,0.15,benign,SLC3A1,540.0
Q07837,V540P,0.798,pathogenic,SLC3A1,540.0
Q07837,V540Q,0.1926,benign,SLC3A1,540.0
Q07837,V540R,0.1614,benign,SLC3A1,540.0
Q07837,V540S,0.1108,benign,SLC3A1,540.0
Q07837,V540T,0.1118,benign,SLC3A1,540.0
Q07837,V540W,0.6424,pathogenic,SLC3A1,540.0
Q07837,V540Y,0.3502,ambiguous,SLC3A1,540.0
Q07837,Q541A,0.5712,pathogenic,SLC3A1,541.0
Q07837,Q541C,0.9282,pathogenic,SLC3A1,541.0
Q07837,Q541D,0.924,pathogenic,SLC3A1,541.0
Q07837,Q541E,0.0932,benign,SLC3A1,541.0
Q07837,Q541F,0.963,pathogenic,SLC3A1,541.0
Q07837,Q541G,0.5788,pathogenic,SLC3A1,541.0
Q07837,Q541H,0.8752,pathogenic,SLC3A1,541.0
Q07837,Q541I,0.8393,pathogenic,SLC3A1,541.0
Q07837,Q541K,0.5242,ambiguous,SLC3A1,541.0
Q07837,Q541L,0.3983,ambiguous,SLC3A1,541.0
Q07837,Q541M,0.5856,pathogenic,SLC3A1,541.0
Q07837,Q541N,0.8581,pathogenic,SLC3A1,541.0
Q07837,Q541P,0.897,pathogenic,SLC3A1,541.0
Q07837,Q541R,0.5547,ambiguous,SLC3A1,541.0
Q07837,Q541S,0.7297,pathogenic,SLC3A1,541.0
Q07837,Q541T,0.729,pathogenic,SLC3A1,541.0
Q07837,Q541V,0.7452,pathogenic,SLC3A1,541.0
Q07837,Q541W,0.9659,pathogenic,SLC3A1,541.0
Q07837,Q541Y,0.9435,pathogenic,SLC3A1,541.0
Q07837,K542A,0.2081,benign,SLC3A1,542.0
Q07837,K542C,0.5501,ambiguous,SLC3A1,542.0
Q07837,K542D,0.3231,benign,SLC3A1,542.0
Q07837,K542E,0.0809,benign,SLC3A1,542.0
Q07837,K542F,0.4872,ambiguous,SLC3A1,542.0
Q07837,K542G,0.2536,benign,SLC3A1,542.0
Q07837,K542H,0.2402,benign,SLC3A1,542.0
Q07837,K542I,0.1946,benign,SLC3A1,542.0
Q07837,K542L,0.1738,benign,SLC3A1,542.0
Q07837,K542M,0.11,benign,SLC3A1,542.0
Q07837,K542N,0.1726,benign,SLC3A1,542.0
Q07837,K542P,0.8158,pathogenic,SLC3A1,542.0
Q07837,K542Q,0.0865,benign,SLC3A1,542.0
Q07837,K542R,0.0778,benign,SLC3A1,542.0
Q07837,K542S,0.2078,benign,SLC3A1,542.0
Q07837,K542T,0.1172,benign,SLC3A1,542.0
Q07837,K542V,0.1987,benign,SLC3A1,542.0
Q07837,K542W,0.5653,pathogenic,SLC3A1,542.0
Q07837,K542Y,0.362,ambiguous,SLC3A1,542.0
Q07837,T543A,0.075,benign,SLC3A1,543.0
Q07837,T543C,0.3484,ambiguous,SLC3A1,543.0
Q07837,T543D,0.1878,benign,SLC3A1,543.0
Q07837,T543E,0.1284,benign,SLC3A1,543.0
Q07837,T543F,0.1335,benign,SLC3A1,543.0
Q07837,T543G,0.1558,benign,SLC3A1,543.0
Q07837,T543H,0.1407,benign,SLC3A1,543.0
Q07837,T543I,0.1072,benign,SLC3A1,543.0
Q07837,T543K,0.0912,benign,SLC3A1,543.0
Q07837,T543L,0.0719,benign,SLC3A1,543.0
Q07837,T543M,0.069,benign,SLC3A1,543.0
Q07837,T543N,0.0714,benign,SLC3A1,543.0
Q07837,T543P,0.1341,benign,SLC3A1,543.0
Q07837,T543Q,0.1146,benign,SLC3A1,543.0
Q07837,T543R,0.0764,benign,SLC3A1,543.0
Q07837,T543S,0.0834,benign,SLC3A1,543.0
Q07837,T543V,0.1141,benign,SLC3A1,543.0
Q07837,T543W,0.3298,benign,SLC3A1,543.0
Q07837,T543Y,0.1446,benign,SLC3A1,543.0
Q07837,Q544A,0.164,benign,SLC3A1,544.0
Q07837,Q544C,0.4435,ambiguous,SLC3A1,544.0
Q07837,Q544D,0.1626,benign,SLC3A1,544.0
Q07837,Q544E,0.0692,benign,SLC3A1,544.0
Q07837,Q544F,0.3995,ambiguous,SLC3A1,544.0
Q07837,Q544G,0.1802,benign,SLC3A1,544.0
Q07837,Q544H,0.1293,benign,SLC3A1,544.0
Q07837,Q544I,0.2022,benign,SLC3A1,544.0
Q07837,Q544K,0.0853,benign,SLC3A1,544.0
Q07837,Q544L,0.0871,benign,SLC3A1,544.0
Q07837,Q544M,0.248,benign,SLC3A1,544.0
Q07837,Q544N,0.1606,benign,SLC3A1,544.0
Q07837,Q544P,0.2308,benign,SLC3A1,544.0
Q07837,Q544R,0.0832,benign,SLC3A1,544.0
Q07837,Q544S,0.1553,benign,SLC3A1,544.0
Q07837,Q544T,0.1486,benign,SLC3A1,544.0
Q07837,Q544V,0.1612,benign,SLC3A1,544.0
Q07837,Q544W,0.2582,benign,SLC3A1,544.0
Q07837,Q544Y,0.2194,benign,SLC3A1,544.0
Q07837,P545A,0.0714,benign,SLC3A1,545.0
Q07837,P545C,0.2855,benign,SLC3A1,545.0
Q07837,P545D,0.1551,benign,SLC3A1,545.0
Q07837,P545E,0.1172,benign,SLC3A1,545.0
Q07837,P545F,0.2074,benign,SLC3A1,545.0
Q07837,P545G,0.1494,benign,SLC3A1,545.0
Q07837,P545H,0.0902,benign,SLC3A1,545.0
Q07837,P545I,0.1779,benign,SLC3A1,545.0
Q07837,P545K,0.115,benign,SLC3A1,545.0
Q07837,P545L,0.0852,benign,SLC3A1,545.0
Q07837,P545M,0.1845,benign,SLC3A1,545.0
Q07837,P545N,0.1303,benign,SLC3A1,545.0
Q07837,P545Q,0.078,benign,SLC3A1,545.0
Q07837,P545R,0.0853,benign,SLC3A1,545.0
Q07837,P545S,0.0695,benign,SLC3A1,545.0
Q07837,P545T,0.0711,benign,SLC3A1,545.0
Q07837,P545V,0.1375,benign,SLC3A1,545.0
Q07837,P545W,0.2469,benign,SLC3A1,545.0
Q07837,P545Y,0.1749,benign,SLC3A1,545.0
Q07837,R546A,0.1031,benign,SLC3A1,546.0
Q07837,R546C,0.1305,benign,SLC3A1,546.0
Q07837,R546D,0.1577,benign,SLC3A1,546.0
Q07837,R546E,0.1247,benign,SLC3A1,546.0
Q07837,R546F,0.1908,benign,SLC3A1,546.0
Q07837,R546G,0.062,benign,SLC3A1,546.0
Q07837,R546H,0.0796,benign,SLC3A1,546.0
Q07837,R546I,0.1074,benign,SLC3A1,546.0
Q07837,R546K,0.0791,benign,SLC3A1,546.0
Q07837,R546L,0.1072,benign,SLC3A1,546.0
Q07837,R546M,0.1118,benign,SLC3A1,546.0
Q07837,R546N,0.1362,benign,SLC3A1,546.0
Q07837,R546P,0.2432,benign,SLC3A1,546.0
Q07837,R546Q,0.0776,benign,SLC3A1,546.0
Q07837,R546S,0.0958,benign,SLC3A1,546.0
Q07837,R546T,0.0722,benign,SLC3A1,546.0
Q07837,R546V,0.1392,benign,SLC3A1,546.0
Q07837,R546W,0.1069,benign,SLC3A1,546.0
Q07837,R546Y,0.1577,benign,SLC3A1,546.0
Q07837,S547A,0.2695,benign,SLC3A1,547.0
Q07837,S547C,0.3181,benign,SLC3A1,547.0
Q07837,S547D,0.7608,pathogenic,SLC3A1,547.0
Q07837,S547E,0.8914,pathogenic,SLC3A1,547.0
Q07837,S547F,0.6987,pathogenic,SLC3A1,547.0
Q07837,S547G,0.2076,benign,SLC3A1,547.0
Q07837,S547H,0.7846,pathogenic,SLC3A1,547.0
Q07837,S547I,0.7589,pathogenic,SLC3A1,547.0
Q07837,S547K,0.9672,pathogenic,SLC3A1,547.0
Q07837,S547L,0.4115,ambiguous,SLC3A1,547.0
Q07837,S547M,0.6514,pathogenic,SLC3A1,547.0
Q07837,S547N,0.4885,ambiguous,SLC3A1,547.0
Q07837,S547P,0.7293,pathogenic,SLC3A1,547.0
Q07837,S547Q,0.9085,pathogenic,SLC3A1,547.0
Q07837,S547R,0.944,pathogenic,SLC3A1,547.0
Q07837,S547T,0.196,benign,SLC3A1,547.0
Q07837,S547V,0.683,pathogenic,SLC3A1,547.0
Q07837,S547W,0.7228,pathogenic,SLC3A1,547.0
Q07837,S547Y,0.5939,pathogenic,SLC3A1,547.0
Q07837,A548C,0.4555,ambiguous,SLC3A1,548.0
Q07837,A548D,0.2897,benign,SLC3A1,548.0
Q07837,A548E,0.2897,benign,SLC3A1,548.0
Q07837,A548F,0.274,benign,SLC3A1,548.0
Q07837,A548G,0.157,benign,SLC3A1,548.0
Q07837,A548H,0.387,ambiguous,SLC3A1,548.0
Q07837,A548I,0.1878,benign,SLC3A1,548.0
Q07837,A548K,0.4354,ambiguous,SLC3A1,548.0
Q07837,A548L,0.1802,benign,SLC3A1,548.0
Q07837,A548M,0.2144,benign,SLC3A1,548.0
Q07837,A548N,0.2225,benign,SLC3A1,548.0
Q07837,A548P,0.1144,benign,SLC3A1,548.0
Q07837,A548Q,0.339,benign,SLC3A1,548.0
Q07837,A548R,0.3594,ambiguous,SLC3A1,548.0
Q07837,A548S,0.0872,benign,SLC3A1,548.0
Q07837,A548T,0.0752,benign,SLC3A1,548.0
Q07837,A548V,0.1031,benign,SLC3A1,548.0
Q07837,A548W,0.6671,pathogenic,SLC3A1,548.0
Q07837,A548Y,0.4017,ambiguous,SLC3A1,548.0
Q07837,L549A,0.5975,pathogenic,SLC3A1,549.0
Q07837,L549C,0.7556,pathogenic,SLC3A1,549.0
Q07837,L549D,0.9601,pathogenic,SLC3A1,549.0
Q07837,L549E,0.7622,pathogenic,SLC3A1,549.0
Q07837,L549F,0.1406,benign,SLC3A1,549.0
Q07837,L549G,0.817,pathogenic,SLC3A1,549.0
Q07837,L549H,0.5133,ambiguous,SLC3A1,549.0
Q07837,L549I,0.148,benign,SLC3A1,549.0
Q07837,L549K,0.6297,pathogenic,SLC3A1,549.0
Q07837,L549M,0.1847,benign,SLC3A1,549.0
Q07837,L549N,0.8118,pathogenic,SLC3A1,549.0
Q07837,L549P,0.8099,pathogenic,SLC3A1,549.0
Q07837,L549Q,0.4135,ambiguous,SLC3A1,549.0
Q07837,L549R,0.4665,ambiguous,SLC3A1,549.0
Q07837,L549S,0.6409,pathogenic,SLC3A1,549.0
Q07837,L549T,0.6192,pathogenic,SLC3A1,549.0
Q07837,L549V,0.1647,benign,SLC3A1,549.0
Q07837,L549W,0.2395,benign,SLC3A1,549.0
Q07837,L549Y,0.3904,ambiguous,SLC3A1,549.0
Q07837,K550A,0.2332,benign,SLC3A1,550.0
Q07837,K550C,0.5497,ambiguous,SLC3A1,550.0
Q07837,K550D,0.5032,ambiguous,SLC3A1,550.0
Q07837,K550E,0.155,benign,SLC3A1,550.0
Q07837,K550F,0.5263,ambiguous,SLC3A1,550.0
Q07837,K550G,0.2907,benign,SLC3A1,550.0
Q07837,K550H,0.1715,benign,SLC3A1,550.0
Q07837,K550I,0.2506,benign,SLC3A1,550.0
Q07837,K550L,0.2173,benign,SLC3A1,550.0
Q07837,K550M,0.1565,benign,SLC3A1,550.0
Q07837,K550N,0.2503,benign,SLC3A1,550.0
Q07837,K550P,0.7844,pathogenic,SLC3A1,550.0
Q07837,K550Q,0.0854,benign,SLC3A1,550.0
Q07837,K550R,0.0673,benign,SLC3A1,550.0
Q07837,K550S,0.2378,benign,SLC3A1,550.0
Q07837,K550T,0.1216,benign,SLC3A1,550.0
Q07837,K550V,0.2523,benign,SLC3A1,550.0
Q07837,K550W,0.5399,ambiguous,SLC3A1,550.0
Q07837,K550Y,0.3848,ambiguous,SLC3A1,550.0
Q07837,L551A,0.3528,ambiguous,SLC3A1,551.0
Q07837,L551C,0.507,ambiguous,SLC3A1,551.0
Q07837,L551D,0.6948,pathogenic,SLC3A1,551.0
Q07837,L551E,0.4402,ambiguous,SLC3A1,551.0
Q07837,L551F,0.1038,benign,SLC3A1,551.0
Q07837,L551G,0.549,ambiguous,SLC3A1,551.0
Q07837,L551H,0.2006,benign,SLC3A1,551.0
Q07837,L551I,0.0952,benign,SLC3A1,551.0
Q07837,L551K,0.3374,benign,SLC3A1,551.0
Q07837,L551M,0.1141,benign,SLC3A1,551.0
Q07837,L551N,0.3518,ambiguous,SLC3A1,551.0
Q07837,L551P,0.7417,pathogenic,SLC3A1,551.0
Q07837,L551Q,0.1443,benign,SLC3A1,551.0
Q07837,L551R,0.1907,benign,SLC3A1,551.0
Q07837,L551S,0.332,benign,SLC3A1,551.0
Q07837,L551T,0.2262,benign,SLC3A1,551.0
Q07837,L551V,0.1058,benign,SLC3A1,551.0
Q07837,L551W,0.204,benign,SLC3A1,551.0
Q07837,L551Y,0.2803,benign,SLC3A1,551.0
Q07837,Y552A,0.8823,pathogenic,SLC3A1,552.0
Q07837,Y552C,0.3392,benign,SLC3A1,552.0
Q07837,Y552D,0.8918,pathogenic,SLC3A1,552.0
Q07837,Y552E,0.9534,pathogenic,SLC3A1,552.0
Q07837,Y552F,0.1047,benign,SLC3A1,552.0
Q07837,Y552G,0.8166,pathogenic,SLC3A1,552.0
Q07837,Y552H,0.4317,ambiguous,SLC3A1,552.0
Q07837,Y552I,0.7598,pathogenic,SLC3A1,552.0
Q07837,Y552K,0.9565,pathogenic,SLC3A1,552.0
Q07837,Y552L,0.6453,pathogenic,SLC3A1,552.0
Q07837,Y552M,0.835,pathogenic,SLC3A1,552.0
Q07837,Y552N,0.623,pathogenic,SLC3A1,552.0
Q07837,Y552P,0.9747,pathogenic,SLC3A1,552.0
Q07837,Y552Q,0.8509,pathogenic,SLC3A1,552.0
Q07837,Y552R,0.8732,pathogenic,SLC3A1,552.0
Q07837,Y552S,0.5795,pathogenic,SLC3A1,552.0
Q07837,Y552T,0.8137,pathogenic,SLC3A1,552.0
Q07837,Y552V,0.6489,pathogenic,SLC3A1,552.0
Q07837,Y552W,0.6062,pathogenic,SLC3A1,552.0
Q07837,Q553A,0.3517,ambiguous,SLC3A1,553.0
Q07837,Q553C,0.6621,pathogenic,SLC3A1,553.0
Q07837,Q553D,0.6456,pathogenic,SLC3A1,553.0
Q07837,Q553E,0.082,benign,SLC3A1,553.0
Q07837,Q553F,0.8016,pathogenic,SLC3A1,553.0
Q07837,Q553G,0.3156,benign,SLC3A1,553.0
Q07837,Q553H,0.2565,benign,SLC3A1,553.0
Q07837,Q553I,0.5437,ambiguous,SLC3A1,553.0
Q07837,Q553K,0.0817,benign,SLC3A1,553.0
Q07837,Q553L,0.212,benign,SLC3A1,553.0
Q07837,Q553M,0.5027,ambiguous,SLC3A1,553.0
Q07837,Q553N,0.4913,ambiguous,SLC3A1,553.0
Q07837,Q553P,0.7251,pathogenic,SLC3A1,553.0
Q07837,Q553R,0.0706,benign,SLC3A1,553.0
Q07837,Q553S,0.4113,ambiguous,SLC3A1,553.0
Q07837,Q553T,0.306,benign,SLC3A1,553.0
Q07837,Q553V,0.4186,ambiguous,SLC3A1,553.0
Q07837,Q553W,0.5484,ambiguous,SLC3A1,553.0
Q07837,Q553Y,0.5457,ambiguous,SLC3A1,553.0
Q07837,D554A,0.1022,benign,SLC3A1,554.0
Q07837,D554C,0.4258,ambiguous,SLC3A1,554.0
Q07837,D554E,0.079,benign,SLC3A1,554.0
Q07837,D554F,0.3642,ambiguous,SLC3A1,554.0
Q07837,D554G,0.1177,benign,SLC3A1,554.0
Q07837,D554H,0.1243,benign,SLC3A1,554.0
Q07837,D554I,0.2366,benign,SLC3A1,554.0
Q07837,D554K,0.1401,benign,SLC3A1,554.0
Q07837,D554L,0.2278,benign,SLC3A1,554.0
Q07837,D554M,0.3676,ambiguous,SLC3A1,554.0
Q07837,D554N,0.083,benign,SLC3A1,554.0
Q07837,D554P,0.8277,pathogenic,SLC3A1,554.0
Q07837,D554Q,0.1199,benign,SLC3A1,554.0
Q07837,D554R,0.1538,benign,SLC3A1,554.0
Q07837,D554S,0.0941,benign,SLC3A1,554.0
Q07837,D554T,0.1486,benign,SLC3A1,554.0
Q07837,D554V,0.1394,benign,SLC3A1,554.0
Q07837,D554W,0.6499,pathogenic,SLC3A1,554.0
Q07837,D554Y,0.1197,benign,SLC3A1,554.0
Q07837,L555A,0.6606,pathogenic,SLC3A1,555.0
Q07837,L555C,0.8252,pathogenic,SLC3A1,555.0
Q07837,L555D,0.9854,pathogenic,SLC3A1,555.0
Q07837,L555E,0.9395,pathogenic,SLC3A1,555.0
Q07837,L555F,0.4124,ambiguous,SLC3A1,555.0
Q07837,L555G,0.9041,pathogenic,SLC3A1,555.0
Q07837,L555H,0.8662,pathogenic,SLC3A1,555.0
Q07837,L555I,0.1618,benign,SLC3A1,555.0
Q07837,L555K,0.9409,pathogenic,SLC3A1,555.0
Q07837,L555M,0.1953,benign,SLC3A1,555.0
Q07837,L555N,0.889,pathogenic,SLC3A1,555.0
Q07837,L555P,0.9832,pathogenic,SLC3A1,555.0
Q07837,L555Q,0.7938,pathogenic,SLC3A1,555.0
Q07837,L555R,0.8752,pathogenic,SLC3A1,555.0
Q07837,L555S,0.7842,pathogenic,SLC3A1,555.0
Q07837,L555T,0.6446,pathogenic,SLC3A1,555.0
Q07837,L555V,0.1733,benign,SLC3A1,555.0
Q07837,L555W,0.8392,pathogenic,SLC3A1,555.0
Q07837,L555Y,0.8607,pathogenic,SLC3A1,555.0
Q07837,S556A,0.1074,benign,SLC3A1,556.0
Q07837,S556C,0.1622,benign,SLC3A1,556.0
Q07837,S556D,0.7352,pathogenic,SLC3A1,556.0
Q07837,S556E,0.8096,pathogenic,SLC3A1,556.0
Q07837,S556F,0.486,ambiguous,SLC3A1,556.0
Q07837,S556G,0.1151,benign,SLC3A1,556.0
Q07837,S556H,0.5763,pathogenic,SLC3A1,556.0
Q07837,S556I,0.2658,benign,SLC3A1,556.0
Q07837,S556K,0.8971,pathogenic,SLC3A1,556.0
Q07837,S556L,0.1806,benign,SLC3A1,556.0
Q07837,S556M,0.3318,benign,SLC3A1,556.0
Q07837,S556N,0.1919,benign,SLC3A1,556.0
Q07837,S556P,0.7881,pathogenic,SLC3A1,556.0
Q07837,S556Q,0.6962,pathogenic,SLC3A1,556.0
Q07837,S556R,0.7989,pathogenic,SLC3A1,556.0
Q07837,S556T,0.1108,benign,SLC3A1,556.0
Q07837,S556V,0.2714,benign,SLC3A1,556.0
Q07837,S556W,0.6522,pathogenic,SLC3A1,556.0
Q07837,S556Y,0.4118,ambiguous,SLC3A1,556.0
Q07837,L557A,0.0886,benign,SLC3A1,557.0
Q07837,L557C,0.2854,benign,SLC3A1,557.0
Q07837,L557D,0.2308,benign,SLC3A1,557.0
Q07837,L557E,0.123,benign,SLC3A1,557.0
Q07837,L557F,0.0702,benign,SLC3A1,557.0
Q07837,L557G,0.1823,benign,SLC3A1,557.0
Q07837,L557H,0.0802,benign,SLC3A1,557.0
Q07837,L557I,0.0741,benign,SLC3A1,557.0
Q07837,L557K,0.0864,benign,SLC3A1,557.0
Q07837,L557M,0.0842,benign,SLC3A1,557.0
Q07837,L557N,0.1222,benign,SLC3A1,557.0
Q07837,L557P,0.4884,ambiguous,SLC3A1,557.0
Q07837,L557Q,0.0638,benign,SLC3A1,557.0
Q07837,L557R,0.0642,benign,SLC3A1,557.0
Q07837,L557S,0.0705,benign,SLC3A1,557.0
Q07837,L557T,0.0885,benign,SLC3A1,557.0
Q07837,L557V,0.072,benign,SLC3A1,557.0
Q07837,L557W,0.1052,benign,SLC3A1,557.0
Q07837,L557Y,0.1407,benign,SLC3A1,557.0
Q07837,L558A,0.4852,ambiguous,SLC3A1,558.0
Q07837,L558C,0.7373,pathogenic,SLC3A1,558.0
Q07837,L558D,0.8823,pathogenic,SLC3A1,558.0
Q07837,L558E,0.5901,pathogenic,SLC3A1,558.0
Q07837,L558F,0.1512,benign,SLC3A1,558.0
Q07837,L558G,0.7983,pathogenic,SLC3A1,558.0
Q07837,L558H,0.4204,ambiguous,SLC3A1,558.0
Q07837,L558I,0.1309,benign,SLC3A1,558.0
Q07837,L558K,0.5642,pathogenic,SLC3A1,558.0
Q07837,L558M,0.1677,benign,SLC3A1,558.0
Q07837,L558N,0.7323,pathogenic,SLC3A1,558.0
Q07837,L558P,0.8577,pathogenic,SLC3A1,558.0
Q07837,L558Q,0.2958,benign,SLC3A1,558.0
Q07837,L558R,0.3894,ambiguous,SLC3A1,558.0
Q07837,L558S,0.5573,ambiguous,SLC3A1,558.0
Q07837,L558T,0.4979,ambiguous,SLC3A1,558.0
Q07837,L558V,0.1658,benign,SLC3A1,558.0
Q07837,L558W,0.3105,benign,SLC3A1,558.0
Q07837,L558Y,0.4562,ambiguous,SLC3A1,558.0
Q07837,H559A,0.3979,ambiguous,SLC3A1,559.0
Q07837,H559C,0.262,benign,SLC3A1,559.0
Q07837,H559D,0.4799,ambiguous,SLC3A1,559.0
Q07837,H559E,0.4514,ambiguous,SLC3A1,559.0
Q07837,H559F,0.3823,ambiguous,SLC3A1,559.0
Q07837,H559G,0.3895,ambiguous,SLC3A1,559.0
Q07837,H559I,0.4479,ambiguous,SLC3A1,559.0
Q07837,H559K,0.2312,benign,SLC3A1,559.0
Q07837,H559L,0.1674,benign,SLC3A1,559.0
Q07837,H559M,0.6411,pathogenic,SLC3A1,559.0
Q07837,H559N,0.2036,benign,SLC3A1,559.0
Q07837,H559P,0.3561,ambiguous,SLC3A1,559.0
Q07837,H559Q,0.1806,benign,SLC3A1,559.0
Q07837,H559R,0.0612,benign,SLC3A1,559.0
Q07837,H559S,0.3534,ambiguous,SLC3A1,559.0
Q07837,H559T,0.4188,ambiguous,SLC3A1,559.0
Q07837,H559V,0.3832,ambiguous,SLC3A1,559.0
Q07837,H559W,0.3328,benign,SLC3A1,559.0
Q07837,H559Y,0.1083,benign,SLC3A1,559.0
Q07837,A560C,0.4146,ambiguous,SLC3A1,560.0
Q07837,A560D,0.1447,benign,SLC3A1,560.0
Q07837,A560E,0.1244,benign,SLC3A1,560.0
Q07837,A560F,0.232,benign,SLC3A1,560.0
Q07837,A560G,0.0952,benign,SLC3A1,560.0
Q07837,A560H,0.2437,benign,SLC3A1,560.0
Q07837,A560I,0.1706,benign,SLC3A1,560.0
Q07837,A560K,0.163,benign,SLC3A1,560.0
Q07837,A560L,0.1492,benign,SLC3A1,560.0
Q07837,A560M,0.1795,benign,SLC3A1,560.0
Q07837,A560N,0.1377,benign,SLC3A1,560.0
Q07837,A560P,0.3651,ambiguous,SLC3A1,560.0
Q07837,A560Q,0.1655,benign,SLC3A1,560.0
Q07837,A560R,0.1423,benign,SLC3A1,560.0
Q07837,A560S,0.0766,benign,SLC3A1,560.0
Q07837,A560T,0.0724,benign,SLC3A1,560.0
Q07837,A560V,0.1012,benign,SLC3A1,560.0
Q07837,A560W,0.4938,ambiguous,SLC3A1,560.0
Q07837,A560Y,0.2707,benign,SLC3A1,560.0
Q07837,N561A,0.1358,benign,SLC3A1,561.0
Q07837,N561C,0.3039,benign,SLC3A1,561.0
Q07837,N561D,0.0616,benign,SLC3A1,561.0
Q07837,N561E,0.1201,benign,SLC3A1,561.0
Q07837,N561F,0.4553,ambiguous,SLC3A1,561.0
Q07837,N561G,0.1292,benign,SLC3A1,561.0
Q07837,N561H,0.0766,benign,SLC3A1,561.0
Q07837,N561I,0.2564,benign,SLC3A1,561.0
Q07837,N561K,0.0845,benign,SLC3A1,561.0
Q07837,N561L,0.244,benign,SLC3A1,561.0
Q07837,N561M,0.3014,benign,SLC3A1,561.0
Q07837,N561P,0.4429,ambiguous,SLC3A1,561.0
Q07837,N561Q,0.124,benign,SLC3A1,561.0
Q07837,N561R,0.0958,benign,SLC3A1,561.0
Q07837,N561S,0.0602,benign,SLC3A1,561.0
Q07837,N561T,0.099,benign,SLC3A1,561.0
Q07837,N561V,0.217,benign,SLC3A1,561.0
Q07837,N561W,0.527,ambiguous,SLC3A1,561.0
Q07837,N561Y,0.1559,benign,SLC3A1,561.0
Q07837,E562A,0.3149,benign,SLC3A1,562.0
Q07837,E562C,0.9181,pathogenic,SLC3A1,562.0
Q07837,E562D,0.1933,benign,SLC3A1,562.0
Q07837,E562F,0.8429,pathogenic,SLC3A1,562.0
Q07837,E562G,0.3266,benign,SLC3A1,562.0
Q07837,E562H,0.481,ambiguous,SLC3A1,562.0
Q07837,E562I,0.6655,pathogenic,SLC3A1,562.0
Q07837,E562K,0.2636,benign,SLC3A1,562.0
Q07837,E562L,0.6448,pathogenic,SLC3A1,562.0
Q07837,E562M,0.7018,pathogenic,SLC3A1,562.0
Q07837,E562N,0.3464,ambiguous,SLC3A1,562.0
Q07837,E562P,0.8631,pathogenic,SLC3A1,562.0
Q07837,E562Q,0.198,benign,SLC3A1,562.0
Q07837,E562R,0.3737,ambiguous,SLC3A1,562.0
Q07837,E562S,0.2966,benign,SLC3A1,562.0
Q07837,E562T,0.4128,ambiguous,SLC3A1,562.0
Q07837,E562V,0.4434,ambiguous,SLC3A1,562.0
Q07837,E562W,0.9317,pathogenic,SLC3A1,562.0
Q07837,E562Y,0.6743,pathogenic,SLC3A1,562.0
Q07837,L563A,0.2735,benign,SLC3A1,563.0
Q07837,L563C,0.7254,pathogenic,SLC3A1,563.0
Q07837,L563D,0.5548,ambiguous,SLC3A1,563.0
Q07837,L563E,0.3145,benign,SLC3A1,563.0
Q07837,L563F,0.1648,benign,SLC3A1,563.0
Q07837,L563G,0.4849,ambiguous,SLC3A1,563.0
Q07837,L563H,0.2486,benign,SLC3A1,563.0
Q07837,L563I,0.107,benign,SLC3A1,563.0
Q07837,L563K,0.2247,benign,SLC3A1,563.0
Q07837,L563M,0.1385,benign,SLC3A1,563.0
Q07837,L563N,0.3591,ambiguous,SLC3A1,563.0
Q07837,L563P,0.1377,benign,SLC3A1,563.0
Q07837,L563Q,0.1663,benign,SLC3A1,563.0
Q07837,L563R,0.1607,benign,SLC3A1,563.0
Q07837,L563S,0.2914,benign,SLC3A1,563.0
Q07837,L563T,0.2301,benign,SLC3A1,563.0
Q07837,L563V,0.1098,benign,SLC3A1,563.0
Q07837,L563W,0.2701,benign,SLC3A1,563.0
Q07837,L563Y,0.3541,ambiguous,SLC3A1,563.0
Q07837,L564A,0.2205,benign,SLC3A1,564.0
Q07837,L564C,0.6484,pathogenic,SLC3A1,564.0
Q07837,L564D,0.7666,pathogenic,SLC3A1,564.0
Q07837,L564E,0.4602,ambiguous,SLC3A1,564.0
Q07837,L564F,0.1847,benign,SLC3A1,564.0
Q07837,L564G,0.54,ambiguous,SLC3A1,564.0
Q07837,L564H,0.3303,benign,SLC3A1,564.0
Q07837,L564I,0.1111,benign,SLC3A1,564.0
Q07837,L564K,0.4898,ambiguous,SLC3A1,564.0
Q07837,L564M,0.1732,benign,SLC3A1,564.0
Q07837,L564N,0.4979,ambiguous,SLC3A1,564.0
Q07837,L564P,0.1141,benign,SLC3A1,564.0
Q07837,L564Q,0.2355,benign,SLC3A1,564.0
Q07837,L564R,0.3145,benign,SLC3A1,564.0
Q07837,L564S,0.2705,benign,SLC3A1,564.0
Q07837,L564T,0.256,benign,SLC3A1,564.0
Q07837,L564V,0.105,benign,SLC3A1,564.0
Q07837,L564W,0.3587,ambiguous,SLC3A1,564.0
Q07837,L564Y,0.464,ambiguous,SLC3A1,564.0
Q07837,L565A,0.6053,pathogenic,SLC3A1,565.0
Q07837,L565C,0.7624,pathogenic,SLC3A1,565.0
Q07837,L565D,0.9389,pathogenic,SLC3A1,565.0
Q07837,L565E,0.7962,pathogenic,SLC3A1,565.0
Q07837,L565F,0.1218,benign,SLC3A1,565.0
Q07837,L565G,0.8119,pathogenic,SLC3A1,565.0
Q07837,L565H,0.5168,ambiguous,SLC3A1,565.0
Q07837,L565I,0.1018,benign,SLC3A1,565.0
Q07837,L565K,0.6899,pathogenic,SLC3A1,565.0
Q07837,L565M,0.1464,benign,SLC3A1,565.0
Q07837,L565N,0.7603,pathogenic,SLC3A1,565.0
Q07837,L565P,0.6057,pathogenic,SLC3A1,565.0
Q07837,L565Q,0.4473,ambiguous,SLC3A1,565.0
Q07837,L565R,0.5281,ambiguous,SLC3A1,565.0
Q07837,L565S,0.7046,pathogenic,SLC3A1,565.0
Q07837,L565T,0.5798,pathogenic,SLC3A1,565.0
Q07837,L565V,0.1472,benign,SLC3A1,565.0
Q07837,L565W,0.2716,benign,SLC3A1,565.0
Q07837,L565Y,0.4936,ambiguous,SLC3A1,565.0
Q07837,N566A,0.1296,benign,SLC3A1,566.0
Q07837,N566C,0.1878,benign,SLC3A1,566.0
Q07837,N566D,0.123,benign,SLC3A1,566.0
Q07837,N566E,0.2164,benign,SLC3A1,566.0
Q07837,N566F,0.2948,benign,SLC3A1,566.0
Q07837,N566G,0.1381,benign,SLC3A1,566.0
Q07837,N566H,0.0579,benign,SLC3A1,566.0
Q07837,N566I,0.155,benign,SLC3A1,566.0
Q07837,N566K,0.1209,benign,SLC3A1,566.0
Q07837,N566L,0.142,benign,SLC3A1,566.0
Q07837,N566M,0.2424,benign,SLC3A1,566.0
Q07837,N566P,0.4021,ambiguous,SLC3A1,566.0
Q07837,N566Q,0.1427,benign,SLC3A1,566.0
Q07837,N566R,0.1134,benign,SLC3A1,566.0
Q07837,N566S,0.0522,benign,SLC3A1,566.0
Q07837,N566T,0.0848,benign,SLC3A1,566.0
Q07837,N566V,0.1695,benign,SLC3A1,566.0
Q07837,N566W,0.4075,ambiguous,SLC3A1,566.0
Q07837,N566Y,0.0861,benign,SLC3A1,566.0
Q07837,R567A,0.7326,pathogenic,SLC3A1,567.0
Q07837,R567C,0.4702,ambiguous,SLC3A1,567.0
Q07837,R567D,0.8571,pathogenic,SLC3A1,567.0
Q07837,R567E,0.5261,ambiguous,SLC3A1,567.0
Q07837,R567F,0.7768,pathogenic,SLC3A1,567.0
Q07837,R567G,0.4652,ambiguous,SLC3A1,567.0
Q07837,R567H,0.1677,benign,SLC3A1,567.0
Q07837,R567I,0.6136,pathogenic,SLC3A1,567.0
Q07837,R567K,0.2182,benign,SLC3A1,567.0
Q07837,R567L,0.5193,ambiguous,SLC3A1,567.0
Q07837,R567M,0.6092,pathogenic,SLC3A1,567.0
Q07837,R567N,0.8131,pathogenic,SLC3A1,567.0
Q07837,R567P,0.9323,pathogenic,SLC3A1,567.0
Q07837,R567Q,0.1571,benign,SLC3A1,567.0
Q07837,R567S,0.7217,pathogenic,SLC3A1,567.0
Q07837,R567T,0.5201,ambiguous,SLC3A1,567.0
Q07837,R567V,0.6918,pathogenic,SLC3A1,567.0
Q07837,R567W,0.2281,benign,SLC3A1,567.0
Q07837,R567Y,0.5771,pathogenic,SLC3A1,567.0
Q07837,G568A,0.6812,pathogenic,SLC3A1,568.0
Q07837,G568C,0.9406,pathogenic,SLC3A1,568.0
Q07837,G568D,0.9349,pathogenic,SLC3A1,568.0
Q07837,G568E,0.938,pathogenic,SLC3A1,568.0
Q07837,G568F,0.988,pathogenic,SLC3A1,568.0
Q07837,G568H,0.9853,pathogenic,SLC3A1,568.0
Q07837,G568I,0.9578,pathogenic,SLC3A1,568.0
Q07837,G568K,0.9812,pathogenic,SLC3A1,568.0
Q07837,G568L,0.97,pathogenic,SLC3A1,568.0
Q07837,G568M,0.9826,pathogenic,SLC3A1,568.0
Q07837,G568N,0.9508,pathogenic,SLC3A1,568.0
Q07837,G568P,0.9908,pathogenic,SLC3A1,568.0
Q07837,G568Q,0.967,pathogenic,SLC3A1,568.0
Q07837,G568R,0.9508,pathogenic,SLC3A1,568.0
Q07837,G568S,0.585,pathogenic,SLC3A1,568.0
Q07837,G568T,0.9023,pathogenic,SLC3A1,568.0
Q07837,G568V,0.9164,pathogenic,SLC3A1,568.0
Q07837,G568W,0.9752,pathogenic,SLC3A1,568.0
Q07837,G568Y,0.9798,pathogenic,SLC3A1,568.0
Q07837,W569A,0.7402,pathogenic,SLC3A1,569.0
Q07837,W569C,0.9314,pathogenic,SLC3A1,569.0
Q07837,W569D,0.9006,pathogenic,SLC3A1,569.0
Q07837,W569E,0.919,pathogenic,SLC3A1,569.0
Q07837,W569F,0.3671,ambiguous,SLC3A1,569.0
Q07837,W569G,0.5798,pathogenic,SLC3A1,569.0
Q07837,W569H,0.7896,pathogenic,SLC3A1,569.0
Q07837,W569I,0.8335,pathogenic,SLC3A1,569.0
Q07837,W569K,0.9409,pathogenic,SLC3A1,569.0
Q07837,W569L,0.6418,pathogenic,SLC3A1,569.0
Q07837,W569M,0.8675,pathogenic,SLC3A1,569.0
Q07837,W569N,0.8451,pathogenic,SLC3A1,569.0
Q07837,W569P,0.9839,pathogenic,SLC3A1,569.0
Q07837,W569Q,0.9162,pathogenic,SLC3A1,569.0
Q07837,W569R,0.8866,pathogenic,SLC3A1,569.0
Q07837,W569S,0.4687,ambiguous,SLC3A1,569.0
Q07837,W569T,0.7438,pathogenic,SLC3A1,569.0
Q07837,W569V,0.7769,pathogenic,SLC3A1,569.0
Q07837,W569Y,0.4922,ambiguous,SLC3A1,569.0
Q07837,F570A,0.8866,pathogenic,SLC3A1,570.0
Q07837,F570C,0.8211,pathogenic,SLC3A1,570.0
Q07837,F570D,0.9801,pathogenic,SLC3A1,570.0
Q07837,F570E,0.9763,pathogenic,SLC3A1,570.0
Q07837,F570G,0.9462,pathogenic,SLC3A1,570.0
Q07837,F570H,0.8769,pathogenic,SLC3A1,570.0
Q07837,F570I,0.4049,ambiguous,SLC3A1,570.0
Q07837,F570K,0.9786,pathogenic,SLC3A1,570.0
Q07837,F570L,0.8472,pathogenic,SLC3A1,570.0
Q07837,F570M,0.6365,pathogenic,SLC3A1,570.0
Q07837,F570N,0.9056,pathogenic,SLC3A1,570.0
Q07837,F570P,0.9977,pathogenic,SLC3A1,570.0
Q07837,F570Q,0.9547,pathogenic,SLC3A1,570.0
Q07837,F570R,0.9551,pathogenic,SLC3A1,570.0
Q07837,F570S,0.8184,pathogenic,SLC3A1,570.0
Q07837,F570T,0.8554,pathogenic,SLC3A1,570.0
Q07837,F570V,0.4294,ambiguous,SLC3A1,570.0
Q07837,F570W,0.6996,pathogenic,SLC3A1,570.0
Q07837,F570Y,0.2467,benign,SLC3A1,570.0
Q07837,C571A,0.9844,pathogenic,SLC3A1,571.0
Q07837,C571D,0.9956,pathogenic,SLC3A1,571.0
Q07837,C571E,0.9954,pathogenic,SLC3A1,571.0
Q07837,C571F,0.9199,pathogenic,SLC3A1,571.0
Q07837,C571G,0.9099,pathogenic,SLC3A1,571.0
Q07837,C571H,0.9796,pathogenic,SLC3A1,571.0
Q07837,C571I,0.9639,pathogenic,SLC3A1,571.0
Q07837,C571K,0.9961,pathogenic,SLC3A1,571.0
Q07837,C571L,0.9542,pathogenic,SLC3A1,571.0
Q07837,C571M,0.9875,pathogenic,SLC3A1,571.0
Q07837,C571N,0.9912,pathogenic,SLC3A1,571.0
Q07837,C571P,0.9966,pathogenic,SLC3A1,571.0
Q07837,C571Q,0.9889,pathogenic,SLC3A1,571.0
Q07837,C571R,0.9614,pathogenic,SLC3A1,571.0
Q07837,C571S,0.9715,pathogenic,SLC3A1,571.0
Q07837,C571T,0.9859,pathogenic,SLC3A1,571.0
Q07837,C571V,0.9638,pathogenic,SLC3A1,571.0
Q07837,C571W,0.9703,pathogenic,SLC3A1,571.0
Q07837,C571Y,0.9612,pathogenic,SLC3A1,571.0
Q07837,H572A,0.2322,benign,SLC3A1,572.0
Q07837,H572C,0.1739,benign,SLC3A1,572.0
Q07837,H572D,0.2344,benign,SLC3A1,572.0
Q07837,H572E,0.2567,benign,SLC3A1,572.0
Q07837,H572F,0.1511,benign,SLC3A1,572.0
Q07837,H572G,0.272,benign,SLC3A1,572.0
Q07837,H572I,0.1656,benign,SLC3A1,572.0
Q07837,H572K,0.2365,benign,SLC3A1,572.0
Q07837,H572L,0.0602,benign,SLC3A1,572.0
Q07837,H572M,0.3095,benign,SLC3A1,572.0
Q07837,H572N,0.1156,benign,SLC3A1,572.0
Q07837,H572P,0.1126,benign,SLC3A1,572.0
Q07837,H572Q,0.144,benign,SLC3A1,572.0
Q07837,H572R,0.1001,benign,SLC3A1,572.0
Q07837,H572S,0.174,benign,SLC3A1,572.0
Q07837,H572T,0.2204,benign,SLC3A1,572.0
Q07837,H572V,0.1538,benign,SLC3A1,572.0
Q07837,H572W,0.267,benign,SLC3A1,572.0
Q07837,H572Y,0.0611,benign,SLC3A1,572.0
Q07837,L573A,0.3245,benign,SLC3A1,573.0
Q07837,L573C,0.6242,pathogenic,SLC3A1,573.0
Q07837,L573D,0.7719,pathogenic,SLC3A1,573.0
Q07837,L573E,0.4609,ambiguous,SLC3A1,573.0
Q07837,L573F,0.1328,benign,SLC3A1,573.0
Q07837,L573G,0.6069,pathogenic,SLC3A1,573.0
Q07837,L573H,0.3151,benign,SLC3A1,573.0
Q07837,L573I,0.0768,benign,SLC3A1,573.0
Q07837,L573K,0.4185,ambiguous,SLC3A1,573.0
Q07837,L573M,0.1327,benign,SLC3A1,573.0
Q07837,L573N,0.5474,ambiguous,SLC3A1,573.0
Q07837,L573P,0.5088,ambiguous,SLC3A1,573.0
Q07837,L573Q,0.2519,benign,SLC3A1,573.0
Q07837,L573R,0.2926,benign,SLC3A1,573.0
Q07837,L573S,0.3696,ambiguous,SLC3A1,573.0
Q07837,L573T,0.2942,benign,SLC3A1,573.0
Q07837,L573V,0.0842,benign,SLC3A1,573.0
Q07837,L573W,0.2863,benign,SLC3A1,573.0
Q07837,L573Y,0.4046,ambiguous,SLC3A1,573.0
Q07837,R574A,0.1869,benign,SLC3A1,574.0
Q07837,R574C,0.1805,benign,SLC3A1,574.0
Q07837,R574D,0.2718,benign,SLC3A1,574.0
Q07837,R574E,0.1467,benign,SLC3A1,574.0
Q07837,R574F,0.2993,benign,SLC3A1,574.0
Q07837,R574G,0.092,benign,SLC3A1,574.0
Q07837,R574H,0.0867,benign,SLC3A1,574.0
Q07837,R574I,0.1656,benign,SLC3A1,574.0
Q07837,R574K,0.0859,benign,SLC3A1,574.0
Q07837,R574L,0.1468,benign,SLC3A1,574.0
Q07837,R574M,0.1663,benign,SLC3A1,574.0
Q07837,R574N,0.246,benign,SLC3A1,574.0
Q07837,R574P,0.3423,ambiguous,SLC3A1,574.0
Q07837,R574Q,0.074,benign,SLC3A1,574.0
Q07837,R574S,0.1567,benign,SLC3A1,574.0
Q07837,R574T,0.121,benign,SLC3A1,574.0
Q07837,R574V,0.2171,benign,SLC3A1,574.0
Q07837,R574W,0.1054,benign,SLC3A1,574.0
Q07837,R574Y,0.2108,benign,SLC3A1,574.0
Q07837,N575A,0.1673,benign,SLC3A1,575.0
Q07837,N575C,0.3353,benign,SLC3A1,575.0
Q07837,N575D,0.0847,benign,SLC3A1,575.0
Q07837,N575E,0.2048,benign,SLC3A1,575.0
Q07837,N575F,0.4298,ambiguous,SLC3A1,575.0
Q07837,N575G,0.1882,benign,SLC3A1,575.0
Q07837,N575H,0.1026,benign,SLC3A1,575.0
Q07837,N575I,0.2073,benign,SLC3A1,575.0
Q07837,N575K,0.1797,benign,SLC3A1,575.0
Q07837,N575L,0.2275,benign,SLC3A1,575.0
Q07837,N575M,0.2943,benign,SLC3A1,575.0
Q07837,N575P,0.3462,ambiguous,SLC3A1,575.0
Q07837,N575Q,0.2294,benign,SLC3A1,575.0
Q07837,N575R,0.1973,benign,SLC3A1,575.0
Q07837,N575S,0.0725,benign,SLC3A1,575.0
Q07837,N575T,0.1046,benign,SLC3A1,575.0
Q07837,N575V,0.2096,benign,SLC3A1,575.0
Q07837,N575W,0.5667,pathogenic,SLC3A1,575.0
Q07837,N575Y,0.1372,benign,SLC3A1,575.0
Q07837,D576A,0.1578,benign,SLC3A1,576.0
Q07837,D576C,0.5513,ambiguous,SLC3A1,576.0
Q07837,D576E,0.1934,benign,SLC3A1,576.0
Q07837,D576F,0.4741,ambiguous,SLC3A1,576.0
Q07837,D576G,0.1192,benign,SLC3A1,576.0
Q07837,D576H,0.1906,benign,SLC3A1,576.0
Q07837,D576I,0.3316,benign,SLC3A1,576.0
Q07837,D576K,0.2803,benign,SLC3A1,576.0
Q07837,D576L,0.3535,ambiguous,SLC3A1,576.0
Q07837,D576M,0.5804,pathogenic,SLC3A1,576.0
Q07837,D576N,0.0846,benign,SLC3A1,576.0
Q07837,D576P,0.5632,ambiguous,SLC3A1,576.0
Q07837,D576Q,0.2792,benign,SLC3A1,576.0
Q07837,D576R,0.2598,benign,SLC3A1,576.0
Q07837,D576S,0.1034,benign,SLC3A1,576.0
Q07837,D576T,0.2131,benign,SLC3A1,576.0
Q07837,D576V,0.2203,benign,SLC3A1,576.0
Q07837,D576W,0.8091,pathogenic,SLC3A1,576.0
Q07837,D576Y,0.1931,benign,SLC3A1,576.0
Q07837,S577A,0.0914,benign,SLC3A1,577.0
Q07837,S577C,0.1518,benign,SLC3A1,577.0
Q07837,S577D,0.1133,benign,SLC3A1,577.0
Q07837,S577E,0.195,benign,SLC3A1,577.0
Q07837,S577F,0.1813,benign,SLC3A1,577.0
Q07837,S577G,0.0724,benign,SLC3A1,577.0
Q07837,S577H,0.1562,benign,SLC3A1,577.0
Q07837,S577I,0.1255,benign,SLC3A1,577.0
Q07837,S577K,0.2297,benign,SLC3A1,577.0
Q07837,S577L,0.1255,benign,SLC3A1,577.0
Q07837,S577M,0.2111,benign,SLC3A1,577.0
Q07837,S577N,0.0808,benign,SLC3A1,577.0
Q07837,S577P,0.1341,benign,SLC3A1,577.0
Q07837,S577Q,0.2191,benign,SLC3A1,577.0
Q07837,S577R,0.1579,benign,SLC3A1,577.0
Q07837,S577T,0.0805,benign,SLC3A1,577.0
Q07837,S577V,0.1602,benign,SLC3A1,577.0
Q07837,S577W,0.235,benign,SLC3A1,577.0
Q07837,S577Y,0.1483,benign,SLC3A1,577.0
Q07837,H578A,0.1477,benign,SLC3A1,578.0
Q07837,H578C,0.1589,benign,SLC3A1,578.0
Q07837,H578D,0.0788,benign,SLC3A1,578.0
Q07837,H578E,0.1367,benign,SLC3A1,578.0
Q07837,H578F,0.2499,benign,SLC3A1,578.0
Q07837,H578G,0.1285,benign,SLC3A1,578.0
Q07837,H578I,0.2376,benign,SLC3A1,578.0
Q07837,H578K,0.1376,benign,SLC3A1,578.0
Q07837,H578L,0.1061,benign,SLC3A1,578.0
Q07837,H578M,0.3675,ambiguous,SLC3A1,578.0
Q07837,H578N,0.0563,benign,SLC3A1,578.0
Q07837,H578P,0.1277,benign,SLC3A1,578.0
Q07837,H578Q,0.0979,benign,SLC3A1,578.0
Q07837,H578R,0.0631,benign,SLC3A1,578.0
Q07837,H578S,0.0911,benign,SLC3A1,578.0
Q07837,H578T,0.1339,benign,SLC3A1,578.0
Q07837,H578V,0.196,benign,SLC3A1,578.0
Q07837,H578W,0.3018,benign,SLC3A1,578.0
Q07837,H578Y,0.0904,benign,SLC3A1,578.0
Q07837,Y579A,0.0871,benign,SLC3A1,579.0
Q07837,Y579C,0.0641,benign,SLC3A1,579.0
Q07837,Y579D,0.111,benign,SLC3A1,579.0
Q07837,Y579E,0.2894,benign,SLC3A1,579.0
Q07837,Y579F,0.0812,benign,SLC3A1,579.0
Q07837,Y579G,0.1291,benign,SLC3A1,579.0
Q07837,Y579H,0.0906,benign,SLC3A1,579.0
Q07837,Y579I,0.1375,benign,SLC3A1,579.0
Q07837,Y579K,0.3173,benign,SLC3A1,579.0
Q07837,Y579L,0.1803,benign,SLC3A1,579.0
Q07837,Y579M,0.255,benign,SLC3A1,579.0
Q07837,Y579N,0.0752,benign,SLC3A1,579.0
Q07837,Y579P,0.5166,ambiguous,SLC3A1,579.0
Q07837,Y579Q,0.2044,benign,SLC3A1,579.0
Q07837,Y579R,0.1867,benign,SLC3A1,579.0
Q07837,Y579S,0.0398,benign,SLC3A1,579.0
Q07837,Y579T,0.0785,benign,SLC3A1,579.0
Q07837,Y579V,0.108,benign,SLC3A1,579.0
Q07837,Y579W,0.2484,benign,SLC3A1,579.0
Q07837,V580A,0.2307,benign,SLC3A1,580.0
Q07837,V580C,0.8585,pathogenic,SLC3A1,580.0
Q07837,V580D,0.7646,pathogenic,SLC3A1,580.0
Q07837,V580E,0.6777,pathogenic,SLC3A1,580.0
Q07837,V580F,0.1597,benign,SLC3A1,580.0
Q07837,V580G,0.4318,ambiguous,SLC3A1,580.0
Q07837,V580H,0.8305,pathogenic,SLC3A1,580.0
Q07837,V580I,0.0725,benign,SLC3A1,580.0
Q07837,V580K,0.7821,pathogenic,SLC3A1,580.0
Q07837,V580L,0.1684,benign,SLC3A1,580.0
Q07837,V580M,0.1372,benign,SLC3A1,580.0
Q07837,V580N,0.6323,pathogenic,SLC3A1,580.0
Q07837,V580P,0.8809,pathogenic,SLC3A1,580.0
Q07837,V580Q,0.7216,pathogenic,SLC3A1,580.0
Q07837,V580R,0.6958,pathogenic,SLC3A1,580.0
Q07837,V580S,0.4287,ambiguous,SLC3A1,580.0
Q07837,V580T,0.2688,benign,SLC3A1,580.0
Q07837,V580W,0.8368,pathogenic,SLC3A1,580.0
Q07837,V580Y,0.6577,pathogenic,SLC3A1,580.0
Q07837,V581A,0.1571,benign,SLC3A1,581.0
Q07837,V581C,0.8208,pathogenic,SLC3A1,581.0
Q07837,V581D,0.7927,pathogenic,SLC3A1,581.0
Q07837,V581E,0.6796,pathogenic,SLC3A1,581.0
Q07837,V581F,0.2129,benign,SLC3A1,581.0
Q07837,V581G,0.2989,benign,SLC3A1,581.0
Q07837,V581H,0.8661,pathogenic,SLC3A1,581.0
Q07837,V581I,0.0782,benign,SLC3A1,581.0
Q07837,V581K,0.8182,pathogenic,SLC3A1,581.0
Q07837,V581L,0.1851,benign,SLC3A1,581.0
Q07837,V581M,0.1519,benign,SLC3A1,581.0
Q07837,V581N,0.6423,pathogenic,SLC3A1,581.0
Q07837,V581P,0.9104,pathogenic,SLC3A1,581.0
Q07837,V581Q,0.7193,pathogenic,SLC3A1,581.0
Q07837,V581R,0.7375,pathogenic,SLC3A1,581.0
Q07837,V581S,0.3007,benign,SLC3A1,581.0
Q07837,V581T,0.2622,benign,SLC3A1,581.0
Q07837,V581W,0.8866,pathogenic,SLC3A1,581.0
Q07837,V581Y,0.7176,pathogenic,SLC3A1,581.0
Q07837,Y582A,0.9518,pathogenic,SLC3A1,582.0
Q07837,Y582C,0.59,pathogenic,SLC3A1,582.0
Q07837,Y582D,0.9742,pathogenic,SLC3A1,582.0
Q07837,Y582E,0.9913,pathogenic,SLC3A1,582.0
Q07837,Y582F,0.0702,benign,SLC3A1,582.0
Q07837,Y582G,0.9318,pathogenic,SLC3A1,582.0
Q07837,Y582H,0.808,pathogenic,SLC3A1,582.0
Q07837,Y582I,0.7484,pathogenic,SLC3A1,582.0
Q07837,Y582K,0.9908,pathogenic,SLC3A1,582.0
Q07837,Y582L,0.7064,pathogenic,SLC3A1,582.0
Q07837,Y582M,0.8661,pathogenic,SLC3A1,582.0
Q07837,Y582N,0.8943,pathogenic,SLC3A1,582.0
Q07837,Y582P,0.9919,pathogenic,SLC3A1,582.0
Q07837,Y582Q,0.9807,pathogenic,SLC3A1,582.0
Q07837,Y582R,0.9689,pathogenic,SLC3A1,582.0
Q07837,Y582S,0.8548,pathogenic,SLC3A1,582.0
Q07837,Y582T,0.94,pathogenic,SLC3A1,582.0
Q07837,Y582V,0.6829,pathogenic,SLC3A1,582.0
Q07837,Y582W,0.6615,pathogenic,SLC3A1,582.0
Q07837,T583A,0.0863,benign,SLC3A1,583.0
Q07837,T583C,0.5096,ambiguous,SLC3A1,583.0
Q07837,T583D,0.8323,pathogenic,SLC3A1,583.0
Q07837,T583E,0.6359,pathogenic,SLC3A1,583.0
Q07837,T583F,0.416,ambiguous,SLC3A1,583.0
Q07837,T583G,0.3187,benign,SLC3A1,583.0
Q07837,T583H,0.5043,ambiguous,SLC3A1,583.0
Q07837,T583I,0.2391,benign,SLC3A1,583.0
Q07837,T583K,0.4848,ambiguous,SLC3A1,583.0
Q07837,T583L,0.1546,benign,SLC3A1,583.0
Q07837,T583M,0.1246,benign,SLC3A1,583.0
Q07837,T583N,0.3861,ambiguous,SLC3A1,583.0
Q07837,T583P,0.7063,pathogenic,SLC3A1,583.0
Q07837,T583Q,0.4228,ambiguous,SLC3A1,583.0
Q07837,T583R,0.3613,ambiguous,SLC3A1,583.0
Q07837,T583S,0.1355,benign,SLC3A1,583.0
Q07837,T583V,0.1761,benign,SLC3A1,583.0
Q07837,T583W,0.7864,pathogenic,SLC3A1,583.0
Q07837,T583Y,0.5564,ambiguous,SLC3A1,583.0
Q07837,R584A,0.9701,pathogenic,SLC3A1,584.0
Q07837,R584C,0.8014,pathogenic,SLC3A1,584.0
Q07837,R584D,0.9942,pathogenic,SLC3A1,584.0
Q07837,R584E,0.917,pathogenic,SLC3A1,584.0
Q07837,R584F,0.9856,pathogenic,SLC3A1,584.0
Q07837,R584G,0.9424,pathogenic,SLC3A1,584.0
Q07837,R584H,0.592,pathogenic,SLC3A1,584.0
Q07837,R584I,0.9509,pathogenic,SLC3A1,584.0
Q07837,R584K,0.5795,pathogenic,SLC3A1,584.0
Q07837,R584L,0.9016,pathogenic,SLC3A1,584.0
Q07837,R584M,0.9462,pathogenic,SLC3A1,584.0
Q07837,R584N,0.9888,pathogenic,SLC3A1,584.0
Q07837,R584P,0.9907,pathogenic,SLC3A1,584.0
Q07837,R584Q,0.5267,ambiguous,SLC3A1,584.0
Q07837,R584S,0.9774,pathogenic,SLC3A1,584.0
Q07837,R584T,0.948,pathogenic,SLC3A1,584.0
Q07837,R584V,0.9456,pathogenic,SLC3A1,584.0
Q07837,R584W,0.712,pathogenic,SLC3A1,584.0
Q07837,R584Y,0.9534,pathogenic,SLC3A1,584.0
Q07837,E585A,0.6229,pathogenic,SLC3A1,585.0
Q07837,E585C,0.9783,pathogenic,SLC3A1,585.0
Q07837,E585D,0.8259,pathogenic,SLC3A1,585.0
Q07837,E585F,0.9635,pathogenic,SLC3A1,585.0
Q07837,E585G,0.6543,pathogenic,SLC3A1,585.0
Q07837,E585H,0.9275,pathogenic,SLC3A1,585.0
Q07837,E585I,0.8378,pathogenic,SLC3A1,585.0
Q07837,E585K,0.7849,pathogenic,SLC3A1,585.0
Q07837,E585L,0.9025,pathogenic,SLC3A1,585.0
Q07837,E585M,0.8567,pathogenic,SLC3A1,585.0
Q07837,E585N,0.912,pathogenic,SLC3A1,585.0
Q07837,E585P,0.9933,pathogenic,SLC3A1,585.0
Q07837,E585Q,0.4832,ambiguous,SLC3A1,585.0
Q07837,E585R,0.878,pathogenic,SLC3A1,585.0
Q07837,E585S,0.7433,pathogenic,SLC3A1,585.0
Q07837,E585T,0.8125,pathogenic,SLC3A1,585.0
Q07837,E585V,0.698,pathogenic,SLC3A1,585.0
Q07837,E585W,0.9927,pathogenic,SLC3A1,585.0
Q07837,E585Y,0.9484,pathogenic,SLC3A1,585.0
Q07837,L586A,0.359,ambiguous,SLC3A1,586.0
Q07837,L586C,0.7546,pathogenic,SLC3A1,586.0
Q07837,L586D,0.89,pathogenic,SLC3A1,586.0
Q07837,L586E,0.6524,pathogenic,SLC3A1,586.0
Q07837,L586F,0.192,benign,SLC3A1,586.0
Q07837,L586G,0.6677,pathogenic,SLC3A1,586.0
Q07837,L586H,0.5009,ambiguous,SLC3A1,586.0
Q07837,L586I,0.1213,benign,SLC3A1,586.0
Q07837,L586K,0.5901,pathogenic,SLC3A1,586.0
Q07837,L586M,0.119,benign,SLC3A1,586.0
Q07837,L586N,0.6741,pathogenic,SLC3A1,586.0
Q07837,L586P,0.8856,pathogenic,SLC3A1,586.0
Q07837,L586Q,0.3664,ambiguous,SLC3A1,586.0
Q07837,L586R,0.4533,ambiguous,SLC3A1,586.0
Q07837,L586S,0.4815,ambiguous,SLC3A1,586.0
Q07837,L586T,0.3408,ambiguous,SLC3A1,586.0
Q07837,L586V,0.118,benign,SLC3A1,586.0
Q07837,L586W,0.3946,ambiguous,SLC3A1,586.0
Q07837,L586Y,0.5255,ambiguous,SLC3A1,586.0
Q07837,D587A,0.2578,benign,SLC3A1,587.0
Q07837,D587C,0.8419,pathogenic,SLC3A1,587.0
Q07837,D587E,0.2439,benign,SLC3A1,587.0
Q07837,D587F,0.7355,pathogenic,SLC3A1,587.0
Q07837,D587G,0.2752,benign,SLC3A1,587.0
Q07837,D587H,0.3511,ambiguous,SLC3A1,587.0
Q07837,D587I,0.568,pathogenic,SLC3A1,587.0
Q07837,D587K,0.502,ambiguous,SLC3A1,587.0
Q07837,D587L,0.5165,ambiguous,SLC3A1,587.0
Q07837,D587M,0.7845,pathogenic,SLC3A1,587.0
Q07837,D587N,0.1642,benign,SLC3A1,587.0
Q07837,D587P,0.5652,pathogenic,SLC3A1,587.0
Q07837,D587Q,0.455,ambiguous,SLC3A1,587.0
Q07837,D587R,0.4695,ambiguous,SLC3A1,587.0
Q07837,D587S,0.1973,benign,SLC3A1,587.0
Q07837,D587T,0.4173,ambiguous,SLC3A1,587.0
Q07837,D587V,0.3614,ambiguous,SLC3A1,587.0
Q07837,D587W,0.8935,pathogenic,SLC3A1,587.0
Q07837,D587Y,0.3237,benign,SLC3A1,587.0
Q07837,G588A,0.3898,ambiguous,SLC3A1,588.0
Q07837,G588C,0.7053,pathogenic,SLC3A1,588.0
Q07837,G588D,0.314,benign,SLC3A1,588.0
Q07837,G588E,0.418,ambiguous,SLC3A1,588.0
Q07837,G588F,0.8506,pathogenic,SLC3A1,588.0
Q07837,G588H,0.6168,pathogenic,SLC3A1,588.0
Q07837,G588I,0.7561,pathogenic,SLC3A1,588.0
Q07837,G588K,0.6395,pathogenic,SLC3A1,588.0
Q07837,G588L,0.8124,pathogenic,SLC3A1,588.0
Q07837,G588M,0.8126,pathogenic,SLC3A1,588.0
Q07837,G588N,0.3927,ambiguous,SLC3A1,588.0
Q07837,G588P,0.9646,pathogenic,SLC3A1,588.0
Q07837,G588Q,0.5645,pathogenic,SLC3A1,588.0
Q07837,G588R,0.4609,ambiguous,SLC3A1,588.0
Q07837,G588S,0.1859,benign,SLC3A1,588.0
Q07837,G588T,0.499,ambiguous,SLC3A1,588.0
Q07837,G588V,0.6637,pathogenic,SLC3A1,588.0
Q07837,G588W,0.7464,pathogenic,SLC3A1,588.0
Q07837,G588Y,0.7331,pathogenic,SLC3A1,588.0
Q07837,I589A,0.1371,benign,SLC3A1,589.0
Q07837,I589C,0.611,pathogenic,SLC3A1,589.0
Q07837,I589D,0.3241,benign,SLC3A1,589.0
Q07837,I589E,0.2183,benign,SLC3A1,589.0
Q07837,I589F,0.0868,benign,SLC3A1,589.0
Q07837,I589G,0.3397,benign,SLC3A1,589.0
Q07837,I589H,0.2566,benign,SLC3A1,589.0
Q07837,I589K,0.1509,benign,SLC3A1,589.0
Q07837,I589L,0.074,benign,SLC3A1,589.0
Q07837,I589M,0.0676,benign,SLC3A1,589.0
Q07837,I589N,0.1276,benign,SLC3A1,589.0
Q07837,I589P,0.4853,ambiguous,SLC3A1,589.0
Q07837,I589Q,0.2041,benign,SLC3A1,589.0
Q07837,I589R,0.1111,benign,SLC3A1,589.0
Q07837,I589S,0.129,benign,SLC3A1,589.0
Q07837,I589T,0.0788,benign,SLC3A1,589.0
Q07837,I589V,0.0792,benign,SLC3A1,589.0
Q07837,I589W,0.4318,ambiguous,SLC3A1,589.0
Q07837,I589Y,0.2959,benign,SLC3A1,589.0
Q07837,D590A,0.1563,benign,SLC3A1,590.0
Q07837,D590C,0.6157,pathogenic,SLC3A1,590.0
Q07837,D590E,0.14,benign,SLC3A1,590.0
Q07837,D590F,0.5507,ambiguous,SLC3A1,590.0
Q07837,D590G,0.1042,benign,SLC3A1,590.0
Q07837,D590H,0.1608,benign,SLC3A1,590.0
Q07837,D590I,0.416,ambiguous,SLC3A1,590.0
Q07837,D590K,0.1854,benign,SLC3A1,590.0
Q07837,D590L,0.3595,ambiguous,SLC3A1,590.0
Q07837,D590M,0.6156,pathogenic,SLC3A1,590.0
Q07837,D590N,0.0823,benign,SLC3A1,590.0
Q07837,D590P,0.3093,benign,SLC3A1,590.0
Q07837,D590Q,0.2007,benign,SLC3A1,590.0
Q07837,D590R,0.1782,benign,SLC3A1,590.0
Q07837,D590S,0.0919,benign,SLC3A1,590.0
Q07837,D590T,0.2159,benign,SLC3A1,590.0
Q07837,D590V,0.2763,benign,SLC3A1,590.0
Q07837,D590W,0.7618,pathogenic,SLC3A1,590.0
Q07837,D590Y,0.2075,benign,SLC3A1,590.0
Q07837,R591A,0.2012,benign,SLC3A1,591.0
Q07837,R591C,0.23,benign,SLC3A1,591.0
Q07837,R591D,0.2846,benign,SLC3A1,591.0
Q07837,R591E,0.1475,benign,SLC3A1,591.0
Q07837,R591F,0.4699,ambiguous,SLC3A1,591.0
Q07837,R591G,0.1097,benign,SLC3A1,591.0
Q07837,R591H,0.0894,benign,SLC3A1,591.0
Q07837,R591I,0.2226,benign,SLC3A1,591.0
Q07837,R591K,0.0697,benign,SLC3A1,591.0
Q07837,R591L,0.2044,benign,SLC3A1,591.0
Q07837,R591M,0.184,benign,SLC3A1,591.0
Q07837,R591N,0.2257,benign,SLC3A1,591.0
Q07837,R591P,0.6176,pathogenic,SLC3A1,591.0
Q07837,R591Q,0.0809,benign,SLC3A1,591.0
Q07837,R591S,0.1723,benign,SLC3A1,591.0
Q07837,R591T,0.0957,benign,SLC3A1,591.0
Q07837,R591V,0.2652,benign,SLC3A1,591.0
Q07837,R591W,0.1846,benign,SLC3A1,591.0
Q07837,R591Y,0.3168,benign,SLC3A1,591.0
Q07837,I592A,0.1749,benign,SLC3A1,592.0
Q07837,I592C,0.5674,pathogenic,SLC3A1,592.0
Q07837,I592D,0.4079,ambiguous,SLC3A1,592.0
Q07837,I592E,0.3565,ambiguous,SLC3A1,592.0
Q07837,I592F,0.1421,benign,SLC3A1,592.0
Q07837,I592G,0.3349,benign,SLC3A1,592.0
Q07837,I592H,0.356,ambiguous,SLC3A1,592.0
Q07837,I592K,0.251,benign,SLC3A1,592.0
Q07837,I592L,0.0996,benign,SLC3A1,592.0
Q07837,I592M,0.0874,benign,SLC3A1,592.0
Q07837,I592N,0.1289,benign,SLC3A1,592.0
Q07837,I592P,0.7269,pathogenic,SLC3A1,592.0
Q07837,I592Q,0.2992,benign,SLC3A1,592.0
Q07837,I592R,0.1895,benign,SLC3A1,592.0
Q07837,I592S,0.1357,benign,SLC3A1,592.0
Q07837,I592T,0.1324,benign,SLC3A1,592.0
Q07837,I592V,0.0652,benign,SLC3A1,592.0
Q07837,I592W,0.6811,pathogenic,SLC3A1,592.0
Q07837,I592Y,0.3652,ambiguous,SLC3A1,592.0
Q07837,F593A,0.6214,pathogenic,SLC3A1,593.0
Q07837,F593C,0.4712,ambiguous,SLC3A1,593.0
Q07837,F593D,0.8687,pathogenic,SLC3A1,593.0
Q07837,F593E,0.8971,pathogenic,SLC3A1,593.0
Q07837,F593G,0.8027,pathogenic,SLC3A1,593.0
Q07837,F593H,0.6394,pathogenic,SLC3A1,593.0
Q07837,F593I,0.2075,benign,SLC3A1,593.0
Q07837,F593K,0.9116,pathogenic,SLC3A1,593.0
Q07837,F593L,0.642,pathogenic,SLC3A1,593.0
Q07837,F593M,0.5203,ambiguous,SLC3A1,593.0
Q07837,F593N,0.7114,pathogenic,SLC3A1,593.0
Q07837,F593P,0.9825,pathogenic,SLC3A1,593.0
Q07837,F593Q,0.8263,pathogenic,SLC3A1,593.0
Q07837,F593R,0.8076,pathogenic,SLC3A1,593.0
Q07837,F593S,0.4235,ambiguous,SLC3A1,593.0
Q07837,F593T,0.6503,pathogenic,SLC3A1,593.0
Q07837,F593V,0.236,benign,SLC3A1,593.0
Q07837,F593W,0.5299,ambiguous,SLC3A1,593.0
Q07837,F593Y,0.1833,benign,SLC3A1,593.0
Q07837,I594A,0.1839,benign,SLC3A1,594.0
Q07837,I594C,0.6605,pathogenic,SLC3A1,594.0
Q07837,I594D,0.7378,pathogenic,SLC3A1,594.0
Q07837,I594E,0.655,pathogenic,SLC3A1,594.0
Q07837,I594F,0.1164,benign,SLC3A1,594.0
Q07837,I594G,0.5575,ambiguous,SLC3A1,594.0
Q07837,I594H,0.5019,ambiguous,SLC3A1,594.0
Q07837,I594K,0.5022,ambiguous,SLC3A1,594.0
Q07837,I594L,0.0754,benign,SLC3A1,594.0
Q07837,I594M,0.0808,benign,SLC3A1,594.0
Q07837,I594N,0.3588,ambiguous,SLC3A1,594.0
Q07837,I594P,0.7293,pathogenic,SLC3A1,594.0
Q07837,I594Q,0.536,ambiguous,SLC3A1,594.0
Q07837,I594R,0.3641,ambiguous,SLC3A1,594.0
Q07837,I594S,0.2268,benign,SLC3A1,594.0
Q07837,I594T,0.0974,benign,SLC3A1,594.0
Q07837,I594V,0.0659,benign,SLC3A1,594.0
Q07837,I594W,0.6125,pathogenic,SLC3A1,594.0
Q07837,I594Y,0.4412,ambiguous,SLC3A1,594.0
Q07837,V595A,0.2071,benign,SLC3A1,595.0
Q07837,V595C,0.8402,pathogenic,SLC3A1,595.0
Q07837,V595D,0.8183,pathogenic,SLC3A1,595.0
Q07837,V595E,0.7101,pathogenic,SLC3A1,595.0
Q07837,V595F,0.2478,benign,SLC3A1,595.0
Q07837,V595G,0.405,ambiguous,SLC3A1,595.0
Q07837,V595H,0.8702,pathogenic,SLC3A1,595.0
Q07837,V595I,0.084,benign,SLC3A1,595.0
Q07837,V595K,0.8175,pathogenic,SLC3A1,595.0
Q07837,V595L,0.2397,benign,SLC3A1,595.0
Q07837,V595M,0.1161,benign,SLC3A1,595.0
Q07837,V595N,0.5986,pathogenic,SLC3A1,595.0
Q07837,V595P,0.8624,pathogenic,SLC3A1,595.0
Q07837,V595Q,0.7198,pathogenic,SLC3A1,595.0
Q07837,V595R,0.7689,pathogenic,SLC3A1,595.0
Q07837,V595S,0.3249,benign,SLC3A1,595.0
Q07837,V595T,0.198,benign,SLC3A1,595.0
Q07837,V595W,0.9198,pathogenic,SLC3A1,595.0
Q07837,V595Y,0.812,pathogenic,SLC3A1,595.0
Q07837,V596A,0.1724,benign,SLC3A1,596.0
Q07837,V596C,0.7983,pathogenic,SLC3A1,596.0
Q07837,V596D,0.8223,pathogenic,SLC3A1,596.0
Q07837,V596E,0.777,pathogenic,SLC3A1,596.0
Q07837,V596F,0.2169,benign,SLC3A1,596.0
Q07837,V596G,0.2906,benign,SLC3A1,596.0
Q07837,V596H,0.8862,pathogenic,SLC3A1,596.0
Q07837,V596I,0.0816,benign,SLC3A1,596.0
Q07837,V596K,0.8551,pathogenic,SLC3A1,596.0
Q07837,V596L,0.1755,benign,SLC3A1,596.0
Q07837,V596M,0.1825,benign,SLC3A1,596.0
Q07837,V596N,0.6929,pathogenic,SLC3A1,596.0
Q07837,V596P,0.9079,pathogenic,SLC3A1,596.0
Q07837,V596Q,0.779,pathogenic,SLC3A1,596.0
Q07837,V596R,0.8002,pathogenic,SLC3A1,596.0
Q07837,V596S,0.3616,ambiguous,SLC3A1,596.0
Q07837,V596T,0.3473,ambiguous,SLC3A1,596.0
Q07837,V596W,0.9101,pathogenic,SLC3A1,596.0
Q07837,V596Y,0.7613,pathogenic,SLC3A1,596.0
Q07837,L597A,0.5273,ambiguous,SLC3A1,597.0
Q07837,L597C,0.7118,pathogenic,SLC3A1,597.0
Q07837,L597D,0.9767,pathogenic,SLC3A1,597.0
Q07837,L597E,0.8915,pathogenic,SLC3A1,597.0
Q07837,L597F,0.3177,benign,SLC3A1,597.0
Q07837,L597G,0.8006,pathogenic,SLC3A1,597.0
Q07837,L597H,0.7995,pathogenic,SLC3A1,597.0
Q07837,L597I,0.1364,benign,SLC3A1,597.0
Q07837,L597K,0.9086,pathogenic,SLC3A1,597.0
Q07837,L597M,0.1693,benign,SLC3A1,597.0
Q07837,L597N,0.8555,pathogenic,SLC3A1,597.0
Q07837,L597P,0.9429,pathogenic,SLC3A1,597.0
Q07837,L597Q,0.6541,pathogenic,SLC3A1,597.0
Q07837,L597R,0.8302,pathogenic,SLC3A1,597.0
Q07837,L597S,0.6599,pathogenic,SLC3A1,597.0
Q07837,L597T,0.6039,pathogenic,SLC3A1,597.0
Q07837,L597V,0.1458,benign,SLC3A1,597.0
Q07837,L597W,0.7537,pathogenic,SLC3A1,597.0
Q07837,L597Y,0.8337,pathogenic,SLC3A1,597.0
Q07837,N598A,0.8425,pathogenic,SLC3A1,598.0
Q07837,N598C,0.8124,pathogenic,SLC3A1,598.0
Q07837,N598D,0.7726,pathogenic,SLC3A1,598.0
Q07837,N598E,0.9624,pathogenic,SLC3A1,598.0
Q07837,N598F,0.9624,pathogenic,SLC3A1,598.0
Q07837,N598G,0.824,pathogenic,SLC3A1,598.0
Q07837,N598H,0.565,pathogenic,SLC3A1,598.0
Q07837,N598I,0.7811,pathogenic,SLC3A1,598.0
Q07837,N598K,0.9378,pathogenic,SLC3A1,598.0
Q07837,N598L,0.7871,pathogenic,SLC3A1,598.0
Q07837,N598M,0.9163,pathogenic,SLC3A1,598.0
Q07837,N598P,0.9481,pathogenic,SLC3A1,598.0
Q07837,N598Q,0.917,pathogenic,SLC3A1,598.0
Q07837,N598R,0.909,pathogenic,SLC3A1,598.0
Q07837,N598S,0.2712,benign,SLC3A1,598.0
Q07837,N598T,0.6915,pathogenic,SLC3A1,598.0
Q07837,N598V,0.7915,pathogenic,SLC3A1,598.0
Q07837,N598W,0.9864,pathogenic,SLC3A1,598.0
Q07837,N598Y,0.7257,pathogenic,SLC3A1,598.0
Q07837,F599A,0.8493,pathogenic,SLC3A1,599.0
Q07837,F599C,0.7829,pathogenic,SLC3A1,599.0
Q07837,F599D,0.9818,pathogenic,SLC3A1,599.0
Q07837,F599E,0.9843,pathogenic,SLC3A1,599.0
Q07837,F599G,0.9293,pathogenic,SLC3A1,599.0
Q07837,F599H,0.9398,pathogenic,SLC3A1,599.0
Q07837,F599I,0.4764,ambiguous,SLC3A1,599.0
Q07837,F599K,0.9863,pathogenic,SLC3A1,599.0
Q07837,F599L,0.8578,pathogenic,SLC3A1,599.0
Q07837,F599M,0.6733,pathogenic,SLC3A1,599.0
Q07837,F599N,0.9523,pathogenic,SLC3A1,599.0
Q07837,F599P,0.9931,pathogenic,SLC3A1,599.0
Q07837,F599Q,0.9776,pathogenic,SLC3A1,599.0
Q07837,F599R,0.9648,pathogenic,SLC3A1,599.0
Q07837,F599S,0.8223,pathogenic,SLC3A1,599.0
Q07837,F599T,0.7735,pathogenic,SLC3A1,599.0
Q07837,F599V,0.4549,ambiguous,SLC3A1,599.0
Q07837,F599W,0.7748,pathogenic,SLC3A1,599.0
Q07837,F599Y,0.5478,ambiguous,SLC3A1,599.0
Q07837,G600A,0.3201,benign,SLC3A1,600.0
Q07837,G600C,0.5888,pathogenic,SLC3A1,600.0
Q07837,G600D,0.5141,ambiguous,SLC3A1,600.0
Q07837,G600E,0.5115,ambiguous,SLC3A1,600.0
Q07837,G600F,0.8984,pathogenic,SLC3A1,600.0
Q07837,G600H,0.7297,pathogenic,SLC3A1,600.0
Q07837,G600I,0.8634,pathogenic,SLC3A1,600.0
Q07837,G600K,0.6971,pathogenic,SLC3A1,600.0
Q07837,G600L,0.8077,pathogenic,SLC3A1,600.0
Q07837,G600M,0.8691,pathogenic,SLC3A1,600.0
Q07837,G600N,0.653,pathogenic,SLC3A1,600.0
Q07837,G600P,0.9656,pathogenic,SLC3A1,600.0
Q07837,G600Q,0.5921,pathogenic,SLC3A1,600.0
Q07837,G600R,0.4592,ambiguous,SLC3A1,600.0
Q07837,G600S,0.1709,benign,SLC3A1,600.0
Q07837,G600T,0.4866,ambiguous,SLC3A1,600.0
Q07837,G600V,0.7214,pathogenic,SLC3A1,600.0
Q07837,G600W,0.7593,pathogenic,SLC3A1,600.0
Q07837,G600Y,0.8515,pathogenic,SLC3A1,600.0
Q07837,E601A,0.1106,benign,SLC3A1,601.0
Q07837,E601C,0.6821,pathogenic,SLC3A1,601.0
Q07837,E601D,0.0759,benign,SLC3A1,601.0
Q07837,E601F,0.462,ambiguous,SLC3A1,601.0
Q07837,E601G,0.0908,benign,SLC3A1,601.0
Q07837,E601H,0.2379,benign,SLC3A1,601.0
Q07837,E601I,0.252,benign,SLC3A1,601.0
Q07837,E601K,0.081,benign,SLC3A1,601.0
Q07837,E601L,0.2593,benign,SLC3A1,601.0
Q07837,E601M,0.3219,benign,SLC3A1,601.0
Q07837,E601N,0.1265,benign,SLC3A1,601.0
Q07837,E601P,0.2706,benign,SLC3A1,601.0
Q07837,E601Q,0.0976,benign,SLC3A1,601.0
Q07837,E601R,0.1268,benign,SLC3A1,601.0
Q07837,E601S,0.1171,benign,SLC3A1,601.0
Q07837,E601T,0.1465,benign,SLC3A1,601.0
Q07837,E601V,0.158,benign,SLC3A1,601.0
Q07837,E601W,0.6336,pathogenic,SLC3A1,601.0
Q07837,E601Y,0.3347,benign,SLC3A1,601.0
Q07837,S602A,0.076,benign,SLC3A1,602.0
Q07837,S602C,0.1918,benign,SLC3A1,602.0
Q07837,S602D,0.2009,benign,SLC3A1,602.0
Q07837,S602E,0.2253,benign,SLC3A1,602.0
Q07837,S602F,0.2004,benign,SLC3A1,602.0
Q07837,S602G,0.0908,benign,SLC3A1,602.0
Q07837,S602H,0.2286,benign,SLC3A1,602.0
Q07837,S602I,0.1954,benign,SLC3A1,602.0
Q07837,S602K,0.2832,benign,SLC3A1,602.0
Q07837,S602L,0.1217,benign,SLC3A1,602.0
Q07837,S602M,0.2106,benign,SLC3A1,602.0
Q07837,S602N,0.1063,benign,SLC3A1,602.0
Q07837,S602P,0.0818,benign,SLC3A1,602.0
Q07837,S602Q,0.2602,benign,SLC3A1,602.0
Q07837,S602R,0.2408,benign,SLC3A1,602.0
Q07837,S602T,0.088,benign,SLC3A1,602.0
Q07837,S602V,0.1862,benign,SLC3A1,602.0
Q07837,S602W,0.2712,benign,SLC3A1,602.0
Q07837,S602Y,0.1456,benign,SLC3A1,602.0
Q07837,T603A,0.0667,benign,SLC3A1,603.0
Q07837,T603C,0.3493,ambiguous,SLC3A1,603.0
Q07837,T603D,0.2089,benign,SLC3A1,603.0
Q07837,T603E,0.1728,benign,SLC3A1,603.0
Q07837,T603F,0.1639,benign,SLC3A1,603.0
Q07837,T603G,0.149,benign,SLC3A1,603.0
Q07837,T603H,0.1563,benign,SLC3A1,603.0
Q07837,T603I,0.1409,benign,SLC3A1,603.0
Q07837,T603K,0.1392,benign,SLC3A1,603.0
Q07837,T603L,0.1051,benign,SLC3A1,603.0
Q07837,T603M,0.106,benign,SLC3A1,603.0
Q07837,T603N,0.0955,benign,SLC3A1,603.0
Q07837,T603P,0.1508,benign,SLC3A1,603.0
Q07837,T603Q,0.1527,benign,SLC3A1,603.0
Q07837,T603R,0.104,benign,SLC3A1,603.0
Q07837,T603S,0.0718,benign,SLC3A1,603.0
Q07837,T603V,0.1237,benign,SLC3A1,603.0
Q07837,T603W,0.4565,ambiguous,SLC3A1,603.0
Q07837,T603Y,0.1837,benign,SLC3A1,603.0
Q07837,L604A,0.0875,benign,SLC3A1,604.0
Q07837,L604C,0.2541,benign,SLC3A1,604.0
Q07837,L604D,0.2157,benign,SLC3A1,604.0
Q07837,L604E,0.1053,benign,SLC3A1,604.0
Q07837,L604F,0.075,benign,SLC3A1,604.0
Q07837,L604G,0.1923,benign,SLC3A1,604.0
Q07837,L604H,0.0821,benign,SLC3A1,604.0
Q07837,L604I,0.0741,benign,SLC3A1,604.0
Q07837,L604K,0.0885,benign,SLC3A1,604.0
Q07837,L604M,0.0896,benign,SLC3A1,604.0
Q07837,L604N,0.1347,benign,SLC3A1,604.0
Q07837,L604P,0.1064,benign,SLC3A1,604.0
Q07837,L604Q,0.0625,benign,SLC3A1,604.0
Q07837,L604R,0.0598,benign,SLC3A1,604.0
Q07837,L604S,0.0751,benign,SLC3A1,604.0
Q07837,L604T,0.0792,benign,SLC3A1,604.0
Q07837,L604V,0.0662,benign,SLC3A1,604.0
Q07837,L604W,0.1114,benign,SLC3A1,604.0
Q07837,L604Y,0.1518,benign,SLC3A1,604.0
Q07837,L605A,0.3205,benign,SLC3A1,605.0
Q07837,L605C,0.5209,ambiguous,SLC3A1,605.0
Q07837,L605D,0.753,pathogenic,SLC3A1,605.0
Q07837,L605E,0.4306,ambiguous,SLC3A1,605.0
Q07837,L605F,0.1299,benign,SLC3A1,605.0
Q07837,L605G,0.5643,pathogenic,SLC3A1,605.0
Q07837,L605H,0.3034,benign,SLC3A1,605.0
Q07837,L605I,0.09,benign,SLC3A1,605.0
Q07837,L605K,0.3905,ambiguous,SLC3A1,605.0
Q07837,L605M,0.1354,benign,SLC3A1,605.0
Q07837,L605N,0.554,ambiguous,SLC3A1,605.0
Q07837,L605P,0.5233,ambiguous,SLC3A1,605.0
Q07837,L605Q,0.2303,benign,SLC3A1,605.0
Q07837,L605R,0.2653,benign,SLC3A1,605.0
Q07837,L605S,0.3925,ambiguous,SLC3A1,605.0
Q07837,L605T,0.2882,benign,SLC3A1,605.0
Q07837,L605V,0.0864,benign,SLC3A1,605.0
Q07837,L605W,0.2573,benign,SLC3A1,605.0
Q07837,L605Y,0.3843,ambiguous,SLC3A1,605.0
Q07837,N606A,0.2951,benign,SLC3A1,606.0
Q07837,N606C,0.4168,ambiguous,SLC3A1,606.0
Q07837,N606D,0.0889,benign,SLC3A1,606.0
Q07837,N606E,0.3375,benign,SLC3A1,606.0
Q07837,N606F,0.5704,pathogenic,SLC3A1,606.0
Q07837,N606G,0.3637,ambiguous,SLC3A1,606.0
Q07837,N606H,0.1138,benign,SLC3A1,606.0
Q07837,N606I,0.2786,benign,SLC3A1,606.0
Q07837,N606K,0.2896,benign,SLC3A1,606.0
Q07837,N606L,0.2885,benign,SLC3A1,606.0
Q07837,N606M,0.4386,ambiguous,SLC3A1,606.0
Q07837,N606P,0.4414,ambiguous,SLC3A1,606.0
Q07837,N606Q,0.3002,benign,SLC3A1,606.0
Q07837,N606R,0.2842,benign,SLC3A1,606.0
Q07837,N606S,0.105,benign,SLC3A1,606.0
Q07837,N606T,0.1945,benign,SLC3A1,606.0
Q07837,N606V,0.2848,benign,SLC3A1,606.0
Q07837,N606W,0.7464,pathogenic,SLC3A1,606.0
Q07837,N606Y,0.1762,benign,SLC3A1,606.0
Q07837,L607A,0.5509,ambiguous,SLC3A1,607.0
Q07837,L607C,0.778,pathogenic,SLC3A1,607.0
Q07837,L607D,0.9217,pathogenic,SLC3A1,607.0
Q07837,L607E,0.7964,pathogenic,SLC3A1,607.0
Q07837,L607F,0.1464,benign,SLC3A1,607.0
Q07837,L607G,0.7985,pathogenic,SLC3A1,607.0
Q07837,L607H,0.6821,pathogenic,SLC3A1,607.0
Q07837,L607I,0.0946,benign,SLC3A1,607.0
Q07837,L607K,0.7832,pathogenic,SLC3A1,607.0
Q07837,L607M,0.1469,benign,SLC3A1,607.0
Q07837,L607N,0.8091,pathogenic,SLC3A1,607.0
Q07837,L607P,0.6339,pathogenic,SLC3A1,607.0
Q07837,L607Q,0.6321,pathogenic,SLC3A1,607.0
Q07837,L607R,0.6687,pathogenic,SLC3A1,607.0
Q07837,L607S,0.6942,pathogenic,SLC3A1,607.0
Q07837,L607T,0.5067,ambiguous,SLC3A1,607.0
Q07837,L607V,0.1261,benign,SLC3A1,607.0
Q07837,L607W,0.4085,ambiguous,SLC3A1,607.0
Q07837,L607Y,0.5816,pathogenic,SLC3A1,607.0
Q07837,H608A,0.1188,benign,SLC3A1,608.0
Q07837,H608C,0.1619,benign,SLC3A1,608.0
Q07837,H608D,0.0769,benign,SLC3A1,608.0
Q07837,H608E,0.0752,benign,SLC3A1,608.0
Q07837,H608F,0.3093,benign,SLC3A1,608.0
Q07837,H608G,0.088,benign,SLC3A1,608.0
Q07837,H608I,0.2524,benign,SLC3A1,608.0
Q07837,H608K,0.0653,benign,SLC3A1,608.0
Q07837,H608L,0.0924,benign,SLC3A1,608.0
Q07837,H608M,0.2882,benign,SLC3A1,608.0
Q07837,H608N,0.0612,benign,SLC3A1,608.0
Q07837,H608P,0.0837,benign,SLC3A1,608.0
Q07837,H608Q,0.0517,benign,SLC3A1,608.0
Q07837,H608R,0.0471,benign,SLC3A1,608.0
Q07837,H608S,0.086,benign,SLC3A1,608.0
Q07837,H608T,0.1145,benign,SLC3A1,608.0
Q07837,H608V,0.1879,benign,SLC3A1,608.0
Q07837,H608W,0.2013,benign,SLC3A1,608.0
Q07837,H608Y,0.1022,benign,SLC3A1,608.0
Q07837,N609A,0.1192,benign,SLC3A1,609.0
Q07837,N609C,0.2454,benign,SLC3A1,609.0
Q07837,N609D,0.0542,benign,SLC3A1,609.0
Q07837,N609E,0.1006,benign,SLC3A1,609.0
Q07837,N609F,0.3401,ambiguous,SLC3A1,609.0
Q07837,N609G,0.1153,benign,SLC3A1,609.0
Q07837,N609H,0.0733,benign,SLC3A1,609.0
Q07837,N609I,0.1857,benign,SLC3A1,609.0
Q07837,N609K,0.1003,benign,SLC3A1,609.0
Q07837,N609L,0.1566,benign,SLC3A1,609.0
Q07837,N609M,0.2499,benign,SLC3A1,609.0
Q07837,N609P,0.2785,benign,SLC3A1,609.0
Q07837,N609Q,0.1221,benign,SLC3A1,609.0
Q07837,N609R,0.1114,benign,SLC3A1,609.0
Q07837,N609S,0.0623,benign,SLC3A1,609.0
Q07837,N609T,0.0991,benign,SLC3A1,609.0
Q07837,N609V,0.1665,benign,SLC3A1,609.0
Q07837,N609W,0.4545,ambiguous,SLC3A1,609.0
Q07837,N609Y,0.1054,benign,SLC3A1,609.0
Q07837,M610A,0.2213,benign,SLC3A1,610.0
Q07837,M610C,0.7078,pathogenic,SLC3A1,610.0
Q07837,M610D,0.4348,ambiguous,SLC3A1,610.0
Q07837,M610E,0.2281,benign,SLC3A1,610.0
Q07837,M610F,0.2384,benign,SLC3A1,610.0
Q07837,M610G,0.3956,ambiguous,SLC3A1,610.0
Q07837,M610H,0.3326,benign,SLC3A1,610.0
Q07837,M610I,0.1747,benign,SLC3A1,610.0
Q07837,M610K,0.1384,benign,SLC3A1,610.0
Q07837,M610L,0.0956,benign,SLC3A1,610.0
Q07837,M610N,0.2959,benign,SLC3A1,610.0
Q07837,M610P,0.6555,pathogenic,SLC3A1,610.0
Q07837,M610Q,0.1988,benign,SLC3A1,610.0
Q07837,M610R,0.1338,benign,SLC3A1,610.0
Q07837,M610S,0.2537,benign,SLC3A1,610.0
Q07837,M610T,0.1202,benign,SLC3A1,610.0
Q07837,M610V,0.0718,benign,SLC3A1,610.0
Q07837,M610W,0.4512,ambiguous,SLC3A1,610.0
Q07837,M610Y,0.4082,ambiguous,SLC3A1,610.0
Q07837,I611A,0.2786,benign,SLC3A1,611.0
Q07837,I611C,0.6477,pathogenic,SLC3A1,611.0
Q07837,I611D,0.3686,ambiguous,SLC3A1,611.0
Q07837,I611E,0.353,ambiguous,SLC3A1,611.0
Q07837,I611F,0.0807,benign,SLC3A1,611.0
Q07837,I611G,0.4537,ambiguous,SLC3A1,611.0
Q07837,I611H,0.2955,benign,SLC3A1,611.0
Q07837,I611K,0.2593,benign,SLC3A1,611.0
Q07837,I611L,0.0839,benign,SLC3A1,611.0
Q07837,I611M,0.1009,benign,SLC3A1,611.0
Q07837,I611N,0.138,benign,SLC3A1,611.0
Q07837,I611P,0.4916,ambiguous,SLC3A1,611.0
Q07837,I611Q,0.2993,benign,SLC3A1,611.0
Q07837,I611R,0.193,benign,SLC3A1,611.0
Q07837,I611S,0.1954,benign,SLC3A1,611.0
Q07837,I611T,0.2364,benign,SLC3A1,611.0
Q07837,I611V,0.0932,benign,SLC3A1,611.0
Q07837,I611W,0.5274,ambiguous,SLC3A1,611.0
Q07837,I611Y,0.2804,benign,SLC3A1,611.0
Q07837,S612A,0.0715,benign,SLC3A1,612.0
Q07837,S612C,0.1718,benign,SLC3A1,612.0
Q07837,S612D,0.1521,benign,SLC3A1,612.0
Q07837,S612E,0.1877,benign,SLC3A1,612.0
Q07837,S612F,0.1217,benign,SLC3A1,612.0
Q07837,S612G,0.0924,benign,SLC3A1,612.0
Q07837,S612H,0.1552,benign,SLC3A1,612.0
Q07837,S612I,0.1231,benign,SLC3A1,612.0
Q07837,S612K,0.2416,benign,SLC3A1,612.0
Q07837,S612L,0.0774,benign,SLC3A1,612.0
Q07837,S612M,0.1729,benign,SLC3A1,612.0
Q07837,S612N,0.1075,benign,SLC3A1,612.0
Q07837,S612P,0.0597,benign,SLC3A1,612.0
Q07837,S612Q,0.2161,benign,SLC3A1,612.0
Q07837,S612R,0.189,benign,SLC3A1,612.0
Q07837,S612T,0.0757,benign,SLC3A1,612.0
Q07837,S612V,0.1263,benign,SLC3A1,612.0
Q07837,S612W,0.1523,benign,SLC3A1,612.0
Q07837,S612Y,0.1024,benign,SLC3A1,612.0
Q07837,G613A,0.0911,benign,SLC3A1,613.0
Q07837,G613C,0.194,benign,SLC3A1,613.0
Q07837,G613D,0.0621,benign,SLC3A1,613.0
Q07837,G613E,0.0785,benign,SLC3A1,613.0
Q07837,G613F,0.2718,benign,SLC3A1,613.0
Q07837,G613H,0.138,benign,SLC3A1,613.0
Q07837,G613I,0.1464,benign,SLC3A1,613.0
Q07837,G613K,0.1362,benign,SLC3A1,613.0
Q07837,G613L,0.2012,benign,SLC3A1,613.0
Q07837,G613M,0.2714,benign,SLC3A1,613.0
Q07837,G613N,0.1095,benign,SLC3A1,613.0
Q07837,G613P,0.3685,ambiguous,SLC3A1,613.0
Q07837,G613Q,0.1223,benign,SLC3A1,613.0
Q07837,G613R,0.1019,benign,SLC3A1,613.0
Q07837,G613S,0.069,benign,SLC3A1,613.0
Q07837,G613T,0.0959,benign,SLC3A1,613.0
Q07837,G613V,0.1065,benign,SLC3A1,613.0
Q07837,G613W,0.2085,benign,SLC3A1,613.0
Q07837,G613Y,0.1573,benign,SLC3A1,613.0
Q07837,L614A,0.3519,ambiguous,SLC3A1,614.0
Q07837,L614C,0.6467,pathogenic,SLC3A1,614.0
Q07837,L614D,0.7248,pathogenic,SLC3A1,614.0
Q07837,L614E,0.4877,ambiguous,SLC3A1,614.0
Q07837,L614F,0.1134,benign,SLC3A1,614.0
Q07837,L614G,0.5898,pathogenic,SLC3A1,614.0
Q07837,L614H,0.3375,benign,SLC3A1,614.0
Q07837,L614I,0.0767,benign,SLC3A1,614.0
Q07837,L614K,0.404,ambiguous,SLC3A1,614.0
Q07837,L614M,0.1264,benign,SLC3A1,614.0
Q07837,L614N,0.4734,ambiguous,SLC3A1,614.0
Q07837,L614P,0.4274,ambiguous,SLC3A1,614.0
Q07837,L614Q,0.2762,benign,SLC3A1,614.0
Q07837,L614R,0.3253,benign,SLC3A1,614.0
Q07837,L614S,0.3728,ambiguous,SLC3A1,614.0
Q07837,L614T,0.3213,benign,SLC3A1,614.0
Q07837,L614V,0.1013,benign,SLC3A1,614.0
Q07837,L614W,0.2681,benign,SLC3A1,614.0
Q07837,L614Y,0.3455,ambiguous,SLC3A1,614.0
Q07837,P615A,0.1163,benign,SLC3A1,615.0
Q07837,P615C,0.648,pathogenic,SLC3A1,615.0
Q07837,P615D,0.3171,benign,SLC3A1,615.0
Q07837,P615E,0.2231,benign,SLC3A1,615.0
Q07837,P615F,0.4939,ambiguous,SLC3A1,615.0
Q07837,P615G,0.3012,benign,SLC3A1,615.0
Q07837,P615H,0.1899,benign,SLC3A1,615.0
Q07837,P615I,0.4578,ambiguous,SLC3A1,615.0
Q07837,P615K,0.2676,benign,SLC3A1,615.0
Q07837,P615L,0.1615,benign,SLC3A1,615.0
Q07837,P615M,0.432,ambiguous,SLC3A1,615.0
Q07837,P615N,0.3188,benign,SLC3A1,615.0
Q07837,P615Q,0.1628,benign,SLC3A1,615.0
Q07837,P615R,0.1684,benign,SLC3A1,615.0
Q07837,P615S,0.1203,benign,SLC3A1,615.0
Q07837,P615T,0.1217,benign,SLC3A1,615.0
Q07837,P615V,0.3108,benign,SLC3A1,615.0
Q07837,P615W,0.5939,pathogenic,SLC3A1,615.0
Q07837,P615Y,0.4454,ambiguous,SLC3A1,615.0
Q07837,A616C,0.3982,ambiguous,SLC3A1,616.0
Q07837,A616D,0.0887,benign,SLC3A1,616.0
Q07837,A616E,0.0804,benign,SLC3A1,616.0
Q07837,A616F,0.1835,benign,SLC3A1,616.0
Q07837,A616G,0.0853,benign,SLC3A1,616.0
Q07837,A616H,0.1968,benign,SLC3A1,616.0
Q07837,A616I,0.147,benign,SLC3A1,616.0
Q07837,A616K,0.1203,benign,SLC3A1,616.0
Q07837,A616L,0.1014,benign,SLC3A1,616.0
Q07837,A616M,0.139,benign,SLC3A1,616.0
Q07837,A616N,0.113,benign,SLC3A1,616.0
Q07837,A616P,0.0812,benign,SLC3A1,616.0
Q07837,A616Q,0.1242,benign,SLC3A1,616.0
Q07837,A616R,0.1128,benign,SLC3A1,616.0
Q07837,A616S,0.0709,benign,SLC3A1,616.0
Q07837,A616T,0.0653,benign,SLC3A1,616.0
Q07837,A616V,0.0889,benign,SLC3A1,616.0
Q07837,A616W,0.3568,ambiguous,SLC3A1,616.0
Q07837,A616Y,0.2197,benign,SLC3A1,616.0
Q07837,K617A,0.1178,benign,SLC3A1,617.0
Q07837,K617C,0.5133,ambiguous,SLC3A1,617.0
Q07837,K617D,0.1627,benign,SLC3A1,617.0
Q07837,K617E,0.0606,benign,SLC3A1,617.0
Q07837,K617F,0.3699,ambiguous,SLC3A1,617.0
Q07837,K617G,0.1557,benign,SLC3A1,617.0
Q07837,K617H,0.1721,benign,SLC3A1,617.0
Q07837,K617I,0.1557,benign,SLC3A1,617.0
Q07837,K617L,0.1603,benign,SLC3A1,617.0
Q07837,K617M,0.1139,benign,SLC3A1,617.0
Q07837,K617N,0.1129,benign,SLC3A1,617.0
Q07837,K617P,0.3234,benign,SLC3A1,617.0
Q07837,K617Q,0.0771,benign,SLC3A1,617.0
Q07837,K617R,0.0669,benign,SLC3A1,617.0
Q07837,K617S,0.1178,benign,SLC3A1,617.0
Q07837,K617T,0.0682,benign,SLC3A1,617.0
Q07837,K617V,0.1452,benign,SLC3A1,617.0
Q07837,K617W,0.4316,ambiguous,SLC3A1,617.0
Q07837,K617Y,0.307,benign,SLC3A1,617.0
Q07837,M618A,0.2075,benign,SLC3A1,618.0
Q07837,M618C,0.7388,pathogenic,SLC3A1,618.0
Q07837,M618D,0.7523,pathogenic,SLC3A1,618.0
Q07837,M618E,0.4215,ambiguous,SLC3A1,618.0
Q07837,M618F,0.2845,benign,SLC3A1,618.0
Q07837,M618G,0.3681,ambiguous,SLC3A1,618.0
Q07837,M618H,0.5746,pathogenic,SLC3A1,618.0
Q07837,M618I,0.1655,benign,SLC3A1,618.0
Q07837,M618K,0.2741,benign,SLC3A1,618.0
Q07837,M618L,0.0806,benign,SLC3A1,618.0
Q07837,M618N,0.463,ambiguous,SLC3A1,618.0
Q07837,M618P,0.7717,pathogenic,SLC3A1,618.0
Q07837,M618Q,0.3009,benign,SLC3A1,618.0
Q07837,M618R,0.2535,benign,SLC3A1,618.0
Q07837,M618S,0.3049,benign,SLC3A1,618.0
Q07837,M618T,0.1967,benign,SLC3A1,618.0
Q07837,M618V,0.0758,benign,SLC3A1,618.0
Q07837,M618W,0.5658,pathogenic,SLC3A1,618.0
Q07837,M618Y,0.5043,ambiguous,SLC3A1,618.0
Q07837,R619A,0.1362,benign,SLC3A1,619.0
Q07837,R619C,0.1457,benign,SLC3A1,619.0
Q07837,R619D,0.1826,benign,SLC3A1,619.0
Q07837,R619E,0.1208,benign,SLC3A1,619.0
Q07837,R619F,0.2225,benign,SLC3A1,619.0
Q07837,R619G,0.0907,benign,SLC3A1,619.0
Q07837,R619H,0.0732,benign,SLC3A1,619.0
Q07837,R619I,0.113,benign,SLC3A1,619.0
Q07837,R619K,0.0768,benign,SLC3A1,619.0
Q07837,R619L,0.106,benign,SLC3A1,619.0
Q07837,R619M,0.1296,benign,SLC3A1,619.0
Q07837,R619N,0.152,benign,SLC3A1,619.0
Q07837,R619P,0.1964,benign,SLC3A1,619.0
Q07837,R619Q,0.0728,benign,SLC3A1,619.0
Q07837,R619S,0.1285,benign,SLC3A1,619.0
Q07837,R619T,0.0835,benign,SLC3A1,619.0
Q07837,R619V,0.1467,benign,SLC3A1,619.0
Q07837,R619W,0.1055,benign,SLC3A1,619.0
Q07837,R619Y,0.1701,benign,SLC3A1,619.0
Q07837,I620A,0.4708,ambiguous,SLC3A1,620.0
Q07837,I620C,0.7024,pathogenic,SLC3A1,620.0
Q07837,I620D,0.8068,pathogenic,SLC3A1,620.0
Q07837,I620E,0.6484,pathogenic,SLC3A1,620.0
Q07837,I620F,0.1634,benign,SLC3A1,620.0
Q07837,I620G,0.6417,pathogenic,SLC3A1,620.0
Q07837,I620H,0.5901,pathogenic,SLC3A1,620.0
Q07837,I620K,0.4198,ambiguous,SLC3A1,620.0
Q07837,I620L,0.1155,benign,SLC3A1,620.0
Q07837,I620M,0.124,benign,SLC3A1,620.0
Q07837,I620N,0.3422,ambiguous,SLC3A1,620.0
Q07837,I620P,0.6822,pathogenic,SLC3A1,620.0
Q07837,I620Q,0.5067,ambiguous,SLC3A1,620.0
Q07837,I620R,0.316,benign,SLC3A1,620.0
Q07837,I620S,0.3791,ambiguous,SLC3A1,620.0
Q07837,I620T,0.3961,ambiguous,SLC3A1,620.0
Q07837,I620V,0.083,benign,SLC3A1,620.0
Q07837,I620W,0.696,pathogenic,SLC3A1,620.0
Q07837,I620Y,0.4532,ambiguous,SLC3A1,620.0
Q07837,R621A,0.2602,benign,SLC3A1,621.0
Q07837,R621C,0.1741,benign,SLC3A1,621.0
Q07837,R621D,0.5703,pathogenic,SLC3A1,621.0
Q07837,R621E,0.2506,benign,SLC3A1,621.0
Q07837,R621F,0.3093,benign,SLC3A1,621.0
Q07837,R621G,0.1886,benign,SLC3A1,621.0
Q07837,R621H,0.1043,benign,SLC3A1,621.0
Q07837,R621I,0.1358,benign,SLC3A1,621.0
Q07837,R621K,0.0963,benign,SLC3A1,621.0
Q07837,R621L,0.1278,benign,SLC3A1,621.0
Q07837,R621M,0.1926,benign,SLC3A1,621.0
Q07837,R621N,0.439,ambiguous,SLC3A1,621.0
Q07837,R621P,0.5833,pathogenic,SLC3A1,621.0
Q07837,R621Q,0.0937,benign,SLC3A1,621.0
Q07837,R621S,0.2986,benign,SLC3A1,621.0
Q07837,R621T,0.1571,benign,SLC3A1,621.0
Q07837,R621V,0.1961,benign,SLC3A1,621.0
Q07837,R621W,0.1285,benign,SLC3A1,621.0
Q07837,R621Y,0.243,benign,SLC3A1,621.0
Q07837,L622A,0.312,benign,SLC3A1,622.0
Q07837,L622C,0.5273,ambiguous,SLC3A1,622.0
Q07837,L622D,0.7406,pathogenic,SLC3A1,622.0
Q07837,L622E,0.4281,ambiguous,SLC3A1,622.0
Q07837,L622F,0.1003,benign,SLC3A1,622.0
Q07837,L622G,0.5897,pathogenic,SLC3A1,622.0
Q07837,L622H,0.2238,benign,SLC3A1,622.0
Q07837,L622I,0.0831,benign,SLC3A1,622.0
Q07837,L622K,0.3211,benign,SLC3A1,622.0
Q07837,L622M,0.1228,benign,SLC3A1,622.0
Q07837,L622N,0.4722,ambiguous,SLC3A1,622.0
Q07837,L622P,0.8029,pathogenic,SLC3A1,622.0
Q07837,L622Q,0.1969,benign,SLC3A1,622.0
Q07837,L622R,0.2157,benign,SLC3A1,622.0
Q07837,L622S,0.3308,benign,SLC3A1,622.0
Q07837,L622T,0.3003,benign,SLC3A1,622.0
Q07837,L622V,0.0905,benign,SLC3A1,622.0
Q07837,L622W,0.1973,benign,SLC3A1,622.0
Q07837,L622Y,0.2598,benign,SLC3A1,622.0
Q07837,S623A,0.1196,benign,SLC3A1,623.0
Q07837,S623C,0.2411,benign,SLC3A1,623.0
Q07837,S623D,0.746,pathogenic,SLC3A1,623.0
Q07837,S623E,0.8473,pathogenic,SLC3A1,623.0
Q07837,S623F,0.5366,ambiguous,SLC3A1,623.0
Q07837,S623G,0.1279,benign,SLC3A1,623.0
Q07837,S623H,0.6424,pathogenic,SLC3A1,623.0
Q07837,S623I,0.5466,ambiguous,SLC3A1,623.0
Q07837,S623K,0.8871,pathogenic,SLC3A1,623.0
Q07837,S623L,0.2775,benign,SLC3A1,623.0
Q07837,S623M,0.5309,ambiguous,SLC3A1,623.0
Q07837,S623N,0.4301,ambiguous,SLC3A1,623.0
Q07837,S623P,0.6754,pathogenic,SLC3A1,623.0
Q07837,S623Q,0.7908,pathogenic,SLC3A1,623.0
Q07837,S623R,0.7924,pathogenic,SLC3A1,623.0
Q07837,S623T,0.167,benign,SLC3A1,623.0
Q07837,S623V,0.4888,ambiguous,SLC3A1,623.0
Q07837,S623W,0.6254,pathogenic,SLC3A1,623.0
Q07837,S623Y,0.4517,ambiguous,SLC3A1,623.0
Q07837,T624A,0.1989,benign,SLC3A1,624.0
Q07837,T624C,0.7883,pathogenic,SLC3A1,624.0
Q07837,T624D,0.757,pathogenic,SLC3A1,624.0
Q07837,T624E,0.7026,pathogenic,SLC3A1,624.0
Q07837,T624F,0.7503,pathogenic,SLC3A1,624.0
Q07837,T624G,0.4103,ambiguous,SLC3A1,624.0
Q07837,T624H,0.695,pathogenic,SLC3A1,624.0
Q07837,T624I,0.6514,pathogenic,SLC3A1,624.0
Q07837,T624K,0.6032,pathogenic,SLC3A1,624.0
Q07837,T624L,0.3914,ambiguous,SLC3A1,624.0
Q07837,T624M,0.2722,benign,SLC3A1,624.0
Q07837,T624N,0.3668,ambiguous,SLC3A1,624.0
Q07837,T624P,0.3731,ambiguous,SLC3A1,624.0
Q07837,T624Q,0.6032,pathogenic,SLC3A1,624.0
Q07837,T624R,0.4555,ambiguous,SLC3A1,624.0
Q07837,T624S,0.1782,benign,SLC3A1,624.0
Q07837,T624V,0.4744,ambiguous,SLC3A1,624.0
Q07837,T624W,0.8886,pathogenic,SLC3A1,624.0
Q07837,T624Y,0.7751,pathogenic,SLC3A1,624.0
Q07837,N625A,0.1376,benign,SLC3A1,625.0
Q07837,N625C,0.2546,benign,SLC3A1,625.0
Q07837,N625D,0.0838,benign,SLC3A1,625.0
Q07837,N625E,0.2012,benign,SLC3A1,625.0
Q07837,N625F,0.2611,benign,SLC3A1,625.0
Q07837,N625G,0.1753,benign,SLC3A1,625.0
Q07837,N625H,0.0828,benign,SLC3A1,625.0
Q07837,N625I,0.1187,benign,SLC3A1,625.0
Q07837,N625K,0.1337,benign,SLC3A1,625.0
Q07837,N625L,0.1507,benign,SLC3A1,625.0
Q07837,N625M,0.2398,benign,SLC3A1,625.0
Q07837,N625P,0.4899,ambiguous,SLC3A1,625.0
Q07837,N625Q,0.1883,benign,SLC3A1,625.0
Q07837,N625R,0.13,benign,SLC3A1,625.0
Q07837,N625S,0.0699,benign,SLC3A1,625.0
Q07837,N625T,0.1023,benign,SLC3A1,625.0
Q07837,N625V,0.1263,benign,SLC3A1,625.0
Q07837,N625W,0.5199,ambiguous,SLC3A1,625.0
Q07837,N625Y,0.0985,benign,SLC3A1,625.0
Q07837,S626A,0.0659,benign,SLC3A1,626.0
Q07837,S626C,0.1171,benign,SLC3A1,626.0
Q07837,S626D,0.1801,benign,SLC3A1,626.0
Q07837,S626E,0.2408,benign,SLC3A1,626.0
Q07837,S626F,0.1002,benign,SLC3A1,626.0
Q07837,S626G,0.0845,benign,SLC3A1,626.0
Q07837,S626H,0.1665,benign,SLC3A1,626.0
Q07837,S626I,0.1021,benign,SLC3A1,626.0
Q07837,S626K,0.2917,benign,SLC3A1,626.0
Q07837,S626L,0.0798,benign,SLC3A1,626.0
Q07837,S626M,0.1669,benign,SLC3A1,626.0
Q07837,S626N,0.1141,benign,SLC3A1,626.0
Q07837,S626P,0.0706,benign,SLC3A1,626.0
Q07837,S626Q,0.2486,benign,SLC3A1,626.0
Q07837,S626R,0.215,benign,SLC3A1,626.0
Q07837,S626T,0.0749,benign,SLC3A1,626.0
Q07837,S626V,0.1124,benign,SLC3A1,626.0
Q07837,S626W,0.16,benign,SLC3A1,626.0
Q07837,S626Y,0.0899,benign,SLC3A1,626.0
Q07837,A627C,0.3301,benign,SLC3A1,627.0
Q07837,A627D,0.1052,benign,SLC3A1,627.0
Q07837,A627E,0.1197,benign,SLC3A1,627.0
Q07837,A627F,0.1335,benign,SLC3A1,627.0
Q07837,A627G,0.0946,benign,SLC3A1,627.0
Q07837,A627H,0.202,benign,SLC3A1,627.0
Q07837,A627I,0.1208,benign,SLC3A1,627.0
Q07837,A627K,0.1489,benign,SLC3A1,627.0
Q07837,A627L,0.1023,benign,SLC3A1,627.0
Q07837,A627M,0.1325,benign,SLC3A1,627.0
Q07837,A627N,0.1302,benign,SLC3A1,627.0
Q07837,A627P,0.1162,benign,SLC3A1,627.0
Q07837,A627Q,0.1724,benign,SLC3A1,627.0
Q07837,A627R,0.1219,benign,SLC3A1,627.0
Q07837,A627S,0.0741,benign,SLC3A1,627.0
Q07837,A627T,0.0679,benign,SLC3A1,627.0
Q07837,A627V,0.0832,benign,SLC3A1,627.0
Q07837,A627W,0.3099,benign,SLC3A1,627.0
Q07837,A627Y,0.1899,benign,SLC3A1,627.0
Q07837,D628A,0.0752,benign,SLC3A1,628.0
Q07837,D628C,0.2086,benign,SLC3A1,628.0
Q07837,D628E,0.0895,benign,SLC3A1,628.0
Q07837,D628F,0.1641,benign,SLC3A1,628.0
Q07837,D628G,0.0691,benign,SLC3A1,628.0
Q07837,D628H,0.0786,benign,SLC3A1,628.0
Q07837,D628I,0.1098,benign,SLC3A1,628.0
Q07837,D628K,0.0938,benign,SLC3A1,628.0
Q07837,D628L,0.1086,benign,SLC3A1,628.0
Q07837,D628M,0.2335,benign,SLC3A1,628.0
Q07837,D628N,0.056,benign,SLC3A1,628.0
Q07837,D628P,0.2404,benign,SLC3A1,628.0
Q07837,D628Q,0.1013,benign,SLC3A1,628.0
Q07837,D628R,0.0813,benign,SLC3A1,628.0
Q07837,D628S,0.0634,benign,SLC3A1,628.0
Q07837,D628T,0.1021,benign,SLC3A1,628.0
Q07837,D628V,0.0828,benign,SLC3A1,628.0
Q07837,D628W,0.3865,ambiguous,SLC3A1,628.0
Q07837,D628Y,0.0621,benign,SLC3A1,628.0
Q07837,K629A,0.1161,benign,SLC3A1,629.0
Q07837,K629C,0.4794,ambiguous,SLC3A1,629.0
Q07837,K629D,0.1601,benign,SLC3A1,629.0
Q07837,K629E,0.0623,benign,SLC3A1,629.0
Q07837,K629F,0.3191,benign,SLC3A1,629.0
Q07837,K629G,0.1457,benign,SLC3A1,629.0
Q07837,K629H,0.1662,benign,SLC3A1,629.0
Q07837,K629I,0.1311,benign,SLC3A1,629.0
Q07837,K629L,0.1501,benign,SLC3A1,629.0
Q07837,K629M,0.1206,benign,SLC3A1,629.0
Q07837,K629N,0.1267,benign,SLC3A1,629.0
Q07837,K629P,0.2569,benign,SLC3A1,629.0
Q07837,K629Q,0.0885,benign,SLC3A1,629.0
Q07837,K629R,0.0668,benign,SLC3A1,629.0
Q07837,K629S,0.126,benign,SLC3A1,629.0
Q07837,K629T,0.0794,benign,SLC3A1,629.0
Q07837,K629V,0.1396,benign,SLC3A1,629.0
Q07837,K629W,0.425,ambiguous,SLC3A1,629.0
Q07837,K629Y,0.2605,benign,SLC3A1,629.0
Q07837,G630A,0.1122,benign,SLC3A1,630.0
Q07837,G630C,0.2349,benign,SLC3A1,630.0
Q07837,G630D,0.0789,benign,SLC3A1,630.0
Q07837,G630E,0.0895,benign,SLC3A1,630.0
Q07837,G630F,0.3056,benign,SLC3A1,630.0
Q07837,G630H,0.2081,benign,SLC3A1,630.0
Q07837,G630I,0.1664,benign,SLC3A1,630.0
Q07837,G630K,0.1858,benign,SLC3A1,630.0
Q07837,G630L,0.2554,benign,SLC3A1,630.0
Q07837,G630M,0.3089,benign,SLC3A1,630.0
Q07837,G630N,0.1422,benign,SLC3A1,630.0
Q07837,G630P,0.5001,ambiguous,SLC3A1,630.0
Q07837,G630Q,0.1596,benign,SLC3A1,630.0
Q07837,G630R,0.1331,benign,SLC3A1,630.0
Q07837,G630S,0.0907,benign,SLC3A1,630.0
Q07837,G630T,0.1283,benign,SLC3A1,630.0
Q07837,G630V,0.1263,benign,SLC3A1,630.0
Q07837,G630W,0.196,benign,SLC3A1,630.0
Q07837,G630Y,0.1887,benign,SLC3A1,630.0
Q07837,S631A,0.0964,benign,SLC3A1,631.0
Q07837,S631C,0.1181,benign,SLC3A1,631.0
Q07837,S631D,0.1227,benign,SLC3A1,631.0
Q07837,S631E,0.151,benign,SLC3A1,631.0
Q07837,S631F,0.1564,benign,SLC3A1,631.0
Q07837,S631G,0.0666,benign,SLC3A1,631.0
Q07837,S631H,0.1328,benign,SLC3A1,631.0
Q07837,S631I,0.0996,benign,SLC3A1,631.0
Q07837,S631K,0.1471,benign,SLC3A1,631.0
Q07837,S631L,0.1002,benign,SLC3A1,631.0
Q07837,S631M,0.1605,benign,SLC3A1,631.0
Q07837,S631N,0.0691,benign,SLC3A1,631.0
Q07837,S631P,0.2549,benign,SLC3A1,631.0
Q07837,S631Q,0.1508,benign,SLC3A1,631.0
Q07837,S631R,0.1039,benign,SLC3A1,631.0
Q07837,S631T,0.0888,benign,SLC3A1,631.0
Q07837,S631V,0.1327,benign,SLC3A1,631.0
Q07837,S631W,0.1599,benign,SLC3A1,631.0
Q07837,S631Y,0.116,benign,SLC3A1,631.0
Q07837,K632A,0.0994,benign,SLC3A1,632.0
Q07837,K632C,0.4522,ambiguous,SLC3A1,632.0
Q07837,K632D,0.115,benign,SLC3A1,632.0
Q07837,K632E,0.0469,benign,SLC3A1,632.0
Q07837,K632F,0.2822,benign,SLC3A1,632.0
Q07837,K632G,0.1368,benign,SLC3A1,632.0
Q07837,K632H,0.1473,benign,SLC3A1,632.0
Q07837,K632I,0.11,benign,SLC3A1,632.0
Q07837,K632L,0.1132,benign,SLC3A1,632.0
Q07837,K632M,0.1047,benign,SLC3A1,632.0
Q07837,K632N,0.1047,benign,SLC3A1,632.0
Q07837,K632P,0.2309,benign,SLC3A1,632.0
Q07837,K632Q,0.0779,benign,SLC3A1,632.0
Q07837,K632R,0.0703,benign,SLC3A1,632.0
Q07837,K632S,0.1107,benign,SLC3A1,632.0
Q07837,K632T,0.0707,benign,SLC3A1,632.0
Q07837,K632V,0.1002,benign,SLC3A1,632.0
Q07837,K632W,0.3788,ambiguous,SLC3A1,632.0
Q07837,K632Y,0.2186,benign,SLC3A1,632.0
Q07837,V633A,0.0885,benign,SLC3A1,633.0
Q07837,V633C,0.7269,pathogenic,SLC3A1,633.0
Q07837,V633D,0.2232,benign,SLC3A1,633.0
Q07837,V633E,0.1852,benign,SLC3A1,633.0
Q07837,V633F,0.1077,benign,SLC3A1,633.0
Q07837,V633G,0.1345,benign,SLC3A1,633.0
Q07837,V633H,0.416,ambiguous,SLC3A1,633.0
Q07837,V633I,0.0799,benign,SLC3A1,633.0
Q07837,V633K,0.2123,benign,SLC3A1,633.0
Q07837,V633L,0.1546,benign,SLC3A1,633.0
Q07837,V633M,0.1148,benign,SLC3A1,633.0
Q07837,V633N,0.2398,benign,SLC3A1,633.0
Q07837,V633P,0.4669,ambiguous,SLC3A1,633.0
Q07837,V633Q,0.2524,benign,SLC3A1,633.0
Q07837,V633R,0.1752,benign,SLC3A1,633.0
Q07837,V633S,0.1533,benign,SLC3A1,633.0
Q07837,V633T,0.1097,benign,SLC3A1,633.0
Q07837,V633W,0.5166,ambiguous,SLC3A1,633.0
Q07837,V633Y,0.3611,ambiguous,SLC3A1,633.0
Q07837,D634A,0.1256,benign,SLC3A1,634.0
Q07837,D634C,0.5119,ambiguous,SLC3A1,634.0
Q07837,D634E,0.1579,benign,SLC3A1,634.0
Q07837,D634F,0.3634,ambiguous,SLC3A1,634.0
Q07837,D634G,0.1389,benign,SLC3A1,634.0
Q07837,D634H,0.1674,benign,SLC3A1,634.0
Q07837,D634I,0.2473,benign,SLC3A1,634.0
Q07837,D634K,0.2284,benign,SLC3A1,634.0
Q07837,D634L,0.2418,benign,SLC3A1,634.0
Q07837,D634M,0.4659,ambiguous,SLC3A1,634.0
Q07837,D634N,0.0827,benign,SLC3A1,634.0
Q07837,D634P,0.3843,ambiguous,SLC3A1,634.0
Q07837,D634Q,0.2374,benign,SLC3A1,634.0
Q07837,D634R,0.2191,benign,SLC3A1,634.0
Q07837,D634S,0.1033,benign,SLC3A1,634.0
Q07837,D634T,0.1962,benign,SLC3A1,634.0
Q07837,D634V,0.1511,benign,SLC3A1,634.0
Q07837,D634W,0.7394,pathogenic,SLC3A1,634.0
Q07837,D634Y,0.1406,benign,SLC3A1,634.0
Q07837,T635A,0.0814,benign,SLC3A1,635.0
Q07837,T635C,0.5191,ambiguous,SLC3A1,635.0
Q07837,T635D,0.4371,ambiguous,SLC3A1,635.0
Q07837,T635E,0.4028,ambiguous,SLC3A1,635.0
Q07837,T635F,0.2637,benign,SLC3A1,635.0
Q07837,T635G,0.2163,benign,SLC3A1,635.0
Q07837,T635H,0.3312,benign,SLC3A1,635.0
Q07837,T635I,0.1611,benign,SLC3A1,635.0
Q07837,T635K,0.2625,benign,SLC3A1,635.0
Q07837,T635L,0.1137,benign,SLC3A1,635.0
Q07837,T635M,0.1082,benign,SLC3A1,635.0
Q07837,T635N,0.1614,benign,SLC3A1,635.0
Q07837,T635P,0.094,benign,SLC3A1,635.0
Q07837,T635Q,0.3278,benign,SLC3A1,635.0
Q07837,T635R,0.1828,benign,SLC3A1,635.0
Q07837,T635S,0.1138,benign,SLC3A1,635.0
Q07837,T635V,0.1406,benign,SLC3A1,635.0
Q07837,T635W,0.6465,pathogenic,SLC3A1,635.0
Q07837,T635Y,0.3179,benign,SLC3A1,635.0
Q07837,S636A,0.0773,benign,SLC3A1,636.0
Q07837,S636C,0.1334,benign,SLC3A1,636.0
Q07837,S636D,0.1175,benign,SLC3A1,636.0
Q07837,S636E,0.1499,benign,SLC3A1,636.0
Q07837,S636F,0.146,benign,SLC3A1,636.0
Q07837,S636G,0.0664,benign,SLC3A1,636.0
Q07837,S636H,0.1157,benign,SLC3A1,636.0
Q07837,S636I,0.1325,benign,SLC3A1,636.0
Q07837,S636K,0.1606,benign,SLC3A1,636.0
Q07837,S636L,0.1051,benign,SLC3A1,636.0
Q07837,S636M,0.1909,benign,SLC3A1,636.0
Q07837,S636N,0.075,benign,SLC3A1,636.0
Q07837,S636P,0.2091,benign,SLC3A1,636.0
Q07837,S636Q,0.165,benign,SLC3A1,636.0
Q07837,S636R,0.1062,benign,SLC3A1,636.0
Q07837,S636T,0.0808,benign,SLC3A1,636.0
Q07837,S636V,0.1485,benign,SLC3A1,636.0
Q07837,S636W,0.1582,benign,SLC3A1,636.0
Q07837,S636Y,0.1119,benign,SLC3A1,636.0
Q07837,G637A,0.0675,benign,SLC3A1,637.0
Q07837,G637C,0.1611,benign,SLC3A1,637.0
Q07837,G637D,0.0889,benign,SLC3A1,637.0
Q07837,G637E,0.0908,benign,SLC3A1,637.0
Q07837,G637F,0.274,benign,SLC3A1,637.0
Q07837,G637H,0.152,benign,SLC3A1,637.0
Q07837,G637I,0.1481,benign,SLC3A1,637.0
Q07837,G637K,0.1343,benign,SLC3A1,637.0
Q07837,G637L,0.1857,benign,SLC3A1,637.0
Q07837,G637M,0.2247,benign,SLC3A1,637.0
Q07837,G637N,0.123,benign,SLC3A1,637.0
Q07837,G637P,0.6164,pathogenic,SLC3A1,637.0
Q07837,G637Q,0.1279,benign,SLC3A1,637.0
Q07837,G637R,0.091,benign,SLC3A1,637.0
Q07837,G637S,0.0673,benign,SLC3A1,637.0
Q07837,G637T,0.0857,benign,SLC3A1,637.0
Q07837,G637V,0.1034,benign,SLC3A1,637.0
Q07837,G637W,0.2123,benign,SLC3A1,637.0
Q07837,G637Y,0.1742,benign,SLC3A1,637.0
Q07837,I638A,0.4703,ambiguous,SLC3A1,638.0
Q07837,I638C,0.6491,pathogenic,SLC3A1,638.0
Q07837,I638D,0.7871,pathogenic,SLC3A1,638.0
Q07837,I638E,0.7675,pathogenic,SLC3A1,638.0
Q07837,I638F,0.1169,benign,SLC3A1,638.0
Q07837,I638G,0.6919,pathogenic,SLC3A1,638.0
Q07837,I638H,0.6058,pathogenic,SLC3A1,638.0
Q07837,I638K,0.6097,pathogenic,SLC3A1,638.0
Q07837,I638L,0.0954,benign,SLC3A1,638.0
Q07837,I638M,0.129,benign,SLC3A1,638.0
Q07837,I638N,0.3965,ambiguous,SLC3A1,638.0
Q07837,I638P,0.7943,pathogenic,SLC3A1,638.0
Q07837,I638Q,0.6612,pathogenic,SLC3A1,638.0
Q07837,I638R,0.4817,ambiguous,SLC3A1,638.0
Q07837,I638S,0.4345,ambiguous,SLC3A1,638.0
Q07837,I638T,0.4595,ambiguous,SLC3A1,638.0
Q07837,I638V,0.081,benign,SLC3A1,638.0
Q07837,I638W,0.7092,pathogenic,SLC3A1,638.0
Q07837,I638Y,0.4056,ambiguous,SLC3A1,638.0
Q07837,F639A,0.0903,benign,SLC3A1,639.0
Q07837,F639C,0.1052,benign,SLC3A1,639.0
Q07837,F639D,0.1586,benign,SLC3A1,639.0
Q07837,F639E,0.2072,benign,SLC3A1,639.0
Q07837,F639G,0.1904,benign,SLC3A1,639.0
Q07837,F639H,0.1325,benign,SLC3A1,639.0
Q07837,F639I,0.0539,benign,SLC3A1,639.0
Q07837,F639K,0.1632,benign,SLC3A1,639.0
Q07837,F639L,0.2133,benign,SLC3A1,639.0
Q07837,F639M,0.1654,benign,SLC3A1,639.0
Q07837,F639N,0.115,benign,SLC3A1,639.0
Q07837,F639P,0.1989,benign,SLC3A1,639.0
Q07837,F639Q,0.169,benign,SLC3A1,639.0
Q07837,F639R,0.1093,benign,SLC3A1,639.0
Q07837,F639S,0.0635,benign,SLC3A1,639.0
Q07837,F639T,0.0821,benign,SLC3A1,639.0
Q07837,F639V,0.0587,benign,SLC3A1,639.0
Q07837,F639W,0.1964,benign,SLC3A1,639.0
Q07837,F639Y,0.0779,benign,SLC3A1,639.0
Q07837,L640A,0.4147,ambiguous,SLC3A1,640.0
Q07837,L640C,0.7156,pathogenic,SLC3A1,640.0
Q07837,L640D,0.9433,pathogenic,SLC3A1,640.0
Q07837,L640E,0.7756,pathogenic,SLC3A1,640.0
Q07837,L640F,0.2307,benign,SLC3A1,640.0
Q07837,L640G,0.7282,pathogenic,SLC3A1,640.0
Q07837,L640H,0.5811,pathogenic,SLC3A1,640.0
Q07837,L640I,0.1313,benign,SLC3A1,640.0
Q07837,L640K,0.6955,pathogenic,SLC3A1,640.0
Q07837,L640M,0.1718,benign,SLC3A1,640.0
Q07837,L640N,0.8155,pathogenic,SLC3A1,640.0
Q07837,L640P,0.6183,pathogenic,SLC3A1,640.0
Q07837,L640Q,0.4827,ambiguous,SLC3A1,640.0
Q07837,L640R,0.4964,ambiguous,SLC3A1,640.0
Q07837,L640S,0.5203,ambiguous,SLC3A1,640.0
Q07837,L640T,0.3048,benign,SLC3A1,640.0
Q07837,L640V,0.1245,benign,SLC3A1,640.0
Q07837,L640W,0.448,ambiguous,SLC3A1,640.0
Q07837,L640Y,0.7151,pathogenic,SLC3A1,640.0
Q07837,D641A,0.0889,benign,SLC3A1,641.0
Q07837,D641C,0.3236,benign,SLC3A1,641.0
Q07837,D641E,0.0808,benign,SLC3A1,641.0
Q07837,D641F,0.286,benign,SLC3A1,641.0
Q07837,D641G,0.0704,benign,SLC3A1,641.0
Q07837,D641H,0.0982,benign,SLC3A1,641.0
Q07837,D641I,0.1975,benign,SLC3A1,641.0
Q07837,D641K,0.107,benign,SLC3A1,641.0
Q07837,D641L,0.1499,benign,SLC3A1,641.0
Q07837,D641M,0.334,benign,SLC3A1,641.0
Q07837,D641N,0.0716,benign,SLC3A1,641.0
Q07837,D641P,0.3017,benign,SLC3A1,641.0
Q07837,D641Q,0.1021,benign,SLC3A1,641.0
Q07837,D641R,0.1015,benign,SLC3A1,641.0
Q07837,D641S,0.0794,benign,SLC3A1,641.0
Q07837,D641T,0.1424,benign,SLC3A1,641.0
Q07837,D641V,0.1194,benign,SLC3A1,641.0
Q07837,D641W,0.5222,ambiguous,SLC3A1,641.0
Q07837,D641Y,0.1074,benign,SLC3A1,641.0
Q07837,K642A,0.1567,benign,SLC3A1,642.0
Q07837,K642C,0.6112,pathogenic,SLC3A1,642.0
Q07837,K642D,0.2946,benign,SLC3A1,642.0
Q07837,K642E,0.0735,benign,SLC3A1,642.0
Q07837,K642F,0.5552,ambiguous,SLC3A1,642.0
Q07837,K642G,0.2185,benign,SLC3A1,642.0
Q07837,K642H,0.2664,benign,SLC3A1,642.0
Q07837,K642I,0.2118,benign,SLC3A1,642.0
Q07837,K642L,0.233,benign,SLC3A1,642.0
Q07837,K642M,0.1537,benign,SLC3A1,642.0
Q07837,K642N,0.2181,benign,SLC3A1,642.0
Q07837,K642P,0.3066,benign,SLC3A1,642.0
Q07837,K642Q,0.0999,benign,SLC3A1,642.0
Q07837,K642R,0.0702,benign,SLC3A1,642.0
Q07837,K642S,0.1875,benign,SLC3A1,642.0
Q07837,K642T,0.1097,benign,SLC3A1,642.0
Q07837,K642V,0.202,benign,SLC3A1,642.0
Q07837,K642W,0.6382,pathogenic,SLC3A1,642.0
Q07837,K642Y,0.4359,ambiguous,SLC3A1,642.0
Q07837,G643A,0.2984,benign,SLC3A1,643.0
Q07837,G643C,0.6448,pathogenic,SLC3A1,643.0
Q07837,G643D,0.642,pathogenic,SLC3A1,643.0
Q07837,G643E,0.5921,pathogenic,SLC3A1,643.0
Q07837,G643F,0.9097,pathogenic,SLC3A1,643.0
Q07837,G643H,0.882,pathogenic,SLC3A1,643.0
Q07837,G643I,0.8933,pathogenic,SLC3A1,643.0
Q07837,G643K,0.8616,pathogenic,SLC3A1,643.0
Q07837,G643L,0.8821,pathogenic,SLC3A1,643.0
Q07837,G643M,0.8698,pathogenic,SLC3A1,643.0
Q07837,G643N,0.713,pathogenic,SLC3A1,643.0
Q07837,G643P,0.975,pathogenic,SLC3A1,643.0
Q07837,G643Q,0.7736,pathogenic,SLC3A1,643.0
Q07837,G643R,0.7472,pathogenic,SLC3A1,643.0
Q07837,G643S,0.3163,benign,SLC3A1,643.0
Q07837,G643T,0.652,pathogenic,SLC3A1,643.0
Q07837,G643V,0.7503,pathogenic,SLC3A1,643.0
Q07837,G643W,0.782,pathogenic,SLC3A1,643.0
Q07837,G643Y,0.8154,pathogenic,SLC3A1,643.0
Q07837,E644A,0.2529,benign,SLC3A1,644.0
Q07837,E644C,0.8905,pathogenic,SLC3A1,644.0
Q07837,E644D,0.2743,benign,SLC3A1,644.0
Q07837,E644F,0.8082,pathogenic,SLC3A1,644.0
Q07837,E644G,0.2831,benign,SLC3A1,644.0
Q07837,E644H,0.5586,ambiguous,SLC3A1,644.0
Q07837,E644I,0.5414,ambiguous,SLC3A1,644.0
Q07837,E644K,0.1654,benign,SLC3A1,644.0
Q07837,E644L,0.5904,pathogenic,SLC3A1,644.0
Q07837,E644M,0.5703,pathogenic,SLC3A1,644.0
Q07837,E644N,0.4246,ambiguous,SLC3A1,644.0
Q07837,E644P,0.9612,pathogenic,SLC3A1,644.0
Q07837,E644Q,0.1433,benign,SLC3A1,644.0
Q07837,E644R,0.2616,benign,SLC3A1,644.0
Q07837,E644S,0.3206,benign,SLC3A1,644.0
Q07837,E644T,0.3734,ambiguous,SLC3A1,644.0
Q07837,E644V,0.3477,ambiguous,SLC3A1,644.0
Q07837,E644W,0.9089,pathogenic,SLC3A1,644.0
Q07837,E644Y,0.7226,pathogenic,SLC3A1,644.0
Q07837,G645A,0.2225,benign,SLC3A1,645.0
Q07837,G645C,0.7148,pathogenic,SLC3A1,645.0
Q07837,G645D,0.929,pathogenic,SLC3A1,645.0
Q07837,G645E,0.914,pathogenic,SLC3A1,645.0
Q07837,G645F,0.9553,pathogenic,SLC3A1,645.0
Q07837,G645H,0.9818,pathogenic,SLC3A1,645.0
Q07837,G645I,0.7514,pathogenic,SLC3A1,645.0
Q07837,G645K,0.9785,pathogenic,SLC3A1,645.0
Q07837,G645L,0.8903,pathogenic,SLC3A1,645.0
Q07837,G645M,0.9009,pathogenic,SLC3A1,645.0
Q07837,G645N,0.9381,pathogenic,SLC3A1,645.0
Q07837,G645P,0.9903,pathogenic,SLC3A1,645.0
Q07837,G645Q,0.9601,pathogenic,SLC3A1,645.0
Q07837,G645R,0.9498,pathogenic,SLC3A1,645.0
Q07837,G645S,0.3707,ambiguous,SLC3A1,645.0
Q07837,G645T,0.6698,pathogenic,SLC3A1,645.0
Q07837,G645V,0.5909,pathogenic,SLC3A1,645.0
Q07837,G645W,0.9564,pathogenic,SLC3A1,645.0
Q07837,G645Y,0.9467,pathogenic,SLC3A1,645.0
Q07837,L646A,0.3693,ambiguous,SLC3A1,646.0
Q07837,L646C,0.4775,ambiguous,SLC3A1,646.0
Q07837,L646D,0.8524,pathogenic,SLC3A1,646.0
Q07837,L646E,0.6007,pathogenic,SLC3A1,646.0
Q07837,L646F,0.1033,benign,SLC3A1,646.0
Q07837,L646G,0.6719,pathogenic,SLC3A1,646.0
Q07837,L646H,0.2586,benign,SLC3A1,646.0
Q07837,L646I,0.0761,benign,SLC3A1,646.0
Q07837,L646K,0.3428,ambiguous,SLC3A1,646.0
Q07837,L646M,0.1195,benign,SLC3A1,646.0
Q07837,L646N,0.6041,pathogenic,SLC3A1,646.0
Q07837,L646P,0.9512,pathogenic,SLC3A1,646.0
Q07837,L646Q,0.2497,benign,SLC3A1,646.0
Q07837,L646R,0.2232,benign,SLC3A1,646.0
Q07837,L646S,0.4788,ambiguous,SLC3A1,646.0
Q07837,L646T,0.3965,ambiguous,SLC3A1,646.0
Q07837,L646V,0.0875,benign,SLC3A1,646.0
Q07837,L646W,0.194,benign,SLC3A1,646.0
Q07837,L646Y,0.2636,benign,SLC3A1,646.0
Q07837,I647A,0.7177,pathogenic,SLC3A1,647.0
Q07837,I647C,0.8552,pathogenic,SLC3A1,647.0
Q07837,I647D,0.9753,pathogenic,SLC3A1,647.0
Q07837,I647E,0.9588,pathogenic,SLC3A1,647.0
Q07837,I647F,0.2552,benign,SLC3A1,647.0
Q07837,I647G,0.9222,pathogenic,SLC3A1,647.0
Q07837,I647H,0.9008,pathogenic,SLC3A1,647.0
Q07837,I647K,0.9251,pathogenic,SLC3A1,647.0
Q07837,I647L,0.0864,benign,SLC3A1,647.0
Q07837,I647M,0.1949,benign,SLC3A1,647.0
Q07837,I647N,0.8114,pathogenic,SLC3A1,647.0
Q07837,I647P,0.9488,pathogenic,SLC3A1,647.0
Q07837,I647Q,0.9156,pathogenic,SLC3A1,647.0
Q07837,I647R,0.8663,pathogenic,SLC3A1,647.0
Q07837,I647S,0.7647,pathogenic,SLC3A1,647.0
Q07837,I647T,0.7433,pathogenic,SLC3A1,647.0
Q07837,I647V,0.1011,benign,SLC3A1,647.0
Q07837,I647W,0.9001,pathogenic,SLC3A1,647.0
Q07837,I647Y,0.7502,pathogenic,SLC3A1,647.0
Q07837,F648A,0.3831,ambiguous,SLC3A1,648.0
Q07837,F648C,0.3868,ambiguous,SLC3A1,648.0
Q07837,F648D,0.9394,pathogenic,SLC3A1,648.0
Q07837,F648E,0.8874,pathogenic,SLC3A1,648.0
Q07837,F648G,0.6799,pathogenic,SLC3A1,648.0
Q07837,F648H,0.767,pathogenic,SLC3A1,648.0
Q07837,F648I,0.0901,benign,SLC3A1,648.0
Q07837,F648K,0.8918,pathogenic,SLC3A1,648.0
Q07837,F648L,0.1165,benign,SLC3A1,648.0
Q07837,F648M,0.1696,benign,SLC3A1,648.0
Q07837,F648N,0.8641,pathogenic,SLC3A1,648.0
Q07837,F648P,0.8947,pathogenic,SLC3A1,648.0
Q07837,F648Q,0.7943,pathogenic,SLC3A1,648.0
Q07837,F648R,0.763,pathogenic,SLC3A1,648.0
Q07837,F648S,0.5777,pathogenic,SLC3A1,648.0
Q07837,F648T,0.4491,ambiguous,SLC3A1,648.0
Q07837,F648V,0.1064,benign,SLC3A1,648.0
Q07837,F648W,0.3168,benign,SLC3A1,648.0
Q07837,F648Y,0.3261,benign,SLC3A1,648.0
Q07837,E649A,0.2608,benign,SLC3A1,649.0
Q07837,E649C,0.8892,pathogenic,SLC3A1,649.0
Q07837,E649D,0.4598,ambiguous,SLC3A1,649.0
Q07837,E649F,0.8244,pathogenic,SLC3A1,649.0
Q07837,E649G,0.3037,benign,SLC3A1,649.0
Q07837,E649H,0.5657,pathogenic,SLC3A1,649.0
Q07837,E649I,0.5005,ambiguous,SLC3A1,649.0
Q07837,E649K,0.253,benign,SLC3A1,649.0
Q07837,E649L,0.515,ambiguous,SLC3A1,649.0
Q07837,E649M,0.6299,pathogenic,SLC3A1,649.0
Q07837,E649N,0.6556,pathogenic,SLC3A1,649.0
Q07837,E649P,0.8731,pathogenic,SLC3A1,649.0
Q07837,E649Q,0.1302,benign,SLC3A1,649.0
Q07837,E649R,0.3058,benign,SLC3A1,649.0
Q07837,E649S,0.3072,benign,SLC3A1,649.0
Q07837,E649T,0.3821,ambiguous,SLC3A1,649.0
Q07837,E649V,0.3202,benign,SLC3A1,649.0
Q07837,E649W,0.9042,pathogenic,SLC3A1,649.0
Q07837,E649Y,0.729,pathogenic,SLC3A1,649.0
Q07837,H650A,0.2155,benign,SLC3A1,650.0
Q07837,H650C,0.1647,benign,SLC3A1,650.0
Q07837,H650D,0.1639,benign,SLC3A1,650.0
Q07837,H650E,0.1866,benign,SLC3A1,650.0
Q07837,H650F,0.1594,benign,SLC3A1,650.0
Q07837,H650G,0.2144,benign,SLC3A1,650.0
Q07837,H650I,0.1825,benign,SLC3A1,650.0
Q07837,H650K,0.1714,benign,SLC3A1,650.0
Q07837,H650L,0.0904,benign,SLC3A1,650.0
Q07837,H650M,0.3112,benign,SLC3A1,650.0
Q07837,H650N,0.0968,benign,SLC3A1,650.0
Q07837,H650P,0.295,benign,SLC3A1,650.0
Q07837,H650Q,0.1181,benign,SLC3A1,650.0
Q07837,H650R,0.0877,benign,SLC3A1,650.0
Q07837,H650S,0.1697,benign,SLC3A1,650.0
Q07837,H650T,0.1892,benign,SLC3A1,650.0
Q07837,H650V,0.1653,benign,SLC3A1,650.0
Q07837,H650W,0.2264,benign,SLC3A1,650.0
Q07837,H650Y,0.0522,benign,SLC3A1,650.0
Q07837,N651A,0.1159,benign,SLC3A1,651.0
Q07837,N651C,0.2534,benign,SLC3A1,651.0
Q07837,N651D,0.0715,benign,SLC3A1,651.0
Q07837,N651E,0.1357,benign,SLC3A1,651.0
Q07837,N651F,0.2748,benign,SLC3A1,651.0
Q07837,N651G,0.1473,benign,SLC3A1,651.0
Q07837,N651H,0.0718,benign,SLC3A1,651.0
Q07837,N651I,0.1269,benign,SLC3A1,651.0
Q07837,N651K,0.0974,benign,SLC3A1,651.0
Q07837,N651L,0.1436,benign,SLC3A1,651.0
Q07837,N651M,0.2257,benign,SLC3A1,651.0
Q07837,N651P,0.1941,benign,SLC3A1,651.0
Q07837,N651Q,0.1363,benign,SLC3A1,651.0
Q07837,N651R,0.1004,benign,SLC3A1,651.0
Q07837,N651S,0.0653,benign,SLC3A1,651.0
Q07837,N651T,0.0879,benign,SLC3A1,651.0
Q07837,N651V,0.1331,benign,SLC3A1,651.0
Q07837,N651W,0.4495,ambiguous,SLC3A1,651.0
Q07837,N651Y,0.097,benign,SLC3A1,651.0
Q07837,T652A,0.0833,benign,SLC3A1,652.0
Q07837,T652C,0.4972,ambiguous,SLC3A1,652.0
Q07837,T652D,0.2675,benign,SLC3A1,652.0
Q07837,T652E,0.1789,benign,SLC3A1,652.0
Q07837,T652F,0.2184,benign,SLC3A1,652.0
Q07837,T652G,0.1683,benign,SLC3A1,652.0
Q07837,T652H,0.2009,benign,SLC3A1,652.0
Q07837,T652I,0.1804,benign,SLC3A1,652.0
Q07837,T652K,0.1284,benign,SLC3A1,652.0
Q07837,T652L,0.1106,benign,SLC3A1,652.0
Q07837,T652M,0.0962,benign,SLC3A1,652.0
Q07837,T652N,0.1198,benign,SLC3A1,652.0
Q07837,T652P,0.155,benign,SLC3A1,652.0
Q07837,T652Q,0.1411,benign,SLC3A1,652.0
Q07837,T652R,0.083,benign,SLC3A1,652.0
Q07837,T652S,0.0945,benign,SLC3A1,652.0
Q07837,T652V,0.148,benign,SLC3A1,652.0
Q07837,T652W,0.3982,ambiguous,SLC3A1,652.0
Q07837,T652Y,0.2345,benign,SLC3A1,652.0
Q07837,K653A,0.1466,benign,SLC3A1,653.0
Q07837,K653C,0.5896,pathogenic,SLC3A1,653.0
Q07837,K653D,0.1572,benign,SLC3A1,653.0
Q07837,K653E,0.0706,benign,SLC3A1,653.0
Q07837,K653F,0.4768,ambiguous,SLC3A1,653.0
Q07837,K653G,0.1362,benign,SLC3A1,653.0
Q07837,K653H,0.197,benign,SLC3A1,653.0
Q07837,K653I,0.2488,benign,SLC3A1,653.0
Q07837,K653L,0.2215,benign,SLC3A1,653.0
Q07837,K653M,0.181,benign,SLC3A1,653.0
Q07837,K653N,0.1235,benign,SLC3A1,653.0
Q07837,K653P,0.2439,benign,SLC3A1,653.0
Q07837,K653Q,0.0921,benign,SLC3A1,653.0
Q07837,K653R,0.0685,benign,SLC3A1,653.0
Q07837,K653S,0.1372,benign,SLC3A1,653.0
Q07837,K653T,0.1054,benign,SLC3A1,653.0
Q07837,K653V,0.2158,benign,SLC3A1,653.0
Q07837,K653W,0.4519,ambiguous,SLC3A1,653.0
Q07837,K653Y,0.3504,ambiguous,SLC3A1,653.0
Q07837,N654A,0.1237,benign,SLC3A1,654.0
Q07837,N654C,0.2923,benign,SLC3A1,654.0
Q07837,N654D,0.0707,benign,SLC3A1,654.0
Q07837,N654E,0.1269,benign,SLC3A1,654.0
Q07837,N654F,0.2289,benign,SLC3A1,654.0
Q07837,N654G,0.1774,benign,SLC3A1,654.0
Q07837,N654H,0.0784,benign,SLC3A1,654.0
Q07837,N654I,0.1087,benign,SLC3A1,654.0
Q07837,N654K,0.1048,benign,SLC3A1,654.0
Q07837,N654L,0.1334,benign,SLC3A1,654.0
Q07837,N654M,0.1908,benign,SLC3A1,654.0
Q07837,N654P,0.2782,benign,SLC3A1,654.0
Q07837,N654Q,0.1415,benign,SLC3A1,654.0
Q07837,N654R,0.1285,benign,SLC3A1,654.0
Q07837,N654S,0.081,benign,SLC3A1,654.0
Q07837,N654T,0.0868,benign,SLC3A1,654.0
Q07837,N654V,0.1141,benign,SLC3A1,654.0
Q07837,N654W,0.4195,ambiguous,SLC3A1,654.0
Q07837,N654Y,0.0794,benign,SLC3A1,654.0
Q07837,L655A,0.1647,benign,SLC3A1,655.0
Q07837,L655C,0.4924,ambiguous,SLC3A1,655.0
Q07837,L655D,0.4322,ambiguous,SLC3A1,655.0
Q07837,L655E,0.222,benign,SLC3A1,655.0
Q07837,L655F,0.09,benign,SLC3A1,655.0
Q07837,L655G,0.3132,benign,SLC3A1,655.0
Q07837,L655H,0.1272,benign,SLC3A1,655.0
Q07837,L655I,0.0881,benign,SLC3A1,655.0
Q07837,L655K,0.1516,benign,SLC3A1,655.0
Q07837,L655M,0.12,benign,SLC3A1,655.0
Q07837,L655N,0.244,benign,SLC3A1,655.0
Q07837,L655P,0.0904,benign,SLC3A1,655.0
Q07837,L655Q,0.1005,benign,SLC3A1,655.0
Q07837,L655R,0.0907,benign,SLC3A1,655.0
Q07837,L655S,0.1581,benign,SLC3A1,655.0
Q07837,L655T,0.1464,benign,SLC3A1,655.0
Q07837,L655V,0.091,benign,SLC3A1,655.0
Q07837,L655W,0.1422,benign,SLC3A1,655.0
Q07837,L655Y,0.2086,benign,SLC3A1,655.0
Q07837,L656A,0.2898,benign,SLC3A1,656.0
Q07837,L656C,0.6265,pathogenic,SLC3A1,656.0
Q07837,L656D,0.7105,pathogenic,SLC3A1,656.0
Q07837,L656E,0.4123,ambiguous,SLC3A1,656.0
Q07837,L656F,0.095,benign,SLC3A1,656.0
Q07837,L656G,0.5483,ambiguous,SLC3A1,656.0
Q07837,L656H,0.2384,benign,SLC3A1,656.0
Q07837,L656I,0.1024,benign,SLC3A1,656.0
Q07837,L656K,0.3314,benign,SLC3A1,656.0
Q07837,L656M,0.157,benign,SLC3A1,656.0
Q07837,L656N,0.4898,ambiguous,SLC3A1,656.0
Q07837,L656P,0.142,benign,SLC3A1,656.0
Q07837,L656Q,0.194,benign,SLC3A1,656.0
Q07837,L656R,0.2019,benign,SLC3A1,656.0
Q07837,L656S,0.3163,benign,SLC3A1,656.0
Q07837,L656T,0.3137,benign,SLC3A1,656.0
Q07837,L656V,0.112,benign,SLC3A1,656.0
Q07837,L656W,0.1722,benign,SLC3A1,656.0
Q07837,L656Y,0.2818,benign,SLC3A1,656.0
Q07837,H657A,0.8083,pathogenic,SLC3A1,657.0
Q07837,H657C,0.6745,pathogenic,SLC3A1,657.0
Q07837,H657D,0.7675,pathogenic,SLC3A1,657.0
Q07837,H657E,0.779,pathogenic,SLC3A1,657.0
Q07837,H657F,0.6907,pathogenic,SLC3A1,657.0
Q07837,H657G,0.7339,pathogenic,SLC3A1,657.0
Q07837,H657I,0.8576,pathogenic,SLC3A1,657.0
Q07837,H657K,0.6567,pathogenic,SLC3A1,657.0
Q07837,H657L,0.4792,ambiguous,SLC3A1,657.0
Q07837,H657M,0.9246,pathogenic,SLC3A1,657.0
Q07837,H657N,0.3855,ambiguous,SLC3A1,657.0
Q07837,H657P,0.3069,benign,SLC3A1,657.0
Q07837,H657Q,0.6068,pathogenic,SLC3A1,657.0
Q07837,H657R,0.2944,benign,SLC3A1,657.0
Q07837,H657S,0.662,pathogenic,SLC3A1,657.0
Q07837,H657T,0.8557,pathogenic,SLC3A1,657.0
Q07837,H657V,0.8149,pathogenic,SLC3A1,657.0
Q07837,H657W,0.5824,pathogenic,SLC3A1,657.0
Q07837,H657Y,0.2479,benign,SLC3A1,657.0
Q07837,R658A,0.166,benign,SLC3A1,658.0
Q07837,R658C,0.1193,benign,SLC3A1,658.0
Q07837,R658D,0.1644,benign,SLC3A1,658.0
Q07837,R658E,0.1327,benign,SLC3A1,658.0
Q07837,R658F,0.2185,benign,SLC3A1,658.0
Q07837,R658G,0.0944,benign,SLC3A1,658.0
Q07837,R658H,0.0581,benign,SLC3A1,658.0
Q07837,R658I,0.1779,benign,SLC3A1,658.0
Q07837,R658K,0.0976,benign,SLC3A1,658.0
Q07837,R658L,0.1028,benign,SLC3A1,658.0
Q07837,R658M,0.2177,benign,SLC3A1,658.0
Q07837,R658N,0.1519,benign,SLC3A1,658.0
Q07837,R658P,0.2687,benign,SLC3A1,658.0
Q07837,R658Q,0.0677,benign,SLC3A1,658.0
Q07837,R658S,0.1376,benign,SLC3A1,658.0
Q07837,R658T,0.1266,benign,SLC3A1,658.0
Q07837,R658V,0.1938,benign,SLC3A1,658.0
Q07837,R658W,0.1063,benign,SLC3A1,658.0
Q07837,R658Y,0.1218,benign,SLC3A1,658.0
Q07837,Q659A,0.243,benign,SLC3A1,659.0
Q07837,Q659C,0.7021,pathogenic,SLC3A1,659.0
Q07837,Q659D,0.2097,benign,SLC3A1,659.0
Q07837,Q659E,0.0697,benign,SLC3A1,659.0
Q07837,Q659F,0.6021,pathogenic,SLC3A1,659.0
Q07837,Q659G,0.2048,benign,SLC3A1,659.0
Q07837,Q659H,0.1819,benign,SLC3A1,659.0
Q07837,Q659I,0.3875,ambiguous,SLC3A1,659.0
Q07837,Q659K,0.0845,benign,SLC3A1,659.0
Q07837,Q659L,0.1453,benign,SLC3A1,659.0
Q07837,Q659M,0.3442,ambiguous,SLC3A1,659.0
Q07837,Q659N,0.2163,benign,SLC3A1,659.0
Q07837,Q659P,0.2042,benign,SLC3A1,659.0
Q07837,Q659R,0.0931,benign,SLC3A1,659.0
Q07837,Q659S,0.2295,benign,SLC3A1,659.0
Q07837,Q659T,0.2113,benign,SLC3A1,659.0
Q07837,Q659V,0.2707,benign,SLC3A1,659.0
Q07837,Q659W,0.3952,ambiguous,SLC3A1,659.0
Q07837,Q659Y,0.3696,ambiguous,SLC3A1,659.0
Q07837,T660A,0.0639,benign,SLC3A1,660.0
Q07837,T660C,0.4793,ambiguous,SLC3A1,660.0
Q07837,T660D,0.1351,benign,SLC3A1,660.0
Q07837,T660E,0.0931,benign,SLC3A1,660.0
Q07837,T660F,0.1585,benign,SLC3A1,660.0
Q07837,T660G,0.1472,benign,SLC3A1,660.0
Q07837,T660H,0.1358,benign,SLC3A1,660.0
Q07837,T660I,0.1125,benign,SLC3A1,660.0
Q07837,T660K,0.0784,benign,SLC3A1,660.0
Q07837,T660L,0.0834,benign,SLC3A1,660.0
Q07837,T660M,0.079,benign,SLC3A1,660.0
Q07837,T660N,0.0809,benign,SLC3A1,660.0
Q07837,T660P,0.0692,benign,SLC3A1,660.0
Q07837,T660Q,0.1045,benign,SLC3A1,660.0
Q07837,T660R,0.0745,benign,SLC3A1,660.0
Q07837,T660S,0.0854,benign,SLC3A1,660.0
Q07837,T660V,0.1014,benign,SLC3A1,660.0
Q07837,T660W,0.3217,benign,SLC3A1,660.0
Q07837,T660Y,0.1716,benign,SLC3A1,660.0
Q07837,A661C,0.508,ambiguous,SLC3A1,661.0
Q07837,A661D,0.0993,benign,SLC3A1,661.0
Q07837,A661E,0.1047,benign,SLC3A1,661.0
Q07837,A661F,0.1949,benign,SLC3A1,661.0
Q07837,A661G,0.1099,benign,SLC3A1,661.0
Q07837,A661H,0.2327,benign,SLC3A1,661.0
Q07837,A661I,0.1464,benign,SLC3A1,661.0
Q07837,A661K,0.1735,benign,SLC3A1,661.0
Q07837,A661L,0.1241,benign,SLC3A1,661.0
Q07837,A661M,0.1737,benign,SLC3A1,661.0
Q07837,A661N,0.1315,benign,SLC3A1,661.0
Q07837,A661P,0.1048,benign,SLC3A1,661.0
Q07837,A661Q,0.1757,benign,SLC3A1,661.0
Q07837,A661R,0.1563,benign,SLC3A1,661.0
Q07837,A661S,0.0788,benign,SLC3A1,661.0
Q07837,A661T,0.0731,benign,SLC3A1,661.0
Q07837,A661V,0.0928,benign,SLC3A1,661.0
Q07837,A661W,0.4229,ambiguous,SLC3A1,661.0
Q07837,A661Y,0.2438,benign,SLC3A1,661.0
Q07837,F662A,0.334,benign,SLC3A1,662.0
Q07837,F662C,0.3953,ambiguous,SLC3A1,662.0
Q07837,F662D,0.452,ambiguous,SLC3A1,662.0
Q07837,F662E,0.5455,ambiguous,SLC3A1,662.0
Q07837,F662G,0.4959,ambiguous,SLC3A1,662.0
Q07837,F662H,0.381,ambiguous,SLC3A1,662.0
Q07837,F662I,0.1615,benign,SLC3A1,662.0
Q07837,F662K,0.5841,pathogenic,SLC3A1,662.0
Q07837,F662L,0.5783,pathogenic,SLC3A1,662.0
Q07837,F662M,0.3784,ambiguous,SLC3A1,662.0
Q07837,F662N,0.3597,ambiguous,SLC3A1,662.0
Q07837,F662P,0.7733,pathogenic,SLC3A1,662.0
Q07837,F662Q,0.5063,ambiguous,SLC3A1,662.0
Q07837,F662R,0.4747,ambiguous,SLC3A1,662.0
Q07837,F662S,0.1891,benign,SLC3A1,662.0
Q07837,F662T,0.3516,ambiguous,SLC3A1,662.0
Q07837,F662V,0.1649,benign,SLC3A1,662.0
Q07837,F662W,0.309,benign,SLC3A1,662.0
Q07837,F662Y,0.139,benign,SLC3A1,662.0
Q07837,R663A,0.1398,benign,SLC3A1,663.0
Q07837,R663C,0.2597,benign,SLC3A1,663.0
Q07837,R663D,0.2534,benign,SLC3A1,663.0
Q07837,R663E,0.1216,benign,SLC3A1,663.0
Q07837,R663F,0.3238,benign,SLC3A1,663.0
Q07837,R663G,0.0814,benign,SLC3A1,663.0
Q07837,R663H,0.0888,benign,SLC3A1,663.0
Q07837,R663I,0.163,benign,SLC3A1,663.0
Q07837,R663K,0.0698,benign,SLC3A1,663.0
Q07837,R663L,0.1385,benign,SLC3A1,663.0
Q07837,R663M,0.155,benign,SLC3A1,663.0
Q07837,R663N,0.2346,benign,SLC3A1,663.0
Q07837,R663P,0.2367,benign,SLC3A1,663.0
Q07837,R663Q,0.0738,benign,SLC3A1,663.0
Q07837,R663S,0.1518,benign,SLC3A1,663.0
Q07837,R663T,0.0992,benign,SLC3A1,663.0
Q07837,R663V,0.2002,benign,SLC3A1,663.0
Q07837,R663W,0.1141,benign,SLC3A1,663.0
Q07837,R663Y,0.2459,benign,SLC3A1,663.0
Q07837,D664A,0.1439,benign,SLC3A1,664.0
Q07837,D664C,0.4953,ambiguous,SLC3A1,664.0
Q07837,D664E,0.1101,benign,SLC3A1,664.0
Q07837,D664F,0.3799,ambiguous,SLC3A1,664.0
Q07837,D664G,0.0758,benign,SLC3A1,664.0
Q07837,D664H,0.1341,benign,SLC3A1,664.0
Q07837,D664I,0.3207,benign,SLC3A1,664.0
Q07837,D664K,0.1694,benign,SLC3A1,664.0
Q07837,D664L,0.2671,benign,SLC3A1,664.0
Q07837,D664M,0.4842,ambiguous,SLC3A1,664.0
Q07837,D664N,0.0802,benign,SLC3A1,664.0
Q07837,D664P,0.3478,ambiguous,SLC3A1,664.0
Q07837,D664Q,0.1723,benign,SLC3A1,664.0
Q07837,D664R,0.1702,benign,SLC3A1,664.0
Q07837,D664S,0.0953,benign,SLC3A1,664.0
Q07837,D664T,0.2003,benign,SLC3A1,664.0
Q07837,D664V,0.1952,benign,SLC3A1,664.0
Q07837,D664W,0.5976,pathogenic,SLC3A1,664.0
Q07837,D664Y,0.1384,benign,SLC3A1,664.0
Q07837,R665A,0.1664,benign,SLC3A1,665.0
Q07837,R665C,0.2276,benign,SLC3A1,665.0
Q07837,R665D,0.2613,benign,SLC3A1,665.0
Q07837,R665E,0.1439,benign,SLC3A1,665.0
Q07837,R665F,0.3242,benign,SLC3A1,665.0
Q07837,R665G,0.1,benign,SLC3A1,665.0
Q07837,R665H,0.0878,benign,SLC3A1,665.0
Q07837,R665I,0.152,benign,SLC3A1,665.0
Q07837,R665K,0.0723,benign,SLC3A1,665.0
Q07837,R665L,0.1459,benign,SLC3A1,665.0
Q07837,R665M,0.141,benign,SLC3A1,665.0
Q07837,R665N,0.2123,benign,SLC3A1,665.0
Q07837,R665P,0.5952,pathogenic,SLC3A1,665.0
Q07837,R665Q,0.0774,benign,SLC3A1,665.0
Q07837,R665S,0.1535,benign,SLC3A1,665.0
Q07837,R665T,0.0984,benign,SLC3A1,665.0
Q07837,R665V,0.2096,benign,SLC3A1,665.0
Q07837,R665W,0.1456,benign,SLC3A1,665.0
Q07837,R665Y,0.2488,benign,SLC3A1,665.0
Q07837,C666A,0.9779,pathogenic,SLC3A1,666.0
Q07837,C666D,0.9931,pathogenic,SLC3A1,666.0
Q07837,C666E,0.9951,pathogenic,SLC3A1,666.0
Q07837,C666F,0.9214,pathogenic,SLC3A1,666.0
Q07837,C666G,0.8726,pathogenic,SLC3A1,666.0
Q07837,C666H,0.9856,pathogenic,SLC3A1,666.0
Q07837,C666I,0.975,pathogenic,SLC3A1,666.0
Q07837,C666K,0.996,pathogenic,SLC3A1,666.0
Q07837,C666L,0.9647,pathogenic,SLC3A1,666.0
Q07837,C666M,0.9893,pathogenic,SLC3A1,666.0
Q07837,C666N,0.9896,pathogenic,SLC3A1,666.0
Q07837,C666P,0.9915,pathogenic,SLC3A1,666.0
Q07837,C666Q,0.9936,pathogenic,SLC3A1,666.0
Q07837,C666R,0.9676,pathogenic,SLC3A1,666.0
Q07837,C666S,0.9764,pathogenic,SLC3A1,666.0
Q07837,C666T,0.9882,pathogenic,SLC3A1,666.0
Q07837,C666V,0.9715,pathogenic,SLC3A1,666.0
Q07837,C666W,0.9623,pathogenic,SLC3A1,666.0
Q07837,C666Y,0.9417,pathogenic,SLC3A1,666.0
Q07837,F667A,0.6022,pathogenic,SLC3A1,667.0
Q07837,F667C,0.7119,pathogenic,SLC3A1,667.0
Q07837,F667D,0.8495,pathogenic,SLC3A1,667.0
Q07837,F667E,0.8374,pathogenic,SLC3A1,667.0
Q07837,F667G,0.8292,pathogenic,SLC3A1,667.0
Q07837,F667H,0.5192,ambiguous,SLC3A1,667.0
Q07837,F667I,0.3076,benign,SLC3A1,667.0
Q07837,F667K,0.7841,pathogenic,SLC3A1,667.0
Q07837,F667L,0.8311,pathogenic,SLC3A1,667.0
Q07837,F667M,0.6337,pathogenic,SLC3A1,667.0
Q07837,F667N,0.7201,pathogenic,SLC3A1,667.0
Q07837,F667P,0.9792,pathogenic,SLC3A1,667.0
Q07837,F667Q,0.7608,pathogenic,SLC3A1,667.0
Q07837,F667R,0.6289,pathogenic,SLC3A1,667.0
Q07837,F667S,0.4285,ambiguous,SLC3A1,667.0
Q07837,F667T,0.587,pathogenic,SLC3A1,667.0
Q07837,F667V,0.3046,benign,SLC3A1,667.0
Q07837,F667W,0.4839,ambiguous,SLC3A1,667.0
Q07837,F667Y,0.1747,benign,SLC3A1,667.0
Q07837,V668A,0.3032,benign,SLC3A1,668.0
Q07837,V668C,0.8755,pathogenic,SLC3A1,668.0
Q07837,V668D,0.5427,ambiguous,SLC3A1,668.0
Q07837,V668E,0.3835,ambiguous,SLC3A1,668.0
Q07837,V668F,0.2018,benign,SLC3A1,668.0
Q07837,V668G,0.3933,ambiguous,SLC3A1,668.0
Q07837,V668H,0.6204,pathogenic,SLC3A1,668.0
Q07837,V668I,0.0729,benign,SLC3A1,668.0
Q07837,V668K,0.406,ambiguous,SLC3A1,668.0
Q07837,V668L,0.2008,benign,SLC3A1,668.0
Q07837,V668M,0.2333,benign,SLC3A1,668.0
Q07837,V668N,0.44,ambiguous,SLC3A1,668.0
Q07837,V668P,0.522,ambiguous,SLC3A1,668.0
Q07837,V668Q,0.3957,ambiguous,SLC3A1,668.0
Q07837,V668R,0.3144,benign,SLC3A1,668.0
Q07837,V668S,0.3283,benign,SLC3A1,668.0
Q07837,V668T,0.3088,benign,SLC3A1,668.0
Q07837,V668W,0.801,pathogenic,SLC3A1,668.0
Q07837,V668Y,0.5807,pathogenic,SLC3A1,668.0
Q07837,S669A,0.0968,benign,SLC3A1,669.0
Q07837,S669C,0.4418,ambiguous,SLC3A1,669.0
Q07837,S669D,0.8504,pathogenic,SLC3A1,669.0
Q07837,S669E,0.8421,pathogenic,SLC3A1,669.0
Q07837,S669F,0.5596,ambiguous,SLC3A1,669.0
Q07837,S669G,0.2068,benign,SLC3A1,669.0
Q07837,S669H,0.781,pathogenic,SLC3A1,669.0
Q07837,S669I,0.5942,pathogenic,SLC3A1,669.0
Q07837,S669K,0.9489,pathogenic,SLC3A1,669.0
Q07837,S669L,0.2811,benign,SLC3A1,669.0
Q07837,S669M,0.5596,ambiguous,SLC3A1,669.0
Q07837,S669N,0.5673,pathogenic,SLC3A1,669.0
Q07837,S669P,0.3873,ambiguous,SLC3A1,669.0
Q07837,S669Q,0.82,pathogenic,SLC3A1,669.0
Q07837,S669R,0.901,pathogenic,SLC3A1,669.0
Q07837,S669T,0.2094,benign,SLC3A1,669.0
Q07837,S669V,0.458,ambiguous,SLC3A1,669.0
Q07837,S669W,0.6593,pathogenic,SLC3A1,669.0
Q07837,S669Y,0.5139,ambiguous,SLC3A1,669.0
Q07837,N670A,0.154,benign,SLC3A1,670.0
Q07837,N670C,0.3646,ambiguous,SLC3A1,670.0
Q07837,N670D,0.0892,benign,SLC3A1,670.0
Q07837,N670E,0.1597,benign,SLC3A1,670.0
Q07837,N670F,0.3593,ambiguous,SLC3A1,670.0
Q07837,N670G,0.183,benign,SLC3A1,670.0
Q07837,N670H,0.0854,benign,SLC3A1,670.0
Q07837,N670I,0.189,benign,SLC3A1,670.0
Q07837,N670K,0.1478,benign,SLC3A1,670.0
Q07837,N670L,0.1868,benign,SLC3A1,670.0
Q07837,N670M,0.2911,benign,SLC3A1,670.0
Q07837,N670P,0.4234,ambiguous,SLC3A1,670.0
Q07837,N670Q,0.1707,benign,SLC3A1,670.0
Q07837,N670R,0.1546,benign,SLC3A1,670.0
Q07837,N670S,0.061,benign,SLC3A1,670.0
Q07837,N670T,0.1033,benign,SLC3A1,670.0
Q07837,N670V,0.1799,benign,SLC3A1,670.0
Q07837,N670W,0.5296,ambiguous,SLC3A1,670.0
Q07837,N670Y,0.1213,benign,SLC3A1,670.0
Q07837,R671A,0.2303,benign,SLC3A1,671.0
Q07837,R671C,0.2724,benign,SLC3A1,671.0
Q07837,R671D,0.3703,ambiguous,SLC3A1,671.0
Q07837,R671E,0.1813,benign,SLC3A1,671.0
Q07837,R671F,0.3843,ambiguous,SLC3A1,671.0
Q07837,R671G,0.1448,benign,SLC3A1,671.0
Q07837,R671H,0.0857,benign,SLC3A1,671.0
Q07837,R671I,0.2447,benign,SLC3A1,671.0
Q07837,R671K,0.0808,benign,SLC3A1,671.0
Q07837,R671L,0.1785,benign,SLC3A1,671.0
Q07837,R671M,0.2722,benign,SLC3A1,671.0
Q07837,R671N,0.326,benign,SLC3A1,671.0
Q07837,R671P,0.1983,benign,SLC3A1,671.0
Q07837,R671Q,0.0875,benign,SLC3A1,671.0
Q07837,R671S,0.2568,benign,SLC3A1,671.0
Q07837,R671T,0.161,benign,SLC3A1,671.0
Q07837,R671V,0.2855,benign,SLC3A1,671.0
Q07837,R671W,0.1468,benign,SLC3A1,671.0
Q07837,R671Y,0.2481,benign,SLC3A1,671.0
Q07837,A672C,0.8693,pathogenic,SLC3A1,672.0
Q07837,A672D,0.6384,pathogenic,SLC3A1,672.0
Q07837,A672E,0.5951,pathogenic,SLC3A1,672.0
Q07837,A672F,0.5815,pathogenic,SLC3A1,672.0
Q07837,A672G,0.2328,benign,SLC3A1,672.0
Q07837,A672H,0.7697,pathogenic,SLC3A1,672.0
Q07837,A672I,0.5377,ambiguous,SLC3A1,672.0
Q07837,A672K,0.7875,pathogenic,SLC3A1,672.0
Q07837,A672L,0.4559,ambiguous,SLC3A1,672.0
Q07837,A672M,0.5981,pathogenic,SLC3A1,672.0
Q07837,A672N,0.5988,pathogenic,SLC3A1,672.0
Q07837,A672P,0.4842,ambiguous,SLC3A1,672.0
Q07837,A672Q,0.669,pathogenic,SLC3A1,672.0
Q07837,A672R,0.6675,pathogenic,SLC3A1,672.0
Q07837,A672S,0.1494,benign,SLC3A1,672.0
Q07837,A672T,0.2255,benign,SLC3A1,672.0
Q07837,A672V,0.2752,benign,SLC3A1,672.0
Q07837,A672W,0.9033,pathogenic,SLC3A1,672.0
Q07837,A672Y,0.7041,pathogenic,SLC3A1,672.0
Q07837,C673A,0.9498,pathogenic,SLC3A1,673.0
Q07837,C673D,0.9831,pathogenic,SLC3A1,673.0
Q07837,C673E,0.9854,pathogenic,SLC3A1,673.0
Q07837,C673F,0.8296,pathogenic,SLC3A1,673.0
Q07837,C673G,0.7967,pathogenic,SLC3A1,673.0
Q07837,C673H,0.9479,pathogenic,SLC3A1,673.0
Q07837,C673I,0.9668,pathogenic,SLC3A1,673.0
Q07837,C673K,0.9866,pathogenic,SLC3A1,673.0
Q07837,C673L,0.952,pathogenic,SLC3A1,673.0
Q07837,C673M,0.9805,pathogenic,SLC3A1,673.0
Q07837,C673N,0.9716,pathogenic,SLC3A1,673.0
Q07837,C673P,0.9888,pathogenic,SLC3A1,673.0
Q07837,C673Q,0.9747,pathogenic,SLC3A1,673.0
Q07837,C673R,0.8973,pathogenic,SLC3A1,673.0
Q07837,C673S,0.9225,pathogenic,SLC3A1,673.0
Q07837,C673T,0.9718,pathogenic,SLC3A1,673.0
Q07837,C673V,0.9553,pathogenic,SLC3A1,673.0
Q07837,C673W,0.9166,pathogenic,SLC3A1,673.0
Q07837,C673Y,0.8935,pathogenic,SLC3A1,673.0
Q07837,Y674A,0.7337,pathogenic,SLC3A1,674.0
Q07837,Y674C,0.496,ambiguous,SLC3A1,674.0
Q07837,Y674D,0.6358,pathogenic,SLC3A1,674.0
Q07837,Y674E,0.8434,pathogenic,SLC3A1,674.0
Q07837,Y674F,0.1064,benign,SLC3A1,674.0
Q07837,Y674G,0.7038,pathogenic,SLC3A1,674.0
Q07837,Y674H,0.3025,benign,SLC3A1,674.0
Q07837,Y674I,0.6715,pathogenic,SLC3A1,674.0
Q07837,Y674K,0.8059,pathogenic,SLC3A1,674.0
Q07837,Y674L,0.6174,pathogenic,SLC3A1,674.0
Q07837,Y674M,0.8438,pathogenic,SLC3A1,674.0
Q07837,Y674N,0.4551,ambiguous,SLC3A1,674.0
Q07837,Y674P,0.9067,pathogenic,SLC3A1,674.0
Q07837,Y674Q,0.7174,pathogenic,SLC3A1,674.0
Q07837,Y674R,0.5571,ambiguous,SLC3A1,674.0
Q07837,Y674S,0.3695,ambiguous,SLC3A1,674.0
Q07837,Y674T,0.7085,pathogenic,SLC3A1,674.0
Q07837,Y674V,0.5581,ambiguous,SLC3A1,674.0
Q07837,Y674W,0.4897,ambiguous,SLC3A1,674.0
Q07837,S675A,0.1205,benign,SLC3A1,675.0
Q07837,S675C,0.2584,benign,SLC3A1,675.0
Q07837,S675D,0.575,pathogenic,SLC3A1,675.0
Q07837,S675E,0.7038,pathogenic,SLC3A1,675.0
Q07837,S675F,0.2102,benign,SLC3A1,675.0
Q07837,S675G,0.1476,benign,SLC3A1,675.0
Q07837,S675H,0.448,ambiguous,SLC3A1,675.0
Q07837,S675I,0.2618,benign,SLC3A1,675.0
Q07837,S675K,0.8015,pathogenic,SLC3A1,675.0
Q07837,S675L,0.1193,benign,SLC3A1,675.0
Q07837,S675M,0.3063,benign,SLC3A1,675.0
Q07837,S675N,0.2941,benign,SLC3A1,675.0
Q07837,S675P,0.5001,ambiguous,SLC3A1,675.0
Q07837,S675Q,0.6593,pathogenic,SLC3A1,675.0
Q07837,S675R,0.7061,pathogenic,SLC3A1,675.0
Q07837,S675T,0.1205,benign,SLC3A1,675.0
Q07837,S675V,0.245,benign,SLC3A1,675.0
Q07837,S675W,0.2646,benign,SLC3A1,675.0
Q07837,S675Y,0.1822,benign,SLC3A1,675.0
Q07837,S676A,0.0793,benign,SLC3A1,676.0
Q07837,S676C,0.2843,benign,SLC3A1,676.0
Q07837,S676D,0.1647,benign,SLC3A1,676.0
Q07837,S676E,0.2053,benign,SLC3A1,676.0
Q07837,S676F,0.2245,benign,SLC3A1,676.0
Q07837,S676G,0.0716,benign,SLC3A1,676.0
Q07837,S676H,0.1681,benign,SLC3A1,676.0
Q07837,S676I,0.1986,benign,SLC3A1,676.0
Q07837,S676K,0.1946,benign,SLC3A1,676.0
Q07837,S676L,0.1421,benign,SLC3A1,676.0
Q07837,S676M,0.233,benign,SLC3A1,676.0
Q07837,S676N,0.1077,benign,SLC3A1,676.0
Q07837,S676P,0.0711,benign,SLC3A1,676.0
Q07837,S676Q,0.2187,benign,SLC3A1,676.0
Q07837,S676R,0.1531,benign,SLC3A1,676.0
Q07837,S676T,0.0808,benign,SLC3A1,676.0
Q07837,S676V,0.1923,benign,SLC3A1,676.0
Q07837,S676W,0.2238,benign,SLC3A1,676.0
Q07837,S676Y,0.1536,benign,SLC3A1,676.0
Q07837,V677A,0.0632,benign,SLC3A1,677.0
Q07837,V677C,0.5166,ambiguous,SLC3A1,677.0
Q07837,V677D,0.1299,benign,SLC3A1,677.0
Q07837,V677E,0.1429,benign,SLC3A1,677.0
Q07837,V677F,0.0596,benign,SLC3A1,677.0
Q07837,V677G,0.0821,benign,SLC3A1,677.0
Q07837,V677H,0.233,benign,SLC3A1,677.0
Q07837,V677I,0.0698,benign,SLC3A1,677.0
Q07837,V677K,0.145,benign,SLC3A1,677.0
Q07837,V677L,0.0875,benign,SLC3A1,677.0
Q07837,V677M,0.0903,benign,SLC3A1,677.0
Q07837,V677N,0.1215,benign,SLC3A1,677.0
Q07837,V677P,0.1601,benign,SLC3A1,677.0
Q07837,V677Q,0.1697,benign,SLC3A1,677.0
Q07837,V677R,0.1271,benign,SLC3A1,677.0
Q07837,V677S,0.0772,benign,SLC3A1,677.0
Q07837,V677T,0.0848,benign,SLC3A1,677.0
Q07837,V677W,0.3171,benign,SLC3A1,677.0
Q07837,V677Y,0.1974,benign,SLC3A1,677.0
Q07837,L678A,0.222,benign,SLC3A1,678.0
Q07837,L678C,0.4282,ambiguous,SLC3A1,678.0
Q07837,L678D,0.7056,pathogenic,SLC3A1,678.0
Q07837,L678E,0.4891,ambiguous,SLC3A1,678.0
Q07837,L678F,0.0549,benign,SLC3A1,678.0
Q07837,L678G,0.3586,ambiguous,SLC3A1,678.0
Q07837,L678H,0.321,benign,SLC3A1,678.0
Q07837,L678I,0.1014,benign,SLC3A1,678.0
Q07837,L678K,0.4392,ambiguous,SLC3A1,678.0
Q07837,L678M,0.1132,benign,SLC3A1,678.0
Q07837,L678N,0.4846,ambiguous,SLC3A1,678.0
Q07837,L678P,0.3453,ambiguous,SLC3A1,678.0
Q07837,L678Q,0.2565,benign,SLC3A1,678.0
Q07837,L678R,0.2868,benign,SLC3A1,678.0
Q07837,L678S,0.2711,benign,SLC3A1,678.0
Q07837,L678T,0.2458,benign,SLC3A1,678.0
Q07837,L678V,0.102,benign,SLC3A1,678.0
Q07837,L678W,0.0949,benign,SLC3A1,678.0
Q07837,L678Y,0.2501,benign,SLC3A1,678.0
Q07837,N679A,0.2283,benign,SLC3A1,679.0
Q07837,N679C,0.5092,ambiguous,SLC3A1,679.0
Q07837,N679D,0.0546,benign,SLC3A1,679.0
Q07837,N679E,0.2322,benign,SLC3A1,679.0
Q07837,N679F,0.573,pathogenic,SLC3A1,679.0
Q07837,N679G,0.1382,benign,SLC3A1,679.0
Q07837,N679H,0.0885,benign,SLC3A1,679.0
Q07837,N679I,0.4874,ambiguous,SLC3A1,679.0
Q07837,N679K,0.1895,benign,SLC3A1,679.0
Q07837,N679L,0.3579,ambiguous,SLC3A1,679.0
Q07837,N679M,0.4918,ambiguous,SLC3A1,679.0
Q07837,N679P,0.4348,ambiguous,SLC3A1,679.0
Q07837,N679Q,0.2151,benign,SLC3A1,679.0
Q07837,N679R,0.207,benign,SLC3A1,679.0
Q07837,N679S,0.0826,benign,SLC3A1,679.0
Q07837,N679T,0.1943,benign,SLC3A1,679.0
Q07837,N679V,0.4415,ambiguous,SLC3A1,679.0
Q07837,N679W,0.6432,pathogenic,SLC3A1,679.0
Q07837,N679Y,0.1756,benign,SLC3A1,679.0
Q07837,I680A,0.4279,ambiguous,SLC3A1,680.0
Q07837,I680C,0.7546,pathogenic,SLC3A1,680.0
Q07837,I680D,0.7514,pathogenic,SLC3A1,680.0
Q07837,I680E,0.7124,pathogenic,SLC3A1,680.0
Q07837,I680F,0.0953,benign,SLC3A1,680.0
Q07837,I680G,0.6399,pathogenic,SLC3A1,680.0
Q07837,I680H,0.5319,ambiguous,SLC3A1,680.0
Q07837,I680K,0.477,ambiguous,SLC3A1,680.0
Q07837,I680L,0.0678,benign,SLC3A1,680.0
Q07837,I680M,0.1039,benign,SLC3A1,680.0
Q07837,I680N,0.3562,ambiguous,SLC3A1,680.0
Q07837,I680P,0.7621,pathogenic,SLC3A1,680.0
Q07837,I680Q,0.5674,pathogenic,SLC3A1,680.0
Q07837,I680R,0.3564,ambiguous,SLC3A1,680.0
Q07837,I680S,0.3914,ambiguous,SLC3A1,680.0
Q07837,I680T,0.3799,ambiguous,SLC3A1,680.0
Q07837,I680V,0.0947,benign,SLC3A1,680.0
Q07837,I680W,0.5746,pathogenic,SLC3A1,680.0
Q07837,I680Y,0.3656,ambiguous,SLC3A1,680.0
Q07837,L681A,0.5913,pathogenic,SLC3A1,681.0
Q07837,L681C,0.8887,pathogenic,SLC3A1,681.0
Q07837,L681D,0.9454,pathogenic,SLC3A1,681.0
Q07837,L681E,0.7264,pathogenic,SLC3A1,681.0
Q07837,L681F,0.2328,benign,SLC3A1,681.0
Q07837,L681G,0.8083,pathogenic,SLC3A1,681.0
Q07837,L681H,0.6006,pathogenic,SLC3A1,681.0
Q07837,L681I,0.1992,benign,SLC3A1,681.0
Q07837,L681K,0.6384,pathogenic,SLC3A1,681.0
Q07837,L681M,0.2489,benign,SLC3A1,681.0
Q07837,L681N,0.8153,pathogenic,SLC3A1,681.0
Q07837,L681P,0.6036,pathogenic,SLC3A1,681.0
Q07837,L681Q,0.4595,ambiguous,SLC3A1,681.0
Q07837,L681R,0.4292,ambiguous,SLC3A1,681.0
Q07837,L681S,0.6578,pathogenic,SLC3A1,681.0
Q07837,L681T,0.5311,ambiguous,SLC3A1,681.0
Q07837,L681V,0.2171,benign,SLC3A1,681.0
Q07837,L681W,0.503,ambiguous,SLC3A1,681.0
Q07837,L681Y,0.6653,pathogenic,SLC3A1,681.0
Q07837,Y682A,0.3482,ambiguous,SLC3A1,682.0
Q07837,Y682C,0.2079,benign,SLC3A1,682.0
Q07837,Y682D,0.2024,benign,SLC3A1,682.0
Q07837,Y682E,0.3819,ambiguous,SLC3A1,682.0
Q07837,Y682F,0.1002,benign,SLC3A1,682.0
Q07837,Y682G,0.2698,benign,SLC3A1,682.0
Q07837,Y682H,0.0676,benign,SLC3A1,682.0
Q07837,Y682I,0.3824,ambiguous,SLC3A1,682.0
Q07837,Y682K,0.366,ambiguous,SLC3A1,682.0
Q07837,Y682L,0.2984,benign,SLC3A1,682.0
Q07837,Y682M,0.5589,ambiguous,SLC3A1,682.0
Q07837,Y682N,0.1225,benign,SLC3A1,682.0
Q07837,Y682P,0.5505,ambiguous,SLC3A1,682.0
Q07837,Y682Q,0.2264,benign,SLC3A1,682.0
Q07837,Y682R,0.1907,benign,SLC3A1,682.0
Q07837,Y682S,0.1391,benign,SLC3A1,682.0
Q07837,Y682T,0.3015,benign,SLC3A1,682.0
Q07837,Y682V,0.293,benign,SLC3A1,682.0
Q07837,Y682W,0.3001,benign,SLC3A1,682.0
Q07837,T683A,0.0634,benign,SLC3A1,683.0
Q07837,T683C,0.3192,benign,SLC3A1,683.0
Q07837,T683D,0.1502,benign,SLC3A1,683.0
Q07837,T683E,0.1528,benign,SLC3A1,683.0
Q07837,T683F,0.1187,benign,SLC3A1,683.0
Q07837,T683G,0.1131,benign,SLC3A1,683.0
Q07837,T683H,0.1108,benign,SLC3A1,683.0
Q07837,T683I,0.1054,benign,SLC3A1,683.0
Q07837,T683K,0.0994,benign,SLC3A1,683.0
Q07837,T683L,0.0787,benign,SLC3A1,683.0
Q07837,T683M,0.0952,benign,SLC3A1,683.0
Q07837,T683N,0.0704,benign,SLC3A1,683.0
Q07837,T683P,0.0732,benign,SLC3A1,683.0
Q07837,T683Q,0.1265,benign,SLC3A1,683.0
Q07837,T683R,0.0799,benign,SLC3A1,683.0
Q07837,T683S,0.0649,benign,SLC3A1,683.0
Q07837,T683V,0.0992,benign,SLC3A1,683.0
Q07837,T683W,0.2664,benign,SLC3A1,683.0
Q07837,T683Y,0.1107,benign,SLC3A1,683.0
Q07837,S684A,0.0717,benign,SLC3A1,684.0
Q07837,S684C,0.1677,benign,SLC3A1,684.0
Q07837,S684D,0.1786,benign,SLC3A1,684.0
Q07837,S684E,0.2207,benign,SLC3A1,684.0
Q07837,S684F,0.0998,benign,SLC3A1,684.0
Q07837,S684G,0.0842,benign,SLC3A1,684.0
Q07837,S684H,0.1497,benign,SLC3A1,684.0
Q07837,S684I,0.1104,benign,SLC3A1,684.0
Q07837,S684K,0.2296,benign,SLC3A1,684.0
Q07837,S684L,0.0767,benign,SLC3A1,684.0
Q07837,S684M,0.1567,benign,SLC3A1,684.0
Q07837,S684N,0.1065,benign,SLC3A1,684.0
Q07837,S684P,0.0849,benign,SLC3A1,684.0
Q07837,S684Q,0.215,benign,SLC3A1,684.0
Q07837,S684R,0.1818,benign,SLC3A1,684.0
Q07837,S684T,0.079,benign,SLC3A1,684.0
Q07837,S684V,0.1077,benign,SLC3A1,684.0
Q07837,S684W,0.1185,benign,SLC3A1,684.0
Q07837,S684Y,0.0903,benign,SLC3A1,684.0
Q07837,C685A,0.663,pathogenic,SLC3A1,685.0
Q07837,C685D,0.7993,pathogenic,SLC3A1,685.0
Q07837,C685E,0.8668,pathogenic,SLC3A1,685.0
Q07837,C685F,0.3819,ambiguous,SLC3A1,685.0
Q07837,C685G,0.4041,ambiguous,SLC3A1,685.0
Q07837,C685H,0.7665,pathogenic,SLC3A1,685.0
Q07837,C685I,0.7159,pathogenic,SLC3A1,685.0
Q07837,C685K,0.8705,pathogenic,SLC3A1,685.0
Q07837,C685L,0.6224,pathogenic,SLC3A1,685.0
Q07837,C685M,0.7999,pathogenic,SLC3A1,685.0
Q07837,C685N,0.7795,pathogenic,SLC3A1,685.0
Q07837,C685P,0.797,pathogenic,SLC3A1,685.0
Q07837,C685Q,0.7995,pathogenic,SLC3A1,685.0
Q07837,C685R,0.6513,pathogenic,SLC3A1,685.0
Q07837,C685S,0.5848,pathogenic,SLC3A1,685.0
Q07837,C685T,0.7253,pathogenic,SLC3A1,685.0
Q07837,C685V,0.6693,pathogenic,SLC3A1,685.0
Q07837,C685W,0.6802,pathogenic,SLC3A1,685.0
Q07837,C685Y,0.56,ambiguous,SLC3A1,685.0
